nohup: ignoring input
=== 세션 15개, 세션당 yaw 12 x 방향당 15 = 180조건 (조건당 관측 15초) ===
=== 총 예상 조건 수: 2700 ===
=== 세션들을 합친 yaw 해상도: 180지점 (2.00도 간격) ===
=== 예상 총 소요시간: 약 13.4시간 (대략적인 추정치) ===
=== 세션당 강제종료 타임아웃: 4196초 ===
=== 그래프 저장 폴더: /home/ssh2003/MyProjects/quad-pinn-project/figures/wind_random_20260814_014422_n12x15_td15 ===

############################################################
# 세션 8/15
############################################################
  [SITL] 기존 프로세스 정리 중 (정상종료 시도)...
  [SITL] 강제 정리 (남아있는 프로세스 있으면)...
  [SITL] 재시작 중...
  [SITL] px4 프로세스 감지됨 (1s). 안정화 대기 15s...
  [수집] 시작 (seed=8042, yaw-offset=14.000도, 시도 1/3, 타임아웃 4196초)
PX4 SITL에 연결 시도 중...
-> 드론에 연결됨!
GPS/홈 위치 확인 중...
-> 전역 위치 및 홈 위치 준비 완료

[확인] PX4 SITL이 'windy' 월드로 실행 중인지 확인할 것.

--- Arming ---
-> Armed

--- Takeoff ---
  안전 고도(1.5m) 도달 대기 중...
  -> 안전 고도 도달 (relative_altitude=1.51m)

--- Offboard 진입 준비: 초기 setpoint(현재 위치 고정) 전송 ---

--- Offboard 모드 시작 ---

CSV 로그 저장 경로: ../../logs/wind_random_20260814_014450_yaw14p0_n12x15_speed0-10_seed8042.csv

yaw 12방향(offset=14.0도) x 방향당 바람조건 15개 = 총 180개 수집 시작 (조건당 15초, 예상 총 소요 51.0분 + yaw 회전 시간)

============================================================
=== yaw 1/12: 목표 14도로 회전 중 (현재 93.1도) ===
============================================================
  -> yaw 13.5도로 안정화
  [1/180] yaw= 14.0 wind=( 0.12,-3.34) speed= 3.3m/s  roll= -0.9 pitch= -2.2
  [2/180] yaw= 14.0 wind=(-0.59,-4.36) speed= 4.4m/s  roll= -0.5 pitch= -3.1
  [3/180] yaw= 14.0 wind=(-8.08, 5.58) speed= 9.8m/s  roll=  6.7 pitch=  1.6
  [4/180] yaw= 14.0 wind=( 0.61, 1.23) speed= 1.4m/s  roll= -0.2 pitch=  1.0
  [5/180] yaw= 14.0 wind=(-3.32, 1.15) speed= 3.5m/s  roll=  2.6 pitch= -0.0
  [6/180] yaw= 14.0 wind=(-7.50, 1.60) speed= 7.7m/s  roll=  5.0 pitch= -1.2
  [7/180] yaw= 14.0 wind=( 0.80,-2.52) speed= 2.6m/s  roll= -1.0 pitch= -1.3
  [8/180] yaw= 14.0 wind=(-3.47,-4.67) speed= 5.8m/s  roll=  1.1 pitch= -3.7
  [9/180] yaw= 14.0 wind=( 5.55,-5.01) speed= 7.5m/s  roll= -4.6 pitch= -2.1
  [10/180] yaw= 14.0 wind=( 0.01, 0.00) speed= 0.0m/s  roll= -0.1 pitch=  0.2
  [11/180] yaw= 14.0 wind=(-1.19,-0.85) speed= 1.5m/s  roll=  0.6 pitch= -0.5
  [12/180] yaw= 14.0 wind=(-1.76, 3.90) speed= 4.3m/s  roll=  2.1 pitch=  2.2
  [13/180] yaw= 14.0 wind=( 3.61, 5.27) speed= 6.4m/s  roll= -1.5 pitch=  4.2
  [14/180] yaw= 14.0 wind=(-0.53,-0.72) speed= 0.9m/s  roll=  0.1 pitch= -0.5
  [15/180] yaw= 14.0 wind=(-5.16,-1.16) speed= 5.3m/s  roll=  3.1 pitch= -2.0

============================================================
=== yaw 2/12: 목표 44도로 회전 중 (현재 14.0도) ===
============================================================
  -> yaw 44.2도로 안정화
  [16/180] yaw= 44.0 wind=(-5.69, 5.04) speed= 7.6m/s  roll=  5.1 pitch= -0.7
  [17/180] yaw= 44.0 wind=(-0.51,-1.24) speed= 1.3m/s  roll= -0.3 pitch= -0.7
  [18/180] yaw= 44.0 wind=(-4.66,-0.51) speed= 4.7m/s  roll=  2.0 pitch= -2.7
  [19/180] yaw= 44.0 wind=( 6.03, 1.14) speed= 6.1m/s  roll= -2.1 pitch=  3.8
  [20/180] yaw= 44.0 wind=(-4.51, 2.02) speed= 4.9m/s  roll=  3.0 pitch= -1.7
  [21/180] yaw= 44.0 wind=( 0.10, 0.92) speed= 0.9m/s  roll=  0.6 pitch=  0.5
  [22/180] yaw= 44.0 wind=( 4.44, 1.29) speed= 4.6m/s  roll= -1.2 pitch=  3.0
  [23/180] yaw= 44.0 wind=(-0.79,-2.05) speed= 2.2m/s  roll= -0.7 pitch= -1.4
  [24/180] yaw= 44.0 wind=( 5.83,-0.40) speed= 5.8m/s  roll= -3.0 pitch=  2.8
  [25/180] yaw= 44.0 wind=(-6.43, 2.52) speed= 6.9m/s  roll=  4.2 pitch= -2.4
  [26/180] yaw= 44.0 wind=( 0.27, 0.16) speed= 0.3m/s  roll= -0.2 pitch=  0.3
  [27/180] yaw= 44.0 wind=( 6.36,-1.66) speed= 6.6m/s  roll= -3.8 pitch=  2.4
  [28/180] yaw= 44.0 wind=(-3.43, 0.37) speed= 3.5m/s  roll=  1.6 pitch= -1.6
  [29/180] yaw= 44.0 wind=(-0.26, 0.28) speed= 0.4m/s  roll= -0.0 pitch=  0.1
  [30/180] yaw= 44.0 wind=(-0.71, 0.10) speed= 0.7m/s  roll=  0.6 pitch= -0.1

============================================================
=== yaw 3/12: 목표 74도로 회전 중 (현재 44.0도) ===
============================================================
  -> yaw 72.8도로 안정화
  [31/180] yaw= 74.0 wind=(-1.03,-4.82) speed= 4.9m/s  roll= -3.2 pitch= -1.4
  [32/180] yaw= 74.0 wind=(-0.73, 5.41) speed= 5.5m/s  roll=  3.7 pitch=  0.3
  [33/180] yaw= 74.0 wind=( 7.01, 1.32) speed= 7.1m/s  roll= -0.1 pitch=  5.0
  [34/180] yaw= 74.0 wind=( 8.10,-3.56) speed= 8.8m/s  roll= -3.4 pitch=  5.0
  [35/180] yaw= 74.0 wind=(-2.12, 0.04) speed= 2.1m/s  roll=  0.2 pitch= -1.8
  [36/180] yaw= 74.0 wind=( 2.45, 8.87) speed= 9.2m/s  roll=  6.0 pitch=  2.9
  [37/180] yaw= 74.0 wind=( 0.33,-1.73) speed= 1.8m/s  roll= -1.1 pitch=  0.0
  [38/180] yaw= 74.0 wind=(-1.80, 2.04) speed= 2.7m/s  roll=  1.8 pitch= -0.9
  [39/180] yaw= 74.0 wind=( 3.08,-7.21) speed= 7.8m/s  roll= -5.7 pitch=  0.4
  [40/180] yaw= 74.0 wind=(-0.19,-2.29) speed= 2.3m/s  roll= -1.7 pitch= -0.5
  [41/180] yaw= 74.0 wind=(-4.01, 0.07) speed= 4.0m/s  roll=  0.9 pitch= -2.8
  [42/180] yaw= 74.0 wind=( 8.23,-3.90) speed= 9.1m/s  roll= -4.6 pitch=  4.3
  [43/180] yaw= 74.0 wind=( 5.39,-6.82) speed= 8.7m/s  roll= -5.8 pitch=  1.8
  [44/180] yaw= 74.0 wind=( 6.70,-3.05) speed= 7.4m/s  roll= -3.9 pitch=  3.4
  [45/180] yaw= 74.0 wind=(-4.62, 5.24) speed= 7.0m/s  roll=  4.5 pitch= -2.1

============================================================
=== yaw 4/12: 목표 104도로 회전 중 (현재 74.0도) ===
============================================================
  -> yaw 103.7도로 안정화
  [46/180] yaw=104.0 wind=(-1.14,-5.06) speed= 5.2m/s  roll= -3.6 pitch= -0.3
  [47/180] yaw=104.0 wind=(-0.60,-2.09) speed= 2.2m/s  roll= -1.7 pitch= -0.2
  [48/180] yaw=104.0 wind=(-0.85,-1.64) speed= 1.9m/s  roll= -1.3 pitch= -0.5
  [49/180] yaw=104.0 wind=(-1.07, 0.93) speed= 1.4m/s  roll=  0.5 pitch= -0.9
  [50/180] yaw=104.0 wind=(-6.62, 1.01) speed= 6.7m/s  roll= -0.0 pitch= -4.6
  [51/180] yaw=104.0 wind=(-1.13, 1.69) speed= 2.0m/s  roll=  0.9 pitch= -1.1
  [52/180] yaw=103.9 wind=(-3.37, 3.82) speed= 5.1m/s  roll=  2.2 pitch= -2.7
  [53/180] yaw=104.0 wind=( 8.72, 4.84) speed=10.0m/s  roll=  4.2 pitch=  5.5
  [54/180] yaw=104.0 wind=( 1.67, 1.70) speed= 2.4m/s  roll=  1.3 pitch=  1.0
  [55/180] yaw=104.0 wind=( 1.12, 1.47) speed= 1.8m/s  roll=  1.0 pitch=  0.7
  [56/180] yaw=104.0 wind=(-1.20, 7.89) speed= 8.0m/s  roll=  5.2 pitch= -1.9
  [57/180] yaw=104.0 wind=( 0.89,-0.19) speed= 0.9m/s  roll=  0.0 pitch=  0.6
  [58/180] yaw=104.0 wind=(-3.95,-3.24) speed= 5.1m/s  roll= -2.7 pitch= -2.4
  [59/180] yaw=104.0 wind=( 3.58, 2.40) speed= 4.3m/s  roll=  2.1 pitch=  2.1
  [60/180] yaw=104.0 wind=(-3.38,-0.46) speed= 3.4m/s  roll= -0.6 pitch= -2.4

============================================================
=== yaw 5/12: 목표 134도로 회전 중 (현재 104.0도) ===
============================================================
  -> yaw 131.3도로 안정화
  [61/180] yaw=134.0 wind=( 0.51,-0.40) speed= 0.7m/s  roll= -0.0 pitch=  0.5
  [62/180] yaw=134.0 wind=(-3.45,-6.62) speed= 7.5m/s  roll= -5.1 pitch=  1.3
  [63/180] yaw=134.0 wind=( 3.61,-0.92) speed= 3.7m/s  roll=  1.3 pitch=  2.4
  [64/180] yaw=134.0 wind=( 1.78,-3.16) speed= 3.6m/s  roll= -0.9 pitch=  2.4
  [65/180] yaw=134.0 wind=( 4.69, 0.63) speed= 4.7m/s  roll=  2.6 pitch=  2.0
  [66/180] yaw=134.0 wind=( 0.31, 1.33) speed= 1.4m/s  roll=  0.7 pitch= -0.4
  [67/180] yaw=134.0 wind=( 4.39,-1.27) speed= 4.6m/s  roll=  1.5 pitch=  3.1
  [68/180] yaw=134.0 wind=( 0.01, 0.14) speed= 0.1m/s  roll= -0.1 pitch= -0.1
  [69/180] yaw=134.0 wind=( 0.53, 1.21) speed= 1.3m/s  roll=  0.6 pitch= -0.4
  [70/180] yaw=134.0 wind=(-4.08,-4.68) speed= 6.2m/s  roll= -4.2 pitch= -0.2
  [71/180] yaw=134.0 wind=(-6.82,-1.04) speed= 6.9m/s  roll= -4.0 pitch= -2.7
  [72/180] yaw=134.0 wind=(-2.87, 4.00) speed= 4.9m/s  roll=  0.1 pitch= -3.5
  [73/180] yaw=134.0 wind=( 1.32,-0.26) speed= 1.3m/s  roll=  0.7 pitch=  0.5
  [74/180] yaw=134.0 wind=(-1.13,-8.20) speed= 8.3m/s  roll= -4.3 pitch=  3.8
  [75/180] yaw=134.0 wind=(-1.97,-8.16) speed= 8.4m/s  roll= -4.5 pitch=  3.6

============================================================
=== yaw 6/12: 목표 164도로 회전 중 (현재 134.0도) ===
============================================================
  -> yaw 163.8도로 안정화
  [76/180] yaw=164.0 wind=(-4.71,-0.14) speed= 4.7m/s  roll= -3.1 pitch= -0.7
  [77/180] yaw=164.0 wind=(-3.25,-1.96) speed= 3.8m/s  roll= -2.6 pitch=  0.9
  [78/180] yaw=164.0 wind=( 4.39,-6.39) speed= 7.8m/s  roll=  1.9 pitch=  5.0
  [79/180] yaw=164.0 wind=(-4.89,-3.36) speed= 5.9m/s  roll= -3.8 pitch=  1.5
  [80/180] yaw=164.0 wind=(-8.06, 4.86) speed= 9.4m/s  roll= -5.0 pitch= -4.1
  [81/180] yaw=164.0 wind=( 4.09, 1.11) speed= 4.2m/s  roll=  2.9 pitch= -0.1
  [82/180] yaw=164.0 wind=(-1.67,-1.33) speed= 2.1m/s  roll= -1.4 pitch=  0.5
  [83/180] yaw=164.0 wind=(-7.23, 0.77) speed= 7.3m/s  roll= -4.7 pitch= -1.2
  [84/180] yaw=164.0 wind=( 2.78, 0.43) speed= 2.8m/s  roll=  1.8 pitch=  0.2
  [85/180] yaw=164.0 wind=( 8.86,-4.06) speed= 9.7m/s  roll=  5.3 pitch=  4.2
  [86/180] yaw=164.0 wind=( 0.66, 1.79) speed= 1.9m/s  roll=  0.7 pitch= -0.9
  [87/180] yaw=164.0 wind=(-9.09, 2.39) speed= 9.4m/s  roll= -5.8 pitch= -2.8
  [88/180] yaw=164.0 wind=( 0.59, 0.11) speed= 0.6m/s  roll=  0.3 pitch=  0.4
  [89/180] yaw=164.0 wind=(-7.30, 6.57) speed= 9.8m/s  roll= -4.1 pitch= -5.8
  [90/180] yaw=164.0 wind=( 3.47, 3.79) speed= 5.1m/s  roll=  3.0 pitch= -1.8

============================================================
=== yaw 7/12: 목표 194도로 회전 중 (현재 164.0도) ===
============================================================
  -> yaw -167.2도로 안정화
  [91/180] yaw=-166.0 wind=(-0.93, 0.52) speed= 1.1m/s  roll= -0.5 pitch= -0.3
  [92/180] yaw=-166.0 wind=( 1.61, 1.84) speed= 2.4m/s  roll=  0.8 pitch= -1.5
  [93/180] yaw=-166.0 wind=(-2.91,-3.23) speed= 4.3m/s  roll= -1.6 pitch=  2.7
  [94/180] yaw=-166.0 wind=( 1.42, 1.30) speed= 1.9m/s  roll=  0.8 pitch= -1.1
  [95/180] yaw=-166.0 wind=( 2.78, 4.79) speed= 5.5m/s  roll=  0.9 pitch= -3.7
  [96/180] yaw=-166.0 wind=(-9.18,-0.48) speed= 9.2m/s  roll= -6.4 pitch=  1.5
  [97/180] yaw=-166.0 wind=( 1.01, 4.80) speed= 4.9m/s  roll= -0.1 pitch= -3.4
  [98/180] yaw=-166.1 wind=(-0.28,-4.32) speed= 4.3m/s  roll=  0.7 pitch=  2.9
  [99/180] yaw=-166.0 wind=( 3.06,-3.63) speed= 4.7m/s  roll=  3.1 pitch=  1.4
  [100/180] yaw=-166.0 wind=( 0.97, 2.15) speed= 2.4m/s  roll=  3.0 pitch=  1.2
  [101/180] yaw=-166.0 wind=(-4.17,-7.00) speed= 8.1m/s  roll= -0.4 pitch=  5.7
  [102/180] yaw=-166.0 wind=(-0.09,-5.38) speed= 5.4m/s  roll=  1.6 pitch=  3.4
  [103/180] yaw=-166.0 wind=(-2.32,-9.34) speed= 9.6m/s  roll=  1.9 pitch=  6.7
  [104/180] yaw=-166.0 wind=(-0.25,-9.54) speed= 9.5m/s  roll=  3.4 pitch=  5.8
  [105/180] yaw=-165.9 wind=( 5.23,-6.29) speed= 8.2m/s  roll=  5.4 pitch=  1.8

============================================================
=== yaw 8/12: 목표 224도로 회전 중 (현재 -165.9도) ===
============================================================
  -> yaw -137.2도로 안정화
  [106/180] yaw=-136.0 wind=( 0.91,-3.88) speed= 4.0m/s  roll=  2.6 pitch=  0.9
  [107/180] yaw=-135.9 wind=(-2.25, 3.29) speed= 4.0m/s  roll= -3.0 pitch= -0.5
  [108/180] yaw=-136.1 wind=(-5.43,-1.86) speed= 5.7m/s  roll= -1.6 pitch=  3.6
  [109/180] yaw=-136.1 wind=(-1.34,-5.15) speed= 5.3m/s  roll=  2.1 pitch=  3.1
  [110/180] yaw=-136.0 wind=( 2.97, 0.37) speed= 3.0m/s  roll=  1.0 pitch= -1.8
  [111/180] yaw=-136.0 wind=(-0.48, 0.01) speed= 0.5m/s  roll= -0.3 pitch=  0.3
  [112/180] yaw=-136.0 wind=(-3.30,-2.43) speed= 4.1m/s  roll= -0.3 pitch=  2.9
  [113/180] yaw=-136.0 wind=(-9.53, 1.10) speed= 9.6m/s  roll= -5.0 pitch=  4.6
  [114/180] yaw=-136.0 wind=( 1.06,-2.52) speed= 2.7m/s  roll=  2.0 pitch=  0.4
  [115/180] yaw=-135.9 wind=(-5.05, 1.78) speed= 5.4m/s  roll= -3.3 pitch=  1.7
  [116/180] yaw=-136.1 wind=( 0.23,-7.44) speed= 7.4m/s  roll=  4.2 pitch=  3.2
  [117/180] yaw=-136.0 wind=( 2.72,-7.96) speed= 8.4m/s  roll=  5.6 pitch=  1.4
  [118/180] yaw=-135.8 wind=( 5.41, 3.63) speed= 6.5m/s  roll=  0.5 pitch= -4.6
  [119/180] yaw=-136.0 wind=(-6.26,-4.83) speed= 7.9m/s  roll= -0.1 pitch=  5.3
  [120/180] yaw=-136.0 wind=( 1.35,-0.31) speed= 1.4m/s  roll=  0.6 pitch= -0.7

============================================================
=== yaw 9/12: 목표 254도로 회전 중 (현재 -136.0도) ===
============================================================
  -> yaw -107.9도로 안정화
  [121/180] yaw=-106.0 wind=( 0.61, 0.54) speed= 0.8m/s  roll= -0.4 pitch= -0.6
  [122/180] yaw=-106.1 wind=(-0.19,-7.21) speed= 7.2m/s  roll=  4.9 pitch=  0.6
  [123/180] yaw=-106.0 wind=(-6.76,-6.43) speed= 9.3m/s  roll=  4.2 pitch=  4.8
  [124/180] yaw=-105.9 wind=( 5.15, 5.05) speed= 7.2m/s  roll= -2.6 pitch= -4.3
  [125/180] yaw=-106.0 wind=(-2.17, 2.79) speed= 3.5m/s  roll= -2.2 pitch=  0.9
  [126/180] yaw=-106.1 wind=( 2.31,-4.87) speed= 5.4m/s  roll=  3.8 pitch= -1.1
  [127/180] yaw=-106.0 wind=( 0.76, 0.65) speed= 1.0m/s  roll= -0.3 pitch= -0.8
  [128/180] yaw=-106.0 wind=( 6.14, 1.32) speed= 6.3m/s  roll=  0.1 pitch= -4.6
  [129/180] yaw=-106.0 wind=(-0.66, 1.45) speed= 1.6m/s  roll= -1.0 pitch=  0.2
  [130/180] yaw=-106.0 wind=(-9.58,-1.28) speed= 9.7m/s  roll= -0.9 pitch=  6.8
  [131/180] yaw=-106.0 wind=( 8.13,-1.60) speed= 8.3m/s  roll=  2.5 pitch= -5.2
  [132/180] yaw=-106.0 wind=( 0.03,-0.01) speed= 0.0m/s  roll= -0.0 pitch= -0.2
  [133/180] yaw=-106.0 wind=( 7.85,-1.26) speed= 8.0m/s  roll=  2.5 pitch= -5.1
  [134/180] yaw=-106.0 wind=( 3.62,-0.87) speed= 3.7m/s  roll=  1.3 pitch= -2.3
  [135/180] yaw=-106.0 wind=(-2.13,-0.36) speed= 2.2m/s  roll= -0.3 pitch=  1.6

============================================================
=== yaw 10/12: 목표 284도로 회전 중 (현재 -106.0도) ===
============================================================
  -> yaw -77.5도로 안정화
  [136/180] yaw=-76.0 wind=(-3.26, 0.96) speed= 3.4m/s  roll=  0.2 pitch=  2.4
  [137/180] yaw=-76.0 wind=(-5.93, 1.01) speed= 6.0m/s  roll=  0.2 pitch=  4.3
  [138/180] yaw=-76.0 wind=( 1.26,-4.67) speed= 4.8m/s  roll=  0.3 pitch=  4.3
  [139/180] yaw=-76.0 wind=(-2.73,-5.89) speed= 6.5m/s  roll=  4.2 pitch=  1.5
  [140/180] yaw=-76.0 wind=( 1.06,-0.04) speed= 1.1m/s  roll=  0.0 pitch= -0.8
  [141/180] yaw=-76.0 wind=( 8.97, 2.85) speed= 9.4m/s  roll= -2.6 pitch= -6.2
  [142/180] yaw=-76.0 wind=(-1.27,-0.83) speed= 1.5m/s  roll=  0.8 pitch=  0.7
  [143/180] yaw=-76.0 wind=(-7.91, 4.99) speed= 9.4m/s  roll= -2.2 pitch=  6.2
  [144/180] yaw=-76.0 wind=(-0.15,-0.28) speed= 0.3m/s  roll=  0.3 pitch=  0.0
  [145/180] yaw=-76.0 wind=(-2.41, 0.40) speed= 2.4m/s  roll=  0.2 pitch=  1.9
  [146/180] yaw=-76.0 wind=( 7.47,-0.17) speed= 7.5m/s  roll= -0.7 pitch= -5.0
  [147/180] yaw=-76.0 wind=( 2.67, 3.05) speed= 4.1m/s  roll= -2.3 pitch= -1.7
  [148/180] yaw=-76.0 wind=(-1.63, 0.04) speed= 1.6m/s  roll=  0.0 pitch=  1.1
  [149/180] yaw=-76.0 wind=(-0.25, 7.09) speed= 7.1m/s  roll= -5.0 pitch=  1.1
  [150/180] yaw=-76.0 wind=(-0.14,-0.84) speed= 0.9m/s  roll=  0.8 pitch= -0.0

============================================================
=== yaw 11/12: 목표 314도로 회전 중 (현재 -76.0도) ===
============================================================
  -> yaw -48.3도로 안정화
  [151/180] yaw=-46.0 wind=( 1.77, 0.99) speed= 2.0m/s  roll= -1.2 pitch= -0.3
  [152/180] yaw=-46.0 wind=(-1.29, 1.79) speed= 2.2m/s  roll= -0.4 pitch=  1.3
  [153/180] yaw=-46.0 wind=( 2.54,-8.78) speed= 9.1m/s  roll=  3.8 pitch= -5.1
  [154/180] yaw=-46.0 wind=( 2.89,-4.81) speed= 5.6m/s  roll=  1.7 pitch= -3.9
  [155/180] yaw=-46.0 wind=( 7.83,-5.37) speed= 9.5m/s  roll= -0.0 pitch= -6.4
  [156/180] yaw=-46.0 wind=(-0.12, 0.51) speed= 0.5m/s  roll= -0.1 pitch=  0.1
  [157/180] yaw=-46.0 wind=( 1.45, 1.07) speed= 1.8m/s  roll= -1.4 pitch= -0.5
  [158/180] yaw=-46.0 wind=( 1.67,-1.29) speed= 2.1m/s  roll= -0.1 pitch= -1.4
  [159/180] yaw=-46.0 wind=( 0.09,-2.45) speed= 2.4m/s  roll=  1.1 pitch= -1.4
  [160/180] yaw=-46.0 wind=( 0.00,-0.09) speed= 0.1m/s  roll= -0.2 pitch=  0.1
  [161/180] yaw=-46.0 wind=( 8.35, 1.14) speed= 8.4m/s  roll= -4.6 pitch= -3.4
  [162/180] yaw=-46.0 wind=( 6.33, 5.05) speed= 8.1m/s  roll= -5.5 pitch= -0.6
  [163/180] yaw=-46.0 wind=(-2.49, 3.11) speed= 4.0m/s  roll= -0.2 pitch=  2.8
  [164/180] yaw=-46.0 wind=(-8.14,-3.92) speed= 9.0m/s  roll=  5.4 pitch=  2.7
  [165/180] yaw=-46.0 wind=( 5.19, 2.82) speed= 5.9m/s  roll= -4.0 pitch= -1.3

============================================================
=== yaw 12/12: 목표 344도로 회전 중 (현재 -46.0도) ===
============================================================
  -> yaw -16.7도로 안정화
  [166/180] yaw=-16.0 wind=(-7.02, 2.39) speed= 7.4m/s  roll=  4.4 pitch=  2.8
  [167/180] yaw=-16.0 wind=(-1.28,-0.71) speed= 1.5m/s  roll=  1.2 pitch= -0.2
  [168/180] yaw=-16.0 wind=(-3.80,-4.97) speed= 6.3m/s  roll=  3.7 pitch= -2.3
  [169/180] yaw=-16.0 wind=( 6.57,-1.40) speed= 6.7m/s  roll= -4.1 pitch= -2.1
  [170/180] yaw=-16.0 wind=(-0.72, 6.10) speed= 6.1m/s  roll= -0.7 pitch=  4.4
  [171/180] yaw=-16.0 wind=( 4.76,-7.57) speed= 8.9m/s  roll= -1.2 pitch= -6.2
  [172/180] yaw=-16.0 wind=(-0.20, 0.07) speed= 0.2m/s  roll=  0.0 pitch=  0.1
  [173/180] yaw=-16.0 wind=(-1.38, 0.83) speed= 1.6m/s  roll=  0.8 pitch=  0.9
  [174/180] yaw=-16.0 wind=(-4.45,-1.02) speed= 4.6m/s  roll=  3.3 pitch=  0.4
  [175/180] yaw=-16.0 wind=(-1.06, 1.76) speed= 2.1m/s  roll=  0.4 pitch=  1.2
  [176/180] yaw=-16.0 wind=(-1.09,-0.10) speed= 1.1m/s  roll=  0.8 pitch=  0.1
  [177/180] yaw=-16.0 wind=( 2.27, 0.04) speed= 2.3m/s  roll= -1.6 pitch= -0.3
  [178/180] yaw=-16.0 wind=( 1.10, 0.26) speed= 1.1m/s  roll= -1.0 pitch= -0.1
  [179/180] yaw=-16.0 wind=(-7.57, 1.50) speed= 7.7m/s  roll=  5.1 pitch=  2.1
  [180/180] yaw=-16.0 wind=(-0.99,-3.72) speed= 3.8m/s  roll=  1.4 pitch= -2.4

데이터 수집 완료. CSV 저장됨: ../../logs/wind_random_20260814_014450_yaw14p0_n12x15_speed0-10_seed8042.csv
[송신 간격 통계] 목표=50ms  평균=50.0ms  최대=67.2ms  임계치 초과=0/65231

--- Offboard 종료 ---

--- Landing ---
-> 착륙 완료 및 디스암 확인

무작위 바람 데이터 수집 완료.
  [수집] 세션 8 완료 (시도 1/3)
  [그래프] /home/ssh2003/MyProjects/quad-pinn-project/logs/wind_random_20260814_014450_yaw14p0_n12x15_speed0-10_seed8042.csv 요약 PNG 생성 중...
    findfont: Failed to find font weight normal, now using 100.
    /home/ssh2003/MyProjects/quad-pinn-project/sim_scripts/data_collection/plot_session_grid.py:106: UserWarning: This figure includes Axes that are not compatible with tight_layout, so results might be incorrect.
      fig.tight_layout(rect=[0, 0, 0.92, 0.94])
    findfont: Failed to find font weight normal, now using 100.
    findfont: Failed to find font weight normal, now using 100.
    findfont: Failed to find font weight normal, now using 100.
    findfont: Failed to find font weight normal, now using 100.
    저장됨: /home/ssh2003/MyProjects/quad-pinn-project/figures/wind_random_20260814_014422_n12x15_td15/session_wind_random_20260814_014450_yaw14p0_n12x15_speed0-10_seed8042.png

############################################################
# 세션 9/15
############################################################
  [SITL] 기존 프로세스 정리 중 (정상종료 시도)...
Terminated
  [SITL] 강제 정리 (남아있는 프로세스 있으면)...
  [SITL] 재시작 중...
  [SITL] px4 프로세스 감지됨 (1s). 안정화 대기 15s...
  [수집] 시작 (seed=9042, yaw-offset=16.000도, 시도 1/3, 타임아웃 4196초)
PX4 SITL에 연결 시도 중...
-> 드론에 연결됨!
GPS/홈 위치 확인 중...
-> 전역 위치 및 홈 위치 준비 완료

[확인] PX4 SITL이 'windy' 월드로 실행 중인지 확인할 것.

--- Arming ---
-> Armed

--- Takeoff ---
  안전 고도(1.5m) 도달 대기 중...
  -> 안전 고도 도달 (relative_altitude=1.51m)

--- Offboard 진입 준비: 초기 setpoint(현재 위치 고정) 전송 ---

--- Offboard 모드 시작 ---

CSV 로그 저장 경로: ../../logs/wind_random_20260814_023958_yaw16p0_n12x15_speed0-10_seed9042.csv

yaw 12방향(offset=16.0도) x 방향당 바람조건 15개 = 총 180개 수집 시작 (조건당 15초, 예상 총 소요 51.0분 + yaw 회전 시간)

============================================================
=== yaw 1/12: 목표 16도로 회전 중 (현재 91.6도) ===
============================================================
  -> yaw 15.6도로 안정화
  [1/180] yaw= 16.0 wind=(-1.11, 2.27) speed= 2.5m/s  roll=  1.2 pitch=  1.6
  [2/180] yaw= 16.0 wind=(-2.17,-4.11) speed= 4.6m/s  roll=  0.8 pitch= -3.1
  [3/180] yaw= 16.0 wind=( 5.17, 1.46) speed= 5.4m/s  roll= -3.2 pitch=  2.0
  [4/180] yaw= 16.0 wind=( 5.73,-0.79) speed= 5.8m/s  roll= -4.0 pitch=  0.6
  [5/180] yaw= 16.0 wind=(-2.25, 1.27) speed= 2.6m/s  roll=  1.6 pitch=  0.3
  [6/180] yaw= 16.0 wind=( 0.01,-0.03) speed= 0.0m/s  roll=  0.0 pitch= -0.1
  [7/180] yaw= 16.0 wind=(-2.25,-0.42) speed= 2.3m/s  roll=  1.5 pitch= -0.6
  [8/180] yaw= 16.0 wind=(-3.44, 5.01) speed= 6.1m/s  roll=  3.6 pitch=  2.4
  [9/180] yaw= 16.0 wind=(-0.74,-0.61) speed= 1.0m/s  roll=  0.5 pitch= -0.5
  [10/180] yaw= 16.0 wind=( 0.73,-4.20) speed= 4.3m/s  roll= -1.5 pitch= -2.7
  [11/180] yaw= 16.0 wind=(-1.41, 3.12) speed= 3.4m/s  roll=  1.6 pitch=  1.6
  [12/180] yaw= 16.0 wind=(-1.32, 6.36) speed= 6.5m/s  roll=  2.5 pitch=  4.0
  [13/180] yaw= 16.0 wind=( 3.64, 0.62) speed= 3.7m/s  roll= -2.3 pitch=  1.2
  [14/180] yaw= 16.0 wind=(-3.08, 0.15) speed= 3.1m/s  roll=  2.1 pitch= -0.8
  [15/180] yaw= 16.0 wind=(-3.58,-8.17) speed= 8.9m/s  roll=  1.3 pitch= -6.0

============================================================
=== yaw 2/12: 목표 46도로 회전 중 (현재 16.0도) ===
============================================================
  -> yaw 44.8도로 안정화
  [16/180] yaw= 46.0 wind=(-0.05, 2.55) speed= 2.5m/s  roll=  1.3 pitch=  1.2
  [17/180] yaw= 46.0 wind=(-6.85,-6.33) speed= 9.3m/s  roll=  0.4 pitch= -6.5
  [18/180] yaw= 46.0 wind=(-2.75,-8.21) speed= 8.7m/s  roll= -2.0 pitch= -5.6
  [19/180] yaw= 46.0 wind=(-5.24, 3.45) speed= 6.3m/s  roll=  4.3 pitch= -1.1
  [20/180] yaw= 46.0 wind=(-0.05,-0.22) speed= 0.2m/s  roll= -0.1 pitch= -0.1
  [21/180] yaw= 46.0 wind=( 1.94,-4.93) speed= 5.3m/s  roll= -3.6 pitch= -1.4
  [22/180] yaw= 46.0 wind=(-1.93,-0.12) speed= 1.9m/s  roll=  0.9 pitch= -1.0
  [23/180] yaw= 46.0 wind=(-4.02,-2.45) speed= 4.7m/s  roll=  0.6 pitch= -3.3
  [24/180] yaw= 46.0 wind=(-1.23, 2.92) speed= 3.2m/s  roll=  2.0 pitch=  0.6
  [25/180] yaw= 46.0 wind=( 9.12,-3.23) speed= 9.7m/s  roll= -5.8 pitch=  3.3
  [26/180] yaw= 46.0 wind=( 2.78,-1.09) speed= 3.0m/s  roll= -1.8 pitch=  0.9
  [27/180] yaw= 46.0 wind=(-0.59,-0.53) speed= 0.8m/s  roll=  0.1 pitch= -0.6
  [28/180] yaw= 46.0 wind=( 0.57, 1.69) speed= 1.8m/s  roll=  0.9 pitch=  1.3
  [29/180] yaw= 45.9 wind=( 0.61, 0.18) speed= 0.6m/s  roll= -0.4 pitch=  0.6
  [30/180] yaw= 46.0 wind=(-4.76, 0.67) speed= 4.8m/s  roll=  2.4 pitch= -2.4

============================================================
=== yaw 3/12: 목표 76도로 회전 중 (현재 46.0도) ===
============================================================
  -> yaw 75.7도로 안정화
  [31/180] yaw= 76.0 wind=( 1.16,-6.39) speed= 6.5m/s  roll= -4.6 pitch= -0.5
  [32/180] yaw= 76.0 wind=(-8.10,-3.04) speed= 8.7m/s  roll= -0.1 pitch= -5.9
  [33/180] yaw= 76.0 wind=( 3.93, 7.05) speed= 8.1m/s  roll=  4.2 pitch=  3.7
  [34/180] yaw= 76.0 wind=( 9.36, 2.57) speed= 9.7m/s  roll=  0.5 pitch=  6.9
  [35/180] yaw= 76.0 wind=( 4.06,-6.71) speed= 7.8m/s  roll= -5.1 pitch=  2.1
  [36/180] yaw= 76.0 wind=( 2.58,-4.55) speed= 5.2m/s  roll= -3.4 pitch=  1.0
  [37/180] yaw= 76.0 wind=(-2.61,-4.94) speed= 5.6m/s  roll= -3.2 pitch= -2.3
  [38/180] yaw= 76.0 wind=( 3.60,-2.37) speed= 4.3m/s  roll= -2.0 pitch=  2.3
  [39/180] yaw= 76.0 wind=(-3.07,-5.24) speed= 6.1m/s  roll= -3.3 pitch= -2.8
  [40/180] yaw= 76.0 wind=( 2.62,-8.24) speed= 8.6m/s  roll= -6.0 pitch=  0.8
  [41/180] yaw= 76.0 wind=(-4.61, 4.01) speed= 6.1m/s  roll=  3.0 pitch= -2.9
  [42/180] yaw= 76.0 wind=(-9.61,-2.08) speed= 9.8m/s  roll=  0.9 pitch= -6.7
  [43/180] yaw= 76.0 wind=( 4.19,-6.24) speed= 7.5m/s  roll= -5.0 pitch=  1.2
  [44/180] yaw= 76.0 wind=( 2.47,-2.29) speed= 3.4m/s  roll= -2.3 pitch=  1.0
  [45/180] yaw= 76.0 wind=(-8.78, 3.57) speed= 9.5m/s  roll=  4.3 pitch= -5.2

============================================================
=== yaw 4/12: 목표 106도로 회전 중 (현재 76.0도) ===
============================================================
  -> yaw 105.5도로 안정화
  [46/180] yaw=106.0 wind=(-1.58, 7.31) speed= 7.5m/s  roll=  4.7 pitch= -1.8
  [47/180] yaw=106.0 wind=( 0.99,-4.15) speed= 4.3m/s  roll= -2.6 pitch=  1.2
  [48/180] yaw=106.0 wind=( 9.25,-2.54) speed= 9.6m/s  roll= -0.7 pitch=  6.6
  [49/180] yaw=106.0 wind=(-3.94,-3.95) speed= 5.6m/s  roll= -3.1 pitch= -2.1
  [50/180] yaw=106.0 wind=(-2.18, 3.40) speed= 4.0m/s  roll=  1.7 pitch= -2.2
  [51/180] yaw=106.0 wind=( 3.99,-1.82) speed= 4.4m/s  roll= -0.5 pitch=  3.1
  [52/180] yaw=106.0 wind=( 1.58, 1.71) speed= 2.3m/s  roll=  1.4 pitch=  0.9
  [53/180] yaw=106.0 wind=(-1.35,-5.99) speed= 6.1m/s  roll= -4.3 pitch=  0.1
  [54/180] yaw=106.0 wind=(-4.02,-7.48) speed= 8.5m/s  roll= -5.6 pitch= -1.1
  [55/180] yaw=106.0 wind=( 0.98, 0.89) speed= 1.3m/s  roll=  0.7 pitch=  0.4
  [56/180] yaw=106.0 wind=( 1.23, 5.21) speed= 5.4m/s  roll=  3.8 pitch= -0.2
  [57/180] yaw=106.0 wind=(-5.90,-7.66) speed= 9.7m/s  roll= -6.0 pitch= -3.0
  [58/180] yaw=106.0 wind=( 1.03,-1.86) speed= 2.1m/s  roll= -1.0 pitch=  1.0
  [59/180] yaw=106.0 wind=(-0.44,-0.96) speed= 1.1m/s  roll= -0.9 pitch= -0.1
  [60/180] yaw=106.0 wind=(-0.20, 1.21) speed= 1.2m/s  roll=  0.7 pitch= -0.4

============================================================
=== yaw 5/12: 목표 136도로 회전 중 (현재 106.0도) ===
============================================================
  -> yaw 135.0도로 안정화
  [61/180] yaw=136.0 wind=( 2.86, 4.57) speed= 5.4m/s  roll=  3.7 pitch= -0.7
  [62/180] yaw=136.0 wind=(-4.19, 0.38) speed= 4.2m/s  roll= -1.9 pitch= -2.2
  [63/180] yaw=136.0 wind=( 9.05, 3.00) speed= 9.5m/s  roll=  5.8 pitch=  3.3
  [64/180] yaw=136.0 wind=( 6.86, 3.17) speed= 7.6m/s  roll=  4.8 pitch=  1.9
  [65/180] yaw=136.0 wind=( 5.62,-5.00) speed= 7.5m/s  roll=  0.1 pitch=  5.2
  [66/180] yaw=136.0 wind=(-0.11, 7.78) speed= 7.8m/s  roll=  3.6 pitch= -4.1
  [67/180] yaw=136.0 wind=(-0.11,-0.04) speed= 0.1m/s  roll= -0.2 pitch= -0.2
  [68/180] yaw=136.0 wind=( 0.80, 2.91) speed= 3.0m/s  roll=  2.0 pitch= -0.9
  [69/180] yaw=136.0 wind=(-4.24, 0.76) speed= 4.3m/s  roll= -1.7 pitch= -2.6
  [70/180] yaw=136.0 wind=( 0.31, 1.44) speed= 1.5m/s  roll=  0.7 pitch= -0.4
  [71/180] yaw=136.0 wind=(-2.61,-1.24) speed= 2.9m/s  roll= -1.8 pitch= -0.8
  [72/180] yaw=136.0 wind=(-6.02, 3.08) speed= 6.8m/s  roll= -1.8 pitch= -4.4
  [73/180] yaw=136.0 wind=(-5.38, 7.02) speed= 8.8m/s  roll=  0.0 pitch= -6.3
  [74/180] yaw=136.0 wind=( 1.56,-4.94) speed= 5.2m/s  roll= -1.7 pitch=  3.2
  [75/180] yaw=136.0 wind=(-1.36, 5.36) speed= 5.5m/s  roll=  1.9 pitch= -3.1

============================================================
=== yaw 6/12: 목표 166도로 회전 중 (현재 136.0도) ===
============================================================
  -> yaw 165.2도로 안정화
  [76/180] yaw=166.0 wind=( 4.63, 1.20) speed= 4.8m/s  roll=  3.2 pitch= -0.2
  [77/180] yaw=166.0 wind=( 4.11,-1.94) speed= 4.5m/s  roll=  2.5 pitch=  1.9
  [78/180] yaw=166.0 wind=( 0.04,-2.67) speed= 2.7m/s  roll= -0.3 pitch=  1.7
  [79/180] yaw=166.0 wind=( 8.85,-1.42) speed= 9.0m/s  roll=  5.8 pitch=  2.4
  [80/180] yaw=166.0 wind=( 5.02,-0.46) speed= 5.0m/s  roll=  3.4 pitch=  1.0
  [81/180] yaw=166.0 wind=( 6.28, 0.67) speed= 6.3m/s  roll=  4.2 pitch=  0.5
  [82/180] yaw=166.0 wind=(-7.54,-3.39) speed= 8.3m/s  roll= -5.8 pitch=  0.8
  [83/180] yaw=166.0 wind=( 6.63, 0.96) speed= 6.7m/s  roll=  4.4 pitch=  0.2
  [84/180] yaw=166.0 wind=(-1.35, 2.72) speed= 3.0m/s  roll= -0.5 pitch= -2.1
  [85/180] yaw=166.0 wind=(-2.30,-7.15) speed= 7.5m/s  roll= -2.8 pitch=  4.4
  [86/180] yaw=166.0 wind=(-2.27, 0.30) speed= 2.3m/s  roll= -1.5 pitch= -0.6
  [87/180] yaw=166.0 wind=(-4.64, 5.76) speed= 7.4m/s  roll= -2.4 pitch= -4.6
  [88/180] yaw=166.0 wind=(-6.37,-6.91) speed= 9.4m/s  roll= -5.8 pitch=  2.9
  [89/180] yaw=166.0 wind=( 1.07, 3.37) speed= 3.5m/s  roll=  1.7 pitch= -2.1
  [90/180] yaw=165.9 wind=( 0.48, 1.02) speed= 1.1m/s  roll=  0.4 pitch= -0.2

============================================================
=== yaw 7/12: 목표 196도로 회전 중 (현재 166.0도) ===
============================================================
  -> yaw -165.8도로 안정화
  [91/180] yaw=-164.0 wind=( 1.95,-1.94) speed= 2.8m/s  roll=  1.6 pitch=  1.0
  [92/180] yaw=-163.9 wind=( 1.01, 5.44) speed= 5.5m/s  roll=  0.1 pitch= -3.6
  [93/180] yaw=-164.1 wind=(-0.33,-1.13) speed= 1.2m/s  roll=  0.1 pitch=  0.7
  [94/180] yaw=-164.0 wind=(-0.62,-0.07) speed= 0.6m/s  roll= -0.6 pitch=  0.0
  [95/180] yaw=-163.9 wind=(-2.53, 5.14) speed= 5.7m/s  roll= -2.4 pitch= -3.1
  [96/180] yaw=-164.0 wind=(-3.44,-3.45) speed= 4.9m/s  roll= -1.9 pitch=  2.6
  [97/180] yaw=-164.0 wind=(-0.16,-1.45) speed= 1.5m/s  roll=  0.1 pitch=  1.0
  [98/180] yaw=-164.0 wind=(-5.15,-4.03) speed= 6.5m/s  roll= -3.1 pitch=  3.2
  [99/180] yaw=-164.0 wind=( 9.80, 1.81) speed=10.0m/s  roll=  6.6 pitch= -2.3
  [100/180] yaw=-164.0 wind=(-3.66,-7.28) speed= 8.1m/s  roll= -1.8 pitch=  5.6
  [101/180] yaw=-164.0 wind=(-0.28,-7.98) speed= 8.0m/s  roll=  0.5 pitch=  6.0
  [102/180] yaw=-164.0 wind=(-3.86, 7.26) speed= 8.2m/s  roll= -4.1 pitch= -4.1
  [103/180] yaw=-164.0 wind=(-1.94, 1.25) speed= 2.3m/s  roll= -1.5 pitch= -0.5
  [104/180] yaw=-164.0 wind=( 6.20, 3.61) speed= 7.2m/s  roll=  3.4 pitch= -3.6
  [105/180] yaw=-164.0 wind=(-3.80, 1.36) speed= 4.0m/s  roll= -2.6 pitch= -0.0

============================================================
=== yaw 8/12: 목표 226도로 회전 중 (현재 -164.0도) ===
============================================================
  -> yaw -134.7도로 안정화
  [106/180] yaw=-134.0 wind=( 3.04,-5.60) speed= 6.4m/s  roll=  4.4 pitch=  1.4
  [107/180] yaw=-134.0 wind=(-7.22, 5.31) speed= 9.0m/s  roll= -6.1 pitch=  1.5
  [108/180] yaw=-134.0 wind=(-1.04,-0.46) speed= 1.1m/s  roll= -0.4 pitch=  0.8
  [109/180] yaw=-134.0 wind=(-1.85, 0.57) speed= 1.9m/s  roll= -1.2 pitch=  0.7
  [110/180] yaw=-134.0 wind=( 0.27, 0.20) speed= 0.3m/s  roll=  0.1 pitch= -0.3
  [111/180] yaw=-134.0 wind=(-5.57, 3.96) speed= 6.8m/s  roll= -4.8 pitch=  0.4
  [112/180] yaw=-134.0 wind=( 0.41,-7.59) speed= 7.6m/s  roll=  3.6 pitch=  4.1
  [113/180] yaw=-134.0 wind=(-0.43,-0.24) speed= 0.5m/s  roll= -0.1 pitch=  0.3
  [114/180] yaw=-134.0 wind=(-7.44, 0.54) speed= 7.5m/s  roll= -4.3 pitch=  2.7
  [115/180] yaw=-134.0 wind=(-7.55, 0.60) speed= 7.6m/s  roll= -4.7 pitch=  2.5
  [116/180] yaw=-134.0 wind=(-8.33,-1.34) speed= 8.4m/s  roll= -4.3 pitch=  4.2
  [117/180] yaw=-134.0 wind=( 1.03,-9.18) speed= 9.2m/s  roll=  4.2 pitch=  4.6
  [118/180] yaw=-134.0 wind=(-1.28,-1.82) speed= 2.2m/s  roll= -0.0 pitch=  1.4
  [119/180] yaw=-134.0 wind=(-6.34,-3.33) speed= 7.2m/s  roll= -2.0 pitch=  4.5
  [120/180] yaw=-134.0 wind=(-9.00,-1.47) speed= 9.1m/s  roll= -4.6 pitch=  4.3

============================================================
=== yaw 9/12: 목표 256도로 회전 중 (현재 -134.0도) ===
============================================================
  -> yaw -105.5도로 안정화
  [121/180] yaw=-104.0 wind=( 3.74,-3.20) speed= 4.9m/s  roll=  2.8 pitch= -1.6
  [122/180] yaw=-104.0 wind=( 2.16,-6.02) speed= 6.4m/s  roll=  4.5 pitch=  0.1
  [123/180] yaw=-104.0 wind=( 4.06, 0.38) speed= 4.1m/s  roll=  0.6 pitch= -2.9
  [124/180] yaw=-104.0 wind=(-1.40, 2.08) speed= 2.5m/s  roll= -1.5 pitch=  0.6
  [125/180] yaw=-104.0 wind=( 1.41, 2.51) speed= 2.9m/s  roll= -1.4 pitch= -1.5
  [126/180] yaw=-104.0 wind=( 2.44, 0.61) speed= 2.5m/s  roll=  0.0 pitch= -1.7
  [127/180] yaw=-104.0 wind=(-3.09,-4.18) speed= 5.2m/s  roll=  2.4 pitch=  2.9
  [128/180] yaw=-104.0 wind=( 0.65, 6.81) speed= 6.8m/s  roll= -4.7 pitch= -1.1
  [129/180] yaw=-104.0 wind=(-2.57,-1.64) speed= 3.0m/s  roll= -4.5 pitch= -1.2
  [130/180] yaw=-103.9 wind=( 0.12, 1.53) speed= 1.5m/s  roll= -4.7 pitch= -1.2
  [131/180] yaw=-104.0 wind=(-3.84,-7.24) speed= 8.2m/s  roll=  4.0 pitch=  3.9
  [132/180] yaw=-104.0 wind=( 2.84, 4.55) speed= 5.4m/s  roll= -2.8 pitch= -2.8
  [133/180] yaw=-104.0 wind=(-0.43, 0.25) speed= 0.5m/s  roll= -0.1 pitch=  0.1
  [134/180] yaw=-104.0 wind=( 0.21,-0.06) speed= 0.2m/s  roll=  0.2 pitch= -0.0
  [135/180] yaw=-104.0 wind=( 3.50,-6.33) speed= 7.2m/s  roll=  4.7 pitch= -1.5

============================================================
=== yaw 10/12: 목표 286도로 회전 중 (현재 -104.0도) ===
============================================================
  -> yaw -74.7도로 안정화
  [136/180] yaw=-74.0 wind=(-0.30,-1.81) speed= 1.8m/s  roll=  1.2 pitch= -0.2
  [137/180] yaw=-74.0 wind=( 3.31, 3.16) speed= 4.6m/s  roll= -2.8 pitch= -1.6
  [138/180] yaw=-74.0 wind=(-1.92,-1.12) speed= 2.2m/s  roll=  1.0 pitch=  1.2
  [139/180] yaw=-74.0 wind=( 1.69,-2.53) speed= 3.0m/s  roll=  1.5 pitch= -1.7
  [140/180] yaw=-74.0 wind=(-0.07,-0.48) speed= 0.5m/s  roll=  0.4 pitch=  0.1
  [141/180] yaw=-74.0 wind=( 3.22, 0.43) speed= 3.3m/s  roll= -1.0 pitch= -1.9
  [142/180] yaw=-74.0 wind=(-0.62, 9.33) speed= 9.4m/s  roll= -5.9 pitch=  2.5
  [143/180] yaw=-74.0 wind=( 2.66,-5.69) speed= 6.3m/s  roll=  3.4 pitch= -2.7
  [144/180] yaw=-74.0 wind=( 0.84,-1.83) speed= 2.0m/s  roll=  1.2 pitch= -0.8
  [145/180] yaw=-74.0 wind=(-4.41, 2.44) speed= 5.0m/s  roll= -0.8 pitch=  3.5
  [146/180] yaw=-74.0 wind=(-2.47,-0.29) speed= 2.5m/s  roll=  0.7 pitch=  1.6
  [147/180] yaw=-74.0 wind=( 4.04,-2.27) speed= 4.6m/s  roll=  0.9 pitch= -3.0
  [148/180] yaw=-74.0 wind=( 4.27,-2.60) speed= 5.0m/s  roll=  1.2 pitch= -3.1
  [149/180] yaw=-74.0 wind=( 5.00, 3.63) speed= 6.2m/s  roll= -3.2 pitch= -3.0
  [150/180] yaw=-74.0 wind=( 2.31, 2.41) speed= 3.3m/s  roll= -2.2 pitch= -1.4

============================================================
=== yaw 11/12: 목표 316도로 회전 중 (현재 -74.0도) ===
============================================================
  -> yaw -45.0도로 안정화
  [151/180] yaw=-44.0 wind=( 0.16, 0.02) speed= 0.2m/s  roll= -0.3 pitch=  0.0
  [152/180] yaw=-44.0 wind=( 6.11,-6.13) speed= 8.6m/s  roll=  0.4 pitch= -6.2
  [153/180] yaw=-44.0 wind=( 0.25,-0.24) speed= 0.3m/s  roll=  0.1 pitch= -0.1
  [154/180] yaw=-44.0 wind=(-0.40,-4.55) speed= 4.6m/s  roll=  2.4 pitch= -1.8
  [155/180] yaw=-44.0 wind=(-6.23,-0.12) speed= 6.2m/s  roll=  3.0 pitch=  3.1
  [156/180] yaw=-44.0 wind=( 5.39, 1.65) speed= 5.6m/s  roll= -3.7 pitch= -1.7
  [157/180] yaw=-44.0 wind=(-1.67,-6.14) speed= 6.4m/s  roll=  3.6 pitch= -2.5
  [158/180] yaw=-44.0 wind=(-5.55, 1.94) speed= 5.9m/s  roll=  2.5 pitch=  3.3
  [159/180] yaw=-44.0 wind=(-4.43,-5.68) speed= 7.2m/s  roll=  4.9 pitch= -1.2
  [160/180] yaw=-44.0 wind=( 7.18,-0.51) speed= 7.2m/s  roll= -3.4 pitch= -3.4
  [161/180] yaw=-43.9 wind=( 0.02, 6.28) speed= 6.3m/s  roll= -3.6 pitch=  2.6
  [162/180] yaw=-44.0 wind=(-4.79, 7.55) speed= 8.9m/s  roll= -2.8 pitch=  5.3
  [163/180] yaw=-44.0 wind=( 4.74,-5.71) speed= 7.4m/s  roll=  2.2 pitch= -4.5
  [164/180] yaw=-44.0 wind=( 0.44, 0.17) speed= 0.5m/s  roll= -0.2 pitch= -0.3
  [165/180] yaw=-44.0 wind=( 1.39, 2.66) speed= 3.0m/s  roll= -2.0 pitch= -0.4

============================================================
=== yaw 12/12: 목표 346도로 회전 중 (현재 -44.0도) ===
============================================================
  -> yaw -15.1도로 안정화
  [166/180] yaw=-14.0 wind=( 1.50,-3.30) speed= 3.6m/s  roll=  1.3 pitch= -2.3
  [167/180] yaw=-14.0 wind=(-8.44, 2.16) speed= 8.7m/s  roll=  3.8 pitch=  4.7
  [168/180] yaw=-14.0 wind=(-4.19, 0.96) speed= 4.3m/s  roll=  1.7 pitch=  2.6
  [169/180] yaw=-14.0 wind=(-0.43,-0.39) speed= 0.6m/s  roll=  0.5 pitch= -0.3
  [170/180] yaw=-14.0 wind=(-1.43,-0.77) speed= 1.6m/s  roll=  0.9 pitch=  0.2
  [171/180] yaw=-14.0 wind=(-4.51,-8.53) speed= 9.6m/s  roll=  6.0 pitch= -3.2
  [172/180] yaw=-14.0 wind=( 1.63, 0.56) speed= 1.7m/s  roll= -1.3 pitch= -0.2
  [173/180] yaw=-14.0 wind=( 0.22, 0.23) speed= 0.3m/s  roll= -0.2 pitch=  0.2
  [174/180] yaw=-14.0 wind=( 7.45, 0.51) speed= 7.5m/s  roll= -5.1 pitch= -1.5
  [175/180] yaw=-14.0 wind=(-5.14,-7.97) speed= 9.5m/s  roll=  5.1 pitch= -4.1
  [176/180] yaw=-14.0 wind=(-0.09,-1.14) speed= 1.1m/s  roll=  0.4 pitch= -1.1
  [177/180] yaw=-14.0 wind=(-0.60,-0.12) speed= 0.6m/s  roll=  0.3 pitch=  0.1
  [178/180] yaw=-14.0 wind=(-2.74, 7.89) speed= 8.4m/s  roll=  1.0 pitch=  5.8
  [179/180] yaw=-14.0 wind=(-2.73, 2.54) speed= 3.7m/s  roll=  1.6 pitch=  2.0
  [180/180] yaw=-14.0 wind=(-6.47, 6.53) speed= 9.2m/s  roll=  4.0 pitch=  4.9

데이터 수집 완료. CSV 저장됨: ../../logs/wind_random_20260814_023958_yaw16p0_n12x15_speed0-10_seed9042.csv
[송신 간격 통계] 목표=50ms  평균=50.0ms  최대=66.4ms  임계치 초과=0/65230

--- Offboard 종료 ---

--- Landing ---
-> 착륙 완료 및 디스암 확인

무작위 바람 데이터 수집 완료.
  [수집] 세션 9 완료 (시도 1/3)
  [그래프] /home/ssh2003/MyProjects/quad-pinn-project/logs/wind_random_20260814_023958_yaw16p0_n12x15_speed0-10_seed9042.csv 요약 PNG 생성 중...
    findfont: Failed to find font weight normal, now using 100.
    /home/ssh2003/MyProjects/quad-pinn-project/sim_scripts/data_collection/plot_session_grid.py:106: UserWarning: This figure includes Axes that are not compatible with tight_layout, so results might be incorrect.
      fig.tight_layout(rect=[0, 0, 0.92, 0.94])
    findfont: Failed to find font weight normal, now using 100.
    findfont: Failed to find font weight normal, now using 100.
    findfont: Failed to find font weight normal, now using 100.
    findfont: Failed to find font weight normal, now using 100.
    저장됨: /home/ssh2003/MyProjects/quad-pinn-project/figures/wind_random_20260814_014422_n12x15_td15/session_wind_random_20260814_023958_yaw16p0_n12x15_speed0-10_seed9042.png

############################################################
# 세션 10/15
############################################################
  [SITL] 기존 프로세스 정리 중 (정상종료 시도)...
Terminated
  [SITL] 강제 정리 (남아있는 프로세스 있으면)...
  [SITL] 재시작 중...
  [SITL] px4 프로세스 감지됨 (1s). 안정화 대기 15s...
  [수집] 시작 (seed=10042, yaw-offset=18.000도, 시도 1/3, 타임아웃 4196초)
PX4 SITL에 연결 시도 중...
-> 드론에 연결됨!
GPS/홈 위치 확인 중...
-> 전역 위치 및 홈 위치 준비 완료

[확인] PX4 SITL이 'windy' 월드로 실행 중인지 확인할 것.

--- Arming ---
-> Armed

--- Takeoff ---
  안전 고도(1.5m) 도달 대기 중...
  -> 안전 고도 도달 (relative_altitude=1.51m)

--- Offboard 진입 준비: 초기 setpoint(현재 위치 고정) 전송 ---

--- Offboard 모드 시작 ---

CSV 로그 저장 경로: ../../logs/wind_random_20260814_033506_yaw18p0_n12x15_speed0-10_seed10042.csv

yaw 12방향(offset=18.0도) x 방향당 바람조건 15개 = 총 180개 수집 시작 (조건당 15초, 예상 총 소요 51.0분 + yaw 회전 시간)

============================================================
=== yaw 1/12: 목표 18도로 회전 중 (현재 91.3도) ===
============================================================
  -> yaw 21.0도로 안정화
  [1/180] yaw= 18.0 wind=(-2.69, 2.40) speed= 3.6m/s  roll=  2.2 pitch=  0.8
  [2/180] yaw= 18.0 wind=( 2.45,-0.28) speed= 2.5m/s  roll= -1.8 pitch=  0.7
  [3/180] yaw= 18.4 wind=( 0.87, 6.23) speed= 6.3m/s  roll=  0.5 pitch=  4.5
  [4/180] yaw= 18.0 wind=(-1.00,-5.79) speed= 5.9m/s  roll= -0.3 pitch= -4.2
  [5/180] yaw= 18.0 wind=(-3.43,-3.73) speed= 5.1m/s  roll=  1.7 pitch= -3.0
  [6/180] yaw= 18.0 wind=(-0.37, 0.13) speed= 0.4m/s  roll=  0.4 pitch=  0.1
  [7/180] yaw= 18.0 wind=(-1.09,-1.31) speed= 1.7m/s  roll=  0.4 pitch= -1.1
  [8/180] yaw= 18.0 wind=(-6.62, 0.30) speed= 6.6m/s  roll=  0.5 pitch= -1.2
  [9/180] yaw= 18.0 wind=(-0.65,-1.71) speed= 1.8m/s  roll=  0.1 pitch= -0.9
  [10/180] yaw= 18.0 wind=(-3.10, 8.97) speed= 9.5m/s  roll=  4.3 pitch=  5.0
  [11/180] yaw= 18.0 wind=(-2.39, 1.85) speed= 3.0m/s  roll=  1.9 pitch=  0.7
  [12/180] yaw= 18.0 wind=( 3.09,-1.42) speed= 3.4m/s  roll= -2.3 pitch= -0.1
  [13/180] yaw= 18.0 wind=(-1.31, 1.50) speed= 2.0m/s  roll=  1.2 pitch=  0.5
  [14/180] yaw= 18.0 wind=(-5.52, 4.79) speed= 7.3m/s  roll=  4.6 pitch=  1.3
  [15/180] yaw= 18.0 wind=( 0.41,-3.04) speed= 3.1m/s  roll= -1.1 pitch= -1.9

============================================================
=== yaw 2/12: 목표 48도로 회전 중 (현재 18.0도) ===
============================================================
  -> yaw 46.1도로 안정화
  [16/180] yaw= 48.0 wind=(-0.37, 0.76) speed= 0.8m/s  roll=  0.7 pitch=  0.3
  [17/180] yaw= 48.0 wind=(-0.26, 4.28) speed= 4.3m/s  roll=  2.3 pitch=  1.9
  [18/180] yaw= 48.0 wind=(-4.18, 2.78) speed= 5.0m/s  roll=  3.3 pitch= -1.0
  [19/180] yaw= 48.0 wind=(-5.20,-6.53) speed= 8.3m/s  roll= -0.3 pitch= -5.7
  [20/180] yaw= 48.0 wind=( 0.94, 0.68) speed= 1.2m/s  roll= -0.5 pitch=  0.7
  [21/180] yaw= 48.0 wind=( 2.78,-0.28) speed= 2.8m/s  roll= -1.6 pitch=  1.2
  [22/180] yaw= 48.0 wind=( 3.38, 3.95) speed= 5.2m/s  roll=  0.3 pitch=  3.6
  [23/180] yaw= 48.0 wind=(-2.20, 5.31) speed= 5.7m/s  roll=  3.6 pitch=  1.7
  [24/180] yaw= 48.0 wind=( 7.25,-0.96) speed= 7.3m/s  roll= -4.0 pitch=  3.1
  [25/180] yaw= 48.0 wind=(-0.42, 1.92) speed= 2.0m/s  roll=  1.0 pitch=  0.8
  [26/180] yaw= 48.0 wind=( 2.38, 4.57) speed= 5.2m/s  roll=  0.9 pitch=  3.8
  [27/180] yaw= 48.0 wind=( 2.18, 1.53) speed= 2.7m/s  roll= -0.3 pitch=  1.7
  [28/180] yaw= 48.0 wind=(-4.59,-6.72) speed= 8.1m/s  roll= -0.7 pitch= -5.8
  [29/180] yaw= 48.0 wind=( 0.90, 1.44) speed= 1.7m/s  roll=  0.4 pitch=  1.3
  [30/180] yaw= 48.0 wind=(-5.81,-6.88) speed= 9.0m/s  roll= -0.5 pitch= -6.3

============================================================
=== yaw 3/12: 목표 78도로 회전 중 (현재 48.0도) ===
============================================================
  -> yaw 76.8도로 안정화
  [31/180] yaw= 78.0 wind=(-1.97, 0.31) speed= 2.0m/s  roll=  0.4 pitch= -1.5
  [32/180] yaw= 78.0 wind=( 4.51,-4.99) speed= 6.7m/s  roll= -4.1 pitch=  2.7
  [33/180] yaw= 78.0 wind=(-0.09,-0.08) speed= 0.1m/s  roll=  0.1 pitch= -0.1
  [34/180] yaw= 78.0 wind=( 9.79,-0.44) speed= 9.8m/s  roll= -1.1 pitch=  6.8
  [35/180] yaw= 78.0 wind=(-4.92,-2.54) speed= 5.5m/s  roll= -1.1 pitch= -3.7
  [36/180] yaw= 78.0 wind=(-2.98, 1.73) speed= 3.4m/s  roll=  1.3 pitch= -2.0
  [37/180] yaw= 78.0 wind=( 0.02,-0.00) speed= 0.0m/s  roll= -0.1 pitch=  0.1
  [38/180] yaw= 78.0 wind=( 3.17, 6.66) speed= 7.4m/s  roll=  4.3 pitch=  2.8
  [39/180] yaw= 78.0 wind=(-2.23,-5.62) speed= 6.0m/s  roll= -3.6 pitch= -2.2
  [40/180] yaw= 78.0 wind=( 8.69,-2.70) speed= 9.1m/s  roll= -3.2 pitch=  5.4
  [41/180] yaw= 78.0 wind=(-0.19,-0.55) speed= 0.6m/s  roll= -0.2 pitch= -0.5
  [42/180] yaw= 78.0 wind=(-2.93, 5.65) speed= 6.4m/s  roll=  4.3 pitch= -1.2
  [43/180] yaw= 78.0 wind=( 7.64,-1.84) speed= 7.9m/s  roll= -2.5 pitch=  4.9
  [44/180] yaw= 78.0 wind=( 7.35,-2.35) speed= 7.7m/s  roll= -2.8 pitch=  4.4
  [45/180] yaw= 78.0 wind=( 7.95, 4.91) speed= 9.3m/s  roll=  1.9 pitch=  6.3

============================================================
=== yaw 4/12: 목표 108도로 회전 중 (현재 78.0도) ===
============================================================
  -> yaw 107.1도로 안정화
  [46/180] yaw=108.1 wind=(-1.63,-2.22) speed= 2.8m/s  roll= -1.7 pitch= -0.9
  [47/180] yaw=108.0 wind=(-0.00,-0.19) speed= 0.2m/s  roll=  0.2 pitch= -0.2
  [48/180] yaw=108.0 wind=( 1.35,-0.12) speed= 1.4m/s  roll= -0.0 pitch=  0.9
  [49/180] yaw=107.9 wind=( 1.09,-2.28) speed= 2.5m/s  roll= -1.3 pitch=  1.0
  [50/180] yaw=108.0 wind=(-0.84,-5.00) speed= 5.1m/s  roll= -3.5 pitch= -0.2
  [51/180] yaw=108.0 wind=( 0.24,-3.38) speed= 3.4m/s  roll= -2.3 pitch=  0.4
  [52/180] yaw=108.0 wind=( 1.42,-4.17) speed= 4.4m/s  roll= -2.7 pitch=  1.2
  [53/180] yaw=108.0 wind=( 5.27,-5.00) speed= 7.3m/s  roll= -2.6 pitch=  4.2
  [54/180] yaw=108.1 wind=( 5.85, 2.12) speed= 6.2m/s  roll=  1.9 pitch=  4.0
  [55/180] yaw=108.0 wind=(-3.62,-0.41) speed= 3.6m/s  roll= -0.4 pitch= -2.5
  [56/180] yaw=108.0 wind=( 1.42,-0.69) speed= 1.6m/s  roll= -0.6 pitch=  1.0
  [57/180] yaw=108.0 wind=(-9.63, 1.81) speed= 9.8m/s  roll=  0.9 pitch= -6.9
  [58/180] yaw=108.0 wind=(-3.38, 0.57) speed= 3.4m/s  roll=  0.2 pitch= -2.8
  [59/180] yaw=108.0 wind=( 1.73, 1.50) speed= 2.3m/s  roll=  1.1 pitch=  1.0
  [60/180] yaw=108.0 wind=(-5.19, 5.45) speed= 7.5m/s  roll=  3.7 pitch= -4.0

============================================================
=== yaw 5/12: 목표 138도로 회전 중 (현재 108.0도) ===
============================================================
  -> yaw 136.8도로 안정화
  [61/180] yaw=138.0 wind=(-3.06, 0.63) speed= 3.1m/s  roll= -0.9 pitch= -1.9
  [62/180] yaw=138.0 wind=( 5.59,-0.34) speed= 5.6m/s  roll=  2.1 pitch=  3.3
  [63/180] yaw=138.0 wind=( 1.83, 2.24) speed= 2.9m/s  roll=  2.0 pitch=  0.1
  [64/180] yaw=138.0 wind=(-1.77, 5.62) speed= 5.9m/s  roll=  2.3 pitch= -3.3
  [65/180] yaw=138.0 wind=( 1.73,-6.73) speed= 7.0m/s  roll= -2.8 pitch=  3.9
  [66/180] yaw=138.0 wind=( 0.51,-2.31) speed= 2.4m/s  roll= -0.9 pitch=  1.2
  [67/180] yaw=138.0 wind=( 1.33, 8.78) speed= 8.9m/s  roll=  5.0 pitch= -3.9
  [68/180] yaw=138.0 wind=( 1.55,-3.49) speed= 3.8m/s  roll= -1.1 pitch=  2.2
  [69/180] yaw=138.0 wind=(-5.20, 1.96) speed= 5.6m/s  roll= -1.9 pitch= -3.4
  [70/180] yaw=138.0 wind=( 2.72,-4.13) speed= 4.9m/s  roll= -0.7 pitch=  3.6
  [71/180] yaw=138.0 wind=(-0.16,-5.23) speed= 5.2m/s  roll= -2.5 pitch=  2.5
  [72/180] yaw=138.0 wind=(-4.22,-6.16) speed= 7.5m/s  roll= -5.1 pitch=  1.2
  [73/180] yaw=138.0 wind=( 4.42,-7.99) speed= 9.1m/s  roll= -1.1 pitch=  6.2
  [74/180] yaw=138.0 wind=(-0.87, 0.56) speed= 1.0m/s  roll= -0.4 pitch= -0.6
  [75/180] yaw=138.0 wind=(-4.96, 7.76) speed= 9.2m/s  roll=  0.3 pitch= -6.6

============================================================
=== yaw 6/12: 목표 168도로 회전 중 (현재 138.0도) ===
============================================================
  -> yaw 167.6도로 안정화
  [76/180] yaw=168.0 wind=(-0.26, 4.78) speed= 4.8m/s  roll= -3.0 pitch= -5.5
  [77/180] yaw=167.9 wind=( 1.29,-8.16) speed= 8.3m/s  roll=  0.0 pitch=  5.7
  [78/180] yaw=168.0 wind=(-7.50, 6.35) speed= 9.8m/s  roll= -4.6 pitch= -5.0
  [79/180] yaw=168.0 wind=(-0.97, 9.74) speed= 9.8m/s  roll=  0.4 pitch= -6.9
  [80/180] yaw=168.0 wind=( 0.23,-0.60) speed= 0.6m/s  roll=  0.2 pitch=  0.5
  [81/180] yaw=168.0 wind=( 5.10, 0.32) speed= 5.1m/s  roll=  3.5 pitch=  0.3
  [82/180] yaw=168.0 wind=(-2.29,-0.54) speed= 2.4m/s  roll= -1.6 pitch= -0.1
  [83/180] yaw=168.0 wind=( 5.64,-1.43) speed= 5.8m/s  roll=  3.6 pitch=  1.5
  [84/180] yaw=168.0 wind=( 0.30,-5.54) speed= 5.5m/s  roll= -0.6 pitch=  3.7
  [85/180] yaw=168.0 wind=(-2.40,-3.73) speed= 4.4m/s  roll= -2.3 pitch=  2.2
  [86/180] yaw=168.0 wind=( 0.55,-0.22) speed= 0.6m/s  roll=  0.3 pitch=  0.1
  [87/180] yaw=168.0 wind=( 0.04,-0.02) speed= 0.1m/s  roll=  0.0 pitch= -0.1
  [88/180] yaw=168.0 wind=(-3.75, 1.30) speed= 4.0m/s  roll= -2.6 pitch= -1.4
  [89/180] yaw=168.0 wind=(-1.00, 8.59) speed= 8.6m/s  roll=  0.6 pitch= -6.1
  [90/180] yaw=168.0 wind=(-0.89,-0.04) speed= 0.9m/s  roll= -0.6 pitch= -0.2

============================================================
=== yaw 7/12: 목표 198도로 회전 중 (현재 168.0도) ===
============================================================
  -> yaw -162.7도로 안정화
  [91/180] yaw=-162.0 wind=(-6.31, 0.74) speed= 6.4m/s  roll= -4.5 pitch=  0.9
  [92/180] yaw=-162.0 wind=(-2.73, 0.45) speed= 2.8m/s  roll= -1.9 pitch=  0.0
  [93/180] yaw=-162.0 wind=(-0.71,-5.19) speed= 5.2m/s  roll=  0.2 pitch=  3.4
  [94/180] yaw=-162.0 wind=(-2.80, 1.01) speed= 3.0m/s  roll= -2.1 pitch= -0.0
  [95/180] yaw=-162.0 wind=( 3.23, 2.18) speed= 3.9m/s  roll=  1.6 pitch= -2.3
  [96/180] yaw=-162.0 wind=( 8.42, 3.00) speed= 8.9m/s  roll=  5.0 pitch= -4.0
  [97/180] yaw=-162.0 wind=( 0.04, 1.22) speed= 1.2m/s  roll= -0.2 pitch= -0.8
  [98/180] yaw=-162.0 wind=( 2.33, 0.33) speed= 2.4m/s  roll=  1.3 pitch= -0.8
  [99/180] yaw=-162.0 wind=( 1.03, 0.24) speed= 1.1m/s  roll=  0.3 pitch= -0.5
  [100/180] yaw=-162.0 wind=(-0.43, 2.28) speed= 2.3m/s  roll= -0.9 pitch= -1.5
  [101/180] yaw=-162.0 wind=(-8.43, 3.67) speed= 9.2m/s  roll= -6.3 pitch= -0.4
  [102/180] yaw=-162.0 wind=(-8.81,-4.19) speed= 9.8m/s  roll= -5.6 pitch=  3.9
  [103/180] yaw=-162.0 wind=(-1.69,-1.07) speed= 2.0m/s  roll= -0.9 pitch=  1.0
  [104/180] yaw=-162.0 wind=( 2.44, 4.77) speed= 5.4m/s  roll=  0.9 pitch= -3.7
  [105/180] yaw=-162.0 wind=(-3.30,-5.85) speed= 6.7m/s  roll= -1.9 pitch=  4.3

============================================================
=== yaw 8/12: 목표 228도로 회전 중 (현재 -162.0도) ===
============================================================
  -> yaw -133.0도로 안정화
  [106/180] yaw=-132.0 wind=(-0.02,-0.06) speed= 0.1m/s  roll= -0.1 pitch= -0.1
  [107/180] yaw=-132.0 wind=( 0.46,-4.44) speed= 4.5m/s  roll=  2.0 pitch=  2.6
  [108/180] yaw=-132.0 wind=( 6.01, 3.09) speed= 6.8m/s  roll=  1.9 pitch= -4.4
  [109/180] yaw=-132.0 wind=( 2.35,-3.65) speed= 4.3m/s  roll=  2.8 pitch=  0.9
  [110/180] yaw=-132.0 wind=(-6.65,-4.11) speed= 7.8m/s  roll= -1.5 pitch=  5.1
  [111/180] yaw=-132.0 wind=( 0.59, 7.95) speed= 8.0m/s  roll= -4.0 pitch= -3.6
  [112/180] yaw=-132.0 wind=( 0.50,-5.25) speed= 5.3m/s  roll=  3.1 pitch=  2.0
  [113/180] yaw=-132.0 wind=( 1.24,-1.50) speed= 1.9m/s  roll=  1.2 pitch= -0.0
  [114/180] yaw=-132.0 wind=( 3.24,-4.80) speed= 5.8m/s  roll=  4.2 pitch=  0.0
  [115/180] yaw=-132.0 wind=(-0.70,-4.18) speed= 4.2m/s  roll=  1.9 pitch=  2.0
  [116/180] yaw=-132.0 wind=( 3.21, 1.02) speed= 3.4m/s  roll=  0.6 pitch= -2.3
  [117/180] yaw=-132.0 wind=(-2.41,-6.82) speed= 7.2m/s  roll=  2.7 pitch=  4.2
  [118/180] yaw=-132.0 wind=( 3.12, 1.79) speed= 3.6m/s  roll=  0.3 pitch= -2.7
  [119/180] yaw=-132.0 wind=(-6.46, 0.51) speed= 6.5m/s  roll= -3.1 pitch=  3.4
  [120/180] yaw=-132.0 wind=(-6.51, 0.69) speed= 6.5m/s  roll= -3.2 pitch=  3.2

============================================================
=== yaw 9/12: 목표 258도로 회전 중 (현재 -132.0도) ===
============================================================
  -> yaw -102.7도로 안정화
  [121/180] yaw=-102.0 wind=(-1.79,-0.56) speed= 1.9m/s  roll=  0.1 pitch=  1.4
  [122/180] yaw=-102.0 wind=( 0.94,-1.00) speed= 1.4m/s  roll=  1.1 pitch= -0.4
  [123/180] yaw=-102.0 wind=(-0.65, 1.19) speed= 1.4m/s  roll= -1.1 pitch=  0.1
  [124/180] yaw=-102.0 wind=( 2.20, 4.35) speed= 4.9m/s  roll= -2.2 pitch= -2.2
  [125/180] yaw=-102.0 wind=( 0.15,-0.41) speed= 0.4m/s  roll=  0.5 pitch= -0.2
  [126/180] yaw=-102.0 wind=(-0.48,-1.62) speed= 1.7m/s  roll=  1.1 pitch=  0.5
  [127/180] yaw=-102.0 wind=(-1.59, 6.18) speed= 6.4m/s  roll= -4.3 pitch= -0.0
  [128/180] yaw=-102.0 wind=(-1.83, 0.60) speed= 1.9m/s  roll= -0.6 pitch=  1.0
  [129/180] yaw=-102.0 wind=( 3.52, 3.38) speed= 4.9m/s  roll= -1.8 pitch= -2.8
  [130/180] yaw=-102.0 wind=( 0.62,-0.22) speed= 0.7m/s  roll=  0.3 pitch= -0.2
  [131/180] yaw=-102.0 wind=(-1.11,-6.24) speed= 6.3m/s  roll=  3.9 pitch=  1.7
  [132/180] yaw=-102.0 wind=(-2.84, 5.16) speed= 5.9m/s  roll= -3.7 pitch=  1.5
  [133/180] yaw=-102.0 wind=( 4.26,-8.90) speed= 9.9m/s  roll=  6.7 pitch= -1.5
  [134/180] yaw=-102.0 wind=(-3.87,-0.53) speed= 3.9m/s  roll=  0.0 pitch=  2.9
  [135/180] yaw=-102.0 wind=(-2.33, 3.81) speed= 4.5m/s  roll= -2.9 pitch=  1.4

============================================================
=== yaw 10/12: 목표 288도로 회전 중 (현재 -102.0도) ===
============================================================
  -> yaw -74.1도로 안정화
  [136/180] yaw=-72.0 wind=( 3.61,-0.19) speed= 3.6m/s  roll= -0.7 pitch= -2.6
  [137/180] yaw=-72.0 wind=(-7.14, 2.34) speed= 7.5m/s  roll=  0.3 pitch=  5.2
  [138/180] yaw=-72.0 wind=(-3.09, 0.26) speed= 3.1m/s  roll=  0.7 pitch=  2.0
  [139/180] yaw=-72.0 wind=(-4.17,-0.23) speed= 4.2m/s  roll=  0.9 pitch=  2.8
  [140/180] yaw=-72.0 wind=( 2.53, 2.78) speed= 3.8m/s  roll= -2.1 pitch= -1.2
  [141/180] yaw=-72.0 wind=( 4.43,-4.24) speed= 6.1m/s  roll=  1.7 pitch= -4.0
  [142/180] yaw=-72.0 wind=(-0.53, 1.62) speed= 1.7m/s  roll= -0.9 pitch=  0.7
  [143/180] yaw=-72.0 wind=( 0.62, 6.79) speed= 6.8m/s  roll= -4.6 pitch=  1.4
  [144/180] yaw=-72.0 wind=(-8.02, 1.65) speed= 8.2m/s  roll=  0.7 pitch=  5.6
  [145/180] yaw=-72.1 wind=( 3.32,-6.62) speed= 7.4m/s  roll=  3.3 pitch= -3.8
  [146/180] yaw=-72.0 wind=( 2.13,-1.89) speed= 2.8m/s  roll=  0.7 pitch= -1.9
  [147/180] yaw=-72.0 wind=( 0.49,-1.21) speed= 1.3m/s  roll=  0.9 pitch= -0.6
  [148/180] yaw=-72.0 wind=( 1.50, 0.12) speed= 1.5m/s  roll= -0.3 pitch= -0.9
  [149/180] yaw=-72.0 wind=( 4.69,-2.47) speed= 5.3m/s  roll=  0.6 pitch= -3.5
  [150/180] yaw=-72.0 wind=( 9.60, 0.94) speed= 9.6m/s  roll= -2.5 pitch= -6.4

============================================================
=== yaw 11/12: 목표 318도로 회전 중 (현재 -72.0도) ===
============================================================
  -> yaw -43.2도로 안정화
  [151/180] yaw=-42.0 wind=(-4.58, 0.51) speed= 4.6m/s  roll=  2.0 pitch=  2.7
  [152/180] yaw=-42.0 wind=( 3.62, 2.92) speed= 4.6m/s  roll= -3.1 pitch= -0.5
  [153/180] yaw=-42.0 wind=(-0.79, 2.07) speed= 2.2m/s  roll= -0.6 pitch=  1.2
  [154/180] yaw=-42.1 wind=( 1.52,-0.49) speed= 1.6m/s  roll= -0.5 pitch= -0.8
  [155/180] yaw=-42.0 wind=( 0.56,-2.66) speed= 2.7m/s  roll=  0.9 pitch= -1.6
  [156/180] yaw=-41.9 wind=( 5.14, 6.52) speed= 8.3m/s  roll= -5.8 pitch=  0.4
  [157/180] yaw=-42.0 wind=(-2.12,-7.32) speed= 7.6m/s  roll=  4.8 pitch= -2.7
  [158/180] yaw=-42.0 wind=(-0.29,-0.24) speed= 0.4m/s  roll=  0.4 pitch=  0.2
  [159/180] yaw=-42.0 wind=(-0.04, 0.67) speed= 0.7m/s  roll= -0.3 pitch=  0.4
  [160/180] yaw=-42.0 wind=(-3.22,-9.15) speed= 9.7m/s  roll=  6.4 pitch= -2.4
  [161/180] yaw=-42.0 wind=( 0.11,-0.18) speed= 0.2m/s  roll= -0.1 pitch= -0.4
  [162/180] yaw=-42.0 wind=(-0.57, 2.78) speed= 2.8m/s  roll= -1.3 pitch=  1.5
  [163/180] yaw=-42.0 wind=( 3.78, 9.16) speed= 9.9m/s  roll= -6.8 pitch=  1.8
  [164/180] yaw=-42.0 wind=(-7.34, 5.83) speed= 9.4m/s  roll=  0.2 pitch=  6.4
  [165/180] yaw=-42.0 wind=(-8.13,-2.33) speed= 8.5m/s  roll=  5.1 pitch=  2.6

============================================================
=== yaw 12/12: 목표 348도로 회전 중 (현재 -42.0도) ===
============================================================
  -> yaw -13.8도로 안정화
  [166/180] yaw=-12.0 wind=(-2.72,-4.12) speed= 4.9m/s  roll=  2.5 pitch= -2.3
  [167/180] yaw=-12.0 wind=(-7.10, 1.99) speed= 7.4m/s  roll=  4.6 pitch=  2.2
  [168/180] yaw=-12.0 wind=(-4.53, 1.19) speed= 4.7m/s  roll=  2.9 pitch=  1.3
  [169/180] yaw=-12.0 wind=( 0.16, 9.21) speed= 9.2m/s  roll= -1.2 pitch=  6.4
  [170/180] yaw=-12.0 wind=( 0.98,-9.23) speed= 9.3m/s  roll=  0.7 pitch= -6.4
  [171/180] yaw=-12.0 wind=(-0.87,-0.23) speed= 0.9m/s  roll=  0.6 pitch= -0.1
  [172/180] yaw=-12.0 wind=( 2.66, 7.68) speed= 8.1m/s  roll= -2.6 pitch=  4.9
  [173/180] yaw=-12.0 wind=( 1.08,-0.18) speed= 1.1m/s  roll= -0.7 pitch= -0.2
  [174/180] yaw=-12.0 wind=(-8.34, 2.83) speed= 8.8m/s  roll=  5.5 pitch=  2.8
  [175/180] yaw=-12.0 wind=( 0.84,-0.93) speed= 1.2m/s  roll= -0.4 pitch= -0.7
  [176/180] yaw=-12.0 wind=(-0.61, 9.08) speed= 9.1m/s  roll= -0.7 pitch=  6.2
  [177/180] yaw=-12.0 wind=( 2.86,-4.21) speed= 5.1m/s  roll= -1.1 pitch= -3.3
  [178/180] yaw=-12.0 wind=(-0.06, 0.01) speed= 0.1m/s  roll=  0.0 pitch= -0.1
  [179/180] yaw=-12.0 wind=(-1.11,-0.70) speed= 1.3m/s  roll=  0.9 pitch= -0.3
  [180/180] yaw=-12.0 wind=(-1.25,-6.66) speed= 6.8m/s  roll=  2.0 pitch= -4.3

데이터 수집 완료. CSV 저장됨: ../../logs/wind_random_20260814_033506_yaw18p0_n12x15_speed0-10_seed10042.csv
[송신 간격 통계] 목표=50ms  평균=50.0ms  최대=66.4ms  임계치 초과=0/65213

--- Offboard 종료 ---

--- Landing ---
-> 착륙 완료 및 디스암 확인

무작위 바람 데이터 수집 완료.
  [수집] 세션 10 완료 (시도 1/3)
  [그래프] /home/ssh2003/MyProjects/quad-pinn-project/logs/wind_random_20260814_033506_yaw18p0_n12x15_speed0-10_seed10042.csv 요약 PNG 생성 중...
    findfont: Failed to find font weight normal, now using 100.
    /home/ssh2003/MyProjects/quad-pinn-project/sim_scripts/data_collection/plot_session_grid.py:106: UserWarning: This figure includes Axes that are not compatible with tight_layout, so results might be incorrect.
      fig.tight_layout(rect=[0, 0, 0.92, 0.94])
    findfont: Failed to find font weight normal, now using 100.
    findfont: Failed to find font weight normal, now using 100.
    findfont: Failed to find font weight normal, now using 100.
    findfont: Failed to find font weight normal, now using 100.
    저장됨: /home/ssh2003/MyProjects/quad-pinn-project/figures/wind_random_20260814_014422_n12x15_td15/session_wind_random_20260814_033506_yaw18p0_n12x15_speed0-10_seed10042.png

############################################################
# 세션 11/15
############################################################
  [SITL] 기존 프로세스 정리 중 (정상종료 시도)...
Terminated
  [SITL] 강제 정리 (남아있는 프로세스 있으면)...
  [SITL] 재시작 중...
  [SITL] px4 프로세스 감지됨 (1s). 안정화 대기 15s...
  [수집] 시작 (seed=11042, yaw-offset=20.000도, 시도 1/3, 타임아웃 4196초)
PX4 SITL에 연결 시도 중...
-> 드론에 연결됨!
GPS/홈 위치 확인 중...
-> 전역 위치 및 홈 위치 준비 완료

[확인] PX4 SITL이 'windy' 월드로 실행 중인지 확인할 것.

--- Arming ---
-> Armed

--- Takeoff ---
  안전 고도(1.5m) 도달 대기 중...
  -> 안전 고도 도달 (relative_altitude=1.51m)

--- Offboard 진입 준비: 초기 setpoint(현재 위치 고정) 전송 ---

--- Offboard 모드 시작 ---

CSV 로그 저장 경로: ../../logs/wind_random_20260814_043013_yaw20p0_n12x15_speed0-10_seed11042.csv

yaw 12방향(offset=20.0도) x 방향당 바람조건 15개 = 총 180개 수집 시작 (조건당 15초, 예상 총 소요 51.0분 + yaw 회전 시간)

============================================================
=== yaw 1/12: 목표 20도로 회전 중 (현재 92.2도) ===
============================================================
  -> yaw 22.9도로 안정화
  [1/180] yaw= 19.9 wind=( 1.62,-4.40) speed= 4.7m/s  roll= -2.6 pitch= -2.4
  [2/180] yaw= 20.2 wind=( 0.19, 1.51) speed= 1.5m/s  roll= -0.1 pitch=  1.3
  [3/180] yaw= 19.9 wind=( 0.89,-6.54) speed= 6.6m/s  roll= -2.4 pitch= -4.2
  [4/180] yaw= 19.8 wind=( 2.86, 4.39) speed= 5.2m/s  roll= -0.6 pitch=  3.6
  [5/180] yaw= 19.9 wind=( 5.44, 7.10) speed= 8.9m/s  roll= -0.6 pitch=  6.7
  [6/180] yaw= 20.0 wind=(-0.91,-1.08) speed= 1.4m/s  roll=  0.1 pitch= -0.8
  [7/180] yaw= 20.0 wind=(-3.63, 1.83) speed= 4.1m/s  roll=  2.8 pitch=  0.2
  [8/180] yaw= 20.0 wind=(-6.31,-1.60) speed= 6.5m/s  roll=  3.5 pitch= -2.3
  [9/180] yaw= 20.0 wind=( 2.51,-1.93) speed= 3.2m/s  roll= -2.4 pitch= -0.6
  [10/180] yaw= 20.0 wind=( 0.12, 0.79) speed= 0.8m/s  roll= -0.1 pitch=  1.1
  [11/180] yaw= 20.0 wind=( 4.69, 4.88) speed= 6.8m/s  roll= -2.6 pitch=  4.3
  [12/180] yaw= 20.0 wind=(-4.24,-2.52) speed= 4.9m/s  roll=  2.6 pitch= -2.3
  [13/180] yaw= 20.0 wind=(-2.25,-8.69) speed= 9.0m/s  roll=  0.4 pitch= -6.2
  [14/180] yaw= 20.0 wind=(-5.32, 5.03) speed= 7.3m/s  roll=  4.6 pitch=  2.1
  [15/180] yaw= 20.0 wind=(-3.37,-8.55) speed= 9.2m/s  roll=  0.8 pitch= -6.0

============================================================
=== yaw 2/12: 목표 50도로 회전 중 (현재 20.0도) ===
============================================================
  -> yaw 48.8도로 안정화
  [16/180] yaw= 50.0 wind=( 0.86, 0.22) speed= 0.9m/s  roll= -0.4 pitch=  0.8
  [17/180] yaw= 50.0 wind=( 7.79, 1.52) speed= 7.9m/s  roll= -3.2 pitch=  4.6
  [18/180] yaw= 50.0 wind=(-6.39,-3.05) speed= 7.1m/s  roll=  1.8 pitch= -4.4
  [19/180] yaw= 50.0 wind=(-8.02, 3.35) speed= 8.7m/s  roll=  5.2 pitch= -3.0
  [20/180] yaw= 50.1 wind=(-6.90,-5.66) speed= 8.9m/s  roll=  0.9 pitch= -5.8
  [21/180] yaw= 50.0 wind=( 5.68,-6.78) speed= 8.8m/s  roll= -6.0 pitch= -0.8
  [22/180] yaw= 50.1 wind=( 0.63,-0.78) speed= 1.0m/s  roll= -0.6 pitch= -0.1
  [23/180] yaw= 50.0 wind=(-1.38, 0.39) speed= 1.4m/s  roll=  1.1 pitch= -0.1
  [24/180] yaw= 50.0 wind=(-9.30, 0.81) speed= 9.3m/s  roll=  6.0 pitch= -2.3
  [25/180] yaw= 50.0 wind=(-5.48,-6.21) speed= 8.3m/s  roll=  0.7 pitch= -5.6
  [26/180] yaw= 50.0 wind=(-4.71, 0.83) speed= 4.8m/s  roll=  3.1 pitch= -1.3
  [27/180] yaw= 50.0 wind=( 2.45, 7.04) speed= 7.4m/s  roll=  1.2 pitch=  5.2
  [28/180] yaw= 50.0 wind=(-1.50, 0.72) speed= 1.7m/s  roll=  1.4 pitch=  5.0
  [29/180] yaw= 50.0 wind=(-6.49, 0.25) speed= 6.5m/s  roll=  3.8 pitch= -2.5
  [30/180] yaw= 50.1 wind=( 4.22,-7.80) speed= 8.9m/s  roll= -6.0 pitch= -1.3

============================================================
=== yaw 3/12: 목표 80도로 회전 중 (현재 50.1도) ===
============================================================
  -> yaw 78.5도로 안정화
  [31/180] yaw= 80.0 wind=( 2.21,-7.94) speed= 8.2m/s  roll= -5.7 pitch=  0.4
  [32/180] yaw= 80.1 wind=( 4.56,-0.27) speed= 4.6m/s  roll= -1.3 pitch=  3.1
  [33/180] yaw= 80.0 wind=( 5.62,-1.23) speed= 5.8m/s  roll= -2.5 pitch=  3.1
  [34/180] yaw= 79.9 wind=(-0.58,-7.48) speed= 7.5m/s  roll= -5.0 pitch= -2.3
  [35/180] yaw= 80.1 wind=(-5.43,-0.73) speed= 5.5m/s  roll=  0.5 pitch= -3.8
  [36/180] yaw= 80.1 wind=( 7.04, 3.80) speed= 8.0m/s  roll= -0.1 pitch=  5.7
  [37/180] yaw= 79.9 wind=( 1.32,-4.32) speed= 4.5m/s  roll= -3.2 pitch= -0.3
  [38/180] yaw= 80.0 wind=( 3.22,-6.40) speed= 7.2m/s  roll= -5.0 pitch=  0.9
  [39/180] yaw= 80.0 wind=(-1.34, 3.49) speed= 3.7m/s  roll=  2.5 pitch= -0.3
  [40/180] yaw= 80.0 wind=(-7.30, 6.49) speed= 9.8m/s  roll=  5.3 pitch= -3.8
  [41/180] yaw= 80.0 wind=(-0.42, 0.88) speed= 1.0m/s  roll=  0.5 pitch= -0.3
  [42/180] yaw= 80.0 wind=( 7.60,-6.16) speed= 9.8m/s  roll= -5.4 pitch=  4.2
  [43/180] yaw= 80.0 wind=(-2.17,-9.46) speed= 9.7m/s  roll= -5.9 pitch= -2.7
  [44/180] yaw= 80.0 wind=( 0.25,-4.27) speed= 4.3m/s  roll= -3.3 pitch= -0.2
  [45/180] yaw= 80.0 wind=(-9.20,-0.47) speed= 9.2m/s  roll=  0.8 pitch= -6.3

============================================================
=== yaw 4/12: 목표 110도로 회전 중 (현재 80.0도) ===
============================================================
  -> yaw 108.6도로 안정화
  [46/180] yaw=110.0 wind=(-4.03,-1.04) speed= 4.2m/s  roll= -1.6 pitch= -2.5
  [47/180] yaw=110.0 wind=(-8.74, 4.69) speed= 9.9m/s  roll= -0.2 pitch= -6.8
  [48/180] yaw=110.0 wind=( 5.07,-4.96) speed= 7.1m/s  roll= -1.7 pitch=  4.8
  [49/180] yaw=110.0 wind=( 4.14,-4.65) speed= 6.2m/s  roll= -1.9 pitch=  4.0
  [50/180] yaw=110.0 wind=(-4.43,-0.07) speed= 4.4m/s  roll= -1.4 pitch= -2.9
  [51/180] yaw=110.0 wind=( 1.83, 3.37) speed= 3.8m/s  roll=  2.6 pitch= -0.1
  [52/180] yaw=110.0 wind=( 5.91,-6.87) speed= 9.1m/s  roll= -2.6 pitch=  5.8
  [53/180] yaw=110.0 wind=(-0.54,-1.73) speed= 1.8m/s  roll= -1.3 pitch=  0.4
  [54/180] yaw=110.0 wind=(-0.04, 0.81) speed= 0.8m/s  roll=  0.2 pitch= -0.2
  [55/180] yaw=110.0 wind=( 1.77,-0.07) speed= 1.8m/s  roll=  0.5 pitch=  1.2
  [56/180] yaw=110.0 wind=(-1.11, 1.49) speed= 1.9m/s  roll=  0.6 pitch= -1.0
  [57/180] yaw=110.0 wind=(-0.50, 8.89) speed= 8.9m/s  roll=  5.4 pitch= -2.8
  [58/180] yaw=110.0 wind=( 6.76, 1.25) speed= 6.9m/s  roll=  2.5 pitch=  4.2
  [59/180] yaw=110.0 wind=( 0.52,-0.42) speed= 0.7m/s  roll= -0.2 pitch=  0.6
  [60/180] yaw=110.0 wind=(-5.51, 4.90) speed= 7.4m/s  roll=  1.5 pitch= -5.0

============================================================
=== yaw 5/12: 목표 140도로 회전 중 (현재 110.0도) ===
============================================================
  -> yaw 139.9도로 안정화
  [61/180] yaw=140.0 wind=(-1.52, 5.02) speed= 5.2m/s  roll=  1.3 pitch= -3.7
  [62/180] yaw=140.0 wind=( 6.28, 3.66) speed= 7.3m/s  roll=  4.8 pitch=  0.7
  [63/180] yaw=140.0 wind=( 0.81, 2.26) speed= 2.4m/s  roll=  1.2 pitch= -0.7
  [64/180] yaw=140.0 wind=( 2.08,-3.70) speed= 4.2m/s  roll= -0.8 pitch=  2.9
  [65/180] yaw=140.0 wind=(-5.49, 4.16) speed= 6.9m/s  roll= -1.7 pitch= -4.7
  [66/180] yaw=140.0 wind=( 4.22, 5.38) speed= 6.8m/s  roll=  4.4 pitch= -1.3
  [67/180] yaw=140.0 wind=( 3.79,-2.27) speed= 4.4m/s  roll=  1.2 pitch=  2.8
  [68/180] yaw=140.0 wind=( 0.20, 0.68) speed= 0.7m/s  roll=  0.3 pitch= -0.3
  [69/180] yaw=140.0 wind=( 0.81,-1.22) speed= 1.5m/s  roll= -0.6 pitch=  1.0
  [70/180] yaw=140.0 wind=(-2.23,-1.44) speed= 2.7m/s  roll= -0.0 pitch=  1.0
  [71/180] yaw=140.0 wind=( 1.67, 4.20) speed= 4.5m/s  roll=  2.4 pitch= -1.9
  [72/180] yaw=140.0 wind=( 0.41,-1.92) speed= 2.0m/s  roll= -0.7 pitch=  1.0
  [73/180] yaw=140.0 wind=( 0.13,-8.41) speed= 8.4m/s  roll= -3.9 pitch=  4.4
  [74/180] yaw=140.0 wind=(-5.39, 0.82) speed= 5.4m/s  roll= -3.1 pitch= -2.6
  [75/180] yaw=140.0 wind=( 7.15,-1.83) speed= 7.4m/s  roll=  3.4 pitch=  3.8

============================================================
=== yaw 6/12: 목표 170도로 회전 중 (현재 140.0도) ===
============================================================
  -> yaw 167.9도로 안정화
  [76/180] yaw=170.0 wind=(-6.89,-1.28) speed= 7.0m/s  roll= -5.1 pitch=  0.2
  [77/180] yaw=170.0 wind=( 3.89,-3.41) speed= 5.2m/s  roll=  2.3 pitch=  2.7
  [78/180] yaw=170.0 wind=(-3.02,-2.56) speed= 4.0m/s  roll= -2.5 pitch=  1.6
  [79/180] yaw=170.0 wind=(-2.59,-2.21) speed= 3.4m/s  roll= -2.3 pitch=  1.2
  [80/180] yaw=170.0 wind=(-3.08, 8.86) speed= 9.4m/s  roll= -1.7 pitch= -6.6
  [81/180] yaw=170.0 wind=( 5.71,-0.28) speed= 5.7m/s  roll=  4.0 pitch=  0.5
  [82/180] yaw=170.0 wind=( 2.61, 6.19) speed= 6.7m/s  roll=  2.2 pitch= -4.2
  [83/180] yaw=170.0 wind=(-0.65, 3.59) speed= 3.7m/s  roll= -0.6 pitch= -2.5
  [84/180] yaw=170.0 wind=(-5.80, 0.66) speed= 5.8m/s  roll= -4.0 pitch= -1.1
  [85/180] yaw=170.0 wind=( 0.45, 1.52) speed= 1.6m/s  roll=  0.4 pitch= -1.1
  [86/180] yaw=170.0 wind=( 0.18,-2.45) speed= 2.5m/s  roll= -0.2 pitch=  1.5
  [87/180] yaw=170.0 wind=( 4.60, 3.79) speed= 6.0m/s  roll=  3.3 pitch= -2.5
  [88/180] yaw=170.0 wind=( 1.00, 1.65) speed= 1.9m/s  roll=  0.9 pitch= -1.1
  [89/180] yaw=170.0 wind=( 6.29, 3.50) speed= 7.2m/s  roll=  4.5 pitch= -2.0
  [90/180] yaw=170.0 wind=(-2.25,-3.90) speed= 4.5m/s  roll= -2.3 pitch=  2.3

============================================================
=== yaw 7/12: 목표 200도로 회전 중 (현재 170.0도) ===
============================================================
  -> yaw -161.8도로 안정화
  [91/180] yaw=-160.0 wind=( 3.88, 0.77) speed= 4.0m/s  roll=  2.3 pitch= -1.5
  [92/180] yaw=-160.0 wind=( 3.90, 0.70) speed= 4.0m/s  roll=  2.4 pitch= -1.3
  [93/180] yaw=-160.0 wind=(-0.15,-1.01) speed= 1.0m/s  roll= -0.0 pitch=  0.8
  [94/180] yaw=-160.0 wind=(-5.50, 2.06) speed= 5.9m/s  roll= -4.3 pitch=  0.1
  [95/180] yaw=-160.0 wind=(-1.95,-0.58) speed= 2.0m/s  roll= -1.4 pitch=  0.7
  [96/180] yaw=-160.0 wind=(-7.49, 2.27) speed= 7.8m/s  roll= -5.5 pitch=  0.6
  [97/180] yaw=-160.1 wind=(-5.52,-1.48) speed= 5.7m/s  roll= -3.4 pitch=  2.1
  [98/180] yaw=-160.0 wind=( 0.03,-0.01) speed= 0.0m/s  roll= -0.3 pitch=  0.0
  [99/180] yaw=-160.0 wind=( 2.08,-1.56) speed= 2.6m/s  roll=  1.7 pitch=  0.5
  [100/180] yaw=-159.9 wind=( 1.62, 4.23) speed= 4.5m/s  roll=  0.3 pitch= -3.2
  [101/180] yaw=-160.0 wind=(-0.44, 1.21) speed= 1.3m/s  roll=  0.6 pitch= -3.2
  [102/180] yaw=-160.0 wind=( 2.06,-0.72) speed= 2.2m/s  roll=  0.6 pitch= -3.1
  [103/180] yaw=-160.1 wind=( 1.43, 1.98) speed= 2.4m/s  roll=  0.8 pitch= -1.4
  [104/180] yaw=-160.0 wind=( 1.15, 3.81) speed= 4.0m/s  roll=  0.4 pitch= -2.7
  [105/180] yaw=-160.0 wind=( 6.74, 2.79) speed= 7.3m/s  roll=  4.2 pitch= -2.8

============================================================
=== yaw 8/12: 목표 230도로 회전 중 (현재 -160.0도) ===
============================================================
  -> yaw -131.9도로 안정화
  [106/180] yaw=-129.9 wind=(-2.19, 8.99) speed= 9.3m/s  roll= -5.1 pitch= -4.3
  [107/180] yaw=-130.0 wind=(-1.99,-6.13) speed= 6.4m/s  roll=  1.3 pitch=  4.2
  [108/180] yaw=-130.0 wind=( 3.02,-4.07) speed= 5.1m/s  roll=  3.2 pitch=  1.1
  [109/180] yaw=-130.0 wind=(-1.33,-2.70) speed= 3.0m/s  roll=  0.3 pitch=  2.2
  [110/180] yaw=-130.0 wind=(-2.41,-3.20) speed= 4.0m/s  roll= -0.4 pitch=  2.9
  [111/180] yaw=-130.0 wind=(-3.37,-1.65) speed= 3.8m/s  roll= -1.5 pitch=  1.9
  [112/180] yaw=-130.0 wind=(-1.17, 0.76) speed= 1.4m/s  roll= -1.0 pitch=  0.1
  [113/180] yaw=-130.0 wind=(-4.19, 2.35) speed= 4.8m/s  roll= -3.3 pitch= -0.1
  [114/180] yaw=-130.0 wind=(-5.67, 4.06) speed= 7.0m/s  roll= -4.9 pitch= -0.1
  [115/180] yaw=-130.0 wind=( 2.28,-4.79) speed= 5.3m/s  roll=  3.6 pitch=  1.7
  [116/180] yaw=-130.0 wind=( 6.55, 7.00) speed= 9.6m/s  roll= -0.1 pitch= -6.8
  [117/180] yaw=-130.0 wind=( 5.57,-3.22) speed= 6.4m/s  roll=  4.2 pitch= -1.1
  [118/180] yaw=-130.0 wind=(-1.11, 8.96) speed= 9.0m/s  roll= -5.1 pitch= -3.5
  [119/180] yaw=-130.0 wind=( 1.70, 3.50) speed= 3.9m/s  roll= -1.1 pitch= -2.7
  [120/180] yaw=-130.0 wind=( 2.57,-2.23) speed= 3.4m/s  roll=  2.4 pitch= -0.2

============================================================
=== yaw 9/12: 목표 260도로 회전 중 (현재 -130.0도) ===
============================================================
  -> yaw -100.1도로 안정화
  [121/180] yaw=-100.0 wind=( 0.07,-0.09) speed= 0.1m/s  roll=  0.0 pitch=  0.1
  [122/180] yaw=-100.0 wind=( 1.55,-0.85) speed= 1.8m/s  roll=  0.7 pitch= -1.0
  [123/180] yaw=-100.0 wind=(-6.66,-0.71) speed= 6.7m/s  roll= -0.1 pitch=  4.8
  [124/180] yaw=-100.0 wind=( 4.35, 4.32) speed= 6.1m/s  roll= -3.1 pitch= -3.4
  [125/180] yaw=-100.0 wind=(-0.89,-3.20) speed= 3.3m/s  roll=  2.2 pitch=  0.7
  [126/180] yaw=-100.0 wind=(-2.88, 6.30) speed= 6.9m/s  roll= -4.4 pitch=  1.9
  [127/180] yaw=-100.0 wind=(-3.63,-2.84) speed= 4.6m/s  roll=  1.6 pitch=  2.9
  [128/180] yaw=-100.0 wind=( 1.99, 4.85) speed= 5.2m/s  roll= -3.4 pitch= -1.8
  [129/180] yaw=-100.0 wind=( 0.15,-0.33) speed= 0.4m/s  roll=  0.4 pitch= -0.1
  [130/180] yaw=-100.0 wind=( 4.54,-6.85) speed= 8.2m/s  roll=  5.1 pitch= -2.4
  [131/180] yaw=-100.0 wind=(-2.15, 2.20) speed= 3.1m/s  roll= -1.5 pitch=  1.4
  [132/180] yaw=-100.0 wind=(-1.80,-5.56) speed= 5.8m/s  roll=  3.7 pitch=  1.9
  [133/180] yaw=-100.0 wind=( 1.52,-9.74) speed= 9.9m/s  roll=  6.8 pitch=  0.1
  [134/180] yaw=-100.0 wind=( 3.86,-0.95) speed= 4.0m/s  roll=  1.3 pitch= -2.6
  [135/180] yaw=-100.0 wind=(-2.67,-4.92) speed= 5.6m/s  roll=  3.2 pitch=  2.5

============================================================
=== yaw 10/12: 목표 290도로 회전 중 (현재 -100.0도) ===
============================================================
  -> yaw -70.5도로 안정화
  [136/180] yaw=-70.0 wind=( 7.91,-5.62) speed= 9.7m/s  roll=  1.7 pitch= -6.6
  [137/180] yaw=-70.1 wind=( 4.34, 1.77) speed= 4.7m/s  roll= -2.3 pitch= -2.5
  [138/180] yaw=-70.0 wind=( 4.31, 2.39) speed= 4.9m/s  roll= -2.6 pitch= -2.3
  [139/180] yaw=-70.0 wind=(-2.05,-2.07) speed= 2.9m/s  roll=  1.8 pitch=  1.0
  [140/180] yaw=-70.0 wind=( 2.31,-2.83) speed= 3.7m/s  roll=  1.2 pitch= -2.3
  [141/180] yaw=-70.0 wind=(-4.14, 5.03) speed= 6.5m/s  roll= -2.1 pitch=  4.0
  [142/180] yaw=-70.0 wind=(-0.00, 0.08) speed= 0.1m/s  roll= -2.0 pitch=  3.8
  [143/180] yaw=-70.0 wind=( 0.39,-0.97) speed= 1.0m/s  roll=  0.4 pitch= -0.5
  [144/180] yaw=-70.0 wind=(-5.32,-3.25) speed= 6.2m/s  roll=  3.4 pitch=  2.6
  [145/180] yaw=-70.0 wind=( 7.54,-2.77) speed= 8.0m/s  roll= -0.2 pitch= -5.6
  [146/180] yaw=-70.0 wind=(-3.31, 0.22) speed= 3.3m/s  roll=  1.0 pitch=  2.0
  [147/180] yaw=-70.0 wind=( 0.92,-7.86) speed= 7.9m/s  roll=  4.9 pitch= -2.5
  [148/180] yaw=-70.0 wind=( 0.35, 1.03) speed= 1.1m/s  roll= -0.6 pitch=  0.1
  [149/180] yaw=-70.0 wind=(-0.21, 0.16) speed= 0.3m/s  roll= -0.2 pitch=  0.4
  [150/180] yaw=-70.0 wind=(-0.10, 6.48) speed= 6.5m/s  roll= -4.1 pitch=  1.7

============================================================
=== yaw 11/12: 목표 320도로 회전 중 (현재 -70.0도) ===
============================================================
  -> yaw -41.1도로 안정화
  [151/180] yaw=-40.0 wind=( 0.70, 0.02) speed= 0.7m/s  roll= -0.4 pitch= -0.3
  [152/180] yaw=-40.0 wind=( 2.60,-2.46) speed= 3.6m/s  roll= -0.4 pitch= -2.6
  [153/180] yaw=-40.0 wind=( 3.41, 4.18) speed= 5.4m/s  roll= -3.6 pitch=  0.6
  [154/180] yaw=-39.9 wind=( 3.31, 8.43) speed= 9.1m/s  roll= -5.6 pitch=  2.6
  [155/180] yaw=-40.0 wind=( 1.90,-1.75) speed= 2.6m/s  roll=  0.0 pitch= -1.9
  [156/180] yaw=-40.0 wind=(-1.42, 2.99) speed= 3.3m/s  roll= -0.6 pitch=  2.1
  [157/180] yaw=-40.0 wind=( 7.38,-0.71) speed= 7.4m/s  roll= -0.9 pitch=  2.4
  [158/180] yaw=-40.0 wind=( 9.14,-0.56) speed= 9.2m/s  roll= -4.3 pitch= -4.7
  [159/180] yaw=-40.0 wind=(-6.55,-2.40) speed= 7.0m/s  roll=  4.5 pitch=  2.3
  [160/180] yaw=-40.0 wind=(-4.57,-0.78) speed= 4.6m/s  roll=  2.7 pitch=  1.8
  [161/180] yaw=-40.0 wind=(-9.06,-2.27) speed= 9.3m/s  roll=  2.5 pitch=  2.0
  [162/180] yaw=-40.0 wind=(-0.40,-2.07) speed= 2.1m/s  roll=  1.3 pitch= -0.9
  [163/180] yaw=-40.0 wind=(-9.50,-0.65) speed= 9.5m/s  roll=  4.8 pitch=  4.6
  [164/180] yaw=-40.0 wind=(-5.50, 6.51) speed= 8.5m/s  roll=  0.7 pitch=  6.1
  [165/180] yaw=-40.0 wind=( 0.20, 9.25) speed= 9.3m/s  roll= -3.5 pitch=  5.5

============================================================
=== yaw 12/12: 목표 350도로 회전 중 (현재 -40.0도) ===
============================================================
  -> yaw -12.1도로 안정화
  [166/180] yaw=-10.0 wind=( 2.58,-4.02) speed= 4.8m/s  roll= -1.7 pitch= -2.7
  [167/180] yaw=-10.0 wind=(-0.26, 2.25) speed= 2.3m/s  roll= -0.0 pitch=  1.8
  [168/180] yaw=-10.0 wind=(-2.50, 5.46) speed= 6.0m/s  roll=  1.8 pitch=  4.1
  [169/180] yaw=-10.0 wind=( 2.18, 0.20) speed= 2.2m/s  roll= -1.7 pitch= -0.0
  [170/180] yaw=-10.0 wind=( 4.32, 5.86) speed= 7.3m/s  roll= -3.1 pitch=  3.9
  [171/180] yaw=-10.0 wind=(-7.10, 1.99) speed= 7.4m/s  roll=  4.7 pitch=  1.9
  [172/180] yaw=-10.0 wind=( 4.70, 1.59) speed= 5.0m/s  roll= -3.5 pitch=  0.7
  [173/180] yaw=-10.0 wind=( 0.70,-7.16) speed= 7.2m/s  roll=  0.5 pitch= -5.0
  [174/180] yaw=-10.0 wind=( 1.16,-0.37) speed= 1.2m/s  roll=  0.3 pitch= -5.1
  [175/180] yaw=-10.0 wind=( 0.01, 0.33) speed= 0.3m/s  roll=  0.0 pitch=  0.2
  [176/180] yaw=-10.0 wind=(-4.53, 3.49) speed= 5.7m/s  roll=  2.8 pitch=  2.7
  [177/180] yaw=-10.0 wind=( 1.04,-9.11) speed= 9.2m/s  roll=  1.2 pitch= -6.5
  [178/180] yaw=-10.0 wind=(-5.24,-0.44) speed= 5.3m/s  roll=  3.5 pitch=  0.7
  [179/180] yaw=-10.0 wind=( 8.13,-0.77) speed= 8.2m/s  roll= -5.6 pitch= -1.6
  [180/180] yaw=-10.0 wind=( 6.00,-4.02) speed= 7.2m/s  roll= -3.6 pitch= -3.8

데이터 수집 완료. CSV 저장됨: ../../logs/wind_random_20260814_043013_yaw20p0_n12x15_speed0-10_seed11042.csv
[송신 간격 통계] 목표=50ms  평균=50.0ms  최대=66.5ms  임계치 초과=0/65214

--- Offboard 종료 ---

--- Landing ---
-> 착륙 완료 및 디스암 확인

무작위 바람 데이터 수집 완료.
  [수집] 세션 11 완료 (시도 1/3)
  [그래프] /home/ssh2003/MyProjects/quad-pinn-project/logs/wind_random_20260814_043013_yaw20p0_n12x15_speed0-10_seed11042.csv 요약 PNG 생성 중...
    findfont: Failed to find font weight normal, now using 100.
    /home/ssh2003/MyProjects/quad-pinn-project/sim_scripts/data_collection/plot_session_grid.py:106: UserWarning: This figure includes Axes that are not compatible with tight_layout, so results might be incorrect.
      fig.tight_layout(rect=[0, 0, 0.92, 0.94])
    findfont: Failed to find font weight normal, now using 100.
    findfont: Failed to find font weight normal, now using 100.
    findfont: Failed to find font weight normal, now using 100.
    findfont: Failed to find font weight normal, now using 100.
    저장됨: /home/ssh2003/MyProjects/quad-pinn-project/figures/wind_random_20260814_014422_n12x15_td15/session_wind_random_20260814_043013_yaw20p0_n12x15_speed0-10_seed11042.png

############################################################
# 세션 12/15
############################################################
  [SITL] 기존 프로세스 정리 중 (정상종료 시도)...
Terminated
  [SITL] 강제 정리 (남아있는 프로세스 있으면)...
  [SITL] 재시작 중...
  [SITL] px4 프로세스 감지됨 (1s). 안정화 대기 15s...
  [수집] 시작 (seed=12042, yaw-offset=22.000도, 시도 1/3, 타임아웃 4196초)
PX4 SITL에 연결 시도 중...
-> 드론에 연결됨!
GPS/홈 위치 확인 중...
-> 전역 위치 및 홈 위치 준비 완료

[확인] PX4 SITL이 'windy' 월드로 실행 중인지 확인할 것.

--- Arming ---
-> Armed

--- Takeoff ---
  안전 고도(1.5m) 도달 대기 중...
  -> 안전 고도 도달 (relative_altitude=1.51m)

--- Offboard 진입 준비: 초기 setpoint(현재 위치 고정) 전송 ---

--- Offboard 모드 시작 ---

CSV 로그 저장 경로: ../../logs/wind_random_20260814_052520_yaw22p0_n12x15_speed0-10_seed12042.csv

yaw 12방향(offset=22.0도) x 방향당 바람조건 15개 = 총 180개 수집 시작 (조건당 15초, 예상 총 소요 51.0분 + yaw 회전 시간)

============================================================
=== yaw 1/12: 목표 22도로 회전 중 (현재 90.8도) ===
============================================================
  -> yaw 22.8도로 안정화
  [1/180] yaw= 22.0 wind=( 0.51,-1.55) speed= 1.6m/s  roll= -0.8 pitch= -0.8
  [2/180] yaw= 22.0 wind=(-5.17, 1.29) speed= 5.3m/s  roll=  3.7 pitch= -0.6
  [3/180] yaw= 22.0 wind=( 4.72,-2.60) speed= 5.4m/s  roll= -3.6 pitch= -0.6
  [4/180] yaw= 22.0 wind=( 2.38,-3.95) speed= 4.6m/s  roll= -2.7 pitch= -1.9
  [5/180] yaw= 22.0 wind=(-2.19,-2.32) speed= 3.2m/s  roll=  1.1 pitch= -2.0
  [6/180] yaw= 22.0 wind=( 0.08, 2.41) speed= 2.4m/s  roll=  0.8 pitch=  1.6
  [7/180] yaw= 22.1 wind=( 3.63, 3.62) speed= 5.1m/s  roll= -1.5 pitch=  3.4
  [8/180] yaw= 22.0 wind=(-0.66, 0.18) speed= 0.7m/s  roll=  0.4 pitch= -0.2
  [9/180] yaw= 22.0 wind=(-3.29, 4.75) speed= 5.8m/s  roll=  3.1 pitch=  2.2
  [10/180] yaw= 22.0 wind=( 2.35, 0.51) speed= 2.4m/s  roll= -1.6 pitch=  0.7
  [11/180] yaw= 22.0 wind=( 0.46,-0.54) speed= 0.7m/s  roll= -0.3 pitch= -0.1
  [12/180] yaw= 22.0 wind=(-0.70,-0.47) speed= 0.8m/s  roll=  0.2 pitch= -0.3
  [13/180] yaw= 22.0 wind=(-6.77,-1.90) speed= 7.0m/s  roll=  4.0 pitch= -2.8
  [14/180] yaw= 22.0 wind=(-9.19,-2.68) speed= 9.6m/s  roll=  5.6 pitch= -3.5
  [15/180] yaw= 22.0 wind=( 0.96,-0.26) speed= 1.0m/s  roll= -0.8 pitch=  0.4

============================================================
=== yaw 2/12: 목표 52도로 회전 중 (현재 22.0도) ===
============================================================
  -> yaw 51.7도로 안정화
  [16/180] yaw= 52.0 wind=(-6.77, 2.27) speed= 7.1m/s  roll=  4.0 pitch= -3.1
  [17/180] yaw= 52.0 wind=(-4.72,-4.53) speed= 6.5m/s  roll=  0.1 pitch= -4.5
  [18/180] yaw= 52.2 wind=( 4.56, 4.54) speed= 6.4m/s  roll= -0.3 pitch=  4.3
  [19/180] yaw= 52.1 wind=(-2.68, 6.18) speed= 6.7m/s  roll=  3.8 pitch=  3.2
  [20/180] yaw= 51.9 wind=( 2.87, 2.21) speed= 3.6m/s  roll= -1.2 pitch=  2.2
  [21/180] yaw= 52.0 wind=( 5.47,-6.34) speed= 8.4m/s  roll= -5.4 pitch= -1.4
  [22/180] yaw= 52.0 wind=(-2.71, 2.16) speed= 3.5m/s  roll=  2.2 pitch=  0.3
  [23/180] yaw= 52.0 wind=( 6.04,-1.95) speed= 6.3m/s  roll= -4.2 pitch=  1.6
  [24/180] yaw= 52.0 wind=(-2.36, 2.49) speed= 3.4m/s  roll=  2.4 pitch=  0.4
  [25/180] yaw= 52.0 wind=(-2.39, 7.35) speed= 7.7m/s  roll=  4.5 pitch=  2.9
  [26/180] yaw= 52.0 wind=(-9.27,-1.86) speed= 9.5m/s  roll=  4.6 pitch= -4.3
  [27/180] yaw= 52.0 wind=(-9.63, 0.88) speed= 9.7m/s  roll=  5.6 pitch= -3.7
  [28/180] yaw= 52.0 wind=(-3.76, 2.17) speed= 4.3m/s  roll=  2.9 pitch= -0.6
  [29/180] yaw= 52.0 wind=(-1.74, 7.41) speed= 7.6m/s  roll=  4.3 pitch=  3.3
  [30/180] yaw= 52.0 wind=( 1.21,-0.01) speed= 1.2m/s  roll= -0.6 pitch=  0.7

============================================================
=== yaw 3/12: 목표 82도로 회전 중 (현재 52.0도) ===
============================================================
  -> yaw 81.5도로 안정화
  [31/180] yaw= 82.0 wind=( 4.51, 2.93) speed= 5.4m/s  roll=  0.8 pitch=  3.8
  [32/180] yaw= 82.0 wind=(-0.36,-3.63) speed= 3.7m/s  roll= -2.3 pitch= -1.0
  [33/180] yaw= 82.0 wind=( 7.21, 5.44) speed= 9.0m/s  roll=  2.4 pitch=  5.8
  [34/180] yaw= 82.0 wind=( 4.27,-4.28) speed= 6.0m/s  roll= -3.5 pitch=  2.3
  [35/180] yaw= 82.0 wind=( 4.35,-2.86) speed= 5.2m/s  roll= -2.8 pitch=  2.6
  [36/180] yaw= 82.0 wind=(-5.05,-1.59) speed= 5.3m/s  roll= -0.4 pitch= -3.6
  [37/180] yaw= 82.0 wind=( 7.17, 1.58) speed= 7.3m/s  roll=  0.4 pitch=  5.2
  [38/180] yaw= 82.0 wind=( 8.25, 4.62) speed= 9.5m/s  roll=  2.8 pitch=  5.9
  [39/180] yaw= 82.0 wind=( 1.40, 3.94) speed= 4.2m/s  roll=  2.6 pitch=  1.1
  [40/180] yaw= 82.0 wind=(-5.80,-4.14) speed= 7.1m/s  roll= -2.3 pitch= -4.5
  [41/180] yaw= 82.0 wind=(-2.67,-5.04) speed= 5.7m/s  roll= -3.1 pitch= -2.2
  [42/180] yaw= 82.0 wind=(-0.94,-4.64) speed= 4.7m/s  roll= -3.0 pitch= -1.1
  [43/180] yaw= 82.0 wind=(-0.28, 2.42) speed= 2.4m/s  roll=  2.0 pitch=  0.2
  [44/180] yaw= 82.0 wind=(-3.41,-4.58) speed= 5.7m/s  roll= -2.6 pitch= -2.8
  [45/180] yaw= 82.0 wind=( 3.62, 1.48) speed= 3.9m/s  roll=  0.7 pitch=  2.6

============================================================
=== yaw 4/12: 목표 112도로 회전 중 (현재 82.0도) ===
============================================================
  -> yaw 111.0도로 안정화
  [46/180] yaw=112.0 wind=(-0.29, 3.07) speed= 3.1m/s  roll=  2.1 pitch= -0.9
  [47/180] yaw=112.0 wind=( 1.66,-1.99) speed= 2.6m/s  roll= -0.7 pitch=  1.5
  [48/180] yaw=112.0 wind=(-4.01,-6.39) speed= 7.5m/s  roll= -5.4 pitch= -0.8
  [49/180] yaw=112.0 wind=( 1.95,-4.55) speed= 4.9m/s  roll= -2.4 pitch=  2.5
  [50/180] yaw=112.0 wind=(-5.83, 1.11) speed= 5.9m/s  roll= -1.3 pitch= -3.8
  [51/180] yaw=112.0 wind=(-5.90, 2.22) speed= 6.3m/s  roll= -0.6 pitch= -4.2
  [52/180] yaw=112.0 wind=( 4.67, 0.60) speed= 4.7m/s  roll=  1.9 pitch=  2.8
  [53/180] yaw=112.0 wind=( 2.39,-0.37) speed= 2.4m/s  roll=  0.4 pitch=  1.5
  [54/180] yaw=112.0 wind=(-4.59, 8.08) speed= 9.3m/s  roll=  3.5 pitch= -5.4
  [55/180] yaw=112.0 wind=(-0.53, 0.79) speed= 1.0m/s  roll=  0.0 pitch= -0.4
  [56/180] yaw=112.0 wind=(-4.01, 6.26) speed= 7.4m/s  roll=  2.5 pitch= -4.3
  [57/180] yaw=112.0 wind=( 3.28, 2.28) speed= 4.0m/s  roll=  2.3 pitch=  1.3
  [58/180] yaw=112.0 wind=( 0.32, 3.39) speed= 3.4m/s  roll=  2.4 pitch= -0.6
  [59/180] yaw=112.0 wind=(-1.62,-1.60) speed= 2.3m/s  roll= -1.3 pitch= -0.5
  [60/180] yaw=112.0 wind=( 0.20, 6.51) speed= 6.5m/s  roll=  4.3 pitch= -1.8

============================================================
=== yaw 5/12: 목표 142도로 회전 중 (현재 112.0도) ===
============================================================
  -> yaw 139.6도로 안정화
  [61/180] yaw=142.0 wind=(-5.64,-6.75) speed= 8.8m/s  roll= -5.9 pitch=  1.0
  [62/180] yaw=142.0 wind=(-3.25, 1.15) speed= 3.4m/s  roll= -1.2 pitch= -1.9
  [63/180] yaw=142.0 wind=(-1.84,-2.93) speed= 3.5m/s  roll= -2.2 pitch=  0.8
  [64/180] yaw=142.0 wind=( 0.82, 4.10) speed= 4.2m/s  roll=  2.4 pitch= -2.1
  [65/180] yaw=142.0 wind=(-4.41, 4.69) speed= 6.4m/s  roll= -0.6 pitch= -4.5
  [66/180] yaw=142.0 wind=( 2.81, 4.56) speed= 5.4m/s  roll=  3.5 pitch= -1.2
  [67/180] yaw=142.0 wind=( 1.55, 0.05) speed= 1.5m/s  roll=  0.8 pitch=  0.7
  [68/180] yaw=142.0 wind=(-5.13,-3.42) speed= 6.2m/s  roll= -4.6 pitch= -0.5
  [69/180] yaw=142.0 wind=( 7.29, 5.11) speed= 8.9m/s  roll=  6.2 pitch=  0.0
  [70/180] yaw=142.0 wind=( 0.58, 0.46) speed= 0.7m/s  roll=  0.4 pitch=  0.2
  [71/180] yaw=142.0 wind=( 1.29, 0.33) speed= 1.3m/s  roll=  0.8 pitch=  0.3
  [72/180] yaw=142.0 wind=( 1.48,-8.25) speed= 8.4m/s  roll= -2.3 pitch=  5.6
  [73/180] yaw=142.0 wind=(-0.96,-0.38) speed= 1.0m/s  roll= -0.7 pitch= -0.2
  [74/180] yaw=142.0 wind=( 1.56, 1.80) speed= 2.4m/s  roll=  1.6 pitch= -0.3
  [75/180] yaw=142.0 wind=(-8.61, 4.21) speed= 9.6m/s  roll= -3.3 pitch= -5.7

============================================================
=== yaw 6/12: 목표 172도로 회전 중 (현재 142.0도) ===
============================================================
  -> yaw 170.5도로 안정화
  [76/180] yaw=172.0 wind=( 2.88,-1.05) speed= 3.1m/s  roll=  1.9 pitch=  1.1
  [77/180] yaw=172.0 wind=(-2.63, 3.45) speed= 4.3m/s  roll= -1.7 pitch= -2.6
  [78/180] yaw=172.0 wind=( 7.42,-0.98) speed= 7.5m/s  roll=  5.2 pitch=  1.6
  [79/180] yaw=172.0 wind=( 1.97,-6.63) speed= 6.9m/s  roll=  0.5 pitch=  4.8
  [80/180] yaw=172.0 wind=( 6.33,-1.78) speed= 6.6m/s  roll=  4.0 pitch=  2.2
  [81/180] yaw=172.0 wind=(-1.09,-2.03) speed= 2.3m/s  roll= -0.9 pitch=  1.3
  [82/180] yaw=172.0 wind=(-0.48, 3.93) speed= 4.0m/s  roll=  0.3 pitch= -2.7
  [83/180] yaw=172.0 wind=( 5.12, 3.03) speed= 6.0m/s  roll=  4.0 pitch= -1.4
  [84/180] yaw=172.0 wind=(-7.31, 5.40) speed= 9.1m/s  roll= -4.6 pitch= -4.2
  [85/180] yaw=172.0 wind=(-6.81,-5.01) speed= 8.4m/s  roll= -5.5 pitch=  1.8
  [86/180] yaw=172.0 wind=( 1.92, 0.18) speed= 1.9m/s  roll=  1.1 pitch=  0.1
  [87/180] yaw=172.0 wind=(-6.91, 4.05) speed= 8.0m/s  roll= -4.0 pitch= -3.9
  [88/180] yaw=172.0 wind=(-4.94, 7.22) speed= 8.8m/s  roll= -1.8 pitch= -5.8
  [89/180] yaw=172.0 wind=( 1.24, 3.11) speed= 3.3m/s  roll=  1.1 pitch= -1.8
  [90/180] yaw=172.0 wind=(-9.18, 3.58) speed= 9.9m/s  roll= -5.9 pitch= -3.7

============================================================
=== yaw 7/12: 목표 202도로 회전 중 (현재 172.0도) ===
============================================================
  -> yaw -158.7도로 안정화
  [91/180] yaw=-158.0 wind=(-2.01, 4.89) speed= 5.3m/s  roll= -2.4 pitch= -2.8
  [92/180] yaw=-158.0 wind=(-7.82, 0.12) speed= 7.8m/s  roll= -5.2 pitch=  1.6
  [93/180] yaw=-158.0 wind=(-8.26, 3.54) speed= 9.0m/s  roll= -6.4 pitch= -0.3
  [94/180] yaw=-158.0 wind=( 4.74, 3.43) speed= 5.9m/s  roll=  2.3 pitch= -3.1
  [95/180] yaw=-158.0 wind=(-3.37, 1.28) speed= 3.6m/s  roll= -2.5 pitch= -0.0
  [96/180] yaw=-158.0 wind=( 0.17, 0.18) speed= 0.2m/s  roll=  0.2 pitch=  0.0
  [97/180] yaw=-158.0 wind=( 0.38, 0.44) speed= 0.6m/s  roll=  0.4 pitch= -0.4
  [98/180] yaw=-158.0 wind=( 7.23,-0.59) speed= 7.3m/s  roll=  4.9 pitch= -1.3
  [99/180] yaw=-158.0 wind=( 5.52, 6.85) speed= 8.8m/s  roll=  1.7 pitch= -5.4
  [100/180] yaw=-158.0 wind=( 7.67,-3.22) speed= 8.3m/s  roll=  5.8 pitch=  0.4
  [101/180] yaw=-158.0 wind=(-0.78,-4.06) speed= 4.1m/s  roll=  0.7 pitch=  3.0
  [102/180] yaw=-158.0 wind=( 2.86, 4.01) speed= 4.9m/s  roll=  0.8 pitch= -3.3
  [103/180] yaw=-158.0 wind=(-3.87, 4.35) speed= 5.8m/s  roll= -3.6 pitch= -1.5
  [104/180] yaw=-158.0 wind=(-1.58,-5.60) speed= 5.8m/s  roll=  0.3 pitch=  4.1
  [105/180] yaw=-158.0 wind=( 0.34, 1.71) speed= 1.7m/s  roll= -0.2 pitch= -1.3

============================================================
=== yaw 8/12: 목표 232도로 회전 중 (현재 -158.0도) ===
============================================================
  -> yaw -128.8도로 안정화
  [106/180] yaw=-128.0 wind=( 7.07,-1.72) speed= 7.3m/s  roll=  3.7 pitch= -3.2
  [107/180] yaw=-128.0 wind=(-0.00,-8.39) speed= 8.4m/s  roll=  4.6 pitch=  4.2
  [108/180] yaw=-128.0 wind=(-1.49, 2.61) speed= 3.0m/s  roll= -2.0 pitch= -0.5
  [109/180] yaw=-128.0 wind=( 5.39,-5.89) speed= 8.0m/s  roll=  5.6 pitch= -0.4
  [110/180] yaw=-128.0 wind=( 3.04, 8.54) speed= 9.1m/s  roll= -3.5 pitch= -5.2
  [111/180] yaw=-128.0 wind=(-0.15,-2.96) speed= 3.0m/s  roll=  1.6 pitch=  1.2
  [112/180] yaw=-128.0 wind=( 0.53,-1.28) speed= 1.4m/s  roll=  1.2 pitch=  0.3
  [113/180] yaw=-128.0 wind=(-6.55, 0.04) speed= 6.5m/s  roll= -2.8 pitch=  3.8
  [114/180] yaw=-128.0 wind=( 7.24,-4.77) speed= 8.7m/s  roll=  5.8 pitch= -1.7
  [115/180] yaw=-128.0 wind=( 3.14, 6.22) speed= 7.0m/s  roll= -1.9 pitch= -4.2
  [116/180] yaw=-128.0 wind=( 4.44,-1.01) speed= 4.6m/s  roll=  2.5 pitch= -2.0
  [117/180] yaw=-128.0 wind=( 3.31,-1.34) speed= 3.6m/s  roll=  2.3 pitch= -1.2
  [118/180] yaw=-128.0 wind=(-4.25,-0.47) speed= 4.3m/s  roll= -1.7 pitch=  2.4
  [119/180] yaw=-128.0 wind=(-0.79, 0.45) speed= 0.9m/s  roll= -0.6 pitch=  0.2
  [120/180] yaw=-128.0 wind=(-0.89, 1.33) speed= 1.6m/s  roll= -1.1 pitch= -0.2

============================================================
=== yaw 9/12: 목표 262도로 회전 중 (현재 -128.0도) ===
============================================================
  -> yaw -99.0도로 안정화
  [121/180] yaw=-98.0 wind=( 0.06,-0.12) speed= 0.1m/s  roll= -0.3 pitch= -0.0
  [122/180] yaw=-98.0 wind=(-4.44, 8.86) speed= 9.9m/s  roll= -6.3 pitch=  2.9
  [123/180] yaw=-98.0 wind=( 0.16,-1.26) speed= 1.3m/s  roll=  1.1 pitch= -0.0
  [124/180] yaw=-98.0 wind=( 1.26, 4.91) speed= 5.1m/s  roll= -3.3 pitch= -1.2
  [125/180] yaw=-98.0 wind=(-6.38, 0.19) speed= 6.4m/s  roll= -0.6 pitch=  4.5
  [126/180] yaw=-98.0 wind=( 1.94,-7.82) speed= 8.1m/s  roll=  5.8 pitch=  0.1
  [127/180] yaw=-98.0 wind=(-5.24,-8.35) speed= 9.9m/s  roll=  4.7 pitch=  4.9
  [128/180] yaw=-98.0 wind=(-1.49, 1.96) speed= 2.5m/s  roll= -1.7 pitch=  0.8
  [129/180] yaw=-98.0 wind=(-2.50,-7.30) speed= 7.7m/s  roll=  4.6 pitch=  3.2
  [130/180] yaw=-98.0 wind=( 0.56, 5.31) speed= 5.3m/s  roll= -3.6 pitch= -1.3
  [131/180] yaw=-98.0 wind=(-0.00,-0.59) speed= 0.6m/s  roll=  0.2 pitch=  0.4
  [132/180] yaw=-98.0 wind=( 0.01, 0.28) speed= 0.3m/s  roll= -0.2 pitch=  0.3
  [133/180] yaw=-98.0 wind=(-2.88,-4.66) speed= 5.5m/s  roll=  2.5 pitch=  2.9
  [134/180] yaw=-98.0 wind=( 1.91, 0.43) speed= 2.0m/s  roll=  0.1 pitch= -1.2
  [135/180] yaw=-98.0 wind=( 0.78,-1.54) speed= 1.7m/s  roll=  1.2 pitch= -0.1

============================================================
=== yaw 10/12: 목표 292도로 회전 중 (현재 -98.0도) ===
============================================================
  -> yaw -69.0도로 안정화
  [136/180] yaw=-68.0 wind=(-3.30,-8.54) speed= 9.2m/s  roll=  6.4 pitch=  0.4
  [137/180] yaw=-68.0 wind=( 6.02,-7.15) speed= 9.3m/s  roll=  3.5 pitch= -5.5
  [138/180] yaw=-68.0 wind=(-2.20, 2.75) speed= 3.5m/s  roll= -1.0 pitch=  2.2
  [139/180] yaw=-68.0 wind=( 5.91, 6.46) speed= 8.8m/s  roll= -5.8 pitch= -2.1
  [140/180] yaw=-68.0 wind=( 2.14,-4.67) speed= 5.1m/s  roll=  2.5 pitch= -2.7
  [141/180] yaw=-68.0 wind=( 2.60,-0.55) speed= 2.7m/s  roll= -0.3 pitch= -1.7
  [142/180] yaw=-68.0 wind=( 1.52, 3.17) speed= 3.5m/s  roll= -2.5 pitch= -0.1
  [143/180] yaw=-68.0 wind=(-1.03, 3.66) speed= 3.8m/s  roll= -2.0 pitch=  1.8
  [144/180] yaw=-68.0 wind=( 2.46,-2.02) speed= 3.2m/s  roll=  0.7 pitch= -2.3
  [145/180] yaw=-68.0 wind=( 6.58, 6.40) speed= 9.2m/s  roll= -5.9 pitch= -2.3
  [146/180] yaw=-68.0 wind=(-7.93,-1.98) speed= 8.2m/s  roll=  3.3 pitch=  4.7
  [147/180] yaw=-68.0 wind=(-7.26, 2.45) speed= 7.7m/s  roll=  0.3 pitch=  5.2
  [148/180] yaw=-68.0 wind=( 4.37,-0.12) speed= 4.4m/s  roll= -1.1 pitch= -2.9
  [149/180] yaw=-68.0 wind=( 0.62, 0.35) speed= 0.7m/s  roll= -0.2 pitch= -0.3
  [150/180] yaw=-68.0 wind=(-6.20, 1.69) speed= 6.4m/s  roll=  0.5 pitch=  4.7

============================================================
=== yaw 11/12: 목표 322도로 회전 중 (현재 -68.0도) ===
============================================================
  -> yaw -39.9도로 안정화
  [151/180] yaw=-38.0 wind=( 7.67,-3.59) speed= 8.5m/s  roll= -2.4 pitch= -5.2
  [152/180] yaw=-38.0 wind=(-0.64, 3.21) speed= 3.3m/s  roll= -1.1 pitch=  2.3
  [153/180] yaw=-38.0 wind=( 0.96,-1.08) speed= 1.4m/s  roll=  0.1 pitch= -0.8
  [154/180] yaw=-38.0 wind=(-0.34, 2.57) speed= 2.6m/s  roll= -1.0 pitch=  1.2
  [155/180] yaw=-38.0 wind=( 0.40,-9.53) speed= 9.5m/s  roll=  4.2 pitch= -5.2
  [156/180] yaw=-38.0 wind=(-3.11, 7.90) speed= 8.5m/s  roll= -1.6 pitch=  5.8
  [157/180] yaw=-38.0 wind=( 1.86, 0.97) speed= 2.1m/s  roll= -1.4 pitch= -0.2
  [158/180] yaw=-38.0 wind=(-2.19, 6.65) speed= 7.0m/s  roll= -1.8 pitch=  4.7
  [159/180] yaw=-38.0 wind=( 2.60,-2.42) speed= 3.6m/s  roll= -0.5 pitch= -2.2
  [160/180] yaw=-38.0 wind=( 0.19, 6.44) speed= 6.4m/s  roll= -2.8 pitch=  3.7
  [161/180] yaw=-38.0 wind=(-8.92,-3.86) speed= 9.7m/s  roll=  6.3 pitch=  2.4
  [162/180] yaw=-38.0 wind=(-0.33,-1.91) speed= 1.9m/s  roll=  1.1 pitch= -0.8
  [163/180] yaw=-38.0 wind=( 0.35,-0.12) speed= 0.4m/s  roll= -0.1 pitch= -0.2
  [164/180] yaw=-38.0 wind=( 1.01,-2.66) speed= 2.8m/s  roll=  1.0 pitch= -1.8
  [165/180] yaw=-38.0 wind=(-1.48, 2.28) speed= 2.7m/s  roll= -0.6 pitch=  1.8

============================================================
=== yaw 12/12: 목표 352도로 회전 중 (현재 -38.0도) ===
============================================================
  -> yaw -8.5도로 안정화
  [166/180] yaw= -8.0 wind=( 0.01, 3.45) speed= 3.5m/s  roll= -0.8 pitch=  2.3
  [167/180] yaw= -8.0 wind=(-4.08,-0.97) speed= 4.2m/s  roll=  3.1 pitch=  0.0
  [168/180] yaw= -8.0 wind=(-2.92, 4.62) speed= 5.5m/s  roll=  1.7 pitch=  3.4
  [169/180] yaw= -8.0 wind=(-6.92, 4.02) speed= 8.0m/s  roll=  4.4 pitch=  3.4
  [170/180] yaw= -8.0 wind=( 1.51,-3.49) speed= 3.8m/s  roll= -0.8 pitch= -2.5
  [171/180] yaw= -8.0 wind=( 5.98,-4.49) speed= 7.5m/s  roll= -3.6 pitch= -3.8
  [172/180] yaw= -8.0 wind=( 0.52,-1.08) speed= 1.2m/s  roll= -0.3 pitch= -0.8
  [173/180] yaw= -8.0 wind=(-0.57, 5.71) speed= 5.7m/s  roll= -0.5 pitch=  4.1
  [174/180] yaw= -8.0 wind=(-0.34, 0.09) speed= 0.4m/s  roll=  0.4 pitch=  0.2
  [175/180] yaw= -8.0 wind=(-0.13, 2.59) speed= 2.6m/s  roll= -0.2 pitch=  1.6
  [176/180] yaw= -8.0 wind=(-0.63,-1.89) speed= 2.0m/s  roll=  0.6 pitch= -1.4
  [177/180] yaw= -8.0 wind=( 5.41, 0.07) speed= 5.4m/s  roll= -4.0 pitch= -0.5
  [178/180] yaw= -7.9 wind=( 6.58,-2.87) speed= 7.2m/s  roll= -4.3 pitch= -2.8
  [179/180] yaw= -8.0 wind=(-1.40,-7.83) speed= 8.0m/s  roll=  1.8 pitch= -5.3
  [180/180] yaw= -8.0 wind=(-1.20,-0.63) speed= 1.4m/s  roll=  0.6 pitch= -0.3

데이터 수집 완료. CSV 저장됨: ../../logs/wind_random_20260814_052520_yaw22p0_n12x15_speed0-10_seed12042.csv
[송신 간격 통계] 목표=50ms  평균=50.0ms  최대=67.0ms  임계치 초과=0/65216

--- Offboard 종료 ---

--- Landing ---
-> 착륙 완료 및 디스암 확인

무작위 바람 데이터 수집 완료.
  [수집] 세션 12 완료 (시도 1/3)
  [그래프] /home/ssh2003/MyProjects/quad-pinn-project/logs/wind_random_20260814_052520_yaw22p0_n12x15_speed0-10_seed12042.csv 요약 PNG 생성 중...
    findfont: Failed to find font weight normal, now using 100.
    /home/ssh2003/MyProjects/quad-pinn-project/sim_scripts/data_collection/plot_session_grid.py:106: UserWarning: This figure includes Axes that are not compatible with tight_layout, so results might be incorrect.
      fig.tight_layout(rect=[0, 0, 0.92, 0.94])
    findfont: Failed to find font weight normal, now using 100.
    findfont: Failed to find font weight normal, now using 100.
    findfont: Failed to find font weight normal, now using 100.
    findfont: Failed to find font weight normal, now using 100.
    저장됨: /home/ssh2003/MyProjects/quad-pinn-project/figures/wind_random_20260814_014422_n12x15_td15/session_wind_random_20260814_052520_yaw22p0_n12x15_speed0-10_seed12042.png

############################################################
# 세션 13/15
############################################################
  [SITL] 기존 프로세스 정리 중 (정상종료 시도)...
Terminated
  [SITL] 강제 정리 (남아있는 프로세스 있으면)...
  [SITL] 재시작 중...
  [SITL] px4 프로세스 감지됨 (1s). 안정화 대기 15s...
  [수집] 시작 (seed=13042, yaw-offset=24.000도, 시도 1/3, 타임아웃 4196초)
PX4 SITL에 연결 시도 중...
-> 드론에 연결됨!
GPS/홈 위치 확인 중...
-> 전역 위치 및 홈 위치 준비 완료

[확인] PX4 SITL이 'windy' 월드로 실행 중인지 확인할 것.

--- Arming ---
-> Armed

--- Takeoff ---
  안전 고도(1.5m) 도달 대기 중...
  -> 안전 고도 도달 (relative_altitude=1.51m)

--- Offboard 진입 준비: 초기 setpoint(현재 위치 고정) 전송 ---

--- Offboard 모드 시작 ---

CSV 로그 저장 경로: ../../logs/wind_random_20260814_062027_yaw24p0_n12x15_speed0-10_seed13042.csv

yaw 12방향(offset=24.0도) x 방향당 바람조건 15개 = 총 180개 수집 시작 (조건당 15초, 예상 총 소요 51.0분 + yaw 회전 시간)

============================================================
=== yaw 1/12: 목표 24도로 회전 중 (현재 92.0도) ===
============================================================
  -> yaw 24.6도로 안정화
  [1/180] yaw= 24.0 wind=( 3.32, 0.35) speed= 3.3m/s  roll= -2.0 pitch=  1.0
  [2/180] yaw= 24.0 wind=(-1.07, 0.45) speed= 1.2m/s  roll=  0.7 pitch=  0.1
  [3/180] yaw= 24.0 wind=(-5.22,-1.42) speed= 5.4m/s  roll=  3.3 pitch= -1.7
  [4/180] yaw= 24.0 wind=( 0.67,-3.94) speed= 4.0m/s  roll= -1.2 pitch= -2.6
  [5/180] yaw= 24.1 wind=( 5.17,-7.02) speed= 8.7m/s  roll= -5.4 pitch= -3.2
  [6/180] yaw= 24.1 wind=( 1.22,-3.68) speed= 3.9m/s  roll= -1.7 pitch= -2.2
  [7/180] yaw= 24.0 wind=(-2.63, 9.05) speed= 9.4m/s  roll=  3.6 pitch=  5.5
  [8/180] yaw= 24.0 wind=(-5.03,-2.69) speed= 5.7m/s  roll=  4.2 pitch=  5.1
  [9/180] yaw= 24.0 wind=( 5.16, 7.14) speed= 8.8m/s  roll= -1.5 pitch=  5.7
  [10/180] yaw= 24.0 wind=(-0.11,-3.69) speed= 3.7m/s  roll= -0.9 pitch= -2.5
  [11/180] yaw= 24.0 wind=( 1.08, 9.42) speed= 9.5m/s  roll=  2.1 pitch=  6.2
  [12/180] yaw= 24.0 wind=(-2.16, 4.84) speed= 5.3m/s  roll=  2.8 pitch=  2.3
  [13/180] yaw= 24.0 wind=( 3.89,-8.02) speed= 8.9m/s  roll= -4.9 pitch= -4.0
  [14/180] yaw= 24.0 wind=(-0.04,-0.03) speed= 0.1m/s  roll= -0.3 pitch=  0.1
  [15/180] yaw= 24.0 wind=( 0.65, 1.60) speed= 1.7m/s  roll= -0.0 pitch=  1.5

============================================================
=== yaw 2/12: 목표 54도로 회전 중 (현재 24.0도) ===
============================================================
  -> yaw 52.3도로 안정화
  [16/180] yaw= 54.0 wind=( 0.09, 2.30) speed= 2.3m/s  roll=  1.2 pitch=  0.8
  [17/180] yaw= 54.0 wind=(-0.80,-0.76) speed= 1.1m/s  roll= -0.1 pitch= -1.0
  [18/180] yaw= 54.0 wind=(-0.95,-5.82) speed= 5.9m/s  roll= -3.3 pitch= -2.9
  [19/180] yaw= 54.0 wind=( 1.35,-2.16) speed= 2.6m/s  roll= -1.7 pitch=  0.0
  [20/180] yaw= 54.0 wind=( 1.07, 6.02) speed= 6.1m/s  roll=  2.9 pitch=  2.7
  [21/180] yaw= 54.0 wind=(-1.42, 1.80) speed= 2.3m/s  roll=  1.4 pitch= -0.2
  [22/180] yaw= 54.0 wind=( 2.56, 3.58) speed= 4.4m/s  roll=  1.0 pitch=  2.9
  [23/180] yaw= 54.0 wind=( 5.87, 3.57) speed= 6.9m/s  roll= -0.2 pitch=  4.9
  [24/180] yaw= 54.0 wind=( 5.82,-3.91) speed= 7.0m/s  roll= -4.6 pitch=  1.9
  [25/180] yaw= 54.0 wind=(-6.14,-7.27) speed= 9.5m/s  roll= -1.4 pitch= -6.6
  [26/180] yaw= 54.0 wind=(-1.03,-6.97) speed= 7.0m/s  roll= -3.5 pitch= -3.5
  [27/180] yaw= 54.0 wind=(-1.35,-5.57) speed= 5.7m/s  roll= -2.5 pitch= -3.1
  [28/180] yaw= 54.0 wind=( 6.81, 3.70) speed= 7.8m/s  roll= -0.3 pitch=  5.3
  [29/180] yaw= 54.0 wind=(-1.12,-2.21) speed= 2.5m/s  roll= -1.0 pitch= -1.7
  [30/180] yaw= 54.0 wind=(-4.94, 1.06) speed= 5.1m/s  roll=  2.4 pitch= -2.4

============================================================
=== yaw 3/12: 목표 84도로 회전 중 (현재 54.0도) ===
============================================================
  -> yaw 81.8도로 안정화
  [31/180] yaw= 84.0 wind=(-0.74,-1.93) speed= 2.1m/s  roll= -1.2 pitch= -0.7
  [32/180] yaw= 84.0 wind=(-5.54,-6.72) speed= 8.7m/s  roll= -4.3 pitch= -4.2
  [33/180] yaw= 84.0 wind=(-0.54,-5.96) speed= 6.0m/s  roll= -4.2 pitch= -0.8
  [34/180] yaw= 84.0 wind=( 4.85,-3.99) speed= 6.3m/s  roll= -2.9 pitch=  3.0
  [35/180] yaw= 84.0 wind=(-3.76,-5.51) speed= 6.7m/s  roll= -3.6 pitch= -3.0
  [36/180] yaw= 84.0 wind=(-0.23, 0.19) speed= 0.3m/s  roll=  0.1 pitch= -0.2
  [37/180] yaw= 84.0 wind=( 0.73, 7.67) speed= 7.7m/s  roll=  5.3 pitch=  0.9
  [38/180] yaw= 84.0 wind=(-0.33,-4.61) speed= 4.6m/s  roll= -3.2 pitch= -0.5
  [39/180] yaw= 84.0 wind=( 7.46, 1.49) speed= 7.6m/s  roll=  0.4 pitch=  5.3
  [40/180] yaw= 84.0 wind=(-1.29, 4.89) speed= 5.1m/s  roll=  3.6 pitch= -0.6
  [41/180] yaw= 84.0 wind=( 8.43,-4.18) speed= 9.4m/s  roll= -3.7 pitch=  5.4
  [42/180] yaw= 84.0 wind=(-4.08,-6.88) speed= 8.0m/s  roll= -4.1 pitch= -3.5
  [43/180] yaw= 84.0 wind=(-6.13, 3.12) speed= 6.9m/s  roll=  2.6 pitch= -4.3
  [44/180] yaw= 84.0 wind=( 2.73, 1.42) speed= 3.1m/s  roll=  0.9 pitch=  1.9
  [45/180] yaw= 84.0 wind=(-0.17, 1.65) speed= 1.7m/s  roll=  1.0 pitch=  0.1

============================================================
=== yaw 4/12: 목표 114도로 회전 중 (현재 84.0도) ===
============================================================
  -> yaw 113.4도로 안정화
  [46/180] yaw=114.0 wind=(-0.87,-1.11) speed= 1.4m/s  roll= -1.0 pitch= -0.3
  [47/180] yaw=114.0 wind=(-1.69,-7.79) speed= 8.0m/s  roll= -5.4 pitch=  1.5
  [48/180] yaw=114.0 wind=(-1.59,-3.83) speed= 4.1m/s  roll= -2.9 pitch=  0.4
  [49/180] yaw=114.0 wind=(-3.62,-5.95) speed= 7.0m/s  roll= -4.9 pitch= -0.1
  [50/180] yaw=114.0 wind=(-0.65,-4.89) speed= 4.9m/s  roll= -3.4 pitch=  1.3
  [51/180] yaw=114.0 wind=(-0.94,-1.06) speed= 1.4m/s  roll= -1.0 pitch= -0.4
  [52/180] yaw=114.0 wind=(-0.69,-2.61) speed= 2.7m/s  roll= -2.1 pitch=  0.2
  [53/180] yaw=114.0 wind=(-0.47, 0.93) speed= 1.0m/s  roll=  0.5 pitch= -0.5
  [54/180] yaw=114.0 wind=( 1.51, 2.19) speed= 2.7m/s  roll=  1.7 pitch=  0.4
  [55/180] yaw=114.0 wind=( 5.64,-0.00) speed= 5.6m/s  roll=  1.8 pitch=  3.6
  [56/180] yaw=114.0 wind=( 3.39, 8.60) speed= 9.2m/s  roll=  6.4 pitch= -0.8
  [57/180] yaw=114.0 wind=( 2.16,-0.81) speed= 2.3m/s  roll=  0.2 pitch=  1.5
  [58/180] yaw=114.0 wind=(-2.43, 9.10) speed= 9.4m/s  roll=  4.7 pitch= -4.5
  [59/180] yaw=114.0 wind=( 0.09,-0.14) speed= 0.2m/s  roll= -0.2 pitch=  0.1
  [60/180] yaw=114.0 wind=(-0.88, 0.03) speed= 0.9m/s  roll= -0.3 pitch= -0.5

============================================================
=== yaw 5/12: 목표 144도로 회전 중 (현재 114.0도) ===
============================================================
  -> yaw 143.2도로 안정화
  [61/180] yaw=144.0 wind=( 5.52,-7.19) speed= 9.1m/s  roll= -0.5 pitch=  6.2
  [62/180] yaw=144.0 wind=(-8.44, 4.09) speed= 9.4m/s  roll= -3.1 pitch= -5.7
  [63/180] yaw=143.9 wind=( 3.23,-4.61) speed= 5.6m/s  roll= -0.3 pitch=  4.0
  [64/180] yaw=144.0 wind=( 0.35,-5.10) speed= 5.1m/s  roll= -1.8 pitch=  3.2
  [65/180] yaw=144.0 wind=( 0.01,-3.82) speed= 3.8m/s  roll= -1.4 pitch=  2.3
  [66/180] yaw=144.0 wind=(-0.84, 0.07) speed= 0.8m/s  roll= -0.3 pitch= -0.4
  [67/180] yaw=144.0 wind=( 1.27,-0.41) speed= 1.3m/s  roll=  0.6 pitch=  0.9
  [68/180] yaw=144.1 wind=(-4.35, 7.00) speed= 8.2m/s  roll=  1.3 pitch= -5.5
  [69/180] yaw=144.0 wind=(-8.08,-1.79) speed= 8.3m/s  roll= -4.6 pitch= -3.6
  [70/180] yaw=144.0 wind=( 1.68, 5.01) speed= 5.3m/s  roll=  3.3 pitch= -1.5
  [71/180] yaw=144.0 wind=(-6.62, 5.22) speed= 8.4m/s  roll=  0.3 pitch= -5.9
  [72/180] yaw=144.0 wind=( 7.25, 0.17) speed= 7.3m/s  roll=  2.7 pitch=  3.9
  [73/180] yaw=144.0 wind=(-2.10, 7.80) speed= 8.1m/s  roll=  3.6 pitch= -4.3
  [74/180] yaw=144.0 wind=( 3.10,-7.34) speed= 8.0m/s  roll= -2.7 pitch=  4.9
  [75/180] yaw=144.0 wind=(-3.58,-8.25) speed= 9.0m/s  roll= -6.1 pitch=  1.8

============================================================
=== yaw 6/12: 목표 174도로 회전 중 (현재 144.0도) ===
============================================================
  -> yaw 171.7도로 안정화
  [76/180] yaw=174.0 wind=( 0.16, 0.21) speed= 0.3m/s  roll=  0.1 pitch= -0.1
  [77/180] yaw=174.0 wind=( 8.56, 4.53) speed= 9.7m/s  roll=  6.5 pitch= -1.3
  [78/180] yaw=174.0 wind=(-1.60,-0.01) speed= 1.6m/s  roll= -1.0 pitch= -0.2
  [79/180] yaw=174.0 wind=(-3.37, 0.95) speed= 3.5m/s  roll= -2.3 pitch= -1.2
  [80/180] yaw=174.0 wind=( 1.99, 1.26) speed= 2.4m/s  roll=  1.5 pitch= -0.9
  [81/180] yaw=174.0 wind=( 3.93,-2.23) speed= 4.5m/s  roll=  2.5 pitch=  1.9
  [82/180] yaw=174.0 wind=(-0.53, 8.02) speed= 8.0m/s  roll=  0.4 pitch= -5.7
  [83/180] yaw=174.0 wind=(-6.32, 3.45) speed= 7.2m/s  roll= -4.2 pitch= -2.5
  [84/180] yaw=174.0 wind=(-2.12,-8.73) speed= 9.0m/s  roll= -2.7 pitch=  5.9
  [85/180] yaw=174.0 wind=(-6.28, 4.55) speed= 7.8m/s  roll= -4.2 pitch= -3.4
  [86/180] yaw=174.0 wind=(-3.16,-6.90) speed= 7.6m/s  roll= -2.2 pitch=  4.7
  [87/180] yaw=174.0 wind=( 0.26,-3.93) speed= 3.9m/s  roll= -0.0 pitch=  2.7
  [88/180] yaw=174.0 wind=(-1.46,-4.02) speed= 4.3m/s  roll= -1.2 pitch=  2.9
  [89/180] yaw=174.0 wind=(-4.58,-4.35) speed= 6.3m/s  roll= -3.5 pitch=  2.8
  [90/180] yaw=174.1 wind=( 0.19, 6.13) speed= 6.1m/s  roll=  1.1 pitch= -4.2

============================================================
=== yaw 7/12: 목표 204도로 회전 중 (현재 174.1도) ===
============================================================
  -> yaw -155.8도로 안정화
  [91/180] yaw=-156.1 wind=( 1.78,-1.75) speed= 2.5m/s  roll=  1.7 pitch=  0.8
  [92/180] yaw=-156.0 wind=(-6.76, 1.61) speed= 6.9m/s  roll= -4.9 pitch=  0.3
  [93/180] yaw=-156.0 wind=( 1.26, 2.68) speed= 3.0m/s  roll=  0.5 pitch= -2.1
  [94/180] yaw=-156.2 wind=( 1.71,-9.24) speed= 9.4m/s  roll=  4.1 pitch=  5.1
  [95/180] yaw=-156.0 wind=(-9.25, 3.59) speed= 9.9m/s  roll= -6.7 pitch=  1.6
  [96/180] yaw=-155.9 wind=(-3.92,-0.26) speed= 3.9m/s  roll= -2.6 pitch=  1.2
  [97/180] yaw=-156.0 wind=(-0.94, 2.32) speed= 2.5m/s  roll= -1.4 pitch= -1.2
  [98/180] yaw=-156.1 wind=( 5.70,-7.34) speed= 9.3m/s  roll=  5.9 pitch=  2.6
  [99/180] yaw=-156.0 wind=(-2.52,-4.78) speed= 5.4m/s  roll=  0.0 pitch=  3.7
  [100/180] yaw=-156.0 wind=(-2.68,-3.81) speed= 4.7m/s  roll= -0.3 pitch=  3.1
  [101/180] yaw=-155.9 wind=(-1.05, 2.86) speed= 3.0m/s  roll= -1.7 pitch= -1.6
  [102/180] yaw=-156.0 wind=( 0.16,-0.25) speed= 0.3m/s  roll=  0.1 pitch=  0.1
  [103/180] yaw=-156.1 wind=(-5.10,-6.76) speed= 8.5m/s  roll= -1.0 pitch=  5.9
  [104/180] yaw=-156.0 wind=(-4.58,-3.22) speed= 5.6m/s  roll= -1.6 pitch=  3.6
  [105/180] yaw=-155.9 wind=( 2.07, 2.70) speed= 3.4m/s  roll=  0.5 pitch= -2.4

============================================================
=== yaw 8/12: 목표 234도로 회전 중 (현재 -155.9도) ===
============================================================
  -> yaw -127.3도로 안정화
  [106/180] yaw=-126.0 wind=( 5.20, 4.53) speed= 6.9m/s  roll= -0.0 pitch= -4.7
  [107/180] yaw=-126.0 wind=(-6.15,-0.73) speed= 6.2m/s  roll= -2.5 pitch=  3.4
  [108/180] yaw=-126.1 wind=(-4.70, 0.71) speed= 4.8m/s  roll= -2.3 pitch=  2.5
  [109/180] yaw=-126.0 wind=(-0.83, 0.00) speed= 0.8m/s  roll= -0.3 pitch=  0.4
  [110/180] yaw=-126.0 wind=(-0.24,-3.99) speed= 4.0m/s  roll=  2.1 pitch=  1.6
  [111/180] yaw=-126.0 wind=(-4.27, 0.04) speed= 4.3m/s  roll= -1.5 pitch=  2.6
  [112/180] yaw=-125.9 wind=(-3.29, 7.70) speed= 8.4m/s  roll= -5.6 pitch= -1.7
  [113/180] yaw=-126.1 wind=( 3.44,-5.02) speed= 6.1m/s  roll=  4.3 pitch=  0.2
  [114/180] yaw=-125.9 wind=( 0.41, 9.19) speed= 9.2m/s  roll= -4.5 pitch= -4.3
  [115/180] yaw=-126.0 wind=( 7.11, 6.99) speed=10.0m/s  roll=  0.1 pitch= -6.9
  [116/180] yaw=-126.0 wind=(-0.86,-0.79) speed= 1.2m/s  roll= -0.1 pitch=  0.8
  [117/180] yaw=-126.0 wind=( 4.25, 0.10) speed= 4.3m/s  roll=  2.1 pitch= -2.2
  [118/180] yaw=-126.0 wind=( 7.12,-3.25) speed= 7.8m/s  roll=  5.1 pitch= -1.4
  [119/180] yaw=-126.0 wind=(-2.21,-4.21) speed= 4.8m/s  roll=  0.6 pitch=  3.1
  [120/180] yaw=-126.0 wind=( 1.89, 0.03) speed= 1.9m/s  roll=  1.1 pitch= -0.9

============================================================
=== yaw 9/12: 목표 264도로 회전 중 (현재 -126.0도) ===
============================================================
  -> yaw -96.5도로 안정화
  [121/180] yaw=-96.0 wind=(-8.21,-0.62) speed= 8.2m/s  roll= -1.5 pitch=  5.5
  [122/180] yaw=-96.0 wind=(-0.48, 0.11) speed= 0.5m/s  roll= -1.4 pitch=  5.7
  [123/180] yaw=-96.0 wind=( 0.07,-0.31) speed= 0.3m/s  roll=  0.3 pitch= -0.0
  [124/180] yaw=-96.0 wind=(-6.86,-0.10) speed= 6.9m/s  roll= -1.3 pitch=  4.8
  [125/180] yaw=-96.0 wind=(-2.17,-4.39) speed= 4.9m/s  roll=  2.5 pitch=  2.3
  [126/180] yaw=-96.0 wind=(-0.51,-6.03) speed= 6.0m/s  roll=  3.9 pitch=  1.4
  [127/180] yaw=-96.0 wind=(-1.69, 2.88) speed= 3.3m/s  roll= -2.2 pitch=  1.1
  [128/180] yaw=-96.0 wind=( 0.84,-3.44) speed= 3.5m/s  roll=  2.5 pitch= -0.4
  [129/180] yaw=-96.0 wind=( 4.64,-0.56) speed= 4.7m/s  roll=  0.9 pitch= -3.3
  [130/180] yaw=-96.0 wind=( 4.47, 0.41) speed= 4.5m/s  roll=  0.2 pitch= -3.1
  [131/180] yaw=-96.0 wind=( 5.13, 5.76) speed= 7.7m/s  roll= -3.4 pitch= -4.1
  [132/180] yaw=-96.0 wind=(-3.31, 5.62) speed= 6.5m/s  roll= -4.2 pitch=  2.1
  [133/180] yaw=-96.0 wind=( 0.17,-0.37) speed= 0.4m/s  roll=  0.2 pitch=  0.1
  [134/180] yaw=-96.0 wind=( 8.39,-5.03) speed= 9.8m/s  roll=  4.0 pitch= -5.5
  [135/180] yaw=-96.0 wind=(-4.20, 0.26) speed= 4.2m/s  roll= -0.4 pitch=  2.7

============================================================
=== yaw 10/12: 목표 294도로 회전 중 (현재 -96.0도) ===
============================================================
  -> yaw -68.5도로 안정화
  [136/180] yaw=-66.0 wind=( 0.80, 5.76) speed= 5.8m/s  roll= -4.0 pitch=  0.7
  [137/180] yaw=-66.1 wind=( 0.51,-1.47) speed= 1.6m/s  roll=  0.8 pitch= -0.9
  [138/180] yaw=-66.0 wind=(-5.06, 1.25) speed= 5.2m/s  roll=  0.9 pitch=  3.5
  [139/180] yaw=-66.0 wind=(-1.55, 5.72) speed= 5.9m/s  roll=  0.5 pitch=  3.6
  [140/180] yaw=-66.0 wind=( 6.43,-0.09) speed= 6.4m/s  roll= -1.7 pitch= -4.2
  [141/180] yaw=-66.0 wind=(-1.73,-0.90) speed= 2.0m/s  roll=  1.1 pitch=  0.6
  [142/180] yaw=-66.0 wind=(-0.24,-4.80) speed= 4.8m/s  roll=  2.9 pitch= -1.5
  [143/180] yaw=-65.9 wind=(-0.34,-0.35) speed= 0.5m/s  roll=  0.2 pitch=  0.1
  [144/180] yaw=-66.0 wind=( 3.78,-5.07) speed= 6.3m/s  roll=  1.7 pitch= -4.1
  [145/180] yaw=-66.0 wind=(-5.61,-6.01) speed= 8.2m/s  roll=  5.5 pitch=  0.9
  [146/180] yaw=-65.9 wind=(-1.31,-1.37) speed= 1.9m/s  roll=  1.4 pitch=  0.3
  [147/180] yaw=-65.9 wind=( 8.34, 2.37) speed= 8.7m/s  roll= -3.7 pitch= -4.6
  [148/180] yaw=-66.1 wind=(-0.70,-4.04) speed= 4.1m/s  roll=  2.8 pitch= -0.8
  [149/180] yaw=-66.0 wind=(-0.13, 0.59) speed= 0.6m/s  roll= -0.3 pitch=  0.4
  [150/180] yaw=-66.0 wind=( 1.85, 1.10) speed= 2.2m/s  roll= -1.0 pitch= -1.1

============================================================
=== yaw 11/12: 목표 324도로 회전 중 (현재 -66.0도) ===
============================================================
  -> yaw -36.4도로 안정화
  [151/180] yaw=-36.1 wind=( 6.78,-3.25) speed= 7.5m/s  roll= -2.6 pitch= -4.5
  [152/180] yaw=-36.1 wind=(-2.12,-9.57) speed= 9.8m/s  roll=  4.2 pitch= -5.6
  [153/180] yaw=-35.9 wind=( 2.11,-2.62) speed= 3.4m/s  roll= -0.5 pitch= -2.2
  [154/180] yaw=-35.9 wind=( 5.86,-0.79) speed= 5.9m/s  roll= -3.2 pitch= -2.7
  [155/180] yaw=-36.0 wind=(-6.87, 5.26) speed= 8.6m/s  roll=  2.1 pitch=  5.6
  [156/180] yaw=-36.0 wind=( 0.95,-3.48) speed= 3.6m/s  roll=  0.9 pitch= -2.2
  [157/180] yaw=-36.0 wind=(-3.09, 5.09) speed= 6.0m/s  roll= -0.4 pitch=  4.0
  [158/180] yaw=-36.0 wind=( 5.60,-1.11) speed= 5.7m/s  roll= -2.6 pitch= -2.8
  [159/180] yaw=-36.0 wind=( 3.42, 3.58) speed= 4.9m/s  roll= -3.4 pitch=  0.5
  [160/180] yaw=-36.0 wind=(-5.34,-5.41) speed= 7.6m/s  roll=  5.3 pitch= -0.4
  [161/180] yaw=-36.0 wind=( 7.98, 0.41) speed= 8.0m/s  roll= -4.5 pitch= -3.4
  [162/180] yaw=-36.0 wind=( 1.58, 3.03) speed= 3.4m/s  roll= -2.3 pitch=  0.8
  [163/180] yaw=-36.0 wind=( 2.64,-7.67) speed= 8.1m/s  roll=  2.3 pitch= -4.8
  [164/180] yaw=-36.0 wind=(-1.49, 2.06) speed= 2.5m/s  roll= -0.2 pitch=  1.9
  [165/180] yaw=-36.0 wind=(-4.07,-3.50) speed= 5.4m/s  roll=  3.8 pitch= -0.0

============================================================
=== yaw 12/12: 목표 354도로 회전 중 (현재 -36.0도) ===
============================================================
  -> yaw -8.0도로 안정화
  [166/180] yaw= -6.0 wind=(-4.82, 5.19) speed= 7.1m/s  roll=  2.6 pitch=  4.3
  [167/180] yaw= -6.0 wind=(-4.17,-3.75) speed= 5.6m/s  roll=  3.4 pitch= -2.0
  [168/180] yaw= -6.0 wind=( 5.64, 0.13) speed= 5.6m/s  roll= -3.9 pitch= -1.0
  [169/180] yaw= -6.0 wind=(-4.95,-2.06) speed= 5.4m/s  roll=  3.7 pitch= -0.8
  [170/180] yaw= -6.0 wind=(-0.06, 0.22) speed= 0.2m/s  roll= -0.1 pitch=  0.3
  [171/180] yaw= -6.0 wind=( 0.87, 4.14) speed= 4.2m/s  roll= -1.5 pitch=  2.6
  [172/180] yaw= -6.0 wind=(-4.79, 4.28) speed= 6.4m/s  roll=  2.7 pitch=  3.7
  [173/180] yaw= -6.0 wind=( 3.21, 3.68) speed= 4.9m/s  roll= -2.8 pitch=  2.1
  [174/180] yaw= -6.0 wind=( 2.99,-1.08) speed= 3.2m/s  roll= -1.7 pitch= -1.1
  [175/180] yaw= -6.0 wind=( 0.78,-0.08) speed= 0.8m/s  roll= -0.5 pitch= -0.2
  [176/180] yaw= -6.0 wind=(-1.33, 0.49) speed= 1.4m/s  roll=  0.8 pitch=  0.1
  [177/180] yaw= -6.0 wind=( 2.32,-2.25) speed= 3.2m/s  roll= -1.2 pitch= -1.7
  [178/180] yaw= -6.0 wind=( 3.26,-7.45) speed= 8.1m/s  roll= -1.2 pitch= -5.5
  [179/180] yaw= -6.0 wind=(-9.25,-1.93) speed= 9.5m/s  roll=  6.5 pitch=  0.1
  [180/180] yaw= -6.0 wind=( 2.78,-3.40) speed= 4.4m/s  roll= -1.9 pitch= -2.8

데이터 수집 완료. CSV 저장됨: ../../logs/wind_random_20260814_062027_yaw24p0_n12x15_speed0-10_seed13042.csv
[송신 간격 통계] 목표=50ms  평균=50.0ms  최대=67.4ms  임계치 초과=0/65218

--- Offboard 종료 ---

--- Landing ---
-> 착륙 완료 및 디스암 확인

무작위 바람 데이터 수집 완료.
  [수집] 세션 13 완료 (시도 1/3)
  [그래프] /home/ssh2003/MyProjects/quad-pinn-project/logs/wind_random_20260814_062027_yaw24p0_n12x15_speed0-10_seed13042.csv 요약 PNG 생성 중...
    findfont: Failed to find font weight normal, now using 100.
    /home/ssh2003/MyProjects/quad-pinn-project/sim_scripts/data_collection/plot_session_grid.py:106: UserWarning: This figure includes Axes that are not compatible with tight_layout, so results might be incorrect.
      fig.tight_layout(rect=[0, 0, 0.92, 0.94])
    findfont: Failed to find font weight normal, now using 100.
    findfont: Failed to find font weight normal, now using 100.
    findfont: Failed to find font weight normal, now using 100.
    findfont: Failed to find font weight normal, now using 100.
    저장됨: /home/ssh2003/MyProjects/quad-pinn-project/figures/wind_random_20260814_014422_n12x15_td15/session_wind_random_20260814_062027_yaw24p0_n12x15_speed0-10_seed13042.png

############################################################
# 세션 14/15
############################################################
  [SITL] 기존 프로세스 정리 중 (정상종료 시도)...
Terminated
  [SITL] 강제 정리 (남아있는 프로세스 있으면)...
  [SITL] 재시작 중...
  [SITL] px4 프로세스 감지됨 (1s). 안정화 대기 15s...
  [수집] 시작 (seed=14042, yaw-offset=26.000도, 시도 1/3, 타임아웃 4196초)
PX4 SITL에 연결 시도 중...
-> 드론에 연결됨!
GPS/홈 위치 확인 중...
-> 전역 위치 및 홈 위치 준비 완료

[확인] PX4 SITL이 'windy' 월드로 실행 중인지 확인할 것.

--- Arming ---
-> Armed

--- Takeoff ---
  안전 고도(1.5m) 도달 대기 중...
  -> 안전 고도 도달 (relative_altitude=1.51m)

--- Offboard 진입 준비: 초기 setpoint(현재 위치 고정) 전송 ---

--- Offboard 모드 시작 ---

CSV 로그 저장 경로: ../../logs/wind_random_20260814_071535_yaw26p0_n12x15_speed0-10_seed14042.csv

yaw 12방향(offset=26.0도) x 방향당 바람조건 15개 = 총 180개 수집 시작 (조건당 15초, 예상 총 소요 51.0분 + yaw 회전 시간)

============================================================
=== yaw 1/12: 목표 26도로 회전 중 (현재 91.4도) ===
============================================================
  -> yaw 26.2도로 안정화
  [1/180] yaw= 26.0 wind=(-2.90,-1.30) speed= 3.2m/s  roll=  1.4 pitch= -1.7
  [2/180] yaw= 26.0 wind=( 5.70, 3.60) speed= 6.7m/s  roll= -1.3 pitch=  4.5
  [3/180] yaw= 26.0 wind=( 1.71, 1.62) speed= 2.4m/s  roll= -0.5 pitch=  1.9
  [4/180] yaw= 25.8 wind=( 6.99,-4.83) speed= 8.5m/s  roll= -5.9 pitch=  1.8
  [5/180] yaw= 26.0 wind=(-2.15, 2.76) speed= 3.5m/s  roll=  2.5 pitch=  0.2
  [6/180] yaw= 26.0 wind=(-4.18, 2.66) speed= 5.0m/s  roll=  3.7 pitch= -0.8
  [7/180] yaw= 26.0 wind=(-0.37, 9.75) speed= 9.8m/s  roll=  5.4 pitch=  4.4
  [8/180] yaw= 26.0 wind=( 0.49,-4.26) speed= 4.3m/s  roll= -2.5 pitch= -1.9
  [9/180] yaw= 26.0 wind=(-6.10, 4.76) speed= 7.7m/s  roll=  5.3 pitch=  0.3
  [10/180] yaw= 26.0 wind=(-0.58,-3.31) speed= 3.4m/s  roll= -1.0 pitch= -2.1
  [11/180] yaw= 26.0 wind=(-1.07, 3.63) speed= 3.8m/s  roll=  2.1 pitch=  2.0
  [12/180] yaw= 26.0 wind=( 5.62, 2.79) speed= 6.3m/s  roll= -2.5 pitch=  3.6
  [13/180] yaw= 26.0 wind=(-7.22, 2.11) speed= 7.5m/s  roll=  5.3 pitch= -1.2
  [14/180] yaw= 26.0 wind=(-3.13,-2.26) speed= 3.9m/s  roll=  1.3 pitch= -2.2
  [15/180] yaw= 26.0 wind=(-7.18,-0.63) speed= 7.2m/s  roll=  4.8 pitch= -2.2

============================================================
=== yaw 2/12: 목표 56도로 회전 중 (현재 26.0도) ===
============================================================
  -> yaw 55.0도로 안정화
  [16/180] yaw= 56.0 wind=( 3.19, 0.60) speed= 3.3m/s  roll= -1.1 pitch=  2.2
  [17/180] yaw= 56.0 wind=( 0.59,-2.37) speed= 2.4m/s  roll= -1.6 pitch= -0.6
  [18/180] yaw= 56.0 wind=( 8.28,-3.26) speed= 8.9m/s  roll= -5.3 pitch=  3.2
  [19/180] yaw= 56.0 wind=( 6.67,-4.83) speed= 8.2m/s  roll= -5.7 pitch=  1.9
  [20/180] yaw= 56.0 wind=( 7.98, 2.54) speed= 8.4m/s  roll= -2.0 pitch=  5.6
  [21/180] yaw= 56.0 wind=(-5.31, 4.65) speed= 7.1m/s  roll=  4.9 pitch= -1.1
  [22/180] yaw= 56.0 wind=(-1.38, 0.22) speed= 1.4m/s  roll=  0.6 pitch= -0.6
  [23/180] yaw= 56.0 wind=(-6.22, 2.76) speed= 6.8m/s  roll=  3.9 pitch= -2.5
  [24/180] yaw= 56.0 wind=( 9.36,-1.34) speed= 9.5m/s  roll=  4.0 pitch= -2.2
  [25/180] yaw= 56.0 wind=( 1.14, 0.06) speed= 1.1m/s  roll= -0.9 pitch=  0.8
  [26/180] yaw= 56.0 wind=( 2.61, 3.20) speed= 4.1m/s  roll=  0.6 pitch=  3.2
  [27/180] yaw= 56.0 wind=( 0.26,-1.37) speed= 1.4m/s  roll= -0.8 pitch= -0.2
  [28/180] yaw= 56.0 wind=(-3.97,-2.46) speed= 4.7m/s  roll=  0.5 pitch= -3.2
  [29/180] yaw= 56.0 wind=( 6.86, 4.53) speed= 8.2m/s  roll=  0.3 pitch=  6.0
  [30/180] yaw= 56.0 wind=(-2.35, 2.11) speed= 3.2m/s  roll=  2.1 pitch= -0.6

============================================================
=== yaw 3/12: 목표 86도로 회전 중 (현재 56.0도) ===
============================================================
  -> yaw 84.8도로 안정화
  [31/180] yaw= 86.0 wind=( 0.44, 3.79) speed= 3.8m/s  roll=  2.8 pitch=  0.3
  [32/180] yaw= 86.0 wind=( 3.76,-3.49) speed= 5.1m/s  roll= -2.5 pitch=  2.8
  [33/180] yaw= 86.0 wind=(-6.32, 2.18) speed= 6.7m/s  roll=  1.4 pitch= -4.3
  [34/180] yaw= 86.0 wind=( 0.06,-0.87) speed= 0.9m/s  roll= -0.6 pitch=  0.1
  [35/180] yaw= 86.0 wind=( 1.35, 7.28) speed= 7.4m/s  roll=  5.3 pitch=  1.1
  [36/180] yaw= 86.1 wind=(-6.42,-3.87) speed= 7.5m/s  roll= -1.6 pitch= -4.9
  [37/180] yaw= 86.0 wind=( 5.19,-1.00) speed= 5.3m/s  roll= -1.3 pitch=  3.5
  [38/180] yaw= 86.1 wind=( 4.53, 7.60) speed= 8.8m/s  roll=  4.0 pitch=  4.8
  [39/180] yaw= 85.9 wind=(-5.63, 0.38) speed= 5.6m/s  roll=  1.5 pitch= -3.5
  [40/180] yaw= 85.9 wind=( 7.10,-0.32) speed= 7.1m/s  roll= -1.4 pitch=  4.9
  [41/180] yaw= 86.0 wind=(-0.59, 0.03) speed= 0.6m/s  roll=  0.2 pitch= -0.4
  [42/180] yaw= 86.0 wind=( 1.68, 3.14) speed= 3.6m/s  roll=  1.9 pitch=  1.8
  [43/180] yaw= 86.0 wind=( 3.79, 0.96) speed= 3.9m/s  roll=  0.1 pitch=  2.8
  [44/180] yaw= 86.0 wind=( 0.46, 1.55) speed= 1.6m/s  roll=  1.3 pitch=  0.8
  [45/180] yaw= 86.0 wind=( 1.29,-2.21) speed= 2.6m/s  roll= -1.7 pitch=  0.6

============================================================
=== yaw 4/12: 목표 116도로 회전 중 (현재 86.0도) ===
============================================================
  -> yaw 115.4도로 안정화
  [46/180] yaw=116.0 wind=(-8.53,-4.89) speed= 9.8m/s  roll= -4.8 pitch= -4.8
  [47/180] yaw=116.0 wind=(-0.85, 0.78) speed= 1.2m/s  roll=  0.3 pitch= -0.7
  [48/180] yaw=116.0 wind=( 3.13, 4.91) speed= 5.8m/s  roll=  4.1 pitch=  0.7
  [49/180] yaw=116.0 wind=( 1.37, 0.43) speed= 1.4m/s  roll=  0.5 pitch=  0.9
  [50/180] yaw=116.0 wind=(-5.52, 7.55) speed= 9.4m/s  roll=  3.3 pitch= -5.5
  [51/180] yaw=116.0 wind=( 4.28, 2.85) speed= 5.1m/s  roll=  3.2 pitch=  1.8
  [52/180] yaw=116.0 wind=(-5.78, 2.13) speed= 6.2m/s  roll= -0.5 pitch= -4.1
  [53/180] yaw=116.0 wind=( 3.38, 8.73) speed= 9.4m/s  roll=  6.4 pitch= -0.6
  [54/180] yaw=116.0 wind=( 1.08, 0.38) speed= 1.1m/s  roll=  0.7 pitch=  0.5
  [55/180] yaw=116.0 wind=( 1.36,-1.39) speed= 1.9m/s  roll= -0.3 pitch=  1.2
  [56/180] yaw=116.0 wind=(-2.05,-0.89) speed= 2.2m/s  roll= -1.2 pitch= -1.0
  [57/180] yaw=116.0 wind=( 3.86, 5.19) speed= 6.5m/s  roll=  4.6 pitch=  0.6
  [58/180] yaw=116.0 wind=( 5.32,-0.77) speed= 5.4m/s  roll=  1.4 pitch=  3.3
  [59/180] yaw=116.0 wind=(-1.75,-4.99) speed= 5.3m/s  roll= -3.7 pitch=  0.8
  [60/180] yaw=116.0 wind=(-5.41,-0.70) speed= 5.5m/s  roll= -2.6 pitch= -2.8

============================================================
=== yaw 5/12: 목표 146도로 회전 중 (현재 116.0도) ===
============================================================
  -> yaw 146.0도로 안정화
  [61/180] yaw=146.0 wind=( 1.40, 6.78) speed= 6.9m/s  roll=  2.9 pitch= -3.7
  [62/180] yaw=146.0 wind=(-6.57,-0.43) speed= 6.6m/s  roll= -4.2 pitch= -2.4
  [63/180] yaw=146.0 wind=(-2.11,-1.52) speed= 2.6m/s  roll= -1.7 pitch= -0.0
  [64/180] yaw=146.0 wind=( 2.30,-5.65) speed= 6.1m/s  roll= -1.0 pitch=  4.2
  [65/180] yaw=146.0 wind=( 6.83, 0.19) speed= 6.8m/s  roll=  4.1 pitch=  2.5
  [66/180] yaw=146.0 wind=(-9.06, 0.59) speed= 9.1m/s  roll= -5.2 pitch= -3.2
  [67/180] yaw=146.0 wind=(-5.12, 1.85) speed= 5.4m/s  roll= -2.4 pitch= -2.8
  [68/180] yaw=146.1 wind=(-6.42,-1.52) speed= 6.6m/s  roll= -3.8 pitch= -2.1
  [69/180] yaw=146.0 wind=(-3.32, 0.28) speed= 3.3m/s  roll= -1.2 pitch= -1.7
  [70/180] yaw=146.0 wind=(-7.15,-0.04) speed= 7.2m/s  roll= -3.5 pitch= -3.6
  [71/180] yaw=146.0 wind=( 1.81, 2.47) speed= 3.1m/s  roll=  2.0 pitch= -0.3
  [72/180] yaw=146.0 wind=(-5.91, 2.36) speed= 6.4m/s  roll= -1.5 pitch= -3.9
  [73/180] yaw=145.9 wind=(-0.15,-0.27) speed= 0.3m/s  roll= -0.3 pitch=  0.3
  [74/180] yaw=146.0 wind=(-7.81,-0.63) speed= 7.8m/s  roll= -4.3 pitch= -3.4
  [75/180] yaw=146.0 wind=( 0.00,-0.76) speed= 0.8m/s  roll= -0.2 pitch=  0.4

============================================================
=== yaw 6/12: 목표 176도로 회전 중 (현재 146.0도) ===
============================================================
  -> yaw 174.1도로 안정화
  [76/180] yaw=176.0 wind=(-1.51,-2.73) speed= 3.1m/s  roll= -1.3 pitch=  1.7
  [77/180] yaw=176.0 wind=( 3.80,-1.11) speed= 4.0m/s  roll=  2.7 pitch=  1.0
  [78/180] yaw=176.0 wind=( 2.47,-1.89) speed= 3.1m/s  roll=  1.8 pitch=  1.4
  [79/180] yaw=176.0 wind=(-3.16,-4.02) speed= 5.1m/s  roll= -2.4 pitch=  2.6
  [80/180] yaw=176.0 wind=(-1.92,-2.60) speed= 3.2m/s  roll= -1.4 pitch=  1.6
  [81/180] yaw=176.0 wind=( 2.52, 1.47) speed= 2.9m/s  roll=  1.8 pitch= -0.6
  [82/180] yaw=176.0 wind=(-3.36, 2.71) speed= 4.3m/s  roll= -2.1 pitch= -2.2
  [83/180] yaw=176.0 wind=(-4.36, 6.48) speed= 7.8m/s  roll= -1.7 pitch= -5.2
  [84/180] yaw=176.0 wind=(-0.35, 6.30) speed= 6.3m/s  roll=  1.1 pitch= -4.3
  [85/180] yaw=175.9 wind=(-0.86, 3.36) speed= 3.5m/s  roll=  0.1 pitch= -2.4
  [86/180] yaw=175.9 wind=( 1.49,-2.35) speed= 2.8m/s  roll=  0.5 pitch=  1.8
  [87/180] yaw=176.0 wind=(-0.68,-0.13) speed= 0.7m/s  roll=  0.9 pitch=  1.7
  [88/180] yaw=176.1 wind=( 0.73, 4.16) speed= 4.2m/s  roll=  0.9 pitch= -2.8
  [89/180] yaw=176.0 wind=( 8.98, 0.86) speed= 9.0m/s  roll=  6.3 pitch=  0.3
  [90/180] yaw=176.0 wind=( 0.47, 0.96) speed= 1.1m/s  roll=  0.7 pitch= -0.7

============================================================
=== yaw 7/12: 목표 206도로 회전 중 (현재 176.0도) ===
============================================================
  -> yaw -154.7도로 안정화
  [91/180] yaw=-154.0 wind=( 0.16, 0.40) speed= 0.4m/s  roll= -0.0 pitch= -0.3
  [92/180] yaw=-154.0 wind=( 4.54,-0.94) speed= 4.6m/s  roll=  3.1 pitch= -0.9
  [93/180] yaw=-153.9 wind=(-3.93, 6.74) speed= 7.8m/s  roll= -4.1 pitch= -3.2
  [94/180] yaw=-154.1 wind=(-1.62,-0.97) speed= 1.9m/s  roll= -0.7 pitch=  1.1
  [95/180] yaw=-154.0 wind=(-0.30, 3.09) speed= 3.1m/s  roll= -0.9 pitch= -1.8
  [96/180] yaw=-154.1 wind=( 5.23,-3.84) speed= 6.5m/s  roll=  4.4 pitch=  0.8
  [97/180] yaw=-154.0 wind=( 1.58,-6.94) speed= 7.1m/s  roll=  3.5 pitch=  3.5
  [98/180] yaw=-154.0 wind=(-6.99,-6.88) speed= 9.8m/s  roll= -1.2 pitch=  6.7
  [99/180] yaw=-154.0 wind=( 4.95, 8.44) speed= 9.8m/s  roll= -0.5 pitch= -6.8
  [100/180] yaw=-154.0 wind=(-0.26, 0.18) speed= 0.3m/s  roll= -0.1 pitch=  0.2
  [101/180] yaw=-154.0 wind=(-6.42,-2.05) speed= 6.7m/s  roll= -2.5 pitch=  4.1
  [102/180] yaw=-154.0 wind=( 3.53,-2.58) speed= 4.4m/s  roll=  3.3 pitch= -0.2
  [103/180] yaw=-154.0 wind=( 7.65, 3.92) speed= 8.6m/s  roll=  2.1 pitch= -5.6
  [104/180] yaw=-154.0 wind=(-0.77, 5.44) speed= 5.5m/s  roll= -2.9 pitch= -2.5
  [105/180] yaw=-154.0 wind=(-4.04, 1.85) speed= 4.4m/s  roll= -2.6 pitch=  0.9

============================================================
=== yaw 8/12: 목표 236도로 회전 중 (현재 -154.0도) ===
============================================================
  -> yaw -125.8도로 안정화
  [106/180] yaw=-124.0 wind=( 5.60,-3.13) speed= 6.4m/s  roll=  3.5 pitch= -2.7
  [107/180] yaw=-124.0 wind=(-0.54, 0.85) speed= 1.0m/s  roll= -0.7 pitch=  0.3
  [108/180] yaw=-124.0 wind=( 1.00, 5.16) speed= 5.3m/s  roll= -3.1 pitch= -1.9
  [109/180] yaw=-124.0 wind=(-7.43, 2.15) speed= 7.7m/s  roll= -3.8 pitch=  4.1
  [110/180] yaw=-124.0 wind=( 2.82, 3.91) speed= 4.8m/s  roll= -1.4 pitch= -2.8
  [111/180] yaw=-124.0 wind=(-2.45,-1.22) speed= 2.7m/s  roll= -0.1 pitch=  2.0
  [112/180] yaw=-124.0 wind=(-3.50,-3.06) speed= 4.7m/s  roll=  0.3 pitch=  3.3
  [113/180] yaw=-124.0 wind=( 1.29,-5.84) speed= 6.0m/s  roll=  4.0 pitch=  1.6
  [114/180] yaw=-124.0 wind=( 5.87, 0.12) speed= 5.9m/s  roll=  2.3 pitch= -3.2
  [115/180] yaw=-124.0 wind=( 3.03,-3.05) speed= 4.3m/s  roll=  2.8 pitch= -0.6
  [116/180] yaw=-124.0 wind=( 2.00, 6.98) speed= 7.3m/s  roll= -3.3 pitch= -3.9
  [117/180] yaw=-124.0 wind=( 3.51,-2.67) speed= 4.4m/s  roll=  3.1 pitch= -1.0
  [118/180] yaw=-124.0 wind=( 3.67, 2.57) speed= 4.5m/s  roll=  0.1 pitch= -3.0
  [119/180] yaw=-124.0 wind=( 3.30, 4.59) speed= 5.7m/s  roll= -1.3 pitch= -3.5
  [120/180] yaw=-124.0 wind=( 3.34, 4.20) speed= 5.4m/s  roll= -0.8 pitch= -3.5

============================================================
=== yaw 9/12: 목표 266도로 회전 중 (현재 -124.0도) ===
============================================================
  -> yaw -94.7도로 안정화
  [121/180] yaw=-93.9 wind=(-3.47, 7.43) speed= 8.2m/s  roll= -5.5 pitch=  1.9
  [122/180] yaw=-94.0 wind=(-3.68,-0.07) speed= 3.7m/s  roll= -0.2 pitch=  2.8
  [123/180] yaw=-94.0 wind=(-5.21, 1.37) speed= 5.4m/s  roll= -1.3 pitch=  3.4
  [124/180] yaw=-93.9 wind=(-6.76, 5.29) speed= 8.6m/s  roll= -4.8 pitch=  3.8
  [125/180] yaw=-94.0 wind=( 4.67,-8.76) speed= 9.9m/s  roll=  6.5 pitch= -1.8
  [126/180] yaw=-94.0 wind=( 7.18,-5.14) speed= 8.8m/s  roll=  4.7 pitch= -4.0
  [127/180] yaw=-94.0 wind=( 2.72, 6.40) speed= 7.0m/s  roll= -3.7 pitch= -3.0
  [128/180] yaw=-94.0 wind=( 4.56, 3.02) speed= 5.5m/s  roll= -1.0 pitch= -3.7
  [129/180] yaw=-94.0 wind=(-0.16, 0.84) speed= 0.9m/s  roll= -0.6 pitch= -0.1
  [130/180] yaw=-94.0 wind=( 9.06,-2.28) speed= 9.3m/s  roll=  3.4 pitch= -5.4
  [131/180] yaw=-94.0 wind=( 0.43, 0.15) speed= 0.5m/s  roll= -0.3 pitch= -0.4
  [132/180] yaw=-94.0 wind=(-6.28,-1.94) speed= 6.6m/s  roll=  0.1 pitch=  4.9
  [133/180] yaw=-94.0 wind=( 3.88, 0.85) speed= 4.0m/s  roll= -0.1 pitch= -2.7
  [134/180] yaw=-94.0 wind=( 0.04,-0.58) speed= 0.6m/s  roll=  0.3 pitch=  0.3
  [135/180] yaw=-94.0 wind=(-0.81, 0.77) speed= 1.1m/s  roll= -0.6 pitch=  0.4

============================================================
=== yaw 10/12: 목표 296도로 회전 중 (현재 -94.0도) ===
============================================================
  -> yaw -64.3도로 안정화
  [136/180] yaw=-64.0 wind=(-4.10, 7.70) speed= 8.7m/s  roll= -0.4 pitch=  0.8
  [137/180] yaw=-64.0 wind=( 4.07, 3.11) speed= 5.1m/s  roll= -3.4 pitch= -1.7
  [138/180] yaw=-64.0 wind=( 0.09, 1.75) speed= 1.8m/s  roll= -1.1 pitch=  0.5
  [139/180] yaw=-64.0 wind=( 3.97, 2.07) speed= 4.5m/s  roll= -2.5 pitch= -1.9
  [140/180] yaw=-64.0 wind=(-1.14, 0.04) speed= 1.1m/s  roll=  0.1 pitch=  0.7
  [141/180] yaw=-64.0 wind=(-0.09, 8.90) speed= 8.9m/s  roll= -5.8 pitch=  2.6
  [142/180] yaw=-64.0 wind=(-0.15, 2.14) speed= 2.1m/s  roll= -1.5 pitch=  0.7
  [143/180] yaw=-64.0 wind=(-4.53,-5.82) speed= 7.4m/s  roll=  5.1 pitch=  1.6
  [144/180] yaw=-64.0 wind=( 2.59, 2.83) speed= 3.8m/s  roll= -2.5 pitch= -0.7
  [145/180] yaw=-64.0 wind=( 3.10,-4.12) speed= 5.2m/s  roll=  1.5 pitch= -3.1
  [146/180] yaw=-64.0 wind=( 6.30, 5.82) speed= 8.6m/s  roll= -5.7 pitch= -1.9
  [147/180] yaw=-64.0 wind=( 3.10, 1.41) speed= 3.4m/s  roll= -2.0 pitch= -1.2
  [148/180] yaw=-64.0 wind=( 1.86,-8.32) speed= 8.5m/s  roll=  4.8 pitch= -3.9
  [149/180] yaw=-64.0 wind=(-2.90,-2.18) speed= 3.6m/s  roll=  2.2 pitch=  1.3
  [150/180] yaw=-64.0 wind=( 5.88,-6.99) speed= 9.1m/s  roll=  2.3 pitch= -5.9

============================================================
=== yaw 11/12: 목표 326도로 회전 중 (현재 -64.0도) ===
============================================================
  -> yaw -34.4도로 안정화
  [151/180] yaw=-34.0 wind=(-4.58,-0.88) speed= 4.7m/s  roll=  3.1 pitch=  1.4
  [152/180] yaw=-34.0 wind=( 6.09,-6.79) speed= 9.1m/s  roll= -1.1 pitch= -6.2
  [153/180] yaw=-34.0 wind=( 2.68, 9.55) speed= 9.9m/s  roll= -4.8 pitch=  4.9
  [154/180] yaw=-34.0 wind=(-0.26, 2.82) speed= 2.8m/s  roll= -0.7 pitch=  1.9
  [155/180] yaw=-34.0 wind=(-3.18, 3.90) speed= 5.0m/s  roll=  0.7 pitch=  3.4
  [156/180] yaw=-34.0 wind=( 4.12,-6.36) speed= 7.6m/s  roll=  0.1 pitch= -5.1
  [157/180] yaw=-34.0 wind=(-4.59, 8.33) speed= 9.5m/s  roll= -0.2 pitch=  6.8
  [158/180] yaw=-34.0 wind=( 2.49, 3.69) speed= 4.5m/s  roll= -3.0 pitch=  1.3
  [159/180] yaw=-34.0 wind=(-1.27,-5.47) speed= 5.6m/s  roll=  2.9 pitch= -2.6
  [160/180] yaw=-34.0 wind=(-3.44, 4.08) speed= 5.3m/s  roll=  0.8 pitch=  3.7
  [161/180] yaw=-34.0 wind=(-1.51, 3.77) speed= 4.1m/s  roll= -0.4 pitch=  2.7
  [162/180] yaw=-34.0 wind=(-0.87,-0.91) speed= 1.3m/s  roll=  0.9 pitch= -0.3
  [163/180] yaw=-34.0 wind=(-2.48,-0.59) speed= 2.5m/s  roll=  1.7 pitch=  0.5
  [164/180] yaw=-34.0 wind=( 0.64,-0.79) speed= 1.0m/s  roll= -0.3 pitch= -0.6
  [165/180] yaw=-34.0 wind=( 3.19,-6.00) speed= 6.8m/s  roll= -0.2 pitch= -0.7

============================================================
=== yaw 12/12: 목표 356도로 회전 중 (현재 -34.0도) ===
============================================================
  -> yaw -5.7도로 안정화
  [166/180] yaw= -3.9 wind=( 4.95,-7.69) speed= 9.1m/s  roll= -3.4 pitch= -5.3
  [167/180] yaw= -4.0 wind=(-0.81,-5.82) speed= 5.9m/s  roll=  0.9 pitch= -3.9
  [168/180] yaw= -4.0 wind=( 2.26, 1.54) speed= 2.7m/s  roll= -1.5 pitch=  1.0
  [169/180] yaw= -4.0 wind=(-7.76, 6.12) speed= 9.9m/s  roll=  5.6 pitch=  4.4
  [170/180] yaw= -4.0 wind=(-0.22, 3.11) speed= 3.1m/s  roll= -0.1 pitch=  2.2
  [171/180] yaw= -4.0 wind=( 3.78,-1.03) speed= 3.9m/s  roll= -2.5 pitch= -0.8
  [172/180] yaw= -4.0 wind=( 0.09,-4.79) speed= 4.8m/s  roll=  0.2 pitch= -3.4
  [173/180] yaw= -4.0 wind=(-7.15,-3.88) speed= 8.1m/s  roll=  5.0 pitch= -2.3
  [174/180] yaw= -4.0 wind=(-4.87,-6.98) speed= 8.5m/s  roll=  3.8 pitch= -4.6
  [175/180] yaw= -4.0 wind=( 8.97, 1.65) speed= 9.1m/s  roll= -6.3 pitch=  1.4
  [176/180] yaw= -4.0 wind=( 6.22, 7.23) speed= 9.5m/s  roll= -4.5 pitch=  5.1
  [177/180] yaw= -4.0 wind=(-3.99, 3.24) speed= 5.1m/s  roll=  2.6 pitch=  2.1
  [178/180] yaw= -4.0 wind=(-1.03, 2.04) speed= 2.3m/s  roll=  0.7 pitch=  1.3
  [179/180] yaw= -4.0 wind=( 6.24,-1.84) speed= 6.5m/s  roll= -4.4 pitch= -1.5
  [180/180] yaw= -4.0 wind=( 3.55,-4.32) speed= 5.6m/s  roll= -2.5 pitch= -3.0

데이터 수집 완료. CSV 저장됨: ../../logs/wind_random_20260814_071535_yaw26p0_n12x15_speed0-10_seed14042.csv
[송신 간격 통계] 목표=50ms  평균=50.0ms  최대=66.7ms  임계치 초과=0/65217

--- Offboard 종료 ---

--- Landing ---
-> 착륙 완료 및 디스암 확인

무작위 바람 데이터 수집 완료.
  [수집] 세션 14 완료 (시도 1/3)
  [그래프] /home/ssh2003/MyProjects/quad-pinn-project/logs/wind_random_20260814_071535_yaw26p0_n12x15_speed0-10_seed14042.csv 요약 PNG 생성 중...
    findfont: Failed to find font weight normal, now using 100.
    /home/ssh2003/MyProjects/quad-pinn-project/sim_scripts/data_collection/plot_session_grid.py:106: UserWarning: This figure includes Axes that are not compatible with tight_layout, so results might be incorrect.
      fig.tight_layout(rect=[0, 0, 0.92, 0.94])
    findfont: Failed to find font weight normal, now using 100.
    findfont: Failed to find font weight normal, now using 100.
    findfont: Failed to find font weight normal, now using 100.
    findfont: Failed to find font weight normal, now using 100.
    저장됨: /home/ssh2003/MyProjects/quad-pinn-project/figures/wind_random_20260814_014422_n12x15_td15/session_wind_random_20260814_071535_yaw26p0_n12x15_speed0-10_seed14042.png

############################################################
# 세션 15/15
############################################################
  [SITL] 기존 프로세스 정리 중 (정상종료 시도)...
Terminated
  [SITL] 강제 정리 (남아있는 프로세스 있으면)...
  [SITL] 재시작 중...
  [SITL] px4 프로세스 감지됨 (1s). 안정화 대기 15s...
  [수집] 시작 (seed=15042, yaw-offset=28.000도, 시도 1/3, 타임아웃 4196초)
PX4 SITL에 연결 시도 중...
-> 드론에 연결됨!
GPS/홈 위치 확인 중...
-> 전역 위치 및 홈 위치 준비 완료

[확인] PX4 SITL이 'windy' 월드로 실행 중인지 확인할 것.

--- Arming ---
-> Armed

--- Takeoff ---
  안전 고도(1.5m) 도달 대기 중...
  -> 안전 고도 도달 (relative_altitude=1.50m)

--- Offboard 진입 준비: 초기 setpoint(현재 위치 고정) 전송 ---

--- Offboard 모드 시작 ---

CSV 로그 저장 경로: ../../logs/wind_random_20260814_081043_yaw28p0_n12x15_speed0-10_seed15042.csv

yaw 12방향(offset=28.0도) x 방향당 바람조건 15개 = 총 180개 수집 시작 (조건당 15초, 예상 총 소요 51.0분 + yaw 회전 시간)

============================================================
=== yaw 1/12: 목표 28도로 회전 중 (현재 92.1도) ===
============================================================
  -> yaw 27.7도로 안정화
  [1/180] yaw= 28.0 wind=(-2.38, 2.17) speed= 3.2m/s  roll=  2.3 pitch=  0.7
  [2/180] yaw= 28.0 wind=(-2.01, 1.37) speed= 2.4m/s  roll=  1.5 pitch=  0.0
  [3/180] yaw= 28.2 wind=(-0.28, 5.27) speed= 5.3m/s  roll=  2.0 pitch=  3.1
  [4/180] yaw= 28.4 wind=( 6.48, 7.52) speed= 9.9m/s  roll= -3.1 pitch=  5.9
  [5/180] yaw= 28.0 wind=(-0.21, 3.49) speed= 3.5m/s  roll=  0.9 pitch=  2.5
  [6/180] yaw= 28.1 wind=( 3.34, 1.83) speed= 3.8m/s  roll= -2.1 pitch=  1.6
  [7/180] yaw= 28.0 wind=(-4.21, 8.30) speed= 9.3m/s  roll=  3.7 pitch=  5.2
  [8/180] yaw= 27.9 wind=( 6.69, 6.44) speed= 9.3m/s  roll= -3.9 pitch=  5.2
  [9/180] yaw= 27.9 wind=( 6.74,-2.51) speed= 7.2m/s  roll= -4.6 pitch=  0.4
  [10/180] yaw= 28.0 wind=(-0.81, 2.50) speed= 2.6m/s  roll=  1.6 pitch=  1.8
  [11/180] yaw= 28.0 wind=( 5.40,-1.44) speed= 5.6m/s  roll= -3.8 pitch=  1.1
  [12/180] yaw= 28.0 wind=(-5.22, 4.86) speed= 7.1m/s  roll=  5.2 pitch=  2.0
  [13/180] yaw= 28.0 wind=(-0.78,-2.13) speed= 2.3m/s  roll=  0.2 pitch= -1.4
  [14/180] yaw= 28.0 wind=( 0.85, 2.58) speed= 2.7m/s  roll=  0.5 pitch=  2.3
  [15/180] yaw= 28.0 wind=( 5.94, 1.32) speed= 6.1m/s  roll= -3.2 pitch=  3.0

============================================================
=== yaw 2/12: 목표 58도로 회전 중 (현재 28.0도) ===
============================================================
  -> yaw 56.6도로 안정화
  [16/180] yaw= 58.0 wind=(-3.50,-8.94) speed= 9.6m/s  roll= -3.9 pitch= -5.1
  [17/180] yaw= 58.0 wind=(-9.77,-1.38) speed= 9.9m/s  roll=  3.3 pitch= -6.0
  [18/180] yaw= 58.0 wind=( 1.62, 2.44) speed= 2.9m/s  roll=  0.9 pitch=  2.0
  [19/180] yaw= 58.0 wind=(-3.79,-1.34) speed= 4.0m/s  roll=  0.5 pitch= -2.4
  [20/180] yaw= 58.0 wind=( 9.13, 0.91) speed= 9.2m/s  roll= -2.2 pitch=  6.1
  [21/180] yaw= 58.0 wind=( 0.75,-1.55) speed= 1.7m/s  roll= -0.9 pitch=  0.3
  [22/180] yaw= 58.0 wind=( 6.50, 3.82) speed= 7.5m/s  roll=  0.5 pitch=  5.3
  [23/180] yaw= 58.0 wind=( 7.64,-2.01) speed= 7.9m/s  roll= -3.1 pitch=  4.5
  [24/180] yaw= 58.0 wind=( 0.06,-6.64) speed= 6.6m/s  roll= -4.0 pitch= -1.8
  [25/180] yaw= 58.0 wind=( 1.59,-0.81) speed= 1.8m/s  roll= -1.1 pitch=  0.8
  [26/180] yaw= 58.0 wind=( 7.03,-3.98) speed= 8.1m/s  roll= -4.4 pitch=  3.7
  [27/180] yaw= 58.0 wind=(-4.82, 3.51) speed= 6.0m/s  roll=  3.9 pitch= -1.9
  [28/180] yaw= 58.0 wind=( 2.46, 0.65) speed= 2.5m/s  roll= -0.3 pitch=  1.7
  [29/180] yaw= 58.0 wind=(-0.06,-4.00) speed= 4.0m/s  roll= -2.3 pitch= -1.2
  [30/180] yaw= 58.0 wind=(-3.58, 8.75) speed= 9.5m/s  roll=  6.7 pitch=  0.6

============================================================
=== yaw 3/12: 목표 88도로 회전 중 (현재 58.0도) ===
============================================================
  -> yaw 86.0도로 안정화
  [31/180] yaw= 88.0 wind=( 4.16,-2.85) speed= 5.0m/s  roll= -1.7 pitch=  3.1
  [32/180] yaw= 88.0 wind=( 4.52,-3.59) speed= 5.8m/s  roll= -2.3 pitch=  3.3
  [33/180] yaw= 88.0 wind=(-5.38,-3.05) speed= 6.2m/s  roll= -1.9 pitch= -3.6
  [34/180] yaw= 88.0 wind=(-2.52, 5.35) speed= 5.9m/s  roll=  3.8 pitch= -2.0
  [35/180] yaw= 88.0 wind=(-0.57, 0.56) speed= 0.8m/s  roll=  0.5 pitch= -0.4
  [36/180] yaw= 88.0 wind=(-7.25,-5.29) speed= 9.0m/s  roll= -3.4 pitch= -5.0
  [37/180] yaw= 88.0 wind=(-0.31,-8.56) speed= 8.6m/s  roll= -5.8 pitch= -0.4
  [38/180] yaw= 88.0 wind=( 1.44, 2.41) speed= 2.8m/s  roll=  1.6 pitch=  1.3
  [39/180] yaw= 88.0 wind=( 5.91,-2.92) speed= 6.6m/s  roll= -1.9 pitch=  4.3
  [40/180] yaw= 88.0 wind=(-9.61,-0.13) speed= 9.6m/s  roll=  0.5 pitch= -6.6
  [41/180] yaw= 88.0 wind=( 2.10,-9.29) speed= 9.5m/s  roll= -6.3 pitch=  1.4
  [42/180] yaw= 88.0 wind=( 3.54,-1.25) speed= 3.8m/s  roll= -0.9 pitch=  2.9
  [43/180] yaw= 88.0 wind=( 6.50, 6.66) speed= 9.3m/s  roll=  4.5 pitch=  4.9
  [44/180] yaw= 88.0 wind=( 6.07,-2.29) speed= 6.5m/s  roll= -1.6 pitch=  4.2
  [45/180] yaw= 88.0 wind=(-3.23, 1.43) speed= 3.5m/s  roll=  1.2 pitch= -2.2

============================================================
=== yaw 4/12: 목표 118도로 회전 중 (현재 88.0도) ===
============================================================
  -> yaw 116.9도로 안정화
  [46/180] yaw=118.0 wind=( 1.81,-8.33) speed= 8.5m/s  roll= -4.4 pitch=  3.8
  [47/180] yaw=118.0 wind=(-1.77, 0.19) speed= 1.8m/s  roll= -0.3 pitch= -1.1
  [48/180] yaw=118.0 wind=(-1.87, 2.17) speed= 2.9m/s  roll=  0.8 pitch= -1.6
  [49/180] yaw=118.0 wind=(-0.25, 7.95) speed= 8.0m/s  roll=  4.7 pitch= -2.7
  [50/180] yaw=118.0 wind=( 2.42, 1.16) speed= 2.7m/s  roll=  1.7 pitch=  1.4
  [51/180] yaw=118.0 wind=(-5.38, 5.57) speed= 7.7m/s  roll=  1.7 pitch= -5.0
  [52/180] yaw=118.0 wind=(-3.48, 1.22) speed= 3.7m/s  roll= -0.6 pitch= -2.5
  [53/180] yaw=118.0 wind=(-1.79, 1.16) speed= 2.1m/s  roll=  0.4 pitch= -1.5
  [54/180] yaw=118.0 wind=( 2.53,-3.49) speed= 4.3m/s  roll= -1.4 pitch=  2.6
  [55/180] yaw=118.0 wind=( 7.42,-2.85) speed= 8.0m/s  roll=  0.7 pitch=  5.6
  [56/180] yaw=118.0 wind=(-2.50, 6.03) speed= 6.5m/s  roll=  2.8 pitch= -3.7
  [57/180] yaw=118.0 wind=(-0.97, 7.65) speed= 7.7m/s  roll=  4.4 pitch= -3.0
  [58/180] yaw=118.0 wind=(-8.75, 1.81) speed= 8.9m/s  roll= -1.7 pitch= -6.0
  [59/180] yaw=118.0 wind=(-1.82, 5.10) speed= 5.4m/s  roll=  2.6 pitch= -2.8
  [60/180] yaw=118.0 wind=( 1.84,-9.14) speed= 9.3m/s  roll= -5.2 pitch=  3.8

============================================================
=== yaw 5/12: 목표 148도로 회전 중 (현재 118.0도) ===
============================================================
  -> yaw 146.7도로 안정화
  [61/180] yaw=148.0 wind=(-8.33, 2.34) speed= 8.7m/s  roll= -4.2 pitch= -4.2
  [62/180] yaw=148.0 wind=(-6.17, 2.58) speed= 6.7m/s  roll= -3.0 pitch= -3.6
  [63/180] yaw=148.0 wind=(-0.93,-0.27) speed= 1.0m/s  roll= -0.6 pitch= -0.1
  [64/180] yaw=148.0 wind=(-6.47, 2.93) speed= 7.1m/s  roll= -3.0 pitch= -4.0
  [65/180] yaw=148.0 wind=(-7.98, 1.66) speed= 8.1m/s  roll= -4.5 pitch= -3.3
  [66/180] yaw=148.0 wind=(-4.18, 5.08) speed= 6.6m/s  roll= -0.8 pitch= -4.5
  [67/180] yaw=148.0 wind=( 2.38, 6.21) speed= 6.7m/s  roll=  3.7 pitch= -3.1
  [68/180] yaw=148.0 wind=(-0.82, 5.28) speed= 5.3m/s  roll=  1.2 pitch= -3.6
  [69/180] yaw=148.0 wind=( 7.12, 0.69) speed= 7.2m/s  roll=  4.7 pitch=  2.1
  [70/180] yaw=148.0 wind=(-7.91,-3.02) speed= 8.5m/s  roll= -5.3 pitch= -1.5
  [71/180] yaw=148.0 wind=(-1.02,-4.03) speed= 4.2m/s  roll= -2.2 pitch=  2.0
  [72/180] yaw=148.0 wind=( 7.15,-2.15) speed= 7.5m/s  roll=  3.2 pitch=  4.2
  [73/180] yaw=148.0 wind=( 0.63, 7.83) speed= 7.9m/s  roll=  3.4 pitch= -4.2
  [74/180] yaw=148.0 wind=( 6.89, 0.98) speed= 7.0m/s  roll=  4.4 pitch=  2.0
  [75/180] yaw=148.0 wind=(-4.27, 7.45) speed= 8.6m/s  roll=  0.4 pitch= -6.0

============================================================
=== yaw 6/12: 목표 178도로 회전 중 (현재 148.0도) ===
============================================================
  -> yaw 176.0도로 안정화
  [76/180] yaw=178.0 wind=( 7.53, 5.18) speed= 9.1m/s  roll=  5.6 pitch= -3.3
  [77/180] yaw=178.0 wind=( 3.59, 8.03) speed= 8.8m/s  roll=  2.9 pitch= -5.3
  [78/180] yaw=178.0 wind=(-4.72,-3.47) speed= 5.9m/s  roll= -3.8 pitch=  2.1
  [79/180] yaw=178.0 wind=(-0.64,-8.79) speed= 8.8m/s  roll= -1.6 pitch=  6.2
  [80/180] yaw=178.0 wind=(-3.70,-7.66) speed= 8.5m/s  roll= -3.4 pitch=  5.0
  [81/180] yaw=178.0 wind=(-2.14,-7.29) speed= 7.6m/s  roll= -2.2 pitch=  4.8
  [82/180] yaw=178.0 wind=( 0.80,-2.21) speed= 2.3m/s  roll=  0.4 pitch=  2.0
  [83/180] yaw=178.0 wind=( 6.00,-2.37) speed= 6.5m/s  roll=  4.0 pitch=  2.3
  [84/180] yaw=178.0 wind=( 2.38,-7.30) speed= 7.7m/s  roll=  1.0 pitch=  5.4
  [85/180] yaw=178.0 wind=( 3.48, 0.34) speed= 3.5m/s  roll=  2.4 pitch=  0.3
  [86/180] yaw=178.0 wind=( 4.93,-1.42) speed= 5.1m/s  roll=  3.4 pitch=  1.5
  [87/180] yaw=178.1 wind=(-7.66, 2.66) speed= 8.1m/s  roll= -5.4 pitch= -1.8
  [88/180] yaw=178.0 wind=( 5.60,-3.27) speed= 6.5m/s  roll=  3.8 pitch=  2.6
  [89/180] yaw=178.0 wind=( 1.51, 4.03) speed= 4.3m/s  roll=  1.4 pitch= -2.6
  [90/180] yaw=178.0 wind=( 2.26, 7.25) speed= 7.6m/s  roll=  1.9 pitch= -4.9

============================================================
=== yaw 7/12: 목표 208도로 회전 중 (현재 178.0도) ===
============================================================
  -> yaw -153.2도로 안정화
  [91/180] yaw=-152.0 wind=(-0.46,-1.10) speed= 1.2m/s  roll=  0.2 pitch=  1.0
  [92/180] yaw=-152.0 wind=(-3.12, 4.14) speed= 5.2m/s  roll= -3.2 pitch= -1.3
  [93/180] yaw=-152.0 wind=(-5.54, 3.69) speed= 6.7m/s  roll= -4.7 pitch= -0.4
  [94/180] yaw=-152.0 wind=( 0.71, 3.93) speed= 4.0m/s  roll= -0.6 pitch= -2.6
  [95/180] yaw=-152.0 wind=( 4.02, 3.74) speed= 5.5m/s  roll=  1.3 pitch= -3.4
  [96/180] yaw=-152.0 wind=( 0.11, 0.05) speed= 0.1m/s  roll=  0.1 pitch= -0.0
  [97/180] yaw=-152.0 wind=( 3.58, 6.70) speed= 7.6m/s  roll= -0.0 pitch= -5.3
  [98/180] yaw=-152.0 wind=(-0.93, 8.61) speed= 8.7m/s  roll= -3.7 pitch= -5.1
  [99/180] yaw=-152.0 wind=(-7.39, 4.58) speed= 8.7m/s  roll= -6.0 pitch= -0.4
  [100/180] yaw=-152.0 wind=( 6.11,-3.75) speed= 7.2m/s  roll= -6.1 pitch=  0.0
  [101/180] yaw=-152.0 wind=( 1.79,-1.24) speed= 2.2m/s  roll=  1.4 pitch=  0.6
  [102/180] yaw=-152.0 wind=(-7.17,-4.77) speed= 8.6m/s  roll= -3.3 pitch=  5.3
  [103/180] yaw=-152.0 wind=(-6.39, 4.85) speed= 8.0m/s  roll= -5.4 pitch= -0.2
  [104/180] yaw=-152.0 wind=( 9.35,-0.71) speed= 9.4m/s  roll=  5.8 pitch= -2.8
  [105/180] yaw=-152.0 wind=( 9.43, 1.43) speed= 9.5m/s  roll=  5.0 pitch= -4.3

============================================================
=== yaw 8/12: 목표 238도로 회전 중 (현재 -152.0도) ===
============================================================
  -> yaw -123.4도로 안정화
  [106/180] yaw=-122.0 wind=(-3.31,-0.76) speed= 3.4m/s  roll= -0.8 pitch=  2.3
  [107/180] yaw=-122.0 wind=( 9.07,-2.32) speed= 9.4m/s  roll=  4.4 pitch= -4.9
  [108/180] yaw=-122.0 wind=(-5.30, 0.07) speed= 5.3m/s  roll= -1.7 pitch=  3.3
  [109/180] yaw=-122.0 wind=( 5.04,-3.34) speed= 6.0m/s  roll=  4.1 pitch= -1.8
  [110/180] yaw=-122.0 wind=(-9.49,-0.86) speed= 9.5m/s  roll= -2.9 pitch=  5.9
  [111/180] yaw=-122.0 wind=(-7.53, 1.09) speed= 7.6m/s  roll= -2.7 pitch=  4.5
  [112/180] yaw=-122.0 wind=( 4.99,-6.18) speed= 7.9m/s  roll=  5.4 pitch= -1.1
  [113/180] yaw=-122.0 wind=( 1.37, 2.35) speed= 2.7m/s  roll= -0.8 pitch= -1.5
  [114/180] yaw=-122.0 wind=( 0.20, 0.15) speed= 0.3m/s  roll= -0.1 pitch= -0.1
  [115/180] yaw=-122.0 wind=(-2.61,-7.80) speed= 8.2m/s  roll=  3.9 pitch=  4.3
  [116/180] yaw=-122.0 wind=( 2.01,-0.63) speed= 2.1m/s  roll=  1.2 pitch= -1.0
  [117/180] yaw=-122.0 wind=(-3.71, 2.44) speed= 4.4m/s  roll= -2.8 pitch=  1.6
  [118/180] yaw=-122.0 wind=(-2.69, 6.07) speed= 6.6m/s  roll= -4.5 pitch= -0.3
  [119/180] yaw=-122.0 wind=( 5.55, 6.72) speed= 8.7m/s  roll= -2.2 pitch= -5.7
  [120/180] yaw=-122.0 wind=( 0.03,-1.91) speed= 1.9m/s  roll=  1.2 pitch=  0.7

============================================================
=== yaw 9/12: 목표 268도로 회전 중 (현재 -122.0도) ===
============================================================
  -> yaw -94.1도로 안정화
  [121/180] yaw=-92.0 wind=( 3.81,-2.72) speed= 4.7m/s  roll=  2.4 pitch= -2.4
  [122/180] yaw=-92.0 wind=(-1.51, 6.04) speed= 6.2m/s  roll= -4.3 pitch=  0.8
  [123/180] yaw=-92.0 wind=(-5.52,-5.04) speed= 7.5m/s  roll=  3.0 pitch=  4.4
  [124/180] yaw=-92.0 wind=( 0.29,-8.54) speed= 8.5m/s  roll=  5.9 pitch=  0.8
  [125/180] yaw=-92.0 wind=(-1.25, 3.28) speed= 3.5m/s  roll= -2.3 pitch=  0.7
  [126/180] yaw=-92.0 wind=( 7.74,-1.05) speed= 7.8m/s  roll=  1.2 pitch= -5.1
  [127/180] yaw=-92.0 wind=(-7.08, 4.42) speed= 8.3m/s  roll= -3.2 pitch=  4.9
  [128/180] yaw=-92.0 wind=(-0.57, 3.84) speed= 3.9m/s  roll= -2.7 pitch=  0.4
  [129/180] yaw=-92.0 wind=(-0.71,-6.13) speed= 6.2m/s  roll=  4.2 pitch=  0.7
  [130/180] yaw=-92.0 wind=( 4.81, 5.98) speed= 7.7m/s  roll= -4.1 pitch= -3.5
  [131/180] yaw=-92.0 wind=(-1.23, 0.85) speed= 1.5m/s  roll= -0.4 pitch=  0.8
  [132/180] yaw=-92.0 wind=(-1.83, 3.78) speed= 4.2m/s  roll= -2.5 pitch=  1.6
  [133/180] yaw=-92.0 wind=(-0.45, 5.24) speed= 5.3m/s  roll= -3.6 pitch=  0.4
  [134/180] yaw=-92.0 wind=( 1.16, 0.29) speed= 1.2m/s  roll= -0.1 pitch= -0.7
  [135/180] yaw=-92.0 wind=(-2.45,-6.30) speed= 6.8m/s  roll=  4.4 pitch=  1.8

============================================================
=== yaw 10/12: 목표 298도로 회전 중 (현재 -92.0도) ===
============================================================
  -> yaw -64.0도로 안정화
  [136/180] yaw=-62.0 wind=( 1.30,-2.25) speed= 2.6m/s  roll=  1.1 pitch= -1.6
  [137/180] yaw=-62.0 wind=(-3.53, 7.49) speed= 8.3m/s  roll= -3.1 pitch=  4.9
  [138/180] yaw=-62.0 wind=(-2.46, 1.39) speed= 2.8m/s  roll=  0.1 pitch=  1.9
  [139/180] yaw=-62.0 wind=(-0.12, 3.13) speed= 3.1m/s  roll= -1.7 pitch=  1.3
  [140/180] yaw=-62.0 wind=(-6.82, 0.81) speed= 6.9m/s  roll=  2.0 pitch=  4.4
  [141/180] yaw=-62.0 wind=( 2.95, 6.25) speed= 6.9m/s  roll= -4.9 pitch=  0.2
  [142/180] yaw=-62.0 wind=(-1.95,-2.92) speed= 3.5m/s  roll=  2.5 pitch=  0.5
  [143/180] yaw=-62.0 wind=(-2.55, 7.94) speed= 8.3m/s  roll= -4.0 pitch=  4.4
  [144/180] yaw=-62.0 wind=( 5.20,-4.72) speed= 7.0m/s  roll=  1.5 pitch= -4.7
  [145/180] yaw=-62.0 wind=( 2.28,-2.61) speed= 3.5m/s  roll=  0.9 pitch= -2.5
  [146/180] yaw=-62.0 wind=(-8.10, 3.12) speed= 8.7m/s  roll=  0.9 pitch= -2.2
  [147/180] yaw=-62.0 wind=(-0.90,-8.28) speed= 8.3m/s  roll=  5.4 pitch= -1.9
  [148/180] yaw=-62.0 wind=(-2.00, 0.05) speed= 2.0m/s  roll=  0.7 pitch=  1.2
  [149/180] yaw=-62.0 wind=( 0.11, 8.57) speed= 8.6m/s  roll= -5.6 pitch=  1.8
  [150/180] yaw=-62.0 wind=(-8.76,-1.76) speed= 8.9m/s  roll=  3.1 pitch=  5.3

============================================================
=== yaw 11/12: 목표 328도로 회전 중 (현재 -62.0도) ===
============================================================
  -> yaw -33.0도로 안정화
  [151/180] yaw=-32.0 wind=(-1.90, 0.10) speed= 1.9m/s  roll=  0.7 pitch=  0.9
  [152/180] yaw=-32.0 wind=(-6.83,-1.38) speed= 7.0m/s  roll=  4.4 pitch=  2.3
  [153/180] yaw=-32.0 wind=( 0.44, 0.05) speed= 0.4m/s  roll= -0.1 pitch= -0.0
  [154/180] yaw=-32.0 wind=(-1.42,-0.91) speed= 1.7m/s  roll=  1.2 pitch=  0.1
  [155/180] yaw=-32.0 wind=(-1.15, 1.93) speed= 2.2m/s  roll= -0.2 pitch=  1.6
  [156/180] yaw=-32.0 wind=( 5.47, 3.82) speed= 6.7m/s  roll= -4.6 pitch= -0.2
  [157/180] yaw=-32.0 wind=( 1.57,-8.16) speed= 8.3m/s  roll=  2.6 pitch= -5.0
  [158/180] yaw=-32.0 wind=(-3.51,-1.75) speed= 3.9m/s  roll=  2.7 pitch=  0.6
  [159/180] yaw=-32.0 wind=(-2.18,-1.53) speed= 2.7m/s  roll=  1.7 pitch= -0.0
  [160/180] yaw=-32.0 wind=(-1.40,-0.27) speed= 1.4m/s  roll=  1.1 pitch=  0.4
  [161/180] yaw=-32.0 wind=( 4.77,-0.26) speed= 4.8m/s  roll= -2.7 pitch= -2.1
  [162/180] yaw=-32.0 wind=(-3.68,-7.25) speed= 8.1m/s  roll=  5.0 pitch= -2.5
  [163/180] yaw=-32.0 wind=( 8.90, 0.12) speed= 8.9m/s  roll= -5.2 pitch= -3.2
  [164/180] yaw=-32.0 wind=( 7.65,-5.37) speed= 9.3m/s  roll= -2.6 pitch= -6.2
  [165/180] yaw=-32.0 wind=( 4.74, 0.83) speed= 4.8m/s  roll= -3.1 pitch= -1.0

============================================================
=== yaw 12/12: 목표 358도로 회전 중 (현재 -32.0도) ===
============================================================
  -> yaw -3.7도로 안정화
  [166/180] yaw= -2.0 wind=( 1.97,-1.75) speed= 2.6m/s  roll= -1.4 pitch= -1.1
  [167/180] yaw= -2.0 wind=( 0.51,-6.71) speed= 6.7m/s  roll= -0.3 pitch= -4.7
  [168/180] yaw= -2.0 wind=( 1.07,-8.16) speed= 8.2m/s  roll= -0.7 pitch= -5.7
  [169/180] yaw= -2.0 wind=( 6.96, 4.12) speed= 8.1m/s  roll= -4.7 pitch=  3.4
  [170/180] yaw= -2.0 wind=( 4.09, 1.97) speed= 4.5m/s  roll= -3.1 pitch=  1.6
  [171/180] yaw= -2.0 wind=( 0.83,-4.11) speed= 4.2m/s  roll= -0.6 pitch= -2.9
  [172/180] yaw= -2.0 wind=( 3.47,-5.71) speed= 6.7m/s  roll= -2.7 pitch= -3.6
  [173/180] yaw= -2.0 wind=(-5.36, 7.46) speed= 9.2m/s  roll=  4.5 pitch=  4.7
  [174/180] yaw= -2.0 wind=( 1.09,-6.52) speed= 6.6m/s  roll= -1.3 pitch= -4.3
  [175/180] yaw= -1.9 wind=( 3.47,-1.23) speed= 3.7m/s  roll= -2.6 pitch= -0.6
  [176/180] yaw= -2.0 wind=( 1.94, 1.95) speed= 2.8m/s  roll= -1.5 pitch=  1.2
  [177/180] yaw= -2.0 wind=(-6.09, 6.02) speed= 8.6m/s  roll=  3.8 pitch=  4.6
  [178/180] yaw= -2.0 wind=( 4.46,-7.57) speed= 8.8m/s  roll= -2.5 pitch= -5.5
  [179/180] yaw= -2.0 wind=( 1.91,-1.86) speed= 2.7m/s  roll= -0.8 pitch= -1.7
  [180/180] yaw= -2.0 wind=(-0.51,-0.79) speed= 0.9m/s  roll=  0.5 pitch= -0.5

데이터 수집 완료. CSV 저장됨: ../../logs/wind_random_20260814_081043_yaw28p0_n12x15_speed0-10_seed15042.csv
[송신 간격 통계] 목표=50ms  평균=50.0ms  최대=67.0ms  임계치 초과=0/65214

--- Offboard 종료 ---

--- Landing ---
-> 착륙 완료 및 디스암 확인

무작위 바람 데이터 수집 완료.
  [수집] 세션 15 완료 (시도 1/3)
  [그래프] /home/ssh2003/MyProjects/quad-pinn-project/logs/wind_random_20260814_081043_yaw28p0_n12x15_speed0-10_seed15042.csv 요약 PNG 생성 중...
    findfont: Failed to find font weight normal, now using 100.
    /home/ssh2003/MyProjects/quad-pinn-project/sim_scripts/data_collection/plot_session_grid.py:106: UserWarning: This figure includes Axes that are not compatible with tight_layout, so results might be incorrect.
      fig.tight_layout(rect=[0, 0, 0.92, 0.94])
    findfont: Failed to find font weight normal, now using 100.
    findfont: Failed to find font weight normal, now using 100.
    findfont: Failed to find font weight normal, now using 100.
    findfont: Failed to find font weight normal, now using 100.
    저장됨: /home/ssh2003/MyProjects/quad-pinn-project/figures/wind_random_20260814_014422_n12x15_td15/session_wind_random_20260814_081043_yaw28p0_n12x15_speed0-10_seed15042.png

############################################################
# 전체 완료: 15개 세션 중 15개 성공, 0개 실패
# 결과 CSV: /home/ssh2003/MyProjects/quad-pinn-project/logs/wind_random_*.csv
############################################################

  [그래프] 세션 8개 통합 요약(모자이크+전체 겹침) 생성 중...
    findfont: Failed to find font weight normal, now using 100.
    findfont: Failed to find font weight normal, now using 100.
    findfont: Failed to find font weight normal, now using 100.
    findfont: Failed to find font weight normal, now using 100.
    findfont: Failed to find font weight normal, now using 100.
    저장됨: /home/ssh2003/MyProjects/quad-pinn-project/figures/wind_random_20260814_014422_n12x15_td15/all_sessions_montage.png (3300x1046)
      총 트라이얼(선) 수: 1440
    저장됨: /home/ssh2003/MyProjects/quad-pinn-project/figures/wind_random_20260814_014422_n12x15_td15/all_trials_overlay.png
  [그래프] 전체 결과: /home/ssh2003/MyProjects/quad-pinn-project/figures/wind_random_20260814_014422_n12x15_td15
  [정리] 마지막 SITL 종료 중...
