nohup: ignoring input
=== 세션 15개, 세션당 yaw 12 x 방향당 15 = 180조건 (조건당 관측 15초) ===
=== 총 예상 조건 수: 2700 ===
=== 세션들을 합친 yaw 해상도: 180지점 (2.00도 간격) ===
=== 예상 총 소요시간: 약 13.4시간 (대략적인 추정치) ===
=== 세션당 강제종료 타임아웃: 4196초 ===
=== 그래프 저장 폴더: /home/ssh2003/MyProjects/quad-pinn-project/figures/wind_random_20260812_000029_n12x15_td15 ===

############################################################
# 세션 1/15
############################################################
  [SITL] 기존 프로세스 정리 중 (정상종료 시도)...
  [SITL] 강제 정리 (남아있는 프로세스 있으면)...
  [SITL] 재시작 중...
  [SITL] px4 프로세스 감지됨 (1s). 안정화 대기 15s...
  [수집] 시작 (seed=1042, yaw-offset=0.000도, 시도 1/3, 타임아웃 4196초)
PX4 SITL에 연결 시도 중...
-> 드론에 연결됨!
GPS/홈 위치 확인 중...
-> 전역 위치 및 홈 위치 준비 완료

[확인] PX4 SITL이 'windy' 월드로 실행 중인지 확인할 것.

--- Arming ---
-> Armed

--- Takeoff ---
  안전 고도(1.5m) 도달 대기 중...
  -> 안전 고도 도달 (relative_altitude=1.51m)

--- Offboard 진입 준비: 초기 setpoint(현재 위치 고정) 전송 ---

--- Offboard 모드 시작 ---

CSV 로그 저장 경로: ../../logs/wind_random_20260812_000058_yaw0p0_n12x15_speed0-10_seed1042.csv

yaw 12방향(offset=0.0도) x 방향당 바람조건 15개 = 총 180개 수집 시작 (조건당 15초, 예상 총 소요 51.0분 + yaw 회전 시간)

============================================================
=== yaw 1/12: 목표 0도로 회전 중 (현재 92.6도) ===
============================================================
  -> yaw 0.3도로 안정화
  [1/180] yaw= -0.0 wind=(-1.53, 1.97) speed= 2.5m/s  roll=  1.2 pitch=  1.3
  [2/180] yaw= -0.0 wind=( 7.00,-6.20) speed= 9.4m/s  roll= -4.4 pitch= -4.5
  [3/180] yaw=  0.0 wind=( 4.89,-0.09) speed= 4.9m/s  roll= -3.4 pitch= -0.4
  [4/180] yaw= -0.0 wind=(-7.54, 0.90) speed= 7.6m/s  roll=  5.1 pitch=  0.3
  [5/180] yaw= -0.0 wind=(-1.20,-1.22) speed= 1.7m/s  roll=  0.9 pitch= -0.8
  [6/180] yaw= -0.0 wind=( 5.35,-5.08) speed= 7.4m/s  roll= -3.9 pitch= -3.7
  [7/180] yaw=  0.0 wind=( 1.97,-2.00) speed= 2.8m/s  roll= -1.2 pitch= -1.4
  [8/180] yaw=  0.0 wind=( 0.30,-3.56) speed= 3.6m/s  roll= -0.2 pitch= -2.7
  [9/180] yaw= -0.0 wind=(-1.88,-8.28) speed= 8.5m/s  roll=  1.2 pitch= -5.5
  [10/180] yaw= -0.0 wind=(-9.37,-1.00) speed= 9.4m/s  roll=  6.3 pitch= -0.3
  [11/180] yaw=  0.0 wind=( 2.21, 7.30) speed= 7.6m/s  roll= -1.0 pitch=  5.4
  [12/180] yaw= -0.0 wind=( 1.03, 0.17) speed= 1.0m/s  roll= -0.9 pitch=  0.2
  [13/180] yaw=  0.0 wind=(-9.39,-2.60) speed= 9.7m/s  roll=  6.4 pitch= -2.4
  [14/180] yaw=  0.1 wind=( 2.43, 4.72) speed= 5.3m/s  roll= -1.5 pitch=  3.5
  [15/180] yaw= -0.2 wind=( 8.63,-4.45) speed= 9.7m/s  roll= -6.6 pitch= -1.0

============================================================
=== yaw 2/12: 목표 30도로 회전 중 (현재 -0.1도) ===
============================================================
  -> yaw 29.1도로 안정화
  [16/180] yaw= 30.0 wind=(-6.26, 7.22) speed= 9.6m/s  roll=  6.6 pitch=  0.2
  [17/180] yaw= 30.0 wind=(-1.84,-4.34) speed= 4.7m/s  roll= -1.4 pitch= -3.0
  [18/180] yaw= 30.0 wind=(-3.91, 8.04) speed= 8.9m/s  roll=  5.9 pitch=  2.2
  [19/180] yaw= 30.0 wind=(-0.07,-9.23) speed= 9.2m/s  roll= -4.7 pitch= -4.5
  [20/180] yaw= 30.0 wind=( 0.90, 7.57) speed= 7.6m/s  roll=  3.5 pitch=  4.1
  [21/180] yaw= 30.0 wind=(-2.01, 7.10) speed= 7.4m/s  roll=  4.4 pitch=  2.3
  [22/180] yaw= 30.0 wind=(-0.77, 0.38) speed= 0.9m/s  roll=  0.7 pitch= -0.1
  [23/180] yaw= 30.0 wind=( 0.35, 3.16) speed= 3.2m/s  roll=  1.5 pitch=  1.6
  [24/180] yaw= 30.0 wind=(-1.51, 6.00) speed= 6.2m/s  roll=  3.8 pitch=  1.8
  [25/180] yaw= 30.0 wind=( 4.97,-3.84) speed= 6.3m/s  roll= -4.2 pitch=  0.6
  [26/180] yaw= 30.0 wind=(-5.57,-5.49) speed= 7.8m/s  roll=  0.2 pitch= -5.4
  [27/180] yaw= 30.0 wind=(-0.97, 1.19) speed= 1.5m/s  roll=  1.1 pitch=  0.2
  [28/180] yaw= 30.0 wind=( 4.81,-3.25) speed= 5.8m/s  roll= -3.9 pitch=  0.3
  [29/180] yaw= 30.0 wind=(-3.73, 8.94) speed= 9.7m/s  roll=  5.7 pitch=  3.9
  [30/180] yaw= 30.0 wind=( 0.13,-9.10) speed= 9.1m/s  roll= -3.1 pitch= -5.4

============================================================
=== yaw 3/12: 목표 60도로 회전 중 (현재 30.0도) ===
============================================================
  -> yaw 59.8도로 안정화
  [31/180] yaw= 60.0 wind=(-4.96, 6.25) speed= 8.0m/s  roll=  5.7 pitch= -0.7
  [32/180] yaw= 60.0 wind=(-7.11, 2.49) speed= 7.5m/s  roll=  4.2 pitch= -3.1
  [33/180] yaw= 59.9 wind=( 2.22,-7.10) speed= 7.4m/s  roll= -5.2 pitch= -0.3
  [34/180] yaw= 60.0 wind=(-3.25,-8.09) speed= 8.7m/s  roll= -4.4 pitch= -4.4
  [35/180] yaw= 60.1 wind=(-9.44,-3.15) speed= 9.9m/s  roll=  1.4 pitch= -6.7
  [36/180] yaw= 60.0 wind=( 4.87, 0.75) speed= 4.9m/s  roll= -1.4 pitch=  2.9
  [37/180] yaw= 60.0 wind=(-4.26, 7.84) speed= 8.9m/s  roll=  6.4 pitch=  0.8
  [38/180] yaw= 60.0 wind=( 0.20, 0.47) speed= 0.5m/s  roll=  6.1 pitch=  1.0
  [39/180] yaw= 60.0 wind=(-0.84, 3.99) speed= 4.1m/s  roll=  2.8 pitch=  1.4
  [40/180] yaw= 60.0 wind=(-1.58, 6.75) speed= 6.9m/s  roll=  4.1 pitch=  2.3
  [41/180] yaw= 60.0 wind=( 2.26, 3.79) speed= 4.4m/s  roll=  1.1 pitch=  3.1
  [42/180] yaw= 60.0 wind=( 2.72,-8.88) speed= 9.3m/s  roll= -5.9 pitch= -2.5
  [43/180] yaw= 60.0 wind=( 0.16, 6.82) speed= 6.8m/s  roll=  3.8 pitch=  3.0
  [44/180] yaw= 60.0 wind=(-1.66,-1.93) speed= 2.5m/s  roll= -0.5 pitch= -1.7
  [45/180] yaw= 60.0 wind=( 0.11, 2.74) speed= 2.7m/s  roll=  1.6 pitch=  1.1

============================================================
=== yaw 4/12: 목표 90도로 회전 중 (현재 60.0도) ===
============================================================
  -> yaw 88.3도로 안정화
  [46/180] yaw= 90.0 wind=(-4.11,-8.23) speed= 9.2m/s  roll= -5.4 pitch= -3.6
  [47/180] yaw= 90.0 wind=( 6.23,-7.77) speed=10.0m/s  roll= -6.0 pitch=  3.9
  [48/180] yaw= 90.0 wind=(-3.40,-6.14) speed= 7.0m/s  roll= -3.8 pitch= -2.6
  [49/180] yaw= 90.0 wind=(-7.63, 3.62) speed= 8.4m/s  roll=  2.2 pitch= -5.6
  [50/180] yaw= 90.0 wind=( 0.20,-4.76) speed= 4.8m/s  roll= -3.4 pitch=  0.1
  [51/180] yaw= 90.0 wind=(-2.13, 4.13) speed= 4.7m/s  roll=  3.0 pitch= -1.3
  [52/180] yaw= 90.0 wind=( 4.00,-5.96) speed= 7.2m/s  roll= -4.1 pitch=  2.8
  [53/180] yaw= 90.0 wind=(-6.66,-1.10) speed= 6.8m/s  roll= -0.7 pitch= -4.6
  [54/180] yaw= 90.0 wind=(-5.86,-0.11) speed= 5.9m/s  roll=  0.2 pitch= -4.1
  [55/180] yaw= 90.0 wind=(-2.07,-1.02) speed= 2.3m/s  roll= -0.6 pitch= -1.4
  [56/180] yaw= 90.0 wind=( 2.65, 1.88) speed= 3.2m/s  roll=  1.6 pitch=  1.9
  [57/180] yaw= 90.0 wind=(-1.91,-1.60) speed= 2.5m/s  roll= -1.1 pitch= -1.3
  [58/180] yaw= 90.0 wind=( 1.90, 0.93) speed= 2.1m/s  roll=  0.7 pitch=  1.5
  [59/180] yaw= 90.0 wind=(-6.79,-4.80) speed= 8.3m/s  roll= -3.2 pitch= -4.9
  [60/180] yaw= 90.0 wind=(-0.97,-0.25) speed= 1.0m/s  roll= -0.0 pitch= -1.1

============================================================
=== yaw 5/12: 목표 120도로 회전 중 (현재 90.0도) ===
============================================================
  -> yaw 118.3도로 안정화
  [61/180] yaw=120.0 wind=( 1.64,-4.31) speed= 4.6m/s  roll= -2.2 pitch=  2.2
  [62/180] yaw=120.0 wind=(-0.58, 0.67) speed= 0.9m/s  roll=  0.3 pitch= -0.8
  [63/180] yaw=120.0 wind=( 1.27,-1.38) speed= 1.9m/s  roll= -0.3 pitch=  1.4
  [64/180] yaw=120.0 wind=( 5.50,-6.24) speed= 8.3m/s  roll= -1.8 pitch=  5.6
  [65/180] yaw=120.0 wind=( 2.82, 5.85) speed= 6.5m/s  roll=  4.4 pitch= -0.6
  [66/180] yaw=120.0 wind=(-0.02, 0.74) speed= 0.7m/s  roll=  0.5 pitch= -0.2
  [67/180] yaw=120.0 wind=(-7.26,-1.52) speed= 7.4m/s  roll= -3.0 pitch= -4.0
  [68/180] yaw=120.0 wind=(-4.95, 3.03) speed= 5.8m/s  roll=  0.1 pitch= -4.0
  [69/180] yaw=120.0 wind=( 0.72, 3.93) speed= 4.0m/s  roll=  2.6 pitch= -1.2
  [70/180] yaw=120.0 wind=(-7.11,-2.23) speed= 7.5m/s  roll= -3.9 pitch= -3.6
  [71/180] yaw=120.0 wind=( 1.01, 0.10) speed= 1.0m/s  roll=  0.5 pitch=  0.8
  [72/180] yaw=120.0 wind=( 2.87, 3.59) speed= 4.6m/s  roll=  3.2 pitch=  0.3
  [73/180] yaw=120.0 wind=( 0.12,-1.64) speed= 1.6m/s  roll= -0.8 pitch=  0.7
  [74/180] yaw=120.0 wind=( 7.25, 6.19) speed= 9.5m/s  roll=  6.2 pitch=  1.8
  [75/180] yaw=120.0 wind=( 6.14,-5.87) speed= 8.5m/s  roll= -1.2 pitch=  5.8

============================================================
=== yaw 6/12: 목표 150도로 회전 중 (현재 120.0도) ===
============================================================
  -> yaw 148.3도로 안정화
  [76/180] yaw=150.0 wind=(-0.56, 0.56) speed= 0.8m/s  roll= -0.1 pitch= -0.3
  [77/180] yaw=150.0 wind=(-4.55, 0.88) speed= 4.6m/s  roll= -2.7 pitch= -1.8
  [78/180] yaw=150.0 wind=( 0.03, 3.64) speed= 3.6m/s  roll=  1.0 pitch= -2.3
  [79/180] yaw=150.0 wind=( 7.67, 3.34) speed= 8.4m/s  roll=  5.8 pitch=  0.5
  [80/180] yaw=150.0 wind=( 4.86, 2.43) speed= 5.4m/s  roll=  3.9 pitch=  0.0
  [81/180] yaw=150.0 wind=(-5.80, 1.91) speed= 6.1m/s  roll= -3.1 pitch= -2.9
  [82/180] yaw=150.0 wind=( 5.30, 3.62) speed= 6.4m/s  roll=  4.5 pitch= -0.4
  [83/180] yaw=150.0 wind=( 2.83, 6.67) speed= 7.2m/s  roll=  3.9 pitch= -3.2
  [84/180] yaw=150.0 wind=(-0.82, 5.35) speed= 5.4m/s  roll=  1.3 pitch= -3.6
  [85/180] yaw=150.0 wind=( 3.82,-1.33) speed= 4.0m/s  roll=  1.8 pitch=  2.1
  [86/180] yaw=150.0 wind=( 2.97, 1.47) speed= 3.3m/s  roll=  2.5 pitch=  0.1
  [87/180] yaw=150.0 wind=( 1.47, 2.70) speed= 3.1m/s  roll=  1.8 pitch= -1.0
  [88/180] yaw=150.0 wind=( 1.60,-2.96) speed= 3.4m/s  roll= -0.4 pitch=  2.4
  [89/180] yaw=150.0 wind=( 8.74, 2.31) speed= 9.0m/s  roll=  6.1 pitch=  1.5
  [90/180] yaw=150.0 wind=(-0.17,-3.89) speed= 3.9m/s  roll= -1.8 pitch=  2.0

============================================================
=== yaw 7/12: 목표 180도로 회전 중 (현재 150.0도) ===
============================================================
  -> yaw 180.0도로 안정화
  [91/180] yaw=-180.0 wind=( 1.43, 2.26) speed= 2.7m/s  roll=  1.2 pitch= -1.5
  [92/180] yaw=180.0 wind=(-5.32,-8.18) speed= 9.8m/s  roll= -4.3 pitch=  5.2
  [93/180] yaw=-180.0 wind=(-2.32, 1.87) speed= 3.0m/s  roll= -1.8 pitch= -1.3
  [94/180] yaw=180.0 wind=(-0.65, 0.46) speed= 0.8m/s  roll= -0.4 pitch= -0.4
  [95/180] yaw=180.0 wind=( 0.93, 0.08) speed= 0.9m/s  roll=  0.9 pitch= -0.2
  [96/180] yaw=180.0 wind=(-0.80,-1.00) speed= 1.3m/s  roll= -0.4 pitch=  0.9
  [97/180] yaw=180.0 wind=( 8.55,-4.92) speed= 9.9m/s  roll=  6.3 pitch=  2.5
  [98/180] yaw=-179.9 wind=( 0.02,-2.12) speed= 2.1m/s  roll=  0.2 pitch=  1.5
  [99/180] yaw=-180.0 wind=( 0.91, 0.31) speed= 1.0m/s  roll=  0.4 pitch= -0.3
  [100/180] yaw=180.0 wind=( 9.79,-0.51) speed= 9.8m/s  roll=  6.9 pitch=  0.2
  [101/180] yaw=-180.0 wind=( 1.49, 3.52) speed= 3.8m/s  roll=  1.0 pitch= -2.6
  [102/180] yaw=179.9 wind=(-1.13,-2.11) speed= 2.4m/s  roll= -0.9 pitch=  1.4
  [103/180] yaw=180.0 wind=( 9.25,-1.97) speed= 9.5m/s  roll=  6.6 pitch=  0.8
  [104/180] yaw=-179.9 wind=( 7.73, 5.69) speed= 9.6m/s  roll=  5.4 pitch= -3.9
  [105/180] yaw=-180.0 wind=(-1.36, 7.22) speed= 7.3m/s  roll= -0.3 pitch= -5.3

============================================================
=== yaw 8/12: 목표 210도로 회전 중 (현재 -180.0도) ===
============================================================
  -> yaw -152.0도로 안정화
  [106/180] yaw=-150.0 wind=(-4.77,-8.77) speed=10.0m/s  roll= -0.5 pitch=  6.8
  [107/180] yaw=-150.0 wind=( 2.49,-8.85) speed= 9.2m/s  roll=  3.4 pitch=  5.6
  [108/180] yaw=-150.0 wind=(-0.62, 0.08) speed= 0.6m/s  roll= -0.6 pitch=  0.2
  [109/180] yaw=-150.0 wind=(-0.58, 8.99) speed= 9.0m/s  roll= -2.2 pitch= -5.9
  [110/180] yaw=-150.0 wind=( 1.78, 0.17) speed= 1.8m/s  roll=  1.1 pitch= -0.4
  [111/180] yaw=-150.0 wind=(-0.40, 1.07) speed= 1.1m/s  roll= -0.2 pitch= -0.8
  [112/180] yaw=-150.0 wind=( 0.50, 1.88) speed= 1.9m/s  roll= -0.1 pitch= -1.2
  [113/180] yaw=-150.0 wind=(-2.44,-2.47) speed= 3.5m/s  roll= -1.3 pitch=  2.0
  [114/180] yaw=-150.0 wind=(-6.44, 4.97) speed= 8.1m/s  roll= -5.5 pitch= -1.1
  [115/180] yaw=-150.0 wind=(-6.44,-4.71) speed= 8.0m/s  roll= -2.7 pitch=  5.0
  [116/180] yaw=-150.0 wind=( 1.07,-6.74) speed= 6.8m/s  roll=  2.7 pitch=  4.0
  [117/180] yaw=-150.0 wind=(-8.51,-1.80) speed= 8.7m/s  roll= -4.7 pitch=  3.6
  [118/180] yaw=-150.0 wind=(-1.07, 0.09) speed= 1.1m/s  roll= -0.9 pitch=  0.3
  [119/180] yaw=-150.0 wind=( 0.83,-0.72) speed= 1.1m/s  roll=  0.9 pitch=  0.2
  [120/180] yaw=-149.9 wind=(-3.22, 5.11) speed= 6.0m/s  roll= -3.5 pitch= -2.4

============================================================
=== yaw 9/12: 목표 240도로 회전 중 (현재 -149.9도) ===
============================================================
  -> yaw -120.1도로 안정화
  [121/180] yaw=-120.1 wind=(-2.48,-2.06) speed= 3.2m/s  roll=  0.4 pitch=  2.3
  [122/180] yaw=-119.9 wind=(-2.57, 3.68) speed= 4.5m/s  roll= -3.1 pitch=  0.3
  [123/180] yaw=-120.1 wind=( 5.88,-5.82) speed= 8.3m/s  roll=  5.5 pitch= -2.0
  [124/180] yaw=-120.0 wind=( 0.25,-1.69) speed= 1.7m/s  roll=  1.3 pitch=  0.3
  [125/180] yaw=-120.0 wind=(-7.35, 3.63) speed= 8.2m/s  roll= -4.6 pitch=  3.8
  [126/180] yaw=-120.0 wind=(-7.67,-5.58) speed= 9.5m/s  roll=  1.2 pitch=  6.5
  [127/180] yaw=-119.9 wind=( 0.64, 0.45) speed= 0.8m/s  roll= -0.1 pitch= -0.5
  [128/180] yaw=-119.9 wind=(-9.46, 1.57) speed= 9.6m/s  roll= -4.7 pitch=  4.9
  [129/180] yaw=-120.1 wind=( 0.47,-4.45) speed= 4.5m/s  roll=  2.8 pitch=  1.5
  [130/180] yaw=-120.0 wind=(-3.37, 7.42) speed= 8.1m/s  roll= -5.6 pitch= -0.2
  [131/180] yaw=-120.0 wind=( 2.60, 7.84) speed= 8.3m/s  roll= -3.6 pitch= -4.4
  [132/180] yaw=-120.0 wind=(-5.56, 0.74) speed= 5.6m/s  roll= -2.3 pitch=  3.0
  [133/180] yaw=-120.0 wind=( 4.73,-1.13) speed= 4.9m/s  roll=  2.3 pitch= -2.4
  [134/180] yaw=-120.0 wind=( 0.80,-2.51) speed= 2.6m/s  roll=  1.9 pitch=  0.4
  [135/180] yaw=-120.0 wind=( 7.48,-6.64) speed=10.0m/s  roll=  6.8 pitch= -2.3

============================================================
=== yaw 10/12: 목표 270도로 회전 중 (현재 -120.0도) ===
============================================================
  -> yaw -91.1도로 안정화
  [136/180] yaw=-90.0 wind=( 0.35, 0.31) speed= 0.5m/s  roll= -0.4 pitch= -0.2
  [137/180] yaw=-90.0 wind=(-3.16,-3.50) speed= 4.7m/s  roll=  2.3 pitch=  2.2
  [138/180] yaw=-90.0 wind=(-2.43, 0.93) speed= 2.6m/s  roll= -0.4 pitch=  1.9
  [139/180] yaw=-90.0 wind=( 0.07,-0.92) speed= 0.9m/s  roll=  0.8 pitch= -0.3
  [140/180] yaw=-90.0 wind=(-8.52, 3.16) speed= 9.1m/s  roll= -1.4 pitch=  6.1
  [141/180] yaw=-90.0 wind=( 3.05, 6.16) speed= 6.9m/s  roll= -4.6 pitch= -1.9
  [142/180] yaw=-90.0 wind=(-3.59, 2.90) speed= 4.6m/s  roll= -1.8 pitch=  2.6
  [143/180] yaw=-90.0 wind=(-6.15, 0.90) speed= 6.2m/s  roll= -0.3 pitch=  4.4
  [144/180] yaw=-90.0 wind=(-7.69, 4.19) speed= 8.8m/s  roll= -2.5 pitch=  5.7
  [145/180] yaw=-90.0 wind=(-1.00, 5.10) speed= 5.2m/s  roll= -3.5 pitch=  1.1
  [146/180] yaw=-90.0 wind=( 0.60, 1.09) speed= 1.2m/s  roll= -0.9 pitch= -0.5
  [147/180] yaw=-90.0 wind=(-5.18, 1.33) speed= 5.3m/s  roll= -0.6 pitch=  3.8
  [148/180] yaw=-90.0 wind=( 6.99,-0.11) speed= 7.0m/s  roll=  0.1 pitch= -5.0
  [149/180] yaw=-90.0 wind=( 1.80, 1.81) speed= 2.6m/s  roll= -1.4 pitch= -1.0
  [150/180] yaw=-90.0 wind=(-4.42,-0.48) speed= 4.4m/s  roll= -0.1 pitch=  3.0

============================================================
=== yaw 11/12: 목표 300도로 회전 중 (현재 -90.0도) ===
============================================================
  -> yaw -62.1도로 안정화
  [151/180] yaw=-60.0 wind=(-6.12,-7.11) speed= 9.4m/s  roll=  6.5 pitch=  1.8
  [152/180] yaw=-60.0 wind=( 0.86, 0.87) speed= 1.2m/s  roll= -1.0 pitch= -0.2
  [153/180] yaw=-60.0 wind=(-0.32, 4.54) speed= 4.6m/s  roll= -0.9 pitch= -0.3
  [154/180] yaw=-60.0 wind=(-4.75, 0.95) speed= 4.8m/s  roll=  0.9 pitch=  3.2
  [155/180] yaw=-60.0 wind=( 4.64,-4.04) speed= 6.1m/s  roll=  1.0 pitch= -4.3
  [156/180] yaw=-60.0 wind=( 0.28,-2.93) speed= 2.9m/s  roll=  1.9 pitch= -1.1
  [157/180] yaw=-60.0 wind=(-4.78, 1.99) speed= 5.2m/s  roll=  0.7 pitch=  3.5
  [158/180] yaw=-60.0 wind=( 2.30,-3.32) speed= 4.0m/s  roll=  1.0 pitch= -2.4
  [159/180] yaw=-60.0 wind=( 2.03, 3.07) speed= 3.7m/s  roll= -2.5 pitch= -0.1
  [160/180] yaw=-60.0 wind=(-6.39, 3.06) speed= 7.1m/s  roll=  0.6 pitch=  4.7
  [161/180] yaw=-60.0 wind=( 0.84,-1.22) speed= 1.5m/s  roll=  0.6 pitch= -1.0
  [162/180] yaw=-60.0 wind=(-0.00, 0.00) speed= 0.0m/s  roll=  0.2 pitch=  0.0
  [163/180] yaw=-60.0 wind=(-4.43,-7.24) speed= 8.5m/s  roll=  5.9 pitch=  0.7
  [164/180] yaw=-60.0 wind=( 2.76,-1.45) speed= 3.1m/s  roll=  0.1 pitch= -2.1
  [165/180] yaw=-60.0 wind=( 2.50, 5.98) speed= 6.5m/s  roll= -4.6 pitch= -0.0

============================================================
=== yaw 12/12: 목표 330도로 회전 중 (현재 -60.0도) ===
============================================================
  -> yaw -31.8도로 안정화
  [166/180] yaw=-30.0 wind=(-4.60, 5.96) speed= 7.5m/s  roll=  0.2 pitch=  5.4
  [167/180] yaw=-30.0 wind=(-4.29, 5.14) speed= 6.7m/s  roll=  0.6 pitch=  4.8
  [168/180] yaw=-30.0 wind=(-4.27, 5.93) speed= 7.3m/s  roll=  0.1 pitch=  5.0
  [169/180] yaw=-30.0 wind=(-1.94, 3.71) speed= 4.2m/s  roll= -0.3 pitch=  2.7
  [170/180] yaw=-30.0 wind=( 0.58, 0.63) speed= 0.9m/s  roll= -0.6 pitch=  0.2
  [171/180] yaw=-30.0 wind=( 1.51, 4.75) speed= 5.0m/s  roll= -2.8 pitch=  2.2
  [172/180] yaw=-30.1 wind=(-0.55,-0.78) speed= 1.0m/s  roll=  0.4 pitch=  0.0
  [173/180] yaw=-30.0 wind=( 3.48,-0.64) speed= 3.5m/s  roll=  0.7 pitch= -0.2
  [174/180] yaw=-30.0 wind=( 0.34,-0.48) speed= 0.6m/s  roll=  0.2 pitch= -0.3
  [175/180] yaw=-30.0 wind=( 0.70,-6.18) speed= 6.2m/s  roll=  2.0 pitch= -3.8
  [176/180] yaw=-30.0 wind=(-3.66,-5.58) speed= 6.7m/s  roll=  4.5 pitch= -1.7
  [177/180] yaw=-30.0 wind=(-4.96,-1.54) speed= 5.2m/s  roll=  3.4 pitch=  1.2
  [178/180] yaw=-29.9 wind=(-3.05,-1.96) speed= 3.6m/s  roll=  2.5 pitch=  0.1
  [179/180] yaw=-30.0 wind=(-1.72,-4.78) speed= 5.1m/s  roll=  2.9 pitch= -1.9
  [180/180] yaw=-30.0 wind=( 1.75, 1.39) speed= 2.2m/s  roll= -1.5 pitch=  0.4

데이터 수집 완료. CSV 저장됨: ../../logs/wind_random_20260812_000058_yaw0p0_n12x15_speed0-10_seed1042.csv
[송신 간격 통계] 목표=50ms  평균=50.0ms  최대=68.8ms  임계치 초과=0/65177

--- Offboard 종료 ---

--- Landing ---
-> 착륙 완료 및 디스암 확인

무작위 바람 데이터 수집 완료.
  [수집] 세션 1 완료 (시도 1/3)
  [그래프] /home/ssh2003/MyProjects/quad-pinn-project/logs/wind_random_20260812_000058_yaw0p0_n12x15_speed0-10_seed1042.csv 요약 PNG 생성 중...
    findfont: Failed to find font weight normal, now using 100.
    /home/ssh2003/MyProjects/quad-pinn-project/sim_scripts/data_collection/plot_session_grid.py:106: UserWarning: This figure includes Axes that are not compatible with tight_layout, so results might be incorrect.
      fig.tight_layout(rect=[0, 0, 0.92, 0.94])
    findfont: Failed to find font weight normal, now using 100.
    findfont: Failed to find font weight normal, now using 100.
    findfont: Failed to find font weight normal, now using 100.
    findfont: Failed to find font weight normal, now using 100.
    저장됨: /home/ssh2003/MyProjects/quad-pinn-project/figures/wind_random_20260812_000029_n12x15_td15/session_wind_random_20260812_000058_yaw0p0_n12x15_speed0-10_seed1042.png

############################################################
# 세션 2/15
############################################################
  [SITL] 기존 프로세스 정리 중 (정상종료 시도)...
Terminated
  [SITL] 강제 정리 (남아있는 프로세스 있으면)...
  [SITL] 재시작 중...
  [SITL] px4 프로세스 감지됨 (1s). 안정화 대기 15s...
  [수집] 시작 (seed=2042, yaw-offset=2.000도, 시도 1/3, 타임아웃 4196초)
PX4 SITL에 연결 시도 중...
-> 드론에 연결됨!
GPS/홈 위치 확인 중...
-> 전역 위치 및 홈 위치 준비 완료

[확인] PX4 SITL이 'windy' 월드로 실행 중인지 확인할 것.

--- Arming ---
-> Armed

--- Takeoff ---
  안전 고도(1.5m) 도달 대기 중...
  -> 안전 고도 도달 (relative_altitude=1.50m)

--- Offboard 진입 준비: 초기 setpoint(현재 위치 고정) 전송 ---

--- Offboard 모드 시작 ---

CSV 로그 저장 경로: ../../logs/wind_random_20260812_005732_yaw2p0_n12x15_speed0-10_seed2042.csv

yaw 12방향(offset=2.0도) x 방향당 바람조건 15개 = 총 180개 수집 시작 (조건당 15초, 예상 총 소요 51.0분 + yaw 회전 시간)

============================================================
=== yaw 1/12: 목표 2도로 회전 중 (현재 91.2도) ===
============================================================
  -> yaw 0.7도로 안정화
  [1/180] yaw=  1.9 wind=(-6.24,-4.69) speed= 7.8m/s  roll=  3.9 pitch= -3.8
  [2/180] yaw=  1.9 wind=( 1.36, 1.90) speed= 2.3m/s  roll= -0.6 pitch=  1.5
  [3/180] yaw=  1.9 wind=( 0.93,-0.41) speed= 1.0m/s  roll= -0.7 pitch= -0.1
  [4/180] yaw=  1.9 wind=( 3.44,-2.43) speed= 4.2m/s  roll= -3.1 pitch= -0.6
  [5/180] yaw=  2.1 wind=( 0.12, 6.91) speed= 6.9m/s  roll=  1.0 pitch=  4.7
  [6/180] yaw=  2.0 wind=(-4.66, 1.53) speed= 4.9m/s  roll=  3.3 pitch=  1.0
  [7/180] yaw=  2.0 wind=(-2.68,-4.57) speed= 5.3m/s  roll=  1.6 pitch= -3.3
  [8/180] yaw=  2.0 wind=(-3.46,-0.25) speed= 3.5m/s  roll=  2.4 pitch= -0.1
  [9/180] yaw=  2.0 wind=(-2.40,-1.24) speed= 2.7m/s  roll=  1.6 pitch= -0.6
  [10/180] yaw=  2.0 wind=( 2.78,-1.34) speed= 3.1m/s  roll= -2.0 pitch= -0.9
  [11/180] yaw=  2.0 wind=( 0.39,-0.45) speed= 0.6m/s  roll= -0.5 pitch= -0.3
  [12/180] yaw=  2.0 wind=( 9.34,-0.42) speed= 9.3m/s  roll= -6.4 pitch= -0.6
  [13/180] yaw=  2.0 wind=( 3.93, 3.15) speed= 5.0m/s  roll= -3.1 pitch=  2.0
  [14/180] yaw=  2.0 wind=( 6.29, 1.25) speed= 6.4m/s  roll= -4.7 pitch=  0.4
  [15/180] yaw=  2.1 wind=(-0.17, 5.44) speed= 5.4m/s  roll= -0.4 pitch=  3.9

============================================================
=== yaw 2/12: 목표 32도로 회전 중 (현재 2.0도) ===
============================================================
  -> yaw 31.7도로 안정화
  [16/180] yaw= 32.0 wind=(-3.56,-3.26) speed= 4.8m/s  roll=  1.2 pitch= -3.1
  [17/180] yaw= 32.0 wind=( 6.41,-1.83) speed= 6.7m/s  roll= -4.9 pitch=  0.7
  [18/180] yaw= 32.0 wind=(-2.69,-9.59) speed=10.0m/s  roll= -1.1 pitch= -6.7
  [19/180] yaw= 32.0 wind=(-7.48, 4.12) speed= 8.5m/s  roll=  5.7 pitch= -0.7
  [20/180] yaw= 32.0 wind=(-0.55, 6.32) speed= 6.3m/s  roll=  2.6 pitch=  3.0
  [21/180] yaw= 32.0 wind=( 4.94, 6.21) speed= 7.9m/s  roll= -0.1 pitch=  5.5
  [22/180] yaw= 32.0 wind=( 1.94,-4.25) speed= 4.7m/s  roll= -2.9 pitch= -1.4
  [23/180] yaw= 32.0 wind=( 6.07,-2.08) speed= 6.4m/s  roll= -4.2 pitch=  1.6
  [24/180] yaw= 32.0 wind=( 0.80,-0.54) speed= 1.0m/s  roll= -0.8 pitch=  0.1
  [25/180] yaw= 32.0 wind=(-1.04, 2.28) speed= 2.5m/s  roll=  1.6 pitch=  0.7
  [26/180] yaw= 32.0 wind=( 0.15,-0.38) speed= 0.4m/s  roll=  1.6 pitch=  0.9
  [27/180] yaw= 32.0 wind=(-8.13,-3.24) speed= 8.8m/s  roll=  4.1 pitch= -4.7
  [28/180] yaw= 32.0 wind=(-0.33,-6.66) speed= 6.7m/s  roll= -2.2 pitch= -4.1
  [29/180] yaw= 32.0 wind=(-8.17, 3.07) speed= 8.7m/s  roll=  5.6 pitch= -1.7
  [30/180] yaw= 32.0 wind=( 4.60, 2.71) speed= 5.3m/s  roll= -1.3 pitch=  3.5

============================================================
=== yaw 3/12: 목표 62도로 회전 중 (현재 32.0도) ===
============================================================
  -> yaw 61.3도로 안정화
  [31/180] yaw= 62.0 wind=(-0.84,-9.22) speed= 9.3m/s  roll= -5.4 pitch= -3.5
  [32/180] yaw= 62.0 wind=(-0.13,-1.07) speed= 1.1m/s  roll= -0.6 pitch= -0.5
  [33/180] yaw= 62.0 wind=(-2.57,-0.42) speed= 2.6m/s  roll=  0.3 pitch= -2.0
  [34/180] yaw= 62.0 wind=( 1.15,-0.31) speed= 1.2m/s  roll= -0.4 pitch=  0.8
  [35/180] yaw= 62.0 wind=( 0.56,-0.31) speed= 0.6m/s  roll= -0.3 pitch=  0.1
  [36/180] yaw= 62.0 wind=( 1.51, 3.77) speed= 4.1m/s  roll=  1.9 pitch=  2.3
  [37/180] yaw= 62.0 wind=(-8.65,-3.79) speed= 9.4m/s  roll=  1.4 pitch= -6.4
  [38/180] yaw= 62.0 wind=(-0.69, 1.76) speed= 1.9m/s  roll=  1.1 pitch=  0.3
  [39/180] yaw= 62.0 wind=(-6.40, 0.89) speed= 6.5m/s  roll=  3.1 pitch= -3.1
  [40/180] yaw= 62.0 wind=(-0.09, 4.41) speed= 4.4m/s  roll=  2.0 pitch=  1.9
  [41/180] yaw= 61.9 wind=( 3.90, 0.25) speed= 3.9m/s  roll= -1.6 pitch=  2.4
  [42/180] yaw= 62.0 wind=(-6.88, 7.16) speed= 9.9m/s  roll=  6.9 pitch= -0.9
  [43/180] yaw= 62.0 wind=( 2.51,-7.78) speed= 8.2m/s  roll= -5.6 pitch= -1.6
  [44/180] yaw= 62.0 wind=( 5.89,-0.88) speed= 6.0m/s  roll= -2.8 pitch=  3.2
  [45/180] yaw= 62.0 wind=(-2.86, 4.13) speed= 5.0m/s  roll=  3.4 pitch= -0.2

============================================================
=== yaw 4/12: 목표 92도로 회전 중 (현재 62.0도) ===
============================================================
  -> yaw 89.7도로 안정화
  [46/180] yaw= 92.0 wind=(-7.86, 4.38) speed= 9.0m/s  roll=  3.1 pitch= -5.4
  [47/180] yaw= 92.0 wind=(-5.33,-6.86) speed= 8.7m/s  roll= -4.4 pitch= -4.0
  [48/180] yaw= 92.1 wind=(-0.78, 0.59) speed= 1.0m/s  roll=  0.6 pitch= -0.5
  [49/180] yaw= 91.9 wind=(-3.52,-5.92) speed= 6.9m/s  roll= -3.9 pitch= -3.0
  [50/180] yaw= 92.1 wind=( 1.45, 4.69) speed= 4.9m/s  roll=  3.1 pitch=  1.5
  [51/180] yaw= 91.9 wind=( 2.06,-2.95) speed= 3.6m/s  roll= -2.3 pitch=  1.3
  [52/180] yaw= 92.0 wind=( 0.66,-0.01) speed= 0.7m/s  roll=  0.1 pitch=  0.6
  [53/180] yaw= 91.9 wind=(-2.47,-9.63) speed= 9.9m/s  roll= -6.7 pitch= -1.7
  [54/180] yaw= 92.0 wind=(-2.42, 5.58) speed= 6.1m/s  roll=  3.6 pitch= -1.9
  [55/180] yaw= 92.0 wind=(-5.39, 3.62) speed= 6.5m/s  roll=  2.0 pitch= -4.1
  [56/180] yaw= 92.0 wind=( 5.80, 5.50) speed= 8.0m/s  roll=  4.5 pitch=  3.4
  [57/180] yaw= 92.0 wind=( 1.32, 8.14) speed= 8.2m/s  roll=  5.5 pitch= -0.3
  [58/180] yaw= 92.0 wind=( 6.74,-0.66) speed= 6.8m/s  roll=  0.5 pitch=  4.4
  [59/180] yaw= 92.0 wind=(-1.04,-5.04) speed= 5.1m/s  roll= -3.6 pitch=  0.1
  [60/180] yaw= 92.0 wind=(-1.97,-0.92) speed= 2.2m/s  roll= -0.9 pitch= -1.5

============================================================
=== yaw 5/12: 목표 122도로 회전 중 (현재 92.0도) ===
============================================================
  -> yaw 121.2도로 안정화
  [61/180] yaw=122.0 wind=(-3.58,-4.26) speed= 5.6m/s  roll= -3.9 pitch=  0.3
  [62/180] yaw=122.0 wind=( 1.31, 3.85) speed= 4.1m/s  roll=  2.8 pitch= -1.3
  [63/180] yaw=122.0 wind=( 0.57, 1.08) speed= 1.2m/s  roll=  0.7 pitch= -0.2
  [64/180] yaw=122.0 wind=(-8.33, 1.68) speed= 8.5m/s  roll= -2.9 pitch= -5.2
  [65/180] yaw=122.0 wind=(-2.19, 6.96) speed= 7.3m/s  roll=  2.5 pitch= -4.4
  [66/180] yaw=122.0 wind=( 8.71, 1.67) speed= 8.9m/s  roll=  4.6 pitch=  3.9
  [67/180] yaw=122.0 wind=( 3.22,-2.25) speed= 3.9m/s  roll=  0.1 pitch=  2.8
  [68/180] yaw=122.0 wind=( 0.69,-3.24) speed= 3.3m/s  roll= -1.5 pitch=  1.8
  [69/180] yaw=122.0 wind=( 7.44,-5.40) speed= 9.2m/s  roll=  0.3 pitch=  6.3
  [70/180] yaw=122.0 wind=( 0.63, 0.04) speed= 0.6m/s  roll=  0.3 pitch=  0.3
  [71/180] yaw=122.0 wind=(-1.88,-0.56) speed= 2.0m/s  roll= -1.0 pitch= -0.9
  [72/180] yaw=122.0 wind=( 0.20, 1.14) speed= 1.2m/s  roll=  0.6 pitch= -0.4
  [73/180] yaw=122.0 wind=(-0.44,-0.12) speed= 0.5m/s  roll= -0.4 pitch= -0.1
  [74/180] yaw=122.0 wind=(-0.85, 0.01) speed= 0.8m/s  roll= -0.3 pitch= -0.5
  [75/180] yaw=122.0 wind=( 3.92, 2.83) speed= 4.8m/s  roll=  3.2 pitch=  1.2

============================================================
=== yaw 6/12: 목표 152도로 회전 중 (현재 122.0도) ===
============================================================
  -> yaw 150.3도로 안정화
  [76/180] yaw=152.0 wind=(-6.24, 1.09) speed= 6.3m/s  roll= -3.6 pitch= -2.4
  [77/180] yaw=152.1 wind=(-3.45, 2.34) speed= 4.2m/s  roll= -1.7 pitch= -2.6
  [78/180] yaw=152.0 wind=( 2.55,-7.76) speed= 8.2m/s  roll= -1.7 pitch=  5.6
  [79/180] yaw=152.0 wind=( 0.81,-0.74) speed= 1.1m/s  roll=  0.5 pitch=  0.7
  [80/180] yaw=152.0 wind=(-1.41, 0.76) speed= 1.6m/s  roll= -0.4 pitch= -0.9
  [81/180] yaw=152.0 wind=(-0.82,-0.33) speed= 0.9m/s  roll= -0.5 pitch=  0.0
  [82/180] yaw=152.0 wind=( 0.52, 0.23) speed= 0.6m/s  roll=  0.4 pitch=  0.1
  [83/180] yaw=152.0 wind=( 5.98,-7.78) speed= 9.8m/s  roll=  0.2 pitch=  6.7
  [84/180] yaw=152.0 wind=( 4.20, 4.43) speed= 6.1m/s  roll=  4.2 pitch= -1.1
  [85/180] yaw=152.0 wind=(-5.19, 1.09) speed= 5.3m/s  roll= -2.8 pitch= -2.3
  [86/180] yaw=152.0 wind=(-1.38, 1.14) speed= 1.8m/s  roll= -0.4 pitch= -1.2
  [87/180] yaw=152.0 wind=(-2.11,-2.02) speed= 2.9m/s  roll= -1.8 pitch=  0.4
  [88/180] yaw=152.0 wind=(-3.96, 3.35) speed= 5.2m/s  roll= -1.5 pitch= -3.4
  [89/180] yaw=152.0 wind=(-3.09,-3.60) speed= 4.7m/s  roll= -3.1 pitch=  1.0
  [90/180] yaw=152.0 wind=(-2.56, 2.18) speed= 3.4m/s  roll= -0.9 pitch= -2.1

============================================================
=== yaw 7/12: 목표 182도로 회전 중 (현재 152.0도) ===
============================================================
  -> yaw 179.9도로 안정화
  [91/180] yaw=-178.0 wind=(-2.87,-0.35) speed= 2.9m/s  roll= -2.2 pitch=  0.1
  [92/180] yaw=-178.0 wind=(-2.91,-6.76) speed= 7.4m/s  roll= -2.0 pitch=  4.7
  [93/180] yaw=-178.0 wind=(-0.29,-8.42) speed= 8.4m/s  roll= -0.3 pitch=  5.9
  [94/180] yaw=-178.0 wind=( 2.83,-1.68) speed= 3.3m/s  roll=  1.9 pitch=  1.0
  [95/180] yaw=-178.0 wind=( 0.02,-0.02) speed= 0.0m/s  roll= -0.1 pitch=  0.1
  [96/180] yaw=-178.0 wind=( 5.98, 1.51) speed= 6.2m/s  roll=  4.2 pitch= -1.4
  [97/180] yaw=-178.0 wind=(-0.29,-0.84) speed= 0.9m/s  roll=  0.0 pitch=  0.9
  [98/180] yaw=-178.0 wind=( 5.12,-7.16) speed= 8.8m/s  roll=  3.8 pitch=  5.1
  [99/180] yaw=-178.0 wind=( 4.77,-7.89) speed= 9.2m/s  roll=  3.4 pitch=  5.5
  [100/180] yaw=-178.0 wind=(-2.66,-5.40) speed= 6.0m/s  roll= -1.9 pitch=  3.7
  [101/180] yaw=-178.0 wind=(-6.68, 2.68) speed= 7.2m/s  roll= -1.6 pitch=  4.0
  [102/180] yaw=-178.0 wind=( 4.34,-0.78) speed= 4.4m/s  roll=  2.9 pitch=  0.4
  [103/180] yaw=-178.0 wind=( 5.71, 8.15) speed=10.0m/s  roll=  3.4 pitch= -5.9
  [104/180] yaw=-178.0 wind=(-2.36,-0.03) speed= 2.4m/s  roll= -1.7 pitch= -0.1
  [105/180] yaw=-178.0 wind=(-5.55,-4.67) speed= 7.3m/s  roll= -4.0 pitch=  3.0

============================================================
=== yaw 8/12: 목표 212도로 회전 중 (현재 -178.0도) ===
============================================================
  -> yaw -148.9도로 안정화
  [106/180] yaw=-148.0 wind=( 4.06, 3.30) speed= 5.2m/s  roll=  1.4 pitch= -3.5
  [107/180] yaw=-148.0 wind=(-4.95, 3.05) speed= 5.8m/s  roll= -4.0 pitch= -0.1
  [108/180] yaw=-148.0 wind=(-3.53,-2.51) speed= 4.3m/s  roll= -1.4 pitch=  2.8
  [109/180] yaw=-148.0 wind=(-0.69, 0.98) speed= 1.2m/s  roll= -0.5 pitch= -0.3
  [110/180] yaw=-148.0 wind=(-4.01,-3.43) speed= 5.3m/s  roll= -1.4 pitch=  3.4
  [111/180] yaw=-148.0 wind=( 2.95, 6.05) speed= 6.7m/s  roll= -0.2 pitch= -4.6
  [112/180] yaw=-148.0 wind=(-5.73, 2.15) speed= 6.1m/s  roll= -4.3 pitch=  1.1
  [113/180] yaw=-148.0 wind=( 2.90,-1.11) speed= 3.1m/s  roll=  2.3 pitch= -0.5
  [114/180] yaw=-148.0 wind=(-2.41,-0.18) speed= 2.4m/s  roll= -1.5 pitch=  0.9
  [115/180] yaw=-148.0 wind=(-0.68,-2.75) speed= 2.8m/s  roll=  0.7 pitch=  1.9
  [116/180] yaw=-148.0 wind=( 4.67,-4.53) speed= 6.5m/s  roll=  4.3 pitch=  1.0
  [117/180] yaw=-148.0 wind=( 4.59, 2.80) speed= 5.4m/s  roll=  1.6 pitch= -3.5
  [118/180] yaw=-148.0 wind=( 1.02,-1.59) speed= 1.9m/s  roll=  1.2 pitch=  0.6
  [119/180] yaw=-148.0 wind=(-0.57, 8.02) speed= 8.0m/s  roll= -3.4 pitch= -4.3
  [120/180] yaw=-148.0 wind=( 2.94,-2.65) speed= 4.0m/s  roll=  2.6 pitch=  0.4

============================================================
=== yaw 9/12: 목표 242도로 회전 중 (현재 -148.0도) ===
============================================================
  -> yaw -119.7도로 안정화
  [121/180] yaw=-118.0 wind=( 2.02,-5.56) speed= 5.9m/s  roll=  4.2 pitch=  0.6
  [122/180] yaw=-118.0 wind=( 7.08,-6.16) speed= 9.4m/s  roll=  6.2 pitch= -2.4
  [123/180] yaw=-118.0 wind=( 6.10,-3.95) speed= 7.3m/s  roll=  4.5 pitch= -2.4
  [124/180] yaw=-118.0 wind=( 2.44,-3.29) speed= 4.1m/s  roll=  2.8 pitch= -0.2
  [125/180] yaw=-118.0 wind=(-4.60,-5.77) speed= 7.4m/s  roll=  2.0 pitch=  4.8
  [126/180] yaw=-118.0 wind=(-3.73,-4.68) speed= 6.0m/s  roll=  1.6 pitch=  3.9
  [127/180] yaw=-118.0 wind=(-1.55,-7.03) speed= 7.2m/s  roll=  3.8 pitch=  3.4
  [128/180] yaw=-118.0 wind=(-5.04, 7.07) speed= 8.7m/s  roll= -5.9 pitch=  1.5
  [129/180] yaw=-118.0 wind=( 2.17,-3.10) speed= 3.8m/s  roll=  2.5 pitch= -0.7
  [130/180] yaw=-118.0 wind=( 2.17,-1.22) speed= 2.5m/s  roll=  1.3 pitch= -1.3
  [131/180] yaw=-118.0 wind=(-9.78, 0.89) speed= 9.8m/s  roll= -3.2 pitch=  5.9
  [132/180] yaw=-118.0 wind=( 5.94,-4.82) speed= 7.6m/s  roll=  4.6 pitch= -2.8
  [133/180] yaw=-118.0 wind=( 3.39,-1.21) speed= 3.6m/s  roll=  1.7 pitch= -1.9
  [134/180] yaw=-118.0 wind=( 2.67,-0.83) speed= 2.8m/s  roll=  1.5 pitch= -1.5
  [135/180] yaw=-118.0 wind=(-7.96, 3.74) speed= 8.8m/s  roll= -5.0 pitch=  3.4

============================================================
=== yaw 10/12: 목표 272도로 회전 중 (현재 -118.0도) ===
============================================================
  -> yaw -88.6도로 안정화
  [136/180] yaw=-88.1 wind=(-1.99,-0.52) speed= 2.1m/s  roll=  0.4 pitch=  1.5
  [137/180] yaw=-88.0 wind=( 2.61, 2.17) speed= 3.4m/s  roll= -1.4 pitch= -1.9
  [138/180] yaw=-88.0 wind=( 3.25, 4.46) speed= 5.5m/s  roll= -3.1 pitch= -2.3
  [139/180] yaw=-88.1 wind=( 7.45,-3.22) speed= 8.1m/s  roll=  1.8 pitch= -5.4
  [140/180] yaw=-88.0 wind=(-1.22,-0.24) speed= 1.2m/s  roll=  0.2 pitch=  0.8
  [141/180] yaw=-88.0 wind=(-1.86,-8.59) speed= 8.8m/s  roll=  6.1 pitch= -0.2
  [142/180] yaw=-87.9 wind=( 9.32,-2.48) speed= 9.6m/s  roll=  0.4 pitch= -6.8
  [143/180] yaw=-88.0 wind=(-2.50,-8.88) speed= 9.2m/s  roll=  6.3 pitch= -0.2
  [144/180] yaw=-88.0 wind=(-2.92, 2.53) speed= 3.9m/s  roll= -1.1 pitch=  2.5
  [145/180] yaw=-88.0 wind=( 4.61, 1.31) speed= 4.8m/s  roll= -1.7 pitch= -3.0
  [146/180] yaw=-88.0 wind=(-3.57, 0.18) speed= 3.6m/s  roll=  0.7 pitch=  2.5
  [147/180] yaw=-88.0 wind=( 9.70, 0.51) speed= 9.7m/s  roll= -2.2 pitch= -6.2
  [148/180] yaw=-88.0 wind=( 4.63,-4.64) speed= 6.6m/s  roll=  2.0 pitch= -4.2
  [149/180] yaw=-88.0 wind=( 4.32,-2.06) speed= 4.8m/s  roll=  0.6 pitch= -3.4
  [150/180] yaw=-88.0 wind=(-0.49, 1.10) speed= 1.2m/s  roll= -0.8 pitch=  0.7

============================================================
=== yaw 11/12: 목표 302도로 회전 중 (현재 -88.0도) ===
============================================================
  -> yaw -58.3도로 안정화
  [151/180] yaw=-58.0 wind=(-4.60, 8.28) speed= 9.5m/s  roll= -1.7 pitch=  6.4
  [152/180] yaw=-58.0 wind=(-3.92,-0.90) speed= 4.0m/s  roll=  1.9 pitch=  1.9
  [153/180] yaw=-58.0 wind=( 0.18, 0.08) speed= 0.2m/s  roll= -0.4 pitch= -0.1
  [154/180] yaw=-58.0 wind=( 4.65, 3.24) speed= 5.7m/s  roll= -3.4 pitch= -1.8
  [155/180] yaw=-58.0 wind=(-7.42,-1.00) speed= 7.5m/s  roll=  2.9 pitch=  4.2
  [156/180] yaw=-58.0 wind=( 7.89,-0.73) speed= 7.9m/s  roll= -1.9 pitch= -5.2
  [157/180] yaw=-58.0 wind=( 0.37,-6.73) speed= 6.7m/s  roll=  4.2 pitch= -2.2
  [158/180] yaw=-58.0 wind=( 0.03, 0.12) speed= 0.1m/s  roll= -0.1 pitch=  0.0
  [159/180] yaw=-58.0 wind=( 0.46,-2.43) speed= 2.5m/s  roll=  1.4 pitch= -1.2
  [160/180] yaw=-58.0 wind=( 2.06, 0.11) speed= 2.1m/s  roll= -0.4 pitch= -1.2
  [161/180] yaw=-58.0 wind=(-2.30,-2.33) speed= 3.3m/s  roll=  2.2 pitch=  1.0
  [162/180] yaw=-58.0 wind=( 1.29, 3.92) speed= 4.1m/s  roll= -3.0 pitch=  0.5
  [163/180] yaw=-58.0 wind=(-6.73,-0.01) speed= 6.7m/s  roll= -2.9 pitch=  0.5
  [164/180] yaw=-58.0 wind=(-0.52, 0.29) speed= 0.6m/s  roll= -0.0 pitch=  0.6
  [165/180] yaw=-58.0 wind=(-0.03, 8.09) speed= 8.1m/s  roll= -5.0 pitch=  2.3

============================================================
=== yaw 12/12: 목표 332도로 회전 중 (현재 -58.0도) ===
============================================================
  -> yaw -29.7도로 안정화
  [166/180] yaw=-28.0 wind=( 1.13,-2.69) speed= 2.9m/s  roll=  0.5 pitch= -2.1
  [167/180] yaw=-28.0 wind=( 1.68, 1.91) speed= 2.5m/s  roll= -1.7 pitch=  0.5
  [168/180] yaw=-28.0 wind=( 4.57,-5.71) speed= 7.3m/s  roll= -0.2 pitch= -5.1
  [169/180] yaw=-28.0 wind=( 4.54,-6.82) speed= 8.2m/s  roll=  0.3 pitch= -5.7
  [170/180] yaw=-28.0 wind=( 5.02, 4.55) speed= 6.8m/s  roll= -4.8 pitch=  0.7
  [171/180] yaw=-28.0 wind=(-3.16,-3.53) speed= 4.7m/s  roll=  3.4 pitch= -0.7
  [172/180] yaw=-28.0 wind=(-0.79, 9.90) speed= 9.9m/s  roll= -2.4 pitch=  6.5
  [173/180] yaw=-28.0 wind=(-5.17,-7.34) speed= 9.0m/s  roll=  5.6 pitch= -2.3
  [174/180] yaw=-28.0 wind=(-0.87,-1.14) speed= 1.4m/s  roll=  0.8 pitch= -0.4
  [175/180] yaw=-28.0 wind=( 1.70, 2.36) speed= 2.9m/s  roll= -2.1 pitch=  0.8
  [176/180] yaw=-28.0 wind=( 0.58, 0.48) speed= 0.8m/s  roll= -0.6 pitch= -0.1
  [177/180] yaw=-28.0 wind=(-0.06,-2.97) speed= 3.0m/s  roll=  1.1 pitch= -1.7
  [178/180] yaw=-28.0 wind=(-0.13, 0.00) speed= 0.1m/s  roll=  0.1 pitch= -0.1
  [179/180] yaw=-28.0 wind=(-5.11,-5.88) speed= 7.8m/s  roll=  5.2 pitch= -1.1
  [180/180] yaw=-28.0 wind=(-4.50,-1.16) speed= 4.6m/s  roll=  3.0 pitch=  1.2

데이터 수집 완료. CSV 저장됨: ../../logs/wind_random_20260812_005732_yaw2p0_n12x15_speed0-10_seed2042.csv
[송신 간격 통계] 목표=50ms  평균=50.0ms  최대=66.7ms  임계치 초과=0/65191

--- Offboard 종료 ---

--- Landing ---
-> 착륙 완료 및 디스암 확인

무작위 바람 데이터 수집 완료.
  [수집] 세션 2 완료 (시도 1/3)
  [그래프] /home/ssh2003/MyProjects/quad-pinn-project/logs/wind_random_20260812_005732_yaw2p0_n12x15_speed0-10_seed2042.csv 요약 PNG 생성 중...
    findfont: Failed to find font weight normal, now using 100.
    /home/ssh2003/MyProjects/quad-pinn-project/sim_scripts/data_collection/plot_session_grid.py:106: UserWarning: This figure includes Axes that are not compatible with tight_layout, so results might be incorrect.
      fig.tight_layout(rect=[0, 0, 0.92, 0.94])
    findfont: Failed to find font weight normal, now using 100.
    findfont: Failed to find font weight normal, now using 100.
    findfont: Failed to find font weight normal, now using 100.
    findfont: Failed to find font weight normal, now using 100.
    저장됨: /home/ssh2003/MyProjects/quad-pinn-project/figures/wind_random_20260812_000029_n12x15_td15/session_wind_random_20260812_005732_yaw2p0_n12x15_speed0-10_seed2042.png

############################################################
# 세션 3/15
############################################################
  [SITL] 기존 프로세스 정리 중 (정상종료 시도)...
Terminated
  [SITL] 강제 정리 (남아있는 프로세스 있으면)...
  [SITL] 재시작 중...
  [SITL] px4 프로세스 감지됨 (1s). 안정화 대기 15s...
  [수집] 시작 (seed=3042, yaw-offset=4.000도, 시도 1/3, 타임아웃 4196초)
PX4 SITL에 연결 시도 중...
-> 드론에 연결됨!
GPS/홈 위치 확인 중...
-> 전역 위치 및 홈 위치 준비 완료

[확인] PX4 SITL이 'windy' 월드로 실행 중인지 확인할 것.

--- Arming ---
-> Armed

--- Takeoff ---
  안전 고도(1.5m) 도달 대기 중...
  -> 안전 고도 도달 (relative_altitude=1.51m)

--- Offboard 진입 준비: 초기 setpoint(현재 위치 고정) 전송 ---

--- Offboard 모드 시작 ---

CSV 로그 저장 경로: ../../logs/wind_random_20260812_015351_yaw4p0_n12x15_speed0-10_seed3042.csv

yaw 12방향(offset=4.0도) x 방향당 바람조건 15개 = 총 180개 수집 시작 (조건당 15초, 예상 총 소요 51.0분 + yaw 회전 시간)

============================================================
=== yaw 1/12: 목표 4도로 회전 중 (현재 93.4도) ===
============================================================
  -> yaw 2.9도로 안정화
  [1/180] yaw=  4.0 wind=(-4.58, 1.01) speed= 4.7m/s  roll=  3.2 pitch=  0.7
  [2/180] yaw=  4.0 wind=(-3.47,-0.06) speed= 3.5m/s  roll=  2.4 pitch= -0.0
  [3/180] yaw=  4.0 wind=(-4.35,-1.49) speed= 4.6m/s  roll=  3.2 pitch= -1.0
  [4/180] yaw=  4.0 wind=(-0.49,-7.84) speed= 7.9m/s  roll=  0.2 pitch= -5.6
  [5/180] yaw=  4.0 wind=( 0.04,-0.16) speed= 0.2m/s  roll=  0.1 pitch= -0.3
  [6/180] yaw=  4.0 wind=(-8.93, 3.13) speed= 9.5m/s  roll=  6.4 pitch=  1.0
  [7/180] yaw=  4.0 wind=(-6.95,-3.97) speed= 8.0m/s  roll=  4.7 pitch= -2.6
  [8/180] yaw=  4.0 wind=(-8.12,-3.25) speed= 8.7m/s  roll=  5.7 pitch= -1.8
  [9/180] yaw=  4.0 wind=(-2.70,-5.66) speed= 6.3m/s  roll=  2.0 pitch= -3.6
  [10/180] yaw=  4.0 wind=( 2.73,-4.93) speed= 5.6m/s  roll= -1.8 pitch= -3.5
  [11/180] yaw=  4.0 wind=( 0.40,-3.85) speed= 3.9m/s  roll= -0.4 pitch= -2.8
  [12/180] yaw=  4.0 wind=(-4.92, 5.47) speed= 7.4m/s  roll=  3.9 pitch=  3.3
  [13/180] yaw=  4.0 wind=( 0.60,-1.15) speed= 1.3m/s  roll= -0.4 pitch= -0.9
  [14/180] yaw=  4.0 wind=(-8.46, 1.63) speed= 8.6m/s  roll=  5.7 pitch=  0.2
  [15/180] yaw=  4.0 wind=(-1.87, 0.52) speed= 1.9m/s  roll=  1.3 pitch=  0.3

============================================================
=== yaw 2/12: 목표 34도로 회전 중 (현재 4.0도) ===
============================================================
  -> yaw 33.0도로 안정화
  [16/180] yaw= 34.0 wind=( 4.90,-2.63) speed= 5.6m/s  roll= -3.8 pitch=  0.4
  [17/180] yaw= 34.0 wind=(-4.02,-4.53) speed= 6.1m/s  roll=  0.3 pitch= -4.2
  [18/180] yaw= 34.0 wind=(-7.11, 6.87) speed= 9.9m/s  roll=  6.7 pitch=  0.1
  [19/180] yaw= 34.0 wind=(-1.74, 1.45) speed= 2.3m/s  roll=  1.7 pitch= -0.1
  [20/180] yaw= 34.0 wind=( 7.92,-3.89) speed= 8.8m/s  roll= -5.9 pitch=  1.8
  [21/180] yaw= 34.0 wind=( 0.52, 0.32) speed= 0.6m/s  roll= -0.2 pitch=  0.2
  [22/180] yaw= 34.0 wind=( 9.51,-1.52) speed= 9.6m/s  roll= -5.7 pitch=  3.5
  [23/180] yaw= 34.0 wind=(-0.51, 7.20) speed= 7.2m/s  roll=  3.5 pitch=  3.4
  [24/180] yaw= 34.0 wind=(-2.90, 0.91) speed= 3.0m/s  roll=  1.8 pitch= -0.9
  [25/180] yaw= 34.0 wind=(-1.18, 2.64) speed= 2.9m/s  roll=  1.8 pitch=  0.7
  [26/180] yaw= 34.0 wind=(-5.04,-7.80) speed= 9.3m/s  roll= -0.1 pitch= -6.6
  [27/180] yaw= 34.0 wind=(-0.15,-1.09) speed= 1.1m/s  roll= -0.3 pitch= -0.6
  [28/180] yaw= 34.0 wind=(-0.53,-0.79) speed= 1.0m/s  roll=  0.1 pitch= -0.6
  [29/180] yaw= 34.0 wind=(-2.06, 4.81) speed= 5.2m/s  roll=  3.0 pitch=  2.2
  [30/180] yaw= 34.0 wind=(-1.45, 7.18) speed= 7.3m/s  roll=  3.4 pitch=  3.6

============================================================
=== yaw 3/12: 목표 64도로 회전 중 (현재 34.0도) ===
============================================================
  -> yaw 61.9도로 안정화
  [31/180] yaw= 64.0 wind=(-1.84,-3.95) speed= 4.4m/s  roll= -1.6 pitch= -2.5
  [32/180] yaw= 64.0 wind=(-1.68, 1.45) speed= 2.2m/s  roll=  1.4 pitch= -0.4
  [33/180] yaw= 64.0 wind=( 0.35, 1.08) speed= 1.1m/s  roll=  0.4 pitch=  0.7
  [34/180] yaw= 64.0 wind=(-1.67, 2.33) speed= 2.9m/s  roll=  2.1 pitch= -0.1
  [35/180] yaw= 63.9 wind=( 4.91,-0.24) speed= 4.9m/s  roll= -1.8 pitch=  2.9
  [36/180] yaw= 64.0 wind=(-9.51,-2.95) speed=10.0m/s  roll=  1.4 pitch= -6.8
  [37/180] yaw= 64.0 wind=( 0.68, 0.34) speed= 0.8m/s  roll= -0.1 pitch=  0.6
  [38/180] yaw= 64.0 wind=( 8.09, 0.59) speed= 8.1m/s  roll= -1.9 pitch=  5.3
  [39/180] yaw= 64.0 wind=( 2.68, 4.77) speed= 5.5m/s  roll=  2.1 pitch=  3.1
  [40/180] yaw= 64.0 wind=( 3.87, 1.91) speed= 4.3m/s  roll=  0.1 pitch=  3.0
  [41/180] yaw= 64.0 wind=(-0.86,-1.79) speed= 2.0m/s  roll= -0.9 pitch= -0.8
  [42/180] yaw= 64.0 wind=( 6.50, 2.76) speed= 7.1m/s  roll=  0.1 pitch=  4.9
  [43/180] yaw= 64.0 wind=( 0.52, 0.50) speed= 0.7m/s  roll=  0.1 pitch=  0.4
  [44/180] yaw= 64.0 wind=(-1.49,-2.09) speed= 2.6m/s  roll= -1.0 pitch= -1.3
  [45/180] yaw= 64.0 wind=( 1.03,-6.49) speed= 6.6m/s  roll= -4.6 pitch= -0.9

============================================================
=== yaw 4/12: 목표 94도로 회전 중 (현재 64.0도) ===
============================================================
  -> yaw 93.6도로 안정화
  [46/180] yaw= 94.0 wind=( 1.18, 2.32) speed= 2.6m/s  roll=  1.8 pitch=  0.6
  [47/180] yaw= 94.0 wind=( 0.80, 4.96) speed= 5.0m/s  roll=  3.7 pitch=  0.2
  [48/180] yaw= 94.0 wind=(-4.60,-6.06) speed= 7.6m/s  roll= -4.4 pitch= -2.9
  [49/180] yaw= 94.0 wind=(-0.10,-2.53) speed= 2.5m/s  roll= -2.0 pitch= -0.1
  [50/180] yaw= 94.0 wind=( 1.43, 8.78) speed= 8.9m/s  roll=  5.8 pitch=  0.7
  [51/180] yaw= 94.0 wind=( 0.21,-0.08) speed= 0.2m/s  roll= -0.0 pitch=  0.3
  [52/180] yaw= 94.0 wind=(-3.22,-7.24) speed= 7.9m/s  roll= -5.2 pitch= -2.0
  [53/180] yaw= 94.0 wind=(-0.04, 0.00) speed= 0.0m/s  roll=  0.2 pitch= -0.2
  [54/180] yaw= 94.0 wind=( 1.36,-2.26) speed= 2.6m/s  roll= -1.4 pitch=  1.1
  [55/180] yaw= 94.0 wind=( 9.95,-0.40) speed=10.0m/s  roll=  0.7 pitch=  7.1
  [56/180] yaw= 94.0 wind=( 9.00, 1.94) speed= 9.2m/s  roll=  2.1 pitch=  6.1
  [57/180] yaw= 94.0 wind=( 4.08,-8.15) speed= 9.1m/s  roll= -5.3 pitch=  3.6
  [58/180] yaw= 94.0 wind=( 0.60,-0.80) speed= 1.0m/s  roll= -0.4 pitch=  0.4
  [59/180] yaw= 94.0 wind=( 0.60,-0.52) speed= 0.8m/s  roll= -0.5 pitch=  0.5
  [60/180] yaw= 94.0 wind=( 1.40,-0.29) speed= 1.4m/s  roll=  0.1 pitch=  1.2

============================================================
=== yaw 5/12: 목표 124도로 회전 중 (현재 94.0도) ===
============================================================
  -> yaw 122.1도로 안정화
  [61/180] yaw=124.0 wind=( 0.15,-0.12) speed= 0.2m/s  roll=  0.0 pitch= -0.0
  [62/180] yaw=124.0 wind=( 6.56,-2.46) speed= 7.0m/s  roll=  1.3 pitch=  4.9
  [63/180] yaw=124.0 wind=(-9.73,-2.23) speed=10.0m/s  roll= -4.7 pitch= -5.1
  [64/180] yaw=124.0 wind=(-7.48,-0.74) speed= 7.5m/s  roll= -2.9 pitch= -4.4
  [65/180] yaw=124.0 wind=(-7.95, 0.91) speed= 8.0m/s  roll= -3.1 pitch= -4.7
  [66/180] yaw=124.0 wind=(-0.74,-3.64) speed= 3.7m/s  roll= -2.2 pitch=  0.9
  [67/180] yaw=124.0 wind=(-1.44, 2.86) speed= 3.2m/s  roll=  0.9 pitch= -1.9
  [68/180] yaw=124.0 wind=( 4.52,-1.93) speed= 4.9m/s  roll=  0.9 pitch=  3.6
  [69/180] yaw=124.0 wind=(-1.02,-2.10) speed= 2.3m/s  roll= -1.6 pitch=  0.4
  [70/180] yaw=124.0 wind=(-7.74,-1.50) speed= 7.9m/s  roll= -3.7 pitch= -3.8
  [71/180] yaw=124.0 wind=( 1.75,-3.49) speed= 3.9m/s  roll= -1.2 pitch=  2.5
  [72/180] yaw=124.0 wind=( 0.08, 0.40) speed= 0.4m/s  roll=  0.2 pitch= -0.1
  [73/180] yaw=124.0 wind=(-0.13,-1.04) speed= 1.0m/s  roll= -0.5 pitch=  0.2
  [74/180] yaw=124.0 wind=(-0.61, 0.85) speed= 1.0m/s  roll=  0.3 pitch= -0.5
  [75/180] yaw=124.0 wind=( 3.43, 7.42) speed= 8.2m/s  roll=  5.7 pitch= -1.3

============================================================
=== yaw 6/12: 목표 154도로 회전 중 (현재 124.0도) ===
============================================================
  -> yaw 153.6도로 안정화
  [76/180] yaw=154.0 wind=( 1.52,-3.16) speed= 3.5m/s  roll= -0.2 pitch=  2.5
  [77/180] yaw=154.0 wind=(-6.30,-3.79) speed= 7.4m/s  roll= -5.2 pitch=  0.2
  [78/180] yaw=154.0 wind=(-2.63,-1.25) speed= 2.9m/s  roll= -1.9 pitch= -0.2
  [79/180] yaw=154.0 wind=( 4.62, 3.90) speed= 6.0m/s  roll=  4.3 pitch= -1.2
  [80/180] yaw=154.0 wind=(-1.99,-8.13) speed= 8.4m/s  roll= -3.7 pitch=  4.2
  [81/180] yaw=154.0 wind=(-2.51, 7.49) speed= 7.9m/s  roll=  0.3 pitch= -5.7
  [82/180] yaw=154.0 wind=(-1.19,-4.27) speed= 4.4m/s  roll= -2.1 pitch=  2.5
  [83/180] yaw=154.0 wind=( 0.10, 0.04) speed= 0.1m/s  roll= -0.1 pitch= -0.0
  [84/180] yaw=154.0 wind=(-8.13,-4.46) speed= 9.3m/s  roll= -6.4 pitch= -0.1
  [85/180] yaw=154.0 wind=(-2.69,-4.56) speed= 5.3m/s  roll= -3.2 pitch=  1.8
  [86/180] yaw=154.0 wind=(-6.89, 0.41) speed= 6.9m/s  roll= -4.5 pitch= -1.8
  [87/180] yaw=154.0 wind=(-1.48, 1.24) speed= 1.9m/s  roll= -0.6 pitch= -1.3
  [88/180] yaw=154.0 wind=(-0.84, 0.75) speed= 1.1m/s  roll= -0.2 pitch= -0.6
  [89/180] yaw=154.0 wind=( 0.01, 0.01) speed= 0.0m/s  roll= -0.1 pitch= -0.1
  [90/180] yaw=154.0 wind=( 0.51, 2.15) speed= 2.2m/s  roll=  0.8 pitch= -1.4

============================================================
=== yaw 7/12: 목표 184도로 회전 중 (현재 154.0도) ===
============================================================
  -> yaw -176.6도로 안정화
  [91/180] yaw=-176.0 wind=( 0.17, 1.69) speed= 1.7m/s  roll= -0.2 pitch= -1.1
  [92/180] yaw=-176.0 wind=( 7.39,-4.43) speed= 8.6m/s  roll=  5.5 pitch=  2.3
  [93/180] yaw=-176.0 wind=(-4.04,-6.45) speed= 7.6m/s  roll= -2.4 pitch=  4.9
  [94/180] yaw=-176.0 wind=(-1.50, 5.68) speed= 5.9m/s  roll= -1.6 pitch= -3.8
  [95/180] yaw=-176.0 wind=( 2.41, 1.70) speed= 2.9m/s  roll=  1.5 pitch= -1.6
  [96/180] yaw=-176.0 wind=( 4.63, 2.10) speed= 5.1m/s  roll=  3.0 pitch= -2.0
  [97/180] yaw=-176.0 wind=(-2.36, 4.59) speed= 5.2m/s  roll= -2.4 pitch= -2.8
  [98/180] yaw=-176.0 wind=( 2.65, 2.29) speed= 3.5m/s  roll=  1.6 pitch= -1.9
  [99/180] yaw=-175.9 wind=( 9.51,-1.70) speed= 9.7m/s  roll=  6.6 pitch=  0.2
  [100/180] yaw=-176.0 wind=( 8.26, 0.69) speed= 8.3m/s  roll=  6.7 pitch=  0.2
  [101/180] yaw=-176.0 wind=( 2.80,-4.78) speed= 5.5m/s  roll=  2.2 pitch=  3.2
  [102/180] yaw=-176.0 wind=(-4.51,-0.61) speed= 4.6m/s  roll= -3.0 pitch=  0.7
  [103/180] yaw=-176.0 wind=( 2.44, 3.08) speed= 3.9m/s  roll=  1.2 pitch= -2.5
  [104/180] yaw=-176.0 wind=(-1.61, 0.73) speed= 1.8m/s  roll= -1.3 pitch= -0.3
  [105/180] yaw=-176.0 wind=( 0.18,-0.37) speed= 0.4m/s  roll=  0.2 pitch=  0.1

============================================================
=== yaw 8/12: 목표 214도로 회전 중 (현재 -176.0도) ===
============================================================
  -> yaw -146.5도로 안정화
  [106/180] yaw=-146.0 wind=(-2.85,-3.53) speed= 4.5m/s  roll=  0.0 pitch=  3.0
  [107/180] yaw=-146.0 wind=(-4.35, 6.54) speed= 7.9m/s  roll= -5.3 pitch= -1.2
  [108/180] yaw=-146.0 wind=(-1.29, 1.80) speed= 2.2m/s  roll= -1.6 pitch= -0.6
  [109/180] yaw=-146.0 wind=( 2.74, 5.21) speed= 5.9m/s  roll= -1.0 pitch= -4.0
  [110/180] yaw=-146.0 wind=( 6.70, 5.90) speed= 8.9m/s  roll=  0.9 pitch= -6.0
  [111/180] yaw=-146.0 wind=( 8.69, 2.77) speed= 9.1m/s  roll=  3.3 pitch= -5.4
  [112/180] yaw=-146.0 wind=( 1.68,-3.13) speed= 3.6m/s  roll=  2.3 pitch=  1.0
  [113/180] yaw=-146.0 wind=( 2.39, 1.21) speed= 2.7m/s  roll=  0.8 pitch= -1.7
  [114/180] yaw=-146.0 wind=(-0.60,-0.58) speed= 0.8m/s  roll= -0.1 pitch=  0.6
  [115/180] yaw=-146.0 wind=( 1.03,-1.77) speed= 2.0m/s  roll=  1.4 pitch=  0.4
  [116/180] yaw=-146.0 wind=(-1.22, 8.61) speed= 8.7m/s  roll= -4.6 pitch= -4.2
  [117/180] yaw=-146.0 wind=( 4.79, 6.44) speed= 8.0m/s  roll= -0.3 pitch= -5.7
  [118/180] yaw=-146.0 wind=( 8.09, 4.54) speed= 9.3m/s  roll=  2.2 pitch= -6.0
  [119/180] yaw=-146.0 wind=( 8.35, 0.19) speed= 8.4m/s  roll=  4.3 pitch= -3.7
  [120/180] yaw=-146.0 wind=(-8.15, 0.52) speed= 8.2m/s  roll= -4.5 pitch=  3.4

============================================================
=== yaw 9/12: 목표 244도로 회전 중 (현재 -146.0도) ===
============================================================
  -> yaw -116.4도로 안정화
  [121/180] yaw=-116.0 wind=(-1.88, 4.65) speed= 5.0m/s  roll= -3.4 pitch=  0.2
  [122/180] yaw=-116.0 wind=( 4.76,-3.66) speed= 6.0m/s  roll=  3.7 pitch= -2.3
  [123/180] yaw=-116.0 wind=( 2.13, 1.23) speed= 2.5m/s  roll= -0.3 pitch= -1.7
  [124/180] yaw=-116.0 wind=(-3.06,-5.43) speed= 6.2m/s  roll=  2.5 pitch=  3.8
  [125/180] yaw=-116.0 wind=(-4.14,-3.83) speed= 5.6m/s  roll=  1.1 pitch=  3.8
  [126/180] yaw=-116.0 wind=(-1.20, 0.64) speed= 1.4m/s  roll= -0.8 pitch=  0.8
  [127/180] yaw=-116.0 wind=( 3.79,-4.67) speed= 6.0m/s  roll=  4.0 pitch= -1.2
  [128/180] yaw=-116.0 wind=( 6.89, 3.87) speed= 7.9m/s  roll= -0.4 pitch= -5.6
  [129/180] yaw=-116.0 wind=( 5.31,-0.93) speed= 5.4m/s  roll=  2.0 pitch= -3.6
  [130/180] yaw=-116.0 wind=( 0.97,-2.67) speed= 2.8m/s  roll=  1.8 pitch=  0.1
  [131/180] yaw=-116.0 wind=(-2.96,-1.70) speed= 3.4m/s  roll=  0.1 pitch=  2.5
  [132/180] yaw=-116.0 wind=(-6.23, 1.52) speed= 6.4m/s  roll= -2.4 pitch=  3.8
  [133/180] yaw=-116.0 wind=(-2.97, 0.79) speed= 3.1m/s  roll= -1.1 pitch=  1.5
  [134/180] yaw=-116.0 wind=(-0.68, 0.54) speed= 0.9m/s  roll= -0.4 pitch=  0.3
  [135/180] yaw=-116.0 wind=( 4.15, 8.91) speed= 9.8m/s  roll= -4.8 pitch= -4.9

============================================================
=== yaw 10/12: 목표 274도로 회전 중 (현재 -116.0도) ===
============================================================
  -> yaw -86.6도로 안정화
  [136/180] yaw=-86.0 wind=( 1.70,-8.04) speed= 8.2m/s  roll=  5.7 pitch= -1.3
  [137/180] yaw=-86.0 wind=( 1.01, 0.04) speed= 1.0m/s  roll= -0.0 pitch= -0.7
  [138/180] yaw=-86.0 wind=( 4.36,-2.49) speed= 5.0m/s  roll=  1.6 pitch= -3.0
  [139/180] yaw=-86.0 wind=( 0.79, 0.01) speed= 0.8m/s  roll= -0.1 pitch= -0.6
  [140/180] yaw=-86.0 wind=( 1.12,-2.56) speed= 2.8m/s  roll=  1.6 pitch= -1.0
  [141/180] yaw=-86.0 wind=(-0.14, 1.57) speed= 1.6m/s  roll= -1.1 pitch=  0.1
  [142/180] yaw=-86.0 wind=( 4.93, 3.20) speed= 5.9m/s  roll= -2.3 pitch= -3.4
  [143/180] yaw=-86.0 wind=(-7.60,-1.27) speed= 7.7m/s  roll=  0.6 pitch=  5.4
  [144/180] yaw=-86.0 wind=(-3.99,-1.30) speed= 4.2m/s  roll=  0.6 pitch=  2.9
  [145/180] yaw=-86.0 wind=( 1.16,-4.34) speed= 4.5m/s  roll=  0.5 pitch=  2.9
  [146/180] yaw=-86.0 wind=( 4.19, 4.36) speed= 6.0m/s  roll= -3.0 pitch= -3.0
  [147/180] yaw=-86.0 wind=( 1.26,-3.83) speed= 4.0m/s  roll=  3.1 pitch= -0.7
  [148/180] yaw=-86.0 wind=(-1.46, 4.05) speed= 4.3m/s  roll= -2.8 pitch=  1.3
  [149/180] yaw=-86.0 wind=( 3.45,-0.11) speed= 3.4m/s  roll= -0.1 pitch= -2.4
  [150/180] yaw=-86.0 wind=(-7.99, 3.80) speed= 8.9m/s  roll= -1.8 pitch=  5.9

============================================================
=== yaw 11/12: 목표 304도로 회전 중 (현재 -86.0도) ===
============================================================
  -> yaw -56.3도로 안정화
  [151/180] yaw=-56.0 wind=( 0.09, 0.79) speed= 0.8m/s  roll= -0.6 pitch=  0.3
  [152/180] yaw=-56.0 wind=(-2.54, 2.80) speed= 3.8m/s  roll= -0.5 pitch=  2.5
  [153/180] yaw=-56.0 wind=(-1.16,-5.79) speed= 5.9m/s  roll=  3.9 pitch= -1.4
  [154/180] yaw=-56.0 wind=(-2.20, 2.75) speed= 3.5m/s  roll= -0.7 pitch=  2.6
  [155/180] yaw=-56.0 wind=(-1.09, 3.16) speed= 3.3m/s  roll= -1.5 pitch=  1.9
  [156/180] yaw=-56.0 wind=(-8.60, 1.15) speed= 8.7m/s  roll=  2.9 pitch=  5.4
  [157/180] yaw=-56.0 wind=(-3.76,-2.07) speed= 4.3m/s  roll=  2.4 pitch=  1.8
  [158/180] yaw=-56.0 wind=(-5.21, 4.39) speed= 6.8m/s  roll= -0.4 pitch=  4.7
  [159/180] yaw=-56.0 wind=( 2.87, 7.57) speed= 8.1m/s  roll= -5.6 pitch=  1.2
  [160/180] yaw=-56.0 wind=( 4.32, 1.57) speed= 4.6m/s  roll= -2.5 pitch= -1.8
  [161/180] yaw=-56.0 wind=(-4.63,-6.64) speed= 8.1m/s  roll=  5.9 pitch=  0.3
  [162/180] yaw=-56.0 wind=( 2.40,-0.32) speed= 2.4m/s  roll= -0.7 pitch= -1.5
  [163/180] yaw=-56.0 wind=(-0.68,-0.13) speed= 0.7m/s  roll=  0.3 pitch=  0.3
  [164/180] yaw=-56.0 wind=(-1.69,-1.84) speed= 2.5m/s  roll=  1.5 pitch=  0.3
  [165/180] yaw=-56.0 wind=( 9.57,-0.86) speed= 9.6m/s  roll= -3.3 pitch= -5.8

============================================================
=== yaw 12/12: 목표 334도로 회전 중 (현재 -56.0도) ===
============================================================
  -> yaw -27.2도로 안정화
  [166/180] yaw=-26.0 wind=(-4.66, 0.49) speed= 4.7m/s  roll=  2.9 pitch=  1.6
  [167/180] yaw=-26.0 wind=( 8.84, 1.40) speed= 9.0m/s  roll= -6.0 pitch= -1.5
  [168/180] yaw=-26.0 wind=(-4.78, 3.78) speed= 6.1m/s  roll=  2.1 pitch=  3.6
  [169/180] yaw=-26.0 wind=( 7.64, 3.56) speed= 8.4m/s  roll= -5.8 pitch=  0.2
  [170/180] yaw=-26.0 wind=( 1.27,-1.93) speed= 2.3m/s  roll= -0.4 pitch= -1.6
  [171/180] yaw=-26.0 wind=(-0.30,-5.61) speed= 5.6m/s  roll=  1.7 pitch= -3.5
  [172/180] yaw=-26.0 wind=(-2.99, 1.25) speed= 3.2m/s  roll=  1.5 pitch=  1.5
  [173/180] yaw=-26.0 wind=(-4.08,-3.88) speed= 5.6m/s  roll=  3.7 pitch= -1.4
  [174/180] yaw=-26.0 wind=( 0.58,-6.40) speed= 6.4m/s  roll=  1.6 pitch= -4.5
  [175/180] yaw=-26.0 wind=(-0.76,-0.80) speed= 1.1m/s  roll=  0.8 pitch= -0.3
  [176/180] yaw=-26.0 wind=( 4.05,-1.92) speed= 4.5m/s  roll= -2.1 pitch= -2.5
  [177/180] yaw=-26.0 wind=( 6.75, 1.74) speed= 7.0m/s  roll= -5.0 pitch= -1.0
  [178/180] yaw=-26.0 wind=(-0.22, 0.16) speed= 0.3m/s  roll= -0.0 pitch=  0.2
  [179/180] yaw=-26.0 wind=(-7.90, 2.81) speed= 8.4m/s  roll=  4.3 pitch=  4.0
  [180/180] yaw=-26.0 wind=( 3.69,-0.11) speed= 3.7m/s  roll= -2.1 pitch= -1.3

데이터 수집 완료. CSV 저장됨: ../../logs/wind_random_20260812_015351_yaw4p0_n12x15_speed0-10_seed3042.csv
[송신 간격 통계] 목표=50ms  평균=50.0ms  최대=64.0ms  임계치 초과=0/65191

--- Offboard 종료 ---

--- Landing ---
-> 착륙 완료 및 디스암 확인

무작위 바람 데이터 수집 완료.
  [수집] 세션 3 완료 (시도 1/3)
  [그래프] /home/ssh2003/MyProjects/quad-pinn-project/logs/wind_random_20260812_015351_yaw4p0_n12x15_speed0-10_seed3042.csv 요약 PNG 생성 중...
    findfont: Failed to find font weight normal, now using 100.
    /home/ssh2003/MyProjects/quad-pinn-project/sim_scripts/data_collection/plot_session_grid.py:106: UserWarning: This figure includes Axes that are not compatible with tight_layout, so results might be incorrect.
      fig.tight_layout(rect=[0, 0, 0.92, 0.94])
    findfont: Failed to find font weight normal, now using 100.
    findfont: Failed to find font weight normal, now using 100.
    findfont: Failed to find font weight normal, now using 100.
    findfont: Failed to find font weight normal, now using 100.
    저장됨: /home/ssh2003/MyProjects/quad-pinn-project/figures/wind_random_20260812_000029_n12x15_td15/session_wind_random_20260812_015351_yaw4p0_n12x15_speed0-10_seed3042.png

############################################################
# 세션 4/15
############################################################
  [SITL] 기존 프로세스 정리 중 (정상종료 시도)...
Terminated
  [SITL] 강제 정리 (남아있는 프로세스 있으면)...
  [SITL] 재시작 중...
  [SITL] px4 프로세스 감지됨 (1s). 안정화 대기 15s...
  [수집] 시작 (seed=4042, yaw-offset=6.000도, 시도 1/3, 타임아웃 4196초)
PX4 SITL에 연결 시도 중...
-> 드론에 연결됨!
GPS/홈 위치 확인 중...
-> 전역 위치 및 홈 위치 준비 완료

[확인] PX4 SITL이 'windy' 월드로 실행 중인지 확인할 것.

--- Arming ---
-> Armed

--- Takeoff ---
  안전 고도(1.5m) 도달 대기 중...
  -> 안전 고도 도달 (relative_altitude=1.50m)

--- Offboard 진입 준비: 초기 setpoint(현재 위치 고정) 전송 ---

--- Offboard 모드 시작 ---

CSV 로그 저장 경로: ../../logs/wind_random_20260812_025018_yaw6p0_n12x15_speed0-10_seed4042.csv

yaw 12방향(offset=6.0도) x 방향당 바람조건 15개 = 총 180개 수집 시작 (조건당 15초, 예상 총 소요 51.0분 + yaw 회전 시간)

============================================================
=== yaw 1/12: 목표 6도로 회전 중 (현재 92.8도) ===
============================================================
  -> yaw 4.1도로 안정화
  [1/180] yaw=  6.0 wind=(-5.66,-0.12) speed= 5.7m/s  roll=  3.9 pitch= -0.5
  [2/180] yaw=  6.0 wind=( 8.17,-3.41) speed= 8.9m/s  roll= -6.3 pitch= -1.5
  [3/180] yaw=  6.0 wind=( 2.66, 5.93) speed= 6.5m/s  roll= -1.2 pitch=  4.5
  [4/180] yaw=  6.0 wind=(-0.05,-0.02) speed= 0.1m/s  roll=  0.2 pitch=  0.0
  [5/180] yaw=  6.0 wind=( 1.06,-4.06) speed= 4.2m/s  roll= -1.2 pitch= -2.9
  [6/180] yaw=  6.0 wind=(-2.66,-0.17) speed= 2.7m/s  roll=  1.8 pitch= -0.2
  [7/180] yaw=  6.0 wind=(-0.28, 9.69) speed= 9.7m/s  roll=  1.7 pitch=  6.5
  [8/180] yaw=  6.0 wind=(-0.97, 8.10) speed= 8.2m/s  roll=  1.9 pitch=  5.4
  [9/180] yaw=  6.0 wind=( 2.86, 0.29) speed= 2.9m/s  roll= -2.0 pitch=  0.6
  [10/180] yaw=  6.0 wind=( 1.41,-6.12) speed= 6.3m/s  roll= -2.2 pitch= -3.9
  [11/180] yaw=  6.0 wind=(-5.24,-4.70) speed= 7.0m/s  roll=  2.8 pitch= -4.0
  [12/180] yaw=  6.0 wind=(-1.45, 6.63) speed= 6.8m/s  roll=  2.2 pitch=  4.3
  [13/180] yaw=  6.0 wind=(-0.28, 5.47) speed= 5.5m/s  roll=  1.2 pitch=  3.7
  [14/180] yaw=  6.0 wind=( 1.22,-1.59) speed= 2.0m/s  roll= -1.1 pitch= -0.8
  [15/180] yaw=  6.0 wind=(-6.03, 2.59) speed= 6.6m/s  roll=  4.5 pitch=  0.6

============================================================
=== yaw 2/12: 목표 36도로 회전 중 (현재 6.0도) ===
============================================================
  -> yaw 35.5도로 안정화
  [16/180] yaw= 36.0 wind=(-2.85,-3.12) speed= 4.2m/s  roll= -0.0 pitch= -3.0
  [17/180] yaw= 36.0 wind=(-8.73, 2.69) speed= 9.1m/s  roll=  5.7 pitch= -2.7
  [18/180] yaw= 36.0 wind=(-0.16,-1.08) speed= 1.1m/s  roll= -0.5 pitch= -0.5
  [19/180] yaw= 36.2 wind=( 6.96, 5.14) speed= 8.7m/s  roll= -2.0 pitch=  5.5
  [20/180] yaw= 36.0 wind=( 0.12, 0.04) speed= 0.1m/s  roll=  0.1 pitch=  0.1
  [21/180] yaw= 36.0 wind=( 2.43,-1.92) speed= 3.1m/s  roll= -2.2 pitch=  0.1
  [22/180] yaw= 36.1 wind=( 1.58, 3.56) speed= 3.9m/s  roll=  0.3 pitch=  2.9
  [23/180] yaw= 35.9 wind=( 1.47,-1.67) speed= 2.2m/s  roll= -1.7 pitch= -0.3
  [24/180] yaw= 36.0 wind=( 2.55,-0.93) speed= 2.7m/s  roll= -2.0 pitch=  0.6
  [25/180] yaw= 36.0 wind=(-0.26, 0.18) speed= 0.3m/s  roll=  0.1 pitch=  0.0
  [26/180] yaw= 35.9 wind=( 4.03,-5.34) speed= 6.7m/s  roll= -4.5 pitch= -1.1
  [27/180] yaw= 36.0 wind=(-3.94,-7.18) speed= 8.2m/s  roll= -1.5 pitch= -5.3
  [28/180] yaw= 36.0 wind=(-2.51,-0.12) speed= 2.5m/s  roll=  1.3 pitch= -1.2
  [29/180] yaw= 36.0 wind=( 1.10,-1.24) speed= 1.7m/s  roll= -1.2 pitch=  0.2
  [30/180] yaw= 36.0 wind=( 0.95,-0.40) speed= 1.0m/s  roll= -0.6 pitch=  0.5

============================================================
=== yaw 3/12: 목표 66도로 회전 중 (현재 36.0도) ===
============================================================
  -> yaw 64.6도로 안정화
  [31/180] yaw= 66.0 wind=(-3.64,-5.57) speed= 6.7m/s  roll= -3.8 pitch= -3.0
  [32/180] yaw= 66.0 wind=(-2.63, 3.56) speed= 4.4m/s  roll=  2.9 pitch= -1.1
  [33/180] yaw= 66.0 wind=( 0.42, 9.15) speed= 9.2m/s  roll=  5.9 pitch=  1.4
  [34/180] yaw= 66.0 wind=(-2.66,-1.84) speed= 3.2m/s  roll= -0.6 pitch= -2.1
  [35/180] yaw= 66.0 wind=( 4.08, 6.02) speed= 7.3m/s  roll=  3.0 pitch=  4.0
  [36/180] yaw= 66.0 wind=( 4.58, 0.97) speed= 4.7m/s  roll= -0.3 pitch=  3.3
  [37/180] yaw= 66.0 wind=(-1.50, 3.75) speed= 4.0m/s  roll=  2.8 pitch= -0.1
  [38/180] yaw= 66.0 wind=(-7.08, 2.15) speed= 7.4m/s  roll=  2.8 pitch= -4.1
  [39/180] yaw= 66.0 wind=(-2.98, 5.67) speed= 6.4m/s  roll=  4.4 pitch= -0.7
  [40/180] yaw= 66.0 wind=( 4.42, 1.77) speed= 4.8m/s  roll=  0.0 pitch=  3.5
  [41/180] yaw= 66.0 wind=(-1.70, 2.09) speed= 2.7m/s  roll=  2.0 pitch= -0.6
  [42/180] yaw= 66.0 wind=(-4.93,-8.06) speed= 9.4m/s  roll= -3.2 pitch= -6.1
  [43/180] yaw= 66.0 wind=(-0.35,-1.41) speed= 1.5m/s  roll= -0.9 pitch= -0.7
  [44/180] yaw= 66.0 wind=(-0.46,-0.15) speed= 0.5m/s  roll=  0.0 pitch= -0.4
  [45/180] yaw= 66.0 wind=( 9.03, 0.61) speed= 9.1m/s  roll= -2.9 pitch=  5.7

============================================================
=== yaw 4/12: 목표 96도로 회전 중 (현재 66.0도) ===
============================================================
  -> yaw 94.3도로 안정화
  [46/180] yaw= 96.0 wind=(-1.11, 5.42) speed= 5.5m/s  roll=  3.6 pitch= -0.9
  [47/180] yaw= 96.0 wind=( 8.64, 0.81) speed= 8.7m/s  roll=  0.5 pitch=  6.0
  [48/180] yaw= 96.0 wind=( 9.37, 1.31) speed= 9.5m/s  roll=  1.1 pitch=  6.5
  [49/180] yaw= 96.0 wind=( 1.16,-0.34) speed= 1.2m/s  roll= -0.3 pitch=  1.1
  [50/180] yaw= 96.0 wind=( 0.09, 0.27) speed= 0.3m/s  roll=  0.2 pitch=  0.2
  [51/180] yaw= 96.0 wind=(-0.70,-1.19) speed= 1.4m/s  roll= -0.9 pitch= -0.4
  [52/180] yaw= 96.0 wind=( 1.49, 1.19) speed= 1.9m/s  roll=  0.9 pitch=  1.0
  [53/180] yaw= 96.0 wind=(-7.25,-4.55) speed= 8.6m/s  roll= -3.1 pitch= -5.2
  [54/180] yaw= 95.9 wind=(-9.67,-1.76) speed= 9.8m/s  roll= -0.8 pitch= -6.8
  [55/180] yaw= 96.0 wind=(-0.34,-0.47) speed= 0.6m/s  roll= -0.4 pitch= -0.2
  [56/180] yaw= 96.0 wind=(-0.69,-1.14) speed= 1.3m/s  roll= -0.9 pitch= -0.2
  [57/180] yaw= 96.0 wind=(-1.03,-5.37) speed= 5.5m/s  roll= -3.8 pitch= -0.3
  [58/180] yaw= 96.0 wind=(-0.52,-0.32) speed= 0.6m/s  roll= -0.3 pitch= -0.2
  [59/180] yaw= 96.0 wind=(-3.06,-7.90) speed= 8.5m/s  roll= -5.4 pitch= -1.7
  [60/180] yaw= 96.0 wind=( 5.29, 4.77) speed= 7.1m/s  roll=  3.7 pitch=  3.1

============================================================
=== yaw 5/12: 목표 126도로 회전 중 (현재 96.0도) ===
============================================================
  -> yaw 124.8도로 안정화
  [61/180] yaw=126.0 wind=( 2.34, 5.21) speed= 5.7m/s  roll=  3.8 pitch= -1.3
  [62/180] yaw=126.0 wind=( 0.04,-0.01) speed= 0.0m/s  roll=  0.0 pitch=  0.2
  [63/180] yaw=126.0 wind=( 7.79,-1.72) speed= 8.0m/s  roll=  2.7 pitch=  5.0
  [64/180] yaw=126.0 wind=(-7.06,-6.55) speed= 9.6m/s  roll= -6.7 pitch= -1.3
  [65/180] yaw=126.1 wind=(-3.69, 0.68) speed= 3.7m/s  roll= -1.0 pitch= -2.3
  [66/180] yaw=126.0 wind=(-4.28, 0.78) speed= 4.4m/s  roll= -1.3 pitch= -2.9
  [67/180] yaw=126.0 wind=(-7.82,-2.03) speed= 8.1m/s  roll= -3.9 pitch= -4.0
  [68/180] yaw=126.0 wind=( 0.27, 0.79) speed= 0.8m/s  roll=  0.5 pitch= -0.1
  [69/180] yaw=126.0 wind=(-4.62, 1.45) speed= 4.8m/s  roll= -0.8 pitch= -3.4
  [70/180] yaw=126.0 wind=( 3.09, 5.31) speed= 6.1m/s  roll=  4.5 pitch=  0.2
  [71/180] yaw=126.0 wind=( 5.76,-1.50) speed= 5.9m/s  roll=  1.0 pitch=  4.2
  [72/180] yaw=126.0 wind=( 0.49, 0.56) speed= 0.7m/s  roll=  0.6 pitch=  0.1
  [73/180] yaw=126.0 wind=( 0.28, 2.00) speed= 2.0m/s  roll=  1.1 pitch= -0.5
  [74/180] yaw=126.0 wind=( 4.42, 0.33) speed= 4.4m/s  roll=  1.8 pitch=  2.6
  [75/180] yaw=126.0 wind=( 4.82, 0.24) speed= 4.8m/s  roll=  2.0 pitch=  2.8

============================================================
=== yaw 6/12: 목표 156도로 회전 중 (현재 126.0도) ===
============================================================
  -> yaw 154.1도로 안정화
  [76/180] yaw=156.0 wind=(-1.67,-4.26) speed= 4.6m/s  roll= -2.5 pitch=  2.0
  [77/180] yaw=156.0 wind=(-7.87,-5.43) speed= 9.6m/s  roll= -6.6 pitch=  0.7
  [78/180] yaw=156.0 wind=(-3.93,-8.71) speed= 9.6m/s  roll= -5.5 pitch=  4.1
  [79/180] yaw=156.0 wind=( 2.99,-0.96) speed= 3.1m/s  roll=  1.9 pitch=  1.5
  [80/180] yaw=156.0 wind=(-0.77,-1.35) speed= 1.6m/s  roll= -0.8 pitch=  0.5
  [81/180] yaw=156.0 wind=(-0.30,-0.10) speed= 0.3m/s  roll= -0.4 pitch= -0.1
  [82/180] yaw=156.0 wind=( 2.33,-1.14) speed= 2.6m/s  roll=  1.2 pitch=  1.4
  [83/180] yaw=156.0 wind=(-2.24, 6.00) speed= 6.4m/s  roll=  0.2 pitch= -4.6
  [84/180] yaw=156.0 wind=(-0.11,-0.43) speed= 0.4m/s  roll= -0.4 pitch=  0.4
  [85/180] yaw=156.0 wind=( 8.03,-0.67) speed= 8.1m/s  roll=  4.9 pitch=  2.7
  [86/180] yaw=156.0 wind=(-2.76,-0.11) speed= 2.8m/s  roll= -1.7 pitch= -0.8
  [87/180] yaw=156.0 wind=( 5.16, 5.19) speed= 7.3m/s  roll=  4.8 pitch= -2.0
  [88/180] yaw=156.0 wind=( 0.94, 4.16) speed= 4.3m/s  roll=  1.5 pitch= -2.5
  [89/180] yaw=156.0 wind=( 8.24,-0.45) speed= 8.3m/s  roll=  5.2 pitch=  2.5
  [90/180] yaw=156.0 wind=( 0.54, 3.93) speed= 4.0m/s  roll=  1.2 pitch= -2.3

============================================================
=== yaw 7/12: 목표 186도로 회전 중 (현재 156.0도) ===
============================================================
  -> yaw -174.6도로 안정화
  [91/180] yaw=-174.0 wind=(-4.26,-3.84) speed= 5.7m/s  roll= -2.8 pitch=  2.9
  [92/180] yaw=-174.0 wind=( 9.39, 0.25) speed= 9.4m/s  roll=  6.6 pitch= -0.9
  [93/180] yaw=-174.0 wind=( 0.05,-0.27) speed= 0.3m/s  roll=  0.2 pitch=  0.2
  [94/180] yaw=-174.0 wind=( 2.60,-0.33) speed= 2.6m/s  roll=  1.8 pitch=  0.1
  [95/180] yaw=-174.0 wind=(-1.42, 3.03) speed= 3.3m/s  roll= -1.3 pitch= -1.9
  [96/180] yaw=-174.0 wind=(-1.74,-2.20) speed= 2.8m/s  roll= -1.5 pitch=  1.8
  [97/180] yaw=-174.0 wind=(-0.15, 1.14) speed= 1.1m/s  roll= -0.3 pitch= -1.0
  [98/180] yaw=-174.0 wind=( 3.37,-1.87) speed= 3.9m/s  roll=  2.5 pitch=  1.3
  [99/180] yaw=-174.0 wind=( 5.96, 5.10) speed= 7.8m/s  roll=  3.8 pitch= -4.1
  [100/180] yaw=-174.0 wind=(-2.72,-3.14) speed= 4.2m/s  roll= -1.9 pitch=  2.3
  [101/180] yaw=-174.0 wind=( 0.36,-0.47) speed= 0.6m/s  roll=  0.2 pitch=  0.2
  [102/180] yaw=-174.0 wind=( 3.60,-8.86) speed= 9.6m/s  roll=  2.5 pitch=  6.2
  [103/180] yaw=-174.0 wind=( 0.61,-6.63) speed= 6.7m/s  roll=  0.4 pitch=  4.8
  [104/180] yaw=-174.0 wind=( 3.76, 6.95) speed= 7.9m/s  roll=  2.1 pitch= -5.0
  [105/180] yaw=-174.0 wind=( 2.57,-0.99) speed= 2.8m/s  roll=  2.0 pitch=  0.5

============================================================
=== yaw 8/12: 목표 216도로 회전 중 (현재 -174.0도) ===
============================================================
  -> yaw -144.5도로 안정화
  [106/180] yaw=-144.0 wind=(-4.35,-7.96) speed= 9.1m/s  roll=  0.7 pitch=  6.3
  [107/180] yaw=-144.0 wind=( 4.34,-2.27) speed= 4.9m/s  roll=  3.3 pitch= -0.6
  [108/180] yaw=-144.0 wind=( 0.03, 9.74) speed= 9.7m/s  roll= -4.4 pitch= -5.3
  [109/180] yaw=-144.0 wind=(-2.37, 4.28) speed= 4.9m/s  roll= -3.2 pitch= -1.1
  [110/180] yaw=-144.0 wind=(-2.31,-3.54) speed= 4.2m/s  roll= -3.4 pitch= -1.3
  [111/180] yaw=-144.0 wind=( 1.18, 4.59) speed= 4.7m/s  roll= -1.2 pitch= -2.9
  [112/180] yaw=-144.0 wind=( 1.87,-0.11) speed= 1.9m/s  roll=  0.9 pitch= -0.6
  [113/180] yaw=-144.0 wind=(-1.23,-1.85) speed= 2.2m/s  roll=  0.2 pitch=  1.6
  [114/180] yaw=-144.0 wind=( 1.68, 4.52) speed= 4.8m/s  roll= -1.3 pitch= -3.0
  [115/180] yaw=-144.0 wind=(-0.57,-0.01) speed= 0.6m/s  roll= -0.3 pitch=  0.2
  [116/180] yaw=-144.0 wind=(-1.13, 0.09) speed= 1.1m/s  roll= -0.6 pitch=  0.5
  [117/180] yaw=-144.0 wind=( 2.27,-3.84) speed= 4.5m/s  roll=  2.9 pitch=  1.1
  [118/180] yaw=-144.0 wind=(-7.46, 6.51) speed= 9.9m/s  roll= -6.7 pitch=  0.1
  [119/180] yaw=-144.0 wind=( 4.69,-0.67) speed= 4.7m/s  roll=  3.1 pitch= -1.9
  [120/180] yaw=-144.0 wind=(-0.42, 2.88) speed= 2.9m/s  roll= -1.4 pitch= -1.3

============================================================
=== yaw 9/12: 목표 246도로 회전 중 (현재 -144.0도) ===
============================================================
  -> yaw -116.3도로 안정화
  [121/180] yaw=-114.0 wind=( 4.41,-1.44) speed= 4.6m/s  roll=  2.1 pitch= -2.5
  [122/180] yaw=-114.0 wind=(-0.08,-0.21) speed= 0.2m/s  roll=  0.2 pitch=  0.1
  [123/180] yaw=-114.0 wind=( 0.86,-8.40) speed= 8.4m/s  roll=  5.6 pitch=  1.8
  [124/180] yaw=-114.0 wind=( 0.44,-2.87) speed= 2.9m/s  roll=  1.9 pitch=  0.6
  [125/180] yaw=-114.0 wind=( 7.58,-2.25) speed= 7.9m/s  roll=  3.5 pitch= -4.4
  [126/180] yaw=-114.0 wind=(-6.43,-5.25) speed= 8.3m/s  roll=  1.5 pitch=  5.7
  [127/180] yaw=-114.0 wind=(-8.95, 0.21) speed= 9.0m/s  roll= -2.1 pitch=  6.0
  [128/180] yaw=-114.0 wind=(-1.96,-5.71) speed= 6.0m/s  roll=  3.5 pitch=  2.4
  [129/180] yaw=-114.0 wind=(-4.89, 7.73) speed= 9.1m/s  roll= -6.0 pitch=  2.0
  [130/180] yaw=-114.0 wind=(-2.77,-0.82) speed= 2.9m/s  roll=  0.0 pitch=  2.1
  [131/180] yaw=-114.0 wind=( 1.70, 0.69) speed= 1.8m/s  roll= -0.0 pitch= -1.3
  [132/180] yaw=-113.9 wind=( 1.30, 8.92) speed= 9.0m/s  roll= -4.9 pitch= -3.8
  [133/180] yaw=-114.0 wind=(-7.43,-0.66) speed= 7.5m/s  roll= -2.7 pitch=  4.7
  [134/180] yaw=-114.0 wind=(-2.47,-3.75) speed= 4.5m/s  roll=  1.0 pitch=  2.8
  [135/180] yaw=-114.0 wind=(-2.16, 0.40) speed= 2.2m/s  roll= -1.1 pitch=  0.9

============================================================
=== yaw 10/12: 목표 276도로 회전 중 (현재 -114.0도) ===
============================================================
  -> yaw -84.3도로 안정화
  [136/180] yaw=-84.0 wind=(-2.88, 4.39) speed= 5.3m/s  roll= -3.6 pitch=  1.4
  [137/180] yaw=-84.0 wind=(-0.08, 0.63) speed= 0.6m/s  roll= -0.6 pitch=  0.1
  [138/180] yaw=-84.0 wind=(-5.10, 0.66) speed= 5.1m/s  roll= -1.6 pitch=  3.1
  [139/180] yaw=-84.0 wind=( 3.66, 4.02) speed= 5.4m/s  roll= -2.3 pitch= -3.5
  [140/180] yaw=-84.0 wind=(-6.89, 5.57) speed= 8.9m/s  roll= -4.6 pitch=  4.1
  [141/180] yaw=-84.0 wind=( 3.75, 3.77) speed= 5.3m/s  roll= -2.3 pitch= -3.0
  [142/180] yaw=-84.0 wind=(-4.92, 0.73) speed= 5.0m/s  roll= -1.1 pitch=  3.4
  [143/180] yaw=-84.0 wind=( 1.58, 8.37) speed= 8.5m/s  roll= -5.6 pitch= -1.5
  [144/180] yaw=-84.0 wind=(-5.39, 0.02) speed= 5.4m/s  roll= -0.4 pitch=  4.0
  [145/180] yaw=-84.0 wind=(-8.29, 3.48) speed= 9.0m/s  roll= -2.3 pitch=  5.6
  [146/180] yaw=-84.0 wind=(-5.38, 0.25) speed= 5.4m/s  roll= -0.3 pitch=  3.7
  [147/180] yaw=-84.0 wind=(-0.39, 1.47) speed= 1.5m/s  roll= -0.9 pitch=  0.2
  [148/180] yaw=-84.0 wind=(-7.42,-4.65) speed= 8.8m/s  roll=  3.0 pitch=  5.2
  [149/180] yaw=-84.0 wind=( 7.88, 3.86) speed= 8.8m/s  roll= -3.3 pitch= -5.2
  [150/180] yaw=-84.0 wind=( 2.45, 0.51) speed= 2.5m/s  roll= -0.3 pitch= -1.9

============================================================
=== yaw 11/12: 목표 306도로 회전 중 (현재 -84.0도) ===
============================================================
  -> yaw -54.6도로 안정화
  [151/180] yaw=-54.0 wind=(-4.47,-3.45) speed= 5.6m/s  roll=  3.9 pitch=  1.1
  [152/180] yaw=-54.0 wind=(-0.39, 5.18) speed= 5.2m/s  roll= -2.4 pitch=  2.4
  [153/180] yaw=-54.0 wind=(-7.33, 3.45) speed= 8.1m/s  roll=  1.5 pitch=  5.5
  [154/180] yaw=-54.1 wind=(-1.76,-3.94) speed= 4.3m/s  roll=  2.9 pitch= -0.9
  [155/180] yaw=-54.0 wind=(-0.69,-2.22) speed= 2.3m/s  roll=  1.5 pitch= -0.9
  [156/180] yaw=-54.0 wind=( 0.08, 0.80) speed= 0.8m/s  roll= -0.2 pitch=  0.4
  [157/180] yaw=-54.1 wind=( 5.79,-5.09) speed= 7.7m/s  roll= -0.2 pitch= -5.3
  [158/180] yaw=-54.0 wind=( 7.62, 6.43) speed=10.0m/s  roll= -0.3 pitch= -5.5
  [159/180] yaw=-54.0 wind=( 1.42,-2.40) speed= 2.8m/s  roll=  0.7 pitch= -1.8
  [160/180] yaw=-54.0 wind=(-6.90, 3.52) speed= 7.7m/s  roll=  1.5 pitch=  5.2
  [161/180] yaw=-54.0 wind=( 2.47, 5.03) speed= 5.6m/s  roll= -3.7 pitch=  1.3
  [162/180] yaw=-54.0 wind=(-5.73, 0.39) speed= 5.7m/s  roll=  2.7 pitch=  3.1
  [163/180] yaw=-54.0 wind=(-1.57, 2.00) speed= 2.5m/s  roll= -0.3 pitch=  1.9
  [164/180] yaw=-54.0 wind=(-4.96,-3.22) speed= 5.9m/s  roll=  3.8 pitch=  1.3
  [165/180] yaw=-53.9 wind=(-6.11, 1.98) speed= 6.4m/s  roll=  1.6 pitch=  4.3

============================================================
=== yaw 12/12: 목표 336도로 회전 중 (현재 -54.0도) ===
============================================================
  -> yaw -24.8도로 안정화
  [166/180] yaw=-24.0 wind=(-0.36, 0.15) speed= 0.4m/s  roll=  0.3 pitch=  0.3
  [167/180] yaw=-24.0 wind=(-2.51, 0.66) speed= 2.6m/s  roll=  1.6 pitch=  1.3
  [168/180] yaw=-24.0 wind=(-1.09,-0.98) speed= 1.5m/s  roll=  0.7 pitch= -0.3
  [169/180] yaw=-23.9 wind=( 4.02, 4.02) speed= 5.7m/s  roll= -3.8 pitch=  1.6
  [170/180] yaw=-24.1 wind=( 4.18,-6.87) speed= 8.0m/s  roll= -1.6 pitch= -5.1
  [171/180] yaw=-23.9 wind=( 0.59, 1.85) speed= 1.9m/s  roll= -0.8 pitch=  1.3
  [172/180] yaw=-24.0 wind=( 3.94, 3.20) speed= 5.1m/s  roll= -3.5 pitch=  0.9
  [173/180] yaw=-24.1 wind=( 0.50,-7.40) speed= 7.4m/s  roll=  1.0 pitch= -4.9
  [174/180] yaw=-24.0 wind=(-8.38, 1.46) speed= 8.5m/s  roll=  5.7 pitch=  2.3
  [175/180] yaw=-24.0 wind=(-7.97, 3.94) speed= 8.9m/s  roll=  4.8 pitch=  3.6
  [176/180] yaw=-24.0 wind=( 4.34, 2.53) speed= 5.0m/s  roll= -3.5 pitch=  1.0
  [177/180] yaw=-24.0 wind=( 4.59, 2.76) speed= 5.4m/s  roll= -3.2 pitch=  1.4
  [178/180] yaw=-24.0 wind=( 3.51, 7.86) speed= 8.6m/s  roll= -3.2 pitch=  5.2
  [179/180] yaw=-24.0 wind=(-3.25,-2.82) speed= 4.3m/s  roll=  2.6 pitch= -1.3
  [180/180] yaw=-24.0 wind=( 5.20,-6.88) speed= 8.6m/s  roll= -2.3 pitch= -5.5

데이터 수집 완료. CSV 저장됨: ../../logs/wind_random_20260812_025018_yaw6p0_n12x15_speed0-10_seed4042.csv
[송신 간격 통계] 목표=50ms  평균=50.0ms  최대=64.8ms  임계치 초과=0/65198

--- Offboard 종료 ---

--- Landing ---
-> 착륙 완료 및 디스암 확인

무작위 바람 데이터 수집 완료.
  [수집] 세션 4 완료 (시도 1/3)
  [그래프] /home/ssh2003/MyProjects/quad-pinn-project/logs/wind_random_20260812_025018_yaw6p0_n12x15_speed0-10_seed4042.csv 요약 PNG 생성 중...
    findfont: Failed to find font weight normal, now using 100.
    /home/ssh2003/MyProjects/quad-pinn-project/sim_scripts/data_collection/plot_session_grid.py:106: UserWarning: This figure includes Axes that are not compatible with tight_layout, so results might be incorrect.
      fig.tight_layout(rect=[0, 0, 0.92, 0.94])
    findfont: Failed to find font weight normal, now using 100.
    findfont: Failed to find font weight normal, now using 100.
    findfont: Failed to find font weight normal, now using 100.
    findfont: Failed to find font weight normal, now using 100.
    저장됨: /home/ssh2003/MyProjects/quad-pinn-project/figures/wind_random_20260812_000029_n12x15_td15/session_wind_random_20260812_025018_yaw6p0_n12x15_speed0-10_seed4042.png

############################################################
# 세션 5/15
############################################################
  [SITL] 기존 프로세스 정리 중 (정상종료 시도)...
Terminated
  [SITL] 강제 정리 (남아있는 프로세스 있으면)...
  [SITL] 재시작 중...
  [SITL] px4 프로세스 감지됨 (1s). 안정화 대기 15s...
  [수집] 시작 (seed=5042, yaw-offset=8.000도, 시도 1/3, 타임아웃 4196초)
PX4 SITL에 연결 시도 중...
-> 드론에 연결됨!
GPS/홈 위치 확인 중...
-> 전역 위치 및 홈 위치 준비 완료

[확인] PX4 SITL이 'windy' 월드로 실행 중인지 확인할 것.

--- Arming ---
-> Armed

--- Takeoff ---
  안전 고도(1.5m) 도달 대기 중...
  -> 안전 고도 도달 (relative_altitude=1.50m)

--- Offboard 진입 준비: 초기 setpoint(현재 위치 고정) 전송 ---

--- Offboard 모드 시작 ---

CSV 로그 저장 경로: ../../logs/wind_random_20260812_034645_yaw8p0_n12x15_speed0-10_seed5042.csv

yaw 12방향(offset=8.0도) x 방향당 바람조건 15개 = 총 180개 수집 시작 (조건당 15초, 예상 총 소요 51.0분 + yaw 회전 시간)

============================================================
=== yaw 1/12: 목표 8도로 회전 중 (현재 91.3도) ===
============================================================
  -> yaw 6.6도로 안정화
  [1/180] yaw=  8.0 wind=( 2.03,-0.68) speed= 2.1m/s  roll= -3.2 pitch=  1.8
  [2/180] yaw=  8.0 wind=( 3.40, 4.06) speed= 5.3m/s  roll= -2.3 pitch=  2.7
  [3/180] yaw=  7.9 wind=( 5.44,-5.03) speed= 7.4m/s  roll= -4.3 pitch= -2.6
  [4/180] yaw=  8.2 wind=(-0.01, 0.07) speed= 0.1m/s  roll= -0.3 pitch=  0.1
  [5/180] yaw=  8.0 wind=( 3.59,-6.89) speed= 7.8m/s  roll= -3.4 pitch= -4.5
  [6/180] yaw=  8.0 wind=( 2.64,-8.81) speed= 9.2m/s  roll= -3.5 pitch= -5.7
  [7/180] yaw=  8.0 wind=( 1.20, 6.38) speed= 6.5m/s  roll=  0.6 pitch=  4.3
  [8/180] yaw=  8.0 wind=( 5.83,-4.07) speed= 7.1m/s  roll= -4.9 pitch= -1.7
  [9/180] yaw=  8.0 wind=(-0.72, 7.31) speed= 7.3m/s  roll=  2.2 pitch=  4.5
  [10/180] yaw=  8.0 wind=(-9.97,-0.06) speed=10.0m/s  roll=  6.8 pitch= -1.4
  [11/180] yaw=  8.0 wind=(-1.14,-1.13) speed= 1.6m/s  roll=  0.6 pitch= -1.2
  [12/180] yaw=  8.0 wind=(-5.53,-4.42) speed= 7.1m/s  roll=  3.1 pitch= -4.2
  [13/180] yaw=  8.0 wind=( 3.71, 5.90) speed= 7.0m/s  roll= -1.7 pitch=  4.7
  [14/180] yaw=  8.0 wind=(-2.12, 2.82) speed= 3.5m/s  roll=  2.1 pitch=  1.2
  [15/180] yaw=  8.0 wind=(-4.15, 3.30) speed= 5.3m/s  roll=  3.4 pitch=  1.1

============================================================
=== yaw 2/12: 목표 38도로 회전 중 (현재 8.0도) ===
============================================================
  -> yaw 36.2도로 안정화
  [16/180] yaw= 38.0 wind=( 3.45,-0.65) speed= 3.5m/s  roll= -2.0 pitch=  0.9
  [17/180] yaw= 38.0 wind=( 0.06, 0.03) speed= 0.1m/s  roll= -0.1 pitch=  0.2
  [18/180] yaw= 38.0 wind=(-3.99,-6.51) speed= 7.6m/s  roll= -1.0 pitch= -5.5
  [19/180] yaw= 38.0 wind=(-2.89, 0.13) speed= 2.9m/s  roll=  1.7 pitch= -1.5
  [20/180] yaw= 38.0 wind=( 6.91,-4.92) speed= 8.5m/s  roll= -5.9 pitch=  0.5
  [21/180] yaw= 38.0 wind=( 3.33,-7.00) speed= 7.7m/s  roll= -4.9 pitch= -2.1
  [22/180] yaw= 38.0 wind=(-1.94, 1.96) speed= 2.8m/s  roll=  1.8 pitch= -0.1
  [23/180] yaw= 38.0 wind=(-6.28,-1.86) speed= 6.6m/s  roll=  2.5 pitch= -3.9
  [24/180] yaw= 38.0 wind=( 8.30, 5.06) speed= 9.7m/s  roll= -2.1 pitch=  6.2
  [25/180] yaw= 38.0 wind=(-7.72, 4.75) speed= 9.1m/s  roll=  6.1 pitch= -1.3
  [26/180] yaw= 38.0 wind=( 1.58,-1.83) speed= 2.4m/s  roll= -1.9 pitch= -0.3
  [27/180] yaw= 38.0 wind=( 0.05, 2.49) speed= 2.5m/s  roll=  1.0 pitch=  1.3
  [28/180] yaw= 38.0 wind=(-2.46, 1.63) speed= 2.9m/s  roll=  2.0 pitch= -0.5
  [29/180] yaw= 38.0 wind=(-1.52, 8.17) speed= 8.3m/s  roll=  4.2 pitch=  3.6
  [30/180] yaw= 38.0 wind=(-3.38, 6.77) speed= 7.6m/s  roll=  4.6 pitch=  2.5

============================================================
=== yaw 3/12: 목표 68도로 회전 중 (현재 38.0도) ===
============================================================
  -> yaw 66.7도로 안정화
  [31/180] yaw= 68.0 wind=( 1.00,-2.20) speed= 2.4m/s  roll= -1.6 pitch= -0.0
  [32/180] yaw= 68.0 wind=(-3.11, 5.96) speed= 6.7m/s  roll=  4.8 pitch= -0.3
  [33/180] yaw= 68.0 wind=( 5.22,-1.12) speed= 5.3m/s  roll= -2.4 pitch=  2.8
  [34/180] yaw= 68.0 wind=(-4.87,-1.76) speed= 5.2m/s  roll=  0.6 pitch= -3.8
  [35/180] yaw= 68.0 wind=( 7.22, 2.02) speed= 7.5m/s  roll= -0.7 pitch=  5.0
  [36/180] yaw= 68.0 wind=(-4.29, 6.07) speed= 7.4m/s  roll=  5.0 pitch= -1.5
  [37/180] yaw= 68.0 wind=( 1.98,-7.15) speed= 7.4m/s  roll= -5.2 pitch= -1.2
  [38/180] yaw= 68.0 wind=( 7.99,-2.54) speed= 8.4m/s  roll= -3.9 pitch=  4.0
  [39/180] yaw= 68.0 wind=( 6.30, 0.50) speed= 6.3m/s  roll= -1.7 pitch=  4.0
  [40/180] yaw= 68.0 wind=( 6.19, 1.57) speed= 6.4m/s  roll= -1.1 pitch=  4.5
  [41/180] yaw= 68.0 wind=( 4.62,-3.20) speed= 5.6m/s  roll= -3.6 pitch=  1.8
  [42/180] yaw= 68.0 wind=(-4.13, 7.72) speed= 8.8m/s  roll=  6.0 pitch= -1.0
  [43/180] yaw= 68.0 wind=(-1.93, 9.07) speed= 9.3m/s  roll=  6.6 pitch=  0.8
  [44/180] yaw= 68.0 wind=( 1.34, 3.53) speed= 3.8m/s  roll=  2.0 pitch=  1.7
  [45/180] yaw= 68.0 wind=(-3.53,-5.55) speed= 6.6m/s  roll= -2.6 pitch= -3.8

============================================================
=== yaw 4/12: 목표 98도로 회전 중 (현재 68.0도) ===
============================================================
  -> yaw 97.8도로 안정화
  [46/180] yaw= 98.0 wind=( 0.47,-2.23) speed= 2.3m/s  roll= -1.7 pitch=  0.4
  [47/180] yaw= 98.0 wind=(-7.21, 2.45) speed= 7.6m/s  roll=  0.6 pitch= -5.5
  [48/180] yaw= 98.0 wind=( 6.47,-6.70) speed= 9.3m/s  roll= -4.4 pitch=  4.8
  [49/180] yaw= 98.0 wind=( 0.26, 6.31) speed= 6.3m/s  roll=  4.5 pitch= -0.3
  [50/180] yaw= 98.0 wind=( 1.35, 0.14) speed= 1.4m/s  roll=  0.1 pitch=  0.8
  [51/180] yaw= 98.0 wind=(-1.02,-8.53) speed= 8.6m/s  roll= -5.8 pitch= -0.3
  [52/180] yaw= 98.0 wind=( 2.53, 1.78) speed= 3.1m/s  roll=  1.3 pitch=  1.3
  [53/180] yaw= 98.0 wind=( 1.63,-1.19) speed= 2.0m/s  roll= -0.6 pitch=  1.2
  [54/180] yaw= 98.0 wind=(-0.91,-4.43) speed= 4.5m/s  roll= -3.0 pitch= -0.1
  [55/180] yaw= 98.0 wind=(-1.67, 2.96) speed= 3.4m/s  roll=  1.5 pitch= -1.7
  [56/180] yaw= 98.0 wind=(-2.71, 8.15) speed= 8.6m/s  roll=  5.1 pitch= -3.4
  [57/180] yaw= 98.0 wind=(-6.52, 6.47) speed= 9.2m/s  roll=  3.3 pitch= -5.6
  [58/180] yaw= 98.0 wind=( 6.99,-4.11) speed= 8.1m/s  roll= -2.6 pitch=  5.1
  [59/180] yaw= 98.0 wind=( 2.06, 3.29) speed= 3.9m/s  roll=  2.6 pitch=  1.1
  [60/180] yaw= 98.0 wind=(-3.07,-0.27) speed= 3.1m/s  roll= -0.3 pitch= -2.4

============================================================
=== yaw 5/12: 목표 128도로 회전 중 (현재 98.0도) ===
============================================================
  -> yaw 125.8도로 안정화
  [61/180] yaw=128.0 wind=( 0.28,-0.25) speed= 0.4m/s  roll=  0.1 pitch=  0.0
  [62/180] yaw=128.0 wind=( 0.97, 9.42) speed= 9.5m/s  roll=  5.5 pitch= -3.7
  [63/180] yaw=128.0 wind=( 3.53, 1.36) speed= 3.8m/s  roll=  2.2 pitch=  1.2
  [64/180] yaw=128.0 wind=(-1.61, 0.55) speed= 1.7m/s  roll= -0.4 pitch= -1.1
  [65/180] yaw=128.0 wind=(-0.37,-0.04) speed= 0.4m/s  roll= -0.1 pitch= -0.3
  [66/180] yaw=127.9 wind=(-0.04,-0.04) speed= 0.1m/s  roll= -0.4 pitch= -0.1
  [67/180] yaw=128.0 wind=(-0.06,-0.21) speed= 0.2m/s  roll= -0.0 pitch=  0.1
  [68/180] yaw=128.0 wind=( 1.28, 0.45) speed= 1.4m/s  roll=  0.7 pitch=  0.2
  [69/180] yaw=128.0 wind=( 3.23,-6.33) speed= 7.1m/s  roll= -2.1 pitch=  4.3
  [70/180] yaw=128.0 wind=(-2.23,-1.31) speed= 2.6m/s  roll= -1.7 pitch= -0.6
  [71/180] yaw=128.0 wind=(-0.51,-3.34) speed= 3.4m/s  roll= -2.1 pitch=  0.9
  [72/180] yaw=128.0 wind=(-4.50,-3.29) speed= 5.6m/s  roll= -3.8 pitch= -1.3
  [73/180] yaw=128.0 wind=(-1.96, 0.50) speed= 2.0m/s  roll= -0.9 pitch= -1.3
  [74/180] yaw=128.0 wind=( 2.81, 5.05) speed= 5.8m/s  roll=  3.9 pitch= -0.9
  [75/180] yaw=128.0 wind=( 4.25,-1.15) speed= 4.4m/s  roll=  1.3 pitch=  2.7

============================================================
=== yaw 6/12: 목표 158도로 회전 중 (현재 128.0도) ===
============================================================
  -> yaw 157.4도로 안정화
  [76/180] yaw=158.0 wind=( 7.99,-5.79) speed= 9.9m/s  roll=  4.0 pitch=  5.5
  [77/180] yaw=158.0 wind=(-1.47, 1.55) speed= 2.1m/s  roll= -0.6 pitch= -1.3
  [78/180] yaw=158.0 wind=(-2.82,-7.68) speed= 8.2m/s  roll= -3.9 pitch=  4.1
  [79/180] yaw=158.0 wind=( 5.30, 3.73) speed= 6.5m/s  roll=  4.3 pitch= -1.2
  [80/180] yaw=158.0 wind=( 4.37, 5.52) speed= 7.0m/s  roll=  4.2 pitch= -2.7
  [81/180] yaw=158.0 wind=(-1.66, 1.44) speed= 2.2m/s  roll= -0.7 pitch= -1.4
  [82/180] yaw=158.0 wind=( 4.82, 8.05) speed= 9.4m/s  roll=  5.1 pitch= -4.3
  [83/180] yaw=158.0 wind=(-0.68, 0.21) speed= 0.7m/s  roll= -0.3 pitch= -0.5
  [84/180] yaw=158.0 wind=(-4.98, 5.51) speed= 7.4m/s  roll= -2.1 pitch= -4.9
  [85/180] yaw=158.0 wind=( 1.42,-2.27) speed= 2.7m/s  roll=  0.3 pitch=  1.8
  [86/180] yaw=158.0 wind=(-0.20, 0.24) speed= 0.3m/s  roll=  0.1 pitch= -0.3
  [87/180] yaw=158.0 wind=(-0.67, 1.41) speed= 1.6m/s  roll= -0.1 pitch= -1.2
  [88/180] yaw=158.0 wind=( 4.02, 6.81) speed= 7.9m/s  roll=  4.6 pitch= -3.0
  [89/180] yaw=158.0 wind=(-2.35,-5.77) speed= 6.2m/s  roll= -3.3 pitch=  3.0
  [90/180] yaw=158.0 wind=( 8.79, 0.22) speed= 8.8m/s  roll=  5.4 pitch=  2.5

============================================================
=== yaw 7/12: 목표 188도로 회전 중 (현재 158.0도) ===
============================================================
  -> yaw -173.4도로 안정화
  [91/180] yaw=-172.0 wind=(-7.34,-5.69) speed= 9.3m/s  roll= -4.9 pitch=  4.4
  [92/180] yaw=-172.0 wind=(-6.15,-5.52) speed= 8.3m/s  roll= -4.4 pitch=  4.2
  [93/180] yaw=-172.0 wind=(-3.01, 0.72) speed= 3.1m/s  roll= -2.2 pitch= -0.5
  [94/180] yaw=-172.1 wind=( 7.94,-4.40) speed= 9.1m/s  roll=  5.8 pitch=  2.2
  [95/180] yaw=-171.9 wind=( 3.20, 5.81) speed= 6.6m/s  roll=  2.2 pitch= -4.0
  [96/180] yaw=-172.0 wind=( 6.63, 5.16) speed= 8.4m/s  roll=  4.8 pitch= -3.6
  [97/180] yaw=-172.0 wind=( 1.81, 4.66) speed= 5.0m/s  roll=  1.4 pitch= -3.4
  [98/180] yaw=-172.1 wind=( 6.92,-2.59) speed= 7.4m/s  roll=  5.2 pitch=  1.3
  [99/180] yaw=-172.0 wind=(-2.52,-0.80) speed= 2.6m/s  roll= -1.8 pitch=  0.9
  [100/180] yaw=-172.0 wind=(-1.22, 0.76) speed= 1.4m/s  roll= -1.1 pitch= -0.7
  [101/180] yaw=-172.0 wind=(-5.32,-1.32) speed= 5.5m/s  roll= -3.6 pitch=  1.2
  [102/180] yaw=-172.1 wind=( 3.69,-5.95) speed= 7.0m/s  roll=  3.3 pitch=  3.7
  [103/180] yaw=-171.9 wind=( 5.02, 0.36) speed= 5.0m/s  roll=  3.8 pitch= -0.8
  [104/180] yaw=-171.9 wind=(-1.43, 7.73) speed= 7.9m/s  roll= -1.0 pitch= -5.6
  [105/180] yaw=-172.1 wind=( 1.82, 4.71) speed= 5.0m/s  roll=  1.4 pitch= -3.2

============================================================
=== yaw 8/12: 목표 218도로 회전 중 (현재 -172.1도) ===
============================================================
  -> yaw -144.3도로 안정화
  [106/180] yaw=-142.1 wind=(-0.42, 0.25) speed= 0.5m/s  roll= -0.3 pitch=  0.1
  [107/180] yaw=-142.0 wind=( 1.03, 1.36) speed= 1.7m/s  roll=  0.3 pitch= -1.2
  [108/180] yaw=-142.0 wind=(-3.23,-2.12) speed= 3.9m/s  roll= -0.7 pitch=  2.5
  [109/180] yaw=-142.0 wind=( 0.54, 0.58) speed= 0.8m/s  roll=  0.1 pitch= -0.7
  [110/180] yaw=-141.9 wind=( 1.59, 8.76) speed= 8.9m/s  roll= -1.7 pitch= -5.9
  [111/180] yaw=-142.1 wind=(-0.04,-0.90) speed= 0.9m/s  roll=  0.2 pitch=  0.5
  [112/180] yaw=-142.0 wind=(-4.88,-1.37) speed= 5.1m/s  roll= -2.4 pitch=  2.6
  [113/180] yaw=-142.1 wind=( 0.13,-9.84) speed= 9.8m/s  roll=  4.8 pitch=  4.8
  [114/180] yaw=-141.9 wind=(-0.48,-0.10) speed= 0.5m/s  roll= -0.3 pitch=  0.2
  [115/180] yaw=-142.0 wind=( 9.79,-1.73) speed= 9.9m/s  roll=  6.0 pitch= -3.5
  [116/180] yaw=-142.0 wind=( 4.93,-0.68) speed= 5.0m/s  roll=  3.2 pitch= -2.0
  [117/180] yaw=-142.0 wind=( 4.62, 2.38) speed= 5.2m/s  roll=  1.8 pitch= -3.2
  [118/180] yaw=-142.0 wind=( 7.84, 1.58) speed= 8.0m/s  roll=  3.8 pitch= -3.9
  [119/180] yaw=-142.0 wind=(-1.08,-0.35) speed= 1.1m/s  roll= -0.4 pitch=  0.6
  [120/180] yaw=-142.1 wind=(-4.05,-6.14) speed= 7.4m/s  roll=  0.5 pitch=  5.1

============================================================
=== yaw 9/12: 목표 248도로 회전 중 (현재 -142.0도) ===
============================================================
  -> yaw -112.5도로 안정화
  [121/180] yaw=-111.9 wind=( 5.95, 4.40) speed= 7.4m/s  roll= -1.1 pitch= -5.0
  [122/180] yaw=-112.0 wind=(-7.82,-3.25) speed= 8.5m/s  roll= -0.4 pitch=  5.9
  [123/180] yaw=-112.0 wind=( 1.97,-0.44) speed= 2.0m/s  roll=  1.1 pitch= -1.3
  [124/180] yaw=-112.0 wind=(-2.29, 2.77) speed= 3.6m/s  roll= -2.4 pitch=  0.6
  [125/180] yaw=-112.0 wind=( 1.94,-6.36) speed= 6.7m/s  roll=  4.6 pitch=  0.7
  [126/180] yaw=-112.0 wind=( 2.77,-0.66) speed= 2.8m/s  roll=  1.4 pitch= -1.6
  [127/180] yaw=-112.0 wind=(-3.93, 7.25) speed= 8.2m/s  roll= -5.5 pitch=  0.1
  [128/180] yaw=-112.0 wind=(-4.79, 5.11) speed= 7.0m/s  roll= -4.4 pitch=  1.5
  [129/180] yaw=-112.0 wind=(-0.56,-9.87) speed= 9.9m/s  roll=  5.6 pitch=  3.5
  [130/180] yaw=-112.0 wind=(-6.73,-0.98) speed= 6.8m/s  roll= -1.5 pitch=  4.5
  [131/180] yaw=-112.0 wind=(-0.40, 1.63) speed= 1.7m/s  roll= -1.2 pitch= -0.3
  [132/180] yaw=-112.0 wind=(-1.05, 6.78) speed= 6.9m/s  roll= -4.6 pitch= -1.4
  [133/180] yaw=-112.0 wind=(-1.98, 4.83) speed= 5.2m/s  roll= -3.8 pitch= -0.4
  [134/180] yaw=-112.0 wind=( 2.55, 1.51) speed= 3.0m/s  roll=  0.0 pitch= -2.2
  [135/180] yaw=-112.0 wind=(-8.50,-1.12) speed= 8.6m/s  roll= -2.1 pitch=  5.6

============================================================
=== yaw 10/12: 목표 278도로 회전 중 (현재 -112.0도) ===
============================================================
  -> yaw -83.7도로 안정화
  [136/180] yaw=-82.0 wind=(-0.40,-1.66) speed= 1.7m/s  roll=  1.1 pitch=  0.2
  [137/180] yaw=-82.0 wind=( 5.17, 8.51) speed=10.0m/s  roll= -6.3 pitch= -2.6
  [138/180] yaw=-82.0 wind=( 0.50, 0.71) speed= 0.9m/s  roll= -0.4 pitch= -0.3
  [139/180] yaw=-82.0 wind=( 0.56,-5.52) speed= 5.5m/s  roll=  3.9 pitch= -1.0
  [140/180] yaw=-82.0 wind=(-2.15, 1.05) speed= 2.4m/s  roll= -0.3 pitch=  1.5
  [141/180] yaw=-82.0 wind=(-0.67, 0.31) speed= 0.7m/s  roll= -0.2 pitch=  0.4
  [142/180] yaw=-82.0 wind=( 5.77,-1.11) speed= 5.9m/s  roll=  0.0 pitch= -4.2
  [143/180] yaw=-82.0 wind=(-5.89, 1.18) speed= 6.0m/s  roll=  0.3 pitch=  4.2
  [144/180] yaw=-82.0 wind=( 1.01,-0.33) speed= 1.1m/s  roll=  0.2 pitch= -0.7
  [145/180] yaw=-82.0 wind=(-6.50,-6.66) speed= 9.3m/s  roll=  5.5 pitch=  3.6
  [146/180] yaw=-82.0 wind=(-6.83,-3.96) speed= 7.9m/s  roll=  3.5 pitch=  4.5
  [147/180] yaw=-82.0 wind=(-0.77, 8.07) speed= 8.1m/s  roll= -5.5 pitch=  2.1
  [148/180] yaw=-82.0 wind=(-5.52, 7.05) speed= 9.0m/s  roll= -3.5 pitch=  5.1
  [149/180] yaw=-82.0 wind=(-8.64, 0.75) speed= 8.7m/s  roll=  1.1 pitch=  5.9
  [150/180] yaw=-82.0 wind=(-3.59,-1.61) speed= 3.9m/s  roll=  1.6 pitch=  2.3

============================================================
=== yaw 11/12: 목표 308도로 회전 중 (현재 -82.0도) ===
============================================================
  -> yaw -54.5도로 안정화
  [151/180] yaw=-52.0 wind=( 2.57, 2.91) speed= 3.9m/s  roll= -2.7 pitch= -0.0
  [152/180] yaw=-52.1 wind=( 3.48,-5.18) speed= 6.2m/s  roll=  0.9 pitch= -4.4
  [153/180] yaw=-51.9 wind=( 4.39, 7.16) speed= 8.4m/s  roll= -5.8 pitch=  0.4
  [154/180] yaw=-52.1 wind=(-0.83, 1.58) speed= 1.8m/s  roll= -0.5 pitch=  1.0
  [155/180] yaw=-52.0 wind=(-3.33,-0.18) speed= 3.3m/s  roll=  1.5 pitch=  1.6
  [156/180] yaw=-52.0 wind=( 2.61,-0.66) speed= 2.7m/s  roll= -0.6 pitch= -1.8
  [157/180] yaw=-52.0 wind=( 8.20,-5.54) speed= 9.9m/s  roll= -1.4 pitch= -6.8
  [158/180] yaw=-51.9 wind=(-6.44,-1.00) speed= 6.5m/s  roll=  3.7 pitch=  2.8
  [159/180] yaw=-51.9 wind=( 0.58, 1.39) speed= 1.5m/s  roll= -1.2 pitch=  0.2
  [160/180] yaw=-52.1 wind=( 3.25,-8.07) speed= 8.7m/s  roll=  2.4 pitch= -5.7
  [161/180] yaw=-51.9 wind=( 0.37, 2.16) speed= 2.2m/s  roll= -1.2 pitch=  0.4
  [162/180] yaw=-52.0 wind=( 4.65,-0.72) speed= 4.7m/s  roll= -1.6 pitch= -2.7
  [163/180] yaw=-51.9 wind=(-7.40, 4.79) speed= 8.8m/s  roll=  0.3 pitch=  6.4
  [164/180] yaw=-52.1 wind=(-5.67, 0.31) speed= 5.7m/s  roll=  2.3 pitch=  3.1
  [165/180] yaw=-52.1 wind=(-3.12,-2.20) speed= 3.8m/s  roll=  2.5 pitch=  0.7

============================================================
=== yaw 12/12: 목표 338도로 회전 중 (현재 -52.1도) ===
============================================================
  -> yaw -24.0도로 안정화
  [166/180] yaw=-22.0 wind=(-5.81,-5.49) speed= 8.0m/s  roll=  4.9 pitch= -2.7
  [167/180] yaw=-22.0 wind=(-2.03,-8.36) speed= 8.6m/s  roll=  2.0 pitch= -5.6
  [168/180] yaw=-21.9 wind=( 0.23, 0.35) speed= 0.4m/s  roll= -0.0 pitch=  0.3
  [169/180] yaw=-21.9 wind=( 4.46, 2.41) speed= 5.1m/s  roll= -3.7 pitch=  0.5
  [170/180] yaw=-22.1 wind=( 1.55,-5.30) speed= 5.5m/s  roll=  0.1 pitch= -3.8
  [171/180] yaw=-22.0 wind=( 0.18, 0.15) speed= 0.2m/s  roll= -0.2 pitch= -0.2
  [172/180] yaw=-22.1 wind=( 3.64,-7.26) speed= 8.1m/s  roll= -1.1 pitch= -5.3
  [173/180] yaw=-22.0 wind=(-0.69, 0.11) speed= 0.7m/s  roll=  0.5 pitch= -0.0
  [174/180] yaw=-22.0 wind=( 4.40,-8.93) speed=10.0m/s  roll= -1.7 pitch= -6.9
  [175/180] yaw=-22.0 wind=( 1.44, 0.07) speed= 1.4m/s  roll= -0.8 pitch= -0.3
  [176/180] yaw=-22.0 wind=(-0.21, 0.10) speed= 0.2m/s  roll=  0.1 pitch= -0.2
  [177/180] yaw=-22.0 wind=( 6.95, 2.30) speed= 7.3m/s  roll= -5.0 pitch=  0.8
  [178/180] yaw=-22.0 wind=( 6.45,-4.55) speed= 7.9m/s  roll= -4.1 pitch= -4.0
  [179/180] yaw=-22.0 wind=( 2.38, 1.77) speed= 3.0m/s  roll= -1.5 pitch=  0.9
  [180/180] yaw=-22.0 wind=( 1.82, 0.32) speed= 1.8m/s  roll= -1.2 pitch= -0.1

데이터 수집 완료. CSV 저장됨: ../../logs/wind_random_20260812_034645_yaw8p0_n12x15_speed0-10_seed5042.csv
[송신 간격 통계] 목표=50ms  평균=50.0ms  최대=65.4ms  임계치 초과=0/65211

--- Offboard 종료 ---

--- Landing ---
-> 착륙 완료 및 디스암 확인

무작위 바람 데이터 수집 완료.
  [수집] 세션 5 완료 (시도 1/3)
  [그래프] /home/ssh2003/MyProjects/quad-pinn-project/logs/wind_random_20260812_034645_yaw8p0_n12x15_speed0-10_seed5042.csv 요약 PNG 생성 중...
    findfont: Failed to find font weight normal, now using 100.
    /home/ssh2003/MyProjects/quad-pinn-project/sim_scripts/data_collection/plot_session_grid.py:106: UserWarning: This figure includes Axes that are not compatible with tight_layout, so results might be incorrect.
      fig.tight_layout(rect=[0, 0, 0.92, 0.94])
    findfont: Failed to find font weight normal, now using 100.
    findfont: Failed to find font weight normal, now using 100.
    findfont: Failed to find font weight normal, now using 100.
    findfont: Failed to find font weight normal, now using 100.
    저장됨: /home/ssh2003/MyProjects/quad-pinn-project/figures/wind_random_20260812_000029_n12x15_td15/session_wind_random_20260812_034645_yaw8p0_n12x15_speed0-10_seed5042.png

############################################################
# 세션 6/15
############################################################
  [SITL] 기존 프로세스 정리 중 (정상종료 시도)...
Terminated
  [SITL] 강제 정리 (남아있는 프로세스 있으면)...
  [SITL] 재시작 중...
  [SITL] px4 프로세스 감지됨 (1s). 안정화 대기 15s...
  [수집] 시작 (seed=6042, yaw-offset=10.000도, 시도 1/3, 타임아웃 4196초)
PX4 SITL에 연결 시도 중...
-> 드론에 연결됨!
GPS/홈 위치 확인 중...
-> 전역 위치 및 홈 위치 준비 완료

[확인] PX4 SITL이 'windy' 월드로 실행 중인지 확인할 것.

--- Arming ---
-> Armed

--- Takeoff ---
  안전 고도(1.5m) 도달 대기 중...
  -> 안전 고도 도달 (relative_altitude=1.51m)

--- Offboard 진입 준비: 초기 setpoint(현재 위치 고정) 전송 ---

--- Offboard 모드 시작 ---

CSV 로그 저장 경로: ../../logs/wind_random_20260812_044305_yaw10p0_n12x15_speed0-10_seed6042.csv

yaw 12방향(offset=10.0도) x 방향당 바람조건 15개 = 총 180개 수집 시작 (조건당 15초, 예상 총 소요 51.0분 + yaw 회전 시간)

============================================================
=== yaw 1/12: 목표 10도로 회전 중 (현재 91.7도) ===
============================================================
  -> yaw 9.3도로 안정화
  [1/180] yaw=  9.9 wind=( 3.47, 6.87) speed= 7.7m/s  roll= -1.9 pitch=  5.0
  [2/180] yaw= 10.0 wind=(-4.90, 1.04) speed= 5.0m/s  roll=  3.4 pitch=  0.6
  [3/180] yaw= 10.0 wind=( 0.70,-0.79) speed= 1.1m/s  roll= -0.7 pitch= -0.6
  [4/180] yaw= 10.0 wind=( 2.69,-6.76) speed= 7.3m/s  roll= -3.2 pitch= -4.3
  [5/180] yaw= 10.2 wind=(-2.59,-2.93) speed= 3.9m/s  roll=  1.0 pitch= -2.8
  [6/180] yaw= 10.1 wind=(-0.15,-0.53) speed= 0.6m/s  roll= -0.0 pitch= -0.6
  [7/180] yaw= 10.3 wind=( 0.50, 6.73) speed= 6.7m/s  roll= -1.0 pitch=  4.3
  [8/180] yaw= 10.0 wind=(-2.29,-7.74) speed= 8.1m/s  roll=  1.9 pitch= -5.5
  [9/180] yaw= 10.0 wind=(-1.32,-9.25) speed= 9.3m/s  roll=  1.4 pitch= -6.3
  [10/180] yaw= 10.0 wind=( 4.48, 0.71) speed= 4.5m/s  roll= -3.3 pitch=  0.1
  [11/180] yaw= 10.0 wind=( 0.98, 6.21) speed= 6.3m/s  roll= -1.1 pitch=  4.1
  [12/180] yaw= 10.0 wind=( 1.30, 4.17) speed= 4.4m/s  roll= -1.4 pitch=  2.5
  [13/180] yaw= 10.0 wind=( 1.37, 0.65) speed= 1.5m/s  roll= -1.2 pitch= -0.0
  [14/180] yaw= 10.0 wind=( 1.92, 1.20) speed= 2.3m/s  roll= -1.9 pitch=  0.3
  [15/180] yaw= 10.0 wind=( 0.13,-0.05) speed= 0.1m/s  roll= -0.2 pitch= -0.1

============================================================
=== yaw 2/12: 목표 40도로 회전 중 (현재 10.0도) ===
============================================================
  -> yaw 38.7도로 안정화
  [16/180] yaw= 40.0 wind=( 0.06, 0.01) speed= 0.1m/s  roll=  0.1 pitch= -0.3
  [17/180] yaw= 40.0 wind=( 7.33, 3.93) speed= 8.3m/s  roll= -3.6 pitch=  4.8
  [18/180] yaw= 40.0 wind=( 0.23, 0.87) speed= 0.9m/s  roll=  0.1 pitch=  0.6
  [19/180] yaw= 40.0 wind=(-2.82,-7.84) speed= 8.3m/s  roll= -0.8 pitch= -5.8
  [20/180] yaw= 40.0 wind=( 1.06, 7.54) speed= 7.6m/s  roll=  2.8 pitch=  4.4
  [21/180] yaw= 40.0 wind=(-7.87,-0.03) speed= 7.9m/s  roll=  4.4 pitch= -3.5
  [22/180] yaw= 40.0 wind=( 4.22,-3.35) speed= 5.4m/s  roll= -4.2 pitch=  0.1
  [23/180] yaw= 40.0 wind=(-2.95,-3.16) speed= 4.3m/s  roll=  0.1 pitch= -3.0
  [24/180] yaw= 40.0 wind=(-4.16,-6.30) speed= 7.6m/s  roll= -0.6 pitch= -5.2
  [25/180] yaw= 40.0 wind=( 4.80,-2.77) speed= 5.5m/s  roll= -3.9 pitch=  0.8
  [26/180] yaw= 40.0 wind=( 0.75,-0.26) speed= 0.8m/s  roll= -0.6 pitch= -0.0
  [27/180] yaw= 39.9 wind=(-1.19,-0.78) speed= 1.4m/s  roll=  0.3 pitch= -1.1
  [28/180] yaw= 40.0 wind=( 2.93, 0.73) speed= 3.0m/s  roll= -1.3 pitch=  1.6
  [29/180] yaw= 40.0 wind=( 2.83, 5.68) speed= 6.3m/s  roll=  1.4 pitch=  4.1
  [30/180] yaw= 40.0 wind=(-2.70, 2.73) speed= 3.8m/s  roll=  2.5 pitch= -0.1

============================================================
=== yaw 3/12: 목표 70도로 회전 중 (현재 40.0도) ===
============================================================
  -> yaw 69.2도로 안정화
  [31/180] yaw= 70.0 wind=(-6.48,-0.65) speed= 6.5m/s  roll=  1.4 pitch= -4.6
  [32/180] yaw= 70.0 wind=(-2.50,-5.51) speed= 6.0m/s  roll= -3.0 pitch= -3.0
  [33/180] yaw= 70.0 wind=( 0.31, 1.88) speed= 1.9m/s  roll=  1.1 pitch=  0.6
  [34/180] yaw= 70.0 wind=(-1.92,-2.90) speed= 3.5m/s  roll= -1.5 pitch= -2.3
  [35/180] yaw= 70.0 wind=(-5.26, 2.75) speed= 5.9m/s  roll=  2.9 pitch= -3.2
  [36/180] yaw= 70.0 wind=( 4.04, 7.85) speed= 8.8m/s  roll=  4.6 pitch=  4.0
  [37/180] yaw= 70.0 wind=( 2.59, 8.40) speed= 8.8m/s  roll=  5.1 pitch=  3.3
  [38/180] yaw= 70.0 wind=(-4.30, 7.09) speed= 8.3m/s  roll=  5.5 pitch= -1.5
  [39/180] yaw= 70.0 wind=( 1.51,-1.37) speed= 2.0m/s  roll= -1.6 pitch=  0.5
  [40/180] yaw= 70.0 wind=(-7.39, 4.41) speed= 8.6m/s  roll=  4.7 pitch= -4.1
  [41/180] yaw= 70.0 wind=( 7.01,-5.21) speed= 8.7m/s  roll= -5.1 pitch=  3.0
  [42/180] yaw= 70.0 wind=(-7.54, 5.32) speed= 9.2m/s  roll=  5.2 pitch= -4.0
  [43/180] yaw= 70.0 wind=( 0.07,-2.48) speed= 2.5m/s  roll= -1.8 pitch= -0.7
  [44/180] yaw= 70.0 wind=( 0.65, 6.26) speed= 6.3m/s  roll=  4.0 pitch=  1.9
  [45/180] yaw= 70.0 wind=(-6.36, 2.36) speed= 6.8m/s  roll=  2.9 pitch= -3.9

============================================================
=== yaw 4/12: 목표 100도로 회전 중 (현재 70.0도) ===
============================================================
  -> yaw 99.7도로 안정화
  [46/180] yaw=100.0 wind=(-4.22, 5.55) speed= 7.0m/s  roll=  3.4 pitch= -3.7
  [47/180] yaw=100.0 wind=( 4.18,-7.40) speed= 8.5m/s  roll= -4.9 pitch=  3.4
  [48/180] yaw=100.0 wind=( 5.15, 5.98) speed= 7.9m/s  roll=  4.4 pitch=  3.1
  [49/180] yaw=100.0 wind=( 7.15,-5.88) speed= 9.3m/s  roll= -3.6 pitch=  5.3
  [50/180] yaw=100.0 wind=( 0.73, 0.26) speed= 0.8m/s  roll=  0.3 pitch=  0.3
  [51/180] yaw=100.0 wind=(-2.43, 4.80) speed= 5.4m/s  roll=  3.1 pitch= -2.2
  [52/180] yaw=100.0 wind=( 0.41, 8.67) speed= 8.7m/s  roll=  6.0 pitch= -0.6
  [53/180] yaw=100.0 wind=( 1.43,-0.66) speed= 1.6m/s  roll= -0.4 pitch=  1.0
  [54/180] yaw=100.0 wind=( 3.08,-1.22) speed= 3.3m/s  roll= -0.9 pitch=  2.3
  [55/180] yaw=100.0 wind=(-3.58,-8.24) speed= 9.0m/s  roll= -6.1 pitch= -2.0
  [56/180] yaw=100.0 wind=( 9.30, 2.83) speed= 9.7m/s  roll=  3.1 pitch=  5.8
  [57/180] yaw=100.0 wind=(-5.86, 2.11) speed= 6.2m/s  roll=  0.7 pitch= -4.6
  [58/180] yaw=100.0 wind=(-4.67,-0.32) speed= 4.7m/s  roll= -0.7 pitch= -3.3
  [59/180] yaw=100.0 wind=(-0.16, 1.98) speed= 2.0m/s  roll=  1.1 pitch= -0.4
  [60/180] yaw=100.0 wind=(-5.83,-7.50) speed= 9.5m/s  roll= -5.7 pitch= -3.8

============================================================
=== yaw 5/12: 목표 130도로 회전 중 (현재 100.0도) ===
============================================================
  -> yaw 128.1도로 안정화
  [61/180] yaw=130.0 wind=( 2.05,-4.94) speed= 5.3m/s  roll= -2.0 pitch=  3.2
  [62/180] yaw=130.0 wind=( 7.88, 5.17) speed= 9.4m/s  roll=  6.0 pitch=  2.0
  [63/180] yaw=130.0 wind=(-4.78, 3.06) speed= 5.7m/s  roll= -0.7 pitch= -4.0
  [64/180] yaw=130.0 wind=(-3.41, 9.21) speed= 9.8m/s  roll=  3.4 pitch= -5.8
  [65/180] yaw=130.0 wind=(-2.20, 3.39) speed= 4.0m/s  roll=  0.9 pitch= -2.8
  [66/180] yaw=130.0 wind=( 1.90, 8.78) speed= 9.0m/s  roll=  5.2 pitch= -3.2
  [67/180] yaw=130.0 wind=( 5.61,-2.56) speed= 6.2m/s  roll=  0.9 pitch=  4.1
  [68/180] yaw=130.0 wind=( 0.23, 6.05) speed= 6.1m/s  roll=  3.2 pitch= -2.9
  [69/180] yaw=130.0 wind=(-0.16,-0.35) speed= 0.4m/s  roll= -0.4 pitch= -0.1
  [70/180] yaw=130.0 wind=(-4.05, 0.36) speed= 4.1m/s  roll= -1.5 pitch= -2.5
  [71/180] yaw=130.0 wind=(-3.69,-3.10) speed= 4.8m/s  roll= -3.2 pitch= -1.0
  [72/180] yaw=130.0 wind=( 4.16, 7.32) speed= 8.4m/s  roll=  5.8 pitch= -1.3
  [73/180] yaw=130.0 wind=( 2.78, 1.28) speed= 3.1m/s  roll=  2.0 pitch=  1.0
  [74/180] yaw=130.0 wind=( 6.76, 1.18) speed= 6.9m/s  roll=  4.0 pitch=  2.9
  [75/180] yaw=130.0 wind=( 3.82,-1.73) speed= 4.2m/s  roll=  0.6 pitch=  2.7

============================================================
=== yaw 6/12: 목표 160도로 회전 중 (현재 130.0도) ===
============================================================
  -> yaw 159.0도로 안정화
  [76/180] yaw=160.0 wind=( 2.20,-3.09) speed= 3.8m/s  roll=  0.7 pitch=  2.7
  [77/180] yaw=160.0 wind=(-0.02, 0.00) speed= 0.0m/s  roll= -0.1 pitch= -0.0
  [78/180] yaw=160.0 wind=( 3.30, 5.13) speed= 6.1m/s  roll=  3.4 pitch= -2.6
  [79/180] yaw=160.0 wind=( 7.92, 1.65) speed= 8.1m/s  roll=  5.6 pitch=  0.8
  [80/180] yaw=160.0 wind=(-1.51, 6.00) speed= 6.2m/s  roll=  0.1 pitch= -4.7
  [81/180] yaw=160.0 wind=( 0.02,-0.08) speed= 0.1m/s  roll=  0.0 pitch=  0.1
  [82/180] yaw=160.0 wind=( 5.88,-0.84) speed= 5.9m/s  roll=  3.7 pitch=  2.0
  [83/180] yaw=160.0 wind=(-4.65,-6.13) speed= 7.7m/s  roll= -4.5 pitch=  2.6
  [84/180] yaw=160.0 wind=( 2.27,-3.59) speed= 4.2m/s  roll= -4.7 pitch=  2.9
  [85/180] yaw=160.0 wind=( 5.10, 5.74) speed= 7.7m/s  roll=  4.4 pitch= -2.9
  [86/180] yaw=160.0 wind=(-0.42,-4.37) speed= 4.4m/s  roll= -1.2 pitch=  2.7
  [87/180] yaw=160.0 wind=(-1.32, 6.28) speed= 6.4m/s  roll=  0.4 pitch= -4.7
  [88/180] yaw=160.0 wind=(-8.24, 1.96) speed= 8.5m/s  roll= -5.3 pitch= -2.8
  [89/180] yaw=160.0 wind=(-3.23, 1.55) speed= 3.6m/s  roll= -2.1 pitch= -1.4
  [90/180] yaw=160.0 wind=( 1.64, 5.52) speed= 5.8m/s  roll=  2.3 pitch= -3.3

============================================================
=== yaw 7/12: 목표 190도로 회전 중 (현재 160.0도) ===
============================================================
  -> yaw -171.5도로 안정화
  [91/180] yaw=-170.0 wind=( 6.60, 5.04) speed= 8.3m/s  roll=  3.3 pitch= -4.5
  [92/180] yaw=-170.0 wind=(-5.77, 4.42) speed= 7.3m/s  roll= -4.7 pitch= -2.0
  [93/180] yaw=-170.0 wind=(-4.22,-0.72) speed= 4.3m/s  roll= -2.9 pitch=  0.5
  [94/180] yaw=-170.0 wind=( 1.45,-0.45) speed= 1.5m/s  roll=  1.1 pitch=  0.2
  [95/180] yaw=-170.0 wind=(-2.46,-0.72) speed= 2.6m/s  roll= -2.0 pitch=  0.4
  [96/180] yaw=-170.0 wind=(-3.23, 3.98) speed= 5.1m/s  roll= -2.3 pitch= -2.7
  [97/180] yaw=-170.0 wind=(-0.61,-8.70) speed= 8.7m/s  roll= -0.4 pitch=  5.9
  [98/180] yaw=-170.0 wind=( 0.79,-0.08) speed= 0.8m/s  roll=  0.4 pitch= -0.2
  [99/180] yaw=-170.0 wind=( 4.85,-1.55) speed= 5.1m/s  roll=  3.2 pitch=  1.3
  [100/180] yaw=-170.0 wind=(-3.03,-5.25) speed= 6.1m/s  roll= -2.5 pitch=  3.5
  [101/180] yaw=-170.0 wind=( 5.71,-4.77) speed= 7.4m/s  roll=  3.7 pitch=  3.7
  [102/180] yaw=-170.0 wind=( 3.99, 2.35) speed= 4.6m/s  roll=  2.7 pitch= -1.3
  [103/180] yaw=-170.0 wind=(-1.34,-6.06) speed= 6.2m/s  roll= -1.3 pitch=  4.1
  [104/180] yaw=-170.0 wind=(-0.21, 0.80) speed= 0.8m/s  roll= -0.4 pitch= -0.6
  [105/180] yaw=-170.0 wind=(-8.28, 4.28) speed= 9.3m/s  roll= -5.8 pitch= -2.5

============================================================
=== yaw 8/12: 목표 220도로 회전 중 (현재 -170.0도) ===
============================================================
  -> yaw -142.2도로 안정화
  [106/180] yaw=-140.0 wind=(-1.68,-0.15) speed= 1.7m/s  roll= -1.1 pitch=  0.7
  [107/180] yaw=-140.0 wind=(-1.86, 2.25) speed= 2.9m/s  roll= -2.1 pitch= -0.7
  [108/180] yaw=-140.0 wind=( 7.84, 1.96) speed= 8.1m/s  roll=  4.0 pitch= -4.1
  [109/180] yaw=-140.0 wind=(-1.54, 5.32) speed= 5.5m/s  roll= -2.9 pitch= -2.9
  [110/180] yaw=-140.1 wind=(-0.25,-0.06) speed= 0.3m/s  roll= -0.2 pitch=  0.1
  [111/180] yaw=-140.0 wind=( 2.52, 3.19) speed= 4.1m/s  roll=  0.2 pitch= -2.7
  [112/180] yaw=-140.1 wind=( 3.52,-7.36) speed= 8.2m/s  roll=  5.2 pitch=  2.2
  [113/180] yaw=-140.0 wind=( 3.98, 7.95) speed= 8.9m/s  roll= -1.9 pitch= -5.9
  [114/180] yaw=-140.0 wind=(-7.54, 5.27) speed= 9.2m/s  roll= -6.5 pitch=  1.4
  [115/180] yaw=-139.9 wind=(-4.30,-2.65) speed= 5.0m/s  roll= -1.4 pitch=  3.0
  [116/180] yaw=-140.0 wind=( 4.12,-3.97) speed= 5.7m/s  roll=  3.9 pitch=  0.2
  [117/180] yaw=-140.0 wind=(-3.24,-0.92) speed= 3.4m/s  roll= -1.2 pitch=  2.0
  [118/180] yaw=-139.9 wind=( 7.96, 4.46) speed= 9.1m/s  roll=  2.9 pitch= -5.8
  [119/180] yaw=-140.0 wind=(-2.61, 1.19) speed= 2.9m/s  roll= -2.1 pitch=  0.3
  [120/180] yaw=-140.0 wind=(-7.28,-3.07) speed= 7.9m/s  roll= -3.1 pitch=  4.4

============================================================
=== yaw 9/12: 목표 250도로 회전 중 (현재 -140.0도) ===
============================================================
  -> yaw -110.7도로 안정화
  [121/180] yaw=-110.0 wind=( 0.26,-5.18) speed= 5.2m/s  roll=  3.3 pitch=  1.6
  [122/180] yaw=-110.0 wind=( 0.49, 3.90) speed= 3.9m/s  roll= -2.4 pitch= -1.7
  [123/180] yaw=-110.0 wind=( 0.10, 0.95) speed= 1.0m/s  roll= -0.5 pitch= -0.5
  [124/180] yaw=-110.0 wind=(-1.86,-4.16) speed= 4.6m/s  roll=  1.6 pitch=  2.8
  [125/180] yaw=-110.0 wind=( 0.25,-2.27) speed= 2.3m/s  roll=  1.5 pitch=  0.7
  [126/180] yaw=-110.0 wind=(-3.76,-2.05) speed= 4.3m/s  roll= -0.2 pitch=  2.9
  [127/180] yaw=-110.0 wind=(-1.34, 0.47) speed= 1.4m/s  roll= -0.6 pitch=  0.6
  [128/180] yaw=-110.0 wind=(-1.54, 9.34) speed= 9.5m/s  roll= -6.2 pitch= -2.2
  [129/180] yaw=-110.0 wind=( 1.85,-3.67) speed= 4.1m/s  roll=  2.7 pitch= -0.2
  [130/180] yaw=-110.0 wind=( 3.59, 7.33) speed= 8.2m/s  roll= -3.5 pitch= -4.3
  [131/180] yaw=-110.0 wind=( 2.68, 8.21) speed= 8.6m/s  roll= -4.4 pitch= -4.1
  [132/180] yaw=-110.0 wind=(-3.15, 1.21) speed= 3.4m/s  roll= -1.4 pitch=  1.7
  [133/180] yaw=-110.0 wind=( 4.72,-1.43) speed= 4.9m/s  roll=  2.1 pitch= -2.7
  [134/180] yaw=-110.0 wind=( 4.11, 4.95) speed= 6.4m/s  roll= -2.1 pitch= -4.2
  [135/180] yaw=-110.0 wind=(-0.33, 0.28) speed= 0.4m/s  roll= -0.4 pitch=  0.1

============================================================
=== yaw 10/12: 목표 280도로 회전 중 (현재 -110.0도) ===
============================================================
  -> yaw -80.1도로 안정화
  [136/180] yaw=-80.0 wind=( 4.66, 6.42) speed= 7.9m/s  roll= -5.1 pitch= -2.5
  [137/180] yaw=-80.0 wind=( 0.20, 1.57) speed= 1.6m/s  roll= -0.9 pitch=  0.1
  [138/180] yaw=-80.0 wind=(-0.89, 5.77) speed= 5.8m/s  roll= -3.9 pitch=  1.4
  [139/180] yaw=-80.0 wind=(-4.07, 2.81) speed= 4.9m/s  roll= -1.4 pitch=  3.0
  [140/180] yaw=-80.0 wind=( 0.02, 3.58) speed= 3.6m/s  roll= -1.4 pitch=  3.2
  [141/180] yaw=-80.0 wind=(-3.49,-4.43) speed= 5.6m/s  roll=  3.2 pitch=  2.1
  [142/180] yaw=-80.0 wind=( 0.21, 0.53) speed= 0.6m/s  roll= -0.3 pitch= -0.2
  [143/180] yaw=-80.0 wind=(-3.19,-4.83) speed= 5.8m/s  roll=  3.4 pitch=  1.9
  [144/180] yaw=-80.0 wind=( 0.67,-8.08) speed= 8.1m/s  roll=  5.6 pitch= -0.9
  [145/180] yaw=-80.0 wind=( 1.23,-4.41) speed= 4.6m/s  roll=  2.9 pitch= -1.0
  [146/180] yaw=-80.0 wind=( 3.70,-0.12) speed= 3.7m/s  roll= -0.3 pitch= -2.6
  [147/180] yaw=-80.0 wind=(-6.85,-4.33) speed= 8.1m/s  roll=  3.5 pitch=  4.4
  [148/180] yaw=-80.0 wind=( 6.01,-3.63) speed= 7.0m/s  roll=  1.9 pitch= -4.6
  [149/180] yaw=-80.0 wind=( 0.27, 4.61) speed= 4.6m/s  roll= -3.3 pitch=  0.3
  [150/180] yaw=-80.0 wind=(-1.38, 2.67) speed= 3.0m/s  roll= -1.8 pitch=  1.4

============================================================
=== yaw 11/12: 목표 310도로 회전 중 (현재 -80.0도) ===
============================================================
  -> yaw -52.3도로 안정화
  [151/180] yaw=-50.0 wind=(-8.71,-0.79) speed= 8.7m/s  roll=  3.9 pitch=  4.7
  [152/180] yaw=-50.0 wind=(-7.80,-3.88) speed= 8.7m/s  roll=  5.2 pitch=  3.0
  [153/180] yaw=-50.0 wind=( 1.58, 8.93) speed= 9.1m/s  roll= -5.2 pitch=  3.4
  [154/180] yaw=-50.0 wind=(-3.30,-0.91) speed= 3.4m/s  roll=  1.8 pitch=  1.7
  [155/180] yaw=-50.0 wind=( 6.42, 0.19) speed= 6.4m/s  roll= -2.8 pitch= -3.7
  [156/180] yaw=-50.0 wind=( 5.02,-0.62) speed= 5.1m/s  roll= -1.7 pitch= -3.1
  [157/180] yaw=-50.0 wind=( 2.97, 1.25) speed= 3.2m/s  roll= -1.9 pitch= -1.1
  [158/180] yaw=-49.9 wind=(-0.08, 6.66) speed= 6.7m/s  roll= -4.1 pitch=  2.5
  [159/180] yaw=-50.0 wind=(-1.31, 6.29) speed= 6.4m/s  roll= -3.3 pitch=  2.8
  [160/180] yaw=-50.0 wind=(-0.39,-0.53) speed= 0.7m/s  roll=  0.3 pitch=  0.1
  [161/180] yaw=-50.0 wind=( 4.59, 0.79) speed= 4.7m/s  roll= -1.8 pitch= -2.7
  [162/180] yaw=-50.0 wind=( 6.07, 3.89) speed= 7.2m/s  roll= -4.1 pitch= -2.8
  [163/180] yaw=-50.0 wind=( 4.01,-3.18) speed= 5.1m/s  roll=  1.2 pitch= -3.7
  [164/180] yaw=-50.0 wind=(-5.54,-4.18) speed= 6.9m/s  roll=  4.1 pitch=  2.4
  [165/180] yaw=-50.0 wind=(-1.53,-1.48) speed= 2.1m/s  roll=  1.3 pitch=  0.4

============================================================
=== yaw 12/12: 목표 340도로 회전 중 (현재 -50.0도) ===
============================================================
  -> yaw -22.3도로 안정화
  [166/180] yaw=-20.0 wind=(-9.32,-0.47) speed= 9.3m/s  roll=  5.4 pitch=  3.6
  [167/180] yaw=-20.0 wind=(-7.91,-4.91) speed= 9.3m/s  roll=  6.4 pitch=  0.5
  [168/180] yaw=-20.0 wind=(-7.34,-4.83) speed= 8.8m/s  roll=  6.0 pitch=  0.5
  [169/180] yaw=-20.0 wind=(-6.76,-0.63) speed= 6.8m/s  roll=  4.2 pitch=  2.3
  [170/180] yaw=-20.0 wind=( 6.39,-3.37) speed= 7.2m/s  roll= -3.1 pitch= -4.2
  [171/180] yaw=-20.0 wind=(-0.21, 3.85) speed= 3.9m/s  roll= -0.9 pitch=  2.5
  [172/180] yaw=-20.0 wind=( 2.88, 4.62) speed= 5.4m/s  roll= -3.2 pitch=  2.2
  [173/180] yaw=-20.0 wind=( 5.16, 5.22) speed= 7.3m/s  roll= -4.6 pitch=  2.3
  [174/180] yaw=-20.0 wind=(-2.58,-0.47) speed= 2.6m/s  roll=  1.7 pitch=  0.4
  [175/180] yaw=-20.0 wind=( 1.65,-6.01) speed= 6.2m/s  roll=  1.8 pitch=  0.2
  [176/180] yaw=-20.0 wind=( 8.60, 1.69) speed= 8.8m/s  roll= -6.2 pitch= -0.6
  [177/180] yaw=-20.0 wind=(-3.14, 3.02) speed= 4.4m/s  roll=  1.4 pitch=  2.5
  [178/180] yaw=-20.0 wind=(-2.50,-4.10) speed= 4.8m/s  roll=  2.6 pitch= -2.3
  [179/180] yaw=-20.0 wind=( 4.05, 7.55) speed= 8.6m/s  roll= -4.1 pitch=  4.2
  [180/180] yaw=-20.0 wind=( 2.04, 8.15) speed= 8.4m/s  roll= -2.6 pitch=  5.2

데이터 수집 완료. CSV 저장됨: ../../logs/wind_random_20260812_044305_yaw10p0_n12x15_speed0-10_seed6042.csv
[송신 간격 통계] 목표=50ms  평균=50.0ms  최대=65.5ms  임계치 초과=0/65213

--- Offboard 종료 ---

--- Landing ---
-> 착륙 완료 및 디스암 확인

무작위 바람 데이터 수집 완료.
  [수집] 세션 6 완료 (시도 1/3)
  [그래프] /home/ssh2003/MyProjects/quad-pinn-project/logs/wind_random_20260812_044305_yaw10p0_n12x15_speed0-10_seed6042.csv 요약 PNG 생성 중...
    findfont: Failed to find font weight normal, now using 100.
    /home/ssh2003/MyProjects/quad-pinn-project/sim_scripts/data_collection/plot_session_grid.py:106: UserWarning: This figure includes Axes that are not compatible with tight_layout, so results might be incorrect.
      fig.tight_layout(rect=[0, 0, 0.92, 0.94])
    findfont: Failed to find font weight normal, now using 100.
    findfont: Failed to find font weight normal, now using 100.
    findfont: Failed to find font weight normal, now using 100.
    findfont: Failed to find font weight normal, now using 100.
    저장됨: /home/ssh2003/MyProjects/quad-pinn-project/figures/wind_random_20260812_000029_n12x15_td15/session_wind_random_20260812_044305_yaw10p0_n12x15_speed0-10_seed6042.png

############################################################
# 세션 7/15
############################################################
  [SITL] 기존 프로세스 정리 중 (정상종료 시도)...
Terminated
  [SITL] 강제 정리 (남아있는 프로세스 있으면)...
  [SITL] 재시작 중...
  [SITL] px4 프로세스 감지됨 (1s). 안정화 대기 15s...
  [수집] 시작 (seed=7042, yaw-offset=12.000도, 시도 1/3, 타임아웃 4196초)
PX4 SITL에 연결 시도 중...
-> 드론에 연결됨!
GPS/홈 위치 확인 중...
-> 전역 위치 및 홈 위치 준비 완료

[확인] PX4 SITL이 'windy' 월드로 실행 중인지 확인할 것.

--- Arming ---
-> Armed

--- Takeoff ---
  안전 고도(1.5m) 도달 대기 중...
  -> 안전 고도 도달 (relative_altitude=1.51m)

--- Offboard 진입 준비: 초기 setpoint(현재 위치 고정) 전송 ---

--- Offboard 모드 시작 ---

CSV 로그 저장 경로: ../../logs/wind_random_20260812_053925_yaw12p0_n12x15_speed0-10_seed7042.csv

yaw 12방향(offset=12.0도) x 방향당 바람조건 15개 = 총 180개 수집 시작 (조건당 15초, 예상 총 소요 51.0분 + yaw 회전 시간)

============================================================
=== yaw 1/12: 목표 12도로 회전 중 (현재 91.4도) ===
============================================================
  -> yaw 11.3도로 안정화
  [1/180] yaw= 12.0 wind=( 6.79, 1.53) speed= 7.0m/s  roll= -4.5 pitch=  2.0
  [2/180] yaw= 12.0 wind=( 2.76,-1.99) speed= 3.4m/s  roll= -2.1 pitch= -1.0
  [3/180] yaw= 12.0 wind=(-3.12, 6.23) speed= 7.0m/s  roll=  3.0 pitch=  3.4
  [4/180] yaw= 12.0 wind=( 1.54,-2.92) speed= 3.3m/s  roll= -1.4 pitch= -1.9
  [5/180] yaw= 12.0 wind=( 0.76, 1.01) speed= 1.3m/s  roll= -0.6 pitch=  0.4
  [6/180] yaw= 12.0 wind=(-1.81, 0.26) speed= 1.8m/s  roll=  1.4 pitch=  0.1
  [7/180] yaw= 12.0 wind=(-1.35, 5.72) speed= 5.9m/s  roll=  1.8 pitch=  3.7
  [8/180] yaw= 12.0 wind=(-3.67, 7.66) speed= 8.5m/s  roll=  3.6 pitch=  4.6
  [9/180] yaw= 12.0 wind=( 2.37, 2.41) speed= 3.4m/s  roll= -1.2 pitch=  2.1
  [10/180] yaw= 12.0 wind=( 0.43,-1.64) speed= 1.7m/s  roll= -0.6 pitch= -1.1
  [11/180] yaw= 12.1 wind=(-0.71,-2.96) speed= 3.0m/s  roll= -0.1 pitch= -2.4
  [12/180] yaw= 12.0 wind=(-2.41, 1.99) speed= 3.1m/s  roll=  2.1 pitch=  0.6
  [13/180] yaw= 12.0 wind=( 0.10, 0.92) speed= 0.9m/s  roll=  0.2 pitch=  0.6
  [14/180] yaw= 12.0 wind=( 1.73, 0.48) speed= 1.8m/s  roll= -0.9 pitch=  0.5
  [15/180] yaw= 12.0 wind=(-8.65,-4.20) speed= 9.6m/s  roll=  5.5 pitch= -3.9

============================================================
=== yaw 2/12: 목표 42도로 회전 중 (현재 12.0도) ===
============================================================
  -> yaw 41.7도로 안정화
  [16/180] yaw= 42.0 wind=( 0.17, 0.96) speed= 1.0m/s  roll=  0.4 pitch=  0.6
  [17/180] yaw= 42.0 wind=(-3.48,-1.29) speed= 3.7m/s  roll=  1.3 pitch= -2.4
  [18/180] yaw= 42.0 wind=(-2.36,-1.32) speed= 2.7m/s  roll=  0.4 pitch= -1.9
  [19/180] yaw= 42.0 wind=( 0.33,-0.46) speed= 0.6m/s  roll= -0.4 pitch= -0.3
  [20/180] yaw= 42.0 wind=( 4.34, 8.12) speed= 9.2m/s  roll=  2.3 pitch=  6.1
  [21/180] yaw= 42.0 wind=( 1.54,-0.22) speed= 1.6m/s  roll= -0.9 pitch=  0.6
  [22/180] yaw= 42.1 wind=(-1.23,-7.20) speed= 7.3m/s  roll= -2.9 pitch= -4.1
  [23/180] yaw= 42.0 wind=(-1.75,-5.42) speed= 5.7m/s  roll= -1.8 pitch= -3.4
  [24/180] yaw= 42.1 wind=( 0.46,-1.89) speed= 1.9m/s  roll= -1.2 pitch= -0.7
  [25/180] yaw= 42.0 wind=(-2.32, 3.43) speed= 4.1m/s  roll=  2.9 pitch=  0.7
  [26/180] yaw= 42.0 wind=(-4.74,-7.31) speed= 8.7m/s  roll= -0.3 pitch= -6.0
  [27/180] yaw= 42.0 wind=( 1.96, 0.58) speed= 2.0m/s  roll= -1.0 pitch=  1.3
  [28/180] yaw= 42.0 wind=( 8.83, 2.51) speed= 9.2m/s  roll= -3.6 pitch=  5.2
  [29/180] yaw= 42.0 wind=(-0.88, 1.14) speed= 1.4m/s  roll=  1.1 pitch=  0.3
  [30/180] yaw= 42.0 wind=( 1.64,-3.54) speed= 3.9m/s  roll= -2.6 pitch= -1.1

============================================================
=== yaw 3/12: 목표 72도로 회전 중 (현재 42.0도) ===
============================================================
  -> yaw 70.1도로 안정화
  [31/180] yaw= 72.0 wind=( 6.94,-0.90) speed= 7.0m/s  roll= -2.3 pitch=  4.1
  [32/180] yaw= 72.0 wind=( 2.50,-3.21) speed= 4.1m/s  roll= -2.7 pitch=  1.0
  [33/180] yaw= 72.0 wind=(-5.89, 7.82) speed= 9.8m/s  roll=  6.3 pitch= -2.5
  [34/180] yaw= 72.0 wind=(-0.32, 1.34) speed= 1.4m/s  roll=  1.1 pitch=  0.1
  [35/180] yaw= 72.0 wind=( 6.13,-2.63) speed= 6.7m/s  roll= -2.9 pitch=  3.6
  [36/180] yaw= 72.0 wind=( 1.21,-1.00) speed= 1.6m/s  roll= -1.1 pitch=  0.7
  [37/180] yaw= 72.0 wind=(-1.58, 0.07) speed= 1.6m/s  roll=  0.4 pitch= -1.0
  [38/180] yaw= 72.0 wind=(-2.05,-4.27) speed= 4.7m/s  roll= -2.3 pitch= -2.5
  [39/180] yaw= 72.0 wind=(-0.32,-5.49) speed= 5.5m/s  roll= -3.7 pitch= -1.8
  [40/180] yaw= 72.0 wind=(-0.22,-7.28) speed= 7.3m/s  roll= -4.7 pitch= -2.1
  [41/180] yaw= 72.0 wind=(-7.49,-2.31) speed= 7.8m/s  roll=  0.2 pitch= -5.6
  [42/180] yaw= 72.0 wind=( 5.79,-5.70) speed= 8.1m/s  roll= -5.0 pitch=  2.6
  [43/180] yaw= 72.0 wind=( 0.62, 1.75) speed= 1.9m/s  roll=  1.1 pitch=  0.5
  [44/180] yaw= 72.0 wind=(-5.64, 1.73) speed= 5.9m/s  roll=  2.2 pitch= -3.4
  [45/180] yaw= 72.0 wind=( 1.81, 1.11) speed= 2.1m/s  roll=  0.4 pitch=  1.4

============================================================
=== yaw 4/12: 목표 102도로 회전 중 (현재 72.0도) ===
============================================================
  -> yaw 100.8도로 안정화
  [46/180] yaw=102.0 wind=(-0.73,-0.02) speed= 0.7m/s  roll= -0.0 pitch= -0.4
  [47/180] yaw=102.0 wind=( 0.12, 3.53) speed= 3.5m/s  roll=  2.3 pitch= -0.6
  [48/180] yaw=102.0 wind=(-0.79, 0.38) speed= 0.9m/s  roll=  0.1 pitch= -0.6
  [49/180] yaw=102.0 wind=(-0.31, 4.00) speed= 4.0m/s  roll=  2.4 pitch= -0.9
  [50/180] yaw=102.0 wind=(-0.47,-0.20) speed= 0.5m/s  roll= -0.2 pitch= -0.2
  [51/180] yaw=102.0 wind=( 9.56, 2.65) speed= 9.9m/s  roll=  3.6 pitch=  5.8
  [52/180] yaw=102.0 wind=( 6.55, 4.78) speed= 8.1m/s  roll=  4.5 pitch=  3.4
  [53/180] yaw=102.0 wind=( 3.01,-4.28) speed= 5.2m/s  roll= -2.5 pitch=  2.7
  [54/180] yaw=102.0 wind=( 4.13,-0.67) speed= 4.2m/s  roll=  0.4 pitch=  2.8
  [55/180] yaw=102.0 wind=(-5.81,-0.50) speed= 5.8m/s  roll= -1.2 pitch= -4.1
  [56/180] yaw=102.0 wind=(-0.67, 4.23) speed= 4.3m/s  roll=  2.8 pitch= -1.3
  [57/180] yaw=102.0 wind=(-0.62, 0.62) speed= 0.9m/s  roll=  0.2 pitch= -0.7
  [58/180] yaw=102.0 wind=( 0.14,-3.54) speed= 3.5m/s  roll= -2.5 pitch=  0.9
  [59/180] yaw=102.0 wind=( 5.90,-5.19) speed= 7.9m/s  roll= -2.2 pitch=  5.0
  [60/180] yaw=102.0 wind=( 6.67,-1.77) speed= 6.9m/s  roll=  0.1 pitch=  4.6

============================================================
=== yaw 5/12: 목표 132도로 회전 중 (현재 102.0도) ===
============================================================
  -> yaw 131.6도로 안정화
  [61/180] yaw=132.0 wind=( 2.78, 0.85) speed= 2.9m/s  roll=  1.9 pitch=  0.7
  [62/180] yaw=132.0 wind=( 1.62, 3.99) speed= 4.3m/s  roll=  2.8 pitch= -1.2
  [63/180] yaw=132.0 wind=( 5.37, 6.65) speed= 8.5m/s  roll=  5.9 pitch= -0.5
  [64/180] yaw=132.0 wind=(-0.83, 1.39) speed= 1.6m/s  roll=  0.1 pitch= -1.1
  [65/180] yaw=132.0 wind=( 0.07,-0.19) speed= 0.2m/s  roll= -0.1 pitch= -0.0
  [66/180] yaw=132.0 wind=( 0.66,-0.08) speed= 0.7m/s  roll= -0.0 pitch=  0.3
  [67/180] yaw=132.0 wind=(-0.42,-2.93) speed= 3.0m/s  roll= -1.4 pitch=  1.2
  [68/180] yaw=132.0 wind=( 0.25,-0.68) speed= 0.7m/s  roll= -0.2 pitch=  0.4
  [69/180] yaw=132.0 wind=( 8.99,-4.06) speed= 9.9m/s  roll=  2.4 pitch=  6.4
  [70/180] yaw=132.0 wind=( 5.82,-0.64) speed= 5.9m/s  roll=  2.6 pitch=  3.3
  [71/180] yaw=132.0 wind=(-3.34, 2.03) speed= 3.9m/s  roll= -0.4 pitch= -2.5
  [72/180] yaw=132.0 wind=(-4.79, 4.59) speed= 6.6m/s  roll= -0.3 pitch= -4.6
  [73/180] yaw=132.0 wind=(-0.09,-1.27) speed= 1.3m/s  roll= -0.9 pitch=  0.6
  [74/180] yaw=132.0 wind=( 2.30,-4.79) speed= 5.3m/s  roll= -1.4 pitch=  3.7
  [75/180] yaw=132.0 wind=( 3.25,-6.85) speed= 7.6m/s  roll= -2.3 pitch=  4.9

============================================================
=== yaw 6/12: 목표 162도로 회전 중 (현재 132.0도) ===
============================================================
  -> yaw 160.8도로 안정화
  [76/180] yaw=162.0 wind=( 1.03,-0.64) speed= 1.2m/s  roll=  0.4 pitch=  0.8
  [77/180] yaw=162.0 wind=( 3.55, 7.81) speed= 8.6m/s  roll=  4.2 pitch= -4.5
  [78/180] yaw=162.0 wind=(-5.44,-0.47) speed= 5.5m/s  roll= -3.4 pitch= -1.2
  [79/180] yaw=162.0 wind=( 0.96, 0.72) speed= 1.2m/s  roll=  0.9 pitch= -0.6
  [80/180] yaw=162.0 wind=( 2.02, 1.16) speed= 2.3m/s  roll=  1.7 pitch=  0.0
  [81/180] yaw=162.0 wind=( 6.28, 2.30) speed= 6.7m/s  roll=  4.6 pitch=  0.3
  [82/180] yaw=162.0 wind=(-3.78, 0.89) speed= 3.9m/s  roll= -2.0 pitch= -1.6
  [83/180] yaw=162.0 wind=( 0.66, 0.38) speed= 0.8m/s  roll=  0.5 pitch=  0.1
  [84/180] yaw=162.0 wind=(-0.36,-0.10) speed= 0.4m/s  roll= -0.3 pitch=  0.0
  [85/180] yaw=161.9 wind=( 5.82, 2.86) speed= 6.5m/s  roll=  4.4 pitch= -0.2
  [86/180] yaw=161.9 wind=( 9.26,-3.01) speed= 9.7m/s  roll=  5.4 pitch=  4.1
  [87/180] yaw=162.0 wind=(-0.02, 0.32) speed= 0.3m/s  roll= -0.0 pitch= -0.3
  [88/180] yaw=162.0 wind=(-1.62,-0.98) speed= 1.9m/s  roll= -1.3 pitch=  0.1
  [89/180] yaw=162.0 wind=(-4.82,-5.54) speed= 7.3m/s  roll= -4.4 pitch=  3.0
  [90/180] yaw=162.1 wind=( 2.38, 2.93) speed= 3.8m/s  roll=  2.4 pitch= -1.2

============================================================
=== yaw 7/12: 목표 192도로 회전 중 (현재 162.0도) ===
============================================================
  -> yaw -167.9도로 안정화
  [91/180] yaw=-168.0 wind=(-3.79, 3.34) speed= 5.1m/s  roll= -2.9 pitch= -2.1
  [92/180] yaw=-168.1 wind=( 1.89,-0.37) speed= 1.9m/s  roll=  1.5 pitch=  0.1
  [93/180] yaw=-168.0 wind=(-6.11, 2.27) speed= 6.5m/s  roll= -4.4 pitch= -1.0
  [94/180] yaw=-168.0 wind=(-2.00, 8.36) speed= 8.6m/s  roll= -1.9 pitch= -5.3
  [95/180] yaw=-168.0 wind=(-0.12,-0.02) speed= 0.1m/s  roll= -0.2 pitch=  0.1
  [96/180] yaw=-168.0 wind=( 0.38,-0.29) speed= 0.5m/s  roll=  0.1 pitch=  0.2
  [97/180] yaw=-168.0 wind=(-0.61, 0.16) speed= 0.6m/s  roll= -0.3 pitch= -0.0
  [98/180] yaw=-168.1 wind=( 4.62,-3.09) speed= 5.6m/s  roll=  3.8 pitch=  0.9
  [99/180] yaw=-168.0 wind=(-1.54, 1.28) speed= 2.0m/s  roll= -1.3 pitch= -0.4
  [100/180] yaw=-168.0 wind=(-0.11, 1.16) speed= 1.2m/s  roll= -0.5 pitch= -0.5
  [101/180] yaw=-168.0 wind=(-1.68,-3.92) speed= 4.3m/s  roll=  0.1 pitch=  3.0
  [102/180] yaw=-168.0 wind=( 0.65, 0.52) speed= 0.8m/s  roll=  0.3 pitch= -0.7
  [103/180] yaw=-168.0 wind=(-2.16, 1.84) speed= 2.8m/s  roll= -1.6 pitch= -0.5
  [104/180] yaw=-168.0 wind=( 3.06, 1.21) speed= 3.3m/s  roll=  1.6 pitch= -1.9
  [105/180] yaw=-168.0 wind=(-3.96,-4.67) speed= 6.1m/s  roll= -1.0 pitch=  4.3

============================================================
=== yaw 8/12: 목표 222도로 회전 중 (현재 -168.0도) ===
============================================================
  -> yaw -138.5도로 안정화
  [106/180] yaw=-138.0 wind=(-4.63,-8.68) speed= 9.8m/s  roll=  2.9 pitch=  6.3
  [107/180] yaw=-138.0 wind=( 5.82, 1.74) speed= 6.1m/s  roll=  1.8 pitch= -3.9
  [108/180] yaw=-138.0 wind=(-4.87, 7.98) speed= 9.4m/s  roll=  1.7 pitch= -4.1
  [109/180] yaw=-138.0 wind=(-1.46, 2.16) speed= 2.6m/s  roll= -1.9 pitch= -0.3
  [110/180] yaw=-138.0 wind=(-6.19,-5.82) speed= 8.5m/s  roll= -0.5 pitch=  5.9
  [111/180] yaw=-138.0 wind=( 4.31,-2.86) speed= 5.2m/s  roll=  3.7 pitch= -0.6
  [112/180] yaw=-138.0 wind=(-6.83, 4.67) speed= 8.3m/s  roll= -5.6 pitch=  1.0
  [113/180] yaw=-138.0 wind=(-3.11,-5.19) speed= 6.1m/s  roll=  0.6 pitch=  4.3
  [114/180] yaw=-138.0 wind=(-2.18, 2.24) speed= 3.1m/s  roll= -2.2 pitch= -0.2
  [115/180] yaw=-138.0 wind=( 1.12,-5.21) speed= 5.3m/s  roll=  2.9 pitch=  2.2
  [116/180] yaw=-137.9 wind=( 8.40,-3.50) speed= 9.1m/s  roll=  5.9 pitch= -3.0
  [117/180] yaw=-138.0 wind=(-2.99,-4.73) speed= 5.6m/s  roll=  1.1 pitch=  3.8
  [118/180] yaw=-138.0 wind=( 0.24,-0.17) speed= 0.3m/s  roll= -0.0 pitch= -0.1
  [119/180] yaw=-138.0 wind=(-1.94, 0.48) speed= 2.0m/s  roll= -1.1 pitch=  1.0
  [120/180] yaw=-138.0 wind=( 0.97, 0.36) speed= 1.0m/s  roll=  0.4 pitch= -0.6

============================================================
=== yaw 9/12: 목표 252도로 회전 중 (현재 -138.0도) ===
============================================================
  -> yaw -109.4도로 안정화
  [121/180] yaw=-108.0 wind=( 5.63,-2.81) speed= 6.3m/s  roll=  2.9 pitch= -3.4
  [122/180] yaw=-108.0 wind=( 0.48, 0.80) speed= 0.9m/s  roll= -0.3 pitch= -0.2
  [123/180] yaw=-108.0 wind=(-8.03, 4.49) speed= 9.2m/s  roll= -4.6 pitch=  4.5
  [124/180] yaw=-108.0 wind=( 2.62, 8.21) speed= 8.6m/s  roll= -4.2 pitch= -4.4
  [125/180] yaw=-108.1 wind=( 6.65,-2.37) speed= 7.1m/s  roll=  3.2 pitch= -3.7
  [126/180] yaw=-108.0 wind=( 0.56,-8.40) speed= 8.4m/s  roll=  5.5 pitch=  1.4
  [127/180] yaw=-108.0 wind=( 0.13,-0.07) speed= 0.1m/s  roll=  0.2 pitch= -0.0
  [128/180] yaw=-108.0 wind=( 3.61, 3.84) speed= 5.3m/s  roll= -1.5 pitch= -3.4
  [129/180] yaw=-108.0 wind=(-1.06, 2.76) speed= 3.0m/s  roll= -2.4 pitch= -0.1
  [130/180] yaw=-108.0 wind=(-2.70, 1.07) speed= 2.9m/s  roll= -1.2 pitch=  1.6
  [131/180] yaw=-108.0 wind=(-2.11, 0.14) speed= 2.1m/s  roll= -0.7 pitch=  1.3
  [132/180] yaw=-108.0 wind=( 1.05,-0.70) speed= 1.3m/s  roll=  0.8 pitch= -0.5
  [133/180] yaw=-108.0 wind=( 3.94, 4.19) speed= 5.8m/s  roll= -1.2 pitch= -3.8
  [134/180] yaw=-108.0 wind=(-5.30,-2.93) speed= 6.1m/s  roll=  0.5 pitch=  4.0
  [135/180] yaw=-108.0 wind=( 6.02, 4.66) speed= 7.6m/s  roll= -1.4 pitch= -5.0

============================================================
=== yaw 10/12: 목표 282도로 회전 중 (현재 -108.0도) ===
============================================================
  -> yaw -79.5도로 안정화
  [136/180] yaw=-78.0 wind=( 2.48,-4.78) speed= 5.4m/s  roll=  3.0 pitch= -2.1
  [137/180] yaw=-78.0 wind=( 6.29,-5.58) speed= 8.4m/s  roll=  3.4 pitch= -5.1
  [138/180] yaw=-78.0 wind=( 0.96,-6.43) speed= 6.5m/s  roll=  4.3 pitch= -1.3
  [139/180] yaw=-78.0 wind=( 3.91,-0.26) speed= 3.9m/s  roll=  0.1 pitch= -2.6
  [140/180] yaw=-78.0 wind=(-6.28, 5.41) speed= 8.3m/s  roll= -2.8 pitch=  5.0
  [141/180] yaw=-78.0 wind=( 1.56,-1.43) speed= 2.1m/s  roll=  0.9 pitch= -1.0
  [142/180] yaw=-78.0 wind=( 2.01, 4.41) speed= 4.8m/s  roll= -3.1 pitch= -0.7
  [143/180] yaw=-78.0 wind=(-1.82,-2.16) speed= 2.8m/s  roll=  1.7 pitch=  1.0
  [144/180] yaw=-78.0 wind=( 1.63, 5.31) speed= 5.6m/s  roll= -3.8 pitch= -0.1
  [145/180] yaw=-78.0 wind=(-5.93, 1.66) speed= 6.2m/s  roll= -0.3 pitch=  4.2
  [146/180] yaw=-78.0 wind=(-4.11, 0.20) speed= 4.1m/s  roll= -0.2 pitch=  4.4
  [147/180] yaw=-78.0 wind=( 0.16,-8.42) speed= 8.4m/s  roll=  6.0 pitch= -0.7
  [148/180] yaw=-78.0 wind=(-6.65,-7.24) speed= 9.8m/s  roll=  5.4 pitch=  4.3
  [149/180] yaw=-78.0 wind=( 2.52,-4.86) speed= 5.5m/s  roll=  3.1 pitch= -2.1
  [150/180] yaw=-78.0 wind=(-2.82, 5.66) speed= 6.3m/s  roll= -3.7 pitch=  2.7

============================================================
=== yaw 11/12: 목표 312도로 회전 중 (현재 -78.0도) ===
============================================================
  -> yaw -49.3도로 안정화
  [151/180] yaw=-48.0 wind=(-5.62,-7.42) speed= 9.3m/s  roll=  6.6 pitch=  0.2
  [152/180] yaw=-48.0 wind=(-6.57,-1.92) speed= 6.8m/s  roll=  3.7 pitch=  2.8
  [153/180] yaw=-48.0 wind=( 1.29,-1.16) speed= 1.7m/s  roll=  0.1 pitch= -1.0
  [154/180] yaw=-48.0 wind=(-8.02,-1.05) speed= 8.1m/s  roll=  3.9 pitch=  4.0
  [155/180] yaw=-48.0 wind=( 2.04,-3.82) speed= 4.3m/s  roll=  1.3 pitch= -2.8
  [156/180] yaw=-48.0 wind=(-1.17,-0.82) speed= 1.4m/s  roll=  0.9 pitch=  0.7
  [157/180] yaw=-48.0 wind=(-1.45, 4.57) speed= 4.8m/s  roll= -1.5 pitch=  3.0
  [158/180] yaw=-48.0 wind=(-5.26,-5.67) speed= 7.7m/s  roll=  5.6 pitch=  0.6
  [159/180] yaw=-48.0 wind=(-9.59,-0.49) speed= 9.6m/s  roll=  4.2 pitch=  5.0
  [160/180] yaw=-48.0 wind=(-4.50, 2.23) speed= 5.0m/s  roll=  1.5 pitch=  3.4
  [161/180] yaw=-48.0 wind=( 4.94, 8.07) speed= 9.5m/s  roll= -6.4 pitch=  1.9
  [162/180] yaw=-48.0 wind=( 2.44, 0.87) speed= 2.6m/s  roll= -1.6 pitch= -0.7
  [163/180] yaw=-48.0 wind=(-0.17, 0.06) speed= 0.2m/s  roll= -0.1 pitch=  0.3
  [164/180] yaw=-48.0 wind=(-0.95, 0.21) speed= 1.0m/s  roll=  0.2 pitch=  0.7
  [165/180] yaw=-48.0 wind=( 3.12,-5.06) speed= 5.9m/s  roll=  0.8 pitch= -3.9

============================================================
=== yaw 12/12: 목표 342도로 회전 중 (현재 -48.0도) ===
============================================================
  -> yaw -18.6도로 안정화
  [166/180] yaw=-18.0 wind=(-7.79,-5.49) speed= 9.5m/s  roll=  6.1 pitch= -2.3
  [167/180] yaw=-18.0 wind=(-5.02,-1.02) speed= 5.1m/s  roll=  3.6 pitch=  0.1
  [168/180] yaw=-18.0 wind=( 0.05,-4.50) speed= 4.5m/s  roll=  0.8 pitch= -3.0
  [169/180] yaw=-18.0 wind=(-5.81, 3.22) speed= 6.6m/s  roll=  3.7 pitch=  3.1
  [170/180] yaw=-18.0 wind=( 0.83,-0.87) speed= 1.2m/s  roll= -0.4 pitch= -0.9
  [171/180] yaw=-18.0 wind=( 1.06, 4.49) speed= 4.6m/s  roll= -1.4 pitch=  3.0
  [172/180] yaw=-18.0 wind=( 9.39,-1.06) speed= 9.5m/s  roll= -6.2 pitch= -2.3
  [173/180] yaw=-18.0 wind=( 1.62,-2.38) speed= 2.9m/s  roll= -0.6 pitch= -1.8
  [174/180] yaw=-18.0 wind=( 4.84, 1.81) speed= 5.2m/s  roll= -3.4 pitch=  0.5
  [175/180] yaw=-18.0 wind=( 2.43, 4.34) speed= 5.0m/s  roll= -2.4 pitch=  2.2
  [176/180] yaw=-18.0 wind=( 2.91,-0.49) speed= 3.0m/s  roll= -1.8 pitch= -0.9
  [177/180] yaw=-18.0 wind=( 1.04,-8.28) speed= 8.3m/s  roll=  1.4 pitch= -5.7
  [178/180] yaw=-18.0 wind=(-1.84, 2.43) speed= 3.0m/s  roll=  1.0 pitch=  2.0
  [179/180] yaw=-18.0 wind=( 0.20,-4.08) speed= 4.1m/s  roll=  0.5 pitch= -2.9
  [180/180] yaw=-18.0 wind=( 0.13, 0.13) speed= 0.2m/s  roll= -0.1 pitch=  0.0

데이터 수집 완료. CSV 저장됨: ../../logs/wind_random_20260812_053925_yaw12p0_n12x15_speed0-10_seed7042.csv
[송신 간격 통계] 목표=50ms  평균=50.0ms  최대=64.0ms  임계치 초과=0/65204

--- Offboard 종료 ---

--- Landing ---
-> 착륙 완료 및 디스암 확인

무작위 바람 데이터 수집 완료.
  [수집] 세션 7 완료 (시도 1/3)
  [그래프] /home/ssh2003/MyProjects/quad-pinn-project/logs/wind_random_20260812_053925_yaw12p0_n12x15_speed0-10_seed7042.csv 요약 PNG 생성 중...
    findfont: Failed to find font weight normal, now using 100.
    /home/ssh2003/MyProjects/quad-pinn-project/sim_scripts/data_collection/plot_session_grid.py:106: UserWarning: This figure includes Axes that are not compatible with tight_layout, so results might be incorrect.
      fig.tight_layout(rect=[0, 0, 0.92, 0.94])
    findfont: Failed to find font weight normal, now using 100.
    findfont: Failed to find font weight normal, now using 100.
    findfont: Failed to find font weight normal, now using 100.
    findfont: Failed to find font weight normal, now using 100.
    저장됨: /home/ssh2003/MyProjects/quad-pinn-project/figures/wind_random_20260812_000029_n12x15_td15/session_wind_random_20260812_053925_yaw12p0_n12x15_speed0-10_seed7042.png

############################################################
# 세션 8/15
############################################################
  [SITL] 기존 프로세스 정리 중 (정상종료 시도)...
Terminated
  [SITL] 강제 정리 (남아있는 프로세스 있으면)...
  [SITL] 재시작 중...
  [SITL] px4 프로세스 감지됨 (1s). 안정화 대기 15s...
  [수집] 시작 (seed=8042, yaw-offset=14.000도, 시도 1/3, 타임아웃 4196초)
PX4 SITL에 연결 시도 중...
-> 드론에 연결됨!
GPS/홈 위치 확인 중...
Traceback (most recent call last):
  File "/home/ssh2003/MyProjects/quad-pinn-project/sim_scripts/data_collection/wind_random_sweep.py", line 110, in _preflight
    async for health in drone.telemetry.health():
  File "/home/ssh2003/miniconda3/envs/px4sim/lib/python3.10/site-packages/mavsdk/telemetry.py", line 3584, in health
    async for response in health_stream:
  File "/home/ssh2003/miniconda3/envs/px4sim/lib/python3.10/site-packages/grpc/aio/_call.py", line 363, in _fetch_stream_responses
    message = await self._read()
  File "/home/ssh2003/miniconda3/envs/px4sim/lib/python3.10/site-packages/grpc/aio/_call.py", line 380, in _read
    raw_response = await self._cython_call.receive_serialized_message()
  File "src/python/grpcio/grpc/_cython/_cygrpc/aio/call.pyx.pxi", line 392, in receive_serialized_message
  File "src/python/grpcio/grpc/_cython/_cygrpc/aio/callback_common.pyx.pxi", line 126, in _receive_message
  File "src/python/grpcio/grpc/_cython/_cygrpc/aio/callback_common.pyx.pxi", line 99, in execute_batch
asyncio.exceptions.CancelledError

During handling of the above exception, another exception occurred:

Traceback (most recent call last):
  File "/home/ssh2003/miniconda3/envs/px4sim/lib/python3.10/asyncio/tasks.py", line 456, in wait_for
    return fut.result()
asyncio.exceptions.CancelledError

The above exception was the direct cause of the following exception:

Traceback (most recent call last):
  File "/home/ssh2003/MyProjects/quad-pinn-project/sim_scripts/data_collection/wind_random_sweep.py", line 239, in run
    pv_task, att_task, gyro_task, actuator_task, sender_task) = await asyncio.wait_for(
  File "/home/ssh2003/miniconda3/envs/px4sim/lib/python3.10/asyncio/tasks.py", line 458, in wait_for
    raise exceptions.TimeoutError() from exc
asyncio.exceptions.TimeoutError

During handling of the above exception, another exception occurred:

Traceback (most recent call last):
  File "/home/ssh2003/MyProjects/quad-pinn-project/sim_scripts/data_collection/wind_random_sweep.py", line 401, in <module>
    asyncio.run(run())
  File "/home/ssh2003/miniconda3/envs/px4sim/lib/python3.10/asyncio/runners.py", line 44, in run
    return loop.run_until_complete(main)
  File "/home/ssh2003/miniconda3/envs/px4sim/lib/python3.10/asyncio/base_events.py", line 649, in run_until_complete
    return future.result()
  File "/home/ssh2003/MyProjects/quad-pinn-project/sim_scripts/data_collection/wind_random_sweep.py", line 242, in run
    raise RuntimeError(
RuntimeError: 이륙 준비(연결~offboard 시작)가 90초를 넘음 (SITL 재시작 문제 가능성)
  [수집] 세션 8 시도 1/3 실패 (exit code 1)
  [SITL] 기존 프로세스 정리 중 (정상종료 시도)...
Terminated
  [SITL] 강제 정리 (남아있는 프로세스 있으면)...
  [SITL] 재시작 중...
  [SITL] px4 프로세스 감지됨 (1s). 안정화 대기 15s...
  [수집] 시작 (seed=8042, yaw-offset=14.000도, 시도 2/3, 타임아웃 4196초)
PX4 SITL에 연결 시도 중...
-> 드론에 연결됨!
GPS/홈 위치 확인 중...
Traceback (most recent call last):
  File "/home/ssh2003/MyProjects/quad-pinn-project/sim_scripts/data_collection/wind_random_sweep.py", line 110, in _preflight
    async for health in drone.telemetry.health():
  File "/home/ssh2003/miniconda3/envs/px4sim/lib/python3.10/site-packages/mavsdk/telemetry.py", line 3584, in health
    async for response in health_stream:
  File "/home/ssh2003/miniconda3/envs/px4sim/lib/python3.10/site-packages/grpc/aio/_call.py", line 363, in _fetch_stream_responses
    message = await self._read()
  File "/home/ssh2003/miniconda3/envs/px4sim/lib/python3.10/site-packages/grpc/aio/_call.py", line 380, in _read
    raw_response = await self._cython_call.receive_serialized_message()
  File "src/python/grpcio/grpc/_cython/_cygrpc/aio/call.pyx.pxi", line 392, in receive_serialized_message
  File "src/python/grpcio/grpc/_cython/_cygrpc/aio/callback_common.pyx.pxi", line 126, in _receive_message
  File "src/python/grpcio/grpc/_cython/_cygrpc/aio/callback_common.pyx.pxi", line 99, in execute_batch
asyncio.exceptions.CancelledError

During handling of the above exception, another exception occurred:

Traceback (most recent call last):
  File "/home/ssh2003/miniconda3/envs/px4sim/lib/python3.10/asyncio/tasks.py", line 456, in wait_for
    return fut.result()
asyncio.exceptions.CancelledError

The above exception was the direct cause of the following exception:

Traceback (most recent call last):
  File "/home/ssh2003/MyProjects/quad-pinn-project/sim_scripts/data_collection/wind_random_sweep.py", line 239, in run
    pv_task, att_task, gyro_task, actuator_task, sender_task) = await asyncio.wait_for(
  File "/home/ssh2003/miniconda3/envs/px4sim/lib/python3.10/asyncio/tasks.py", line 458, in wait_for
    raise exceptions.TimeoutError() from exc
asyncio.exceptions.TimeoutError

During handling of the above exception, another exception occurred:

Traceback (most recent call last):
  File "/home/ssh2003/MyProjects/quad-pinn-project/sim_scripts/data_collection/wind_random_sweep.py", line 401, in <module>
    asyncio.run(run())
  File "/home/ssh2003/miniconda3/envs/px4sim/lib/python3.10/asyncio/runners.py", line 44, in run
    return loop.run_until_complete(main)
  File "/home/ssh2003/miniconda3/envs/px4sim/lib/python3.10/asyncio/base_events.py", line 649, in run_until_complete
    return future.result()
  File "/home/ssh2003/MyProjects/quad-pinn-project/sim_scripts/data_collection/wind_random_sweep.py", line 242, in run
    raise RuntimeError(
RuntimeError: 이륙 준비(연결~offboard 시작)가 90초를 넘음 (SITL 재시작 문제 가능성)
  [수집] 세션 8 시도 2/3 실패 (exit code 1)
  [SITL] 기존 프로세스 정리 중 (정상종료 시도)...
Terminated
  [SITL] 강제 정리 (남아있는 프로세스 있으면)...
  [SITL] 재시작 중...
  [SITL] px4 프로세스 감지됨 (1s). 안정화 대기 15s...
  [수집] 시작 (seed=8042, yaw-offset=14.000도, 시도 3/3, 타임아웃 4196초)
PX4 SITL에 연결 시도 중...
-> 드론에 연결됨!
GPS/홈 위치 확인 중...
Traceback (most recent call last):
  File "/home/ssh2003/MyProjects/quad-pinn-project/sim_scripts/data_collection/wind_random_sweep.py", line 110, in _preflight
    async for health in drone.telemetry.health():
  File "/home/ssh2003/miniconda3/envs/px4sim/lib/python3.10/site-packages/mavsdk/telemetry.py", line 3584, in health
    async for response in health_stream:
  File "/home/ssh2003/miniconda3/envs/px4sim/lib/python3.10/site-packages/grpc/aio/_call.py", line 363, in _fetch_stream_responses
    message = await self._read()
  File "/home/ssh2003/miniconda3/envs/px4sim/lib/python3.10/site-packages/grpc/aio/_call.py", line 380, in _read
    raw_response = await self._cython_call.receive_serialized_message()
  File "src/python/grpcio/grpc/_cython/_cygrpc/aio/call.pyx.pxi", line 392, in receive_serialized_message
  File "src/python/grpcio/grpc/_cython/_cygrpc/aio/callback_common.pyx.pxi", line 126, in _receive_message
  File "src/python/grpcio/grpc/_cython/_cygrpc/aio/callback_common.pyx.pxi", line 99, in execute_batch
asyncio.exceptions.CancelledError

During handling of the above exception, another exception occurred:

Traceback (most recent call last):
  File "/home/ssh2003/miniconda3/envs/px4sim/lib/python3.10/asyncio/tasks.py", line 456, in wait_for
    return fut.result()
asyncio.exceptions.CancelledError

The above exception was the direct cause of the following exception:

Traceback (most recent call last):
  File "/home/ssh2003/MyProjects/quad-pinn-project/sim_scripts/data_collection/wind_random_sweep.py", line 239, in run
    pv_task, att_task, gyro_task, actuator_task, sender_task) = await asyncio.wait_for(
  File "/home/ssh2003/miniconda3/envs/px4sim/lib/python3.10/asyncio/tasks.py", line 458, in wait_for
    raise exceptions.TimeoutError() from exc
asyncio.exceptions.TimeoutError

During handling of the above exception, another exception occurred:

Traceback (most recent call last):
  File "/home/ssh2003/MyProjects/quad-pinn-project/sim_scripts/data_collection/wind_random_sweep.py", line 401, in <module>
    asyncio.run(run())
  File "/home/ssh2003/miniconda3/envs/px4sim/lib/python3.10/asyncio/runners.py", line 44, in run
    return loop.run_until_complete(main)
  File "/home/ssh2003/miniconda3/envs/px4sim/lib/python3.10/asyncio/base_events.py", line 649, in run_until_complete
    return future.result()
  File "/home/ssh2003/MyProjects/quad-pinn-project/sim_scripts/data_collection/wind_random_sweep.py", line 242, in run
    raise RuntimeError(
RuntimeError: 이륙 준비(연결~offboard 시작)가 90초를 넘음 (SITL 재시작 문제 가능성)
  [수집] 세션 8 시도 3/3 실패 (exit code 1)
  [수집] 세션 8 최종 실패 (3회 모두 실패) - 다음 세션으로 계속 진행

############################################################
# 세션 9/15
############################################################
  [SITL] 기존 프로세스 정리 중 (정상종료 시도)...
Terminated
  [SITL] 강제 정리 (남아있는 프로세스 있으면)...
  [SITL] 재시작 중...
  [SITL] px4 프로세스 감지됨 (1s). 안정화 대기 15s...
  [수집] 시작 (seed=9042, yaw-offset=16.000도, 시도 1/3, 타임아웃 4196초)
PX4 SITL에 연결 시도 중...
-> 드론에 연결됨!
GPS/홈 위치 확인 중...
Traceback (most recent call last):
  File "/home/ssh2003/MyProjects/quad-pinn-project/sim_scripts/data_collection/wind_random_sweep.py", line 110, in _preflight
    async for health in drone.telemetry.health():
  File "/home/ssh2003/miniconda3/envs/px4sim/lib/python3.10/site-packages/mavsdk/telemetry.py", line 3584, in health
    async for response in health_stream:
  File "/home/ssh2003/miniconda3/envs/px4sim/lib/python3.10/site-packages/grpc/aio/_call.py", line 363, in _fetch_stream_responses
    message = await self._read()
  File "/home/ssh2003/miniconda3/envs/px4sim/lib/python3.10/site-packages/grpc/aio/_call.py", line 380, in _read
    raw_response = await self._cython_call.receive_serialized_message()
  File "src/python/grpcio/grpc/_cython/_cygrpc/aio/call.pyx.pxi", line 392, in receive_serialized_message
  File "src/python/grpcio/grpc/_cython/_cygrpc/aio/callback_common.pyx.pxi", line 126, in _receive_message
  File "src/python/grpcio/grpc/_cython/_cygrpc/aio/callback_common.pyx.pxi", line 99, in execute_batch
asyncio.exceptions.CancelledError

During handling of the above exception, another exception occurred:

Traceback (most recent call last):
  File "/home/ssh2003/miniconda3/envs/px4sim/lib/python3.10/asyncio/tasks.py", line 456, in wait_for
    return fut.result()
asyncio.exceptions.CancelledError

The above exception was the direct cause of the following exception:

Traceback (most recent call last):
  File "/home/ssh2003/MyProjects/quad-pinn-project/sim_scripts/data_collection/wind_random_sweep.py", line 239, in run
    pv_task, att_task, gyro_task, actuator_task, sender_task) = await asyncio.wait_for(
  File "/home/ssh2003/miniconda3/envs/px4sim/lib/python3.10/asyncio/tasks.py", line 458, in wait_for
    raise exceptions.TimeoutError() from exc
asyncio.exceptions.TimeoutError

During handling of the above exception, another exception occurred:

Traceback (most recent call last):
  File "/home/ssh2003/MyProjects/quad-pinn-project/sim_scripts/data_collection/wind_random_sweep.py", line 401, in <module>
    asyncio.run(run())
  File "/home/ssh2003/miniconda3/envs/px4sim/lib/python3.10/asyncio/runners.py", line 44, in run
    return loop.run_until_complete(main)
  File "/home/ssh2003/miniconda3/envs/px4sim/lib/python3.10/asyncio/base_events.py", line 649, in run_until_complete
    return future.result()
  File "/home/ssh2003/MyProjects/quad-pinn-project/sim_scripts/data_collection/wind_random_sweep.py", line 242, in run
    raise RuntimeError(
RuntimeError: 이륙 준비(연결~offboard 시작)가 90초를 넘음 (SITL 재시작 문제 가능성)
  [수집] 세션 9 시도 1/3 실패 (exit code 1)
  [SITL] 기존 프로세스 정리 중 (정상종료 시도)...
Terminated
  [SITL] 강제 정리 (남아있는 프로세스 있으면)...
  [SITL] 재시작 중...
  [SITL] px4 프로세스 감지됨 (1s). 안정화 대기 15s...
  [수집] 시작 (seed=9042, yaw-offset=16.000도, 시도 2/3, 타임아웃 4196초)
PX4 SITL에 연결 시도 중...
-> 드론에 연결됨!
GPS/홈 위치 확인 중...
Traceback (most recent call last):
  File "/home/ssh2003/MyProjects/quad-pinn-project/sim_scripts/data_collection/wind_random_sweep.py", line 110, in _preflight
    async for health in drone.telemetry.health():
  File "/home/ssh2003/miniconda3/envs/px4sim/lib/python3.10/site-packages/mavsdk/telemetry.py", line 3584, in health
    async for response in health_stream:
  File "/home/ssh2003/miniconda3/envs/px4sim/lib/python3.10/site-packages/grpc/aio/_call.py", line 363, in _fetch_stream_responses
    message = await self._read()
  File "/home/ssh2003/miniconda3/envs/px4sim/lib/python3.10/site-packages/grpc/aio/_call.py", line 380, in _read
    raw_response = await self._cython_call.receive_serialized_message()
  File "src/python/grpcio/grpc/_cython/_cygrpc/aio/call.pyx.pxi", line 392, in receive_serialized_message
  File "src/python/grpcio/grpc/_cython/_cygrpc/aio/callback_common.pyx.pxi", line 126, in _receive_message
  File "src/python/grpcio/grpc/_cython/_cygrpc/aio/callback_common.pyx.pxi", line 99, in execute_batch
asyncio.exceptions.CancelledError

During handling of the above exception, another exception occurred:

Traceback (most recent call last):
  File "/home/ssh2003/miniconda3/envs/px4sim/lib/python3.10/asyncio/tasks.py", line 456, in wait_for
    return fut.result()
asyncio.exceptions.CancelledError

The above exception was the direct cause of the following exception:

Traceback (most recent call last):
  File "/home/ssh2003/MyProjects/quad-pinn-project/sim_scripts/data_collection/wind_random_sweep.py", line 239, in run
    pv_task, att_task, gyro_task, actuator_task, sender_task) = await asyncio.wait_for(
  File "/home/ssh2003/miniconda3/envs/px4sim/lib/python3.10/asyncio/tasks.py", line 458, in wait_for
    raise exceptions.TimeoutError() from exc
asyncio.exceptions.TimeoutError

During handling of the above exception, another exception occurred:

Traceback (most recent call last):
  File "/home/ssh2003/MyProjects/quad-pinn-project/sim_scripts/data_collection/wind_random_sweep.py", line 401, in <module>
    asyncio.run(run())
  File "/home/ssh2003/miniconda3/envs/px4sim/lib/python3.10/asyncio/runners.py", line 44, in run
    return loop.run_until_complete(main)
  File "/home/ssh2003/miniconda3/envs/px4sim/lib/python3.10/asyncio/base_events.py", line 649, in run_until_complete
    return future.result()
  File "/home/ssh2003/MyProjects/quad-pinn-project/sim_scripts/data_collection/wind_random_sweep.py", line 242, in run
    raise RuntimeError(
RuntimeError: 이륙 준비(연결~offboard 시작)가 90초를 넘음 (SITL 재시작 문제 가능성)
  [수집] 세션 9 시도 2/3 실패 (exit code 1)
  [SITL] 기존 프로세스 정리 중 (정상종료 시도)...
Terminated
  [SITL] 강제 정리 (남아있는 프로세스 있으면)...
  [SITL] 재시작 중...
  [SITL] px4 프로세스 감지됨 (1s). 안정화 대기 15s...
  [수집] 시작 (seed=9042, yaw-offset=16.000도, 시도 3/3, 타임아웃 4196초)
PX4 SITL에 연결 시도 중...
-> 드론에 연결됨!
GPS/홈 위치 확인 중...
Traceback (most recent call last):
  File "/home/ssh2003/MyProjects/quad-pinn-project/sim_scripts/data_collection/wind_random_sweep.py", line 110, in _preflight
    async for health in drone.telemetry.health():
  File "/home/ssh2003/miniconda3/envs/px4sim/lib/python3.10/site-packages/mavsdk/telemetry.py", line 3584, in health
    async for response in health_stream:
  File "/home/ssh2003/miniconda3/envs/px4sim/lib/python3.10/site-packages/grpc/aio/_call.py", line 363, in _fetch_stream_responses
    message = await self._read()
  File "/home/ssh2003/miniconda3/envs/px4sim/lib/python3.10/site-packages/grpc/aio/_call.py", line 380, in _read
    raw_response = await self._cython_call.receive_serialized_message()
  File "src/python/grpcio/grpc/_cython/_cygrpc/aio/call.pyx.pxi", line 392, in receive_serialized_message
  File "src/python/grpcio/grpc/_cython/_cygrpc/aio/callback_common.pyx.pxi", line 126, in _receive_message
  File "src/python/grpcio/grpc/_cython/_cygrpc/aio/callback_common.pyx.pxi", line 99, in execute_batch
asyncio.exceptions.CancelledError

During handling of the above exception, another exception occurred:

Traceback (most recent call last):
  File "/home/ssh2003/miniconda3/envs/px4sim/lib/python3.10/asyncio/tasks.py", line 456, in wait_for
    return fut.result()
asyncio.exceptions.CancelledError

The above exception was the direct cause of the following exception:

Traceback (most recent call last):
  File "/home/ssh2003/MyProjects/quad-pinn-project/sim_scripts/data_collection/wind_random_sweep.py", line 239, in run
    pv_task, att_task, gyro_task, actuator_task, sender_task) = await asyncio.wait_for(
  File "/home/ssh2003/miniconda3/envs/px4sim/lib/python3.10/asyncio/tasks.py", line 458, in wait_for
    raise exceptions.TimeoutError() from exc
asyncio.exceptions.TimeoutError

During handling of the above exception, another exception occurred:

Traceback (most recent call last):
  File "/home/ssh2003/MyProjects/quad-pinn-project/sim_scripts/data_collection/wind_random_sweep.py", line 401, in <module>
    asyncio.run(run())
  File "/home/ssh2003/miniconda3/envs/px4sim/lib/python3.10/asyncio/runners.py", line 44, in run
    return loop.run_until_complete(main)
  File "/home/ssh2003/miniconda3/envs/px4sim/lib/python3.10/asyncio/base_events.py", line 649, in run_until_complete
    return future.result()
  File "/home/ssh2003/MyProjects/quad-pinn-project/sim_scripts/data_collection/wind_random_sweep.py", line 242, in run
    raise RuntimeError(
RuntimeError: 이륙 준비(연결~offboard 시작)가 90초를 넘음 (SITL 재시작 문제 가능성)
  [수집] 세션 9 시도 3/3 실패 (exit code 1)
  [수집] 세션 9 최종 실패 (3회 모두 실패) - 다음 세션으로 계속 진행

############################################################
# 세션 10/15
############################################################
  [SITL] 기존 프로세스 정리 중 (정상종료 시도)...
Terminated
  [SITL] 강제 정리 (남아있는 프로세스 있으면)...
  [SITL] 재시작 중...
  [SITL] px4 프로세스 감지됨 (1s). 안정화 대기 15s...
  [수집] 시작 (seed=10042, yaw-offset=18.000도, 시도 1/3, 타임아웃 4196초)
PX4 SITL에 연결 시도 중...
-> 드론에 연결됨!
GPS/홈 위치 확인 중...
Traceback (most recent call last):
  File "/home/ssh2003/MyProjects/quad-pinn-project/sim_scripts/data_collection/wind_random_sweep.py", line 110, in _preflight
    async for health in drone.telemetry.health():
  File "/home/ssh2003/miniconda3/envs/px4sim/lib/python3.10/site-packages/mavsdk/telemetry.py", line 3584, in health
    async for response in health_stream:
  File "/home/ssh2003/miniconda3/envs/px4sim/lib/python3.10/site-packages/grpc/aio/_call.py", line 363, in _fetch_stream_responses
    message = await self._read()
  File "/home/ssh2003/miniconda3/envs/px4sim/lib/python3.10/site-packages/grpc/aio/_call.py", line 380, in _read
    raw_response = await self._cython_call.receive_serialized_message()
  File "src/python/grpcio/grpc/_cython/_cygrpc/aio/call.pyx.pxi", line 392, in receive_serialized_message
  File "src/python/grpcio/grpc/_cython/_cygrpc/aio/callback_common.pyx.pxi", line 126, in _receive_message
  File "src/python/grpcio/grpc/_cython/_cygrpc/aio/callback_common.pyx.pxi", line 99, in execute_batch
asyncio.exceptions.CancelledError

During handling of the above exception, another exception occurred:

Traceback (most recent call last):
  File "/home/ssh2003/miniconda3/envs/px4sim/lib/python3.10/asyncio/tasks.py", line 456, in wait_for
    return fut.result()
asyncio.exceptions.CancelledError

The above exception was the direct cause of the following exception:

Traceback (most recent call last):
  File "/home/ssh2003/MyProjects/quad-pinn-project/sim_scripts/data_collection/wind_random_sweep.py", line 239, in run
    pv_task, att_task, gyro_task, actuator_task, sender_task) = await asyncio.wait_for(
  File "/home/ssh2003/miniconda3/envs/px4sim/lib/python3.10/asyncio/tasks.py", line 458, in wait_for
    raise exceptions.TimeoutError() from exc
asyncio.exceptions.TimeoutError

During handling of the above exception, another exception occurred:

Traceback (most recent call last):
  File "/home/ssh2003/MyProjects/quad-pinn-project/sim_scripts/data_collection/wind_random_sweep.py", line 401, in <module>
    asyncio.run(run())
  File "/home/ssh2003/miniconda3/envs/px4sim/lib/python3.10/asyncio/runners.py", line 44, in run
    return loop.run_until_complete(main)
  File "/home/ssh2003/miniconda3/envs/px4sim/lib/python3.10/asyncio/base_events.py", line 649, in run_until_complete
    return future.result()
  File "/home/ssh2003/MyProjects/quad-pinn-project/sim_scripts/data_collection/wind_random_sweep.py", line 242, in run
    raise RuntimeError(
RuntimeError: 이륙 준비(연결~offboard 시작)가 90초를 넘음 (SITL 재시작 문제 가능성)
  [수집] 세션 10 시도 1/3 실패 (exit code 1)
  [SITL] 기존 프로세스 정리 중 (정상종료 시도)...
Terminated
  [SITL] 강제 정리 (남아있는 프로세스 있으면)...
  [SITL] 재시작 중...
  [SITL] px4 프로세스 감지됨 (1s). 안정화 대기 15s...
  [수집] 시작 (seed=10042, yaw-offset=18.000도, 시도 2/3, 타임아웃 4196초)
PX4 SITL에 연결 시도 중...
-> 드론에 연결됨!
GPS/홈 위치 확인 중...
Traceback (most recent call last):
  File "/home/ssh2003/MyProjects/quad-pinn-project/sim_scripts/data_collection/wind_random_sweep.py", line 110, in _preflight
    async for health in drone.telemetry.health():
  File "/home/ssh2003/miniconda3/envs/px4sim/lib/python3.10/site-packages/mavsdk/telemetry.py", line 3584, in health
    async for response in health_stream:
  File "/home/ssh2003/miniconda3/envs/px4sim/lib/python3.10/site-packages/grpc/aio/_call.py", line 363, in _fetch_stream_responses
    message = await self._read()
  File "/home/ssh2003/miniconda3/envs/px4sim/lib/python3.10/site-packages/grpc/aio/_call.py", line 380, in _read
    raw_response = await self._cython_call.receive_serialized_message()
  File "src/python/grpcio/grpc/_cython/_cygrpc/aio/call.pyx.pxi", line 392, in receive_serialized_message
  File "src/python/grpcio/grpc/_cython/_cygrpc/aio/callback_common.pyx.pxi", line 126, in _receive_message
  File "src/python/grpcio/grpc/_cython/_cygrpc/aio/callback_common.pyx.pxi", line 99, in execute_batch
asyncio.exceptions.CancelledError

During handling of the above exception, another exception occurred:

Traceback (most recent call last):
  File "/home/ssh2003/miniconda3/envs/px4sim/lib/python3.10/asyncio/tasks.py", line 456, in wait_for
    return fut.result()
asyncio.exceptions.CancelledError

The above exception was the direct cause of the following exception:

Traceback (most recent call last):
  File "/home/ssh2003/MyProjects/quad-pinn-project/sim_scripts/data_collection/wind_random_sweep.py", line 239, in run
    pv_task, att_task, gyro_task, actuator_task, sender_task) = await asyncio.wait_for(
  File "/home/ssh2003/miniconda3/envs/px4sim/lib/python3.10/asyncio/tasks.py", line 458, in wait_for
    raise exceptions.TimeoutError() from exc
asyncio.exceptions.TimeoutError

During handling of the above exception, another exception occurred:

Traceback (most recent call last):
  File "/home/ssh2003/MyProjects/quad-pinn-project/sim_scripts/data_collection/wind_random_sweep.py", line 401, in <module>
    asyncio.run(run())
  File "/home/ssh2003/miniconda3/envs/px4sim/lib/python3.10/asyncio/runners.py", line 44, in run
    return loop.run_until_complete(main)
  File "/home/ssh2003/miniconda3/envs/px4sim/lib/python3.10/asyncio/base_events.py", line 649, in run_until_complete
    return future.result()
  File "/home/ssh2003/MyProjects/quad-pinn-project/sim_scripts/data_collection/wind_random_sweep.py", line 242, in run
    raise RuntimeError(
RuntimeError: 이륙 준비(연결~offboard 시작)가 90초를 넘음 (SITL 재시작 문제 가능성)
  [수집] 세션 10 시도 2/3 실패 (exit code 1)
  [SITL] 기존 프로세스 정리 중 (정상종료 시도)...
Terminated
  [SITL] 강제 정리 (남아있는 프로세스 있으면)...
  [SITL] 재시작 중...
  [SITL] px4 프로세스 감지됨 (1s). 안정화 대기 15s...
  [수집] 시작 (seed=10042, yaw-offset=18.000도, 시도 3/3, 타임아웃 4196초)
PX4 SITL에 연결 시도 중...
-> 드론에 연결됨!
GPS/홈 위치 확인 중...
Traceback (most recent call last):
  File "/home/ssh2003/MyProjects/quad-pinn-project/sim_scripts/data_collection/wind_random_sweep.py", line 110, in _preflight
    async for health in drone.telemetry.health():
  File "/home/ssh2003/miniconda3/envs/px4sim/lib/python3.10/site-packages/mavsdk/telemetry.py", line 3584, in health
    async for response in health_stream:
  File "/home/ssh2003/miniconda3/envs/px4sim/lib/python3.10/site-packages/grpc/aio/_call.py", line 363, in _fetch_stream_responses
    message = await self._read()
  File "/home/ssh2003/miniconda3/envs/px4sim/lib/python3.10/site-packages/grpc/aio/_call.py", line 380, in _read
    raw_response = await self._cython_call.receive_serialized_message()
  File "src/python/grpcio/grpc/_cython/_cygrpc/aio/call.pyx.pxi", line 392, in receive_serialized_message
  File "src/python/grpcio/grpc/_cython/_cygrpc/aio/callback_common.pyx.pxi", line 126, in _receive_message
  File "src/python/grpcio/grpc/_cython/_cygrpc/aio/callback_common.pyx.pxi", line 99, in execute_batch
asyncio.exceptions.CancelledError

During handling of the above exception, another exception occurred:

Traceback (most recent call last):
  File "/home/ssh2003/miniconda3/envs/px4sim/lib/python3.10/asyncio/tasks.py", line 456, in wait_for
    return fut.result()
asyncio.exceptions.CancelledError

The above exception was the direct cause of the following exception:

Traceback (most recent call last):
  File "/home/ssh2003/MyProjects/quad-pinn-project/sim_scripts/data_collection/wind_random_sweep.py", line 239, in run
    pv_task, att_task, gyro_task, actuator_task, sender_task) = await asyncio.wait_for(
  File "/home/ssh2003/miniconda3/envs/px4sim/lib/python3.10/asyncio/tasks.py", line 458, in wait_for
    raise exceptions.TimeoutError() from exc
asyncio.exceptions.TimeoutError

During handling of the above exception, another exception occurred:

Traceback (most recent call last):
  File "/home/ssh2003/MyProjects/quad-pinn-project/sim_scripts/data_collection/wind_random_sweep.py", line 401, in <module>
    asyncio.run(run())
  File "/home/ssh2003/miniconda3/envs/px4sim/lib/python3.10/asyncio/runners.py", line 44, in run
    return loop.run_until_complete(main)
  File "/home/ssh2003/miniconda3/envs/px4sim/lib/python3.10/asyncio/base_events.py", line 649, in run_until_complete
    return future.result()
  File "/home/ssh2003/MyProjects/quad-pinn-project/sim_scripts/data_collection/wind_random_sweep.py", line 242, in run
    raise RuntimeError(
RuntimeError: 이륙 준비(연결~offboard 시작)가 90초를 넘음 (SITL 재시작 문제 가능성)
  [수집] 세션 10 시도 3/3 실패 (exit code 1)
  [수집] 세션 10 최종 실패 (3회 모두 실패) - 다음 세션으로 계속 진행

############################################################
# 세션 11/15
############################################################
  [SITL] 기존 프로세스 정리 중 (정상종료 시도)...
Terminated
  [SITL] 강제 정리 (남아있는 프로세스 있으면)...
  [SITL] 재시작 중...
  [SITL] px4 프로세스 감지됨 (1s). 안정화 대기 15s...
  [수집] 시작 (seed=11042, yaw-offset=20.000도, 시도 1/3, 타임아웃 4196초)
PX4 SITL에 연결 시도 중...
-> 드론에 연결됨!
GPS/홈 위치 확인 중...
Traceback (most recent call last):
  File "/home/ssh2003/MyProjects/quad-pinn-project/sim_scripts/data_collection/wind_random_sweep.py", line 110, in _preflight
    async for health in drone.telemetry.health():
  File "/home/ssh2003/miniconda3/envs/px4sim/lib/python3.10/site-packages/mavsdk/telemetry.py", line 3584, in health
    async for response in health_stream:
  File "/home/ssh2003/miniconda3/envs/px4sim/lib/python3.10/site-packages/grpc/aio/_call.py", line 363, in _fetch_stream_responses
    message = await self._read()
  File "/home/ssh2003/miniconda3/envs/px4sim/lib/python3.10/site-packages/grpc/aio/_call.py", line 380, in _read
    raw_response = await self._cython_call.receive_serialized_message()
  File "src/python/grpcio/grpc/_cython/_cygrpc/aio/call.pyx.pxi", line 392, in receive_serialized_message
  File "src/python/grpcio/grpc/_cython/_cygrpc/aio/callback_common.pyx.pxi", line 126, in _receive_message
  File "src/python/grpcio/grpc/_cython/_cygrpc/aio/callback_common.pyx.pxi", line 99, in execute_batch
asyncio.exceptions.CancelledError

During handling of the above exception, another exception occurred:

Traceback (most recent call last):
  File "/home/ssh2003/miniconda3/envs/px4sim/lib/python3.10/asyncio/tasks.py", line 456, in wait_for
    return fut.result()
asyncio.exceptions.CancelledError

The above exception was the direct cause of the following exception:

Traceback (most recent call last):
  File "/home/ssh2003/MyProjects/quad-pinn-project/sim_scripts/data_collection/wind_random_sweep.py", line 239, in run
    pv_task, att_task, gyro_task, actuator_task, sender_task) = await asyncio.wait_for(
  File "/home/ssh2003/miniconda3/envs/px4sim/lib/python3.10/asyncio/tasks.py", line 458, in wait_for
    raise exceptions.TimeoutError() from exc
asyncio.exceptions.TimeoutError

During handling of the above exception, another exception occurred:

Traceback (most recent call last):
  File "/home/ssh2003/MyProjects/quad-pinn-project/sim_scripts/data_collection/wind_random_sweep.py", line 401, in <module>
    asyncio.run(run())
  File "/home/ssh2003/miniconda3/envs/px4sim/lib/python3.10/asyncio/runners.py", line 44, in run
    return loop.run_until_complete(main)
  File "/home/ssh2003/miniconda3/envs/px4sim/lib/python3.10/asyncio/base_events.py", line 649, in run_until_complete
    return future.result()
  File "/home/ssh2003/MyProjects/quad-pinn-project/sim_scripts/data_collection/wind_random_sweep.py", line 242, in run
    raise RuntimeError(
RuntimeError: 이륙 준비(연결~offboard 시작)가 90초를 넘음 (SITL 재시작 문제 가능성)
  [수집] 세션 11 시도 1/3 실패 (exit code 1)
  [SITL] 기존 프로세스 정리 중 (정상종료 시도)...
Terminated
  [SITL] 강제 정리 (남아있는 프로세스 있으면)...
  [SITL] 재시작 중...
  [SITL] px4 프로세스 감지됨 (1s). 안정화 대기 15s...
  [수집] 시작 (seed=11042, yaw-offset=20.000도, 시도 2/3, 타임아웃 4196초)
PX4 SITL에 연결 시도 중...
-> 드론에 연결됨!
GPS/홈 위치 확인 중...
Traceback (most recent call last):
  File "/home/ssh2003/MyProjects/quad-pinn-project/sim_scripts/data_collection/wind_random_sweep.py", line 110, in _preflight
    async for health in drone.telemetry.health():
  File "/home/ssh2003/miniconda3/envs/px4sim/lib/python3.10/site-packages/mavsdk/telemetry.py", line 3584, in health
    async for response in health_stream:
  File "/home/ssh2003/miniconda3/envs/px4sim/lib/python3.10/site-packages/grpc/aio/_call.py", line 363, in _fetch_stream_responses
    message = await self._read()
  File "/home/ssh2003/miniconda3/envs/px4sim/lib/python3.10/site-packages/grpc/aio/_call.py", line 380, in _read
    raw_response = await self._cython_call.receive_serialized_message()
  File "src/python/grpcio/grpc/_cython/_cygrpc/aio/call.pyx.pxi", line 392, in receive_serialized_message
  File "src/python/grpcio/grpc/_cython/_cygrpc/aio/callback_common.pyx.pxi", line 126, in _receive_message
  File "src/python/grpcio/grpc/_cython/_cygrpc/aio/callback_common.pyx.pxi", line 99, in execute_batch
asyncio.exceptions.CancelledError

During handling of the above exception, another exception occurred:

Traceback (most recent call last):
  File "/home/ssh2003/miniconda3/envs/px4sim/lib/python3.10/asyncio/tasks.py", line 456, in wait_for
    return fut.result()
asyncio.exceptions.CancelledError

The above exception was the direct cause of the following exception:

Traceback (most recent call last):
  File "/home/ssh2003/MyProjects/quad-pinn-project/sim_scripts/data_collection/wind_random_sweep.py", line 239, in run
    pv_task, att_task, gyro_task, actuator_task, sender_task) = await asyncio.wait_for(
  File "/home/ssh2003/miniconda3/envs/px4sim/lib/python3.10/asyncio/tasks.py", line 458, in wait_for
    raise exceptions.TimeoutError() from exc
asyncio.exceptions.TimeoutError

During handling of the above exception, another exception occurred:

Traceback (most recent call last):
  File "/home/ssh2003/MyProjects/quad-pinn-project/sim_scripts/data_collection/wind_random_sweep.py", line 401, in <module>
    asyncio.run(run())
  File "/home/ssh2003/miniconda3/envs/px4sim/lib/python3.10/asyncio/runners.py", line 44, in run
    return loop.run_until_complete(main)
  File "/home/ssh2003/miniconda3/envs/px4sim/lib/python3.10/asyncio/base_events.py", line 649, in run_until_complete
    return future.result()
  File "/home/ssh2003/MyProjects/quad-pinn-project/sim_scripts/data_collection/wind_random_sweep.py", line 242, in run
    raise RuntimeError(
RuntimeError: 이륙 준비(연결~offboard 시작)가 90초를 넘음 (SITL 재시작 문제 가능성)
  [수집] 세션 11 시도 2/3 실패 (exit code 1)
  [SITL] 기존 프로세스 정리 중 (정상종료 시도)...
Terminated
  [SITL] 강제 정리 (남아있는 프로세스 있으면)...
  [SITL] 재시작 중...
  [SITL] px4 프로세스 감지됨 (1s). 안정화 대기 15s...
  [수집] 시작 (seed=11042, yaw-offset=20.000도, 시도 3/3, 타임아웃 4196초)
PX4 SITL에 연결 시도 중...
-> 드론에 연결됨!
GPS/홈 위치 확인 중...
Traceback (most recent call last):
  File "/home/ssh2003/MyProjects/quad-pinn-project/sim_scripts/data_collection/wind_random_sweep.py", line 110, in _preflight
    async for health in drone.telemetry.health():
  File "/home/ssh2003/miniconda3/envs/px4sim/lib/python3.10/site-packages/mavsdk/telemetry.py", line 3584, in health
    async for response in health_stream:
  File "/home/ssh2003/miniconda3/envs/px4sim/lib/python3.10/site-packages/grpc/aio/_call.py", line 363, in _fetch_stream_responses
    message = await self._read()
  File "/home/ssh2003/miniconda3/envs/px4sim/lib/python3.10/site-packages/grpc/aio/_call.py", line 380, in _read
    raw_response = await self._cython_call.receive_serialized_message()
  File "src/python/grpcio/grpc/_cython/_cygrpc/aio/call.pyx.pxi", line 392, in receive_serialized_message
  File "src/python/grpcio/grpc/_cython/_cygrpc/aio/callback_common.pyx.pxi", line 126, in _receive_message
  File "src/python/grpcio/grpc/_cython/_cygrpc/aio/callback_common.pyx.pxi", line 99, in execute_batch
asyncio.exceptions.CancelledError

During handling of the above exception, another exception occurred:

Traceback (most recent call last):
  File "/home/ssh2003/miniconda3/envs/px4sim/lib/python3.10/asyncio/tasks.py", line 456, in wait_for
    return fut.result()
asyncio.exceptions.CancelledError

The above exception was the direct cause of the following exception:

Traceback (most recent call last):
  File "/home/ssh2003/MyProjects/quad-pinn-project/sim_scripts/data_collection/wind_random_sweep.py", line 239, in run
    pv_task, att_task, gyro_task, actuator_task, sender_task) = await asyncio.wait_for(
  File "/home/ssh2003/miniconda3/envs/px4sim/lib/python3.10/asyncio/tasks.py", line 458, in wait_for
    raise exceptions.TimeoutError() from exc
asyncio.exceptions.TimeoutError

During handling of the above exception, another exception occurred:

Traceback (most recent call last):
  File "/home/ssh2003/MyProjects/quad-pinn-project/sim_scripts/data_collection/wind_random_sweep.py", line 401, in <module>
    asyncio.run(run())
  File "/home/ssh2003/miniconda3/envs/px4sim/lib/python3.10/asyncio/runners.py", line 44, in run
    return loop.run_until_complete(main)
  File "/home/ssh2003/miniconda3/envs/px4sim/lib/python3.10/asyncio/base_events.py", line 649, in run_until_complete
    return future.result()
  File "/home/ssh2003/MyProjects/quad-pinn-project/sim_scripts/data_collection/wind_random_sweep.py", line 242, in run
    raise RuntimeError(
RuntimeError: 이륙 준비(연결~offboard 시작)가 90초를 넘음 (SITL 재시작 문제 가능성)
  [수집] 세션 11 시도 3/3 실패 (exit code 1)
  [수집] 세션 11 최종 실패 (3회 모두 실패) - 다음 세션으로 계속 진행

############################################################
# 세션 12/15
############################################################
  [SITL] 기존 프로세스 정리 중 (정상종료 시도)...
Terminated
  [SITL] 강제 정리 (남아있는 프로세스 있으면)...
  [SITL] 재시작 중...
  [SITL] px4 프로세스 감지됨 (1s). 안정화 대기 15s...
  [수집] 시작 (seed=12042, yaw-offset=22.000도, 시도 1/3, 타임아웃 4196초)
PX4 SITL에 연결 시도 중...
-> 드론에 연결됨!
GPS/홈 위치 확인 중...
Traceback (most recent call last):
  File "/home/ssh2003/MyProjects/quad-pinn-project/sim_scripts/data_collection/wind_random_sweep.py", line 110, in _preflight
    async for health in drone.telemetry.health():
  File "/home/ssh2003/miniconda3/envs/px4sim/lib/python3.10/site-packages/mavsdk/telemetry.py", line 3584, in health
    async for response in health_stream:
  File "/home/ssh2003/miniconda3/envs/px4sim/lib/python3.10/site-packages/grpc/aio/_call.py", line 363, in _fetch_stream_responses
    message = await self._read()
  File "/home/ssh2003/miniconda3/envs/px4sim/lib/python3.10/site-packages/grpc/aio/_call.py", line 380, in _read
    raw_response = await self._cython_call.receive_serialized_message()
  File "src/python/grpcio/grpc/_cython/_cygrpc/aio/call.pyx.pxi", line 392, in receive_serialized_message
  File "src/python/grpcio/grpc/_cython/_cygrpc/aio/callback_common.pyx.pxi", line 126, in _receive_message
  File "src/python/grpcio/grpc/_cython/_cygrpc/aio/callback_common.pyx.pxi", line 99, in execute_batch
asyncio.exceptions.CancelledError

During handling of the above exception, another exception occurred:

Traceback (most recent call last):
  File "/home/ssh2003/miniconda3/envs/px4sim/lib/python3.10/asyncio/tasks.py", line 456, in wait_for
    return fut.result()
asyncio.exceptions.CancelledError

The above exception was the direct cause of the following exception:

Traceback (most recent call last):
  File "/home/ssh2003/MyProjects/quad-pinn-project/sim_scripts/data_collection/wind_random_sweep.py", line 239, in run
    pv_task, att_task, gyro_task, actuator_task, sender_task) = await asyncio.wait_for(
  File "/home/ssh2003/miniconda3/envs/px4sim/lib/python3.10/asyncio/tasks.py", line 458, in wait_for
    raise exceptions.TimeoutError() from exc
asyncio.exceptions.TimeoutError

During handling of the above exception, another exception occurred:

Traceback (most recent call last):
  File "/home/ssh2003/MyProjects/quad-pinn-project/sim_scripts/data_collection/wind_random_sweep.py", line 401, in <module>
    asyncio.run(run())
  File "/home/ssh2003/miniconda3/envs/px4sim/lib/python3.10/asyncio/runners.py", line 44, in run
    return loop.run_until_complete(main)
  File "/home/ssh2003/miniconda3/envs/px4sim/lib/python3.10/asyncio/base_events.py", line 649, in run_until_complete
    return future.result()
  File "/home/ssh2003/MyProjects/quad-pinn-project/sim_scripts/data_collection/wind_random_sweep.py", line 242, in run
    raise RuntimeError(
RuntimeError: 이륙 준비(연결~offboard 시작)가 90초를 넘음 (SITL 재시작 문제 가능성)
  [수집] 세션 12 시도 1/3 실패 (exit code 1)
  [SITL] 기존 프로세스 정리 중 (정상종료 시도)...
Terminated
  [SITL] 강제 정리 (남아있는 프로세스 있으면)...
  [SITL] 재시작 중...
  [SITL] px4 프로세스 감지됨 (1s). 안정화 대기 15s...
  [수집] 시작 (seed=12042, yaw-offset=22.000도, 시도 2/3, 타임아웃 4196초)
PX4 SITL에 연결 시도 중...
-> 드론에 연결됨!
GPS/홈 위치 확인 중...
Traceback (most recent call last):
  File "/home/ssh2003/MyProjects/quad-pinn-project/sim_scripts/data_collection/wind_random_sweep.py", line 110, in _preflight
    async for health in drone.telemetry.health():
  File "/home/ssh2003/miniconda3/envs/px4sim/lib/python3.10/site-packages/mavsdk/telemetry.py", line 3584, in health
    async for response in health_stream:
  File "/home/ssh2003/miniconda3/envs/px4sim/lib/python3.10/site-packages/grpc/aio/_call.py", line 363, in _fetch_stream_responses
    message = await self._read()
  File "/home/ssh2003/miniconda3/envs/px4sim/lib/python3.10/site-packages/grpc/aio/_call.py", line 380, in _read
    raw_response = await self._cython_call.receive_serialized_message()
  File "src/python/grpcio/grpc/_cython/_cygrpc/aio/call.pyx.pxi", line 392, in receive_serialized_message
  File "src/python/grpcio/grpc/_cython/_cygrpc/aio/callback_common.pyx.pxi", line 126, in _receive_message
  File "src/python/grpcio/grpc/_cython/_cygrpc/aio/callback_common.pyx.pxi", line 99, in execute_batch
asyncio.exceptions.CancelledError

During handling of the above exception, another exception occurred:

Traceback (most recent call last):
  File "/home/ssh2003/miniconda3/envs/px4sim/lib/python3.10/asyncio/tasks.py", line 456, in wait_for
    return fut.result()
asyncio.exceptions.CancelledError

The above exception was the direct cause of the following exception:

Traceback (most recent call last):
  File "/home/ssh2003/MyProjects/quad-pinn-project/sim_scripts/data_collection/wind_random_sweep.py", line 239, in run
    pv_task, att_task, gyro_task, actuator_task, sender_task) = await asyncio.wait_for(
  File "/home/ssh2003/miniconda3/envs/px4sim/lib/python3.10/asyncio/tasks.py", line 458, in wait_for
    raise exceptions.TimeoutError() from exc
asyncio.exceptions.TimeoutError

During handling of the above exception, another exception occurred:

Traceback (most recent call last):
  File "/home/ssh2003/MyProjects/quad-pinn-project/sim_scripts/data_collection/wind_random_sweep.py", line 401, in <module>
    asyncio.run(run())
  File "/home/ssh2003/miniconda3/envs/px4sim/lib/python3.10/asyncio/runners.py", line 44, in run
    return loop.run_until_complete(main)
  File "/home/ssh2003/miniconda3/envs/px4sim/lib/python3.10/asyncio/base_events.py", line 649, in run_until_complete
    return future.result()
  File "/home/ssh2003/MyProjects/quad-pinn-project/sim_scripts/data_collection/wind_random_sweep.py", line 242, in run
    raise RuntimeError(
RuntimeError: 이륙 준비(연결~offboard 시작)가 90초를 넘음 (SITL 재시작 문제 가능성)
  [수집] 세션 12 시도 2/3 실패 (exit code 1)
  [SITL] 기존 프로세스 정리 중 (정상종료 시도)...
Terminated
  [SITL] 강제 정리 (남아있는 프로세스 있으면)...
  [SITL] 재시작 중...
  [SITL] px4 프로세스 감지됨 (1s). 안정화 대기 15s...
  [수집] 시작 (seed=12042, yaw-offset=22.000도, 시도 3/3, 타임아웃 4196초)
PX4 SITL에 연결 시도 중...
-> 드론에 연결됨!
GPS/홈 위치 확인 중...
Traceback (most recent call last):
  File "/home/ssh2003/MyProjects/quad-pinn-project/sim_scripts/data_collection/wind_random_sweep.py", line 110, in _preflight
    async for health in drone.telemetry.health():
  File "/home/ssh2003/miniconda3/envs/px4sim/lib/python3.10/site-packages/mavsdk/telemetry.py", line 3584, in health
    async for response in health_stream:
  File "/home/ssh2003/miniconda3/envs/px4sim/lib/python3.10/site-packages/grpc/aio/_call.py", line 363, in _fetch_stream_responses
    message = await self._read()
  File "/home/ssh2003/miniconda3/envs/px4sim/lib/python3.10/site-packages/grpc/aio/_call.py", line 380, in _read
    raw_response = await self._cython_call.receive_serialized_message()
  File "src/python/grpcio/grpc/_cython/_cygrpc/aio/call.pyx.pxi", line 392, in receive_serialized_message
  File "src/python/grpcio/grpc/_cython/_cygrpc/aio/callback_common.pyx.pxi", line 126, in _receive_message
  File "src/python/grpcio/grpc/_cython/_cygrpc/aio/callback_common.pyx.pxi", line 99, in execute_batch
asyncio.exceptions.CancelledError

During handling of the above exception, another exception occurred:

Traceback (most recent call last):
  File "/home/ssh2003/miniconda3/envs/px4sim/lib/python3.10/asyncio/tasks.py", line 456, in wait_for
    return fut.result()
asyncio.exceptions.CancelledError

The above exception was the direct cause of the following exception:

Traceback (most recent call last):
  File "/home/ssh2003/MyProjects/quad-pinn-project/sim_scripts/data_collection/wind_random_sweep.py", line 239, in run
    pv_task, att_task, gyro_task, actuator_task, sender_task) = await asyncio.wait_for(
  File "/home/ssh2003/miniconda3/envs/px4sim/lib/python3.10/asyncio/tasks.py", line 458, in wait_for
    raise exceptions.TimeoutError() from exc
asyncio.exceptions.TimeoutError

During handling of the above exception, another exception occurred:

Traceback (most recent call last):
  File "/home/ssh2003/MyProjects/quad-pinn-project/sim_scripts/data_collection/wind_random_sweep.py", line 401, in <module>
    asyncio.run(run())
  File "/home/ssh2003/miniconda3/envs/px4sim/lib/python3.10/asyncio/runners.py", line 44, in run
    return loop.run_until_complete(main)
  File "/home/ssh2003/miniconda3/envs/px4sim/lib/python3.10/asyncio/base_events.py", line 649, in run_until_complete
    return future.result()
  File "/home/ssh2003/MyProjects/quad-pinn-project/sim_scripts/data_collection/wind_random_sweep.py", line 242, in run
    raise RuntimeError(
RuntimeError: 이륙 준비(연결~offboard 시작)가 90초를 넘음 (SITL 재시작 문제 가능성)
  [수집] 세션 12 시도 3/3 실패 (exit code 1)
  [수집] 세션 12 최종 실패 (3회 모두 실패) - 다음 세션으로 계속 진행

############################################################
# 세션 13/15
############################################################
  [SITL] 기존 프로세스 정리 중 (정상종료 시도)...
Terminated
  [SITL] 강제 정리 (남아있는 프로세스 있으면)...
  [SITL] 재시작 중...
  [SITL] px4 프로세스 감지됨 (1s). 안정화 대기 15s...
  [수집] 시작 (seed=13042, yaw-offset=24.000도, 시도 1/3, 타임아웃 4196초)
PX4 SITL에 연결 시도 중...
-> 드론에 연결됨!
GPS/홈 위치 확인 중...
Traceback (most recent call last):
  File "/home/ssh2003/MyProjects/quad-pinn-project/sim_scripts/data_collection/wind_random_sweep.py", line 110, in _preflight
    async for health in drone.telemetry.health():
  File "/home/ssh2003/miniconda3/envs/px4sim/lib/python3.10/site-packages/mavsdk/telemetry.py", line 3584, in health
    async for response in health_stream:
  File "/home/ssh2003/miniconda3/envs/px4sim/lib/python3.10/site-packages/grpc/aio/_call.py", line 363, in _fetch_stream_responses
    message = await self._read()
  File "/home/ssh2003/miniconda3/envs/px4sim/lib/python3.10/site-packages/grpc/aio/_call.py", line 380, in _read
    raw_response = await self._cython_call.receive_serialized_message()
  File "src/python/grpcio/grpc/_cython/_cygrpc/aio/call.pyx.pxi", line 392, in receive_serialized_message
  File "src/python/grpcio/grpc/_cython/_cygrpc/aio/callback_common.pyx.pxi", line 126, in _receive_message
  File "src/python/grpcio/grpc/_cython/_cygrpc/aio/callback_common.pyx.pxi", line 99, in execute_batch
asyncio.exceptions.CancelledError

During handling of the above exception, another exception occurred:

Traceback (most recent call last):
  File "/home/ssh2003/miniconda3/envs/px4sim/lib/python3.10/asyncio/tasks.py", line 456, in wait_for
    return fut.result()
asyncio.exceptions.CancelledError

The above exception was the direct cause of the following exception:

Traceback (most recent call last):
  File "/home/ssh2003/MyProjects/quad-pinn-project/sim_scripts/data_collection/wind_random_sweep.py", line 239, in run
    pv_task, att_task, gyro_task, actuator_task, sender_task) = await asyncio.wait_for(
  File "/home/ssh2003/miniconda3/envs/px4sim/lib/python3.10/asyncio/tasks.py", line 458, in wait_for
    raise exceptions.TimeoutError() from exc
asyncio.exceptions.TimeoutError

During handling of the above exception, another exception occurred:

Traceback (most recent call last):
  File "/home/ssh2003/MyProjects/quad-pinn-project/sim_scripts/data_collection/wind_random_sweep.py", line 401, in <module>
    asyncio.run(run())
  File "/home/ssh2003/miniconda3/envs/px4sim/lib/python3.10/asyncio/runners.py", line 44, in run
    return loop.run_until_complete(main)
  File "/home/ssh2003/miniconda3/envs/px4sim/lib/python3.10/asyncio/base_events.py", line 649, in run_until_complete
    return future.result()
  File "/home/ssh2003/MyProjects/quad-pinn-project/sim_scripts/data_collection/wind_random_sweep.py", line 242, in run
    raise RuntimeError(
RuntimeError: 이륙 준비(연결~offboard 시작)가 90초를 넘음 (SITL 재시작 문제 가능성)
  [수집] 세션 13 시도 1/3 실패 (exit code 1)
  [SITL] 기존 프로세스 정리 중 (정상종료 시도)...
Terminated
  [SITL] 강제 정리 (남아있는 프로세스 있으면)...
  [SITL] 재시작 중...
  [SITL] px4 프로세스 감지됨 (1s). 안정화 대기 15s...
  [수집] 시작 (seed=13042, yaw-offset=24.000도, 시도 2/3, 타임아웃 4196초)
PX4 SITL에 연결 시도 중...
-> 드론에 연결됨!
GPS/홈 위치 확인 중...
Traceback (most recent call last):
  File "/home/ssh2003/MyProjects/quad-pinn-project/sim_scripts/data_collection/wind_random_sweep.py", line 110, in _preflight
    async for health in drone.telemetry.health():
  File "/home/ssh2003/miniconda3/envs/px4sim/lib/python3.10/site-packages/mavsdk/telemetry.py", line 3584, in health
    async for response in health_stream:
  File "/home/ssh2003/miniconda3/envs/px4sim/lib/python3.10/site-packages/grpc/aio/_call.py", line 363, in _fetch_stream_responses
    message = await self._read()
  File "/home/ssh2003/miniconda3/envs/px4sim/lib/python3.10/site-packages/grpc/aio/_call.py", line 380, in _read
    raw_response = await self._cython_call.receive_serialized_message()
  File "src/python/grpcio/grpc/_cython/_cygrpc/aio/call.pyx.pxi", line 392, in receive_serialized_message
  File "src/python/grpcio/grpc/_cython/_cygrpc/aio/callback_common.pyx.pxi", line 126, in _receive_message
  File "src/python/grpcio/grpc/_cython/_cygrpc/aio/callback_common.pyx.pxi", line 99, in execute_batch
asyncio.exceptions.CancelledError

During handling of the above exception, another exception occurred:

Traceback (most recent call last):
  File "/home/ssh2003/miniconda3/envs/px4sim/lib/python3.10/asyncio/tasks.py", line 456, in wait_for
    return fut.result()
asyncio.exceptions.CancelledError

The above exception was the direct cause of the following exception:

Traceback (most recent call last):
  File "/home/ssh2003/MyProjects/quad-pinn-project/sim_scripts/data_collection/wind_random_sweep.py", line 239, in run
    pv_task, att_task, gyro_task, actuator_task, sender_task) = await asyncio.wait_for(
  File "/home/ssh2003/miniconda3/envs/px4sim/lib/python3.10/asyncio/tasks.py", line 458, in wait_for
    raise exceptions.TimeoutError() from exc
asyncio.exceptions.TimeoutError

During handling of the above exception, another exception occurred:

Traceback (most recent call last):
  File "/home/ssh2003/MyProjects/quad-pinn-project/sim_scripts/data_collection/wind_random_sweep.py", line 401, in <module>
    asyncio.run(run())
  File "/home/ssh2003/miniconda3/envs/px4sim/lib/python3.10/asyncio/runners.py", line 44, in run
    return loop.run_until_complete(main)
  File "/home/ssh2003/miniconda3/envs/px4sim/lib/python3.10/asyncio/base_events.py", line 649, in run_until_complete
    return future.result()
  File "/home/ssh2003/MyProjects/quad-pinn-project/sim_scripts/data_collection/wind_random_sweep.py", line 242, in run
    raise RuntimeError(
RuntimeError: 이륙 준비(연결~offboard 시작)가 90초를 넘음 (SITL 재시작 문제 가능성)
  [수집] 세션 13 시도 2/3 실패 (exit code 1)
  [SITL] 기존 프로세스 정리 중 (정상종료 시도)...
Terminated
  [SITL] 강제 정리 (남아있는 프로세스 있으면)...
  [SITL] 재시작 중...
  [SITL] px4 프로세스 감지됨 (1s). 안정화 대기 15s...
  [수집] 시작 (seed=13042, yaw-offset=24.000도, 시도 3/3, 타임아웃 4196초)
PX4 SITL에 연결 시도 중...
-> 드론에 연결됨!
GPS/홈 위치 확인 중...
Traceback (most recent call last):
  File "/home/ssh2003/MyProjects/quad-pinn-project/sim_scripts/data_collection/wind_random_sweep.py", line 110, in _preflight
    async for health in drone.telemetry.health():
  File "/home/ssh2003/miniconda3/envs/px4sim/lib/python3.10/site-packages/mavsdk/telemetry.py", line 3584, in health
    async for response in health_stream:
  File "/home/ssh2003/miniconda3/envs/px4sim/lib/python3.10/site-packages/grpc/aio/_call.py", line 363, in _fetch_stream_responses
    message = await self._read()
  File "/home/ssh2003/miniconda3/envs/px4sim/lib/python3.10/site-packages/grpc/aio/_call.py", line 380, in _read
    raw_response = await self._cython_call.receive_serialized_message()
  File "src/python/grpcio/grpc/_cython/_cygrpc/aio/call.pyx.pxi", line 392, in receive_serialized_message
  File "src/python/grpcio/grpc/_cython/_cygrpc/aio/callback_common.pyx.pxi", line 126, in _receive_message
  File "src/python/grpcio/grpc/_cython/_cygrpc/aio/callback_common.pyx.pxi", line 99, in execute_batch
asyncio.exceptions.CancelledError

During handling of the above exception, another exception occurred:

Traceback (most recent call last):
  File "/home/ssh2003/miniconda3/envs/px4sim/lib/python3.10/asyncio/tasks.py", line 456, in wait_for
    return fut.result()
asyncio.exceptions.CancelledError

The above exception was the direct cause of the following exception:

Traceback (most recent call last):
  File "/home/ssh2003/MyProjects/quad-pinn-project/sim_scripts/data_collection/wind_random_sweep.py", line 239, in run
    pv_task, att_task, gyro_task, actuator_task, sender_task) = await asyncio.wait_for(
  File "/home/ssh2003/miniconda3/envs/px4sim/lib/python3.10/asyncio/tasks.py", line 458, in wait_for
    raise exceptions.TimeoutError() from exc
asyncio.exceptions.TimeoutError

During handling of the above exception, another exception occurred:

Traceback (most recent call last):
  File "/home/ssh2003/MyProjects/quad-pinn-project/sim_scripts/data_collection/wind_random_sweep.py", line 401, in <module>
    asyncio.run(run())
  File "/home/ssh2003/miniconda3/envs/px4sim/lib/python3.10/asyncio/runners.py", line 44, in run
    return loop.run_until_complete(main)
  File "/home/ssh2003/miniconda3/envs/px4sim/lib/python3.10/asyncio/base_events.py", line 649, in run_until_complete
    return future.result()
  File "/home/ssh2003/MyProjects/quad-pinn-project/sim_scripts/data_collection/wind_random_sweep.py", line 242, in run
    raise RuntimeError(
RuntimeError: 이륙 준비(연결~offboard 시작)가 90초를 넘음 (SITL 재시작 문제 가능성)
  [수집] 세션 13 시도 3/3 실패 (exit code 1)
  [수집] 세션 13 최종 실패 (3회 모두 실패) - 다음 세션으로 계속 진행

############################################################
# 세션 14/15
############################################################
  [SITL] 기존 프로세스 정리 중 (정상종료 시도)...
Terminated
  [SITL] 강제 정리 (남아있는 프로세스 있으면)...
  [SITL] 재시작 중...
  [SITL] px4 프로세스 감지됨 (1s). 안정화 대기 15s...
  [수집] 시작 (seed=14042, yaw-offset=26.000도, 시도 1/3, 타임아웃 4196초)
PX4 SITL에 연결 시도 중...
-> 드론에 연결됨!
GPS/홈 위치 확인 중...
Traceback (most recent call last):
  File "/home/ssh2003/MyProjects/quad-pinn-project/sim_scripts/data_collection/wind_random_sweep.py", line 110, in _preflight
    async for health in drone.telemetry.health():
  File "/home/ssh2003/miniconda3/envs/px4sim/lib/python3.10/site-packages/mavsdk/telemetry.py", line 3584, in health
    async for response in health_stream:
  File "/home/ssh2003/miniconda3/envs/px4sim/lib/python3.10/site-packages/grpc/aio/_call.py", line 363, in _fetch_stream_responses
    message = await self._read()
  File "/home/ssh2003/miniconda3/envs/px4sim/lib/python3.10/site-packages/grpc/aio/_call.py", line 380, in _read
    raw_response = await self._cython_call.receive_serialized_message()
  File "src/python/grpcio/grpc/_cython/_cygrpc/aio/call.pyx.pxi", line 392, in receive_serialized_message
  File "src/python/grpcio/grpc/_cython/_cygrpc/aio/callback_common.pyx.pxi", line 126, in _receive_message
  File "src/python/grpcio/grpc/_cython/_cygrpc/aio/callback_common.pyx.pxi", line 99, in execute_batch
asyncio.exceptions.CancelledError

During handling of the above exception, another exception occurred:

Traceback (most recent call last):
  File "/home/ssh2003/miniconda3/envs/px4sim/lib/python3.10/asyncio/tasks.py", line 456, in wait_for
    return fut.result()
asyncio.exceptions.CancelledError

The above exception was the direct cause of the following exception:

Traceback (most recent call last):
  File "/home/ssh2003/MyProjects/quad-pinn-project/sim_scripts/data_collection/wind_random_sweep.py", line 239, in run
    pv_task, att_task, gyro_task, actuator_task, sender_task) = await asyncio.wait_for(
  File "/home/ssh2003/miniconda3/envs/px4sim/lib/python3.10/asyncio/tasks.py", line 458, in wait_for
    raise exceptions.TimeoutError() from exc
asyncio.exceptions.TimeoutError

During handling of the above exception, another exception occurred:

Traceback (most recent call last):
  File "/home/ssh2003/MyProjects/quad-pinn-project/sim_scripts/data_collection/wind_random_sweep.py", line 401, in <module>
    asyncio.run(run())
  File "/home/ssh2003/miniconda3/envs/px4sim/lib/python3.10/asyncio/runners.py", line 44, in run
    return loop.run_until_complete(main)
  File "/home/ssh2003/miniconda3/envs/px4sim/lib/python3.10/asyncio/base_events.py", line 649, in run_until_complete
    return future.result()
  File "/home/ssh2003/MyProjects/quad-pinn-project/sim_scripts/data_collection/wind_random_sweep.py", line 242, in run
    raise RuntimeError(
RuntimeError: 이륙 준비(연결~offboard 시작)가 90초를 넘음 (SITL 재시작 문제 가능성)
  [수집] 세션 14 시도 1/3 실패 (exit code 1)
  [SITL] 기존 프로세스 정리 중 (정상종료 시도)...
Terminated
  [SITL] 강제 정리 (남아있는 프로세스 있으면)...
  [SITL] 재시작 중...
  [SITL] px4 프로세스 감지됨 (1s). 안정화 대기 15s...
  [수집] 시작 (seed=14042, yaw-offset=26.000도, 시도 2/3, 타임아웃 4196초)
PX4 SITL에 연결 시도 중...
-> 드론에 연결됨!
GPS/홈 위치 확인 중...
Traceback (most recent call last):
  File "/home/ssh2003/MyProjects/quad-pinn-project/sim_scripts/data_collection/wind_random_sweep.py", line 110, in _preflight
    async for health in drone.telemetry.health():
  File "/home/ssh2003/miniconda3/envs/px4sim/lib/python3.10/site-packages/mavsdk/telemetry.py", line 3584, in health
    async for response in health_stream:
  File "/home/ssh2003/miniconda3/envs/px4sim/lib/python3.10/site-packages/grpc/aio/_call.py", line 363, in _fetch_stream_responses
    message = await self._read()
  File "/home/ssh2003/miniconda3/envs/px4sim/lib/python3.10/site-packages/grpc/aio/_call.py", line 380, in _read
    raw_response = await self._cython_call.receive_serialized_message()
  File "src/python/grpcio/grpc/_cython/_cygrpc/aio/call.pyx.pxi", line 392, in receive_serialized_message
  File "src/python/grpcio/grpc/_cython/_cygrpc/aio/callback_common.pyx.pxi", line 126, in _receive_message
  File "src/python/grpcio/grpc/_cython/_cygrpc/aio/callback_common.pyx.pxi", line 99, in execute_batch
asyncio.exceptions.CancelledError

During handling of the above exception, another exception occurred:

Traceback (most recent call last):
  File "/home/ssh2003/miniconda3/envs/px4sim/lib/python3.10/asyncio/tasks.py", line 456, in wait_for
    return fut.result()
asyncio.exceptions.CancelledError

The above exception was the direct cause of the following exception:

Traceback (most recent call last):
  File "/home/ssh2003/MyProjects/quad-pinn-project/sim_scripts/data_collection/wind_random_sweep.py", line 239, in run
    pv_task, att_task, gyro_task, actuator_task, sender_task) = await asyncio.wait_for(
  File "/home/ssh2003/miniconda3/envs/px4sim/lib/python3.10/asyncio/tasks.py", line 458, in wait_for
    raise exceptions.TimeoutError() from exc
asyncio.exceptions.TimeoutError

During handling of the above exception, another exception occurred:

Traceback (most recent call last):
  File "/home/ssh2003/MyProjects/quad-pinn-project/sim_scripts/data_collection/wind_random_sweep.py", line 401, in <module>
    asyncio.run(run())
  File "/home/ssh2003/miniconda3/envs/px4sim/lib/python3.10/asyncio/runners.py", line 44, in run
    return loop.run_until_complete(main)
  File "/home/ssh2003/miniconda3/envs/px4sim/lib/python3.10/asyncio/base_events.py", line 649, in run_until_complete
    return future.result()
  File "/home/ssh2003/MyProjects/quad-pinn-project/sim_scripts/data_collection/wind_random_sweep.py", line 242, in run
    raise RuntimeError(
RuntimeError: 이륙 준비(연결~offboard 시작)가 90초를 넘음 (SITL 재시작 문제 가능성)
  [수집] 세션 14 시도 2/3 실패 (exit code 1)
  [SITL] 기존 프로세스 정리 중 (정상종료 시도)...
Terminated
  [SITL] 강제 정리 (남아있는 프로세스 있으면)...
  [SITL] 재시작 중...
  [SITL] px4 프로세스 감지됨 (1s). 안정화 대기 15s...
  [수집] 시작 (seed=14042, yaw-offset=26.000도, 시도 3/3, 타임아웃 4196초)
PX4 SITL에 연결 시도 중...
-> 드론에 연결됨!
GPS/홈 위치 확인 중...
Traceback (most recent call last):
  File "/home/ssh2003/MyProjects/quad-pinn-project/sim_scripts/data_collection/wind_random_sweep.py", line 110, in _preflight
    async for health in drone.telemetry.health():
  File "/home/ssh2003/miniconda3/envs/px4sim/lib/python3.10/site-packages/mavsdk/telemetry.py", line 3584, in health
    async for response in health_stream:
  File "/home/ssh2003/miniconda3/envs/px4sim/lib/python3.10/site-packages/grpc/aio/_call.py", line 363, in _fetch_stream_responses
    message = await self._read()
  File "/home/ssh2003/miniconda3/envs/px4sim/lib/python3.10/site-packages/grpc/aio/_call.py", line 380, in _read
    raw_response = await self._cython_call.receive_serialized_message()
  File "src/python/grpcio/grpc/_cython/_cygrpc/aio/call.pyx.pxi", line 392, in receive_serialized_message
  File "src/python/grpcio/grpc/_cython/_cygrpc/aio/callback_common.pyx.pxi", line 126, in _receive_message
  File "src/python/grpcio/grpc/_cython/_cygrpc/aio/callback_common.pyx.pxi", line 99, in execute_batch
asyncio.exceptions.CancelledError

During handling of the above exception, another exception occurred:

Traceback (most recent call last):
  File "/home/ssh2003/miniconda3/envs/px4sim/lib/python3.10/asyncio/tasks.py", line 456, in wait_for
    return fut.result()
asyncio.exceptions.CancelledError

The above exception was the direct cause of the following exception:

Traceback (most recent call last):
  File "/home/ssh2003/MyProjects/quad-pinn-project/sim_scripts/data_collection/wind_random_sweep.py", line 239, in run
    pv_task, att_task, gyro_task, actuator_task, sender_task) = await asyncio.wait_for(
  File "/home/ssh2003/miniconda3/envs/px4sim/lib/python3.10/asyncio/tasks.py", line 458, in wait_for
    raise exceptions.TimeoutError() from exc
asyncio.exceptions.TimeoutError

During handling of the above exception, another exception occurred:

Traceback (most recent call last):
  File "/home/ssh2003/MyProjects/quad-pinn-project/sim_scripts/data_collection/wind_random_sweep.py", line 401, in <module>
    asyncio.run(run())
  File "/home/ssh2003/miniconda3/envs/px4sim/lib/python3.10/asyncio/runners.py", line 44, in run
    return loop.run_until_complete(main)
  File "/home/ssh2003/miniconda3/envs/px4sim/lib/python3.10/asyncio/base_events.py", line 649, in run_until_complete
    return future.result()
  File "/home/ssh2003/MyProjects/quad-pinn-project/sim_scripts/data_collection/wind_random_sweep.py", line 242, in run
    raise RuntimeError(
RuntimeError: 이륙 준비(연결~offboard 시작)가 90초를 넘음 (SITL 재시작 문제 가능성)
  [수집] 세션 14 시도 3/3 실패 (exit code 1)
  [수집] 세션 14 최종 실패 (3회 모두 실패) - 다음 세션으로 계속 진행

############################################################
# 세션 15/15
############################################################
  [SITL] 기존 프로세스 정리 중 (정상종료 시도)...
Terminated
  [SITL] 강제 정리 (남아있는 프로세스 있으면)...
  [SITL] 재시작 중...
  [SITL] px4 프로세스 감지됨 (1s). 안정화 대기 15s...
  [수집] 시작 (seed=15042, yaw-offset=28.000도, 시도 1/3, 타임아웃 4196초)
PX4 SITL에 연결 시도 중...
-> 드론에 연결됨!
GPS/홈 위치 확인 중...
Traceback (most recent call last):
  File "/home/ssh2003/MyProjects/quad-pinn-project/sim_scripts/data_collection/wind_random_sweep.py", line 110, in _preflight
    async for health in drone.telemetry.health():
  File "/home/ssh2003/miniconda3/envs/px4sim/lib/python3.10/site-packages/mavsdk/telemetry.py", line 3584, in health
    async for response in health_stream:
  File "/home/ssh2003/miniconda3/envs/px4sim/lib/python3.10/site-packages/grpc/aio/_call.py", line 363, in _fetch_stream_responses
    message = await self._read()
  File "/home/ssh2003/miniconda3/envs/px4sim/lib/python3.10/site-packages/grpc/aio/_call.py", line 380, in _read
    raw_response = await self._cython_call.receive_serialized_message()
  File "src/python/grpcio/grpc/_cython/_cygrpc/aio/call.pyx.pxi", line 392, in receive_serialized_message
  File "src/python/grpcio/grpc/_cython/_cygrpc/aio/callback_common.pyx.pxi", line 126, in _receive_message
  File "src/python/grpcio/grpc/_cython/_cygrpc/aio/callback_common.pyx.pxi", line 99, in execute_batch
asyncio.exceptions.CancelledError

During handling of the above exception, another exception occurred:

Traceback (most recent call last):
  File "/home/ssh2003/miniconda3/envs/px4sim/lib/python3.10/asyncio/tasks.py", line 456, in wait_for
    return fut.result()
asyncio.exceptions.CancelledError

The above exception was the direct cause of the following exception:

Traceback (most recent call last):
  File "/home/ssh2003/MyProjects/quad-pinn-project/sim_scripts/data_collection/wind_random_sweep.py", line 239, in run
    pv_task, att_task, gyro_task, actuator_task, sender_task) = await asyncio.wait_for(
  File "/home/ssh2003/miniconda3/envs/px4sim/lib/python3.10/asyncio/tasks.py", line 458, in wait_for
    raise exceptions.TimeoutError() from exc
asyncio.exceptions.TimeoutError

During handling of the above exception, another exception occurred:

Traceback (most recent call last):
  File "/home/ssh2003/MyProjects/quad-pinn-project/sim_scripts/data_collection/wind_random_sweep.py", line 401, in <module>
    asyncio.run(run())
  File "/home/ssh2003/miniconda3/envs/px4sim/lib/python3.10/asyncio/runners.py", line 44, in run
    return loop.run_until_complete(main)
  File "/home/ssh2003/miniconda3/envs/px4sim/lib/python3.10/asyncio/base_events.py", line 649, in run_until_complete
    return future.result()
  File "/home/ssh2003/MyProjects/quad-pinn-project/sim_scripts/data_collection/wind_random_sweep.py", line 242, in run
    raise RuntimeError(
RuntimeError: 이륙 준비(연결~offboard 시작)가 90초를 넘음 (SITL 재시작 문제 가능성)
  [수집] 세션 15 시도 1/3 실패 (exit code 1)
  [SITL] 기존 프로세스 정리 중 (정상종료 시도)...
Terminated
  [SITL] 강제 정리 (남아있는 프로세스 있으면)...
  [SITL] 재시작 중...
  [SITL] px4 프로세스 감지됨 (1s). 안정화 대기 15s...
  [수집] 시작 (seed=15042, yaw-offset=28.000도, 시도 2/3, 타임아웃 4196초)
PX4 SITL에 연결 시도 중...
-> 드론에 연결됨!
GPS/홈 위치 확인 중...
Traceback (most recent call last):
  File "/home/ssh2003/MyProjects/quad-pinn-project/sim_scripts/data_collection/wind_random_sweep.py", line 110, in _preflight
    async for health in drone.telemetry.health():
  File "/home/ssh2003/miniconda3/envs/px4sim/lib/python3.10/site-packages/mavsdk/telemetry.py", line 3584, in health
    async for response in health_stream:
  File "/home/ssh2003/miniconda3/envs/px4sim/lib/python3.10/site-packages/grpc/aio/_call.py", line 363, in _fetch_stream_responses
    message = await self._read()
  File "/home/ssh2003/miniconda3/envs/px4sim/lib/python3.10/site-packages/grpc/aio/_call.py", line 380, in _read
    raw_response = await self._cython_call.receive_serialized_message()
  File "src/python/grpcio/grpc/_cython/_cygrpc/aio/call.pyx.pxi", line 392, in receive_serialized_message
  File "src/python/grpcio/grpc/_cython/_cygrpc/aio/callback_common.pyx.pxi", line 126, in _receive_message
  File "src/python/grpcio/grpc/_cython/_cygrpc/aio/callback_common.pyx.pxi", line 99, in execute_batch
asyncio.exceptions.CancelledError

During handling of the above exception, another exception occurred:

Traceback (most recent call last):
  File "/home/ssh2003/miniconda3/envs/px4sim/lib/python3.10/asyncio/tasks.py", line 456, in wait_for
    return fut.result()
asyncio.exceptions.CancelledError

The above exception was the direct cause of the following exception:

Traceback (most recent call last):
  File "/home/ssh2003/MyProjects/quad-pinn-project/sim_scripts/data_collection/wind_random_sweep.py", line 239, in run
    pv_task, att_task, gyro_task, actuator_task, sender_task) = await asyncio.wait_for(
  File "/home/ssh2003/miniconda3/envs/px4sim/lib/python3.10/asyncio/tasks.py", line 458, in wait_for
    raise exceptions.TimeoutError() from exc
asyncio.exceptions.TimeoutError

During handling of the above exception, another exception occurred:

Traceback (most recent call last):
  File "/home/ssh2003/MyProjects/quad-pinn-project/sim_scripts/data_collection/wind_random_sweep.py", line 401, in <module>
    asyncio.run(run())
  File "/home/ssh2003/miniconda3/envs/px4sim/lib/python3.10/asyncio/runners.py", line 44, in run
    return loop.run_until_complete(main)
  File "/home/ssh2003/miniconda3/envs/px4sim/lib/python3.10/asyncio/base_events.py", line 649, in run_until_complete
    return future.result()
  File "/home/ssh2003/MyProjects/quad-pinn-project/sim_scripts/data_collection/wind_random_sweep.py", line 242, in run
    raise RuntimeError(
RuntimeError: 이륙 준비(연결~offboard 시작)가 90초를 넘음 (SITL 재시작 문제 가능성)
  [수집] 세션 15 시도 2/3 실패 (exit code 1)
  [SITL] 기존 프로세스 정리 중 (정상종료 시도)...
Terminated
  [SITL] 강제 정리 (남아있는 프로세스 있으면)...
  [SITL] 재시작 중...
  [SITL] px4 프로세스 감지됨 (1s). 안정화 대기 15s...
  [수집] 시작 (seed=15042, yaw-offset=28.000도, 시도 3/3, 타임아웃 4196초)
PX4 SITL에 연결 시도 중...
-> 드론에 연결됨!
GPS/홈 위치 확인 중...
Traceback (most recent call last):
  File "/home/ssh2003/MyProjects/quad-pinn-project/sim_scripts/data_collection/wind_random_sweep.py", line 110, in _preflight
    async for health in drone.telemetry.health():
  File "/home/ssh2003/miniconda3/envs/px4sim/lib/python3.10/site-packages/mavsdk/telemetry.py", line 3584, in health
    async for response in health_stream:
  File "/home/ssh2003/miniconda3/envs/px4sim/lib/python3.10/site-packages/grpc/aio/_call.py", line 363, in _fetch_stream_responses
    message = await self._read()
  File "/home/ssh2003/miniconda3/envs/px4sim/lib/python3.10/site-packages/grpc/aio/_call.py", line 380, in _read
    raw_response = await self._cython_call.receive_serialized_message()
  File "src/python/grpcio/grpc/_cython/_cygrpc/aio/call.pyx.pxi", line 392, in receive_serialized_message
  File "src/python/grpcio/grpc/_cython/_cygrpc/aio/callback_common.pyx.pxi", line 126, in _receive_message
  File "src/python/grpcio/grpc/_cython/_cygrpc/aio/callback_common.pyx.pxi", line 99, in execute_batch
asyncio.exceptions.CancelledError

During handling of the above exception, another exception occurred:

Traceback (most recent call last):
  File "/home/ssh2003/miniconda3/envs/px4sim/lib/python3.10/asyncio/tasks.py", line 456, in wait_for
    return fut.result()
asyncio.exceptions.CancelledError

The above exception was the direct cause of the following exception:

Traceback (most recent call last):
  File "/home/ssh2003/MyProjects/quad-pinn-project/sim_scripts/data_collection/wind_random_sweep.py", line 239, in run
    pv_task, att_task, gyro_task, actuator_task, sender_task) = await asyncio.wait_for(
  File "/home/ssh2003/miniconda3/envs/px4sim/lib/python3.10/asyncio/tasks.py", line 458, in wait_for
    raise exceptions.TimeoutError() from exc
asyncio.exceptions.TimeoutError

During handling of the above exception, another exception occurred:

Traceback (most recent call last):
  File "/home/ssh2003/MyProjects/quad-pinn-project/sim_scripts/data_collection/wind_random_sweep.py", line 401, in <module>
    asyncio.run(run())
  File "/home/ssh2003/miniconda3/envs/px4sim/lib/python3.10/asyncio/runners.py", line 44, in run
    return loop.run_until_complete(main)
  File "/home/ssh2003/miniconda3/envs/px4sim/lib/python3.10/asyncio/base_events.py", line 649, in run_until_complete
    return future.result()
  File "/home/ssh2003/MyProjects/quad-pinn-project/sim_scripts/data_collection/wind_random_sweep.py", line 242, in run
    raise RuntimeError(
RuntimeError: 이륙 준비(연결~offboard 시작)가 90초를 넘음 (SITL 재시작 문제 가능성)
  [수집] 세션 15 시도 3/3 실패 (exit code 1)
  [수집] 세션 15 최종 실패 (3회 모두 실패) - 다음 세션으로 계속 진행

############################################################
# 전체 완료: 15개 세션 중 7개 성공, 8개 실패
# 결과 CSV: /home/ssh2003/MyProjects/quad-pinn-project/logs/wind_random_*.csv
############################################################

  [그래프] 세션 7개 통합 요약(모자이크+전체 겹침) 생성 중...
    findfont: Failed to find font weight normal, now using 100.
    findfont: Failed to find font weight normal, now using 100.
    findfont: Failed to find font weight normal, now using 100.
    findfont: Failed to find font weight normal, now using 100.
    findfont: Failed to find font weight normal, now using 100.
    저장됨: /home/ssh2003/MyProjects/quad-pinn-project/figures/wind_random_20260812_000029_n12x15_td15/all_sessions_montage.png (3300x1046)
      총 트라이얼(선) 수: 1260
    저장됨: /home/ssh2003/MyProjects/quad-pinn-project/figures/wind_random_20260812_000029_n12x15_td15/all_trials_overlay.png
  [그래프] 전체 결과: /home/ssh2003/MyProjects/quad-pinn-project/figures/wind_random_20260812_000029_n12x15_td15
  [정리] 마지막 SITL 종료 중...
