=== 세션 15개, 세션당 yaw 12 x 방향당 15 = 180조건 (조건당 관측 15초) ===
=== 총 예상 조건 수: 2700 ===
=== 세션들을 합친 yaw 해상도: 180지점 (2.00도 간격) ===
=== 예상 총 소요시간: 약 13.4시간 (대략적인 추정치) ===
=== 세션당 강제종료 타임아웃: 4196초 ===
=== 그래프 저장 폴더: /home/ssh2003/MyProjects/quad-pinn-project/figures/wind_random_20260816_034808_n12x15_td15 ===

############################################################
# 세션 4/15
############################################################
  [SITL] 기존 프로세스 정리 중 (정상종료 시도)...
  [SITL] 강제 정리 (남아있는 프로세스 있으면)...
  [SITL] 재시작 중...
  [SITL] px4 프로세스 감지됨 (1s). 안정화 대기 15s...
  [수집] 시작 (seed=4042, yaw-offset=6.000도, 시도 1/3, 타임아웃 4196초)
PX4 SITL에 연결 시도 중...
-> 드론에 연결됨!
GPS/홈 위치 확인 중...
-> 전역 위치 및 홈 위치 준비 완료

[확인] PX4 SITL이 'windy' 월드로 실행 중인지 확인할 것.

--- Arming ---
-> Armed

--- Takeoff ---
  안전 고도(1.5m) 도달 대기 중...
  -> 안전 고도 도달 (relative_altitude=1.50m)

--- Offboard 진입 준비: 초기 setpoint(현재 위치 고정) 전송 ---

--- Offboard 모드 시작 ---

CSV 로그 저장 경로: ../../logs/wind_random_dither_20260816_034838_yaw6p0_n12x15_speed0-10_seed4042.csv
더더링: OU 프로세스 tau=0.3s sigma=0.1 clamp=±0.15

yaw 12방향(offset=6.0도) x 방향당 바람조건 15개 = 총 180개 수집 시작 (조건당 15초, 예상 총 소요 51.0분 + yaw 회전 시간)

============================================================
=== yaw 1/12: 목표 6도로 회전 중 (현재 90.3도) ===
============================================================
  -> yaw 4.8도로 안정화
  [1/180] yaw=  7.6 wind=(-5.66,-0.12) speed= 5.7m/s  roll= 15.2 pitch=  0.8  dither=(+0.01,+0.03,+0.10)
  [2/180] yaw= -1.7 wind=( 8.17,-3.41) speed= 8.9m/s  roll=  3.9 pitch= -7.2  dither=(-0.04,+0.01,-0.14)
  [3/180] yaw= -0.0 wind=( 2.66, 5.93) speed= 6.5m/s  roll= -9.0 pitch=  4.3  dither=(-0.04,+0.03,+0.02)
  [4/180] yaw= 19.6 wind=(-0.05,-0.02) speed= 0.1m/s  roll= -6.6 pitch= -1.6  dither=(+0.03,-0.05,+0.01)
  [5/180] yaw=  3.5 wind=( 1.06,-4.06) speed= 4.2m/s  roll= -6.1 pitch= -4.1  dither=(+0.00,-0.06,-0.15)
  [6/180] yaw= 10.2 wind=(-2.66,-0.17) speed= 2.7m/s  roll=  6.5 pitch=  2.9  dither=(+0.05,-0.08,+0.02)
  [7/180] yaw= -7.4 wind=(-0.28, 9.69) speed= 9.7m/s  roll= -6.0 pitch=  5.4  dither=(+0.06,-0.05,-0.00)
  [8/180] yaw= -0.5 wind=(-0.97, 8.10) speed= 8.2m/s  roll=  5.9 pitch= -3.9  dither=(-0.10,-0.06,-0.00)
  [9/180] yaw= 12.8 wind=( 2.86, 0.29) speed= 2.9m/s  roll= -2.1 pitch= -6.1  dither=(+0.15,+0.03,-0.07)
  [10/180] yaw= -7.4 wind=( 1.41,-6.12) speed= 6.3m/s  roll= -5.6 pitch= -3.5  dither=(+0.03,-0.11,-0.08)
  [11/180] yaw=  6.8 wind=(-5.24,-4.70) speed= 7.0m/s  roll= -1.3 pitch= -7.5  dither=(+0.06,-0.09,+0.03)
  [12/180] yaw=  2.2 wind=(-1.45, 6.63) speed= 6.8m/s  roll=  3.4 pitch=  8.0  dither=(+0.08,+0.01,-0.04)
  [13/180] yaw= -4.4 wind=(-0.28, 5.47) speed= 5.5m/s  roll= -1.0 pitch= -0.8  dither=(+0.15,-0.11,-0.01)
  [14/180] yaw=  6.8 wind=( 1.22,-1.59) speed= 2.0m/s  roll= -5.3 pitch= -0.8  dither=(-0.15,+0.14,+0.01)
  [15/180] yaw=  1.2 wind=(-6.03, 2.59) speed= 6.6m/s  roll=  7.2 pitch=  6.5  dither=(-0.14,+0.05,+0.04)

============================================================
=== yaw 2/12: 목표 36도로 회전 중 (현재 10.6도) ===
============================================================
  -> yaw 34.8도로 안정화
  [16/180] yaw= 34.4 wind=(-2.85,-3.12) speed= 4.2m/s  roll= -1.2 pitch= -7.5  dither=(+0.15,+0.12,-0.04)
  [17/180] yaw= 34.3 wind=(-8.73, 2.69) speed= 9.1m/s  roll= 18.7 pitch= -2.0  dither=(+0.10,-0.08,-0.05)
  [18/180] yaw= 50.8 wind=(-0.16,-1.08) speed= 1.1m/s  roll=  5.5 pitch= -3.5  dither=(+0.10,-0.12,+0.06)
  [19/180] yaw= 30.8 wind=( 6.96, 5.14) speed= 8.7m/s  roll= -3.0 pitch= -2.0  dither=(-0.09,+0.08,-0.09)
  [20/180] yaw= 41.9 wind=( 0.12, 0.04) speed= 0.1m/s  roll=  6.1 pitch=  1.8  dither=(-0.00,-0.01,-0.01)
  [21/180] yaw= 36.2 wind=( 2.43,-1.92) speed= 3.1m/s  roll= -6.8 pitch= -4.8  dither=(+0.04,-0.09,-0.02)
  [22/180] yaw= 28.1 wind=( 1.58, 3.56) speed= 3.9m/s  roll= -1.5 pitch= -2.8  dither=(+0.04,-0.09,-0.01)
  [23/180] yaw= 29.7 wind=( 1.47,-1.67) speed= 2.2m/s  roll=  5.2 pitch= -2.2  dither=(-0.03,-0.10,-0.08)
  [24/180] yaw= 40.5 wind=( 2.55,-0.93) speed= 2.7m/s  roll= -1.6 pitch= -3.8  dither=(-0.00,+0.04,+0.00)
  [25/180] yaw= 22.1 wind=(-0.26, 0.18) speed= 0.3m/s  roll=  5.1 pitch=  6.2  dither=(-0.15,-0.05,-0.15)
  [26/180] yaw= 32.3 wind=( 4.03,-5.34) speed= 6.7m/s  roll=-14.1 pitch=  2.9  dither=(-0.15,-0.12,+0.10)
  [27/180] yaw= 36.4 wind=(-3.94,-7.18) speed= 8.2m/s  roll= -3.0 pitch= -6.3  dither=(-0.07,-0.01,-0.10)
  [28/180] yaw= 35.3 wind=(-2.51,-0.12) speed= 2.5m/s  roll= 11.0 pitch= -1.7  dither=(-0.07,+0.00,+0.09)
  [29/180] yaw= 33.7 wind=( 1.10,-1.24) speed= 1.7m/s  roll=  8.0 pitch= -4.0  dither=(+0.15,-0.00,+0.00)
  [30/180] yaw= 36.4 wind=( 0.95,-0.40) speed= 1.0m/s  roll=  8.4 pitch=  3.6  dither=(+0.14,-0.06,+0.08)

============================================================
=== yaw 3/12: 목표 66도로 회전 중 (현재 45.6도) ===
============================================================
  -> yaw 64.2도로 안정화
  [31/180] yaw= 60.9 wind=(-3.64,-5.57) speed= 6.7m/s  roll=  2.3 pitch= -9.6  dither=(+0.11,+0.06,+0.15)
  [32/180] yaw= 62.5 wind=(-2.63, 3.56) speed= 4.4m/s  roll= 11.0 pitch=  9.4  dither=(+0.05,-0.04,-0.04)
  [33/180] yaw= 69.3 wind=( 0.42, 9.15) speed= 9.2m/s  roll=  7.6 pitch=  4.4  dither=(+0.05,+0.08,-0.07)
  [34/180] yaw= 73.7 wind=(-2.66,-1.84) speed= 3.2m/s  roll= -2.5 pitch= -0.5  dither=(+0.14,-0.15,+0.07)
  [35/180] yaw= 70.5 wind=( 4.08, 6.02) speed= 7.3m/s  roll=  6.4 pitch= -1.6  dither=(+0.06,+0.03,-0.06)
  [36/180] yaw= 73.3 wind=( 4.58, 0.97) speed= 4.7m/s  roll= -0.9 pitch=  5.7  dither=(+0.10,+0.01,+0.09)
  [37/180] yaw= 64.4 wind=(-1.50, 3.75) speed= 4.0m/s  roll= -5.9 pitch= -6.5  dither=(-0.04,-0.15,+0.10)
  [38/180] yaw= 73.1 wind=(-7.08, 2.15) speed= 7.4m/s  roll=  4.3 pitch= -6.5  dither=(-0.07,-0.12,-0.01)
  [39/180] yaw= 59.1 wind=(-2.98, 5.67) speed= 6.4m/s  roll=  4.8 pitch=-11.5  dither=(-0.06,-0.15,+0.07)
  [40/180] yaw= 75.1 wind=( 4.42, 1.77) speed= 4.8m/s  roll= -8.4 pitch=  3.1  dither=(-0.02,+0.08,-0.04)
  [41/180] yaw= 51.9 wind=(-1.70, 2.09) speed= 2.7m/s  roll= 11.6 pitch= -7.7  dither=(+0.15,-0.15,-0.15)
  [42/180] yaw= 51.3 wind=(-4.93,-8.06) speed= 9.4m/s  roll= -6.1 pitch= -8.8  dither=(-0.06,-0.12,+0.10)
  [43/180] yaw= 74.2 wind=(-0.35,-1.41) speed= 1.5m/s  roll= -6.3 pitch=  4.5  dither=(-0.09,-0.15,+0.01)
  [44/180] yaw= 69.4 wind=(-0.46,-0.15) speed= 0.5m/s  roll= -8.6 pitch= -6.2  dither=(+0.02,+0.12,-0.15)
  [45/180] yaw= 60.5 wind=( 9.03, 0.61) speed= 9.1m/s  roll= -8.2 pitch= 11.3  dither=(+0.12,+0.08,+0.02)

============================================================
=== yaw 4/12: 목표 96도로 회전 중 (현재 68.2도) ===
============================================================
  -> yaw 94.8도로 안정화
  [46/180] yaw= 88.2 wind=(-1.11, 5.42) speed= 5.5m/s  roll= -5.8 pitch=  7.1  dither=(+0.01,+0.05,-0.04)
  [47/180] yaw=103.0 wind=( 8.64, 0.81) speed= 8.7m/s  roll=  0.2 pitch=  7.7  dither=(-0.03,+0.10,-0.05)
  [48/180] yaw= 99.4 wind=( 9.37, 1.31) speed= 9.5m/s  roll= -0.4 pitch= -0.9  dither=(-0.02,+0.01,-0.11)
  [49/180] yaw= 94.6 wind=( 1.16,-0.34) speed= 1.2m/s  roll= -2.2 pitch=-10.3  dither=(-0.05,-0.09,-0.09)
  [50/180] yaw=102.1 wind=( 0.09, 0.27) speed= 0.3m/s  roll= -5.7 pitch=  7.6  dither=(-0.15,+0.06,+0.07)
  [51/180] yaw=105.2 wind=(-0.70,-1.19) speed= 1.4m/s  roll= -3.1 pitch=-13.0  dither=(-0.06,+0.04,+0.04)
  [52/180] yaw=101.2 wind=( 1.49, 1.19) speed= 1.9m/s  roll=  7.1 pitch=  3.9  dither=(-0.06,+0.10,+0.11)
  [53/180] yaw=102.4 wind=(-7.25,-4.55) speed= 8.6m/s  roll= -1.5 pitch= -4.2  dither=(+0.15,+0.01,+0.07)
  [54/180] yaw= 88.2 wind=(-9.67,-1.76) speed= 9.8m/s  roll=  7.0 pitch= -8.3  dither=(-0.04,+0.03,-0.14)
  [55/180] yaw=102.8 wind=(-0.34,-0.47) speed= 0.6m/s  roll= 10.6 pitch=-13.8  dither=(+0.13,-0.04,+0.04)
  [56/180] yaw= 86.1 wind=(-0.69,-1.14) speed= 1.3m/s  roll= -1.5 pitch= 12.0  dither=(-0.05,+0.04,-0.13)
  [57/180] yaw= 98.2 wind=(-1.03,-5.37) speed= 5.5m/s  roll= -6.6 pitch=  3.5  dither=(+0.01,-0.00,+0.03)
  [58/180] yaw= 85.7 wind=(-0.52,-0.32) speed= 0.6m/s  roll= -4.1 pitch=  2.5  dither=(-0.03,-0.12,-0.01)
  [59/180] yaw=101.2 wind=(-3.06,-7.90) speed= 8.5m/s  roll= -8.3 pitch=  2.3  dither=(+0.01,-0.06,+0.12)
  [60/180] yaw= 90.8 wind=( 5.29, 4.77) speed= 7.1m/s  roll=  7.2 pitch= -4.5  dither=(-0.03,-0.08,-0.09)

============================================================
=== yaw 5/12: 목표 126도로 회전 중 (현재 104.9도) ===
============================================================
  -> yaw 123.1도로 안정화
  [61/180] yaw=122.4 wind=( 2.34, 5.21) speed= 5.7m/s  roll=  2.5 pitch= -5.0  dither=(+0.11,-0.07,-0.11)
  [62/180] yaw=125.9 wind=( 0.04,-0.01) speed= 0.0m/s  roll= 10.1 pitch= -3.0  dither=(+0.01,-0.00,+0.14)
  [63/180] yaw=117.0 wind=( 7.79,-1.72) speed= 8.0m/s  roll= -1.8 pitch=  3.6  dither=(-0.05,+0.11,-0.05)
  [64/180] yaw=116.7 wind=(-7.06,-6.55) speed= 9.6m/s  roll= -8.0 pitch=  6.3  dither=(-0.06,+0.10,+0.01)
  [65/180] yaw=114.2 wind=(-3.69, 0.68) speed= 3.7m/s  roll=  5.3 pitch=  6.5  dither=(+0.06,-0.10,-0.03)
  [66/180] yaw=120.1 wind=(-4.28, 0.78) speed= 4.4m/s  roll= -1.8 pitch= -4.0  dither=(+0.00,-0.12,+0.10)
  [67/180] yaw=114.8 wind=(-7.82,-2.03) speed= 8.1m/s  roll= -2.5 pitch= -2.5  dither=(+0.13,-0.09,+0.05)
  [68/180] yaw=112.7 wind=( 0.27, 0.79) speed= 0.8m/s  roll= -4.8 pitch= 18.3  dither=(-0.09,+0.11,-0.08)
  [69/180] yaw=117.3 wind=(-4.62, 1.45) speed= 4.8m/s  roll=  0.3 pitch=  5.3  dither=(-0.03,+0.15,+0.07)
  [70/180] yaw=123.4 wind=( 3.09, 5.31) speed= 6.1m/s  roll=  8.6 pitch=  1.0  dither=(-0.09,-0.07,-0.15)
  [71/180] yaw=135.5 wind=( 5.76,-1.50) speed= 5.9m/s  roll= -8.7 pitch=  9.4  dither=(-0.07,+0.03,+0.15)
  [72/180] yaw=122.3 wind=( 0.49, 0.56) speed= 0.7m/s  roll=  1.8 pitch=  7.1  dither=(-0.07,+0.02,+0.02)
  [73/180] yaw=121.8 wind=( 0.28, 2.00) speed= 2.0m/s  roll=  5.5 pitch= -6.8  dither=(-0.04,-0.03,-0.12)
  [74/180] yaw=125.6 wind=( 4.42, 0.33) speed= 4.4m/s  roll= -2.3 pitch= -7.4  dither=(+0.04,-0.11,-0.08)
  [75/180] yaw=118.2 wind=( 4.82, 0.24) speed= 4.8m/s  roll=  4.3 pitch= 11.6  dither=(+0.04,+0.09,+0.11)

============================================================
=== yaw 6/12: 목표 156도로 회전 중 (현재 135.7도) ===
============================================================
  -> yaw 155.0도로 안정화
  [76/180] yaw=151.2 wind=(-1.67,-4.26) speed= 4.6m/s  roll=-15.7 pitch=  8.0  dither=(-0.02,+0.11,+0.10)
  [77/180] yaw=148.2 wind=(-7.87,-5.43) speed= 9.6m/s  roll= -5.2 pitch=  1.9  dither=(+0.15,-0.04,+0.01)
  [78/180] yaw=153.9 wind=(-3.93,-8.71) speed= 9.6m/s  roll=  7.6 pitch=  5.5  dither=(-0.09,-0.09,-0.09)
  [79/180] yaw=148.5 wind=( 2.99,-0.96) speed= 3.1m/s  roll= -5.1 pitch=  7.4  dither=(-0.01,-0.04,-0.01)
  [80/180] yaw=154.7 wind=(-0.77,-1.35) speed= 1.6m/s  roll= -1.2 pitch=  3.1  dither=(-0.04,+0.03,+0.11)
  [81/180] yaw=157.7 wind=(-0.30,-0.10) speed= 0.3m/s  roll=  6.2 pitch=  1.4  dither=(+0.15,-0.05,-0.11)
  [82/180] yaw=164.7 wind=( 2.33,-1.14) speed= 2.6m/s  roll=  1.5 pitch=  0.3  dither=(+0.11,-0.12,-0.12)
  [83/180] yaw=167.8 wind=(-2.24, 6.00) speed= 6.4m/s  roll=  4.0 pitch= -7.1  dither=(-0.10,+0.04,+0.09)
  [84/180] yaw=143.9 wind=(-0.11,-0.43) speed= 0.4m/s  roll=  7.3 pitch=  2.7  dither=(+0.13,-0.07,+0.02)
  [85/180] yaw=153.4 wind=( 8.03,-0.67) speed= 8.1m/s  roll=  1.0 pitch=  2.6  dither=(+0.05,-0.03,-0.07)
  [86/180] yaw=157.9 wind=(-2.76,-0.11) speed= 2.8m/s  roll=  8.6 pitch=  5.7  dither=(+0.15,-0.10,-0.11)
  [87/180] yaw=151.9 wind=( 5.16, 5.19) speed= 7.3m/s  roll= -5.2 pitch= -4.9  dither=(+0.02,-0.01,+0.05)
  [88/180] yaw=143.1 wind=( 0.94, 4.16) speed= 4.3m/s  roll=  5.1 pitch=  3.3  dither=(+0.11,-0.12,-0.06)
  [89/180] yaw=157.5 wind=( 8.24,-0.45) speed= 8.3m/s  roll=  9.5 pitch=  8.5  dither=(+0.14,+0.00,-0.15)
  [90/180] yaw=158.9 wind=( 0.54, 3.93) speed= 4.0m/s  roll= -6.2 pitch=  0.4  dither=(+0.01,+0.02,+0.08)

============================================================
=== yaw 7/12: 목표 186도로 회전 중 (현재 141.7도) ===
============================================================
  -> yaw -173.8도로 안정화
  [91/180] yaw=-177.5 wind=(-4.26,-3.84) speed= 5.7m/s  roll= -0.0 pitch=  3.1  dither=(+0.04,+0.06,+0.13)
  [92/180] yaw=-173.5 wind=( 9.39, 0.25) speed= 9.4m/s  roll= 15.3 pitch=  1.9  dither=(+0.05,+0.14,-0.14)
  [93/180] yaw=-167.6 wind=( 0.05,-0.27) speed= 0.3m/s  roll=  1.0 pitch= -2.8  dither=(-0.14,+0.14,+0.14)
  [94/180] yaw=175.9 wind=( 2.60,-0.33) speed= 2.6m/s  roll= -1.8 pitch= -3.9  dither=(-0.01,+0.01,-0.08)
  [95/180] yaw=-174.6 wind=(-1.42, 3.03) speed= 3.3m/s  roll= -5.8 pitch= 13.7  dither=(-0.04,+0.04,-0.11)
  [96/180] yaw=-175.2 wind=(-1.74,-2.20) speed= 2.8m/s  roll=-17.6 pitch=  5.9  dither=(-0.07,+0.15,-0.01)
  [97/180] yaw=-166.9 wind=(-0.15, 1.14) speed= 1.1m/s  roll= -7.9 pitch= -2.5  dither=(-0.15,-0.12,+0.13)
  [98/180] yaw=-172.6 wind=( 3.37,-1.87) speed= 3.9m/s  roll= -1.9 pitch=  6.7  dither=(+0.04,+0.08,-0.12)
  [99/180] yaw=-176.0 wind=( 5.96, 5.10) speed= 7.8m/s  roll=  6.1 pitch=  0.2  dither=(+0.13,-0.06,-0.02)
  [100/180] yaw=-178.6 wind=(-2.72,-3.14) speed= 4.2m/s  roll=-17.0 pitch=  8.7  dither=(-0.15,+0.07,-0.12)
  [101/180] yaw=179.8 wind=( 0.36,-0.47) speed= 0.6m/s  roll= -0.2 pitch=  1.7  dither=(+0.09,+0.00,-0.15)
  [102/180] yaw=-174.8 wind=( 3.60,-8.86) speed= 9.6m/s  roll=  0.1 pitch=  5.2  dither=(-0.05,-0.03,+0.06)
  [103/180] yaw=179.0 wind=( 0.61,-6.63) speed= 6.7m/s  roll=  1.8 pitch=  4.8  dither=(+0.15,-0.01,-0.15)
  [104/180] yaw=-169.5 wind=( 3.76, 6.95) speed= 7.9m/s  roll= 12.2 pitch=  1.2  dither=(+0.13,+0.07,+0.15)
  [105/180] yaw=-170.7 wind=( 2.57,-0.99) speed= 2.8m/s  roll= -3.6 pitch= -0.1  dither=(+0.01,+0.05,+0.10)

============================================================
=== yaw 8/12: 목표 216도로 회전 중 (현재 -179.4도) ===
============================================================
  -> yaw -143.2도로 안정화
  [106/180] yaw=-144.1 wind=(-4.35,-7.96) speed= 9.1m/s  roll= -5.4 pitch= 19.0  dither=(-0.15,+0.07,+0.07)
  [107/180] yaw=-152.0 wind=( 4.34,-2.27) speed= 4.9m/s  roll=  3.1 pitch=  6.8  dither=(+0.06,+0.07,+0.04)
  [108/180] yaw=-141.0 wind=( 0.03, 9.74) speed= 9.7m/s  roll= -1.0 pitch= -2.8  dither=(-0.10,+0.00,+0.09)
  [109/180] yaw=-146.4 wind=(-2.37, 4.28) speed= 4.9m/s  roll= -7.8 pitch= -8.5  dither=(-0.05,+0.02,-0.14)
  [110/180] yaw=-143.1 wind=(-2.31,-3.54) speed= 4.2m/s  roll= 10.3 pitch=  3.7  dither=(+0.15,+0.15,+0.15)
  [111/180] yaw=-140.9 wind=( 1.18, 4.59) speed= 4.7m/s  roll= -4.4 pitch=  6.4  dither=(+0.07,+0.15,+0.04)
  [112/180] yaw=-151.9 wind=( 1.87,-0.11) speed= 1.9m/s  roll=  6.6 pitch= -5.8  dither=(+0.15,-0.01,-0.06)
  [113/180] yaw=-137.6 wind=(-1.23,-1.85) speed= 2.2m/s  roll= -3.7 pitch= -2.4  dither=(+0.15,-0.14,+0.05)
  [114/180] yaw=-126.9 wind=( 1.68, 4.52) speed= 4.8m/s  roll= -6.7 pitch= -2.7  dither=(+0.04,-0.15,+0.09)
  [115/180] yaw=-141.4 wind=(-0.57,-0.01) speed= 0.6m/s  roll=-13.4 pitch=  2.2  dither=(+0.01,+0.07,+0.06)
  [116/180] yaw=-132.5 wind=(-1.13, 0.09) speed= 1.1m/s  roll=  7.9 pitch=  2.9  dither=(+0.04,-0.11,+0.08)
  [117/180] yaw=-139.3 wind=( 2.27,-3.84) speed= 4.5m/s  roll=  5.5 pitch=-11.3  dither=(+0.15,-0.01,+0.01)
  [118/180] yaw=-148.1 wind=(-7.46, 6.51) speed= 9.9m/s  roll= -1.9 pitch= -5.2  dither=(+0.03,-0.12,-0.00)
  [119/180] yaw=-134.1 wind=( 4.69,-0.67) speed= 4.7m/s  roll= 11.6 pitch=  6.6  dither=(+0.10,+0.08,+0.02)
  [120/180] yaw=-152.6 wind=(-0.42, 2.88) speed= 2.9m/s  roll= -8.4 pitch=  6.1  dither=(+0.06,-0.11,-0.01)

============================================================
=== yaw 9/12: 목표 246도로 회전 중 (현재 -141.7도) ===
============================================================
  -> yaw -115.2도로 안정화
  [121/180] yaw=-116.0 wind=( 4.41,-1.44) speed= 4.6m/s  roll=  9.8 pitch=-16.9  dither=(+0.11,-0.15,-0.14)
  [122/180] yaw=-125.9 wind=(-0.08,-0.21) speed= 0.2m/s  roll=-10.7 pitch=  6.9  dither=(-0.15,+0.11,+0.08)
  [123/180] yaw=-105.7 wind=( 0.86,-8.40) speed= 8.4m/s  roll= 12.4 pitch=  0.9  dither=(-0.02,+0.12,+0.03)
  [124/180] yaw=-111.9 wind=( 0.44,-2.87) speed= 2.9m/s  roll= -9.1 pitch= 11.7  dither=(+0.08,+0.05,+0.15)
  [125/180] yaw=-110.1 wind=( 7.58,-2.25) speed= 7.9m/s  roll=  0.7 pitch=-12.9  dither=(-0.03,-0.00,-0.05)
  [126/180] yaw=-109.4 wind=(-6.43,-5.25) speed= 8.3m/s  roll= -0.3 pitch=  0.8  dither=(+0.15,-0.15,+0.06)
  [127/180] yaw=-118.5 wind=(-8.95, 0.21) speed= 9.0m/s  roll=  2.1 pitch=  7.9  dither=(-0.07,-0.01,+0.13)
  [128/180] yaw=-105.4 wind=(-1.96,-5.71) speed= 6.0m/s  roll= 13.1 pitch= -5.1  dither=(+0.08,-0.15,+0.03)
  [129/180] yaw=-116.8 wind=(-4.89, 7.73) speed= 9.1m/s  roll= -7.6 pitch=  2.7  dither=(+0.09,+0.06,+0.12)
  [130/180] yaw=-109.3 wind=(-2.77,-0.82) speed= 2.9m/s  roll=  2.1 pitch= -6.3  dither=(+0.05,-0.06,+0.08)
  [131/180] yaw=-112.6 wind=( 1.70, 0.69) speed= 1.8m/s  roll= -5.0 pitch= 12.2  dither=(-0.03,+0.14,-0.03)
  [132/180] yaw=-108.5 wind=( 1.30, 8.92) speed= 9.0m/s  roll=-13.5 pitch=  3.4  dither=(-0.10,-0.04,+0.15)
  [133/180] yaw=-103.5 wind=(-7.43,-0.66) speed= 7.5m/s  roll= 14.6 pitch= -0.5  dither=(+0.09,-0.15,+0.04)
  [134/180] yaw=-113.3 wind=(-2.47,-3.75) speed= 4.5m/s  roll= -2.4 pitch=  2.7  dither=(+0.03,-0.01,-0.07)
  [135/180] yaw=-116.2 wind=(-2.16, 0.40) speed= 2.2m/s  roll= -0.4 pitch= -7.1  dither=(+0.06,+0.01,+0.14)

============================================================
=== yaw 10/12: 목표 276도로 회전 중 (현재 -105.2도) ===
============================================================
  -> yaw -84.2도로 안정화
  [136/180] yaw=-83.9 wind=(-2.88, 4.39) speed= 5.3m/s  roll=-15.3 pitch=  8.3  dither=(+0.03,-0.15,+0.03)
  [137/180] yaw=-73.9 wind=(-0.08, 0.63) speed= 0.6m/s  roll=  8.7 pitch= -1.5  dither=(+0.06,-0.05,+0.09)
  [138/180] yaw=-86.0 wind=(-5.10, 0.66) speed= 5.1m/s  roll=  2.4 pitch=  4.8  dither=(+0.06,-0.09,-0.05)
  [139/180] yaw=-87.0 wind=( 3.66, 4.02) speed= 5.4m/s  roll= -5.8 pitch=  0.6  dither=(+0.14,-0.14,-0.08)
  [140/180] yaw=-81.3 wind=(-6.89, 5.57) speed= 8.9m/s  roll= -7.5 pitch= 11.1  dither=(+0.05,+0.15,-0.10)
  [141/180] yaw=-98.2 wind=( 3.75, 3.77) speed= 5.3m/s  roll=  3.2 pitch= -0.2  dither=(+0.02,+0.05,-0.15)
  [142/180] yaw=-82.9 wind=(-4.92, 0.73) speed= 5.0m/s  roll= -3.8 pitch= 11.1  dither=(-0.15,+0.08,-0.08)
  [143/180] yaw=-86.2 wind=( 1.58, 8.37) speed= 8.5m/s  roll= -4.2 pitch= -2.0  dither=(+0.03,-0.10,+0.06)
  [144/180] yaw=-88.3 wind=(-5.39, 0.02) speed= 5.4m/s  roll= -4.9 pitch=  6.1  dither=(-0.12,+0.11,-0.09)
  [145/180] yaw=-82.4 wind=(-8.29, 3.48) speed= 9.0m/s  roll=  0.4 pitch= 10.0  dither=(+0.15,+0.12,-0.02)
  [146/180] yaw=-73.9 wind=(-5.38, 0.25) speed= 5.4m/s  roll=  9.3 pitch=  3.9  dither=(+0.09,+0.07,+0.13)
  [147/180] yaw=-81.8 wind=(-0.39, 1.47) speed= 1.5m/s  roll= -0.9 pitch= -8.0  dither=(+0.15,-0.07,-0.14)
  [148/180] yaw=-94.3 wind=(-7.42,-4.65) speed= 8.8m/s  roll=  8.5 pitch=  3.7  dither=(+0.11,-0.11,-0.01)
  [149/180] yaw=-72.3 wind=( 7.88, 3.86) speed= 8.8m/s  roll=  4.6 pitch= -2.6  dither=(+0.04,-0.05,-0.12)
  [150/180] yaw=-78.3 wind=( 2.45, 0.51) speed= 2.5m/s  roll= -3.5 pitch= -2.8  dither=(-0.09,-0.10,+0.08)

============================================================
=== yaw 11/12: 목표 306도로 회전 중 (현재 -79.7도) ===
============================================================
  -> yaw -52.4도로 안정화
  [151/180] yaw=-62.3 wind=(-4.47,-3.45) speed= 5.6m/s  roll=  5.0 pitch=  0.9  dither=(-0.09,-0.09,+0.08)
  [152/180] yaw=-51.9 wind=(-0.39, 5.18) speed= 5.2m/s  roll=  2.1 pitch=  3.0  dither=(+0.08,-0.08,-0.06)
  [153/180] yaw=-60.1 wind=(-7.33, 3.45) speed= 8.1m/s  roll=  1.5 pitch=  3.1  dither=(-0.03,-0.09,-0.11)
  [154/180] yaw=-53.0 wind=(-1.76,-3.94) speed= 4.3m/s  roll=  1.0 pitch=  2.4  dither=(+0.03,+0.04,-0.01)
  [155/180] yaw=-62.6 wind=(-0.69,-2.22) speed= 2.3m/s  roll= 13.7 pitch= -5.8  dither=(+0.04,+0.12,-0.02)
  [156/180] yaw=-48.8 wind=( 0.08, 0.80) speed= 0.8m/s  roll=  1.9 pitch= -0.3  dither=(-0.01,-0.10,+0.10)
  [157/180] yaw=-50.6 wind=( 5.79,-5.09) speed= 7.7m/s  roll=  4.8 pitch=  4.6  dither=(+0.07,+0.15,+0.15)
  [158/180] yaw=-55.9 wind=( 7.62, 6.43) speed=10.0m/s  roll=-14.1 pitch=  4.8  dither=(-0.15,+0.02,+0.07)
  [159/180] yaw=-46.7 wind=( 1.42,-2.40) speed= 2.8m/s  roll= -9.3 pitch= -2.7  dither=(-0.15,-0.15,-0.10)
  [160/180] yaw=-37.7 wind=(-6.90, 3.52) speed= 7.7m/s  roll=  3.3 pitch=  9.5  dither=(-0.10,-0.04,+0.13)
  [161/180] yaw=-57.9 wind=( 2.47, 5.03) speed= 5.6m/s  roll= -4.5 pitch= -1.8  dither=(+0.06,-0.07,-0.01)
  [162/180] yaw=-51.2 wind=(-5.73, 0.39) speed= 5.7m/s  roll=  3.4 pitch=  8.0  dither=(-0.11,-0.09,+0.11)
  [163/180] yaw=-50.7 wind=(-1.57, 2.00) speed= 2.5m/s  roll= -1.2 pitch= -3.5  dither=(-0.09,-0.15,+0.12)
  [164/180] yaw=-52.2 wind=(-4.96,-3.22) speed= 5.9m/s  roll= 16.7 pitch= -7.7  dither=(+0.15,+0.02,+0.07)
  [165/180] yaw=-43.3 wind=(-6.11, 1.98) speed= 6.4m/s  roll= -9.3 pitch= -0.2  dither=(+0.04,+0.08,+0.05)

============================================================
=== yaw 12/12: 목표 336도로 회전 중 (현재 -50.3도) ===
============================================================
  -> yaw -25.0도로 안정화
  [166/180] yaw=-26.3 wind=(-0.36, 0.15) speed= 0.4m/s  roll=  2.9 pitch= -2.5  dither=(-0.04,-0.00,-0.04)
  [167/180] yaw=-32.1 wind=(-2.51, 0.66) speed= 2.6m/s  roll=  5.6 pitch= -3.8  dither=(+0.01,+0.12,-0.06)
  [168/180] yaw=-24.1 wind=(-1.09,-0.98) speed= 1.5m/s  roll= -0.0 pitch= -0.5  dither=(-0.15,-0.08,-0.02)
  [169/180] yaw=-19.7 wind=( 4.02, 4.02) speed= 5.7m/s  roll=-11.0 pitch=  4.4  dither=(-0.09,+0.03,+0.06)
  [170/180] yaw=-23.8 wind=( 4.18,-6.87) speed= 8.0m/s  roll= -6.0 pitch= -7.3  dither=(+0.05,+0.09,-0.00)
  [171/180] yaw=-18.8 wind=( 0.59, 1.85) speed= 1.9m/s  roll= -1.2 pitch=  7.4  dither=(-0.03,-0.05,-0.03)
  [172/180] yaw=-14.0 wind=( 3.94, 3.20) speed= 5.1m/s  roll=-14.2 pitch= -4.0  dither=(-0.00,-0.14,+0.15)
  [173/180] yaw=-21.7 wind=( 0.50,-7.40) speed= 7.4m/s  roll=  1.1 pitch= -7.9  dither=(+0.05,+0.07,-0.03)
  [174/180] yaw=-24.9 wind=(-8.38, 1.46) speed= 8.5m/s  roll=  8.0 pitch= -5.7  dither=(+0.15,-0.01,+0.09)
  [175/180] yaw=-20.3 wind=(-7.97, 3.94) speed= 8.9m/s  roll=  3.2 pitch=  4.4  dither=(+0.00,+0.08,+0.01)
  [176/180] yaw=-16.5 wind=( 4.34, 2.53) speed= 5.0m/s  roll=-15.4 pitch= 10.0  dither=(+0.11,+0.07,-0.00)
  [177/180] yaw=-16.5 wind=( 4.59, 2.76) speed= 5.4m/s  roll=-21.7 pitch=  1.3  dither=(-0.10,+0.10,+0.02)
  [178/180] yaw=-28.3 wind=( 3.51, 7.86) speed= 8.6m/s  roll=-10.1 pitch= 15.8  dither=(-0.03,-0.05,-0.08)
  [179/180] yaw=-22.9 wind=(-3.25,-2.82) speed= 4.3m/s  roll=  6.7 pitch=  1.0  dither=(+0.15,+0.08,-0.01)
  [180/180] yaw=-17.0 wind=( 5.20,-6.88) speed= 8.6m/s  roll=-10.2 pitch=-11.3  dither=(+0.07,-0.15,-0.08)

데이터 수집 완료. CSV 저장됨: ../../logs/wind_random_dither_20260816_034838_yaw6p0_n12x15_speed0-10_seed4042.csv
[송신 간격 통계] 목표=50ms  평균=50.0ms  최대=65.3ms  임계치 초과=0/65215

--- Offboard 종료 ---

--- Landing ---
-> 착륙 완료 및 디스암 확인

무작위 바람+토크 더더링 데이터 수집 완료.
  [수집] 세션 4 완료 (시도 1/3)
  [그래프] /home/ssh2003/MyProjects/quad-pinn-project/logs/wind_random_dither_20260816_034838_yaw6p0_n12x15_speed0-10_seed4042.csv 요약 PNG 생성 중...
    findfont: Failed to find font weight normal, now using 100.
    /home/ssh2003/MyProjects/quad-pinn-project/sim_scripts/data_collection/plot_session_grid.py:106: UserWarning: This figure includes Axes that are not compatible with tight_layout, so results might be incorrect.
      fig.tight_layout(rect=[0, 0, 0.92, 0.94])
    findfont: Failed to find font weight normal, now using 100.
    findfont: Failed to find font weight normal, now using 100.
    findfont: Failed to find font weight normal, now using 100.
    findfont: Failed to find font weight normal, now using 100.
    저장됨: /home/ssh2003/MyProjects/quad-pinn-project/figures/wind_random_20260816_034808_n12x15_td15/session_wind_random_dither_20260816_034838_yaw6p0_n12x15_speed0-10_seed4042.png

############################################################
# 세션 5/15
############################################################
  [SITL] 기존 프로세스 정리 중 (정상종료 시도)...
Terminated
  [SITL] 강제 정리 (남아있는 프로세스 있으면)...
  [SITL] 재시작 중...
  [SITL] px4 프로세스 감지됨 (1s). 안정화 대기 15s...
  [수집] 시작 (seed=5042, yaw-offset=8.000도, 시도 1/3, 타임아웃 4196초)
PX4 SITL에 연결 시도 중...
-> 드론에 연결됨!
GPS/홈 위치 확인 중...
-> 전역 위치 및 홈 위치 준비 완료

[확인] PX4 SITL이 'windy' 월드로 실행 중인지 확인할 것.

--- Arming ---
-> Armed

--- Takeoff ---
  안전 고도(1.5m) 도달 대기 중...
  -> 안전 고도 도달 (relative_altitude=1.51m)

--- Offboard 진입 준비: 초기 setpoint(현재 위치 고정) 전송 ---

--- Offboard 모드 시작 ---

CSV 로그 저장 경로: ../../logs/wind_random_dither_20260816_044346_yaw8p0_n12x15_speed0-10_seed5042.csv
더더링: OU 프로세스 tau=0.3s sigma=0.1 clamp=±0.15

yaw 12방향(offset=8.0도) x 방향당 바람조건 15개 = 총 180개 수집 시작 (조건당 15초, 예상 총 소요 51.0분 + yaw 회전 시간)

============================================================
=== yaw 1/12: 목표 8도로 회전 중 (현재 91.5도) ===
============================================================
  -> yaw 7.3도로 안정화
  [1/180] yaw= 12.7 wind=( 2.03,-0.68) speed= 2.1m/s  roll= 10.0 pitch=  1.7  dither=(+0.15,+0.12,-0.09)
  [2/180] yaw=  9.9 wind=( 3.40, 4.06) speed= 5.3m/s  roll= -0.9 pitch=  5.9  dither=(+0.02,-0.06,+0.03)
  [3/180] yaw= 15.7 wind=( 5.44,-5.03) speed= 7.4m/s  roll= -4.1 pitch= -5.1  dither=(+0.15,+0.03,+0.02)
  [4/180] yaw=  7.8 wind=(-0.01, 0.07) speed= 0.1m/s  roll=  0.7 pitch= -1.8  dither=(-0.04,+0.13,-0.03)
  [5/180] yaw= 12.4 wind=( 3.59,-6.89) speed= 7.8m/s  roll=-12.9 pitch=-10.1  dither=(+0.10,+0.02,+0.13)
  [6/180] yaw= -6.8 wind=( 2.64,-8.81) speed= 9.2m/s  roll= -4.8 pitch= -7.6  dither=(+0.05,-0.02,+0.01)
  [7/180] yaw=  8.6 wind=( 1.20, 6.38) speed= 6.5m/s  roll=  0.7 pitch= -7.5  dither=(+0.10,-0.08,+0.04)
  [8/180] yaw=  8.3 wind=( 5.83,-4.07) speed= 7.1m/s  roll=  0.1 pitch= -3.2  dither=(+0.14,-0.15,+0.15)
  [9/180] yaw=  7.6 wind=(-0.72, 7.31) speed= 7.3m/s  roll= 16.0 pitch=  2.5  dither=(-0.09,+0.10,-0.06)
  [10/180] yaw=  8.2 wind=(-9.97,-0.06) speed=10.0m/s  roll= 22.7 pitch=  0.7  dither=(+0.15,+0.05,+0.02)
  [11/180] yaw=  5.6 wind=(-1.14,-1.13) speed= 1.6m/s  roll=  1.3 pitch= -2.5  dither=(-0.05,+0.05,+0.01)
  [12/180] yaw= -2.1 wind=(-5.53,-4.42) speed= 7.1m/s  roll= -4.0 pitch= -4.1  dither=(-0.09,-0.15,-0.00)
  [13/180] yaw=  0.8 wind=( 3.71, 5.90) speed= 7.0m/s  roll= -7.2 pitch= 12.0  dither=(-0.01,+0.01,-0.07)
  [14/180] yaw=  5.8 wind=(-2.12, 2.82) speed= 3.5m/s  roll=  5.0 pitch= -4.7  dither=(-0.10,+0.04,-0.08)
  [15/180] yaw= 15.1 wind=(-4.15, 3.30) speed= 5.3m/s  roll=  9.0 pitch=  0.5  dither=(-0.10,+0.00,-0.05)

============================================================
=== yaw 2/12: 목표 38도로 회전 중 (현재 4.6도) ===
============================================================
  -> yaw 37.2도로 안정화
  [16/180] yaw= 35.6 wind=( 3.45,-0.65) speed= 3.5m/s  roll=  9.1 pitch= -6.9  dither=(-0.07,+0.02,+0.00)
  [17/180] yaw= 32.1 wind=( 0.06, 0.03) speed= 0.1m/s  roll= -4.2 pitch= -6.9  dither=(-0.03,+0.11,-0.05)
  [18/180] yaw= 38.6 wind=(-3.99,-6.51) speed= 7.6m/s  roll=  6.2 pitch= -8.8  dither=(+0.04,-0.04,-0.10)
  [19/180] yaw= 30.8 wind=(-2.89, 0.13) speed= 2.9m/s  roll= -3.7 pitch=  2.7  dither=(+0.01,+0.02,-0.00)
  [20/180] yaw= 41.7 wind=( 6.91,-4.92) speed= 8.5m/s  roll= -2.1 pitch= -6.5  dither=(-0.09,-0.15,+0.02)
  [21/180] yaw= 44.1 wind=( 3.33,-7.00) speed= 7.7m/s  roll= -7.6 pitch= -3.0  dither=(-0.12,-0.00,+0.15)
  [22/180] yaw= 48.4 wind=(-1.94, 1.96) speed= 2.8m/s  roll=  3.2 pitch= -7.2  dither=(+0.04,+0.08,+0.12)
  [23/180] yaw= 29.8 wind=(-6.28,-1.86) speed= 6.6m/s  roll= -6.8 pitch=  3.5  dither=(-0.08,+0.09,+0.04)
  [24/180] yaw= 29.8 wind=( 8.30, 5.06) speed= 9.7m/s  roll=  1.0 pitch=  9.9  dither=(-0.05,+0.06,-0.09)
  [25/180] yaw= 33.3 wind=(-7.72, 4.75) speed= 9.1m/s  roll= -1.0 pitch=  0.3  dither=(-0.01,-0.00,-0.02)
  [26/180] yaw= 34.2 wind=( 1.58,-1.83) speed= 2.4m/s  roll=  0.2 pitch= -5.1  dither=(-0.00,-0.03,-0.05)
  [27/180] yaw= 33.3 wind=( 0.05, 2.49) speed= 2.5m/s  roll=  5.1 pitch=  1.0  dither=(+0.11,+0.00,+0.01)
  [28/180] yaw= 34.1 wind=(-2.46, 1.63) speed= 2.9m/s  roll=  6.3 pitch=  7.7  dither=(-0.02,+0.03,+0.15)
  [29/180] yaw= 33.5 wind=(-1.52, 8.17) speed= 8.3m/s  roll= 11.4 pitch=  2.0  dither=(+0.15,+0.02,-0.03)
  [30/180] yaw= 44.8 wind=(-3.38, 6.77) speed= 7.6m/s  roll= -2.0 pitch= -3.4  dither=(-0.13,+0.11,-0.01)

============================================================
=== yaw 3/12: 목표 68도로 회전 중 (현재 48.4도) ===
============================================================
  -> yaw 65.7도로 안정화
  [31/180] yaw= 68.6 wind=( 1.00,-2.20) speed= 2.4m/s  roll= -4.3 pitch=  0.9  dither=(+0.15,-0.10,-0.08)
  [32/180] yaw= 71.1 wind=(-3.11, 5.96) speed= 6.7m/s  roll= -7.9 pitch= -6.3  dither=(-0.08,-0.03,-0.04)
  [33/180] yaw= 73.5 wind=( 5.22,-1.12) speed= 5.3m/s  roll=  4.7 pitch= -8.3  dither=(-0.00,+0.02,+0.09)
  [34/180] yaw= 60.0 wind=(-4.87,-1.76) speed= 5.2m/s  roll=  0.4 pitch=  4.6  dither=(-0.03,+0.02,-0.04)
  [35/180] yaw= 67.8 wind=( 7.22, 2.02) speed= 7.5m/s  roll= -5.6 pitch=  5.2  dither=(+0.02,-0.01,+0.01)
  [36/180] yaw= 75.0 wind=(-4.29, 6.07) speed= 7.4m/s  roll=  9.8 pitch=  5.9  dither=(+0.07,+0.07,-0.01)
  [37/180] yaw= 61.2 wind=( 1.98,-7.15) speed= 7.4m/s  roll= -4.9 pitch= -6.1  dither=(+0.04,-0.10,+0.07)
  [38/180] yaw= 67.5 wind=( 7.99,-2.54) speed= 8.4m/s  roll= -6.0 pitch= 10.1  dither=(-0.12,+0.02,+0.04)
  [39/180] yaw= 76.5 wind=( 6.30, 0.50) speed= 6.3m/s  roll=  6.2 pitch= 14.8  dither=(+0.10,-0.02,-0.04)
  [40/180] yaw= 71.3 wind=( 6.19, 1.57) speed= 6.4m/s  roll=  3.1 pitch=  5.3  dither=(-0.03,-0.10,-0.09)
  [41/180] yaw= 68.8 wind=( 4.62,-3.20) speed= 5.6m/s  roll= -3.2 pitch= 10.0  dither=(-0.14,+0.15,+0.15)
  [42/180] yaw= 74.7 wind=(-4.13, 7.72) speed= 8.8m/s  roll= -6.4 pitch= -6.9  dither=(-0.14,+0.04,-0.06)
  [43/180] yaw= 58.1 wind=(-1.93, 9.07) speed= 9.3m/s  roll= -6.6 pitch=  2.3  dither=(-0.02,-0.15,-0.15)
  [44/180] yaw= 57.5 wind=( 1.34, 3.53) speed= 3.8m/s  roll=  0.5 pitch=  1.6  dither=(+0.06,+0.00,+0.00)
  [45/180] yaw= 74.4 wind=(-3.53,-5.55) speed= 6.6m/s  roll=  6.8 pitch=  6.5  dither=(+0.03,+0.01,-0.04)

============================================================
=== yaw 4/12: 목표 98도로 회전 중 (현재 62.6도) ===
============================================================
  -> yaw 95.4도로 안정화
  [46/180] yaw= 96.8 wind=( 0.47,-2.23) speed= 2.3m/s  roll= -2.3 pitch=  1.9  dither=(-0.10,+0.10,+0.04)
  [47/180] yaw=100.5 wind=(-7.21, 2.45) speed= 7.6m/s  roll=  7.8 pitch=-22.5  dither=(+0.06,-0.15,-0.08)
  [48/180] yaw=102.2 wind=( 6.47,-6.70) speed= 9.3m/s  roll=  2.4 pitch= 15.1  dither=(-0.09,+0.01,+0.07)
  [49/180] yaw= 95.5 wind=( 0.26, 6.31) speed= 6.3m/s  roll= 15.5 pitch=  7.8  dither=(+0.08,+0.12,+0.01)
  [50/180] yaw= 97.6 wind=( 1.35, 0.14) speed= 1.4m/s  roll=  8.6 pitch=  9.3  dither=(+0.15,+0.02,-0.11)
  [51/180] yaw= 92.0 wind=(-1.02,-8.53) speed= 8.6m/s  roll=-12.8 pitch= -2.6  dither=(-0.15,+0.05,-0.07)
  [52/180] yaw=102.2 wind=( 2.53, 1.78) speed= 3.1m/s  roll= -4.3 pitch= -4.1  dither=(-0.15,-0.01,+0.07)
  [53/180] yaw= 79.7 wind=( 1.63,-1.19) speed= 2.0m/s  roll= -2.9 pitch= -5.0  dither=(-0.00,+0.02,-0.07)
  [54/180] yaw= 89.9 wind=(-0.91,-4.43) speed= 4.5m/s  roll= -0.4 pitch=  3.0  dither=(+0.08,+0.05,-0.10)
  [55/180] yaw=105.4 wind=(-1.67, 2.96) speed= 3.4m/s  roll= 10.6 pitch=  7.1  dither=(+0.04,+0.06,+0.05)
  [56/180] yaw=100.7 wind=(-2.71, 8.15) speed= 8.6m/s  roll= 10.4 pitch=  1.8  dither=(-0.05,-0.13,+0.11)
  [57/180] yaw= 93.6 wind=(-6.52, 6.47) speed= 9.2m/s  roll= -5.2 pitch= -4.8  dither=(-0.06,+0.04,+0.10)
  [58/180] yaw=103.6 wind=( 6.99,-4.11) speed= 8.1m/s  roll=  5.0 pitch= -2.8  dither=(-0.01,+0.01,+0.14)
  [59/180] yaw=108.8 wind=( 2.06, 3.29) speed= 3.9m/s  roll=  7.4 pitch= -5.1  dither=(-0.13,+0.05,-0.06)
  [60/180] yaw= 99.3 wind=(-3.07,-0.27) speed= 3.1m/s  roll=-12.3 pitch=  9.5  dither=(-0.05,+0.03,+0.05)

============================================================
=== yaw 5/12: 목표 128도로 회전 중 (현재 99.0도) ===
============================================================
  -> yaw 126.4도로 안정화
  [61/180] yaw=116.3 wind=( 0.28,-0.25) speed= 0.4m/s  roll= -0.8 pitch= -0.2  dither=(+0.06,+0.15,-0.08)
  [62/180] yaw=127.4 wind=( 0.97, 9.42) speed= 9.5m/s  roll= -1.3 pitch=-11.8  dither=(-0.13,+0.02,+0.10)
  [63/180] yaw=133.2 wind=( 3.53, 1.36) speed= 3.8m/s  roll= 11.4 pitch=  7.4  dither=(+0.13,+0.04,+0.15)
  [64/180] yaw=126.0 wind=(-1.61, 0.55) speed= 1.7m/s  roll= -6.0 pitch= -5.0  dither=(+0.03,+0.03,-0.07)
  [65/180] yaw=117.7 wind=(-0.37,-0.04) speed= 0.4m/s  roll=  6.3 pitch= -1.9  dither=(-0.04,-0.01,+0.06)
  [66/180] yaw=116.7 wind=(-0.04,-0.04) speed= 0.1m/s  roll= -1.0 pitch=  3.0  dither=(-0.15,+0.09,+0.07)
  [67/180] yaw=126.9 wind=(-0.06,-0.21) speed= 0.2m/s  roll= 15.4 pitch=  4.5  dither=(+0.15,-0.00,+0.03)
  [68/180] yaw=140.9 wind=( 1.28, 0.45) speed= 1.4m/s  roll= -9.2 pitch=  2.0  dither=(-0.15,-0.10,-0.03)
  [69/180] yaw=135.4 wind=( 3.23,-6.33) speed= 7.1m/s  roll= -9.6 pitch=  3.2  dither=(+0.02,+0.12,-0.00)
  [70/180] yaw=126.9 wind=(-2.23,-1.31) speed= 2.6m/s  roll=-13.3 pitch=  1.7  dither=(-0.12,-0.10,+0.07)
  [71/180] yaw=129.2 wind=(-0.51,-3.34) speed= 3.4m/s  roll=  3.4 pitch=  1.3  dither=(+0.10,+0.15,+0.15)
  [72/180] yaw=127.0 wind=(-4.50,-3.29) speed= 5.6m/s  roll=-12.3 pitch=-14.3  dither=(+0.02,-0.04,-0.06)
  [73/180] yaw=134.8 wind=(-1.96, 0.50) speed= 2.0m/s  roll= -9.2 pitch= -5.9  dither=(+0.02,-0.00,-0.12)
  [74/180] yaw=146.6 wind=( 2.81, 5.05) speed= 5.8m/s  roll=  1.7 pitch=-10.3  dither=(+0.04,-0.11,+0.14)
  [75/180] yaw=126.2 wind=( 4.25,-1.15) speed= 4.4m/s  roll=  2.1 pitch= -2.6  dither=(+0.15,+0.04,+0.04)

============================================================
=== yaw 6/12: 목표 158도로 회전 중 (현재 131.5도) ===
============================================================
  -> yaw 159.8도로 안정화
  [76/180] yaw=161.6 wind=( 7.99,-5.79) speed= 9.9m/s  roll=  0.1 pitch= 10.8  dither=(+0.04,+0.07,+0.15)
  [77/180] yaw=165.0 wind=(-1.47, 1.55) speed= 2.1m/s  roll=  4.7 pitch= -8.9  dither=(-0.00,-0.10,+0.03)
  [78/180] yaw=146.8 wind=(-2.82,-7.68) speed= 8.2m/s  roll=  5.7 pitch=  4.8  dither=(+0.08,-0.15,+0.09)
  [79/180] yaw=158.5 wind=( 5.30, 3.73) speed= 6.5m/s  roll=  8.1 pitch=  2.2  dither=(+0.15,+0.05,-0.00)
  [80/180] yaw=165.3 wind=( 4.37, 5.52) speed= 7.0m/s  roll=  3.1 pitch= -5.1  dither=(-0.09,-0.06,+0.03)
  [81/180] yaw=160.9 wind=(-1.66, 1.44) speed= 2.2m/s  roll= -1.5 pitch= -2.5  dither=(+0.13,-0.06,+0.05)
  [82/180] yaw=168.5 wind=( 4.82, 8.05) speed= 9.4m/s  roll= 15.0 pitch=-11.0  dither=(+0.03,-0.14,-0.03)
  [83/180] yaw=153.4 wind=(-0.68, 0.21) speed= 0.7m/s  roll=  3.9 pitch=  4.4  dither=(-0.03,+0.15,+0.03)
  [84/180] yaw=165.0 wind=(-4.98, 5.51) speed= 7.4m/s  roll= -9.8 pitch=  0.8  dither=(-0.08,-0.03,-0.04)
  [85/180] yaw=158.1 wind=( 1.42,-2.27) speed= 2.7m/s  roll=  6.3 pitch=  2.4  dither=(-0.09,+0.03,+0.01)
  [86/180] yaw=162.1 wind=(-0.20, 0.24) speed= 0.3m/s  roll= -3.5 pitch= -3.4  dither=(-0.12,-0.05,+0.11)
  [87/180] yaw=159.0 wind=(-0.67, 1.41) speed= 1.6m/s  roll= -2.3 pitch=  2.2  dither=(-0.04,-0.12,+0.15)
  [88/180] yaw=155.3 wind=( 4.02, 6.81) speed= 7.9m/s  roll=  0.4 pitch=  6.9  dither=(+0.02,-0.03,+0.13)
  [89/180] yaw=157.2 wind=(-2.35,-5.77) speed= 6.2m/s  roll=  1.5 pitch=  2.4  dither=(-0.15,-0.15,-0.10)
  [90/180] yaw=150.6 wind=( 8.79, 0.22) speed= 8.8m/s  roll= 11.2 pitch= -1.3  dither=(+0.08,-0.08,+0.13)

============================================================
=== yaw 7/12: 목표 188도로 회전 중 (현재 150.3도) ===
============================================================
  -> yaw -171.5도로 안정화
  [91/180] yaw=179.9 wind=(-7.34,-5.69) speed= 9.3m/s  roll= -3.9 pitch=  6.0  dither=(-0.04,-0.05,+0.14)
  [92/180] yaw=-170.2 wind=(-6.15,-5.52) speed= 8.3m/s  roll=  5.3 pitch=  0.4  dither=(+0.04,+0.02,+0.00)
  [93/180] yaw=-169.3 wind=(-3.01, 0.72) speed= 3.1m/s  roll= -6.0 pitch=  6.5  dither=(-0.07,+0.06,-0.06)
  [94/180] yaw=-179.3 wind=( 7.94,-4.40) speed= 9.1m/s  roll=  3.8 pitch=  1.7  dither=(+0.15,+0.14,-0.04)
  [95/180] yaw=175.2 wind=( 3.20, 5.81) speed= 6.6m/s  roll=  8.2 pitch= -6.3  dither=(-0.10,-0.10,-0.04)
  [96/180] yaw=-163.0 wind=( 6.63, 5.16) speed= 8.4m/s  roll= -3.5 pitch= -5.6  dither=(+0.01,+0.08,+0.07)
  [97/180] yaw=-171.0 wind=( 1.81, 4.66) speed= 5.0m/s  roll= 13.1 pitch= -1.7  dither=(+0.05,+0.03,-0.03)
  [98/180] yaw=-175.7 wind=( 6.92,-2.59) speed= 7.4m/s  roll=  2.4 pitch= -1.9  dither=(+0.07,+0.09,+0.13)
  [99/180] yaw=-162.1 wind=(-2.52,-0.80) speed= 2.6m/s  roll=-18.7 pitch=  1.2  dither=(-0.11,-0.03,-0.05)
  [100/180] yaw=-169.0 wind=(-1.22, 0.76) speed= 1.4m/s  roll= -8.6 pitch= -0.5  dither=(-0.14,-0.10,-0.03)
  [101/180] yaw=-159.9 wind=(-5.32,-1.32) speed= 5.5m/s  roll= -0.2 pitch=-19.3  dither=(-0.14,-0.13,+0.15)
  [102/180] yaw=-173.1 wind=( 3.69,-5.95) speed= 7.0m/s  roll=  1.9 pitch=  6.7  dither=(+0.11,+0.09,+0.03)
  [103/180] yaw=179.4 wind=( 5.02, 0.36) speed= 5.0m/s  roll=  9.9 pitch=  0.3  dither=(-0.09,+0.02,-0.15)
  [104/180] yaw=-171.8 wind=(-1.43, 7.73) speed= 7.9m/s  roll= -5.1 pitch= -2.8  dither=(+0.10,-0.10,+0.01)
  [105/180] yaw=178.1 wind=( 1.82, 4.71) speed= 5.0m/s  roll= 11.3 pitch= -1.6  dither=(+0.13,-0.00,+0.05)

============================================================
=== yaw 8/12: 목표 218도로 회전 중 (현재 -161.9도) ===
============================================================
  -> yaw -140.9도로 안정화
  [106/180] yaw=-140.1 wind=(-0.42, 0.25) speed= 0.5m/s  roll=  5.6 pitch= -8.5  dither=(+0.04,-0.09,-0.10)
  [107/180] yaw=-144.2 wind=( 1.03, 1.36) speed= 1.7m/s  roll=  4.9 pitch= -4.3  dither=(+0.10,-0.14,+0.01)
  [108/180] yaw=-144.4 wind=(-3.23,-2.12) speed= 3.9m/s  roll=  9.6 pitch=  1.4  dither=(+0.15,-0.07,-0.07)
  [109/180] yaw=-137.5 wind=( 0.54, 0.58) speed= 0.8m/s  roll=-11.7 pitch= -5.2  dither=(-0.04,-0.00,-0.05)
  [110/180] yaw=-150.2 wind=( 1.59, 8.76) speed= 8.9m/s  roll= -1.2 pitch= -7.9  dither=(-0.10,+0.15,-0.05)
  [111/180] yaw=-149.7 wind=(-0.04,-0.90) speed= 0.9m/s  roll= -2.6 pitch= -1.9  dither=(-0.05,-0.15,-0.10)
  [112/180] yaw=-135.7 wind=(-4.88,-1.37) speed= 5.1m/s  roll= -0.4 pitch=  7.2  dither=(-0.02,+0.15,-0.10)
  [113/180] yaw=-137.1 wind=( 0.13,-9.84) speed= 9.8m/s  roll= 10.7 pitch=  5.8  dither=(+0.04,+0.11,-0.06)
  [114/180] yaw=-137.4 wind=(-0.48,-0.10) speed= 0.5m/s  roll= -8.2 pitch=  2.9  dither=(+0.01,-0.01,-0.08)
  [115/180] yaw=-140.4 wind=( 9.79,-1.73) speed= 9.9m/s  roll=  3.6 pitch= -3.8  dither=(+0.03,-0.04,-0.04)
  [116/180] yaw=-149.2 wind=( 4.93,-0.68) speed= 5.0m/s  roll= -0.8 pitch= -1.2  dither=(+0.04,-0.11,+0.01)
  [117/180] yaw=-134.2 wind=( 4.62, 2.38) speed= 5.2m/s  roll=  0.7 pitch= -5.0  dither=(+0.07,-0.05,+0.09)
  [118/180] yaw=-126.3 wind=( 7.84, 1.58) speed= 8.0m/s  roll=  2.7 pitch= -5.6  dither=(-0.03,+0.05,-0.00)
  [119/180] yaw=-147.5 wind=(-1.08,-0.35) speed= 1.1m/s  roll= -5.3 pitch=  7.4  dither=(-0.15,+0.11,-0.09)
  [120/180] yaw=-138.2 wind=(-4.05,-6.14) speed= 7.4m/s  roll= -5.1 pitch= -0.4  dither=(-0.07,-0.08,+0.05)

============================================================
=== yaw 9/12: 목표 248도로 회전 중 (현재 -150.1도) ===
============================================================
  -> yaw -114.6도로 안정화
  [121/180] yaw=-117.0 wind=( 5.95, 4.40) speed= 7.4m/s  roll=  0.5 pitch= -8.1  dither=(-0.04,-0.11,+0.12)
  [122/180] yaw=-103.9 wind=(-7.82,-3.25) speed= 8.5m/s  roll=-10.8 pitch=  3.9  dither=(-0.00,+0.08,+0.12)
  [123/180] yaw=-118.3 wind=( 1.97,-0.44) speed= 2.0m/s  roll=  3.7 pitch=  8.3  dither=(-0.07,+0.09,-0.01)
  [124/180] yaw=-116.7 wind=(-2.29, 2.77) speed= 3.6m/s  roll= -7.3 pitch= -4.3  dither=(-0.02,-0.00,-0.02)
  [125/180] yaw=-108.7 wind=( 1.94,-6.36) speed= 6.7m/s  roll= -2.0 pitch= -2.7  dither=(-0.15,-0.15,+0.01)
  [126/180] yaw=-108.1 wind=( 2.77,-0.66) speed= 2.8m/s  roll=  7.7 pitch=  3.0  dither=(-0.05,+0.09,+0.00)
  [127/180] yaw=-105.0 wind=(-3.93, 7.25) speed= 8.2m/s  roll= -5.6 pitch= 12.7  dither=(-0.10,-0.01,+0.03)
  [128/180] yaw=-111.9 wind=(-4.79, 5.11) speed= 7.0m/s  roll= -8.9 pitch= -1.5  dither=(+0.10,+0.15,+0.01)
  [129/180] yaw=-113.7 wind=(-0.56,-9.87) speed= 9.9m/s  roll= 12.7 pitch= 11.8  dither=(+0.12,+0.15,+0.00)
  [130/180] yaw=-99.8 wind=(-6.73,-0.98) speed= 6.8m/s  roll= -2.4 pitch=  8.7  dither=(-0.13,-0.07,+0.14)
  [131/180] yaw=-114.0 wind=(-0.40, 1.63) speed= 1.7m/s  roll= -2.1 pitch=  0.5  dither=(-0.01,-0.15,+0.08)
  [132/180] yaw=-120.4 wind=(-1.05, 6.78) speed= 6.9m/s  roll=  1.2 pitch= 13.3  dither=(+0.12,+0.09,+0.04)
  [133/180] yaw=-108.2 wind=(-1.98, 4.83) speed= 5.2m/s  roll=  2.5 pitch= -8.4  dither=(+0.09,-0.08,-0.01)
  [134/180] yaw=-128.1 wind=( 2.55, 1.51) speed= 3.0m/s  roll= -3.0 pitch= -9.4  dither=(-0.05,+0.02,-0.15)
  [135/180] yaw=-106.4 wind=(-8.50,-1.12) speed= 8.6m/s  roll= -6.1 pitch=  4.9  dither=(+0.02,-0.02,+0.01)

============================================================
=== yaw 10/12: 목표 278도로 회전 중 (현재 -102.6도) ===
============================================================
  -> yaw -84.1도로 안정화
  [136/180] yaw=-77.2 wind=(-0.40,-1.66) speed= 1.7m/s  roll=  7.0 pitch=  1.8  dither=(-0.01,+0.10,+0.03)
  [137/180] yaw=-87.1 wind=( 5.17, 8.51) speed=10.0m/s  roll=  4.0 pitch= -9.5  dither=(+0.09,+0.08,-0.08)
  [138/180] yaw=-83.5 wind=( 0.50, 0.71) speed= 0.9m/s  roll=  9.7 pitch=  0.3  dither=(+0.15,-0.07,-0.07)
  [139/180] yaw=-85.5 wind=( 0.56,-5.52) speed= 5.5m/s  roll=  6.3 pitch=  1.0  dither=(+0.03,-0.03,-0.13)
  [140/180] yaw=-88.3 wind=(-2.15, 1.05) speed= 2.4m/s  roll=  2.0 pitch= -6.8  dither=(-0.03,-0.01,+0.08)
  [141/180] yaw=-71.3 wind=(-0.67, 0.31) speed= 0.7m/s  roll=-13.3 pitch=  9.8  dither=(-0.01,+0.01,-0.15)
  [142/180] yaw=-70.4 wind=( 5.77,-1.11) speed= 5.9m/s  roll= -3.6 pitch= -9.5  dither=(+0.00,-0.03,+0.10)
  [143/180] yaw=-84.4 wind=(-5.89, 1.18) speed= 6.0m/s  roll= -6.7 pitch=  3.2  dither=(+0.11,-0.09,+0.06)
  [144/180] yaw=-74.0 wind=( 1.01,-0.33) speed= 1.1m/s  roll= -9.1 pitch=-13.0  dither=(-0.04,-0.15,+0.06)
  [145/180] yaw=-74.7 wind=(-6.50,-6.66) speed= 9.3m/s  roll= -4.7 pitch= -4.6  dither=(-0.01,-0.04,+0.10)
  [146/180] yaw=-82.9 wind=(-6.83,-3.96) speed= 7.9m/s  roll= 10.3 pitch=  4.3  dither=(-0.05,-0.13,-0.01)
  [147/180] yaw=-80.1 wind=(-0.77, 8.07) speed= 8.1m/s  roll= -3.3 pitch= -4.0  dither=(-0.08,+0.05,+0.15)
  [148/180] yaw=-80.2 wind=(-5.52, 7.05) speed= 9.0m/s  roll=-19.4 pitch=  6.7  dither=(-0.05,-0.07,+0.00)
  [149/180] yaw=-76.7 wind=(-8.64, 0.75) speed= 8.7m/s  roll= 12.6 pitch=  9.2  dither=(+0.09,-0.15,+0.07)
  [150/180] yaw=-75.3 wind=(-3.59,-1.61) speed= 3.9m/s  roll= 12.6 pitch=  6.3  dither=(-0.09,+0.10,+0.09)

============================================================
=== yaw 11/12: 목표 308도로 회전 중 (현재 -90.1도) ===
============================================================
  -> yaw -54.2도로 안정화
  [151/180] yaw=-62.2 wind=( 2.57, 2.91) speed= 3.9m/s  roll= -1.0 pitch= -4.4  dither=(+0.07,-0.07,-0.15)
  [152/180] yaw=-42.2 wind=( 3.48,-5.18) speed= 6.2m/s  roll=  1.8 pitch=-15.0  dither=(+0.11,-0.09,-0.10)
  [153/180] yaw=-57.3 wind=( 4.39, 7.16) speed= 8.4m/s  roll=  1.6 pitch= -7.5  dither=(+0.07,+0.07,-0.15)
  [154/180] yaw=-36.8 wind=(-0.83, 1.58) speed= 1.8m/s  roll=  0.7 pitch=  9.1  dither=(+0.00,+0.04,+0.03)
  [155/180] yaw=-55.2 wind=(-3.33,-0.18) speed= 3.3m/s  roll=  4.6 pitch=  2.7  dither=(+0.11,+0.08,+0.10)
  [156/180] yaw=-48.4 wind=( 2.61,-0.66) speed= 2.7m/s  roll= 10.1 pitch=  3.9  dither=(-0.02,+0.13,+0.10)
  [157/180] yaw=-38.1 wind=( 8.20,-5.54) speed= 9.9m/s  roll= -2.7 pitch= -2.9  dither=(+0.08,+0.08,+0.09)
  [158/180] yaw=-51.9 wind=(-6.44,-1.00) speed= 6.5m/s  roll=  1.0 pitch=-13.7  dither=(-0.11,-0.05,+0.09)
  [159/180] yaw=-48.1 wind=( 0.58, 1.39) speed= 1.5m/s  roll=  3.3 pitch= 12.2  dither=(-0.13,+0.07,+0.09)
  [160/180] yaw=-59.3 wind=( 3.25,-8.07) speed= 8.7m/s  roll= -4.1 pitch= -6.4  dither=(-0.01,-0.10,-0.08)
  [161/180] yaw=-51.0 wind=( 0.37, 2.16) speed= 2.2m/s  roll=  7.5 pitch= -0.9  dither=(+0.01,+0.02,+0.05)
  [162/180] yaw=-51.9 wind=( 4.65,-0.72) speed= 4.7m/s  roll= -1.8 pitch= -6.6  dither=(-0.15,-0.02,-0.07)
  [163/180] yaw=-58.7 wind=(-7.40, 4.79) speed= 8.8m/s  roll=  3.5 pitch= 11.7  dither=(+0.05,+0.10,+0.02)
  [164/180] yaw=-53.3 wind=(-5.67, 0.31) speed= 5.7m/s  roll=  9.4 pitch= 10.1  dither=(+0.14,-0.01,+0.09)
  [165/180] yaw=-48.1 wind=(-3.12,-2.20) speed= 3.8m/s  roll= -1.2 pitch=  1.3  dither=(+0.01,-0.05,+0.06)

============================================================
=== yaw 12/12: 목표 338도로 회전 중 (현재 -51.0도) ===
============================================================
  -> yaw -23.4도로 안정화
  [166/180] yaw=-24.6 wind=(-5.81,-5.49) speed= 8.0m/s  roll= 11.0 pitch= -1.1  dither=(+0.07,+0.10,-0.01)
  [167/180] yaw=-28.1 wind=(-2.03,-8.36) speed= 8.6m/s  roll=  5.2 pitch=  0.6  dither=(-0.03,-0.02,-0.00)
  [168/180] yaw=-37.0 wind=( 0.23, 0.35) speed= 0.4m/s  roll= -1.0 pitch=  8.4  dither=(-0.04,+0.08,-0.01)
  [169/180] yaw=-23.5 wind=( 4.46, 2.41) speed= 5.1m/s  roll= -7.1 pitch=  2.9  dither=(-0.15,-0.02,-0.11)
  [170/180] yaw=-30.8 wind=( 1.55,-5.30) speed= 5.5m/s  roll=  9.7 pitch=  2.2  dither=(+0.06,+0.05,-0.06)
  [171/180] yaw=-24.9 wind=( 0.18, 0.15) speed= 0.2m/s  roll= -4.3 pitch= -3.8  dither=(-0.10,-0.15,+0.09)
  [172/180] yaw=-15.8 wind=( 3.64,-7.26) speed= 8.1m/s  roll=  5.1 pitch= -6.9  dither=(+0.14,-0.09,+0.11)
  [173/180] yaw=-24.4 wind=(-0.69, 0.11) speed= 0.7m/s  roll= 10.0 pitch=  5.8  dither=(-0.13,+0.01,-0.15)
  [174/180] yaw=-18.7 wind=( 4.40,-8.93) speed=10.0m/s  roll=  1.3 pitch= -1.0  dither=(+0.06,+0.01,-0.14)
  [175/180] yaw=-17.5 wind=( 1.44, 0.07) speed= 1.4m/s  roll= -9.3 pitch= -5.9  dither=(-0.04,-0.01,-0.06)
  [176/180] yaw=-13.8 wind=(-0.21, 0.10) speed= 0.2m/s  roll=  0.1 pitch=  6.5  dither=(+0.04,-0.01,+0.04)
  [177/180] yaw=-28.0 wind=( 6.95, 2.30) speed= 7.3m/s  roll= -5.1 pitch= -4.0  dither=(+0.07,-0.05,-0.15)
  [178/180] yaw=-19.8 wind=( 6.45,-4.55) speed= 7.9m/s  roll= -2.0 pitch=-11.1  dither=(-0.06,+0.01,+0.02)
  [179/180] yaw=-18.6 wind=( 2.38, 1.77) speed= 3.0m/s  roll=  7.3 pitch=-10.2  dither=(+0.15,-0.07,-0.10)
  [180/180] yaw=-27.8 wind=( 1.82, 0.32) speed= 1.8m/s  roll=  0.5 pitch=  3.4  dither=(+0.04,-0.03,-0.03)

데이터 수집 완료. CSV 저장됨: ../../logs/wind_random_dither_20260816_044346_yaw8p0_n12x15_speed0-10_seed5042.csv
[송신 간격 통계] 목표=50ms  평균=50.0ms  최대=63.4ms  임계치 초과=0/65225

--- Offboard 종료 ---

--- Landing ---
-> 착륙 완료 및 디스암 확인

무작위 바람+토크 더더링 데이터 수집 완료.
  [수집] 세션 5 완료 (시도 1/3)
  [그래프] /home/ssh2003/MyProjects/quad-pinn-project/logs/wind_random_dither_20260816_044346_yaw8p0_n12x15_speed0-10_seed5042.csv 요약 PNG 생성 중...
    findfont: Failed to find font weight normal, now using 100.
    /home/ssh2003/MyProjects/quad-pinn-project/sim_scripts/data_collection/plot_session_grid.py:106: UserWarning: This figure includes Axes that are not compatible with tight_layout, so results might be incorrect.
      fig.tight_layout(rect=[0, 0, 0.92, 0.94])
    findfont: Failed to find font weight normal, now using 100.
    findfont: Failed to find font weight normal, now using 100.
    findfont: Failed to find font weight normal, now using 100.
    findfont: Failed to find font weight normal, now using 100.
    저장됨: /home/ssh2003/MyProjects/quad-pinn-project/figures/wind_random_20260816_034808_n12x15_td15/session_wind_random_dither_20260816_044346_yaw8p0_n12x15_speed0-10_seed5042.png

############################################################
# 세션 6/15
############################################################
  [SITL] 기존 프로세스 정리 중 (정상종료 시도)...
Terminated
  [SITL] 강제 정리 (남아있는 프로세스 있으면)...
  [SITL] 재시작 중...
  [SITL] px4 프로세스 감지됨 (1s). 안정화 대기 15s...
  [수집] 시작 (seed=6042, yaw-offset=10.000도, 시도 1/3, 타임아웃 4196초)
PX4 SITL에 연결 시도 중...
-> 드론에 연결됨!
GPS/홈 위치 확인 중...
-> 전역 위치 및 홈 위치 준비 완료

[확인] PX4 SITL이 'windy' 월드로 실행 중인지 확인할 것.

--- Arming ---
-> Armed

--- Takeoff ---
  안전 고도(1.5m) 도달 대기 중...
  -> 안전 고도 도달 (relative_altitude=1.51m)

--- Offboard 진입 준비: 초기 setpoint(현재 위치 고정) 전송 ---

--- Offboard 모드 시작 ---

CSV 로그 저장 경로: ../../logs/wind_random_dither_20260816_053856_yaw10p0_n12x15_speed0-10_seed6042.csv
더더링: OU 프로세스 tau=0.3s sigma=0.1 clamp=±0.15

yaw 12방향(offset=10.0도) x 방향당 바람조건 15개 = 총 180개 수집 시작 (조건당 15초, 예상 총 소요 51.0분 + yaw 회전 시간)

============================================================
=== yaw 1/12: 목표 10도로 회전 중 (현재 92.2도) ===
============================================================
  -> yaw 10.4도로 안정화
  [1/180] yaw= 18.6 wind=( 3.47, 6.87) speed= 7.7m/s  roll= -3.9 pitch=  7.7  dither=(-0.10,-0.15,+0.10)
  [2/180] yaw=  0.7 wind=(-4.90, 1.04) speed= 5.0m/s  roll=  4.0 pitch=-11.2  dither=(+0.15,-0.08,-0.12)
  [3/180] yaw= 10.4 wind=( 0.70,-0.79) speed= 1.1m/s  roll=-14.8 pitch=  4.3  dither=(-0.13,+0.07,-0.01)
  [4/180] yaw=  5.8 wind=( 2.69,-6.76) speed= 7.3m/s  roll= -4.1 pitch= -1.3  dither=(+0.05,-0.15,-0.01)
  [5/180] yaw=  8.0 wind=(-2.59,-2.93) speed= 3.9m/s  roll=  8.4 pitch= -9.3  dither=(+0.09,-0.13,+0.12)
  [6/180] yaw=  6.7 wind=(-0.15,-0.53) speed= 0.6m/s  roll=  6.5 pitch= -4.8  dither=(-0.02,-0.06,+0.12)
  [7/180] yaw= -3.0 wind=( 0.50, 6.73) speed= 6.7m/s  roll=  2.4 pitch= -5.7  dither=(+0.15,-0.11,-0.01)
  [8/180] yaw= 22.7 wind=(-2.29,-7.74) speed= 8.1m/s  roll= -8.3 pitch=-12.7  dither=(+0.07,+0.00,+0.01)
  [9/180] yaw=  5.4 wind=(-1.32,-9.25) speed= 9.3m/s  roll=  3.9 pitch=-19.4  dither=(+0.03,-0.14,-0.15)
  [10/180] yaw=  2.7 wind=( 4.48, 0.71) speed= 4.5m/s  roll= -2.5 pitch= -2.7  dither=(-0.15,+0.13,-0.02)
  [11/180] yaw= 14.1 wind=( 0.98, 6.21) speed= 6.3m/s  roll= -3.5 pitch=-10.7  dither=(-0.10,-0.11,-0.08)
  [12/180] yaw= 16.1 wind=( 1.30, 4.17) speed= 4.4m/s  roll= -6.3 pitch=  8.0  dither=(-0.07,-0.10,+0.15)
  [13/180] yaw= 10.4 wind=( 1.37, 0.65) speed= 1.5m/s  roll=  3.1 pitch= -9.6  dither=(+0.09,-0.12,+0.01)
  [14/180] yaw= 16.0 wind=( 1.92, 1.20) speed= 2.3m/s  roll=  2.3 pitch= -2.6  dither=(+0.11,+0.02,-0.07)
  [15/180] yaw= 17.7 wind=( 0.13,-0.05) speed= 0.1m/s  roll= -3.7 pitch= -8.0  dither=(+0.14,+0.05,-0.07)

============================================================
=== yaw 2/12: 목표 40도로 회전 중 (현재 12.0도) ===
============================================================
  -> yaw 37.8도로 안정화
  [16/180] yaw= 38.6 wind=( 0.06, 0.01) speed= 0.1m/s  roll=  4.4 pitch=  8.9  dither=(+0.02,+0.09,-0.15)
  [17/180] yaw= 39.1 wind=( 7.33, 3.93) speed= 8.3m/s  roll=-14.3 pitch=  2.8  dither=(-0.10,+0.04,+0.12)
  [18/180] yaw= 48.1 wind=( 0.23, 0.87) speed= 0.9m/s  roll= -3.5 pitch= -4.6  dither=(+0.01,+0.03,-0.00)
  [19/180] yaw= 39.4 wind=(-2.82,-7.84) speed= 8.3m/s  roll=  0.5 pitch=-13.0  dither=(+0.06,-0.07,-0.06)
  [20/180] yaw= 38.6 wind=( 1.06, 7.54) speed= 7.6m/s  roll=  5.3 pitch=  8.3  dither=(+0.08,+0.15,+0.02)
  [21/180] yaw= 25.9 wind=(-7.87,-0.03) speed= 7.9m/s  roll= 12.9 pitch= -5.7  dither=(+0.04,+0.02,-0.01)
  [22/180] yaw= 38.9 wind=( 4.22,-3.35) speed= 5.4m/s  roll= -2.3 pitch=  6.9  dither=(+0.06,+0.06,-0.10)
  [23/180] yaw= 40.9 wind=(-2.95,-3.16) speed= 4.3m/s  roll=  9.4 pitch= -1.5  dither=(-0.06,-0.09,+0.07)
  [24/180] yaw= 43.0 wind=(-4.16,-6.30) speed= 7.6m/s  roll=-11.7 pitch=  0.7  dither=(-0.07,+0.03,-0.11)
  [25/180] yaw= 35.9 wind=( 4.80,-2.77) speed= 5.5m/s  roll= -8.9 pitch=  7.4  dither=(+0.06,+0.15,-0.08)
  [26/180] yaw= 45.3 wind=( 0.75,-0.26) speed= 0.8m/s  roll= -2.2 pitch=  2.2  dither=(+0.00,+0.12,-0.15)
  [27/180] yaw= 32.1 wind=(-1.19,-0.78) speed= 1.4m/s  roll= 17.0 pitch= -8.2  dither=(+0.01,-0.08,+0.09)
  [28/180] yaw= 32.3 wind=( 2.93, 0.73) speed= 3.0m/s  roll= 12.4 pitch=  5.3  dither=(+0.04,+0.10,+0.14)
  [29/180] yaw= 40.4 wind=( 2.83, 5.68) speed= 6.3m/s  roll=-11.4 pitch=  6.4  dither=(-0.15,+0.11,+0.03)
  [30/180] yaw= 48.0 wind=(-2.70, 2.73) speed= 3.8m/s  roll=  0.0 pitch= -1.3  dither=(-0.09,-0.12,-0.05)

============================================================
=== yaw 3/12: 목표 70도로 회전 중 (현재 29.0도) ===
============================================================
  -> yaw 69.5도로 안정화
  [31/180] yaw= 68.6 wind=(-6.48,-0.65) speed= 6.5m/s  roll= -0.2 pitch= -9.1  dither=(-0.15,-0.02,+0.01)
  [32/180] yaw= 58.4 wind=(-2.50,-5.51) speed= 6.0m/s  roll=  2.7 pitch=  1.7  dither=(+0.02,+0.02,+0.09)
  [33/180] yaw= 70.7 wind=( 0.31, 1.88) speed= 1.9m/s  roll= -4.5 pitch= -0.5  dither=(+0.02,-0.05,+0.15)
  [34/180] yaw= 67.1 wind=(-1.92,-2.90) speed= 3.5m/s  roll= -6.2 pitch= -9.0  dither=(-0.06,-0.03,-0.15)
  [35/180] yaw= 64.5 wind=(-5.26, 2.75) speed= 5.9m/s  roll=  4.4 pitch= -3.6  dither=(+0.09,+0.05,+0.10)
  [36/180] yaw= 62.0 wind=( 4.04, 7.85) speed= 8.8m/s  roll= 11.4 pitch= -5.1  dither=(-0.11,-0.05,-0.06)
  [37/180] yaw= 73.3 wind=( 2.59, 8.40) speed= 8.8m/s  roll=  0.6 pitch= 12.5  dither=(+0.03,+0.00,+0.04)
  [38/180] yaw= 65.6 wind=(-4.30, 7.09) speed= 8.3m/s  roll= -0.3 pitch= -5.4  dither=(-0.03,+0.04,-0.03)
  [39/180] yaw= 51.4 wind=( 1.51,-1.37) speed= 2.0m/s  roll=-15.0 pitch=  4.5  dither=(-0.03,+0.11,-0.05)
  [40/180] yaw= 72.0 wind=(-7.39, 4.41) speed= 8.6m/s  roll= -1.4 pitch=  1.3  dither=(-0.10,-0.06,+0.05)
  [41/180] yaw= 66.3 wind=( 7.01,-5.21) speed= 8.7m/s  roll= -1.5 pitch=  4.1  dither=(+0.12,-0.02,-0.12)
  [42/180] yaw= 71.4 wind=(-7.54, 5.32) speed= 9.2m/s  roll= 11.6 pitch=  0.2  dither=(+0.06,+0.07,+0.15)
  [43/180] yaw= 78.5 wind=( 0.07,-2.48) speed= 2.5m/s  roll=  0.1 pitch=  6.0  dither=(+0.13,+0.08,-0.02)
  [44/180] yaw= 63.2 wind=( 0.65, 6.26) speed= 6.3m/s  roll=  5.4 pitch=  2.3  dither=(+0.00,+0.07,+0.04)
  [45/180] yaw= 66.3 wind=(-6.36, 2.36) speed= 6.8m/s  roll= -7.2 pitch=-10.5  dither=(-0.01,+0.01,-0.06)

============================================================
=== yaw 4/12: 목표 100도로 회전 중 (현재 61.2도) ===
============================================================
  -> yaw 97.6도로 안정화
  [46/180] yaw=112.4 wind=(-4.22, 5.55) speed= 7.0m/s  roll= -3.9 pitch= -5.4  dither=(+0.03,-0.02,+0.05)
  [47/180] yaw=100.3 wind=( 4.18,-7.40) speed= 8.5m/s  roll= -3.7 pitch= 11.3  dither=(-0.06,-0.00,+0.05)
  [48/180] yaw= 91.0 wind=( 5.15, 5.98) speed= 7.9m/s  roll= 21.3 pitch= -5.3  dither=(+0.01,-0.07,+0.03)
  [49/180] yaw=102.7 wind=( 7.15,-5.88) speed= 9.3m/s  roll= -7.4 pitch= -1.3  dither=(-0.15,-0.05,+0.03)
  [50/180] yaw= 96.7 wind=( 0.73, 0.26) speed= 0.8m/s  roll= -6.8 pitch= -1.7  dither=(-0.10,-0.05,+0.03)
  [51/180] yaw= 98.6 wind=(-2.43, 4.80) speed= 5.4m/s  roll=  4.2 pitch=  0.8  dither=(+0.15,-0.12,-0.06)
  [52/180] yaw=111.0 wind=( 0.41, 8.67) speed= 8.7m/s  roll= -0.5 pitch=  2.3  dither=(-0.08,+0.10,-0.15)
  [53/180] yaw=101.8 wind=( 1.43,-0.66) speed= 1.6m/s  roll=-13.4 pitch= -9.3  dither=(-0.13,+0.05,+0.05)
  [54/180] yaw=102.1 wind=( 3.08,-1.22) speed= 3.3m/s  roll= -8.2 pitch= -6.7  dither=(+0.06,-0.08,-0.06)
  [55/180] yaw=111.9 wind=(-3.58,-8.24) speed= 9.0m/s  roll=-11.6 pitch= -9.9  dither=(-0.10,-0.13,+0.08)
  [56/180] yaw= 98.2 wind=( 9.30, 2.83) speed= 9.7m/s  roll= 10.1 pitch=  6.5  dither=(+0.09,-0.03,-0.06)
  [57/180] yaw= 95.3 wind=(-5.86, 2.11) speed= 6.2m/s  roll= -7.8 pitch=-10.3  dither=(-0.09,-0.15,+0.04)
  [58/180] yaw=103.9 wind=(-4.67,-0.32) speed= 4.7m/s  roll=  7.3 pitch= -6.1  dither=(+0.13,-0.01,+0.10)
  [59/180] yaw= 98.3 wind=(-0.16, 1.98) speed= 2.0m/s  roll=  7.7 pitch= -7.2  dither=(+0.06,+0.13,-0.14)
  [60/180] yaw=100.7 wind=(-5.83,-7.50) speed= 9.5m/s  roll= -4.7 pitch=  4.9  dither=(-0.02,+0.11,-0.07)

============================================================
=== yaw 5/12: 목표 130도로 회전 중 (현재 92.0도) ===
============================================================
  -> yaw 130.9도로 안정화
  [61/180] yaw=127.1 wind=( 2.05,-4.94) speed= 5.3m/s  roll=-11.6 pitch= -1.5  dither=(-0.07,-0.04,-0.09)
  [62/180] yaw=126.4 wind=( 7.88, 5.17) speed= 9.4m/s  roll=  2.2 pitch= -0.7  dither=(+0.07,-0.15,+0.12)
  [63/180] yaw=118.8 wind=(-4.78, 3.06) speed= 5.7m/s  roll=  1.0 pitch=  1.0  dither=(+0.11,-0.10,-0.00)
  [64/180] yaw=122.8 wind=(-3.41, 9.21) speed= 9.8m/s  roll= 13.4 pitch= -1.4  dither=(-0.01,+0.03,-0.02)
  [65/180] yaw=126.0 wind=(-2.20, 3.39) speed= 4.0m/s  roll= -3.1 pitch=-15.9  dither=(-0.01,-0.02,+0.00)
  [66/180] yaw=136.3 wind=( 1.90, 8.78) speed= 9.0m/s  roll= -0.6 pitch= -8.9  dither=(-0.08,-0.03,+0.04)
  [67/180] yaw=128.9 wind=( 5.61,-2.56) speed= 6.2m/s  roll= -6.5 pitch=  4.5  dither=(-0.13,-0.09,-0.08)
  [68/180] yaw=129.9 wind=( 0.23, 6.05) speed= 6.1m/s  roll=  6.5 pitch= -5.1  dither=(+0.11,-0.04,+0.10)
  [69/180] yaw=135.7 wind=(-0.16,-0.35) speed= 0.4m/s  roll=  4.9 pitch= -0.1  dither=(+0.11,-0.13,+0.05)
  [70/180] yaw=130.5 wind=(-4.05, 0.36) speed= 4.1m/s  roll= -6.7 pitch= -0.8  dither=(+0.01,+0.02,+0.01)
  [71/180] yaw=127.6 wind=(-3.69,-3.10) speed= 4.8m/s  roll=-10.6 pitch= -1.7  dither=(-0.07,-0.04,-0.08)
  [72/180] yaw=125.7 wind=( 4.16, 7.32) speed= 8.4m/s  roll=  2.4 pitch= -1.6  dither=(-0.10,+0.14,-0.02)
  [73/180] yaw=131.3 wind=( 2.78, 1.28) speed= 3.1m/s  roll= -5.9 pitch=  5.2  dither=(-0.08,-0.09,-0.07)
  [74/180] yaw=129.5 wind=( 6.76, 1.18) speed= 6.9m/s  roll= 10.5 pitch= -1.1  dither=(+0.15,-0.08,-0.00)
  [75/180] yaw=141.2 wind=( 3.82,-1.73) speed= 4.2m/s  roll=  6.8 pitch=  6.2  dither=(-0.04,-0.01,+0.15)

============================================================
=== yaw 6/12: 목표 160도로 회전 중 (현재 125.7도) ===
============================================================
  -> yaw 157.9도로 안정화
  [76/180] yaw=166.0 wind=( 2.20,-3.09) speed= 3.8m/s  roll=-11.9 pitch= -4.1  dither=(-0.10,+0.03,+0.15)
  [77/180] yaw=150.2 wind=(-0.02, 0.00) speed= 0.0m/s  roll=  0.6 pitch= 10.7  dither=(+0.01,-0.11,-0.07)
  [78/180] yaw=159.7 wind=( 3.30, 5.13) speed= 6.1m/s  roll=  1.8 pitch= -8.1  dither=(-0.10,-0.13,+0.08)
  [79/180] yaw=152.3 wind=( 7.92, 1.65) speed= 8.1m/s  roll= 10.8 pitch=  0.6  dither=(+0.09,-0.01,+0.06)
  [80/180] yaw=158.6 wind=(-1.51, 6.00) speed= 6.2m/s  roll= -5.6 pitch= -7.4  dither=(-0.09,-0.12,-0.04)
  [81/180] yaw=162.3 wind=( 0.02,-0.08) speed= 0.1m/s  roll=  1.6 pitch= -0.4  dither=(+0.15,-0.06,+0.07)
  [82/180] yaw=150.3 wind=( 5.88,-0.84) speed= 5.9m/s  roll= 13.0 pitch= -1.4  dither=(+0.10,-0.05,-0.12)
  [83/180] yaw=149.4 wind=(-4.65,-6.13) speed= 7.7m/s  roll=  2.0 pitch=  5.0  dither=(-0.05,-0.05,+0.11)
  [84/180] yaw=161.1 wind=( 2.27,-3.59) speed= 4.2m/s  roll=  3.3 pitch= -0.4  dither=(+0.14,+0.11,-0.01)
  [85/180] yaw=176.4 wind=( 5.10, 5.74) speed= 7.7m/s  roll=  5.9 pitch=-11.2  dither=(+0.13,-0.01,+0.15)
  [86/180] yaw=158.2 wind=(-0.42,-4.37) speed= 4.4m/s  roll= 12.9 pitch=  7.8  dither=(+0.15,-0.08,-0.08)
  [87/180] yaw=168.3 wind=(-1.32, 6.28) speed= 6.4m/s  roll= -1.0 pitch= -3.3  dither=(+0.01,-0.02,+0.05)
  [88/180] yaw=155.6 wind=(-8.24, 1.96) speed= 8.5m/s  roll=-16.4 pitch=  1.1  dither=(-0.02,+0.11,-0.11)
  [89/180] yaw=172.5 wind=(-3.23, 1.55) speed= 3.6m/s  roll=  6.2 pitch=  0.8  dither=(+0.15,+0.15,+0.07)
  [90/180] yaw=160.6 wind=( 1.64, 5.52) speed= 5.8m/s  roll=  3.5 pitch=-15.1  dither=(+0.11,-0.02,+0.12)

============================================================
=== yaw 7/12: 목표 190도로 회전 중 (현재 165.7도) ===
============================================================
  -> yaw -171.2도로 안정화
  [91/180] yaw=-161.1 wind=( 6.60, 5.04) speed= 8.3m/s  roll=-13.6 pitch= -6.2  dither=(-0.11,-0.08,+0.13)
  [92/180] yaw=-171.3 wind=(-5.77, 4.42) speed= 7.3m/s  roll= -6.6 pitch= -7.3  dither=(+0.14,-0.08,-0.08)
  [93/180] yaw=-164.3 wind=(-4.22,-0.72) speed= 4.3m/s  roll=-13.2 pitch= -7.8  dither=(+0.06,-0.02,+0.06)
  [94/180] yaw=-177.0 wind=( 1.45,-0.45) speed= 1.5m/s  roll= -0.6 pitch= -2.7  dither=(+0.03,-0.07,+0.07)
  [95/180] yaw=-172.2 wind=(-2.46,-0.72) speed= 2.6m/s  roll=  7.2 pitch=  2.1  dither=(+0.15,+0.05,+0.14)
  [96/180] yaw=-173.6 wind=(-3.23, 3.98) speed= 5.1m/s  roll=  2.0 pitch=  7.1  dither=(-0.12,-0.15,+0.11)
  [97/180] yaw=178.0 wind=(-0.61,-8.70) speed= 8.7m/s  roll=  8.8 pitch= 15.9  dither=(+0.13,-0.01,+0.10)
  [98/180] yaw=-163.8 wind=( 0.79,-0.08) speed= 0.8m/s  roll=  6.9 pitch= 11.7  dither=(+0.15,+0.13,+0.05)
  [99/180] yaw=-177.1 wind=( 4.85,-1.55) speed= 5.1m/s  roll=  0.4 pitch=  2.0  dither=(-0.10,+0.05,-0.12)
  [100/180] yaw=-168.2 wind=(-3.03,-5.25) speed= 6.1m/s  roll= -1.6 pitch=  2.8  dither=(+0.07,-0.03,-0.15)
  [101/180] yaw=-162.0 wind=( 5.71,-4.77) speed= 7.4m/s  roll=  6.6 pitch= -3.6  dither=(-0.11,+0.08,+0.00)
  [102/180] yaw=-163.2 wind=( 3.99, 2.35) speed= 4.6m/s  roll= -1.5 pitch=-13.0  dither=(-0.04,-0.08,-0.02)
  [103/180] yaw=-176.8 wind=(-1.34,-6.06) speed= 6.2m/s  roll=  1.9 pitch= -2.3  dither=(-0.11,-0.02,-0.09)
  [104/180] yaw=-165.9 wind=(-0.21, 0.80) speed= 0.8m/s  roll= 13.2 pitch=  5.4  dither=(+0.12,+0.15,+0.09)
  [105/180] yaw=-164.8 wind=(-8.28, 4.28) speed= 9.3m/s  roll=-10.1 pitch= -1.7  dither=(+0.11,-0.04,-0.08)

============================================================
=== yaw 8/12: 목표 220도로 회전 중 (현재 -168.3도) ===
============================================================
  -> yaw -141.9도로 안정화
  [106/180] yaw=-156.3 wind=(-1.68,-0.15) speed= 1.7m/s  roll= -3.7 pitch=  5.6  dither=(+0.07,+0.09,-0.15)
  [107/180] yaw=-136.9 wind=(-1.86, 2.25) speed= 2.9m/s  roll=  0.7 pitch= -5.8  dither=(-0.00,+0.01,-0.04)
  [108/180] yaw=-142.6 wind=( 7.84, 1.96) speed= 8.1m/s  roll=  7.2 pitch= -1.9  dither=(+0.15,-0.04,+0.00)
  [109/180] yaw=-160.7 wind=(-1.54, 5.32) speed= 5.5m/s  roll= -4.1 pitch=  1.4  dither=(+0.00,+0.15,-0.03)
  [110/180] yaw=-138.6 wind=(-0.25,-0.06) speed= 0.3m/s  roll=  6.4 pitch= -3.9  dither=(-0.15,+0.08,+0.04)
  [111/180] yaw=-145.8 wind=( 2.52, 3.19) speed= 4.1m/s  roll= -1.2 pitch=  4.6  dither=(-0.08,+0.11,+0.02)
  [112/180] yaw=-158.9 wind=( 3.52,-7.36) speed= 8.2m/s  roll=  5.1 pitch= -0.1  dither=(+0.02,+0.06,-0.03)
  [113/180] yaw=-155.2 wind=( 3.98, 7.95) speed= 8.9m/s  roll=  3.1 pitch= -5.1  dither=(+0.01,+0.06,+0.05)
  [114/180] yaw=-132.6 wind=(-7.54, 5.27) speed= 9.2m/s  roll=  2.8 pitch=  4.5  dither=(+0.00,-0.10,+0.09)
  [115/180] yaw=-136.2 wind=(-4.30,-2.65) speed= 5.0m/s  roll= -9.4 pitch=  3.5  dither=(-0.12,-0.07,+0.07)
  [116/180] yaw=-151.4 wind=( 4.12,-3.97) speed= 5.7m/s  roll= -4.7 pitch= -4.6  dither=(-0.09,-0.12,-0.15)
  [117/180] yaw=-130.9 wind=(-3.24,-0.92) speed= 3.4m/s  roll= -2.6 pitch=  6.8  dither=(+0.01,-0.08,+0.15)
  [118/180] yaw=-145.0 wind=( 7.96, 4.46) speed= 9.1m/s  roll=-14.8 pitch= 15.2  dither=(-0.09,+0.09,-0.00)
  [119/180] yaw=-134.1 wind=(-2.61, 1.19) speed= 2.9m/s  roll=-11.2 pitch= -5.7  dither=(-0.08,-0.04,+0.04)
  [120/180] yaw=-142.7 wind=(-7.28,-3.07) speed= 7.9m/s  roll= -4.9 pitch= 12.5  dither=(-0.04,+0.01,-0.12)

============================================================
=== yaw 9/12: 목표 250도로 회전 중 (현재 -139.7도) ===
============================================================
  -> yaw -112.0도로 안정화
  [121/180] yaw=-112.6 wind=( 0.26,-5.18) speed= 5.2m/s  roll=  5.7 pitch=  1.9  dither=(-0.11,+0.01,+0.01)
  [122/180] yaw=-115.6 wind=( 0.49, 3.90) speed= 3.9m/s  roll=  1.1 pitch=  4.0  dither=(-0.02,-0.01,+0.09)
  [123/180] yaw=-111.9 wind=( 0.10, 0.95) speed= 1.0m/s  roll=  0.8 pitch= -4.0  dither=(-0.04,+0.15,-0.15)
  [124/180] yaw=-106.4 wind=(-1.86,-4.16) speed= 4.6m/s  roll=  0.3 pitch=-11.9  dither=(-0.15,+0.01,+0.04)
  [125/180] yaw=-116.4 wind=( 0.25,-2.27) speed= 2.3m/s  roll= -4.7 pitch=  1.9  dither=(-0.01,-0.10,+0.00)
  [126/180] yaw=-113.0 wind=(-3.76,-2.05) speed= 4.3m/s  roll=  6.3 pitch= 16.7  dither=(-0.01,+0.12,+0.02)
  [127/180] yaw=-101.6 wind=(-1.34, 0.47) speed= 1.4m/s  roll= -2.5 pitch= -3.1  dither=(+0.00,+0.13,+0.02)
  [128/180] yaw=-117.7 wind=(-1.54, 9.34) speed= 9.5m/s  roll= -2.1 pitch=  1.1  dither=(-0.02,-0.07,+0.11)
  [129/180] yaw=-106.3 wind=( 1.85,-3.67) speed= 4.1m/s  roll=  4.9 pitch=  9.4  dither=(+0.03,-0.03,+0.03)
  [130/180] yaw=-115.5 wind=( 3.59, 7.33) speed= 8.2m/s  roll= -0.8 pitch= -1.6  dither=(+0.09,-0.06,-0.12)
  [131/180] yaw=-114.8 wind=( 2.68, 8.21) speed= 8.6m/s  roll=  2.6 pitch=-12.9  dither=(+0.11,-0.02,-0.07)
  [132/180] yaw=-111.8 wind=(-3.15, 1.21) speed= 3.4m/s  roll= -9.2 pitch= -2.9  dither=(-0.01,+0.08,-0.04)
  [133/180] yaw=-109.1 wind=( 4.72,-1.43) speed= 4.9m/s  roll= 11.6 pitch=  0.4  dither=(-0.06,+0.14,-0.01)
  [134/180] yaw=-102.8 wind=( 4.11, 4.95) speed= 6.4m/s  roll=  0.4 pitch= -9.3  dither=(+0.13,+0.05,+0.06)
  [135/180] yaw=-105.8 wind=(-0.33, 0.28) speed= 0.4m/s  roll=  8.3 pitch=  8.0  dither=(+0.01,-0.07,-0.04)

============================================================
=== yaw 10/12: 목표 280도로 회전 중 (현재 -108.4도) ===
============================================================
  -> yaw -79.7도로 안정화
  [136/180] yaw=-82.7 wind=( 4.66, 6.42) speed= 7.9m/s  roll= -5.7 pitch=  4.7  dither=(+0.08,+0.09,+0.04)
  [137/180] yaw=-86.7 wind=( 0.20, 1.57) speed= 1.6m/s  roll= -2.9 pitch= -7.4  dither=(+0.15,+0.04,+0.06)
  [138/180] yaw=-85.8 wind=(-0.89, 5.77) speed= 5.8m/s  roll= -6.8 pitch=  0.6  dither=(-0.15,+0.10,-0.00)
  [139/180] yaw=-89.4 wind=(-4.07, 2.81) speed= 4.9m/s  roll= 10.9 pitch= -4.9  dither=(+0.15,-0.07,-0.14)
  [140/180] yaw=-70.5 wind=( 0.02, 3.58) speed= 3.6m/s  roll=  4.5 pitch=  1.0  dither=(+0.00,+0.00,-0.03)
  [141/180] yaw=-79.9 wind=(-3.49,-4.43) speed= 5.6m/s  roll=  2.4 pitch= -6.6  dither=(+0.11,-0.09,-0.09)
  [142/180] yaw=-89.2 wind=( 0.21, 0.53) speed= 0.6m/s  roll=  5.3 pitch=  2.8  dither=(-0.08,+0.05,+0.05)
  [143/180] yaw=-79.9 wind=(-3.19,-4.83) speed= 5.8m/s  roll= -4.1 pitch=  3.7  dither=(-0.06,+0.15,-0.11)
  [144/180] yaw=-74.4 wind=( 0.67,-8.08) speed= 8.1m/s  roll=  4.6 pitch= -3.7  dither=(-0.07,-0.09,+0.12)
  [145/180] yaw=-77.2 wind=( 1.23,-4.41) speed= 4.6m/s  roll= -5.0 pitch= -7.0  dither=(-0.05,+0.03,-0.09)
  [146/180] yaw=-84.1 wind=( 3.70,-0.12) speed= 3.7m/s  roll=  4.7 pitch=-11.2  dither=(-0.03,-0.07,-0.03)
  [147/180] yaw=-87.6 wind=(-6.85,-4.33) speed= 8.1m/s  roll=  5.7 pitch=  4.9  dither=(+0.01,+0.12,+0.08)
  [148/180] yaw=-91.7 wind=( 6.01,-3.63) speed= 7.0m/s  roll=  0.5 pitch=  5.4  dither=(+0.12,+0.12,-0.11)
  [149/180] yaw=-80.8 wind=( 0.27, 4.61) speed= 4.6m/s  roll=-13.3 pitch= -1.3  dither=(-0.00,-0.02,-0.05)
  [150/180] yaw=-78.6 wind=(-1.38, 2.67) speed= 3.0m/s  roll=  7.1 pitch= -0.7  dither=(-0.04,+0.06,-0.08)

============================================================
=== yaw 11/12: 목표 310도로 회전 중 (현재 -87.2도) ===
============================================================
  -> yaw -52.7도로 안정화
  [151/180] yaw=-54.5 wind=(-8.71,-0.79) speed= 8.7m/s  roll=  4.5 pitch=  8.5  dither=(-0.07,+0.15,-0.10)
  [152/180] yaw=-41.3 wind=(-7.80,-3.88) speed= 8.7m/s  roll=  2.7 pitch= -3.1  dither=(+0.04,-0.08,+0.10)
  [153/180] yaw=-49.7 wind=( 1.58, 8.93) speed= 9.1m/s  roll=  1.5 pitch= -6.7  dither=(+0.08,+0.08,-0.04)
  [154/180] yaw=-57.8 wind=(-3.30,-0.91) speed= 3.4m/s  roll=  2.9 pitch=  2.9  dither=(+0.01,-0.01,-0.15)
  [155/180] yaw=-52.3 wind=( 6.42, 0.19) speed= 6.4m/s  roll= -3.9 pitch= -9.3  dither=(+0.08,+0.02,-0.00)
  [156/180] yaw=-44.1 wind=( 5.02,-0.62) speed= 5.1m/s  roll=  6.5 pitch= -1.7  dither=(-0.02,-0.03,+0.08)
  [157/180] yaw=-54.0 wind=( 2.97, 1.25) speed= 3.2m/s  roll= -3.1 pitch= -1.5  dither=(-0.09,-0.03,+0.07)
  [158/180] yaw=-56.4 wind=(-0.08, 6.66) speed= 6.7m/s  roll= -1.1 pitch=  8.0  dither=(+0.03,-0.04,-0.02)
  [159/180] yaw=-56.8 wind=(-1.31, 6.29) speed= 6.4m/s  roll=-10.3 pitch=  2.8  dither=(+0.04,-0.04,+0.05)
  [160/180] yaw=-51.1 wind=(-0.39,-0.53) speed= 0.7m/s  roll=-13.1 pitch= -4.1  dither=(-0.13,-0.08,-0.04)
  [161/180] yaw=-48.6 wind=( 4.59, 0.79) speed= 4.7m/s  roll=  1.8 pitch= -1.8  dither=(+0.06,-0.10,+0.00)
  [162/180] yaw=-37.8 wind=( 6.07, 3.89) speed= 7.2m/s  roll=  5.5 pitch=  4.6  dither=(-0.04,+0.15,-0.08)
  [163/180] yaw=-45.6 wind=( 4.01,-3.18) speed= 5.1m/s  roll= -1.8 pitch= -1.0  dither=(-0.05,-0.06,+0.14)
  [164/180] yaw=-46.6 wind=(-5.54,-4.18) speed= 6.9m/s  roll= -0.5 pitch= 12.7  dither=(+0.01,+0.04,+0.15)
  [165/180] yaw=-41.0 wind=(-1.53,-1.48) speed= 2.1m/s  roll=  6.6 pitch=  4.7  dither=(+0.15,+0.01,-0.04)

============================================================
=== yaw 12/12: 목표 340도로 회전 중 (현재 -55.8도) ===
============================================================
  -> yaw -22.5도로 안정화
  [166/180] yaw=-32.1 wind=(-9.32,-0.47) speed= 9.3m/s  roll=  5.7 pitch=  5.8  dither=(+0.05,-0.12,-0.05)
  [167/180] yaw=-20.0 wind=(-7.91,-4.91) speed= 9.3m/s  roll=  4.9 pitch= -7.5  dither=(-0.11,+0.05,-0.08)
  [168/180] yaw=-26.7 wind=(-7.34,-4.83) speed= 8.8m/s  roll= -0.7 pitch=  1.8  dither=(+0.12,+0.09,-0.01)
  [169/180] yaw=-13.4 wind=(-6.76,-0.63) speed= 6.8m/s  roll= 15.9 pitch=  3.3  dither=(+0.15,+0.15,+0.12)
  [170/180] yaw=-31.8 wind=( 6.39,-3.37) speed= 7.2m/s  roll= 11.7 pitch= -7.1  dither=(+0.15,+0.15,-0.14)
  [171/180] yaw=-18.9 wind=(-0.21, 3.85) speed= 3.9m/s  roll= -8.9 pitch=  1.3  dither=(-0.15,+0.08,+0.09)
  [172/180] yaw=-11.4 wind=( 2.88, 4.62) speed= 5.4m/s  roll= -8.2 pitch=  5.2  dither=(-0.05,-0.01,-0.07)
  [173/180] yaw= -7.0 wind=( 5.16, 5.22) speed= 7.3m/s  roll= -9.0 pitch=  1.2  dither=(+0.11,+0.06,+0.01)
  [174/180] yaw=-15.9 wind=(-2.58,-0.47) speed= 2.6m/s  roll=  1.2 pitch= -9.0  dither=(+0.03,+0.03,+0.15)
  [175/180] yaw=-28.1 wind=( 1.65,-6.01) speed= 6.2m/s  roll=  1.4 pitch=  1.6  dither=(+0.09,+0.15,-0.15)
  [176/180] yaw=-17.5 wind=( 8.60, 1.69) speed= 8.8m/s  roll= -3.5 pitch= -2.0  dither=(+0.06,+0.11,+0.15)
  [177/180] yaw=-10.9 wind=(-3.14, 3.02) speed= 4.4m/s  roll=-14.5 pitch= 10.7  dither=(-0.11,+0.15,+0.15)
  [178/180] yaw=-19.9 wind=(-2.50,-4.10) speed= 4.8m/s  roll= -1.8 pitch= -8.7  dither=(-0.02,+0.02,+0.07)
  [179/180] yaw=-24.5 wind=( 4.05, 7.55) speed= 8.6m/s  roll= -3.8 pitch= 10.4  dither=(+0.15,+0.12,-0.08)
  [180/180] yaw=-22.0 wind=( 2.04, 8.15) speed= 8.4m/s  roll=  8.5 pitch= -5.0  dither=(+0.14,-0.11,-0.00)

데이터 수집 완료. CSV 저장됨: ../../logs/wind_random_dither_20260816_053856_yaw10p0_n12x15_speed0-10_seed6042.csv
[송신 간격 통계] 목표=50ms  평균=50.0ms  최대=66.0ms  임계치 초과=0/65215

--- Offboard 종료 ---

--- Landing ---
-> 착륙 완료 및 디스암 확인

무작위 바람+토크 더더링 데이터 수집 완료.
  [수집] 세션 6 완료 (시도 1/3)
  [그래프] /home/ssh2003/MyProjects/quad-pinn-project/logs/wind_random_dither_20260816_053856_yaw10p0_n12x15_speed0-10_seed6042.csv 요약 PNG 생성 중...
    findfont: Failed to find font weight normal, now using 100.
    /home/ssh2003/MyProjects/quad-pinn-project/sim_scripts/data_collection/plot_session_grid.py:106: UserWarning: This figure includes Axes that are not compatible with tight_layout, so results might be incorrect.
      fig.tight_layout(rect=[0, 0, 0.92, 0.94])
    findfont: Failed to find font weight normal, now using 100.
    findfont: Failed to find font weight normal, now using 100.
    findfont: Failed to find font weight normal, now using 100.
    findfont: Failed to find font weight normal, now using 100.
    저장됨: /home/ssh2003/MyProjects/quad-pinn-project/figures/wind_random_20260816_034808_n12x15_td15/session_wind_random_dither_20260816_053856_yaw10p0_n12x15_speed0-10_seed6042.png

############################################################
# 세션 7/15
############################################################
  [SITL] 기존 프로세스 정리 중 (정상종료 시도)...
Terminated
  [SITL] 강제 정리 (남아있는 프로세스 있으면)...
  [SITL] 재시작 중...
  [SITL] px4 프로세스 감지됨 (1s). 안정화 대기 15s...
  [수집] 시작 (seed=7042, yaw-offset=12.000도, 시도 1/3, 타임아웃 4196초)
PX4 SITL에 연결 시도 중...
-> 드론에 연결됨!
GPS/홈 위치 확인 중...
-> 전역 위치 및 홈 위치 준비 완료

[확인] PX4 SITL이 'windy' 월드로 실행 중인지 확인할 것.

--- Arming ---
-> Armed

--- Takeoff ---
  안전 고도(1.5m) 도달 대기 중...
  -> 안전 고도 도달 (relative_altitude=1.51m)

--- Offboard 진입 준비: 초기 setpoint(현재 위치 고정) 전송 ---

--- Offboard 모드 시작 ---

CSV 로그 저장 경로: ../../logs/wind_random_dither_20260816_063404_yaw12p0_n12x15_speed0-10_seed7042.csv
더더링: OU 프로세스 tau=0.3s sigma=0.1 clamp=±0.15

yaw 12방향(offset=12.0도) x 방향당 바람조건 15개 = 총 180개 수집 시작 (조건당 15초, 예상 총 소요 51.0분 + yaw 회전 시간)

============================================================
=== yaw 1/12: 목표 12도로 회전 중 (현재 92.5도) ===
============================================================
  -> yaw 10.2도로 안정화
  [1/180] yaw=  6.8 wind=( 6.79, 1.53) speed= 7.0m/s  roll= -1.6 pitch=  9.5  dither=(-0.04,-0.08,-0.15)
  [2/180] yaw=  7.5 wind=( 2.76,-1.99) speed= 3.4m/s  roll=-10.8 pitch=  1.4  dither=(-0.08,+0.03,-0.09)
  [3/180] yaw= 17.0 wind=(-3.12, 6.23) speed= 7.0m/s  roll=  0.6 pitch=  4.8  dither=(+0.04,+0.11,+0.05)
  [4/180] yaw= 15.3 wind=( 1.54,-2.92) speed= 3.3m/s  roll= -6.0 pitch= 13.3  dither=(+0.10,+0.15,+0.11)
  [5/180] yaw= 17.0 wind=( 0.76, 1.01) speed= 1.3m/s  roll= -3.5 pitch=  1.4  dither=(-0.14,-0.03,+0.13)
  [6/180] yaw= 17.7 wind=(-1.81, 0.26) speed= 1.8m/s  roll=-13.0 pitch= -4.4  dither=(-0.02,+0.10,+0.00)
  [7/180] yaw= 17.4 wind=(-1.35, 5.72) speed= 5.9m/s  roll= 12.0 pitch= -0.8  dither=(+0.15,+0.02,-0.02)
  [8/180] yaw=  6.1 wind=(-3.67, 7.66) speed= 8.5m/s  roll=  9.6 pitch=  0.5  dither=(+0.12,+0.01,+0.15)
  [9/180] yaw=  6.6 wind=( 2.37, 2.41) speed= 3.4m/s  roll= -3.3 pitch=  5.7  dither=(+0.05,-0.08,+0.04)
  [10/180] yaw= 12.2 wind=( 0.43,-1.64) speed= 1.7m/s  roll=  5.4 pitch=  3.9  dither=(+0.15,+0.05,+0.03)
  [11/180] yaw= 17.2 wind=(-0.71,-2.96) speed= 3.0m/s  roll= -0.0 pitch=-19.5  dither=(+0.02,-0.09,+0.00)
  [12/180] yaw= 12.8 wind=(-2.41, 1.99) speed= 3.1m/s  roll= -1.6 pitch= 14.1  dither=(+0.06,+0.15,+0.13)
  [13/180] yaw=  2.7 wind=( 0.10, 0.92) speed= 0.9m/s  roll= 10.9 pitch=  0.4  dither=(+0.12,+0.13,+0.12)
  [14/180] yaw=  3.5 wind=( 1.73, 0.48) speed= 1.8m/s  roll=  5.2 pitch= 17.8  dither=(+0.05,+0.03,-0.14)
  [15/180] yaw=  9.8 wind=(-8.65,-4.20) speed= 9.6m/s  roll= 11.0 pitch= -8.8  dither=(-0.02,-0.00,+0.15)

============================================================
=== yaw 2/12: 목표 42도로 회전 중 (현재 15.0도) ===
============================================================
  -> yaw 39.4도로 안정화
  [16/180] yaw= 35.5 wind=( 0.17, 0.96) speed= 1.0m/s  roll=  6.8 pitch= -3.6  dither=(+0.10,-0.06,-0.03)
  [17/180] yaw= 45.4 wind=(-3.48,-1.29) speed= 3.7m/s  roll=  4.6 pitch= -1.9  dither=(+0.07,+0.12,-0.01)
  [18/180] yaw= 27.1 wind=(-2.36,-1.32) speed= 2.7m/s  roll=  6.7 pitch= -1.8  dither=(-0.11,+0.12,+0.01)
  [19/180] yaw= 37.0 wind=( 0.33,-0.46) speed= 0.6m/s  roll=  9.4 pitch= -8.2  dither=(+0.10,-0.04,-0.07)
  [20/180] yaw= 37.4 wind=( 4.34, 8.12) speed= 9.2m/s  roll=  2.2 pitch= 16.3  dither=(-0.01,+0.12,-0.04)
  [21/180] yaw= 50.1 wind=( 1.54,-0.22) speed= 1.6m/s  roll= -6.9 pitch= -6.2  dither=(+0.03,-0.03,-0.14)
  [22/180] yaw= 47.6 wind=(-1.23,-7.20) speed= 7.3m/s  roll=-16.2 pitch= 11.7  dither=(+0.04,+0.15,+0.00)
  [23/180] yaw= 36.9 wind=(-1.75,-5.42) speed= 5.7m/s  roll=  4.4 pitch= -3.6  dither=(+0.13,+0.10,-0.12)
  [24/180] yaw= 51.1 wind=( 0.46,-1.89) speed= 1.9m/s  roll= -1.6 pitch= -5.2  dither=(+0.13,+0.04,+0.03)
  [25/180] yaw= 45.1 wind=(-2.32, 3.43) speed= 4.1m/s  roll=  4.1 pitch=  3.8  dither=(+0.15,-0.06,+0.08)
  [26/180] yaw= 30.1 wind=(-4.74,-7.31) speed= 8.7m/s  roll= -6.6 pitch= -5.9  dither=(+0.04,-0.06,-0.03)
  [27/180] yaw= 49.8 wind=( 1.96, 0.58) speed= 2.0m/s  roll=-17.6 pitch=  1.1  dither=(+0.01,-0.15,+0.14)
  [28/180] yaw= 49.2 wind=( 8.83, 2.51) speed= 9.2m/s  roll=  0.3 pitch= -5.1  dither=(+0.15,-0.01,-0.03)
  [29/180] yaw= 37.0 wind=(-0.88, 1.14) speed= 1.4m/s  roll=  3.1 pitch= -3.1  dither=(-0.10,-0.05,+0.09)
  [30/180] yaw= 41.0 wind=( 1.64,-3.54) speed= 3.9m/s  roll= -8.8 pitch= -2.7  dither=(-0.15,+0.08,+0.08)

============================================================
=== yaw 3/12: 목표 72도로 회전 중 (현재 34.8도) ===
============================================================
  -> yaw 70.2도로 안정화
  [31/180] yaw= 67.5 wind=( 6.94,-0.90) speed= 7.0m/s  roll= 10.8 pitch=  0.8  dither=(+0.05,-0.02,-0.07)
  [32/180] yaw= 80.0 wind=( 2.50,-3.21) speed= 4.1m/s  roll=  0.2 pitch=  3.4  dither=(+0.08,+0.00,-0.08)
  [33/180] yaw= 78.3 wind=(-5.89, 7.82) speed= 9.8m/s  roll=  1.5 pitch=  0.5  dither=(-0.02,-0.15,+0.02)
  [34/180] yaw= 70.7 wind=(-0.32, 1.34) speed= 1.4m/s  roll= -0.5 pitch= -3.5  dither=(-0.10,-0.03,-0.02)
  [35/180] yaw= 73.6 wind=( 6.13,-2.63) speed= 6.7m/s  roll= -1.4 pitch=  1.7  dither=(+0.09,-0.02,+0.09)
  [36/180] yaw= 72.1 wind=( 1.21,-1.00) speed= 1.6m/s  roll=  6.4 pitch=  3.2  dither=(+0.13,-0.01,+0.07)
  [37/180] yaw= 74.2 wind=(-1.58, 0.07) speed= 1.6m/s  roll=  6.0 pitch=  2.9  dither=(-0.03,+0.10,-0.03)
  [38/180] yaw= 72.3 wind=(-2.05,-4.27) speed= 4.7m/s  roll= -9.3 pitch=  1.6  dither=(-0.15,+0.09,+0.14)
  [39/180] yaw= 70.1 wind=(-0.32,-5.49) speed= 5.5m/s  roll=-10.2 pitch=  8.9  dither=(+0.00,+0.13,-0.05)
  [40/180] yaw= 54.7 wind=(-0.22,-7.28) speed= 7.3m/s  roll= -4.2 pitch= -6.0  dither=(+0.02,-0.01,+0.11)
  [41/180] yaw= 71.1 wind=(-7.49,-2.31) speed= 7.8m/s  roll= -1.8 pitch= -5.4  dither=(-0.04,+0.11,-0.02)
  [42/180] yaw= 60.7 wind=( 5.79,-5.70) speed= 8.1m/s  roll= -4.2 pitch= -0.8  dither=(-0.08,-0.15,-0.13)
  [43/180] yaw= 79.7 wind=( 0.62, 1.75) speed= 1.9m/s  roll= -0.1 pitch=  5.4  dither=(-0.06,-0.01,-0.02)
  [44/180] yaw= 77.0 wind=(-5.64, 1.73) speed= 5.9m/s  roll=  2.1 pitch= -2.2  dither=(+0.05,+0.01,+0.00)
  [45/180] yaw= 78.4 wind=( 1.81, 1.11) speed= 2.1m/s  roll= -3.4 pitch= -0.9  dither=(+0.12,-0.05,+0.02)

============================================================
=== yaw 4/12: 목표 102도로 회전 중 (현재 66.7도) ===
============================================================
  -> yaw 103.4도로 안정화
  [46/180] yaw= 86.6 wind=(-0.73,-0.02) speed= 0.7m/s  roll=  9.8 pitch=  4.7  dither=(+0.05,+0.12,+0.00)
  [47/180] yaw= 99.6 wind=( 0.12, 3.53) speed= 3.5m/s  roll=  2.4 pitch= -2.8  dither=(-0.06,-0.15,-0.08)
  [48/180] yaw=104.9 wind=(-0.79, 0.38) speed= 0.9m/s  roll=-10.1 pitch=  4.8  dither=(-0.15,+0.06,+0.15)
  [49/180] yaw=100.0 wind=(-0.31, 4.00) speed= 4.0m/s  roll=  3.8 pitch=  2.8  dither=(-0.15,-0.01,-0.04)
  [50/180] yaw= 99.6 wind=(-0.47,-0.20) speed= 0.5m/s  roll=  8.3 pitch=  9.8  dither=(+0.04,+0.08,-0.02)
  [51/180] yaw= 99.3 wind=( 9.56, 2.65) speed= 9.9m/s  roll=  2.7 pitch= 13.4  dither=(-0.01,+0.11,+0.04)
  [52/180] yaw= 97.0 wind=( 6.55, 4.78) speed= 8.1m/s  roll= 11.3 pitch= -2.1  dither=(+0.01,-0.15,-0.13)
  [53/180] yaw=117.0 wind=( 3.01,-4.28) speed= 5.2m/s  roll=-10.9 pitch=  6.0  dither=(-0.02,-0.15,+0.01)
  [54/180] yaw= 98.9 wind=( 4.13,-0.67) speed= 4.2m/s  roll=  7.7 pitch= 10.2  dither=(+0.10,-0.09,-0.07)
  [55/180] yaw= 91.1 wind=(-5.81,-0.50) speed= 5.8m/s  roll=  1.1 pitch=-11.9  dither=(+0.10,-0.04,-0.14)
  [56/180] yaw= 99.8 wind=(-0.67, 4.23) speed= 4.3m/s  roll=  9.7 pitch=  2.4  dither=(+0.12,+0.03,-0.08)
  [57/180] yaw=108.3 wind=(-0.62, 0.62) speed= 0.9m/s  roll=  5.3 pitch=  0.1  dither=(+0.12,+0.13,+0.04)
  [58/180] yaw= 81.5 wind=( 0.14,-3.54) speed= 3.5m/s  roll=  8.1 pitch=  2.9  dither=(-0.12,-0.06,-0.12)
  [59/180] yaw=114.8 wind=( 5.90,-5.19) speed= 7.9m/s  roll=  5.8 pitch= 14.0  dither=(+0.00,-0.05,+0.09)
  [60/180] yaw=117.7 wind=( 6.67,-1.77) speed= 6.9m/s  roll= -3.2 pitch= -0.2  dither=(-0.14,-0.05,+0.04)

============================================================
=== yaw 5/12: 목표 132도로 회전 중 (현재 86.0도) ===
============================================================
  -> yaw 132.9도로 안정화
  [61/180] yaw=137.0 wind=( 2.78, 0.85) speed= 2.9m/s  roll= 17.1 pitch=  1.8  dither=(+0.15,-0.01,+0.11)
  [62/180] yaw=133.4 wind=( 1.62, 3.99) speed= 4.3m/s  roll=  8.5 pitch= -9.7  dither=(-0.00,-0.03,-0.04)
  [63/180] yaw=137.3 wind=( 5.37, 6.65) speed= 8.5m/s  roll= -2.3 pitch=  9.9  dither=(+0.08,+0.11,+0.04)
  [64/180] yaw=127.4 wind=(-0.83, 1.39) speed= 1.6m/s  roll=  0.8 pitch=  1.0  dither=(+0.14,-0.10,+0.13)
  [65/180] yaw=138.0 wind=( 0.07,-0.19) speed= 0.2m/s  roll= -2.0 pitch=  1.6  dither=(-0.11,+0.10,+0.03)
  [66/180] yaw=118.4 wind=( 0.66,-0.08) speed= 0.7m/s  roll=  5.2 pitch=-11.1  dither=(+0.15,+0.06,-0.07)
  [67/180] yaw=116.1 wind=(-0.42,-2.93) speed= 3.0m/s  roll=-10.8 pitch=  1.1  dither=(+0.10,-0.09,+0.06)
  [68/180] yaw=136.0 wind=( 0.25,-0.68) speed= 0.7m/s  roll= -2.1 pitch=  3.5  dither=(-0.02,+0.11,+0.04)
  [69/180] yaw=136.2 wind=( 8.99,-4.06) speed= 9.9m/s  roll= -8.0 pitch=  5.8  dither=(-0.15,-0.03,+0.03)
  [70/180] yaw=122.4 wind=( 5.82,-0.64) speed= 5.9m/s  roll= -1.9 pitch=  6.8  dither=(+0.08,+0.03,-0.15)
  [71/180] yaw=140.1 wind=(-3.34, 2.03) speed= 3.9m/s  roll=  7.3 pitch= -1.4  dither=(+0.07,+0.12,+0.08)
  [72/180] yaw=133.2 wind=(-4.79, 4.59) speed= 6.6m/s  roll=  3.6 pitch= -7.1  dither=(-0.03,-0.00,+0.05)
  [73/180] yaw=132.5 wind=(-0.09,-1.27) speed= 1.3m/s  roll=  9.6 pitch=  0.6  dither=(+0.04,-0.02,-0.13)
  [74/180] yaw=123.3 wind=( 2.30,-4.79) speed= 5.3m/s  roll=  4.4 pitch=  5.1  dither=(+0.01,+0.08,-0.02)
  [75/180] yaw=135.7 wind=( 3.25,-6.85) speed= 7.6m/s  roll=  0.3 pitch= 11.3  dither=(-0.02,-0.04,-0.07)

============================================================
=== yaw 6/12: 목표 162도로 회전 중 (현재 121.1도) ===
============================================================
  -> yaw 164.6도로 안정화
  [76/180] yaw=154.3 wind=( 1.03,-0.64) speed= 1.2m/s  roll=  7.2 pitch=  1.8  dither=(+0.08,-0.07,+0.05)
  [77/180] yaw=167.3 wind=( 3.55, 7.81) speed= 8.6m/s  roll=  1.6 pitch= -9.8  dither=(+0.02,-0.05,-0.05)
  [78/180] yaw=162.6 wind=(-5.44,-0.47) speed= 5.5m/s  roll=  5.7 pitch=-12.2  dither=(+0.12,+0.04,-0.01)
  [79/180] yaw=163.2 wind=( 0.96, 0.72) speed= 1.2m/s  roll= -1.5 pitch= 11.2  dither=(-0.09,+0.04,+0.08)
  [80/180] yaw=168.5 wind=( 2.02, 1.16) speed= 2.3m/s  roll=  1.2 pitch= -0.4  dither=(+0.05,-0.01,+0.13)
  [81/180] yaw=169.1 wind=( 6.28, 2.30) speed= 6.7m/s  roll=  4.2 pitch= -5.5  dither=(-0.03,-0.15,-0.04)
  [82/180] yaw=146.2 wind=(-3.78, 0.89) speed= 3.9m/s  roll=  3.5 pitch= -0.2  dither=(-0.01,+0.01,+0.00)
  [83/180] yaw=168.1 wind=( 0.66, 0.38) speed= 0.8m/s  roll= -2.2 pitch=  1.2  dither=(-0.02,-0.01,-0.13)
  [84/180] yaw=167.4 wind=(-0.36,-0.10) speed= 0.4m/s  roll= 18.5 pitch= -5.8  dither=(+0.07,-0.03,-0.03)
  [85/180] yaw=159.4 wind=( 5.82, 2.86) speed= 6.5m/s  roll=  4.7 pitch= -0.7  dither=(+0.06,-0.13,+0.05)
  [86/180] yaw=163.1 wind=( 9.26,-3.01) speed= 9.7m/s  roll= 10.3 pitch=  4.2  dither=(-0.03,+0.08,-0.05)
  [87/180] yaw=160.4 wind=(-0.02, 0.32) speed= 0.3m/s  roll= -5.1 pitch=  6.1  dither=(+0.01,-0.05,-0.02)
  [88/180] yaw=165.5 wind=(-1.62,-0.98) speed= 1.9m/s  roll=  0.8 pitch= -4.9  dither=(-0.12,+0.05,-0.03)
  [89/180] yaw=155.2 wind=(-4.82,-5.54) speed= 7.3m/s  roll= -1.2 pitch= 12.0  dither=(-0.01,-0.02,+0.15)
  [90/180] yaw=155.3 wind=( 2.38, 2.93) speed= 3.8m/s  roll=-12.9 pitch= -0.0  dither=(-0.05,+0.01,+0.05)

============================================================
=== yaw 7/12: 목표 192도로 회전 중 (현재 167.0도) ===
============================================================
  -> yaw -169.1도로 안정화
  [91/180] yaw=-159.6 wind=(-3.79, 3.34) speed= 5.1m/s  roll= -1.6 pitch= -7.6  dither=(+0.01,-0.04,-0.06)
  [92/180] yaw=-175.7 wind=( 1.89,-0.37) speed= 1.9m/s  roll= -1.3 pitch=  2.1  dither=(-0.03,+0.15,-0.03)
  [93/180] yaw=-167.9 wind=(-6.11, 2.27) speed= 6.5m/s  roll=-18.9 pitch= -2.3  dither=(-0.14,+0.02,-0.05)
  [94/180] yaw=-161.4 wind=(-2.00, 8.36) speed= 8.6m/s  roll= -1.3 pitch=  2.7  dither=(+0.08,+0.09,-0.09)
  [95/180] yaw=-170.8 wind=(-0.12,-0.02) speed= 0.1m/s  roll= -3.2 pitch=  6.5  dither=(-0.01,+0.02,+0.03)
  [96/180] yaw=-159.4 wind=( 0.38,-0.29) speed= 0.5m/s  roll=  3.5 pitch= -7.2  dither=(+0.02,-0.03,+0.06)
  [97/180] yaw=-164.8 wind=(-0.61, 0.16) speed= 0.6m/s  roll=  2.0 pitch= -6.5  dither=(-0.05,-0.00,+0.10)
  [98/180] yaw=-171.3 wind=( 4.62,-3.09) speed= 5.6m/s  roll= -1.9 pitch=-12.1  dither=(-0.14,+0.02,+0.11)
  [99/180] yaw=-169.3 wind=(-1.54, 1.28) speed= 2.0m/s  roll= -1.6 pitch= -5.7  dither=(-0.11,-0.01,+0.09)
  [100/180] yaw=-171.3 wind=(-0.11, 1.16) speed= 1.2m/s  roll=  5.3 pitch= -5.5  dither=(+0.11,+0.14,+0.01)
  [101/180] yaw=-163.7 wind=(-1.68,-3.92) speed= 4.3m/s  roll= -2.1 pitch=  2.2  dither=(-0.10,+0.12,-0.04)
  [102/180] yaw=-178.4 wind=( 0.65, 0.52) speed= 0.8m/s  roll=  7.7 pitch=  5.3  dither=(+0.11,+0.09,-0.15)
  [103/180] yaw=-175.2 wind=(-2.16, 1.84) speed= 2.8m/s  roll= -6.2 pitch= -3.6  dither=(-0.10,+0.10,-0.15)
  [104/180] yaw=-173.3 wind=( 3.06, 1.21) speed= 3.3m/s  roll=  1.4 pitch=  3.7  dither=(-0.15,-0.03,-0.06)
  [105/180] yaw=-168.1 wind=(-3.96,-4.67) speed= 6.1m/s  roll= -1.7 pitch= 17.6  dither=(+0.05,+0.02,-0.07)

============================================================
=== yaw 8/12: 목표 222도로 회전 중 (현재 -168.4도) ===
============================================================
  -> yaw -139.2도로 안정화
  [106/180] yaw=-134.1 wind=(-4.63,-8.68) speed= 9.8m/s  roll= -2.5 pitch=  9.7  dither=(-0.06,-0.01,+0.02)
  [107/180] yaw=-138.4 wind=( 5.82, 1.74) speed= 6.1m/s  roll= -4.0 pitch= -2.5  dither=(+0.14,-0.05,-0.03)
  [108/180] yaw=-144.1 wind=(-4.87, 7.98) speed= 9.4m/s  roll= -9.9 pitch=-19.0  dither=(-0.09,-0.06,+0.05)
  [109/180] yaw=-154.0 wind=(-1.46, 2.16) speed= 2.6m/s  roll= -1.8 pitch=  5.3  dither=(-0.10,+0.06,+0.00)
  [110/180] yaw=-137.8 wind=(-6.19,-5.82) speed= 8.5m/s  roll= -3.5 pitch=  7.2  dither=(-0.10,-0.11,+0.15)
  [111/180] yaw=-144.5 wind=( 4.31,-2.86) speed= 5.2m/s  roll=  0.7 pitch=  4.5  dither=(+0.04,+0.10,+0.11)
  [112/180] yaw=-130.6 wind=(-6.83, 4.67) speed= 8.3m/s  roll= -4.2 pitch=  7.9  dither=(+0.02,+0.12,-0.08)
  [113/180] yaw=-131.6 wind=(-3.11,-5.19) speed= 6.1m/s  roll=  2.2 pitch= 16.0  dither=(+0.07,+0.11,-0.04)
  [114/180] yaw=-127.0 wind=(-2.18, 2.24) speed= 3.1m/s  roll= -4.8 pitch= -3.5  dither=(+0.03,-0.15,-0.00)
  [115/180] yaw=-143.2 wind=( 1.12,-5.21) speed= 5.3m/s  roll=  3.7 pitch= 10.3  dither=(+0.04,+0.05,+0.02)
  [116/180] yaw=-129.4 wind=( 8.40,-3.50) speed= 9.1m/s  roll= 17.7 pitch= -2.8  dither=(+0.05,+0.07,+0.07)
  [117/180] yaw=-135.5 wind=(-2.99,-4.73) speed= 5.6m/s  roll=  4.9 pitch=  4.8  dither=(-0.06,+0.03,+0.04)
  [118/180] yaw=-138.5 wind=( 0.24,-0.17) speed= 0.3m/s  roll=  7.9 pitch= -0.1  dither=(+0.15,+0.07,+0.15)
  [119/180] yaw=-136.8 wind=(-1.94, 0.48) speed= 2.0m/s  roll= -2.8 pitch=  1.0  dither=(-0.07,-0.06,-0.09)
  [120/180] yaw=-128.1 wind=( 0.97, 0.36) speed= 1.0m/s  roll=  3.3 pitch= -1.2  dither=(-0.15,+0.12,+0.03)

============================================================
=== yaw 9/12: 목표 252도로 회전 중 (현재 -145.8도) ===
============================================================
  -> yaw -105.9도로 안정화
  [121/180] yaw=-114.0 wind=( 5.63,-2.81) speed= 6.3m/s  roll= 15.6 pitch= -8.6  dither=(+0.15,+0.01,-0.00)
  [122/180] yaw=-106.7 wind=( 0.48, 0.80) speed= 0.9m/s  roll= -4.1 pitch=  2.2  dither=(+0.01,+0.11,-0.08)
  [123/180] yaw=-109.7 wind=(-8.03, 4.49) speed= 9.2m/s  roll= -4.4 pitch= 10.2  dither=(-0.01,+0.01,-0.07)
  [124/180] yaw=-104.6 wind=( 2.62, 8.21) speed= 8.6m/s  roll=  0.9 pitch= -0.2  dither=(+0.07,+0.11,-0.15)
  [125/180] yaw=-95.4 wind=( 6.65,-2.37) speed= 7.1m/s  roll= -2.7 pitch=  3.9  dither=(+0.10,-0.05,-0.14)
  [126/180] yaw=-111.2 wind=( 0.56,-8.40) speed= 8.4m/s  roll=  8.7 pitch= -0.4  dither=(-0.11,-0.13,-0.15)
  [127/180] yaw=-123.9 wind=( 0.13,-0.07) speed= 0.1m/s  roll=  7.6 pitch= -4.4  dither=(+0.01,-0.14,-0.07)
  [128/180] yaw=-111.1 wind=( 3.61, 3.84) speed= 5.3m/s  roll= -3.2 pitch= -6.7  dither=(+0.06,-0.06,+0.05)
  [129/180] yaw=-103.7 wind=(-1.06, 2.76) speed= 3.0m/s  roll=  5.2 pitch=  9.3  dither=(+0.15,+0.05,+0.12)
  [130/180] yaw=-114.8 wind=(-2.70, 1.07) speed= 2.9m/s  roll=-16.9 pitch= 11.3  dither=(-0.15,+0.05,-0.06)
  [131/180] yaw=-118.2 wind=(-2.11, 0.14) speed= 2.1m/s  roll=  9.7 pitch=  4.7  dither=(+0.12,+0.04,-0.01)
  [132/180] yaw=-104.6 wind=( 1.05,-0.70) speed= 1.3m/s  roll= -3.9 pitch= -2.3  dither=(+0.04,+0.03,+0.07)
  [133/180] yaw=-103.5 wind=( 3.94, 4.19) speed= 5.8m/s  roll= -8.5 pitch= -8.1  dither=(-0.03,+0.09,+0.06)
  [134/180] yaw=-99.7 wind=(-5.30,-2.93) speed= 6.1m/s  roll=  1.7 pitch=  9.8  dither=(+0.00,-0.07,+0.15)
  [135/180] yaw=-115.5 wind=( 6.02, 4.66) speed= 7.6m/s  roll= 10.8 pitch=-11.3  dither=(+0.08,+0.07,+0.11)

============================================================
=== yaw 10/12: 목표 282도로 회전 중 (현재 -94.2도) ===
============================================================
  -> yaw -77.3도로 안정화
  [136/180] yaw=-76.2 wind=( 2.48,-4.78) speed= 5.4m/s  roll= -2.8 pitch=  2.1  dither=(-0.09,-0.05,-0.07)
  [137/180] yaw=-72.6 wind=( 6.29,-5.58) speed= 8.4m/s  roll=  1.9 pitch=  1.8  dither=(-0.09,-0.04,+0.03)
  [138/180] yaw=-78.3 wind=( 0.96,-6.43) speed= 6.5m/s  roll=  6.0 pitch= -0.8  dither=(-0.12,+0.04,+0.06)
  [139/180] yaw=-81.7 wind=( 3.91,-0.26) speed= 3.9m/s  roll=  1.4 pitch=  7.9  dither=(+0.00,+0.11,+0.08)
  [140/180] yaw=-63.0 wind=(-6.28, 5.41) speed= 8.3m/s  roll= -6.7 pitch= -2.1  dither=(+0.15,+0.03,-0.10)
  [141/180] yaw=-82.0 wind=( 1.56,-1.43) speed= 2.1m/s  roll= -1.7 pitch= -0.8  dither=(-0.13,-0.08,-0.09)
  [142/180] yaw=-80.1 wind=( 2.01, 4.41) speed= 4.8m/s  roll= -8.2 pitch=  3.6  dither=(+0.15,+0.09,+0.08)
  [143/180] yaw=-75.7 wind=(-1.82,-2.16) speed= 2.8m/s  roll=  1.0 pitch=  5.3  dither=(+0.10,-0.07,-0.09)
  [144/180] yaw=-88.9 wind=( 1.63, 5.31) speed= 5.6m/s  roll= -9.6 pitch= -1.9  dither=(-0.05,+0.10,+0.06)
  [145/180] yaw=-79.1 wind=(-5.93, 1.66) speed= 6.2m/s  roll= -5.9 pitch= -4.8  dither=(-0.10,-0.08,-0.09)
  [146/180] yaw=-82.2 wind=(-4.11, 0.20) speed= 4.1m/s  roll=  5.0 pitch= -7.2  dither=(-0.03,+0.04,+0.01)
  [147/180] yaw=-71.9 wind=( 0.16,-8.42) speed= 8.4m/s  roll= 10.7 pitch= -4.8  dither=(+0.09,-0.03,-0.02)
  [148/180] yaw=-72.7 wind=(-6.65,-7.24) speed= 9.8m/s  roll= 11.4 pitch=-10.8  dither=(+0.06,-0.06,+0.06)
  [149/180] yaw=-81.6 wind=( 2.52,-4.86) speed= 5.5m/s  roll=  5.3 pitch=-11.5  dither=(-0.09,-0.01,+0.08)
  [150/180] yaw=-79.7 wind=(-2.82, 5.66) speed= 6.3m/s  roll=  1.3 pitch=  8.4  dither=(-0.08,-0.01,+0.06)

============================================================
=== yaw 11/12: 목표 312도로 회전 중 (현재 -76.3도) ===
============================================================
  -> yaw -48.9도로 안정화
  [151/180] yaw=-37.0 wind=(-5.62,-7.42) speed= 9.3m/s  roll= 10.0 pitch=  4.1  dither=(-0.07,-0.05,+0.01)
  [152/180] yaw=-51.2 wind=(-6.57,-1.92) speed= 6.8m/s  roll=  3.6 pitch= 16.5  dither=(+0.15,+0.05,-0.03)
  [153/180] yaw=-47.3 wind=( 1.29,-1.16) speed= 1.7m/s  roll=  9.8 pitch=  4.0  dither=(-0.06,+0.15,-0.15)
  [154/180] yaw=-41.8 wind=(-8.02,-1.05) speed= 8.1m/s  roll= -2.3 pitch=  4.9  dither=(-0.03,+0.04,+0.05)
  [155/180] yaw=-42.4 wind=( 2.04,-3.82) speed= 4.3m/s  roll= 10.5 pitch= -6.3  dither=(+0.15,-0.06,+0.15)
  [156/180] yaw=-50.8 wind=(-1.17,-0.82) speed= 1.4m/s  roll=  6.0 pitch=  7.9  dither=(-0.02,+0.01,+0.03)
  [157/180] yaw=-44.7 wind=(-1.45, 4.57) speed= 4.8m/s  roll=-11.2 pitch=  7.5  dither=(-0.08,+0.14,+0.15)
  [158/180] yaw=-46.0 wind=(-5.26,-5.67) speed= 7.7m/s  roll=  2.8 pitch=  6.7  dither=(+0.15,+0.11,-0.07)
  [159/180] yaw=-45.3 wind=(-9.59,-0.49) speed= 9.6m/s  roll= 14.8 pitch= 22.5  dither=(+0.06,-0.02,-0.01)
  [160/180] yaw=-46.8 wind=(-4.50, 2.23) speed= 5.0m/s  roll= -0.8 pitch=  2.1  dither=(-0.05,-0.11,-0.09)
  [161/180] yaw=-41.7 wind=( 4.94, 8.07) speed= 9.5m/s  roll=-11.5 pitch= -3.2  dither=(+0.05,+0.13,-0.02)
  [162/180] yaw=-60.7 wind=( 2.44, 0.87) speed= 2.6m/s  roll=  2.3 pitch= -0.1  dither=(-0.07,+0.11,+0.09)
  [163/180] yaw=-58.9 wind=(-0.17, 0.06) speed= 0.2m/s  roll= -1.4 pitch=  0.6  dither=(+0.02,+0.02,-0.06)
  [164/180] yaw=-42.0 wind=(-0.95, 0.21) speed= 1.0m/s  roll= -0.5 pitch=  6.2  dither=(+0.13,-0.04,+0.13)
  [165/180] yaw=-52.2 wind=( 3.12,-5.06) speed= 5.9m/s  roll= -2.0 pitch= -1.2  dither=(-0.00,+0.10,-0.10)

============================================================
=== yaw 12/12: 목표 342도로 회전 중 (현재 -41.0도) ===
============================================================
  -> yaw -18.4도로 안정화
  [166/180] yaw= -8.7 wind=(-7.79,-5.49) speed= 9.5m/s  roll=  5.1 pitch=  3.2  dither=(-0.13,-0.02,+0.10)
  [167/180] yaw=-22.9 wind=(-5.02,-1.02) speed= 5.1m/s  roll=  2.8 pitch=  7.6  dither=(-0.11,+0.15,-0.00)
  [168/180] yaw=-20.4 wind=( 0.05,-4.50) speed= 4.5m/s  roll=  5.3 pitch= -0.2  dither=(+0.06,+0.07,-0.12)
  [169/180] yaw=-17.0 wind=(-5.81, 3.22) speed= 6.6m/s  roll=  1.2 pitch=  4.7  dither=(-0.11,-0.07,+0.06)
  [170/180] yaw=-22.5 wind=( 0.83,-0.87) speed= 1.2m/s  roll=  3.0 pitch=  4.9  dither=(-0.05,-0.10,-0.08)
  [171/180] yaw=-29.2 wind=( 1.06, 4.49) speed= 4.6m/s  roll=-18.6 pitch=  0.1  dither=(-0.03,+0.02,-0.02)
  [172/180] yaw= -7.6 wind=( 9.39,-1.06) speed= 9.5m/s  roll= -9.6 pitch=  6.3  dither=(+0.02,+0.15,+0.07)
  [173/180] yaw=-20.8 wind=( 1.62,-2.38) speed= 2.9m/s  roll= -1.8 pitch=  0.4  dither=(+0.12,-0.05,+0.05)
  [174/180] yaw=-24.0 wind=( 4.84, 1.81) speed= 5.2m/s  roll=-17.3 pitch= -5.4  dither=(-0.05,+0.06,-0.12)
  [175/180] yaw=-25.6 wind=( 2.43, 4.34) speed= 5.0m/s  roll= -9.6 pitch= -2.5  dither=(+0.03,+0.12,-0.10)
  [176/180] yaw=-25.7 wind=( 2.91,-0.49) speed= 3.0m/s  roll= -9.0 pitch= -6.3  dither=(-0.11,-0.14,-0.06)
  [177/180] yaw=-23.4 wind=( 1.04,-8.28) speed= 8.3m/s  roll=  0.6 pitch= -4.0  dither=(+0.04,-0.09,+0.05)
  [178/180] yaw=-26.9 wind=(-1.84, 2.43) speed= 3.0m/s  roll= -9.3 pitch=  3.0  dither=(-0.06,+0.10,-0.15)
  [179/180] yaw=-31.4 wind=( 0.20,-4.08) speed= 4.1m/s  roll= 11.3 pitch= -5.6  dither=(+0.15,+0.14,-0.02)
  [180/180] yaw=-16.4 wind=( 0.13, 0.13) speed= 0.2m/s  roll=  2.4 pitch= -3.2  dither=(-0.07,-0.03,+0.02)

데이터 수집 완료. CSV 저장됨: ../../logs/wind_random_dither_20260816_063404_yaw12p0_n12x15_speed0-10_seed7042.csv
[송신 간격 통계] 목표=50ms  평균=50.0ms  최대=66.7ms  임계치 초과=0/65305

--- Offboard 종료 ---

--- Landing ---
-> 착륙 완료 및 디스암 확인

무작위 바람+토크 더더링 데이터 수집 완료.
  [수집] 세션 7 완료 (시도 1/3)
  [그래프] /home/ssh2003/MyProjects/quad-pinn-project/logs/wind_random_dither_20260816_063404_yaw12p0_n12x15_speed0-10_seed7042.csv 요약 PNG 생성 중...
    findfont: Failed to find font weight normal, now using 100.
    /home/ssh2003/MyProjects/quad-pinn-project/sim_scripts/data_collection/plot_session_grid.py:106: UserWarning: This figure includes Axes that are not compatible with tight_layout, so results might be incorrect.
      fig.tight_layout(rect=[0, 0, 0.92, 0.94])
    findfont: Failed to find font weight normal, now using 100.
    findfont: Failed to find font weight normal, now using 100.
    findfont: Failed to find font weight normal, now using 100.
    findfont: Failed to find font weight normal, now using 100.
    저장됨: /home/ssh2003/MyProjects/quad-pinn-project/figures/wind_random_20260816_034808_n12x15_td15/session_wind_random_dither_20260816_063404_yaw12p0_n12x15_speed0-10_seed7042.png

############################################################
# 세션 8/15
############################################################
  [SITL] 기존 프로세스 정리 중 (정상종료 시도)...
Terminated
  [SITL] 강제 정리 (남아있는 프로세스 있으면)...
  [SITL] 재시작 중...
  [SITL] px4 프로세스 감지됨 (1s). 안정화 대기 15s...
  [수집] 시작 (seed=8042, yaw-offset=14.000도, 시도 1/3, 타임아웃 4196초)
PX4 SITL에 연결 시도 중...
-> 드론에 연결됨!
GPS/홈 위치 확인 중...
-> 전역 위치 및 홈 위치 준비 완료

[확인] PX4 SITL이 'windy' 월드로 실행 중인지 확인할 것.

--- Arming ---
-> Armed

--- Takeoff ---
  안전 고도(1.5m) 도달 대기 중...
  -> 안전 고도 도달 (relative_altitude=1.51m)

--- Offboard 진입 준비: 초기 setpoint(현재 위치 고정) 전송 ---

--- Offboard 모드 시작 ---

CSV 로그 저장 경로: ../../logs/wind_random_dither_20260816_072916_yaw14p0_n12x15_speed0-10_seed8042.csv
더더링: OU 프로세스 tau=0.3s sigma=0.1 clamp=±0.15

yaw 12방향(offset=14.0도) x 방향당 바람조건 15개 = 총 180개 수집 시작 (조건당 15초, 예상 총 소요 51.0분 + yaw 회전 시간)

============================================================
=== yaw 1/12: 목표 14도로 회전 중 (현재 92.8도) ===
============================================================
  -> yaw 12.0도로 안정화
  [1/180] yaw= 10.7 wind=( 0.12,-3.34) speed= 3.3m/s  roll= -1.9 pitch= -2.9  dither=(-0.08,+0.02,+0.01)
  [2/180] yaw=  9.4 wind=(-0.59,-4.36) speed= 4.4m/s  roll=  4.7 pitch=-11.3  dither=(-0.03,-0.04,-0.06)
  [3/180] yaw= 13.2 wind=(-8.08, 5.58) speed= 9.8m/s  roll=  3.9 pitch= -0.6  dither=(+0.02,+0.10,-0.07)
  [4/180] yaw= 17.6 wind=( 0.61, 1.23) speed= 1.4m/s  roll= -5.1 pitch= -3.6  dither=(+0.09,-0.06,-0.03)
  [5/180] yaw=  8.9 wind=(-3.32, 1.15) speed= 3.5m/s  roll= -1.8 pitch= -4.3  dither=(-0.15,+0.15,-0.08)
  [6/180] yaw= 11.5 wind=(-7.50, 1.60) speed= 7.7m/s  roll= 20.6 pitch=  5.5  dither=(-0.01,+0.06,+0.15)
  [7/180] yaw= 12.6 wind=( 0.80,-2.52) speed= 2.6m/s  roll=  1.4 pitch= -0.0  dither=(-0.01,-0.09,-0.15)
  [8/180] yaw=  3.5 wind=(-3.47,-4.67) speed= 5.8m/s  roll=  8.2 pitch=-11.5  dither=(+0.01,-0.02,-0.08)
  [9/180] yaw=  9.7 wind=( 5.55,-5.01) speed= 7.5m/s  roll= -4.3 pitch=  3.6  dither=(+0.11,+0.15,+0.02)
  [10/180] yaw= 21.6 wind=( 0.01, 0.00) speed= 0.0m/s  roll=  6.4 pitch= -2.0  dither=(-0.06,-0.13,+0.04)
  [11/180] yaw= 15.2 wind=(-1.19,-0.85) speed= 1.5m/s  roll= -1.4 pitch= -8.7  dither=(+0.03,-0.04,-0.15)
  [12/180] yaw=  9.1 wind=(-1.76, 3.90) speed= 4.3m/s  roll= 17.4 pitch= -4.8  dither=(+0.06,-0.09,-0.01)
  [13/180] yaw= -1.1 wind=( 3.61, 5.27) speed= 6.4m/s  roll=  5.8 pitch=  9.4  dither=(+0.05,+0.14,+0.05)
  [14/180] yaw= 17.6 wind=(-0.53,-0.72) speed= 0.9m/s  roll=-15.7 pitch= -3.0  dither=(-0.00,+0.02,+0.02)
  [15/180] yaw=  5.6 wind=(-5.16,-1.16) speed= 5.3m/s  roll=  3.1 pitch= -3.6  dither=(-0.05,-0.06,-0.15)

============================================================
=== yaw 2/12: 목표 44도로 회전 중 (현재 9.0도) ===
============================================================
  -> yaw 43.1도로 안정화
  [16/180] yaw= 50.5 wind=(-5.69, 5.04) speed= 7.6m/s  roll=  0.6 pitch= -3.1  dither=(+0.15,-0.03,-0.01)
  [17/180] yaw= 51.0 wind=(-0.51,-1.24) speed= 1.3m/s  roll= -8.2 pitch= -4.3  dither=(-0.12,-0.08,+0.02)
  [18/180] yaw= 47.1 wind=(-4.66,-0.51) speed= 4.7m/s  roll=  4.3 pitch=-14.8  dither=(+0.11,-0.15,-0.02)
  [19/180] yaw= 47.7 wind=( 6.03, 1.14) speed= 6.1m/s  roll= -3.2 pitch= 11.9  dither=(+0.05,+0.15,+0.12)
  [20/180] yaw= 40.6 wind=(-4.51, 2.02) speed= 4.9m/s  roll=  2.4 pitch= -7.8  dither=(+0.01,+0.04,-0.15)
  [21/180] yaw= 39.4 wind=( 0.10, 0.92) speed= 0.9m/s  roll=  2.0 pitch= -3.0  dither=(-0.07,+0.02,+0.12)
  [22/180] yaw= 54.5 wind=( 4.44, 1.29) speed= 4.6m/s  roll=  9.1 pitch=  9.2  dither=(+0.13,-0.03,+0.15)
  [23/180] yaw= 32.7 wind=(-0.79,-2.05) speed= 2.2m/s  roll= -1.2 pitch= -0.7  dither=(+0.15,+0.04,+0.04)
  [24/180] yaw= 50.3 wind=( 5.83,-0.40) speed= 5.8m/s  roll=  3.7 pitch=  5.0  dither=(+0.03,-0.11,+0.06)
  [25/180] yaw= 42.7 wind=(-6.43, 2.52) speed= 6.9m/s  roll=  8.5 pitch= -0.4  dither=(+0.15,+0.01,-0.01)
  [26/180] yaw= 46.0 wind=( 0.27, 0.16) speed= 0.3m/s  roll= -3.2 pitch= -7.1  dither=(+0.04,-0.09,-0.09)
  [27/180] yaw= 46.7 wind=( 6.36,-1.66) speed= 6.6m/s  roll=-15.0 pitch=  1.2  dither=(+0.09,+0.04,-0.15)
  [28/180] yaw= 42.1 wind=(-3.43, 0.37) speed= 3.5m/s  roll=  8.4 pitch= -6.8  dither=(+0.06,+0.06,+0.02)
  [29/180] yaw= 46.7 wind=(-0.26, 0.28) speed= 0.4m/s  roll=  5.2 pitch= -1.5  dither=(-0.07,-0.00,+0.06)
  [30/180] yaw= 35.2 wind=(-0.71, 0.10) speed= 0.7m/s  roll=  3.2 pitch= 10.5  dither=(-0.14,+0.02,-0.00)

============================================================
=== yaw 3/12: 목표 74도로 회전 중 (현재 41.8도) ===
============================================================
  -> yaw 75.0도로 안정화
  [31/180] yaw= 66.7 wind=(-1.03,-4.82) speed= 4.9m/s  roll= -2.5 pitch=  2.0  dither=(+0.01,+0.03,-0.06)
  [32/180] yaw= 73.1 wind=(-0.73, 5.41) speed= 5.5m/s  roll= -2.9 pitch= -0.4  dither=(+0.09,-0.02,-0.11)
  [33/180] yaw= 71.6 wind=( 7.01, 1.32) speed= 7.1m/s  roll=-10.8 pitch=  4.7  dither=(-0.03,-0.10,-0.15)
  [34/180] yaw= 74.0 wind=( 8.10,-3.56) speed= 8.8m/s  roll=  6.3 pitch=  0.9  dither=(+0.09,-0.03,+0.13)
  [35/180] yaw= 73.1 wind=(-2.12, 0.04) speed= 2.1m/s  roll=  2.6 pitch= -5.4  dither=(+0.15,-0.02,-0.01)
  [36/180] yaw= 71.8 wind=( 2.45, 8.87) speed= 9.2m/s  roll=  5.4 pitch=  2.6  dither=(+0.12,-0.09,-0.02)
  [37/180] yaw= 79.8 wind=( 0.33,-1.73) speed= 1.8m/s  roll=-11.9 pitch= -0.6  dither=(-0.15,+0.09,+0.07)
  [38/180] yaw= 69.5 wind=(-1.80, 2.04) speed= 2.7m/s  roll=  1.9 pitch=  5.1  dither=(-0.09,-0.05,+0.15)
  [39/180] yaw= 64.2 wind=( 3.08,-7.21) speed= 7.8m/s  roll=-22.9 pitch=  7.6  dither=(-0.07,+0.05,-0.09)
  [40/180] yaw= 70.5 wind=(-0.19,-2.29) speed= 2.3m/s  roll=-13.2 pitch=  6.0  dither=(+0.02,+0.12,-0.11)
  [41/180] yaw= 60.6 wind=(-4.01, 0.07) speed= 4.0m/s  roll= -9.9 pitch=  0.4  dither=(-0.15,+0.13,-0.08)
  [42/180] yaw= 63.8 wind=( 8.23,-3.90) speed= 9.1m/s  roll=-12.1 pitch= -7.2  dither=(+0.05,-0.15,+0.06)
  [43/180] yaw= 73.5 wind=( 5.39,-6.82) speed= 8.7m/s  roll= -7.4 pitch=  7.1  dither=(+0.08,+0.11,+0.00)
  [44/180] yaw= 78.8 wind=( 6.70,-3.05) speed= 7.4m/s  roll= -0.5 pitch= 12.0  dither=(+0.09,-0.13,-0.05)
  [45/180] yaw= 76.8 wind=(-4.62, 5.24) speed= 7.0m/s  roll=  2.6 pitch=  1.6  dither=(+0.03,+0.08,+0.02)

============================================================
=== yaw 4/12: 목표 104도로 회전 중 (현재 71.7도) ===
============================================================
  -> yaw 103.0도로 안정화
  [46/180] yaw=105.7 wind=(-1.14,-5.06) speed= 5.2m/s  roll=-12.3 pitch= -2.7  dither=(-0.11,-0.03,-0.09)
  [47/180] yaw=103.2 wind=(-0.60,-2.09) speed= 2.2m/s  roll= -3.8 pitch=  5.0  dither=(+0.09,+0.04,-0.05)
  [48/180] yaw=113.9 wind=(-0.85,-1.64) speed= 1.9m/s  roll=  2.5 pitch=  1.2  dither=(-0.01,-0.10,+0.03)
  [49/180] yaw=108.4 wind=(-1.07, 0.93) speed= 1.4m/s  roll=  7.2 pitch= -1.6  dither=(+0.05,+0.09,+0.13)
  [50/180] yaw= 96.1 wind=(-6.62, 1.01) speed= 6.7m/s  roll=  0.8 pitch= -8.5  dither=(-0.10,-0.07,-0.05)
  [51/180] yaw=104.9 wind=(-1.13, 1.69) speed= 2.0m/s  roll= -5.5 pitch= -6.2  dither=(-0.15,-0.08,-0.02)
  [52/180] yaw= 93.0 wind=(-3.37, 3.82) speed= 5.1m/s  roll=  0.9 pitch= -2.0  dither=(-0.01,-0.02,-0.11)
  [53/180] yaw=109.8 wind=( 8.72, 4.84) speed=10.0m/s  roll= 11.5 pitch=  1.2  dither=(-0.06,-0.07,+0.02)
  [54/180] yaw=112.0 wind=( 1.67, 1.70) speed= 2.4m/s  roll=  0.4 pitch=  9.0  dither=(-0.11,+0.15,+0.02)
  [55/180] yaw=108.2 wind=( 1.12, 1.47) speed= 1.8m/s  roll=-19.4 pitch= -0.4  dither=(-0.05,-0.06,-0.05)
  [56/180] yaw=103.6 wind=(-1.20, 7.89) speed= 8.0m/s  roll= 10.4 pitch= -4.2  dither=(+0.03,+0.15,+0.02)
  [57/180] yaw=108.6 wind=( 0.89,-0.19) speed= 0.9m/s  roll= -4.3 pitch=  2.4  dither=(+0.03,-0.14,-0.02)
  [58/180] yaw=107.9 wind=(-3.95,-3.24) speed= 5.1m/s  roll= -8.7 pitch= -2.2  dither=(+0.11,-0.12,+0.06)
  [59/180] yaw=114.9 wind=( 3.58, 2.40) speed= 4.3m/s  roll=  1.0 pitch= -2.0  dither=(+0.15,+0.04,+0.13)
  [60/180] yaw=106.6 wind=(-3.38,-0.46) speed= 3.4m/s  roll=  8.4 pitch=  2.2  dither=(-0.03,+0.05,+0.06)

============================================================
=== yaw 5/12: 목표 134도로 회전 중 (현재 107.8도) ===
============================================================
  -> yaw 134.4도로 안정화
  [61/180] yaw=136.6 wind=( 0.51,-0.40) speed= 0.7m/s  roll=  6.1 pitch=  3.8  dither=(-0.02,-0.04,+0.06)
  [62/180] yaw=132.1 wind=(-3.45,-6.62) speed= 7.5m/s  roll= -3.2 pitch= -6.9  dither=(+0.07,-0.10,-0.04)
  [63/180] yaw=131.7 wind=( 3.61,-0.92) speed= 3.7m/s  roll=  7.6 pitch=  4.2  dither=(-0.07,+0.15,+0.09)
  [64/180] yaw=125.9 wind=( 1.78,-3.16) speed= 3.6m/s  roll= -4.7 pitch= 13.8  dither=(-0.08,-0.08,+0.07)
  [65/180] yaw=134.5 wind=( 4.69, 0.63) speed= 4.7m/s  roll=  4.9 pitch= -1.7  dither=(+0.15,+0.06,+0.12)
  [66/180] yaw=134.0 wind=( 0.31, 1.33) speed= 1.4m/s  roll= -1.5 pitch=  2.6  dither=(-0.06,+0.11,+0.12)
  [67/180] yaw=135.7 wind=( 4.39,-1.27) speed= 4.6m/s  roll=  0.0 pitch=  4.4  dither=(-0.05,-0.02,+0.15)
  [68/180] yaw=136.8 wind=( 0.01, 0.14) speed= 0.1m/s  roll=  0.2 pitch= -1.3  dither=(-0.04,-0.01,-0.02)
  [69/180] yaw=145.9 wind=( 0.53, 1.21) speed= 1.3m/s  roll= -2.0 pitch= -2.2  dither=(-0.01,-0.01,+0.07)
  [70/180] yaw=148.0 wind=(-4.08,-4.68) speed= 6.2m/s  roll=  2.7 pitch=  2.8  dither=(+0.00,+0.08,-0.08)
  [71/180] yaw=123.2 wind=(-6.82,-1.04) speed= 6.9m/s  roll=  6.6 pitch=-15.5  dither=(+0.11,+0.01,+0.03)
  [72/180] yaw=138.8 wind=(-2.87, 4.00) speed= 4.9m/s  roll=  2.0 pitch= -5.0  dither=(-0.01,-0.05,-0.01)
  [73/180] yaw=133.8 wind=( 1.32,-0.26) speed= 1.3m/s  roll= -2.0 pitch=  1.2  dither=(+0.10,-0.04,+0.01)
  [74/180] yaw=129.6 wind=(-1.13,-8.20) speed= 8.3m/s  roll= -3.4 pitch= 12.1  dither=(-0.04,+0.11,+0.15)
  [75/180] yaw=144.1 wind=(-1.97,-8.16) speed= 8.4m/s  roll= -0.0 pitch=  0.8  dither=(+0.11,-0.01,+0.10)

============================================================
=== yaw 6/12: 목표 164도로 회전 중 (현재 124.5도) ===
============================================================
  -> yaw 166.3도로 안정화
  [76/180] yaw=174.3 wind=(-4.71,-0.14) speed= 4.7m/s  roll= -5.1 pitch= -0.4  dither=(-0.09,-0.08,+0.06)
  [77/180] yaw=159.4 wind=(-3.25,-1.96) speed= 3.8m/s  roll=-10.3 pitch=  2.5  dither=(-0.06,-0.03,-0.00)
  [78/180] yaw=173.8 wind=( 4.39,-6.39) speed= 7.8m/s  roll= -5.8 pitch=  5.3  dither=(+0.09,+0.08,-0.11)
  [79/180] yaw=173.2 wind=(-4.89,-3.36) speed= 5.9m/s  roll= -7.9 pitch= -1.8  dither=(-0.09,-0.12,-0.11)
  [80/180] yaw=161.5 wind=(-8.06, 4.86) speed= 9.4m/s  roll= -9.2 pitch=  1.6  dither=(-0.07,+0.04,+0.11)
  [81/180] yaw=176.6 wind=( 4.09, 1.11) speed= 4.2m/s  roll= -0.8 pitch= -2.7  dither=(-0.03,+0.00,+0.04)
  [82/180] yaw=152.4 wind=(-1.67,-1.33) speed= 2.1m/s  roll= -8.7 pitch=  8.9  dither=(-0.08,+0.15,-0.15)
  [83/180] yaw=165.6 wind=(-7.23, 0.77) speed= 7.3m/s  roll= -0.2 pitch=  0.6  dither=(+0.13,-0.03,-0.07)
  [84/180] yaw=163.8 wind=( 2.78, 0.43) speed= 2.8m/s  roll= -0.2 pitch= 12.8  dither=(+0.01,+0.10,+0.03)
  [85/180] yaw=166.8 wind=( 8.86,-4.06) speed= 9.7m/s  roll=  4.2 pitch=  4.4  dither=(-0.03,+0.04,-0.06)
  [86/180] yaw=148.6 wind=( 0.66, 1.79) speed= 1.9m/s  roll=  9.6 pitch=  0.1  dither=(+0.08,-0.01,-0.13)
  [87/180] yaw=160.8 wind=(-9.09, 2.39) speed= 9.4m/s  roll= -8.7 pitch= -6.5  dither=(+0.15,-0.02,-0.04)
  [88/180] yaw=165.6 wind=( 0.59, 0.11) speed= 0.6m/s  roll=  9.2 pitch= -5.9  dither=(+0.12,+0.02,-0.10)
  [89/180] yaw=155.5 wind=(-7.30, 6.57) speed= 9.8m/s  roll= -1.1 pitch=-14.7  dither=(+0.02,-0.06,+0.03)
  [90/180] yaw=156.6 wind=( 3.47, 3.79) speed= 5.1m/s  roll= -2.5 pitch= -2.2  dither=(-0.15,+0.15,-0.11)

============================================================
=== yaw 7/12: 목표 194도로 회전 중 (현재 165.1도) ===
============================================================
  -> yaw -168.9도로 안정화
  [91/180] yaw=-172.8 wind=(-0.93, 0.52) speed= 1.1m/s  roll= -1.6 pitch=  1.2  dither=(+0.15,+0.07,+0.02)
  [92/180] yaw=-175.1 wind=( 1.61, 1.84) speed= 2.4m/s  roll=  4.8 pitch= -8.3  dither=(-0.14,-0.12,+0.02)
  [93/180] yaw=-151.9 wind=(-2.91,-3.23) speed= 4.3m/s  roll=-11.1 pitch= -2.7  dither=(-0.13,-0.03,+0.06)
  [94/180] yaw=-168.8 wind=( 1.42, 1.30) speed= 1.9m/s  roll=  2.6 pitch= -2.8  dither=(+0.04,+0.11,-0.05)
  [95/180] yaw=-159.9 wind=( 2.78, 4.79) speed= 5.5m/s  roll=  5.9 pitch= -1.3  dither=(+0.07,-0.07,-0.13)
  [96/180] yaw=-163.2 wind=(-9.18,-0.48) speed= 9.2m/s  roll= -7.1 pitch= -5.6  dither=(-0.09,-0.07,+0.05)
  [97/180] yaw=-179.0 wind=( 1.01, 4.80) speed= 4.9m/s  roll=  2.5 pitch=  2.3  dither=(-0.08,-0.05,-0.11)
  [98/180] yaw=-171.0 wind=(-0.28,-4.32) speed= 4.3m/s  roll=  2.8 pitch= -1.3  dither=(+0.15,-0.03,+0.09)
  [99/180] yaw=-170.0 wind=( 3.06,-3.63) speed= 4.7m/s  roll= -7.1 pitch=  0.4  dither=(+0.08,-0.04,+0.02)
  [100/180] yaw=-176.3 wind=( 0.97, 2.15) speed= 2.4m/s  roll=  2.2 pitch= -1.4  dither=(+0.04,-0.15,-0.01)
  [101/180] yaw=-174.8 wind=(-4.17,-7.00) speed= 8.1m/s  roll= -0.6 pitch= -5.7  dither=(-0.06,+0.10,-0.10)
  [102/180] yaw=-161.9 wind=(-0.09,-5.38) speed= 5.4m/s  roll=  1.5 pitch= 14.1  dither=(+0.14,-0.06,-0.05)
  [103/180] yaw=-160.0 wind=(-2.32,-9.34) speed= 9.6m/s  roll= -0.8 pitch=  1.8  dither=(-0.12,-0.09,+0.09)
  [104/180] yaw=-172.7 wind=(-0.25,-9.54) speed= 9.5m/s  roll=  3.2 pitch=  1.2  dither=(-0.01,-0.04,-0.08)
  [105/180] yaw=-166.6 wind=( 5.23,-6.29) speed= 8.2m/s  roll=  5.7 pitch= -1.9  dither=(-0.05,+0.02,-0.15)

============================================================
=== yaw 8/12: 목표 224도로 회전 중 (현재 -164.8도) ===
============================================================
  -> yaw -136.4도로 안정화
  [106/180] yaw=-129.6 wind=( 0.91,-3.88) speed= 4.0m/s  roll= -1.6 pitch= -3.6  dither=(+0.11,-0.04,-0.04)
  [107/180] yaw=-130.6 wind=(-2.25, 3.29) speed= 4.0m/s  roll= -5.1 pitch=  0.5  dither=(-0.05,+0.12,+0.13)
  [108/180] yaw=-137.5 wind=(-5.43,-1.86) speed= 5.7m/s  roll=  2.1 pitch= 11.6  dither=(-0.02,+0.15,-0.03)
  [109/180] yaw=-140.2 wind=(-1.34,-5.15) speed= 5.3m/s  roll=  0.8 pitch=  5.9  dither=(-0.03,-0.08,-0.06)
  [110/180] yaw=-136.9 wind=( 2.97, 0.37) speed= 3.0m/s  roll= 14.7 pitch= -6.6  dither=(+0.04,-0.09,-0.06)
  [111/180] yaw=-142.3 wind=(-0.48, 0.01) speed= 0.5m/s  roll= 13.7 pitch= -0.8  dither=(+0.12,+0.02,+0.11)
  [112/180] yaw=-138.0 wind=(-3.30,-2.43) speed= 4.1m/s  roll= -3.1 pitch=  2.4  dither=(+0.03,+0.02,-0.05)
  [113/180] yaw=-127.2 wind=(-9.53, 1.10) speed= 9.6m/s  roll= -5.8 pitch=  7.9  dither=(+0.15,-0.15,-0.10)
  [114/180] yaw=-140.6 wind=( 1.06,-2.52) speed= 2.7m/s  roll= -7.4 pitch=  5.0  dither=(-0.03,+0.04,+0.08)
  [115/180] yaw=-131.0 wind=(-5.05, 1.78) speed= 5.4m/s  roll=  0.1 pitch=  8.6  dither=(+0.08,-0.01,+0.03)
  [116/180] yaw=-125.5 wind=( 0.23,-7.44) speed= 7.4m/s  roll=  3.7 pitch=  1.3  dither=(+0.11,-0.01,+0.00)
  [117/180] yaw=-141.1 wind=( 2.72,-7.96) speed= 8.4m/s  roll=  8.8 pitch=  4.9  dither=(+0.11,-0.02,+0.01)
  [118/180] yaw=-136.3 wind=( 5.41, 3.63) speed= 6.5m/s  roll=  4.1 pitch=  0.1  dither=(+0.15,-0.06,-0.04)
  [119/180] yaw=-138.8 wind=(-6.26,-4.83) speed= 7.9m/s  roll=  5.6 pitch= -1.0  dither=(+0.03,-0.05,-0.06)
  [120/180] yaw=-139.8 wind=( 1.35,-0.31) speed= 1.4m/s  roll=  6.6 pitch=  2.6  dither=(-0.02,-0.08,+0.00)

============================================================
=== yaw 9/12: 목표 254도로 회전 중 (현재 -135.1도) ===
============================================================
  -> yaw -107.2도로 안정화
  [121/180] yaw=-95.6 wind=( 0.61, 0.54) speed= 0.8m/s  roll= -4.6 pitch= -6.1  dither=(-0.02,-0.01,+0.08)
  [122/180] yaw=-107.0 wind=(-0.19,-7.21) speed= 7.2m/s  roll= 13.9 pitch= -6.7  dither=(+0.13,-0.07,-0.07)
  [123/180] yaw=-111.6 wind=(-6.76,-6.43) speed= 9.3m/s  roll=  1.7 pitch=  0.8  dither=(+0.15,-0.05,+0.15)
  [124/180] yaw=-107.1 wind=( 5.15, 5.05) speed= 7.2m/s  roll= -1.4 pitch= -4.1  dither=(-0.10,+0.05,+0.05)
  [125/180] yaw=-112.5 wind=(-2.17, 2.79) speed= 3.5m/s  roll= -3.8 pitch= -6.2  dither=(+0.15,+0.06,-0.06)
  [126/180] yaw=-102.8 wind=( 2.31,-4.87) speed= 5.4m/s  roll=  4.6 pitch= -8.8  dither=(-0.09,+0.03,-0.04)
  [127/180] yaw=-99.4 wind=( 0.76, 0.65) speed= 1.0m/s  roll= -2.6 pitch= -5.8  dither=(-0.05,+0.15,+0.15)
  [128/180] yaw=-112.5 wind=( 6.14, 1.32) speed= 6.3m/s  roll=  7.9 pitch=-13.1  dither=(-0.06,-0.00,-0.00)
  [129/180] yaw=-103.2 wind=(-0.66, 1.45) speed= 1.6m/s  roll=  6.4 pitch= 11.3  dither=(-0.07,-0.02,+0.10)
  [130/180] yaw=-112.5 wind=(-9.58,-1.28) speed= 9.7m/s  roll= -3.3 pitch=  5.2  dither=(-0.14,-0.03,-0.06)
  [131/180] yaw=-108.4 wind=( 8.13,-1.60) speed= 8.3m/s  roll= -1.7 pitch=-14.6  dither=(-0.03,-0.07,-0.15)
  [132/180] yaw=-99.3 wind=( 0.03,-0.01) speed= 0.0m/s  roll= -9.4 pitch=  3.9  dither=(-0.10,+0.15,-0.04)
  [133/180] yaw=-101.9 wind=( 7.85,-1.26) speed= 8.0m/s  roll=  3.0 pitch=  4.5  dither=(-0.15,-0.08,-0.15)
  [134/180] yaw=-95.2 wind=( 3.62,-0.87) speed= 3.7m/s  roll=  7.4 pitch=  8.1  dither=(+0.09,-0.01,-0.07)
  [135/180] yaw=-103.5 wind=(-2.13,-0.36) speed= 2.2m/s  roll=-12.3 pitch=  7.9  dither=(-0.14,-0.01,-0.03)

============================================================
=== yaw 10/12: 목표 284도로 회전 중 (현재 -118.9도) ===
============================================================
  -> yaw -75.7도로 안정화
  [136/180] yaw=-71.2 wind=(-3.26, 0.96) speed= 3.4m/s  roll= -9.8 pitch= -5.5  dither=(-0.11,+0.00,-0.04)
  [137/180] yaw=-72.0 wind=(-5.93, 1.01) speed= 6.0m/s  roll= -8.3 pitch=  0.5  dither=(+0.04,-0.09,-0.04)
  [138/180] yaw=-61.2 wind=( 1.26,-4.67) speed= 4.8m/s  roll= -2.0 pitch=  7.2  dither=(+0.09,+0.15,+0.01)
  [139/180] yaw=-71.2 wind=(-2.73,-5.89) speed= 6.5m/s  roll= -2.2 pitch= -6.7  dither=(-0.15,-0.01,-0.07)
  [140/180] yaw=-72.5 wind=( 1.06,-0.04) speed= 1.1m/s  roll= -5.7 pitch=  3.5  dither=(-0.00,+0.15,+0.00)
  [141/180] yaw=-85.3 wind=( 8.97, 2.85) speed= 9.4m/s  roll=-13.2 pitch= -7.2  dither=(-0.08,+0.12,+0.13)
  [142/180] yaw=-74.0 wind=(-1.27,-0.83) speed= 1.5m/s  roll= -2.4 pitch=  8.1  dither=(+0.12,+0.15,-0.05)
  [143/180] yaw=-78.8 wind=(-7.91, 4.99) speed= 9.4m/s  roll= -1.8 pitch= 13.9  dither=(-0.04,-0.02,+0.04)
  [144/180] yaw=-62.3 wind=(-0.15,-0.28) speed= 0.3m/s  roll= 10.1 pitch= 12.9  dither=(+0.09,+0.15,+0.09)
  [145/180] yaw=-66.0 wind=(-2.41, 0.40) speed= 2.4m/s  roll=  0.8 pitch=-16.2  dither=(-0.01,+0.07,-0.10)
  [146/180] yaw=-77.8 wind=( 7.47,-0.17) speed= 7.5m/s  roll= 11.2 pitch= -3.2  dither=(-0.00,+0.05,+0.00)
  [147/180] yaw=-79.8 wind=( 2.67, 3.05) speed= 4.1m/s  roll= -7.0 pitch=  0.3  dither=(+0.04,+0.09,-0.03)
  [148/180] yaw=-81.8 wind=(-1.63, 0.04) speed= 1.6m/s  roll= -3.8 pitch= 10.4  dither=(-0.00,-0.09,-0.03)
  [149/180] yaw=-78.2 wind=(-0.25, 7.09) speed= 7.1m/s  roll=-17.6 pitch=  3.8  dither=(-0.06,-0.06,+0.02)
  [150/180] yaw=-80.8 wind=(-0.14,-0.84) speed= 0.9m/s  roll= -7.2 pitch=  4.0  dither=(-0.07,+0.13,-0.09)

============================================================
=== yaw 11/12: 목표 314도로 회전 중 (현재 -65.6도) ===
============================================================
  -> yaw -43.8도로 안정화
  [151/180] yaw=-44.8 wind=( 1.77, 0.99) speed= 2.0m/s  roll=  3.1 pitch= -2.4  dither=(+0.00,+0.15,+0.04)
  [152/180] yaw=-55.3 wind=(-1.29, 1.79) speed= 2.2m/s  roll= -5.7 pitch=  3.1  dither=(-0.10,-0.02,+0.07)
  [153/180] yaw=-49.0 wind=( 2.54,-8.78) speed= 9.1m/s  roll= 14.9 pitch=-11.0  dither=(+0.10,-0.14,+0.06)
  [154/180] yaw=-47.2 wind=( 2.89,-4.81) speed= 5.6m/s  roll=  8.3 pitch= -2.0  dither=(-0.02,-0.00,-0.10)
  [155/180] yaw=-47.7 wind=( 7.83,-5.37) speed= 9.5m/s  roll=  2.0 pitch=  0.6  dither=(-0.05,+0.11,+0.15)
  [156/180] yaw=-34.3 wind=(-0.12, 0.51) speed= 0.5m/s  roll= -0.4 pitch= -3.9  dither=(+0.15,-0.14,+0.01)
  [157/180] yaw=-37.4 wind=( 1.45, 1.07) speed= 1.8m/s  roll=  0.1 pitch= -1.5  dither=(-0.08,-0.12,-0.07)
  [158/180] yaw=-41.0 wind=( 1.67,-1.29) speed= 2.1m/s  roll=  7.1 pitch=  4.4  dither=(+0.10,+0.02,-0.11)
  [159/180] yaw=-48.8 wind=( 0.09,-2.45) speed= 2.4m/s  roll= -2.9 pitch=  9.6  dither=(+0.08,+0.08,-0.08)
  [160/180] yaw=-44.6 wind=( 0.00,-0.09) speed= 0.1m/s  roll=  0.2 pitch= -1.4  dither=(+0.04,+0.12,+0.15)
  [161/180] yaw=-43.9 wind=( 8.35, 1.14) speed= 8.4m/s  roll= -2.6 pitch=  1.7  dither=(+0.15,+0.08,+0.11)
  [162/180] yaw=-48.3 wind=( 6.33, 5.05) speed= 8.1m/s  roll=-10.1 pitch= -1.5  dither=(-0.05,+0.15,+0.06)
  [163/180] yaw=-41.6 wind=(-2.49, 3.11) speed= 4.0m/s  roll= -5.1 pitch=  3.1  dither=(+0.12,-0.03,+0.01)
  [164/180] yaw=-42.5 wind=(-8.14,-3.92) speed= 9.0m/s  roll= 13.6 pitch=  0.1  dither=(+0.15,-0.15,+0.10)
  [165/180] yaw=-44.1 wind=( 5.19, 2.82) speed= 5.9m/s  roll= -3.0 pitch= -3.0  dither=(-0.10,-0.12,+0.15)

============================================================
=== yaw 12/12: 목표 344도로 회전 중 (현재 -46.5도) ===
============================================================
  -> yaw -16.9도로 안정화
  [166/180] yaw= -1.6 wind=(-7.02, 2.39) speed= 7.4m/s  roll= -5.4 pitch= 14.4  dither=(-0.12,-0.03,-0.03)
  [167/180] yaw= -7.6 wind=(-1.28,-0.71) speed= 1.5m/s  roll= -4.9 pitch= -0.7  dither=(-0.07,+0.15,+0.10)
  [168/180] yaw=-23.7 wind=(-3.80,-4.97) speed= 6.3m/s  roll= -0.4 pitch=  0.4  dither=(+0.01,+0.03,-0.04)
  [169/180] yaw= -7.7 wind=( 6.57,-1.40) speed= 6.7m/s  roll= -7.2 pitch=-21.6  dither=(-0.09,-0.01,-0.01)
  [170/180] yaw=-19.6 wind=(-0.72, 6.10) speed= 6.1m/s  roll=  4.1 pitch=  5.9  dither=(-0.15,-0.11,+0.11)
  [171/180] yaw= -5.0 wind=( 4.76,-7.57) speed= 8.9m/s  roll= -5.7 pitch= -9.9  dither=(+0.01,+0.05,+0.06)
  [172/180] yaw=-21.3 wind=(-0.20, 0.07) speed= 0.2m/s  roll= -3.1 pitch= -2.0  dither=(-0.06,+0.07,-0.01)
  [173/180] yaw=-15.5 wind=(-1.38, 0.83) speed= 1.6m/s  roll= 12.5 pitch=  7.8  dither=(+0.12,+0.03,-0.01)
  [174/180] yaw=-22.4 wind=(-4.45,-1.02) speed= 4.6m/s  roll=  0.2 pitch= -3.4  dither=(-0.10,+0.07,-0.06)
  [175/180] yaw=-20.1 wind=(-1.06, 1.76) speed= 2.1m/s  roll= 10.4 pitch=  8.8  dither=(+0.14,+0.07,-0.06)
  [176/180] yaw=-17.4 wind=(-1.09,-0.10) speed= 1.1m/s  roll=  8.2 pitch= 15.6  dither=(+0.11,+0.11,-0.08)
  [177/180] yaw= -0.9 wind=( 2.27, 0.04) speed= 2.3m/s  roll=  6.0 pitch= -9.6  dither=(+0.06,-0.15,+0.03)
  [178/180] yaw=-10.7 wind=( 1.10, 0.26) speed= 1.1m/s  roll= -3.3 pitch= -4.3  dither=(-0.10,+0.03,+0.15)
  [179/180] yaw=-14.2 wind=(-7.57, 1.50) speed= 7.7m/s  roll=  6.9 pitch= -3.6  dither=(-0.00,-0.12,-0.05)
  [180/180] yaw=-18.9 wind=(-0.99,-3.72) speed= 3.8m/s  roll= -7.7 pitch= -5.2  dither=(-0.07,-0.05,+0.04)

데이터 수집 완료. CSV 저장됨: ../../logs/wind_random_dither_20260816_072916_yaw14p0_n12x15_speed0-10_seed8042.csv
[송신 간격 통계] 목표=50ms  평균=50.0ms  최대=67.8ms  임계치 초과=0/65264

--- Offboard 종료 ---

--- Landing ---
-> 착륙 완료 및 디스암 확인

무작위 바람+토크 더더링 데이터 수집 완료.
  [수집] 세션 8 완료 (시도 1/3)
  [그래프] /home/ssh2003/MyProjects/quad-pinn-project/logs/wind_random_dither_20260816_072916_yaw14p0_n12x15_speed0-10_seed8042.csv 요약 PNG 생성 중...
    findfont: Failed to find font weight normal, now using 100.
    /home/ssh2003/MyProjects/quad-pinn-project/sim_scripts/data_collection/plot_session_grid.py:106: UserWarning: This figure includes Axes that are not compatible with tight_layout, so results might be incorrect.
      fig.tight_layout(rect=[0, 0, 0.92, 0.94])
    findfont: Failed to find font weight normal, now using 100.
    findfont: Failed to find font weight normal, now using 100.
    findfont: Failed to find font weight normal, now using 100.
    findfont: Failed to find font weight normal, now using 100.
    저장됨: /home/ssh2003/MyProjects/quad-pinn-project/figures/wind_random_20260816_034808_n12x15_td15/session_wind_random_dither_20260816_072916_yaw14p0_n12x15_speed0-10_seed8042.png

############################################################
# 세션 9/15
############################################################
  [SITL] 기존 프로세스 정리 중 (정상종료 시도)...
Terminated
  [SITL] 강제 정리 (남아있는 프로세스 있으면)...
  [SITL] 재시작 중...
  [SITL] px4 프로세스 감지됨 (1s). 안정화 대기 15s...
  [수집] 시작 (seed=9042, yaw-offset=16.000도, 시도 1/3, 타임아웃 4196초)
PX4 SITL에 연결 시도 중...
-> 드론에 연결됨!
GPS/홈 위치 확인 중...
-> 전역 위치 및 홈 위치 준비 완료

[확인] PX4 SITL이 'windy' 월드로 실행 중인지 확인할 것.

--- Arming ---
-> Armed

--- Takeoff ---
  안전 고도(1.5m) 도달 대기 중...
  -> 안전 고도 도달 (relative_altitude=1.51m)

--- Offboard 진입 준비: 초기 setpoint(현재 위치 고정) 전송 ---

--- Offboard 모드 시작 ---

CSV 로그 저장 경로: ../../logs/wind_random_dither_20260816_082428_yaw16p0_n12x15_speed0-10_seed9042.csv
더더링: OU 프로세스 tau=0.3s sigma=0.1 clamp=±0.15

yaw 12방향(offset=16.0도) x 방향당 바람조건 15개 = 총 180개 수집 시작 (조건당 15초, 예상 총 소요 51.0분 + yaw 회전 시간)

============================================================
=== yaw 1/12: 목표 16도로 회전 중 (현재 91.3도) ===
============================================================
  -> yaw 16.2도로 안정화
  [1/180] yaw=  8.8 wind=(-1.11, 2.27) speed= 2.5m/s  roll=  5.0 pitch= -4.3  dither=(+0.08,-0.00,+0.05)
  [2/180] yaw=  8.2 wind=(-2.17,-4.11) speed= 4.6m/s  roll= 11.1 pitch= -1.2  dither=(+0.15,+0.08,-0.03)
  [3/180] yaw= 20.5 wind=( 5.17, 1.46) speed= 5.4m/s  roll=-10.6 pitch=  1.0  dither=(+0.04,+0.15,-0.05)
  [4/180] yaw= 16.3 wind=( 5.73,-0.79) speed= 5.8m/s  roll= -0.3 pitch=  1.6  dither=(-0.12,-0.13,-0.03)
  [5/180] yaw=  5.1 wind=(-2.25, 1.27) speed= 2.6m/s  roll=  1.0 pitch=-10.8  dither=(-0.15,-0.06,-0.07)
  [6/180] yaw= 14.8 wind=( 0.01,-0.03) speed= 0.0m/s  roll=  5.4 pitch=  2.7  dither=(-0.10,-0.05,+0.00)
  [7/180] yaw= 17.7 wind=(-2.25,-0.42) speed= 2.3m/s  roll=  0.3 pitch=-13.0  dither=(+0.01,-0.14,+0.13)
  [8/180] yaw= 21.1 wind=(-3.44, 5.01) speed= 6.1m/s  roll= 11.4 pitch= -2.4  dither=(+0.06,-0.09,-0.05)
  [9/180] yaw= 11.6 wind=(-0.74,-0.61) speed= 1.0m/s  roll=-14.6 pitch= -8.8  dither=(-0.14,-0.00,-0.04)
  [10/180] yaw= 28.1 wind=( 0.73,-4.20) speed= 4.3m/s  roll= -9.2 pitch= -3.0  dither=(-0.04,-0.08,+0.05)
  [11/180] yaw= 19.1 wind=(-1.41, 3.12) speed= 3.4m/s  roll= -2.1 pitch= 16.6  dither=(+0.10,-0.13,+0.09)
  [12/180] yaw= 13.3 wind=(-1.32, 6.36) speed= 6.5m/s  roll=  3.9 pitch= 13.7  dither=(+0.15,+0.00,-0.05)
  [13/180] yaw= 20.1 wind=( 3.64, 0.62) speed= 3.7m/s  roll= -3.4 pitch=  5.0  dither=(+0.01,+0.06,-0.07)
  [14/180] yaw= 22.7 wind=(-3.08, 0.15) speed= 3.1m/s  roll= -7.1 pitch=  8.1  dither=(-0.08,-0.15,+0.04)
  [15/180] yaw= 26.9 wind=(-3.58,-8.17) speed= 8.9m/s  roll= -1.8 pitch= -4.9  dither=(-0.02,-0.05,+0.10)

============================================================
=== yaw 2/12: 목표 46도로 회전 중 (현재 20.3도) ===
============================================================
  -> yaw 44.3도로 안정화
  [16/180] yaw= 50.5 wind=(-0.05, 2.55) speed= 2.5m/s  roll=  4.2 pitch=  2.4  dither=(-0.02,+0.15,-0.05)
  [17/180] yaw= 35.6 wind=(-6.85,-6.33) speed= 9.3m/s  roll=  1.7 pitch=  0.1  dither=(-0.07,+0.02,+0.15)
  [18/180] yaw= 54.1 wind=(-2.75,-8.21) speed= 8.7m/s  roll= -8.3 pitch=-18.8  dither=(-0.09,+0.03,+0.08)
  [19/180] yaw= 36.2 wind=(-5.24, 3.45) speed= 6.3m/s  roll= -8.6 pitch=  5.8  dither=(+0.14,+0.04,+0.15)
  [20/180] yaw= 44.6 wind=(-0.05,-0.22) speed= 0.2m/s  roll=-16.9 pitch= -2.9  dither=(+0.04,+0.14,-0.07)
  [21/180] yaw= 45.5 wind=( 1.94,-4.93) speed= 5.3m/s  roll=-17.8 pitch=  1.5  dither=(-0.06,-0.09,+0.08)
  [22/180] yaw= 44.1 wind=(-1.93,-0.12) speed= 1.9m/s  roll= -6.3 pitch= -0.6  dither=(-0.03,+0.04,-0.07)
  [23/180] yaw= 52.8 wind=(-4.02,-2.45) speed= 4.7m/s  roll=  2.0 pitch= -4.8  dither=(+0.09,-0.10,+0.05)
  [24/180] yaw= 41.7 wind=(-1.23, 2.92) speed= 3.2m/s  roll= 11.4 pitch= -6.2  dither=(+0.09,-0.04,+0.08)
  [25/180] yaw= 47.6 wind=( 9.12,-3.23) speed= 9.7m/s  roll= -7.2 pitch=  6.1  dither=(-0.09,-0.08,-0.12)
  [26/180] yaw= 36.8 wind=( 2.78,-1.09) speed= 3.0m/s  roll= -0.9 pitch= -5.9  dither=(-0.07,+0.06,+0.00)
  [27/180] yaw= 42.1 wind=(-0.59,-0.53) speed= 0.8m/s  roll= -7.2 pitch= -0.6  dither=(-0.02,-0.14,-0.02)
  [28/180] yaw= 37.4 wind=( 0.57, 1.69) speed= 1.8m/s  roll= -5.9 pitch= -6.2  dither=(+0.01,-0.03,+0.08)
  [29/180] yaw= 36.1 wind=( 0.61, 0.18) speed= 0.6m/s  roll= -3.7 pitch=-10.3  dither=(-0.00,+0.03,-0.04)
  [30/180] yaw= 51.5 wind=(-4.76, 0.67) speed= 4.8m/s  roll=  4.9 pitch= -8.6  dither=(+0.10,-0.06,+0.11)

============================================================
=== yaw 3/12: 목표 76도로 회전 중 (현재 44.2도) ===
============================================================
  -> yaw 75.5도로 안정화
  [31/180] yaw= 66.7 wind=( 1.16,-6.39) speed= 6.5m/s  roll=  0.8 pitch=  9.6  dither=(+0.15,-0.08,-0.02)
  [32/180] yaw= 80.9 wind=(-8.10,-3.04) speed= 8.7m/s  roll=  6.4 pitch=  2.8  dither=(+0.04,-0.14,+0.05)
  [33/180] yaw= 83.7 wind=( 3.93, 7.05) speed= 8.1m/s  roll=  0.6 pitch= -2.7  dither=(+0.06,-0.02,-0.10)
  [34/180] yaw= 81.2 wind=( 9.36, 2.57) speed= 9.7m/s  roll=  4.1 pitch=  5.8  dither=(+0.06,+0.08,-0.12)
  [35/180] yaw= 86.9 wind=( 4.06,-6.71) speed= 7.8m/s  roll=  6.4 pitch=  5.7  dither=(+0.07,+0.01,+0.03)
  [36/180] yaw= 59.0 wind=( 2.58,-4.55) speed= 5.2m/s  roll=  9.1 pitch= -6.0  dither=(-0.00,-0.03,-0.04)
  [37/180] yaw= 82.1 wind=(-2.61,-4.94) speed= 5.6m/s  roll= -2.3 pitch=  1.5  dither=(+0.10,+0.08,+0.10)
  [38/180] yaw= 75.6 wind=( 3.60,-2.37) speed= 4.3m/s  roll=  3.1 pitch= -1.5  dither=(-0.08,-0.14,-0.09)
  [39/180] yaw= 78.0 wind=(-3.07,-5.24) speed= 6.1m/s  roll=  3.0 pitch= -3.6  dither=(+0.12,+0.07,-0.12)
  [40/180] yaw= 78.4 wind=( 2.62,-8.24) speed= 8.6m/s  roll= -6.1 pitch=  3.6  dither=(-0.08,-0.04,+0.03)
  [41/180] yaw= 66.0 wind=(-4.61, 4.01) speed= 6.1m/s  roll= 12.5 pitch=  6.4  dither=(+0.04,+0.02,-0.02)
  [42/180] yaw= 89.5 wind=(-9.61,-2.08) speed= 9.8m/s  roll= -8.8 pitch=-10.2  dither=(-0.13,-0.04,-0.02)
  [43/180] yaw= 83.5 wind=( 4.19,-6.24) speed= 7.5m/s  roll= -4.5 pitch= 11.1  dither=(-0.05,+0.06,+0.14)
  [44/180] yaw= 86.2 wind=( 2.47,-2.29) speed= 3.4m/s  roll=-15.7 pitch=  0.3  dither=(-0.15,-0.00,+0.15)
  [45/180] yaw= 63.0 wind=(-8.78, 3.57) speed= 9.5m/s  roll=  4.1 pitch= -3.2  dither=(-0.03,-0.11,-0.14)

============================================================
=== yaw 4/12: 목표 106도로 회전 중 (현재 82.2도) ===
============================================================
  -> yaw 106.0도로 안정화
  [46/180] yaw= 98.8 wind=(-1.58, 7.31) speed= 7.5m/s  roll= -5.1 pitch=  0.8  dither=(+0.11,+0.11,-0.11)
  [47/180] yaw= 99.0 wind=( 0.99,-4.15) speed= 4.3m/s  roll=  6.4 pitch=  4.5  dither=(-0.02,+0.08,+0.01)
  [48/180] yaw=115.9 wind=( 9.25,-2.54) speed= 9.6m/s  roll= -0.1 pitch=  8.6  dither=(+0.10,+0.13,+0.11)
  [49/180] yaw=107.7 wind=(-3.94,-3.95) speed= 5.6m/s  roll= -9.8 pitch= -8.5  dither=(-0.10,+0.08,-0.08)
  [50/180] yaw= 96.5 wind=(-2.18, 3.40) speed= 4.0m/s  roll= -7.7 pitch= -8.9  dither=(-0.13,-0.07,-0.13)
  [51/180] yaw=111.0 wind=( 3.99,-1.82) speed= 4.4m/s  roll=  4.4 pitch= -2.3  dither=(+0.01,+0.07,-0.04)
  [52/180] yaw=104.8 wind=( 1.58, 1.71) speed= 2.3m/s  roll= -7.3 pitch=  4.6  dither=(-0.01,-0.02,-0.04)
  [53/180] yaw= 96.6 wind=(-1.35,-5.99) speed= 6.1m/s  roll=-11.4 pitch=  1.5  dither=(-0.08,-0.07,-0.03)
  [54/180] yaw= 95.3 wind=(-4.02,-7.48) speed= 8.5m/s  roll= -5.9 pitch= -6.4  dither=(+0.04,-0.07,+0.15)
  [55/180] yaw=107.1 wind=( 0.98, 0.89) speed= 1.3m/s  roll=  6.9 pitch= -0.5  dither=(+0.11,+0.02,+0.02)
  [56/180] yaw=104.8 wind=( 1.23, 5.21) speed= 5.4m/s  roll= -0.1 pitch=  1.4  dither=(+0.07,-0.03,+0.08)
  [57/180] yaw=107.3 wind=(-5.90,-7.66) speed= 9.7m/s  roll=-10.8 pitch=  1.4  dither=(+0.02,-0.01,-0.05)
  [58/180] yaw=106.0 wind=( 1.03,-1.86) speed= 2.1m/s  roll= 11.0 pitch=-12.1  dither=(+0.15,-0.15,+0.07)
  [59/180] yaw=102.8 wind=(-0.44,-0.96) speed= 1.1m/s  roll=  4.1 pitch=  2.4  dither=(-0.01,+0.05,-0.04)
  [60/180] yaw=114.5 wind=(-0.20, 1.21) speed= 1.2m/s  roll=  2.7 pitch= -7.2  dither=(-0.07,-0.15,-0.10)

============================================================
=== yaw 5/12: 목표 136도로 회전 중 (현재 108.4도) ===
============================================================
  -> yaw 135.3도로 안정화
  [61/180] yaw=131.5 wind=( 2.86, 4.57) speed= 5.4m/s  roll=  3.8 pitch=  4.4  dither=(-0.07,+0.03,+0.08)
  [62/180] yaw=131.5 wind=(-4.19, 0.38) speed= 4.2m/s  roll= -7.7 pitch=-12.6  dither=(+0.03,+0.08,-0.06)
  [63/180] yaw=143.9 wind=( 9.05, 3.00) speed= 9.5m/s  roll= 11.4 pitch=  2.8  dither=(+0.03,+0.04,-0.01)
  [64/180] yaw=132.7 wind=( 6.86, 3.17) speed= 7.6m/s  roll=  2.0 pitch= -0.6  dither=(+0.12,-0.10,-0.12)
  [65/180] yaw=123.2 wind=( 5.62,-5.00) speed= 7.5m/s  roll=-17.7 pitch=  7.5  dither=(-0.09,+0.06,-0.02)
  [66/180] yaw=141.9 wind=(-0.11, 7.78) speed= 7.8m/s  roll=  1.3 pitch= -4.5  dither=(-0.02,+0.10,-0.02)
  [67/180] yaw=147.5 wind=(-0.11,-0.04) speed= 0.1m/s  roll=  2.4 pitch=  4.6  dither=(+0.08,+0.07,+0.02)
  [68/180] yaw=131.4 wind=( 0.80, 2.91) speed= 3.0m/s  roll=  0.6 pitch=-10.7  dither=(+0.08,-0.04,+0.03)
  [69/180] yaw=133.6 wind=(-4.24, 0.76) speed= 4.3m/s  roll=  9.2 pitch=-10.2  dither=(+0.01,-0.03,+0.13)
  [70/180] yaw=143.4 wind=( 0.31, 1.44) speed= 1.5m/s  roll=  7.2 pitch= -5.3  dither=(+0.02,-0.02,+0.15)
  [71/180] yaw=129.9 wind=(-2.61,-1.24) speed= 2.9m/s  roll= -0.7 pitch= 12.0  dither=(-0.13,+0.08,-0.11)
  [72/180] yaw=130.6 wind=(-6.02, 3.08) speed= 6.8m/s  roll= -0.5 pitch= -7.9  dither=(+0.02,+0.04,-0.11)
  [73/180] yaw=139.1 wind=(-5.38, 7.02) speed= 8.8m/s  roll= -2.6 pitch= -5.5  dither=(-0.09,-0.15,-0.09)
  [74/180] yaw=136.0 wind=( 1.56,-4.94) speed= 5.2m/s  roll=  0.7 pitch=  7.5  dither=(+0.04,-0.03,-0.03)
  [75/180] yaw=136.2 wind=(-1.36, 5.36) speed= 5.5m/s  roll=  0.1 pitch= -0.6  dither=(+0.13,+0.14,+0.01)

============================================================
=== yaw 6/12: 목표 166도로 회전 중 (현재 136.2도) ===
============================================================
  -> yaw 163.0도로 안정화
  [76/180] yaw=159.9 wind=( 4.63, 1.20) speed= 4.8m/s  roll=  5.1 pitch= -2.0  dither=(-0.01,+0.04,-0.10)
  [77/180] yaw=177.2 wind=( 4.11,-1.94) speed= 4.5m/s  roll=  1.1 pitch=  2.6  dither=(-0.15,+0.15,+0.12)
  [78/180] yaw=167.1 wind=( 0.04,-2.67) speed= 2.7m/s  roll=  0.4 pitch= -0.1  dither=(+0.03,-0.07,+0.07)
  [79/180] yaw=169.9 wind=( 8.85,-1.42) speed= 9.0m/s  roll=  2.9 pitch=  3.4  dither=(+0.07,-0.01,+0.12)
  [80/180] yaw=168.1 wind=( 5.02,-0.46) speed= 5.0m/s  roll= -0.1 pitch=  4.8  dither=(+0.02,+0.00,+0.00)
  [81/180] yaw=154.8 wind=( 6.28, 0.67) speed= 6.3m/s  roll=  7.9 pitch= -6.5  dither=(-0.06,-0.13,+0.10)
  [82/180] yaw=172.4 wind=(-7.54,-3.39) speed= 8.3m/s  roll=-16.5 pitch=  2.6  dither=(-0.13,-0.14,+0.15)
  [83/180] yaw=163.4 wind=( 6.63, 0.96) speed= 6.7m/s  roll=  4.3 pitch=  2.6  dither=(-0.12,+0.10,+0.05)
  [84/180] yaw=167.5 wind=(-1.35, 2.72) speed= 3.0m/s  roll=  4.5 pitch=  1.3  dither=(+0.13,-0.02,-0.15)
  [85/180] yaw=155.4 wind=(-2.30,-7.15) speed= 7.5m/s  roll=  4.0 pitch= 15.0  dither=(+0.09,+0.08,-0.02)
  [86/180] yaw=164.9 wind=(-2.27, 0.30) speed= 2.3m/s  roll= -9.0 pitch=  7.2  dither=(+0.06,+0.04,+0.15)
  [87/180] yaw=171.0 wind=(-4.64, 5.76) speed= 7.4m/s  roll=  1.6 pitch=  7.9  dither=(-0.02,+0.15,-0.04)
  [88/180] yaw=167.5 wind=(-6.37,-6.91) speed= 9.4m/s  roll= -1.5 pitch=  0.0  dither=(+0.04,-0.03,-0.04)
  [89/180] yaw=160.9 wind=( 1.07, 3.37) speed= 3.5m/s  roll=  8.0 pitch=-11.0  dither=(+0.11,-0.12,-0.10)
  [90/180] yaw=163.4 wind=( 0.48, 1.02) speed= 1.1m/s  roll=  1.0 pitch=  5.5  dither=(-0.10,+0.02,-0.04)

============================================================
=== yaw 7/12: 목표 196도로 회전 중 (현재 166.9도) ===
============================================================
  -> yaw -165.0도로 안정화
  [91/180] yaw=-169.2 wind=( 1.95,-1.94) speed= 2.8m/s  roll= -4.7 pitch= -2.5  dither=(-0.00,-0.04,+0.07)
  [92/180] yaw=-162.6 wind=( 1.01, 5.44) speed= 5.5m/s  roll= -8.6 pitch=-14.5  dither=(-0.07,-0.14,+0.11)
  [93/180] yaw=-172.8 wind=(-0.33,-1.13) speed= 1.2m/s  roll= -4.8 pitch= -3.7  dither=(-0.07,+0.09,-0.08)
  [94/180] yaw=-168.6 wind=(-0.62,-0.07) speed= 0.6m/s  roll=  8.2 pitch=  0.1  dither=(-0.12,-0.06,-0.14)
  [95/180] yaw=-154.2 wind=(-2.53, 5.14) speed= 5.7m/s  roll= -9.8 pitch= -4.4  dither=(+0.01,-0.09,+0.10)
  [96/180] yaw=-171.1 wind=(-3.44,-3.45) speed= 4.9m/s  roll= -8.2 pitch= -3.0  dither=(-0.11,-0.11,-0.10)
  [97/180] yaw=-167.1 wind=(-0.16,-1.45) speed= 1.5m/s  roll=  4.7 pitch= -2.8  dither=(+0.09,-0.02,-0.05)
  [98/180] yaw=-163.7 wind=(-5.15,-4.03) speed= 6.5m/s  roll=  5.5 pitch=  1.2  dither=(+0.06,+0.10,-0.12)
  [99/180] yaw=-160.1 wind=( 9.80, 1.81) speed=10.0m/s  roll=  0.9 pitch= -4.9  dither=(+0.09,+0.07,-0.10)
  [100/180] yaw=-158.2 wind=(-3.66,-7.28) speed= 8.1m/s  roll= 11.3 pitch=  6.8  dither=(+0.05,-0.08,+0.14)
  [101/180] yaw=-169.4 wind=(-0.28,-7.98) speed= 8.0m/s  roll=  1.3 pitch=  3.1  dither=(+0.01,-0.03,-0.10)
  [102/180] yaw=-175.1 wind=(-3.86, 7.26) speed= 8.2m/s  roll=  1.0 pitch=  0.5  dither=(-0.02,-0.01,-0.01)
  [103/180] yaw=-178.2 wind=(-1.94, 1.25) speed= 2.3m/s  roll= -8.2 pitch=  9.7  dither=(-0.07,-0.02,+0.10)
  [104/180] yaw=-158.0 wind=( 6.20, 3.61) speed= 7.2m/s  roll=  6.5 pitch=  3.3  dither=(+0.12,+0.04,-0.08)
  [105/180] yaw=-160.6 wind=(-3.80, 1.36) speed= 4.0m/s  roll=  2.1 pitch= -5.2  dither=(-0.02,-0.15,+0.08)

============================================================
=== yaw 8/12: 목표 226도로 회전 중 (현재 -167.3도) ===
============================================================
  -> yaw -135.1도로 안정화
  [106/180] yaw=-141.5 wind=( 3.04,-5.60) speed= 6.4m/s  roll=  8.2 pitch= -3.4  dither=(+0.02,-0.03,-0.09)
  [107/180] yaw=-129.4 wind=(-7.22, 5.31) speed= 9.0m/s  roll=-13.1 pitch=  6.1  dither=(+0.06,+0.07,+0.02)
  [108/180] yaw=-133.9 wind=(-1.04,-0.46) speed= 1.1m/s  roll= -5.8 pitch=  0.3  dither=(-0.07,-0.10,-0.02)
  [109/180] yaw=-138.3 wind=(-1.85, 0.57) speed= 1.9m/s  roll= -2.5 pitch= 14.7  dither=(-0.07,+0.02,-0.00)
  [110/180] yaw=-140.6 wind=( 0.27, 0.20) speed= 0.3m/s  roll= 14.1 pitch= -0.3  dither=(+0.12,-0.04,-0.04)
  [111/180] yaw=-141.4 wind=(-5.57, 3.96) speed= 6.8m/s  roll=  2.0 pitch=  7.7  dither=(+0.03,+0.03,+0.06)
  [112/180] yaw=-126.3 wind=( 0.41,-7.59) speed= 7.6m/s  roll=  0.3 pitch=  7.3  dither=(-0.03,+0.15,-0.02)
  [113/180] yaw=-129.6 wind=(-0.43,-0.24) speed= 0.5m/s  roll= -7.3 pitch=  0.5  dither=(+0.06,+0.12,-0.09)
  [114/180] yaw=-130.8 wind=(-7.44, 0.54) speed= 7.5m/s  roll= -0.5 pitch=  8.5  dither=(-0.10,+0.12,-0.14)
  [115/180] yaw=-131.0 wind=(-7.55, 0.60) speed= 7.6m/s  roll=-16.7 pitch= 12.5  dither=(-0.02,+0.03,+0.06)
  [116/180] yaw=-139.1 wind=(-8.33,-1.34) speed= 8.4m/s  roll= -7.8 pitch= -2.8  dither=(+0.01,+0.00,-0.01)
  [117/180] yaw=-131.3 wind=( 1.03,-9.18) speed= 9.2m/s  roll=  5.1 pitch= -4.4  dither=(+0.06,-0.08,+0.01)
  [118/180] yaw=-128.7 wind=(-1.28,-1.82) speed= 2.2m/s  roll= 11.4 pitch= -5.3  dither=(+0.03,-0.06,+0.08)
  [119/180] yaw=-132.4 wind=(-6.34,-3.33) speed= 7.2m/s  roll=-17.4 pitch=  4.2  dither=(-0.15,-0.10,-0.04)
  [120/180] yaw=-126.0 wind=(-9.00,-1.47) speed= 9.1m/s  roll= -4.6 pitch= -0.5  dither=(-0.05,-0.04,+0.15)

============================================================
=== yaw 9/12: 목표 256도로 회전 중 (현재 -134.0도) ===
============================================================
  -> yaw -103.2도로 안정화
  [121/180] yaw=-98.2 wind=( 3.74,-3.20) speed= 4.9m/s  roll=  1.1 pitch=-10.2  dither=(-0.07,-0.08,-0.05)
  [122/180] yaw=-112.4 wind=( 2.16,-6.02) speed= 6.4m/s  roll=  5.0 pitch=  0.7  dither=(+0.06,-0.07,-0.01)
  [123/180] yaw=-96.9 wind=( 4.06, 0.38) speed= 4.1m/s  roll= -3.6 pitch= -2.3  dither=(-0.04,-0.15,+0.06)
  [124/180] yaw=-103.7 wind=(-1.40, 2.08) speed= 2.5m/s  roll= -7.8 pitch=  0.4  dither=(+0.10,-0.15,-0.01)
  [125/180] yaw=-103.9 wind=( 1.41, 2.51) speed= 2.9m/s  roll=-11.3 pitch= -3.3  dither=(+0.08,+0.11,-0.02)
  [126/180] yaw=-115.5 wind=( 2.44, 0.61) speed= 2.5m/s  roll=  4.2 pitch= -4.0  dither=(-0.01,-0.15,+0.04)
  [127/180] yaw=-106.0 wind=(-3.09,-4.18) speed= 5.2m/s  roll=  2.8 pitch= 13.4  dither=(-0.01,+0.06,-0.15)
  [128/180] yaw=-105.7 wind=( 0.65, 6.81) speed= 6.8m/s  roll=  0.2 pitch= -9.0  dither=(-0.07,-0.15,+0.14)
  [129/180] yaw=-105.5 wind=(-2.57,-1.64) speed= 3.0m/s  roll= 13.4 pitch=  2.1  dither=(+0.15,-0.06,-0.03)
  [130/180] yaw=-104.0 wind=( 0.12, 1.53) speed= 1.5m/s  roll=  0.6 pitch= -3.4  dither=(-0.01,+0.09,-0.08)
  [131/180] yaw=-100.2 wind=(-3.84,-7.24) speed= 8.2m/s  roll=  5.2 pitch= -9.8  dither=(-0.01,-0.03,-0.01)
  [132/180] yaw=-109.8 wind=( 2.84, 4.55) speed= 5.4m/s  roll= -5.5 pitch= -0.1  dither=(+0.12,-0.14,+0.03)
  [133/180] yaw=-101.6 wind=(-0.43, 0.25) speed= 0.5m/s  roll= -9.7 pitch=  1.3  dither=(-0.09,+0.12,-0.09)
  [134/180] yaw=-110.1 wind=( 0.21,-0.06) speed= 0.2m/s  roll= -1.6 pitch=  7.0  dither=(-0.04,-0.10,+0.02)
  [135/180] yaw=-95.3 wind=( 3.50,-6.33) speed= 7.2m/s  roll=  3.2 pitch=  3.7  dither=(+0.07,-0.01,-0.01)

============================================================
=== yaw 10/12: 목표 286도로 회전 중 (현재 -110.5도) ===
============================================================
  -> yaw -74.5도로 안정화
  [136/180] yaw=-80.0 wind=(-0.30,-1.81) speed= 1.8m/s  roll=  0.2 pitch= -3.7  dither=(-0.07,+0.08,-0.12)
  [137/180] yaw=-68.6 wind=( 3.31, 3.16) speed= 4.6m/s  roll= -5.6 pitch=-12.1  dither=(+0.04,+0.01,+0.03)
  [138/180] yaw=-63.5 wind=(-1.92,-1.12) speed= 2.2m/s  roll= -3.8 pitch=  4.9  dither=(+0.05,+0.14,+0.10)
  [139/180] yaw=-80.5 wind=( 1.69,-2.53) speed= 3.0m/s  roll= -2.6 pitch=-14.6  dither=(-0.03,-0.08,-0.15)
  [140/180] yaw=-67.0 wind=(-0.07,-0.48) speed= 0.5m/s  roll=  3.5 pitch= -2.1  dither=(+0.09,-0.06,-0.00)
  [141/180] yaw=-67.8 wind=( 3.22, 0.43) speed= 3.3m/s  roll= -2.5 pitch=  9.7  dither=(+0.05,-0.11,-0.05)
  [142/180] yaw=-64.0 wind=(-0.62, 9.33) speed= 9.4m/s  roll= -5.4 pitch=  8.1  dither=(-0.08,-0.15,-0.15)
  [143/180] yaw=-70.0 wind=( 2.66,-5.69) speed= 6.3m/s  roll= -5.9 pitch=  5.0  dither=(+0.00,+0.09,-0.04)
  [144/180] yaw=-77.4 wind=( 0.84,-1.83) speed= 2.0m/s  roll=  3.3 pitch=  2.2  dither=(-0.04,-0.01,+0.13)
  [145/180] yaw=-68.0 wind=(-4.41, 2.44) speed= 5.0m/s  roll= -8.4 pitch= 12.1  dither=(-0.05,-0.03,+0.15)
  [146/180] yaw=-78.5 wind=(-2.47,-0.29) speed= 2.5m/s  roll=  6.4 pitch= -4.3  dither=(-0.05,+0.15,-0.08)
  [147/180] yaw=-62.8 wind=( 4.04,-2.27) speed= 4.6m/s  roll= -4.3 pitch= -5.4  dither=(-0.15,+0.01,+0.01)
  [148/180] yaw=-66.4 wind=( 4.27,-2.60) speed= 5.0m/s  roll=  0.5 pitch= -3.3  dither=(-0.08,-0.09,-0.15)
  [149/180] yaw=-63.7 wind=( 5.00, 3.63) speed= 6.2m/s  roll= -8.3 pitch= -2.4  dither=(-0.14,+0.15,-0.10)
  [150/180] yaw=-76.8 wind=( 2.31, 2.41) speed= 3.3m/s  roll=  2.3 pitch=  5.5  dither=(+0.13,+0.04,+0.06)

============================================================
=== yaw 11/12: 목표 316도로 회전 중 (현재 -68.9도) ===
============================================================
  -> yaw -45.4도로 안정화
  [151/180] yaw=-46.1 wind=( 0.16, 0.02) speed= 0.2m/s  roll= -0.7 pitch=  4.9  dither=(-0.15,-0.04,-0.15)
  [152/180] yaw=-43.8 wind=( 6.11,-6.13) speed= 8.6m/s  roll=  2.1 pitch= -9.5  dither=(+0.02,-0.03,+0.15)
  [153/180] yaw=-44.9 wind=( 0.25,-0.24) speed= 0.3m/s  roll= -7.0 pitch=  1.6  dither=(+0.05,-0.07,-0.11)
  [154/180] yaw=-43.2 wind=(-0.40,-4.55) speed= 4.6m/s  roll= 10.8 pitch=  6.6  dither=(+0.11,+0.08,+0.10)
  [155/180] yaw=-36.0 wind=(-6.23,-0.12) speed= 6.2m/s  roll=  0.6 pitch=  9.8  dither=(-0.11,+0.03,-0.09)
  [156/180] yaw=-36.4 wind=( 5.39, 1.65) speed= 5.6m/s  roll= -9.4 pitch= 14.5  dither=(+0.08,+0.10,-0.10)
  [157/180] yaw=-45.4 wind=(-1.67,-6.14) speed= 6.4m/s  roll= -1.9 pitch= -8.0  dither=(-0.00,+0.10,-0.01)
  [158/180] yaw=-38.2 wind=(-5.55, 1.94) speed= 5.9m/s  roll= -6.9 pitch=  3.1  dither=(-0.15,-0.09,+0.06)
  [159/180] yaw=-46.4 wind=(-4.43,-5.68) speed= 7.2m/s  roll=  5.6 pitch= -6.1  dither=(-0.15,-0.00,+0.09)
  [160/180] yaw=-39.2 wind=( 7.18,-0.51) speed= 7.2m/s  roll=  5.0 pitch= -8.1  dither=(+0.04,-0.04,+0.04)
  [161/180] yaw=-36.9 wind=( 0.02, 6.28) speed= 6.3m/s  roll= -7.7 pitch=  7.6  dither=(-0.04,+0.01,+0.06)
  [162/180] yaw=-39.2 wind=(-4.79, 7.55) speed= 8.9m/s  roll= -7.3 pitch=  4.1  dither=(-0.09,+0.04,-0.09)
  [163/180] yaw=-51.9 wind=( 4.74,-5.71) speed= 7.4m/s  roll= 21.6 pitch= -4.5  dither=(+0.08,+0.10,-0.06)
  [164/180] yaw=-50.2 wind=( 0.44, 0.17) speed= 0.5m/s  roll= -9.8 pitch= -1.2  dither=(-0.10,-0.05,-0.05)
  [165/180] yaw=-38.2 wind=( 1.39, 2.66) speed= 3.0m/s  roll= -4.4 pitch=  0.6  dither=(+0.01,+0.03,+0.09)

============================================================
=== yaw 12/12: 목표 346도로 회전 중 (현재 -32.8도) ===
============================================================
  -> yaw -15.8도로 안정화
  [166/180] yaw= -0.2 wind=( 1.50,-3.30) speed= 3.6m/s  roll=  2.2 pitch= -0.9  dither=(+0.15,+0.00,+0.05)
  [167/180] yaw=-18.8 wind=(-8.44, 2.16) speed= 8.7m/s  roll=  9.4 pitch= 24.6  dither=(-0.02,+0.09,-0.00)
  [168/180] yaw=-14.9 wind=(-4.19, 0.96) speed= 4.3m/s  roll= -0.4 pitch=  1.2  dither=(+0.13,-0.06,+0.02)
  [169/180] yaw=-11.6 wind=(-0.43,-0.39) speed= 0.6m/s  roll=  0.1 pitch=  4.2  dither=(+0.15,+0.10,+0.06)
  [170/180] yaw=-13.9 wind=(-1.43,-0.77) speed= 1.6m/s  roll= -2.3 pitch= -2.2  dither=(-0.09,+0.08,+0.00)
  [171/180] yaw=-14.7 wind=(-4.51,-8.53) speed= 9.6m/s  roll= 12.7 pitch=  3.8  dither=(+0.03,+0.00,-0.06)
  [172/180] yaw= -8.6 wind=( 1.63, 0.56) speed= 1.7m/s  roll= -6.5 pitch= -1.2  dither=(-0.15,-0.02,-0.07)
  [173/180] yaw=-18.9 wind=( 0.22, 0.23) speed= 0.3m/s  roll= -2.1 pitch= -0.4  dither=(-0.03,-0.05,-0.05)
  [174/180] yaw= -5.7 wind=( 7.45, 0.51) speed= 7.5m/s  roll=  8.4 pitch= -4.7  dither=(+0.07,+0.15,+0.15)
  [175/180] yaw=-15.3 wind=(-5.14,-7.97) speed= 9.5m/s  roll=  8.5 pitch= -4.6  dither=(+0.06,+0.10,-0.02)
  [176/180] yaw=-16.5 wind=(-0.09,-1.14) speed= 1.1m/s  roll=-15.4 pitch= -1.8  dither=(-0.14,-0.04,-0.11)
  [177/180] yaw=-15.9 wind=(-0.60,-0.12) speed= 0.6m/s  roll=-15.3 pitch= -2.8  dither=(-0.15,-0.02,-0.09)
  [178/180] yaw=-12.8 wind=(-2.74, 7.89) speed= 8.4m/s  roll=-10.2 pitch=  4.7  dither=(-0.03,+0.04,-0.01)
  [179/180] yaw=-19.2 wind=(-2.73, 2.54) speed= 3.7m/s  roll=  0.1 pitch=  3.7  dither=(+0.07,-0.06,+0.01)
  [180/180] yaw= -7.0 wind=(-6.47, 6.53) speed= 9.2m/s  roll= 11.9 pitch=  5.9  dither=(+0.15,+0.08,-0.08)

데이터 수집 완료. CSV 저장됨: ../../logs/wind_random_dither_20260816_082428_yaw16p0_n12x15_speed0-10_seed9042.csv
[송신 간격 통계] 목표=50ms  평균=50.0ms  최대=68.1ms  임계치 초과=0/65328

--- Offboard 종료 ---

--- Landing ---
-> 착륙 완료 및 디스암 확인

무작위 바람+토크 더더링 데이터 수집 완료.
  [수집] 세션 9 완료 (시도 1/3)
  [그래프] /home/ssh2003/MyProjects/quad-pinn-project/logs/wind_random_dither_20260816_082428_yaw16p0_n12x15_speed0-10_seed9042.csv 요약 PNG 생성 중...
    findfont: Failed to find font weight normal, now using 100.
    /home/ssh2003/MyProjects/quad-pinn-project/sim_scripts/data_collection/plot_session_grid.py:106: UserWarning: This figure includes Axes that are not compatible with tight_layout, so results might be incorrect.
      fig.tight_layout(rect=[0, 0, 0.92, 0.94])
    findfont: Failed to find font weight normal, now using 100.
    findfont: Failed to find font weight normal, now using 100.
    findfont: Failed to find font weight normal, now using 100.
    findfont: Failed to find font weight normal, now using 100.
    저장됨: /home/ssh2003/MyProjects/quad-pinn-project/figures/wind_random_20260816_034808_n12x15_td15/session_wind_random_dither_20260816_082428_yaw16p0_n12x15_speed0-10_seed9042.png

############################################################
# 세션 10/15
############################################################
  [SITL] 기존 프로세스 정리 중 (정상종료 시도)...
Terminated
  [SITL] 강제 정리 (남아있는 프로세스 있으면)...
  [SITL] 재시작 중...
  [SITL] px4 프로세스 감지됨 (1s). 안정화 대기 15s...
  [수집] 시작 (seed=10042, yaw-offset=18.000도, 시도 1/3, 타임아웃 4196초)
PX4 SITL에 연결 시도 중...
-> 드론에 연결됨!
GPS/홈 위치 확인 중...
-> 전역 위치 및 홈 위치 준비 완료

[확인] PX4 SITL이 'windy' 월드로 실행 중인지 확인할 것.

--- Arming ---
-> Armed

--- Takeoff ---
  안전 고도(1.5m) 도달 대기 중...
  -> 안전 고도 도달 (relative_altitude=1.50m)

--- Offboard 진입 준비: 초기 setpoint(현재 위치 고정) 전송 ---

--- Offboard 모드 시작 ---

CSV 로그 저장 경로: ../../logs/wind_random_dither_20260816_091941_yaw18p0_n12x15_speed0-10_seed10042.csv
더더링: OU 프로세스 tau=0.3s sigma=0.1 clamp=±0.15

yaw 12방향(offset=18.0도) x 방향당 바람조건 15개 = 총 180개 수집 시작 (조건당 15초, 예상 총 소요 51.0분 + yaw 회전 시간)

============================================================
=== yaw 1/12: 목표 18도로 회전 중 (현재 90.6도) ===
============================================================
  -> yaw 19.0도로 안정화
  [1/180] yaw= 21.8 wind=(-2.69, 2.40) speed= 3.6m/s  roll= -3.3 pitch= 10.3  dither=(-0.15,-0.01,+0.15)
  [2/180] yaw= 17.7 wind=( 2.45,-0.28) speed= 2.5m/s  roll=  7.5 pitch=  4.6  dither=(+0.03,-0.10,-0.07)
  [3/180] yaw=  9.8 wind=( 0.87, 6.23) speed= 6.3m/s  roll= -7.7 pitch= -6.6  dither=(-0.07,+0.07,+0.04)
  [4/180] yaw= 30.1 wind=(-1.00,-5.79) speed= 5.9m/s  roll=  2.8 pitch=-23.5  dither=(+0.01,-0.14,-0.05)
  [5/180] yaw= 22.5 wind=(-3.43,-3.73) speed= 5.1m/s  roll= -2.5 pitch= -9.8  dither=(-0.09,-0.00,-0.06)
  [6/180] yaw= 23.0 wind=(-0.37, 0.13) speed= 0.4m/s  roll=  5.8 pitch= -0.1  dither=(+0.11,-0.01,+0.06)
  [7/180] yaw= 12.6 wind=(-1.09,-1.31) speed= 1.7m/s  roll=  3.6 pitch= -8.6  dither=(+0.05,-0.06,-0.01)
  [8/180] yaw=  9.1 wind=(-6.62, 0.30) speed= 6.6m/s  roll=  7.1 pitch=  7.2  dither=(+0.15,-0.11,-0.08)
  [9/180] yaw= 19.0 wind=(-0.65,-1.71) speed= 1.8m/s  roll=-13.3 pitch= -1.5  dither=(-0.15,+0.04,-0.15)
  [10/180] yaw= 16.9 wind=(-3.10, 8.97) speed= 9.5m/s  roll= 18.1 pitch= -0.8  dither=(-0.03,-0.06,-0.12)
  [11/180] yaw=  9.1 wind=(-2.39, 1.85) speed= 3.0m/s  roll=  2.7 pitch= -2.1  dither=(-0.02,+0.07,+0.08)
  [12/180] yaw= 25.4 wind=( 3.09,-1.42) speed= 3.4m/s  roll=  4.1 pitch=  1.1  dither=(+0.04,-0.08,-0.04)
  [13/180] yaw= 20.9 wind=(-1.31, 1.50) speed= 2.0m/s  roll= -2.8 pitch=  8.0  dither=(-0.12,+0.15,-0.01)
  [14/180] yaw= 26.3 wind=(-5.52, 4.79) speed= 7.3m/s  roll=  2.1 pitch= -1.0  dither=(-0.05,-0.02,+0.07)
  [15/180] yaw= 27.8 wind=( 0.41,-3.04) speed= 3.1m/s  roll=-13.2 pitch=  2.1  dither=(-0.11,+0.13,+0.07)

============================================================
=== yaw 2/12: 목표 48도로 회전 중 (현재 11.7도) ===
============================================================
  -> yaw 50.5도로 안정화
  [16/180] yaw= 58.8 wind=(-0.37, 0.76) speed= 0.8m/s  roll=  9.0 pitch= -0.1  dither=(+0.01,+0.10,+0.07)
  [17/180] yaw= 44.3 wind=(-0.26, 4.28) speed= 4.3m/s  roll= 11.7 pitch= -8.9  dither=(+0.07,+0.10,-0.04)
  [18/180] yaw= 32.1 wind=(-4.18, 2.78) speed= 5.0m/s  roll=  8.4 pitch=  0.3  dither=(-0.15,-0.03,-0.15)
  [19/180] yaw= 46.1 wind=(-5.20,-6.53) speed= 8.3m/s  roll=  2.6 pitch=-15.2  dither=(-0.05,-0.07,-0.06)
  [20/180] yaw= 40.0 wind=( 0.94, 0.68) speed= 1.2m/s  roll=  3.3 pitch=  1.9  dither=(-0.11,+0.15,+0.15)
  [21/180] yaw= 47.5 wind=( 2.78,-0.28) speed= 2.8m/s  roll=  2.1 pitch= -0.5  dither=(-0.03,+0.05,-0.01)
  [22/180] yaw= 53.3 wind=( 3.38, 3.95) speed= 5.2m/s  roll= 10.3 pitch=  8.6  dither=(+0.08,-0.11,-0.02)
  [23/180] yaw= 54.8 wind=(-2.20, 5.31) speed= 5.7m/s  roll= 24.2 pitch=  0.7  dither=(-0.02,-0.01,-0.07)
  [24/180] yaw= 48.6 wind=( 7.25,-0.96) speed= 7.3m/s  roll=  7.6 pitch=  6.4  dither=(-0.00,+0.02,+0.11)
  [25/180] yaw= 57.3 wind=(-0.42, 1.92) speed= 2.0m/s  roll=  3.6 pitch= -1.3  dither=(-0.01,+0.05,+0.09)
  [26/180] yaw= 52.0 wind=( 2.38, 4.57) speed= 5.2m/s  roll= -0.6 pitch= -0.9  dither=(+0.10,-0.05,+0.15)
  [27/180] yaw= 50.1 wind=( 2.18, 1.53) speed= 2.7m/s  roll=-12.3 pitch=  0.5  dither=(-0.04,-0.15,-0.10)
  [28/180] yaw= 58.1 wind=(-4.59,-6.72) speed= 8.1m/s  roll=  8.8 pitch= -8.8  dither=(+0.03,-0.15,-0.01)
  [29/180] yaw= 39.5 wind=( 0.90, 1.44) speed= 1.7m/s  roll= -0.3 pitch=  4.7  dither=(-0.11,-0.15,-0.01)
  [30/180] yaw= 59.3 wind=(-5.81,-6.88) speed= 9.0m/s  roll= -1.4 pitch=-13.5  dither=(+0.03,+0.12,+0.06)

============================================================
=== yaw 3/12: 목표 78도로 회전 중 (현재 34.4도) ===
============================================================
  -> yaw 80.6도로 안정화
  [31/180] yaw= 73.6 wind=(-1.97, 0.31) speed= 2.0m/s  roll=  0.5 pitch= -1.5  dither=(+0.15,+0.01,+0.06)
  [32/180] yaw= 76.3 wind=( 4.51,-4.99) speed= 6.7m/s  roll= -2.9 pitch= 21.5  dither=(-0.02,+0.14,-0.08)
  [33/180] yaw= 74.7 wind=(-0.09,-0.08) speed= 0.1m/s  roll=  0.4 pitch=  4.8  dither=(+0.08,-0.09,+0.15)
  [34/180] yaw= 74.6 wind=( 9.79,-0.44) speed= 9.8m/s  roll= -3.1 pitch= -1.2  dither=(+0.11,-0.07,+0.04)
  [35/180] yaw= 72.3 wind=(-4.92,-2.54) speed= 5.5m/s  roll= -3.7 pitch=  6.6  dither=(-0.07,+0.15,+0.04)
  [36/180] yaw= 80.4 wind=(-2.98, 1.73) speed= 3.4m/s  roll=  4.1 pitch= -0.7  dither=(+0.06,-0.03,-0.04)
  [37/180] yaw= 82.1 wind=( 0.02,-0.00) speed= 0.0m/s  roll= -6.6 pitch= -3.8  dither=(-0.03,-0.03,+0.01)
  [38/180] yaw= 88.6 wind=( 3.17, 6.66) speed= 7.4m/s  roll=  9.2 pitch= 11.3  dither=(+0.03,+0.00,+0.01)
  [39/180] yaw= 67.3 wind=(-2.23,-5.62) speed= 6.0m/s  roll= -7.2 pitch=-16.4  dither=(+0.04,-0.03,+0.11)
  [40/180] yaw= 82.5 wind=( 8.69,-2.70) speed= 9.1m/s  roll=  0.8 pitch= 13.7  dither=(-0.10,+0.13,+0.06)
  [41/180] yaw= 90.9 wind=(-0.19,-0.55) speed= 0.6m/s  roll=  1.3 pitch= -4.6  dither=(+0.14,+0.06,+0.04)
  [42/180] yaw= 72.6 wind=(-2.93, 5.65) speed= 6.4m/s  roll=  2.4 pitch=  9.4  dither=(-0.15,+0.12,-0.04)
  [43/180] yaw= 66.2 wind=( 7.64,-1.84) speed= 7.9m/s  roll=  8.4 pitch= 16.9  dither=(+0.10,+0.12,-0.06)
  [44/180] yaw= 76.0 wind=( 7.35,-2.35) speed= 7.7m/s  roll=-17.2 pitch=  5.8  dither=(+0.08,+0.11,+0.08)
  [45/180] yaw= 72.8 wind=( 7.95, 4.91) speed= 9.3m/s  roll=  5.3 pitch= 17.6  dither=(+0.10,+0.09,+0.15)

============================================================
=== yaw 4/12: 목표 108도로 회전 중 (현재 74.8도) ===
============================================================
  -> yaw 105.3도로 안정화
  [46/180] yaw=109.8 wind=(-1.63,-2.22) speed= 2.8m/s  roll= -2.0 pitch= -4.8  dither=(+0.08,-0.09,+0.04)
  [47/180] yaw=113.3 wind=(-0.00,-0.19) speed= 0.2m/s  roll=  8.2 pitch=  8.3  dither=(-0.06,+0.13,-0.01)
  [48/180] yaw=106.8 wind=( 1.35,-0.12) speed= 1.4m/s  roll=  0.6 pitch=  9.9  dither=(+0.04,+0.01,-0.02)
  [49/180] yaw=106.8 wind=( 1.09,-2.28) speed= 2.5m/s  roll=  7.9 pitch= -6.5  dither=(+0.06,-0.15,+0.01)
  [50/180] yaw=103.4 wind=(-0.84,-5.00) speed= 5.1m/s  roll= -4.3 pitch=  4.4  dither=(+0.06,+0.15,+0.00)
  [51/180] yaw=115.3 wind=( 0.24,-3.38) speed= 3.4m/s  roll= -3.9 pitch=  3.7  dither=(+0.02,+0.12,+0.10)
  [52/180] yaw=105.4 wind=( 1.42,-4.17) speed= 4.4m/s  roll= -5.7 pitch=  4.0  dither=(+0.07,+0.03,+0.09)
  [53/180] yaw= 95.5 wind=( 5.27,-5.00) speed= 7.3m/s  roll= -2.6 pitch= -1.0  dither=(+0.14,-0.11,-0.15)
  [54/180] yaw=114.8 wind=( 5.85, 2.12) speed= 6.2m/s  roll= 14.4 pitch= -4.7  dither=(+0.12,+0.13,+0.15)
  [55/180] yaw=119.6 wind=(-3.62,-0.41) speed= 3.6m/s  roll=-12.6 pitch= -3.9  dither=(-0.15,+0.04,+0.06)
  [56/180] yaw=107.8 wind=( 1.42,-0.69) speed= 1.6m/s  roll= 16.1 pitch= -4.5  dither=(+0.15,-0.07,-0.01)
  [57/180] yaw=118.9 wind=(-9.63, 1.81) speed= 9.8m/s  roll= -9.6 pitch=-12.1  dither=(-0.01,-0.11,+0.05)
  [58/180] yaw= 92.4 wind=(-3.38, 0.57) speed= 3.4m/s  roll= -0.3 pitch=  2.6  dither=(+0.02,+0.09,-0.15)
  [59/180] yaw= 95.1 wind=( 1.73, 1.50) speed= 2.3m/s  roll= -5.8 pitch= -7.1  dither=(-0.15,+0.01,-0.15)
  [60/180] yaw=105.7 wind=(-5.19, 5.45) speed= 7.5m/s  roll=  5.1 pitch= -5.4  dither=(-0.01,-0.01,+0.11)

============================================================
=== yaw 5/12: 목표 138도로 회전 중 (현재 116.1도) ===
============================================================
  -> yaw 135.5도로 안정화
  [61/180] yaw=134.5 wind=(-3.06, 0.63) speed= 3.1m/s  roll= -7.8 pitch=  3.2  dither=(-0.09,-0.01,-0.04)
  [62/180] yaw=137.0 wind=( 5.59,-0.34) speed= 5.6m/s  roll=  6.8 pitch=  5.0  dither=(-0.15,+0.05,-0.08)
  [63/180] yaw=140.4 wind=( 1.83, 2.24) speed= 2.9m/s  roll= -0.1 pitch= -4.9  dither=(-0.01,-0.02,+0.14)
  [64/180] yaw=136.2 wind=(-1.77, 5.62) speed= 5.9m/s  roll=  5.9 pitch= -5.7  dither=(+0.13,-0.08,-0.08)
  [65/180] yaw=143.6 wind=( 1.73,-6.73) speed= 7.0m/s  roll= -2.4 pitch=  3.9  dither=(-0.06,-0.07,-0.13)
  [66/180] yaw=135.7 wind=( 0.51,-2.31) speed= 2.4m/s  roll=-10.3 pitch=  1.5  dither=(-0.11,+0.14,+0.08)
  [67/180] yaw=143.0 wind=( 1.33, 8.78) speed= 8.9m/s  roll= -1.6 pitch= -2.4  dither=(+0.01,-0.01,+0.07)
  [68/180] yaw=145.3 wind=( 1.55,-3.49) speed= 3.8m/s  roll=  3.1 pitch=-10.6  dither=(+0.10,+0.00,+0.04)
  [69/180] yaw=131.9 wind=(-5.20, 1.96) speed= 5.6m/s  roll= 12.5 pitch= -3.1  dither=(-0.15,-0.14,-0.00)
  [70/180] yaw=139.9 wind=( 2.72,-4.13) speed= 4.9m/s  roll=  2.8 pitch=  3.3  dither=(+0.15,-0.13,+0.02)
  [71/180] yaw=134.1 wind=(-0.16,-5.23) speed= 5.2m/s  roll=  0.7 pitch=  6.9  dither=(-0.08,+0.03,+0.09)
  [72/180] yaw=137.3 wind=(-4.22,-6.16) speed= 7.5m/s  roll= -0.4 pitch= -4.9  dither=(+0.01,-0.09,-0.00)
  [73/180] yaw=137.7 wind=( 4.42,-7.99) speed= 9.1m/s  roll= -3.5 pitch= 13.7  dither=(-0.03,+0.04,-0.15)
  [74/180] yaw=148.2 wind=(-0.87, 0.56) speed= 1.0m/s  roll= -7.5 pitch=  6.9  dither=(-0.11,+0.15,+0.07)
  [75/180] yaw=146.9 wind=(-4.96, 7.76) speed= 9.2m/s  roll= -4.7 pitch= -9.6  dither=(-0.12,-0.03,+0.06)

============================================================
=== yaw 6/12: 목표 168도로 회전 중 (현재 133.9도) ===
============================================================
  -> yaw 170.8도로 안정화
  [76/180] yaw=169.4 wind=(-0.26, 4.78) speed= 4.8m/s  roll=  2.6 pitch=-17.5  dither=(+0.02,-0.05,-0.09)
  [77/180] yaw=173.3 wind=( 1.29,-8.16) speed= 8.3m/s  roll=  7.8 pitch=  9.3  dither=(+0.07,-0.05,-0.15)
  [78/180] yaw=180.0 wind=(-7.50, 6.35) speed= 9.8m/s  roll= -8.7 pitch=-14.3  dither=(+0.01,-0.12,+0.01)
  [79/180] yaw=159.5 wind=(-0.97, 9.74) speed= 9.8m/s  roll= -6.2 pitch=  1.8  dither=(+0.06,+0.14,-0.11)
  [80/180] yaw=164.6 wind=( 0.23,-0.60) speed= 0.6m/s  roll=  7.9 pitch=  0.9  dither=(+0.15,-0.07,-0.15)
  [81/180] yaw=165.1 wind=( 5.10, 0.32) speed= 5.1m/s  roll= 10.4 pitch= -2.4  dither=(+0.10,-0.03,+0.04)
  [82/180] yaw=163.6 wind=(-2.29,-0.54) speed= 2.4m/s  roll=  0.8 pitch= -5.0  dither=(-0.15,+0.06,+0.11)
  [83/180] yaw=164.7 wind=( 5.64,-1.43) speed= 5.8m/s  roll= 19.2 pitch= -3.4  dither=(+0.15,+0.15,+0.07)
  [84/180] yaw=164.6 wind=( 0.30,-5.54) speed= 5.5m/s  roll= -4.5 pitch=  0.4  dither=(+0.15,+0.15,+0.06)
  [85/180] yaw=165.2 wind=(-2.40,-3.73) speed= 4.4m/s  roll=  9.7 pitch=  9.4  dither=(+0.02,-0.03,-0.00)
  [86/180] yaw=175.5 wind=( 0.55,-0.22) speed= 0.6m/s  roll= -2.4 pitch= 11.2  dither=(+0.15,+0.07,+0.15)
  [87/180] yaw=171.1 wind=( 0.04,-0.02) speed= 0.1m/s  roll= 11.4 pitch= -3.0  dither=(+0.04,+0.11,+0.02)
  [88/180] yaw=170.9 wind=(-3.75, 1.30) speed= 4.0m/s  roll=-14.7 pitch=  4.1  dither=(-0.05,+0.01,-0.04)
  [89/180] yaw=170.9 wind=(-1.00, 8.59) speed= 8.6m/s  roll=-11.2 pitch=  6.8  dither=(-0.02,-0.13,-0.08)
  [90/180] yaw=179.5 wind=(-0.89,-0.04) speed= 0.9m/s  roll=  5.4 pitch= -2.2  dither=(-0.06,-0.04,-0.01)

============================================================
=== yaw 7/12: 목표 198도로 회전 중 (현재 160.0도) ===
============================================================
  -> yaw -162.4도로 안정화
  [91/180] yaw=-167.9 wind=(-6.31, 0.74) speed= 6.4m/s  roll= -8.1 pitch= -5.7  dither=(-0.04,-0.10,-0.02)
  [92/180] yaw=-171.1 wind=(-2.73, 0.45) speed= 2.8m/s  roll= -5.0 pitch=  4.4  dither=(+0.01,-0.09,+0.01)
  [93/180] yaw=-154.8 wind=(-0.71,-5.19) speed= 5.2m/s  roll=  3.6 pitch= 11.6  dither=(-0.08,+0.04,-0.00)
  [94/180] yaw=-158.6 wind=(-2.80, 1.01) speed= 3.0m/s  roll= -1.6 pitch= -9.9  dither=(+0.10,-0.09,+0.03)
  [95/180] yaw=-152.5 wind=( 3.23, 2.18) speed= 3.9m/s  roll= 11.6 pitch= -7.4  dither=(-0.01,-0.03,+0.00)
  [96/180] yaw=-169.8 wind=( 8.42, 3.00) speed= 8.9m/s  roll= -4.5 pitch=-10.6  dither=(-0.08,+0.09,-0.15)
  [97/180] yaw=-168.6 wind=( 0.04, 1.22) speed= 1.2m/s  roll= -9.3 pitch=  0.2  dither=(-0.07,-0.05,-0.03)
  [98/180] yaw=-153.1 wind=( 2.33, 0.33) speed= 2.4m/s  roll=  5.5 pitch= 14.0  dither=(+0.08,+0.15,-0.03)
  [99/180] yaw=-162.7 wind=( 1.03, 0.24) speed= 1.1m/s  roll= -4.2 pitch=  1.7  dither=(+0.06,-0.02,-0.13)
  [100/180] yaw=-156.6 wind=(-0.43, 2.28) speed= 2.3m/s  roll= -5.7 pitch=  5.3  dither=(+0.14,+0.15,-0.02)
  [101/180] yaw=-171.6 wind=(-8.43, 3.67) speed= 9.2m/s  roll= -9.3 pitch= -1.1  dither=(-0.06,+0.09,-0.06)
  [102/180] yaw=-170.5 wind=(-8.81,-4.19) speed= 9.8m/s  roll= -0.6 pitch=  5.2  dither=(+0.12,-0.15,-0.13)
  [103/180] yaw=-165.0 wind=(-1.69,-1.07) speed= 2.0m/s  roll= -1.2 pitch=  6.9  dither=(+0.08,-0.00,+0.11)
  [104/180] yaw=-164.2 wind=( 2.44, 4.77) speed= 5.4m/s  roll= -9.2 pitch= -8.2  dither=(+0.10,+0.11,-0.05)
  [105/180] yaw=-177.9 wind=(-3.30,-5.85) speed= 6.7m/s  roll= -7.9 pitch= 11.8  dither=(-0.09,-0.01,+0.15)

============================================================
=== yaw 8/12: 목표 228도로 회전 중 (현재 -154.5도) ===
============================================================
  -> yaw -132.3도로 안정화
  [106/180] yaw=-124.2 wind=(-0.02,-0.06) speed= 0.1m/s  roll=  1.0 pitch=  0.3  dither=(+0.12,-0.11,-0.01)
  [107/180] yaw=-133.1 wind=( 0.46,-4.44) speed= 4.5m/s  roll= -8.2 pitch=  6.3  dither=(-0.03,+0.10,-0.06)
  [108/180] yaw=-134.2 wind=( 6.01, 3.09) speed= 6.8m/s  roll= -9.0 pitch= -0.5  dither=(+0.09,+0.01,+0.01)
  [109/180] yaw=-129.7 wind=( 2.35,-3.65) speed= 4.3m/s  roll=  3.8 pitch= -4.3  dither=(-0.07,-0.03,+0.06)
  [110/180] yaw=-119.5 wind=(-6.65,-4.11) speed= 7.8m/s  roll=  7.0 pitch= 11.9  dither=(+0.15,+0.15,-0.01)
  [111/180] yaw=-139.6 wind=( 0.59, 7.95) speed= 8.0m/s  roll=  6.1 pitch= -2.9  dither=(+0.14,+0.05,-0.08)
  [112/180] yaw=-134.2 wind=( 0.50,-5.25) speed= 5.3m/s  roll= -2.5 pitch=-10.8  dither=(+0.15,-0.05,+0.08)
  [113/180] yaw=-132.9 wind=( 1.24,-1.50) speed= 1.9m/s  roll= 14.8 pitch= -1.2  dither=(-0.03,-0.12,+0.06)
  [114/180] yaw=-135.3 wind=( 3.24,-4.80) speed= 5.8m/s  roll= -0.2 pitch=  2.5  dither=(+0.07,+0.01,-0.07)
  [115/180] yaw=-135.8 wind=(-0.70,-4.18) speed= 4.2m/s  roll=-13.4 pitch= -6.6  dither=(-0.09,+0.00,-0.15)
  [116/180] yaw=-141.4 wind=( 3.21, 1.02) speed= 3.4m/s  roll=  7.3 pitch=  2.4  dither=(-0.06,-0.13,-0.04)
  [117/180] yaw=-131.0 wind=(-2.41,-6.82) speed= 7.2m/s  roll=  1.0 pitch= -3.8  dither=(-0.05,+0.09,+0.15)
  [118/180] yaw=-125.6 wind=( 3.12, 1.79) speed= 3.6m/s  roll=  0.9 pitch= -8.8  dither=(+0.08,+0.07,+0.13)
  [119/180] yaw=-128.0 wind=(-6.46, 0.51) speed= 6.5m/s  roll= -3.6 pitch= -1.7  dither=(-0.10,+0.13,-0.11)
  [120/180] yaw=-126.9 wind=(-6.51, 0.69) speed= 6.5m/s  roll= -0.3 pitch= -5.9  dither=(+0.02,+0.04,+0.15)

============================================================
=== yaw 9/12: 목표 258도로 회전 중 (현재 -142.9도) ===
============================================================
  -> yaw -99.6도로 안정화
  [121/180] yaw=-100.8 wind=(-1.79,-0.56) speed= 1.9m/s  roll=  1.7 pitch= 12.4  dither=(+0.15,+0.12,+0.05)
  [122/180] yaw=-88.7 wind=( 0.94,-1.00) speed= 1.4m/s  roll=  9.4 pitch= -4.7  dither=(+0.10,-0.15,+0.09)
  [123/180] yaw=-112.7 wind=(-0.65, 1.19) speed= 1.4m/s  roll=  8.3 pitch= -8.4  dither=(-0.05,-0.07,-0.01)
  [124/180] yaw=-100.8 wind=( 2.20, 4.35) speed= 4.9m/s  roll=-12.4 pitch= -7.5  dither=(+0.02,-0.07,+0.04)
  [125/180] yaw=-102.8 wind=( 0.15,-0.41) speed= 0.4m/s  roll= -9.7 pitch=  7.6  dither=(-0.07,-0.06,-0.08)
  [126/180] yaw=-105.9 wind=(-0.48,-1.62) speed= 1.7m/s  roll=  1.7 pitch=  7.6  dither=(-0.01,-0.12,+0.06)
  [127/180] yaw=-110.0 wind=(-1.59, 6.18) speed= 6.4m/s  roll=-15.3 pitch=  4.9  dither=(-0.05,-0.06,+0.13)
  [128/180] yaw=-110.5 wind=(-1.83, 0.60) speed= 1.9m/s  roll= 11.0 pitch= -2.1  dither=(+0.10,+0.01,+0.07)
  [129/180] yaw=-104.7 wind=( 3.52, 3.38) speed= 4.9m/s  roll= -7.5 pitch= -3.6  dither=(+0.08,+0.04,-0.13)
  [130/180] yaw=-101.6 wind=( 0.62,-0.22) speed= 0.7m/s  roll=  4.8 pitch= 10.2  dither=(+0.08,-0.00,-0.08)
  [131/180] yaw=-116.8 wind=(-1.11,-6.24) speed= 6.3m/s  roll=  7.8 pitch= 13.5  dither=(-0.07,+0.11,-0.10)
  [132/180] yaw=-113.1 wind=(-2.84, 5.16) speed= 5.9m/s  roll= -3.2 pitch=  9.4  dither=(-0.10,+0.11,+0.13)
  [133/180] yaw=-105.4 wind=( 4.26,-8.90) speed= 9.9m/s  roll= 10.1 pitch= -2.8  dither=(-0.08,-0.09,+0.01)
  [134/180] yaw=-113.4 wind=(-3.87,-0.53) speed= 3.9m/s  roll=  7.0 pitch=  1.3  dither=(+0.10,-0.15,+0.05)
  [135/180] yaw=-102.0 wind=(-2.33, 3.81) speed= 4.5m/s  roll= -4.1 pitch=  2.6  dither=(+0.09,+0.00,+0.04)

============================================================
=== yaw 10/12: 목표 288도로 회전 중 (현재 -95.1도) ===
============================================================
  -> yaw -74.6도로 안정화
  [136/180] yaw=-77.5 wind=( 3.61,-0.19) speed= 3.6m/s  roll= -2.8 pitch= -3.6  dither=(+0.02,+0.07,+0.15)
  [137/180] yaw=-62.0 wind=(-7.14, 2.34) speed= 7.5m/s  roll= -3.1 pitch=  9.3  dither=(-0.02,-0.14,+0.10)
  [138/180] yaw=-64.0 wind=(-3.09, 0.26) speed= 3.1m/s  roll= -5.1 pitch=  6.6  dither=(-0.15,+0.10,-0.05)
  [139/180] yaw=-79.0 wind=(-4.17,-0.23) speed= 4.2m/s  roll= -7.7 pitch= -3.4  dither=(+0.04,+0.03,+0.02)
  [140/180] yaw=-58.5 wind=( 2.53, 2.78) speed= 3.8m/s  roll=-10.5 pitch=-13.7  dither=(+0.06,-0.12,-0.01)
  [141/180] yaw=-70.1 wind=( 4.43,-4.24) speed= 6.1m/s  roll=  8.0 pitch= -9.8  dither=(+0.13,+0.01,+0.09)
  [142/180] yaw=-68.9 wind=(-0.53, 1.62) speed= 1.7m/s  roll=  6.3 pitch=  3.1  dither=(-0.04,-0.08,-0.06)
  [143/180] yaw=-76.0 wind=( 0.62, 6.79) speed= 6.8m/s  roll= -9.9 pitch=  5.5  dither=(-0.15,+0.08,-0.15)
  [144/180] yaw=-79.2 wind=(-8.02, 1.65) speed= 8.2m/s  roll=  4.9 pitch=  9.1  dither=(+0.05,-0.05,+0.10)
  [145/180] yaw=-74.0 wind=( 3.32,-6.62) speed= 7.4m/s  roll=  3.3 pitch=  3.6  dither=(-0.02,+0.01,-0.03)
  [146/180] yaw=-64.6 wind=( 2.13,-1.89) speed= 2.8m/s  roll= -1.0 pitch= -1.7  dither=(-0.07,+0.04,+0.03)
  [147/180] yaw=-82.4 wind=( 0.49,-1.21) speed= 1.3m/s  roll=  3.3 pitch= 11.2  dither=(-0.06,+0.08,-0.11)
  [148/180] yaw=-71.4 wind=( 1.50, 0.12) speed= 1.5m/s  roll= -2.1 pitch= -3.6  dither=(+0.04,+0.15,-0.04)
  [149/180] yaw=-80.8 wind=( 4.69,-2.47) speed= 5.3m/s  roll= -2.7 pitch= -4.9  dither=(-0.05,+0.15,-0.02)
  [150/180] yaw=-69.0 wind=( 9.60, 0.94) speed= 9.6m/s  roll=  1.1 pitch=-13.5  dither=(-0.05,-0.08,+0.10)

============================================================
=== yaw 11/12: 목표 318도로 회전 중 (현재 -61.2도) ===
============================================================
  -> yaw -43.5도로 안정화
  [151/180] yaw=-28.7 wind=(-4.58, 0.51) speed= 4.6m/s  roll=  1.0 pitch=  8.2  dither=(+0.11,-0.03,+0.10)
  [152/180] yaw=-39.4 wind=( 3.62, 2.92) speed= 4.6m/s  roll= -0.4 pitch= -0.3  dither=(-0.03,-0.00,+0.15)
  [153/180] yaw=-39.2 wind=(-0.79, 2.07) speed= 2.2m/s  roll=  3.6 pitch= -4.6  dither=(+0.13,+0.07,+0.15)
  [154/180] yaw=-39.7 wind=( 1.52,-0.49) speed= 1.6m/s  roll=  7.9 pitch=  2.3  dither=(+0.04,-0.09,-0.04)
  [155/180] yaw=-53.2 wind=( 0.56,-2.66) speed= 2.7m/s  roll=  1.5 pitch= -8.9  dither=(+0.05,-0.13,-0.12)
  [156/180] yaw=-39.1 wind=( 5.14, 6.52) speed= 8.3m/s  roll=-12.1 pitch= -5.5  dither=(+0.04,+0.06,+0.05)
  [157/180] yaw=-54.4 wind=(-2.12,-7.32) speed= 7.6m/s  roll=  8.7 pitch=  2.7  dither=(+0.05,-0.07,+0.02)
  [158/180] yaw=-51.6 wind=(-0.29,-0.24) speed= 0.4m/s  roll= -0.8 pitch=  1.3  dither=(+0.04,+0.15,-0.13)
  [159/180] yaw=-44.2 wind=(-0.04, 0.67) speed= 0.7m/s  roll=  2.4 pitch=  4.2  dither=(+0.11,+0.15,+0.06)
  [160/180] yaw=-46.7 wind=(-3.22,-9.15) speed= 9.7m/s  roll= -5.0 pitch= -1.3  dither=(-0.02,+0.09,-0.01)
  [161/180] yaw=-38.3 wind=( 0.11,-0.18) speed= 0.2m/s  roll= -1.0 pitch= -0.2  dither=(+0.03,-0.15,+0.08)
  [162/180] yaw=-47.6 wind=(-0.57, 2.78) speed= 2.8m/s  roll=  7.8 pitch= -3.4  dither=(+0.15,-0.01,+0.05)
  [163/180] yaw=-47.2 wind=( 3.78, 9.16) speed= 9.9m/s  roll=-12.2 pitch=  2.3  dither=(-0.14,-0.15,+0.07)
  [164/180] yaw=-52.7 wind=(-7.34, 5.83) speed= 9.4m/s  roll=  6.7 pitch=  7.8  dither=(+0.06,+0.05,-0.15)
  [165/180] yaw=-35.6 wind=(-8.13,-2.33) speed= 8.5m/s  roll=  7.2 pitch=  7.0  dither=(+0.05,-0.04,+0.03)

============================================================
=== yaw 12/12: 목표 348도로 회전 중 (현재 -49.6도) ===
============================================================
  -> yaw -10.3도로 안정화
  [166/180] yaw=-11.3 wind=(-2.72,-4.12) speed= 4.9m/s  roll= 10.3 pitch=-11.4  dither=(+0.04,-0.03,-0.04)
  [167/180] yaw= -1.1 wind=(-7.10, 1.99) speed= 7.4m/s  roll=  1.1 pitch=  4.2  dither=(+0.10,-0.01,+0.07)
  [168/180] yaw=-21.8 wind=(-4.53, 1.19) speed= 4.7m/s  roll= 10.5 pitch= -1.1  dither=(+0.00,+0.06,+0.14)
  [169/180] yaw=-18.3 wind=( 0.16, 9.21) speed= 9.2m/s  roll= -1.2 pitch=  1.2  dither=(+0.02,-0.12,+0.10)
  [170/180] yaw=-12.5 wind=( 0.98,-9.23) speed= 9.3m/s  roll= -0.7 pitch= -8.3  dither=(-0.13,+0.06,-0.10)
  [171/180] yaw=-16.1 wind=(-0.87,-0.23) speed= 0.9m/s  roll= -1.1 pitch= -2.1  dither=(+0.14,-0.01,+0.03)
  [172/180] yaw= -2.9 wind=( 2.66, 7.68) speed= 8.1m/s  roll=  7.9 pitch=  2.5  dither=(+0.15,+0.06,+0.15)
  [173/180] yaw=-12.1 wind=( 1.08,-0.18) speed= 1.1m/s  roll=  3.3 pitch= -5.0  dither=(+0.10,-0.09,+0.07)
  [174/180] yaw=-10.3 wind=(-8.34, 2.83) speed= 8.8m/s  roll=  6.6 pitch=  9.7  dither=(-0.12,+0.04,-0.13)
  [175/180] yaw=-14.5 wind=( 0.84,-0.93) speed= 1.2m/s  roll= -0.5 pitch= -6.6  dither=(+0.05,+0.00,+0.04)
  [176/180] yaw=-27.9 wind=(-0.61, 9.08) speed= 9.1m/s  roll= 10.2 pitch= -1.3  dither=(+0.05,-0.15,+0.06)
  [177/180] yaw=-14.9 wind=( 2.86,-4.21) speed= 5.1m/s  roll=-15.3 pitch=  0.4  dither=(-0.05,+0.07,+0.09)
  [178/180] yaw=-16.3 wind=(-0.06, 0.01) speed= 0.1m/s  roll=  4.1 pitch= -6.7  dither=(+0.02,+0.09,+0.08)
  [179/180] yaw= -6.3 wind=(-1.11,-0.70) speed= 1.3m/s  roll= -6.9 pitch=  5.8  dither=(-0.09,+0.01,-0.10)
  [180/180] yaw= -6.6 wind=(-1.25,-6.66) speed= 6.8m/s  roll= -4.0 pitch= -1.1  dither=(-0.05,-0.03,+0.08)

데이터 수집 완료. CSV 저장됨: ../../logs/wind_random_dither_20260816_091941_yaw18p0_n12x15_speed0-10_seed10042.csv
[송신 간격 통계] 목표=50ms  평균=50.0ms  최대=68.4ms  임계치 초과=0/65235

--- Offboard 종료 ---

--- Landing ---
-> 착륙 완료 및 디스암 확인

무작위 바람+토크 더더링 데이터 수집 완료.
  [수집] 세션 10 완료 (시도 1/3)
  [그래프] /home/ssh2003/MyProjects/quad-pinn-project/logs/wind_random_dither_20260816_091941_yaw18p0_n12x15_speed0-10_seed10042.csv 요약 PNG 생성 중...
    findfont: Failed to find font weight normal, now using 100.
    /home/ssh2003/MyProjects/quad-pinn-project/sim_scripts/data_collection/plot_session_grid.py:106: UserWarning: This figure includes Axes that are not compatible with tight_layout, so results might be incorrect.
      fig.tight_layout(rect=[0, 0, 0.92, 0.94])
    findfont: Failed to find font weight normal, now using 100.
    findfont: Failed to find font weight normal, now using 100.
    findfont: Failed to find font weight normal, now using 100.
    findfont: Failed to find font weight normal, now using 100.
    저장됨: /home/ssh2003/MyProjects/quad-pinn-project/figures/wind_random_20260816_034808_n12x15_td15/session_wind_random_dither_20260816_091941_yaw18p0_n12x15_speed0-10_seed10042.png

############################################################
# 세션 11/15
############################################################
  [SITL] 기존 프로세스 정리 중 (정상종료 시도)...
Terminated
  [SITL] 강제 정리 (남아있는 프로세스 있으면)...
  [SITL] 재시작 중...
  [SITL] px4 프로세스 감지됨 (1s). 안정화 대기 15s...
  [수집] 시작 (seed=11042, yaw-offset=20.000도, 시도 1/3, 타임아웃 4196초)
PX4 SITL에 연결 시도 중...
-> 드론에 연결됨!
GPS/홈 위치 확인 중...
-> 전역 위치 및 홈 위치 준비 완료

[확인] PX4 SITL이 'windy' 월드로 실행 중인지 확인할 것.

--- Arming ---
-> Armed

--- Takeoff ---
  안전 고도(1.5m) 도달 대기 중...
  -> 안전 고도 도달 (relative_altitude=1.51m)

--- Offboard 진입 준비: 초기 setpoint(현재 위치 고정) 전송 ---

--- Offboard 모드 시작 ---

CSV 로그 저장 경로: ../../logs/wind_random_dither_20260816_101452_yaw20p0_n12x15_speed0-10_seed11042.csv
더더링: OU 프로세스 tau=0.3s sigma=0.1 clamp=±0.15

yaw 12방향(offset=20.0도) x 방향당 바람조건 15개 = 총 180개 수집 시작 (조건당 15초, 예상 총 소요 51.0분 + yaw 회전 시간)

============================================================
=== yaw 1/12: 목표 20도로 회전 중 (현재 91.0도) ===
============================================================
  -> yaw 22.7도로 안정화
  [1/180] yaw= 21.1 wind=( 1.62,-4.40) speed= 4.7m/s  roll= -4.8 pitch=-11.2  dither=(+0.04,-0.07,+0.15)
  [2/180] yaw= 29.7 wind=( 0.19, 1.51) speed= 1.5m/s  roll=  9.2 pitch=  2.3  dither=(+0.09,-0.05,-0.02)
  [3/180] yaw= 26.3 wind=( 0.89,-6.54) speed= 6.6m/s  roll=-10.9 pitch=-12.4  dither=(-0.15,-0.04,+0.01)
  [4/180] yaw= 16.5 wind=( 2.86, 4.39) speed= 5.2m/s  roll=  0.9 pitch= -1.3  dither=(+0.15,-0.15,-0.09)
  [5/180] yaw= 31.8 wind=( 5.44, 7.10) speed= 8.9m/s  roll= -6.7 pitch=  6.0  dither=(+0.01,-0.02,+0.15)
  [6/180] yaw= 29.2 wind=(-0.91,-1.08) speed= 1.4m/s  roll=-12.9 pitch= -1.7  dither=(-0.05,+0.08,-0.03)
  [7/180] yaw= 24.9 wind=(-3.63, 1.83) speed= 4.1m/s  roll= 12.4 pitch=  5.6  dither=(+0.05,+0.12,-0.04)
  [8/180] yaw= 15.8 wind=(-6.31,-1.60) speed= 6.5m/s  roll=  1.1 pitch=  0.5  dither=(-0.06,-0.03,-0.12)
  [9/180] yaw= 11.1 wind=( 2.51,-1.93) speed= 3.2m/s  roll=  5.0 pitch=  3.1  dither=(+0.01,-0.03,-0.05)
  [10/180] yaw= 17.3 wind=( 0.12, 0.79) speed= 0.8m/s  roll= -5.8 pitch=  3.6  dither=(-0.02,-0.05,-0.02)
  [11/180] yaw= 22.7 wind=( 4.69, 4.88) speed= 6.8m/s  roll=  2.1 pitch=  1.3  dither=(+0.10,-0.10,-0.03)
  [12/180] yaw= 13.2 wind=(-4.24,-2.52) speed= 4.9m/s  roll= 10.7 pitch=-11.6  dither=(+0.00,-0.10,-0.08)
  [13/180] yaw= 34.3 wind=(-2.25,-8.69) speed= 9.0m/s  roll=  4.5 pitch=-15.0  dither=(+0.14,+0.02,+0.15)
  [14/180] yaw= 16.5 wind=(-5.32, 5.03) speed= 7.3m/s  roll=  8.1 pitch= -6.3  dither=(-0.03,-0.15,-0.05)
  [15/180] yaw= 25.1 wind=(-3.37,-8.55) speed= 9.2m/s  roll=-10.6 pitch=-13.5  dither=(-0.11,-0.07,+0.15)

============================================================
=== yaw 2/12: 목표 50도로 회전 중 (현재 23.4도) ===
============================================================
  -> yaw 48.3도로 안정화
  [16/180] yaw= 51.5 wind=( 0.86, 0.22) speed= 0.9m/s  roll=-16.4 pitch= -7.3  dither=(+0.02,-0.07,-0.08)
  [17/180] yaw= 55.0 wind=( 7.79, 1.52) speed= 7.9m/s  roll=  1.8 pitch=  0.7  dither=(-0.05,-0.05,-0.02)
  [18/180] yaw= 50.9 wind=(-6.39,-3.05) speed= 7.1m/s  roll= -6.7 pitch=  1.3  dither=(+0.13,-0.02,+0.15)
  [19/180] yaw= 59.0 wind=(-8.02, 3.35) speed= 8.7m/s  roll=  3.8 pitch=-13.3  dither=(+0.05,-0.02,-0.09)
  [20/180] yaw= 57.2 wind=(-6.90,-5.66) speed= 8.9m/s  roll= -8.7 pitch= -3.8  dither=(-0.06,-0.04,-0.00)
  [21/180] yaw= 54.7 wind=( 5.68,-6.78) speed= 8.8m/s  roll= -0.5 pitch=  1.2  dither=(-0.03,-0.11,+0.02)
  [22/180] yaw= 58.8 wind=( 0.63,-0.78) speed= 1.0m/s  roll=  7.6 pitch=-14.9  dither=(+0.15,-0.03,-0.15)
  [23/180] yaw= 49.9 wind=(-1.38, 0.39) speed= 1.4m/s  roll=  0.8 pitch=  6.5  dither=(-0.11,-0.13,-0.01)
  [24/180] yaw= 41.8 wind=(-9.30, 0.81) speed= 9.3m/s  roll=  4.8 pitch=  3.1  dither=(-0.15,+0.03,+0.14)
  [25/180] yaw= 58.5 wind=(-5.48,-6.21) speed= 8.3m/s  roll= -9.7 pitch=  1.0  dither=(-0.11,-0.10,-0.02)
  [26/180] yaw= 61.3 wind=(-4.71, 0.83) speed= 4.8m/s  roll=  6.5 pitch=  0.4  dither=(-0.03,+0.10,+0.04)
  [27/180] yaw= 54.7 wind=( 2.45, 7.04) speed= 7.4m/s  roll= -3.0 pitch= 17.2  dither=(+0.10,+0.15,-0.15)
  [28/180] yaw= 57.1 wind=(-1.50, 0.72) speed= 1.7m/s  roll=  2.4 pitch= -5.6  dither=(+0.10,-0.15,-0.15)
  [29/180] yaw= 51.0 wind=(-6.49, 0.25) speed= 6.5m/s  roll= 10.9 pitch= -7.2  dither=(-0.08,+0.13,+0.09)
  [30/180] yaw= 50.0 wind=( 4.22,-7.80) speed= 8.9m/s  roll=  1.1 pitch=  2.9  dither=(+0.04,-0.01,-0.04)

============================================================
=== yaw 3/12: 목표 80도로 회전 중 (현재 51.8도) ===
============================================================
  -> yaw 78.4도로 안정화
  [31/180] yaw= 87.8 wind=( 2.21,-7.94) speed= 8.2m/s  roll= -8.1 pitch= -6.7  dither=(+0.02,-0.02,+0.10)
  [32/180] yaw= 82.9 wind=( 4.56,-0.27) speed= 4.6m/s  roll= -7.6 pitch=  9.1  dither=(-0.09,-0.01,+0.00)
  [33/180] yaw= 71.8 wind=( 5.62,-1.23) speed= 5.8m/s  roll=  7.1 pitch=  4.1  dither=(+0.15,-0.14,-0.11)
  [34/180] yaw= 78.2 wind=(-0.58,-7.48) speed= 7.5m/s  roll=-13.5 pitch=  6.0  dither=(-0.09,-0.02,+0.03)
  [35/180] yaw= 83.7 wind=(-5.43,-0.73) speed= 5.5m/s  roll= -4.9 pitch= -8.2  dither=(-0.07,-0.00,+0.04)
  [36/180] yaw= 82.6 wind=( 7.04, 3.80) speed= 8.0m/s  roll= 10.5 pitch=  5.7  dither=(+0.12,-0.07,+0.06)
  [37/180] yaw= 83.5 wind=( 1.32,-4.32) speed= 4.5m/s  roll= -8.5 pitch=  8.1  dither=(-0.14,-0.09,-0.02)
  [38/180] yaw= 72.5 wind=( 3.22,-6.40) speed= 7.2m/s  roll=  3.1 pitch= -3.4  dither=(+0.15,-0.10,+0.04)
  [39/180] yaw= 80.0 wind=(-1.34, 3.49) speed= 3.7m/s  roll=  9.6 pitch=  5.0  dither=(+0.06,+0.09,-0.15)
  [40/180] yaw= 79.7 wind=(-7.30, 6.49) speed= 9.8m/s  roll= -2.0 pitch=  0.8  dither=(-0.15,-0.02,-0.01)
  [41/180] yaw= 79.2 wind=(-0.42, 0.88) speed= 1.0m/s  roll= -5.4 pitch=  8.0  dither=(+0.05,-0.01,-0.10)
  [42/180] yaw= 85.8 wind=( 7.60,-6.16) speed= 9.8m/s  roll= -1.6 pitch=  3.0  dither=(+0.04,+0.02,-0.14)
  [43/180] yaw= 91.2 wind=(-2.17,-9.46) speed= 9.7m/s  roll=  4.7 pitch=  4.9  dither=(+0.10,+0.05,+0.05)
  [44/180] yaw= 79.9 wind=( 0.25,-4.27) speed= 4.3m/s  roll=  0.4 pitch=  8.5  dither=(+0.00,-0.06,+0.06)
  [45/180] yaw= 89.2 wind=(-9.20,-0.47) speed= 9.2m/s  roll= -3.1 pitch=  2.6  dither=(+0.15,+0.07,+0.02)

============================================================
=== yaw 4/12: 목표 110도로 회전 중 (현재 90.2도) ===
============================================================
  -> yaw 108.3도로 안정화
  [46/180] yaw=123.1 wind=(-4.03,-1.04) speed= 4.2m/s  roll=  3.2 pitch= -9.5  dither=(+0.03,-0.00,+0.02)
  [47/180] yaw=107.1 wind=(-8.74, 4.69) speed= 9.9m/s  roll= 11.5 pitch= -6.2  dither=(+0.11,+0.11,-0.11)
  [48/180] yaw=110.8 wind=( 5.07,-4.96) speed= 7.1m/s  roll= -9.9 pitch= -8.6  dither=(-0.04,-0.14,-0.10)
  [49/180] yaw=112.5 wind=( 4.14,-4.65) speed= 6.2m/s  roll= -2.8 pitch=  3.0  dither=(+0.05,-0.00,-0.08)
  [50/180] yaw=100.6 wind=(-4.43,-0.07) speed= 4.4m/s  roll=  3.2 pitch= -5.7  dither=(-0.10,+0.02,+0.12)
  [51/180] yaw= 98.3 wind=( 1.83, 3.37) speed= 3.8m/s  roll= -3.2 pitch= -0.9  dither=(+0.15,-0.10,-0.04)
  [52/180] yaw=112.6 wind=( 5.91,-6.87) speed= 9.1m/s  roll= -9.4 pitch= -5.0  dither=(+0.08,-0.01,+0.13)
  [53/180] yaw= 99.9 wind=(-0.54,-1.73) speed= 1.8m/s  roll=  1.8 pitch=  6.9  dither=(-0.03,+0.04,-0.11)
  [54/180] yaw=120.2 wind=(-0.04, 0.81) speed= 0.8m/s  roll=  4.0 pitch=  1.5  dither=(+0.03,+0.06,+0.07)
  [55/180] yaw=108.5 wind=( 1.77,-0.07) speed= 1.8m/s  roll=  6.3 pitch=-10.9  dither=(-0.04,+0.04,-0.15)
  [56/180] yaw=105.2 wind=(-1.11, 1.49) speed= 1.9m/s  roll=-10.7 pitch=  8.3  dither=(-0.01,+0.04,-0.15)
  [57/180] yaw=103.7 wind=(-0.50, 8.89) speed= 8.9m/s  roll=  3.3 pitch= -1.0  dither=(+0.09,-0.02,-0.04)
  [58/180] yaw=120.8 wind=( 6.76, 1.25) speed= 6.9m/s  roll= -4.9 pitch= -2.1  dither=(+0.13,-0.04,+0.15)
  [59/180] yaw=109.5 wind=( 0.52,-0.42) speed= 0.7m/s  roll= -2.7 pitch= -1.7  dither=(-0.06,-0.02,+0.02)
  [60/180] yaw=106.8 wind=(-5.51, 4.90) speed= 7.4m/s  roll= 13.1 pitch= -9.3  dither=(+0.13,+0.06,-0.13)

============================================================
=== yaw 5/12: 목표 140도로 회전 중 (현재 118.4도) ===
============================================================
  -> yaw 137.7도로 안정화
  [61/180] yaw=133.4 wind=(-1.52, 5.02) speed= 5.2m/s  roll=  5.1 pitch=  3.9  dither=(-0.03,+0.11,+0.02)
  [62/180] yaw=145.1 wind=( 6.28, 3.66) speed= 7.3m/s  roll= -2.3 pitch= -4.4  dither=(-0.05,-0.02,+0.10)
  [63/180] yaw=137.3 wind=( 0.81, 2.26) speed= 2.4m/s  roll= 12.2 pitch= -5.8  dither=(-0.05,+0.01,-0.03)
  [64/180] yaw=134.4 wind=( 2.08,-3.70) speed= 4.2m/s  roll=  2.3 pitch=  3.9  dither=(-0.02,+0.15,+0.10)
  [65/180] yaw=135.9 wind=(-5.49, 4.16) speed= 6.9m/s  roll=-13.1 pitch= -0.1  dither=(+0.09,-0.03,+0.05)
  [66/180] yaw=143.3 wind=( 4.22, 5.38) speed= 6.8m/s  roll=  8.4 pitch= -3.8  dither=(-0.01,-0.01,-0.12)
  [67/180] yaw=150.0 wind=( 3.79,-2.27) speed= 4.4m/s  roll=  8.8 pitch=  3.0  dither=(+0.01,-0.15,+0.03)
  [68/180] yaw=130.8 wind=( 0.20, 0.68) speed= 0.7m/s  roll= -0.4 pitch=  5.5  dither=(-0.11,+0.07,-0.11)
  [69/180] yaw=136.4 wind=( 0.81,-1.22) speed= 1.5m/s  roll=  6.4 pitch=  7.7  dither=(-0.11,-0.11,+0.14)
  [70/180] yaw=141.0 wind=(-2.23,-1.44) speed= 2.7m/s  roll=  7.8 pitch= -3.4  dither=(-0.05,+0.01,+0.10)
  [71/180] yaw=151.8 wind=( 1.67, 4.20) speed= 4.5m/s  roll=  1.2 pitch=  8.0  dither=(+0.01,+0.08,+0.05)
  [72/180] yaw=134.0 wind=( 0.41,-1.92) speed= 2.0m/s  roll= -0.4 pitch=  5.9  dither=(-0.06,-0.05,-0.09)
  [73/180] yaw=135.0 wind=( 0.13,-8.41) speed= 8.4m/s  roll=-10.2 pitch= 12.3  dither=(+0.15,+0.08,-0.07)
  [74/180] yaw=155.1 wind=(-5.39, 0.82) speed= 5.4m/s  roll=  8.3 pitch=  0.7  dither=(+0.15,+0.11,+0.06)
  [75/180] yaw=134.7 wind=( 7.15,-1.83) speed= 7.4m/s  roll=  7.2 pitch= 11.1  dither=(+0.04,-0.01,+0.10)

============================================================
=== yaw 6/12: 목표 170도로 회전 중 (현재 145.6도) ===
============================================================
  -> yaw 170.9도로 안정화
  [76/180] yaw=167.3 wind=(-6.89,-1.28) speed= 7.0m/s  roll= -5.3 pitch=  7.3  dither=(-0.02,-0.03,+0.03)
  [77/180] yaw=175.9 wind=( 3.89,-3.41) speed= 5.2m/s  roll= 11.6 pitch= -2.0  dither=(+0.12,+0.04,+0.04)
  [78/180] yaw=154.9 wind=(-3.02,-2.56) speed= 4.0m/s  roll=-10.4 pitch= 10.0  dither=(-0.00,+0.14,+0.11)
  [79/180] yaw=175.6 wind=(-2.59,-2.21) speed= 3.4m/s  roll=  5.7 pitch=  4.8  dither=(-0.02,+0.12,-0.15)
  [80/180] yaw=160.5 wind=(-3.08, 8.86) speed= 9.4m/s  roll=  2.8 pitch= -3.4  dither=(-0.08,-0.07,+0.10)
  [81/180] yaw=162.4 wind=( 5.71,-0.28) speed= 5.7m/s  roll=-11.1 pitch=  6.3  dither=(-0.15,-0.05,-0.13)
  [82/180] yaw=166.2 wind=( 2.61, 6.19) speed= 6.7m/s  roll= -4.8 pitch= -6.2  dither=(-0.07,+0.07,+0.15)
  [83/180] yaw=170.5 wind=(-0.65, 3.59) speed= 3.7m/s  roll= -6.8 pitch= -2.5  dither=(-0.01,-0.02,+0.10)
  [84/180] yaw=168.8 wind=(-5.80, 0.66) speed= 5.8m/s  roll= -5.2 pitch=  2.7  dither=(-0.01,-0.07,+0.06)
  [85/180] yaw=-178.2 wind=( 0.45, 1.52) speed= 1.6m/s  roll=  5.3 pitch=  5.0  dither=(+0.12,+0.06,+0.08)
  [86/180] yaw=173.6 wind=( 0.18,-2.45) speed= 2.5m/s  roll=-14.6 pitch=  9.5  dither=(-0.14,+0.03,-0.12)
  [87/180] yaw=179.7 wind=( 4.60, 3.79) speed= 6.0m/s  roll=  7.8 pitch= -1.6  dither=(-0.02,-0.15,-0.12)
  [88/180] yaw=-179.8 wind=( 1.00, 1.65) speed= 1.9m/s  roll= 12.5 pitch= -5.2  dither=(-0.02,-0.11,-0.11)
  [89/180] yaw=174.0 wind=( 6.29, 3.50) speed= 7.2m/s  roll=  2.7 pitch= -2.8  dither=(+0.01,-0.02,+0.05)
  [90/180] yaw=159.0 wind=(-2.25,-3.90) speed= 4.5m/s  roll=  0.4 pitch= -8.1  dither=(-0.14,-0.10,+0.15)

============================================================
=== yaw 7/12: 목표 200도로 회전 중 (현재 -179.2도) ===
============================================================
  -> yaw -160.8도로 안정화
  [91/180] yaw=-168.1 wind=( 3.88, 0.77) speed= 4.0m/s  roll=  7.5 pitch=  7.8  dither=(-0.04,-0.08,-0.02)
  [92/180] yaw=-162.6 wind=( 3.90, 0.70) speed= 4.0m/s  roll= -2.3 pitch=-10.1  dither=(-0.10,+0.13,+0.00)
  [93/180] yaw=-162.9 wind=(-0.15,-1.01) speed= 1.0m/s  roll=  7.6 pitch=  0.1  dither=(+0.06,+0.15,-0.01)
  [94/180] yaw=-146.4 wind=(-5.50, 2.06) speed= 5.9m/s  roll= -1.3 pitch=  4.0  dither=(+0.05,+0.07,+0.15)
  [95/180] yaw=-170.9 wind=(-1.95,-0.58) speed= 2.0m/s  roll= -8.7 pitch=  2.7  dither=(+0.05,-0.11,-0.09)
  [96/180] yaw=-159.6 wind=(-7.49, 2.27) speed= 7.8m/s  roll=-14.3 pitch=  7.5  dither=(+0.07,+0.02,-0.13)
  [97/180] yaw=-158.1 wind=(-5.52,-1.48) speed= 5.7m/s  roll=-10.9 pitch=  7.9  dither=(-0.03,-0.15,+0.00)
  [98/180] yaw=-159.8 wind=( 0.03,-0.01) speed= 0.0m/s  roll= 10.3 pitch= -3.4  dither=(-0.05,+0.12,-0.06)
  [99/180] yaw=-166.8 wind=( 2.08,-1.56) speed= 2.6m/s  roll=  5.6 pitch= 10.2  dither=(+0.15,+0.02,-0.06)
  [100/180] yaw=-172.2 wind=( 1.62, 4.23) speed= 4.5m/s  roll=  9.4 pitch=-13.4  dither=(+0.04,-0.09,-0.15)
  [101/180] yaw=-160.9 wind=(-0.44, 1.21) speed= 1.3m/s  roll= -6.6 pitch=  3.5  dither=(+0.02,-0.05,+0.06)
  [102/180] yaw=-154.5 wind=( 2.06,-0.72) speed= 2.2m/s  roll=  5.2 pitch=  3.6  dither=(-0.15,+0.03,+0.02)
  [103/180] yaw=-148.4 wind=( 1.43, 1.98) speed= 2.4m/s  roll=  7.6 pitch=  1.6  dither=(-0.04,+0.06,+0.14)
  [104/180] yaw=-162.5 wind=( 1.15, 3.81) speed= 4.0m/s  roll= -2.6 pitch=-13.9  dither=(-0.03,-0.03,-0.00)
  [105/180] yaw=-156.3 wind=( 6.74, 2.79) speed= 7.3m/s  roll= 11.4 pitch=-11.6  dither=(+0.13,-0.05,-0.10)

============================================================
=== yaw 8/12: 목표 230도로 회전 중 (현재 -165.1도) ===
============================================================
  -> yaw -131.7도로 안정화
  [106/180] yaw=-134.8 wind=(-2.19, 8.99) speed= 9.3m/s  roll= -1.8 pitch= -2.2  dither=(-0.01,+0.04,+0.06)
  [107/180] yaw=-128.2 wind=(-1.99,-6.13) speed= 6.4m/s  roll=  8.5 pitch=  0.9  dither=(+0.01,+0.05,-0.08)
  [108/180] yaw=-122.9 wind=( 3.02,-4.07) speed= 5.1m/s  roll= -2.3 pitch= -7.1  dither=(-0.14,+0.02,-0.14)
  [109/180] yaw=-133.6 wind=(-1.33,-2.70) speed= 3.0m/s  roll=  5.5 pitch= -3.1  dither=(+0.09,-0.07,+0.08)
  [110/180] yaw=-135.3 wind=(-2.41,-3.20) speed= 4.0m/s  roll=  9.7 pitch=  2.8  dither=(-0.12,-0.00,-0.02)
  [111/180] yaw=-129.8 wind=(-3.37,-1.65) speed= 3.8m/s  roll= -7.1 pitch=-10.9  dither=(-0.13,+0.01,-0.15)
  [112/180] yaw=-125.3 wind=(-1.17, 0.76) speed= 1.4m/s  roll= -4.8 pitch= -5.2  dither=(-0.09,-0.09,+0.15)
  [113/180] yaw=-139.1 wind=(-4.19, 2.35) speed= 4.8m/s  roll=  4.8 pitch=  0.4  dither=(+0.03,+0.02,-0.15)
  [114/180] yaw=-124.7 wind=(-5.67, 4.06) speed= 7.0m/s  roll= -6.5 pitch= 11.4  dither=(-0.15,+0.14,-0.02)
  [115/180] yaw=-129.3 wind=( 2.28,-4.79) speed= 5.3m/s  roll=  5.3 pitch=  2.7  dither=(-0.01,+0.01,+0.15)
  [116/180] yaw=-136.7 wind=( 6.55, 7.00) speed= 9.6m/s  roll=  0.6 pitch= -7.3  dither=(+0.03,+0.11,+0.15)
  [117/180] yaw=-137.0 wind=( 5.57,-3.22) speed= 6.4m/s  roll=  3.8 pitch= -3.5  dither=(-0.15,+0.02,-0.03)
  [118/180] yaw=-126.9 wind=(-1.11, 8.96) speed= 9.0m/s  roll=-12.7 pitch= -1.3  dither=(-0.05,+0.09,-0.03)
  [119/180] yaw=-127.7 wind=( 1.70, 3.50) speed= 3.9m/s  roll=-18.2 pitch= -2.7  dither=(-0.05,-0.02,-0.15)
  [120/180] yaw=-120.7 wind=( 2.57,-2.23) speed= 3.4m/s  roll=  3.6 pitch=  4.3  dither=(-0.05,+0.08,-0.04)

============================================================
=== yaw 9/12: 목표 260도로 회전 중 (현재 -129.2도) ===
============================================================
  -> yaw -101.1도로 안정화
  [121/180] yaw=-96.9 wind=( 0.07,-0.09) speed= 0.1m/s  roll=  0.2 pitch=  4.3  dither=(-0.04,+0.06,-0.07)
  [122/180] yaw=-118.2 wind=( 1.55,-0.85) speed= 1.8m/s  roll=  2.8 pitch=  1.6  dither=(+0.07,-0.05,-0.01)
  [123/180] yaw=-96.1 wind=(-6.66,-0.71) speed= 6.7m/s  roll= -0.7 pitch= 10.3  dither=(-0.10,+0.04,+0.09)
  [124/180] yaw=-102.7 wind=( 4.35, 4.32) speed= 6.1m/s  roll= -4.7 pitch=  8.0  dither=(-0.06,-0.03,-0.08)
  [125/180] yaw=-98.8 wind=(-0.89,-3.20) speed= 3.3m/s  roll=-11.8 pitch=  9.4  dither=(+0.07,+0.07,+0.15)
  [126/180] yaw=-112.4 wind=(-2.88, 6.30) speed= 6.9m/s  roll= -9.8 pitch=  1.8  dither=(-0.11,-0.03,-0.06)
  [127/180] yaw=-108.2 wind=(-3.63,-2.84) speed= 4.6m/s  roll= 14.4 pitch= -0.1  dither=(+0.02,-0.05,+0.06)
  [128/180] yaw=-87.7 wind=( 1.99, 4.85) speed= 5.2m/s  roll= -0.6 pitch=-13.5  dither=(+0.12,-0.05,+0.07)
  [129/180] yaw=-102.8 wind=( 0.15,-0.33) speed= 0.4m/s  roll= 10.4 pitch= -3.2  dither=(+0.02,-0.06,-0.12)
  [130/180] yaw=-90.0 wind=( 4.54,-6.85) speed= 8.2m/s  roll=  6.3 pitch=  3.3  dither=(+0.12,-0.05,+0.11)
  [131/180] yaw=-95.8 wind=(-2.15, 2.20) speed= 3.1m/s  roll=  1.1 pitch= 13.6  dither=(+0.02,+0.04,-0.04)
  [132/180] yaw=-112.6 wind=(-1.80,-5.56) speed= 5.8m/s  roll=  4.0 pitch= 23.1  dither=(-0.04,+0.08,+0.01)
  [133/180] yaw=-94.4 wind=( 1.52,-9.74) speed= 9.9m/s  roll=  8.3 pitch=  4.3  dither=(+0.10,-0.03,+0.15)
  [134/180] yaw=-102.3 wind=( 3.86,-0.95) speed= 4.0m/s  roll= 11.6 pitch=  1.8  dither=(-0.04,-0.01,+0.04)
  [135/180] yaw=-93.1 wind=(-2.67,-4.92) speed= 5.6m/s  roll=  7.1 pitch= -8.3  dither=(+0.05,+0.00,+0.15)

============================================================
=== yaw 10/12: 목표 290도로 회전 중 (현재 -110.2도) ===
============================================================
  -> yaw -68.4도로 안정화
  [136/180] yaw=-82.9 wind=( 7.91,-5.62) speed= 9.7m/s  roll=-10.5 pitch=  0.0  dither=(+0.08,-0.05,+0.05)
  [137/180] yaw=-65.5 wind=( 4.34, 1.77) speed= 4.7m/s  roll=  2.2 pitch= -9.0  dither=(-0.04,-0.15,-0.01)
  [138/180] yaw=-65.7 wind=( 4.31, 2.39) speed= 4.9m/s  roll= -5.8 pitch= -2.0  dither=(-0.07,-0.09,+0.10)
  [139/180] yaw=-76.9 wind=(-2.05,-2.07) speed= 2.9m/s  roll= -6.4 pitch= -5.5  dither=(+0.15,-0.05,-0.08)
  [140/180] yaw=-73.9 wind=( 2.31,-2.83) speed= 3.7m/s  roll= 16.8 pitch= -4.7  dither=(+0.14,-0.09,-0.15)
  [141/180] yaw=-73.7 wind=(-4.14, 5.03) speed= 6.5m/s  roll= -8.0 pitch=  4.8  dither=(-0.02,+0.08,-0.10)
  [142/180] yaw=-58.7 wind=(-0.00, 0.08) speed= 0.1m/s  roll=  4.3 pitch= -0.2  dither=(-0.06,+0.11,+0.02)
  [143/180] yaw=-73.0 wind=( 0.39,-0.97) speed= 1.0m/s  roll=  5.5 pitch=  0.1  dither=(-0.02,-0.04,+0.04)
  [144/180] yaw=-71.2 wind=(-5.32,-3.25) speed= 6.2m/s  roll= 18.6 pitch=  2.4  dither=(+0.15,+0.11,-0.03)
  [145/180] yaw=-70.1 wind=( 7.54,-2.77) speed= 8.0m/s  roll= -0.3 pitch=-14.2  dither=(-0.02,-0.05,-0.03)
  [146/180] yaw=-72.9 wind=(-3.31, 0.22) speed= 3.3m/s  roll=  7.3 pitch=  7.9  dither=(+0.07,-0.15,+0.06)
  [147/180] yaw=-75.2 wind=( 0.92,-7.86) speed= 7.9m/s  roll= 12.2 pitch=  6.0  dither=(+0.10,+0.04,-0.13)
  [148/180] yaw=-81.9 wind=( 0.35, 1.03) speed= 1.1m/s  roll= -4.7 pitch=  2.6  dither=(-0.03,-0.07,-0.13)
  [149/180] yaw=-70.1 wind=(-0.21, 0.16) speed= 0.3m/s  roll=  6.7 pitch= -5.4  dither=(-0.15,+0.04,-0.02)
  [150/180] yaw=-62.2 wind=(-0.10, 6.48) speed= 6.5m/s  roll=  3.0 pitch=  5.3  dither=(-0.04,+0.12,+0.09)

============================================================
=== yaw 11/12: 목표 320도로 회전 중 (현재 -87.4도) ===
============================================================
  -> yaw -40.6도로 안정화
  [151/180] yaw=-40.7 wind=( 0.70, 0.02) speed= 0.7m/s  roll= -0.2 pitch=  0.7  dither=(+0.12,+0.03,+0.06)
  [152/180] yaw=-37.2 wind=( 2.60,-2.46) speed= 3.6m/s  roll=  7.8 pitch=  8.3  dither=(+0.03,+0.04,+0.15)
  [153/180] yaw=-46.3 wind=( 3.41, 4.18) speed= 5.4m/s  roll= -2.5 pitch=  1.9  dither=(+0.04,+0.06,+0.08)
  [154/180] yaw=-36.8 wind=( 3.31, 8.43) speed= 9.1m/s  roll=-19.2 pitch= 12.9  dither=(-0.11,-0.00,+0.00)
  [155/180] yaw=-36.2 wind=( 1.90,-1.75) speed= 2.6m/s  roll= -2.5 pitch=  1.8  dither=(-0.09,+0.15,+0.07)
  [156/180] yaw=-49.9 wind=(-1.42, 2.99) speed= 3.3m/s  roll= -7.0 pitch= -2.6  dither=(+0.13,+0.05,+0.02)
  [157/180] yaw=-41.6 wind=( 7.38,-0.71) speed= 7.4m/s  roll=  8.8 pitch=  7.2  dither=(+0.06,-0.02,-0.15)
  [158/180] yaw=-24.6 wind=( 9.14,-0.56) speed= 9.2m/s  roll=  0.4 pitch= -2.8  dither=(-0.09,+0.08,+0.15)
  [159/180] yaw=-30.1 wind=(-6.55,-2.40) speed= 7.0m/s  roll=  6.7 pitch= -1.5  dither=(-0.13,-0.05,-0.02)
  [160/180] yaw=-51.7 wind=(-4.57,-0.78) speed= 4.6m/s  roll= 10.4 pitch=  2.3  dither=(-0.13,+0.09,-0.09)
  [161/180] yaw=-33.5 wind=(-9.06,-2.27) speed= 9.3m/s  roll= -4.1 pitch=  8.6  dither=(-0.11,+0.06,+0.10)
  [162/180] yaw=-45.3 wind=(-0.40,-2.07) speed= 2.1m/s  roll= -3.5 pitch=  4.7  dither=(-0.01,+0.06,-0.13)
  [163/180] yaw=-45.8 wind=(-9.50,-0.65) speed= 9.5m/s  roll=  7.1 pitch= -1.5  dither=(-0.08,+0.15,-0.15)
  [164/180] yaw=-46.4 wind=(-5.50, 6.51) speed= 8.5m/s  roll=  5.2 pitch=  4.7  dither=(+0.10,-0.03,-0.05)
  [165/180] yaw=-45.3 wind=( 0.20, 9.25) speed= 9.3m/s  roll=  5.0 pitch=  7.3  dither=(+0.11,-0.04,+0.01)

============================================================
=== yaw 12/12: 목표 350도로 회전 중 (현재 -27.2도) ===
============================================================
  -> yaw -11.0도로 안정화
  [166/180] yaw= -7.3 wind=( 2.58,-4.02) speed= 4.8m/s  roll= -4.6 pitch=  0.9  dither=(-0.04,-0.13,+0.09)
  [167/180] yaw=  2.2 wind=(-0.26, 2.25) speed= 2.3m/s  roll= -6.0 pitch= -1.4  dither=(+0.09,+0.06,+0.04)
  [168/180] yaw= -2.5 wind=(-2.50, 5.46) speed= 6.0m/s  roll=  1.2 pitch= -0.6  dither=(-0.02,+0.04,+0.06)
  [169/180] yaw= -8.6 wind=( 2.18, 0.20) speed= 2.2m/s  roll=  0.9 pitch= -1.3  dither=(-0.06,+0.07,+0.08)
  [170/180] yaw= -4.4 wind=( 4.32, 5.86) speed= 7.3m/s  roll= -4.8 pitch=  6.3  dither=(+0.14,+0.02,-0.11)
  [171/180] yaw= -4.4 wind=(-7.10, 1.99) speed= 7.4m/s  roll= 14.2 pitch= -5.7  dither=(+0.10,+0.15,+0.05)
  [172/180] yaw=-17.9 wind=( 4.70, 1.59) speed= 5.0m/s  roll= -8.4 pitch=  2.7  dither=(+0.09,+0.01,-0.15)
  [173/180] yaw=-16.9 wind=( 0.70,-7.16) speed= 7.2m/s  roll= -1.5 pitch=-10.0  dither=(-0.05,-0.00,+0.05)
  [174/180] yaw=-14.2 wind=( 1.16,-0.37) speed= 1.2m/s  roll= -4.9 pitch=-11.8  dither=(-0.03,-0.07,-0.03)
  [175/180] yaw=-16.7 wind=( 0.01, 0.33) speed= 0.3m/s  roll= -0.2 pitch=  5.4  dither=(-0.13,+0.14,-0.00)
  [176/180] yaw=-20.0 wind=(-4.53, 3.49) speed= 5.7m/s  roll= -6.8 pitch= -0.7  dither=(-0.10,+0.15,-0.06)
  [177/180] yaw= -6.1 wind=( 1.04,-9.11) speed= 9.2m/s  roll=-11.2 pitch=-11.0  dither=(+0.01,+0.06,+0.12)
  [178/180] yaw=  3.5 wind=(-5.24,-0.44) speed= 5.3m/s  roll=  1.7 pitch=  3.3  dither=(-0.08,+0.06,+0.01)
  [179/180] yaw=-19.6 wind=( 8.13,-0.77) speed= 8.2m/s  roll= -8.5 pitch=  5.7  dither=(-0.10,+0.07,+0.00)
  [180/180] yaw=-20.5 wind=( 6.00,-4.02) speed= 7.2m/s  roll=  2.0 pitch=  2.7  dither=(+0.01,-0.13,-0.15)

데이터 수집 완료. CSV 저장됨: ../../logs/wind_random_dither_20260816_101452_yaw20p0_n12x15_speed0-10_seed11042.csv
[송신 간격 통계] 목표=50ms  평균=50.0ms  최대=67.2ms  임계치 초과=0/65332

--- Offboard 종료 ---

--- Landing ---
-> 착륙 완료 및 디스암 확인

무작위 바람+토크 더더링 데이터 수집 완료.
  [수집] 세션 11 완료 (시도 1/3)
  [그래프] /home/ssh2003/MyProjects/quad-pinn-project/logs/wind_random_dither_20260816_101452_yaw20p0_n12x15_speed0-10_seed11042.csv 요약 PNG 생성 중...
    findfont: Failed to find font weight normal, now using 100.
    /home/ssh2003/MyProjects/quad-pinn-project/sim_scripts/data_collection/plot_session_grid.py:106: UserWarning: This figure includes Axes that are not compatible with tight_layout, so results might be incorrect.
      fig.tight_layout(rect=[0, 0, 0.92, 0.94])
    findfont: Failed to find font weight normal, now using 100.
    findfont: Failed to find font weight normal, now using 100.
    findfont: Failed to find font weight normal, now using 100.
    findfont: Failed to find font weight normal, now using 100.
    저장됨: /home/ssh2003/MyProjects/quad-pinn-project/figures/wind_random_20260816_034808_n12x15_td15/session_wind_random_dither_20260816_101452_yaw20p0_n12x15_speed0-10_seed11042.png

############################################################
# 세션 12/15
############################################################
  [SITL] 기존 프로세스 정리 중 (정상종료 시도)...
Terminated
  [SITL] 강제 정리 (남아있는 프로세스 있으면)...
  [SITL] 재시작 중...
  [SITL] px4 프로세스 감지됨 (1s). 안정화 대기 15s...
  [수집] 시작 (seed=12042, yaw-offset=22.000도, 시도 1/3, 타임아웃 4196초)
PX4 SITL에 연결 시도 중...
-> 드론에 연결됨!
GPS/홈 위치 확인 중...
-> 전역 위치 및 홈 위치 준비 완료

[확인] PX4 SITL이 'windy' 월드로 실행 중인지 확인할 것.

--- Arming ---
-> Armed

--- Takeoff ---
  안전 고도(1.5m) 도달 대기 중...
  -> 안전 고도 도달 (relative_altitude=1.50m)

--- Offboard 진입 준비: 초기 setpoint(현재 위치 고정) 전송 ---

--- Offboard 모드 시작 ---

CSV 로그 저장 경로: ../../logs/wind_random_dither_20260816_111006_yaw22p0_n12x15_speed0-10_seed12042.csv
더더링: OU 프로세스 tau=0.3s sigma=0.1 clamp=±0.15

yaw 12방향(offset=22.0도) x 방향당 바람조건 15개 = 총 180개 수집 시작 (조건당 15초, 예상 총 소요 51.0분 + yaw 회전 시간)

============================================================
=== yaw 1/12: 목표 22도로 회전 중 (현재 92.4도) ===
============================================================
  -> yaw 21.5도로 안정화
  [1/180] yaw= 11.9 wind=( 0.51,-1.55) speed= 1.6m/s  roll=  8.4 pitch=-11.4  dither=(-0.07,-0.11,-0.15)
  [2/180] yaw= 33.2 wind=(-5.17, 1.29) speed= 5.3m/s  roll= -1.8 pitch=-10.5  dither=(+0.13,-0.15,+0.04)
  [3/180] yaw= 15.0 wind=( 4.72,-2.60) speed= 5.4m/s  roll= -2.3 pitch= -4.2  dither=(-0.06,-0.11,-0.05)
  [4/180] yaw= 18.7 wind=( 2.38,-3.95) speed= 4.6m/s  roll= -7.3 pitch=  2.7  dither=(-0.03,-0.04,+0.07)
  [5/180] yaw= 12.8 wind=(-2.19,-2.32) speed= 3.2m/s  roll=  7.8 pitch=  1.3  dither=(-0.00,+0.03,-0.08)
  [6/180] yaw= 21.4 wind=( 0.08, 2.41) speed= 2.4m/s  roll=  9.5 pitch=  2.8  dither=(+0.05,-0.14,+0.05)
  [7/180] yaw= 23.6 wind=( 3.63, 3.62) speed= 5.1m/s  roll= 10.8 pitch=  1.4  dither=(+0.13,-0.15,+0.05)
  [8/180] yaw= 19.0 wind=(-0.66, 0.18) speed= 0.7m/s  roll= -6.6 pitch= 10.0  dither=(-0.15,+0.03,+0.02)
  [9/180] yaw= 10.2 wind=(-3.29, 4.75) speed= 5.8m/s  roll=  0.2 pitch=  4.9  dither=(-0.15,+0.09,+0.03)
  [10/180] yaw= 15.4 wind=( 2.35, 0.51) speed= 2.4m/s  roll=  7.4 pitch= -1.3  dither=(+0.01,+0.05,+0.04)
  [11/180] yaw= 27.6 wind=( 0.46,-0.54) speed= 0.7m/s  roll= -2.7 pitch= -8.1  dither=(-0.09,-0.02,-0.04)
  [12/180] yaw= 16.1 wind=(-0.70,-0.47) speed= 0.8m/s  roll= -6.4 pitch=  6.0  dither=(-0.07,+0.15,-0.04)
  [13/180] yaw= 20.7 wind=(-6.77,-1.90) speed= 7.0m/s  roll= -5.7 pitch= -5.5  dither=(-0.15,-0.10,-0.01)
  [14/180] yaw= 21.9 wind=(-9.19,-2.68) speed= 9.6m/s  roll= -3.8 pitch= -8.9  dither=(-0.01,+0.15,+0.03)
  [15/180] yaw= 30.6 wind=( 0.96,-0.26) speed= 1.0m/s  roll= -6.7 pitch=  1.5  dither=(+0.08,+0.01,-0.06)

============================================================
=== yaw 2/12: 목표 52도로 회전 중 (현재 23.4도) ===
============================================================
  -> yaw 51.3도로 안정화
  [16/180] yaw= 49.6 wind=(-6.77, 2.27) speed= 7.1m/s  roll=  6.6 pitch=-11.4  dither=(-0.10,+0.06,+0.05)
  [17/180] yaw= 45.1 wind=(-4.72,-4.53) speed= 6.5m/s  roll=  0.3 pitch= -0.4  dither=(+0.11,-0.04,-0.10)
  [18/180] yaw= 55.0 wind=( 4.56, 4.54) speed= 6.4m/s  roll=  5.8 pitch=  0.2  dither=(+0.02,-0.07,+0.01)
  [19/180] yaw= 61.2 wind=(-2.68, 6.18) speed= 6.7m/s  roll=-11.6 pitch=  2.4  dither=(-0.10,+0.00,-0.01)
  [20/180] yaw= 60.1 wind=( 2.87, 2.21) speed= 3.6m/s  roll=-11.2 pitch= -2.0  dither=(-0.08,-0.15,+0.01)
  [21/180] yaw= 49.3 wind=( 5.47,-6.34) speed= 8.4m/s  roll= -4.6 pitch=  2.0  dither=(+0.15,-0.07,+0.02)
  [22/180] yaw= 52.1 wind=(-2.71, 2.16) speed= 3.5m/s  roll= -4.9 pitch= -3.0  dither=(-0.12,-0.07,+0.14)
  [23/180] yaw= 47.9 wind=( 6.04,-1.95) speed= 6.3m/s  roll=  1.0 pitch= -1.0  dither=(-0.02,+0.02,+0.08)
  [24/180] yaw= 58.7 wind=(-2.36, 2.49) speed= 3.4m/s  roll=  0.8 pitch=  1.0  dither=(+0.03,+0.04,+0.14)
  [25/180] yaw= 43.8 wind=(-2.39, 7.35) speed= 7.7m/s  roll=  2.9 pitch= -5.8  dither=(-0.02,+0.00,-0.15)
  [26/180] yaw= 43.3 wind=(-9.27,-1.86) speed= 9.5m/s  roll= 11.4 pitch=  0.7  dither=(+0.08,+0.02,+0.09)
  [27/180] yaw= 46.9 wind=(-9.63, 0.88) speed= 9.7m/s  roll=  0.8 pitch= -1.2  dither=(-0.01,-0.12,+0.03)
  [28/180] yaw= 49.1 wind=(-3.76, 2.17) speed= 4.3m/s  roll= -4.8 pitch= -6.9  dither=(-0.10,+0.02,-0.03)
  [29/180] yaw= 43.3 wind=(-1.74, 7.41) speed= 7.6m/s  roll=  0.7 pitch=  1.4  dither=(-0.04,-0.13,-0.02)
  [30/180] yaw= 45.9 wind=( 1.21,-0.01) speed= 1.2m/s  roll= -4.4 pitch=  4.4  dither=(+0.05,+0.10,+0.05)

============================================================
=== yaw 3/12: 목표 82도로 회전 중 (현재 51.7도) ===
============================================================
  -> yaw 80.9도로 안정화
  [31/180] yaw= 79.9 wind=( 4.51, 2.93) speed= 5.4m/s  roll=  2.4 pitch= -1.5  dither=(+0.02,+0.03,+0.15)
  [32/180] yaw= 92.8 wind=(-0.36,-3.63) speed= 3.7m/s  roll= -3.1 pitch= -8.7  dither=(+0.02,-0.03,-0.15)
  [33/180] yaw= 89.8 wind=( 7.21, 5.44) speed= 9.0m/s  roll=  6.9 pitch=  4.3  dither=(+0.12,+0.05,+0.08)
  [34/180] yaw= 66.9 wind=( 4.27,-4.28) speed= 6.0m/s  roll=  2.6 pitch= 16.2  dither=(+0.08,+0.12,-0.03)
  [35/180] yaw= 88.1 wind=( 4.35,-2.86) speed= 5.2m/s  roll=-16.4 pitch=  7.4  dither=(-0.15,-0.08,+0.05)
  [36/180] yaw= 79.2 wind=(-5.05,-1.59) speed= 5.3m/s  roll=  2.1 pitch=  4.4  dither=(-0.13,+0.13,-0.11)
  [37/180] yaw= 85.4 wind=( 7.17, 1.58) speed= 7.3m/s  roll=  1.9 pitch=  2.3  dither=(+0.15,-0.08,+0.06)
  [38/180] yaw= 74.9 wind=( 8.25, 4.62) speed= 9.5m/s  roll=  2.6 pitch= -1.1  dither=(+0.07,+0.02,-0.15)
  [39/180] yaw= 80.7 wind=( 1.40, 3.94) speed= 4.2m/s  roll= 10.8 pitch=  7.6  dither=(-0.14,-0.06,-0.06)
  [40/180] yaw= 77.0 wind=(-5.80,-4.14) speed= 7.1m/s  roll=  1.3 pitch=-12.0  dither=(+0.01,+0.07,+0.13)
  [41/180] yaw= 95.2 wind=(-2.67,-5.04) speed= 5.7m/s  roll=-16.6 pitch=-10.8  dither=(+0.01,+0.05,-0.15)
  [42/180] yaw= 69.9 wind=(-0.94,-4.64) speed= 4.7m/s  roll=  6.4 pitch=  5.8  dither=(+0.02,-0.01,+0.10)
  [43/180] yaw= 92.9 wind=(-0.28, 2.42) speed= 2.4m/s  roll= 12.8 pitch=  3.7  dither=(+0.07,-0.00,+0.15)
  [44/180] yaw= 80.9 wind=(-3.41,-4.58) speed= 5.7m/s  roll=  1.3 pitch=  1.6  dither=(-0.15,-0.03,-0.03)
  [45/180] yaw= 93.4 wind=( 3.62, 1.48) speed= 3.9m/s  roll= -8.6 pitch= -4.2  dither=(-0.15,-0.09,+0.01)

============================================================
=== yaw 4/12: 목표 112도로 회전 중 (현재 78.6도) ===
============================================================
  -> yaw 110.1도로 안정화
  [46/180] yaw=106.0 wind=(-0.29, 3.07) speed= 3.1m/s  roll=  9.7 pitch= 10.0  dither=(-0.04,+0.15,+0.01)
  [47/180] yaw=124.6 wind=( 1.66,-1.99) speed= 2.6m/s  roll=  0.3 pitch=  3.6  dither=(-0.11,+0.07,-0.04)
  [48/180] yaw=101.4 wind=(-4.01,-6.39) speed= 7.5m/s  roll=  6.4 pitch= -7.5  dither=(+0.05,+0.02,+0.07)
  [49/180] yaw=110.9 wind=( 1.95,-4.55) speed= 4.9m/s  roll= -7.9 pitch=  2.1  dither=(-0.13,+0.02,+0.09)
  [50/180] yaw=111.5 wind=(-5.83, 1.11) speed= 5.9m/s  roll=  7.8 pitch= -2.6  dither=(+0.05,-0.14,-0.09)
  [51/180] yaw=117.4 wind=(-5.90, 2.22) speed= 6.3m/s  roll=-12.7 pitch=-10.3  dither=(-0.07,+0.01,-0.15)
  [52/180] yaw=118.2 wind=( 4.67, 0.60) speed= 4.7m/s  roll=-12.5 pitch= -8.2  dither=(-0.04,+0.12,-0.03)
  [53/180] yaw=123.4 wind=( 2.39,-0.37) speed= 2.4m/s  roll= -4.4 pitch=  2.9  dither=(-0.02,+0.00,+0.12)
  [54/180] yaw=106.1 wind=(-4.59, 8.08) speed= 9.3m/s  roll= 11.8 pitch= -9.8  dither=(-0.01,-0.02,-0.14)
  [55/180] yaw=111.7 wind=(-0.53, 0.79) speed= 1.0m/s  roll= -7.0 pitch=  8.1  dither=(-0.13,+0.08,+0.08)
  [56/180] yaw=104.1 wind=(-4.01, 6.26) speed= 7.4m/s  roll=  6.8 pitch= -2.8  dither=(+0.08,+0.03,+0.07)
  [57/180] yaw=109.5 wind=( 3.28, 2.28) speed= 4.0m/s  roll=  1.2 pitch=  0.7  dither=(+0.06,+0.03,-0.07)
  [58/180] yaw=115.0 wind=( 0.32, 3.39) speed= 3.4m/s  roll= -5.9 pitch= -4.9  dither=(-0.01,+0.04,-0.05)
  [59/180] yaw=118.0 wind=(-1.62,-1.60) speed= 2.3m/s  roll= -3.8 pitch= -7.4  dither=(-0.12,+0.10,-0.11)
  [60/180] yaw=102.6 wind=( 0.20, 6.51) speed= 6.5m/s  roll= -4.2 pitch= -5.1  dither=(-0.02,+0.10,-0.04)

============================================================
=== yaw 5/12: 목표 142도로 회전 중 (현재 114.7도) ===
============================================================
  -> yaw 139.8도로 안정화
  [61/180] yaw=143.8 wind=(-5.64,-6.75) speed= 8.8m/s  roll=  4.0 pitch= -3.5  dither=(-0.04,-0.08,-0.10)
  [62/180] yaw=146.6 wind=(-3.25, 1.15) speed= 3.4m/s  roll=  7.8 pitch= 10.1  dither=(+0.05,+0.08,+0.15)
  [63/180] yaw=149.4 wind=(-1.84,-2.93) speed= 3.5m/s  roll= 20.6 pitch= -3.7  dither=(+0.02,+0.05,-0.14)
  [64/180] yaw=139.5 wind=( 0.82, 4.10) speed= 4.2m/s  roll= 14.3 pitch=  0.5  dither=(-0.04,+0.03,-0.10)
  [65/180] yaw=140.3 wind=(-4.41, 4.69) speed= 6.4m/s  roll=  1.7 pitch=  0.9  dither=(-0.01,+0.09,+0.08)
  [66/180] yaw=147.0 wind=( 2.81, 4.56) speed= 5.4m/s  roll= 11.4 pitch= 14.5  dither=(+0.05,+0.15,+0.08)
  [67/180] yaw=148.5 wind=( 1.55, 0.05) speed= 1.5m/s  roll= -4.0 pitch= -5.4  dither=(-0.00,+0.12,+0.07)
  [68/180] yaw=147.2 wind=(-5.13,-3.42) speed= 6.2m/s  roll= -6.1 pitch= -3.0  dither=(+0.01,+0.04,+0.15)
  [69/180] yaw=142.7 wind=( 7.29, 5.11) speed= 8.9m/s  roll= 10.9 pitch=  2.9  dither=(-0.06,+0.01,-0.09)
  [70/180] yaw=131.8 wind=( 0.58, 0.46) speed= 0.7m/s  roll=  5.6 pitch= -3.6  dither=(+0.15,+0.09,-0.12)
  [71/180] yaw=138.8 wind=( 1.29, 0.33) speed= 1.3m/s  roll= -1.2 pitch= -0.7  dither=(+0.02,+0.15,-0.05)
  [72/180] yaw=153.2 wind=( 1.48,-8.25) speed= 8.4m/s  roll= -1.6 pitch=  3.7  dither=(-0.10,-0.08,+0.15)
  [73/180] yaw=148.3 wind=(-0.96,-0.38) speed= 1.0m/s  roll= -0.7 pitch= 13.7  dither=(-0.03,+0.09,-0.00)
  [74/180] yaw=145.2 wind=( 1.56, 1.80) speed= 2.4m/s  roll=  8.7 pitch=  1.9  dither=(+0.00,+0.00,+0.08)
  [75/180] yaw=146.1 wind=(-8.61, 4.21) speed= 9.6m/s  roll= -0.8 pitch= -6.3  dither=(+0.01,+0.01,+0.15)

============================================================
=== yaw 6/12: 목표 172도로 회전 중 (현재 150.5도) ===
============================================================
  -> yaw 172.2도로 안정화
  [76/180] yaw=164.6 wind=( 2.88,-1.05) speed= 3.1m/s  roll= 11.2 pitch= 14.0  dither=(+0.01,+0.11,+0.01)
  [77/180] yaw=175.9 wind=(-2.63, 3.45) speed= 4.3m/s  roll=  8.2 pitch=  4.1  dither=(+0.01,-0.03,-0.03)
  [78/180] yaw=-179.9 wind=( 7.42,-0.98) speed= 7.5m/s  roll= 10.2 pitch=  6.3  dither=(+0.00,+0.04,-0.04)
  [79/180] yaw=178.3 wind=( 1.97,-6.63) speed= 6.9m/s  roll= -1.1 pitch= -1.5  dither=(+0.06,-0.04,-0.15)
  [80/180] yaw=159.4 wind=( 6.33,-1.78) speed= 6.6m/s  roll=  6.1 pitch= -0.4  dither=(-0.00,-0.04,-0.01)
  [81/180] yaw=179.8 wind=(-1.09,-2.03) speed= 2.3m/s  roll=  5.0 pitch= -6.1  dither=(+0.06,-0.05,+0.04)
  [82/180] yaw=170.7 wind=(-0.48, 3.93) speed= 4.0m/s  roll=  1.0 pitch= -3.0  dither=(+0.02,-0.03,-0.03)
  [83/180] yaw=171.9 wind=( 5.12, 3.03) speed= 6.0m/s  roll=  3.8 pitch= -2.3  dither=(+0.08,+0.09,+0.01)
  [84/180] yaw=174.4 wind=(-7.31, 5.40) speed= 9.1m/s  roll=  2.9 pitch= -9.2  dither=(+0.06,-0.02,-0.04)
  [85/180] yaw=167.6 wind=(-6.81,-5.01) speed= 8.4m/s  roll=  3.4 pitch=  8.4  dither=(+0.08,-0.05,+0.12)
  [86/180] yaw=167.5 wind=( 1.92, 0.18) speed= 1.9m/s  roll= -1.1 pitch= -3.0  dither=(-0.04,-0.06,-0.03)
  [87/180] yaw=-179.8 wind=(-6.91, 4.05) speed= 8.0m/s  roll= -6.7 pitch= -4.5  dither=(+0.15,+0.06,+0.15)
  [88/180] yaw=174.5 wind=(-4.94, 7.22) speed= 8.8m/s  roll= -7.9 pitch=  1.7  dither=(-0.11,-0.15,+0.02)
  [89/180] yaw=168.0 wind=( 1.24, 3.11) speed= 3.3m/s  roll= -0.9 pitch= -4.6  dither=(+0.14,-0.03,+0.07)
  [90/180] yaw=172.7 wind=(-9.18, 3.58) speed= 9.9m/s  roll=  0.6 pitch= -2.3  dither=(+0.06,-0.06,-0.01)

============================================================
=== yaw 7/12: 목표 202도로 회전 중 (현재 164.4도) ===
============================================================
  -> yaw -160.2도로 안정화
  [91/180] yaw=-146.7 wind=(-2.01, 4.89) speed= 5.3m/s  roll= -8.1 pitch= -4.5  dither=(+0.01,+0.05,-0.10)
  [92/180] yaw=-153.0 wind=(-7.82, 0.12) speed= 7.8m/s  roll= -9.4 pitch= -6.7  dither=(-0.15,-0.13,-0.02)
  [93/180] yaw=-148.9 wind=(-8.26, 3.54) speed= 9.0m/s  roll= -3.7 pitch= -0.8  dither=(-0.08,+0.03,+0.06)
  [94/180] yaw=-161.0 wind=( 4.74, 3.43) speed= 5.9m/s  roll=  7.0 pitch= -6.3  dither=(+0.10,-0.06,+0.08)
  [95/180] yaw=-148.5 wind=(-3.37, 1.28) speed= 3.6m/s  roll= -1.3 pitch=  2.4  dither=(-0.10,-0.07,+0.02)
  [96/180] yaw=-154.0 wind=( 0.17, 0.18) speed= 0.2m/s  roll=  3.0 pitch= -2.3  dither=(-0.05,-0.07,-0.03)
  [97/180] yaw=-165.6 wind=( 0.38, 0.44) speed= 0.6m/s  roll= 11.3 pitch=  2.2  dither=(-0.06,+0.15,-0.15)
  [98/180] yaw=-149.4 wind=( 7.23,-0.59) speed= 7.3m/s  roll=  7.0 pitch= -3.1  dither=(+0.09,+0.04,+0.10)
  [99/180] yaw=-150.0 wind=( 5.52, 6.85) speed= 8.8m/s  roll= -6.5 pitch= -4.1  dither=(-0.12,-0.15,+0.14)
  [100/180] yaw=-153.8 wind=( 7.67,-3.22) speed= 8.3m/s  roll=  4.6 pitch=-10.2  dither=(+0.09,-0.05,-0.15)
  [101/180] yaw=-150.6 wind=(-0.78,-4.06) speed= 4.1m/s  roll= -4.2 pitch=  5.5  dither=(+0.06,-0.05,-0.01)
  [102/180] yaw=-163.6 wind=( 2.86, 4.01) speed= 4.9m/s  roll=  3.4 pitch= -5.6  dither=(-0.03,-0.10,-0.15)
  [103/180] yaw=-150.6 wind=(-3.87, 4.35) speed= 5.8m/s  roll=  8.6 pitch=  9.8  dither=(+0.05,-0.03,-0.02)
  [104/180] yaw=-158.8 wind=(-1.58,-5.60) speed= 5.8m/s  roll=  8.9 pitch=  5.3  dither=(-0.04,+0.00,-0.12)
  [105/180] yaw=-162.3 wind=( 0.34, 1.71) speed= 1.7m/s  roll= -5.3 pitch=  8.9  dither=(-0.14,-0.09,+0.01)

============================================================
=== yaw 8/12: 목표 232도로 회전 중 (현재 -155.1도) ===
============================================================
  -> yaw -127.6도로 안정화
  [106/180] yaw=-131.7 wind=( 7.07,-1.72) speed= 7.3m/s  roll= 17.2 pitch=  4.3  dither=(+0.06,+0.03,-0.07)
  [107/180] yaw=-130.5 wind=(-0.00,-8.39) speed= 8.4m/s  roll= 11.2 pitch=  8.7  dither=(+0.13,-0.04,-0.05)
  [108/180] yaw=-121.4 wind=(-1.49, 2.61) speed= 3.0m/s  roll= -3.7 pitch=  2.9  dither=(+0.07,+0.04,+0.06)
  [109/180] yaw=-132.5 wind=( 5.39,-5.89) speed= 8.0m/s  roll=  5.3 pitch= -2.3  dither=(-0.07,+0.07,+0.15)
  [110/180] yaw=-125.4 wind=( 3.04, 8.54) speed= 9.1m/s  roll= -5.7 pitch=-12.0  dither=(-0.11,+0.12,+0.00)
  [111/180] yaw=-143.9 wind=(-0.15,-2.96) speed= 3.0m/s  roll=  6.4 pitch= 10.5  dither=(+0.04,-0.05,-0.08)
  [112/180] yaw=-128.8 wind=( 0.53,-1.28) speed= 1.4m/s  roll=  0.7 pitch=-13.7  dither=(+0.04,-0.15,+0.15)
  [113/180] yaw=-121.9 wind=(-6.55, 0.04) speed= 6.5m/s  roll= -3.0 pitch=  6.5  dither=(-0.04,+0.04,+0.14)
  [114/180] yaw=-129.4 wind=( 7.24,-4.77) speed= 8.7m/s  roll= -3.6 pitch= -6.2  dither=(-0.12,+0.04,-0.00)
  [115/180] yaw=-129.3 wind=( 3.14, 6.22) speed= 7.0m/s  roll= -1.9 pitch= -0.1  dither=(-0.04,+0.03,+0.15)
  [116/180] yaw=-133.5 wind=( 4.44,-1.01) speed= 4.6m/s  roll=  4.4 pitch= -9.5  dither=(-0.14,-0.10,-0.12)
  [117/180] yaw=-132.4 wind=( 3.31,-1.34) speed= 3.6m/s  roll=  4.2 pitch=  6.6  dither=(+0.11,+0.06,-0.02)
  [118/180] yaw=-124.0 wind=(-4.25,-0.47) speed= 4.3m/s  roll=  4.1 pitch=  7.6  dither=(-0.08,+0.08,+0.10)
  [119/180] yaw=-137.1 wind=(-0.79, 0.45) speed= 0.9m/s  roll= -2.1 pitch=-10.5  dither=(-0.02,+0.02,-0.02)
  [120/180] yaw=-127.1 wind=(-0.89, 1.33) speed= 1.6m/s  roll=  0.9 pitch=  0.6  dither=(-0.06,-0.12,+0.05)

============================================================
=== yaw 9/12: 목표 262도로 회전 중 (현재 -117.9도) ===
============================================================
  -> yaw -97.8도로 안정화
  [121/180] yaw=-88.3 wind=( 0.06,-0.12) speed= 0.1m/s  roll= -2.7 pitch= -1.6  dither=(+0.00,+0.06,+0.14)
  [122/180] yaw=-99.9 wind=(-4.44, 8.86) speed= 9.9m/s  roll=-13.1 pitch= -1.1  dither=(-0.10,+0.04,+0.07)
  [123/180] yaw=-97.1 wind=( 0.16,-1.26) speed= 1.3m/s  roll=  3.4 pitch=  0.6  dither=(+0.15,-0.04,-0.12)
  [124/180] yaw=-89.2 wind=( 1.26, 4.91) speed= 5.1m/s  roll=-12.0 pitch=  8.7  dither=(+0.15,-0.01,-0.08)
  [125/180] yaw=-94.5 wind=(-6.38, 0.19) speed= 6.4m/s  roll=-12.5 pitch=  1.1  dither=(-0.06,+0.04,-0.01)
  [126/180] yaw=-98.4 wind=( 1.94,-7.82) speed= 8.1m/s  roll=  5.6 pitch=  2.2  dither=(-0.15,-0.15,-0.01)
  [127/180] yaw=-91.7 wind=(-5.24,-8.35) speed= 9.9m/s  roll= -2.5 pitch=  9.2  dither=(+0.01,+0.12,-0.15)
  [128/180] yaw=-98.5 wind=(-1.49, 1.96) speed= 2.5m/s  roll=  2.4 pitch=  2.8  dither=(-0.06,+0.06,+0.03)
  [129/180] yaw=-99.5 wind=(-2.50,-7.30) speed= 7.7m/s  roll=  0.5 pitch=  2.8  dither=(-0.13,-0.10,-0.01)
  [130/180] yaw=-98.3 wind=( 0.56, 5.31) speed= 5.3m/s  roll= -1.5 pitch=  2.1  dither=(-0.12,+0.03,-0.15)
  [131/180] yaw=-92.8 wind=(-0.00,-0.59) speed= 0.6m/s  roll= -5.1 pitch=  3.0  dither=(+0.09,-0.02,+0.08)
  [132/180] yaw=-108.1 wind=( 0.01, 0.28) speed= 0.3m/s  roll=  3.3 pitch= -1.6  dither=(-0.02,+0.12,-0.08)
  [133/180] yaw=-91.6 wind=(-2.88,-4.66) speed= 5.5m/s  roll=  0.7 pitch=  3.6  dither=(+0.02,+0.11,-0.01)
  [134/180] yaw=-101.7 wind=( 1.91, 0.43) speed= 2.0m/s  roll= -5.6 pitch=  1.1  dither=(-0.06,-0.06,+0.13)
  [135/180] yaw=-83.3 wind=( 0.78,-1.54) speed= 1.7m/s  roll=  2.2 pitch=-12.5  dither=(+0.08,-0.02,-0.02)

============================================================
=== yaw 10/12: 목표 292도로 회전 중 (현재 -101.8도) ===
============================================================
  -> yaw -68.4도로 안정화
  [136/180] yaw=-71.7 wind=(-3.30,-8.54) speed= 9.2m/s  roll=  1.6 pitch=  4.0  dither=(-0.06,-0.02,+0.08)
  [137/180] yaw=-67.5 wind=( 6.02,-7.15) speed= 9.3m/s  roll= -7.0 pitch=  3.4  dither=(-0.08,+0.08,-0.15)
  [138/180] yaw=-75.0 wind=(-2.20, 2.75) speed= 3.5m/s  roll=-14.2 pitch= -1.4  dither=(-0.12,-0.05,-0.15)
  [139/180] yaw=-73.6 wind=( 5.91, 6.46) speed= 8.8m/s  roll=-15.1 pitch=  0.4  dither=(-0.14,+0.15,-0.14)
  [140/180] yaw=-69.7 wind=( 2.14,-4.67) speed= 5.1m/s  roll=  7.7 pitch=  9.8  dither=(-0.05,+0.02,+0.05)
  [141/180] yaw=-66.9 wind=( 2.60,-0.55) speed= 2.7m/s  roll=  1.1 pitch= -2.3  dither=(+0.06,-0.03,+0.00)
  [142/180] yaw=-56.9 wind=( 1.52, 3.17) speed= 3.5m/s  roll=-11.4 pitch= 13.2  dither=(-0.07,-0.08,+0.07)
  [143/180] yaw=-67.7 wind=(-1.03, 3.66) speed= 3.8m/s  roll= -2.4 pitch=  7.5  dither=(-0.02,+0.05,-0.07)
  [144/180] yaw=-59.9 wind=( 2.46,-2.02) speed= 3.2m/s  roll=-14.9 pitch=  1.9  dither=(-0.15,+0.07,-0.15)
  [145/180] yaw=-69.6 wind=( 6.58, 6.40) speed= 9.2m/s  roll=  1.3 pitch=  0.1  dither=(-0.09,-0.02,-0.02)
  [146/180] yaw=-55.3 wind=(-7.93,-1.98) speed= 8.2m/s  roll=  5.4 pitch=  2.7  dither=(-0.05,+0.03,+0.03)
  [147/180] yaw=-72.5 wind=(-7.26, 2.45) speed= 7.7m/s  roll=  6.8 pitch= 13.2  dither=(+0.12,+0.10,-0.10)
  [148/180] yaw=-71.6 wind=( 4.37,-0.12) speed= 4.4m/s  roll=  5.4 pitch=  0.8  dither=(+0.03,-0.09,+0.07)
  [149/180] yaw=-66.1 wind=( 0.62, 0.35) speed= 0.7m/s  roll= -1.3 pitch= -0.6  dither=(-0.15,-0.15,-0.08)
  [150/180] yaw=-63.6 wind=(-6.20, 1.69) speed= 6.4m/s  roll=  2.2 pitch= -0.7  dither=(-0.00,+0.01,-0.09)

============================================================
=== yaw 11/12: 목표 322도로 회전 중 (현재 -66.6도) ===
============================================================
  -> yaw -36.6도로 안정화
  [151/180] yaw=-38.9 wind=( 7.67,-3.59) speed= 8.5m/s  roll= -4.0 pitch= -7.0  dither=(+0.07,-0.12,-0.14)
  [152/180] yaw=-35.6 wind=(-0.64, 3.21) speed= 3.3m/s  roll= -3.0 pitch= -1.0  dither=(-0.00,-0.02,+0.14)
  [153/180] yaw=-35.0 wind=( 0.96,-1.08) speed= 1.4m/s  roll=  7.4 pitch=  6.3  dither=(+0.01,+0.15,-0.01)
  [154/180] yaw=-41.0 wind=(-0.34, 2.57) speed= 2.6m/s  roll= -5.7 pitch=  3.5  dither=(-0.01,+0.11,-0.15)
  [155/180] yaw=-29.9 wind=( 0.40,-9.53) speed= 9.5m/s  roll= -2.5 pitch=-10.0  dither=(-0.10,-0.15,-0.03)
  [156/180] yaw=-35.6 wind=(-3.11, 7.90) speed= 8.5m/s  roll= -4.1 pitch=  1.5  dither=(+0.10,-0.08,+0.11)
  [157/180] yaw=-40.3 wind=( 1.86, 0.97) speed= 2.1m/s  roll= -5.3 pitch=  4.7  dither=(-0.06,+0.08,+0.06)
  [158/180] yaw=-33.1 wind=(-2.19, 6.65) speed= 7.0m/s  roll=  0.0 pitch= -0.4  dither=(+0.09,+0.00,+0.07)
  [159/180] yaw=-31.4 wind=( 2.60,-2.42) speed= 3.6m/s  roll=  0.4 pitch= -8.3  dither=(-0.02,+0.09,-0.06)
  [160/180] yaw=-45.4 wind=( 0.19, 6.44) speed= 6.4m/s  roll= -4.5 pitch= -0.7  dither=(+0.15,+0.12,+0.09)
  [161/180] yaw=-31.5 wind=(-8.92,-3.86) speed= 9.7m/s  roll= 17.2 pitch= 11.3  dither=(-0.00,+0.02,+0.06)
  [162/180] yaw=-49.8 wind=(-0.33,-1.91) speed= 1.9m/s  roll=  2.6 pitch= -0.4  dither=(+0.02,+0.00,-0.09)
  [163/180] yaw=-34.9 wind=( 0.35,-0.12) speed= 0.4m/s  roll= 15.6 pitch=  2.3  dither=(+0.02,-0.10,+0.11)
  [164/180] yaw=-26.2 wind=( 1.01,-2.66) speed= 2.8m/s  roll=  6.3 pitch=  2.9  dither=(+0.01,-0.14,+0.09)
  [165/180] yaw=-46.2 wind=(-1.48, 2.28) speed= 2.7m/s  roll=  7.9 pitch= -8.0  dither=(-0.03,+0.05,-0.02)

============================================================
=== yaw 12/12: 목표 352도로 회전 중 (현재 -42.8도) ===
============================================================
  -> yaw -9.8도로 안정화
  [166/180] yaw= -8.1 wind=( 0.01, 3.45) speed= 3.5m/s  roll= -7.5 pitch= 10.4  dither=(-0.01,+0.03,-0.02)
  [167/180] yaw= -5.6 wind=(-4.08,-0.97) speed= 4.2m/s  roll=  1.2 pitch= -9.3  dither=(+0.01,-0.05,+0.03)
  [168/180] yaw=-18.9 wind=(-2.92, 4.62) speed= 5.5m/s  roll=  0.9 pitch=-13.3  dither=(+0.15,-0.10,-0.12)
  [169/180] yaw= -8.9 wind=(-6.92, 4.02) speed= 8.0m/s  roll= -6.3 pitch=  1.6  dither=(-0.07,-0.09,+0.02)
  [170/180] yaw=-18.8 wind=( 1.51,-3.49) speed= 3.8m/s  roll= -5.6 pitch= -7.1  dither=(+0.03,+0.07,-0.15)
  [171/180] yaw= -9.3 wind=( 5.98,-4.49) speed= 7.5m/s  roll=  4.9 pitch= -3.2  dither=(+0.00,+0.00,-0.14)
  [172/180] yaw=-10.8 wind=( 0.52,-1.08) speed= 1.2m/s  roll=  0.1 pitch= -2.5  dither=(+0.03,-0.10,-0.12)
  [173/180] yaw=  3.6 wind=(-0.57, 5.71) speed= 5.7m/s  roll= -5.4 pitch=  0.5  dither=(-0.15,-0.07,+0.13)
  [174/180] yaw=-10.6 wind=(-0.34, 0.09) speed= 0.4m/s  roll= -7.1 pitch= -9.3  dither=(-0.11,+0.07,-0.06)
  [175/180] yaw= -8.6 wind=(-0.13, 2.59) speed= 2.6m/s  roll=  4.1 pitch=  3.3  dither=(-0.07,+0.15,-0.15)
  [176/180] yaw=-11.6 wind=(-0.63,-1.89) speed= 2.0m/s  roll=  9.7 pitch=  3.5  dither=(+0.04,+0.01,-0.02)
  [177/180] yaw=-13.7 wind=( 5.41, 0.07) speed= 5.4m/s  roll=  0.8 pitch=  0.5  dither=(-0.04,+0.04,-0.07)
  [178/180] yaw= -7.4 wind=( 6.58,-2.87) speed= 7.2m/s  roll=  4.3 pitch=  1.2  dither=(-0.13,-0.05,-0.06)
  [179/180] yaw=  2.3 wind=(-1.40,-7.83) speed= 8.0m/s  roll= -1.3 pitch= -2.4  dither=(+0.11,+0.02,+0.06)
  [180/180] yaw= -0.3 wind=(-1.20,-0.63) speed= 1.4m/s  roll=  0.2 pitch= -0.5  dither=(+0.03,-0.13,-0.03)

데이터 수집 완료. CSV 저장됨: ../../logs/wind_random_dither_20260816_111006_yaw22p0_n12x15_speed0-10_seed12042.csv
[송신 간격 통계] 목표=50ms  평균=50.0ms  최대=69.7ms  임계치 초과=0/65227

--- Offboard 종료 ---

--- Landing ---
-> 착륙 완료 및 디스암 확인

무작위 바람+토크 더더링 데이터 수집 완료.
  [수집] 세션 12 완료 (시도 1/3)
  [그래프] /home/ssh2003/MyProjects/quad-pinn-project/logs/wind_random_dither_20260816_111006_yaw22p0_n12x15_speed0-10_seed12042.csv 요약 PNG 생성 중...
    findfont: Failed to find font weight normal, now using 100.
    /home/ssh2003/MyProjects/quad-pinn-project/sim_scripts/data_collection/plot_session_grid.py:106: UserWarning: This figure includes Axes that are not compatible with tight_layout, so results might be incorrect.
      fig.tight_layout(rect=[0, 0, 0.92, 0.94])
    findfont: Failed to find font weight normal, now using 100.
    findfont: Failed to find font weight normal, now using 100.
    findfont: Failed to find font weight normal, now using 100.
    findfont: Failed to find font weight normal, now using 100.
    저장됨: /home/ssh2003/MyProjects/quad-pinn-project/figures/wind_random_20260816_034808_n12x15_td15/session_wind_random_dither_20260816_111006_yaw22p0_n12x15_speed0-10_seed12042.png

############################################################
# 세션 13/15
############################################################
  [SITL] 기존 프로세스 정리 중 (정상종료 시도)...
Terminated
  [SITL] 강제 정리 (남아있는 프로세스 있으면)...
  [SITL] 재시작 중...
  [SITL] px4 프로세스 감지됨 (1s). 안정화 대기 15s...
  [수집] 시작 (seed=13042, yaw-offset=24.000도, 시도 1/3, 타임아웃 4196초)
PX4 SITL에 연결 시도 중...
-> 드론에 연결됨!
GPS/홈 위치 확인 중...
-> 전역 위치 및 홈 위치 준비 완료

[확인] PX4 SITL이 'windy' 월드로 실행 중인지 확인할 것.

--- Arming ---
-> Armed

--- Takeoff ---
  안전 고도(1.5m) 도달 대기 중...
  -> 안전 고도 도달 (relative_altitude=1.51m)

--- Offboard 진입 준비: 초기 setpoint(현재 위치 고정) 전송 ---

--- Offboard 모드 시작 ---

CSV 로그 저장 경로: ../../logs/wind_random_dither_20260816_120515_yaw24p0_n12x15_speed0-10_seed13042.csv
더더링: OU 프로세스 tau=0.3s sigma=0.1 clamp=±0.15

yaw 12방향(offset=24.0도) x 방향당 바람조건 15개 = 총 180개 수집 시작 (조건당 15초, 예상 총 소요 51.0분 + yaw 회전 시간)

============================================================
=== yaw 1/12: 목표 24도로 회전 중 (현재 90.6도) ===
============================================================
  -> yaw 25.7도로 안정화
  [1/180] yaw= 16.9 wind=( 3.32, 0.35) speed= 3.3m/s  roll= -0.6 pitch= -2.2  dither=(-0.15,-0.00,+0.04)
  [2/180] yaw= 36.2 wind=(-1.07, 0.45) speed= 1.2m/s  roll= 12.3 pitch=  2.1  dither=(+0.06,+0.15,+0.03)
  [3/180] yaw= 24.3 wind=(-5.22,-1.42) speed= 5.4m/s  roll=  5.6 pitch= -7.6  dither=(-0.15,+0.01,-0.00)
  [4/180] yaw= 19.3 wind=( 0.67,-3.94) speed= 4.0m/s  roll=  5.4 pitch=  0.2  dither=(+0.15,+0.15,+0.02)
  [5/180] yaw= 29.0 wind=( 5.17,-7.02) speed= 8.7m/s  roll=-10.3 pitch= -4.8  dither=(-0.04,+0.12,+0.01)
  [6/180] yaw= 15.7 wind=( 1.22,-3.68) speed= 3.9m/s  roll= -9.5 pitch= -2.6  dither=(+0.15,-0.05,+0.15)
  [7/180] yaw= 31.5 wind=(-2.63, 9.05) speed= 9.4m/s  roll= -1.3 pitch=  9.2  dither=(-0.15,+0.15,+0.03)
  [8/180] yaw= 26.1 wind=(-5.03,-2.69) speed= 5.7m/s  roll= 15.2 pitch= -1.9  dither=(+0.08,-0.15,-0.15)
  [9/180] yaw= 23.0 wind=( 5.16, 7.14) speed= 8.8m/s  roll= -9.3 pitch= -3.1  dither=(+0.03,+0.01,+0.03)
  [10/180] yaw= 27.6 wind=(-0.11,-3.69) speed= 3.7m/s  roll= -5.6 pitch= -2.3  dither=(+0.04,-0.09,-0.05)
  [11/180] yaw= 39.7 wind=( 1.08, 9.42) speed= 9.5m/s  roll= -7.4 pitch=  5.8  dither=(-0.14,+0.02,+0.15)
  [12/180] yaw= 31.2 wind=(-2.16, 4.84) speed= 5.3m/s  roll= -5.0 pitch= -0.8  dither=(-0.07,+0.02,+0.13)
  [13/180] yaw= 25.1 wind=( 3.89,-8.02) speed= 8.9m/s  roll= -9.5 pitch= -6.7  dither=(-0.04,+0.00,+0.09)
  [14/180] yaw= 14.5 wind=(-0.04,-0.03) speed= 0.1m/s  roll= 10.6 pitch= -7.4  dither=(+0.05,-0.04,-0.02)
  [15/180] yaw= 32.1 wind=( 0.65, 1.60) speed= 1.7m/s  roll= -7.7 pitch=  8.4  dither=(-0.09,+0.15,+0.15)

============================================================
=== yaw 2/12: 목표 54도로 회전 중 (현재 22.5도) ===
============================================================
  -> yaw 51.7도로 안정화
  [16/180] yaw= 49.4 wind=( 0.09, 2.30) speed= 2.3m/s  roll= -4.1 pitch= -6.3  dither=(-0.14,+0.06,-0.03)
  [17/180] yaw= 57.1 wind=(-0.80,-0.76) speed= 1.1m/s  roll= -0.2 pitch=  3.8  dither=(+0.01,+0.02,-0.06)
  [18/180] yaw= 61.2 wind=(-0.95,-5.82) speed= 5.9m/s  roll= -4.7 pitch= -7.9  dither=(+0.15,-0.04,+0.03)
  [19/180] yaw= 52.7 wind=( 1.35,-2.16) speed= 2.6m/s  roll= -2.5 pitch=  0.5  dither=(+0.02,+0.11,-0.11)
  [20/180] yaw= 54.6 wind=( 1.07, 6.02) speed= 6.1m/s  roll=  5.8 pitch=  6.2  dither=(+0.12,-0.00,+0.01)
  [21/180] yaw= 53.7 wind=(-1.42, 1.80) speed= 2.3m/s  roll=  2.5 pitch= 10.4  dither=(+0.03,+0.08,+0.08)
  [22/180] yaw= 62.0 wind=( 2.56, 3.58) speed= 4.4m/s  roll=  9.6 pitch=  5.5  dither=(+0.12,+0.00,+0.12)
  [23/180] yaw= 62.3 wind=( 5.87, 3.57) speed= 6.9m/s  roll=  3.4 pitch= -5.8  dither=(+0.02,-0.05,-0.05)
  [24/180] yaw= 52.2 wind=( 5.82,-3.91) speed= 7.0m/s  roll=  8.6 pitch= -2.0  dither=(+0.04,+0.13,+0.12)
  [25/180] yaw= 49.6 wind=(-6.14,-7.27) speed= 9.5m/s  roll=  2.1 pitch= -9.9  dither=(-0.10,-0.15,-0.10)
  [26/180] yaw= 55.1 wind=(-1.03,-6.97) speed= 7.0m/s  roll= -0.3 pitch=  0.3  dither=(-0.13,-0.07,-0.03)
  [27/180] yaw= 47.3 wind=(-1.35,-5.57) speed= 5.7m/s  roll= -2.0 pitch= -1.0  dither=(+0.15,-0.01,+0.15)
  [28/180] yaw= 47.8 wind=( 6.81, 3.70) speed= 7.8m/s  roll= -3.5 pitch= 12.5  dither=(-0.09,-0.00,-0.14)
  [29/180] yaw= 61.5 wind=(-1.12,-2.21) speed= 2.5m/s  roll= -2.5 pitch= -0.9  dither=(+0.01,-0.02,-0.02)
  [30/180] yaw= 59.9 wind=(-4.94, 1.06) speed= 5.1m/s  roll=  9.4 pitch= -9.0  dither=(+0.03,+0.02,+0.04)

============================================================
=== yaw 3/12: 목표 84도로 회전 중 (현재 55.5도) ===
============================================================
  -> yaw 81.6도로 안정화
  [31/180] yaw= 74.3 wind=(-0.74,-1.93) speed= 2.1m/s  roll= -4.8 pitch= 11.5  dither=(-0.15,+0.05,-0.06)
  [32/180] yaw= 73.0 wind=(-5.54,-6.72) speed= 8.7m/s  roll= -2.5 pitch= -0.9  dither=(-0.15,-0.04,-0.15)
  [33/180] yaw= 76.3 wind=(-0.54,-5.96) speed= 6.0m/s  roll= -3.1 pitch= 10.9  dither=(-0.07,+0.15,-0.13)
  [34/180] yaw= 81.1 wind=( 4.85,-3.99) speed= 6.3m/s  roll= -8.3 pitch= -3.5  dither=(-0.14,+0.03,+0.07)
  [35/180] yaw= 86.2 wind=(-3.76,-5.51) speed= 6.7m/s  roll=-15.1 pitch=-13.4  dither=(+0.02,-0.15,-0.06)
  [36/180] yaw= 71.3 wind=(-0.23, 0.19) speed= 0.3m/s  roll=  7.7 pitch=  1.9  dither=(-0.09,+0.07,-0.05)
  [37/180] yaw= 75.4 wind=( 0.73, 7.67) speed= 7.7m/s  roll=  6.2 pitch=  7.1  dither=(+0.03,-0.01,-0.02)
  [38/180] yaw= 88.5 wind=(-0.33,-4.61) speed= 4.6m/s  roll=  1.7 pitch= -0.6  dither=(-0.10,+0.03,-0.03)
  [39/180] yaw= 95.0 wind=( 7.46, 1.49) speed= 7.6m/s  roll=  8.5 pitch=  2.3  dither=(+0.15,-0.12,+0.08)
  [40/180] yaw= 91.7 wind=(-1.29, 4.89) speed= 5.1m/s  roll=  8.3 pitch= -3.3  dither=(-0.09,-0.06,+0.08)
  [41/180] yaw= 94.0 wind=( 8.43,-4.18) speed= 9.4m/s  roll= -7.3 pitch=  0.2  dither=(+0.10,+0.08,+0.02)
  [42/180] yaw= 91.6 wind=(-4.08,-6.88) speed= 8.0m/s  roll= -3.2 pitch=  6.8  dither=(+0.15,+0.15,+0.10)
  [43/180] yaw= 88.9 wind=(-6.13, 3.12) speed= 6.9m/s  roll=  6.8 pitch= -3.3  dither=(+0.02,+0.12,+0.15)
  [44/180] yaw= 90.1 wind=( 2.73, 1.42) speed= 3.1m/s  roll=  3.3 pitch=  5.8  dither=(+0.13,-0.04,-0.00)
  [45/180] yaw= 94.3 wind=(-0.17, 1.65) speed= 1.7m/s  roll=  3.0 pitch=  6.8  dither=(+0.02,+0.01,+0.05)

============================================================
=== yaw 4/12: 목표 114도로 회전 중 (현재 71.4도) ===
============================================================
  -> yaw 113.1도로 안정화
  [46/180] yaw=110.4 wind=(-0.87,-1.11) speed= 1.4m/s  roll=  6.1 pitch=  0.3  dither=(+0.13,-0.13,-0.07)
  [47/180] yaw=113.4 wind=(-1.69,-7.79) speed= 8.0m/s  roll=-11.2 pitch= -4.2  dither=(-0.01,+0.08,+0.15)
  [48/180] yaw=107.6 wind=(-1.59,-3.83) speed= 4.1m/s  roll=-11.1 pitch= -4.1  dither=(-0.10,-0.07,-0.10)
  [49/180] yaw=114.1 wind=(-3.62,-5.95) speed= 7.0m/s  roll= -7.0 pitch=-13.7  dither=(+0.00,-0.06,+0.15)
  [50/180] yaw=110.9 wind=(-0.65,-4.89) speed= 4.9m/s  roll=-13.5 pitch= -8.4  dither=(-0.11,-0.03,+0.00)
  [51/180] yaw=103.5 wind=(-0.94,-1.06) speed= 1.4m/s  roll= -0.2 pitch=  1.0  dither=(-0.06,-0.09,+0.05)
  [52/180] yaw=118.3 wind=(-0.69,-2.61) speed= 2.7m/s  roll= -2.6 pitch= -8.0  dither=(+0.07,-0.01,-0.09)
  [53/180] yaw=120.6 wind=(-0.47, 0.93) speed= 1.0m/s  roll=  3.5 pitch=  8.3  dither=(-0.03,-0.02,+0.04)
  [54/180] yaw=112.1 wind=( 1.51, 2.19) speed= 2.7m/s  roll= -5.0 pitch=  4.4  dither=(+0.07,-0.03,+0.15)
  [55/180] yaw=112.9 wind=( 5.64,-0.00) speed= 5.6m/s  roll= 10.4 pitch= -7.0  dither=(+0.05,-0.12,-0.03)
  [56/180] yaw=126.4 wind=( 3.39, 8.60) speed= 9.2m/s  roll=  3.3 pitch=  3.4  dither=(+0.09,+0.07,+0.08)
  [57/180] yaw=118.4 wind=( 2.16,-0.81) speed= 2.3m/s  roll= -6.3 pitch= -3.3  dither=(-0.07,+0.07,+0.06)
  [58/180] yaw=107.9 wind=(-2.43, 9.10) speed= 9.4m/s  roll=  3.6 pitch=-14.8  dither=(-0.15,-0.01,-0.05)
  [59/180] yaw=104.6 wind=( 0.09,-0.14) speed= 0.2m/s  roll= -4.0 pitch=  7.1  dither=(-0.10,-0.06,-0.06)
  [60/180] yaw=111.6 wind=(-0.88, 0.03) speed= 0.9m/s  roll= -8.2 pitch=  4.3  dither=(-0.03,+0.11,-0.08)

============================================================
=== yaw 5/12: 목표 144도로 회전 중 (현재 110.7도) ===
============================================================
  -> yaw 145.5도로 안정화
  [61/180] yaw=152.0 wind=( 5.52,-7.19) speed= 9.1m/s  roll=  9.0 pitch= 13.2  dither=(-0.00,+0.13,+0.09)
  [62/180] yaw=146.3 wind=(-8.44, 4.09) speed= 9.4m/s  roll= -3.5 pitch= -7.0  dither=(-0.11,-0.02,+0.01)
  [63/180] yaw=143.5 wind=( 3.23,-4.61) speed= 5.6m/s  roll= -2.8 pitch= -0.1  dither=(+0.09,+0.09,-0.00)
  [64/180] yaw=147.0 wind=( 0.35,-5.10) speed= 5.1m/s  roll=-13.4 pitch=  2.6  dither=(-0.11,+0.09,+0.08)
  [65/180] yaw=138.1 wind=( 0.01,-3.82) speed= 3.8m/s  roll=  9.3 pitch= -5.6  dither=(+0.12,+0.04,-0.13)
  [66/180] yaw=152.1 wind=(-0.84, 0.07) speed= 0.8m/s  roll= 14.9 pitch=  3.6  dither=(+0.11,+0.07,+0.08)
  [67/180] yaw=133.9 wind=( 1.27,-0.41) speed= 1.3m/s  roll= 11.1 pitch= -1.1  dither=(+0.02,-0.03,-0.07)
  [68/180] yaw=135.6 wind=(-4.35, 7.00) speed= 8.2m/s  roll=  0.3 pitch= -7.3  dither=(-0.04,-0.00,+0.01)
  [69/180] yaw=132.2 wind=(-8.08,-1.79) speed= 8.3m/s  roll=  0.8 pitch= -6.3  dither=(+0.09,-0.02,+0.10)
  [70/180] yaw=149.5 wind=( 1.68, 5.01) speed= 5.3m/s  roll= -6.6 pitch= -3.3  dither=(-0.01,-0.03,+0.04)
  [71/180] yaw=158.2 wind=(-6.62, 5.22) speed= 8.4m/s  roll=  1.5 pitch= -9.2  dither=(+0.09,+0.09,+0.01)
  [72/180] yaw=136.6 wind=( 7.25, 0.17) speed= 7.3m/s  roll= 12.2 pitch=  6.8  dither=(+0.03,-0.10,-0.13)
  [73/180] yaw=126.7 wind=(-2.10, 7.80) speed= 8.1m/s  roll= 14.4 pitch=  0.2  dither=(+0.06,+0.07,+0.05)
  [74/180] yaw=151.6 wind=( 3.10,-7.34) speed= 8.0m/s  roll=-10.6 pitch= -3.5  dither=(-0.03,+0.13,+0.02)
  [75/180] yaw=138.2 wind=(-3.58,-8.25) speed= 9.0m/s  roll= -0.6 pitch=  9.3  dither=(-0.10,+0.06,+0.02)

============================================================
=== yaw 6/12: 목표 174도로 회전 중 (현재 146.3도) ===
============================================================
  -> yaw 172.3도로 안정화
  [76/180] yaw=175.6 wind=( 0.16, 0.21) speed= 0.3m/s  roll=  4.0 pitch=-12.1  dither=(+0.03,-0.10,+0.11)
  [77/180] yaw=177.5 wind=( 8.56, 4.53) speed= 9.7m/s  roll= -1.1 pitch=  6.5  dither=(-0.15,+0.15,+0.04)
  [78/180] yaw=168.1 wind=(-1.60,-0.01) speed= 1.6m/s  roll= -2.4 pitch= -1.8  dither=(+0.06,-0.06,+0.11)
  [79/180] yaw=171.4 wind=(-3.37, 0.95) speed= 3.5m/s  roll= -5.6 pitch= -5.1  dither=(-0.15,+0.03,-0.00)
  [80/180] yaw=-173.9 wind=( 1.99, 1.26) speed= 2.4m/s  roll= -7.1 pitch=  5.8  dither=(-0.12,+0.11,-0.05)
  [81/180] yaw=176.6 wind=( 3.93,-2.23) speed= 4.5m/s  roll= -1.5 pitch=  0.8  dither=(-0.08,-0.04,-0.02)
  [82/180] yaw=175.7 wind=(-0.53, 8.02) speed= 8.0m/s  roll= -2.1 pitch= -2.4  dither=(-0.15,+0.02,+0.15)
  [83/180] yaw=-176.8 wind=(-6.32, 3.45) speed= 7.2m/s  roll= -8.5 pitch=  0.8  dither=(+0.10,+0.15,+0.14)
  [84/180] yaw=-176.3 wind=(-2.12,-8.73) speed= 9.0m/s  roll= -6.0 pitch=  2.6  dither=(+0.06,+0.04,+0.07)
  [85/180] yaw=179.5 wind=(-6.28, 4.55) speed= 7.8m/s  roll=-22.9 pitch= -3.5  dither=(-0.11,+0.05,-0.02)
  [86/180] yaw=172.1 wind=(-3.16,-6.90) speed= 7.6m/s  roll=-10.0 pitch= 10.8  dither=(-0.09,+0.14,+0.01)
  [87/180] yaw=179.0 wind=( 0.26,-3.93) speed= 3.9m/s  roll=  7.4 pitch= 14.1  dither=(-0.01,-0.01,+0.01)
  [88/180] yaw=173.7 wind=(-1.46,-4.02) speed= 4.3m/s  roll= -1.2 pitch= -1.6  dither=(+0.03,+0.10,+0.02)
  [89/180] yaw=164.0 wind=(-4.58,-4.35) speed= 6.3m/s  roll= -8.1 pitch=  4.7  dither=(-0.05,-0.03,-0.15)
  [90/180] yaw=164.6 wind=( 0.19, 6.13) speed= 6.1m/s  roll=  9.8 pitch= -5.1  dither=(-0.02,-0.15,-0.03)

============================================================
=== yaw 7/12: 목표 204도로 회전 중 (현재 172.8도) ===
============================================================
  -> yaw -157.8도로 안정화
  [91/180] yaw=-153.4 wind=( 1.78,-1.75) speed= 2.5m/s  roll=  0.1 pitch=  8.1  dither=(+0.15,+0.05,+0.01)
  [92/180] yaw=-161.1 wind=(-6.76, 1.61) speed= 6.9m/s  roll= -0.5 pitch= -5.4  dither=(-0.07,+0.07,+0.00)
  [93/180] yaw=-150.7 wind=( 1.26, 2.68) speed= 3.0m/s  roll= -1.9 pitch=  0.4  dither=(-0.08,+0.07,+0.01)
  [94/180] yaw=-141.8 wind=( 1.71,-9.24) speed= 9.4m/s  roll=  7.0 pitch=-13.8  dither=(+0.06,-0.02,+0.06)
  [95/180] yaw=-163.0 wind=(-9.25, 3.59) speed= 9.9m/s  roll= -9.1 pitch= -6.0  dither=(+0.06,-0.11,-0.07)
  [96/180] yaw=-160.1 wind=(-3.92,-0.26) speed= 3.9m/s  roll=-16.0 pitch=  2.6  dither=(-0.09,+0.11,+0.01)
  [97/180] yaw=-166.3 wind=(-0.94, 2.32) speed= 2.5m/s  roll= -8.2 pitch=  1.1  dither=(-0.11,-0.00,-0.02)
  [98/180] yaw=-149.9 wind=( 5.70,-7.34) speed= 9.3m/s  roll= 17.6 pitch=  3.1  dither=(+0.15,-0.11,+0.11)
  [99/180] yaw=-165.5 wind=(-2.52,-4.78) speed= 5.4m/s  roll=  1.4 pitch= 12.5  dither=(-0.06,+0.07,-0.09)
  [100/180] yaw=-151.3 wind=(-2.68,-3.81) speed= 4.7m/s  roll= -0.6 pitch=  5.5  dither=(-0.01,-0.02,+0.07)
  [101/180] yaw=-152.4 wind=(-1.05, 2.86) speed= 3.0m/s  roll= -1.0 pitch=  1.9  dither=(+0.10,-0.03,-0.05)
  [102/180] yaw=-159.8 wind=( 0.16,-0.25) speed= 0.3m/s  roll=  2.6 pitch=  2.5  dither=(-0.12,-0.12,-0.07)
  [103/180] yaw=-168.5 wind=(-5.10,-6.76) speed= 8.5m/s  roll= -2.1 pitch=  3.6  dither=(+0.03,+0.11,-0.02)
  [104/180] yaw=-163.6 wind=(-4.58,-3.22) speed= 5.6m/s  roll=  6.0 pitch=  4.9  dither=(-0.03,+0.09,+0.10)
  [105/180] yaw=-165.7 wind=( 2.07, 2.70) speed= 3.4m/s  roll=  3.0 pitch=-10.6  dither=(-0.03,-0.03,-0.05)

============================================================
=== yaw 8/12: 목표 234도로 회전 중 (현재 -153.3도) ===
============================================================
  -> yaw -125.0도로 안정화
  [106/180] yaw=-127.3 wind=( 5.20, 4.53) speed= 6.9m/s  roll= -1.5 pitch= -1.0  dither=(-0.15,+0.09,-0.12)
  [107/180] yaw=-119.0 wind=(-6.15,-0.73) speed= 6.2m/s  roll= -5.8 pitch=  1.2  dither=(+0.06,-0.09,-0.01)
  [108/180] yaw=-117.9 wind=(-4.70, 0.71) speed= 4.8m/s  roll=  7.3 pitch=  6.7  dither=(-0.07,-0.09,+0.15)
  [109/180] yaw=-128.4 wind=(-0.83, 0.00) speed= 0.8m/s  roll=-15.1 pitch= -0.2  dither=(-0.10,-0.14,-0.11)
  [110/180] yaw=-139.5 wind=(-0.24,-3.99) speed= 4.0m/s  roll=  4.8 pitch=  1.9  dither=(+0.06,+0.13,-0.12)
  [111/180] yaw=-133.8 wind=(-4.27, 0.04) speed= 4.3m/s  roll=  2.6 pitch=  3.7  dither=(-0.12,-0.13,-0.07)
  [112/180] yaw=-128.6 wind=(-3.29, 7.70) speed= 8.4m/s  roll= -5.9 pitch= -4.2  dither=(-0.04,+0.10,+0.07)
  [113/180] yaw=-125.0 wind=( 3.44,-5.02) speed= 6.1m/s  roll=  5.1 pitch=  3.1  dither=(-0.15,-0.06,-0.15)
  [114/180] yaw=-127.2 wind=( 0.41, 9.19) speed= 9.2m/s  roll= -7.1 pitch= -3.1  dither=(-0.15,+0.01,+0.01)
  [115/180] yaw=-126.3 wind=( 7.11, 6.99) speed=10.0m/s  roll=  4.5 pitch=-12.1  dither=(+0.03,+0.05,+0.06)
  [116/180] yaw=-131.8 wind=(-0.86,-0.79) speed= 1.2m/s  roll=  7.0 pitch=-12.0  dither=(-0.00,-0.15,-0.15)
  [117/180] yaw=-117.2 wind=( 4.25, 0.10) speed= 4.3m/s  roll=  2.4 pitch= -6.5  dither=(-0.13,-0.09,+0.12)
  [118/180] yaw=-125.8 wind=( 7.12,-3.25) speed= 7.8m/s  roll= 10.9 pitch= -7.9  dither=(+0.00,-0.11,+0.11)
  [119/180] yaw=-124.5 wind=(-2.21,-4.21) speed= 4.8m/s  roll=  7.0 pitch=  8.3  dither=(+0.05,-0.00,+0.02)
  [120/180] yaw=-139.1 wind=( 1.89, 0.03) speed= 1.9m/s  roll=  2.5 pitch=  1.9  dither=(-0.07,-0.09,-0.15)

============================================================
=== yaw 9/12: 목표 264도로 회전 중 (현재 -121.6도) ===
============================================================
  -> yaw -96.2도로 안정화
  [121/180] yaw=-94.3 wind=(-8.21,-0.62) speed= 8.2m/s  roll= -1.6 pitch=  5.6  dither=(+0.12,+0.04,+0.14)
  [122/180] yaw=-84.8 wind=(-0.48, 0.11) speed= 0.5m/s  roll=  8.9 pitch=  0.7  dither=(+0.09,+0.03,+0.03)
  [123/180] yaw=-102.3 wind=( 0.07,-0.31) speed= 0.3m/s  roll=  6.5 pitch=  4.8  dither=(-0.02,+0.06,-0.15)
  [124/180] yaw=-86.8 wind=(-6.86,-0.10) speed= 6.9m/s  roll= -2.8 pitch=  8.2  dither=(-0.15,+0.10,+0.08)
  [125/180] yaw=-91.7 wind=(-2.17,-4.39) speed= 4.9m/s  roll=  2.0 pitch=  5.7  dither=(-0.05,-0.02,-0.01)
  [126/180] yaw=-94.1 wind=(-0.51,-6.03) speed= 6.0m/s  roll= -8.8 pitch= -6.7  dither=(+0.09,+0.10,+0.14)
  [127/180] yaw=-98.3 wind=(-1.69, 2.88) speed= 3.3m/s  roll= -5.5 pitch= -4.9  dither=(+0.11,-0.09,-0.12)
  [128/180] yaw=-91.4 wind=( 0.84,-3.44) speed= 3.5m/s  roll= -1.4 pitch=  7.1  dither=(+0.11,+0.08,-0.05)
  [129/180] yaw=-106.5 wind=( 4.64,-0.56) speed= 4.7m/s  roll= -1.1 pitch= -5.9  dither=(-0.04,-0.15,-0.00)
  [130/180] yaw=-98.6 wind=( 4.47, 0.41) speed= 4.5m/s  roll=  6.3 pitch=-14.4  dither=(-0.03,+0.04,+0.06)
  [131/180] yaw=-90.9 wind=( 5.13, 5.76) speed= 7.7m/s  roll=-12.6 pitch= -8.7  dither=(+0.01,+0.01,+0.02)
  [132/180] yaw=-100.2 wind=(-3.31, 5.62) speed= 6.5m/s  roll=-10.5 pitch= -7.9  dither=(-0.14,+0.04,+0.03)
  [133/180] yaw=-97.5 wind=( 0.17,-0.37) speed= 0.4m/s  roll= -9.4 pitch= -1.5  dither=(+0.15,+0.15,-0.00)
  [134/180] yaw=-106.2 wind=( 8.39,-5.03) speed= 9.8m/s  roll=  4.3 pitch= -6.1  dither=(+0.05,-0.12,-0.09)
  [135/180] yaw=-96.6 wind=(-4.20, 0.26) speed= 4.2m/s  roll=  7.9 pitch=  0.1  dither=(+0.12,+0.15,-0.09)

============================================================
=== yaw 10/12: 목표 294도로 회전 중 (현재 -97.2도) ===
============================================================
  -> yaw -64.0도로 안정화
  [136/180] yaw=-58.0 wind=( 0.80, 5.76) speed= 5.8m/s  roll=-15.4 pitch= 15.4  dither=(-0.09,+0.13,-0.01)
  [137/180] yaw=-59.5 wind=( 0.51,-1.47) speed= 1.6m/s  roll= -5.6 pitch=  8.2  dither=(+0.03,+0.04,-0.10)
  [138/180] yaw=-53.9 wind=(-5.06, 1.25) speed= 5.2m/s  roll= -1.2 pitch= -6.3  dither=(-0.14,-0.03,+0.08)
  [139/180] yaw=-69.7 wind=(-1.55, 5.72) speed= 5.9m/s  roll= -4.5 pitch= 12.5  dither=(-0.01,+0.05,+0.15)
  [140/180] yaw=-63.1 wind=( 6.43,-0.09) speed= 6.4m/s  roll= -0.5 pitch= -2.6  dither=(+0.03,-0.02,+0.15)
  [141/180] yaw=-72.9 wind=(-1.73,-0.90) speed= 2.0m/s  roll= -1.8 pitch= -6.8  dither=(-0.04,-0.03,-0.06)
  [142/180] yaw=-71.3 wind=(-0.24,-4.80) speed= 4.8m/s  roll=  5.7 pitch=  2.7  dither=(-0.13,-0.05,+0.00)
  [143/180] yaw=-63.6 wind=(-0.34,-0.35) speed= 0.5m/s  roll=  2.2 pitch=  0.3  dither=(-0.06,+0.08,+0.11)
  [144/180] yaw=-59.3 wind=( 3.78,-5.07) speed= 6.3m/s  roll= -6.3 pitch=  7.2  dither=(-0.06,-0.04,-0.10)
  [145/180] yaw=-62.3 wind=(-5.61,-6.01) speed= 8.2m/s  roll=  1.5 pitch=  4.5  dither=(+0.06,-0.15,+0.09)
  [146/180] yaw=-63.0 wind=(-1.31,-1.37) speed= 1.9m/s  roll= 14.6 pitch= -3.6  dither=(+0.11,-0.03,+0.07)
  [147/180] yaw=-63.0 wind=( 8.34, 2.37) speed= 8.7m/s  roll= -3.7 pitch=  1.8  dither=(-0.15,+0.04,+0.01)
  [148/180] yaw=-80.2 wind=(-0.70,-4.04) speed= 4.1m/s  roll= 10.1 pitch=  3.0  dither=(+0.05,-0.04,-0.07)
  [149/180] yaw=-64.8 wind=(-0.13, 0.59) speed= 0.6m/s  roll= -0.9 pitch=  1.1  dither=(+0.00,-0.04,-0.01)
  [150/180] yaw=-62.2 wind=( 1.85, 1.10) speed= 2.2m/s  roll= 10.5 pitch=  2.9  dither=(-0.07,-0.14,-0.01)

============================================================
=== yaw 11/12: 목표 324도로 회전 중 (현재 -71.0도) ===
============================================================
  -> yaw -34.7도로 안정화
  [151/180] yaw=-34.9 wind=( 6.78,-3.25) speed= 7.5m/s  roll= -4.7 pitch= -3.4  dither=(-0.09,+0.13,-0.15)
  [152/180] yaw=-52.9 wind=(-2.12,-9.57) speed= 9.8m/s  roll=  3.1 pitch=  1.6  dither=(-0.01,+0.04,+0.10)
  [153/180] yaw=-37.4 wind=( 2.11,-2.62) speed= 3.4m/s  roll= 11.4 pitch= -8.7  dither=(+0.00,-0.15,+0.07)
  [154/180] yaw=-35.0 wind=( 5.86,-0.79) speed= 5.9m/s  roll= -6.3 pitch=  5.8  dither=(+0.09,+0.03,-0.07)
  [155/180] yaw=-38.7 wind=(-6.87, 5.26) speed= 8.6m/s  roll=  2.2 pitch=  6.4  dither=(+0.11,-0.12,+0.04)
  [156/180] yaw=-33.1 wind=( 0.95,-3.48) speed= 3.6m/s  roll=  4.6 pitch=  9.0  dither=(+0.13,+0.02,+0.04)
  [157/180] yaw=-31.3 wind=(-3.09, 5.09) speed= 6.0m/s  roll=-12.9 pitch= 16.2  dither=(+0.11,-0.04,+0.05)
  [158/180] yaw=-22.9 wind=( 5.60,-1.11) speed= 5.7m/s  roll= -6.0 pitch= -7.6  dither=(-0.01,+0.10,-0.15)
  [159/180] yaw=-35.2 wind=( 3.42, 3.58) speed= 4.9m/s  roll= -6.8 pitch= -0.5  dither=(+0.04,-0.15,+0.10)
  [160/180] yaw=-42.7 wind=(-5.34,-5.41) speed= 7.6m/s  roll=  8.8 pitch=  6.2  dither=(-0.08,+0.15,-0.10)
  [161/180] yaw=-23.0 wind=( 7.98, 0.41) speed= 8.0m/s  roll=  0.2 pitch= -2.7  dither=(+0.05,+0.04,-0.08)
  [162/180] yaw=-31.5 wind=( 1.58, 3.03) speed= 3.4m/s  roll= -7.3 pitch= -8.0  dither=(-0.05,-0.05,-0.07)
  [163/180] yaw=-31.3 wind=( 2.64,-7.67) speed= 8.1m/s  roll= -2.3 pitch=  2.3  dither=(-0.11,+0.15,-0.01)
  [164/180] yaw=-21.3 wind=(-1.49, 2.06) speed= 2.5m/s  roll= -9.9 pitch= 15.1  dither=(-0.08,+0.15,+0.15)
  [165/180] yaw=-37.6 wind=(-4.07,-3.50) speed= 5.4m/s  roll=  4.3 pitch=-10.9  dither=(-0.03,+0.04,-0.15)

============================================================
=== yaw 12/12: 목표 354도로 회전 중 (현재 -39.9도) ===
============================================================
  -> yaw -8.4도로 안정화
  [166/180] yaw= -5.2 wind=(-4.82, 5.19) speed= 7.1m/s  roll= -0.4 pitch=  6.6  dither=(+0.02,+0.13,-0.08)
  [167/180] yaw= -0.2 wind=(-4.17,-3.75) speed= 5.6m/s  roll= 13.9 pitch=  4.7  dither=(+0.13,-0.14,+0.08)
  [168/180] yaw=-12.4 wind=( 5.64, 0.13) speed= 5.6m/s  roll=  1.3 pitch= 11.3  dither=(-0.01,-0.10,-0.03)
  [169/180] yaw=-16.8 wind=(-4.95,-2.06) speed= 5.4m/s  roll= -1.9 pitch=  4.1  dither=(+0.01,+0.13,+0.04)
  [170/180] yaw= -0.9 wind=(-0.06, 0.22) speed= 0.2m/s  roll= 19.2 pitch=  3.4  dither=(+0.04,-0.01,-0.11)
  [171/180] yaw= -4.1 wind=( 0.87, 4.14) speed= 4.2m/s  roll= -4.2 pitch= -5.5  dither=(+0.00,-0.10,+0.15)
  [172/180] yaw= -3.0 wind=(-4.79, 4.28) speed= 6.4m/s  roll=  5.4 pitch=  2.8  dither=(-0.01,+0.03,-0.14)
  [173/180] yaw= -8.8 wind=( 3.21, 3.68) speed= 4.9m/s  roll= 19.3 pitch=  0.0  dither=(+0.11,+0.09,-0.14)
  [174/180] yaw= -3.2 wind=( 2.99,-1.08) speed= 3.2m/s  roll= -5.7 pitch=  0.2  dither=(-0.15,+0.07,+0.05)
  [175/180] yaw= -1.6 wind=( 0.78,-0.08) speed= 0.8m/s  roll= -6.8 pitch=-10.5  dither=(-0.10,-0.11,+0.12)
  [176/180] yaw=  2.0 wind=(-1.33, 0.49) speed= 1.4m/s  roll=  2.6 pitch=  8.7  dither=(-0.05,+0.14,+0.04)
  [177/180] yaw= -6.2 wind=( 2.32,-2.25) speed= 3.2m/s  roll=  6.4 pitch=  1.7  dither=(+0.08,+0.11,+0.08)
  [178/180] yaw=-17.5 wind=( 3.26,-7.45) speed= 8.1m/s  roll= -7.5 pitch= -9.3  dither=(-0.01,-0.10,+0.01)
  [179/180] yaw=-16.4 wind=(-9.25,-1.93) speed= 9.5m/s  roll= 11.9 pitch=  0.4  dither=(+0.08,-0.13,-0.12)
  [180/180] yaw=-12.1 wind=( 2.78,-3.40) speed= 4.4m/s  roll=  4.7 pitch=  4.3  dither=(-0.02,+0.04,+0.11)

데이터 수집 완료. CSV 저장됨: ../../logs/wind_random_dither_20260816_120515_yaw24p0_n12x15_speed0-10_seed13042.csv
[송신 간격 통계] 목표=50ms  평균=50.0ms  최대=65.6ms  임계치 초과=0/65206

--- Offboard 종료 ---

--- Landing ---
-> 착륙 완료 및 디스암 확인

무작위 바람+토크 더더링 데이터 수집 완료.
  [수집] 세션 13 완료 (시도 1/3)
  [그래프] /home/ssh2003/MyProjects/quad-pinn-project/logs/wind_random_dither_20260816_120515_yaw24p0_n12x15_speed0-10_seed13042.csv 요약 PNG 생성 중...
    findfont: Failed to find font weight normal, now using 100.
    /home/ssh2003/MyProjects/quad-pinn-project/sim_scripts/data_collection/plot_session_grid.py:106: UserWarning: This figure includes Axes that are not compatible with tight_layout, so results might be incorrect.
      fig.tight_layout(rect=[0, 0, 0.92, 0.94])
    findfont: Failed to find font weight normal, now using 100.
    findfont: Failed to find font weight normal, now using 100.
    findfont: Failed to find font weight normal, now using 100.
    findfont: Failed to find font weight normal, now using 100.
    저장됨: /home/ssh2003/MyProjects/quad-pinn-project/figures/wind_random_20260816_034808_n12x15_td15/session_wind_random_dither_20260816_120515_yaw24p0_n12x15_speed0-10_seed13042.png

############################################################
# 세션 14/15
############################################################
  [SITL] 기존 프로세스 정리 중 (정상종료 시도)...
Terminated
  [SITL] 강제 정리 (남아있는 프로세스 있으면)...
  [SITL] 재시작 중...
  [SITL] px4 프로세스 감지됨 (1s). 안정화 대기 15s...
  [수집] 시작 (seed=14042, yaw-offset=26.000도, 시도 1/3, 타임아웃 4196초)
PX4 SITL에 연결 시도 중...
-> 드론에 연결됨!
GPS/홈 위치 확인 중...
-> 전역 위치 및 홈 위치 준비 완료

[확인] PX4 SITL이 'windy' 월드로 실행 중인지 확인할 것.

--- Arming ---
-> Armed

--- Takeoff ---
  안전 고도(1.5m) 도달 대기 중...
  -> 안전 고도 도달 (relative_altitude=1.51m)

--- Offboard 진입 준비: 초기 setpoint(현재 위치 고정) 전송 ---

--- Offboard 모드 시작 ---

CSV 로그 저장 경로: ../../logs/wind_random_dither_20260816_130019_yaw26p0_n12x15_speed0-10_seed14042.csv
더더링: OU 프로세스 tau=0.3s sigma=0.1 clamp=±0.15

yaw 12방향(offset=26.0도) x 방향당 바람조건 15개 = 총 180개 수집 시작 (조건당 15초, 예상 총 소요 51.0분 + yaw 회전 시간)

============================================================
=== yaw 1/12: 목표 26도로 회전 중 (현재 89.4도) ===
============================================================
  -> yaw 25.1도로 안정화
  [1/180] yaw= 28.8 wind=(-2.90,-1.30) speed= 3.2m/s  roll= -6.2 pitch= -8.0  dither=(-0.08,+0.08,+0.06)
  [2/180] yaw= 30.5 wind=( 5.70, 3.60) speed= 6.7m/s  roll=  0.8 pitch=  5.0  dither=(-0.09,+0.01,+0.02)
  [3/180] yaw= 29.7 wind=( 1.71, 1.62) speed= 2.4m/s  roll=  0.0 pitch=  8.4  dither=(-0.08,-0.03,-0.03)
  [4/180] yaw= 22.2 wind=( 6.99,-4.83) speed= 8.5m/s  roll=-13.9 pitch=-11.0  dither=(-0.15,-0.15,-0.14)
  [5/180] yaw= 29.1 wind=(-2.15, 2.76) speed= 3.5m/s  roll=-14.5 pitch=  1.0  dither=(-0.04,+0.04,+0.08)
  [6/180] yaw= 28.5 wind=(-4.18, 2.66) speed= 5.0m/s  roll= -8.2 pitch= 12.0  dither=(-0.15,+0.07,-0.02)
  [7/180] yaw= 27.1 wind=(-0.37, 9.75) speed= 9.8m/s  roll= 15.3 pitch=  3.2  dither=(+0.15,-0.00,-0.10)
  [8/180] yaw= 28.7 wind=( 0.49,-4.26) speed= 4.3m/s  roll=  1.6 pitch=  1.5  dither=(+0.07,+0.13,+0.09)
  [9/180] yaw= 23.5 wind=(-6.10, 4.76) speed= 7.7m/s  roll= -1.8 pitch=  0.1  dither=(-0.05,-0.08,+0.03)
  [10/180] yaw= 24.8 wind=(-0.58,-3.31) speed= 3.4m/s  roll= -1.8 pitch=-14.3  dither=(-0.15,-0.10,-0.02)
  [11/180] yaw= 35.8 wind=(-1.07, 3.63) speed= 3.8m/s  roll= -8.3 pitch=  0.1  dither=(-0.08,-0.11,+0.12)
  [12/180] yaw= 28.3 wind=( 5.62, 2.79) speed= 6.3m/s  roll=  2.4 pitch= 15.2  dither=(+0.05,+0.02,-0.09)
  [13/180] yaw= 33.2 wind=(-7.22, 2.11) speed= 7.5m/s  roll= -7.4 pitch= -9.4  dither=(-0.13,-0.06,+0.13)
  [14/180] yaw= 16.2 wind=(-3.13,-2.26) speed= 3.9m/s  roll= -6.7 pitch= -6.0  dither=(-0.08,+0.00,-0.07)
  [15/180] yaw= 31.8 wind=(-7.18,-0.63) speed= 7.2m/s  roll=  4.5 pitch=-12.0  dither=(-0.05,+0.03,+0.01)

============================================================
=== yaw 2/12: 목표 56도로 회전 중 (현재 18.1도) ===
============================================================
  -> yaw 54.1도로 안정화
  [16/180] yaw= 51.0 wind=( 3.19, 0.60) speed= 3.3m/s  roll=  1.7 pitch=  6.0  dither=(-0.12,-0.07,-0.03)
  [17/180] yaw= 62.3 wind=( 0.59,-2.37) speed= 2.4m/s  roll= -0.9 pitch=  3.5  dither=(+0.15,+0.04,+0.02)
  [18/180] yaw= 66.2 wind=( 8.28,-3.26) speed= 8.9m/s  roll=  2.9 pitch=  9.5  dither=(-0.01,+0.11,-0.08)
  [19/180] yaw= 54.5 wind=( 6.67,-4.83) speed= 8.2m/s  roll=-10.9 pitch= 12.3  dither=(+0.05,+0.06,+0.05)
  [20/180] yaw= 58.0 wind=( 7.98, 2.54) speed= 8.4m/s  roll= -4.4 pitch= 21.7  dither=(+0.05,-0.05,-0.05)
  [21/180] yaw= 58.5 wind=(-5.31, 4.65) speed= 7.1m/s  roll= 10.6 pitch= -9.9  dither=(+0.04,-0.15,+0.07)
  [22/180] yaw= 47.2 wind=(-1.38, 0.22) speed= 1.4m/s  roll= -6.6 pitch= -8.4  dither=(-0.09,-0.06,+0.03)
  [23/180] yaw= 61.6 wind=(-6.22, 2.76) speed= 6.8m/s  roll=  7.9 pitch=  5.2  dither=(+0.08,+0.13,+0.12)
  [24/180] yaw= 64.9 wind=( 9.36,-1.34) speed= 9.5m/s  roll=  1.9 pitch= -0.8  dither=(-0.15,+0.06,+0.14)
  [25/180] yaw= 67.6 wind=( 1.14, 0.06) speed= 1.1m/s  roll= -4.6 pitch= -0.7  dither=(-0.13,-0.01,-0.15)
  [26/180] yaw= 49.9 wind=( 2.61, 3.20) speed= 4.1m/s  roll= -0.8 pitch= -3.1  dither=(-0.08,-0.05,-0.01)
  [27/180] yaw= 56.9 wind=( 0.26,-1.37) speed= 1.4m/s  roll=  0.7 pitch=  3.4  dither=(+0.01,+0.04,+0.15)
  [28/180] yaw= 46.9 wind=(-3.97,-2.46) speed= 4.7m/s  roll=  6.1 pitch= -1.4  dither=(+0.02,-0.04,+0.05)
  [29/180] yaw= 50.4 wind=( 6.86, 4.53) speed= 8.2m/s  roll=  2.1 pitch= 11.3  dither=(+0.10,-0.08,+0.12)
  [30/180] yaw= 61.4 wind=(-2.35, 2.11) speed= 3.2m/s  roll=  3.8 pitch= 10.9  dither=(-0.00,-0.00,+0.12)

============================================================
=== yaw 3/12: 목표 86도로 회전 중 (현재 59.8도) ===
============================================================
  -> yaw 86.0도로 안정화
  [31/180] yaw= 87.0 wind=( 0.44, 3.79) speed= 3.8m/s  roll= -4.7 pitch=  1.6  dither=(-0.09,-0.05,+0.13)
  [32/180] yaw= 79.9 wind=( 3.76,-3.49) speed= 5.1m/s  roll=  2.1 pitch= 12.2  dither=(-0.11,+0.10,-0.02)
  [33/180] yaw= 79.0 wind=(-6.32, 2.18) speed= 6.7m/s  roll=  4.4 pitch= -6.2  dither=(-0.02,-0.03,-0.01)
  [34/180] yaw= 77.4 wind=( 0.06,-0.87) speed= 0.9m/s  roll=  7.1 pitch=  0.6  dither=(-0.07,+0.04,-0.08)
  [35/180] yaw= 88.6 wind=( 1.35, 7.28) speed= 7.4m/s  roll= -0.2 pitch= -0.6  dither=(-0.15,+0.03,+0.11)
  [36/180] yaw= 69.7 wind=(-6.42,-3.87) speed= 7.5m/s  roll= -6.7 pitch=  1.7  dither=(+0.00,+0.01,-0.10)
  [37/180] yaw= 92.2 wind=( 5.19,-1.00) speed= 5.3m/s  roll=  2.6 pitch=  8.8  dither=(+0.15,+0.06,-0.01)
  [38/180] yaw= 80.9 wind=( 4.53, 7.60) speed= 8.8m/s  roll= -2.4 pitch= -7.2  dither=(+0.06,+0.01,-0.04)
  [39/180] yaw= 85.7 wind=(-5.63, 0.38) speed= 5.6m/s  roll=  5.7 pitch=  5.7  dither=(+0.08,+0.09,-0.07)
  [40/180] yaw= 84.8 wind=( 7.10,-0.32) speed= 7.1m/s  roll= -5.0 pitch=  5.4  dither=(+0.00,+0.07,-0.02)
  [41/180] yaw= 82.5 wind=(-0.59, 0.03) speed= 0.6m/s  roll= -5.1 pitch= -5.9  dither=(-0.03,-0.12,+0.10)
  [42/180] yaw= 90.2 wind=( 1.68, 3.14) speed= 3.6m/s  roll=  3.8 pitch=  7.0  dither=(+0.02,-0.08,-0.07)
  [43/180] yaw= 83.1 wind=( 3.79, 0.96) speed= 3.9m/s  roll= -0.3 pitch=  6.2  dither=(+0.04,-0.03,-0.06)
  [44/180] yaw= 91.4 wind=( 0.46, 1.55) speed= 1.6m/s  roll= -2.0 pitch=  2.7  dither=(-0.12,+0.06,-0.12)
  [45/180] yaw= 79.3 wind=( 1.29,-2.21) speed= 2.6m/s  roll= -7.2 pitch= 14.4  dither=(+0.02,-0.00,-0.07)

============================================================
=== yaw 4/12: 목표 116도로 회전 중 (현재 97.6도) ===
============================================================
  -> yaw 113.0도로 안정화
  [46/180] yaw=116.4 wind=(-8.53,-4.89) speed= 9.8m/s  roll= -0.1 pitch= -5.5  dither=(-0.02,-0.04,+0.11)
  [47/180] yaw=121.1 wind=(-0.85, 0.78) speed= 1.2m/s  roll= -1.9 pitch= -9.6  dither=(-0.01,-0.00,+0.05)
  [48/180] yaw=109.2 wind=( 3.13, 4.91) speed= 5.8m/s  roll= -0.2 pitch= -0.4  dither=(+0.09,-0.06,-0.11)
  [49/180] yaw=110.1 wind=( 1.37, 0.43) speed= 1.4m/s  roll=  7.6 pitch= -3.4  dither=(+0.15,-0.03,-0.10)
  [50/180] yaw=115.7 wind=(-5.52, 7.55) speed= 9.4m/s  roll=  0.4 pitch= -4.3  dither=(-0.09,-0.02,+0.00)
  [51/180] yaw=122.4 wind=( 4.28, 2.85) speed= 5.1m/s  roll=  1.4 pitch=  5.8  dither=(+0.00,+0.15,+0.05)
  [52/180] yaw=117.2 wind=(-5.78, 2.13) speed= 6.2m/s  roll= -3.2 pitch= -9.1  dither=(+0.07,+0.02,-0.05)
  [53/180] yaw=125.5 wind=( 3.38, 8.73) speed= 9.4m/s  roll= -5.3 pitch= -3.2  dither=(+0.07,-0.15,+0.06)
  [54/180] yaw=120.7 wind=( 1.08, 0.38) speed= 1.1m/s  roll= -7.2 pitch= -6.4  dither=(-0.06,+0.09,+0.15)
  [55/180] yaw=113.4 wind=( 1.36,-1.39) speed= 1.9m/s  roll=-11.2 pitch=  4.5  dither=(-0.15,+0.02,+0.09)
  [56/180] yaw=126.3 wind=(-2.05,-0.89) speed= 2.2m/s  roll=  4.0 pitch= -9.3  dither=(-0.01,+0.08,+0.15)
  [57/180] yaw=117.3 wind=( 3.86, 5.19) speed= 6.5m/s  roll= 20.9 pitch= -1.5  dither=(+0.11,-0.09,-0.08)
  [58/180] yaw=112.4 wind=( 5.32,-0.77) speed= 5.4m/s  roll= -6.8 pitch=  8.8  dither=(-0.14,+0.15,-0.07)
  [59/180] yaw=122.5 wind=(-1.75,-4.99) speed= 5.3m/s  roll= -7.6 pitch= -8.1  dither=(-0.07,+0.09,+0.12)
  [60/180] yaw=114.2 wind=(-5.41,-0.70) speed= 5.5m/s  roll=  5.8 pitch=-16.9  dither=(+0.01,-0.15,-0.13)

============================================================
=== yaw 5/12: 목표 146도로 회전 중 (현재 115.0도) ===
============================================================
  -> yaw 145.5도로 안정화
  [61/180] yaw=139.9 wind=( 1.40, 6.78) speed= 6.9m/s  roll= -0.5 pitch=  9.7  dither=(-0.07,+0.08,-0.01)
  [62/180] yaw=137.6 wind=(-6.57,-0.43) speed= 6.6m/s  roll=  6.9 pitch= -5.1  dither=(+0.06,+0.06,-0.05)
  [63/180] yaw=129.5 wind=(-2.11,-1.52) speed= 2.6m/s  roll=-15.5 pitch=  7.3  dither=(-0.06,+0.05,+0.05)
  [64/180] yaw=147.0 wind=( 2.30,-5.65) speed= 6.1m/s  roll=-11.2 pitch= 14.9  dither=(-0.15,+0.06,+0.01)
  [65/180] yaw=144.5 wind=( 6.83, 0.19) speed= 6.8m/s  roll=-13.9 pitch= -7.4  dither=(-0.15,-0.08,+0.10)
  [66/180] yaw=143.3 wind=(-9.06, 0.59) speed= 9.1m/s  roll= -9.6 pitch= -0.3  dither=(-0.15,-0.15,-0.00)
  [67/180] yaw=151.8 wind=(-5.12, 1.85) speed= 5.4m/s  roll=  3.3 pitch= -1.9  dither=(+0.15,+0.04,+0.07)
  [68/180] yaw=143.3 wind=(-6.42,-1.52) speed= 6.6m/s  roll=-11.7 pitch= -7.2  dither=(-0.06,+0.05,+0.15)
  [69/180] yaw=134.5 wind=(-3.32, 0.28) speed= 3.3m/s  roll= -7.5 pitch= 11.8  dither=(-0.02,+0.05,-0.08)
  [70/180] yaw=143.1 wind=(-7.15,-0.04) speed= 7.2m/s  roll= -4.8 pitch= -0.2  dither=(+0.15,+0.13,+0.04)
  [71/180] yaw=140.0 wind=( 1.81, 2.47) speed= 3.1m/s  roll= -3.1 pitch= -1.8  dither=(+0.05,+0.08,-0.08)
  [72/180] yaw=142.0 wind=(-5.91, 2.36) speed= 6.4m/s  roll=  1.8 pitch=  0.8  dither=(+0.15,+0.11,-0.06)
  [73/180] yaw=148.1 wind=(-0.15,-0.27) speed= 0.3m/s  roll=  1.7 pitch=  4.1  dither=(+0.00,+0.15,+0.04)
  [74/180] yaw=148.9 wind=(-7.81,-0.63) speed= 7.8m/s  roll= -5.2 pitch= -6.5  dither=(-0.01,-0.03,+0.01)
  [75/180] yaw=146.9 wind=( 0.00,-0.76) speed= 0.8m/s  roll=  0.3 pitch=  2.6  dither=(+0.13,-0.05,+0.03)

============================================================
=== yaw 6/12: 목표 176도로 회전 중 (현재 153.6도) ===
============================================================
  -> yaw 173.3도로 안정화
  [76/180] yaw=170.1 wind=(-1.51,-2.73) speed= 3.1m/s  roll= -6.7 pitch=  7.5  dither=(+0.00,-0.06,-0.07)
  [77/180] yaw=173.6 wind=( 3.80,-1.11) speed= 4.0m/s  roll= -7.7 pitch=  5.8  dither=(+0.02,+0.10,-0.13)
  [78/180] yaw=176.3 wind=( 2.47,-1.89) speed= 3.1m/s  roll=  8.1 pitch= -3.3  dither=(-0.15,-0.03,+0.10)
  [79/180] yaw=176.7 wind=(-3.16,-4.02) speed= 5.1m/s  roll= -4.9 pitch=  2.5  dither=(-0.07,+0.01,+0.02)
  [80/180] yaw=-179.7 wind=(-1.92,-2.60) speed= 3.2m/s  roll=  2.6 pitch= 12.0  dither=(+0.15,+0.14,+0.00)
  [81/180] yaw=179.8 wind=( 2.52, 1.47) speed= 2.9m/s  roll=  4.8 pitch= -1.0  dither=(-0.08,-0.15,+0.08)
  [82/180] yaw=178.0 wind=(-3.36, 2.71) speed= 4.3m/s  roll=  5.9 pitch= -5.9  dither=(+0.15,-0.14,+0.03)
  [83/180] yaw=-173.4 wind=(-4.36, 6.48) speed= 7.8m/s  roll=  9.3 pitch=  0.5  dither=(+0.02,-0.02,+0.00)
  [84/180] yaw=177.3 wind=(-0.35, 6.30) speed= 6.3m/s  roll= -3.9 pitch=  5.0  dither=(-0.05,+0.14,+0.02)
  [85/180] yaw=176.3 wind=(-0.86, 3.36) speed= 3.5m/s  roll=  0.9 pitch=  2.3  dither=(-0.05,-0.09,+0.01)
  [86/180] yaw=-176.7 wind=( 1.49,-2.35) speed= 2.8m/s  roll=  5.7 pitch=  0.8  dither=(-0.15,+0.14,+0.06)
  [87/180] yaw=172.3 wind=(-0.68,-0.13) speed= 0.7m/s  roll= -9.6 pitch= -5.4  dither=(-0.14,+0.11,+0.05)
  [88/180] yaw=172.4 wind=( 0.73, 4.16) speed= 4.2m/s  roll= -9.4 pitch= -9.8  dither=(+0.02,-0.10,-0.08)
  [89/180] yaw=163.4 wind=( 8.98, 0.86) speed= 9.0m/s  roll=  7.8 pitch=  0.9  dither=(-0.03,+0.08,+0.04)
  [90/180] yaw=171.7 wind=( 0.47, 0.96) speed= 1.1m/s  roll= -0.1 pitch=  9.3  dither=(-0.14,+0.15,-0.15)

============================================================
=== yaw 7/12: 목표 206도로 회전 중 (현재 -173.1도) ===
============================================================
  -> yaw -155.7도로 안정화
  [91/180] yaw=-148.2 wind=( 0.16, 0.40) speed= 0.4m/s  roll= -0.1 pitch=  2.0  dither=(+0.14,-0.15,+0.14)
  [92/180] yaw=-155.2 wind=( 4.54,-0.94) speed= 4.6m/s  roll=  1.0 pitch=  2.5  dither=(-0.09,+0.07,+0.06)
  [93/180] yaw=-159.8 wind=(-3.93, 6.74) speed= 7.8m/s  roll= -3.1 pitch=  2.2  dither=(-0.04,-0.08,+0.02)
  [94/180] yaw=-151.0 wind=(-1.62,-0.97) speed= 1.9m/s  roll=  1.3 pitch= -4.9  dither=(+0.06,+0.06,-0.01)
  [95/180] yaw=-164.5 wind=(-0.30, 3.09) speed= 3.1m/s  roll=  6.3 pitch= -5.8  dither=(-0.08,+0.13,-0.06)
  [96/180] yaw=-163.1 wind=( 5.23,-3.84) speed= 6.5m/s  roll=  4.6 pitch= -0.3  dither=(-0.14,+0.05,+0.07)
  [97/180] yaw=-150.7 wind=( 1.58,-6.94) speed= 7.1m/s  roll=  1.8 pitch= -0.1  dither=(+0.10,-0.03,+0.02)
  [98/180] yaw=-148.2 wind=(-6.99,-6.88) speed= 9.8m/s  roll= -4.3 pitch= 11.9  dither=(-0.03,-0.14,+0.04)
  [99/180] yaw=-150.9 wind=( 4.95, 8.44) speed= 9.8m/s  roll= -1.1 pitch= -0.5  dither=(-0.15,+0.15,-0.01)
  [100/180] yaw=-157.9 wind=(-0.26, 0.18) speed= 0.3m/s  roll=-13.3 pitch=  3.4  dither=(-0.02,+0.08,+0.01)
  [101/180] yaw=-145.5 wind=(-6.42,-2.05) speed= 6.7m/s  roll= -2.1 pitch= 12.4  dither=(+0.07,+0.11,-0.04)
  [102/180] yaw=-149.7 wind=( 3.53,-2.58) speed= 4.4m/s  roll= -2.7 pitch= -3.2  dither=(+0.08,-0.09,-0.02)
  [103/180] yaw=-148.2 wind=( 7.65, 3.92) speed= 8.6m/s  roll=  4.5 pitch= -7.5  dither=(-0.11,-0.05,-0.14)
  [104/180] yaw=-146.7 wind=(-0.77, 5.44) speed= 5.5m/s  roll=-18.8 pitch= -0.5  dither=(-0.05,-0.01,+0.02)
  [105/180] yaw=-153.5 wind=(-4.04, 1.85) speed= 4.4m/s  roll=  2.0 pitch= 14.3  dither=(+0.01,+0.06,+0.10)

============================================================
=== yaw 8/12: 목표 236도로 회전 중 (현재 -151.1도) ===
============================================================
  -> yaw -125.5도로 안정화
  [106/180] yaw=-126.8 wind=( 5.60,-3.13) speed= 6.4m/s  roll=  4.2 pitch=  1.3  dither=(-0.06,+0.10,-0.10)
  [107/180] yaw=-128.7 wind=(-0.54, 0.85) speed= 1.0m/s  roll=  0.5 pitch= 11.1  dither=(+0.11,+0.10,+0.08)
  [108/180] yaw=-124.0 wind=( 1.00, 5.16) speed= 5.3m/s  roll=  5.0 pitch= -2.2  dither=(+0.15,-0.08,+0.04)
  [109/180] yaw=-111.4 wind=(-7.43, 2.15) speed= 7.7m/s  roll=-12.4 pitch=  5.6  dither=(-0.07,-0.01,-0.11)
  [110/180] yaw=-126.7 wind=( 2.82, 3.91) speed= 4.8m/s  roll=  0.0 pitch= -0.5  dither=(-0.03,-0.01,+0.01)
  [111/180] yaw=-124.0 wind=(-2.45,-1.22) speed= 2.7m/s  roll=  8.2 pitch= -2.2  dither=(+0.02,-0.06,-0.15)
  [112/180] yaw=-130.4 wind=(-3.50,-3.06) speed= 4.7m/s  roll= -0.8 pitch=  8.0  dither=(+0.05,+0.03,-0.05)
  [113/180] yaw=-116.8 wind=( 1.29,-5.84) speed= 6.0m/s  roll=  8.6 pitch=  3.5  dither=(-0.03,-0.15,-0.12)
  [114/180] yaw=-116.2 wind=( 5.87, 0.12) speed= 5.9m/s  roll= -7.8 pitch= -4.7  dither=(-0.07,-0.02,-0.09)
  [115/180] yaw=-120.8 wind=( 3.03,-3.05) speed= 4.3m/s  roll=  4.3 pitch= -0.7  dither=(+0.03,+0.03,+0.14)
  [116/180] yaw=-120.5 wind=( 2.00, 6.98) speed= 7.3m/s  roll= -1.8 pitch= -9.3  dither=(+0.00,-0.09,+0.01)
  [117/180] yaw=-136.3 wind=( 3.51,-2.67) speed= 4.4m/s  roll=  6.7 pitch= -5.7  dither=(-0.03,-0.08,-0.00)
  [118/180] yaw=-123.8 wind=( 3.67, 2.57) speed= 4.5m/s  roll=  1.9 pitch= -8.9  dither=(-0.02,+0.04,-0.08)
  [119/180] yaw=-130.1 wind=( 3.30, 4.59) speed= 5.7m/s  roll=  0.3 pitch=-11.9  dither=(+0.06,-0.06,-0.00)
  [120/180] yaw=-128.3 wind=( 3.34, 4.20) speed= 5.4m/s  roll=  0.1 pitch=  3.0  dither=(-0.09,-0.09,+0.02)

============================================================
=== yaw 9/12: 목표 266도로 회전 중 (현재 -134.5도) ===
============================================================
  -> yaw -91.9도로 안정화
  [121/180] yaw=-88.1 wind=(-3.47, 7.43) speed= 8.2m/s  roll=-14.7 pitch= -4.7  dither=(-0.09,-0.10,-0.01)
  [122/180] yaw=-85.2 wind=(-3.68,-0.07) speed= 3.7m/s  roll= -6.3 pitch=  1.9  dither=(+0.06,+0.02,+0.03)
  [123/180] yaw=-93.5 wind=(-5.21, 1.37) speed= 5.4m/s  roll= -6.8 pitch=  2.2  dither=(+0.04,+0.11,+0.05)
  [124/180] yaw=-96.9 wind=(-6.76, 5.29) speed= 8.6m/s  roll= -2.0 pitch= -3.0  dither=(+0.08,-0.03,+0.05)
  [125/180] yaw=-92.7 wind=( 4.67,-8.76) speed= 9.9m/s  roll= -2.3 pitch= -5.4  dither=(+0.03,+0.09,-0.09)
  [126/180] yaw=-87.4 wind=( 7.18,-5.14) speed= 8.8m/s  roll=  0.8 pitch=-10.6  dither=(-0.09,+0.07,+0.06)
  [127/180] yaw=-87.9 wind=( 2.72, 6.40) speed= 7.0m/s  roll= -1.2 pitch=  7.7  dither=(-0.01,+0.06,-0.14)
  [128/180] yaw=-101.4 wind=( 4.56, 3.02) speed= 5.5m/s  roll= -4.4 pitch= -1.8  dither=(+0.01,+0.08,-0.13)
  [129/180] yaw=-102.4 wind=(-0.16, 0.84) speed= 0.9m/s  roll= -2.4 pitch= -6.9  dither=(-0.07,+0.05,+0.01)
  [130/180] yaw=-93.4 wind=( 9.06,-2.28) speed= 9.3m/s  roll=  1.4 pitch= -1.4  dither=(+0.11,+0.12,+0.05)
  [131/180] yaw=-96.2 wind=( 0.43, 0.15) speed= 0.5m/s  roll=  2.0 pitch= -8.4  dither=(+0.05,+0.02,+0.11)
  [132/180] yaw=-93.5 wind=(-6.28,-1.94) speed= 6.6m/s  roll=-10.1 pitch=  0.1  dither=(-0.15,+0.01,+0.08)
  [133/180] yaw=-96.4 wind=( 3.88, 0.85) speed= 4.0m/s  roll= 18.3 pitch=  2.2  dither=(+0.07,-0.00,-0.07)
  [134/180] yaw=-95.4 wind=( 0.04,-0.58) speed= 0.6m/s  roll=  0.4 pitch=-12.8  dither=(+0.08,+0.05,+0.15)
  [135/180] yaw=-86.4 wind=(-0.81, 0.77) speed= 1.1m/s  roll= -9.6 pitch=  8.0  dither=(+0.00,+0.06,-0.02)

============================================================
=== yaw 10/12: 목표 296도로 회전 중 (현재 -100.9도) ===
============================================================
  -> yaw -63.5도로 안정화
  [136/180] yaw=-59.2 wind=(-4.10, 7.70) speed= 8.7m/s  roll= -2.6 pitch=  6.0  dither=(+0.15,-0.05,-0.12)
  [137/180] yaw=-59.0 wind=( 4.07, 3.11) speed= 5.1m/s  roll=-13.1 pitch= -5.3  dither=(-0.03,-0.12,+0.07)
  [138/180] yaw=-71.6 wind=( 0.09, 1.75) speed= 1.8m/s  roll= -2.3 pitch=  0.9  dither=(-0.15,+0.06,-0.06)
  [139/180] yaw=-64.4 wind=( 3.97, 2.07) speed= 4.5m/s  roll= -3.8 pitch=  2.5  dither=(-0.04,+0.01,-0.07)
  [140/180] yaw=-72.6 wind=(-1.14, 0.04) speed= 1.1m/s  roll=  3.7 pitch=  1.2  dither=(-0.04,+0.01,+0.03)
  [141/180] yaw=-57.5 wind=(-0.09, 8.90) speed= 8.9m/s  roll= -3.2 pitch= 13.8  dither=(+0.09,+0.05,+0.03)
  [142/180] yaw=-56.9 wind=(-0.15, 2.14) speed= 2.1m/s  roll=  5.3 pitch= 15.3  dither=(+0.09,+0.01,+0.15)
  [143/180] yaw=-69.9 wind=(-4.53,-5.82) speed= 7.4m/s  roll=  2.1 pitch=  5.7  dither=(+0.02,+0.12,-0.03)
  [144/180] yaw=-58.0 wind=( 2.59, 2.83) speed= 3.8m/s  roll=  1.0 pitch= -5.6  dither=(+0.07,-0.15,+0.15)
  [145/180] yaw=-56.0 wind=( 3.10,-4.12) speed= 5.2m/s  roll= -4.4 pitch=  6.1  dither=(-0.08,-0.03,-0.05)
  [146/180] yaw=-57.3 wind=( 6.30, 5.82) speed= 8.6m/s  roll= -4.0 pitch=  4.3  dither=(-0.01,-0.08,-0.08)
  [147/180] yaw=-59.8 wind=( 3.10, 1.41) speed= 3.4m/s  roll= -8.5 pitch=  3.7  dither=(+0.06,+0.06,+0.09)
  [148/180] yaw=-62.5 wind=( 1.86,-8.32) speed= 8.5m/s  roll=  3.4 pitch= -4.9  dither=(-0.00,-0.15,+0.13)
  [149/180] yaw=-63.6 wind=(-2.90,-2.18) speed= 3.6m/s  roll= -0.2 pitch=  2.7  dither=(+0.02,+0.10,+0.08)
  [150/180] yaw=-75.1 wind=( 5.88,-6.99) speed= 9.1m/s  roll=  6.5 pitch=-16.6  dither=(+0.01,-0.14,-0.15)

============================================================
=== yaw 11/12: 목표 326도로 회전 중 (현재 -57.9도) ===
============================================================
  -> yaw -35.9도로 안정화
  [151/180] yaw=-41.2 wind=(-4.58,-0.88) speed= 4.7m/s  roll= 12.5 pitch=  6.8  dither=(+0.12,-0.03,+0.08)
  [152/180] yaw=-30.1 wind=( 6.09,-6.79) speed= 9.1m/s  roll= -7.0 pitch= -6.4  dither=(+0.01,+0.12,+0.03)
  [153/180] yaw=-18.9 wind=( 2.68, 9.55) speed= 9.9m/s  roll= -6.3 pitch=  9.8  dither=(+0.10,-0.07,-0.09)
  [154/180] yaw=-39.0 wind=(-0.26, 2.82) speed= 2.8m/s  roll=  9.5 pitch=  5.2  dither=(+0.00,+0.15,-0.03)
  [155/180] yaw=-27.8 wind=(-3.18, 3.90) speed= 5.0m/s  roll= -1.4 pitch= 11.6  dither=(-0.03,-0.14,+0.09)
  [156/180] yaw=-37.5 wind=( 4.12,-6.36) speed= 7.6m/s  roll=  2.5 pitch= -1.2  dither=(+0.07,+0.00,+0.09)
  [157/180] yaw=-26.3 wind=(-4.59, 8.33) speed= 9.5m/s  roll= 10.8 pitch= -2.4  dither=(+0.15,-0.14,+0.09)
  [158/180] yaw=-20.3 wind=( 2.49, 3.69) speed= 4.5m/s  roll=  1.0 pitch= -3.8  dither=(-0.03,-0.08,+0.06)
  [159/180] yaw=-37.0 wind=(-1.27,-5.47) speed= 5.6m/s  roll=  2.1 pitch=-11.7  dither=(-0.00,-0.08,+0.05)
  [160/180] yaw=-36.5 wind=(-3.44, 4.08) speed= 5.3m/s  roll= -8.6 pitch= -7.5  dither=(-0.05,-0.01,-0.05)
  [161/180] yaw=-43.5 wind=(-1.51, 3.77) speed= 4.1m/s  roll= -1.0 pitch=  8.1  dither=(-0.15,+0.11,-0.15)
  [162/180] yaw=-20.6 wind=(-0.87,-0.91) speed= 1.3m/s  roll= -9.2 pitch=  3.9  dither=(-0.08,-0.02,-0.01)
  [163/180] yaw=-20.0 wind=(-2.48,-0.59) speed= 2.5m/s  roll= -6.1 pitch=  0.8  dither=(-0.09,+0.06,+0.10)
  [164/180] yaw=-26.4 wind=( 0.64,-0.79) speed= 1.0m/s  roll= -2.8 pitch= 11.3  dither=(+0.06,+0.04,+0.07)
  [165/180] yaw=-27.6 wind=( 3.19,-6.00) speed= 6.8m/s  roll=  1.9 pitch= -7.8  dither=(-0.02,-0.06,+0.09)

============================================================
=== yaw 12/12: 목표 356도로 회전 중 (현재 -39.4도) ===
============================================================
  -> yaw -6.3도로 안정화
  [166/180] yaw=  3.9 wind=( 4.95,-7.69) speed= 9.1m/s  roll= -2.1 pitch=  3.8  dither=(-0.08,+0.03,+0.05)
  [167/180] yaw= -5.8 wind=(-0.81,-5.82) speed= 5.9m/s  roll= 10.0 pitch=  9.9  dither=(-0.06,+0.15,+0.01)
  [168/180] yaw=-12.1 wind=( 2.26, 1.54) speed= 2.7m/s  roll= -5.4 pitch=  5.9  dither=(-0.13,+0.10,-0.06)
  [169/180] yaw= -0.7 wind=(-7.76, 6.12) speed= 9.9m/s  roll=  7.2 pitch= -0.3  dither=(+0.09,-0.10,-0.09)
  [170/180] yaw= -5.9 wind=(-0.22, 3.11) speed= 3.1m/s  roll=-10.3 pitch=  9.4  dither=(+0.05,+0.03,-0.07)
  [171/180] yaw=  3.1 wind=( 3.78,-1.03) speed= 3.9m/s  roll= -8.3 pitch=  1.6  dither=(-0.04,-0.08,-0.12)
  [172/180] yaw=  1.4 wind=( 0.09,-4.79) speed= 4.8m/s  roll= -4.3 pitch= -1.2  dither=(+0.01,-0.04,+0.15)
  [173/180] yaw=  0.3 wind=(-7.15,-3.88) speed= 8.1m/s  roll=  7.4 pitch=  2.5  dither=(-0.14,+0.03,+0.04)
  [174/180] yaw= -3.0 wind=(-4.87,-6.98) speed= 8.5m/s  roll= -0.0 pitch= -1.4  dither=(+0.06,+0.08,+0.06)
  [175/180] yaw= -5.9 wind=( 8.97, 1.65) speed= 9.1m/s  roll=  0.4 pitch=  2.9  dither=(+0.15,+0.04,-0.06)
  [176/180] yaw= -2.7 wind=( 6.22, 7.23) speed= 9.5m/s  roll=-10.2 pitch=  4.5  dither=(-0.11,-0.15,-0.08)
  [177/180] yaw= -4.2 wind=(-3.99, 3.24) speed= 5.1m/s  roll= 17.7 pitch=  4.8  dither=(+0.06,+0.00,+0.05)
  [178/180] yaw= -7.2 wind=(-1.03, 2.04) speed= 2.3m/s  roll= -4.2 pitch= -0.2  dither=(-0.15,+0.04,+0.15)
  [179/180] yaw= -9.7 wind=( 6.24,-1.84) speed= 6.5m/s  roll= -4.4 pitch=-13.0  dither=(-0.05,-0.15,+0.11)
  [180/180] yaw= -0.8 wind=( 3.55,-4.32) speed= 5.6m/s  roll= -6.3 pitch=  3.0  dither=(+0.08,-0.11,-0.03)

데이터 수집 완료. CSV 저장됨: ../../logs/wind_random_dither_20260816_130019_yaw26p0_n12x15_speed0-10_seed14042.csv
[송신 간격 통계] 목표=50ms  평균=50.0ms  최대=67.4ms  임계치 초과=0/65233

--- Offboard 종료 ---

--- Landing ---
-> 착륙 완료 및 디스암 확인

무작위 바람+토크 더더링 데이터 수집 완료.
  [수집] 세션 14 완료 (시도 1/3)
  [그래프] /home/ssh2003/MyProjects/quad-pinn-project/logs/wind_random_dither_20260816_130019_yaw26p0_n12x15_speed0-10_seed14042.csv 요약 PNG 생성 중...
    findfont: Failed to find font weight normal, now using 100.
    /home/ssh2003/MyProjects/quad-pinn-project/sim_scripts/data_collection/plot_session_grid.py:106: UserWarning: This figure includes Axes that are not compatible with tight_layout, so results might be incorrect.
      fig.tight_layout(rect=[0, 0, 0.92, 0.94])
    findfont: Failed to find font weight normal, now using 100.
    findfont: Failed to find font weight normal, now using 100.
    findfont: Failed to find font weight normal, now using 100.
    findfont: Failed to find font weight normal, now using 100.
    저장됨: /home/ssh2003/MyProjects/quad-pinn-project/figures/wind_random_20260816_034808_n12x15_td15/session_wind_random_dither_20260816_130019_yaw26p0_n12x15_speed0-10_seed14042.png

############################################################
# 세션 15/15
############################################################
  [SITL] 기존 프로세스 정리 중 (정상종료 시도)...
Terminated
  [SITL] 강제 정리 (남아있는 프로세스 있으면)...
  [SITL] 재시작 중...
  [SITL] px4 프로세스 감지됨 (1s). 안정화 대기 15s...
  [수집] 시작 (seed=15042, yaw-offset=28.000도, 시도 1/3, 타임아웃 4196초)
PX4 SITL에 연결 시도 중...
-> 드론에 연결됨!
GPS/홈 위치 확인 중...
-> 전역 위치 및 홈 위치 준비 완료

[확인] PX4 SITL이 'windy' 월드로 실행 중인지 확인할 것.

--- Arming ---
-> Armed

--- Takeoff ---
  안전 고도(1.5m) 도달 대기 중...
  -> 안전 고도 도달 (relative_altitude=1.50m)

--- Offboard 진입 준비: 초기 setpoint(현재 위치 고정) 전송 ---

--- Offboard 모드 시작 ---

CSV 로그 저장 경로: ../../logs/wind_random_dither_20260816_135453_yaw28p0_n12x15_speed0-10_seed15042.csv
더더링: OU 프로세스 tau=0.3s sigma=0.1 clamp=±0.15

yaw 12방향(offset=28.0도) x 방향당 바람조건 15개 = 총 180개 수집 시작 (조건당 15초, 예상 총 소요 51.0분 + yaw 회전 시간)

============================================================
=== yaw 1/12: 목표 28도로 회전 중 (현재 90.7도) ===
============================================================
  -> yaw 25.3도로 안정화
  [1/180] yaw= 22.6 wind=(-2.38, 2.17) speed= 3.2m/s  roll= -5.0 pitch= -3.5  dither=(-0.06,+0.05,+0.07)
  [2/180] yaw= 27.5 wind=(-2.01, 1.37) speed= 2.4m/s  roll= 17.6 pitch=  0.3  dither=(-0.02,-0.07,+0.06)
  [3/180] yaw= 22.4 wind=(-0.28, 5.27) speed= 5.3m/s  roll= -3.5 pitch=  3.9  dither=(-0.02,+0.12,-0.06)
  [4/180] yaw= 24.9 wind=( 6.48, 7.52) speed= 9.9m/s  roll= -3.8 pitch= 14.6  dither=(-0.06,+0.15,-0.10)
  [5/180] yaw= 21.3 wind=(-0.21, 3.49) speed= 3.5m/s  roll= -1.4 pitch=  5.1  dither=(-0.10,-0.05,+0.08)
  [6/180] yaw= 34.8 wind=( 3.34, 1.83) speed= 3.8m/s  roll= -0.2 pitch= 11.0  dither=(-0.04,-0.07,-0.09)
  [7/180] yaw= 27.3 wind=(-4.21, 8.30) speed= 9.3m/s  roll=  7.2 pitch=  4.5  dither=(+0.03,-0.04,-0.03)
  [8/180] yaw= 35.5 wind=( 6.69, 6.44) speed= 9.3m/s  roll= 10.9 pitch=  4.6  dither=(-0.01,+0.03,+0.14)
  [9/180] yaw= 38.9 wind=( 6.74,-2.51) speed= 7.2m/s  roll=-11.8 pitch= -6.3  dither=(-0.11,-0.05,-0.09)
  [10/180] yaw= 26.1 wind=(-0.81, 2.50) speed= 2.6m/s  roll=  3.5 pitch=  1.2  dither=(+0.15,-0.15,+0.08)
  [11/180] yaw= 33.9 wind=( 5.40,-1.44) speed= 5.6m/s  roll=-10.5 pitch= -1.2  dither=(+0.08,-0.12,-0.00)
  [12/180] yaw= 23.3 wind=(-5.22, 4.86) speed= 7.1m/s  roll=  5.1 pitch=  0.9  dither=(+0.10,+0.15,-0.15)
  [13/180] yaw= 28.8 wind=(-0.78,-2.13) speed= 2.3m/s  roll=  2.6 pitch=-11.5  dither=(-0.01,-0.15,-0.09)
  [14/180] yaw= 26.6 wind=( 0.85, 2.58) speed= 2.7m/s  roll=  6.9 pitch=  9.0  dither=(+0.10,+0.07,+0.10)
  [15/180] yaw= 33.7 wind=( 5.94, 1.32) speed= 6.1m/s  roll= -7.3 pitch= -2.6  dither=(+0.08,+0.04,-0.00)

============================================================
=== yaw 2/12: 목표 58도로 회전 중 (현재 22.8도) ===
============================================================
  -> yaw 56.2도로 안정화
  [16/180] yaw= 61.5 wind=(-3.50,-8.94) speed= 9.6m/s  roll= -7.0 pitch=  3.3  dither=(+0.04,+0.03,+0.12)
  [17/180] yaw= 60.6 wind=(-9.77,-1.38) speed= 9.9m/s  roll=  6.2 pitch=  0.8  dither=(+0.13,+0.03,-0.04)
  [18/180] yaw= 55.2 wind=( 1.62, 2.44) speed= 2.9m/s  roll= -0.5 pitch=  7.7  dither=(+0.02,+0.03,-0.04)
  [19/180] yaw= 61.0 wind=(-3.79,-1.34) speed= 4.0m/s  roll=  2.3 pitch=  0.1  dither=(-0.10,+0.02,-0.05)
  [20/180] yaw= 60.0 wind=( 9.13, 0.91) speed= 9.2m/s  roll=  8.0 pitch=  0.5  dither=(+0.10,+0.02,+0.08)
  [21/180] yaw= 54.9 wind=( 0.75,-1.55) speed= 1.7m/s  roll=  2.4 pitch= -0.6  dither=(+0.03,-0.07,-0.08)
  [22/180] yaw= 61.6 wind=( 6.50, 3.82) speed= 7.5m/s  roll= -3.4 pitch= -2.9  dither=(-0.05,-0.06,-0.08)
  [23/180] yaw= 65.3 wind=( 7.64,-2.01) speed= 7.9m/s  roll= -4.8 pitch= 11.2  dither=(-0.14,-0.15,+0.11)
  [24/180] yaw= 66.1 wind=( 0.06,-6.64) speed= 6.6m/s  roll=  5.9 pitch= -2.9  dither=(+0.06,+0.04,-0.03)
  [25/180] yaw= 56.1 wind=( 1.59,-0.81) speed= 1.8m/s  roll=-11.3 pitch=  6.4  dither=(-0.08,+0.05,-0.02)
  [26/180] yaw= 70.9 wind=( 7.03,-3.98) speed= 8.1m/s  roll= -0.8 pitch= 10.6  dither=(-0.08,-0.05,+0.08)
  [27/180] yaw= 57.3 wind=(-4.82, 3.51) speed= 6.0m/s  roll= 16.3 pitch=-13.4  dither=(+0.06,-0.08,+0.10)
  [28/180] yaw= 58.5 wind=( 2.46, 0.65) speed= 2.5m/s  roll=  9.9 pitch= 11.5  dither=(+0.07,-0.02,+0.11)
  [29/180] yaw= 53.9 wind=(-0.06,-4.00) speed= 4.0m/s  roll=  2.9 pitch= 11.0  dither=(+0.11,+0.08,-0.04)
  [30/180] yaw= 60.6 wind=(-3.58, 8.75) speed= 9.5m/s  roll= -5.8 pitch= -7.1  dither=(-0.06,-0.09,+0.15)

============================================================
=== yaw 3/12: 목표 88도로 회전 중 (현재 58.9도) ===
============================================================
  -> yaw 86.4도로 안정화
  [31/180] yaw= 91.2 wind=( 4.16,-2.85) speed= 5.0m/s  roll=  3.7 pitch=  8.0  dither=(-0.07,+0.00,+0.14)
  [32/180] yaw=101.5 wind=( 4.52,-3.59) speed= 5.8m/s  roll= -4.7 pitch= -3.3  dither=(-0.09,-0.00,+0.01)
  [33/180] yaw= 77.4 wind=(-5.38,-3.05) speed= 6.2m/s  roll= -0.1 pitch=-12.8  dither=(+0.01,+0.07,-0.04)
  [34/180] yaw= 77.1 wind=(-2.52, 5.35) speed= 5.9m/s  roll=  3.0 pitch=-13.8  dither=(-0.02,-0.15,+0.06)
  [35/180] yaw= 92.8 wind=(-0.57, 0.56) speed= 0.8m/s  roll= -4.2 pitch=  1.5  dither=(+0.03,+0.05,+0.01)
  [36/180] yaw= 95.5 wind=(-7.25,-5.29) speed= 9.0m/s  roll= 11.2 pitch=  0.2  dither=(+0.01,-0.00,+0.13)
  [37/180] yaw= 84.3 wind=(-0.31,-8.56) speed= 8.6m/s  roll=  4.5 pitch= -2.4  dither=(-0.10,-0.03,-0.11)
  [38/180] yaw= 77.5 wind=( 1.44, 2.41) speed= 2.8m/s  roll=-10.2 pitch=  0.2  dither=(-0.06,-0.03,+0.06)
  [39/180] yaw= 98.4 wind=( 5.91,-2.92) speed= 6.6m/s  roll= -6.4 pitch=  5.4  dither=(-0.08,-0.05,+0.15)
  [40/180] yaw= 94.9 wind=(-9.61,-0.13) speed= 9.6m/s  roll= -3.3 pitch=  0.6  dither=(-0.10,-0.01,+0.14)
  [41/180] yaw= 90.2 wind=( 2.10,-9.29) speed= 9.5m/s  roll=-11.0 pitch=-11.5  dither=(-0.05,-0.05,-0.02)
  [42/180] yaw= 80.4 wind=( 3.54,-1.25) speed= 3.8m/s  roll= -5.3 pitch=  0.4  dither=(+0.12,+0.05,-0.07)
  [43/180] yaw= 87.4 wind=( 6.50, 6.66) speed= 9.3m/s  roll=  7.0 pitch=-10.6  dither=(-0.03,-0.07,+0.03)
  [44/180] yaw= 85.8 wind=( 6.07,-2.29) speed= 6.5m/s  roll=  5.1 pitch= -3.7  dither=(+0.15,-0.04,+0.02)
  [45/180] yaw= 97.0 wind=(-3.23, 1.43) speed= 3.5m/s  roll=-14.6 pitch= -1.7  dither=(-0.04,-0.01,-0.11)

============================================================
=== yaw 4/12: 목표 118도로 회전 중 (현재 81.8도) ===
============================================================
  -> yaw 119.8도로 안정화
  [46/180] yaw=118.9 wind=( 1.81,-8.33) speed= 8.5m/s  roll= -5.0 pitch=  0.3  dither=(-0.03,+0.02,+0.07)
  [47/180] yaw=125.5 wind=(-1.77, 0.19) speed= 1.8m/s  roll=  3.0 pitch=  7.8  dither=(+0.08,+0.11,-0.05)
  [48/180] yaw=130.1 wind=(-1.87, 2.17) speed= 2.9m/s  roll=-13.1 pitch=  1.8  dither=(-0.10,+0.00,+0.02)
  [49/180] yaw=114.8 wind=(-0.25, 7.95) speed= 8.0m/s  roll=  2.8 pitch= -0.9  dither=(+0.06,-0.06,+0.02)
  [50/180] yaw=122.2 wind=( 2.42, 1.16) speed= 2.7m/s  roll=  3.0 pitch= -4.9  dither=(+0.09,+0.04,-0.02)
  [51/180] yaw=127.9 wind=(-5.38, 5.57) speed= 7.7m/s  roll=  4.7 pitch=-14.2  dither=(-0.01,+0.02,+0.15)
  [52/180] yaw=125.6 wind=(-3.48, 1.22) speed= 3.7m/s  roll=-10.8 pitch=  1.9  dither=(+0.02,-0.15,-0.08)
  [53/180] yaw=127.9 wind=(-1.79, 1.16) speed= 2.1m/s  roll= -9.4 pitch=  1.8  dither=(-0.03,+0.01,-0.14)
  [54/180] yaw=122.4 wind=( 2.53,-3.49) speed= 4.3m/s  roll= -3.5 pitch=  9.5  dither=(-0.06,+0.03,+0.11)
  [55/180] yaw=119.4 wind=( 7.42,-2.85) speed= 8.0m/s  roll=  5.0 pitch= -1.1  dither=(+0.15,+0.04,+0.08)
  [56/180] yaw=115.0 wind=(-2.50, 6.03) speed= 6.5m/s  roll=  5.1 pitch= 11.7  dither=(-0.08,+0.02,-0.14)
  [57/180] yaw=118.0 wind=(-0.97, 7.65) speed= 7.7m/s  roll= 11.7 pitch= -2.1  dither=(+0.14,+0.12,+0.05)
  [58/180] yaw=114.5 wind=(-8.75, 1.81) speed= 8.9m/s  roll=  0.2 pitch= -1.2  dither=(-0.06,-0.01,-0.08)
  [59/180] yaw=127.5 wind=(-1.82, 5.10) speed= 5.4m/s  roll= -0.0 pitch= -6.2  dither=(+0.06,-0.14,-0.01)
  [60/180] yaw=117.8 wind=( 1.84,-9.14) speed= 9.3m/s  roll=-14.5 pitch= 11.4  dither=(+0.01,+0.02,-0.01)

============================================================
=== yaw 5/12: 목표 148도로 회전 중 (현재 119.1도) ===
============================================================
  -> yaw 147.0도로 안정화
  [61/180] yaw=158.7 wind=(-8.33, 2.34) speed= 8.7m/s  roll=-15.6 pitch=  9.8  dither=(-0.02,+0.15,+0.13)
  [62/180] yaw=143.3 wind=(-6.17, 2.58) speed= 6.7m/s  roll=-14.2 pitch= -0.6  dither=(-0.01,-0.02,+0.02)
  [63/180] yaw=159.7 wind=(-0.93,-0.27) speed= 1.0m/s  roll= -4.5 pitch= -4.6  dither=(+0.03,+0.08,-0.05)
  [64/180] yaw=148.2 wind=(-6.47, 2.93) speed= 7.1m/s  roll=  6.0 pitch=  1.5  dither=(-0.04,+0.09,+0.10)
  [65/180] yaw=148.3 wind=(-7.98, 1.66) speed= 8.1m/s  roll= -1.3 pitch=  3.0  dither=(+0.09,-0.01,+0.01)
  [66/180] yaw=149.7 wind=(-4.18, 5.08) speed= 6.6m/s  roll= -3.3 pitch= -4.9  dither=(+0.06,+0.04,-0.15)
  [67/180] yaw=159.6 wind=( 2.38, 6.21) speed= 6.7m/s  roll=  4.0 pitch= -3.2  dither=(-0.02,-0.03,+0.04)
  [68/180] yaw=142.8 wind=(-0.82, 5.28) speed= 5.3m/s  roll= -1.4 pitch=-12.3  dither=(+0.07,-0.12,+0.15)
  [69/180] yaw=160.3 wind=( 7.12, 0.69) speed= 7.2m/s  roll=  2.1 pitch=  6.1  dither=(+0.02,+0.05,+0.12)
  [70/180] yaw=149.1 wind=(-7.91,-3.02) speed= 8.5m/s  roll=-10.0 pitch=  1.1  dither=(-0.01,-0.12,-0.03)
  [71/180] yaw=150.6 wind=(-1.02,-4.03) speed= 4.2m/s  roll=  3.7 pitch=-10.7  dither=(-0.00,-0.08,-0.05)
  [72/180] yaw=151.7 wind=( 7.15,-2.15) speed= 7.5m/s  roll=  2.8 pitch=  7.1  dither=(+0.11,+0.01,-0.01)
  [73/180] yaw=141.9 wind=( 0.63, 7.83) speed= 7.9m/s  roll= -3.2 pitch=-11.5  dither=(+0.05,-0.06,-0.15)
  [74/180] yaw=143.2 wind=( 6.89, 0.98) speed= 7.0m/s  roll= -4.3 pitch=  0.4  dither=(-0.12,+0.05,-0.07)
  [75/180] yaw=155.7 wind=(-4.27, 7.45) speed= 8.6m/s  roll= -3.0 pitch=-12.8  dither=(-0.03,-0.05,+0.15)

============================================================
=== yaw 6/12: 목표 178도로 회전 중 (현재 137.6도) ===
============================================================
  -> yaw 179.2도로 안정화
  [76/180] yaw=176.0 wind=( 7.53, 5.18) speed= 9.1m/s  roll=  4.5 pitch= -7.7  dither=(-0.02,-0.15,-0.14)
  [77/180] yaw=173.5 wind=( 3.59, 8.03) speed= 8.8m/s  roll=  6.4 pitch=  0.5  dither=(-0.07,-0.12,-0.05)
  [78/180] yaw=169.5 wind=(-4.72,-3.47) speed= 5.9m/s  roll= -5.5 pitch= -4.4  dither=(-0.03,+0.08,-0.13)
  [79/180] yaw=172.5 wind=(-0.64,-8.79) speed= 8.8m/s  roll=-10.8 pitch= -2.7  dither=(+0.01,-0.05,-0.14)
  [80/180] yaw=-170.5 wind=(-3.70,-7.66) speed= 8.5m/s  roll= -4.5 pitch=-10.2  dither=(-0.05,-0.15,+0.02)
  [81/180] yaw=171.5 wind=(-2.14,-7.29) speed= 7.6m/s  roll=  8.5 pitch=  5.0  dither=(+0.01,+0.02,-0.01)
  [82/180] yaw=168.8 wind=( 0.80,-2.21) speed= 2.3m/s  roll=  8.2 pitch= 14.8  dither=(-0.01,+0.12,-0.14)
  [83/180] yaw=174.4 wind=( 6.00,-2.37) speed= 6.5m/s  roll= -5.3 pitch=  5.1  dither=(+0.11,+0.13,-0.04)
  [84/180] yaw=-177.0 wind=( 2.38,-7.30) speed= 7.7m/s  roll=  9.3 pitch=  2.2  dither=(+0.12,-0.02,-0.05)
  [85/180] yaw=165.3 wind=( 3.48, 0.34) speed= 3.5m/s  roll= 16.8 pitch= -1.2  dither=(+0.05,+0.03,-0.05)
  [86/180] yaw=179.6 wind=( 4.93,-1.42) speed= 5.1m/s  roll= -1.6 pitch=  1.4  dither=(-0.10,-0.04,-0.03)
  [87/180] yaw=171.5 wind=(-7.66, 2.66) speed= 8.1m/s  roll= -5.0 pitch= 13.7  dither=(+0.02,+0.00,+0.11)
  [88/180] yaw=165.0 wind=( 5.60,-3.27) speed= 6.5m/s  roll= -4.9 pitch= -8.1  dither=(-0.10,-0.08,-0.15)
  [89/180] yaw=178.3 wind=( 1.51, 4.03) speed= 4.3m/s  roll=  4.1 pitch=-11.4  dither=(-0.06,-0.02,+0.14)
  [90/180] yaw=174.5 wind=( 2.26, 7.25) speed= 7.6m/s  roll=  5.1 pitch= -3.6  dither=(-0.10,-0.06,-0.05)

============================================================
=== yaw 7/12: 목표 208도로 회전 중 (현재 168.4도) ===
============================================================
  -> yaw -153.9도로 안정화
  [91/180] yaw=-148.2 wind=(-0.46,-1.10) speed= 1.2m/s  roll=  5.6 pitch=  0.5  dither=(+0.05,-0.11,+0.00)
  [92/180] yaw=-152.6 wind=(-3.12, 4.14) speed= 5.2m/s  roll= -7.4 pitch=-11.0  dither=(+0.06,-0.12,+0.01)
  [93/180] yaw=-151.9 wind=(-5.54, 3.69) speed= 6.7m/s  roll= -7.3 pitch=  6.9  dither=(+0.03,-0.04,+0.10)
  [94/180] yaw=-148.2 wind=( 0.71, 3.93) speed= 4.0m/s  roll=  3.3 pitch=  6.5  dither=(+0.09,-0.01,+0.03)
  [95/180] yaw=-159.3 wind=( 4.02, 3.74) speed= 5.5m/s  roll=  3.1 pitch=-14.4  dither=(-0.03,-0.14,+0.15)
  [96/180] yaw=-137.2 wind=( 0.11, 0.05) speed= 0.1m/s  roll= -1.2 pitch=  3.0  dither=(+0.00,+0.07,+0.05)
  [97/180] yaw=-148.7 wind=( 3.58, 6.70) speed= 7.6m/s  roll=-10.1 pitch=  0.8  dither=(-0.08,-0.14,+0.14)
  [98/180] yaw=-155.7 wind=(-0.93, 8.61) speed= 8.7m/s  roll=-15.9 pitch= -3.9  dither=(+0.05,+0.15,-0.02)
  [99/180] yaw=-143.2 wind=(-7.39, 4.58) speed= 8.7m/s  roll= -9.9 pitch= 12.1  dither=(+0.15,-0.10,-0.07)
  [100/180] yaw=-140.8 wind=( 6.11,-3.75) speed= 7.2m/s  roll=  6.5 pitch=  0.6  dither=(-0.05,-0.02,+0.15)
  [101/180] yaw=-143.1 wind=( 1.79,-1.24) speed= 2.2m/s  roll= 10.0 pitch=  8.1  dither=(+0.15,+0.11,+0.13)
  [102/180] yaw=-156.3 wind=(-7.17,-4.77) speed= 8.6m/s  roll= -2.4 pitch= -1.3  dither=(+0.13,+0.09,-0.07)
  [103/180] yaw=-143.7 wind=(-6.39, 4.85) speed= 8.0m/s  roll=  1.3 pitch=  0.1  dither=(+0.15,-0.01,+0.13)
  [104/180] yaw=-139.1 wind=( 9.35,-0.71) speed= 9.4m/s  roll= -0.6 pitch= -8.1  dither=(-0.01,+0.13,+0.09)
  [105/180] yaw=-159.4 wind=( 9.43, 1.43) speed= 9.5m/s  roll= -2.5 pitch=  3.9  dither=(-0.02,+0.04,+0.15)

============================================================
=== yaw 8/12: 목표 238도로 회전 중 (현재 -151.9도) ===
============================================================
  -> yaw -119.8도로 안정화
  [106/180] yaw=-134.7 wind=(-3.31,-0.76) speed= 3.4m/s  roll= -3.3 pitch= -7.7  dither=(-0.05,-0.15,+0.01)
  [107/180] yaw=-134.6 wind=( 9.07,-2.32) speed= 9.4m/s  roll= 11.5 pitch= -1.9  dither=(+0.04,+0.02,-0.00)
  [108/180] yaw=-134.0 wind=(-5.30, 0.07) speed= 5.3m/s  roll= -1.3 pitch= 11.2  dither=(-0.06,+0.05,+0.01)
  [109/180] yaw=-124.4 wind=( 5.04,-3.34) speed= 6.0m/s  roll=  1.6 pitch= -0.8  dither=(+0.13,+0.09,-0.15)
  [110/180] yaw=-113.6 wind=(-9.49,-0.86) speed= 9.5m/s  roll= -0.0 pitch=  4.0  dither=(-0.07,+0.03,-0.07)
  [111/180] yaw=-120.5 wind=(-7.53, 1.09) speed= 7.6m/s  roll=  3.0 pitch= 11.8  dither=(-0.09,+0.05,+0.04)
  [112/180] yaw=-129.8 wind=( 4.99,-6.18) speed= 7.9m/s  roll=  4.8 pitch=  0.6  dither=(+0.05,+0.15,-0.09)
  [113/180] yaw=-116.4 wind=( 1.37, 2.35) speed= 2.7m/s  roll=  5.8 pitch= -3.3  dither=(+0.04,-0.07,+0.02)
  [114/180] yaw=-114.7 wind=( 0.20, 0.15) speed= 0.3m/s  roll=-12.8 pitch=-10.8  dither=(-0.10,-0.11,-0.15)
  [115/180] yaw=-119.4 wind=(-2.61,-7.80) speed= 8.2m/s  roll=  9.2 pitch= -0.3  dither=(+0.15,+0.15,+0.05)
  [116/180] yaw=-111.1 wind=( 2.01,-0.63) speed= 2.1m/s  roll= -0.5 pitch=  2.3  dither=(+0.13,-0.04,+0.04)
  [117/180] yaw=-118.4 wind=(-3.71, 2.44) speed= 4.4m/s  roll=  5.8 pitch= 14.8  dither=(+0.01,+0.07,+0.01)
  [118/180] yaw=-122.2 wind=(-2.69, 6.07) speed= 6.6m/s  roll=  2.3 pitch= -0.5  dither=(+0.01,+0.14,-0.13)
  [119/180] yaw=-122.7 wind=( 5.55, 6.72) speed= 8.7m/s  roll= -5.3 pitch=-19.7  dither=(+0.07,+0.04,+0.09)
  [120/180] yaw=-124.7 wind=( 0.03,-1.91) speed= 1.9m/s  roll= 14.4 pitch=  1.9  dither=(-0.05,+0.03,-0.15)

============================================================
=== yaw 9/12: 목표 268도로 회전 중 (현재 -125.6도) ===
============================================================
  -> yaw -92.7도로 안정화
  [121/180] yaw=-92.5 wind=( 3.81,-2.72) speed= 4.7m/s  roll= -3.7 pitch=  2.0  dither=(-0.07,+0.02,-0.09)
  [122/180] yaw=-84.6 wind=(-1.51, 6.04) speed= 6.2m/s  roll=-14.0 pitch= -0.0  dither=(-0.09,+0.15,+0.02)
  [123/180] yaw=-108.1 wind=(-5.52,-5.04) speed= 7.5m/s  roll=  0.2 pitch=  9.6  dither=(+0.03,-0.05,-0.14)
  [124/180] yaw=-99.8 wind=( 0.29,-8.54) speed= 8.5m/s  roll=  5.7 pitch=  2.6  dither=(+0.12,-0.15,-0.11)
  [125/180] yaw=-92.2 wind=(-1.25, 3.28) speed= 3.5m/s  roll=  4.4 pitch=  2.1  dither=(+0.09,+0.15,-0.07)
  [126/180] yaw=-99.4 wind=( 7.74,-1.05) speed= 7.8m/s  roll= -2.0 pitch= -4.0  dither=(+0.06,+0.08,-0.07)
  [127/180] yaw=-93.4 wind=(-7.08, 4.42) speed= 8.3m/s  roll= -3.6 pitch=  4.8  dither=(+0.13,-0.10,+0.02)
  [128/180] yaw=-93.0 wind=(-0.57, 3.84) speed= 3.9m/s  roll= -1.1 pitch= -4.4  dither=(+0.05,+0.09,+0.05)
  [129/180] yaw=-91.3 wind=(-0.71,-6.13) speed= 6.2m/s  roll= -1.8 pitch= -2.9  dither=(-0.01,+0.02,-0.08)
  [130/180] yaw=-92.6 wind=( 4.81, 5.98) speed= 7.7m/s  roll=-10.0 pitch= -1.1  dither=(+0.05,+0.01,-0.07)
  [131/180] yaw=-80.8 wind=(-1.23, 0.85) speed= 1.5m/s  roll=  7.2 pitch=  7.1  dither=(-0.02,-0.04,+0.01)
  [132/180] yaw=-91.3 wind=(-1.83, 3.78) speed= 4.2m/s  roll= -8.0 pitch= -8.0  dither=(-0.15,+0.03,-0.15)
  [133/180] yaw=-96.7 wind=(-0.45, 5.24) speed= 5.3m/s  roll= -1.2 pitch= -4.5  dither=(+0.14,+0.03,+0.15)
  [134/180] yaw=-107.3 wind=( 1.16, 0.29) speed= 1.2m/s  roll=  4.2 pitch= -9.0  dither=(+0.13,-0.15,-0.08)
  [135/180] yaw=-100.6 wind=(-2.45,-6.30) speed= 6.8m/s  roll= -0.8 pitch= -7.6  dither=(+0.08,-0.08,-0.09)

============================================================
=== yaw 10/12: 목표 298도로 회전 중 (현재 -81.9도) ===
============================================================
  -> yaw -64.0도로 안정화
  [136/180] yaw=-63.8 wind=( 1.30,-2.25) speed= 2.6m/s  roll= -6.1 pitch= -8.0  dither=(+0.06,-0.02,-0.04)
  [137/180] yaw=-59.5 wind=(-3.53, 7.49) speed= 8.3m/s  roll=  6.8 pitch=  1.5  dither=(+0.03,-0.09,+0.13)
  [138/180] yaw=-67.3 wind=(-2.46, 1.39) speed= 2.8m/s  roll= -5.4 pitch=  3.2  dither=(+0.07,+0.00,-0.11)
  [139/180] yaw=-66.1 wind=(-0.12, 3.13) speed= 3.1m/s  roll=  7.0 pitch= -2.5  dither=(+0.02,-0.12,-0.07)
  [140/180] yaw=-65.3 wind=(-6.82, 0.81) speed= 6.9m/s  roll=  9.8 pitch=  5.1  dither=(-0.03,+0.08,-0.01)
  [141/180] yaw=-63.9 wind=( 2.95, 6.25) speed= 6.9m/s  roll= -8.8 pitch=  0.5  dither=(-0.01,-0.02,-0.07)
  [142/180] yaw=-62.3 wind=(-1.95,-2.92) speed= 3.5m/s  roll= -3.7 pitch=  1.1  dither=(-0.04,+0.04,-0.05)
  [143/180] yaw=-59.6 wind=(-2.55, 7.94) speed= 8.3m/s  roll=-16.2 pitch=  4.4  dither=(-0.14,-0.03,-0.15)
  [144/180] yaw=-68.1 wind=( 5.20,-4.72) speed= 7.0m/s  roll=  9.3 pitch=-18.3  dither=(-0.06,-0.02,+0.05)
  [145/180] yaw=-65.4 wind=( 2.28,-2.61) speed= 3.5m/s  roll=  8.5 pitch=-10.1  dither=(-0.03,-0.15,-0.15)
  [146/180] yaw=-60.2 wind=(-8.10, 3.12) speed= 8.7m/s  roll=  6.0 pitch=  7.4  dither=(-0.10,-0.08,+0.11)
  [147/180] yaw=-69.8 wind=(-0.90,-8.28) speed= 8.3m/s  roll= 11.0 pitch= -6.9  dither=(-0.06,+0.05,-0.13)
  [148/180] yaw=-60.9 wind=(-2.00, 0.05) speed= 2.0m/s  roll=  3.6 pitch=  4.5  dither=(-0.07,-0.03,-0.05)
  [149/180] yaw=-68.8 wind=( 0.11, 8.57) speed= 8.6m/s  roll= -9.8 pitch=  5.2  dither=(-0.08,+0.15,+0.01)
  [150/180] yaw=-56.9 wind=(-8.76,-1.76) speed= 8.9m/s  roll=  4.2 pitch=  1.5  dither=(-0.07,-0.05,-0.05)

============================================================
=== yaw 11/12: 목표 328도로 회전 중 (현재 -74.9도) ===
============================================================
  -> yaw -30.2도로 안정화
  [151/180] yaw=-27.9 wind=(-1.90, 0.10) speed= 1.9m/s  roll= -1.9 pitch=  3.5  dither=(+0.15,+0.07,+0.02)
  [152/180] yaw=-31.3 wind=(-6.83,-1.38) speed= 7.0m/s  roll=-10.6 pitch= -7.6  dither=(-0.01,-0.14,+0.12)
  [153/180] yaw=-27.3 wind=( 0.44, 0.05) speed= 0.4m/s  roll=  3.0 pitch=  9.9  dither=(+0.00,+0.01,+0.15)
  [154/180] yaw=-38.9 wind=(-1.42,-0.91) speed= 1.7m/s  roll= -9.6 pitch= -1.8  dither=(-0.15,+0.03,+0.04)
  [155/180] yaw=-36.5 wind=(-1.15, 1.93) speed= 2.2m/s  roll= -0.7 pitch=  1.6  dither=(+0.06,-0.14,-0.15)
  [156/180] yaw=-32.9 wind=( 5.47, 3.82) speed= 6.7m/s  roll= -1.1 pitch=  2.0  dither=(+0.00,-0.05,-0.09)
  [157/180] yaw=-24.4 wind=( 1.57,-8.16) speed= 8.3m/s  roll= 13.4 pitch= -3.0  dither=(+0.13,+0.06,-0.03)
  [158/180] yaw=-20.5 wind=(-3.51,-1.75) speed= 3.9m/s  roll= -8.3 pitch= -4.9  dither=(+0.00,+0.14,+0.05)
  [159/180] yaw=-27.7 wind=(-2.18,-1.53) speed= 2.7m/s  roll= 10.7 pitch= -1.9  dither=(+0.03,-0.15,-0.15)
  [160/180] yaw=-27.3 wind=(-1.40,-0.27) speed= 1.4m/s  roll=  2.1 pitch=  7.8  dither=(-0.03,+0.11,+0.06)
  [161/180] yaw=-31.0 wind=( 4.77,-0.26) speed= 4.8m/s  roll= -0.8 pitch=  3.5  dither=(-0.13,+0.00,+0.02)
  [162/180] yaw=-28.5 wind=(-3.68,-7.25) speed= 8.1m/s  roll=  4.0 pitch= -8.5  dither=(+0.06,-0.05,+0.02)
  [163/180] yaw=-27.5 wind=( 8.90, 0.12) speed= 8.9m/s  roll= -4.4 pitch= -7.0  dither=(+0.10,-0.09,-0.12)
  [164/180] yaw=-39.1 wind=( 7.65,-5.37) speed= 9.3m/s  roll= -9.4 pitch= -8.4  dither=(-0.02,+0.00,-0.07)
  [165/180] yaw=-36.2 wind=( 4.74, 0.83) speed= 4.8m/s  roll= -7.2 pitch= -0.3  dither=(+0.04,-0.03,+0.00)

============================================================
=== yaw 12/12: 목표 358도로 회전 중 (현재 -24.2도) ===
============================================================
  -> yaw -3.4도로 안정화
  [166/180] yaw=  0.1 wind=( 1.97,-1.75) speed= 2.6m/s  roll=  4.1 pitch=  1.1  dither=(-0.05,-0.09,-0.01)
  [167/180] yaw= -8.9 wind=( 0.51,-6.71) speed= 6.7m/s  roll= -2.2 pitch=  4.0  dither=(-0.03,+0.06,-0.03)
  [168/180] yaw=  9.0 wind=( 1.07,-8.16) speed= 8.2m/s  roll=-11.6 pitch= -3.8  dither=(-0.10,+0.04,-0.15)
  [169/180] yaw= 12.6 wind=( 6.96, 4.12) speed= 8.1m/s  roll=  2.1 pitch=  0.6  dither=(+0.04,+0.03,+0.07)
  [170/180] yaw= -4.4 wind=( 4.09, 1.97) speed= 4.5m/s  roll= -3.7 pitch=  7.7  dither=(-0.05,-0.07,+0.01)
  [171/180] yaw=  2.7 wind=( 0.83,-4.11) speed= 4.2m/s  roll= -0.2 pitch= -0.8  dither=(-0.00,+0.01,-0.10)
  [172/180] yaw=  5.8 wind=( 3.47,-5.71) speed= 6.7m/s  roll=  9.1 pitch=  2.6  dither=(+0.13,-0.08,+0.15)
  [173/180] yaw= -4.9 wind=(-5.36, 7.46) speed= 9.2m/s  roll= 20.2 pitch=  0.7  dither=(+0.02,+0.10,-0.06)
  [174/180] yaw=-11.6 wind=( 1.09,-6.52) speed= 6.6m/s  roll= -3.6 pitch= -4.4  dither=(-0.11,-0.03,+0.06)
  [175/180] yaw=-18.5 wind=( 3.47,-1.23) speed= 3.7m/s  roll= -2.2 pitch=-11.1  dither=(-0.13,+0.03,-0.02)
  [176/180] yaw= -2.7 wind=( 1.94, 1.95) speed= 2.8m/s  roll= -1.7 pitch= -1.4  dither=(+0.07,-0.00,-0.08)
  [177/180] yaw=-11.0 wind=(-6.09, 6.02) speed= 8.6m/s  roll= 15.2 pitch=  3.6  dither=(-0.02,-0.05,+0.14)
  [178/180] yaw= -2.3 wind=( 4.46,-7.57) speed= 8.8m/s  roll= -7.7 pitch= -0.4  dither=(-0.09,-0.15,-0.13)
  [179/180] yaw=  3.0 wind=( 1.91,-1.86) speed= 2.7m/s  roll= -3.7 pitch= -3.8  dither=(-0.08,-0.09,+0.07)
  [180/180] yaw= -0.9 wind=(-0.51,-0.79) speed= 0.9m/s  roll=  4.9 pitch=  3.3  dither=(-0.09,+0.15,+0.05)

데이터 수집 완료. CSV 저장됨: ../../logs/wind_random_dither_20260816_135453_yaw28p0_n12x15_speed0-10_seed15042.csv
[송신 간격 통계] 목표=50ms  평균=50.0ms  최대=66.7ms  임계치 초과=0/65227

--- Offboard 종료 ---

--- Landing ---
-> 착륙 완료 및 디스암 확인

무작위 바람+토크 더더링 데이터 수집 완료.
  [수집] 세션 15 완료 (시도 1/3)
  [그래프] /home/ssh2003/MyProjects/quad-pinn-project/logs/wind_random_dither_20260816_135453_yaw28p0_n12x15_speed0-10_seed15042.csv 요약 PNG 생성 중...
    findfont: Failed to find font weight normal, now using 100.
    /home/ssh2003/MyProjects/quad-pinn-project/sim_scripts/data_collection/plot_session_grid.py:106: UserWarning: This figure includes Axes that are not compatible with tight_layout, so results might be incorrect.
      fig.tight_layout(rect=[0, 0, 0.92, 0.94])
    findfont: Failed to find font weight normal, now using 100.
    findfont: Failed to find font weight normal, now using 100.
    findfont: Failed to find font weight normal, now using 100.
    findfont: Failed to find font weight normal, now using 100.
    저장됨: /home/ssh2003/MyProjects/quad-pinn-project/figures/wind_random_20260816_034808_n12x15_td15/session_wind_random_dither_20260816_135453_yaw28p0_n12x15_speed0-10_seed15042.png

############################################################
# 전체 완료: 15개 세션 중 15개 성공, 0개 실패
# 결과 CSV: /home/ssh2003/MyProjects/quad-pinn-project/logs/wind_random_dither_*.csv
############################################################

  [그래프] 세션 12개 통합 요약(모자이크+전체 겹침) 생성 중...
    findfont: Failed to find font weight normal, now using 100.
    findfont: Failed to find font weight normal, now using 100.
    findfont: Failed to find font weight normal, now using 100.
    findfont: Failed to find font weight normal, now using 100.
    findfont: Failed to find font weight normal, now using 100.
    저장됨: /home/ssh2003/MyProjects/quad-pinn-project/figures/wind_random_20260816_034808_n12x15_td15/all_sessions_montage.png (3300x1524)
      총 트라이얼(선) 수: 2160
    저장됨: /home/ssh2003/MyProjects/quad-pinn-project/figures/wind_random_20260816_034808_n12x15_td15/all_trials_overlay.png
  [그래프] 전체 결과: /home/ssh2003/MyProjects/quad-pinn-project/figures/wind_random_20260816_034808_n12x15_td15
  [정리] 마지막 SITL 종료 중...
