sweep_phase,wind_label,param_name,param_value,trial_phase,t_s,wind_est_north,wind_est_east,accel_n_m_s2,accel_e_m_s2,actual_north_m,actual_east_m,pos_error_m,roll_deg,pitch_deg
deadband,light_fixed,baseline_off,0.0,off,0.00,0.00,0.00,0.000,0.000,0.212,-0.025,0.015,0.26,0.30
deadband,light_fixed,baseline_off,0.0,off,0.05,0.00,0.00,0.000,0.000,0.212,-0.025,0.015,0.26,0.30
deadband,light_fixed,baseline_off,0.0,off,0.10,0.00,0.00,0.000,0.000,0.212,-0.023,0.013,0.28,0.32
deadband,light_fixed,baseline_off,0.0,off,0.15,0.00,0.00,0.000,0.000,0.212,-0.021,0.012,0.29,0.34
deadband,light_fixed,baseline_off,0.0,off,0.20,0.00,0.00,0.000,0.000,0.212,-0.018,0.010,0.31,0.36
deadband,light_fixed,baseline_off,0.0,off,0.25,0.00,0.00,0.000,0.000,0.212,-0.016,0.010,0.32,0.38
deadband,light_fixed,baseline_off,0.0,off,0.30,0.00,0.00,0.000,0.000,0.211,-0.012,0.010,0.32,0.41
deadband,light_fixed,baseline_off,0.0,off,0.35,0.00,0.00,0.000,0.000,0.211,-0.010,0.011,0.33,0.45
deadband,light_fixed,baseline_off,0.0,off,0.40,0.00,0.00,0.000,0.000,0.210,-0.005,0.013,0.34,0.49
deadband,light_fixed,baseline_off,0.0,off,0.45,0.00,0.00,0.000,0.000,0.210,-0.003,0.015,0.35,0.53
deadband,light_fixed,baseline_off,0.0,off,0.50,0.00,0.00,0.000,0.000,0.210,0.003,0.019,0.36,0.59
deadband,light_fixed,baseline_off,0.0,off,0.55,0.00,0.00,0.000,0.000,0.210,0.005,0.022,0.38,0.64
deadband,light_fixed,baseline_off,0.0,off,0.60,0.00,0.00,0.000,0.000,0.210,0.011,0.027,0.40,0.71
deadband,light_fixed,baseline_off,0.0,off,0.65,0.00,0.00,0.000,0.000,0.210,0.014,0.030,0.43,0.77
deadband,light_fixed,baseline_off,0.0,off,0.70,0.00,0.00,0.000,0.000,0.211,0.021,0.036,0.46,0.84
deadband,light_fixed,baseline_off,0.0,off,0.75,0.00,0.00,0.000,0.000,0.211,0.024,0.039,0.50,0.91
deadband,light_fixed,baseline_off,0.0,off,0.80,0.00,0.00,0.000,0.000,0.212,0.030,0.044,0.54,0.98
deadband,light_fixed,baseline_off,0.0,off,0.85,0.00,0.00,0.000,0.000,0.212,0.033,0.047,0.58,1.05
deadband,light_fixed,baseline_off,0.0,off,0.90,0.00,0.00,0.000,0.000,0.214,0.039,0.053,0.63,1.11
deadband,light_fixed,baseline_off,0.0,off,0.95,0.00,0.00,0.000,0.000,0.215,0.042,0.056,0.68,1.17
deadband,light_fixed,baseline_off,0.0,off,1.00,0.00,0.00,0.000,0.000,0.278,0.106,0.133,1.83,1.57
deadband,light_fixed,baseline_off,0.0,off,1.05,0.00,0.00,0.000,0.000,0.278,0.106,0.133,1.83,1.57
deadband,light_fixed,baseline_off,0.0,off,1.10,0.00,0.00,0.000,0.000,0.283,0.109,0.137,1.87,1.57
deadband,light_fixed,baseline_off,0.0,off,1.15,0.00,0.00,0.000,0.000,0.286,0.110,0.139,1.91,1.56
deadband,light_fixed,baseline_off,0.0,off,1.20,0.00,0.00,0.000,0.000,0.288,0.111,0.141,1.94,1.56
deadband,light_fixed,baseline_off,0.0,off,1.25,0.00,0.00,0.000,0.000,0.292,0.113,0.145,1.98,1.56
deadband,light_fixed,baseline_off,0.0,off,1.30,0.00,0.00,0.000,0.000,0.295,0.114,0.147,2.01,1.56
deadband,light_fixed,baseline_off,0.0,off,1.35,0.00,0.00,0.000,0.000,0.299,0.115,0.151,2.05,1.56
deadband,light_fixed,baseline_off,0.0,off,1.40,0.00,0.00,0.000,0.000,0.302,0.116,0.152,2.07,1.55
deadband,light_fixed,baseline_off,0.0,off,1.45,0.00,0.00,0.000,0.000,0.305,0.117,0.155,2.10,1.55
deadband,light_fixed,baseline_off,0.0,off,1.50,0.00,0.00,0.000,0.000,0.307,0.117,0.156,2.12,1.54
deadband,light_fixed,baseline_off,0.0,off,1.55,0.00,0.00,0.000,0.000,0.311,0.118,0.159,2.15,1.53
deadband,light_fixed,baseline_off,0.0,off,1.60,0.00,0.00,0.000,0.000,0.313,0.118,0.160,2.16,1.53
deadband,light_fixed,baseline_off,0.0,off,1.65,0.00,0.00,0.000,0.000,0.316,0.117,0.161,2.18,1.52
deadband,light_fixed,baseline_off,0.0,off,1.70,0.00,0.00,0.000,0.000,0.319,0.116,0.163,2.20,1.51
deadband,light_fixed,baseline_off,0.0,off,1.75,0.00,0.00,0.000,0.000,0.321,0.116,0.163,2.20,1.49
deadband,light_fixed,baseline_off,0.0,off,1.80,0.00,0.00,0.000,0.000,0.324,0.114,0.164,2.21,1.48
deadband,light_fixed,baseline_off,0.0,off,1.85,0.00,0.00,0.000,0.000,0.326,0.112,0.164,2.22,1.46
deadband,light_fixed,baseline_off,0.0,off,1.90,0.00,0.00,0.000,0.000,0.330,0.109,0.164,2.22,1.44
deadband,light_fixed,baseline_off,0.0,off,1.95,0.00,0.00,0.000,0.000,0.332,0.107,0.164,2.23,1.41
deadband,light_fixed,baseline_off,0.0,off,2.00,0.00,0.00,0.000,0.000,0.364,0.015,0.146,2.19,0.61
deadband,light_fixed,baseline_off,0.0,off,2.05,0.00,0.00,0.000,0.000,0.364,0.015,0.146,2.19,0.61
deadband,light_fixed,baseline_off,0.0,off,2.10,0.00,0.00,0.000,0.000,0.363,0.013,0.145,2.15,0.60
deadband,light_fixed,baseline_off,0.0,off,2.15,0.00,0.00,0.000,0.000,0.361,0.008,0.142,2.11,0.59
deadband,light_fixed,baseline_off,0.0,off,2.20,0.00,0.00,0.000,0.000,0.360,0.006,0.140,2.09,0.59
deadband,light_fixed,baseline_off,0.0,off,2.25,0.00,0.00,0.000,0.000,0.358,0.002,0.138,2.06,0.60
deadband,light_fixed,baseline_off,0.0,off,2.30,0.00,0.00,0.000,0.000,0.357,0.000,0.137,2.04,0.60
deadband,light_fixed,baseline_off,0.0,off,2.35,0.00,0.00,0.000,0.000,0.355,-0.004,0.134,2.02,0.60
deadband,light_fixed,baseline_off,0.0,off,2.40,0.00,0.00,0.000,0.000,0.353,-0.005,0.133,2.00,0.61
deadband,light_fixed,baseline_off,0.0,off,2.45,0.00,0.00,0.000,0.000,0.351,-0.008,0.130,1.98,0.62
deadband,light_fixed,baseline_off,0.0,off,2.50,0.00,0.00,0.000,0.000,0.349,-0.009,0.128,1.96,0.62
deadband,light_fixed,baseline_off,0.0,off,2.55,0.00,0.00,0.000,0.000,0.345,-0.012,0.124,1.95,0.63
deadband,light_fixed,baseline_off,0.0,off,2.60,0.00,0.00,0.000,0.000,0.343,-0.013,0.122,1.93,0.64
deadband,light_fixed,baseline_off,0.0,off,2.65,0.00,0.00,0.000,0.000,0.338,-0.015,0.117,1.91,0.66
deadband,light_fixed,baseline_off,0.0,off,2.70,0.00,0.00,0.000,0.000,0.336,-0.017,0.114,1.89,0.67
deadband,light_fixed,baseline_off,0.0,off,2.75,0.00,0.00,0.000,0.000,0.329,-0.019,0.108,1.86,0.69
deadband,light_fixed,baseline_off,0.0,off,2.80,0.00,0.00,0.000,0.000,0.327,-0.020,0.106,1.84,0.70
deadband,light_fixed,baseline_off,0.0,off,2.85,0.00,0.00,0.000,0.000,0.320,-0.023,0.100,1.80,0.72
deadband,light_fixed,baseline_off,0.0,off,2.90,0.00,0.00,0.000,0.000,0.313,-0.025,0.093,1.77,0.73
deadband,light_fixed,baseline_off,0.0,off,2.95,0.00,0.00,0.000,0.000,0.310,-0.026,0.090,1.72,0.75
deadband,light_fixed,baseline_off,0.0,off,3.00,0.00,0.00,0.000,0.000,0.237,-0.012,0.016,1.49,1.15
deadband,light_fixed,baseline_off,0.0,off,3.05,0.00,0.00,0.000,0.000,0.237,-0.012,0.016,1.49,1.15
deadband,light_fixed,baseline_off,0.0,off,3.10,0.00,0.00,0.000,0.000,0.237,-0.010,0.016,1.51,1.17
deadband,light_fixed,baseline_off,0.0,off,3.15,0.00,0.00,0.000,0.000,0.235,-0.006,0.016,1.53,1.20
deadband,light_fixed,baseline_off,0.0,off,3.20,0.00,0.00,0.000,0.000,0.235,-0.004,0.016,1.55,1.23
deadband,light_fixed,baseline_off,0.0,off,3.25,0.00,0.00,0.000,0.000,0.234,-0.001,0.018,1.57,1.25
deadband,light_fixed,baseline_off,0.0,off,3.30,0.00,0.00,0.000,0.000,0.233,0.001,0.019,1.59,1.28
deadband,light_fixed,baseline_off,0.0,off,3.35,0.00,0.00,0.000,0.000,0.232,0.006,0.022,1.61,1.31
deadband,light_fixed,baseline_off,0.0,off,3.40,0.00,0.00,0.000,0.000,0.232,0.008,0.024,1.63,1.33
deadband,light_fixed,baseline_off,0.0,off,3.45,0.00,0.00,0.000,0.000,0.230,0.012,0.027,1.65,1.36
deadband,light_fixed,baseline_off,0.0,off,3.50,0.00,0.00,0.000,0.000,0.229,0.013,0.028,1.67,1.39
deadband,light_fixed,baseline_off,0.0,off,3.55,0.00,0.00,0.000,0.000,0.227,0.017,0.031,1.68,1.42
deadband,light_fixed,baseline_off,0.0,off,3.60,0.00,0.00,0.000,0.000,0.226,0.018,0.032,1.69,1.44
deadband,light_fixed,baseline_off,0.0,off,3.65,0.00,0.00,0.000,0.000,0.224,0.020,0.034,1.69,1.46
deadband,light_fixed,baseline_off,0.0,off,3.70,0.00,0.00,0.000,0.000,0.223,0.021,0.035,1.69,1.47
deadband,light_fixed,baseline_off,0.0,off,3.75,0.00,0.00,0.000,0.000,0.220,0.023,0.037,1.69,1.48
deadband,light_fixed,baseline_off,0.0,off,3.80,0.00,0.00,0.000,0.000,0.219,0.024,0.038,1.68,1.48
deadband,light_fixed,baseline_off,0.0,off,3.85,0.00,0.00,0.000,0.000,0.216,0.026,0.040,1.67,1.48
deadband,light_fixed,baseline_off,0.0,off,3.90,0.00,0.00,0.000,0.000,0.215,0.027,0.041,1.66,1.48
deadband,light_fixed,baseline_off,0.0,off,3.95,0.00,0.00,0.000,0.000,0.211,0.029,0.043,1.64,1.48
deadband,light_fixed,baseline_off,0.0,off,4.00,0.00,0.00,0.000,0.000,0.235,0.055,0.070,1.99,1.42
deadband,light_fixed,baseline_off,0.0,off,4.05,0.00,0.00,0.000,0.000,0.235,0.055,0.070,1.99,1.42
deadband,light_fixed,baseline_off,0.0,off,4.10,0.00,0.00,0.000,0.000,0.237,0.056,0.071,2.03,1.41
deadband,light_fixed,baseline_off,0.0,off,4.15,0.00,0.00,0.000,0.000,0.242,0.057,0.074,2.07,1.41
deadband,light_fixed,baseline_off,0.0,off,4.20,0.00,0.00,0.000,0.000,0.244,0.058,0.075,2.11,1.40
deadband,light_fixed,baseline_off,0.0,off,4.25,0.00,0.00,0.000,0.000,0.248,0.059,0.077,2.15,1.40
deadband,light_fixed,baseline_off,0.0,off,4.30,0.00,0.00,0.000,0.000,0.249,0.060,0.079,2.18,1.39
deadband,light_fixed,baseline_off,0.0,off,4.35,0.00,0.00,0.000,0.000,0.253,0.061,0.081,2.21,1.39
deadband,light_fixed,baseline_off,0.0,off,4.40,0.00,0.00,0.000,0.000,0.254,0.062,0.083,2.23,1.39
deadband,light_fixed,baseline_off,0.0,off,4.45,0.00,0.00,0.000,0.000,0.257,0.064,0.085,2.25,1.39
deadband,light_fixed,baseline_off,0.0,off,4.50,0.00,0.00,0.000,0.000,0.258,0.064,0.086,2.26,1.40
deadband,light_fixed,baseline_off,0.0,off,4.55,0.00,0.00,0.000,0.000,0.260,0.066,0.088,2.27,1.40
deadband,light_fixed,baseline_off,0.0,off,4.60,0.00,0.00,0.000,0.000,0.261,0.066,0.089,2.27,1.41
deadband,light_fixed,baseline_off,0.0,off,4.65,0.00,0.00,0.000,0.000,0.263,0.067,0.090,2.27,1.41
deadband,light_fixed,baseline_off,0.0,off,4.70,0.00,0.00,0.000,0.000,0.263,0.067,0.091,2.27,1.42
deadband,light_fixed,baseline_off,0.0,off,4.75,0.00,0.00,0.000,0.000,0.264,0.067,0.091,2.26,1.42
deadband,light_fixed,baseline_off,0.0,off,4.80,0.00,0.00,0.000,0.000,0.264,0.067,0.091,2.25,1.42
deadband,light_fixed,baseline_off,0.0,off,4.85,0.00,0.00,0.000,0.000,0.265,0.066,0.090,2.23,1.42
deadband,light_fixed,baseline_off,0.0,off,4.90,0.00,0.00,0.000,0.000,0.265,0.065,0.090,2.22,1.42
deadband,light_fixed,baseline_off,0.0,off,4.95,0.00,0.00,0.000,0.000,0.265,0.063,0.088,2.20,1.40
deadband,light_fixed,baseline_off,0.0,off,5.00,0.00,0.00,0.000,0.000,0.250,0.005,0.034,1.81,0.89
deadband,light_fixed,baseline_off,0.0,off,5.05,0.00,0.00,0.000,0.000,0.250,0.005,0.034,1.81,0.89
deadband,light_fixed,baseline_off,0.0,off,5.10,0.00,0.00,0.000,0.000,0.250,0.003,0.033,1.81,0.89
deadband,light_fixed,baseline_off,0.0,off,5.15,0.00,0.00,0.000,0.000,0.249,0.001,0.031,1.82,0.88
deadband,light_fixed,baseline_off,0.0,off,5.20,0.00,0.00,0.000,0.000,0.249,-0.000,0.031,1.83,0.88
deadband,light_fixed,baseline_off,0.0,off,5.25,0.00,0.00,0.000,0.000,0.248,-0.002,0.029,1.84,0.88
deadband,light_fixed,baseline_off,0.0,off,5.30,0.00,0.00,0.000,0.000,0.248,-0.003,0.029,1.85,0.89
deadband,light_fixed,baseline_off,0.0,off,5.35,0.00,0.00,0.000,0.000,0.247,-0.004,0.028,1.86,0.89
deadband,light_fixed,baseline_off,0.0,off,5.40,0.00,0.00,0.000,0.000,0.247,-0.005,0.027,1.86,0.90
deadband,light_fixed,baseline_off,0.0,off,5.45,0.00,0.00,0.000,0.000,0.245,-0.006,0.025,1.86,0.91
deadband,light_fixed,baseline_off,0.0,off,5.50,0.00,0.00,0.000,0.000,0.245,-0.006,0.025,1.86,0.92
deadband,light_fixed,baseline_off,0.0,off,5.55,0.00,0.00,0.000,0.000,0.243,-0.007,0.023,1.86,0.93
deadband,light_fixed,baseline_off,0.0,off,5.60,0.00,0.00,0.000,0.000,0.242,-0.007,0.022,1.85,0.94
deadband,light_fixed,baseline_off,0.0,off,5.65,0.00,0.00,0.000,0.000,0.240,-0.007,0.020,1.84,0.96
deadband,light_fixed,baseline_off,0.0,off,5.70,0.00,0.00,0.000,0.000,0.238,-0.007,0.019,1.83,0.98
deadband,light_fixed,baseline_off,0.0,off,5.75,0.00,0.00,0.000,0.000,0.236,-0.007,0.016,1.81,1.00
deadband,light_fixed,baseline_off,0.0,off,5.80,0.00,0.00,0.000,0.000,0.235,-0.007,0.015,1.80,1.02
deadband,light_fixed,baseline_off,0.0,off,5.85,0.00,0.00,0.000,0.000,0.233,-0.007,0.013,1.78,1.04
deadband,light_fixed,baseline_off,0.0,off,5.90,0.00,0.00,0.000,0.000,0.232,-0.007,0.012,1.76,1.06
deadband,light_fixed,baseline_off,0.0,off,5.95,0.00,0.00,0.000,0.000,0.230,-0.007,0.011,1.75,1.08
deadband,light_fixed,baseline_off,0.0,off,6.00,0.00,0.00,0.000,0.000,0.208,-0.000,0.019,1.73,1.19
deadband,light_fixed,baseline_off,0.0,off,6.05,0.00,0.00,0.000,0.000,0.208,-0.000,0.019,1.73,1.19
deadband,light_fixed,baseline_off,0.0,off,6.10,0.00,0.00,0.000,0.000,0.207,0.000,0.020,1.72,1.21
deadband,light_fixed,baseline_off,0.0,off,6.15,0.00,0.00,0.000,0.000,0.204,0.002,0.023,1.72,1.23
deadband,light_fixed,baseline_off,0.0,off,6.20,0.00,0.00,0.000,0.000,0.203,0.003,0.025,1.71,1.25
deadband,light_fixed,baseline_off,0.0,off,6.25,0.00,0.00,0.000,0.000,0.200,0.005,0.028,1.70,1.27
deadband,light_fixed,baseline_off,0.0,off,6.30,0.00,0.00,0.000,0.000,0.199,0.006,0.029,1.69,1.29
deadband,light_fixed,baseline_off,0.0,off,6.35,0.00,0.00,0.000,0.000,0.196,0.007,0.032,1.68,1.31
deadband,light_fixed,baseline_off,0.0,off,6.40,0.00,0.00,0.000,0.000,0.195,0.007,0.033,1.67,1.32
deadband,light_fixed,baseline_off,0.0,off,6.45,0.00,0.00,0.000,0.000,0.193,0.008,0.036,1.65,1.34
deadband,light_fixed,baseline_off,0.0,off,6.50,0.00,0.00,0.000,0.000,0.191,0.008,0.037,1.64,1.35
deadband,light_fixed,baseline_off,0.0,off,6.55,0.00,0.00,0.000,0.000,0.189,0.009,0.039,1.62,1.36
deadband,light_fixed,baseline_off,0.0,off,6.60,0.00,0.00,0.000,0.000,0.188,0.008,0.040,1.61,1.36
deadband,light_fixed,baseline_off,0.0,off,6.65,0.00,0.00,0.000,0.000,0.186,0.008,0.041,1.60,1.36
deadband,light_fixed,baseline_off,0.0,off,6.70,0.00,0.00,0.000,0.000,0.186,0.008,0.041,1.59,1.36
deadband,light_fixed,baseline_off,0.0,off,6.75,0.00,0.00,0.000,0.000,0.185,0.008,0.042,1.58,1.35
deadband,light_fixed,baseline_off,0.0,off,6.80,0.00,0.00,0.000,0.000,0.184,0.007,0.042,1.58,1.34
deadband,light_fixed,baseline_off,0.0,off,6.85,0.00,0.00,0.000,0.000,0.184,0.006,0.042,1.58,1.33
deadband,light_fixed,baseline_off,0.0,off,6.90,0.00,0.00,0.000,0.000,0.184,0.006,0.042,1.58,1.32
deadband,light_fixed,baseline_off,0.0,off,6.95,0.00,0.00,0.000,0.000,0.184,0.004,0.041,1.59,1.31
deadband,light_fixed,baseline_off,0.0,off,7.00,0.00,0.00,0.000,0.000,0.207,-0.002,0.018,1.86,1.18
deadband,light_fixed,baseline_off,0.0,off,7.05,0.00,0.00,0.000,0.000,0.207,-0.002,0.018,1.86,1.18
deadband,light_fixed,baseline_off,0.0,off,7.10,0.00,0.00,0.000,0.000,0.208,-0.002,0.017,1.87,1.17
deadband,light_fixed,baseline_off,0.0,off,7.15,0.00,0.00,0.000,0.000,0.212,-0.002,0.015,1.89,1.16
deadband,light_fixed,baseline_off,0.0,off,7.20,0.00,0.00,0.000,0.000,0.213,-0.003,0.014,1.91,1.15
deadband,light_fixed,baseline_off,0.0,off,7.25,0.00,0.00,0.000,0.000,0.215,-0.003,0.012,1.93,1.14
deadband,light_fixed,baseline_off,0.0,off,7.30,0.00,0.00,0.000,0.000,0.216,-0.003,0.012,1.95,1.13
deadband,light_fixed,baseline_off,0.0,off,7.35,0.00,0.00,0.000,0.000,0.218,-0.003,0.011,1.97,1.12
deadband,light_fixed,baseline_off,0.0,off,7.40,0.00,0.00,0.000,0.000,0.218,-0.003,0.011,1.98,1.12
deadband,light_fixed,baseline_off,0.0,off,7.45,0.00,0.00,0.000,0.000,0.219,-0.002,0.011,1.99,1.12
deadband,light_fixed,baseline_off,0.0,off,7.50,0.00,0.00,0.000,0.000,0.219,-0.002,0.012,1.99,1.12
deadband,light_fixed,baseline_off,0.0,off,7.55,0.00,0.00,0.000,0.000,0.219,-0.001,0.013,1.99,1.12
deadband,light_fixed,baseline_off,0.0,off,7.60,0.00,0.00,0.000,0.000,0.218,-0.000,0.013,1.98,1.13
deadband,light_fixed,baseline_off,0.0,off,7.65,0.00,0.00,0.000,0.000,0.218,0.001,0.015,1.97,1.13
deadband,light_fixed,baseline_off,0.0,off,7.70,0.00,0.00,0.000,0.000,0.218,0.002,0.016,1.95,1.15
deadband,light_fixed,baseline_off,0.0,off,7.75,0.00,0.00,0.000,0.000,0.217,0.004,0.018,1.93,1.16
deadband,light_fixed,baseline_off,0.0,off,7.80,0.00,0.00,0.000,0.000,0.217,0.005,0.019,1.91,1.18
deadband,light_fixed,baseline_off,0.0,off,7.85,0.00,0.00,0.000,0.000,0.216,0.007,0.021,1.89,1.20
deadband,light_fixed,baseline_off,0.0,off,7.90,0.00,0.00,0.000,0.000,0.216,0.008,0.022,1.88,1.23
deadband,light_fixed,baseline_off,0.0,off,7.95,0.00,0.00,0.000,0.000,0.214,0.009,0.024,1.86,1.25
deadband,light_fixed,baseline_off,0.0,off,8.00,0.00,0.00,0.000,0.000,0.248,-0.002,0.029,2.07,1.05
deadband,light_fixed,baseline_off,0.0,off,8.05,0.00,0.00,0.000,0.000,0.248,-0.002,0.029,2.07,1.05
deadband,light_fixed,baseline_off,0.0,off,8.10,0.00,0.00,0.000,0.000,0.250,-0.002,0.031,2.10,1.05
deadband,light_fixed,baseline_off,0.0,off,8.15,0.00,0.00,0.000,0.000,0.253,-0.002,0.034,2.13,1.05
deadband,light_fixed,baseline_off,0.0,off,8.20,0.00,0.00,0.000,0.000,0.254,-0.002,0.035,2.16,1.06
deadband,light_fixed,baseline_off,0.0,off,8.25,0.00,0.00,0.000,0.000,0.257,-0.002,0.037,2.18,1.06
deadband,light_fixed,baseline_off,0.0,off,8.30,0.00,0.00,0.000,0.000,0.258,-0.002,0.038,2.20,1.07
deadband,light_fixed,baseline_off,0.0,off,8.35,0.00,0.00,0.000,0.000,0.259,-0.002,0.040,2.21,1.07
deadband,light_fixed,baseline_off,0.0,off,8.40,0.00,0.00,0.000,0.000,0.260,-0.002,0.041,2.21,1.08
deadband,light_fixed,baseline_off,0.0,off,8.45,0.00,0.00,0.000,0.000,0.262,-0.002,0.042,2.21,1.09
deadband,light_fixed,baseline_off,0.0,off,8.50,0.00,0.00,0.000,0.000,0.262,-0.002,0.043,2.21,1.10
deadband,light_fixed,baseline_off,0.0,off,8.55,0.00,0.00,0.000,0.000,0.263,-0.003,0.043,2.20,1.10
deadband,light_fixed,baseline_off,0.0,off,8.60,0.00,0.00,0.000,0.000,0.264,-0.004,0.044,2.19,1.10
deadband,light_fixed,baseline_off,0.0,off,8.65,0.00,0.00,0.000,0.000,0.264,-0.006,0.044,2.18,1.10
deadband,light_fixed,baseline_off,0.0,off,8.70,0.00,0.00,0.000,0.000,0.264,-0.007,0.044,2.17,1.09
deadband,light_fixed,baseline_off,0.0,off,8.75,0.00,0.00,0.000,0.000,0.264,-0.009,0.044,2.15,1.09
deadband,light_fixed,baseline_off,0.0,off,8.80,0.00,0.00,0.000,0.000,0.264,-0.011,0.043,2.14,1.07
deadband,light_fixed,baseline_off,0.0,off,8.85,0.00,0.00,0.000,0.000,0.264,-0.014,0.043,2.12,1.06
deadband,light_fixed,baseline_off,0.0,off,8.90,0.00,0.00,0.000,0.000,0.264,-0.015,0.043,2.10,1.04
deadband,light_fixed,baseline_off,0.0,off,8.95,0.00,0.00,0.000,0.000,0.263,-0.018,0.042,2.08,1.01
deadband,light_fixed,baseline_off,0.0,off,9.00,0.00,0.00,0.000,0.000,0.212,-0.036,0.025,1.50,1.01
deadband,light_fixed,baseline_off,0.0,off,9.05,0.00,0.00,0.000,0.000,0.212,-0.036,0.025,1.50,1.01
deadband,light_fixed,baseline_off,0.0,off,9.10,0.00,0.00,0.000,0.000,0.211,-0.035,0.024,1.49,1.03
deadband,light_fixed,baseline_off,0.0,off,9.15,0.00,0.00,0.000,0.000,0.210,-0.033,0.022,1.50,1.06
deadband,light_fixed,baseline_off,0.0,off,9.20,0.00,0.00,0.000,0.000,0.210,-0.032,0.022,1.51,1.07
deadband,light_fixed,baseline_off,0.0,off,9.25,0.00,0.00,0.000,0.000,0.210,-0.030,0.020,1.53,1.10
deadband,light_fixed,baseline_off,0.0,off,9.30,0.00,0.00,0.000,0.000,0.210,-0.029,0.019,1.56,1.12
deadband,light_fixed,baseline_off,0.0,off,9.35,0.00,0.00,0.000,0.000,0.210,-0.026,0.017,1.58,1.14
deadband,light_fixed,baseline_off,0.0,off,9.40,0.00,0.00,0.000,0.000,0.211,-0.025,0.016,1.61,1.16
deadband,light_fixed,baseline_off,0.0,off,9.45,0.00,0.00,0.000,0.000,0.211,-0.023,0.014,1.65,1.18
deadband,light_fixed,baseline_off,0.0,off,9.50,0.00,0.00,0.000,0.000,0.211,-0.022,0.013,1.67,1.20
deadband,light_fixed,baseline_off,0.0,off,9.55,0.00,0.00,0.000,0.000,0.212,-0.020,0.011,1.70,1.22
deadband,light_fixed,baseline_off,0.0,off,9.60,0.00,0.00,0.000,0.000,0.212,-0.019,0.011,1.73,1.23
deadband,light_fixed,baseline_off,0.0,off,9.65,0.00,0.00,0.000,0.000,0.212,-0.016,0.009,1.75,1.25
deadband,light_fixed,baseline_off,0.0,off,9.70,0.00,0.00,0.000,0.000,0.212,-0.015,0.009,1.77,1.26
deadband,light_fixed,baseline_off,0.0,off,9.75,0.00,0.00,0.000,0.000,0.213,-0.013,0.008,1.79,1.27
deadband,light_fixed,baseline_off,0.0,off,9.80,0.00,0.00,0.000,0.000,0.213,-0.011,0.008,1.80,1.28
deadband,light_fixed,baseline_off,0.0,off,9.85,0.00,0.00,0.000,0.000,0.214,-0.009,0.008,1.82,1.29
deadband,light_fixed,baseline_off,0.0,off,9.90,0.00,0.00,0.000,0.000,0.215,-0.008,0.008,1.83,1.30
deadband,light_fixed,baseline_off,0.0,off,9.95,0.00,0.00,0.000,0.000,0.216,-0.006,0.009,1.84,1.31
deadband,light_fixed,baseline_off,0.0,off,10.00,0.00,0.00,0.000,0.000,0.212,0.012,0.027,1.87,1.30
deadband,light_fixed,baseline_off,0.0,off,10.05,0.00,0.00,0.000,0.000,0.212,0.012,0.027,1.87,1.30
deadband,light_fixed,baseline_off,0.0,off,10.10,0.00,0.00,0.000,0.000,0.211,0.012,0.027,1.84,1.30
deadband,light_fixed,baseline_off,0.0,off,10.15,0.00,0.00,0.000,0.000,0.209,0.012,0.028,1.82,1.30
deadband,light_fixed,baseline_off,0.0,off,10.20,0.00,0.00,0.000,0.000,0.208,0.012,0.029,1.80,1.30
deadband,light_fixed,baseline_off,0.0,off,10.25,0.00,0.00,0.000,0.000,0.206,0.013,0.031,1.77,1.30
deadband,light_fixed,baseline_off,0.0,off,10.30,0.00,0.00,0.000,0.000,0.205,0.014,0.032,1.75,1.30
deadband,light_fixed,baseline_off,0.0,off,10.35,0.00,0.00,0.000,0.000,0.202,0.015,0.034,1.74,1.30
deadband,light_fixed,baseline_off,0.0,off,10.40,0.00,0.00,0.000,0.000,0.201,0.015,0.035,1.72,1.31
deadband,light_fixed,baseline_off,0.0,off,10.45,0.00,0.00,0.000,0.000,0.198,0.017,0.038,1.71,1.32
deadband,light_fixed,baseline_off,0.0,off,10.50,0.00,0.00,0.000,0.000,0.197,0.017,0.039,1.70,1.33
deadband,light_fixed,baseline_off,0.0,off,10.55,0.00,0.00,0.000,0.000,0.195,0.019,0.041,1.68,1.34
deadband,light_fixed,baseline_off,0.0,off,10.60,0.00,0.00,0.000,0.000,0.194,0.019,0.042,1.67,1.35
deadband,light_fixed,baseline_off,0.0,off,10.65,0.00,0.00,0.000,0.000,0.192,0.020,0.044,1.66,1.37
deadband,light_fixed,baseline_off,0.0,off,10.70,0.00,0.00,0.000,0.000,0.191,0.020,0.045,1.65,1.38
deadband,light_fixed,baseline_off,0.0,off,10.75,0.00,0.00,0.000,0.000,0.190,0.020,0.046,1.65,1.39
deadband,light_fixed,baseline_off,0.0,off,10.80,0.00,0.00,0.000,0.000,0.190,0.020,0.046,1.64,1.39
deadband,light_fixed,baseline_off,0.0,off,10.85,0.00,0.00,0.000,0.000,0.189,0.020,0.046,1.64,1.40
deadband,light_fixed,baseline_off,0.0,off,10.90,0.00,0.00,0.000,0.000,0.189,0.020,0.046,1.64,1.40
deadband,light_fixed,baseline_off,0.0,off,10.95,0.00,0.00,0.000,0.000,0.190,0.019,0.045,1.64,1.40
deadband,light_fixed,baseline_off,0.0,off,11.00,0.00,0.00,0.000,0.000,0.205,-0.027,0.021,1.83,0.85
deadband,light_fixed,baseline_off,0.0,off,11.05,0.00,0.00,0.000,0.000,0.205,-0.027,0.021,1.83,0.85
deadband,light_fixed,baseline_off,0.0,off,11.10,0.00,0.00,0.000,0.000,0.205,-0.027,0.021,1.82,0.86
deadband,light_fixed,baseline_off,0.0,off,11.15,0.00,0.00,0.000,0.000,0.205,-0.026,0.021,1.81,0.87
deadband,light_fixed,baseline_off,0.0,off,11.20,0.00,0.00,0.000,0.000,0.205,-0.026,0.021,1.80,0.89
deadband,light_fixed,baseline_off,0.0,off,11.25,0.00,0.00,0.000,0.000,0.205,-0.025,0.020,1.80,0.91
deadband,light_fixed,baseline_off,0.0,off,11.30,0.00,0.00,0.000,0.000,0.205,-0.025,0.020,1.79,0.94
deadband,light_fixed,baseline_off,0.0,off,11.35,0.00,0.00,0.000,0.000,0.205,-0.024,0.019,1.79,0.96
deadband,light_fixed,baseline_off,0.0,off,11.40,0.00,0.00,0.000,0.000,0.206,-0.024,0.019,1.79,0.99
deadband,light_fixed,baseline_off,0.0,off,11.45,0.00,0.00,0.000,0.000,0.206,-0.023,0.018,1.79,1.02
deadband,light_fixed,baseline_off,0.0,off,11.50,0.00,0.00,0.000,0.000,0.206,-0.023,0.018,1.80,1.04
deadband,light_fixed,baseline_off,0.0,off,11.55,0.00,0.00,0.000,0.000,0.206,-0.021,0.017,1.80,1.06
deadband,light_fixed,baseline_off,0.0,off,11.60,0.00,0.00,0.000,0.000,0.206,-0.021,0.016,1.81,1.08
deadband,light_fixed,baseline_off,0.0,off,11.65,0.00,0.00,0.000,0.000,0.206,-0.020,0.016,1.81,1.10
deadband,light_fixed,baseline_off,0.0,off,11.70,0.00,0.00,0.000,0.000,0.206,-0.019,0.016,1.81,1.12
deadband,light_fixed,baseline_off,0.0,off,11.75,0.00,0.00,0.000,0.000,0.207,-0.018,0.015,1.82,1.14
deadband,light_fixed,baseline_off,0.0,off,11.80,0.00,0.00,0.000,0.000,0.207,-0.017,0.015,1.82,1.15
deadband,light_fixed,baseline_off,0.0,off,11.85,0.00,0.00,0.000,0.000,0.207,-0.016,0.014,1.82,1.17
deadband,light_fixed,baseline_off,0.0,off,11.90,0.00,0.00,0.000,0.000,0.207,-0.015,0.014,1.82,1.18
deadband,light_fixed,baseline_off,0.0,off,11.95,0.00,0.00,0.000,0.000,0.208,-0.012,0.013,1.83,1.19
deadband,light_fixed,baseline_off,0.0,off,12.00,0.00,0.00,0.000,0.000,0.216,0.005,0.019,1.89,1.33
deadband,light_fixed,baseline_off,0.0,off,12.05,0.00,0.00,0.000,0.000,0.216,0.005,0.019,1.89,1.33
deadband,light_fixed,baseline_off,0.0,off,12.10,0.00,0.00,0.000,0.000,0.216,0.004,0.018,1.88,1.31
deadband,light_fixed,baseline_off,0.0,off,12.15,0.00,0.00,0.000,0.000,0.217,0.001,0.015,1.87,1.29
deadband,light_fixed,baseline_off,0.0,off,12.20,0.00,0.00,0.000,0.000,0.217,-0.000,0.014,1.87,1.26
deadband,light_fixed,baseline_off,0.0,off,12.25,0.00,0.00,0.000,0.000,0.217,-0.003,0.011,1.87,1.23
deadband,light_fixed,baseline_off,0.0,off,12.30,0.00,0.00,0.000,0.000,0.217,-0.005,0.010,1.86,1.19
deadband,light_fixed,baseline_off,0.0,off,12.35,0.00,0.00,0.000,0.000,0.217,-0.008,0.007,1.86,1.16
deadband,light_fixed,baseline_off,0.0,off,12.40,0.00,0.00,0.000,0.000,0.217,-0.010,0.006,1.85,1.12
deadband,light_fixed,baseline_off,0.0,off,12.45,0.00,0.00,0.000,0.000,0.217,-0.011,0.005,1.85,1.09
deadband,light_fixed,baseline_off,0.0,off,12.50,0.00,0.00,0.000,0.000,0.218,-0.013,0.004,1.84,1.06
deadband,light_fixed,baseline_off,0.0,off,12.55,0.00,0.00,0.000,0.000,0.218,-0.015,0.004,1.83,1.04
deadband,light_fixed,baseline_off,0.0,off,12.60,0.00,0.00,0.000,0.000,0.218,-0.016,0.004,1.83,1.01
deadband,light_fixed,baseline_off,0.0,off,12.65,0.00,0.00,0.000,0.000,0.219,-0.017,0.004,1.82,0.99
deadband,light_fixed,baseline_off,0.0,off,12.70,0.00,0.00,0.000,0.000,0.219,-0.017,0.004,1.82,0.98
deadband,light_fixed,baseline_off,0.0,off,12.75,0.00,0.00,0.000,0.000,0.220,-0.018,0.004,1.83,0.97
deadband,light_fixed,baseline_off,0.0,off,12.80,0.00,0.00,0.000,0.000,0.220,-0.017,0.004,1.83,0.97
deadband,light_fixed,baseline_off,0.0,off,12.85,0.00,0.00,0.000,0.000,0.220,-0.017,0.004,1.84,0.98
deadband,light_fixed,baseline_off,0.0,off,12.90,0.00,0.00,0.000,0.000,0.219,-0.016,0.003,1.84,0.99
deadband,light_fixed,baseline_off,0.0,off,12.95,0.00,0.00,0.000,0.000,0.219,-0.015,0.002,1.85,1.01
deadband,light_fixed,baseline_off,0.0,off,13.00,0.00,0.00,0.000,0.000,0.228,-0.006,0.010,1.93,1.21
deadband,light_fixed,baseline_off,0.0,off,13.05,0.00,0.00,0.000,0.000,0.228,-0.006,0.010,1.93,1.21
deadband,light_fixed,baseline_off,0.0,off,13.10,0.00,0.00,0.000,0.000,0.228,-0.007,0.010,1.94,1.20
deadband,light_fixed,baseline_off,0.0,off,13.15,0.00,0.00,0.000,0.000,0.228,-0.009,0.008,1.93,1.18
deadband,light_fixed,baseline_off,0.0,off,13.20,0.00,0.00,0.000,0.000,0.228,-0.010,0.008,1.93,1.16
deadband,light_fixed,baseline_off,0.0,off,13.25,0.00,0.00,0.000,0.000,0.228,-0.012,0.007,1.92,1.15
deadband,light_fixed,baseline_off,0.0,off,13.30,0.00,0.00,0.000,0.000,0.228,-0.013,0.007,1.91,1.13
deadband,light_fixed,baseline_off,0.0,off,13.35,0.00,0.00,0.000,0.000,0.227,-0.016,0.007,1.91,1.11
deadband,light_fixed,baseline_off,0.0,off,13.40,0.00,0.00,0.000,0.000,0.227,-0.017,0.007,1.89,1.09
deadband,light_fixed,baseline_off,0.0,off,13.45,0.00,0.00,0.000,0.000,0.226,-0.020,0.008,1.88,1.07
deadband,light_fixed,baseline_off,0.0,off,13.50,0.00,0.00,0.000,0.000,0.226,-0.021,0.009,1.86,1.05
deadband,light_fixed,baseline_off,0.0,off,13.55,0.00,0.00,0.000,0.000,0.225,-0.024,0.011,1.84,1.03
deadband,light_fixed,baseline_off,0.0,off,13.60,0.00,0.00,0.000,0.000,0.225,-0.025,0.013,1.82,1.01
deadband,light_fixed,baseline_off,0.0,off,13.65,0.00,0.00,0.000,0.000,0.226,-0.028,0.015,1.81,0.99
deadband,light_fixed,baseline_off,0.0,off,13.70,0.00,0.00,0.000,0.000,0.226,-0.029,0.017,1.79,0.97
deadband,light_fixed,baseline_off,0.0,off,13.75,0.00,0.00,0.000,0.000,0.227,-0.032,0.019,1.78,0.95
deadband,light_fixed,baseline_off,0.0,off,13.80,0.00,0.00,0.000,0.000,0.227,-0.033,0.020,1.78,0.93
deadband,light_fixed,baseline_off,0.0,off,13.85,0.00,0.00,0.000,0.000,0.228,-0.034,0.022,1.78,0.92
deadband,light_fixed,baseline_off,0.0,off,13.90,0.00,0.00,0.000,0.000,0.229,-0.035,0.023,1.79,0.90
deadband,light_fixed,baseline_off,0.0,off,13.95,0.00,0.00,0.000,0.000,0.230,-0.036,0.024,1.79,0.89
deadband,light_fixed,baseline_off,0.0,off,14.00,0.00,0.00,0.000,0.000,0.219,-0.016,0.004,1.81,1.26
deadband,light_fixed,baseline_off,0.0,off,14.05,0.00,0.00,0.000,0.000,0.219,-0.016,0.004,1.81,1.26
deadband,light_fixed,baseline_off,0.0,off,14.10,0.00,0.00,0.000,0.000,0.218,-0.016,0.004,1.80,1.27
deadband,light_fixed,baseline_off,0.0,off,14.15,0.00,0.00,0.000,0.000,0.217,-0.015,0.005,1.78,1.27
deadband,light_fixed,baseline_off,0.0,off,14.20,0.00,0.00,0.000,0.000,0.216,-0.014,0.005,1.77,1.28
deadband,light_fixed,baseline_off,0.0,off,14.25,0.00,0.00,0.000,0.000,0.214,-0.013,0.007,1.76,1.28
deadband,light_fixed,baseline_off,0.0,off,14.30,0.00,0.00,0.000,0.000,0.214,-0.012,0.007,1.75,1.28
deadband,light_fixed,baseline_off,0.0,off,14.35,0.00,0.00,0.000,0.000,0.212,-0.010,0.010,1.75,1.28
deadband,light_fixed,baseline_off,0.0,off,14.40,0.00,0.00,0.000,0.000,0.211,-0.010,0.011,1.74,1.28
deadband,light_fixed,baseline_off,0.0,off,14.45,0.00,0.00,0.000,0.000,0.209,-0.008,0.013,1.74,1.29
deadband,light_fixed,baseline_off,0.0,off,14.50,0.00,0.00,0.000,0.000,0.209,-0.007,0.014,1.73,1.30
deadband,light_fixed,baseline_off,0.0,off,14.55,0.00,0.00,0.000,0.000,0.207,-0.006,0.016,1.73,1.31
deadband,light_fixed,baseline_off,0.0,off,14.60,0.00,0.00,0.000,0.000,0.207,-0.006,0.016,1.72,1.31
deadband,light_fixed,baseline_off,0.0,off,14.65,0.00,0.00,0.000,0.000,0.206,-0.005,0.017,1.72,1.32
deadband,light_fixed,baseline_off,0.0,off,14.70,0.00,0.00,0.000,0.000,0.206,-0.005,0.018,1.71,1.33
deadband,light_fixed,baseline_off,0.0,off,14.75,0.00,0.00,0.000,0.000,0.205,-0.004,0.018,1.71,1.33
deadband,light_fixed,baseline_off,0.0,off,14.80,0.00,0.00,0.000,0.000,0.205,-0.004,0.019,1.71,1.33
deadband,light_fixed,baseline_off,0.0,off,14.85,0.00,0.00,0.000,0.000,0.205,-0.004,0.019,1.71,1.33
deadband,light_fixed,baseline_off,0.0,off,14.90,0.00,0.00,0.000,0.000,0.205,-0.004,0.019,1.72,1.32
deadband,light_fixed,baseline_off,0.0,off,14.95,0.00,0.00,0.000,0.000,0.205,-0.004,0.019,1.73,1.31
deadband,light_fixed,baseline_off,0.0,off,15.00,0.00,0.00,0.000,0.000,0.222,-0.006,0.007,1.91,1.19
deadband,light_fixed,baseline_off,0.0,off,15.05,0.00,0.00,0.000,0.000,0.222,-0.006,0.007,1.91,1.19
deadband,light_fixed,baseline_off,0.0,off,15.10,0.00,0.00,0.000,0.000,0.223,-0.008,0.006,1.92,1.17
deadband,light_fixed,baseline_off,0.0,off,15.15,0.00,0.00,0.000,0.000,0.224,-0.009,0.005,1.93,1.15
deadband,light_fixed,baseline_off,0.0,off,15.20,0.00,0.00,0.000,0.000,0.226,-0.011,0.005,1.94,1.13
deadband,light_fixed,baseline_off,0.0,off,15.25,0.00,0.00,0.000,0.000,0.227,-0.012,0.006,1.94,1.11
deadband,light_fixed,baseline_off,0.0,off,15.30,0.00,0.00,0.000,0.000,0.229,-0.014,0.008,1.95,1.08
deadband,light_fixed,baseline_off,0.0,off,15.35,0.00,0.00,0.000,0.000,0.230,-0.015,0.009,1.96,1.06
deadband,light_fixed,baseline_off,0.0,off,15.40,0.00,0.00,0.000,0.000,0.232,-0.016,0.011,1.96,1.04
deadband,light_fixed,baseline_off,0.0,off,15.45,0.00,0.00,0.000,0.000,0.232,-0.017,0.012,1.97,1.02
deadband,light_fixed,baseline_off,0.0,off,15.50,0.00,0.00,0.000,0.000,0.234,-0.017,0.013,1.97,1.01
deadband,light_fixed,baseline_off,0.0,off,15.55,0.00,0.00,0.000,0.000,0.234,-0.017,0.014,1.98,1.00
deadband,light_fixed,baseline_off,0.0,off,15.60,0.00,0.00,0.000,0.000,0.235,-0.018,0.015,1.98,1.00
deadband,light_fixed,baseline_off,0.0,off,15.65,0.00,0.00,0.000,0.000,0.236,-0.018,0.015,1.99,1.00
deadband,light_fixed,baseline_off,0.0,off,15.70,0.00,0.00,0.000,0.000,0.236,-0.017,0.016,1.99,1.00
deadband,light_fixed,baseline_off,0.0,off,15.75,0.00,0.00,0.000,0.000,0.236,-0.017,0.016,2.00,1.01
deadband,light_fixed,baseline_off,0.0,off,15.80,0.00,0.00,0.000,0.000,0.237,-0.017,0.016,2.00,1.02
deadband,light_fixed,baseline_off,0.0,off,15.85,0.00,0.00,0.000,0.000,0.236,-0.017,0.016,2.00,1.03
deadband,light_fixed,baseline_off,0.0,off,15.90,0.00,0.00,0.000,0.000,0.236,-0.017,0.015,2.00,1.04
deadband,light_fixed,baseline_off,0.0,off,15.95,0.00,0.00,0.000,0.000,0.236,-0.017,0.015,1.99,1.05
deadband,light_fixed,baseline_off,0.0,off,16.00,0.00,0.00,0.000,0.000,0.219,-0.010,0.004,1.81,1.20
deadband,light_fixed,baseline_off,0.0,off,16.05,0.00,0.00,0.000,0.000,0.219,-0.010,0.004,1.81,1.20
deadband,light_fixed,baseline_off,0.0,off,16.10,0.00,0.00,0.000,0.000,0.217,-0.009,0.006,1.81,1.21
deadband,light_fixed,baseline_off,0.0,off,16.15,0.00,0.00,0.000,0.000,0.216,-0.009,0.007,1.80,1.22
deadband,light_fixed,baseline_off,0.0,off,16.20,0.00,0.00,0.000,0.000,0.214,-0.008,0.009,1.78,1.23
deadband,light_fixed,baseline_off,0.0,off,16.25,0.00,0.00,0.000,0.000,0.212,-0.007,0.011,1.77,1.24
deadband,light_fixed,baseline_off,0.0,off,16.30,0.00,0.00,0.000,0.000,0.210,-0.006,0.013,1.75,1.25
deadband,light_fixed,baseline_off,0.0,off,16.35,0.00,0.00,0.000,0.000,0.208,-0.005,0.015,1.74,1.25
deadband,light_fixed,baseline_off,0.0,off,16.40,0.00,0.00,0.000,0.000,0.206,-0.004,0.018,1.72,1.26
deadband,light_fixed,baseline_off,0.0,off,16.45,0.00,0.00,0.000,0.000,0.205,-0.004,0.019,1.70,1.27
deadband,light_fixed,baseline_off,0.0,off,16.50,0.00,0.00,0.000,0.000,0.202,-0.003,0.022,1.69,1.28
deadband,light_fixed,baseline_off,0.0,off,16.55,0.00,0.00,0.000,0.000,0.201,-0.003,0.023,1.67,1.29
deadband,light_fixed,baseline_off,0.0,off,16.60,0.00,0.00,0.000,0.000,0.199,-0.003,0.025,1.66,1.30
deadband,light_fixed,baseline_off,0.0,off,16.65,0.00,0.00,0.000,0.000,0.198,-0.002,0.026,1.65,1.31
deadband,light_fixed,baseline_off,0.0,off,16.70,0.00,0.00,0.000,0.000,0.197,-0.002,0.027,1.64,1.31
deadband,light_fixed,baseline_off,0.0,off,16.75,0.00,0.00,0.000,0.000,0.196,-0.002,0.027,1.63,1.31
deadband,light_fixed,baseline_off,0.0,off,16.80,0.00,0.00,0.000,0.000,0.196,-0.002,0.028,1.63,1.31
deadband,light_fixed,baseline_off,0.0,off,16.85,0.00,0.00,0.000,0.000,0.196,-0.001,0.028,1.63,1.31
deadband,light_fixed,baseline_off,0.0,off,16.90,0.00,0.00,0.000,0.000,0.196,-0.001,0.028,1.63,1.30
deadband,light_fixed,baseline_off,0.0,off,16.95,0.00,0.00,0.000,0.000,0.196,-0.001,0.028,1.64,1.30
deadband,light_fixed,baseline_off,0.0,off,17.00,0.00,0.00,0.000,0.000,0.222,-0.001,0.013,2.00,1.19
deadband,light_fixed,baseline_off,0.0,off,17.05,0.00,0.00,0.000,0.000,0.222,-0.001,0.013,2.00,1.19
deadband,light_fixed,baseline_off,0.0,off,17.10,0.00,0.00,0.000,0.000,0.222,-0.001,0.012,2.00,1.19
deadband,light_fixed,baseline_off,0.0,off,17.15,0.00,0.00,0.000,0.000,0.223,-0.003,0.011,1.99,1.18
deadband,light_fixed,baseline_off,0.0,off,17.20,0.00,0.00,0.000,0.000,0.223,-0.003,0.011,1.98,1.17
deadband,light_fixed,baseline_off,0.0,off,17.25,0.00,0.00,0.000,0.000,0.222,-0.004,0.009,1.97,1.16
deadband,light_fixed,baseline_off,0.0,off,17.30,0.00,0.00,0.000,0.000,0.222,-0.005,0.009,1.96,1.16
deadband,light_fixed,baseline_off,0.0,off,17.35,0.00,0.00,0.000,0.000,0.222,-0.006,0.008,1.95,1.15
deadband,light_fixed,baseline_off,0.0,off,17.40,0.00,0.00,0.000,0.000,0.221,-0.006,0.007,1.94,1.14
deadband,light_fixed,baseline_off,0.0,off,17.45,0.00,0.00,0.000,0.000,0.220,-0.008,0.006,1.92,1.13
deadband,light_fixed,baseline_off,0.0,off,17.50,0.00,0.00,0.000,0.000,0.220,-0.008,0.005,1.91,1.13
deadband,light_fixed,baseline_off,0.0,off,17.55,0.00,0.00,0.000,0.000,0.219,-0.010,0.004,1.89,1.12
deadband,light_fixed,baseline_off,0.0,off,17.60,0.00,0.00,0.000,0.000,0.219,-0.010,0.004,1.87,1.11
deadband,light_fixed,baseline_off,0.0,off,17.65,0.00,0.00,0.000,0.000,0.218,-0.012,0.003,1.85,1.11
deadband,light_fixed,baseline_off,0.0,off,17.70,0.00,0.00,0.000,0.000,0.218,-0.012,0.003,1.84,1.10
deadband,light_fixed,baseline_off,0.0,off,17.75,0.00,0.00,0.000,0.000,0.218,-0.014,0.003,1.82,1.10
deadband,light_fixed,baseline_off,0.0,off,17.80,0.00,0.00,0.000,0.000,0.218,-0.014,0.003,1.81,1.09
deadband,light_fixed,baseline_off,0.0,off,17.85,0.00,0.00,0.000,0.000,0.218,-0.015,0.004,1.80,1.08
deadband,light_fixed,baseline_off,0.0,off,17.90,0.00,0.00,0.000,0.000,0.218,-0.016,0.004,1.80,1.07
deadband,light_fixed,baseline_off,0.0,off,17.95,0.00,0.00,0.000,0.000,0.219,-0.016,0.004,1.80,1.07
deadband,light_fixed,deadband_mps,0.5,on,0.00,0.00,0.00,0.000,0.000,0.088,-0.052,0.007,0.73,0.66
deadband,light_fixed,deadband_mps,0.5,on,0.05,0.00,0.00,0.000,0.000,0.088,-0.052,0.007,0.73,0.66
deadband,light_fixed,deadband_mps,0.5,on,0.10,0.00,0.00,0.000,0.000,0.086,-0.054,0.007,0.66,0.62
deadband,light_fixed,deadband_mps,0.5,on,0.15,0.00,0.00,0.000,0.000,0.083,-0.057,0.010,0.60,0.59
deadband,light_fixed,deadband_mps,0.5,on,0.20,0.00,0.00,0.000,0.000,0.082,-0.059,0.011,0.54,0.55
deadband,light_fixed,deadband_mps,0.5,on,0.25,0.00,0.00,0.000,0.000,0.080,-0.063,0.015,0.49,0.51
deadband,light_fixed,deadband_mps,0.5,on,0.30,0.00,0.00,0.000,0.000,0.079,-0.065,0.017,0.44,0.47
deadband,light_fixed,deadband_mps,0.5,on,0.35,0.00,0.00,0.000,0.000,0.078,-0.068,0.019,0.41,0.43
deadband,light_fixed,deadband_mps,0.5,on,0.40,0.00,0.00,0.000,0.000,0.077,-0.071,0.022,0.38,0.40
deadband,light_fixed,deadband_mps,0.5,on,0.45,0.00,0.00,0.000,0.000,0.076,-0.073,0.024,0.36,0.38
deadband,light_fixed,deadband_mps,0.5,on,0.50,0.00,0.00,0.000,0.000,0.076,-0.076,0.026,0.36,0.36
deadband,light_fixed,deadband_mps,0.5,on,0.55,0.00,0.00,0.000,0.000,0.076,-0.079,0.029,0.36,0.34
deadband,light_fixed,deadband_mps,0.5,on,0.60,0.00,0.00,0.000,0.000,0.076,-0.080,0.030,0.37,0.33
deadband,light_fixed,deadband_mps,0.5,on,0.65,0.00,0.00,0.000,0.000,0.076,-0.082,0.031,0.39,0.33
deadband,light_fixed,deadband_mps,0.5,on,0.70,0.00,0.00,0.000,0.000,0.076,-0.082,0.031,0.43,0.34
deadband,light_fixed,deadband_mps,0.5,on,0.75,0.00,0.00,0.000,0.000,0.076,-0.083,0.031,0.46,0.36
deadband,light_fixed,deadband_mps,0.5,on,0.80,0.00,0.00,0.000,0.000,0.076,-0.083,0.031,0.50,0.38
deadband,light_fixed,deadband_mps,0.5,on,0.85,0.00,0.00,0.000,0.000,0.076,-0.082,0.031,0.54,0.41
deadband,light_fixed,deadband_mps,0.5,on,0.90,0.00,0.00,0.000,0.000,0.076,-0.082,0.031,0.59,0.45
deadband,light_fixed,deadband_mps,0.5,on,0.95,0.81,1.01,-0.122,-0.151,0.076,-0.081,0.030,0.63,0.49
deadband,light_fixed,deadband_mps,0.5,on,1.00,0.82,1.00,-0.123,-0.151,0.093,-0.035,0.021,1.73,1.57
deadband,light_fixed,deadband_mps,0.5,on,1.05,0.83,1.00,-0.125,-0.150,0.093,-0.035,0.021,1.73,1.57
deadband,light_fixed,deadband_mps,0.5,on,1.10,0.85,0.99,-0.127,-0.148,0.095,-0.036,0.021,1.75,1.55
deadband,light_fixed,deadband_mps,0.5,on,1.15,0.86,0.97,-0.129,-0.145,0.097,-0.036,0.020,1.77,1.52
deadband,light_fixed,deadband_mps,0.5,on,1.20,0.88,0.94,-0.131,-0.142,0.099,-0.037,0.020,1.80,1.49
deadband,light_fixed,deadband_mps,0.5,on,1.25,0.88,0.92,-0.133,-0.137,0.101,-0.038,0.020,1.82,1.46
deadband,light_fixed,deadband_mps,0.5,on,1.30,0.89,0.89,-0.133,-0.133,0.103,-0.039,0.020,1.85,1.42
deadband,light_fixed,deadband_mps,0.5,on,1.35,0.89,0.85,-0.133,-0.127,0.105,-0.040,0.020,1.88,1.38
deadband,light_fixed,deadband_mps,0.5,on,1.40,0.88,0.81,-0.132,-0.121,0.108,-0.042,0.021,1.90,1.33
deadband,light_fixed,deadband_mps,0.5,on,1.45,0.87,0.76,-0.131,-0.115,0.110,-0.043,0.021,1.93,1.28
deadband,light_fixed,deadband_mps,0.5,on,1.50,0.87,0.73,-0.131,-0.109,0.112,-0.045,0.022,1.95,1.23
deadband,light_fixed,deadband_mps,0.5,on,1.55,0.87,0.69,-0.131,-0.104,0.114,-0.046,0.023,1.96,1.17
deadband,light_fixed,deadband_mps,0.5,on,1.60,0.88,0.66,-0.132,-0.100,0.116,-0.048,0.024,1.97,1.12
deadband,light_fixed,deadband_mps,0.5,on,1.65,0.89,0.64,-0.134,-0.096,0.117,-0.049,0.025,1.98,1.06
deadband,light_fixed,deadband_mps,0.5,on,1.70,0.91,0.62,-0.137,-0.093,0.119,-0.051,0.027,1.98,1.01
deadband,light_fixed,deadband_mps,0.5,on,1.75,0.93,0.60,-0.140,-0.091,0.120,-0.053,0.027,1.99,0.96
deadband,light_fixed,deadband_mps,0.5,on,1.80,0.96,0.60,-0.143,-0.090,0.121,-0.055,0.029,1.99,0.92
deadband,light_fixed,deadband_mps,0.5,on,1.85,0.98,0.59,-0.147,-0.089,0.122,-0.056,0.029,1.99,0.89
deadband,light_fixed,deadband_mps,0.5,on,1.90,1.00,0.59,-0.150,-0.089,0.123,-0.057,0.030,1.99,0.86
deadband,light_fixed,deadband_mps,0.5,on,1.95,1.03,0.60,-0.155,-0.090,0.124,-0.058,0.031,2.00,0.84
deadband,light_fixed,deadband_mps,0.5,on,2.00,1.04,0.62,-0.156,-0.093,0.108,-0.076,0.025,1.77,0.98
deadband,light_fixed,deadband_mps,0.5,on,2.05,1.04,0.65,-0.157,-0.097,0.108,-0.076,0.025,1.77,0.98
deadband,light_fixed,deadband_mps,0.5,on,2.10,1.04,0.68,-0.156,-0.103,0.108,-0.076,0.025,1.77,0.99
deadband,light_fixed,deadband_mps,0.5,on,2.15,1.04,0.73,-0.156,-0.109,0.108,-0.076,0.025,1.77,1.00
deadband,light_fixed,deadband_mps,0.5,on,2.20,1.03,0.77,-0.155,-0.116,0.108,-0.077,0.025,1.78,1.01
deadband,light_fixed,deadband_mps,0.5,on,2.25,1.02,0.82,-0.153,-0.123,0.108,-0.077,0.026,1.79,1.03
deadband,light_fixed,deadband_mps,0.5,on,2.30,1.00,0.86,-0.151,-0.129,0.108,-0.077,0.026,1.81,1.05
deadband,light_fixed,deadband_mps,0.5,on,2.35,0.99,0.90,-0.148,-0.135,0.108,-0.076,0.025,1.83,1.08
deadband,light_fixed,deadband_mps,0.5,on,2.40,0.97,0.94,-0.146,-0.141,0.107,-0.076,0.025,1.85,1.11
deadband,light_fixed,deadband_mps,0.5,on,2.45,0.96,0.98,-0.143,-0.147,0.106,-0.075,0.023,1.86,1.14
deadband,light_fixed,deadband_mps,0.5,on,2.50,0.93,1.00,-0.140,-0.150,0.106,-0.074,0.022,1.87,1.18
deadband,light_fixed,deadband_mps,0.5,on,2.55,0.92,1.02,-0.137,-0.153,0.104,-0.073,0.020,1.87,1.22
deadband,light_fixed,deadband_mps,0.5,on,2.60,0.90,1.04,-0.135,-0.155,0.104,-0.072,0.020,1.87,1.26
deadband,light_fixed,deadband_mps,0.5,on,2.65,0.89,1.05,-0.133,-0.157,0.102,-0.072,0.018,1.87,1.30
deadband,light_fixed,deadband_mps,0.5,on,2.70,0.89,1.05,-0.133,-0.158,0.102,-0.071,0.018,1.85,1.34
deadband,light_fixed,deadband_mps,0.5,on,2.75,0.89,1.05,-0.133,-0.158,0.100,-0.071,0.017,1.84,1.36
deadband,light_fixed,deadband_mps,0.5,on,2.80,0.89,1.05,-0.134,-0.158,0.099,-0.071,0.016,1.82,1.39
deadband,light_fixed,deadband_mps,0.5,on,2.85,0.90,1.04,-0.135,-0.156,0.098,-0.071,0.016,1.80,1.40
deadband,light_fixed,deadband_mps,0.5,on,2.90,0.91,1.03,-0.137,-0.154,0.098,-0.071,0.016,1.79,1.41
deadband,light_fixed,deadband_mps,0.5,on,2.95,0.93,1.01,-0.140,-0.152,0.097,-0.071,0.016,1.77,1.40
deadband,light_fixed,deadband_mps,0.5,on,3.00,0.94,0.99,-0.141,-0.149,0.106,-0.088,0.034,1.91,1.03
deadband,light_fixed,deadband_mps,0.5,on,3.05,0.95,0.97,-0.143,-0.145,0.106,-0.088,0.034,1.91,1.03
deadband,light_fixed,deadband_mps,0.5,on,3.10,0.96,0.94,-0.143,-0.142,0.106,-0.089,0.035,1.90,1.03
deadband,light_fixed,deadband_mps,0.5,on,3.15,0.96,0.92,-0.144,-0.138,0.106,-0.089,0.035,1.90,1.03
deadband,light_fixed,deadband_mps,0.5,on,3.20,0.95,0.90,-0.143,-0.135,0.105,-0.090,0.036,1.90,1.02
deadband,light_fixed,deadband_mps,0.5,on,3.25,0.94,0.88,-0.141,-0.132,0.105,-0.090,0.036,1.89,1.01
deadband,light_fixed,deadband_mps,0.5,on,3.30,0.93,0.85,-0.139,-0.128,0.104,-0.090,0.036,1.89,0.99
deadband,light_fixed,deadband_mps,0.5,on,3.35,0.91,0.83,-0.137,-0.125,0.104,-0.091,0.036,1.89,0.98
deadband,light_fixed,deadband_mps,0.5,on,3.40,0.90,0.81,-0.135,-0.122,0.103,-0.091,0.036,1.88,0.97
deadband,light_fixed,deadband_mps,0.5,on,3.45,0.88,0.80,-0.132,-0.120,0.102,-0.091,0.036,1.86,0.95
deadband,light_fixed,deadband_mps,0.5,on,3.50,0.87,0.78,-0.130,-0.118,0.100,-0.091,0.035,1.84,0.95
deadband,light_fixed,deadband_mps,0.5,on,3.55,0.85,0.77,-0.127,-0.116,0.099,-0.091,0.035,1.82,0.94
deadband,light_fixed,deadband_mps,0.5,on,3.60,0.84,0.77,-0.125,-0.115,0.097,-0.091,0.035,1.80,0.94
deadband,light_fixed,deadband_mps,0.5,on,3.65,0.82,0.76,-0.123,-0.114,0.096,-0.091,0.035,1.76,0.94
deadband,light_fixed,deadband_mps,0.5,on,3.70,0.81,0.76,-0.121,-0.114,0.095,-0.091,0.035,1.74,0.94
deadband,light_fixed,deadband_mps,0.5,on,3.75,0.79,0.76,-0.119,-0.113,0.093,-0.091,0.035,1.71,0.95
deadband,light_fixed,deadband_mps,0.5,on,3.80,0.78,0.76,-0.117,-0.113,0.091,-0.091,0.035,1.68,0.95
deadband,light_fixed,deadband_mps,0.5,on,3.85,0.77,0.76,-0.116,-0.114,0.091,-0.091,0.035,1.65,0.96
deadband,light_fixed,deadband_mps,0.5,on,3.90,0.76,0.76,-0.114,-0.115,0.089,-0.091,0.036,1.63,0.97
deadband,light_fixed,deadband_mps,0.5,on,3.95,0.76,0.77,-0.114,-0.116,0.088,-0.091,0.036,1.61,0.98
deadband,light_fixed,deadband_mps,0.5,on,4.00,0.77,0.79,-0.116,-0.119,0.075,-0.078,0.028,1.71,1.15
deadband,light_fixed,deadband_mps,0.5,on,4.05,0.80,0.82,-0.119,-0.123,0.075,-0.078,0.028,1.71,1.15
deadband,light_fixed,deadband_mps,0.5,on,4.10,0.83,0.85,-0.124,-0.127,0.074,-0.075,0.027,1.69,1.18
deadband,light_fixed,deadband_mps,0.5,on,4.15,0.87,0.88,-0.130,-0.132,0.073,-0.074,0.027,1.67,1.21
deadband,light_fixed,deadband_mps,0.5,on,4.20,0.91,0.91,-0.136,-0.136,0.072,-0.072,0.026,1.66,1.24
deadband,light_fixed,deadband_mps,0.5,on,4.25,0.96,0.94,-0.144,-0.141,0.072,-0.071,0.026,1.66,1.27
deadband,light_fixed,deadband_mps,0.5,on,4.30,1.01,0.96,-0.151,-0.144,0.072,-0.068,0.024,1.67,1.30
deadband,light_fixed,deadband_mps,0.5,on,4.35,1.05,0.99,-0.158,-0.148,0.072,-0.067,0.024,1.69,1.32
deadband,light_fixed,deadband_mps,0.5,on,4.40,1.10,1.01,-0.165,-0.151,0.073,-0.064,0.022,1.73,1.35
deadband,light_fixed,deadband_mps,0.5,on,4.45,1.14,1.02,-0.171,-0.153,0.073,-0.063,0.021,1.76,1.37
deadband,light_fixed,deadband_mps,0.5,on,4.50,1.19,1.03,-0.178,-0.155,0.075,-0.061,0.019,1.81,1.39
deadband,light_fixed,deadband_mps,0.5,on,4.55,1.22,1.04,-0.184,-0.156,0.076,-0.059,0.017,1.86,1.40
deadband,light_fixed,deadband_mps,0.5,on,4.60,1.26,1.05,-0.189,-0.157,0.077,-0.058,0.016,1.92,1.42
deadband,light_fixed,deadband_mps,0.5,on,4.65,1.29,1.05,-0.194,-0.158,0.079,-0.056,0.014,1.98,1.42
deadband,light_fixed,deadband_mps,0.5,on,4.70,1.33,1.06,-0.199,-0.159,0.079,-0.054,0.014,2.04,1.43
deadband,light_fixed,deadband_mps,0.5,on,4.75,1.36,1.06,-0.204,-0.159,0.081,-0.051,0.013,2.09,1.43
deadband,light_fixed,deadband_mps,0.5,on,4.80,1.38,1.05,-0.207,-0.158,0.082,-0.049,0.013,2.14,1.43
deadband,light_fixed,deadband_mps,0.5,on,4.85,1.39,1.05,-0.209,-0.158,0.082,-0.048,0.013,2.17,1.43
deadband,light_fixed,deadband_mps,0.5,on,4.90,1.41,1.04,-0.211,-0.156,0.083,-0.045,0.015,2.21,1.44
deadband,light_fixed,deadband_mps,0.5,on,4.95,1.41,1.04,-0.212,-0.156,0.084,-0.043,0.016,2.23,1.44
deadband,light_fixed,deadband_mps,0.5,on,5.00,1.38,1.00,-0.207,-0.150,0.077,-0.051,0.017,1.90,1.18
deadband,light_fixed,deadband_mps,0.5,on,5.05,1.32,0.95,-0.198,-0.143,0.077,-0.051,0.017,1.90,1.18
deadband,light_fixed,deadband_mps,0.5,on,5.10,1.25,0.89,-0.188,-0.134,0.077,-0.053,0.017,1.89,1.13
deadband,light_fixed,deadband_mps,0.5,on,5.15,1.19,0.83,-0.178,-0.125,0.076,-0.056,0.017,1.87,1.09
deadband,light_fixed,deadband_mps,0.5,on,5.20,1.13,0.77,-0.169,-0.116,0.075,-0.059,0.018,1.85,1.04
deadband,light_fixed,deadband_mps,0.5,on,5.25,1.06,0.71,-0.160,-0.107,0.074,-0.062,0.019,1.81,0.99
deadband,light_fixed,deadband_mps,0.5,on,5.30,1.01,0.66,-0.152,-0.099,0.074,-0.063,0.020,1.76,0.93
deadband,light_fixed,deadband_mps,0.5,on,5.35,0.97,0.61,-0.146,-0.092,0.073,-0.066,0.022,1.70,0.88
deadband,light_fixed,deadband_mps,0.5,on,5.40,0.95,0.57,-0.142,-0.086,0.073,-0.067,0.022,1.64,0.83
deadband,light_fixed,deadband_mps,0.5,on,5.45,0.93,0.55,-0.139,-0.082,0.073,-0.069,0.023,1.59,0.79
deadband,light_fixed,deadband_mps,0.5,on,5.50,0.92,0.52,-0.138,-0.078,0.073,-0.070,0.024,1.54,0.75
deadband,light_fixed,deadband_mps,0.5,on,5.55,0.91,0.51,-0.137,-0.076,0.073,-0.071,0.024,1.50,0.71
deadband,light_fixed,deadband_mps,0.5,on,5.60,0.93,0.50,-0.139,-0.075,0.073,-0.071,0.024,1.47,0.69
deadband,light_fixed,deadband_mps,0.5,on,5.65,0.94,0.49,-0.141,-0.074,0.074,-0.071,0.024,1.46,0.68
deadband,light_fixed,deadband_mps,0.5,on,5.70,0.96,0.50,-0.144,-0.074,0.074,-0.070,0.024,1.45,0.67
deadband,light_fixed,deadband_mps,0.5,on,5.75,0.98,0.51,-0.147,-0.077,0.074,-0.069,0.023,1.46,0.68
deadband,light_fixed,deadband_mps,0.5,on,5.80,1.01,0.54,-0.152,-0.081,0.074,-0.069,0.022,1.49,0.70
deadband,light_fixed,deadband_mps,0.5,on,5.85,1.03,0.58,-0.155,-0.086,0.075,-0.067,0.021,1.52,0.72
deadband,light_fixed,deadband_mps,0.5,on,5.90,1.05,0.62,-0.157,-0.093,0.075,-0.066,0.021,1.56,0.76
deadband,light_fixed,deadband_mps,0.5,on,5.95,1.07,0.67,-0.160,-0.101,0.075,-0.064,0.019,1.60,0.80
deadband,light_fixed,deadband_mps,0.5,on,6.00,1.08,0.72,-0.161,-0.108,0.061,-0.025,0.044,1.77,1.46
deadband,light_fixed,deadband_mps,0.5,on,6.05,1.08,0.76,-0.162,-0.114,0.061,-0.025,0.044,1.77,1.46
deadband,light_fixed,deadband_mps,0.5,on,6.10,1.07,0.79,-0.160,-0.118,0.060,-0.025,0.045,1.76,1.45
deadband,light_fixed,deadband_mps,0.5,on,6.15,1.06,0.82,-0.158,-0.122,0.059,-0.025,0.046,1.74,1.45
deadband,light_fixed,deadband_mps,0.5,on,6.20,1.04,0.84,-0.156,-0.125,0.058,-0.025,0.047,1.73,1.44
deadband,light_fixed,deadband_mps,0.5,on,6.25,1.03,0.85,-0.155,-0.128,0.058,-0.025,0.047,1.72,1.45
deadband,light_fixed,deadband_mps,0.5,on,6.30,1.02,0.87,-0.153,-0.130,0.057,-0.025,0.047,1.71,1.45
deadband,light_fixed,deadband_mps,0.5,on,6.35,1.01,0.87,-0.152,-0.131,0.056,-0.025,0.048,1.71,1.46
deadband,light_fixed,deadband_mps,0.5,on,6.40,1.01,0.88,-0.151,-0.131,0.056,-0.025,0.048,1.70,1.46
deadband,light_fixed,deadband_mps,0.5,on,6.45,1.00,0.87,-0.151,-0.131,0.056,-0.025,0.049,1.70,1.47
deadband,light_fixed,deadband_mps,0.5,on,6.50,1.00,0.87,-0.150,-0.130,0.055,-0.025,0.049,1.69,1.47
deadband,light_fixed,deadband_mps,0.5,on,6.55,1.00,0.86,-0.151,-0.129,0.056,-0.025,0.049,1.69,1.47
deadband,light_fixed,deadband_mps,0.5,on,6.60,1.01,0.85,-0.151,-0.128,0.056,-0.025,0.048,1.68,1.47
deadband,light_fixed,deadband_mps,0.5,on,6.65,1.01,0.84,-0.152,-0.126,0.056,-0.025,0.048,1.68,1.47
deadband,light_fixed,deadband_mps,0.5,on,6.70,1.02,0.83,-0.153,-0.125,0.057,-0.025,0.048,1.69,1.45
deadband,light_fixed,deadband_mps,0.5,on,6.75,1.03,0.83,-0.155,-0.124,0.057,-0.025,0.047,1.69,1.44
deadband,light_fixed,deadband_mps,0.5,on,6.80,1.05,0.82,-0.158,-0.123,0.058,-0.025,0.047,1.70,1.42
deadband,light_fixed,deadband_mps,0.5,on,6.85,1.07,0.82,-0.161,-0.123,0.058,-0.026,0.046,1.71,1.40
deadband,light_fixed,deadband_mps,0.5,on,6.90,1.10,0.82,-0.165,-0.123,0.059,-0.026,0.045,1.72,1.38
deadband,light_fixed,deadband_mps,0.5,on,6.95,1.13,0.83,-0.170,-0.124,0.061,-0.027,0.044,1.74,1.35
deadband,light_fixed,deadband_mps,0.5,on,7.00,1.16,0.83,-0.174,-0.124,0.094,-0.051,0.005,2.01,1.07
deadband,light_fixed,deadband_mps,0.5,on,7.05,1.19,0.83,-0.178,-0.125,0.094,-0.051,0.005,2.01,1.07
deadband,light_fixed,deadband_mps,0.5,on,7.10,1.21,0.83,-0.182,-0.125,0.096,-0.054,0.003,2.02,1.05
deadband,light_fixed,deadband_mps,0.5,on,7.15,1.24,0.84,-0.186,-0.125,0.096,-0.056,0.004,2.02,1.04
deadband,light_fixed,deadband_mps,0.5,on,7.20,1.27,0.84,-0.190,-0.126,0.098,-0.060,0.006,2.03,1.01
deadband,light_fixed,deadband_mps,0.5,on,7.25,1.29,0.84,-0.194,-0.126,0.099,-0.061,0.008,2.04,0.99
deadband,light_fixed,deadband_mps,0.5,on,7.30,1.31,0.84,-0.197,-0.126,0.100,-0.064,0.010,2.05,0.96
deadband,light_fixed,deadband_mps,0.5,on,7.35,1.34,0.84,-0.201,-0.126,0.100,-0.065,0.012,2.06,0.94
deadband,light_fixed,deadband_mps,0.5,on,7.40,1.36,0.84,-0.204,-0.126,0.101,-0.068,0.014,2.08,0.92
deadband,light_fixed,deadband_mps,0.5,on,7.45,1.38,0.84,-0.207,-0.127,0.102,-0.069,0.016,2.09,0.90
deadband,light_fixed,deadband_mps,0.5,on,7.50,1.40,0.84,-0.210,-0.127,0.103,-0.071,0.018,2.11,0.89
deadband,light_fixed,deadband_mps,0.5,on,7.55,1.41,0.84,-0.212,-0.127,0.103,-0.071,0.019,2.12,0.88
deadband,light_fixed,deadband_mps,0.5,on,7.60,1.43,0.84,-0.214,-0.127,0.104,-0.073,0.020,2.13,0.87
deadband,light_fixed,deadband_mps,0.5,on,7.65,1.43,0.85,-0.215,-0.127,0.104,-0.073,0.021,2.14,0.87
deadband,light_fixed,deadband_mps,0.5,on,7.70,1.44,0.85,-0.215,-0.127,0.105,-0.075,0.022,2.15,0.87
deadband,light_fixed,deadband_mps,0.5,on,7.75,1.43,0.85,-0.215,-0.127,0.105,-0.076,0.023,2.15,0.87
deadband,light_fixed,deadband_mps,0.5,on,7.80,1.42,0.85,-0.213,-0.127,0.105,-0.077,0.024,2.15,0.88
deadband,light_fixed,deadband_mps,0.5,on,7.85,1.40,0.85,-0.211,-0.127,0.104,-0.078,0.025,2.15,0.88
deadband,light_fixed,deadband_mps,0.5,on,7.90,1.38,0.84,-0.207,-0.127,0.104,-0.080,0.026,2.14,0.89
deadband,light_fixed,deadband_mps,0.5,on,7.95,1.34,0.84,-0.202,-0.126,0.103,-0.081,0.027,2.12,0.90
deadband,light_fixed,deadband_mps,0.5,on,8.00,1.30,0.85,-0.196,-0.127,0.063,-0.117,0.068,1.57,0.81
deadband,light_fixed,deadband_mps,0.5,on,8.05,1.26,0.87,-0.189,-0.130,0.063,-0.117,0.068,1.57,0.81
deadband,light_fixed,deadband_mps,0.5,on,8.10,1.22,0.89,-0.183,-0.134,0.061,-0.116,0.068,1.56,0.82
deadband,light_fixed,deadband_mps,0.5,on,8.15,1.19,0.92,-0.178,-0.139,0.058,-0.115,0.068,1.55,0.84
deadband,light_fixed,deadband_mps,0.5,on,8.20,1.16,0.96,-0.173,-0.144,0.056,-0.114,0.069,1.53,0.87
deadband,light_fixed,deadband_mps,0.5,on,8.25,1.14,1.00,-0.171,-0.149,0.052,-0.111,0.069,1.51,0.90
deadband,light_fixed,deadband_mps,0.5,on,8.30,1.14,1.04,-0.171,-0.156,0.050,-0.110,0.069,1.48,0.95
deadband,light_fixed,deadband_mps,0.5,on,8.35,1.15,1.08,-0.172,-0.162,0.046,-0.108,0.070,1.45,1.01
deadband,light_fixed,deadband_mps,0.5,on,8.40,1.16,1.12,-0.175,-0.168,0.043,-0.106,0.071,1.42,1.07
deadband,light_fixed,deadband_mps,0.5,on,8.45,1.19,1.16,-0.178,-0.174,0.039,-0.103,0.072,1.39,1.13
deadband,light_fixed,deadband_mps,0.5,on,8.50,1.22,1.20,-0.182,-0.180,0.037,-0.102,0.072,1.37,1.20
deadband,light_fixed,deadband_mps,0.5,on,8.55,1.25,1.23,-0.187,-0.185,0.033,-0.099,0.074,1.35,1.26
deadband,light_fixed,deadband_mps,0.5,on,8.60,1.28,1.26,-0.192,-0.189,0.030,-0.097,0.075,1.34,1.32
deadband,light_fixed,deadband_mps,0.5,on,8.65,1.32,1.28,-0.198,-0.193,0.027,-0.095,0.077,1.35,1.37
deadband,light_fixed,deadband_mps,0.5,on,8.70,1.36,1.31,-0.204,-0.196,0.025,-0.093,0.077,1.36,1.42
deadband,light_fixed,deadband_mps,0.5,on,8.75,1.41,1.32,-0.211,-0.198,0.022,-0.090,0.079,1.37,1.47
deadband,light_fixed,deadband_mps,0.5,on,8.80,1.46,1.33,-0.218,-0.199,0.020,-0.088,0.080,1.39,1.51
deadband,light_fixed,deadband_mps,0.5,on,8.85,1.50,1.33,-0.225,-0.199,0.018,-0.085,0.081,1.42,1.54
deadband,light_fixed,deadband_mps,0.5,on,8.90,1.55,1.32,-0.232,-0.198,0.017,-0.084,0.081,1.45,1.56
deadband,light_fixed,deadband_mps,0.5,on,8.95,1.59,1.31,-0.238,-0.196,0.015,-0.082,0.082,1.48,1.58
deadband,light_fixed,deadband_mps,0.5,on,9.00,1.63,1.28,-0.244,-0.192,0.016,-0.053,0.077,1.71,1.45
deadband,light_fixed,deadband_mps,0.5,on,9.05,1.65,1.24,-0.247,-0.186,0.016,-0.053,0.077,1.71,1.45
deadband,light_fixed,deadband_mps,0.5,on,9.10,1.65,1.20,-0.248,-0.180,0.018,-0.052,0.075,1.73,1.45
deadband,light_fixed,deadband_mps,0.5,on,9.15,1.66,1.16,-0.249,-0.174,0.020,-0.051,0.073,1.75,1.44
deadband,light_fixed,deadband_mps,0.5,on,9.20,1.66,1.12,-0.249,-0.168,0.022,-0.050,0.071,1.77,1.43
deadband,light_fixed,deadband_mps,0.5,on,9.25,1.65,1.08,-0.248,-0.161,0.025,-0.048,0.068,1.80,1.41
deadband,light_fixed,deadband_mps,0.5,on,9.30,1.66,1.04,-0.248,-0.156,0.027,-0.047,0.067,1.83,1.38
deadband,light_fixed,deadband_mps,0.5,on,9.35,1.67,1.00,-0.250,-0.151,0.030,-0.046,0.063,1.86,1.36
deadband,light_fixed,deadband_mps,0.5,on,9.40,1.69,0.98,-0.253,-0.146,0.032,-0.045,0.062,1.89,1.33
deadband,light_fixed,deadband_mps,0.5,on,9.45,1.71,0.96,-0.257,-0.143,0.035,-0.044,0.059,1.92,1.30
deadband,light_fixed,deadband_mps,0.5,on,9.50,1.75,0.94,-0.262,-0.141,0.036,-0.043,0.058,1.94,1.27
deadband,light_fixed,deadband_mps,0.5,on,9.55,1.78,0.93,-0.267,-0.140,0.038,-0.042,0.056,1.96,1.24
deadband,light_fixed,deadband_mps,0.5,on,9.60,1.83,0.94,-0.274,-0.140,0.039,-0.042,0.055,1.99,1.22
deadband,light_fixed,deadband_mps,0.5,on,9.65,1.88,0.94,-0.282,-0.141,0.042,-0.041,0.053,2.01,1.20
deadband,light_fixed,deadband_mps,0.5,on,9.70,1.94,0.95,-0.291,-0.142,0.043,-0.041,0.052,2.03,1.19
deadband,light_fixed,deadband_mps,0.5,on,9.75,1.99,0.97,-0.299,-0.145,0.045,-0.041,0.051,2.05,1.18
deadband,light_fixed,deadband_mps,0.5,on,9.80,2.05,0.99,-0.307,-0.149,0.046,-0.041,0.049,2.07,1.17
deadband,light_fixed,deadband_mps,0.5,on,9.85,2.10,1.02,-0.315,-0.153,0.048,-0.041,0.047,2.10,1.16
deadband,light_fixed,deadband_mps,0.5,on,9.90,2.15,1.06,-0.323,-0.159,0.049,-0.041,0.046,2.13,1.16
deadband,light_fixed,deadband_mps,0.5,on,9.95,2.20,1.09,-0.330,-0.164,0.051,-0.041,0.044,2.16,1.16
deadband,light_fixed,deadband_mps,0.5,on,10.00,2.20,1.12,-0.331,-0.167,0.062,-0.065,0.032,1.97,1.01
deadband,light_fixed,deadband_mps,0.5,on,10.05,2.18,1.12,-0.327,-0.169,0.062,-0.065,0.032,1.97,1.01
deadband,light_fixed,deadband_mps,0.5,on,10.10,2.14,1.13,-0.321,-0.169,0.061,-0.065,0.033,1.95,1.00
deadband,light_fixed,deadband_mps,0.5,on,10.15,2.09,1.12,-0.314,-0.168,0.061,-0.066,0.034,1.94,1.00
deadband,light_fixed,deadband_mps,0.5,on,10.20,2.04,1.11,-0.305,-0.166,0.060,-0.067,0.034,1.92,1.01
deadband,light_fixed,deadband_mps,0.5,on,10.25,1.97,1.09,-0.296,-0.164,0.060,-0.069,0.035,1.91,1.02
deadband,light_fixed,deadband_mps,0.5,on,10.30,1.91,1.07,-0.286,-0.161,0.060,-0.069,0.036,1.88,1.03
deadband,light_fixed,deadband_mps,0.5,on,10.35,1.84,1.05,-0.276,-0.158,0.060,-0.072,0.037,1.85,1.04
deadband,light_fixed,deadband_mps,0.5,on,10.40,1.77,1.03,-0.265,-0.155,0.060,-0.073,0.037,1.81,1.04
deadband,light_fixed,deadband_mps,0.5,on,10.45,1.70,1.02,-0.255,-0.153,0.060,-0.076,0.038,1.77,1.04
deadband,light_fixed,deadband_mps,0.5,on,10.50,1.63,0.99,-0.244,-0.149,0.061,-0.077,0.038,1.73,1.04
deadband,light_fixed,deadband_mps,0.5,on,10.55,1.55,0.97,-0.233,-0.145,0.062,-0.080,0.039,1.68,1.02
deadband,light_fixed,deadband_mps,0.5,on,10.60,1.49,0.94,-0.223,-0.141,0.062,-0.082,0.040,1.64,1.00
deadband,light_fixed,deadband_mps,0.5,on,10.65,1.41,0.91,-0.211,-0.137,0.062,-0.084,0.041,1.59,0.97
deadband,light_fixed,deadband_mps,0.5,on,10.70,1.33,0.89,-0.200,-0.133,0.063,-0.084,0.041,1.55,0.95
deadband,light_fixed,deadband_mps,0.5,on,10.75,1.27,0.86,-0.190,-0.129,0.063,-0.085,0.042,1.51,0.93
deadband,light_fixed,deadband_mps,0.5,on,10.80,1.21,0.84,-0.181,-0.127,0.063,-0.086,0.042,1.47,0.91
deadband,light_fixed,deadband_mps,0.5,on,10.85,1.14,0.83,-0.172,-0.124,0.064,-0.085,0.041,1.43,0.89
deadband,light_fixed,deadband_mps,0.5,on,10.90,1.10,0.82,-0.164,-0.123,0.064,-0.085,0.041,1.39,0.88
deadband,light_fixed,deadband_mps,0.5,on,10.95,1.06,0.82,-0.158,-0.123,0.064,-0.084,0.040,1.36,0.89
deadband,light_fixed,deadband_mps,0.5,on,11.00,1.06,0.84,-0.159,-0.126,0.096,-0.046,0.011,1.93,1.33
deadband,light_fixed,deadband_mps,0.5,on,11.05,1.09,0.88,-0.164,-0.131,0.096,-0.046,0.011,1.93,1.33
deadband,light_fixed,deadband_mps,0.5,on,11.10,1.15,0.92,-0.173,-0.139,0.099,-0.044,0.014,1.96,1.34
deadband,light_fixed,deadband_mps,0.5,on,11.15,1.23,0.98,-0.185,-0.147,0.100,-0.043,0.015,1.99,1.35
deadband,light_fixed,deadband_mps,0.5,on,11.20,1.31,1.03,-0.197,-0.155,0.103,-0.042,0.017,2.02,1.36
deadband,light_fixed,deadband_mps,0.5,on,11.25,1.40,1.08,-0.210,-0.162,0.104,-0.042,0.018,2.05,1.37
deadband,light_fixed,deadband_mps,0.5,on,11.30,1.48,1.12,-0.223,-0.168,0.106,-0.041,0.020,2.08,1.38
deadband,light_fixed,deadband_mps,0.5,on,11.35,1.56,1.16,-0.235,-0.174,0.107,-0.041,0.020,2.13,1.39
deadband,light_fixed,deadband_mps,0.5,on,11.40,1.63,1.19,-0.244,-0.179,0.109,-0.042,0.021,2.17,1.39
deadband,light_fixed,deadband_mps,0.5,on,11.45,1.68,1.20,-0.252,-0.181,0.110,-0.042,0.022,2.23,1.40
deadband,light_fixed,deadband_mps,0.5,on,11.50,1.73,1.21,-0.260,-0.182,0.112,-0.044,0.023,2.28,1.40
deadband,light_fixed,deadband_mps,0.5,on,11.55,1.77,1.22,-0.266,-0.182,0.113,-0.044,0.023,2.33,1.39
deadband,light_fixed,deadband_mps,0.5,on,11.60,1.81,1.21,-0.271,-0.182,0.115,-0.046,0.024,2.38,1.38
deadband,light_fixed,deadband_mps,0.5,on,11.65,1.84,1.21,-0.275,-0.181,0.116,-0.047,0.025,2.42,1.36
deadband,light_fixed,deadband_mps,0.5,on,11.70,1.86,1.20,-0.280,-0.180,0.117,-0.048,0.026,2.44,1.33
deadband,light_fixed,deadband_mps,0.5,on,11.75,1.88,1.18,-0.283,-0.177,0.118,-0.049,0.026,2.47,1.30
deadband,light_fixed,deadband_mps,0.5,on,11.80,1.90,1.16,-0.284,-0.175,0.119,-0.050,0.027,2.48,1.26
deadband,light_fixed,deadband_mps,0.5,on,11.85,1.90,1.14,-0.285,-0.171,0.120,-0.051,0.028,2.48,1.23
deadband,light_fixed,deadband_mps,0.5,on,11.90,1.91,1.12,-0.287,-0.168,0.121,-0.052,0.028,2.47,1.19
deadband,light_fixed,deadband_mps,0.5,on,11.95,1.91,1.10,-0.286,-0.165,0.121,-0.053,0.028,2.46,1.15
deadband,light_fixed,deadband_mps,0.5,on,12.00,1.86,1.08,-0.279,-0.162,0.097,-0.094,0.038,1.79,0.84
deadband,light_fixed,deadband_mps,0.5,on,12.05,1.79,1.05,-0.268,-0.158,0.097,-0.094,0.038,1.79,0.84
deadband,light_fixed,deadband_mps,0.5,on,12.10,1.70,1.03,-0.255,-0.154,0.093,-0.095,0.039,1.77,0.84
deadband,light_fixed,deadband_mps,0.5,on,12.15,1.60,1.00,-0.239,-0.150,0.092,-0.096,0.040,1.74,0.84
deadband,light_fixed,deadband_mps,0.5,on,12.20,1.49,0.97,-0.224,-0.145,0.088,-0.098,0.042,1.70,0.85
deadband,light_fixed,deadband_mps,0.5,on,12.25,1.39,0.94,-0.208,-0.141,0.086,-0.099,0.043,1.65,0.85
deadband,light_fixed,deadband_mps,0.5,on,12.30,1.29,0.91,-0.193,-0.137,0.083,-0.099,0.044,1.59,0.85
deadband,light_fixed,deadband_mps,0.5,on,12.35,1.19,0.89,-0.179,-0.134,0.081,-0.099,0.045,1.51,0.85
deadband,light_fixed,deadband_mps,0.5,on,12.40,1.11,0.88,-0.166,-0.132,0.078,-0.099,0.045,1.43,0.86
deadband,light_fixed,deadband_mps,0.5,on,12.45,1.05,0.88,-0.158,-0.132,0.077,-0.099,0.046,1.34,0.87
deadband,light_fixed,deadband_mps,0.5,on,12.50,1.01,0.89,-0.151,-0.133,0.075,-0.099,0.046,1.26,0.89
deadband,light_fixed,deadband_mps,0.5,on,12.55,0.98,0.90,-0.148,-0.136,0.074,-0.098,0.046,1.18,0.90
deadband,light_fixed,deadband_mps,0.5,on,12.60,0.97,0.93,-0.146,-0.139,0.072,-0.098,0.047,1.12,0.92
deadband,light_fixed,deadband_mps,0.5,on,12.65,0.97,0.96,-0.146,-0.144,0.072,-0.098,0.047,1.06,0.95
deadband,light_fixed,deadband_mps,0.5,on,12.70,0.98,1.00,-0.147,-0.149,0.071,-0.098,0.047,1.03,0.97
deadband,light_fixed,deadband_mps,0.5,on,12.75,1.00,1.03,-0.150,-0.155,0.071,-0.097,0.047,1.02,1.00
deadband,light_fixed,deadband_mps,0.5,on,12.80,1.03,1.07,-0.155,-0.161,0.072,-0.096,0.045,1.03,1.03
deadband,light_fixed,deadband_mps,0.5,on,12.85,1.07,1.11,-0.160,-0.166,0.072,-0.096,0.045,1.06,1.06
deadband,light_fixed,deadband_mps,0.5,on,12.90,1.12,1.14,-0.168,-0.171,0.074,-0.095,0.043,1.11,1.09
deadband,light_fixed,deadband_mps,0.5,on,12.95,1.18,1.17,-0.176,-0.175,0.074,-0.094,0.042,1.17,1.12
deadband,light_fixed,deadband_mps,0.5,on,13.00,1.23,1.18,-0.184,-0.176,0.103,-0.045,0.014,2.00,1.43
deadband,light_fixed,deadband_mps,0.5,on,13.05,1.26,1.17,-0.189,-0.176,0.103,-0.045,0.014,2.00,1.43
deadband,light_fixed,deadband_mps,0.5,on,13.10,1.29,1.16,-0.193,-0.173,0.102,-0.044,0.015,1.99,1.43
deadband,light_fixed,deadband_mps,0.5,on,13.15,1.31,1.13,-0.196,-0.170,0.101,-0.043,0.016,1.98,1.43
deadband,light_fixed,deadband_mps,0.5,on,13.20,1.31,1.11,-0.197,-0.166,0.100,-0.042,0.016,1.97,1.43
deadband,light_fixed,deadband_mps,0.5,on,13.25,1.31,1.07,-0.197,-0.161,0.099,-0.041,0.016,1.97,1.43
deadband,light_fixed,deadband_mps,0.5,on,13.30,1.30,1.04,-0.195,-0.156,0.097,-0.040,0.016,1.97,1.42
deadband,light_fixed,deadband_mps,0.5,on,13.35,1.28,1.00,-0.192,-0.151,0.097,-0.040,0.017,1.96,1.41
deadband,light_fixed,deadband_mps,0.5,on,13.40,1.26,0.97,-0.189,-0.145,0.095,-0.039,0.017,1.95,1.39
deadband,light_fixed,deadband_mps,0.5,on,13.45,1.23,0.93,-0.184,-0.140,0.094,-0.039,0.017,1.93,1.37
deadband,light_fixed,deadband_mps,0.5,on,13.50,1.20,0.90,-0.181,-0.134,0.093,-0.039,0.017,1.91,1.34
deadband,light_fixed,deadband_mps,0.5,on,13.55,1.18,0.87,-0.177,-0.130,0.092,-0.039,0.018,1.88,1.31
deadband,light_fixed,deadband_mps,0.5,on,13.60,1.16,0.84,-0.175,-0.127,0.091,-0.038,0.018,1.85,1.29
deadband,light_fixed,deadband_mps,0.5,on,13.65,1.15,0.82,-0.173,-0.123,0.090,-0.038,0.018,1.81,1.26
deadband,light_fixed,deadband_mps,0.5,on,13.70,1.15,0.81,-0.172,-0.121,0.089,-0.037,0.019,1.77,1.23
deadband,light_fixed,deadband_mps,0.5,on,13.75,1.14,0.80,-0.172,-0.120,0.089,-0.037,0.020,1.74,1.21
deadband,light_fixed,deadband_mps,0.5,on,13.80,1.14,0.80,-0.171,-0.120,0.088,-0.036,0.021,1.71,1.19
deadband,light_fixed,deadband_mps,0.5,on,13.85,1.14,0.80,-0.171,-0.120,0.088,-0.035,0.022,1.69,1.18
deadband,light_fixed,deadband_mps,0.5,on,13.90,1.14,0.81,-0.171,-0.121,0.087,-0.033,0.023,1.67,1.17
deadband,light_fixed,deadband_mps,0.5,on,13.95,1.15,0.82,-0.172,-0.123,0.087,-0.032,0.024,1.66,1.17
deadband,light_fixed,deadband_mps,0.5,on,14.00,1.17,0.83,-0.175,-0.125,0.103,-0.007,0.050,1.95,1.41
deadband,light_fixed,deadband_mps,0.5,on,14.05,1.19,0.84,-0.178,-0.126,0.103,-0.007,0.050,1.95,1.41
deadband,light_fixed,deadband_mps,0.5,on,14.10,1.21,0.85,-0.182,-0.127,0.107,-0.008,0.050,1.98,1.38
deadband,light_fixed,deadband_mps,0.5,on,14.15,1.24,0.85,-0.186,-0.127,0.112,-0.010,0.050,2.02,1.35
deadband,light_fixed,deadband_mps,0.5,on,14.20,1.26,0.85,-0.189,-0.127,0.114,-0.010,0.050,2.05,1.33
deadband,light_fixed,deadband_mps,0.5,on,14.25,1.28,0.85,-0.193,-0.127,0.119,-0.012,0.051,2.09,1.30
deadband,light_fixed,deadband_mps,0.5,on,14.30,1.31,0.85,-0.197,-0.127,0.121,-0.013,0.052,2.13,1.28
deadband,light_fixed,deadband_mps,0.5,on,14.35,1.34,0.84,-0.201,-0.127,0.125,-0.014,0.053,2.17,1.25
deadband,light_fixed,deadband_mps,0.5,on,14.40,1.37,0.84,-0.206,-0.126,0.128,-0.015,0.054,2.21,1.23
deadband,light_fixed,deadband_mps,0.5,on,14.45,1.40,0.84,-0.211,-0.125,0.132,-0.016,0.056,2.25,1.20
deadband,light_fixed,deadband_mps,0.5,on,14.50,1.44,0.83,-0.215,-0.125,0.134,-0.016,0.057,2.29,1.18
deadband,light_fixed,deadband_mps,0.5,on,14.55,1.47,0.83,-0.220,-0.125,0.138,-0.017,0.059,2.33,1.16
deadband,light_fixed,deadband_mps,0.5,on,14.60,1.50,0.83,-0.225,-0.125,0.140,-0.018,0.061,2.36,1.14
deadband,light_fixed,deadband_mps,0.5,on,14.65,1.53,0.83,-0.229,-0.124,0.144,-0.020,0.063,2.40,1.12
deadband,light_fixed,deadband_mps,0.5,on,14.70,1.56,0.83,-0.234,-0.124,0.146,-0.020,0.064,2.43,1.11
deadband,light_fixed,deadband_mps,0.5,on,14.75,1.59,0.82,-0.238,-0.124,0.149,-0.022,0.066,2.46,1.09
deadband,light_fixed,deadband_mps,0.5,on,14.80,1.61,0.82,-0.241,-0.124,0.151,-0.024,0.066,2.49,1.08
deadband,light_fixed,deadband_mps,0.5,on,14.85,1.63,0.82,-0.244,-0.123,0.153,-0.026,0.067,2.51,1.06
deadband,light_fixed,deadband_mps,0.5,on,14.90,1.64,0.82,-0.246,-0.123,0.154,-0.028,0.068,2.53,1.05
deadband,light_fixed,deadband_mps,0.5,on,14.95,1.65,0.82,-0.248,-0.123,0.156,-0.031,0.068,2.54,1.03
deadband,light_fixed,deadband_mps,0.5,on,15.00,1.62,0.82,-0.243,-0.123,0.103,-0.110,0.055,1.61,0.61
deadband,light_fixed,deadband_mps,0.5,on,15.05,1.56,0.82,-0.234,-0.122,0.103,-0.110,0.055,1.61,0.61
deadband,light_fixed,deadband_mps,0.5,on,15.10,1.48,0.82,-0.222,-0.123,0.100,-0.112,0.056,1.57,0.61
deadband,light_fixed,deadband_mps,0.5,on,15.15,1.39,0.82,-0.209,-0.123,0.094,-0.115,0.059,1.53,0.60
deadband,light_fixed,deadband_mps,0.5,on,15.20,1.31,0.82,-0.196,-0.123,0.092,-0.116,0.060,1.49,0.61
deadband,light_fixed,deadband_mps,0.5,on,15.25,1.22,0.82,-0.183,-0.123,0.087,-0.119,0.063,1.44,0.62
deadband,light_fixed,deadband_mps,0.5,on,15.30,1.14,0.83,-0.171,-0.124,0.084,-0.120,0.064,1.38,0.63
deadband,light_fixed,deadband_mps,0.5,on,15.35,1.08,0.84,-0.161,-0.126,0.079,-0.122,0.067,1.31,0.65
deadband,light_fixed,deadband_mps,0.5,on,15.40,1.04,0.86,-0.156,-0.129,0.077,-0.122,0.068,1.24,0.67
deadband,light_fixed,deadband_mps,0.5,on,15.45,1.02,0.90,-0.153,-0.135,0.072,-0.123,0.070,1.17,0.70
deadband,light_fixed,deadband_mps,0.5,on,15.50,1.01,0.94,-0.152,-0.141,0.069,-0.123,0.071,1.10,0.73
deadband,light_fixed,deadband_mps,0.5,on,15.55,1.01,0.99,-0.152,-0.148,0.064,-0.123,0.073,1.03,0.77
deadband,light_fixed,deadband_mps,0.5,on,15.60,1.01,1.03,-0.152,-0.155,0.062,-0.123,0.074,0.99,0.81
deadband,light_fixed,deadband_mps,0.5,on,15.65,1.02,1.08,-0.153,-0.162,0.059,-0.122,0.075,0.95,0.87
deadband,light_fixed,deadband_mps,0.5,on,15.70,1.04,1.14,-0.156,-0.171,0.056,-0.122,0.075,0.94,0.90
deadband,light_fixed,deadband_mps,0.5,on,15.75,1.06,1.19,-0.159,-0.178,0.054,-0.120,0.075,0.93,0.96
deadband,light_fixed,deadband_mps,0.5,on,15.80,1.10,1.23,-0.165,-0.185,0.052,-0.119,0.075,0.95,1.01
deadband,light_fixed,deadband_mps,0.5,on,15.85,1.15,1.28,-0.172,-0.192,0.050,-0.117,0.075,0.98,1.08
deadband,light_fixed,deadband_mps,0.5,on,15.90,1.21,1.32,-0.182,-0.197,0.049,-0.116,0.074,1.01,1.13
deadband,light_fixed,deadband_mps,0.5,on,15.95,1.29,1.34,-0.193,-0.201,0.047,-0.113,0.073,1.07,1.19
deadband,light_fixed,deadband_mps,0.5,on,16.00,1.37,1.33,-0.206,-0.200,0.059,-0.073,0.037,1.80,1.39
deadband,light_fixed,deadband_mps,0.5,on,16.05,1.44,1.32,-0.216,-0.197,0.059,-0.073,0.037,1.80,1.39
deadband,light_fixed,deadband_mps,0.5,on,16.10,1.50,1.28,-0.225,-0.192,0.061,-0.071,0.035,1.80,1.38
deadband,light_fixed,deadband_mps,0.5,on,16.15,1.54,1.24,-0.231,-0.186,0.061,-0.070,0.034,1.80,1.37
deadband,light_fixed,deadband_mps,0.5,on,16.20,1.56,1.20,-0.235,-0.180,0.063,-0.068,0.032,1.81,1.35
deadband,light_fixed,deadband_mps,0.5,on,16.25,1.57,1.16,-0.236,-0.173,0.063,-0.067,0.031,1.83,1.34
deadband,light_fixed,deadband_mps,0.5,on,16.30,1.57,1.11,-0.236,-0.167,0.065,-0.064,0.029,1.87,1.32
deadband,light_fixed,deadband_mps,0.5,on,16.35,1.56,1.07,-0.234,-0.160,0.066,-0.063,0.028,1.91,1.29
deadband,light_fixed,deadband_mps,0.5,on,16.40,1.55,1.02,-0.232,-0.153,0.067,-0.061,0.026,1.94,1.26
deadband,light_fixed,deadband_mps,0.5,on,16.45,1.53,0.98,-0.229,-0.147,0.068,-0.060,0.025,1.97,1.24
deadband,light_fixed,deadband_mps,0.5,on,16.50,1.52,0.95,-0.228,-0.142,0.070,-0.057,0.023,1.99,1.22
deadband,light_fixed,deadband_mps,0.5,on,16.55,1.51,0.92,-0.227,-0.138,0.070,-0.056,0.022,2.00,1.19
deadband,light_fixed,deadband_mps,0.5,on,16.60,1.52,0.91,-0.228,-0.136,0.072,-0.054,0.021,2.00,1.18
deadband,light_fixed,deadband_mps,0.5,on,16.65,1.54,0.90,-0.231,-0.134,0.072,-0.053,0.021,1.99,1.16
deadband,light_fixed,deadband_mps,0.5,on,16.70,1.56,0.89,-0.235,-0.134,0.073,-0.052,0.020,1.98,1.15
deadband,light_fixed,deadband_mps,0.5,on,16.75,1.59,0.90,-0.239,-0.135,0.074,-0.051,0.020,1.96,1.14
deadband,light_fixed,deadband_mps,0.5,on,16.80,1.62,0.91,-0.244,-0.137,0.075,-0.049,0.019,1.95,1.13
deadband,light_fixed,deadband_mps,0.5,on,16.85,1.66,0.93,-0.248,-0.140,0.075,-0.049,0.019,1.94,1.13
deadband,light_fixed,deadband_mps,0.5,on,16.90,1.69,0.96,-0.254,-0.144,0.077,-0.046,0.019,1.94,1.13
deadband,light_fixed,deadband_mps,0.5,on,16.95,1.73,1.00,-0.260,-0.150,0.077,-0.045,0.019,1.94,1.13
deadband,light_fixed,deadband_mps,0.5,on,17.00,1.74,1.01,-0.261,-0.152,0.101,-0.010,0.047,2.11,1.44
deadband,light_fixed,deadband_mps,0.5,on,17.05,1.73,1.02,-0.260,-0.153,0.101,-0.010,0.047,2.11,1.44
deadband,light_fixed,deadband_mps,0.5,on,17.10,1.71,1.01,-0.256,-0.152,0.103,-0.010,0.047,2.13,1.43
deadband,light_fixed,deadband_mps,0.5,on,17.15,1.67,1.00,-0.251,-0.150,0.105,-0.010,0.048,2.14,1.41
deadband,light_fixed,deadband_mps,0.5,on,17.20,1.63,0.98,-0.244,-0.147,0.106,-0.010,0.048,2.15,1.40
deadband,light_fixed,deadband_mps,0.5,on,17.25,1.58,0.96,-0.237,-0.144,0.108,-0.011,0.047,2.16,1.38
deadband,light_fixed,deadband_mps,0.5,on,17.30,1.53,0.94,-0.229,-0.141,0.109,-0.012,0.047,2.16,1.37
deadband,light_fixed,deadband_mps,0.5,on,17.35,1.48,0.91,-0.221,-0.136,0.110,-0.013,0.047,2.15,1.35
deadband,light_fixed,deadband_mps,0.5,on,17.40,1.42,0.88,-0.214,-0.131,0.111,-0.013,0.046,2.13,1.33
deadband,light_fixed,deadband_mps,0.5,on,17.45,1.37,0.85,-0.206,-0.127,0.111,-0.015,0.045,2.11,1.31
deadband,light_fixed,deadband_mps,0.5,on,17.50,1.32,0.81,-0.198,-0.122,0.111,-0.016,0.044,2.07,1.28
deadband,light_fixed,deadband_mps,0.5,on,17.55,1.27,0.78,-0.190,-0.117,0.111,-0.018,0.042,2.03,1.26
deadband,light_fixed,deadband_mps,0.5,on,17.60,1.22,0.75,-0.183,-0.112,0.111,-0.019,0.041,1.98,1.23
deadband,light_fixed,deadband_mps,0.5,on,17.65,1.17,0.71,-0.176,-0.107,0.111,-0.022,0.039,1.92,1.20
deadband,light_fixed,deadband_mps,0.5,on,17.70,1.13,0.68,-0.170,-0.102,0.111,-0.023,0.037,1.87,1.16
deadband,light_fixed,deadband_mps,0.5,on,17.75,1.10,0.66,-0.165,-0.099,0.111,-0.026,0.035,1.80,1.13
deadband,light_fixed,deadband_mps,0.5,on,17.80,1.08,0.64,-0.161,-0.096,0.111,-0.027,0.034,1.75,1.09
deadband,light_fixed,deadband_mps,0.5,on,17.85,1.06,0.63,-0.159,-0.094,0.111,-0.029,0.032,1.70,1.06
deadband,light_fixed,deadband_mps,0.5,on,17.90,1.05,0.62,-0.157,-0.093,0.111,-0.031,0.031,1.65,1.03
deadband,light_fixed,deadband_mps,0.5,on,17.95,1.05,0.62,-0.158,-0.094,0.111,-0.033,0.030,1.62,1.00
deadband,light_fixed,deadband_mps,1.0,on,0.00,0.00,0.00,0.000,0.000,0.085,-0.115,0.041,0.15,0.37
deadband,light_fixed,deadband_mps,1.0,on,0.05,0.00,0.00,0.000,0.000,0.085,-0.115,0.041,0.15,0.37
deadband,light_fixed,deadband_mps,1.0,on,0.10,0.00,0.00,0.000,0.000,0.087,-0.116,0.041,0.17,0.35
deadband,light_fixed,deadband_mps,1.0,on,0.15,0.00,0.00,0.000,0.000,0.087,-0.117,0.041,0.19,0.33
deadband,light_fixed,deadband_mps,1.0,on,0.20,0.00,0.00,0.000,0.000,0.089,-0.118,0.041,0.21,0.31
deadband,light_fixed,deadband_mps,1.0,on,0.25,0.00,0.00,0.000,0.000,0.091,-0.119,0.040,0.23,0.30
deadband,light_fixed,deadband_mps,1.0,on,0.30,0.00,0.00,0.000,0.000,0.094,-0.119,0.039,0.25,0.28
deadband,light_fixed,deadband_mps,1.0,on,0.35,0.00,0.00,0.000,0.000,0.095,-0.119,0.039,0.28,0.27
deadband,light_fixed,deadband_mps,1.0,on,0.40,0.00,0.00,0.000,0.000,0.099,-0.119,0.037,0.31,0.27
deadband,light_fixed,deadband_mps,1.0,on,0.45,0.00,0.00,0.000,0.000,0.101,-0.118,0.036,0.35,0.27
deadband,light_fixed,deadband_mps,1.0,on,0.50,0.00,0.00,0.000,0.000,0.105,-0.117,0.033,0.39,0.28
deadband,light_fixed,deadband_mps,1.0,on,0.55,0.00,0.00,0.000,0.000,0.107,-0.116,0.032,0.44,0.31
deadband,light_fixed,deadband_mps,1.0,on,0.60,0.00,0.00,0.000,0.000,0.110,-0.113,0.029,0.49,0.34
deadband,light_fixed,deadband_mps,1.0,on,0.65,0.00,0.00,0.000,0.000,0.112,-0.112,0.027,0.53,0.36
deadband,light_fixed,deadband_mps,1.0,on,0.70,0.00,0.00,0.000,0.000,0.117,-0.108,0.023,0.61,0.41
deadband,light_fixed,deadband_mps,1.0,on,0.75,0.00,0.00,0.000,0.000,0.118,-0.106,0.022,0.68,0.47
deadband,light_fixed,deadband_mps,1.0,on,0.80,0.00,0.00,0.000,0.000,0.122,-0.102,0.019,0.74,0.52
deadband,light_fixed,deadband_mps,1.0,on,0.85,0.00,0.00,0.000,0.000,0.123,-0.099,0.018,0.80,0.58
deadband,light_fixed,deadband_mps,1.0,on,0.90,0.00,0.00,0.000,0.000,0.127,-0.094,0.016,0.86,0.64
deadband,light_fixed,deadband_mps,1.0,on,0.95,1.16,0.91,-0.174,-0.136,0.128,-0.091,0.016,0.92,0.71
deadband,light_fixed,deadband_mps,1.0,on,1.00,1.09,0.85,-0.163,-0.128,0.142,-0.034,0.058,1.81,1.61
deadband,light_fixed,deadband_mps,1.0,on,1.05,0.99,0.78,-0.148,-0.117,0.142,-0.034,0.058,1.81,1.61
deadband,light_fixed,deadband_mps,1.0,on,1.10,0.87,0.68,-0.131,-0.102,0.144,-0.037,0.057,1.81,1.55
deadband,light_fixed,deadband_mps,1.0,on,1.15,0.77,0.59,-0.116,-0.089,0.145,-0.039,0.056,1.81,1.50
deadband,light_fixed,deadband_mps,1.0,on,1.20,0.69,0.51,-0.103,-0.077,0.147,-0.043,0.054,1.81,1.43
deadband,light_fixed,deadband_mps,1.0,on,1.25,0.62,0.43,-0.093,-0.065,0.148,-0.045,0.053,1.79,1.36
deadband,light_fixed,deadband_mps,1.0,on,1.30,0.57,0.38,-0.086,-0.057,0.150,-0.050,0.051,1.76,1.27
deadband,light_fixed,deadband_mps,1.0,on,1.35,0.54,0.34,-0.080,-0.051,0.152,-0.053,0.050,1.71,1.17
deadband,light_fixed,deadband_mps,1.0,on,1.40,0.53,0.31,-0.079,-0.046,0.154,-0.057,0.050,1.65,1.07
deadband,light_fixed,deadband_mps,1.0,on,1.45,0.52,0.29,-0.078,-0.043,0.156,-0.059,0.050,1.59,0.98
deadband,light_fixed,deadband_mps,1.0,on,1.50,0.51,0.27,-0.076,-0.040,0.159,-0.064,0.050,1.54,0.88
deadband,light_fixed,deadband_mps,1.0,on,1.55,0.51,0.25,-0.076,-0.037,0.161,-0.066,0.051,1.51,0.80
deadband,light_fixed,deadband_mps,1.0,on,1.60,0.51,0.24,-0.076,-0.035,0.164,-0.070,0.053,1.49,0.73
deadband,light_fixed,deadband_mps,1.0,on,1.65,0.51,0.22,-0.076,-0.033,0.165,-0.071,0.054,1.49,0.67
deadband,light_fixed,deadband_mps,1.0,on,1.70,0.51,0.21,-0.077,-0.032,0.168,-0.075,0.056,1.51,0.63
deadband,light_fixed,deadband_mps,1.0,on,1.75,0.53,0.21,-0.080,-0.031,0.170,-0.076,0.057,1.54,0.59
deadband,light_fixed,deadband_mps,1.0,on,1.80,0.57,0.22,-0.085,-0.033,0.172,-0.077,0.060,1.58,0.57
deadband,light_fixed,deadband_mps,1.0,on,1.85,0.60,0.23,-0.089,-0.035,0.174,-0.078,0.061,1.62,0.56
deadband,light_fixed,deadband_mps,1.0,on,1.90,0.63,0.26,-0.095,-0.038,0.177,-0.078,0.064,1.67,0.56
deadband,light_fixed,deadband_mps,1.0,on,1.95,0.69,0.29,-0.103,-0.044,0.178,-0.078,0.065,1.72,0.57
deadband,light_fixed,deadband_mps,1.0,on,2.00,0.71,0.33,-0.107,-0.050,0.174,-0.046,0.072,1.99,1.30
deadband,light_fixed,deadband_mps,1.0,on,2.05,0.73,0.38,-0.109,-0.057,0.174,-0.046,0.072,1.99,1.30
deadband,light_fixed,deadband_mps,1.0,on,2.10,0.73,0.43,-0.109,-0.064,0.170,-0.043,0.071,1.97,1.33
deadband,light_fixed,deadband_mps,1.0,on,2.15,0.73,0.47,-0.109,-0.071,0.169,-0.042,0.070,1.95,1.35
deadband,light_fixed,deadband_mps,1.0,on,2.20,0.71,0.51,-0.106,-0.077,0.165,-0.040,0.069,1.92,1.38
deadband,light_fixed,deadband_mps,1.0,on,2.25,0.69,0.55,-0.104,-0.083,0.164,-0.039,0.068,1.90,1.41
deadband,light_fixed,deadband_mps,1.0,on,2.30,0.67,0.58,-0.100,-0.088,0.160,-0.038,0.067,1.89,1.46
deadband,light_fixed,deadband_mps,1.0,on,2.35,0.64,0.61,-0.096,-0.091,0.159,-0.037,0.066,1.87,1.50
deadband,light_fixed,deadband_mps,1.0,on,2.40,0.62,0.63,-0.092,-0.094,0.156,-0.036,0.065,1.85,1.54
deadband,light_fixed,deadband_mps,1.0,on,2.45,0.60,0.64,-0.089,-0.096,0.154,-0.036,0.064,1.83,1.57
deadband,light_fixed,deadband_mps,1.0,on,2.50,0.57,0.64,-0.085,-0.095,0.151,-0.037,0.061,1.80,1.60
deadband,light_fixed,deadband_mps,1.0,on,2.55,0.54,0.63,-0.081,-0.094,0.150,-0.037,0.060,1.77,1.62
deadband,light_fixed,deadband_mps,1.0,on,2.60,0.52,0.61,-0.078,-0.092,0.148,-0.039,0.058,1.74,1.63
deadband,light_fixed,deadband_mps,1.0,on,2.65,0.50,0.60,-0.075,-0.090,0.146,-0.040,0.056,1.72,1.63
deadband,light_fixed,deadband_mps,1.0,on,2.70,0.49,0.59,-0.074,-0.088,0.144,-0.042,0.053,1.69,1.61
deadband,light_fixed,deadband_mps,1.0,on,2.75,0.49,0.57,-0.073,-0.085,0.143,-0.043,0.051,1.66,1.58
deadband,light_fixed,deadband_mps,1.0,on,2.80,0.48,0.54,-0.072,-0.082,0.140,-0.046,0.047,1.63,1.55
deadband,light_fixed,deadband_mps,1.0,on,2.85,0.48,0.52,-0.072,-0.078,0.139,-0.047,0.046,1.60,1.51
deadband,light_fixed,deadband_mps,1.0,on,2.90,0.49,0.50,-0.074,-0.076,0.137,-0.051,0.042,1.58,1.45
deadband,light_fixed,deadband_mps,1.0,on,2.95,0.51,0.49,-0.077,-0.073,0.136,-0.052,0.040,1.56,1.40
deadband,light_fixed,deadband_mps,1.0,on,3.00,0.54,0.48,-0.081,-0.073,0.146,-0.085,0.032,1.85,0.96
deadband,light_fixed,deadband_mps,1.0,on,3.05,0.56,0.49,-0.084,-0.073,0.146,-0.085,0.032,1.85,0.96
deadband,light_fixed,deadband_mps,1.0,on,3.10,0.58,0.49,-0.087,-0.074,0.146,-0.084,0.033,1.85,0.98
deadband,light_fixed,deadband_mps,1.0,on,3.15,0.60,0.51,-0.091,-0.076,0.148,-0.082,0.035,1.87,1.01
deadband,light_fixed,deadband_mps,1.0,on,3.20,0.62,0.52,-0.094,-0.079,0.149,-0.081,0.036,1.88,1.03
deadband,light_fixed,deadband_mps,1.0,on,3.25,0.64,0.54,-0.097,-0.081,0.150,-0.079,0.038,1.90,1.07
deadband,light_fixed,deadband_mps,1.0,on,3.30,0.66,0.56,-0.099,-0.084,0.151,-0.079,0.039,1.92,1.09
deadband,light_fixed,deadband_mps,1.0,on,3.35,0.67,0.58,-0.101,-0.086,0.153,-0.076,0.041,1.96,1.12
deadband,light_fixed,deadband_mps,1.0,on,3.40,0.68,0.59,-0.102,-0.089,0.155,-0.075,0.043,1.98,1.14
deadband,light_fixed,deadband_mps,1.0,on,3.45,0.69,0.61,-0.103,-0.091,0.157,-0.074,0.046,2.02,1.18
deadband,light_fixed,deadband_mps,1.0,on,3.50,0.69,0.62,-0.103,-0.093,0.159,-0.073,0.047,2.05,1.20
deadband,light_fixed,deadband_mps,1.0,on,3.55,0.68,0.63,-0.102,-0.094,0.162,-0.072,0.051,2.10,1.23
deadband,light_fixed,deadband_mps,1.0,on,3.60,0.67,0.63,-0.101,-0.095,0.164,-0.071,0.052,2.12,1.24
deadband,light_fixed,deadband_mps,1.0,on,3.65,0.66,0.63,-0.099,-0.095,0.166,-0.070,0.055,2.16,1.26
deadband,light_fixed,deadband_mps,1.0,on,3.70,0.65,0.63,-0.097,-0.095,0.168,-0.069,0.057,2.19,1.27
deadband,light_fixed,deadband_mps,1.0,on,3.75,0.63,0.63,-0.094,-0.094,0.170,-0.068,0.059,2.21,1.28
deadband,light_fixed,deadband_mps,1.0,on,3.80,0.61,0.61,-0.091,-0.092,0.171,-0.068,0.060,2.23,1.29
deadband,light_fixed,deadband_mps,1.0,on,3.85,0.59,0.59,-0.088,-0.089,0.172,-0.067,0.062,2.24,1.29
deadband,light_fixed,deadband_mps,1.0,on,3.90,0.57,0.57,-0.085,-0.086,0.172,-0.067,0.062,2.24,1.29
deadband,light_fixed,deadband_mps,1.0,on,3.95,0.54,0.55,-0.082,-0.083,0.173,-0.066,0.063,2.23,1.29
deadband,light_fixed,deadband_mps,1.0,on,4.00,0.51,0.52,-0.076,-0.078,0.161,-0.078,0.048,1.90,1.08
deadband,light_fixed,deadband_mps,1.0,on,4.05,0.46,0.48,-0.070,-0.072,0.161,-0.078,0.048,1.90,1.08
deadband,light_fixed,deadband_mps,1.0,on,4.10,0.42,0.44,-0.063,-0.065,0.160,-0.079,0.047,1.89,1.08
deadband,light_fixed,deadband_mps,1.0,on,4.15,0.38,0.40,-0.057,-0.060,0.159,-0.080,0.046,1.89,1.07
deadband,light_fixed,deadband_mps,1.0,on,4.20,0.34,0.36,-0.051,-0.054,0.159,-0.081,0.046,1.88,1.05
deadband,light_fixed,deadband_mps,1.0,on,4.25,0.31,0.33,-0.047,-0.049,0.158,-0.082,0.045,1.85,1.03
deadband,light_fixed,deadband_mps,1.0,on,4.30,0.29,0.30,-0.043,-0.045,0.157,-0.083,0.044,1.82,1.01
deadband,light_fixed,deadband_mps,1.0,on,4.35,0.27,0.28,-0.040,-0.042,0.156,-0.085,0.043,1.79,0.98
deadband,light_fixed,deadband_mps,1.0,on,4.40,0.26,0.26,-0.038,-0.040,0.155,-0.085,0.042,1.75,0.96
deadband,light_fixed,deadband_mps,1.0,on,4.45,0.25,0.25,-0.037,-0.038,0.154,-0.086,0.041,1.72,0.93
deadband,light_fixed,deadband_mps,1.0,on,4.50,0.24,0.25,-0.036,-0.037,0.153,-0.087,0.040,1.70,0.92
deadband,light_fixed,deadband_mps,1.0,on,4.55,0.24,0.24,-0.036,-0.037,0.151,-0.087,0.038,1.67,0.90
deadband,light_fixed,deadband_mps,1.0,on,4.60,0.25,0.25,-0.037,-0.037,0.151,-0.088,0.038,1.66,0.89
deadband,light_fixed,deadband_mps,1.0,on,4.65,0.25,0.25,-0.038,-0.038,0.149,-0.088,0.036,1.65,0.88
deadband,light_fixed,deadband_mps,1.0,on,4.70,0.26,0.26,-0.040,-0.039,0.148,-0.088,0.035,1.64,0.88
deadband,light_fixed,deadband_mps,1.0,on,4.75,0.28,0.27,-0.042,-0.041,0.146,-0.088,0.033,1.64,0.89
deadband,light_fixed,deadband_mps,1.0,on,4.80,0.29,0.29,-0.044,-0.044,0.145,-0.088,0.032,1.64,0.90
deadband,light_fixed,deadband_mps,1.0,on,4.85,0.31,0.31,-0.047,-0.047,0.142,-0.087,0.029,1.65,0.91
deadband,light_fixed,deadband_mps,1.0,on,4.90,0.33,0.34,-0.050,-0.050,0.141,-0.087,0.028,1.66,0.93
deadband,light_fixed,deadband_mps,1.0,on,4.95,0.36,0.36,-0.053,-0.054,0.138,-0.085,0.025,1.67,0.96
deadband,light_fixed,deadband_mps,1.0,on,5.00,0.38,0.38,-0.057,-0.057,0.109,-0.053,0.032,1.67,1.40
deadband,light_fixed,deadband_mps,1.0,on,5.05,0.40,0.40,-0.060,-0.061,0.109,-0.053,0.032,1.67,1.40
deadband,light_fixed,deadband_mps,1.0,on,5.10,0.42,0.42,-0.062,-0.063,0.109,-0.051,0.035,1.68,1.41
deadband,light_fixed,deadband_mps,1.0,on,5.15,0.43,0.44,-0.064,-0.066,0.109,-0.049,0.036,1.70,1.42
deadband,light_fixed,deadband_mps,1.0,on,5.20,0.44,0.45,-0.066,-0.067,0.109,-0.047,0.038,1.72,1.44
deadband,light_fixed,deadband_mps,1.0,on,5.25,0.45,0.46,-0.067,-0.068,0.109,-0.046,0.039,1.75,1.45
deadband,light_fixed,deadband_mps,1.0,on,5.30,0.45,0.46,-0.067,-0.069,0.109,-0.045,0.040,1.77,1.46
deadband,light_fixed,deadband_mps,1.0,on,5.35,0.45,0.46,-0.067,-0.068,0.110,-0.044,0.041,1.80,1.47
deadband,light_fixed,deadband_mps,1.0,on,5.40,0.44,0.45,-0.066,-0.068,0.111,-0.043,0.042,1.82,1.48
deadband,light_fixed,deadband_mps,1.0,on,5.45,0.44,0.44,-0.065,-0.066,0.112,-0.043,0.042,1.84,1.49
deadband,light_fixed,deadband_mps,1.0,on,5.50,0.44,0.43,-0.065,-0.065,0.114,-0.042,0.043,1.87,1.48
deadband,light_fixed,deadband_mps,1.0,on,5.55,0.44,0.43,-0.066,-0.064,0.115,-0.041,0.044,1.88,1.48
deadband,light_fixed,deadband_mps,1.0,on,5.60,0.44,0.42,-0.066,-0.064,0.116,-0.041,0.044,1.90,1.47
deadband,light_fixed,deadband_mps,1.0,on,5.65,0.45,0.42,-0.067,-0.063,0.117,-0.041,0.045,1.91,1.45
deadband,light_fixed,deadband_mps,1.0,on,5.70,0.46,0.42,-0.069,-0.063,0.119,-0.040,0.045,1.92,1.44
deadband,light_fixed,deadband_mps,1.0,on,5.75,0.47,0.42,-0.071,-0.063,0.121,-0.040,0.046,1.94,1.42
deadband,light_fixed,deadband_mps,1.0,on,5.80,0.49,0.42,-0.073,-0.063,0.123,-0.040,0.046,1.95,1.40
deadband,light_fixed,deadband_mps,1.0,on,5.85,0.51,0.43,-0.077,-0.064,0.125,-0.040,0.046,1.97,1.38
deadband,light_fixed,deadband_mps,1.0,on,5.90,0.54,0.43,-0.081,-0.065,0.127,-0.040,0.047,1.99,1.36
deadband,light_fixed,deadband_mps,1.0,on,5.95,0.57,0.45,-0.086,-0.067,0.129,-0.040,0.048,2.01,1.35
deadband,light_fixed,deadband_mps,1.0,on,6.00,0.58,0.44,-0.087,-0.067,0.150,-0.059,0.045,2.08,1.10
deadband,light_fixed,deadband_mps,1.0,on,6.05,0.58,0.44,-0.088,-0.066,0.150,-0.059,0.045,2.08,1.10
deadband,light_fixed,deadband_mps,1.0,on,6.10,0.58,0.42,-0.086,-0.064,0.149,-0.062,0.043,2.06,1.09
deadband,light_fixed,deadband_mps,1.0,on,6.15,0.57,0.41,-0.085,-0.062,0.149,-0.064,0.041,2.04,1.07
deadband,light_fixed,deadband_mps,1.0,on,6.20,0.55,0.39,-0.083,-0.059,0.148,-0.067,0.039,2.03,1.05
deadband,light_fixed,deadband_mps,1.0,on,6.25,0.54,0.37,-0.081,-0.056,0.147,-0.068,0.038,2.01,1.03
deadband,light_fixed,deadband_mps,1.0,on,6.30,0.53,0.36,-0.079,-0.054,0.146,-0.071,0.035,1.99,1.01
deadband,light_fixed,deadband_mps,1.0,on,6.35,0.52,0.34,-0.077,-0.051,0.145,-0.072,0.034,1.97,0.99
deadband,light_fixed,deadband_mps,1.0,on,6.40,0.51,0.33,-0.076,-0.050,0.143,-0.074,0.031,1.94,0.96
deadband,light_fixed,deadband_mps,1.0,on,6.45,0.51,0.33,-0.077,-0.049,0.142,-0.075,0.030,1.92,0.94
deadband,light_fixed,deadband_mps,1.0,on,6.50,0.51,0.32,-0.077,-0.048,0.139,-0.077,0.027,1.89,0.93
deadband,light_fixed,deadband_mps,1.0,on,6.55,0.52,0.31,-0.077,-0.047,0.138,-0.079,0.026,1.86,0.91
deadband,light_fixed,deadband_mps,1.0,on,6.60,0.52,0.31,-0.079,-0.047,0.136,-0.080,0.023,1.83,0.90
deadband,light_fixed,deadband_mps,1.0,on,6.65,0.53,0.31,-0.080,-0.047,0.134,-0.081,0.022,1.81,0.90
deadband,light_fixed,deadband_mps,1.0,on,6.70,0.54,0.32,-0.081,-0.047,0.133,-0.082,0.020,1.78,0.89
deadband,light_fixed,deadband_mps,1.0,on,6.75,0.56,0.32,-0.083,-0.049,0.130,-0.082,0.017,1.76,0.90
deadband,light_fixed,deadband_mps,1.0,on,6.80,0.57,0.34,-0.086,-0.050,0.128,-0.082,0.015,1.74,0.90
deadband,light_fixed,deadband_mps,1.0,on,6.85,0.59,0.35,-0.088,-0.052,0.126,-0.082,0.013,1.73,0.91
deadband,light_fixed,deadband_mps,1.0,on,6.90,0.61,0.37,-0.091,-0.055,0.123,-0.082,0.010,1.72,0.93
deadband,light_fixed,deadband_mps,1.0,on,6.95,0.63,0.39,-0.095,-0.059,0.122,-0.082,0.009,1.71,0.95
deadband,light_fixed,deadband_mps,1.0,on,7.00,0.66,0.42,-0.099,-0.063,0.075,-0.084,0.038,1.53,1.21
deadband,light_fixed,deadband_mps,1.0,on,7.05,0.68,0.45,-0.102,-0.067,0.075,-0.084,0.038,1.53,1.21
deadband,light_fixed,deadband_mps,1.0,on,7.10,0.70,0.48,-0.105,-0.071,0.074,-0.084,0.039,1.53,1.20
deadband,light_fixed,deadband_mps,1.0,on,7.15,0.71,0.50,-0.106,-0.075,0.073,-0.085,0.041,1.52,1.20
deadband,light_fixed,deadband_mps,1.0,on,7.20,0.71,0.52,-0.107,-0.079,0.072,-0.085,0.041,1.52,1.20
deadband,light_fixed,deadband_mps,1.0,on,7.25,0.72,0.55,-0.107,-0.082,0.072,-0.085,0.041,1.53,1.20
deadband,light_fixed,deadband_mps,1.0,on,7.30,0.71,0.56,-0.107,-0.084,0.072,-0.085,0.041,1.55,1.21
deadband,light_fixed,deadband_mps,1.0,on,7.35,0.70,0.57,-0.106,-0.086,0.072,-0.086,0.041,1.57,1.22
deadband,light_fixed,deadband_mps,1.0,on,7.40,0.69,0.58,-0.104,-0.087,0.073,-0.086,0.040,1.59,1.23
deadband,light_fixed,deadband_mps,1.0,on,7.45,0.68,0.58,-0.102,-0.087,0.075,-0.086,0.039,1.62,1.24
deadband,light_fixed,deadband_mps,1.0,on,7.50,0.66,0.58,-0.099,-0.086,0.075,-0.086,0.038,1.64,1.25
deadband,light_fixed,deadband_mps,1.0,on,7.55,0.65,0.57,-0.097,-0.086,0.078,-0.086,0.035,1.68,1.25
deadband,light_fixed,deadband_mps,1.0,on,7.60,0.63,0.57,-0.095,-0.085,0.079,-0.086,0.034,1.70,1.25
deadband,light_fixed,deadband_mps,1.0,on,7.65,0.62,0.56,-0.093,-0.084,0.081,-0.085,0.032,1.73,1.25
deadband,light_fixed,deadband_mps,1.0,on,7.70,0.62,0.56,-0.093,-0.084,0.082,-0.085,0.031,1.75,1.25
deadband,light_fixed,deadband_mps,1.0,on,7.75,0.63,0.56,-0.094,-0.084,0.084,-0.084,0.029,1.77,1.25
deadband,light_fixed,deadband_mps,1.0,on,7.80,0.64,0.56,-0.096,-0.084,0.085,-0.084,0.028,1.79,1.25
deadband,light_fixed,deadband_mps,1.0,on,7.85,0.67,0.57,-0.100,-0.086,0.088,-0.083,0.026,1.81,1.25
deadband,light_fixed,deadband_mps,1.0,on,7.90,0.70,0.59,-0.106,-0.088,0.089,-0.082,0.025,1.83,1.24
deadband,light_fixed,deadband_mps,1.0,on,7.95,0.74,0.60,-0.112,-0.091,0.091,-0.081,0.023,1.85,1.24
deadband,light_fixed,deadband_mps,1.0,on,8.00,0.76,0.61,-0.114,-0.091,0.092,-0.075,0.024,1.79,1.23
deadband,light_fixed,deadband_mps,1.0,on,8.05,0.76,0.60,-0.115,-0.091,0.092,-0.075,0.024,1.79,1.23
deadband,light_fixed,deadband_mps,1.0,on,8.10,0.76,0.60,-0.114,-0.089,0.091,-0.075,0.024,1.77,1.23
deadband,light_fixed,deadband_mps,1.0,on,8.15,0.75,0.59,-0.113,-0.088,0.091,-0.075,0.024,1.76,1.23
deadband,light_fixed,deadband_mps,1.0,on,8.20,0.75,0.58,-0.112,-0.087,0.092,-0.075,0.024,1.75,1.24
deadband,light_fixed,deadband_mps,1.0,on,8.25,0.75,0.57,-0.112,-0.085,0.092,-0.074,0.023,1.75,1.23
deadband,light_fixed,deadband_mps,1.0,on,8.30,0.74,0.56,-0.112,-0.085,0.094,-0.074,0.022,1.75,1.23
deadband,light_fixed,deadband_mps,1.0,on,8.35,0.74,0.56,-0.112,-0.084,0.095,-0.074,0.022,1.76,1.23
deadband,light_fixed,deadband_mps,1.0,on,8.40,0.75,0.56,-0.112,-0.084,0.097,-0.073,0.021,1.77,1.22
deadband,light_fixed,deadband_mps,1.0,on,8.45,0.75,0.56,-0.113,-0.084,0.098,-0.072,0.020,1.79,1.22
deadband,light_fixed,deadband_mps,1.0,on,8.50,0.76,0.56,-0.114,-0.084,0.099,-0.071,0.019,1.81,1.22
deadband,light_fixed,deadband_mps,1.0,on,8.55,0.77,0.56,-0.115,-0.084,0.100,-0.071,0.019,1.83,1.21
deadband,light_fixed,deadband_mps,1.0,on,8.60,0.78,0.57,-0.117,-0.085,0.102,-0.070,0.019,1.85,1.22
deadband,light_fixed,deadband_mps,1.0,on,8.65,0.78,0.57,-0.118,-0.085,0.102,-0.070,0.019,1.87,1.22
deadband,light_fixed,deadband_mps,1.0,on,8.70,0.79,0.57,-0.118,-0.085,0.103,-0.069,0.019,1.90,1.22
deadband,light_fixed,deadband_mps,1.0,on,8.75,0.79,0.57,-0.118,-0.086,0.104,-0.069,0.019,1.92,1.23
deadband,light_fixed,deadband_mps,1.0,on,8.80,0.79,0.58,-0.119,-0.086,0.105,-0.068,0.019,1.94,1.23
deadband,light_fixed,deadband_mps,1.0,on,8.85,0.79,0.58,-0.118,-0.086,0.105,-0.067,0.019,1.95,1.24
deadband,light_fixed,deadband_mps,1.0,on,8.90,0.78,0.58,-0.118,-0.087,0.107,-0.067,0.019,1.96,1.24
deadband,light_fixed,deadband_mps,1.0,on,8.95,0.78,0.58,-0.116,-0.086,0.108,-0.066,0.019,1.97,1.25
deadband,light_fixed,deadband_mps,1.0,on,9.00,0.76,0.57,-0.113,-0.085,0.136,-0.089,0.023,2.06,1.01
deadband,light_fixed,deadband_mps,1.0,on,9.05,0.73,0.55,-0.110,-0.083,0.136,-0.089,0.023,2.06,1.01
deadband,light_fixed,deadband_mps,1.0,on,9.10,0.70,0.53,-0.105,-0.080,0.135,-0.092,0.023,2.03,0.99
deadband,light_fixed,deadband_mps,1.0,on,9.15,0.67,0.51,-0.100,-0.077,0.134,-0.093,0.023,2.02,0.98
deadband,light_fixed,deadband_mps,1.0,on,9.20,0.64,0.49,-0.096,-0.073,0.133,-0.096,0.022,1.99,0.96
deadband,light_fixed,deadband_mps,1.0,on,9.25,0.61,0.46,-0.091,-0.070,0.132,-0.097,0.022,1.96,0.94
deadband,light_fixed,deadband_mps,1.0,on,9.30,0.58,0.44,-0.087,-0.066,0.129,-0.099,0.021,1.91,0.93
deadband,light_fixed,deadband_mps,1.0,on,9.35,0.55,0.42,-0.082,-0.063,0.128,-0.100,0.021,1.87,0.92
deadband,light_fixed,deadband_mps,1.0,on,9.40,0.52,0.40,-0.078,-0.060,0.126,-0.101,0.021,1.82,0.90
deadband,light_fixed,deadband_mps,1.0,on,9.45,0.49,0.38,-0.074,-0.057,0.125,-0.102,0.020,1.78,0.89
deadband,light_fixed,deadband_mps,1.0,on,9.50,0.47,0.37,-0.071,-0.055,0.122,-0.103,0.020,1.72,0.88
deadband,light_fixed,deadband_mps,1.0,on,9.55,0.45,0.35,-0.067,-0.053,0.121,-0.103,0.020,1.68,0.88
deadband,light_fixed,deadband_mps,1.0,on,9.60,0.43,0.34,-0.065,-0.051,0.119,-0.104,0.020,1.63,0.87
deadband,light_fixed,deadband_mps,1.0,on,9.65,0.41,0.33,-0.062,-0.050,0.118,-0.104,0.020,1.59,0.87
deadband,light_fixed,deadband_mps,1.0,on,9.70,0.40,0.33,-0.060,-0.050,0.116,-0.104,0.019,1.55,0.88
deadband,light_fixed,deadband_mps,1.0,on,9.75,0.39,0.33,-0.059,-0.050,0.115,-0.104,0.019,1.53,0.89
deadband,light_fixed,deadband_mps,1.0,on,9.80,0.39,0.34,-0.059,-0.051,0.113,-0.103,0.018,1.50,0.90
deadband,light_fixed,deadband_mps,1.0,on,9.85,0.39,0.35,-0.058,-0.053,0.112,-0.103,0.018,1.49,0.91
deadband,light_fixed,deadband_mps,1.0,on,9.90,0.40,0.37,-0.059,-0.056,0.110,-0.102,0.018,1.48,0.94
deadband,light_fixed,deadband_mps,1.0,on,9.95,0.41,0.40,-0.062,-0.059,0.109,-0.102,0.018,1.48,0.95
deadband,light_fixed,deadband_mps,1.0,on,10.00,0.43,0.42,-0.065,-0.064,0.102,-0.089,0.011,1.76,1.22
deadband,light_fixed,deadband_mps,1.0,on,10.05,0.46,0.45,-0.068,-0.068,0.102,-0.089,0.011,1.76,1.22
deadband,light_fixed,deadband_mps,1.0,on,10.10,0.48,0.48,-0.072,-0.072,0.102,-0.089,0.012,1.76,1.22
deadband,light_fixed,deadband_mps,1.0,on,10.15,0.50,0.51,-0.075,-0.076,0.102,-0.089,0.012,1.75,1.22
deadband,light_fixed,deadband_mps,1.0,on,10.20,0.52,0.52,-0.078,-0.079,0.102,-0.089,0.012,1.76,1.22
deadband,light_fixed,deadband_mps,1.0,on,10.25,0.53,0.54,-0.080,-0.081,0.102,-0.089,0.012,1.76,1.22
deadband,light_fixed,deadband_mps,1.0,on,10.30,0.54,0.54,-0.081,-0.082,0.102,-0.090,0.012,1.78,1.23
deadband,light_fixed,deadband_mps,1.0,on,10.35,0.55,0.55,-0.082,-0.082,0.102,-0.090,0.012,1.79,1.23
deadband,light_fixed,deadband_mps,1.0,on,10.40,0.56,0.55,-0.083,-0.082,0.103,-0.090,0.012,1.81,1.24
deadband,light_fixed,deadband_mps,1.0,on,10.45,0.56,0.54,-0.084,-0.082,0.103,-0.090,0.012,1.82,1.24
deadband,light_fixed,deadband_mps,1.0,on,10.50,0.57,0.54,-0.086,-0.082,0.104,-0.091,0.011,1.84,1.23
deadband,light_fixed,deadband_mps,1.0,on,10.55,0.59,0.54,-0.088,-0.081,0.104,-0.091,0.011,1.85,1.22
deadband,light_fixed,deadband_mps,1.0,on,10.60,0.60,0.54,-0.090,-0.082,0.104,-0.092,0.011,1.86,1.21
deadband,light_fixed,deadband_mps,1.0,on,10.65,0.62,0.55,-0.093,-0.082,0.104,-0.092,0.011,1.87,1.20
deadband,light_fixed,deadband_mps,1.0,on,10.70,0.64,0.55,-0.097,-0.082,0.104,-0.092,0.011,1.87,1.19
deadband,light_fixed,deadband_mps,1.0,on,10.75,0.67,0.55,-0.100,-0.083,0.105,-0.092,0.011,1.88,1.17
deadband,light_fixed,deadband_mps,1.0,on,10.80,0.69,0.56,-0.104,-0.084,0.105,-0.092,0.011,1.88,1.16
deadband,light_fixed,deadband_mps,1.0,on,10.85,0.72,0.57,-0.108,-0.085,0.105,-0.092,0.011,1.89,1.16
deadband,light_fixed,deadband_mps,1.0,on,10.90,0.75,0.58,-0.113,-0.087,0.106,-0.091,0.010,1.90,1.15
deadband,light_fixed,deadband_mps,1.0,on,10.95,0.78,0.59,-0.117,-0.089,0.107,-0.091,0.009,1.91,1.14
deadband,light_fixed,deadband_mps,1.0,on,11.00,0.79,0.60,-0.119,-0.090,0.113,-0.071,0.014,1.99,1.32
deadband,light_fixed,deadband_mps,1.0,on,11.05,0.80,0.60,-0.120,-0.090,0.113,-0.071,0.014,1.99,1.32
deadband,light_fixed,deadband_mps,1.0,on,11.10,0.79,0.59,-0.118,-0.089,0.112,-0.072,0.013,1.98,1.31
deadband,light_fixed,deadband_mps,1.0,on,11.15,0.77,0.58,-0.116,-0.088,0.112,-0.072,0.013,1.98,1.30
deadband,light_fixed,deadband_mps,1.0,on,11.20,0.75,0.57,-0.113,-0.086,0.110,-0.074,0.012,1.96,1.29
deadband,light_fixed,deadband_mps,1.0,on,11.25,0.73,0.56,-0.109,-0.083,0.110,-0.074,0.011,1.95,1.28
deadband,light_fixed,deadband_mps,1.0,on,11.30,0.70,0.54,-0.105,-0.081,0.108,-0.076,0.010,1.93,1.26
deadband,light_fixed,deadband_mps,1.0,on,11.35,0.66,0.52,-0.100,-0.078,0.108,-0.077,0.010,1.91,1.25
deadband,light_fixed,deadband_mps,1.0,on,11.40,0.63,0.50,-0.095,-0.075,0.107,-0.079,0.009,1.88,1.22
deadband,light_fixed,deadband_mps,1.0,on,11.45,0.60,0.48,-0.090,-0.072,0.106,-0.080,0.009,1.85,1.19
deadband,light_fixed,deadband_mps,1.0,on,11.50,0.57,0.45,-0.085,-0.068,0.105,-0.082,0.009,1.81,1.17
deadband,light_fixed,deadband_mps,1.0,on,11.55,0.53,0.43,-0.080,-0.065,0.104,-0.082,0.009,1.78,1.14
deadband,light_fixed,deadband_mps,1.0,on,11.60,0.50,0.41,-0.075,-0.061,0.102,-0.084,0.011,1.74,1.11
deadband,light_fixed,deadband_mps,1.0,on,11.65,0.47,0.39,-0.070,-0.058,0.102,-0.084,0.011,1.70,1.09
deadband,light_fixed,deadband_mps,1.0,on,11.70,0.44,0.37,-0.066,-0.055,0.100,-0.085,0.013,1.66,1.08
deadband,light_fixed,deadband_mps,1.0,on,11.75,0.42,0.35,-0.062,-0.053,0.100,-0.085,0.013,1.63,1.06
deadband,light_fixed,deadband_mps,1.0,on,11.80,0.40,0.34,-0.060,-0.051,0.099,-0.085,0.014,1.59,1.05
deadband,light_fixed,deadband_mps,1.0,on,11.85,0.38,0.33,-0.057,-0.049,0.099,-0.085,0.014,1.56,1.05
deadband,light_fixed,deadband_mps,1.0,on,11.90,0.37,0.33,-0.056,-0.049,0.100,-0.085,0.014,1.54,1.04
deadband,light_fixed,deadband_mps,1.0,on,11.95,0.37,0.33,-0.056,-0.050,0.100,-0.084,0.014,1.53,1.05
deadband,light_fixed,deadband_mps,1.0,on,12.00,0.38,0.35,-0.057,-0.052,0.115,-0.050,0.035,1.95,1.44
deadband,light_fixed,deadband_mps,1.0,on,12.05,0.41,0.37,-0.061,-0.056,0.115,-0.050,0.035,1.95,1.44
deadband,light_fixed,deadband_mps,1.0,on,12.10,0.43,0.40,-0.065,-0.060,0.114,-0.050,0.035,1.95,1.45
deadband,light_fixed,deadband_mps,1.0,on,12.15,0.46,0.43,-0.069,-0.065,0.114,-0.050,0.035,1.94,1.46
deadband,light_fixed,deadband_mps,1.0,on,12.20,0.48,0.46,-0.073,-0.069,0.112,-0.050,0.034,1.93,1.46
deadband,light_fixed,deadband_mps,1.0,on,12.25,0.51,0.49,-0.076,-0.074,0.112,-0.051,0.034,1.92,1.46
deadband,light_fixed,deadband_mps,1.0,on,12.30,0.53,0.51,-0.079,-0.076,0.111,-0.052,0.033,1.91,1.46
deadband,light_fixed,deadband_mps,1.0,on,12.35,0.54,0.52,-0.081,-0.079,0.110,-0.053,0.032,1.90,1.46
deadband,light_fixed,deadband_mps,1.0,on,12.40,0.54,0.53,-0.081,-0.080,0.110,-0.055,0.030,1.90,1.45
deadband,light_fixed,deadband_mps,1.0,on,12.45,0.54,0.53,-0.081,-0.079,0.110,-0.056,0.029,1.90,1.44
deadband,light_fixed,deadband_mps,1.0,on,12.50,0.54,0.52,-0.081,-0.078,0.110,-0.058,0.027,1.89,1.43
deadband,light_fixed,deadband_mps,1.0,on,12.55,0.54,0.52,-0.081,-0.077,0.110,-0.059,0.026,1.89,1.41
deadband,light_fixed,deadband_mps,1.0,on,12.60,0.54,0.51,-0.081,-0.076,0.110,-0.062,0.023,1.89,1.38
deadband,light_fixed,deadband_mps,1.0,on,12.65,0.54,0.50,-0.081,-0.075,0.111,-0.063,0.022,1.89,1.35
deadband,light_fixed,deadband_mps,1.0,on,12.70,0.54,0.49,-0.081,-0.073,0.111,-0.065,0.020,1.89,1.32
deadband,light_fixed,deadband_mps,1.0,on,12.75,0.54,0.48,-0.082,-0.072,0.112,-0.066,0.019,1.88,1.29
deadband,light_fixed,deadband_mps,1.0,on,12.80,0.55,0.47,-0.083,-0.070,0.113,-0.069,0.016,1.88,1.26
deadband,light_fixed,deadband_mps,1.0,on,12.85,0.56,0.46,-0.084,-0.069,0.114,-0.070,0.015,1.88,1.23
deadband,light_fixed,deadband_mps,1.0,on,12.90,0.58,0.46,-0.087,-0.069,0.116,-0.072,0.013,1.89,1.19
deadband,light_fixed,deadband_mps,1.0,on,12.95,0.59,0.46,-0.089,-0.069,0.117,-0.073,0.012,1.90,1.16
deadband,light_fixed,deadband_mps,1.0,on,13.00,0.60,0.46,-0.090,-0.069,0.133,-0.113,0.034,1.95,0.87
deadband,light_fixed,deadband_mps,1.0,on,13.05,0.60,0.46,-0.090,-0.069,0.133,-0.113,0.034,1.95,0.87
deadband,light_fixed,deadband_mps,1.0,on,13.10,0.60,0.46,-0.090,-0.070,0.132,-0.115,0.036,1.94,0.87
deadband,light_fixed,deadband_mps,1.0,on,13.15,0.59,0.47,-0.089,-0.071,0.132,-0.116,0.036,1.92,0.86
deadband,light_fixed,deadband_mps,1.0,on,13.20,0.59,0.48,-0.089,-0.072,0.130,-0.119,0.038,1.90,0.85
deadband,light_fixed,deadband_mps,1.0,on,13.25,0.59,0.48,-0.088,-0.073,0.130,-0.120,0.039,1.88,0.85
deadband,light_fixed,deadband_mps,1.0,on,13.30,0.58,0.49,-0.086,-0.074,0.129,-0.122,0.040,1.86,0.85
deadband,light_fixed,deadband_mps,1.0,on,13.35,0.57,0.50,-0.085,-0.074,0.128,-0.123,0.041,1.85,0.85
deadband,light_fixed,deadband_mps,1.0,on,13.40,0.56,0.50,-0.083,-0.075,0.127,-0.125,0.042,1.83,0.85
deadband,light_fixed,deadband_mps,1.0,on,13.45,0.55,0.51,-0.082,-0.077,0.127,-0.126,0.043,1.81,0.85
deadband,light_fixed,deadband_mps,1.0,on,13.50,0.54,0.52,-0.081,-0.078,0.126,-0.127,0.044,1.80,0.86
deadband,light_fixed,deadband_mps,1.0,on,13.55,0.52,0.52,-0.079,-0.078,0.125,-0.128,0.045,1.78,0.86
deadband,light_fixed,deadband_mps,1.0,on,13.60,0.51,0.52,-0.076,-0.078,0.124,-0.129,0.046,1.77,0.87
deadband,light_fixed,deadband_mps,1.0,on,13.65,0.49,0.52,-0.073,-0.078,0.124,-0.130,0.046,1.76,0.87
deadband,light_fixed,deadband_mps,1.0,on,13.70,0.47,0.51,-0.071,-0.077,0.122,-0.131,0.047,1.75,0.88
deadband,light_fixed,deadband_mps,1.0,on,13.75,0.45,0.51,-0.068,-0.076,0.122,-0.131,0.047,1.74,0.89
deadband,light_fixed,deadband_mps,1.0,on,13.80,0.44,0.50,-0.066,-0.075,0.120,-0.132,0.047,1.73,0.89
deadband,light_fixed,deadband_mps,1.0,on,13.85,0.43,0.50,-0.065,-0.074,0.120,-0.132,0.047,1.72,0.90
deadband,light_fixed,deadband_mps,1.0,on,13.90,0.43,0.50,-0.065,-0.074,0.118,-0.131,0.047,1.70,0.91
deadband,light_fixed,deadband_mps,1.0,on,13.95,0.44,0.50,-0.065,-0.074,0.117,-0.131,0.046,1.69,0.92
deadband,light_fixed,deadband_mps,1.0,on,14.00,0.45,0.51,-0.068,-0.076,0.080,-0.098,0.036,1.57,1.33
deadband,light_fixed,deadband_mps,1.0,on,14.05,0.48,0.53,-0.072,-0.079,0.080,-0.098,0.036,1.57,1.33
deadband,light_fixed,deadband_mps,1.0,on,14.10,0.51,0.55,-0.077,-0.082,0.078,-0.096,0.037,1.56,1.35
deadband,light_fixed,deadband_mps,1.0,on,14.15,0.55,0.57,-0.082,-0.086,0.077,-0.095,0.038,1.56,1.36
deadband,light_fixed,deadband_mps,1.0,on,14.20,0.58,0.59,-0.088,-0.089,0.075,-0.093,0.039,1.56,1.37
deadband,light_fixed,deadband_mps,1.0,on,14.25,0.62,0.62,-0.094,-0.093,0.074,-0.092,0.040,1.57,1.39
deadband,light_fixed,deadband_mps,1.0,on,14.30,0.67,0.64,-0.100,-0.096,0.073,-0.090,0.041,1.58,1.40
deadband,light_fixed,deadband_mps,1.0,on,14.35,0.71,0.66,-0.106,-0.099,0.072,-0.089,0.041,1.60,1.41
deadband,light_fixed,deadband_mps,1.0,on,14.40,0.74,0.68,-0.112,-0.102,0.072,-0.087,0.042,1.63,1.43
deadband,light_fixed,deadband_mps,1.0,on,14.45,0.78,0.69,-0.117,-0.103,0.071,-0.086,0.042,1.66,1.44
deadband,light_fixed,deadband_mps,1.0,on,14.50,0.81,0.70,-0.122,-0.105,0.071,-0.085,0.042,1.69,1.45
deadband,light_fixed,deadband_mps,1.0,on,14.55,0.84,0.71,-0.126,-0.107,0.071,-0.084,0.042,1.73,1.46
deadband,light_fixed,deadband_mps,1.0,on,14.60,0.87,0.72,-0.130,-0.107,0.071,-0.083,0.042,1.76,1.47
deadband,light_fixed,deadband_mps,1.0,on,14.65,0.89,0.72,-0.133,-0.108,0.072,-0.083,0.042,1.80,1.47
deadband,light_fixed,deadband_mps,1.0,on,14.70,0.91,0.72,-0.136,-0.109,0.073,-0.083,0.041,1.83,1.46
deadband,light_fixed,deadband_mps,1.0,on,14.75,0.93,0.72,-0.139,-0.109,0.073,-0.083,0.040,1.86,1.45
deadband,light_fixed,deadband_mps,1.0,on,14.80,0.94,0.72,-0.141,-0.108,0.075,-0.082,0.038,1.88,1.44
deadband,light_fixed,deadband_mps,1.0,on,14.85,0.95,0.72,-0.143,-0.108,0.076,-0.083,0.037,1.91,1.42
deadband,light_fixed,deadband_mps,1.0,on,14.90,0.97,0.72,-0.146,-0.108,0.078,-0.083,0.035,1.93,1.40
deadband,light_fixed,deadband_mps,1.0,on,14.95,0.99,0.72,-0.149,-0.107,0.079,-0.083,0.034,1.96,1.38
deadband,light_fixed,deadband_mps,1.0,on,15.00,0.99,0.70,-0.148,-0.105,0.099,-0.102,0.022,1.93,1.03
deadband,light_fixed,deadband_mps,1.0,on,15.05,0.97,0.68,-0.145,-0.102,0.099,-0.102,0.022,1.93,1.03
deadband,light_fixed,deadband_mps,1.0,on,15.10,0.94,0.66,-0.140,-0.099,0.099,-0.102,0.023,1.92,1.03
deadband,light_fixed,deadband_mps,1.0,on,15.15,0.90,0.63,-0.135,-0.095,0.099,-0.103,0.023,1.91,1.02
deadband,light_fixed,deadband_mps,1.0,on,15.20,0.87,0.61,-0.130,-0.091,0.098,-0.103,0.024,1.89,1.01
deadband,light_fixed,deadband_mps,1.0,on,15.25,0.83,0.58,-0.124,-0.087,0.098,-0.104,0.024,1.87,1.01
deadband,light_fixed,deadband_mps,1.0,on,15.30,0.79,0.56,-0.119,-0.084,0.098,-0.104,0.024,1.85,1.01
deadband,light_fixed,deadband_mps,1.0,on,15.35,0.76,0.54,-0.113,-0.081,0.097,-0.104,0.025,1.81,1.00
deadband,light_fixed,deadband_mps,1.0,on,15.40,0.72,0.52,-0.108,-0.079,0.097,-0.104,0.025,1.79,1.00
deadband,light_fixed,deadband_mps,1.0,on,15.45,0.69,0.51,-0.104,-0.077,0.095,-0.103,0.026,1.75,1.00
deadband,light_fixed,deadband_mps,1.0,on,15.50,0.66,0.50,-0.099,-0.075,0.094,-0.103,0.026,1.72,1.00
deadband,light_fixed,deadband_mps,1.0,on,15.55,0.63,0.49,-0.094,-0.073,0.093,-0.102,0.026,1.68,1.01
deadband,light_fixed,deadband_mps,1.0,on,15.60,0.61,0.48,-0.091,-0.072,0.092,-0.101,0.026,1.65,1.02
deadband,light_fixed,deadband_mps,1.0,on,15.65,0.58,0.48,-0.087,-0.072,0.090,-0.099,0.027,1.61,1.03
deadband,light_fixed,deadband_mps,1.0,on,15.70,0.56,0.47,-0.084,-0.071,0.090,-0.098,0.027,1.58,1.05
deadband,light_fixed,deadband_mps,1.0,on,15.75,0.54,0.48,-0.081,-0.071,0.089,-0.096,0.027,1.55,1.08
deadband,light_fixed,deadband_mps,1.0,on,15.80,0.53,0.48,-0.079,-0.072,0.088,-0.095,0.027,1.53,1.10
deadband,light_fixed,deadband_mps,1.0,on,15.85,0.51,0.49,-0.077,-0.073,0.088,-0.092,0.026,1.51,1.13
deadband,light_fixed,deadband_mps,1.0,on,15.90,0.51,0.50,-0.076,-0.075,0.088,-0.091,0.026,1.50,1.15
deadband,light_fixed,deadband_mps,1.0,on,15.95,0.50,0.51,-0.075,-0.076,0.088,-0.089,0.025,1.49,1.19
deadband,light_fixed,deadband_mps,1.0,on,16.00,0.50,0.51,-0.075,-0.077,0.122,-0.068,0.019,2.00,1.28
deadband,light_fixed,deadband_mps,1.0,on,16.05,0.50,0.52,-0.076,-0.077,0.122,-0.068,0.019,2.00,1.28
deadband,light_fixed,deadband_mps,1.0,on,16.10,0.51,0.51,-0.077,-0.077,0.124,-0.069,0.019,2.01,1.26
deadband,light_fixed,deadband_mps,1.0,on,16.15,0.52,0.51,-0.078,-0.076,0.125,-0.070,0.020,2.02,1.24
deadband,light_fixed,deadband_mps,1.0,on,16.20,0.53,0.50,-0.079,-0.076,0.128,-0.070,0.021,2.03,1.22
deadband,light_fixed,deadband_mps,1.0,on,16.25,0.53,0.49,-0.080,-0.074,0.130,-0.071,0.022,2.04,1.21
deadband,light_fixed,deadband_mps,1.0,on,16.30,0.54,0.49,-0.082,-0.073,0.133,-0.071,0.024,2.05,1.19
deadband,light_fixed,deadband_mps,1.0,on,16.35,0.55,0.48,-0.083,-0.072,0.134,-0.072,0.025,2.06,1.17
deadband,light_fixed,deadband_mps,1.0,on,16.40,0.57,0.47,-0.085,-0.071,0.138,-0.073,0.027,2.08,1.15
deadband,light_fixed,deadband_mps,1.0,on,16.45,0.58,0.47,-0.087,-0.070,0.139,-0.073,0.029,2.09,1.13
deadband,light_fixed,deadband_mps,1.0,on,16.50,0.60,0.46,-0.090,-0.069,0.142,-0.074,0.031,2.11,1.11
deadband,light_fixed,deadband_mps,1.0,on,16.55,0.62,0.46,-0.093,-0.069,0.144,-0.074,0.032,2.13,1.09
deadband,light_fixed,deadband_mps,1.0,on,16.60,0.65,0.46,-0.097,-0.070,0.147,-0.075,0.035,2.15,1.07
deadband,light_fixed,deadband_mps,1.0,on,16.65,0.67,0.47,-0.101,-0.070,0.148,-0.076,0.036,2.16,1.06
deadband,light_fixed,deadband_mps,1.0,on,16.70,0.70,0.48,-0.106,-0.071,0.150,-0.077,0.038,2.19,1.04
deadband,light_fixed,deadband_mps,1.0,on,16.75,0.74,0.49,-0.111,-0.073,0.151,-0.077,0.039,2.20,1.03
deadband,light_fixed,deadband_mps,1.0,on,16.80,0.77,0.50,-0.115,-0.075,0.153,-0.078,0.040,2.22,1.02
deadband,light_fixed,deadband_mps,1.0,on,16.85,0.80,0.51,-0.120,-0.077,0.154,-0.078,0.041,2.24,1.01
deadband,light_fixed,deadband_mps,1.0,on,16.90,0.83,0.53,-0.124,-0.079,0.154,-0.079,0.042,2.26,1.00
deadband,light_fixed,deadband_mps,1.0,on,16.95,0.85,0.54,-0.128,-0.081,0.155,-0.080,0.042,2.28,1.00
deadband,light_fixed,deadband_mps,1.0,on,17.00,0.85,0.55,-0.127,-0.082,0.111,-0.104,0.020,1.70,0.97
deadband,light_fixed,deadband_mps,1.0,on,17.05,0.82,0.54,-0.122,-0.081,0.111,-0.104,0.020,1.70,0.97
deadband,light_fixed,deadband_mps,1.0,on,17.10,0.77,0.52,-0.115,-0.078,0.109,-0.105,0.021,1.66,0.97
deadband,light_fixed,deadband_mps,1.0,on,17.15,0.71,0.50,-0.106,-0.075,0.104,-0.106,0.023,1.63,0.97
deadband,light_fixed,deadband_mps,1.0,on,17.20,0.65,0.48,-0.097,-0.072,0.102,-0.107,0.025,1.59,0.97
deadband,light_fixed,deadband_mps,1.0,on,17.25,0.59,0.45,-0.089,-0.068,0.098,-0.108,0.028,1.54,0.97
deadband,light_fixed,deadband_mps,1.0,on,17.30,0.53,0.43,-0.080,-0.065,0.096,-0.108,0.029,1.49,0.97
deadband,light_fixed,deadband_mps,1.0,on,17.35,0.48,0.41,-0.072,-0.061,0.092,-0.109,0.032,1.44,0.98
deadband,light_fixed,deadband_mps,1.0,on,17.40,0.44,0.40,-0.066,-0.059,0.091,-0.109,0.033,1.39,0.98
deadband,light_fixed,deadband_mps,1.0,on,17.45,0.42,0.39,-0.063,-0.059,0.087,-0.109,0.035,1.33,0.98
deadband,light_fixed,deadband_mps,1.0,on,17.50,0.40,0.39,-0.060,-0.059,0.086,-0.109,0.036,1.28,0.99
deadband,light_fixed,deadband_mps,1.0,on,17.55,0.40,0.40,-0.060,-0.061,0.084,-0.108,0.037,1.24,1.00
deadband,light_fixed,deadband_mps,1.0,on,17.60,0.41,0.42,-0.061,-0.063,0.084,-0.108,0.038,1.20,1.01
deadband,light_fixed,deadband_mps,1.0,on,17.65,0.42,0.44,-0.063,-0.066,0.082,-0.107,0.038,1.19,1.02
deadband,light_fixed,deadband_mps,1.0,on,17.70,0.44,0.47,-0.066,-0.071,0.082,-0.107,0.038,1.18,1.04
deadband,light_fixed,deadband_mps,1.0,on,17.75,0.46,0.50,-0.070,-0.075,0.082,-0.106,0.038,1.19,1.06
deadband,light_fixed,deadband_mps,1.0,on,17.80,0.50,0.54,-0.074,-0.080,0.082,-0.106,0.037,1.22,1.08
deadband,light_fixed,deadband_mps,1.0,on,17.85,0.53,0.57,-0.079,-0.085,0.083,-0.105,0.036,1.26,1.10
deadband,light_fixed,deadband_mps,1.0,on,17.90,0.57,0.60,-0.085,-0.091,0.084,-0.105,0.036,1.31,1.13
deadband,light_fixed,deadband_mps,1.0,on,17.95,0.61,0.63,-0.092,-0.095,0.086,-0.104,0.034,1.36,1.15
deadband,light_fixed,deadband_mps,1.5,on,0.00,0.00,0.00,0.000,0.000,0.054,-0.118,0.034,0.30,0.58
deadband,light_fixed,deadband_mps,1.5,on,0.05,0.00,0.00,0.000,0.000,0.054,-0.118,0.034,0.30,0.58
deadband,light_fixed,deadband_mps,1.5,on,0.10,0.00,0.00,0.000,0.000,0.052,-0.121,0.036,0.28,0.56
deadband,light_fixed,deadband_mps,1.5,on,0.15,0.00,0.00,0.000,0.000,0.052,-0.123,0.037,0.27,0.53
deadband,light_fixed,deadband_mps,1.5,on,0.20,0.00,0.00,0.000,0.000,0.052,-0.126,0.038,0.26,0.50
deadband,light_fixed,deadband_mps,1.5,on,0.25,0.00,0.00,0.000,0.000,0.052,-0.128,0.039,0.25,0.47
deadband,light_fixed,deadband_mps,1.5,on,0.30,0.00,0.00,0.000,0.000,0.052,-0.131,0.041,0.25,0.45
deadband,light_fixed,deadband_mps,1.5,on,0.35,0.00,0.00,0.000,0.000,0.052,-0.133,0.041,0.25,0.41
deadband,light_fixed,deadband_mps,1.5,on,0.40,0.00,0.00,0.000,0.000,0.053,-0.136,0.042,0.25,0.39
deadband,light_fixed,deadband_mps,1.5,on,0.45,0.00,0.00,0.000,0.000,0.053,-0.138,0.043,0.26,0.36
deadband,light_fixed,deadband_mps,1.5,on,0.50,0.00,0.00,0.000,0.000,0.054,-0.140,0.044,0.27,0.33
deadband,light_fixed,deadband_mps,1.5,on,0.55,0.00,0.00,0.000,0.000,0.055,-0.141,0.045,0.29,0.30
deadband,light_fixed,deadband_mps,1.5,on,0.60,0.00,0.00,0.000,0.000,0.056,-0.144,0.046,0.30,0.28
deadband,light_fixed,deadband_mps,1.5,on,0.65,0.00,0.00,0.000,0.000,0.056,-0.145,0.046,0.31,0.26
deadband,light_fixed,deadband_mps,1.5,on,0.70,0.00,0.00,0.000,0.000,0.057,-0.147,0.047,0.33,0.25
deadband,light_fixed,deadband_mps,1.5,on,0.75,0.00,0.00,0.000,0.000,0.058,-0.148,0.048,0.34,0.24
deadband,light_fixed,deadband_mps,1.5,on,0.80,0.00,0.00,0.000,0.000,0.059,-0.150,0.049,0.35,0.23
deadband,light_fixed,deadband_mps,1.5,on,0.85,0.00,0.00,0.000,0.000,0.060,-0.151,0.049,0.36,0.22
deadband,light_fixed,deadband_mps,1.5,on,0.90,0.00,0.00,0.000,0.000,0.061,-0.153,0.050,0.38,0.21
deadband,light_fixed,deadband_mps,1.5,on,0.95,0.00,0.00,-0.000,-0.000,0.062,-0.154,0.050,0.39,0.20
deadband,light_fixed,deadband_mps,1.5,on,1.00,0.00,0.00,-0.000,-0.000,0.080,-0.134,0.025,0.53,0.53
deadband,light_fixed,deadband_mps,1.5,on,1.05,0.00,0.00,-0.000,-0.000,0.080,-0.134,0.025,0.53,0.53
deadband,light_fixed,deadband_mps,1.5,on,1.10,0.00,0.00,-0.000,-0.000,0.081,-0.132,0.023,0.53,0.53
deadband,light_fixed,deadband_mps,1.5,on,1.15,0.00,0.00,-0.000,-0.000,0.081,-0.132,0.022,0.53,0.54
deadband,light_fixed,deadband_mps,1.5,on,1.20,0.00,0.00,-0.000,-0.000,0.082,-0.130,0.021,0.52,0.54
deadband,light_fixed,deadband_mps,1.5,on,1.25,0.00,0.00,-0.000,-0.000,0.082,-0.130,0.020,0.52,0.53
deadband,light_fixed,deadband_mps,1.5,on,1.30,0.00,0.00,-0.000,-0.000,0.083,-0.129,0.019,0.51,0.53
deadband,light_fixed,deadband_mps,1.5,on,1.35,0.00,0.00,-0.000,-0.000,0.083,-0.128,0.018,0.50,0.53
deadband,light_fixed,deadband_mps,1.5,on,1.40,0.00,0.00,-0.000,-0.000,0.084,-0.127,0.017,0.50,0.54
deadband,light_fixed,deadband_mps,1.5,on,1.45,0.00,0.00,-0.000,-0.000,0.085,-0.127,0.016,0.51,0.54
deadband,light_fixed,deadband_mps,1.5,on,1.50,0.00,0.00,-0.000,-0.000,0.087,-0.126,0.015,0.52,0.56
deadband,light_fixed,deadband_mps,1.5,on,1.55,0.00,0.00,-0.000,-0.000,0.088,-0.125,0.015,0.53,0.57
deadband,light_fixed,deadband_mps,1.5,on,1.60,0.00,0.00,-0.000,-0.000,0.090,-0.125,0.015,0.56,0.58
deadband,light_fixed,deadband_mps,1.5,on,1.65,0.00,0.00,-0.000,-0.000,0.092,-0.124,0.015,0.58,0.59
deadband,light_fixed,deadband_mps,1.5,on,1.70,0.00,0.00,-0.000,-0.000,0.095,-0.123,0.015,0.62,0.61
deadband,light_fixed,deadband_mps,1.5,on,1.75,0.00,0.00,-0.000,-0.000,0.097,-0.122,0.016,0.65,0.62
deadband,light_fixed,deadband_mps,1.5,on,1.80,0.00,0.00,-0.000,-0.000,0.101,-0.120,0.017,0.71,0.65
deadband,light_fixed,deadband_mps,1.5,on,1.85,0.00,0.00,-0.000,-0.000,0.103,-0.119,0.019,0.75,0.66
deadband,light_fixed,deadband_mps,1.5,on,1.90,0.00,0.00,-0.000,-0.000,0.108,-0.116,0.022,0.82,0.69
deadband,light_fixed,deadband_mps,1.5,on,1.95,0.04,0.03,-0.005,-0.005,0.110,-0.114,0.023,0.88,0.72
deadband,light_fixed,deadband_mps,1.5,on,2.00,0.07,0.06,-0.011,-0.010,0.154,-0.041,0.097,1.81,1.49
deadband,light_fixed,deadband_mps,1.5,on,2.05,0.11,0.09,-0.016,-0.014,0.154,-0.041,0.097,1.81,1.49
deadband,light_fixed,deadband_mps,1.5,on,2.10,0.14,0.12,-0.021,-0.018,0.155,-0.040,0.098,1.82,1.50
deadband,light_fixed,deadband_mps,1.5,on,2.15,0.17,0.14,-0.026,-0.021,0.155,-0.038,0.100,1.82,1.51
deadband,light_fixed,deadband_mps,1.5,on,2.20,0.21,0.16,-0.031,-0.025,0.156,-0.037,0.101,1.83,1.52
deadband,light_fixed,deadband_mps,1.5,on,2.25,0.24,0.19,-0.036,-0.028,0.156,-0.036,0.102,1.85,1.54
deadband,light_fixed,deadband_mps,1.5,on,2.30,0.28,0.21,-0.042,-0.031,0.157,-0.035,0.103,1.87,1.54
deadband,light_fixed,deadband_mps,1.5,on,2.35,0.31,0.23,-0.047,-0.034,0.157,-0.035,0.104,1.90,1.55
deadband,light_fixed,deadband_mps,1.5,on,2.40,0.35,0.25,-0.053,-0.038,0.158,-0.035,0.104,1.92,1.55
deadband,light_fixed,deadband_mps,1.5,on,2.45,0.39,0.27,-0.058,-0.041,0.159,-0.035,0.104,1.96,1.54
deadband,light_fixed,deadband_mps,1.5,on,2.50,0.42,0.29,-0.063,-0.043,0.160,-0.035,0.105,1.99,1.54
deadband,light_fixed,deadband_mps,1.5,on,2.55,0.45,0.30,-0.067,-0.045,0.161,-0.036,0.105,2.03,1.53
deadband,light_fixed,deadband_mps,1.5,on,2.60,0.46,0.31,-0.069,-0.046,0.162,-0.036,0.106,2.05,1.51
deadband,light_fixed,deadband_mps,1.5,on,2.65,0.47,0.30,-0.070,-0.046,0.163,-0.036,0.107,2.09,1.50
deadband,light_fixed,deadband_mps,1.5,on,2.70,0.47,0.30,-0.070,-0.045,0.164,-0.037,0.107,2.12,1.48
deadband,light_fixed,deadband_mps,1.5,on,2.75,0.46,0.29,-0.068,-0.043,0.166,-0.038,0.107,2.15,1.46
deadband,light_fixed,deadband_mps,1.5,on,2.80,0.43,0.27,-0.065,-0.041,0.167,-0.038,0.108,2.17,1.44
deadband,light_fixed,deadband_mps,1.5,on,2.85,0.40,0.25,-0.060,-0.038,0.168,-0.040,0.108,2.19,1.42
deadband,light_fixed,deadband_mps,1.5,on,2.90,0.36,0.23,-0.054,-0.034,0.169,-0.040,0.108,2.20,1.40
deadband,light_fixed,deadband_mps,1.5,on,2.95,0.31,0.20,-0.047,-0.030,0.170,-0.042,0.108,2.20,1.36
deadband,light_fixed,deadband_mps,1.5,on,3.00,0.25,0.17,-0.038,-0.025,0.179,-0.096,0.093,2.01,0.81
deadband,light_fixed,deadband_mps,1.5,on,3.05,0.19,0.13,-0.029,-0.019,0.179,-0.096,0.093,2.01,0.81
deadband,light_fixed,deadband_mps,1.5,on,3.10,0.14,0.09,-0.020,-0.014,0.179,-0.097,0.093,2.03,0.80
deadband,light_fixed,deadband_mps,1.5,on,3.15,0.08,0.06,-0.012,-0.009,0.179,-0.098,0.093,2.04,0.81
deadband,light_fixed,deadband_mps,1.5,on,3.20,0.03,0.02,-0.004,-0.003,0.179,-0.099,0.093,2.04,0.81
deadband,light_fixed,deadband_mps,1.5,on,3.25,0.00,0.00,-0.000,-0.000,0.178,-0.099,0.092,2.03,0.81
deadband,light_fixed,deadband_mps,1.5,on,3.30,0.00,0.00,-0.000,-0.000,0.178,-0.099,0.092,2.00,0.81
deadband,light_fixed,deadband_mps,1.5,on,3.35,0.00,0.00,-0.000,-0.000,0.177,-0.099,0.091,1.96,0.82
deadband,light_fixed,deadband_mps,1.5,on,3.40,0.00,0.00,-0.000,-0.000,0.176,-0.099,0.090,1.92,0.82
deadband,light_fixed,deadband_mps,1.5,on,3.45,0.00,0.00,-0.000,-0.000,0.174,-0.099,0.088,1.88,0.83
deadband,light_fixed,deadband_mps,1.5,on,3.50,0.00,0.00,-0.000,-0.000,0.173,-0.099,0.088,1.84,0.84
deadband,light_fixed,deadband_mps,1.5,on,3.55,0.00,0.00,-0.000,-0.000,0.172,-0.098,0.086,1.82,0.86
deadband,light_fixed,deadband_mps,1.5,on,3.60,0.00,0.00,-0.000,-0.000,0.171,-0.098,0.085,1.80,0.89
deadband,light_fixed,deadband_mps,1.5,on,3.65,0.00,0.00,-0.000,-0.000,0.169,-0.097,0.083,1.79,0.91
deadband,light_fixed,deadband_mps,1.5,on,3.70,0.02,0.02,-0.003,-0.003,0.167,-0.096,0.082,1.78,0.94
deadband,light_fixed,deadband_mps,1.5,on,3.75,0.05,0.05,-0.008,-0.008,0.165,-0.095,0.080,1.78,0.97
deadband,light_fixed,deadband_mps,1.5,on,3.80,0.09,0.08,-0.013,-0.012,0.164,-0.095,0.078,1.78,0.99
deadband,light_fixed,deadband_mps,1.5,on,3.85,0.12,0.11,-0.018,-0.017,0.161,-0.095,0.076,1.78,1.02
deadband,light_fixed,deadband_mps,1.5,on,3.90,0.16,0.15,-0.023,-0.022,0.159,-0.094,0.074,1.78,1.05
deadband,light_fixed,deadband_mps,1.5,on,3.95,0.19,0.18,-0.028,-0.026,0.155,-0.094,0.071,1.79,1.08
deadband,light_fixed,deadband_mps,1.5,on,4.00,0.22,0.20,-0.032,-0.030,0.114,-0.110,0.027,1.69,1.08
deadband,light_fixed,deadband_mps,1.5,on,4.05,0.24,0.22,-0.036,-0.032,0.114,-0.110,0.027,1.69,1.08
deadband,light_fixed,deadband_mps,1.5,on,4.10,0.26,0.23,-0.039,-0.034,0.113,-0.110,0.027,1.71,1.07
deadband,light_fixed,deadband_mps,1.5,on,4.15,0.28,0.24,-0.042,-0.036,0.112,-0.110,0.026,1.72,1.06
deadband,light_fixed,deadband_mps,1.5,on,4.20,0.29,0.25,-0.044,-0.037,0.111,-0.111,0.025,1.73,1.06
deadband,light_fixed,deadband_mps,1.5,on,4.25,0.30,0.25,-0.045,-0.037,0.110,-0.111,0.023,1.75,1.06
deadband,light_fixed,deadband_mps,1.5,on,4.30,0.30,0.25,-0.045,-0.037,0.109,-0.110,0.022,1.76,1.07
deadband,light_fixed,deadband_mps,1.5,on,4.35,0.31,0.25,-0.046,-0.037,0.107,-0.110,0.021,1.78,1.08
deadband,light_fixed,deadband_mps,1.5,on,4.40,0.30,0.24,-0.046,-0.036,0.107,-0.110,0.020,1.80,1.09
deadband,light_fixed,deadband_mps,1.5,on,4.45,0.30,0.24,-0.045,-0.036,0.105,-0.109,0.018,1.80,1.10
deadband,light_fixed,deadband_mps,1.5,on,4.50,0.29,0.23,-0.044,-0.035,0.104,-0.108,0.017,1.81,1.12
deadband,light_fixed,deadband_mps,1.5,on,4.55,0.29,0.23,-0.043,-0.034,0.102,-0.108,0.015,1.81,1.14
deadband,light_fixed,deadband_mps,1.5,on,4.60,0.28,0.22,-0.042,-0.033,0.101,-0.107,0.014,1.81,1.15
deadband,light_fixed,deadband_mps,1.5,on,4.65,0.27,0.21,-0.040,-0.032,0.099,-0.106,0.013,1.80,1.17
deadband,light_fixed,deadband_mps,1.5,on,4.70,0.26,0.21,-0.038,-0.031,0.098,-0.105,0.012,1.79,1.18
deadband,light_fixed,deadband_mps,1.5,on,4.75,0.24,0.20,-0.037,-0.030,0.096,-0.104,0.011,1.78,1.19
deadband,light_fixed,deadband_mps,1.5,on,4.80,0.23,0.19,-0.035,-0.029,0.096,-0.104,0.011,1.77,1.21
deadband,light_fixed,deadband_mps,1.5,on,4.85,0.22,0.18,-0.033,-0.027,0.094,-0.102,0.011,1.76,1.22
deadband,light_fixed,deadband_mps,1.5,on,4.90,0.20,0.17,-0.030,-0.026,0.094,-0.101,0.011,1.75,1.23
deadband,light_fixed,deadband_mps,1.5,on,4.95,0.19,0.16,-0.028,-0.024,0.093,-0.100,0.012,1.74,1.23
deadband,light_fixed,deadband_mps,1.5,on,5.00,0.17,0.15,-0.026,-0.023,0.105,-0.090,0.028,1.92,1.19
deadband,light_fixed,deadband_mps,1.5,on,5.05,0.16,0.14,-0.023,-0.021,0.105,-0.090,0.028,1.92,1.19
deadband,light_fixed,deadband_mps,1.5,on,5.10,0.14,0.13,-0.021,-0.019,0.106,-0.088,0.029,1.93,1.19
deadband,light_fixed,deadband_mps,1.5,on,5.15,0.13,0.11,-0.019,-0.017,0.106,-0.087,0.030,1.94,1.19
deadband,light_fixed,deadband_mps,1.5,on,5.20,0.11,0.10,-0.017,-0.015,0.106,-0.085,0.032,1.94,1.20
deadband,light_fixed,deadband_mps,1.5,on,5.25,0.10,0.09,-0.014,-0.013,0.107,-0.084,0.033,1.94,1.20
deadband,light_fixed,deadband_mps,1.5,on,5.30,0.08,0.07,-0.012,-0.011,0.107,-0.082,0.035,1.94,1.21
deadband,light_fixed,deadband_mps,1.5,on,5.35,0.07,0.06,-0.010,-0.009,0.107,-0.081,0.036,1.93,1.22
deadband,light_fixed,deadband_mps,1.5,on,5.40,0.06,0.05,-0.009,-0.008,0.107,-0.079,0.038,1.92,1.23
deadband,light_fixed,deadband_mps,1.5,on,5.45,0.05,0.04,-0.007,-0.007,0.107,-0.078,0.038,1.92,1.24
deadband,light_fixed,deadband_mps,1.5,on,5.50,0.04,0.04,-0.007,-0.006,0.107,-0.076,0.040,1.90,1.25
deadband,light_fixed,deadband_mps,1.5,on,5.55,0.04,0.04,-0.006,-0.006,0.106,-0.075,0.040,1.89,1.27
deadband,light_fixed,deadband_mps,1.5,on,5.60,0.04,0.04,-0.006,-0.006,0.106,-0.074,0.041,1.88,1.28
deadband,light_fixed,deadband_mps,1.5,on,5.65,0.04,0.04,-0.007,-0.006,0.105,-0.074,0.041,1.87,1.29
deadband,light_fixed,deadband_mps,1.5,on,5.70,0.05,0.04,-0.007,-0.007,0.105,-0.072,0.042,1.86,1.30
deadband,light_fixed,deadband_mps,1.5,on,5.75,0.05,0.05,-0.008,-0.007,0.104,-0.072,0.042,1.85,1.30
deadband,light_fixed,deadband_mps,1.5,on,5.80,0.06,0.05,-0.009,-0.008,0.103,-0.071,0.043,1.84,1.31
deadband,light_fixed,deadband_mps,1.5,on,5.85,0.07,0.06,-0.010,-0.009,0.103,-0.070,0.043,1.84,1.32
deadband,light_fixed,deadband_mps,1.5,on,5.90,0.08,0.07,-0.012,-0.011,0.102,-0.069,0.045,1.84,1.33
deadband,light_fixed,deadband_mps,1.5,on,5.95,0.09,0.08,-0.013,-0.012,0.101,-0.068,0.045,1.83,1.34
deadband,light_fixed,deadband_mps,1.5,on,6.00,0.09,0.09,-0.014,-0.013,0.108,-0.074,0.042,1.94,1.24
deadband,light_fixed,deadband_mps,1.5,on,6.05,0.09,0.08,-0.014,-0.013,0.108,-0.074,0.042,1.94,1.24
deadband,light_fixed,deadband_mps,1.5,on,6.10,0.09,0.08,-0.014,-0.012,0.110,-0.077,0.041,1.96,1.21
deadband,light_fixed,deadband_mps,1.5,on,6.15,0.09,0.08,-0.014,-0.012,0.112,-0.080,0.040,1.97,1.19
deadband,light_fixed,deadband_mps,1.5,on,6.20,0.09,0.08,-0.014,-0.011,0.113,-0.081,0.040,1.98,1.16
deadband,light_fixed,deadband_mps,1.5,on,6.25,0.09,0.07,-0.014,-0.011,0.114,-0.083,0.039,2.00,1.14
deadband,light_fixed,deadband_mps,1.5,on,6.30,0.09,0.07,-0.014,-0.011,0.115,-0.084,0.038,2.01,1.11
deadband,light_fixed,deadband_mps,1.5,on,6.35,0.10,0.07,-0.015,-0.011,0.116,-0.087,0.037,2.01,1.09
deadband,light_fixed,deadband_mps,1.5,on,6.40,0.11,0.08,-0.016,-0.011,0.116,-0.088,0.037,2.02,1.08
deadband,light_fixed,deadband_mps,1.5,on,6.45,0.11,0.08,-0.017,-0.012,0.116,-0.091,0.035,2.02,1.06
deadband,light_fixed,deadband_mps,1.5,on,6.50,0.12,0.08,-0.018,-0.012,0.116,-0.092,0.035,2.01,1.04
deadband,light_fixed,deadband_mps,1.5,on,6.55,0.13,0.08,-0.019,-0.012,0.117,-0.094,0.034,2.01,1.03
deadband,light_fixed,deadband_mps,1.5,on,6.60,0.14,0.09,-0.021,-0.013,0.117,-0.095,0.034,2.00,1.02
deadband,light_fixed,deadband_mps,1.5,on,6.65,0.15,0.09,-0.022,-0.014,0.117,-0.097,0.033,2.00,1.00
deadband,light_fixed,deadband_mps,1.5,on,6.70,0.16,0.10,-0.024,-0.015,0.117,-0.098,0.033,1.99,1.00
deadband,light_fixed,deadband_mps,1.5,on,6.75,0.17,0.10,-0.026,-0.016,0.118,-0.100,0.033,1.99,0.99
deadband,light_fixed,deadband_mps,1.5,on,6.80,0.19,0.11,-0.028,-0.017,0.118,-0.101,0.033,1.98,0.99
deadband,light_fixed,deadband_mps,1.5,on,6.85,0.20,0.12,-0.030,-0.018,0.118,-0.102,0.033,1.98,0.98
deadband,light_fixed,deadband_mps,1.5,on,6.90,0.22,0.13,-0.032,-0.019,0.118,-0.103,0.032,1.98,0.98
deadband,light_fixed,deadband_mps,1.5,on,6.95,0.23,0.14,-0.035,-0.021,0.118,-0.104,0.032,1.99,0.98
deadband,light_fixed,deadband_mps,1.5,on,7.00,0.23,0.14,-0.035,-0.022,0.083,-0.133,0.023,1.62,0.97
deadband,light_fixed,deadband_mps,1.5,on,7.05,0.23,0.15,-0.035,-0.022,0.083,-0.133,0.023,1.62,0.97
deadband,light_fixed,deadband_mps,1.5,on,7.10,0.22,0.15,-0.034,-0.023,0.081,-0.134,0.024,1.61,0.96
deadband,light_fixed,deadband_mps,1.5,on,7.15,0.22,0.15,-0.032,-0.023,0.081,-0.134,0.024,1.61,0.96
deadband,light_fixed,deadband_mps,1.5,on,7.20,0.21,0.15,-0.031,-0.023,0.079,-0.134,0.025,1.60,0.96
deadband,light_fixed,deadband_mps,1.5,on,7.25,0.20,0.15,-0.029,-0.023,0.079,-0.134,0.025,1.60,0.97
deadband,light_fixed,deadband_mps,1.5,on,7.30,0.19,0.15,-0.028,-0.023,0.078,-0.133,0.024,1.60,0.97
deadband,light_fixed,deadband_mps,1.5,on,7.35,0.18,0.15,-0.027,-0.023,0.077,-0.132,0.024,1.61,0.99
deadband,light_fixed,deadband_mps,1.5,on,7.40,0.17,0.16,-0.026,-0.024,0.077,-0.131,0.023,1.61,1.00
deadband,light_fixed,deadband_mps,1.5,on,7.45,0.17,0.16,-0.026,-0.025,0.077,-0.130,0.022,1.62,1.03
deadband,light_fixed,deadband_mps,1.5,on,7.50,0.17,0.17,-0.026,-0.026,0.076,-0.128,0.020,1.62,1.05
deadband,light_fixed,deadband_mps,1.5,on,7.55,0.17,0.18,-0.026,-0.027,0.076,-0.127,0.019,1.63,1.08
deadband,light_fixed,deadband_mps,1.5,on,7.60,0.17,0.18,-0.026,-0.028,0.076,-0.125,0.018,1.64,1.11
deadband,light_fixed,deadband_mps,1.5,on,7.65,0.18,0.19,-0.026,-0.029,0.076,-0.124,0.017,1.65,1.14
deadband,light_fixed,deadband_mps,1.5,on,7.70,0.18,0.20,-0.027,-0.030,0.076,-0.121,0.015,1.67,1.16
deadband,light_fixed,deadband_mps,1.5,on,7.75,0.19,0.21,-0.029,-0.032,0.076,-0.120,0.014,1.68,1.19
deadband,light_fixed,deadband_mps,1.5,on,7.80,0.20,0.23,-0.030,-0.034,0.076,-0.118,0.013,1.70,1.22
deadband,light_fixed,deadband_mps,1.5,on,7.85,0.22,0.24,-0.032,-0.036,0.077,-0.117,0.012,1.72,1.24
deadband,light_fixed,deadband_mps,1.5,on,7.90,0.23,0.25,-0.034,-0.037,0.077,-0.115,0.011,1.73,1.26
deadband,light_fixed,deadband_mps,1.5,on,7.95,0.24,0.26,-0.036,-0.038,0.077,-0.114,0.011,1.76,1.28
deadband,light_fixed,deadband_mps,1.5,on,8.00,0.24,0.25,-0.037,-0.038,0.072,-0.107,0.015,1.77,1.24
deadband,light_fixed,deadband_mps,1.5,on,8.05,0.24,0.24,-0.036,-0.036,0.072,-0.107,0.015,1.77,1.24
deadband,light_fixed,deadband_mps,1.5,on,8.10,0.23,0.23,-0.035,-0.034,0.073,-0.107,0.014,1.79,1.23
deadband,light_fixed,deadband_mps,1.5,on,8.15,0.23,0.22,-0.034,-0.032,0.074,-0.108,0.013,1.81,1.22
deadband,light_fixed,deadband_mps,1.5,on,8.20,0.22,0.20,-0.033,-0.031,0.074,-0.108,0.013,1.82,1.21
deadband,light_fixed,deadband_mps,1.5,on,8.25,0.21,0.19,-0.032,-0.028,0.075,-0.108,0.012,1.83,1.20
deadband,light_fixed,deadband_mps,1.5,on,8.30,0.20,0.18,-0.031,-0.027,0.076,-0.108,0.011,1.84,1.18
deadband,light_fixed,deadband_mps,1.5,on,8.35,0.20,0.17,-0.030,-0.025,0.076,-0.108,0.011,1.84,1.17
deadband,light_fixed,deadband_mps,1.5,on,8.40,0.20,0.16,-0.029,-0.024,0.077,-0.108,0.010,1.84,1.16
deadband,light_fixed,deadband_mps,1.5,on,8.45,0.20,0.16,-0.029,-0.023,0.077,-0.108,0.010,1.84,1.15
deadband,light_fixed,deadband_mps,1.5,on,8.50,0.20,0.15,-0.030,-0.023,0.078,-0.108,0.009,1.83,1.14
deadband,light_fixed,deadband_mps,1.5,on,8.55,0.20,0.16,-0.030,-0.023,0.078,-0.108,0.009,1.83,1.13
deadband,light_fixed,deadband_mps,1.5,on,8.60,0.21,0.16,-0.032,-0.024,0.079,-0.108,0.008,1.83,1.13
deadband,light_fixed,deadband_mps,1.5,on,8.65,0.22,0.16,-0.033,-0.025,0.080,-0.107,0.007,1.83,1.12
deadband,light_fixed,deadband_mps,1.5,on,8.70,0.24,0.17,-0.036,-0.026,0.081,-0.107,0.006,1.83,1.12
deadband,light_fixed,deadband_mps,1.5,on,8.75,0.26,0.19,-0.039,-0.028,0.082,-0.107,0.006,1.83,1.13
deadband,light_fixed,deadband_mps,1.5,on,8.80,0.28,0.20,-0.042,-0.030,0.083,-0.107,0.005,1.84,1.13
deadband,light_fixed,deadband_mps,1.5,on,8.85,0.30,0.22,-0.045,-0.033,0.083,-0.107,0.005,1.86,1.13
deadband,light_fixed,deadband_mps,1.5,on,8.90,0.33,0.24,-0.049,-0.036,0.084,-0.106,0.005,1.88,1.14
deadband,light_fixed,deadband_mps,1.5,on,8.95,0.35,0.26,-0.053,-0.039,0.085,-0.106,0.005,1.89,1.15
deadband,light_fixed,deadband_mps,1.5,on,9.00,0.37,0.27,-0.055,-0.041,0.072,-0.108,0.015,1.77,1.18
deadband,light_fixed,deadband_mps,1.5,on,9.05,0.37,0.27,-0.055,-0.041,0.072,-0.108,0.015,1.77,1.18
deadband,light_fixed,deadband_mps,1.5,on,9.10,0.36,0.27,-0.054,-0.041,0.072,-0.108,0.015,1.77,1.18
deadband,light_fixed,deadband_mps,1.5,on,9.15,0.35,0.27,-0.052,-0.040,0.071,-0.107,0.016,1.77,1.18
deadband,light_fixed,deadband_mps,1.5,on,9.20,0.34,0.26,-0.051,-0.039,0.071,-0.107,0.016,1.77,1.18
deadband,light_fixed,deadband_mps,1.5,on,9.25,0.33,0.26,-0.049,-0.038,0.071,-0.107,0.016,1.77,1.19
deadband,light_fixed,deadband_mps,1.5,on,9.30,0.32,0.25,-0.048,-0.038,0.071,-0.106,0.016,1.78,1.19
deadband,light_fixed,deadband_mps,1.5,on,9.35,0.31,0.25,-0.046,-0.037,0.071,-0.106,0.016,1.78,1.20
deadband,light_fixed,deadband_mps,1.5,on,9.40,0.30,0.24,-0.045,-0.036,0.071,-0.106,0.016,1.79,1.21
deadband,light_fixed,deadband_mps,1.5,on,9.45,0.29,0.24,-0.044,-0.036,0.071,-0.106,0.016,1.79,1.21
deadband,light_fixed,deadband_mps,1.5,on,9.50,0.28,0.23,-0.042,-0.035,0.071,-0.105,0.017,1.79,1.22
deadband,light_fixed,deadband_mps,1.5,on,9.55,0.27,0.23,-0.041,-0.034,0.071,-0.105,0.017,1.79,1.22
deadband,light_fixed,deadband_mps,1.5,on,9.60,0.27,0.22,-0.040,-0.033,0.070,-0.105,0.017,1.79,1.22
deadband,light_fixed,deadband_mps,1.5,on,9.65,0.26,0.22,-0.039,-0.033,0.070,-0.105,0.018,1.78,1.23
deadband,light_fixed,deadband_mps,1.5,on,9.70,0.25,0.21,-0.037,-0.032,0.069,-0.106,0.018,1.77,1.23
deadband,light_fixed,deadband_mps,1.5,on,9.75,0.24,0.20,-0.036,-0.031,0.069,-0.107,0.018,1.76,1.22
deadband,light_fixed,deadband_mps,1.5,on,9.80,0.23,0.20,-0.034,-0.030,0.068,-0.107,0.019,1.75,1.22
deadband,light_fixed,deadband_mps,1.5,on,9.85,0.22,0.19,-0.032,-0.028,0.068,-0.108,0.019,1.74,1.21
deadband,light_fixed,deadband_mps,1.5,on,9.90,0.20,0.18,-0.031,-0.027,0.067,-0.109,0.020,1.72,1.20
deadband,light_fixed,deadband_mps,1.5,on,9.95,0.19,0.17,-0.029,-0.026,0.067,-0.110,0.020,1.71,1.19
deadband,light_fixed,deadband_mps,1.5,on,10.00,0.20,0.18,-0.030,-0.027,0.087,-0.115,0.004,1.91,1.11
deadband,light_fixed,deadband_mps,1.5,on,10.05,0.22,0.20,-0.033,-0.029,0.087,-0.115,0.004,1.91,1.11
deadband,light_fixed,deadband_mps,1.5,on,10.10,0.25,0.22,-0.038,-0.034,0.089,-0.113,0.003,1.93,1.13
deadband,light_fixed,deadband_mps,1.5,on,10.15,0.29,0.26,-0.043,-0.038,0.090,-0.112,0.003,1.94,1.15
deadband,light_fixed,deadband_mps,1.5,on,10.20,0.32,0.29,-0.048,-0.043,0.091,-0.111,0.005,1.95,1.18
deadband,light_fixed,deadband_mps,1.5,on,10.25,0.36,0.32,-0.054,-0.048,0.092,-0.110,0.005,1.96,1.20
deadband,light_fixed,deadband_mps,1.5,on,10.30,0.40,0.35,-0.059,-0.052,0.094,-0.109,0.007,1.98,1.22
deadband,light_fixed,deadband_mps,1.5,on,10.35,0.43,0.37,-0.064,-0.056,0.095,-0.109,0.008,2.00,1.24
deadband,light_fixed,deadband_mps,1.5,on,10.40,0.45,0.39,-0.068,-0.059,0.097,-0.109,0.010,2.03,1.26
deadband,light_fixed,deadband_mps,1.5,on,10.45,0.47,0.41,-0.071,-0.061,0.098,-0.109,0.011,2.06,1.28
deadband,light_fixed,deadband_mps,1.5,on,10.50,0.49,0.42,-0.074,-0.063,0.100,-0.110,0.013,2.09,1.28
deadband,light_fixed,deadband_mps,1.5,on,10.55,0.50,0.42,-0.075,-0.064,0.101,-0.110,0.014,2.12,1.29
deadband,light_fixed,deadband_mps,1.5,on,10.60,0.50,0.42,-0.075,-0.064,0.102,-0.110,0.016,2.15,1.29
deadband,light_fixed,deadband_mps,1.5,on,10.65,0.50,0.42,-0.074,-0.063,0.103,-0.111,0.016,2.17,1.29
deadband,light_fixed,deadband_mps,1.5,on,10.70,0.49,0.41,-0.073,-0.062,0.104,-0.111,0.017,2.19,1.28
deadband,light_fixed,deadband_mps,1.5,on,10.75,0.48,0.40,-0.071,-0.060,0.104,-0.112,0.018,2.21,1.27
deadband,light_fixed,deadband_mps,1.5,on,10.80,0.46,0.38,-0.069,-0.057,0.105,-0.113,0.018,2.21,1.26
deadband,light_fixed,deadband_mps,1.5,on,10.85,0.44,0.36,-0.065,-0.054,0.105,-0.114,0.018,2.21,1.24
deadband,light_fixed,deadband_mps,1.5,on,10.90,0.41,0.34,-0.062,-0.051,0.104,-0.115,0.018,2.19,1.22
deadband,light_fixed,deadband_mps,1.5,on,10.95,0.38,0.32,-0.057,-0.047,0.104,-0.116,0.018,2.17,1.20
deadband,light_fixed,deadband_mps,1.5,on,11.00,0.35,0.29,-0.052,-0.044,0.089,-0.134,0.024,1.79,0.99
deadband,light_fixed,deadband_mps,1.5,on,11.05,0.32,0.27,-0.047,-0.040,0.089,-0.134,0.024,1.79,0.99
deadband,light_fixed,deadband_mps,1.5,on,11.10,0.29,0.25,-0.043,-0.037,0.089,-0.134,0.023,1.79,1.02
deadband,light_fixed,deadband_mps,1.5,on,11.15,0.26,0.23,-0.039,-0.034,0.086,-0.132,0.022,1.79,1.04
deadband,light_fixed,deadband_mps,1.5,on,11.20,0.23,0.21,-0.035,-0.032,0.085,-0.131,0.021,1.78,1.06
deadband,light_fixed,deadband_mps,1.5,on,11.25,0.21,0.20,-0.032,-0.030,0.083,-0.129,0.019,1.76,1.08
deadband,light_fixed,deadband_mps,1.5,on,11.30,0.20,0.19,-0.030,-0.029,0.082,-0.128,0.018,1.73,1.10
deadband,light_fixed,deadband_mps,1.5,on,11.35,0.19,0.19,-0.028,-0.028,0.079,-0.126,0.017,1.71,1.12
deadband,light_fixed,deadband_mps,1.5,on,11.40,0.19,0.19,-0.028,-0.029,0.078,-0.125,0.017,1.67,1.14
deadband,light_fixed,deadband_mps,1.5,on,11.45,0.19,0.20,-0.028,-0.030,0.075,-0.123,0.017,1.64,1.15
deadband,light_fixed,deadband_mps,1.5,on,11.50,0.19,0.21,-0.029,-0.031,0.073,-0.122,0.017,1.61,1.18
deadband,light_fixed,deadband_mps,1.5,on,11.55,0.20,0.22,-0.030,-0.032,0.071,-0.120,0.019,1.59,1.19
deadband,light_fixed,deadband_mps,1.5,on,11.60,0.21,0.23,-0.031,-0.034,0.069,-0.119,0.019,1.56,1.22
deadband,light_fixed,deadband_mps,1.5,on,11.65,0.22,0.24,-0.033,-0.036,0.067,-0.118,0.021,1.55,1.23
deadband,light_fixed,deadband_mps,1.5,on,11.70,0.23,0.25,-0.034,-0.037,0.065,-0.117,0.022,1.54,1.25
deadband,light_fixed,deadband_mps,1.5,on,11.75,0.24,0.26,-0.036,-0.039,0.063,-0.116,0.025,1.53,1.27
deadband,light_fixed,deadband_mps,1.5,on,11.80,0.25,0.27,-0.038,-0.041,0.061,-0.116,0.026,1.53,1.28
deadband,light_fixed,deadband_mps,1.5,on,11.85,0.26,0.28,-0.039,-0.041,0.059,-0.116,0.028,1.53,1.29
deadband,light_fixed,deadband_mps,1.5,on,11.90,0.27,0.28,-0.041,-0.042,0.058,-0.116,0.029,1.54,1.30
deadband,light_fixed,deadband_mps,1.5,on,11.95,0.28,0.28,-0.041,-0.042,0.057,-0.116,0.030,1.54,1.30
deadband,light_fixed,deadband_mps,1.5,on,12.00,0.28,0.28,-0.042,-0.041,0.070,-0.076,0.038,1.89,1.53
deadband,light_fixed,deadband_mps,1.5,on,12.05,0.29,0.27,-0.043,-0.041,0.070,-0.076,0.038,1.89,1.53
deadband,light_fixed,deadband_mps,1.5,on,12.10,0.29,0.27,-0.044,-0.040,0.071,-0.075,0.038,1.91,1.53
deadband,light_fixed,deadband_mps,1.5,on,12.15,0.29,0.26,-0.044,-0.039,0.074,-0.075,0.037,1.93,1.53
deadband,light_fixed,deadband_mps,1.5,on,12.20,0.28,0.25,-0.043,-0.037,0.076,-0.075,0.037,1.94,1.53
deadband,light_fixed,deadband_mps,1.5,on,12.25,0.27,0.23,-0.041,-0.035,0.079,-0.076,0.035,1.96,1.51
deadband,light_fixed,deadband_mps,1.5,on,12.30,0.26,0.22,-0.039,-0.033,0.081,-0.077,0.034,1.98,1.49
deadband,light_fixed,deadband_mps,1.5,on,12.35,0.26,0.21,-0.038,-0.031,0.084,-0.078,0.032,1.99,1.46
deadband,light_fixed,deadband_mps,1.5,on,12.40,0.25,0.20,-0.038,-0.030,0.086,-0.079,0.032,2.01,1.42
deadband,light_fixed,deadband_mps,1.5,on,12.45,0.25,0.19,-0.038,-0.029,0.089,-0.080,0.030,2.02,1.38
deadband,light_fixed,deadband_mps,1.5,on,12.50,0.26,0.19,-0.038,-0.028,0.090,-0.081,0.029,2.03,1.34
deadband,light_fixed,deadband_mps,1.5,on,12.55,0.27,0.19,-0.040,-0.028,0.092,-0.083,0.028,2.04,1.29
deadband,light_fixed,deadband_mps,1.5,on,12.60,0.28,0.19,-0.042,-0.029,0.093,-0.084,0.027,2.05,1.25
deadband,light_fixed,deadband_mps,1.5,on,12.65,0.30,0.20,-0.044,-0.029,0.094,-0.086,0.026,2.05,1.22
deadband,light_fixed,deadband_mps,1.5,on,12.70,0.32,0.21,-0.048,-0.031,0.095,-0.087,0.025,2.05,1.18
deadband,light_fixed,deadband_mps,1.5,on,12.75,0.35,0.22,-0.052,-0.033,0.096,-0.089,0.023,2.05,1.15
deadband,light_fixed,deadband_mps,1.5,on,12.80,0.38,0.23,-0.057,-0.034,0.097,-0.090,0.023,2.06,1.13
deadband,light_fixed,deadband_mps,1.5,on,12.85,0.41,0.24,-0.061,-0.036,0.098,-0.091,0.022,2.06,1.11
deadband,light_fixed,deadband_mps,1.5,on,12.90,0.45,0.26,-0.067,-0.039,0.099,-0.092,0.022,2.06,1.10
deadband,light_fixed,deadband_mps,1.5,on,12.95,0.48,0.28,-0.072,-0.041,0.101,-0.094,0.022,2.07,1.09
deadband,light_fixed,deadband_mps,1.5,on,13.00,0.49,0.28,-0.074,-0.043,0.097,-0.127,0.019,1.86,0.97
deadband,light_fixed,deadband_mps,1.5,on,13.05,0.49,0.29,-0.074,-0.043,0.097,-0.127,0.019,1.86,0.97
deadband,light_fixed,deadband_mps,1.5,on,13.10,0.48,0.29,-0.072,-0.043,0.097,-0.128,0.020,1.84,0.96
deadband,light_fixed,deadband_mps,1.5,on,13.15,0.47,0.28,-0.070,-0.043,0.097,-0.130,0.022,1.84,0.95
deadband,light_fixed,deadband_mps,1.5,on,13.20,0.45,0.28,-0.068,-0.042,0.097,-0.130,0.022,1.84,0.94
deadband,light_fixed,deadband_mps,1.5,on,13.25,0.44,0.28,-0.066,-0.042,0.098,-0.131,0.024,1.84,0.94
deadband,light_fixed,deadband_mps,1.5,on,13.30,0.42,0.28,-0.063,-0.041,0.098,-0.132,0.024,1.84,0.94
deadband,light_fixed,deadband_mps,1.5,on,13.35,0.40,0.27,-0.060,-0.041,0.099,-0.133,0.026,1.84,0.94
deadband,light_fixed,deadband_mps,1.5,on,13.40,0.37,0.26,-0.056,-0.040,0.099,-0.133,0.026,1.84,0.94
deadband,light_fixed,deadband_mps,1.5,on,13.45,0.35,0.26,-0.053,-0.039,0.100,-0.134,0.027,1.84,0.94
deadband,light_fixed,deadband_mps,1.5,on,13.50,0.33,0.25,-0.049,-0.038,0.100,-0.134,0.027,1.84,0.95
deadband,light_fixed,deadband_mps,1.5,on,13.55,0.30,0.24,-0.045,-0.036,0.100,-0.135,0.028,1.84,0.95
deadband,light_fixed,deadband_mps,1.5,on,13.60,0.27,0.22,-0.041,-0.034,0.101,-0.135,0.029,1.83,0.95
deadband,light_fixed,deadband_mps,1.5,on,13.65,0.24,0.21,-0.036,-0.031,0.100,-0.136,0.029,1.82,0.96
deadband,light_fixed,deadband_mps,1.5,on,13.70,0.21,0.19,-0.031,-0.028,0.100,-0.136,0.029,1.81,0.96
deadband,light_fixed,deadband_mps,1.5,on,13.75,0.18,0.17,-0.027,-0.025,0.099,-0.137,0.029,1.80,0.97
deadband,light_fixed,deadband_mps,1.5,on,13.80,0.16,0.15,-0.024,-0.023,0.098,-0.137,0.029,1.78,0.97
deadband,light_fixed,deadband_mps,1.5,on,13.85,0.14,0.14,-0.021,-0.021,0.096,-0.137,0.029,1.76,0.97
deadband,light_fixed,deadband_mps,1.5,on,13.90,0.13,0.14,-0.020,-0.020,0.095,-0.138,0.029,1.73,0.97
deadband,light_fixed,deadband_mps,1.5,on,13.95,0.13,0.13,-0.019,-0.020,0.093,-0.138,0.028,1.70,0.97
deadband,light_fixed,deadband_mps,1.5,on,14.00,0.14,0.15,-0.021,-0.022,0.069,-0.118,0.019,1.60,1.25
deadband,light_fixed,deadband_mps,1.5,on,14.05,0.16,0.17,-0.025,-0.026,0.069,-0.118,0.019,1.60,1.25
deadband,light_fixed,deadband_mps,1.5,on,14.10,0.19,0.20,-0.029,-0.030,0.069,-0.115,0.018,1.61,1.28
deadband,light_fixed,deadband_mps,1.5,on,14.15,0.22,0.23,-0.034,-0.035,0.070,-0.113,0.017,1.64,1.31
deadband,light_fixed,deadband_mps,1.5,on,14.20,0.26,0.26,-0.039,-0.039,0.070,-0.109,0.017,1.65,1.33
deadband,light_fixed,deadband_mps,1.5,on,14.25,0.30,0.30,-0.045,-0.045,0.070,-0.108,0.017,1.69,1.36
deadband,light_fixed,deadband_mps,1.5,on,14.30,0.35,0.34,-0.052,-0.051,0.070,-0.105,0.018,1.71,1.39
deadband,light_fixed,deadband_mps,1.5,on,14.35,0.39,0.37,-0.059,-0.056,0.070,-0.103,0.018,1.76,1.42
deadband,light_fixed,deadband_mps,1.5,on,14.40,0.44,0.41,-0.065,-0.061,0.071,-0.099,0.019,1.79,1.45
deadband,light_fixed,deadband_mps,1.5,on,14.45,0.48,0.43,-0.071,-0.065,0.071,-0.098,0.020,1.84,1.48
deadband,light_fixed,deadband_mps,1.5,on,14.50,0.51,0.45,-0.077,-0.068,0.072,-0.095,0.022,1.88,1.51
deadband,light_fixed,deadband_mps,1.5,on,14.55,0.54,0.47,-0.082,-0.071,0.072,-0.093,0.022,1.93,1.54
deadband,light_fixed,deadband_mps,1.5,on,14.60,0.57,0.48,-0.085,-0.073,0.073,-0.091,0.024,1.97,1.56
deadband,light_fixed,deadband_mps,1.5,on,14.65,0.59,0.49,-0.088,-0.074,0.073,-0.090,0.025,2.02,1.58
deadband,light_fixed,deadband_mps,1.5,on,14.70,0.61,0.50,-0.091,-0.075,0.074,-0.088,0.026,2.05,1.59
deadband,light_fixed,deadband_mps,1.5,on,14.75,0.62,0.50,-0.093,-0.075,0.075,-0.087,0.026,2.08,1.59
deadband,light_fixed,deadband_mps,1.5,on,14.80,0.62,0.49,-0.094,-0.074,0.075,-0.086,0.027,2.10,1.59
deadband,light_fixed,deadband_mps,1.5,on,14.85,0.62,0.48,-0.093,-0.072,0.076,-0.086,0.027,2.12,1.58
deadband,light_fixed,deadband_mps,1.5,on,14.90,0.62,0.47,-0.092,-0.070,0.077,-0.085,0.027,2.13,1.57
deadband,light_fixed,deadband_mps,1.5,on,14.95,0.61,0.45,-0.091,-0.068,0.077,-0.085,0.027,2.14,1.55
deadband,light_fixed,deadband_mps,1.5,on,15.00,0.57,0.42,-0.086,-0.063,0.085,-0.112,0.003,1.93,1.02
deadband,light_fixed,deadband_mps,1.5,on,15.05,0.52,0.38,-0.078,-0.057,0.085,-0.112,0.003,1.93,1.02
deadband,light_fixed,deadband_mps,1.5,on,15.10,0.46,0.33,-0.070,-0.050,0.082,-0.115,0.006,1.91,1.01
deadband,light_fixed,deadband_mps,1.5,on,15.15,0.40,0.29,-0.060,-0.043,0.081,-0.116,0.008,1.88,0.99
deadband,light_fixed,deadband_mps,1.5,on,15.20,0.34,0.24,-0.051,-0.036,0.078,-0.118,0.012,1.84,0.97
deadband,light_fixed,deadband_mps,1.5,on,15.25,0.28,0.19,-0.042,-0.029,0.076,-0.118,0.013,1.79,0.95
deadband,light_fixed,deadband_mps,1.5,on,15.30,0.23,0.15,-0.034,-0.023,0.074,-0.119,0.016,1.73,0.93
deadband,light_fixed,deadband_mps,1.5,on,15.35,0.17,0.12,-0.026,-0.018,0.072,-0.120,0.017,1.66,0.92
deadband,light_fixed,deadband_mps,1.5,on,15.40,0.13,0.09,-0.019,-0.013,0.069,-0.120,0.020,1.58,0.90
deadband,light_fixed,deadband_mps,1.5,on,15.45,0.09,0.06,-0.013,-0.009,0.068,-0.119,0.021,1.51,0.89
deadband,light_fixed,deadband_mps,1.5,on,15.50,0.06,0.04,-0.009,-0.006,0.066,-0.119,0.023,1.44,0.89
deadband,light_fixed,deadband_mps,1.5,on,15.55,0.04,0.02,-0.005,-0.004,0.065,-0.118,0.023,1.39,0.90
deadband,light_fixed,deadband_mps,1.5,on,15.60,0.03,0.02,-0.004,-0.003,0.062,-0.117,0.025,1.34,0.91
deadband,light_fixed,deadband_mps,1.5,on,15.65,0.03,0.02,-0.004,-0.003,0.061,-0.116,0.026,1.30,0.93
deadband,light_fixed,deadband_mps,1.5,on,15.70,0.03,0.02,-0.005,-0.004,0.060,-0.113,0.027,1.28,0.95
deadband,light_fixed,deadband_mps,1.5,on,15.75,0.05,0.04,-0.007,-0.005,0.059,-0.112,0.027,1.27,0.98
deadband,light_fixed,deadband_mps,1.5,on,15.80,0.07,0.06,-0.011,-0.008,0.059,-0.110,0.028,1.27,1.02
deadband,light_fixed,deadband_mps,1.5,on,15.85,0.10,0.08,-0.014,-0.012,0.059,-0.108,0.027,1.28,1.05
deadband,light_fixed,deadband_mps,1.5,on,15.90,0.12,0.11,-0.019,-0.016,0.061,-0.105,0.027,1.31,1.09
deadband,light_fixed,deadband_mps,1.5,on,15.95,0.16,0.14,-0.023,-0.021,0.062,-0.104,0.026,1.35,1.13
deadband,light_fixed,deadband_mps,1.5,on,16.00,0.17,0.16,-0.025,-0.024,0.105,-0.066,0.048,2.10,1.42
deadband,light_fixed,deadband_mps,1.5,on,16.05,0.17,0.16,-0.026,-0.025,0.105,-0.066,0.048,2.10,1.42
deadband,light_fixed,deadband_mps,1.5,on,16.10,0.17,0.16,-0.025,-0.024,0.106,-0.067,0.047,2.08,1.40
deadband,light_fixed,deadband_mps,1.5,on,16.15,0.16,0.15,-0.024,-0.023,0.107,-0.068,0.047,2.06,1.38
deadband,light_fixed,deadband_mps,1.5,on,16.20,0.14,0.14,-0.021,-0.020,0.109,-0.070,0.046,2.05,1.36
deadband,light_fixed,deadband_mps,1.5,on,16.25,0.13,0.12,-0.019,-0.018,0.110,-0.072,0.045,2.04,1.33
deadband,light_fixed,deadband_mps,1.5,on,16.30,0.11,0.10,-0.016,-0.015,0.112,-0.074,0.044,2.04,1.31
deadband,light_fixed,deadband_mps,1.5,on,16.35,0.09,0.08,-0.014,-0.012,0.113,-0.076,0.044,2.03,1.27
deadband,light_fixed,deadband_mps,1.5,on,16.40,0.08,0.07,-0.012,-0.010,0.115,-0.079,0.043,2.03,1.23
deadband,light_fixed,deadband_mps,1.5,on,16.45,0.07,0.06,-0.011,-0.009,0.116,-0.080,0.042,2.03,1.19
deadband,light_fixed,deadband_mps,1.5,on,16.50,0.07,0.06,-0.011,-0.008,0.118,-0.083,0.041,2.02,1.15
deadband,light_fixed,deadband_mps,1.5,on,16.55,0.07,0.06,-0.011,-0.008,0.119,-0.085,0.041,2.01,1.11
deadband,light_fixed,deadband_mps,1.5,on,16.60,0.08,0.06,-0.012,-0.009,0.120,-0.089,0.040,2.01,1.07
deadband,light_fixed,deadband_mps,1.5,on,16.65,0.09,0.06,-0.014,-0.009,0.120,-0.090,0.039,2.00,1.03
deadband,light_fixed,deadband_mps,1.5,on,16.70,0.11,0.07,-0.016,-0.010,0.121,-0.094,0.038,1.99,1.00
deadband,light_fixed,deadband_mps,1.5,on,16.75,0.13,0.08,-0.019,-0.012,0.122,-0.095,0.038,1.99,0.97
deadband,light_fixed,deadband_mps,1.5,on,16.80,0.15,0.09,-0.023,-0.013,0.122,-0.099,0.037,1.98,0.95
deadband,light_fixed,deadband_mps,1.5,on,16.85,0.17,0.10,-0.026,-0.014,0.122,-0.101,0.037,1.98,0.92
deadband,light_fixed,deadband_mps,1.5,on,16.90,0.19,0.11,-0.029,-0.016,0.122,-0.104,0.036,1.98,0.90
deadband,light_fixed,deadband_mps,1.5,on,16.95,0.22,0.12,-0.033,-0.018,0.122,-0.106,0.036,1.98,0.88
deadband,light_fixed,deadband_mps,1.5,on,17.00,0.23,0.13,-0.035,-0.019,0.070,-0.114,0.017,1.53,1.15
deadband,light_fixed,deadband_mps,1.5,on,17.05,0.24,0.14,-0.036,-0.021,0.070,-0.114,0.017,1.53,1.15
deadband,light_fixed,deadband_mps,1.5,on,17.10,0.25,0.16,-0.038,-0.024,0.066,-0.111,0.021,1.51,1.18
deadband,light_fixed,deadband_mps,1.5,on,17.15,0.26,0.18,-0.040,-0.027,0.064,-0.109,0.023,1.49,1.22
deadband,light_fixed,deadband_mps,1.5,on,17.20,0.28,0.21,-0.042,-0.031,0.060,-0.106,0.027,1.48,1.25
deadband,light_fixed,deadband_mps,1.5,on,17.25,0.30,0.24,-0.045,-0.036,0.059,-0.105,0.028,1.48,1.29
deadband,light_fixed,deadband_mps,1.5,on,17.30,0.32,0.27,-0.048,-0.041,0.057,-0.102,0.031,1.48,1.33
deadband,light_fixed,deadband_mps,1.5,on,17.35,0.34,0.31,-0.051,-0.047,0.056,-0.101,0.032,1.48,1.37
deadband,light_fixed,deadband_mps,1.5,on,17.40,0.36,0.35,-0.054,-0.053,0.055,-0.099,0.034,1.50,1.40
deadband,light_fixed,deadband_mps,1.5,on,17.45,0.38,0.39,-0.057,-0.058,0.054,-0.098,0.035,1.52,1.44
deadband,light_fixed,deadband_mps,1.5,on,17.50,0.39,0.41,-0.058,-0.062,0.054,-0.096,0.036,1.55,1.47
deadband,light_fixed,deadband_mps,1.5,on,17.55,0.39,0.43,-0.059,-0.064,0.054,-0.095,0.036,1.58,1.50
deadband,light_fixed,deadband_mps,1.5,on,17.60,0.39,0.44,-0.058,-0.065,0.055,-0.094,0.036,1.62,1.53
deadband,light_fixed,deadband_mps,1.5,on,17.65,0.38,0.43,-0.057,-0.065,0.055,-0.093,0.036,1.66,1.55
deadband,light_fixed,deadband_mps,1.5,on,17.70,0.37,0.43,-0.055,-0.064,0.057,-0.092,0.035,1.70,1.56
deadband,light_fixed,deadband_mps,1.5,on,17.75,0.36,0.41,-0.053,-0.062,0.057,-0.092,0.035,1.74,1.56
deadband,light_fixed,deadband_mps,1.5,on,17.80,0.34,0.39,-0.051,-0.058,0.059,-0.092,0.033,1.77,1.56
deadband,light_fixed,deadband_mps,1.5,on,17.85,0.32,0.36,-0.048,-0.054,0.060,-0.092,0.032,1.80,1.55
deadband,light_fixed,deadband_mps,1.5,on,17.90,0.30,0.33,-0.046,-0.049,0.063,-0.092,0.030,1.82,1.53
deadband,light_fixed,deadband_mps,1.5,on,17.95,0.28,0.29,-0.042,-0.044,0.064,-0.092,0.029,1.85,1.50
deadband,light_fixed,deadband_mps,2.0,on,0.00,0.00,0.00,0.000,0.000,0.015,-0.169,0.022,0.78,0.44
deadband,light_fixed,deadband_mps,2.0,on,0.05,0.00,0.00,0.000,0.000,0.015,-0.169,0.022,0.78,0.44
deadband,light_fixed,deadband_mps,2.0,on,0.10,0.00,0.00,0.000,0.000,0.014,-0.170,0.023,0.74,0.42
deadband,light_fixed,deadband_mps,2.0,on,0.15,0.00,0.00,0.000,0.000,0.013,-0.173,0.024,0.71,0.40
deadband,light_fixed,deadband_mps,2.0,on,0.20,0.00,0.00,0.000,0.000,0.013,-0.174,0.025,0.66,0.37
deadband,light_fixed,deadband_mps,2.0,on,0.25,0.00,0.00,0.000,0.000,0.011,-0.175,0.026,0.63,0.34
deadband,light_fixed,deadband_mps,2.0,on,0.30,0.00,0.00,0.000,0.000,0.011,-0.176,0.027,0.59,0.32
deadband,light_fixed,deadband_mps,2.0,on,0.35,0.00,0.00,0.000,0.000,0.010,-0.178,0.028,0.57,0.31
deadband,light_fixed,deadband_mps,2.0,on,0.40,0.00,0.00,0.000,0.000,0.009,-0.179,0.028,0.54,0.31
deadband,light_fixed,deadband_mps,2.0,on,0.45,0.00,0.00,0.000,0.000,0.008,-0.180,0.029,0.53,0.31
deadband,light_fixed,deadband_mps,2.0,on,0.50,0.00,0.00,0.000,0.000,0.007,-0.180,0.030,0.51,0.31
deadband,light_fixed,deadband_mps,2.0,on,0.55,0.00,0.00,0.000,0.000,0.006,-0.181,0.030,0.51,0.32
deadband,light_fixed,deadband_mps,2.0,on,0.60,0.00,0.00,0.000,0.000,0.006,-0.180,0.029,0.51,0.34
deadband,light_fixed,deadband_mps,2.0,on,0.65,0.00,0.00,0.000,0.000,0.005,-0.179,0.028,0.52,0.37
deadband,light_fixed,deadband_mps,2.0,on,0.70,0.00,0.00,0.000,0.000,0.004,-0.179,0.027,0.53,0.40
deadband,light_fixed,deadband_mps,2.0,on,0.75,0.00,0.00,0.000,0.000,0.004,-0.176,0.025,0.55,0.44
deadband,light_fixed,deadband_mps,2.0,on,0.80,0.00,0.00,0.000,0.000,0.003,-0.175,0.024,0.58,0.49
deadband,light_fixed,deadband_mps,2.0,on,0.85,0.00,0.00,0.000,0.000,0.003,-0.173,0.022,0.60,0.54
deadband,light_fixed,deadband_mps,2.0,on,0.90,0.00,0.00,0.000,0.000,0.003,-0.172,0.020,0.64,0.60
deadband,light_fixed,deadband_mps,2.0,on,0.95,0.00,0.00,-0.000,-0.000,0.003,-0.169,0.017,0.67,0.65
deadband,light_fixed,deadband_mps,2.0,on,1.00,0.00,0.00,-0.000,-0.000,0.036,-0.100,0.061,1.69,1.50
deadband,light_fixed,deadband_mps,2.0,on,1.05,0.00,0.00,-0.000,-0.000,0.036,-0.100,0.061,1.69,1.50
deadband,light_fixed,deadband_mps,2.0,on,1.10,0.00,0.00,-0.000,-0.000,0.037,-0.099,0.063,1.73,1.51
deadband,light_fixed,deadband_mps,2.0,on,1.15,0.00,0.00,-0.000,-0.000,0.039,-0.097,0.066,1.77,1.52
deadband,light_fixed,deadband_mps,2.0,on,1.20,0.02,0.02,-0.003,-0.003,0.040,-0.096,0.068,1.81,1.53
deadband,light_fixed,deadband_mps,2.0,on,1.25,0.05,0.05,-0.007,-0.008,0.041,-0.095,0.069,1.83,1.53
deadband,light_fixed,deadband_mps,2.0,on,1.30,0.07,0.08,-0.011,-0.012,0.042,-0.094,0.070,1.86,1.52
deadband,light_fixed,deadband_mps,2.0,on,1.35,0.10,0.10,-0.015,-0.015,0.043,-0.094,0.071,1.88,1.52
deadband,light_fixed,deadband_mps,2.0,on,1.40,0.12,0.12,-0.018,-0.017,0.043,-0.094,0.071,1.90,1.51
deadband,light_fixed,deadband_mps,2.0,on,1.45,0.14,0.13,-0.021,-0.019,0.044,-0.095,0.071,1.91,1.50
deadband,light_fixed,deadband_mps,2.0,on,1.50,0.17,0.14,-0.025,-0.021,0.044,-0.095,0.071,1.93,1.49
deadband,light_fixed,deadband_mps,2.0,on,1.55,0.19,0.15,-0.028,-0.023,0.045,-0.096,0.070,1.94,1.48
deadband,light_fixed,deadband_mps,2.0,on,1.60,0.20,0.16,-0.030,-0.023,0.045,-0.097,0.070,1.96,1.46
deadband,light_fixed,deadband_mps,2.0,on,1.65,0.22,0.16,-0.033,-0.024,0.046,-0.098,0.069,1.97,1.44
deadband,light_fixed,deadband_mps,2.0,on,1.70,0.24,0.17,-0.036,-0.025,0.046,-0.099,0.069,1.97,1.41
deadband,light_fixed,deadband_mps,2.0,on,1.75,0.25,0.17,-0.038,-0.026,0.047,-0.101,0.068,1.98,1.39
deadband,light_fixed,deadband_mps,2.0,on,1.80,0.27,0.18,-0.040,-0.027,0.048,-0.101,0.068,1.99,1.36
deadband,light_fixed,deadband_mps,2.0,on,1.85,0.28,0.18,-0.042,-0.027,0.049,-0.103,0.068,2.00,1.33
deadband,light_fixed,deadband_mps,2.0,on,1.90,0.30,0.19,-0.045,-0.028,0.050,-0.104,0.068,2.01,1.31
deadband,light_fixed,deadband_mps,2.0,on,1.95,0.33,0.20,-0.049,-0.030,0.051,-0.105,0.068,2.02,1.28
deadband,light_fixed,deadband_mps,2.0,on,2.00,0.32,0.19,-0.047,-0.028,0.063,-0.125,0.067,2.02,1.09
deadband,light_fixed,deadband_mps,2.0,on,2.05,0.29,0.17,-0.044,-0.026,0.063,-0.125,0.067,2.02,1.09
deadband,light_fixed,deadband_mps,2.0,on,2.10,0.25,0.15,-0.038,-0.023,0.063,-0.126,0.067,2.02,1.09
deadband,light_fixed,deadband_mps,2.0,on,2.15,0.20,0.12,-0.030,-0.019,0.064,-0.126,0.067,2.01,1.09
deadband,light_fixed,deadband_mps,2.0,on,2.20,0.15,0.09,-0.022,-0.014,0.064,-0.127,0.067,2.00,1.09
deadband,light_fixed,deadband_mps,2.0,on,2.25,0.09,0.06,-0.014,-0.009,0.065,-0.128,0.068,1.99,1.08
deadband,light_fixed,deadband_mps,2.0,on,2.30,0.03,0.02,-0.005,-0.003,0.066,-0.129,0.068,1.97,1.07
deadband,light_fixed,deadband_mps,2.0,on,2.35,0.00,0.00,-0.000,-0.000,0.066,-0.130,0.069,1.95,1.06
deadband,light_fixed,deadband_mps,2.0,on,2.40,0.00,0.00,-0.000,-0.000,0.068,-0.131,0.069,1.92,1.05
deadband,light_fixed,deadband_mps,2.0,on,2.45,0.00,0.00,-0.000,-0.000,0.068,-0.132,0.070,1.90,1.03
deadband,light_fixed,deadband_mps,2.0,on,2.50,0.00,0.00,-0.000,-0.000,0.069,-0.133,0.070,1.87,1.01
deadband,light_fixed,deadband_mps,2.0,on,2.55,0.00,0.00,-0.000,-0.000,0.069,-0.134,0.070,1.86,0.99
deadband,light_fixed,deadband_mps,2.0,on,2.60,0.00,0.00,-0.000,-0.000,0.069,-0.136,0.070,1.85,0.98
deadband,light_fixed,deadband_mps,2.0,on,2.65,0.00,0.00,-0.000,-0.000,0.069,-0.136,0.069,1.84,0.97
deadband,light_fixed,deadband_mps,2.0,on,2.70,0.00,0.00,-0.000,-0.000,0.069,-0.138,0.069,1.84,0.96
deadband,light_fixed,deadband_mps,2.0,on,2.75,0.00,0.00,-0.000,-0.000,0.068,-0.139,0.068,1.85,0.95
deadband,light_fixed,deadband_mps,2.0,on,2.80,0.00,0.00,-0.000,-0.000,0.066,-0.140,0.066,1.85,0.94
deadband,light_fixed,deadband_mps,2.0,on,2.85,0.00,0.00,-0.000,-0.000,0.065,-0.140,0.065,1.85,0.94
deadband,light_fixed,deadband_mps,2.0,on,2.90,0.00,0.00,-0.000,-0.000,0.063,-0.141,0.063,1.85,0.94
deadband,light_fixed,deadband_mps,2.0,on,2.95,0.00,0.00,-0.000,-0.000,0.062,-0.141,0.061,1.84,0.95
deadband,light_fixed,deadband_mps,2.0,on,3.00,0.00,0.00,-0.000,-0.000,0.026,-0.138,0.028,1.67,1.20
deadband,light_fixed,deadband_mps,2.0,on,3.05,0.00,0.00,-0.000,-0.000,0.026,-0.138,0.028,1.67,1.20
deadband,light_fixed,deadband_mps,2.0,on,3.10,0.00,0.00,-0.000,-0.000,0.027,-0.139,0.028,1.68,1.18
deadband,light_fixed,deadband_mps,2.0,on,3.15,0.00,0.00,-0.000,-0.000,0.027,-0.139,0.029,1.70,1.17
deadband,light_fixed,deadband_mps,2.0,on,3.20,0.00,0.00,-0.000,-0.000,0.028,-0.139,0.029,1.72,1.15
deadband,light_fixed,deadband_mps,2.0,on,3.25,0.00,0.00,-0.000,-0.000,0.028,-0.139,0.030,1.74,1.14
deadband,light_fixed,deadband_mps,2.0,on,3.30,0.00,0.00,-0.000,-0.000,0.029,-0.139,0.030,1.76,1.13
deadband,light_fixed,deadband_mps,2.0,on,3.35,0.00,0.00,-0.000,-0.000,0.029,-0.139,0.031,1.78,1.12
deadband,light_fixed,deadband_mps,2.0,on,3.40,0.00,0.00,-0.000,-0.000,0.029,-0.138,0.031,1.80,1.12
deadband,light_fixed,deadband_mps,2.0,on,3.45,0.00,0.00,-0.000,-0.000,0.029,-0.138,0.031,1.82,1.12
deadband,light_fixed,deadband_mps,2.0,on,3.50,0.00,0.00,-0.000,-0.000,0.029,-0.137,0.031,1.83,1.13
deadband,light_fixed,deadband_mps,2.0,on,3.55,0.00,0.00,-0.000,-0.000,0.029,-0.137,0.031,1.85,1.14
deadband,light_fixed,deadband_mps,2.0,on,3.60,0.00,0.00,-0.000,-0.000,0.028,-0.136,0.031,1.85,1.14
deadband,light_fixed,deadband_mps,2.0,on,3.65,0.00,0.00,-0.000,-0.000,0.027,-0.136,0.030,1.86,1.15
deadband,light_fixed,deadband_mps,2.0,on,3.70,0.00,0.00,-0.000,-0.000,0.026,-0.135,0.029,1.86,1.16
deadband,light_fixed,deadband_mps,2.0,on,3.75,0.00,0.00,-0.000,-0.000,0.025,-0.135,0.029,1.85,1.18
deadband,light_fixed,deadband_mps,2.0,on,3.80,0.00,0.00,-0.000,-0.000,0.024,-0.135,0.028,1.85,1.18
deadband,light_fixed,deadband_mps,2.0,on,3.85,0.00,0.00,-0.000,-0.000,0.023,-0.134,0.028,1.84,1.19
deadband,light_fixed,deadband_mps,2.0,on,3.90,0.00,0.00,-0.000,-0.000,0.022,-0.134,0.027,1.83,1.20
deadband,light_fixed,deadband_mps,2.0,on,3.95,0.00,0.00,-0.000,-0.000,0.021,-0.134,0.026,1.81,1.20
deadband,light_fixed,deadband_mps,2.0,on,4.00,0.00,0.00,-0.000,-0.000,-0.003,-0.134,0.018,1.67,1.22
deadband,light_fixed,deadband_mps,2.0,on,4.05,0.00,0.00,-0.000,-0.000,-0.003,-0.134,0.018,1.67,1.22
deadband,light_fixed,deadband_mps,2.0,on,4.10,0.00,0.00,-0.000,-0.000,-0.003,-0.134,0.018,1.68,1.24
deadband,light_fixed,deadband_mps,2.0,on,4.15,0.00,0.00,-0.000,-0.000,-0.004,-0.133,0.019,1.68,1.25
deadband,light_fixed,deadband_mps,2.0,on,4.20,0.00,0.00,-0.000,-0.000,-0.004,-0.133,0.020,1.68,1.26
deadband,light_fixed,deadband_mps,2.0,on,4.25,0.00,0.00,-0.000,-0.000,-0.004,-0.132,0.020,1.68,1.28
deadband,light_fixed,deadband_mps,2.0,on,4.30,0.00,0.00,-0.000,-0.000,-0.004,-0.131,0.021,1.69,1.28
deadband,light_fixed,deadband_mps,2.0,on,4.35,0.00,0.00,-0.000,-0.000,-0.004,-0.131,0.021,1.70,1.29
deadband,light_fixed,deadband_mps,2.0,on,4.40,0.00,0.00,-0.000,-0.000,-0.004,-0.131,0.022,1.70,1.30
deadband,light_fixed,deadband_mps,2.0,on,4.45,0.00,0.00,-0.000,-0.000,-0.004,-0.130,0.022,1.71,1.30
deadband,light_fixed,deadband_mps,2.0,on,4.50,0.00,0.00,-0.000,-0.000,-0.004,-0.129,0.023,1.72,1.30
deadband,light_fixed,deadband_mps,2.0,on,4.55,0.00,0.00,-0.000,-0.000,-0.004,-0.128,0.024,1.73,1.31
deadband,light_fixed,deadband_mps,2.0,on,4.60,0.00,0.00,-0.000,-0.000,-0.004,-0.128,0.024,1.74,1.31
deadband,light_fixed,deadband_mps,2.0,on,4.65,0.00,0.00,-0.000,-0.000,-0.003,-0.127,0.025,1.75,1.31
deadband,light_fixed,deadband_mps,2.0,on,4.70,0.00,0.00,-0.000,-0.000,-0.003,-0.126,0.026,1.76,1.32
deadband,light_fixed,deadband_mps,2.0,on,4.75,0.00,0.00,-0.000,-0.000,-0.002,-0.125,0.027,1.76,1.32
deadband,light_fixed,deadband_mps,2.0,on,4.80,0.00,0.00,-0.000,-0.000,-0.001,-0.124,0.027,1.77,1.33
deadband,light_fixed,deadband_mps,2.0,on,4.85,0.00,0.00,-0.000,-0.000,-0.000,-0.124,0.028,1.78,1.34
deadband,light_fixed,deadband_mps,2.0,on,4.90,0.00,0.00,-0.000,-0.000,0.001,-0.123,0.028,1.79,1.34
deadband,light_fixed,deadband_mps,2.0,on,4.95,0.00,0.00,-0.000,-0.000,0.002,-0.122,0.029,1.81,1.34
deadband,light_fixed,deadband_mps,2.0,on,5.00,0.00,0.00,-0.000,-0.000,0.050,-0.122,0.057,2.21,1.20
deadband,light_fixed,deadband_mps,2.0,on,5.05,0.00,0.00,-0.000,-0.000,0.050,-0.122,0.057,2.21,1.20
deadband,light_fixed,deadband_mps,2.0,on,5.10,0.00,0.00,-0.000,-0.000,0.051,-0.122,0.058,2.22,1.20
deadband,light_fixed,deadband_mps,2.0,on,5.15,0.00,0.00,-0.000,-0.000,0.055,-0.124,0.060,2.23,1.18
deadband,light_fixed,deadband_mps,2.0,on,5.20,0.00,0.00,-0.000,-0.000,0.056,-0.125,0.061,2.24,1.17
deadband,light_fixed,deadband_mps,2.0,on,5.25,0.00,0.00,-0.000,-0.000,0.059,-0.127,0.062,2.25,1.15
deadband,light_fixed,deadband_mps,2.0,on,5.30,0.00,0.00,-0.000,-0.000,0.060,-0.128,0.063,2.26,1.14
deadband,light_fixed,deadband_mps,2.0,on,5.35,0.00,0.00,-0.000,-0.000,0.062,-0.130,0.065,2.26,1.12
deadband,light_fixed,deadband_mps,2.0,on,5.40,0.00,0.00,-0.000,-0.000,0.063,-0.130,0.065,2.27,1.10
deadband,light_fixed,deadband_mps,2.0,on,5.45,0.00,0.00,-0.000,-0.000,0.064,-0.132,0.065,2.27,1.08
deadband,light_fixed,deadband_mps,2.0,on,5.50,0.00,0.00,-0.000,-0.000,0.064,-0.133,0.065,2.26,1.07
deadband,light_fixed,deadband_mps,2.0,on,5.55,0.00,0.00,-0.000,-0.000,0.063,-0.135,0.064,2.25,1.05
deadband,light_fixed,deadband_mps,2.0,on,5.60,0.00,0.00,-0.000,-0.000,0.062,-0.136,0.063,2.24,1.05
deadband,light_fixed,deadband_mps,2.0,on,5.65,0.00,0.00,-0.000,-0.000,0.061,-0.138,0.061,2.22,1.04
deadband,light_fixed,deadband_mps,2.0,on,5.70,0.00,0.00,-0.000,-0.000,0.060,-0.139,0.060,2.19,1.03
deadband,light_fixed,deadband_mps,2.0,on,5.75,0.00,0.00,-0.000,-0.000,0.057,-0.141,0.056,2.15,1.03
deadband,light_fixed,deadband_mps,2.0,on,5.80,0.00,0.00,-0.000,-0.000,0.056,-0.142,0.055,2.11,1.03
deadband,light_fixed,deadband_mps,2.0,on,5.85,0.00,0.00,-0.000,-0.000,0.053,-0.143,0.052,2.07,1.02
deadband,light_fixed,deadband_mps,2.0,on,5.90,0.00,0.00,-0.000,-0.000,0.051,-0.144,0.050,2.03,1.02
deadband,light_fixed,deadband_mps,2.0,on,5.95,0.00,0.00,-0.000,-0.000,0.048,-0.145,0.047,1.98,1.02
deadband,light_fixed,deadband_mps,2.0,on,6.00,0.00,0.00,-0.000,-0.000,0.013,-0.169,0.020,1.67,1.00
deadband,light_fixed,deadband_mps,2.0,on,6.05,0.00,0.00,-0.000,-0.000,0.013,-0.169,0.020,1.67,1.00
deadband,light_fixed,deadband_mps,2.0,on,6.10,0.00,0.00,-0.000,-0.000,0.012,-0.168,0.020,1.69,1.01
deadband,light_fixed,deadband_mps,2.0,on,6.15,0.00,0.00,-0.000,-0.000,0.012,-0.168,0.020,1.70,1.02
deadband,light_fixed,deadband_mps,2.0,on,6.20,0.00,0.00,-0.000,-0.000,0.012,-0.167,0.019,1.72,1.04
deadband,light_fixed,deadband_mps,2.0,on,6.25,0.00,0.00,-0.000,-0.000,0.012,-0.166,0.018,1.73,1.05
deadband,light_fixed,deadband_mps,2.0,on,6.30,0.00,0.00,-0.000,-0.000,0.011,-0.165,0.017,1.75,1.07
deadband,light_fixed,deadband_mps,2.0,on,6.35,0.00,0.00,-0.000,-0.000,0.011,-0.165,0.016,1.77,1.09
deadband,light_fixed,deadband_mps,2.0,on,6.40,0.00,0.00,-0.000,-0.000,0.010,-0.164,0.015,1.78,1.10
deadband,light_fixed,deadband_mps,2.0,on,6.45,0.00,0.00,-0.000,-0.000,0.008,-0.164,0.015,1.78,1.12
deadband,light_fixed,deadband_mps,2.0,on,6.50,0.00,0.00,-0.000,-0.000,0.008,-0.164,0.014,1.79,1.13
deadband,light_fixed,deadband_mps,2.0,on,6.55,0.00,0.00,-0.000,-0.000,0.007,-0.165,0.014,1.79,1.14
deadband,light_fixed,deadband_mps,2.0,on,6.60,0.00,0.00,-0.000,-0.000,0.005,-0.165,0.014,1.78,1.14
deadband,light_fixed,deadband_mps,2.0,on,6.65,0.00,0.00,-0.000,-0.000,0.004,-0.166,0.015,1.77,1.14
deadband,light_fixed,deadband_mps,2.0,on,6.70,0.00,0.00,-0.000,-0.000,0.003,-0.167,0.015,1.76,1.14
deadband,light_fixed,deadband_mps,2.0,on,6.75,0.00,0.00,-0.000,-0.000,0.001,-0.168,0.016,1.75,1.13
deadband,light_fixed,deadband_mps,2.0,on,6.80,0.00,0.00,-0.000,-0.000,0.000,-0.168,0.016,1.74,1.12
deadband,light_fixed,deadband_mps,2.0,on,6.85,0.00,0.00,-0.000,-0.000,-0.001,-0.168,0.017,1.73,1.12
deadband,light_fixed,deadband_mps,2.0,on,6.90,0.00,0.00,-0.000,-0.000,-0.002,-0.169,0.017,1.71,1.11
deadband,light_fixed,deadband_mps,2.0,on,6.95,0.00,0.00,-0.000,-0.000,-0.003,-0.169,0.018,1.70,1.10
deadband,light_fixed,deadband_mps,2.0,on,7.00,0.00,0.00,-0.000,-0.000,-0.009,-0.159,0.013,1.75,1.19
deadband,light_fixed,deadband_mps,2.0,on,7.05,0.00,0.00,-0.000,-0.000,-0.009,-0.159,0.013,1.75,1.19
deadband,light_fixed,deadband_mps,2.0,on,7.10,0.00,0.00,-0.000,-0.000,-0.009,-0.158,0.012,1.77,1.19
deadband,light_fixed,deadband_mps,2.0,on,7.15,0.00,0.00,-0.000,-0.000,-0.008,-0.157,0.011,1.79,1.20
deadband,light_fixed,deadband_mps,2.0,on,7.20,0.00,0.00,-0.000,-0.000,-0.008,-0.156,0.010,1.81,1.21
deadband,light_fixed,deadband_mps,2.0,on,7.25,0.00,0.00,-0.000,-0.000,-0.008,-0.154,0.009,1.83,1.21
deadband,light_fixed,deadband_mps,2.0,on,7.30,0.00,0.00,-0.000,-0.000,-0.008,-0.153,0.009,1.84,1.22
deadband,light_fixed,deadband_mps,2.0,on,7.35,0.00,0.00,-0.000,-0.000,-0.008,-0.150,0.010,1.85,1.23
deadband,light_fixed,deadband_mps,2.0,on,7.40,0.00,0.00,-0.000,-0.000,-0.009,-0.148,0.011,1.86,1.24
deadband,light_fixed,deadband_mps,2.0,on,7.45,0.00,0.00,-0.000,-0.000,-0.010,-0.146,0.013,1.86,1.26
deadband,light_fixed,deadband_mps,2.0,on,7.50,0.00,0.00,-0.000,-0.000,-0.010,-0.144,0.014,1.86,1.28
deadband,light_fixed,deadband_mps,2.0,on,7.55,0.01,0.00,-0.001,-0.001,-0.012,-0.141,0.017,1.85,1.30
deadband,light_fixed,deadband_mps,2.0,on,7.60,0.02,0.02,-0.003,-0.003,-0.012,-0.140,0.018,1.84,1.32
deadband,light_fixed,deadband_mps,2.0,on,7.65,0.04,0.03,-0.006,-0.005,-0.013,-0.137,0.021,1.83,1.35
deadband,light_fixed,deadband_mps,2.0,on,7.70,0.06,0.05,-0.009,-0.008,-0.014,-0.136,0.022,1.82,1.37
deadband,light_fixed,deadband_mps,2.0,on,7.75,0.08,0.07,-0.012,-0.010,-0.015,-0.133,0.025,1.82,1.39
deadband,light_fixed,deadband_mps,2.0,on,7.80,0.10,0.08,-0.015,-0.012,-0.015,-0.132,0.026,1.81,1.41
deadband,light_fixed,deadband_mps,2.0,on,7.85,0.12,0.09,-0.018,-0.014,-0.016,-0.129,0.028,1.81,1.43
deadband,light_fixed,deadband_mps,2.0,on,7.90,0.14,0.11,-0.021,-0.016,-0.016,-0.128,0.029,1.82,1.46
deadband,light_fixed,deadband_mps,2.0,on,7.95,0.16,0.12,-0.024,-0.019,-0.016,-0.126,0.031,1.83,1.48
deadband,light_fixed,deadband_mps,2.0,on,8.00,0.15,0.12,-0.022,-0.017,-0.000,-0.139,0.013,1.93,1.19
deadband,light_fixed,deadband_mps,2.0,on,8.05,0.13,0.10,-0.019,-0.015,-0.000,-0.139,0.013,1.93,1.19
deadband,light_fixed,deadband_mps,2.0,on,8.10,0.09,0.07,-0.014,-0.010,0.001,-0.142,0.010,1.92,1.17
deadband,light_fixed,deadband_mps,2.0,on,8.15,0.05,0.04,-0.008,-0.006,0.001,-0.143,0.008,1.92,1.15
deadband,light_fixed,deadband_mps,2.0,on,8.20,0.01,0.01,-0.002,-0.002,0.002,-0.146,0.005,1.91,1.12
deadband,light_fixed,deadband_mps,2.0,on,8.25,0.00,0.00,-0.000,-0.000,0.003,-0.148,0.004,1.90,1.10
deadband,light_fixed,deadband_mps,2.0,on,8.30,0.00,0.00,-0.000,-0.000,0.003,-0.150,0.002,1.88,1.06
deadband,light_fixed,deadband_mps,2.0,on,8.35,0.00,0.00,-0.000,-0.000,0.003,-0.152,0.002,1.86,1.03
deadband,light_fixed,deadband_mps,2.0,on,8.40,0.00,0.00,-0.000,-0.000,0.004,-0.155,0.004,1.83,1.00
deadband,light_fixed,deadband_mps,2.0,on,8.45,0.00,0.00,-0.000,-0.000,0.004,-0.156,0.005,1.81,0.97
deadband,light_fixed,deadband_mps,2.0,on,8.50,0.00,0.00,-0.000,-0.000,0.005,-0.158,0.007,1.79,0.95
deadband,light_fixed,deadband_mps,2.0,on,8.55,0.00,0.00,-0.000,-0.000,0.005,-0.159,0.009,1.78,0.93
deadband,light_fixed,deadband_mps,2.0,on,8.60,0.00,0.00,-0.000,-0.000,0.006,-0.162,0.011,1.77,0.92
deadband,light_fixed,deadband_mps,2.0,on,8.65,0.00,0.00,-0.000,-0.000,0.006,-0.163,0.012,1.77,0.91
deadband,light_fixed,deadband_mps,2.0,on,8.70,0.00,0.00,-0.000,-0.000,0.008,-0.164,0.014,1.78,0.90
deadband,light_fixed,deadband_mps,2.0,on,8.75,0.00,0.00,-0.000,-0.000,0.008,-0.165,0.015,1.78,0.90
deadband,light_fixed,deadband_mps,2.0,on,8.80,0.00,0.00,-0.000,-0.000,0.011,-0.166,0.017,1.79,0.89
deadband,light_fixed,deadband_mps,2.0,on,8.85,0.00,0.00,-0.000,-0.000,0.012,-0.166,0.018,1.80,0.90
deadband,light_fixed,deadband_mps,2.0,on,8.90,0.00,0.00,-0.000,-0.000,0.014,-0.167,0.020,1.83,0.90
deadband,light_fixed,deadband_mps,2.0,on,8.95,0.00,0.00,-0.000,-0.000,0.015,-0.168,0.021,1.85,0.90
deadband,light_fixed,deadband_mps,2.0,on,9.00,0.00,0.00,-0.000,-0.000,-0.004,-0.172,0.021,1.71,1.12
deadband,light_fixed,deadband_mps,2.0,on,9.05,0.00,0.00,-0.000,-0.000,-0.004,-0.172,0.021,1.71,1.12
deadband,light_fixed,deadband_mps,2.0,on,9.10,0.00,0.00,-0.000,-0.000,-0.007,-0.172,0.022,1.68,1.11
deadband,light_fixed,deadband_mps,2.0,on,9.15,0.00,0.00,-0.000,-0.000,-0.008,-0.173,0.023,1.66,1.10
deadband,light_fixed,deadband_mps,2.0,on,9.20,0.00,0.00,-0.000,-0.000,-0.012,-0.173,0.026,1.64,1.10
deadband,light_fixed,deadband_mps,2.0,on,9.25,0.00,0.00,-0.000,-0.000,-0.014,-0.174,0.027,1.62,1.09
deadband,light_fixed,deadband_mps,2.0,on,9.30,0.00,0.00,-0.000,-0.000,-0.017,-0.174,0.029,1.60,1.09
deadband,light_fixed,deadband_mps,2.0,on,9.35,0.00,0.00,-0.000,-0.000,-0.019,-0.174,0.031,1.58,1.09
deadband,light_fixed,deadband_mps,2.0,on,9.40,0.00,0.00,-0.000,-0.000,-0.023,-0.175,0.034,1.56,1.09
deadband,light_fixed,deadband_mps,2.0,on,9.45,0.00,0.00,-0.000,-0.000,-0.025,-0.175,0.036,1.54,1.09
deadband,light_fixed,deadband_mps,2.0,on,9.50,0.00,0.00,-0.000,-0.000,-0.029,-0.175,0.038,1.52,1.10
deadband,light_fixed,deadband_mps,2.0,on,9.55,0.00,0.00,-0.000,-0.000,-0.030,-0.175,0.040,1.50,1.10
deadband,light_fixed,deadband_mps,2.0,on,9.60,0.00,0.00,-0.000,-0.000,-0.033,-0.175,0.042,1.47,1.10
deadband,light_fixed,deadband_mps,2.0,on,9.65,0.00,0.00,-0.000,-0.000,-0.034,-0.175,0.043,1.46,1.11
deadband,light_fixed,deadband_mps,2.0,on,9.70,0.00,0.00,-0.000,-0.000,-0.036,-0.175,0.044,1.45,1.11
deadband,light_fixed,deadband_mps,2.0,on,9.75,0.00,0.00,-0.000,-0.000,-0.037,-0.175,0.045,1.44,1.12
deadband,light_fixed,deadband_mps,2.0,on,9.80,0.00,0.00,-0.000,-0.000,-0.038,-0.174,0.046,1.44,1.13
deadband,light_fixed,deadband_mps,2.0,on,9.85,0.00,0.00,-0.000,-0.000,-0.039,-0.174,0.046,1.44,1.13
deadband,light_fixed,deadband_mps,2.0,on,9.90,0.00,0.00,-0.000,-0.000,-0.039,-0.173,0.046,1.44,1.14
deadband,light_fixed,deadband_mps,2.0,on,9.95,0.00,0.00,-0.000,-0.000,-0.038,-0.172,0.045,1.45,1.15
deadband,light_fixed,deadband_mps,2.0,on,10.00,0.00,0.00,-0.000,-0.000,0.005,-0.133,0.019,2.07,1.38
deadband,light_fixed,deadband_mps,2.0,on,10.05,0.00,0.00,-0.000,-0.000,0.005,-0.133,0.019,2.07,1.38
deadband,light_fixed,deadband_mps,2.0,on,10.10,0.00,0.00,-0.000,-0.000,0.006,-0.132,0.020,2.07,1.38
deadband,light_fixed,deadband_mps,2.0,on,10.15,0.00,0.00,-0.000,-0.000,0.007,-0.131,0.021,2.08,1.38
deadband,light_fixed,deadband_mps,2.0,on,10.20,0.00,0.00,-0.000,-0.000,0.008,-0.131,0.021,2.07,1.37
deadband,light_fixed,deadband_mps,2.0,on,10.25,0.00,0.00,-0.000,-0.000,0.009,-0.131,0.022,2.07,1.37
deadband,light_fixed,deadband_mps,2.0,on,10.30,0.00,0.00,-0.000,-0.000,0.009,-0.131,0.022,2.07,1.36
deadband,light_fixed,deadband_mps,2.0,on,10.35,0.00,0.00,-0.000,-0.000,0.009,-0.131,0.022,2.07,1.34
deadband,light_fixed,deadband_mps,2.0,on,10.40,0.00,0.00,-0.000,-0.000,0.009,-0.131,0.022,2.05,1.33
deadband,light_fixed,deadband_mps,2.0,on,10.45,0.00,0.00,-0.000,-0.000,0.010,-0.131,0.022,2.04,1.32
deadband,light_fixed,deadband_mps,2.0,on,10.50,0.00,0.00,-0.000,-0.000,0.010,-0.132,0.022,2.03,1.30
deadband,light_fixed,deadband_mps,2.0,on,10.55,0.00,0.00,-0.000,-0.000,0.010,-0.132,0.021,2.01,1.29
deadband,light_fixed,deadband_mps,2.0,on,10.60,0.00,0.00,-0.000,-0.000,0.010,-0.132,0.021,2.00,1.27
deadband,light_fixed,deadband_mps,2.0,on,10.65,0.00,0.00,-0.000,-0.000,0.010,-0.133,0.021,1.98,1.26
deadband,light_fixed,deadband_mps,2.0,on,10.70,0.00,0.00,-0.000,-0.000,0.010,-0.133,0.021,1.96,1.24
deadband,light_fixed,deadband_mps,2.0,on,10.75,0.00,0.00,-0.000,-0.000,0.011,-0.133,0.020,1.95,1.23
deadband,light_fixed,deadband_mps,2.0,on,10.80,0.00,0.00,-0.000,-0.000,0.011,-0.134,0.020,1.94,1.22
deadband,light_fixed,deadband_mps,2.0,on,10.85,0.00,0.00,-0.000,-0.000,0.012,-0.134,0.020,1.93,1.21
deadband,light_fixed,deadband_mps,2.0,on,10.90,0.00,0.00,-0.000,-0.000,0.012,-0.134,0.020,1.93,1.20
deadband,light_fixed,deadband_mps,2.0,on,10.95,0.00,0.00,-0.000,-0.000,0.012,-0.134,0.020,1.92,1.19
deadband,light_fixed,deadband_mps,2.0,on,11.00,0.00,0.00,-0.000,-0.000,0.009,-0.134,0.019,1.85,1.23
deadband,light_fixed,deadband_mps,2.0,on,11.05,0.00,0.00,-0.000,-0.000,0.009,-0.134,0.019,1.85,1.23
deadband,light_fixed,deadband_mps,2.0,on,11.10,0.00,0.00,-0.000,-0.000,0.008,-0.134,0.018,1.84,1.23
deadband,light_fixed,deadband_mps,2.0,on,11.15,0.00,0.00,-0.000,-0.000,0.007,-0.136,0.017,1.82,1.22
deadband,light_fixed,deadband_mps,2.0,on,11.20,0.00,0.00,-0.000,-0.000,0.007,-0.136,0.016,1.81,1.22
deadband,light_fixed,deadband_mps,2.0,on,11.25,0.00,0.00,-0.000,-0.000,0.007,-0.138,0.015,1.81,1.21
deadband,light_fixed,deadband_mps,2.0,on,11.30,0.00,0.00,-0.000,-0.000,0.007,-0.139,0.014,1.80,1.19
deadband,light_fixed,deadband_mps,2.0,on,11.35,0.00,0.00,-0.000,-0.000,0.007,-0.140,0.013,1.80,1.18
deadband,light_fixed,deadband_mps,2.0,on,11.40,0.00,0.00,-0.000,-0.000,0.007,-0.141,0.012,1.80,1.16
deadband,light_fixed,deadband_mps,2.0,on,11.45,0.00,0.00,-0.000,-0.000,0.007,-0.142,0.011,1.80,1.15
deadband,light_fixed,deadband_mps,2.0,on,11.50,0.00,0.00,-0.000,-0.000,0.007,-0.143,0.010,1.80,1.13
deadband,light_fixed,deadband_mps,2.0,on,11.55,0.00,0.00,-0.000,-0.000,0.007,-0.144,0.009,1.80,1.12
deadband,light_fixed,deadband_mps,2.0,on,11.60,0.00,0.00,-0.000,-0.000,0.007,-0.145,0.009,1.81,1.10
deadband,light_fixed,deadband_mps,2.0,on,11.65,0.00,0.00,-0.000,-0.000,0.008,-0.146,0.008,1.82,1.09
deadband,light_fixed,deadband_mps,2.0,on,11.70,0.00,0.00,-0.000,-0.000,0.008,-0.147,0.008,1.82,1.08
deadband,light_fixed,deadband_mps,2.0,on,11.75,0.00,0.00,-0.000,-0.000,0.008,-0.148,0.008,1.83,1.07
deadband,light_fixed,deadband_mps,2.0,on,11.80,0.00,0.00,-0.000,-0.000,0.008,-0.148,0.008,1.84,1.07
deadband,light_fixed,deadband_mps,2.0,on,11.85,0.00,0.00,-0.000,-0.000,0.008,-0.149,0.007,1.84,1.06
deadband,light_fixed,deadband_mps,2.0,on,11.90,0.00,0.00,-0.000,-0.000,0.008,-0.149,0.007,1.85,1.06
deadband,light_fixed,deadband_mps,2.0,on,11.95,0.00,0.00,-0.000,-0.000,0.009,-0.150,0.007,1.86,1.06
deadband,light_fixed,deadband_mps,2.0,on,12.00,0.00,0.00,-0.000,-0.000,0.015,-0.152,0.014,1.95,1.12
deadband,light_fixed,deadband_mps,2.0,on,12.05,0.00,0.00,-0.000,-0.000,0.015,-0.152,0.014,1.95,1.12
deadband,light_fixed,deadband_mps,2.0,on,12.10,0.00,0.00,-0.000,-0.000,0.013,-0.153,0.011,1.93,1.11
deadband,light_fixed,deadband_mps,2.0,on,12.15,0.00,0.00,-0.000,-0.000,0.012,-0.153,0.010,1.92,1.11
deadband,light_fixed,deadband_mps,2.0,on,12.20,0.00,0.00,-0.000,-0.000,0.009,-0.153,0.008,1.89,1.11
deadband,light_fixed,deadband_mps,2.0,on,12.25,0.00,0.00,-0.000,-0.000,0.007,-0.154,0.006,1.87,1.11
deadband,light_fixed,deadband_mps,2.0,on,12.30,0.00,0.00,-0.000,-0.000,0.004,-0.154,0.004,1.84,1.11
deadband,light_fixed,deadband_mps,2.0,on,12.35,0.00,0.00,-0.000,-0.000,0.002,-0.154,0.003,1.82,1.12
deadband,light_fixed,deadband_mps,2.0,on,12.40,0.00,0.00,-0.000,-0.000,-0.001,-0.155,0.004,1.78,1.12
deadband,light_fixed,deadband_mps,2.0,on,12.45,0.00,0.00,-0.000,-0.000,-0.003,-0.155,0.006,1.75,1.13
deadband,light_fixed,deadband_mps,2.0,on,12.50,0.00,0.00,-0.000,-0.000,-0.007,-0.156,0.009,1.71,1.13
deadband,light_fixed,deadband_mps,2.0,on,12.55,0.00,0.00,-0.000,-0.000,-0.008,-0.156,0.011,1.69,1.14
deadband,light_fixed,deadband_mps,2.0,on,12.60,0.00,0.00,-0.000,-0.000,-0.011,-0.157,0.014,1.66,1.14
deadband,light_fixed,deadband_mps,2.0,on,12.65,0.00,0.00,-0.000,-0.000,-0.013,-0.157,0.016,1.64,1.15
deadband,light_fixed,deadband_mps,2.0,on,12.70,0.00,0.00,-0.000,-0.000,-0.017,-0.159,0.019,1.61,1.15
deadband,light_fixed,deadband_mps,2.0,on,12.75,0.00,0.00,-0.000,-0.000,-0.018,-0.159,0.021,1.59,1.15
deadband,light_fixed,deadband_mps,2.0,on,12.80,0.00,0.00,-0.000,-0.000,-0.022,-0.160,0.024,1.57,1.15
deadband,light_fixed,deadband_mps,2.0,on,12.85,0.00,0.00,-0.000,-0.000,-0.024,-0.160,0.026,1.56,1.15
deadband,light_fixed,deadband_mps,2.0,on,12.90,0.00,0.00,-0.000,-0.000,-0.027,-0.161,0.030,1.54,1.15
deadband,light_fixed,deadband_mps,2.0,on,12.95,0.00,0.00,-0.000,-0.000,-0.028,-0.161,0.031,1.52,1.15
deadband,light_fixed,deadband_mps,2.0,on,13.00,0.00,0.00,-0.000,-0.000,-0.008,-0.156,0.011,1.91,1.15
deadband,light_fixed,deadband_mps,2.0,on,13.05,0.00,0.00,-0.000,-0.000,-0.008,-0.156,0.011,1.91,1.15
deadband,light_fixed,deadband_mps,2.0,on,13.10,0.00,0.00,-0.000,-0.000,-0.005,-0.155,0.008,1.94,1.16
deadband,light_fixed,deadband_mps,2.0,on,13.15,0.00,0.00,-0.000,-0.000,-0.004,-0.155,0.006,1.97,1.17
deadband,light_fixed,deadband_mps,2.0,on,13.20,0.00,0.00,-0.000,-0.000,-0.002,-0.154,0.004,1.99,1.18
deadband,light_fixed,deadband_mps,2.0,on,13.25,0.00,0.00,-0.000,-0.000,-0.001,-0.153,0.003,2.01,1.19
deadband,light_fixed,deadband_mps,2.0,on,13.30,0.00,0.00,-0.000,-0.000,0.001,-0.152,0.001,2.02,1.19
deadband,light_fixed,deadband_mps,2.0,on,13.35,0.00,0.00,-0.000,-0.000,0.002,-0.152,0.001,2.03,1.19
deadband,light_fixed,deadband_mps,2.0,on,13.40,0.00,0.00,-0.000,-0.000,0.004,-0.151,0.003,2.03,1.20
deadband,light_fixed,deadband_mps,2.0,on,13.45,0.00,0.00,-0.000,-0.000,0.005,-0.150,0.004,2.04,1.20
deadband,light_fixed,deadband_mps,2.0,on,13.50,0.00,0.00,-0.000,-0.000,0.007,-0.148,0.006,2.03,1.20
deadband,light_fixed,deadband_mps,2.0,on,13.55,0.00,0.00,-0.000,-0.000,0.007,-0.147,0.007,2.03,1.21
deadband,light_fixed,deadband_mps,2.0,on,13.60,0.00,0.00,-0.000,-0.000,0.009,-0.146,0.009,2.03,1.21
deadband,light_fixed,deadband_mps,2.0,on,13.65,0.00,0.00,-0.000,-0.000,0.010,-0.145,0.011,2.03,1.22
deadband,light_fixed,deadband_mps,2.0,on,13.70,0.02,0.02,-0.003,-0.003,0.011,-0.143,0.013,2.03,1.23
deadband,light_fixed,deadband_mps,2.0,on,13.75,0.05,0.04,-0.008,-0.006,0.011,-0.142,0.014,2.03,1.24
deadband,light_fixed,deadband_mps,2.0,on,13.80,0.08,0.06,-0.011,-0.009,0.012,-0.139,0.016,2.03,1.25
deadband,light_fixed,deadband_mps,2.0,on,13.85,0.10,0.08,-0.015,-0.012,0.012,-0.138,0.017,2.03,1.26
deadband,light_fixed,deadband_mps,2.0,on,13.90,0.13,0.10,-0.020,-0.015,0.013,-0.136,0.019,2.03,1.28
deadband,light_fixed,deadband_mps,2.0,on,13.95,0.16,0.12,-0.023,-0.018,0.013,-0.136,0.020,2.04,1.30
deadband,light_fixed,deadband_mps,2.0,on,14.00,0.15,0.11,-0.023,-0.017,0.025,-0.140,0.026,2.01,1.17
deadband,light_fixed,deadband_mps,2.0,on,14.05,0.12,0.09,-0.019,-0.014,0.025,-0.140,0.026,2.01,1.17
deadband,light_fixed,deadband_mps,2.0,on,14.10,0.08,0.06,-0.012,-0.009,0.026,-0.141,0.026,2.00,1.15
deadband,light_fixed,deadband_mps,2.0,on,14.15,0.03,0.02,-0.005,-0.004,0.026,-0.141,0.026,2.00,1.14
deadband,light_fixed,deadband_mps,2.0,on,14.20,0.00,0.00,-0.000,-0.000,0.026,-0.142,0.026,1.99,1.13
deadband,light_fixed,deadband_mps,2.0,on,14.25,0.00,0.00,-0.000,-0.000,0.026,-0.143,0.026,1.98,1.11
deadband,light_fixed,deadband_mps,2.0,on,14.30,0.00,0.00,-0.000,-0.000,0.025,-0.143,0.025,1.97,1.10
deadband,light_fixed,deadband_mps,2.0,on,14.35,0.00,0.00,-0.000,-0.000,0.025,-0.144,0.025,1.94,1.08
deadband,light_fixed,deadband_mps,2.0,on,14.40,0.00,0.00,-0.000,-0.000,0.024,-0.145,0.023,1.92,1.07
deadband,light_fixed,deadband_mps,2.0,on,14.45,0.00,0.00,-0.000,-0.000,0.023,-0.146,0.022,1.89,1.06
deadband,light_fixed,deadband_mps,2.0,on,14.50,0.00,0.00,-0.000,-0.000,0.021,-0.147,0.020,1.87,1.05
deadband,light_fixed,deadband_mps,2.0,on,14.55,0.00,0.00,-0.000,-0.000,0.020,-0.148,0.019,1.84,1.05
deadband,light_fixed,deadband_mps,2.0,on,14.60,0.00,0.00,-0.000,-0.000,0.018,-0.149,0.017,1.82,1.05
deadband,light_fixed,deadband_mps,2.0,on,14.65,0.00,0.00,-0.000,-0.000,0.017,-0.150,0.016,1.80,1.05
deadband,light_fixed,deadband_mps,2.0,on,14.70,0.00,0.00,-0.000,-0.000,0.015,-0.151,0.014,1.79,1.04
deadband,light_fixed,deadband_mps,2.0,on,14.75,0.00,0.00,-0.000,-0.000,0.015,-0.152,0.013,1.77,1.04
deadband,light_fixed,deadband_mps,2.0,on,14.80,0.00,0.00,-0.000,-0.000,0.013,-0.154,0.012,1.76,1.04
deadband,light_fixed,deadband_mps,2.0,on,14.85,0.00,0.00,-0.000,-0.000,0.012,-0.155,0.011,1.74,1.04
deadband,light_fixed,deadband_mps,2.0,on,14.90,0.00,0.00,-0.000,-0.000,0.010,-0.157,0.010,1.73,1.04
deadband,light_fixed,deadband_mps,2.0,on,14.95,0.00,0.00,-0.000,-0.000,0.009,-0.158,0.010,1.72,1.03
deadband,light_fixed,deadband_mps,2.0,on,15.00,0.00,0.00,-0.000,-0.000,-0.018,-0.164,0.023,1.63,1.12
deadband,light_fixed,deadband_mps,2.0,on,15.05,0.00,0.00,-0.000,-0.000,-0.018,-0.164,0.023,1.63,1.12
deadband,light_fixed,deadband_mps,2.0,on,15.10,0.00,0.00,-0.000,-0.000,-0.019,-0.163,0.024,1.63,1.14
deadband,light_fixed,deadband_mps,2.0,on,15.15,0.00,0.00,-0.000,-0.000,-0.020,-0.163,0.024,1.63,1.16
deadband,light_fixed,deadband_mps,2.0,on,15.20,0.00,0.00,-0.000,-0.000,-0.020,-0.162,0.024,1.63,1.16
deadband,light_fixed,deadband_mps,2.0,on,15.25,0.00,0.00,-0.000,-0.000,-0.021,-0.162,0.024,1.63,1.18
deadband,light_fixed,deadband_mps,2.0,on,15.30,0.00,0.00,-0.000,-0.000,-0.021,-0.162,0.025,1.63,1.18
deadband,light_fixed,deadband_mps,2.0,on,15.35,0.00,0.00,-0.000,-0.000,-0.021,-0.162,0.025,1.64,1.19
deadband,light_fixed,deadband_mps,2.0,on,15.40,0.00,0.00,-0.000,-0.000,-0.021,-0.163,0.025,1.64,1.19
deadband,light_fixed,deadband_mps,2.0,on,15.45,0.00,0.00,-0.000,-0.000,-0.021,-0.163,0.025,1.65,1.18
deadband,light_fixed,deadband_mps,2.0,on,15.50,0.00,0.00,-0.000,-0.000,-0.021,-0.162,0.025,1.65,1.18
deadband,light_fixed,deadband_mps,2.0,on,15.55,0.00,0.00,-0.000,-0.000,-0.021,-0.162,0.024,1.66,1.18
deadband,light_fixed,deadband_mps,2.0,on,15.60,0.00,0.00,-0.000,-0.000,-0.020,-0.161,0.023,1.66,1.17
deadband,light_fixed,deadband_mps,2.0,on,15.65,0.00,0.00,-0.000,-0.000,-0.020,-0.160,0.023,1.68,1.17
deadband,light_fixed,deadband_mps,2.0,on,15.70,0.00,0.00,-0.000,-0.000,-0.018,-0.159,0.021,1.69,1.17
deadband,light_fixed,deadband_mps,2.0,on,15.75,0.00,0.00,-0.000,-0.000,-0.018,-0.158,0.020,1.70,1.18
deadband,light_fixed,deadband_mps,2.0,on,15.80,0.00,0.00,-0.000,-0.000,-0.016,-0.157,0.018,1.72,1.18
deadband,light_fixed,deadband_mps,2.0,on,15.85,0.00,0.00,-0.000,-0.000,-0.015,-0.156,0.017,1.74,1.19
deadband,light_fixed,deadband_mps,2.0,on,15.90,0.00,0.00,-0.000,-0.000,-0.014,-0.154,0.016,1.75,1.19
deadband,light_fixed,deadband_mps,2.0,on,15.95,0.00,0.00,-0.000,-0.000,-0.014,-0.153,0.015,1.78,1.20
deadband,light_fixed,deadband_mps,2.0,on,16.00,0.00,0.00,-0.000,-0.000,0.019,-0.109,0.046,2.12,1.45
deadband,light_fixed,deadband_mps,2.0,on,16.05,0.00,0.00,-0.000,-0.000,0.019,-0.109,0.046,2.12,1.45
deadband,light_fixed,deadband_mps,2.0,on,16.10,0.00,0.00,-0.000,-0.000,0.020,-0.108,0.047,2.11,1.45
deadband,light_fixed,deadband_mps,2.0,on,16.15,0.00,0.00,-0.000,-0.000,0.020,-0.108,0.047,2.10,1.45
deadband,light_fixed,deadband_mps,2.0,on,16.20,0.00,0.00,-0.000,-0.000,0.021,-0.108,0.048,2.09,1.44
deadband,light_fixed,deadband_mps,2.0,on,16.25,0.00,0.00,-0.000,-0.000,0.022,-0.108,0.048,2.08,1.44
deadband,light_fixed,deadband_mps,2.0,on,16.30,0.00,0.00,-0.000,-0.000,0.023,-0.108,0.048,2.06,1.43
deadband,light_fixed,deadband_mps,2.0,on,16.35,0.00,0.00,-0.000,-0.000,0.024,-0.109,0.048,2.05,1.41
deadband,light_fixed,deadband_mps,2.0,on,16.40,0.00,0.00,-0.000,-0.000,0.025,-0.110,0.048,2.04,1.40
deadband,light_fixed,deadband_mps,2.0,on,16.45,0.00,0.00,-0.000,-0.000,0.026,-0.110,0.048,2.04,1.38
deadband,light_fixed,deadband_mps,2.0,on,16.50,0.00,0.00,-0.000,-0.000,0.028,-0.112,0.048,2.04,1.36
deadband,light_fixed,deadband_mps,2.0,on,16.55,0.00,0.00,-0.000,-0.000,0.029,-0.112,0.048,2.04,1.33
deadband,light_fixed,deadband_mps,2.0,on,16.60,0.00,0.00,-0.000,-0.000,0.030,-0.113,0.048,2.04,1.31
deadband,light_fixed,deadband_mps,2.0,on,16.65,0.00,0.00,-0.000,-0.000,0.031,-0.114,0.048,2.05,1.28
deadband,light_fixed,deadband_mps,2.0,on,16.70,0.00,0.00,-0.000,-0.000,0.032,-0.115,0.048,2.05,1.26
deadband,light_fixed,deadband_mps,2.0,on,16.75,0.00,0.00,-0.000,-0.000,0.032,-0.115,0.048,2.06,1.24
deadband,light_fixed,deadband_mps,2.0,on,16.80,0.00,0.00,-0.000,-0.000,0.033,-0.117,0.047,2.06,1.22
deadband,light_fixed,deadband_mps,2.0,on,16.85,0.00,0.00,-0.000,-0.000,0.034,-0.117,0.047,2.06,1.21
deadband,light_fixed,deadband_mps,2.0,on,16.90,0.00,0.00,-0.000,-0.000,0.034,-0.119,0.046,2.06,1.19
deadband,light_fixed,deadband_mps,2.0,on,16.95,0.00,0.00,-0.000,-0.000,0.034,-0.120,0.045,2.06,1.18
deadband,light_fixed,deadband_mps,2.0,on,17.00,0.00,0.00,-0.000,-0.000,0.028,-0.154,0.027,1.93,0.95
deadband,light_fixed,deadband_mps,2.0,on,17.05,0.00,0.00,-0.000,-0.000,0.028,-0.154,0.027,1.93,0.95
deadband,light_fixed,deadband_mps,2.0,on,17.10,0.00,0.00,-0.000,-0.000,0.027,-0.155,0.026,1.91,0.96
deadband,light_fixed,deadband_mps,2.0,on,17.15,0.00,0.00,-0.000,-0.000,0.026,-0.155,0.025,1.90,0.96
deadband,light_fixed,deadband_mps,2.0,on,17.20,0.00,0.00,-0.000,-0.000,0.025,-0.156,0.024,1.89,0.97
deadband,light_fixed,deadband_mps,2.0,on,17.25,0.00,0.00,-0.000,-0.000,0.024,-0.157,0.023,1.87,0.98
deadband,light_fixed,deadband_mps,2.0,on,17.30,0.00,0.00,-0.000,-0.000,0.022,-0.157,0.021,1.87,0.99
deadband,light_fixed,deadband_mps,2.0,on,17.35,0.00,0.00,-0.000,-0.000,0.021,-0.157,0.020,1.86,1.00
deadband,light_fixed,deadband_mps,2.0,on,17.40,0.00,0.00,-0.000,-0.000,0.019,-0.158,0.018,1.85,1.01
deadband,light_fixed,deadband_mps,2.0,on,17.45,0.00,0.00,-0.000,-0.000,0.017,-0.159,0.017,1.83,1.02
deadband,light_fixed,deadband_mps,2.0,on,17.50,0.00,0.00,-0.000,-0.000,0.015,-0.159,0.015,1.82,1.03
deadband,light_fixed,deadband_mps,2.0,on,17.55,0.00,0.00,-0.000,-0.000,0.013,-0.160,0.015,1.81,1.04
deadband,light_fixed,deadband_mps,2.0,on,17.60,0.00,0.00,-0.000,-0.000,0.011,-0.162,0.014,1.79,1.05
deadband,light_fixed,deadband_mps,2.0,on,17.65,0.00,0.00,-0.000,-0.000,0.009,-0.163,0.014,1.78,1.05
deadband,light_fixed,deadband_mps,2.0,on,17.70,0.00,0.00,-0.000,-0.000,0.007,-0.165,0.015,1.76,1.05
deadband,light_fixed,deadband_mps,2.0,on,17.75,0.00,0.00,-0.000,-0.000,0.005,-0.167,0.016,1.74,1.05
deadband,light_fixed,deadband_mps,2.0,on,17.80,0.00,0.00,-0.000,-0.000,0.002,-0.170,0.018,1.72,1.04
deadband,light_fixed,deadband_mps,2.0,on,17.85,0.00,0.00,-0.000,-0.000,0.001,-0.172,0.020,1.69,1.02
deadband,light_fixed,deadband_mps,2.0,on,17.90,0.00,0.00,-0.000,-0.000,-0.002,-0.175,0.024,1.67,1.00
deadband,light_fixed,deadband_mps,2.0,on,17.95,0.00,0.00,-0.000,-0.000,-0.004,-0.177,0.026,1.65,0.98
deadband,light_gust,baseline_off,0.0,off,0.00,0.00,0.00,0.000,0.000,-0.111,-0.254,0.052,0.27,0.72
deadband,light_gust,baseline_off,0.0,off,0.05,0.00,0.00,0.000,0.000,-0.111,-0.254,0.052,0.27,0.72
deadband,light_gust,baseline_off,0.0,off,0.10,0.00,0.00,0.000,0.000,-0.113,-0.255,0.053,0.24,0.68
deadband,light_gust,baseline_off,0.0,off,0.15,0.00,0.00,0.000,0.000,-0.115,-0.257,0.055,0.22,0.65
deadband,light_gust,baseline_off,0.0,off,0.20,0.00,0.00,0.000,0.000,-0.116,-0.258,0.057,0.19,0.61
deadband,light_gust,baseline_off,0.0,off,0.25,0.00,0.00,0.000,0.000,-0.117,-0.260,0.058,0.17,0.58
deadband,light_gust,baseline_off,0.0,off,0.30,0.00,0.00,0.000,0.000,-0.118,-0.261,0.059,0.16,0.55
deadband,light_gust,baseline_off,0.0,off,0.35,0.00,0.00,0.000,0.000,-0.119,-0.263,0.060,0.15,0.53
deadband,light_gust,baseline_off,0.0,off,0.40,0.00,0.00,0.000,0.000,-0.119,-0.264,0.061,0.15,0.51
deadband,light_gust,baseline_off,0.0,off,0.45,0.00,0.00,0.000,0.000,-0.119,-0.266,0.061,0.16,0.50
deadband,light_gust,baseline_off,0.0,off,0.50,0.00,0.00,0.000,0.000,-0.119,-0.266,0.061,0.18,0.50
deadband,light_gust,baseline_off,0.0,off,0.55,0.00,0.00,0.000,0.000,-0.118,-0.267,0.060,0.20,0.49
deadband,light_gust,baseline_off,0.0,off,0.60,0.00,0.00,0.000,0.000,-0.117,-0.267,0.060,0.24,0.50
deadband,light_gust,baseline_off,0.0,off,0.65,0.00,0.00,0.000,0.000,-0.116,-0.266,0.058,0.27,0.51
deadband,light_gust,baseline_off,0.0,off,0.70,0.00,0.00,0.000,0.000,-0.115,-0.266,0.058,0.32,0.53
deadband,light_gust,baseline_off,0.0,off,0.75,0.00,0.00,0.000,0.000,-0.114,-0.264,0.056,0.37,0.55
deadband,light_gust,baseline_off,0.0,off,0.80,0.00,0.00,0.000,0.000,-0.113,-0.262,0.055,0.43,0.59
deadband,light_gust,baseline_off,0.0,off,0.85,0.00,0.00,0.000,0.000,-0.111,-0.260,0.052,0.48,0.62
deadband,light_gust,baseline_off,0.0,off,0.90,0.00,0.00,0.000,0.000,-0.111,-0.258,0.051,0.55,0.67
deadband,light_gust,baseline_off,0.0,off,0.95,0.00,0.00,0.000,0.000,-0.109,-0.255,0.049,0.60,0.71
deadband,light_gust,baseline_off,0.0,off,1.00,0.00,0.00,0.000,0.000,-0.064,-0.169,0.084,1.68,1.70
deadband,light_gust,baseline_off,0.0,off,1.05,0.00,0.00,0.000,0.000,-0.064,-0.169,0.084,1.68,1.70
deadband,light_gust,baseline_off,0.0,off,1.10,0.00,0.00,0.000,0.000,-0.061,-0.165,0.087,1.71,1.71
deadband,light_gust,baseline_off,0.0,off,1.15,0.00,0.00,0.000,0.000,-0.059,-0.163,0.089,1.74,1.71
deadband,light_gust,baseline_off,0.0,off,1.20,0.00,0.00,0.000,0.000,-0.056,-0.159,0.093,1.76,1.71
deadband,light_gust,baseline_off,0.0,off,1.25,0.00,0.00,0.000,0.000,-0.054,-0.157,0.095,1.78,1.72
deadband,light_gust,baseline_off,0.0,off,1.30,0.00,0.00,0.000,0.000,-0.050,-0.154,0.099,1.80,1.72
deadband,light_gust,baseline_off,0.0,off,1.35,0.00,0.00,0.000,0.000,-0.048,-0.152,0.101,1.82,1.72
deadband,light_gust,baseline_off,0.0,off,1.40,0.00,0.00,0.000,0.000,-0.042,-0.148,0.106,1.85,1.72
deadband,light_gust,baseline_off,0.0,off,1.45,0.00,0.00,0.000,0.000,-0.040,-0.146,0.108,1.89,1.73
deadband,light_gust,baseline_off,0.0,off,1.50,0.00,0.00,0.000,0.000,-0.035,-0.143,0.112,1.93,1.73
deadband,light_gust,baseline_off,0.0,off,1.55,0.00,0.00,0.000,0.000,-0.032,-0.142,0.113,1.98,1.74
deadband,light_gust,baseline_off,0.0,off,1.60,0.00,0.00,0.000,0.000,-0.026,-0.140,0.117,2.03,1.74
deadband,light_gust,baseline_off,0.0,off,1.65,0.00,0.00,0.000,0.000,-0.023,-0.139,0.119,2.08,1.75
deadband,light_gust,baseline_off,0.0,off,1.70,0.00,0.00,0.000,0.000,-0.017,-0.138,0.122,2.14,1.75
deadband,light_gust,baseline_off,0.0,off,1.75,0.00,0.00,0.000,0.000,-0.014,-0.138,0.123,2.20,1.74
deadband,light_gust,baseline_off,0.0,off,1.80,0.00,0.00,0.000,0.000,-0.008,-0.138,0.126,2.25,1.74
deadband,light_gust,baseline_off,0.0,off,1.85,0.00,0.00,0.000,0.000,-0.005,-0.138,0.127,2.31,1.73
deadband,light_gust,baseline_off,0.0,off,1.90,0.00,0.00,0.000,0.000,0.002,-0.138,0.129,2.36,1.71
deadband,light_gust,baseline_off,0.0,off,1.95,0.00,0.00,0.000,0.000,0.005,-0.139,0.130,2.42,1.70
deadband,light_gust,baseline_off,0.0,off,2.00,0.00,0.00,0.000,0.000,0.091,-0.181,0.166,3.05,1.29
deadband,light_gust,baseline_off,0.0,off,2.05,0.00,0.00,0.000,0.000,0.091,-0.181,0.166,3.05,1.29
deadband,light_gust,baseline_off,0.0,off,2.10,0.00,0.00,0.000,0.000,0.093,-0.186,0.166,3.04,1.27
deadband,light_gust,baseline_off,0.0,off,2.15,0.00,0.00,0.000,0.000,0.093,-0.188,0.166,3.02,1.24
deadband,light_gust,baseline_off,0.0,off,2.20,0.00,0.00,0.000,0.000,0.095,-0.193,0.166,3.01,1.23
deadband,light_gust,baseline_off,0.0,off,2.25,0.00,0.00,0.000,0.000,0.096,-0.196,0.166,2.99,1.20
deadband,light_gust,baseline_off,0.0,off,2.30,0.00,0.00,0.000,0.000,0.098,-0.201,0.166,2.97,1.18
deadband,light_gust,baseline_off,0.0,off,2.35,0.00,0.00,0.000,0.000,0.099,-0.203,0.166,2.96,1.16
deadband,light_gust,baseline_off,0.0,off,2.40,0.00,0.00,0.000,0.000,0.101,-0.208,0.166,2.95,1.14
deadband,light_gust,baseline_off,0.0,off,2.45,0.00,0.00,0.000,0.000,0.101,-0.210,0.166,2.95,1.11
deadband,light_gust,baseline_off,0.0,off,2.50,0.00,0.00,0.000,0.000,0.102,-0.215,0.166,2.95,1.10
deadband,light_gust,baseline_off,0.0,off,2.55,0.00,0.00,0.000,0.000,0.103,-0.217,0.166,2.95,1.08
deadband,light_gust,baseline_off,0.0,off,2.60,0.00,0.00,0.000,0.000,0.103,-0.223,0.165,2.95,1.06
deadband,light_gust,baseline_off,0.0,off,2.65,0.00,0.00,0.000,0.000,0.103,-0.225,0.165,2.94,1.04
deadband,light_gust,baseline_off,0.0,off,2.70,0.00,0.00,0.000,0.000,0.103,-0.230,0.164,2.94,1.03
deadband,light_gust,baseline_off,0.0,off,2.75,0.00,0.00,0.000,0.000,0.102,-0.233,0.163,2.94,1.02
deadband,light_gust,baseline_off,0.0,off,2.80,0.00,0.00,0.000,0.000,0.101,-0.238,0.161,2.93,1.00
deadband,light_gust,baseline_off,0.0,off,2.85,0.00,0.00,0.000,0.000,0.100,-0.240,0.159,2.91,0.99
deadband,light_gust,baseline_off,0.0,off,2.90,0.00,0.00,0.000,0.000,0.097,-0.245,0.157,2.90,0.98
deadband,light_gust,baseline_off,0.0,off,2.95,0.00,0.00,0.000,0.000,0.096,-0.247,0.155,2.88,0.96
deadband,light_gust,baseline_off,0.0,off,3.00,0.00,0.00,0.000,0.000,-0.011,-0.271,0.052,2.08,1.31
deadband,light_gust,baseline_off,0.0,off,3.05,0.00,0.00,0.000,0.000,-0.011,-0.271,0.052,2.08,1.31
deadband,light_gust,baseline_off,0.0,off,3.10,0.00,0.00,0.000,0.000,-0.019,-0.270,0.044,2.05,1.34
deadband,light_gust,baseline_off,0.0,off,3.15,0.00,0.00,0.000,0.000,-0.023,-0.270,0.040,2.02,1.38
deadband,light_gust,baseline_off,0.0,off,3.20,0.00,0.00,0.000,0.000,-0.031,-0.269,0.033,2.00,1.41
deadband,light_gust,baseline_off,0.0,off,3.25,0.00,0.00,0.000,0.000,-0.035,-0.269,0.030,1.97,1.43
deadband,light_gust,baseline_off,0.0,off,3.30,0.00,0.00,0.000,0.000,-0.041,-0.268,0.024,1.95,1.46
deadband,light_gust,baseline_off,0.0,off,3.35,0.00,0.00,0.000,0.000,-0.044,-0.268,0.022,1.93,1.48
deadband,light_gust,baseline_off,0.0,off,3.40,0.00,0.00,0.000,0.000,-0.051,-0.268,0.017,1.91,1.49
deadband,light_gust,baseline_off,0.0,off,3.45,0.00,0.00,0.000,0.000,-0.054,-0.268,0.016,1.89,1.50
deadband,light_gust,baseline_off,0.0,off,3.50,0.00,0.00,0.000,0.000,-0.059,-0.267,0.015,1.88,1.51
deadband,light_gust,baseline_off,0.0,off,3.55,0.00,0.00,0.000,0.000,-0.062,-0.267,0.015,1.86,1.51
deadband,light_gust,baseline_off,0.0,off,3.60,0.00,0.00,0.000,0.000,-0.067,-0.266,0.015,1.85,1.51
deadband,light_gust,baseline_off,0.0,off,3.65,0.00,0.00,0.000,0.000,-0.069,-0.265,0.016,1.83,1.51
deadband,light_gust,baseline_off,0.0,off,3.70,0.00,0.00,0.000,0.000,-0.073,-0.264,0.018,1.82,1.50
deadband,light_gust,baseline_off,0.0,off,3.75,0.00,0.00,0.000,0.000,-0.074,-0.263,0.019,1.81,1.50
deadband,light_gust,baseline_off,0.0,off,3.80,0.00,0.00,0.000,0.000,-0.078,-0.262,0.021,1.81,1.50
deadband,light_gust,baseline_off,0.0,off,3.85,0.00,0.00,0.000,0.000,-0.080,-0.261,0.022,1.80,1.50
deadband,light_gust,baseline_off,0.0,off,3.90,0.00,0.00,0.000,0.000,-0.082,-0.259,0.024,1.80,1.50
deadband,light_gust,baseline_off,0.0,off,3.95,0.00,0.00,0.000,0.000,-0.084,-0.258,0.025,1.79,1.51
deadband,light_gust,baseline_off,0.0,off,4.00,0.00,0.00,0.000,0.000,-0.125,-0.238,0.067,1.55,1.49
deadband,light_gust,baseline_off,0.0,off,4.05,0.00,0.00,0.000,0.000,-0.125,-0.238,0.067,1.55,1.49
deadband,light_gust,baseline_off,0.0,off,4.10,0.00,0.00,0.000,0.000,-0.124,-0.237,0.067,1.56,1.47
deadband,light_gust,baseline_off,0.0,off,4.15,0.00,0.00,0.000,0.000,-0.123,-0.236,0.066,1.58,1.45
deadband,light_gust,baseline_off,0.0,off,4.20,0.00,0.00,0.000,0.000,-0.122,-0.236,0.065,1.61,1.44
deadband,light_gust,baseline_off,0.0,off,4.25,0.00,0.00,0.000,0.000,-0.120,-0.235,0.063,1.64,1.43
deadband,light_gust,baseline_off,0.0,off,4.30,0.00,0.00,0.000,0.000,-0.119,-0.234,0.062,1.67,1.43
deadband,light_gust,baseline_off,0.0,off,4.35,0.00,0.00,0.000,0.000,-0.116,-0.232,0.060,1.71,1.42
deadband,light_gust,baseline_off,0.0,off,4.40,0.00,0.00,0.000,0.000,-0.115,-0.232,0.059,1.74,1.42
deadband,light_gust,baseline_off,0.0,off,4.45,0.00,0.00,0.000,0.000,-0.112,-0.230,0.057,1.77,1.42
deadband,light_gust,baseline_off,0.0,off,4.50,0.00,0.00,0.000,0.000,-0.110,-0.229,0.056,1.80,1.41
deadband,light_gust,baseline_off,0.0,off,4.55,0.00,0.00,0.000,0.000,-0.107,-0.228,0.054,1.83,1.41
deadband,light_gust,baseline_off,0.0,off,4.60,0.00,0.00,0.000,0.000,-0.105,-0.227,0.052,1.85,1.41
deadband,light_gust,baseline_off,0.0,off,4.65,0.00,0.00,0.000,0.000,-0.102,-0.227,0.049,1.87,1.40
deadband,light_gust,baseline_off,0.0,off,4.70,0.00,0.00,0.000,0.000,-0.100,-0.227,0.048,1.88,1.39
deadband,light_gust,baseline_off,0.0,off,4.75,0.00,0.00,0.000,0.000,-0.097,-0.228,0.045,1.89,1.38
deadband,light_gust,baseline_off,0.0,off,4.80,0.00,0.00,0.000,0.000,-0.096,-0.228,0.044,1.89,1.36
deadband,light_gust,baseline_off,0.0,off,4.85,0.00,0.00,0.000,0.000,-0.094,-0.230,0.041,1.89,1.33
deadband,light_gust,baseline_off,0.0,off,4.90,0.00,0.00,0.000,0.000,-0.093,-0.230,0.040,1.89,1.31
deadband,light_gust,baseline_off,0.0,off,4.95,0.00,0.00,0.000,0.000,-0.091,-0.232,0.038,1.87,1.28
deadband,light_gust,baseline_off,0.0,off,5.00,0.00,0.00,0.000,0.000,-0.066,-0.277,0.025,1.51,0.71
deadband,light_gust,baseline_off,0.0,off,5.05,0.00,0.00,0.000,0.000,-0.066,-0.277,0.025,1.51,0.71
deadband,light_gust,baseline_off,0.0,off,5.10,0.00,0.00,0.000,0.000,-0.066,-0.279,0.027,1.50,0.69
deadband,light_gust,baseline_off,0.0,off,5.15,0.00,0.00,0.000,0.000,-0.066,-0.283,0.032,1.48,0.66
deadband,light_gust,baseline_off,0.0,off,5.20,0.00,0.00,0.000,0.000,-0.066,-0.286,0.034,1.46,0.63
deadband,light_gust,baseline_off,0.0,off,5.25,0.00,0.00,0.000,0.000,-0.067,-0.291,0.039,1.44,0.61
deadband,light_gust,baseline_off,0.0,off,5.30,0.00,0.00,0.000,0.000,-0.067,-0.293,0.041,1.41,0.58
deadband,light_gust,baseline_off,0.0,off,5.35,0.00,0.00,0.000,0.000,-0.069,-0.298,0.046,1.38,0.55
deadband,light_gust,baseline_off,0.0,off,5.40,0.00,0.00,0.000,0.000,-0.071,-0.300,0.049,1.35,0.52
deadband,light_gust,baseline_off,0.0,off,5.45,0.00,0.00,0.000,0.000,-0.074,-0.305,0.054,1.31,0.50
deadband,light_gust,baseline_off,0.0,off,5.50,0.00,0.00,0.000,0.000,-0.075,-0.307,0.057,1.27,0.47
deadband,light_gust,baseline_off,0.0,off,5.55,0.00,0.00,0.000,0.000,-0.079,-0.312,0.062,1.23,0.45
deadband,light_gust,baseline_off,0.0,off,5.60,0.00,0.00,0.000,0.000,-0.081,-0.314,0.065,1.18,0.44
deadband,light_gust,baseline_off,0.0,off,5.65,0.00,0.00,0.000,0.000,-0.085,-0.319,0.072,1.13,0.42
deadband,light_gust,baseline_off,0.0,off,5.70,0.00,0.00,0.000,0.000,-0.087,-0.321,0.074,1.08,0.40
deadband,light_gust,baseline_off,0.0,off,5.75,0.00,0.00,0.000,0.000,-0.091,-0.325,0.079,1.03,0.39
deadband,light_gust,baseline_off,0.0,off,5.80,0.00,0.00,0.000,0.000,-0.093,-0.327,0.082,0.98,0.38
deadband,light_gust,baseline_off,0.0,off,5.85,0.00,0.00,0.000,0.000,-0.098,-0.330,0.087,0.93,0.37
deadband,light_gust,baseline_off,0.0,off,5.90,0.00,0.00,0.000,0.000,-0.100,-0.331,0.088,0.88,0.37
deadband,light_gust,baseline_off,0.0,off,5.95,0.00,0.00,0.000,0.000,-0.104,-0.333,0.092,0.85,0.37
deadband,light_gust,baseline_off,0.0,off,6.00,0.00,0.00,0.000,0.000,-0.133,-0.303,0.089,0.85,0.90
deadband,light_gust,baseline_off,0.0,off,6.05,0.00,0.00,0.000,0.000,-0.133,-0.303,0.089,0.85,0.90
deadband,light_gust,baseline_off,0.0,off,6.10,0.00,0.00,0.000,0.000,-0.133,-0.301,0.089,0.86,0.92
deadband,light_gust,baseline_off,0.0,off,6.15,0.00,0.00,0.000,0.000,-0.134,-0.298,0.087,0.87,0.95
deadband,light_gust,baseline_off,0.0,off,6.20,0.00,0.00,0.000,0.000,-0.134,-0.296,0.086,0.87,0.97
deadband,light_gust,baseline_off,0.0,off,6.25,0.00,0.00,0.000,0.000,-0.134,-0.292,0.085,0.86,0.98
deadband,light_gust,baseline_off,0.0,off,6.30,0.00,0.00,0.000,0.000,-0.134,-0.291,0.084,0.87,1.00
deadband,light_gust,baseline_off,0.0,off,6.35,0.00,0.00,0.000,0.000,-0.134,-0.288,0.082,0.87,1.02
deadband,light_gust,baseline_off,0.0,off,6.40,0.00,0.00,0.000,0.000,-0.133,-0.287,0.081,0.87,1.03
deadband,light_gust,baseline_off,0.0,off,6.45,0.00,0.00,0.000,0.000,-0.132,-0.284,0.079,0.88,1.04
deadband,light_gust,baseline_off,0.0,off,6.50,0.00,0.00,0.000,0.000,-0.131,-0.283,0.078,0.90,1.05
deadband,light_gust,baseline_off,0.0,off,6.55,0.00,0.00,0.000,0.000,-0.130,-0.280,0.076,0.92,1.06
deadband,light_gust,baseline_off,0.0,off,6.60,0.00,0.00,0.000,0.000,-0.129,-0.279,0.074,0.95,1.07
deadband,light_gust,baseline_off,0.0,off,6.65,0.00,0.00,0.000,0.000,-0.126,-0.276,0.071,0.98,1.07
deadband,light_gust,baseline_off,0.0,off,6.70,0.00,0.00,0.000,0.000,-0.125,-0.274,0.069,1.02,1.08
deadband,light_gust,baseline_off,0.0,off,6.75,0.00,0.00,0.000,0.000,-0.122,-0.271,0.065,1.06,1.08
deadband,light_gust,baseline_off,0.0,off,6.80,0.00,0.00,0.000,0.000,-0.120,-0.270,0.063,1.10,1.09
deadband,light_gust,baseline_off,0.0,off,6.85,0.00,0.00,0.000,0.000,-0.116,-0.266,0.058,1.15,1.10
deadband,light_gust,baseline_off,0.0,off,6.90,0.00,0.00,0.000,0.000,-0.114,-0.264,0.056,1.20,1.12
deadband,light_gust,baseline_off,0.0,off,6.95,0.00,0.00,0.000,0.000,-0.110,-0.261,0.051,1.25,1.13
deadband,light_gust,baseline_off,0.0,off,7.00,0.00,0.00,0.000,0.000,-0.052,-0.219,0.034,1.95,1.33
deadband,light_gust,baseline_off,0.0,off,7.05,0.00,0.00,0.000,0.000,-0.052,-0.219,0.034,1.95,1.33
deadband,light_gust,baseline_off,0.0,off,7.10,0.00,0.00,0.000,0.000,-0.051,-0.218,0.035,1.96,1.33
deadband,light_gust,baseline_off,0.0,off,7.15,0.00,0.00,0.000,0.000,-0.048,-0.217,0.037,1.96,1.33
deadband,light_gust,baseline_off,0.0,off,7.20,0.00,0.00,0.000,0.000,-0.047,-0.217,0.038,1.96,1.32
deadband,light_gust,baseline_off,0.0,off,7.25,0.00,0.00,0.000,0.000,-0.044,-0.215,0.041,1.96,1.32
deadband,light_gust,baseline_off,0.0,off,7.30,0.00,0.00,0.000,0.000,-0.042,-0.214,0.042,1.96,1.32
deadband,light_gust,baseline_off,0.0,off,7.35,0.00,0.00,0.000,0.000,-0.038,-0.213,0.045,1.97,1.32
deadband,light_gust,baseline_off,0.0,off,7.40,0.00,0.00,0.000,0.000,-0.037,-0.212,0.046,1.99,1.32
deadband,light_gust,baseline_off,0.0,off,7.45,0.00,0.00,0.000,0.000,-0.032,-0.210,0.050,2.01,1.32
deadband,light_gust,baseline_off,0.0,off,7.50,0.00,0.00,0.000,0.000,-0.030,-0.210,0.052,2.04,1.32
deadband,light_gust,baseline_off,0.0,off,7.55,0.00,0.00,0.000,0.000,-0.026,-0.208,0.055,2.07,1.33
deadband,light_gust,baseline_off,0.0,off,7.60,0.00,0.00,0.000,0.000,-0.024,-0.207,0.057,2.10,1.33
deadband,light_gust,baseline_off,0.0,off,7.65,0.00,0.00,0.000,0.000,-0.018,-0.206,0.062,2.14,1.34
deadband,light_gust,baseline_off,0.0,off,7.70,0.00,0.00,0.000,0.000,-0.016,-0.205,0.065,2.19,1.35
deadband,light_gust,baseline_off,0.0,off,7.75,0.00,0.00,0.000,0.000,-0.010,-0.203,0.070,2.23,1.35
deadband,light_gust,baseline_off,0.0,off,7.80,0.00,0.00,0.000,0.000,-0.007,-0.202,0.072,2.29,1.36
deadband,light_gust,baseline_off,0.0,off,7.85,0.00,0.00,0.000,0.000,-0.001,-0.201,0.078,2.34,1.37
deadband,light_gust,baseline_off,0.0,off,7.90,0.00,0.00,0.000,0.000,0.002,-0.200,0.080,2.40,1.38
deadband,light_gust,baseline_off,0.0,off,7.95,0.00,0.00,0.000,0.000,0.008,-0.199,0.085,2.45,1.38
deadband,light_gust,baseline_off,0.0,off,8.00,0.00,0.00,0.000,0.000,0.040,-0.188,0.118,2.77,1.57
deadband,light_gust,baseline_off,0.0,off,8.05,0.00,0.00,0.000,0.000,0.040,-0.188,0.118,2.77,1.57
deadband,light_gust,baseline_off,0.0,off,8.10,0.00,0.00,0.000,0.000,0.039,-0.188,0.118,2.76,1.56
deadband,light_gust,baseline_off,0.0,off,8.15,0.00,0.00,0.000,0.000,0.038,-0.189,0.116,2.74,1.56
deadband,light_gust,baseline_off,0.0,off,8.20,0.00,0.00,0.000,0.000,0.038,-0.190,0.116,2.72,1.56
deadband,light_gust,baseline_off,0.0,off,8.25,0.00,0.00,0.000,0.000,0.038,-0.192,0.114,2.71,1.55
deadband,light_gust,baseline_off,0.0,off,8.30,0.00,0.00,0.000,0.000,0.038,-0.193,0.114,2.69,1.54
deadband,light_gust,baseline_off,0.0,off,8.35,0.00,0.00,0.000,0.000,0.038,-0.196,0.113,2.68,1.53
deadband,light_gust,baseline_off,0.0,off,8.40,0.00,0.00,0.000,0.000,0.039,-0.197,0.113,2.68,1.51
deadband,light_gust,baseline_off,0.0,off,8.45,0.00,0.00,0.000,0.000,0.039,-0.199,0.112,2.67,1.49
deadband,light_gust,baseline_off,0.0,off,8.50,0.00,0.00,0.000,0.000,0.039,-0.201,0.111,2.67,1.48
deadband,light_gust,baseline_off,0.0,off,8.55,0.00,0.00,0.000,0.000,0.039,-0.203,0.111,2.68,1.46
deadband,light_gust,baseline_off,0.0,off,8.60,0.00,0.00,0.000,0.000,0.040,-0.204,0.110,2.68,1.44
deadband,light_gust,baseline_off,0.0,off,8.65,0.00,0.00,0.000,0.000,0.040,-0.206,0.109,2.69,1.43
deadband,light_gust,baseline_off,0.0,off,8.70,0.00,0.00,0.000,0.000,0.040,-0.207,0.109,2.69,1.41
deadband,light_gust,baseline_off,0.0,off,8.75,0.00,0.00,0.000,0.000,0.040,-0.209,0.108,2.70,1.40
deadband,light_gust,baseline_off,0.0,off,8.80,0.00,0.00,0.000,0.000,0.039,-0.210,0.108,2.70,1.39
deadband,light_gust,baseline_off,0.0,off,8.85,0.00,0.00,0.000,0.000,0.038,-0.212,0.106,2.71,1.38
deadband,light_gust,baseline_off,0.0,off,8.90,0.00,0.00,0.000,0.000,0.038,-0.213,0.105,2.71,1.38
deadband,light_gust,baseline_off,0.0,off,8.95,0.00,0.00,0.000,0.000,0.036,-0.215,0.102,2.71,1.37
deadband,light_gust,baseline_off,0.0,off,9.00,0.00,0.00,0.000,0.000,0.006,-0.251,0.065,2.53,1.29
deadband,light_gust,baseline_off,0.0,off,9.05,0.00,0.00,0.000,0.000,0.006,-0.251,0.065,2.53,1.29
deadband,light_gust,baseline_off,0.0,off,9.10,0.00,0.00,0.000,0.000,0.004,-0.252,0.063,2.54,1.29
deadband,light_gust,baseline_off,0.0,off,9.15,0.00,0.00,0.000,0.000,0.003,-0.253,0.062,2.54,1.28
deadband,light_gust,baseline_off,0.0,off,9.20,0.00,0.00,0.000,0.000,0.001,-0.255,0.060,2.54,1.29
deadband,light_gust,baseline_off,0.0,off,9.25,0.00,0.00,0.000,0.000,-0.001,-0.256,0.059,2.54,1.29
deadband,light_gust,baseline_off,0.0,off,9.30,0.00,0.00,0.000,0.000,-0.003,-0.258,0.057,2.53,1.29
deadband,light_gust,baseline_off,0.0,off,9.35,0.00,0.00,0.000,0.000,-0.005,-0.259,0.055,2.52,1.30
deadband,light_gust,baseline_off,0.0,off,9.40,0.00,0.00,0.000,0.000,-0.008,-0.262,0.052,2.51,1.29
deadband,light_gust,baseline_off,0.0,off,9.45,0.00,0.00,0.000,0.000,-0.010,-0.263,0.051,2.49,1.29
deadband,light_gust,baseline_off,0.0,off,9.50,0.00,0.00,0.000,0.000,-0.014,-0.266,0.048,2.46,1.28
deadband,light_gust,baseline_off,0.0,off,9.55,0.00,0.00,0.000,0.000,-0.016,-0.267,0.046,2.43,1.27
deadband,light_gust,baseline_off,0.0,off,9.60,0.00,0.00,0.000,0.000,-0.021,-0.270,0.043,2.39,1.26
deadband,light_gust,baseline_off,0.0,off,9.65,0.00,0.00,0.000,0.000,-0.024,-0.272,0.041,2.34,1.25
deadband,light_gust,baseline_off,0.0,off,9.70,0.00,0.00,0.000,0.000,-0.028,-0.275,0.039,2.30,1.23
deadband,light_gust,baseline_off,0.0,off,9.75,0.00,0.00,0.000,0.000,-0.031,-0.277,0.038,2.25,1.22
deadband,light_gust,baseline_off,0.0,off,9.80,0.00,0.00,0.000,0.000,-0.035,-0.280,0.037,2.20,1.20
deadband,light_gust,baseline_off,0.0,off,9.85,0.00,0.00,0.000,0.000,-0.038,-0.282,0.037,2.14,1.18
deadband,light_gust,baseline_off,0.0,off,9.90,0.00,0.00,0.000,0.000,-0.042,-0.285,0.037,2.09,1.16
deadband,light_gust,baseline_off,0.0,off,9.95,0.00,0.00,0.000,0.000,-0.044,-0.287,0.037,2.05,1.14
deadband,light_gust,baseline_off,0.0,off,10.00,0.00,0.00,0.000,0.000,-0.098,-0.291,0.055,1.67,1.19
deadband,light_gust,baseline_off,0.0,off,10.05,0.00,0.00,0.000,0.000,-0.098,-0.291,0.055,1.67,1.19
deadband,light_gust,baseline_off,0.0,off,10.10,0.00,0.00,0.000,0.000,-0.102,-0.290,0.057,1.67,1.20
deadband,light_gust,baseline_off,0.0,off,10.15,0.00,0.00,0.000,0.000,-0.103,-0.289,0.057,1.66,1.21
deadband,light_gust,baseline_off,0.0,off,10.20,0.00,0.00,0.000,0.000,-0.107,-0.288,0.059,1.65,1.22
deadband,light_gust,baseline_off,0.0,off,10.25,0.00,0.00,0.000,0.000,-0.109,-0.287,0.061,1.64,1.24
deadband,light_gust,baseline_off,0.0,off,10.30,0.00,0.00,0.000,0.000,-0.112,-0.286,0.063,1.62,1.25
deadband,light_gust,baseline_off,0.0,off,10.35,0.00,0.00,0.000,0.000,-0.114,-0.285,0.064,1.61,1.26
deadband,light_gust,baseline_off,0.0,off,10.40,0.00,0.00,0.000,0.000,-0.118,-0.284,0.066,1.59,1.27
deadband,light_gust,baseline_off,0.0,off,10.45,0.00,0.00,0.000,0.000,-0.120,-0.283,0.068,1.57,1.28
deadband,light_gust,baseline_off,0.0,off,10.50,0.00,0.00,0.000,0.000,-0.123,-0.281,0.070,1.54,1.29
deadband,light_gust,baseline_off,0.0,off,10.55,0.00,0.00,0.000,0.000,-0.125,-0.281,0.071,1.52,1.29
deadband,light_gust,baseline_off,0.0,off,10.60,0.00,0.00,0.000,0.000,-0.127,-0.280,0.073,1.49,1.30
deadband,light_gust,baseline_off,0.0,off,10.65,0.00,0.00,0.000,0.000,-0.129,-0.280,0.075,1.47,1.29
deadband,light_gust,baseline_off,0.0,off,10.70,0.00,0.00,0.000,0.000,-0.132,-0.280,0.077,1.44,1.29
deadband,light_gust,baseline_off,0.0,off,10.75,0.00,0.00,0.000,0.000,-0.133,-0.280,0.079,1.41,1.28
deadband,light_gust,baseline_off,0.0,off,10.80,0.00,0.00,0.000,0.000,-0.136,-0.280,0.081,1.39,1.26
deadband,light_gust,baseline_off,0.0,off,10.85,0.00,0.00,0.000,0.000,-0.138,-0.280,0.083,1.36,1.24
deadband,light_gust,baseline_off,0.0,off,10.90,0.00,0.00,0.000,0.000,-0.141,-0.281,0.086,1.33,1.22
deadband,light_gust,baseline_off,0.0,off,10.95,0.00,0.00,0.000,0.000,-0.143,-0.281,0.088,1.31,1.20
deadband,light_gust,baseline_off,0.0,off,11.00,0.00,0.00,0.000,0.000,-0.167,-0.251,0.108,1.03,1.20
deadband,light_gust,baseline_off,0.0,off,11.05,0.00,0.00,0.000,0.000,-0.167,-0.251,0.108,1.03,1.20
deadband,light_gust,baseline_off,0.0,off,11.10,0.00,0.00,0.000,0.000,-0.164,-0.249,0.105,1.05,1.21
deadband,light_gust,baseline_off,0.0,off,11.15,0.00,0.00,0.000,0.000,-0.162,-0.248,0.103,1.08,1.22
deadband,light_gust,baseline_off,0.0,off,11.20,0.00,0.00,0.000,0.000,-0.159,-0.246,0.099,1.10,1.22
deadband,light_gust,baseline_off,0.0,off,11.25,0.00,0.00,0.000,0.000,-0.156,-0.244,0.097,1.13,1.23
deadband,light_gust,baseline_off,0.0,off,11.30,0.00,0.00,0.000,0.000,-0.152,-0.242,0.093,1.16,1.22
deadband,light_gust,baseline_off,0.0,off,11.35,0.00,0.00,0.000,0.000,-0.147,-0.241,0.088,1.20,1.22
deadband,light_gust,baseline_off,0.0,off,11.40,0.00,0.00,0.000,0.000,-0.145,-0.241,0.086,1.23,1.22
deadband,light_gust,baseline_off,0.0,off,11.45,0.00,0.00,0.000,0.000,-0.139,-0.241,0.081,1.27,1.21
deadband,light_gust,baseline_off,0.0,off,11.50,0.00,0.00,0.000,0.000,-0.137,-0.241,0.078,1.30,1.20
deadband,light_gust,baseline_off,0.0,off,11.55,0.00,0.00,0.000,0.000,-0.132,-0.242,0.073,1.33,1.18
deadband,light_gust,baseline_off,0.0,off,11.60,0.00,0.00,0.000,0.000,-0.130,-0.242,0.071,1.36,1.15
deadband,light_gust,baseline_off,0.0,off,11.65,0.00,0.00,0.000,0.000,-0.127,-0.243,0.068,1.38,1.13
deadband,light_gust,baseline_off,0.0,off,11.70,0.00,0.00,0.000,0.000,-0.122,-0.244,0.064,1.41,1.10
deadband,light_gust,baseline_off,0.0,off,11.75,0.00,0.00,0.000,0.000,-0.120,-0.244,0.061,1.43,1.06
deadband,light_gust,baseline_off,0.0,off,11.80,0.00,0.00,0.000,0.000,-0.115,-0.245,0.056,1.44,1.04
deadband,light_gust,baseline_off,0.0,off,11.85,0.00,0.00,0.000,0.000,-0.112,-0.246,0.053,1.46,1.01
deadband,light_gust,baseline_off,0.0,off,11.90,0.00,0.00,0.000,0.000,-0.108,-0.248,0.049,1.47,0.98
deadband,light_gust,baseline_off,0.0,off,11.95,0.00,0.00,0.000,0.000,-0.106,-0.248,0.047,1.48,0.95
deadband,light_gust,baseline_off,0.0,off,12.00,0.00,0.00,0.000,0.000,-0.081,-0.276,0.033,1.26,0.68
deadband,light_gust,baseline_off,0.0,off,12.05,0.00,0.00,0.000,0.000,-0.081,-0.276,0.033,1.26,0.68
deadband,light_gust,baseline_off,0.0,off,12.10,0.00,0.00,0.000,0.000,-0.081,-0.279,0.034,1.25,0.66
deadband,light_gust,baseline_off,0.0,off,12.15,0.00,0.00,0.000,0.000,-0.082,-0.281,0.037,1.24,0.65
deadband,light_gust,baseline_off,0.0,off,12.20,0.00,0.00,0.000,0.000,-0.082,-0.282,0.038,1.22,0.64
deadband,light_gust,baseline_off,0.0,off,12.25,0.00,0.00,0.000,0.000,-0.082,-0.285,0.040,1.20,0.63
deadband,light_gust,baseline_off,0.0,off,12.30,0.00,0.00,0.000,0.000,-0.082,-0.286,0.040,1.18,0.62
deadband,light_gust,baseline_off,0.0,off,12.35,0.00,0.00,0.000,0.000,-0.082,-0.288,0.042,1.16,0.61
deadband,light_gust,baseline_off,0.0,off,12.40,0.00,0.00,0.000,0.000,-0.081,-0.289,0.042,1.14,0.60
deadband,light_gust,baseline_off,0.0,off,12.45,0.00,0.00,0.000,0.000,-0.080,-0.291,0.043,1.13,0.60
deadband,light_gust,baseline_off,0.0,off,12.50,0.00,0.00,0.000,0.000,-0.079,-0.292,0.044,1.13,0.59
deadband,light_gust,baseline_off,0.0,off,12.55,0.00,0.00,0.000,0.000,-0.078,-0.293,0.045,1.14,0.59
deadband,light_gust,baseline_off,0.0,off,12.60,0.00,0.00,0.000,0.000,-0.077,-0.294,0.045,1.15,0.59
deadband,light_gust,baseline_off,0.0,off,12.65,0.00,0.00,0.000,0.000,-0.075,-0.295,0.046,1.17,0.59
deadband,light_gust,baseline_off,0.0,off,12.70,0.00,0.00,0.000,0.000,-0.075,-0.296,0.046,1.19,0.60
deadband,light_gust,baseline_off,0.0,off,12.75,0.00,0.00,0.000,0.000,-0.073,-0.297,0.047,1.22,0.60
deadband,light_gust,baseline_off,0.0,off,12.80,0.00,0.00,0.000,0.000,-0.072,-0.297,0.047,1.24,0.61
deadband,light_gust,baseline_off,0.0,off,12.85,0.00,0.00,0.000,0.000,-0.070,-0.297,0.046,1.28,0.62
deadband,light_gust,baseline_off,0.0,off,12.90,0.00,0.00,0.000,0.000,-0.069,-0.297,0.046,1.31,0.63
deadband,light_gust,baseline_off,0.0,off,12.95,0.00,0.00,0.000,0.000,-0.067,-0.297,0.045,1.34,0.65
deadband,light_gust,baseline_off,0.0,off,13.00,0.00,0.00,0.000,0.000,-0.055,-0.276,0.024,1.68,1.12
deadband,light_gust,baseline_off,0.0,off,13.05,0.00,0.00,0.000,0.000,-0.055,-0.276,0.024,1.68,1.12
deadband,light_gust,baseline_off,0.0,off,13.10,0.00,0.00,0.000,0.000,-0.054,-0.276,0.024,1.68,1.12
deadband,light_gust,baseline_off,0.0,off,13.15,0.00,0.00,0.000,0.000,-0.053,-0.276,0.024,1.68,1.12
deadband,light_gust,baseline_off,0.0,off,13.20,0.00,0.00,0.000,0.000,-0.053,-0.276,0.024,1.68,1.11
deadband,light_gust,baseline_off,0.0,off,13.25,0.00,0.00,0.000,0.000,-0.051,-0.276,0.025,1.69,1.10
deadband,light_gust,baseline_off,0.0,off,13.30,0.00,0.00,0.000,0.000,-0.051,-0.275,0.025,1.69,1.09
deadband,light_gust,baseline_off,0.0,off,13.35,0.00,0.00,0.000,0.000,-0.049,-0.275,0.024,1.70,1.08
deadband,light_gust,baseline_off,0.0,off,13.40,0.00,0.00,0.000,0.000,-0.049,-0.274,0.024,1.72,1.08
deadband,light_gust,baseline_off,0.0,off,13.45,0.00,0.00,0.000,0.000,-0.047,-0.272,0.024,1.74,1.08
deadband,light_gust,baseline_off,0.0,off,13.50,0.00,0.00,0.000,0.000,-0.047,-0.272,0.023,1.76,1.08
deadband,light_gust,baseline_off,0.0,off,13.55,0.00,0.00,0.000,0.000,-0.046,-0.269,0.022,1.78,1.09
deadband,light_gust,baseline_off,0.0,off,13.60,0.00,0.00,0.000,0.000,-0.045,-0.268,0.021,1.81,1.10
deadband,light_gust,baseline_off,0.0,off,13.65,0.00,0.00,0.000,0.000,-0.044,-0.265,0.020,1.84,1.12
deadband,light_gust,baseline_off,0.0,off,13.70,0.00,0.00,0.000,0.000,-0.044,-0.264,0.019,1.86,1.14
deadband,light_gust,baseline_off,0.0,off,13.75,0.00,0.00,0.000,0.000,-0.043,-0.260,0.018,1.89,1.17
deadband,light_gust,baseline_off,0.0,off,13.80,0.00,0.00,0.000,0.000,-0.043,-0.258,0.018,1.92,1.20
deadband,light_gust,baseline_off,0.0,off,13.85,0.00,0.00,0.000,0.000,-0.041,-0.254,0.018,1.95,1.23
deadband,light_gust,baseline_off,0.0,off,13.90,0.00,0.00,0.000,0.000,-0.040,-0.251,0.019,1.98,1.27
deadband,light_gust,baseline_off,0.0,off,13.95,0.00,0.00,0.000,0.000,-0.039,-0.246,0.022,2.02,1.31
deadband,light_gust,baseline_off,0.0,off,14.00,0.00,0.00,0.000,0.000,-0.016,-0.185,0.080,2.58,1.87
deadband,light_gust,baseline_off,0.0,off,14.05,0.00,0.00,0.000,0.000,-0.016,-0.185,0.080,2.58,1.87
deadband,light_gust,baseline_off,0.0,off,14.10,0.00,0.00,0.000,0.000,-0.015,-0.185,0.081,2.59,1.86
deadband,light_gust,baseline_off,0.0,off,14.15,0.00,0.00,0.000,0.000,-0.013,-0.185,0.081,2.60,1.84
deadband,light_gust,baseline_off,0.0,off,14.20,0.00,0.00,0.000,0.000,-0.012,-0.186,0.082,2.61,1.83
deadband,light_gust,baseline_off,0.0,off,14.25,0.00,0.00,0.000,0.000,-0.009,-0.187,0.082,2.62,1.80
deadband,light_gust,baseline_off,0.0,off,14.30,0.00,0.00,0.000,0.000,-0.008,-0.188,0.082,2.64,1.78
deadband,light_gust,baseline_off,0.0,off,14.35,0.00,0.00,0.000,0.000,-0.006,-0.190,0.082,2.66,1.75
deadband,light_gust,baseline_off,0.0,off,14.40,0.00,0.00,0.000,0.000,-0.005,-0.191,0.082,2.67,1.72
deadband,light_gust,baseline_off,0.0,off,14.45,0.00,0.00,0.000,0.000,-0.002,-0.194,0.082,2.69,1.68
deadband,light_gust,baseline_off,0.0,off,14.50,0.00,0.00,0.000,0.000,-0.001,-0.195,0.082,2.70,1.65
deadband,light_gust,baseline_off,0.0,off,14.55,0.00,0.00,0.000,0.000,0.001,-0.197,0.082,2.71,1.62
deadband,light_gust,baseline_off,0.0,off,14.60,0.00,0.00,0.000,0.000,0.002,-0.198,0.081,2.72,1.59
deadband,light_gust,baseline_off,0.0,off,14.65,0.00,0.00,0.000,0.000,0.003,-0.201,0.081,2.73,1.55
deadband,light_gust,baseline_off,0.0,off,14.70,0.00,0.00,0.000,0.000,0.004,-0.203,0.081,2.73,1.53
deadband,light_gust,baseline_off,0.0,off,14.75,0.00,0.00,0.000,0.000,0.005,-0.205,0.080,2.74,1.50
deadband,light_gust,baseline_off,0.0,off,14.80,0.00,0.00,0.000,0.000,0.006,-0.206,0.080,2.74,1.47
deadband,light_gust,baseline_off,0.0,off,14.85,0.00,0.00,0.000,0.000,0.006,-0.209,0.079,2.74,1.45
deadband,light_gust,baseline_off,0.0,off,14.90,0.00,0.00,0.000,0.000,0.007,-0.210,0.078,2.74,1.43
deadband,light_gust,baseline_off,0.0,off,14.95,0.00,0.00,0.000,0.000,0.007,-0.213,0.077,2.73,1.40
deadband,light_gust,baseline_off,0.0,off,15.00,0.00,0.00,0.000,0.000,0.028,-0.243,0.088,2.86,1.28
deadband,light_gust,baseline_off,0.0,off,15.05,0.00,0.00,0.000,0.000,0.028,-0.243,0.088,2.86,1.28
deadband,light_gust,baseline_off,0.0,off,15.10,0.00,0.00,0.000,0.000,0.028,-0.244,0.088,2.86,1.28
deadband,light_gust,baseline_off,0.0,off,15.15,0.00,0.00,0.000,0.000,0.027,-0.245,0.087,2.85,1.27
deadband,light_gust,baseline_off,0.0,off,15.20,0.00,0.00,0.000,0.000,0.026,-0.246,0.086,2.85,1.27
deadband,light_gust,baseline_off,0.0,off,15.25,0.00,0.00,0.000,0.000,0.024,-0.248,0.084,2.84,1.27
deadband,light_gust,baseline_off,0.0,off,15.30,0.00,0.00,0.000,0.000,0.023,-0.249,0.082,2.82,1.27
deadband,light_gust,baseline_off,0.0,off,15.35,0.00,0.00,0.000,0.000,0.019,-0.251,0.079,2.80,1.27
deadband,light_gust,baseline_off,0.0,off,15.40,0.00,0.00,0.000,0.000,0.017,-0.251,0.077,2.77,1.27
deadband,light_gust,baseline_off,0.0,off,15.45,0.00,0.00,0.000,0.000,0.012,-0.253,0.071,2.73,1.27
deadband,light_gust,baseline_off,0.0,off,15.50,0.00,0.00,0.000,0.000,0.009,-0.254,0.069,2.69,1.27
deadband,light_gust,baseline_off,0.0,off,15.55,0.00,0.00,0.000,0.000,0.003,-0.255,0.063,2.63,1.28
deadband,light_gust,baseline_off,0.0,off,15.60,0.00,0.00,0.000,0.000,0.000,-0.256,0.060,2.57,1.28
deadband,light_gust,baseline_off,0.0,off,15.65,0.00,0.00,0.000,0.000,-0.008,-0.257,0.052,2.50,1.28
deadband,light_gust,baseline_off,0.0,off,15.70,0.00,0.00,0.000,0.000,-0.011,-0.258,0.049,2.43,1.28
deadband,light_gust,baseline_off,0.0,off,15.75,0.00,0.00,0.000,0.000,-0.018,-0.260,0.042,2.35,1.28
deadband,light_gust,baseline_off,0.0,off,15.80,0.00,0.00,0.000,0.000,-0.022,-0.260,0.039,2.27,1.28
deadband,light_gust,baseline_off,0.0,off,15.85,0.00,0.00,0.000,0.000,-0.029,-0.262,0.031,2.19,1.28
deadband,light_gust,baseline_off,0.0,off,15.90,0.00,0.00,0.000,0.000,-0.033,-0.263,0.028,2.12,1.28
deadband,light_gust,baseline_off,0.0,off,15.95,0.00,0.00,0.000,0.000,-0.040,-0.264,0.023,2.05,1.28
deadband,light_gust,baseline_off,0.0,off,16.00,0.00,0.00,0.000,0.000,-0.102,-0.252,0.043,1.61,1.39
deadband,light_gust,baseline_off,0.0,off,16.05,0.00,0.00,0.000,0.000,-0.102,-0.252,0.043,1.61,1.39
deadband,light_gust,baseline_off,0.0,off,16.10,0.00,0.00,0.000,0.000,-0.103,-0.251,0.043,1.63,1.41
deadband,light_gust,baseline_off,0.0,off,16.15,0.00,0.00,0.000,0.000,-0.103,-0.249,0.044,1.66,1.42
deadband,light_gust,baseline_off,0.0,off,16.20,0.00,0.00,0.000,0.000,-0.103,-0.248,0.044,1.68,1.43
deadband,light_gust,baseline_off,0.0,off,16.25,0.00,0.00,0.000,0.000,-0.103,-0.246,0.044,1.71,1.44
deadband,light_gust,baseline_off,0.0,off,16.30,0.00,0.00,0.000,0.000,-0.104,-0.245,0.045,1.72,1.45
deadband,light_gust,baseline_off,0.0,off,16.35,0.00,0.00,0.000,0.000,-0.103,-0.244,0.045,1.74,1.45
deadband,light_gust,baseline_off,0.0,off,16.40,0.00,0.00,0.000,0.000,-0.103,-0.244,0.045,1.75,1.46
deadband,light_gust,baseline_off,0.0,off,16.45,0.00,0.00,0.000,0.000,-0.103,-0.243,0.045,1.76,1.46
deadband,light_gust,baseline_off,0.0,off,16.50,0.00,0.00,0.000,0.000,-0.103,-0.243,0.045,1.77,1.45
deadband,light_gust,baseline_off,0.0,off,16.55,0.00,0.00,0.000,0.000,-0.103,-0.243,0.045,1.77,1.44
deadband,light_gust,baseline_off,0.0,off,16.60,0.00,0.00,0.000,0.000,-0.103,-0.243,0.045,1.77,1.43
deadband,light_gust,baseline_off,0.0,off,16.65,0.00,0.00,0.000,0.000,-0.104,-0.243,0.045,1.76,1.42
deadband,light_gust,baseline_off,0.0,off,16.70,0.00,0.00,0.000,0.000,-0.104,-0.244,0.045,1.74,1.40
deadband,light_gust,baseline_off,0.0,off,16.75,0.00,0.00,0.000,0.000,-0.104,-0.244,0.046,1.73,1.37
deadband,light_gust,baseline_off,0.0,off,16.80,0.00,0.00,0.000,0.000,-0.105,-0.245,0.046,1.71,1.35
deadband,light_gust,baseline_off,0.0,off,16.85,0.00,0.00,0.000,0.000,-0.105,-0.246,0.046,1.68,1.32
deadband,light_gust,baseline_off,0.0,off,16.90,0.00,0.00,0.000,0.000,-0.105,-0.247,0.046,1.65,1.30
deadband,light_gust,baseline_off,0.0,off,16.95,0.00,0.00,0.000,0.000,-0.106,-0.249,0.046,1.62,1.26
deadband,light_gust,baseline_off,0.0,off,17.00,0.00,0.00,0.000,0.000,-0.097,-0.293,0.055,1.33,0.67
deadband,light_gust,baseline_off,0.0,off,17.05,0.00,0.00,0.000,0.000,-0.097,-0.293,0.055,1.33,0.67
deadband,light_gust,baseline_off,0.0,off,17.10,0.00,0.00,0.000,0.000,-0.097,-0.295,0.057,1.30,0.65
deadband,light_gust,baseline_off,0.0,off,17.15,0.00,0.00,0.000,0.000,-0.098,-0.298,0.060,1.27,0.63
deadband,light_gust,baseline_off,0.0,off,17.20,0.00,0.00,0.000,0.000,-0.098,-0.300,0.061,1.25,0.61
deadband,light_gust,baseline_off,0.0,off,17.25,0.00,0.00,0.000,0.000,-0.100,-0.304,0.065,1.21,0.59
deadband,light_gust,baseline_off,0.0,off,17.30,0.00,0.00,0.000,0.000,-0.100,-0.305,0.067,1.19,0.58
deadband,light_gust,baseline_off,0.0,off,17.35,0.00,0.00,0.000,0.000,-0.102,-0.308,0.070,1.16,0.56
deadband,light_gust,baseline_off,0.0,off,17.40,0.00,0.00,0.000,0.000,-0.103,-0.310,0.072,1.15,0.55
deadband,light_gust,baseline_off,0.0,off,17.45,0.00,0.00,0.000,0.000,-0.105,-0.312,0.076,1.12,0.53
deadband,light_gust,baseline_off,0.0,off,17.50,0.00,0.00,0.000,0.000,-0.107,-0.313,0.077,1.10,0.52
deadband,light_gust,baseline_off,0.0,off,17.55,0.00,0.00,0.000,0.000,-0.110,-0.315,0.080,1.06,0.52
deadband,light_gust,baseline_off,0.0,off,17.60,0.00,0.00,0.000,0.000,-0.111,-0.316,0.082,1.04,0.52
deadband,light_gust,baseline_off,0.0,off,17.65,0.00,0.00,0.000,0.000,-0.115,-0.317,0.085,1.00,0.52
deadband,light_gust,baseline_off,0.0,off,17.70,0.00,0.00,0.000,0.000,-0.117,-0.318,0.087,0.98,0.53
deadband,light_gust,baseline_off,0.0,off,17.75,0.00,0.00,0.000,0.000,-0.120,-0.319,0.090,0.94,0.54
deadband,light_gust,baseline_off,0.0,off,17.80,0.00,0.00,0.000,0.000,-0.122,-0.319,0.092,0.91,0.54
deadband,light_gust,baseline_off,0.0,off,17.85,0.00,0.00,0.000,0.000,-0.126,-0.320,0.095,0.88,0.56
deadband,light_gust,baseline_off,0.0,off,17.90,0.00,0.00,0.000,0.000,-0.128,-0.321,0.097,0.85,0.56
deadband,light_gust,baseline_off,0.0,off,17.95,0.00,0.00,0.000,0.000,-0.131,-0.321,0.100,0.82,0.58
deadband,light_gust,deadband_mps,0.5,on,0.00,0.00,0.00,0.000,0.000,-0.164,-0.349,0.051,0.18,0.62
deadband,light_gust,deadband_mps,0.5,on,0.05,0.00,0.00,0.000,0.000,-0.164,-0.349,0.051,0.18,0.62
deadband,light_gust,deadband_mps,0.5,on,0.10,0.00,0.00,0.000,0.000,-0.165,-0.350,0.052,0.15,0.59
deadband,light_gust,deadband_mps,0.5,on,0.15,0.00,0.00,0.000,0.000,-0.167,-0.352,0.054,0.13,0.56
deadband,light_gust,deadband_mps,0.5,on,0.20,0.00,0.00,0.000,0.000,-0.167,-0.352,0.055,0.11,0.53
deadband,light_gust,deadband_mps,0.5,on,0.25,0.00,0.00,0.000,0.000,-0.168,-0.353,0.056,0.09,0.50
deadband,light_gust,deadband_mps,0.5,on,0.30,0.00,0.00,0.000,0.000,-0.169,-0.353,0.056,0.08,0.48
deadband,light_gust,deadband_mps,0.5,on,0.35,0.00,0.00,0.000,0.000,-0.169,-0.354,0.057,0.08,0.47
deadband,light_gust,deadband_mps,0.5,on,0.40,0.00,0.00,0.000,0.000,-0.169,-0.354,0.057,0.09,0.46
deadband,light_gust,deadband_mps,0.5,on,0.45,0.00,0.00,0.000,0.000,-0.168,-0.353,0.056,0.11,0.46
deadband,light_gust,deadband_mps,0.5,on,0.50,0.00,0.00,0.000,0.000,-0.168,-0.353,0.055,0.13,0.47
deadband,light_gust,deadband_mps,0.5,on,0.55,0.00,0.00,0.000,0.000,-0.167,-0.351,0.054,0.17,0.49
deadband,light_gust,deadband_mps,0.5,on,0.60,0.00,0.00,0.000,0.000,-0.166,-0.350,0.053,0.20,0.52
deadband,light_gust,deadband_mps,0.5,on,0.65,0.00,0.00,0.000,0.000,-0.164,-0.348,0.051,0.25,0.55
deadband,light_gust,deadband_mps,0.5,on,0.70,0.00,0.00,0.000,0.000,-0.163,-0.346,0.049,0.31,0.59
deadband,light_gust,deadband_mps,0.5,on,0.75,0.00,0.00,0.000,0.000,-0.160,-0.343,0.047,0.36,0.64
deadband,light_gust,deadband_mps,0.5,on,0.80,0.00,0.00,0.000,0.000,-0.159,-0.341,0.045,0.42,0.69
deadband,light_gust,deadband_mps,0.5,on,0.85,0.00,0.00,0.000,0.000,-0.156,-0.337,0.042,0.49,0.74
deadband,light_gust,deadband_mps,0.5,on,0.90,0.00,0.00,0.000,0.000,-0.154,-0.334,0.040,0.55,0.80
deadband,light_gust,deadband_mps,0.5,on,0.95,1.50,1.34,-0.225,-0.202,-0.150,-0.330,0.038,0.62,0.86
deadband,light_gust,deadband_mps,0.5,on,1.00,1.42,1.28,-0.213,-0.193,-0.110,-0.314,0.027,1.93,1.51
deadband,light_gust,deadband_mps,0.5,on,1.05,1.32,1.19,-0.197,-0.178,-0.110,-0.314,0.027,1.93,1.51
deadband,light_gust,deadband_mps,0.5,on,1.10,1.20,1.07,-0.180,-0.160,-0.108,-0.318,0.024,1.91,1.44
deadband,light_gust,deadband_mps,0.5,on,1.15,1.09,0.96,-0.163,-0.144,-0.106,-0.323,0.019,1.89,1.36
deadband,light_gust,deadband_mps,0.5,on,1.20,0.99,0.84,-0.148,-0.126,-0.104,-0.326,0.017,1.86,1.28
deadband,light_gust,deadband_mps,0.5,on,1.25,0.92,0.74,-0.138,-0.110,-0.102,-0.332,0.015,1.82,1.18
deadband,light_gust,deadband_mps,0.5,on,1.30,0.88,0.66,-0.131,-0.099,-0.100,-0.336,0.015,1.76,1.08
deadband,light_gust,deadband_mps,0.5,on,1.35,0.84,0.59,-0.127,-0.088,-0.097,-0.342,0.017,1.69,0.96
deadband,light_gust,deadband_mps,0.5,on,1.40,0.84,0.53,-0.127,-0.080,-0.095,-0.344,0.019,1.62,0.85
deadband,light_gust,deadband_mps,0.5,on,1.45,0.85,0.50,-0.127,-0.075,-0.091,-0.349,0.024,1.56,0.73
deadband,light_gust,deadband_mps,0.5,on,1.50,0.87,0.47,-0.131,-0.070,-0.089,-0.352,0.028,1.51,0.63
deadband,light_gust,deadband_mps,0.5,on,1.55,0.91,0.45,-0.136,-0.067,-0.084,-0.355,0.033,1.49,0.55
deadband,light_gust,deadband_mps,0.5,on,1.60,0.95,0.43,-0.143,-0.065,-0.082,-0.357,0.036,1.49,0.48
deadband,light_gust,deadband_mps,0.5,on,1.65,1.00,0.42,-0.151,-0.062,-0.076,-0.358,0.042,1.52,0.43
deadband,light_gust,deadband_mps,0.5,on,1.70,1.06,0.41,-0.159,-0.062,-0.073,-0.359,0.045,1.57,0.40
deadband,light_gust,deadband_mps,0.5,on,1.75,1.14,0.42,-0.170,-0.063,-0.067,-0.359,0.050,1.65,0.39
deadband,light_gust,deadband_mps,0.5,on,1.80,1.23,0.46,-0.185,-0.069,-0.064,-0.359,0.053,1.75,0.40
deadband,light_gust,deadband_mps,0.5,on,1.85,1.31,0.51,-0.197,-0.076,-0.058,-0.357,0.058,1.88,0.42
deadband,light_gust,deadband_mps,0.5,on,1.90,1.39,0.58,-0.208,-0.087,-0.055,-0.356,0.061,2.00,0.46
deadband,light_gust,deadband_mps,0.5,on,1.95,1.48,0.68,-0.222,-0.101,-0.049,-0.353,0.066,2.15,0.51
deadband,light_gust,deadband_mps,0.5,on,2.00,1.50,0.77,-0.225,-0.116,-0.062,-0.316,0.058,2.46,1.61
deadband,light_gust,deadband_mps,0.5,on,2.05,1.50,0.86,-0.225,-0.130,-0.062,-0.316,0.058,2.46,1.61
deadband,light_gust,deadband_mps,0.5,on,2.10,1.46,0.95,-0.218,-0.142,-0.063,-0.316,0.057,2.44,1.60
deadband,light_gust,deadband_mps,0.5,on,2.15,1.39,1.02,-0.209,-0.153,-0.066,-0.315,0.055,2.41,1.59
deadband,light_gust,deadband_mps,0.5,on,2.20,1.33,1.07,-0.200,-0.161,-0.067,-0.314,0.054,2.40,1.60
deadband,light_gust,deadband_mps,0.5,on,2.25,1.29,1.13,-0.193,-0.169,-0.070,-0.313,0.052,2.40,1.62
deadband,light_gust,deadband_mps,0.5,on,2.30,1.24,1.17,-0.186,-0.176,-0.072,-0.312,0.050,2.40,1.67
deadband,light_gust,deadband_mps,0.5,on,2.35,1.20,1.20,-0.180,-0.180,-0.076,-0.311,0.048,2.39,1.72
deadband,light_gust,deadband_mps,0.5,on,2.40,1.17,1.23,-0.175,-0.184,-0.078,-0.310,0.047,2.38,1.78
deadband,light_gust,deadband_mps,0.5,on,2.45,1.14,1.25,-0.171,-0.187,-0.081,-0.310,0.045,2.35,1.84
deadband,light_gust,deadband_mps,0.5,on,2.50,1.11,1.25,-0.167,-0.187,-0.084,-0.309,0.044,2.32,1.90
deadband,light_gust,deadband_mps,0.5,on,2.55,1.09,1.24,-0.163,-0.186,-0.087,-0.309,0.041,2.28,1.95
deadband,light_gust,deadband_mps,0.5,on,2.60,1.07,1.22,-0.160,-0.183,-0.089,-0.309,0.040,2.25,1.98
deadband,light_gust,deadband_mps,0.5,on,2.65,1.06,1.20,-0.159,-0.181,-0.093,-0.310,0.038,2.21,2.01
deadband,light_gust,deadband_mps,0.5,on,2.70,1.06,1.19,-0.158,-0.178,-0.095,-0.310,0.036,2.18,2.02
deadband,light_gust,deadband_mps,0.5,on,2.75,1.06,1.17,-0.159,-0.175,-0.098,-0.311,0.033,2.14,2.01
deadband,light_gust,deadband_mps,0.5,on,2.80,1.07,1.16,-0.161,-0.173,-0.099,-0.312,0.032,2.12,1.99
deadband,light_gust,deadband_mps,0.5,on,2.85,1.09,1.14,-0.164,-0.171,-0.101,-0.313,0.030,2.09,1.96
deadband,light_gust,deadband_mps,0.5,on,2.90,1.13,1.13,-0.169,-0.169,-0.102,-0.314,0.029,2.08,1.92
deadband,light_gust,deadband_mps,0.5,on,2.95,1.19,1.12,-0.178,-0.167,-0.103,-0.316,0.026,2.08,1.87
deadband,light_gust,deadband_mps,0.5,on,3.00,1.24,1.11,-0.186,-0.166,-0.069,-0.309,0.055,2.86,1.68
deadband,light_gust,deadband_mps,0.5,on,3.05,1.28,1.09,-0.192,-0.164,-0.069,-0.309,0.055,2.86,1.68
deadband,light_gust,deadband_mps,0.5,on,3.10,1.31,1.08,-0.196,-0.162,-0.068,-0.309,0.056,2.87,1.68
deadband,light_gust,deadband_mps,0.5,on,3.15,1.32,1.06,-0.198,-0.159,-0.066,-0.310,0.056,2.88,1.68
deadband,light_gust,deadband_mps,0.5,on,3.20,1.33,1.04,-0.199,-0.157,-0.066,-0.311,0.056,2.89,1.67
deadband,light_gust,deadband_mps,0.5,on,3.25,1.33,1.03,-0.200,-0.154,-0.066,-0.313,0.056,2.91,1.65
deadband,light_gust,deadband_mps,0.5,on,3.30,1.33,1.01,-0.199,-0.152,-0.066,-0.314,0.055,2.93,1.63
deadband,light_gust,deadband_mps,0.5,on,3.35,1.32,0.99,-0.198,-0.149,-0.066,-0.316,0.053,2.94,1.60
deadband,light_gust,deadband_mps,0.5,on,3.40,1.30,0.98,-0.195,-0.147,-0.067,-0.318,0.052,2.94,1.57
deadband,light_gust,deadband_mps,0.5,on,3.45,1.28,0.96,-0.192,-0.144,-0.068,-0.320,0.050,2.92,1.54
deadband,light_gust,deadband_mps,0.5,on,3.50,1.25,0.94,-0.188,-0.141,-0.069,-0.322,0.048,2.90,1.50
deadband,light_gust,deadband_mps,0.5,on,3.55,1.23,0.92,-0.184,-0.138,-0.071,-0.324,0.046,2.86,1.46
deadband,light_gust,deadband_mps,0.5,on,3.60,1.20,0.90,-0.181,-0.135,-0.072,-0.326,0.044,2.80,1.43
deadband,light_gust,deadband_mps,0.5,on,3.65,1.18,0.87,-0.177,-0.131,-0.075,-0.329,0.041,2.74,1.39
deadband,light_gust,deadband_mps,0.5,on,3.70,1.15,0.85,-0.173,-0.128,-0.076,-0.331,0.039,2.67,1.36
deadband,light_gust,deadband_mps,0.5,on,3.75,1.12,0.83,-0.169,-0.124,-0.079,-0.334,0.035,2.59,1.33
deadband,light_gust,deadband_mps,0.5,on,3.80,1.10,0.80,-0.165,-0.120,-0.081,-0.336,0.034,2.51,1.29
deadband,light_gust,deadband_mps,0.5,on,3.85,1.08,0.78,-0.162,-0.117,-0.083,-0.340,0.031,2.43,1.26
deadband,light_gust,deadband_mps,0.5,on,3.90,1.07,0.75,-0.160,-0.113,-0.085,-0.343,0.029,2.35,1.23
deadband,light_gust,deadband_mps,0.5,on,3.95,1.06,0.73,-0.158,-0.110,-0.087,-0.348,0.027,2.27,1.19
deadband,light_gust,deadband_mps,0.5,on,4.00,1.06,0.73,-0.159,-0.110,-0.145,-0.391,0.059,1.59,0.95
deadband,light_gust,deadband_mps,0.5,on,4.05,1.06,0.76,-0.160,-0.114,-0.145,-0.391,0.059,1.59,0.95
deadband,light_gust,deadband_mps,0.5,on,4.10,1.08,0.81,-0.162,-0.121,-0.149,-0.391,0.061,1.57,0.97
deadband,light_gust,deadband_mps,0.5,on,4.15,1.11,0.87,-0.166,-0.130,-0.152,-0.390,0.063,1.56,0.99
deadband,light_gust,deadband_mps,0.5,on,4.20,1.13,0.93,-0.170,-0.140,-0.154,-0.390,0.063,1.55,1.02
deadband,light_gust,deadband_mps,0.5,on,4.25,1.16,1.00,-0.174,-0.151,-0.157,-0.389,0.065,1.55,1.05
deadband,light_gust,deadband_mps,0.5,on,4.30,1.19,1.07,-0.178,-0.161,-0.159,-0.388,0.066,1.55,1.09
deadband,light_gust,deadband_mps,0.5,on,4.35,1.22,1.14,-0.183,-0.172,-0.163,-0.387,0.067,1.56,1.13
deadband,light_gust,deadband_mps,0.5,on,4.40,1.25,1.21,-0.187,-0.182,-0.165,-0.386,0.068,1.57,1.18
deadband,light_gust,deadband_mps,0.5,on,4.45,1.28,1.27,-0.192,-0.191,-0.167,-0.385,0.069,1.58,1.23
deadband,light_gust,deadband_mps,0.5,on,4.50,1.31,1.32,-0.196,-0.198,-0.171,-0.384,0.072,1.59,1.28
deadband,light_gust,deadband_mps,0.5,on,4.55,1.32,1.36,-0.199,-0.204,-0.175,-0.382,0.074,1.60,1.34
deadband,light_gust,deadband_mps,0.5,on,4.60,1.33,1.38,-0.199,-0.207,-0.177,-0.382,0.075,1.61,1.39
deadband,light_gust,deadband_mps,0.5,on,4.65,1.33,1.39,-0.199,-0.209,-0.181,-0.381,0.078,1.61,1.44
deadband,light_gust,deadband_mps,0.5,on,4.70,1.33,1.40,-0.199,-0.209,-0.183,-0.380,0.080,1.61,1.48
deadband,light_gust,deadband_mps,0.5,on,4.75,1.32,1.38,-0.198,-0.207,-0.186,-0.380,0.082,1.60,1.51
deadband,light_gust,deadband_mps,0.5,on,4.80,1.32,1.35,-0.197,-0.203,-0.188,-0.380,0.084,1.58,1.53
deadband,light_gust,deadband_mps,0.5,on,4.85,1.30,1.32,-0.195,-0.197,-0.191,-0.380,0.087,1.55,1.54
deadband,light_gust,deadband_mps,0.5,on,4.90,1.28,1.26,-0.192,-0.189,-0.193,-0.380,0.088,1.52,1.54
deadband,light_gust,deadband_mps,0.5,on,4.95,1.24,1.20,-0.187,-0.180,-0.196,-0.380,0.091,1.48,1.52
deadband,light_gust,deadband_mps,0.5,on,5.00,1.22,1.14,-0.182,-0.171,-0.213,-0.388,0.110,1.02,0.92
deadband,light_gust,deadband_mps,0.5,on,5.05,1.18,1.08,-0.177,-0.162,-0.213,-0.388,0.110,1.02,0.92
deadband,light_gust,deadband_mps,0.5,on,5.10,1.15,1.02,-0.173,-0.153,-0.212,-0.386,0.108,1.03,0.93
deadband,light_gust,deadband_mps,0.5,on,5.15,1.11,0.97,-0.167,-0.145,-0.211,-0.385,0.107,1.05,0.94
deadband,light_gust,deadband_mps,0.5,on,5.20,1.07,0.92,-0.160,-0.138,-0.210,-0.383,0.105,1.06,0.95
deadband,light_gust,deadband_mps,0.5,on,5.25,1.02,0.87,-0.153,-0.130,-0.209,-0.382,0.103,1.06,0.94
deadband,light_gust,deadband_mps,0.5,on,5.30,0.98,0.82,-0.147,-0.123,-0.207,-0.380,0.101,1.06,0.93
deadband,light_gust,deadband_mps,0.5,on,5.35,0.95,0.79,-0.143,-0.118,-0.206,-0.379,0.100,1.05,0.92
deadband,light_gust,deadband_mps,0.5,on,5.40,0.93,0.76,-0.140,-0.114,-0.203,-0.377,0.097,1.03,0.90
deadband,light_gust,deadband_mps,0.5,on,5.45,0.91,0.74,-0.137,-0.110,-0.202,-0.376,0.095,1.01,0.88
deadband,light_gust,deadband_mps,0.5,on,5.50,0.91,0.73,-0.137,-0.109,-0.199,-0.375,0.092,0.99,0.86
deadband,light_gust,deadband_mps,0.5,on,5.55,0.92,0.72,-0.139,-0.109,-0.198,-0.374,0.090,0.98,0.84
deadband,light_gust,deadband_mps,0.5,on,5.60,0.95,0.73,-0.143,-0.110,-0.194,-0.372,0.087,0.96,0.83
deadband,light_gust,deadband_mps,0.5,on,5.65,1.00,0.75,-0.150,-0.113,-0.193,-0.371,0.085,0.96,0.81
deadband,light_gust,deadband_mps,0.5,on,5.70,1.06,0.78,-0.158,-0.117,-0.189,-0.369,0.080,0.97,0.80
deadband,light_gust,deadband_mps,0.5,on,5.75,1.12,0.81,-0.168,-0.122,-0.187,-0.368,0.078,0.99,0.80
deadband,light_gust,deadband_mps,0.5,on,5.80,1.19,0.84,-0.179,-0.127,-0.183,-0.366,0.073,1.02,0.81
deadband,light_gust,deadband_mps,0.5,on,5.85,1.27,0.88,-0.191,-0.133,-0.181,-0.365,0.071,1.06,0.82
deadband,light_gust,deadband_mps,0.5,on,5.90,1.36,0.92,-0.204,-0.139,-0.176,-0.363,0.066,1.12,0.84
deadband,light_gust,deadband_mps,0.5,on,5.95,1.44,0.97,-0.216,-0.145,-0.174,-0.362,0.064,1.19,0.85
deadband,light_gust,deadband_mps,0.5,on,6.00,1.45,0.98,-0.218,-0.146,-0.139,-0.397,0.062,1.32,0.52
deadband,light_gust,deadband_mps,0.5,on,6.05,1.43,0.96,-0.215,-0.144,-0.139,-0.397,0.062,1.32,0.52
deadband,light_gust,deadband_mps,0.5,on,6.10,1.39,0.94,-0.209,-0.141,-0.139,-0.401,0.066,1.29,0.49
deadband,light_gust,deadband_mps,0.5,on,6.15,1.35,0.91,-0.202,-0.136,-0.140,-0.403,0.068,1.26,0.46
deadband,light_gust,deadband_mps,0.5,on,6.20,1.29,0.87,-0.194,-0.130,-0.140,-0.407,0.072,1.23,0.43
deadband,light_gust,deadband_mps,0.5,on,6.25,1.25,0.82,-0.187,-0.123,-0.141,-0.409,0.074,1.18,0.40
deadband,light_gust,deadband_mps,0.5,on,6.30,1.21,0.79,-0.181,-0.118,-0.142,-0.412,0.077,1.14,0.37
deadband,light_gust,deadband_mps,0.5,on,6.35,1.17,0.75,-0.175,-0.112,-0.142,-0.414,0.079,1.10,0.34
deadband,light_gust,deadband_mps,0.5,on,6.40,1.13,0.72,-0.170,-0.108,-0.144,-0.416,0.081,1.06,0.33
deadband,light_gust,deadband_mps,0.5,on,6.45,1.10,0.70,-0.165,-0.105,-0.144,-0.417,0.082,1.00,0.30
deadband,light_gust,deadband_mps,0.5,on,6.50,1.07,0.67,-0.160,-0.101,-0.145,-0.419,0.084,0.96,0.29
deadband,light_gust,deadband_mps,0.5,on,6.55,1.04,0.65,-0.156,-0.098,-0.146,-0.419,0.085,0.91,0.27
deadband,light_gust,deadband_mps,0.5,on,6.60,1.01,0.64,-0.151,-0.096,-0.147,-0.420,0.086,0.88,0.27
deadband,light_gust,deadband_mps,0.5,on,6.65,0.98,0.63,-0.147,-0.094,-0.147,-0.420,0.086,0.84,0.27
deadband,light_gust,deadband_mps,0.5,on,6.70,0.95,0.63,-0.143,-0.094,-0.147,-0.419,0.085,0.82,0.28
deadband,light_gust,deadband_mps,0.5,on,6.75,0.93,0.63,-0.140,-0.095,-0.148,-0.418,0.085,0.81,0.30
deadband,light_gust,deadband_mps,0.5,on,6.80,0.92,0.66,-0.139,-0.098,-0.148,-0.416,0.083,0.80,0.32
deadband,light_gust,deadband_mps,0.5,on,6.85,0.91,0.68,-0.137,-0.102,-0.148,-0.415,0.081,0.81,0.36
deadband,light_gust,deadband_mps,0.5,on,6.90,0.92,0.72,-0.138,-0.108,-0.147,-0.411,0.078,0.82,0.40
deadband,light_gust,deadband_mps,0.5,on,6.95,0.94,0.76,-0.142,-0.113,-0.147,-0.409,0.076,0.85,0.46
deadband,light_gust,deadband_mps,0.5,on,7.00,1.01,0.81,-0.152,-0.122,-0.126,-0.305,0.038,1.74,1.65
deadband,light_gust,deadband_mps,0.5,on,7.05,1.10,0.88,-0.165,-0.131,-0.126,-0.305,0.038,1.74,1.65
deadband,light_gust,deadband_mps,0.5,on,7.10,1.19,0.94,-0.179,-0.140,-0.124,-0.299,0.042,1.76,1.67
deadband,light_gust,deadband_mps,0.5,on,7.15,1.29,0.99,-0.193,-0.149,-0.123,-0.296,0.045,1.79,1.69
deadband,light_gust,deadband_mps,0.5,on,7.20,1.38,1.04,-0.207,-0.156,-0.121,-0.292,0.049,1.83,1.72
deadband,light_gust,deadband_mps,0.5,on,7.25,1.47,1.09,-0.220,-0.163,-0.119,-0.290,0.050,1.89,1.75
deadband,light_gust,deadband_mps,0.5,on,7.30,1.54,1.12,-0.231,-0.168,-0.117,-0.287,0.054,1.96,1.78
deadband,light_gust,deadband_mps,0.5,on,7.35,1.61,1.14,-0.241,-0.171,-0.115,-0.285,0.055,2.05,1.81
deadband,light_gust,deadband_mps,0.5,on,7.40,1.67,1.16,-0.251,-0.174,-0.112,-0.283,0.057,2.13,1.83
deadband,light_gust,deadband_mps,0.5,on,7.45,1.73,1.16,-0.259,-0.174,-0.111,-0.282,0.058,2.22,1.84
deadband,light_gust,deadband_mps,0.5,on,7.50,1.78,1.16,-0.267,-0.174,-0.107,-0.281,0.059,2.30,1.84
deadband,light_gust,deadband_mps,0.5,on,7.55,1.83,1.16,-0.274,-0.174,-0.105,-0.281,0.060,2.37,1.83
deadband,light_gust,deadband_mps,0.5,on,7.60,1.86,1.15,-0.279,-0.172,-0.101,-0.282,0.060,2.44,1.81
deadband,light_gust,deadband_mps,0.5,on,7.65,1.90,1.13,-0.285,-0.169,-0.099,-0.282,0.060,2.50,1.77
deadband,light_gust,deadband_mps,0.5,on,7.70,1.93,1.11,-0.290,-0.166,-0.095,-0.284,0.060,2.54,1.73
deadband,light_gust,deadband_mps,0.5,on,7.75,1.95,1.08,-0.293,-0.163,-0.093,-0.285,0.059,2.58,1.67
deadband,light_gust,deadband_mps,0.5,on,7.80,1.97,1.06,-0.296,-0.159,-0.091,-0.288,0.057,2.61,1.61
deadband,light_gust,deadband_mps,0.5,on,7.85,1.97,1.03,-0.296,-0.155,-0.090,-0.289,0.056,2.63,1.53
deadband,light_gust,deadband_mps,0.5,on,7.90,1.98,1.01,-0.297,-0.151,-0.089,-0.292,0.054,2.63,1.46
deadband,light_gust,deadband_mps,0.5,on,7.95,1.98,0.99,-0.297,-0.148,-0.089,-0.294,0.052,2.62,1.39
deadband,light_gust,deadband_mps,0.5,on,8.00,1.94,0.97,-0.291,-0.145,-0.124,-0.346,0.011,1.70,0.88
deadband,light_gust,deadband_mps,0.5,on,8.05,1.87,0.94,-0.281,-0.141,-0.124,-0.346,0.011,1.70,0.88
deadband,light_gust,deadband_mps,0.5,on,8.10,1.78,0.92,-0.268,-0.138,-0.126,-0.347,0.013,1.69,0.91
deadband,light_gust,deadband_mps,0.5,on,8.15,1.69,0.90,-0.253,-0.135,-0.127,-0.347,0.014,1.67,0.92
deadband,light_gust,deadband_mps,0.5,on,8.20,1.60,0.88,-0.240,-0.132,-0.128,-0.348,0.016,1.65,0.94
deadband,light_gust,deadband_mps,0.5,on,8.25,1.51,0.86,-0.226,-0.129,-0.129,-0.348,0.017,1.61,0.95
deadband,light_gust,deadband_mps,0.5,on,8.30,1.42,0.85,-0.213,-0.127,-0.130,-0.348,0.018,1.56,0.96
deadband,light_gust,deadband_mps,0.5,on,8.35,1.34,0.84,-0.201,-0.126,-0.130,-0.348,0.018,1.50,0.98
deadband,light_gust,deadband_mps,0.5,on,8.40,1.27,0.84,-0.190,-0.127,-0.130,-0.348,0.018,1.45,0.99
deadband,light_gust,deadband_mps,0.5,on,8.45,1.22,0.86,-0.183,-0.129,-0.131,-0.348,0.019,1.40,1.01
deadband,light_gust,deadband_mps,0.5,on,8.50,1.18,0.89,-0.177,-0.133,-0.131,-0.348,0.018,1.35,1.03
deadband,light_gust,deadband_mps,0.5,on,8.55,1.15,0.92,-0.173,-0.138,-0.131,-0.347,0.018,1.31,1.05
deadband,light_gust,deadband_mps,0.5,on,8.60,1.13,0.95,-0.169,-0.143,-0.130,-0.346,0.017,1.29,1.08
deadband,light_gust,deadband_mps,0.5,on,8.65,1.11,0.99,-0.166,-0.148,-0.129,-0.345,0.016,1.28,1.12
deadband,light_gust,deadband_mps,0.5,on,8.70,1.10,1.03,-0.165,-0.155,-0.127,-0.344,0.013,1.30,1.16
deadband,light_gust,deadband_mps,0.5,on,8.75,1.11,1.07,-0.166,-0.161,-0.125,-0.342,0.011,1.33,1.21
deadband,light_gust,deadband_mps,0.5,on,8.80,1.13,1.12,-0.169,-0.168,-0.122,-0.340,0.008,1.38,1.25
deadband,light_gust,deadband_mps,0.5,on,8.85,1.15,1.16,-0.173,-0.174,-0.120,-0.339,0.006,1.44,1.31
deadband,light_gust,deadband_mps,0.5,on,8.90,1.20,1.20,-0.180,-0.180,-0.115,-0.336,0.004,1.52,1.36
deadband,light_gust,deadband_mps,0.5,on,8.95,1.26,1.22,-0.189,-0.183,-0.112,-0.335,0.006,1.62,1.41
deadband,light_gust,deadband_mps,0.5,on,9.00,1.30,1.22,-0.195,-0.183,-0.041,-0.300,0.083,2.87,1.66
deadband,light_gust,deadband_mps,0.5,on,9.05,1.32,1.21,-0.198,-0.182,-0.041,-0.300,0.083,2.87,1.66
deadband,light_gust,deadband_mps,0.5,on,9.10,1.33,1.19,-0.200,-0.179,-0.040,-0.299,0.085,2.86,1.66
deadband,light_gust,deadband_mps,0.5,on,9.15,1.33,1.16,-0.200,-0.175,-0.039,-0.299,0.086,2.86,1.66
deadband,light_gust,deadband_mps,0.5,on,9.20,1.33,1.13,-0.199,-0.170,-0.038,-0.298,0.087,2.86,1.66
deadband,light_gust,deadband_mps,0.5,on,9.25,1.32,1.10,-0.199,-0.166,-0.037,-0.298,0.088,2.87,1.65
deadband,light_gust,deadband_mps,0.5,on,9.30,1.32,1.08,-0.199,-0.162,-0.037,-0.298,0.088,2.88,1.64
deadband,light_gust,deadband_mps,0.5,on,9.35,1.32,1.05,-0.198,-0.157,-0.037,-0.298,0.088,2.88,1.62
deadband,light_gust,deadband_mps,0.5,on,9.40,1.33,1.02,-0.199,-0.154,-0.036,-0.299,0.088,2.87,1.60
deadband,light_gust,deadband_mps,0.5,on,9.45,1.33,1.00,-0.199,-0.151,-0.036,-0.299,0.088,2.86,1.57
deadband,light_gust,deadband_mps,0.5,on,9.50,1.33,0.98,-0.199,-0.146,-0.036,-0.300,0.087,2.84,1.54
deadband,light_gust,deadband_mps,0.5,on,9.55,1.32,0.95,-0.198,-0.143,-0.036,-0.301,0.087,2.81,1.51
deadband,light_gust,deadband_mps,0.5,on,9.60,1.31,0.92,-0.196,-0.139,-0.037,-0.303,0.086,2.78,1.47
deadband,light_gust,deadband_mps,0.5,on,9.65,1.29,0.89,-0.194,-0.134,-0.037,-0.304,0.085,2.75,1.43
deadband,light_gust,deadband_mps,0.5,on,9.70,1.27,0.87,-0.190,-0.130,-0.039,-0.306,0.082,2.72,1.39
deadband,light_gust,deadband_mps,0.5,on,9.75,1.24,0.84,-0.185,-0.126,-0.040,-0.308,0.081,2.67,1.35
deadband,light_gust,deadband_mps,0.5,on,9.80,1.20,0.81,-0.180,-0.121,-0.043,-0.310,0.078,2.63,1.31
deadband,light_gust,deadband_mps,0.5,on,9.85,1.15,0.78,-0.173,-0.117,-0.044,-0.311,0.076,2.58,1.27
deadband,light_gust,deadband_mps,0.5,on,9.90,1.10,0.75,-0.165,-0.113,-0.047,-0.314,0.072,2.52,1.23
deadband,light_gust,deadband_mps,0.5,on,9.95,1.05,0.73,-0.158,-0.110,-0.049,-0.315,0.069,2.45,1.20
deadband,light_gust,deadband_mps,0.5,on,10.00,1.01,0.72,-0.151,-0.108,-0.119,-0.351,0.012,1.53,1.07
deadband,light_gust,deadband_mps,0.5,on,10.05,0.98,0.71,-0.146,-0.107,-0.119,-0.351,0.012,1.53,1.07
deadband,light_gust,deadband_mps,0.5,on,10.10,0.95,0.72,-0.143,-0.108,-0.121,-0.352,0.013,1.53,1.07
deadband,light_gust,deadband_mps,0.5,on,10.15,0.94,0.74,-0.142,-0.111,-0.122,-0.352,0.014,1.54,1.08
deadband,light_gust,deadband_mps,0.5,on,10.20,0.94,0.77,-0.141,-0.115,-0.124,-0.352,0.015,1.54,1.08
deadband,light_gust,deadband_mps,0.5,on,10.25,0.95,0.80,-0.142,-0.120,-0.125,-0.352,0.016,1.55,1.09
deadband,light_gust,deadband_mps,0.5,on,10.30,0.96,0.84,-0.144,-0.125,-0.126,-0.351,0.017,1.55,1.10
deadband,light_gust,deadband_mps,0.5,on,10.35,0.97,0.88,-0.146,-0.131,-0.127,-0.351,0.017,1.56,1.11
deadband,light_gust,deadband_mps,0.5,on,10.40,0.99,0.92,-0.148,-0.137,-0.129,-0.350,0.018,1.56,1.13
deadband,light_gust,deadband_mps,0.5,on,10.45,1.01,0.95,-0.151,-0.143,-0.130,-0.350,0.018,1.57,1.16
deadband,light_gust,deadband_mps,0.5,on,10.50,1.02,0.99,-0.153,-0.148,-0.131,-0.348,0.019,1.57,1.18
deadband,light_gust,deadband_mps,0.5,on,10.55,1.02,1.01,-0.154,-0.152,-0.132,-0.348,0.020,1.58,1.22
deadband,light_gust,deadband_mps,0.5,on,10.60,1.02,1.03,-0.153,-0.155,-0.134,-0.346,0.021,1.59,1.25
deadband,light_gust,deadband_mps,0.5,on,10.65,1.02,1.05,-0.152,-0.157,-0.135,-0.345,0.021,1.59,1.28
deadband,light_gust,deadband_mps,0.5,on,10.70,1.01,1.06,-0.152,-0.158,-0.136,-0.344,0.023,1.60,1.31
deadband,light_gust,deadband_mps,0.5,on,10.75,1.01,1.05,-0.151,-0.158,-0.137,-0.343,0.024,1.60,1.34
deadband,light_gust,deadband_mps,0.5,on,10.80,1.00,1.04,-0.150,-0.157,-0.139,-0.342,0.025,1.60,1.36
deadband,light_gust,deadband_mps,0.5,on,10.85,0.98,1.03,-0.147,-0.154,-0.140,-0.341,0.026,1.59,1.38
deadband,light_gust,deadband_mps,0.5,on,10.90,0.95,1.00,-0.143,-0.149,-0.141,-0.340,0.027,1.57,1.40
deadband,light_gust,deadband_mps,0.5,on,10.95,0.91,0.95,-0.137,-0.143,-0.142,-0.339,0.028,1.55,1.40
deadband,light_gust,deadband_mps,0.5,on,11.00,0.87,0.90,-0.130,-0.136,-0.144,-0.365,0.039,1.18,0.76
deadband,light_gust,deadband_mps,0.5,on,11.05,0.83,0.85,-0.124,-0.128,-0.144,-0.365,0.039,1.18,0.76
deadband,light_gust,deadband_mps,0.5,on,11.10,0.80,0.80,-0.120,-0.121,-0.142,-0.366,0.038,1.20,0.75
deadband,light_gust,deadband_mps,0.5,on,11.15,0.78,0.76,-0.117,-0.114,-0.140,-0.366,0.037,1.22,0.74
deadband,light_gust,deadband_mps,0.5,on,11.20,0.77,0.72,-0.115,-0.107,-0.137,-0.367,0.035,1.23,0.72
deadband,light_gust,deadband_mps,0.5,on,11.25,0.77,0.68,-0.115,-0.102,-0.136,-0.367,0.034,1.23,0.70
deadband,light_gust,deadband_mps,0.5,on,11.30,0.77,0.65,-0.116,-0.097,-0.133,-0.368,0.033,1.24,0.68
deadband,light_gust,deadband_mps,0.5,on,11.35,0.79,0.62,-0.118,-0.093,-0.131,-0.368,0.033,1.24,0.65
deadband,light_gust,deadband_mps,0.5,on,11.40,0.80,0.60,-0.120,-0.090,-0.129,-0.369,0.032,1.24,0.63
deadband,light_gust,deadband_mps,0.5,on,11.45,0.81,0.58,-0.121,-0.087,-0.128,-0.369,0.032,1.25,0.60
deadband,light_gust,deadband_mps,0.5,on,11.50,0.82,0.57,-0.123,-0.085,-0.126,-0.370,0.032,1.25,0.58
deadband,light_gust,deadband_mps,0.5,on,11.55,0.84,0.56,-0.125,-0.084,-0.125,-0.371,0.033,1.26,0.56
deadband,light_gust,deadband_mps,0.5,on,11.60,0.86,0.56,-0.129,-0.084,-0.123,-0.372,0.033,1.27,0.54
deadband,light_gust,deadband_mps,0.5,on,11.65,0.89,0.57,-0.133,-0.085,-0.122,-0.373,0.033,1.28,0.52
deadband,light_gust,deadband_mps,0.5,on,11.70,0.92,0.57,-0.138,-0.086,-0.121,-0.374,0.034,1.30,0.51
deadband,light_gust,deadband_mps,0.5,on,11.75,0.96,0.58,-0.143,-0.088,-0.120,-0.374,0.034,1.31,0.50
deadband,light_gust,deadband_mps,0.5,on,11.80,0.99,0.60,-0.148,-0.090,-0.119,-0.374,0.034,1.32,0.49
deadband,light_gust,deadband_mps,0.5,on,11.85,1.02,0.62,-0.154,-0.093,-0.119,-0.374,0.034,1.34,0.50
deadband,light_gust,deadband_mps,0.5,on,11.90,1.06,0.64,-0.158,-0.095,-0.118,-0.374,0.034,1.36,0.50
deadband,light_gust,deadband_mps,0.5,on,11.95,1.09,0.66,-0.163,-0.099,-0.118,-0.374,0.034,1.38,0.51
deadband,light_gust,deadband_mps,0.5,on,12.00,1.09,0.68,-0.164,-0.102,-0.163,-0.358,0.052,0.87,0.91
deadband,light_gust,deadband_mps,0.5,on,12.05,1.09,0.70,-0.163,-0.106,-0.163,-0.358,0.052,0.87,0.91
deadband,light_gust,deadband_mps,0.5,on,12.10,1.06,0.73,-0.160,-0.109,-0.167,-0.358,0.055,0.86,0.93
deadband,light_gust,deadband_mps,0.5,on,12.15,1.03,0.75,-0.155,-0.112,-0.169,-0.357,0.057,0.84,0.94
deadband,light_gust,deadband_mps,0.5,on,12.20,1.00,0.76,-0.150,-0.114,-0.172,-0.357,0.060,0.83,0.95
deadband,light_gust,deadband_mps,0.5,on,12.25,0.97,0.78,-0.146,-0.116,-0.173,-0.358,0.062,0.80,0.96
deadband,light_gust,deadband_mps,0.5,on,12.30,0.94,0.79,-0.141,-0.118,-0.176,-0.358,0.064,0.78,0.97
deadband,light_gust,deadband_mps,0.5,on,12.35,0.92,0.80,-0.138,-0.120,-0.177,-0.358,0.066,0.75,0.98
deadband,light_gust,deadband_mps,0.5,on,12.40,0.89,0.81,-0.134,-0.121,-0.179,-0.358,0.067,0.73,0.98
deadband,light_gust,deadband_mps,0.5,on,12.45,0.87,0.81,-0.131,-0.122,-0.179,-0.358,0.068,0.70,0.99
deadband,light_gust,deadband_mps,0.5,on,12.50,0.86,0.82,-0.129,-0.123,-0.180,-0.358,0.068,0.68,0.99
deadband,light_gust,deadband_mps,0.5,on,12.55,0.85,0.82,-0.127,-0.123,-0.180,-0.358,0.068,0.67,0.99
deadband,light_gust,deadband_mps,0.5,on,12.60,0.85,0.83,-0.127,-0.124,-0.179,-0.357,0.067,0.67,1.00
deadband,light_gust,deadband_mps,0.5,on,12.65,0.85,0.83,-0.127,-0.124,-0.178,-0.357,0.067,0.69,1.00
deadband,light_gust,deadband_mps,0.5,on,12.70,0.86,0.84,-0.129,-0.125,-0.177,-0.356,0.065,0.71,1.01
deadband,light_gust,deadband_mps,0.5,on,12.75,0.88,0.84,-0.132,-0.126,-0.175,-0.355,0.063,0.74,1.01
deadband,light_gust,deadband_mps,0.5,on,12.80,0.91,0.84,-0.137,-0.127,-0.173,-0.354,0.060,0.79,1.02
deadband,light_gust,deadband_mps,0.5,on,12.85,0.95,0.85,-0.143,-0.128,-0.171,-0.352,0.058,0.85,1.02
deadband,light_gust,deadband_mps,0.5,on,12.90,1.01,0.87,-0.151,-0.130,-0.167,-0.350,0.054,0.91,1.03
deadband,light_gust,deadband_mps,0.5,on,12.95,1.08,0.89,-0.161,-0.133,-0.164,-0.348,0.051,0.99,1.04
deadband,light_gust,deadband_mps,0.5,on,13.00,1.13,0.90,-0.170,-0.135,-0.106,-0.270,0.071,2.02,1.67
deadband,light_gust,deadband_mps,0.5,on,13.05,1.19,0.91,-0.178,-0.136,-0.106,-0.270,0.071,2.02,1.67
deadband,light_gust,deadband_mps,0.5,on,13.10,1.23,0.91,-0.185,-0.136,-0.104,-0.269,0.072,2.02,1.67
deadband,light_gust,deadband_mps,0.5,on,13.15,1.27,0.91,-0.191,-0.137,-0.103,-0.269,0.073,2.02,1.66
deadband,light_gust,deadband_mps,0.5,on,13.20,1.31,0.91,-0.196,-0.136,-0.101,-0.269,0.072,2.03,1.65
deadband,light_gust,deadband_mps,0.5,on,13.25,1.35,0.90,-0.202,-0.136,-0.100,-0.270,0.072,2.04,1.62
deadband,light_gust,deadband_mps,0.5,on,13.30,1.39,0.90,-0.208,-0.135,-0.097,-0.271,0.071,2.06,1.59
deadband,light_gust,deadband_mps,0.5,on,13.35,1.43,0.90,-0.214,-0.135,-0.095,-0.272,0.071,2.09,1.55
deadband,light_gust,deadband_mps,0.5,on,13.40,1.47,0.90,-0.221,-0.135,-0.093,-0.274,0.070,2.12,1.51
deadband,light_gust,deadband_mps,0.5,on,13.45,1.52,0.90,-0.228,-0.134,-0.091,-0.274,0.070,2.15,1.47
deadband,light_gust,deadband_mps,0.5,on,13.50,1.57,0.89,-0.235,-0.134,-0.088,-0.276,0.069,2.19,1.42
deadband,light_gust,deadband_mps,0.5,on,13.55,1.62,0.89,-0.243,-0.134,-0.086,-0.277,0.069,2.23,1.38
deadband,light_gust,deadband_mps,0.5,on,13.60,1.67,0.89,-0.251,-0.134,-0.083,-0.279,0.069,2.28,1.34
deadband,light_gust,deadband_mps,0.5,on,13.65,1.72,0.89,-0.259,-0.133,-0.082,-0.280,0.068,2.33,1.31
deadband,light_gust,deadband_mps,0.5,on,13.70,1.77,0.89,-0.266,-0.134,-0.079,-0.282,0.068,2.38,1.28
deadband,light_gust,deadband_mps,0.5,on,13.75,1.82,0.90,-0.273,-0.134,-0.077,-0.283,0.069,2.44,1.25
deadband,light_gust,deadband_mps,0.5,on,13.80,1.87,0.91,-0.281,-0.136,-0.074,-0.284,0.069,2.49,1.23
deadband,light_gust,deadband_mps,0.5,on,13.85,1.91,0.92,-0.287,-0.138,-0.073,-0.285,0.069,2.55,1.21
deadband,light_gust,deadband_mps,0.5,on,13.90,1.94,0.93,-0.292,-0.140,-0.070,-0.286,0.070,2.60,1.20
deadband,light_gust,deadband_mps,0.5,on,13.95,1.97,0.95,-0.296,-0.142,-0.069,-0.286,0.071,2.65,1.19
deadband,light_gust,deadband_mps,0.5,on,14.00,1.96,0.97,-0.294,-0.145,-0.063,-0.331,0.052,2.56,1.18
deadband,light_gust,deadband_mps,0.5,on,14.05,1.93,0.98,-0.290,-0.147,-0.063,-0.331,0.052,2.56,1.18
deadband,light_gust,deadband_mps,0.5,on,14.10,1.88,1.00,-0.282,-0.150,-0.063,-0.334,0.051,2.56,1.17
deadband,light_gust,deadband_mps,0.5,on,14.15,1.83,1.01,-0.274,-0.152,-0.064,-0.336,0.050,2.56,1.16
deadband,light_gust,deadband_mps,0.5,on,14.20,1.77,1.03,-0.266,-0.154,-0.064,-0.340,0.050,2.56,1.16
deadband,light_gust,deadband_mps,0.5,on,14.25,1.72,1.04,-0.257,-0.156,-0.065,-0.341,0.049,2.55,1.16
deadband,light_gust,deadband_mps,0.5,on,14.30,1.65,1.05,-0.247,-0.158,-0.066,-0.344,0.048,2.54,1.16
deadband,light_gust,deadband_mps,0.5,on,14.35,1.58,1.06,-0.237,-0.158,-0.067,-0.346,0.047,2.51,1.17
deadband,light_gust,deadband_mps,0.5,on,14.40,1.51,1.06,-0.226,-0.160,-0.068,-0.349,0.046,2.48,1.18
deadband,light_gust,deadband_mps,0.5,on,14.45,1.44,1.07,-0.215,-0.161,-0.069,-0.351,0.046,2.44,1.19
deadband,light_gust,deadband_mps,0.5,on,14.50,1.36,1.07,-0.204,-0.161,-0.072,-0.353,0.044,2.39,1.20
deadband,light_gust,deadband_mps,0.5,on,14.55,1.29,1.07,-0.193,-0.161,-0.073,-0.355,0.043,2.33,1.21
deadband,light_gust,deadband_mps,0.5,on,14.60,1.22,1.07,-0.183,-0.160,-0.076,-0.357,0.042,2.28,1.23
deadband,light_gust,deadband_mps,0.5,on,14.65,1.16,1.06,-0.174,-0.159,-0.077,-0.358,0.041,2.22,1.24
deadband,light_gust,deadband_mps,0.5,on,14.70,1.11,1.06,-0.167,-0.159,-0.079,-0.359,0.039,2.16,1.26
deadband,light_gust,deadband_mps,0.5,on,14.75,1.08,1.06,-0.162,-0.159,-0.081,-0.360,0.038,2.10,1.27
deadband,light_gust,deadband_mps,0.5,on,14.80,1.07,1.07,-0.161,-0.160,-0.083,-0.360,0.037,2.04,1.28
deadband,light_gust,deadband_mps,0.5,on,14.85,1.07,1.08,-0.160,-0.162,-0.083,-0.360,0.036,2.00,1.29
deadband,light_gust,deadband_mps,0.5,on,14.90,1.09,1.09,-0.163,-0.164,-0.085,-0.360,0.035,1.97,1.31
deadband,light_gust,deadband_mps,0.5,on,14.95,1.12,1.11,-0.168,-0.166,-0.086,-0.360,0.034,1.95,1.33
deadband,light_gust,deadband_mps,0.5,on,15.00,1.17,1.13,-0.175,-0.170,-0.090,-0.322,0.031,2.51,1.77
deadband,light_gust,deadband_mps,0.5,on,15.05,1.22,1.16,-0.183,-0.174,-0.090,-0.322,0.031,2.51,1.77
deadband,light_gust,deadband_mps,0.5,on,15.10,1.27,1.19,-0.191,-0.178,-0.090,-0.319,0.032,2.53,1.79
deadband,light_gust,deadband_mps,0.5,on,15.15,1.32,1.21,-0.199,-0.181,-0.090,-0.318,0.033,2.54,1.81
deadband,light_gust,deadband_mps,0.5,on,15.20,1.37,1.22,-0.205,-0.183,-0.090,-0.317,0.033,2.56,1.82
deadband,light_gust,deadband_mps,0.5,on,15.25,1.40,1.23,-0.210,-0.185,-0.091,-0.316,0.034,2.60,1.83
deadband,light_gust,deadband_mps,0.5,on,15.30,1.43,1.23,-0.215,-0.185,-0.092,-0.315,0.034,2.64,1.84
deadband,light_gust,deadband_mps,0.5,on,15.35,1.45,1.23,-0.218,-0.185,-0.093,-0.315,0.033,2.68,1.85
deadband,light_gust,deadband_mps,0.5,on,15.40,1.46,1.22,-0.219,-0.183,-0.095,-0.314,0.033,2.71,1.85
deadband,light_gust,deadband_mps,0.5,on,15.45,1.46,1.20,-0.219,-0.180,-0.096,-0.314,0.032,2.73,1.84
deadband,light_gust,deadband_mps,0.5,on,15.50,1.45,1.18,-0.218,-0.177,-0.098,-0.314,0.031,2.74,1.83
deadband,light_gust,deadband_mps,0.5,on,15.55,1.43,1.15,-0.215,-0.173,-0.100,-0.314,0.030,2.73,1.82
deadband,light_gust,deadband_mps,0.5,on,15.60,1.40,1.12,-0.211,-0.168,-0.103,-0.315,0.028,2.71,1.79
deadband,light_gust,deadband_mps,0.5,on,15.65,1.38,1.09,-0.206,-0.163,-0.104,-0.315,0.027,2.67,1.76
deadband,light_gust,deadband_mps,0.5,on,15.70,1.35,1.05,-0.202,-0.158,-0.107,-0.317,0.025,2.62,1.73
deadband,light_gust,deadband_mps,0.5,on,15.75,1.31,1.02,-0.196,-0.153,-0.108,-0.318,0.023,2.55,1.68
deadband,light_gust,deadband_mps,0.5,on,15.80,1.26,0.98,-0.190,-0.147,-0.111,-0.320,0.020,2.48,1.64
deadband,light_gust,deadband_mps,0.5,on,15.85,1.22,0.94,-0.183,-0.142,-0.112,-0.321,0.019,2.40,1.59
deadband,light_gust,deadband_mps,0.5,on,15.90,1.18,0.91,-0.177,-0.137,-0.115,-0.324,0.017,2.31,1.54
deadband,light_gust,deadband_mps,0.5,on,15.95,1.13,0.88,-0.170,-0.132,-0.116,-0.325,0.016,2.22,1.48
deadband,light_gust,deadband_mps,0.5,on,16.00,1.10,0.86,-0.166,-0.128,-0.112,-0.349,0.008,2.05,1.09
deadband,light_gust,deadband_mps,0.5,on,16.05,1.08,0.84,-0.161,-0.126,-0.112,-0.349,0.008,2.05,1.09
deadband,light_gust,deadband_mps,0.5,on,16.10,1.06,0.83,-0.159,-0.124,-0.112,-0.350,0.009,2.04,1.09
deadband,light_gust,deadband_mps,0.5,on,16.15,1.04,0.82,-0.156,-0.123,-0.113,-0.350,0.010,2.03,1.08
deadband,light_gust,deadband_mps,0.5,on,16.20,1.02,0.81,-0.154,-0.122,-0.115,-0.352,0.011,2.02,1.08
deadband,light_gust,deadband_mps,0.5,on,16.25,1.01,0.81,-0.151,-0.121,-0.115,-0.353,0.012,1.99,1.08
deadband,light_gust,deadband_mps,0.5,on,16.30,0.99,0.81,-0.149,-0.121,-0.118,-0.354,0.014,1.97,1.08
deadband,light_gust,deadband_mps,0.5,on,16.35,0.98,0.81,-0.146,-0.121,-0.119,-0.355,0.016,1.92,1.07
deadband,light_gust,deadband_mps,0.5,on,16.40,0.96,0.81,-0.144,-0.121,-0.122,-0.357,0.018,1.89,1.06
deadband,light_gust,deadband_mps,0.5,on,16.45,0.95,0.80,-0.142,-0.121,-0.123,-0.358,0.020,1.83,1.05
deadband,light_gust,deadband_mps,0.5,on,16.50,0.93,0.81,-0.140,-0.121,-0.127,-0.359,0.023,1.78,1.05
deadband,light_gust,deadband_mps,0.5,on,16.55,0.92,0.81,-0.138,-0.121,-0.129,-0.360,0.025,1.71,1.04
deadband,light_gust,deadband_mps,0.5,on,16.60,0.90,0.80,-0.135,-0.121,-0.133,-0.363,0.029,1.67,1.04
deadband,light_gust,deadband_mps,0.5,on,16.65,0.89,0.80,-0.133,-0.120,-0.135,-0.364,0.031,1.59,1.03
deadband,light_gust,deadband_mps,0.5,on,16.70,0.87,0.80,-0.131,-0.119,-0.139,-0.366,0.036,1.54,1.02
deadband,light_gust,deadband_mps,0.5,on,16.75,0.86,0.79,-0.129,-0.118,-0.141,-0.368,0.038,1.46,1.01
deadband,light_gust,deadband_mps,0.5,on,16.80,0.84,0.78,-0.126,-0.116,-0.145,-0.370,0.043,1.41,0.99
deadband,light_gust,deadband_mps,0.5,on,16.85,0.83,0.76,-0.125,-0.114,-0.146,-0.371,0.045,1.34,0.97
deadband,light_gust,deadband_mps,0.5,on,16.90,0.82,0.74,-0.123,-0.111,-0.149,-0.374,0.048,1.29,0.96
deadband,light_gust,deadband_mps,0.5,on,16.95,0.80,0.72,-0.120,-0.108,-0.151,-0.375,0.050,1.23,0.93
deadband,light_gust,deadband_mps,0.5,on,17.00,0.79,0.71,-0.119,-0.107,-0.155,-0.352,0.043,1.24,1.03
deadband,light_gust,deadband_mps,0.5,on,17.05,0.79,0.71,-0.119,-0.107,-0.155,-0.352,0.043,1.24,1.03
deadband,light_gust,deadband_mps,0.5,on,17.10,0.80,0.72,-0.120,-0.108,-0.156,-0.350,0.043,1.25,1.04
deadband,light_gust,deadband_mps,0.5,on,17.15,0.81,0.74,-0.121,-0.111,-0.156,-0.350,0.044,1.24,1.04
deadband,light_gust,deadband_mps,0.5,on,17.20,0.82,0.75,-0.123,-0.113,-0.158,-0.349,0.045,1.24,1.05
deadband,light_gust,deadband_mps,0.5,on,17.25,0.83,0.77,-0.124,-0.116,-0.158,-0.349,0.045,1.22,1.05
deadband,light_gust,deadband_mps,0.5,on,17.30,0.83,0.78,-0.124,-0.117,-0.159,-0.349,0.046,1.21,1.05
deadband,light_gust,deadband_mps,0.5,on,17.35,0.83,0.79,-0.124,-0.118,-0.160,-0.349,0.047,1.19,1.05
deadband,light_gust,deadband_mps,0.5,on,17.40,0.82,0.79,-0.123,-0.118,-0.161,-0.349,0.048,1.17,1.05
deadband,light_gust,deadband_mps,0.5,on,17.45,0.81,0.78,-0.122,-0.118,-0.161,-0.350,0.048,1.15,1.04
deadband,light_gust,deadband_mps,0.5,on,17.50,0.80,0.78,-0.119,-0.116,-0.162,-0.350,0.049,1.13,1.03
deadband,light_gust,deadband_mps,0.5,on,17.55,0.78,0.77,-0.117,-0.115,-0.162,-0.351,0.049,1.12,1.02
deadband,light_gust,deadband_mps,0.5,on,17.60,0.76,0.75,-0.115,-0.113,-0.162,-0.351,0.050,1.10,1.01
deadband,light_gust,deadband_mps,0.5,on,17.65,0.75,0.74,-0.112,-0.111,-0.163,-0.352,0.050,1.09,0.99
deadband,light_gust,deadband_mps,0.5,on,17.70,0.74,0.73,-0.110,-0.109,-0.163,-0.352,0.050,1.08,0.97
deadband,light_gust,deadband_mps,0.5,on,17.75,0.73,0.71,-0.109,-0.106,-0.163,-0.352,0.050,1.06,0.96
deadband,light_gust,deadband_mps,0.5,on,17.80,0.72,0.69,-0.109,-0.104,-0.162,-0.352,0.050,1.05,0.94
deadband,light_gust,deadband_mps,0.5,on,17.85,0.73,0.68,-0.110,-0.102,-0.162,-0.352,0.049,1.03,0.92
deadband,light_gust,deadband_mps,0.5,on,17.90,0.75,0.67,-0.112,-0.101,-0.161,-0.351,0.049,1.02,0.90
deadband,light_gust,deadband_mps,0.5,on,17.95,0.77,0.67,-0.115,-0.100,-0.161,-0.351,0.048,1.01,0.89
deadband,light_gust,deadband_mps,1.0,on,0.00,0.00,0.00,0.000,0.000,-0.107,-0.341,0.016,0.53,0.38
deadband,light_gust,deadband_mps,1.0,on,0.05,0.00,0.00,0.000,0.000,-0.107,-0.341,0.016,0.53,0.38
deadband,light_gust,deadband_mps,1.0,on,0.10,0.00,0.00,0.000,0.000,-0.106,-0.342,0.017,0.54,0.37
deadband,light_gust,deadband_mps,1.0,on,0.15,0.00,0.00,0.000,0.000,-0.103,-0.343,0.020,0.55,0.35
deadband,light_gust,deadband_mps,1.0,on,0.20,0.00,0.00,0.000,0.000,-0.102,-0.344,0.021,0.55,0.33
deadband,light_gust,deadband_mps,1.0,on,0.25,0.00,0.00,0.000,0.000,-0.100,-0.345,0.023,0.56,0.31
deadband,light_gust,deadband_mps,1.0,on,0.30,0.00,0.00,0.000,0.000,-0.099,-0.345,0.025,0.56,0.30
deadband,light_gust,deadband_mps,1.0,on,0.35,0.00,0.00,0.000,0.000,-0.097,-0.346,0.027,0.57,0.29
deadband,light_gust,deadband_mps,1.0,on,0.40,0.00,0.00,0.000,0.000,-0.096,-0.346,0.028,0.58,0.28
deadband,light_gust,deadband_mps,1.0,on,0.45,0.00,0.00,0.000,0.000,-0.094,-0.346,0.029,0.59,0.29
deadband,light_gust,deadband_mps,1.0,on,0.50,0.00,0.00,0.000,0.000,-0.093,-0.346,0.030,0.61,0.30
deadband,light_gust,deadband_mps,1.0,on,0.55,0.00,0.00,0.000,0.000,-0.091,-0.345,0.032,0.63,0.32
deadband,light_gust,deadband_mps,1.0,on,0.60,0.00,0.00,0.000,0.000,-0.090,-0.345,0.032,0.65,0.34
deadband,light_gust,deadband_mps,1.0,on,0.65,0.00,0.00,0.000,0.000,-0.088,-0.344,0.034,0.68,0.37
deadband,light_gust,deadband_mps,1.0,on,0.70,0.00,0.00,0.000,0.000,-0.087,-0.343,0.035,0.72,0.41
deadband,light_gust,deadband_mps,1.0,on,0.75,0.00,0.00,0.000,0.000,-0.085,-0.341,0.036,0.75,0.45
deadband,light_gust,deadband_mps,1.0,on,0.80,0.00,0.00,0.000,0.000,-0.084,-0.340,0.036,0.79,0.50
deadband,light_gust,deadband_mps,1.0,on,0.85,0.00,0.00,0.000,0.000,-0.082,-0.338,0.038,0.83,0.54
deadband,light_gust,deadband_mps,1.0,on,0.90,0.00,0.00,0.000,0.000,-0.081,-0.336,0.039,0.87,0.59
deadband,light_gust,deadband_mps,1.0,on,0.95,0.79,0.70,-0.119,-0.105,-0.079,-0.333,0.040,0.91,0.64
deadband,light_gust,deadband_mps,1.0,on,1.00,0.76,0.68,-0.114,-0.101,-0.084,-0.281,0.061,1.69,1.58
deadband,light_gust,deadband_mps,1.0,on,1.05,0.72,0.64,-0.108,-0.096,-0.084,-0.281,0.061,1.69,1.58
deadband,light_gust,deadband_mps,1.0,on,1.10,0.67,0.60,-0.101,-0.090,-0.085,-0.282,0.060,1.68,1.56
deadband,light_gust,deadband_mps,1.0,on,1.15,0.63,0.56,-0.095,-0.084,-0.086,-0.282,0.059,1.68,1.55
deadband,light_gust,deadband_mps,1.0,on,1.20,0.60,0.52,-0.090,-0.078,-0.087,-0.283,0.058,1.66,1.52
deadband,light_gust,deadband_mps,1.0,on,1.25,0.58,0.49,-0.087,-0.073,-0.088,-0.284,0.056,1.64,1.49
deadband,light_gust,deadband_mps,1.0,on,1.30,0.57,0.46,-0.085,-0.070,-0.089,-0.285,0.055,1.61,1.45
deadband,light_gust,deadband_mps,1.0,on,1.35,0.56,0.44,-0.084,-0.066,-0.090,-0.286,0.054,1.58,1.40
deadband,light_gust,deadband_mps,1.0,on,1.40,0.56,0.43,-0.085,-0.065,-0.090,-0.287,0.053,1.54,1.35
deadband,light_gust,deadband_mps,1.0,on,1.45,0.56,0.42,-0.084,-0.063,-0.091,-0.287,0.052,1.52,1.31
deadband,light_gust,deadband_mps,1.0,on,1.50,0.55,0.41,-0.082,-0.061,-0.091,-0.288,0.052,1.50,1.27
deadband,light_gust,deadband_mps,1.0,on,1.55,0.54,0.39,-0.080,-0.059,-0.092,-0.287,0.051,1.49,1.24
deadband,light_gust,deadband_mps,1.0,on,1.60,0.52,0.37,-0.078,-0.056,-0.092,-0.287,0.051,1.49,1.21
deadband,light_gust,deadband_mps,1.0,on,1.65,0.51,0.36,-0.076,-0.054,-0.092,-0.286,0.052,1.50,1.20
deadband,light_gust,deadband_mps,1.0,on,1.70,0.50,0.35,-0.075,-0.053,-0.092,-0.286,0.053,1.53,1.19
deadband,light_gust,deadband_mps,1.0,on,1.75,0.50,0.35,-0.075,-0.053,-0.091,-0.284,0.055,1.55,1.20
deadband,light_gust,deadband_mps,1.0,on,1.80,0.52,0.37,-0.078,-0.056,-0.091,-0.283,0.056,1.59,1.21
deadband,light_gust,deadband_mps,1.0,on,1.85,0.55,0.40,-0.083,-0.059,-0.089,-0.282,0.058,1.62,1.23
deadband,light_gust,deadband_mps,1.0,on,1.90,0.60,0.44,-0.090,-0.066,-0.088,-0.280,0.060,1.67,1.26
deadband,light_gust,deadband_mps,1.0,on,1.95,0.67,0.49,-0.100,-0.074,-0.085,-0.279,0.063,1.72,1.28
deadband,light_gust,deadband_mps,1.0,on,2.00,0.73,0.54,-0.109,-0.081,-0.023,-0.255,0.122,2.84,1.66
deadband,light_gust,deadband_mps,1.0,on,2.05,0.78,0.58,-0.117,-0.087,-0.023,-0.255,0.122,2.84,1.66
deadband,light_gust,deadband_mps,1.0,on,2.10,0.83,0.61,-0.124,-0.092,-0.021,-0.256,0.123,2.85,1.65
deadband,light_gust,deadband_mps,1.0,on,2.15,0.87,0.64,-0.130,-0.096,-0.018,-0.257,0.125,2.86,1.64
deadband,light_gust,deadband_mps,1.0,on,2.20,0.90,0.66,-0.135,-0.099,-0.017,-0.257,0.126,2.88,1.63
deadband,light_gust,deadband_mps,1.0,on,2.25,0.92,0.67,-0.139,-0.101,-0.014,-0.258,0.128,2.92,1.63
deadband,light_gust,deadband_mps,1.0,on,2.30,0.94,0.68,-0.142,-0.102,-0.012,-0.259,0.129,2.94,1.62
deadband,light_gust,deadband_mps,1.0,on,2.35,0.96,0.69,-0.144,-0.103,-0.010,-0.261,0.130,2.99,1.62
deadband,light_gust,deadband_mps,1.0,on,2.40,0.97,0.69,-0.145,-0.103,-0.009,-0.261,0.131,3.01,1.61
deadband,light_gust,deadband_mps,1.0,on,2.45,0.98,0.69,-0.146,-0.103,-0.007,-0.263,0.131,3.06,1.60
deadband,light_gust,deadband_mps,1.0,on,2.50,0.98,0.68,-0.147,-0.102,-0.006,-0.263,0.132,3.08,1.60
deadband,light_gust,deadband_mps,1.0,on,2.55,0.98,0.67,-0.147,-0.101,-0.005,-0.264,0.132,3.10,1.58
deadband,light_gust,deadband_mps,1.0,on,2.60,0.97,0.66,-0.145,-0.099,-0.005,-0.265,0.132,3.11,1.57
deadband,light_gust,deadband_mps,1.0,on,2.65,0.95,0.64,-0.143,-0.097,-0.005,-0.266,0.132,3.12,1.56
deadband,light_gust,deadband_mps,1.0,on,2.70,0.93,0.63,-0.139,-0.094,-0.005,-0.267,0.131,3.12,1.55
deadband,light_gust,deadband_mps,1.0,on,2.75,0.90,0.61,-0.135,-0.091,-0.005,-0.268,0.130,3.10,1.54
deadband,light_gust,deadband_mps,1.0,on,2.80,0.87,0.59,-0.130,-0.088,-0.006,-0.269,0.129,3.08,1.53
deadband,light_gust,deadband_mps,1.0,on,2.85,0.83,0.57,-0.124,-0.085,-0.007,-0.270,0.128,3.05,1.52
deadband,light_gust,deadband_mps,1.0,on,2.90,0.78,0.55,-0.117,-0.082,-0.008,-0.271,0.126,3.02,1.51
deadband,light_gust,deadband_mps,1.0,on,2.95,0.73,0.52,-0.110,-0.078,-0.010,-0.273,0.124,2.96,1.50
deadband,light_gust,deadband_mps,1.0,on,3.00,0.69,0.51,-0.104,-0.076,-0.058,-0.299,0.069,2.40,1.50
deadband,light_gust,deadband_mps,1.0,on,3.05,0.65,0.49,-0.098,-0.074,-0.058,-0.299,0.069,2.40,1.50
deadband,light_gust,deadband_mps,1.0,on,3.10,0.63,0.49,-0.094,-0.073,-0.059,-0.300,0.067,2.39,1.50
deadband,light_gust,deadband_mps,1.0,on,3.15,0.62,0.49,-0.093,-0.074,-0.061,-0.302,0.064,2.39,1.50
deadband,light_gust,deadband_mps,1.0,on,3.20,0.62,0.50,-0.092,-0.075,-0.063,-0.304,0.063,2.38,1.49
deadband,light_gust,deadband_mps,1.0,on,3.25,0.62,0.52,-0.094,-0.078,-0.065,-0.306,0.060,2.37,1.48
deadband,light_gust,deadband_mps,1.0,on,3.30,0.64,0.54,-0.096,-0.081,-0.066,-0.308,0.058,2.35,1.47
deadband,light_gust,deadband_mps,1.0,on,3.35,0.66,0.56,-0.098,-0.084,-0.068,-0.311,0.055,2.34,1.46
deadband,light_gust,deadband_mps,1.0,on,3.40,0.68,0.59,-0.102,-0.088,-0.069,-0.312,0.053,2.33,1.45
deadband,light_gust,deadband_mps,1.0,on,3.45,0.70,0.61,-0.105,-0.091,-0.072,-0.315,0.050,2.31,1.43
deadband,light_gust,deadband_mps,1.0,on,3.50,0.73,0.63,-0.109,-0.094,-0.073,-0.317,0.048,2.31,1.42
deadband,light_gust,deadband_mps,1.0,on,3.55,0.75,0.64,-0.112,-0.096,-0.076,-0.320,0.045,2.30,1.41
deadband,light_gust,deadband_mps,1.0,on,3.60,0.77,0.65,-0.116,-0.098,-0.077,-0.322,0.043,2.30,1.40
deadband,light_gust,deadband_mps,1.0,on,3.65,0.79,0.66,-0.119,-0.100,-0.079,-0.325,0.040,2.29,1.38
deadband,light_gust,deadband_mps,1.0,on,3.70,0.82,0.67,-0.123,-0.101,-0.081,-0.327,0.039,2.29,1.37
deadband,light_gust,deadband_mps,1.0,on,3.75,0.84,0.67,-0.126,-0.101,-0.084,-0.331,0.036,2.29,1.35
deadband,light_gust,deadband_mps,1.0,on,3.80,0.86,0.67,-0.129,-0.101,-0.085,-0.333,0.034,2.29,1.33
deadband,light_gust,deadband_mps,1.0,on,3.85,0.88,0.67,-0.132,-0.100,-0.088,-0.337,0.031,2.29,1.31
deadband,light_gust,deadband_mps,1.0,on,3.90,0.90,0.66,-0.134,-0.099,-0.091,-0.339,0.030,2.28,1.28
deadband,light_gust,deadband_mps,1.0,on,3.95,0.90,0.65,-0.136,-0.097,-0.095,-0.342,0.027,2.26,1.26
deadband,light_gust,deadband_mps,1.0,on,4.00,0.91,0.64,-0.137,-0.096,-0.163,-0.373,0.061,1.51,1.06
deadband,light_gust,deadband_mps,1.0,on,4.05,0.92,0.65,-0.138,-0.097,-0.163,-0.373,0.061,1.51,1.06
deadband,light_gust,deadband_mps,1.0,on,4.10,0.93,0.66,-0.139,-0.098,-0.165,-0.372,0.062,1.52,1.06
deadband,light_gust,deadband_mps,1.0,on,4.15,0.93,0.67,-0.140,-0.101,-0.166,-0.371,0.062,1.54,1.08
deadband,light_gust,deadband_mps,1.0,on,4.20,0.94,0.69,-0.141,-0.104,-0.168,-0.369,0.061,1.55,1.09
deadband,light_gust,deadband_mps,1.0,on,4.25,0.94,0.72,-0.141,-0.108,-0.169,-0.367,0.061,1.57,1.12
deadband,light_gust,deadband_mps,1.0,on,4.30,0.95,0.74,-0.142,-0.111,-0.170,-0.364,0.061,1.59,1.15
deadband,light_gust,deadband_mps,1.0,on,4.35,0.95,0.77,-0.143,-0.116,-0.171,-0.362,0.061,1.61,1.19
deadband,light_gust,deadband_mps,1.0,on,4.40,0.96,0.80,-0.143,-0.120,-0.172,-0.359,0.060,1.63,1.23
deadband,light_gust,deadband_mps,1.0,on,4.45,0.96,0.82,-0.145,-0.124,-0.173,-0.358,0.060,1.65,1.28
deadband,light_gust,deadband_mps,1.0,on,4.50,0.97,0.85,-0.145,-0.127,-0.174,-0.354,0.060,1.66,1.32
deadband,light_gust,deadband_mps,1.0,on,4.55,0.96,0.86,-0.144,-0.129,-0.175,-0.352,0.059,1.67,1.37
deadband,light_gust,deadband_mps,1.0,on,4.60,0.95,0.87,-0.142,-0.130,-0.176,-0.348,0.059,1.67,1.41
deadband,light_gust,deadband_mps,1.0,on,4.65,0.93,0.87,-0.140,-0.131,-0.176,-0.347,0.059,1.67,1.45
deadband,light_gust,deadband_mps,1.0,on,4.70,0.92,0.87,-0.138,-0.131,-0.177,-0.344,0.059,1.67,1.48
deadband,light_gust,deadband_mps,1.0,on,4.75,0.90,0.86,-0.135,-0.129,-0.177,-0.343,0.059,1.67,1.51
deadband,light_gust,deadband_mps,1.0,on,4.80,0.87,0.84,-0.131,-0.126,-0.177,-0.341,0.058,1.66,1.53
deadband,light_gust,deadband_mps,1.0,on,4.85,0.85,0.81,-0.127,-0.122,-0.177,-0.341,0.058,1.64,1.54
deadband,light_gust,deadband_mps,1.0,on,4.90,0.81,0.77,-0.121,-0.116,-0.176,-0.340,0.058,1.62,1.54
deadband,light_gust,deadband_mps,1.0,on,4.95,0.76,0.73,-0.114,-0.109,-0.176,-0.340,0.058,1.60,1.52
deadband,light_gust,deadband_mps,1.0,on,5.00,0.70,0.67,-0.105,-0.100,-0.165,-0.368,0.059,1.26,0.75
deadband,light_gust,deadband_mps,1.0,on,5.05,0.64,0.61,-0.096,-0.091,-0.165,-0.368,0.059,1.26,0.75
deadband,light_gust,deadband_mps,1.0,on,5.10,0.59,0.55,-0.088,-0.082,-0.164,-0.369,0.059,1.26,0.74
deadband,light_gust,deadband_mps,1.0,on,5.15,0.53,0.49,-0.080,-0.074,-0.164,-0.370,0.059,1.25,0.72
deadband,light_gust,deadband_mps,1.0,on,5.20,0.49,0.44,-0.073,-0.066,-0.163,-0.371,0.059,1.23,0.70
deadband,light_gust,deadband_mps,1.0,on,5.25,0.46,0.40,-0.068,-0.060,-0.162,-0.371,0.059,1.20,0.67
deadband,light_gust,deadband_mps,1.0,on,5.30,0.43,0.36,-0.065,-0.054,-0.162,-0.372,0.059,1.17,0.64
deadband,light_gust,deadband_mps,1.0,on,5.35,0.42,0.33,-0.062,-0.050,-0.161,-0.373,0.059,1.13,0.60
deadband,light_gust,deadband_mps,1.0,on,5.40,0.41,0.31,-0.061,-0.047,-0.161,-0.373,0.060,1.09,0.57
deadband,light_gust,deadband_mps,1.0,on,5.45,0.40,0.29,-0.059,-0.044,-0.161,-0.373,0.060,1.04,0.54
deadband,light_gust,deadband_mps,1.0,on,5.50,0.39,0.28,-0.059,-0.042,-0.161,-0.373,0.059,1.01,0.52
deadband,light_gust,deadband_mps,1.0,on,5.55,0.39,0.27,-0.058,-0.040,-0.161,-0.372,0.059,0.98,0.50
deadband,light_gust,deadband_mps,1.0,on,5.60,0.39,0.26,-0.058,-0.040,-0.162,-0.371,0.059,0.96,0.50
deadband,light_gust,deadband_mps,1.0,on,5.65,0.39,0.27,-0.059,-0.040,-0.162,-0.371,0.058,0.94,0.50
deadband,light_gust,deadband_mps,1.0,on,5.70,0.40,0.27,-0.060,-0.041,-0.163,-0.369,0.058,0.93,0.51
deadband,light_gust,deadband_mps,1.0,on,5.75,0.42,0.28,-0.063,-0.043,-0.163,-0.368,0.058,0.92,0.54
deadband,light_gust,deadband_mps,1.0,on,5.80,0.43,0.30,-0.065,-0.045,-0.164,-0.366,0.057,0.92,0.56
deadband,light_gust,deadband_mps,1.0,on,5.85,0.46,0.32,-0.068,-0.048,-0.164,-0.365,0.057,0.92,0.60
deadband,light_gust,deadband_mps,1.0,on,5.90,0.48,0.35,-0.072,-0.052,-0.165,-0.362,0.055,0.93,0.63
deadband,light_gust,deadband_mps,1.0,on,5.95,0.51,0.38,-0.077,-0.057,-0.165,-0.361,0.054,0.94,0.68
deadband,light_gust,deadband_mps,1.0,on,6.00,0.53,0.40,-0.080,-0.060,-0.177,-0.339,0.059,0.93,0.97
deadband,light_gust,deadband_mps,1.0,on,6.05,0.55,0.42,-0.082,-0.063,-0.177,-0.339,0.059,0.93,0.97
deadband,light_gust,deadband_mps,1.0,on,6.10,0.55,0.43,-0.083,-0.064,-0.179,-0.340,0.060,0.91,0.95
deadband,light_gust,deadband_mps,1.0,on,6.15,0.56,0.43,-0.084,-0.065,-0.179,-0.340,0.061,0.89,0.93
deadband,light_gust,deadband_mps,1.0,on,6.20,0.56,0.44,-0.084,-0.065,-0.180,-0.340,0.061,0.88,0.91
deadband,light_gust,deadband_mps,1.0,on,6.25,0.56,0.44,-0.083,-0.065,-0.180,-0.340,0.061,0.87,0.90
deadband,light_gust,deadband_mps,1.0,on,6.30,0.56,0.44,-0.084,-0.066,-0.180,-0.338,0.061,0.87,0.88
deadband,light_gust,deadband_mps,1.0,on,6.35,0.56,0.44,-0.084,-0.066,-0.179,-0.337,0.061,0.87,0.88
deadband,light_gust,deadband_mps,1.0,on,6.40,0.58,0.44,-0.087,-0.066,-0.179,-0.335,0.060,0.88,0.89
deadband,light_gust,deadband_mps,1.0,on,6.45,0.59,0.45,-0.089,-0.068,-0.178,-0.334,0.059,0.89,0.90
deadband,light_gust,deadband_mps,1.0,on,6.50,0.62,0.46,-0.093,-0.069,-0.176,-0.331,0.056,0.91,0.91
deadband,light_gust,deadband_mps,1.0,on,6.55,0.65,0.48,-0.098,-0.072,-0.174,-0.330,0.055,0.94,0.93
deadband,light_gust,deadband_mps,1.0,on,6.60,0.69,0.50,-0.104,-0.075,-0.172,-0.326,0.053,0.99,0.96
deadband,light_gust,deadband_mps,1.0,on,6.65,0.75,0.52,-0.112,-0.079,-0.171,-0.325,0.052,1.03,0.98
deadband,light_gust,deadband_mps,1.0,on,6.70,0.81,0.56,-0.122,-0.084,-0.167,-0.320,0.049,1.10,1.02
deadband,light_gust,deadband_mps,1.0,on,6.75,0.89,0.60,-0.133,-0.089,-0.166,-0.319,0.048,1.16,1.05
deadband,light_gust,deadband_mps,1.0,on,6.80,0.97,0.64,-0.146,-0.096,-0.162,-0.315,0.046,1.26,1.10
deadband,light_gust,deadband_mps,1.0,on,6.85,1.06,0.69,-0.159,-0.103,-0.160,-0.313,0.045,1.33,1.13
deadband,light_gust,deadband_mps,1.0,on,6.90,1.15,0.74,-0.173,-0.111,-0.156,-0.308,0.043,1.44,1.18
deadband,light_gust,deadband_mps,1.0,on,6.95,1.25,0.80,-0.187,-0.119,-0.154,-0.306,0.042,1.52,1.22
deadband,light_gust,deadband_mps,1.0,on,7.00,1.26,0.80,-0.190,-0.120,-0.108,-0.314,0.020,2.05,1.12
deadband,light_gust,deadband_mps,1.0,on,7.05,1.24,0.78,-0.186,-0.117,-0.108,-0.314,0.020,2.05,1.12
deadband,light_gust,deadband_mps,1.0,on,7.10,1.20,0.74,-0.180,-0.112,-0.108,-0.317,0.018,2.02,1.07
deadband,light_gust,deadband_mps,1.0,on,7.15,1.15,0.71,-0.173,-0.106,-0.109,-0.323,0.013,1.99,1.02
deadband,light_gust,deadband_mps,1.0,on,7.20,1.11,0.66,-0.166,-0.099,-0.110,-0.325,0.011,1.96,0.97
deadband,light_gust,deadband_mps,1.0,on,7.25,1.07,0.61,-0.160,-0.092,-0.112,-0.331,0.007,1.92,0.92
deadband,light_gust,deadband_mps,1.0,on,7.30,1.03,0.57,-0.154,-0.086,-0.113,-0.333,0.007,1.87,0.87
deadband,light_gust,deadband_mps,1.0,on,7.35,0.99,0.53,-0.149,-0.079,-0.115,-0.339,0.009,1.81,0.82
deadband,light_gust,deadband_mps,1.0,on,7.40,0.98,0.49,-0.146,-0.074,-0.116,-0.341,0.011,1.74,0.77
deadband,light_gust,deadband_mps,1.0,on,7.45,0.96,0.47,-0.144,-0.071,-0.118,-0.346,0.015,1.68,0.73
deadband,light_gust,deadband_mps,1.0,on,7.50,0.95,0.45,-0.142,-0.067,-0.119,-0.348,0.017,1.62,0.69
deadband,light_gust,deadband_mps,1.0,on,7.55,0.94,0.43,-0.141,-0.064,-0.121,-0.352,0.021,1.57,0.65
deadband,light_gust,deadband_mps,1.0,on,7.60,0.94,0.42,-0.142,-0.062,-0.121,-0.353,0.022,1.53,0.62
deadband,light_gust,deadband_mps,1.0,on,7.65,0.94,0.40,-0.141,-0.060,-0.122,-0.356,0.025,1.50,0.61
deadband,light_gust,deadband_mps,1.0,on,7.70,0.94,0.39,-0.141,-0.059,-0.123,-0.357,0.026,1.49,0.60
deadband,light_gust,deadband_mps,1.0,on,7.75,0.94,0.40,-0.142,-0.060,-0.123,-0.359,0.028,1.49,0.60
deadband,light_gust,deadband_mps,1.0,on,7.80,0.96,0.42,-0.144,-0.062,-0.123,-0.360,0.029,1.51,0.61
deadband,light_gust,deadband_mps,1.0,on,7.85,0.96,0.44,-0.144,-0.066,-0.122,-0.360,0.029,1.54,0.63
deadband,light_gust,deadband_mps,1.0,on,7.90,0.97,0.48,-0.145,-0.072,-0.122,-0.360,0.029,1.58,0.65
deadband,light_gust,deadband_mps,1.0,on,7.95,0.98,0.53,-0.147,-0.079,-0.120,-0.359,0.028,1.63,0.69
deadband,light_gust,deadband_mps,1.0,on,8.00,1.02,0.60,-0.153,-0.090,-0.079,-0.277,0.068,2.65,1.91
deadband,light_gust,deadband_mps,1.0,on,8.05,1.08,0.68,-0.161,-0.103,-0.079,-0.277,0.068,2.65,1.91
deadband,light_gust,deadband_mps,1.0,on,8.10,1.13,0.77,-0.170,-0.116,-0.078,-0.273,0.071,2.66,1.93
deadband,light_gust,deadband_mps,1.0,on,8.15,1.19,0.86,-0.178,-0.128,-0.078,-0.272,0.072,2.66,1.94
deadband,light_gust,deadband_mps,1.0,on,8.20,1.23,0.93,-0.185,-0.139,-0.079,-0.270,0.073,2.67,1.97
deadband,light_gust,deadband_mps,1.0,on,8.25,1.29,1.00,-0.193,-0.150,-0.079,-0.270,0.073,2.69,1.99
deadband,light_gust,deadband_mps,1.0,on,8.30,1.33,1.05,-0.199,-0.158,-0.080,-0.268,0.074,2.72,2.03
deadband,light_gust,deadband_mps,1.0,on,8.35,1.36,1.09,-0.204,-0.164,-0.080,-0.268,0.074,2.75,2.06
deadband,light_gust,deadband_mps,1.0,on,8.40,1.38,1.12,-0.206,-0.167,-0.081,-0.267,0.075,2.79,2.09
deadband,light_gust,deadband_mps,1.0,on,8.45,1.38,1.12,-0.208,-0.169,-0.082,-0.267,0.074,2.81,2.12
deadband,light_gust,deadband_mps,1.0,on,8.50,1.38,1.12,-0.207,-0.168,-0.082,-0.267,0.074,2.84,2.14
deadband,light_gust,deadband_mps,1.0,on,8.55,1.38,1.10,-0.206,-0.166,-0.083,-0.267,0.074,2.86,2.15
deadband,light_gust,deadband_mps,1.0,on,8.60,1.36,1.08,-0.204,-0.162,-0.083,-0.268,0.072,2.87,2.15
deadband,light_gust,deadband_mps,1.0,on,8.65,1.34,1.05,-0.201,-0.158,-0.084,-0.269,0.072,2.87,2.14
deadband,light_gust,deadband_mps,1.0,on,8.70,1.32,1.02,-0.198,-0.153,-0.084,-0.271,0.070,2.86,2.11
deadband,light_gust,deadband_mps,1.0,on,8.75,1.28,0.98,-0.192,-0.147,-0.084,-0.272,0.069,2.84,2.08
deadband,light_gust,deadband_mps,1.0,on,8.80,1.23,0.93,-0.185,-0.140,-0.085,-0.274,0.067,2.81,2.03
deadband,light_gust,deadband_mps,1.0,on,8.85,1.18,0.88,-0.177,-0.132,-0.085,-0.275,0.065,2.77,1.98
deadband,light_gust,deadband_mps,1.0,on,8.90,1.12,0.83,-0.168,-0.124,-0.085,-0.279,0.062,2.73,1.92
deadband,light_gust,deadband_mps,1.0,on,8.95,1.05,0.77,-0.158,-0.116,-0.085,-0.281,0.061,2.68,1.85
deadband,light_gust,deadband_mps,1.0,on,9.00,1.00,0.73,-0.150,-0.110,-0.059,-0.331,0.061,2.72,1.24
deadband,light_gust,deadband_mps,1.0,on,9.05,0.95,0.70,-0.143,-0.105,-0.059,-0.331,0.061,2.72,1.24
deadband,light_gust,deadband_mps,1.0,on,9.10,0.92,0.68,-0.137,-0.102,-0.058,-0.332,0.061,2.74,1.24
deadband,light_gust,deadband_mps,1.0,on,9.15,0.89,0.66,-0.133,-0.100,-0.056,-0.334,0.063,2.75,1.24
deadband,light_gust,deadband_mps,1.0,on,9.20,0.86,0.65,-0.129,-0.098,-0.056,-0.335,0.064,2.76,1.24
deadband,light_gust,deadband_mps,1.0,on,9.25,0.84,0.65,-0.127,-0.098,-0.055,-0.337,0.065,2.76,1.24
deadband,light_gust,deadband_mps,1.0,on,9.30,0.83,0.65,-0.125,-0.098,-0.054,-0.338,0.065,2.75,1.23
deadband,light_gust,deadband_mps,1.0,on,9.35,0.82,0.66,-0.123,-0.099,-0.054,-0.340,0.066,2.73,1.22
deadband,light_gust,deadband_mps,1.0,on,9.40,0.81,0.66,-0.121,-0.099,-0.054,-0.341,0.066,2.71,1.21
deadband,light_gust,deadband_mps,1.0,on,9.45,0.79,0.66,-0.118,-0.100,-0.054,-0.343,0.066,2.68,1.20
deadband,light_gust,deadband_mps,1.0,on,9.50,0.77,0.66,-0.115,-0.100,-0.054,-0.344,0.066,2.66,1.20
deadband,light_gust,deadband_mps,1.0,on,9.55,0.74,0.66,-0.111,-0.099,-0.055,-0.346,0.066,2.63,1.19
deadband,light_gust,deadband_mps,1.0,on,9.60,0.71,0.65,-0.106,-0.098,-0.055,-0.346,0.066,2.60,1.19
deadband,light_gust,deadband_mps,1.0,on,9.65,0.68,0.64,-0.102,-0.097,-0.056,-0.348,0.065,2.57,1.18
deadband,light_gust,deadband_mps,1.0,on,9.70,0.65,0.63,-0.097,-0.095,-0.057,-0.349,0.065,2.53,1.18
deadband,light_gust,deadband_mps,1.0,on,9.75,0.61,0.62,-0.092,-0.093,-0.059,-0.350,0.063,2.49,1.18
deadband,light_gust,deadband_mps,1.0,on,9.80,0.58,0.60,-0.087,-0.090,-0.060,-0.351,0.063,2.45,1.17
deadband,light_gust,deadband_mps,1.0,on,9.85,0.55,0.58,-0.083,-0.087,-0.062,-0.352,0.061,2.39,1.17
deadband,light_gust,deadband_mps,1.0,on,9.90,0.53,0.56,-0.079,-0.084,-0.064,-0.353,0.060,2.35,1.17
deadband,light_gust,deadband_mps,1.0,on,9.95,0.51,0.54,-0.076,-0.081,-0.067,-0.354,0.057,2.28,1.16
deadband,light_gust,deadband_mps,1.0,on,10.00,0.49,0.53,-0.074,-0.079,-0.129,-0.347,0.019,1.61,1.30
deadband,light_gust,deadband_mps,1.0,on,10.05,0.49,0.53,-0.073,-0.079,-0.129,-0.347,0.019,1.61,1.30
deadband,light_gust,deadband_mps,1.0,on,10.10,0.49,0.53,-0.074,-0.080,-0.131,-0.346,0.019,1.60,1.31
deadband,light_gust,deadband_mps,1.0,on,10.15,0.50,0.54,-0.075,-0.081,-0.133,-0.346,0.021,1.60,1.31
deadband,light_gust,deadband_mps,1.0,on,10.20,0.51,0.56,-0.077,-0.084,-0.134,-0.346,0.021,1.59,1.31
deadband,light_gust,deadband_mps,1.0,on,10.25,0.53,0.57,-0.080,-0.086,-0.135,-0.346,0.022,1.59,1.31
deadband,light_gust,deadband_mps,1.0,on,10.30,0.55,0.59,-0.083,-0.089,-0.135,-0.346,0.022,1.59,1.30
deadband,light_gust,deadband_mps,1.0,on,10.35,0.57,0.61,-0.086,-0.092,-0.136,-0.346,0.022,1.60,1.30
deadband,light_gust,deadband_mps,1.0,on,10.40,0.59,0.63,-0.089,-0.094,-0.136,-0.346,0.022,1.61,1.29
deadband,light_gust,deadband_mps,1.0,on,10.45,0.61,0.64,-0.092,-0.096,-0.136,-0.346,0.023,1.63,1.29
deadband,light_gust,deadband_mps,1.0,on,10.50,0.63,0.65,-0.095,-0.097,-0.136,-0.346,0.023,1.66,1.29
deadband,light_gust,deadband_mps,1.0,on,10.55,0.64,0.65,-0.097,-0.098,-0.137,-0.346,0.023,1.69,1.28
deadband,light_gust,deadband_mps,1.0,on,10.60,0.65,0.65,-0.098,-0.098,-0.137,-0.346,0.023,1.72,1.28
deadband,light_gust,deadband_mps,1.0,on,10.65,0.65,0.65,-0.098,-0.098,-0.138,-0.345,0.024,1.74,1.28
deadband,light_gust,deadband_mps,1.0,on,10.70,0.66,0.64,-0.099,-0.097,-0.139,-0.345,0.024,1.77,1.27
deadband,light_gust,deadband_mps,1.0,on,10.75,0.66,0.63,-0.098,-0.095,-0.141,-0.344,0.025,1.79,1.27
deadband,light_gust,deadband_mps,1.0,on,10.80,0.65,0.62,-0.098,-0.093,-0.141,-0.344,0.025,1.80,1.27
deadband,light_gust,deadband_mps,1.0,on,10.85,0.64,0.61,-0.097,-0.091,-0.143,-0.342,0.026,1.81,1.27
deadband,light_gust,deadband_mps,1.0,on,10.90,0.63,0.59,-0.095,-0.088,-0.143,-0.342,0.026,1.81,1.27
deadband,light_gust,deadband_mps,1.0,on,10.95,0.62,0.57,-0.092,-0.086,-0.145,-0.340,0.027,1.80,1.27
deadband,light_gust,deadband_mps,1.0,on,11.00,0.61,0.56,-0.091,-0.083,-0.160,-0.324,0.041,1.66,1.34
deadband,light_gust,deadband_mps,1.0,on,11.05,0.61,0.54,-0.091,-0.082,-0.160,-0.324,0.041,1.66,1.34
deadband,light_gust,deadband_mps,1.0,on,11.10,0.62,0.54,-0.093,-0.081,-0.158,-0.324,0.039,1.68,1.32
deadband,light_gust,deadband_mps,1.0,on,11.15,0.63,0.54,-0.095,-0.080,-0.156,-0.325,0.038,1.70,1.31
deadband,light_gust,deadband_mps,1.0,on,11.20,0.66,0.54,-0.099,-0.081,-0.154,-0.326,0.035,1.72,1.29
deadband,light_gust,deadband_mps,1.0,on,11.25,0.68,0.54,-0.102,-0.081,-0.152,-0.327,0.033,1.75,1.26
deadband,light_gust,deadband_mps,1.0,on,11.30,0.71,0.54,-0.107,-0.082,-0.149,-0.328,0.030,1.78,1.24
deadband,light_gust,deadband_mps,1.0,on,11.35,0.75,0.55,-0.112,-0.082,-0.148,-0.328,0.029,1.81,1.21
deadband,light_gust,deadband_mps,1.0,on,11.40,0.78,0.56,-0.118,-0.083,-0.145,-0.329,0.026,1.85,1.19
deadband,light_gust,deadband_mps,1.0,on,11.45,0.82,0.56,-0.123,-0.084,-0.144,-0.329,0.025,1.88,1.17
deadband,light_gust,deadband_mps,1.0,on,11.50,0.86,0.57,-0.128,-0.085,-0.141,-0.329,0.022,1.91,1.14
deadband,light_gust,deadband_mps,1.0,on,11.55,0.89,0.58,-0.134,-0.087,-0.140,-0.329,0.021,1.94,1.13
deadband,light_gust,deadband_mps,1.0,on,11.60,0.93,0.59,-0.139,-0.088,-0.138,-0.328,0.019,1.97,1.11
deadband,light_gust,deadband_mps,1.0,on,11.65,0.96,0.59,-0.144,-0.089,-0.137,-0.328,0.018,2.00,1.10
deadband,light_gust,deadband_mps,1.0,on,11.70,1.00,0.60,-0.149,-0.090,-0.136,-0.328,0.017,2.02,1.10
deadband,light_gust,deadband_mps,1.0,on,11.75,1.02,0.61,-0.154,-0.091,-0.135,-0.327,0.017,2.04,1.09
deadband,light_gust,deadband_mps,1.0,on,11.80,1.05,0.62,-0.157,-0.092,-0.136,-0.327,0.017,2.06,1.09
deadband,light_gust,deadband_mps,1.0,on,11.85,1.07,0.62,-0.160,-0.093,-0.136,-0.327,0.017,2.06,1.09
deadband,light_gust,deadband_mps,1.0,on,11.90,1.08,0.62,-0.162,-0.094,-0.137,-0.327,0.019,2.05,1.09
deadband,light_gust,deadband_mps,1.0,on,11.95,1.09,0.62,-0.163,-0.094,-0.139,-0.327,0.020,2.04,1.09
deadband,light_gust,deadband_mps,1.0,on,12.00,1.07,0.61,-0.160,-0.091,-0.181,-0.364,0.070,1.05,0.75
deadband,light_gust,deadband_mps,1.0,on,12.05,1.04,0.58,-0.156,-0.087,-0.181,-0.364,0.070,1.05,0.75
deadband,light_gust,deadband_mps,1.0,on,12.10,1.00,0.55,-0.150,-0.082,-0.182,-0.369,0.074,1.03,0.71
deadband,light_gust,deadband_mps,1.0,on,12.15,0.95,0.51,-0.143,-0.077,-0.183,-0.372,0.076,1.01,0.67
deadband,light_gust,deadband_mps,1.0,on,12.20,0.91,0.48,-0.137,-0.072,-0.185,-0.376,0.079,0.99,0.63
deadband,light_gust,deadband_mps,1.0,on,12.25,0.87,0.44,-0.131,-0.067,-0.185,-0.378,0.081,0.96,0.59
deadband,light_gust,deadband_mps,1.0,on,12.30,0.84,0.41,-0.125,-0.062,-0.187,-0.382,0.084,0.93,0.55
deadband,light_gust,deadband_mps,1.0,on,12.35,0.81,0.39,-0.121,-0.059,-0.188,-0.385,0.087,0.89,0.51
deadband,light_gust,deadband_mps,1.0,on,12.40,0.79,0.37,-0.118,-0.056,-0.188,-0.387,0.089,0.85,0.47
deadband,light_gust,deadband_mps,1.0,on,12.45,0.77,0.36,-0.116,-0.054,-0.188,-0.388,0.090,0.82,0.45
deadband,light_gust,deadband_mps,1.0,on,12.50,0.76,0.35,-0.113,-0.052,-0.189,-0.390,0.091,0.79,0.42
deadband,light_gust,deadband_mps,1.0,on,12.55,0.74,0.34,-0.111,-0.051,-0.188,-0.391,0.092,0.77,0.41
deadband,light_gust,deadband_mps,1.0,on,12.60,0.73,0.34,-0.109,-0.051,-0.188,-0.392,0.092,0.76,0.40
deadband,light_gust,deadband_mps,1.0,on,12.65,0.72,0.34,-0.108,-0.052,-0.188,-0.392,0.092,0.76,0.40
deadband,light_gust,deadband_mps,1.0,on,12.70,0.72,0.36,-0.108,-0.053,-0.187,-0.391,0.091,0.77,0.41
deadband,light_gust,deadband_mps,1.0,on,12.75,0.72,0.37,-0.107,-0.056,-0.186,-0.390,0.090,0.79,0.43
deadband,light_gust,deadband_mps,1.0,on,12.80,0.72,0.40,-0.108,-0.060,-0.185,-0.388,0.087,0.83,0.46
deadband,light_gust,deadband_mps,1.0,on,12.85,0.73,0.43,-0.109,-0.064,-0.184,-0.387,0.085,0.87,0.50
deadband,light_gust,deadband_mps,1.0,on,12.90,0.74,0.46,-0.111,-0.070,-0.182,-0.383,0.082,0.91,0.55
deadband,light_gust,deadband_mps,1.0,on,12.95,0.76,0.51,-0.115,-0.076,-0.180,-0.381,0.079,0.97,0.61
deadband,light_gust,deadband_mps,1.0,on,13.00,0.81,0.55,-0.121,-0.083,-0.127,-0.299,0.033,1.97,1.53
deadband,light_gust,deadband_mps,1.0,on,13.05,0.87,0.61,-0.130,-0.091,-0.127,-0.299,0.033,1.97,1.53
deadband,light_gust,deadband_mps,1.0,on,13.10,0.93,0.66,-0.140,-0.099,-0.124,-0.296,0.035,1.98,1.53
deadband,light_gust,deadband_mps,1.0,on,13.15,1.00,0.71,-0.150,-0.106,-0.121,-0.294,0.037,2.00,1.53
deadband,light_gust,deadband_mps,1.0,on,13.20,1.06,0.75,-0.159,-0.113,-0.120,-0.293,0.038,2.02,1.53
deadband,light_gust,deadband_mps,1.0,on,13.25,1.12,0.79,-0.168,-0.118,-0.117,-0.291,0.040,2.04,1.53
deadband,light_gust,deadband_mps,1.0,on,13.30,1.18,0.82,-0.177,-0.123,-0.116,-0.291,0.040,2.08,1.54
deadband,light_gust,deadband_mps,1.0,on,13.35,1.23,0.84,-0.184,-0.126,-0.113,-0.290,0.042,2.13,1.55
deadband,light_gust,deadband_mps,1.0,on,13.40,1.28,0.86,-0.192,-0.129,-0.112,-0.289,0.043,2.19,1.55
deadband,light_gust,deadband_mps,1.0,on,13.45,1.33,0.87,-0.200,-0.131,-0.110,-0.288,0.044,2.24,1.56
deadband,light_gust,deadband_mps,1.0,on,13.50,1.38,0.88,-0.207,-0.132,-0.109,-0.288,0.044,2.30,1.57
deadband,light_gust,deadband_mps,1.0,on,13.55,1.43,0.88,-0.214,-0.133,-0.108,-0.287,0.046,2.35,1.57
deadband,light_gust,deadband_mps,1.0,on,13.60,1.47,0.89,-0.220,-0.133,-0.107,-0.287,0.046,2.40,1.56
deadband,light_gust,deadband_mps,1.0,on,13.65,1.51,0.88,-0.226,-0.133,-0.105,-0.287,0.046,2.44,1.56
deadband,light_gust,deadband_mps,1.0,on,13.70,1.54,0.88,-0.232,-0.133,-0.105,-0.287,0.047,2.48,1.55
deadband,light_gust,deadband_mps,1.0,on,13.75,1.58,0.88,-0.236,-0.132,-0.104,-0.287,0.047,2.52,1.55
deadband,light_gust,deadband_mps,1.0,on,13.80,1.60,0.88,-0.240,-0.132,-0.103,-0.287,0.046,2.55,1.53
deadband,light_gust,deadband_mps,1.0,on,13.85,1.62,0.88,-0.243,-0.132,-0.103,-0.288,0.046,2.57,1.52
deadband,light_gust,deadband_mps,1.0,on,13.90,1.64,0.88,-0.246,-0.133,-0.104,-0.288,0.046,2.59,1.50
deadband,light_gust,deadband_mps,1.0,on,13.95,1.64,0.89,-0.247,-0.133,-0.105,-0.289,0.045,2.60,1.48
deadband,light_gust,deadband_mps,1.0,on,14.00,1.64,0.88,-0.245,-0.133,-0.108,-0.299,0.034,2.46,1.47
deadband,light_gust,deadband_mps,1.0,on,14.05,1.62,0.88,-0.243,-0.133,-0.108,-0.299,0.034,2.46,1.47
deadband,light_gust,deadband_mps,1.0,on,14.10,1.60,0.88,-0.240,-0.133,-0.106,-0.299,0.035,2.50,1.48
deadband,light_gust,deadband_mps,1.0,on,14.15,1.58,0.88,-0.237,-0.133,-0.103,-0.299,0.036,2.54,1.49
deadband,light_gust,deadband_mps,1.0,on,14.20,1.55,0.89,-0.233,-0.133,-0.101,-0.298,0.037,2.58,1.50
deadband,light_gust,deadband_mps,1.0,on,14.25,1.53,0.89,-0.229,-0.133,-0.099,-0.298,0.039,2.60,1.51
deadband,light_gust,deadband_mps,1.0,on,14.30,1.50,0.89,-0.225,-0.134,-0.097,-0.298,0.039,2.63,1.52
deadband,light_gust,deadband_mps,1.0,on,14.35,1.47,0.90,-0.221,-0.135,-0.094,-0.298,0.041,2.66,1.53
deadband,light_gust,deadband_mps,1.0,on,14.40,1.44,0.90,-0.217,-0.135,-0.093,-0.298,0.042,2.67,1.54
deadband,light_gust,deadband_mps,1.0,on,14.45,1.41,0.90,-0.212,-0.136,-0.091,-0.299,0.043,2.68,1.54
deadband,light_gust,deadband_mps,1.0,on,14.50,1.38,0.90,-0.207,-0.135,-0.089,-0.299,0.044,2.69,1.55
deadband,light_gust,deadband_mps,1.0,on,14.55,1.34,0.90,-0.202,-0.135,-0.087,-0.300,0.045,2.69,1.55
deadband,light_gust,deadband_mps,1.0,on,14.60,1.30,0.89,-0.195,-0.134,-0.086,-0.301,0.045,2.68,1.55
deadband,light_gust,deadband_mps,1.0,on,14.65,1.26,0.88,-0.189,-0.132,-0.084,-0.302,0.046,2.68,1.56
deadband,light_gust,deadband_mps,1.0,on,14.70,1.21,0.87,-0.182,-0.130,-0.083,-0.302,0.046,2.66,1.55
deadband,light_gust,deadband_mps,1.0,on,14.75,1.16,0.85,-0.174,-0.128,-0.081,-0.305,0.046,2.65,1.55
deadband,light_gust,deadband_mps,1.0,on,14.80,1.11,0.83,-0.167,-0.124,-0.080,-0.306,0.047,2.63,1.54
deadband,light_gust,deadband_mps,1.0,on,14.85,1.06,0.81,-0.160,-0.121,-0.078,-0.308,0.047,2.61,1.53
deadband,light_gust,deadband_mps,1.0,on,14.90,1.01,0.78,-0.152,-0.117,-0.078,-0.310,0.047,2.59,1.50
deadband,light_gust,deadband_mps,1.0,on,14.95,0.97,0.75,-0.145,-0.113,-0.076,-0.314,0.047,2.57,1.48
deadband,light_gust,deadband_mps,1.0,on,15.00,0.93,0.74,-0.140,-0.111,-0.073,-0.354,0.051,2.52,1.16
deadband,light_gust,deadband_mps,1.0,on,15.05,0.91,0.75,-0.137,-0.112,-0.073,-0.354,0.051,2.52,1.16
deadband,light_gust,deadband_mps,1.0,on,15.10,0.91,0.76,-0.136,-0.114,-0.074,-0.354,0.051,2.53,1.19
deadband,light_gust,deadband_mps,1.0,on,15.15,0.91,0.78,-0.137,-0.118,-0.076,-0.353,0.048,2.53,1.21
deadband,light_gust,deadband_mps,1.0,on,15.20,0.92,0.81,-0.137,-0.121,-0.077,-0.353,0.047,2.53,1.24
deadband,light_gust,deadband_mps,1.0,on,15.25,0.93,0.84,-0.139,-0.126,-0.080,-0.352,0.045,2.52,1.27
deadband,light_gust,deadband_mps,1.0,on,15.30,0.94,0.87,-0.141,-0.130,-0.081,-0.351,0.043,2.50,1.31
deadband,light_gust,deadband_mps,1.0,on,15.35,0.95,0.90,-0.143,-0.135,-0.084,-0.350,0.040,2.49,1.34
deadband,light_gust,deadband_mps,1.0,on,15.40,0.95,0.92,-0.143,-0.138,-0.086,-0.350,0.038,2.47,1.39
deadband,light_gust,deadband_mps,1.0,on,15.45,0.96,0.94,-0.143,-0.141,-0.089,-0.349,0.035,2.45,1.42
deadband,light_gust,deadband_mps,1.0,on,15.50,0.96,0.96,-0.143,-0.144,-0.090,-0.349,0.034,2.43,1.46
deadband,light_gust,deadband_mps,1.0,on,15.55,0.95,0.97,-0.143,-0.145,-0.094,-0.347,0.030,2.41,1.48
deadband,light_gust,deadband_mps,1.0,on,15.60,0.94,0.97,-0.141,-0.146,-0.096,-0.347,0.028,2.38,1.52
deadband,light_gust,deadband_mps,1.0,on,15.65,0.93,0.97,-0.140,-0.146,-0.100,-0.345,0.024,2.36,1.54
deadband,light_gust,deadband_mps,1.0,on,15.70,0.92,0.97,-0.139,-0.145,-0.101,-0.345,0.023,2.32,1.57
deadband,light_gust,deadband_mps,1.0,on,15.75,0.91,0.95,-0.137,-0.143,-0.105,-0.344,0.019,2.29,1.58
deadband,light_gust,deadband_mps,1.0,on,15.80,0.90,0.93,-0.134,-0.139,-0.107,-0.343,0.017,2.25,1.60
deadband,light_gust,deadband_mps,1.0,on,15.85,0.88,0.90,-0.132,-0.136,-0.110,-0.343,0.015,2.22,1.60
deadband,light_gust,deadband_mps,1.0,on,15.90,0.86,0.88,-0.129,-0.131,-0.111,-0.342,0.014,2.17,1.61
deadband,light_gust,deadband_mps,1.0,on,15.95,0.84,0.84,-0.126,-0.127,-0.115,-0.342,0.012,2.13,1.60
deadband,light_gust,deadband_mps,1.0,on,16.00,0.82,0.81,-0.124,-0.121,-0.147,-0.329,0.028,1.80,1.39
deadband,light_gust,deadband_mps,1.0,on,16.05,0.81,0.77,-0.121,-0.116,-0.147,-0.329,0.028,1.80,1.39
deadband,light_gust,deadband_mps,1.0,on,16.10,0.79,0.74,-0.118,-0.111,-0.148,-0.328,0.029,1.79,1.40
deadband,light_gust,deadband_mps,1.0,on,16.15,0.77,0.70,-0.115,-0.105,-0.149,-0.327,0.030,1.79,1.41
deadband,light_gust,deadband_mps,1.0,on,16.20,0.74,0.67,-0.112,-0.100,-0.150,-0.326,0.031,1.78,1.41
deadband,light_gust,deadband_mps,1.0,on,16.25,0.72,0.64,-0.107,-0.095,-0.150,-0.326,0.031,1.77,1.41
deadband,light_gust,deadband_mps,1.0,on,16.30,0.69,0.60,-0.103,-0.090,-0.151,-0.325,0.032,1.76,1.39
deadband,light_gust,deadband_mps,1.0,on,16.35,0.66,0.57,-0.099,-0.085,-0.151,-0.324,0.033,1.75,1.38
deadband,light_gust,deadband_mps,1.0,on,16.40,0.63,0.54,-0.094,-0.081,-0.152,-0.323,0.034,1.73,1.36
deadband,light_gust,deadband_mps,1.0,on,16.45,0.59,0.51,-0.089,-0.076,-0.152,-0.323,0.034,1.71,1.33
deadband,light_gust,deadband_mps,1.0,on,16.50,0.57,0.48,-0.085,-0.073,-0.153,-0.322,0.035,1.68,1.31
deadband,light_gust,deadband_mps,1.0,on,16.55,0.54,0.46,-0.081,-0.069,-0.153,-0.321,0.036,1.65,1.29
deadband,light_gust,deadband_mps,1.0,on,16.60,0.52,0.45,-0.079,-0.067,-0.154,-0.320,0.036,1.62,1.27
deadband,light_gust,deadband_mps,1.0,on,16.65,0.51,0.43,-0.076,-0.065,-0.154,-0.319,0.036,1.58,1.25
deadband,light_gust,deadband_mps,1.0,on,16.70,0.50,0.42,-0.075,-0.063,-0.153,-0.319,0.036,1.55,1.23
deadband,light_gust,deadband_mps,1.0,on,16.75,0.48,0.41,-0.073,-0.061,-0.153,-0.318,0.036,1.52,1.21
deadband,light_gust,deadband_mps,1.0,on,16.80,0.47,0.40,-0.071,-0.060,-0.152,-0.317,0.035,1.49,1.20
deadband,light_gust,deadband_mps,1.0,on,16.85,0.47,0.39,-0.070,-0.059,-0.151,-0.317,0.035,1.47,1.18
deadband,light_gust,deadband_mps,1.0,on,16.90,0.46,0.39,-0.070,-0.058,-0.149,-0.316,0.034,1.46,1.17
deadband,light_gust,deadband_mps,1.0,on,16.95,0.47,0.39,-0.071,-0.058,-0.149,-0.316,0.033,1.46,1.16
deadband,light_gust,deadband_mps,1.0,on,17.00,0.47,0.38,-0.070,-0.058,-0.113,-0.343,0.014,1.52,0.71
deadband,light_gust,deadband_mps,1.0,on,17.05,0.47,0.37,-0.070,-0.056,-0.113,-0.343,0.014,1.52,0.71
deadband,light_gust,deadband_mps,1.0,on,17.10,0.46,0.36,-0.069,-0.054,-0.113,-0.346,0.016,1.50,0.68
deadband,light_gust,deadband_mps,1.0,on,17.15,0.45,0.35,-0.068,-0.052,-0.113,-0.347,0.018,1.48,0.66
deadband,light_gust,deadband_mps,1.0,on,17.20,0.45,0.33,-0.067,-0.050,-0.113,-0.351,0.020,1.45,0.64
deadband,light_gust,deadband_mps,1.0,on,17.25,0.44,0.32,-0.066,-0.048,-0.114,-0.352,0.021,1.43,0.62
deadband,light_gust,deadband_mps,1.0,on,17.30,0.44,0.30,-0.066,-0.046,-0.115,-0.355,0.024,1.39,0.59
deadband,light_gust,deadband_mps,1.0,on,17.35,0.44,0.29,-0.066,-0.044,-0.115,-0.356,0.025,1.36,0.57
deadband,light_gust,deadband_mps,1.0,on,17.40,0.44,0.28,-0.066,-0.042,-0.117,-0.358,0.028,1.32,0.55
deadband,light_gust,deadband_mps,1.0,on,17.45,0.44,0.27,-0.067,-0.041,-0.117,-0.360,0.029,1.29,0.53
deadband,light_gust,deadband_mps,1.0,on,17.50,0.45,0.27,-0.067,-0.040,-0.119,-0.362,0.031,1.26,0.52
deadband,light_gust,deadband_mps,1.0,on,17.55,0.45,0.26,-0.067,-0.039,-0.120,-0.363,0.032,1.23,0.50
deadband,light_gust,deadband_mps,1.0,on,17.60,0.45,0.25,-0.068,-0.038,-0.122,-0.366,0.035,1.20,0.49
deadband,light_gust,deadband_mps,1.0,on,17.65,0.46,0.25,-0.068,-0.037,-0.123,-0.367,0.036,1.18,0.48
deadband,light_gust,deadband_mps,1.0,on,17.70,0.46,0.25,-0.069,-0.037,-0.125,-0.369,0.038,1.15,0.47
deadband,light_gust,deadband_mps,1.0,on,17.75,0.46,0.24,-0.069,-0.037,-0.125,-0.370,0.039,1.13,0.46
deadband,light_gust,deadband_mps,1.0,on,17.80,0.46,0.25,-0.069,-0.037,-0.128,-0.372,0.042,1.10,0.46
deadband,light_gust,deadband_mps,1.0,on,17.85,0.46,0.25,-0.069,-0.037,-0.129,-0.372,0.043,1.09,0.45
deadband,light_gust,deadband_mps,1.0,on,17.90,0.46,0.25,-0.068,-0.037,-0.131,-0.373,0.044,1.07,0.45
deadband,light_gust,deadband_mps,1.0,on,17.95,0.46,0.25,-0.068,-0.038,-0.132,-0.374,0.044,1.05,0.46
deadband,light_gust,deadband_mps,1.5,on,0.00,0.00,0.00,0.000,0.000,-0.161,-0.394,0.017,0.45,0.48
deadband,light_gust,deadband_mps,1.5,on,0.05,0.00,0.00,0.000,0.000,-0.161,-0.394,0.017,0.45,0.48
deadband,light_gust,deadband_mps,1.5,on,0.10,0.00,0.00,0.000,0.000,-0.162,-0.396,0.019,0.43,0.44
deadband,light_gust,deadband_mps,1.5,on,0.15,0.00,0.00,0.000,0.000,-0.163,-0.397,0.021,0.41,0.41
deadband,light_gust,deadband_mps,1.5,on,0.20,0.00,0.00,0.000,0.000,-0.164,-0.400,0.023,0.40,0.39
deadband,light_gust,deadband_mps,1.5,on,0.25,0.00,0.00,0.000,0.000,-0.165,-0.401,0.025,0.38,0.36
deadband,light_gust,deadband_mps,1.5,on,0.30,0.00,0.00,0.000,0.000,-0.166,-0.402,0.027,0.37,0.34
deadband,light_gust,deadband_mps,1.5,on,0.35,0.00,0.00,0.000,0.000,-0.166,-0.403,0.027,0.35,0.33
deadband,light_gust,deadband_mps,1.5,on,0.40,0.00,0.00,0.000,0.000,-0.167,-0.405,0.029,0.34,0.31
deadband,light_gust,deadband_mps,1.5,on,0.45,0.00,0.00,0.000,0.000,-0.167,-0.405,0.030,0.34,0.31
deadband,light_gust,deadband_mps,1.5,on,0.50,0.00,0.00,0.000,0.000,-0.168,-0.405,0.030,0.33,0.30
deadband,light_gust,deadband_mps,1.5,on,0.55,0.00,0.00,0.000,0.000,-0.168,-0.405,0.031,0.33,0.30
deadband,light_gust,deadband_mps,1.5,on,0.60,0.00,0.00,0.000,0.000,-0.169,-0.405,0.031,0.33,0.30
deadband,light_gust,deadband_mps,1.5,on,0.65,0.00,0.00,0.000,0.000,-0.169,-0.405,0.031,0.33,0.31
deadband,light_gust,deadband_mps,1.5,on,0.70,0.00,0.00,0.000,0.000,-0.170,-0.405,0.031,0.33,0.32
deadband,light_gust,deadband_mps,1.5,on,0.75,0.00,0.00,0.000,0.000,-0.170,-0.405,0.032,0.34,0.33
deadband,light_gust,deadband_mps,1.5,on,0.80,0.00,0.00,0.000,0.000,-0.170,-0.405,0.032,0.34,0.35
deadband,light_gust,deadband_mps,1.5,on,0.85,0.00,0.00,0.000,0.000,-0.170,-0.405,0.031,0.34,0.36
deadband,light_gust,deadband_mps,1.5,on,0.90,0.00,0.00,0.000,0.000,-0.170,-0.404,0.031,0.34,0.37
deadband,light_gust,deadband_mps,1.5,on,0.95,0.00,0.00,-0.000,-0.000,-0.169,-0.404,0.030,0.35,0.38
deadband,light_gust,deadband_mps,1.5,on,1.00,0.00,0.00,-0.000,-0.000,-0.165,-0.400,0.024,0.42,0.43
deadband,light_gust,deadband_mps,1.5,on,1.05,0.00,0.00,-0.000,-0.000,-0.165,-0.400,0.024,0.42,0.43
deadband,light_gust,deadband_mps,1.5,on,1.10,0.00,0.00,-0.000,-0.000,-0.166,-0.400,0.025,0.40,0.43
deadband,light_gust,deadband_mps,1.5,on,1.15,0.00,0.00,-0.000,-0.000,-0.167,-0.400,0.025,0.38,0.42
deadband,light_gust,deadband_mps,1.5,on,1.20,0.00,0.00,-0.000,-0.000,-0.168,-0.399,0.026,0.36,0.42
deadband,light_gust,deadband_mps,1.5,on,1.25,0.00,0.00,-0.000,-0.000,-0.169,-0.399,0.026,0.33,0.41
deadband,light_gust,deadband_mps,1.5,on,1.30,0.00,0.00,-0.000,-0.000,-0.170,-0.398,0.026,0.31,0.42
deadband,light_gust,deadband_mps,1.5,on,1.35,0.00,0.00,-0.000,-0.000,-0.170,-0.397,0.025,0.29,0.43
deadband,light_gust,deadband_mps,1.5,on,1.40,0.00,0.00,-0.000,-0.000,-0.170,-0.395,0.024,0.29,0.45
deadband,light_gust,deadband_mps,1.5,on,1.45,0.00,0.00,-0.000,-0.000,-0.170,-0.394,0.024,0.29,0.48
deadband,light_gust,deadband_mps,1.5,on,1.50,0.00,0.00,-0.000,-0.000,-0.170,-0.391,0.022,0.30,0.51
deadband,light_gust,deadband_mps,1.5,on,1.55,0.00,0.00,-0.000,-0.000,-0.170,-0.390,0.021,0.32,0.56
deadband,light_gust,deadband_mps,1.5,on,1.60,0.00,0.00,-0.000,-0.000,-0.169,-0.386,0.019,0.35,0.61
deadband,light_gust,deadband_mps,1.5,on,1.65,0.00,0.00,-0.000,-0.000,-0.168,-0.384,0.018,0.39,0.67
deadband,light_gust,deadband_mps,1.5,on,1.70,0.00,0.00,-0.000,-0.000,-0.167,-0.380,0.016,0.44,0.73
deadband,light_gust,deadband_mps,1.5,on,1.75,0.00,0.00,-0.000,-0.000,-0.166,-0.378,0.015,0.50,0.80
deadband,light_gust,deadband_mps,1.5,on,1.80,0.00,0.00,-0.001,-0.001,-0.163,-0.372,0.015,0.56,0.87
deadband,light_gust,deadband_mps,1.5,on,1.85,0.08,0.09,-0.012,-0.013,-0.162,-0.369,0.016,0.63,0.95
deadband,light_gust,deadband_mps,1.5,on,1.90,0.17,0.17,-0.025,-0.026,-0.158,-0.363,0.019,0.70,1.02
deadband,light_gust,deadband_mps,1.5,on,1.95,0.26,0.26,-0.039,-0.039,-0.156,-0.360,0.021,0.79,1.10
deadband,light_gust,deadband_mps,1.5,on,2.00,0.35,0.33,-0.052,-0.049,-0.058,-0.255,0.157,2.62,2.19
deadband,light_gust,deadband_mps,1.5,on,2.05,0.42,0.38,-0.064,-0.056,-0.058,-0.255,0.157,2.62,2.19
deadband,light_gust,deadband_mps,1.5,on,2.10,0.49,0.40,-0.073,-0.061,-0.052,-0.254,0.161,2.66,2.16
deadband,light_gust,deadband_mps,1.5,on,2.15,0.55,0.42,-0.082,-0.064,-0.049,-0.254,0.163,2.70,2.14
deadband,light_gust,deadband_mps,1.5,on,2.20,0.60,0.44,-0.089,-0.066,-0.043,-0.254,0.166,2.75,2.11
deadband,light_gust,deadband_mps,1.5,on,2.25,0.65,0.45,-0.097,-0.067,-0.040,-0.254,0.168,2.81,2.09
deadband,light_gust,deadband_mps,1.5,on,2.30,0.70,0.45,-0.105,-0.068,-0.035,-0.256,0.170,2.88,2.07
deadband,light_gust,deadband_mps,1.5,on,2.35,0.75,0.45,-0.112,-0.068,-0.032,-0.257,0.171,2.95,2.04
deadband,light_gust,deadband_mps,1.5,on,2.40,0.81,0.46,-0.122,-0.069,-0.027,-0.259,0.173,3.02,2.00
deadband,light_gust,deadband_mps,1.5,on,2.45,0.86,0.46,-0.129,-0.069,-0.025,-0.261,0.174,3.08,1.97
deadband,light_gust,deadband_mps,1.5,on,2.50,0.91,0.46,-0.136,-0.069,-0.021,-0.264,0.175,3.14,1.92
deadband,light_gust,deadband_mps,1.5,on,2.55,0.95,0.46,-0.143,-0.069,-0.019,-0.265,0.175,3.19,1.87
deadband,light_gust,deadband_mps,1.5,on,2.60,0.99,0.46,-0.149,-0.069,-0.015,-0.269,0.175,3.24,1.82
deadband,light_gust,deadband_mps,1.5,on,2.65,1.03,0.45,-0.155,-0.068,-0.013,-0.271,0.175,3.27,1.77
deadband,light_gust,deadband_mps,1.5,on,2.70,1.08,0.45,-0.162,-0.068,-0.010,-0.275,0.176,3.30,1.71
deadband,light_gust,deadband_mps,1.5,on,2.75,1.12,0.46,-0.167,-0.069,-0.009,-0.278,0.175,3.32,1.66
deadband,light_gust,deadband_mps,1.5,on,2.80,1.14,0.46,-0.171,-0.069,-0.005,-0.283,0.175,3.33,1.60
deadband,light_gust,deadband_mps,1.5,on,2.85,1.14,0.46,-0.171,-0.069,-0.004,-0.285,0.175,3.34,1.55
deadband,light_gust,deadband_mps,1.5,on,2.90,1.13,0.45,-0.169,-0.068,-0.002,-0.290,0.174,3.35,1.50
deadband,light_gust,deadband_mps,1.5,on,2.95,1.12,0.45,-0.168,-0.068,-0.001,-0.292,0.174,3.36,1.45
deadband,light_gust,deadband_mps,1.5,on,3.00,1.05,0.44,-0.157,-0.066,-0.032,-0.373,0.120,2.66,1.07
deadband,light_gust,deadband_mps,1.5,on,3.05,0.96,0.42,-0.144,-0.063,-0.032,-0.373,0.120,2.66,1.07
deadband,light_gust,deadband_mps,1.5,on,3.10,0.84,0.40,-0.127,-0.060,-0.038,-0.376,0.113,2.62,1.08
deadband,light_gust,deadband_mps,1.5,on,3.15,0.73,0.38,-0.110,-0.057,-0.041,-0.377,0.110,2.58,1.10
deadband,light_gust,deadband_mps,1.5,on,3.20,0.64,0.36,-0.096,-0.053,-0.049,-0.379,0.102,2.53,1.13
deadband,light_gust,deadband_mps,1.5,on,3.25,0.57,0.34,-0.085,-0.051,-0.052,-0.379,0.099,2.46,1.15
deadband,light_gust,deadband_mps,1.5,on,3.30,0.52,0.34,-0.078,-0.051,-0.060,-0.381,0.091,2.37,1.18
deadband,light_gust,deadband_mps,1.5,on,3.35,0.50,0.35,-0.075,-0.052,-0.064,-0.382,0.087,2.28,1.20
deadband,light_gust,deadband_mps,1.5,on,3.40,0.50,0.38,-0.075,-0.056,-0.072,-0.384,0.079,2.16,1.23
deadband,light_gust,deadband_mps,1.5,on,3.45,0.54,0.43,-0.080,-0.064,-0.076,-0.384,0.075,2.06,1.25
deadband,light_gust,deadband_mps,1.5,on,3.50,0.57,0.48,-0.086,-0.072,-0.083,-0.386,0.068,1.95,1.28
deadband,light_gust,deadband_mps,1.5,on,3.55,0.61,0.53,-0.092,-0.079,-0.087,-0.387,0.064,1.87,1.30
deadband,light_gust,deadband_mps,1.5,on,3.60,0.65,0.58,-0.098,-0.087,-0.095,-0.389,0.056,1.79,1.32
deadband,light_gust,deadband_mps,1.5,on,3.65,0.70,0.64,-0.104,-0.095,-0.099,-0.390,0.053,1.75,1.35
deadband,light_gust,deadband_mps,1.5,on,3.70,0.74,0.69,-0.111,-0.103,-0.106,-0.392,0.047,1.71,1.37
deadband,light_gust,deadband_mps,1.5,on,3.75,0.78,0.73,-0.117,-0.109,-0.109,-0.393,0.044,1.70,1.40
deadband,light_gust,deadband_mps,1.5,on,3.80,0.82,0.77,-0.123,-0.115,-0.113,-0.394,0.040,1.70,1.42
deadband,light_gust,deadband_mps,1.5,on,3.85,0.86,0.80,-0.129,-0.120,-0.119,-0.395,0.036,1.72,1.45
deadband,light_gust,deadband_mps,1.5,on,3.90,0.92,0.82,-0.138,-0.124,-0.124,-0.397,0.032,1.74,1.47
deadband,light_gust,deadband_mps,1.5,on,3.95,0.98,0.84,-0.148,-0.126,-0.126,-0.397,0.030,1.76,1.48
deadband,light_gust,deadband_mps,1.5,on,4.00,1.06,0.85,-0.158,-0.127,-0.148,-0.420,0.040,2.00,1.13
deadband,light_gust,deadband_mps,1.5,on,4.05,1.12,0.85,-0.168,-0.128,-0.148,-0.420,0.040,2.00,1.13
deadband,light_gust,deadband_mps,1.5,on,4.10,1.18,0.85,-0.178,-0.127,-0.149,-0.421,0.040,1.99,1.11
deadband,light_gust,deadband_mps,1.5,on,4.15,1.23,0.83,-0.185,-0.125,-0.151,-0.422,0.042,1.98,1.10
deadband,light_gust,deadband_mps,1.5,on,4.20,1.27,0.82,-0.191,-0.123,-0.153,-0.423,0.042,1.97,1.08
deadband,light_gust,deadband_mps,1.5,on,4.25,1.30,0.80,-0.195,-0.120,-0.156,-0.423,0.043,1.97,1.07
deadband,light_gust,deadband_mps,1.5,on,4.30,1.32,0.78,-0.198,-0.116,-0.158,-0.424,0.044,1.97,1.06
deadband,light_gust,deadband_mps,1.5,on,4.35,1.33,0.75,-0.200,-0.113,-0.162,-0.424,0.045,1.98,1.06
deadband,light_gust,deadband_mps,1.5,on,4.40,1.33,0.73,-0.200,-0.109,-0.165,-0.424,0.046,1.98,1.04
deadband,light_gust,deadband_mps,1.5,on,4.45,1.32,0.70,-0.198,-0.105,-0.169,-0.425,0.048,1.97,1.04
deadband,light_gust,deadband_mps,1.5,on,4.50,1.30,0.67,-0.196,-0.101,-0.172,-0.426,0.050,1.95,1.03
deadband,light_gust,deadband_mps,1.5,on,4.55,1.28,0.65,-0.192,-0.097,-0.177,-0.427,0.054,1.92,1.02
deadband,light_gust,deadband_mps,1.5,on,4.60,1.26,0.62,-0.188,-0.093,-0.181,-0.428,0.057,1.87,1.01
deadband,light_gust,deadband_mps,1.5,on,4.65,1.22,0.59,-0.183,-0.089,-0.188,-0.431,0.062,1.82,0.99
deadband,light_gust,deadband_mps,1.5,on,4.70,1.18,0.57,-0.177,-0.085,-0.191,-0.432,0.065,1.73,0.97
deadband,light_gust,deadband_mps,1.5,on,4.75,1.14,0.54,-0.171,-0.081,-0.199,-0.434,0.072,1.66,0.95
deadband,light_gust,deadband_mps,1.5,on,4.80,1.09,0.52,-0.164,-0.078,-0.204,-0.436,0.077,1.55,0.92
deadband,light_gust,deadband_mps,1.5,on,4.85,1.04,0.49,-0.156,-0.074,-0.211,-0.438,0.084,1.46,0.90
deadband,light_gust,deadband_mps,1.5,on,4.90,0.98,0.47,-0.147,-0.071,-0.215,-0.439,0.087,1.33,0.87
deadband,light_gust,deadband_mps,1.5,on,4.95,0.92,0.45,-0.138,-0.067,-0.222,-0.442,0.094,1.23,0.85
deadband,light_gust,deadband_mps,1.5,on,5.00,0.90,0.45,-0.135,-0.067,-0.251,-0.418,0.107,0.93,0.99
deadband,light_gust,deadband_mps,1.5,on,5.05,0.89,0.47,-0.134,-0.070,-0.251,-0.418,0.107,0.93,0.99
deadband,light_gust,deadband_mps,1.5,on,5.10,0.90,0.50,-0.135,-0.074,-0.250,-0.415,0.105,0.97,1.02
deadband,light_gust,deadband_mps,1.5,on,5.15,0.92,0.54,-0.139,-0.080,-0.249,-0.411,0.102,1.01,1.06
deadband,light_gust,deadband_mps,1.5,on,5.20,0.94,0.57,-0.141,-0.086,-0.247,-0.408,0.100,1.04,1.09
deadband,light_gust,deadband_mps,1.5,on,5.25,0.96,0.61,-0.144,-0.091,-0.246,-0.403,0.097,1.07,1.13
deadband,light_gust,deadband_mps,1.5,on,5.30,0.97,0.63,-0.146,-0.095,-0.245,-0.400,0.096,1.09,1.17
deadband,light_gust,deadband_mps,1.5,on,5.35,0.97,0.66,-0.146,-0.099,-0.243,-0.395,0.093,1.12,1.20
deadband,light_gust,deadband_mps,1.5,on,5.40,0.97,0.67,-0.146,-0.101,-0.242,-0.392,0.092,1.15,1.25
deadband,light_gust,deadband_mps,1.5,on,5.45,0.97,0.68,-0.146,-0.103,-0.241,-0.386,0.090,1.17,1.28
deadband,light_gust,deadband_mps,1.5,on,5.50,0.98,0.70,-0.147,-0.104,-0.240,-0.383,0.089,1.20,1.33
deadband,light_gust,deadband_mps,1.5,on,5.55,0.97,0.70,-0.146,-0.105,-0.238,-0.378,0.087,1.22,1.37
deadband,light_gust,deadband_mps,1.5,on,5.60,0.96,0.69,-0.144,-0.104,-0.237,-0.375,0.087,1.24,1.41
deadband,light_gust,deadband_mps,1.5,on,5.65,0.94,0.68,-0.141,-0.102,-0.236,-0.370,0.085,1.26,1.44
deadband,light_gust,deadband_mps,1.5,on,5.70,0.94,0.68,-0.141,-0.101,-0.235,-0.367,0.085,1.27,1.47
deadband,light_gust,deadband_mps,1.5,on,5.75,0.94,0.67,-0.141,-0.100,-0.232,-0.363,0.083,1.28,1.49
deadband,light_gust,deadband_mps,1.5,on,5.80,0.94,0.66,-0.141,-0.099,-0.231,-0.360,0.083,1.29,1.51
deadband,light_gust,deadband_mps,1.5,on,5.85,0.94,0.64,-0.140,-0.097,-0.229,-0.357,0.081,1.29,1.52
deadband,light_gust,deadband_mps,1.5,on,5.90,0.93,0.63,-0.140,-0.094,-0.227,-0.355,0.080,1.30,1.53
deadband,light_gust,deadband_mps,1.5,on,5.95,0.93,0.61,-0.140,-0.092,-0.225,-0.352,0.079,1.30,1.52
deadband,light_gust,deadband_mps,1.5,on,6.00,0.90,0.57,-0.135,-0.086,-0.182,-0.391,0.033,1.27,0.65
deadband,light_gust,deadband_mps,1.5,on,6.05,0.85,0.53,-0.128,-0.079,-0.182,-0.391,0.033,1.27,0.65
deadband,light_gust,deadband_mps,1.5,on,6.10,0.81,0.48,-0.121,-0.072,-0.182,-0.392,0.033,1.27,0.63
deadband,light_gust,deadband_mps,1.5,on,6.15,0.77,0.44,-0.115,-0.066,-0.180,-0.395,0.033,1.27,0.61
deadband,light_gust,deadband_mps,1.5,on,6.20,0.73,0.40,-0.110,-0.060,-0.179,-0.396,0.032,1.26,0.59
deadband,light_gust,deadband_mps,1.5,on,6.25,0.70,0.36,-0.104,-0.054,-0.177,-0.398,0.031,1.25,0.57
deadband,light_gust,deadband_mps,1.5,on,6.30,0.67,0.33,-0.100,-0.049,-0.176,-0.399,0.031,1.22,0.55
deadband,light_gust,deadband_mps,1.5,on,6.35,0.64,0.30,-0.096,-0.045,-0.174,-0.401,0.031,1.19,0.53
deadband,light_gust,deadband_mps,1.5,on,6.40,0.63,0.28,-0.094,-0.042,-0.172,-0.402,0.030,1.16,0.51
deadband,light_gust,deadband_mps,1.5,on,6.45,0.62,0.27,-0.092,-0.040,-0.171,-0.403,0.030,1.13,0.49
deadband,light_gust,deadband_mps,1.5,on,6.50,0.61,0.26,-0.091,-0.038,-0.170,-0.404,0.030,1.11,0.48
deadband,light_gust,deadband_mps,1.5,on,6.55,0.60,0.25,-0.090,-0.037,-0.168,-0.405,0.030,1.09,0.47
deadband,light_gust,deadband_mps,1.5,on,6.60,0.60,0.25,-0.090,-0.037,-0.167,-0.406,0.030,1.07,0.46
deadband,light_gust,deadband_mps,1.5,on,6.65,0.60,0.24,-0.091,-0.036,-0.166,-0.406,0.030,1.06,0.46
deadband,light_gust,deadband_mps,1.5,on,6.70,0.61,0.24,-0.092,-0.036,-0.165,-0.406,0.030,1.05,0.46
deadband,light_gust,deadband_mps,1.5,on,6.75,0.62,0.25,-0.093,-0.037,-0.164,-0.406,0.029,1.05,0.46
deadband,light_gust,deadband_mps,1.5,on,6.80,0.64,0.26,-0.095,-0.039,-0.163,-0.406,0.028,1.05,0.47
deadband,light_gust,deadband_mps,1.5,on,6.85,0.64,0.27,-0.097,-0.041,-0.162,-0.405,0.027,1.06,0.49
deadband,light_gust,deadband_mps,1.5,on,6.90,0.65,0.29,-0.097,-0.043,-0.162,-0.405,0.027,1.07,0.51
deadband,light_gust,deadband_mps,1.5,on,6.95,0.65,0.30,-0.098,-0.045,-0.161,-0.404,0.026,1.09,0.54
deadband,light_gust,deadband_mps,1.5,on,7.00,0.65,0.32,-0.098,-0.047,-0.154,-0.401,0.021,1.15,0.80
deadband,light_gust,deadband_mps,1.5,on,7.05,0.64,0.33,-0.096,-0.049,-0.154,-0.401,0.021,1.15,0.80
deadband,light_gust,deadband_mps,1.5,on,7.10,0.62,0.33,-0.093,-0.050,-0.153,-0.402,0.021,1.15,0.78
deadband,light_gust,deadband_mps,1.5,on,7.15,0.60,0.34,-0.090,-0.051,-0.152,-0.403,0.023,1.14,0.75
deadband,light_gust,deadband_mps,1.5,on,7.20,0.58,0.34,-0.087,-0.051,-0.151,-0.403,0.023,1.14,0.73
deadband,light_gust,deadband_mps,1.5,on,7.25,0.57,0.34,-0.085,-0.051,-0.149,-0.404,0.024,1.13,0.71
deadband,light_gust,deadband_mps,1.5,on,7.30,0.55,0.34,-0.082,-0.051,-0.148,-0.404,0.024,1.13,0.70
deadband,light_gust,deadband_mps,1.5,on,7.35,0.54,0.35,-0.080,-0.052,-0.146,-0.404,0.024,1.13,0.69
deadband,light_gust,deadband_mps,1.5,on,7.40,0.53,0.35,-0.079,-0.053,-0.144,-0.404,0.024,1.13,0.69
deadband,light_gust,deadband_mps,1.5,on,7.45,0.53,0.36,-0.080,-0.054,-0.142,-0.403,0.024,1.15,0.70
deadband,light_gust,deadband_mps,1.5,on,7.50,0.54,0.37,-0.081,-0.056,-0.141,-0.402,0.024,1.17,0.71
deadband,light_gust,deadband_mps,1.5,on,7.55,0.55,0.39,-0.083,-0.058,-0.139,-0.400,0.023,1.19,0.73
deadband,light_gust,deadband_mps,1.5,on,7.60,0.58,0.41,-0.087,-0.061,-0.138,-0.399,0.023,1.23,0.76
deadband,light_gust,deadband_mps,1.5,on,7.65,0.62,0.43,-0.092,-0.065,-0.136,-0.398,0.023,1.27,0.79
deadband,light_gust,deadband_mps,1.5,on,7.70,0.66,0.46,-0.099,-0.069,-0.135,-0.397,0.023,1.33,0.83
deadband,light_gust,deadband_mps,1.5,on,7.75,0.71,0.50,-0.107,-0.074,-0.132,-0.395,0.024,1.38,0.87
deadband,light_gust,deadband_mps,1.5,on,7.80,0.77,0.53,-0.116,-0.080,-0.131,-0.394,0.024,1.45,0.91
deadband,light_gust,deadband_mps,1.5,on,7.85,0.84,0.58,-0.126,-0.086,-0.128,-0.392,0.026,1.52,0.95
deadband,light_gust,deadband_mps,1.5,on,7.90,0.91,0.62,-0.136,-0.093,-0.127,-0.392,0.026,1.60,1.00
deadband,light_gust,deadband_mps,1.5,on,7.95,0.98,0.66,-0.147,-0.100,-0.125,-0.390,0.028,1.68,1.04
deadband,light_gust,deadband_mps,1.5,on,8.00,1.02,0.70,-0.153,-0.104,-0.099,-0.346,0.062,2.48,1.66
deadband,light_gust,deadband_mps,1.5,on,8.05,1.06,0.72,-0.158,-0.108,-0.099,-0.346,0.062,2.48,1.66
deadband,light_gust,deadband_mps,1.5,on,8.10,1.08,0.74,-0.162,-0.110,-0.098,-0.345,0.064,2.49,1.67
deadband,light_gust,deadband_mps,1.5,on,8.15,1.10,0.75,-0.165,-0.113,-0.098,-0.344,0.064,2.50,1.68
deadband,light_gust,deadband_mps,1.5,on,8.20,1.12,0.76,-0.167,-0.114,-0.097,-0.343,0.066,2.52,1.69
deadband,light_gust,deadband_mps,1.5,on,8.25,1.14,0.77,-0.171,-0.116,-0.097,-0.343,0.066,2.55,1.70
deadband,light_gust,deadband_mps,1.5,on,8.30,1.17,0.78,-0.175,-0.118,-0.096,-0.342,0.066,2.58,1.71
deadband,light_gust,deadband_mps,1.5,on,8.35,1.19,0.80,-0.179,-0.119,-0.096,-0.342,0.066,2.60,1.71
deadband,light_gust,deadband_mps,1.5,on,8.40,1.22,0.81,-0.184,-0.121,-0.097,-0.343,0.066,2.63,1.71
deadband,light_gust,deadband_mps,1.5,on,8.45,1.25,0.82,-0.187,-0.123,-0.097,-0.343,0.065,2.65,1.71
deadband,light_gust,deadband_mps,1.5,on,8.50,1.27,0.82,-0.190,-0.124,-0.098,-0.344,0.064,2.67,1.70
deadband,light_gust,deadband_mps,1.5,on,8.55,1.28,0.82,-0.192,-0.123,-0.099,-0.344,0.064,2.69,1.69
deadband,light_gust,deadband_mps,1.5,on,8.60,1.28,0.82,-0.192,-0.122,-0.100,-0.345,0.062,2.70,1.68
deadband,light_gust,deadband_mps,1.5,on,8.65,1.28,0.80,-0.191,-0.121,-0.101,-0.346,0.060,2.70,1.67
deadband,light_gust,deadband_mps,1.5,on,8.70,1.26,0.79,-0.189,-0.118,-0.103,-0.347,0.058,2.69,1.66
deadband,light_gust,deadband_mps,1.5,on,8.75,1.23,0.77,-0.185,-0.116,-0.104,-0.348,0.057,2.68,1.64
deadband,light_gust,deadband_mps,1.5,on,8.80,1.19,0.75,-0.179,-0.112,-0.107,-0.350,0.054,2.66,1.62
deadband,light_gust,deadband_mps,1.5,on,8.85,1.14,0.72,-0.171,-0.109,-0.108,-0.351,0.053,2.63,1.61
deadband,light_gust,deadband_mps,1.5,on,8.90,1.08,0.69,-0.162,-0.104,-0.110,-0.352,0.050,2.60,1.59
deadband,light_gust,deadband_mps,1.5,on,8.95,1.01,0.66,-0.152,-0.099,-0.110,-0.353,0.049,2.55,1.56
deadband,light_gust,deadband_mps,1.5,on,9.00,0.96,0.64,-0.144,-0.096,-0.105,-0.379,0.046,2.58,1.33
deadband,light_gust,deadband_mps,1.5,on,9.05,0.92,0.62,-0.138,-0.093,-0.105,-0.379,0.046,2.58,1.33
deadband,light_gust,deadband_mps,1.5,on,9.10,0.89,0.61,-0.134,-0.091,-0.105,-0.379,0.046,2.59,1.33
deadband,light_gust,deadband_mps,1.5,on,9.15,0.86,0.60,-0.130,-0.090,-0.105,-0.378,0.046,2.60,1.35
deadband,light_gust,deadband_mps,1.5,on,9.20,0.84,0.59,-0.126,-0.089,-0.105,-0.377,0.046,2.61,1.36
deadband,light_gust,deadband_mps,1.5,on,9.25,0.82,0.59,-0.123,-0.089,-0.105,-0.376,0.046,2.61,1.37
deadband,light_gust,deadband_mps,1.5,on,9.30,0.80,0.59,-0.119,-0.088,-0.106,-0.375,0.045,2.60,1.39
deadband,light_gust,deadband_mps,1.5,on,9.35,0.77,0.58,-0.116,-0.087,-0.107,-0.374,0.044,2.58,1.41
deadband,light_gust,deadband_mps,1.5,on,9.40,0.75,0.58,-0.113,-0.087,-0.108,-0.372,0.044,2.56,1.43
deadband,light_gust,deadband_mps,1.5,on,9.45,0.73,0.57,-0.109,-0.086,-0.110,-0.370,0.043,2.53,1.46
deadband,light_gust,deadband_mps,1.5,on,9.50,0.70,0.57,-0.106,-0.085,-0.110,-0.369,0.042,2.49,1.48
deadband,light_gust,deadband_mps,1.5,on,9.55,0.68,0.56,-0.102,-0.084,-0.112,-0.367,0.041,2.46,1.51
deadband,light_gust,deadband_mps,1.5,on,9.60,0.66,0.55,-0.099,-0.083,-0.114,-0.365,0.040,2.42,1.53
deadband,light_gust,deadband_mps,1.5,on,9.65,0.64,0.54,-0.096,-0.082,-0.116,-0.363,0.039,2.38,1.56
deadband,light_gust,deadband_mps,1.5,on,9.70,0.62,0.54,-0.094,-0.081,-0.117,-0.362,0.038,2.34,1.58
deadband,light_gust,deadband_mps,1.5,on,9.75,0.61,0.53,-0.091,-0.079,-0.120,-0.361,0.037,2.30,1.60
deadband,light_gust,deadband_mps,1.5,on,9.80,0.58,0.51,-0.087,-0.077,-0.121,-0.361,0.036,2.25,1.61
deadband,light_gust,deadband_mps,1.5,on,9.85,0.56,0.49,-0.084,-0.074,-0.123,-0.360,0.034,2.21,1.62
deadband,light_gust,deadband_mps,1.5,on,9.90,0.53,0.47,-0.079,-0.071,-0.124,-0.360,0.033,2.16,1.62
deadband,light_gust,deadband_mps,1.5,on,9.95,0.50,0.45,-0.075,-0.068,-0.126,-0.360,0.032,2.12,1.62
deadband,light_gust,deadband_mps,1.5,on,10.00,0.47,0.42,-0.070,-0.063,-0.112,-0.378,0.039,2.08,1.17
deadband,light_gust,deadband_mps,1.5,on,10.05,0.42,0.38,-0.064,-0.057,-0.112,-0.378,0.039,2.08,1.17
deadband,light_gust,deadband_mps,1.5,on,10.10,0.38,0.34,-0.057,-0.052,-0.110,-0.379,0.041,2.10,1.15
deadband,light_gust,deadband_mps,1.5,on,10.15,0.34,0.31,-0.051,-0.046,-0.108,-0.380,0.043,2.12,1.14
deadband,light_gust,deadband_mps,1.5,on,10.20,0.30,0.27,-0.045,-0.040,-0.107,-0.381,0.044,2.13,1.12
deadband,light_gust,deadband_mps,1.5,on,10.25,0.25,0.23,-0.038,-0.034,-0.105,-0.382,0.046,2.13,1.10
deadband,light_gust,deadband_mps,1.5,on,10.30,0.21,0.19,-0.032,-0.028,-0.105,-0.383,0.046,2.12,1.08
deadband,light_gust,deadband_mps,1.5,on,10.35,0.18,0.16,-0.026,-0.023,-0.104,-0.385,0.047,2.10,1.05
deadband,light_gust,deadband_mps,1.5,on,10.40,0.14,0.13,-0.022,-0.019,-0.103,-0.385,0.048,2.07,1.03
deadband,light_gust,deadband_mps,1.5,on,10.45,0.11,0.10,-0.017,-0.015,-0.104,-0.387,0.048,2.03,1.00
deadband,light_gust,deadband_mps,1.5,on,10.50,0.08,0.07,-0.012,-0.011,-0.104,-0.388,0.048,1.98,0.97
deadband,light_gust,deadband_mps,1.5,on,10.55,0.06,0.05,-0.009,-0.008,-0.105,-0.389,0.047,1.93,0.94
deadband,light_gust,deadband_mps,1.5,on,10.60,0.04,0.03,-0.006,-0.005,-0.105,-0.390,0.047,1.87,0.92
deadband,light_gust,deadband_mps,1.5,on,10.65,0.02,0.02,-0.003,-0.003,-0.107,-0.392,0.046,1.82,0.90
deadband,light_gust,deadband_mps,1.5,on,10.70,0.00,0.00,-0.000,-0.000,-0.108,-0.393,0.045,1.76,0.87
deadband,light_gust,deadband_mps,1.5,on,10.75,0.00,0.00,-0.000,-0.000,-0.109,-0.394,0.044,1.70,0.86
deadband,light_gust,deadband_mps,1.5,on,10.80,0.00,0.00,-0.000,-0.000,-0.110,-0.395,0.043,1.64,0.84
deadband,light_gust,deadband_mps,1.5,on,10.85,0.00,0.00,-0.000,-0.000,-0.112,-0.397,0.042,1.59,0.83
deadband,light_gust,deadband_mps,1.5,on,10.90,0.00,0.00,-0.000,-0.000,-0.113,-0.398,0.042,1.54,0.81
deadband,light_gust,deadband_mps,1.5,on,10.95,0.00,0.00,-0.000,-0.000,-0.115,-0.400,0.041,1.50,0.80
deadband,light_gust,deadband_mps,1.5,on,11.00,0.00,0.00,-0.000,-0.000,-0.140,-0.409,0.031,1.19,0.77
deadband,light_gust,deadband_mps,1.5,on,11.05,0.00,0.00,-0.000,-0.000,-0.140,-0.409,0.031,1.19,0.77
deadband,light_gust,deadband_mps,1.5,on,11.10,0.00,0.00,-0.000,-0.000,-0.141,-0.409,0.030,1.18,0.78
deadband,light_gust,deadband_mps,1.5,on,11.15,0.00,0.00,-0.000,-0.000,-0.143,-0.409,0.030,1.16,0.79
deadband,light_gust,deadband_mps,1.5,on,11.20,0.00,0.00,-0.000,-0.000,-0.144,-0.409,0.029,1.15,0.80
deadband,light_gust,deadband_mps,1.5,on,11.25,0.02,0.02,-0.003,-0.003,-0.147,-0.408,0.028,1.13,0.80
deadband,light_gust,deadband_mps,1.5,on,11.30,0.04,0.05,-0.006,-0.007,-0.148,-0.408,0.028,1.11,0.80
deadband,light_gust,deadband_mps,1.5,on,11.35,0.06,0.07,-0.009,-0.010,-0.151,-0.407,0.027,1.09,0.81
deadband,light_gust,deadband_mps,1.5,on,11.40,0.08,0.09,-0.012,-0.013,-0.153,-0.407,0.026,1.07,0.82
deadband,light_gust,deadband_mps,1.5,on,11.45,0.10,0.11,-0.015,-0.016,-0.156,-0.405,0.025,1.06,0.83
deadband,light_gust,deadband_mps,1.5,on,11.50,0.12,0.13,-0.017,-0.019,-0.158,-0.404,0.025,1.04,0.84
deadband,light_gust,deadband_mps,1.5,on,11.55,0.13,0.14,-0.019,-0.021,-0.160,-0.403,0.024,1.04,0.86
deadband,light_gust,deadband_mps,1.5,on,11.60,0.14,0.15,-0.021,-0.022,-0.163,-0.402,0.025,1.04,0.88
deadband,light_gust,deadband_mps,1.5,on,11.65,0.15,0.16,-0.022,-0.024,-0.165,-0.401,0.025,1.04,0.90
deadband,light_gust,deadband_mps,1.5,on,11.70,0.15,0.17,-0.023,-0.025,-0.168,-0.399,0.026,1.04,0.93
deadband,light_gust,deadband_mps,1.5,on,11.75,0.16,0.17,-0.024,-0.026,-0.169,-0.399,0.026,1.03,0.94
deadband,light_gust,deadband_mps,1.5,on,11.80,0.16,0.17,-0.025,-0.026,-0.172,-0.398,0.027,1.03,0.96
deadband,light_gust,deadband_mps,1.5,on,11.85,0.16,0.17,-0.025,-0.026,-0.173,-0.398,0.028,1.02,0.98
deadband,light_gust,deadband_mps,1.5,on,11.90,0.16,0.17,-0.024,-0.025,-0.175,-0.397,0.029,1.01,0.99
deadband,light_gust,deadband_mps,1.5,on,11.95,0.16,0.16,-0.023,-0.023,-0.175,-0.397,0.029,1.00,1.00
deadband,light_gust,deadband_mps,1.5,on,12.00,0.15,0.15,-0.023,-0.022,-0.167,-0.389,0.019,1.13,0.85
deadband,light_gust,deadband_mps,1.5,on,12.05,0.15,0.14,-0.022,-0.021,-0.167,-0.389,0.019,1.13,0.85
deadband,light_gust,deadband_mps,1.5,on,12.10,0.14,0.13,-0.022,-0.020,-0.167,-0.389,0.018,1.14,0.85
deadband,light_gust,deadband_mps,1.5,on,12.15,0.14,0.12,-0.020,-0.018,-0.166,-0.387,0.016,1.15,0.84
deadband,light_gust,deadband_mps,1.5,on,12.20,0.12,0.11,-0.019,-0.016,-0.165,-0.386,0.015,1.15,0.84
deadband,light_gust,deadband_mps,1.5,on,12.25,0.11,0.09,-0.016,-0.014,-0.164,-0.385,0.014,1.15,0.84
deadband,light_gust,deadband_mps,1.5,on,12.30,0.09,0.08,-0.014,-0.012,-0.163,-0.383,0.013,1.15,0.85
deadband,light_gust,deadband_mps,1.5,on,12.35,0.07,0.06,-0.011,-0.009,-0.163,-0.382,0.012,1.15,0.85
deadband,light_gust,deadband_mps,1.5,on,12.40,0.05,0.04,-0.008,-0.007,-0.162,-0.380,0.011,1.14,0.86
deadband,light_gust,deadband_mps,1.5,on,12.45,0.03,0.03,-0.005,-0.004,-0.161,-0.379,0.010,1.14,0.86
deadband,light_gust,deadband_mps,1.5,on,12.50,0.02,0.02,-0.003,-0.002,-0.160,-0.376,0.010,1.14,0.88
deadband,light_gust,deadband_mps,1.5,on,12.55,0.01,0.01,-0.002,-0.001,-0.159,-0.375,0.010,1.14,0.89
deadband,light_gust,deadband_mps,1.5,on,12.60,0.01,0.01,-0.002,-0.001,-0.158,-0.371,0.011,1.15,0.91
deadband,light_gust,deadband_mps,1.5,on,12.65,0.02,0.02,-0.003,-0.003,-0.157,-0.370,0.012,1.16,0.92
deadband,light_gust,deadband_mps,1.5,on,12.70,0.05,0.04,-0.007,-0.006,-0.155,-0.366,0.014,1.17,0.95
deadband,light_gust,deadband_mps,1.5,on,12.75,0.08,0.07,-0.012,-0.010,-0.154,-0.365,0.016,1.19,0.97
deadband,light_gust,deadband_mps,1.5,on,12.80,0.13,0.10,-0.019,-0.015,-0.151,-0.362,0.018,1.22,1.01
deadband,light_gust,deadband_mps,1.5,on,12.85,0.18,0.15,-0.028,-0.022,-0.150,-0.360,0.020,1.26,1.04
deadband,light_gust,deadband_mps,1.5,on,12.90,0.25,0.19,-0.037,-0.029,-0.148,-0.358,0.022,1.32,1.08
deadband,light_gust,deadband_mps,1.5,on,12.95,0.32,0.25,-0.048,-0.037,-0.147,-0.357,0.024,1.36,1.11
deadband,light_gust,deadband_mps,1.5,on,13.00,0.36,0.27,-0.054,-0.041,-0.121,-0.325,0.063,1.93,1.43
deadband,light_gust,deadband_mps,1.5,on,13.05,0.37,0.28,-0.056,-0.042,-0.121,-0.325,0.063,1.93,1.43
deadband,light_gust,deadband_mps,1.5,on,13.10,0.37,0.28,-0.056,-0.042,-0.120,-0.326,0.063,1.93,1.42
deadband,light_gust,deadband_mps,1.5,on,13.15,0.37,0.27,-0.055,-0.041,-0.120,-0.326,0.063,1.92,1.40
deadband,light_gust,deadband_mps,1.5,on,13.20,0.36,0.26,-0.053,-0.039,-0.118,-0.327,0.062,1.92,1.38
deadband,light_gust,deadband_mps,1.5,on,13.25,0.34,0.25,-0.051,-0.037,-0.118,-0.328,0.062,1.92,1.37
deadband,light_gust,deadband_mps,1.5,on,13.30,0.33,0.24,-0.050,-0.035,-0.116,-0.330,0.061,1.92,1.35
deadband,light_gust,deadband_mps,1.5,on,13.35,0.32,0.22,-0.048,-0.033,-0.116,-0.331,0.060,1.93,1.33
deadband,light_gust,deadband_mps,1.5,on,13.40,0.32,0.21,-0.048,-0.032,-0.114,-0.334,0.059,1.93,1.31
deadband,light_gust,deadband_mps,1.5,on,13.45,0.31,0.21,-0.047,-0.031,-0.113,-0.335,0.059,1.93,1.28
deadband,light_gust,deadband_mps,1.5,on,13.50,0.31,0.20,-0.046,-0.030,-0.111,-0.338,0.058,1.94,1.25
deadband,light_gust,deadband_mps,1.5,on,13.55,0.31,0.20,-0.046,-0.029,-0.110,-0.339,0.058,1.95,1.23
deadband,light_gust,deadband_mps,1.5,on,13.60,0.31,0.19,-0.047,-0.029,-0.107,-0.341,0.059,1.97,1.19
deadband,light_gust,deadband_mps,1.5,on,13.65,0.32,0.19,-0.048,-0.029,-0.106,-0.342,0.059,1.98,1.18
deadband,light_gust,deadband_mps,1.5,on,13.70,0.33,0.20,-0.049,-0.029,-0.103,-0.344,0.060,2.01,1.15
deadband,light_gust,deadband_mps,1.5,on,13.75,0.35,0.20,-0.052,-0.031,-0.101,-0.345,0.061,2.04,1.14
deadband,light_gust,deadband_mps,1.5,on,13.80,0.37,0.22,-0.056,-0.033,-0.098,-0.346,0.063,2.08,1.13
deadband,light_gust,deadband_mps,1.5,on,13.85,0.40,0.24,-0.060,-0.035,-0.096,-0.347,0.064,2.11,1.12
deadband,light_gust,deadband_mps,1.5,on,13.90,0.43,0.26,-0.064,-0.039,-0.093,-0.348,0.067,2.16,1.12
deadband,light_gust,deadband_mps,1.5,on,13.95,0.46,0.28,-0.070,-0.043,-0.091,-0.348,0.068,2.20,1.13
deadband,light_gust,deadband_mps,1.5,on,14.00,0.48,0.31,-0.072,-0.046,-0.067,-0.377,0.084,2.61,1.19
deadband,light_gust,deadband_mps,1.5,on,14.05,0.49,0.33,-0.074,-0.049,-0.067,-0.377,0.084,2.61,1.19
deadband,light_gust,deadband_mps,1.5,on,14.10,0.49,0.35,-0.074,-0.052,-0.068,-0.377,0.083,2.60,1.20
deadband,light_gust,deadband_mps,1.5,on,14.15,0.49,0.37,-0.074,-0.055,-0.068,-0.377,0.083,2.59,1.21
deadband,light_gust,deadband_mps,1.5,on,14.20,0.49,0.39,-0.074,-0.058,-0.070,-0.376,0.081,2.59,1.23
deadband,light_gust,deadband_mps,1.5,on,14.25,0.49,0.41,-0.074,-0.061,-0.071,-0.376,0.080,2.58,1.26
deadband,light_gust,deadband_mps,1.5,on,14.30,0.49,0.43,-0.074,-0.064,-0.073,-0.375,0.078,2.58,1.30
deadband,light_gust,deadband_mps,1.5,on,14.35,0.49,0.45,-0.073,-0.067,-0.074,-0.375,0.077,2.58,1.33
deadband,light_gust,deadband_mps,1.5,on,14.40,0.49,0.47,-0.073,-0.070,-0.076,-0.375,0.075,2.57,1.37
deadband,light_gust,deadband_mps,1.5,on,14.45,0.49,0.49,-0.073,-0.073,-0.077,-0.374,0.074,2.56,1.41
deadband,light_gust,deadband_mps,1.5,on,14.50,0.48,0.50,-0.072,-0.075,-0.080,-0.374,0.071,2.55,1.45
deadband,light_gust,deadband_mps,1.5,on,14.55,0.48,0.51,-0.072,-0.077,-0.081,-0.374,0.070,2.54,1.48
deadband,light_gust,deadband_mps,1.5,on,14.60,0.48,0.52,-0.072,-0.078,-0.084,-0.373,0.068,2.53,1.52
deadband,light_gust,deadband_mps,1.5,on,14.65,0.48,0.52,-0.072,-0.078,-0.085,-0.373,0.066,2.52,1.54
deadband,light_gust,deadband_mps,1.5,on,14.70,0.47,0.52,-0.071,-0.078,-0.087,-0.374,0.064,2.51,1.56
deadband,light_gust,deadband_mps,1.5,on,14.75,0.47,0.52,-0.071,-0.077,-0.088,-0.374,0.063,2.49,1.58
deadband,light_gust,deadband_mps,1.5,on,14.80,0.47,0.51,-0.070,-0.076,-0.091,-0.375,0.060,2.48,1.59
deadband,light_gust,deadband_mps,1.5,on,14.85,0.47,0.50,-0.070,-0.076,-0.092,-0.376,0.059,2.47,1.59
deadband,light_gust,deadband_mps,1.5,on,14.90,0.48,0.50,-0.072,-0.076,-0.095,-0.377,0.056,2.46,1.58
deadband,light_gust,deadband_mps,1.5,on,14.95,0.50,0.50,-0.074,-0.076,-0.096,-0.378,0.055,2.45,1.57
deadband,light_gust,deadband_mps,1.5,on,15.00,0.52,0.51,-0.078,-0.077,-0.133,-0.378,0.019,2.36,1.57
deadband,light_gust,deadband_mps,1.5,on,15.05,0.55,0.52,-0.083,-0.078,-0.133,-0.378,0.019,2.36,1.57
deadband,light_gust,deadband_mps,1.5,on,15.10,0.58,0.53,-0.088,-0.080,-0.133,-0.375,0.019,2.37,1.59
deadband,light_gust,deadband_mps,1.5,on,15.15,0.61,0.54,-0.092,-0.082,-0.133,-0.374,0.019,2.39,1.61
deadband,light_gust,deadband_mps,1.5,on,15.20,0.64,0.55,-0.096,-0.083,-0.133,-0.371,0.020,2.41,1.63
deadband,light_gust,deadband_mps,1.5,on,15.25,0.67,0.56,-0.100,-0.085,-0.133,-0.370,0.021,2.46,1.66
deadband,light_gust,deadband_mps,1.5,on,15.30,0.69,0.57,-0.103,-0.086,-0.133,-0.368,0.021,2.49,1.68
deadband,light_gust,deadband_mps,1.5,on,15.35,0.71,0.58,-0.106,-0.086,-0.134,-0.367,0.022,2.54,1.70
deadband,light_gust,deadband_mps,1.5,on,15.40,0.72,0.58,-0.108,-0.086,-0.135,-0.366,0.022,2.58,1.72
deadband,light_gust,deadband_mps,1.5,on,15.45,0.72,0.57,-0.108,-0.086,-0.135,-0.365,0.022,2.61,1.73
deadband,light_gust,deadband_mps,1.5,on,15.50,0.72,0.57,-0.108,-0.085,-0.137,-0.364,0.021,2.63,1.74
deadband,light_gust,deadband_mps,1.5,on,15.55,0.71,0.56,-0.107,-0.083,-0.138,-0.364,0.021,2.65,1.74
deadband,light_gust,deadband_mps,1.5,on,15.60,0.69,0.54,-0.104,-0.081,-0.140,-0.364,0.020,2.65,1.73
deadband,light_gust,deadband_mps,1.5,on,15.65,0.66,0.52,-0.100,-0.077,-0.141,-0.364,0.019,2.63,1.72
deadband,light_gust,deadband_mps,1.5,on,15.70,0.63,0.49,-0.094,-0.073,-0.144,-0.365,0.017,2.61,1.71
deadband,light_gust,deadband_mps,1.5,on,15.75,0.59,0.46,-0.088,-0.069,-0.145,-0.365,0.016,2.56,1.68
deadband,light_gust,deadband_mps,1.5,on,15.80,0.53,0.42,-0.080,-0.063,-0.148,-0.366,0.014,2.51,1.66
deadband,light_gust,deadband_mps,1.5,on,15.85,0.48,0.38,-0.072,-0.057,-0.149,-0.367,0.013,2.44,1.62
deadband,light_gust,deadband_mps,1.5,on,15.90,0.41,0.33,-0.062,-0.050,-0.152,-0.369,0.011,2.38,1.59
deadband,light_gust,deadband_mps,1.5,on,15.95,0.35,0.29,-0.053,-0.043,-0.153,-0.370,0.010,2.29,1.54
deadband,light_gust,deadband_mps,1.5,on,16.00,0.30,0.25,-0.045,-0.037,-0.180,-0.386,0.030,1.76,1.23
deadband,light_gust,deadband_mps,1.5,on,16.05,0.26,0.22,-0.039,-0.033,-0.180,-0.386,0.030,1.76,1.23
deadband,light_gust,deadband_mps,1.5,on,16.10,0.23,0.20,-0.035,-0.029,-0.181,-0.386,0.030,1.77,1.24
deadband,light_gust,deadband_mps,1.5,on,16.15,0.20,0.17,-0.031,-0.026,-0.181,-0.385,0.030,1.77,1.25
deadband,light_gust,deadband_mps,1.5,on,16.20,0.18,0.16,-0.028,-0.024,-0.181,-0.384,0.030,1.77,1.25
deadband,light_gust,deadband_mps,1.5,on,16.25,0.17,0.15,-0.026,-0.023,-0.181,-0.384,0.030,1.76,1.25
deadband,light_gust,deadband_mps,1.5,on,16.30,0.17,0.15,-0.025,-0.022,-0.181,-0.382,0.030,1.75,1.25
deadband,light_gust,deadband_mps,1.5,on,16.35,0.16,0.15,-0.025,-0.022,-0.181,-0.382,0.030,1.74,1.25
deadband,light_gust,deadband_mps,1.5,on,16.40,0.17,0.15,-0.025,-0.023,-0.181,-0.380,0.030,1.73,1.25
deadband,light_gust,deadband_mps,1.5,on,16.45,0.17,0.15,-0.025,-0.023,-0.181,-0.379,0.030,1.71,1.25
deadband,light_gust,deadband_mps,1.5,on,16.50,0.17,0.16,-0.025,-0.024,-0.181,-0.377,0.030,1.70,1.26
deadband,light_gust,deadband_mps,1.5,on,16.55,0.17,0.16,-0.025,-0.024,-0.181,-0.376,0.031,1.69,1.26
deadband,light_gust,deadband_mps,1.5,on,16.60,0.17,0.16,-0.025,-0.024,-0.183,-0.374,0.032,1.68,1.27
deadband,light_gust,deadband_mps,1.5,on,16.65,0.16,0.16,-0.024,-0.024,-0.183,-0.373,0.033,1.67,1.28
deadband,light_gust,deadband_mps,1.5,on,16.70,0.15,0.15,-0.023,-0.023,-0.185,-0.371,0.035,1.66,1.29
deadband,light_gust,deadband_mps,1.5,on,16.75,0.14,0.14,-0.021,-0.021,-0.185,-0.371,0.036,1.64,1.29
deadband,light_gust,deadband_mps,1.5,on,16.80,0.12,0.12,-0.018,-0.018,-0.187,-0.368,0.038,1.63,1.30
deadband,light_gust,deadband_mps,1.5,on,16.85,0.10,0.10,-0.015,-0.015,-0.188,-0.368,0.039,1.59,1.31
deadband,light_gust,deadband_mps,1.5,on,16.90,0.08,0.08,-0.012,-0.012,-0.189,-0.366,0.040,1.57,1.31
deadband,light_gust,deadband_mps,1.5,on,16.95,0.06,0.06,-0.008,-0.009,-0.189,-0.366,0.041,1.53,1.31
deadband,light_gust,deadband_mps,1.5,on,17.00,0.04,0.04,-0.005,-0.005,-0.165,-0.393,0.019,1.42,0.78
deadband,light_gust,deadband_mps,1.5,on,17.05,0.02,0.02,-0.002,-0.002,-0.165,-0.393,0.019,1.42,0.78
deadband,light_gust,deadband_mps,1.5,on,17.10,0.00,0.00,-0.000,-0.000,-0.163,-0.397,0.021,1.43,0.74
deadband,light_gust,deadband_mps,1.5,on,17.15,0.00,0.00,-0.000,-0.000,-0.163,-0.398,0.022,1.42,0.70
deadband,light_gust,deadband_mps,1.5,on,17.20,0.00,0.00,-0.000,-0.000,-0.160,-0.402,0.024,1.42,0.67
deadband,light_gust,deadband_mps,1.5,on,17.25,0.00,0.00,-0.000,-0.000,-0.160,-0.404,0.025,1.40,0.63
deadband,light_gust,deadband_mps,1.5,on,17.30,0.00,0.00,-0.000,-0.000,-0.158,-0.406,0.027,1.39,0.60
deadband,light_gust,deadband_mps,1.5,on,17.35,0.00,0.00,-0.000,-0.000,-0.157,-0.408,0.028,1.37,0.56
deadband,light_gust,deadband_mps,1.5,on,17.40,0.00,0.00,-0.000,-0.000,-0.155,-0.410,0.030,1.36,0.54
deadband,light_gust,deadband_mps,1.5,on,17.45,0.00,0.00,-0.000,-0.000,-0.154,-0.411,0.031,1.35,0.52
deadband,light_gust,deadband_mps,1.5,on,17.50,0.01,0.00,-0.001,-0.001,-0.152,-0.413,0.033,1.34,0.51
deadband,light_gust,deadband_mps,1.5,on,17.55,0.02,0.01,-0.003,-0.002,-0.152,-0.414,0.033,1.34,0.50
deadband,light_gust,deadband_mps,1.5,on,17.60,0.04,0.02,-0.006,-0.003,-0.150,-0.415,0.034,1.33,0.50
deadband,light_gust,deadband_mps,1.5,on,17.65,0.06,0.03,-0.009,-0.004,-0.150,-0.415,0.035,1.33,0.50
deadband,light_gust,deadband_mps,1.5,on,17.70,0.08,0.04,-0.011,-0.006,-0.149,-0.415,0.035,1.33,0.50
deadband,light_gust,deadband_mps,1.5,on,17.75,0.10,0.05,-0.014,-0.007,-0.149,-0.416,0.035,1.34,0.51
deadband,light_gust,deadband_mps,1.5,on,17.80,0.11,0.06,-0.017,-0.008,-0.149,-0.416,0.035,1.34,0.53
deadband,light_gust,deadband_mps,1.5,on,17.85,0.13,0.06,-0.019,-0.009,-0.149,-0.416,0.035,1.35,0.55
deadband,light_gust,deadband_mps,1.5,on,17.90,0.14,0.07,-0.020,-0.010,-0.150,-0.416,0.035,1.35,0.57
deadband,light_gust,deadband_mps,1.5,on,17.95,0.14,0.07,-0.021,-0.011,-0.150,-0.415,0.035,1.36,0.59
deadband,light_gust,deadband_mps,2.0,on,0.00,0.00,0.00,0.000,0.000,-0.248,-0.466,0.054,0.19,0.62
deadband,light_gust,deadband_mps,2.0,on,0.05,0.00,0.00,0.000,0.000,-0.248,-0.466,0.054,0.19,0.62
deadband,light_gust,deadband_mps,2.0,on,0.10,0.00,0.00,0.000,0.000,-0.250,-0.469,0.056,0.18,0.58
deadband,light_gust,deadband_mps,2.0,on,0.15,0.00,0.00,0.000,0.000,-0.250,-0.471,0.057,0.17,0.53
deadband,light_gust,deadband_mps,2.0,on,0.20,0.00,0.00,0.000,0.000,-0.251,-0.474,0.059,0.16,0.48
deadband,light_gust,deadband_mps,2.0,on,0.25,0.00,0.00,0.000,0.000,-0.251,-0.476,0.060,0.14,0.44
deadband,light_gust,deadband_mps,2.0,on,0.30,0.00,0.00,0.000,0.000,-0.251,-0.478,0.061,0.14,0.40
deadband,light_gust,deadband_mps,2.0,on,0.35,0.00,0.00,0.000,0.000,-0.251,-0.479,0.061,0.14,0.36
deadband,light_gust,deadband_mps,2.0,on,0.40,0.00,0.00,0.000,0.000,-0.250,-0.481,0.061,0.14,0.34
deadband,light_gust,deadband_mps,2.0,on,0.45,0.00,0.00,0.000,0.000,-0.249,-0.482,0.061,0.16,0.32
deadband,light_gust,deadband_mps,2.0,on,0.50,0.00,0.00,0.000,0.000,-0.248,-0.482,0.060,0.18,0.32
deadband,light_gust,deadband_mps,2.0,on,0.55,0.00,0.00,0.000,0.000,-0.247,-0.482,0.059,0.21,0.32
deadband,light_gust,deadband_mps,2.0,on,0.60,0.00,0.00,0.000,0.000,-0.245,-0.482,0.056,0.25,0.33
deadband,light_gust,deadband_mps,2.0,on,0.65,0.00,0.00,0.000,0.000,-0.243,-0.481,0.055,0.30,0.36
deadband,light_gust,deadband_mps,2.0,on,0.70,0.00,0.00,0.000,0.000,-0.241,-0.480,0.052,0.34,0.38
deadband,light_gust,deadband_mps,2.0,on,0.75,0.00,0.00,0.000,0.000,-0.240,-0.478,0.051,0.40,0.42
deadband,light_gust,deadband_mps,2.0,on,0.80,0.00,0.00,0.000,0.000,-0.237,-0.475,0.047,0.46,0.47
deadband,light_gust,deadband_mps,2.0,on,0.85,0.00,0.00,0.000,0.000,-0.236,-0.473,0.045,0.52,0.52
deadband,light_gust,deadband_mps,2.0,on,0.90,0.00,0.00,0.000,0.000,-0.234,-0.468,0.041,0.58,0.58
deadband,light_gust,deadband_mps,2.0,on,0.95,0.72,0.54,-0.108,-0.080,-0.233,-0.465,0.039,0.65,0.64
deadband,light_gust,deadband_mps,2.0,on,1.00,0.68,0.51,-0.102,-0.076,-0.199,-0.386,0.070,1.76,1.72
deadband,light_gust,deadband_mps,2.0,on,1.05,0.63,0.47,-0.095,-0.071,-0.199,-0.386,0.070,1.76,1.72
deadband,light_gust,deadband_mps,2.0,on,1.10,0.57,0.42,-0.085,-0.063,-0.197,-0.386,0.069,1.75,1.68
deadband,light_gust,deadband_mps,2.0,on,1.15,0.50,0.37,-0.076,-0.055,-0.195,-0.386,0.069,1.75,1.64
deadband,light_gust,deadband_mps,2.0,on,1.20,0.45,0.32,-0.067,-0.048,-0.193,-0.387,0.068,1.74,1.60
deadband,light_gust,deadband_mps,2.0,on,1.25,0.40,0.28,-0.060,-0.042,-0.191,-0.388,0.068,1.72,1.55
deadband,light_gust,deadband_mps,2.0,on,1.30,0.35,0.24,-0.053,-0.036,-0.189,-0.389,0.067,1.70,1.50
deadband,light_gust,deadband_mps,2.0,on,1.35,0.32,0.21,-0.048,-0.031,-0.187,-0.389,0.067,1.67,1.45
deadband,light_gust,deadband_mps,2.0,on,1.40,0.31,0.20,-0.047,-0.030,-0.183,-0.390,0.067,1.64,1.40
deadband,light_gust,deadband_mps,2.0,on,1.45,0.31,0.19,-0.047,-0.028,-0.181,-0.390,0.067,1.62,1.36
deadband,light_gust,deadband_mps,2.0,on,1.50,0.32,0.18,-0.047,-0.028,-0.177,-0.390,0.068,1.60,1.31
deadband,light_gust,deadband_mps,2.0,on,1.55,0.33,0.19,-0.050,-0.028,-0.174,-0.390,0.069,1.61,1.28
deadband,light_gust,deadband_mps,2.0,on,1.60,0.37,0.20,-0.056,-0.030,-0.168,-0.389,0.072,1.62,1.26
deadband,light_gust,deadband_mps,2.0,on,1.65,0.42,0.22,-0.063,-0.033,-0.165,-0.388,0.073,1.67,1.25
deadband,light_gust,deadband_mps,2.0,on,1.70,0.48,0.24,-0.073,-0.036,-0.159,-0.387,0.077,1.72,1.24
deadband,light_gust,deadband_mps,2.0,on,1.75,0.56,0.28,-0.085,-0.042,-0.156,-0.386,0.079,1.80,1.25
deadband,light_gust,deadband_mps,2.0,on,1.80,0.66,0.32,-0.099,-0.048,-0.149,-0.385,0.084,1.89,1.26
deadband,light_gust,deadband_mps,2.0,on,1.85,0.75,0.37,-0.113,-0.055,-0.145,-0.384,0.087,2.00,1.28
deadband,light_gust,deadband_mps,2.0,on,1.90,0.87,0.43,-0.130,-0.064,-0.139,-0.383,0.092,2.12,1.31
deadband,light_gust,deadband_mps,2.0,on,1.95,0.99,0.50,-0.148,-0.075,-0.135,-0.382,0.094,2.25,1.34
deadband,light_gust,deadband_mps,2.0,on,2.00,1.00,0.52,-0.151,-0.078,-0.105,-0.402,0.105,2.69,1.42
deadband,light_gust,deadband_mps,2.0,on,2.05,0.98,0.52,-0.147,-0.078,-0.105,-0.402,0.105,2.69,1.42
deadband,light_gust,deadband_mps,2.0,on,2.10,0.92,0.51,-0.138,-0.076,-0.105,-0.404,0.103,2.66,1.40
deadband,light_gust,deadband_mps,2.0,on,2.15,0.84,0.48,-0.127,-0.071,-0.106,-0.406,0.102,2.64,1.38
deadband,light_gust,deadband_mps,2.0,on,2.20,0.77,0.44,-0.115,-0.066,-0.106,-0.409,0.100,2.63,1.37
deadband,light_gust,deadband_mps,2.0,on,2.25,0.69,0.40,-0.103,-0.060,-0.106,-0.410,0.099,2.61,1.36
deadband,light_gust,deadband_mps,2.0,on,2.30,0.61,0.36,-0.091,-0.054,-0.106,-0.412,0.098,2.58,1.35
deadband,light_gust,deadband_mps,2.0,on,2.35,0.52,0.31,-0.079,-0.047,-0.107,-0.413,0.098,2.55,1.34
deadband,light_gust,deadband_mps,2.0,on,2.40,0.45,0.27,-0.068,-0.041,-0.107,-0.416,0.097,2.51,1.32
deadband,light_gust,deadband_mps,2.0,on,2.45,0.39,0.24,-0.058,-0.036,-0.107,-0.417,0.096,2.47,1.31
deadband,light_gust,deadband_mps,2.0,on,2.50,0.32,0.20,-0.048,-0.030,-0.106,-0.420,0.095,2.42,1.29
deadband,light_gust,deadband_mps,2.0,on,2.55,0.26,0.16,-0.039,-0.025,-0.106,-0.421,0.095,2.38,1.27
deadband,light_gust,deadband_mps,2.0,on,2.60,0.21,0.13,-0.031,-0.020,-0.105,-0.424,0.095,2.33,1.25
deadband,light_gust,deadband_mps,2.0,on,2.65,0.15,0.10,-0.022,-0.014,-0.105,-0.425,0.095,2.29,1.23
deadband,light_gust,deadband_mps,2.0,on,2.70,0.09,0.06,-0.014,-0.009,-0.103,-0.427,0.096,2.25,1.20
deadband,light_gust,deadband_mps,2.0,on,2.75,0.05,0.03,-0.008,-0.005,-0.102,-0.428,0.097,2.22,1.18
deadband,light_gust,deadband_mps,2.0,on,2.80,0.03,0.02,-0.005,-0.003,-0.100,-0.429,0.099,2.20,1.17
deadband,light_gust,deadband_mps,2.0,on,2.85,0.01,0.01,-0.002,-0.001,-0.098,-0.430,0.100,2.19,1.15
deadband,light_gust,deadband_mps,2.0,on,2.90,0.02,0.01,-0.003,-0.002,-0.096,-0.431,0.102,2.19,1.14
deadband,light_gust,deadband_mps,2.0,on,2.95,0.05,0.03,-0.007,-0.005,-0.094,-0.432,0.103,2.20,1.12
deadband,light_gust,deadband_mps,2.0,on,3.00,0.08,0.06,-0.012,-0.009,-0.100,-0.412,0.104,2.63,1.60
deadband,light_gust,deadband_mps,2.0,on,3.05,0.11,0.08,-0.016,-0.013,-0.100,-0.412,0.104,2.63,1.60
deadband,light_gust,deadband_mps,2.0,on,3.10,0.13,0.11,-0.020,-0.017,-0.103,-0.412,0.102,2.59,1.62
deadband,light_gust,deadband_mps,2.0,on,3.15,0.16,0.14,-0.025,-0.021,-0.107,-0.411,0.099,2.55,1.63
deadband,light_gust,deadband_mps,2.0,on,3.20,0.19,0.17,-0.029,-0.025,-0.110,-0.410,0.097,2.52,1.65
deadband,light_gust,deadband_mps,2.0,on,3.25,0.22,0.20,-0.032,-0.029,-0.114,-0.409,0.093,2.50,1.67
deadband,light_gust,deadband_mps,2.0,on,3.30,0.23,0.22,-0.035,-0.033,-0.116,-0.409,0.092,2.48,1.69
deadband,light_gust,deadband_mps,2.0,on,3.35,0.24,0.23,-0.036,-0.035,-0.120,-0.408,0.089,2.47,1.71
deadband,light_gust,deadband_mps,2.0,on,3.40,0.25,0.24,-0.037,-0.036,-0.122,-0.408,0.086,2.46,1.73
deadband,light_gust,deadband_mps,2.0,on,3.45,0.25,0.24,-0.037,-0.037,-0.126,-0.408,0.083,2.46,1.75
deadband,light_gust,deadband_mps,2.0,on,3.50,0.24,0.24,-0.036,-0.036,-0.128,-0.409,0.081,2.45,1.76
deadband,light_gust,deadband_mps,2.0,on,3.55,0.23,0.23,-0.034,-0.034,-0.132,-0.409,0.078,2.43,1.77
deadband,light_gust,deadband_mps,2.0,on,3.60,0.21,0.21,-0.031,-0.032,-0.135,-0.409,0.076,2.41,1.77
deadband,light_gust,deadband_mps,2.0,on,3.65,0.19,0.19,-0.028,-0.029,-0.139,-0.410,0.073,2.39,1.76
deadband,light_gust,deadband_mps,2.0,on,3.70,0.17,0.17,-0.025,-0.025,-0.140,-0.410,0.071,2.37,1.75
deadband,light_gust,deadband_mps,2.0,on,3.75,0.15,0.15,-0.022,-0.022,-0.144,-0.411,0.068,2.32,1.73
deadband,light_gust,deadband_mps,2.0,on,3.80,0.13,0.12,-0.019,-0.019,-0.146,-0.411,0.065,2.28,1.70
deadband,light_gust,deadband_mps,2.0,on,3.85,0.11,0.10,-0.016,-0.015,-0.150,-0.412,0.063,2.23,1.68
deadband,light_gust,deadband_mps,2.0,on,3.90,0.10,0.09,-0.014,-0.013,-0.151,-0.412,0.061,2.18,1.65
deadband,light_gust,deadband_mps,2.0,on,3.95,0.09,0.08,-0.013,-0.012,-0.154,-0.413,0.059,2.13,1.62
deadband,light_gust,deadband_mps,2.0,on,4.00,0.08,0.07,-0.013,-0.011,-0.164,-0.437,0.036,1.98,1.19
deadband,light_gust,deadband_mps,2.0,on,4.05,0.08,0.06,-0.012,-0.009,-0.164,-0.437,0.036,1.98,1.19
deadband,light_gust,deadband_mps,2.0,on,4.10,0.07,0.05,-0.011,-0.008,-0.165,-0.437,0.035,1.98,1.19
deadband,light_gust,deadband_mps,2.0,on,4.15,0.06,0.04,-0.009,-0.007,-0.165,-0.438,0.034,1.98,1.18
deadband,light_gust,deadband_mps,2.0,on,4.20,0.05,0.04,-0.008,-0.005,-0.166,-0.439,0.033,1.98,1.18
deadband,light_gust,deadband_mps,2.0,on,4.25,0.04,0.03,-0.006,-0.004,-0.167,-0.441,0.031,1.98,1.17
deadband,light_gust,deadband_mps,2.0,on,4.30,0.04,0.02,-0.005,-0.004,-0.168,-0.442,0.030,1.97,1.17
deadband,light_gust,deadband_mps,2.0,on,4.35,0.03,0.02,-0.005,-0.003,-0.170,-0.443,0.028,1.96,1.16
deadband,light_gust,deadband_mps,2.0,on,4.40,0.03,0.02,-0.004,-0.003,-0.171,-0.445,0.026,1.94,1.15
deadband,light_gust,deadband_mps,2.0,on,4.45,0.02,0.01,-0.004,-0.002,-0.173,-0.447,0.023,1.92,1.14
deadband,light_gust,deadband_mps,2.0,on,4.50,0.02,0.01,-0.003,-0.002,-0.175,-0.448,0.021,1.89,1.13
deadband,light_gust,deadband_mps,2.0,on,4.55,0.02,0.01,-0.003,-0.002,-0.178,-0.451,0.018,1.86,1.11
deadband,light_gust,deadband_mps,2.0,on,4.60,0.02,0.01,-0.003,-0.002,-0.180,-0.453,0.015,1.82,1.09
deadband,light_gust,deadband_mps,2.0,on,4.65,0.02,0.01,-0.004,-0.002,-0.184,-0.455,0.011,1.77,1.07
deadband,light_gust,deadband_mps,2.0,on,4.70,0.02,0.01,-0.003,-0.002,-0.186,-0.457,0.009,1.72,1.05
deadband,light_gust,deadband_mps,2.0,on,4.75,0.02,0.01,-0.003,-0.002,-0.190,-0.459,0.006,1.67,1.03
deadband,light_gust,deadband_mps,2.0,on,4.80,0.01,0.01,-0.002,-0.001,-0.193,-0.461,0.005,1.61,1.01
deadband,light_gust,deadband_mps,2.0,on,4.85,0.00,0.00,-0.001,-0.000,-0.198,-0.463,0.008,1.56,0.99
deadband,light_gust,deadband_mps,2.0,on,4.90,0.00,0.00,-0.000,-0.000,-0.201,-0.464,0.010,1.50,0.97
deadband,light_gust,deadband_mps,2.0,on,4.95,0.00,0.00,-0.000,-0.000,-0.206,-0.466,0.015,1.44,0.96
deadband,light_gust,deadband_mps,2.0,on,5.00,0.00,0.00,-0.000,-0.000,-0.251,-0.490,0.066,0.95,0.79
deadband,light_gust,deadband_mps,2.0,on,5.05,0.00,0.00,-0.000,-0.000,-0.251,-0.490,0.066,0.95,0.79
deadband,light_gust,deadband_mps,2.0,on,5.10,0.00,0.00,-0.000,-0.000,-0.251,-0.490,0.066,0.95,0.79
deadband,light_gust,deadband_mps,2.0,on,5.15,0.00,0.00,-0.000,-0.000,-0.252,-0.489,0.066,0.96,0.79
deadband,light_gust,deadband_mps,2.0,on,5.20,0.00,0.00,-0.000,-0.000,-0.252,-0.489,0.066,0.96,0.79
deadband,light_gust,deadband_mps,2.0,on,5.25,0.02,0.01,-0.002,-0.002,-0.253,-0.489,0.067,0.97,0.80
deadband,light_gust,deadband_mps,2.0,on,5.30,0.03,0.02,-0.004,-0.003,-0.253,-0.488,0.067,0.97,0.80
deadband,light_gust,deadband_mps,2.0,on,5.35,0.04,0.03,-0.006,-0.004,-0.253,-0.488,0.066,0.98,0.81
deadband,light_gust,deadband_mps,2.0,on,5.40,0.05,0.03,-0.007,-0.005,-0.253,-0.487,0.066,0.98,0.82
deadband,light_gust,deadband_mps,2.0,on,5.45,0.04,0.03,-0.007,-0.005,-0.253,-0.486,0.066,0.99,0.83
deadband,light_gust,deadband_mps,2.0,on,5.50,0.04,0.03,-0.006,-0.004,-0.253,-0.486,0.065,1.00,0.84
deadband,light_gust,deadband_mps,2.0,on,5.55,0.02,0.02,-0.004,-0.003,-0.252,-0.485,0.065,1.01,0.85
deadband,light_gust,deadband_mps,2.0,on,5.60,0.00,0.00,-0.001,-0.001,-0.252,-0.484,0.064,1.02,0.86
deadband,light_gust,deadband_mps,2.0,on,5.65,0.00,0.00,-0.000,-0.000,-0.252,-0.483,0.064,1.03,0.87
deadband,light_gust,deadband_mps,2.0,on,5.70,0.00,0.00,-0.000,-0.000,-0.252,-0.482,0.063,1.04,0.88
deadband,light_gust,deadband_mps,2.0,on,5.75,0.00,0.00,-0.000,-0.000,-0.252,-0.481,0.063,1.04,0.89
deadband,light_gust,deadband_mps,2.0,on,5.80,0.00,0.00,-0.000,-0.000,-0.252,-0.480,0.062,1.04,0.89
deadband,light_gust,deadband_mps,2.0,on,5.85,0.00,0.00,-0.000,-0.000,-0.252,-0.478,0.062,1.03,0.90
deadband,light_gust,deadband_mps,2.0,on,5.90,0.00,0.00,-0.000,-0.000,-0.252,-0.477,0.061,1.03,0.90
deadband,light_gust,deadband_mps,2.0,on,5.95,0.00,0.00,-0.000,-0.000,-0.252,-0.475,0.061,1.03,0.91
deadband,light_gust,deadband_mps,2.0,on,6.00,0.00,0.00,-0.000,-0.000,-0.233,-0.446,0.039,1.17,1.05
deadband,light_gust,deadband_mps,2.0,on,6.05,0.00,0.00,-0.000,-0.000,-0.233,-0.446,0.039,1.17,1.05
deadband,light_gust,deadband_mps,2.0,on,6.10,0.00,0.00,-0.000,-0.000,-0.232,-0.446,0.038,1.18,1.04
deadband,light_gust,deadband_mps,2.0,on,6.15,0.00,0.00,-0.000,-0.000,-0.230,-0.446,0.036,1.19,1.03
deadband,light_gust,deadband_mps,2.0,on,6.20,0.00,0.00,-0.000,-0.000,-0.228,-0.446,0.035,1.19,1.02
deadband,light_gust,deadband_mps,2.0,on,6.25,0.00,0.00,-0.000,-0.000,-0.226,-0.446,0.033,1.19,1.00
deadband,light_gust,deadband_mps,2.0,on,6.30,0.00,0.00,-0.000,-0.000,-0.225,-0.446,0.032,1.19,0.99
deadband,light_gust,deadband_mps,2.0,on,6.35,0.00,0.00,-0.000,-0.000,-0.223,-0.446,0.030,1.20,0.97
deadband,light_gust,deadband_mps,2.0,on,6.40,0.00,0.00,-0.000,-0.000,-0.222,-0.447,0.028,1.20,0.96
deadband,light_gust,deadband_mps,2.0,on,6.45,0.00,0.00,-0.000,-0.000,-0.220,-0.447,0.026,1.21,0.95
deadband,light_gust,deadband_mps,2.0,on,6.50,0.00,0.00,-0.000,-0.000,-0.218,-0.447,0.025,1.23,0.94
deadband,light_gust,deadband_mps,2.0,on,6.55,0.00,0.00,-0.000,-0.000,-0.216,-0.448,0.022,1.24,0.93
deadband,light_gust,deadband_mps,2.0,on,6.60,0.00,0.00,-0.000,-0.000,-0.214,-0.448,0.021,1.26,0.92
deadband,light_gust,deadband_mps,2.0,on,6.65,0.00,0.00,-0.001,-0.000,-0.211,-0.448,0.018,1.28,0.91
deadband,light_gust,deadband_mps,2.0,on,6.70,0.04,0.03,-0.006,-0.004,-0.210,-0.448,0.017,1.31,0.91
deadband,light_gust,deadband_mps,2.0,on,6.75,0.09,0.05,-0.013,-0.008,-0.207,-0.447,0.015,1.34,0.91
deadband,light_gust,deadband_mps,2.0,on,6.80,0.14,0.08,-0.020,-0.012,-0.206,-0.447,0.014,1.38,0.91
deadband,light_gust,deadband_mps,2.0,on,6.85,0.19,0.11,-0.029,-0.017,-0.202,-0.446,0.012,1.41,0.92
deadband,light_gust,deadband_mps,2.0,on,6.90,0.25,0.15,-0.038,-0.022,-0.201,-0.445,0.012,1.45,0.93
deadband,light_gust,deadband_mps,2.0,on,6.95,0.32,0.18,-0.048,-0.028,-0.198,-0.444,0.012,1.50,0.95
deadband,light_gust,deadband_mps,2.0,on,7.00,0.34,0.20,-0.052,-0.030,-0.185,-0.433,0.025,1.77,1.28
deadband,light_gust,deadband_mps,2.0,on,7.05,0.35,0.21,-0.052,-0.031,-0.185,-0.433,0.025,1.77,1.28
deadband,light_gust,deadband_mps,2.0,on,7.10,0.34,0.20,-0.051,-0.030,-0.184,-0.434,0.024,1.76,1.26
deadband,light_gust,deadband_mps,2.0,on,7.15,0.32,0.19,-0.048,-0.029,-0.183,-0.437,0.022,1.75,1.24
deadband,light_gust,deadband_mps,2.0,on,7.20,0.30,0.18,-0.045,-0.027,-0.182,-0.439,0.021,1.74,1.21
deadband,light_gust,deadband_mps,2.0,on,7.25,0.28,0.17,-0.042,-0.025,-0.181,-0.442,0.019,1.74,1.18
deadband,light_gust,deadband_mps,2.0,on,7.30,0.26,0.16,-0.039,-0.024,-0.180,-0.444,0.019,1.74,1.14
deadband,light_gust,deadband_mps,2.0,on,7.35,0.24,0.15,-0.036,-0.022,-0.178,-0.447,0.019,1.75,1.11
deadband,light_gust,deadband_mps,2.0,on,7.40,0.23,0.14,-0.034,-0.021,-0.176,-0.448,0.020,1.76,1.07
deadband,light_gust,deadband_mps,2.0,on,7.45,0.22,0.14,-0.033,-0.020,-0.173,-0.451,0.022,1.77,1.04
deadband,light_gust,deadband_mps,2.0,on,7.50,0.22,0.13,-0.032,-0.020,-0.172,-0.452,0.023,1.79,1.00
deadband,light_gust,deadband_mps,2.0,on,7.55,0.21,0.13,-0.032,-0.019,-0.168,-0.454,0.026,1.81,0.98
deadband,light_gust,deadband_mps,2.0,on,7.60,0.22,0.13,-0.032,-0.020,-0.166,-0.456,0.029,1.84,0.96
deadband,light_gust,deadband_mps,2.0,on,7.65,0.22,0.13,-0.033,-0.020,-0.163,-0.458,0.032,1.87,0.94
deadband,light_gust,deadband_mps,2.0,on,7.70,0.22,0.13,-0.034,-0.020,-0.161,-0.459,0.034,1.91,0.93
deadband,light_gust,deadband_mps,2.0,on,7.75,0.24,0.14,-0.035,-0.021,-0.158,-0.460,0.037,1.95,0.92
deadband,light_gust,deadband_mps,2.0,on,7.80,0.26,0.16,-0.039,-0.023,-0.156,-0.461,0.039,2.00,0.92
deadband,light_gust,deadband_mps,2.0,on,7.85,0.28,0.17,-0.041,-0.026,-0.153,-0.461,0.042,2.05,0.92
deadband,light_gust,deadband_mps,2.0,on,7.90,0.30,0.19,-0.045,-0.028,-0.151,-0.461,0.044,2.10,0.92
deadband,light_gust,deadband_mps,2.0,on,7.95,0.33,0.21,-0.049,-0.031,-0.148,-0.460,0.047,2.15,0.94
deadband,light_gust,deadband_mps,2.0,on,8.00,0.35,0.23,-0.052,-0.034,-0.159,-0.431,0.044,2.37,1.58
deadband,light_gust,deadband_mps,2.0,on,8.05,0.36,0.25,-0.054,-0.037,-0.159,-0.431,0.044,2.37,1.58
deadband,light_gust,deadband_mps,2.0,on,8.10,0.37,0.27,-0.056,-0.040,-0.160,-0.430,0.043,2.35,1.60
deadband,light_gust,deadband_mps,2.0,on,8.15,0.38,0.28,-0.057,-0.042,-0.163,-0.427,0.043,2.33,1.62
deadband,light_gust,deadband_mps,2.0,on,8.20,0.40,0.30,-0.060,-0.046,-0.164,-0.426,0.042,2.32,1.64
deadband,light_gust,deadband_mps,2.0,on,8.25,0.42,0.33,-0.063,-0.049,-0.166,-0.424,0.043,2.31,1.67
deadband,light_gust,deadband_mps,2.0,on,8.30,0.43,0.35,-0.065,-0.053,-0.167,-0.422,0.043,2.31,1.69
deadband,light_gust,deadband_mps,2.0,on,8.35,0.45,0.37,-0.067,-0.056,-0.169,-0.420,0.044,2.31,1.72
deadband,light_gust,deadband_mps,2.0,on,8.40,0.47,0.39,-0.070,-0.059,-0.170,-0.418,0.045,2.32,1.75
deadband,light_gust,deadband_mps,2.0,on,8.45,0.48,0.41,-0.072,-0.062,-0.170,-0.416,0.046,2.33,1.78
deadband,light_gust,deadband_mps,2.0,on,8.50,0.49,0.42,-0.073,-0.064,-0.171,-0.415,0.047,2.35,1.81
deadband,light_gust,deadband_mps,2.0,on,8.55,0.50,0.43,-0.074,-0.065,-0.170,-0.414,0.048,2.37,1.83
deadband,light_gust,deadband_mps,2.0,on,8.60,0.50,0.43,-0.074,-0.065,-0.170,-0.413,0.049,2.40,1.85
deadband,light_gust,deadband_mps,2.0,on,8.65,0.49,0.43,-0.074,-0.064,-0.169,-0.412,0.050,2.43,1.87
deadband,light_gust,deadband_mps,2.0,on,8.70,0.48,0.42,-0.073,-0.063,-0.168,-0.412,0.051,2.46,1.88
deadband,light_gust,deadband_mps,2.0,on,8.75,0.47,0.41,-0.071,-0.061,-0.166,-0.412,0.051,2.49,1.88
deadband,light_gust,deadband_mps,2.0,on,8.80,0.45,0.39,-0.068,-0.058,-0.165,-0.413,0.052,2.52,1.87
deadband,light_gust,deadband_mps,2.0,on,8.85,0.43,0.36,-0.064,-0.054,-0.164,-0.413,0.052,2.55,1.86
deadband,light_gust,deadband_mps,2.0,on,8.90,0.40,0.33,-0.060,-0.050,-0.163,-0.414,0.052,2.58,1.83
deadband,light_gust,deadband_mps,2.0,on,8.95,0.36,0.30,-0.054,-0.045,-0.161,-0.415,0.052,2.59,1.80
deadband,light_gust,deadband_mps,2.0,on,9.00,0.32,0.26,-0.047,-0.039,-0.133,-0.417,0.073,2.81,1.56
deadband,light_gust,deadband_mps,2.0,on,9.05,0.27,0.22,-0.040,-0.033,-0.133,-0.417,0.073,2.81,1.56
deadband,light_gust,deadband_mps,2.0,on,9.10,0.22,0.18,-0.033,-0.027,-0.132,-0.417,0.073,2.82,1.57
deadband,light_gust,deadband_mps,2.0,on,9.15,0.17,0.14,-0.026,-0.021,-0.131,-0.416,0.074,2.83,1.58
deadband,light_gust,deadband_mps,2.0,on,9.20,0.13,0.10,-0.019,-0.015,-0.131,-0.416,0.075,2.83,1.59
deadband,light_gust,deadband_mps,2.0,on,9.25,0.08,0.07,-0.012,-0.010,-0.130,-0.416,0.076,2.83,1.59
deadband,light_gust,deadband_mps,2.0,on,9.30,0.04,0.03,-0.006,-0.005,-0.130,-0.416,0.076,2.81,1.58
deadband,light_gust,deadband_mps,2.0,on,9.35,0.00,0.00,-0.000,-0.000,-0.129,-0.417,0.076,2.78,1.57
deadband,light_gust,deadband_mps,2.0,on,9.40,0.00,0.00,-0.000,-0.000,-0.129,-0.417,0.076,2.74,1.55
deadband,light_gust,deadband_mps,2.0,on,9.45,0.00,0.00,-0.000,-0.000,-0.129,-0.418,0.076,2.70,1.53
deadband,light_gust,deadband_mps,2.0,on,9.50,0.00,0.00,-0.000,-0.000,-0.129,-0.418,0.075,2.66,1.51
deadband,light_gust,deadband_mps,2.0,on,9.55,0.00,0.00,-0.000,-0.000,-0.130,-0.419,0.074,2.61,1.48
deadband,light_gust,deadband_mps,2.0,on,9.60,0.00,0.00,-0.000,-0.000,-0.131,-0.420,0.073,2.57,1.46
deadband,light_gust,deadband_mps,2.0,on,9.65,0.00,0.00,-0.000,-0.000,-0.132,-0.421,0.071,2.53,1.44
deadband,light_gust,deadband_mps,2.0,on,9.70,0.00,0.00,-0.000,-0.000,-0.134,-0.421,0.070,2.49,1.42
deadband,light_gust,deadband_mps,2.0,on,9.75,0.00,0.00,-0.000,-0.000,-0.136,-0.422,0.068,2.46,1.41
deadband,light_gust,deadband_mps,2.0,on,9.80,0.00,0.00,-0.000,-0.000,-0.138,-0.422,0.066,2.43,1.40
deadband,light_gust,deadband_mps,2.0,on,9.85,0.00,0.00,-0.000,-0.000,-0.141,-0.423,0.063,2.39,1.40
deadband,light_gust,deadband_mps,2.0,on,9.90,0.00,0.00,-0.000,-0.000,-0.143,-0.423,0.061,2.36,1.39
deadband,light_gust,deadband_mps,2.0,on,9.95,0.00,0.00,-0.000,-0.000,-0.147,-0.424,0.057,2.32,1.39
deadband,light_gust,deadband_mps,2.0,on,10.00,0.00,0.00,-0.000,-0.000,-0.198,-0.439,0.017,1.75,1.31
deadband,light_gust,deadband_mps,2.0,on,10.05,0.00,0.00,-0.000,-0.000,-0.198,-0.439,0.017,1.75,1.31
deadband,light_gust,deadband_mps,2.0,on,10.10,0.00,0.00,-0.000,-0.000,-0.198,-0.440,0.016,1.77,1.29
deadband,light_gust,deadband_mps,2.0,on,10.15,0.00,0.00,-0.000,-0.000,-0.198,-0.442,0.014,1.79,1.28
deadband,light_gust,deadband_mps,2.0,on,10.20,0.00,0.00,-0.000,-0.000,-0.197,-0.442,0.013,1.81,1.27
deadband,light_gust,deadband_mps,2.0,on,10.25,0.00,0.00,-0.000,-0.000,-0.197,-0.445,0.011,1.83,1.26
deadband,light_gust,deadband_mps,2.0,on,10.30,0.00,0.00,-0.000,-0.000,-0.196,-0.446,0.010,1.85,1.25
deadband,light_gust,deadband_mps,2.0,on,10.35,0.00,0.00,-0.000,-0.000,-0.196,-0.448,0.007,1.87,1.23
deadband,light_gust,deadband_mps,2.0,on,10.40,0.00,0.00,-0.000,-0.000,-0.195,-0.450,0.006,1.89,1.21
deadband,light_gust,deadband_mps,2.0,on,10.45,0.00,0.00,-0.000,-0.000,-0.195,-0.453,0.002,1.90,1.19
deadband,light_gust,deadband_mps,2.0,on,10.50,0.00,0.00,-0.000,-0.000,-0.194,-0.455,0.001,1.91,1.17
deadband,light_gust,deadband_mps,2.0,on,10.55,0.00,0.00,-0.000,-0.000,-0.194,-0.458,0.003,1.91,1.13
deadband,light_gust,deadband_mps,2.0,on,10.60,0.00,0.00,-0.000,-0.000,-0.193,-0.460,0.005,1.91,1.11
deadband,light_gust,deadband_mps,2.0,on,10.65,0.00,0.00,-0.000,-0.000,-0.193,-0.464,0.009,1.90,1.07
deadband,light_gust,deadband_mps,2.0,on,10.70,0.00,0.00,-0.000,-0.000,-0.193,-0.466,0.011,1.89,1.04
deadband,light_gust,deadband_mps,2.0,on,10.75,0.00,0.00,-0.000,-0.000,-0.193,-0.470,0.014,1.87,1.00
deadband,light_gust,deadband_mps,2.0,on,10.80,0.00,0.00,-0.000,-0.000,-0.194,-0.471,0.016,1.85,0.96
deadband,light_gust,deadband_mps,2.0,on,10.85,0.00,0.00,-0.000,-0.000,-0.195,-0.476,0.020,1.83,0.93
deadband,light_gust,deadband_mps,2.0,on,10.90,0.00,0.00,-0.000,-0.000,-0.195,-0.478,0.022,1.80,0.90
deadband,light_gust,deadband_mps,2.0,on,10.95,0.00,0.00,-0.000,-0.000,-0.197,-0.481,0.026,1.76,0.86
deadband,light_gust,deadband_mps,2.0,on,11.00,0.00,0.00,-0.000,-0.000,-0.271,-0.517,0.098,0.76,0.72
deadband,light_gust,deadband_mps,2.0,on,11.05,0.00,0.00,-0.000,-0.000,-0.271,-0.517,0.098,0.76,0.72
deadband,light_gust,deadband_mps,2.0,on,11.10,0.00,0.00,-0.000,-0.000,-0.273,-0.518,0.100,0.74,0.73
deadband,light_gust,deadband_mps,2.0,on,11.15,0.00,0.00,-0.000,-0.000,-0.277,-0.519,0.104,0.72,0.74
deadband,light_gust,deadband_mps,2.0,on,11.20,0.00,0.00,-0.000,-0.000,-0.279,-0.519,0.105,0.70,0.74
deadband,light_gust,deadband_mps,2.0,on,11.25,0.00,0.00,-0.000,-0.000,-0.282,-0.521,0.109,0.68,0.74
deadband,light_gust,deadband_mps,2.0,on,11.30,0.00,0.00,-0.000,-0.000,-0.284,-0.521,0.111,0.67,0.74
deadband,light_gust,deadband_mps,2.0,on,11.35,0.00,0.00,-0.000,-0.000,-0.286,-0.523,0.114,0.65,0.74
deadband,light_gust,deadband_mps,2.0,on,11.40,0.00,0.00,-0.000,-0.000,-0.287,-0.523,0.115,0.65,0.73
deadband,light_gust,deadband_mps,2.0,on,11.45,0.00,0.00,-0.000,-0.000,-0.289,-0.524,0.117,0.64,0.73
deadband,light_gust,deadband_mps,2.0,on,11.50,0.00,0.00,-0.000,-0.000,-0.290,-0.525,0.117,0.64,0.72
deadband,light_gust,deadband_mps,2.0,on,11.55,0.00,0.00,-0.000,-0.000,-0.290,-0.525,0.118,0.64,0.72
deadband,light_gust,deadband_mps,2.0,on,11.60,0.00,0.00,-0.000,-0.000,-0.290,-0.525,0.118,0.65,0.71
deadband,light_gust,deadband_mps,2.0,on,11.65,0.00,0.00,-0.000,-0.000,-0.290,-0.525,0.118,0.66,0.71
deadband,light_gust,deadband_mps,2.0,on,11.70,0.00,0.00,-0.000,-0.000,-0.290,-0.525,0.118,0.68,0.70
deadband,light_gust,deadband_mps,2.0,on,11.75,0.00,0.00,-0.000,-0.000,-0.290,-0.525,0.118,0.70,0.70
deadband,light_gust,deadband_mps,2.0,on,11.80,0.00,0.00,-0.000,-0.000,-0.290,-0.524,0.117,0.72,0.70
deadband,light_gust,deadband_mps,2.0,on,11.85,0.00,0.00,-0.000,-0.000,-0.289,-0.523,0.116,0.74,0.71
deadband,light_gust,deadband_mps,2.0,on,11.90,0.00,0.00,-0.000,-0.000,-0.288,-0.522,0.115,0.76,0.71
deadband,light_gust,deadband_mps,2.0,on,11.95,0.00,0.00,-0.000,-0.000,-0.287,-0.520,0.113,0.78,0.72
deadband,light_gust,deadband_mps,2.0,on,12.00,0.00,0.00,-0.000,-0.000,-0.265,-0.459,0.071,1.08,1.19
deadband,light_gust,deadband_mps,2.0,on,12.05,0.00,0.00,-0.000,-0.000,-0.265,-0.459,0.071,1.08,1.19
deadband,light_gust,deadband_mps,2.0,on,12.10,0.00,0.00,-0.000,-0.000,-0.264,-0.457,0.069,1.09,1.19
deadband,light_gust,deadband_mps,2.0,on,12.15,0.00,0.00,-0.000,-0.000,-0.260,-0.454,0.065,1.10,1.19
deadband,light_gust,deadband_mps,2.0,on,12.20,0.00,0.00,-0.000,-0.000,-0.258,-0.453,0.064,1.12,1.19
deadband,light_gust,deadband_mps,2.0,on,12.25,0.02,0.01,-0.002,-0.002,-0.254,-0.450,0.059,1.13,1.19
deadband,light_gust,deadband_mps,2.0,on,12.30,0.05,0.04,-0.008,-0.006,-0.252,-0.448,0.057,1.16,1.18
deadband,light_gust,deadband_mps,2.0,on,12.35,0.09,0.07,-0.014,-0.010,-0.247,-0.446,0.053,1.18,1.18
deadband,light_gust,deadband_mps,2.0,on,12.40,0.14,0.10,-0.020,-0.015,-0.245,-0.445,0.052,1.22,1.17
deadband,light_gust,deadband_mps,2.0,on,12.45,0.18,0.12,-0.027,-0.018,-0.240,-0.442,0.048,1.26,1.17
deadband,light_gust,deadband_mps,2.0,on,12.50,0.22,0.15,-0.034,-0.022,-0.238,-0.441,0.046,1.30,1.17
deadband,light_gust,deadband_mps,2.0,on,12.55,0.27,0.17,-0.041,-0.026,-0.234,-0.438,0.043,1.36,1.18
deadband,light_gust,deadband_mps,2.0,on,12.60,0.32,0.20,-0.048,-0.029,-0.232,-0.437,0.042,1.42,1.19
deadband,light_gust,deadband_mps,2.0,on,12.65,0.37,0.22,-0.055,-0.033,-0.227,-0.434,0.039,1.49,1.20
deadband,light_gust,deadband_mps,2.0,on,12.70,0.42,0.24,-0.064,-0.037,-0.225,-0.433,0.038,1.56,1.22
deadband,light_gust,deadband_mps,2.0,on,12.75,0.48,0.27,-0.071,-0.040,-0.221,-0.430,0.037,1.64,1.24
deadband,light_gust,deadband_mps,2.0,on,12.80,0.53,0.29,-0.079,-0.044,-0.220,-0.429,0.036,1.70,1.26
deadband,light_gust,deadband_mps,2.0,on,12.85,0.58,0.31,-0.087,-0.047,-0.216,-0.427,0.035,1.77,1.27
deadband,light_gust,deadband_mps,2.0,on,12.90,0.63,0.34,-0.094,-0.051,-0.215,-0.426,0.035,1.84,1.29
deadband,light_gust,deadband_mps,2.0,on,12.95,0.68,0.36,-0.102,-0.054,-0.212,-0.425,0.035,1.90,1.31
deadband,light_gust,deadband_mps,2.0,on,13.00,0.67,0.35,-0.100,-0.053,-0.175,-0.484,0.034,1.99,0.71
deadband,light_gust,deadband_mps,2.0,on,13.05,0.64,0.34,-0.096,-0.051,-0.175,-0.484,0.034,1.99,0.71
deadband,light_gust,deadband_mps,2.0,on,13.10,0.60,0.32,-0.090,-0.047,-0.175,-0.485,0.036,1.99,0.69
deadband,light_gust,deadband_mps,2.0,on,13.15,0.56,0.29,-0.085,-0.044,-0.175,-0.489,0.039,1.97,0.67
deadband,light_gust,deadband_mps,2.0,on,13.20,0.53,0.27,-0.079,-0.041,-0.175,-0.490,0.040,1.96,0.65
deadband,light_gust,deadband_mps,2.0,on,13.25,0.50,0.25,-0.075,-0.038,-0.175,-0.493,0.043,1.93,0.64
deadband,light_gust,deadband_mps,2.0,on,13.30,0.47,0.24,-0.070,-0.035,-0.175,-0.494,0.043,1.90,0.63
deadband,light_gust,deadband_mps,2.0,on,13.35,0.43,0.22,-0.065,-0.033,-0.175,-0.496,0.045,1.87,0.63
deadband,light_gust,deadband_mps,2.0,on,13.40,0.41,0.20,-0.061,-0.031,-0.175,-0.496,0.045,1.84,0.63
deadband,light_gust,deadband_mps,2.0,on,13.45,0.38,0.19,-0.057,-0.029,-0.176,-0.497,0.046,1.80,0.64
deadband,light_gust,deadband_mps,2.0,on,13.50,0.35,0.18,-0.053,-0.027,-0.177,-0.497,0.046,1.78,0.64
deadband,light_gust,deadband_mps,2.0,on,13.55,0.33,0.17,-0.049,-0.026,-0.177,-0.497,0.045,1.75,0.66
deadband,light_gust,deadband_mps,2.0,on,13.60,0.31,0.17,-0.046,-0.025,-0.178,-0.497,0.045,1.73,0.69
deadband,light_gust,deadband_mps,2.0,on,13.65,0.29,0.16,-0.043,-0.024,-0.179,-0.496,0.043,1.72,0.72
deadband,light_gust,deadband_mps,2.0,on,13.70,0.27,0.16,-0.040,-0.023,-0.180,-0.495,0.042,1.71,0.75
deadband,light_gust,deadband_mps,2.0,on,13.75,0.25,0.16,-0.038,-0.023,-0.181,-0.493,0.040,1.71,0.79
deadband,light_gust,deadband_mps,2.0,on,13.80,0.25,0.16,-0.037,-0.024,-0.182,-0.492,0.039,1.71,0.84
deadband,light_gust,deadband_mps,2.0,on,13.85,0.24,0.17,-0.036,-0.025,-0.184,-0.488,0.035,1.71,0.89
deadband,light_gust,deadband_mps,2.0,on,13.90,0.25,0.18,-0.037,-0.027,-0.185,-0.486,0.033,1.71,0.94
deadband,light_gust,deadband_mps,2.0,on,13.95,0.27,0.20,-0.040,-0.031,-0.186,-0.483,0.029,1.72,1.00
deadband,light_gust,deadband_mps,2.0,on,14.00,0.31,0.24,-0.046,-0.036,-0.176,-0.414,0.045,2.45,1.80
deadband,light_gust,deadband_mps,2.0,on,14.05,0.35,0.28,-0.053,-0.042,-0.176,-0.414,0.045,2.45,1.80
deadband,light_gust,deadband_mps,2.0,on,14.10,0.40,0.31,-0.061,-0.047,-0.176,-0.413,0.047,2.46,1.81
deadband,light_gust,deadband_mps,2.0,on,14.15,0.46,0.35,-0.069,-0.053,-0.175,-0.410,0.050,2.48,1.82
deadband,light_gust,deadband_mps,2.0,on,14.20,0.51,0.38,-0.076,-0.057,-0.174,-0.409,0.051,2.50,1.83
deadband,light_gust,deadband_mps,2.0,on,14.25,0.55,0.41,-0.082,-0.061,-0.173,-0.407,0.053,2.52,1.84
deadband,light_gust,deadband_mps,2.0,on,14.30,0.58,0.43,-0.088,-0.064,-0.173,-0.406,0.054,2.55,1.86
deadband,light_gust,deadband_mps,2.0,on,14.35,0.61,0.44,-0.092,-0.066,-0.172,-0.404,0.056,2.60,1.87
deadband,light_gust,deadband_mps,2.0,on,14.40,0.64,0.45,-0.096,-0.068,-0.171,-0.404,0.057,2.64,1.88
deadband,light_gust,deadband_mps,2.0,on,14.45,0.66,0.46,-0.100,-0.069,-0.170,-0.403,0.058,2.68,1.89
deadband,light_gust,deadband_mps,2.0,on,14.50,0.68,0.46,-0.103,-0.070,-0.170,-0.402,0.059,2.72,1.90
deadband,light_gust,deadband_mps,2.0,on,14.55,0.70,0.47,-0.106,-0.070,-0.169,-0.402,0.060,2.75,1.90
deadband,light_gust,deadband_mps,2.0,on,14.60,0.72,0.47,-0.108,-0.070,-0.168,-0.401,0.060,2.78,1.89
deadband,light_gust,deadband_mps,2.0,on,14.65,0.73,0.47,-0.110,-0.070,-0.167,-0.401,0.061,2.81,1.88
deadband,light_gust,deadband_mps,2.0,on,14.70,0.75,0.47,-0.113,-0.070,-0.166,-0.400,0.062,2.82,1.87
deadband,light_gust,deadband_mps,2.0,on,14.75,0.76,0.47,-0.114,-0.070,-0.165,-0.400,0.062,2.84,1.86
deadband,light_gust,deadband_mps,2.0,on,14.80,0.77,0.47,-0.116,-0.070,-0.165,-0.400,0.063,2.85,1.84
deadband,light_gust,deadband_mps,2.0,on,14.85,0.78,0.46,-0.117,-0.070,-0.164,-0.401,0.063,2.85,1.82
deadband,light_gust,deadband_mps,2.0,on,14.90,0.79,0.46,-0.118,-0.070,-0.163,-0.401,0.063,2.86,1.81
deadband,light_gust,deadband_mps,2.0,on,14.95,0.79,0.46,-0.118,-0.070,-0.163,-0.402,0.062,2.86,1.78
deadband,light_gust,deadband_mps,2.0,on,15.00,0.76,0.44,-0.113,-0.067,-0.154,-0.417,0.056,2.72,1.58
deadband,light_gust,deadband_mps,2.0,on,15.05,0.71,0.42,-0.106,-0.063,-0.154,-0.417,0.056,2.72,1.58
deadband,light_gust,deadband_mps,2.0,on,15.10,0.64,0.38,-0.097,-0.058,-0.152,-0.418,0.057,2.73,1.57
deadband,light_gust,deadband_mps,2.0,on,15.15,0.58,0.35,-0.087,-0.052,-0.150,-0.419,0.057,2.74,1.56
deadband,light_gust,deadband_mps,2.0,on,15.20,0.51,0.31,-0.077,-0.047,-0.149,-0.420,0.058,2.76,1.55
deadband,light_gust,deadband_mps,2.0,on,15.25,0.44,0.27,-0.066,-0.041,-0.147,-0.422,0.058,2.76,1.54
deadband,light_gust,deadband_mps,2.0,on,15.30,0.37,0.23,-0.056,-0.035,-0.146,-0.423,0.058,2.76,1.52
deadband,light_gust,deadband_mps,2.0,on,15.35,0.31,0.19,-0.046,-0.029,-0.145,-0.425,0.059,2.74,1.50
deadband,light_gust,deadband_mps,2.0,on,15.40,0.25,0.16,-0.037,-0.024,-0.144,-0.427,0.058,2.71,1.48
deadband,light_gust,deadband_mps,2.0,on,15.45,0.19,0.12,-0.028,-0.018,-0.143,-0.430,0.058,2.67,1.45
deadband,light_gust,deadband_mps,2.0,on,15.50,0.13,0.09,-0.020,-0.013,-0.142,-0.432,0.057,2.62,1.41
deadband,light_gust,deadband_mps,2.0,on,15.55,0.08,0.05,-0.012,-0.008,-0.142,-0.436,0.056,2.57,1.37
deadband,light_gust,deadband_mps,2.0,on,15.60,0.04,0.03,-0.006,-0.004,-0.142,-0.438,0.056,2.51,1.33
deadband,light_gust,deadband_mps,2.0,on,15.65,0.00,0.00,-0.000,-0.000,-0.141,-0.443,0.055,2.45,1.29
deadband,light_gust,deadband_mps,2.0,on,15.70,0.00,0.00,-0.000,-0.000,-0.141,-0.446,0.055,2.38,1.24
deadband,light_gust,deadband_mps,2.0,on,15.75,0.00,0.00,-0.000,-0.000,-0.141,-0.451,0.054,2.32,1.19
deadband,light_gust,deadband_mps,2.0,on,15.80,0.00,0.00,-0.000,-0.000,-0.140,-0.454,0.055,2.26,1.13
deadband,light_gust,deadband_mps,2.0,on,15.85,0.00,0.00,-0.000,-0.000,-0.139,-0.460,0.056,2.21,1.08
deadband,light_gust,deadband_mps,2.0,on,15.90,0.00,0.00,-0.000,-0.000,-0.139,-0.462,0.056,2.17,1.03
deadband,light_gust,deadband_mps,2.0,on,15.95,0.00,0.00,-0.000,-0.000,-0.138,-0.468,0.058,2.15,0.99
deadband,light_gust,deadband_mps,2.0,on,16.00,0.00,0.00,-0.000,-0.000,-0.196,-0.518,0.063,1.59,0.82
deadband,light_gust,deadband_mps,2.0,on,16.05,0.00,0.00,-0.000,-0.000,-0.196,-0.518,0.063,1.59,0.82
deadband,light_gust,deadband_mps,2.0,on,16.10,0.01,0.01,-0.002,-0.002,-0.199,-0.518,0.062,1.54,0.85
deadband,light_gust,deadband_mps,2.0,on,16.15,0.05,0.04,-0.008,-0.006,-0.205,-0.516,0.061,1.49,0.89
deadband,light_gust,deadband_mps,2.0,on,16.20,0.10,0.08,-0.015,-0.012,-0.208,-0.515,0.061,1.44,0.93
deadband,light_gust,deadband_mps,2.0,on,16.25,0.15,0.13,-0.022,-0.019,-0.214,-0.511,0.059,1.41,0.97
deadband,light_gust,deadband_mps,2.0,on,16.30,0.20,0.18,-0.030,-0.028,-0.217,-0.510,0.059,1.39,1.01
deadband,light_gust,deadband_mps,2.0,on,16.35,0.25,0.24,-0.037,-0.036,-0.222,-0.506,0.058,1.37,1.06
deadband,light_gust,deadband_mps,2.0,on,16.40,0.29,0.30,-0.044,-0.045,-0.225,-0.504,0.057,1.37,1.11
deadband,light_gust,deadband_mps,2.0,on,16.45,0.34,0.37,-0.051,-0.055,-0.230,-0.500,0.057,1.38,1.17
deadband,light_gust,deadband_mps,2.0,on,16.50,0.38,0.42,-0.057,-0.063,-0.232,-0.498,0.057,1.40,1.23
deadband,light_gust,deadband_mps,2.0,on,16.55,0.41,0.47,-0.062,-0.071,-0.235,-0.495,0.056,1.42,1.30
deadband,light_gust,deadband_mps,2.0,on,16.60,0.43,0.50,-0.065,-0.076,-0.237,-0.493,0.056,1.45,1.35
deadband,light_gust,deadband_mps,2.0,on,16.65,0.45,0.53,-0.068,-0.079,-0.240,-0.489,0.056,1.48,1.41
deadband,light_gust,deadband_mps,2.0,on,16.70,0.47,0.55,-0.071,-0.082,-0.241,-0.488,0.056,1.51,1.46
deadband,light_gust,deadband_mps,2.0,on,16.75,0.48,0.55,-0.072,-0.083,-0.243,-0.485,0.056,1.54,1.51
deadband,light_gust,deadband_mps,2.0,on,16.80,0.49,0.54,-0.073,-0.081,-0.244,-0.483,0.056,1.56,1.54
deadband,light_gust,deadband_mps,2.0,on,16.85,0.49,0.53,-0.074,-0.079,-0.245,-0.481,0.057,1.58,1.57
deadband,light_gust,deadband_mps,2.0,on,16.90,0.49,0.50,-0.074,-0.075,-0.246,-0.480,0.057,1.59,1.58
deadband,light_gust,deadband_mps,2.0,on,16.95,0.48,0.47,-0.072,-0.070,-0.247,-0.479,0.058,1.60,1.58
deadband,light_gust,deadband_mps,2.0,on,17.00,0.46,0.42,-0.069,-0.063,-0.280,-0.485,0.090,1.00,0.98
deadband,light_gust,deadband_mps,2.0,on,17.05,0.43,0.37,-0.064,-0.055,-0.280,-0.485,0.090,1.00,0.98
deadband,light_gust,deadband_mps,2.0,on,17.10,0.39,0.32,-0.058,-0.047,-0.280,-0.485,0.090,1.00,0.98
deadband,light_gust,deadband_mps,2.0,on,17.15,0.35,0.26,-0.052,-0.040,-0.281,-0.486,0.091,1.00,0.98
deadband,light_gust,deadband_mps,2.0,on,17.20,0.29,0.21,-0.044,-0.032,-0.281,-0.486,0.092,1.00,0.98
deadband,light_gust,deadband_mps,2.0,on,17.25,0.23,0.16,-0.035,-0.024,-0.282,-0.487,0.092,1.00,0.96
deadband,light_gust,deadband_mps,2.0,on,17.30,0.17,0.12,-0.026,-0.017,-0.282,-0.487,0.093,0.98,0.93
deadband,light_gust,deadband_mps,2.0,on,17.35,0.12,0.08,-0.017,-0.011,-0.283,-0.488,0.094,0.96,0.89
deadband,light_gust,deadband_mps,2.0,on,17.40,0.05,0.03,-0.008,-0.005,-0.283,-0.488,0.094,0.93,0.85
deadband,light_gust,deadband_mps,2.0,on,17.45,0.00,0.00,-0.000,-0.000,-0.282,-0.489,0.094,0.88,0.82
deadband,light_gust,deadband_mps,2.0,on,17.50,0.00,0.00,-0.000,-0.000,-0.282,-0.490,0.094,0.84,0.78
deadband,light_gust,deadband_mps,2.0,on,17.55,0.00,0.00,-0.000,-0.000,-0.281,-0.490,0.093,0.80,0.74
deadband,light_gust,deadband_mps,2.0,on,17.60,0.00,0.00,-0.000,-0.000,-0.281,-0.490,0.092,0.76,0.71
deadband,light_gust,deadband_mps,2.0,on,17.65,0.00,0.00,-0.000,-0.000,-0.279,-0.489,0.091,0.72,0.69
deadband,light_gust,deadband_mps,2.0,on,17.70,0.00,0.00,-0.000,-0.000,-0.278,-0.489,0.090,0.70,0.68
deadband,light_gust,deadband_mps,2.0,on,17.75,0.00,0.00,-0.000,-0.000,-0.276,-0.488,0.088,0.70,0.67
deadband,light_gust,deadband_mps,2.0,on,17.80,0.00,0.00,-0.000,-0.000,-0.275,-0.487,0.087,0.70,0.68
deadband,light_gust,deadband_mps,2.0,on,17.85,0.00,0.00,-0.000,-0.000,-0.273,-0.485,0.083,0.72,0.69
deadband,light_gust,deadband_mps,2.0,on,17.90,0.00,0.00,-0.000,-0.000,-0.271,-0.483,0.081,0.76,0.70
deadband,light_gust,deadband_mps,2.0,on,17.95,0.00,0.00,-0.000,-0.000,-0.268,-0.480,0.078,0.80,0.73
gain,default_fixed,baseline_off,0.0,off,0.00,0.00,0.00,0.000,0.000,-0.248,-0.466,0.010,0.67,0.62
gain,default_fixed,baseline_off,0.0,off,0.05,0.00,0.00,0.000,0.000,-0.248,-0.466,0.010,0.67,0.62
gain,default_fixed,baseline_off,0.0,off,0.10,0.00,0.00,0.000,0.000,-0.251,-0.468,0.007,0.62,0.61
gain,default_fixed,baseline_off,0.0,off,0.15,0.00,0.00,0.000,0.000,-0.252,-0.469,0.006,0.56,0.58
gain,default_fixed,baseline_off,0.0,off,0.20,0.00,0.00,0.000,0.000,-0.254,-0.472,0.004,0.52,0.55
gain,default_fixed,baseline_off,0.0,off,0.25,0.00,0.00,0.000,0.000,-0.256,-0.473,0.005,0.46,0.51
gain,default_fixed,baseline_off,0.0,off,0.30,0.00,0.00,0.000,0.000,-0.257,-0.475,0.006,0.42,0.48
gain,default_fixed,baseline_off,0.0,off,0.35,0.00,0.00,0.000,0.000,-0.258,-0.476,0.007,0.37,0.46
gain,default_fixed,baseline_off,0.0,off,0.40,0.00,0.00,0.000,0.000,-0.260,-0.477,0.008,0.35,0.45
gain,default_fixed,baseline_off,0.0,off,0.45,0.00,0.00,0.000,0.000,-0.260,-0.477,0.009,0.34,0.45
gain,default_fixed,baseline_off,0.0,off,0.50,0.00,0.00,0.000,0.000,-0.261,-0.477,0.009,0.34,0.46
gain,default_fixed,baseline_off,0.0,off,0.55,0.00,0.00,0.000,0.000,-0.260,-0.477,0.009,0.37,0.50
gain,default_fixed,baseline_off,0.0,off,0.60,0.00,0.00,0.000,0.000,-0.259,-0.475,0.008,0.40,0.54
gain,default_fixed,baseline_off,0.0,off,0.65,0.00,0.00,0.000,0.000,-0.259,-0.474,0.007,0.46,0.61
gain,default_fixed,baseline_off,0.0,off,0.70,0.00,0.00,0.000,0.000,-0.257,-0.471,0.007,0.52,0.66
gain,default_fixed,baseline_off,0.0,off,0.75,0.00,0.00,0.000,0.000,-0.255,-0.468,0.008,0.60,0.74
gain,default_fixed,baseline_off,0.0,off,0.80,0.00,0.00,0.000,0.000,-0.252,-0.463,0.012,0.69,0.82
gain,default_fixed,baseline_off,0.0,off,0.85,0.00,0.00,0.000,0.000,-0.250,-0.460,0.015,0.82,0.94
gain,default_fixed,baseline_off,0.0,off,0.90,0.00,0.00,0.000,0.000,-0.246,-0.453,0.023,0.91,1.02
gain,default_fixed,baseline_off,0.0,off,0.95,0.00,0.00,0.000,0.000,-0.243,-0.450,0.027,1.05,1.16
gain,default_fixed,baseline_off,0.0,off,1.00,0.00,0.00,0.000,0.000,-0.148,-0.277,0.224,3.38,3.29
gain,default_fixed,baseline_off,0.0,off,1.05,0.00,0.00,0.000,0.000,-0.148,-0.277,0.224,3.38,3.29
gain,default_fixed,baseline_off,0.0,off,1.10,0.00,0.00,0.000,0.000,-0.142,-0.269,0.233,3.42,3.32
gain,default_fixed,baseline_off,0.0,off,1.15,0.00,0.00,0.000,0.000,-0.140,-0.265,0.238,3.49,3.35
gain,default_fixed,baseline_off,0.0,off,1.20,0.00,0.00,0.000,0.000,-0.134,-0.258,0.247,3.53,3.37
gain,default_fixed,baseline_off,0.0,off,1.25,0.00,0.00,0.000,0.000,-0.131,-0.255,0.251,3.59,3.39
gain,default_fixed,baseline_off,0.0,off,1.30,0.00,0.00,0.000,0.000,-0.126,-0.249,0.258,3.63,3.39
gain,default_fixed,baseline_off,0.0,off,1.35,0.00,0.00,0.000,0.000,-0.123,-0.247,0.262,3.68,3.40
gain,default_fixed,baseline_off,0.0,off,1.40,0.00,0.00,0.000,0.000,-0.117,-0.243,0.268,3.72,3.40
gain,default_fixed,baseline_off,0.0,off,1.45,0.00,0.00,0.000,0.000,-0.115,-0.241,0.271,3.77,3.39
gain,default_fixed,baseline_off,0.0,off,1.50,0.00,0.00,0.000,0.000,-0.110,-0.239,0.275,3.80,3.38
gain,default_fixed,baseline_off,0.0,off,1.55,0.00,0.00,0.000,0.000,-0.107,-0.238,0.278,3.84,3.36
gain,default_fixed,baseline_off,0.0,off,1.60,0.00,0.00,0.000,0.000,-0.101,-0.237,0.282,3.87,3.34
gain,default_fixed,baseline_off,0.0,off,1.65,0.00,0.00,0.000,0.000,-0.098,-0.237,0.283,3.91,3.31
gain,default_fixed,baseline_off,0.0,off,1.70,0.00,0.00,0.000,0.000,-0.093,-0.237,0.286,3.93,3.28
gain,default_fixed,baseline_off,0.0,off,1.75,0.00,0.00,0.000,0.000,-0.090,-0.237,0.287,3.97,3.23
gain,default_fixed,baseline_off,0.0,off,1.80,0.00,0.00,0.000,0.000,-0.084,-0.240,0.289,3.99,3.20
gain,default_fixed,baseline_off,0.0,off,1.85,0.00,0.00,0.000,0.000,-0.081,-0.241,0.290,4.02,3.14
gain,default_fixed,baseline_off,0.0,off,1.90,0.00,0.00,0.000,0.000,-0.076,-0.243,0.291,4.05,3.10
gain,default_fixed,baseline_off,0.0,off,1.95,0.00,0.00,0.000,0.000,-0.073,-0.245,0.291,4.08,3.03
gain,default_fixed,baseline_off,0.0,off,2.00,0.00,0.00,0.000,0.000,-0.020,-0.340,0.268,4.21,2.09
gain,default_fixed,baseline_off,0.0,off,2.05,0.00,0.00,0.000,0.000,-0.020,-0.340,0.268,4.21,2.09
gain,default_fixed,baseline_off,0.0,off,2.10,0.00,0.00,0.000,0.000,-0.020,-0.347,0.265,4.19,2.07
gain,default_fixed,baseline_off,0.0,off,2.15,0.00,0.00,0.000,0.000,-0.020,-0.350,0.263,4.17,2.05
gain,default_fixed,baseline_off,0.0,off,2.20,0.00,0.00,0.000,0.000,-0.021,-0.358,0.259,4.15,2.02
gain,default_fixed,baseline_off,0.0,off,2.25,0.00,0.00,0.000,0.000,-0.021,-0.361,0.257,4.14,2.00
gain,default_fixed,baseline_off,0.0,off,2.30,0.00,0.00,0.000,0.000,-0.022,-0.369,0.253,4.12,1.98
gain,default_fixed,baseline_off,0.0,off,2.35,0.00,0.00,0.000,0.000,-0.023,-0.372,0.251,4.10,1.96
gain,default_fixed,baseline_off,0.0,off,2.40,0.00,0.00,0.000,0.000,-0.025,-0.381,0.246,4.08,1.94
gain,default_fixed,baseline_off,0.0,off,2.45,0.00,0.00,0.000,0.000,-0.026,-0.385,0.243,4.06,1.92
gain,default_fixed,baseline_off,0.0,off,2.50,0.00,0.00,0.000,0.000,-0.028,-0.393,0.239,4.04,1.90
gain,default_fixed,baseline_off,0.0,off,2.55,0.00,0.00,0.000,0.000,-0.029,-0.397,0.236,4.01,1.87
gain,default_fixed,baseline_off,0.0,off,2.60,0.00,0.00,0.000,0.000,-0.032,-0.406,0.230,3.99,1.85
gain,default_fixed,baseline_off,0.0,off,2.65,0.00,0.00,0.000,0.000,-0.034,-0.411,0.227,3.97,1.82
gain,default_fixed,baseline_off,0.0,off,2.70,0.00,0.00,0.000,0.000,-0.038,-0.419,0.221,3.94,1.79
gain,default_fixed,baseline_off,0.0,off,2.75,0.00,0.00,0.000,0.000,-0.040,-0.423,0.218,3.91,1.76
gain,default_fixed,baseline_off,0.0,off,2.80,0.00,0.00,0.000,0.000,-0.046,-0.432,0.210,3.88,1.73
gain,default_fixed,baseline_off,0.0,off,2.85,0.00,0.00,0.000,0.000,-0.048,-0.436,0.207,3.84,1.70
gain,default_fixed,baseline_off,0.0,off,2.90,0.00,0.00,0.000,0.000,-0.054,-0.444,0.200,3.80,1.68
gain,default_fixed,baseline_off,0.0,off,2.95,0.00,0.00,0.000,0.000,-0.058,-0.448,0.196,3.76,1.66
gain,default_fixed,baseline_off,0.0,off,3.00,0.00,0.00,0.000,0.000,-0.184,-0.500,0.072,3.01,1.96
gain,default_fixed,baseline_off,0.0,off,3.05,0.00,0.00,0.000,0.000,-0.184,-0.500,0.072,3.01,1.96
gain,default_fixed,baseline_off,0.0,off,3.10,0.00,0.00,0.000,0.000,-0.192,-0.495,0.063,2.99,2.03
gain,default_fixed,baseline_off,0.0,off,3.15,0.00,0.00,0.000,0.000,-0.196,-0.492,0.058,2.98,2.09
gain,default_fixed,baseline_off,0.0,off,3.20,0.00,0.00,0.000,0.000,-0.205,-0.485,0.048,2.97,2.18
gain,default_fixed,baseline_off,0.0,off,3.25,0.00,0.00,0.000,0.000,-0.208,-0.482,0.044,2.96,2.24
gain,default_fixed,baseline_off,0.0,off,3.30,0.00,0.00,0.000,0.000,-0.215,-0.474,0.036,2.95,2.33
gain,default_fixed,baseline_off,0.0,off,3.35,0.00,0.00,0.000,0.000,-0.219,-0.470,0.033,2.94,2.40
gain,default_fixed,baseline_off,0.0,off,3.40,0.00,0.00,0.000,0.000,-0.226,-0.461,0.029,2.94,2.50
gain,default_fixed,baseline_off,0.0,off,3.45,0.00,0.00,0.000,0.000,-0.229,-0.456,0.029,2.94,2.56
gain,default_fixed,baseline_off,0.0,off,3.50,0.00,0.00,0.000,0.000,-0.235,-0.447,0.032,2.94,2.66
gain,default_fixed,baseline_off,0.0,off,3.55,0.00,0.00,0.000,0.000,-0.238,-0.443,0.035,2.95,2.73
gain,default_fixed,baseline_off,0.0,off,3.60,0.00,0.00,0.000,0.000,-0.244,-0.432,0.044,2.96,2.82
gain,default_fixed,baseline_off,0.0,off,3.65,0.00,0.00,0.000,0.000,-0.246,-0.427,0.048,2.97,2.89
gain,default_fixed,baseline_off,0.0,off,3.70,0.00,0.00,0.000,0.000,-0.251,-0.418,0.057,2.99,2.98
gain,default_fixed,baseline_off,0.0,off,3.75,0.00,0.00,0.000,0.000,-0.254,-0.413,0.062,3.00,3.03
gain,default_fixed,baseline_off,0.0,off,3.80,0.00,0.00,0.000,0.000,-0.258,-0.402,0.073,3.02,3.11
gain,default_fixed,baseline_off,0.0,off,3.85,0.00,0.00,0.000,0.000,-0.260,-0.398,0.078,3.04,3.16
gain,default_fixed,baseline_off,0.0,off,3.90,0.00,0.00,0.000,0.000,-0.263,-0.389,0.087,3.06,3.23
gain,default_fixed,baseline_off,0.0,off,3.95,0.00,0.00,0.000,0.000,-0.265,-0.385,0.091,3.08,3.27
gain,default_fixed,baseline_off,0.0,off,4.00,0.00,0.00,0.000,0.000,-0.264,-0.325,0.151,3.59,3.06
gain,default_fixed,baseline_off,0.0,off,4.05,0.00,0.00,0.000,0.000,-0.264,-0.325,0.151,3.59,3.06
gain,default_fixed,baseline_off,0.0,off,4.10,0.00,0.00,0.000,0.000,-0.262,-0.324,0.151,3.61,3.05
gain,default_fixed,baseline_off,0.0,off,4.15,0.00,0.00,0.000,0.000,-0.258,-0.324,0.151,3.64,3.03
gain,default_fixed,baseline_off,0.0,off,4.20,0.00,0.00,0.000,0.000,-0.257,-0.324,0.151,3.67,3.02
gain,default_fixed,baseline_off,0.0,off,4.25,0.00,0.00,0.000,0.000,-0.253,-0.324,0.151,3.70,3.00
gain,default_fixed,baseline_off,0.0,off,4.30,0.00,0.00,0.000,0.000,-0.251,-0.324,0.151,3.73,2.99
gain,default_fixed,baseline_off,0.0,off,4.35,0.00,0.00,0.000,0.000,-0.246,-0.325,0.151,3.77,2.97
gain,default_fixed,baseline_off,0.0,off,4.40,0.00,0.00,0.000,0.000,-0.243,-0.325,0.150,3.80,2.95
gain,default_fixed,baseline_off,0.0,off,4.45,0.00,0.00,0.000,0.000,-0.238,-0.326,0.150,3.83,2.93
gain,default_fixed,baseline_off,0.0,off,4.50,0.00,0.00,0.000,0.000,-0.235,-0.327,0.149,3.87,2.91
gain,default_fixed,baseline_off,0.0,off,4.55,0.00,0.00,0.000,0.000,-0.229,-0.329,0.148,3.91,2.88
gain,default_fixed,baseline_off,0.0,off,4.60,0.00,0.00,0.000,0.000,-0.226,-0.330,0.147,3.95,2.85
gain,default_fixed,baseline_off,0.0,off,4.65,0.00,0.00,0.000,0.000,-0.221,-0.333,0.145,3.99,2.83
gain,default_fixed,baseline_off,0.0,off,4.70,0.00,0.00,0.000,0.000,-0.218,-0.335,0.144,4.02,2.79
gain,default_fixed,baseline_off,0.0,off,4.75,0.00,0.00,0.000,0.000,-0.212,-0.340,0.141,4.06,2.76
gain,default_fixed,baseline_off,0.0,off,4.80,0.00,0.00,0.000,0.000,-0.209,-0.342,0.139,4.09,2.72
gain,default_fixed,baseline_off,0.0,off,4.85,0.00,0.00,0.000,0.000,-0.204,-0.347,0.136,4.12,2.67
gain,default_fixed,baseline_off,0.0,off,4.90,0.00,0.00,0.000,0.000,-0.202,-0.350,0.134,4.14,2.62
gain,default_fixed,baseline_off,0.0,off,4.95,0.00,0.00,0.000,0.000,-0.196,-0.356,0.131,4.16,2.57
gain,default_fixed,baseline_off,0.0,off,5.00,0.00,0.00,0.000,0.000,-0.164,-0.432,0.098,4.00,2.08
gain,default_fixed,baseline_off,0.0,off,5.05,0.00,0.00,0.000,0.000,-0.164,-0.432,0.098,4.00,2.08
gain,default_fixed,baseline_off,0.0,off,5.10,0.00,0.00,0.000,0.000,-0.164,-0.434,0.097,3.98,2.07
gain,default_fixed,baseline_off,0.0,off,5.15,0.00,0.00,0.000,0.000,-0.164,-0.439,0.095,3.96,2.06
gain,default_fixed,baseline_off,0.0,off,5.20,0.00,0.00,0.000,0.000,-0.164,-0.441,0.094,3.95,2.05
gain,default_fixed,baseline_off,0.0,off,5.25,0.00,0.00,0.000,0.000,-0.164,-0.444,0.093,3.93,2.04
gain,default_fixed,baseline_off,0.0,off,5.30,0.00,0.00,0.000,0.000,-0.164,-0.446,0.092,3.92,2.03
gain,default_fixed,baseline_off,0.0,off,5.35,0.00,0.00,0.000,0.000,-0.164,-0.450,0.090,3.91,2.03
gain,default_fixed,baseline_off,0.0,off,5.40,0.00,0.00,0.000,0.000,-0.165,-0.452,0.090,3.90,2.02
gain,default_fixed,baseline_off,0.0,off,5.45,0.00,0.00,0.000,0.000,-0.165,-0.456,0.088,3.89,2.02
gain,default_fixed,baseline_off,0.0,off,5.50,0.00,0.00,0.000,0.000,-0.166,-0.457,0.088,3.88,2.01
gain,default_fixed,baseline_off,0.0,off,5.55,0.00,0.00,0.000,0.000,-0.167,-0.461,0.086,3.88,2.01
gain,default_fixed,baseline_off,0.0,off,5.60,0.00,0.00,0.000,0.000,-0.168,-0.462,0.085,3.87,2.01
gain,default_fixed,baseline_off,0.0,off,5.65,0.00,0.00,0.000,0.000,-0.169,-0.465,0.083,3.85,2.00
gain,default_fixed,baseline_off,0.0,off,5.70,0.00,0.00,0.000,0.000,-0.169,-0.467,0.083,3.85,2.00
gain,default_fixed,baseline_off,0.0,off,5.75,0.00,0.00,0.000,0.000,-0.171,-0.470,0.081,3.84,2.01
gain,default_fixed,baseline_off,0.0,off,5.80,0.00,0.00,0.000,0.000,-0.172,-0.471,0.080,3.82,2.01
gain,default_fixed,baseline_off,0.0,off,5.85,0.00,0.00,0.000,0.000,-0.174,-0.474,0.077,3.81,2.01
gain,default_fixed,baseline_off,0.0,off,5.90,0.00,0.00,0.000,0.000,-0.175,-0.475,0.076,3.80,2.01
gain,default_fixed,baseline_off,0.0,off,5.95,0.00,0.00,0.000,0.000,-0.179,-0.478,0.073,3.78,2.01
gain,default_fixed,baseline_off,0.0,off,6.00,0.00,0.00,0.000,0.000,-0.256,-0.502,0.027,3.27,2.15
gain,default_fixed,baseline_off,0.0,off,6.05,0.00,0.00,0.000,0.000,-0.256,-0.502,0.027,3.27,2.15
gain,default_fixed,baseline_off,0.0,off,6.10,0.00,0.00,0.000,0.000,-0.259,-0.502,0.028,3.26,2.17
gain,default_fixed,baseline_off,0.0,off,6.15,0.00,0.00,0.000,0.000,-0.264,-0.501,0.029,3.25,2.18
gain,default_fixed,baseline_off,0.0,off,6.20,0.00,0.00,0.000,0.000,-0.267,-0.501,0.030,3.23,2.20
gain,default_fixed,baseline_off,0.0,off,6.25,0.00,0.00,0.000,0.000,-0.272,-0.500,0.033,3.22,2.21
gain,default_fixed,baseline_off,0.0,off,6.30,0.00,0.00,0.000,0.000,-0.275,-0.500,0.034,3.21,2.23
gain,default_fixed,baseline_off,0.0,off,6.35,0.00,0.00,0.000,0.000,-0.282,-0.499,0.038,3.20,2.24
gain,default_fixed,baseline_off,0.0,off,6.40,0.00,0.00,0.000,0.000,-0.284,-0.498,0.040,3.18,2.26
gain,default_fixed,baseline_off,0.0,off,6.45,0.00,0.00,0.000,0.000,-0.290,-0.496,0.044,3.17,2.28
gain,default_fixed,baseline_off,0.0,off,6.50,0.00,0.00,0.000,0.000,-0.293,-0.495,0.046,3.15,2.30
gain,default_fixed,baseline_off,0.0,off,6.55,0.00,0.00,0.000,0.000,-0.298,-0.493,0.050,3.13,2.32
gain,default_fixed,baseline_off,0.0,off,6.60,0.00,0.00,0.000,0.000,-0.300,-0.492,0.052,3.12,2.35
gain,default_fixed,baseline_off,0.0,off,6.65,0.00,0.00,0.000,0.000,-0.304,-0.491,0.055,3.11,2.37
gain,default_fixed,baseline_off,0.0,off,6.70,0.00,0.00,0.000,0.000,-0.306,-0.490,0.057,3.10,2.40
gain,default_fixed,baseline_off,0.0,off,6.75,0.00,0.00,0.000,0.000,-0.310,-0.488,0.060,3.09,2.42
gain,default_fixed,baseline_off,0.0,off,6.80,0.00,0.00,0.000,0.000,-0.311,-0.487,0.061,3.09,2.43
gain,default_fixed,baseline_off,0.0,off,6.85,0.00,0.00,0.000,0.000,-0.314,-0.485,0.063,3.09,2.45
gain,default_fixed,baseline_off,0.0,off,6.90,0.00,0.00,0.000,0.000,-0.315,-0.484,0.064,3.09,2.46
gain,default_fixed,baseline_off,0.0,off,6.95,0.00,0.00,0.000,0.000,-0.317,-0.482,0.066,3.10,2.47
gain,default_fixed,baseline_off,0.0,off,7.00,0.00,0.00,0.000,0.000,-0.313,-0.413,0.087,3.55,2.85
gain,default_fixed,baseline_off,0.0,off,7.05,0.00,0.00,0.000,0.000,-0.313,-0.413,0.087,3.55,2.85
gain,default_fixed,baseline_off,0.0,off,7.10,0.00,0.00,0.000,0.000,-0.312,-0.411,0.088,3.57,2.88
gain,default_fixed,baseline_off,0.0,off,7.15,0.00,0.00,0.000,0.000,-0.308,-0.404,0.091,3.60,2.91
gain,default_fixed,baseline_off,0.0,off,7.20,0.00,0.00,0.000,0.000,-0.307,-0.401,0.092,3.63,2.94
gain,default_fixed,baseline_off,0.0,off,7.25,0.00,0.00,0.000,0.000,-0.303,-0.396,0.095,3.66,2.96
gain,default_fixed,baseline_off,0.0,off,7.30,0.00,0.00,0.000,0.000,-0.302,-0.393,0.096,3.69,2.99
gain,default_fixed,baseline_off,0.0,off,7.35,0.00,0.00,0.000,0.000,-0.297,-0.388,0.098,3.72,3.01
gain,default_fixed,baseline_off,0.0,off,7.40,0.00,0.00,0.000,0.000,-0.295,-0.386,0.099,3.76,3.02
gain,default_fixed,baseline_off,0.0,off,7.45,0.00,0.00,0.000,0.000,-0.290,-0.381,0.101,3.79,3.04
gain,default_fixed,baseline_off,0.0,off,7.50,0.00,0.00,0.000,0.000,-0.288,-0.380,0.102,3.82,3.04
gain,default_fixed,baseline_off,0.0,off,7.55,0.00,0.00,0.000,0.000,-0.282,-0.376,0.103,3.86,3.05
gain,default_fixed,baseline_off,0.0,off,7.60,0.00,0.00,0.000,0.000,-0.279,-0.375,0.104,3.89,3.04
gain,default_fixed,baseline_off,0.0,off,7.65,0.00,0.00,0.000,0.000,-0.273,-0.373,0.105,3.93,3.03
gain,default_fixed,baseline_off,0.0,off,7.70,0.00,0.00,0.000,0.000,-0.270,-0.372,0.105,3.96,3.02
gain,default_fixed,baseline_off,0.0,off,7.75,0.00,0.00,0.000,0.000,-0.264,-0.370,0.106,4.00,3.00
gain,default_fixed,baseline_off,0.0,off,7.80,0.00,0.00,0.000,0.000,-0.261,-0.370,0.106,4.04,2.98
gain,default_fixed,baseline_off,0.0,off,7.85,0.00,0.00,0.000,0.000,-0.255,-0.369,0.106,4.07,2.95
gain,default_fixed,baseline_off,0.0,off,7.90,0.00,0.00,0.000,0.000,-0.252,-0.369,0.106,4.10,2.93
gain,default_fixed,baseline_off,0.0,off,7.95,0.00,0.00,0.000,0.000,-0.245,-0.368,0.107,4.14,2.90
gain,default_fixed,baseline_off,0.0,off,8.00,0.00,0.00,0.000,0.000,-0.165,-0.441,0.093,4.35,1.91
gain,default_fixed,baseline_off,0.0,off,8.05,0.00,0.00,0.000,0.000,-0.165,-0.441,0.093,4.35,1.91
gain,default_fixed,baseline_off,0.0,off,8.10,0.00,0.00,0.000,0.000,-0.165,-0.444,0.092,4.33,1.88
gain,default_fixed,baseline_off,0.0,off,8.15,0.00,0.00,0.000,0.000,-0.164,-0.449,0.092,4.30,1.85
gain,default_fixed,baseline_off,0.0,off,8.20,0.00,0.00,0.000,0.000,-0.163,-0.452,0.091,4.28,1.82
gain,default_fixed,baseline_off,0.0,off,8.25,0.00,0.00,0.000,0.000,-0.163,-0.456,0.090,4.25,1.81
gain,default_fixed,baseline_off,0.0,off,8.30,0.00,0.00,0.000,0.000,-0.164,-0.458,0.089,4.23,1.80
gain,default_fixed,baseline_off,0.0,off,8.35,0.00,0.00,0.000,0.000,-0.165,-0.463,0.087,4.20,1.79
gain,default_fixed,baseline_off,0.0,off,8.40,0.00,0.00,0.000,0.000,-0.166,-0.465,0.086,4.17,1.79
gain,default_fixed,baseline_off,0.0,off,8.45,0.00,0.00,0.000,0.000,-0.168,-0.469,0.083,4.14,1.79
gain,default_fixed,baseline_off,0.0,off,8.50,0.00,0.00,0.000,0.000,-0.170,-0.471,0.082,4.11,1.79
gain,default_fixed,baseline_off,0.0,off,8.55,0.00,0.00,0.000,0.000,-0.174,-0.475,0.078,4.07,1.80
gain,default_fixed,baseline_off,0.0,off,8.60,0.00,0.00,0.000,0.000,-0.176,-0.476,0.076,4.03,1.81
gain,default_fixed,baseline_off,0.0,off,8.65,0.00,0.00,0.000,0.000,-0.180,-0.480,0.072,3.99,1.81
gain,default_fixed,baseline_off,0.0,off,8.70,0.00,0.00,0.000,0.000,-0.182,-0.481,0.070,3.95,1.82
gain,default_fixed,baseline_off,0.0,off,8.75,0.00,0.00,0.000,0.000,-0.188,-0.484,0.064,3.90,1.83
gain,default_fixed,baseline_off,0.0,off,8.80,0.00,0.00,0.000,0.000,-0.191,-0.485,0.062,3.85,1.85
gain,default_fixed,baseline_off,0.0,off,8.85,0.00,0.00,0.000,0.000,-0.197,-0.488,0.056,3.80,1.86
gain,default_fixed,baseline_off,0.0,off,8.90,0.00,0.00,0.000,0.000,-0.200,-0.489,0.054,3.75,1.88
gain,default_fixed,baseline_off,0.0,off,8.95,0.00,0.00,0.000,0.000,-0.207,-0.491,0.047,3.70,1.90
gain,default_fixed,baseline_off,0.0,off,9.00,0.00,0.00,0.000,0.000,-0.274,-0.520,0.051,3.35,2.01
gain,default_fixed,baseline_off,0.0,off,9.05,0.00,0.00,0.000,0.000,-0.274,-0.520,0.051,3.35,2.01
gain,default_fixed,baseline_off,0.0,off,9.10,0.00,0.00,0.000,0.000,-0.274,-0.520,0.051,3.38,2.02
gain,default_fixed,baseline_off,0.0,off,9.15,0.00,0.00,0.000,0.000,-0.275,-0.520,0.050,3.40,2.02
gain,default_fixed,baseline_off,0.0,off,9.20,0.00,0.00,0.000,0.000,-0.275,-0.519,0.050,3.43,2.03
gain,default_fixed,baseline_off,0.0,off,9.25,0.00,0.00,0.000,0.000,-0.276,-0.517,0.049,3.46,2.04
gain,default_fixed,baseline_off,0.0,off,9.30,0.00,0.00,0.000,0.000,-0.276,-0.516,0.048,3.49,2.06
gain,default_fixed,baseline_off,0.0,off,9.35,0.00,0.00,0.000,0.000,-0.278,-0.513,0.047,3.51,2.08
gain,default_fixed,baseline_off,0.0,off,9.40,0.00,0.00,0.000,0.000,-0.279,-0.512,0.046,3.53,2.10
gain,default_fixed,baseline_off,0.0,off,9.45,0.00,0.00,0.000,0.000,-0.280,-0.509,0.045,3.54,2.13
gain,default_fixed,baseline_off,0.0,off,9.50,0.00,0.00,0.000,0.000,-0.281,-0.508,0.044,3.55,2.16
gain,default_fixed,baseline_off,0.0,off,9.55,0.00,0.00,0.000,0.000,-0.282,-0.504,0.043,3.55,2.19
gain,default_fixed,baseline_off,0.0,off,9.60,0.00,0.00,0.000,0.000,-0.283,-0.503,0.042,3.55,2.23
gain,default_fixed,baseline_off,0.0,off,9.65,0.00,0.00,0.000,0.000,-0.284,-0.500,0.041,3.55,2.26
gain,default_fixed,baseline_off,0.0,off,9.70,0.00,0.00,0.000,0.000,-0.285,-0.498,0.041,3.56,2.29
gain,default_fixed,baseline_off,0.0,off,9.75,0.00,0.00,0.000,0.000,-0.286,-0.495,0.040,3.56,2.32
gain,default_fixed,baseline_off,0.0,off,9.80,0.00,0.00,0.000,0.000,-0.287,-0.494,0.040,3.56,2.35
gain,default_fixed,baseline_off,0.0,off,9.85,0.00,0.00,0.000,0.000,-0.288,-0.491,0.040,3.56,2.37
gain,default_fixed,baseline_off,0.0,off,9.90,0.00,0.00,0.000,0.000,-0.289,-0.490,0.040,3.56,2.39
gain,default_fixed,baseline_off,0.0,off,9.95,0.00,0.00,0.000,0.000,-0.290,-0.487,0.041,3.56,2.41
gain,default_fixed,baseline_off,0.0,off,10.00,0.00,0.00,0.000,0.000,-0.288,-0.456,0.041,3.74,2.49
gain,default_fixed,baseline_off,0.0,off,10.05,0.00,0.00,0.000,0.000,-0.288,-0.456,0.041,3.74,2.49
gain,default_fixed,baseline_off,0.0,off,10.10,0.00,0.00,0.000,0.000,-0.287,-0.455,0.041,3.74,2.48
gain,default_fixed,baseline_off,0.0,off,10.15,0.00,0.00,0.000,0.000,-0.287,-0.454,0.041,3.74,2.48
gain,default_fixed,baseline_off,0.0,off,10.20,0.00,0.00,0.000,0.000,-0.286,-0.453,0.041,3.75,2.47
gain,default_fixed,baseline_off,0.0,off,10.25,0.00,0.00,0.000,0.000,-0.286,-0.452,0.041,3.75,2.46
gain,default_fixed,baseline_off,0.0,off,10.30,0.00,0.00,0.000,0.000,-0.285,-0.451,0.041,3.75,2.46
gain,default_fixed,baseline_off,0.0,off,10.35,0.00,0.00,0.000,0.000,-0.284,-0.450,0.041,3.76,2.45
gain,default_fixed,baseline_off,0.0,off,10.40,0.00,0.00,0.000,0.000,-0.283,-0.449,0.041,3.76,2.45
gain,default_fixed,baseline_off,0.0,off,10.45,0.00,0.00,0.000,0.000,-0.283,-0.449,0.041,3.77,2.45
gain,default_fixed,baseline_off,0.0,off,10.50,0.00,0.00,0.000,0.000,-0.281,-0.448,0.040,3.77,2.45
gain,default_fixed,baseline_off,0.0,off,10.55,0.00,0.00,0.000,0.000,-0.281,-0.448,0.040,3.78,2.44
gain,default_fixed,baseline_off,0.0,off,10.60,0.00,0.00,0.000,0.000,-0.279,-0.448,0.039,3.79,2.44
gain,default_fixed,baseline_off,0.0,off,10.65,0.00,0.00,0.000,0.000,-0.279,-0.448,0.038,3.80,2.43
gain,default_fixed,baseline_off,0.0,off,10.70,0.00,0.00,0.000,0.000,-0.277,-0.447,0.038,3.81,2.42
gain,default_fixed,baseline_off,0.0,off,10.75,0.00,0.00,0.000,0.000,-0.276,-0.447,0.037,3.81,2.42
gain,default_fixed,baseline_off,0.0,off,10.80,0.00,0.00,0.000,0.000,-0.274,-0.447,0.036,3.82,2.41
gain,default_fixed,baseline_off,0.0,off,10.85,0.00,0.00,0.000,0.000,-0.273,-0.447,0.036,3.83,2.40
gain,default_fixed,baseline_off,0.0,off,10.90,0.00,0.00,0.000,0.000,-0.271,-0.446,0.035,3.84,2.40
gain,default_fixed,baseline_off,0.0,off,10.95,0.00,0.00,0.000,0.000,-0.270,-0.446,0.034,3.85,2.39
gain,default_fixed,baseline_off,0.0,off,11.00,0.00,0.00,0.000,0.000,-0.244,-0.471,0.009,3.93,2.08
gain,default_fixed,baseline_off,0.0,off,11.05,0.00,0.00,0.000,0.000,-0.244,-0.471,0.009,3.93,2.08
gain,default_fixed,baseline_off,0.0,off,11.10,0.00,0.00,0.000,0.000,-0.244,-0.473,0.008,3.92,2.08
gain,default_fixed,baseline_off,0.0,off,11.15,0.00,0.00,0.000,0.000,-0.244,-0.474,0.007,3.91,2.07
gain,default_fixed,baseline_off,0.0,off,11.20,0.00,0.00,0.000,0.000,-0.245,-0.475,0.007,3.90,2.07
gain,default_fixed,baseline_off,0.0,off,11.25,0.00,0.00,0.000,0.000,-0.245,-0.476,0.007,3.89,2.06
gain,default_fixed,baseline_off,0.0,off,11.30,0.00,0.00,0.000,0.000,-0.246,-0.478,0.006,3.87,2.06
gain,default_fixed,baseline_off,0.0,off,11.35,0.00,0.00,0.000,0.000,-0.246,-0.478,0.006,3.86,2.06
gain,default_fixed,baseline_off,0.0,off,11.40,0.00,0.00,0.000,0.000,-0.247,-0.479,0.006,3.84,2.06
gain,default_fixed,baseline_off,0.0,off,11.45,0.00,0.00,0.000,0.000,-0.247,-0.479,0.006,3.83,2.06
gain,default_fixed,baseline_off,0.0,off,11.50,0.00,0.00,0.000,0.000,-0.248,-0.479,0.006,3.81,2.06
gain,default_fixed,baseline_off,0.0,off,11.55,0.00,0.00,0.000,0.000,-0.249,-0.479,0.005,3.80,2.06
gain,default_fixed,baseline_off,0.0,off,11.60,0.00,0.00,0.000,0.000,-0.250,-0.479,0.005,3.79,2.07
gain,default_fixed,baseline_off,0.0,off,11.65,0.00,0.00,0.000,0.000,-0.251,-0.479,0.004,3.78,2.08
gain,default_fixed,baseline_off,0.0,off,11.70,0.00,0.00,0.000,0.000,-0.252,-0.479,0.004,3.77,2.10
gain,default_fixed,baseline_off,0.0,off,11.75,0.00,0.00,0.000,0.000,-0.253,-0.479,0.005,3.76,2.11
gain,default_fixed,baseline_off,0.0,off,11.80,0.00,0.00,0.000,0.000,-0.254,-0.480,0.006,3.75,2.13
gain,default_fixed,baseline_off,0.0,off,11.85,0.00,0.00,0.000,0.000,-0.255,-0.480,0.006,3.73,2.14
gain,default_fixed,baseline_off,0.0,off,11.90,0.00,0.00,0.000,0.000,-0.257,-0.481,0.008,3.72,2.15
gain,default_fixed,baseline_off,0.0,off,11.95,0.00,0.00,0.000,0.000,-0.257,-0.482,0.009,3.71,2.16
gain,default_fixed,baseline_off,0.0,off,12.00,0.00,0.00,0.000,0.000,-0.248,-0.497,0.022,3.82,2.05
gain,default_fixed,baseline_off,0.0,off,12.05,0.00,0.00,0.000,0.000,-0.248,-0.497,0.022,3.82,2.05
gain,default_fixed,baseline_off,0.0,off,12.10,0.00,0.00,0.000,0.000,-0.247,-0.497,0.023,3.84,2.04
gain,default_fixed,baseline_off,0.0,off,12.15,0.00,0.00,0.000,0.000,-0.246,-0.498,0.024,3.86,2.04
gain,default_fixed,baseline_off,0.0,off,12.20,0.00,0.00,0.000,0.000,-0.245,-0.498,0.024,3.88,2.03
gain,default_fixed,baseline_off,0.0,off,12.25,0.00,0.00,0.000,0.000,-0.243,-0.498,0.025,3.89,2.03
gain,default_fixed,baseline_off,0.0,off,12.30,0.00,0.00,0.000,0.000,-0.242,-0.498,0.025,3.90,2.03
gain,default_fixed,baseline_off,0.0,off,12.35,0.00,0.00,0.000,0.000,-0.241,-0.498,0.026,3.92,2.03
gain,default_fixed,baseline_off,0.0,off,12.40,0.00,0.00,0.000,0.000,-0.240,-0.499,0.026,3.93,2.03
gain,default_fixed,baseline_off,0.0,off,12.45,0.00,0.00,0.000,0.000,-0.239,-0.499,0.027,3.94,2.03
gain,default_fixed,baseline_off,0.0,off,12.50,0.00,0.00,0.000,0.000,-0.239,-0.499,0.027,3.95,2.03
gain,default_fixed,baseline_off,0.0,off,12.55,0.00,0.00,0.000,0.000,-0.238,-0.500,0.028,3.95,2.03
gain,default_fixed,baseline_off,0.0,off,12.60,0.00,0.00,0.000,0.000,-0.238,-0.500,0.028,3.95,2.03
gain,default_fixed,baseline_off,0.0,off,12.65,0.00,0.00,0.000,0.000,-0.239,-0.501,0.029,3.95,2.03
gain,default_fixed,baseline_off,0.0,off,12.70,0.00,0.00,0.000,0.000,-0.239,-0.501,0.029,3.94,2.03
gain,default_fixed,baseline_off,0.0,off,12.75,0.00,0.00,0.000,0.000,-0.241,-0.503,0.030,3.93,2.03
gain,default_fixed,baseline_off,0.0,off,12.80,0.00,0.00,0.000,0.000,-0.242,-0.503,0.030,3.92,2.03
gain,default_fixed,baseline_off,0.0,off,12.85,0.00,0.00,0.000,0.000,-0.244,-0.505,0.031,3.90,2.02
gain,default_fixed,baseline_off,0.0,off,12.90,0.00,0.00,0.000,0.000,-0.245,-0.506,0.032,3.88,2.02
gain,default_fixed,baseline_off,0.0,off,12.95,0.00,0.00,0.000,0.000,-0.248,-0.508,0.033,3.85,2.01
gain,default_fixed,baseline_off,0.0,off,13.00,0.00,0.00,0.000,0.000,-0.278,-0.524,0.056,3.49,1.91
gain,default_fixed,baseline_off,0.0,off,13.05,0.00,0.00,0.000,0.000,-0.278,-0.524,0.056,3.49,1.91
gain,default_fixed,baseline_off,0.0,off,13.10,0.00,0.00,0.000,0.000,-0.278,-0.523,0.055,3.51,1.93
gain,default_fixed,baseline_off,0.0,off,13.15,0.00,0.00,0.000,0.000,-0.278,-0.520,0.052,3.52,1.95
gain,default_fixed,baseline_off,0.0,off,13.20,0.00,0.00,0.000,0.000,-0.278,-0.518,0.051,3.53,1.98
gain,default_fixed,baseline_off,0.0,off,13.25,0.00,0.00,0.000,0.000,-0.278,-0.515,0.048,3.56,2.01
gain,default_fixed,baseline_off,0.0,off,13.30,0.00,0.00,0.000,0.000,-0.278,-0.513,0.046,3.57,2.04
gain,default_fixed,baseline_off,0.0,off,13.35,0.00,0.00,0.000,0.000,-0.277,-0.509,0.043,3.60,2.08
gain,default_fixed,baseline_off,0.0,off,13.40,0.00,0.00,0.000,0.000,-0.277,-0.507,0.041,3.62,2.11
gain,default_fixed,baseline_off,0.0,off,13.45,0.00,0.00,0.000,0.000,-0.276,-0.503,0.037,3.64,2.14
gain,default_fixed,baseline_off,0.0,off,13.50,0.00,0.00,0.000,0.000,-0.275,-0.501,0.035,3.67,2.17
gain,default_fixed,baseline_off,0.0,off,13.55,0.00,0.00,0.000,0.000,-0.274,-0.495,0.030,3.69,2.20
gain,default_fixed,baseline_off,0.0,off,13.60,0.00,0.00,0.000,0.000,-0.274,-0.492,0.029,3.71,2.24
gain,default_fixed,baseline_off,0.0,off,13.65,0.00,0.00,0.000,0.000,-0.273,-0.487,0.025,3.74,2.27
gain,default_fixed,baseline_off,0.0,off,13.70,0.00,0.00,0.000,0.000,-0.273,-0.484,0.023,3.76,2.30
gain,default_fixed,baseline_off,0.0,off,13.75,0.00,0.00,0.000,0.000,-0.273,-0.478,0.021,3.78,2.34
gain,default_fixed,baseline_off,0.0,off,13.80,0.00,0.00,0.000,0.000,-0.273,-0.475,0.021,3.80,2.38
gain,default_fixed,baseline_off,0.0,off,13.85,0.00,0.00,0.000,0.000,-0.273,-0.469,0.022,3.82,2.42
gain,default_fixed,baseline_off,0.0,off,13.90,0.00,0.00,0.000,0.000,-0.273,-0.465,0.023,3.83,2.45
gain,default_fixed,baseline_off,0.0,off,13.95,0.00,0.00,0.000,0.000,-0.273,-0.458,0.027,3.84,2.49
gain,default_fixed,baseline_off,0.0,off,14.00,0.00,0.00,0.000,0.000,-0.246,-0.416,0.059,4.00,2.51
gain,default_fixed,baseline_off,0.0,off,14.05,0.00,0.00,0.000,0.000,-0.246,-0.416,0.059,4.00,2.51
gain,default_fixed,baseline_off,0.0,off,14.10,0.00,0.00,0.000,0.000,-0.244,-0.417,0.059,4.04,2.47
gain,default_fixed,baseline_off,0.0,off,14.15,0.00,0.00,0.000,0.000,-0.238,-0.419,0.057,4.08,2.43
gain,default_fixed,baseline_off,0.0,off,14.20,0.00,0.00,0.000,0.000,-0.235,-0.421,0.057,4.12,2.40
gain,default_fixed,baseline_off,0.0,off,14.25,0.00,0.00,0.000,0.000,-0.230,-0.424,0.056,4.16,2.35
gain,default_fixed,baseline_off,0.0,off,14.30,0.00,0.00,0.000,0.000,-0.227,-0.426,0.055,4.20,2.31
gain,default_fixed,baseline_off,0.0,off,14.35,0.00,0.00,0.000,0.000,-0.221,-0.430,0.054,4.23,2.26
gain,default_fixed,baseline_off,0.0,off,14.40,0.00,0.00,0.000,0.000,-0.219,-0.432,0.054,4.26,2.21
gain,default_fixed,baseline_off,0.0,off,14.45,0.00,0.00,0.000,0.000,-0.214,-0.435,0.054,4.28,2.16
gain,default_fixed,baseline_off,0.0,off,14.50,0.00,0.00,0.000,0.000,-0.212,-0.437,0.054,4.30,2.11
gain,default_fixed,baseline_off,0.0,off,14.55,0.00,0.00,0.000,0.000,-0.208,-0.441,0.055,4.32,2.06
gain,default_fixed,baseline_off,0.0,off,14.60,0.00,0.00,0.000,0.000,-0.206,-0.443,0.056,4.33,2.02
gain,default_fixed,baseline_off,0.0,off,14.65,0.00,0.00,0.000,0.000,-0.202,-0.446,0.057,4.33,1.98
gain,default_fixed,baseline_off,0.0,off,14.70,0.00,0.00,0.000,0.000,-0.201,-0.448,0.057,4.33,1.95
gain,default_fixed,baseline_off,0.0,off,14.75,0.00,0.00,0.000,0.000,-0.197,-0.452,0.059,4.34,1.92
gain,default_fixed,baseline_off,0.0,off,14.80,0.00,0.00,0.000,0.000,-0.196,-0.453,0.060,4.33,1.89
gain,default_fixed,baseline_off,0.0,off,14.85,0.00,0.00,0.000,0.000,-0.193,-0.457,0.061,4.33,1.87
gain,default_fixed,baseline_off,0.0,off,14.90,0.00,0.00,0.000,0.000,-0.192,-0.458,0.061,4.33,1.85
gain,default_fixed,baseline_off,0.0,off,14.95,0.00,0.00,0.000,0.000,-0.190,-0.462,0.063,4.32,1.83
gain,default_fixed,baseline_off,0.0,off,15.00,0.00,0.00,0.000,0.000,-0.212,-0.503,0.048,3.91,1.75
gain,default_fixed,baseline_off,0.0,off,15.05,0.00,0.00,0.000,0.000,-0.212,-0.503,0.048,3.91,1.75
gain,default_fixed,baseline_off,0.0,off,15.10,0.00,0.00,0.000,0.000,-0.215,-0.503,0.046,3.86,1.76
gain,default_fixed,baseline_off,0.0,off,15.15,0.00,0.00,0.000,0.000,-0.222,-0.505,0.042,3.81,1.77
gain,default_fixed,baseline_off,0.0,off,15.20,0.00,0.00,0.000,0.000,-0.225,-0.505,0.040,3.76,1.78
gain,default_fixed,baseline_off,0.0,off,15.25,0.00,0.00,0.000,0.000,-0.231,-0.507,0.037,3.70,1.80
gain,default_fixed,baseline_off,0.0,off,15.30,0.00,0.00,0.000,0.000,-0.235,-0.507,0.036,3.65,1.81
gain,default_fixed,baseline_off,0.0,off,15.35,0.00,0.00,0.000,0.000,-0.242,-0.508,0.035,3.60,1.82
gain,default_fixed,baseline_off,0.0,off,15.40,0.00,0.00,0.000,0.000,-0.245,-0.509,0.034,3.55,1.84
gain,default_fixed,baseline_off,0.0,off,15.45,0.00,0.00,0.000,0.000,-0.251,-0.510,0.035,3.50,1.85
gain,default_fixed,baseline_off,0.0,off,15.50,0.00,0.00,0.000,0.000,-0.253,-0.510,0.035,3.46,1.86
gain,default_fixed,baseline_off,0.0,off,15.55,0.00,0.00,0.000,0.000,-0.259,-0.511,0.037,3.43,1.87
gain,default_fixed,baseline_off,0.0,off,15.60,0.00,0.00,0.000,0.000,-0.262,-0.511,0.038,3.39,1.88
gain,default_fixed,baseline_off,0.0,off,15.65,0.00,0.00,0.000,0.000,-0.267,-0.512,0.040,3.36,1.89
gain,default_fixed,baseline_off,0.0,off,15.70,0.00,0.00,0.000,0.000,-0.269,-0.512,0.041,3.34,1.90
gain,default_fixed,baseline_off,0.0,off,15.75,0.00,0.00,0.000,0.000,-0.274,-0.512,0.044,3.32,1.91
gain,default_fixed,baseline_off,0.0,off,15.80,0.00,0.00,0.000,0.000,-0.276,-0.512,0.045,3.31,1.92
gain,default_fixed,baseline_off,0.0,off,15.85,0.00,0.00,0.000,0.000,-0.280,-0.512,0.047,3.30,1.93
gain,default_fixed,baseline_off,0.0,off,15.90,0.00,0.00,0.000,0.000,-0.282,-0.512,0.048,3.29,1.94
gain,default_fixed,baseline_off,0.0,off,15.95,0.00,0.00,0.000,0.000,-0.286,-0.511,0.050,3.29,1.95
gain,default_fixed,baseline_off,0.0,off,16.00,0.00,0.00,0.000,0.000,-0.330,-0.465,0.079,3.39,2.40
gain,default_fixed,baseline_off,0.0,off,16.05,0.00,0.00,0.000,0.000,-0.330,-0.465,0.079,3.39,2.40
gain,default_fixed,baseline_off,0.0,off,16.10,0.00,0.00,0.000,0.000,-0.329,-0.461,0.079,3.41,2.42
gain,default_fixed,baseline_off,0.0,off,16.15,0.00,0.00,0.000,0.000,-0.329,-0.458,0.080,3.43,2.43
gain,default_fixed,baseline_off,0.0,off,16.20,0.00,0.00,0.000,0.000,-0.329,-0.455,0.080,3.45,2.45
gain,default_fixed,baseline_off,0.0,off,16.25,0.00,0.00,0.000,0.000,-0.328,-0.453,0.080,3.47,2.47
gain,default_fixed,baseline_off,0.0,off,16.30,0.00,0.00,0.000,0.000,-0.327,-0.450,0.080,3.50,2.49
gain,default_fixed,baseline_off,0.0,off,16.35,0.00,0.00,0.000,0.000,-0.326,-0.447,0.079,3.53,2.50
gain,default_fixed,baseline_off,0.0,off,16.40,0.00,0.00,0.000,0.000,-0.325,-0.444,0.079,3.55,2.51
gain,default_fixed,baseline_off,0.0,off,16.45,0.00,0.00,0.000,0.000,-0.324,-0.442,0.079,3.58,2.52
gain,default_fixed,baseline_off,0.0,off,16.50,0.00,0.00,0.000,0.000,-0.322,-0.439,0.079,3.61,2.53
gain,default_fixed,baseline_off,0.0,off,16.55,0.00,0.00,0.000,0.000,-0.321,-0.437,0.079,3.63,2.53
gain,default_fixed,baseline_off,0.0,off,16.60,0.00,0.00,0.000,0.000,-0.319,-0.434,0.079,3.66,2.54
gain,default_fixed,baseline_off,0.0,off,16.65,0.00,0.00,0.000,0.000,-0.318,-0.432,0.079,3.68,2.54
gain,default_fixed,baseline_off,0.0,off,16.70,0.00,0.00,0.000,0.000,-0.315,-0.430,0.078,3.70,2.54
gain,default_fixed,baseline_off,0.0,off,16.75,0.00,0.00,0.000,0.000,-0.313,-0.428,0.078,3.72,2.54
gain,default_fixed,baseline_off,0.0,off,16.80,0.00,0.00,0.000,0.000,-0.310,-0.425,0.077,3.75,2.54
gain,default_fixed,baseline_off,0.0,off,16.85,0.00,0.00,0.000,0.000,-0.309,-0.424,0.077,3.77,2.54
gain,default_fixed,baseline_off,0.0,off,16.90,0.00,0.00,0.000,0.000,-0.305,-0.421,0.076,3.79,2.54
gain,default_fixed,baseline_off,0.0,off,16.95,0.00,0.00,0.000,0.000,-0.303,-0.419,0.076,3.82,2.53
gain,default_fixed,baseline_off,0.0,off,17.00,0.00,0.00,0.000,0.000,-0.213,-0.409,0.076,4.44,2.25
gain,default_fixed,baseline_off,0.0,off,17.05,0.00,0.00,0.000,0.000,-0.213,-0.409,0.076,4.44,2.25
gain,default_fixed,baseline_off,0.0,off,17.10,0.00,0.00,0.000,0.000,-0.209,-0.411,0.077,4.45,2.23
gain,default_fixed,baseline_off,0.0,off,17.15,0.00,0.00,0.000,0.000,-0.206,-0.413,0.077,4.46,2.20
gain,default_fixed,baseline_off,0.0,off,17.20,0.00,0.00,0.000,0.000,-0.202,-0.415,0.078,4.46,2.18
gain,default_fixed,baseline_off,0.0,off,17.25,0.00,0.00,0.000,0.000,-0.200,-0.417,0.078,4.46,2.15
gain,default_fixed,baseline_off,0.0,off,17.30,0.00,0.00,0.000,0.000,-0.196,-0.419,0.079,4.46,2.13
gain,default_fixed,baseline_off,0.0,off,17.35,0.00,0.00,0.000,0.000,-0.193,-0.421,0.080,4.46,2.09
gain,default_fixed,baseline_off,0.0,off,17.40,0.00,0.00,0.000,0.000,-0.188,-0.424,0.082,4.46,2.07
gain,default_fixed,baseline_off,0.0,off,17.45,0.00,0.00,0.000,0.000,-0.185,-0.426,0.083,4.46,2.04
gain,default_fixed,baseline_off,0.0,off,17.50,0.00,0.00,0.000,0.000,-0.180,-0.429,0.085,4.46,2.02
gain,default_fixed,baseline_off,0.0,off,17.55,0.00,0.00,0.000,0.000,-0.177,-0.431,0.086,4.47,1.98
gain,default_fixed,baseline_off,0.0,off,17.60,0.00,0.00,0.000,0.000,-0.173,-0.436,0.088,4.48,1.96
gain,default_fixed,baseline_off,0.0,off,17.65,0.00,0.00,0.000,0.000,-0.171,-0.438,0.089,4.50,1.93
gain,default_fixed,baseline_off,0.0,off,17.70,0.00,0.00,0.000,0.000,-0.167,-0.443,0.090,4.50,1.90
gain,default_fixed,baseline_off,0.0,off,17.75,0.00,0.00,0.000,0.000,-0.165,-0.447,0.091,4.51,1.86
gain,default_fixed,baseline_off,0.0,off,17.80,0.00,0.00,0.000,0.000,-0.162,-0.452,0.092,4.52,1.83
gain,default_fixed,baseline_off,0.0,off,17.85,0.00,0.00,0.000,0.000,-0.161,-0.455,0.092,4.51,1.78
gain,default_fixed,baseline_off,0.0,off,17.90,0.00,0.00,0.000,0.000,-0.159,-0.461,0.093,4.51,1.75
gain,default_fixed,baseline_off,0.0,off,17.95,0.00,0.00,0.000,0.000,-0.158,-0.464,0.094,4.50,1.70
gain,default_fixed,accel_gain,0.05,on,0.00,0.00,0.00,0.000,0.000,-0.530,-0.707,0.112,0.28,0.54
gain,default_fixed,accel_gain,0.05,on,0.05,0.00,0.00,0.000,0.000,-0.530,-0.707,0.112,0.28,0.54
gain,default_fixed,accel_gain,0.05,on,0.10,0.00,0.00,0.000,0.000,-0.535,-0.712,0.118,0.16,0.47
gain,default_fixed,accel_gain,0.05,on,0.15,0.00,0.00,0.000,0.000,-0.543,-0.718,0.128,0.06,0.39
gain,default_fixed,accel_gain,0.05,on,0.20,0.00,0.00,0.000,0.000,-0.546,-0.721,0.133,-0.04,0.31
gain,default_fixed,accel_gain,0.05,on,0.25,0.00,0.00,0.000,0.000,-0.552,-0.727,0.141,-0.13,0.24
gain,default_fixed,accel_gain,0.05,on,0.30,0.00,0.00,0.000,0.000,-0.556,-0.730,0.145,-0.21,0.17
gain,default_fixed,accel_gain,0.05,on,0.35,0.00,0.00,0.000,0.000,-0.559,-0.734,0.150,-0.26,0.13
gain,default_fixed,accel_gain,0.05,on,0.40,0.00,0.00,0.000,0.000,-0.561,-0.735,0.152,-0.30,0.10
gain,default_fixed,accel_gain,0.05,on,0.45,0.00,0.00,0.000,0.000,-0.562,-0.737,0.155,-0.31,0.09
gain,default_fixed,accel_gain,0.05,on,0.50,0.00,0.00,0.000,0.000,-0.562,-0.738,0.155,-0.29,0.10
gain,default_fixed,accel_gain,0.05,on,0.55,0.00,0.00,0.000,0.000,-0.562,-0.738,0.154,-0.25,0.13
gain,default_fixed,accel_gain,0.05,on,0.60,0.00,0.00,0.000,0.000,-0.561,-0.737,0.153,-0.17,0.17
gain,default_fixed,accel_gain,0.05,on,0.65,0.00,0.00,0.000,0.000,-0.559,-0.734,0.150,-0.08,0.23
gain,default_fixed,accel_gain,0.05,on,0.70,0.00,0.00,0.000,0.000,-0.557,-0.731,0.147,0.03,0.30
gain,default_fixed,accel_gain,0.05,on,0.75,0.00,0.00,0.000,0.000,-0.554,-0.724,0.141,0.16,0.39
gain,default_fixed,accel_gain,0.05,on,0.80,0.00,0.00,0.000,0.000,-0.553,-0.721,0.138,0.31,0.50
gain,default_fixed,accel_gain,0.05,on,0.85,0.00,0.00,0.000,0.000,-0.549,-0.712,0.130,0.45,0.61
gain,default_fixed,accel_gain,0.05,on,0.90,0.00,0.00,0.000,0.000,-0.547,-0.706,0.126,0.62,0.75
gain,default_fixed,accel_gain,0.05,on,0.95,1.69,2.44,-0.084,-0.122,-0.544,-0.696,0.118,0.77,0.88
gain,default_fixed,accel_gain,0.05,on,1.00,1.77,2.41,-0.088,-0.120,-0.478,-0.486,0.170,3.32,3.57
gain,default_fixed,accel_gain,0.05,on,1.05,1.86,2.37,-0.093,-0.119,-0.478,-0.486,0.170,3.32,3.57
gain,default_fixed,accel_gain,0.05,on,1.10,1.98,2.31,-0.099,-0.116,-0.471,-0.478,0.177,3.37,3.57
gain,default_fixed,accel_gain,0.05,on,1.15,2.11,2.26,-0.105,-0.113,-0.468,-0.475,0.179,3.43,3.57
gain,default_fixed,accel_gain,0.05,on,1.20,2.23,2.20,-0.111,-0.110,-0.461,-0.469,0.183,3.49,3.55
gain,default_fixed,accel_gain,0.05,on,1.25,2.35,2.15,-0.117,-0.107,-0.457,-0.467,0.185,3.57,3.52
gain,default_fixed,accel_gain,0.05,on,1.30,2.46,2.08,-0.123,-0.104,-0.448,-0.463,0.188,3.64,3.49
gain,default_fixed,accel_gain,0.05,on,1.35,2.56,2.00,-0.128,-0.100,-0.443,-0.462,0.188,3.73,3.43
gain,default_fixed,accel_gain,0.05,on,1.40,2.67,1.92,-0.133,-0.096,-0.434,-0.461,0.189,3.81,3.38
gain,default_fixed,accel_gain,0.05,on,1.45,2.75,1.83,-0.138,-0.091,-0.429,-0.461,0.189,3.90,3.31
gain,default_fixed,accel_gain,0.05,on,1.50,2.85,1.74,-0.142,-0.087,-0.418,-0.462,0.189,3.98,3.23
gain,default_fixed,accel_gain,0.05,on,1.55,2.94,1.67,-0.147,-0.083,-0.413,-0.463,0.189,4.07,3.14
gain,default_fixed,accel_gain,0.05,on,1.60,3.03,1.60,-0.151,-0.080,-0.403,-0.465,0.188,4.15,3.05
gain,default_fixed,accel_gain,0.05,on,1.65,3.13,1.54,-0.157,-0.077,-0.398,-0.467,0.187,4.24,2.94
gain,default_fixed,accel_gain,0.05,on,1.70,3.25,1.49,-0.163,-0.074,-0.386,-0.471,0.186,4.31,2.84
gain,default_fixed,accel_gain,0.05,on,1.75,3.37,1.46,-0.169,-0.073,-0.381,-0.472,0.186,4.39,2.73
gain,default_fixed,accel_gain,0.05,on,1.80,3.50,1.45,-0.175,-0.073,-0.372,-0.477,0.185,4.46,2.64
gain,default_fixed,accel_gain,0.05,on,1.85,3.63,1.46,-0.182,-0.073,-0.367,-0.479,0.184,4.52,2.53
gain,default_fixed,accel_gain,0.05,on,1.90,3.79,1.49,-0.190,-0.074,-0.357,-0.484,0.184,4.58,2.44
gain,default_fixed,accel_gain,0.05,on,1.95,3.95,1.53,-0.198,-0.077,-0.353,-0.486,0.183,4.64,2.35
gain,default_fixed,accel_gain,0.05,on,2.00,3.97,1.55,-0.198,-0.077,-0.289,-0.601,0.153,4.46,1.52
gain,default_fixed,accel_gain,0.05,on,2.05,3.92,1.55,-0.196,-0.077,-0.289,-0.601,0.153,4.46,1.52
gain,default_fixed,accel_gain,0.05,on,2.10,3.83,1.54,-0.191,-0.077,-0.291,-0.610,0.149,4.41,1.50
gain,default_fixed,accel_gain,0.05,on,2.15,3.72,1.54,-0.186,-0.077,-0.292,-0.613,0.147,4.36,1.48
gain,default_fixed,accel_gain,0.05,on,2.20,3.61,1.53,-0.181,-0.076,-0.295,-0.621,0.143,4.31,1.46
gain,default_fixed,accel_gain,0.05,on,2.25,3.51,1.52,-0.176,-0.076,-0.296,-0.624,0.141,4.25,1.45
gain,default_fixed,accel_gain,0.05,on,2.30,3.42,1.51,-0.171,-0.075,-0.299,-0.632,0.136,4.20,1.44
gain,default_fixed,accel_gain,0.05,on,2.35,3.33,1.49,-0.166,-0.075,-0.301,-0.636,0.134,4.13,1.43
gain,default_fixed,accel_gain,0.05,on,2.40,3.24,1.48,-0.162,-0.074,-0.304,-0.644,0.130,4.07,1.42
gain,default_fixed,accel_gain,0.05,on,2.45,3.16,1.48,-0.158,-0.074,-0.306,-0.647,0.128,4.00,1.41
gain,default_fixed,accel_gain,0.05,on,2.50,3.08,1.46,-0.154,-0.073,-0.311,-0.656,0.123,3.94,1.40
gain,default_fixed,accel_gain,0.05,on,2.55,3.00,1.45,-0.150,-0.072,-0.313,-0.660,0.121,3.88,1.38
gain,default_fixed,accel_gain,0.05,on,2.60,2.92,1.43,-0.146,-0.072,-0.318,-0.667,0.117,3.82,1.37
gain,default_fixed,accel_gain,0.05,on,2.65,2.81,1.40,-0.141,-0.070,-0.321,-0.671,0.115,3.76,1.36
gain,default_fixed,accel_gain,0.05,on,2.70,2.71,1.37,-0.136,-0.069,-0.327,-0.680,0.111,3.70,1.34
gain,default_fixed,accel_gain,0.05,on,2.75,2.63,1.35,-0.131,-0.067,-0.330,-0.683,0.109,3.64,1.33
gain,default_fixed,accel_gain,0.05,on,2.80,2.57,1.33,-0.129,-0.067,-0.336,-0.691,0.106,3.58,1.31
gain,default_fixed,accel_gain,0.05,on,2.85,2.51,1.31,-0.126,-0.066,-0.339,-0.694,0.105,3.52,1.30
gain,default_fixed,accel_gain,0.05,on,2.90,2.51,1.31,-0.125,-0.066,-0.346,-0.702,0.103,3.47,1.28
gain,default_fixed,accel_gain,0.05,on,2.95,2.55,1.32,-0.128,-0.066,-0.349,-0.706,0.102,3.41,1.26
gain,default_fixed,accel_gain,0.05,on,3.00,2.63,1.38,-0.132,-0.069,-0.441,-0.710,0.060,3.21,1.89
gain,default_fixed,accel_gain,0.05,on,3.05,2.71,1.48,-0.135,-0.074,-0.441,-0.710,0.060,3.21,1.89
gain,default_fixed,accel_gain,0.05,on,3.10,2.79,1.62,-0.139,-0.081,-0.446,-0.704,0.055,3.22,1.95
gain,default_fixed,accel_gain,0.05,on,3.15,2.88,1.77,-0.144,-0.089,-0.448,-0.701,0.053,3.22,2.01
gain,default_fixed,accel_gain,0.05,on,3.20,2.96,1.93,-0.148,-0.096,-0.452,-0.695,0.048,3.23,2.07
gain,default_fixed,accel_gain,0.05,on,3.25,3.04,2.08,-0.152,-0.104,-0.454,-0.692,0.047,3.25,2.13
gain,default_fixed,accel_gain,0.05,on,3.30,3.10,2.21,-0.155,-0.111,-0.459,-0.686,0.043,3.27,2.20
gain,default_fixed,accel_gain,0.05,on,3.35,3.14,2.34,-0.157,-0.117,-0.461,-0.682,0.042,3.29,2.27
gain,default_fixed,accel_gain,0.05,on,3.40,3.19,2.45,-0.160,-0.122,-0.465,-0.676,0.040,3.32,2.35
gain,default_fixed,accel_gain,0.05,on,3.45,3.26,2.53,-0.163,-0.126,-0.466,-0.673,0.039,3.34,2.42
gain,default_fixed,accel_gain,0.05,on,3.50,3.31,2.59,-0.165,-0.129,-0.470,-0.665,0.039,3.37,2.50
gain,default_fixed,accel_gain,0.05,on,3.55,3.36,2.63,-0.168,-0.132,-0.472,-0.662,0.039,3.39,2.57
gain,default_fixed,accel_gain,0.05,on,3.60,3.39,2.65,-0.169,-0.132,-0.475,-0.656,0.041,3.42,2.64
gain,default_fixed,accel_gain,0.05,on,3.65,3.43,2.65,-0.171,-0.132,-0.476,-0.653,0.042,3.44,2.70
gain,default_fixed,accel_gain,0.05,on,3.70,3.48,2.64,-0.174,-0.132,-0.479,-0.646,0.045,3.46,2.75
gain,default_fixed,accel_gain,0.05,on,3.75,3.54,2.60,-0.177,-0.130,-0.481,-0.644,0.047,3.47,2.79
gain,default_fixed,accel_gain,0.05,on,3.80,3.58,2.54,-0.179,-0.127,-0.483,-0.639,0.050,3.49,2.82
gain,default_fixed,accel_gain,0.05,on,3.85,3.62,2.48,-0.181,-0.124,-0.484,-0.636,0.052,3.50,2.84
gain,default_fixed,accel_gain,0.05,on,3.90,3.64,2.39,-0.182,-0.120,-0.487,-0.632,0.056,3.51,2.85
gain,default_fixed,accel_gain,0.05,on,3.95,3.64,2.32,-0.182,-0.116,-0.487,-0.630,0.057,3.52,2.85
gain,default_fixed,accel_gain,0.05,on,4.00,3.63,2.22,-0.182,-0.111,-0.443,-0.593,0.059,4.07,2.45
gain,default_fixed,accel_gain,0.05,on,4.05,3.58,2.11,-0.179,-0.105,-0.443,-0.593,0.059,4.07,2.45
gain,default_fixed,accel_gain,0.05,on,4.10,3.50,1.99,-0.175,-0.099,-0.441,-0.592,0.059,4.10,2.44
gain,default_fixed,accel_gain,0.05,on,4.15,3.41,1.87,-0.171,-0.094,-0.437,-0.589,0.062,4.14,2.44
gain,default_fixed,accel_gain,0.05,on,4.20,3.31,1.76,-0.165,-0.088,-0.435,-0.588,0.063,4.16,2.43
gain,default_fixed,accel_gain,0.05,on,4.25,3.19,1.65,-0.159,-0.083,-0.432,-0.586,0.065,4.18,2.42
gain,default_fixed,accel_gain,0.05,on,4.30,3.07,1.55,-0.153,-0.077,-0.430,-0.585,0.066,4.18,2.40
gain,default_fixed,accel_gain,0.05,on,4.35,2.95,1.45,-0.148,-0.072,-0.427,-0.582,0.068,4.18,2.39
gain,default_fixed,accel_gain,0.05,on,4.40,2.86,1.36,-0.143,-0.068,-0.426,-0.582,0.069,4.17,2.37
gain,default_fixed,accel_gain,0.05,on,4.45,2.78,1.30,-0.139,-0.065,-0.424,-0.580,0.071,4.15,2.36
gain,default_fixed,accel_gain,0.05,on,4.50,2.71,1.24,-0.135,-0.062,-0.422,-0.580,0.072,4.12,2.34
gain,default_fixed,accel_gain,0.05,on,4.55,2.63,1.20,-0.132,-0.060,-0.420,-0.579,0.073,4.10,2.33
gain,default_fixed,accel_gain,0.05,on,4.60,2.58,1.18,-0.129,-0.059,-0.419,-0.579,0.073,4.07,2.31
gain,default_fixed,accel_gain,0.05,on,4.65,2.54,1.15,-0.127,-0.058,-0.418,-0.580,0.073,4.04,2.30
gain,default_fixed,accel_gain,0.05,on,4.70,2.52,1.14,-0.126,-0.057,-0.417,-0.580,0.072,4.01,2.28
gain,default_fixed,accel_gain,0.05,on,4.75,2.50,1.14,-0.125,-0.057,-0.416,-0.582,0.071,3.98,2.26
gain,default_fixed,accel_gain,0.05,on,4.80,2.50,1.16,-0.125,-0.058,-0.415,-0.583,0.071,3.96,2.24
gain,default_fixed,accel_gain,0.05,on,4.85,2.50,1.17,-0.125,-0.059,-0.414,-0.584,0.069,3.94,2.22
gain,default_fixed,accel_gain,0.05,on,4.90,2.50,1.20,-0.125,-0.060,-0.413,-0.585,0.069,3.92,2.20
gain,default_fixed,accel_gain,0.05,on,4.95,2.52,1.23,-0.126,-0.062,-0.412,-0.587,0.067,3.91,2.18
gain,default_fixed,accel_gain,0.05,on,5.00,2.52,1.26,-0.126,-0.063,-0.392,-0.636,0.045,3.94,1.82
gain,default_fixed,accel_gain,0.05,on,5.05,2.51,1.29,-0.126,-0.064,-0.392,-0.636,0.045,3.94,1.82
gain,default_fixed,accel_gain,0.05,on,5.10,2.50,1.31,-0.125,-0.065,-0.391,-0.636,0.045,3.95,1.82
gain,default_fixed,accel_gain,0.05,on,5.15,2.48,1.33,-0.124,-0.066,-0.388,-0.638,0.048,3.95,1.82
gain,default_fixed,accel_gain,0.05,on,5.20,2.46,1.35,-0.123,-0.067,-0.386,-0.639,0.049,3.97,1.83
gain,default_fixed,accel_gain,0.05,on,5.25,2.43,1.36,-0.122,-0.068,-0.383,-0.640,0.052,3.99,1.83
gain,default_fixed,accel_gain,0.05,on,5.30,2.41,1.38,-0.120,-0.069,-0.381,-0.641,0.054,4.01,1.84
gain,default_fixed,accel_gain,0.05,on,5.35,2.38,1.39,-0.119,-0.070,-0.378,-0.643,0.057,4.03,1.85
gain,default_fixed,accel_gain,0.05,on,5.40,2.34,1.41,-0.117,-0.070,-0.376,-0.644,0.058,4.06,1.85
gain,default_fixed,accel_gain,0.05,on,5.45,2.31,1.42,-0.115,-0.071,-0.373,-0.647,0.061,4.08,1.85
gain,default_fixed,accel_gain,0.05,on,5.50,2.27,1.42,-0.114,-0.071,-0.372,-0.648,0.063,4.10,1.85
gain,default_fixed,accel_gain,0.05,on,5.55,2.23,1.43,-0.111,-0.071,-0.369,-0.651,0.066,4.12,1.85
gain,default_fixed,accel_gain,0.05,on,5.60,2.19,1.42,-0.109,-0.071,-0.367,-0.652,0.067,4.13,1.84
gain,default_fixed,accel_gain,0.05,on,5.65,2.13,1.42,-0.107,-0.071,-0.366,-0.655,0.069,4.14,1.83
gain,default_fixed,accel_gain,0.05,on,5.70,2.07,1.40,-0.104,-0.070,-0.365,-0.656,0.070,4.15,1.82
gain,default_fixed,accel_gain,0.05,on,5.75,2.01,1.38,-0.101,-0.069,-0.363,-0.659,0.071,4.15,1.81
gain,default_fixed,accel_gain,0.05,on,5.80,1.94,1.36,-0.097,-0.068,-0.363,-0.660,0.072,4.14,1.80
gain,default_fixed,accel_gain,0.05,on,5.85,1.87,1.33,-0.094,-0.066,-0.363,-0.663,0.072,4.13,1.79
gain,default_fixed,accel_gain,0.05,on,5.90,1.79,1.29,-0.090,-0.065,-0.363,-0.664,0.073,4.11,1.78
gain,default_fixed,accel_gain,0.05,on,5.95,1.71,1.26,-0.086,-0.063,-0.364,-0.666,0.072,4.09,1.76
gain,default_fixed,accel_gain,0.05,on,6.00,1.63,1.24,-0.082,-0.062,-0.414,-0.665,0.025,3.57,2.01
gain,default_fixed,accel_gain,0.05,on,6.05,1.56,1.22,-0.078,-0.061,-0.414,-0.665,0.025,3.57,2.01
gain,default_fixed,accel_gain,0.05,on,6.10,1.51,1.22,-0.076,-0.061,-0.415,-0.665,0.023,3.56,2.02
gain,default_fixed,accel_gain,0.05,on,6.15,1.47,1.22,-0.073,-0.061,-0.419,-0.663,0.020,3.56,2.03
gain,default_fixed,accel_gain,0.05,on,6.20,1.43,1.23,-0.072,-0.061,-0.420,-0.663,0.019,3.55,2.04
gain,default_fixed,accel_gain,0.05,on,6.25,1.41,1.24,-0.071,-0.062,-0.423,-0.662,0.016,3.54,2.05
gain,default_fixed,accel_gain,0.05,on,6.30,1.40,1.26,-0.070,-0.063,-0.425,-0.661,0.014,3.52,2.06
gain,default_fixed,accel_gain,0.05,on,6.35,1.38,1.27,-0.069,-0.064,-0.428,-0.659,0.011,3.51,2.07
gain,default_fixed,accel_gain,0.05,on,6.40,1.37,1.28,-0.069,-0.064,-0.429,-0.658,0.009,3.50,2.08
gain,default_fixed,accel_gain,0.05,on,6.45,1.37,1.29,-0.068,-0.065,-0.432,-0.656,0.006,3.48,2.09
gain,default_fixed,accel_gain,0.05,on,6.50,1.36,1.30,-0.068,-0.065,-0.433,-0.655,0.004,3.47,2.11
gain,default_fixed,accel_gain,0.05,on,6.55,1.36,1.30,-0.068,-0.065,-0.436,-0.652,0.002,3.46,2.13
gain,default_fixed,accel_gain,0.05,on,6.60,1.35,1.31,-0.068,-0.065,-0.437,-0.650,0.003,3.46,2.15
gain,default_fixed,accel_gain,0.05,on,6.65,1.36,1.31,-0.068,-0.065,-0.439,-0.647,0.006,3.46,2.17
gain,default_fixed,accel_gain,0.05,on,6.70,1.37,1.31,-0.068,-0.066,-0.440,-0.645,0.008,3.46,2.20
gain,default_fixed,accel_gain,0.05,on,6.75,1.38,1.31,-0.069,-0.065,-0.442,-0.641,0.012,3.46,2.22
gain,default_fixed,accel_gain,0.05,on,6.80,1.40,1.31,-0.070,-0.065,-0.443,-0.640,0.014,3.47,2.25
gain,default_fixed,accel_gain,0.05,on,6.85,1.42,1.30,-0.071,-0.065,-0.445,-0.636,0.018,3.49,2.27
gain,default_fixed,accel_gain,0.05,on,6.90,1.44,1.30,-0.072,-0.065,-0.446,-0.635,0.020,3.50,2.30
gain,default_fixed,accel_gain,0.05,on,6.95,1.47,1.29,-0.073,-0.064,-0.448,-0.631,0.024,3.51,2.32
gain,default_fixed,accel_gain,0.05,on,7.00,1.49,1.27,-0.075,-0.064,-0.442,-0.593,0.058,3.80,2.38
gain,default_fixed,accel_gain,0.05,on,7.05,1.51,1.25,-0.076,-0.062,-0.442,-0.593,0.058,3.80,2.38
gain,default_fixed,accel_gain,0.05,on,7.10,1.54,1.22,-0.077,-0.061,-0.440,-0.592,0.059,3.83,2.39
gain,default_fixed,accel_gain,0.05,on,7.15,1.56,1.20,-0.078,-0.060,-0.436,-0.589,0.062,3.86,2.40
gain,default_fixed,accel_gain,0.05,on,7.20,1.58,1.18,-0.079,-0.059,-0.434,-0.588,0.063,3.90,2.40
gain,default_fixed,accel_gain,0.05,on,7.25,1.59,1.15,-0.080,-0.058,-0.430,-0.585,0.065,3.93,2.40
gain,default_fixed,accel_gain,0.05,on,7.30,1.61,1.13,-0.080,-0.056,-0.428,-0.584,0.066,3.97,2.41
gain,default_fixed,accel_gain,0.05,on,7.35,1.63,1.11,-0.081,-0.055,-0.423,-0.582,0.069,4.01,2.40
gain,default_fixed,accel_gain,0.05,on,7.40,1.67,1.09,-0.083,-0.055,-0.420,-0.581,0.071,4.05,2.40
gain,default_fixed,accel_gain,0.05,on,7.45,1.70,1.08,-0.085,-0.054,-0.416,-0.579,0.074,4.09,2.40
gain,default_fixed,accel_gain,0.05,on,7.50,1.75,1.08,-0.087,-0.054,-0.413,-0.578,0.075,4.12,2.39
gain,default_fixed,accel_gain,0.05,on,7.55,1.79,1.09,-0.090,-0.054,-0.408,-0.576,0.079,4.16,2.38
gain,default_fixed,accel_gain,0.05,on,7.60,1.85,1.10,-0.092,-0.055,-0.406,-0.576,0.080,4.20,2.38
gain,default_fixed,accel_gain,0.05,on,7.65,1.91,1.11,-0.096,-0.056,-0.401,-0.575,0.083,4.24,2.37
gain,default_fixed,accel_gain,0.05,on,7.70,1.98,1.13,-0.099,-0.056,-0.398,-0.575,0.084,4.27,2.36
gain,default_fixed,accel_gain,0.05,on,7.75,2.05,1.15,-0.102,-0.058,-0.393,-0.574,0.087,4.31,2.35
gain,default_fixed,accel_gain,0.05,on,7.80,2.11,1.18,-0.106,-0.059,-0.391,-0.574,0.088,4.34,2.34
gain,default_fixed,accel_gain,0.05,on,7.85,2.18,1.20,-0.109,-0.060,-0.386,-0.574,0.090,4.38,2.32
gain,default_fixed,accel_gain,0.05,on,7.90,2.24,1.23,-0.112,-0.062,-0.384,-0.574,0.092,4.41,2.31
gain,default_fixed,accel_gain,0.05,on,7.95,2.31,1.26,-0.115,-0.063,-0.379,-0.574,0.094,4.44,2.30
gain,default_fixed,accel_gain,0.05,on,8.00,2.29,1.25,-0.115,-0.062,-0.368,-0.636,0.068,4.10,1.73
gain,default_fixed,accel_gain,0.05,on,8.05,2.26,1.22,-0.113,-0.061,-0.368,-0.636,0.068,4.10,1.73
gain,default_fixed,accel_gain,0.05,on,8.10,2.19,1.18,-0.109,-0.059,-0.369,-0.639,0.066,4.05,1.69
gain,default_fixed,accel_gain,0.05,on,8.15,2.11,1.13,-0.106,-0.056,-0.372,-0.645,0.062,4.02,1.66
gain,default_fixed,accel_gain,0.05,on,8.20,2.03,1.07,-0.102,-0.054,-0.374,-0.647,0.060,3.98,1.62
gain,default_fixed,accel_gain,0.05,on,8.25,1.95,1.02,-0.098,-0.051,-0.377,-0.653,0.057,3.95,1.60
gain,default_fixed,accel_gain,0.05,on,8.30,1.87,0.96,-0.094,-0.048,-0.378,-0.655,0.056,3.90,1.57
gain,default_fixed,accel_gain,0.05,on,8.35,1.80,0.92,-0.090,-0.046,-0.382,-0.661,0.053,3.87,1.55
gain,default_fixed,accel_gain,0.05,on,8.40,1.75,0.88,-0.087,-0.044,-0.383,-0.663,0.052,3.82,1.53
gain,default_fixed,accel_gain,0.05,on,8.45,1.70,0.86,-0.085,-0.043,-0.386,-0.668,0.051,3.78,1.51
gain,default_fixed,accel_gain,0.05,on,8.50,1.67,0.83,-0.084,-0.042,-0.388,-0.670,0.050,3.73,1.49
gain,default_fixed,accel_gain,0.05,on,8.55,1.65,0.81,-0.082,-0.041,-0.391,-0.675,0.050,3.70,1.47
gain,default_fixed,accel_gain,0.05,on,8.60,1.64,0.80,-0.082,-0.040,-0.393,-0.677,0.050,3.65,1.46
gain,default_fixed,accel_gain,0.05,on,8.65,1.64,0.80,-0.082,-0.040,-0.395,-0.681,0.050,3.62,1.45
gain,default_fixed,accel_gain,0.05,on,8.70,1.65,0.81,-0.083,-0.041,-0.397,-0.683,0.050,3.59,1.44
gain,default_fixed,accel_gain,0.05,on,8.75,1.68,0.83,-0.084,-0.041,-0.400,-0.687,0.050,3.57,1.43
gain,default_fixed,accel_gain,0.05,on,8.80,1.72,0.86,-0.086,-0.043,-0.402,-0.689,0.050,3.54,1.43
gain,default_fixed,accel_gain,0.05,on,8.85,1.74,0.89,-0.087,-0.044,-0.405,-0.692,0.050,3.53,1.43
gain,default_fixed,accel_gain,0.05,on,8.90,1.78,0.92,-0.089,-0.046,-0.407,-0.693,0.050,3.52,1.43
gain,default_fixed,accel_gain,0.05,on,8.95,1.82,0.96,-0.091,-0.048,-0.410,-0.695,0.050,3.52,1.44
gain,default_fixed,accel_gain,0.05,on,9.00,1.86,1.03,-0.093,-0.051,-0.458,-0.646,0.025,3.59,2.26
gain,default_fixed,accel_gain,0.05,on,9.05,1.89,1.11,-0.095,-0.055,-0.458,-0.646,0.025,3.59,2.26
gain,default_fixed,accel_gain,0.05,on,9.10,1.92,1.19,-0.096,-0.060,-0.461,-0.641,0.029,3.59,2.30
gain,default_fixed,accel_gain,0.05,on,9.15,1.94,1.28,-0.097,-0.064,-0.463,-0.638,0.031,3.59,2.34
gain,default_fixed,accel_gain,0.05,on,9.20,1.96,1.36,-0.098,-0.068,-0.465,-0.634,0.035,3.59,2.37
gain,default_fixed,accel_gain,0.05,on,9.25,1.98,1.44,-0.099,-0.072,-0.467,-0.632,0.037,3.60,2.42
gain,default_fixed,accel_gain,0.05,on,9.30,1.98,1.50,-0.099,-0.075,-0.469,-0.628,0.041,3.60,2.45
gain,default_fixed,accel_gain,0.05,on,9.35,1.98,1.54,-0.099,-0.077,-0.470,-0.626,0.043,3.61,2.50
gain,default_fixed,accel_gain,0.05,on,9.40,1.97,1.58,-0.098,-0.079,-0.472,-0.623,0.047,3.62,2.52
gain,default_fixed,accel_gain,0.05,on,9.45,1.95,1.59,-0.098,-0.080,-0.473,-0.621,0.049,3.63,2.56
gain,default_fixed,accel_gain,0.05,on,9.50,1.93,1.60,-0.097,-0.080,-0.476,-0.618,0.053,3.63,2.58
gain,default_fixed,accel_gain,0.05,on,9.55,1.91,1.59,-0.095,-0.079,-0.477,-0.616,0.055,3.63,2.59
gain,default_fixed,accel_gain,0.05,on,9.60,1.87,1.57,-0.094,-0.078,-0.479,-0.614,0.058,3.63,2.60
gain,default_fixed,accel_gain,0.05,on,9.65,1.84,1.53,-0.092,-0.077,-0.479,-0.613,0.059,3.63,2.61
gain,default_fixed,accel_gain,0.05,on,9.70,1.81,1.50,-0.090,-0.075,-0.481,-0.611,0.061,3.63,2.61
gain,default_fixed,accel_gain,0.05,on,9.75,1.78,1.45,-0.089,-0.073,-0.482,-0.610,0.063,3.62,2.61
gain,default_fixed,accel_gain,0.05,on,9.80,1.75,1.41,-0.088,-0.070,-0.483,-0.609,0.064,3.61,2.60
gain,default_fixed,accel_gain,0.05,on,9.85,1.74,1.36,-0.087,-0.068,-0.483,-0.609,0.064,3.59,2.57
gain,default_fixed,accel_gain,0.05,on,9.90,1.73,1.32,-0.087,-0.066,-0.484,-0.609,0.065,3.58,2.56
gain,default_fixed,accel_gain,0.05,on,9.95,1.73,1.29,-0.086,-0.064,-0.483,-0.609,0.065,3.57,2.52
gain,default_fixed,accel_gain,0.05,on,10.00,1.72,1.25,-0.086,-0.062,-0.435,-0.604,0.046,4.10,2.20
gain,default_fixed,accel_gain,0.05,on,10.05,1.71,1.21,-0.086,-0.060,-0.435,-0.604,0.046,4.10,2.20
gain,default_fixed,accel_gain,0.05,on,10.10,1.71,1.17,-0.085,-0.059,-0.434,-0.605,0.046,4.11,2.19
gain,default_fixed,accel_gain,0.05,on,10.15,1.70,1.14,-0.085,-0.057,-0.432,-0.605,0.046,4.11,2.18
gain,default_fixed,accel_gain,0.05,on,10.20,1.70,1.11,-0.085,-0.056,-0.431,-0.605,0.046,4.12,2.17
gain,default_fixed,accel_gain,0.05,on,10.25,1.71,1.09,-0.085,-0.055,-0.428,-0.605,0.046,4.12,2.16
gain,default_fixed,accel_gain,0.05,on,10.30,1.72,1.07,-0.086,-0.054,-0.427,-0.605,0.046,4.12,2.15
gain,default_fixed,accel_gain,0.05,on,10.35,1.74,1.06,-0.087,-0.053,-0.425,-0.605,0.046,4.12,2.14
gain,default_fixed,accel_gain,0.05,on,10.40,1.77,1.06,-0.088,-0.053,-0.424,-0.606,0.046,4.12,2.12
gain,default_fixed,accel_gain,0.05,on,10.45,1.80,1.05,-0.090,-0.053,-0.422,-0.606,0.046,4.11,2.12
gain,default_fixed,accel_gain,0.05,on,10.50,1.83,1.05,-0.091,-0.053,-0.421,-0.607,0.046,4.11,2.10
gain,default_fixed,accel_gain,0.05,on,10.55,1.86,1.06,-0.093,-0.053,-0.418,-0.608,0.045,4.11,2.09
gain,default_fixed,accel_gain,0.05,on,10.60,1.90,1.07,-0.095,-0.053,-0.417,-0.609,0.045,4.11,2.07
gain,default_fixed,accel_gain,0.05,on,10.65,1.94,1.08,-0.097,-0.054,-0.414,-0.611,0.045,4.11,2.06
gain,default_fixed,accel_gain,0.05,on,10.70,1.99,1.09,-0.099,-0.054,-0.413,-0.612,0.044,4.12,2.05
gain,default_fixed,accel_gain,0.05,on,10.75,2.03,1.10,-0.101,-0.055,-0.410,-0.614,0.044,4.13,2.03
gain,default_fixed,accel_gain,0.05,on,10.80,2.07,1.11,-0.103,-0.055,-0.408,-0.615,0.044,4.14,2.02
gain,default_fixed,accel_gain,0.05,on,10.85,2.10,1.12,-0.105,-0.056,-0.405,-0.617,0.045,4.15,2.00
gain,default_fixed,accel_gain,0.05,on,10.90,2.14,1.13,-0.107,-0.057,-0.403,-0.618,0.045,4.17,1.98
gain,default_fixed,accel_gain,0.05,on,10.95,2.17,1.14,-0.108,-0.057,-0.400,-0.620,0.046,4.19,1.97
gain,default_fixed,accel_gain,0.05,on,11.00,2.15,1.15,-0.108,-0.058,-0.400,-0.667,0.038,3.95,1.70
gain,default_fixed,accel_gain,0.05,on,11.05,2.12,1.16,-0.106,-0.058,-0.400,-0.667,0.038,3.95,1.70
gain,default_fixed,accel_gain,0.05,on,11.10,2.06,1.16,-0.103,-0.058,-0.401,-0.668,0.038,3.92,1.70
gain,default_fixed,accel_gain,0.05,on,11.15,2.00,1.16,-0.100,-0.058,-0.404,-0.671,0.037,3.89,1.69
gain,default_fixed,accel_gain,0.05,on,11.20,1.93,1.16,-0.096,-0.058,-0.405,-0.672,0.036,3.86,1.70
gain,default_fixed,accel_gain,0.05,on,11.25,1.86,1.16,-0.093,-0.058,-0.407,-0.674,0.036,3.83,1.70
gain,default_fixed,accel_gain,0.05,on,11.30,1.78,1.16,-0.089,-0.058,-0.408,-0.675,0.036,3.80,1.71
gain,default_fixed,accel_gain,0.05,on,11.35,1.70,1.16,-0.085,-0.058,-0.410,-0.676,0.035,3.78,1.71
gain,default_fixed,accel_gain,0.05,on,11.40,1.64,1.17,-0.082,-0.058,-0.411,-0.677,0.035,3.76,1.72
gain,default_fixed,accel_gain,0.05,on,11.45,1.58,1.18,-0.079,-0.059,-0.412,-0.679,0.036,3.73,1.73
gain,default_fixed,accel_gain,0.05,on,11.50,1.53,1.18,-0.077,-0.059,-0.413,-0.679,0.036,3.71,1.74
gain,default_fixed,accel_gain,0.05,on,11.55,1.48,1.18,-0.074,-0.059,-0.415,-0.681,0.036,3.70,1.74
gain,default_fixed,accel_gain,0.05,on,11.60,1.43,1.18,-0.072,-0.059,-0.416,-0.682,0.037,3.68,1.75
gain,default_fixed,accel_gain,0.05,on,11.65,1.38,1.17,-0.069,-0.058,-0.417,-0.684,0.038,3.66,1.75
gain,default_fixed,accel_gain,0.05,on,11.70,1.34,1.16,-0.067,-0.058,-0.418,-0.685,0.039,3.65,1.75
gain,default_fixed,accel_gain,0.05,on,11.75,1.31,1.16,-0.065,-0.058,-0.420,-0.688,0.040,3.64,1.75
gain,default_fixed,accel_gain,0.05,on,11.80,1.28,1.15,-0.064,-0.058,-0.421,-0.689,0.040,3.63,1.75
gain,default_fixed,accel_gain,0.05,on,11.85,1.25,1.14,-0.063,-0.057,-0.423,-0.691,0.042,3.62,1.74
gain,default_fixed,accel_gain,0.05,on,11.90,1.24,1.13,-0.062,-0.057,-0.424,-0.692,0.043,3.61,1.73
gain,default_fixed,accel_gain,0.05,on,11.95,1.24,1.13,-0.062,-0.056,-0.426,-0.695,0.045,3.60,1.73
gain,default_fixed,accel_gain,0.05,on,12.00,1.25,1.14,-0.063,-0.057,-0.463,-0.690,0.049,3.51,1.87
gain,default_fixed,accel_gain,0.05,on,12.05,1.28,1.16,-0.064,-0.058,-0.463,-0.690,0.049,3.51,1.87
gain,default_fixed,accel_gain,0.05,on,12.10,1.31,1.19,-0.066,-0.059,-0.464,-0.688,0.048,3.51,1.91
gain,default_fixed,accel_gain,0.05,on,12.15,1.35,1.22,-0.067,-0.061,-0.467,-0.683,0.046,3.51,1.94
gain,default_fixed,accel_gain,0.05,on,12.20,1.38,1.26,-0.069,-0.063,-0.467,-0.680,0.044,3.52,1.99
gain,default_fixed,accel_gain,0.05,on,12.25,1.43,1.30,-0.072,-0.065,-0.469,-0.675,0.042,3.52,2.03
gain,default_fixed,accel_gain,0.05,on,12.30,1.49,1.33,-0.074,-0.067,-0.470,-0.672,0.041,3.53,2.08
gain,default_fixed,accel_gain,0.05,on,12.35,1.55,1.37,-0.078,-0.069,-0.471,-0.666,0.040,3.54,2.12
gain,default_fixed,accel_gain,0.05,on,12.40,1.62,1.41,-0.081,-0.071,-0.471,-0.663,0.039,3.56,2.18
gain,default_fixed,accel_gain,0.05,on,12.45,1.70,1.45,-0.085,-0.072,-0.472,-0.657,0.038,3.58,2.22
gain,default_fixed,accel_gain,0.05,on,12.50,1.78,1.49,-0.089,-0.074,-0.473,-0.654,0.039,3.61,2.28
gain,default_fixed,accel_gain,0.05,on,12.55,1.85,1.52,-0.093,-0.076,-0.473,-0.647,0.039,3.63,2.32
gain,default_fixed,accel_gain,0.05,on,12.60,1.93,1.56,-0.096,-0.078,-0.474,-0.645,0.040,3.67,2.37
gain,default_fixed,accel_gain,0.05,on,12.65,2.01,1.59,-0.100,-0.080,-0.474,-0.639,0.041,3.69,2.40
gain,default_fixed,accel_gain,0.05,on,12.70,2.09,1.62,-0.104,-0.081,-0.474,-0.636,0.042,3.73,2.45
gain,default_fixed,accel_gain,0.05,on,12.75,2.16,1.64,-0.108,-0.082,-0.473,-0.630,0.044,3.77,2.48
gain,default_fixed,accel_gain,0.05,on,12.80,2.23,1.66,-0.112,-0.083,-0.473,-0.628,0.045,3.80,2.51
gain,default_fixed,accel_gain,0.05,on,12.85,2.29,1.67,-0.115,-0.083,-0.473,-0.623,0.047,3.84,2.54
gain,default_fixed,accel_gain,0.05,on,12.90,2.35,1.67,-0.118,-0.083,-0.472,-0.621,0.049,3.88,2.56
gain,default_fixed,accel_gain,0.05,on,12.95,2.41,1.67,-0.120,-0.084,-0.472,-0.616,0.052,3.91,2.57
gain,default_fixed,accel_gain,0.05,on,13.00,2.42,1.63,-0.121,-0.082,-0.463,-0.590,0.067,3.93,2.38
gain,default_fixed,accel_gain,0.05,on,13.05,2.40,1.57,-0.120,-0.079,-0.463,-0.590,0.067,3.93,2.38
gain,default_fixed,accel_gain,0.05,on,13.10,2.36,1.50,-0.118,-0.075,-0.462,-0.591,0.066,3.96,2.36
gain,default_fixed,accel_gain,0.05,on,13.15,2.31,1.42,-0.116,-0.071,-0.458,-0.593,0.062,3.98,2.34
gain,default_fixed,accel_gain,0.05,on,13.20,2.26,1.34,-0.113,-0.067,-0.456,-0.594,0.061,4.00,2.30
gain,default_fixed,accel_gain,0.05,on,13.25,2.21,1.26,-0.110,-0.063,-0.453,-0.596,0.057,4.01,2.27
gain,default_fixed,accel_gain,0.05,on,13.30,2.17,1.19,-0.108,-0.060,-0.451,-0.597,0.056,4.03,2.22
gain,default_fixed,accel_gain,0.05,on,13.35,2.13,1.13,-0.107,-0.056,-0.447,-0.600,0.052,4.04,2.18
gain,default_fixed,accel_gain,0.05,on,13.40,2.11,1.07,-0.106,-0.053,-0.445,-0.601,0.051,4.05,2.12
gain,default_fixed,accel_gain,0.05,on,13.45,2.09,1.02,-0.105,-0.051,-0.441,-0.603,0.048,4.05,2.08
gain,default_fixed,accel_gain,0.05,on,13.50,2.09,0.98,-0.104,-0.049,-0.439,-0.604,0.047,4.06,2.03
gain,default_fixed,accel_gain,0.05,on,13.55,2.10,0.96,-0.105,-0.048,-0.434,-0.606,0.044,4.07,1.99
gain,default_fixed,accel_gain,0.05,on,13.60,2.13,0.94,-0.106,-0.047,-0.432,-0.607,0.043,4.08,1.95
gain,default_fixed,accel_gain,0.05,on,13.65,2.17,0.93,-0.108,-0.046,-0.428,-0.609,0.042,4.09,1.92
gain,default_fixed,accel_gain,0.05,on,13.70,2.21,0.92,-0.110,-0.046,-0.426,-0.610,0.041,4.10,1.89
gain,default_fixed,accel_gain,0.05,on,13.75,2.26,0.93,-0.113,-0.046,-0.421,-0.612,0.041,4.12,1.87
gain,default_fixed,accel_gain,0.05,on,13.80,2.31,0.95,-0.116,-0.047,-0.418,-0.613,0.040,4.14,1.85
gain,default_fixed,accel_gain,0.05,on,13.85,2.36,0.97,-0.118,-0.048,-0.414,-0.615,0.041,4.16,1.84
gain,default_fixed,accel_gain,0.05,on,13.90,2.41,1.00,-0.121,-0.050,-0.412,-0.616,0.041,4.20,1.82
gain,default_fixed,accel_gain,0.05,on,13.95,2.47,1.03,-0.124,-0.052,-0.407,-0.618,0.042,4.22,1.81
gain,default_fixed,accel_gain,0.05,on,14.00,2.48,1.07,-0.124,-0.053,-0.403,-0.651,0.032,4.01,1.76
gain,default_fixed,accel_gain,0.05,on,14.05,2.46,1.10,-0.123,-0.055,-0.403,-0.651,0.032,4.01,1.76
gain,default_fixed,accel_gain,0.05,on,14.10,2.42,1.14,-0.121,-0.057,-0.405,-0.652,0.029,3.98,1.76
gain,default_fixed,accel_gain,0.05,on,14.15,2.37,1.17,-0.118,-0.058,-0.407,-0.654,0.028,3.95,1.76
gain,default_fixed,accel_gain,0.05,on,14.20,2.30,1.19,-0.115,-0.060,-0.410,-0.656,0.025,3.92,1.77
gain,default_fixed,accel_gain,0.05,on,14.25,2.23,1.21,-0.112,-0.060,-0.411,-0.657,0.024,3.90,1.77
gain,default_fixed,accel_gain,0.05,on,14.30,2.15,1.22,-0.108,-0.061,-0.414,-0.659,0.022,3.87,1.78
gain,default_fixed,accel_gain,0.05,on,14.35,2.07,1.23,-0.103,-0.062,-0.415,-0.660,0.021,3.84,1.78
gain,default_fixed,accel_gain,0.05,on,14.40,1.98,1.24,-0.099,-0.062,-0.418,-0.661,0.019,3.81,1.79
gain,default_fixed,accel_gain,0.05,on,14.45,1.90,1.25,-0.095,-0.062,-0.419,-0.662,0.019,3.77,1.79
gain,default_fixed,accel_gain,0.05,on,14.50,1.83,1.25,-0.091,-0.062,-0.422,-0.662,0.017,3.74,1.80
gain,default_fixed,accel_gain,0.05,on,14.55,1.76,1.24,-0.088,-0.062,-0.423,-0.663,0.017,3.71,1.80
gain,default_fixed,accel_gain,0.05,on,14.60,1.68,1.23,-0.084,-0.061,-0.425,-0.664,0.016,3.68,1.81
gain,default_fixed,accel_gain,0.05,on,14.65,1.61,1.21,-0.080,-0.060,-0.425,-0.664,0.016,3.66,1.82
gain,default_fixed,accel_gain,0.05,on,14.70,1.55,1.19,-0.077,-0.060,-0.427,-0.665,0.016,3.64,1.83
gain,default_fixed,accel_gain,0.05,on,14.75,1.50,1.18,-0.075,-0.059,-0.427,-0.665,0.016,3.62,1.84
gain,default_fixed,accel_gain,0.05,on,14.80,1.46,1.17,-0.073,-0.058,-0.428,-0.665,0.016,3.61,1.84
gain,default_fixed,accel_gain,0.05,on,14.85,1.43,1.15,-0.071,-0.058,-0.428,-0.666,0.016,3.60,1.84
gain,default_fixed,accel_gain,0.05,on,14.90,1.41,1.14,-0.070,-0.057,-0.428,-0.666,0.017,3.60,1.85
gain,default_fixed,accel_gain,0.05,on,14.95,1.40,1.14,-0.070,-0.057,-0.428,-0.666,0.017,3.60,1.85
gain,default_fixed,accel_gain,0.05,on,15.00,1.39,1.14,-0.070,-0.057,-0.438,-0.661,0.012,3.76,1.93
gain,default_fixed,accel_gain,0.05,on,15.05,1.39,1.14,-0.070,-0.057,-0.438,-0.661,0.012,3.76,1.93
gain,default_fixed,accel_gain,0.05,on,15.10,1.39,1.15,-0.069,-0.057,-0.440,-0.660,0.011,3.76,1.94
gain,default_fixed,accel_gain,0.05,on,15.15,1.39,1.15,-0.070,-0.058,-0.441,-0.659,0.011,3.76,1.95
gain,default_fixed,accel_gain,0.05,on,15.20,1.39,1.16,-0.069,-0.058,-0.442,-0.658,0.011,3.75,1.96
gain,default_fixed,accel_gain,0.05,on,15.25,1.39,1.16,-0.069,-0.058,-0.443,-0.657,0.011,3.75,1.97
gain,default_fixed,accel_gain,0.05,on,15.30,1.38,1.16,-0.069,-0.058,-0.444,-0.656,0.011,3.75,1.98
gain,default_fixed,accel_gain,0.05,on,15.35,1.37,1.16,-0.068,-0.058,-0.445,-0.655,0.011,3.75,2.00
gain,default_fixed,accel_gain,0.05,on,15.40,1.35,1.15,-0.068,-0.057,-0.446,-0.653,0.012,3.75,2.01
gain,default_fixed,accel_gain,0.05,on,15.45,1.34,1.14,-0.067,-0.057,-0.447,-0.652,0.013,3.74,2.02
gain,default_fixed,accel_gain,0.05,on,15.50,1.33,1.13,-0.066,-0.057,-0.449,-0.650,0.015,3.74,2.04
gain,default_fixed,accel_gain,0.05,on,15.55,1.32,1.13,-0.066,-0.056,-0.450,-0.649,0.016,3.74,2.05
gain,default_fixed,accel_gain,0.05,on,15.60,1.32,1.13,-0.066,-0.056,-0.453,-0.647,0.019,3.73,2.06
gain,default_fixed,accel_gain,0.05,on,15.65,1.32,1.13,-0.066,-0.056,-0.454,-0.646,0.021,3.72,2.08
gain,default_fixed,accel_gain,0.05,on,15.70,1.34,1.13,-0.067,-0.057,-0.457,-0.643,0.024,3.71,2.10
gain,default_fixed,accel_gain,0.05,on,15.75,1.35,1.13,-0.067,-0.057,-0.459,-0.642,0.026,3.70,2.11
gain,default_fixed,accel_gain,0.05,on,15.80,1.36,1.14,-0.068,-0.057,-0.461,-0.639,0.029,3.68,2.13
gain,default_fixed,accel_gain,0.05,on,15.85,1.39,1.15,-0.069,-0.057,-0.463,-0.638,0.031,3.67,2.15
gain,default_fixed,accel_gain,0.05,on,15.90,1.41,1.15,-0.071,-0.058,-0.465,-0.635,0.034,3.65,2.17
gain,default_fixed,accel_gain,0.05,on,15.95,1.44,1.17,-0.072,-0.058,-0.466,-0.634,0.036,3.64,2.20
gain,default_fixed,accel_gain,0.05,on,16.00,1.46,1.17,-0.073,-0.058,-0.449,-0.601,0.052,4.00,2.32
gain,default_fixed,accel_gain,0.05,on,16.05,1.48,1.16,-0.074,-0.058,-0.449,-0.601,0.052,4.00,2.32
gain,default_fixed,accel_gain,0.05,on,16.10,1.50,1.15,-0.075,-0.057,-0.448,-0.601,0.051,4.00,2.32
gain,default_fixed,accel_gain,0.05,on,16.15,1.51,1.13,-0.075,-0.056,-0.448,-0.601,0.051,4.00,2.30
gain,default_fixed,accel_gain,0.05,on,16.20,1.51,1.11,-0.076,-0.055,-0.448,-0.602,0.051,3.99,2.29
gain,default_fixed,accel_gain,0.05,on,16.25,1.51,1.08,-0.075,-0.054,-0.447,-0.602,0.050,3.99,2.27
gain,default_fixed,accel_gain,0.05,on,16.30,1.51,1.06,-0.075,-0.053,-0.447,-0.603,0.049,3.98,2.25
gain,default_fixed,accel_gain,0.05,on,16.35,1.51,1.03,-0.075,-0.052,-0.446,-0.604,0.048,3.97,2.22
gain,default_fixed,accel_gain,0.05,on,16.40,1.51,1.01,-0.076,-0.051,-0.445,-0.605,0.046,3.97,2.20
gain,default_fixed,accel_gain,0.05,on,16.45,1.52,0.99,-0.076,-0.050,-0.444,-0.606,0.045,3.96,2.17
gain,default_fixed,accel_gain,0.05,on,16.50,1.53,0.98,-0.077,-0.049,-0.443,-0.608,0.043,3.95,2.15
gain,default_fixed,accel_gain,0.05,on,16.55,1.55,0.96,-0.077,-0.048,-0.442,-0.609,0.042,3.95,2.11
gain,default_fixed,accel_gain,0.05,on,16.60,1.57,0.96,-0.079,-0.048,-0.440,-0.611,0.040,3.95,2.09
gain,default_fixed,accel_gain,0.05,on,16.65,1.61,0.95,-0.080,-0.048,-0.439,-0.612,0.039,3.96,2.05
gain,default_fixed,accel_gain,0.05,on,16.70,1.65,0.95,-0.082,-0.048,-0.437,-0.613,0.037,3.96,2.03
gain,default_fixed,accel_gain,0.05,on,16.75,1.70,0.96,-0.085,-0.048,-0.435,-0.614,0.036,3.97,2.00
gain,default_fixed,accel_gain,0.05,on,16.80,1.74,0.97,-0.087,-0.048,-0.432,-0.616,0.035,3.98,1.98
gain,default_fixed,accel_gain,0.05,on,16.85,1.80,0.98,-0.090,-0.049,-0.431,-0.616,0.034,4.01,1.96
gain,default_fixed,accel_gain,0.05,on,16.90,1.85,1.00,-0.093,-0.050,-0.428,-0.618,0.033,4.02,1.95
gain,default_fixed,accel_gain,0.05,on,16.95,1.91,1.03,-0.096,-0.051,-0.427,-0.619,0.033,4.05,1.93
gain,default_fixed,accel_gain,0.05,on,17.00,1.94,1.05,-0.097,-0.052,-0.390,-0.645,0.045,4.24,1.80
gain,default_fixed,accel_gain,0.05,on,17.05,1.95,1.06,-0.097,-0.053,-0.390,-0.645,0.045,4.24,1.80
gain,default_fixed,accel_gain,0.05,on,17.10,1.94,1.07,-0.097,-0.054,-0.391,-0.648,0.043,4.22,1.78
gain,default_fixed,accel_gain,0.05,on,17.15,1.91,1.08,-0.096,-0.054,-0.392,-0.650,0.042,4.19,1.77
gain,default_fixed,accel_gain,0.05,on,17.20,1.88,1.08,-0.094,-0.054,-0.394,-0.654,0.040,4.16,1.75
gain,default_fixed,accel_gain,0.05,on,17.25,1.84,1.08,-0.092,-0.054,-0.396,-0.656,0.039,4.13,1.73
gain,default_fixed,accel_gain,0.05,on,17.30,1.80,1.07,-0.090,-0.054,-0.398,-0.659,0.037,4.09,1.72
gain,default_fixed,accel_gain,0.05,on,17.35,1.74,1.06,-0.087,-0.053,-0.400,-0.662,0.036,4.05,1.70
gain,default_fixed,accel_gain,0.05,on,17.40,1.68,1.05,-0.084,-0.052,-0.403,-0.665,0.034,4.01,1.68
gain,default_fixed,accel_gain,0.05,on,17.45,1.63,1.04,-0.081,-0.052,-0.405,-0.667,0.033,3.96,1.67
gain,default_fixed,accel_gain,0.05,on,17.50,1.57,1.02,-0.079,-0.051,-0.409,-0.671,0.032,3.91,1.65
gain,default_fixed,accel_gain,0.05,on,17.55,1.52,1.00,-0.076,-0.050,-0.411,-0.673,0.032,3.86,1.64
gain,default_fixed,accel_gain,0.05,on,17.60,1.47,0.98,-0.074,-0.049,-0.415,-0.677,0.033,3.81,1.63
gain,default_fixed,accel_gain,0.05,on,17.65,1.42,0.96,-0.071,-0.048,-0.416,-0.679,0.033,3.76,1.61
gain,default_fixed,accel_gain,0.05,on,17.70,1.37,0.94,-0.068,-0.047,-0.420,-0.682,0.035,3.71,1.60
gain,default_fixed,accel_gain,0.05,on,17.75,1.33,0.93,-0.067,-0.046,-0.422,-0.684,0.036,3.67,1.59
gain,default_fixed,accel_gain,0.05,on,17.80,1.31,0.92,-0.065,-0.046,-0.425,-0.688,0.038,3.63,1.58
gain,default_fixed,accel_gain,0.05,on,17.85,1.29,0.91,-0.064,-0.045,-0.426,-0.689,0.039,3.60,1.57
gain,default_fixed,accel_gain,0.05,on,17.90,1.28,0.91,-0.064,-0.045,-0.429,-0.692,0.042,3.57,1.56
gain,default_fixed,accel_gain,0.05,on,17.95,1.27,0.91,-0.064,-0.045,-0.431,-0.694,0.043,3.54,1.55
gain,default_fixed,accel_gain,0.1,on,0.00,0.00,0.00,0.000,0.000,-0.750,-0.881,0.128,-0.01,1.00
gain,default_fixed,accel_gain,0.1,on,0.05,0.00,0.00,0.000,0.000,-0.750,-0.881,0.128,-0.01,1.00
gain,default_fixed,accel_gain,0.1,on,0.10,0.00,0.00,0.000,0.000,-0.757,-0.887,0.136,-0.09,0.91
gain,default_fixed,accel_gain,0.1,on,0.15,0.00,0.00,0.000,0.000,-0.760,-0.889,0.139,-0.18,0.81
gain,default_fixed,accel_gain,0.1,on,0.20,0.00,0.00,0.000,0.000,-0.766,-0.894,0.144,-0.25,0.72
gain,default_fixed,accel_gain,0.1,on,0.25,0.00,0.00,0.000,0.000,-0.768,-0.896,0.147,-0.32,0.63
gain,default_fixed,accel_gain,0.1,on,0.30,0.00,0.00,0.000,0.000,-0.772,-0.900,0.151,-0.37,0.56
gain,default_fixed,accel_gain,0.1,on,0.35,0.00,0.00,0.000,0.000,-0.773,-0.901,0.152,-0.40,0.50
gain,default_fixed,accel_gain,0.1,on,0.40,0.00,0.00,0.000,0.000,-0.774,-0.902,0.154,-0.41,0.46
gain,default_fixed,accel_gain,0.1,on,0.45,0.00,0.00,0.000,0.000,-0.775,-0.902,0.155,-0.39,0.44
gain,default_fixed,accel_gain,0.1,on,0.50,0.00,0.00,0.000,0.000,-0.774,-0.901,0.154,-0.35,0.45
gain,default_fixed,accel_gain,0.1,on,0.55,0.00,0.00,0.000,0.000,-0.774,-0.900,0.153,-0.28,0.48
gain,default_fixed,accel_gain,0.1,on,0.60,0.00,0.00,0.000,0.000,-0.772,-0.896,0.151,-0.20,0.52
gain,default_fixed,accel_gain,0.1,on,0.65,0.00,0.00,0.000,0.000,-0.770,-0.894,0.149,-0.09,0.59
gain,default_fixed,accel_gain,0.1,on,0.70,0.00,0.00,0.000,0.000,-0.766,-0.887,0.145,0.02,0.66
gain,default_fixed,accel_gain,0.1,on,0.75,0.00,0.00,0.000,0.000,-0.764,-0.883,0.143,0.17,0.76
gain,default_fixed,accel_gain,0.1,on,0.80,0.00,0.00,0.000,0.000,-0.759,-0.874,0.138,0.31,0.87
gain,default_fixed,accel_gain,0.1,on,0.85,0.00,0.00,0.000,0.000,-0.756,-0.869,0.136,0.48,1.00
gain,default_fixed,accel_gain,0.1,on,0.90,0.00,0.00,0.000,0.000,-0.750,-0.858,0.131,0.64,1.13
gain,default_fixed,accel_gain,0.1,on,0.95,2.47,2.39,-0.247,-0.239,-0.747,-0.852,0.129,0.82,1.27
gain,default_fixed,accel_gain,0.1,on,1.00,2.48,2.33,-0.248,-0.233,-0.654,-0.714,0.172,3.66,3.31
gain,default_fixed,accel_gain,0.1,on,1.05,2.46,2.24,-0.246,-0.224,-0.654,-0.714,0.172,3.66,3.31
gain,default_fixed,accel_gain,0.1,on,1.10,2.42,2.12,-0.242,-0.212,-0.647,-0.715,0.169,3.68,3.25
gain,default_fixed,accel_gain,0.1,on,1.15,2.37,1.99,-0.237,-0.199,-0.643,-0.717,0.167,3.70,3.18
gain,default_fixed,accel_gain,0.1,on,1.20,2.33,1.86,-0.233,-0.186,-0.636,-0.720,0.164,3.72,3.10
gain,default_fixed,accel_gain,0.1,on,1.25,2.30,1.72,-0.230,-0.172,-0.632,-0.721,0.161,3.74,2.99
gain,default_fixed,accel_gain,0.1,on,1.30,2.27,1.59,-0.227,-0.159,-0.623,-0.726,0.156,3.76,2.88
gain,default_fixed,accel_gain,0.1,on,1.35,2.25,1.46,-0.225,-0.146,-0.619,-0.729,0.153,3.78,2.75
gain,default_fixed,accel_gain,0.1,on,1.40,2.30,1.37,-0.230,-0.137,-0.610,-0.735,0.148,3.80,2.63
gain,default_fixed,accel_gain,0.1,on,1.45,2.33,1.31,-0.233,-0.131,-0.605,-0.738,0.146,3.82,2.48
gain,default_fixed,accel_gain,0.1,on,1.50,2.40,1.24,-0.240,-0.124,-0.594,-0.745,0.140,3.85,2.35
gain,default_fixed,accel_gain,0.1,on,1.55,2.46,1.19,-0.246,-0.119,-0.589,-0.748,0.139,3.88,2.21
gain,default_fixed,accel_gain,0.1,on,1.60,2.55,1.16,-0.255,-0.116,-0.579,-0.754,0.135,3.92,2.08
gain,default_fixed,accel_gain,0.1,on,1.65,2.66,1.12,-0.266,-0.112,-0.574,-0.757,0.134,3.98,1.96
gain,default_fixed,accel_gain,0.1,on,1.70,2.77,1.10,-0.277,-0.110,-0.561,-0.764,0.133,4.05,1.85
gain,default_fixed,accel_gain,0.1,on,1.75,2.91,1.10,-0.291,-0.110,-0.556,-0.767,0.133,4.14,1.75
gain,default_fixed,accel_gain,0.1,on,1.80,3.06,1.13,-0.306,-0.113,-0.545,-0.772,0.134,4.23,1.67
gain,default_fixed,accel_gain,0.1,on,1.85,3.21,1.16,-0.321,-0.116,-0.540,-0.775,0.135,4.34,1.59
gain,default_fixed,accel_gain,0.1,on,1.90,3.37,1.22,-0.337,-0.122,-0.528,-0.781,0.138,4.45,1.54
gain,default_fixed,accel_gain,0.1,on,1.95,3.56,1.30,-0.356,-0.130,-0.523,-0.783,0.140,4.58,1.49
gain,default_fixed,accel_gain,0.1,on,2.00,3.59,1.37,-0.359,-0.137,-0.491,-0.900,0.131,4.33,1.29
gain,default_fixed,accel_gain,0.1,on,2.05,3.57,1.43,-0.357,-0.143,-0.491,-0.900,0.131,4.33,1.29
gain,default_fixed,accel_gain,0.1,on,2.10,3.48,1.48,-0.348,-0.148,-0.497,-0.912,0.128,4.25,1.24
gain,default_fixed,accel_gain,0.1,on,2.15,3.37,1.53,-0.337,-0.153,-0.500,-0.918,0.126,4.18,1.20
gain,default_fixed,accel_gain,0.1,on,2.20,3.24,1.56,-0.324,-0.156,-0.506,-0.929,0.125,4.11,1.16
gain,default_fixed,accel_gain,0.1,on,2.25,3.11,1.58,-0.311,-0.158,-0.509,-0.934,0.124,4.04,1.13
gain,default_fixed,accel_gain,0.1,on,2.30,2.95,1.59,-0.295,-0.159,-0.516,-0.947,0.124,3.96,1.10
gain,default_fixed,accel_gain,0.1,on,2.35,2.80,1.59,-0.280,-0.159,-0.519,-0.952,0.124,3.88,1.08
gain,default_fixed,accel_gain,0.1,on,2.40,2.66,1.60,-0.266,-0.160,-0.525,-0.962,0.125,3.78,1.06
gain,default_fixed,accel_gain,0.1,on,2.45,2.57,1.62,-0.257,-0.162,-0.528,-0.966,0.125,3.68,1.04
gain,default_fixed,accel_gain,0.1,on,2.50,2.46,1.60,-0.246,-0.160,-0.536,-0.976,0.127,3.57,1.03
gain,default_fixed,accel_gain,0.1,on,2.55,2.36,1.56,-0.236,-0.156,-0.539,-0.980,0.128,3.47,1.02
gain,default_fixed,accel_gain,0.1,on,2.60,2.26,1.53,-0.226,-0.153,-0.546,-0.989,0.130,3.36,1.01
gain,default_fixed,accel_gain,0.1,on,2.65,2.18,1.51,-0.218,-0.151,-0.550,-0.992,0.131,3.26,1.00
gain,default_fixed,accel_gain,0.1,on,2.70,2.14,1.51,-0.214,-0.151,-0.558,-1.000,0.133,3.16,0.99
gain,default_fixed,accel_gain,0.1,on,2.75,2.11,1.50,-0.211,-0.150,-0.562,-1.003,0.134,3.08,0.99
gain,default_fixed,accel_gain,0.1,on,2.80,2.12,1.51,-0.212,-0.151,-0.569,-1.008,0.136,3.00,0.98
gain,default_fixed,accel_gain,0.1,on,2.85,2.15,1.51,-0.215,-0.151,-0.573,-1.010,0.137,2.94,0.98
gain,default_fixed,accel_gain,0.1,on,2.90,2.24,1.54,-0.224,-0.154,-0.581,-1.015,0.139,2.88,0.99
gain,default_fixed,accel_gain,0.1,on,2.95,2.38,1.57,-0.238,-0.157,-0.585,-1.017,0.139,2.85,1.00
gain,default_fixed,accel_gain,0.1,on,3.00,2.57,1.65,-0.257,-0.165,-0.699,-0.960,0.109,3.00,2.13
gain,default_fixed,accel_gain,0.1,on,3.05,2.75,1.78,-0.275,-0.178,-0.699,-0.960,0.109,3.00,2.13
gain,default_fixed,accel_gain,0.1,on,3.10,2.92,1.93,-0.292,-0.193,-0.702,-0.956,0.109,3.00,2.18
gain,default_fixed,accel_gain,0.1,on,3.15,3.09,2.09,-0.309,-0.209,-0.707,-0.948,0.108,3.01,2.24
gain,default_fixed,accel_gain,0.1,on,3.20,3.23,2.24,-0.323,-0.224,-0.710,-0.944,0.108,3.03,2.29
gain,default_fixed,accel_gain,0.1,on,3.25,3.38,2.37,-0.338,-0.237,-0.714,-0.936,0.107,3.07,2.36
gain,default_fixed,accel_gain,0.1,on,3.30,3.52,2.47,-0.352,-0.247,-0.716,-0.932,0.107,3.13,2.43
gain,default_fixed,accel_gain,0.1,on,3.35,3.64,2.57,-0.364,-0.257,-0.721,-0.923,0.107,3.22,2.52
gain,default_fixed,accel_gain,0.1,on,3.40,3.74,2.64,-0.374,-0.264,-0.723,-0.919,0.107,3.31,2.60
gain,default_fixed,accel_gain,0.1,on,3.45,3.84,2.68,-0.384,-0.268,-0.726,-0.910,0.108,3.40,2.69
gain,default_fixed,accel_gain,0.1,on,3.50,3.94,2.70,-0.394,-0.270,-0.728,-0.906,0.109,3.49,2.77
gain,default_fixed,accel_gain,0.1,on,3.55,4.02,2.71,-0.402,-0.271,-0.731,-0.897,0.110,3.57,2.85
gain,default_fixed,accel_gain,0.1,on,3.60,4.08,2.70,-0.408,-0.270,-0.732,-0.893,0.111,3.64,2.91
gain,default_fixed,accel_gain,0.1,on,3.65,4.13,2.67,-0.413,-0.267,-0.734,-0.886,0.113,3.71,2.97
gain,default_fixed,accel_gain,0.1,on,3.70,4.18,2.61,-0.418,-0.261,-0.736,-0.882,0.114,3.76,3.01
gain,default_fixed,accel_gain,0.1,on,3.75,4.23,2.55,-0.423,-0.255,-0.738,-0.874,0.117,3.80,3.03
gain,default_fixed,accel_gain,0.1,on,3.80,4.25,2.48,-0.425,-0.248,-0.739,-0.870,0.118,3.82,3.05
gain,default_fixed,accel_gain,0.1,on,3.85,4.27,2.42,-0.427,-0.242,-0.740,-0.864,0.120,3.84,3.05
gain,default_fixed,accel_gain,0.1,on,3.90,4.27,2.35,-0.427,-0.235,-0.741,-0.861,0.122,3.85,3.04
gain,default_fixed,accel_gain,0.1,on,3.95,4.26,2.30,-0.426,-0.230,-0.742,-0.854,0.124,3.85,3.03
gain,default_fixed,accel_gain,0.1,on,4.00,4.21,2.22,-0.421,-0.222,-0.681,-0.808,0.096,4.18,2.52
gain,default_fixed,accel_gain,0.1,on,4.05,4.11,2.11,-0.411,-0.211,-0.681,-0.808,0.096,4.18,2.52
gain,default_fixed,accel_gain,0.1,on,4.10,4.00,1.99,-0.400,-0.199,-0.678,-0.807,0.094,4.21,2.50
gain,default_fixed,accel_gain,0.1,on,4.15,3.89,1.87,-0.389,-0.187,-0.671,-0.806,0.091,4.25,2.49
gain,default_fixed,accel_gain,0.1,on,4.20,3.77,1.75,-0.377,-0.175,-0.668,-0.806,0.089,4.28,2.46
gain,default_fixed,accel_gain,0.1,on,4.25,3.64,1.63,-0.364,-0.163,-0.662,-0.806,0.087,4.30,2.42
gain,default_fixed,accel_gain,0.1,on,4.30,3.51,1.52,-0.351,-0.152,-0.659,-0.806,0.086,4.30,2.38
gain,default_fixed,accel_gain,0.1,on,4.35,3.40,1.42,-0.340,-0.142,-0.653,-0.806,0.083,4.28,2.33
gain,default_fixed,accel_gain,0.1,on,4.40,3.31,1.33,-0.331,-0.133,-0.650,-0.806,0.082,4.25,2.27
gain,default_fixed,accel_gain,0.1,on,4.45,3.22,1.27,-0.322,-0.127,-0.645,-0.806,0.080,4.21,2.21
gain,default_fixed,accel_gain,0.1,on,4.50,3.14,1.21,-0.314,-0.121,-0.642,-0.806,0.079,4.17,2.16
gain,default_fixed,accel_gain,0.1,on,4.55,3.08,1.17,-0.308,-0.117,-0.637,-0.807,0.077,4.12,2.11
gain,default_fixed,accel_gain,0.1,on,4.60,3.04,1.14,-0.304,-0.114,-0.635,-0.807,0.077,4.08,2.06
gain,default_fixed,accel_gain,0.1,on,4.65,3.02,1.11,-0.302,-0.111,-0.631,-0.807,0.076,4.04,2.02
gain,default_fixed,accel_gain,0.1,on,4.70,3.02,1.10,-0.302,-0.110,-0.629,-0.807,0.075,4.00,1.99
gain,default_fixed,accel_gain,0.1,on,4.75,3.04,1.11,-0.304,-0.111,-0.624,-0.808,0.075,3.98,1.97
gain,default_fixed,accel_gain,0.1,on,4.80,3.06,1.13,-0.306,-0.113,-0.622,-0.808,0.075,3.96,1.95
gain,default_fixed,accel_gain,0.1,on,4.85,3.09,1.16,-0.309,-0.116,-0.617,-0.808,0.075,3.95,1.94
gain,default_fixed,accel_gain,0.1,on,4.90,3.13,1.20,-0.313,-0.120,-0.615,-0.808,0.075,3.96,1.94
gain,default_fixed,accel_gain,0.1,on,4.95,3.18,1.25,-0.318,-0.125,-0.610,-0.808,0.075,3.98,1.95
gain,default_fixed,accel_gain,0.1,on,5.00,3.18,1.29,-0.318,-0.129,-0.555,-0.858,0.071,4.32,1.72
gain,default_fixed,accel_gain,0.1,on,5.05,3.17,1.31,-0.317,-0.131,-0.555,-0.858,0.071,4.32,1.72
gain,default_fixed,accel_gain,0.1,on,5.10,3.13,1.32,-0.313,-0.132,-0.554,-0.861,0.071,4.30,1.68
gain,default_fixed,accel_gain,0.1,on,5.15,3.07,1.32,-0.307,-0.132,-0.553,-0.868,0.070,4.28,1.64
gain,default_fixed,accel_gain,0.1,on,5.20,3.01,1.31,-0.301,-0.131,-0.552,-0.871,0.070,4.26,1.61
gain,default_fixed,accel_gain,0.1,on,5.25,2.93,1.30,-0.293,-0.130,-0.551,-0.876,0.071,4.23,1.58
gain,default_fixed,accel_gain,0.1,on,5.30,2.85,1.28,-0.285,-0.128,-0.551,-0.879,0.071,4.21,1.56
gain,default_fixed,accel_gain,0.1,on,5.35,2.76,1.25,-0.276,-0.125,-0.550,-0.884,0.072,4.17,1.54
gain,default_fixed,accel_gain,0.1,on,5.40,2.67,1.23,-0.267,-0.123,-0.550,-0.886,0.072,4.14,1.52
gain,default_fixed,accel_gain,0.1,on,5.45,2.58,1.21,-0.258,-0.121,-0.549,-0.890,0.073,4.10,1.51
gain,default_fixed,accel_gain,0.1,on,5.50,2.49,1.19,-0.249,-0.119,-0.549,-0.892,0.073,4.06,1.50
gain,default_fixed,accel_gain,0.1,on,5.55,2.39,1.16,-0.239,-0.116,-0.549,-0.895,0.074,4.01,1.49
gain,default_fixed,accel_gain,0.1,on,5.60,2.31,1.14,-0.231,-0.114,-0.549,-0.897,0.074,3.96,1.48
gain,default_fixed,accel_gain,0.1,on,5.65,2.21,1.11,-0.221,-0.111,-0.549,-0.899,0.074,3.91,1.48
gain,default_fixed,accel_gain,0.1,on,5.70,2.12,1.09,-0.212,-0.109,-0.550,-0.901,0.074,3.87,1.48
gain,default_fixed,accel_gain,0.1,on,5.75,2.03,1.07,-0.203,-0.107,-0.550,-0.903,0.074,3.82,1.48
gain,default_fixed,accel_gain,0.1,on,5.80,1.95,1.06,-0.195,-0.106,-0.551,-0.904,0.074,3.77,1.49
gain,default_fixed,accel_gain,0.1,on,5.85,1.86,1.05,-0.186,-0.105,-0.552,-0.906,0.073,3.72,1.50
gain,default_fixed,accel_gain,0.1,on,5.90,1.79,1.05,-0.179,-0.105,-0.553,-0.907,0.073,3.68,1.51
gain,default_fixed,accel_gain,0.1,on,5.95,1.74,1.05,-0.174,-0.105,-0.555,-0.908,0.071,3.63,1.52
gain,default_fixed,accel_gain,0.1,on,6.00,1.70,1.08,-0.170,-0.108,-0.578,-0.908,0.050,3.69,1.86
gain,default_fixed,accel_gain,0.1,on,6.05,1.67,1.13,-0.167,-0.113,-0.578,-0.908,0.050,3.69,1.86
gain,default_fixed,accel_gain,0.1,on,6.10,1.66,1.18,-0.166,-0.118,-0.579,-0.907,0.049,3.70,1.88
gain,default_fixed,accel_gain,0.1,on,6.15,1.66,1.24,-0.166,-0.124,-0.581,-0.903,0.045,3.70,1.90
gain,default_fixed,accel_gain,0.1,on,6.20,1.65,1.29,-0.165,-0.129,-0.582,-0.901,0.044,3.70,1.94
gain,default_fixed,accel_gain,0.1,on,6.25,1.66,1.35,-0.166,-0.135,-0.584,-0.897,0.040,3.70,1.97
gain,default_fixed,accel_gain,0.1,on,6.30,1.68,1.40,-0.168,-0.140,-0.585,-0.895,0.039,3.70,2.02
gain,default_fixed,accel_gain,0.1,on,6.35,1.70,1.44,-0.170,-0.144,-0.587,-0.890,0.036,3.69,2.08
gain,default_fixed,accel_gain,0.1,on,6.40,1.73,1.49,-0.173,-0.149,-0.587,-0.887,0.034,3.70,2.14
gain,default_fixed,accel_gain,0.1,on,6.45,1.77,1.52,-0.177,-0.152,-0.589,-0.882,0.032,3.70,2.20
gain,default_fixed,accel_gain,0.1,on,6.50,1.82,1.55,-0.182,-0.155,-0.590,-0.880,0.031,3.72,2.26
gain,default_fixed,accel_gain,0.1,on,6.55,1.86,1.57,-0.186,-0.157,-0.593,-0.875,0.030,3.73,2.32
gain,default_fixed,accel_gain,0.1,on,6.60,1.91,1.59,-0.191,-0.159,-0.594,-0.873,0.030,3.75,2.37
gain,default_fixed,accel_gain,0.1,on,6.65,1.96,1.61,-0.196,-0.161,-0.596,-0.869,0.029,3.76,2.42
gain,default_fixed,accel_gain,0.1,on,6.70,2.02,1.62,-0.202,-0.162,-0.597,-0.867,0.029,3.78,2.46
gain,default_fixed,accel_gain,0.1,on,6.75,2.07,1.62,-0.207,-0.162,-0.599,-0.863,0.029,3.80,2.48
gain,default_fixed,accel_gain,0.1,on,6.80,2.11,1.61,-0.211,-0.161,-0.600,-0.862,0.029,3.82,2.51
gain,default_fixed,accel_gain,0.1,on,6.85,2.15,1.60,-0.215,-0.160,-0.603,-0.860,0.030,3.84,2.52
gain,default_fixed,accel_gain,0.1,on,6.90,2.17,1.59,-0.217,-0.159,-0.604,-0.859,0.030,3.85,2.52
gain,default_fixed,accel_gain,0.1,on,6.95,2.19,1.57,-0.219,-0.157,-0.606,-0.857,0.030,3.87,2.52
gain,default_fixed,accel_gain,0.1,on,7.00,2.18,1.52,-0.218,-0.152,-0.626,-0.859,0.024,3.71,2.13
gain,default_fixed,accel_gain,0.1,on,7.05,2.14,1.47,-0.214,-0.147,-0.626,-0.859,0.024,3.71,2.13
gain,default_fixed,accel_gain,0.1,on,7.10,2.09,1.40,-0.209,-0.140,-0.625,-0.859,0.023,3.73,2.11
gain,default_fixed,accel_gain,0.1,on,7.15,2.04,1.33,-0.204,-0.133,-0.622,-0.860,0.022,3.75,2.08
gain,default_fixed,accel_gain,0.1,on,7.20,1.98,1.26,-0.198,-0.126,-0.621,-0.861,0.022,3.77,2.07
gain,default_fixed,accel_gain,0.1,on,7.25,1.92,1.20,-0.192,-0.120,-0.618,-0.862,0.021,3.80,2.03
gain,default_fixed,accel_gain,0.1,on,7.30,1.87,1.13,-0.187,-0.113,-0.616,-0.862,0.021,3.81,2.00
gain,default_fixed,accel_gain,0.1,on,7.35,1.82,1.08,-0.182,-0.108,-0.613,-0.862,0.022,3.82,1.96
gain,default_fixed,accel_gain,0.1,on,7.40,1.79,1.04,-0.179,-0.104,-0.611,-0.862,0.023,3.83,1.93
gain,default_fixed,accel_gain,0.1,on,7.45,1.77,1.01,-0.177,-0.101,-0.607,-0.861,0.026,3.84,1.90
gain,default_fixed,accel_gain,0.1,on,7.50,1.76,0.99,-0.176,-0.099,-0.605,-0.860,0.027,3.84,1.88
gain,default_fixed,accel_gain,0.1,on,7.55,1.77,0.98,-0.177,-0.098,-0.601,-0.859,0.031,3.84,1.86
gain,default_fixed,accel_gain,0.1,on,7.60,1.79,0.99,-0.179,-0.099,-0.598,-0.858,0.033,3.85,1.85
gain,default_fixed,accel_gain,0.1,on,7.65,1.83,1.00,-0.183,-0.100,-0.594,-0.857,0.038,3.87,1.85
gain,default_fixed,accel_gain,0.1,on,7.70,1.87,1.03,-0.187,-0.103,-0.591,-0.856,0.040,3.90,1.85
gain,default_fixed,accel_gain,0.1,on,7.75,1.93,1.06,-0.193,-0.106,-0.586,-0.855,0.045,3.94,1.86
gain,default_fixed,accel_gain,0.1,on,7.80,2.00,1.11,-0.200,-0.111,-0.584,-0.854,0.047,3.97,1.87
gain,default_fixed,accel_gain,0.1,on,7.85,2.06,1.17,-0.206,-0.117,-0.580,-0.852,0.051,4.03,1.90
gain,default_fixed,accel_gain,0.1,on,7.90,2.13,1.22,-0.213,-0.122,-0.578,-0.852,0.053,4.08,1.91
gain,default_fixed,accel_gain,0.1,on,7.95,2.19,1.28,-0.219,-0.128,-0.575,-0.850,0.057,4.15,1.95
gain,default_fixed,accel_gain,0.1,on,8.00,2.20,1.31,-0.220,-0.131,-0.587,-0.869,0.037,3.85,1.95
gain,default_fixed,accel_gain,0.1,on,8.05,2.17,1.31,-0.217,-0.131,-0.587,-0.869,0.037,3.85,1.95
gain,default_fixed,accel_gain,0.1,on,8.10,2.11,1.28,-0.211,-0.128,-0.587,-0.871,0.036,3.83,1.90
gain,default_fixed,accel_gain,0.1,on,8.15,2.03,1.25,-0.203,-0.125,-0.587,-0.876,0.036,3.82,1.86
gain,default_fixed,accel_gain,0.1,on,8.20,1.97,1.21,-0.197,-0.121,-0.586,-0.878,0.036,3.82,1.82
gain,default_fixed,accel_gain,0.1,on,8.25,1.90,1.16,-0.190,-0.116,-0.585,-0.882,0.036,3.81,1.78
gain,default_fixed,accel_gain,0.1,on,8.30,1.83,1.12,-0.183,-0.112,-0.584,-0.884,0.037,3.81,1.75
gain,default_fixed,accel_gain,0.1,on,8.35,1.77,1.07,-0.177,-0.107,-0.583,-0.887,0.039,3.81,1.71
gain,default_fixed,accel_gain,0.1,on,8.40,1.72,1.04,-0.172,-0.104,-0.582,-0.889,0.040,3.80,1.68
gain,default_fixed,accel_gain,0.1,on,8.45,1.67,1.01,-0.167,-0.101,-0.581,-0.892,0.042,3.79,1.65
gain,default_fixed,accel_gain,0.1,on,8.50,1.62,0.98,-0.162,-0.098,-0.580,-0.893,0.043,3.78,1.62
gain,default_fixed,accel_gain,0.1,on,8.55,1.57,0.95,-0.157,-0.095,-0.579,-0.896,0.045,3.77,1.59
gain,default_fixed,accel_gain,0.1,on,8.60,1.54,0.93,-0.154,-0.093,-0.578,-0.897,0.046,3.76,1.57
gain,default_fixed,accel_gain,0.1,on,8.65,1.50,0.91,-0.150,-0.091,-0.577,-0.899,0.047,3.75,1.55
gain,default_fixed,accel_gain,0.1,on,8.70,1.47,0.90,-0.147,-0.090,-0.577,-0.900,0.048,3.75,1.54
gain,default_fixed,accel_gain,0.1,on,8.75,1.44,0.89,-0.144,-0.089,-0.576,-0.900,0.049,3.75,1.54
gain,default_fixed,accel_gain,0.1,on,8.80,1.41,0.90,-0.141,-0.090,-0.576,-0.901,0.049,3.74,1.54
gain,default_fixed,accel_gain,0.1,on,8.85,1.38,0.90,-0.138,-0.090,-0.576,-0.901,0.049,3.74,1.55
gain,default_fixed,accel_gain,0.1,on,8.90,1.36,0.92,-0.136,-0.092,-0.576,-0.901,0.049,3.74,1.56
gain,default_fixed,accel_gain,0.1,on,8.95,1.34,0.94,-0.134,-0.094,-0.575,-0.901,0.050,3.74,1.58
gain,default_fixed,accel_gain,0.1,on,9.00,1.33,0.97,-0.133,-0.097,-0.573,-0.875,0.049,3.92,2.07
gain,default_fixed,accel_gain,0.1,on,9.05,1.32,1.00,-0.132,-0.100,-0.573,-0.875,0.049,3.92,2.07
gain,default_fixed,accel_gain,0.1,on,9.10,1.31,1.04,-0.131,-0.104,-0.573,-0.873,0.049,3.93,2.07
gain,default_fixed,accel_gain,0.1,on,9.15,1.31,1.07,-0.131,-0.107,-0.574,-0.872,0.049,3.94,2.08
gain,default_fixed,accel_gain,0.1,on,9.20,1.31,1.11,-0.131,-0.111,-0.575,-0.870,0.048,3.95,2.09
gain,default_fixed,accel_gain,0.1,on,9.25,1.32,1.14,-0.132,-0.114,-0.576,-0.868,0.048,3.95,2.10
gain,default_fixed,accel_gain,0.1,on,9.30,1.33,1.17,-0.133,-0.117,-0.578,-0.866,0.047,3.94,2.12
gain,default_fixed,accel_gain,0.1,on,9.35,1.33,1.19,-0.133,-0.119,-0.579,-0.865,0.046,3.94,2.15
gain,default_fixed,accel_gain,0.1,on,9.40,1.33,1.21,-0.133,-0.121,-0.582,-0.864,0.044,3.93,2.17
gain,default_fixed,accel_gain,0.1,on,9.45,1.32,1.21,-0.132,-0.121,-0.583,-0.863,0.043,3.91,2.20
gain,default_fixed,accel_gain,0.1,on,9.50,1.31,1.21,-0.131,-0.121,-0.586,-0.862,0.041,3.90,2.22
gain,default_fixed,accel_gain,0.1,on,9.55,1.30,1.20,-0.130,-0.120,-0.588,-0.862,0.040,3.88,2.24
gain,default_fixed,accel_gain,0.1,on,9.60,1.28,1.18,-0.128,-0.118,-0.590,-0.861,0.038,3.86,2.25
gain,default_fixed,accel_gain,0.1,on,9.65,1.27,1.17,-0.127,-0.117,-0.591,-0.860,0.038,3.84,2.26
gain,default_fixed,accel_gain,0.1,on,9.70,1.25,1.15,-0.125,-0.115,-0.593,-0.859,0.037,3.81,2.27
gain,default_fixed,accel_gain,0.1,on,9.75,1.23,1.12,-0.123,-0.112,-0.594,-0.859,0.036,3.79,2.26
gain,default_fixed,accel_gain,0.1,on,9.80,1.22,1.10,-0.122,-0.110,-0.595,-0.858,0.036,3.77,2.26
gain,default_fixed,accel_gain,0.1,on,9.85,1.20,1.07,-0.120,-0.107,-0.596,-0.858,0.036,3.76,2.25
gain,default_fixed,accel_gain,0.1,on,9.90,1.18,1.04,-0.118,-0.104,-0.596,-0.857,0.036,3.74,2.24
gain,default_fixed,accel_gain,0.1,on,9.95,1.17,1.02,-0.117,-0.102,-0.596,-0.857,0.036,3.74,2.22
gain,default_fixed,accel_gain,0.1,on,10.00,1.15,0.99,-0.115,-0.099,-0.575,-0.872,0.047,4.03,1.89
gain,default_fixed,accel_gain,0.1,on,10.05,1.13,0.96,-0.113,-0.096,-0.575,-0.872,0.047,4.03,1.89
gain,default_fixed,accel_gain,0.1,on,10.10,1.12,0.93,-0.112,-0.093,-0.573,-0.874,0.049,4.04,1.87
gain,default_fixed,accel_gain,0.1,on,10.15,1.10,0.90,-0.110,-0.090,-0.572,-0.875,0.050,4.05,1.85
gain,default_fixed,accel_gain,0.1,on,10.20,1.08,0.87,-0.108,-0.087,-0.570,-0.876,0.052,4.06,1.83
gain,default_fixed,accel_gain,0.1,on,10.25,1.06,0.85,-0.106,-0.085,-0.570,-0.877,0.052,4.06,1.80
gain,default_fixed,accel_gain,0.1,on,10.30,1.05,0.83,-0.105,-0.083,-0.568,-0.878,0.053,4.06,1.78
gain,default_fixed,accel_gain,0.1,on,10.35,1.04,0.82,-0.104,-0.082,-0.568,-0.879,0.054,4.06,1.76
gain,default_fixed,accel_gain,0.1,on,10.40,1.04,0.81,-0.104,-0.081,-0.567,-0.879,0.054,4.06,1.74
gain,default_fixed,accel_gain,0.1,on,10.45,1.04,0.80,-0.104,-0.080,-0.567,-0.880,0.055,4.05,1.73
gain,default_fixed,accel_gain,0.1,on,10.50,1.05,0.80,-0.105,-0.080,-0.566,-0.880,0.055,4.04,1.72
gain,default_fixed,accel_gain,0.1,on,10.55,1.06,0.81,-0.106,-0.081,-0.566,-0.880,0.055,4.03,1.72
gain,default_fixed,accel_gain,0.1,on,10.60,1.07,0.82,-0.107,-0.082,-0.566,-0.880,0.056,4.02,1.72
gain,default_fixed,accel_gain,0.1,on,10.65,1.09,0.83,-0.109,-0.083,-0.566,-0.880,0.056,4.02,1.72
gain,default_fixed,accel_gain,0.1,on,10.70,1.10,0.85,-0.110,-0.085,-0.565,-0.880,0.056,4.01,1.74
gain,default_fixed,accel_gain,0.1,on,10.75,1.12,0.86,-0.112,-0.086,-0.565,-0.880,0.056,4.01,1.75
gain,default_fixed,accel_gain,0.1,on,10.80,1.14,0.88,-0.114,-0.088,-0.566,-0.880,0.056,4.01,1.77
gain,default_fixed,accel_gain,0.1,on,10.85,1.15,0.91,-0.115,-0.091,-0.566,-0.879,0.055,4.02,1.79
gain,default_fixed,accel_gain,0.1,on,10.90,1.17,0.93,-0.117,-0.093,-0.567,-0.879,0.055,4.02,1.81
gain,default_fixed,accel_gain,0.1,on,10.95,1.18,0.95,-0.118,-0.095,-0.568,-0.878,0.054,4.03,1.83
gain,default_fixed,accel_gain,0.1,on,11.00,1.17,0.97,-0.117,-0.097,-0.596,-0.872,0.027,3.82,2.01
gain,default_fixed,accel_gain,0.1,on,11.05,1.15,0.97,-0.115,-0.097,-0.596,-0.872,0.027,3.82,2.01
gain,default_fixed,accel_gain,0.1,on,11.10,1.13,0.97,-0.113,-0.097,-0.599,-0.872,0.025,3.82,2.00
gain,default_fixed,accel_gain,0.1,on,11.15,1.10,0.96,-0.110,-0.096,-0.600,-0.872,0.024,3.81,2.00
gain,default_fixed,accel_gain,0.1,on,11.20,1.07,0.95,-0.107,-0.095,-0.602,-0.872,0.022,3.80,2.00
gain,default_fixed,accel_gain,0.1,on,11.25,1.03,0.93,-0.103,-0.093,-0.603,-0.872,0.021,3.79,2.00
gain,default_fixed,accel_gain,0.1,on,11.30,1.00,0.91,-0.100,-0.091,-0.605,-0.872,0.019,3.77,2.00
gain,default_fixed,accel_gain,0.1,on,11.35,0.96,0.89,-0.096,-0.089,-0.607,-0.872,0.018,3.75,2.00
gain,default_fixed,accel_gain,0.1,on,11.40,0.93,0.87,-0.093,-0.087,-0.609,-0.872,0.016,3.73,2.00
gain,default_fixed,accel_gain,0.1,on,11.45,0.90,0.85,-0.090,-0.085,-0.610,-0.872,0.015,3.71,1.99
gain,default_fixed,accel_gain,0.1,on,11.50,0.88,0.83,-0.088,-0.083,-0.611,-0.873,0.014,3.69,1.99
gain,default_fixed,accel_gain,0.1,on,11.55,0.86,0.82,-0.086,-0.082,-0.612,-0.873,0.013,3.66,1.98
gain,default_fixed,accel_gain,0.1,on,11.60,0.84,0.80,-0.084,-0.080,-0.614,-0.873,0.012,3.64,1.98
gain,default_fixed,accel_gain,0.1,on,11.65,0.83,0.79,-0.083,-0.079,-0.615,-0.874,0.011,3.62,1.97
gain,default_fixed,accel_gain,0.1,on,11.70,0.82,0.78,-0.082,-0.078,-0.616,-0.874,0.010,3.61,1.96
gain,default_fixed,accel_gain,0.1,on,11.75,0.82,0.77,-0.082,-0.077,-0.617,-0.875,0.009,3.59,1.95
gain,default_fixed,accel_gain,0.1,on,11.80,0.82,0.77,-0.082,-0.077,-0.618,-0.875,0.009,3.58,1.94
gain,default_fixed,accel_gain,0.1,on,11.85,0.83,0.77,-0.083,-0.077,-0.618,-0.875,0.008,3.58,1.93
gain,default_fixed,accel_gain,0.1,on,11.90,0.84,0.78,-0.084,-0.078,-0.618,-0.875,0.008,3.58,1.92
gain,default_fixed,accel_gain,0.1,on,11.95,0.85,0.78,-0.085,-0.078,-0.618,-0.875,0.008,3.58,1.92
gain,default_fixed,accel_gain,0.1,on,12.00,0.87,0.80,-0.087,-0.080,-0.606,-0.857,0.030,3.94,2.08
gain,default_fixed,accel_gain,0.1,on,12.05,0.90,0.81,-0.090,-0.081,-0.606,-0.857,0.030,3.94,2.08
gain,default_fixed,accel_gain,0.1,on,12.10,0.93,0.83,-0.093,-0.083,-0.606,-0.856,0.030,3.93,2.09
gain,default_fixed,accel_gain,0.1,on,12.15,0.96,0.86,-0.096,-0.086,-0.606,-0.856,0.031,3.92,2.10
gain,default_fixed,accel_gain,0.1,on,12.20,0.99,0.88,-0.099,-0.088,-0.607,-0.855,0.031,3.92,2.10
gain,default_fixed,accel_gain,0.1,on,12.25,1.03,0.90,-0.103,-0.090,-0.607,-0.855,0.031,3.92,2.11
gain,default_fixed,accel_gain,0.1,on,12.30,1.05,0.91,-0.105,-0.091,-0.608,-0.855,0.031,3.92,2.11
gain,default_fixed,accel_gain,0.1,on,12.35,1.08,0.93,-0.108,-0.093,-0.608,-0.854,0.031,3.93,2.11
gain,default_fixed,accel_gain,0.1,on,12.40,1.10,0.94,-0.110,-0.094,-0.609,-0.854,0.031,3.93,2.11
gain,default_fixed,accel_gain,0.1,on,12.45,1.11,0.95,-0.111,-0.095,-0.609,-0.853,0.031,3.94,2.11
gain,default_fixed,accel_gain,0.1,on,12.50,1.13,0.95,-0.113,-0.095,-0.610,-0.853,0.032,3.95,2.11
gain,default_fixed,accel_gain,0.1,on,12.55,1.14,0.96,-0.114,-0.096,-0.610,-0.852,0.033,3.95,2.11
gain,default_fixed,accel_gain,0.1,on,12.60,1.15,0.96,-0.115,-0.096,-0.610,-0.851,0.034,3.96,2.11
gain,default_fixed,accel_gain,0.1,on,12.65,1.16,0.96,-0.116,-0.096,-0.610,-0.849,0.035,3.97,2.11
gain,default_fixed,accel_gain,0.1,on,12.70,1.17,0.96,-0.117,-0.096,-0.610,-0.849,0.036,3.97,2.12
gain,default_fixed,accel_gain,0.1,on,12.75,1.18,0.97,-0.118,-0.097,-0.611,-0.847,0.037,3.98,2.13
gain,default_fixed,accel_gain,0.1,on,12.80,1.18,0.97,-0.118,-0.097,-0.611,-0.846,0.038,3.99,2.14
gain,default_fixed,accel_gain,0.1,on,12.85,1.19,0.97,-0.119,-0.097,-0.611,-0.845,0.039,3.99,2.15
gain,default_fixed,accel_gain,0.1,on,12.90,1.20,0.97,-0.120,-0.097,-0.611,-0.845,0.039,3.99,2.16
gain,default_fixed,accel_gain,0.1,on,12.95,1.21,0.97,-0.121,-0.097,-0.610,-0.845,0.039,3.99,2.16
gain,default_fixed,accel_gain,0.1,on,13.00,1.20,0.96,-0.120,-0.096,-0.605,-0.858,0.030,3.95,1.97
gain,default_fixed,accel_gain,0.1,on,13.05,1.19,0.95,-0.119,-0.095,-0.605,-0.858,0.030,3.95,1.97
gain,default_fixed,accel_gain,0.1,on,13.10,1.17,0.93,-0.117,-0.093,-0.605,-0.859,0.029,3.95,1.96
gain,default_fixed,accel_gain,0.1,on,13.15,1.16,0.91,-0.116,-0.091,-0.603,-0.860,0.029,3.95,1.94
gain,default_fixed,accel_gain,0.1,on,13.20,1.14,0.89,-0.114,-0.089,-0.603,-0.861,0.028,3.95,1.92
gain,default_fixed,accel_gain,0.1,on,13.25,1.13,0.87,-0.113,-0.087,-0.601,-0.862,0.029,3.95,1.91
gain,default_fixed,accel_gain,0.1,on,13.30,1.12,0.85,-0.112,-0.085,-0.600,-0.863,0.029,3.95,1.89
gain,default_fixed,accel_gain,0.1,on,13.35,1.11,0.83,-0.111,-0.083,-0.598,-0.864,0.030,3.95,1.87
gain,default_fixed,accel_gain,0.1,on,13.40,1.11,0.82,-0.111,-0.082,-0.597,-0.864,0.031,3.96,1.86
gain,default_fixed,accel_gain,0.1,on,13.45,1.11,0.81,-0.111,-0.081,-0.595,-0.865,0.031,3.97,1.84
gain,default_fixed,accel_gain,0.1,on,13.50,1.12,0.81,-0.112,-0.081,-0.594,-0.866,0.032,3.98,1.83
gain,default_fixed,accel_gain,0.1,on,13.55,1.13,0.81,-0.113,-0.081,-0.593,-0.867,0.033,3.99,1.82
gain,default_fixed,accel_gain,0.1,on,13.60,1.15,0.81,-0.115,-0.081,-0.592,-0.867,0.033,4.01,1.81
gain,default_fixed,accel_gain,0.1,on,13.65,1.16,0.82,-0.116,-0.082,-0.590,-0.869,0.034,4.02,1.80
gain,default_fixed,accel_gain,0.1,on,13.70,1.17,0.82,-0.117,-0.082,-0.590,-0.869,0.035,4.04,1.80
gain,default_fixed,accel_gain,0.1,on,13.75,1.18,0.83,-0.118,-0.083,-0.588,-0.871,0.035,4.05,1.79
gain,default_fixed,accel_gain,0.1,on,13.80,1.20,0.84,-0.120,-0.084,-0.588,-0.871,0.035,4.06,1.79
gain,default_fixed,accel_gain,0.1,on,13.85,1.20,0.84,-0.120,-0.084,-0.588,-0.872,0.035,4.08,1.78
gain,default_fixed,accel_gain,0.1,on,13.90,1.21,0.85,-0.121,-0.085,-0.588,-0.873,0.035,4.09,1.78
gain,default_fixed,accel_gain,0.1,on,13.95,1.21,0.86,-0.121,-0.086,-0.588,-0.874,0.035,4.10,1.78
gain,default_fixed,accel_gain,0.1,on,14.00,1.21,0.87,-0.121,-0.087,-0.623,-0.880,0.003,3.73,1.91
gain,default_fixed,accel_gain,0.1,on,14.05,1.20,0.88,-0.120,-0.088,-0.623,-0.880,0.003,3.73,1.91
gain,default_fixed,accel_gain,0.1,on,14.10,1.19,0.89,-0.119,-0.089,-0.624,-0.880,0.003,3.73,1.91
gain,default_fixed,accel_gain,0.1,on,14.15,1.18,0.91,-0.118,-0.091,-0.624,-0.880,0.003,3.73,1.90
gain,default_fixed,accel_gain,0.1,on,14.20,1.17,0.92,-0.117,-0.092,-0.624,-0.880,0.003,3.74,1.90
gain,default_fixed,accel_gain,0.1,on,14.25,1.16,0.93,-0.116,-0.093,-0.624,-0.880,0.003,3.75,1.90
gain,default_fixed,accel_gain,0.1,on,14.30,1.15,0.94,-0.115,-0.094,-0.623,-0.880,0.003,3.76,1.91
gain,default_fixed,accel_gain,0.1,on,14.35,1.14,0.95,-0.114,-0.095,-0.623,-0.881,0.002,3.77,1.91
gain,default_fixed,accel_gain,0.1,on,14.40,1.13,0.96,-0.113,-0.096,-0.623,-0.881,0.002,3.79,1.92
gain,default_fixed,accel_gain,0.1,on,14.45,1.12,0.97,-0.112,-0.097,-0.623,-0.882,0.001,3.81,1.92
gain,default_fixed,accel_gain,0.1,on,14.50,1.11,0.97,-0.111,-0.097,-0.623,-0.882,0.001,3.83,1.92
gain,default_fixed,accel_gain,0.1,on,14.55,1.11,0.97,-0.111,-0.097,-0.623,-0.882,0.001,3.84,1.92
gain,default_fixed,accel_gain,0.1,on,14.60,1.10,0.97,-0.110,-0.097,-0.623,-0.882,0.002,3.85,1.92
gain,default_fixed,accel_gain,0.1,on,14.65,1.09,0.97,-0.109,-0.097,-0.623,-0.882,0.002,3.86,1.92
gain,default_fixed,accel_gain,0.1,on,14.70,1.08,0.97,-0.108,-0.097,-0.623,-0.882,0.002,3.86,1.92
gain,default_fixed,accel_gain,0.1,on,14.75,1.07,0.96,-0.107,-0.096,-0.623,-0.881,0.002,3.87,1.93
gain,default_fixed,accel_gain,0.1,on,14.80,1.06,0.96,-0.106,-0.096,-0.624,-0.881,0.003,3.87,1.93
gain,default_fixed,accel_gain,0.1,on,14.85,1.05,0.95,-0.105,-0.095,-0.624,-0.881,0.003,3.86,1.94
gain,default_fixed,accel_gain,0.1,on,14.90,1.05,0.95,-0.105,-0.095,-0.624,-0.881,0.003,3.86,1.94
gain,default_fixed,accel_gain,0.1,on,14.95,1.05,0.94,-0.105,-0.094,-0.624,-0.881,0.004,3.86,1.95
gain,default_fixed,accel_gain,0.1,on,15.00,1.05,0.94,-0.105,-0.094,-0.626,-0.868,0.016,3.88,2.07
gain,default_fixed,accel_gain,0.1,on,15.05,1.06,0.94,-0.106,-0.094,-0.626,-0.868,0.016,3.88,2.07
gain,default_fixed,accel_gain,0.1,on,15.10,1.08,0.95,-0.108,-0.095,-0.626,-0.866,0.017,3.88,2.09
gain,default_fixed,accel_gain,0.1,on,15.15,1.10,0.97,-0.110,-0.097,-0.626,-0.866,0.017,3.88,2.10
gain,default_fixed,accel_gain,0.1,on,15.20,1.12,0.98,-0.112,-0.098,-0.627,-0.865,0.018,3.88,2.11
gain,default_fixed,accel_gain,0.1,on,15.25,1.14,1.00,-0.114,-0.100,-0.627,-0.865,0.018,3.88,2.12
gain,default_fixed,accel_gain,0.1,on,15.30,1.16,1.01,-0.116,-0.101,-0.626,-0.865,0.018,3.89,2.13
gain,default_fixed,accel_gain,0.1,on,15.35,1.18,1.03,-0.118,-0.103,-0.626,-0.865,0.018,3.90,2.13
gain,default_fixed,accel_gain,0.1,on,15.40,1.20,1.04,-0.120,-0.104,-0.626,-0.866,0.017,3.91,2.13
gain,default_fixed,accel_gain,0.1,on,15.45,1.22,1.05,-0.122,-0.105,-0.626,-0.866,0.017,3.93,2.13
gain,default_fixed,accel_gain,0.1,on,15.50,1.23,1.05,-0.123,-0.105,-0.626,-0.867,0.016,3.94,2.12
gain,default_fixed,accel_gain,0.1,on,15.55,1.24,1.05,-0.124,-0.105,-0.626,-0.868,0.016,3.95,2.11
gain,default_fixed,accel_gain,0.1,on,15.60,1.24,1.05,-0.124,-0.105,-0.627,-0.869,0.015,3.96,2.10
gain,default_fixed,accel_gain,0.1,on,15.65,1.24,1.05,-0.124,-0.105,-0.627,-0.869,0.014,3.97,2.09
gain,default_fixed,accel_gain,0.1,on,15.70,1.24,1.04,-0.124,-0.104,-0.628,-0.870,0.014,3.97,2.08
gain,default_fixed,accel_gain,0.1,on,15.75,1.24,1.03,-0.124,-0.103,-0.629,-0.871,0.014,3.97,2.06
gain,default_fixed,accel_gain,0.1,on,15.80,1.23,1.02,-0.123,-0.102,-0.630,-0.873,0.013,3.96,2.05
gain,default_fixed,accel_gain,0.1,on,15.85,1.23,1.01,-0.123,-0.101,-0.631,-0.873,0.013,3.95,2.03
gain,default_fixed,accel_gain,0.1,on,15.90,1.22,1.00,-0.122,-0.100,-0.632,-0.875,0.013,3.94,2.02
gain,default_fixed,accel_gain,0.1,on,15.95,1.21,0.99,-0.121,-0.099,-0.632,-0.876,0.012,3.92,2.00
gain,default_fixed,accel_gain,0.1,on,16.00,1.22,0.98,-0.122,-0.098,-0.619,-0.917,0.034,3.94,1.58
gain,default_fixed,accel_gain,0.1,on,16.05,1.23,0.99,-0.123,-0.099,-0.619,-0.917,0.034,3.94,1.58
gain,default_fixed,accel_gain,0.1,on,16.10,1.24,1.00,-0.124,-0.100,-0.619,-0.916,0.034,3.95,1.59
gain,default_fixed,accel_gain,0.1,on,16.15,1.26,1.01,-0.126,-0.101,-0.619,-0.916,0.034,3.95,1.60
gain,default_fixed,accel_gain,0.1,on,16.20,1.28,1.03,-0.128,-0.103,-0.619,-0.915,0.033,3.95,1.62
gain,default_fixed,accel_gain,0.1,on,16.25,1.30,1.05,-0.130,-0.105,-0.619,-0.915,0.032,3.94,1.64
gain,default_fixed,accel_gain,0.1,on,16.30,1.32,1.08,-0.132,-0.108,-0.620,-0.914,0.031,3.94,1.67
gain,default_fixed,accel_gain,0.1,on,16.35,1.34,1.10,-0.134,-0.110,-0.620,-0.913,0.031,3.94,1.69
gain,default_fixed,accel_gain,0.1,on,16.40,1.36,1.13,-0.136,-0.113,-0.620,-0.912,0.029,3.94,1.73
gain,default_fixed,accel_gain,0.1,on,16.45,1.37,1.15,-0.137,-0.115,-0.620,-0.911,0.029,3.95,1.76
gain,default_fixed,accel_gain,0.1,on,16.50,1.39,1.17,-0.139,-0.117,-0.620,-0.910,0.027,3.95,1.79
gain,default_fixed,accel_gain,0.1,on,16.55,1.40,1.19,-0.140,-0.119,-0.621,-0.909,0.026,3.95,1.82
gain,default_fixed,accel_gain,0.1,on,16.60,1.41,1.21,-0.141,-0.121,-0.621,-0.907,0.024,3.96,1.85
gain,default_fixed,accel_gain,0.1,on,16.65,1.41,1.23,-0.141,-0.123,-0.621,-0.906,0.024,3.96,1.88
gain,default_fixed,accel_gain,0.1,on,16.70,1.42,1.24,-0.142,-0.124,-0.620,-0.905,0.023,3.97,1.92
gain,default_fixed,accel_gain,0.1,on,16.75,1.42,1.24,-0.142,-0.124,-0.620,-0.904,0.022,3.97,1.94
gain,default_fixed,accel_gain,0.1,on,16.80,1.41,1.24,-0.141,-0.124,-0.620,-0.904,0.021,3.98,1.96
gain,default_fixed,accel_gain,0.1,on,16.85,1.40,1.23,-0.140,-0.123,-0.620,-0.903,0.021,3.99,1.97
gain,default_fixed,accel_gain,0.1,on,16.90,1.38,1.22,-0.138,-0.122,-0.620,-0.903,0.021,3.99,1.99
gain,default_fixed,accel_gain,0.1,on,16.95,1.37,1.20,-0.137,-0.120,-0.621,-0.903,0.021,4.00,1.99
gain,default_fixed,accel_gain,0.1,on,17.00,1.35,1.18,-0.135,-0.118,-0.637,-0.906,0.028,3.78,1.82
gain,default_fixed,accel_gain,0.1,on,17.05,1.33,1.16,-0.133,-0.116,-0.637,-0.906,0.028,3.78,1.82
gain,default_fixed,accel_gain,0.1,on,17.10,1.31,1.14,-0.131,-0.114,-0.638,-0.904,0.027,3.79,1.84
gain,default_fixed,accel_gain,0.1,on,17.15,1.29,1.12,-0.129,-0.112,-0.638,-0.903,0.027,3.79,1.86
gain,default_fixed,accel_gain,0.1,on,17.20,1.28,1.10,-0.128,-0.110,-0.639,-0.901,0.026,3.79,1.89
gain,default_fixed,accel_gain,0.1,on,17.25,1.26,1.08,-0.126,-0.108,-0.639,-0.901,0.025,3.78,1.90
gain,default_fixed,accel_gain,0.1,on,17.30,1.25,1.06,-0.125,-0.106,-0.640,-0.899,0.025,3.78,1.92
gain,default_fixed,accel_gain,0.1,on,17.35,1.24,1.05,-0.124,-0.105,-0.640,-0.898,0.025,3.77,1.92
gain,default_fixed,accel_gain,0.1,on,17.40,1.24,1.04,-0.124,-0.104,-0.641,-0.897,0.024,3.76,1.94
gain,default_fixed,accel_gain,0.1,on,17.45,1.23,1.03,-0.123,-0.103,-0.641,-0.896,0.024,3.75,1.94
gain,default_fixed,accel_gain,0.1,on,17.50,1.23,1.02,-0.123,-0.102,-0.642,-0.894,0.024,3.74,1.94
gain,default_fixed,accel_gain,0.1,on,17.55,1.23,1.01,-0.123,-0.101,-0.642,-0.893,0.024,3.74,1.94
gain,default_fixed,accel_gain,0.1,on,17.60,1.23,1.01,-0.123,-0.101,-0.643,-0.892,0.023,3.73,1.95
gain,default_fixed,accel_gain,0.1,on,17.65,1.23,1.01,-0.123,-0.101,-0.643,-0.891,0.023,3.73,1.95
gain,default_fixed,accel_gain,0.1,on,17.70,1.24,1.01,-0.124,-0.101,-0.643,-0.889,0.023,3.72,1.95
gain,default_fixed,accel_gain,0.1,on,17.75,1.24,1.01,-0.124,-0.101,-0.643,-0.887,0.022,3.73,1.96
gain,default_fixed,accel_gain,0.1,on,17.80,1.25,1.02,-0.125,-0.102,-0.644,-0.884,0.022,3.73,1.97
gain,default_fixed,accel_gain,0.1,on,17.85,1.26,1.02,-0.126,-0.102,-0.644,-0.883,0.022,3.73,1.98
gain,default_fixed,accel_gain,0.1,on,17.90,1.28,1.03,-0.128,-0.103,-0.644,-0.880,0.022,3.74,2.00
gain,default_fixed,accel_gain,0.1,on,17.95,1.30,1.04,-0.130,-0.104,-0.643,-0.879,0.022,3.75,2.01
gain,default_fixed,accel_gain,0.15,on,0.00,0.00,0.00,0.000,0.000,-0.928,-0.947,0.082,0.61,1.19
gain,default_fixed,accel_gain,0.15,on,0.05,0.00,0.00,0.000,0.000,-0.928,-0.947,0.082,0.61,1.19
gain,default_fixed,accel_gain,0.15,on,0.10,0.00,0.00,0.000,0.000,-0.930,-0.948,0.083,0.52,1.14
gain,default_fixed,accel_gain,0.15,on,0.15,0.00,0.00,0.000,0.000,-0.934,-0.953,0.084,0.43,1.07
gain,default_fixed,accel_gain,0.15,on,0.20,0.00,0.00,0.000,0.000,-0.936,-0.955,0.085,0.35,1.00
gain,default_fixed,accel_gain,0.15,on,0.25,0.00,0.00,0.000,0.000,-0.938,-0.959,0.085,0.28,0.91
gain,default_fixed,accel_gain,0.15,on,0.30,0.00,0.00,0.000,0.000,-0.939,-0.961,0.084,0.22,0.84
gain,default_fixed,accel_gain,0.15,on,0.35,0.00,0.00,0.000,0.000,-0.939,-0.966,0.083,0.18,0.77
gain,default_fixed,accel_gain,0.15,on,0.40,0.00,0.00,0.000,0.000,-0.938,-0.968,0.081,0.16,0.72
gain,default_fixed,accel_gain,0.15,on,0.45,0.00,0.00,0.000,0.000,-0.936,-0.971,0.078,0.16,0.67
gain,default_fixed,accel_gain,0.15,on,0.50,0.00,0.00,0.000,0.000,-0.935,-0.972,0.077,0.19,0.64
gain,default_fixed,accel_gain,0.15,on,0.55,0.00,0.00,0.000,0.000,-0.930,-0.974,0.072,0.25,0.62
gain,default_fixed,accel_gain,0.15,on,0.60,0.00,0.00,0.000,0.000,-0.928,-0.974,0.069,0.32,0.62
gain,default_fixed,accel_gain,0.15,on,0.65,0.00,0.00,0.000,0.000,-0.922,-0.974,0.064,0.43,0.63
gain,default_fixed,accel_gain,0.15,on,0.70,0.00,0.00,0.000,0.000,-0.919,-0.973,0.061,0.54,0.65
gain,default_fixed,accel_gain,0.15,on,0.75,0.00,0.00,0.000,0.000,-0.911,-0.971,0.055,0.68,0.70
gain,default_fixed,accel_gain,0.15,on,0.80,0.00,0.00,0.000,0.000,-0.907,-0.969,0.053,0.82,0.75
gain,default_fixed,accel_gain,0.15,on,0.85,0.00,0.00,0.000,0.000,-0.899,-0.964,0.048,0.98,0.82
gain,default_fixed,accel_gain,0.15,on,0.90,0.00,0.00,0.000,0.000,-0.895,-0.962,0.047,1.14,0.90
gain,default_fixed,accel_gain,0.15,on,0.95,2.17,1.61,-0.325,-0.242,-0.885,-0.954,0.047,1.32,0.99
gain,default_fixed,accel_gain,0.15,on,1.00,2.10,1.58,-0.314,-0.237,-0.810,-0.885,0.121,3.97,2.69
gain,default_fixed,accel_gain,0.15,on,1.05,2.01,1.54,-0.301,-0.231,-0.810,-0.885,0.121,3.97,2.69
gain,default_fixed,accel_gain,0.15,on,1.10,1.92,1.47,-0.288,-0.221,-0.808,-0.891,0.117,3.93,2.61
gain,default_fixed,accel_gain,0.15,on,1.15,1.81,1.39,-0.272,-0.208,-0.807,-0.899,0.111,3.91,2.53
gain,default_fixed,accel_gain,0.15,on,1.20,1.71,1.29,-0.256,-0.194,-0.807,-0.902,0.108,3.87,2.44
gain,default_fixed,accel_gain,0.15,on,1.25,1.63,1.19,-0.244,-0.179,-0.805,-0.910,0.102,3.83,2.35
gain,default_fixed,accel_gain,0.15,on,1.30,1.55,1.11,-0.232,-0.166,-0.804,-0.915,0.099,3.77,2.24
gain,default_fixed,accel_gain,0.15,on,1.35,1.48,1.01,-0.223,-0.152,-0.802,-0.925,0.092,3.70,2.13
gain,default_fixed,accel_gain,0.15,on,1.40,1.45,0.95,-0.218,-0.142,-0.801,-0.929,0.090,3.62,2.01
gain,default_fixed,accel_gain,0.15,on,1.45,1.44,0.90,-0.217,-0.135,-0.798,-0.939,0.085,3.55,1.88
gain,default_fixed,accel_gain,0.15,on,1.50,1.46,0.84,-0.219,-0.127,-0.797,-0.944,0.082,3.48,1.74
gain,default_fixed,accel_gain,0.15,on,1.55,1.48,0.80,-0.222,-0.120,-0.793,-0.956,0.079,3.43,1.61
gain,default_fixed,accel_gain,0.15,on,1.60,1.53,0.76,-0.229,-0.114,-0.792,-0.961,0.078,3.38,1.47
gain,default_fixed,accel_gain,0.15,on,1.65,1.57,0.72,-0.235,-0.108,-0.788,-0.970,0.077,3.36,1.35
gain,default_fixed,accel_gain,0.15,on,1.70,1.61,0.69,-0.242,-0.103,-0.786,-0.975,0.078,3.36,1.23
gain,default_fixed,accel_gain,0.15,on,1.75,1.69,0.67,-0.253,-0.100,-0.782,-0.985,0.080,3.38,1.13
gain,default_fixed,accel_gain,0.15,on,1.80,1.78,0.66,-0.267,-0.100,-0.780,-0.989,0.082,3.43,1.03
gain,default_fixed,accel_gain,0.15,on,1.85,1.86,0.67,-0.279,-0.101,-0.775,-0.996,0.086,3.49,0.96
gain,default_fixed,accel_gain,0.15,on,1.90,1.95,0.70,-0.293,-0.105,-0.773,-0.999,0.088,3.57,0.88
gain,default_fixed,accel_gain,0.15,on,1.95,2.08,0.75,-0.312,-0.112,-0.769,-1.005,0.093,3.66,0.83
gain,default_fixed,accel_gain,0.15,on,2.00,2.15,0.83,-0.323,-0.124,-0.817,-1.025,0.054,3.67,1.73
gain,default_fixed,accel_gain,0.15,on,2.05,2.20,0.94,-0.330,-0.141,-0.817,-1.025,0.054,3.67,1.73
gain,default_fixed,accel_gain,0.15,on,2.10,2.20,1.08,-0.331,-0.162,-0.824,-1.027,0.049,3.61,1.74
gain,default_fixed,accel_gain,0.15,on,2.15,2.20,1.23,-0.330,-0.185,-0.828,-1.028,0.047,3.56,1.75
gain,default_fixed,accel_gain,0.15,on,2.20,2.19,1.37,-0.329,-0.206,-0.835,-1.030,0.044,3.52,1.77
gain,default_fixed,accel_gain,0.15,on,2.25,2.16,1.51,-0.325,-0.227,-0.838,-1.031,0.043,3.50,1.82
gain,default_fixed,accel_gain,0.15,on,2.30,2.12,1.63,-0.319,-0.245,-0.844,-1.033,0.042,3.49,1.88
gain,default_fixed,accel_gain,0.15,on,2.35,2.07,1.74,-0.311,-0.261,-0.847,-1.034,0.042,3.47,1.95
gain,default_fixed,accel_gain,0.15,on,2.40,2.03,1.84,-0.304,-0.277,-0.853,-1.037,0.042,3.47,2.02
gain,default_fixed,accel_gain,0.15,on,2.45,2.00,1.93,-0.300,-0.290,-0.856,-1.038,0.043,3.46,2.10
gain,default_fixed,accel_gain,0.15,on,2.50,1.97,1.99,-0.295,-0.298,-0.862,-1.040,0.045,3.44,2.17
gain,default_fixed,accel_gain,0.15,on,2.55,1.95,2.02,-0.292,-0.303,-0.865,-1.042,0.047,3.41,2.24
gain,default_fixed,accel_gain,0.15,on,2.60,1.91,2.03,-0.287,-0.304,-0.870,-1.044,0.050,3.38,2.29
gain,default_fixed,accel_gain,0.15,on,2.65,1.89,2.02,-0.283,-0.303,-0.873,-1.045,0.052,3.35,2.33
gain,default_fixed,accel_gain,0.15,on,2.70,1.89,2.01,-0.283,-0.301,-0.879,-1.048,0.056,3.31,2.35
gain,default_fixed,accel_gain,0.15,on,2.75,1.89,1.97,-0.284,-0.295,-0.882,-1.050,0.059,3.28,2.36
gain,default_fixed,accel_gain,0.15,on,2.80,1.90,1.91,-0.286,-0.287,-0.887,-1.053,0.063,3.25,2.34
gain,default_fixed,accel_gain,0.15,on,2.85,1.92,1.85,-0.289,-0.277,-0.890,-1.054,0.066,3.21,2.31
gain,default_fixed,accel_gain,0.15,on,2.90,1.98,1.78,-0.296,-0.267,-0.895,-1.057,0.070,3.18,2.27
gain,default_fixed,accel_gain,0.15,on,2.95,2.04,1.71,-0.305,-0.256,-0.898,-1.059,0.074,3.15,2.20
gain,default_fixed,accel_gain,0.15,on,3.00,2.12,1.67,-0.317,-0.251,-0.898,-1.037,0.056,3.75,2.02
gain,default_fixed,accel_gain,0.15,on,3.05,2.19,1.65,-0.328,-0.247,-0.898,-1.037,0.056,3.75,2.02
gain,default_fixed,accel_gain,0.15,on,3.10,2.25,1.63,-0.338,-0.245,-0.897,-1.032,0.051,3.77,2.06
gain,default_fixed,accel_gain,0.15,on,3.15,2.31,1.63,-0.346,-0.244,-0.896,-1.029,0.048,3.79,2.09
gain,default_fixed,accel_gain,0.15,on,3.20,2.35,1.62,-0.352,-0.243,-0.893,-1.023,0.043,3.83,2.12
gain,default_fixed,accel_gain,0.15,on,3.25,2.39,1.61,-0.358,-0.242,-0.892,-1.021,0.040,3.88,2.14
gain,default_fixed,accel_gain,0.15,on,3.30,2.41,1.60,-0.362,-0.241,-0.890,-1.015,0.035,3.93,2.16
gain,default_fixed,accel_gain,0.15,on,3.35,2.43,1.60,-0.364,-0.240,-0.889,-1.012,0.032,3.99,2.18
gain,default_fixed,accel_gain,0.15,on,3.40,2.44,1.60,-0.366,-0.240,-0.886,-1.007,0.028,4.05,2.19
gain,default_fixed,accel_gain,0.15,on,3.45,2.45,1.59,-0.368,-0.239,-0.886,-1.004,0.026,4.11,2.21
gain,default_fixed,accel_gain,0.15,on,3.50,2.47,1.59,-0.370,-0.239,-0.884,-1.000,0.023,4.15,2.23
gain,default_fixed,accel_gain,0.15,on,3.55,2.47,1.59,-0.371,-0.239,-0.883,-0.997,0.021,4.19,2.25
gain,default_fixed,accel_gain,0.15,on,3.60,2.49,1.59,-0.373,-0.239,-0.882,-0.993,0.020,4.21,2.27
gain,default_fixed,accel_gain,0.15,on,3.65,2.51,1.60,-0.376,-0.241,-0.881,-0.991,0.020,4.23,2.28
gain,default_fixed,accel_gain,0.15,on,3.70,2.53,1.61,-0.380,-0.242,-0.880,-0.987,0.020,4.24,2.29
gain,default_fixed,accel_gain,0.15,on,3.75,2.55,1.62,-0.382,-0.243,-0.880,-0.985,0.021,4.24,2.31
gain,default_fixed,accel_gain,0.15,on,3.80,2.55,1.62,-0.383,-0.242,-0.879,-0.982,0.022,4.24,2.32
gain,default_fixed,accel_gain,0.15,on,3.85,2.56,1.61,-0.385,-0.242,-0.879,-0.981,0.023,4.24,2.33
gain,default_fixed,accel_gain,0.15,on,3.90,2.58,1.61,-0.387,-0.241,-0.879,-0.979,0.024,4.23,2.34
gain,default_fixed,accel_gain,0.15,on,3.95,2.59,1.61,-0.388,-0.241,-0.880,-0.978,0.025,4.22,2.34
gain,default_fixed,accel_gain,0.15,on,4.00,2.56,1.58,-0.384,-0.238,-0.868,-0.998,0.007,3.94,1.85
gain,default_fixed,accel_gain,0.15,on,4.05,2.51,1.54,-0.377,-0.232,-0.868,-0.998,0.007,3.94,1.85
gain,default_fixed,accel_gain,0.15,on,4.10,2.45,1.50,-0.367,-0.224,-0.865,-0.997,0.003,3.97,1.85
gain,default_fixed,accel_gain,0.15,on,4.15,2.38,1.45,-0.356,-0.217,-0.862,-0.996,0.001,4.00,1.85
gain,default_fixed,accel_gain,0.15,on,4.20,2.30,1.40,-0.345,-0.209,-0.859,-0.995,0.003,4.02,1.85
gain,default_fixed,accel_gain,0.15,on,4.25,2.22,1.34,-0.333,-0.201,-0.857,-0.995,0.005,4.03,1.84
gain,default_fixed,accel_gain,0.15,on,4.30,2.14,1.29,-0.321,-0.194,-0.854,-0.993,0.008,4.03,1.84
gain,default_fixed,accel_gain,0.15,on,4.35,2.06,1.24,-0.308,-0.186,-0.852,-0.992,0.010,4.02,1.83
gain,default_fixed,accel_gain,0.15,on,4.40,1.98,1.20,-0.297,-0.180,-0.850,-0.991,0.012,4.01,1.82
gain,default_fixed,accel_gain,0.15,on,4.45,1.91,1.17,-0.286,-0.175,-0.849,-0.990,0.014,3.97,1.82
gain,default_fixed,accel_gain,0.15,on,4.50,1.83,1.14,-0.275,-0.170,-0.847,-0.988,0.016,3.94,1.81
gain,default_fixed,accel_gain,0.15,on,4.55,1.76,1.11,-0.265,-0.166,-0.846,-0.987,0.017,3.89,1.81
gain,default_fixed,accel_gain,0.15,on,4.60,1.70,1.09,-0.255,-0.164,-0.845,-0.985,0.020,3.85,1.82
gain,default_fixed,accel_gain,0.15,on,4.65,1.65,1.08,-0.247,-0.161,-0.844,-0.984,0.021,3.80,1.82
gain,default_fixed,accel_gain,0.15,on,4.70,1.60,1.07,-0.240,-0.160,-0.842,-0.983,0.023,3.76,1.84
gain,default_fixed,accel_gain,0.15,on,4.75,1.56,1.07,-0.234,-0.160,-0.841,-0.982,0.025,3.72,1.85
gain,default_fixed,accel_gain,0.15,on,4.80,1.53,1.08,-0.230,-0.161,-0.839,-0.980,0.027,3.69,1.86
gain,default_fixed,accel_gain,0.15,on,4.85,1.51,1.09,-0.227,-0.163,-0.838,-0.979,0.028,3.67,1.88
gain,default_fixed,accel_gain,0.15,on,4.90,1.50,1.11,-0.224,-0.166,-0.837,-0.977,0.031,3.65,1.90
gain,default_fixed,accel_gain,0.15,on,4.95,1.49,1.13,-0.224,-0.169,-0.836,-0.976,0.032,3.65,1.93
gain,default_fixed,accel_gain,0.15,on,5.00,1.49,1.14,-0.223,-0.171,-0.802,-0.962,0.068,4.11,2.05
gain,default_fixed,accel_gain,0.15,on,5.05,1.48,1.14,-0.222,-0.172,-0.802,-0.962,0.068,4.11,2.05
gain,default_fixed,accel_gain,0.15,on,5.10,1.47,1.14,-0.221,-0.171,-0.800,-0.963,0.070,4.12,2.02
gain,default_fixed,accel_gain,0.15,on,5.15,1.46,1.13,-0.219,-0.169,-0.798,-0.964,0.071,4.13,2.00
gain,default_fixed,accel_gain,0.15,on,5.20,1.44,1.11,-0.217,-0.167,-0.796,-0.965,0.072,4.14,1.98
gain,default_fixed,accel_gain,0.15,on,5.25,1.42,1.09,-0.214,-0.164,-0.795,-0.966,0.073,4.15,1.96
gain,default_fixed,accel_gain,0.15,on,5.30,1.41,1.07,-0.211,-0.160,-0.792,-0.966,0.075,4.16,1.94
gain,default_fixed,accel_gain,0.15,on,5.35,1.39,1.05,-0.209,-0.157,-0.791,-0.967,0.076,4.16,1.92
gain,default_fixed,accel_gain,0.15,on,5.40,1.38,1.03,-0.207,-0.154,-0.789,-0.967,0.078,4.17,1.90
gain,default_fixed,accel_gain,0.15,on,5.45,1.37,1.01,-0.205,-0.151,-0.788,-0.967,0.078,4.16,1.88
gain,default_fixed,accel_gain,0.15,on,5.50,1.36,0.99,-0.204,-0.149,-0.786,-0.968,0.080,4.16,1.86
gain,default_fixed,accel_gain,0.15,on,5.55,1.35,0.98,-0.203,-0.147,-0.785,-0.968,0.081,4.15,1.85
gain,default_fixed,accel_gain,0.15,on,5.60,1.35,0.97,-0.202,-0.145,-0.784,-0.969,0.082,4.15,1.84
gain,default_fixed,accel_gain,0.15,on,5.65,1.35,0.96,-0.202,-0.144,-0.783,-0.969,0.083,4.14,1.82
gain,default_fixed,accel_gain,0.15,on,5.70,1.35,0.95,-0.203,-0.143,-0.782,-0.969,0.084,4.14,1.81
gain,default_fixed,accel_gain,0.15,on,5.75,1.35,0.95,-0.203,-0.143,-0.781,-0.969,0.084,4.13,1.80
gain,default_fixed,accel_gain,0.15,on,5.80,1.36,0.95,-0.204,-0.143,-0.781,-0.970,0.084,4.13,1.80
gain,default_fixed,accel_gain,0.15,on,5.85,1.36,0.96,-0.204,-0.144,-0.781,-0.970,0.084,4.13,1.80
gain,default_fixed,accel_gain,0.15,on,5.90,1.36,0.97,-0.203,-0.145,-0.781,-0.970,0.084,4.13,1.80
gain,default_fixed,accel_gain,0.15,on,5.95,1.35,0.98,-0.203,-0.147,-0.782,-0.971,0.083,4.12,1.80
gain,default_fixed,accel_gain,0.15,on,6.00,1.34,0.99,-0.201,-0.148,-0.809,-0.986,0.054,3.84,1.85
gain,default_fixed,accel_gain,0.15,on,6.05,1.32,1.00,-0.199,-0.150,-0.809,-0.986,0.054,3.84,1.85
gain,default_fixed,accel_gain,0.15,on,6.10,1.30,1.01,-0.195,-0.151,-0.809,-0.986,0.053,3.85,1.85
gain,default_fixed,accel_gain,0.15,on,6.15,1.28,1.01,-0.192,-0.152,-0.809,-0.987,0.053,3.86,1.86
gain,default_fixed,accel_gain,0.15,on,6.20,1.25,1.02,-0.188,-0.152,-0.809,-0.987,0.053,3.87,1.86
gain,default_fixed,accel_gain,0.15,on,6.25,1.23,1.02,-0.184,-0.153,-0.809,-0.987,0.053,3.88,1.87
gain,default_fixed,accel_gain,0.15,on,6.30,1.21,1.02,-0.181,-0.154,-0.809,-0.987,0.053,3.89,1.88
gain,default_fixed,accel_gain,0.15,on,6.35,1.18,1.03,-0.177,-0.154,-0.810,-0.987,0.052,3.89,1.89
gain,default_fixed,accel_gain,0.15,on,6.40,1.16,1.03,-0.174,-0.154,-0.810,-0.986,0.052,3.88,1.90
gain,default_fixed,accel_gain,0.15,on,6.45,1.14,1.02,-0.170,-0.153,-0.811,-0.986,0.051,3.88,1.91
gain,default_fixed,accel_gain,0.15,on,6.50,1.11,1.02,-0.167,-0.153,-0.811,-0.986,0.051,3.87,1.92
gain,default_fixed,accel_gain,0.15,on,6.55,1.09,1.01,-0.163,-0.152,-0.812,-0.986,0.051,3.86,1.93
gain,default_fixed,accel_gain,0.15,on,6.60,1.06,1.00,-0.159,-0.150,-0.812,-0.986,0.050,3.84,1.94
gain,default_fixed,accel_gain,0.15,on,6.65,1.04,0.99,-0.156,-0.148,-0.812,-0.986,0.050,3.83,1.95
gain,default_fixed,accel_gain,0.15,on,6.70,1.02,0.98,-0.153,-0.147,-0.813,-0.986,0.050,3.82,1.95
gain,default_fixed,accel_gain,0.15,on,6.75,1.00,0.96,-0.150,-0.145,-0.813,-0.986,0.050,3.81,1.95
gain,default_fixed,accel_gain,0.15,on,6.80,0.98,0.95,-0.147,-0.143,-0.813,-0.987,0.049,3.80,1.95
gain,default_fixed,accel_gain,0.15,on,6.85,0.97,0.94,-0.145,-0.140,-0.813,-0.987,0.049,3.79,1.95
gain,default_fixed,accel_gain,0.15,on,6.90,0.96,0.92,-0.143,-0.138,-0.813,-0.988,0.049,3.78,1.94
gain,default_fixed,accel_gain,0.15,on,6.95,0.94,0.91,-0.142,-0.136,-0.813,-0.989,0.049,3.77,1.93
gain,default_fixed,accel_gain,0.15,on,7.00,0.95,0.90,-0.142,-0.135,-0.827,-0.998,0.035,3.80,1.86
gain,default_fixed,accel_gain,0.15,on,7.05,0.96,0.91,-0.144,-0.136,-0.827,-0.998,0.035,3.80,1.86
gain,default_fixed,accel_gain,0.15,on,7.10,0.98,0.92,-0.147,-0.137,-0.829,-0.997,0.033,3.79,1.87
gain,default_fixed,accel_gain,0.15,on,7.15,1.00,0.93,-0.150,-0.140,-0.830,-0.997,0.032,3.78,1.89
gain,default_fixed,accel_gain,0.15,on,7.20,1.02,0.95,-0.154,-0.142,-0.831,-0.995,0.030,3.78,1.90
gain,default_fixed,accel_gain,0.15,on,7.25,1.06,0.97,-0.158,-0.145,-0.832,-0.995,0.029,3.77,1.92
gain,default_fixed,accel_gain,0.15,on,7.30,1.09,0.99,-0.163,-0.148,-0.834,-0.994,0.028,3.77,1.93
gain,default_fixed,accel_gain,0.15,on,7.35,1.12,1.01,-0.168,-0.151,-0.835,-0.993,0.027,3.77,1.95
gain,default_fixed,accel_gain,0.15,on,7.40,1.15,1.03,-0.173,-0.154,-0.836,-0.991,0.026,3.78,1.97
gain,default_fixed,accel_gain,0.15,on,7.45,1.18,1.05,-0.177,-0.157,-0.837,-0.991,0.025,3.79,1.99
gain,default_fixed,accel_gain,0.15,on,7.50,1.21,1.07,-0.182,-0.160,-0.838,-0.989,0.025,3.81,2.01
gain,default_fixed,accel_gain,0.15,on,7.55,1.24,1.08,-0.186,-0.162,-0.838,-0.987,0.024,3.83,2.02
gain,default_fixed,accel_gain,0.15,on,7.60,1.27,1.10,-0.191,-0.165,-0.839,-0.985,0.024,3.86,2.05
gain,default_fixed,accel_gain,0.15,on,7.65,1.30,1.12,-0.195,-0.167,-0.840,-0.984,0.024,3.88,2.07
gain,default_fixed,accel_gain,0.15,on,7.70,1.32,1.13,-0.199,-0.169,-0.841,-0.982,0.025,3.91,2.09
gain,default_fixed,accel_gain,0.15,on,7.75,1.35,1.14,-0.202,-0.171,-0.842,-0.981,0.025,3.94,2.12
gain,default_fixed,accel_gain,0.15,on,7.80,1.37,1.15,-0.205,-0.172,-0.843,-0.979,0.025,3.97,2.14
gain,default_fixed,accel_gain,0.15,on,7.85,1.38,1.15,-0.207,-0.172,-0.844,-0.979,0.024,3.99,2.16
gain,default_fixed,accel_gain,0.15,on,7.90,1.39,1.15,-0.209,-0.172,-0.845,-0.978,0.024,4.01,2.18
gain,default_fixed,accel_gain,0.15,on,7.95,1.40,1.14,-0.210,-0.171,-0.846,-0.978,0.023,4.02,2.19
gain,default_fixed,accel_gain,0.15,on,8.00,1.39,1.12,-0.208,-0.168,-0.864,-1.000,0.006,3.79,1.79
gain,default_fixed,accel_gain,0.15,on,8.05,1.36,1.09,-0.204,-0.164,-0.864,-1.000,0.006,3.79,1.79
gain,default_fixed,accel_gain,0.15,on,8.10,1.32,1.06,-0.199,-0.159,-0.865,-1.000,0.006,3.79,1.80
gain,default_fixed,accel_gain,0.15,on,8.15,1.29,1.02,-0.193,-0.154,-0.866,-0.999,0.006,3.78,1.81
gain,default_fixed,accel_gain,0.15,on,8.20,1.25,0.99,-0.188,-0.149,-0.866,-0.999,0.006,3.77,1.82
gain,default_fixed,accel_gain,0.15,on,8.25,1.22,0.96,-0.182,-0.144,-0.867,-0.999,0.006,3.75,1.83
gain,default_fixed,accel_gain,0.15,on,8.30,1.18,0.93,-0.177,-0.140,-0.867,-0.998,0.006,3.74,1.83
gain,default_fixed,accel_gain,0.15,on,8.35,1.15,0.91,-0.173,-0.136,-0.867,-0.997,0.006,3.72,1.84
gain,default_fixed,accel_gain,0.15,on,8.40,1.13,0.89,-0.170,-0.134,-0.867,-0.996,0.005,3.70,1.84
gain,default_fixed,accel_gain,0.15,on,8.45,1.12,0.88,-0.168,-0.132,-0.867,-0.995,0.005,3.68,1.84
gain,default_fixed,accel_gain,0.15,on,8.50,1.12,0.88,-0.167,-0.132,-0.866,-0.993,0.005,3.67,1.84
gain,default_fixed,accel_gain,0.15,on,8.55,1.12,0.88,-0.168,-0.132,-0.866,-0.992,0.006,3.66,1.85
gain,default_fixed,accel_gain,0.15,on,8.60,1.13,0.89,-0.170,-0.134,-0.866,-0.990,0.007,3.65,1.86
gain,default_fixed,accel_gain,0.15,on,8.65,1.15,0.91,-0.173,-0.137,-0.865,-0.989,0.008,3.66,1.87
gain,default_fixed,accel_gain,0.15,on,8.70,1.18,0.93,-0.176,-0.140,-0.865,-0.986,0.010,3.67,1.89
gain,default_fixed,accel_gain,0.15,on,8.75,1.21,0.96,-0.181,-0.144,-0.865,-0.984,0.011,3.69,1.91
gain,default_fixed,accel_gain,0.15,on,8.80,1.24,1.00,-0.187,-0.150,-0.864,-0.981,0.014,3.72,1.94
gain,default_fixed,accel_gain,0.15,on,8.85,1.28,1.03,-0.193,-0.155,-0.864,-0.980,0.016,3.75,1.97
gain,default_fixed,accel_gain,0.15,on,8.90,1.33,1.07,-0.199,-0.160,-0.864,-0.976,0.019,3.78,2.01
gain,default_fixed,accel_gain,0.15,on,8.95,1.37,1.11,-0.205,-0.166,-0.864,-0.974,0.021,3.82,2.05
gain,default_fixed,accel_gain,0.15,on,9.00,1.38,1.11,-0.207,-0.167,-0.855,-0.949,0.046,4.00,2.18
gain,default_fixed,accel_gain,0.15,on,9.05,1.37,1.10,-0.206,-0.164,-0.855,-0.949,0.046,4.00,2.18
gain,default_fixed,accel_gain,0.15,on,9.10,1.35,1.07,-0.202,-0.160,-0.853,-0.949,0.047,4.01,2.17
gain,default_fixed,accel_gain,0.15,on,9.15,1.32,1.03,-0.198,-0.155,-0.852,-0.949,0.047,4.01,2.16
gain,default_fixed,accel_gain,0.15,on,9.20,1.30,1.00,-0.195,-0.150,-0.850,-0.949,0.047,4.03,2.14
gain,default_fixed,accel_gain,0.15,on,9.25,1.28,0.97,-0.192,-0.145,-0.849,-0.949,0.047,4.03,2.12
gain,default_fixed,accel_gain,0.15,on,9.30,1.27,0.94,-0.190,-0.141,-0.847,-0.950,0.048,4.04,2.10
gain,default_fixed,accel_gain,0.15,on,9.35,1.26,0.91,-0.189,-0.136,-0.846,-0.950,0.048,4.04,2.08
gain,default_fixed,accel_gain,0.15,on,9.40,1.26,0.88,-0.189,-0.132,-0.844,-0.951,0.048,4.04,2.05
gain,default_fixed,accel_gain,0.15,on,9.45,1.26,0.86,-0.189,-0.129,-0.843,-0.952,0.047,4.04,2.03
gain,default_fixed,accel_gain,0.15,on,9.50,1.27,0.84,-0.190,-0.126,-0.842,-0.953,0.047,4.04,2.00
gain,default_fixed,accel_gain,0.15,on,9.55,1.28,0.83,-0.192,-0.124,-0.841,-0.954,0.046,4.03,1.97
gain,default_fixed,accel_gain,0.15,on,9.60,1.30,0.82,-0.195,-0.122,-0.839,-0.956,0.045,4.03,1.93
gain,default_fixed,accel_gain,0.15,on,9.65,1.32,0.80,-0.197,-0.121,-0.838,-0.957,0.045,4.03,1.90
gain,default_fixed,accel_gain,0.15,on,9.70,1.34,0.80,-0.200,-0.120,-0.837,-0.958,0.044,4.03,1.87
gain,default_fixed,accel_gain,0.15,on,9.75,1.36,0.80,-0.204,-0.119,-0.837,-0.960,0.044,4.04,1.85
gain,default_fixed,accel_gain,0.15,on,9.80,1.38,0.80,-0.208,-0.121,-0.836,-0.961,0.043,4.05,1.82
gain,default_fixed,accel_gain,0.15,on,9.85,1.40,0.81,-0.211,-0.122,-0.835,-0.962,0.042,4.06,1.80
gain,default_fixed,accel_gain,0.15,on,9.90,1.43,0.83,-0.214,-0.124,-0.834,-0.963,0.042,4.07,1.78
gain,default_fixed,accel_gain,0.15,on,9.95,1.45,0.85,-0.218,-0.127,-0.834,-0.964,0.042,4.08,1.77
gain,default_fixed,accel_gain,0.15,on,10.00,1.46,0.86,-0.219,-0.130,-0.835,-0.979,0.031,3.99,1.87
gain,default_fixed,accel_gain,0.15,on,10.05,1.45,0.88,-0.218,-0.132,-0.835,-0.979,0.031,3.99,1.87
gain,default_fixed,accel_gain,0.15,on,10.10,1.44,0.90,-0.216,-0.135,-0.835,-0.980,0.031,3.98,1.85
gain,default_fixed,accel_gain,0.15,on,10.15,1.42,0.91,-0.213,-0.137,-0.834,-0.982,0.030,3.98,1.83
gain,default_fixed,accel_gain,0.15,on,10.20,1.40,0.93,-0.210,-0.139,-0.834,-0.983,0.030,3.98,1.82
gain,default_fixed,accel_gain,0.15,on,10.25,1.38,0.94,-0.207,-0.140,-0.833,-0.985,0.030,3.98,1.81
gain,default_fixed,accel_gain,0.15,on,10.30,1.35,0.94,-0.203,-0.142,-0.833,-0.986,0.030,3.99,1.81
gain,default_fixed,accel_gain,0.15,on,10.35,1.32,0.95,-0.199,-0.142,-0.833,-0.988,0.030,3.99,1.80
gain,default_fixed,accel_gain,0.15,on,10.40,1.30,0.95,-0.195,-0.143,-0.833,-0.989,0.029,3.99,1.80
gain,default_fixed,accel_gain,0.15,on,10.45,1.28,0.96,-0.192,-0.143,-0.833,-0.991,0.029,3.99,1.79
gain,default_fixed,accel_gain,0.15,on,10.50,1.25,0.95,-0.188,-0.143,-0.833,-0.992,0.029,3.98,1.79
gain,default_fixed,accel_gain,0.15,on,10.55,1.23,0.95,-0.184,-0.142,-0.833,-0.993,0.029,3.97,1.79
gain,default_fixed,accel_gain,0.15,on,10.60,1.20,0.94,-0.180,-0.140,-0.833,-0.994,0.029,3.96,1.78
gain,default_fixed,accel_gain,0.15,on,10.65,1.17,0.92,-0.176,-0.139,-0.833,-0.995,0.028,3.94,1.78
gain,default_fixed,accel_gain,0.15,on,10.70,1.15,0.91,-0.172,-0.137,-0.834,-0.995,0.028,3.92,1.79
gain,default_fixed,accel_gain,0.15,on,10.75,1.12,0.90,-0.169,-0.136,-0.834,-0.996,0.027,3.90,1.79
gain,default_fixed,accel_gain,0.15,on,10.80,1.11,0.89,-0.166,-0.134,-0.835,-0.997,0.027,3.88,1.78
gain,default_fixed,accel_gain,0.15,on,10.85,1.09,0.89,-0.163,-0.133,-0.835,-0.998,0.026,3.86,1.78
gain,default_fixed,accel_gain,0.15,on,10.90,1.08,0.88,-0.161,-0.132,-0.836,-0.998,0.026,3.84,1.78
gain,default_fixed,accel_gain,0.15,on,10.95,1.07,0.87,-0.160,-0.131,-0.837,-1.000,0.025,3.82,1.77
gain,default_fixed,accel_gain,0.15,on,11.00,1.07,0.88,-0.160,-0.132,-0.855,-1.012,0.018,3.77,1.77
gain,default_fixed,accel_gain,0.15,on,11.05,1.07,0.89,-0.160,-0.134,-0.855,-1.012,0.018,3.77,1.77
gain,default_fixed,accel_gain,0.15,on,11.10,1.07,0.91,-0.160,-0.136,-0.856,-1.011,0.017,3.76,1.79
gain,default_fixed,accel_gain,0.15,on,11.15,1.07,0.93,-0.161,-0.139,-0.857,-1.011,0.016,3.75,1.81
gain,default_fixed,accel_gain,0.15,on,11.20,1.07,0.94,-0.161,-0.142,-0.859,-1.010,0.015,3.75,1.82
gain,default_fixed,accel_gain,0.15,on,11.25,1.08,0.96,-0.162,-0.144,-0.860,-1.010,0.015,3.73,1.84
gain,default_fixed,accel_gain,0.15,on,11.30,1.08,0.98,-0.162,-0.147,-0.861,-1.010,0.015,3.73,1.86
gain,default_fixed,accel_gain,0.15,on,11.35,1.09,0.99,-0.163,-0.149,-0.862,-1.010,0.015,3.73,1.87
gain,default_fixed,accel_gain,0.15,on,11.40,1.09,1.01,-0.163,-0.151,-0.863,-1.010,0.015,3.73,1.88
gain,default_fixed,accel_gain,0.15,on,11.45,1.09,1.02,-0.164,-0.153,-0.863,-1.010,0.014,3.73,1.90
gain,default_fixed,accel_gain,0.15,on,11.50,1.10,1.03,-0.165,-0.154,-0.863,-1.010,0.014,3.74,1.91
gain,default_fixed,accel_gain,0.15,on,11.55,1.11,1.04,-0.167,-0.155,-0.863,-1.009,0.014,3.75,1.92
gain,default_fixed,accel_gain,0.15,on,11.60,1.12,1.04,-0.168,-0.156,-0.863,-1.009,0.014,3.76,1.92
gain,default_fixed,accel_gain,0.15,on,11.65,1.13,1.05,-0.170,-0.157,-0.863,-1.009,0.014,3.79,1.93
gain,default_fixed,accel_gain,0.15,on,11.70,1.15,1.05,-0.172,-0.158,-0.863,-1.009,0.014,3.80,1.93
gain,default_fixed,accel_gain,0.15,on,11.75,1.16,1.05,-0.175,-0.158,-0.864,-1.008,0.013,3.82,1.93
gain,default_fixed,accel_gain,0.15,on,11.80,1.18,1.05,-0.176,-0.157,-0.864,-1.007,0.013,3.84,1.93
gain,default_fixed,accel_gain,0.15,on,11.85,1.19,1.04,-0.179,-0.157,-0.865,-1.007,0.012,3.85,1.93
gain,default_fixed,accel_gain,0.15,on,11.90,1.21,1.04,-0.181,-0.156,-0.866,-1.006,0.012,3.86,1.93
gain,default_fixed,accel_gain,0.15,on,11.95,1.22,1.04,-0.183,-0.155,-0.867,-1.005,0.011,3.87,1.93
gain,default_fixed,accel_gain,0.15,on,12.00,1.24,1.03,-0.186,-0.154,-0.875,-0.978,0.022,3.89,2.09
gain,default_fixed,accel_gain,0.15,on,12.05,1.25,1.02,-0.187,-0.154,-0.875,-0.978,0.022,3.89,2.09
gain,default_fixed,accel_gain,0.15,on,12.10,1.26,1.02,-0.189,-0.153,-0.874,-0.976,0.023,3.89,2.10
gain,default_fixed,accel_gain,0.15,on,12.15,1.28,1.01,-0.191,-0.152,-0.874,-0.974,0.024,3.90,2.11
gain,default_fixed,accel_gain,0.15,on,12.20,1.29,1.01,-0.193,-0.152,-0.872,-0.972,0.025,3.91,2.12
gain,default_fixed,accel_gain,0.15,on,12.25,1.30,1.01,-0.196,-0.152,-0.872,-0.971,0.026,3.92,2.13
gain,default_fixed,accel_gain,0.15,on,12.30,1.32,1.01,-0.198,-0.152,-0.870,-0.969,0.027,3.94,2.13
gain,default_fixed,accel_gain,0.15,on,12.35,1.34,1.01,-0.200,-0.152,-0.869,-0.968,0.028,3.96,2.13
gain,default_fixed,accel_gain,0.15,on,12.40,1.36,1.01,-0.203,-0.152,-0.867,-0.967,0.029,3.98,2.14
gain,default_fixed,accel_gain,0.15,on,12.45,1.37,1.02,-0.206,-0.153,-0.866,-0.966,0.029,4.01,2.13
gain,default_fixed,accel_gain,0.15,on,12.50,1.39,1.02,-0.209,-0.153,-0.864,-0.965,0.030,4.04,2.13
gain,default_fixed,accel_gain,0.15,on,12.55,1.41,1.03,-0.211,-0.154,-0.863,-0.965,0.031,4.07,2.13
gain,default_fixed,accel_gain,0.15,on,12.60,1.43,1.03,-0.214,-0.155,-0.860,-0.964,0.031,4.10,2.13
gain,default_fixed,accel_gain,0.15,on,12.65,1.44,1.03,-0.216,-0.155,-0.860,-0.964,0.031,4.12,2.12
gain,default_fixed,accel_gain,0.15,on,12.70,1.45,1.03,-0.217,-0.155,-0.858,-0.964,0.031,4.15,2.11
gain,default_fixed,accel_gain,0.15,on,12.75,1.46,1.03,-0.218,-0.155,-0.858,-0.965,0.031,4.17,2.10
gain,default_fixed,accel_gain,0.15,on,12.80,1.46,1.03,-0.219,-0.155,-0.857,-0.965,0.031,4.19,2.09
gain,default_fixed,accel_gain,0.15,on,12.85,1.46,1.03,-0.219,-0.155,-0.857,-0.965,0.031,4.20,2.07
gain,default_fixed,accel_gain,0.15,on,12.90,1.46,1.03,-0.220,-0.155,-0.856,-0.965,0.030,4.20,2.06
gain,default_fixed,accel_gain,0.15,on,12.95,1.46,1.03,-0.220,-0.154,-0.856,-0.965,0.030,4.20,2.05
gain,default_fixed,accel_gain,0.15,on,13.00,1.45,1.02,-0.218,-0.153,-0.858,-0.999,0.005,3.94,1.73
gain,default_fixed,accel_gain,0.15,on,13.05,1.43,1.00,-0.215,-0.150,-0.858,-0.999,0.005,3.94,1.73
gain,default_fixed,accel_gain,0.15,on,13.10,1.41,0.98,-0.212,-0.148,-0.857,-1.000,0.007,3.94,1.71
gain,default_fixed,accel_gain,0.15,on,13.15,1.39,0.97,-0.209,-0.145,-0.856,-1.002,0.009,3.95,1.70
gain,default_fixed,accel_gain,0.15,on,13.20,1.37,0.95,-0.206,-0.142,-0.855,-1.004,0.011,3.96,1.68
gain,default_fixed,accel_gain,0.15,on,13.25,1.36,0.93,-0.203,-0.140,-0.854,-1.007,0.014,3.96,1.66
gain,default_fixed,accel_gain,0.15,on,13.30,1.34,0.92,-0.202,-0.138,-0.854,-1.008,0.015,3.95,1.64
gain,default_fixed,accel_gain,0.15,on,13.35,1.33,0.91,-0.200,-0.136,-0.853,-1.010,0.018,3.94,1.62
gain,default_fixed,accel_gain,0.15,on,13.40,1.32,0.89,-0.198,-0.134,-0.853,-1.012,0.019,3.93,1.60
gain,default_fixed,accel_gain,0.15,on,13.45,1.31,0.89,-0.196,-0.133,-0.852,-1.013,0.021,3.92,1.58
gain,default_fixed,accel_gain,0.15,on,13.50,1.30,0.89,-0.195,-0.133,-0.852,-1.014,0.021,3.91,1.57
gain,default_fixed,accel_gain,0.15,on,13.55,1.29,0.88,-0.193,-0.132,-0.851,-1.015,0.022,3.90,1.56
gain,default_fixed,accel_gain,0.15,on,13.60,1.28,0.88,-0.191,-0.132,-0.851,-1.015,0.022,3.89,1.55
gain,default_fixed,accel_gain,0.15,on,13.65,1.26,0.88,-0.189,-0.133,-0.850,-1.015,0.023,3.89,1.55
gain,default_fixed,accel_gain,0.15,on,13.70,1.25,0.89,-0.187,-0.133,-0.850,-1.015,0.023,3.88,1.56
gain,default_fixed,accel_gain,0.15,on,13.75,1.23,0.89,-0.185,-0.134,-0.850,-1.014,0.022,3.88,1.57
gain,default_fixed,accel_gain,0.15,on,13.80,1.22,0.90,-0.183,-0.135,-0.849,-1.013,0.022,3.88,1.59
gain,default_fixed,accel_gain,0.15,on,13.85,1.20,0.91,-0.180,-0.137,-0.849,-1.012,0.021,3.88,1.61
gain,default_fixed,accel_gain,0.15,on,13.90,1.18,0.92,-0.177,-0.138,-0.849,-1.011,0.020,3.88,1.64
gain,default_fixed,accel_gain,0.15,on,13.95,1.16,0.93,-0.174,-0.140,-0.849,-1.009,0.019,3.88,1.68
gain,default_fixed,accel_gain,0.15,on,14.00,1.14,0.94,-0.171,-0.141,-0.879,-1.000,0.018,3.67,1.96
gain,default_fixed,accel_gain,0.15,on,14.05,1.12,0.94,-0.167,-0.141,-0.879,-1.000,0.018,3.67,1.96
gain,default_fixed,accel_gain,0.15,on,14.10,1.10,0.94,-0.164,-0.141,-0.880,-1.000,0.019,3.66,1.94
gain,default_fixed,accel_gain,0.15,on,14.15,1.07,0.94,-0.161,-0.140,-0.881,-1.002,0.021,3.65,1.93
gain,default_fixed,accel_gain,0.15,on,14.20,1.06,0.93,-0.159,-0.140,-0.882,-1.003,0.021,3.64,1.91
gain,default_fixed,accel_gain,0.15,on,14.25,1.04,0.93,-0.156,-0.139,-0.882,-1.004,0.022,3.63,1.90
gain,default_fixed,accel_gain,0.15,on,14.30,1.03,0.92,-0.154,-0.138,-0.882,-1.004,0.023,3.62,1.88
gain,default_fixed,accel_gain,0.15,on,14.35,1.02,0.92,-0.152,-0.137,-0.883,-1.005,0.023,3.61,1.87
gain,default_fixed,accel_gain,0.15,on,14.40,1.01,0.91,-0.152,-0.137,-0.883,-1.005,0.023,3.60,1.86
gain,default_fixed,accel_gain,0.15,on,14.45,1.01,0.91,-0.152,-0.136,-0.882,-1.006,0.023,3.60,1.85
gain,default_fixed,accel_gain,0.15,on,14.50,1.02,0.91,-0.153,-0.136,-0.882,-1.006,0.023,3.60,1.84
gain,default_fixed,accel_gain,0.15,on,14.55,1.03,0.91,-0.155,-0.136,-0.880,-1.006,0.022,3.60,1.84
gain,default_fixed,accel_gain,0.15,on,14.60,1.05,0.92,-0.158,-0.137,-0.879,-1.006,0.021,3.62,1.83
gain,default_fixed,accel_gain,0.15,on,14.65,1.08,0.93,-0.162,-0.139,-0.878,-1.005,0.019,3.64,1.83
gain,default_fixed,accel_gain,0.15,on,14.70,1.12,0.94,-0.168,-0.142,-0.876,-1.005,0.018,3.66,1.83
gain,default_fixed,accel_gain,0.15,on,14.75,1.17,0.96,-0.175,-0.145,-0.874,-1.004,0.016,3.70,1.83
gain,default_fixed,accel_gain,0.15,on,14.80,1.23,0.99,-0.184,-0.149,-0.873,-1.003,0.014,3.74,1.83
gain,default_fixed,accel_gain,0.15,on,14.85,1.29,1.02,-0.194,-0.153,-0.870,-1.002,0.011,3.80,1.84
gain,default_fixed,accel_gain,0.15,on,14.90,1.36,1.06,-0.204,-0.159,-0.869,-1.001,0.010,3.85,1.85
gain,default_fixed,accel_gain,0.15,on,14.95,1.44,1.09,-0.216,-0.164,-0.867,-0.999,0.007,3.92,1.86
gain,default_fixed,accel_gain,0.15,on,15.00,1.47,1.11,-0.221,-0.166,-0.866,-0.983,0.013,3.95,2.03
gain,default_fixed,accel_gain,0.15,on,15.05,1.48,1.10,-0.222,-0.165,-0.866,-0.983,0.013,3.95,2.03
gain,default_fixed,accel_gain,0.15,on,15.10,1.47,1.09,-0.221,-0.163,-0.865,-0.984,0.012,3.96,2.00
gain,default_fixed,accel_gain,0.15,on,15.15,1.45,1.07,-0.218,-0.160,-0.863,-0.985,0.010,3.97,1.98
gain,default_fixed,accel_gain,0.15,on,15.20,1.44,1.05,-0.216,-0.157,-0.862,-0.986,0.009,3.98,1.95
gain,default_fixed,accel_gain,0.15,on,15.25,1.43,1.03,-0.214,-0.154,-0.860,-0.987,0.008,4.01,1.92
gain,default_fixed,accel_gain,0.15,on,15.30,1.42,1.01,-0.213,-0.151,-0.859,-0.988,0.008,4.03,1.90
gain,default_fixed,accel_gain,0.15,on,15.35,1.41,0.99,-0.212,-0.148,-0.856,-0.990,0.007,4.04,1.87
gain,default_fixed,accel_gain,0.15,on,15.40,1.41,0.97,-0.212,-0.146,-0.855,-0.991,0.008,4.06,1.84
gain,default_fixed,accel_gain,0.15,on,15.45,1.41,0.96,-0.212,-0.144,-0.853,-0.993,0.009,4.07,1.81
gain,default_fixed,accel_gain,0.15,on,15.50,1.41,0.95,-0.212,-0.142,-0.852,-0.993,0.010,4.08,1.78
gain,default_fixed,accel_gain,0.15,on,15.55,1.41,0.93,-0.212,-0.140,-0.850,-0.995,0.011,4.08,1.75
gain,default_fixed,accel_gain,0.15,on,15.60,1.42,0.92,-0.213,-0.138,-0.849,-0.996,0.012,4.09,1.72
gain,default_fixed,accel_gain,0.15,on,15.65,1.42,0.91,-0.213,-0.136,-0.848,-0.997,0.014,4.09,1.70
gain,default_fixed,accel_gain,0.15,on,15.70,1.42,0.89,-0.213,-0.134,-0.847,-0.998,0.015,4.10,1.68
gain,default_fixed,accel_gain,0.15,on,15.75,1.41,0.89,-0.212,-0.133,-0.846,-0.999,0.016,4.10,1.65
gain,default_fixed,accel_gain,0.15,on,15.80,1.41,0.88,-0.212,-0.132,-0.845,-0.999,0.017,4.10,1.64
gain,default_fixed,accel_gain,0.15,on,15.85,1.40,0.88,-0.209,-0.132,-0.844,-0.999,0.018,4.11,1.63
gain,default_fixed,accel_gain,0.15,on,15.90,1.38,0.88,-0.207,-0.133,-0.844,-0.999,0.018,4.10,1.62
gain,default_fixed,accel_gain,0.15,on,15.95,1.37,0.89,-0.205,-0.133,-0.844,-0.999,0.018,4.10,1.62
gain,default_fixed,accel_gain,0.15,on,16.00,1.34,0.90,-0.202,-0.134,-0.860,-1.018,0.023,3.83,1.65
gain,default_fixed,accel_gain,0.15,on,16.05,1.32,0.91,-0.197,-0.136,-0.860,-1.018,0.023,3.83,1.65
gain,default_fixed,accel_gain,0.15,on,16.10,1.28,0.92,-0.193,-0.138,-0.861,-1.019,0.024,3.81,1.65
gain,default_fixed,accel_gain,0.15,on,16.15,1.25,0.93,-0.188,-0.139,-0.863,-1.019,0.024,3.79,1.65
gain,default_fixed,accel_gain,0.15,on,16.20,1.22,0.94,-0.183,-0.141,-0.865,-1.020,0.025,3.77,1.66
gain,default_fixed,accel_gain,0.15,on,16.25,1.19,0.95,-0.178,-0.142,-0.867,-1.020,0.025,3.74,1.67
gain,default_fixed,accel_gain,0.15,on,16.30,1.16,0.96,-0.173,-0.143,-0.868,-1.019,0.025,3.72,1.69
gain,default_fixed,accel_gain,0.15,on,16.35,1.13,0.96,-0.169,-0.144,-0.870,-1.019,0.025,3.68,1.71
gain,default_fixed,accel_gain,0.15,on,16.40,1.10,0.97,-0.165,-0.146,-0.871,-1.018,0.025,3.66,1.73
gain,default_fixed,accel_gain,0.15,on,16.45,1.08,0.98,-0.162,-0.147,-0.873,-1.017,0.025,3.63,1.76
gain,default_fixed,accel_gain,0.15,on,16.50,1.06,0.98,-0.159,-0.148,-0.874,-1.017,0.025,3.61,1.78
gain,default_fixed,accel_gain,0.15,on,16.55,1.04,0.99,-0.156,-0.148,-0.876,-1.016,0.025,3.59,1.81
gain,default_fixed,accel_gain,0.15,on,16.60,1.02,0.99,-0.153,-0.149,-0.877,-1.015,0.025,3.57,1.83
gain,default_fixed,accel_gain,0.15,on,16.65,1.01,1.00,-0.151,-0.149,-0.880,-1.013,0.026,3.56,1.86
gain,default_fixed,accel_gain,0.15,on,16.70,1.00,1.00,-0.150,-0.150,-0.881,-1.013,0.026,3.55,1.88
gain,default_fixed,accel_gain,0.15,on,16.75,1.00,1.00,-0.150,-0.150,-0.884,-1.011,0.027,3.53,1.91
gain,default_fixed,accel_gain,0.15,on,16.80,1.00,1.00,-0.151,-0.150,-0.886,-1.010,0.028,3.53,1.93
gain,default_fixed,accel_gain,0.15,on,16.85,1.01,1.00,-0.152,-0.150,-0.888,-1.008,0.030,3.52,1.95
gain,default_fixed,accel_gain,0.15,on,16.90,1.03,1.00,-0.154,-0.150,-0.889,-1.008,0.030,3.51,1.97
gain,default_fixed,accel_gain,0.15,on,16.95,1.04,1.00,-0.157,-0.150,-0.891,-1.006,0.032,3.51,1.99
gain,default_fixed,accel_gain,0.15,on,17.00,1.08,1.00,-0.162,-0.150,-0.877,-0.971,0.029,3.93,2.09
gain,default_fixed,accel_gain,0.15,on,17.05,1.12,1.01,-0.168,-0.151,-0.877,-0.971,0.029,3.93,2.09
gain,default_fixed,accel_gain,0.15,on,17.10,1.18,1.02,-0.177,-0.152,-0.875,-0.970,0.029,3.97,2.09
gain,default_fixed,accel_gain,0.15,on,17.15,1.24,1.03,-0.186,-0.154,-0.872,-0.966,0.031,4.03,2.10
gain,default_fixed,accel_gain,0.15,on,17.20,1.30,1.04,-0.196,-0.156,-0.870,-0.964,0.032,4.06,2.11
gain,default_fixed,accel_gain,0.15,on,17.25,1.37,1.05,-0.205,-0.157,-0.868,-0.961,0.035,4.13,2.12
gain,default_fixed,accel_gain,0.15,on,17.30,1.44,1.05,-0.215,-0.158,-0.867,-0.959,0.037,4.17,2.12
gain,default_fixed,accel_gain,0.15,on,17.35,1.50,1.06,-0.225,-0.159,-0.865,-0.955,0.040,4.24,2.14
gain,default_fixed,accel_gain,0.15,on,17.40,1.57,1.07,-0.236,-0.161,-0.864,-0.953,0.042,4.28,2.15
gain,default_fixed,accel_gain,0.15,on,17.45,1.64,1.08,-0.245,-0.162,-0.863,-0.950,0.045,4.35,2.17
gain,default_fixed,accel_gain,0.15,on,17.50,1.70,1.09,-0.255,-0.163,-0.862,-0.949,0.047,4.39,2.18
gain,default_fixed,accel_gain,0.15,on,17.55,1.76,1.10,-0.263,-0.165,-0.861,-0.946,0.049,4.44,2.19
gain,default_fixed,accel_gain,0.15,on,17.60,1.81,1.11,-0.271,-0.167,-0.861,-0.945,0.050,4.47,2.20
gain,default_fixed,accel_gain,0.15,on,17.65,1.86,1.12,-0.279,-0.168,-0.860,-0.943,0.052,4.51,2.21
gain,default_fixed,accel_gain,0.15,on,17.70,1.91,1.13,-0.286,-0.170,-0.860,-0.943,0.052,4.53,2.21
gain,default_fixed,accel_gain,0.15,on,17.75,1.94,1.14,-0.292,-0.172,-0.859,-0.941,0.054,4.55,2.22
gain,default_fixed,accel_gain,0.15,on,17.80,1.97,1.15,-0.296,-0.173,-0.859,-0.941,0.054,4.56,2.22
gain,default_fixed,accel_gain,0.15,on,17.85,1.99,1.16,-0.299,-0.174,-0.858,-0.941,0.055,4.57,2.21
gain,default_fixed,accel_gain,0.15,on,17.90,2.01,1.17,-0.302,-0.175,-0.857,-0.941,0.055,4.58,2.21
gain,default_fixed,accel_gain,0.15,on,17.95,2.03,1.18,-0.304,-0.177,-0.857,-0.941,0.054,4.58,2.20
gain,default_fixed,accel_gain,0.2,on,0.00,0.00,0.00,0.000,0.000,-0.967,-1.175,0.088,0.25,0.17
gain,default_fixed,accel_gain,0.2,on,0.05,0.00,0.00,0.000,0.000,-0.967,-1.175,0.088,0.25,0.17
gain,default_fixed,accel_gain,0.2,on,0.10,0.00,0.00,0.000,0.000,-0.971,-1.180,0.094,0.20,0.13
gain,default_fixed,accel_gain,0.2,on,0.15,0.00,0.00,0.000,0.000,-0.973,-1.183,0.097,0.15,0.08
gain,default_fixed,accel_gain,0.2,on,0.20,0.00,0.00,0.000,0.000,-0.975,-1.187,0.102,0.10,0.03
gain,default_fixed,accel_gain,0.2,on,0.25,0.00,0.00,0.000,0.000,-0.976,-1.189,0.104,0.05,-0.01
gain,default_fixed,accel_gain,0.2,on,0.30,0.00,0.00,0.000,0.000,-0.978,-1.192,0.107,0.02,-0.05
gain,default_fixed,accel_gain,0.2,on,0.35,0.00,0.00,0.000,0.000,-0.978,-1.193,0.108,0.01,-0.07
gain,default_fixed,accel_gain,0.2,on,0.40,0.00,0.00,0.000,0.000,-0.979,-1.193,0.108,0.01,-0.08
gain,default_fixed,accel_gain,0.2,on,0.45,0.00,0.00,0.000,0.000,-0.979,-1.193,0.108,0.02,-0.07
gain,default_fixed,accel_gain,0.2,on,0.50,0.00,0.00,0.000,0.000,-0.978,-1.191,0.107,0.07,-0.04
gain,default_fixed,accel_gain,0.2,on,0.55,0.00,0.00,0.000,0.000,-0.977,-1.190,0.105,0.12,0.00
gain,default_fixed,accel_gain,0.2,on,0.60,0.00,0.00,0.000,0.000,-0.976,-1.186,0.101,0.20,0.07
gain,default_fixed,accel_gain,0.2,on,0.65,0.00,0.00,0.000,0.000,-0.975,-1.183,0.098,0.28,0.14
gain,default_fixed,accel_gain,0.2,on,0.70,0.00,0.00,0.000,0.000,-0.973,-1.177,0.092,0.39,0.24
gain,default_fixed,accel_gain,0.2,on,0.75,0.00,0.00,0.000,0.000,-0.971,-1.172,0.088,0.50,0.34
gain,default_fixed,accel_gain,0.2,on,0.80,0.00,0.00,0.000,0.000,-0.969,-1.163,0.080,0.63,0.46
gain,default_fixed,accel_gain,0.2,on,0.85,0.00,0.00,0.000,0.000,-0.968,-1.158,0.075,0.75,0.59
gain,default_fixed,accel_gain,0.2,on,0.90,0.00,0.00,0.000,0.000,-0.966,-1.148,0.067,0.89,0.73
gain,default_fixed,accel_gain,0.2,on,0.95,1.77,2.01,-0.353,-0.402,-0.964,-1.141,0.062,1.01,0.87
gain,default_fixed,accel_gain,0.2,on,1.00,1.71,1.88,-0.342,-0.376,-0.955,-1.037,0.082,3.40,3.00
gain,default_fixed,accel_gain,0.2,on,1.05,1.61,1.69,-0.323,-0.339,-0.955,-1.037,0.082,3.40,3.00
gain,default_fixed,accel_gain,0.2,on,1.10,1.50,1.49,-0.299,-0.297,-0.953,-1.042,0.076,3.38,2.88
gain,default_fixed,accel_gain,0.2,on,1.15,1.40,1.29,-0.281,-0.258,-0.951,-1.046,0.072,3.37,2.76
gain,default_fixed,accel_gain,0.2,on,1.20,1.31,1.12,-0.263,-0.224,-0.949,-1.049,0.069,3.35,2.64
gain,default_fixed,accel_gain,0.2,on,1.25,1.24,0.95,-0.249,-0.190,-0.945,-1.055,0.061,3.29,2.41
gain,default_fixed,accel_gain,0.2,on,1.30,1.20,0.82,-0.240,-0.164,-0.941,-1.061,0.053,3.22,2.17
gain,default_fixed,accel_gain,0.2,on,1.35,1.19,0.70,-0.237,-0.141,-0.938,-1.065,0.049,3.15,1.95
gain,default_fixed,accel_gain,0.2,on,1.40,1.24,0.63,-0.248,-0.127,-0.932,-1.071,0.041,3.08,1.71
gain,default_fixed,accel_gain,0.2,on,1.45,1.29,0.60,-0.259,-0.120,-0.929,-1.073,0.037,3.02,1.50
gain,default_fixed,accel_gain,0.2,on,1.50,1.36,0.56,-0.272,-0.112,-0.926,-1.076,0.034,2.99,1.34
gain,default_fixed,accel_gain,0.2,on,1.55,1.45,0.54,-0.290,-0.108,-0.919,-1.080,0.027,2.98,1.13
gain,default_fixed,accel_gain,0.2,on,1.60,1.57,0.54,-0.314,-0.107,-0.915,-1.082,0.025,3.01,1.02
gain,default_fixed,accel_gain,0.2,on,1.65,1.71,0.53,-0.342,-0.105,-0.908,-1.085,0.022,3.10,0.90
gain,default_fixed,accel_gain,0.2,on,1.70,1.87,0.54,-0.374,-0.107,-0.900,-1.087,0.024,3.21,0.82
gain,default_fixed,accel_gain,0.2,on,1.75,2.06,0.56,-0.411,-0.113,-0.895,-1.087,0.026,3.36,0.79
gain,default_fixed,accel_gain,0.2,on,1.80,2.28,0.64,-0.455,-0.129,-0.887,-1.087,0.032,3.54,0.77
gain,default_fixed,accel_gain,0.2,on,1.85,2.48,0.73,-0.496,-0.145,-0.884,-1.087,0.035,3.74,0.77
gain,default_fixed,accel_gain,0.2,on,1.90,2.70,0.85,-0.540,-0.171,-0.880,-1.086,0.039,3.92,0.79
gain,default_fixed,accel_gain,0.2,on,1.95,2.94,1.00,-0.589,-0.200,-0.872,-1.084,0.047,4.21,0.85
gain,default_fixed,accel_gain,0.2,on,2.00,2.98,1.13,-0.597,-0.225,-0.950,-1.081,0.045,3.68,2.01
gain,default_fixed,accel_gain,0.2,on,2.05,2.95,1.22,-0.591,-0.244,-0.950,-1.081,0.045,3.68,2.01
gain,default_fixed,accel_gain,0.2,on,2.10,2.84,1.29,-0.567,-0.257,-0.957,-1.089,0.048,3.60,1.95
gain,default_fixed,accel_gain,0.2,on,2.15,2.69,1.32,-0.538,-0.264,-0.962,-1.093,0.051,3.52,1.90
gain,default_fixed,accel_gain,0.2,on,2.20,2.55,1.32,-0.510,-0.263,-0.968,-1.101,0.055,3.46,1.87
gain,default_fixed,accel_gain,0.2,on,2.25,2.41,1.30,-0.482,-0.261,-0.970,-1.105,0.058,3.40,1.87
gain,default_fixed,accel_gain,0.2,on,2.30,2.26,1.28,-0.452,-0.256,-0.976,-1.112,0.063,3.33,1.87
gain,default_fixed,accel_gain,0.2,on,2.35,2.11,1.24,-0.422,-0.247,-0.979,-1.116,0.067,3.24,1.86
gain,default_fixed,accel_gain,0.2,on,2.40,1.98,1.19,-0.396,-0.239,-0.983,-1.123,0.072,3.13,1.85
gain,default_fixed,accel_gain,0.2,on,2.45,1.89,1.17,-0.377,-0.234,-0.985,-1.126,0.074,3.01,1.83
gain,default_fixed,accel_gain,0.2,on,2.50,1.80,1.12,-0.360,-0.224,-0.988,-1.132,0.079,2.88,1.80
gain,default_fixed,accel_gain,0.2,on,2.55,1.72,1.06,-0.343,-0.211,-0.990,-1.135,0.082,2.76,1.76
gain,default_fixed,accel_gain,0.2,on,2.60,1.66,1.00,-0.332,-0.200,-0.992,-1.140,0.085,2.64,1.71
gain,default_fixed,accel_gain,0.2,on,2.65,1.61,0.96,-0.321,-0.192,-0.992,-1.142,0.087,2.55,1.67
gain,default_fixed,accel_gain,0.2,on,2.70,1.58,0.94,-0.316,-0.188,-0.993,-1.145,0.089,2.47,1.62
gain,default_fixed,accel_gain,0.2,on,2.75,1.58,0.92,-0.316,-0.185,-0.993,-1.147,0.089,2.42,1.57
gain,default_fixed,accel_gain,0.2,on,2.80,1.63,0.93,-0.325,-0.186,-0.992,-1.149,0.089,2.39,1.51
gain,default_fixed,accel_gain,0.2,on,2.85,1.66,0.95,-0.332,-0.190,-0.991,-1.149,0.089,2.39,1.47
gain,default_fixed,accel_gain,0.2,on,2.90,1.74,1.00,-0.348,-0.200,-0.989,-1.150,0.087,2.43,1.44
gain,default_fixed,accel_gain,0.2,on,2.95,1.87,1.06,-0.373,-0.213,-0.987,-1.150,0.086,2.49,1.43
gain,default_fixed,accel_gain,0.2,on,3.00,1.97,1.15,-0.395,-0.229,-0.945,-1.068,0.050,4.03,2.39
gain,default_fixed,accel_gain,0.2,on,3.05,2.06,1.23,-0.413,-0.247,-0.945,-1.068,0.050,4.03,2.39
gain,default_fixed,accel_gain,0.2,on,3.10,2.14,1.31,-0.428,-0.263,-0.946,-1.064,0.054,4.01,2.42
gain,default_fixed,accel_gain,0.2,on,3.15,2.20,1.38,-0.440,-0.277,-0.946,-1.061,0.057,3.99,2.44
gain,default_fixed,accel_gain,0.2,on,3.20,2.24,1.44,-0.448,-0.288,-0.947,-1.058,0.060,4.00,2.48
gain,default_fixed,accel_gain,0.2,on,3.25,2.26,1.48,-0.453,-0.296,-0.947,-1.056,0.061,4.03,2.53
gain,default_fixed,accel_gain,0.2,on,3.30,2.26,1.51,-0.451,-0.302,-0.948,-1.053,0.064,4.08,2.58
gain,default_fixed,accel_gain,0.2,on,3.35,2.25,1.53,-0.450,-0.306,-0.948,-1.052,0.065,4.13,2.63
gain,default_fixed,accel_gain,0.2,on,3.40,2.24,1.54,-0.448,-0.308,-0.948,-1.050,0.066,4.17,2.67
gain,default_fixed,accel_gain,0.2,on,3.45,2.24,1.54,-0.447,-0.309,-0.948,-1.050,0.067,4.21,2.71
gain,default_fixed,accel_gain,0.2,on,3.50,2.23,1.54,-0.446,-0.307,-0.947,-1.049,0.067,4.23,2.73
gain,default_fixed,accel_gain,0.2,on,3.55,2.22,1.53,-0.445,-0.305,-0.947,-1.049,0.067,4.23,2.74
gain,default_fixed,accel_gain,0.2,on,3.60,2.21,1.51,-0.443,-0.301,-0.946,-1.049,0.066,4.23,2.73
gain,default_fixed,accel_gain,0.2,on,3.65,2.20,1.48,-0.440,-0.295,-0.945,-1.050,0.066,4.21,2.71
gain,default_fixed,accel_gain,0.2,on,3.70,2.19,1.44,-0.437,-0.288,-0.944,-1.051,0.064,4.19,2.67
gain,default_fixed,accel_gain,0.2,on,3.75,2.17,1.40,-0.434,-0.280,-0.943,-1.052,0.063,4.16,2.63
gain,default_fixed,accel_gain,0.2,on,3.80,2.16,1.36,-0.431,-0.272,-0.941,-1.054,0.060,4.13,2.57
gain,default_fixed,accel_gain,0.2,on,3.85,2.15,1.32,-0.429,-0.264,-0.940,-1.055,0.058,4.10,2.50
gain,default_fixed,accel_gain,0.2,on,3.90,2.14,1.28,-0.428,-0.257,-0.937,-1.058,0.055,4.07,2.42
gain,default_fixed,accel_gain,0.2,on,3.95,2.13,1.25,-0.427,-0.249,-0.936,-1.060,0.052,4.05,2.34
gain,default_fixed,accel_gain,0.2,on,4.00,2.12,1.22,-0.423,-0.243,-0.891,-1.104,0.022,4.16,1.66
gain,default_fixed,accel_gain,0.2,on,4.05,2.09,1.19,-0.419,-0.238,-0.891,-1.104,0.022,4.16,1.66
gain,default_fixed,accel_gain,0.2,on,4.10,2.07,1.17,-0.415,-0.235,-0.890,-1.104,0.023,4.15,1.66
gain,default_fixed,accel_gain,0.2,on,4.15,2.05,1.16,-0.411,-0.232,-0.890,-1.105,0.023,4.14,1.67
gain,default_fixed,accel_gain,0.2,on,4.20,2.04,1.16,-0.407,-0.231,-0.889,-1.105,0.024,4.12,1.68
gain,default_fixed,accel_gain,0.2,on,4.25,2.02,1.16,-0.405,-0.232,-0.889,-1.105,0.024,4.10,1.69
gain,default_fixed,accel_gain,0.2,on,4.30,2.01,1.17,-0.401,-0.233,-0.888,-1.105,0.025,4.08,1.69
gain,default_fixed,accel_gain,0.2,on,4.35,1.99,1.18,-0.398,-0.236,-0.888,-1.105,0.025,4.05,1.69
gain,default_fixed,accel_gain,0.2,on,4.40,1.96,1.19,-0.393,-0.239,-0.888,-1.105,0.024,4.02,1.70
gain,default_fixed,accel_gain,0.2,on,4.45,1.94,1.21,-0.388,-0.243,-0.889,-1.105,0.024,3.99,1.72
gain,default_fixed,accel_gain,0.2,on,4.50,1.92,1.23,-0.383,-0.246,-0.889,-1.105,0.024,3.96,1.74
gain,default_fixed,accel_gain,0.2,on,4.55,1.88,1.25,-0.377,-0.249,-0.890,-1.105,0.023,3.93,1.76
gain,default_fixed,accel_gain,0.2,on,4.60,1.85,1.26,-0.369,-0.252,-0.890,-1.105,0.023,3.91,1.79
gain,default_fixed,accel_gain,0.2,on,4.65,1.80,1.27,-0.360,-0.254,-0.890,-1.105,0.023,3.88,1.82
gain,default_fixed,accel_gain,0.2,on,4.70,1.75,1.27,-0.350,-0.254,-0.890,-1.105,0.023,3.85,1.86
gain,default_fixed,accel_gain,0.2,on,4.75,1.69,1.27,-0.338,-0.253,-0.890,-1.105,0.023,3.83,1.89
gain,default_fixed,accel_gain,0.2,on,4.80,1.64,1.25,-0.328,-0.251,-0.889,-1.106,0.024,3.81,1.92
gain,default_fixed,accel_gain,0.2,on,4.85,1.58,1.24,-0.315,-0.247,-0.889,-1.107,0.024,3.78,1.94
gain,default_fixed,accel_gain,0.2,on,4.90,1.52,1.21,-0.303,-0.242,-0.887,-1.108,0.026,3.76,1.95
gain,default_fixed,accel_gain,0.2,on,4.95,1.45,1.18,-0.290,-0.236,-0.886,-1.108,0.027,3.73,1.96
gain,default_fixed,accel_gain,0.2,on,5.00,1.40,1.16,-0.280,-0.232,-0.861,-1.131,0.057,3.98,1.73
gain,default_fixed,accel_gain,0.2,on,5.05,1.36,1.14,-0.272,-0.229,-0.861,-1.131,0.057,3.98,1.73
gain,default_fixed,accel_gain,0.2,on,5.10,1.32,1.13,-0.264,-0.226,-0.863,-1.132,0.056,3.96,1.73
gain,default_fixed,accel_gain,0.2,on,5.15,1.29,1.12,-0.257,-0.223,-0.864,-1.133,0.056,3.94,1.73
gain,default_fixed,accel_gain,0.2,on,5.20,1.25,1.10,-0.251,-0.221,-0.866,-1.134,0.054,3.91,1.72
gain,default_fixed,accel_gain,0.2,on,5.25,1.22,1.09,-0.245,-0.218,-0.868,-1.135,0.053,3.86,1.72
gain,default_fixed,accel_gain,0.2,on,5.30,1.20,1.07,-0.239,-0.215,-0.870,-1.136,0.052,3.81,1.71
gain,default_fixed,accel_gain,0.2,on,5.35,1.17,1.06,-0.234,-0.212,-0.871,-1.137,0.052,3.75,1.70
gain,default_fixed,accel_gain,0.2,on,5.40,1.15,1.05,-0.230,-0.210,-0.873,-1.138,0.051,3.69,1.70
gain,default_fixed,accel_gain,0.2,on,5.45,1.13,1.04,-0.227,-0.208,-0.874,-1.139,0.050,3.64,1.69
gain,default_fixed,accel_gain,0.2,on,5.50,1.12,1.03,-0.225,-0.207,-0.876,-1.139,0.049,3.58,1.68
gain,default_fixed,accel_gain,0.2,on,5.55,1.12,1.03,-0.224,-0.206,-0.876,-1.139,0.049,3.54,1.67
gain,default_fixed,accel_gain,0.2,on,5.60,1.12,1.03,-0.225,-0.207,-0.878,-1.139,0.047,3.51,1.67
gain,default_fixed,accel_gain,0.2,on,5.65,1.14,1.04,-0.227,-0.209,-0.879,-1.139,0.047,3.49,1.67
gain,default_fixed,accel_gain,0.2,on,5.70,1.16,1.06,-0.231,-0.211,-0.880,-1.138,0.045,3.48,1.67
gain,default_fixed,accel_gain,0.2,on,5.75,1.18,1.07,-0.237,-0.215,-0.881,-1.137,0.044,3.47,1.68
gain,default_fixed,accel_gain,0.2,on,5.80,1.22,1.09,-0.243,-0.218,-0.882,-1.135,0.042,3.48,1.70
gain,default_fixed,accel_gain,0.2,on,5.85,1.26,1.11,-0.251,-0.223,-0.882,-1.134,0.041,3.50,1.72
gain,default_fixed,accel_gain,0.2,on,5.90,1.31,1.14,-0.261,-0.228,-0.882,-1.131,0.039,3.53,1.74
gain,default_fixed,accel_gain,0.2,on,5.95,1.36,1.17,-0.272,-0.234,-0.882,-1.130,0.039,3.57,1.78
gain,default_fixed,accel_gain,0.2,on,6.00,1.39,1.18,-0.279,-0.236,-0.866,-1.095,0.048,4.09,2.09
gain,default_fixed,accel_gain,0.2,on,6.05,1.41,1.18,-0.283,-0.237,-0.866,-1.095,0.048,4.09,2.09
gain,default_fixed,accel_gain,0.2,on,6.10,1.42,1.18,-0.284,-0.235,-0.866,-1.094,0.048,4.08,2.08
gain,default_fixed,accel_gain,0.2,on,6.15,1.42,1.16,-0.284,-0.233,-0.866,-1.094,0.048,4.08,2.07
gain,default_fixed,accel_gain,0.2,on,6.20,1.41,1.15,-0.282,-0.229,-0.867,-1.093,0.048,4.08,2.06
gain,default_fixed,accel_gain,0.2,on,6.25,1.39,1.12,-0.279,-0.224,-0.868,-1.092,0.047,4.08,2.05
gain,default_fixed,accel_gain,0.2,on,6.30,1.37,1.10,-0.275,-0.220,-0.869,-1.091,0.046,4.07,2.04
gain,default_fixed,accel_gain,0.2,on,6.35,1.35,1.07,-0.270,-0.214,-0.870,-1.091,0.046,4.07,2.03
gain,default_fixed,accel_gain,0.2,on,6.40,1.33,1.05,-0.266,-0.209,-0.872,-1.089,0.045,4.04,2.01
gain,default_fixed,accel_gain,0.2,on,6.45,1.30,1.02,-0.261,-0.205,-0.873,-1.088,0.044,4.02,2.00
gain,default_fixed,accel_gain,0.2,on,6.50,1.28,1.00,-0.255,-0.199,-0.875,-1.087,0.043,3.97,1.99
gain,default_fixed,accel_gain,0.2,on,6.55,1.25,0.97,-0.249,-0.195,-0.875,-1.086,0.043,3.94,1.98
gain,default_fixed,accel_gain,0.2,on,6.60,1.22,0.95,-0.243,-0.190,-0.877,-1.083,0.043,3.88,1.97
gain,default_fixed,accel_gain,0.2,on,6.65,1.19,0.93,-0.238,-0.186,-0.878,-1.083,0.043,3.85,1.97
gain,default_fixed,accel_gain,0.2,on,6.70,1.16,0.91,-0.232,-0.182,-0.879,-1.081,0.043,3.80,1.97
gain,default_fixed,accel_gain,0.2,on,6.75,1.13,0.90,-0.227,-0.179,-0.880,-1.080,0.043,3.76,1.97
gain,default_fixed,accel_gain,0.2,on,6.80,1.11,0.89,-0.223,-0.177,-0.880,-1.079,0.043,3.72,1.97
gain,default_fixed,accel_gain,0.2,on,6.85,1.09,0.88,-0.218,-0.176,-0.881,-1.078,0.043,3.69,1.97
gain,default_fixed,accel_gain,0.2,on,6.90,1.07,0.88,-0.215,-0.176,-0.881,-1.078,0.043,3.66,1.97
gain,default_fixed,accel_gain,0.2,on,6.95,1.06,0.88,-0.213,-0.176,-0.880,-1.078,0.044,3.64,1.97
gain,default_fixed,accel_gain,0.2,on,7.00,1.06,0.89,-0.212,-0.177,-0.852,-1.073,0.070,4.11,1.96
gain,default_fixed,accel_gain,0.2,on,7.05,1.06,0.89,-0.212,-0.179,-0.852,-1.073,0.070,4.11,1.96
gain,default_fixed,accel_gain,0.2,on,7.10,1.06,0.90,-0.212,-0.180,-0.853,-1.073,0.069,4.09,1.97
gain,default_fixed,accel_gain,0.2,on,7.15,1.06,0.90,-0.212,-0.181,-0.854,-1.073,0.068,4.08,1.98
gain,default_fixed,accel_gain,0.2,on,7.20,1.05,0.91,-0.211,-0.181,-0.855,-1.073,0.067,4.06,1.99
gain,default_fixed,accel_gain,0.2,on,7.25,1.05,0.90,-0.209,-0.180,-0.856,-1.073,0.066,4.04,2.00
gain,default_fixed,accel_gain,0.2,on,7.30,1.03,0.89,-0.206,-0.179,-0.857,-1.074,0.065,4.01,2.00
gain,default_fixed,accel_gain,0.2,on,7.35,1.02,0.88,-0.203,-0.177,-0.857,-1.075,0.065,4.00,2.01
gain,default_fixed,accel_gain,0.2,on,7.40,1.00,0.87,-0.200,-0.175,-0.857,-1.076,0.064,3.97,2.00
gain,default_fixed,accel_gain,0.2,on,7.45,0.98,0.86,-0.196,-0.172,-0.857,-1.077,0.063,3.95,2.00
gain,default_fixed,accel_gain,0.2,on,7.50,0.96,0.84,-0.192,-0.169,-0.857,-1.079,0.063,3.93,1.98
gain,default_fixed,accel_gain,0.2,on,7.55,0.94,0.83,-0.189,-0.166,-0.856,-1.079,0.063,3.91,1.96
gain,default_fixed,accel_gain,0.2,on,7.60,0.93,0.82,-0.186,-0.163,-0.856,-1.081,0.063,3.88,1.94
gain,default_fixed,accel_gain,0.2,on,7.65,0.92,0.80,-0.183,-0.161,-0.855,-1.082,0.063,3.87,1.92
gain,default_fixed,accel_gain,0.2,on,7.70,0.91,0.79,-0.181,-0.158,-0.854,-1.083,0.064,3.86,1.88
gain,default_fixed,accel_gain,0.2,on,7.75,0.90,0.78,-0.180,-0.156,-0.853,-1.084,0.064,3.85,1.86
gain,default_fixed,accel_gain,0.2,on,7.80,0.89,0.77,-0.178,-0.155,-0.851,-1.086,0.065,3.84,1.83
gain,default_fixed,accel_gain,0.2,on,7.85,0.89,0.77,-0.178,-0.154,-0.850,-1.086,0.066,3.84,1.81
gain,default_fixed,accel_gain,0.2,on,7.90,0.89,0.77,-0.178,-0.153,-0.848,-1.088,0.067,3.85,1.78
gain,default_fixed,accel_gain,0.2,on,7.95,0.89,0.77,-0.179,-0.153,-0.848,-1.088,0.068,3.86,1.75
gain,default_fixed,accel_gain,0.2,on,8.00,0.89,0.77,-0.179,-0.155,-0.837,-1.082,0.079,4.09,1.86
gain,default_fixed,accel_gain,0.2,on,8.05,0.90,0.78,-0.180,-0.156,-0.837,-1.082,0.079,4.09,1.86
gain,default_fixed,accel_gain,0.2,on,8.10,0.90,0.79,-0.180,-0.159,-0.839,-1.082,0.078,4.08,1.87
gain,default_fixed,accel_gain,0.2,on,8.15,0.90,0.81,-0.181,-0.161,-0.840,-1.081,0.077,4.07,1.89
gain,default_fixed,accel_gain,0.2,on,8.20,0.90,0.82,-0.181,-0.163,-0.842,-1.080,0.076,4.07,1.90
gain,default_fixed,accel_gain,0.2,on,8.25,0.90,0.83,-0.181,-0.165,-0.843,-1.080,0.075,4.05,1.92
gain,default_fixed,accel_gain,0.2,on,8.30,0.90,0.84,-0.180,-0.167,-0.845,-1.079,0.073,4.04,1.94
gain,default_fixed,accel_gain,0.2,on,8.35,0.89,0.84,-0.178,-0.169,-0.846,-1.079,0.073,4.03,1.95
gain,default_fixed,accel_gain,0.2,on,8.40,0.88,0.85,-0.176,-0.170,-0.848,-1.078,0.071,4.01,1.97
gain,default_fixed,accel_gain,0.2,on,8.45,0.87,0.85,-0.174,-0.170,-0.849,-1.077,0.070,4.00,1.99
gain,default_fixed,accel_gain,0.2,on,8.50,0.86,0.85,-0.171,-0.170,-0.851,-1.076,0.069,3.98,2.02
gain,default_fixed,accel_gain,0.2,on,8.55,0.84,0.84,-0.168,-0.169,-0.852,-1.076,0.068,3.96,2.03
gain,default_fixed,accel_gain,0.2,on,8.60,0.82,0.84,-0.163,-0.167,-0.854,-1.076,0.066,3.94,2.05
gain,default_fixed,accel_gain,0.2,on,8.65,0.80,0.83,-0.159,-0.166,-0.855,-1.076,0.065,3.92,2.06
gain,default_fixed,accel_gain,0.2,on,8.70,0.78,0.82,-0.156,-0.164,-0.857,-1.076,0.064,3.89,2.07
gain,default_fixed,accel_gain,0.2,on,8.75,0.77,0.81,-0.154,-0.162,-0.858,-1.076,0.063,3.87,2.07
gain,default_fixed,accel_gain,0.2,on,8.80,0.76,0.80,-0.152,-0.161,-0.859,-1.076,0.061,3.84,2.07
gain,default_fixed,accel_gain,0.2,on,8.85,0.75,0.79,-0.151,-0.159,-0.860,-1.077,0.061,3.82,2.06
gain,default_fixed,accel_gain,0.2,on,8.90,0.75,0.78,-0.151,-0.157,-0.861,-1.078,0.059,3.79,2.05
gain,default_fixed,accel_gain,0.2,on,8.95,0.76,0.78,-0.151,-0.155,-0.861,-1.078,0.059,3.78,2.04
gain,default_fixed,accel_gain,0.2,on,9.00,0.77,0.77,-0.153,-0.155,-0.841,-1.094,0.073,4.12,1.74
gain,default_fixed,accel_gain,0.2,on,9.05,0.78,0.77,-0.156,-0.154,-0.841,-1.094,0.073,4.12,1.74
gain,default_fixed,accel_gain,0.2,on,9.10,0.79,0.77,-0.159,-0.154,-0.840,-1.095,0.074,4.13,1.74
gain,default_fixed,accel_gain,0.2,on,9.15,0.81,0.77,-0.162,-0.154,-0.839,-1.095,0.074,4.14,1.74
gain,default_fixed,accel_gain,0.2,on,9.20,0.82,0.77,-0.164,-0.154,-0.838,-1.095,0.075,4.15,1.74
gain,default_fixed,accel_gain,0.2,on,9.25,0.83,0.77,-0.167,-0.154,-0.838,-1.095,0.076,4.16,1.75
gain,default_fixed,accel_gain,0.2,on,9.30,0.84,0.77,-0.169,-0.154,-0.837,-1.094,0.077,4.18,1.75
gain,default_fixed,accel_gain,0.2,on,9.35,0.85,0.77,-0.170,-0.154,-0.837,-1.094,0.077,4.19,1.75
gain,default_fixed,accel_gain,0.2,on,9.40,0.86,0.77,-0.172,-0.155,-0.836,-1.093,0.078,4.21,1.75
gain,default_fixed,accel_gain,0.2,on,9.45,0.86,0.77,-0.172,-0.155,-0.836,-1.092,0.078,4.22,1.76
gain,default_fixed,accel_gain,0.2,on,9.50,0.86,0.77,-0.172,-0.155,-0.836,-1.091,0.078,4.24,1.77
gain,default_fixed,accel_gain,0.2,on,9.55,0.86,0.77,-0.172,-0.155,-0.836,-1.091,0.078,4.25,1.78
gain,default_fixed,accel_gain,0.2,on,9.60,0.85,0.77,-0.171,-0.154,-0.838,-1.090,0.077,4.26,1.79
gain,default_fixed,accel_gain,0.2,on,9.65,0.85,0.77,-0.170,-0.154,-0.839,-1.089,0.076,4.26,1.81
gain,default_fixed,accel_gain,0.2,on,9.70,0.84,0.77,-0.167,-0.153,-0.841,-1.089,0.074,4.26,1.82
gain,default_fixed,accel_gain,0.2,on,9.75,0.82,0.76,-0.164,-0.152,-0.843,-1.089,0.072,4.25,1.84
gain,default_fixed,accel_gain,0.2,on,9.80,0.80,0.75,-0.160,-0.150,-0.846,-1.089,0.069,4.22,1.85
gain,default_fixed,accel_gain,0.2,on,9.85,0.78,0.74,-0.156,-0.148,-0.848,-1.089,0.068,4.19,1.86
gain,default_fixed,accel_gain,0.2,on,9.90,0.76,0.73,-0.151,-0.146,-0.851,-1.089,0.064,4.15,1.87
gain,default_fixed,accel_gain,0.2,on,9.95,0.73,0.72,-0.146,-0.143,-0.853,-1.090,0.062,4.10,1.87
gain,default_fixed,accel_gain,0.2,on,10.00,0.72,0.71,-0.144,-0.142,-0.908,-1.118,0.012,3.60,1.67
gain,default_fixed,accel_gain,0.2,on,10.05,0.71,0.71,-0.143,-0.141,-0.908,-1.118,0.012,3.60,1.67
gain,default_fixed,accel_gain,0.2,on,10.10,0.71,0.71,-0.143,-0.142,-0.910,-1.117,0.011,3.61,1.68
gain,default_fixed,accel_gain,0.2,on,10.15,0.72,0.72,-0.144,-0.143,-0.912,-1.117,0.010,3.61,1.70
gain,default_fixed,accel_gain,0.2,on,10.20,0.73,0.73,-0.145,-0.145,-0.915,-1.116,0.010,3.61,1.71
gain,default_fixed,accel_gain,0.2,on,10.25,0.74,0.74,-0.148,-0.148,-0.916,-1.116,0.010,3.61,1.73
gain,default_fixed,accel_gain,0.2,on,10.30,0.76,0.75,-0.151,-0.151,-0.919,-1.114,0.010,3.60,1.75
gain,default_fixed,accel_gain,0.2,on,10.35,0.78,0.77,-0.155,-0.154,-0.921,-1.113,0.010,3.60,1.78
gain,default_fixed,accel_gain,0.2,on,10.40,0.80,0.79,-0.159,-0.158,-0.924,-1.111,0.012,3.59,1.80
gain,default_fixed,accel_gain,0.2,on,10.45,0.82,0.81,-0.164,-0.162,-0.925,-1.110,0.013,3.59,1.84
gain,default_fixed,accel_gain,0.2,on,10.50,0.85,0.83,-0.170,-0.167,-0.928,-1.107,0.015,3.59,1.87
gain,default_fixed,accel_gain,0.2,on,10.55,0.88,0.86,-0.177,-0.172,-0.929,-1.106,0.016,3.60,1.91
gain,default_fixed,accel_gain,0.2,on,10.60,0.92,0.89,-0.184,-0.177,-0.932,-1.102,0.020,3.61,1.95
gain,default_fixed,accel_gain,0.2,on,10.65,0.96,0.91,-0.192,-0.182,-0.934,-1.100,0.022,3.63,1.99
gain,default_fixed,accel_gain,0.2,on,10.70,1.00,0.94,-0.200,-0.188,-0.937,-1.096,0.026,3.65,2.04
gain,default_fixed,accel_gain,0.2,on,10.75,1.05,0.97,-0.209,-0.194,-0.938,-1.094,0.028,3.67,2.09
gain,default_fixed,accel_gain,0.2,on,10.80,1.09,1.00,-0.218,-0.199,-0.941,-1.089,0.034,3.70,2.14
gain,default_fixed,accel_gain,0.2,on,10.85,1.14,1.03,-0.228,-0.205,-0.943,-1.087,0.036,3.73,2.19
gain,default_fixed,accel_gain,0.2,on,10.90,1.19,1.05,-0.238,-0.211,-0.946,-1.083,0.041,3.76,2.24
gain,default_fixed,accel_gain,0.2,on,10.95,1.24,1.08,-0.248,-0.216,-0.947,-1.081,0.043,3.80,2.30
gain,default_fixed,accel_gain,0.2,on,11.00,1.26,1.07,-0.252,-0.214,-0.952,-1.065,0.058,3.89,2.18
gain,default_fixed,accel_gain,0.2,on,11.05,1.25,1.03,-0.250,-0.207,-0.952,-1.065,0.058,3.89,2.18
gain,default_fixed,accel_gain,0.2,on,11.10,1.23,0.99,-0.247,-0.197,-0.949,-1.067,0.054,3.92,2.15
gain,default_fixed,accel_gain,0.2,on,11.15,1.23,0.94,-0.245,-0.188,-0.947,-1.067,0.052,3.95,2.11
gain,default_fixed,accel_gain,0.2,on,11.20,1.22,0.89,-0.244,-0.179,-0.943,-1.069,0.048,3.97,2.08
gain,default_fixed,accel_gain,0.2,on,11.25,1.22,0.84,-0.243,-0.168,-0.941,-1.070,0.046,4.00,2.04
gain,default_fixed,accel_gain,0.2,on,11.30,1.23,0.80,-0.247,-0.160,-0.937,-1.071,0.043,4.02,1.99
gain,default_fixed,accel_gain,0.2,on,11.35,1.26,0.76,-0.252,-0.153,-0.935,-1.072,0.041,4.04,1.93
gain,default_fixed,accel_gain,0.2,on,11.40,1.31,0.73,-0.262,-0.147,-0.931,-1.073,0.038,4.05,1.88
gain,default_fixed,accel_gain,0.2,on,11.45,1.35,0.72,-0.270,-0.143,-0.929,-1.074,0.037,4.07,1.82
gain,default_fixed,accel_gain,0.2,on,11.50,1.40,0.70,-0.280,-0.141,-0.925,-1.074,0.035,4.09,1.77
gain,default_fixed,accel_gain,0.2,on,11.55,1.46,0.70,-0.292,-0.140,-0.923,-1.075,0.034,4.11,1.72
gain,default_fixed,accel_gain,0.2,on,11.60,1.53,0.70,-0.306,-0.141,-0.918,-1.075,0.032,4.14,1.67
gain,default_fixed,accel_gain,0.2,on,11.65,1.61,0.71,-0.322,-0.141,-0.916,-1.076,0.031,4.19,1.64
gain,default_fixed,accel_gain,0.2,on,11.70,1.69,0.72,-0.338,-0.144,-0.912,-1.076,0.031,4.24,1.61
gain,default_fixed,accel_gain,0.2,on,11.75,1.78,0.74,-0.356,-0.148,-0.910,-1.076,0.031,4.30,1.59
gain,default_fixed,accel_gain,0.2,on,11.80,1.86,0.77,-0.372,-0.154,-0.905,-1.077,0.031,4.37,1.57
gain,default_fixed,accel_gain,0.2,on,11.85,1.94,0.81,-0.387,-0.161,-0.903,-1.077,0.032,4.45,1.57
gain,default_fixed,accel_gain,0.2,on,11.90,2.01,0.85,-0.402,-0.171,-0.899,-1.077,0.033,4.53,1.57
gain,default_fixed,accel_gain,0.2,on,11.95,2.09,0.90,-0.418,-0.180,-0.898,-1.077,0.034,4.62,1.58
gain,default_fixed,accel_gain,0.2,on,12.00,2.09,0.93,-0.417,-0.186,-0.938,-1.120,0.029,3.87,1.60
gain,default_fixed,accel_gain,0.2,on,12.05,2.04,0.94,-0.408,-0.187,-0.938,-1.120,0.029,3.87,1.60
gain,default_fixed,accel_gain,0.2,on,12.10,1.95,0.93,-0.391,-0.186,-0.943,-1.125,0.035,3.81,1.56
gain,default_fixed,accel_gain,0.2,on,12.15,1.85,0.91,-0.369,-0.182,-0.945,-1.127,0.038,3.75,1.54
gain,default_fixed,accel_gain,0.2,on,12.20,1.75,0.88,-0.349,-0.176,-0.950,-1.132,0.045,3.70,1.52
gain,default_fixed,accel_gain,0.2,on,12.25,1.65,0.85,-0.330,-0.170,-0.952,-1.134,0.047,3.64,1.51
gain,default_fixed,accel_gain,0.2,on,12.30,1.56,0.82,-0.312,-0.165,-0.956,-1.138,0.053,3.58,1.50
gain,default_fixed,accel_gain,0.2,on,12.35,1.49,0.80,-0.298,-0.159,-0.957,-1.140,0.055,3.51,1.50
gain,default_fixed,accel_gain,0.2,on,12.40,1.43,0.78,-0.286,-0.156,-0.961,-1.144,0.061,3.43,1.49
gain,default_fixed,accel_gain,0.2,on,12.45,1.40,0.78,-0.280,-0.156,-0.962,-1.146,0.063,3.35,1.48
gain,default_fixed,accel_gain,0.2,on,12.50,1.38,0.78,-0.276,-0.155,-0.966,-1.150,0.068,3.26,1.46
gain,default_fixed,accel_gain,0.2,on,12.55,1.37,0.77,-0.274,-0.155,-0.967,-1.152,0.071,3.18,1.45
gain,default_fixed,accel_gain,0.2,on,12.60,1.38,0.78,-0.276,-0.156,-0.970,-1.156,0.075,3.11,1.43
gain,default_fixed,accel_gain,0.2,on,12.65,1.40,0.80,-0.281,-0.159,-0.971,-1.158,0.077,3.05,1.42
gain,default_fixed,accel_gain,0.2,on,12.70,1.43,0.82,-0.286,-0.164,-0.973,-1.160,0.080,3.01,1.41
gain,default_fixed,accel_gain,0.2,on,12.75,1.47,0.85,-0.293,-0.169,-0.974,-1.161,0.081,3.00,1.40
gain,default_fixed,accel_gain,0.2,on,12.80,1.53,0.89,-0.305,-0.177,-0.975,-1.163,0.083,3.00,1.40
gain,default_fixed,accel_gain,0.2,on,12.85,1.58,0.93,-0.316,-0.186,-0.975,-1.163,0.084,3.03,1.40
gain,default_fixed,accel_gain,0.2,on,12.90,1.66,0.98,-0.332,-0.197,-0.975,-1.163,0.084,3.08,1.42
gain,default_fixed,accel_gain,0.2,on,12.95,1.75,1.04,-0.350,-0.207,-0.975,-1.163,0.084,3.15,1.44
gain,default_fixed,accel_gain,0.2,on,13.00,1.82,1.09,-0.363,-0.219,-0.992,-1.122,0.081,3.71,2.10
gain,default_fixed,accel_gain,0.2,on,13.05,1.87,1.15,-0.373,-0.230,-0.992,-1.122,0.081,3.71,2.10
gain,default_fixed,accel_gain,0.2,on,13.10,1.89,1.20,-0.379,-0.239,-0.993,-1.120,0.082,3.70,2.11
gain,default_fixed,accel_gain,0.2,on,13.15,1.91,1.24,-0.381,-0.247,-0.994,-1.119,0.082,3.69,2.11
gain,default_fixed,accel_gain,0.2,on,13.20,1.91,1.26,-0.381,-0.253,-0.995,-1.117,0.083,3.69,2.12
gain,default_fixed,accel_gain,0.2,on,13.25,1.89,1.28,-0.378,-0.256,-0.996,-1.116,0.084,3.71,2.14
gain,default_fixed,accel_gain,0.2,on,13.30,1.86,1.28,-0.372,-0.256,-0.997,-1.115,0.084,3.73,2.17
gain,default_fixed,accel_gain,0.2,on,13.35,1.82,1.27,-0.363,-0.255,-0.997,-1.114,0.085,3.76,2.20
gain,default_fixed,accel_gain,0.2,on,13.40,1.77,1.26,-0.353,-0.252,-0.999,-1.113,0.086,3.79,2.22
gain,default_fixed,accel_gain,0.2,on,13.45,1.72,1.24,-0.343,-0.247,-0.999,-1.112,0.086,3.80,2.25
gain,default_fixed,accel_gain,0.2,on,13.50,1.67,1.21,-0.335,-0.242,-1.000,-1.111,0.087,3.81,2.26
gain,default_fixed,accel_gain,0.2,on,13.55,1.64,1.19,-0.328,-0.238,-1.000,-1.110,0.088,3.79,2.27
gain,default_fixed,accel_gain,0.2,on,13.60,1.62,1.17,-0.323,-0.233,-1.001,-1.109,0.088,3.76,2.27
gain,default_fixed,accel_gain,0.2,on,13.65,1.60,1.15,-0.320,-0.229,-1.001,-1.108,0.088,3.72,2.26
gain,default_fixed,accel_gain,0.2,on,13.70,1.60,1.13,-0.319,-0.227,-1.001,-1.107,0.088,3.68,2.25
gain,default_fixed,accel_gain,0.2,on,13.75,1.60,1.12,-0.320,-0.224,-1.001,-1.106,0.088,3.63,2.23
gain,default_fixed,accel_gain,0.2,on,13.80,1.61,1.11,-0.322,-0.223,-1.000,-1.105,0.087,3.59,2.21
gain,default_fixed,accel_gain,0.2,on,13.85,1.63,1.11,-0.326,-0.222,-0.999,-1.104,0.087,3.55,2.18
gain,default_fixed,accel_gain,0.2,on,13.90,1.66,1.11,-0.333,-0.222,-0.998,-1.103,0.085,3.54,2.16
gain,default_fixed,accel_gain,0.2,on,13.95,1.70,1.12,-0.340,-0.224,-0.997,-1.102,0.084,3.53,2.13
gain,default_fixed,accel_gain,0.2,on,14.00,1.74,1.12,-0.348,-0.224,-0.942,-1.084,0.037,4.18,1.99
gain,default_fixed,accel_gain,0.2,on,14.05,1.78,1.12,-0.356,-0.225,-0.942,-1.084,0.037,4.18,1.99
gain,default_fixed,accel_gain,0.2,on,14.10,1.82,1.12,-0.364,-0.225,-0.940,-1.083,0.036,4.18,1.99
gain,default_fixed,accel_gain,0.2,on,14.15,1.86,1.12,-0.372,-0.225,-0.938,-1.083,0.035,4.18,1.98
gain,default_fixed,accel_gain,0.2,on,14.20,1.90,1.13,-0.379,-0.226,-0.936,-1.083,0.033,4.19,1.98
gain,default_fixed,accel_gain,0.2,on,14.25,1.93,1.13,-0.386,-0.226,-0.934,-1.083,0.032,4.20,1.97
gain,default_fixed,accel_gain,0.2,on,14.30,1.97,1.13,-0.394,-0.227,-0.932,-1.082,0.031,4.23,1.97
gain,default_fixed,accel_gain,0.2,on,14.35,2.00,1.14,-0.401,-0.228,-0.931,-1.082,0.031,4.26,1.97
gain,default_fixed,accel_gain,0.2,on,14.40,2.04,1.14,-0.408,-0.229,-0.929,-1.082,0.030,4.29,1.96
gain,default_fixed,accel_gain,0.2,on,14.45,2.07,1.15,-0.414,-0.230,-0.929,-1.082,0.029,4.32,1.96
gain,default_fixed,accel_gain,0.2,on,14.50,2.10,1.16,-0.420,-0.232,-0.927,-1.082,0.028,4.35,1.95
gain,default_fixed,accel_gain,0.2,on,14.55,2.13,1.16,-0.425,-0.232,-0.926,-1.083,0.028,4.38,1.95
gain,default_fixed,accel_gain,0.2,on,14.60,2.15,1.17,-0.430,-0.233,-0.925,-1.083,0.026,4.40,1.94
gain,default_fixed,accel_gain,0.2,on,14.65,2.17,1.16,-0.434,-0.233,-0.925,-1.084,0.026,4.42,1.94
gain,default_fixed,accel_gain,0.2,on,14.70,2.18,1.16,-0.437,-0.232,-0.925,-1.084,0.025,4.43,1.93
gain,default_fixed,accel_gain,0.2,on,14.75,2.19,1.16,-0.438,-0.231,-0.925,-1.085,0.025,4.44,1.92
gain,default_fixed,accel_gain,0.2,on,14.80,2.19,1.15,-0.438,-0.230,-0.925,-1.085,0.025,4.44,1.91
gain,default_fixed,accel_gain,0.2,on,14.85,2.18,1.14,-0.435,-0.227,-0.925,-1.085,0.025,4.44,1.91
gain,default_fixed,accel_gain,0.2,on,14.90,2.16,1.13,-0.431,-0.225,-0.925,-1.086,0.024,4.42,1.90
gain,default_fixed,accel_gain,0.2,on,14.95,2.13,1.11,-0.426,-0.223,-0.925,-1.087,0.024,4.40,1.89
gain,default_fixed,accel_gain,0.2,on,15.00,2.08,1.10,-0.416,-0.220,-0.934,-1.149,0.047,3.89,1.44
gain,default_fixed,accel_gain,0.2,on,15.05,2.03,1.08,-0.405,-0.216,-0.934,-1.149,0.047,3.89,1.44
gain,default_fixed,accel_gain,0.2,on,15.10,1.96,1.07,-0.392,-0.213,-0.936,-1.153,0.051,3.87,1.42
gain,default_fixed,accel_gain,0.2,on,15.15,1.89,1.05,-0.378,-0.209,-0.937,-1.155,0.053,3.85,1.40
gain,default_fixed,accel_gain,0.2,on,15.20,1.82,1.03,-0.364,-0.206,-0.939,-1.158,0.057,3.83,1.39
gain,default_fixed,accel_gain,0.2,on,15.25,1.75,1.01,-0.350,-0.203,-0.940,-1.159,0.059,3.79,1.39
gain,default_fixed,accel_gain,0.2,on,15.30,1.68,1.00,-0.336,-0.200,-0.942,-1.161,0.062,3.74,1.38
gain,default_fixed,accel_gain,0.2,on,15.35,1.61,0.99,-0.322,-0.198,-0.943,-1.163,0.063,3.67,1.38
gain,default_fixed,accel_gain,0.2,on,15.40,1.55,0.98,-0.310,-0.196,-0.945,-1.165,0.066,3.61,1.38
gain,default_fixed,accel_gain,0.2,on,15.45,1.49,0.98,-0.299,-0.196,-0.946,-1.166,0.067,3.53,1.39
gain,default_fixed,accel_gain,0.2,on,15.50,1.44,0.98,-0.288,-0.196,-0.948,-1.167,0.070,3.45,1.39
gain,default_fixed,accel_gain,0.2,on,15.55,1.39,0.98,-0.279,-0.196,-0.948,-1.168,0.070,3.38,1.40
gain,default_fixed,accel_gain,0.2,on,15.60,1.35,0.99,-0.270,-0.198,-0.950,-1.168,0.072,3.31,1.42
gain,default_fixed,accel_gain,0.2,on,15.65,1.31,1.00,-0.261,-0.199,-0.950,-1.169,0.072,3.25,1.44
gain,default_fixed,accel_gain,0.2,on,15.70,1.27,1.01,-0.255,-0.202,-0.950,-1.168,0.072,3.20,1.46
gain,default_fixed,accel_gain,0.2,on,15.75,1.25,1.02,-0.250,-0.204,-0.950,-1.168,0.072,3.16,1.48
gain,default_fixed,accel_gain,0.2,on,15.80,1.23,1.04,-0.246,-0.208,-0.951,-1.167,0.071,3.14,1.51
gain,default_fixed,accel_gain,0.2,on,15.85,1.22,1.06,-0.244,-0.211,-0.951,-1.166,0.070,3.13,1.54
gain,default_fixed,accel_gain,0.2,on,15.90,1.22,1.08,-0.244,-0.215,-0.951,-1.164,0.069,3.13,1.58
gain,default_fixed,accel_gain,0.2,on,15.95,1.23,1.09,-0.245,-0.219,-0.951,-1.163,0.068,3.14,1.62
gain,default_fixed,accel_gain,0.2,on,16.00,1.27,1.12,-0.253,-0.223,-0.920,-1.084,0.024,4.01,2.32
gain,default_fixed,accel_gain,0.2,on,16.05,1.33,1.15,-0.266,-0.230,-0.920,-1.084,0.024,4.01,2.32
gain,default_fixed,accel_gain,0.2,on,16.10,1.41,1.18,-0.283,-0.237,-0.917,-1.080,0.027,4.03,2.32
gain,default_fixed,accel_gain,0.2,on,16.15,1.51,1.22,-0.301,-0.244,-0.916,-1.079,0.028,4.06,2.33
gain,default_fixed,accel_gain,0.2,on,16.20,1.59,1.24,-0.318,-0.249,-0.913,-1.076,0.031,4.08,2.33
gain,default_fixed,accel_gain,0.2,on,16.25,1.68,1.27,-0.335,-0.253,-0.912,-1.075,0.032,4.12,2.34
gain,default_fixed,accel_gain,0.2,on,16.30,1.76,1.28,-0.352,-0.256,-0.910,-1.073,0.034,4.17,2.34
gain,default_fixed,accel_gain,0.2,on,16.35,1.84,1.29,-0.368,-0.258,-0.909,-1.073,0.034,4.24,2.35
gain,default_fixed,accel_gain,0.2,on,16.40,1.92,1.29,-0.383,-0.259,-0.906,-1.072,0.035,4.31,2.34
gain,default_fixed,accel_gain,0.2,on,16.45,1.99,1.29,-0.397,-0.258,-0.905,-1.072,0.035,4.39,2.33
gain,default_fixed,accel_gain,0.2,on,16.50,2.06,1.29,-0.411,-0.257,-0.903,-1.073,0.035,4.46,2.32
gain,default_fixed,accel_gain,0.2,on,16.55,2.12,1.28,-0.425,-0.257,-0.901,-1.073,0.035,4.54,2.29
gain,default_fixed,accel_gain,0.2,on,16.60,2.18,1.28,-0.436,-0.256,-0.899,-1.074,0.035,4.60,2.26
gain,default_fixed,accel_gain,0.2,on,16.65,2.24,1.27,-0.447,-0.254,-0.898,-1.075,0.035,4.67,2.21
gain,default_fixed,accel_gain,0.2,on,16.70,2.29,1.26,-0.458,-0.252,-0.897,-1.076,0.035,4.72,2.17
gain,default_fixed,accel_gain,0.2,on,16.75,2.33,1.25,-0.465,-0.251,-0.896,-1.077,0.034,4.76,2.12
gain,default_fixed,accel_gain,0.2,on,16.80,2.35,1.24,-0.471,-0.249,-0.894,-1.079,0.034,4.79,2.07
gain,default_fixed,accel_gain,0.2,on,16.85,2.37,1.23,-0.475,-0.247,-0.894,-1.079,0.033,4.82,2.02
gain,default_fixed,accel_gain,0.2,on,16.90,2.39,1.23,-0.478,-0.245,-0.893,-1.081,0.033,4.83,1.98
gain,default_fixed,accel_gain,0.2,on,16.95,2.39,1.22,-0.479,-0.243,-0.892,-1.082,0.032,4.83,1.93
gain,default_fixed,accel_gain,0.2,on,17.00,2.34,1.19,-0.467,-0.239,-0.921,-1.158,0.052,3.89,1.34
gain,default_fixed,accel_gain,0.2,on,17.05,2.25,1.16,-0.449,-0.231,-0.921,-1.158,0.052,3.89,1.34
gain,default_fixed,accel_gain,0.2,on,17.10,2.13,1.12,-0.427,-0.224,-0.925,-1.163,0.058,3.85,1.31
gain,default_fixed,accel_gain,0.2,on,17.15,2.01,1.07,-0.402,-0.214,-0.927,-1.166,0.061,3.81,1.28
gain,default_fixed,accel_gain,0.2,on,17.20,1.89,1.02,-0.378,-0.204,-0.931,-1.171,0.067,3.77,1.27
gain,default_fixed,accel_gain,0.2,on,17.25,1.77,0.98,-0.354,-0.195,-0.933,-1.173,0.069,3.69,1.24
gain,default_fixed,accel_gain,0.2,on,17.30,1.65,0.93,-0.331,-0.186,-0.937,-1.177,0.074,3.62,1.22
gain,default_fixed,accel_gain,0.2,on,17.35,1.55,0.89,-0.309,-0.179,-0.939,-1.179,0.077,3.49,1.19
gain,default_fixed,accel_gain,0.2,on,17.40,1.46,0.87,-0.292,-0.174,-0.944,-1.183,0.082,3.39,1.17
gain,default_fixed,accel_gain,0.2,on,17.45,1.40,0.86,-0.279,-0.172,-0.945,-1.185,0.084,3.23,1.15
gain,default_fixed,accel_gain,0.2,on,17.50,1.35,0.86,-0.270,-0.171,-0.948,-1.187,0.088,3.13,1.14
gain,default_fixed,accel_gain,0.2,on,17.55,1.33,0.86,-0.265,-0.173,-0.949,-1.188,0.089,2.98,1.13
gain,default_fixed,accel_gain,0.2,on,17.60,1.32,0.88,-0.263,-0.177,-0.952,-1.190,0.092,2.89,1.12
gain,default_fixed,accel_gain,0.2,on,17.65,1.32,0.91,-0.265,-0.183,-0.953,-1.190,0.092,2.79,1.13
gain,default_fixed,accel_gain,0.2,on,17.70,1.34,0.96,-0.269,-0.192,-0.954,-1.190,0.092,2.74,1.14
gain,default_fixed,accel_gain,0.2,on,17.75,1.38,1.01,-0.276,-0.201,-0.954,-1.189,0.092,2.71,1.17
gain,default_fixed,accel_gain,0.2,on,17.80,1.43,1.07,-0.286,-0.214,-0.953,-1.186,0.089,2.71,1.21
gain,default_fixed,accel_gain,0.2,on,17.85,1.48,1.13,-0.297,-0.227,-0.953,-1.184,0.087,2.76,1.27
gain,default_fixed,accel_gain,0.2,on,17.90,1.56,1.21,-0.311,-0.241,-0.952,-1.180,0.083,2.81,1.32
gain,default_fixed,accel_gain,0.2,on,17.95,1.63,1.27,-0.327,-0.254,-0.951,-1.178,0.081,2.92,1.42
gain,default_fixed,accel_gain,0.3,on,0.00,0.00,0.00,0.000,0.000,-1.078,-1.169,0.059,0.33,0.76
gain,default_fixed,accel_gain,0.3,on,0.05,0.00,0.00,0.000,0.000,-1.078,-1.169,0.059,0.33,0.76
gain,default_fixed,accel_gain,0.3,on,0.10,0.00,0.00,0.000,0.000,-1.079,-1.167,0.061,0.31,0.75
gain,default_fixed,accel_gain,0.3,on,0.15,0.00,0.00,0.000,0.000,-1.080,-1.165,0.063,0.28,0.73
gain,default_fixed,accel_gain,0.3,on,0.20,0.00,0.00,0.000,0.000,-1.081,-1.164,0.063,0.26,0.71
gain,default_fixed,accel_gain,0.3,on,0.25,0.00,0.00,0.000,0.000,-1.081,-1.163,0.064,0.23,0.69
gain,default_fixed,accel_gain,0.3,on,0.30,0.00,0.00,0.000,0.000,-1.081,-1.160,0.065,0.22,0.69
gain,default_fixed,accel_gain,0.3,on,0.35,0.00,0.00,0.000,0.000,-1.080,-1.156,0.066,0.21,0.69
gain,default_fixed,accel_gain,0.3,on,0.40,0.00,0.00,0.000,0.000,-1.079,-1.153,0.066,0.22,0.70
gain,default_fixed,accel_gain,0.3,on,0.45,0.00,0.00,0.000,0.000,-1.077,-1.149,0.067,0.26,0.74
gain,default_fixed,accel_gain,0.3,on,0.50,0.00,0.00,0.000,0.000,-1.075,-1.146,0.067,0.30,0.78
gain,default_fixed,accel_gain,0.3,on,0.55,0.00,0.00,0.000,0.000,-1.070,-1.139,0.068,0.37,0.84
gain,default_fixed,accel_gain,0.3,on,0.60,0.00,0.00,0.000,0.000,-1.068,-1.136,0.068,0.44,0.90
gain,default_fixed,accel_gain,0.3,on,0.65,0.00,0.00,0.000,0.000,-1.063,-1.128,0.071,0.57,0.99
gain,default_fixed,accel_gain,0.3,on,0.70,0.00,0.00,0.000,0.000,-1.060,-1.124,0.072,0.66,1.06
gain,default_fixed,accel_gain,0.3,on,0.75,0.00,0.00,0.000,0.000,-1.052,-1.115,0.077,0.82,1.16
gain,default_fixed,accel_gain,0.3,on,0.80,0.00,0.00,0.000,0.000,-1.049,-1.110,0.080,0.93,1.24
gain,default_fixed,accel_gain,0.3,on,0.85,0.00,0.00,0.000,0.000,-1.041,-1.101,0.087,1.10,1.36
gain,default_fixed,accel_gain,0.3,on,0.90,0.00,0.00,0.000,0.000,-1.038,-1.096,0.091,1.23,1.44
gain,default_fixed,accel_gain,0.3,on,0.95,3.03,2.05,-0.908,-0.615,-1.029,-1.085,0.102,1.42,1.57
gain,default_fixed,accel_gain,0.3,on,1.00,2.63,1.82,-0.789,-0.547,-1.029,-1.139,0.048,4.28,2.39
gain,default_fixed,accel_gain,0.3,on,1.05,2.19,1.53,-0.658,-0.459,-1.029,-1.139,0.048,4.28,2.39
gain,default_fixed,accel_gain,0.3,on,1.10,1.76,1.24,-0.527,-0.373,-1.034,-1.161,0.028,4.08,2.12
gain,default_fixed,accel_gain,0.3,on,1.15,1.41,0.98,-0.423,-0.293,-1.036,-1.176,0.018,3.93,1.91
gain,default_fixed,accel_gain,0.3,on,1.20,1.10,0.70,-0.330,-0.209,-1.039,-1.199,0.022,3.54,1.53
gain,default_fixed,accel_gain,0.3,on,1.25,0.87,0.47,-0.260,-0.141,-1.040,-1.211,0.031,3.17,1.24
gain,default_fixed,accel_gain,0.3,on,1.30,0.68,0.32,-0.204,-0.096,-1.041,-1.234,0.052,2.51,0.75
gain,default_fixed,accel_gain,0.3,on,1.35,0.50,0.19,-0.151,-0.056,-1.041,-1.248,0.065,2.04,0.41
gain,default_fixed,accel_gain,0.3,on,1.40,0.41,0.10,-0.123,-0.029,-1.039,-1.269,0.085,1.37,-0.09
gain,default_fixed,accel_gain,0.3,on,1.45,0.31,0.04,-0.093,-0.012,-1.038,-1.279,0.094,0.97,-0.40
gain,default_fixed,accel_gain,0.3,on,1.50,0.29,0.00,-0.086,-0.001,-1.034,-1.297,0.111,0.48,-0.80
gain,default_fixed,accel_gain,0.3,on,1.55,0.27,-0.03,-0.082,0.009,-1.030,-1.307,0.121,0.25,-1.02
gain,default_fixed,accel_gain,0.3,on,1.60,0.35,-0.06,-0.106,0.018,-1.023,-1.320,0.134,0.06,-1.27
gain,default_fixed,accel_gain,0.3,on,1.65,0.47,-0.10,-0.141,0.029,-1.019,-1.325,0.139,0.02,-1.38
gain,default_fixed,accel_gain,0.3,on,1.70,0.56,-0.11,-0.168,0.033,-1.010,-1.333,0.147,0.12,-1.47
gain,default_fixed,accel_gain,0.3,on,1.75,0.78,-0.09,-0.235,0.027,-1.004,-1.335,0.150,0.27,-1.49
gain,default_fixed,accel_gain,0.3,on,1.80,1.08,0.02,-0.324,-0.007,-0.993,-1.337,0.154,0.62,-1.48
gain,default_fixed,accel_gain,0.3,on,1.85,1.38,0.19,-0.413,-0.057,-0.988,-1.336,0.154,0.92,-1.43
gain,default_fixed,accel_gain,0.3,on,1.90,1.72,0.48,-0.517,-0.143,-0.977,-1.332,0.153,1.48,-1.32
gain,default_fixed,accel_gain,0.3,on,1.95,2.17,0.82,-0.651,-0.247,-0.970,-1.328,0.151,1.92,-1.19
gain,default_fixed,accel_gain,0.3,on,2.00,2.29,1.19,-0.687,-0.358,-1.122,-1.147,0.108,3.24,3.03
gain,default_fixed,accel_gain,0.3,on,2.05,2.31,1.57,-0.694,-0.472,-1.122,-1.147,0.108,3.24,3.03
gain,default_fixed,accel_gain,0.3,on,2.10,2.18,1.90,-0.654,-0.571,-1.131,-1.147,0.116,3.06,3.01
gain,default_fixed,accel_gain,0.3,on,2.15,2.00,2.21,-0.599,-0.662,-1.148,-1.148,0.132,2.89,2.99
gain,default_fixed,accel_gain,0.3,on,2.20,1.78,2.42,-0.535,-0.726,-1.155,-1.149,0.138,2.80,3.09
gain,default_fixed,accel_gain,0.3,on,2.25,1.58,2.58,-0.475,-0.774,-1.167,-1.151,0.150,2.73,3.32
gain,default_fixed,accel_gain,0.3,on,2.30,1.42,2.68,-0.427,-0.805,-1.173,-1.153,0.155,2.68,3.60
gain,default_fixed,accel_gain,0.3,on,2.35,1.30,2.70,-0.390,-0.811,-1.184,-1.157,0.165,2.59,3.93
gain,default_fixed,accel_gain,0.3,on,2.40,1.19,2.69,-0.357,-0.807,-1.188,-1.159,0.168,2.48,4.21
gain,default_fixed,accel_gain,0.3,on,2.45,1.13,2.63,-0.339,-0.790,-1.194,-1.165,0.173,2.32,4.47
gain,default_fixed,accel_gain,0.3,on,2.50,1.11,2.47,-0.332,-0.742,-1.196,-1.168,0.175,2.16,4.62
gain,default_fixed,accel_gain,0.3,on,2.55,1.09,2.28,-0.326,-0.683,-1.199,-1.177,0.177,1.99,4.69
gain,default_fixed,accel_gain,0.3,on,2.60,1.08,2.07,-0.323,-0.622,-1.199,-1.181,0.177,1.85,4.66
gain,default_fixed,accel_gain,0.3,on,2.65,1.06,1.86,-0.318,-0.559,-1.197,-1.190,0.175,1.74,4.51
gain,default_fixed,accel_gain,0.3,on,2.70,1.05,1.68,-0.316,-0.505,-1.195,-1.196,0.173,1.67,4.27
gain,default_fixed,accel_gain,0.3,on,2.75,1.07,1.53,-0.321,-0.458,-1.187,-1.208,0.167,1.65,3.91
gain,default_fixed,accel_gain,0.3,on,2.80,1.12,1.40,-0.335,-0.420,-1.183,-1.214,0.164,1.66,3.51
gain,default_fixed,accel_gain,0.3,on,2.85,1.20,1.30,-0.361,-0.390,-1.172,-1.225,0.155,1.72,3.04
gain,default_fixed,accel_gain,0.3,on,2.90,1.35,1.25,-0.405,-0.375,-1.166,-1.230,0.151,1.82,2.58
gain,default_fixed,accel_gain,0.3,on,2.95,1.60,1.26,-0.479,-0.379,-1.149,-1.241,0.139,1.96,2.10
gain,default_fixed,accel_gain,0.3,on,3.00,1.83,1.32,-0.548,-0.395,-0.989,-1.169,0.037,4.77,2.20
gain,default_fixed,accel_gain,0.3,on,3.05,2.07,1.39,-0.620,-0.418,-0.989,-1.169,0.037,4.77,2.20
gain,default_fixed,accel_gain,0.3,on,3.10,2.28,1.50,-0.683,-0.449,-0.990,-1.166,0.038,4.69,2.28
gain,default_fixed,accel_gain,0.3,on,3.15,2.48,1.62,-0.744,-0.487,-0.991,-1.161,0.040,4.62,2.36
gain,default_fixed,accel_gain,0.3,on,3.20,2.65,1.75,-0.794,-0.525,-0.992,-1.158,0.041,4.62,2.42
gain,default_fixed,accel_gain,0.3,on,3.25,2.79,1.90,-0.837,-0.569,-0.993,-1.155,0.042,4.72,2.49
gain,default_fixed,accel_gain,0.3,on,3.30,2.90,2.06,-0.870,-0.619,-0.994,-1.154,0.042,4.88,2.56
gain,default_fixed,accel_gain,0.3,on,3.35,2.99,2.26,-0.896,-0.677,-0.996,-1.152,0.042,5.10,2.65
gain,default_fixed,accel_gain,0.3,on,3.40,3.02,2.46,-0.906,-0.739,-0.997,-1.152,0.042,5.31,2.74
gain,default_fixed,accel_gain,0.3,on,3.45,3.06,2.65,-0.917,-0.794,-1.000,-1.152,0.040,5.53,2.85
gain,default_fixed,accel_gain,0.3,on,3.50,3.06,2.77,-0.917,-0.831,-1.002,-1.153,0.039,5.71,2.98
gain,default_fixed,accel_gain,0.3,on,3.55,3.03,2.84,-0.910,-0.851,-1.005,-1.155,0.035,5.85,3.13
gain,default_fixed,accel_gain,0.3,on,3.60,2.97,2.85,-0.892,-0.854,-1.008,-1.157,0.032,5.94,3.28
gain,default_fixed,accel_gain,0.3,on,3.65,2.85,2.79,-0.856,-0.838,-1.012,-1.162,0.026,5.98,3.43
gain,default_fixed,accel_gain,0.3,on,3.70,2.73,2.69,-0.818,-0.807,-1.015,-1.165,0.022,5.96,3.54
gain,default_fixed,accel_gain,0.3,on,3.75,2.55,2.53,-0.765,-0.758,-1.022,-1.174,0.012,5.87,3.61
gain,default_fixed,accel_gain,0.3,on,3.80,2.38,2.30,-0.715,-0.689,-1.025,-1.179,0.008,5.71,3.61
gain,default_fixed,accel_gain,0.3,on,3.85,2.21,2.05,-0.662,-0.614,-1.031,-1.190,0.011,5.47,3.53
gain,default_fixed,accel_gain,0.3,on,3.90,2.09,1.82,-0.626,-0.547,-1.034,-1.197,0.017,5.18,3.38
gain,default_fixed,accel_gain,0.3,on,3.95,2.02,1.63,-0.606,-0.490,-1.041,-1.213,0.033,4.81,3.13
gain,default_fixed,accel_gain,0.3,on,4.00,2.01,1.50,-0.603,-0.451,-1.008,-1.359,0.173,3.98,0.58
gain,default_fixed,accel_gain,0.3,on,4.05,2.01,1.42,-0.604,-0.425,-1.008,-1.359,0.173,3.98,0.58
gain,default_fixed,accel_gain,0.3,on,4.10,2.04,1.40,-0.613,-0.420,-1.008,-1.357,0.171,4.03,0.67
gain,default_fixed,accel_gain,0.3,on,4.15,2.13,1.45,-0.640,-0.435,-1.009,-1.352,0.167,4.07,0.77
gain,default_fixed,accel_gain,0.3,on,4.20,2.20,1.55,-0.661,-0.464,-1.010,-1.350,0.164,4.09,0.83
gain,default_fixed,accel_gain,0.3,on,4.25,2.30,1.68,-0.691,-0.503,-1.013,-1.345,0.159,4.09,0.87
gain,default_fixed,accel_gain,0.3,on,4.30,2.41,1.81,-0.722,-0.543,-1.015,-1.342,0.156,4.09,0.92
gain,default_fixed,accel_gain,0.3,on,4.35,2.52,1.98,-0.757,-0.593,-1.021,-1.336,0.150,4.10,1.01
gain,default_fixed,accel_gain,0.3,on,4.40,2.64,2.15,-0.791,-0.645,-1.024,-1.333,0.147,4.14,1.13
gain,default_fixed,accel_gain,0.3,on,4.45,2.77,2.32,-0.831,-0.696,-1.030,-1.328,0.142,4.20,1.30
gain,default_fixed,accel_gain,0.3,on,4.50,2.90,2.49,-0.871,-0.748,-1.034,-1.325,0.139,4.28,1.49
gain,default_fixed,accel_gain,0.3,on,4.55,2.99,2.65,-0.896,-0.796,-1.043,-1.318,0.134,4.39,1.73
gain,default_fixed,accel_gain,0.3,on,4.60,3.04,2.79,-0.912,-0.838,-1.047,-1.316,0.132,4.50,1.97
gain,default_fixed,accel_gain,0.3,on,4.65,3.08,2.90,-0.924,-0.871,-1.057,-1.311,0.130,4.63,2.23
gain,default_fixed,accel_gain,0.3,on,4.70,3.14,2.98,-0.943,-0.893,-1.062,-1.309,0.129,4.74,2.48
gain,default_fixed,accel_gain,0.3,on,4.75,3.21,3.00,-0.962,-0.900,-1.074,-1.304,0.130,4.83,2.73
gain,default_fixed,accel_gain,0.3,on,4.80,3.25,2.95,-0.975,-0.886,-1.080,-1.303,0.131,4.89,2.94
gain,default_fixed,accel_gain,0.3,on,4.85,3.25,2.88,-0.975,-0.865,-1.091,-1.301,0.135,4.91,3.13
gain,default_fixed,accel_gain,0.3,on,4.90,3.25,2.75,-0.974,-0.826,-1.097,-1.301,0.138,4.90,3.25
gain,default_fixed,accel_gain,0.3,on,4.95,3.19,2.60,-0.957,-0.780,-1.110,-1.302,0.146,4.85,3.31
gain,default_fixed,accel_gain,0.3,on,5.00,3.15,2.42,-0.946,-0.726,-1.261,-1.400,0.321,2.69,1.28
gain,default_fixed,accel_gain,0.3,on,5.05,3.12,2.24,-0.935,-0.673,-1.261,-1.400,0.321,2.69,1.28
gain,default_fixed,accel_gain,0.3,on,5.10,3.10,2.07,-0.930,-0.621,-1.262,-1.401,0.322,2.71,1.27
gain,default_fixed,accel_gain,0.3,on,5.15,3.08,1.92,-0.924,-0.575,-1.264,-1.402,0.325,2.74,1.26
gain,default_fixed,accel_gain,0.3,on,5.20,3.04,1.78,-0.913,-0.534,-1.265,-1.402,0.325,2.75,1.20
gain,default_fixed,accel_gain,0.3,on,5.25,2.98,1.66,-0.895,-0.498,-1.267,-1.400,0.326,2.74,1.08
gain,default_fixed,accel_gain,0.3,on,5.30,2.93,1.54,-0.879,-0.462,-1.267,-1.399,0.325,2.72,0.94
gain,default_fixed,accel_gain,0.3,on,5.35,2.88,1.45,-0.864,-0.435,-1.269,-1.395,0.324,2.69,0.78
gain,default_fixed,accel_gain,0.3,on,5.40,2.84,1.38,-0.851,-0.413,-1.269,-1.393,0.323,2.64,0.64
gain,default_fixed,accel_gain,0.3,on,5.45,2.81,1.33,-0.843,-0.399,-1.270,-1.387,0.320,2.59,0.52
gain,default_fixed,accel_gain,0.3,on,5.50,2.79,1.32,-0.837,-0.395,-1.270,-1.383,0.318,2.54,0.43
gain,default_fixed,accel_gain,0.3,on,5.55,2.78,1.32,-0.835,-0.396,-1.271,-1.374,0.312,2.49,0.38
gain,default_fixed,accel_gain,0.3,on,5.60,2.81,1.35,-0.844,-0.405,-1.271,-1.368,0.309,2.45,0.37
gain,default_fixed,accel_gain,0.3,on,5.65,2.87,1.40,-0.861,-0.421,-1.270,-1.357,0.302,2.43,0.41
gain,default_fixed,accel_gain,0.3,on,5.70,2.96,1.48,-0.889,-0.444,-1.270,-1.350,0.298,2.43,0.49
gain,default_fixed,accel_gain,0.3,on,5.75,3.10,1.59,-0.930,-0.477,-1.269,-1.334,0.289,2.46,0.62
gain,default_fixed,accel_gain,0.3,on,5.80,3.28,1.73,-0.983,-0.518,-1.269,-1.327,0.284,2.53,0.78
gain,default_fixed,accel_gain,0.3,on,5.85,3.48,1.89,-1.045,-0.568,-1.268,-1.310,0.276,2.64,0.99
gain,default_fixed,accel_gain,0.3,on,5.90,3.69,2.06,-1.106,-0.619,-1.268,-1.302,0.272,2.80,1.22
gain,default_fixed,accel_gain,0.3,on,5.95,3.86,2.23,-1.159,-0.670,-1.267,-1.281,0.264,3.02,1.51
gain,default_fixed,accel_gain,0.3,on,6.00,3.90,2.25,-1.171,-0.674,-1.272,-1.103,0.263,3.82,3.41
gain,default_fixed,accel_gain,0.3,on,6.05,3.83,2.16,-1.150,-0.649,-1.272,-1.103,0.263,3.82,3.41
gain,default_fixed,accel_gain,0.3,on,6.10,3.71,2.04,-1.113,-0.611,-1.265,-1.103,0.258,3.82,3.32
gain,default_fixed,accel_gain,0.3,on,6.15,3.60,1.89,-1.080,-0.568,-1.262,-1.104,0.254,3.83,3.22
gain,default_fixed,accel_gain,0.3,on,6.20,3.49,1.75,-1.048,-0.525,-1.254,-1.105,0.246,3.85,3.12
gain,default_fixed,accel_gain,0.3,on,6.25,3.37,1.58,-1.011,-0.473,-1.250,-1.106,0.242,3.85,2.99
gain,default_fixed,accel_gain,0.3,on,6.30,3.24,1.42,-0.972,-0.427,-1.242,-1.108,0.234,3.84,2.84
gain,default_fixed,accel_gain,0.3,on,6.35,3.13,1.27,-0.938,-0.381,-1.237,-1.109,0.229,3.78,2.65
gain,default_fixed,accel_gain,0.3,on,6.40,3.09,1.16,-0.927,-0.347,-1.227,-1.111,0.219,3.70,2.45
gain,default_fixed,accel_gain,0.3,on,6.45,3.03,1.08,-0.910,-0.323,-1.222,-1.111,0.214,3.58,2.21
gain,default_fixed,accel_gain,0.3,on,6.50,3.00,0.99,-0.900,-0.297,-1.212,-1.113,0.204,3.46,1.99
gain,default_fixed,accel_gain,0.3,on,6.55,2.99,0.92,-0.896,-0.276,-1.206,-1.113,0.198,3.33,1.76
gain,default_fixed,accel_gain,0.3,on,6.60,3.01,0.87,-0.904,-0.262,-1.193,-1.114,0.186,3.23,1.56
gain,default_fixed,accel_gain,0.3,on,6.65,3.05,0.82,-0.915,-0.247,-1.187,-1.114,0.181,3.16,1.38
gain,default_fixed,accel_gain,0.3,on,6.70,3.12,0.81,-0.936,-0.242,-1.175,-1.113,0.170,3.13,1.24
gain,default_fixed,accel_gain,0.3,on,6.75,3.22,0.82,-0.965,-0.246,-1.168,-1.112,0.164,3.14,1.12
gain,default_fixed,accel_gain,0.3,on,6.80,3.36,0.89,-1.007,-0.266,-1.153,-1.108,0.153,3.20,1.04
gain,default_fixed,accel_gain,0.3,on,6.85,3.49,0.97,-1.047,-0.290,-1.146,-1.107,0.148,3.31,0.98
gain,default_fixed,accel_gain,0.3,on,6.90,3.67,1.10,-1.102,-0.331,-1.131,-1.102,0.138,3.46,0.96
gain,default_fixed,accel_gain,0.3,on,6.95,3.90,1.27,-1.170,-0.382,-1.124,-1.100,0.134,3.68,0.98
gain,default_fixed,accel_gain,0.3,on,7.00,3.93,1.39,-1.178,-0.418,-1.017,-1.054,0.132,4.97,2.34
gain,default_fixed,accel_gain,0.3,on,7.05,3.87,1.46,-1.160,-0.439,-1.017,-1.054,0.132,4.97,2.34
gain,default_fixed,accel_gain,0.3,on,7.10,3.73,1.50,-1.118,-0.451,-1.018,-1.058,0.128,4.87,2.26
gain,default_fixed,accel_gain,0.3,on,7.15,3.55,1.51,-1.064,-0.452,-1.019,-1.068,0.118,4.78,2.20
gain,default_fixed,accel_gain,0.3,on,7.20,3.37,1.48,-1.012,-0.444,-1.021,-1.075,0.111,4.68,2.16
gain,default_fixed,accel_gain,0.3,on,7.25,3.20,1.43,-0.960,-0.428,-1.023,-1.087,0.099,4.56,2.14
gain,default_fixed,accel_gain,0.3,on,7.30,3.02,1.37,-0.907,-0.410,-1.024,-1.094,0.092,4.38,2.11
gain,default_fixed,accel_gain,0.3,on,7.35,2.85,1.28,-0.856,-0.384,-1.026,-1.107,0.079,4.18,2.06
gain,default_fixed,accel_gain,0.3,on,7.40,2.70,1.20,-0.809,-0.361,-1.027,-1.116,0.070,3.92,1.99
gain,default_fixed,accel_gain,0.3,on,7.45,2.58,1.14,-0.773,-0.342,-1.028,-1.131,0.056,3.66,1.89
gain,default_fixed,accel_gain,0.3,on,7.50,2.48,1.05,-0.745,-0.315,-1.028,-1.138,0.048,3.36,1.76
gain,default_fixed,accel_gain,0.3,on,7.55,2.40,0.97,-0.720,-0.290,-1.029,-1.153,0.034,3.09,1.61
gain,default_fixed,accel_gain,0.3,on,7.60,2.34,0.89,-0.703,-0.267,-1.028,-1.162,0.025,2.82,1.44
gain,default_fixed,accel_gain,0.3,on,7.65,2.28,0.81,-0.683,-0.244,-1.027,-1.177,0.011,2.60,1.27
gain,default_fixed,accel_gain,0.3,on,7.70,2.24,0.76,-0.671,-0.229,-1.026,-1.184,0.005,2.40,1.07
gain,default_fixed,accel_gain,0.3,on,7.75,2.24,0.72,-0.672,-0.217,-1.023,-1.197,0.011,2.26,0.89
gain,default_fixed,accel_gain,0.3,on,7.80,2.28,0.71,-0.683,-0.212,-1.021,-1.204,0.018,2.17,0.70
gain,default_fixed,accel_gain,0.3,on,7.85,2.32,0.70,-0.695,-0.210,-1.017,-1.216,0.030,2.13,0.54
gain,default_fixed,accel_gain,0.3,on,7.90,2.41,0.73,-0.723,-0.220,-1.014,-1.221,0.035,2.15,0.40
gain,default_fixed,accel_gain,0.3,on,7.95,2.57,0.80,-0.770,-0.239,-1.009,-1.230,0.045,2.21,0.28
gain,default_fixed,accel_gain,0.3,on,8.00,2.71,0.94,-0.813,-0.281,-0.987,-1.170,0.038,4.01,1.95
gain,default_fixed,accel_gain,0.3,on,8.05,2.83,1.14,-0.848,-0.341,-0.987,-1.170,0.038,4.01,1.95
gain,default_fixed,accel_gain,0.3,on,8.10,2.92,1.38,-0.876,-0.414,-0.990,-1.167,0.037,3.95,2.02
gain,default_fixed,accel_gain,0.3,on,8.15,3.02,1.64,-0.906,-0.491,-0.997,-1.161,0.035,3.91,2.11
gain,default_fixed,accel_gain,0.3,on,8.20,3.10,1.89,-0.929,-0.566,-1.001,-1.157,0.035,3.93,2.26
gain,default_fixed,accel_gain,0.3,on,8.25,3.16,2.13,-0.949,-0.640,-1.008,-1.152,0.037,3.99,2.46
gain,default_fixed,accel_gain,0.3,on,8.30,3.19,2.36,-0.956,-0.708,-1.011,-1.149,0.038,4.10,2.73
gain,default_fixed,accel_gain,0.3,on,8.35,3.19,2.56,-0.958,-0.769,-1.017,-1.145,0.042,4.22,3.00
gain,default_fixed,accel_gain,0.3,on,8.40,3.19,2.74,-0.956,-0.823,-1.021,-1.142,0.044,4.35,3.31
gain,default_fixed,accel_gain,0.3,on,8.45,3.19,2.87,-0.958,-0.861,-1.028,-1.139,0.048,4.46,3.59
gain,default_fixed,accel_gain,0.3,on,8.50,3.18,2.94,-0.955,-0.882,-1.031,-1.138,0.049,4.55,3.88
gain,default_fixed,accel_gain,0.3,on,8.55,3.17,2.95,-0.950,-0.886,-1.039,-1.137,0.052,4.60,4.13
gain,default_fixed,accel_gain,0.3,on,8.60,3.13,2.92,-0.940,-0.876,-1.043,-1.138,0.053,4.62,4.34
gain,default_fixed,accel_gain,0.3,on,8.65,3.07,2.83,-0.921,-0.849,-1.051,-1.140,0.054,4.60,4.47
gain,default_fixed,accel_gain,0.3,on,8.70,3.00,2.70,-0.901,-0.811,-1.055,-1.143,0.055,4.53,4.54
gain,default_fixed,accel_gain,0.3,on,8.75,2.92,2.53,-0.875,-0.760,-1.062,-1.149,0.055,4.43,4.51
gain,default_fixed,accel_gain,0.3,on,8.80,2.79,2.33,-0.838,-0.699,-1.067,-1.154,0.055,4.29,4.39
gain,default_fixed,accel_gain,0.3,on,8.85,2.64,2.11,-0.793,-0.633,-1.074,-1.164,0.056,4.12,4.20
gain,default_fixed,accel_gain,0.3,on,8.90,2.50,1.90,-0.749,-0.569,-1.077,-1.170,0.057,3.89,3.90
gain,default_fixed,accel_gain,0.3,on,8.95,2.37,1.71,-0.711,-0.512,-1.082,-1.183,0.061,3.65,3.56
gain,default_fixed,accel_gain,0.3,on,9.00,2.31,1.58,-0.694,-0.474,-0.992,-1.239,0.061,4.15,1.37
gain,default_fixed,accel_gain,0.3,on,9.05,2.31,1.50,-0.693,-0.449,-0.992,-1.239,0.061,4.15,1.37
gain,default_fixed,accel_gain,0.3,on,9.10,2.36,1.46,-0.707,-0.439,-0.990,-1.235,0.058,4.22,1.49
gain,default_fixed,accel_gain,0.3,on,9.15,2.44,1.48,-0.733,-0.444,-0.987,-1.225,0.053,4.28,1.61
gain,default_fixed,accel_gain,0.3,on,9.20,2.55,1.52,-0.765,-0.457,-0.985,-1.220,0.049,4.31,1.69
gain,default_fixed,accel_gain,0.3,on,9.25,2.73,1.62,-0.820,-0.485,-0.984,-1.211,0.045,4.32,1.74
gain,default_fixed,accel_gain,0.3,on,9.30,2.92,1.72,-0.877,-0.516,-0.983,-1.206,0.044,4.33,1.80
gain,default_fixed,accel_gain,0.3,on,9.35,3.15,1.87,-0.945,-0.560,-0.982,-1.198,0.041,4.37,1.86
gain,default_fixed,accel_gain,0.3,on,9.40,3.33,2.01,-0.999,-0.603,-0.982,-1.193,0.040,4.45,1.94
gain,default_fixed,accel_gain,0.3,on,9.45,3.50,2.14,-1.049,-0.641,-0.982,-1.186,0.039,4.58,2.05
gain,default_fixed,accel_gain,0.3,on,9.50,3.66,2.28,-1.099,-0.683,-0.982,-1.183,0.039,4.75,2.18
gain,default_fixed,accel_gain,0.3,on,9.55,3.78,2.40,-1.135,-0.719,-0.983,-1.177,0.040,4.97,2.33
gain,default_fixed,accel_gain,0.3,on,9.60,3.90,2.51,-1.169,-0.753,-0.983,-1.174,0.040,5.19,2.48
gain,default_fixed,accel_gain,0.3,on,9.65,3.97,2.61,-1.191,-0.782,-0.984,-1.170,0.041,5.44,2.65
gain,default_fixed,accel_gain,0.3,on,9.70,4.03,2.67,-1.209,-0.802,-0.985,-1.168,0.041,5.65,2.80
gain,default_fixed,accel_gain,0.3,on,9.75,4.03,2.69,-1.210,-0.806,-0.987,-1.166,0.040,5.85,2.96
gain,default_fixed,accel_gain,0.3,on,9.80,3.98,2.64,-1.194,-0.793,-0.988,-1.165,0.039,5.99,3.08
gain,default_fixed,accel_gain,0.3,on,9.85,3.90,2.58,-1.170,-0.774,-0.991,-1.165,0.037,6.09,3.19
gain,default_fixed,accel_gain,0.3,on,9.90,3.81,2.48,-1.144,-0.745,-0.993,-1.166,0.035,6.12,3.25
gain,default_fixed,accel_gain,0.3,on,9.95,3.69,2.37,-1.107,-0.712,-0.998,-1.168,0.030,6.08,3.26
gain,default_fixed,accel_gain,0.3,on,10.00,3.51,2.22,-1.052,-0.666,-1.090,-1.328,0.158,3.40,0.98
gain,default_fixed,accel_gain,0.3,on,10.05,3.30,2.04,-0.990,-0.612,-1.090,-1.328,0.158,3.40,0.98
gain,default_fixed,accel_gain,0.3,on,10.10,3.07,1.86,-0.922,-0.557,-1.093,-1.335,0.165,3.40,0.95
gain,default_fixed,accel_gain,0.3,on,10.15,2.85,1.68,-0.856,-0.503,-1.095,-1.337,0.168,3.40,0.93
gain,default_fixed,accel_gain,0.3,on,10.20,2.64,1.50,-0.792,-0.451,-1.099,-1.342,0.174,3.33,0.87
gain,default_fixed,accel_gain,0.3,on,10.25,2.42,1.34,-0.726,-0.403,-1.101,-1.344,0.177,3.18,0.77
gain,default_fixed,accel_gain,0.3,on,10.30,2.22,1.20,-0.667,-0.359,-1.104,-1.347,0.181,2.93,0.64
gain,default_fixed,accel_gain,0.3,on,10.35,2.07,1.08,-0.621,-0.324,-1.105,-1.348,0.182,2.66,0.52
gain,default_fixed,accel_gain,0.3,on,10.40,1.95,0.99,-0.584,-0.296,-1.108,-1.349,0.184,2.32,0.39
gain,default_fixed,accel_gain,0.3,on,10.45,1.86,0.93,-0.557,-0.279,-1.109,-1.348,0.185,2.01,0.28
gain,default_fixed,accel_gain,0.3,on,10.50,1.80,0.91,-0.540,-0.274,-1.111,-1.347,0.184,1.70,0.18
gain,default_fixed,accel_gain,0.3,on,10.55,1.77,0.93,-0.530,-0.278,-1.111,-1.345,0.183,1.44,0.11
gain,default_fixed,accel_gain,0.3,on,10.60,1.77,0.97,-0.531,-0.292,-1.111,-1.340,0.178,1.22,0.08
gain,default_fixed,accel_gain,0.3,on,10.65,1.81,1.06,-0.542,-0.317,-1.111,-1.337,0.175,1.08,0.09
gain,default_fixed,accel_gain,0.3,on,10.70,1.87,1.16,-0.562,-0.349,-1.109,-1.329,0.168,1.02,0.15
gain,default_fixed,accel_gain,0.3,on,10.75,1.98,1.30,-0.593,-0.389,-1.107,-1.324,0.163,1.03,0.25
gain,default_fixed,accel_gain,0.3,on,10.80,2.12,1.46,-0.636,-0.437,-1.103,-1.312,0.150,1.13,0.42
gain,default_fixed,accel_gain,0.3,on,10.85,2.28,1.63,-0.684,-0.488,-1.101,-1.306,0.144,1.30,0.62
gain,default_fixed,accel_gain,0.3,on,10.90,2.50,1.82,-0.751,-0.545,-1.096,-1.293,0.130,1.56,0.87
gain,default_fixed,accel_gain,0.3,on,10.95,2.77,2.01,-0.831,-0.604,-1.093,-1.286,0.123,1.86,1.14
gain,default_fixed,accel_gain,0.3,on,11.00,2.90,2.07,-0.871,-0.622,-1.061,-1.114,0.082,3.99,3.13
gain,default_fixed,accel_gain,0.3,on,11.05,2.94,2.05,-0.881,-0.615,-1.061,-1.114,0.082,3.99,3.13
gain,default_fixed,accel_gain,0.3,on,11.10,2.90,1.97,-0.869,-0.591,-1.059,-1.114,0.081,3.95,3.05
gain,default_fixed,accel_gain,0.3,on,11.15,2.84,1.86,-0.853,-0.557,-1.056,-1.115,0.079,3.94,2.97
gain,default_fixed,accel_gain,0.3,on,11.20,2.78,1.74,-0.834,-0.522,-1.053,-1.116,0.077,3.96,2.88
gain,default_fixed,accel_gain,0.3,on,11.25,2.72,1.60,-0.815,-0.480,-1.048,-1.117,0.073,3.98,2.77
gain,default_fixed,accel_gain,0.3,on,11.30,2.65,1.47,-0.794,-0.440,-1.045,-1.118,0.072,4.00,2.62
gain,default_fixed,accel_gain,0.3,on,11.35,2.59,1.33,-0.777,-0.399,-1.038,-1.120,0.068,4.00,2.46
gain,default_fixed,accel_gain,0.3,on,11.40,2.60,1.23,-0.781,-0.368,-1.034,-1.121,0.066,3.97,2.27
gain,default_fixed,accel_gain,0.3,on,11.45,2.60,1.16,-0.781,-0.347,-1.026,-1.122,0.064,3.93,2.08
gain,default_fixed,accel_gain,0.3,on,11.50,2.61,1.07,-0.784,-0.322,-1.022,-1.123,0.063,3.88,1.86
gain,default_fixed,accel_gain,0.3,on,11.55,2.65,1.01,-0.794,-0.303,-1.014,-1.124,0.062,3.84,1.67
gain,default_fixed,accel_gain,0.3,on,11.60,2.72,0.96,-0.816,-0.288,-1.009,-1.125,0.062,3.82,1.48
gain,default_fixed,accel_gain,0.3,on,11.65,2.82,0.91,-0.845,-0.274,-1.000,-1.125,0.065,3.82,1.32
gain,default_fixed,accel_gain,0.3,on,11.70,2.93,0.89,-0.878,-0.267,-0.995,-1.125,0.067,3.86,1.18
gain,default_fixed,accel_gain,0.3,on,11.75,3.05,0.90,-0.914,-0.269,-0.985,-1.123,0.073,3.93,1.07
gain,default_fixed,accel_gain,0.3,on,11.80,3.19,0.94,-0.958,-0.283,-0.979,-1.122,0.077,4.04,0.98
gain,default_fixed,accel_gain,0.3,on,11.85,3.31,1.00,-0.992,-0.301,-0.969,-1.119,0.085,4.19,0.93
gain,default_fixed,accel_gain,0.3,on,11.90,3.43,1.10,-1.029,-0.329,-0.965,-1.117,0.089,4.39,0.90
gain,default_fixed,accel_gain,0.3,on,11.95,3.57,1.21,-1.071,-0.364,-0.956,-1.113,0.098,4.60,0.92
gain,default_fixed,accel_gain,0.3,on,12.00,3.52,1.28,-1.055,-0.383,-0.982,-1.122,0.075,4.24,1.85
gain,default_fixed,accel_gain,0.3,on,12.05,3.38,1.30,-1.015,-0.390,-0.982,-1.122,0.075,4.24,1.85
gain,default_fixed,accel_gain,0.3,on,12.10,3.19,1.30,-0.956,-0.389,-0.985,-1.126,0.070,4.15,1.78
gain,default_fixed,accel_gain,0.3,on,12.15,2.95,1.27,-0.886,-0.381,-0.992,-1.135,0.059,4.05,1.71
gain,default_fixed,accel_gain,0.3,on,12.20,2.74,1.21,-0.821,-0.364,-0.995,-1.140,0.052,3.93,1.67
gain,default_fixed,accel_gain,0.3,on,12.25,2.52,1.15,-0.755,-0.344,-1.001,-1.149,0.042,3.76,1.64
gain,default_fixed,accel_gain,0.3,on,12.30,2.31,1.08,-0.692,-0.325,-1.004,-1.153,0.037,3.55,1.62
gain,default_fixed,accel_gain,0.3,on,12.35,2.11,1.01,-0.634,-0.302,-1.009,-1.161,0.028,3.27,1.59
gain,default_fixed,accel_gain,0.3,on,12.40,1.95,0.95,-0.584,-0.284,-1.012,-1.166,0.022,2.98,1.55
gain,default_fixed,accel_gain,0.3,on,12.45,1.84,0.91,-0.551,-0.273,-1.016,-1.173,0.015,2.65,1.50
gain,default_fixed,accel_gain,0.3,on,12.50,1.75,0.86,-0.525,-0.259,-1.017,-1.176,0.011,2.35,1.45
gain,default_fixed,accel_gain,0.3,on,12.55,1.68,0.81,-0.503,-0.244,-1.020,-1.181,0.005,2.05,1.39
gain,default_fixed,accel_gain,0.3,on,12.60,1.65,0.79,-0.494,-0.238,-1.021,-1.185,0.001,1.80,1.33
gain,default_fixed,accel_gain,0.3,on,12.65,1.64,0.79,-0.493,-0.237,-1.022,-1.189,0.003,1.60,1.27
gain,default_fixed,accel_gain,0.3,on,12.70,1.64,0.80,-0.492,-0.241,-1.022,-1.191,0.005,1.46,1.22
gain,default_fixed,accel_gain,0.3,on,12.75,1.67,0.83,-0.500,-0.248,-1.022,-1.194,0.008,1.39,1.17
gain,default_fixed,accel_gain,0.3,on,12.80,1.72,0.88,-0.517,-0.265,-1.020,-1.195,0.009,1.39,1.14
gain,default_fixed,accel_gain,0.3,on,12.85,1.81,0.95,-0.542,-0.285,-1.017,-1.196,0.011,1.45,1.13
gain,default_fixed,accel_gain,0.3,on,12.90,1.95,1.07,-0.585,-0.320,-1.015,-1.196,0.012,1.56,1.13
gain,default_fixed,accel_gain,0.3,on,12.95,2.15,1.19,-0.644,-0.356,-1.010,-1.194,0.015,1.75,1.17
gain,default_fixed,accel_gain,0.3,on,13.00,2.31,1.31,-0.692,-0.393,-0.943,-1.081,0.132,4.34,2.63
gain,default_fixed,accel_gain,0.3,on,13.05,2.43,1.42,-0.729,-0.427,-0.943,-1.081,0.132,4.34,2.63
gain,default_fixed,accel_gain,0.3,on,13.10,2.51,1.50,-0.754,-0.451,-0.942,-1.075,0.136,4.30,2.66
gain,default_fixed,accel_gain,0.3,on,13.15,2.57,1.56,-0.770,-0.469,-0.942,-1.071,0.140,4.28,2.68
gain,default_fixed,accel_gain,0.3,on,13.20,2.58,1.60,-0.774,-0.479,-0.942,-1.069,0.142,4.31,2.73
gain,default_fixed,accel_gain,0.3,on,13.25,2.56,1.60,-0.768,-0.481,-0.941,-1.066,0.145,4.40,2.80
gain,default_fixed,accel_gain,0.3,on,13.30,2.49,1.59,-0.748,-0.477,-0.940,-1.064,0.146,4.51,2.87
gain,default_fixed,accel_gain,0.3,on,13.35,2.40,1.56,-0.721,-0.467,-0.939,-1.062,0.149,4.62,2.93
gain,default_fixed,accel_gain,0.3,on,13.40,2.31,1.51,-0.692,-0.452,-0.938,-1.062,0.150,4.70,2.97
gain,default_fixed,accel_gain,0.3,on,13.45,2.21,1.45,-0.664,-0.434,-0.937,-1.062,0.150,4.74,2.99
gain,default_fixed,accel_gain,0.3,on,13.50,2.13,1.38,-0.638,-0.414,-0.936,-1.062,0.150,4.73,2.99
gain,default_fixed,accel_gain,0.3,on,13.55,2.05,1.31,-0.616,-0.394,-0.936,-1.062,0.150,4.68,2.96
gain,default_fixed,accel_gain,0.3,on,13.60,1.97,1.24,-0.592,-0.373,-0.935,-1.064,0.149,4.56,2.89
gain,default_fixed,accel_gain,0.3,on,13.65,1.90,1.17,-0.571,-0.352,-0.935,-1.066,0.148,4.44,2.82
gain,default_fixed,accel_gain,0.3,on,13.70,1.84,1.11,-0.553,-0.333,-0.934,-1.068,0.146,4.25,2.69
gain,default_fixed,accel_gain,0.3,on,13.75,1.79,1.05,-0.538,-0.314,-0.934,-1.072,0.144,4.07,2.56
gain,default_fixed,accel_gain,0.3,on,13.80,1.76,0.99,-0.528,-0.298,-0.933,-1.075,0.142,3.91,2.44
gain,default_fixed,accel_gain,0.3,on,13.85,1.73,0.94,-0.519,-0.283,-0.932,-1.079,0.139,3.74,2.30
gain,default_fixed,accel_gain,0.3,on,13.90,1.70,0.90,-0.510,-0.270,-0.931,-1.082,0.138,3.60,2.16
gain,default_fixed,accel_gain,0.3,on,13.95,1.68,0.86,-0.505,-0.259,-0.928,-1.087,0.136,3.48,2.01
gain,default_fixed,accel_gain,0.3,on,14.00,1.68,0.86,-0.505,-0.258,-0.833,-1.122,0.200,4.63,1.55
gain,default_fixed,accel_gain,0.3,on,14.05,1.71,0.89,-0.513,-0.267,-0.833,-1.122,0.200,4.63,1.55
gain,default_fixed,accel_gain,0.3,on,14.10,1.76,0.94,-0.527,-0.282,-0.834,-1.121,0.199,4.62,1.59
gain,default_fixed,accel_gain,0.3,on,14.15,1.81,1.02,-0.544,-0.305,-0.835,-1.121,0.198,4.59,1.62
gain,default_fixed,accel_gain,0.3,on,14.20,1.86,1.09,-0.557,-0.328,-0.837,-1.121,0.195,4.56,1.67
gain,default_fixed,accel_gain,0.3,on,14.25,1.91,1.18,-0.572,-0.353,-0.839,-1.121,0.194,4.54,1.71
gain,default_fixed,accel_gain,0.3,on,14.30,1.92,1.25,-0.577,-0.375,-0.842,-1.122,0.191,4.52,1.77
gain,default_fixed,accel_gain,0.3,on,14.35,1.94,1.33,-0.582,-0.398,-0.844,-1.122,0.189,4.52,1.84
gain,default_fixed,accel_gain,0.3,on,14.40,1.94,1.39,-0.581,-0.416,-0.848,-1.123,0.184,4.53,1.93
gain,default_fixed,accel_gain,0.3,on,14.45,1.91,1.43,-0.574,-0.430,-0.850,-1.124,0.182,4.54,2.02
gain,default_fixed,accel_gain,0.3,on,14.50,1.87,1.46,-0.561,-0.439,-0.855,-1.126,0.177,4.56,2.11
gain,default_fixed,accel_gain,0.3,on,14.55,1.81,1.48,-0.543,-0.443,-0.857,-1.127,0.174,4.55,2.20
gain,default_fixed,accel_gain,0.3,on,14.60,1.73,1.47,-0.520,-0.442,-0.863,-1.130,0.168,4.54,2.28
gain,default_fixed,accel_gain,0.3,on,14.65,1.65,1.45,-0.496,-0.436,-0.866,-1.132,0.165,4.50,2.35
gain,default_fixed,accel_gain,0.3,on,14.70,1.58,1.42,-0.475,-0.425,-0.871,-1.136,0.159,4.43,2.39
gain,default_fixed,accel_gain,0.3,on,14.75,1.51,1.37,-0.452,-0.410,-0.874,-1.138,0.155,4.33,2.42
gain,default_fixed,accel_gain,0.3,on,14.80,1.44,1.29,-0.431,-0.387,-0.880,-1.145,0.148,4.20,2.41
gain,default_fixed,accel_gain,0.3,on,14.85,1.38,1.21,-0.414,-0.363,-0.882,-1.148,0.144,4.06,2.38
gain,default_fixed,accel_gain,0.3,on,14.90,1.34,1.13,-0.401,-0.338,-0.888,-1.154,0.137,3.88,2.32
gain,default_fixed,accel_gain,0.3,on,14.95,1.31,1.05,-0.392,-0.314,-0.890,-1.158,0.134,3.72,2.23
gain,default_fixed,accel_gain,0.3,on,15.00,1.31,1.01,-0.392,-0.304,-0.906,-1.178,0.116,3.84,1.70
gain,default_fixed,accel_gain,0.3,on,15.05,1.32,1.02,-0.396,-0.305,-0.906,-1.178,0.116,3.84,1.70
gain,default_fixed,accel_gain,0.3,on,15.10,1.36,1.05,-0.408,-0.316,-0.907,-1.172,0.116,3.87,1.78
gain,default_fixed,accel_gain,0.3,on,15.15,1.42,1.11,-0.427,-0.334,-0.907,-1.169,0.116,3.90,1.84
gain,default_fixed,accel_gain,0.3,on,15.20,1.49,1.19,-0.448,-0.356,-0.909,-1.162,0.116,3.92,1.91
gain,default_fixed,accel_gain,0.3,on,15.25,1.58,1.27,-0.473,-0.380,-0.909,-1.159,0.116,3.95,1.97
gain,default_fixed,accel_gain,0.3,on,15.30,1.65,1.33,-0.495,-0.400,-0.911,-1.152,0.116,3.99,2.05
gain,default_fixed,accel_gain,0.3,on,15.35,1.72,1.41,-0.517,-0.424,-0.912,-1.150,0.116,4.04,2.14
gain,default_fixed,accel_gain,0.3,on,15.40,1.78,1.48,-0.534,-0.445,-0.914,-1.144,0.116,4.12,2.25
gain,default_fixed,accel_gain,0.3,on,15.45,1.84,1.54,-0.551,-0.463,-0.915,-1.141,0.116,4.21,2.35
gain,default_fixed,accel_gain,0.3,on,15.50,1.89,1.60,-0.566,-0.479,-0.917,-1.137,0.115,4.31,2.46
gain,default_fixed,accel_gain,0.3,on,15.55,1.91,1.64,-0.574,-0.491,-0.919,-1.136,0.114,4.41,2.56
gain,default_fixed,accel_gain,0.3,on,15.60,1.93,1.66,-0.579,-0.498,-0.922,-1.133,0.113,4.51,2.66
gain,default_fixed,accel_gain,0.3,on,15.65,1.93,1.66,-0.578,-0.499,-0.924,-1.132,0.112,4.59,2.74
gain,default_fixed,accel_gain,0.3,on,15.70,1.92,1.65,-0.576,-0.494,-0.927,-1.131,0.110,4.65,2.81
gain,default_fixed,accel_gain,0.3,on,15.75,1.90,1.61,-0.569,-0.483,-0.928,-1.131,0.108,4.69,2.86
gain,default_fixed,accel_gain,0.3,on,15.80,1.85,1.54,-0.555,-0.463,-0.932,-1.132,0.105,4.71,2.88
gain,default_fixed,accel_gain,0.3,on,15.85,1.78,1.47,-0.535,-0.441,-0.933,-1.133,0.103,4.69,2.87
gain,default_fixed,accel_gain,0.3,on,15.90,1.70,1.38,-0.511,-0.414,-0.936,-1.136,0.099,4.65,2.83
gain,default_fixed,accel_gain,0.3,on,15.95,1.61,1.29,-0.484,-0.388,-0.938,-1.138,0.097,4.58,2.77
gain,default_fixed,accel_gain,0.3,on,16.00,1.54,1.21,-0.461,-0.364,-0.966,-1.214,0.063,3.71,1.43
gain,default_fixed,accel_gain,0.3,on,16.05,1.46,1.14,-0.439,-0.342,-0.966,-1.214,0.063,3.71,1.43
gain,default_fixed,accel_gain,0.3,on,16.10,1.40,1.08,-0.421,-0.324,-0.965,-1.215,0.063,3.74,1.45
gain,default_fixed,accel_gain,0.3,on,16.15,1.34,1.02,-0.403,-0.307,-0.965,-1.216,0.064,3.77,1.46
gain,default_fixed,accel_gain,0.3,on,16.20,1.29,0.98,-0.387,-0.294,-0.964,-1.216,0.065,3.76,1.46
gain,default_fixed,accel_gain,0.3,on,16.25,1.25,0.95,-0.375,-0.284,-0.964,-1.216,0.065,3.73,1.43
gain,default_fixed,accel_gain,0.3,on,16.30,1.22,0.92,-0.366,-0.275,-0.963,-1.216,0.066,3.67,1.40
gain,default_fixed,accel_gain,0.3,on,16.35,1.20,0.90,-0.361,-0.271,-0.962,-1.215,0.066,3.61,1.36
gain,default_fixed,accel_gain,0.3,on,16.40,1.19,0.90,-0.358,-0.270,-0.960,-1.214,0.067,3.54,1.33
gain,default_fixed,accel_gain,0.3,on,16.45,1.19,0.90,-0.357,-0.271,-0.960,-1.213,0.067,3.48,1.31
gain,default_fixed,accel_gain,0.3,on,16.50,1.21,0.93,-0.362,-0.278,-0.958,-1.210,0.068,3.43,1.30
gain,default_fixed,accel_gain,0.3,on,16.55,1.23,0.96,-0.370,-0.288,-0.957,-1.209,0.068,3.41,1.30
gain,default_fixed,accel_gain,0.3,on,16.60,1.28,1.01,-0.384,-0.303,-0.956,-1.205,0.068,3.41,1.33
gain,default_fixed,accel_gain,0.3,on,16.65,1.34,1.07,-0.402,-0.321,-0.955,-1.203,0.068,3.43,1.36
gain,default_fixed,accel_gain,0.3,on,16.70,1.41,1.14,-0.422,-0.342,-0.954,-1.198,0.068,3.47,1.42
gain,default_fixed,accel_gain,0.3,on,16.75,1.49,1.21,-0.446,-0.363,-0.954,-1.195,0.068,3.53,1.50
gain,default_fixed,accel_gain,0.3,on,16.80,1.57,1.28,-0.470,-0.384,-0.952,-1.188,0.069,3.63,1.60
gain,default_fixed,accel_gain,0.3,on,16.85,1.66,1.35,-0.499,-0.405,-0.952,-1.185,0.070,3.74,1.71
gain,default_fixed,accel_gain,0.3,on,16.90,1.76,1.42,-0.529,-0.425,-0.951,-1.178,0.071,3.88,1.84
gain,default_fixed,accel_gain,0.3,on,16.95,1.86,1.48,-0.559,-0.443,-0.950,-1.175,0.072,4.02,1.96
gain,default_fixed,accel_gain,0.3,on,17.00,1.83,1.45,-0.550,-0.435,-1.002,-1.155,0.036,3.83,2.20
gain,default_fixed,accel_gain,0.3,on,17.05,1.74,1.37,-0.523,-0.412,-1.002,-1.155,0.036,3.83,2.20
gain,default_fixed,accel_gain,0.3,on,17.10,1.62,1.27,-0.485,-0.380,-1.004,-1.160,0.031,3.78,2.14
gain,default_fixed,accel_gain,0.3,on,17.15,1.49,1.16,-0.446,-0.347,-1.005,-1.162,0.028,3.74,2.08
gain,default_fixed,accel_gain,0.3,on,17.20,1.38,1.04,-0.414,-0.312,-1.007,-1.167,0.023,3.69,2.00
gain,default_fixed,accel_gain,0.3,on,17.25,1.27,0.92,-0.382,-0.275,-1.008,-1.170,0.021,3.61,1.91
gain,default_fixed,accel_gain,0.3,on,17.30,1.19,0.82,-0.357,-0.246,-1.008,-1.173,0.018,3.50,1.79
gain,default_fixed,accel_gain,0.3,on,17.35,1.13,0.73,-0.340,-0.218,-1.008,-1.175,0.017,3.37,1.67
gain,default_fixed,accel_gain,0.3,on,17.40,1.10,0.65,-0.329,-0.196,-1.008,-1.178,0.016,3.21,1.53
gain,default_fixed,accel_gain,0.3,on,17.45,1.06,0.60,-0.317,-0.180,-1.007,-1.180,0.015,3.07,1.39
gain,default_fixed,accel_gain,0.3,on,17.50,1.04,0.55,-0.311,-0.166,-1.006,-1.183,0.016,2.92,1.25
gain,default_fixed,accel_gain,0.3,on,17.55,1.03,0.52,-0.308,-0.155,-1.005,-1.183,0.017,2.82,1.13
gain,default_fixed,accel_gain,0.3,on,17.60,1.06,0.50,-0.318,-0.150,-1.002,-1.184,0.019,2.73,1.02
gain,default_fixed,accel_gain,0.3,on,17.65,1.10,0.49,-0.329,-0.146,-1.001,-1.184,0.021,2.70,0.94
gain,default_fixed,accel_gain,0.3,on,17.70,1.14,0.49,-0.342,-0.147,-0.997,-1.183,0.025,2.69,0.88
gain,default_fixed,accel_gain,0.3,on,17.75,1.21,0.52,-0.364,-0.156,-0.995,-1.181,0.027,2.72,0.86
gain,default_fixed,accel_gain,0.3,on,17.80,1.30,0.58,-0.391,-0.173,-0.990,-1.178,0.032,2.81,0.85
gain,default_fixed,accel_gain,0.3,on,17.85,1.37,0.65,-0.412,-0.195,-0.987,-1.175,0.036,2.92,0.87
gain,default_fixed,accel_gain,0.3,on,17.90,1.46,0.76,-0.438,-0.227,-0.982,-1.169,0.043,3.08,0.93
gain,default_fixed,accel_gain,0.3,on,17.95,1.58,0.88,-0.473,-0.263,-0.979,-1.166,0.047,3.26,1.01
gain,strong_fixed,baseline_off,0.0,off,0.00,0.00,0.00,0.000,0.000,-1.014,-1.212,0.010,0.62,0.45
gain,strong_fixed,baseline_off,0.0,off,0.05,0.00,0.00,0.000,0.000,-1.014,-1.212,0.010,0.62,0.45
gain,strong_fixed,baseline_off,0.0,off,0.10,0.00,0.00,0.000,0.000,-1.015,-1.213,0.010,0.58,0.42
gain,strong_fixed,baseline_off,0.0,off,0.15,0.00,0.00,0.000,0.000,-1.016,-1.216,0.012,0.54,0.38
gain,strong_fixed,baseline_off,0.0,off,0.20,0.00,0.00,0.000,0.000,-1.016,-1.217,0.012,0.49,0.32
gain,strong_fixed,baseline_off,0.0,off,0.25,0.00,0.00,0.000,0.000,-1.016,-1.219,0.015,0.44,0.28
gain,strong_fixed,baseline_off,0.0,off,0.30,0.00,0.00,0.000,0.000,-1.016,-1.220,0.015,0.39,0.24
gain,strong_fixed,baseline_off,0.0,off,0.35,0.00,0.00,0.000,0.000,-1.015,-1.221,0.017,0.37,0.21
gain,strong_fixed,baseline_off,0.0,off,0.40,0.00,0.00,0.000,0.000,-1.014,-1.222,0.018,0.36,0.21
gain,strong_fixed,baseline_off,0.0,off,0.45,0.00,0.00,0.000,0.000,-1.010,-1.221,0.019,0.38,0.22
gain,strong_fixed,baseline_off,0.0,off,0.50,0.00,0.00,0.000,0.000,-1.009,-1.220,0.019,0.44,0.26
gain,strong_fixed,baseline_off,0.0,off,0.55,0.00,0.00,0.000,0.000,-1.004,-1.217,0.020,0.51,0.31
gain,strong_fixed,baseline_off,0.0,off,0.60,0.00,0.00,0.000,0.000,-1.002,-1.215,0.021,0.62,0.39
gain,strong_fixed,baseline_off,0.0,off,0.65,0.00,0.00,0.000,0.000,-0.995,-1.208,0.026,0.75,0.48
gain,strong_fixed,baseline_off,0.0,off,0.70,0.00,0.00,0.000,0.000,-0.992,-1.205,0.029,0.90,0.60
gain,strong_fixed,baseline_off,0.0,off,0.75,0.00,0.00,0.000,0.000,-0.986,-1.196,0.037,1.06,0.72
gain,strong_fixed,baseline_off,0.0,off,0.80,0.00,0.00,0.000,0.000,-0.982,-1.191,0.042,1.25,0.87
gain,strong_fixed,baseline_off,0.0,off,0.85,0.00,0.00,0.000,0.000,-0.974,-1.178,0.055,1.44,1.02
gain,strong_fixed,baseline_off,0.0,off,0.90,0.00,0.00,0.000,0.000,-0.970,-1.172,0.061,1.65,1.20
gain,strong_fixed,baseline_off,0.0,off,0.95,0.00,0.00,0.000,0.000,-0.962,-1.159,0.075,1.85,1.37
gain,strong_fixed,baseline_off,0.0,off,1.00,0.00,0.00,0.000,0.000,-0.814,-0.902,0.367,5.38,4.31
gain,strong_fixed,baseline_off,0.0,off,1.05,0.00,0.00,0.000,0.000,-0.814,-0.902,0.367,5.38,4.31
gain,strong_fixed,baseline_off,0.0,off,1.10,0.00,0.00,0.000,0.000,-0.810,-0.898,0.374,5.45,4.34
gain,strong_fixed,baseline_off,0.0,off,1.15,0.00,0.00,0.000,0.000,-0.801,-0.889,0.386,5.56,4.37
gain,strong_fixed,baseline_off,0.0,off,1.20,0.00,0.00,0.000,0.000,-0.796,-0.885,0.392,5.63,4.38
gain,strong_fixed,baseline_off,0.0,off,1.25,0.00,0.00,0.000,0.000,-0.785,-0.877,0.404,5.72,4.39
gain,strong_fixed,baseline_off,0.0,off,1.30,0.00,0.00,0.000,0.000,-0.781,-0.874,0.409,5.79,4.39
gain,strong_fixed,baseline_off,0.0,off,1.35,0.00,0.00,0.000,0.000,-0.771,-0.870,0.419,5.88,4.37
gain,strong_fixed,baseline_off,0.0,off,1.40,0.00,0.00,0.000,0.000,-0.766,-0.868,0.424,5.94,4.36
gain,strong_fixed,baseline_off,0.0,off,1.45,0.00,0.00,0.000,0.000,-0.754,-0.865,0.433,6.03,4.32
gain,strong_fixed,baseline_off,0.0,off,1.50,0.00,0.00,0.000,0.000,-0.749,-0.864,0.437,6.09,4.29
gain,strong_fixed,baseline_off,0.0,off,1.55,0.00,0.00,0.000,0.000,-0.738,-0.863,0.444,6.17,4.23
gain,strong_fixed,baseline_off,0.0,off,1.60,0.00,0.00,0.000,0.000,-0.733,-0.863,0.447,6.23,4.19
gain,strong_fixed,baseline_off,0.0,off,1.65,0.00,0.00,0.000,0.000,-0.722,-0.865,0.454,6.32,4.11
gain,strong_fixed,baseline_off,0.0,off,1.70,0.00,0.00,0.000,0.000,-0.717,-0.865,0.456,6.37,4.06
gain,strong_fixed,baseline_off,0.0,off,1.75,0.00,0.00,0.000,0.000,-0.707,-0.868,0.461,6.45,3.97
gain,strong_fixed,baseline_off,0.0,off,1.80,0.00,0.00,0.000,0.000,-0.702,-0.870,0.463,6.50,3.91
gain,strong_fixed,baseline_off,0.0,off,1.85,0.00,0.00,0.000,0.000,-0.692,-0.875,0.467,6.56,3.82
gain,strong_fixed,baseline_off,0.0,off,1.90,0.00,0.00,0.000,0.000,-0.687,-0.878,0.468,6.61,3.75
gain,strong_fixed,baseline_off,0.0,off,1.95,0.00,0.00,0.000,0.000,-0.678,-0.884,0.471,6.67,3.65
gain,strong_fixed,baseline_off,0.0,off,2.00,0.00,0.00,0.000,0.000,-0.569,-1.054,0.477,7.07,2.04
gain,strong_fixed,baseline_off,0.0,off,2.05,0.00,0.00,0.000,0.000,-0.569,-1.054,0.477,7.07,2.04
gain,strong_fixed,baseline_off,0.0,off,2.10,0.00,0.00,0.000,0.000,-0.570,-1.060,0.474,7.03,1.99
gain,strong_fixed,baseline_off,0.0,off,2.15,0.00,0.00,0.000,0.000,-0.572,-1.072,0.468,6.99,1.95
gain,strong_fixed,baseline_off,0.0,off,2.20,0.00,0.00,0.000,0.000,-0.574,-1.078,0.465,6.93,1.91
gain,strong_fixed,baseline_off,0.0,off,2.25,0.00,0.00,0.000,0.000,-0.579,-1.091,0.457,6.88,1.88
gain,strong_fixed,baseline_off,0.0,off,2.30,0.00,0.00,0.000,0.000,-0.581,-1.097,0.453,6.81,1.84
gain,strong_fixed,baseline_off,0.0,off,2.35,0.00,0.00,0.000,0.000,-0.587,-1.108,0.445,6.74,1.82
gain,strong_fixed,baseline_off,0.0,off,2.40,0.00,0.00,0.000,0.000,-0.591,-1.113,0.440,6.67,1.79
gain,strong_fixed,baseline_off,0.0,off,2.45,0.00,0.00,0.000,0.000,-0.599,-1.125,0.430,6.59,1.77
gain,strong_fixed,baseline_off,0.0,off,2.50,0.00,0.00,0.000,0.000,-0.603,-1.131,0.425,6.51,1.75
gain,strong_fixed,baseline_off,0.0,off,2.55,0.00,0.00,0.000,0.000,-0.610,-1.142,0.416,6.43,1.74
gain,strong_fixed,baseline_off,0.0,off,2.60,0.00,0.00,0.000,0.000,-0.614,-1.147,0.411,6.35,1.73
gain,strong_fixed,baseline_off,0.0,off,2.65,0.00,0.00,0.000,0.000,-0.624,-1.159,0.400,6.28,1.72
gain,strong_fixed,baseline_off,0.0,off,2.70,0.00,0.00,0.000,0.000,-0.629,-1.165,0.395,6.20,1.70
gain,strong_fixed,baseline_off,0.0,off,2.75,0.00,0.00,0.000,0.000,-0.638,-1.175,0.384,6.13,1.69
gain,strong_fixed,baseline_off,0.0,off,2.80,0.00,0.00,0.000,0.000,-0.643,-1.181,0.379,6.05,1.68
gain,strong_fixed,baseline_off,0.0,off,2.85,0.00,0.00,0.000,0.000,-0.655,-1.193,0.367,5.99,1.67
gain,strong_fixed,baseline_off,0.0,off,2.90,0.00,0.00,0.000,0.000,-0.660,-1.198,0.361,5.91,1.66
gain,strong_fixed,baseline_off,0.0,off,2.95,0.00,0.00,0.000,0.000,-0.670,-1.209,0.351,5.85,1.65
gain,strong_fixed,baseline_off,0.0,off,3.00,0.00,0.00,0.000,0.000,-0.896,-1.260,0.137,4.74,2.32
gain,strong_fixed,baseline_off,0.0,off,3.05,0.00,0.00,0.000,0.000,-0.896,-1.260,0.137,4.74,2.32
gain,strong_fixed,baseline_off,0.0,off,3.10,0.00,0.00,0.000,0.000,-0.904,-1.258,0.128,4.71,2.41
gain,strong_fixed,baseline_off,0.0,off,3.15,0.00,0.00,0.000,0.000,-0.919,-1.251,0.112,4.68,2.50
gain,strong_fixed,baseline_off,0.0,off,3.20,0.00,0.00,0.000,0.000,-0.927,-1.248,0.104,4.64,2.59
gain,strong_fixed,baseline_off,0.0,off,3.25,0.00,0.00,0.000,0.000,-0.943,-1.240,0.085,4.60,2.68
gain,strong_fixed,baseline_off,0.0,off,3.30,0.00,0.00,0.000,0.000,-0.951,-1.237,0.077,4.57,2.78
gain,strong_fixed,baseline_off,0.0,off,3.35,0.00,0.00,0.000,0.000,-0.966,-1.229,0.060,4.53,2.86
gain,strong_fixed,baseline_off,0.0,off,3.40,0.00,0.00,0.000,0.000,-0.973,-1.226,0.052,4.49,2.95
gain,strong_fixed,baseline_off,0.0,off,3.45,0.00,0.00,0.000,0.000,-0.988,-1.218,0.035,4.46,3.03
gain,strong_fixed,baseline_off,0.0,off,3.50,0.00,0.00,0.000,0.000,-0.994,-1.214,0.028,4.43,3.10
gain,strong_fixed,baseline_off,0.0,off,3.55,0.00,0.00,0.000,0.000,-1.006,-1.206,0.015,4.40,3.17
gain,strong_fixed,baseline_off,0.0,off,3.60,0.00,0.00,0.000,0.000,-1.012,-1.202,0.010,4.38,3.23
gain,strong_fixed,baseline_off,0.0,off,3.65,0.00,0.00,0.000,0.000,-1.024,-1.192,0.014,4.37,3.29
gain,strong_fixed,baseline_off,0.0,off,3.70,0.00,0.00,0.000,0.000,-1.029,-1.187,0.020,4.37,3.35
gain,strong_fixed,baseline_off,0.0,off,3.75,0.00,0.00,0.000,0.000,-1.038,-1.178,0.032,4.37,3.41
gain,strong_fixed,baseline_off,0.0,off,3.80,0.00,0.00,0.000,0.000,-1.042,-1.173,0.039,4.38,3.46
gain,strong_fixed,baseline_off,0.0,off,3.85,0.00,0.00,0.000,0.000,-1.049,-1.161,0.053,4.40,3.52
gain,strong_fixed,baseline_off,0.0,off,3.90,0.00,0.00,0.000,0.000,-1.052,-1.155,0.059,4.43,3.58
gain,strong_fixed,baseline_off,0.0,off,3.95,0.00,0.00,0.000,0.000,-1.058,-1.144,0.072,4.46,3.63
gain,strong_fixed,baseline_off,0.0,off,4.00,0.00,0.00,0.000,0.000,-1.029,-0.948,0.258,5.88,4.46
gain,strong_fixed,baseline_off,0.0,off,4.05,0.00,0.00,0.000,0.000,-1.029,-0.948,0.258,5.88,4.46
gain,strong_fixed,baseline_off,0.0,off,4.10,0.00,0.00,0.000,0.000,-1.025,-0.943,0.263,5.96,4.48
gain,strong_fixed,baseline_off,0.0,off,4.15,0.00,0.00,0.000,0.000,-1.017,-0.933,0.272,6.03,4.50
gain,strong_fixed,baseline_off,0.0,off,4.20,0.00,0.00,0.000,0.000,-1.013,-0.929,0.277,6.10,4.51
gain,strong_fixed,baseline_off,0.0,off,4.25,0.00,0.00,0.000,0.000,-1.002,-0.920,0.287,6.17,4.52
gain,strong_fixed,baseline_off,0.0,off,4.30,0.00,0.00,0.000,0.000,-0.997,-0.916,0.291,6.25,4.52
gain,strong_fixed,baseline_off,0.0,off,4.35,0.00,0.00,0.000,0.000,-0.987,-0.908,0.299,6.32,4.53
gain,strong_fixed,baseline_off,0.0,off,4.40,0.00,0.00,0.000,0.000,-0.981,-0.905,0.303,6.39,4.52
gain,strong_fixed,baseline_off,0.0,off,4.45,0.00,0.00,0.000,0.000,-0.968,-0.899,0.311,6.47,4.51
gain,strong_fixed,baseline_off,0.0,off,4.50,0.00,0.00,0.000,0.000,-0.962,-0.897,0.314,6.55,4.50
gain,strong_fixed,baseline_off,0.0,off,4.55,0.00,0.00,0.000,0.000,-0.950,-0.894,0.320,6.62,4.47
gain,strong_fixed,baseline_off,0.0,off,4.60,0.00,0.00,0.000,0.000,-0.944,-0.892,0.323,6.70,4.44
gain,strong_fixed,baseline_off,0.0,off,4.65,0.00,0.00,0.000,0.000,-0.931,-0.891,0.328,6.77,4.40
gain,strong_fixed,baseline_off,0.0,off,4.70,0.00,0.00,0.000,0.000,-0.925,-0.890,0.330,6.84,4.35
gain,strong_fixed,baseline_off,0.0,off,4.75,0.00,0.00,0.000,0.000,-0.913,-0.891,0.333,6.90,4.30
gain,strong_fixed,baseline_off,0.0,off,4.80,0.00,0.00,0.000,0.000,-0.906,-0.892,0.334,6.96,4.24
gain,strong_fixed,baseline_off,0.0,off,4.85,0.00,0.00,0.000,0.000,-0.892,-0.894,0.337,7.02,4.17
gain,strong_fixed,baseline_off,0.0,off,4.90,0.00,0.00,0.000,0.000,-0.886,-0.896,0.338,7.07,4.09
gain,strong_fixed,baseline_off,0.0,off,4.95,0.00,0.00,0.000,0.000,-0.874,-0.899,0.340,7.12,4.02
gain,strong_fixed,baseline_off,0.0,off,5.00,0.00,0.00,0.000,0.000,-0.747,-1.073,0.305,7.15,2.15
gain,strong_fixed,baseline_off,0.0,off,5.05,0.00,0.00,0.000,0.000,-0.747,-1.073,0.305,7.15,2.15
gain,strong_fixed,baseline_off,0.0,off,5.10,0.00,0.00,0.000,0.000,-0.745,-1.086,0.301,7.10,2.07
gain,strong_fixed,baseline_off,0.0,off,5.15,0.00,0.00,0.000,0.000,-0.744,-1.099,0.297,7.05,2.02
gain,strong_fixed,baseline_off,0.0,off,5.20,0.00,0.00,0.000,0.000,-0.744,-1.105,0.295,7.01,1.96
gain,strong_fixed,baseline_off,0.0,off,5.25,0.00,0.00,0.000,0.000,-0.744,-1.113,0.292,6.97,1.92
gain,strong_fixed,baseline_off,0.0,off,5.30,0.00,0.00,0.000,0.000,-0.744,-1.127,0.289,6.91,1.86
gain,strong_fixed,baseline_off,0.0,off,5.35,0.00,0.00,0.000,0.000,-0.744,-1.140,0.285,6.87,1.82
gain,strong_fixed,baseline_off,0.0,off,5.40,0.00,0.00,0.000,0.000,-0.744,-1.147,0.283,6.82,1.77
gain,strong_fixed,baseline_off,0.0,off,5.45,0.00,0.00,0.000,0.000,-0.745,-1.162,0.279,6.78,1.73
gain,strong_fixed,baseline_off,0.0,off,5.50,0.00,0.00,0.000,0.000,-0.746,-1.168,0.278,6.73,1.68
gain,strong_fixed,baseline_off,0.0,off,5.55,0.00,0.00,0.000,0.000,-0.748,-1.182,0.274,6.69,1.64
gain,strong_fixed,baseline_off,0.0,off,5.60,0.00,0.00,0.000,0.000,-0.749,-1.188,0.273,6.65,1.60
gain,strong_fixed,baseline_off,0.0,off,5.65,0.00,0.00,0.000,0.000,-0.752,-1.203,0.269,6.61,1.56
gain,strong_fixed,baseline_off,0.0,off,5.70,0.00,0.00,0.000,0.000,-0.754,-1.210,0.267,6.57,1.53
gain,strong_fixed,baseline_off,0.0,off,5.75,0.00,0.00,0.000,0.000,-0.756,-1.217,0.266,6.54,1.50
gain,strong_fixed,baseline_off,0.0,off,5.80,0.00,0.00,0.000,0.000,-0.760,-1.231,0.262,6.49,1.46
gain,strong_fixed,baseline_off,0.0,off,5.85,0.00,0.00,0.000,0.000,-0.766,-1.246,0.258,6.44,1.42
gain,strong_fixed,baseline_off,0.0,off,5.90,0.00,0.00,0.000,0.000,-0.769,-1.253,0.256,6.40,1.39
gain,strong_fixed,baseline_off,0.0,off,5.95,0.00,0.00,0.000,0.000,-0.776,-1.266,0.252,6.34,1.35
gain,strong_fixed,baseline_off,0.0,off,6.00,0.00,0.00,0.000,0.000,-1.013,-1.368,0.163,4.63,1.82
gain,strong_fixed,baseline_off,0.0,off,6.05,0.00,0.00,0.000,0.000,-1.013,-1.368,0.163,4.63,1.82
gain,strong_fixed,baseline_off,0.0,off,6.10,0.00,0.00,0.000,0.000,-1.021,-1.367,0.161,4.57,1.90
gain,strong_fixed,baseline_off,0.0,off,6.15,0.00,0.00,0.000,0.000,-1.038,-1.364,0.159,4.50,1.98
gain,strong_fixed,baseline_off,0.0,off,6.20,0.00,0.00,0.000,0.000,-1.047,-1.362,0.158,4.45,2.07
gain,strong_fixed,baseline_off,0.0,off,6.25,0.00,0.00,0.000,0.000,-1.066,-1.357,0.158,4.38,2.16
gain,strong_fixed,baseline_off,0.0,off,6.30,0.00,0.00,0.000,0.000,-1.074,-1.355,0.158,4.33,2.24
gain,strong_fixed,baseline_off,0.0,off,6.35,0.00,0.00,0.000,0.000,-1.090,-1.349,0.159,4.27,2.32
gain,strong_fixed,baseline_off,0.0,off,6.40,0.00,0.00,0.000,0.000,-1.097,-1.347,0.160,4.23,2.40
gain,strong_fixed,baseline_off,0.0,off,6.45,0.00,0.00,0.000,0.000,-1.113,-1.340,0.163,4.18,2.49
gain,strong_fixed,baseline_off,0.0,off,6.50,0.00,0.00,0.000,0.000,-1.120,-1.337,0.164,4.15,2.56
gain,strong_fixed,baseline_off,0.0,off,6.55,0.00,0.00,0.000,0.000,-1.133,-1.330,0.167,4.12,2.64
gain,strong_fixed,baseline_off,0.0,off,6.60,0.00,0.00,0.000,0.000,-1.139,-1.326,0.168,4.10,2.71
gain,strong_fixed,baseline_off,0.0,off,6.65,0.00,0.00,0.000,0.000,-1.151,-1.317,0.171,4.09,2.79
gain,strong_fixed,baseline_off,0.0,off,6.70,0.00,0.00,0.000,0.000,-1.156,-1.313,0.172,4.09,2.85
gain,strong_fixed,baseline_off,0.0,off,6.75,0.00,0.00,0.000,0.000,-1.166,-1.304,0.175,4.10,2.92
gain,strong_fixed,baseline_off,0.0,off,6.80,0.00,0.00,0.000,0.000,-1.170,-1.299,0.176,4.11,2.99
gain,strong_fixed,baseline_off,0.0,off,6.85,0.00,0.00,0.000,0.000,-1.180,-1.287,0.178,4.14,3.06
gain,strong_fixed,baseline_off,0.0,off,6.90,0.00,0.00,0.000,0.000,-1.184,-1.282,0.179,4.17,3.13
gain,strong_fixed,baseline_off,0.0,off,6.95,0.00,0.00,0.000,0.000,-1.191,-1.270,0.182,4.21,3.20
gain,strong_fixed,baseline_off,0.0,off,7.00,0.00,0.00,0.000,0.000,-1.201,-1.034,0.248,5.35,4.57
gain,strong_fixed,baseline_off,0.0,off,7.05,0.00,0.00,0.000,0.000,-1.201,-1.034,0.248,5.35,4.57
gain,strong_fixed,baseline_off,0.0,off,7.10,0.00,0.00,0.000,0.000,-1.197,-1.028,0.250,5.41,4.60
gain,strong_fixed,baseline_off,0.0,off,7.15,0.00,0.00,0.000,0.000,-1.188,-1.016,0.253,5.49,4.62
gain,strong_fixed,baseline_off,0.0,off,7.20,0.00,0.00,0.000,0.000,-1.183,-1.010,0.254,5.57,4.64
gain,strong_fixed,baseline_off,0.0,off,7.25,0.00,0.00,0.000,0.000,-1.172,-0.998,0.257,5.65,4.65
gain,strong_fixed,baseline_off,0.0,off,7.30,0.00,0.00,0.000,0.000,-1.166,-0.992,0.258,5.74,4.66
gain,strong_fixed,baseline_off,0.0,off,7.35,0.00,0.00,0.000,0.000,-1.154,-0.982,0.260,5.83,4.66
gain,strong_fixed,baseline_off,0.0,off,7.40,0.00,0.00,0.000,0.000,-1.147,-0.977,0.261,5.93,4.66
gain,strong_fixed,baseline_off,0.0,off,7.45,0.00,0.00,0.000,0.000,-1.131,-0.967,0.263,6.03,4.65
gain,strong_fixed,baseline_off,0.0,off,7.50,0.00,0.00,0.000,0.000,-1.124,-0.962,0.264,6.13,4.64
gain,strong_fixed,baseline_off,0.0,off,7.55,0.00,0.00,0.000,0.000,-1.109,-0.955,0.266,6.24,4.63
gain,strong_fixed,baseline_off,0.0,off,7.60,0.00,0.00,0.000,0.000,-1.101,-0.952,0.267,6.35,4.61
gain,strong_fixed,baseline_off,0.0,off,7.65,0.00,0.00,0.000,0.000,-1.084,-0.945,0.268,6.46,4.58
gain,strong_fixed,baseline_off,0.0,off,7.70,0.00,0.00,0.000,0.000,-1.076,-0.942,0.269,6.56,4.55
gain,strong_fixed,baseline_off,0.0,off,7.75,0.00,0.00,0.000,0.000,-1.060,-0.938,0.270,6.67,4.51
gain,strong_fixed,baseline_off,0.0,off,7.80,0.00,0.00,0.000,0.000,-1.053,-0.936,0.271,6.76,4.47
gain,strong_fixed,baseline_off,0.0,off,7.85,0.00,0.00,0.000,0.000,-1.035,-0.933,0.273,6.86,4.42
gain,strong_fixed,baseline_off,0.0,off,7.90,0.00,0.00,0.000,0.000,-1.027,-0.932,0.274,6.94,4.37
gain,strong_fixed,baseline_off,0.0,off,7.95,0.00,0.00,0.000,0.000,-1.012,-0.931,0.275,7.03,4.31
gain,strong_fixed,baseline_off,0.0,off,8.00,0.00,0.00,0.000,0.000,-0.759,-1.089,0.287,7.78,2.19
gain,strong_fixed,baseline_off,0.0,off,8.05,0.00,0.00,0.000,0.000,-0.759,-1.089,0.287,7.78,2.19
gain,strong_fixed,baseline_off,0.0,off,8.10,0.00,0.00,0.000,0.000,-0.754,-1.097,0.289,7.79,2.08
gain,strong_fixed,baseline_off,0.0,off,8.15,0.00,0.00,0.000,0.000,-0.743,-1.114,0.293,7.80,1.97
gain,strong_fixed,baseline_off,0.0,off,8.20,0.00,0.00,0.000,0.000,-0.738,-1.122,0.295,7.80,1.86
gain,strong_fixed,baseline_off,0.0,off,8.25,0.00,0.00,0.000,0.000,-0.728,-1.142,0.300,7.80,1.76
gain,strong_fixed,baseline_off,0.0,off,8.30,0.00,0.00,0.000,0.000,-0.724,-1.151,0.302,7.80,1.66
gain,strong_fixed,baseline_off,0.0,off,8.35,0.00,0.00,0.000,0.000,-0.717,-1.168,0.306,7.77,1.54
gain,strong_fixed,baseline_off,0.0,off,8.40,0.00,0.00,0.000,0.000,-0.714,-1.177,0.308,7.76,1.47
gain,strong_fixed,baseline_off,0.0,off,8.45,0.00,0.00,0.000,0.000,-0.709,-1.197,0.312,7.72,1.37
gain,strong_fixed,baseline_off,0.0,off,8.50,0.00,0.00,0.000,0.000,-0.708,-1.206,0.313,7.68,1.29
gain,strong_fixed,baseline_off,0.0,off,8.55,0.00,0.00,0.000,0.000,-0.705,-1.224,0.317,7.63,1.21
gain,strong_fixed,baseline_off,0.0,off,8.60,0.00,0.00,0.000,0.000,-0.704,-1.232,0.318,7.57,1.13
gain,strong_fixed,baseline_off,0.0,off,8.65,0.00,0.00,0.000,0.000,-0.703,-1.252,0.321,7.50,1.06
gain,strong_fixed,baseline_off,0.0,off,8.70,0.00,0.00,0.000,0.000,-0.703,-1.261,0.323,7.44,1.00
gain,strong_fixed,baseline_off,0.0,off,8.75,0.00,0.00,0.000,0.000,-0.704,-1.278,0.325,7.36,0.93
gain,strong_fixed,baseline_off,0.0,off,8.80,0.00,0.00,0.000,0.000,-0.705,-1.286,0.326,7.28,0.88
gain,strong_fixed,baseline_off,0.0,off,8.85,0.00,0.00,0.000,0.000,-0.709,-1.306,0.328,7.20,0.82
gain,strong_fixed,baseline_off,0.0,off,8.90,0.00,0.00,0.000,0.000,-0.711,-1.314,0.329,7.12,0.78
gain,strong_fixed,baseline_off,0.0,off,8.95,0.00,0.00,0.000,0.000,-0.717,-1.331,0.329,7.01,0.73
gain,strong_fixed,baseline_off,0.0,off,9.00,0.00,0.00,0.000,0.000,-1.001,-1.507,0.302,4.43,0.97
gain,strong_fixed,baseline_off,0.0,off,9.05,0.00,0.00,0.000,0.000,-1.001,-1.507,0.302,4.43,0.97
gain,strong_fixed,baseline_off,0.0,off,9.10,0.00,0.00,0.000,0.000,-1.011,-1.507,0.301,4.34,1.04
gain,strong_fixed,baseline_off,0.0,off,9.15,0.00,0.00,0.000,0.000,-1.032,-1.506,0.300,4.25,1.12
gain,strong_fixed,baseline_off,0.0,off,9.20,0.00,0.00,0.000,0.000,-1.042,-1.505,0.300,4.17,1.20
gain,strong_fixed,baseline_off,0.0,off,9.25,0.00,0.00,0.000,0.000,-1.065,-1.502,0.299,4.08,1.30
gain,strong_fixed,baseline_off,0.0,off,9.30,0.00,0.00,0.000,0.000,-1.075,-1.500,0.299,4.01,1.39
gain,strong_fixed,baseline_off,0.0,off,9.35,0.00,0.00,0.000,0.000,-1.095,-1.495,0.299,3.94,1.50
gain,strong_fixed,baseline_off,0.0,off,9.40,0.00,0.00,0.000,0.000,-1.105,-1.492,0.298,3.87,1.59
gain,strong_fixed,baseline_off,0.0,off,9.45,0.00,0.00,0.000,0.000,-1.127,-1.484,0.297,3.82,1.70
gain,strong_fixed,baseline_off,0.0,off,9.50,0.00,0.00,0.000,0.000,-1.136,-1.479,0.297,3.77,1.81
gain,strong_fixed,baseline_off,0.0,off,9.55,0.00,0.00,0.000,0.000,-1.155,-1.470,0.296,3.72,1.92
gain,strong_fixed,baseline_off,0.0,off,9.60,0.00,0.00,0.000,0.000,-1.164,-1.464,0.296,3.68,2.04
gain,strong_fixed,baseline_off,0.0,off,9.65,0.00,0.00,0.000,0.000,-1.184,-1.451,0.295,3.65,2.16
gain,strong_fixed,baseline_off,0.0,off,9.70,0.00,0.00,0.000,0.000,-1.193,-1.445,0.295,3.63,2.28
gain,strong_fixed,baseline_off,0.0,off,9.75,0.00,0.00,0.000,0.000,-1.210,-1.431,0.294,3.61,2.41
gain,strong_fixed,baseline_off,0.0,off,9.80,0.00,0.00,0.000,0.000,-1.217,-1.424,0.294,3.59,2.53
gain,strong_fixed,baseline_off,0.0,off,9.85,0.00,0.00,0.000,0.000,-1.234,-1.407,0.293,3.58,2.67
gain,strong_fixed,baseline_off,0.0,off,9.90,0.00,0.00,0.000,0.000,-1.241,-1.399,0.293,3.58,2.79
gain,strong_fixed,baseline_off,0.0,off,9.95,0.00,0.00,0.000,0.000,-1.255,-1.382,0.293,3.59,2.93
gain,strong_fixed,baseline_off,0.0,off,10.00,0.00,0.00,0.000,0.000,-1.322,-1.030,0.348,4.78,5.15
gain,strong_fixed,baseline_off,0.0,off,10.05,0.00,0.00,0.000,0.000,-1.322,-1.030,0.348,4.78,5.15
gain,strong_fixed,baseline_off,0.0,off,10.10,0.00,0.00,0.000,0.000,-1.317,-1.021,0.349,4.89,5.19
gain,strong_fixed,baseline_off,0.0,off,10.15,0.00,0.00,0.000,0.000,-1.306,-1.002,0.350,5.02,5.23
gain,strong_fixed,baseline_off,0.0,off,10.20,0.00,0.00,0.000,0.000,-1.300,-0.993,0.350,5.14,5.26
gain,strong_fixed,baseline_off,0.0,off,10.25,0.00,0.00,0.000,0.000,-1.284,-0.974,0.351,5.28,5.29
gain,strong_fixed,baseline_off,0.0,off,10.30,0.00,0.00,0.000,0.000,-1.277,-0.965,0.351,5.42,5.30
gain,strong_fixed,baseline_off,0.0,off,10.35,0.00,0.00,0.000,0.000,-1.262,-0.949,0.352,5.57,5.31
gain,strong_fixed,baseline_off,0.0,off,10.40,0.00,0.00,0.000,0.000,-1.254,-0.942,0.352,5.71,5.32
gain,strong_fixed,baseline_off,0.0,off,10.45,0.00,0.00,0.000,0.000,-1.235,-0.926,0.352,5.86,5.32
gain,strong_fixed,baseline_off,0.0,off,10.50,0.00,0.00,0.000,0.000,-1.226,-0.919,0.352,6.00,5.31
gain,strong_fixed,baseline_off,0.0,off,10.55,0.00,0.00,0.000,0.000,-1.207,-0.906,0.353,6.14,5.29
gain,strong_fixed,baseline_off,0.0,off,10.60,0.00,0.00,0.000,0.000,-1.197,-0.900,0.353,6.28,5.27
gain,strong_fixed,baseline_off,0.0,off,10.65,0.00,0.00,0.000,0.000,-1.176,-0.887,0.354,6.42,5.24
gain,strong_fixed,baseline_off,0.0,off,10.70,0.00,0.00,0.000,0.000,-1.166,-0.882,0.355,6.55,5.21
gain,strong_fixed,baseline_off,0.0,off,10.75,0.00,0.00,0.000,0.000,-1.145,-0.872,0.356,6.69,5.17
gain,strong_fixed,baseline_off,0.0,off,10.80,0.00,0.00,0.000,0.000,-1.135,-0.868,0.357,6.81,5.13
gain,strong_fixed,baseline_off,0.0,off,10.85,0.00,0.00,0.000,0.000,-1.110,-0.858,0.359,6.94,5.08
gain,strong_fixed,baseline_off,0.0,off,10.90,0.00,0.00,0.000,0.000,-1.099,-0.855,0.360,7.06,5.04
gain,strong_fixed,baseline_off,0.0,off,10.95,0.00,0.00,0.000,0.000,-1.077,-0.848,0.362,7.18,4.98
gain,strong_fixed,baseline_off,0.0,off,11.00,0.00,0.00,0.000,0.000,-0.697,-0.973,0.399,8.76,2.57
gain,strong_fixed,baseline_off,0.0,off,11.05,0.00,0.00,0.000,0.000,-0.697,-0.973,0.399,8.76,2.57
gain,strong_fixed,baseline_off,0.0,off,11.10,0.00,0.00,0.000,0.000,-0.690,-0.983,0.399,8.76,2.43
gain,strong_fixed,baseline_off,0.0,off,11.15,0.00,0.00,0.000,0.000,-0.676,-1.003,0.400,8.74,2.29
gain,strong_fixed,baseline_off,0.0,off,11.20,0.00,0.00,0.000,0.000,-0.670,-1.014,0.401,8.72,2.15
gain,strong_fixed,baseline_off,0.0,off,11.25,0.00,0.00,0.000,0.000,-0.657,-1.038,0.401,8.69,2.00
gain,strong_fixed,baseline_off,0.0,off,11.30,0.00,0.00,0.000,0.000,-0.651,-1.049,0.402,8.65,1.86
gain,strong_fixed,baseline_off,0.0,off,11.35,0.00,0.00,0.000,0.000,-0.642,-1.071,0.402,8.59,1.72
gain,strong_fixed,baseline_off,0.0,off,11.40,0.00,0.00,0.000,0.000,-0.638,-1.082,0.403,8.54,1.59
gain,strong_fixed,baseline_off,0.0,off,11.45,0.00,0.00,0.000,0.000,-0.630,-1.108,0.403,8.47,1.45
gain,strong_fixed,baseline_off,0.0,off,11.50,0.00,0.00,0.000,0.000,-0.627,-1.119,0.403,8.41,1.33
gain,strong_fixed,baseline_off,0.0,off,11.55,0.00,0.00,0.000,0.000,-0.623,-1.141,0.403,8.33,1.21
gain,strong_fixed,baseline_off,0.0,off,11.60,0.00,0.00,0.000,0.000,-0.622,-1.153,0.403,8.26,1.10
gain,strong_fixed,baseline_off,0.0,off,11.65,0.00,0.00,0.000,0.000,-0.620,-1.179,0.402,8.17,0.99
gain,strong_fixed,baseline_off,0.0,off,11.70,0.00,0.00,0.000,0.000,-0.620,-1.191,0.402,8.08,0.89
gain,strong_fixed,baseline_off,0.0,off,11.75,0.00,0.00,0.000,0.000,-0.621,-1.215,0.400,7.98,0.79
gain,strong_fixed,baseline_off,0.0,off,11.80,0.00,0.00,0.000,0.000,-0.622,-1.226,0.400,7.88,0.70
gain,strong_fixed,baseline_off,0.0,off,11.85,0.00,0.00,0.000,0.000,-0.625,-1.253,0.398,7.77,0.61
gain,strong_fixed,baseline_off,0.0,off,11.90,0.00,0.00,0.000,0.000,-0.628,-1.265,0.398,7.65,0.53
gain,strong_fixed,baseline_off,0.0,off,11.95,0.00,0.00,0.000,0.000,-0.633,-1.288,0.397,7.53,0.45
gain,strong_fixed,baseline_off,0.0,off,12.00,0.00,0.00,0.000,0.000,-0.936,-1.590,0.393,4.51,0.09
gain,strong_fixed,baseline_off,0.0,off,12.05,0.00,0.00,0.000,0.000,-0.936,-1.590,0.393,4.51,0.09
gain,strong_fixed,baseline_off,0.0,off,12.10,0.00,0.00,0.000,0.000,-0.950,-1.593,0.394,4.36,0.15
gain,strong_fixed,baseline_off,0.0,off,12.15,0.00,0.00,0.000,0.000,-0.978,-1.598,0.395,4.20,0.22
gain,strong_fixed,baseline_off,0.0,off,12.20,0.00,0.00,0.000,0.000,-0.991,-1.600,0.396,4.06,0.30
gain,strong_fixed,baseline_off,0.0,off,12.25,0.00,0.00,0.000,0.000,-1.022,-1.604,0.398,3.91,0.39
gain,strong_fixed,baseline_off,0.0,off,12.30,0.00,0.00,0.000,0.000,-1.036,-1.604,0.399,3.79,0.48
gain,strong_fixed,baseline_off,0.0,off,12.35,0.00,0.00,0.000,0.000,-1.063,-1.604,0.401,3.66,0.59
gain,strong_fixed,baseline_off,0.0,off,12.40,0.00,0.00,0.000,0.000,-1.076,-1.603,0.402,3.54,0.69
gain,strong_fixed,baseline_off,0.0,off,12.45,0.00,0.00,0.000,0.000,-1.107,-1.600,0.403,3.44,0.81
gain,strong_fixed,baseline_off,0.0,off,12.50,0.00,0.00,0.000,0.000,-1.120,-1.597,0.404,3.35,0.92
gain,strong_fixed,baseline_off,0.0,off,12.55,0.00,0.00,0.000,0.000,-1.146,-1.591,0.405,3.26,1.05
gain,strong_fixed,baseline_off,0.0,off,12.60,0.00,0.00,0.000,0.000,-1.159,-1.587,0.406,3.18,1.18
gain,strong_fixed,baseline_off,0.0,off,12.65,0.00,0.00,0.000,0.000,-1.188,-1.578,0.408,3.11,1.33
gain,strong_fixed,baseline_off,0.0,off,12.70,0.00,0.00,0.000,0.000,-1.200,-1.573,0.408,3.05,1.47
gain,strong_fixed,baseline_off,0.0,off,12.75,0.00,0.00,0.000,0.000,-1.225,-1.561,0.410,2.99,1.62
gain,strong_fixed,baseline_off,0.0,off,12.80,0.00,0.00,0.000,0.000,-1.236,-1.555,0.410,2.94,1.77
gain,strong_fixed,baseline_off,0.0,off,12.85,0.00,0.00,0.000,0.000,-1.262,-1.540,0.412,2.90,1.92
gain,strong_fixed,baseline_off,0.0,off,12.90,0.00,0.00,0.000,0.000,-1.272,-1.532,0.412,2.87,2.07
gain,strong_fixed,baseline_off,0.0,off,12.95,0.00,0.00,0.000,0.000,-1.293,-1.516,0.413,2.85,2.24
gain,strong_fixed,baseline_off,0.0,off,13.00,0.00,0.00,0.000,0.000,-1.461,-1.072,0.459,3.97,5.58
gain,strong_fixed,baseline_off,0.0,off,13.05,0.00,0.00,0.000,0.000,-1.461,-1.072,0.459,3.97,5.58
gain,strong_fixed,baseline_off,0.0,off,13.10,0.00,0.00,0.000,0.000,-1.458,-1.058,0.461,4.10,5.68
gain,strong_fixed,baseline_off,0.0,off,13.15,0.00,0.00,0.000,0.000,-1.451,-1.030,0.464,4.24,5.77
gain,strong_fixed,baseline_off,0.0,off,13.20,0.00,0.00,0.000,0.000,-1.447,-1.017,0.466,4.37,5.85
gain,strong_fixed,baseline_off,0.0,off,13.25,0.00,0.00,0.000,0.000,-1.435,-0.986,0.469,4.52,5.93
gain,strong_fixed,baseline_off,0.0,off,13.30,0.00,0.00,0.000,0.000,-1.429,-0.973,0.470,4.66,6.00
gain,strong_fixed,baseline_off,0.0,off,13.35,0.00,0.00,0.000,0.000,-1.417,-0.947,0.473,4.82,6.06
gain,strong_fixed,baseline_off,0.0,off,13.40,0.00,0.00,0.000,0.000,-1.409,-0.934,0.474,4.97,6.11
gain,strong_fixed,baseline_off,0.0,off,13.45,0.00,0.00,0.000,0.000,-1.392,-0.906,0.476,5.14,6.16
gain,strong_fixed,baseline_off,0.0,off,13.50,0.00,0.00,0.000,0.000,-1.383,-0.895,0.477,5.30,6.20
gain,strong_fixed,baseline_off,0.0,off,13.55,0.00,0.00,0.000,0.000,-1.364,-0.872,0.479,5.47,6.23
gain,strong_fixed,baseline_off,0.0,off,13.60,0.00,0.00,0.000,0.000,-1.355,-0.861,0.480,5.63,6.25
gain,strong_fixed,baseline_off,0.0,off,13.65,0.00,0.00,0.000,0.000,-1.331,-0.838,0.481,5.81,6.26
gain,strong_fixed,baseline_off,0.0,off,13.70,0.00,0.00,0.000,0.000,-1.319,-0.828,0.481,5.98,6.26
gain,strong_fixed,baseline_off,0.0,off,13.75,0.00,0.00,0.000,0.000,-1.295,-0.811,0.481,6.16,6.25
gain,strong_fixed,baseline_off,0.0,off,13.80,0.00,0.00,0.000,0.000,-1.283,-0.802,0.481,6.33,6.23
gain,strong_fixed,baseline_off,0.0,off,13.85,0.00,0.00,0.000,0.000,-1.254,-0.786,0.480,6.51,6.20
gain,strong_fixed,baseline_off,0.0,off,13.90,0.00,0.00,0.000,0.000,-1.240,-0.779,0.480,6.69,6.16
gain,strong_fixed,baseline_off,0.0,off,13.95,0.00,0.00,0.000,0.000,-1.213,-0.768,0.478,6.90,6.10
gain,strong_fixed,baseline_off,0.0,off,14.00,0.00,0.00,0.000,0.000,-0.726,-0.852,0.461,9.16,3.23
gain,strong_fixed,baseline_off,0.0,off,14.05,0.00,0.00,0.000,0.000,-0.726,-0.852,0.461,9.16,3.23
gain,strong_fixed,baseline_off,0.0,off,14.10,0.00,0.00,0.000,0.000,-0.715,-0.862,0.460,9.17,3.06
gain,strong_fixed,baseline_off,0.0,off,14.15,0.00,0.00,0.000,0.000,-0.694,-0.884,0.459,9.17,2.88
gain,strong_fixed,baseline_off,0.0,off,14.20,0.00,0.00,0.000,0.000,-0.682,-0.898,0.458,9.16,2.72
gain,strong_fixed,baseline_off,0.0,off,14.25,0.00,0.00,0.000,0.000,-0.663,-0.921,0.458,9.15,2.53
gain,strong_fixed,baseline_off,0.0,off,14.30,0.00,0.00,0.000,0.000,-0.654,-0.933,0.458,9.13,2.37
gain,strong_fixed,baseline_off,0.0,off,14.35,0.00,0.00,0.000,0.000,-0.637,-0.958,0.457,9.10,2.19
gain,strong_fixed,baseline_off,0.0,off,14.40,0.00,0.00,0.000,0.000,-0.627,-0.974,0.457,9.07,2.03
gain,strong_fixed,baseline_off,0.0,off,14.45,0.00,0.00,0.000,0.000,-0.613,-1.001,0.457,9.03,1.85
gain,strong_fixed,baseline_off,0.0,off,14.50,0.00,0.00,0.000,0.000,-0.606,-1.015,0.457,8.99,1.69
gain,strong_fixed,baseline_off,0.0,off,14.55,0.00,0.00,0.000,0.000,-0.593,-1.043,0.458,8.94,1.52
gain,strong_fixed,baseline_off,0.0,off,14.60,0.00,0.00,0.000,0.000,-0.586,-1.061,0.458,8.89,1.36
gain,strong_fixed,baseline_off,0.0,off,14.65,0.00,0.00,0.000,0.000,-0.576,-1.091,0.460,8.83,1.19
gain,strong_fixed,baseline_off,0.0,off,14.70,0.00,0.00,0.000,0.000,-0.572,-1.106,0.460,8.77,1.04
gain,strong_fixed,baseline_off,0.0,off,14.75,0.00,0.00,0.000,0.000,-0.564,-1.137,0.462,8.69,0.87
gain,strong_fixed,baseline_off,0.0,off,14.80,0.00,0.00,0.000,0.000,-0.560,-1.157,0.463,8.62,0.72
gain,strong_fixed,baseline_off,0.0,off,14.85,0.00,0.00,0.000,0.000,-0.556,-1.189,0.466,8.53,0.56
gain,strong_fixed,baseline_off,0.0,off,14.90,0.00,0.00,0.000,0.000,-0.554,-1.205,0.467,8.45,0.42
gain,strong_fixed,baseline_off,0.0,off,14.95,0.00,0.00,0.000,0.000,-0.553,-1.237,0.469,8.35,0.26
gain,strong_fixed,baseline_off,0.0,off,15.00,0.00,0.00,0.000,0.000,-0.843,-1.664,0.492,4.66,-0.74
gain,strong_fixed,baseline_off,0.0,off,15.05,0.00,0.00,0.000,0.000,-0.843,-1.664,0.492,4.66,-0.74
gain,strong_fixed,baseline_off,0.0,off,15.10,0.00,0.00,0.000,0.000,-0.857,-1.669,0.492,4.48,-0.66
gain,strong_fixed,baseline_off,0.0,off,15.15,0.00,0.00,0.000,0.000,-0.886,-1.678,0.492,4.32,-0.58
gain,strong_fixed,baseline_off,0.0,off,15.20,0.00,0.00,0.000,0.000,-0.904,-1.683,0.492,4.15,-0.48
gain,strong_fixed,baseline_off,0.0,off,15.25,0.00,0.00,0.000,0.000,-0.933,-1.689,0.491,4.00,-0.39
gain,strong_fixed,baseline_off,0.0,off,15.30,0.00,0.00,0.000,0.000,-0.948,-1.691,0.490,3.86,-0.27
gain,strong_fixed,baseline_off,0.0,off,15.35,0.00,0.00,0.000,0.000,-0.979,-1.693,0.489,3.73,-0.16
gain,strong_fixed,baseline_off,0.0,off,15.40,0.00,0.00,0.000,0.000,-0.998,-1.694,0.488,3.60,-0.03
gain,strong_fixed,baseline_off,0.0,off,15.45,0.00,0.00,0.000,0.000,-1.028,-1.693,0.487,3.48,0.10
gain,strong_fixed,baseline_off,0.0,off,15.50,0.00,0.00,0.000,0.000,-1.043,-1.691,0.486,3.36,0.25
gain,strong_fixed,baseline_off,0.0,off,15.55,0.00,0.00,0.000,0.000,-1.074,-1.687,0.485,3.26,0.39
gain,strong_fixed,baseline_off,0.0,off,15.60,0.00,0.00,0.000,0.000,-1.093,-1.684,0.484,3.15,0.55
gain,strong_fixed,baseline_off,0.0,off,15.65,0.00,0.00,0.000,0.000,-1.123,-1.677,0.482,3.06,0.70
gain,strong_fixed,baseline_off,0.0,off,15.70,0.00,0.00,0.000,0.000,-1.138,-1.673,0.481,2.96,0.87
gain,strong_fixed,baseline_off,0.0,off,15.75,0.00,0.00,0.000,0.000,-1.167,-1.663,0.480,2.88,1.03
gain,strong_fixed,baseline_off,0.0,off,15.80,0.00,0.00,0.000,0.000,-1.186,-1.655,0.479,2.80,1.21
gain,strong_fixed,baseline_off,0.0,off,15.85,0.00,0.00,0.000,0.000,-1.215,-1.642,0.478,2.73,1.37
gain,strong_fixed,baseline_off,0.0,off,15.90,0.00,0.00,0.000,0.000,-1.230,-1.635,0.478,2.65,1.56
gain,strong_fixed,baseline_off,0.0,off,15.95,0.00,0.00,0.000,0.000,-1.259,-1.619,0.477,2.59,1.73
gain,strong_fixed,baseline_off,0.0,off,16.00,0.00,0.00,0.000,0.000,-1.533,-1.150,0.515,3.16,5.69
gain,strong_fixed,baseline_off,0.0,off,16.05,0.00,0.00,0.000,0.000,-1.533,-1.150,0.515,3.16,5.69
gain,strong_fixed,baseline_off,0.0,off,16.10,0.00,0.00,0.000,0.000,-1.533,-1.134,0.517,3.30,5.83
gain,strong_fixed,baseline_off,0.0,off,16.15,0.00,0.00,0.000,0.000,-1.531,-1.101,0.520,3.43,5.95
gain,strong_fixed,baseline_off,0.0,off,16.20,0.00,0.00,0.000,0.000,-1.529,-1.085,0.522,3.58,6.07
gain,strong_fixed,baseline_off,0.0,off,16.25,0.00,0.00,0.000,0.000,-1.524,-1.048,0.527,3.72,6.18
gain,strong_fixed,baseline_off,0.0,off,16.30,0.00,0.00,0.000,0.000,-1.521,-1.032,0.529,3.88,6.29
gain,strong_fixed,baseline_off,0.0,off,16.35,0.00,0.00,0.000,0.000,-1.512,-1.000,0.533,4.02,6.38
gain,strong_fixed,baseline_off,0.0,off,16.40,0.00,0.00,0.000,0.000,-1.507,-0.985,0.534,4.19,6.47
gain,strong_fixed,baseline_off,0.0,off,16.45,0.00,0.00,0.000,0.000,-1.494,-0.951,0.537,4.34,6.54
gain,strong_fixed,baseline_off,0.0,off,16.50,0.00,0.00,0.000,0.000,-1.487,-0.936,0.539,4.52,6.62
gain,strong_fixed,baseline_off,0.0,off,16.55,0.00,0.00,0.000,0.000,-1.472,-0.907,0.541,4.68,6.67
gain,strong_fixed,baseline_off,0.0,off,16.60,0.00,0.00,0.000,0.000,-1.463,-0.892,0.542,4.86,6.73
gain,strong_fixed,baseline_off,0.0,off,16.65,0.00,0.00,0.000,0.000,-1.442,-0.862,0.544,5.04,6.77
gain,strong_fixed,baseline_off,0.0,off,16.70,0.00,0.00,0.000,0.000,-1.432,-0.849,0.544,5.23,6.80
gain,strong_fixed,baseline_off,0.0,off,16.75,0.00,0.00,0.000,0.000,-1.410,-0.823,0.546,5.42,6.82
gain,strong_fixed,baseline_off,0.0,off,16.80,0.00,0.00,0.000,0.000,-1.399,-0.811,0.546,5.62,6.84
gain,strong_fixed,baseline_off,0.0,off,16.85,0.00,0.00,0.000,0.000,-1.372,-0.785,0.548,5.80,6.84
gain,strong_fixed,baseline_off,0.0,off,16.90,0.00,0.00,0.000,0.000,-1.359,-0.774,0.548,6.01,6.83
gain,strong_fixed,baseline_off,0.0,off,16.95,0.00,0.00,0.000,0.000,-1.332,-0.753,0.549,6.20,6.82
gain,strong_fixed,baseline_off,0.0,off,17.00,0.00,0.00,0.000,0.000,-0.766,-0.741,0.530,9.49,4.11
gain,strong_fixed,baseline_off,0.0,off,17.05,0.00,0.00,0.000,0.000,-0.766,-0.741,0.530,9.49,4.11
gain,strong_fixed,baseline_off,0.0,off,17.10,0.00,0.00,0.000,0.000,-0.751,-0.750,0.529,9.56,3.90
gain,strong_fixed,baseline_off,0.0,off,17.15,0.00,0.00,0.000,0.000,-0.723,-0.770,0.528,9.60,3.70
gain,strong_fixed,baseline_off,0.0,off,17.20,0.00,0.00,0.000,0.000,-0.709,-0.781,0.527,9.64,3.49
gain,strong_fixed,baseline_off,0.0,off,17.25,0.00,0.00,0.000,0.000,-0.680,-0.806,0.525,9.67,3.29
gain,strong_fixed,baseline_off,0.0,off,17.30,0.00,0.00,0.000,0.000,-0.668,-0.818,0.524,9.68,3.08
gain,strong_fixed,baseline_off,0.0,off,17.35,0.00,0.00,0.000,0.000,-0.644,-0.843,0.523,9.68,2.89
gain,strong_fixed,baseline_off,0.0,off,17.40,0.00,0.00,0.000,0.000,-0.633,-0.856,0.522,9.67,2.69
gain,strong_fixed,baseline_off,0.0,off,17.45,0.00,0.00,0.000,0.000,-0.610,-0.887,0.520,9.65,2.50
gain,strong_fixed,baseline_off,0.0,off,17.50,0.00,0.00,0.000,0.000,-0.601,-0.901,0.519,9.61,2.29
gain,strong_fixed,baseline_off,0.0,off,17.55,0.00,0.00,0.000,0.000,-0.583,-0.930,0.517,9.57,2.11
gain,strong_fixed,baseline_off,0.0,off,17.60,0.00,0.00,0.000,0.000,-0.575,-0.945,0.516,9.51,1.91
gain,strong_fixed,baseline_off,0.0,off,17.65,0.00,0.00,0.000,0.000,-0.559,-0.979,0.515,9.44,1.73
gain,strong_fixed,baseline_off,0.0,off,17.70,0.00,0.00,0.000,0.000,-0.552,-0.995,0.514,9.36,1.53
gain,strong_fixed,baseline_off,0.0,off,17.75,0.00,0.00,0.000,0.000,-0.540,-1.026,0.513,9.28,1.36
gain,strong_fixed,baseline_off,0.0,off,17.80,0.00,0.00,0.000,0.000,-0.535,-1.043,0.513,9.19,1.17
gain,strong_fixed,baseline_off,0.0,off,17.85,0.00,0.00,0.000,0.000,-0.525,-1.080,0.512,9.09,1.01
gain,strong_fixed,baseline_off,0.0,off,17.90,0.00,0.00,0.000,0.000,-0.521,-1.096,0.512,8.99,0.84
gain,strong_fixed,baseline_off,0.0,off,17.95,0.00,0.00,0.000,0.000,-0.515,-1.130,0.512,8.88,0.68
gain,strong_fixed,accel_gain,0.05,on,0.00,0.00,0.00,0.000,0.000,-1.128,-1.737,0.327,-0.08,-1.43
gain,strong_fixed,accel_gain,0.05,on,0.05,0.00,0.00,0.000,0.000,-1.128,-1.737,0.327,-0.08,-1.43
gain,strong_fixed,accel_gain,0.05,on,0.10,0.00,0.00,0.000,0.000,-1.138,-1.753,0.346,-0.17,-1.52
gain,strong_fixed,accel_gain,0.05,on,0.15,0.00,0.00,0.000,0.000,-1.143,-1.761,0.355,-0.25,-1.62
gain,strong_fixed,accel_gain,0.05,on,0.20,0.00,0.00,0.000,0.000,-1.154,-1.776,0.374,-0.34,-1.71
gain,strong_fixed,accel_gain,0.05,on,0.25,0.00,0.00,0.000,0.000,-1.159,-1.782,0.382,-0.43,-1.79
gain,strong_fixed,accel_gain,0.05,on,0.30,0.00,0.00,0.000,0.000,-1.169,-1.793,0.395,-0.51,-1.84
gain,strong_fixed,accel_gain,0.05,on,0.35,0.00,0.00,0.000,0.000,-1.173,-1.797,0.401,-0.57,-1.86
gain,strong_fixed,accel_gain,0.05,on,0.40,0.00,0.00,0.000,0.000,-1.183,-1.804,0.412,-0.61,-1.85
gain,strong_fixed,accel_gain,0.05,on,0.45,0.00,0.00,0.000,0.000,-1.187,-1.806,0.415,-0.63,-1.81
gain,strong_fixed,accel_gain,0.05,on,0.50,0.00,0.00,0.000,0.000,-1.196,-1.807,0.420,-0.62,-1.73
gain,strong_fixed,accel_gain,0.05,on,0.55,0.00,0.00,0.000,0.000,-1.199,-1.806,0.422,-0.60,-1.61
gain,strong_fixed,accel_gain,0.05,on,0.60,0.00,0.00,0.000,0.000,-1.207,-1.802,0.422,-0.54,-1.46
gain,strong_fixed,accel_gain,0.05,on,0.65,0.00,0.00,0.000,0.000,-1.210,-1.799,0.421,-0.47,-1.29
gain,strong_fixed,accel_gain,0.05,on,0.70,0.00,0.00,0.000,0.000,-1.216,-1.790,0.416,-0.37,-1.08
gain,strong_fixed,accel_gain,0.05,on,0.75,0.00,0.00,0.000,0.000,-1.219,-1.784,0.413,-0.26,-0.86
gain,strong_fixed,accel_gain,0.05,on,0.80,0.00,0.00,0.000,0.000,-1.226,-1.768,0.404,-0.12,-0.60
gain,strong_fixed,accel_gain,0.05,on,0.85,0.00,0.00,0.000,0.000,-1.228,-1.760,0.399,0.02,-0.34
gain,strong_fixed,accel_gain,0.05,on,0.90,0.00,0.00,0.000,0.000,-1.234,-1.742,0.388,0.18,-0.04
gain,strong_fixed,accel_gain,0.05,on,0.95,1.04,4.37,-0.052,-0.219,-1.236,-1.732,0.381,0.33,0.25
gain,strong_fixed,accel_gain,0.05,on,1.00,1.28,4.26,-0.064,-0.213,-1.234,-1.304,0.278,3.74,5.56
gain,strong_fixed,accel_gain,0.05,on,1.05,1.58,4.13,-0.079,-0.207,-1.234,-1.304,0.278,3.74,5.56
gain,strong_fixed,accel_gain,0.05,on,1.10,1.93,3.98,-0.096,-0.199,-1.229,-1.295,0.279,3.86,5.59
gain,strong_fixed,accel_gain,0.05,on,1.15,2.28,3.80,-0.114,-0.190,-1.219,-1.277,0.279,4.00,5.60
gain,strong_fixed,accel_gain,0.05,on,1.20,2.62,3.62,-0.131,-0.181,-1.212,-1.268,0.280,4.15,5.60
gain,strong_fixed,accel_gain,0.05,on,1.25,2.98,3.45,-0.149,-0.173,-1.199,-1.253,0.279,4.36,5.56
gain,strong_fixed,accel_gain,0.05,on,1.30,3.31,3.29,-0.166,-0.164,-1.192,-1.246,0.279,4.51,5.52
gain,strong_fixed,accel_gain,0.05,on,1.35,3.62,3.16,-0.181,-0.158,-1.178,-1.233,0.278,4.72,5.45
gain,strong_fixed,accel_gain,0.05,on,1.40,3.98,3.04,-0.199,-0.152,-1.168,-1.225,0.278,4.93,5.37
gain,strong_fixed,accel_gain,0.05,on,1.45,4.28,2.90,-0.214,-0.145,-1.152,-1.214,0.277,5.19,5.26
gain,strong_fixed,accel_gain,0.05,on,1.50,4.58,2.78,-0.229,-0.139,-1.143,-1.209,0.276,5.36,5.19
gain,strong_fixed,accel_gain,0.05,on,1.55,4.83,2.67,-0.242,-0.133,-1.125,-1.199,0.275,5.59,5.09
gain,strong_fixed,accel_gain,0.05,on,1.60,5.11,2.55,-0.255,-0.128,-1.113,-1.194,0.274,5.79,5.00
gain,strong_fixed,accel_gain,0.05,on,1.65,5.43,2.45,-0.271,-0.122,-1.094,-1.186,0.273,6.04,4.88
gain,strong_fixed,accel_gain,0.05,on,1.70,5.78,2.38,-0.289,-0.119,-1.084,-1.182,0.273,6.19,4.81
gain,strong_fixed,accel_gain,0.05,on,1.75,6.09,2.34,-0.305,-0.117,-1.065,-1.176,0.274,6.42,4.70
gain,strong_fixed,accel_gain,0.05,on,1.80,6.40,2.34,-0.320,-0.117,-1.052,-1.172,0.274,6.57,4.63
gain,strong_fixed,accel_gain,0.05,on,1.85,6.70,2.36,-0.335,-0.118,-1.033,-1.167,0.276,6.77,4.53
gain,strong_fixed,accel_gain,0.05,on,1.90,7.03,2.43,-0.351,-0.121,-1.024,-1.165,0.277,6.91,4.47
gain,strong_fixed,accel_gain,0.05,on,1.95,7.38,2.55,-0.369,-0.127,-1.005,-1.161,0.279,7.09,4.38
gain,strong_fixed,accel_gain,0.05,on,2.00,7.31,2.50,-0.365,-0.125,-0.798,-1.249,0.271,7.29,3.02
gain,strong_fixed,accel_gain,0.05,on,2.05,7.08,2.37,-0.354,-0.118,-0.798,-1.249,0.271,7.29,3.02
gain,strong_fixed,accel_gain,0.05,on,2.10,6.78,2.25,-0.339,-0.112,-0.792,-1.261,0.267,7.24,2.94
gain,strong_fixed,accel_gain,0.05,on,2.15,6.51,2.16,-0.326,-0.108,-0.789,-1.267,0.265,7.20,2.87
gain,strong_fixed,accel_gain,0.05,on,2.20,6.28,2.06,-0.314,-0.103,-0.783,-1.282,0.261,7.15,2.78
gain,strong_fixed,accel_gain,0.05,on,2.25,6.09,1.96,-0.304,-0.098,-0.781,-1.288,0.259,7.09,2.70
gain,strong_fixed,accel_gain,0.05,on,2.30,5.89,1.89,-0.294,-0.095,-0.777,-1.301,0.255,7.02,2.61
gain,strong_fixed,accel_gain,0.05,on,2.35,5.69,1.81,-0.284,-0.091,-0.776,-1.308,0.253,6.94,2.53
gain,strong_fixed,accel_gain,0.05,on,2.40,5.57,1.79,-0.278,-0.090,-0.773,-1.322,0.248,6.84,2.45
gain,strong_fixed,accel_gain,0.05,on,2.45,5.46,1.77,-0.273,-0.089,-0.772,-1.329,0.246,6.75,2.38
gain,strong_fixed,accel_gain,0.05,on,2.50,5.35,1.71,-0.267,-0.086,-0.771,-1.341,0.241,6.65,2.31
gain,strong_fixed,accel_gain,0.05,on,2.55,5.29,1.67,-0.264,-0.083,-0.771,-1.348,0.239,6.56,2.25
gain,strong_fixed,accel_gain,0.05,on,2.60,5.30,1.64,-0.265,-0.082,-0.771,-1.363,0.233,6.47,2.20
gain,strong_fixed,accel_gain,0.05,on,2.65,5.23,1.60,-0.261,-0.080,-0.771,-1.369,0.231,6.39,2.15
gain,strong_fixed,accel_gain,0.05,on,2.70,5.11,1.55,-0.255,-0.078,-0.773,-1.383,0.226,6.31,2.10
gain,strong_fixed,accel_gain,0.05,on,2.75,5.01,1.49,-0.250,-0.074,-0.774,-1.389,0.223,6.25,2.06
gain,strong_fixed,accel_gain,0.05,on,2.80,4.92,1.46,-0.246,-0.073,-0.776,-1.404,0.218,6.18,2.02
gain,strong_fixed,accel_gain,0.05,on,2.85,4.81,1.43,-0.240,-0.072,-0.779,-1.416,0.213,6.13,1.98
gain,strong_fixed,accel_gain,0.05,on,2.90,4.77,1.47,-0.239,-0.073,-0.781,-1.423,0.211,6.07,1.95
gain,strong_fixed,accel_gain,0.05,on,2.95,4.80,1.53,-0.240,-0.076,-0.782,-1.429,0.209,6.01,1.91
gain,strong_fixed,accel_gain,0.05,on,3.00,4.83,1.66,-0.242,-0.083,-0.915,-1.547,0.132,5.06,2.19
gain,strong_fixed,accel_gain,0.05,on,3.05,4.85,1.84,-0.242,-0.092,-0.915,-1.547,0.132,5.06,2.19
gain,strong_fixed,accel_gain,0.05,on,3.10,4.85,2.08,-0.242,-0.104,-0.925,-1.547,0.126,5.03,2.25
gain,strong_fixed,accel_gain,0.05,on,3.15,4.86,2.35,-0.243,-0.117,-0.931,-1.546,0.123,5.00,2.30
gain,strong_fixed,accel_gain,0.05,on,3.20,4.86,2.62,-0.243,-0.131,-0.942,-1.544,0.115,4.97,2.38
gain,strong_fixed,accel_gain,0.05,on,3.25,4.88,2.90,-0.244,-0.145,-0.947,-1.543,0.112,4.94,2.46
gain,strong_fixed,accel_gain,0.05,on,3.30,4.91,3.17,-0.245,-0.158,-0.958,-1.540,0.105,4.92,2.56
gain,strong_fixed,accel_gain,0.05,on,3.35,4.93,3.42,-0.246,-0.171,-0.964,-1.538,0.102,4.91,2.67
gain,strong_fixed,accel_gain,0.05,on,3.40,4.94,3.67,-0.247,-0.183,-0.976,-1.534,0.095,4.89,2.80
gain,strong_fixed,accel_gain,0.05,on,3.45,4.97,3.88,-0.249,-0.194,-0.981,-1.531,0.093,4.88,2.92
gain,strong_fixed,accel_gain,0.05,on,3.50,4.99,4.06,-0.249,-0.203,-0.991,-1.527,0.088,4.87,3.05
gain,strong_fixed,accel_gain,0.05,on,3.55,5.00,4.20,-0.250,-0.210,-0.996,-1.525,0.086,4.85,3.17
gain,strong_fixed,accel_gain,0.05,on,3.60,5.01,4.30,-0.250,-0.215,-1.006,-1.521,0.083,4.85,3.29
gain,strong_fixed,accel_gain,0.05,on,3.65,5.03,4.37,-0.251,-0.219,-1.010,-1.519,0.081,4.84,3.39
gain,strong_fixed,accel_gain,0.05,on,3.70,5.09,4.40,-0.254,-0.220,-1.019,-1.514,0.080,4.84,3.49
gain,strong_fixed,accel_gain,0.05,on,3.75,5.16,4.39,-0.258,-0.220,-1.023,-1.512,0.079,4.83,3.57
gain,strong_fixed,accel_gain,0.05,on,3.80,5.25,4.33,-0.263,-0.217,-1.032,-1.506,0.079,4.83,3.64
gain,strong_fixed,accel_gain,0.05,on,3.85,5.34,4.26,-0.267,-0.213,-1.036,-1.504,0.079,4.83,3.69
gain,strong_fixed,accel_gain,0.05,on,3.90,5.44,4.15,-0.272,-0.208,-1.043,-1.499,0.079,4.83,3.73
gain,strong_fixed,accel_gain,0.05,on,3.95,5.50,4.03,-0.275,-0.202,-1.046,-1.496,0.079,4.84,3.75
gain,strong_fixed,accel_gain,0.05,on,4.00,5.59,3.88,-0.279,-0.194,-1.061,-1.388,0.087,5.51,3.98
gain,strong_fixed,accel_gain,0.05,on,4.05,5.64,3.71,-0.282,-0.186,-1.061,-1.388,0.087,5.51,3.98
gain,strong_fixed,accel_gain,0.05,on,4.10,5.66,3.54,-0.283,-0.177,-1.057,-1.382,0.087,5.58,3.99
gain,strong_fixed,accel_gain,0.05,on,4.15,5.66,3.36,-0.283,-0.168,-1.054,-1.379,0.087,5.63,4.00
gain,strong_fixed,accel_gain,0.05,on,4.20,5.61,3.19,-0.280,-0.160,-1.049,-1.373,0.088,5.69,4.00
gain,strong_fixed,accel_gain,0.05,on,4.25,5.52,3.03,-0.276,-0.151,-1.047,-1.371,0.089,5.74,3.99
gain,strong_fixed,accel_gain,0.05,on,4.30,5.41,2.86,-0.271,-0.143,-1.043,-1.366,0.089,5.80,3.96
gain,strong_fixed,accel_gain,0.05,on,4.35,5.29,2.70,-0.264,-0.135,-1.040,-1.364,0.090,5.83,3.93
gain,strong_fixed,accel_gain,0.05,on,4.40,5.16,2.55,-0.258,-0.127,-1.035,-1.360,0.091,5.88,3.89
gain,strong_fixed,accel_gain,0.05,on,4.45,5.02,2.41,-0.251,-0.120,-1.033,-1.358,0.091,5.90,3.85
gain,strong_fixed,accel_gain,0.05,on,4.50,4.90,2.29,-0.245,-0.114,-1.028,-1.355,0.093,5.92,3.80
gain,strong_fixed,accel_gain,0.05,on,4.55,4.79,2.19,-0.240,-0.109,-1.026,-1.353,0.093,5.92,3.77
gain,strong_fixed,accel_gain,0.05,on,4.60,4.73,2.12,-0.237,-0.106,-1.020,-1.349,0.095,5.92,3.72
gain,strong_fixed,accel_gain,0.05,on,4.65,4.69,2.07,-0.235,-0.104,-1.017,-1.347,0.096,5.92,3.69
gain,strong_fixed,accel_gain,0.05,on,4.70,4.69,2.05,-0.234,-0.103,-1.011,-1.344,0.098,5.91,3.66
gain,strong_fixed,accel_gain,0.05,on,4.75,4.69,2.05,-0.234,-0.103,-1.009,-1.342,0.099,5.90,3.64
gain,strong_fixed,accel_gain,0.05,on,4.80,4.70,2.07,-0.235,-0.103,-1.002,-1.338,0.102,5.90,3.61
gain,strong_fixed,accel_gain,0.05,on,4.85,4.73,2.10,-0.236,-0.105,-0.999,-1.337,0.103,5.91,3.60
gain,strong_fixed,accel_gain,0.05,on,4.90,4.77,2.15,-0.239,-0.108,-0.993,-1.334,0.105,5.93,3.60
gain,strong_fixed,accel_gain,0.05,on,4.95,4.84,2.23,-0.242,-0.111,-0.990,-1.333,0.106,5.95,3.59
gain,strong_fixed,accel_gain,0.05,on,5.00,4.82,2.26,-0.241,-0.113,-0.907,-1.335,0.134,6.36,3.42
gain,strong_fixed,accel_gain,0.05,on,5.05,4.76,2.27,-0.238,-0.113,-0.907,-1.335,0.134,6.36,3.42
gain,strong_fixed,accel_gain,0.05,on,5.10,4.66,2.26,-0.233,-0.113,-0.903,-1.338,0.135,6.36,3.39
gain,strong_fixed,accel_gain,0.05,on,5.15,4.55,2.23,-0.228,-0.112,-0.901,-1.340,0.135,6.37,3.36
gain,strong_fixed,accel_gain,0.05,on,5.20,4.44,2.20,-0.222,-0.110,-0.896,-1.343,0.135,6.38,3.34
gain,strong_fixed,accel_gain,0.05,on,5.25,4.32,2.16,-0.216,-0.108,-0.894,-1.345,0.136,6.39,3.31
gain,strong_fixed,accel_gain,0.05,on,5.30,4.20,2.12,-0.210,-0.106,-0.890,-1.348,0.137,6.39,3.28
gain,strong_fixed,accel_gain,0.05,on,5.35,4.08,2.06,-0.204,-0.103,-0.888,-1.350,0.137,6.39,3.25
gain,strong_fixed,accel_gain,0.05,on,5.40,3.97,2.02,-0.198,-0.101,-0.884,-1.354,0.137,6.38,3.22
gain,strong_fixed,accel_gain,0.05,on,5.45,3.87,1.99,-0.193,-0.099,-0.882,-1.356,0.137,6.38,3.20
gain,strong_fixed,accel_gain,0.05,on,5.50,3.77,1.95,-0.188,-0.098,-0.880,-1.359,0.137,6.36,3.17
gain,strong_fixed,accel_gain,0.05,on,5.55,3.67,1.91,-0.184,-0.096,-0.879,-1.361,0.137,6.34,3.14
gain,strong_fixed,accel_gain,0.05,on,5.60,3.59,1.88,-0.180,-0.094,-0.877,-1.366,0.136,6.31,3.11
gain,strong_fixed,accel_gain,0.05,on,5.65,3.50,1.83,-0.175,-0.092,-0.876,-1.369,0.135,6.28,3.09
gain,strong_fixed,accel_gain,0.05,on,5.70,3.39,1.80,-0.170,-0.090,-0.876,-1.374,0.133,6.25,3.06
gain,strong_fixed,accel_gain,0.05,on,5.75,3.30,1.76,-0.165,-0.088,-0.876,-1.377,0.132,6.22,3.03
gain,strong_fixed,accel_gain,0.05,on,5.80,3.22,1.74,-0.161,-0.087,-0.875,-1.384,0.129,6.18,3.00
gain,strong_fixed,accel_gain,0.05,on,5.85,3.15,1.71,-0.157,-0.086,-0.875,-1.387,0.127,6.14,2.97
gain,strong_fixed,accel_gain,0.05,on,5.90,3.09,1.70,-0.155,-0.085,-0.876,-1.393,0.125,6.10,2.93
gain,strong_fixed,accel_gain,0.05,on,5.95,3.05,1.69,-0.152,-0.084,-0.876,-1.397,0.123,6.05,2.90
gain,strong_fixed,accel_gain,0.05,on,6.00,3.01,1.72,-0.151,-0.086,-0.905,-1.473,0.093,5.74,2.64
gain,strong_fixed,accel_gain,0.05,on,6.05,2.98,1.76,-0.149,-0.088,-0.905,-1.473,0.093,5.74,2.64
gain,strong_fixed,accel_gain,0.05,on,6.10,2.96,1.84,-0.148,-0.092,-0.908,-1.474,0.090,5.73,2.66
gain,strong_fixed,accel_gain,0.05,on,6.15,2.95,1.92,-0.147,-0.096,-0.909,-1.474,0.089,5.73,2.68
gain,strong_fixed,accel_gain,0.05,on,6.20,2.93,2.01,-0.146,-0.100,-0.913,-1.474,0.086,5.72,2.71
gain,strong_fixed,accel_gain,0.05,on,6.25,2.91,2.09,-0.146,-0.104,-0.914,-1.474,0.084,5.70,2.74
gain,strong_fixed,accel_gain,0.05,on,6.30,2.89,2.16,-0.144,-0.108,-0.918,-1.473,0.081,5.69,2.78
gain,strong_fixed,accel_gain,0.05,on,6.35,2.86,2.23,-0.143,-0.112,-0.920,-1.472,0.079,5.68,2.83
gain,strong_fixed,accel_gain,0.05,on,6.40,2.83,2.30,-0.142,-0.115,-0.925,-1.472,0.074,5.66,2.88
gain,strong_fixed,accel_gain,0.05,on,6.45,2.81,2.36,-0.140,-0.118,-0.927,-1.471,0.072,5.65,2.93
gain,strong_fixed,accel_gain,0.05,on,6.50,2.78,2.41,-0.139,-0.121,-0.930,-1.470,0.068,5.63,2.98
gain,strong_fixed,accel_gain,0.05,on,6.55,2.75,2.45,-0.137,-0.122,-0.932,-1.470,0.066,5.61,3.03
gain,strong_fixed,accel_gain,0.05,on,6.60,2.71,2.47,-0.135,-0.124,-0.936,-1.469,0.062,5.59,3.08
gain,strong_fixed,accel_gain,0.05,on,6.65,2.67,2.49,-0.133,-0.125,-0.938,-1.468,0.061,5.58,3.12
gain,strong_fixed,accel_gain,0.05,on,6.70,2.64,2.50,-0.132,-0.125,-0.941,-1.467,0.057,5.56,3.15
gain,strong_fixed,accel_gain,0.05,on,6.75,2.63,2.50,-0.132,-0.125,-0.942,-1.466,0.056,5.55,3.19
gain,strong_fixed,accel_gain,0.05,on,6.80,2.62,2.48,-0.131,-0.124,-0.945,-1.465,0.053,5.54,3.21
gain,strong_fixed,accel_gain,0.05,on,6.85,2.62,2.46,-0.131,-0.123,-0.946,-1.464,0.052,5.53,3.23
gain,strong_fixed,accel_gain,0.05,on,6.90,2.63,2.42,-0.132,-0.121,-0.948,-1.463,0.049,5.52,3.25
gain,strong_fixed,accel_gain,0.05,on,6.95,2.64,2.38,-0.132,-0.119,-0.949,-1.463,0.048,5.52,3.26
gain,strong_fixed,accel_gain,0.05,on,7.00,2.65,2.33,-0.133,-0.117,-0.956,-1.449,0.037,5.81,3.18
gain,strong_fixed,accel_gain,0.05,on,7.05,2.66,2.28,-0.133,-0.114,-0.956,-1.449,0.037,5.81,3.18
gain,strong_fixed,accel_gain,0.05,on,7.10,2.67,2.23,-0.133,-0.111,-0.957,-1.447,0.036,5.84,3.18
gain,strong_fixed,accel_gain,0.05,on,7.15,2.67,2.17,-0.133,-0.109,-0.957,-1.446,0.035,5.85,3.19
gain,strong_fixed,accel_gain,0.05,on,7.20,2.66,2.12,-0.133,-0.106,-0.960,-1.444,0.031,5.86,3.19
gain,strong_fixed,accel_gain,0.05,on,7.25,2.64,2.07,-0.132,-0.103,-0.962,-1.443,0.030,5.86,3.20
gain,strong_fixed,accel_gain,0.05,on,7.30,2.63,2.02,-0.131,-0.101,-0.965,-1.441,0.026,5.85,3.20
gain,strong_fixed,accel_gain,0.05,on,7.35,2.61,1.97,-0.131,-0.098,-0.967,-1.441,0.024,5.83,3.21
gain,strong_fixed,accel_gain,0.05,on,7.40,2.59,1.92,-0.130,-0.096,-0.972,-1.439,0.019,5.80,3.22
gain,strong_fixed,accel_gain,0.05,on,7.45,2.57,1.88,-0.129,-0.094,-0.974,-1.439,0.017,5.77,3.22
gain,strong_fixed,accel_gain,0.05,on,7.50,2.56,1.85,-0.128,-0.092,-0.979,-1.438,0.012,5.73,3.22
gain,strong_fixed,accel_gain,0.05,on,7.55,2.54,1.82,-0.127,-0.091,-0.981,-1.437,0.010,5.69,3.22
gain,strong_fixed,accel_gain,0.05,on,7.60,2.53,1.79,-0.127,-0.090,-0.987,-1.436,0.006,5.64,3.22
gain,strong_fixed,accel_gain,0.05,on,7.65,2.52,1.77,-0.126,-0.089,-0.989,-1.436,0.005,5.59,3.22
gain,strong_fixed,accel_gain,0.05,on,7.70,2.52,1.76,-0.126,-0.088,-0.993,-1.435,0.005,5.55,3.22
gain,strong_fixed,accel_gain,0.05,on,7.75,2.52,1.75,-0.126,-0.088,-0.995,-1.434,0.007,5.51,3.22
gain,strong_fixed,accel_gain,0.05,on,7.80,2.52,1.75,-0.126,-0.088,-1.000,-1.433,0.011,5.47,3.22
gain,strong_fixed,accel_gain,0.05,on,7.85,2.52,1.76,-0.126,-0.088,-1.002,-1.432,0.013,5.44,3.22
gain,strong_fixed,accel_gain,0.05,on,7.90,2.53,1.77,-0.127,-0.089,-1.005,-1.430,0.016,5.41,3.23
gain,strong_fixed,accel_gain,0.05,on,7.95,2.55,1.79,-0.127,-0.089,-1.006,-1.429,0.018,5.39,3.24
gain,strong_fixed,accel_gain,0.05,on,8.00,2.58,1.81,-0.129,-0.090,-0.983,-1.370,0.070,5.97,3.60
gain,strong_fixed,accel_gain,0.05,on,8.05,2.63,1.83,-0.132,-0.091,-0.983,-1.370,0.070,5.97,3.60
gain,strong_fixed,accel_gain,0.05,on,8.10,2.68,1.84,-0.134,-0.092,-0.979,-1.367,0.074,6.01,3.61
gain,strong_fixed,accel_gain,0.05,on,8.15,2.74,1.86,-0.137,-0.093,-0.976,-1.365,0.076,6.04,3.62
gain,strong_fixed,accel_gain,0.05,on,8.20,2.78,1.87,-0.139,-0.093,-0.972,-1.363,0.079,6.07,3.63
gain,strong_fixed,accel_gain,0.05,on,8.25,2.81,1.87,-0.141,-0.093,-0.970,-1.362,0.081,6.11,3.63
gain,strong_fixed,accel_gain,0.05,on,8.30,2.84,1.87,-0.142,-0.093,-0.966,-1.360,0.083,6.15,3.63
gain,strong_fixed,accel_gain,0.05,on,8.35,2.87,1.86,-0.143,-0.093,-0.964,-1.359,0.085,6.18,3.62
gain,strong_fixed,accel_gain,0.05,on,8.40,2.88,1.86,-0.144,-0.093,-0.960,-1.358,0.087,6.21,3.61
gain,strong_fixed,accel_gain,0.05,on,8.45,2.89,1.84,-0.145,-0.092,-0.959,-1.358,0.088,6.25,3.60
gain,strong_fixed,accel_gain,0.05,on,8.50,2.90,1.83,-0.145,-0.092,-0.956,-1.358,0.089,6.27,3.58
gain,strong_fixed,accel_gain,0.05,on,8.55,2.91,1.82,-0.146,-0.091,-0.955,-1.358,0.090,6.29,3.56
gain,strong_fixed,accel_gain,0.05,on,8.60,2.92,1.81,-0.146,-0.091,-0.952,-1.359,0.090,6.31,3.54
gain,strong_fixed,accel_gain,0.05,on,8.65,2.93,1.81,-0.146,-0.090,-0.952,-1.359,0.090,6.31,3.52
gain,strong_fixed,accel_gain,0.05,on,8.70,2.94,1.80,-0.147,-0.090,-0.950,-1.360,0.089,6.31,3.49
gain,strong_fixed,accel_gain,0.05,on,8.75,2.94,1.80,-0.147,-0.090,-0.950,-1.361,0.089,6.30,3.46
gain,strong_fixed,accel_gain,0.05,on,8.80,2.94,1.79,-0.147,-0.089,-0.949,-1.363,0.087,6.28,3.43
gain,strong_fixed,accel_gain,0.05,on,8.85,2.94,1.79,-0.147,-0.089,-0.948,-1.364,0.087,6.26,3.40
gain,strong_fixed,accel_gain,0.05,on,8.90,2.95,1.79,-0.147,-0.089,-0.947,-1.367,0.085,6.24,3.37
gain,strong_fixed,accel_gain,0.05,on,8.95,2.95,1.79,-0.148,-0.090,-0.946,-1.368,0.085,6.21,3.34
gain,strong_fixed,accel_gain,0.05,on,9.00,2.94,1.80,-0.147,-0.090,-0.902,-1.419,0.092,6.33,2.83
gain,strong_fixed,accel_gain,0.05,on,9.05,2.91,1.81,-0.146,-0.090,-0.902,-1.419,0.092,6.33,2.83
gain,strong_fixed,accel_gain,0.05,on,9.10,2.88,1.81,-0.144,-0.091,-0.902,-1.421,0.092,6.33,2.83
gain,strong_fixed,accel_gain,0.05,on,9.15,2.84,1.82,-0.142,-0.091,-0.902,-1.422,0.091,6.32,2.84
gain,strong_fixed,accel_gain,0.05,on,9.20,2.79,1.82,-0.140,-0.091,-0.902,-1.425,0.091,6.31,2.84
gain,strong_fixed,accel_gain,0.05,on,9.25,2.75,1.82,-0.137,-0.091,-0.902,-1.426,0.091,6.30,2.85
gain,strong_fixed,accel_gain,0.05,on,9.30,2.69,1.82,-0.135,-0.091,-0.902,-1.429,0.090,6.27,2.85
gain,strong_fixed,accel_gain,0.05,on,9.35,2.64,1.82,-0.132,-0.091,-0.903,-1.430,0.089,6.25,2.86
gain,strong_fixed,accel_gain,0.05,on,9.40,2.58,1.82,-0.129,-0.091,-0.904,-1.434,0.088,6.22,2.86
gain,strong_fixed,accel_gain,0.05,on,9.45,2.53,1.81,-0.127,-0.091,-0.905,-1.435,0.087,6.19,2.85
gain,strong_fixed,accel_gain,0.05,on,9.50,2.49,1.81,-0.124,-0.091,-0.907,-1.439,0.085,6.15,2.85
gain,strong_fixed,accel_gain,0.05,on,9.55,2.44,1.80,-0.122,-0.090,-0.908,-1.441,0.084,6.11,2.84
gain,strong_fixed,accel_gain,0.05,on,9.60,2.40,1.79,-0.120,-0.090,-0.911,-1.445,0.081,6.08,2.84
gain,strong_fixed,accel_gain,0.05,on,9.65,2.36,1.78,-0.118,-0.089,-0.912,-1.447,0.079,6.03,2.83
gain,strong_fixed,accel_gain,0.05,on,9.70,2.32,1.77,-0.116,-0.089,-0.916,-1.450,0.076,5.99,2.82
gain,strong_fixed,accel_gain,0.05,on,9.75,2.30,1.76,-0.115,-0.088,-0.917,-1.452,0.075,5.94,2.81
gain,strong_fixed,accel_gain,0.05,on,9.80,2.28,1.75,-0.114,-0.088,-0.921,-1.457,0.072,5.89,2.79
gain,strong_fixed,accel_gain,0.05,on,9.85,2.27,1.74,-0.114,-0.087,-0.923,-1.459,0.071,5.85,2.78
gain,strong_fixed,accel_gain,0.05,on,9.90,2.26,1.74,-0.113,-0.087,-0.926,-1.462,0.069,5.81,2.77
gain,strong_fixed,accel_gain,0.05,on,9.95,2.26,1.73,-0.113,-0.086,-0.927,-1.464,0.069,5.77,2.76
gain,strong_fixed,accel_gain,0.05,on,10.00,2.28,1.75,-0.114,-0.088,-0.978,-1.470,0.033,5.61,3.02
gain,strong_fixed,accel_gain,0.05,on,10.05,2.30,1.80,-0.115,-0.090,-0.978,-1.470,0.033,5.61,3.02
gain,strong_fixed,accel_gain,0.05,on,10.10,2.33,1.85,-0.116,-0.093,-0.980,-1.468,0.031,5.63,3.05
gain,strong_fixed,accel_gain,0.05,on,10.15,2.37,1.91,-0.118,-0.096,-0.981,-1.467,0.030,5.64,3.07
gain,strong_fixed,accel_gain,0.05,on,10.20,2.41,1.98,-0.120,-0.099,-0.983,-1.465,0.027,5.65,3.09
gain,strong_fixed,accel_gain,0.05,on,10.25,2.45,2.04,-0.123,-0.102,-0.984,-1.465,0.026,5.67,3.11
gain,strong_fixed,accel_gain,0.05,on,10.30,2.49,2.09,-0.124,-0.104,-0.986,-1.463,0.024,5.68,3.13
gain,strong_fixed,accel_gain,0.05,on,10.35,2.52,2.13,-0.126,-0.107,-0.987,-1.462,0.023,5.69,3.15
gain,strong_fixed,accel_gain,0.05,on,10.40,2.53,2.17,-0.127,-0.108,-0.990,-1.460,0.021,5.71,3.17
gain,strong_fixed,accel_gain,0.05,on,10.45,2.55,2.19,-0.128,-0.110,-0.992,-1.459,0.020,5.72,3.19
gain,strong_fixed,accel_gain,0.05,on,10.50,2.56,2.21,-0.128,-0.110,-0.994,-1.458,0.018,5.73,3.21
gain,strong_fixed,accel_gain,0.05,on,10.55,2.56,2.21,-0.128,-0.111,-0.996,-1.457,0.018,5.73,3.23
gain,strong_fixed,accel_gain,0.05,on,10.60,2.56,2.21,-0.128,-0.111,-0.999,-1.454,0.017,5.73,3.24
gain,strong_fixed,accel_gain,0.05,on,10.65,2.55,2.20,-0.128,-0.110,-1.001,-1.453,0.017,5.73,3.26
gain,strong_fixed,accel_gain,0.05,on,10.70,2.55,2.18,-0.127,-0.109,-1.004,-1.451,0.017,5.72,3.27
gain,strong_fixed,accel_gain,0.05,on,10.75,2.55,2.15,-0.127,-0.108,-1.005,-1.450,0.018,5.71,3.29
gain,strong_fixed,accel_gain,0.05,on,10.80,2.54,2.12,-0.127,-0.106,-1.009,-1.448,0.020,5.70,3.30
gain,strong_fixed,accel_gain,0.05,on,10.85,2.55,2.09,-0.127,-0.104,-1.011,-1.447,0.021,5.68,3.31
gain,strong_fixed,accel_gain,0.05,on,10.90,2.56,2.05,-0.128,-0.102,-1.014,-1.446,0.024,5.66,3.32
gain,strong_fixed,accel_gain,0.05,on,10.95,2.56,2.02,-0.128,-0.101,-1.016,-1.446,0.025,5.64,3.32
gain,strong_fixed,accel_gain,0.05,on,11.00,2.59,1.99,-0.129,-0.099,-1.016,-1.424,0.030,5.83,3.23
gain,strong_fixed,accel_gain,0.05,on,11.05,2.62,1.96,-0.131,-0.098,-1.016,-1.424,0.030,5.83,3.23
gain,strong_fixed,accel_gain,0.05,on,11.10,2.65,1.94,-0.132,-0.097,-1.013,-1.421,0.029,5.86,3.24
gain,strong_fixed,accel_gain,0.05,on,11.15,2.69,1.92,-0.134,-0.096,-1.012,-1.420,0.029,5.89,3.24
gain,strong_fixed,accel_gain,0.05,on,11.20,2.72,1.90,-0.136,-0.095,-1.009,-1.416,0.029,5.92,3.25
gain,strong_fixed,accel_gain,0.05,on,11.25,2.75,1.88,-0.138,-0.094,-1.007,-1.415,0.029,5.95,3.26
gain,strong_fixed,accel_gain,0.05,on,11.30,2.78,1.87,-0.139,-0.093,-1.004,-1.412,0.030,5.97,3.27
gain,strong_fixed,accel_gain,0.05,on,11.35,2.82,1.86,-0.141,-0.093,-1.002,-1.411,0.031,6.01,3.28
gain,strong_fixed,accel_gain,0.05,on,11.40,2.85,1.85,-0.142,-0.093,-0.999,-1.408,0.033,6.04,3.29
gain,strong_fixed,accel_gain,0.05,on,11.45,2.88,1.84,-0.144,-0.092,-0.998,-1.407,0.034,6.07,3.30
gain,strong_fixed,accel_gain,0.05,on,11.50,2.91,1.85,-0.146,-0.092,-0.995,-1.404,0.035,6.10,3.30
gain,strong_fixed,accel_gain,0.05,on,11.55,2.95,1.85,-0.147,-0.093,-0.994,-1.403,0.036,6.12,3.31
gain,strong_fixed,accel_gain,0.05,on,11.60,2.99,1.86,-0.149,-0.093,-0.991,-1.401,0.038,6.15,3.31
gain,strong_fixed,accel_gain,0.05,on,11.65,3.03,1.88,-0.152,-0.094,-0.989,-1.400,0.039,6.17,3.32
gain,strong_fixed,accel_gain,0.05,on,11.70,3.07,1.90,-0.154,-0.095,-0.986,-1.399,0.041,6.18,3.32
gain,strong_fixed,accel_gain,0.05,on,11.75,3.11,1.91,-0.155,-0.096,-0.985,-1.398,0.042,6.20,3.32
gain,strong_fixed,accel_gain,0.05,on,11.80,3.14,1.93,-0.157,-0.097,-0.982,-1.396,0.045,6.22,3.32
gain,strong_fixed,accel_gain,0.05,on,11.85,3.17,1.96,-0.158,-0.098,-0.980,-1.395,0.046,6.23,3.32
gain,strong_fixed,accel_gain,0.05,on,11.90,3.20,1.98,-0.160,-0.099,-0.978,-1.393,0.049,6.25,3.32
gain,strong_fixed,accel_gain,0.05,on,11.95,3.23,2.01,-0.161,-0.100,-0.977,-1.391,0.050,6.27,3.32
gain,strong_fixed,accel_gain,0.05,on,12.00,3.20,2.00,-0.160,-0.100,-0.973,-1.423,0.024,6.01,2.93
gain,strong_fixed,accel_gain,0.05,on,12.05,3.14,1.98,-0.157,-0.099,-0.973,-1.423,0.024,6.01,2.93
gain,strong_fixed,accel_gain,0.05,on,12.10,3.07,1.94,-0.153,-0.097,-0.973,-1.426,0.022,5.99,2.90
gain,strong_fixed,accel_gain,0.05,on,12.15,2.98,1.89,-0.149,-0.094,-0.973,-1.428,0.021,5.98,2.88
gain,strong_fixed,accel_gain,0.05,on,12.20,2.89,1.84,-0.144,-0.092,-0.973,-1.431,0.020,5.96,2.86
gain,strong_fixed,accel_gain,0.05,on,12.25,2.80,1.78,-0.140,-0.089,-0.974,-1.433,0.019,5.95,2.84
gain,strong_fixed,accel_gain,0.05,on,12.30,2.72,1.74,-0.136,-0.087,-0.974,-1.436,0.018,5.93,2.82
gain,strong_fixed,accel_gain,0.05,on,12.35,2.64,1.69,-0.132,-0.084,-0.974,-1.437,0.018,5.91,2.81
gain,strong_fixed,accel_gain,0.05,on,12.40,2.58,1.65,-0.129,-0.083,-0.974,-1.440,0.018,5.89,2.79
gain,strong_fixed,accel_gain,0.05,on,12.45,2.52,1.63,-0.126,-0.082,-0.974,-1.441,0.018,5.87,2.78
gain,strong_fixed,accel_gain,0.05,on,12.50,2.47,1.62,-0.124,-0.081,-0.973,-1.444,0.019,5.85,2.76
gain,strong_fixed,accel_gain,0.05,on,12.55,2.43,1.60,-0.122,-0.080,-0.973,-1.445,0.019,5.83,2.75
gain,strong_fixed,accel_gain,0.05,on,12.60,2.40,1.59,-0.120,-0.080,-0.972,-1.448,0.021,5.81,2.74
gain,strong_fixed,accel_gain,0.05,on,12.65,2.37,1.59,-0.119,-0.079,-0.971,-1.449,0.022,5.79,2.73
gain,strong_fixed,accel_gain,0.05,on,12.70,2.34,1.58,-0.117,-0.079,-0.970,-1.452,0.025,5.78,2.72
gain,strong_fixed,accel_gain,0.05,on,12.75,2.32,1.59,-0.116,-0.079,-0.969,-1.453,0.026,5.78,2.72
gain,strong_fixed,accel_gain,0.05,on,12.80,2.31,1.60,-0.115,-0.080,-0.967,-1.456,0.029,5.78,2.71
gain,strong_fixed,accel_gain,0.05,on,12.85,2.29,1.61,-0.114,-0.081,-0.967,-1.457,0.030,5.80,2.70
gain,strong_fixed,accel_gain,0.05,on,12.90,2.28,1.63,-0.114,-0.082,-0.965,-1.459,0.032,5.81,2.70
gain,strong_fixed,accel_gain,0.05,on,12.95,2.27,1.65,-0.114,-0.082,-0.965,-1.460,0.033,5.82,2.69
gain,strong_fixed,accel_gain,0.05,on,13.00,2.26,1.68,-0.113,-0.084,-0.971,-1.453,0.024,5.86,3.00
gain,strong_fixed,accel_gain,0.05,on,13.05,2.26,1.71,-0.113,-0.086,-0.971,-1.453,0.024,5.86,3.00
gain,strong_fixed,accel_gain,0.05,on,13.10,2.25,1.75,-0.113,-0.088,-0.973,-1.452,0.022,5.85,3.02
gain,strong_fixed,accel_gain,0.05,on,13.15,2.25,1.79,-0.113,-0.089,-0.974,-1.451,0.021,5.84,3.03
gain,strong_fixed,accel_gain,0.05,on,13.20,2.25,1.82,-0.112,-0.091,-0.975,-1.449,0.019,5.83,3.05
gain,strong_fixed,accel_gain,0.05,on,13.25,2.25,1.85,-0.112,-0.093,-0.976,-1.449,0.018,5.82,3.07
gain,strong_fixed,accel_gain,0.05,on,13.30,2.25,1.88,-0.112,-0.094,-0.977,-1.448,0.016,5.82,3.08
gain,strong_fixed,accel_gain,0.05,on,13.35,2.25,1.91,-0.113,-0.095,-0.978,-1.447,0.015,5.82,3.10
gain,strong_fixed,accel_gain,0.05,on,13.40,2.25,1.93,-0.113,-0.096,-0.979,-1.446,0.014,5.82,3.11
gain,strong_fixed,accel_gain,0.05,on,13.45,2.25,1.94,-0.113,-0.097,-0.980,-1.446,0.013,5.82,3.12
gain,strong_fixed,accel_gain,0.05,on,13.50,2.24,1.95,-0.112,-0.097,-0.981,-1.445,0.012,5.82,3.13
gain,strong_fixed,accel_gain,0.05,on,13.55,2.24,1.95,-0.112,-0.097,-0.981,-1.445,0.011,5.82,3.14
gain,strong_fixed,accel_gain,0.05,on,13.60,2.22,1.94,-0.111,-0.097,-0.982,-1.445,0.011,5.82,3.15
gain,strong_fixed,accel_gain,0.05,on,13.65,2.20,1.92,-0.110,-0.096,-0.982,-1.445,0.011,5.82,3.15
gain,strong_fixed,accel_gain,0.05,on,13.70,2.19,1.90,-0.109,-0.095,-0.983,-1.446,0.011,5.83,3.14
gain,strong_fixed,accel_gain,0.05,on,13.75,2.17,1.87,-0.108,-0.094,-0.983,-1.447,0.011,5.83,3.13
gain,strong_fixed,accel_gain,0.05,on,13.80,2.15,1.84,-0.108,-0.092,-0.983,-1.448,0.012,5.83,3.12
gain,strong_fixed,accel_gain,0.05,on,13.85,2.13,1.80,-0.107,-0.090,-0.982,-1.449,0.013,5.83,3.09
gain,strong_fixed,accel_gain,0.05,on,13.90,2.12,1.76,-0.106,-0.088,-0.982,-1.450,0.014,5.84,3.07
gain,strong_fixed,accel_gain,0.05,on,13.95,2.10,1.72,-0.105,-0.086,-0.982,-1.450,0.014,5.84,3.04
gain,strong_fixed,accel_gain,0.05,on,14.00,2.09,1.69,-0.105,-0.085,-0.985,-1.431,0.010,5.92,3.13
gain,strong_fixed,accel_gain,0.05,on,14.05,2.09,1.68,-0.105,-0.084,-0.985,-1.431,0.010,5.92,3.13
gain,strong_fixed,accel_gain,0.05,on,14.10,2.10,1.66,-0.105,-0.083,-0.987,-1.430,0.011,5.90,3.15
gain,strong_fixed,accel_gain,0.05,on,14.15,2.10,1.66,-0.105,-0.083,-0.988,-1.429,0.011,5.89,3.17
gain,strong_fixed,accel_gain,0.05,on,14.20,2.12,1.66,-0.106,-0.083,-0.989,-1.427,0.013,5.88,3.18
gain,strong_fixed,accel_gain,0.05,on,14.25,2.14,1.66,-0.107,-0.083,-0.990,-1.427,0.013,5.87,3.19
gain,strong_fixed,accel_gain,0.05,on,14.30,2.15,1.66,-0.108,-0.083,-0.991,-1.426,0.014,5.86,3.20
gain,strong_fixed,accel_gain,0.05,on,14.35,2.17,1.67,-0.109,-0.083,-0.991,-1.425,0.014,5.85,3.20
gain,strong_fixed,accel_gain,0.05,on,14.40,2.19,1.68,-0.110,-0.084,-0.991,-1.425,0.015,5.85,3.20
gain,strong_fixed,accel_gain,0.05,on,14.45,2.21,1.68,-0.110,-0.084,-0.991,-1.425,0.015,5.85,3.19
gain,strong_fixed,accel_gain,0.05,on,14.50,2.22,1.69,-0.111,-0.084,-0.990,-1.424,0.015,5.86,3.18
gain,strong_fixed,accel_gain,0.05,on,14.55,2.24,1.69,-0.112,-0.085,-0.989,-1.424,0.015,5.87,3.17
gain,strong_fixed,accel_gain,0.05,on,14.60,2.25,1.69,-0.112,-0.085,-0.989,-1.424,0.015,5.89,3.16
gain,strong_fixed,accel_gain,0.05,on,14.65,2.26,1.69,-0.113,-0.085,-0.988,-1.425,0.015,5.91,3.14
gain,strong_fixed,accel_gain,0.05,on,14.70,2.27,1.69,-0.113,-0.085,-0.987,-1.425,0.015,5.93,3.13
gain,strong_fixed,accel_gain,0.05,on,14.75,2.27,1.69,-0.114,-0.085,-0.987,-1.425,0.015,5.95,3.11
gain,strong_fixed,accel_gain,0.05,on,14.80,2.28,1.68,-0.114,-0.084,-0.986,-1.425,0.015,5.97,3.10
gain,strong_fixed,accel_gain,0.05,on,14.85,2.28,1.68,-0.114,-0.084,-0.986,-1.425,0.015,5.98,3.08
gain,strong_fixed,accel_gain,0.05,on,14.90,2.28,1.67,-0.114,-0.083,-0.985,-1.426,0.015,6.00,3.07
gain,strong_fixed,accel_gain,0.05,on,14.95,2.29,1.66,-0.114,-0.083,-0.984,-1.426,0.015,6.01,3.05
gain,strong_fixed,accel_gain,0.05,on,15.00,2.28,1.65,-0.114,-0.082,-0.966,-1.435,0.026,6.08,2.91
gain,strong_fixed,accel_gain,0.05,on,15.05,2.27,1.64,-0.113,-0.082,-0.966,-1.435,0.026,6.08,2.91
gain,strong_fixed,accel_gain,0.05,on,15.10,2.25,1.63,-0.113,-0.081,-0.965,-1.436,0.026,6.07,2.92
gain,strong_fixed,accel_gain,0.05,on,15.15,2.23,1.62,-0.112,-0.081,-0.965,-1.436,0.027,6.06,2.92
gain,strong_fixed,accel_gain,0.05,on,15.20,2.22,1.61,-0.111,-0.081,-0.964,-1.438,0.027,6.06,2.92
gain,strong_fixed,accel_gain,0.05,on,15.25,2.20,1.60,-0.110,-0.080,-0.964,-1.439,0.027,6.05,2.91
gain,strong_fixed,accel_gain,0.05,on,15.30,2.19,1.60,-0.109,-0.080,-0.964,-1.441,0.027,6.05,2.90
gain,strong_fixed,accel_gain,0.05,on,15.35,2.17,1.59,-0.108,-0.080,-0.964,-1.442,0.028,6.04,2.88
gain,strong_fixed,accel_gain,0.05,on,15.40,2.15,1.59,-0.108,-0.080,-0.963,-1.445,0.029,6.04,2.87
gain,strong_fixed,accel_gain,0.05,on,15.45,2.14,1.59,-0.107,-0.079,-0.963,-1.447,0.029,6.03,2.84
gain,strong_fixed,accel_gain,0.05,on,15.50,2.12,1.58,-0.106,-0.079,-0.963,-1.450,0.030,6.03,2.82
gain,strong_fixed,accel_gain,0.05,on,15.55,2.10,1.58,-0.105,-0.079,-0.962,-1.451,0.031,6.03,2.80
gain,strong_fixed,accel_gain,0.05,on,15.60,2.09,1.57,-0.104,-0.079,-0.962,-1.454,0.033,6.03,2.77
gain,strong_fixed,accel_gain,0.05,on,15.65,2.06,1.56,-0.103,-0.078,-0.962,-1.456,0.033,6.02,2.75
gain,strong_fixed,accel_gain,0.05,on,15.70,2.04,1.56,-0.102,-0.078,-0.962,-1.458,0.035,6.02,2.72
gain,strong_fixed,accel_gain,0.05,on,15.75,2.02,1.55,-0.101,-0.077,-0.962,-1.459,0.035,6.02,2.70
gain,strong_fixed,accel_gain,0.05,on,15.80,2.00,1.54,-0.100,-0.077,-0.962,-1.462,0.037,6.01,2.68
gain,strong_fixed,accel_gain,0.05,on,15.85,1.97,1.52,-0.099,-0.076,-0.962,-1.463,0.037,6.00,2.66
gain,strong_fixed,accel_gain,0.05,on,15.90,1.95,1.51,-0.097,-0.076,-0.963,-1.465,0.038,5.99,2.65
gain,strong_fixed,accel_gain,0.05,on,15.95,1.93,1.50,-0.096,-0.075,-0.963,-1.466,0.038,5.98,2.63
gain,strong_fixed,accel_gain,0.05,on,16.00,1.92,1.51,-0.096,-0.075,-1.002,-1.433,0.013,5.73,3.14
gain,strong_fixed,accel_gain,0.05,on,16.05,1.92,1.52,-0.096,-0.076,-1.002,-1.433,0.013,5.73,3.14
gain,strong_fixed,accel_gain,0.05,on,16.10,1.93,1.55,-0.097,-0.077,-1.005,-1.431,0.016,5.72,3.16
gain,strong_fixed,accel_gain,0.05,on,16.15,1.95,1.58,-0.098,-0.079,-1.006,-1.430,0.018,5.71,3.18
gain,strong_fixed,accel_gain,0.05,on,16.20,1.98,1.61,-0.099,-0.081,-1.008,-1.427,0.021,5.71,3.20
gain,strong_fixed,accel_gain,0.05,on,16.25,2.01,1.65,-0.101,-0.083,-1.009,-1.427,0.022,5.71,3.22
gain,strong_fixed,accel_gain,0.05,on,16.30,2.05,1.69,-0.102,-0.085,-1.010,-1.425,0.024,5.71,3.23
gain,strong_fixed,accel_gain,0.05,on,16.35,2.08,1.73,-0.104,-0.086,-1.011,-1.425,0.025,5.71,3.24
gain,strong_fixed,accel_gain,0.05,on,16.40,2.11,1.76,-0.106,-0.088,-1.012,-1.423,0.026,5.72,3.25
gain,strong_fixed,accel_gain,0.05,on,16.45,2.14,1.78,-0.107,-0.089,-1.012,-1.423,0.027,5.73,3.25
gain,strong_fixed,accel_gain,0.05,on,16.50,2.16,1.80,-0.108,-0.090,-1.013,-1.422,0.028,5.74,3.25
gain,strong_fixed,accel_gain,0.05,on,16.55,2.18,1.81,-0.109,-0.090,-1.013,-1.422,0.028,5.76,3.24
gain,strong_fixed,accel_gain,0.05,on,16.60,2.19,1.81,-0.110,-0.090,-1.013,-1.421,0.029,5.78,3.24
gain,strong_fixed,accel_gain,0.05,on,16.65,2.20,1.81,-0.110,-0.090,-1.013,-1.420,0.029,5.80,3.23
gain,strong_fixed,accel_gain,0.05,on,16.70,2.21,1.80,-0.111,-0.090,-1.013,-1.419,0.029,5.82,3.22
gain,strong_fixed,accel_gain,0.05,on,16.75,2.22,1.79,-0.111,-0.089,-1.013,-1.419,0.030,5.84,3.21
gain,strong_fixed,accel_gain,0.05,on,16.80,2.24,1.77,-0.112,-0.089,-1.012,-1.417,0.031,5.86,3.20
gain,strong_fixed,accel_gain,0.05,on,16.85,2.25,1.75,-0.112,-0.088,-1.012,-1.417,0.031,5.88,3.19
gain,strong_fixed,accel_gain,0.05,on,16.90,2.26,1.73,-0.113,-0.087,-1.012,-1.415,0.032,5.89,3.19
gain,strong_fixed,accel_gain,0.05,on,16.95,2.27,1.71,-0.114,-0.086,-1.012,-1.414,0.033,5.90,3.18
gain,strong_fixed,accel_gain,0.05,on,17.00,2.28,1.68,-0.114,-0.084,-0.979,-1.393,0.048,6.22,3.17
gain,strong_fixed,accel_gain,0.05,on,17.05,2.29,1.66,-0.114,-0.083,-0.979,-1.393,0.048,6.22,3.17
gain,strong_fixed,accel_gain,0.05,on,17.10,2.29,1.63,-0.115,-0.082,-0.975,-1.393,0.049,6.25,3.16
gain,strong_fixed,accel_gain,0.05,on,17.15,2.30,1.61,-0.115,-0.080,-0.973,-1.394,0.049,6.27,3.13
gain,strong_fixed,accel_gain,0.05,on,17.20,2.30,1.59,-0.115,-0.079,-0.968,-1.395,0.050,6.30,3.11
gain,strong_fixed,accel_gain,0.05,on,17.25,2.31,1.57,-0.115,-0.078,-0.966,-1.396,0.050,6.32,3.08
gain,strong_fixed,accel_gain,0.05,on,17.30,2.31,1.55,-0.116,-0.078,-0.962,-1.398,0.051,6.34,3.05
gain,strong_fixed,accel_gain,0.05,on,17.35,2.33,1.54,-0.116,-0.077,-0.960,-1.399,0.052,6.36,3.02
gain,strong_fixed,accel_gain,0.05,on,17.40,2.34,1.53,-0.117,-0.076,-0.955,-1.401,0.053,6.38,2.99
gain,strong_fixed,accel_gain,0.05,on,17.45,2.36,1.52,-0.118,-0.076,-0.953,-1.403,0.054,6.40,2.96
gain,strong_fixed,accel_gain,0.05,on,17.50,2.39,1.51,-0.119,-0.076,-0.948,-1.405,0.056,6.41,2.92
gain,strong_fixed,accel_gain,0.05,on,17.55,2.41,1.51,-0.121,-0.075,-0.946,-1.406,0.057,6.43,2.89
gain,strong_fixed,accel_gain,0.05,on,17.60,2.44,1.51,-0.122,-0.075,-0.941,-1.409,0.059,6.44,2.86
gain,strong_fixed,accel_gain,0.05,on,17.65,2.48,1.51,-0.124,-0.075,-0.939,-1.410,0.060,6.47,2.82
gain,strong_fixed,accel_gain,0.05,on,17.70,2.51,1.50,-0.126,-0.075,-0.936,-1.413,0.062,6.48,2.79
gain,strong_fixed,accel_gain,0.05,on,17.75,2.54,1.51,-0.127,-0.075,-0.934,-1.414,0.062,6.50,2.77
gain,strong_fixed,accel_gain,0.05,on,17.80,2.57,1.51,-0.129,-0.076,-0.932,-1.418,0.063,6.52,2.75
gain,strong_fixed,accel_gain,0.05,on,17.85,2.60,1.52,-0.130,-0.076,-0.931,-1.420,0.063,6.53,2.72
gain,strong_fixed,accel_gain,0.05,on,17.90,2.61,1.52,-0.131,-0.076,-0.931,-1.423,0.063,6.53,2.70
gain,strong_fixed,accel_gain,0.05,on,17.95,2.63,1.53,-0.131,-0.076,-0.930,-1.425,0.063,6.53,2.68
gain,strong_fixed,accel_gain,0.1,on,0.00,0.00,0.00,0.000,0.000,-1.399,-1.787,0.170,0.24,0.59
gain,strong_fixed,accel_gain,0.1,on,0.05,0.00,0.00,0.000,0.000,-1.399,-1.787,0.170,0.24,0.59
gain,strong_fixed,accel_gain,0.1,on,0.10,0.00,0.00,0.000,0.000,-1.404,-1.791,0.176,0.11,0.48
gain,strong_fixed,accel_gain,0.1,on,0.15,0.00,0.00,0.000,0.000,-1.413,-1.801,0.188,0.00,0.38
gain,strong_fixed,accel_gain,0.1,on,0.20,0.00,0.00,0.000,0.000,-1.417,-1.805,0.194,-0.09,0.28
gain,strong_fixed,accel_gain,0.1,on,0.25,0.00,0.00,0.000,0.000,-1.424,-1.814,0.203,-0.15,0.19
gain,strong_fixed,accel_gain,0.1,on,0.30,0.00,0.00,0.000,0.000,-1.427,-1.818,0.208,-0.21,0.11
gain,strong_fixed,accel_gain,0.1,on,0.35,0.00,0.00,0.000,0.000,-1.433,-1.826,0.216,-0.25,0.03
gain,strong_fixed,accel_gain,0.1,on,0.40,0.00,0.00,0.000,0.000,-1.435,-1.829,0.220,-0.27,-0.04
gain,strong_fixed,accel_gain,0.1,on,0.45,0.00,0.00,0.000,0.000,-1.439,-1.834,0.226,-0.29,-0.10
gain,strong_fixed,accel_gain,0.1,on,0.50,0.00,0.00,0.000,0.000,-1.440,-1.837,0.228,-0.29,-0.16
gain,strong_fixed,accel_gain,0.1,on,0.55,0.00,0.00,0.000,0.000,-1.443,-1.842,0.233,-0.28,-0.20
gain,strong_fixed,accel_gain,0.1,on,0.60,0.00,0.00,0.000,0.000,-1.444,-1.843,0.235,-0.26,-0.23
gain,strong_fixed,accel_gain,0.1,on,0.65,0.00,0.00,0.000,0.000,-1.446,-1.846,0.238,-0.23,-0.25
gain,strong_fixed,accel_gain,0.1,on,0.70,0.00,0.00,0.000,0.000,-1.446,-1.848,0.239,-0.20,-0.26
gain,strong_fixed,accel_gain,0.1,on,0.75,0.00,0.00,0.000,0.000,-1.447,-1.850,0.240,-0.16,-0.27
gain,strong_fixed,accel_gain,0.1,on,0.80,0.00,0.00,0.000,0.000,-1.448,-1.850,0.241,-0.12,-0.26
gain,strong_fixed,accel_gain,0.1,on,0.85,0.00,0.00,0.000,0.000,-1.448,-1.851,0.241,-0.08,-0.26
gain,strong_fixed,accel_gain,0.1,on,0.90,0.00,0.00,0.000,0.000,-1.447,-1.851,0.241,-0.04,-0.24
gain,strong_fixed,accel_gain,0.1,on,0.95,0.50,0.37,-0.050,-0.037,-1.447,-1.849,0.240,0.01,-0.22
gain,strong_fixed,accel_gain,0.1,on,1.00,0.53,0.39,-0.053,-0.039,-1.449,-1.780,0.216,0.45,0.66
gain,strong_fixed,accel_gain,0.1,on,1.05,0.57,0.42,-0.057,-0.042,-1.449,-1.780,0.216,0.45,0.66
gain,strong_fixed,accel_gain,0.1,on,1.10,0.61,0.45,-0.061,-0.045,-1.448,-1.779,0.215,0.44,0.66
gain,strong_fixed,accel_gain,0.1,on,1.15,0.65,0.48,-0.065,-0.048,-1.446,-1.775,0.212,0.43,0.65
gain,strong_fixed,accel_gain,0.1,on,1.20,0.69,0.51,-0.069,-0.051,-1.445,-1.773,0.211,0.42,0.62
gain,strong_fixed,accel_gain,0.1,on,1.25,0.72,0.54,-0.072,-0.054,-1.442,-1.770,0.207,0.41,0.60
gain,strong_fixed,accel_gain,0.1,on,1.30,0.75,0.56,-0.075,-0.056,-1.440,-1.768,0.205,0.41,0.59
gain,strong_fixed,accel_gain,0.1,on,1.35,0.78,0.58,-0.078,-0.058,-1.435,-1.763,0.199,0.43,0.59
gain,strong_fixed,accel_gain,0.1,on,1.40,0.84,0.62,-0.084,-0.062,-1.432,-1.761,0.195,0.47,0.62
gain,strong_fixed,accel_gain,0.1,on,1.45,0.95,0.69,-0.095,-0.069,-1.425,-1.756,0.188,0.54,0.66
gain,strong_fixed,accel_gain,0.1,on,1.50,1.10,0.78,-0.110,-0.078,-1.422,-1.753,0.184,0.64,0.71
gain,strong_fixed,accel_gain,0.1,on,1.55,1.27,0.89,-0.127,-0.089,-1.412,-1.746,0.174,0.75,0.78
gain,strong_fixed,accel_gain,0.1,on,1.60,1.46,1.02,-0.146,-0.102,-1.408,-1.742,0.170,0.91,0.88
gain,strong_fixed,accel_gain,0.1,on,1.65,1.68,1.15,-0.168,-0.115,-1.399,-1.734,0.160,1.08,0.98
gain,strong_fixed,accel_gain,0.1,on,1.70,1.92,1.29,-0.192,-0.129,-1.394,-1.729,0.155,1.29,1.12
gain,strong_fixed,accel_gain,0.1,on,1.75,2.18,1.43,-0.218,-0.143,-1.382,-1.718,0.144,1.52,1.25
gain,strong_fixed,accel_gain,0.1,on,1.80,2.45,1.57,-0.245,-0.157,-1.377,-1.713,0.139,1.78,1.41
gain,strong_fixed,accel_gain,0.1,on,1.85,2.73,1.72,-0.273,-0.172,-1.366,-1.701,0.130,2.05,1.57
gain,strong_fixed,accel_gain,0.1,on,1.90,3.01,1.87,-0.301,-0.187,-1.360,-1.695,0.126,2.36,1.76
gain,strong_fixed,accel_gain,0.1,on,1.95,3.30,2.03,-0.330,-0.203,-1.347,-1.681,0.119,2.66,1.93
gain,strong_fixed,accel_gain,0.1,on,2.00,3.47,2.12,-0.347,-0.212,-1.185,-1.527,0.210,5.60,3.88
gain,strong_fixed,accel_gain,0.1,on,2.05,3.60,2.15,-0.360,-0.215,-1.185,-1.527,0.210,5.60,3.88
gain,strong_fixed,accel_gain,0.1,on,2.10,3.68,2.15,-0.368,-0.215,-1.181,-1.526,0.212,5.65,3.86
gain,strong_fixed,accel_gain,0.1,on,2.15,3.72,2.12,-0.372,-0.212,-1.171,-1.525,0.215,5.70,3.83
gain,strong_fixed,accel_gain,0.1,on,2.20,3.77,2.08,-0.377,-0.208,-1.167,-1.525,0.217,5.76,3.80
gain,strong_fixed,accel_gain,0.1,on,2.25,3.82,2.01,-0.382,-0.201,-1.158,-1.526,0.220,5.84,3.77
gain,strong_fixed,accel_gain,0.1,on,2.30,3.88,1.97,-0.388,-0.197,-1.154,-1.526,0.221,5.93,3.73
gain,strong_fixed,accel_gain,0.1,on,2.35,3.95,1.92,-0.395,-0.192,-1.144,-1.528,0.223,6.02,3.69
gain,strong_fixed,accel_gain,0.1,on,2.40,4.08,1.90,-0.408,-0.190,-1.140,-1.530,0.223,6.11,3.63
gain,strong_fixed,accel_gain,0.1,on,2.45,4.18,1.89,-0.418,-0.189,-1.132,-1.533,0.224,6.19,3.57
gain,strong_fixed,accel_gain,0.1,on,2.50,4.28,1.86,-0.428,-0.186,-1.128,-1.535,0.225,6.28,3.50
gain,strong_fixed,accel_gain,0.1,on,2.55,4.39,1.83,-0.439,-0.183,-1.119,-1.540,0.225,6.34,3.42
gain,strong_fixed,accel_gain,0.1,on,2.60,4.53,1.82,-0.453,-0.182,-1.115,-1.542,0.225,6.42,3.34
gain,strong_fixed,accel_gain,0.1,on,2.65,4.68,1.82,-0.468,-0.182,-1.107,-1.548,0.224,6.48,3.26
gain,strong_fixed,accel_gain,0.1,on,2.70,4.81,1.82,-0.481,-0.182,-1.104,-1.551,0.224,6.55,3.17
gain,strong_fixed,accel_gain,0.1,on,2.75,4.92,1.83,-0.492,-0.183,-1.095,-1.558,0.224,6.61,3.09
gain,strong_fixed,accel_gain,0.1,on,2.80,5.02,1.86,-0.502,-0.186,-1.092,-1.562,0.223,6.67,3.01
gain,strong_fixed,accel_gain,0.1,on,2.85,5.06,1.88,-0.506,-0.188,-1.085,-1.569,0.222,6.74,2.93
gain,strong_fixed,accel_gain,0.1,on,2.90,5.07,1.90,-0.507,-0.190,-1.081,-1.573,0.222,6.80,2.86
gain,strong_fixed,accel_gain,0.1,on,2.95,5.06,1.91,-0.506,-0.191,-1.074,-1.582,0.221,6.86,2.79
gain,strong_fixed,accel_gain,0.1,on,3.00,4.92,1.92,-0.492,-0.192,-1.096,-1.715,0.143,6.00,2.22
gain,strong_fixed,accel_gain,0.1,on,3.05,4.74,1.91,-0.474,-0.191,-1.096,-1.715,0.143,6.00,2.22
gain,strong_fixed,accel_gain,0.1,on,3.10,4.50,1.91,-0.450,-0.191,-1.101,-1.723,0.138,5.95,2.21
gain,strong_fixed,accel_gain,0.1,on,3.15,4.25,1.91,-0.425,-0.191,-1.104,-1.727,0.135,5.90,2.20
gain,strong_fixed,accel_gain,0.1,on,3.20,4.01,1.90,-0.401,-0.190,-1.110,-1.735,0.129,5.84,2.19
gain,strong_fixed,accel_gain,0.1,on,3.25,3.77,1.90,-0.377,-0.190,-1.113,-1.738,0.126,5.75,2.19
gain,strong_fixed,accel_gain,0.1,on,3.30,3.55,1.90,-0.355,-0.190,-1.119,-1.746,0.121,5.65,2.20
gain,strong_fixed,accel_gain,0.1,on,3.35,3.34,1.90,-0.334,-0.190,-1.122,-1.749,0.119,5.53,2.21
gain,strong_fixed,accel_gain,0.1,on,3.40,3.16,1.92,-0.316,-0.192,-1.129,-1.757,0.113,5.40,2.22
gain,strong_fixed,accel_gain,0.1,on,3.45,3.03,1.95,-0.303,-0.195,-1.132,-1.760,0.111,5.27,2.23
gain,strong_fixed,accel_gain,0.1,on,3.50,2.91,1.98,-0.291,-0.198,-1.139,-1.766,0.107,5.13,2.24
gain,strong_fixed,accel_gain,0.1,on,3.55,2.82,2.00,-0.282,-0.200,-1.142,-1.769,0.105,5.01,2.26
gain,strong_fixed,accel_gain,0.1,on,3.60,2.75,2.03,-0.275,-0.203,-1.149,-1.776,0.101,4.90,2.28
gain,strong_fixed,accel_gain,0.1,on,3.65,2.72,2.07,-0.272,-0.207,-1.152,-1.778,0.099,4.81,2.30
gain,strong_fixed,accel_gain,0.1,on,3.70,2.73,2.12,-0.273,-0.212,-1.158,-1.783,0.096,4.73,2.32
gain,strong_fixed,accel_gain,0.1,on,3.75,2.76,2.16,-0.276,-0.216,-1.161,-1.785,0.095,4.67,2.34
gain,strong_fixed,accel_gain,0.1,on,3.80,2.83,2.20,-0.283,-0.220,-1.166,-1.789,0.093,4.64,2.36
gain,strong_fixed,accel_gain,0.1,on,3.85,2.92,2.24,-0.292,-0.224,-1.168,-1.790,0.093,4.63,2.39
gain,strong_fixed,accel_gain,0.1,on,3.90,3.04,2.29,-0.304,-0.229,-1.171,-1.792,0.092,4.65,2.41
gain,strong_fixed,accel_gain,0.1,on,3.95,3.18,2.32,-0.318,-0.232,-1.173,-1.793,0.091,4.70,2.44
gain,strong_fixed,accel_gain,0.1,on,4.00,3.32,2.37,-0.332,-0.237,-1.229,-1.755,0.026,5.40,3.08
gain,strong_fixed,accel_gain,0.1,on,4.05,3.44,2.44,-0.344,-0.244,-1.229,-1.755,0.026,5.40,3.08
gain,strong_fixed,accel_gain,0.1,on,4.10,3.55,2.50,-0.355,-0.250,-1.231,-1.753,0.024,5.38,3.10
gain,strong_fixed,accel_gain,0.1,on,4.15,3.63,2.55,-0.363,-0.255,-1.235,-1.749,0.019,5.36,3.13
gain,strong_fixed,accel_gain,0.1,on,4.20,3.70,2.59,-0.370,-0.259,-1.237,-1.746,0.016,5.37,3.15
gain,strong_fixed,accel_gain,0.1,on,4.25,3.77,2.62,-0.377,-0.262,-1.240,-1.741,0.012,5.38,3.18
gain,strong_fixed,accel_gain,0.1,on,4.30,3.82,2.63,-0.382,-0.263,-1.241,-1.739,0.009,5.42,3.22
gain,strong_fixed,accel_gain,0.1,on,4.35,3.86,2.64,-0.386,-0.264,-1.243,-1.734,0.006,5.46,3.26
gain,strong_fixed,accel_gain,0.1,on,4.40,3.87,2.63,-0.387,-0.263,-1.244,-1.731,0.005,5.51,3.30
gain,strong_fixed,accel_gain,0.1,on,4.45,3.89,2.61,-0.389,-0.261,-1.245,-1.725,0.008,5.56,3.34
gain,strong_fixed,accel_gain,0.1,on,4.50,3.90,2.59,-0.390,-0.259,-1.245,-1.723,0.010,5.62,3.37
gain,strong_fixed,accel_gain,0.1,on,4.55,3.92,2.56,-0.392,-0.256,-1.246,-1.717,0.015,5.66,3.40
gain,strong_fixed,accel_gain,0.1,on,4.60,3.92,2.53,-0.392,-0.253,-1.247,-1.714,0.018,5.71,3.43
gain,strong_fixed,accel_gain,0.1,on,4.65,3.92,2.49,-0.392,-0.249,-1.247,-1.708,0.023,5.74,3.45
gain,strong_fixed,accel_gain,0.1,on,4.70,3.94,2.47,-0.394,-0.247,-1.247,-1.705,0.026,5.77,3.47
gain,strong_fixed,accel_gain,0.1,on,4.75,3.96,2.44,-0.396,-0.244,-1.248,-1.700,0.031,5.79,3.48
gain,strong_fixed,accel_gain,0.1,on,4.80,3.96,2.42,-0.396,-0.242,-1.248,-1.697,0.035,5.81,3.49
gain,strong_fixed,accel_gain,0.1,on,4.85,3.98,2.40,-0.398,-0.240,-1.248,-1.691,0.040,5.82,3.49
gain,strong_fixed,accel_gain,0.1,on,4.90,3.99,2.38,-0.399,-0.238,-1.248,-1.688,0.043,5.83,3.50
gain,strong_fixed,accel_gain,0.1,on,4.95,4.01,2.37,-0.401,-0.237,-1.248,-1.683,0.048,5.83,3.50
gain,strong_fixed,accel_gain,0.1,on,5.00,3.99,2.33,-0.399,-0.233,-1.212,-1.615,0.118,6.18,3.62
gain,strong_fixed,accel_gain,0.1,on,5.05,3.93,2.27,-0.393,-0.227,-1.212,-1.615,0.118,6.18,3.62
gain,strong_fixed,accel_gain,0.1,on,5.10,3.85,2.18,-0.385,-0.218,-1.210,-1.615,0.119,6.22,3.61
gain,strong_fixed,accel_gain,0.1,on,5.15,3.77,2.10,-0.377,-0.210,-1.206,-1.614,0.121,6.24,3.60
gain,strong_fixed,accel_gain,0.1,on,5.20,3.67,2.02,-0.367,-0.202,-1.204,-1.613,0.122,6.26,3.57
gain,strong_fixed,accel_gain,0.1,on,5.25,3.55,1.92,-0.355,-0.192,-1.200,-1.612,0.124,6.27,3.55
gain,strong_fixed,accel_gain,0.1,on,5.30,3.44,1.84,-0.344,-0.184,-1.198,-1.612,0.125,6.26,3.51
gain,strong_fixed,accel_gain,0.1,on,5.35,3.32,1.75,-0.332,-0.175,-1.195,-1.611,0.127,6.25,3.47
gain,strong_fixed,accel_gain,0.1,on,5.40,3.23,1.68,-0.323,-0.168,-1.192,-1.610,0.128,6.23,3.42
gain,strong_fixed,accel_gain,0.1,on,5.45,3.13,1.63,-0.313,-0.163,-1.188,-1.610,0.131,6.20,3.38
gain,strong_fixed,accel_gain,0.1,on,5.50,3.04,1.57,-0.304,-0.157,-1.186,-1.609,0.132,6.15,3.33
gain,strong_fixed,accel_gain,0.1,on,5.55,2.98,1.53,-0.298,-0.153,-1.181,-1.609,0.134,6.12,3.30
gain,strong_fixed,accel_gain,0.1,on,5.60,2.94,1.50,-0.294,-0.150,-1.178,-1.608,0.136,6.08,3.25
gain,strong_fixed,accel_gain,0.1,on,5.65,2.92,1.48,-0.292,-0.148,-1.174,-1.608,0.138,6.06,3.23
gain,strong_fixed,accel_gain,0.1,on,5.70,2.90,1.47,-0.290,-0.147,-1.172,-1.608,0.140,6.03,3.20
gain,strong_fixed,accel_gain,0.1,on,5.75,2.91,1.48,-0.291,-0.148,-1.167,-1.607,0.142,6.02,3.17
gain,strong_fixed,accel_gain,0.1,on,5.80,2.93,1.50,-0.293,-0.150,-1.163,-1.607,0.144,6.02,3.16
gain,strong_fixed,accel_gain,0.1,on,5.85,2.95,1.53,-0.295,-0.153,-1.158,-1.607,0.147,6.03,3.15
gain,strong_fixed,accel_gain,0.1,on,5.90,2.98,1.58,-0.298,-0.158,-1.155,-1.607,0.149,6.06,3.14
gain,strong_fixed,accel_gain,0.1,on,5.95,3.03,1.63,-0.303,-0.163,-1.149,-1.607,0.152,6.10,3.14
gain,strong_fixed,accel_gain,0.1,on,6.00,3.03,1.66,-0.303,-0.166,-1.102,-1.653,0.157,6.47,2.88
gain,strong_fixed,accel_gain,0.1,on,6.05,3.01,1.67,-0.301,-0.167,-1.102,-1.653,0.157,6.47,2.88
gain,strong_fixed,accel_gain,0.1,on,6.10,2.96,1.66,-0.296,-0.166,-1.103,-1.656,0.155,6.43,2.84
gain,strong_fixed,accel_gain,0.1,on,6.15,2.90,1.64,-0.290,-0.164,-1.104,-1.662,0.151,6.40,2.81
gain,strong_fixed,accel_gain,0.1,on,6.20,2.84,1.61,-0.284,-0.161,-1.105,-1.666,0.149,6.37,2.77
gain,strong_fixed,accel_gain,0.1,on,6.25,2.77,1.57,-0.277,-0.157,-1.107,-1.672,0.144,6.33,2.74
gain,strong_fixed,accel_gain,0.1,on,6.30,2.71,1.54,-0.271,-0.154,-1.108,-1.676,0.142,6.28,2.70
gain,strong_fixed,accel_gain,0.1,on,6.35,2.65,1.50,-0.265,-0.150,-1.110,-1.682,0.137,6.23,2.67
gain,strong_fixed,accel_gain,0.1,on,6.40,2.60,1.47,-0.260,-0.147,-1.111,-1.686,0.135,6.16,2.63
gain,strong_fixed,accel_gain,0.1,on,6.45,2.57,1.45,-0.257,-0.145,-1.113,-1.693,0.131,6.11,2.60
gain,strong_fixed,accel_gain,0.1,on,6.50,2.54,1.42,-0.254,-0.142,-1.114,-1.697,0.129,6.03,2.56
gain,strong_fixed,accel_gain,0.1,on,6.55,2.52,1.39,-0.252,-0.139,-1.116,-1.704,0.125,5.98,2.52
gain,strong_fixed,accel_gain,0.1,on,6.60,2.52,1.36,-0.252,-0.136,-1.117,-1.708,0.123,5.91,2.48
gain,strong_fixed,accel_gain,0.1,on,6.65,2.53,1.35,-0.253,-0.135,-1.119,-1.714,0.121,5.87,2.45
gain,strong_fixed,accel_gain,0.1,on,6.70,2.53,1.33,-0.253,-0.133,-1.120,-1.718,0.119,5.82,2.40
gain,strong_fixed,accel_gain,0.1,on,6.75,2.56,1.33,-0.256,-0.133,-1.122,-1.724,0.117,5.80,2.37
gain,strong_fixed,accel_gain,0.1,on,6.80,2.60,1.34,-0.260,-0.134,-1.123,-1.727,0.116,5.77,2.33
gain,strong_fixed,accel_gain,0.1,on,6.85,2.63,1.35,-0.263,-0.135,-1.125,-1.733,0.114,5.76,2.31
gain,strong_fixed,accel_gain,0.1,on,6.90,2.68,1.38,-0.268,-0.138,-1.126,-1.736,0.113,5.75,2.28
gain,strong_fixed,accel_gain,0.1,on,6.95,2.73,1.41,-0.273,-0.141,-1.127,-1.740,0.112,5.75,2.26
gain,strong_fixed,accel_gain,0.1,on,7.00,2.78,1.49,-0.278,-0.149,-1.187,-1.742,0.054,5.66,2.87
gain,strong_fixed,accel_gain,0.1,on,7.05,2.83,1.59,-0.283,-0.159,-1.187,-1.742,0.054,5.66,2.87
gain,strong_fixed,accel_gain,0.1,on,7.10,2.86,1.71,-0.286,-0.171,-1.189,-1.741,0.051,5.65,2.89
gain,strong_fixed,accel_gain,0.1,on,7.15,2.89,1.83,-0.289,-0.183,-1.192,-1.740,0.047,5.64,2.91
gain,strong_fixed,accel_gain,0.1,on,7.20,2.90,1.95,-0.290,-0.195,-1.195,-1.738,0.045,5.64,2.95
gain,strong_fixed,accel_gain,0.1,on,7.25,2.92,2.06,-0.292,-0.206,-1.198,-1.737,0.041,5.65,2.98
gain,strong_fixed,accel_gain,0.1,on,7.30,2.92,2.16,-0.292,-0.216,-1.200,-1.736,0.039,5.67,3.05
gain,strong_fixed,accel_gain,0.1,on,7.35,2.92,2.24,-0.292,-0.224,-1.203,-1.735,0.036,5.68,3.09
gain,strong_fixed,accel_gain,0.1,on,7.40,2.91,2.32,-0.291,-0.232,-1.206,-1.734,0.033,5.71,3.16
gain,strong_fixed,accel_gain,0.1,on,7.45,2.91,2.38,-0.291,-0.238,-1.209,-1.733,0.030,5.73,3.21
gain,strong_fixed,accel_gain,0.1,on,7.50,2.90,2.41,-0.290,-0.241,-1.211,-1.733,0.028,5.74,3.27
gain,strong_fixed,accel_gain,0.1,on,7.55,2.88,2.43,-0.288,-0.243,-1.215,-1.732,0.024,5.75,3.31
gain,strong_fixed,accel_gain,0.1,on,7.60,2.84,2.43,-0.284,-0.243,-1.217,-1.732,0.022,5.76,3.35
gain,strong_fixed,accel_gain,0.1,on,7.65,2.81,2.41,-0.281,-0.241,-1.220,-1.732,0.019,5.76,3.38
gain,strong_fixed,accel_gain,0.1,on,7.70,2.78,2.39,-0.278,-0.239,-1.222,-1.732,0.017,5.75,3.40
gain,strong_fixed,accel_gain,0.1,on,7.75,2.76,2.34,-0.276,-0.234,-1.225,-1.731,0.014,5.74,3.40
gain,strong_fixed,accel_gain,0.1,on,7.80,2.74,2.29,-0.274,-0.229,-1.226,-1.731,0.013,5.72,3.40
gain,strong_fixed,accel_gain,0.1,on,7.85,2.71,2.23,-0.271,-0.223,-1.228,-1.731,0.011,5.70,3.39
gain,strong_fixed,accel_gain,0.1,on,7.90,2.68,2.15,-0.268,-0.215,-1.229,-1.731,0.010,5.68,3.36
gain,strong_fixed,accel_gain,0.1,on,7.95,2.63,2.08,-0.263,-0.208,-1.230,-1.731,0.008,5.66,3.34
gain,strong_fixed,accel_gain,0.1,on,8.00,2.60,2.00,-0.260,-0.200,-1.237,-1.719,0.011,5.85,3.05
gain,strong_fixed,accel_gain,0.1,on,8.05,2.57,1.94,-0.257,-0.194,-1.237,-1.719,0.011,5.85,3.05
gain,strong_fixed,accel_gain,0.1,on,8.10,2.54,1.88,-0.254,-0.188,-1.238,-1.718,0.012,5.84,3.07
gain,strong_fixed,accel_gain,0.1,on,8.15,2.51,1.82,-0.251,-0.182,-1.239,-1.714,0.016,5.83,3.09
gain,strong_fixed,accel_gain,0.1,on,8.20,2.48,1.78,-0.248,-0.178,-1.240,-1.712,0.018,5.82,3.10
gain,strong_fixed,accel_gain,0.1,on,8.25,2.46,1.73,-0.246,-0.173,-1.241,-1.708,0.022,5.81,3.11
gain,strong_fixed,accel_gain,0.1,on,8.30,2.44,1.70,-0.244,-0.170,-1.242,-1.706,0.024,5.79,3.12
gain,strong_fixed,accel_gain,0.1,on,8.35,2.43,1.67,-0.243,-0.167,-1.244,-1.702,0.028,5.77,3.13
gain,strong_fixed,accel_gain,0.1,on,8.40,2.43,1.66,-0.243,-0.166,-1.244,-1.700,0.031,5.75,3.14
gain,strong_fixed,accel_gain,0.1,on,8.45,2.44,1.65,-0.244,-0.165,-1.246,-1.696,0.035,5.73,3.15
gain,strong_fixed,accel_gain,0.1,on,8.50,2.46,1.66,-0.246,-0.166,-1.246,-1.694,0.037,5.72,3.17
gain,strong_fixed,accel_gain,0.1,on,8.55,2.49,1.67,-0.249,-0.167,-1.247,-1.690,0.041,5.71,3.19
gain,strong_fixed,accel_gain,0.1,on,8.60,2.53,1.70,-0.253,-0.170,-1.247,-1.688,0.043,5.70,3.21
gain,strong_fixed,accel_gain,0.1,on,8.65,2.58,1.73,-0.258,-0.173,-1.247,-1.684,0.046,5.70,3.22
gain,strong_fixed,accel_gain,0.1,on,8.70,2.63,1.76,-0.263,-0.176,-1.247,-1.683,0.048,5.71,3.25
gain,strong_fixed,accel_gain,0.1,on,8.75,2.69,1.80,-0.269,-0.180,-1.246,-1.679,0.052,5.74,3.28
gain,strong_fixed,accel_gain,0.1,on,8.80,2.74,1.83,-0.274,-0.183,-1.245,-1.677,0.054,5.77,3.30
gain,strong_fixed,accel_gain,0.1,on,8.85,2.79,1.87,-0.279,-0.187,-1.244,-1.673,0.057,5.81,3.33
gain,strong_fixed,accel_gain,0.1,on,8.90,2.85,1.91,-0.285,-0.191,-1.243,-1.672,0.058,5.85,3.35
gain,strong_fixed,accel_gain,0.1,on,8.95,2.91,1.95,-0.291,-0.195,-1.241,-1.669,0.061,5.89,3.37
gain,strong_fixed,accel_gain,0.1,on,9.00,2.90,1.94,-0.290,-0.194,-1.208,-1.688,0.052,6.17,2.98
gain,strong_fixed,accel_gain,0.1,on,9.05,2.85,1.90,-0.285,-0.190,-1.208,-1.688,0.052,6.17,2.98
gain,strong_fixed,accel_gain,0.1,on,9.10,2.78,1.84,-0.278,-0.184,-1.207,-1.689,0.051,6.15,2.94
gain,strong_fixed,accel_gain,0.1,on,9.15,2.70,1.78,-0.270,-0.178,-1.205,-1.693,0.050,6.14,2.90
gain,strong_fixed,accel_gain,0.1,on,9.20,2.63,1.71,-0.263,-0.171,-1.205,-1.695,0.049,6.14,2.87
gain,strong_fixed,accel_gain,0.1,on,9.25,2.56,1.64,-0.256,-0.164,-1.203,-1.698,0.048,6.12,2.84
gain,strong_fixed,accel_gain,0.1,on,9.30,2.51,1.58,-0.251,-0.158,-1.202,-1.699,0.048,6.10,2.81
gain,strong_fixed,accel_gain,0.1,on,9.35,2.47,1.52,-0.247,-0.152,-1.201,-1.701,0.047,6.08,2.77
gain,strong_fixed,accel_gain,0.1,on,9.40,2.44,1.47,-0.244,-0.147,-1.200,-1.703,0.047,6.05,2.74
gain,strong_fixed,accel_gain,0.1,on,9.45,2.42,1.44,-0.242,-0.144,-1.200,-1.705,0.047,6.02,2.71
gain,strong_fixed,accel_gain,0.1,on,9.50,2.41,1.41,-0.241,-0.141,-1.199,-1.706,0.046,6.00,2.68
gain,strong_fixed,accel_gain,0.1,on,9.55,2.41,1.40,-0.241,-0.140,-1.199,-1.708,0.046,5.97,2.66
gain,strong_fixed,accel_gain,0.1,on,9.60,2.42,1.39,-0.242,-0.139,-1.198,-1.709,0.046,5.95,2.64
gain,strong_fixed,accel_gain,0.1,on,9.65,2.44,1.39,-0.244,-0.139,-1.197,-1.711,0.045,5.93,2.63
gain,strong_fixed,accel_gain,0.1,on,9.70,2.44,1.40,-0.244,-0.140,-1.197,-1.712,0.045,5.92,2.62
gain,strong_fixed,accel_gain,0.1,on,9.75,2.46,1.42,-0.246,-0.142,-1.196,-1.714,0.046,5.92,2.61
gain,strong_fixed,accel_gain,0.1,on,9.80,2.48,1.45,-0.248,-0.145,-1.196,-1.715,0.046,5.92,2.61
gain,strong_fixed,accel_gain,0.1,on,9.85,2.48,1.49,-0.248,-0.149,-1.194,-1.716,0.047,5.93,2.61
gain,strong_fixed,accel_gain,0.1,on,9.90,2.48,1.53,-0.248,-0.153,-1.194,-1.716,0.047,5.95,2.62
gain,strong_fixed,accel_gain,0.1,on,9.95,2.49,1.58,-0.249,-0.158,-1.192,-1.716,0.048,5.97,2.64
gain,strong_fixed,accel_gain,0.1,on,10.00,2.48,1.62,-0.248,-0.162,-1.179,-1.730,0.059,6.18,2.83
gain,strong_fixed,accel_gain,0.1,on,10.05,2.47,1.65,-0.247,-0.165,-1.179,-1.730,0.059,6.18,2.83
gain,strong_fixed,accel_gain,0.1,on,10.10,2.44,1.68,-0.244,-0.168,-1.180,-1.732,0.059,6.16,2.79
gain,strong_fixed,accel_gain,0.1,on,10.15,2.41,1.70,-0.241,-0.170,-1.180,-1.735,0.059,6.15,2.76
gain,strong_fixed,accel_gain,0.1,on,10.20,2.37,1.71,-0.237,-0.171,-1.181,-1.738,0.058,6.14,2.73
gain,strong_fixed,accel_gain,0.1,on,10.25,2.32,1.71,-0.232,-0.171,-1.182,-1.741,0.057,6.12,2.71
gain,strong_fixed,accel_gain,0.1,on,10.30,2.27,1.71,-0.227,-0.171,-1.183,-1.743,0.057,6.10,2.69
gain,strong_fixed,accel_gain,0.1,on,10.35,2.22,1.70,-0.222,-0.170,-1.185,-1.745,0.056,6.08,2.68
gain,strong_fixed,accel_gain,0.1,on,10.40,2.16,1.69,-0.216,-0.169,-1.186,-1.747,0.056,6.05,2.67
gain,strong_fixed,accel_gain,0.1,on,10.45,2.11,1.67,-0.211,-0.167,-1.188,-1.750,0.055,6.02,2.66
gain,strong_fixed,accel_gain,0.1,on,10.50,2.06,1.65,-0.206,-0.165,-1.189,-1.751,0.054,5.98,2.65
gain,strong_fixed,accel_gain,0.1,on,10.55,2.01,1.63,-0.201,-0.163,-1.191,-1.754,0.054,5.94,2.64
gain,strong_fixed,accel_gain,0.1,on,10.60,1.97,1.61,-0.197,-0.161,-1.192,-1.755,0.053,5.90,2.64
gain,strong_fixed,accel_gain,0.1,on,10.65,1.92,1.59,-0.192,-0.159,-1.195,-1.758,0.052,5.86,2.63
gain,strong_fixed,accel_gain,0.1,on,10.70,1.88,1.57,-0.188,-0.157,-1.196,-1.759,0.052,5.82,2.62
gain,strong_fixed,accel_gain,0.1,on,10.75,1.84,1.55,-0.184,-0.155,-1.199,-1.761,0.051,5.78,2.62
gain,strong_fixed,accel_gain,0.1,on,10.80,1.81,1.53,-0.181,-0.153,-1.201,-1.762,0.050,5.74,2.61
gain,strong_fixed,accel_gain,0.1,on,10.85,1.78,1.51,-0.178,-0.151,-1.204,-1.764,0.049,5.70,2.60
gain,strong_fixed,accel_gain,0.1,on,10.90,1.76,1.50,-0.176,-0.150,-1.206,-1.765,0.048,5.66,2.59
gain,strong_fixed,accel_gain,0.1,on,10.95,1.75,1.50,-0.175,-0.150,-1.210,-1.767,0.047,5.62,2.59
gain,strong_fixed,accel_gain,0.1,on,11.00,1.77,1.52,-0.177,-0.152,-1.251,-1.763,0.036,5.62,2.80
gain,strong_fixed,accel_gain,0.1,on,11.05,1.82,1.56,-0.182,-0.156,-1.251,-1.763,0.036,5.62,2.80
gain,strong_fixed,accel_gain,0.1,on,11.10,1.89,1.62,-0.189,-0.162,-1.252,-1.762,0.034,5.62,2.84
gain,strong_fixed,accel_gain,0.1,on,11.15,1.98,1.69,-0.198,-0.169,-1.254,-1.758,0.032,5.63,2.88
gain,strong_fixed,accel_gain,0.1,on,11.20,2.07,1.76,-0.207,-0.176,-1.256,-1.755,0.030,5.63,2.92
gain,strong_fixed,accel_gain,0.1,on,11.25,2.18,1.84,-0.218,-0.184,-1.258,-1.751,0.028,5.65,2.97
gain,strong_fixed,accel_gain,0.1,on,11.30,2.29,1.91,-0.229,-0.191,-1.258,-1.749,0.027,5.67,3.02
gain,strong_fixed,accel_gain,0.1,on,11.35,2.41,1.99,-0.241,-0.199,-1.260,-1.745,0.026,5.70,3.07
gain,strong_fixed,accel_gain,0.1,on,11.40,2.51,2.05,-0.251,-0.205,-1.262,-1.742,0.026,5.74,3.12
gain,strong_fixed,accel_gain,0.1,on,11.45,2.61,2.10,-0.261,-0.210,-1.264,-1.737,0.026,5.79,3.18
gain,strong_fixed,accel_gain,0.1,on,11.50,2.71,2.14,-0.271,-0.214,-1.265,-1.735,0.027,5.84,3.23
gain,strong_fixed,accel_gain,0.1,on,11.55,2.80,2.18,-0.280,-0.218,-1.267,-1.731,0.028,5.89,3.28
gain,strong_fixed,accel_gain,0.1,on,11.60,2.88,2.22,-0.288,-0.222,-1.268,-1.728,0.029,5.94,3.33
gain,strong_fixed,accel_gain,0.1,on,11.65,2.97,2.25,-0.297,-0.225,-1.269,-1.724,0.031,5.99,3.37
gain,strong_fixed,accel_gain,0.1,on,11.70,3.05,2.27,-0.305,-0.227,-1.270,-1.722,0.032,6.04,3.41
gain,strong_fixed,accel_gain,0.1,on,11.75,3.12,2.28,-0.312,-0.228,-1.272,-1.718,0.035,6.08,3.44
gain,strong_fixed,accel_gain,0.1,on,11.80,3.18,2.28,-0.318,-0.228,-1.273,-1.716,0.037,6.11,3.46
gain,strong_fixed,accel_gain,0.1,on,11.85,3.23,2.27,-0.323,-0.227,-1.274,-1.714,0.039,6.15,3.48
gain,strong_fixed,accel_gain,0.1,on,11.90,3.27,2.26,-0.327,-0.226,-1.275,-1.713,0.040,6.17,3.48
gain,strong_fixed,accel_gain,0.1,on,11.95,3.30,2.24,-0.330,-0.224,-1.276,-1.710,0.042,6.19,3.48
gain,strong_fixed,accel_gain,0.1,on,12.00,3.29,2.19,-0.329,-0.219,-1.278,-1.708,0.045,5.96,3.06
gain,strong_fixed,accel_gain,0.1,on,12.05,3.23,2.11,-0.323,-0.211,-1.278,-1.708,0.045,5.96,3.06
gain,strong_fixed,accel_gain,0.1,on,12.10,3.16,2.03,-0.316,-0.203,-1.277,-1.709,0.044,5.96,3.04
gain,strong_fixed,accel_gain,0.1,on,12.15,3.07,1.94,-0.307,-0.194,-1.276,-1.710,0.042,5.95,3.02
gain,strong_fixed,accel_gain,0.1,on,12.20,2.98,1.85,-0.298,-0.185,-1.275,-1.711,0.041,5.94,3.00
gain,strong_fixed,accel_gain,0.1,on,12.25,2.88,1.77,-0.288,-0.177,-1.274,-1.712,0.039,5.93,2.96
gain,strong_fixed,accel_gain,0.1,on,12.30,2.79,1.69,-0.279,-0.169,-1.272,-1.713,0.038,5.91,2.93
gain,strong_fixed,accel_gain,0.1,on,12.35,2.70,1.62,-0.270,-0.162,-1.270,-1.713,0.035,5.89,2.88
gain,strong_fixed,accel_gain,0.1,on,12.40,2.63,1.56,-0.263,-0.156,-1.268,-1.714,0.034,5.86,2.85
gain,strong_fixed,accel_gain,0.1,on,12.45,2.57,1.51,-0.257,-0.151,-1.265,-1.715,0.030,5.83,2.81
gain,strong_fixed,accel_gain,0.1,on,12.50,2.53,1.48,-0.253,-0.148,-1.263,-1.715,0.029,5.81,2.77
gain,strong_fixed,accel_gain,0.1,on,12.55,2.50,1.46,-0.250,-0.146,-1.260,-1.715,0.026,5.79,2.74
gain,strong_fixed,accel_gain,0.1,on,12.60,2.50,1.45,-0.250,-0.145,-1.257,-1.715,0.023,5.78,2.71
gain,strong_fixed,accel_gain,0.1,on,12.65,2.51,1.45,-0.251,-0.145,-1.253,-1.715,0.020,5.77,2.69
gain,strong_fixed,accel_gain,0.1,on,12.70,2.52,1.47,-0.252,-0.147,-1.250,-1.715,0.019,5.78,2.68
gain,strong_fixed,accel_gain,0.1,on,12.75,2.55,1.50,-0.255,-0.150,-1.246,-1.713,0.018,5.80,2.67
gain,strong_fixed,accel_gain,0.1,on,12.80,2.59,1.54,-0.259,-0.154,-1.243,-1.713,0.018,5.83,2.67
gain,strong_fixed,accel_gain,0.1,on,12.85,2.63,1.59,-0.263,-0.159,-1.238,-1.711,0.019,5.88,2.68
gain,strong_fixed,accel_gain,0.1,on,12.90,2.68,1.64,-0.268,-0.164,-1.236,-1.710,0.021,5.93,2.70
gain,strong_fixed,accel_gain,0.1,on,12.95,2.73,1.70,-0.273,-0.170,-1.231,-1.708,0.024,6.00,2.73
gain,strong_fixed,accel_gain,0.1,on,13.00,2.74,1.74,-0.274,-0.174,-1.174,-1.704,0.069,6.44,2.91
gain,strong_fixed,accel_gain,0.1,on,13.05,2.73,1.76,-0.273,-0.176,-1.174,-1.704,0.069,6.44,2.91
gain,strong_fixed,accel_gain,0.1,on,13.10,2.70,1.77,-0.270,-0.177,-1.173,-1.706,0.070,6.44,2.88
gain,strong_fixed,accel_gain,0.1,on,13.15,2.65,1.76,-0.265,-0.176,-1.171,-1.710,0.071,6.43,2.84
gain,strong_fixed,accel_gain,0.1,on,13.20,2.60,1.74,-0.260,-0.174,-1.169,-1.712,0.072,6.42,2.80
gain,strong_fixed,accel_gain,0.1,on,13.25,2.54,1.70,-0.254,-0.170,-1.167,-1.717,0.072,6.42,2.76
gain,strong_fixed,accel_gain,0.1,on,13.30,2.48,1.67,-0.248,-0.167,-1.167,-1.719,0.073,6.41,2.72
gain,strong_fixed,accel_gain,0.1,on,13.35,2.42,1.62,-0.242,-0.162,-1.165,-1.724,0.074,6.39,2.69
gain,strong_fixed,accel_gain,0.1,on,13.40,2.36,1.58,-0.236,-0.158,-1.164,-1.727,0.074,6.37,2.65
gain,strong_fixed,accel_gain,0.1,on,13.45,2.30,1.54,-0.230,-0.154,-1.164,-1.732,0.075,6.35,2.60
gain,strong_fixed,accel_gain,0.1,on,13.50,2.24,1.50,-0.224,-0.150,-1.163,-1.734,0.075,6.31,2.56
gain,strong_fixed,accel_gain,0.1,on,13.55,2.18,1.46,-0.218,-0.146,-1.164,-1.739,0.076,6.27,2.51
gain,strong_fixed,accel_gain,0.1,on,13.60,2.13,1.41,-0.213,-0.141,-1.164,-1.741,0.076,6.23,2.47
gain,strong_fixed,accel_gain,0.1,on,13.65,2.08,1.37,-0.208,-0.137,-1.165,-1.745,0.076,6.19,2.43
gain,strong_fixed,accel_gain,0.1,on,13.70,2.03,1.33,-0.203,-0.133,-1.165,-1.747,0.076,6.14,2.39
gain,strong_fixed,accel_gain,0.1,on,13.75,1.99,1.30,-0.199,-0.130,-1.166,-1.751,0.076,6.09,2.36
gain,strong_fixed,accel_gain,0.1,on,13.80,1.96,1.28,-0.196,-0.128,-1.167,-1.753,0.076,6.04,2.33
gain,strong_fixed,accel_gain,0.1,on,13.85,1.94,1.26,-0.194,-0.126,-1.168,-1.757,0.076,5.99,2.30
gain,strong_fixed,accel_gain,0.1,on,13.90,1.93,1.26,-0.193,-0.126,-1.169,-1.759,0.076,5.94,2.28
gain,strong_fixed,accel_gain,0.1,on,13.95,1.94,1.28,-0.194,-0.128,-1.170,-1.762,0.076,5.90,2.27
gain,strong_fixed,accel_gain,0.1,on,14.00,1.97,1.32,-0.197,-0.132,-1.223,-1.766,0.039,5.67,2.69
gain,strong_fixed,accel_gain,0.1,on,14.05,1.99,1.39,-0.199,-0.139,-1.223,-1.766,0.039,5.67,2.69
gain,strong_fixed,accel_gain,0.1,on,14.10,2.01,1.47,-0.201,-0.147,-1.225,-1.765,0.038,5.66,2.72
gain,strong_fixed,accel_gain,0.1,on,14.15,2.05,1.56,-0.205,-0.156,-1.229,-1.763,0.035,5.64,2.74
gain,strong_fixed,accel_gain,0.1,on,14.20,2.08,1.65,-0.208,-0.165,-1.231,-1.762,0.033,5.64,2.77
gain,strong_fixed,accel_gain,0.1,on,14.25,2.12,1.73,-0.212,-0.173,-1.233,-1.759,0.030,5.64,2.81
gain,strong_fixed,accel_gain,0.1,on,14.30,2.15,1.81,-0.215,-0.181,-1.235,-1.758,0.028,5.65,2.85
gain,strong_fixed,accel_gain,0.1,on,14.35,2.18,1.89,-0.218,-0.189,-1.237,-1.755,0.025,5.67,2.90
gain,strong_fixed,accel_gain,0.1,on,14.40,2.21,1.96,-0.221,-0.196,-1.239,-1.753,0.023,5.69,2.95
gain,strong_fixed,accel_gain,0.1,on,14.45,2.25,2.01,-0.225,-0.201,-1.241,-1.751,0.021,5.72,3.01
gain,strong_fixed,accel_gain,0.1,on,14.50,2.28,2.06,-0.228,-0.206,-1.243,-1.749,0.020,5.75,3.06
gain,strong_fixed,accel_gain,0.1,on,14.55,2.31,2.08,-0.231,-0.208,-1.246,-1.747,0.019,5.78,3.11
gain,strong_fixed,accel_gain,0.1,on,14.60,2.33,2.10,-0.233,-0.210,-1.248,-1.746,0.018,5.81,3.15
gain,strong_fixed,accel_gain,0.1,on,14.65,2.36,2.11,-0.236,-0.211,-1.251,-1.743,0.019,5.83,3.19
gain,strong_fixed,accel_gain,0.1,on,14.70,2.39,2.10,-0.239,-0.210,-1.253,-1.742,0.019,5.84,3.21
gain,strong_fixed,accel_gain,0.1,on,14.75,2.43,2.09,-0.243,-0.209,-1.257,-1.740,0.021,5.85,3.24
gain,strong_fixed,accel_gain,0.1,on,14.80,2.45,2.05,-0.245,-0.205,-1.260,-1.739,0.023,5.85,3.25
gain,strong_fixed,accel_gain,0.1,on,14.85,2.47,2.02,-0.247,-0.202,-1.264,-1.737,0.026,5.85,3.25
gain,strong_fixed,accel_gain,0.1,on,14.90,2.48,1.97,-0.248,-0.197,-1.266,-1.736,0.028,5.84,3.25
gain,strong_fixed,accel_gain,0.1,on,14.95,2.48,1.92,-0.248,-0.192,-1.270,-1.735,0.031,5.83,3.25
gain,strong_fixed,accel_gain,0.1,on,15.00,2.49,1.87,-0.249,-0.187,-1.267,-1.708,0.036,5.96,3.06
gain,strong_fixed,accel_gain,0.1,on,15.05,2.49,1.82,-0.249,-0.182,-1.267,-1.708,0.036,5.96,3.06
gain,strong_fixed,accel_gain,0.1,on,15.10,2.50,1.76,-0.250,-0.176,-1.265,-1.707,0.035,6.00,3.06
gain,strong_fixed,accel_gain,0.1,on,15.15,2.51,1.72,-0.251,-0.172,-1.262,-1.705,0.034,6.04,3.05
gain,strong_fixed,accel_gain,0.1,on,15.20,2.52,1.68,-0.252,-0.168,-1.259,-1.703,0.033,6.07,3.05
gain,strong_fixed,accel_gain,0.1,on,15.25,2.53,1.64,-0.253,-0.164,-1.254,-1.701,0.033,6.11,3.04
gain,strong_fixed,accel_gain,0.1,on,15.30,2.54,1.61,-0.254,-0.161,-1.252,-1.700,0.033,6.14,3.03
gain,strong_fixed,accel_gain,0.1,on,15.35,2.55,1.58,-0.255,-0.158,-1.246,-1.697,0.034,6.18,3.01
gain,strong_fixed,accel_gain,0.1,on,15.40,2.57,1.56,-0.257,-0.156,-1.243,-1.696,0.034,6.22,3.00
gain,strong_fixed,accel_gain,0.1,on,15.45,2.59,1.55,-0.259,-0.155,-1.237,-1.694,0.036,6.26,2.99
gain,strong_fixed,accel_gain,0.1,on,15.50,2.62,1.55,-0.262,-0.155,-1.234,-1.693,0.038,6.30,2.97
gain,strong_fixed,accel_gain,0.1,on,15.55,2.66,1.56,-0.266,-0.156,-1.229,-1.690,0.041,6.34,2.96
gain,strong_fixed,accel_gain,0.1,on,15.60,2.71,1.57,-0.271,-0.157,-1.225,-1.689,0.043,6.38,2.96
gain,strong_fixed,accel_gain,0.1,on,15.65,2.76,1.60,-0.276,-0.160,-1.220,-1.686,0.047,6.43,2.95
gain,strong_fixed,accel_gain,0.1,on,15.70,2.83,1.63,-0.283,-0.163,-1.217,-1.685,0.050,6.47,2.95
gain,strong_fixed,accel_gain,0.1,on,15.75,2.89,1.66,-0.289,-0.166,-1.212,-1.683,0.054,6.52,2.96
gain,strong_fixed,accel_gain,0.1,on,15.80,2.94,1.70,-0.294,-0.170,-1.210,-1.682,0.056,6.57,2.96
gain,strong_fixed,accel_gain,0.1,on,15.85,3.00,1.74,-0.300,-0.174,-1.206,-1.681,0.059,6.62,2.97
gain,strong_fixed,accel_gain,0.1,on,15.90,3.05,1.78,-0.305,-0.178,-1.204,-1.681,0.060,6.66,2.99
gain,strong_fixed,accel_gain,0.1,on,15.95,3.10,1.82,-0.310,-0.182,-1.202,-1.681,0.062,6.70,3.00
gain,strong_fixed,accel_gain,0.1,on,16.00,3.08,1.82,-0.308,-0.182,-1.204,-1.740,0.036,6.16,2.49
gain,strong_fixed,accel_gain,0.1,on,16.05,3.01,1.80,-0.301,-0.180,-1.204,-1.740,0.036,6.16,2.49
gain,strong_fixed,accel_gain,0.1,on,16.10,2.91,1.75,-0.291,-0.175,-1.205,-1.743,0.036,6.14,2.46
gain,strong_fixed,accel_gain,0.1,on,16.15,2.80,1.70,-0.280,-0.170,-1.207,-1.748,0.036,6.12,2.43
gain,strong_fixed,accel_gain,0.1,on,16.20,2.70,1.64,-0.270,-0.164,-1.208,-1.750,0.037,6.10,2.41
gain,strong_fixed,accel_gain,0.1,on,16.25,2.59,1.58,-0.259,-0.158,-1.210,-1.755,0.038,6.07,2.38
gain,strong_fixed,accel_gain,0.1,on,16.30,2.48,1.52,-0.248,-0.152,-1.211,-1.757,0.038,6.02,2.36
gain,strong_fixed,accel_gain,0.1,on,16.35,2.37,1.46,-0.237,-0.146,-1.214,-1.760,0.039,5.97,2.33
gain,strong_fixed,accel_gain,0.1,on,16.40,2.27,1.42,-0.227,-0.142,-1.215,-1.762,0.040,5.91,2.31
gain,strong_fixed,accel_gain,0.1,on,16.45,2.19,1.38,-0.219,-0.138,-1.218,-1.766,0.041,5.84,2.29
gain,strong_fixed,accel_gain,0.1,on,16.50,2.12,1.35,-0.212,-0.135,-1.219,-1.767,0.042,5.77,2.27
gain,strong_fixed,accel_gain,0.1,on,16.55,2.07,1.33,-0.207,-0.133,-1.222,-1.769,0.043,5.70,2.26
gain,strong_fixed,accel_gain,0.1,on,16.60,2.03,1.32,-0.203,-0.132,-1.224,-1.771,0.043,5.64,2.25
gain,strong_fixed,accel_gain,0.1,on,16.65,1.99,1.30,-0.199,-0.130,-1.227,-1.772,0.044,5.57,2.25
gain,strong_fixed,accel_gain,0.1,on,16.70,1.97,1.31,-0.197,-0.131,-1.228,-1.773,0.044,5.52,2.26
gain,strong_fixed,accel_gain,0.1,on,16.75,1.96,1.33,-0.196,-0.133,-1.231,-1.774,0.045,5.48,2.26
gain,strong_fixed,accel_gain,0.1,on,16.80,1.97,1.36,-0.197,-0.136,-1.233,-1.774,0.045,5.45,2.28
gain,strong_fixed,accel_gain,0.1,on,16.85,1.98,1.40,-0.198,-0.140,-1.236,-1.775,0.045,5.43,2.30
gain,strong_fixed,accel_gain,0.1,on,16.90,2.00,1.44,-0.200,-0.144,-1.237,-1.775,0.045,5.42,2.32
gain,strong_fixed,accel_gain,0.1,on,16.95,2.03,1.49,-0.203,-0.149,-1.239,-1.775,0.045,5.42,2.36
gain,strong_fixed,accel_gain,0.1,on,17.00,2.07,1.56,-0.207,-0.156,-1.251,-1.720,0.016,5.93,3.11
gain,strong_fixed,accel_gain,0.1,on,17.05,2.11,1.62,-0.211,-0.162,-1.251,-1.720,0.016,5.93,3.11
gain,strong_fixed,accel_gain,0.1,on,17.10,2.16,1.68,-0.216,-0.168,-1.252,-1.718,0.018,5.92,3.14
gain,strong_fixed,accel_gain,0.1,on,17.15,2.20,1.74,-0.220,-0.174,-1.254,-1.714,0.022,5.91,3.17
gain,strong_fixed,accel_gain,0.1,on,17.20,2.24,1.79,-0.224,-0.179,-1.254,-1.712,0.024,5.91,3.20
gain,strong_fixed,accel_gain,0.1,on,17.25,2.27,1.83,-0.227,-0.183,-1.255,-1.709,0.027,5.91,3.23
gain,strong_fixed,accel_gain,0.1,on,17.30,2.29,1.85,-0.229,-0.185,-1.256,-1.707,0.028,5.92,3.26
gain,strong_fixed,accel_gain,0.1,on,17.35,2.32,1.87,-0.232,-0.187,-1.256,-1.704,0.031,5.94,3.29
gain,strong_fixed,accel_gain,0.1,on,17.40,2.34,1.88,-0.234,-0.188,-1.256,-1.703,0.032,5.96,3.31
gain,strong_fixed,accel_gain,0.1,on,17.45,2.35,1.87,-0.235,-0.187,-1.256,-1.701,0.033,5.98,3.33
gain,strong_fixed,accel_gain,0.1,on,17.50,2.37,1.86,-0.237,-0.186,-1.255,-1.701,0.034,6.00,3.34
gain,strong_fixed,accel_gain,0.1,on,17.55,2.39,1.85,-0.239,-0.185,-1.254,-1.700,0.034,6.02,3.34
gain,strong_fixed,accel_gain,0.1,on,17.60,2.41,1.83,-0.241,-0.183,-1.254,-1.700,0.034,6.04,3.33
gain,strong_fixed,accel_gain,0.1,on,17.65,2.43,1.81,-0.243,-0.181,-1.252,-1.700,0.033,6.06,3.31
gain,strong_fixed,accel_gain,0.1,on,17.70,2.45,1.79,-0.245,-0.179,-1.251,-1.700,0.033,6.07,3.28
gain,strong_fixed,accel_gain,0.1,on,17.75,2.47,1.77,-0.247,-0.177,-1.249,-1.701,0.031,6.09,3.24
gain,strong_fixed,accel_gain,0.1,on,17.80,2.48,1.74,-0.248,-0.174,-1.248,-1.702,0.030,6.10,3.20
gain,strong_fixed,accel_gain,0.1,on,17.85,2.50,1.71,-0.250,-0.171,-1.246,-1.704,0.027,6.12,3.15
gain,strong_fixed,accel_gain,0.1,on,17.90,2.52,1.68,-0.252,-0.168,-1.245,-1.705,0.026,6.13,3.11
gain,strong_fixed,accel_gain,0.1,on,17.95,2.53,1.66,-0.253,-0.166,-1.242,-1.707,0.023,6.14,3.05
gain,strong_fixed,accel_gain,0.15,on,0.00,0.00,0.00,0.000,0.000,-1.085,-1.649,0.046,6.12,2.33
gain,strong_fixed,accel_gain,0.15,on,0.05,0.00,0.00,0.000,0.000,-1.085,-1.649,0.046,6.12,2.33
gain,strong_fixed,accel_gain,0.15,on,0.10,0.00,0.00,0.000,0.000,-1.084,-1.648,0.047,6.16,2.37
gain,strong_fixed,accel_gain,0.15,on,0.15,0.00,0.00,0.000,0.000,-1.083,-1.646,0.047,6.18,2.40
gain,strong_fixed,accel_gain,0.15,on,0.20,0.00,0.00,0.000,0.000,-1.083,-1.645,0.048,6.20,2.44
gain,strong_fixed,accel_gain,0.15,on,0.25,0.00,0.00,0.000,0.000,-1.082,-1.642,0.048,6.21,2.47
gain,strong_fixed,accel_gain,0.15,on,0.30,0.00,0.00,0.000,0.000,-1.082,-1.641,0.048,6.22,2.50
gain,strong_fixed,accel_gain,0.15,on,0.35,0.00,0.00,0.000,0.000,-1.081,-1.637,0.048,6.23,2.53
gain,strong_fixed,accel_gain,0.15,on,0.40,0.00,0.00,0.000,0.000,-1.081,-1.635,0.048,6.23,2.57
gain,strong_fixed,accel_gain,0.15,on,0.45,0.00,0.00,0.000,0.000,-1.081,-1.632,0.049,6.23,2.61
gain,strong_fixed,accel_gain,0.15,on,0.50,0.00,0.00,0.000,0.000,-1.081,-1.630,0.049,6.22,2.65
gain,strong_fixed,accel_gain,0.15,on,0.55,0.00,0.00,0.000,0.000,-1.080,-1.627,0.050,6.22,2.68
gain,strong_fixed,accel_gain,0.15,on,0.60,0.00,0.00,0.000,0.000,-1.080,-1.625,0.051,6.22,2.72
gain,strong_fixed,accel_gain,0.15,on,0.65,0.00,0.00,0.000,0.000,-1.080,-1.622,0.052,6.22,2.75
gain,strong_fixed,accel_gain,0.15,on,0.70,0.00,0.00,0.000,0.000,-1.080,-1.620,0.052,6.21,2.78
gain,strong_fixed,accel_gain,0.15,on,0.75,0.00,0.00,0.000,0.000,-1.079,-1.617,0.054,6.21,2.81
gain,strong_fixed,accel_gain,0.15,on,0.80,0.00,0.00,0.000,0.000,-1.079,-1.616,0.055,6.21,2.83
gain,strong_fixed,accel_gain,0.15,on,0.85,0.00,0.00,0.000,0.000,-1.078,-1.614,0.056,6.21,2.85
gain,strong_fixed,accel_gain,0.15,on,0.90,0.00,0.00,0.000,0.000,-1.078,-1.612,0.056,6.21,2.87
gain,strong_fixed,accel_gain,0.15,on,0.95,3.49,2.20,-0.523,-0.330,-1.078,-1.611,0.057,6.22,2.88
gain,strong_fixed,accel_gain,0.15,on,1.00,3.27,2.07,-0.490,-0.311,-1.190,-1.726,0.108,6.08,2.36
gain,strong_fixed,accel_gain,0.15,on,1.05,3.00,1.88,-0.450,-0.282,-1.190,-1.726,0.108,6.08,2.36
gain,strong_fixed,accel_gain,0.15,on,1.10,2.74,1.68,-0.411,-0.251,-1.200,-1.742,0.127,5.92,2.23
gain,strong_fixed,accel_gain,0.15,on,1.15,2.51,1.48,-0.377,-0.223,-1.209,-1.757,0.145,5.76,2.09
gain,strong_fixed,accel_gain,0.15,on,1.20,2.35,1.28,-0.352,-0.191,-1.214,-1.767,0.156,5.58,1.93
gain,strong_fixed,accel_gain,0.15,on,1.25,2.25,1.10,-0.337,-0.165,-1.222,-1.781,0.172,5.35,1.75
gain,strong_fixed,accel_gain,0.15,on,1.30,2.19,0.98,-0.328,-0.147,-1.225,-1.788,0.180,5.12,1.57
gain,strong_fixed,accel_gain,0.15,on,1.35,2.21,0.88,-0.332,-0.132,-1.231,-1.801,0.194,4.87,1.38
gain,strong_fixed,accel_gain,0.15,on,1.40,2.23,0.81,-0.334,-0.121,-1.235,-1.808,0.201,4.67,1.21
gain,strong_fixed,accel_gain,0.15,on,1.45,2.27,0.77,-0.340,-0.115,-1.240,-1.817,0.212,4.50,1.04
gain,strong_fixed,accel_gain,0.15,on,1.50,2.35,0.72,-0.353,-0.108,-1.242,-1.822,0.217,4.39,0.91
gain,strong_fixed,accel_gain,0.15,on,1.55,2.43,0.68,-0.364,-0.102,-1.245,-1.829,0.225,4.33,0.80
gain,strong_fixed,accel_gain,0.15,on,1.60,2.56,0.68,-0.383,-0.102,-1.247,-1.832,0.228,4.33,0.73
gain,strong_fixed,accel_gain,0.15,on,1.65,2.69,0.69,-0.403,-0.104,-1.250,-1.835,0.233,4.37,0.68
gain,strong_fixed,accel_gain,0.15,on,1.70,2.79,0.74,-0.418,-0.111,-1.251,-1.836,0.234,4.46,0.67
gain,strong_fixed,accel_gain,0.15,on,1.75,2.95,0.82,-0.443,-0.123,-1.254,-1.837,0.236,4.58,0.68
gain,strong_fixed,accel_gain,0.15,on,1.80,3.14,0.96,-0.470,-0.144,-1.255,-1.836,0.237,4.73,0.73
gain,strong_fixed,accel_gain,0.15,on,1.85,3.28,1.11,-0.493,-0.166,-1.258,-1.834,0.236,4.90,0.81
gain,strong_fixed,accel_gain,0.15,on,1.90,3.48,1.32,-0.522,-0.197,-1.259,-1.832,0.235,5.08,0.91
gain,strong_fixed,accel_gain,0.15,on,1.95,3.72,1.53,-0.558,-0.230,-1.261,-1.827,0.232,5.28,1.05
gain,strong_fixed,accel_gain,0.15,on,2.00,3.91,1.74,-0.587,-0.262,-1.398,-1.691,0.274,5.04,3.44
gain,strong_fixed,accel_gain,0.15,on,2.05,4.06,1.94,-0.609,-0.292,-1.398,-1.691,0.274,5.04,3.44
gain,strong_fixed,accel_gain,0.15,on,2.10,4.15,2.12,-0.623,-0.318,-1.404,-1.684,0.279,5.00,3.45
gain,strong_fixed,accel_gain,0.15,on,2.15,4.20,2.27,-0.630,-0.340,-1.407,-1.681,0.281,4.99,3.47
gain,strong_fixed,accel_gain,0.15,on,2.20,4.20,2.38,-0.631,-0.357,-1.411,-1.673,0.284,5.02,3.52
gain,strong_fixed,accel_gain,0.15,on,2.25,4.18,2.47,-0.627,-0.370,-1.413,-1.670,0.285,5.08,3.59
gain,strong_fixed,accel_gain,0.15,on,2.30,4.12,2.52,-0.618,-0.378,-1.415,-1.663,0.287,5.17,3.68
gain,strong_fixed,accel_gain,0.15,on,2.35,4.05,2.54,-0.607,-0.381,-1.416,-1.660,0.288,5.26,3.77
gain,strong_fixed,accel_gain,0.15,on,2.40,3.96,2.53,-0.594,-0.379,-1.417,-1.652,0.288,5.35,3.86
gain,strong_fixed,accel_gain,0.15,on,2.45,3.87,2.48,-0.580,-0.372,-1.418,-1.649,0.288,5.41,3.93
gain,strong_fixed,accel_gain,0.15,on,2.50,3.76,2.41,-0.565,-0.362,-1.418,-1.643,0.288,5.46,3.99
gain,strong_fixed,accel_gain,0.15,on,2.55,3.68,2.34,-0.551,-0.351,-1.417,-1.641,0.288,5.48,4.02
gain,strong_fixed,accel_gain,0.15,on,2.60,3.58,2.25,-0.537,-0.338,-1.416,-1.635,0.287,5.48,4.04
gain,strong_fixed,accel_gain,0.15,on,2.65,3.49,2.17,-0.524,-0.325,-1.416,-1.632,0.286,5.47,4.02
gain,strong_fixed,accel_gain,0.15,on,2.70,3.43,2.08,-0.515,-0.312,-1.414,-1.628,0.284,5.43,3.99
gain,strong_fixed,accel_gain,0.15,on,2.75,3.39,2.00,-0.508,-0.300,-1.412,-1.626,0.283,5.39,3.93
gain,strong_fixed,accel_gain,0.15,on,2.80,3.37,1.94,-0.506,-0.291,-1.409,-1.621,0.280,5.35,3.87
gain,strong_fixed,accel_gain,0.15,on,2.85,3.37,1.88,-0.506,-0.282,-1.408,-1.619,0.279,5.31,3.79
gain,strong_fixed,accel_gain,0.15,on,2.90,3.40,1.84,-0.510,-0.276,-1.404,-1.616,0.275,5.27,3.71
gain,strong_fixed,accel_gain,0.15,on,2.95,3.45,1.82,-0.517,-0.272,-1.401,-1.614,0.273,5.26,3.63
gain,strong_fixed,accel_gain,0.15,on,3.00,3.52,1.79,-0.527,-0.268,-1.215,-1.543,0.127,6.98,3.31
gain,strong_fixed,accel_gain,0.15,on,3.05,3.61,1.77,-0.541,-0.265,-1.215,-1.543,0.127,6.98,3.31
gain,strong_fixed,accel_gain,0.15,on,3.10,3.72,1.75,-0.559,-0.262,-1.203,-1.541,0.120,7.05,3.30
gain,strong_fixed,accel_gain,0.15,on,3.15,3.86,1.75,-0.579,-0.262,-1.197,-1.540,0.117,7.10,3.27
gain,strong_fixed,accel_gain,0.15,on,3.20,3.99,1.75,-0.599,-0.262,-1.184,-1.539,0.111,7.17,3.24
gain,strong_fixed,accel_gain,0.15,on,3.25,4.13,1.75,-0.620,-0.262,-1.179,-1.539,0.109,7.24,3.20
gain,strong_fixed,accel_gain,0.15,on,3.30,4.27,1.75,-0.641,-0.262,-1.168,-1.539,0.105,7.32,3.16
gain,strong_fixed,accel_gain,0.15,on,3.35,4.42,1.75,-0.663,-0.263,-1.163,-1.539,0.103,7.41,3.11
gain,strong_fixed,accel_gain,0.15,on,3.40,4.56,1.76,-0.684,-0.264,-1.153,-1.540,0.099,7.51,3.06
gain,strong_fixed,accel_gain,0.15,on,3.45,4.69,1.76,-0.703,-0.265,-1.149,-1.541,0.097,7.61,3.01
gain,strong_fixed,accel_gain,0.15,on,3.50,4.81,1.76,-0.722,-0.265,-1.141,-1.543,0.093,7.70,2.96
gain,strong_fixed,accel_gain,0.15,on,3.55,4.92,1.76,-0.738,-0.265,-1.138,-1.545,0.091,7.79,2.91
gain,strong_fixed,accel_gain,0.15,on,3.60,5.02,1.76,-0.753,-0.264,-1.131,-1.550,0.086,7.86,2.86
gain,strong_fixed,accel_gain,0.15,on,3.65,5.12,1.75,-0.768,-0.262,-1.129,-1.552,0.083,7.92,2.81
gain,strong_fixed,accel_gain,0.15,on,3.70,5.20,1.73,-0.779,-0.260,-1.125,-1.558,0.078,7.97,2.75
gain,strong_fixed,accel_gain,0.15,on,3.75,5.26,1.71,-0.789,-0.257,-1.123,-1.562,0.074,7.99,2.69
gain,strong_fixed,accel_gain,0.15,on,3.80,5.30,1.69,-0.795,-0.253,-1.121,-1.570,0.066,7.99,2.62
gain,strong_fixed,accel_gain,0.15,on,3.85,5.32,1.65,-0.798,-0.248,-1.120,-1.575,0.062,7.98,2.56
gain,strong_fixed,accel_gain,0.15,on,3.90,5.32,1.61,-0.799,-0.242,-1.120,-1.584,0.053,7.94,2.48
gain,strong_fixed,accel_gain,0.15,on,3.95,5.32,1.57,-0.798,-0.235,-1.120,-1.588,0.049,7.88,2.40
gain,strong_fixed,accel_gain,0.15,on,4.00,5.23,1.54,-0.784,-0.232,-1.207,-1.781,0.165,5.75,1.31
gain,strong_fixed,accel_gain,0.15,on,4.05,5.08,1.53,-0.763,-0.229,-1.207,-1.781,0.165,5.75,1.31
gain,strong_fixed,accel_gain,0.15,on,4.10,4.90,1.54,-0.735,-0.230,-1.216,-1.790,0.177,5.68,1.29
gain,strong_fixed,accel_gain,0.15,on,4.15,4.70,1.56,-0.706,-0.234,-1.221,-1.794,0.183,5.61,1.29
gain,strong_fixed,accel_gain,0.15,on,4.20,4.52,1.59,-0.678,-0.238,-1.232,-1.803,0.196,5.52,1.29
gain,strong_fixed,accel_gain,0.15,on,4.25,4.33,1.64,-0.649,-0.245,-1.237,-1.806,0.202,5.40,1.30
gain,strong_fixed,accel_gain,0.15,on,4.30,4.15,1.69,-0.622,-0.254,-1.247,-1.812,0.212,5.25,1.33
gain,strong_fixed,accel_gain,0.15,on,4.35,3.98,1.76,-0.597,-0.264,-1.252,-1.815,0.217,5.09,1.37
gain,strong_fixed,accel_gain,0.15,on,4.40,3.85,1.84,-0.577,-0.276,-1.263,-1.821,0.228,4.91,1.43
gain,strong_fixed,accel_gain,0.15,on,4.45,3.75,1.94,-0.563,-0.291,-1.268,-1.823,0.232,4.74,1.49
gain,strong_fixed,accel_gain,0.15,on,4.50,3.68,2.05,-0.551,-0.307,-1.277,-1.826,0.240,4.57,1.58
gain,strong_fixed,accel_gain,0.15,on,4.55,3.63,2.15,-0.544,-0.322,-1.281,-1.827,0.244,4.42,1.67
gain,strong_fixed,accel_gain,0.15,on,4.60,3.60,2.25,-0.540,-0.337,-1.290,-1.828,0.251,4.28,1.78
gain,strong_fixed,accel_gain,0.15,on,4.65,3.61,2.35,-0.541,-0.353,-1.294,-1.828,0.253,4.19,1.88
gain,strong_fixed,accel_gain,0.15,on,4.70,3.64,2.46,-0.545,-0.370,-1.301,-1.828,0.258,4.12,2.00
gain,strong_fixed,accel_gain,0.15,on,4.75,3.69,2.56,-0.553,-0.384,-1.305,-1.827,0.259,4.09,2.12
gain,strong_fixed,accel_gain,0.15,on,4.80,3.75,2.64,-0.563,-0.396,-1.311,-1.825,0.262,4.09,2.24
gain,strong_fixed,accel_gain,0.15,on,4.85,3.80,2.71,-0.570,-0.407,-1.314,-1.824,0.263,4.13,2.35
gain,strong_fixed,accel_gain,0.15,on,4.90,3.88,2.76,-0.582,-0.414,-1.319,-1.821,0.265,4.20,2.46
gain,strong_fixed,accel_gain,0.15,on,4.95,3.95,2.78,-0.593,-0.418,-1.321,-1.819,0.265,4.29,2.56
gain,strong_fixed,accel_gain,0.15,on,5.00,4.07,2.79,-0.611,-0.418,-1.322,-1.694,0.201,5.60,3.42
gain,strong_fixed,accel_gain,0.15,on,5.05,4.18,2.78,-0.628,-0.417,-1.322,-1.694,0.201,5.60,3.42
gain,strong_fixed,accel_gain,0.15,on,5.10,4.29,2.75,-0.643,-0.412,-1.317,-1.686,0.194,5.64,3.45
gain,strong_fixed,accel_gain,0.15,on,5.15,4.36,2.71,-0.655,-0.406,-1.315,-1.682,0.191,5.69,3.47
gain,strong_fixed,accel_gain,0.15,on,5.20,4.40,2.65,-0.660,-0.397,-1.309,-1.673,0.183,5.76,3.49
gain,strong_fixed,accel_gain,0.15,on,5.25,4.43,2.58,-0.665,-0.388,-1.306,-1.669,0.179,5.85,3.49
gain,strong_fixed,accel_gain,0.15,on,5.30,4.45,2.50,-0.667,-0.375,-1.300,-1.662,0.172,5.95,3.47
gain,strong_fixed,accel_gain,0.15,on,5.35,4.46,2.43,-0.669,-0.365,-1.297,-1.659,0.169,6.04,3.45
gain,strong_fixed,accel_gain,0.15,on,5.40,4.49,2.37,-0.673,-0.356,-1.290,-1.652,0.162,6.14,3.42
gain,strong_fixed,accel_gain,0.15,on,5.45,4.53,2.32,-0.679,-0.348,-1.287,-1.649,0.158,6.21,3.37
gain,strong_fixed,accel_gain,0.15,on,5.50,4.62,2.28,-0.693,-0.342,-1.281,-1.643,0.152,6.28,3.32
gain,strong_fixed,accel_gain,0.15,on,5.55,4.72,2.26,-0.708,-0.339,-1.278,-1.640,0.149,6.33,3.27
gain,strong_fixed,accel_gain,0.15,on,5.60,4.85,2.26,-0.728,-0.339,-1.272,-1.634,0.142,6.37,3.22
gain,strong_fixed,accel_gain,0.15,on,5.65,5.01,2.26,-0.752,-0.339,-1.269,-1.631,0.139,6.41,3.18
gain,strong_fixed,accel_gain,0.15,on,5.70,5.19,2.27,-0.778,-0.341,-1.263,-1.626,0.133,6.46,3.13
gain,strong_fixed,accel_gain,0.15,on,5.75,5.35,2.30,-0.803,-0.345,-1.260,-1.624,0.131,6.52,3.10
gain,strong_fixed,accel_gain,0.15,on,5.80,5.52,2.33,-0.828,-0.350,-1.253,-1.618,0.125,6.59,3.07
gain,strong_fixed,accel_gain,0.15,on,5.85,5.69,2.38,-0.854,-0.357,-1.250,-1.616,0.122,6.68,3.05
gain,strong_fixed,accel_gain,0.15,on,5.90,5.87,2.44,-0.881,-0.365,-1.244,-1.612,0.117,6.78,3.03
gain,strong_fixed,accel_gain,0.15,on,5.95,6.06,2.51,-0.909,-0.376,-1.241,-1.610,0.115,6.88,3.02
gain,strong_fixed,accel_gain,0.15,on,6.00,6.05,2.51,-0.907,-0.376,-1.203,-1.641,0.074,6.42,2.53
gain,strong_fixed,accel_gain,0.15,on,6.05,5.96,2.47,-0.895,-0.370,-1.203,-1.641,0.074,6.42,2.53
gain,strong_fixed,accel_gain,0.15,on,6.10,5.82,2.40,-0.873,-0.360,-1.201,-1.647,0.073,6.39,2.46
gain,strong_fixed,accel_gain,0.15,on,6.15,5.65,2.33,-0.847,-0.349,-1.200,-1.650,0.072,6.36,2.40
gain,strong_fixed,accel_gain,0.15,on,6.20,5.47,2.23,-0.820,-0.335,-1.198,-1.657,0.072,6.33,2.34
gain,strong_fixed,accel_gain,0.15,on,6.25,5.26,2.12,-0.789,-0.318,-1.198,-1.660,0.072,6.29,2.28
gain,strong_fixed,accel_gain,0.15,on,6.30,5.05,2.01,-0.758,-0.302,-1.196,-1.667,0.073,6.22,2.22
gain,strong_fixed,accel_gain,0.15,on,6.35,4.85,1.90,-0.727,-0.284,-1.195,-1.670,0.074,6.13,2.16
gain,strong_fixed,accel_gain,0.15,on,6.40,4.67,1.80,-0.700,-0.269,-1.194,-1.676,0.076,6.02,2.10
gain,strong_fixed,accel_gain,0.15,on,6.45,4.49,1.72,-0.673,-0.258,-1.193,-1.679,0.077,5.89,2.03
gain,strong_fixed,accel_gain,0.15,on,6.50,4.31,1.63,-0.647,-0.245,-1.191,-1.685,0.078,5.74,1.96
gain,strong_fixed,accel_gain,0.15,on,6.55,4.15,1.55,-0.623,-0.232,-1.189,-1.687,0.079,5.60,1.90
gain,strong_fixed,accel_gain,0.15,on,6.60,4.03,1.49,-0.604,-0.223,-1.187,-1.692,0.080,5.46,1.83
gain,strong_fixed,accel_gain,0.15,on,6.65,3.88,1.43,-0.582,-0.214,-1.185,-1.694,0.081,5.34,1.78
gain,strong_fixed,accel_gain,0.15,on,6.70,3.74,1.38,-0.560,-0.208,-1.183,-1.698,0.081,5.22,1.74
gain,strong_fixed,accel_gain,0.15,on,6.75,3.62,1.35,-0.543,-0.203,-1.181,-1.699,0.082,5.13,1.70
gain,strong_fixed,accel_gain,0.15,on,6.80,3.53,1.36,-0.530,-0.204,-1.178,-1.702,0.082,5.06,1.68
gain,strong_fixed,accel_gain,0.15,on,6.85,3.43,1.38,-0.514,-0.206,-1.176,-1.702,0.081,5.00,1.67
gain,strong_fixed,accel_gain,0.15,on,6.90,3.35,1.42,-0.502,-0.214,-1.173,-1.704,0.080,4.97,1.67
gain,strong_fixed,accel_gain,0.15,on,6.95,3.30,1.48,-0.495,-0.222,-1.171,-1.704,0.080,4.95,1.69
gain,strong_fixed,accel_gain,0.15,on,7.00,3.26,1.57,-0.490,-0.236,-1.118,-1.603,0.035,6.15,3.10
gain,strong_fixed,accel_gain,0.15,on,7.05,3.26,1.69,-0.489,-0.253,-1.118,-1.603,0.035,6.15,3.10
gain,strong_fixed,accel_gain,0.15,on,7.10,3.28,1.81,-0.493,-0.272,-1.117,-1.598,0.039,6.16,3.14
gain,strong_fixed,accel_gain,0.15,on,7.15,3.33,1.95,-0.500,-0.292,-1.116,-1.592,0.046,6.16,3.18
gain,strong_fixed,accel_gain,0.15,on,7.20,3.39,2.07,-0.508,-0.311,-1.115,-1.590,0.049,6.17,3.23
gain,strong_fixed,accel_gain,0.15,on,7.25,3.47,2.20,-0.521,-0.330,-1.114,-1.584,0.054,6.18,3.32
gain,strong_fixed,accel_gain,0.15,on,7.30,3.55,2.30,-0.533,-0.345,-1.113,-1.581,0.057,6.20,3.40
gain,strong_fixed,accel_gain,0.15,on,7.35,3.64,2.39,-0.545,-0.359,-1.112,-1.577,0.061,6.23,3.48
gain,strong_fixed,accel_gain,0.15,on,7.40,3.70,2.46,-0.554,-0.369,-1.111,-1.576,0.063,6.27,3.57
gain,strong_fixed,accel_gain,0.15,on,7.45,3.75,2.50,-0.562,-0.375,-1.110,-1.573,0.066,6.31,3.64
gain,strong_fixed,accel_gain,0.15,on,7.50,3.79,2.51,-0.568,-0.377,-1.109,-1.571,0.068,6.38,3.70
gain,strong_fixed,accel_gain,0.15,on,7.55,3.82,2.51,-0.573,-0.377,-1.107,-1.570,0.070,6.44,3.73
gain,strong_fixed,accel_gain,0.15,on,7.60,3.84,2.49,-0.576,-0.374,-1.107,-1.569,0.071,6.50,3.75
gain,strong_fixed,accel_gain,0.15,on,7.65,3.85,2.46,-0.577,-0.369,-1.105,-1.569,0.071,6.55,3.75
gain,strong_fixed,accel_gain,0.15,on,7.70,3.86,2.42,-0.579,-0.362,-1.103,-1.569,0.072,6.59,3.72
gain,strong_fixed,accel_gain,0.15,on,7.75,3.85,2.36,-0.578,-0.354,-1.101,-1.571,0.071,6.61,3.67
gain,strong_fixed,accel_gain,0.15,on,7.80,3.84,2.29,-0.576,-0.344,-1.099,-1.572,0.071,6.62,3.60
gain,strong_fixed,accel_gain,0.15,on,7.85,3.82,2.22,-0.573,-0.333,-1.096,-1.574,0.070,6.62,3.52
gain,strong_fixed,accel_gain,0.15,on,7.90,3.80,2.15,-0.570,-0.322,-1.094,-1.576,0.070,6.61,3.41
gain,strong_fixed,accel_gain,0.15,on,7.95,3.77,2.08,-0.566,-0.311,-1.090,-1.579,0.070,6.60,3.30
gain,strong_fixed,accel_gain,0.15,on,8.00,3.69,2.00,-0.554,-0.300,-1.039,-1.642,0.091,6.52,2.22
gain,strong_fixed,accel_gain,0.15,on,8.05,3.60,1.93,-0.540,-0.290,-1.039,-1.642,0.091,6.52,2.22
gain,strong_fixed,accel_gain,0.15,on,8.10,3.48,1.87,-0.522,-0.280,-1.039,-1.645,0.091,6.50,2.22
gain,strong_fixed,accel_gain,0.15,on,8.15,3.37,1.80,-0.505,-0.270,-1.039,-1.647,0.091,6.48,2.22
gain,strong_fixed,accel_gain,0.15,on,8.20,3.25,1.74,-0.488,-0.261,-1.039,-1.650,0.092,6.44,2.21
gain,strong_fixed,accel_gain,0.15,on,8.25,3.15,1.69,-0.473,-0.253,-1.039,-1.652,0.092,6.38,2.19
gain,strong_fixed,accel_gain,0.15,on,8.30,3.05,1.64,-0.457,-0.246,-1.040,-1.656,0.092,6.30,2.16
gain,strong_fixed,accel_gain,0.15,on,8.35,2.95,1.60,-0.443,-0.241,-1.040,-1.658,0.093,6.21,2.13
gain,strong_fixed,accel_gain,0.15,on,8.40,2.86,1.58,-0.429,-0.236,-1.040,-1.662,0.094,6.11,2.10
gain,strong_fixed,accel_gain,0.15,on,8.45,2.78,1.56,-0.416,-0.234,-1.040,-1.664,0.094,6.01,2.06
gain,strong_fixed,accel_gain,0.15,on,8.50,2.70,1.55,-0.405,-0.232,-1.039,-1.669,0.096,5.91,2.03
gain,strong_fixed,accel_gain,0.15,on,8.55,2.63,1.54,-0.395,-0.230,-1.039,-1.671,0.097,5.82,2.00
gain,strong_fixed,accel_gain,0.15,on,8.60,2.57,1.53,-0.386,-0.229,-1.039,-1.674,0.099,5.75,1.98
gain,strong_fixed,accel_gain,0.15,on,8.65,2.51,1.52,-0.376,-0.228,-1.039,-1.676,0.099,5.68,1.96
gain,strong_fixed,accel_gain,0.15,on,8.70,2.45,1.52,-0.368,-0.228,-1.039,-1.680,0.101,5.63,1.94
gain,strong_fixed,accel_gain,0.15,on,8.75,2.40,1.52,-0.360,-0.227,-1.038,-1.682,0.102,5.60,1.94
gain,strong_fixed,accel_gain,0.15,on,8.80,2.36,1.51,-0.354,-0.227,-1.038,-1.685,0.103,5.57,1.93
gain,strong_fixed,accel_gain,0.15,on,8.85,2.31,1.51,-0.346,-0.226,-1.038,-1.686,0.104,5.56,1.94
gain,strong_fixed,accel_gain,0.15,on,8.90,2.27,1.51,-0.340,-0.226,-1.038,-1.688,0.105,5.56,1.94
gain,strong_fixed,accel_gain,0.15,on,8.95,2.22,1.51,-0.334,-0.226,-1.038,-1.689,0.105,5.56,1.95
gain,strong_fixed,accel_gain,0.15,on,9.00,2.19,1.54,-0.329,-0.231,-1.062,-1.637,0.068,5.93,2.75
gain,strong_fixed,accel_gain,0.15,on,9.05,2.19,1.58,-0.328,-0.237,-1.062,-1.637,0.068,5.93,2.75
gain,strong_fixed,accel_gain,0.15,on,9.10,2.19,1.64,-0.329,-0.246,-1.065,-1.631,0.065,5.92,2.79
gain,strong_fixed,accel_gain,0.15,on,9.15,2.21,1.70,-0.331,-0.255,-1.066,-1.629,0.064,5.91,2.84
gain,strong_fixed,accel_gain,0.15,on,9.20,2.24,1.76,-0.335,-0.263,-1.069,-1.624,0.062,5.90,2.88
gain,strong_fixed,accel_gain,0.15,on,9.25,2.29,1.82,-0.343,-0.273,-1.071,-1.619,0.061,5.89,2.95
gain,strong_fixed,accel_gain,0.15,on,9.30,2.34,1.87,-0.351,-0.281,-1.072,-1.616,0.061,5.88,2.99
gain,strong_fixed,accel_gain,0.15,on,9.35,2.40,1.92,-0.360,-0.289,-1.074,-1.612,0.061,5.88,3.05
gain,strong_fixed,accel_gain,0.15,on,9.40,2.45,1.96,-0.367,-0.294,-1.074,-1.610,0.061,5.89,3.11
gain,strong_fixed,accel_gain,0.15,on,9.45,2.50,1.99,-0.375,-0.298,-1.075,-1.605,0.063,5.92,3.17
gain,strong_fixed,accel_gain,0.15,on,9.50,2.55,2.01,-0.382,-0.301,-1.075,-1.603,0.064,5.95,3.21
gain,strong_fixed,accel_gain,0.15,on,9.55,2.60,2.02,-0.390,-0.303,-1.075,-1.598,0.066,6.00,3.26
gain,strong_fixed,accel_gain,0.15,on,9.60,2.64,2.03,-0.396,-0.304,-1.075,-1.596,0.067,6.04,3.28
gain,strong_fixed,accel_gain,0.15,on,9.65,2.68,2.03,-0.402,-0.304,-1.075,-1.595,0.069,6.10,3.31
gain,strong_fixed,accel_gain,0.15,on,9.70,2.72,2.02,-0.409,-0.303,-1.074,-1.591,0.072,6.16,3.32
gain,strong_fixed,accel_gain,0.15,on,9.75,2.76,2.00,-0.414,-0.300,-1.073,-1.588,0.074,6.23,3.32
gain,strong_fixed,accel_gain,0.15,on,9.80,2.78,1.97,-0.418,-0.296,-1.072,-1.587,0.075,6.27,3.32
gain,strong_fixed,accel_gain,0.15,on,9.85,2.81,1.94,-0.421,-0.291,-1.071,-1.586,0.077,6.33,3.30
gain,strong_fixed,accel_gain,0.15,on,9.90,2.83,1.91,-0.424,-0.286,-1.070,-1.585,0.078,6.37,3.27
gain,strong_fixed,accel_gain,0.15,on,9.95,2.83,1.87,-0.425,-0.280,-1.068,-1.584,0.080,6.41,3.23
gain,strong_fixed,accel_gain,0.15,on,10.00,2.78,1.80,-0.417,-0.270,-1.062,-1.615,0.071,6.23,2.45
gain,strong_fixed,accel_gain,0.15,on,10.05,2.69,1.71,-0.404,-0.257,-1.062,-1.615,0.071,6.23,2.45
gain,strong_fixed,accel_gain,0.15,on,10.10,2.59,1.63,-0.389,-0.244,-1.062,-1.618,0.070,6.23,2.43
gain,strong_fixed,accel_gain,0.15,on,10.15,2.48,1.54,-0.373,-0.231,-1.062,-1.619,0.069,6.23,2.40
gain,strong_fixed,accel_gain,0.15,on,10.20,2.38,1.46,-0.357,-0.219,-1.062,-1.622,0.069,6.22,2.37
gain,strong_fixed,accel_gain,0.15,on,10.25,2.28,1.38,-0.343,-0.207,-1.062,-1.623,0.068,6.18,2.33
gain,strong_fixed,accel_gain,0.15,on,10.30,2.20,1.31,-0.331,-0.196,-1.063,-1.625,0.068,6.12,2.28
gain,strong_fixed,accel_gain,0.15,on,10.35,2.13,1.25,-0.320,-0.187,-1.063,-1.625,0.068,6.05,2.23
gain,strong_fixed,accel_gain,0.15,on,10.40,2.08,1.20,-0.312,-0.180,-1.063,-1.626,0.067,5.98,2.19
gain,strong_fixed,accel_gain,0.15,on,10.45,2.03,1.17,-0.305,-0.175,-1.063,-1.626,0.067,5.89,2.15
gain,strong_fixed,accel_gain,0.15,on,10.50,2.00,1.15,-0.300,-0.172,-1.063,-1.626,0.067,5.82,2.12
gain,strong_fixed,accel_gain,0.15,on,10.55,1.97,1.13,-0.296,-0.170,-1.063,-1.626,0.067,5.75,2.10
gain,strong_fixed,accel_gain,0.15,on,10.60,1.97,1.14,-0.295,-0.170,-1.063,-1.625,0.067,5.70,2.09
gain,strong_fixed,accel_gain,0.15,on,10.65,1.96,1.14,-0.294,-0.172,-1.063,-1.625,0.067,5.66,2.10
gain,strong_fixed,accel_gain,0.15,on,10.70,1.96,1.16,-0.294,-0.175,-1.063,-1.623,0.068,5.64,2.11
gain,strong_fixed,accel_gain,0.15,on,10.75,1.96,1.20,-0.295,-0.179,-1.063,-1.622,0.068,5.64,2.14
gain,strong_fixed,accel_gain,0.15,on,10.80,1.98,1.24,-0.296,-0.186,-1.063,-1.620,0.068,5.66,2.18
gain,strong_fixed,accel_gain,0.15,on,10.85,1.98,1.29,-0.297,-0.193,-1.063,-1.619,0.068,5.68,2.23
gain,strong_fixed,accel_gain,0.15,on,10.90,1.99,1.34,-0.298,-0.202,-1.063,-1.616,0.070,5.72,2.28
gain,strong_fixed,accel_gain,0.15,on,10.95,2.00,1.40,-0.299,-0.209,-1.062,-1.615,0.071,5.76,2.35
gain,strong_fixed,accel_gain,0.15,on,11.00,1.99,1.42,-0.298,-0.214,-1.036,-1.591,0.104,6.36,2.74
gain,strong_fixed,accel_gain,0.15,on,11.05,1.97,1.44,-0.295,-0.216,-1.036,-1.591,0.104,6.36,2.74
gain,strong_fixed,accel_gain,0.15,on,11.10,1.94,1.43,-0.291,-0.215,-1.035,-1.594,0.103,6.35,2.70
gain,strong_fixed,accel_gain,0.15,on,11.15,1.90,1.41,-0.285,-0.212,-1.035,-1.596,0.103,6.33,2.66
gain,strong_fixed,accel_gain,0.15,on,11.20,1.86,1.38,-0.279,-0.207,-1.035,-1.599,0.101,6.32,2.62
gain,strong_fixed,accel_gain,0.15,on,11.25,1.82,1.34,-0.273,-0.202,-1.035,-1.600,0.101,6.30,2.58
gain,strong_fixed,accel_gain,0.15,on,11.30,1.78,1.31,-0.267,-0.196,-1.036,-1.603,0.099,6.27,2.55
gain,strong_fixed,accel_gain,0.15,on,11.35,1.74,1.26,-0.261,-0.189,-1.036,-1.605,0.099,6.24,2.51
gain,strong_fixed,accel_gain,0.15,on,11.40,1.71,1.22,-0.257,-0.183,-1.036,-1.607,0.098,6.20,2.47
gain,strong_fixed,accel_gain,0.15,on,11.45,1.68,1.19,-0.253,-0.178,-1.036,-1.608,0.097,6.16,2.43
gain,strong_fixed,accel_gain,0.15,on,11.50,1.66,1.15,-0.249,-0.173,-1.036,-1.610,0.097,6.12,2.40
gain,strong_fixed,accel_gain,0.15,on,11.55,1.64,1.12,-0.245,-0.168,-1.036,-1.611,0.097,6.07,2.36
gain,strong_fixed,accel_gain,0.15,on,11.60,1.62,1.09,-0.244,-0.164,-1.036,-1.611,0.097,6.03,2.33
gain,strong_fixed,accel_gain,0.15,on,11.65,1.61,1.07,-0.242,-0.160,-1.036,-1.612,0.097,6.00,2.30
gain,strong_fixed,accel_gain,0.15,on,11.70,1.61,1.05,-0.241,-0.158,-1.035,-1.612,0.097,5.98,2.28
gain,strong_fixed,accel_gain,0.15,on,11.75,1.61,1.05,-0.241,-0.157,-1.035,-1.612,0.097,5.96,2.27
gain,strong_fixed,accel_gain,0.15,on,11.80,1.61,1.05,-0.242,-0.158,-1.035,-1.613,0.098,5.96,2.26
gain,strong_fixed,accel_gain,0.15,on,11.85,1.62,1.07,-0.243,-0.160,-1.035,-1.613,0.098,5.96,2.26
gain,strong_fixed,accel_gain,0.15,on,11.90,1.63,1.09,-0.245,-0.164,-1.035,-1.613,0.097,5.97,2.26
gain,strong_fixed,accel_gain,0.15,on,11.95,1.65,1.13,-0.248,-0.169,-1.036,-1.613,0.097,5.99,2.27
gain,strong_fixed,accel_gain,0.15,on,12.00,1.67,1.16,-0.250,-0.175,-1.051,-1.604,0.085,6.15,2.61
gain,strong_fixed,accel_gain,0.15,on,12.05,1.68,1.20,-0.252,-0.180,-1.051,-1.604,0.085,6.15,2.61
gain,strong_fixed,accel_gain,0.15,on,12.10,1.68,1.23,-0.252,-0.185,-1.054,-1.604,0.082,6.14,2.61
gain,strong_fixed,accel_gain,0.15,on,12.15,1.68,1.26,-0.252,-0.189,-1.055,-1.604,0.081,6.12,2.61
gain,strong_fixed,accel_gain,0.15,on,12.20,1.67,1.28,-0.251,-0.192,-1.057,-1.603,0.079,6.10,2.61
gain,strong_fixed,accel_gain,0.15,on,12.25,1.66,1.30,-0.249,-0.195,-1.058,-1.603,0.078,6.09,2.62
gain,strong_fixed,accel_gain,0.15,on,12.30,1.64,1.31,-0.247,-0.196,-1.060,-1.603,0.077,6.08,2.64
gain,strong_fixed,accel_gain,0.15,on,12.35,1.62,1.31,-0.244,-0.197,-1.061,-1.604,0.076,6.07,2.66
gain,strong_fixed,accel_gain,0.15,on,12.40,1.60,1.31,-0.241,-0.197,-1.063,-1.604,0.074,6.07,2.68
gain,strong_fixed,accel_gain,0.15,on,12.45,1.58,1.31,-0.237,-0.197,-1.064,-1.605,0.073,6.06,2.69
gain,strong_fixed,accel_gain,0.15,on,12.50,1.56,1.30,-0.234,-0.195,-1.066,-1.606,0.071,6.05,2.70
gain,strong_fixed,accel_gain,0.15,on,12.55,1.54,1.29,-0.230,-0.194,-1.067,-1.606,0.069,6.04,2.71
gain,strong_fixed,accel_gain,0.15,on,12.60,1.51,1.28,-0.227,-0.191,-1.069,-1.607,0.067,6.02,2.71
gain,strong_fixed,accel_gain,0.15,on,12.65,1.49,1.26,-0.224,-0.189,-1.070,-1.608,0.066,6.00,2.70
gain,strong_fixed,accel_gain,0.15,on,12.70,1.47,1.24,-0.221,-0.186,-1.072,-1.609,0.063,5.98,2.69
gain,strong_fixed,accel_gain,0.15,on,12.75,1.46,1.23,-0.219,-0.184,-1.073,-1.610,0.062,5.96,2.68
gain,strong_fixed,accel_gain,0.15,on,12.80,1.45,1.21,-0.218,-0.182,-1.074,-1.610,0.061,5.93,2.66
gain,strong_fixed,accel_gain,0.15,on,12.85,1.45,1.20,-0.217,-0.180,-1.075,-1.611,0.060,5.91,2.64
gain,strong_fixed,accel_gain,0.15,on,12.90,1.45,1.19,-0.217,-0.178,-1.076,-1.611,0.059,5.89,2.62
gain,strong_fixed,accel_gain,0.15,on,12.95,1.45,1.18,-0.218,-0.177,-1.077,-1.612,0.058,5.87,2.59
gain,strong_fixed,accel_gain,0.15,on,13.00,1.46,1.18,-0.220,-0.177,-1.061,-1.597,0.079,6.29,2.68
gain,strong_fixed,accel_gain,0.15,on,13.05,1.48,1.18,-0.222,-0.178,-1.061,-1.597,0.079,6.29,2.68
gain,strong_fixed,accel_gain,0.15,on,13.10,1.49,1.19,-0.224,-0.178,-1.061,-1.598,0.079,6.28,2.68
gain,strong_fixed,accel_gain,0.15,on,13.15,1.51,1.20,-0.227,-0.179,-1.061,-1.599,0.078,6.27,2.68
gain,strong_fixed,accel_gain,0.15,on,13.20,1.53,1.20,-0.229,-0.180,-1.061,-1.600,0.078,6.27,2.67
gain,strong_fixed,accel_gain,0.15,on,13.25,1.54,1.20,-0.231,-0.181,-1.061,-1.602,0.077,6.27,2.66
gain,strong_fixed,accel_gain,0.15,on,13.30,1.55,1.21,-0.233,-0.181,-1.061,-1.602,0.076,6.27,2.65
gain,strong_fixed,accel_gain,0.15,on,13.35,1.56,1.21,-0.234,-0.181,-1.061,-1.604,0.076,6.27,2.62
gain,strong_fixed,accel_gain,0.15,on,13.40,1.56,1.21,-0.235,-0.181,-1.061,-1.606,0.075,6.28,2.61
gain,strong_fixed,accel_gain,0.15,on,13.45,1.57,1.21,-0.235,-0.181,-1.061,-1.608,0.074,6.29,2.58
gain,strong_fixed,accel_gain,0.15,on,13.50,1.57,1.20,-0.236,-0.180,-1.061,-1.609,0.074,6.29,2.57
gain,strong_fixed,accel_gain,0.15,on,13.55,1.57,1.20,-0.236,-0.179,-1.060,-1.612,0.073,6.29,2.54
gain,strong_fixed,accel_gain,0.15,on,13.60,1.57,1.19,-0.236,-0.178,-1.060,-1.613,0.073,6.29,2.52
gain,strong_fixed,accel_gain,0.15,on,13.65,1.58,1.18,-0.237,-0.177,-1.060,-1.616,0.073,6.29,2.49
gain,strong_fixed,accel_gain,0.15,on,13.70,1.58,1.17,-0.237,-0.176,-1.059,-1.617,0.073,6.29,2.47
gain,strong_fixed,accel_gain,0.15,on,13.75,1.58,1.16,-0.237,-0.175,-1.059,-1.619,0.073,6.29,2.43
gain,strong_fixed,accel_gain,0.15,on,13.80,1.58,1.15,-0.238,-0.173,-1.059,-1.620,0.072,6.28,2.41
gain,strong_fixed,accel_gain,0.15,on,13.85,1.59,1.15,-0.238,-0.172,-1.059,-1.622,0.072,6.28,2.38
gain,strong_fixed,accel_gain,0.15,on,13.90,1.59,1.14,-0.238,-0.171,-1.059,-1.623,0.072,6.28,2.36
gain,strong_fixed,accel_gain,0.15,on,13.95,1.59,1.13,-0.238,-0.170,-1.059,-1.623,0.072,6.27,2.34
gain,strong_fixed,accel_gain,0.15,on,14.00,1.59,1.14,-0.238,-0.170,-1.098,-1.619,0.035,5.97,2.55
gain,strong_fixed,accel_gain,0.15,on,14.05,1.58,1.15,-0.238,-0.172,-1.098,-1.619,0.035,5.97,2.55
gain,strong_fixed,accel_gain,0.15,on,14.10,1.58,1.16,-0.237,-0.174,-1.101,-1.618,0.034,5.96,2.56
gain,strong_fixed,accel_gain,0.15,on,14.15,1.58,1.18,-0.238,-0.177,-1.102,-1.618,0.033,5.94,2.57
gain,strong_fixed,accel_gain,0.15,on,14.20,1.59,1.20,-0.238,-0.181,-1.104,-1.616,0.032,5.93,2.58
gain,strong_fixed,accel_gain,0.15,on,14.25,1.59,1.23,-0.239,-0.184,-1.105,-1.616,0.032,5.93,2.60
gain,strong_fixed,accel_gain,0.15,on,14.30,1.59,1.25,-0.239,-0.188,-1.106,-1.614,0.032,5.93,2.62
gain,strong_fixed,accel_gain,0.15,on,14.35,1.60,1.28,-0.239,-0.191,-1.106,-1.614,0.032,5.93,2.65
gain,strong_fixed,accel_gain,0.15,on,14.40,1.60,1.30,-0.240,-0.194,-1.107,-1.612,0.032,5.94,2.67
gain,strong_fixed,accel_gain,0.15,on,14.45,1.60,1.31,-0.240,-0.197,-1.108,-1.612,0.032,5.96,2.69
gain,strong_fixed,accel_gain,0.15,on,14.50,1.60,1.33,-0.240,-0.199,-1.109,-1.611,0.032,5.97,2.71
gain,strong_fixed,accel_gain,0.15,on,14.55,1.60,1.34,-0.240,-0.201,-1.109,-1.611,0.032,5.99,2.73
gain,strong_fixed,accel_gain,0.15,on,14.60,1.59,1.34,-0.239,-0.202,-1.110,-1.611,0.032,6.01,2.75
gain,strong_fixed,accel_gain,0.15,on,14.65,1.59,1.35,-0.238,-0.202,-1.111,-1.611,0.031,6.03,2.76
gain,strong_fixed,accel_gain,0.15,on,14.70,1.59,1.34,-0.238,-0.202,-1.112,-1.611,0.030,6.04,2.77
gain,strong_fixed,accel_gain,0.15,on,14.75,1.58,1.34,-0.237,-0.201,-1.112,-1.612,0.030,6.05,2.77
gain,strong_fixed,accel_gain,0.15,on,14.80,1.58,1.33,-0.237,-0.199,-1.113,-1.612,0.029,6.05,2.77
gain,strong_fixed,accel_gain,0.15,on,14.85,1.57,1.32,-0.236,-0.197,-1.113,-1.613,0.028,6.05,2.75
gain,strong_fixed,accel_gain,0.15,on,14.90,1.57,1.30,-0.236,-0.195,-1.114,-1.614,0.027,6.05,2.74
gain,strong_fixed,accel_gain,0.15,on,14.95,1.57,1.28,-0.235,-0.192,-1.114,-1.615,0.026,6.05,2.72
gain,strong_fixed,accel_gain,0.15,on,15.00,1.57,1.27,-0.235,-0.190,-1.113,-1.628,0.018,6.14,2.51
gain,strong_fixed,accel_gain,0.15,on,15.05,1.57,1.25,-0.236,-0.188,-1.113,-1.628,0.018,6.14,2.51
gain,strong_fixed,accel_gain,0.15,on,15.10,1.57,1.25,-0.236,-0.187,-1.114,-1.628,0.017,6.13,2.52
gain,strong_fixed,accel_gain,0.15,on,15.15,1.58,1.24,-0.237,-0.187,-1.115,-1.628,0.016,6.13,2.52
gain,strong_fixed,accel_gain,0.15,on,15.20,1.59,1.24,-0.239,-0.187,-1.116,-1.629,0.015,6.13,2.53
gain,strong_fixed,accel_gain,0.15,on,15.25,1.61,1.25,-0.241,-0.187,-1.117,-1.629,0.015,6.12,2.53
gain,strong_fixed,accel_gain,0.15,on,15.30,1.62,1.25,-0.244,-0.188,-1.118,-1.629,0.014,6.11,2.53
gain,strong_fixed,accel_gain,0.15,on,15.35,1.64,1.26,-0.246,-0.190,-1.118,-1.630,0.013,6.10,2.52
gain,strong_fixed,accel_gain,0.15,on,15.40,1.66,1.27,-0.249,-0.191,-1.118,-1.630,0.013,6.10,2.52
gain,strong_fixed,accel_gain,0.15,on,15.45,1.68,1.28,-0.252,-0.192,-1.119,-1.630,0.012,6.09,2.52
gain,strong_fixed,accel_gain,0.15,on,15.50,1.69,1.29,-0.254,-0.194,-1.119,-1.631,0.012,6.10,2.51
gain,strong_fixed,accel_gain,0.15,on,15.55,1.71,1.31,-0.256,-0.196,-1.119,-1.631,0.012,6.10,2.51
gain,strong_fixed,accel_gain,0.15,on,15.60,1.72,1.32,-0.259,-0.198,-1.119,-1.631,0.012,6.11,2.51
gain,strong_fixed,accel_gain,0.15,on,15.65,1.74,1.33,-0.261,-0.199,-1.119,-1.631,0.012,6.13,2.51
gain,strong_fixed,accel_gain,0.15,on,15.70,1.75,1.34,-0.263,-0.201,-1.118,-1.631,0.012,6.14,2.52
gain,strong_fixed,accel_gain,0.15,on,15.75,1.76,1.35,-0.264,-0.202,-1.118,-1.631,0.012,6.16,2.52
gain,strong_fixed,accel_gain,0.15,on,15.80,1.77,1.36,-0.266,-0.203,-1.118,-1.632,0.012,6.17,2.52
gain,strong_fixed,accel_gain,0.15,on,15.85,1.78,1.36,-0.267,-0.204,-1.118,-1.632,0.012,6.19,2.53
gain,strong_fixed,accel_gain,0.15,on,15.90,1.79,1.36,-0.268,-0.204,-1.118,-1.632,0.013,6.20,2.53
gain,strong_fixed,accel_gain,0.15,on,15.95,1.79,1.36,-0.268,-0.204,-1.117,-1.632,0.013,6.21,2.53
gain,strong_fixed,accel_gain,0.15,on,16.00,1.78,1.36,-0.267,-0.204,-1.122,-1.637,0.008,6.13,2.54
gain,strong_fixed,accel_gain,0.15,on,16.05,1.77,1.35,-0.265,-0.203,-1.122,-1.637,0.008,6.13,2.54
gain,strong_fixed,accel_gain,0.15,on,16.10,1.75,1.35,-0.263,-0.202,-1.123,-1.638,0.007,6.12,2.54
gain,strong_fixed,accel_gain,0.15,on,16.15,1.73,1.34,-0.260,-0.201,-1.124,-1.639,0.007,6.10,2.53
gain,strong_fixed,accel_gain,0.15,on,16.20,1.71,1.33,-0.257,-0.200,-1.124,-1.640,0.007,6.09,2.52
gain,strong_fixed,accel_gain,0.15,on,16.25,1.70,1.32,-0.255,-0.198,-1.125,-1.641,0.007,6.07,2.51
gain,strong_fixed,accel_gain,0.15,on,16.30,1.68,1.31,-0.252,-0.197,-1.126,-1.642,0.007,6.06,2.49
gain,strong_fixed,accel_gain,0.15,on,16.35,1.66,1.30,-0.250,-0.195,-1.127,-1.643,0.008,6.04,2.48
gain,strong_fixed,accel_gain,0.15,on,16.40,1.65,1.29,-0.248,-0.194,-1.127,-1.644,0.008,6.02,2.47
gain,strong_fixed,accel_gain,0.15,on,16.45,1.64,1.29,-0.246,-0.193,-1.128,-1.645,0.009,6.00,2.45
gain,strong_fixed,accel_gain,0.15,on,16.50,1.63,1.28,-0.244,-0.192,-1.129,-1.645,0.010,5.99,2.44
gain,strong_fixed,accel_gain,0.15,on,16.55,1.62,1.27,-0.243,-0.191,-1.130,-1.647,0.011,5.97,2.43
gain,strong_fixed,accel_gain,0.15,on,16.60,1.61,1.27,-0.241,-0.190,-1.130,-1.647,0.011,5.96,2.42
gain,strong_fixed,accel_gain,0.15,on,16.65,1.60,1.26,-0.240,-0.189,-1.131,-1.648,0.012,5.95,2.40
gain,strong_fixed,accel_gain,0.15,on,16.70,1.59,1.26,-0.239,-0.189,-1.131,-1.649,0.013,5.94,2.39
gain,strong_fixed,accel_gain,0.15,on,16.75,1.59,1.26,-0.238,-0.188,-1.131,-1.649,0.013,5.93,2.38
gain,strong_fixed,accel_gain,0.15,on,16.80,1.59,1.26,-0.238,-0.189,-1.132,-1.649,0.013,5.93,2.38
gain,strong_fixed,accel_gain,0.15,on,16.85,1.59,1.26,-0.238,-0.189,-1.132,-1.649,0.013,5.93,2.37
gain,strong_fixed,accel_gain,0.15,on,16.90,1.59,1.26,-0.238,-0.189,-1.132,-1.649,0.013,5.93,2.38
gain,strong_fixed,accel_gain,0.15,on,16.95,1.59,1.27,-0.239,-0.190,-1.132,-1.649,0.013,5.94,2.38
gain,strong_fixed,accel_gain,0.15,on,17.00,1.61,1.28,-0.241,-0.192,-1.132,-1.641,0.006,6.12,2.50
gain,strong_fixed,accel_gain,0.15,on,17.05,1.63,1.29,-0.245,-0.194,-1.132,-1.641,0.006,6.12,2.50
gain,strong_fixed,accel_gain,0.15,on,17.10,1.66,1.31,-0.249,-0.197,-1.132,-1.641,0.005,6.11,2.51
gain,strong_fixed,accel_gain,0.15,on,17.15,1.69,1.34,-0.253,-0.201,-1.133,-1.640,0.005,6.10,2.52
gain,strong_fixed,accel_gain,0.15,on,17.20,1.72,1.36,-0.257,-0.204,-1.133,-1.640,0.005,6.10,2.53
gain,strong_fixed,accel_gain,0.15,on,17.25,1.75,1.38,-0.262,-0.207,-1.133,-1.640,0.005,6.11,2.54
gain,strong_fixed,accel_gain,0.15,on,17.30,1.77,1.40,-0.266,-0.210,-1.134,-1.640,0.005,6.12,2.56
gain,strong_fixed,accel_gain,0.15,on,17.35,1.80,1.42,-0.270,-0.213,-1.134,-1.640,0.006,6.13,2.57
gain,strong_fixed,accel_gain,0.15,on,17.40,1.82,1.43,-0.273,-0.215,-1.134,-1.640,0.006,6.15,2.58
gain,strong_fixed,accel_gain,0.15,on,17.45,1.84,1.44,-0.276,-0.216,-1.135,-1.641,0.007,6.16,2.58
gain,strong_fixed,accel_gain,0.15,on,17.50,1.86,1.45,-0.279,-0.217,-1.135,-1.641,0.008,6.18,2.59
gain,strong_fixed,accel_gain,0.15,on,17.55,1.87,1.45,-0.280,-0.218,-1.135,-1.642,0.009,6.19,2.59
gain,strong_fixed,accel_gain,0.15,on,17.60,1.88,1.45,-0.281,-0.217,-1.135,-1.643,0.009,6.20,2.58
gain,strong_fixed,accel_gain,0.15,on,17.65,1.88,1.44,-0.282,-0.217,-1.136,-1.644,0.010,6.21,2.57
gain,strong_fixed,accel_gain,0.15,on,17.70,1.88,1.44,-0.282,-0.215,-1.136,-1.644,0.011,6.21,2.56
gain,strong_fixed,accel_gain,0.15,on,17.75,1.88,1.43,-0.282,-0.214,-1.137,-1.645,0.011,6.21,2.54
gain,strong_fixed,accel_gain,0.15,on,17.80,1.87,1.41,-0.281,-0.212,-1.137,-1.645,0.012,6.21,2.53
gain,strong_fixed,accel_gain,0.15,on,17.85,1.86,1.40,-0.280,-0.210,-1.138,-1.645,0.013,6.20,2.51
gain,strong_fixed,accel_gain,0.15,on,17.90,1.86,1.39,-0.278,-0.208,-1.139,-1.645,0.013,6.19,2.50
gain,strong_fixed,accel_gain,0.15,on,17.95,1.85,1.38,-0.277,-0.206,-1.141,-1.645,0.015,6.17,2.49
gain,strong_fixed,accel_gain,0.2,on,0.00,0.00,0.00,0.000,0.000,-1.510,-1.851,0.103,0.76,0.93
gain,strong_fixed,accel_gain,0.2,on,0.05,0.00,0.00,0.000,0.000,-1.510,-1.851,0.103,0.76,0.93
gain,strong_fixed,accel_gain,0.2,on,0.10,0.00,0.00,0.000,0.000,-1.517,-1.858,0.108,0.61,0.80
gain,strong_fixed,accel_gain,0.2,on,0.15,0.00,0.00,0.000,0.000,-1.520,-1.861,0.111,0.52,0.71
gain,strong_fixed,accel_gain,0.2,on,0.20,0.00,0.00,0.000,0.000,-1.525,-1.868,0.116,0.38,0.57
gain,strong_fixed,accel_gain,0.2,on,0.25,0.00,0.00,0.000,0.000,-1.527,-1.872,0.117,0.30,0.47
gain,strong_fixed,accel_gain,0.2,on,0.30,0.00,0.00,0.000,0.000,-1.529,-1.878,0.120,0.20,0.34
gain,strong_fixed,accel_gain,0.2,on,0.35,0.00,0.00,0.000,0.000,-1.530,-1.880,0.121,0.15,0.27
gain,strong_fixed,accel_gain,0.2,on,0.40,0.00,0.00,0.000,0.000,-1.530,-1.885,0.122,0.13,0.19
gain,strong_fixed,accel_gain,0.2,on,0.45,0.00,0.00,0.000,0.000,-1.530,-1.886,0.121,0.13,0.15
gain,strong_fixed,accel_gain,0.2,on,0.50,0.00,0.00,0.000,0.000,-1.528,-1.888,0.120,0.19,0.13
gain,strong_fixed,accel_gain,0.2,on,0.55,0.00,0.00,0.000,0.000,-1.527,-1.887,0.118,0.25,0.13
gain,strong_fixed,accel_gain,0.2,on,0.60,0.00,0.00,0.000,0.000,-1.522,-1.885,0.114,0.38,0.18
gain,strong_fixed,accel_gain,0.2,on,0.65,0.00,0.00,0.000,0.000,-1.520,-1.882,0.111,0.49,0.23
gain,strong_fixed,accel_gain,0.2,on,0.70,0.00,0.00,0.000,0.000,-1.515,-1.876,0.106,0.68,0.33
gain,strong_fixed,accel_gain,0.2,on,0.75,0.00,0.00,0.000,0.000,-1.512,-1.872,0.103,0.83,0.42
gain,strong_fixed,accel_gain,0.2,on,0.80,0.00,0.00,0.000,0.000,-1.505,-1.862,0.096,1.07,0.58
gain,strong_fixed,accel_gain,0.2,on,0.85,0.00,0.00,0.000,0.000,-1.501,-1.856,0.094,1.24,0.71
gain,strong_fixed,accel_gain,0.2,on,0.90,0.00,0.00,0.000,0.000,-1.494,-1.843,0.090,1.50,0.92
gain,strong_fixed,accel_gain,0.2,on,0.95,3.35,2.60,-0.669,-0.519,-1.491,-1.837,0.089,1.68,1.07
gain,strong_fixed,accel_gain,0.2,on,1.00,3.22,2.49,-0.643,-0.498,-1.447,-1.712,0.165,5.73,4.11
gain,strong_fixed,accel_gain,0.2,on,1.05,3.04,2.34,-0.608,-0.469,-1.447,-1.712,0.165,5.73,4.11
gain,strong_fixed,accel_gain,0.2,on,1.10,2.85,2.16,-0.571,-0.432,-1.447,-1.717,0.160,5.64,3.95
gain,strong_fixed,accel_gain,0.2,on,1.15,2.64,1.96,-0.528,-0.392,-1.446,-1.728,0.149,5.57,3.80
gain,strong_fixed,accel_gain,0.2,on,1.20,2.46,1.75,-0.492,-0.351,-1.444,-1.736,0.141,5.49,3.61
gain,strong_fixed,accel_gain,0.2,on,1.25,2.34,1.54,-0.468,-0.308,-1.442,-1.749,0.128,5.39,3.41
gain,strong_fixed,accel_gain,0.2,on,1.30,2.24,1.38,-0.448,-0.276,-1.440,-1.755,0.122,5.26,3.16
gain,strong_fixed,accel_gain,0.2,on,1.35,2.18,1.21,-0.435,-0.242,-1.437,-1.769,0.107,5.11,2.92
gain,strong_fixed,accel_gain,0.2,on,1.40,2.18,1.10,-0.436,-0.220,-1.434,-1.778,0.098,4.94,2.63
gain,strong_fixed,accel_gain,0.2,on,1.45,2.20,1.04,-0.440,-0.208,-1.428,-1.792,0.083,4.79,2.36
gain,strong_fixed,accel_gain,0.2,on,1.50,2.27,0.96,-0.453,-0.193,-1.425,-1.799,0.075,4.65,2.07
gain,strong_fixed,accel_gain,0.2,on,1.55,2.35,0.91,-0.469,-0.181,-1.418,-1.812,0.061,4.56,1.81
gain,strong_fixed,accel_gain,0.2,on,1.60,2.48,0.87,-0.496,-0.173,-1.413,-1.820,0.053,4.51,1.56
gain,strong_fixed,accel_gain,0.2,on,1.65,2.61,0.82,-0.523,-0.164,-1.404,-1.832,0.042,4.52,1.35
gain,strong_fixed,accel_gain,0.2,on,1.70,2.76,0.78,-0.551,-0.156,-1.400,-1.837,0.037,4.59,1.17
gain,strong_fixed,accel_gain,0.2,on,1.75,2.96,0.77,-0.592,-0.154,-1.390,-1.846,0.034,4.72,1.02
gain,strong_fixed,accel_gain,0.2,on,1.80,3.22,0.82,-0.644,-0.164,-1.383,-1.851,0.034,4.90,0.90
gain,strong_fixed,accel_gain,0.2,on,1.85,3.45,0.88,-0.691,-0.176,-1.373,-1.857,0.040,5.11,0.81
gain,strong_fixed,accel_gain,0.2,on,1.90,3.70,0.99,-0.741,-0.198,-1.368,-1.859,0.044,5.38,0.75
gain,strong_fixed,accel_gain,0.2,on,1.95,4.00,1.13,-0.800,-0.227,-1.358,-1.862,0.053,5.65,0.72
gain,strong_fixed,accel_gain,0.2,on,2.00,4.10,1.30,-0.821,-0.260,-1.410,-1.858,0.015,6.03,2.51
gain,strong_fixed,accel_gain,0.2,on,2.05,4.14,1.50,-0.829,-0.299,-1.410,-1.858,0.015,6.03,2.51
gain,strong_fixed,accel_gain,0.2,on,2.10,4.10,1.70,-0.819,-0.341,-1.415,-1.860,0.014,5.89,2.50
gain,strong_fixed,accel_gain,0.2,on,2.15,4.00,1.91,-0.800,-0.383,-1.425,-1.864,0.019,5.78,2.49
gain,strong_fixed,accel_gain,0.2,on,2.20,3.88,2.08,-0.777,-0.417,-1.432,-1.866,0.023,5.68,2.51
gain,strong_fixed,accel_gain,0.2,on,2.25,3.74,2.25,-0.748,-0.449,-1.441,-1.870,0.032,5.62,2.57
gain,strong_fixed,accel_gain,0.2,on,2.30,3.58,2.37,-0.715,-0.475,-1.446,-1.872,0.036,5.57,2.66
gain,strong_fixed,accel_gain,0.2,on,2.35,3.41,2.46,-0.681,-0.493,-1.454,-1.876,0.045,5.52,2.78
gain,strong_fixed,accel_gain,0.2,on,2.40,3.25,2.55,-0.649,-0.510,-1.459,-1.879,0.050,5.45,2.92
gain,strong_fixed,accel_gain,0.2,on,2.45,3.12,2.62,-0.624,-0.523,-1.467,-1.884,0.059,5.38,3.06
gain,strong_fixed,accel_gain,0.2,on,2.50,2.99,2.63,-0.598,-0.526,-1.471,-1.886,0.063,5.27,3.20
gain,strong_fixed,accel_gain,0.2,on,2.55,2.89,2.61,-0.579,-0.523,-1.478,-1.891,0.071,5.15,3.30
gain,strong_fixed,accel_gain,0.2,on,2.60,2.81,2.58,-0.563,-0.516,-1.482,-1.895,0.076,5.01,3.40
gain,strong_fixed,accel_gain,0.2,on,2.65,2.76,2.52,-0.552,-0.503,-1.488,-1.901,0.084,4.89,3.45
gain,strong_fixed,accel_gain,0.2,on,2.70,2.75,2.46,-0.551,-0.491,-1.491,-1.904,0.087,4.75,3.47
gain,strong_fixed,accel_gain,0.2,on,2.75,2.77,2.38,-0.554,-0.475,-1.495,-1.910,0.094,4.64,3.46
gain,strong_fixed,accel_gain,0.2,on,2.80,2.82,2.29,-0.564,-0.458,-1.498,-1.914,0.097,4.54,3.40
gain,strong_fixed,accel_gain,0.2,on,2.85,2.88,2.19,-0.576,-0.438,-1.500,-1.921,0.103,4.47,3.32
gain,strong_fixed,accel_gain,0.2,on,2.90,3.00,2.12,-0.601,-0.423,-1.501,-1.924,0.105,4.43,3.20
gain,strong_fixed,accel_gain,0.2,on,2.95,3.18,2.04,-0.636,-0.409,-1.501,-1.931,0.109,4.42,3.06
gain,strong_fixed,accel_gain,0.2,on,3.00,3.35,2.04,-0.670,-0.407,-1.462,-1.905,0.062,6.04,2.69
gain,strong_fixed,accel_gain,0.2,on,3.05,3.49,2.07,-0.698,-0.414,-1.462,-1.905,0.062,6.04,2.69
gain,strong_fixed,accel_gain,0.2,on,3.10,3.61,2.12,-0.721,-0.424,-1.463,-1.901,0.061,6.02,2.78
gain,strong_fixed,accel_gain,0.2,on,3.15,3.71,2.18,-0.741,-0.436,-1.465,-1.895,0.060,5.99,2.85
gain,strong_fixed,accel_gain,0.2,on,3.20,3.78,2.24,-0.756,-0.449,-1.466,-1.891,0.059,5.99,2.91
gain,strong_fixed,accel_gain,0.2,on,3.25,3.83,2.30,-0.767,-0.460,-1.467,-1.885,0.059,6.03,2.97
gain,strong_fixed,accel_gain,0.2,on,3.30,3.85,2.33,-0.770,-0.467,-1.468,-1.882,0.059,6.09,3.02
gain,strong_fixed,accel_gain,0.2,on,3.35,3.83,2.37,-0.767,-0.474,-1.469,-1.877,0.059,6.17,3.08
gain,strong_fixed,accel_gain,0.2,on,3.40,3.79,2.40,-0.759,-0.479,-1.469,-1.874,0.060,6.25,3.14
gain,strong_fixed,accel_gain,0.2,on,3.45,3.75,2.40,-0.750,-0.480,-1.470,-1.869,0.061,6.33,3.20
gain,strong_fixed,accel_gain,0.2,on,3.50,3.71,2.40,-0.741,-0.481,-1.470,-1.868,0.061,6.38,3.25
gain,strong_fixed,accel_gain,0.2,on,3.55,3.65,2.39,-0.730,-0.479,-1.470,-1.864,0.062,6.41,3.30
gain,strong_fixed,accel_gain,0.2,on,3.60,3.59,2.38,-0.718,-0.476,-1.471,-1.862,0.062,6.41,3.33
gain,strong_fixed,accel_gain,0.2,on,3.65,3.53,2.36,-0.706,-0.471,-1.472,-1.859,0.064,6.38,3.36
gain,strong_fixed,accel_gain,0.2,on,3.70,3.48,2.33,-0.695,-0.466,-1.472,-1.858,0.065,6.34,3.37
gain,strong_fixed,accel_gain,0.2,on,3.75,3.41,2.28,-0.682,-0.457,-1.474,-1.856,0.066,6.29,3.37
gain,strong_fixed,accel_gain,0.2,on,3.80,3.33,2.22,-0.666,-0.444,-1.475,-1.855,0.068,6.19,3.36
gain,strong_fixed,accel_gain,0.2,on,3.85,3.26,2.15,-0.651,-0.431,-1.476,-1.854,0.070,6.12,3.35
gain,strong_fixed,accel_gain,0.2,on,3.90,3.18,2.08,-0.637,-0.417,-1.477,-1.853,0.071,6.01,3.31
gain,strong_fixed,accel_gain,0.2,on,3.95,3.11,2.02,-0.621,-0.403,-1.478,-1.852,0.072,5.90,3.27
gain,strong_fixed,accel_gain,0.2,on,4.00,3.07,1.96,-0.615,-0.392,-1.409,-1.830,0.043,6.32,2.87
gain,strong_fixed,accel_gain,0.2,on,4.05,3.06,1.91,-0.612,-0.382,-1.409,-1.830,0.043,6.32,2.87
gain,strong_fixed,accel_gain,0.2,on,4.10,3.06,1.87,-0.612,-0.374,-1.406,-1.829,0.044,6.37,2.88
gain,strong_fixed,accel_gain,0.2,on,4.15,3.07,1.83,-0.614,-0.367,-1.399,-1.828,0.046,6.42,2.88
gain,strong_fixed,accel_gain,0.2,on,4.20,3.08,1.80,-0.615,-0.361,-1.395,-1.828,0.047,6.46,2.88
gain,strong_fixed,accel_gain,0.2,on,4.25,3.09,1.78,-0.617,-0.356,-1.388,-1.827,0.050,6.48,2.86
gain,strong_fixed,accel_gain,0.2,on,4.30,3.10,1.76,-0.621,-0.351,-1.385,-1.827,0.052,6.51,2.83
gain,strong_fixed,accel_gain,0.2,on,4.35,3.13,1.75,-0.625,-0.350,-1.379,-1.827,0.055,6.53,2.79
gain,strong_fixed,accel_gain,0.2,on,4.40,3.15,1.74,-0.630,-0.349,-1.375,-1.827,0.058,6.55,2.75
gain,strong_fixed,accel_gain,0.2,on,4.45,3.17,1.74,-0.635,-0.347,-1.368,-1.827,0.062,6.57,2.71
gain,strong_fixed,accel_gain,0.2,on,4.50,3.21,1.74,-0.641,-0.348,-1.365,-1.827,0.064,6.60,2.68
gain,strong_fixed,accel_gain,0.2,on,4.55,3.23,1.75,-0.646,-0.350,-1.359,-1.827,0.068,6.63,2.65
gain,strong_fixed,accel_gain,0.2,on,4.60,3.26,1.76,-0.652,-0.353,-1.356,-1.827,0.070,6.67,2.62
gain,strong_fixed,accel_gain,0.2,on,4.65,3.30,1.78,-0.660,-0.357,-1.351,-1.829,0.074,6.70,2.60
gain,strong_fixed,accel_gain,0.2,on,4.70,3.34,1.80,-0.669,-0.360,-1.348,-1.829,0.075,6.74,2.59
gain,strong_fixed,accel_gain,0.2,on,4.75,3.38,1.82,-0.676,-0.364,-1.344,-1.831,0.077,6.77,2.58
gain,strong_fixed,accel_gain,0.2,on,4.80,3.41,1.83,-0.681,-0.366,-1.342,-1.833,0.079,6.81,2.57
gain,strong_fixed,accel_gain,0.2,on,4.85,3.44,1.84,-0.687,-0.367,-1.339,-1.835,0.080,6.84,2.56
gain,strong_fixed,accel_gain,0.2,on,4.90,3.46,1.84,-0.692,-0.368,-1.337,-1.837,0.081,6.87,2.55
gain,strong_fixed,accel_gain,0.2,on,4.95,3.48,1.84,-0.696,-0.368,-1.335,-1.840,0.081,6.89,2.55
gain,strong_fixed,accel_gain,0.2,on,5.00,3.41,1.83,-0.683,-0.367,-1.389,-1.932,0.062,5.85,2.06
gain,strong_fixed,accel_gain,0.2,on,5.05,3.31,1.81,-0.662,-0.362,-1.389,-1.932,0.062,5.85,2.06
gain,strong_fixed,accel_gain,0.2,on,5.10,3.17,1.78,-0.634,-0.357,-1.391,-1.934,0.064,5.81,2.05
gain,strong_fixed,accel_gain,0.2,on,5.15,3.02,1.76,-0.604,-0.351,-1.396,-1.940,0.068,5.77,2.04
gain,strong_fixed,accel_gain,0.2,on,5.20,2.87,1.72,-0.574,-0.344,-1.399,-1.943,0.071,5.73,2.03
gain,strong_fixed,accel_gain,0.2,on,5.25,2.72,1.69,-0.544,-0.338,-1.403,-1.948,0.075,5.67,2.02
gain,strong_fixed,accel_gain,0.2,on,5.30,2.58,1.66,-0.516,-0.333,-1.405,-1.950,0.077,5.57,2.01
gain,strong_fixed,accel_gain,0.2,on,5.35,2.45,1.64,-0.489,-0.327,-1.409,-1.954,0.081,5.47,2.00
gain,strong_fixed,accel_gain,0.2,on,5.40,2.32,1.61,-0.464,-0.323,-1.411,-1.957,0.084,5.34,2.00
gain,strong_fixed,accel_gain,0.2,on,5.45,2.22,1.61,-0.445,-0.321,-1.414,-1.960,0.087,5.21,1.99
gain,strong_fixed,accel_gain,0.2,on,5.50,2.14,1.60,-0.428,-0.321,-1.416,-1.961,0.088,5.07,1.99
gain,strong_fixed,accel_gain,0.2,on,5.55,2.07,1.60,-0.415,-0.321,-1.419,-1.962,0.090,4.94,1.99
gain,strong_fixed,accel_gain,0.2,on,5.60,2.02,1.61,-0.403,-0.322,-1.420,-1.963,0.090,4.82,2.00
gain,strong_fixed,accel_gain,0.2,on,5.65,1.98,1.63,-0.396,-0.326,-1.422,-1.963,0.091,4.73,2.02
gain,strong_fixed,accel_gain,0.2,on,5.70,1.97,1.66,-0.394,-0.332,-1.422,-1.962,0.090,4.65,2.05
gain,strong_fixed,accel_gain,0.2,on,5.75,1.99,1.70,-0.398,-0.340,-1.423,-1.961,0.089,4.61,2.08
gain,strong_fixed,accel_gain,0.2,on,5.80,2.03,1.75,-0.406,-0.350,-1.424,-1.960,0.088,4.58,2.13
gain,strong_fixed,accel_gain,0.2,on,5.85,2.09,1.80,-0.417,-0.360,-1.424,-1.958,0.086,4.59,2.18
gain,strong_fixed,accel_gain,0.2,on,5.90,2.18,1.86,-0.436,-0.371,-1.424,-1.956,0.085,4.63,2.24
gain,strong_fixed,accel_gain,0.2,on,5.95,2.29,1.90,-0.457,-0.380,-1.422,-1.953,0.081,4.69,2.30
gain,strong_fixed,accel_gain,0.2,on,6.00,2.39,1.92,-0.477,-0.385,-1.412,-1.877,0.005,5.85,3.09
gain,strong_fixed,accel_gain,0.2,on,6.05,2.47,1.94,-0.495,-0.388,-1.412,-1.877,0.005,5.85,3.09
gain,strong_fixed,accel_gain,0.2,on,6.10,2.55,1.94,-0.510,-0.388,-1.412,-1.876,0.004,5.85,3.08
gain,strong_fixed,accel_gain,0.2,on,6.15,2.63,1.93,-0.525,-0.387,-1.410,-1.874,0.002,5.85,3.07
gain,strong_fixed,accel_gain,0.2,on,6.20,2.69,1.92,-0.537,-0.384,-1.409,-1.873,0.000,5.87,3.05
gain,strong_fixed,accel_gain,0.2,on,6.25,2.74,1.91,-0.548,-0.381,-1.407,-1.872,0.003,5.90,3.03
gain,strong_fixed,accel_gain,0.2,on,6.30,2.80,1.89,-0.560,-0.378,-1.406,-1.872,0.004,5.98,3.00
gain,strong_fixed,accel_gain,0.2,on,6.35,2.86,1.88,-0.572,-0.375,-1.403,-1.871,0.007,6.05,2.97
gain,strong_fixed,accel_gain,0.2,on,6.40,2.93,1.86,-0.586,-0.373,-1.401,-1.870,0.009,6.15,2.93
gain,strong_fixed,accel_gain,0.2,on,6.45,3.01,1.85,-0.601,-0.371,-1.398,-1.868,0.012,6.22,2.90
gain,strong_fixed,accel_gain,0.2,on,6.50,3.09,1.84,-0.618,-0.369,-1.397,-1.867,0.013,6.31,2.85
gain,strong_fixed,accel_gain,0.2,on,6.55,3.18,1.84,-0.636,-0.368,-1.394,-1.866,0.017,6.38,2.81
gain,strong_fixed,accel_gain,0.2,on,6.60,3.28,1.84,-0.655,-0.368,-1.393,-1.864,0.019,6.46,2.77
gain,strong_fixed,accel_gain,0.2,on,6.65,3.37,1.84,-0.675,-0.368,-1.390,-1.862,0.022,6.52,2.74
gain,strong_fixed,accel_gain,0.2,on,6.70,3.47,1.85,-0.695,-0.370,-1.389,-1.861,0.024,6.61,2.71
gain,strong_fixed,accel_gain,0.2,on,6.75,3.56,1.86,-0.712,-0.373,-1.387,-1.858,0.027,6.69,2.69
gain,strong_fixed,accel_gain,0.2,on,6.80,3.63,1.88,-0.727,-0.376,-1.386,-1.857,0.028,6.75,2.67
gain,strong_fixed,accel_gain,0.2,on,6.85,3.70,1.90,-0.739,-0.380,-1.385,-1.854,0.031,6.81,2.67
gain,strong_fixed,accel_gain,0.2,on,6.90,3.75,1.93,-0.749,-0.385,-1.385,-1.853,0.032,6.88,2.67
gain,strong_fixed,accel_gain,0.2,on,6.95,3.77,1.95,-0.755,-0.391,-1.385,-1.850,0.034,6.93,2.67
gain,strong_fixed,accel_gain,0.2,on,7.00,3.69,1.93,-0.739,-0.387,-1.404,-1.888,0.016,6.18,2.39
gain,strong_fixed,accel_gain,0.2,on,7.05,3.57,1.89,-0.713,-0.378,-1.404,-1.888,0.016,6.18,2.39
gain,strong_fixed,accel_gain,0.2,on,7.10,3.40,1.83,-0.681,-0.367,-1.405,-1.891,0.018,6.15,2.35
gain,strong_fixed,accel_gain,0.2,on,7.15,3.22,1.77,-0.645,-0.354,-1.407,-1.896,0.023,6.13,2.32
gain,strong_fixed,accel_gain,0.2,on,7.20,3.05,1.69,-0.609,-0.338,-1.409,-1.899,0.026,6.08,2.28
gain,strong_fixed,accel_gain,0.2,on,7.25,2.86,1.61,-0.572,-0.321,-1.411,-1.904,0.031,6.03,2.25
gain,strong_fixed,accel_gain,0.2,on,7.30,2.69,1.53,-0.537,-0.305,-1.412,-1.906,0.033,5.90,2.21
gain,strong_fixed,accel_gain,0.2,on,7.35,2.52,1.44,-0.503,-0.288,-1.414,-1.911,0.038,5.80,2.17
gain,strong_fixed,accel_gain,0.2,on,7.40,2.36,1.37,-0.472,-0.274,-1.415,-1.913,0.041,5.61,2.12
gain,strong_fixed,accel_gain,0.2,on,7.45,2.22,1.31,-0.445,-0.262,-1.416,-1.917,0.044,5.47,2.08
gain,strong_fixed,accel_gain,0.2,on,7.50,2.11,1.26,-0.422,-0.251,-1.417,-1.918,0.046,5.26,2.03
gain,strong_fixed,accel_gain,0.2,on,7.55,2.01,1.21,-0.403,-0.242,-1.418,-1.921,0.049,5.11,1.99
gain,strong_fixed,accel_gain,0.2,on,7.60,1.95,1.18,-0.390,-0.236,-1.418,-1.923,0.050,4.92,1.94
gain,strong_fixed,accel_gain,0.2,on,7.65,1.91,1.17,-0.382,-0.233,-1.418,-1.925,0.052,4.80,1.91
gain,strong_fixed,accel_gain,0.2,on,7.70,1.89,1.17,-0.377,-0.234,-1.418,-1.925,0.053,4.66,1.88
gain,strong_fixed,accel_gain,0.2,on,7.75,1.89,1.19,-0.378,-0.239,-1.418,-1.926,0.053,4.59,1.87
gain,strong_fixed,accel_gain,0.2,on,7.80,1.91,1.24,-0.382,-0.248,-1.417,-1.926,0.053,4.54,1.86
gain,strong_fixed,accel_gain,0.2,on,7.85,1.94,1.30,-0.388,-0.260,-1.415,-1.925,0.052,4.52,1.86
gain,strong_fixed,accel_gain,0.2,on,7.90,1.99,1.38,-0.397,-0.275,-1.414,-1.923,0.051,4.54,1.89
gain,strong_fixed,accel_gain,0.2,on,7.95,2.06,1.46,-0.412,-0.292,-1.411,-1.920,0.047,4.60,1.92
gain,strong_fixed,accel_gain,0.2,on,8.00,2.14,1.54,-0.428,-0.307,-1.357,-1.800,0.090,6.31,3.33
gain,strong_fixed,accel_gain,0.2,on,8.05,2.22,1.61,-0.444,-0.322,-1.357,-1.800,0.090,6.31,3.33
gain,strong_fixed,accel_gain,0.2,on,8.10,2.29,1.67,-0.459,-0.334,-1.357,-1.798,0.092,6.31,3.33
gain,strong_fixed,accel_gain,0.2,on,8.15,2.36,1.72,-0.472,-0.344,-1.355,-1.794,0.096,6.30,3.33
gain,strong_fixed,accel_gain,0.2,on,8.20,2.42,1.76,-0.483,-0.351,-1.355,-1.792,0.098,6.32,3.34
gain,strong_fixed,accel_gain,0.2,on,8.25,2.47,1.78,-0.494,-0.356,-1.353,-1.788,0.102,6.34,3.35
gain,strong_fixed,accel_gain,0.2,on,8.30,2.52,1.79,-0.503,-0.359,-1.353,-1.787,0.103,6.40,3.37
gain,strong_fixed,accel_gain,0.2,on,8.35,2.56,1.80,-0.512,-0.360,-1.351,-1.784,0.107,6.45,3.39
gain,strong_fixed,accel_gain,0.2,on,8.40,2.60,1.80,-0.520,-0.360,-1.350,-1.782,0.108,6.52,3.41
gain,strong_fixed,accel_gain,0.2,on,8.45,2.63,1.79,-0.525,-0.357,-1.349,-1.780,0.111,6.57,3.42
gain,strong_fixed,accel_gain,0.2,on,8.50,2.65,1.76,-0.531,-0.353,-1.348,-1.779,0.112,6.63,3.42
gain,strong_fixed,accel_gain,0.2,on,8.55,2.68,1.74,-0.536,-0.348,-1.347,-1.778,0.113,6.67,3.42
gain,strong_fixed,accel_gain,0.2,on,8.60,2.70,1.71,-0.540,-0.342,-1.347,-1.778,0.114,6.71,3.40
gain,strong_fixed,accel_gain,0.2,on,8.65,2.72,1.68,-0.544,-0.336,-1.345,-1.779,0.114,6.73,3.37
gain,strong_fixed,accel_gain,0.2,on,8.70,2.74,1.65,-0.547,-0.330,-1.345,-1.779,0.114,6.74,3.32
gain,strong_fixed,accel_gain,0.2,on,8.75,2.75,1.62,-0.549,-0.324,-1.343,-1.781,0.113,6.74,3.27
gain,strong_fixed,accel_gain,0.2,on,8.80,2.75,1.59,-0.550,-0.319,-1.342,-1.782,0.113,6.74,3.20
gain,strong_fixed,accel_gain,0.2,on,8.85,2.74,1.56,-0.549,-0.313,-1.341,-1.786,0.111,6.73,3.14
gain,strong_fixed,accel_gain,0.2,on,8.90,2.73,1.54,-0.547,-0.308,-1.340,-1.787,0.110,6.71,3.04
gain,strong_fixed,accel_gain,0.2,on,8.95,2.72,1.51,-0.544,-0.302,-1.337,-1.792,0.109,6.69,2.97
gain,strong_fixed,accel_gain,0.2,on,9.00,2.66,1.48,-0.532,-0.296,-1.311,-1.872,0.098,6.41,2.11
gain,strong_fixed,accel_gain,0.2,on,9.05,2.59,1.45,-0.518,-0.291,-1.311,-1.872,0.098,6.41,2.11
gain,strong_fixed,accel_gain,0.2,on,9.10,2.50,1.43,-0.501,-0.285,-1.312,-1.874,0.097,6.39,2.12
gain,strong_fixed,accel_gain,0.2,on,9.15,2.42,1.40,-0.483,-0.280,-1.314,-1.877,0.095,6.36,2.12
gain,strong_fixed,accel_gain,0.2,on,9.20,2.32,1.38,-0.465,-0.275,-1.316,-1.880,0.094,6.32,2.12
gain,strong_fixed,accel_gain,0.2,on,9.25,2.24,1.35,-0.447,-0.271,-1.319,-1.884,0.091,6.28,2.12
gain,strong_fixed,accel_gain,0.2,on,9.30,2.15,1.34,-0.431,-0.267,-1.321,-1.886,0.090,6.18,2.11
gain,strong_fixed,accel_gain,0.2,on,9.35,2.08,1.32,-0.417,-0.264,-1.324,-1.890,0.087,6.07,2.11
gain,strong_fixed,accel_gain,0.2,on,9.40,2.04,1.32,-0.407,-0.263,-1.327,-1.892,0.085,5.96,2.10
gain,strong_fixed,accel_gain,0.2,on,9.45,2.01,1.32,-0.401,-0.265,-1.331,-1.897,0.082,5.84,2.09
gain,strong_fixed,accel_gain,0.2,on,9.50,1.99,1.33,-0.398,-0.267,-1.333,-1.899,0.081,5.73,2.09
gain,strong_fixed,accel_gain,0.2,on,9.55,1.98,1.35,-0.396,-0.269,-1.336,-1.902,0.079,5.61,2.08
gain,strong_fixed,accel_gain,0.2,on,9.60,1.98,1.37,-0.396,-0.273,-1.338,-1.904,0.078,5.52,2.08
gain,strong_fixed,accel_gain,0.2,on,9.65,1.98,1.39,-0.397,-0.278,-1.341,-1.907,0.077,5.45,2.08
gain,strong_fixed,accel_gain,0.2,on,9.70,2.00,1.41,-0.400,-0.283,-1.342,-1.909,0.076,5.39,2.08
gain,strong_fixed,accel_gain,0.2,on,9.75,2.02,1.44,-0.404,-0.288,-1.344,-1.911,0.075,5.36,2.09
gain,strong_fixed,accel_gain,0.2,on,9.80,2.05,1.47,-0.409,-0.294,-1.345,-1.912,0.075,5.35,2.11
gain,strong_fixed,accel_gain,0.2,on,9.85,2.08,1.50,-0.415,-0.299,-1.346,-1.913,0.075,5.37,2.13
gain,strong_fixed,accel_gain,0.2,on,9.90,2.12,1.53,-0.424,-0.305,-1.346,-1.913,0.075,5.40,2.15
gain,strong_fixed,accel_gain,0.2,on,9.95,2.17,1.55,-0.433,-0.310,-1.347,-1.914,0.075,5.45,2.19
gain,strong_fixed,accel_gain,0.2,on,10.00,2.21,1.59,-0.442,-0.317,-1.393,-1.896,0.028,5.77,2.59
gain,strong_fixed,accel_gain,0.2,on,10.05,2.25,1.63,-0.450,-0.325,-1.393,-1.896,0.028,5.77,2.59
gain,strong_fixed,accel_gain,0.2,on,10.10,2.28,1.66,-0.456,-0.333,-1.395,-1.894,0.026,5.72,2.62
gain,strong_fixed,accel_gain,0.2,on,10.15,2.31,1.70,-0.462,-0.340,-1.400,-1.891,0.020,5.69,2.64
gain,strong_fixed,accel_gain,0.2,on,10.20,2.33,1.74,-0.467,-0.347,-1.403,-1.889,0.017,5.67,2.67
gain,strong_fixed,accel_gain,0.2,on,10.25,2.35,1.76,-0.471,-0.352,-1.406,-1.884,0.012,5.66,2.72
gain,strong_fixed,accel_gain,0.2,on,10.30,2.36,1.78,-0.473,-0.356,-1.408,-1.882,0.009,5.67,2.77
gain,strong_fixed,accel_gain,0.2,on,10.35,2.37,1.79,-0.474,-0.359,-1.412,-1.876,0.004,5.69,2.83
gain,strong_fixed,accel_gain,0.2,on,10.40,2.37,1.80,-0.475,-0.360,-1.414,-1.873,0.005,5.71,2.89
gain,strong_fixed,accel_gain,0.2,on,10.45,2.38,1.80,-0.476,-0.361,-1.417,-1.867,0.009,5.74,2.96
gain,strong_fixed,accel_gain,0.2,on,10.50,2.38,1.80,-0.476,-0.360,-1.418,-1.864,0.012,5.77,3.02
gain,strong_fixed,accel_gain,0.2,on,10.55,2.38,1.80,-0.476,-0.359,-1.421,-1.859,0.018,5.80,3.08
gain,strong_fixed,accel_gain,0.2,on,10.60,2.39,1.79,-0.477,-0.358,-1.422,-1.856,0.022,5.82,3.13
gain,strong_fixed,accel_gain,0.2,on,10.65,2.39,1.78,-0.478,-0.356,-1.424,-1.851,0.026,5.83,3.18
gain,strong_fixed,accel_gain,0.2,on,10.70,2.39,1.77,-0.479,-0.353,-1.425,-1.849,0.029,5.85,3.21
gain,strong_fixed,accel_gain,0.2,on,10.75,2.40,1.75,-0.479,-0.350,-1.427,-1.846,0.032,5.86,3.23
gain,strong_fixed,accel_gain,0.2,on,10.80,2.39,1.73,-0.478,-0.346,-1.428,-1.844,0.035,5.86,3.25
gain,strong_fixed,accel_gain,0.2,on,10.85,2.39,1.71,-0.477,-0.342,-1.430,-1.842,0.037,5.87,3.25
gain,strong_fixed,accel_gain,0.2,on,10.90,2.38,1.68,-0.476,-0.337,-1.430,-1.841,0.038,5.87,3.24
gain,strong_fixed,accel_gain,0.2,on,10.95,2.38,1.66,-0.475,-0.332,-1.431,-1.840,0.039,5.87,3.22
gain,strong_fixed,accel_gain,0.2,on,11.00,2.36,1.62,-0.472,-0.324,-1.391,-1.845,0.034,6.22,2.65
gain,strong_fixed,accel_gain,0.2,on,11.05,2.33,1.57,-0.467,-0.315,-1.391,-1.845,0.034,6.22,2.65
gain,strong_fixed,accel_gain,0.2,on,11.10,2.31,1.52,-0.461,-0.305,-1.389,-1.845,0.035,6.24,2.65
gain,strong_fixed,accel_gain,0.2,on,11.15,2.28,1.48,-0.456,-0.295,-1.386,-1.844,0.037,6.26,2.65
gain,strong_fixed,accel_gain,0.2,on,11.20,2.25,1.43,-0.450,-0.286,-1.384,-1.844,0.038,6.28,2.64
gain,strong_fixed,accel_gain,0.2,on,11.25,2.22,1.39,-0.443,-0.277,-1.381,-1.844,0.040,6.28,2.62
gain,strong_fixed,accel_gain,0.2,on,11.30,2.19,1.35,-0.438,-0.269,-1.380,-1.844,0.041,6.28,2.60
gain,strong_fixed,accel_gain,0.2,on,11.35,2.17,1.32,-0.433,-0.263,-1.377,-1.844,0.044,6.27,2.57
gain,strong_fixed,accel_gain,0.2,on,11.40,2.16,1.29,-0.431,-0.259,-1.375,-1.844,0.045,6.25,2.54
gain,strong_fixed,accel_gain,0.2,on,11.45,2.15,1.28,-0.430,-0.256,-1.372,-1.844,0.047,6.23,2.50
gain,strong_fixed,accel_gain,0.2,on,11.50,2.15,1.27,-0.431,-0.255,-1.371,-1.844,0.048,6.21,2.47
gain,strong_fixed,accel_gain,0.2,on,11.55,2.16,1.28,-0.433,-0.255,-1.369,-1.844,0.050,6.19,2.44
gain,strong_fixed,accel_gain,0.2,on,11.60,2.19,1.29,-0.438,-0.258,-1.368,-1.845,0.051,6.17,2.42
gain,strong_fixed,accel_gain,0.2,on,11.65,2.22,1.31,-0.445,-0.261,-1.366,-1.845,0.052,6.16,2.41
gain,strong_fixed,accel_gain,0.2,on,11.70,2.26,1.33,-0.452,-0.266,-1.365,-1.845,0.053,6.16,2.40
gain,strong_fixed,accel_gain,0.2,on,11.75,2.30,1.36,-0.460,-0.271,-1.363,-1.845,0.054,6.17,2.39
gain,strong_fixed,accel_gain,0.2,on,11.80,2.34,1.39,-0.467,-0.278,-1.363,-1.845,0.054,6.18,2.40
gain,strong_fixed,accel_gain,0.2,on,11.85,2.37,1.42,-0.474,-0.285,-1.362,-1.846,0.055,6.21,2.41
gain,strong_fixed,accel_gain,0.2,on,11.90,2.40,1.46,-0.481,-0.292,-1.361,-1.846,0.055,6.24,2.43
gain,strong_fixed,accel_gain,0.2,on,11.95,2.43,1.50,-0.487,-0.300,-1.360,-1.846,0.056,6.27,2.45
gain,strong_fixed,accel_gain,0.2,on,12.00,2.42,1.52,-0.484,-0.304,-1.385,-1.862,0.026,6.03,2.54
gain,strong_fixed,accel_gain,0.2,on,12.05,2.38,1.52,-0.476,-0.305,-1.385,-1.862,0.026,6.03,2.54
gain,strong_fixed,accel_gain,0.2,on,12.10,2.32,1.52,-0.464,-0.304,-1.387,-1.863,0.025,6.01,2.54
gain,strong_fixed,accel_gain,0.2,on,12.15,2.25,1.51,-0.450,-0.302,-1.390,-1.863,0.022,5.99,2.54
gain,strong_fixed,accel_gain,0.2,on,12.20,2.17,1.49,-0.435,-0.298,-1.392,-1.864,0.020,5.96,2.55
gain,strong_fixed,accel_gain,0.2,on,12.25,2.10,1.47,-0.420,-0.294,-1.395,-1.865,0.016,5.93,2.56
gain,strong_fixed,accel_gain,0.2,on,12.30,2.02,1.45,-0.404,-0.289,-1.396,-1.866,0.015,5.88,2.57
gain,strong_fixed,accel_gain,0.2,on,12.35,1.95,1.42,-0.389,-0.284,-1.399,-1.867,0.012,5.82,2.58
gain,strong_fixed,accel_gain,0.2,on,12.40,1.88,1.40,-0.376,-0.280,-1.400,-1.869,0.010,5.76,2.58
gain,strong_fixed,accel_gain,0.2,on,12.45,1.82,1.38,-0.364,-0.276,-1.402,-1.871,0.007,5.68,2.58
gain,strong_fixed,accel_gain,0.2,on,12.50,1.77,1.36,-0.353,-0.272,-1.403,-1.872,0.006,5.61,2.56
gain,strong_fixed,accel_gain,0.2,on,12.55,1.72,1.34,-0.344,-0.267,-1.405,-1.874,0.005,5.53,2.55
gain,strong_fixed,accel_gain,0.2,on,12.60,1.68,1.32,-0.336,-0.263,-1.405,-1.875,0.005,5.46,2.53
gain,strong_fixed,accel_gain,0.2,on,12.65,1.65,1.30,-0.330,-0.259,-1.406,-1.877,0.005,5.40,2.51
gain,strong_fixed,accel_gain,0.2,on,12.70,1.62,1.28,-0.325,-0.257,-1.406,-1.878,0.006,5.35,2.48
gain,strong_fixed,accel_gain,0.2,on,12.75,1.61,1.28,-0.323,-0.256,-1.406,-1.879,0.007,5.31,2.46
gain,strong_fixed,accel_gain,0.2,on,12.80,1.62,1.28,-0.323,-0.256,-1.405,-1.879,0.008,5.29,2.43
gain,strong_fixed,accel_gain,0.2,on,12.85,1.62,1.29,-0.325,-0.257,-1.403,-1.880,0.009,5.28,2.41
gain,strong_fixed,accel_gain,0.2,on,12.90,1.65,1.30,-0.329,-0.260,-1.403,-1.879,0.009,5.29,2.40
gain,strong_fixed,accel_gain,0.2,on,12.95,1.68,1.32,-0.336,-0.263,-1.401,-1.879,0.011,5.32,2.39
gain,strong_fixed,accel_gain,0.2,on,13.00,1.72,1.34,-0.344,-0.268,-1.367,-1.838,0.055,6.20,2.81
gain,strong_fixed,accel_gain,0.2,on,13.05,1.76,1.37,-0.353,-0.273,-1.367,-1.838,0.055,6.20,2.81
gain,strong_fixed,accel_gain,0.2,on,13.10,1.82,1.40,-0.364,-0.280,-1.368,-1.837,0.055,6.20,2.83
gain,strong_fixed,accel_gain,0.2,on,13.15,1.88,1.44,-0.375,-0.288,-1.368,-1.834,0.057,6.19,2.85
gain,strong_fixed,accel_gain,0.2,on,13.20,1.94,1.48,-0.388,-0.296,-1.368,-1.832,0.058,6.18,2.87
gain,strong_fixed,accel_gain,0.2,on,13.25,2.00,1.52,-0.400,-0.305,-1.369,-1.829,0.060,6.19,2.89
gain,strong_fixed,accel_gain,0.2,on,13.30,2.06,1.56,-0.412,-0.312,-1.369,-1.828,0.060,6.21,2.91
gain,strong_fixed,accel_gain,0.2,on,13.35,2.12,1.60,-0.424,-0.319,-1.369,-1.826,0.062,6.24,2.94
gain,strong_fixed,accel_gain,0.2,on,13.40,2.17,1.63,-0.434,-0.325,-1.369,-1.824,0.063,6.28,2.97
gain,strong_fixed,accel_gain,0.2,on,13.45,2.21,1.65,-0.442,-0.329,-1.369,-1.823,0.064,6.33,3.00
gain,strong_fixed,accel_gain,0.2,on,13.50,2.24,1.66,-0.449,-0.332,-1.369,-1.822,0.065,6.38,3.02
gain,strong_fixed,accel_gain,0.2,on,13.55,2.27,1.67,-0.454,-0.333,-1.369,-1.821,0.066,6.44,3.05
gain,strong_fixed,accel_gain,0.2,on,13.60,2.29,1.67,-0.458,-0.333,-1.369,-1.820,0.066,6.48,3.06
gain,strong_fixed,accel_gain,0.2,on,13.65,2.30,1.66,-0.460,-0.331,-1.370,-1.820,0.066,6.52,3.07
gain,strong_fixed,accel_gain,0.2,on,13.70,2.30,1.64,-0.460,-0.328,-1.370,-1.820,0.066,6.55,3.07
gain,strong_fixed,accel_gain,0.2,on,13.75,2.28,1.62,-0.457,-0.324,-1.370,-1.821,0.065,6.58,3.06
gain,strong_fixed,accel_gain,0.2,on,13.80,2.26,1.59,-0.453,-0.318,-1.370,-1.823,0.064,6.58,3.04
gain,strong_fixed,accel_gain,0.2,on,13.85,2.24,1.56,-0.447,-0.312,-1.370,-1.825,0.062,6.58,3.01
gain,strong_fixed,accel_gain,0.2,on,13.90,2.20,1.52,-0.441,-0.305,-1.371,-1.826,0.061,6.56,2.97
gain,strong_fixed,accel_gain,0.2,on,13.95,2.16,1.48,-0.432,-0.297,-1.372,-1.829,0.058,6.53,2.92
gain,strong_fixed,accel_gain,0.2,on,14.00,2.12,1.45,-0.424,-0.289,-1.370,-1.885,0.041,6.12,2.25
gain,strong_fixed,accel_gain,0.2,on,14.05,2.07,1.41,-0.415,-0.282,-1.370,-1.885,0.041,6.12,2.25
gain,strong_fixed,accel_gain,0.2,on,14.10,2.03,1.38,-0.406,-0.275,-1.370,-1.887,0.042,6.13,2.23
gain,strong_fixed,accel_gain,0.2,on,14.15,1.99,1.35,-0.399,-0.269,-1.370,-1.890,0.043,6.13,2.22
gain,strong_fixed,accel_gain,0.2,on,14.20,1.96,1.32,-0.391,-0.264,-1.369,-1.892,0.044,6.13,2.20
gain,strong_fixed,accel_gain,0.2,on,14.25,1.92,1.30,-0.385,-0.259,-1.369,-1.895,0.046,6.11,2.18
gain,strong_fixed,accel_gain,0.2,on,14.30,1.90,1.28,-0.379,-0.256,-1.369,-1.896,0.046,6.08,2.15
gain,strong_fixed,accel_gain,0.2,on,14.35,1.87,1.27,-0.374,-0.254,-1.369,-1.898,0.047,6.04,2.13
gain,strong_fixed,accel_gain,0.2,on,14.40,1.85,1.26,-0.370,-0.253,-1.370,-1.899,0.048,6.00,2.11
gain,strong_fixed,accel_gain,0.2,on,14.45,1.84,1.26,-0.368,-0.253,-1.370,-1.901,0.048,5.95,2.09
gain,strong_fixed,accel_gain,0.2,on,14.50,1.83,1.27,-0.366,-0.254,-1.371,-1.901,0.048,5.91,2.08
gain,strong_fixed,accel_gain,0.2,on,14.55,1.82,1.28,-0.364,-0.256,-1.371,-1.902,0.048,5.87,2.07
gain,strong_fixed,accel_gain,0.2,on,14.60,1.81,1.29,-0.361,-0.258,-1.372,-1.903,0.048,5.84,2.08
gain,strong_fixed,accel_gain,0.2,on,14.65,1.80,1.31,-0.359,-0.262,-1.373,-1.903,0.047,5.82,2.09
gain,strong_fixed,accel_gain,0.2,on,14.70,1.78,1.33,-0.357,-0.265,-1.373,-1.903,0.047,5.80,2.11
gain,strong_fixed,accel_gain,0.2,on,14.75,1.77,1.34,-0.354,-0.269,-1.374,-1.902,0.046,5.79,2.14
gain,strong_fixed,accel_gain,0.2,on,14.80,1.75,1.36,-0.350,-0.272,-1.374,-1.902,0.045,5.79,2.17
gain,strong_fixed,accel_gain,0.2,on,14.85,1.73,1.37,-0.346,-0.275,-1.375,-1.900,0.044,5.80,2.21
gain,strong_fixed,accel_gain,0.2,on,14.90,1.71,1.39,-0.342,-0.277,-1.376,-1.899,0.043,5.80,2.25
gain,strong_fixed,accel_gain,0.2,on,14.95,1.69,1.39,-0.337,-0.279,-1.377,-1.898,0.041,5.81,2.30
gain,strong_fixed,accel_gain,0.2,on,15.00,1.67,1.40,-0.335,-0.280,-1.385,-1.854,0.031,6.01,2.76
gain,strong_fixed,accel_gain,0.2,on,15.05,1.67,1.41,-0.333,-0.282,-1.385,-1.854,0.031,6.01,2.76
gain,strong_fixed,accel_gain,0.2,on,15.10,1.66,1.42,-0.333,-0.283,-1.386,-1.852,0.032,6.01,2.78
gain,strong_fixed,accel_gain,0.2,on,15.15,1.67,1.42,-0.333,-0.284,-1.387,-1.848,0.034,6.00,2.80
gain,strong_fixed,accel_gain,0.2,on,15.20,1.67,1.42,-0.333,-0.285,-1.388,-1.844,0.036,6.00,2.82
gain,strong_fixed,accel_gain,0.2,on,15.25,1.67,1.42,-0.334,-0.285,-1.388,-1.842,0.037,5.99,2.85
gain,strong_fixed,accel_gain,0.2,on,15.30,1.67,1.42,-0.335,-0.284,-1.388,-1.841,0.039,5.99,2.88
gain,strong_fixed,accel_gain,0.2,on,15.35,1.68,1.41,-0.336,-0.283,-1.389,-1.838,0.040,5.98,2.91
gain,strong_fixed,accel_gain,0.2,on,15.40,1.69,1.40,-0.337,-0.281,-1.389,-1.837,0.042,5.98,2.92
gain,strong_fixed,accel_gain,0.2,on,15.45,1.69,1.39,-0.338,-0.278,-1.390,-1.834,0.043,5.98,2.94
gain,strong_fixed,accel_gain,0.2,on,15.50,1.70,1.38,-0.340,-0.276,-1.390,-1.833,0.044,5.99,2.95
gain,strong_fixed,accel_gain,0.2,on,15.55,1.71,1.37,-0.342,-0.273,-1.390,-1.831,0.046,5.99,2.95
gain,strong_fixed,accel_gain,0.2,on,15.60,1.72,1.36,-0.344,-0.271,-1.391,-1.830,0.047,6.00,2.95
gain,strong_fixed,accel_gain,0.2,on,15.65,1.74,1.35,-0.348,-0.269,-1.390,-1.828,0.049,6.00,2.94
gain,strong_fixed,accel_gain,0.2,on,15.70,1.76,1.34,-0.351,-0.267,-1.390,-1.826,0.051,6.01,2.93
gain,strong_fixed,accel_gain,0.2,on,15.75,1.78,1.33,-0.355,-0.266,-1.389,-1.825,0.052,6.02,2.92
gain,strong_fixed,accel_gain,0.2,on,15.80,1.79,1.33,-0.359,-0.265,-1.389,-1.823,0.054,6.04,2.90
gain,strong_fixed,accel_gain,0.2,on,15.85,1.81,1.32,-0.363,-0.265,-1.388,-1.823,0.055,6.06,2.89
gain,strong_fixed,accel_gain,0.2,on,15.90,1.84,1.33,-0.367,-0.265,-1.388,-1.822,0.055,6.08,2.88
gain,strong_fixed,accel_gain,0.2,on,15.95,1.86,1.33,-0.372,-0.267,-1.386,-1.821,0.057,6.10,2.86
gain,strong_fixed,accel_gain,0.2,on,16.00,1.86,1.32,-0.372,-0.265,-1.369,-1.832,0.057,6.25,2.59
gain,strong_fixed,accel_gain,0.2,on,16.05,1.84,1.31,-0.369,-0.261,-1.369,-1.832,0.057,6.25,2.59
gain,strong_fixed,accel_gain,0.2,on,16.10,1.82,1.28,-0.365,-0.257,-1.369,-1.834,0.057,6.24,2.58
gain,strong_fixed,accel_gain,0.2,on,16.15,1.80,1.26,-0.360,-0.252,-1.368,-1.834,0.057,6.24,2.57
gain,strong_fixed,accel_gain,0.2,on,16.20,1.78,1.24,-0.356,-0.247,-1.367,-1.836,0.056,6.23,2.56
gain,strong_fixed,accel_gain,0.2,on,16.25,1.77,1.21,-0.353,-0.242,-1.367,-1.836,0.056,6.23,2.54
gain,strong_fixed,accel_gain,0.2,on,16.30,1.75,1.19,-0.351,-0.239,-1.366,-1.837,0.056,6.22,2.52
gain,strong_fixed,accel_gain,0.2,on,16.35,1.75,1.17,-0.349,-0.235,-1.365,-1.838,0.057,6.21,2.50
gain,strong_fixed,accel_gain,0.2,on,16.40,1.75,1.16,-0.349,-0.232,-1.363,-1.839,0.057,6.19,2.48
gain,strong_fixed,accel_gain,0.2,on,16.45,1.75,1.16,-0.350,-0.231,-1.363,-1.839,0.058,6.18,2.46
gain,strong_fixed,accel_gain,0.2,on,16.50,1.75,1.15,-0.351,-0.231,-1.361,-1.839,0.059,6.17,2.45
gain,strong_fixed,accel_gain,0.2,on,16.55,1.76,1.15,-0.353,-0.231,-1.360,-1.839,0.060,6.16,2.43
gain,strong_fixed,accel_gain,0.2,on,16.60,1.78,1.16,-0.356,-0.231,-1.358,-1.840,0.061,6.17,2.42
gain,strong_fixed,accel_gain,0.2,on,16.65,1.79,1.16,-0.358,-0.232,-1.357,-1.840,0.062,6.18,2.42
gain,strong_fixed,accel_gain,0.2,on,16.70,1.80,1.17,-0.360,-0.234,-1.355,-1.840,0.063,6.19,2.42
gain,strong_fixed,accel_gain,0.2,on,16.75,1.81,1.18,-0.362,-0.236,-1.355,-1.840,0.064,6.21,2.41
gain,strong_fixed,accel_gain,0.2,on,16.80,1.83,1.20,-0.365,-0.239,-1.353,-1.840,0.065,6.23,2.42
gain,strong_fixed,accel_gain,0.2,on,16.85,1.83,1.21,-0.367,-0.242,-1.353,-1.840,0.066,6.26,2.43
gain,strong_fixed,accel_gain,0.2,on,16.90,1.84,1.23,-0.368,-0.246,-1.352,-1.840,0.066,6.29,2.44
gain,strong_fixed,accel_gain,0.2,on,16.95,1.85,1.25,-0.370,-0.250,-1.351,-1.841,0.067,6.32,2.46
gain,strong_fixed,accel_gain,0.2,on,17.00,1.84,1.26,-0.367,-0.251,-1.377,-1.896,0.039,5.96,2.20
gain,strong_fixed,accel_gain,0.2,on,17.05,1.81,1.25,-0.363,-0.250,-1.377,-1.896,0.039,5.96,2.20
gain,strong_fixed,accel_gain,0.2,on,17.10,1.78,1.24,-0.356,-0.249,-1.379,-1.900,0.040,5.94,2.18
gain,strong_fixed,accel_gain,0.2,on,17.15,1.75,1.23,-0.349,-0.246,-1.380,-1.902,0.041,5.92,2.15
gain,strong_fixed,accel_gain,0.2,on,17.20,1.71,1.22,-0.343,-0.243,-1.382,-1.905,0.042,5.91,2.13
gain,strong_fixed,accel_gain,0.2,on,17.25,1.68,1.20,-0.336,-0.241,-1.383,-1.906,0.042,5.88,2.12
gain,strong_fixed,accel_gain,0.2,on,17.30,1.65,1.19,-0.331,-0.239,-1.386,-1.908,0.042,5.87,2.11
gain,strong_fixed,accel_gain,0.2,on,17.35,1.63,1.19,-0.325,-0.237,-1.387,-1.909,0.042,5.84,2.11
gain,strong_fixed,accel_gain,0.2,on,17.40,1.61,1.18,-0.321,-0.237,-1.389,-1.910,0.043,5.81,2.11
gain,strong_fixed,accel_gain,0.2,on,17.45,1.59,1.19,-0.318,-0.237,-1.390,-1.911,0.043,5.77,2.12
gain,strong_fixed,accel_gain,0.2,on,17.50,1.58,1.19,-0.315,-0.239,-1.391,-1.912,0.043,5.75,2.12
gain,strong_fixed,accel_gain,0.2,on,17.55,1.56,1.20,-0.313,-0.240,-1.392,-1.913,0.043,5.72,2.14
gain,strong_fixed,accel_gain,0.2,on,17.60,1.55,1.21,-0.311,-0.242,-1.393,-1.914,0.044,5.70,2.15
gain,strong_fixed,accel_gain,0.2,on,17.65,1.54,1.22,-0.309,-0.245,-1.394,-1.915,0.045,5.68,2.17
gain,strong_fixed,accel_gain,0.2,on,17.70,1.53,1.24,-0.307,-0.247,-1.396,-1.916,0.045,5.67,2.18
gain,strong_fixed,accel_gain,0.2,on,17.75,1.53,1.25,-0.306,-0.250,-1.396,-1.917,0.046,5.67,2.20
gain,strong_fixed,accel_gain,0.2,on,17.80,1.52,1.27,-0.305,-0.254,-1.398,-1.917,0.046,5.66,2.21
gain,strong_fixed,accel_gain,0.2,on,17.85,1.52,1.28,-0.305,-0.257,-1.400,-1.918,0.046,5.67,2.23
gain,strong_fixed,accel_gain,0.2,on,17.90,1.53,1.30,-0.305,-0.260,-1.402,-1.917,0.045,5.67,2.25
gain,strong_fixed,accel_gain,0.2,on,17.95,1.53,1.32,-0.306,-0.263,-1.403,-1.917,0.045,5.67,2.27
gain,strong_fixed,accel_gain,0.3,on,0.00,0.00,0.00,0.000,0.000,-1.761,-2.104,0.133,0.24,0.52
gain,strong_fixed,accel_gain,0.3,on,0.05,0.00,0.00,0.000,0.000,-1.761,-2.104,0.133,0.24,0.52
gain,strong_fixed,accel_gain,0.3,on,0.10,0.00,0.00,0.000,0.000,-1.769,-2.109,0.142,0.14,0.46
gain,strong_fixed,accel_gain,0.3,on,0.15,0.00,0.00,0.000,0.000,-1.774,-2.112,0.147,0.05,0.39
gain,strong_fixed,accel_gain,0.3,on,0.20,0.00,0.00,0.000,0.000,-1.780,-2.117,0.154,-0.03,0.32
gain,strong_fixed,accel_gain,0.3,on,0.25,0.00,0.00,0.000,0.000,-1.783,-2.119,0.157,-0.08,0.27
gain,strong_fixed,accel_gain,0.3,on,0.30,0.00,0.00,0.000,0.000,-1.787,-2.123,0.162,-0.12,0.20
gain,strong_fixed,accel_gain,0.3,on,0.35,0.00,0.00,0.000,0.000,-1.791,-2.128,0.167,-0.15,0.15
gain,strong_fixed,accel_gain,0.3,on,0.40,0.00,0.00,0.000,0.000,-1.793,-2.129,0.169,-0.16,0.10
gain,strong_fixed,accel_gain,0.3,on,0.45,0.00,0.00,0.000,0.000,-1.794,-2.131,0.170,-0.17,0.06
gain,strong_fixed,accel_gain,0.3,on,0.50,0.00,0.00,0.000,0.000,-1.795,-2.135,0.173,-0.16,0.02
gain,strong_fixed,accel_gain,0.3,on,0.55,0.00,0.00,0.000,0.000,-1.796,-2.138,0.174,-0.14,-0.02
gain,strong_fixed,accel_gain,0.3,on,0.60,0.00,0.00,0.000,0.000,-1.796,-2.139,0.174,-0.11,-0.05
gain,strong_fixed,accel_gain,0.3,on,0.65,0.00,0.00,0.000,0.000,-1.796,-2.140,0.175,-0.08,-0.07
gain,strong_fixed,accel_gain,0.3,on,0.70,0.00,0.00,0.000,0.000,-1.796,-2.141,0.175,-0.04,-0.10
gain,strong_fixed,accel_gain,0.3,on,0.75,0.00,0.00,0.000,0.000,-1.795,-2.141,0.174,0.00,-0.11
gain,strong_fixed,accel_gain,0.3,on,0.80,0.00,0.00,0.000,0.000,-1.794,-2.140,0.173,0.05,-0.12
gain,strong_fixed,accel_gain,0.3,on,0.85,0.00,0.00,0.000,0.000,-1.794,-2.140,0.173,0.09,-0.12
gain,strong_fixed,accel_gain,0.3,on,0.90,0.00,0.00,0.000,0.000,-1.792,-2.138,0.171,0.14,-0.11
gain,strong_fixed,accel_gain,0.3,on,0.95,0.58,0.26,-0.173,-0.077,-1.791,-2.136,0.169,0.18,-0.09
gain,strong_fixed,accel_gain,0.3,on,1.00,0.54,0.25,-0.163,-0.074,-1.792,-2.093,0.163,0.68,0.50
gain,strong_fixed,accel_gain,0.3,on,1.05,0.50,0.23,-0.149,-0.069,-1.792,-2.093,0.163,0.68,0.50
gain,strong_fixed,accel_gain,0.3,on,1.10,0.43,0.20,-0.130,-0.061,-1.791,-2.094,0.162,0.65,0.47
gain,strong_fixed,accel_gain,0.3,on,1.15,0.37,0.18,-0.112,-0.053,-1.790,-2.095,0.161,0.62,0.42
gain,strong_fixed,accel_gain,0.3,on,1.20,0.32,0.15,-0.095,-0.044,-1.788,-2.096,0.160,0.58,0.37
gain,strong_fixed,accel_gain,0.3,on,1.25,0.27,0.12,-0.080,-0.036,-1.787,-2.096,0.158,0.52,0.30
gain,strong_fixed,accel_gain,0.3,on,1.30,0.23,0.10,-0.068,-0.030,-1.784,-2.097,0.156,0.46,0.25
gain,strong_fixed,accel_gain,0.3,on,1.35,0.20,0.08,-0.059,-0.025,-1.782,-2.097,0.153,0.39,0.21
gain,strong_fixed,accel_gain,0.3,on,1.40,0.20,0.08,-0.059,-0.024,-1.777,-2.096,0.149,0.33,0.18
gain,strong_fixed,accel_gain,0.3,on,1.45,0.22,0.09,-0.065,-0.026,-1.775,-2.096,0.146,0.29,0.17
gain,strong_fixed,accel_gain,0.3,on,1.50,0.27,0.10,-0.080,-0.031,-1.769,-2.094,0.140,0.28,0.18
gain,strong_fixed,accel_gain,0.3,on,1.55,0.34,0.13,-0.102,-0.040,-1.764,-2.092,0.135,0.31,0.21
gain,strong_fixed,accel_gain,0.3,on,1.60,0.47,0.19,-0.141,-0.056,-1.757,-2.088,0.128,0.37,0.26
gain,strong_fixed,accel_gain,0.3,on,1.65,0.66,0.28,-0.198,-0.083,-1.753,-2.085,0.124,0.50,0.34
gain,strong_fixed,accel_gain,0.3,on,1.70,0.91,0.41,-0.274,-0.123,-1.744,-2.078,0.115,0.66,0.43
gain,strong_fixed,accel_gain,0.3,on,1.75,1.20,0.58,-0.361,-0.173,-1.738,-2.073,0.110,0.91,0.56
gain,strong_fixed,accel_gain,0.3,on,1.80,1.53,0.77,-0.458,-0.232,-1.729,-2.063,0.102,1.19,0.71
gain,strong_fixed,accel_gain,0.3,on,1.85,1.86,0.98,-0.558,-0.294,-1.724,-2.058,0.099,1.57,0.90
gain,strong_fixed,accel_gain,0.3,on,1.90,2.21,1.21,-0.663,-0.362,-1.713,-2.046,0.094,1.99,1.10
gain,strong_fixed,accel_gain,0.3,on,1.95,2.57,1.44,-0.772,-0.432,-1.706,-2.037,0.092,2.53,1.37
gain,strong_fixed,accel_gain,0.3,on,2.00,2.61,1.52,-0.784,-0.456,-1.673,-1.925,0.168,5.29,3.75
gain,strong_fixed,accel_gain,0.3,on,2.05,2.53,1.50,-0.759,-0.450,-1.673,-1.925,0.168,5.29,3.75
gain,strong_fixed,accel_gain,0.3,on,2.10,2.36,1.42,-0.709,-0.425,-1.673,-1.934,0.160,5.22,3.63
gain,strong_fixed,accel_gain,0.3,on,2.15,2.17,1.30,-0.651,-0.390,-1.673,-1.940,0.155,5.19,3.55
gain,strong_fixed,accel_gain,0.3,on,2.20,2.01,1.18,-0.604,-0.354,-1.671,-1.950,0.144,5.13,3.42
gain,strong_fixed,accel_gain,0.3,on,2.25,1.90,1.06,-0.571,-0.317,-1.670,-1.955,0.139,5.05,3.30
gain,strong_fixed,accel_gain,0.3,on,2.30,1.83,0.97,-0.549,-0.291,-1.667,-1.966,0.128,4.93,3.15
gain,strong_fixed,accel_gain,0.3,on,2.35,1.81,0.89,-0.542,-0.266,-1.665,-1.972,0.121,4.82,3.01
gain,strong_fixed,accel_gain,0.3,on,2.40,1.88,0.86,-0.564,-0.257,-1.660,-1.983,0.109,4.63,2.77
gain,strong_fixed,accel_gain,0.3,on,2.45,1.93,0.85,-0.580,-0.255,-1.658,-1.988,0.104,4.52,2.61
gain,strong_fixed,accel_gain,0.3,on,2.50,1.99,0.82,-0.598,-0.246,-1.652,-2.000,0.091,4.40,2.37
gain,strong_fixed,accel_gain,0.3,on,2.55,2.07,0.80,-0.620,-0.239,-1.649,-2.004,0.086,4.37,2.17
gain,strong_fixed,accel_gain,0.3,on,2.60,2.19,0.79,-0.657,-0.238,-1.642,-2.013,0.076,4.40,2.02
gain,strong_fixed,accel_gain,0.3,on,2.65,2.30,0.77,-0.689,-0.231,-1.638,-2.017,0.072,4.48,1.90
gain,strong_fixed,accel_gain,0.3,on,2.70,2.41,0.76,-0.722,-0.229,-1.630,-2.023,0.065,4.65,1.76
gain,strong_fixed,accel_gain,0.3,on,2.75,2.55,0.77,-0.766,-0.232,-1.624,-2.027,0.061,4.81,1.69
gain,strong_fixed,accel_gain,0.3,on,2.80,2.73,0.82,-0.820,-0.247,-1.615,-2.031,0.058,5.10,1.60
gain,strong_fixed,accel_gain,0.3,on,2.85,2.85,0.88,-0.856,-0.264,-1.610,-2.033,0.058,5.32,1.55
gain,strong_fixed,accel_gain,0.3,on,2.90,2.98,0.99,-0.895,-0.297,-1.600,-2.036,0.060,5.68,1.52
gain,strong_fixed,accel_gain,0.3,on,2.95,3.16,1.12,-0.947,-0.336,-1.594,-2.037,0.062,6.02,1.53
gain,strong_fixed,accel_gain,0.3,on,3.00,3.17,1.23,-0.952,-0.369,-1.643,-2.083,0.014,5.86,2.49
gain,strong_fixed,accel_gain,0.3,on,3.05,3.14,1.34,-0.943,-0.402,-1.643,-2.083,0.014,5.86,2.49
gain,strong_fixed,accel_gain,0.3,on,3.10,3.04,1.44,-0.911,-0.432,-1.652,-2.090,0.023,5.73,2.46
gain,strong_fixed,accel_gain,0.3,on,3.15,2.91,1.53,-0.874,-0.459,-1.657,-2.093,0.029,5.62,2.45
gain,strong_fixed,accel_gain,0.3,on,3.20,2.78,1.59,-0.835,-0.478,-1.667,-2.101,0.040,5.52,2.46
gain,strong_fixed,accel_gain,0.3,on,3.25,2.65,1.65,-0.795,-0.494,-1.672,-2.105,0.046,5.43,2.52
gain,strong_fixed,accel_gain,0.3,on,3.30,2.51,1.69,-0.753,-0.506,-1.680,-2.112,0.056,5.32,2.61
gain,strong_fixed,accel_gain,0.3,on,3.35,2.37,1.71,-0.712,-0.512,-1.684,-2.116,0.062,5.19,2.70
gain,strong_fixed,accel_gain,0.3,on,3.40,2.27,1.73,-0.680,-0.519,-1.693,-2.125,0.074,5.03,2.79
gain,strong_fixed,accel_gain,0.3,on,3.45,2.20,1.77,-0.660,-0.531,-1.697,-2.129,0.079,4.86,2.87
gain,strong_fixed,accel_gain,0.3,on,3.50,2.14,1.77,-0.641,-0.531,-1.704,-2.137,0.089,4.67,2.94
gain,strong_fixed,accel_gain,0.3,on,3.55,2.08,1.76,-0.625,-0.527,-1.707,-2.141,0.094,4.49,2.98
gain,strong_fixed,accel_gain,0.3,on,3.60,2.06,1.74,-0.619,-0.522,-1.713,-2.149,0.104,4.31,3.01
gain,strong_fixed,accel_gain,0.3,on,3.65,2.07,1.72,-0.620,-0.516,-1.715,-2.153,0.107,4.17,3.02
gain,strong_fixed,accel_gain,0.3,on,3.70,2.10,1.71,-0.629,-0.513,-1.718,-2.160,0.114,4.05,3.00
gain,strong_fixed,accel_gain,0.3,on,3.75,2.14,1.70,-0.643,-0.509,-1.719,-2.163,0.117,3.99,2.96
gain,strong_fixed,accel_gain,0.3,on,3.80,2.23,1.69,-0.669,-0.508,-1.719,-2.171,0.123,3.96,2.89
gain,strong_fixed,accel_gain,0.3,on,3.85,2.32,1.69,-0.695,-0.507,-1.719,-2.174,0.124,3.98,2.81
gain,strong_fixed,accel_gain,0.3,on,3.90,2.46,1.72,-0.739,-0.515,-1.717,-2.180,0.127,4.05,2.72
gain,strong_fixed,accel_gain,0.3,on,3.95,2.65,1.74,-0.796,-0.522,-1.716,-2.182,0.128,4.16,2.63
gain,strong_fixed,accel_gain,0.3,on,4.00,2.81,1.81,-0.844,-0.542,-1.684,-2.123,0.065,5.97,3.08
gain,strong_fixed,accel_gain,0.3,on,4.05,2.95,1.89,-0.884,-0.567,-1.684,-2.123,0.065,5.97,3.08
gain,strong_fixed,accel_gain,0.3,on,4.10,3.05,1.97,-0.916,-0.591,-1.686,-2.117,0.064,5.93,3.14
gain,strong_fixed,accel_gain,0.3,on,4.15,3.15,2.05,-0.945,-0.616,-1.687,-2.114,0.063,5.91,3.20
gain,strong_fixed,accel_gain,0.3,on,4.20,3.22,2.12,-0.966,-0.636,-1.689,-2.108,0.063,5.93,3.27
gain,strong_fixed,accel_gain,0.3,on,4.25,3.27,2.18,-0.982,-0.655,-1.690,-2.106,0.063,6.00,3.35
gain,strong_fixed,accel_gain,0.3,on,4.30,3.28,2.22,-0.985,-0.667,-1.692,-2.101,0.064,6.12,3.44
gain,strong_fixed,accel_gain,0.3,on,4.35,3.28,2.26,-0.983,-0.677,-1.693,-2.099,0.065,6.24,3.52
gain,strong_fixed,accel_gain,0.3,on,4.40,3.25,2.28,-0.975,-0.683,-1.695,-2.095,0.066,6.37,3.61
gain,strong_fixed,accel_gain,0.3,on,4.45,3.22,2.28,-0.966,-0.685,-1.696,-2.094,0.067,6.48,3.68
gain,strong_fixed,accel_gain,0.3,on,4.50,3.18,2.27,-0.953,-0.680,-1.698,-2.092,0.069,6.55,3.75
gain,strong_fixed,accel_gain,0.3,on,4.55,3.12,2.24,-0.936,-0.672,-1.700,-2.092,0.071,6.59,3.79
gain,strong_fixed,accel_gain,0.3,on,4.60,3.05,2.20,-0.916,-0.659,-1.703,-2.092,0.074,6.57,3.81
gain,strong_fixed,accel_gain,0.3,on,4.65,2.97,2.15,-0.892,-0.644,-1.705,-2.092,0.076,6.52,3.81
gain,strong_fixed,accel_gain,0.3,on,4.70,2.89,2.08,-0.866,-0.624,-1.708,-2.093,0.079,6.43,3.78
gain,strong_fixed,accel_gain,0.3,on,4.75,2.78,2.00,-0.834,-0.600,-1.709,-2.094,0.080,6.32,3.74
gain,strong_fixed,accel_gain,0.3,on,4.80,2.66,1.90,-0.799,-0.571,-1.712,-2.096,0.083,6.16,3.66
gain,strong_fixed,accel_gain,0.3,on,4.85,2.55,1.81,-0.764,-0.542,-1.713,-2.098,0.084,6.00,3.58
gain,strong_fixed,accel_gain,0.3,on,4.90,2.43,1.71,-0.729,-0.512,-1.715,-2.101,0.087,5.81,3.46
gain,strong_fixed,accel_gain,0.3,on,4.95,2.32,1.61,-0.696,-0.484,-1.716,-2.102,0.088,5.62,3.34
gain,strong_fixed,accel_gain,0.3,on,5.00,2.31,1.58,-0.694,-0.474,-1.624,-2.103,0.016,6.18,2.62
gain,strong_fixed,accel_gain,0.3,on,5.05,2.39,1.60,-0.716,-0.479,-1.624,-2.103,0.016,6.18,2.62
gain,strong_fixed,accel_gain,0.3,on,5.10,2.53,1.66,-0.759,-0.499,-1.617,-2.097,0.015,6.26,2.69
gain,strong_fixed,accel_gain,0.3,on,5.15,2.72,1.76,-0.815,-0.529,-1.613,-2.094,0.017,6.33,2.75
gain,strong_fixed,accel_gain,0.3,on,5.20,2.90,1.87,-0.870,-0.561,-1.606,-2.086,0.024,6.41,2.81
gain,strong_fixed,accel_gain,0.3,on,5.25,3.11,1.99,-0.932,-0.598,-1.603,-2.083,0.027,6.50,2.87
gain,strong_fixed,accel_gain,0.3,on,5.30,3.31,2.10,-0.992,-0.631,-1.597,-2.077,0.034,6.64,2.94
gain,strong_fixed,accel_gain,0.3,on,5.35,3.51,2.23,-1.053,-0.669,-1.595,-2.073,0.037,6.81,3.03
gain,strong_fixed,accel_gain,0.3,on,5.40,3.67,2.34,-1.101,-0.702,-1.590,-2.067,0.044,7.04,3.15
gain,strong_fixed,accel_gain,0.3,on,5.45,3.81,2.42,-1.142,-0.727,-1.588,-2.064,0.047,7.28,3.26
gain,strong_fixed,accel_gain,0.3,on,5.50,3.93,2.50,-1.178,-0.751,-1.586,-2.060,0.051,7.56,3.39
gain,strong_fixed,accel_gain,0.3,on,5.55,4.00,2.56,-1.201,-0.769,-1.585,-2.058,0.053,7.82,3.51
gain,strong_fixed,accel_gain,0.3,on,5.60,4.05,2.60,-1.216,-0.781,-1.585,-2.055,0.055,8.08,3.64
gain,strong_fixed,accel_gain,0.3,on,5.65,4.07,2.63,-1.221,-0.788,-1.586,-2.055,0.055,8.27,3.74
gain,strong_fixed,accel_gain,0.3,on,5.70,4.04,2.62,-1.213,-0.786,-1.588,-2.055,0.053,8.43,3.82
gain,strong_fixed,accel_gain,0.3,on,5.75,3.97,2.58,-1.191,-0.773,-1.590,-2.056,0.051,8.52,3.88
gain,strong_fixed,accel_gain,0.3,on,5.80,3.84,2.49,-1.152,-0.748,-1.596,-2.059,0.044,8.54,3.91
gain,strong_fixed,accel_gain,0.3,on,5.85,3.70,2.40,-1.110,-0.719,-1.600,-2.062,0.039,8.48,3.92
gain,strong_fixed,accel_gain,0.3,on,5.90,3.55,2.28,-1.065,-0.685,-1.607,-2.068,0.030,8.34,3.88
gain,strong_fixed,accel_gain,0.3,on,5.95,3.37,2.16,-1.012,-0.647,-1.611,-2.073,0.024,8.12,3.80
gain,strong_fixed,accel_gain,0.3,on,6.00,3.21,2.04,-0.963,-0.612,-1.685,-2.256,0.177,5.37,1.54
gain,strong_fixed,accel_gain,0.3,on,6.05,3.06,1.93,-0.917,-0.580,-1.685,-2.256,0.177,5.37,1.54
gain,strong_fixed,accel_gain,0.3,on,6.10,2.92,1.85,-0.875,-0.555,-1.684,-2.257,0.178,5.44,1.56
gain,strong_fixed,accel_gain,0.3,on,6.15,2.79,1.77,-0.837,-0.531,-1.683,-2.258,0.178,5.49,1.59
gain,strong_fixed,accel_gain,0.3,on,6.20,2.67,1.72,-0.801,-0.515,-1.682,-2.258,0.178,5.49,1.60
gain,strong_fixed,accel_gain,0.3,on,6.25,2.57,1.69,-0.771,-0.506,-1.681,-2.257,0.177,5.43,1.60
gain,strong_fixed,accel_gain,0.3,on,6.30,2.50,1.68,-0.749,-0.503,-1.680,-2.256,0.175,5.31,1.59
gain,strong_fixed,accel_gain,0.3,on,6.35,2.44,1.69,-0.732,-0.506,-1.680,-2.254,0.174,5.18,1.59
gain,strong_fixed,accel_gain,0.3,on,6.40,2.41,1.71,-0.723,-0.514,-1.679,-2.252,0.171,5.02,1.60
gain,strong_fixed,accel_gain,0.3,on,6.45,2.41,1.77,-0.724,-0.530,-1.679,-2.250,0.170,4.89,1.63
gain,strong_fixed,accel_gain,0.3,on,6.50,2.45,1.85,-0.734,-0.556,-1.679,-2.246,0.166,4.77,1.69
gain,strong_fixed,accel_gain,0.3,on,6.55,2.49,1.94,-0.748,-0.583,-1.679,-2.244,0.164,4.69,1.76
gain,strong_fixed,accel_gain,0.3,on,6.60,2.56,2.05,-0.768,-0.616,-1.679,-2.238,0.158,4.65,1.86
gain,strong_fixed,accel_gain,0.3,on,6.65,2.64,2.17,-0.793,-0.651,-1.678,-2.234,0.155,4.66,1.99
gain,strong_fixed,accel_gain,0.3,on,6.70,2.76,2.29,-0.829,-0.687,-1.678,-2.227,0.147,4.72,2.14
gain,strong_fixed,accel_gain,0.3,on,6.75,2.90,2.40,-0.870,-0.719,-1.677,-2.223,0.144,4.82,2.31
gain,strong_fixed,accel_gain,0.3,on,6.80,3.05,2.49,-0.916,-0.747,-1.677,-2.214,0.135,4.97,2.52
gain,strong_fixed,accel_gain,0.3,on,6.85,3.22,2.58,-0.965,-0.773,-1.677,-2.209,0.130,5.15,2.72
gain,strong_fixed,accel_gain,0.3,on,6.90,3.39,2.65,-1.018,-0.794,-1.676,-2.200,0.122,5.39,2.93
gain,strong_fixed,accel_gain,0.3,on,6.95,3.58,2.71,-1.073,-0.813,-1.676,-2.196,0.118,5.63,3.13
gain,strong_fixed,accel_gain,0.3,on,7.00,3.60,2.64,-1.081,-0.793,-1.733,-2.171,0.133,5.63,3.04
gain,strong_fixed,accel_gain,0.3,on,7.05,3.54,2.52,-1.063,-0.755,-1.733,-2.171,0.133,5.63,3.04
gain,strong_fixed,accel_gain,0.3,on,7.10,3.44,2.36,-1.033,-0.709,-1.735,-2.176,0.138,5.58,2.96
gain,strong_fixed,accel_gain,0.3,on,7.15,3.34,2.20,-1.002,-0.661,-1.736,-2.178,0.140,5.54,2.89
gain,strong_fixed,accel_gain,0.3,on,7.20,3.22,2.04,-0.965,-0.611,-1.738,-2.183,0.144,5.50,2.78
gain,strong_fixed,accel_gain,0.3,on,7.25,3.07,1.86,-0.922,-0.557,-1.738,-2.185,0.146,5.44,2.64
gain,strong_fixed,accel_gain,0.3,on,7.30,2.92,1.70,-0.875,-0.509,-1.739,-2.189,0.150,5.35,2.46
gain,strong_fixed,accel_gain,0.3,on,7.35,2.78,1.54,-0.833,-0.461,-1.740,-2.191,0.151,5.24,2.27
gain,strong_fixed,accel_gain,0.3,on,7.40,2.65,1.40,-0.794,-0.420,-1.741,-2.195,0.154,5.08,2.06
gain,strong_fixed,accel_gain,0.3,on,7.45,2.50,1.30,-0.751,-0.390,-1.741,-2.196,0.155,4.90,1.86
gain,strong_fixed,accel_gain,0.3,on,7.50,2.39,1.20,-0.717,-0.360,-1.740,-2.198,0.157,4.70,1.65
gain,strong_fixed,accel_gain,0.3,on,7.55,2.29,1.12,-0.687,-0.336,-1.740,-2.199,0.157,4.51,1.48
gain,strong_fixed,accel_gain,0.3,on,7.60,2.24,1.07,-0.671,-0.322,-1.738,-2.198,0.155,4.30,1.32
gain,strong_fixed,accel_gain,0.3,on,7.65,2.18,1.03,-0.655,-0.310,-1.737,-2.198,0.154,4.13,1.21
gain,strong_fixed,accel_gain,0.3,on,7.70,2.14,1.03,-0.643,-0.308,-1.735,-2.195,0.150,3.98,1.12
gain,strong_fixed,accel_gain,0.3,on,7.75,2.15,1.07,-0.646,-0.320,-1.733,-2.193,0.148,3.87,1.08
gain,strong_fixed,accel_gain,0.3,on,7.80,2.25,1.17,-0.674,-0.351,-1.729,-2.187,0.140,3.81,1.08
gain,strong_fixed,accel_gain,0.3,on,7.85,2.37,1.31,-0.711,-0.392,-1.727,-2.183,0.136,3.79,1.12
gain,strong_fixed,accel_gain,0.3,on,7.90,2.55,1.49,-0.766,-0.448,-1.722,-2.173,0.126,3.84,1.21
gain,strong_fixed,accel_gain,0.3,on,7.95,2.79,1.71,-0.838,-0.512,-1.719,-2.168,0.120,3.95,1.35
gain,strong_fixed,accel_gain,0.3,on,8.00,3.00,1.88,-0.899,-0.563,-1.641,-1.944,0.144,6.46,4.24
gain,strong_fixed,accel_gain,0.3,on,8.05,3.17,2.02,-0.952,-0.606,-1.641,-1.944,0.144,6.46,4.24
gain,strong_fixed,accel_gain,0.3,on,8.10,3.29,2.11,-0.988,-0.632,-1.639,-1.942,0.147,6.42,4.20
gain,strong_fixed,accel_gain,0.3,on,8.15,3.39,2.17,-1.017,-0.651,-1.637,-1.941,0.147,6.40,4.17
gain,strong_fixed,accel_gain,0.3,on,8.20,3.45,2.20,-1.034,-0.660,-1.635,-1.940,0.148,6.44,4.17
gain,strong_fixed,accel_gain,0.3,on,8.25,3.48,2.20,-1.044,-0.660,-1.633,-1.940,0.148,6.54,4.18
gain,strong_fixed,accel_gain,0.3,on,8.30,3.49,2.19,-1.048,-0.656,-1.630,-1.941,0.147,6.69,4.19
gain,strong_fixed,accel_gain,0.3,on,8.35,3.49,2.15,-1.048,-0.644,-1.629,-1.942,0.146,6.84,4.19
gain,strong_fixed,accel_gain,0.3,on,8.40,3.51,2.10,-1.052,-0.629,-1.625,-1.945,0.143,7.00,4.16
gain,strong_fixed,accel_gain,0.3,on,8.45,3.50,2.04,-1.050,-0.611,-1.623,-1.947,0.141,7.09,4.12
gain,strong_fixed,accel_gain,0.3,on,8.50,3.48,1.95,-1.043,-0.585,-1.620,-1.953,0.135,7.16,4.01
gain,strong_fixed,accel_gain,0.3,on,8.55,3.45,1.86,-1.035,-0.558,-1.618,-1.956,0.132,7.18,3.92
gain,strong_fixed,accel_gain,0.3,on,8.60,3.41,1.76,-1.023,-0.527,-1.615,-1.965,0.124,7.17,3.74
gain,strong_fixed,accel_gain,0.3,on,8.65,3.36,1.64,-1.008,-0.491,-1.613,-1.969,0.120,7.13,3.60
gain,strong_fixed,accel_gain,0.3,on,8.70,3.31,1.52,-0.993,-0.456,-1.609,-1.979,0.111,7.05,3.40
gain,strong_fixed,accel_gain,0.3,on,8.75,3.26,1.42,-0.979,-0.426,-1.607,-1.984,0.106,6.96,3.18
gain,strong_fixed,accel_gain,0.3,on,8.80,3.22,1.34,-0.967,-0.402,-1.603,-1.996,0.096,6.82,2.89
gain,strong_fixed,accel_gain,0.3,on,8.85,3.17,1.27,-0.952,-0.380,-1.602,-2.001,0.091,6.71,2.69
gain,strong_fixed,accel_gain,0.3,on,8.90,3.13,1.21,-0.938,-0.363,-1.598,-2.012,0.082,6.54,2.39
gain,strong_fixed,accel_gain,0.3,on,8.95,3.09,1.16,-0.928,-0.348,-1.597,-2.018,0.077,6.43,2.19
gain,strong_fixed,accel_gain,0.3,on,9.00,3.06,1.18,-0.917,-0.353,-1.581,-2.049,0.062,6.13,2.39
gain,strong_fixed,accel_gain,0.3,on,9.05,3.05,1.26,-0.914,-0.377,-1.581,-2.049,0.062,6.13,2.39
gain,strong_fixed,accel_gain,0.3,on,9.10,3.05,1.40,-0.916,-0.419,-1.583,-2.046,0.062,6.10,2.47
gain,strong_fixed,accel_gain,0.3,on,9.15,3.09,1.57,-0.928,-0.472,-1.585,-2.045,0.062,6.08,2.53
gain,strong_fixed,accel_gain,0.3,on,9.20,3.14,1.76,-0.941,-0.528,-1.589,-2.042,0.061,6.04,2.63
gain,strong_fixed,accel_gain,0.3,on,9.25,3.19,1.96,-0.958,-0.589,-1.590,-2.042,0.060,6.02,2.73
gain,strong_fixed,accel_gain,0.3,on,9.30,3.22,2.15,-0.966,-0.645,-1.593,-2.040,0.060,6.01,2.92
gain,strong_fixed,accel_gain,0.3,on,9.35,3.25,2.34,-0.976,-0.702,-1.595,-2.039,0.059,6.03,3.07
gain,strong_fixed,accel_gain,0.3,on,9.40,3.26,2.51,-0.979,-0.754,-1.598,-2.039,0.058,6.07,3.32
gain,strong_fixed,accel_gain,0.3,on,9.45,3.26,2.66,-0.979,-0.798,-1.600,-2.039,0.057,6.11,3.49
gain,strong_fixed,accel_gain,0.3,on,9.50,3.23,2.76,-0.969,-0.828,-1.603,-2.039,0.056,6.19,3.76
gain,strong_fixed,accel_gain,0.3,on,9.55,3.19,2.83,-0.958,-0.850,-1.604,-2.039,0.055,6.25,3.93
gain,strong_fixed,accel_gain,0.3,on,9.60,3.11,2.87,-0.934,-0.860,-1.607,-2.041,0.051,6.32,4.17
gain,strong_fixed,accel_gain,0.3,on,9.65,3.02,2.87,-0.906,-0.860,-1.609,-2.043,0.049,6.35,4.31
gain,strong_fixed,accel_gain,0.3,on,9.70,2.95,2.84,-0.886,-0.852,-1.612,-2.047,0.045,6.36,4.46
gain,strong_fixed,accel_gain,0.3,on,9.75,2.89,2.77,-0.866,-0.832,-1.613,-2.049,0.042,6.34,4.52
gain,strong_fixed,accel_gain,0.3,on,9.80,2.81,2.65,-0.844,-0.796,-1.618,-2.055,0.035,6.26,4.55
gain,strong_fixed,accel_gain,0.3,on,9.85,2.75,2.52,-0.825,-0.755,-1.620,-2.058,0.031,6.18,4.52
gain,strong_fixed,accel_gain,0.3,on,9.90,2.72,2.34,-0.815,-0.703,-1.623,-2.066,0.023,6.02,4.40
gain,strong_fixed,accel_gain,0.3,on,9.95,2.68,2.17,-0.803,-0.650,-1.625,-2.070,0.018,5.89,4.28
gain,strong_fixed,accel_gain,0.3,on,10.00,2.67,2.03,-0.800,-0.610,-1.587,-2.153,0.078,6.01,2.22
gain,strong_fixed,accel_gain,0.3,on,10.05,2.67,1.94,-0.800,-0.581,-1.587,-2.153,0.078,6.01,2.22
gain,strong_fixed,accel_gain,0.3,on,10.10,2.68,1.87,-0.804,-0.560,-1.583,-2.151,0.078,6.07,2.29
gain,strong_fixed,accel_gain,0.3,on,10.15,2.71,1.82,-0.814,-0.547,-1.582,-2.150,0.078,6.11,2.34
gain,strong_fixed,accel_gain,0.3,on,10.20,2.75,1.81,-0.824,-0.542,-1.579,-2.147,0.077,6.13,2.34
gain,strong_fixed,accel_gain,0.3,on,10.25,2.79,1.81,-0.838,-0.543,-1.579,-2.146,0.077,6.15,2.31
gain,strong_fixed,accel_gain,0.3,on,10.30,2.84,1.81,-0.852,-0.544,-1.577,-2.144,0.076,6.16,2.27
gain,strong_fixed,accel_gain,0.3,on,10.35,2.89,1.84,-0.866,-0.553,-1.577,-2.142,0.076,6.17,2.23
gain,strong_fixed,accel_gain,0.3,on,10.40,2.92,1.88,-0.875,-0.563,-1.576,-2.140,0.074,6.20,2.21
gain,strong_fixed,accel_gain,0.3,on,10.45,2.94,1.90,-0.882,-0.571,-1.576,-2.139,0.073,6.23,2.21
gain,strong_fixed,accel_gain,0.3,on,10.50,2.96,1.94,-0.888,-0.583,-1.577,-2.136,0.072,6.26,2.22
gain,strong_fixed,accel_gain,0.3,on,10.55,2.97,1.98,-0.891,-0.595,-1.577,-2.135,0.070,6.31,2.26
gain,strong_fixed,accel_gain,0.3,on,10.60,2.99,2.04,-0.897,-0.612,-1.579,-2.133,0.067,6.35,2.31
gain,strong_fixed,accel_gain,0.3,on,10.65,3.01,2.10,-0.903,-0.630,-1.580,-2.132,0.066,6.38,2.38
gain,strong_fixed,accel_gain,0.3,on,10.70,3.02,2.16,-0.907,-0.647,-1.583,-2.129,0.062,6.40,2.45
gain,strong_fixed,accel_gain,0.3,on,10.75,3.02,2.20,-0.906,-0.660,-1.585,-2.128,0.060,6.40,2.54
gain,strong_fixed,accel_gain,0.3,on,10.80,2.99,2.22,-0.897,-0.665,-1.589,-2.126,0.055,6.40,2.64
gain,strong_fixed,accel_gain,0.3,on,10.85,2.97,2.23,-0.890,-0.668,-1.592,-2.124,0.052,6.39,2.75
gain,strong_fixed,accel_gain,0.3,on,10.90,2.93,2.22,-0.878,-0.665,-1.596,-2.122,0.047,6.37,2.85
gain,strong_fixed,accel_gain,0.3,on,10.95,2.88,2.20,-0.864,-0.660,-1.599,-2.121,0.045,6.32,2.94
gain,strong_fixed,accel_gain,0.3,on,11.00,2.83,2.16,-0.850,-0.648,-1.635,-2.130,0.043,5.73,2.71
gain,strong_fixed,accel_gain,0.3,on,11.05,2.77,2.11,-0.832,-0.632,-1.635,-2.130,0.043,5.73,2.71
gain,strong_fixed,accel_gain,0.3,on,11.10,2.71,2.04,-0.814,-0.612,-1.634,-2.131,0.044,5.76,2.69
gain,strong_fixed,accel_gain,0.3,on,11.15,2.65,1.97,-0.795,-0.592,-1.634,-2.132,0.044,5.79,2.67
gain,strong_fixed,accel_gain,0.3,on,11.20,2.58,1.91,-0.774,-0.572,-1.632,-2.133,0.045,5.79,2.64
gain,strong_fixed,accel_gain,0.3,on,11.25,2.50,1.83,-0.749,-0.548,-1.632,-2.134,0.046,5.76,2.59
gain,strong_fixed,accel_gain,0.3,on,11.30,2.42,1.75,-0.725,-0.525,-1.631,-2.134,0.046,5.71,2.53
gain,strong_fixed,accel_gain,0.3,on,11.35,2.34,1.67,-0.701,-0.502,-1.630,-2.135,0.047,5.63,2.46
gain,strong_fixed,accel_gain,0.3,on,11.40,2.27,1.60,-0.682,-0.481,-1.629,-2.135,0.047,5.55,2.40
gain,strong_fixed,accel_gain,0.3,on,11.45,2.21,1.55,-0.664,-0.464,-1.629,-2.134,0.046,5.45,2.32
gain,strong_fixed,accel_gain,0.3,on,11.50,2.17,1.50,-0.651,-0.451,-1.628,-2.133,0.045,5.35,2.25
gain,strong_fixed,accel_gain,0.3,on,11.55,2.14,1.47,-0.643,-0.442,-1.628,-2.132,0.044,5.26,2.20
gain,strong_fixed,accel_gain,0.3,on,11.60,2.15,1.46,-0.644,-0.439,-1.627,-2.129,0.041,5.15,2.14
gain,strong_fixed,accel_gain,0.3,on,11.65,2.17,1.47,-0.651,-0.442,-1.626,-2.127,0.039,5.07,2.10
gain,strong_fixed,accel_gain,0.3,on,11.70,2.22,1.50,-0.667,-0.450,-1.626,-2.123,0.035,5.02,2.09
gain,strong_fixed,accel_gain,0.3,on,11.75,2.30,1.55,-0.690,-0.465,-1.625,-2.120,0.032,4.99,2.10
gain,strong_fixed,accel_gain,0.3,on,11.80,2.40,1.62,-0.721,-0.487,-1.625,-2.114,0.027,5.00,2.13
gain,strong_fixed,accel_gain,0.3,on,11.85,2.53,1.71,-0.760,-0.514,-1.624,-2.112,0.024,5.05,2.19
gain,strong_fixed,accel_gain,0.3,on,11.90,2.69,1.82,-0.806,-0.545,-1.623,-2.105,0.018,5.13,2.27
gain,strong_fixed,accel_gain,0.3,on,11.95,2.86,1.94,-0.859,-0.581,-1.622,-2.102,0.016,5.26,2.38
gain,strong_fixed,accel_gain,0.3,on,12.00,2.94,1.99,-0.883,-0.597,-1.625,-2.035,0.053,6.05,3.28
gain,strong_fixed,accel_gain,0.3,on,12.05,2.96,2.00,-0.887,-0.599,-1.625,-2.035,0.053,6.05,3.28
gain,strong_fixed,accel_gain,0.3,on,12.10,2.91,1.96,-0.873,-0.589,-1.625,-2.038,0.050,6.03,3.22
gain,strong_fixed,accel_gain,0.3,on,12.15,2.84,1.91,-0.852,-0.573,-1.624,-2.039,0.049,6.02,3.17
gain,strong_fixed,accel_gain,0.3,on,12.20,2.76,1.84,-0.827,-0.553,-1.624,-2.043,0.045,6.03,3.12
gain,strong_fixed,accel_gain,0.3,on,12.25,2.67,1.77,-0.801,-0.530,-1.623,-2.045,0.043,6.04,3.05
gain,strong_fixed,accel_gain,0.3,on,12.30,2.59,1.69,-0.777,-0.508,-1.622,-2.049,0.040,6.03,2.99
gain,strong_fixed,accel_gain,0.3,on,12.35,2.51,1.62,-0.754,-0.485,-1.621,-2.051,0.038,5.99,2.90
gain,strong_fixed,accel_gain,0.3,on,12.40,2.47,1.55,-0.740,-0.464,-1.619,-2.056,0.034,5.94,2.81
gain,strong_fixed,accel_gain,0.3,on,12.45,2.41,1.49,-0.724,-0.446,-1.618,-2.058,0.032,5.85,2.70
gain,strong_fixed,accel_gain,0.3,on,12.50,2.36,1.42,-0.709,-0.427,-1.615,-2.062,0.030,5.76,2.59
gain,strong_fixed,accel_gain,0.3,on,12.55,2.33,1.36,-0.698,-0.408,-1.614,-2.064,0.028,5.65,2.47
gain,strong_fixed,accel_gain,0.3,on,12.60,2.32,1.30,-0.695,-0.391,-1.611,-2.069,0.026,5.57,2.36
gain,strong_fixed,accel_gain,0.3,on,12.65,2.31,1.25,-0.692,-0.375,-1.610,-2.070,0.026,5.48,2.25
gain,strong_fixed,accel_gain,0.3,on,12.70,2.30,1.21,-0.691,-0.363,-1.608,-2.074,0.025,5.41,2.15
gain,strong_fixed,accel_gain,0.3,on,12.75,2.31,1.19,-0.694,-0.357,-1.607,-2.075,0.026,5.36,2.05
gain,strong_fixed,accel_gain,0.3,on,12.80,2.34,1.20,-0.702,-0.359,-1.604,-2.077,0.027,5.34,1.97
gain,strong_fixed,accel_gain,0.3,on,12.85,2.36,1.22,-0.707,-0.365,-1.603,-2.078,0.028,5.33,1.90
gain,strong_fixed,accel_gain,0.3,on,12.90,2.39,1.27,-0.718,-0.381,-1.600,-2.078,0.031,5.34,1.85
gain,strong_fixed,accel_gain,0.3,on,12.95,2.45,1.34,-0.735,-0.402,-1.598,-2.078,0.032,5.38,1.83
gain,strong_fixed,accel_gain,0.3,on,13.00,2.49,1.43,-0.746,-0.428,-1.578,-1.997,0.104,6.13,3.21
gain,strong_fixed,accel_gain,0.3,on,13.05,2.53,1.52,-0.759,-0.457,-1.578,-1.997,0.104,6.13,3.21
gain,strong_fixed,accel_gain,0.3,on,13.10,2.56,1.62,-0.769,-0.486,-1.580,-1.994,0.106,6.10,3.23
gain,strong_fixed,accel_gain,0.3,on,13.15,2.59,1.72,-0.778,-0.515,-1.581,-1.993,0.107,6.08,3.25
gain,strong_fixed,accel_gain,0.3,on,13.20,2.62,1.80,-0.786,-0.541,-1.583,-1.990,0.108,6.08,3.29
gain,strong_fixed,accel_gain,0.3,on,13.25,2.65,1.89,-0.795,-0.566,-1.584,-1.989,0.109,6.10,3.37
gain,strong_fixed,accel_gain,0.3,on,13.30,2.67,1.96,-0.800,-0.588,-1.585,-1.987,0.111,6.13,3.46
gain,strong_fixed,accel_gain,0.3,on,13.35,2.67,2.01,-0.801,-0.604,-1.586,-1.985,0.111,6.17,3.56
gain,strong_fixed,accel_gain,0.3,on,13.40,2.66,2.05,-0.798,-0.616,-1.587,-1.984,0.112,6.22,3.66
gain,strong_fixed,accel_gain,0.3,on,13.45,2.64,2.07,-0.791,-0.621,-1.588,-1.983,0.113,6.27,3.76
gain,strong_fixed,accel_gain,0.3,on,13.50,2.59,2.06,-0.776,-0.617,-1.589,-1.983,0.112,6.31,3.83
gain,strong_fixed,accel_gain,0.3,on,13.55,2.53,2.03,-0.759,-0.608,-1.589,-1.984,0.112,6.34,3.90
gain,strong_fixed,accel_gain,0.3,on,13.60,2.45,1.97,-0.734,-0.591,-1.589,-1.986,0.110,6.35,3.93
gain,strong_fixed,accel_gain,0.3,on,13.65,2.35,1.90,-0.704,-0.569,-1.590,-1.987,0.109,6.33,3.93
gain,strong_fixed,accel_gain,0.3,on,13.70,2.25,1.81,-0.675,-0.543,-1.589,-1.990,0.106,6.29,3.90
gain,strong_fixed,accel_gain,0.3,on,13.75,2.15,1.72,-0.646,-0.516,-1.589,-1.992,0.104,6.21,3.83
gain,strong_fixed,accel_gain,0.3,on,13.80,2.07,1.62,-0.622,-0.487,-1.588,-1.998,0.099,6.12,3.74
gain,strong_fixed,accel_gain,0.3,on,13.85,1.99,1.52,-0.598,-0.457,-1.587,-2.000,0.097,5.98,3.60
gain,strong_fixed,accel_gain,0.3,on,13.90,1.94,1.43,-0.583,-0.429,-1.585,-2.006,0.093,5.85,3.45
gain,strong_fixed,accel_gain,0.3,on,13.95,1.92,1.35,-0.577,-0.405,-1.584,-2.010,0.090,5.69,3.26
gain,strong_fixed,accel_gain,0.3,on,14.00,1.94,1.32,-0.582,-0.396,-1.481,-2.061,0.150,6.55,2.30
gain,strong_fixed,accel_gain,0.3,on,14.05,1.98,1.32,-0.594,-0.397,-1.481,-2.061,0.150,6.55,2.30
gain,strong_fixed,accel_gain,0.3,on,14.10,2.05,1.36,-0.615,-0.409,-1.478,-2.061,0.154,6.57,2.32
gain,strong_fixed,accel_gain,0.3,on,14.15,2.14,1.42,-0.641,-0.427,-1.475,-2.061,0.157,6.58,2.35
gain,strong_fixed,accel_gain,0.3,on,14.20,2.22,1.49,-0.667,-0.447,-1.474,-2.061,0.158,6.60,2.36
gain,strong_fixed,accel_gain,0.3,on,14.25,2.32,1.57,-0.696,-0.471,-1.472,-2.061,0.159,6.63,2.38
gain,strong_fixed,accel_gain,0.3,on,14.30,2.40,1.65,-0.721,-0.494,-1.471,-2.061,0.160,6.68,2.41
gain,strong_fixed,accel_gain,0.3,on,14.35,2.48,1.73,-0.745,-0.519,-1.471,-2.060,0.161,6.75,2.46
gain,strong_fixed,accel_gain,0.3,on,14.40,2.54,1.80,-0.761,-0.541,-1.471,-2.060,0.161,6.84,2.52
gain,strong_fixed,accel_gain,0.3,on,14.45,2.57,1.86,-0.772,-0.559,-1.472,-2.059,0.160,6.94,2.60
gain,strong_fixed,accel_gain,0.3,on,14.50,2.59,1.92,-0.778,-0.575,-1.473,-2.058,0.159,7.04,2.68
gain,strong_fixed,accel_gain,0.3,on,14.55,2.59,1.96,-0.776,-0.587,-1.475,-2.058,0.157,7.13,2.78
gain,strong_fixed,accel_gain,0.3,on,14.60,2.56,1.99,-0.767,-0.596,-1.477,-2.058,0.155,7.20,2.87
gain,strong_fixed,accel_gain,0.3,on,14.65,2.50,1.99,-0.750,-0.598,-1.481,-2.059,0.151,7.25,2.97
gain,strong_fixed,accel_gain,0.3,on,14.70,2.42,1.98,-0.727,-0.595,-1.483,-2.060,0.149,7.26,3.05
gain,strong_fixed,accel_gain,0.3,on,14.75,2.32,1.94,-0.696,-0.583,-1.490,-2.063,0.142,7.23,3.12
gain,strong_fixed,accel_gain,0.3,on,14.80,2.20,1.87,-0.659,-0.562,-1.493,-2.065,0.138,7.15,3.16
gain,strong_fixed,accel_gain,0.3,on,14.85,2.07,1.79,-0.621,-0.536,-1.500,-2.069,0.130,7.02,3.18
gain,strong_fixed,accel_gain,0.3,on,14.90,1.95,1.68,-0.585,-0.504,-1.504,-2.072,0.126,6.85,3.18
gain,strong_fixed,accel_gain,0.3,on,14.95,1.85,1.58,-0.554,-0.474,-1.513,-2.079,0.116,6.62,3.13
gain,strong_fixed,accel_gain,0.3,on,15.00,1.79,1.52,-0.537,-0.456,-1.569,-2.134,0.076,5.57,2.26
gain,strong_fixed,accel_gain,0.3,on,15.05,1.76,1.49,-0.527,-0.446,-1.569,-2.134,0.076,5.57,2.26
gain,strong_fixed,accel_gain,0.3,on,15.10,1.76,1.49,-0.528,-0.448,-1.570,-2.129,0.072,5.63,2.32
gain,strong_fixed,accel_gain,0.3,on,15.15,1.79,1.52,-0.537,-0.455,-1.571,-2.122,0.067,5.68,2.38
gain,strong_fixed,accel_gain,0.3,on,15.20,1.83,1.56,-0.549,-0.468,-1.572,-2.119,0.065,5.70,2.44
gain,strong_fixed,accel_gain,0.3,on,15.25,1.90,1.62,-0.569,-0.485,-1.574,-2.113,0.061,5.71,2.50
gain,strong_fixed,accel_gain,0.3,on,15.30,1.98,1.67,-0.593,-0.502,-1.575,-2.109,0.059,5.72,2.56
gain,strong_fixed,accel_gain,0.3,on,15.35,2.07,1.75,-0.622,-0.524,-1.577,-2.102,0.054,5.74,2.64
gain,strong_fixed,accel_gain,0.3,on,15.40,2.16,1.82,-0.647,-0.546,-1.577,-2.098,0.053,5.78,2.73
gain,strong_fixed,accel_gain,0.3,on,15.45,2.26,1.89,-0.677,-0.566,-1.579,-2.092,0.050,5.85,2.84
gain,strong_fixed,accel_gain,0.3,on,15.50,2.37,1.97,-0.710,-0.590,-1.580,-2.089,0.049,5.94,2.95
gain,strong_fixed,accel_gain,0.3,on,15.55,2.46,2.04,-0.739,-0.611,-1.581,-2.086,0.048,6.05,3.08
gain,strong_fixed,accel_gain,0.3,on,15.60,2.56,2.09,-0.767,-0.628,-1.584,-2.079,0.046,6.17,3.19
gain,strong_fixed,accel_gain,0.3,on,15.65,2.64,2.14,-0.791,-0.642,-1.586,-2.075,0.045,6.32,3.31
gain,strong_fixed,accel_gain,0.3,on,15.70,2.72,2.17,-0.816,-0.652,-1.587,-2.073,0.044,6.45,3.41
gain,strong_fixed,accel_gain,0.3,on,15.75,2.80,2.19,-0.840,-0.657,-1.589,-2.071,0.044,6.60,3.50
gain,strong_fixed,accel_gain,0.3,on,15.80,2.85,2.18,-0.854,-0.655,-1.592,-2.068,0.043,6.72,3.58
gain,strong_fixed,accel_gain,0.3,on,15.85,2.88,2.16,-0.863,-0.649,-1.594,-2.066,0.041,6.84,3.64
gain,strong_fixed,accel_gain,0.3,on,15.90,2.88,2.12,-0.863,-0.635,-1.596,-2.066,0.040,6.93,3.66
gain,strong_fixed,accel_gain,0.3,on,15.95,2.85,2.07,-0.855,-0.620,-1.599,-2.067,0.036,7.00,3.67
gain,strong_fixed,accel_gain,0.3,on,16.00,2.76,1.98,-0.828,-0.593,-1.680,-2.167,0.094,5.51,2.16
gain,strong_fixed,accel_gain,0.3,on,16.05,2.63,1.86,-0.789,-0.558,-1.680,-2.167,0.094,5.51,2.16
gain,strong_fixed,accel_gain,0.3,on,16.10,2.48,1.74,-0.745,-0.522,-1.681,-2.169,0.096,5.50,2.14
gain,strong_fixed,accel_gain,0.3,on,16.15,2.34,1.62,-0.703,-0.487,-1.684,-2.171,0.100,5.49,2.13
gain,strong_fixed,accel_gain,0.3,on,16.20,2.21,1.51,-0.664,-0.453,-1.685,-2.172,0.101,5.44,2.09
gain,strong_fixed,accel_gain,0.3,on,16.25,2.09,1.41,-0.626,-0.423,-1.687,-2.172,0.102,5.34,2.03
gain,strong_fixed,accel_gain,0.3,on,16.30,1.97,1.32,-0.592,-0.396,-1.688,-2.172,0.103,5.20,1.96
gain,strong_fixed,accel_gain,0.3,on,16.35,1.89,1.25,-0.567,-0.375,-1.690,-2.171,0.103,5.02,1.89
gain,strong_fixed,accel_gain,0.3,on,16.40,1.83,1.20,-0.548,-0.360,-1.690,-2.171,0.103,4.85,1.82
gain,strong_fixed,accel_gain,0.3,on,16.45,1.78,1.17,-0.535,-0.352,-1.692,-2.168,0.102,4.66,1.75
gain,strong_fixed,accel_gain,0.3,on,16.50,1.75,1.17,-0.526,-0.350,-1.692,-2.167,0.101,4.50,1.71
gain,strong_fixed,accel_gain,0.3,on,16.55,1.74,1.18,-0.522,-0.353,-1.692,-2.162,0.098,4.35,1.68
gain,strong_fixed,accel_gain,0.3,on,16.60,1.76,1.21,-0.527,-0.363,-1.692,-2.160,0.096,4.26,1.69
gain,strong_fixed,accel_gain,0.3,on,16.65,1.80,1.27,-0.539,-0.380,-1.692,-2.154,0.091,4.20,1.72
gain,strong_fixed,accel_gain,0.3,on,16.70,1.85,1.34,-0.555,-0.403,-1.691,-2.150,0.088,4.20,1.78
gain,strong_fixed,accel_gain,0.3,on,16.75,1.94,1.45,-0.583,-0.434,-1.689,-2.141,0.080,4.24,1.87
gain,strong_fixed,accel_gain,0.3,on,16.80,2.07,1.58,-0.622,-0.473,-1.688,-2.137,0.076,4.33,1.98
gain,strong_fixed,accel_gain,0.3,on,16.85,2.23,1.71,-0.669,-0.514,-1.684,-2.126,0.067,4.48,2.13
gain,strong_fixed,accel_gain,0.3,on,16.90,2.41,1.86,-0.724,-0.559,-1.683,-2.121,0.063,4.66,2.31
gain,strong_fixed,accel_gain,0.3,on,16.95,2.63,2.01,-0.789,-0.604,-1.678,-2.108,0.053,4.91,2.52
gain,strong_fixed,accel_gain,0.3,on,17.00,2.71,2.05,-0.814,-0.614,-1.658,-1.994,0.098,6.22,3.76
gain,strong_fixed,accel_gain,0.3,on,17.05,2.69,2.00,-0.808,-0.601,-1.658,-1.994,0.098,6.22,3.76
gain,strong_fixed,accel_gain,0.3,on,17.10,2.61,1.92,-0.784,-0.575,-1.658,-1.995,0.098,6.17,3.71
gain,strong_fixed,accel_gain,0.3,on,17.15,2.51,1.80,-0.754,-0.541,-1.656,-1.997,0.095,6.14,3.65
gain,strong_fixed,accel_gain,0.3,on,17.20,2.41,1.69,-0.723,-0.506,-1.655,-1.998,0.094,6.12,3.58
gain,strong_fixed,accel_gain,0.3,on,17.25,2.30,1.55,-0.690,-0.466,-1.653,-2.001,0.090,6.09,3.49
gain,strong_fixed,accel_gain,0.3,on,17.30,2.21,1.44,-0.664,-0.432,-1.651,-2.003,0.088,6.04,3.38
gain,strong_fixed,accel_gain,0.3,on,17.35,2.14,1.31,-0.641,-0.394,-1.647,-2.007,0.083,5.96,3.23
gain,strong_fixed,accel_gain,0.3,on,17.40,2.12,1.21,-0.636,-0.363,-1.645,-2.009,0.081,5.86,3.07
gain,strong_fixed,accel_gain,0.3,on,17.45,2.10,1.14,-0.631,-0.342,-1.641,-2.013,0.076,5.73,2.87
gain,strong_fixed,accel_gain,0.3,on,17.50,2.10,1.06,-0.629,-0.319,-1.639,-2.015,0.074,5.62,2.70
gain,strong_fixed,accel_gain,0.3,on,17.55,2.11,1.00,-0.633,-0.300,-1.634,-2.020,0.068,5.50,2.51
gain,strong_fixed,accel_gain,0.3,on,17.60,2.16,0.96,-0.647,-0.288,-1.632,-2.022,0.066,5.42,2.33
gain,strong_fixed,accel_gain,0.3,on,17.65,2.21,0.91,-0.663,-0.274,-1.626,-2.025,0.063,5.37,2.16
gain,strong_fixed,accel_gain,0.3,on,17.70,2.27,0.89,-0.681,-0.266,-1.623,-2.027,0.061,5.35,2.02
gain,strong_fixed,accel_gain,0.3,on,17.75,2.36,0.89,-0.708,-0.266,-1.616,-2.030,0.060,5.38,1.89
gain,strong_fixed,accel_gain,0.3,on,17.80,2.47,0.92,-0.741,-0.276,-1.613,-2.030,0.060,5.44,1.79
gain,strong_fixed,accel_gain,0.3,on,17.85,2.57,0.96,-0.770,-0.289,-1.606,-2.031,0.061,5.54,1.71
gain,strong_fixed,accel_gain,0.3,on,17.90,2.68,1.06,-0.804,-0.317,-1.602,-2.031,0.063,5.67,1.67
gain,strong_fixed,accel_gain,0.3,on,17.95,2.82,1.17,-0.847,-0.350,-1.594,-2.030,0.068,5.86,1.65
