wind_label,phase,t_s,tau_x,tau_y,tau_z,tauff_x,tauff_y,tauff_z,roll_deg,pitch_deg,wx_rad_s,wy_rad_s
calm,rot_off,0.00,0.0000,0.0000,0.0000,0.000,0.000,0.000,0.300,-0.330,0.0016,-0.0076
calm,rot_off,0.05,0.0000,0.0000,0.0000,0.000,0.000,0.000,0.302,-0.351,-0.0024,-0.0065
calm,rot_off,0.10,0.0000,0.0000,0.0000,0.000,0.000,0.000,0.298,-0.367,-0.0024,-0.0046
calm,rot_off,0.15,0.0000,0.0000,0.0000,0.000,0.000,0.000,0.289,-0.380,-0.0047,-0.0026
calm,rot_off,0.20,0.0000,0.0000,0.0000,0.000,0.000,0.000,0.276,-0.385,-0.0054,-0.0004
calm,rot_off,0.25,0.0000,0.0000,0.0000,0.000,0.000,0.000,0.257,-0.384,-0.0073,0.0025
calm,rot_off,0.30,0.0000,0.0000,0.0000,0.000,0.000,0.000,0.236,-0.374,-0.0083,0.0051
calm,rot_off,0.35,0.0000,0.0000,0.0000,0.000,0.000,0.000,0.210,-0.359,-0.0095,0.0069
calm,rot_off,0.40,0.0000,0.0000,0.0000,0.000,0.000,0.000,0.185,-0.338,-0.0093,0.0090
calm,rot_off,0.45,0.0000,0.0000,0.0000,0.000,0.000,0.000,0.156,-0.310,-0.0087,0.0107
calm,rot_off,0.50,0.0000,0.0000,0.0000,0.000,0.000,0.000,0.131,-0.282,-0.0091,0.0123
calm,rot_off,0.55,0.0000,0.0000,0.0000,0.000,0.000,0.000,0.107,-0.248,-0.0072,0.0124
calm,rot_off,0.60,0.0000,0.0000,0.0000,0.000,0.000,0.000,0.085,-0.212,-0.0063,0.0140
calm,rot_off,0.65,0.0000,0.0000,0.0000,0.000,0.000,0.000,0.065,-0.174,-0.0059,0.0134
calm,rot_off,0.70,0.0000,0.0000,0.0000,0.000,0.000,0.000,0.048,-0.138,-0.0061,0.0117
calm,rot_off,0.75,0.0000,0.0000,0.0000,0.000,0.000,0.000,0.032,-0.104,-0.0050,0.0100
calm,rot_off,0.80,0.0000,0.0000,0.0000,0.000,0.000,0.000,0.021,-0.075,-0.0032,0.0083
calm,rot_off,0.85,0.0000,0.0000,0.0000,0.000,0.000,0.000,0.010,-0.048,-0.0043,0.0079
calm,rot_off,0.90,0.0000,0.0000,0.0000,0.000,0.000,0.000,0.001,-0.027,-0.0041,0.0074
calm,rot_off,0.95,0.0000,0.0000,0.0000,0.000,0.000,0.000,-0.008,-0.008,-0.0036,0.0056
calm,rot_off,1.00,0.0000,0.0000,0.0000,0.000,0.000,0.000,-0.019,0.006,-0.0045,0.0033
calm,rot_off,1.05,0.0000,0.0000,0.0000,0.000,0.000,0.000,-0.029,0.016,-0.0041,0.0017
calm,rot_off,1.10,0.0000,0.0000,0.0000,0.000,0.000,0.000,-0.041,0.023,-0.0044,0.0011
calm,rot_off,1.15,0.0000,0.0000,0.0000,0.000,0.000,0.000,-0.054,0.027,-0.0044,0.0009
calm,rot_off,1.20,0.0000,0.0000,0.0000,0.000,0.000,0.000,-0.066,0.030,-0.0038,-0.0009
calm,rot_off,1.25,0.0000,0.0000,0.0000,0.000,0.000,0.000,-0.077,0.031,-0.0038,0.0004
calm,rot_off,1.30,0.0000,0.0000,0.0000,0.000,0.000,0.000,-0.085,0.030,-0.0021,-0.0015
calm,rot_off,1.35,0.0000,0.0000,0.0000,0.000,0.000,0.000,-0.091,0.029,-0.0012,-0.0007
calm,rot_off,1.40,0.0000,0.0000,0.0000,0.000,0.000,0.000,-0.092,0.027,0.0011,-0.0005
calm,rot_off,1.45,0.0000,0.0000,0.0000,0.000,0.000,0.000,-0.087,0.026,0.0026,-0.0004
calm,rot_off,1.50,0.0000,0.0000,0.0000,0.000,0.000,0.000,-0.082,0.023,0.0027,-0.0008
calm,rot_off,1.55,0.0000,0.0000,0.0000,0.000,0.000,0.000,-0.072,0.021,0.0031,-0.0010
calm,rot_off,1.60,0.0000,0.0000,0.0000,0.000,0.000,0.000,-0.062,0.018,0.0025,-0.0007
calm,rot_off,1.65,0.0000,0.0000,0.0000,0.000,0.000,0.000,-0.053,0.016,0.0047,-0.0019
calm,rot_off,1.70,0.0000,0.0000,0.0000,0.000,0.000,0.000,-0.041,0.014,0.0039,-0.0014
calm,rot_off,1.75,0.0000,0.0000,0.0000,0.000,0.000,0.000,-0.029,0.008,0.0042,-0.0036
calm,rot_off,1.80,0.0000,0.0000,0.0000,0.000,0.000,0.000,-0.021,0.003,0.0018,-0.0018
calm,rot_off,1.85,0.0000,0.0000,0.0000,0.000,0.000,0.000,-0.015,-0.006,0.0001,-0.0027
calm,rot_off,1.90,0.0000,0.0000,0.0000,0.000,0.000,0.000,-0.013,-0.013,-0.0002,-0.0017
calm,rot_off,1.95,0.0000,0.0000,0.0000,0.000,0.000,0.000,-0.015,-0.019,-0.0019,-0.0019
calm,rot_off,2.00,0.0000,0.0000,0.0000,0.000,0.000,0.000,-0.019,-0.026,-0.0028,-0.0025
calm,rot_off,2.05,0.0000,0.0000,0.0000,0.000,0.000,0.000,-0.026,-0.029,-0.0037,-0.0002
calm,rot_off,2.10,0.0000,0.0000,0.0000,0.000,0.000,0.000,-0.037,-0.030,-0.0049,-0.0002
calm,rot_off,2.15,0.0000,0.0000,0.0000,0.000,0.000,0.000,-0.050,-0.027,-0.0044,0.0022
calm,rot_off,2.20,0.0000,0.0000,0.0000,0.000,0.000,0.000,-0.065,-0.024,-0.0055,0.0018
calm,rot_off,2.25,0.0000,0.0000,0.0000,0.000,0.000,0.000,-0.082,-0.016,-0.0054,0.0027
calm,rot_off,2.30,0.0000,0.0000,0.0000,0.000,0.000,0.000,-0.097,-0.006,-0.0049,0.0052
calm,rot_off,2.35,0.0000,0.0000,0.0000,0.000,0.000,0.000,-0.111,0.004,-0.0043,0.0035
calm,rot_off,2.40,0.0000,0.0000,0.0000,0.000,0.000,0.000,-0.121,0.016,-0.0028,0.0048
calm,rot_off,2.45,0.0000,0.0000,0.0000,0.000,0.000,0.000,-0.129,0.030,-0.0019,0.0061
calm,rot_off,2.50,0.0000,0.0000,0.0000,0.000,0.000,0.000,-0.133,0.045,-0.0014,0.0049
calm,rot_off,2.55,0.0000,0.0000,0.0000,0.000,0.000,0.000,-0.136,0.062,0.0008,0.0060
calm,rot_off,2.60,0.0000,0.0000,0.0000,0.000,0.000,0.000,-0.134,0.078,0.0017,0.0049
calm,rot_off,2.65,0.0000,0.0000,0.0000,0.000,0.000,0.000,-0.130,0.095,0.0033,0.0051
calm,rot_off,2.70,0.0000,0.0000,0.0000,0.000,0.000,0.000,-0.123,0.105,0.0024,0.0051
calm,rot_off,2.75,0.0000,0.0000,0.0000,0.000,0.000,0.000,-0.114,0.116,0.0044,0.0033
calm,rot_off,2.80,0.0000,0.0000,0.0000,0.000,0.000,0.000,-0.104,0.123,0.0041,0.0013
calm,rot_off,2.85,0.0000,0.0000,0.0000,0.000,0.000,0.000,-0.092,0.128,0.0036,0.0036
calm,rot_off,2.90,0.0000,0.0000,0.0000,0.000,0.000,0.000,-0.080,0.133,0.0043,0.0016
calm,rot_off,2.95,0.0000,0.0000,0.0000,0.000,0.000,0.000,-0.068,0.135,0.0050,-0.0005
calm,rot_off,3.00,0.0000,0.0000,0.0000,0.000,0.000,0.000,-0.054,0.137,0.0061,-0.0001
calm,rot_off,3.05,0.0000,0.0000,0.0000,0.000,0.000,0.000,-0.039,0.137,0.0070,-0.0008
calm,rot_off,3.10,0.0000,0.0000,0.0000,0.000,0.000,0.000,-0.022,0.136,0.0068,-0.0004
calm,rot_off,3.15,0.0000,0.0000,0.0000,0.000,0.000,0.000,-0.004,0.132,0.0068,-0.0006
calm,rot_off,3.20,0.0000,0.0000,0.0000,0.000,0.000,0.000,0.016,0.129,0.0074,-0.0015
calm,rot_off,3.25,0.0000,0.0000,0.0000,0.000,0.000,0.000,0.039,0.123,0.0085,-0.0027
calm,rot_off,3.30,0.0000,0.0000,0.0000,0.000,0.000,0.000,0.062,0.115,0.0088,-0.0041
calm,rot_off,3.35,0.0000,0.0000,0.0000,0.000,0.000,0.000,0.088,0.104,0.0087,-0.0040
calm,rot_off,3.40,0.0000,0.0000,0.0000,0.000,0.000,0.000,0.111,0.092,0.0080,-0.0053
calm,rot_off,3.45,0.0000,0.0000,0.0000,0.000,0.000,0.000,0.134,0.076,0.0069,-0.0049
calm,rot_off,3.50,0.0000,0.0000,0.0000,0.000,0.000,0.000,0.153,0.061,0.0071,-0.0051
calm,rot_off,3.55,0.0000,0.0000,0.0000,0.000,0.000,0.000,0.173,0.047,0.0064,-0.0041
calm,rot_off,3.60,0.0000,0.0000,0.0000,0.000,0.000,0.000,0.190,0.036,0.0065,-0.0020
calm,rot_off,3.65,0.0000,0.0000,0.0000,0.000,0.000,0.000,0.204,0.028,0.0040,-0.0014
calm,rot_off,3.70,0.0000,0.0000,0.0000,0.000,0.000,0.000,0.216,0.024,0.0037,-0.0004
calm,rot_off,3.75,0.0000,0.0000,0.0000,0.000,0.000,0.000,0.226,0.022,0.0022,0.0005
calm,rot_off,3.80,0.0000,0.0000,0.0000,0.000,0.000,0.000,0.232,0.023,0.0004,0.0006
calm,rot_off,3.85,0.0000,0.0000,0.0000,0.000,0.000,0.000,0.235,0.027,0.0010,0.0013
calm,rot_off,3.90,0.0000,0.0000,0.0000,0.000,0.000,0.000,0.233,0.032,-0.0009,0.0026
calm,rot_off,3.95,0.0000,0.0000,0.0000,0.000,0.000,0.000,0.231,0.037,-0.0018,0.0013
calm,rot_off,4.00,0.0000,0.0000,0.0000,0.000,0.000,0.000,0.225,0.042,-0.0018,0.0013
calm,rot_off,4.05,0.0000,0.0000,0.0000,0.000,0.000,0.000,0.217,0.042,-0.0034,-0.0005
calm,rot_off,4.10,0.0000,0.0000,0.0000,0.000,0.000,0.000,0.207,0.042,-0.0042,-0.0011
calm,rot_off,4.15,0.0000,0.0000,0.0000,0.000,0.000,0.000,0.197,0.041,-0.0045,-0.0014
calm,rot_off,4.20,0.0000,0.0000,0.0000,0.000,0.000,0.000,0.186,0.037,-0.0048,-0.0013
calm,rot_off,4.25,0.0000,0.0000,0.0000,0.000,0.000,0.000,0.175,0.030,-0.0033,-0.0033
calm,rot_off,4.30,0.0000,0.0000,0.0000,0.000,0.000,0.000,0.165,0.023,-0.0038,-0.0036
calm,rot_off,4.35,0.0000,0.0000,0.0000,0.000,0.000,0.000,0.155,0.011,-0.0027,-0.0052
calm,rot_off,4.40,0.0000,0.0000,0.0000,0.000,0.000,0.000,0.147,-0.001,-0.0030,-0.0048
calm,rot_off,4.45,0.0000,0.0000,0.0000,0.000,0.000,0.000,0.139,-0.019,-0.0022,-0.0074
calm,rot_off,4.50,0.0000,0.0000,0.0000,0.000,0.000,0.000,0.132,-0.036,-0.0017,-0.0079
calm,rot_off,4.55,0.0000,0.0000,0.0000,0.000,0.000,0.000,0.126,-0.058,-0.0016,-0.0078
calm,rot_off,4.60,0.0000,0.0000,0.0000,0.000,0.000,0.000,0.122,-0.080,0.0000,-0.0092
calm,rot_off,4.65,0.0000,0.0000,0.0000,0.000,0.000,0.000,0.118,-0.104,-0.0016,-0.0092
calm,rot_off,4.70,0.0000,0.0000,0.0000,0.000,0.000,0.000,0.114,-0.126,-0.0015,-0.0095
calm,rot_off,4.75,0.0000,0.0000,0.0000,0.000,0.000,0.000,0.111,-0.150,-0.0005,-0.0080
calm,rot_off,4.80,0.0000,0.0000,0.0000,0.000,0.000,0.000,0.109,-0.169,-0.0005,-0.0064
calm,rot_off,4.85,0.0000,0.0000,0.0000,0.000,0.000,0.000,0.107,-0.188,-0.0004,-0.0058
calm,rot_off,4.90,0.0000,0.0000,0.0000,0.000,0.000,0.000,0.104,-0.201,-0.0022,-0.0054
calm,rot_off,4.95,0.0000,0.0000,0.0000,0.000,0.000,0.000,0.099,-0.213,-0.0021,-0.0024
calm,rot_off,5.00,0.0000,0.0000,0.0000,0.000,0.000,0.000,0.095,-0.218,-0.0023,-0.0016
calm,rot_off,5.05,0.0000,0.0000,0.0000,0.000,0.000,0.000,0.088,-0.223,-0.0037,-0.0008
calm,rot_off,5.10,0.0000,0.0000,0.0000,0.000,0.000,0.000,0.081,-0.225,-0.0020,-0.0001
calm,rot_off,5.15,0.0000,0.0000,0.0000,0.000,0.000,0.000,0.075,-0.223,-0.0021,0.0017
calm,rot_off,5.20,0.0000,0.0000,0.0000,0.000,0.000,0.000,0.068,-0.218,-0.0027,0.0023
calm,rot_off,5.25,0.0000,0.0000,0.0000,0.000,0.000,0.000,0.062,-0.208,-0.0013,0.0051
calm,rot_off,5.30,0.0000,0.0000,0.0000,0.000,0.000,0.000,0.054,-0.197,-0.0020,0.0072
calm,rot_off,5.35,0.0000,0.0000,0.0000,0.000,0.000,0.000,0.046,-0.178,-0.0034,0.0081
calm,rot_off,5.40,0.0000,0.0000,0.0000,0.000,0.000,0.000,0.039,-0.158,-0.0018,0.0076
calm,rot_off,5.45,0.0000,0.0000,0.0000,0.000,0.000,0.000,0.031,-0.134,-0.0019,0.0083
calm,rot_off,5.50,0.0000,0.0000,0.0000,0.000,0.000,0.000,0.028,-0.111,-0.0017,0.0090
calm,rot_off,5.55,0.0000,0.0000,0.0000,0.000,0.000,0.000,0.020,-0.085,-0.0024,0.0093
calm,rot_off,5.60,0.0000,0.0000,0.0000,0.000,0.000,0.000,0.015,-0.060,-0.0018,0.0109
calm,rot_off,5.65,0.0000,0.0000,0.0000,0.000,0.000,0.000,0.010,-0.029,-0.0014,0.0096
calm,rot_off,5.70,0.0000,0.0000,0.0000,0.000,0.000,0.000,0.008,-0.006,-0.0003,0.0088
calm,rot_off,5.75,0.0000,0.0000,0.0000,0.000,0.000,0.000,0.005,0.021,-0.0005,0.0089
calm,rot_off,5.80,0.0000,0.0000,0.0000,0.000,0.000,0.000,0.002,0.044,-0.0013,0.0087
calm,rot_off,5.85,0.0000,0.0000,0.0000,0.000,0.000,0.000,-0.002,0.067,-0.0025,0.0066
calm,rot_off,5.90,0.0000,0.0000,0.0000,0.000,0.000,0.000,-0.007,0.086,-0.0006,0.0070
calm,rot_off,5.95,0.0000,0.0000,0.0000,0.000,0.000,0.000,-0.013,0.104,-0.0025,0.0062
calm,rot_off,6.00,0.0000,0.0000,0.0000,0.000,0.000,0.000,-0.017,0.117,-0.0013,0.0033
calm,rot_off,6.05,0.0000,0.0000,0.0000,0.000,0.000,0.000,-0.023,0.125,-0.0019,0.0018
calm,rot_off,6.10,0.0000,0.0000,0.0000,0.000,0.000,0.000,-0.028,0.130,-0.0027,0.0010
calm,rot_off,6.15,0.0000,0.0000,0.0000,0.000,0.000,0.000,-0.033,0.130,-0.0012,-0.0024
calm,rot_off,6.20,0.0000,0.0000,0.0000,0.000,0.000,0.000,-0.036,0.126,-0.0006,-0.0018
calm,rot_off,6.25,0.0000,0.0000,0.0000,0.000,0.000,0.000,-0.039,0.118,-0.0000,-0.0035
calm,rot_off,6.30,0.0000,0.0000,0.0000,0.000,0.000,0.000,-0.040,0.106,-0.0006,-0.0061
calm,rot_off,6.35,0.0000,0.0000,0.0000,0.000,0.000,0.000,-0.042,0.087,-0.0007,-0.0072
calm,rot_off,6.40,0.0000,0.0000,0.0000,0.000,0.000,0.000,-0.041,0.065,-0.0002,-0.0095
calm,rot_off,6.45,0.0000,0.0000,0.0000,0.000,0.000,0.000,-0.041,0.039,-0.0003,-0.0108
calm,rot_off,6.50,0.0000,0.0000,0.0000,0.000,0.000,0.000,-0.042,0.012,-0.0014,-0.0109
calm,rot_off,6.55,0.0000,0.0000,0.0000,0.000,0.000,0.000,-0.045,-0.018,-0.0012,-0.0104
calm,rot_off,6.60,0.0000,0.0000,0.0000,0.000,0.000,0.000,-0.048,-0.047,-0.0001,-0.0104
calm,rot_off,6.65,0.0000,0.0000,0.0000,0.000,0.000,0.000,-0.053,-0.078,-0.0009,-0.0102
calm,rot_off,6.70,0.0000,0.0000,0.0000,0.000,0.000,0.000,-0.054,-0.104,-0.0008,-0.0085
calm,rot_off,6.75,0.0000,0.0000,0.0000,0.000,0.000,0.000,-0.056,-0.131,-0.0011,-0.0082
calm,rot_off,6.80,0.0000,0.0000,0.0000,0.000,0.000,0.000,-0.053,-0.151,0.0014,-0.0066
calm,rot_off,6.85,0.0000,0.0000,0.0000,0.000,0.000,0.000,-0.048,-0.167,0.0018,-0.0048
calm,rot_off,6.90,0.0000,0.0000,0.0000,0.000,0.000,0.000,-0.041,-0.179,0.0022,-0.0035
calm,rot_off,6.95,0.0000,0.0000,0.0000,0.000,0.000,0.000,-0.034,-0.187,0.0036,-0.0016
calm,rot_off,7.00,0.0000,0.0000,0.0000,0.000,0.000,0.000,-0.025,-0.190,0.0022,-0.0017
calm,rot_off,7.05,0.0000,0.0000,0.0000,0.000,0.000,0.000,-0.016,-0.189,0.0038,0.0018
calm,rot_off,7.10,0.0000,0.0000,0.0000,0.000,0.000,0.000,-0.007,-0.185,0.0030,0.0024
calm,rot_off,7.15,0.0000,0.0000,0.0000,0.000,0.000,0.000,0.002,-0.178,0.0033,0.0033
calm,rot_off,7.20,0.0000,0.0000,0.0000,0.000,0.000,0.000,0.013,-0.172,0.0041,0.0020
calm,rot_off,7.25,0.0000,0.0000,0.0000,0.000,0.000,0.000,0.024,-0.163,0.0040,0.0030
calm,rot_off,7.30,0.0000,0.0000,0.0000,0.000,0.000,0.000,0.037,-0.156,0.0052,0.0033
calm,rot_off,7.35,0.0000,0.0000,0.0000,0.000,0.000,0.000,0.053,-0.147,0.0051,0.0028
calm,rot_off,7.40,0.0000,0.0000,0.0000,0.000,0.000,0.000,0.068,-0.141,0.0058,0.0024
calm,rot_off,7.45,0.0000,0.0000,0.0000,0.000,0.000,0.000,0.087,-0.134,0.0068,0.0029
calm,rot_off,7.50,0.0000,0.0000,0.0000,0.000,0.000,0.000,0.103,-0.127,0.0057,0.0036
calm,rot_off,7.55,0.0000,0.0000,0.0000,0.000,0.000,0.000,0.119,-0.119,0.0063,0.0026
calm,rot_off,7.60,0.0000,0.0000,0.0000,0.000,0.000,0.000,0.134,-0.112,0.0056,0.0033
calm,rot_off,7.65,0.0000,0.0000,0.0000,0.000,0.000,0.000,0.149,-0.104,0.0046,0.0024
calm,rot_off,7.70,0.0000,0.0000,0.0000,0.000,0.000,0.000,0.160,-0.098,0.0027,0.0030
calm,rot_off,7.75,0.0000,0.0000,0.0000,0.000,0.000,0.000,0.169,-0.093,0.0028,0.0009
calm,rot_off,7.80,0.0000,0.0000,0.0000,0.000,0.000,0.000,0.175,-0.090,0.0027,-0.0001
calm,rot_off,7.85,0.0000,0.0000,0.0000,0.000,0.000,0.000,0.181,-0.088,0.0012,0.0007
calm,rot_off,7.90,0.0000,0.0000,0.0000,0.000,0.000,0.000,0.184,-0.087,0.0010,-0.0003
calm,rot_off,7.95,0.0000,0.0000,0.0000,0.000,0.000,0.000,0.184,-0.089,0.0002,-0.0022
calm,rot_off,8.00,0.0000,0.0000,0.0000,0.000,0.000,0.000,0.181,-0.094,-0.0015,-0.0024
calm,rot_off,8.05,0.0000,0.0000,0.0000,0.000,0.000,0.000,0.178,-0.100,-0.0009,-0.0027
calm,rot_off,8.10,0.0000,0.0000,0.0000,0.000,0.000,0.000,0.173,-0.107,-0.0021,-0.0030
calm,rot_off,8.15,0.0000,0.0000,0.0000,0.000,0.000,0.000,0.169,-0.114,-0.0004,-0.0039
calm,rot_off,8.20,0.0000,0.0000,0.0000,0.000,0.000,0.000,0.165,-0.123,-0.0001,-0.0029
calm,rot_off,8.25,0.0000,0.0000,0.0000,0.000,0.000,0.000,0.165,-0.133,-0.0003,-0.0032
calm,rot_off,8.30,0.0000,0.0000,0.0000,0.000,0.000,0.000,0.165,-0.143,0.0002,-0.0035
calm,rot_off,8.35,0.0000,0.0000,0.0000,0.000,0.000,0.000,0.166,-0.153,0.0004,-0.0031
calm,rot_off,8.40,0.0000,0.0000,0.0000,0.000,0.000,0.000,0.166,-0.161,-0.0008,-0.0030
calm,rot_off,8.45,0.0000,0.0000,0.0000,0.000,0.000,0.000,0.167,-0.170,0.0002,-0.0031
calm,rot_off,8.50,0.0000,0.0000,0.0000,0.000,0.000,0.000,0.165,-0.176,-0.0004,-0.0019
calm,rot_off,8.55,0.0000,0.0000,0.0000,0.000,0.000,0.000,0.164,-0.182,-0.0013,-0.0024
calm,rot_off,8.60,0.0000,0.0000,0.0000,0.000,0.000,0.000,0.159,-0.185,-0.0011,0.0005
calm,rot_off,8.65,0.0000,0.0000,0.0000,0.000,0.000,0.000,0.155,-0.188,-0.0020,-0.0009
calm,rot_off,8.70,0.0000,0.0000,0.0000,0.000,0.000,0.000,0.149,-0.186,-0.0027,0.0010
calm,rot_off,8.75,0.0000,0.0000,0.0000,0.000,0.000,0.000,0.141,-0.186,-0.0025,0.0008
calm,rot_off,8.80,0.0000,0.0000,0.0000,0.000,0.000,0.000,0.132,-0.183,-0.0044,0.0003
calm,rot_off,8.85,0.0000,0.0000,0.0000,0.000,0.000,0.000,0.122,-0.176,-0.0037,0.0025
calm,rot_off,8.90,0.0000,0.0000,0.0000,0.000,0.000,0.000,0.111,-0.170,-0.0043,0.0028
calm,rot_off,8.95,0.0000,0.0000,0.0000,0.000,0.000,0.000,0.099,-0.161,-0.0039,0.0018
calm,rot_off,9.00,0.0000,0.0000,0.0000,0.000,0.000,0.000,0.089,-0.156,-0.0049,0.0020
calm,rot_off,9.05,0.0000,0.0000,0.0000,0.000,0.000,0.000,0.077,-0.149,-0.0038,0.0023
calm,rot_off,9.10,0.0000,0.0000,0.0000,0.000,0.000,0.000,0.067,-0.143,-0.0036,0.0007
calm,rot_off,9.15,0.0000,0.0000,0.0000,0.000,0.000,0.000,0.058,-0.136,-0.0029,0.0019
calm,rot_off,9.20,0.0000,0.0000,0.0000,0.000,0.000,0.000,0.049,-0.131,-0.0040,0.0017
calm,rot_off,9.25,0.0000,0.0000,0.0000,0.000,0.000,0.000,0.039,-0.126,-0.0031,0.0007
calm,rot_off,9.30,0.0000,0.0000,0.0000,0.000,0.000,0.000,0.030,-0.122,-0.0032,0.0004
calm,rot_off,9.35,0.0000,0.0000,0.0000,0.000,0.000,0.000,0.019,-0.119,-0.0042,0.0013
calm,rot_off,9.40,0.0000,0.0000,0.0000,0.000,0.000,0.000,0.009,-0.115,-0.0046,0.0011
calm,rot_off,9.45,0.0000,0.0000,0.0000,0.000,0.000,0.000,-0.003,-0.110,-0.0042,0.0026
calm,rot_off,9.50,0.0000,0.0000,0.0000,0.000,0.000,0.000,-0.017,-0.106,-0.0058,0.0008
calm,rot_off,9.55,0.0000,0.0000,0.0000,0.000,0.000,0.000,-0.032,-0.100,-0.0057,0.0031
calm,rot_off,9.60,0.0000,0.0000,0.0000,0.000,0.000,0.000,-0.048,-0.093,-0.0060,0.0041
calm,rot_off,9.65,0.0000,0.0000,0.0000,0.000,0.000,0.000,-0.068,-0.080,-0.0069,0.0044
calm,rot_off,9.70,0.0000,0.0000,0.0000,0.000,0.000,0.000,-0.085,-0.068,-0.0074,0.0055
calm,rot_off,9.75,0.0000,0.0000,0.0000,0.000,0.000,0.000,-0.104,-0.051,-0.0058,0.0064
calm,rot_off,9.80,0.0000,0.0000,0.0000,0.000,0.000,0.000,-0.118,-0.032,-0.0050,0.0063
calm,rot_off,9.85,0.0000,0.0000,0.0000,0.000,0.000,0.000,-0.135,-0.014,-0.0052,0.0070
calm,rot_off,9.90,0.0000,0.0000,0.0000,0.000,0.000,0.000,-0.147,0.005,-0.0050,0.0074
calm,rot_off,9.95,0.0000,0.0000,0.0000,0.000,0.000,0.000,-0.156,0.026,-0.0028,0.0064
calm,rot_off,10.00,0.0000,0.0000,0.0000,0.000,0.000,0.000,-0.163,0.044,-0.0020,0.0059
calm,rot_off,10.05,0.0000,0.0000,0.0000,0.000,0.000,0.000,-0.168,0.062,-0.0012,0.0058
calm,rot_off,10.10,0.0000,0.0000,0.0000,0.000,0.000,0.000,-0.169,0.077,-0.0002,0.0050
calm,rot_off,10.15,0.0000,0.0000,0.0000,0.000,0.000,0.000,-0.169,0.090,0.0001,0.0046
calm,rot_off,10.20,0.0000,0.0000,0.0000,0.000,0.000,0.000,-0.167,0.101,0.0011,0.0034
calm,rot_off,10.25,0.0000,0.0000,0.0000,0.000,0.000,0.000,-0.161,0.111,0.0024,0.0027
calm,rot_off,10.30,0.0000,0.0000,0.0000,0.000,0.000,0.000,-0.154,0.118,0.0029,0.0032
calm,rot_off,10.35,0.0000,0.0000,0.0000,0.000,0.000,0.000,-0.145,0.123,0.0038,0.0009
calm,rot_off,10.40,0.0000,0.0000,0.0000,0.000,0.000,0.000,-0.137,0.128,0.0027,0.0027
calm,rot_off,10.45,0.0000,0.0000,0.0000,0.000,0.000,0.000,-0.128,0.133,0.0023,0.0019
calm,rot_off,10.50,0.0000,0.0000,0.0000,0.000,0.000,0.000,-0.119,0.136,0.0023,0.0027
calm,rot_off,10.55,0.0000,0.0000,0.0000,0.000,0.000,0.000,-0.112,0.140,0.0018,0.0031
calm,rot_off,10.60,0.0000,0.0000,0.0000,0.000,0.000,0.000,-0.104,0.144,0.0029,0.0016
calm,rot_off,10.65,0.0000,0.0000,0.0000,0.000,0.000,0.000,-0.098,0.150,0.0018,0.0013
calm,rot_off,10.70,0.0000,0.0000,0.0000,0.000,0.000,0.000,-0.092,0.155,0.0027,0.0018
calm,rot_off,10.75,0.0000,0.0000,0.0000,0.000,0.000,0.000,-0.086,0.158,0.0020,0.0020
calm,rot_off,10.80,0.0000,0.0000,0.0000,0.000,0.000,0.000,-0.080,0.162,0.0027,0.0014
calm,rot_off,10.85,0.0000,0.0000,0.0000,0.000,0.000,0.000,-0.072,0.165,0.0022,0.0012
calm,rot_off,10.90,0.0000,0.0000,0.0000,0.000,0.000,0.000,-0.064,0.167,0.0033,0.0006
calm,rot_off,10.95,0.0000,0.0000,0.0000,0.000,0.000,0.000,-0.054,0.168,0.0039,0.0009
calm,rot_off,11.00,0.0000,0.0000,0.0000,0.000,0.000,0.000,-0.044,0.167,0.0044,-0.0006
calm,rot_off,11.05,0.0000,0.0000,0.0000,0.000,0.000,0.000,-0.032,0.166,0.0044,-0.0009
calm,rot_off,11.10,0.0000,0.0000,0.0000,0.000,0.000,0.000,-0.019,0.162,0.0045,-0.0008
calm,rot_off,11.15,0.0000,0.0000,0.0000,0.000,0.000,0.000,-0.006,0.157,0.0041,-0.0011
calm,rot_off,11.20,0.0000,0.0000,0.0000,0.000,0.000,0.000,0.007,0.151,0.0054,-0.0032
calm,rot_off,11.25,0.0000,0.0000,0.0000,0.000,0.000,0.000,0.022,0.143,0.0047,-0.0036
calm,rot_off,11.30,0.0000,0.0000,0.0000,0.000,0.000,0.000,0.035,0.134,0.0043,-0.0045
calm,rot_off,11.35,0.0000,0.0000,0.0000,0.000,0.000,0.000,0.051,0.124,0.0051,-0.0033
calm,rot_off,11.40,0.0000,0.0000,0.0000,0.000,0.000,0.000,0.064,0.114,0.0051,-0.0034
calm,rot_off,11.45,0.0000,0.0000,0.0000,0.000,0.000,0.000,0.076,0.104,0.0035,-0.0026
calm,rot_off,11.50,0.0000,0.0000,0.0000,0.000,0.000,0.000,0.088,0.097,0.0045,-0.0019
calm,rot_off,11.55,0.0000,0.0000,0.0000,0.000,0.000,0.000,0.098,0.089,0.0038,-0.0017
calm,rot_off,11.60,0.0000,0.0000,0.0000,0.000,0.000,0.000,0.109,0.083,0.0035,-0.0020
calm,rot_off,11.65,0.0000,0.0000,0.0000,0.000,0.000,0.000,0.120,0.078,0.0044,-0.0013
calm,rot_off,11.70,0.0000,0.0000,0.0000,0.000,0.000,0.000,0.132,0.074,0.0036,-0.0018
calm,rot_off,11.75,0.0000,0.0000,0.0000,0.000,0.000,0.000,0.144,0.071,0.0037,-0.0008
calm,rot_off,11.80,0.0000,0.0000,0.0000,0.000,0.000,0.000,0.152,0.067,0.0026,-0.0014
calm,rot_off,11.85,0.0000,0.0000,0.0000,0.000,0.000,0.000,0.161,0.061,0.0028,-0.0007
calm,rot_off,11.90,0.0000,0.0000,0.0000,0.000,0.000,0.000,0.167,0.055,0.0022,-0.0031
calm,rot_off,11.95,0.0000,0.0000,0.0000,0.000,0.000,0.000,0.172,0.049,0.0004,-0.0025
calm,rot_off,12.00,0.0000,0.0000,0.0000,0.000,0.000,0.000,0.173,0.040,-0.0011,-0.0032
calm,rot_off,12.05,0.0000,0.0000,0.0000,0.000,0.000,0.000,0.169,0.029,-0.0011,-0.0041
calm,rot_off,12.10,0.0000,0.0000,0.0000,0.000,0.000,0.000,0.165,0.019,-0.0030,-0.0034
calm,rot_off,12.15,0.0000,0.0000,0.0000,0.000,0.000,0.000,0.157,0.007,-0.0027,-0.0039
calm,rot_off,12.20,0.0000,0.0000,0.0000,0.000,0.000,0.000,0.147,-0.003,-0.0045,-0.0040
calm,rot_off,12.25,0.0000,0.0000,0.0000,0.000,0.000,0.000,0.132,-0.013,-0.0052,-0.0037
calm,rot_off,12.30,0.0000,0.0000,0.0000,0.000,0.000,0.000,0.117,-0.022,-0.0063,-0.0026
calm,rot_off,12.35,0.0000,0.0000,0.0000,0.000,0.000,0.000,0.097,-0.029,-0.0077,-0.0019
calm,rot_off,12.40,0.0000,0.0000,0.0000,0.000,0.000,0.000,0.076,-0.034,-0.0066,-0.0006
calm,rot_off,12.45,0.0000,0.0000,0.0000,0.000,0.000,0.000,0.055,-0.038,-0.0071,-0.0016
calm,rot_off,12.50,0.0000,0.0000,0.0000,0.000,0.000,0.000,0.036,-0.041,-0.0064,-0.0007
calm,rot_off,12.55,0.0000,0.0000,0.0000,0.000,0.000,0.000,0.018,-0.040,-0.0062,0.0010
calm,rot_off,12.60,0.0000,0.0000,0.0000,0.000,0.000,0.000,0.004,-0.040,-0.0035,0.0005
calm,rot_off,12.65,0.0000,0.0000,0.0000,0.000,0.000,0.000,-0.008,-0.041,-0.0028,-0.0006
calm,rot_off,12.70,0.0000,0.0000,0.0000,0.000,0.000,0.000,-0.017,-0.040,-0.0028,-0.0005
calm,rot_off,12.75,0.0000,0.0000,0.0000,0.000,0.000,0.000,-0.025,-0.041,-0.0017,-0.0013
calm,rot_off,12.80,0.0000,0.0000,0.0000,0.000,0.000,0.000,-0.030,-0.043,-0.0014,-0.0009
calm,rot_off,12.85,0.0000,0.0000,0.0000,0.000,0.000,0.000,-0.034,-0.047,-0.0002,-0.0022
calm,rot_off,12.90,0.0000,0.0000,0.0000,0.000,0.000,0.000,-0.034,-0.052,0.0019,-0.0026
calm,rot_off,12.95,0.0000,0.0000,0.0000,0.000,0.000,0.000,-0.029,-0.061,0.0025,-0.0032
calm,rot_off,13.00,0.0000,0.0000,0.0000,0.000,0.000,0.000,-0.021,-0.070,0.0042,-0.0037
calm,rot_off,13.05,0.0000,0.0000,0.0000,0.000,0.000,0.000,-0.008,-0.080,0.0054,-0.0037
calm,rot_off,13.10,0.0000,0.0000,0.0000,0.000,0.000,0.000,0.005,-0.092,0.0056,-0.0041
calm,rot_off,13.15,0.0000,0.0000,0.0000,0.000,0.000,0.000,0.024,-0.106,0.0066,-0.0050
calm,rot_off,13.20,0.0000,0.0000,0.0000,0.000,0.000,0.000,0.043,-0.120,0.0071,-0.0051
calm,rot_off,13.25,0.0000,0.0000,0.0000,0.000,0.000,0.000,0.060,-0.134,0.0050,-0.0051
calm,rot_off,13.30,0.0000,0.0000,0.0000,0.000,0.000,0.000,0.074,-0.149,0.0049,-0.0064
calm,rot_off,13.35,0.0000,0.0000,0.0000,0.000,0.000,0.000,0.087,-0.163,0.0036,-0.0053
calm,rot_off,13.40,0.0000,0.0000,0.0000,0.000,0.000,0.000,0.095,-0.176,0.0022,-0.0042
calm,rot_off,13.45,0.0000,0.0000,0.0000,0.000,0.000,0.000,0.102,-0.189,0.0019,-0.0049
calm,rot_off,13.50,0.0000,0.0000,0.0000,0.000,0.000,0.000,0.106,-0.197,0.0011,-0.0029
calm,rot_off,13.55,0.0000,0.0000,0.0000,0.000,0.000,0.000,0.110,-0.203,0.0007,-0.0009
calm,rot_off,13.60,0.0000,0.0000,0.0000,0.000,0.000,0.000,0.112,-0.203,0.0000,0.0004
calm,rot_off,13.65,0.0000,0.0000,0.0000,0.000,0.000,0.000,0.111,-0.201,0.0003,0.0021
calm,rot_off,13.70,0.0000,0.0000,0.0000,0.000,0.000,0.000,0.109,-0.191,-0.0007,0.0030
calm,rot_off,13.75,0.0000,0.0000,0.0000,0.000,0.000,0.000,0.106,-0.176,-0.0018,0.0072
calm,rot_off,13.80,0.0000,0.0000,0.0000,0.000,0.000,0.000,0.101,-0.159,-0.0013,0.0080
calm,rot_off,13.85,0.0000,0.0000,0.0000,0.000,0.000,0.000,0.093,-0.136,-0.0027,0.0080
calm,rot_off,13.90,0.0000,0.0000,0.0000,0.000,0.000,0.000,0.083,-0.115,-0.0036,0.0092
calm,rot_off,13.95,0.0000,0.0000,0.0000,0.000,0.000,0.000,0.073,-0.088,-0.0033,0.0092
calm,rot_off,14.00,0.0000,0.0000,0.0000,0.000,0.000,0.000,0.064,-0.065,-0.0028,0.0100
calm,rot_off,14.05,0.0000,0.0000,0.0000,0.000,0.000,0.000,0.054,-0.042,-0.0034,0.0084
calm,rot_off,14.10,0.0000,0.0000,0.0000,0.000,0.000,0.000,0.043,-0.019,-0.0049,0.0080
calm,rot_off,14.15,0.0000,0.0000,0.0000,0.000,0.000,0.000,0.029,0.002,-0.0040,0.0078
calm,rot_off,14.20,0.0000,0.0000,0.0000,0.000,0.000,0.000,0.017,0.023,-0.0050,0.0083
calm,rot_off,14.25,0.0000,0.0000,0.0000,0.000,0.000,0.000,0.005,0.041,-0.0043,0.0059
calm,rot_off,14.30,0.0000,0.0000,0.0000,0.000,0.000,0.000,-0.008,0.059,-0.0050,0.0050
calm,rot_off,14.35,0.0000,0.0000,0.0000,0.000,0.000,0.000,-0.019,0.075,-0.0042,0.0051
calm,rot_off,14.40,0.0000,0.0000,0.0000,0.000,0.000,0.000,-0.030,0.090,-0.0040,0.0048
calm,rot_off,14.45,0.0000,0.0000,0.0000,0.000,0.000,0.000,-0.041,0.103,-0.0032,0.0047
calm,rot_off,14.50,0.0000,0.0000,0.0000,0.000,0.000,0.000,-0.049,0.116,-0.0021,0.0048
calm,rot_off,14.55,0.0000,0.0000,0.0000,0.000,0.000,0.000,-0.055,0.130,-0.0019,0.0052
calm,rot_off,14.60,0.0000,0.0000,0.0000,0.000,0.000,0.000,-0.059,0.141,-0.0017,0.0032
calm,rot_off,14.65,0.0000,0.0000,0.0000,0.000,0.000,0.000,-0.063,0.153,-0.0021,0.0028
calm,rot_off,14.70,0.0000,0.0000,0.0000,0.000,0.000,0.000,-0.069,0.160,-0.0016,0.0031
calm,rot_off,14.75,0.0000,0.0000,0.0000,0.000,0.000,0.000,-0.075,0.167,-0.0027,0.0018
calm,rot_off,14.80,0.0000,0.0000,0.0000,0.000,0.000,0.000,-0.082,0.170,-0.0038,0.0001
calm,rot_off,14.85,0.0000,0.0000,0.0000,0.000,0.000,0.000,-0.089,0.170,-0.0029,0.0006
calm,rot_off,14.90,0.0000,0.0000,0.0000,0.000,0.000,0.000,-0.097,0.169,-0.0026,-0.0020
calm,rot_off,14.95,0.0000,0.0000,0.0000,0.000,0.000,0.000,-0.104,0.162,-0.0020,-0.0029
calm,rot_on,0.00,0.0000,0.0000,0.0000,0.000,0.000,0.000,0.158,-0.004,0.0011,0.0028
calm,rot_on,0.05,0.0000,0.0000,0.0000,0.000,0.000,0.000,0.163,0.005,0.0029,0.0016
calm,rot_on,0.10,0.0000,0.0000,0.0000,0.000,0.000,0.000,0.169,0.013,0.0024,0.0023
calm,rot_on,0.15,0.0000,0.0000,0.0000,0.000,0.000,0.000,0.176,0.020,0.0028,0.0023
calm,rot_on,0.20,0.0000,0.0000,0.0000,0.000,0.000,0.000,0.182,0.026,0.0029,0.0019
calm,rot_on,0.25,0.0000,0.0000,0.0000,0.000,0.000,0.000,0.189,0.029,0.0041,0.0002
calm,rot_on,0.30,0.0000,0.0000,0.0000,0.000,0.000,0.000,0.196,0.030,0.0014,-0.0001
calm,rot_on,0.35,0.0000,0.0000,0.0000,0.000,0.000,0.000,0.202,0.030,0.0034,-0.0003
calm,rot_on,0.40,0.0000,0.0000,0.0000,0.000,0.000,0.000,0.209,0.029,0.0017,-0.0015
calm,rot_on,0.45,0.0000,0.0000,0.0000,0.000,0.000,0.000,0.214,0.024,0.0020,-0.0018
calm,rot_on,0.50,0.0000,0.0000,0.0000,0.000,0.000,0.000,0.217,0.021,0.0014,-0.0026
calm,rot_on,0.55,0.0000,0.0000,0.0000,0.000,0.000,0.000,0.219,0.010,0.0003,-0.0030
calm,rot_on,0.60,0.0000,0.0000,0.0000,0.000,0.000,0.000,0.220,0.003,-0.0001,-0.0041
calm,rot_on,0.65,0.0000,0.0000,0.0000,0.000,0.000,0.000,0.221,-0.005,0.0010,-0.0033
calm,rot_on,0.70,0.0000,0.0000,0.0000,0.000,0.000,0.000,0.224,-0.013,0.0012,-0.0029
calm,rot_on,0.75,0.0000,0.0000,0.0000,0.000,0.000,0.000,0.227,-0.019,0.0018,-0.0021
calm,rot_on,0.80,0.0000,0.0000,0.0000,0.000,0.000,0.000,0.231,-0.022,0.0020,-0.0003
calm,rot_on,0.85,0.0000,0.0000,0.0000,0.000,0.000,0.000,0.233,-0.024,0.0014,-0.0003
calm,rot_on,0.90,0.0000,0.0000,0.0000,0.000,0.000,0.000,0.236,-0.023,0.0020,0.0019
calm,rot_on,0.95,0.0048,-0.0002,-0.0009,-0.001,0.000,0.000,0.238,-0.019,0.0011,0.0019
calm,rot_on,1.00,0.0048,-0.0002,-0.0009,-0.001,0.000,0.000,0.239,-0.015,0.0006,0.0018
calm,rot_on,1.05,0.0048,-0.0002,-0.0009,-0.001,0.000,0.000,0.234,-0.008,-0.0035,0.0024
calm,rot_on,1.10,0.0048,-0.0002,-0.0009,-0.001,0.000,0.000,0.224,-0.004,-0.0037,0.0021
calm,rot_on,1.15,0.0047,-0.0002,-0.0009,-0.001,0.000,0.000,0.207,0.005,-0.0038,0.0027
calm,rot_on,1.20,0.0049,-0.0001,-0.0009,-0.001,0.000,0.000,0.199,0.012,-0.0031,0.0025
calm,rot_on,1.25,0.0050,-0.0001,-0.0009,-0.001,0.000,0.000,0.188,0.019,-0.0026,0.0033
calm,rot_on,1.30,0.0048,-0.0002,-0.0009,-0.001,0.000,0.000,0.183,0.026,-0.0034,0.0034
calm,rot_on,1.35,0.0052,-0.0001,-0.0009,-0.001,0.000,0.000,0.176,0.036,-0.0015,0.0037
calm,rot_on,1.40,0.0052,-0.0002,-0.0009,-0.001,0.000,0.000,0.173,0.047,-0.0016,0.0051
calm,rot_on,1.45,0.0052,-0.0003,-0.0009,-0.001,0.000,0.000,0.169,0.058,-0.0023,0.0053
calm,rot_on,1.50,0.0052,-0.0003,-0.0009,-0.001,0.000,0.000,0.164,0.069,-0.0013,0.0040
calm,rot_on,1.55,0.0051,-0.0004,-0.0008,-0.001,0.000,0.000,0.161,0.082,-0.0014,0.0036
calm,rot_on,1.60,0.0052,-0.0003,-0.0008,-0.001,0.000,0.000,0.156,0.091,-0.0009,0.0040
calm,rot_on,1.65,0.0052,-0.0003,-0.0008,-0.001,0.000,0.000,0.154,0.104,-0.0010,0.0030
calm,rot_on,1.70,0.0056,-0.0002,-0.0008,-0.001,0.000,0.000,0.151,0.112,-0.0009,0.0028
calm,rot_on,1.75,0.0057,-0.0001,-0.0008,-0.001,0.000,0.000,0.148,0.118,-0.0017,0.0015
calm,rot_on,1.80,0.0057,-0.0000,-0.0008,-0.001,0.000,0.000,0.142,0.121,-0.0027,0.0007
calm,rot_on,1.85,0.0057,0.0000,-0.0008,-0.001,-0.000,0.000,0.132,0.122,-0.0037,-0.0006
calm,rot_on,1.90,0.0056,0.0001,-0.0008,-0.001,-0.000,0.000,0.120,0.116,-0.0046,-0.0029
calm,rot_on,1.95,0.0059,0.0002,-0.0008,-0.001,-0.000,0.000,0.106,0.110,-0.0041,-0.0028
calm,rot_on,2.00,0.0056,0.0002,-0.0007,-0.001,-0.000,0.000,0.094,0.100,-0.0041,-0.0043
calm,rot_on,2.05,0.0060,0.0003,-0.0008,-0.001,-0.000,0.000,0.082,0.090,-0.0029,-0.0042
calm,rot_on,2.10,0.0057,0.0003,-0.0007,-0.001,-0.000,0.000,0.073,0.080,-0.0041,-0.0026
calm,rot_on,2.15,0.0056,0.0003,-0.0007,-0.001,-0.000,0.000,0.062,0.069,-0.0040,-0.0023
calm,rot_on,2.20,0.0056,0.0002,-0.0007,-0.001,-0.000,0.000,0.051,0.061,-0.0039,-0.0021
calm,rot_on,2.25,0.0058,0.0002,-0.0008,-0.001,-0.000,0.000,0.042,0.058,-0.0027,-0.0010
calm,rot_on,2.30,0.0056,0.0001,-0.0007,-0.001,-0.000,0.000,0.033,0.055,-0.0022,0.0017
calm,rot_on,2.35,0.0059,-0.0000,-0.0008,-0.001,0.000,0.000,0.027,0.060,-0.0032,0.0022
calm,rot_on,2.40,0.0058,-0.0001,-0.0008,-0.001,0.000,0.000,0.019,0.064,-0.0022,0.0038
calm,rot_on,2.45,0.0055,-0.0003,-0.0008,-0.001,0.000,0.000,0.009,0.074,-0.0035,0.0026
calm,rot_on,2.50,0.0060,-0.0004,-0.0008,-0.001,0.000,0.000,0.001,0.080,-0.0036,0.0027
calm,rot_on,2.55,0.0060,-0.0005,-0.0008,-0.001,0.000,0.000,-0.009,0.089,-0.0035,0.0036
calm,rot_on,2.60,0.0057,-0.0007,-0.0008,-0.001,0.000,0.000,-0.019,0.097,-0.0032,0.0026
calm,rot_on,2.65,0.0058,-0.0008,-0.0008,-0.001,0.000,0.000,-0.031,0.106,-0.0041,0.0026
calm,rot_on,2.70,0.0063,-0.0008,-0.0008,-0.001,0.000,0.000,-0.039,0.113,-0.0043,0.0038
calm,rot_on,2.75,0.0062,-0.0009,-0.0008,-0.001,0.000,0.000,-0.050,0.121,-0.0027,0.0023
calm,rot_on,2.80,0.0060,-0.0010,-0.0008,-0.001,0.000,0.000,-0.056,0.123,-0.0026,0.0003
calm,rot_on,2.85,0.0058,-0.0010,-0.0008,-0.001,0.000,0.000,-0.062,0.125,-0.0036,-0.0001
calm,rot_on,2.90,0.0060,-0.0009,-0.0008,-0.001,0.000,0.000,-0.068,0.122,-0.0008,-0.0026
calm,rot_on,2.95,0.0060,-0.0008,-0.0007,-0.001,0.000,0.000,-0.071,0.114,-0.0010,-0.0041
calm,rot_on,3.00,0.0063,-0.0007,-0.0008,-0.001,0.000,0.000,-0.073,0.105,-0.0006,-0.0047
calm,rot_on,3.05,0.0061,-0.0007,-0.0007,-0.001,0.000,0.000,-0.074,0.091,-0.0009,-0.0042
calm,rot_on,3.10,0.0057,-0.0007,-0.0007,-0.001,0.000,0.000,-0.075,0.078,0.0003,-0.0061
calm,rot_on,3.15,0.0060,-0.0005,-0.0007,-0.001,0.000,0.000,-0.074,0.061,-0.0006,-0.0047
calm,rot_on,3.20,0.0063,-0.0004,-0.0008,-0.001,0.000,0.000,-0.073,0.047,0.0007,-0.0062
calm,rot_on,3.25,0.0059,-0.0004,-0.0007,-0.001,0.000,0.000,-0.072,0.028,0.0010,-0.0070
calm,rot_on,3.30,0.0057,-0.0003,-0.0007,-0.001,0.000,0.000,-0.072,0.010,0.0002,-0.0076
calm,rot_on,3.35,0.0056,-0.0002,-0.0007,-0.001,0.000,0.000,-0.071,-0.016,0.0005,-0.0077
calm,rot_on,3.40,0.0057,-0.0001,-0.0007,-0.001,0.000,0.000,-0.068,-0.034,0.0014,-0.0077
calm,rot_on,3.45,0.0058,-0.0000,-0.0008,-0.001,0.000,0.000,-0.060,-0.059,0.0017,-0.0093
calm,rot_on,3.50,0.0058,0.0001,-0.0008,-0.001,-0.000,0.000,-0.054,-0.082,0.0037,-0.0090
calm,rot_on,3.55,0.0054,0.0001,-0.0008,-0.001,-0.000,0.000,-0.040,-0.114,0.0043,-0.0092
calm,rot_on,3.60,0.0054,0.0002,-0.0008,-0.001,-0.000,0.000,-0.034,-0.136,0.0045,-0.0099
calm,rot_on,3.65,0.0055,0.0003,-0.0008,-0.001,-0.000,0.000,-0.022,-0.161,0.0047,-0.0101
calm,rot_on,3.70,0.0056,0.0004,-0.0008,-0.001,-0.000,0.000,-0.009,-0.184,0.0044,-0.0087
calm,rot_on,3.75,0.0056,0.0005,-0.0008,-0.001,-0.000,0.000,0.004,-0.209,0.0058,-0.0080
calm,rot_on,3.80,0.0053,0.0005,-0.0008,-0.001,-0.000,0.000,0.017,-0.231,0.0045,-0.0075
calm,rot_on,3.85,0.0056,0.0006,-0.0008,-0.001,-0.000,0.000,0.031,-0.253,0.0045,-0.0081
calm,rot_on,3.90,0.0054,0.0006,-0.0008,-0.001,-0.000,0.000,0.041,-0.272,0.0030,-0.0074
calm,rot_on,3.95,0.0052,0.0005,-0.0008,-0.001,-0.000,0.000,0.052,-0.292,0.0021,-0.0048
calm,rot_on,4.00,0.0056,0.0005,-0.0009,-0.001,-0.000,0.000,0.057,-0.302,0.0024,-0.0035
calm,rot_on,4.05,0.0054,0.0006,-0.0009,-0.001,-0.000,0.000,0.063,-0.314,0.0018,-0.0035
calm,rot_on,4.10,0.0055,0.0005,-0.0009,-0.001,-0.000,0.000,0.068,-0.319,0.0027,-0.0021
calm,rot_on,4.15,0.0057,0.0005,-0.0009,-0.001,-0.000,0.000,0.071,-0.323,0.0012,0.0001
calm,rot_on,4.20,0.0058,0.0004,-0.0009,-0.001,-0.000,0.000,0.075,-0.322,0.0021,-0.0012
calm,rot_on,4.25,0.0055,0.0003,-0.0009,-0.001,-0.000,0.000,0.079,-0.318,-0.0003,0.0010
calm,rot_on,4.30,0.0055,0.0002,-0.0009,-0.001,-0.000,0.000,0.079,-0.315,0.0003,0.0013
calm,rot_on,4.35,0.0053,0.0000,-0.0009,-0.001,-0.000,0.000,0.081,-0.309,0.0017,0.0019
calm,rot_on,4.40,0.0055,0.0000,-0.0009,-0.001,-0.000,0.000,0.085,-0.305,0.0025,0.0026
calm,rot_on,4.45,0.0057,-0.0000,-0.0009,-0.001,0.000,0.000,0.090,-0.297,0.0019,0.0030
calm,rot_on,4.50,0.0058,-0.0001,-0.0009,-0.001,0.000,0.000,0.095,-0.291,0.0012,0.0031
calm,rot_on,4.55,0.0056,-0.0001,-0.0009,-0.001,0.000,0.000,0.097,-0.280,0.0006,0.0031
calm,rot_on,4.60,0.0052,-0.0001,-0.0008,-0.001,0.000,0.000,0.096,-0.270,-0.0011,0.0052
calm,rot_on,4.65,0.0054,-0.0002,-0.0008,-0.001,0.000,0.000,0.094,-0.258,-0.0010,0.0039
calm,rot_on,4.70,0.0054,-0.0002,-0.0008,-0.001,0.000,0.000,0.090,-0.245,-0.0013,0.0033
calm,rot_on,4.75,0.0055,-0.0002,-0.0008,-0.001,0.000,0.000,0.087,-0.233,-0.0029,0.0039
calm,rot_on,4.80,0.0053,-0.0002,-0.0008,-0.001,0.000,0.000,0.080,-0.219,-0.0026,0.0034
calm,rot_on,4.85,0.0054,-0.0002,-0.0008,-0.001,0.000,0.000,0.070,-0.209,-0.0019,0.0025
calm,rot_on,4.90,0.0050,-0.0002,-0.0008,-0.001,0.000,0.000,0.064,-0.202,-0.0040,0.0016
calm,rot_on,4.95,0.0052,-0.0001,-0.0008,-0.001,0.000,0.000,0.055,-0.197,-0.0031,0.0011
calm,rot_on,5.00,0.0055,-0.0000,-0.0008,-0.001,0.000,0.000,0.050,-0.195,-0.0007,0.0001
calm,rot_on,5.05,0.0048,-0.0001,-0.0008,-0.001,0.000,0.000,0.043,-0.193,-0.0027,-0.0004
calm,rot_on,5.10,0.0053,-0.0000,-0.0008,-0.001,0.000,0.000,0.041,-0.193,-0.0006,-0.0006
calm,rot_on,5.15,0.0050,0.0000,-0.0008,-0.001,-0.000,0.000,0.042,-0.190,0.0008,0.0015
calm,rot_on,5.20,0.0051,-0.0000,-0.0008,-0.001,0.000,0.000,0.046,-0.185,0.0015,0.0025
calm,rot_on,5.25,0.0052,-0.0001,-0.0008,-0.001,0.000,0.000,0.051,-0.176,0.0022,0.0032
calm,rot_on,5.30,0.0050,-0.0001,-0.0008,-0.001,0.000,0.000,0.057,-0.169,0.0035,0.0033
calm,rot_on,5.35,0.0047,-0.0002,-0.0008,-0.001,0.000,0.000,0.069,-0.159,0.0033,0.0027
calm,rot_on,5.40,0.0048,-0.0002,-0.0008,-0.001,0.000,0.000,0.076,-0.153,0.0040,0.0021
calm,rot_on,5.45,0.0049,-0.0002,-0.0008,-0.001,0.000,0.000,0.088,-0.145,0.0046,0.0018
calm,rot_on,5.50,0.0047,-0.0003,-0.0008,-0.001,0.000,0.000,0.101,-0.140,0.0043,0.0009
calm,rot_on,5.55,0.0050,-0.0002,-0.0009,-0.001,0.000,0.000,0.113,-0.135,0.0048,0.0019
calm,rot_on,5.60,0.0048,-0.0004,-0.0008,-0.001,0.000,0.000,0.125,-0.131,0.0045,0.0009
calm,rot_on,5.65,0.0042,-0.0005,-0.0008,-0.001,0.000,0.000,0.136,-0.129,0.0025,0.0007
calm,rot_on,5.70,0.0043,-0.0006,-0.0008,-0.001,0.000,0.000,0.141,-0.125,0.0012,-0.0008
calm,rot_on,5.75,0.0046,-0.0005,-0.0008,-0.001,0.000,0.000,0.144,-0.121,0.0011,0.0020
calm,rot_on,5.80,0.0048,-0.0006,-0.0009,-0.001,0.000,0.000,0.145,-0.116,-0.0005,0.0022
calm,rot_on,5.85,0.0050,-0.0007,-0.0009,-0.001,0.000,0.000,0.144,-0.109,-0.0006,0.0028
calm,rot_on,5.90,0.0044,-0.0009,-0.0008,-0.001,0.000,0.000,0.139,-0.100,-0.0022,0.0040
calm,rot_on,5.95,0.0043,-0.0011,-0.0009,-0.001,0.000,0.000,0.133,-0.084,-0.0021,0.0051
calm,rot_on,6.00,0.0044,-0.0012,-0.0009,-0.001,0.000,0.000,0.130,-0.069,-0.0010,0.0082
calm,rot_on,6.05,0.0040,-0.0015,-0.0009,-0.001,0.000,0.000,0.125,-0.048,-0.0013,0.0081
calm,rot_on,6.10,0.0039,-0.0016,-0.0009,-0.001,0.000,0.000,0.122,-0.026,-0.0004,0.0095
calm,rot_on,6.15,0.0041,-0.0017,-0.0009,-0.001,0.000,0.000,0.119,0.008,-0.0003,0.0104
calm,rot_on,6.20,0.0040,-0.0019,-0.0009,-0.001,0.000,0.000,0.118,0.031,-0.0013,0.0103
calm,rot_on,6.25,0.0041,-0.0020,-0.0009,-0.001,0.000,0.000,0.117,0.061,-0.0002,0.0109
calm,rot_on,6.30,0.0040,-0.0021,-0.0009,-0.001,0.000,0.000,0.116,0.091,-0.0004,0.0109
calm,rot_on,6.35,0.0036,-0.0022,-0.0008,-0.001,0.000,0.000,0.112,0.126,-0.0013,0.0098
calm,rot_on,6.40,0.0038,-0.0022,-0.0008,-0.001,0.000,0.000,0.108,0.149,-0.0016,0.0094
calm,rot_on,6.45,0.0038,-0.0022,-0.0008,-0.001,0.000,0.000,0.100,0.176,-0.0029,0.0085
calm,rot_on,6.50,0.0039,-0.0021,-0.0008,-0.001,0.000,0.000,0.089,0.195,-0.0049,0.0057
calm,rot_on,6.55,0.0041,-0.0019,-0.0008,-0.001,0.000,0.000,0.075,0.213,-0.0058,0.0053
calm,rot_on,6.60,0.0041,-0.0018,-0.0008,-0.001,0.000,0.000,0.063,0.223,-0.0043,0.0037
calm,rot_on,6.65,0.0041,-0.0017,-0.0007,-0.001,0.000,0.000,0.046,0.231,-0.0046,0.0009
calm,rot_on,6.70,0.0041,-0.0015,-0.0007,-0.001,0.000,0.000,0.033,0.232,-0.0056,-0.0004
calm,rot_on,6.75,0.0045,-0.0013,-0.0007,-0.001,0.000,0.000,0.013,0.227,-0.0053,-0.0020
calm,rot_on,6.80,0.0045,-0.0012,-0.0007,-0.001,0.000,0.000,0.001,0.220,-0.0058,-0.0036
calm,rot_on,6.85,0.0043,-0.0011,-0.0007,-0.001,0.000,0.000,-0.018,0.207,-0.0057,-0.0037
calm,rot_on,6.90,0.0045,-0.0010,-0.0007,-0.001,0.000,0.000,-0.029,0.197,-0.0046,-0.0050
calm,rot_on,6.95,0.0042,-0.0009,-0.0007,-0.001,0.000,0.000,-0.046,0.180,-0.0046,-0.0050
calm,rot_on,7.00,0.0045,-0.0007,-0.0007,-0.001,0.000,0.000,-0.055,0.169,-0.0042,-0.0051
calm,rot_on,7.05,0.0044,-0.0006,-0.0007,-0.001,0.000,0.000,-0.066,0.153,-0.0041,-0.0042
calm,rot_on,7.10,0.0048,-0.0005,-0.0008,-0.001,0.000,0.000,-0.071,0.142,-0.0022,-0.0043
calm,rot_on,7.15,0.0046,-0.0005,-0.0007,-0.001,0.000,0.000,-0.075,0.126,-0.0019,-0.0049
calm,rot_on,7.20,0.0049,-0.0005,-0.0008,-0.001,0.000,0.000,-0.080,0.112,-0.0021,-0.0051
calm,rot_on,7.25,0.0050,-0.0006,-0.0008,-0.001,0.000,0.000,-0.084,0.099,-0.0009,-0.0042
calm,rot_on,7.30,0.0050,-0.0006,-0.0008,-0.001,0.000,0.000,-0.088,0.090,-0.0024,-0.0030
calm,rot_on,7.35,0.0051,-0.0007,-0.0008,-0.001,0.000,0.000,-0.095,0.082,-0.0020,-0.0010
calm,rot_on,7.40,0.0052,-0.0008,-0.0008,-0.001,0.000,0.000,-0.098,0.076,-0.0018,-0.0019
calm,rot_on,7.45,0.0055,-0.0008,-0.0008,-0.001,0.000,0.000,-0.101,0.074,0.0007,0.0001
calm,rot_on,7.50,0.0051,-0.0010,-0.0008,-0.001,0.000,0.000,-0.101,0.074,0.0001,0.0001
calm,rot_on,7.55,0.0054,-0.0010,-0.0008,-0.001,0.000,0.000,-0.099,0.076,0.0012,0.0013
calm,rot_on,7.60,0.0055,-0.0011,-0.0008,-0.001,0.000,0.000,-0.094,0.080,0.0030,0.0028
calm,rot_on,7.65,0.0052,-0.0013,-0.0008,-0.001,0.000,0.000,-0.087,0.087,0.0022,0.0023
calm,rot_on,7.70,0.0056,-0.0013,-0.0008,-0.001,0.000,0.000,-0.080,0.092,0.0023,0.0034
calm,rot_on,7.75,0.0056,-0.0014,-0.0009,-0.001,0.000,0.000,-0.071,0.102,0.0030,0.0040
calm,rot_on,7.80,0.0057,-0.0014,-0.0008,-0.001,0.000,0.000,-0.064,0.107,0.0026,0.0026
calm,rot_on,7.85,0.0055,-0.0014,-0.0008,-0.001,0.000,0.000,-0.056,0.116,0.0014,0.0028
calm,rot_on,7.90,0.0057,-0.0014,-0.0008,-0.001,0.000,0.000,-0.051,0.121,0.0020,0.0029
calm,rot_on,7.95,0.0057,-0.0014,-0.0008,-0.001,0.000,0.000,-0.044,0.125,0.0029,0.0002
calm,rot_on,8.00,0.0059,-0.0011,-0.0008,-0.001,0.000,0.000,-0.034,0.127,0.0050,-0.0003
calm,rot_on,8.05,0.0060,-0.0011,-0.0008,-0.001,0.000,0.000,-0.023,0.124,0.0042,-0.0021
calm,rot_on,8.10,0.0059,-0.0009,-0.0008,-0.001,0.000,0.000,-0.010,0.117,0.0044,-0.0031
calm,rot_on,8.15,0.0059,-0.0008,-0.0008,-0.001,0.000,0.000,0.004,0.104,0.0053,-0.0036
calm,rot_on,8.20,0.0058,-0.0007,-0.0008,-0.001,0.000,0.000,0.018,0.091,0.0042,-0.0068
calm,rot_on,8.25,0.0058,-0.0005,-0.0008,-0.001,0.000,0.000,0.032,0.069,0.0045,-0.0073
calm,rot_on,8.30,0.0058,-0.0004,-0.0008,-0.001,0.000,0.000,0.042,0.052,0.0032,-0.0072
calm,rot_on,8.35,0.0057,-0.0003,-0.0008,-0.001,0.000,0.000,0.054,0.030,0.0027,-0.0061
calm,rot_on,8.40,0.0062,-0.0001,-0.0008,-0.001,0.000,0.000,0.060,0.013,0.0013,-0.0072
calm,rot_on,8.45,0.0064,-0.0000,-0.0008,-0.001,0.000,0.000,0.063,-0.006,-0.0003,-0.0067
calm,rot_on,8.50,0.0060,-0.0000,-0.0008,-0.001,0.000,0.000,0.062,-0.024,-0.0019,-0.0057
calm,rot_on,8.55,0.0059,-0.0001,-0.0008,-0.001,0.000,0.000,0.052,-0.042,-0.0039,-0.0046
calm,rot_on,8.60,0.0060,-0.0001,-0.0008,-0.001,0.000,0.000,0.044,-0.053,-0.0045,-0.0038
calm,rot_on,8.65,0.0066,-0.0000,-0.0008,-0.001,0.000,0.000,0.029,-0.069,-0.0038,-0.0032
calm,rot_on,8.70,0.0062,-0.0001,-0.0008,-0.001,0.000,0.000,0.017,-0.076,-0.0048,-0.0029
calm,rot_on,8.75,0.0063,-0.0002,-0.0008,-0.001,0.000,0.000,0.004,-0.085,-0.0048,-0.0024
calm,rot_on,8.80,0.0061,-0.0003,-0.0008,-0.001,0.000,0.000,-0.011,-0.090,-0.0059,-0.0024
calm,rot_on,8.85,0.0064,-0.0003,-0.0008,-0.001,0.000,0.000,-0.029,-0.095,-0.0054,-0.0012
calm,rot_on,8.90,0.0065,-0.0004,-0.0008,-0.001,0.000,0.000,-0.040,-0.097,-0.0051,0.0001
calm,rot_on,8.95,0.0061,-0.0005,-0.0008,-0.001,0.000,0.000,-0.054,-0.098,-0.0055,0.0001
calm,rot_on,9.00,0.0063,-0.0005,-0.0008,-0.001,0.000,0.000,-0.067,-0.097,-0.0054,-0.0001
calm,rot_on,9.05,0.0062,-0.0005,-0.0008,-0.001,0.000,0.000,-0.085,-0.097,-0.0059,-0.0005
calm,rot_on,9.10,0.0064,-0.0005,-0.0008,-0.001,0.000,0.000,-0.096,-0.094,-0.0054,0.0007
calm,rot_on,9.15,0.0065,-0.0006,-0.0008,-0.001,0.000,0.000,-0.112,-0.092,-0.0044,0.0019
calm,rot_on,9.20,0.0061,-0.0007,-0.0008,-0.001,0.000,0.000,-0.121,-0.089,-0.0049,0.0003
calm,rot_on,9.25,0.0063,-0.0008,-0.0008,-0.001,0.000,0.000,-0.137,-0.082,-0.0052,0.0026
calm,rot_on,9.30,0.0063,-0.0009,-0.0008,-0.001,0.000,0.000,-0.146,-0.076,-0.0039,0.0030
calm,rot_on,9.35,0.0064,-0.0011,-0.0008,-0.001,0.000,0.000,-0.158,-0.065,-0.0039,0.0048
calm,rot_on,9.40,0.0059,-0.0013,-0.0008,-0.001,0.000,0.000,-0.167,-0.053,-0.0034,0.0053
calm,rot_on,9.45,0.0062,-0.0014,-0.0008,-0.001,0.000,0.000,-0.179,-0.034,-0.0029,0.0066
calm,rot_on,9.50,0.0060,-0.0016,-0.0008,-0.001,0.000,0.000,-0.184,-0.021,-0.0010,0.0060
calm,rot_on,9.55,0.0062,-0.0017,-0.0008,-0.001,0.000,0.000,-0.188,-0.001,-0.0007,0.0073
calm,rot_on,9.60,0.0060,-0.0019,-0.0008,-0.001,0.000,0.000,-0.188,0.014,0.0013,0.0066
calm,rot_on,9.65,0.0059,-0.0020,-0.0008,-0.001,0.000,0.000,-0.185,0.031,0.0008,0.0065
calm,rot_on,9.70,0.0058,-0.0020,-0.0008,-0.001,0.000,0.000,-0.180,0.047,0.0017,0.0058
calm,rot_on,9.75,0.0058,-0.0021,-0.0008,-0.001,0.000,0.000,-0.169,0.063,0.0032,0.0039
calm,rot_on,9.80,0.0065,-0.0020,-0.0008,-0.001,0.000,0.000,-0.159,0.074,0.0047,0.0049
calm,rot_on,9.85,0.0062,-0.0020,-0.0008,-0.001,0.000,0.000,-0.144,0.088,0.0040,0.0040
calm,rot_on,9.90,0.0059,-0.0020,-0.0008,-0.001,0.000,0.000,-0.134,0.096,0.0038,0.0040
calm,rot_on,9.95,0.0062,-0.0020,-0.0008,-0.001,0.000,0.000,-0.122,0.103,0.0033,0.0019
calm,rot_on,10.00,0.0064,-0.0018,-0.0008,-0.001,0.000,0.000,-0.111,0.108,0.0038,0.0006
calm,rot_on,10.05,0.0065,-0.0017,-0.0008,-0.001,0.000,0.000,-0.100,0.110,0.0035,0.0007
calm,rot_on,10.10,0.0068,-0.0016,-0.0008,-0.001,0.000,0.000,-0.089,0.109,0.0035,-0.0013
calm,rot_on,10.15,0.0067,-0.0015,-0.0008,-0.001,0.000,0.000,-0.077,0.102,0.0043,-0.0032
calm,rot_on,10.20,0.0066,-0.0014,-0.0008,-0.001,0.000,0.000,-0.065,0.094,0.0040,-0.0027
calm,rot_on,10.25,0.0069,-0.0012,-0.0008,-0.001,0.000,0.000,-0.052,0.083,0.0042,-0.0038
calm,rot_on,10.30,0.0070,-0.0011,-0.0008,-0.001,0.000,0.000,-0.039,0.071,0.0038,-0.0057
calm,rot_on,10.35,0.0070,-0.0009,-0.0008,-0.001,0.000,0.000,-0.026,0.052,0.0034,-0.0062
calm,rot_on,10.40,0.0070,-0.0007,-0.0008,-0.001,0.000,0.000,-0.015,0.039,0.0050,-0.0055
calm,rot_on,10.45,0.0068,-0.0007,-0.0008,-0.001,0.000,0.000,-0.002,0.022,0.0047,-0.0052
calm,rot_on,10.50,0.0070,-0.0005,-0.0008,-0.001,0.000,0.000,0.010,0.007,0.0046,-0.0043
calm,rot_on,10.55,0.0068,-0.0004,-0.0008,-0.001,0.000,0.000,0.025,-0.007,0.0058,-0.0058
calm,rot_on,10.60,0.0066,-0.0003,-0.0008,-0.001,0.000,0.000,0.040,-0.020,0.0055,-0.0046
calm,rot_on,10.65,0.0068,-0.0001,-0.0008,-0.001,0.000,0.000,0.058,-0.032,0.0066,-0.0051
calm,rot_on,10.70,0.0067,-0.0000,-0.0008,-0.001,0.000,0.000,0.075,-0.043,0.0068,-0.0049
calm,rot_on,10.75,0.0067,0.0001,-0.0008,-0.001,-0.000,0.000,0.101,-0.059,0.0076,-0.0054
calm,rot_on,10.80,0.0068,0.0002,-0.0008,-0.001,-0.000,0.000,0.119,-0.071,0.0091,-0.0057
calm,rot_on,10.85,0.0068,0.0003,-0.0009,-0.001,-0.000,0.000,0.145,-0.092,0.0081,-0.0064
calm,rot_on,10.90,0.0067,0.0004,-0.0009,-0.001,-0.000,0.000,0.164,-0.106,0.0086,-0.0078
calm,rot_on,10.95,0.0063,0.0004,-0.0008,-0.001,-0.000,0.000,0.185,-0.125,0.0066,-0.0062
calm,rot_on,11.00,0.0065,0.0005,-0.0009,-0.001,-0.000,0.000,0.204,-0.141,0.0063,-0.0059
calm,rot_on,11.05,0.0064,0.0005,-0.0008,-0.001,-0.000,0.000,0.224,-0.160,0.0044,-0.0048
calm,rot_on,11.10,0.0067,0.0005,-0.0009,-0.001,-0.000,0.000,0.233,-0.170,0.0037,-0.0053
calm,rot_on,11.15,0.0068,0.0005,-0.0009,-0.001,-0.000,0.000,0.242,-0.183,0.0034,-0.0038
calm,rot_on,11.20,0.0063,0.0004,-0.0008,-0.001,-0.000,0.000,0.246,-0.193,0.0009,-0.0018
calm,rot_on,11.25,0.0066,0.0005,-0.0009,-0.001,-0.000,0.000,0.246,-0.200,-0.0002,-0.0017
calm,rot_on,11.30,0.0067,0.0004,-0.0009,-0.001,-0.000,0.000,0.246,-0.200,-0.0001,0.0009
calm,rot_on,11.35,0.0065,0.0003,-0.0009,-0.001,-0.000,0.000,0.243,-0.197,-0.0018,0.0026
calm,rot_on,11.40,0.0063,0.0002,-0.0009,-0.001,-0.000,0.000,0.241,-0.190,0.0002,0.0035
calm,rot_on,11.45,0.0058,0.0000,-0.0008,-0.001,-0.000,0.000,0.236,-0.181,-0.0021,0.0027
calm,rot_on,11.50,0.0065,0.0001,-0.0009,-0.001,-0.000,0.000,0.235,-0.170,0.0003,0.0039
calm,rot_on,11.55,0.0060,-0.0000,-0.0009,-0.001,0.000,0.000,0.234,-0.156,0.0002,0.0050
calm,rot_on,11.60,0.0061,-0.0000,-0.0009,-0.001,0.000,0.000,0.237,-0.147,0.0019,0.0023
calm,rot_on,11.65,0.0061,0.0001,-0.0009,-0.001,-0.000,0.000,0.240,-0.137,0.0008,0.0033
calm,rot_on,11.70,0.0060,0.0001,-0.0009,-0.001,-0.000,0.000,0.245,-0.129,0.0023,0.0037
calm,rot_on,11.75,0.0059,0.0002,-0.0008,-0.001,-0.000,0.000,0.253,-0.121,0.0037,0.0019
calm,rot_on,11.80,0.0056,0.0003,-0.0008,-0.001,-0.000,0.000,0.260,-0.115,0.0028,0.0013
calm,rot_on,11.85,0.0059,0.0005,-0.0008,-0.001,-0.000,0.000,0.268,-0.110,0.0036,0.0009
calm,rot_on,11.90,0.0059,0.0006,-0.0008,-0.001,-0.000,0.000,0.275,-0.108,0.0033,0.0002
calm,rot_on,11.95,0.0056,0.0006,-0.0008,-0.001,-0.000,0.000,0.284,-0.107,0.0044,-0.0010
calm,rot_on,12.00,0.0053,0.0006,-0.0008,-0.001,-0.000,0.000,0.293,-0.110,0.0037,-0.0003
calm,rot_on,12.05,0.0054,0.0006,-0.0008,-0.001,-0.000,0.000,0.308,-0.112,0.0050,-0.0011
calm,rot_on,12.10,0.0052,0.0007,-0.0008,-0.001,-0.000,0.000,0.319,-0.114,0.0057,-0.0009
calm,rot_on,12.15,0.0052,0.0007,-0.0008,-0.001,-0.000,0.000,0.335,-0.117,0.0066,-0.0009
calm,rot_on,12.20,0.0051,0.0007,-0.0008,-0.001,-0.000,0.000,0.350,-0.119,0.0063,-0.0007
calm,rot_on,12.25,0.0051,0.0007,-0.0008,-0.001,-0.000,0.000,0.362,-0.120,0.0045,-0.0007
calm,rot_on,12.30,0.0049,0.0007,-0.0008,-0.001,-0.000,0.000,0.373,-0.121,0.0032,-0.0006
calm,rot_on,12.35,0.0049,0.0007,-0.0008,-0.001,-0.000,0.000,0.376,-0.123,0.0005,0.0001
calm,rot_on,12.40,0.0050,0.0007,-0.0008,-0.001,-0.000,0.000,0.375,-0.122,-0.0026,0.0001
calm,rot_on,12.45,0.0053,0.0008,-0.0009,-0.001,-0.000,0.000,0.366,-0.121,-0.0042,0.0005
calm,rot_on,12.50,0.0052,0.0007,-0.0008,-0.001,-0.000,0.000,0.349,-0.119,-0.0070,0.0005
calm,rot_on,12.55,0.0053,0.0006,-0.0008,-0.001,-0.000,0.000,0.324,-0.117,-0.0100,0.0012
calm,rot_on,12.60,0.0052,0.0005,-0.0008,-0.001,-0.000,0.000,0.296,-0.113,-0.0105,0.0009
calm,rot_on,12.65,0.0048,0.0004,-0.0008,-0.001,-0.000,0.000,0.258,-0.107,-0.0114,0.0017
calm,rot_on,12.70,0.0053,0.0004,-0.0008,-0.001,-0.000,0.000,0.232,-0.104,-0.0111,0.0008
calm,rot_on,12.75,0.0052,0.0003,-0.0008,-0.001,-0.000,0.000,0.191,-0.100,-0.0117,-0.0007
calm,rot_on,12.80,0.0053,0.0003,-0.0008,-0.001,-0.000,0.000,0.163,-0.100,-0.0129,0.0006
calm,rot_on,12.85,0.0047,0.0001,-0.0007,-0.001,-0.000,0.000,0.120,-0.096,-0.0142,-0.0007
calm,rot_on,12.90,0.0050,0.0002,-0.0007,-0.001,-0.000,0.000,0.091,-0.096,-0.0126,0.0008
calm,rot_on,12.95,0.0048,0.0001,-0.0007,-0.001,-0.000,0.000,0.046,-0.097,-0.0121,0.0004
calm,rot_on,13.00,0.0048,0.0001,-0.0007,-0.001,-0.000,0.000,0.017,-0.095,-0.0135,0.0003
calm,rot_on,13.05,0.0048,0.0001,-0.0007,-0.001,-0.000,0.000,-0.020,-0.095,-0.0125,0.0004
calm,rot_on,13.10,0.0045,0.0000,-0.0007,-0.001,-0.000,0.000,-0.055,-0.093,-0.0132,-0.0003
calm,rot_on,13.15,0.0044,0.0001,-0.0007,-0.001,-0.000,0.000,-0.091,-0.090,-0.0126,0.0017
calm,rot_on,13.20,0.0048,-0.0000,-0.0007,-0.001,0.000,0.000,-0.122,-0.086,-0.0108,0.0023
calm,rot_on,13.25,0.0042,-0.0002,-0.0007,-0.001,0.000,0.000,-0.154,-0.078,-0.0100,0.0019
calm,rot_on,13.30,0.0045,-0.0003,-0.0007,-0.001,0.000,0.000,-0.173,-0.072,-0.0077,0.0039
calm,rot_on,13.35,0.0043,-0.0005,-0.0007,-0.001,0.000,0.000,-0.194,-0.062,-0.0076,0.0037
calm,rot_on,13.40,0.0046,-0.0007,-0.0007,-0.001,0.000,0.000,-0.210,-0.048,-0.0054,0.0058
calm,rot_on,13.45,0.0046,-0.0010,-0.0007,-0.001,0.000,0.000,-0.225,-0.031,-0.0043,0.0071
calm,rot_on,13.50,0.0044,-0.0013,-0.0007,-0.001,0.000,0.000,-0.234,-0.017,-0.0042,0.0069
calm,rot_on,13.55,0.0051,-0.0015,-0.0008,-0.001,0.000,0.000,-0.243,0.004,-0.0018,0.0088
calm,rot_on,13.60,0.0048,-0.0019,-0.0008,-0.001,0.000,0.000,-0.247,0.026,-0.0012,0.0087
calm,rot_on,13.65,0.0050,-0.0020,-0.0008,-0.001,0.000,0.000,-0.249,0.053,-0.0001,0.0068
calm,rot_on,13.70,0.0044,-0.0022,-0.0007,-0.001,0.000,0.000,-0.250,0.072,-0.0008,0.0083
calm,rot_on,13.75,0.0050,-0.0022,-0.0008,-0.001,0.000,0.000,-0.248,0.097,0.0003,0.0068
calm,rot_on,13.80,0.0050,-0.0022,-0.0008,-0.001,0.000,0.000,-0.246,0.109,0.0005,0.0041
calm,rot_on,13.85,0.0050,-0.0023,-0.0008,-0.001,0.000,0.000,-0.243,0.120,0.0013,0.0020
calm,rot_on,13.90,0.0051,-0.0022,-0.0008,-0.001,0.000,0.000,-0.243,0.126,0.0001,0.0015
calm,rot_on,13.95,0.0053,-0.0021,-0.0008,-0.001,0.000,0.000,-0.240,0.127,0.0010,-0.0003
calm,rot_on,14.00,0.0052,-0.0020,-0.0008,-0.001,0.000,0.000,-0.236,0.123,0.0021,-0.0022
calm,rot_on,14.05,0.0057,-0.0018,-0.0008,-0.001,0.000,0.000,-0.227,0.113,0.0040,-0.0033
calm,rot_on,14.10,0.0054,-0.0018,-0.0008,-0.001,0.000,0.000,-0.216,0.101,0.0036,-0.0057
calm,rot_on,14.15,0.0055,-0.0016,-0.0008,-0.001,0.000,0.000,-0.203,0.084,0.0050,-0.0059
calm,rot_on,14.20,0.0050,-0.0015,-0.0007,-0.001,0.000,0.000,-0.189,0.065,0.0051,-0.0077
calm,rot_on,14.25,0.0053,-0.0013,-0.0008,-0.001,0.000,0.000,-0.168,0.039,0.0065,-0.0096
calm,rot_on,14.30,0.0053,-0.0012,-0.0008,-0.001,0.000,0.000,-0.154,0.021,0.0059,-0.0079
calm,rot_on,14.35,0.0052,-0.0011,-0.0008,-0.001,0.000,0.000,-0.133,-0.007,0.0056,-0.0083
calm,rot_on,14.40,0.0050,-0.0011,-0.0008,-0.001,0.000,0.000,-0.120,-0.024,0.0057,-0.0083
calm,rot_on,14.45,0.0047,-0.0011,-0.0008,-0.001,0.000,0.000,-0.102,-0.046,0.0043,-0.0070
calm,rot_on,14.50,0.0048,-0.0012,-0.0008,-0.001,0.000,0.000,-0.089,-0.062,0.0048,-0.0062
calm,rot_on,14.55,0.0049,-0.0012,-0.0008,-0.001,0.000,0.000,-0.074,-0.078,0.0042,-0.0043
calm,rot_on,14.60,0.0053,-0.0014,-0.0008,-0.001,0.000,0.000,-0.067,-0.087,0.0040,-0.0024
calm,rot_on,14.65,0.0048,-0.0016,-0.0008,-0.001,0.000,0.000,-0.056,-0.094,0.0027,-0.0009
calm,rot_on,14.70,0.0045,-0.0018,-0.0008,-0.001,0.000,0.000,-0.051,-0.098,0.0015,-0.0015
calm,rot_on,14.75,0.0051,-0.0018,-0.0009,-0.001,0.000,0.000,-0.045,-0.098,0.0023,0.0008
calm,rot_on,14.80,0.0050,-0.0020,-0.0009,-0.001,0.000,0.000,-0.039,-0.096,0.0027,0.0004
calm,rot_on,14.85,0.0047,-0.0020,-0.0009,-0.001,0.000,0.000,-0.035,-0.094,0.0022,0.0021
calm,rot_on,14.90,0.0049,-0.0021,-0.0009,-0.001,0.000,0.000,-0.029,-0.092,0.0025,0.0012
calm,rot_on,14.95,0.0048,-0.0021,-0.0009,-0.001,0.000,0.000,-0.023,-0.089,0.0020,0.0005
light,rot_off,0.00,0.0000,0.0000,0.0000,0.000,0.000,0.000,0.890,1.619,0.0043,0.0008
light,rot_off,0.05,0.0000,0.0000,0.0000,0.000,0.000,0.000,0.901,1.621,0.0043,0.0013
light,rot_off,0.10,0.0000,0.0000,0.0000,0.000,0.000,0.000,0.910,1.623,0.0032,0.0009
light,rot_off,0.15,0.0000,0.0000,0.0000,0.000,0.000,0.000,0.918,1.623,0.0028,-0.0001
light,rot_off,0.20,0.0000,0.0000,0.0000,0.000,0.000,0.000,0.923,1.623,0.0018,0.0010
light,rot_off,0.25,0.0000,0.0000,0.0000,0.000,0.000,0.000,0.927,1.621,0.0013,-0.0007
light,rot_off,0.30,0.0000,0.0000,0.0000,0.000,0.000,0.000,0.927,1.619,-0.0000,-0.0006
light,rot_off,0.35,0.0000,0.0000,0.0000,0.000,0.000,0.000,0.924,1.615,-0.0014,-0.0012
light,rot_off,0.40,0.0000,0.0000,0.0000,0.000,0.000,0.000,0.919,1.610,-0.0026,-0.0016
light,rot_off,0.45,0.0000,0.0000,0.0000,0.000,0.000,0.000,0.913,1.604,-0.0019,-0.0026
light,rot_off,0.50,0.0000,0.0000,0.0000,0.000,0.000,0.000,0.903,1.597,-0.0040,-0.0021
light,rot_off,0.55,0.0000,0.0000,0.0000,0.000,0.000,0.000,0.893,1.590,-0.0040,-0.0024
light,rot_off,0.60,0.0000,0.0000,0.0000,0.000,0.000,0.000,0.881,1.583,-0.0043,-0.0010
light,rot_off,0.65,0.0000,0.0000,0.0000,0.000,0.000,0.000,0.869,1.578,-0.0052,-0.0014
light,rot_off,0.70,0.0000,0.0000,0.0000,0.000,0.000,0.000,0.854,1.576,-0.0057,-0.0003
light,rot_off,0.75,0.0000,0.0000,0.0000,0.000,0.000,0.000,0.839,1.573,-0.0056,0.0003
light,rot_off,0.80,0.0000,0.0000,0.0000,0.000,0.000,0.000,0.824,1.571,-0.0051,-0.0007
light,rot_off,0.85,0.0000,0.0000,0.0000,0.000,0.000,0.000,0.808,1.570,-0.0062,0.0002
light,rot_off,0.90,0.0000,0.0000,0.0000,0.000,0.000,0.000,0.791,1.567,-0.0062,-0.0011
light,rot_off,0.95,0.0000,0.0000,0.0000,0.000,0.000,0.000,0.774,1.563,-0.0075,-0.0029
light,rot_off,1.00,0.0000,0.0000,0.0000,0.000,0.000,0.000,0.759,1.555,-0.0049,-0.0028
light,rot_off,1.05,0.0000,0.0000,0.0000,0.000,0.000,0.000,0.743,1.546,-0.0043,-0.0036
light,rot_off,1.10,0.0000,0.0000,0.0000,0.000,0.000,0.000,0.731,1.533,-0.0036,-0.0044
light,rot_off,1.15,0.0000,0.0000,0.0000,0.000,0.000,0.000,0.722,1.518,-0.0016,-0.0058
light,rot_off,1.20,0.0000,0.0000,0.0000,0.000,0.000,0.000,0.714,1.500,-0.0027,-0.0056
light,rot_off,1.25,0.0000,0.0000,0.0000,0.000,0.000,0.000,0.710,1.484,-0.0012,-0.0060
light,rot_off,1.30,0.0000,0.0000,0.0000,0.000,0.000,0.000,0.707,1.465,-0.0009,-0.0057
light,rot_off,1.35,0.0000,0.0000,0.0000,0.000,0.000,0.000,0.706,1.448,-0.0010,-0.0054
light,rot_off,1.40,0.0000,0.0000,0.0000,0.000,0.000,0.000,0.706,1.428,0.0001,-0.0079
light,rot_off,1.45,0.0000,0.0000,0.0000,0.000,0.000,0.000,0.707,1.409,0.0012,-0.0065
light,rot_off,1.50,0.0000,0.0000,0.0000,0.000,0.000,0.000,0.709,1.386,0.0005,-0.0083
light,rot_off,1.55,0.0000,0.0000,0.0000,0.000,0.000,0.000,0.714,1.365,0.0019,-0.0081
light,rot_off,1.60,0.0000,0.0000,0.0000,0.000,0.000,0.000,0.718,1.341,0.0015,-0.0092
light,rot_off,1.65,0.0000,0.0000,0.0000,0.000,0.000,0.000,0.723,1.316,0.0011,-0.0101
light,rot_off,1.70,0.0000,0.0000,0.0000,0.000,0.000,0.000,0.728,1.288,0.0015,-0.0094
light,rot_off,1.75,0.0000,0.0000,0.0000,0.000,0.000,0.000,0.733,1.263,0.0022,-0.0094
light,rot_off,1.80,0.0000,0.0000,0.0000,0.000,0.000,0.000,0.739,1.235,0.0016,-0.0088
light,rot_off,1.85,0.0000,0.0000,0.0000,0.000,0.000,0.000,0.743,1.211,0.0011,-0.0098
light,rot_off,1.90,0.0000,0.0000,0.0000,0.000,0.000,0.000,0.747,1.184,0.0009,-0.0096
light,rot_off,1.95,0.0000,0.0000,0.0000,0.000,0.000,0.000,0.752,1.160,0.0020,-0.0086
light,rot_off,2.00,0.0000,0.0000,0.0000,0.000,0.000,0.000,0.756,1.136,0.0019,-0.0075
light,rot_off,2.05,0.0000,0.0000,0.0000,0.000,0.000,0.000,0.760,1.115,0.0012,-0.0068
light,rot_off,2.10,0.0000,0.0000,0.0000,0.000,0.000,0.000,0.765,1.097,0.0018,-0.0052
light,rot_off,2.15,0.0000,0.0000,0.0000,0.000,0.000,0.000,0.768,1.083,0.0007,-0.0043
light,rot_off,2.20,0.0000,0.0000,0.0000,0.000,0.000,0.000,0.771,1.072,0.0008,-0.0031
light,rot_off,2.25,0.0000,0.0000,0.0000,0.000,0.000,0.000,0.773,1.064,0.0013,-0.0024
light,rot_off,2.30,0.0000,0.0000,0.0000,0.000,0.000,0.000,0.774,1.057,0.0011,-0.0016
light,rot_off,2.35,0.0000,0.0000,0.0000,0.000,0.000,0.000,0.774,1.050,-0.0006,-0.0030
light,rot_off,2.40,0.0000,0.0000,0.0000,0.000,0.000,0.000,0.772,1.045,-0.0003,-0.0016
light,rot_off,2.45,0.0000,0.0000,0.0000,0.000,0.000,0.000,0.772,1.039,-0.0002,-0.0011
light,rot_off,2.50,0.0000,0.0000,0.0000,0.000,0.000,0.000,0.769,1.038,-0.0015,-0.0008
light,rot_off,2.55,0.0000,0.0000,0.0000,0.000,0.000,0.000,0.764,1.037,-0.0022,-0.0006
light,rot_off,2.60,0.0000,0.0000,0.0000,0.000,0.000,0.000,0.758,1.036,-0.0026,-0.0012
light,rot_off,2.65,0.0000,0.0000,0.0000,0.000,0.000,0.000,0.752,1.037,-0.0025,0.0006
light,rot_off,2.70,0.0000,0.0000,0.0000,0.000,0.000,0.000,0.744,1.038,-0.0031,0.0006
light,rot_off,2.75,0.0000,0.0000,0.0000,0.000,0.000,0.000,0.735,1.039,-0.0037,0.0004
light,rot_off,2.80,0.0000,0.0000,0.0000,0.000,0.000,0.000,0.727,1.040,-0.0035,-0.0003
light,rot_off,2.85,0.0000,0.0000,0.0000,0.000,0.000,0.000,0.719,1.042,-0.0031,-0.0001
light,rot_off,2.90,0.0000,0.0000,0.0000,0.000,0.000,0.000,0.711,1.042,-0.0037,-0.0014
light,rot_off,2.95,0.0000,0.0000,0.0000,0.000,0.000,0.000,0.704,1.042,-0.0043,-0.0007
light,rot_off,3.00,0.0000,0.0000,0.0000,0.000,0.000,0.000,0.694,1.042,-0.0045,-0.0010
light,rot_off,3.05,0.0000,0.0000,0.0000,0.000,0.000,0.000,0.684,1.041,-0.0047,0.0008
light,rot_off,3.10,0.0000,0.0000,0.0000,0.000,0.000,0.000,0.673,1.045,-0.0051,0.0010
light,rot_off,3.15,0.0000,0.0000,0.0000,0.000,0.000,0.000,0.661,1.048,-0.0062,0.0017
light,rot_off,3.20,0.0000,0.0000,0.0000,0.000,0.000,0.000,0.645,1.054,-0.0067,0.0021
light,rot_off,3.25,0.0000,0.0000,0.0000,0.000,0.000,0.000,0.629,1.060,-0.0067,0.0031
light,rot_off,3.30,0.0000,0.0000,0.0000,0.000,0.000,0.000,0.610,1.069,-0.0079,0.0028
light,rot_off,3.35,0.0000,0.0000,0.0000,0.000,0.000,0.000,0.591,1.077,-0.0071,0.0032
light,rot_off,3.40,0.0000,0.0000,0.0000,0.000,0.000,0.000,0.571,1.091,-0.0068,0.0041
light,rot_off,3.45,0.0000,0.0000,0.0000,0.000,0.000,0.000,0.556,1.104,-0.0048,0.0041
light,rot_off,3.50,0.0000,0.0000,0.0000,0.000,0.000,0.000,0.545,1.116,-0.0039,0.0054
light,rot_off,3.55,0.0000,0.0000,0.0000,0.000,0.000,0.000,0.537,1.130,-0.0023,0.0059
light,rot_off,3.60,0.0000,0.0000,0.0000,0.000,0.000,0.000,0.534,1.145,-0.0006,0.0052
light,rot_off,3.65,0.0000,0.0000,0.0000,0.000,0.000,0.000,0.535,1.160,0.0014,0.0055
light,rot_off,3.70,0.0000,0.0000,0.0000,0.000,0.000,0.000,0.542,1.174,0.0027,0.0050
light,rot_off,3.75,0.0000,0.0000,0.0000,0.000,0.000,0.000,0.553,1.188,0.0033,0.0039
light,rot_off,3.80,0.0000,0.0000,0.0000,0.000,0.000,0.000,0.567,1.200,0.0060,0.0039
light,rot_off,3.85,0.0000,0.0000,0.0000,0.000,0.000,0.000,0.583,1.212,0.0064,0.0033
light,rot_off,3.90,0.0000,0.0000,0.0000,0.000,0.000,0.000,0.602,1.223,0.0063,0.0035
light,rot_off,3.95,0.0000,0.0000,0.0000,0.000,0.000,0.000,0.618,1.231,0.0053,0.0018
light,rot_off,4.00,0.0000,0.0000,0.0000,0.000,0.000,0.000,0.635,1.239,0.0061,0.0022
light,rot_off,4.05,0.0000,0.0000,0.0000,0.000,0.000,0.000,0.650,1.244,0.0049,0.0022
light,rot_off,4.10,0.0000,0.0000,0.0000,0.000,0.000,0.000,0.664,1.252,0.0040,0.0022
light,rot_off,4.15,0.0000,0.0000,0.0000,0.000,0.000,0.000,0.675,1.260,0.0031,0.0038
light,rot_off,4.20,0.0000,0.0000,0.0000,0.000,0.000,0.000,0.683,1.269,0.0023,0.0039
light,rot_off,4.25,0.0000,0.0000,0.0000,0.000,0.000,0.000,0.688,1.280,0.0014,0.0053
light,rot_off,4.30,0.0000,0.0000,0.0000,0.000,0.000,0.000,0.694,1.296,0.0008,0.0066
light,rot_off,4.35,0.0000,0.0000,0.0000,0.000,0.000,0.000,0.697,1.312,-0.0004,0.0067
light,rot_off,4.40,0.0000,0.0000,0.0000,0.000,0.000,0.000,0.699,1.331,0.0000,0.0076
light,rot_off,4.45,0.0000,0.0000,0.0000,0.000,0.000,0.000,0.700,1.351,-0.0003,0.0080
light,rot_off,4.50,0.0000,0.0000,0.0000,0.000,0.000,0.000,0.700,1.374,-0.0007,0.0077
light,rot_off,4.55,0.0000,0.0000,0.0000,0.000,0.000,0.000,0.700,1.394,-0.0008,0.0085
light,rot_off,4.60,0.0000,0.0000,0.0000,0.000,0.000,0.000,0.700,1.414,-0.0019,0.0067
light,rot_off,4.65,0.0000,0.0000,0.0000,0.000,0.000,0.000,0.700,1.431,-0.0007,0.0062
light,rot_off,4.70,0.0000,0.0000,0.0000,0.000,0.000,0.000,0.701,1.449,-0.0002,0.0059
light,rot_off,4.75,0.0000,0.0000,0.0000,0.000,0.000,0.000,0.700,1.462,0.0004,0.0061
light,rot_off,4.80,0.0000,0.0000,0.0000,0.000,0.000,0.000,0.701,1.476,-0.0006,0.0055
light,rot_off,4.85,0.0000,0.0000,0.0000,0.000,0.000,0.000,0.702,1.489,-0.0004,0.0044
light,rot_off,4.90,0.0000,0.0000,0.0000,0.000,0.000,0.000,0.704,1.501,-0.0001,0.0039
light,rot_off,4.95,0.0000,0.0000,0.0000,0.000,0.000,0.000,0.709,1.512,0.0018,0.0049
light,rot_off,5.00,0.0000,0.0000,0.0000,0.000,0.000,0.000,0.715,1.525,0.0029,0.0052
light,rot_off,5.05,0.0000,0.0000,0.0000,0.000,0.000,0.000,0.721,1.536,0.0029,0.0048
light,rot_off,5.10,0.0000,0.0000,0.0000,0.000,0.000,0.000,0.732,1.549,0.0034,0.0044
light,rot_off,5.15,0.0000,0.0000,0.0000,0.000,0.000,0.000,0.744,1.564,0.0044,0.0059
light,rot_off,5.20,0.0000,0.0000,0.0000,0.000,0.000,0.000,0.758,1.579,0.0049,0.0056
light,rot_off,5.25,0.0000,0.0000,0.0000,0.000,0.000,0.000,0.775,1.592,0.0062,0.0039
light,rot_off,5.30,0.0000,0.0000,0.0000,0.000,0.000,0.000,0.796,1.604,0.0069,0.0044
light,rot_off,5.35,0.0000,0.0000,0.0000,0.000,0.000,0.000,0.815,1.612,0.0074,0.0037
light,rot_off,5.40,0.0000,0.0000,0.0000,0.000,0.000,0.000,0.840,1.619,0.0075,0.0024
light,rot_off,5.45,0.0000,0.0000,0.0000,0.000,0.000,0.000,0.860,1.625,0.0073,0.0016
light,rot_off,5.50,0.0000,0.0000,0.0000,0.000,0.000,0.000,0.883,1.628,0.0078,0.0009
light,rot_off,5.55,0.0000,0.0000,0.0000,0.000,0.000,0.000,0.904,1.629,0.0063,0.0002
light,rot_off,5.60,0.0000,0.0000,0.0000,0.000,0.000,0.000,0.923,1.627,0.0061,-0.0002
light,rot_off,5.65,0.0000,0.0000,0.0000,0.000,0.000,0.000,0.939,1.623,0.0038,-0.0021
light,rot_off,5.70,0.0000,0.0000,0.0000,0.000,0.000,0.000,0.952,1.614,0.0039,-0.0025
light,rot_off,5.75,0.0000,0.0000,0.0000,0.000,0.000,0.000,0.963,1.603,0.0029,-0.0039
light,rot_off,5.80,0.0000,0.0000,0.0000,0.000,0.000,0.000,0.973,1.591,0.0024,-0.0042
light,rot_off,5.85,0.0000,0.0000,0.0000,0.000,0.000,0.000,0.980,1.576,0.0020,-0.0057
light,rot_off,5.90,0.0000,0.0000,0.0000,0.000,0.000,0.000,0.984,1.558,0.0001,-0.0073
light,rot_off,5.95,0.0000,0.0000,0.0000,0.000,0.000,0.000,0.988,1.539,0.0005,-0.0073
light,rot_off,6.00,0.0000,0.0000,0.0000,0.000,0.000,0.000,0.988,1.516,-0.0012,-0.0082
light,rot_off,6.05,0.0000,0.0000,0.0000,0.000,0.000,0.000,0.986,1.493,-0.0022,-0.0083
light,rot_off,6.10,0.0000,0.0000,0.0000,0.000,0.000,0.000,0.982,1.465,-0.0017,-0.0099
light,rot_off,6.15,0.0000,0.0000,0.0000,0.000,0.000,0.000,0.978,1.439,-0.0010,-0.0094
light,rot_off,6.20,0.0000,0.0000,0.0000,0.000,0.000,0.000,0.973,1.408,-0.0023,-0.0100
light,rot_off,6.25,0.0000,0.0000,0.0000,0.000,0.000,0.000,0.969,1.378,-0.0021,-0.0099
light,rot_off,6.30,0.0000,0.0000,0.0000,0.000,0.000,0.000,0.966,1.346,-0.0028,-0.0105
light,rot_off,6.35,0.0000,0.0000,0.0000,0.000,0.000,0.000,0.963,1.319,-0.0010,-0.0092
light,rot_off,6.40,0.0000,0.0000,0.0000,0.000,0.000,0.000,0.958,1.291,-0.0026,-0.0087
light,rot_off,6.45,0.0000,0.0000,0.0000,0.000,0.000,0.000,0.954,1.265,-0.0022,-0.0083
light,rot_off,6.50,0.0000,0.0000,0.0000,0.000,0.000,0.000,0.947,1.240,-0.0028,-0.0081
light,rot_off,6.55,0.0000,0.0000,0.0000,0.000,0.000,0.000,0.940,1.221,-0.0025,-0.0057
light,rot_off,6.60,0.0000,0.0000,0.0000,0.000,0.000,0.000,0.934,1.201,-0.0029,-0.0057
light,rot_off,6.65,0.0000,0.0000,0.0000,0.000,0.000,0.000,0.927,1.187,-0.0032,-0.0045
light,rot_off,6.70,0.0000,0.0000,0.0000,0.000,0.000,0.000,0.923,1.173,-0.0011,-0.0046
light,rot_off,6.75,0.0000,0.0000,0.0000,0.000,0.000,0.000,0.919,1.164,-0.0022,-0.0029
light,rot_off,6.80,0.0000,0.0000,0.0000,0.000,0.000,0.000,0.914,1.155,-0.0016,-0.0020
light,rot_off,6.85,0.0000,0.0000,0.0000,0.000,0.000,0.000,0.910,1.149,-0.0017,-0.0027
light,rot_off,6.90,0.0000,0.0000,0.0000,0.000,0.000,0.000,0.906,1.144,-0.0019,-0.0014
light,rot_off,6.95,0.0000,0.0000,0.0000,0.000,0.000,0.000,0.903,1.140,-0.0016,-0.0010
light,rot_off,7.00,0.0000,0.0000,0.0000,0.000,0.000,0.000,0.901,1.136,-0.0012,-0.0020
light,rot_off,7.05,0.0000,0.0000,0.0000,0.000,0.000,0.000,0.897,1.133,-0.0011,-0.0026
light,rot_off,7.10,0.0000,0.0000,0.0000,0.000,0.000,0.000,0.893,1.129,-0.0010,-0.0024
light,rot_off,7.15,0.0000,0.0000,0.0000,0.000,0.000,0.000,0.890,1.124,-0.0017,-0.0024
light,rot_off,7.20,0.0000,0.0000,0.0000,0.000,0.000,0.000,0.889,1.115,-0.0009,-0.0037
light,rot_off,7.25,0.0000,0.0000,0.0000,0.000,0.000,0.000,0.887,1.107,-0.0010,-0.0028
light,rot_off,7.30,0.0000,0.0000,0.0000,0.000,0.000,0.000,0.886,1.095,-0.0006,-0.0053
light,rot_off,7.35,0.0000,0.0000,0.0000,0.000,0.000,0.000,0.884,1.083,-0.0010,-0.0062
light,rot_off,7.40,0.0000,0.0000,0.0000,0.000,0.000,0.000,0.882,1.069,-0.0011,-0.0055
light,rot_off,7.45,0.0000,0.0000,0.0000,0.000,0.000,0.000,0.882,1.056,-0.0009,-0.0056
light,rot_off,7.50,0.0000,0.0000,0.0000,0.000,0.000,0.000,0.881,1.041,-0.0004,-0.0052
light,rot_off,7.55,0.0000,0.0000,0.0000,0.000,0.000,0.000,0.881,1.028,0.0013,-0.0046
light,rot_off,7.60,0.0000,0.0000,0.0000,0.000,0.000,0.000,0.885,1.013,0.0001,-0.0052
light,rot_off,7.65,0.0000,0.0000,0.0000,0.000,0.000,0.000,0.888,1.003,0.0010,-0.0027
light,rot_off,7.70,0.0000,0.0000,0.0000,0.000,0.000,0.000,0.892,0.995,0.0020,-0.0019
light,rot_off,7.75,0.0000,0.0000,0.0000,0.000,0.000,0.000,0.899,0.991,0.0031,-0.0004
light,rot_off,7.80,0.0000,0.0000,0.0000,0.000,0.000,0.000,0.910,0.993,0.0050,0.0022
light,rot_off,7.85,0.0000,0.0000,0.0000,0.000,0.000,0.000,0.922,0.999,0.0049,0.0031
light,rot_off,7.90,0.0000,0.0000,0.0000,0.000,0.000,0.000,0.940,1.008,0.0077,0.0042
light,rot_off,7.95,0.0000,0.0000,0.0000,0.000,0.000,0.000,0.960,1.022,0.0085,0.0058
light,rot_off,8.00,0.0000,0.0000,0.0000,0.000,0.000,0.000,0.984,1.041,0.0090,0.0064
light,rot_off,8.05,0.0000,0.0000,0.0000,0.000,0.000,0.000,1.010,1.061,0.0101,0.0088
light,rot_off,8.10,0.0000,0.0000,0.0000,0.000,0.000,0.000,1.038,1.083,0.0090,0.0089
light,rot_off,8.15,0.0000,0.0000,0.0000,0.000,0.000,0.000,1.063,1.105,0.0079,0.0076
light,rot_off,8.20,0.0000,0.0000,0.0000,0.000,0.000,0.000,1.088,1.127,0.0077,0.0072
light,rot_off,8.25,0.0000,0.0000,0.0000,0.000,0.000,0.000,1.107,1.148,0.0063,0.0066
light,rot_off,8.30,0.0000,0.0000,0.0000,0.000,0.000,0.000,1.124,1.166,0.0046,0.0062
light,rot_off,8.35,0.0000,0.0000,0.0000,0.000,0.000,0.000,1.135,1.182,0.0033,0.0054
light,rot_off,8.40,0.0000,0.0000,0.0000,0.000,0.000,0.000,1.143,1.193,0.0011,0.0039
light,rot_off,8.45,0.0000,0.0000,0.0000,0.000,0.000,0.000,1.147,1.201,0.0009,0.0030
light,rot_off,8.50,0.0000,0.0000,0.0000,0.000,0.000,0.000,1.150,1.211,0.0003,0.0021
light,rot_off,8.55,0.0000,0.0000,0.0000,0.000,0.000,0.000,1.149,1.219,-0.0005,0.0036
light,rot_off,8.60,0.0000,0.0000,0.0000,0.000,0.000,0.000,1.145,1.228,-0.0026,0.0041
light,rot_off,8.65,0.0000,0.0000,0.0000,0.000,0.000,0.000,1.139,1.238,-0.0027,0.0035
light,rot_off,8.70,0.0000,0.0000,0.0000,0.000,0.000,0.000,1.130,1.250,-0.0033,0.0049
light,rot_off,8.75,0.0000,0.0000,0.0000,0.000,0.000,0.000,1.121,1.259,-0.0040,0.0041
light,rot_off,8.80,0.0000,0.0000,0.0000,0.000,0.000,0.000,1.106,1.271,-0.0065,0.0046
light,rot_off,8.85,0.0000,0.0000,0.0000,0.000,0.000,0.000,1.091,1.282,-0.0060,0.0037
light,rot_off,8.90,0.0000,0.0000,0.0000,0.000,0.000,0.000,1.072,1.293,-0.0074,0.0035
light,rot_off,8.95,0.0000,0.0000,0.0000,0.000,0.000,0.000,1.051,1.306,-0.0084,0.0051
light,rot_off,9.00,0.0000,0.0000,0.0000,0.000,0.000,0.000,1.027,1.318,-0.0090,0.0045
light,rot_off,9.05,0.0000,0.0000,0.0000,0.000,0.000,0.000,1.002,1.332,-0.0093,0.0055
light,rot_off,9.10,0.0000,0.0000,0.0000,0.000,0.000,0.000,0.976,1.346,-0.0088,0.0049
light,rot_off,9.15,0.0000,0.0000,0.0000,0.000,0.000,0.000,0.952,1.359,-0.0074,0.0045
light,rot_off,9.20,0.0000,0.0000,0.0000,0.000,0.000,0.000,0.926,1.370,-0.0095,0.0023
light,rot_off,9.25,0.0000,0.0000,0.0000,0.000,0.000,0.000,0.903,1.378,-0.0088,0.0023
light,rot_off,9.30,0.0000,0.0000,0.0000,0.000,0.000,0.000,0.881,1.380,-0.0073,-0.0002
light,rot_off,9.35,0.0000,0.0000,0.0000,0.000,0.000,0.000,0.864,1.381,-0.0054,-0.0012
light,rot_off,9.40,0.0000,0.0000,0.0000,0.000,0.000,0.000,0.849,1.376,-0.0051,-0.0039
light,rot_off,9.45,0.0000,0.0000,0.0000,0.000,0.000,0.000,0.836,1.370,-0.0042,-0.0039
light,rot_off,9.50,0.0000,0.0000,0.0000,0.000,0.000,0.000,0.825,1.360,-0.0048,-0.0025
light,rot_off,9.55,0.0000,0.0000,0.0000,0.000,0.000,0.000,0.816,1.349,-0.0033,-0.0049
light,rot_off,9.60,0.0000,0.0000,0.0000,0.000,0.000,0.000,0.808,1.338,-0.0031,-0.0037
light,rot_off,9.65,0.0000,0.0000,0.0000,0.000,0.000,0.000,0.799,1.330,-0.0037,-0.0023
light,rot_off,9.70,0.0000,0.0000,0.0000,0.000,0.000,0.000,0.790,1.322,-0.0046,-0.0026
light,rot_off,9.75,0.0000,0.0000,0.0000,0.000,0.000,0.000,0.783,1.320,-0.0027,-0.0008
light,rot_off,9.80,0.0000,0.0000,0.0000,0.000,0.000,0.000,0.776,1.319,-0.0030,-0.0000
light,rot_off,9.85,0.0000,0.0000,0.0000,0.000,0.000,0.000,0.773,1.320,-0.0007,0.0009
light,rot_off,9.90,0.0000,0.0000,0.0000,0.000,0.000,0.000,0.773,1.323,-0.0011,0.0010
light,rot_off,9.95,0.0000,0.0000,0.0000,0.000,0.000,0.000,0.773,1.325,0.0005,0.0017
light,rot_off,10.00,0.0000,0.0000,0.0000,0.000,0.000,0.000,0.775,1.330,0.0008,0.0031
light,rot_off,10.05,0.0000,0.0000,0.0000,0.000,0.000,0.000,0.780,1.337,-0.0001,0.0039
light,rot_off,10.10,0.0000,0.0000,0.0000,0.000,0.000,0.000,0.785,1.344,0.0015,0.0030
light,rot_off,10.15,0.0000,0.0000,0.0000,0.000,0.000,0.000,0.791,1.351,0.0021,0.0026
light,rot_off,10.20,0.0000,0.0000,0.0000,0.000,0.000,0.000,0.797,1.357,0.0008,0.0026
light,rot_off,10.25,0.0000,0.0000,0.0000,0.000,0.000,0.000,0.801,1.364,0.0017,0.0026
light,rot_off,10.30,0.0000,0.0000,0.0000,0.000,0.000,0.000,0.804,1.369,0.0006,0.0033
light,rot_off,10.35,0.0000,0.0000,0.0000,0.000,0.000,0.000,0.809,1.372,0.0013,0.0025
light,rot_off,10.40,0.0000,0.0000,0.0000,0.000,0.000,0.000,0.810,1.375,0.0004,0.0016
light,rot_off,10.45,0.0000,0.0000,0.0000,0.000,0.000,0.000,0.814,1.378,0.0009,0.0024
light,rot_off,10.50,0.0000,0.0000,0.0000,0.000,0.000,0.000,0.815,1.383,0.0006,0.0014
light,rot_off,10.55,0.0000,0.0000,0.0000,0.000,0.000,0.000,0.819,1.386,-0.0001,0.0021
light,rot_off,10.60,0.0000,0.0000,0.0000,0.000,0.000,0.000,0.819,1.389,-0.0012,0.0006
light,rot_off,10.65,0.0000,0.0000,0.0000,0.000,0.000,0.000,0.821,1.388,0.0000,0.0004
light,rot_off,10.70,0.0000,0.0000,0.0000,0.000,0.000,0.000,0.821,1.385,-0.0010,-0.0009
light,rot_off,10.75,0.0000,0.0000,0.0000,0.000,0.000,0.000,0.825,1.380,0.0005,-0.0021
light,rot_off,10.80,0.0000,0.0000,0.0000,0.000,0.000,0.000,0.826,1.376,0.0002,-0.0011
light,rot_off,10.85,0.0000,0.0000,0.0000,0.000,0.000,0.000,0.830,1.368,0.0006,-0.0032
light,rot_off,10.90,0.0000,0.0000,0.0000,0.000,0.000,0.000,0.836,1.358,0.0018,-0.0033
light,rot_off,10.95,0.0000,0.0000,0.0000,0.000,0.000,0.000,0.842,1.347,0.0019,-0.0046
light,rot_off,11.00,0.0000,0.0000,0.0000,0.000,0.000,0.000,0.852,1.334,0.0039,-0.0043
light,rot_off,11.05,0.0000,0.0000,0.0000,0.000,0.000,0.000,0.863,1.320,0.0025,-0.0043
light,rot_off,11.10,0.0000,0.0000,0.0000,0.000,0.000,0.000,0.877,1.307,0.0053,-0.0048
light,rot_off,11.15,0.0000,0.0000,0.0000,0.000,0.000,0.000,0.893,1.294,0.0050,-0.0056
light,rot_off,11.20,0.0000,0.0000,0.0000,0.000,0.000,0.000,0.911,1.279,0.0051,-0.0059
light,rot_off,11.25,0.0000,0.0000,0.0000,0.000,0.000,0.000,0.926,1.267,0.0057,-0.0045
light,rot_off,11.30,0.0000,0.0000,0.0000,0.000,0.000,0.000,0.941,1.250,0.0029,-0.0051
light,rot_off,11.35,0.0000,0.0000,0.0000,0.000,0.000,0.000,0.949,1.235,0.0028,-0.0055
light,rot_off,11.40,0.0000,0.0000,0.0000,0.000,0.000,0.000,0.955,1.219,0.0004,-0.0051
light,rot_off,11.45,0.0000,0.0000,0.0000,0.000,0.000,0.000,0.956,1.203,0.0003,-0.0055
light,rot_off,11.50,0.0000,0.0000,0.0000,0.000,0.000,0.000,0.957,1.189,-0.0004,-0.0046
light,rot_off,11.55,0.0000,0.0000,0.0000,0.000,0.000,0.000,0.954,1.176,-0.0021,-0.0044
light,rot_off,11.60,0.0000,0.0000,0.0000,0.000,0.000,0.000,0.954,1.164,-0.0008,-0.0044
light,rot_off,11.65,0.0000,0.0000,0.0000,0.000,0.000,0.000,0.952,1.155,-0.0013,-0.0024
light,rot_off,11.70,0.0000,0.0000,0.0000,0.000,0.000,0.000,0.951,1.145,-0.0007,-0.0027
light,rot_off,11.75,0.0000,0.0000,0.0000,0.000,0.000,0.000,0.950,1.137,-0.0014,-0.0025
light,rot_off,11.80,0.0000,0.0000,0.0000,0.000,0.000,0.000,0.951,1.131,-0.0006,-0.0020
light,rot_off,11.85,0.0000,0.0000,0.0000,0.000,0.000,0.000,0.954,1.127,0.0018,-0.0013
light,rot_off,11.90,0.0000,0.0000,0.0000,0.000,0.000,0.000,0.961,1.123,0.0017,0.0001
light,rot_off,11.95,0.0000,0.0000,0.0000,0.000,0.000,0.000,0.966,1.119,0.0021,-0.0017
light,rot_off,12.00,0.0000,0.0000,0.0000,0.000,0.000,0.000,0.974,1.115,0.0023,-0.0015
light,rot_off,12.05,0.0000,0.0000,0.0000,0.000,0.000,0.000,0.980,1.112,0.0030,-0.0001
light,rot_off,12.10,0.0000,0.0000,0.0000,0.000,0.000,0.000,0.988,1.108,0.0036,-0.0012
light,rot_off,12.15,0.0000,0.0000,0.0000,0.000,0.000,0.000,0.997,1.106,0.0028,-0.0005
light,rot_off,12.20,0.0000,0.0000,0.0000,0.000,0.000,0.000,1.010,1.104,0.0047,0.0006
light,rot_off,12.25,0.0000,0.0000,0.0000,0.000,0.000,0.000,1.021,1.104,0.0048,-0.0000
light,rot_off,12.30,0.0000,0.0000,0.0000,0.000,0.000,0.000,1.031,1.103,0.0031,0.0007
light,rot_off,12.35,0.0000,0.0000,0.0000,0.000,0.000,0.000,1.042,1.106,0.0023,0.0002
light,rot_off,12.40,0.0000,0.0000,0.0000,0.000,0.000,0.000,1.050,1.107,0.0023,0.0022
light,rot_off,12.45,0.0000,0.0000,0.0000,0.000,0.000,0.000,1.058,1.111,0.0027,0.0023
light,rot_off,12.50,0.0000,0.0000,0.0000,0.000,0.000,0.000,1.067,1.120,0.0021,0.0029
light,rot_off,12.55,0.0000,0.0000,0.0000,0.000,0.000,0.000,1.073,1.129,0.0023,0.0046
light,rot_off,12.60,0.0000,0.0000,0.0000,0.000,0.000,0.000,1.080,1.141,0.0014,0.0053
light,rot_off,12.65,0.0000,0.0000,0.0000,0.000,0.000,0.000,1.086,1.155,0.0027,0.0064
light,rot_off,12.70,0.0000,0.0000,0.0000,0.000,0.000,0.000,1.097,1.169,0.0035,0.0057
light,rot_off,12.75,0.0000,0.0000,0.0000,0.000,0.000,0.000,1.106,1.186,0.0034,0.0070
light,rot_off,12.80,0.0000,0.0000,0.0000,0.000,0.000,0.000,1.116,1.204,0.0028,0.0077
light,rot_off,12.85,0.0000,0.0000,0.0000,0.000,0.000,0.000,1.126,1.221,0.0034,0.0067
light,rot_off,12.90,0.0000,0.0000,0.0000,0.000,0.000,0.000,1.136,1.239,0.0018,0.0072
light,rot_off,12.95,0.0000,0.0000,0.0000,0.000,0.000,0.000,1.142,1.255,0.0012,0.0064
light,rot_off,13.00,0.0000,0.0000,0.0000,0.000,0.000,0.000,1.146,1.273,-0.0008,0.0068
light,rot_off,13.05,0.0000,0.0000,0.0000,0.000,0.000,0.000,1.143,1.289,-0.0017,0.0075
light,rot_off,13.10,0.0000,0.0000,0.0000,0.000,0.000,0.000,1.138,1.307,-0.0027,0.0064
light,rot_off,13.15,0.0000,0.0000,0.0000,0.000,0.000,0.000,1.132,1.323,-0.0033,0.0067
light,rot_off,13.20,0.0000,0.0000,0.0000,0.000,0.000,0.000,1.123,1.338,-0.0034,0.0053
light,rot_off,13.25,0.0000,0.0000,0.0000,0.000,0.000,0.000,1.115,1.347,-0.0038,0.0033
light,rot_off,13.30,0.0000,0.0000,0.0000,0.000,0.000,0.000,1.106,1.354,-0.0036,0.0020
light,rot_off,13.35,0.0000,0.0000,0.0000,0.000,0.000,0.000,1.097,1.358,-0.0043,0.0022
light,rot_off,13.40,0.0000,0.0000,0.0000,0.000,0.000,0.000,1.089,1.362,-0.0037,0.0019
light,rot_off,13.45,0.0000,0.0000,0.0000,0.000,0.000,0.000,1.078,1.365,-0.0042,0.0012
light,rot_off,13.50,0.0000,0.0000,0.0000,0.000,0.000,0.000,1.066,1.366,-0.0041,0.0016
light,rot_off,13.55,0.0000,0.0000,0.0000,0.000,0.000,0.000,1.056,1.367,-0.0036,-0.0005
light,rot_off,13.60,0.0000,0.0000,0.0000,0.000,0.000,0.000,1.047,1.365,-0.0034,-0.0005
light,rot_off,13.65,0.0000,0.0000,0.0000,0.000,0.000,0.000,1.041,1.362,-0.0020,-0.0013
light,rot_off,13.70,0.0000,0.0000,0.0000,0.000,0.000,0.000,1.038,1.355,-0.0010,-0.0028
light,rot_off,13.75,0.0000,0.0000,0.0000,0.000,0.000,0.000,1.038,1.347,0.0007,-0.0044
light,rot_off,13.80,0.0000,0.0000,0.0000,0.000,0.000,0.000,1.041,1.336,0.0019,-0.0035
light,rot_off,13.85,0.0000,0.0000,0.0000,0.000,0.000,0.000,1.047,1.324,0.0024,-0.0046
light,rot_off,13.90,0.0000,0.0000,0.0000,0.000,0.000,0.000,1.053,1.311,0.0019,-0.0045
light,rot_off,13.95,0.0000,0.0000,0.0000,0.000,0.000,0.000,1.059,1.296,0.0026,-0.0062
light,rot_off,14.00,0.0000,0.0000,0.0000,0.000,0.000,0.000,1.063,1.279,0.0010,-0.0058
light,rot_off,14.05,0.0000,0.0000,0.0000,0.000,0.000,0.000,1.068,1.259,0.0018,-0.0076
light,rot_off,14.10,0.0000,0.0000,0.0000,0.000,0.000,0.000,1.070,1.238,-0.0000,-0.0080
light,rot_off,14.15,0.0000,0.0000,0.0000,0.000,0.000,0.000,1.070,1.213,-0.0007,-0.0084
light,rot_off,14.20,0.0000,0.0000,0.0000,0.000,0.000,0.000,1.070,1.185,-0.0013,-0.0105
light,rot_off,14.25,0.0000,0.0000,0.0000,0.000,0.000,0.000,1.068,1.160,-0.0011,-0.0088
light,rot_off,14.30,0.0000,0.0000,0.0000,0.000,0.000,0.000,1.066,1.131,-0.0026,-0.0098
light,rot_off,14.35,0.0000,0.0000,0.0000,0.000,0.000,0.000,1.062,1.107,-0.0012,-0.0083
light,rot_off,14.40,0.0000,0.0000,0.0000,0.000,0.000,0.000,1.057,1.082,-0.0019,-0.0070
light,rot_off,14.45,0.0000,0.0000,0.0000,0.000,0.000,0.000,1.053,1.061,-0.0021,-0.0070
light,rot_off,14.50,0.0000,0.0000,0.0000,0.000,0.000,0.000,1.048,1.043,-0.0012,-0.0046
light,rot_off,14.55,0.0000,0.0000,0.0000,0.000,0.000,0.000,1.045,1.028,-0.0014,-0.0051
light,rot_off,14.60,0.0000,0.0000,0.0000,0.000,0.000,0.000,1.044,1.015,0.0002,-0.0037
light,rot_off,14.65,0.0000,0.0000,0.0000,0.000,0.000,0.000,1.045,1.006,0.0001,-0.0027
light,rot_off,14.70,0.0000,0.0000,0.0000,0.000,0.000,0.000,1.045,0.998,0.0006,-0.0013
light,rot_off,14.75,0.0000,0.0000,0.0000,0.000,0.000,0.000,1.050,0.993,0.0025,-0.0012
light,rot_off,14.80,0.0000,0.0000,0.0000,0.000,0.000,0.000,1.055,0.988,0.0018,-0.0020
light,rot_off,14.85,0.0000,0.0000,0.0000,0.000,0.000,0.000,1.061,0.983,0.0022,-0.0012
light,rot_off,14.90,0.0000,0.0000,0.0000,0.000,0.000,0.000,1.069,0.978,0.0033,-0.0023
light,rot_off,14.95,0.0000,0.0000,0.0000,0.000,0.000,0.000,1.078,0.973,0.0043,-0.0021
light,rot_on,0.00,0.0000,0.0000,0.0000,0.000,0.000,0.000,0.987,1.371,0.0179,0.0036
light,rot_on,0.05,0.0000,0.0000,0.0000,0.000,0.000,0.000,1.038,1.383,0.0171,0.0028
light,rot_on,0.10,0.0000,0.0000,0.0000,0.000,0.000,0.000,1.080,1.391,0.0149,0.0032
light,rot_on,0.15,0.0000,0.0000,0.0000,0.000,0.000,0.000,1.123,1.401,0.0135,0.0047
light,rot_on,0.20,0.0000,0.0000,0.0000,0.000,0.000,0.000,1.159,1.410,0.0130,0.0035
light,rot_on,0.25,0.0000,0.0000,0.0000,0.000,0.000,0.000,1.193,1.422,0.0104,0.0041
light,rot_on,0.30,0.0000,0.0000,0.0000,0.000,0.000,0.000,1.221,1.432,0.0085,0.0030
light,rot_on,0.35,0.0000,0.0000,0.0000,0.000,0.000,0.000,1.244,1.443,0.0068,0.0031
light,rot_on,0.40,0.0000,0.0000,0.0000,0.000,0.000,0.000,1.257,1.450,0.0046,0.0015
light,rot_on,0.45,0.0000,0.0000,0.0000,0.000,0.000,0.000,1.269,1.457,0.0029,0.0010
light,rot_on,0.50,0.0000,0.0000,0.0000,0.000,0.000,0.000,1.276,1.461,0.0015,0.0009
light,rot_on,0.55,0.0000,0.0000,0.0000,0.000,0.000,0.000,1.279,1.462,0.0005,0.0009
light,rot_on,0.60,0.0000,0.0000,0.0000,0.000,0.000,0.000,1.278,1.462,-0.0013,-0.0001
light,rot_on,0.65,0.0000,0.0000,0.0000,0.000,0.000,0.000,1.275,1.459,-0.0014,-0.0010
light,rot_on,0.70,0.0000,0.0000,0.0000,0.000,0.000,0.000,1.271,1.457,-0.0014,-0.0007
light,rot_on,0.75,0.0000,0.0000,0.0000,0.000,0.000,0.000,1.264,1.453,-0.0030,-0.0006
light,rot_on,0.80,0.0000,0.0000,0.0000,0.000,0.000,0.000,1.257,1.449,-0.0015,-0.0024
light,rot_on,0.85,0.0000,0.0000,0.0000,0.000,0.000,0.000,1.250,1.444,-0.0023,-0.0024
light,rot_on,0.90,0.0000,0.0000,0.0000,0.000,0.000,0.000,1.243,1.438,-0.0023,-0.0027
light,rot_on,0.95,0.0044,-0.0045,0.0001,-0.001,0.001,-0.000,1.234,1.430,-0.0031,-0.0041
light,rot_on,1.00,0.0041,-0.0041,0.0002,-0.001,0.001,-0.000,1.228,1.419,-0.0021,-0.0039
light,rot_on,1.05,0.0039,-0.0037,0.0002,-0.001,0.001,-0.000,1.216,1.415,-0.0048,-0.0004
light,rot_on,1.10,0.0031,-0.0039,0.0002,-0.001,0.001,-0.000,1.198,1.414,-0.0069,-0.0015
light,rot_on,1.15,0.0032,-0.0036,0.0002,-0.001,0.001,-0.000,1.181,1.408,-0.0047,-0.0029
light,rot_on,1.20,0.0027,-0.0037,0.0003,-0.001,0.001,-0.000,1.168,1.396,-0.0039,-0.0064
light,rot_on,1.25,0.0032,-0.0032,0.0002,-0.001,0.001,-0.000,1.161,1.378,-0.0013,-0.0071
light,rot_on,1.30,0.0024,-0.0033,0.0003,-0.000,0.001,-0.000,1.157,1.355,-0.0003,-0.0083
light,rot_on,1.35,0.0029,-0.0031,0.0002,-0.001,0.001,-0.000,1.159,1.330,0.0010,-0.0097
light,rot_on,1.40,0.0033,-0.0029,0.0002,-0.001,0.001,-0.000,1.161,1.306,0.0026,-0.0104
light,rot_on,1.45,0.0028,-0.0028,0.0002,-0.001,0.001,-0.000,1.165,1.281,0.0015,-0.0079
light,rot_on,1.50,0.0025,-0.0030,0.0002,-0.000,0.001,-0.000,1.169,1.256,0.0014,-0.0093
light,rot_on,1.55,0.0023,-0.0027,0.0002,-0.000,0.001,-0.000,1.172,1.232,0.0013,-0.0084
light,rot_on,1.60,0.0027,-0.0026,0.0002,-0.001,0.001,-0.000,1.174,1.209,0.0012,-0.0077
light,rot_on,1.65,0.0026,-0.0026,0.0002,-0.001,0.001,-0.000,1.176,1.187,0.0010,-0.0073
light,rot_on,1.70,0.0037,-0.0020,0.0002,-0.001,0.000,-0.000,1.178,1.169,0.0006,-0.0062
light,rot_on,1.75,0.0049,-0.0014,0.0002,-0.001,0.000,-0.000,1.178,1.151,0.0003,-0.0054
light,rot_on,1.80,0.0059,-0.0008,0.0002,-0.001,0.000,-0.000,1.178,1.139,0.0015,-0.0046
light,rot_on,1.85,0.0072,-0.0003,0.0002,-0.001,0.000,-0.000,1.176,1.125,-0.0006,-0.0045
light,rot_on,1.90,0.0090,0.0005,0.0001,-0.002,-0.000,-0.000,1.172,1.116,-0.0017,-0.0028
light,rot_on,1.95,0.0107,0.0010,0.0001,-0.002,-0.000,-0.000,1.164,1.107,-0.0026,-0.0020
light,rot_on,2.00,0.0116,0.0015,0.0001,-0.002,-0.000,-0.000,1.156,1.102,-0.0031,-0.0011
light,rot_on,2.05,0.0129,0.0020,0.0001,-0.003,-0.000,-0.000,1.143,1.098,-0.0046,-0.0003
light,rot_on,2.10,0.0143,0.0025,0.0001,-0.003,-0.000,-0.000,1.126,1.099,-0.0064,0.0008
light,rot_on,2.15,0.0160,0.0029,0.0001,-0.003,-0.001,-0.000,1.108,1.102,-0.0061,0.0013
light,rot_on,2.20,0.0174,0.0034,0.0001,-0.003,-0.001,-0.000,1.091,1.105,-0.0055,0.0010
light,rot_on,2.25,0.0188,0.0038,0.0000,-0.004,-0.001,-0.000,1.074,1.112,-0.0056,0.0019
light,rot_on,2.30,0.0199,0.0041,0.0000,-0.004,-0.001,-0.000,1.061,1.118,-0.0041,0.0019
light,rot_on,2.35,0.0213,0.0044,-0.0000,-0.004,-0.001,0.000,1.050,1.123,-0.0022,0.0017
light,rot_on,2.40,0.0220,0.0045,-0.0000,-0.004,-0.001,0.000,1.040,1.127,-0.0031,0.0000
light,rot_on,2.45,0.0229,0.0048,-0.0001,-0.005,-0.001,0.000,1.034,1.132,-0.0022,0.0011
light,rot_on,2.50,0.0235,0.0047,-0.0001,-0.005,-0.001,0.000,1.030,1.136,-0.0011,0.0007
light,rot_on,2.55,0.0239,0.0047,-0.0001,-0.005,-0.001,0.000,1.027,1.143,-0.0009,0.0027
light,rot_on,2.60,0.0238,0.0043,-0.0001,-0.005,-0.001,0.000,1.026,1.150,0.0000,0.0019
light,rot_on,2.65,0.0236,0.0041,-0.0001,-0.005,-0.001,0.000,1.026,1.159,0.0005,0.0033
light,rot_on,2.70,0.0228,0.0035,-0.0001,-0.005,-0.001,0.000,1.027,1.168,-0.0012,0.0030
light,rot_on,2.75,0.0229,0.0032,-0.0002,-0.005,-0.001,0.000,1.028,1.180,0.0002,0.0045
light,rot_on,2.80,0.0214,0.0023,-0.0002,-0.004,-0.000,0.000,1.031,1.193,0.0005,0.0039
light,rot_on,2.85,0.0205,0.0018,-0.0002,-0.004,-0.000,0.000,1.030,1.208,-0.0014,0.0063
light,rot_on,2.90,0.0194,0.0008,-0.0002,-0.004,-0.000,0.000,1.030,1.223,-0.0015,0.0058
light,rot_on,2.95,0.0178,0.0001,-0.0002,-0.004,-0.000,0.000,1.026,1.244,-0.0028,0.0081
light,rot_on,3.00,0.0164,-0.0009,-0.0002,-0.003,0.000,0.000,1.017,1.265,-0.0044,0.0082
light,rot_on,3.05,0.0148,-0.0018,-0.0003,-0.003,0.000,0.000,1.003,1.290,-0.0066,0.0093
light,rot_on,3.10,0.0130,-0.0028,-0.0003,-0.003,0.001,0.000,0.983,1.316,-0.0089,0.0101
light,rot_on,3.15,0.0113,-0.0038,-0.0003,-0.002,0.001,0.000,0.959,1.346,-0.0112,0.0108
light,rot_on,3.20,0.0099,-0.0048,-0.0003,-0.002,0.001,0.000,0.931,1.374,-0.0116,0.0107
light,rot_on,3.25,0.0086,-0.0056,-0.0003,-0.002,0.001,0.000,0.896,1.407,-0.0129,0.0123
light,rot_on,3.30,0.0070,-0.0066,-0.0003,-0.001,0.001,0.000,0.861,1.436,-0.0145,0.0114
light,rot_on,3.35,0.0072,-0.0066,-0.0003,-0.001,0.001,0.000,0.821,1.468,-0.0149,0.0105
light,rot_on,3.40,0.0072,-0.0066,-0.0003,-0.001,0.001,0.000,0.783,1.496,-0.0144,0.0112
light,rot_on,3.45,0.0073,-0.0067,-0.0003,-0.001,0.001,0.000,0.743,1.522,-0.0132,0.0069
light,rot_on,3.50,0.0073,-0.0062,-0.0003,-0.001,0.001,0.000,0.706,1.539,-0.0138,0.0056
light,rot_on,3.55,0.0072,-0.0061,-0.0003,-0.001,0.001,0.000,0.664,1.548,-0.0136,0.0026
light,rot_on,3.60,0.0074,-0.0057,-0.0002,-0.001,0.001,0.000,0.629,1.550,-0.0127,0.0002
light,rot_on,3.65,0.0069,-0.0055,-0.0002,-0.001,0.001,0.000,0.594,1.544,-0.0102,-0.0022
light,rot_on,3.70,0.0066,-0.0052,-0.0002,-0.001,0.001,0.000,0.566,1.533,-0.0097,-0.0047
light,rot_on,3.75,0.0074,-0.0047,-0.0002,-0.001,0.001,0.000,0.544,1.517,-0.0065,-0.0053
light,rot_on,3.80,0.0073,-0.0046,-0.0002,-0.001,0.001,0.000,0.532,1.500,-0.0038,-0.0069
light,rot_on,3.85,0.0066,-0.0044,-0.0002,-0.001,0.001,0.000,0.524,1.477,-0.0028,-0.0075
light,rot_on,3.90,0.0063,-0.0043,-0.0002,-0.001,0.001,0.000,0.519,1.455,-0.0017,-0.0094
light,rot_on,3.95,0.0061,-0.0041,-0.0002,-0.001,0.001,0.000,0.521,1.429,-0.0003,-0.0083
light,rot_on,4.00,0.0059,-0.0043,-0.0002,-0.001,0.001,0.000,0.525,1.405,0.0027,-0.0106
light,rot_on,4.05,0.0051,-0.0042,-0.0002,-0.001,0.001,0.000,0.535,1.376,0.0035,-0.0098
light,rot_on,4.10,0.0052,-0.0042,-0.0002,-0.001,0.001,0.000,0.546,1.348,0.0036,-0.0100
light,rot_on,4.15,0.0050,-0.0044,-0.0002,-0.001,0.001,0.000,0.558,1.314,0.0032,-0.0109
light,rot_on,4.20,0.0055,-0.0043,-0.0002,-0.001,0.001,0.000,0.572,1.289,0.0055,-0.0094
light,rot_on,4.25,0.0055,-0.0045,-0.0002,-0.001,0.001,0.000,0.585,1.261,0.0039,-0.0094
light,rot_on,4.30,0.0061,-0.0043,-0.0002,-0.001,0.001,0.000,0.596,1.240,0.0037,-0.0059
light,rot_on,4.35,0.0063,-0.0047,-0.0003,-0.001,0.001,0.000,0.608,1.221,0.0036,-0.0066
light,rot_on,4.40,0.0057,-0.0045,-0.0003,-0.001,0.001,0.000,0.617,1.205,0.0024,-0.0051
light,rot_on,4.45,0.0058,-0.0046,-0.0003,-0.001,0.001,0.000,0.625,1.192,0.0029,-0.0047
light,rot_on,4.50,0.0057,-0.0048,-0.0003,-0.001,0.001,0.000,0.634,1.182,0.0025,-0.0042
light,rot_on,4.55,0.0067,-0.0045,-0.0004,-0.001,0.001,0.000,0.644,1.172,0.0031,-0.0023
light,rot_on,4.60,0.0088,-0.0037,-0.0004,-0.002,0.001,0.000,0.656,1.169,0.0039,-0.0008
light,rot_on,4.65,0.0105,-0.0031,-0.0004,-0.002,0.001,0.000,0.667,1.165,0.0033,-0.0014
light,rot_on,4.70,0.0125,-0.0021,-0.0005,-0.003,0.000,0.000,0.675,1.163,0.0038,-0.0010
light,rot_on,4.75,0.0148,-0.0012,-0.0005,-0.003,0.000,0.000,0.680,1.160,0.0019,-0.0002
light,rot_on,4.80,0.0167,-0.0003,-0.0005,-0.003,0.000,0.000,0.684,1.158,0.0016,0.0006
light,rot_on,4.85,0.0188,0.0006,-0.0005,-0.004,-0.000,0.000,0.689,1.157,0.0025,0.0002
light,rot_on,4.90,0.0209,0.0016,-0.0005,-0.004,-0.000,0.000,0.698,1.155,0.0063,-0.0009
light,rot_on,4.95,0.0224,0.0025,-0.0005,-0.004,-0.000,0.000,0.714,1.154,0.0073,-0.0012
light,rot_on,5.00,0.0245,0.0034,-0.0005,-0.005,-0.001,0.000,0.734,1.152,0.0094,-0.0008
light,rot_on,5.05,0.0266,0.0042,-0.0005,-0.005,-0.001,0.000,0.765,1.149,0.0117,-0.0010
light,rot_on,5.10,0.0280,0.0048,-0.0005,-0.006,-0.001,0.000,0.800,1.146,0.0145,-0.0004
light,rot_on,5.15,0.0296,0.0053,-0.0005,-0.006,-0.001,0.000,0.844,1.146,0.0170,0.0008
light,rot_on,5.20,0.0302,0.0050,-0.0005,-0.006,-0.001,0.000,0.890,1.146,0.0188,-0.0002
light,rot_on,5.25,0.0301,0.0049,-0.0005,-0.006,-0.001,0.000,0.943,1.148,0.0197,0.0009
light,rot_on,5.30,0.0308,0.0047,-0.0005,-0.006,-0.001,0.000,0.997,1.153,0.0206,0.0021
light,rot_on,5.35,0.0308,0.0045,-0.0005,-0.006,-0.001,0.000,1.057,1.162,0.0206,0.0040
light,rot_on,5.40,0.0310,0.0042,-0.0005,-0.006,-0.001,0.000,1.115,1.170,0.0206,0.0035
light,rot_on,5.45,0.0311,0.0040,-0.0005,-0.006,-0.001,0.000,1.178,1.179,0.0209,0.0034
light,rot_on,5.50,0.0310,0.0037,-0.0004,-0.006,-0.001,0.000,1.232,1.187,0.0194,0.0033
light,rot_on,5.55,0.0309,0.0033,-0.0004,-0.006,-0.001,0.000,1.289,1.197,0.0195,0.0022
light,rot_on,5.60,0.0300,0.0027,-0.0004,-0.006,-0.001,0.000,1.336,1.205,0.0155,0.0030
light,rot_on,5.65,0.0286,0.0019,-0.0003,-0.006,-0.000,0.000,1.380,1.213,0.0139,0.0033
light,rot_on,5.70,0.0273,0.0011,-0.0003,-0.005,-0.000,0.000,1.414,1.222,0.0116,0.0029
light,rot_on,5.75,0.0267,0.0006,-0.0003,-0.005,-0.000,0.000,1.448,1.231,0.0096,0.0023
light,rot_on,5.80,0.0260,0.0003,-0.0002,-0.005,-0.000,0.000,1.476,1.240,0.0099,0.0029
light,rot_on,5.85,0.0250,0.0001,-0.0002,-0.005,-0.000,0.000,1.505,1.248,0.0084,0.0024
light,rot_on,5.90,0.0239,-0.0002,-0.0001,-0.005,0.000,0.000,1.523,1.256,0.0041,0.0034
light,rot_on,5.95,0.0231,-0.0006,-0.0001,-0.005,0.000,0.000,1.538,1.264,0.0026,0.0028
light,rot_on,6.00,0.0219,-0.0008,-0.0001,-0.004,0.000,0.000,1.544,1.271,0.0013,0.0023
light,rot_on,6.05,0.0202,-0.0010,-0.0000,-0.004,0.000,0.000,1.541,1.277,-0.0023,0.0035
light,rot_on,6.10,0.0185,-0.0014,0.0000,-0.004,0.000,-0.000,1.532,1.285,-0.0047,0.0039
light,rot_on,6.15,0.0171,-0.0016,0.0001,-0.003,0.000,-0.000,1.516,1.293,-0.0071,0.0030
light,rot_on,6.20,0.0163,-0.0019,0.0001,-0.003,0.000,-0.000,1.497,1.302,-0.0091,0.0023
light,rot_on,6.25,0.0151,-0.0019,0.0001,-0.003,0.000,-0.000,1.472,1.311,-0.0084,0.0032
light,rot_on,6.30,0.0135,-0.0022,0.0002,-0.003,0.000,-0.000,1.449,1.319,-0.0091,0.0027
light,rot_on,6.35,0.0125,-0.0022,0.0002,-0.003,0.000,-0.000,1.420,1.323,-0.0092,0.0016
light,rot_on,6.40,0.0114,-0.0023,0.0003,-0.002,0.000,-0.000,1.393,1.324,-0.0093,0.0006
light,rot_on,6.45,0.0102,-0.0024,0.0003,-0.002,0.000,-0.000,1.366,1.320,-0.0108,-0.0031
light,rot_on,6.50,0.0102,-0.0019,0.0003,-0.002,0.000,-0.000,1.337,1.313,-0.0113,-0.0025
light,rot_on,6.55,0.0093,-0.0020,0.0003,-0.002,0.000,-0.000,1.302,1.302,-0.0123,-0.0059
light,rot_on,6.60,0.0084,-0.0016,0.0004,-0.002,0.000,-0.000,1.266,1.289,-0.0135,-0.0055
light,rot_on,6.65,0.0081,-0.0014,0.0004,-0.002,0.000,-0.000,1.225,1.270,-0.0151,-0.0070
light,rot_on,6.70,0.0074,-0.0012,0.0004,-0.001,0.000,-0.000,1.186,1.251,-0.0141,-0.0089
light,rot_on,6.75,0.0066,-0.0008,0.0004,-0.001,0.000,-0.000,1.143,1.226,-0.0155,-0.0098
light,rot_on,6.80,0.0072,-0.0003,0.0004,-0.001,0.000,-0.000,1.103,1.202,-0.0154,-0.0089
light,rot_on,6.85,0.0068,0.0000,0.0004,-0.001,-0.000,-0.000,1.061,1.177,-0.0155,-0.0090
light,rot_on,6.90,0.0075,0.0006,0.0003,-0.001,-0.000,-0.000,1.022,1.154,-0.0149,-0.0081
light,rot_on,6.95,0.0077,0.0011,0.0003,-0.002,-0.000,-0.000,0.980,1.130,-0.0154,-0.0070
light,rot_on,7.00,0.0079,0.0009,0.0003,-0.002,-0.000,-0.000,0.941,1.112,-0.0153,-0.0065
light,rot_on,7.05,0.0084,0.0009,0.0003,-0.002,-0.000,-0.000,0.896,1.094,-0.0156,-0.0047
light,rot_on,7.10,0.0096,0.0009,0.0003,-0.002,-0.000,-0.000,0.856,1.083,-0.0144,-0.0037
light,rot_on,7.15,0.0103,0.0006,0.0002,-0.002,-0.000,-0.000,0.815,1.076,-0.0139,-0.0021
light,rot_on,7.20,0.0105,0.0002,0.0002,-0.002,-0.000,-0.000,0.781,1.072,-0.0136,-0.0006
light,rot_on,7.25,0.0117,-0.0001,0.0002,-0.002,0.000,-0.000,0.745,1.074,-0.0110,0.0012
light,rot_on,7.30,0.0124,-0.0004,0.0002,-0.002,0.000,-0.000,0.717,1.082,-0.0093,0.0030
light,rot_on,7.35,0.0140,-0.0006,0.0001,-0.003,0.000,-0.000,0.694,1.093,-0.0063,0.0047
light,rot_on,7.40,0.0152,-0.0007,0.0000,-0.003,0.000,-0.000,0.679,1.104,-0.0031,0.0044
light,rot_on,7.45,0.0160,-0.0008,-0.0000,-0.003,0.000,0.000,0.671,1.119,-0.0026,0.0053
light,rot_on,7.50,0.0175,-0.0007,-0.0001,-0.003,0.000,0.000,0.666,1.131,-0.0012,0.0051
light,rot_on,7.55,0.0191,-0.0006,-0.0002,-0.004,0.000,0.000,0.669,1.145,0.0023,0.0043
light,rot_on,7.60,0.0194,-0.0006,-0.0002,-0.004,0.000,0.000,0.672,1.155,0.0015,0.0045
light,rot_on,7.65,0.0206,-0.0005,-0.0003,-0.004,0.000,0.000,0.678,1.167,0.0022,0.0030
light,rot_on,7.70,0.0216,-0.0002,-0.0003,-0.004,0.000,0.000,0.687,1.176,0.0030,0.0040
light,rot_on,7.75,0.0225,-0.0002,-0.0004,-0.005,0.000,0.000,0.700,1.188,0.0050,0.0040
light,rot_on,7.80,0.0227,-0.0000,-0.0004,-0.005,0.000,0.000,0.713,1.199,0.0041,0.0046
light,rot_on,7.85,0.0229,-0.0001,-0.0005,-0.005,0.000,0.000,0.729,1.211,0.0053,0.0037
light,rot_on,7.90,0.0229,0.0001,-0.0005,-0.005,-0.000,0.000,0.747,1.220,0.0071,0.0041
light,rot_on,7.95,0.0233,-0.0002,-0.0006,-0.005,0.000,0.000,0.774,1.232,0.0086,0.0041
light,rot_on,8.00,0.0231,-0.0007,-0.0006,-0.005,0.000,0.000,0.799,1.240,0.0113,0.0044
light,rot_on,8.05,0.0221,-0.0014,-0.0006,-0.004,0.000,0.000,0.832,1.250,0.0111,0.0030
light,rot_on,8.10,0.0217,-0.0017,-0.0006,-0.004,0.000,0.000,0.866,1.260,0.0136,0.0044
light,rot_on,8.15,0.0217,-0.0022,-0.0006,-0.004,0.000,0.000,0.906,1.274,0.0152,0.0050
light,rot_on,8.20,0.0209,-0.0028,-0.0006,-0.004,0.001,0.000,0.946,1.285,0.0153,0.0038
light,rot_on,8.25,0.0205,-0.0031,-0.0006,-0.004,0.001,0.000,0.991,1.298,0.0143,0.0046
light,rot_on,8.30,0.0195,-0.0037,-0.0006,-0.004,0.001,0.000,1.030,1.312,0.0133,0.0051
light,rot_on,8.35,0.0188,-0.0042,-0.0005,-0.004,0.001,0.000,1.069,1.330,0.0117,0.0065
light,rot_on,8.40,0.0182,-0.0048,-0.0005,-0.004,0.001,0.000,1.100,1.344,0.0094,0.0060
light,rot_on,8.45,0.0166,-0.0054,-0.0005,-0.003,0.001,0.000,1.127,1.360,0.0073,0.0065
light,rot_on,8.50,0.0158,-0.0060,-0.0004,-0.003,0.001,0.000,1.146,1.373,0.0056,0.0043
light,rot_on,8.55,0.0152,-0.0063,-0.0004,-0.003,0.001,0.000,1.161,1.389,0.0038,0.0041
light,rot_on,8.60,0.0144,-0.0066,-0.0004,-0.003,0.001,0.000,1.170,1.402,0.0024,0.0056
light,rot_on,8.65,0.0125,-0.0073,-0.0003,-0.002,0.001,0.000,1.173,1.412,-0.0013,0.0034
light,rot_on,8.70,0.0112,-0.0075,-0.0003,-0.002,0.001,0.000,1.169,1.421,-0.0035,0.0025
light,rot_on,8.75,0.0103,-0.0077,-0.0002,-0.002,0.002,0.000,1.161,1.426,-0.0027,0.0029
light,rot_on,8.80,0.0091,-0.0080,-0.0002,-0.002,0.002,0.000,1.155,1.431,-0.0031,0.0007
light,rot_on,8.85,0.0090,-0.0076,-0.0001,-0.002,0.002,0.000,1.146,1.431,-0.0042,-0.0010
light,rot_on,8.90,0.0090,-0.0073,-0.0001,-0.002,0.001,0.000,1.136,1.428,-0.0036,-0.0026
light,rot_on,8.95,0.0086,-0.0068,-0.0001,-0.002,0.001,0.000,1.123,1.418,-0.0048,-0.0033
light,rot_on,9.00,0.0079,-0.0064,-0.0000,-0.002,0.001,0.000,1.107,1.407,-0.0068,-0.0047
light,rot_on,9.05,0.0068,-0.0061,0.0001,-0.001,0.001,-0.000,1.086,1.387,-0.0080,-0.0078
light,rot_on,9.10,0.0063,-0.0053,0.0001,-0.001,0.001,-0.000,1.063,1.366,-0.0084,-0.0066
light,rot_on,9.15,0.0064,-0.0051,0.0001,-0.001,0.001,-0.000,1.044,1.342,-0.0064,-0.0087
light,rot_on,9.20,0.0058,-0.0046,0.0001,-0.001,0.001,-0.000,1.026,1.321,-0.0066,-0.0070
light,rot_on,9.25,0.0054,-0.0045,0.0001,-0.001,0.001,-0.000,1.007,1.300,-0.0060,-0.0061
light,rot_on,9.30,0.0055,-0.0040,0.0001,-0.001,0.001,-0.000,0.990,1.282,-0.0062,-0.0061
light,rot_on,9.35,0.0058,-0.0035,0.0001,-0.001,0.001,-0.000,0.973,1.265,-0.0055,-0.0047
light,rot_on,9.40,0.0062,-0.0031,0.0001,-0.001,0.001,-0.000,0.959,1.251,-0.0063,-0.0044
light,rot_on,9.45,0.0065,-0.0027,0.0002,-0.001,0.001,-0.000,0.944,1.239,-0.0065,-0.0036
light,rot_on,9.50,0.0073,-0.0024,0.0001,-0.001,0.000,-0.000,0.928,1.228,-0.0057,-0.0035
light,rot_on,9.55,0.0076,-0.0021,0.0001,-0.002,0.000,-0.000,0.909,1.220,-0.0066,-0.0015
light,rot_on,9.60,0.0084,-0.0019,0.0001,-0.002,0.000,-0.000,0.892,1.215,-0.0061,-0.0014
light,rot_on,9.65,0.0093,-0.0015,0.0001,-0.002,0.000,-0.000,0.874,1.208,-0.0067,-0.0023
light,rot_on,9.70,0.0105,-0.0011,0.0001,-0.002,0.000,-0.000,0.860,1.202,-0.0051,-0.0025
light,rot_on,9.75,0.0119,-0.0009,0.0000,-0.002,0.000,-0.000,0.847,1.195,-0.0039,-0.0031
light,rot_on,9.80,0.0128,-0.0004,0.0000,-0.003,0.000,-0.000,0.835,1.190,-0.0036,-0.0017
light,rot_on,9.85,0.0134,-0.0003,0.0000,-0.003,0.000,-0.000,0.824,1.181,-0.0038,-0.0036
light,rot_on,9.90,0.0146,0.0004,-0.0000,-0.003,-0.000,0.000,0.816,1.175,-0.0029,-0.0019
light,rot_on,9.95,0.0158,0.0007,-0.0001,-0.003,-0.000,0.000,0.811,1.167,-0.0023,-0.0036
light,rot_on,10.00,0.0166,0.0012,-0.0001,-0.003,-0.000,0.000,0.809,1.158,0.0002,-0.0033
light,rot_on,10.05,0.0177,0.0016,-0.0001,-0.004,-0.000,0.000,0.811,1.145,0.0003,-0.0037
light,rot_on,10.10,0.0190,0.0019,-0.0002,-0.004,-0.000,0.000,0.815,1.132,0.0029,-0.0056
light,rot_on,10.15,0.0195,0.0024,-0.0002,-0.004,-0.000,0.000,0.823,1.118,0.0025,-0.0043
light,rot_on,10.20,0.0204,0.0025,-0.0002,-0.004,-0.001,0.000,0.835,1.104,0.0046,-0.0052
light,rot_on,10.25,0.0211,0.0029,-0.0003,-0.004,-0.001,0.000,0.849,1.089,0.0050,-0.0057
light,rot_on,10.30,0.0219,0.0033,-0.0003,-0.004,-0.001,0.000,0.864,1.077,0.0054,-0.0034
light,rot_on,10.35,0.0224,0.0033,-0.0003,-0.004,-0.001,0.000,0.882,1.067,0.0059,-0.0023
light,rot_on,10.40,0.0227,0.0034,-0.0003,-0.005,-0.001,0.000,0.900,1.059,0.0058,-0.0029
light,rot_on,10.45,0.0235,0.0036,-0.0004,-0.005,-0.001,0.000,0.920,1.052,0.0081,-0.0013
light,rot_on,10.50,0.0238,0.0036,-0.0004,-0.005,-0.001,0.000,0.936,1.047,0.0060,-0.0014
light,rot_on,10.55,0.0240,0.0037,-0.0004,-0.005,-0.001,0.000,0.956,1.047,0.0060,0.0004
light,rot_on,10.60,0.0250,0.0037,-0.0004,-0.005,-0.001,0.000,0.972,1.049,0.0065,0.0015
light,rot_on,10.65,0.0255,0.0037,-0.0004,-0.005,-0.001,0.000,0.989,1.056,0.0060,0.0032
light,rot_on,10.70,0.0259,0.0036,-0.0004,-0.005,-0.001,0.000,1.005,1.066,0.0060,0.0047
light,rot_on,10.75,0.0265,0.0035,-0.0004,-0.005,-0.001,0.000,1.021,1.082,0.0056,0.0057
light,rot_on,10.80,0.0271,0.0035,-0.0005,-0.005,-0.001,0.000,1.036,1.100,0.0052,0.0072
light,rot_on,10.85,0.0278,0.0033,-0.0005,-0.006,-0.001,0.000,1.052,1.120,0.0041,0.0079
light,rot_on,10.90,0.0278,0.0031,-0.0004,-0.006,-0.001,0.000,1.065,1.144,0.0046,0.0089
light,rot_on,10.95,0.0279,0.0028,-0.0004,-0.006,-0.001,0.000,1.078,1.167,0.0049,0.0096
light,rot_on,11.00,0.0282,0.0025,-0.0004,-0.006,-0.000,0.000,1.089,1.192,0.0038,0.0101
light,rot_on,11.05,0.0287,0.0021,-0.0005,-0.006,-0.000,0.000,1.099,1.217,0.0031,0.0093
light,rot_on,11.10,0.0287,0.0018,-0.0004,-0.006,-0.000,0.000,1.108,1.242,0.0034,0.0099
light,rot_on,11.15,0.0284,0.0013,-0.0004,-0.006,-0.000,0.000,1.116,1.270,0.0026,0.0101
light,rot_on,11.20,0.0276,0.0007,-0.0004,-0.006,-0.000,0.000,1.122,1.294,0.0027,0.0088
light,rot_on,11.25,0.0272,0.0002,-0.0004,-0.005,-0.000,0.000,1.130,1.321,0.0037,0.0092
light,rot_on,11.30,0.0268,-0.0004,-0.0004,-0.005,0.000,0.000,1.139,1.345,0.0028,0.0088
light,rot_on,11.35,0.0259,-0.0010,-0.0004,-0.005,0.000,0.000,1.150,1.366,0.0048,0.0063
light,rot_on,11.40,0.0249,-0.0014,-0.0003,-0.005,0.000,0.000,1.161,1.382,0.0050,0.0058
light,rot_on,11.45,0.0236,-0.0021,-0.0003,-0.005,0.000,0.000,1.176,1.397,0.0042,0.0044
light,rot_on,11.50,0.0221,-0.0027,-0.0002,-0.004,0.001,0.000,1.189,1.407,0.0040,0.0039
light,rot_on,11.55,0.0206,-0.0034,-0.0002,-0.004,0.001,0.000,1.205,1.412,0.0061,0.0014
light,rot_on,11.60,0.0186,-0.0040,-0.0001,-0.004,0.001,0.000,1.221,1.414,0.0051,-0.0010
light,rot_on,11.65,0.0170,-0.0043,-0.0001,-0.003,0.001,0.000,1.238,1.414,0.0049,-0.0011
light,rot_on,11.70,0.0156,-0.0048,-0.0001,-0.003,0.001,0.000,1.253,1.410,0.0049,-0.0014
light,rot_on,11.75,0.0136,-0.0054,-0.0000,-0.003,0.001,0.000,1.267,1.404,0.0027,-0.0037
light,rot_on,11.80,0.0122,-0.0055,-0.0000,-0.002,0.001,0.000,1.276,1.397,0.0024,-0.0025
light,rot_on,11.85,0.0104,-0.0059,0.0001,-0.002,0.001,-0.000,1.281,1.389,0.0003,-0.0020
light,rot_on,11.90,0.0087,-0.0063,0.0001,-0.002,0.001,-0.000,1.281,1.380,-0.0025,-0.0055
light,rot_on,11.95,0.0073,-0.0061,0.0001,-0.001,0.001,-0.000,1.273,1.366,-0.0035,-0.0035
light,rot_on,12.00,0.0065,-0.0062,0.0001,-0.001,0.001,-0.000,1.265,1.353,-0.0037,-0.0061
light,rot_on,12.05,0.0056,-0.0056,0.0002,-0.001,0.001,-0.000,1.251,1.333,-0.0041,-0.0084
light,rot_on,12.10,0.0048,-0.0052,0.0002,-0.001,0.001,-0.000,1.236,1.310,-0.0073,-0.0098
light,rot_on,12.15,0.0046,-0.0046,0.0002,-0.001,0.001,-0.000,1.217,1.278,-0.0067,-0.0128
light,rot_on,12.20,0.0042,-0.0040,0.0002,-0.001,0.001,-0.000,1.200,1.244,-0.0064,-0.0134
light,rot_on,12.25,0.0027,-0.0039,0.0003,-0.001,0.001,-0.000,1.180,1.203,-0.0085,-0.0146
light,rot_on,12.30,0.0033,-0.0030,0.0003,-0.001,0.001,-0.000,1.157,1.162,-0.0087,-0.0158
light,rot_on,12.35,0.0044,-0.0021,0.0003,-0.001,0.000,-0.000,1.135,1.119,-0.0077,-0.0152
light,rot_on,12.40,0.0055,-0.0011,0.0003,-0.001,0.000,-0.000,1.115,1.081,-0.0076,-0.0139
light,rot_on,12.45,0.0067,-0.0002,0.0003,-0.001,0.000,-0.000,1.092,1.039,-0.0083,-0.0143
light,rot_on,12.50,0.0081,0.0009,0.0003,-0.002,-0.000,-0.000,1.068,1.005,-0.0094,-0.0111
light,rot_on,12.55,0.0101,0.0015,0.0003,-0.002,-0.000,-0.000,1.037,0.972,-0.0102,-0.0112
light,rot_on,12.60,0.0119,0.0025,0.0003,-0.002,-0.000,-0.000,1.008,0.946,-0.0106,-0.0081
light,rot_on,12.65,0.0132,0.0030,0.0003,-0.003,-0.001,-0.000,0.974,0.923,-0.0112,-0.0073
light,rot_on,12.70,0.0147,0.0037,0.0002,-0.003,-0.001,-0.000,0.943,0.906,-0.0109,-0.0051
light,rot_on,12.75,0.0163,0.0038,0.0002,-0.003,-0.001,-0.000,0.909,0.892,-0.0114,-0.0051
light,rot_on,12.80,0.0182,0.0043,0.0002,-0.004,-0.001,-0.000,0.879,0.883,-0.0104,-0.0026
light,rot_on,12.85,0.0202,0.0047,0.0001,-0.004,-0.001,-0.000,0.852,0.880,-0.0090,-0.0007
light,rot_on,12.90,0.0222,0.0051,0.0001,-0.004,-0.001,-0.000,0.830,0.880,-0.0076,0.0008
light,rot_on,12.95,0.0239,0.0055,0.0000,-0.005,-0.001,-0.000,0.809,0.883,-0.0069,0.0014
light,rot_on,13.00,0.0260,0.0059,-0.0001,-0.005,-0.001,0.000,0.790,0.888,-0.0061,0.0017
light,rot_on,13.05,0.0273,0.0061,-0.0001,-0.005,-0.001,0.000,0.775,0.897,-0.0050,0.0036
light,rot_on,13.10,0.0267,0.0051,-0.0002,-0.005,-0.001,0.000,0.764,0.906,-0.0037,0.0041
light,rot_on,13.15,0.0260,0.0042,-0.0002,-0.005,-0.001,0.000,0.757,0.918,-0.0021,0.0042
light,rot_on,13.20,0.0254,0.0035,-0.0003,-0.005,-0.001,0.000,0.755,0.934,0.0004,0.0047
light,rot_on,13.25,0.0249,0.0027,-0.0003,-0.005,-0.001,0.000,0.764,0.954,0.0045,0.0066
light,rot_on,13.30,0.0248,0.0018,-0.0004,-0.005,-0.000,0.000,0.784,0.976,0.0082,0.0071
light,rot_on,13.35,0.0245,0.0011,-0.0005,-0.005,-0.000,0.000,0.812,1.000,0.0106,0.0084
light,rot_on,13.40,0.0237,0.0003,-0.0005,-0.005,-0.000,0.000,0.843,1.021,0.0121,0.0079
light,rot_on,13.45,0.0228,-0.0000,-0.0005,-0.005,0.000,0.000,0.881,1.045,0.0130,0.0083
light,rot_on,13.50,0.0227,-0.0004,-0.0005,-0.005,0.000,0.000,0.920,1.066,0.0141,0.0073
light,rot_on,13.55,0.0226,-0.0007,-0.0006,-0.005,0.000,0.000,0.966,1.090,0.0156,0.0080
light,rot_on,13.60,0.0224,-0.0012,-0.0006,-0.004,0.000,0.000,1.008,1.109,0.0151,0.0062
light,rot_on,13.65,0.0223,-0.0014,-0.0006,-0.004,0.000,0.000,1.052,1.128,0.0143,0.0050
light,rot_on,13.70,0.0221,-0.0016,-0.0006,-0.004,0.000,0.000,1.091,1.142,0.0131,0.0057
light,rot_on,13.75,0.0218,-0.0019,-0.0005,-0.004,0.000,0.000,1.127,1.155,0.0107,0.0026
light,rot_on,13.80,0.0218,-0.0017,-0.0005,-0.004,0.000,0.000,1.154,1.163,0.0090,0.0026
light,rot_on,13.85,0.0217,-0.0018,-0.0005,-0.004,0.000,0.000,1.179,1.170,0.0068,0.0015
light,rot_on,13.90,0.0220,-0.0017,-0.0005,-0.004,0.000,0.000,1.195,1.172,0.0048,-0.0006
light,rot_on,13.95,0.0217,-0.0016,-0.0005,-0.004,0.000,0.000,1.205,1.172,0.0024,-0.0014
light,rot_on,14.00,0.0200,-0.0022,-0.0004,-0.004,0.000,0.000,1.209,1.168,-0.0008,-0.0020
light,rot_on,14.05,0.0183,-0.0027,-0.0004,-0.004,0.001,0.000,1.205,1.164,-0.0029,-0.0026
light,rot_on,14.10,0.0170,-0.0030,-0.0003,-0.003,0.001,0.000,1.198,1.156,-0.0033,-0.0024
light,rot_on,14.15,0.0156,-0.0033,-0.0003,-0.003,0.001,0.000,1.191,1.152,-0.0032,-0.0028
light,rot_on,14.20,0.0139,-0.0035,-0.0002,-0.003,0.001,0.000,1.187,1.148,-0.0028,-0.0023
light,rot_on,14.25,0.0129,-0.0036,-0.0002,-0.003,0.001,0.000,1.179,1.141,-0.0039,-0.0027
light,rot_on,14.30,0.0118,-0.0036,-0.0002,-0.002,0.001,0.000,1.170,1.136,-0.0049,-0.0016
light,rot_on,14.35,0.0109,-0.0036,-0.0001,-0.002,0.001,0.000,1.160,1.129,-0.0043,-0.0022
light,rot_on,14.40,0.0096,-0.0036,-0.0001,-0.002,0.001,0.000,1.147,1.124,-0.0072,-0.0025
light,rot_on,14.45,0.0086,-0.0037,-0.0000,-0.002,0.001,0.000,1.130,1.116,-0.0077,-0.0022
light,rot_on,14.50,0.0078,-0.0037,-0.0000,-0.002,0.001,0.000,1.112,1.110,-0.0083,-0.0019
light,rot_on,14.55,0.0077,-0.0036,-0.0000,-0.002,0.001,0.000,1.090,1.107,-0.0082,-0.0014
light,rot_on,14.60,0.0069,-0.0034,0.0000,-0.001,0.001,-0.000,1.069,1.104,-0.0093,0.0002
light,rot_on,14.65,0.0072,-0.0033,0.0000,-0.001,0.001,-0.000,1.043,1.103,-0.0089,-0.0004
light,rot_on,14.70,0.0075,-0.0031,0.0000,-0.002,0.001,-0.000,1.018,1.102,-0.0093,-0.0009
light,rot_on,14.75,0.0079,-0.0026,0.0000,-0.002,0.001,-0.000,0.989,1.107,-0.0090,0.0019
light,rot_on,14.80,0.0087,-0.0026,0.0000,-0.002,0.001,-0.000,0.963,1.111,-0.0093,0.0023
light,rot_on,14.85,0.0096,-0.0023,0.0000,-0.002,0.000,-0.000,0.936,1.117,-0.0085,0.0031
light,rot_on,14.90,0.0105,-0.0022,-0.0000,-0.002,0.000,0.000,0.912,1.125,-0.0084,0.0040
light,rot_on,14.95,0.0112,-0.0022,-0.0000,-0.002,0.000,0.000,0.887,1.137,-0.0084,0.0046
default,rot_off,0.00,0.0000,0.0000,0.0000,0.000,0.000,0.000,2.036,3.461,0.0163,0.0048
default,rot_off,0.05,0.0000,0.0000,0.0000,0.000,0.000,0.000,2.079,3.473,0.0131,0.0041
default,rot_off,0.10,0.0000,0.0000,0.0000,0.000,0.000,0.000,2.121,3.484,0.0136,0.0040
default,rot_off,0.15,0.0000,0.0000,0.0000,0.000,0.000,0.000,2.155,3.493,0.0105,0.0043
default,rot_off,0.20,0.0000,0.0000,0.0000,0.000,0.000,0.000,2.187,3.503,0.0098,0.0042
default,rot_off,0.25,0.0000,0.0000,0.0000,0.000,0.000,0.000,2.216,3.516,0.0075,0.0054
default,rot_off,0.30,0.0000,0.0000,0.0000,0.000,0.000,0.000,2.238,3.528,0.0069,0.0055
default,rot_off,0.35,0.0000,0.0000,0.0000,0.000,0.000,0.000,2.257,3.540,0.0049,0.0050
default,rot_off,0.40,0.0000,0.0000,0.0000,0.000,0.000,0.000,2.272,3.555,0.0041,0.0064
default,rot_off,0.45,0.0000,0.0000,0.0000,0.000,0.000,0.000,2.283,3.570,0.0026,0.0075
default,rot_off,0.50,0.0000,0.0000,0.0000,0.000,0.000,0.000,2.294,3.586,0.0022,0.0072
default,rot_off,0.55,0.0000,0.0000,0.0000,0.000,0.000,0.000,2.303,3.601,0.0026,0.0061
default,rot_off,0.60,0.0000,0.0000,0.0000,0.000,0.000,0.000,2.312,3.613,0.0034,0.0023
default,rot_off,0.65,0.0000,0.0000,0.0000,0.000,0.000,0.000,2.321,3.623,0.0017,0.0038
default,rot_off,0.70,0.0000,0.0000,0.0000,0.000,0.000,0.000,2.330,3.627,0.0026,0.0014
default,rot_off,0.75,0.0000,0.0000,0.0000,0.000,0.000,0.000,2.337,3.626,0.0023,-0.0006
default,rot_off,0.80,0.0000,0.0000,0.0000,0.000,0.000,0.000,2.345,3.620,0.0030,-0.0027
default,rot_off,0.85,0.0000,0.0000,0.0000,0.000,0.000,0.000,2.354,3.610,0.0029,-0.0039
default,rot_off,0.90,0.0000,0.0000,0.0000,0.000,0.000,0.000,2.366,3.598,0.0041,-0.0046
default,rot_off,0.95,0.0000,0.0000,0.0000,0.000,0.000,0.000,2.375,3.583,0.0030,-0.0045
default,rot_off,1.00,0.0000,0.0000,0.0000,0.000,0.000,0.000,2.385,3.564,0.0030,-0.0067
default,rot_off,1.05,0.0000,0.0000,0.0000,0.000,0.000,0.000,2.394,3.547,0.0018,-0.0069
default,rot_off,1.10,0.0000,0.0000,0.0000,0.000,0.000,0.000,2.401,3.527,0.0013,-0.0068
default,rot_off,1.15,0.0000,0.0000,0.0000,0.000,0.000,0.000,2.402,3.507,-0.0002,-0.0059
default,rot_off,1.20,0.0000,0.0000,0.0000,0.000,0.000,0.000,2.402,3.481,0.0000,-0.0083
default,rot_off,1.25,0.0000,0.0000,0.0000,0.000,0.000,0.000,2.399,3.457,-0.0026,-0.0082
default,rot_off,1.30,0.0000,0.0000,0.0000,0.000,0.000,0.000,2.393,3.427,-0.0026,-0.0099
default,rot_off,1.35,0.0000,0.0000,0.0000,0.000,0.000,0.000,2.384,3.400,-0.0048,-0.0086
default,rot_off,1.40,0.0000,0.0000,0.0000,0.000,0.000,0.000,2.370,3.370,-0.0045,-0.0095
default,rot_off,1.45,0.0000,0.0000,0.0000,0.000,0.000,0.000,2.358,3.343,-0.0054,-0.0086
default,rot_off,1.50,0.0000,0.0000,0.0000,0.000,0.000,0.000,2.342,3.315,-0.0063,-0.0097
default,rot_off,1.55,0.0000,0.0000,0.0000,0.000,0.000,0.000,2.326,3.288,-0.0070,-0.0104
default,rot_off,1.60,0.0000,0.0000,0.0000,0.000,0.000,0.000,2.305,3.258,-0.0079,-0.0093
default,rot_off,1.65,0.0000,0.0000,0.0000,0.000,0.000,0.000,2.286,3.231,-0.0076,-0.0098
default,rot_off,1.70,0.0000,0.0000,0.0000,0.000,0.000,0.000,2.267,3.201,-0.0055,-0.0099
default,rot_off,1.75,0.0000,0.0000,0.0000,0.000,0.000,0.000,2.252,3.175,-0.0055,-0.0090
default,rot_off,1.80,0.0000,0.0000,0.0000,0.000,0.000,0.000,2.237,3.146,-0.0045,-0.0091
default,rot_off,1.85,0.0000,0.0000,0.0000,0.000,0.000,0.000,2.226,3.125,-0.0044,-0.0068
default,rot_off,1.90,0.0000,0.0000,0.0000,0.000,0.000,0.000,2.216,3.101,-0.0043,-0.0069
default,rot_off,1.95,0.0000,0.0000,0.0000,0.000,0.000,0.000,2.207,3.080,-0.0047,-0.0074
default,rot_off,2.00,0.0000,0.0000,0.0000,0.000,0.000,0.000,2.194,3.059,-0.0052,-0.0057
default,rot_off,2.05,0.0000,0.0000,0.0000,0.000,0.000,0.000,2.183,3.040,-0.0054,-0.0057
default,rot_off,2.10,0.0000,0.0000,0.0000,0.000,0.000,0.000,2.169,3.025,-0.0054,-0.0041
default,rot_off,2.15,0.0000,0.0000,0.0000,0.000,0.000,0.000,2.154,3.011,-0.0052,-0.0033
default,rot_off,2.20,0.0000,0.0000,0.0000,0.000,0.000,0.000,2.139,3.001,-0.0056,-0.0026
default,rot_off,2.25,0.0000,0.0000,0.0000,0.000,0.000,0.000,2.127,2.994,-0.0022,-0.0021
default,rot_off,2.30,0.0000,0.0000,0.0000,0.000,0.000,0.000,2.117,2.991,-0.0039,-0.0006
default,rot_off,2.35,0.0000,0.0000,0.0000,0.000,0.000,0.000,2.109,2.987,-0.0031,-0.0002
default,rot_off,2.40,0.0000,0.0000,0.0000,0.000,0.000,0.000,2.103,2.985,-0.0021,0.0007
default,rot_off,2.45,0.0000,0.0000,0.0000,0.000,0.000,0.000,2.100,2.984,-0.0008,0.0008
default,rot_off,2.50,0.0000,0.0000,0.0000,0.000,0.000,0.000,2.104,2.985,0.0020,0.0016
default,rot_off,2.55,0.0000,0.0000,0.0000,0.000,0.000,0.000,2.106,2.986,0.0010,0.0013
default,rot_off,2.60,0.0000,0.0000,0.0000,0.000,0.000,0.000,2.112,2.986,0.0026,0.0016
default,rot_off,2.65,0.0000,0.0000,0.0000,0.000,0.000,0.000,2.119,2.990,0.0028,0.0015
default,rot_off,2.70,0.0000,0.0000,0.0000,0.000,0.000,0.000,2.128,2.994,0.0027,0.0016
default,rot_off,2.75,0.0000,0.0000,0.0000,0.000,0.000,0.000,2.137,3.000,0.0037,0.0032
default,rot_off,2.80,0.0000,0.0000,0.0000,0.000,0.000,0.000,2.149,3.008,0.0043,0.0035
default,rot_off,2.85,0.0000,0.0000,0.0000,0.000,0.000,0.000,2.161,3.016,0.0044,0.0045
default,rot_off,2.90,0.0000,0.0000,0.0000,0.000,0.000,0.000,2.176,3.025,0.0049,0.0036
default,rot_off,2.95,0.0000,0.0000,0.0000,0.000,0.000,0.000,2.191,3.033,0.0049,0.0037
default,rot_off,3.00,0.0000,0.0000,0.0000,0.000,0.000,0.000,2.206,3.045,0.0054,0.0049
default,rot_off,3.05,0.0000,0.0000,0.0000,0.000,0.000,0.000,2.222,3.056,0.0049,0.0043
default,rot_off,3.10,0.0000,0.0000,0.0000,0.000,0.000,0.000,2.239,3.067,0.0052,0.0032
default,rot_off,3.15,0.0000,0.0000,0.0000,0.000,0.000,0.000,2.255,3.077,0.0047,0.0046
default,rot_off,3.20,0.0000,0.0000,0.0000,0.000,0.000,0.000,2.271,3.088,0.0047,0.0035
default,rot_off,3.25,0.0000,0.0000,0.0000,0.000,0.000,0.000,2.282,3.097,0.0029,0.0025
default,rot_off,3.30,0.0000,0.0000,0.0000,0.000,0.000,0.000,2.292,3.106,0.0024,0.0037
default,rot_off,3.35,0.0000,0.0000,0.0000,0.000,0.000,0.000,2.300,3.114,0.0029,0.0033
default,rot_off,3.40,0.0000,0.0000,0.0000,0.000,0.000,0.000,2.310,3.123,0.0032,0.0041
default,rot_off,3.45,0.0000,0.0000,0.0000,0.000,0.000,0.000,2.317,3.130,0.0016,0.0029
default,rot_off,3.50,0.0000,0.0000,0.0000,0.000,0.000,0.000,2.324,3.138,0.0016,0.0033
default,rot_off,3.55,0.0000,0.0000,0.0000,0.000,0.000,0.000,2.328,3.145,-0.0002,0.0034
default,rot_off,3.60,0.0000,0.0000,0.0000,0.000,0.000,0.000,2.328,3.151,-0.0012,0.0029
default,rot_off,3.65,0.0000,0.0000,0.0000,0.000,0.000,0.000,2.324,3.155,-0.0035,0.0012
default,rot_off,3.70,0.0000,0.0000,0.0000,0.000,0.000,0.000,2.319,3.156,-0.0030,-0.0002
default,rot_off,3.75,0.0000,0.0000,0.0000,0.000,0.000,0.000,2.313,3.156,-0.0029,-0.0002
default,rot_off,3.80,0.0000,0.0000,0.0000,0.000,0.000,0.000,2.308,3.154,-0.0029,-0.0013
default,rot_off,3.85,0.0000,0.0000,0.0000,0.000,0.000,0.000,2.302,3.149,-0.0027,-0.0025
default,rot_off,3.90,0.0000,0.0000,0.0000,0.000,0.000,0.000,2.296,3.141,-0.0030,-0.0019
default,rot_off,3.95,0.0000,0.0000,0.0000,0.000,0.000,0.000,2.291,3.133,-0.0032,-0.0036
default,rot_off,4.00,0.0000,0.0000,0.0000,0.000,0.000,0.000,2.285,3.121,-0.0030,-0.0036
default,rot_off,4.05,0.0000,0.0000,0.0000,0.000,0.000,0.000,2.276,3.107,-0.0044,-0.0050
default,rot_off,4.10,0.0000,0.0000,0.0000,0.000,0.000,0.000,2.266,3.091,-0.0045,-0.0060
default,rot_off,4.15,0.0000,0.0000,0.0000,0.000,0.000,0.000,2.255,3.075,-0.0044,-0.0050
default,rot_off,4.20,0.0000,0.0000,0.0000,0.000,0.000,0.000,2.240,3.055,-0.0068,-0.0056
default,rot_off,4.25,0.0000,0.0000,0.0000,0.000,0.000,0.000,2.224,3.039,-0.0070,-0.0045
default,rot_off,4.30,0.0000,0.0000,0.0000,0.000,0.000,0.000,2.207,3.025,-0.0078,-0.0043
default,rot_off,4.35,0.0000,0.0000,0.0000,0.000,0.000,0.000,2.188,3.014,-0.0093,-0.0026
default,rot_off,4.40,0.0000,0.0000,0.0000,0.000,0.000,0.000,2.167,3.005,-0.0097,-0.0019
default,rot_off,4.45,0.0000,0.0000,0.0000,0.000,0.000,0.000,2.146,2.999,-0.0097,-0.0007
default,rot_off,4.50,0.0000,0.0000,0.0000,0.000,0.000,0.000,2.123,2.995,-0.0095,0.0001
default,rot_off,4.55,0.0000,0.0000,0.0000,0.000,0.000,0.000,2.100,2.994,-0.0092,-0.0001
default,rot_off,4.60,0.0000,0.0000,0.0000,0.000,0.000,0.000,2.077,2.995,-0.0096,0.0016
default,rot_off,4.65,0.0000,0.0000,0.0000,0.000,0.000,0.000,2.057,2.994,-0.0075,-0.0005
default,rot_off,4.70,0.0000,0.0000,0.0000,0.000,0.000,0.000,2.038,2.993,-0.0074,0.0000
default,rot_off,4.75,0.0000,0.0000,0.0000,0.000,0.000,0.000,2.022,2.992,-0.0068,-0.0002
default,rot_off,4.80,0.0000,0.0000,0.0000,0.000,0.000,0.000,2.006,2.989,-0.0071,-0.0006
default,rot_off,4.85,0.0000,0.0000,0.0000,0.000,0.000,0.000,1.993,2.987,-0.0055,-0.0012
default,rot_off,4.90,0.0000,0.0000,0.0000,0.000,0.000,0.000,1.982,2.982,-0.0048,-0.0024
default,rot_off,4.95,0.0000,0.0000,0.0000,0.000,0.000,0.000,1.971,2.976,-0.0035,-0.0031
default,rot_off,5.00,0.0000,0.0000,0.0000,0.000,0.000,0.000,1.963,2.965,-0.0036,-0.0038
default,rot_off,5.05,0.0000,0.0000,0.0000,0.000,0.000,0.000,1.958,2.955,-0.0035,-0.0036
default,rot_off,5.10,0.0000,0.0000,0.0000,0.000,0.000,0.000,1.952,2.942,-0.0026,-0.0035
default,rot_off,5.15,0.0000,0.0000,0.0000,0.000,0.000,0.000,1.948,2.932,-0.0023,-0.0028
default,rot_off,5.20,0.0000,0.0000,0.0000,0.000,0.000,0.000,1.947,2.922,-0.0019,-0.0031
default,rot_off,5.25,0.0000,0.0000,0.0000,0.000,0.000,0.000,1.948,2.913,0.0001,-0.0016
default,rot_off,5.30,0.0000,0.0000,0.0000,0.000,0.000,0.000,1.951,2.908,0.0000,-0.0001
default,rot_off,5.35,0.0000,0.0000,0.0000,0.000,0.000,0.000,1.957,2.906,0.0015,0.0005
default,rot_off,5.40,0.0000,0.0000,0.0000,0.000,0.000,0.000,1.965,2.904,0.0029,0.0014
default,rot_off,5.45,0.0000,0.0000,0.0000,0.000,0.000,0.000,1.977,2.907,0.0045,0.0010
default,rot_off,5.50,0.0000,0.0000,0.0000,0.000,0.000,0.000,1.993,2.912,0.0059,0.0026
default,rot_off,5.55,0.0000,0.0000,0.0000,0.000,0.000,0.000,2.012,2.918,0.0069,0.0027
default,rot_off,5.60,0.0000,0.0000,0.0000,0.000,0.000,0.000,2.035,2.925,0.0065,0.0037
default,rot_off,5.65,0.0000,0.0000,0.0000,0.000,0.000,0.000,2.057,2.936,0.0081,0.0050
default,rot_off,5.70,0.0000,0.0000,0.0000,0.000,0.000,0.000,2.081,2.947,0.0078,0.0042
default,rot_off,5.75,0.0000,0.0000,0.0000,0.000,0.000,0.000,2.106,2.959,0.0086,0.0057
default,rot_off,5.80,0.0000,0.0000,0.0000,0.000,0.000,0.000,2.133,2.973,0.0085,0.0053
default,rot_off,5.85,0.0000,0.0000,0.0000,0.000,0.000,0.000,2.158,2.987,0.0077,0.0053
default,rot_off,5.90,0.0000,0.0000,0.0000,0.000,0.000,0.000,2.185,3.003,0.0082,0.0046
default,rot_off,5.95,0.0000,0.0000,0.0000,0.000,0.000,0.000,2.206,3.017,0.0061,0.0063
default,rot_off,6.00,0.0000,0.0000,0.0000,0.000,0.000,0.000,2.231,3.031,0.0078,0.0047
default,rot_off,6.05,0.0000,0.0000,0.0000,0.000,0.000,0.000,2.252,3.043,0.0063,0.0048
default,rot_off,6.10,0.0000,0.0000,0.0000,0.000,0.000,0.000,2.273,3.053,0.0050,0.0047
default,rot_off,6.15,0.0000,0.0000,0.0000,0.000,0.000,0.000,2.289,3.062,0.0045,0.0030
default,rot_off,6.20,0.0000,0.0000,0.0000,0.000,0.000,0.000,2.303,3.069,0.0043,0.0026
default,rot_off,6.25,0.0000,0.0000,0.0000,0.000,0.000,0.000,2.316,3.072,0.0032,0.0011
default,rot_off,6.30,0.0000,0.0000,0.0000,0.000,0.000,0.000,2.328,3.075,0.0040,0.0016
default,rot_off,6.35,0.0000,0.0000,0.0000,0.000,0.000,0.000,2.334,3.075,-0.0005,0.0001
default,rot_off,6.40,0.0000,0.0000,0.0000,0.000,0.000,0.000,2.340,3.073,0.0002,-0.0010
default,rot_off,6.45,0.0000,0.0000,0.0000,0.000,0.000,0.000,2.343,3.073,-0.0014,0.0001
default,rot_off,6.50,0.0000,0.0000,0.0000,0.000,0.000,0.000,2.342,3.071,-0.0020,-0.0001
default,rot_off,6.55,0.0000,0.0000,0.0000,0.000,0.000,0.000,2.339,3.067,-0.0016,-0.0010
default,rot_off,6.60,0.0000,0.0000,0.0000,0.000,0.000,0.000,2.337,3.062,-0.0026,-0.0018
default,rot_off,6.65,0.0000,0.0000,0.0000,0.000,0.000,0.000,2.335,3.055,-0.0019,-0.0013
default,rot_off,6.70,0.0000,0.0000,0.0000,0.000,0.000,0.000,2.332,3.048,-0.0023,-0.0018
default,rot_off,6.75,0.0000,0.0000,0.0000,0.000,0.000,0.000,2.329,3.042,-0.0015,-0.0015
default,rot_off,6.80,0.0000,0.0000,0.0000,0.000,0.000,0.000,2.328,3.035,-0.0022,-0.0019
default,rot_off,6.85,0.0000,0.0000,0.0000,0.000,0.000,0.000,2.326,3.028,-0.0016,-0.0015
default,rot_off,6.90,0.0000,0.0000,0.0000,0.000,0.000,0.000,2.326,3.020,-0.0018,-0.0039
default,rot_off,6.95,0.0000,0.0000,0.0000,0.000,0.000,0.000,2.325,3.011,-0.0024,-0.0028
default,rot_off,7.00,0.0000,0.0000,0.0000,0.000,0.000,0.000,2.323,3.003,-0.0015,-0.0015
default,rot_off,7.05,0.0000,0.0000,0.0000,0.000,0.000,0.000,2.321,2.996,-0.0017,-0.0021
default,rot_off,7.10,0.0000,0.0000,0.0000,0.000,0.000,0.000,2.317,2.991,-0.0028,0.0004
default,rot_off,7.15,0.0000,0.0000,0.0000,0.000,0.000,0.000,2.314,2.987,-0.0026,-0.0006
default,rot_off,7.20,0.0000,0.0000,0.0000,0.000,0.000,0.000,2.311,2.985,-0.0025,0.0001
default,rot_off,7.25,0.0000,0.0000,0.0000,0.000,0.000,0.000,2.307,2.984,-0.0029,0.0005
default,rot_off,7.30,0.0000,0.0000,0.0000,0.000,0.000,0.000,2.300,2.983,-0.0035,-0.0004
default,rot_off,7.35,0.0000,0.0000,0.0000,0.000,0.000,0.000,2.294,2.982,-0.0044,-0.0008
default,rot_off,7.40,0.0000,0.0000,0.0000,0.000,0.000,0.000,2.286,2.978,-0.0038,-0.0007
default,rot_off,7.45,0.0000,0.0000,0.0000,0.000,0.000,0.000,2.279,2.975,-0.0034,-0.0007
default,rot_off,7.50,0.0000,0.0000,0.0000,0.000,0.000,0.000,2.272,2.970,-0.0036,-0.0023
default,rot_off,7.55,0.0000,0.0000,0.0000,0.000,0.000,0.000,2.267,2.963,-0.0023,-0.0030
default,rot_off,7.60,0.0000,0.0000,0.0000,0.000,0.000,0.000,2.264,2.952,-0.0014,-0.0033
default,rot_off,7.65,0.0000,0.0000,0.0000,0.000,0.000,0.000,2.263,2.942,-0.0019,-0.0039
default,rot_off,7.70,0.0000,0.0000,0.0000,0.000,0.000,0.000,2.264,2.929,-0.0001,-0.0029
default,rot_off,7.75,0.0000,0.0000,0.0000,0.000,0.000,0.000,2.266,2.919,-0.0009,-0.0039
default,rot_off,7.80,0.0000,0.0000,0.0000,0.000,0.000,0.000,2.270,2.908,0.0003,-0.0031
default,rot_off,7.85,0.0000,0.0000,0.0000,0.000,0.000,0.000,2.275,2.899,-0.0001,-0.0018
default,rot_off,7.90,0.0000,0.0000,0.0000,0.000,0.000,0.000,2.280,2.892,0.0017,-0.0002
default,rot_off,7.95,0.0000,0.0000,0.0000,0.000,0.000,0.000,2.286,2.888,0.0019,0.0003
default,rot_off,8.00,0.0000,0.0000,0.0000,0.000,0.000,0.000,2.294,2.887,0.0014,-0.0002
default,rot_off,8.05,0.0000,0.0000,0.0000,0.000,0.000,0.000,2.304,2.888,0.0019,0.0012
default,rot_off,8.10,0.0000,0.0000,0.0000,0.000,0.000,0.000,2.315,2.891,0.0029,0.0017
default,rot_off,8.15,0.0000,0.0000,0.0000,0.000,0.000,0.000,2.328,2.894,0.0035,0.0018
default,rot_off,8.20,0.0000,0.0000,0.0000,0.000,0.000,0.000,2.340,2.898,0.0034,0.0023
default,rot_off,8.25,0.0000,0.0000,0.0000,0.000,0.000,0.000,2.352,2.903,0.0041,0.0029
default,rot_off,8.30,0.0000,0.0000,0.0000,0.000,0.000,0.000,2.365,2.909,0.0043,0.0028
default,rot_off,8.35,0.0000,0.0000,0.0000,0.000,0.000,0.000,2.376,2.915,0.0023,0.0024
default,rot_off,8.40,0.0000,0.0000,0.0000,0.000,0.000,0.000,2.385,2.921,0.0012,0.0026
default,rot_off,8.45,0.0000,0.0000,0.0000,0.000,0.000,0.000,2.392,2.926,0.0018,0.0014
default,rot_off,8.50,0.0000,0.0000,0.0000,0.000,0.000,0.000,2.399,2.932,0.0003,0.0034
default,rot_off,8.55,0.0000,0.0000,0.0000,0.000,0.000,0.000,2.402,2.939,-0.0005,0.0019
default,rot_off,8.60,0.0000,0.0000,0.0000,0.000,0.000,0.000,2.406,2.944,-0.0006,0.0022
default,rot_off,8.65,0.0000,0.0000,0.0000,0.000,0.000,0.000,2.410,2.948,0.0001,0.0015
default,rot_off,8.70,0.0000,0.0000,0.0000,0.000,0.000,0.000,2.415,2.948,-0.0002,0.0004
default,rot_off,8.75,0.0000,0.0000,0.0000,0.000,0.000,0.000,2.418,2.947,-0.0001,-0.0008
default,rot_off,8.80,0.0000,0.0000,0.0000,0.000,0.000,0.000,2.422,2.946,-0.0010,0.0002
default,rot_off,8.85,0.0000,0.0000,0.0000,0.000,0.000,0.000,2.422,2.943,-0.0012,-0.0004
default,rot_off,8.90,0.0000,0.0000,0.0000,0.000,0.000,0.000,2.421,2.941,-0.0007,0.0008
default,rot_off,8.95,0.0000,0.0000,0.0000,0.000,0.000,0.000,2.421,2.941,-0.0019,0.0011
default,rot_off,9.00,0.0000,0.0000,0.0000,0.000,0.000,0.000,2.419,2.942,-0.0014,0.0024
default,rot_off,9.05,0.0000,0.0000,0.0000,0.000,0.000,0.000,2.421,2.946,-0.0005,0.0031
default,rot_off,9.10,0.0000,0.0000,0.0000,0.000,0.000,0.000,2.422,2.953,-0.0000,0.0042
default,rot_off,9.15,0.0000,0.0000,0.0000,0.000,0.000,0.000,2.427,2.962,0.0007,0.0044
default,rot_off,9.20,0.0000,0.0000,0.0000,0.000,0.000,0.000,2.433,2.972,0.0016,0.0044
default,rot_off,9.25,0.0000,0.0000,0.0000,0.000,0.000,0.000,2.442,2.981,0.0025,0.0027
default,rot_off,9.30,0.0000,0.0000,0.0000,0.000,0.000,0.000,2.454,2.988,0.0037,0.0020
default,rot_off,9.35,0.0000,0.0000,0.0000,0.000,0.000,0.000,2.468,2.992,0.0045,0.0003
default,rot_off,9.40,0.0000,0.0000,0.0000,0.000,0.000,0.000,2.485,2.991,0.0057,-0.0009
default,rot_off,9.45,0.0000,0.0000,0.0000,0.000,0.000,0.000,2.504,2.988,0.0065,-0.0009
default,rot_off,9.50,0.0000,0.0000,0.0000,0.000,0.000,0.000,2.528,2.981,0.0089,-0.0030
default,rot_off,9.55,0.0000,0.0000,0.0000,0.000,0.000,0.000,2.555,2.972,0.0100,-0.0035
default,rot_off,9.60,0.0000,0.0000,0.0000,0.000,0.000,0.000,2.587,2.961,0.0111,-0.0029
default,rot_off,9.65,0.0000,0.0000,0.0000,0.000,0.000,0.000,2.618,2.953,0.0118,-0.0020
default,rot_off,9.70,0.0000,0.0000,0.0000,0.000,0.000,0.000,2.653,2.946,0.0112,-0.0010
default,rot_off,9.75,0.0000,0.0000,0.0000,0.000,0.000,0.000,2.686,2.941,0.0115,-0.0004
default,rot_off,9.80,0.0000,0.0000,0.0000,0.000,0.000,0.000,2.719,2.939,0.0104,0.0011
default,rot_off,9.85,0.0000,0.0000,0.0000,0.000,0.000,0.000,2.749,2.938,0.0090,0.0008
default,rot_off,9.90,0.0000,0.0000,0.0000,0.000,0.000,0.000,2.775,2.939,0.0074,0.0019
default,rot_off,9.95,0.0000,0.0000,0.0000,0.000,0.000,0.000,2.796,2.941,0.0059,0.0021
default,rot_off,10.00,0.0000,0.0000,0.0000,0.000,0.000,0.000,2.812,2.946,0.0031,0.0020
default,rot_off,10.05,0.0000,0.0000,0.0000,0.000,0.000,0.000,2.823,2.950,0.0031,0.0030
default,rot_off,10.10,0.0000,0.0000,0.0000,0.000,0.000,0.000,2.830,2.954,-0.0005,0.0007
default,rot_off,10.15,0.0000,0.0000,0.0000,0.000,0.000,0.000,2.830,2.955,-0.0013,0.0018
default,rot_off,10.20,0.0000,0.0000,0.0000,0.000,0.000,0.000,2.825,2.953,-0.0034,-0.0015
default,rot_off,10.25,0.0000,0.0000,0.0000,0.000,0.000,0.000,2.818,2.950,-0.0042,-0.0023
default,rot_off,10.30,0.0000,0.0000,0.0000,0.000,0.000,0.000,2.807,2.941,-0.0046,-0.0039
default,rot_off,10.35,0.0000,0.0000,0.0000,0.000,0.000,0.000,2.796,2.930,-0.0055,-0.0041
default,rot_off,10.40,0.0000,0.0000,0.0000,0.000,0.000,0.000,2.784,2.915,-0.0049,-0.0053
default,rot_off,10.45,0.0000,0.0000,0.0000,0.000,0.000,0.000,2.771,2.899,-0.0041,-0.0056
default,rot_off,10.50,0.0000,0.0000,0.0000,0.000,0.000,0.000,2.761,2.882,-0.0045,-0.0060
default,rot_off,10.55,0.0000,0.0000,0.0000,0.000,0.000,0.000,2.752,2.865,-0.0041,-0.0063
default,rot_off,10.60,0.0000,0.0000,0.0000,0.000,0.000,0.000,2.744,2.846,-0.0024,-0.0062
default,rot_off,10.65,0.0000,0.0000,0.0000,0.000,0.000,0.000,2.736,2.829,-0.0038,-0.0063
default,rot_off,10.70,0.0000,0.0000,0.0000,0.000,0.000,0.000,2.728,2.810,-0.0032,-0.0065
default,rot_off,10.75,0.0000,0.0000,0.0000,0.000,0.000,0.000,2.720,2.794,-0.0035,-0.0055
default,rot_off,10.80,0.0000,0.0000,0.0000,0.000,0.000,0.000,2.713,2.773,-0.0044,-0.0046
default,rot_off,10.85,0.0000,0.0000,0.0000,0.000,0.000,0.000,2.704,2.754,-0.0033,-0.0061
default,rot_off,10.90,0.0000,0.0000,0.0000,0.000,0.000,0.000,2.697,2.740,-0.0037,-0.0052
default,rot_off,10.95,0.0000,0.0000,0.0000,0.000,0.000,0.000,2.690,2.726,-0.0028,-0.0040
default,rot_off,11.00,0.0000,0.0000,0.0000,0.000,0.000,0.000,2.680,2.713,-0.0049,-0.0051
default,rot_off,11.05,0.0000,0.0000,0.0000,0.000,0.000,0.000,2.671,2.703,-0.0039,-0.0030
default,rot_off,11.10,0.0000,0.0000,0.0000,0.000,0.000,0.000,2.661,2.696,-0.0036,-0.0021
default,rot_off,11.15,0.0000,0.0000,0.0000,0.000,0.000,0.000,2.653,2.692,-0.0030,-0.0010
default,rot_off,11.20,0.0000,0.0000,0.0000,0.000,0.000,0.000,2.645,2.690,-0.0039,-0.0002
default,rot_off,11.25,0.0000,0.0000,0.0000,0.000,0.000,0.000,2.637,2.691,-0.0035,0.0013
default,rot_off,11.30,0.0000,0.0000,0.0000,0.000,0.000,0.000,2.630,2.694,-0.0026,0.0016
default,rot_off,11.35,0.0000,0.0000,0.0000,0.000,0.000,0.000,2.625,2.699,-0.0019,0.0025
default,rot_off,11.40,0.0000,0.0000,0.0000,0.000,0.000,0.000,2.620,2.707,-0.0028,0.0038
default,rot_off,11.45,0.0000,0.0000,0.0000,0.000,0.000,0.000,2.615,2.716,-0.0036,0.0032
default,rot_off,11.50,0.0000,0.0000,0.0000,0.000,0.000,0.000,2.607,2.726,-0.0041,0.0040
default,rot_off,11.55,0.0000,0.0000,0.0000,0.000,0.000,0.000,2.600,2.734,-0.0028,0.0055
default,rot_off,11.60,0.0000,0.0000,0.0000,0.000,0.000,0.000,2.593,2.745,-0.0033,0.0032
default,rot_off,11.65,0.0000,0.0000,0.0000,0.000,0.000,0.000,2.585,2.752,-0.0038,0.0027
default,rot_off,11.70,0.0000,0.0000,0.0000,0.000,0.000,0.000,2.576,2.760,-0.0040,0.0013
default,rot_off,11.75,0.0000,0.0000,0.0000,0.000,0.000,0.000,2.566,2.763,-0.0047,0.0012
default,rot_off,11.80,0.0000,0.0000,0.0000,0.000,0.000,0.000,2.555,2.765,-0.0051,0.0006
default,rot_off,11.85,0.0000,0.0000,0.0000,0.000,0.000,0.000,2.544,2.765,-0.0046,-0.0009
default,rot_off,11.90,0.0000,0.0000,0.0000,0.000,0.000,0.000,2.531,2.763,-0.0058,0.0001
default,rot_off,11.95,0.0000,0.0000,0.0000,0.000,0.000,0.000,2.520,2.760,-0.0043,-0.0009
default,rot_off,12.00,0.0000,0.0000,0.0000,0.000,0.000,0.000,2.510,2.756,-0.0042,-0.0022
default,rot_off,12.05,0.0000,0.0000,0.0000,0.000,0.000,0.000,2.504,2.754,-0.0024,-0.0009
default,rot_off,12.10,0.0000,0.0000,0.0000,0.000,0.000,0.000,2.499,2.750,-0.0008,-0.0012
default,rot_off,12.15,0.0000,0.0000,0.0000,0.000,0.000,0.000,2.496,2.749,-0.0012,0.0007
default,rot_off,12.20,0.0000,0.0000,0.0000,0.000,0.000,0.000,2.498,2.750,0.0006,0.0002
default,rot_off,12.25,0.0000,0.0000,0.0000,0.000,0.000,0.000,2.503,2.751,0.0011,0.0008
default,rot_off,12.30,0.0000,0.0000,0.0000,0.000,0.000,0.000,2.509,2.753,0.0018,0.0002
default,rot_off,12.35,0.0000,0.0000,0.0000,0.000,0.000,0.000,2.515,2.752,0.0013,-0.0011
default,rot_off,12.40,0.0000,0.0000,0.0000,0.000,0.000,0.000,2.523,2.750,0.0029,-0.0012
default,rot_off,12.45,0.0000,0.0000,0.0000,0.000,0.000,0.000,2.532,2.748,0.0028,-0.0020
default,rot_off,12.50,0.0000,0.0000,0.0000,0.000,0.000,0.000,2.542,2.740,0.0027,-0.0024
default,rot_off,12.55,0.0000,0.0000,0.0000,0.000,0.000,0.000,2.551,2.733,0.0031,-0.0027
default,rot_off,12.60,0.0000,0.0000,0.0000,0.000,0.000,0.000,2.562,2.725,0.0039,-0.0032
default,rot_off,12.65,0.0000,0.0000,0.0000,0.000,0.000,0.000,2.573,2.718,0.0026,-0.0042
default,rot_off,12.70,0.0000,0.0000,0.0000,0.000,0.000,0.000,2.585,2.708,0.0047,-0.0028
default,rot_off,12.75,0.0000,0.0000,0.0000,0.000,0.000,0.000,2.598,2.699,0.0039,-0.0031
default,rot_off,12.80,0.0000,0.0000,0.0000,0.000,0.000,0.000,2.614,2.690,0.0059,-0.0033
default,rot_off,12.85,0.0000,0.0000,0.0000,0.000,0.000,0.000,2.629,2.681,0.0049,-0.0021
default,rot_off,12.90,0.0000,0.0000,0.0000,0.000,0.000,0.000,2.645,2.674,0.0051,-0.0021
default,rot_off,12.95,0.0000,0.0000,0.0000,0.000,0.000,0.000,2.662,2.670,0.0060,-0.0025
default,rot_off,13.00,0.0000,0.0000,0.0000,0.000,0.000,0.000,2.679,2.665,0.0054,-0.0011
default,rot_off,13.05,0.0000,0.0000,0.0000,0.000,0.000,0.000,2.695,2.664,0.0050,-0.0013
default,rot_off,13.10,0.0000,0.0000,0.0000,0.000,0.000,0.000,2.709,2.665,0.0037,0.0026
default,rot_off,13.15,0.0000,0.0000,0.0000,0.000,0.000,0.000,2.720,2.666,0.0022,0.0010
default,rot_off,13.20,0.0000,0.0000,0.0000,0.000,0.000,0.000,2.730,2.668,0.0018,0.0008
default,rot_off,13.25,0.0000,0.0000,0.0000,0.000,0.000,0.000,2.736,2.670,0.0024,0.0001
default,rot_off,13.30,0.0000,0.0000,0.0000,0.000,0.000,0.000,2.742,2.673,0.0014,0.0013
default,rot_off,13.35,0.0000,0.0000,0.0000,0.000,0.000,0.000,2.748,2.676,0.0011,0.0011
default,rot_off,13.40,0.0000,0.0000,0.0000,0.000,0.000,0.000,2.754,2.678,0.0017,0.0011
default,rot_off,13.45,0.0000,0.0000,0.0000,0.000,0.000,0.000,2.759,2.681,0.0011,0.0014
default,rot_off,13.50,0.0000,0.0000,0.0000,0.000,0.000,0.000,2.765,2.685,0.0003,0.0003
default,rot_off,13.55,0.0000,0.0000,0.0000,0.000,0.000,0.000,2.768,2.689,0.0003,0.0010
default,rot_off,13.60,0.0000,0.0000,0.0000,0.000,0.000,0.000,2.769,2.693,-0.0009,0.0026
default,rot_off,13.65,0.0000,0.0000,0.0000,0.000,0.000,0.000,2.766,2.697,-0.0024,0.0016
default,rot_off,13.70,0.0000,0.0000,0.0000,0.000,0.000,0.000,2.759,2.702,-0.0041,0.0030
default,rot_off,13.75,0.0000,0.0000,0.0000,0.000,0.000,0.000,2.752,2.708,-0.0046,0.0035
default,rot_off,13.80,0.0000,0.0000,0.0000,0.000,0.000,0.000,2.739,2.717,-0.0063,0.0057
default,rot_off,13.85,0.0000,0.0000,0.0000,0.000,0.000,0.000,2.722,2.729,-0.0072,0.0054
default,rot_off,13.90,0.0000,0.0000,0.0000,0.000,0.000,0.000,2.702,2.747,-0.0088,0.0077
default,rot_off,13.95,0.0000,0.0000,0.0000,0.000,0.000,0.000,2.678,2.766,-0.0097,0.0083
default,rot_off,14.00,0.0000,0.0000,0.0000,0.000,0.000,0.000,2.652,2.790,-0.0099,0.0097
default,rot_off,14.05,0.0000,0.0000,0.0000,0.000,0.000,0.000,2.627,2.815,-0.0096,0.0104
default,rot_off,14.10,0.0000,0.0000,0.0000,0.000,0.000,0.000,2.600,2.842,-0.0088,0.0102
default,rot_off,14.15,0.0000,0.0000,0.0000,0.000,0.000,0.000,2.579,2.868,-0.0084,0.0088
default,rot_off,14.20,0.0000,0.0000,0.0000,0.000,0.000,0.000,2.558,2.896,-0.0066,0.0104
default,rot_off,14.25,0.0000,0.0000,0.0000,0.000,0.000,0.000,2.542,2.921,-0.0072,0.0087
default,rot_off,14.30,0.0000,0.0000,0.0000,0.000,0.000,0.000,2.527,2.946,-0.0044,0.0079
default,rot_off,14.35,0.0000,0.0000,0.0000,0.000,0.000,0.000,2.519,2.966,-0.0031,0.0086
default,rot_off,14.40,0.0000,0.0000,0.0000,0.000,0.000,0.000,2.510,2.987,-0.0035,0.0075
default,rot_off,14.45,0.0000,0.0000,0.0000,0.000,0.000,0.000,2.504,3.003,-0.0029,0.0063
default,rot_off,14.50,0.0000,0.0000,0.0000,0.000,0.000,0.000,2.499,3.021,-0.0017,0.0065
default,rot_off,14.55,0.0000,0.0000,0.0000,0.000,0.000,0.000,2.496,3.035,-0.0022,0.0043
default,rot_off,14.60,0.0000,0.0000,0.0000,0.000,0.000,0.000,2.494,3.047,-0.0009,0.0054
default,rot_off,14.65,0.0000,0.0000,0.0000,0.000,0.000,0.000,2.496,3.057,0.0000,0.0028
default,rot_off,14.70,0.0000,0.0000,0.0000,0.000,0.000,0.000,2.500,3.065,0.0010,0.0031
default,rot_off,14.75,0.0000,0.0000,0.0000,0.000,0.000,0.000,2.504,3.071,0.0015,0.0030
default,rot_off,14.80,0.0000,0.0000,0.0000,0.000,0.000,0.000,2.511,3.075,0.0012,0.0013
default,rot_off,14.85,0.0000,0.0000,0.0000,0.000,0.000,0.000,2.519,3.076,0.0011,0.0002
default,rot_off,14.90,0.0000,0.0000,0.0000,0.000,0.000,0.000,2.528,3.073,0.0018,-0.0013
default,rot_off,14.95,0.0000,0.0000,0.0000,0.000,0.000,0.000,2.535,3.068,0.0018,-0.0025
default,rot_on,0.00,0.0000,0.0000,0.0000,0.000,0.000,0.000,2.499,3.745,0.0206,-0.0108
default,rot_on,0.05,0.0000,0.0000,0.0000,0.000,0.000,0.000,2.552,3.716,0.0190,-0.0117
default,rot_on,0.10,0.0000,0.0000,0.0000,0.000,0.000,0.000,2.609,3.680,0.0196,-0.0125
default,rot_on,0.15,0.0000,0.0000,0.0000,0.000,0.000,0.000,2.660,3.645,0.0185,-0.0130
default,rot_on,0.20,0.0000,0.0000,0.0000,0.000,0.000,0.000,2.712,3.605,0.0175,-0.0128
default,rot_on,0.25,0.0000,0.0000,0.0000,0.000,0.000,0.000,2.757,3.571,0.0160,-0.0118
default,rot_on,0.30,0.0000,0.0000,0.0000,0.000,0.000,0.000,2.801,3.535,0.0144,-0.0114
default,rot_on,0.35,0.0000,0.0000,0.0000,0.000,0.000,0.000,2.840,3.504,0.0140,-0.0103
default,rot_on,0.40,0.0000,0.0000,0.0000,0.000,0.000,0.000,2.877,3.471,0.0123,-0.0103
default,rot_on,0.45,0.0000,0.0000,0.0000,0.000,0.000,0.000,2.912,3.440,0.0119,-0.0101
default,rot_on,0.50,0.0000,0.0000,0.0000,0.000,0.000,0.000,2.947,3.409,0.0117,-0.0101
default,rot_on,0.55,0.0000,0.0000,0.0000,0.000,0.000,0.000,2.977,3.381,0.0093,-0.0080
default,rot_on,0.60,0.0000,0.0000,0.0000,0.000,0.000,0.000,3.005,3.353,0.0100,-0.0092
default,rot_on,0.65,0.0000,0.0000,0.0000,0.000,0.000,0.000,3.029,3.328,0.0079,-0.0083
default,rot_on,0.70,0.0000,0.0000,0.0000,0.000,0.000,0.000,3.050,3.301,0.0061,-0.0073
default,rot_on,0.75,0.0000,0.0000,0.0000,0.000,0.000,0.000,3.066,3.278,0.0062,-0.0082
default,rot_on,0.80,0.0000,0.0000,0.0000,0.000,0.000,0.000,3.081,3.250,0.0048,-0.0090
default,rot_on,0.85,0.0000,0.0000,0.0000,0.000,0.000,0.000,3.091,3.226,0.0036,-0.0088
default,rot_on,0.90,0.0000,0.0000,0.0000,0.000,0.000,0.000,3.100,3.197,0.0021,-0.0095
default,rot_on,0.95,0.0021,-0.0231,0.0026,-0.000,0.005,-0.001,3.104,3.173,0.0012,-0.0081
default,rot_on,1.00,0.0020,-0.0227,0.0026,-0.000,0.005,-0.001,3.103,3.154,-0.0012,0.0025
default,rot_on,1.05,0.0022,-0.0228,0.0026,-0.000,0.005,-0.001,3.096,3.194,-0.0047,0.0172
default,rot_on,1.10,0.0022,-0.0240,0.0026,-0.000,0.005,-0.001,3.081,3.239,-0.0054,0.0132
default,rot_on,1.15,0.0019,-0.0239,0.0026,-0.000,0.005,-0.001,3.066,3.267,-0.0059,0.0066
default,rot_on,1.20,0.0020,-0.0238,0.0026,-0.000,0.005,-0.001,3.048,3.278,-0.0055,-0.0003
default,rot_on,1.25,0.0017,-0.0237,0.0026,-0.000,0.005,-0.001,3.033,3.268,-0.0041,-0.0064
default,rot_on,1.30,0.0015,-0.0237,0.0026,-0.000,0.005,-0.001,3.018,3.239,-0.0053,-0.0140
default,rot_on,1.35,0.0014,-0.0235,0.0027,-0.000,0.005,-0.001,3.006,3.197,-0.0034,-0.0179
default,rot_on,1.40,0.0009,-0.0237,0.0027,-0.000,0.005,-0.001,2.994,3.139,-0.0046,-0.0212
default,rot_on,1.45,-0.0002,-0.0238,0.0027,0.000,0.005,-0.001,2.982,3.078,-0.0046,-0.0234
default,rot_on,1.50,-0.0017,-0.0239,0.0027,0.000,0.005,-0.001,2.969,3.008,-0.0047,-0.0252
default,rot_on,1.55,-0.0033,-0.0240,0.0027,0.001,0.005,-0.001,2.956,2.941,-0.0048,-0.0240
default,rot_on,1.60,-0.0049,-0.0245,0.0027,0.001,0.005,-0.001,2.943,2.868,-0.0048,-0.0253
default,rot_on,1.65,-0.0061,-0.0245,0.0027,0.001,0.005,-0.001,2.932,2.802,-0.0034,-0.0249
default,rot_on,1.70,-0.0076,-0.0246,0.0027,0.002,0.005,-0.001,2.924,2.732,-0.0014,-0.0221
default,rot_on,1.75,-0.0088,-0.0249,0.0027,0.002,0.005,-0.001,2.917,2.673,-0.0015,-0.0209
default,rot_on,1.80,-0.0095,-0.0249,0.0027,0.002,0.005,-0.001,2.912,2.615,-0.0012,-0.0201
default,rot_on,1.85,-0.0102,-0.0242,0.0027,0.002,0.005,-0.001,2.906,2.565,-0.0014,-0.0157
default,rot_on,1.90,-0.0082,-0.0234,0.0027,0.002,0.005,-0.001,2.901,2.518,-0.0009,-0.0149
default,rot_on,1.95,-0.0060,-0.0225,0.0027,0.001,0.005,-0.001,2.895,2.479,-0.0041,-0.0135
default,rot_on,2.00,-0.0038,-0.0217,0.0027,0.001,0.004,-0.001,2.881,2.441,-0.0065,-0.0126
default,rot_on,2.05,-0.0007,-0.0204,0.0027,0.000,0.004,-0.001,2.854,2.407,-0.0110,-0.0123
default,rot_on,2.10,0.0026,-0.0188,0.0027,-0.001,0.004,-0.001,2.815,2.375,-0.0151,-0.0102
default,rot_on,2.15,0.0062,-0.0173,0.0027,-0.001,0.003,-0.001,2.767,2.347,-0.0185,-0.0091
default,rot_on,2.20,0.0095,-0.0157,0.0027,-0.002,0.003,-0.001,2.708,2.320,-0.0199,-0.0103
default,rot_on,2.25,0.0131,-0.0137,0.0027,-0.003,0.003,-0.001,2.650,2.298,-0.0218,-0.0090
default,rot_on,2.30,0.0168,-0.0118,0.0026,-0.003,0.002,-0.001,2.583,2.275,-0.0224,-0.0063
default,rot_on,2.35,0.0197,-0.0101,0.0025,-0.004,0.002,-0.001,2.522,2.257,-0.0219,-0.0062
default,rot_on,2.40,0.0231,-0.0082,0.0024,-0.005,0.002,-0.000,2.458,2.242,-0.0195,-0.0052
default,rot_on,2.45,0.0265,-0.0065,0.0023,-0.005,0.001,-0.000,2.407,2.229,-0.0171,-0.0022
default,rot_on,2.50,0.0307,-0.0050,0.0022,-0.006,0.001,-0.000,2.358,2.223,-0.0159,-0.0018
default,rot_on,2.55,0.0344,-0.0035,0.0022,-0.007,0.001,-0.000,2.321,2.222,-0.0119,0.0019
default,rot_on,2.60,0.0383,-0.0026,0.0021,-0.008,0.001,-0.000,2.287,2.230,-0.0097,0.0045
default,rot_on,2.65,0.0423,-0.0018,0.0020,-0.008,0.000,-0.000,2.261,2.246,-0.0093,0.0080
default,rot_on,2.70,0.0462,-0.0013,0.0019,-0.009,0.000,-0.000,2.232,2.272,-0.0096,0.0099
default,rot_on,2.75,0.0486,-0.0010,0.0019,-0.010,0.000,-0.000,2.211,2.305,-0.0070,0.0142
default,rot_on,2.80,0.0499,-0.0015,0.0018,-0.010,0.000,-0.000,2.192,2.349,-0.0058,0.0167
default,rot_on,2.85,0.0500,-0.0028,0.0017,-0.010,0.001,-0.000,2.180,2.400,-0.0035,0.0197
default,rot_on,2.90,0.0497,-0.0043,0.0016,-0.010,0.001,-0.000,2.176,2.458,-0.0009,0.0212
default,rot_on,2.95,0.0496,-0.0058,0.0015,-0.010,0.001,-0.000,2.181,2.521,0.0038,0.0239
default,rot_on,3.00,0.0491,-0.0076,0.0013,-0.010,0.002,-0.000,2.201,2.593,0.0083,0.0252
default,rot_on,3.05,0.0480,-0.0094,0.0012,-0.010,0.002,-0.000,2.229,2.665,0.0120,0.0267
default,rot_on,3.10,0.0470,-0.0113,0.0012,-0.009,0.002,-0.000,2.270,2.743,0.0140,0.0265
default,rot_on,3.15,0.0465,-0.0130,0.0011,-0.009,0.003,-0.000,2.313,2.816,0.0154,0.0255
default,rot_on,3.20,0.0455,-0.0146,0.0010,-0.009,0.003,-0.000,2.363,2.892,0.0177,0.0255
default,rot_on,3.25,0.0430,-0.0164,0.0010,-0.009,0.003,-0.000,2.412,2.959,0.0180,0.0230
default,rot_on,3.30,0.0400,-0.0186,0.0010,-0.008,0.004,-0.000,2.467,3.026,0.0169,0.0213
default,rot_on,3.35,0.0362,-0.0212,0.0009,-0.007,0.004,-0.000,2.516,3.083,0.0195,0.0219
default,rot_on,3.40,0.0321,-0.0240,0.0010,-0.006,0.005,-0.000,2.577,3.146,0.0215,0.0212
default,rot_on,3.45,0.0284,-0.0265,0.0010,-0.006,0.005,-0.000,2.640,3.200,0.0254,0.0197
default,rot_on,3.50,0.0240,-0.0289,0.0010,-0.005,0.006,-0.000,2.714,3.254,0.0248,0.0168
default,rot_on,3.55,0.0199,-0.0310,0.0011,-0.004,0.006,-0.000,2.782,3.297,0.0243,0.0141
default,rot_on,3.60,0.0157,-0.0329,0.0011,-0.003,0.007,-0.000,2.856,3.339,0.0241,0.0139
default,rot_on,3.65,0.0142,-0.0329,0.0012,-0.003,0.007,-0.000,2.917,3.368,0.0207,0.0101
default,rot_on,3.70,0.0137,-0.0320,0.0013,-0.003,0.006,-0.000,2.973,3.394,0.0169,0.0068
default,rot_on,3.75,0.0122,-0.0315,0.0014,-0.002,0.006,-0.000,3.012,3.406,0.0084,0.0002
default,rot_on,3.80,0.0114,-0.0303,0.0015,-0.002,0.006,-0.000,3.030,3.402,0.0015,-0.0040
default,rot_on,3.85,0.0102,-0.0295,0.0016,-0.002,0.006,-0.000,3.026,3.385,-0.0062,-0.0093
default,rot_on,3.90,0.0093,-0.0282,0.0017,-0.002,0.006,-0.000,3.003,3.351,-0.0117,-0.0133
default,rot_on,3.95,0.0077,-0.0273,0.0018,-0.002,0.005,-0.000,2.968,3.310,-0.0159,-0.0188
default,rot_on,4.00,0.0062,-0.0258,0.0020,-0.001,0.005,-0.000,2.919,3.256,-0.0187,-0.0195
default,rot_on,4.05,0.0039,-0.0254,0.0021,-0.001,0.005,-0.000,2.866,3.198,-0.0211,-0.0220
default,rot_on,4.10,0.0012,-0.0253,0.0022,-0.000,0.005,-0.000,2.805,3.130,-0.0208,-0.0251
default,rot_on,4.15,-0.0007,-0.0247,0.0022,0.000,0.005,-0.000,2.752,3.066,-0.0187,-0.0232
default,rot_on,4.20,-0.0038,-0.0246,0.0023,0.001,0.005,-0.000,2.698,2.999,-0.0181,-0.0228
default,rot_on,4.25,-0.0067,-0.0240,0.0023,0.001,0.005,-0.000,2.655,2.940,-0.0142,-0.0218
default,rot_on,4.30,-0.0088,-0.0235,0.0024,0.002,0.005,-0.000,2.617,2.879,-0.0122,-0.0192
default,rot_on,4.35,-0.0104,-0.0234,0.0024,0.002,0.005,-0.000,2.591,2.829,-0.0073,-0.0192
default,rot_on,4.40,-0.0116,-0.0232,0.0025,0.002,0.005,-0.000,2.573,2.779,-0.0047,-0.0169
default,rot_on,4.45,-0.0113,-0.0232,0.0025,0.002,0.005,-0.000,2.560,2.735,-0.0037,-0.0162
default,rot_on,4.50,-0.0104,-0.0230,0.0025,0.002,0.005,-0.001,2.548,2.694,-0.0035,-0.0124
default,rot_on,4.55,-0.0089,-0.0244,0.0026,0.002,0.005,-0.001,2.537,2.663,-0.0048,-0.0109
default,rot_on,4.60,-0.0072,-0.0252,0.0026,0.001,0.005,-0.001,2.518,2.635,-0.0077,-0.0077
default,rot_on,4.65,-0.0058,-0.0257,0.0026,0.001,0.005,-0.001,2.496,2.616,-0.0101,-0.0047
default,rot_on,4.70,-0.0052,-0.0261,0.0026,0.001,0.005,-0.001,2.462,2.606,-0.0132,-0.0034
default,rot_on,4.75,-0.0047,-0.0261,0.0026,0.001,0.005,-0.001,2.424,2.602,-0.0161,-0.0010
default,rot_on,4.80,-0.0039,-0.0262,0.0025,0.001,0.005,-0.001,2.380,2.601,-0.0155,-0.0002
default,rot_on,4.85,-0.0008,-0.0248,0.0025,0.000,0.005,-0.000,2.339,2.602,-0.0152,0.0006
default,rot_on,4.90,0.0031,-0.0231,0.0024,-0.001,0.005,-0.000,2.300,2.605,-0.0139,0.0009
default,rot_on,4.95,0.0065,-0.0214,0.0023,-0.001,0.004,-0.000,2.265,2.605,-0.0139,0.0002
default,rot_on,5.00,0.0099,-0.0198,0.0022,-0.002,0.004,-0.000,2.224,2.603,-0.0152,-0.0023
default,rot_on,5.05,0.0124,-0.0184,0.0021,-0.002,0.004,-0.000,2.182,2.595,-0.0159,-0.0025
default,rot_on,5.10,0.0150,-0.0173,0.0020,-0.003,0.003,-0.000,2.133,2.584,-0.0183,-0.0038
default,rot_on,5.15,0.0178,-0.0161,0.0019,-0.004,0.003,-0.000,2.089,2.571,-0.0164,-0.0043
default,rot_on,5.20,0.0201,-0.0152,0.0019,-0.004,0.003,-0.000,2.047,2.558,-0.0147,-0.0048
default,rot_on,5.25,0.0228,-0.0142,0.0018,-0.005,0.003,-0.000,2.014,2.547,-0.0112,-0.0024
default,rot_on,5.30,0.0256,-0.0136,0.0017,-0.005,0.003,-0.000,1.984,2.541,-0.0093,0.0001
default,rot_on,5.35,0.0283,-0.0134,0.0016,-0.006,0.003,-0.000,1.967,2.540,-0.0048,0.0007
default,rot_on,5.40,0.0302,-0.0132,0.0015,-0.006,0.003,-0.000,1.954,2.546,-0.0038,0.0048
default,rot_on,5.45,0.0315,-0.0136,0.0015,-0.006,0.003,-0.000,1.950,2.560,-0.0014,0.0070
default,rot_on,5.50,0.0331,-0.0139,0.0014,-0.007,0.003,-0.000,1.949,2.580,-0.0002,0.0088
default,rot_on,5.55,0.0350,-0.0143,0.0013,-0.007,0.003,-0.000,1.954,2.606,0.0025,0.0119
default,rot_on,5.60,0.0349,-0.0153,0.0012,-0.007,0.003,-0.000,1.967,2.643,0.0048,0.0161
default,rot_on,5.65,0.0351,-0.0164,0.0012,-0.007,0.003,-0.000,1.984,2.685,0.0065,0.0186
default,rot_on,5.70,0.0355,-0.0176,0.0011,-0.007,0.004,-0.000,2.009,2.739,0.0105,0.0189
default,rot_on,5.75,0.0350,-0.0186,0.0011,-0.007,0.004,-0.000,2.043,2.796,0.0140,0.0233
default,rot_on,5.80,0.0351,-0.0199,0.0010,-0.007,0.004,-0.000,2.090,2.862,0.0175,0.0238
default,rot_on,5.85,0.0356,-0.0208,0.0009,-0.007,0.004,-0.000,2.141,2.922,0.0203,0.0234
default,rot_on,5.90,0.0353,-0.0216,0.0009,-0.007,0.004,-0.000,2.203,2.989,0.0214,0.0232
default,rot_on,5.95,0.0350,-0.0228,0.0009,-0.007,0.005,-0.000,2.264,3.048,0.0216,0.0222
default,rot_on,6.00,0.0345,-0.0242,0.0009,-0.007,0.005,-0.000,2.331,3.110,0.0231,0.0212
default,rot_on,6.05,0.0332,-0.0258,0.0009,-0.007,0.005,-0.000,2.393,3.167,0.0224,0.0208
default,rot_on,6.10,0.0320,-0.0274,0.0009,-0.006,0.005,-0.000,2.460,3.227,0.0227,0.0208
default,rot_on,6.15,0.0303,-0.0293,0.0009,-0.006,0.006,-0.000,2.523,3.281,0.0228,0.0202
default,rot_on,6.20,0.0269,-0.0315,0.0010,-0.005,0.006,-0.000,2.590,3.337,0.0222,0.0194
default,rot_on,6.25,0.0235,-0.0335,0.0010,-0.005,0.007,-0.000,2.652,3.385,0.0214,0.0175
default,rot_on,6.30,0.0208,-0.0350,0.0011,-0.004,0.007,-0.000,2.718,3.434,0.0209,0.0165
default,rot_on,6.35,0.0171,-0.0368,0.0011,-0.003,0.007,-0.000,2.778,3.473,0.0207,0.0126
default,rot_on,6.40,0.0165,-0.0364,0.0012,-0.003,0.007,-0.000,2.842,3.508,0.0194,0.0113
default,rot_on,6.45,0.0160,-0.0360,0.0013,-0.003,0.007,-0.000,2.896,3.535,0.0173,0.0082
default,rot_on,6.50,0.0155,-0.0351,0.0014,-0.003,0.007,-0.000,2.946,3.555,0.0133,0.0055
default,rot_on,6.55,0.0146,-0.0344,0.0015,-0.003,0.007,-0.000,2.974,3.560,0.0059,0.0010
default,rot_on,6.60,0.0145,-0.0332,0.0016,-0.003,0.007,-0.000,2.986,3.555,-0.0004,-0.0020
default,rot_on,6.65,0.0125,-0.0324,0.0018,-0.002,0.006,-0.000,2.982,3.540,-0.0053,-0.0047
default,rot_on,6.70,0.0110,-0.0314,0.0019,-0.002,0.006,-0.000,2.964,3.519,-0.0082,-0.0080
default,rot_on,6.75,0.0099,-0.0304,0.0020,-0.002,0.006,-0.000,2.941,3.493,-0.0089,-0.0088
default,rot_on,6.80,0.0090,-0.0294,0.0021,-0.002,0.006,-0.000,2.916,3.461,-0.0089,-0.0110
default,rot_on,6.85,0.0075,-0.0285,0.0022,-0.002,0.006,-0.000,2.892,3.428,-0.0095,-0.0118
default,rot_on,6.90,0.0064,-0.0277,0.0023,-0.001,0.006,-0.000,2.869,3.391,-0.0071,-0.0118
default,rot_on,6.95,0.0048,-0.0272,0.0024,-0.001,0.005,-0.000,2.850,3.355,-0.0075,-0.0144
default,rot_on,7.00,0.0039,-0.0266,0.0024,-0.001,0.005,-0.000,2.832,3.312,-0.0054,-0.0142
default,rot_on,7.05,0.0020,-0.0268,0.0025,-0.000,0.005,-0.001,2.817,3.274,-0.0052,-0.0146
default,rot_on,7.10,0.0010,-0.0267,0.0026,-0.000,0.005,-0.001,2.804,3.231,-0.0041,-0.0145
default,rot_on,7.15,-0.0000,-0.0267,0.0026,0.000,0.005,-0.001,2.796,3.189,-0.0022,-0.0141
default,rot_on,7.20,-0.0006,-0.0267,0.0027,0.000,0.005,-0.001,2.791,3.147,-0.0017,-0.0144
default,rot_on,7.25,-0.0011,-0.0265,0.0027,0.000,0.005,-0.001,2.789,3.106,-0.0003,-0.0135
default,rot_on,7.30,-0.0020,-0.0266,0.0027,0.000,0.005,-0.001,2.788,3.064,-0.0003,-0.0146
default,rot_on,7.35,-0.0018,-0.0262,0.0027,0.000,0.005,-0.001,2.789,3.024,0.0001,-0.0133
default,rot_on,7.40,-0.0017,-0.0261,0.0027,0.000,0.005,-0.001,2.789,2.984,0.0002,-0.0121
default,rot_on,7.45,-0.0020,-0.0264,0.0027,0.000,0.005,-0.001,2.788,2.950,0.0003,-0.0102
default,rot_on,7.50,-0.0016,-0.0265,0.0027,0.000,0.005,-0.001,2.789,2.918,-0.0001,-0.0090
default,rot_on,7.55,-0.0017,-0.0264,0.0027,0.000,0.005,-0.001,2.788,2.890,-0.0014,-0.0075
default,rot_on,7.60,0.0002,-0.0255,0.0027,-0.000,0.005,-0.001,2.787,2.868,-0.0006,-0.0065
default,rot_on,7.65,0.0033,-0.0238,0.0026,-0.001,0.005,-0.001,2.785,2.850,-0.0026,-0.0056
default,rot_on,7.70,0.0060,-0.0222,0.0026,-0.001,0.004,-0.001,2.780,2.833,-0.0038,-0.0058
default,rot_on,7.75,0.0091,-0.0204,0.0025,-0.002,0.004,-0.001,2.768,2.816,-0.0063,-0.0061
default,rot_on,7.80,0.0117,-0.0188,0.0025,-0.002,0.004,-0.001,2.746,2.794,-0.0094,-0.0071
default,rot_on,7.85,0.0145,-0.0171,0.0025,-0.003,0.003,-0.000,2.719,2.772,-0.0125,-0.0091
default,rot_on,7.90,0.0169,-0.0157,0.0025,-0.003,0.003,-0.000,2.682,2.744,-0.0143,-0.0094
default,rot_on,7.95,0.0199,-0.0143,0.0024,-0.004,0.003,-0.000,2.642,2.717,-0.0160,-0.0103
default,rot_on,8.00,0.0225,-0.0130,0.0024,-0.005,0.003,-0.000,2.595,2.686,-0.0173,-0.0108
default,rot_on,8.05,0.0248,-0.0117,0.0024,-0.005,0.002,-0.000,2.548,2.651,-0.0189,-0.0110
default,rot_on,8.10,0.0270,-0.0104,0.0024,-0.005,0.002,-0.000,2.493,2.616,-0.0187,-0.0114
default,rot_on,8.15,0.0296,-0.0091,0.0023,-0.006,0.002,-0.000,2.450,2.588,-0.0154,-0.0093
default,rot_on,8.20,0.0318,-0.0082,0.0023,-0.006,0.002,-0.000,2.409,2.563,-0.0128,-0.0090
default,rot_on,8.25,0.0335,-0.0071,0.0022,-0.007,0.001,-0.000,2.380,2.542,-0.0091,-0.0055
default,rot_on,8.30,0.0356,-0.0065,0.0022,-0.007,0.001,-0.000,2.358,2.528,-0.0058,-0.0040
default,rot_on,8.35,0.0377,-0.0061,0.0021,-0.008,0.001,-0.000,2.346,2.517,-0.0022,-0.0023
default,rot_on,8.40,0.0395,-0.0061,0.0021,-0.008,0.001,-0.000,2.344,2.513,-0.0002,-0.0010
default,rot_on,8.45,0.0412,-0.0061,0.0020,-0.008,0.001,-0.000,2.349,2.515,0.0041,0.0023
default,rot_on,8.50,0.0426,-0.0063,0.0020,-0.009,0.001,-0.000,2.361,2.524,0.0044,0.0051
default,rot_on,8.55,0.0441,-0.0066,0.0020,-0.009,0.001,-0.000,2.379,2.539,0.0071,0.0071
default,rot_on,8.60,0.0449,-0.0070,0.0020,-0.009,0.001,-0.000,2.403,2.559,0.0081,0.0073
default,rot_on,8.65,0.0463,-0.0072,0.0019,-0.009,0.001,-0.000,2.430,2.582,0.0116,0.0086
default,rot_on,8.70,0.0470,-0.0074,0.0018,-0.009,0.001,-0.000,2.466,2.609,0.0136,0.0094
default,rot_on,8.75,0.0478,-0.0075,0.0018,-0.010,0.002,-0.000,2.504,2.634,0.0142,0.0091
default,rot_on,8.80,0.0482,-0.0075,0.0017,-0.010,0.001,-0.000,2.550,2.661,0.0158,0.0088
default,rot_on,8.85,0.0487,-0.0074,0.0017,-0.010,0.001,-0.000,2.596,2.687,0.0175,0.0085
default,rot_on,8.90,0.0485,-0.0072,0.0016,-0.010,0.001,-0.000,2.648,2.712,0.0179,0.0091
default,rot_on,8.95,0.0490,-0.0077,0.0016,-0.010,0.002,-0.000,2.698,2.733,0.0182,0.0066
default,rot_on,9.00,0.0488,-0.0083,0.0015,-0.010,0.002,-0.000,2.753,2.753,0.0189,0.0061
default,rot_on,9.05,0.0479,-0.0092,0.0016,-0.010,0.002,-0.000,2.804,2.770,0.0178,0.0067
default,rot_on,9.10,0.0470,-0.0102,0.0016,-0.009,0.002,-0.000,2.856,2.789,0.0175,0.0063
default,rot_on,9.15,0.0462,-0.0110,0.0016,-0.009,0.002,-0.000,2.903,2.808,0.0159,0.0068
default,rot_on,9.20,0.0447,-0.0120,0.0016,-0.009,0.002,-0.000,2.952,2.826,0.0155,0.0051
default,rot_on,9.25,0.0429,-0.0128,0.0016,-0.009,0.003,-0.000,2.995,2.844,0.0150,0.0058
default,rot_on,9.30,0.0410,-0.0138,0.0016,-0.008,0.003,-0.000,3.039,2.862,0.0145,0.0074
default,rot_on,9.35,0.0385,-0.0151,0.0017,-0.008,0.003,-0.000,3.078,2.879,0.0144,0.0059
default,rot_on,9.40,0.0360,-0.0159,0.0018,-0.007,0.003,-0.000,3.119,2.894,0.0139,0.0045
default,rot_on,9.45,0.0338,-0.0167,0.0019,-0.007,0.003,-0.000,3.156,2.908,0.0128,0.0045
default,rot_on,9.50,0.0319,-0.0174,0.0019,-0.006,0.003,-0.000,3.194,2.918,0.0124,0.0038
default,rot_on,9.55,0.0298,-0.0181,0.0019,-0.006,0.004,-0.000,3.225,2.928,0.0098,0.0022
default,rot_on,9.60,0.0278,-0.0184,0.0020,-0.006,0.004,-0.000,3.255,2.936,0.0072,0.0039
default,rot_on,9.65,0.0255,-0.0190,0.0020,-0.005,0.004,-0.000,3.273,2.943,0.0046,0.0032
default,rot_on,9.70,0.0235,-0.0194,0.0021,-0.005,0.004,-0.000,3.283,2.952,0.0002,0.0025
default,rot_on,9.75,0.0218,-0.0196,0.0021,-0.004,0.004,-0.000,3.284,2.957,-0.0032,0.0023
default,rot_on,9.80,0.0204,-0.0198,0.0022,-0.004,0.004,-0.000,3.275,2.961,-0.0059,0.0004
default,rot_on,9.85,0.0189,-0.0200,0.0022,-0.004,0.004,-0.000,3.257,2.964,-0.0085,0.0000
default,rot_on,9.90,0.0165,-0.0206,0.0022,-0.003,0.004,-0.000,3.229,2.965,-0.0113,-0.0003
default,rot_on,9.95,0.0151,-0.0209,0.0023,-0.003,0.004,-0.000,3.200,2.962,-0.0109,-0.0005
default,rot_on,10.00,0.0130,-0.0213,0.0023,-0.003,0.004,-0.000,3.163,2.959,-0.0140,-0.0011
default,rot_on,10.05,0.0119,-0.0215,0.0024,-0.002,0.004,-0.000,3.130,2.957,-0.0121,-0.0015
default,rot_on,10.10,0.0107,-0.0217,0.0024,-0.002,0.004,-0.000,3.092,2.950,-0.0128,-0.0021
default,rot_on,10.15,0.0100,-0.0217,0.0024,-0.002,0.004,-0.000,3.060,2.946,-0.0121,-0.0033
default,rot_on,10.20,0.0092,-0.0216,0.0024,-0.002,0.004,-0.000,3.025,2.937,-0.0114,-0.0026
default,rot_on,10.25,0.0088,-0.0216,0.0025,-0.002,0.004,-0.000,2.992,2.929,-0.0117,-0.0040
default,rot_on,10.30,0.0080,-0.0214,0.0025,-0.002,0.004,-0.001,2.958,2.917,-0.0128,-0.0042
default,rot_on,10.35,0.0075,-0.0213,0.0025,-0.002,0.004,-0.001,2.927,2.903,-0.0109,-0.0062
default,rot_on,10.40,0.0069,-0.0210,0.0026,-0.001,0.004,-0.001,2.894,2.886,-0.0108,-0.0057
default,rot_on,10.45,0.0062,-0.0211,0.0026,-0.001,0.004,-0.001,2.864,2.865,-0.0110,-0.0081
default,rot_on,10.50,0.0053,-0.0211,0.0026,-0.001,0.004,-0.001,2.830,2.842,-0.0121,-0.0087
default,rot_on,10.55,0.0044,-0.0212,0.0026,-0.001,0.004,-0.001,2.799,2.820,-0.0116,-0.0090
default,rot_on,10.60,0.0035,-0.0214,0.0026,-0.001,0.004,-0.001,2.767,2.795,-0.0104,-0.0087
default,rot_on,10.65,0.0022,-0.0217,0.0026,-0.000,0.004,-0.001,2.738,2.770,-0.0115,-0.0082
default,rot_on,10.70,0.0022,-0.0220,0.0026,-0.000,0.004,-0.001,2.710,2.745,-0.0090,-0.0090
default,rot_on,10.75,0.0019,-0.0219,0.0025,-0.000,0.004,-0.001,2.687,2.722,-0.0094,-0.0091
default,rot_on,10.80,0.0017,-0.0219,0.0025,-0.000,0.004,-0.001,2.661,2.699,-0.0094,-0.0077
default,rot_on,10.85,0.0017,-0.0218,0.0025,-0.000,0.004,-0.000,2.638,2.679,-0.0090,-0.0075
default,rot_on,10.90,0.0019,-0.0215,0.0025,-0.000,0.004,-0.000,2.608,2.657,-0.0119,-0.0070
default,rot_on,10.95,0.0028,-0.0212,0.0024,-0.001,0.004,-0.000,2.577,2.639,-0.0129,-0.0082
default,rot_on,11.00,0.0032,-0.0207,0.0024,-0.001,0.004,-0.000,2.540,2.617,-0.0142,-0.0070
default,rot_on,11.05,0.0039,-0.0203,0.0024,-0.001,0.004,-0.000,2.501,2.597,-0.0156,-0.0087
default,rot_on,11.10,0.0057,-0.0194,0.0023,-0.001,0.004,-0.000,2.457,2.576,-0.0154,-0.0084
default,rot_on,11.15,0.0068,-0.0188,0.0023,-0.001,0.004,-0.000,2.416,2.556,-0.0156,-0.0083
default,rot_on,11.20,0.0083,-0.0178,0.0023,-0.002,0.004,-0.000,2.368,2.537,-0.0168,-0.0061
default,rot_on,11.25,0.0105,-0.0170,0.0022,-0.002,0.003,-0.000,2.325,2.520,-0.0163,-0.0051
default,rot_on,11.30,0.0127,-0.0161,0.0022,-0.003,0.003,-0.000,2.277,2.504,-0.0162,-0.0054
default,rot_on,11.35,0.0147,-0.0154,0.0021,-0.003,0.003,-0.000,2.236,2.492,-0.0155,-0.0049
default,rot_on,11.40,0.0170,-0.0148,0.0020,-0.003,0.003,-0.000,2.193,2.480,-0.0149,-0.0037
default,rot_on,11.45,0.0189,-0.0144,0.0020,-0.004,0.003,-0.000,2.155,2.475,-0.0126,-0.0025
default,rot_on,11.50,0.0210,-0.0140,0.0019,-0.004,0.003,-0.000,2.120,2.471,-0.0126,-0.0002
default,rot_on,11.55,0.0230,-0.0137,0.0019,-0.005,0.003,-0.000,2.089,2.471,-0.0111,0.0007
default,rot_on,11.60,0.0252,-0.0135,0.0018,-0.005,0.003,-0.000,2.061,2.474,-0.0087,0.0021
default,rot_on,11.65,0.0269,-0.0133,0.0018,-0.005,0.003,-0.000,2.039,2.481,-0.0083,0.0048
default,rot_on,11.70,0.0292,-0.0135,0.0017,-0.006,0.003,-0.000,2.021,2.495,-0.0049,0.0053
default,rot_on,11.75,0.0316,-0.0134,0.0016,-0.006,0.003,-0.000,2.014,2.511,-0.0007,0.0063
default,rot_on,11.80,0.0334,-0.0136,0.0015,-0.007,0.003,-0.000,2.016,2.530,0.0019,0.0078
default,rot_on,11.85,0.0340,-0.0141,0.0015,-0.007,0.003,-0.000,2.025,2.554,0.0046,0.0079
default,rot_on,11.90,0.0355,-0.0144,0.0014,-0.007,0.003,-0.000,2.042,2.579,0.0077,0.0094
default,rot_on,11.95,0.0367,-0.0147,0.0013,-0.007,0.003,-0.000,2.067,2.604,0.0111,0.0097
default,rot_on,12.00,0.0375,-0.0151,0.0013,-0.007,0.003,-0.000,2.104,2.633,0.0153,0.0094
default,rot_on,12.05,0.0378,-0.0154,0.0012,-0.008,0.003,-0.000,2.147,2.659,0.0178,0.0099
default,rot_on,12.10,0.0384,-0.0156,0.0012,-0.008,0.003,-0.000,2.201,2.687,0.0200,0.0101
default,rot_on,12.15,0.0392,-0.0158,0.0011,-0.008,0.003,-0.000,2.258,2.713,0.0223,0.0092
default,rot_on,12.20,0.0393,-0.0165,0.0011,-0.008,0.003,-0.000,2.327,2.740,0.0240,0.0096
default,rot_on,12.25,0.0392,-0.0174,0.0011,-0.008,0.003,-0.000,2.394,2.766,0.0241,0.0096
default,rot_on,12.30,0.0385,-0.0184,0.0011,-0.008,0.004,-0.000,2.469,2.796,0.0261,0.0112
default,rot_on,12.35,0.0379,-0.0197,0.0011,-0.008,0.004,-0.000,2.541,2.824,0.0274,0.0120
default,rot_on,12.40,0.0369,-0.0208,0.0011,-0.007,0.004,-0.000,2.619,2.859,0.0253,0.0134
default,rot_on,12.45,0.0361,-0.0220,0.0011,-0.007,0.004,-0.000,2.689,2.893,0.0251,0.0139
default,rot_on,12.50,0.0339,-0.0235,0.0011,-0.007,0.005,-0.000,2.762,2.933,0.0232,0.0138
default,rot_on,12.55,0.0323,-0.0249,0.0012,-0.006,0.005,-0.000,2.828,2.967,0.0234,0.0128
default,rot_on,12.60,0.0304,-0.0261,0.0012,-0.006,0.005,-0.000,2.894,3.003,0.0208,0.0131
default,rot_on,12.65,0.0289,-0.0273,0.0012,-0.006,0.005,-0.000,2.952,3.036,0.0207,0.0122
default,rot_on,12.70,0.0266,-0.0283,0.0013,-0.005,0.006,-0.000,3.010,3.069,0.0192,0.0117
default,rot_on,12.75,0.0246,-0.0293,0.0014,-0.005,0.006,-0.000,3.062,3.098,0.0185,0.0102
default,rot_on,12.80,0.0229,-0.0299,0.0014,-0.005,0.006,-0.000,3.116,3.128,0.0178,0.0101
default,rot_on,12.85,0.0210,-0.0306,0.0015,-0.004,0.006,-0.000,3.163,3.156,0.0156,0.0088
default,rot_on,12.90,0.0192,-0.0310,0.0016,-0.004,0.006,-0.000,3.207,3.177,0.0136,0.0068
default,rot_on,12.95,0.0171,-0.0313,0.0017,-0.003,0.006,-0.000,3.239,3.192,0.0104,0.0041
default,rot_on,13.00,0.0145,-0.0314,0.0018,-0.003,0.006,-0.000,3.266,3.200,0.0067,0.0003
default,rot_on,13.05,0.0127,-0.0311,0.0019,-0.003,0.006,-0.000,3.285,3.199,0.0045,-0.0027
default,rot_on,13.10,0.0104,-0.0309,0.0020,-0.002,0.006,-0.000,3.297,3.188,0.0036,-0.0056
default,rot_on,13.15,0.0082,-0.0303,0.0021,-0.002,0.006,-0.000,3.303,3.168,-0.0008,-0.0089
default,rot_on,13.20,0.0074,-0.0290,0.0022,-0.001,0.006,-0.000,3.300,3.140,-0.0025,-0.0118
default,rot_on,13.25,0.0061,-0.0280,0.0023,-0.001,0.006,-0.000,3.293,3.106,-0.0055,-0.0140
default,rot_on,13.30,0.0037,-0.0278,0.0024,-0.001,0.006,-0.000,3.275,3.063,-0.0082,-0.0172
default,rot_on,13.35,0.0014,-0.0275,0.0025,-0.000,0.005,-0.000,3.251,3.015,-0.0115,-0.0189
default,rot_on,13.40,-0.0004,-0.0273,0.0025,0.000,0.005,-0.001,3.217,2.960,-0.0122,-0.0192
default,rot_on,13.45,-0.0027,-0.0271,0.0026,0.001,0.005,-0.001,3.184,2.909,-0.0132,-0.0187
default,rot_on,13.50,-0.0043,-0.0269,0.0027,0.001,0.005,-0.001,3.146,2.856,-0.0136,-0.0198
default,rot_on,13.55,-0.0057,-0.0263,0.0027,0.001,0.005,-0.001,3.110,2.808,-0.0139,-0.0150
default,rot_on,13.60,-0.0076,-0.0266,0.0028,0.002,0.005,-0.001,3.070,2.762,-0.0144,-0.0158
default,rot_on,13.65,-0.0083,-0.0261,0.0028,0.002,0.005,-0.001,3.034,2.723,-0.0139,-0.0151
default,rot_on,13.70,-0.0091,-0.0256,0.0028,0.002,0.005,-0.001,2.995,2.683,-0.0128,-0.0112
default,rot_on,13.75,-0.0095,-0.0255,0.0028,0.002,0.005,-0.001,2.960,2.650,-0.0129,-0.0103
default,rot_on,13.80,-0.0081,-0.0244,0.0028,0.002,0.005,-0.001,2.922,2.620,-0.0129,-0.0107
default,rot_on,13.85,-0.0057,-0.0228,0.0028,0.001,0.005,-0.001,2.885,2.594,-0.0133,-0.0081
default,rot_on,13.90,-0.0026,-0.0216,0.0028,0.001,0.004,-0.001,2.842,2.570,-0.0148,-0.0073
default,rot_on,13.95,0.0004,-0.0205,0.0028,-0.000,0.004,-0.001,2.794,2.552,-0.0199,-0.0050
default,rot_on,14.00,0.0042,-0.0194,0.0028,-0.001,0.004,-0.001,2.733,2.534,-0.0217,-0.0045
default,rot_on,14.05,0.0080,-0.0177,0.0028,-0.002,0.004,-0.001,2.671,2.523,-0.0242,-0.0018
default,rot_on,14.10,0.0117,-0.0164,0.0027,-0.002,0.003,-0.001,2.599,2.517,-0.0254,0.0000
default,rot_on,14.15,0.0154,-0.0148,0.0026,-0.003,0.003,-0.001,2.529,2.514,-0.0258,0.0009
default,rot_on,14.20,0.0187,-0.0132,0.0026,-0.004,0.003,-0.001,2.452,2.517,-0.0265,0.0027
default,rot_on,14.25,0.0226,-0.0117,0.0025,-0.005,0.002,-0.000,2.382,2.520,-0.0243,0.0027
default,rot_on,14.30,0.0255,-0.0106,0.0024,-0.005,0.002,-0.000,2.313,2.524,-0.0220,0.0012
default,rot_on,14.35,0.0273,-0.0103,0.0023,-0.005,0.002,-0.000,2.256,2.527,-0.0213,0.0019
default,rot_on,14.40,0.0297,-0.0102,0.0022,-0.006,0.002,-0.000,2.200,2.532,-0.0169,0.0011
default,rot_on,14.45,0.0321,-0.0102,0.0021,-0.006,0.002,-0.000,2.162,2.540,-0.0116,0.0033
default,rot_on,14.50,0.0336,-0.0106,0.0021,-0.007,0.002,-0.000,2.135,2.553,-0.0072,0.0049
default,rot_on,14.55,0.0354,-0.0109,0.0020,-0.007,0.002,-0.000,2.123,2.569,-0.0035,0.0066
default,rot_on,14.60,0.0363,-0.0116,0.0019,-0.007,0.002,-0.000,2.121,2.593,0.0015,0.0083
default,rot_on,14.65,0.0366,-0.0124,0.0018,-0.007,0.002,-0.000,2.129,2.617,0.0045,0.0082
default,rot_on,14.70,0.0364,-0.0132,0.0018,-0.007,0.003,-0.000,2.149,2.644,0.0073,0.0103
default,rot_on,14.75,0.0365,-0.0141,0.0017,-0.007,0.003,-0.000,2.176,2.674,0.0113,0.0108
default,rot_on,14.80,0.0362,-0.0150,0.0016,-0.007,0.003,-0.000,2.218,2.707,0.0163,0.0120
default,rot_on,14.85,0.0358,-0.0160,0.0015,-0.007,0.003,-0.000,2.267,2.738,0.0197,0.0116
default,rot_on,14.90,0.0356,-0.0167,0.0015,-0.007,0.003,-0.000,2.330,2.775,0.0219,0.0124
default,rot_on,14.95,0.0358,-0.0174,0.0014,-0.007,0.003,-0.000,2.396,2.806,0.0251,0.0125
strong,rot_off,0.00,0.0000,0.0000,0.0000,0.000,0.000,0.000,3.826,5.780,0.0333,-0.0040
strong,rot_off,0.05,0.0000,0.0000,0.0000,0.000,0.000,0.000,3.921,5.768,0.0297,-0.0047
strong,rot_off,0.10,0.0000,0.0000,0.0000,0.000,0.000,0.000,4.004,5.751,0.0294,-0.0075
strong,rot_off,0.15,0.0000,0.0000,0.0000,0.000,0.000,0.000,4.091,5.728,0.0280,-0.0083
strong,rot_off,0.20,0.0000,0.0000,0.0000,0.000,0.000,0.000,4.166,5.703,0.0252,-0.0091
strong,rot_off,0.25,0.0000,0.0000,0.0000,0.000,0.000,0.000,4.240,5.673,0.0233,-0.0091
strong,rot_off,0.30,0.0000,0.0000,0.0000,0.000,0.000,0.000,4.301,5.643,0.0211,-0.0098
strong,rot_off,0.35,0.0000,0.0000,0.0000,0.000,0.000,0.000,4.362,5.610,0.0176,-0.0094
strong,rot_off,0.40,0.0000,0.0000,0.0000,0.000,0.000,0.000,4.411,5.581,0.0151,-0.0075
strong,rot_off,0.45,0.0000,0.0000,0.0000,0.000,0.000,0.000,4.457,5.552,0.0143,-0.0083
strong,rot_off,0.50,0.0000,0.0000,0.0000,0.000,0.000,0.000,4.495,5.524,0.0111,-0.0084
strong,rot_off,0.55,0.0000,0.0000,0.0000,0.000,0.000,0.000,4.531,5.496,0.0116,-0.0076
strong,rot_off,0.60,0.0000,0.0000,0.0000,0.000,0.000,0.000,4.562,5.470,0.0107,-0.0098
strong,rot_off,0.65,0.0000,0.0000,0.0000,0.000,0.000,0.000,4.593,5.435,0.0099,-0.0111
strong,rot_off,0.70,0.0000,0.0000,0.0000,0.000,0.000,0.000,4.620,5.400,0.0098,-0.0132
strong,rot_off,0.75,0.0000,0.0000,0.0000,0.000,0.000,0.000,4.646,5.357,0.0071,-0.0167
strong,rot_off,0.80,0.0000,0.0000,0.0000,0.000,0.000,0.000,4.666,5.311,0.0071,-0.0159
strong,rot_off,0.85,0.0000,0.0000,0.0000,0.000,0.000,0.000,4.687,5.255,0.0065,-0.0206
strong,rot_off,0.90,0.0000,0.0000,0.0000,0.000,0.000,0.000,4.702,5.200,0.0045,-0.0199
strong,rot_off,0.95,0.0000,0.0000,0.0000,0.000,0.000,0.000,4.717,5.138,0.0053,-0.0195
strong,rot_off,1.00,0.0000,0.0000,0.0000,0.000,0.000,0.000,4.729,5.080,0.0040,-0.0198
strong,rot_off,1.05,0.0000,0.0000,0.0000,0.000,0.000,0.000,4.741,5.019,0.0041,-0.0207
strong,rot_off,1.10,0.0000,0.0000,0.0000,0.000,0.000,0.000,4.751,4.963,0.0044,-0.0189
strong,rot_off,1.15,0.0000,0.0000,0.0000,0.000,0.000,0.000,4.760,4.903,0.0025,-0.0200
strong,rot_off,1.20,0.0000,0.0000,0.0000,0.000,0.000,0.000,4.764,4.850,0.0010,-0.0192
strong,rot_off,1.25,0.0000,0.0000,0.0000,0.000,0.000,0.000,4.766,4.795,-0.0003,-0.0176
strong,rot_off,1.30,0.0000,0.0000,0.0000,0.000,0.000,0.000,4.766,4.746,-0.0006,-0.0171
strong,rot_off,1.35,0.0000,0.0000,0.0000,0.000,0.000,0.000,4.762,4.697,-0.0008,-0.0146
strong,rot_off,1.40,0.0000,0.0000,0.0000,0.000,0.000,0.000,4.757,4.653,-0.0018,-0.0152
strong,rot_off,1.45,0.0000,0.0000,0.0000,0.000,0.000,0.000,4.750,4.608,-0.0032,-0.0139
strong,rot_off,1.50,0.0000,0.0000,0.0000,0.000,0.000,0.000,4.742,4.568,-0.0024,-0.0139
strong,rot_off,1.55,0.0000,0.0000,0.0000,0.000,0.000,0.000,4.730,4.528,-0.0046,-0.0119
strong,rot_off,1.60,0.0000,0.0000,0.0000,0.000,0.000,0.000,4.719,4.493,-0.0035,-0.0111
strong,rot_off,1.65,0.0000,0.0000,0.0000,0.000,0.000,0.000,4.705,4.457,-0.0046,-0.0110
strong,rot_off,1.70,0.0000,0.0000,0.0000,0.000,0.000,0.000,4.691,4.424,-0.0041,-0.0095
strong,rot_off,1.75,0.0000,0.0000,0.0000,0.000,0.000,0.000,4.679,4.397,-0.0037,-0.0095
strong,rot_off,1.80,0.0000,0.0000,0.0000,0.000,0.000,0.000,4.666,4.374,-0.0044,-0.0065
strong,rot_off,1.85,0.0000,0.0000,0.0000,0.000,0.000,0.000,4.651,4.355,-0.0039,-0.0051
strong,rot_off,1.90,0.0000,0.0000,0.0000,0.000,0.000,0.000,4.637,4.341,-0.0030,-0.0032
strong,rot_off,1.95,0.0000,0.0000,0.0000,0.000,0.000,0.000,4.624,4.328,-0.0046,-0.0042
strong,rot_off,2.00,0.0000,0.0000,0.0000,0.000,0.000,0.000,4.611,4.317,-0.0034,-0.0045
strong,rot_off,2.05,0.0000,0.0000,0.0000,0.000,0.000,0.000,4.598,4.305,-0.0047,-0.0046
strong,rot_off,2.10,0.0000,0.0000,0.0000,0.000,0.000,0.000,4.584,4.294,-0.0033,-0.0041
strong,rot_off,2.15,0.0000,0.0000,0.0000,0.000,0.000,0.000,4.572,4.282,-0.0032,-0.0048
strong,rot_off,2.20,0.0000,0.0000,0.0000,0.000,0.000,0.000,4.559,4.269,-0.0029,-0.0046
strong,rot_off,2.25,0.0000,0.0000,0.0000,0.000,0.000,0.000,4.550,4.256,-0.0018,-0.0041
strong,rot_off,2.30,0.0000,0.0000,0.0000,0.000,0.000,0.000,4.543,4.243,-0.0024,-0.0051
strong,rot_off,2.35,0.0000,0.0000,0.0000,0.000,0.000,0.000,4.533,4.232,-0.0016,-0.0044
strong,rot_off,2.40,0.0000,0.0000,0.0000,0.000,0.000,0.000,4.524,4.221,-0.0021,-0.0042
strong,rot_off,2.45,0.0000,0.0000,0.0000,0.000,0.000,0.000,4.517,4.211,-0.0011,-0.0037
strong,rot_off,2.50,0.0000,0.0000,0.0000,0.000,0.000,0.000,4.510,4.200,-0.0017,-0.0032
strong,rot_off,2.55,0.0000,0.0000,0.0000,0.000,0.000,0.000,4.502,4.192,-0.0025,-0.0019
strong,rot_off,2.60,0.0000,0.0000,0.0000,0.000,0.000,0.000,4.492,4.183,-0.0041,-0.0027
strong,rot_off,2.65,0.0000,0.0000,0.0000,0.000,0.000,0.000,4.477,4.175,-0.0064,-0.0031
strong,rot_off,2.70,0.0000,0.0000,0.0000,0.000,0.000,0.000,4.457,4.168,-0.0083,-0.0022
strong,rot_off,2.75,0.0000,0.0000,0.0000,0.000,0.000,0.000,4.429,4.160,-0.0118,-0.0030
strong,rot_off,2.80,0.0000,0.0000,0.0000,0.000,0.000,0.000,4.399,4.153,-0.0120,-0.0023
strong,rot_off,2.85,0.0000,0.0000,0.0000,0.000,0.000,0.000,4.359,4.144,-0.0141,-0.0047
strong,rot_off,2.90,0.0000,0.0000,0.0000,0.000,0.000,0.000,4.319,4.136,-0.0166,-0.0039
strong,rot_off,2.95,0.0000,0.0000,0.0000,0.000,0.000,0.000,4.269,4.126,-0.0186,-0.0032
strong,rot_off,3.00,0.0000,0.0000,0.0000,0.000,0.000,0.000,4.220,4.118,-0.0191,-0.0048
strong,rot_off,3.05,0.0000,0.0000,0.0000,0.000,0.000,0.000,4.164,4.107,-0.0203,-0.0038
strong,rot_off,3.10,0.0000,0.0000,0.0000,0.000,0.000,0.000,4.109,4.098,-0.0199,-0.0038
strong,rot_off,3.15,0.0000,0.0000,0.0000,0.000,0.000,0.000,4.051,4.088,-0.0207,-0.0033
strong,rot_off,3.20,0.0000,0.0000,0.0000,0.000,0.000,0.000,3.997,4.080,-0.0209,-0.0024
strong,rot_off,3.25,0.0000,0.0000,0.0000,0.000,0.000,0.000,3.940,4.072,-0.0204,-0.0021
strong,rot_off,3.30,0.0000,0.0000,0.0000,0.000,0.000,0.000,3.889,4.068,-0.0198,-0.0001
strong,rot_off,3.35,0.0000,0.0000,0.0000,0.000,0.000,0.000,3.833,4.068,-0.0209,-0.0002
strong,rot_off,3.40,0.0000,0.0000,0.0000,0.000,0.000,0.000,3.784,4.071,-0.0194,0.0021
strong,rot_off,3.45,0.0000,0.0000,0.0000,0.000,0.000,0.000,3.731,4.075,-0.0185,0.0022
strong,rot_off,3.50,0.0000,0.0000,0.0000,0.000,0.000,0.000,3.680,4.084,-0.0199,0.0037
strong,rot_off,3.55,0.0000,0.0000,0.0000,0.000,0.000,0.000,3.626,4.097,-0.0194,0.0046
strong,rot_off,3.60,0.0000,0.0000,0.0000,0.000,0.000,0.000,3.577,4.111,-0.0198,0.0058
strong,rot_off,3.65,0.0000,0.0000,0.0000,0.000,0.000,0.000,3.524,4.130,-0.0187,0.0073
strong,rot_off,3.70,0.0000,0.0000,0.0000,0.000,0.000,0.000,3.478,4.147,-0.0173,0.0046
strong,rot_off,3.75,0.0000,0.0000,0.0000,0.000,0.000,0.000,3.434,4.168,-0.0147,0.0077
strong,rot_off,3.80,0.0000,0.0000,0.0000,0.000,0.000,0.000,3.400,4.188,-0.0127,0.0075
strong,rot_off,3.85,0.0000,0.0000,0.0000,0.000,0.000,0.000,3.370,4.208,-0.0098,0.0079
strong,rot_off,3.90,0.0000,0.0000,0.0000,0.000,0.000,0.000,3.350,4.230,-0.0060,0.0083
strong,rot_off,3.95,0.0000,0.0000,0.0000,0.000,0.000,0.000,3.336,4.252,-0.0045,0.0079
strong,rot_off,4.00,0.0000,0.0000,0.0000,0.000,0.000,0.000,3.328,4.274,-0.0023,0.0085
strong,rot_off,4.05,0.0000,0.0000,0.0000,0.000,0.000,0.000,3.327,4.298,-0.0001,0.0090
strong,rot_off,4.10,0.0000,0.0000,0.0000,0.000,0.000,0.000,3.330,4.322,0.0013,0.0095
strong,rot_off,4.15,0.0000,0.0000,0.0000,0.000,0.000,0.000,3.337,4.347,0.0028,0.0094
strong,rot_off,4.20,0.0000,0.0000,0.0000,0.000,0.000,0.000,3.348,4.371,0.0040,0.0097
strong,rot_off,4.25,0.0000,0.0000,0.0000,0.000,0.000,0.000,3.364,4.397,0.0045,0.0099
strong,rot_off,4.30,0.0000,0.0000,0.0000,0.000,0.000,0.000,3.383,4.421,0.0054,0.0085
strong,rot_off,4.35,0.0000,0.0000,0.0000,0.000,0.000,0.000,3.404,4.446,0.0064,0.0090
strong,rot_off,4.40,0.0000,0.0000,0.0000,0.000,0.000,0.000,3.427,4.468,0.0084,0.0085
strong,rot_off,4.45,0.0000,0.0000,0.0000,0.000,0.000,0.000,3.454,4.491,0.0101,0.0077
strong,rot_off,4.50,0.0000,0.0000,0.0000,0.000,0.000,0.000,3.483,4.513,0.0107,0.0082
strong,rot_off,4.55,0.0000,0.0000,0.0000,0.000,0.000,0.000,3.517,4.535,0.0110,0.0081
strong,rot_off,4.60,0.0000,0.0000,0.0000,0.000,0.000,0.000,3.549,4.555,0.0104,0.0077
strong,rot_off,4.65,0.0000,0.0000,0.0000,0.000,0.000,0.000,3.584,4.575,0.0112,0.0065
strong,rot_off,4.70,0.0000,0.0000,0.0000,0.000,0.000,0.000,3.617,4.590,0.0108,0.0054
strong,rot_off,4.75,0.0000,0.0000,0.0000,0.000,0.000,0.000,3.650,4.604,0.0105,0.0046
strong,rot_off,4.80,0.0000,0.0000,0.0000,0.000,0.000,0.000,3.682,4.615,0.0101,0.0039
strong,rot_off,4.85,0.0000,0.0000,0.0000,0.000,0.000,0.000,3.714,4.625,0.0099,0.0042
strong,rot_off,4.90,0.0000,0.0000,0.0000,0.000,0.000,0.000,3.743,4.636,0.0101,0.0039
strong,rot_off,4.95,0.0000,0.0000,0.0000,0.000,0.000,0.000,3.773,4.646,0.0095,0.0038
strong,rot_off,5.00,0.0000,0.0000,0.0000,0.000,0.000,0.000,3.799,4.653,0.0077,0.0022
strong,rot_off,5.05,0.0000,0.0000,0.0000,0.000,0.000,0.000,3.827,4.659,0.0086,0.0022
strong,rot_off,5.10,0.0000,0.0000,0.0000,0.000,0.000,0.000,3.850,4.664,0.0067,0.0006
strong,rot_off,5.15,0.0000,0.0000,0.0000,0.000,0.000,0.000,3.875,4.665,0.0059,0.0020
strong,rot_off,5.20,0.0000,0.0000,0.0000,0.000,0.000,0.000,3.895,4.666,0.0043,-0.0005
strong,rot_off,5.25,0.0000,0.0000,0.0000,0.000,0.000,0.000,3.914,4.664,0.0036,-0.0008
strong,rot_off,5.30,0.0000,0.0000,0.0000,0.000,0.000,0.000,3.927,4.663,0.0025,-0.0023
strong,rot_off,5.35,0.0000,0.0000,0.0000,0.000,0.000,0.000,3.936,4.658,0.0006,-0.0018
strong,rot_off,5.40,0.0000,0.0000,0.0000,0.000,0.000,0.000,3.942,4.654,-0.0012,-0.0025
strong,rot_off,5.45,0.0000,0.0000,0.0000,0.000,0.000,0.000,3.944,4.644,-0.0011,-0.0023
strong,rot_off,5.50,0.0000,0.0000,0.0000,0.000,0.000,0.000,3.946,4.637,-0.0027,-0.0020
strong,rot_off,5.55,0.0000,0.0000,0.0000,0.000,0.000,0.000,3.944,4.626,-0.0020,-0.0034
strong,rot_off,5.60,0.0000,0.0000,0.0000,0.000,0.000,0.000,3.941,4.618,-0.0036,-0.0032
strong,rot_off,5.65,0.0000,0.0000,0.0000,0.000,0.000,0.000,3.936,4.606,-0.0029,-0.0031
strong,rot_off,5.70,0.0000,0.0000,0.0000,0.000,0.000,0.000,3.933,4.595,-0.0021,-0.0036
strong,rot_off,5.75,0.0000,0.0000,0.0000,0.000,0.000,0.000,3.929,4.583,-0.0030,-0.0034
strong,rot_off,5.80,0.0000,0.0000,0.0000,0.000,0.000,0.000,3.927,4.573,-0.0014,-0.0027
strong,rot_off,5.85,0.0000,0.0000,0.0000,0.000,0.000,0.000,3.927,4.564,-0.0011,-0.0021
strong,rot_off,5.90,0.0000,0.0000,0.0000,0.000,0.000,0.000,3.928,4.558,0.0000,-0.0009
strong,rot_off,5.95,0.0000,0.0000,0.0000,0.000,0.000,0.000,3.930,4.554,-0.0004,-0.0003
strong,rot_off,6.00,0.0000,0.0000,0.0000,0.000,0.000,0.000,3.935,4.554,0.0007,0.0025
strong,rot_off,6.05,0.0000,0.0000,0.0000,0.000,0.000,0.000,3.943,4.556,0.0018,0.0027
strong,rot_off,6.10,0.0000,0.0000,0.0000,0.000,0.000,0.000,3.952,4.563,0.0012,0.0043
strong,rot_off,6.15,0.0000,0.0000,0.0000,0.000,0.000,0.000,3.964,4.572,0.0030,0.0054
strong,rot_off,6.20,0.0000,0.0000,0.0000,0.000,0.000,0.000,3.976,4.584,0.0037,0.0071
strong,rot_off,6.25,0.0000,0.0000,0.0000,0.000,0.000,0.000,3.989,4.598,0.0021,0.0072
strong,rot_off,6.30,0.0000,0.0000,0.0000,0.000,0.000,0.000,3.999,4.610,0.0026,0.0049
strong,rot_off,6.35,0.0000,0.0000,0.0000,0.000,0.000,0.000,4.010,4.622,0.0019,0.0058
strong,rot_off,6.40,0.0000,0.0000,0.0000,0.000,0.000,0.000,4.017,4.632,-0.0002,0.0054
strong,rot_off,6.45,0.0000,0.0000,0.0000,0.000,0.000,0.000,4.022,4.644,0.0006,0.0053
strong,rot_off,6.50,0.0000,0.0000,0.0000,0.000,0.000,0.000,4.026,4.656,-0.0007,0.0059
strong,rot_off,6.55,0.0000,0.0000,0.0000,0.000,0.000,0.000,4.030,4.672,0.0001,0.0060
strong,rot_off,6.60,0.0000,0.0000,0.0000,0.000,0.000,0.000,4.031,4.687,-0.0012,0.0080
strong,rot_off,6.65,0.0000,0.0000,0.0000,0.000,0.000,0.000,4.034,4.704,0.0001,0.0074
strong,rot_off,6.70,0.0000,0.0000,0.0000,0.000,0.000,0.000,4.040,4.720,0.0010,0.0075
strong,rot_off,6.75,0.0000,0.0000,0.0000,0.000,0.000,0.000,4.048,4.736,0.0025,0.0064
strong,rot_off,6.80,0.0000,0.0000,0.0000,0.000,0.000,0.000,4.060,4.751,0.0043,0.0073
strong,rot_off,6.85,0.0000,0.0000,0.0000,0.000,0.000,0.000,4.077,4.769,0.0064,0.0070
strong,rot_off,6.90,0.0000,0.0000,0.0000,0.000,0.000,0.000,4.098,4.783,0.0079,0.0064
strong,rot_off,6.95,0.0000,0.0000,0.0000,0.000,0.000,0.000,4.127,4.799,0.0102,0.0081
strong,rot_off,7.00,0.0000,0.0000,0.0000,0.000,0.000,0.000,4.156,4.814,0.0113,0.0067
strong,rot_off,7.05,0.0000,0.0000,0.0000,0.000,0.000,0.000,4.189,4.831,0.0116,0.0077
strong,rot_off,7.10,0.0000,0.0000,0.0000,0.000,0.000,0.000,4.222,4.845,0.0102,0.0052
strong,rot_off,7.15,0.0000,0.0000,0.0000,0.000,0.000,0.000,4.258,4.855,0.0119,0.0039
strong,rot_off,7.20,0.0000,0.0000,0.0000,0.000,0.000,0.000,4.290,4.861,0.0116,0.0017
strong,rot_off,7.25,0.0000,0.0000,0.0000,0.000,0.000,0.000,4.323,4.861,0.0101,0.0011
strong,rot_off,7.30,0.0000,0.0000,0.0000,0.000,0.000,0.000,4.353,4.859,0.0106,-0.0021
strong,rot_off,7.35,0.0000,0.0000,0.0000,0.000,0.000,0.000,4.384,4.849,0.0096,-0.0031
strong,rot_off,7.40,0.0000,0.0000,0.0000,0.000,0.000,0.000,4.413,4.835,0.0100,-0.0048
strong,rot_off,7.45,0.0000,0.0000,0.0000,0.000,0.000,0.000,4.443,4.818,0.0080,-0.0046
strong,rot_off,7.50,0.0000,0.0000,0.0000,0.000,0.000,0.000,4.465,4.803,0.0075,-0.0039
strong,rot_off,7.55,0.0000,0.0000,0.0000,0.000,0.000,0.000,4.487,4.785,0.0053,-0.0045
strong,rot_off,7.60,0.0000,0.0000,0.0000,0.000,0.000,0.000,4.503,4.769,0.0042,-0.0057
strong,rot_off,7.65,0.0000,0.0000,0.0000,0.000,0.000,0.000,4.518,4.752,0.0028,-0.0042
strong,rot_off,7.70,0.0000,0.0000,0.0000,0.000,0.000,0.000,4.526,4.736,0.0014,-0.0041
strong,rot_off,7.75,0.0000,0.0000,0.0000,0.000,0.000,0.000,4.529,4.720,-0.0008,-0.0054
strong,rot_off,7.80,0.0000,0.0000,0.0000,0.000,0.000,0.000,4.525,4.705,-0.0035,-0.0060
strong,rot_off,7.85,0.0000,0.0000,0.0000,0.000,0.000,0.000,4.516,4.684,-0.0049,-0.0073
strong,rot_off,7.90,0.0000,0.0000,0.0000,0.000,0.000,0.000,4.505,4.664,-0.0057,-0.0085
strong,rot_off,7.95,0.0000,0.0000,0.0000,0.000,0.000,0.000,4.488,4.636,-0.0067,-0.0087
strong,rot_off,8.00,0.0000,0.0000,0.0000,0.000,0.000,0.000,4.469,4.607,-0.0071,-0.0118
strong,rot_off,8.05,0.0000,0.0000,0.0000,0.000,0.000,0.000,4.448,4.573,-0.0069,-0.0121
strong,rot_off,8.10,0.0000,0.0000,0.0000,0.000,0.000,0.000,4.430,4.540,-0.0077,-0.0112
strong,rot_off,8.15,0.0000,0.0000,0.0000,0.000,0.000,0.000,4.410,4.504,-0.0064,-0.0117
strong,rot_off,8.20,0.0000,0.0000,0.0000,0.000,0.000,0.000,4.396,4.470,-0.0045,-0.0115
strong,rot_off,8.25,0.0000,0.0000,0.0000,0.000,0.000,0.000,4.384,4.433,-0.0033,-0.0123
strong,rot_off,8.30,0.0000,0.0000,0.0000,0.000,0.000,0.000,4.379,4.401,-0.0012,-0.0100
strong,rot_off,8.35,0.0000,0.0000,0.0000,0.000,0.000,0.000,4.378,4.369,0.0001,-0.0095
strong,rot_off,8.40,0.0000,0.0000,0.0000,0.000,0.000,0.000,4.380,4.338,0.0008,-0.0101
strong,rot_off,8.45,0.0000,0.0000,0.0000,0.000,0.000,0.000,4.387,4.307,0.0018,-0.0085
strong,rot_off,8.50,0.0000,0.0000,0.0000,0.000,0.000,0.000,4.393,4.281,0.0033,-0.0090
strong,rot_off,8.55,0.0000,0.0000,0.0000,0.000,0.000,0.000,4.402,4.251,0.0025,-0.0093
strong,rot_off,8.60,0.0000,0.0000,0.0000,0.000,0.000,0.000,4.410,4.227,0.0030,-0.0080
strong,rot_off,8.65,0.0000,0.0000,0.0000,0.000,0.000,0.000,4.418,4.199,0.0018,-0.0086
strong,rot_off,8.70,0.0000,0.0000,0.0000,0.000,0.000,0.000,4.426,4.177,0.0022,-0.0084
strong,rot_off,8.75,0.0000,0.0000,0.0000,0.000,0.000,0.000,4.433,4.153,0.0024,-0.0072
strong,rot_off,8.80,0.0000,0.0000,0.0000,0.000,0.000,0.000,4.441,4.133,0.0028,-0.0047
strong,rot_off,8.85,0.0000,0.0000,0.0000,0.000,0.000,0.000,4.451,4.114,0.0025,-0.0047
strong,rot_off,8.90,0.0000,0.0000,0.0000,0.000,0.000,0.000,4.459,4.100,0.0026,-0.0055
strong,rot_off,8.95,0.0000,0.0000,0.0000,0.000,0.000,0.000,4.466,4.086,0.0014,-0.0035
strong,rot_off,9.00,0.0000,0.0000,0.0000,0.000,0.000,0.000,4.472,4.075,0.0011,-0.0029
strong,rot_off,9.05,0.0000,0.0000,0.0000,0.000,0.000,0.000,4.475,4.065,0.0003,-0.0013
strong,rot_off,9.10,0.0000,0.0000,0.0000,0.000,0.000,0.000,4.477,4.056,-0.0021,-0.0029
strong,rot_off,9.15,0.0000,0.0000,0.0000,0.000,0.000,0.000,4.474,4.048,-0.0024,-0.0028
strong,rot_off,9.20,0.0000,0.0000,0.0000,0.000,0.000,0.000,4.471,4.042,-0.0023,-0.0027
strong,rot_off,9.25,0.0000,0.0000,0.0000,0.000,0.000,0.000,4.464,4.035,-0.0019,-0.0029
strong,rot_off,9.30,0.0000,0.0000,0.0000,0.000,0.000,0.000,4.457,4.028,-0.0045,-0.0036
strong,rot_off,9.35,0.0000,0.0000,0.0000,0.000,0.000,0.000,4.446,4.021,-0.0048,-0.0013
strong,rot_off,9.40,0.0000,0.0000,0.0000,0.000,0.000,0.000,4.437,4.014,-0.0043,-0.0038
strong,rot_off,9.45,0.0000,0.0000,0.0000,0.000,0.000,0.000,4.421,4.004,-0.0058,-0.0037
strong,rot_off,9.50,0.0000,0.0000,0.0000,0.000,0.000,0.000,4.407,3.994,-0.0073,-0.0027
strong,rot_off,9.55,0.0000,0.0000,0.0000,0.000,0.000,0.000,4.388,3.984,-0.0071,-0.0033
strong,rot_off,9.60,0.0000,0.0000,0.0000,0.000,0.000,0.000,4.369,3.976,-0.0065,-0.0020
strong,rot_off,9.65,0.0000,0.0000,0.0000,0.000,0.000,0.000,4.348,3.968,-0.0090,-0.0030
strong,rot_off,9.70,0.0000,0.0000,0.0000,0.000,0.000,0.000,4.327,3.964,-0.0082,-0.0007
strong,rot_off,9.75,0.0000,0.0000,0.0000,0.000,0.000,0.000,4.303,3.962,-0.0082,0.0013
strong,rot_off,9.80,0.0000,0.0000,0.0000,0.000,0.000,0.000,4.280,3.963,-0.0091,0.0009
strong,rot_off,9.85,0.0000,0.0000,0.0000,0.000,0.000,0.000,4.255,3.968,-0.0085,0.0022
strong,rot_off,9.90,0.0000,0.0000,0.0000,0.000,0.000,0.000,4.236,3.976,-0.0072,0.0040
strong,rot_off,9.95,0.0000,0.0000,0.0000,0.000,0.000,0.000,4.218,3.990,-0.0061,0.0057
strong,rot_off,10.00,0.0000,0.0000,0.0000,0.000,0.000,0.000,4.202,4.004,-0.0056,0.0060
strong,rot_off,10.05,0.0000,0.0000,0.0000,0.000,0.000,0.000,4.188,4.020,-0.0041,0.0059
strong,rot_off,10.10,0.0000,0.0000,0.0000,0.000,0.000,0.000,4.178,4.036,-0.0047,0.0059
strong,rot_off,10.15,0.0000,0.0000,0.0000,0.000,0.000,0.000,4.169,4.053,-0.0013,0.0047
strong,rot_off,10.20,0.0000,0.0000,0.0000,0.000,0.000,0.000,4.164,4.069,-0.0008,0.0060
strong,rot_off,10.25,0.0000,0.0000,0.0000,0.000,0.000,0.000,4.162,4.084,-0.0003,0.0055
strong,rot_off,10.30,0.0000,0.0000,0.0000,0.000,0.000,0.000,4.160,4.097,-0.0005,0.0041
strong,rot_off,10.35,0.0000,0.0000,0.0000,0.000,0.000,0.000,4.160,4.110,-0.0007,0.0033
strong,rot_off,10.40,0.0000,0.0000,0.0000,0.000,0.000,0.000,4.162,4.122,-0.0002,0.0030
strong,rot_off,10.45,0.0000,0.0000,0.0000,0.000,0.000,0.000,4.164,4.134,-0.0004,0.0063
strong,rot_off,10.50,0.0000,0.0000,0.0000,0.000,0.000,0.000,4.164,4.145,-0.0013,0.0025
strong,rot_off,10.55,0.0000,0.0000,0.0000,0.000,0.000,0.000,4.162,4.152,-0.0010,0.0031
strong,rot_off,10.60,0.0000,0.0000,0.0000,0.000,0.000,0.000,4.159,4.163,-0.0017,0.0045
strong,rot_off,10.65,0.0000,0.0000,0.0000,0.000,0.000,0.000,4.159,4.171,-0.0010,0.0031
strong,rot_off,10.70,0.0000,0.0000,0.0000,0.000,0.000,0.000,4.160,4.179,-0.0012,0.0038
strong,rot_off,10.75,0.0000,0.0000,0.0000,0.000,0.000,0.000,4.160,4.188,-0.0016,0.0034
strong,rot_off,10.80,0.0000,0.0000,0.0000,0.000,0.000,0.000,4.161,4.196,-0.0012,0.0045
strong,rot_off,10.85,0.0000,0.0000,0.0000,0.000,0.000,0.000,4.158,4.207,-0.0027,0.0029
strong,rot_off,10.90,0.0000,0.0000,0.0000,0.000,0.000,0.000,4.153,4.214,-0.0024,0.0040
strong,rot_off,10.95,0.0000,0.0000,0.0000,0.000,0.000,0.000,4.147,4.224,-0.0038,0.0036
strong,rot_off,11.00,0.0000,0.0000,0.0000,0.000,0.000,0.000,4.139,4.234,-0.0037,0.0033
strong,rot_off,11.05,0.0000,0.0000,0.0000,0.000,0.000,0.000,4.130,4.246,-0.0033,0.0051
strong,rot_off,11.10,0.0000,0.0000,0.0000,0.000,0.000,0.000,4.123,4.259,-0.0040,0.0044
strong,rot_off,11.15,0.0000,0.0000,0.0000,0.000,0.000,0.000,4.114,4.274,-0.0052,0.0058
strong,rot_off,11.20,0.0000,0.0000,0.0000,0.000,0.000,0.000,4.106,4.290,-0.0042,0.0072
strong,rot_off,11.25,0.0000,0.0000,0.0000,0.000,0.000,0.000,4.098,4.310,-0.0032,0.0074
strong,rot_off,11.30,0.0000,0.0000,0.0000,0.000,0.000,0.000,4.093,4.328,-0.0035,0.0066
strong,rot_off,11.35,0.0000,0.0000,0.0000,0.000,0.000,0.000,4.087,4.348,-0.0034,0.0064
strong,rot_off,11.40,0.0000,0.0000,0.0000,0.000,0.000,0.000,4.082,4.366,-0.0020,0.0062
strong,rot_off,11.45,0.0000,0.0000,0.0000,0.000,0.000,0.000,4.077,4.384,-0.0035,0.0061
strong,rot_off,11.50,0.0000,0.0000,0.0000,0.000,0.000,0.000,4.073,4.399,-0.0025,0.0052
strong,rot_off,11.55,0.0000,0.0000,0.0000,0.000,0.000,0.000,4.069,4.414,-0.0041,0.0047
strong,rot_off,11.60,0.0000,0.0000,0.0000,0.000,0.000,0.000,4.065,4.427,-0.0026,0.0035
strong,rot_off,11.65,0.0000,0.0000,0.0000,0.000,0.000,0.000,4.061,4.434,-0.0028,0.0020
strong,rot_off,11.70,0.0000,0.0000,0.0000,0.000,0.000,0.000,4.056,4.440,-0.0026,0.0010
strong,rot_off,11.75,0.0000,0.0000,0.0000,0.000,0.000,0.000,4.053,4.442,-0.0019,0.0005
strong,rot_off,11.80,0.0000,0.0000,0.0000,0.000,0.000,0.000,4.051,4.440,-0.0022,-0.0008
strong,rot_off,11.85,0.0000,0.0000,0.0000,0.000,0.000,0.000,4.050,4.439,-0.0007,-0.0002
strong,rot_off,11.90,0.0000,0.0000,0.0000,0.000,0.000,0.000,4.051,4.435,0.0009,-0.0007
strong,rot_off,11.95,0.0000,0.0000,0.0000,0.000,0.000,0.000,4.056,4.432,0.0020,-0.0009
strong,rot_off,12.00,0.0000,0.0000,0.0000,0.000,0.000,0.000,4.067,4.429,0.0034,-0.0002
strong,rot_off,12.05,0.0000,0.0000,0.0000,0.000,0.000,0.000,4.081,4.426,0.0052,-0.0004
strong,rot_off,12.10,0.0000,0.0000,0.0000,0.000,0.000,0.000,4.099,4.425,0.0075,0.0016
strong,rot_off,12.15,0.0000,0.0000,0.0000,0.000,0.000,0.000,4.124,4.424,0.0086,0.0014
strong,rot_off,12.20,0.0000,0.0000,0.0000,0.000,0.000,0.000,4.151,4.425,0.0086,0.0018
strong,rot_off,12.25,0.0000,0.0000,0.0000,0.000,0.000,0.000,4.181,4.426,0.0101,0.0009
strong,rot_off,12.30,0.0000,0.0000,0.0000,0.000,0.000,0.000,4.209,4.429,0.0101,0.0025
strong,rot_off,12.35,0.0000,0.0000,0.0000,0.000,0.000,0.000,4.238,4.431,0.0090,0.0015
strong,rot_off,12.40,0.0000,0.0000,0.0000,0.000,0.000,0.000,4.265,4.434,0.0096,0.0018
strong,rot_off,12.45,0.0000,0.0000,0.0000,0.000,0.000,0.000,4.294,4.438,0.0098,0.0022
strong,rot_off,12.50,0.0000,0.0000,0.0000,0.000,0.000,0.000,4.320,4.440,0.0094,0.0021
strong,rot_off,12.55,0.0000,0.0000,0.0000,0.000,0.000,0.000,4.347,4.443,0.0079,0.0010
strong,rot_off,12.60,0.0000,0.0000,0.0000,0.000,0.000,0.000,4.371,4.443,0.0084,-0.0002
strong,rot_off,12.65,0.0000,0.0000,0.0000,0.000,0.000,0.000,4.397,4.441,0.0081,-0.0002
strong,rot_off,12.70,0.0000,0.0000,0.0000,0.000,0.000,0.000,4.420,4.440,0.0070,0.0005
strong,rot_off,12.75,0.0000,0.0000,0.0000,0.000,0.000,0.000,4.443,4.438,0.0064,0.0008
strong,rot_off,12.80,0.0000,0.0000,0.0000,0.000,0.000,0.000,4.460,4.438,0.0060,0.0022
strong,rot_off,12.85,0.0000,0.0000,0.0000,0.000,0.000,0.000,4.480,4.439,0.0062,0.0024
strong,rot_off,12.90,0.0000,0.0000,0.0000,0.000,0.000,0.000,4.497,4.442,0.0058,0.0029
strong,rot_off,12.95,0.0000,0.0000,0.0000,0.000,0.000,0.000,4.514,4.447,0.0063,0.0036
strong,rot_off,13.00,0.0000,0.0000,0.0000,0.000,0.000,0.000,4.529,4.453,0.0044,0.0041
strong,rot_off,13.05,0.0000,0.0000,0.0000,0.000,0.000,0.000,4.542,4.460,0.0034,0.0041
strong,rot_off,13.10,0.0000,0.0000,0.0000,0.000,0.000,0.000,4.554,4.469,0.0034,0.0051
strong,rot_off,13.15,0.0000,0.0000,0.0000,0.000,0.000,0.000,4.565,4.479,0.0039,0.0054
strong,rot_off,13.20,0.0000,0.0000,0.0000,0.000,0.000,0.000,4.575,4.490,0.0039,0.0044
strong,rot_off,13.25,0.0000,0.0000,0.0000,0.000,0.000,0.000,4.588,4.500,0.0038,0.0052
strong,rot_off,13.30,0.0000,0.0000,0.0000,0.000,0.000,0.000,4.599,4.510,0.0036,0.0047
strong,rot_off,13.35,0.0000,0.0000,0.0000,0.000,0.000,0.000,4.611,4.519,0.0044,0.0045
strong,rot_off,13.40,0.0000,0.0000,0.0000,0.000,0.000,0.000,4.622,4.526,0.0039,0.0031
strong,rot_off,13.45,0.0000,0.0000,0.0000,0.000,0.000,0.000,4.635,4.532,0.0033,0.0029
strong,rot_off,13.50,0.0000,0.0000,0.0000,0.000,0.000,0.000,4.646,4.536,0.0038,0.0020
strong,rot_off,13.55,0.0000,0.0000,0.0000,0.000,0.000,0.000,4.657,4.538,0.0026,0.0013
strong,rot_off,13.60,0.0000,0.0000,0.0000,0.000,0.000,0.000,4.665,4.537,0.0022,-0.0011
strong,rot_off,13.65,0.0000,0.0000,0.0000,0.000,0.000,0.000,4.672,4.533,0.0021,-0.0019
strong,rot_off,13.70,0.0000,0.0000,0.0000,0.000,0.000,0.000,4.675,4.523,0.0002,-0.0034
strong,rot_off,13.75,0.0000,0.0000,0.0000,0.000,0.000,0.000,4.678,4.509,0.0010,-0.0048
strong,rot_off,13.80,0.0000,0.0000,0.0000,0.000,0.000,0.000,4.682,4.492,0.0015,-0.0071
strong,rot_off,13.85,0.0000,0.0000,0.0000,0.000,0.000,0.000,4.685,4.470,0.0016,-0.0083
strong,rot_off,13.90,0.0000,0.0000,0.0000,0.000,0.000,0.000,4.688,4.445,0.0013,-0.0081
strong,rot_off,13.95,0.0000,0.0000,0.0000,0.000,0.000,0.000,4.691,4.417,0.0009,-0.0093
strong,rot_off,14.00,0.0000,0.0000,0.0000,0.000,0.000,0.000,4.694,4.389,-0.0000,-0.0092
strong,rot_off,14.05,0.0000,0.0000,0.0000,0.000,0.000,0.000,4.693,4.359,-0.0018,-0.0094
strong,rot_off,14.10,0.0000,0.0000,0.0000,0.000,0.000,0.000,4.689,4.332,-0.0025,-0.0090
strong,rot_off,14.15,0.0000,0.0000,0.0000,0.000,0.000,0.000,4.682,4.304,-0.0040,-0.0086
strong,rot_off,14.20,0.0000,0.0000,0.0000,0.000,0.000,0.000,4.672,4.281,-0.0069,-0.0076
strong,rot_off,14.25,0.0000,0.0000,0.0000,0.000,0.000,0.000,4.657,4.255,-0.0072,-0.0083
strong,rot_off,14.30,0.0000,0.0000,0.0000,0.000,0.000,0.000,4.641,4.231,-0.0065,-0.0084
strong,rot_off,14.35,0.0000,0.0000,0.0000,0.000,0.000,0.000,4.622,4.204,-0.0082,-0.0106
strong,rot_off,14.40,0.0000,0.0000,0.0000,0.000,0.000,0.000,4.603,4.179,-0.0091,-0.0081
strong,rot_off,14.45,0.0000,0.0000,0.0000,0.000,0.000,0.000,4.580,4.153,-0.0085,-0.0089
strong,rot_off,14.50,0.0000,0.0000,0.0000,0.000,0.000,0.000,4.558,4.126,-0.0097,-0.0090
strong,rot_off,14.55,0.0000,0.0000,0.0000,0.000,0.000,0.000,4.531,4.098,-0.0106,-0.0104
strong,rot_off,14.60,0.0000,0.0000,0.0000,0.000,0.000,0.000,4.506,4.070,-0.0101,-0.0097
strong,rot_off,14.65,0.0000,0.0000,0.0000,0.000,0.000,0.000,4.480,4.038,-0.0108,-0.0122
strong,rot_off,14.70,0.0000,0.0000,0.0000,0.000,0.000,0.000,4.453,4.008,-0.0100,-0.0118
strong,rot_off,14.75,0.0000,0.0000,0.0000,0.000,0.000,0.000,4.425,3.972,-0.0103,-0.0129
strong,rot_off,14.80,0.0000,0.0000,0.0000,0.000,0.000,0.000,4.399,3.937,-0.0089,-0.0134
strong,rot_off,14.85,0.0000,0.0000,0.0000,0.000,0.000,0.000,4.373,3.897,-0.0096,-0.0133
strong,rot_off,14.90,0.0000,0.0000,0.0000,0.000,0.000,0.000,4.349,3.861,-0.0095,-0.0130
strong,rot_off,14.95,0.0000,0.0000,0.0000,0.000,0.000,0.000,4.327,3.822,-0.0084,-0.0131
strong,rot_on,0.00,0.0000,0.0000,0.0000,0.000,0.000,0.000,4.223,5.475,0.0304,-0.0103
strong,rot_on,0.05,0.0000,0.0000,0.0000,0.000,0.000,0.000,4.324,5.435,0.0287,-0.0114
strong,rot_on,0.10,0.0000,0.0000,0.0000,0.000,0.000,0.000,4.409,5.394,0.0278,-0.0136
strong,rot_on,0.15,0.0000,0.0000,0.0000,0.000,0.000,0.000,4.487,5.353,0.0285,-0.0144
strong,rot_on,0.20,0.0000,0.0000,0.0000,0.000,0.000,0.000,4.568,5.305,0.0262,-0.0172
strong,rot_on,0.25,0.0000,0.0000,0.0000,0.000,0.000,0.000,4.640,5.256,0.0268,-0.0168
strong,rot_on,0.30,0.0000,0.0000,0.0000,0.000,0.000,0.000,4.719,5.201,0.0269,-0.0182
strong,rot_on,0.35,0.0000,0.0000,0.0000,0.000,0.000,0.000,4.789,5.146,0.0271,-0.0197
strong,rot_on,0.40,0.0000,0.0000,0.0000,0.000,0.000,0.000,4.867,5.084,0.0284,-0.0210
strong,rot_on,0.45,0.0000,0.0000,0.0000,0.000,0.000,0.000,4.942,5.026,0.0285,-0.0205
strong,rot_on,0.50,0.0000,0.0000,0.0000,0.000,0.000,0.000,5.023,4.961,0.0294,-0.0215
strong,rot_on,0.55,0.0000,0.0000,0.0000,0.000,0.000,0.000,5.097,4.901,0.0289,-0.0208
strong,rot_on,0.60,0.0000,0.0000,0.0000,0.000,0.000,0.000,5.178,4.836,0.0278,-0.0214
strong,rot_on,0.65,0.0000,0.0000,0.0000,0.000,0.000,0.000,5.249,4.776,0.0274,-0.0218
strong,rot_on,0.70,0.0000,0.0000,0.0000,0.000,0.000,0.000,5.324,4.709,0.0263,-0.0224
strong,rot_on,0.75,0.0000,0.0000,0.0000,0.000,0.000,0.000,5.392,4.648,0.0249,-0.0227
strong,rot_on,0.80,0.0000,0.0000,0.0000,0.000,0.000,0.000,5.459,4.580,0.0228,-0.0232
strong,rot_on,0.85,0.0000,0.0000,0.0000,0.000,0.000,0.000,5.515,4.514,0.0205,-0.0245
strong,rot_on,0.90,0.0000,0.0000,0.0000,0.000,0.000,0.000,5.567,4.442,0.0168,-0.0241
strong,rot_on,0.95,-0.0122,-0.0449,0.0055,0.002,0.009,-0.001,5.606,4.376,0.0150,-0.0249
strong,rot_on,1.00,-0.0131,-0.0449,0.0055,0.003,0.009,-0.001,5.639,4.304,0.0109,-0.0227
strong,rot_on,1.05,-0.0114,-0.0422,0.0055,0.002,0.008,-0.001,5.673,4.305,0.0174,0.0239
strong,rot_on,1.10,-0.0124,-0.0463,0.0055,0.002,0.009,-0.001,5.727,4.385,0.0209,0.0253
strong,rot_on,1.15,-0.0121,-0.0462,0.0055,0.002,0.009,-0.001,5.773,4.439,0.0144,0.0140
strong,rot_on,1.20,-0.0111,-0.0456,0.0055,0.002,0.009,-0.001,5.809,4.464,0.0102,0.0040
strong,rot_on,1.25,-0.0103,-0.0447,0.0055,0.002,0.009,-0.001,5.827,4.462,0.0046,-0.0062
strong,rot_on,1.30,-0.0105,-0.0441,0.0056,0.002,0.009,-0.001,5.827,4.425,-0.0023,-0.0177
strong,rot_on,1.35,-0.0101,-0.0431,0.0056,0.002,0.009,-0.001,5.811,4.363,-0.0074,-0.0264
strong,rot_on,1.40,-0.0103,-0.0423,0.0056,0.002,0.008,-0.001,5.778,4.272,-0.0122,-0.0331
strong,rot_on,1.45,-0.0100,-0.0411,0.0056,0.002,0.008,-0.001,5.737,4.174,-0.0164,-0.0374
strong,rot_on,1.50,-0.0114,-0.0397,0.0056,0.002,0.008,-0.001,5.679,4.059,-0.0195,-0.0397
strong,rot_on,1.55,-0.0138,-0.0391,0.0056,0.003,0.008,-0.001,5.621,3.951,-0.0217,-0.0400
strong,rot_on,1.60,-0.0160,-0.0386,0.0055,0.003,0.008,-0.001,5.552,3.834,-0.0230,-0.0395
strong,rot_on,1.65,-0.0180,-0.0381,0.0055,0.004,0.008,-0.001,5.488,3.728,-0.0221,-0.0385
strong,rot_on,1.70,-0.0208,-0.0375,0.0055,0.004,0.008,-0.001,5.423,3.619,-0.0201,-0.0356
strong,rot_on,1.75,-0.0231,-0.0372,0.0054,0.005,0.007,-0.001,5.368,3.528,-0.0185,-0.0323
strong,rot_on,1.80,-0.0253,-0.0370,0.0054,0.005,0.007,-0.001,5.315,3.438,-0.0175,-0.0303
strong,rot_on,1.85,-0.0261,-0.0363,0.0053,0.005,0.007,-0.001,5.269,3.364,-0.0146,-0.0257
strong,rot_on,1.90,-0.0278,-0.0359,0.0053,0.006,0.007,-0.001,5.223,3.292,-0.0162,-0.0241
strong,rot_on,1.95,-0.0275,-0.0357,0.0053,0.006,0.007,-0.001,5.173,3.232,-0.0191,-0.0211
strong,rot_on,2.00,-0.0262,-0.0362,0.0053,0.005,0.007,-0.001,5.114,3.176,-0.0214,-0.0187
strong,rot_on,2.05,-0.0240,-0.0371,0.0053,0.005,0.007,-0.001,5.050,3.131,-0.0257,-0.0166
strong,rot_on,2.10,-0.0235,-0.0371,0.0053,0.005,0.007,-0.001,4.967,3.094,-0.0315,-0.0115
strong,rot_on,2.15,-0.0221,-0.0368,0.0053,0.004,0.007,-0.001,4.875,3.068,-0.0351,-0.0090
strong,rot_on,2.20,-0.0192,-0.0355,0.0052,0.004,0.007,-0.001,4.768,3.046,-0.0363,-0.0087
strong,rot_on,2.25,-0.0158,-0.0337,0.0051,0.003,0.007,-0.001,4.664,3.028,-0.0388,-0.0070
strong,rot_on,2.30,-0.0136,-0.0323,0.0050,0.003,0.006,-0.001,4.545,3.009,-0.0402,-0.0076
strong,rot_on,2.35,-0.0107,-0.0306,0.0049,0.002,0.006,-0.001,4.434,2.989,-0.0403,-0.0088
strong,rot_on,2.40,-0.0085,-0.0289,0.0048,0.002,0.006,-0.001,4.315,2.969,-0.0390,-0.0084
strong,rot_on,2.45,-0.0049,-0.0270,0.0047,0.001,0.005,-0.001,4.210,2.951,-0.0366,-0.0076
strong,rot_on,2.50,-0.0019,-0.0256,0.0046,0.000,0.005,-0.001,4.103,2.934,-0.0353,-0.0063
strong,rot_on,2.55,0.0019,-0.0240,0.0044,-0.000,0.005,-0.001,4.009,2.920,-0.0331,-0.0049
strong,rot_on,2.60,0.0051,-0.0226,0.0043,-0.001,0.005,-0.001,3.916,2.914,-0.0300,-0.0013
strong,rot_on,2.65,0.0086,-0.0213,0.0042,-0.002,0.004,-0.001,3.837,2.915,-0.0284,0.0009
strong,rot_on,2.70,0.0120,-0.0205,0.0041,-0.002,0.004,-0.001,3.760,2.923,-0.0245,0.0049
strong,rot_on,2.75,0.0150,-0.0201,0.0040,-0.003,0.004,-0.001,3.698,2.942,-0.0227,0.0084
strong,rot_on,2.80,0.0181,-0.0199,0.0038,-0.004,0.004,-0.001,3.636,2.973,-0.0204,0.0116
strong,rot_on,2.85,0.0223,-0.0194,0.0037,-0.004,0.004,-0.001,3.585,3.012,-0.0170,0.0161
strong,rot_on,2.90,0.0263,-0.0189,0.0036,-0.005,0.004,-0.001,3.539,3.067,-0.0157,0.0190
strong,rot_on,2.95,0.0318,-0.0178,0.0034,-0.006,0.004,-0.001,3.503,3.125,-0.0126,0.0223
strong,rot_on,3.00,0.0334,-0.0179,0.0033,-0.007,0.004,-0.001,3.468,3.195,-0.0119,0.0236
strong,rot_on,3.05,0.0346,-0.0185,0.0032,-0.007,0.004,-0.001,3.438,3.260,-0.0114,0.0233
strong,rot_on,3.10,0.0355,-0.0191,0.0030,-0.007,0.004,-0.001,3.410,3.335,-0.0082,0.0251
strong,rot_on,3.15,0.0362,-0.0201,0.0029,-0.007,0.004,-0.001,3.393,3.407,-0.0045,0.0260
strong,rot_on,3.20,0.0364,-0.0216,0.0028,-0.007,0.004,-0.001,3.391,3.489,0.0009,0.0278
strong,rot_on,3.25,0.0368,-0.0230,0.0028,-0.007,0.005,-0.001,3.403,3.568,0.0057,0.0292
strong,rot_on,3.30,0.0365,-0.0250,0.0027,-0.007,0.005,-0.001,3.432,3.655,0.0109,0.0302
strong,rot_on,3.35,0.0367,-0.0269,0.0025,-0.007,0.005,-0.001,3.467,3.737,0.0135,0.0307
strong,rot_on,3.40,0.0357,-0.0291,0.0025,-0.007,0.006,-0.000,3.516,3.832,0.0160,0.0310
strong,rot_on,3.45,0.0328,-0.0318,0.0025,-0.007,0.006,-0.000,3.566,3.920,0.0179,0.0325
strong,rot_on,3.50,0.0291,-0.0348,0.0024,-0.006,0.007,-0.000,3.620,4.018,0.0174,0.0341
strong,rot_on,3.55,0.0259,-0.0388,0.0024,-0.005,0.008,-0.000,3.673,4.107,0.0180,0.0313
strong,rot_on,3.60,0.0224,-0.0423,0.0023,-0.004,0.008,-0.000,3.736,4.203,0.0214,0.0336
strong,rot_on,3.65,0.0172,-0.0463,0.0024,-0.003,0.009,-0.000,3.799,4.293,0.0219,0.0343
strong,rot_on,3.70,0.0115,-0.0500,0.0024,-0.002,0.010,-0.000,3.870,4.393,0.0229,0.0359
strong,rot_on,3.75,0.0117,-0.0506,0.0023,-0.002,0.010,-0.000,3.936,4.485,0.0239,0.0340
strong,rot_on,3.80,0.0115,-0.0506,0.0024,-0.002,0.010,-0.000,4.010,4.583,0.0234,0.0338
strong,rot_on,3.85,0.0112,-0.0509,0.0025,-0.002,0.010,-0.000,4.079,4.670,0.0214,0.0305
strong,rot_on,3.90,0.0104,-0.0511,0.0025,-0.002,0.010,-0.001,4.137,4.746,0.0157,0.0236
strong,rot_on,3.95,0.0097,-0.0509,0.0026,-0.002,0.010,-0.001,4.173,4.800,0.0091,0.0172
strong,rot_on,4.00,0.0085,-0.0506,0.0028,-0.002,0.010,-0.001,4.192,4.844,0.0025,0.0118
strong,rot_on,4.05,0.0074,-0.0501,0.0029,-0.001,0.010,-0.001,4.194,4.870,-0.0020,0.0079
strong,rot_on,4.10,0.0064,-0.0498,0.0030,-0.001,0.010,-0.001,4.186,4.885,-0.0046,0.0036
strong,rot_on,4.15,0.0059,-0.0492,0.0031,-0.001,0.010,-0.001,4.173,4.889,-0.0056,0.0005
strong,rot_on,4.20,0.0052,-0.0487,0.0031,-0.001,0.010,-0.001,4.155,4.885,-0.0070,-0.0010
strong,rot_on,4.25,0.0041,-0.0483,0.0032,-0.001,0.010,-0.001,4.134,4.876,-0.0091,-0.0030
strong,rot_on,4.30,0.0031,-0.0478,0.0033,-0.001,0.010,-0.001,4.109,4.860,-0.0112,-0.0048
strong,rot_on,4.35,0.0018,-0.0472,0.0034,-0.000,0.009,-0.001,4.082,4.844,-0.0117,-0.0049
strong,rot_on,4.40,-0.0004,-0.0469,0.0036,0.000,0.009,-0.001,4.053,4.823,-0.0128,-0.0053
strong,rot_on,4.45,-0.0019,-0.0465,0.0037,0.000,0.009,-0.001,4.025,4.802,-0.0103,-0.0084
strong,rot_on,4.50,-0.0037,-0.0459,0.0038,0.001,0.009,-0.001,3.999,4.780,-0.0105,-0.0066
strong,rot_on,4.55,-0.0043,-0.0455,0.0038,0.001,0.009,-0.001,3.975,4.759,-0.0073,-0.0071
strong,rot_on,4.60,-0.0061,-0.0452,0.0039,0.001,0.009,-0.001,3.959,4.736,-0.0053,-0.0068
strong,rot_on,4.65,-0.0078,-0.0452,0.0040,0.002,0.009,-0.001,3.948,4.716,-0.0040,-0.0063
strong,rot_on,4.70,-0.0077,-0.0450,0.0041,0.002,0.009,-0.001,3.942,4.695,-0.0003,-0.0065
strong,rot_on,4.75,-0.0080,-0.0450,0.0042,0.002,0.009,-0.001,3.944,4.676,0.0015,-0.0058
strong,rot_on,4.80,-0.0085,-0.0450,0.0043,0.002,0.009,-0.001,3.950,4.654,0.0020,-0.0065
strong,rot_on,4.85,-0.0085,-0.0447,0.0043,0.002,0.009,-0.001,3.959,4.634,0.0037,-0.0059
strong,rot_on,4.90,-0.0087,-0.0448,0.0043,0.002,0.009,-0.001,3.971,4.614,0.0046,-0.0061
strong,rot_on,4.95,-0.0086,-0.0448,0.0044,0.002,0.009,-0.001,3.986,4.593,0.0057,-0.0064
strong,rot_on,5.00,-0.0086,-0.0448,0.0044,0.002,0.009,-0.001,4.003,4.569,0.0052,-0.0067
strong,rot_on,5.05,-0.0078,-0.0447,0.0044,0.002,0.009,-0.001,4.021,4.550,0.0061,-0.0057
strong,rot_on,5.10,-0.0075,-0.0448,0.0044,0.002,0.009,-0.001,4.042,4.528,0.0071,-0.0053
strong,rot_on,5.15,-0.0072,-0.0449,0.0044,0.001,0.009,-0.001,4.062,4.510,0.0060,-0.0052
strong,rot_on,5.20,-0.0077,-0.0454,0.0044,0.002,0.009,-0.001,4.082,4.495,0.0054,-0.0034
strong,rot_on,5.25,-0.0074,-0.0457,0.0043,0.001,0.009,-0.001,4.102,4.481,0.0070,-0.0024
strong,rot_on,5.30,-0.0069,-0.0460,0.0043,0.001,0.009,-0.001,4.123,4.468,0.0062,-0.0020
strong,rot_on,5.35,-0.0067,-0.0463,0.0043,0.001,0.009,-0.001,4.145,4.461,0.0074,-0.0006
strong,rot_on,5.40,-0.0068,-0.0468,0.0043,0.001,0.009,-0.001,4.164,4.453,0.0058,-0.0005
strong,rot_on,5.45,-0.0063,-0.0469,0.0042,0.001,0.009,-0.001,4.180,4.448,0.0053,0.0009
strong,rot_on,5.50,-0.0055,-0.0472,0.0042,0.001,0.009,-0.001,4.198,4.444,0.0068,0.0000
strong,rot_on,5.55,-0.0052,-0.0473,0.0042,0.001,0.009,-0.001,4.218,4.442,0.0069,0.0009
strong,rot_on,5.60,-0.0045,-0.0475,0.0042,0.001,0.009,-0.001,4.239,4.437,0.0065,-0.0000
strong,rot_on,5.65,-0.0023,-0.0465,0.0042,0.000,0.009,-0.001,4.257,4.435,0.0053,-0.0003
strong,rot_on,5.70,0.0001,-0.0454,0.0042,-0.000,0.009,-0.001,4.277,4.430,0.0065,-0.0010
strong,rot_on,5.75,0.0021,-0.0444,0.0042,-0.000,0.009,-0.001,4.295,4.426,0.0054,-0.0003
strong,rot_on,5.80,0.0047,-0.0434,0.0042,-0.001,0.009,-0.001,4.310,4.417,0.0037,-0.0023
strong,rot_on,5.85,0.0065,-0.0424,0.0043,-0.001,0.008,-0.001,4.318,4.408,0.0018,-0.0024
strong,rot_on,5.90,0.0086,-0.0413,0.0043,-0.002,0.008,-0.001,4.323,4.399,0.0007,-0.0022
strong,rot_on,5.95,0.0099,-0.0405,0.0043,-0.002,0.008,-0.001,4.326,4.388,0.0015,-0.0034
strong,rot_on,6.00,0.0111,-0.0396,0.0044,-0.002,0.008,-0.001,4.330,4.379,0.0000,-0.0018
strong,rot_on,6.05,0.0131,-0.0390,0.0043,-0.003,0.008,-0.001,4.336,4.367,0.0037,-0.0014
strong,rot_on,6.10,0.0142,-0.0384,0.0044,-0.003,0.008,-0.001,4.346,4.360,0.0049,-0.0019
strong,rot_on,6.15,0.0157,-0.0377,0.0044,-0.003,0.008,-0.001,4.360,4.352,0.0058,-0.0013
strong,rot_on,6.20,0.0167,-0.0371,0.0044,-0.003,0.007,-0.001,4.378,4.343,0.0058,-0.0015
strong,rot_on,6.25,0.0178,-0.0365,0.0044,-0.004,0.007,-0.001,4.398,4.340,0.0065,0.0002
strong,rot_on,6.30,0.0189,-0.0361,0.0044,-0.004,0.007,-0.001,4.423,4.337,0.0078,0.0004
strong,rot_on,6.35,0.0198,-0.0357,0.0044,-0.004,0.007,-0.001,4.446,4.334,0.0075,0.0006
strong,rot_on,6.40,0.0210,-0.0352,0.0044,-0.004,0.007,-0.001,4.472,4.333,0.0086,0.0015
strong,rot_on,6.45,0.0219,-0.0349,0.0044,-0.004,0.007,-0.001,4.494,4.333,0.0066,0.0017
strong,rot_on,6.50,0.0222,-0.0346,0.0044,-0.004,0.007,-0.001,4.515,4.335,0.0058,0.0018
strong,rot_on,6.55,0.0218,-0.0346,0.0045,-0.004,0.007,-0.001,4.530,4.335,0.0035,0.0005
strong,rot_on,6.60,0.0229,-0.0341,0.0044,-0.005,0.007,-0.001,4.541,4.336,0.0039,0.0025
strong,rot_on,6.65,0.0232,-0.0342,0.0044,-0.005,0.007,-0.001,4.553,4.337,0.0035,0.0008
strong,rot_on,6.70,0.0229,-0.0339,0.0044,-0.005,0.007,-0.001,4.563,4.338,0.0021,0.0019
strong,rot_on,6.75,0.0234,-0.0338,0.0044,-0.005,0.007,-0.001,4.573,4.340,0.0036,0.0017
strong,rot_on,6.80,0.0234,-0.0337,0.0044,-0.005,0.007,-0.001,4.584,4.341,0.0041,0.0019
strong,rot_on,6.85,0.0234,-0.0336,0.0044,-0.005,0.007,-0.001,4.599,4.342,0.0054,0.0021
strong,rot_on,6.90,0.0231,-0.0336,0.0044,-0.005,0.007,-0.001,4.614,4.342,0.0059,0.0000
strong,rot_on,6.95,0.0235,-0.0333,0.0044,-0.005,0.007,-0.001,4.632,4.341,0.0054,0.0003
strong,rot_on,7.00,0.0231,-0.0334,0.0045,-0.005,0.007,-0.001,4.652,4.336,0.0063,-0.0004
strong,rot_on,7.05,0.0226,-0.0334,0.0045,-0.005,0.007,-0.001,4.669,4.331,0.0050,-0.0012
strong,rot_on,7.10,0.0228,-0.0332,0.0045,-0.005,0.007,-0.001,4.688,4.326,0.0054,-0.0009
strong,rot_on,7.15,0.0223,-0.0333,0.0045,-0.004,0.007,-0.001,4.705,4.318,0.0066,-0.0020
strong,rot_on,7.20,0.0221,-0.0331,0.0045,-0.004,0.007,-0.001,4.723,4.312,0.0043,-0.0021
strong,rot_on,7.25,0.0217,-0.0331,0.0045,-0.004,0.007,-0.001,4.738,4.303,0.0053,-0.0029
strong,rot_on,7.30,0.0215,-0.0329,0.0045,-0.004,0.007,-0.001,4.753,4.294,0.0051,-0.0033
strong,rot_on,7.35,0.0201,-0.0331,0.0046,-0.004,0.007,-0.001,4.766,4.282,0.0034,-0.0022
strong,rot_on,7.40,0.0201,-0.0333,0.0046,-0.004,0.007,-0.001,4.779,4.267,0.0047,-0.0044
strong,rot_on,7.45,0.0188,-0.0334,0.0046,-0.004,0.007,-0.001,4.792,4.251,0.0036,-0.0053
strong,rot_on,7.50,0.0179,-0.0335,0.0046,-0.004,0.007,-0.001,4.804,4.231,0.0037,-0.0065
strong,rot_on,7.55,0.0173,-0.0335,0.0046,-0.003,0.007,-0.001,4.815,4.210,0.0033,-0.0070
strong,rot_on,7.60,0.0166,-0.0335,0.0047,-0.003,0.007,-0.001,4.826,4.187,0.0041,-0.0076
strong,rot_on,7.65,0.0155,-0.0336,0.0047,-0.003,0.007,-0.001,4.835,4.163,0.0020,-0.0087
strong,rot_on,7.70,0.0151,-0.0334,0.0047,-0.003,0.007,-0.001,4.843,4.135,0.0015,-0.0094
strong,rot_on,7.75,0.0149,-0.0334,0.0047,-0.003,0.007,-0.001,4.849,4.108,0.0025,-0.0106
strong,rot_on,7.80,0.0141,-0.0333,0.0048,-0.003,0.007,-0.001,4.855,4.076,0.0023,-0.0113
strong,rot_on,7.85,0.0135,-0.0332,0.0048,-0.003,0.007,-0.001,4.863,4.048,0.0029,-0.0108
strong,rot_on,7.90,0.0124,-0.0333,0.0048,-0.002,0.007,-0.001,4.868,4.014,0.0015,-0.0126
strong,rot_on,7.95,0.0115,-0.0331,0.0049,-0.002,0.007,-0.001,4.871,3.981,0.0007,-0.0132
strong,rot_on,8.00,0.0107,-0.0331,0.0049,-0.002,0.007,-0.001,4.875,3.942,0.0014,-0.0144
strong,rot_on,8.05,0.0096,-0.0330,0.0049,-0.002,0.007,-0.001,4.876,3.904,0.0003,-0.0151
strong,rot_on,8.10,0.0095,-0.0327,0.0049,-0.002,0.007,-0.001,4.878,3.860,0.0013,-0.0156
strong,rot_on,8.15,0.0090,-0.0325,0.0049,-0.002,0.006,-0.001,4.877,3.817,-0.0005,-0.0163
strong,rot_on,8.20,0.0092,-0.0318,0.0049,-0.002,0.006,-0.001,4.874,3.773,-0.0014,-0.0148
strong,rot_on,8.25,0.0091,-0.0314,0.0049,-0.002,0.006,-0.001,4.869,3.732,-0.0019,-0.0131
strong,rot_on,8.30,0.0094,-0.0309,0.0049,-0.002,0.006,-0.001,4.860,3.690,-0.0037,-0.0125
strong,rot_on,8.35,0.0104,-0.0303,0.0049,-0.002,0.006,-0.001,4.845,3.652,-0.0045,-0.0137
strong,rot_on,8.40,0.0106,-0.0294,0.0049,-0.002,0.006,-0.001,4.827,3.618,-0.0072,-0.0114
strong,rot_on,8.45,0.0120,-0.0288,0.0049,-0.002,0.006,-0.001,4.806,3.587,-0.0085,-0.0118
strong,rot_on,8.50,0.0135,-0.0278,0.0049,-0.003,0.006,-0.001,4.780,3.555,-0.0094,-0.0114
strong,rot_on,8.55,0.0152,-0.0267,0.0049,-0.003,0.005,-0.001,4.757,3.529,-0.0089,-0.0085
strong,rot_on,8.60,0.0164,-0.0260,0.0049,-0.003,0.005,-0.001,4.728,3.503,-0.0108,-0.0089
strong,rot_on,8.65,0.0182,-0.0248,0.0048,-0.004,0.005,-0.001,4.699,3.481,-0.0102,-0.0072
strong,rot_on,8.70,0.0200,-0.0239,0.0048,-0.004,0.005,-0.001,4.665,3.458,-0.0112,-0.0073
strong,rot_on,8.75,0.0221,-0.0228,0.0048,-0.004,0.005,-0.001,4.631,3.441,-0.0130,-0.0070
strong,rot_on,8.80,0.0244,-0.0216,0.0047,-0.005,0.004,-0.001,4.593,3.424,-0.0115,-0.0047
strong,rot_on,8.85,0.0265,-0.0205,0.0047,-0.005,0.004,-0.001,4.560,3.413,-0.0129,-0.0028
strong,rot_on,8.90,0.0292,-0.0195,0.0046,-0.006,0.004,-0.001,4.522,3.406,-0.0129,-0.0024
strong,rot_on,8.95,0.0319,-0.0182,0.0046,-0.006,0.004,-0.001,4.485,3.401,-0.0153,-0.0001
strong,rot_on,9.00,0.0345,-0.0174,0.0046,-0.007,0.003,-0.001,4.443,3.402,-0.0134,0.0017
strong,rot_on,9.05,0.0373,-0.0164,0.0045,-0.007,0.003,-0.001,4.407,3.409,-0.0128,0.0042
strong,rot_on,9.10,0.0402,-0.0158,0.0044,-0.008,0.003,-0.001,4.372,3.422,-0.0106,0.0048
strong,rot_on,9.15,0.0428,-0.0149,0.0044,-0.009,0.003,-0.001,4.343,3.441,-0.0114,0.0082
strong,rot_on,9.20,0.0452,-0.0144,0.0043,-0.009,0.003,-0.001,4.314,3.470,-0.0088,0.0114
strong,rot_on,9.25,0.0470,-0.0143,0.0043,-0.009,0.003,-0.001,4.289,3.500,-0.0088,0.0111
strong,rot_on,9.30,0.0488,-0.0140,0.0042,-0.010,0.003,-0.001,4.264,3.538,-0.0091,0.0131
strong,rot_on,9.35,0.0504,-0.0140,0.0042,-0.010,0.003,-0.001,4.244,3.575,-0.0079,0.0134
strong,rot_on,9.40,0.0515,-0.0140,0.0041,-0.010,0.003,-0.001,4.225,3.618,-0.0059,0.0145
strong,rot_on,9.45,0.0526,-0.0141,0.0040,-0.011,0.003,-0.001,4.212,3.657,-0.0060,0.0153
strong,rot_on,9.50,0.0532,-0.0144,0.0040,-0.011,0.003,-0.001,4.204,3.691,-0.0047,0.0132
strong,rot_on,9.55,0.0533,-0.0146,0.0039,-0.011,0.003,-0.001,4.195,3.738,-0.0034,0.0156
strong,rot_on,9.60,0.0524,-0.0157,0.0038,-0.010,0.003,-0.001,4.191,3.781,-0.0032,0.0137
strong,rot_on,9.65,0.0513,-0.0167,0.0038,-0.010,0.003,-0.001,4.187,3.817,-0.0019,0.0134
strong,rot_on,9.70,0.0495,-0.0181,0.0037,-0.010,0.004,-0.001,4.186,3.858,-0.0009,0.0139
strong,rot_on,9.75,0.0478,-0.0195,0.0037,-0.010,0.004,-0.001,4.189,3.899,0.0011,0.0151
strong,rot_on,9.80,0.0451,-0.0213,0.0036,-0.009,0.004,-0.001,4.197,3.944,0.0008,0.0146
strong,rot_on,9.85,0.0422,-0.0229,0.0036,-0.008,0.005,-0.001,4.205,3.985,0.0017,0.0154
strong,rot_on,9.90,0.0391,-0.0250,0.0036,-0.008,0.005,-0.001,4.218,4.029,0.0036,0.0149
strong,rot_on,9.95,0.0362,-0.0268,0.0035,-0.007,0.005,-0.001,4.234,4.067,0.0062,0.0139
strong,rot_on,10.00,0.0327,-0.0287,0.0035,-0.007,0.006,-0.001,4.261,4.108,0.0097,0.0130
strong,rot_on,10.05,0.0294,-0.0304,0.0036,-0.006,0.006,-0.001,4.292,4.143,0.0113,0.0129
strong,rot_on,10.10,0.0263,-0.0321,0.0036,-0.005,0.006,-0.001,4.329,4.178,0.0135,0.0111
strong,rot_on,10.15,0.0233,-0.0335,0.0036,-0.005,0.007,-0.001,4.370,4.206,0.0147,0.0101
strong,rot_on,10.20,0.0200,-0.0350,0.0037,-0.004,0.007,-0.001,4.414,4.231,0.0143,0.0065
strong,rot_on,10.25,0.0171,-0.0360,0.0037,-0.003,0.007,-0.001,4.456,4.245,0.0148,0.0029
strong,rot_on,10.30,0.0144,-0.0369,0.0038,-0.003,0.007,-0.001,4.500,4.253,0.0129,0.0014
strong,rot_on,10.35,0.0116,-0.0381,0.0038,-0.002,0.008,-0.001,4.539,4.254,0.0136,-0.0000
strong,rot_on,10.40,0.0087,-0.0393,0.0039,-0.002,0.008,-0.001,4.579,4.249,0.0117,-0.0031
strong,rot_on,10.45,0.0060,-0.0401,0.0039,-0.001,0.008,-0.001,4.608,4.238,0.0093,-0.0031
strong,rot_on,10.50,0.0033,-0.0410,0.0040,-0.001,0.008,-0.001,4.634,4.224,0.0064,-0.0049
strong,rot_on,10.55,0.0008,-0.0416,0.0041,-0.000,0.008,-0.001,4.652,4.209,0.0053,-0.0051
strong,rot_on,10.60,-0.0012,-0.0420,0.0041,0.000,0.008,-0.001,4.665,4.192,0.0018,-0.0059
strong,rot_on,10.65,-0.0023,-0.0421,0.0041,0.000,0.008,-0.001,4.669,4.176,0.0002,-0.0050
strong,rot_on,10.70,-0.0037,-0.0422,0.0041,0.001,0.008,-0.001,4.669,4.160,-0.0017,-0.0041
strong,rot_on,10.75,-0.0048,-0.0422,0.0042,0.001,0.008,-0.001,4.662,4.146,-0.0038,-0.0045
strong,rot_on,10.80,-0.0052,-0.0419,0.0042,0.001,0.008,-0.001,4.645,4.130,-0.0078,-0.0042
strong,rot_on,10.85,-0.0052,-0.0415,0.0042,0.001,0.008,-0.001,4.624,4.116,-0.0096,-0.0048
strong,rot_on,10.90,-0.0052,-0.0408,0.0043,0.001,0.008,-0.001,4.593,4.099,-0.0138,-0.0055
strong,rot_on,10.95,-0.0044,-0.0401,0.0043,0.001,0.008,-0.001,4.558,4.083,-0.0142,-0.0063
strong,rot_on,11.00,-0.0035,-0.0391,0.0044,0.001,0.008,-0.001,4.513,4.062,-0.0163,-0.0059
strong,rot_on,11.05,-0.0027,-0.0382,0.0044,0.001,0.008,-0.001,4.468,4.041,-0.0181,-0.0065
strong,rot_on,11.10,-0.0017,-0.0371,0.0044,0.000,0.007,-0.001,4.416,4.016,-0.0182,-0.0084
strong,rot_on,11.15,-0.0007,-0.0358,0.0045,0.000,0.007,-0.001,4.367,3.995,-0.0187,-0.0076
strong,rot_on,11.20,0.0013,-0.0345,0.0045,-0.000,0.007,-0.001,4.315,3.972,-0.0176,-0.0063
strong,rot_on,11.25,0.0028,-0.0336,0.0045,-0.001,0.007,-0.001,4.268,3.950,-0.0168,-0.0083
strong,rot_on,11.30,0.0045,-0.0323,0.0045,-0.001,0.006,-0.001,4.223,3.927,-0.0153,-0.0071
strong,rot_on,11.35,0.0065,-0.0314,0.0045,-0.001,0.006,-0.001,4.183,3.908,-0.0140,-0.0062
strong,rot_on,11.40,0.0093,-0.0302,0.0045,-0.002,0.006,-0.001,4.144,3.890,-0.0136,-0.0048
strong,rot_on,11.45,0.0120,-0.0293,0.0045,-0.002,0.006,-0.001,4.109,3.875,-0.0126,-0.0049
strong,rot_on,11.50,0.0151,-0.0280,0.0044,-0.003,0.006,-0.001,4.071,3.864,-0.0131,-0.0028
strong,rot_on,11.55,0.0180,-0.0274,0.0044,-0.004,0.005,-0.001,4.038,3.859,-0.0124,0.0006
strong,rot_on,11.60,0.0208,-0.0271,0.0044,-0.004,0.005,-0.001,4.005,3.859,-0.0107,0.0021
strong,rot_on,11.65,0.0234,-0.0266,0.0044,-0.005,0.005,-0.001,3.981,3.867,-0.0082,0.0040
strong,rot_on,11.70,0.0255,-0.0262,0.0043,-0.005,0.005,-0.001,3.962,3.881,-0.0061,0.0076
strong,rot_on,11.75,0.0265,-0.0263,0.0043,-0.005,0.005,-0.001,3.949,3.900,-0.0038,0.0093
strong,rot_on,11.80,0.0280,-0.0265,0.0042,-0.006,0.005,-0.001,3.946,3.924,0.0009,0.0091
strong,rot_on,11.85,0.0292,-0.0266,0.0042,-0.006,0.005,-0.001,3.955,3.951,0.0046,0.0101
strong,rot_on,11.90,0.0306,-0.0268,0.0041,-0.006,0.005,-0.001,3.977,3.981,0.0081,0.0112
strong,rot_on,11.95,0.0315,-0.0271,0.0041,-0.006,0.005,-0.001,4.006,4.010,0.0122,0.0124
strong,rot_on,12.00,0.0326,-0.0274,0.0040,-0.007,0.005,-0.001,4.045,4.041,0.0140,0.0113
strong,rot_on,12.05,0.0332,-0.0276,0.0040,-0.007,0.006,-0.001,4.087,4.071,0.0154,0.0103
strong,rot_on,12.10,0.0341,-0.0277,0.0040,-0.007,0.006,-0.001,4.138,4.101,0.0182,0.0107
strong,rot_on,12.15,0.0344,-0.0281,0.0039,-0.007,0.006,-0.001,4.189,4.126,0.0187,0.0093
strong,rot_on,12.20,0.0343,-0.0287,0.0039,-0.007,0.006,-0.001,4.234,4.144,0.0190,0.0087
strong,rot_on,12.25,0.0334,-0.0295,0.0039,-0.007,0.006,-0.001,4.302,4.173,0.0199,0.0090
strong,rot_on,12.30,0.0324,-0.0304,0.0039,-0.006,0.006,-0.001,4.363,4.195,0.0207,0.0085
strong,rot_on,12.35,0.0310,-0.0312,0.0039,-0.006,0.006,-0.001,4.421,4.217,0.0210,0.0098
strong,rot_on,12.40,0.0298,-0.0321,0.0039,-0.006,0.006,-0.001,4.485,4.242,0.0221,0.0107
strong,rot_on,12.45,0.0283,-0.0331,0.0039,-0.006,0.007,-0.001,4.545,4.267,0.0218,0.0106
strong,rot_on,12.50,0.0262,-0.0341,0.0039,-0.005,0.007,-0.001,4.612,4.295,0.0211,0.0113
strong,rot_on,12.55,0.0245,-0.0352,0.0039,-0.005,0.007,-0.001,4.674,4.324,0.0214,0.0124
strong,rot_on,12.60,0.0227,-0.0364,0.0040,-0.005,0.007,-0.001,4.741,4.352,0.0221,0.0099
strong,rot_on,12.65,0.0208,-0.0371,0.0040,-0.004,0.007,-0.001,4.799,4.380,0.0215,0.0090
strong,rot_on,12.70,0.0190,-0.0378,0.0041,-0.004,0.008,-0.001,4.859,4.402,0.0189,0.0069
strong,rot_on,12.75,0.0174,-0.0384,0.0042,-0.003,0.008,-0.001,4.911,4.418,0.0176,0.0037
strong,rot_on,12.80,0.0151,-0.0392,0.0042,-0.003,0.008,-0.001,4.961,4.427,0.0167,0.0026
strong,rot_on,12.85,0.0129,-0.0401,0.0043,-0.003,0.008,-0.001,5.002,4.428,0.0142,-0.0004
strong,rot_on,12.90,0.0107,-0.0409,0.0044,-0.002,0.008,-0.001,5.040,4.420,0.0125,-0.0046
strong,rot_on,12.95,0.0086,-0.0412,0.0044,-0.002,0.008,-0.001,5.073,4.408,0.0117,-0.0044
strong,rot_on,13.00,0.0055,-0.0425,0.0045,-0.001,0.009,-0.001,5.104,4.388,0.0105,-0.0082
strong,rot_on,13.05,0.0018,-0.0435,0.0046,-0.000,0.009,-0.001,5.132,4.363,0.0109,-0.0093
strong,rot_on,13.10,-0.0013,-0.0443,0.0047,0.000,0.009,-0.001,5.158,4.332,0.0091,-0.0107
strong,rot_on,13.15,-0.0039,-0.0451,0.0048,0.001,0.009,-0.001,5.183,4.300,0.0092,-0.0116
strong,rot_on,13.20,-0.0062,-0.0455,0.0048,0.001,0.009,-0.001,5.210,4.264,0.0095,-0.0107
strong,rot_on,13.25,-0.0094,-0.0463,0.0049,0.002,0.009,-0.001,5.234,4.229,0.0088,-0.0131
strong,rot_on,13.30,-0.0121,-0.0465,0.0050,0.002,0.009,-0.001,5.256,4.189,0.0063,-0.0145
strong,rot_on,13.35,-0.0141,-0.0466,0.0050,0.003,0.009,-0.001,5.269,4.148,0.0034,-0.0139
strong,rot_on,13.40,-0.0155,-0.0467,0.0051,0.003,0.009,-0.001,5.277,4.104,0.0023,-0.0151
strong,rot_on,13.45,-0.0165,-0.0464,0.0051,0.003,0.009,-0.001,5.281,4.063,-0.0010,-0.0144
strong,rot_on,13.50,-0.0168,-0.0460,0.0051,0.003,0.009,-0.001,5.275,4.015,-0.0031,-0.0153
strong,rot_on,13.55,-0.0179,-0.0456,0.0052,0.004,0.009,-0.001,5.260,3.972,-0.0068,-0.0166
strong,rot_on,13.60,-0.0176,-0.0446,0.0053,0.004,0.009,-0.001,5.231,3.923,-0.0110,-0.0159
strong,rot_on,13.65,-0.0171,-0.0439,0.0053,0.003,0.009,-0.001,5.195,3.878,-0.0142,-0.0156
strong,rot_on,13.70,-0.0160,-0.0428,0.0053,0.003,0.009,-0.001,5.144,3.828,-0.0185,-0.0158
strong,rot_on,13.75,-0.0162,-0.0418,0.0054,0.003,0.008,-0.001,5.090,3.782,-0.0211,-0.0173
strong,rot_on,13.80,-0.0156,-0.0403,0.0053,0.003,0.008,-0.001,5.022,3.728,-0.0249,-0.0169
strong,rot_on,13.85,-0.0147,-0.0388,0.0053,0.003,0.008,-0.001,4.953,3.680,-0.0249,-0.0179
strong,rot_on,13.90,-0.0141,-0.0372,0.0053,0.003,0.007,-0.001,4.877,3.629,-0.0268,-0.0176
strong,rot_on,13.95,-0.0130,-0.0357,0.0053,0.003,0.007,-0.001,4.804,3.583,-0.0267,-0.0172
strong,rot_on,14.00,-0.0113,-0.0342,0.0052,0.002,0.007,-0.001,4.729,3.531,-0.0265,-0.0179
strong,rot_on,14.05,-0.0102,-0.0327,0.0052,0.002,0.007,-0.001,4.659,3.484,-0.0267,-0.0179
strong,rot_on,14.10,-0.0082,-0.0310,0.0052,0.002,0.006,-0.001,4.584,3.432,-0.0251,-0.0172
strong,rot_on,14.15,-0.0064,-0.0300,0.0052,0.001,0.006,-0.001,4.509,3.384,-0.0256,-0.0175
strong,rot_on,14.20,-0.0038,-0.0291,0.0052,0.001,0.006,-0.001,4.443,3.339,-0.0241,-0.0160
strong,rot_on,14.25,-0.0011,-0.0284,0.0052,0.000,0.006,-0.001,4.379,3.301,-0.0238,-0.0141
strong,rot_on,14.30,0.0027,-0.0274,0.0051,-0.001,0.005,-0.001,4.327,3.272,-0.0227,-0.0118
strong,rot_on,14.35,0.0066,-0.0263,0.0050,-0.001,0.005,-0.001,4.253,3.238,-0.0212,-0.0090
strong,rot_on,14.40,0.0089,-0.0254,0.0050,-0.002,0.005,-0.001,4.190,3.215,-0.0211,-0.0066
strong,rot_on,14.45,0.0124,-0.0242,0.0050,-0.002,0.005,-0.001,4.134,3.195,-0.0212,-0.0057
strong,rot_on,14.50,0.0164,-0.0228,0.0049,-0.003,0.005,-0.001,4.078,3.183,-0.0180,-0.0036
strong,rot_on,14.55,0.0213,-0.0214,0.0048,-0.004,0.004,-0.001,4.034,3.174,-0.0147,-0.0032
strong,rot_on,14.60,0.0258,-0.0197,0.0047,-0.005,0.004,-0.001,3.995,3.169,-0.0130,-0.0005
strong,rot_on,14.65,0.0315,-0.0179,0.0046,-0.006,0.004,-0.001,3.962,3.168,-0.0103,0.0005
strong,rot_on,14.70,0.0361,-0.0162,0.0045,-0.007,0.003,-0.001,3.933,3.172,-0.0081,0.0004
strong,rot_on,14.75,0.0405,-0.0140,0.0044,-0.008,0.003,-0.001,3.914,3.179,-0.0050,0.0037
strong,rot_on,14.80,0.0449,-0.0123,0.0043,-0.009,0.002,-0.001,3.900,3.191,-0.0029,0.0051
strong,rot_on,14.85,0.0497,-0.0104,0.0042,-0.010,0.002,-0.001,3.894,3.202,-0.0006,0.0051
strong,rot_on,14.90,0.0547,-0.0084,0.0041,-0.011,0.002,-0.001,3.898,3.217,0.0033,0.0058
strong,rot_on,14.95,0.0593,-0.0066,0.0040,-0.012,0.001,-0.001,3.911,3.232,0.0054,0.0062
crosswind,rot_off,0.00,0.0000,0.0000,0.0000,0.000,0.000,0.000,5.159,-0.356,0.0221,-0.0442
crosswind,rot_off,0.05,0.0000,0.0000,0.0000,0.000,0.000,0.000,5.219,-0.488,0.0194,-0.0451
crosswind,rot_off,0.10,0.0000,0.0000,0.0000,0.000,0.000,0.000,5.271,-0.610,0.0182,-0.0436
crosswind,rot_off,0.15,0.0000,0.0000,0.0000,0.000,0.000,0.000,5.321,-0.740,0.0169,-0.0429
crosswind,rot_off,0.20,0.0000,0.0000,0.0000,0.000,0.000,0.000,5.361,-0.859,0.0145,-0.0441
crosswind,rot_off,0.25,0.0000,0.0000,0.0000,0.000,0.000,0.000,5.396,-0.984,0.0109,-0.0412
crosswind,rot_off,0.30,0.0000,0.0000,0.0000,0.000,0.000,0.000,5.421,-1.096,0.0088,-0.0412
crosswind,rot_off,0.35,0.0000,0.0000,0.0000,0.000,0.000,0.000,5.441,-1.213,0.0066,-0.0382
crosswind,rot_off,0.40,0.0000,0.0000,0.0000,0.000,0.000,0.000,5.451,-1.316,0.0028,-0.0385
crosswind,rot_off,0.45,0.0000,0.0000,0.0000,0.000,0.000,0.000,5.454,-1.426,0.0006,-0.0369
crosswind,rot_off,0.50,0.0000,0.0000,0.0000,0.000,0.000,0.000,5.450,-1.525,-0.0023,-0.0362
crosswind,rot_off,0.55,0.0000,0.0000,0.0000,0.000,0.000,0.000,5.438,-1.628,-0.0040,-0.0346
crosswind,rot_off,0.60,0.0000,0.0000,0.0000,0.000,0.000,0.000,5.422,-1.723,-0.0047,-0.0328
crosswind,rot_off,0.65,0.0000,0.0000,0.0000,0.000,0.000,0.000,5.399,-1.819,-0.0075,-0.0333
crosswind,rot_off,0.70,0.0000,0.0000,0.0000,0.000,0.000,0.000,5.372,-1.906,-0.0097,-0.0325
crosswind,rot_off,0.75,0.0000,0.0000,0.0000,0.000,0.000,0.000,5.340,-1.997,-0.0103,-0.0313
crosswind,rot_off,0.80,0.0000,0.0000,0.0000,0.000,0.000,0.000,5.308,-2.078,-0.0109,-0.0300
crosswind,rot_off,0.85,0.0000,0.0000,0.0000,0.000,0.000,0.000,5.273,-2.162,-0.0111,-0.0292
crosswind,rot_off,0.90,0.0000,0.0000,0.0000,0.000,0.000,0.000,5.238,-2.235,-0.0133,-0.0276
crosswind,rot_off,0.95,0.0000,0.0000,0.0000,0.000,0.000,0.000,5.199,-2.311,-0.0126,-0.0263
crosswind,rot_off,1.00,0.0000,0.0000,0.0000,0.000,0.000,0.000,5.161,-2.377,-0.0136,-0.0262
crosswind,rot_off,1.05,0.0000,0.0000,0.0000,0.000,0.000,0.000,5.118,-2.446,-0.0150,-0.0250
crosswind,rot_off,1.10,0.0000,0.0000,0.0000,0.000,0.000,0.000,5.075,-2.508,-0.0154,-0.0237
crosswind,rot_off,1.15,0.0000,0.0000,0.0000,0.000,0.000,0.000,5.026,-2.572,-0.0174,-0.0233
crosswind,rot_off,1.20,0.0000,0.0000,0.0000,0.000,0.000,0.000,4.976,-2.629,-0.0174,-0.0213
crosswind,rot_off,1.25,0.0000,0.0000,0.0000,0.000,0.000,0.000,4.920,-2.685,-0.0187,-0.0202
crosswind,rot_off,1.30,0.0000,0.0000,0.0000,0.000,0.000,0.000,4.865,-2.733,-0.0200,-0.0187
crosswind,rot_off,1.35,0.0000,0.0000,0.0000,0.000,0.000,0.000,4.805,-2.781,-0.0221,-0.0171
crosswind,rot_off,1.40,0.0000,0.0000,0.0000,0.000,0.000,0.000,4.747,-2.820,-0.0224,-0.0146
crosswind,rot_off,1.45,0.0000,0.0000,0.0000,0.000,0.000,0.000,4.680,-2.857,-0.0225,-0.0137
crosswind,rot_off,1.50,0.0000,0.0000,0.0000,0.000,0.000,0.000,4.619,-2.886,-0.0232,-0.0114
crosswind,rot_off,1.55,0.0000,0.0000,0.0000,0.000,0.000,0.000,4.550,-2.914,-0.0240,-0.0110
crosswind,rot_off,1.60,0.0000,0.0000,0.0000,0.000,0.000,0.000,4.485,-2.936,-0.0237,-0.0094
crosswind,rot_off,1.65,0.0000,0.0000,0.0000,0.000,0.000,0.000,4.415,-2.955,-0.0244,-0.0088
crosswind,rot_off,1.70,0.0000,0.0000,0.0000,0.000,0.000,0.000,4.349,-2.968,-0.0249,-0.0067
crosswind,rot_off,1.75,0.0000,0.0000,0.0000,0.000,0.000,0.000,4.279,-2.978,-0.0238,-0.0055
crosswind,rot_off,1.80,0.0000,0.0000,0.0000,0.000,0.000,0.000,4.216,-2.985,-0.0232,-0.0033
crosswind,rot_off,1.85,0.0000,0.0000,0.0000,0.000,0.000,0.000,4.148,-2.987,-0.0233,-0.0017
crosswind,rot_off,1.90,0.0000,0.0000,0.0000,0.000,0.000,0.000,4.089,-2.986,-0.0227,0.0008
crosswind,rot_off,1.95,0.0000,0.0000,0.0000,0.000,0.000,0.000,4.023,-2.978,-0.0228,0.0023
crosswind,rot_off,2.00,0.0000,0.0000,0.0000,0.000,0.000,0.000,3.965,-2.966,-0.0227,0.0039
crosswind,rot_off,2.05,0.0000,0.0000,0.0000,0.000,0.000,0.000,3.900,-2.947,-0.0223,0.0045
crosswind,rot_off,2.10,0.0000,0.0000,0.0000,0.000,0.000,0.000,3.841,-2.925,-0.0221,0.0074
crosswind,rot_off,2.15,0.0000,0.0000,0.0000,0.000,0.000,0.000,3.777,-2.897,-0.0225,0.0087
crosswind,rot_off,2.20,0.0000,0.0000,0.0000,0.000,0.000,0.000,3.719,-2.866,-0.0229,0.0101
crosswind,rot_off,2.25,0.0000,0.0000,0.0000,0.000,0.000,0.000,3.658,-2.830,-0.0215,0.0121
crosswind,rot_off,2.30,0.0000,0.0000,0.0000,0.000,0.000,0.000,3.602,-2.791,-0.0207,0.0143
crosswind,rot_off,2.35,0.0000,0.0000,0.0000,0.000,0.000,0.000,3.545,-2.746,-0.0208,0.0151
crosswind,rot_off,2.40,0.0000,0.0000,0.0000,0.000,0.000,0.000,3.494,-2.697,-0.0187,0.0156
crosswind,rot_off,2.45,0.0000,0.0000,0.0000,0.000,0.000,0.000,3.441,-2.644,-0.0195,0.0182
crosswind,rot_off,2.50,0.0000,0.0000,0.0000,0.000,0.000,0.000,3.396,-2.589,-0.0172,0.0192
crosswind,rot_off,2.55,0.0000,0.0000,0.0000,0.000,0.000,0.000,3.351,-2.528,-0.0154,0.0209
crosswind,rot_off,2.60,0.0000,0.0000,0.0000,0.000,0.000,0.000,3.313,-2.468,-0.0155,0.0206
crosswind,rot_off,2.65,0.0000,0.0000,0.0000,0.000,0.000,0.000,3.274,-2.403,-0.0143,0.0208
crosswind,rot_off,2.70,0.0000,0.0000,0.0000,0.000,0.000,0.000,3.241,-2.342,-0.0126,0.0208
crosswind,rot_off,2.75,0.0000,0.0000,0.0000,0.000,0.000,0.000,3.209,-2.278,-0.0109,0.0207
crosswind,rot_off,2.80,0.0000,0.0000,0.0000,0.000,0.000,0.000,3.185,-2.219,-0.0094,0.0202
crosswind,rot_off,2.85,0.0000,0.0000,0.0000,0.000,0.000,0.000,3.163,-2.159,-0.0077,0.0185
crosswind,rot_off,2.90,0.0000,0.0000,0.0000,0.000,0.000,0.000,3.147,-2.109,-0.0067,0.0171
crosswind,rot_off,2.95,0.0000,0.0000,0.0000,0.000,0.000,0.000,3.133,-2.056,-0.0052,0.0173
crosswind,rot_off,3.00,0.0000,0.0000,0.0000,0.000,0.000,0.000,3.122,-2.012,-0.0037,0.0145
crosswind,rot_off,3.05,0.0000,0.0000,0.0000,0.000,0.000,0.000,3.113,-1.966,-0.0049,0.0142
crosswind,rot_off,3.10,0.0000,0.0000,0.0000,0.000,0.000,0.000,3.106,-1.927,-0.0031,0.0132
crosswind,rot_off,3.15,0.0000,0.0000,0.0000,0.000,0.000,0.000,3.104,-1.885,-0.0022,0.0121
crosswind,rot_off,3.20,0.0000,0.0000,0.0000,0.000,0.000,0.000,3.103,-1.848,-0.0001,0.0129
crosswind,rot_off,3.25,0.0000,0.0000,0.0000,0.000,0.000,0.000,3.106,-1.809,0.0007,0.0119
crosswind,rot_off,3.30,0.0000,0.0000,0.0000,0.000,0.000,0.000,3.113,-1.773,0.0026,0.0112
crosswind,rot_off,3.35,0.0000,0.0000,0.0000,0.000,0.000,0.000,3.125,-1.737,0.0033,0.0117
crosswind,rot_off,3.40,0.0000,0.0000,0.0000,0.000,0.000,0.000,3.140,-1.707,0.0052,0.0095
crosswind,rot_off,3.45,0.0000,0.0000,0.0000,0.000,0.000,0.000,3.160,-1.675,0.0070,0.0103
crosswind,rot_off,3.50,0.0000,0.0000,0.0000,0.000,0.000,0.000,3.182,-1.646,0.0083,0.0099
crosswind,rot_off,3.55,0.0000,0.0000,0.0000,0.000,0.000,0.000,3.210,-1.616,0.0099,0.0103
crosswind,rot_off,3.60,0.0000,0.0000,0.0000,0.000,0.000,0.000,3.239,-1.588,0.0103,0.0092
crosswind,rot_off,3.65,0.0000,0.0000,0.0000,0.000,0.000,0.000,3.274,-1.557,0.0118,0.0103
crosswind,rot_off,3.70,0.0000,0.0000,0.0000,0.000,0.000,0.000,3.308,-1.528,0.0115,0.0112
crosswind,rot_off,3.75,0.0000,0.0000,0.0000,0.000,0.000,0.000,3.348,-1.496,0.0140,0.0114
crosswind,rot_off,3.80,0.0000,0.0000,0.0000,0.000,0.000,0.000,3.385,-1.466,0.0137,0.0104
crosswind,rot_off,3.85,0.0000,0.0000,0.0000,0.000,0.000,0.000,3.426,-1.433,0.0130,0.0118
crosswind,rot_off,3.90,0.0000,0.0000,0.0000,0.000,0.000,0.000,3.464,-1.402,0.0129,0.0120
crosswind,rot_off,3.95,0.0000,0.0000,0.0000,0.000,0.000,0.000,3.503,-1.367,0.0121,0.0134
crosswind,rot_off,4.00,0.0000,0.0000,0.0000,0.000,0.000,0.000,3.536,-1.332,0.0111,0.0125
crosswind,rot_off,4.05,0.0000,0.0000,0.0000,0.000,0.000,0.000,3.570,-1.295,0.0094,0.0143
crosswind,rot_off,4.10,0.0000,0.0000,0.0000,0.000,0.000,0.000,3.597,-1.258,0.0078,0.0124
crosswind,rot_off,4.15,0.0000,0.0000,0.0000,0.000,0.000,0.000,3.622,-1.219,0.0063,0.0142
crosswind,rot_off,4.20,0.0000,0.0000,0.0000,0.000,0.000,0.000,3.640,-1.185,0.0060,0.0130
crosswind,rot_off,4.25,0.0000,0.0000,0.0000,0.000,0.000,0.000,3.659,-1.146,0.0031,0.0134
crosswind,rot_off,4.30,0.0000,0.0000,0.0000,0.000,0.000,0.000,3.672,-1.112,0.0031,0.0127
crosswind,rot_off,4.35,0.0000,0.0000,0.0000,0.000,0.000,0.000,3.684,-1.077,0.0024,0.0131
crosswind,rot_off,4.40,0.0000,0.0000,0.0000,0.000,0.000,0.000,3.694,-1.044,0.0027,0.0127
crosswind,rot_off,4.45,0.0000,0.0000,0.0000,0.000,0.000,0.000,3.702,-1.013,0.0026,0.0104
crosswind,rot_off,4.50,0.0000,0.0000,0.0000,0.000,0.000,0.000,3.711,-0.988,0.0027,0.0103
crosswind,rot_off,4.55,0.0000,0.0000,0.0000,0.000,0.000,0.000,3.720,-0.965,0.0020,0.0072
crosswind,rot_off,4.60,0.0000,0.0000,0.0000,0.000,0.000,0.000,3.727,-0.950,0.0028,0.0037
crosswind,rot_off,4.65,0.0000,0.0000,0.0000,0.000,0.000,0.000,3.736,-0.938,0.0023,0.0024
crosswind,rot_off,4.70,0.0000,0.0000,0.0000,0.000,0.000,0.000,3.744,-0.932,0.0036,0.0009
crosswind,rot_off,4.75,0.0000,0.0000,0.0000,0.000,0.000,0.000,3.756,-0.931,0.0048,-0.0002
crosswind,rot_off,4.80,0.0000,0.0000,0.0000,0.000,0.000,0.000,3.770,-0.936,0.0054,-0.0025
crosswind,rot_off,4.85,0.0000,0.0000,0.0000,0.000,0.000,0.000,3.788,-0.946,0.0062,-0.0057
crosswind,rot_off,4.90,0.0000,0.0000,0.0000,0.000,0.000,0.000,3.808,-0.960,0.0083,-0.0050
crosswind,rot_off,4.95,0.0000,0.0000,0.0000,0.000,0.000,0.000,3.835,-0.979,0.0095,-0.0074
crosswind,rot_off,5.00,0.0000,0.0000,0.0000,0.000,0.000,0.000,3.861,-0.999,0.0107,-0.0084
crosswind,rot_off,5.05,0.0000,0.0000,0.0000,0.000,0.000,0.000,3.895,-1.027,0.0124,-0.0092
crosswind,rot_off,5.10,0.0000,0.0000,0.0000,0.000,0.000,0.000,3.927,-1.054,0.0117,-0.0113
crosswind,rot_off,5.15,0.0000,0.0000,0.0000,0.000,0.000,0.000,3.964,-1.087,0.0117,-0.0109
crosswind,rot_off,5.20,0.0000,0.0000,0.0000,0.000,0.000,0.000,3.997,-1.118,0.0117,-0.0120
crosswind,rot_off,5.25,0.0000,0.0000,0.0000,0.000,0.000,0.000,4.032,-1.152,0.0114,-0.0112
crosswind,rot_off,5.30,0.0000,0.0000,0.0000,0.000,0.000,0.000,4.066,-1.183,0.0125,-0.0095
crosswind,rot_off,5.35,0.0000,0.0000,0.0000,0.000,0.000,0.000,4.101,-1.213,0.0119,-0.0089
crosswind,rot_off,5.40,0.0000,0.0000,0.0000,0.000,0.000,0.000,4.133,-1.237,0.0114,-0.0067
crosswind,rot_off,5.45,0.0000,0.0000,0.0000,0.000,0.000,0.000,4.165,-1.260,0.0110,-0.0058
crosswind,rot_off,5.50,0.0000,0.0000,0.0000,0.000,0.000,0.000,4.193,-1.277,0.0104,-0.0043
crosswind,rot_off,5.55,0.0000,0.0000,0.0000,0.000,0.000,0.000,4.222,-1.293,0.0102,-0.0027
crosswind,rot_off,5.60,0.0000,0.0000,0.0000,0.000,0.000,0.000,4.247,-1.303,0.0094,-0.0034
crosswind,rot_off,5.65,0.0000,0.0000,0.0000,0.000,0.000,0.000,4.274,-1.312,0.0088,-0.0012
crosswind,rot_off,5.70,0.0000,0.0000,0.0000,0.000,0.000,0.000,4.297,-1.319,0.0080,-0.0022
crosswind,rot_off,5.75,0.0000,0.0000,0.0000,0.000,0.000,0.000,4.318,-1.322,0.0079,-0.0002
crosswind,rot_off,5.80,0.0000,0.0000,0.0000,0.000,0.000,0.000,4.338,-1.325,0.0077,-0.0006
crosswind,rot_off,5.85,0.0000,0.0000,0.0000,0.000,0.000,0.000,4.358,-1.329,0.0078,0.0002
crosswind,rot_off,5.90,0.0000,0.0000,0.0000,0.000,0.000,0.000,4.372,-1.332,0.0060,-0.0022
crosswind,rot_off,5.95,0.0000,0.0000,0.0000,0.000,0.000,0.000,4.388,-1.339,0.0055,-0.0020
crosswind,rot_off,6.00,0.0000,0.0000,0.0000,0.000,0.000,0.000,4.402,-1.349,0.0046,-0.0031
crosswind,rot_off,6.05,0.0000,0.0000,0.0000,0.000,0.000,0.000,4.415,-1.361,0.0045,-0.0035
crosswind,rot_off,6.10,0.0000,0.0000,0.0000,0.000,0.000,0.000,4.426,-1.377,0.0032,-0.0051
crosswind,rot_off,6.15,0.0000,0.0000,0.0000,0.000,0.000,0.000,4.434,-1.392,0.0013,-0.0064
crosswind,rot_off,6.20,0.0000,0.0000,0.0000,0.000,0.000,0.000,4.438,-1.411,0.0015,-0.0067
crosswind,rot_off,6.25,0.0000,0.0000,0.0000,0.000,0.000,0.000,4.441,-1.432,0.0002,-0.0067
crosswind,rot_off,6.30,0.0000,0.0000,0.0000,0.000,0.000,0.000,4.441,-1.454,-0.0004,-0.0083
crosswind,rot_off,6.35,0.0000,0.0000,0.0000,0.000,0.000,0.000,4.442,-1.479,0.0013,-0.0080
crosswind,rot_off,6.40,0.0000,0.0000,0.0000,0.000,0.000,0.000,4.441,-1.501,0.0002,-0.0077
crosswind,rot_off,6.45,0.0000,0.0000,0.0000,0.000,0.000,0.000,4.441,-1.525,0.0015,-0.0080
crosswind,rot_off,6.50,0.0000,0.0000,0.0000,0.000,0.000,0.000,4.446,-1.549,0.0035,-0.0072
crosswind,rot_off,6.55,0.0000,0.0000,0.0000,0.000,0.000,0.000,4.454,-1.571,0.0037,-0.0087
crosswind,rot_off,6.60,0.0000,0.0000,0.0000,0.000,0.000,0.000,4.463,-1.592,0.0055,-0.0078
crosswind,rot_off,6.65,0.0000,0.0000,0.0000,0.000,0.000,0.000,4.478,-1.615,0.0066,-0.0066
crosswind,rot_off,6.70,0.0000,0.0000,0.0000,0.000,0.000,0.000,4.493,-1.632,0.0067,-0.0055
crosswind,rot_off,6.75,0.0000,0.0000,0.0000,0.000,0.000,0.000,4.508,-1.651,0.0056,-0.0063
crosswind,rot_off,6.80,0.0000,0.0000,0.0000,0.000,0.000,0.000,4.523,-1.664,0.0069,-0.0045
crosswind,rot_off,6.85,0.0000,0.0000,0.0000,0.000,0.000,0.000,4.539,-1.679,0.0058,-0.0048
crosswind,rot_off,6.90,0.0000,0.0000,0.0000,0.000,0.000,0.000,4.551,-1.691,0.0042,-0.0031
crosswind,rot_off,6.95,0.0000,0.0000,0.0000,0.000,0.000,0.000,4.561,-1.700,0.0039,-0.0021
crosswind,rot_off,7.00,0.0000,0.0000,0.0000,0.000,0.000,0.000,4.567,-1.707,0.0019,-0.0028
crosswind,rot_off,7.05,0.0000,0.0000,0.0000,0.000,0.000,0.000,4.568,-1.716,0.0007,-0.0023
crosswind,rot_off,7.10,0.0000,0.0000,0.0000,0.000,0.000,0.000,4.565,-1.723,-0.0016,-0.0043
crosswind,rot_off,7.15,0.0000,0.0000,0.0000,0.000,0.000,0.000,4.557,-1.734,-0.0021,-0.0051
crosswind,rot_off,7.20,0.0000,0.0000,0.0000,0.000,0.000,0.000,4.548,-1.747,-0.0031,-0.0067
crosswind,rot_off,7.25,0.0000,0.0000,0.0000,0.000,0.000,0.000,4.533,-1.767,-0.0039,-0.0092
crosswind,rot_off,7.30,0.0000,0.0000,0.0000,0.000,0.000,0.000,4.518,-1.791,-0.0060,-0.0104
crosswind,rot_off,7.35,0.0000,0.0000,0.0000,0.000,0.000,0.000,4.499,-1.820,-0.0068,-0.0122
crosswind,rot_off,7.40,0.0000,0.0000,0.0000,0.000,0.000,0.000,4.480,-1.853,-0.0072,-0.0138
crosswind,rot_off,7.45,0.0000,0.0000,0.0000,0.000,0.000,0.000,4.457,-1.892,-0.0068,-0.0132
crosswind,rot_off,7.50,0.0000,0.0000,0.0000,0.000,0.000,0.000,4.435,-1.927,-0.0077,-0.0144
crosswind,rot_off,7.55,0.0000,0.0000,0.0000,0.000,0.000,0.000,4.411,-1.966,-0.0090,-0.0122
crosswind,rot_off,7.60,0.0000,0.0000,0.0000,0.000,0.000,0.000,4.387,-1.997,-0.0077,-0.0116
crosswind,rot_off,7.65,0.0000,0.0000,0.0000,0.000,0.000,0.000,4.359,-2.027,-0.0086,-0.0101
crosswind,rot_off,7.70,0.0000,0.0000,0.0000,0.000,0.000,0.000,4.335,-2.053,-0.0085,-0.0097
crosswind,rot_off,7.75,0.0000,0.0000,0.0000,0.000,0.000,0.000,4.310,-2.078,-0.0087,-0.0084
crosswind,rot_off,7.80,0.0000,0.0000,0.0000,0.000,0.000,0.000,4.288,-2.099,-0.0073,-0.0078
crosswind,rot_off,7.85,0.0000,0.0000,0.0000,0.000,0.000,0.000,4.266,-2.117,-0.0067,-0.0061
crosswind,rot_off,7.90,0.0000,0.0000,0.0000,0.000,0.000,0.000,4.247,-2.130,-0.0052,-0.0043
crosswind,rot_off,7.95,0.0000,0.0000,0.0000,0.000,0.000,0.000,4.231,-2.141,-0.0053,-0.0033
crosswind,rot_off,8.00,0.0000,0.0000,0.0000,0.000,0.000,0.000,4.216,-2.149,-0.0051,-0.0025
crosswind,rot_off,8.05,0.0000,0.0000,0.0000,0.000,0.000,0.000,4.202,-2.152,-0.0038,-0.0002
crosswind,rot_off,8.10,0.0000,0.0000,0.0000,0.000,0.000,0.000,4.189,-2.152,-0.0054,0.0010
crosswind,rot_off,8.15,0.0000,0.0000,0.0000,0.000,0.000,0.000,4.175,-2.146,-0.0039,0.0023
crosswind,rot_off,8.20,0.0000,0.0000,0.0000,0.000,0.000,0.000,4.161,-2.139,-0.0039,0.0038
crosswind,rot_off,8.25,0.0000,0.0000,0.0000,0.000,0.000,0.000,4.145,-2.127,-0.0056,0.0033
crosswind,rot_off,8.30,0.0000,0.0000,0.0000,0.000,0.000,0.000,4.132,-2.114,-0.0051,0.0046
crosswind,rot_off,8.35,0.0000,0.0000,0.0000,0.000,0.000,0.000,4.117,-2.098,-0.0045,0.0054
crosswind,rot_off,8.40,0.0000,0.0000,0.0000,0.000,0.000,0.000,4.103,-2.079,-0.0052,0.0080
crosswind,rot_off,8.45,0.0000,0.0000,0.0000,0.000,0.000,0.000,4.088,-2.057,-0.0044,0.0076
crosswind,rot_off,8.50,0.0000,0.0000,0.0000,0.000,0.000,0.000,4.075,-2.033,-0.0052,0.0096
crosswind,rot_off,8.55,0.0000,0.0000,0.0000,0.000,0.000,0.000,4.058,-2.002,-0.0056,0.0113
crosswind,rot_off,8.60,0.0000,0.0000,0.0000,0.000,0.000,0.000,4.043,-1.970,-0.0059,0.0116
crosswind,rot_off,8.65,0.0000,0.0000,0.0000,0.000,0.000,0.000,4.024,-1.933,-0.0065,0.0128
crosswind,rot_off,8.70,0.0000,0.0000,0.0000,0.000,0.000,0.000,4.004,-1.899,-0.0090,0.0124
crosswind,rot_off,8.75,0.0000,0.0000,0.0000,0.000,0.000,0.000,3.979,-1.862,-0.0096,0.0121
crosswind,rot_off,8.80,0.0000,0.0000,0.0000,0.000,0.000,0.000,3.952,-1.827,-0.0102,0.0124
crosswind,rot_off,8.85,0.0000,0.0000,0.0000,0.000,0.000,0.000,3.923,-1.790,-0.0103,0.0114
crosswind,rot_off,8.90,0.0000,0.0000,0.0000,0.000,0.000,0.000,3.894,-1.758,-0.0113,0.0111
crosswind,rot_off,8.95,0.0000,0.0000,0.0000,0.000,0.000,0.000,3.860,-1.727,-0.0125,0.0098
crosswind,rot_off,9.00,0.0000,0.0000,0.0000,0.000,0.000,0.000,3.827,-1.701,-0.0141,0.0089
crosswind,rot_off,9.05,0.0000,0.0000,0.0000,0.000,0.000,0.000,3.787,-1.675,-0.0148,0.0074
crosswind,rot_off,9.10,0.0000,0.0000,0.0000,0.000,0.000,0.000,3.749,-1.655,-0.0129,0.0066
crosswind,rot_off,9.15,0.0000,0.0000,0.0000,0.000,0.000,0.000,3.708,-1.637,-0.0137,0.0049
crosswind,rot_off,9.20,0.0000,0.0000,0.0000,0.000,0.000,0.000,3.673,-1.621,-0.0135,0.0043
crosswind,rot_off,9.25,0.0000,0.0000,0.0000,0.000,0.000,0.000,3.637,-1.606,-0.0117,0.0040
crosswind,rot_off,9.30,0.0000,0.0000,0.0000,0.000,0.000,0.000,3.607,-1.591,-0.0099,0.0045
crosswind,rot_off,9.35,0.0000,0.0000,0.0000,0.000,0.000,0.000,3.582,-1.577,-0.0077,0.0057
crosswind,rot_off,9.40,0.0000,0.0000,0.0000,0.000,0.000,0.000,3.565,-1.563,-0.0053,0.0046
crosswind,rot_off,9.45,0.0000,0.0000,0.0000,0.000,0.000,0.000,3.552,-1.551,-0.0031,0.0036
crosswind,rot_off,9.50,0.0000,0.0000,0.0000,0.000,0.000,0.000,3.547,-1.540,-0.0001,0.0040
crosswind,rot_off,9.55,0.0000,0.0000,0.0000,0.000,0.000,0.000,3.549,-1.531,0.0017,0.0017
crosswind,rot_off,9.60,0.0000,0.0000,0.0000,0.000,0.000,0.000,3.555,-1.525,0.0039,0.0012
crosswind,rot_off,9.65,0.0000,0.0000,0.0000,0.000,0.000,0.000,3.569,-1.520,0.0048,0.0003
crosswind,rot_off,9.70,0.0000,0.0000,0.0000,0.000,0.000,0.000,3.585,-1.519,0.0062,-0.0001
crosswind,rot_off,9.75,0.0000,0.0000,0.0000,0.000,0.000,0.000,3.606,-1.518,0.0069,-0.0001
crosswind,rot_off,9.80,0.0000,0.0000,0.0000,0.000,0.000,0.000,3.626,-1.520,0.0076,-0.0004
crosswind,rot_off,9.85,0.0000,0.0000,0.0000,0.000,0.000,0.000,3.648,-1.524,0.0065,-0.0034
crosswind,rot_off,9.90,0.0000,0.0000,0.0000,0.000,0.000,0.000,3.667,-1.529,0.0067,-0.0019
crosswind,rot_off,9.95,0.0000,0.0000,0.0000,0.000,0.000,0.000,3.687,-1.536,0.0063,-0.0033
crosswind,rot_off,10.00,0.0000,0.0000,0.0000,0.000,0.000,0.000,3.703,-1.543,0.0052,-0.0026
crosswind,rot_off,10.05,0.0000,0.0000,0.0000,0.000,0.000,0.000,3.717,-1.553,0.0047,-0.0039
crosswind,rot_off,10.10,0.0000,0.0000,0.0000,0.000,0.000,0.000,3.731,-1.560,0.0040,-0.0032
crosswind,rot_off,10.15,0.0000,0.0000,0.0000,0.000,0.000,0.000,3.746,-1.568,0.0050,-0.0021
crosswind,rot_off,10.20,0.0000,0.0000,0.0000,0.000,0.000,0.000,3.760,-1.573,0.0051,-0.0029
crosswind,rot_off,10.25,0.0000,0.0000,0.0000,0.000,0.000,0.000,3.775,-1.579,0.0037,-0.0009
crosswind,rot_off,10.30,0.0000,0.0000,0.0000,0.000,0.000,0.000,3.789,-1.583,0.0061,-0.0007
crosswind,rot_off,10.35,0.0000,0.0000,0.0000,0.000,0.000,0.000,3.805,-1.588,0.0051,-0.0003
crosswind,rot_off,10.40,0.0000,0.0000,0.0000,0.000,0.000,0.000,3.820,-1.588,0.0052,-0.0002
crosswind,rot_off,10.45,0.0000,0.0000,0.0000,0.000,0.000,0.000,3.834,-1.585,0.0051,0.0025
crosswind,rot_off,10.50,0.0000,0.0000,0.0000,0.000,0.000,0.000,3.848,-1.582,0.0034,0.0009
crosswind,rot_off,10.55,0.0000,0.0000,0.0000,0.000,0.000,0.000,3.862,-1.577,0.0033,0.0012
crosswind,rot_off,10.60,0.0000,0.0000,0.0000,0.000,0.000,0.000,3.872,-1.572,0.0040,0.0017
crosswind,rot_off,10.65,0.0000,0.0000,0.0000,0.000,0.000,0.000,3.883,-1.565,0.0040,0.0002
crosswind,rot_off,10.70,0.0000,0.0000,0.0000,0.000,0.000,0.000,3.893,-1.560,0.0030,0.0006
crosswind,rot_off,10.75,0.0000,0.0000,0.0000,0.000,0.000,0.000,3.903,-1.558,0.0027,-0.0011
crosswind,rot_off,10.80,0.0000,0.0000,0.0000,0.000,0.000,0.000,3.912,-1.557,0.0029,0.0003
crosswind,rot_off,10.85,0.0000,0.0000,0.0000,0.000,0.000,0.000,3.921,-1.559,0.0040,-0.0006
crosswind,rot_off,10.90,0.0000,0.0000,0.0000,0.000,0.000,0.000,3.928,-1.560,0.0030,-0.0014
crosswind,rot_off,10.95,0.0000,0.0000,0.0000,0.000,0.000,0.000,3.937,-1.562,0.0017,-0.0016
crosswind,rot_off,11.00,0.0000,0.0000,0.0000,0.000,0.000,0.000,3.946,-1.564,0.0037,-0.0003
crosswind,rot_off,11.05,0.0000,0.0000,0.0000,0.000,0.000,0.000,3.956,-1.568,0.0040,-0.0002
crosswind,rot_off,11.10,0.0000,0.0000,0.0000,0.000,0.000,0.000,3.968,-1.570,0.0044,-0.0007
crosswind,rot_off,11.15,0.0000,0.0000,0.0000,0.000,0.000,0.000,3.983,-1.571,0.0051,-0.0008
crosswind,rot_off,11.20,0.0000,0.0000,0.0000,0.000,0.000,0.000,4.000,-1.571,0.0071,0.0011
crosswind,rot_off,11.25,0.0000,0.0000,0.0000,0.000,0.000,0.000,4.019,-1.572,0.0072,-0.0000
crosswind,rot_off,11.30,0.0000,0.0000,0.0000,0.000,0.000,0.000,4.039,-1.568,0.0081,0.0021
crosswind,rot_off,11.35,0.0000,0.0000,0.0000,0.000,0.000,0.000,4.063,-1.562,0.0086,0.0031
crosswind,rot_off,11.40,0.0000,0.0000,0.0000,0.000,0.000,0.000,4.086,-1.554,0.0086,0.0035
crosswind,rot_off,11.45,0.0000,0.0000,0.0000,0.000,0.000,0.000,4.110,-1.544,0.0071,0.0032
crosswind,rot_off,11.50,0.0000,0.0000,0.0000,0.000,0.000,0.000,4.130,-1.535,0.0073,0.0035
crosswind,rot_off,11.55,0.0000,0.0000,0.0000,0.000,0.000,0.000,4.147,-1.525,0.0046,0.0045
crosswind,rot_off,11.60,0.0000,0.0000,0.0000,0.000,0.000,0.000,4.160,-1.515,0.0026,0.0031
crosswind,rot_off,11.65,0.0000,0.0000,0.0000,0.000,0.000,0.000,4.169,-1.507,0.0021,0.0033
crosswind,rot_off,11.70,0.0000,0.0000,0.0000,0.000,0.000,0.000,4.175,-1.500,-0.0003,0.0019
crosswind,rot_off,11.75,0.0000,0.0000,0.0000,0.000,0.000,0.000,4.177,-1.497,-0.0005,0.0007
crosswind,rot_off,11.80,0.0000,0.0000,0.0000,0.000,0.000,0.000,4.174,-1.493,-0.0018,0.0000
crosswind,rot_off,11.85,0.0000,0.0000,0.0000,0.000,0.000,0.000,4.169,-1.491,-0.0026,-0.0015
crosswind,rot_off,11.90,0.0000,0.0000,0.0000,0.000,0.000,0.000,4.161,-1.491,-0.0030,-0.0008
crosswind,rot_off,11.95,0.0000,0.0000,0.0000,0.000,0.000,0.000,4.150,-1.493,-0.0047,-0.0011
crosswind,rot_off,12.00,0.0000,0.0000,0.0000,0.000,0.000,0.000,4.139,-1.495,-0.0045,-0.0025
crosswind,rot_off,12.05,0.0000,0.0000,0.0000,0.000,0.000,0.000,4.126,-1.502,-0.0045,-0.0048
crosswind,rot_off,12.10,0.0000,0.0000,0.0000,0.000,0.000,0.000,4.113,-1.510,-0.0053,-0.0042
crosswind,rot_off,12.15,0.0000,0.0000,0.0000,0.000,0.000,0.000,4.101,-1.521,-0.0034,-0.0048
crosswind,rot_off,12.20,0.0000,0.0000,0.0000,0.000,0.000,0.000,4.091,-1.534,-0.0037,-0.0049
crosswind,rot_off,12.25,0.0000,0.0000,0.0000,0.000,0.000,0.000,4.080,-1.547,-0.0041,-0.0043
crosswind,rot_off,12.30,0.0000,0.0000,0.0000,0.000,0.000,0.000,4.071,-1.557,-0.0040,-0.0036
crosswind,rot_off,12.35,0.0000,0.0000,0.0000,0.000,0.000,0.000,4.060,-1.571,-0.0039,-0.0045
crosswind,rot_off,12.40,0.0000,0.0000,0.0000,0.000,0.000,0.000,4.052,-1.583,-0.0030,-0.0040
crosswind,rot_off,12.45,0.0000,0.0000,0.0000,0.000,0.000,0.000,4.044,-1.594,-0.0030,-0.0032
crosswind,rot_off,12.50,0.0000,0.0000,0.0000,0.000,0.000,0.000,4.037,-1.604,-0.0031,-0.0033
crosswind,rot_off,12.55,0.0000,0.0000,0.0000,0.000,0.000,0.000,4.029,-1.611,-0.0023,-0.0025
crosswind,rot_off,12.60,0.0000,0.0000,0.0000,0.000,0.000,0.000,4.024,-1.617,-0.0006,-0.0011
crosswind,rot_off,12.65,0.0000,0.0000,0.0000,0.000,0.000,0.000,4.021,-1.618,-0.0012,-0.0018
crosswind,rot_off,12.70,0.0000,0.0000,0.0000,0.000,0.000,0.000,4.021,-1.621,-0.0005,-0.0017
crosswind,rot_off,12.75,0.0000,0.0000,0.0000,0.000,0.000,0.000,4.020,-1.624,-0.0007,-0.0015
crosswind,rot_off,12.80,0.0000,0.0000,0.0000,0.000,0.000,0.000,4.020,-1.627,-0.0005,-0.0025
crosswind,rot_off,12.85,0.0000,0.0000,0.0000,0.000,0.000,0.000,4.017,-1.631,-0.0010,-0.0018
crosswind,rot_off,12.90,0.0000,0.0000,0.0000,0.000,0.000,0.000,4.015,-1.637,-0.0010,-0.0028
crosswind,rot_off,12.95,0.0000,0.0000,0.0000,0.000,0.000,0.000,4.013,-1.644,-0.0001,-0.0044
crosswind,rot_off,13.00,0.0000,0.0000,0.0000,0.000,0.000,0.000,4.013,-1.652,0.0004,-0.0041
crosswind,rot_off,13.05,0.0000,0.0000,0.0000,0.000,0.000,0.000,4.015,-1.662,0.0010,-0.0043
crosswind,rot_off,13.10,0.0000,0.0000,0.0000,0.000,0.000,0.000,4.020,-1.671,0.0020,-0.0040
crosswind,rot_off,13.15,0.0000,0.0000,0.0000,0.000,0.000,0.000,4.028,-1.684,0.0039,-0.0055
crosswind,rot_off,13.20,0.0000,0.0000,0.0000,0.000,0.000,0.000,4.036,-1.696,0.0030,-0.0043
crosswind,rot_off,13.25,0.0000,0.0000,0.0000,0.000,0.000,0.000,4.045,-1.707,0.0032,-0.0044
crosswind,rot_off,13.30,0.0000,0.0000,0.0000,0.000,0.000,0.000,4.054,-1.717,0.0035,-0.0029
crosswind,rot_off,13.35,0.0000,0.0000,0.0000,0.000,0.000,0.000,4.063,-1.724,0.0016,-0.0020
crosswind,rot_off,13.40,0.0000,0.0000,0.0000,0.000,0.000,0.000,4.069,-1.729,0.0033,-0.0017
crosswind,rot_off,13.45,0.0000,0.0000,0.0000,0.000,0.000,0.000,4.075,-1.731,0.0021,-0.0017
crosswind,rot_off,13.50,0.0000,0.0000,0.0000,0.000,0.000,0.000,4.080,-1.732,0.0019,-0.0002
crosswind,rot_off,13.55,0.0000,0.0000,0.0000,0.000,0.000,0.000,4.084,-1.733,0.0019,-0.0010
crosswind,rot_off,13.60,0.0000,0.0000,0.0000,0.000,0.000,0.000,4.089,-1.731,0.0023,0.0012
crosswind,rot_off,13.65,0.0000,0.0000,0.0000,0.000,0.000,0.000,4.093,-1.727,0.0026,0.0015
crosswind,rot_off,13.70,0.0000,0.0000,0.0000,0.000,0.000,0.000,4.099,-1.720,0.0028,0.0032
crosswind,rot_off,13.75,0.0000,0.0000,0.0000,0.000,0.000,0.000,4.107,-1.711,0.0028,0.0032
crosswind,rot_off,13.80,0.0000,0.0000,0.0000,0.000,0.000,0.000,4.115,-1.700,0.0027,0.0036
crosswind,rot_off,13.85,0.0000,0.0000,0.0000,0.000,0.000,0.000,4.127,-1.688,0.0031,0.0030
crosswind,rot_off,13.90,0.0000,0.0000,0.0000,0.000,0.000,0.000,4.136,-1.676,0.0041,0.0037
crosswind,rot_off,13.95,0.0000,0.0000,0.0000,0.000,0.000,0.000,4.147,-1.664,0.0039,0.0027
crosswind,rot_off,14.00,0.0000,0.0000,0.0000,0.000,0.000,0.000,4.157,-1.654,0.0039,0.0027
crosswind,rot_off,14.05,0.0000,0.0000,0.0000,0.000,0.000,0.000,4.166,-1.646,0.0035,0.0013
crosswind,rot_off,14.10,0.0000,0.0000,0.0000,0.000,0.000,0.000,4.174,-1.640,0.0031,0.0008
crosswind,rot_off,14.15,0.0000,0.0000,0.0000,0.000,0.000,0.000,4.179,-1.638,0.0018,0.0004
crosswind,rot_off,14.20,0.0000,0.0000,0.0000,0.000,0.000,0.000,4.184,-1.636,0.0014,-0.0001
crosswind,rot_off,14.25,0.0000,0.0000,0.0000,0.000,0.000,0.000,4.190,-1.635,0.0034,-0.0001
crosswind,rot_off,14.30,0.0000,0.0000,0.0000,0.000,0.000,0.000,4.196,-1.635,0.0031,0.0007
crosswind,rot_off,14.35,0.0000,0.0000,0.0000,0.000,0.000,0.000,4.203,-1.632,0.0040,0.0001
crosswind,rot_off,14.40,0.0000,0.0000,0.0000,0.000,0.000,0.000,4.211,-1.628,0.0033,0.0015
crosswind,rot_off,14.45,0.0000,0.0000,0.0000,0.000,0.000,0.000,4.221,-1.625,0.0037,0.0013
crosswind,rot_off,14.50,0.0000,0.0000,0.0000,0.000,0.000,0.000,4.232,-1.619,0.0043,0.0019
crosswind,rot_off,14.55,0.0000,0.0000,0.0000,0.000,0.000,0.000,4.244,-1.613,0.0045,0.0014
crosswind,rot_off,14.60,0.0000,0.0000,0.0000,0.000,0.000,0.000,4.256,-1.606,0.0041,0.0017
crosswind,rot_off,14.65,0.0000,0.0000,0.0000,0.000,0.000,0.000,4.267,-1.599,0.0043,0.0014
crosswind,rot_off,14.70,0.0000,0.0000,0.0000,0.000,0.000,0.000,4.275,-1.593,0.0025,0.0010
crosswind,rot_off,14.75,0.0000,0.0000,0.0000,0.000,0.000,0.000,4.283,-1.590,0.0015,0.0010
crosswind,rot_off,14.80,0.0000,0.0000,0.0000,0.000,0.000,0.000,4.288,-1.586,0.0018,-0.0001
crosswind,rot_off,14.85,0.0000,0.0000,0.0000,0.000,0.000,0.000,4.288,-1.586,-0.0006,-0.0002
crosswind,rot_off,14.90,0.0000,0.0000,0.0000,0.000,0.000,0.000,4.286,-1.585,-0.0024,-0.0016
crosswind,rot_off,14.95,0.0000,0.0000,0.0000,0.000,0.000,0.000,4.280,-1.588,-0.0013,-0.0006
crosswind,rot_on,0.00,0.0000,0.0000,0.0000,0.000,0.000,0.000,5.148,0.124,0.0286,-0.0404
crosswind,rot_on,0.05,0.0000,0.0000,0.0000,0.000,0.000,0.000,5.217,0.013,0.0244,-0.0393
crosswind,rot_on,0.10,0.0000,0.0000,0.0000,0.000,0.000,0.000,5.282,-0.105,0.0202,-0.0394
crosswind,rot_on,0.15,0.0000,0.0000,0.0000,0.000,0.000,0.000,5.332,-0.212,0.0171,-0.0385
crosswind,rot_on,0.20,0.0000,0.0000,0.0000,0.000,0.000,0.000,5.375,-0.326,0.0137,-0.0385
crosswind,rot_on,0.25,0.0000,0.0000,0.0000,0.000,0.000,0.000,5.405,-0.431,0.0092,-0.0377
crosswind,rot_on,0.30,0.0000,0.0000,0.0000,0.000,0.000,0.000,5.425,-0.543,0.0050,-0.0371
crosswind,rot_on,0.35,0.0000,0.0000,0.0000,0.000,0.000,0.000,5.434,-0.643,0.0023,-0.0368
crosswind,rot_on,0.40,0.0000,0.0000,0.0000,0.000,0.000,0.000,5.435,-0.750,-0.0005,-0.0360
crosswind,rot_on,0.45,0.0000,0.0000,0.0000,0.000,0.000,0.000,5.428,-0.845,-0.0033,-0.0333
crosswind,rot_on,0.50,0.0000,0.0000,0.0000,0.000,0.000,0.000,5.414,-0.943,-0.0052,-0.0322
crosswind,rot_on,0.55,0.0000,0.0000,0.0000,0.000,0.000,0.000,5.391,-1.028,-0.0080,-0.0306
crosswind,rot_on,0.60,0.0000,0.0000,0.0000,0.000,0.000,0.000,5.364,-1.116,-0.0104,-0.0298
crosswind,rot_on,0.65,0.0000,0.0000,0.0000,0.000,0.000,0.000,5.332,-1.193,-0.0121,-0.0275
crosswind,rot_on,0.70,0.0000,0.0000,0.0000,0.000,0.000,0.000,5.292,-1.276,-0.0151,-0.0276
crosswind,rot_on,0.75,0.0000,0.0000,0.0000,0.000,0.000,0.000,5.248,-1.350,-0.0173,-0.0276
crosswind,rot_on,0.80,0.0000,0.0000,0.0000,0.000,0.000,0.000,5.196,-1.430,-0.0194,-0.0270
crosswind,rot_on,0.85,0.0000,0.0000,0.0000,0.000,0.000,0.000,5.142,-1.500,-0.0210,-0.0256
crosswind,rot_on,0.90,0.0000,0.0000,0.0000,0.000,0.000,0.000,5.078,-1.573,-0.0225,-0.0248
crosswind,rot_on,0.95,-0.0448,-0.0020,0.0027,0.009,0.000,-0.001,5.013,-1.636,-0.0250,-0.0232
crosswind,rot_on,1.00,-0.0435,-0.0014,0.0026,0.009,0.000,-0.001,4.941,-1.700,-0.0247,-0.0224
crosswind,rot_on,1.05,-0.0399,-0.0008,0.0024,0.008,0.000,-0.000,4.902,-1.756,-0.0014,-0.0183
crosswind,rot_on,1.10,-0.0385,-0.0008,0.0023,0.008,0.000,-0.000,4.947,-1.805,0.0192,-0.0167
crosswind,rot_on,1.15,-0.0378,-0.0006,0.0023,0.008,0.000,-0.000,5.000,-1.850,0.0168,-0.0165
crosswind,rot_on,1.20,-0.0363,-0.0003,0.0022,0.007,0.000,-0.000,5.025,-1.893,0.0028,-0.0151
crosswind,rot_on,1.25,-0.0346,-0.0003,0.0021,0.007,0.000,-0.000,5.013,-1.927,-0.0104,-0.0118
crosswind,rot_on,1.30,-0.0330,-0.0006,0.0021,0.007,0.000,-0.000,4.964,-1.960,-0.0212,-0.0106
crosswind,rot_on,1.35,-0.0306,-0.0007,0.0020,0.006,0.000,-0.000,4.885,-1.985,-0.0325,-0.0105
crosswind,rot_on,1.40,-0.0328,-0.0006,0.0020,0.007,0.000,-0.000,4.775,-2.007,-0.0399,-0.0077
crosswind,rot_on,1.45,-0.0373,-0.0010,0.0020,0.007,0.000,-0.000,4.661,-2.021,-0.0441,-0.0047
crosswind,rot_on,1.50,-0.0420,-0.0011,0.0019,0.008,0.000,-0.000,4.526,-2.027,-0.0444,-0.0017
crosswind,rot_on,1.55,-0.0476,-0.0014,0.0018,0.010,0.000,-0.000,4.409,-2.029,-0.0407,-0.0002
crosswind,rot_on,1.60,-0.0548,-0.0015,0.0017,0.011,0.000,-0.000,4.307,-2.024,-0.0313,0.0018
crosswind,rot_on,1.65,-0.0610,-0.0020,0.0016,0.012,0.000,-0.000,4.240,-2.016,-0.0183,0.0026
crosswind,rot_on,1.70,-0.0627,-0.0025,0.0016,0.013,0.001,-0.000,4.210,-2.004,-0.0040,0.0049
crosswind,rot_on,1.75,-0.0625,-0.0030,0.0015,0.012,0.001,-0.000,4.212,-1.986,0.0031,0.0053
crosswind,rot_on,1.80,-0.0621,-0.0032,0.0013,0.012,0.001,-0.000,4.222,-1.965,0.0038,0.0063
crosswind,rot_on,1.85,-0.0624,-0.0034,0.0013,0.012,0.001,-0.000,4.223,-1.942,-0.0005,0.0071
crosswind,rot_on,1.90,-0.0621,-0.0033,0.0012,0.012,0.001,-0.000,4.210,-1.913,-0.0044,0.0099
crosswind,rot_on,1.95,-0.0618,-0.0036,0.0011,0.012,0.001,-0.000,4.189,-1.884,-0.0088,0.0098
crosswind,rot_on,2.00,-0.0626,-0.0044,0.0011,0.013,0.001,-0.000,4.152,-1.850,-0.0138,0.0113
crosswind,rot_on,2.05,-0.0629,-0.0053,0.0010,0.013,0.001,-0.000,4.109,-1.816,-0.0166,0.0123
crosswind,rot_on,2.10,-0.0633,-0.0057,0.0010,0.013,0.001,-0.000,4.056,-1.777,-0.0181,0.0139
crosswind,rot_on,2.15,-0.0633,-0.0059,0.0010,0.013,0.001,-0.000,4.005,-1.738,-0.0190,0.0142
crosswind,rot_on,2.20,-0.0610,-0.0051,0.0009,0.012,0.001,-0.000,3.947,-1.695,-0.0203,0.0145
crosswind,rot_on,2.25,-0.0580,-0.0041,0.0008,0.012,0.001,-0.000,3.896,-1.656,-0.0182,0.0123
crosswind,rot_on,2.30,-0.0558,-0.0031,0.0007,0.011,0.001,-0.000,3.836,-1.619,-0.0203,0.0102
crosswind,rot_on,2.35,-0.0533,-0.0020,0.0006,0.011,0.000,-0.000,3.778,-1.591,-0.0220,0.0095
crosswind,rot_on,2.40,-0.0523,-0.0020,0.0005,0.010,0.000,-0.000,3.713,-1.566,-0.0219,0.0066
crosswind,rot_on,2.45,-0.0512,-0.0017,0.0004,0.010,0.000,-0.000,3.656,-1.547,-0.0200,0.0055
crosswind,rot_on,2.50,-0.0506,-0.0016,0.0004,0.010,0.000,-0.000,3.600,-1.528,-0.0177,0.0055
crosswind,rot_on,2.55,-0.0492,-0.0014,0.0003,0.010,0.000,-0.000,3.559,-1.511,-0.0136,0.0047
crosswind,rot_on,2.60,-0.0481,-0.0013,0.0002,0.010,0.000,-0.000,3.525,-1.492,-0.0092,0.0050
crosswind,rot_on,2.65,-0.0476,-0.0012,0.0001,0.010,0.000,-0.000,3.503,-1.472,-0.0070,0.0073
crosswind,rot_on,2.70,-0.0468,-0.0012,0.0001,0.009,0.000,-0.000,3.492,-1.451,-0.0029,0.0075
crosswind,rot_on,2.75,-0.0467,-0.0011,0.0000,0.009,0.000,-0.000,3.487,-1.428,-0.0008,0.0082
crosswind,rot_on,2.80,-0.0459,-0.0010,-0.0000,0.009,0.000,0.000,3.491,-1.401,0.0024,0.0089
crosswind,rot_on,2.85,-0.0457,-0.0009,-0.0001,0.009,0.000,0.000,3.501,-1.374,0.0025,0.0102
crosswind,rot_on,2.90,-0.0449,-0.0010,-0.0001,0.009,0.000,0.000,3.515,-1.344,0.0047,0.0099
crosswind,rot_on,2.95,-0.0441,-0.0009,-0.0002,0.009,0.000,0.000,3.533,-1.319,0.0061,0.0075
crosswind,rot_on,3.00,-0.0435,-0.0008,-0.0002,0.009,0.000,0.000,3.552,-1.293,0.0061,0.0066
crosswind,rot_on,3.05,-0.0426,-0.0008,-0.0003,0.009,0.000,0.000,3.571,-1.269,0.0057,0.0076
crosswind,rot_on,3.10,-0.0420,-0.0011,-0.0003,0.008,0.000,0.000,3.590,-1.248,0.0054,0.0071
crosswind,rot_on,3.15,-0.0413,-0.0012,-0.0003,0.008,0.000,0.000,3.606,-1.227,0.0049,0.0063
crosswind,rot_on,3.20,-0.0399,-0.0013,-0.0004,0.008,0.000,0.000,3.622,-1.206,0.0050,0.0067
crosswind,rot_on,3.25,-0.0393,-0.0015,-0.0004,0.008,0.000,0.000,3.636,-1.185,0.0043,0.0074
crosswind,rot_on,3.30,-0.0386,-0.0018,-0.0005,0.008,0.000,0.000,3.649,-1.161,0.0031,0.0073
crosswind,rot_on,3.35,-0.0378,-0.0019,-0.0005,0.008,0.000,0.000,3.659,-1.139,0.0043,0.0089
crosswind,rot_on,3.40,-0.0378,-0.0023,-0.0005,0.008,0.000,0.000,3.671,-1.111,0.0041,0.0103
crosswind,rot_on,3.45,-0.0369,-0.0025,-0.0005,0.007,0.001,0.000,3.686,-1.084,0.0050,0.0103
crosswind,rot_on,3.50,-0.0362,-0.0026,-0.0006,0.007,0.001,0.000,3.705,-1.052,0.0074,0.0122
crosswind,rot_on,3.55,-0.0361,-0.0030,-0.0006,0.007,0.001,0.000,3.727,-1.019,0.0088,0.0118
crosswind,rot_on,3.60,-0.0355,-0.0032,-0.0006,0.007,0.001,0.000,3.754,-0.983,0.0100,0.0121
crosswind,rot_on,3.65,-0.0350,-0.0034,-0.0007,0.007,0.001,0.000,3.784,-0.950,0.0111,0.0120
crosswind,rot_on,3.70,-0.0354,-0.0037,-0.0006,0.007,0.001,0.000,3.817,-0.914,0.0126,0.0124
crosswind,rot_on,3.75,-0.0357,-0.0042,-0.0006,0.007,0.001,0.000,3.852,-0.884,0.0120,0.0103
crosswind,rot_on,3.80,-0.0354,-0.0044,-0.0006,0.007,0.001,0.000,3.891,-0.852,0.0135,0.0102
crosswind,rot_on,3.85,-0.0355,-0.0048,-0.0006,0.007,0.001,0.000,3.930,-0.826,0.0148,0.0086
crosswind,rot_on,3.90,-0.0358,-0.0051,-0.0005,0.007,0.001,0.000,3.975,-0.800,0.0156,0.0079
crosswind,rot_on,3.95,-0.0356,-0.0054,-0.0005,0.007,0.001,0.000,4.019,-0.780,0.0169,0.0063
crosswind,rot_on,4.00,-0.0356,-0.0056,-0.0004,0.007,0.001,0.000,4.067,-0.763,0.0164,0.0049
crosswind,rot_on,4.05,-0.0362,-0.0059,-0.0004,0.007,0.001,0.000,4.112,-0.750,0.0154,0.0037
crosswind,rot_on,4.10,-0.0373,-0.0064,-0.0003,0.007,0.001,0.000,4.158,-0.740,0.0149,0.0022
crosswind,rot_on,4.15,-0.0388,-0.0066,-0.0002,0.008,0.001,0.000,4.200,-0.739,0.0147,0.0010
crosswind,rot_on,4.20,-0.0404,-0.0069,-0.0001,0.008,0.001,0.000,4.243,-0.740,0.0148,-0.0014
crosswind,rot_on,4.25,-0.0421,-0.0070,-0.0000,0.008,0.001,0.000,4.281,-0.744,0.0137,-0.0020
crosswind,rot_on,4.30,-0.0440,-0.0073,0.0001,0.009,0.001,-0.000,4.320,-0.754,0.0127,-0.0032
crosswind,rot_on,4.35,-0.0454,-0.0075,0.0002,0.009,0.001,-0.000,4.354,-0.766,0.0125,-0.0045
crosswind,rot_on,4.40,-0.0471,-0.0077,0.0002,0.009,0.002,-0.000,4.391,-0.781,0.0120,-0.0059
crosswind,rot_on,4.45,-0.0481,-0.0077,0.0003,0.010,0.002,-0.000,4.425,-0.796,0.0124,-0.0057
crosswind,rot_on,4.50,-0.0497,-0.0080,0.0004,0.010,0.002,-0.000,4.458,-0.814,0.0111,-0.0066
crosswind,rot_on,4.55,-0.0503,-0.0079,0.0004,0.010,0.002,-0.000,4.488,-0.831,0.0107,-0.0051
crosswind,rot_on,4.60,-0.0519,-0.0084,0.0005,0.010,0.002,-0.000,4.516,-0.852,0.0084,-0.0075
crosswind,rot_on,4.65,-0.0527,-0.0083,0.0006,0.011,0.002,-0.000,4.538,-0.874,0.0085,-0.0083
crosswind,rot_on,4.70,-0.0522,-0.0083,0.0006,0.010,0.002,-0.000,4.558,-0.897,0.0072,-0.0076
crosswind,rot_on,4.75,-0.0514,-0.0085,0.0007,0.010,0.002,-0.000,4.576,-0.921,0.0055,-0.0085
crosswind,rot_on,4.80,-0.0500,-0.0085,0.0007,0.010,0.002,-0.000,4.589,-0.946,0.0035,-0.0083
crosswind,rot_on,4.85,-0.0497,-0.0087,0.0008,0.010,0.002,-0.000,4.593,-0.969,0.0003,-0.0086
crosswind,rot_on,4.90,-0.0489,-0.0087,0.0008,0.010,0.002,-0.000,4.586,-0.992,-0.0045,-0.0078
crosswind,rot_on,4.95,-0.0474,-0.0087,0.0008,0.009,0.002,-0.000,4.572,-1.013,-0.0055,-0.0074
crosswind,rot_on,5.00,-0.0465,-0.0088,0.0009,0.009,0.002,-0.000,4.551,-1.037,-0.0078,-0.0082
crosswind,rot_on,5.05,-0.0450,-0.0087,0.0009,0.009,0.002,-0.000,4.526,-1.058,-0.0101,-0.0078
crosswind,rot_on,5.10,-0.0428,-0.0086,0.0009,0.009,0.002,-0.000,4.493,-1.081,-0.0108,-0.0074
crosswind,rot_on,5.15,-0.0413,-0.0086,0.0009,0.008,0.002,-0.000,4.460,-1.101,-0.0120,-0.0078
crosswind,rot_on,5.20,-0.0411,-0.0085,0.0009,0.008,0.002,-0.000,4.421,-1.124,-0.0131,-0.0079
crosswind,rot_on,5.25,-0.0395,-0.0083,0.0009,0.008,0.002,-0.000,4.386,-1.143,-0.0126,-0.0070
crosswind,rot_on,5.30,-0.0380,-0.0083,0.0009,0.008,0.002,-0.000,4.350,-1.164,-0.0125,-0.0084
crosswind,rot_on,5.35,-0.0372,-0.0079,0.0009,0.007,0.002,-0.000,4.320,-1.183,-0.0107,-0.0065
crosswind,rot_on,5.40,-0.0361,-0.0079,0.0008,0.007,0.002,-0.000,4.292,-1.204,-0.0098,-0.0063
crosswind,rot_on,5.45,-0.0348,-0.0078,0.0008,0.007,0.002,-0.000,4.270,-1.222,-0.0084,-0.0069
crosswind,rot_on,5.50,-0.0343,-0.0075,0.0008,0.007,0.002,-0.000,4.247,-1.242,-0.0085,-0.0060
crosswind,rot_on,5.55,-0.0332,-0.0075,0.0008,0.007,0.001,-0.000,4.226,-1.258,-0.0078,-0.0065
crosswind,rot_on,5.60,-0.0316,-0.0072,0.0008,0.006,0.001,-0.000,4.209,-1.277,-0.0051,-0.0069
crosswind,rot_on,5.65,-0.0319,-0.0069,0.0008,0.006,0.001,-0.000,4.195,-1.291,-0.0058,-0.0045
crosswind,rot_on,5.70,-0.0302,-0.0068,0.0007,0.006,0.001,-0.000,4.182,-1.304,-0.0037,-0.0035
crosswind,rot_on,5.75,-0.0292,-0.0067,0.0007,0.006,0.001,-0.000,4.175,-1.312,-0.0015,-0.0023
crosswind,rot_on,5.80,-0.0295,-0.0067,0.0007,0.006,0.001,-0.000,4.172,-1.317,-0.0009,-0.0018
crosswind,rot_on,5.85,-0.0289,-0.0065,0.0006,0.006,0.001,-0.000,4.170,-1.320,-0.0005,-0.0011
crosswind,rot_on,5.90,-0.0285,-0.0065,0.0006,0.006,0.001,-0.000,4.171,-1.322,0.0003,-0.0009
crosswind,rot_on,5.95,-0.0281,-0.0065,0.0006,0.006,0.001,-0.000,4.174,-1.324,0.0015,-0.0019
crosswind,rot_on,6.00,-0.0289,-0.0065,0.0006,0.006,0.001,-0.000,4.180,-1.327,0.0018,-0.0021
crosswind,rot_on,6.05,-0.0290,-0.0064,0.0006,0.006,0.001,-0.000,4.185,-1.329,0.0029,-0.0016
crosswind,rot_on,6.10,-0.0295,-0.0065,0.0006,0.006,0.001,-0.000,4.192,-1.332,0.0029,-0.0016
crosswind,rot_on,6.15,-0.0293,-0.0065,0.0005,0.006,0.001,-0.000,4.200,-1.337,0.0022,-0.0018
crosswind,rot_on,6.20,-0.0301,-0.0065,0.0005,0.006,0.001,-0.000,4.209,-1.342,0.0035,-0.0014
crosswind,rot_on,6.25,-0.0315,-0.0065,0.0005,0.006,0.001,-0.000,4.217,-1.343,0.0015,-0.0002
crosswind,rot_on,6.30,-0.0328,-0.0064,0.0005,0.007,0.001,-0.000,4.223,-1.343,0.0016,0.0012
crosswind,rot_on,6.35,-0.0346,-0.0065,0.0005,0.007,0.001,-0.000,4.228,-1.340,0.0027,0.0024
crosswind,rot_on,6.40,-0.0369,-0.0064,0.0005,0.007,0.001,-0.000,4.237,-1.332,0.0033,0.0036
crosswind,rot_on,6.45,-0.0381,-0.0063,0.0005,0.008,0.001,-0.000,4.250,-1.322,0.0050,0.0042
crosswind,rot_on,6.50,-0.0402,-0.0061,0.0005,0.008,0.001,-0.000,4.266,-1.306,0.0061,0.0069
crosswind,rot_on,6.55,-0.0419,-0.0062,0.0004,0.008,0.001,-0.000,4.284,-1.287,0.0073,0.0070
crosswind,rot_on,6.60,-0.0440,-0.0059,0.0004,0.009,0.001,-0.000,4.304,-1.263,0.0069,0.0090
crosswind,rot_on,6.65,-0.0466,-0.0060,0.0004,0.009,0.001,-0.000,4.324,-1.238,0.0075,0.0096
crosswind,rot_on,6.70,-0.0483,-0.0060,0.0004,0.010,0.001,-0.000,4.346,-1.208,0.0070,0.0100
crosswind,rot_on,6.75,-0.0479,-0.0060,0.0004,0.010,0.001,-0.000,4.366,-1.182,0.0080,0.0095
crosswind,rot_on,6.80,-0.0478,-0.0060,0.0004,0.010,0.001,-0.000,4.387,-1.152,0.0051,0.0104
crosswind,rot_on,6.85,-0.0477,-0.0063,0.0004,0.010,0.001,-0.000,4.398,-1.127,0.0034,0.0098
crosswind,rot_on,6.90,-0.0478,-0.0064,0.0004,0.010,0.001,-0.000,4.401,-1.099,-0.0005,0.0099
crosswind,rot_on,6.95,-0.0482,-0.0067,0.0005,0.010,0.001,-0.000,4.393,-1.075,-0.0043,0.0095
crosswind,rot_on,7.00,-0.0484,-0.0069,0.0005,0.010,0.001,-0.000,4.376,-1.047,-0.0065,0.0085
crosswind,rot_on,7.05,-0.0481,-0.0069,0.0004,0.010,0.001,-0.000,4.356,-1.022,-0.0073,0.0093
crosswind,rot_on,7.10,-0.0483,-0.0070,0.0004,0.010,0.001,-0.000,4.335,-0.996,-0.0075,0.0092
crosswind,rot_on,7.15,-0.0485,-0.0071,0.0004,0.010,0.001,-0.000,4.313,-0.973,-0.0077,0.0078
crosswind,rot_on,7.20,-0.0491,-0.0070,0.0005,0.010,0.001,-0.000,4.288,-0.952,-0.0080,0.0067
crosswind,rot_on,7.25,-0.0496,-0.0070,0.0005,0.010,0.001,-0.000,4.267,-0.935,-0.0076,0.0053
crosswind,rot_on,7.30,-0.0498,-0.0069,0.0005,0.010,0.001,-0.000,4.246,-0.922,-0.0071,0.0035
crosswind,rot_on,7.35,-0.0502,-0.0066,0.0004,0.010,0.001,-0.000,4.231,-0.913,-0.0045,0.0034
crosswind,rot_on,7.40,-0.0508,-0.0067,0.0005,0.010,0.001,-0.000,4.217,-0.908,-0.0042,0.0008
crosswind,rot_on,7.45,-0.0514,-0.0064,0.0005,0.010,0.001,-0.000,4.202,-0.910,-0.0038,-0.0017
crosswind,rot_on,7.50,-0.0522,-0.0062,0.0005,0.010,0.001,-0.000,4.188,-0.916,-0.0033,-0.0037
crosswind,rot_on,7.55,-0.0533,-0.0059,0.0005,0.011,0.001,-0.000,4.180,-0.926,-0.0008,-0.0053
crosswind,rot_on,7.60,-0.0524,-0.0058,0.0005,0.010,0.001,-0.000,4.176,-0.942,-0.0002,-0.0061
crosswind,rot_on,7.65,-0.0505,-0.0057,0.0005,0.010,0.001,-0.000,4.179,-0.958,0.0025,-0.0073
crosswind,rot_on,7.70,-0.0481,-0.0056,0.0005,0.010,0.001,-0.000,4.187,-0.979,0.0036,-0.0076
crosswind,rot_on,7.75,-0.0468,-0.0055,0.0005,0.009,0.001,-0.000,4.193,-0.995,0.0024,-0.0062
crosswind,rot_on,7.80,-0.0446,-0.0057,0.0005,0.009,0.001,-0.000,4.196,-1.015,0.0018,-0.0071
crosswind,rot_on,7.85,-0.0431,-0.0056,0.0005,0.009,0.001,-0.000,4.193,-1.034,-0.0013,-0.0066
crosswind,rot_on,7.90,-0.0415,-0.0058,0.0005,0.008,0.001,-0.000,4.188,-1.054,-0.0015,-0.0062
crosswind,rot_on,7.95,-0.0400,-0.0060,0.0005,0.008,0.001,-0.000,4.179,-1.072,-0.0031,-0.0065
crosswind,rot_on,8.00,-0.0377,-0.0061,0.0005,0.008,0.001,-0.000,4.168,-1.088,-0.0030,-0.0060
crosswind,rot_on,8.05,-0.0356,-0.0062,0.0005,0.007,0.001,-0.000,4.158,-1.104,-0.0033,-0.0050
crosswind,rot_on,8.10,-0.0339,-0.0065,0.0005,0.007,0.001,-0.000,4.144,-1.120,-0.0044,-0.0056
crosswind,rot_on,8.15,-0.0322,-0.0065,0.0004,0.006,0.001,-0.000,4.130,-1.131,-0.0048,-0.0042
crosswind,rot_on,8.20,-0.0305,-0.0067,0.0004,0.006,0.001,-0.000,4.114,-1.142,-0.0057,-0.0030
crosswind,rot_on,8.25,-0.0280,-0.0066,0.0003,0.006,0.001,-0.000,4.100,-1.148,-0.0051,-0.0013
crosswind,rot_on,8.30,-0.0278,-0.0068,0.0003,0.006,0.001,-0.000,4.087,-1.152,-0.0049,0.0002
crosswind,rot_on,8.35,-0.0272,-0.0067,0.0003,0.005,0.001,-0.000,4.078,-1.152,-0.0038,0.0013
crosswind,rot_on,8.40,-0.0262,-0.0068,0.0003,0.005,0.001,-0.000,4.065,-1.150,-0.0037,0.0004
crosswind,rot_on,8.45,-0.0255,-0.0064,0.0002,0.005,0.001,-0.000,4.060,-1.143,-0.0025,0.0039
crosswind,rot_on,8.50,-0.0249,-0.0067,0.0002,0.005,0.001,-0.000,4.056,-1.137,-0.0000,0.0031
crosswind,rot_on,8.55,-0.0248,-0.0065,0.0002,0.005,0.001,-0.000,4.060,-1.128,0.0022,0.0028
crosswind,rot_on,8.60,-0.0244,-0.0064,0.0002,0.005,0.001,-0.000,4.068,-1.117,0.0043,0.0044
crosswind,rot_on,8.65,-0.0243,-0.0065,0.0002,0.005,0.001,-0.000,4.081,-1.106,0.0053,0.0041
crosswind,rot_on,8.70,-0.0247,-0.0064,0.0002,0.005,0.001,-0.000,4.099,-1.093,0.0062,0.0050
crosswind,rot_on,8.75,-0.0250,-0.0063,0.0002,0.005,0.001,-0.000,4.118,-1.080,0.0074,0.0063
crosswind,rot_on,8.80,-0.0263,-0.0064,0.0002,0.005,0.001,-0.000,4.142,-1.065,0.0076,0.0067
crosswind,rot_on,8.85,-0.0273,-0.0064,0.0002,0.005,0.001,-0.000,4.167,-1.047,0.0097,0.0067
crosswind,rot_on,8.90,-0.0289,-0.0064,0.0002,0.006,0.001,-0.000,4.194,-1.027,0.0091,0.0069
crosswind,rot_on,8.95,-0.0309,-0.0065,0.0002,0.006,0.001,-0.000,4.220,-1.007,0.0086,0.0077
crosswind,rot_on,9.00,-0.0315,-0.0066,0.0002,0.006,0.001,-0.000,4.250,-0.985,0.0093,0.0063
crosswind,rot_on,9.05,-0.0337,-0.0067,0.0003,0.007,0.001,-0.000,4.274,-0.966,0.0079,0.0064
crosswind,rot_on,9.10,-0.0345,-0.0069,0.0003,0.007,0.001,-0.000,4.297,-0.949,0.0064,0.0048
crosswind,rot_on,9.15,-0.0354,-0.0070,0.0003,0.007,0.001,-0.000,4.314,-0.937,0.0040,0.0022
crosswind,rot_on,9.20,-0.0349,-0.0071,0.0003,0.007,0.001,-0.000,4.327,-0.931,0.0034,0.0001
crosswind,rot_on,9.25,-0.0350,-0.0071,0.0004,0.007,0.001,-0.000,4.335,-0.929,0.0018,-0.0002
crosswind,rot_on,9.30,-0.0355,-0.0075,0.0004,0.007,0.001,-0.000,4.334,-0.933,-0.0020,-0.0030
crosswind,rot_on,9.35,-0.0348,-0.0074,0.0004,0.007,0.001,-0.000,4.329,-0.938,-0.0020,-0.0034
crosswind,rot_on,9.40,-0.0356,-0.0076,0.0005,0.007,0.002,-0.000,4.320,-0.949,-0.0040,-0.0051
crosswind,rot_on,9.45,-0.0353,-0.0074,0.0006,0.007,0.001,-0.000,4.308,-0.961,-0.0051,-0.0050
crosswind,rot_on,9.50,-0.0346,-0.0075,0.0006,0.007,0.001,-0.000,4.296,-0.979,-0.0045,-0.0062
crosswind,rot_on,9.55,-0.0346,-0.0074,0.0006,0.007,0.001,-0.000,4.285,-0.995,-0.0043,-0.0068
crosswind,rot_on,9.60,-0.0342,-0.0073,0.0006,0.007,0.001,-0.000,4.272,-1.015,-0.0042,-0.0074
crosswind,rot_on,9.65,-0.0335,-0.0072,0.0006,0.007,0.001,-0.000,4.258,-1.034,-0.0044,-0.0073
crosswind,rot_on,9.70,-0.0334,-0.0070,0.0006,0.007,0.001,-0.000,4.244,-1.051,-0.0049,-0.0062
crosswind,rot_on,9.75,-0.0329,-0.0070,0.0006,0.007,0.001,-0.000,4.233,-1.067,-0.0037,-0.0053
crosswind,rot_on,9.80,-0.0320,-0.0070,0.0006,0.006,0.001,-0.000,4.221,-1.081,-0.0039,-0.0049
crosswind,rot_on,9.85,-0.0311,-0.0070,0.0006,0.006,0.001,-0.000,4.213,-1.094,-0.0041,-0.0049
crosswind,rot_on,9.90,-0.0298,-0.0069,0.0006,0.006,0.001,-0.000,4.203,-1.107,-0.0035,-0.0041
crosswind,rot_on,9.95,-0.0284,-0.0071,0.0006,0.006,0.001,-0.000,4.192,-1.120,-0.0049,-0.0056
crosswind,rot_on,10.00,-0.0274,-0.0069,0.0006,0.005,0.001,-0.000,4.177,-1.132,-0.0069,-0.0039
crosswind,rot_on,10.05,-0.0266,-0.0071,0.0005,0.005,0.001,-0.000,4.160,-1.143,-0.0075,-0.0038
crosswind,rot_on,10.10,-0.0259,-0.0071,0.0005,0.005,0.001,-0.000,4.138,-1.155,-0.0081,-0.0038
crosswind,rot_on,10.15,-0.0249,-0.0071,0.0005,0.005,0.001,-0.000,4.117,-1.164,-0.0087,-0.0038
crosswind,rot_on,10.20,-0.0244,-0.0070,0.0005,0.005,0.001,-0.000,4.093,-1.173,-0.0085,-0.0033
crosswind,rot_on,10.25,-0.0241,-0.0069,0.0005,0.005,0.001,-0.000,4.072,-1.178,-0.0082,-0.0017
crosswind,rot_on,10.30,-0.0244,-0.0069,0.0005,0.005,0.001,-0.000,4.048,-1.182,-0.0090,-0.0008
crosswind,rot_on,10.35,-0.0233,-0.0068,0.0004,0.005,0.001,-0.000,4.030,-1.185,-0.0063,-0.0010
crosswind,rot_on,10.40,-0.0235,-0.0067,0.0004,0.005,0.001,-0.000,4.012,-1.188,-0.0067,-0.0003
crosswind,rot_on,10.45,-0.0228,-0.0068,0.0004,0.005,0.001,-0.000,3.999,-1.190,-0.0056,-0.0018
crosswind,rot_on,10.50,-0.0221,-0.0065,0.0004,0.004,0.001,-0.000,3.985,-1.193,-0.0039,-0.0010
crosswind,rot_on,10.55,-0.0222,-0.0065,0.0004,0.004,0.001,-0.000,3.974,-1.195,-0.0050,-0.0003
crosswind,rot_on,10.60,-0.0224,-0.0065,0.0004,0.004,0.001,-0.000,3.964,-1.195,-0.0039,0.0001
crosswind,rot_on,10.65,-0.0214,-0.0064,0.0004,0.004,0.001,-0.000,3.957,-1.196,-0.0020,-0.0002
crosswind,rot_on,10.70,-0.0209,-0.0064,0.0003,0.004,0.001,-0.000,3.953,-1.195,-0.0003,-0.0011
crosswind,rot_on,10.75,-0.0204,-0.0061,0.0003,0.004,0.001,-0.000,3.955,-1.194,0.0013,0.0008
crosswind,rot_on,10.80,-0.0209,-0.0063,0.0003,0.004,0.001,-0.000,3.960,-1.192,0.0018,0.0001
crosswind,rot_on,10.85,-0.0211,-0.0062,0.0003,0.004,0.001,-0.000,3.966,-1.190,0.0039,0.0010
crosswind,rot_on,10.90,-0.0215,-0.0064,0.0003,0.004,0.001,-0.000,3.977,-1.188,0.0048,-0.0008
crosswind,rot_on,10.95,-0.0210,-0.0062,0.0003,0.004,0.001,-0.000,3.993,-1.187,0.0068,-0.0006
crosswind,rot_on,11.00,-0.0214,-0.0064,0.0003,0.004,0.001,-0.000,4.013,-1.186,0.0064,-0.0000
crosswind,rot_on,11.05,-0.0216,-0.0065,0.0003,0.004,0.001,-0.000,4.036,-1.186,0.0076,-0.0004
crosswind,rot_on,11.10,-0.0216,-0.0066,0.0003,0.004,0.001,-0.000,4.058,-1.186,0.0079,-0.0004
crosswind,rot_on,11.15,-0.0219,-0.0067,0.0003,0.004,0.001,-0.000,4.081,-1.186,0.0078,-0.0007
crosswind,rot_on,11.20,-0.0228,-0.0068,0.0003,0.005,0.001,-0.000,4.105,-1.188,0.0087,-0.0003
crosswind,rot_on,11.25,-0.0229,-0.0070,0.0003,0.005,0.001,-0.000,4.129,-1.189,0.0091,-0.0010
crosswind,rot_on,11.30,-0.0239,-0.0071,0.0003,0.005,0.001,-0.000,4.155,-1.190,0.0093,-0.0016
crosswind,rot_on,11.35,-0.0252,-0.0071,0.0003,0.005,0.001,-0.000,4.182,-1.189,0.0103,-0.0003
crosswind,rot_on,11.40,-0.0262,-0.0073,0.0003,0.005,0.001,-0.000,4.213,-1.188,0.0102,0.0005
crosswind,rot_on,11.45,-0.0267,-0.0074,0.0003,0.005,0.001,-0.000,4.243,-1.185,0.0120,0.0003
crosswind,rot_on,11.50,-0.0284,-0.0074,0.0004,0.006,0.001,-0.000,4.275,-1.182,0.0102,0.0014
crosswind,rot_on,11.55,-0.0289,-0.0075,0.0003,0.006,0.002,-0.000,4.304,-1.176,0.0099,0.0022
crosswind,rot_on,11.60,-0.0308,-0.0077,0.0004,0.006,0.002,-0.000,4.333,-1.170,0.0095,0.0016
crosswind,rot_on,11.65,-0.0321,-0.0076,0.0004,0.006,0.002,-0.000,4.360,-1.165,0.0104,0.0031
crosswind,rot_on,11.70,-0.0346,-0.0079,0.0004,0.007,0.002,-0.000,4.387,-1.159,0.0086,0.0016
crosswind,rot_on,11.75,-0.0355,-0.0078,0.0004,0.007,0.002,-0.000,4.412,-1.152,0.0080,0.0021
crosswind,rot_on,11.80,-0.0373,-0.0079,0.0004,0.007,0.002,-0.000,4.438,-1.145,0.0091,0.0023
crosswind,rot_on,11.85,-0.0400,-0.0080,0.0005,0.008,0.002,-0.000,4.458,-1.140,0.0064,0.0018
crosswind,rot_on,11.90,-0.0416,-0.0080,0.0005,0.008,0.002,-0.000,4.476,-1.135,0.0050,0.0023
crosswind,rot_on,11.95,-0.0437,-0.0081,0.0006,0.009,0.002,-0.000,4.488,-1.131,0.0039,0.0012
crosswind,rot_on,12.00,-0.0452,-0.0080,0.0006,0.009,0.002,-0.000,4.499,-1.126,0.0033,0.0022
crosswind,rot_on,12.05,-0.0457,-0.0081,0.0006,0.009,0.002,-0.000,4.509,-1.122,0.0027,0.0004
crosswind,rot_on,12.10,-0.0461,-0.0081,0.0006,0.009,0.002,-0.000,4.515,-1.118,0.0020,-0.0005
crosswind,rot_on,12.15,-0.0468,-0.0080,0.0007,0.009,0.002,-0.000,4.516,-1.116,-0.0005,0.0009
crosswind,rot_on,12.20,-0.0471,-0.0081,0.0007,0.009,0.002,-0.000,4.512,-1.114,-0.0027,0.0010
crosswind,rot_on,12.25,-0.0474,-0.0081,0.0007,0.009,0.002,-0.000,4.501,-1.113,-0.0049,-0.0001
crosswind,rot_on,12.30,-0.0480,-0.0078,0.0007,0.010,0.002,-0.000,4.486,-1.112,-0.0046,0.0014
crosswind,rot_on,12.35,-0.0490,-0.0081,0.0007,0.010,0.002,-0.000,4.468,-1.111,-0.0059,-0.0002
crosswind,rot_on,12.40,-0.0496,-0.0078,0.0008,0.010,0.002,-0.000,4.448,-1.110,-0.0072,-0.0003
crosswind,rot_on,12.45,-0.0493,-0.0076,0.0007,0.010,0.002,-0.000,4.432,-1.108,-0.0045,-0.0003
crosswind,rot_on,12.50,-0.0501,-0.0076,0.0007,0.010,0.002,-0.000,4.415,-1.108,-0.0057,-0.0011
crosswind,rot_on,12.55,-0.0506,-0.0075,0.0007,0.010,0.001,-0.000,4.402,-1.108,-0.0044,-0.0011
crosswind,rot_on,12.60,-0.0514,-0.0074,0.0007,0.010,0.001,-0.000,4.387,-1.111,-0.0047,-0.0023
crosswind,rot_on,12.65,-0.0515,-0.0072,0.0007,0.010,0.001,-0.000,4.376,-1.119,-0.0035,-0.0031
crosswind,rot_on,12.70,-0.0519,-0.0070,0.0007,0.010,0.001,-0.000,4.364,-1.126,-0.0038,-0.0027
crosswind,rot_on,12.75,-0.0525,-0.0071,0.0007,0.010,0.001,-0.000,4.354,-1.133,-0.0055,-0.0043
crosswind,rot_on,12.80,-0.0532,-0.0069,0.0007,0.011,0.001,-0.000,4.341,-1.142,-0.0050,-0.0044
crosswind,rot_on,12.85,-0.0536,-0.0068,0.0007,0.011,0.001,-0.000,4.329,-1.150,-0.0040,-0.0043
crosswind,rot_on,12.90,-0.0535,-0.0067,0.0007,0.011,0.001,-0.000,4.317,-1.159,-0.0039,-0.0033
crosswind,rot_on,12.95,-0.0533,-0.0066,0.0007,0.011,0.001,-0.000,4.308,-1.165,-0.0035,-0.0033
crosswind,rot_on,13.00,-0.0541,-0.0065,0.0007,0.011,0.001,-0.000,4.295,-1.169,-0.0044,-0.0021
crosswind,rot_on,13.05,-0.0537,-0.0065,0.0007,0.011,0.001,-0.000,4.282,-1.173,-0.0043,-0.0012
crosswind,rot_on,13.10,-0.0538,-0.0065,0.0007,0.011,0.001,-0.000,4.266,-1.173,-0.0059,-0.0001
crosswind,rot_on,13.15,-0.0537,-0.0064,0.0007,0.011,0.001,-0.000,4.248,-1.172,-0.0068,0.0007
crosswind,rot_on,13.20,-0.0531,-0.0064,0.0006,0.011,0.001,-0.000,4.229,-1.168,-0.0074,0.0012
crosswind,rot_on,13.25,-0.0521,-0.0063,0.0006,0.010,0.001,-0.000,4.210,-1.165,-0.0062,0.0014
crosswind,rot_on,13.30,-0.0513,-0.0063,0.0005,0.010,0.001,-0.000,4.191,-1.159,-0.0070,0.0006
crosswind,rot_on,13.35,-0.0510,-0.0060,0.0005,0.010,0.001,-0.000,4.173,-1.154,-0.0060,0.0027
crosswind,rot_on,13.40,-0.0511,-0.0063,0.0005,0.010,0.001,-0.000,4.154,-1.148,-0.0054,0.0009
crosswind,rot_on,13.45,-0.0505,-0.0062,0.0005,0.010,0.001,-0.000,4.136,-1.145,-0.0065,0.0001
crosswind,rot_on,13.50,-0.0490,-0.0061,0.0005,0.010,0.001,-0.000,4.124,-1.143,-0.0028,-0.0002
crosswind,rot_on,13.55,-0.0482,-0.0061,0.0004,0.010,0.001,-0.000,4.118,-1.142,-0.0005,-0.0004
crosswind,rot_on,13.60,-0.0472,-0.0061,0.0004,0.009,0.001,-0.000,4.117,-1.144,0.0004,-0.0016
crosswind,rot_on,13.65,-0.0474,-0.0060,0.0005,0.009,0.001,-0.000,4.116,-1.146,0.0004,-0.0009
crosswind,rot_on,13.70,-0.0471,-0.0062,0.0005,0.009,0.001,-0.000,4.115,-1.148,0.0001,-0.0013
crosswind,rot_on,13.75,-0.0458,-0.0060,0.0004,0.009,0.001,-0.000,4.121,-1.148,0.0030,0.0003
crosswind,rot_on,13.80,-0.0466,-0.0063,0.0004,0.009,0.001,-0.000,4.129,-1.148,0.0028,-0.0015
crosswind,rot_on,13.85,-0.0463,-0.0060,0.0004,0.009,0.001,-0.000,4.138,-1.146,0.0038,0.0004
crosswind,rot_on,13.90,-0.0463,-0.0062,0.0004,0.009,0.001,-0.000,4.151,-1.141,0.0050,0.0010
crosswind,rot_on,13.95,-0.0462,-0.0062,0.0004,0.009,0.001,-0.000,4.167,-1.136,0.0064,0.0021
crosswind,rot_on,14.00,-0.0461,-0.0063,0.0003,0.009,0.001,-0.000,4.185,-1.129,0.0060,0.0031
crosswind,rot_on,14.05,-0.0453,-0.0064,0.0003,0.009,0.001,-0.000,4.203,-1.119,0.0067,0.0033
crosswind,rot_on,14.10,-0.0455,-0.0064,0.0003,0.009,0.001,-0.000,4.223,-1.107,0.0066,0.0046
crosswind,rot_on,14.15,-0.0461,-0.0067,0.0003,0.009,0.001,-0.000,4.238,-1.098,0.0052,0.0029
crosswind,rot_on,14.20,-0.0457,-0.0066,0.0003,0.009,0.001,-0.000,4.254,-1.087,0.0059,0.0026
crosswind,rot_on,14.25,-0.0462,-0.0068,0.0003,0.009,0.001,-0.000,4.268,-1.079,0.0050,0.0020
crosswind,rot_on,14.30,-0.0469,-0.0068,0.0003,0.009,0.001,-0.000,4.279,-1.072,0.0032,0.0018
crosswind,rot_on,14.35,-0.0469,-0.0069,0.0003,0.009,0.001,-0.000,4.289,-1.066,0.0022,0.0024
crosswind,rot_on,14.40,-0.0469,-0.0070,0.0003,0.009,0.001,-0.000,4.295,-1.060,0.0001,0.0024
crosswind,rot_on,14.45,-0.0468,-0.0071,0.0003,0.009,0.001,-0.000,4.299,-1.054,0.0004,0.0022
crosswind,rot_on,14.50,-0.0469,-0.0071,0.0004,0.009,0.001,-0.000,4.296,-1.047,-0.0022,0.0023
crosswind,rot_on,14.55,-0.0470,-0.0071,0.0004,0.009,0.001,-0.000,4.289,-1.039,-0.0037,0.0029
crosswind,rot_on,14.60,-0.0474,-0.0072,0.0004,0.009,0.001,-0.000,4.278,-1.031,-0.0055,0.0030
crosswind,rot_on,14.65,-0.0474,-0.0072,0.0004,0.009,0.001,-0.000,4.266,-1.023,-0.0048,0.0025
crosswind,rot_on,14.70,-0.0475,-0.0070,0.0004,0.009,0.001,-0.000,4.252,-1.013,-0.0046,0.0042
crosswind,rot_on,14.75,-0.0472,-0.0071,0.0004,0.009,0.001,-0.000,4.241,-1.005,-0.0030,0.0033
crosswind,rot_on,14.80,-0.0476,-0.0069,0.0004,0.010,0.001,-0.000,4.233,-0.993,-0.0018,0.0033
crosswind,rot_on,14.85,-0.0478,-0.0069,0.0004,0.010,0.001,-0.000,4.228,-0.980,-0.0012,0.0035
crosswind,rot_on,14.90,-0.0478,-0.0068,0.0004,0.010,0.001,-0.000,4.225,-0.968,0.0002,0.0033
crosswind,rot_on,14.95,-0.0479,-0.0066,0.0004,0.010,0.001,-0.000,4.225,-0.957,0.0005,0.0047
