wind_label,phase,t_s,wind_est_north,wind_est_east,accel_n_m_s2,accel_e_m_s2,actual_north_m,actual_east_m,pos_error_m,roll_deg,pitch_deg
calm,correction_off,0.00,0.00,0.00,0.000,0.000,-0.629,0.829,0.021,0.81,1.44
calm,correction_off,0.05,0.00,0.00,0.000,0.000,-0.627,0.832,0.025,0.84,1.48
calm,correction_off,0.10,0.00,0.00,0.000,0.000,-0.625,0.833,0.027,0.86,1.51
calm,correction_off,0.15,0.00,0.00,0.000,0.000,-0.623,0.836,0.030,0.88,1.55
calm,correction_off,0.20,0.00,0.00,0.000,0.000,-0.622,0.837,0.032,0.89,1.58
calm,correction_off,0.25,0.00,0.00,0.000,0.000,-0.619,0.839,0.035,0.91,1.61
calm,correction_off,0.30,0.00,0.00,0.000,0.000,-0.618,0.840,0.036,0.92,1.63
calm,correction_off,0.35,0.00,0.00,0.000,0.000,-0.617,0.842,0.040,0.93,1.65
calm,correction_off,0.40,0.00,0.00,0.000,0.000,-0.616,0.844,0.041,0.94,1.67
calm,correction_off,0.45,0.00,0.00,0.000,0.000,-0.615,0.846,0.044,0.94,1.69
calm,correction_off,0.50,0.00,0.00,0.000,0.000,-0.614,0.848,0.045,0.94,1.70
calm,correction_off,0.55,0.00,0.00,0.000,0.000,-0.613,0.851,0.049,0.94,1.71
calm,correction_off,0.60,0.00,0.00,0.000,0.000,-0.612,0.853,0.050,0.94,1.72
calm,correction_off,0.65,0.00,0.00,0.000,0.000,-0.611,0.855,0.053,0.93,1.74
calm,correction_off,0.70,0.00,0.00,0.000,0.000,-0.610,0.856,0.055,0.92,1.75
calm,correction_off,0.75,0.00,0.00,0.000,0.000,-0.609,0.859,0.057,0.91,1.77
calm,correction_off,0.80,0.00,0.00,0.000,0.000,-0.608,0.859,0.059,0.91,1.78
calm,correction_off,0.85,0.00,0.00,0.000,0.000,-0.606,0.861,0.061,0.90,1.79
calm,correction_off,0.90,0.00,0.00,0.000,0.000,-0.605,0.861,0.062,0.90,1.80
calm,correction_off,0.95,0.00,0.00,0.000,0.000,-0.603,0.862,0.064,0.90,1.80
calm,correction_off,1.00,0.00,0.00,0.000,0.000,-0.602,0.862,0.064,0.91,1.81
calm,correction_off,1.05,0.00,0.00,0.000,0.000,-0.599,0.863,0.066,0.92,1.81
calm,correction_off,1.10,0.00,0.00,0.000,0.000,-0.598,0.863,0.067,0.92,1.80
calm,correction_off,1.15,0.00,0.00,0.000,0.000,-0.595,0.862,0.068,0.94,1.80
calm,correction_off,1.20,0.00,0.00,0.000,0.000,-0.594,0.862,0.069,0.96,1.79
calm,correction_off,1.25,0.00,0.00,0.000,0.000,-0.591,0.861,0.070,0.99,1.78
calm,correction_off,1.30,0.00,0.00,0.000,0.000,-0.590,0.861,0.071,1.00,1.77
calm,correction_off,1.35,0.00,0.00,0.000,0.000,-0.588,0.859,0.071,1.03,1.76
calm,correction_off,1.40,0.00,0.00,0.000,0.000,-0.587,0.858,0.071,1.05,1.75
calm,correction_off,1.45,0.00,0.00,0.000,0.000,-0.585,0.855,0.071,1.08,1.73
calm,correction_off,1.50,0.00,0.00,0.000,0.000,-0.584,0.854,0.071,1.09,1.71
calm,correction_off,1.55,0.00,0.00,0.000,0.000,-0.583,0.851,0.070,1.12,1.68
calm,correction_off,1.60,0.00,0.00,0.000,0.000,-0.582,0.850,0.070,1.13,1.66
calm,correction_off,1.65,0.00,0.00,0.000,0.000,-0.580,0.848,0.070,1.15,1.63
calm,correction_off,1.70,0.00,0.00,0.000,0.000,-0.580,0.846,0.070,1.16,1.61
calm,correction_off,1.75,0.00,0.00,0.000,0.000,-0.579,0.844,0.070,1.17,1.58
calm,correction_off,1.80,0.00,0.00,0.000,0.000,-0.578,0.843,0.070,1.18,1.56
calm,correction_off,1.85,0.00,0.00,0.000,0.000,-0.578,0.840,0.069,1.19,1.54
calm,correction_off,1.90,0.00,0.00,0.000,0.000,-0.578,0.839,0.068,1.19,1.53
calm,correction_off,1.95,0.00,0.00,0.000,0.000,-0.578,0.836,0.067,1.19,1.51
calm,correction_off,2.00,0.00,0.00,0.000,0.000,-0.579,0.835,0.066,1.19,1.50
calm,correction_off,2.05,0.00,0.00,0.000,0.000,-0.580,0.832,0.064,1.18,1.48
calm,correction_off,2.10,0.00,0.00,0.000,0.000,-0.580,0.831,0.064,1.17,1.46
calm,correction_off,2.15,0.00,0.00,0.000,0.000,-0.581,0.828,0.062,1.16,1.44
calm,correction_off,2.20,0.00,0.00,0.000,0.000,-0.581,0.827,0.061,1.15,1.43
calm,correction_off,2.25,0.00,0.00,0.000,0.000,-0.583,0.824,0.059,1.13,1.41
calm,correction_off,2.30,0.00,0.00,0.000,0.000,-0.583,0.823,0.058,1.13,1.39
calm,correction_off,2.35,0.00,0.00,0.000,0.000,-0.585,0.820,0.056,1.11,1.37
calm,correction_off,2.40,0.00,0.00,0.000,0.000,-0.586,0.818,0.054,1.10,1.36
calm,correction_off,2.45,0.00,0.00,0.000,0.000,-0.589,0.816,0.052,1.09,1.34
calm,correction_off,2.50,0.00,0.00,0.000,0.000,-0.590,0.814,0.051,1.07,1.33
calm,correction_off,2.55,0.00,0.00,0.000,0.000,-0.592,0.811,0.048,1.06,1.31
calm,correction_off,2.60,0.00,0.00,0.000,0.000,-0.593,0.809,0.047,1.04,1.29
calm,correction_off,2.65,0.00,0.00,0.000,0.000,-0.595,0.806,0.046,1.03,1.27
calm,correction_off,2.70,0.00,0.00,0.000,0.000,-0.596,0.804,0.045,1.02,1.25
calm,correction_off,2.75,0.00,0.00,0.000,0.000,-0.597,0.801,0.044,1.01,1.23
calm,correction_off,2.80,0.00,0.00,0.000,0.000,-0.598,0.799,0.044,1.00,1.21
calm,correction_off,2.85,0.00,0.00,0.000,0.000,-0.599,0.797,0.044,1.00,1.19
calm,correction_off,2.90,0.00,0.00,0.000,0.000,-0.599,0.795,0.044,1.00,1.18
calm,correction_off,2.95,0.00,0.00,0.000,0.000,-0.601,0.792,0.044,1.01,1.17
calm,correction_off,3.00,0.00,0.00,0.000,0.000,-0.602,0.790,0.044,1.01,1.16
calm,correction_off,3.05,0.00,0.00,0.000,0.000,-0.604,0.787,0.044,1.02,1.15
calm,correction_off,3.10,0.00,0.00,0.000,0.000,-0.605,0.785,0.044,1.02,1.14
calm,correction_off,3.15,0.00,0.00,0.000,0.000,-0.607,0.782,0.044,1.02,1.13
calm,correction_off,3.20,0.00,0.00,0.000,0.000,-0.608,0.781,0.044,1.03,1.11
calm,correction_off,3.25,0.00,0.00,0.000,0.000,-0.611,0.779,0.044,1.03,1.10
calm,correction_off,3.30,0.00,0.00,0.000,0.000,-0.612,0.778,0.043,1.02,1.09
calm,correction_off,3.35,0.00,0.00,0.000,0.000,-0.615,0.776,0.043,1.02,1.08
calm,correction_off,3.40,0.00,0.00,0.000,0.000,-0.617,0.776,0.042,1.01,1.07
calm,correction_off,3.45,0.00,0.00,0.000,0.000,-0.620,0.776,0.041,0.99,1.07
calm,correction_off,3.50,0.00,0.00,0.000,0.000,-0.622,0.776,0.040,0.98,1.07
calm,correction_off,3.55,0.00,0.00,0.000,0.000,-0.626,0.777,0.037,0.95,1.08
calm,correction_off,3.60,0.00,0.00,0.000,0.000,-0.628,0.777,0.036,0.93,1.08
calm,correction_off,3.65,0.00,0.00,0.000,0.000,-0.632,0.779,0.033,0.89,1.10
calm,correction_off,3.70,0.00,0.00,0.000,0.000,-0.634,0.780,0.032,0.87,1.11
calm,correction_off,3.75,0.00,0.00,0.000,0.000,-0.639,0.782,0.029,0.82,1.13
calm,correction_off,3.80,0.00,0.00,0.000,0.000,-0.641,0.783,0.028,0.79,1.15
calm,correction_off,3.85,0.00,0.00,0.000,0.000,-0.645,0.785,0.026,0.75,1.17
calm,correction_off,3.90,0.00,0.00,0.000,0.000,-0.647,0.786,0.025,0.71,1.19
calm,correction_off,3.95,0.00,0.00,0.000,0.000,-0.652,0.789,0.025,0.66,1.21
calm,correction_off,4.00,0.00,0.00,0.000,0.000,-0.654,0.790,0.025,0.63,1.23
calm,correction_off,4.05,0.00,0.00,0.000,0.000,-0.659,0.792,0.026,0.59,1.25
calm,correction_off,4.10,0.00,0.00,0.000,0.000,-0.661,0.793,0.027,0.56,1.26
calm,correction_off,4.15,0.00,0.00,0.000,0.000,-0.665,0.795,0.030,0.53,1.28
calm,correction_off,4.20,0.00,0.00,0.000,0.000,-0.667,0.796,0.031,0.50,1.29
calm,correction_off,4.25,0.00,0.00,0.000,0.000,-0.671,0.798,0.034,0.47,1.30
calm,correction_off,4.30,0.00,0.00,0.000,0.000,-0.673,0.799,0.035,0.46,1.31
calm,correction_off,4.35,0.00,0.00,0.000,0.000,-0.677,0.800,0.039,0.43,1.31
calm,correction_off,4.40,0.00,0.00,0.000,0.000,-0.679,0.801,0.040,0.42,1.31
calm,correction_off,4.45,0.00,0.00,0.000,0.000,-0.682,0.802,0.042,0.40,1.32
calm,correction_off,4.50,0.00,0.00,0.000,0.000,-0.683,0.803,0.043,0.40,1.32
calm,correction_off,4.55,0.00,0.00,0.000,0.000,-0.685,0.805,0.045,0.39,1.32
calm,correction_off,4.60,0.00,0.00,0.000,0.000,-0.685,0.806,0.045,0.39,1.32
calm,correction_off,4.65,0.00,0.00,0.000,0.000,-0.686,0.807,0.046,0.40,1.33
calm,correction_off,4.70,0.00,0.00,0.000,0.000,-0.687,0.808,0.047,0.41,1.34
calm,correction_off,4.75,0.00,0.00,0.000,0.000,-0.687,0.811,0.047,0.42,1.34
calm,correction_off,4.80,0.00,0.00,0.000,0.000,-0.687,0.812,0.047,0.43,1.35
calm,correction_off,4.85,0.00,0.00,0.000,0.000,-0.686,0.814,0.046,0.45,1.37
calm,correction_off,4.90,0.00,0.00,0.000,0.000,-0.685,0.815,0.045,0.46,1.38
calm,correction_off,4.95,0.00,0.00,0.000,0.000,-0.683,0.818,0.043,0.49,1.41
calm,correction_off,5.00,0.00,0.00,0.000,0.000,-0.682,0.820,0.042,0.51,1.43
calm,correction_off,5.05,0.00,0.00,0.000,0.000,-0.679,0.823,0.040,0.54,1.46
calm,correction_off,5.10,0.00,0.00,0.000,0.000,-0.677,0.825,0.039,0.57,1.48
calm,correction_off,5.15,0.00,0.00,0.000,0.000,-0.673,0.828,0.037,0.60,1.51
calm,correction_off,5.20,0.00,0.00,0.000,0.000,-0.672,0.830,0.037,0.63,1.55
calm,correction_off,5.25,0.00,0.00,0.000,0.000,-0.668,0.832,0.035,0.67,1.58
calm,correction_off,5.30,0.00,0.00,0.000,0.000,-0.666,0.834,0.035,0.70,1.61
calm,correction_off,5.35,0.00,0.00,0.000,0.000,-0.662,0.837,0.034,0.74,1.64
calm,correction_off,5.40,0.00,0.00,0.000,0.000,-0.660,0.838,0.033,0.77,1.67
calm,correction_off,5.45,0.00,0.00,0.000,0.000,-0.656,0.840,0.033,0.80,1.70
calm,correction_off,5.50,0.00,0.00,0.000,0.000,-0.655,0.841,0.033,0.83,1.72
calm,correction_off,5.55,0.00,0.00,0.000,0.000,-0.651,0.843,0.034,0.86,1.74
calm,correction_off,5.60,0.00,0.00,0.000,0.000,-0.649,0.844,0.035,0.88,1.75
calm,correction_off,5.65,0.00,0.00,0.000,0.000,-0.646,0.847,0.036,0.90,1.76
calm,correction_off,5.70,0.00,0.00,0.000,0.000,-0.645,0.848,0.037,0.91,1.77
calm,correction_off,5.75,0.00,0.00,0.000,0.000,-0.642,0.850,0.040,0.93,1.78
calm,correction_off,5.80,0.00,0.00,0.000,0.000,-0.640,0.851,0.041,0.94,1.79
calm,correction_off,5.85,0.00,0.00,0.000,0.000,-0.638,0.854,0.043,0.95,1.80
calm,correction_off,5.90,0.00,0.00,0.000,0.000,-0.637,0.855,0.044,0.96,1.81
calm,correction_off,5.95,0.00,0.00,0.000,0.000,-0.636,0.857,0.047,0.96,1.81
calm,correction_off,6.00,0.00,0.00,0.000,0.000,-0.636,0.859,0.048,0.96,1.82
calm,correction_off,6.05,0.00,0.00,0.000,0.000,-0.635,0.861,0.051,0.95,1.82
calm,correction_off,6.10,0.00,0.00,0.000,0.000,-0.635,0.862,0.052,0.95,1.82
calm,correction_off,6.15,0.00,0.00,0.000,0.000,-0.634,0.865,0.054,0.93,1.83
calm,correction_off,6.20,0.00,0.00,0.000,0.000,-0.634,0.866,0.055,0.92,1.83
calm,correction_off,6.25,0.00,0.00,0.000,0.000,-0.635,0.867,0.057,0.90,1.83
calm,correction_off,6.30,0.00,0.00,0.000,0.000,-0.635,0.868,0.057,0.89,1.83
calm,correction_off,6.35,0.00,0.00,0.000,0.000,-0.634,0.868,0.058,0.87,1.83
calm,correction_off,6.40,0.00,0.00,0.000,0.000,-0.634,0.868,0.058,0.85,1.82
calm,correction_off,6.45,0.00,0.00,0.000,0.000,-0.634,0.867,0.057,0.84,1.81
calm,correction_off,6.50,0.00,0.00,0.000,0.000,-0.633,0.867,0.057,0.83,1.79
calm,correction_off,6.55,0.00,0.00,0.000,0.000,-0.632,0.865,0.055,0.82,1.76
calm,correction_off,6.60,0.00,0.00,0.000,0.000,-0.632,0.865,0.055,0.83,1.75
calm,correction_off,6.65,0.00,0.00,0.000,0.000,-0.631,0.863,0.053,0.83,1.71
calm,correction_off,6.70,0.00,0.00,0.000,0.000,-0.630,0.862,0.053,0.84,1.69
calm,correction_off,6.75,0.00,0.00,0.000,0.000,-0.628,0.861,0.052,0.86,1.66
calm,correction_off,6.80,0.00,0.00,0.000,0.000,-0.627,0.860,0.051,0.87,1.64
calm,correction_off,6.85,0.00,0.00,0.000,0.000,-0.625,0.859,0.050,0.89,1.62
calm,correction_off,6.90,0.00,0.00,0.000,0.000,-0.623,0.858,0.050,0.91,1.61
calm,correction_off,6.95,0.00,0.00,0.000,0.000,-0.620,0.856,0.050,0.93,1.59
calm,correction_off,7.00,0.00,0.00,0.000,0.000,-0.618,0.855,0.050,0.95,1.58
calm,correction_off,7.05,0.00,0.00,0.000,0.000,-0.616,0.854,0.050,0.98,1.57
calm,correction_off,7.10,0.00,0.00,0.000,0.000,-0.614,0.853,0.050,1.01,1.57
calm,correction_off,7.15,0.00,0.00,0.000,0.000,-0.611,0.852,0.050,1.04,1.57
calm,correction_off,7.20,0.00,0.00,0.000,0.000,-0.610,0.851,0.050,1.06,1.56
calm,correction_off,7.25,0.00,0.00,0.000,0.000,-0.608,0.850,0.051,1.09,1.56
calm,correction_off,7.30,0.00,0.00,0.000,0.000,-0.607,0.850,0.051,1.11,1.56
calm,correction_off,7.35,0.00,0.00,0.000,0.000,-0.605,0.849,0.052,1.13,1.57
calm,correction_off,7.40,0.00,0.00,0.000,0.000,-0.604,0.848,0.052,1.14,1.57
calm,correction_off,7.45,0.00,0.00,0.000,0.000,-0.603,0.847,0.052,1.15,1.57
calm,correction_off,7.50,0.00,0.00,0.000,0.000,-0.603,0.847,0.052,1.16,1.57
calm,correction_off,7.55,0.00,0.00,0.000,0.000,-0.603,0.846,0.051,1.16,1.57
calm,correction_off,7.60,0.00,0.00,0.000,0.000,-0.603,0.846,0.051,1.15,1.57
calm,correction_off,7.65,0.00,0.00,0.000,0.000,-0.603,0.845,0.051,1.14,1.56
calm,correction_off,7.70,0.00,0.00,0.000,0.000,-0.604,0.845,0.050,1.13,1.56
calm,correction_off,7.75,0.00,0.00,0.000,0.000,-0.604,0.844,0.049,1.11,1.56
calm,correction_off,7.80,0.00,0.00,0.000,0.000,-0.605,0.844,0.049,1.10,1.55
calm,correction_off,7.85,0.00,0.00,0.000,0.000,-0.606,0.843,0.047,1.07,1.55
calm,correction_off,7.90,0.00,0.00,0.000,0.000,-0.607,0.843,0.046,1.06,1.54
calm,correction_off,7.95,0.00,0.00,0.000,0.000,-0.608,0.841,0.044,1.03,1.53
calm,correction_off,8.00,0.00,0.00,0.000,0.000,-0.609,0.841,0.043,1.01,1.53
calm,correction_off,8.05,0.00,0.00,0.000,0.000,-0.611,0.839,0.041,0.99,1.51
calm,correction_off,8.10,0.00,0.00,0.000,0.000,-0.612,0.839,0.040,0.97,1.50
calm,correction_off,8.15,0.00,0.00,0.000,0.000,-0.615,0.837,0.036,0.95,1.49
calm,correction_off,8.20,0.00,0.00,0.000,0.000,-0.616,0.836,0.035,0.93,1.47
calm,correction_off,8.25,0.00,0.00,0.000,0.000,-0.618,0.835,0.033,0.91,1.45
calm,correction_off,8.30,0.00,0.00,0.000,0.000,-0.619,0.834,0.031,0.90,1.44
calm,correction_off,8.35,0.00,0.00,0.000,0.000,-0.621,0.832,0.028,0.88,1.42
calm,correction_off,8.40,0.00,0.00,0.000,0.000,-0.622,0.831,0.027,0.87,1.41
calm,correction_off,8.45,0.00,0.00,0.000,0.000,-0.624,0.829,0.024,0.86,1.39
calm,correction_off,8.50,0.00,0.00,0.000,0.000,-0.625,0.828,0.023,0.85,1.38
calm,correction_off,8.55,0.00,0.00,0.000,0.000,-0.627,0.825,0.019,0.84,1.36
calm,correction_off,8.60,0.00,0.00,0.000,0.000,-0.628,0.824,0.018,0.84,1.35
calm,correction_off,8.65,0.00,0.00,0.000,0.000,-0.629,0.821,0.015,0.83,1.33
calm,correction_off,8.70,0.00,0.00,0.000,0.000,-0.630,0.820,0.014,0.83,1.31
calm,correction_off,8.75,0.00,0.00,0.000,0.000,-0.630,0.817,0.011,0.83,1.29
calm,correction_off,8.80,0.00,0.00,0.000,0.000,-0.631,0.815,0.011,0.84,1.28
calm,correction_off,8.85,0.00,0.00,0.000,0.000,-0.631,0.813,0.010,0.84,1.26
calm,correction_off,8.90,0.00,0.00,0.000,0.000,-0.631,0.811,0.009,0.85,1.25
calm,correction_off,8.95,0.00,0.00,0.000,0.000,-0.631,0.808,0.010,0.86,1.23
calm,correction_off,9.00,0.00,0.00,0.000,0.000,-0.631,0.806,0.010,0.87,1.22
calm,correction_off,9.05,0.00,0.00,0.000,0.000,-0.630,0.804,0.013,0.89,1.20
calm,correction_off,9.10,0.00,0.00,0.000,0.000,-0.629,0.802,0.014,0.90,1.19
calm,correction_off,9.15,0.00,0.00,0.000,0.000,-0.628,0.800,0.017,0.92,1.18
calm,correction_off,9.20,0.00,0.00,0.000,0.000,-0.627,0.799,0.018,0.94,1.17
calm,correction_off,9.25,0.00,0.00,0.000,0.000,-0.625,0.797,0.020,0.96,1.17
calm,correction_off,9.30,0.00,0.00,0.000,0.000,-0.624,0.797,0.021,0.98,1.17
calm,correction_off,9.35,0.00,0.00,0.000,0.000,-0.622,0.795,0.024,1.01,1.17
calm,correction_off,9.40,0.00,0.00,0.000,0.000,-0.621,0.795,0.025,1.03,1.18
calm,correction_off,9.45,0.00,0.00,0.000,0.000,-0.620,0.794,0.026,1.05,1.20
calm,correction_off,9.50,0.00,0.00,0.000,0.000,-0.619,0.794,0.027,1.06,1.21
calm,correction_off,9.55,0.00,0.00,0.000,0.000,-0.618,0.795,0.028,1.08,1.23
calm,correction_off,9.60,0.00,0.00,0.000,0.000,-0.617,0.795,0.028,1.09,1.24
calm,correction_off,9.65,0.00,0.00,0.000,0.000,-0.617,0.795,0.028,1.09,1.27
calm,correction_off,9.70,0.00,0.00,0.000,0.000,-0.617,0.796,0.028,1.09,1.28
calm,correction_off,9.75,0.00,0.00,0.000,0.000,-0.616,0.796,0.028,1.09,1.31
calm,correction_off,9.80,0.00,0.00,0.000,0.000,-0.616,0.797,0.028,1.09,1.32
calm,correction_off,9.85,0.00,0.00,0.000,0.000,-0.616,0.798,0.028,1.07,1.34
calm,correction_off,9.90,0.00,0.00,0.000,0.000,-0.616,0.798,0.028,1.06,1.36
calm,correction_off,9.95,0.00,0.00,0.000,0.000,-0.615,0.799,0.028,1.05,1.38
calm,correction_off,10.00,0.00,0.00,0.000,0.000,-0.615,0.799,0.027,1.04,1.39
calm,correction_off,10.05,0.00,0.00,0.000,0.000,-0.616,0.800,0.027,1.03,1.40
calm,correction_off,10.10,0.00,0.00,0.000,0.000,-0.616,0.801,0.026,1.02,1.41
calm,correction_off,10.15,0.00,0.00,0.000,0.000,-0.617,0.802,0.025,1.01,1.43
calm,correction_off,10.20,0.00,0.00,0.000,0.000,-0.617,0.803,0.024,1.00,1.44
calm,correction_off,10.25,0.00,0.00,0.000,0.000,-0.619,0.804,0.023,0.98,1.45
calm,correction_off,10.30,0.00,0.00,0.000,0.000,-0.619,0.805,0.022,0.97,1.46
calm,correction_off,10.35,0.00,0.00,0.000,0.000,-0.622,0.806,0.019,0.95,1.47
calm,correction_off,10.40,0.00,0.00,0.000,0.000,-0.623,0.807,0.018,0.93,1.47
calm,correction_off,10.45,0.00,0.00,0.000,0.000,-0.625,0.808,0.015,0.90,1.47
calm,correction_off,10.50,0.00,0.00,0.000,0.000,-0.626,0.808,0.014,0.89,1.48
calm,correction_off,10.55,0.00,0.00,0.000,0.000,-0.629,0.808,0.011,0.86,1.47
calm,correction_off,10.60,0.00,0.00,0.000,0.000,-0.631,0.808,0.010,0.84,1.47
calm,correction_off,10.65,0.00,0.00,0.000,0.000,-0.634,0.808,0.007,0.82,1.46
calm,correction_off,10.70,0.00,0.00,0.000,0.000,-0.635,0.808,0.006,0.80,1.45
calm,correction_off,10.75,0.00,0.00,0.000,0.000,-0.639,0.809,0.002,0.78,1.44
calm,correction_off,10.80,0.00,0.00,0.000,0.000,-0.640,0.809,0.002,0.76,1.43
calm,correction_off,10.85,0.00,0.00,0.000,0.000,-0.643,0.810,0.003,0.74,1.41
calm,correction_off,10.90,0.00,0.00,0.000,0.000,-0.644,0.810,0.004,0.73,1.40
calm,correction_off,10.95,0.00,0.00,0.000,0.000,-0.646,0.810,0.006,0.70,1.40
calm,correction_off,11.00,0.00,0.00,0.000,0.000,-0.647,0.811,0.007,0.69,1.39
calm,correction_off,11.05,0.00,0.00,0.000,0.000,-0.648,0.811,0.008,0.68,1.39
calm,correction_off,11.10,0.00,0.00,0.000,0.000,-0.649,0.811,0.009,0.67,1.39
calm,correction_off,11.15,0.00,0.00,0.000,0.000,-0.650,0.810,0.010,0.67,1.39
calm,correction_off,11.20,0.00,0.00,0.000,0.000,-0.650,0.810,0.010,0.67,1.39
calm,correction_off,11.25,0.00,0.00,0.000,0.000,-0.651,0.809,0.011,0.68,1.38
calm,correction_off,11.30,0.00,0.00,0.000,0.000,-0.652,0.809,0.012,0.69,1.38
calm,correction_off,11.35,0.00,0.00,0.000,0.000,-0.653,0.807,0.013,0.70,1.37
calm,correction_off,11.40,0.00,0.00,0.000,0.000,-0.653,0.807,0.014,0.71,1.36
calm,correction_off,11.45,0.00,0.00,0.000,0.000,-0.654,0.805,0.015,0.73,1.35
calm,correction_off,11.50,0.00,0.00,0.000,0.000,-0.655,0.805,0.015,0.74,1.34
calm,correction_off,11.55,0.00,0.00,0.000,0.000,-0.655,0.804,0.017,0.76,1.32
calm,correction_off,11.60,0.00,0.00,0.000,0.000,-0.656,0.804,0.017,0.77,1.31
calm,correction_off,11.65,0.00,0.00,0.000,0.000,-0.656,0.803,0.017,0.78,1.30
calm,correction_off,11.70,0.00,0.00,0.000,0.000,-0.656,0.803,0.017,0.79,1.30
calm,correction_off,11.75,0.00,0.00,0.000,0.000,-0.656,0.803,0.017,0.79,1.29
calm,correction_off,11.80,0.00,0.00,0.000,0.000,-0.655,0.803,0.017,0.80,1.29
calm,correction_off,11.85,0.00,0.00,0.000,0.000,-0.655,0.803,0.016,0.81,1.29
calm,correction_off,11.90,0.00,0.00,0.000,0.000,-0.654,0.803,0.016,0.81,1.29
calm,correction_off,11.95,0.00,0.00,0.000,0.000,-0.653,0.804,0.014,0.83,1.30
calm,correction_off,12.00,0.00,0.00,0.000,0.000,-0.652,0.804,0.014,0.84,1.31
calm,correction_off,12.05,0.00,0.00,0.000,0.000,-0.651,0.806,0.012,0.85,1.33
calm,correction_off,12.10,0.00,0.00,0.000,0.000,-0.650,0.806,0.011,0.86,1.34
calm,correction_off,12.15,0.00,0.00,0.000,0.000,-0.649,0.809,0.009,0.87,1.36
calm,correction_off,12.20,0.00,0.00,0.000,0.000,-0.648,0.810,0.008,0.88,1.38
calm,correction_off,12.25,0.00,0.00,0.000,0.000,-0.647,0.812,0.007,0.89,1.41
calm,correction_off,12.30,0.00,0.00,0.000,0.000,-0.647,0.813,0.007,0.89,1.43
calm,correction_off,12.35,0.00,0.00,0.000,0.000,-0.646,0.816,0.008,0.89,1.46
calm,correction_off,12.40,0.00,0.00,0.000,0.000,-0.645,0.817,0.009,0.89,1.48
calm,correction_off,12.45,0.00,0.00,0.000,0.000,-0.645,0.820,0.010,0.89,1.51
calm,correction_off,12.50,0.00,0.00,0.000,0.000,-0.645,0.822,0.012,0.88,1.53
calm,correction_off,12.55,0.00,0.00,0.000,0.000,-0.644,0.825,0.014,0.87,1.56
calm,correction_off,12.60,0.00,0.00,0.000,0.000,-0.644,0.826,0.016,0.86,1.58
calm,correction_off,12.65,0.00,0.00,0.000,0.000,-0.644,0.829,0.018,0.85,1.60
calm,correction_off,12.70,0.00,0.00,0.000,0.000,-0.644,0.830,0.020,0.84,1.62
calm,correction_off,12.75,0.00,0.00,0.000,0.000,-0.644,0.833,0.023,0.83,1.64
calm,correction_off,12.80,0.00,0.00,0.000,0.000,-0.644,0.834,0.024,0.82,1.65
calm,correction_off,12.85,0.00,0.00,0.000,0.000,-0.644,0.836,0.026,0.81,1.67
calm,correction_off,12.90,0.00,0.00,0.000,0.000,-0.644,0.837,0.026,0.80,1.68
calm,correction_off,12.95,0.00,0.00,0.000,0.000,-0.643,0.838,0.028,0.79,1.69
calm,correction_off,13.00,0.00,0.00,0.000,0.000,-0.643,0.839,0.028,0.79,1.69
calm,correction_off,13.05,0.00,0.00,0.000,0.000,-0.643,0.839,0.029,0.78,1.69
calm,correction_off,13.10,0.00,0.00,0.000,0.000,-0.643,0.840,0.029,0.78,1.69
calm,correction_off,13.15,0.00,0.00,0.000,0.000,-0.642,0.839,0.029,0.79,1.68
calm,correction_off,13.20,0.00,0.00,0.000,0.000,-0.642,0.839,0.029,0.79,1.67
calm,correction_off,13.25,0.00,0.00,0.000,0.000,-0.641,0.839,0.028,0.80,1.66
calm,correction_off,13.30,0.00,0.00,0.000,0.000,-0.641,0.838,0.028,0.81,1.64
calm,correction_off,13.35,0.00,0.00,0.000,0.000,-0.641,0.837,0.026,0.83,1.62
calm,correction_off,13.40,0.00,0.00,0.000,0.000,-0.641,0.836,0.026,0.84,1.61
calm,correction_off,13.45,0.00,0.00,0.000,0.000,-0.641,0.835,0.025,0.85,1.58
calm,correction_off,13.50,0.00,0.00,0.000,0.000,-0.642,0.835,0.024,0.86,1.56
calm,correction_off,13.55,0.00,0.00,0.000,0.000,-0.642,0.834,0.023,0.86,1.54
calm,correction_off,13.60,0.00,0.00,0.000,0.000,-0.642,0.833,0.023,0.87,1.52
calm,correction_off,13.65,0.00,0.00,0.000,0.000,-0.642,0.833,0.022,0.87,1.50
calm,correction_off,13.70,0.00,0.00,0.000,0.000,-0.642,0.833,0.022,0.88,1.48
calm,correction_off,13.75,0.00,0.00,0.000,0.000,-0.641,0.833,0.023,0.88,1.47
calm,correction_off,13.80,0.00,0.00,0.000,0.000,-0.641,0.834,0.023,0.88,1.47
calm,correction_off,13.85,0.00,0.00,0.000,0.000,-0.640,0.834,0.024,0.88,1.47
calm,correction_off,13.90,0.00,0.00,0.000,0.000,-0.639,0.835,0.024,0.88,1.47
calm,correction_off,13.95,0.00,0.00,0.000,0.000,-0.638,0.836,0.026,0.89,1.48
calm,correction_off,14.00,0.00,0.00,0.000,0.000,-0.638,0.837,0.026,0.89,1.49
calm,correction_off,14.05,0.00,0.00,0.000,0.000,-0.637,0.838,0.027,0.89,1.51
calm,correction_off,14.10,0.00,0.00,0.000,0.000,-0.637,0.839,0.028,0.89,1.53
calm,correction_off,14.15,0.00,0.00,0.000,0.000,-0.636,0.840,0.030,0.89,1.55
calm,correction_off,14.20,0.00,0.00,0.000,0.000,-0.635,0.840,0.030,0.89,1.56
calm,correction_off,14.25,0.00,0.00,0.000,0.000,-0.635,0.841,0.031,0.90,1.58
calm,correction_off,14.30,0.00,0.00,0.000,0.000,-0.634,0.841,0.031,0.90,1.60
calm,correction_off,14.35,0.00,0.00,0.000,0.000,-0.634,0.841,0.031,0.90,1.62
calm,correction_off,14.40,0.00,0.00,0.000,0.000,-0.634,0.841,0.031,0.90,1.62
calm,correction_off,14.45,0.00,0.00,0.000,0.000,-0.634,0.840,0.030,0.90,1.62
calm,correction_off,14.50,0.00,0.00,0.000,0.000,-0.634,0.840,0.030,0.90,1.62
calm,correction_off,14.55,0.00,0.00,0.000,0.000,-0.633,0.838,0.029,0.90,1.61
calm,correction_off,14.60,0.00,0.00,0.000,0.000,-0.633,0.838,0.028,0.91,1.61
calm,correction_off,14.65,0.00,0.00,0.000,0.000,-0.633,0.836,0.026,0.91,1.59
calm,correction_off,14.70,0.00,0.00,0.000,0.000,-0.633,0.835,0.025,0.91,1.57
calm,correction_off,14.75,0.00,0.00,0.000,0.000,-0.633,0.832,0.022,0.92,1.55
calm,correction_off,14.80,0.00,0.00,0.000,0.000,-0.633,0.831,0.021,0.92,1.53
calm,correction_off,14.85,0.00,0.00,0.000,0.000,-0.633,0.828,0.018,0.93,1.50
calm,correction_off,14.90,0.00,0.00,0.000,0.000,-0.633,0.826,0.017,0.94,1.48
calm,correction_off,14.95,0.00,0.00,0.000,0.000,-0.633,0.822,0.013,0.94,1.44
calm,correction_on,0.00,0.00,0.00,0.000,0.000,-0.555,0.786,0.063,1.30,1.23
calm,correction_on,0.05,0.00,0.00,0.000,0.000,-0.554,0.786,0.064,1.30,1.24
calm,correction_on,0.10,0.00,0.00,0.000,0.000,-0.553,0.786,0.064,1.29,1.26
calm,correction_on,0.15,0.00,0.00,0.000,0.000,-0.553,0.786,0.064,1.29,1.28
calm,correction_on,0.20,0.00,0.00,0.000,0.000,-0.553,0.786,0.064,1.28,1.30
calm,correction_on,0.25,0.00,0.00,0.000,0.000,-0.554,0.786,0.064,1.27,1.31
calm,correction_on,0.30,0.00,0.00,0.000,0.000,-0.554,0.786,0.063,1.26,1.32
calm,correction_on,0.35,0.00,0.00,0.000,0.000,-0.555,0.786,0.063,1.24,1.33
calm,correction_on,0.40,0.00,0.00,0.000,0.000,-0.556,0.786,0.062,1.22,1.33
calm,correction_on,0.45,0.00,0.00,0.000,0.000,-0.558,0.787,0.061,1.20,1.33
calm,correction_on,0.50,0.00,0.00,0.000,0.000,-0.558,0.787,0.060,1.18,1.33
calm,correction_on,0.55,0.00,0.00,0.000,0.000,-0.560,0.787,0.059,1.16,1.33
calm,correction_on,0.60,0.00,0.00,0.000,0.000,-0.561,0.787,0.058,1.13,1.33
calm,correction_on,0.65,0.00,0.00,0.000,0.000,-0.564,0.787,0.056,1.11,1.33
calm,correction_on,0.70,0.00,0.00,0.000,0.000,-0.565,0.788,0.055,1.08,1.32
calm,correction_on,0.75,0.00,0.00,0.000,0.000,-0.568,0.788,0.053,1.05,1.32
calm,correction_on,0.80,0.00,0.00,0.000,0.000,-0.570,0.789,0.052,1.03,1.31
calm,correction_on,0.85,0.00,0.00,0.000,0.000,-0.574,0.790,0.048,1.00,1.31
calm,correction_on,0.90,0.00,0.00,0.000,0.000,-0.576,0.790,0.047,0.97,1.31
calm,correction_on,0.95,2.51,2.50,-0.388,-0.387,-0.580,0.791,0.044,0.94,1.31
calm,correction_on,1.00,2.51,2.50,-0.387,-0.387,-0.582,0.791,0.043,0.91,1.31
calm,correction_on,1.05,2.51,2.51,-0.387,-0.388,-0.588,0.792,0.040,0.90,1.40
calm,correction_on,1.10,2.52,2.53,-0.389,-0.391,-0.590,0.793,0.039,1.00,1.80
calm,correction_on,1.15,2.55,2.56,-0.394,-0.396,-0.596,0.793,0.038,1.16,2.27
calm,correction_on,1.20,2.58,2.59,-0.399,-0.401,-0.599,0.793,0.038,1.33,2.72
calm,correction_on,1.25,2.60,2.63,-0.403,-0.407,-0.607,0.792,0.039,1.46,3.04
calm,correction_on,1.30,2.61,2.66,-0.405,-0.412,-0.611,0.791,0.041,1.55,3.26
calm,correction_on,1.35,2.60,2.68,-0.403,-0.415,-0.620,0.789,0.047,1.58,3.36
calm,correction_on,1.40,2.56,2.68,-0.397,-0.416,-0.625,0.787,0.051,1.57,3.39
calm,correction_on,1.45,2.48,2.64,-0.386,-0.411,-0.637,0.780,0.063,1.53,3.34
calm,correction_on,1.50,2.37,2.57,-0.368,-0.400,-0.643,0.777,0.069,1.45,3.24
calm,correction_on,1.55,2.23,2.47,-0.345,-0.382,-0.655,0.769,0.083,1.35,3.09
calm,correction_on,1.60,2.09,2.35,-0.322,-0.363,-0.661,0.764,0.091,1.22,2.88
calm,correction_on,1.65,1.94,2.21,-0.299,-0.340,-0.675,0.751,0.110,1.08,2.66
calm,correction_on,1.70,1.80,2.06,-0.276,-0.316,-0.682,0.745,0.118,0.93,2.37
calm,correction_on,1.75,1.68,1.94,-0.256,-0.295,-0.694,0.732,0.136,0.78,2.07
calm,correction_on,1.80,1.58,1.83,-0.239,-0.277,-0.700,0.725,0.146,0.63,1.73
calm,correction_on,1.85,1.50,1.74,-0.225,-0.261,-0.713,0.709,0.166,0.49,1.39
calm,correction_on,1.90,1.43,1.65,-0.213,-0.246,-0.718,0.702,0.175,0.36,1.03
calm,correction_on,1.95,1.36,1.58,-0.201,-0.233,-0.729,0.687,0.193,0.26,0.71
calm,correction_on,2.00,1.30,1.51,-0.191,-0.221,-0.734,0.680,0.202,0.18,0.38
calm,correction_on,2.05,1.25,1.45,-0.181,-0.210,-0.744,0.665,0.220,0.12,0.11
calm,correction_on,2.10,1.19,1.38,-0.171,-0.198,-0.749,0.658,0.228,0.08,-0.15
calm,correction_on,2.15,1.14,1.31,-0.162,-0.186,-0.756,0.646,0.242,0.05,-0.36
calm,correction_on,2.20,1.08,1.23,-0.153,-0.174,-0.760,0.641,0.249,0.05,-0.55
calm,correction_on,2.25,1.04,1.16,-0.145,-0.162,-0.767,0.630,0.261,0.05,-0.70
calm,correction_on,2.30,1.01,1.09,-0.140,-0.151,-0.769,0.627,0.266,0.06,-0.82
calm,correction_on,2.35,1.00,1.02,-0.137,-0.140,-0.773,0.621,0.273,0.07,-0.90
calm,correction_on,2.40,1.00,0.96,-0.136,-0.130,-0.775,0.619,0.275,0.10,-0.96
calm,correction_on,2.45,1.02,0.91,-0.136,-0.123,-0.777,0.616,0.279,0.12,-0.99
calm,correction_on,2.50,1.04,0.87,-0.138,-0.116,-0.778,0.616,0.279,0.16,-0.98
calm,correction_on,2.55,1.07,0.85,-0.141,-0.111,-0.778,0.616,0.279,0.20,-0.95
calm,correction_on,2.60,1.11,0.84,-0.145,-0.110,-0.778,0.617,0.278,0.24,-0.88
calm,correction_on,2.65,1.15,0.86,-0.149,-0.111,-0.777,0.621,0.275,0.28,-0.80
calm,correction_on,2.70,1.18,0.89,-0.152,-0.114,-0.777,0.624,0.272,0.33,-0.69
calm,correction_on,2.75,1.23,0.95,-0.157,-0.121,-0.775,0.630,0.267,0.38,-0.56
calm,correction_on,2.80,1.29,1.03,-0.165,-0.131,-0.774,0.633,0.263,0.43,-0.40
calm,correction_on,2.85,1.38,1.14,-0.175,-0.145,-0.771,0.643,0.254,0.47,-0.24
calm,correction_on,2.90,1.49,1.25,-0.189,-0.159,-0.770,0.648,0.250,0.50,-0.05
calm,correction_on,2.95,1.62,1.37,-0.204,-0.174,-0.767,0.659,0.240,0.53,0.15
calm,correction_on,3.00,1.75,1.50,-0.222,-0.189,-0.766,0.664,0.235,0.56,0.37
calm,correction_on,3.05,1.87,1.61,-0.237,-0.204,-0.762,0.678,0.223,0.58,0.60
calm,correction_on,3.10,1.98,1.71,-0.251,-0.218,-0.761,0.684,0.218,0.60,0.84
calm,correction_on,3.15,2.07,1.82,-0.264,-0.232,-0.758,0.697,0.208,0.62,1.08
calm,correction_on,3.20,2.16,1.91,-0.276,-0.244,-0.757,0.703,0.203,0.63,1.33
calm,correction_on,3.25,2.23,1.99,-0.288,-0.256,-0.754,0.717,0.192,0.65,1.55
calm,correction_on,3.30,2.31,2.06,-0.299,-0.267,-0.753,0.724,0.187,0.66,1.78
calm,correction_on,3.35,2.37,2.12,-0.309,-0.277,-0.751,0.735,0.179,0.67,1.97
calm,correction_on,3.40,2.41,2.17,-0.317,-0.285,-0.751,0.741,0.176,0.68,2.16
calm,correction_on,3.45,2.45,2.21,-0.324,-0.292,-0.749,0.753,0.169,0.68,2.31
calm,correction_on,3.50,2.48,2.24,-0.330,-0.298,-0.749,0.758,0.166,0.68,2.45
calm,correction_on,3.55,2.50,2.26,-0.334,-0.303,-0.748,0.767,0.162,0.68,2.56
calm,correction_on,3.60,2.50,2.29,-0.337,-0.308,-0.748,0.772,0.160,0.67,2.64
calm,correction_on,3.65,2.51,2.31,-0.340,-0.313,-0.747,0.781,0.156,0.66,2.70
calm,correction_on,3.70,2.50,2.33,-0.341,-0.318,-0.747,0.785,0.155,0.64,2.73
calm,correction_on,3.75,2.49,2.35,-0.342,-0.322,-0.747,0.792,0.153,0.62,2.75
calm,correction_on,3.80,2.48,2.37,-0.341,-0.327,-0.747,0.795,0.152,0.60,2.75
calm,correction_on,3.85,2.46,2.39,-0.340,-0.330,-0.746,0.802,0.149,0.57,2.74
calm,correction_on,3.90,2.43,2.40,-0.338,-0.334,-0.746,0.805,0.148,0.55,2.72
calm,correction_on,3.95,2.41,2.41,-0.336,-0.336,-0.744,0.811,0.146,0.52,2.70
calm,correction_on,4.00,2.38,2.40,-0.334,-0.336,-0.744,0.814,0.145,0.50,2.67
calm,correction_on,4.05,2.37,2.36,-0.333,-0.332,-0.742,0.819,0.143,0.48,2.63
calm,correction_on,4.10,2.36,2.32,-0.333,-0.327,-0.741,0.821,0.142,0.46,2.60
calm,correction_on,4.15,2.36,2.26,-0.334,-0.319,-0.739,0.824,0.140,0.45,2.56
calm,correction_on,4.20,2.37,2.20,-0.335,-0.311,-0.738,0.826,0.138,0.44,2.51
calm,correction_on,4.25,2.37,2.12,-0.337,-0.302,-0.735,0.828,0.135,0.45,2.46
calm,correction_on,4.30,2.38,2.05,-0.339,-0.291,-0.733,0.829,0.133,0.46,2.39
calm,correction_on,4.35,2.39,1.96,-0.341,-0.279,-0.729,0.831,0.129,0.49,2.33
calm,correction_on,4.40,2.41,1.88,-0.343,-0.267,-0.727,0.831,0.127,0.53,2.25
calm,correction_on,4.45,2.43,1.79,-0.346,-0.255,-0.721,0.832,0.122,0.58,2.18
calm,correction_on,4.50,2.45,1.71,-0.349,-0.243,-0.718,0.832,0.119,0.65,2.10
calm,correction_on,4.55,2.48,1.62,-0.353,-0.231,-0.713,0.832,0.113,0.71,2.02
calm,correction_on,4.60,2.50,1.53,-0.356,-0.218,-0.710,0.832,0.110,0.80,1.95
calm,correction_on,4.65,2.53,1.45,-0.360,-0.206,-0.702,0.832,0.103,0.88,1.88
calm,correction_on,4.70,2.55,1.36,-0.363,-0.193,-0.699,0.832,0.100,0.97,1.81
calm,correction_on,4.75,2.58,1.28,-0.366,-0.181,-0.693,0.831,0.093,1.05,1.75
calm,correction_on,4.80,2.61,1.20,-0.370,-0.170,-0.690,0.830,0.090,1.15,1.69
calm,correction_on,4.85,2.64,1.13,-0.374,-0.160,-0.683,0.829,0.083,1.23,1.64
calm,correction_on,4.90,2.67,1.06,-0.379,-0.150,-0.680,0.828,0.081,1.32,1.58
calm,correction_on,4.95,2.70,1.00,-0.383,-0.141,-0.675,0.826,0.076,1.39,1.53
calm,correction_on,5.00,2.73,0.94,-0.387,-0.133,-0.673,0.825,0.074,1.46,1.48
calm,correction_on,5.05,2.76,0.89,-0.391,-0.126,-0.668,0.823,0.069,1.52,1.43
calm,correction_on,5.10,2.79,0.84,-0.395,-0.119,-0.667,0.822,0.068,1.58,1.38
calm,correction_on,5.15,2.81,0.81,-0.398,-0.114,-0.664,0.820,0.065,1.62,1.34
calm,correction_on,5.20,2.83,0.78,-0.401,-0.111,-0.662,0.819,0.064,1.65,1.30
calm,correction_on,5.25,2.85,0.77,-0.404,-0.109,-0.660,0.817,0.062,1.67,1.27
calm,correction_on,5.30,2.86,0.77,-0.406,-0.109,-0.659,0.816,0.061,1.68,1.25
calm,correction_on,5.35,2.88,0.78,-0.407,-0.111,-0.657,0.815,0.060,1.68,1.23
calm,correction_on,5.40,2.89,0.80,-0.409,-0.113,-0.657,0.814,0.059,1.66,1.21
calm,correction_on,5.45,2.89,0.83,-0.410,-0.117,-0.655,0.812,0.058,1.65,1.20
calm,correction_on,5.50,2.89,0.86,-0.410,-0.121,-0.654,0.812,0.058,1.62,1.20
calm,correction_on,5.55,2.89,0.89,-0.410,-0.126,-0.654,0.811,0.058,1.59,1.21
calm,correction_on,5.60,2.88,0.92,-0.409,-0.131,-0.653,0.810,0.057,1.55,1.23
calm,correction_on,5.65,2.88,0.96,-0.409,-0.136,-0.653,0.809,0.057,1.51,1.25
calm,correction_on,5.70,2.87,1.00,-0.408,-0.142,-0.653,0.808,0.058,1.47,1.27
calm,correction_on,5.75,2.86,1.04,-0.407,-0.148,-0.653,0.808,0.058,1.42,1.29
calm,correction_on,5.80,2.85,1.09,-0.406,-0.155,-0.653,0.807,0.058,1.37,1.32
calm,correction_on,5.85,2.84,1.14,-0.404,-0.163,-0.653,0.807,0.059,1.33,1.34
calm,correction_on,5.90,2.83,1.20,-0.403,-0.170,-0.654,0.807,0.059,1.28,1.37
calm,correction_on,5.95,2.81,1.25,-0.400,-0.178,-0.655,0.806,0.060,1.23,1.39
calm,correction_on,6.00,2.79,1.31,-0.398,-0.186,-0.655,0.806,0.061,1.18,1.42
calm,correction_on,6.05,2.76,1.36,-0.395,-0.195,-0.657,0.805,0.063,1.13,1.45
calm,correction_on,6.10,2.74,1.42,-0.391,-0.203,-0.658,0.805,0.064,1.07,1.47
calm,correction_on,6.15,2.71,1.48,-0.387,-0.212,-0.660,0.805,0.066,1.02,1.49
calm,correction_on,6.20,2.68,1.54,-0.383,-0.221,-0.661,0.804,0.067,0.97,1.51
calm,correction_on,6.25,2.65,1.60,-0.379,-0.229,-0.664,0.804,0.070,0.92,1.53
calm,correction_on,6.30,2.62,1.66,-0.375,-0.238,-0.665,0.804,0.071,0.86,1.55
calm,correction_on,6.35,2.59,1.72,-0.371,-0.246,-0.667,0.803,0.073,0.81,1.56
calm,correction_on,6.40,2.56,1.77,-0.367,-0.254,-0.668,0.802,0.075,0.75,1.57
calm,correction_on,6.45,2.52,1.81,-0.362,-0.260,-0.671,0.801,0.077,0.70,1.58
calm,correction_on,6.50,2.49,1.85,-0.358,-0.266,-0.672,0.800,0.079,0.66,1.59
calm,correction_on,6.55,2.46,1.88,-0.354,-0.270,-0.674,0.798,0.081,0.61,1.59
calm,correction_on,6.60,2.44,1.90,-0.350,-0.273,-0.675,0.797,0.083,0.58,1.59
calm,correction_on,6.65,2.41,1.91,-0.347,-0.274,-0.677,0.794,0.086,0.55,1.58
calm,correction_on,6.70,2.39,1.91,-0.343,-0.275,-0.678,0.793,0.087,0.52,1.56
calm,correction_on,6.75,2.37,1.91,-0.340,-0.274,-0.679,0.790,0.089,0.50,1.54
calm,correction_on,6.80,2.34,1.89,-0.337,-0.272,-0.679,0.788,0.090,0.49,1.51
calm,correction_on,6.85,2.33,1.87,-0.334,-0.269,-0.680,0.784,0.093,0.49,1.47
calm,correction_on,6.90,2.31,1.85,-0.332,-0.266,-0.680,0.783,0.094,0.49,1.43
calm,correction_on,6.95,2.30,1.82,-0.331,-0.261,-0.679,0.779,0.095,0.51,1.39
calm,correction_on,7.00,2.30,1.79,-0.329,-0.256,-0.679,0.777,0.096,0.53,1.34
calm,correction_on,7.05,2.30,1.75,-0.329,-0.251,-0.679,0.772,0.098,0.56,1.29
calm,correction_on,7.10,2.30,1.71,-0.329,-0.245,-0.678,0.770,0.099,0.59,1.23
calm,correction_on,7.15,2.30,1.67,-0.329,-0.239,-0.678,0.766,0.101,0.63,1.18
calm,correction_on,7.20,2.31,1.64,-0.330,-0.234,-0.677,0.765,0.102,0.68,1.12
calm,correction_on,7.25,2.32,1.60,-0.331,-0.228,-0.677,0.761,0.104,0.72,1.07
calm,correction_on,7.30,2.33,1.57,-0.332,-0.224,-0.676,0.759,0.105,0.77,1.02
calm,correction_on,7.35,2.35,1.54,-0.334,-0.219,-0.675,0.757,0.106,0.81,0.98
calm,correction_on,7.40,2.37,1.52,-0.337,-0.216,-0.675,0.755,0.107,0.86,0.94
calm,correction_on,7.45,2.40,1.50,-0.340,-0.213,-0.674,0.753,0.107,0.89,0.91
calm,correction_on,7.50,2.43,1.48,-0.344,-0.210,-0.673,0.753,0.107,0.93,0.89
calm,correction_on,7.55,2.46,1.47,-0.349,-0.209,-0.672,0.752,0.107,0.96,0.88
calm,correction_on,7.60,2.50,1.47,-0.354,-0.208,-0.672,0.752,0.107,1.00,0.87
calm,correction_on,7.65,2.54,1.47,-0.360,-0.208,-0.671,0.752,0.106,1.03,0.88
calm,correction_on,7.70,2.59,1.48,-0.367,-0.210,-0.670,0.753,0.106,1.05,0.90
calm,correction_on,7.75,2.64,1.50,-0.374,-0.213,-0.670,0.754,0.104,1.07,0.92
calm,correction_on,7.80,2.68,1.52,-0.381,-0.216,-0.670,0.755,0.104,1.09,0.96
calm,correction_on,7.85,2.73,1.56,-0.388,-0.221,-0.670,0.757,0.102,1.11,1.00
calm,correction_on,7.90,2.77,1.60,-0.395,-0.227,-0.670,0.759,0.101,1.12,1.05
calm,correction_on,7.95,2.81,1.65,-0.401,-0.235,-0.671,0.762,0.099,1.12,1.11
calm,correction_on,8.00,2.85,1.70,-0.407,-0.243,-0.671,0.763,0.098,1.12,1.18
calm,correction_on,8.05,2.88,1.76,-0.413,-0.252,-0.672,0.768,0.096,1.11,1.25
calm,correction_on,8.10,2.92,1.82,-0.419,-0.262,-0.673,0.770,0.095,1.10,1.32
calm,correction_on,8.15,2.94,1.89,-0.424,-0.273,-0.675,0.775,0.094,1.08,1.40
calm,correction_on,8.20,2.97,1.96,-0.429,-0.284,-0.676,0.777,0.093,1.05,1.48
calm,correction_on,8.25,2.98,2.04,-0.433,-0.296,-0.678,0.783,0.092,1.01,1.56
calm,correction_on,8.30,3.00,2.11,-0.437,-0.308,-0.679,0.785,0.091,0.97,1.65
calm,correction_on,8.35,3.01,2.18,-0.441,-0.319,-0.680,0.790,0.091,0.92,1.73
calm,correction_on,8.40,3.02,2.25,-0.444,-0.331,-0.681,0.792,0.091,0.87,1.81
calm,correction_on,8.45,3.03,2.32,-0.447,-0.342,-0.683,0.796,0.091,0.82,1.89
calm,correction_on,8.50,3.03,2.38,-0.450,-0.352,-0.684,0.798,0.091,0.77,1.96
calm,correction_on,8.55,3.04,2.43,-0.452,-0.362,-0.686,0.800,0.092,0.73,2.02
calm,correction_on,8.60,3.04,2.48,-0.455,-0.370,-0.687,0.801,0.092,0.68,2.07
calm,correction_on,8.65,3.04,2.51,-0.457,-0.377,-0.689,0.803,0.094,0.65,2.11
calm,correction_on,8.70,3.04,2.54,-0.459,-0.383,-0.690,0.803,0.094,0.61,2.14
calm,correction_on,8.75,3.04,2.55,-0.460,-0.386,-0.691,0.803,0.096,0.59,2.16
calm,correction_on,8.80,3.03,2.55,-0.461,-0.388,-0.692,0.803,0.096,0.57,2.16
calm,correction_on,8.85,3.02,2.54,-0.461,-0.388,-0.692,0.802,0.097,0.56,2.16
calm,correction_on,8.90,3.01,2.52,-0.460,-0.385,-0.692,0.801,0.098,0.55,2.13
calm,correction_on,8.95,2.99,2.48,-0.459,-0.381,-0.692,0.798,0.098,0.56,2.10
calm,correction_on,9.00,2.97,2.44,-0.457,-0.375,-0.692,0.797,0.099,0.57,2.05
calm,correction_on,9.05,2.95,2.37,-0.454,-0.366,-0.691,0.793,0.099,0.59,1.99
calm,correction_on,9.10,2.92,2.29,-0.450,-0.354,-0.691,0.791,0.100,0.62,1.92
calm,correction_on,9.15,2.88,2.21,-0.445,-0.340,-0.690,0.786,0.101,0.66,1.84
calm,correction_on,9.20,2.84,2.11,-0.439,-0.326,-0.690,0.784,0.102,0.70,1.75
calm,correction_on,9.25,2.80,2.01,-0.433,-0.310,-0.689,0.778,0.104,0.74,1.65
calm,correction_on,9.30,2.76,1.90,-0.426,-0.293,-0.689,0.776,0.105,0.78,1.53
calm,correction_on,9.35,2.72,1.80,-0.418,-0.277,-0.688,0.771,0.107,0.82,1.41
calm,correction_on,9.40,2.68,1.70,-0.411,-0.260,-0.688,0.768,0.108,0.86,1.28
calm,correction_on,9.45,2.64,1.60,-0.404,-0.245,-0.687,0.763,0.111,0.89,1.16
calm,correction_on,9.50,2.60,1.51,-0.397,-0.231,-0.686,0.760,0.112,0.92,1.03
calm,correction_on,9.55,2.58,1.43,-0.392,-0.218,-0.685,0.756,0.114,0.94,0.91
calm,correction_on,9.60,2.56,1.36,-0.388,-0.206,-0.685,0.754,0.115,0.97,0.78
calm,correction_on,9.65,2.55,1.30,-0.385,-0.196,-0.683,0.750,0.116,0.98,0.68
calm,correction_on,9.70,2.55,1.25,-0.383,-0.188,-0.682,0.749,0.116,1.00,0.58
calm,correction_on,9.75,2.55,1.21,-0.382,-0.181,-0.680,0.747,0.116,1.01,0.51
calm,correction_on,9.80,2.56,1.18,-0.383,-0.177,-0.679,0.747,0.115,1.03,0.45
calm,correction_on,9.85,2.58,1.17,-0.385,-0.175,-0.677,0.748,0.114,1.04,0.42
calm,correction_on,9.90,2.61,1.18,-0.388,-0.174,-0.677,0.748,0.113,1.05,0.41
calm,correction_on,9.95,2.65,1.19,-0.393,-0.177,-0.675,0.750,0.111,1.06,0.42
calm,correction_on,10.00,2.70,1.22,-0.398,-0.181,-0.674,0.751,0.109,1.07,0.45
calm,correction_on,10.05,2.74,1.27,-0.404,-0.187,-0.673,0.755,0.106,1.07,0.50
calm,correction_on,10.10,2.79,1.33,-0.411,-0.196,-0.673,0.756,0.104,1.07,0.57
calm,correction_on,10.15,2.83,1.40,-0.418,-0.206,-0.672,0.760,0.101,1.07,0.65
calm,correction_on,10.20,2.88,1.47,-0.425,-0.217,-0.672,0.763,0.099,1.06,0.76
calm,correction_on,10.25,2.93,1.55,-0.432,-0.229,-0.671,0.768,0.095,1.05,0.86
calm,correction_on,10.30,2.98,1.64,-0.440,-0.243,-0.671,0.771,0.093,1.04,0.99
calm,correction_on,10.35,3.02,1.74,-0.447,-0.257,-0.671,0.776,0.090,1.03,1.11
calm,correction_on,10.40,3.06,1.84,-0.454,-0.273,-0.672,0.779,0.089,1.01,1.25
calm,correction_on,10.45,3.10,1.95,-0.461,-0.289,-0.672,0.786,0.086,0.99,1.37
calm,correction_on,10.50,3.14,2.06,-0.468,-0.307,-0.673,0.789,0.085,0.96,1.51
calm,correction_on,10.55,3.17,2.17,-0.474,-0.325,-0.674,0.794,0.083,0.93,1.64
calm,correction_on,10.60,3.19,2.27,-0.479,-0.342,-0.674,0.797,0.082,0.90,1.77
calm,correction_on,10.65,3.20,2.37,-0.484,-0.357,-0.675,0.803,0.081,0.86,1.89
calm,correction_on,10.70,3.21,2.45,-0.488,-0.372,-0.676,0.806,0.080,0.82,2.01
calm,correction_on,10.75,3.22,2.54,-0.491,-0.386,-0.677,0.810,0.080,0.78,2.11
calm,correction_on,10.80,3.22,2.61,-0.493,-0.400,-0.678,0.812,0.080,0.74,2.21
calm,correction_on,10.85,3.22,2.67,-0.496,-0.411,-0.679,0.816,0.081,0.71,2.29
calm,correction_on,10.90,3.22,2.72,-0.498,-0.420,-0.680,0.817,0.081,0.67,2.36
calm,correction_on,10.95,3.22,2.75,-0.500,-0.427,-0.681,0.819,0.082,0.64,2.41
calm,correction_on,11.00,3.22,2.77,-0.502,-0.432,-0.682,0.820,0.083,0.61,2.45
calm,correction_on,11.05,3.22,2.78,-0.504,-0.435,-0.683,0.820,0.085,0.58,2.47
calm,correction_on,11.10,3.22,2.77,-0.506,-0.436,-0.684,0.820,0.085,0.56,2.47
calm,correction_on,11.15,3.22,2.75,-0.508,-0.434,-0.686,0.819,0.087,0.55,2.45
calm,correction_on,11.20,3.22,2.71,-0.509,-0.430,-0.687,0.818,0.088,0.54,2.42
calm,correction_on,11.25,3.20,2.65,-0.508,-0.421,-0.688,0.816,0.090,0.54,2.37
calm,correction_on,11.30,3.18,2.58,-0.506,-0.410,-0.688,0.814,0.090,0.55,2.30
calm,correction_on,11.35,3.14,2.49,-0.501,-0.396,-0.689,0.811,0.092,0.57,2.23
calm,correction_on,11.40,3.09,2.38,-0.493,-0.379,-0.689,0.809,0.092,0.59,2.13
calm,correction_on,11.45,3.04,2.26,-0.484,-0.360,-0.689,0.803,0.093,0.62,2.02
calm,correction_on,11.50,2.97,2.13,-0.474,-0.340,-0.688,0.801,0.094,0.65,1.89
calm,correction_on,11.55,2.91,2.00,-0.463,-0.318,-0.688,0.796,0.095,0.68,1.76
calm,correction_on,11.60,2.84,1.86,-0.450,-0.296,-0.688,0.793,0.096,0.72,1.60
calm,correction_on,11.65,2.76,1.73,-0.438,-0.274,-0.687,0.787,0.098,0.76,1.45
calm,correction_on,11.70,2.69,1.60,-0.425,-0.253,-0.687,0.784,0.099,0.79,1.27
calm,correction_on,11.75,2.63,1.49,-0.413,-0.233,-0.686,0.778,0.101,0.81,1.11
calm,correction_on,11.80,2.58,1.38,-0.403,-0.216,-0.686,0.775,0.102,0.84,0.93
calm,correction_on,11.85,2.54,1.28,-0.395,-0.200,-0.684,0.769,0.105,0.85,0.78
calm,correction_on,11.90,2.51,1.20,-0.389,-0.185,-0.684,0.767,0.105,0.87,0.62
calm,correction_on,11.95,2.50,1.12,-0.385,-0.173,-0.682,0.763,0.107,0.88,0.49
calm,correction_on,12.00,2.50,1.06,-0.382,-0.162,-0.681,0.761,0.107,0.90,0.36
calm,correction_on,12.05,2.50,1.01,-0.381,-0.154,-0.678,0.758,0.107,0.91,0.27
calm,correction_on,12.10,2.52,0.98,-0.382,-0.148,-0.676,0.757,0.106,0.93,0.20
calm,correction_on,12.15,2.56,0.96,-0.386,-0.145,-0.673,0.756,0.105,0.95,0.15
calm,correction_on,12.20,2.60,0.96,-0.391,-0.144,-0.671,0.756,0.103,0.98,0.13
calm,correction_on,12.25,2.65,0.97,-0.397,-0.146,-0.667,0.757,0.100,1.01,0.14
calm,correction_on,12.30,2.72,1.01,-0.405,-0.150,-0.665,0.758,0.098,1.04,0.18
calm,correction_on,12.35,2.79,1.06,-0.415,-0.158,-0.661,0.761,0.093,1.08,0.24
calm,correction_on,12.40,2.86,1.13,-0.425,-0.168,-0.659,0.763,0.090,1.12,0.33
calm,correction_on,12.45,2.93,1.21,-0.435,-0.179,-0.655,0.768,0.083,1.15,0.43
calm,correction_on,12.50,3.00,1.29,-0.445,-0.192,-0.653,0.771,0.080,1.18,0.56
calm,correction_on,12.55,3.07,1.38,-0.456,-0.206,-0.649,0.777,0.074,1.21,0.70
calm,correction_on,12.60,3.14,1.49,-0.467,-0.221,-0.648,0.780,0.070,1.24,0.87
calm,correction_on,12.65,3.21,1.60,-0.479,-0.238,-0.645,0.788,0.063,1.25,1.03
calm,correction_on,12.70,3.27,1.71,-0.489,-0.256,-0.644,0.791,0.059,1.26,1.21
calm,correction_on,12.75,3.31,1.82,-0.497,-0.274,-0.642,0.799,0.053,1.26,1.38
calm,correction_on,12.80,3.35,1.94,-0.504,-0.292,-0.641,0.803,0.050,1.25,1.57
calm,correction_on,12.85,3.37,2.04,-0.510,-0.309,-0.640,0.811,0.045,1.23,1.73
calm,correction_on,12.90,3.39,2.14,-0.514,-0.325,-0.640,0.814,0.044,1.21,1.91
calm,correction_on,12.95,3.39,2.23,-0.518,-0.340,-0.640,0.821,0.041,1.18,2.06
calm,correction_on,13.00,3.40,2.32,-0.520,-0.355,-0.640,0.824,0.041,1.13,2.20
calm,correction_on,13.05,3.39,2.39,-0.522,-0.368,-0.640,0.830,0.041,1.09,2.32
calm,correction_on,13.10,3.38,2.46,-0.522,-0.381,-0.641,0.832,0.042,1.04,2.43
calm,correction_on,13.15,3.36,2.53,-0.522,-0.393,-0.643,0.836,0.044,0.99,2.51
calm,correction_on,13.20,3.34,2.59,-0.521,-0.404,-0.644,0.837,0.045,0.93,2.58
calm,correction_on,13.25,3.32,2.64,-0.519,-0.414,-0.647,0.839,0.048,0.87,2.62
calm,correction_on,13.30,3.29,2.69,-0.516,-0.422,-0.649,0.840,0.050,0.81,2.64
calm,correction_on,13.35,3.26,2.71,-0.514,-0.427,-0.652,0.840,0.054,0.75,2.64
calm,correction_on,13.40,3.23,2.72,-0.511,-0.430,-0.654,0.840,0.055,0.69,2.61
calm,correction_on,13.45,3.21,2.71,-0.509,-0.429,-0.659,0.839,0.060,0.64,2.58
calm,correction_on,13.50,3.18,2.68,-0.506,-0.427,-0.661,0.838,0.062,0.58,2.53
calm,correction_on,13.55,3.15,2.64,-0.503,-0.421,-0.664,0.836,0.065,0.53,2.46
calm,correction_on,13.60,3.11,2.58,-0.498,-0.413,-0.666,0.834,0.067,0.49,2.37
calm,correction_on,13.65,3.06,2.50,-0.489,-0.400,-0.670,0.830,0.070,0.45,2.28
calm,correction_on,13.70,2.99,2.40,-0.478,-0.384,-0.671,0.827,0.072,0.43,2.16
calm,correction_on,13.75,2.91,2.28,-0.465,-0.365,-0.674,0.822,0.075,0.42,2.04
calm,correction_on,13.80,2.82,2.16,-0.449,-0.344,-0.675,0.819,0.076,0.42,1.89
calm,correction_on,13.85,2.72,2.02,-0.433,-0.322,-0.677,0.811,0.080,0.42,1.74
calm,correction_on,13.90,2.62,1.88,-0.416,-0.299,-0.677,0.808,0.081,0.43,1.57
calm,correction_on,13.95,2.53,1.75,-0.399,-0.276,-0.678,0.801,0.084,0.45,1.39
calm,correction_on,14.00,2.44,1.63,-0.384,-0.256,-0.678,0.797,0.085,0.46,1.19
calm,correction_on,14.05,2.37,1.51,-0.370,-0.236,-0.677,0.789,0.088,0.48,1.01
calm,correction_on,14.10,2.31,1.41,-0.359,-0.218,-0.677,0.785,0.089,0.50,0.81
calm,correction_on,14.15,2.27,1.31,-0.351,-0.202,-0.675,0.779,0.092,0.52,0.63
calm,correction_on,14.20,2.24,1.22,-0.344,-0.187,-0.674,0.775,0.093,0.55,0.46
calm,correction_on,14.25,2.23,1.13,-0.340,-0.173,-0.671,0.769,0.094,0.58,0.32
calm,correction_on,14.30,2.23,1.06,-0.337,-0.160,-0.669,0.767,0.094,0.62,0.19
calm,correction_on,14.35,2.24,0.99,-0.337,-0.149,-0.666,0.764,0.094,0.66,0.09
calm,correction_on,14.40,2.27,0.93,-0.339,-0.139,-0.664,0.762,0.094,0.71,0.01
calm,correction_on,14.45,2.31,0.90,-0.344,-0.133,-0.660,0.761,0.093,0.76,-0.03
calm,correction_on,14.50,2.37,0.88,-0.351,-0.131,-0.658,0.760,0.092,0.82,-0.04
calm,correction_on,14.55,2.45,0.89,-0.360,-0.132,-0.654,0.761,0.089,0.88,-0.03
calm,correction_on,14.60,2.53,0.92,-0.371,-0.135,-0.652,0.761,0.087,0.94,0.00
calm,correction_on,14.65,2.61,0.97,-0.382,-0.142,-0.647,0.764,0.082,1.00,0.06
calm,correction_on,14.70,2.69,1.03,-0.393,-0.150,-0.644,0.765,0.079,1.06,0.15
calm,correction_on,14.75,2.77,1.09,-0.404,-0.160,-0.640,0.769,0.074,1.12,0.26
calm,correction_on,14.80,2.85,1.17,-0.415,-0.171,-0.638,0.772,0.071,1.18,0.40
calm,correction_on,14.85,2.93,1.26,-0.427,-0.184,-0.634,0.778,0.063,1.23,0.54
calm,correction_on,14.90,3.00,1.36,-0.438,-0.199,-0.633,0.782,0.059,1.27,0.71
calm,correction_on,14.95,3.06,1.46,-0.448,-0.214,-0.630,0.789,0.052,1.30,0.88
light,correction_off,0.00,0.00,0.00,0.000,0.000,-0.595,0.956,0.082,0.56,1.89
light,correction_off,0.05,0.00,0.00,0.000,0.000,-0.593,0.961,0.087,0.57,1.92
light,correction_off,0.10,0.00,0.00,0.000,0.000,-0.591,0.963,0.089,0.58,1.95
light,correction_off,0.15,0.00,0.00,0.000,0.000,-0.588,0.968,0.094,0.59,1.97
light,correction_off,0.20,0.00,0.00,0.000,0.000,-0.587,0.971,0.098,0.61,1.98
light,correction_off,0.25,0.00,0.00,0.000,0.000,-0.583,0.976,0.103,0.63,2.00
light,correction_off,0.30,0.00,0.00,0.000,0.000,-0.581,0.979,0.106,0.65,2.03
light,correction_off,0.35,0.00,0.00,0.000,0.000,-0.578,0.983,0.112,0.67,2.06
light,correction_off,0.40,0.00,0.00,0.000,0.000,-0.575,0.986,0.115,0.69,2.10
light,correction_off,0.45,0.00,0.00,0.000,0.000,-0.571,0.990,0.120,0.72,2.15
light,correction_off,0.50,0.00,0.00,0.000,0.000,-0.569,0.993,0.123,0.74,2.19
light,correction_off,0.55,0.00,0.00,0.000,0.000,-0.563,0.997,0.128,0.77,2.25
light,correction_off,0.60,0.00,0.00,0.000,0.000,-0.560,0.999,0.132,0.80,2.30
light,correction_off,0.65,0.00,0.00,0.000,0.000,-0.554,1.003,0.137,0.84,2.36
light,correction_off,0.70,0.00,0.00,0.000,0.000,-0.551,1.005,0.140,0.88,2.41
light,correction_off,0.75,0.00,0.00,0.000,0.000,-0.545,1.008,0.146,0.92,2.47
light,correction_off,0.80,0.00,0.00,0.000,0.000,-0.541,1.010,0.149,0.97,2.53
light,correction_off,0.85,0.00,0.00,0.000,0.000,-0.534,1.013,0.155,1.01,2.58
light,correction_off,0.90,0.00,0.00,0.000,0.000,-0.531,1.015,0.158,1.06,2.64
light,correction_off,0.95,0.00,0.00,0.000,0.000,-0.524,1.018,0.164,1.11,2.69
light,correction_off,1.00,0.00,0.00,0.000,0.000,-0.520,1.020,0.167,1.16,2.75
light,correction_off,1.05,0.00,0.00,0.000,0.000,-0.514,1.022,0.173,1.21,2.80
light,correction_off,1.10,0.00,0.00,0.000,0.000,-0.511,1.023,0.175,1.25,2.85
light,correction_off,1.15,0.00,0.00,0.000,0.000,-0.504,1.025,0.181,1.30,2.90
light,correction_off,1.20,0.00,0.00,0.000,0.000,-0.500,1.026,0.184,1.34,2.94
light,correction_off,1.25,0.00,0.00,0.000,0.000,-0.494,1.027,0.188,1.39,2.98
light,correction_off,1.30,0.00,0.00,0.000,0.000,-0.491,1.028,0.191,1.43,3.01
light,correction_off,1.35,0.00,0.00,0.000,0.000,-0.485,1.029,0.195,1.48,3.04
light,correction_off,1.40,0.00,0.00,0.000,0.000,-0.482,1.030,0.198,1.52,3.07
light,correction_off,1.45,0.00,0.00,0.000,0.000,-0.476,1.031,0.202,1.56,3.10
light,correction_off,1.50,0.00,0.00,0.000,0.000,-0.474,1.031,0.204,1.60,3.12
light,correction_off,1.55,0.00,0.00,0.000,0.000,-0.469,1.031,0.207,1.64,3.15
light,correction_off,1.60,0.00,0.00,0.000,0.000,-0.466,1.031,0.209,1.67,3.16
light,correction_off,1.65,0.00,0.00,0.000,0.000,-0.461,1.030,0.211,1.70,3.18
light,correction_off,1.70,0.00,0.00,0.000,0.000,-0.459,1.029,0.212,1.73,3.19
light,correction_off,1.75,0.00,0.00,0.000,0.000,-0.455,1.027,0.213,1.76,3.19
light,correction_off,1.80,0.00,0.00,0.000,0.000,-0.453,1.025,0.213,1.78,3.19
light,correction_off,1.85,0.00,0.00,0.000,0.000,-0.450,1.022,0.213,1.81,3.18
light,correction_off,1.90,0.00,0.00,0.000,0.000,-0.448,1.020,0.213,1.84,3.17
light,correction_off,1.95,0.00,0.00,0.000,0.000,-0.446,1.016,0.212,1.86,3.15
light,correction_off,2.00,0.00,0.00,0.000,0.000,-0.444,1.013,0.212,1.89,3.12
light,correction_off,2.05,0.00,0.00,0.000,0.000,-0.442,1.008,0.210,1.91,3.09
light,correction_off,2.10,0.00,0.00,0.000,0.000,-0.441,1.006,0.209,1.93,3.06
light,correction_off,2.15,0.00,0.00,0.000,0.000,-0.440,1.001,0.208,1.95,3.02
light,correction_off,2.20,0.00,0.00,0.000,0.000,-0.439,0.998,0.207,1.96,2.99
light,correction_off,2.25,0.00,0.00,0.000,0.000,-0.437,0.993,0.205,1.98,2.95
light,correction_off,2.30,0.00,0.00,0.000,0.000,-0.436,0.990,0.204,1.99,2.92
light,correction_off,2.35,0.00,0.00,0.000,0.000,-0.434,0.984,0.203,2.01,2.88
light,correction_off,2.40,0.00,0.00,0.000,0.000,-0.433,0.981,0.202,2.02,2.85
light,correction_off,2.45,0.00,0.00,0.000,0.000,-0.431,0.975,0.200,2.04,2.82
light,correction_off,2.50,0.00,0.00,0.000,0.000,-0.430,0.972,0.199,2.06,2.79
light,correction_off,2.55,0.00,0.00,0.000,0.000,-0.429,0.966,0.198,2.08,2.76
light,correction_off,2.60,0.00,0.00,0.000,0.000,-0.428,0.962,0.197,2.10,2.74
light,correction_off,2.65,0.00,0.00,0.000,0.000,-0.427,0.956,0.196,2.12,2.71
light,correction_off,2.70,0.00,0.00,0.000,0.000,-0.426,0.952,0.195,2.13,2.68
light,correction_off,2.75,0.00,0.00,0.000,0.000,-0.425,0.946,0.193,2.15,2.66
light,correction_off,2.80,0.00,0.00,0.000,0.000,-0.424,0.943,0.193,2.17,2.63
light,correction_off,2.85,0.00,0.00,0.000,0.000,-0.424,0.938,0.191,2.19,2.61
light,correction_off,2.90,0.00,0.00,0.000,0.000,-0.424,0.934,0.190,2.20,2.59
light,correction_off,2.95,0.00,0.00,0.000,0.000,-0.425,0.929,0.188,2.22,2.57
light,correction_off,3.00,0.00,0.00,0.000,0.000,-0.425,0.927,0.187,2.22,2.55
light,correction_off,3.05,0.00,0.00,0.000,0.000,-0.427,0.922,0.184,2.22,2.54
light,correction_off,3.10,0.00,0.00,0.000,0.000,-0.428,0.919,0.182,2.22,2.52
light,correction_off,3.15,0.00,0.00,0.000,0.000,-0.430,0.913,0.179,2.21,2.51
light,correction_off,3.20,0.00,0.00,0.000,0.000,-0.431,0.911,0.177,2.20,2.49
light,correction_off,3.25,0.00,0.00,0.000,0.000,-0.435,0.906,0.173,2.19,2.47
light,correction_off,3.30,0.00,0.00,0.000,0.000,-0.437,0.902,0.170,2.17,2.46
light,correction_off,3.35,0.00,0.00,0.000,0.000,-0.440,0.897,0.166,2.14,2.44
light,correction_off,3.40,0.00,0.00,0.000,0.000,-0.442,0.894,0.163,2.12,2.42
light,correction_off,3.45,0.00,0.00,0.000,0.000,-0.446,0.889,0.159,2.09,2.40
light,correction_off,3.50,0.00,0.00,0.000,0.000,-0.449,0.885,0.156,2.07,2.37
light,correction_off,3.55,0.00,0.00,0.000,0.000,-0.453,0.879,0.152,2.04,2.35
light,correction_off,3.60,0.00,0.00,0.000,0.000,-0.455,0.877,0.149,2.02,2.32
light,correction_off,3.65,0.00,0.00,0.000,0.000,-0.459,0.871,0.146,2.00,2.29
light,correction_off,3.70,0.00,0.00,0.000,0.000,-0.462,0.868,0.143,1.98,2.26
light,correction_off,3.75,0.00,0.00,0.000,0.000,-0.465,0.863,0.140,1.96,2.24
light,correction_off,3.80,0.00,0.00,0.000,0.000,-0.467,0.861,0.138,1.94,2.21
light,correction_off,3.85,0.00,0.00,0.000,0.000,-0.471,0.857,0.135,1.93,2.19
light,correction_off,3.90,0.00,0.00,0.000,0.000,-0.474,0.855,0.133,1.92,2.18
light,correction_off,3.95,0.00,0.00,0.000,0.000,-0.478,0.852,0.129,1.90,2.17
light,correction_off,4.00,0.00,0.00,0.000,0.000,-0.480,0.850,0.127,1.89,2.16
light,correction_off,4.05,0.00,0.00,0.000,0.000,-0.485,0.848,0.123,1.87,2.16
light,correction_off,4.10,0.00,0.00,0.000,0.000,-0.488,0.847,0.120,1.86,2.16
light,correction_off,4.15,0.00,0.00,0.000,0.000,-0.493,0.846,0.115,1.84,2.16
light,correction_off,4.20,0.00,0.00,0.000,0.000,-0.496,0.845,0.113,1.81,2.17
light,correction_off,4.25,0.00,0.00,0.000,0.000,-0.502,0.845,0.107,1.79,2.18
light,correction_off,4.30,0.00,0.00,0.000,0.000,-0.506,0.845,0.103,1.76,2.19
light,correction_off,4.35,0.00,0.00,0.000,0.000,-0.512,0.845,0.097,1.72,2.21
light,correction_off,4.40,0.00,0.00,0.000,0.000,-0.516,0.845,0.094,1.69,2.22
light,correction_off,4.45,0.00,0.00,0.000,0.000,-0.523,0.846,0.087,1.64,2.24
light,correction_off,4.50,0.00,0.00,0.000,0.000,-0.527,0.846,0.083,1.60,2.26
light,correction_off,4.55,0.00,0.00,0.000,0.000,-0.533,0.847,0.077,1.55,2.27
light,correction_off,4.60,0.00,0.00,0.000,0.000,-0.536,0.848,0.073,1.51,2.29
light,correction_off,4.65,0.00,0.00,0.000,0.000,-0.543,0.849,0.067,1.46,2.31
light,correction_off,4.70,0.00,0.00,0.000,0.000,-0.546,0.850,0.063,1.42,2.32
light,correction_off,4.75,0.00,0.00,0.000,0.000,-0.552,0.852,0.057,1.38,2.34
light,correction_off,4.80,0.00,0.00,0.000,0.000,-0.555,0.853,0.054,1.35,2.36
light,correction_off,4.85,0.00,0.00,0.000,0.000,-0.560,0.855,0.049,1.32,2.38
light,correction_off,4.90,0.00,0.00,0.000,0.000,-0.564,0.856,0.045,1.29,2.40
light,correction_off,4.95,0.00,0.00,0.000,0.000,-0.569,0.859,0.039,1.27,2.42
light,correction_off,5.00,0.00,0.00,0.000,0.000,-0.571,0.860,0.037,1.25,2.43
light,correction_off,5.05,0.00,0.00,0.000,0.000,-0.576,0.862,0.031,1.23,2.46
light,correction_off,5.10,0.00,0.00,0.000,0.000,-0.580,0.864,0.028,1.22,2.47
light,correction_off,5.15,0.00,0.00,0.000,0.000,-0.585,0.866,0.022,1.21,2.49
light,correction_off,5.20,0.00,0.00,0.000,0.000,-0.587,0.867,0.019,1.20,2.51
light,correction_off,5.25,0.00,0.00,0.000,0.000,-0.592,0.871,0.013,1.19,2.53
light,correction_off,5.30,0.00,0.00,0.000,0.000,-0.595,0.873,0.010,1.18,2.54
light,correction_off,5.35,0.00,0.00,0.000,0.000,-0.600,0.876,0.005,1.17,2.56
light,correction_off,5.40,0.00,0.00,0.000,0.000,-0.603,0.878,0.004,1.16,2.57
light,correction_off,5.45,0.00,0.00,0.000,0.000,-0.607,0.883,0.008,1.14,2.59
light,correction_off,5.50,0.00,0.00,0.000,0.000,-0.610,0.886,0.012,1.13,2.61
light,correction_off,5.55,0.00,0.00,0.000,0.000,-0.615,0.891,0.019,1.11,2.64
light,correction_off,5.60,0.00,0.00,0.000,0.000,-0.617,0.893,0.022,1.09,2.66
light,correction_off,5.65,0.00,0.00,0.000,0.000,-0.621,0.899,0.029,1.07,2.69
light,correction_off,5.70,0.00,0.00,0.000,0.000,-0.623,0.902,0.032,1.05,2.72
light,correction_off,5.75,0.00,0.00,0.000,0.000,-0.627,0.906,0.038,1.04,2.76
light,correction_off,5.80,0.00,0.00,0.000,0.000,-0.629,0.908,0.041,1.02,2.79
light,correction_off,5.85,0.00,0.00,0.000,0.000,-0.632,0.912,0.046,1.01,2.82
light,correction_off,5.90,0.00,0.00,0.000,0.000,-0.634,0.915,0.049,1.00,2.84
light,correction_off,5.95,0.00,0.00,0.000,0.000,-0.638,0.918,0.054,0.99,2.86
light,correction_off,6.00,0.00,0.00,0.000,0.000,-0.639,0.920,0.057,0.98,2.88
light,correction_off,6.05,0.00,0.00,0.000,0.000,-0.643,0.923,0.061,0.98,2.90
light,correction_off,6.10,0.00,0.00,0.000,0.000,-0.644,0.925,0.064,0.98,2.90
light,correction_off,6.15,0.00,0.00,0.000,0.000,-0.647,0.928,0.068,0.97,2.91
light,correction_off,6.20,0.00,0.00,0.000,0.000,-0.649,0.930,0.070,0.97,2.92
light,correction_off,6.25,0.00,0.00,0.000,0.000,-0.651,0.933,0.074,0.98,2.93
light,correction_off,6.30,0.00,0.00,0.000,0.000,-0.652,0.935,0.077,0.98,2.93
light,correction_off,6.35,0.00,0.00,0.000,0.000,-0.654,0.938,0.080,0.98,2.94
light,correction_off,6.40,0.00,0.00,0.000,0.000,-0.655,0.939,0.081,0.98,2.95
light,correction_off,6.45,0.00,0.00,0.000,0.000,-0.655,0.943,0.084,0.99,2.96
light,correction_off,6.50,0.00,0.00,0.000,0.000,-0.656,0.945,0.086,0.99,2.97
light,correction_off,6.55,0.00,0.00,0.000,0.000,-0.656,0.948,0.089,1.01,2.98
light,correction_off,6.60,0.00,0.00,0.000,0.000,-0.657,0.950,0.091,1.02,2.99
light,correction_off,6.65,0.00,0.00,0.000,0.000,-0.657,0.953,0.094,1.03,3.01
light,correction_off,6.70,0.00,0.00,0.000,0.000,-0.656,0.955,0.096,1.04,3.02
light,correction_off,6.75,0.00,0.00,0.000,0.000,-0.656,0.959,0.099,1.05,3.04
light,correction_off,6.80,0.00,0.00,0.000,0.000,-0.655,0.961,0.100,1.07,3.05
light,correction_off,6.85,0.00,0.00,0.000,0.000,-0.653,0.965,0.102,1.08,3.08
light,correction_off,6.90,0.00,0.00,0.000,0.000,-0.651,0.967,0.103,1.10,3.10
light,correction_off,6.95,0.00,0.00,0.000,0.000,-0.648,0.970,0.105,1.12,3.12
light,correction_off,7.00,0.00,0.00,0.000,0.000,-0.646,0.972,0.106,1.14,3.15
light,correction_off,7.05,0.00,0.00,0.000,0.000,-0.642,0.975,0.107,1.17,3.18
light,correction_off,7.10,0.00,0.00,0.000,0.000,-0.639,0.977,0.107,1.20,3.20
light,correction_off,7.15,0.00,0.00,0.000,0.000,-0.635,0.979,0.108,1.24,3.23
light,correction_off,7.20,0.00,0.00,0.000,0.000,-0.632,0.980,0.109,1.28,3.25
light,correction_off,7.25,0.00,0.00,0.000,0.000,-0.627,0.982,0.110,1.32,3.28
light,correction_off,7.30,0.00,0.00,0.000,0.000,-0.624,0.984,0.110,1.36,3.30
light,correction_off,7.35,0.00,0.00,0.000,0.000,-0.618,0.985,0.111,1.41,3.32
light,correction_off,7.40,0.00,0.00,0.000,0.000,-0.615,0.986,0.112,1.45,3.33
light,correction_off,7.45,0.00,0.00,0.000,0.000,-0.609,0.987,0.112,1.50,3.35
light,correction_off,7.50,0.00,0.00,0.000,0.000,-0.604,0.988,0.113,1.54,3.37
light,correction_off,7.55,0.00,0.00,0.000,0.000,-0.597,0.988,0.114,1.59,3.38
light,correction_off,7.60,0.00,0.00,0.000,0.000,-0.594,0.988,0.114,1.64,3.39
light,correction_off,7.65,0.00,0.00,0.000,0.000,-0.586,0.988,0.115,1.69,3.40
light,correction_off,7.70,0.00,0.00,0.000,0.000,-0.581,0.988,0.115,1.74,3.40
light,correction_off,7.75,0.00,0.00,0.000,0.000,-0.574,0.987,0.116,1.79,3.40
light,correction_off,7.80,0.00,0.00,0.000,0.000,-0.570,0.986,0.116,1.85,3.40
light,correction_off,7.85,0.00,0.00,0.000,0.000,-0.562,0.985,0.118,1.90,3.40
light,correction_off,7.90,0.00,0.00,0.000,0.000,-0.558,0.984,0.119,1.95,3.40
light,correction_off,7.95,0.00,0.00,0.000,0.000,-0.550,0.982,0.120,2.01,3.39
light,correction_off,8.00,0.00,0.00,0.000,0.000,-0.547,0.981,0.120,2.05,3.38
light,correction_off,8.05,0.00,0.00,0.000,0.000,-0.540,0.978,0.121,2.10,3.37
light,correction_off,8.10,0.00,0.00,0.000,0.000,-0.536,0.976,0.122,2.13,3.36
light,correction_off,8.15,0.00,0.00,0.000,0.000,-0.529,0.972,0.123,2.17,3.34
light,correction_off,8.20,0.00,0.00,0.000,0.000,-0.526,0.970,0.124,2.21,3.32
light,correction_off,8.25,0.00,0.00,0.000,0.000,-0.520,0.967,0.125,2.24,3.29
light,correction_off,8.30,0.00,0.00,0.000,0.000,-0.516,0.964,0.126,2.28,3.27
light,correction_off,8.35,0.00,0.00,0.000,0.000,-0.511,0.961,0.127,2.31,3.24
light,correction_off,8.40,0.00,0.00,0.000,0.000,-0.508,0.959,0.128,2.34,3.21
light,correction_off,8.45,0.00,0.00,0.000,0.000,-0.504,0.955,0.129,2.36,3.18
light,correction_off,8.50,0.00,0.00,0.000,0.000,-0.501,0.953,0.129,2.38,3.16
light,correction_off,8.55,0.00,0.00,0.000,0.000,-0.498,0.950,0.130,2.40,3.13
light,correction_off,8.60,0.00,0.00,0.000,0.000,-0.497,0.948,0.131,2.41,3.11
light,correction_off,8.65,0.00,0.00,0.000,0.000,-0.494,0.945,0.131,2.41,3.08
light,correction_off,8.70,0.00,0.00,0.000,0.000,-0.493,0.943,0.131,2.41,3.06
light,correction_off,8.75,0.00,0.00,0.000,0.000,-0.492,0.939,0.130,2.40,3.04
light,correction_off,8.80,0.00,0.00,0.000,0.000,-0.491,0.938,0.130,2.39,3.02
light,correction_off,8.85,0.00,0.00,0.000,0.000,-0.490,0.934,0.129,2.38,3.00
light,correction_off,8.90,0.00,0.00,0.000,0.000,-0.490,0.932,0.128,2.36,2.98
light,correction_off,8.95,0.00,0.00,0.000,0.000,-0.490,0.929,0.127,2.34,2.96
light,correction_off,9.00,0.00,0.00,0.000,0.000,-0.490,0.927,0.126,2.32,2.94
light,correction_off,9.05,0.00,0.00,0.000,0.000,-0.490,0.923,0.124,2.30,2.92
light,correction_off,9.10,0.00,0.00,0.000,0.000,-0.490,0.920,0.123,2.29,2.90
light,correction_off,9.15,0.00,0.00,0.000,0.000,-0.491,0.916,0.121,2.27,2.87
light,correction_off,9.20,0.00,0.00,0.000,0.000,-0.491,0.914,0.120,2.25,2.85
light,correction_off,9.25,0.00,0.00,0.000,0.000,-0.492,0.909,0.117,2.24,2.82
light,correction_off,9.30,0.00,0.00,0.000,0.000,-0.494,0.906,0.116,2.22,2.80
light,correction_off,9.35,0.00,0.00,0.000,0.000,-0.496,0.902,0.112,2.21,2.77
light,correction_off,9.40,0.00,0.00,0.000,0.000,-0.497,0.899,0.111,2.19,2.74
light,correction_off,9.45,0.00,0.00,0.000,0.000,-0.499,0.895,0.107,2.17,2.71
light,correction_off,9.50,0.00,0.00,0.000,0.000,-0.501,0.892,0.105,2.16,2.68
light,correction_off,9.55,0.00,0.00,0.000,0.000,-0.505,0.887,0.101,2.13,2.64
light,correction_off,9.60,0.00,0.00,0.000,0.000,-0.507,0.884,0.099,2.11,2.61
light,correction_off,9.65,0.00,0.00,0.000,0.000,-0.510,0.880,0.095,2.08,2.58
light,correction_off,9.70,0.00,0.00,0.000,0.000,-0.513,0.877,0.092,2.05,2.55
light,correction_off,9.75,0.00,0.00,0.000,0.000,-0.517,0.872,0.088,2.02,2.52
light,correction_off,9.80,0.00,0.00,0.000,0.000,-0.519,0.869,0.086,2.00,2.49
light,correction_off,9.85,0.00,0.00,0.000,0.000,-0.524,0.864,0.081,1.97,2.46
light,correction_off,9.90,0.00,0.00,0.000,0.000,-0.527,0.861,0.079,1.94,2.43
light,correction_off,9.95,0.00,0.00,0.000,0.000,-0.533,0.856,0.074,1.91,2.40
light,correction_off,10.00,0.00,0.00,0.000,0.000,-0.536,0.853,0.072,1.89,2.36
light,correction_off,10.05,0.00,0.00,0.000,0.000,-0.542,0.848,0.068,1.86,2.33
light,correction_off,10.10,0.00,0.00,0.000,0.000,-0.546,0.845,0.066,1.83,2.30
light,correction_off,10.15,0.00,0.00,0.000,0.000,-0.552,0.840,0.063,1.79,2.27
light,correction_off,10.20,0.00,0.00,0.000,0.000,-0.555,0.838,0.062,1.76,2.23
light,correction_off,10.25,0.00,0.00,0.000,0.000,-0.561,0.834,0.060,1.73,2.20
light,correction_off,10.30,0.00,0.00,0.000,0.000,-0.565,0.831,0.060,1.70,2.18
light,correction_off,10.35,0.00,0.00,0.000,0.000,-0.570,0.827,0.059,1.67,2.15
light,correction_off,10.40,0.00,0.00,0.000,0.000,-0.573,0.826,0.058,1.65,2.13
light,correction_off,10.45,0.00,0.00,0.000,0.000,-0.579,0.823,0.058,1.63,2.12
light,correction_off,10.50,0.00,0.00,0.000,0.000,-0.583,0.822,0.057,1.60,2.11
light,correction_off,10.55,0.00,0.00,0.000,0.000,-0.589,0.820,0.057,1.58,2.10
light,correction_off,10.60,0.00,0.00,0.000,0.000,-0.592,0.819,0.057,1.56,2.10
light,correction_off,10.65,0.00,0.00,0.000,0.000,-0.597,0.818,0.057,1.54,2.11
light,correction_off,10.70,0.00,0.00,0.000,0.000,-0.601,0.818,0.057,1.52,2.12
light,correction_off,10.75,0.00,0.00,0.000,0.000,-0.607,0.818,0.057,1.49,2.13
light,correction_off,10.80,0.00,0.00,0.000,0.000,-0.609,0.817,0.058,1.47,2.14
light,correction_off,10.85,0.00,0.00,0.000,0.000,-0.615,0.817,0.059,1.44,2.16
light,correction_off,10.90,0.00,0.00,0.000,0.000,-0.619,0.817,0.060,1.42,2.17
light,correction_off,10.95,0.00,0.00,0.000,0.000,-0.625,0.817,0.061,1.39,2.19
light,correction_off,11.00,0.00,0.00,0.000,0.000,-0.628,0.817,0.062,1.37,2.21
light,correction_off,11.05,0.00,0.00,0.000,0.000,-0.634,0.817,0.065,1.35,2.22
light,correction_off,11.10,0.00,0.00,0.000,0.000,-0.638,0.817,0.067,1.32,2.23
light,correction_off,11.15,0.00,0.00,0.000,0.000,-0.644,0.817,0.070,1.30,2.24
light,correction_off,11.20,0.00,0.00,0.000,0.000,-0.647,0.817,0.072,1.27,2.25
light,correction_off,11.25,0.00,0.00,0.000,0.000,-0.653,0.817,0.075,1.25,2.25
light,correction_off,11.30,0.00,0.00,0.000,0.000,-0.656,0.818,0.077,1.23,2.26
light,correction_off,11.35,0.00,0.00,0.000,0.000,-0.661,0.819,0.080,1.20,2.26
light,correction_off,11.40,0.00,0.00,0.000,0.000,-0.663,0.819,0.081,1.18,2.27
light,correction_off,11.45,0.00,0.00,0.000,0.000,-0.667,0.821,0.083,1.17,2.28
light,correction_off,11.50,0.00,0.00,0.000,0.000,-0.669,0.822,0.084,1.15,2.29
light,correction_off,11.55,0.00,0.00,0.000,0.000,-0.673,0.824,0.085,1.14,2.30
light,correction_off,11.60,0.00,0.00,0.000,0.000,-0.674,0.825,0.086,1.14,2.32
light,correction_off,11.65,0.00,0.00,0.000,0.000,-0.677,0.828,0.087,1.13,2.34
light,correction_off,11.70,0.00,0.00,0.000,0.000,-0.679,0.830,0.087,1.13,2.36
light,correction_off,11.75,0.00,0.00,0.000,0.000,-0.681,0.833,0.087,1.13,2.39
light,correction_off,11.80,0.00,0.00,0.000,0.000,-0.682,0.835,0.087,1.13,2.42
light,correction_off,11.85,0.00,0.00,0.000,0.000,-0.684,0.840,0.087,1.13,2.45
light,correction_off,11.90,0.00,0.00,0.000,0.000,-0.686,0.842,0.087,1.13,2.48
light,correction_off,11.95,0.00,0.00,0.000,0.000,-0.687,0.847,0.087,1.13,2.52
light,correction_off,12.00,0.00,0.00,0.000,0.000,-0.688,0.849,0.087,1.13,2.56
light,correction_off,12.05,0.00,0.00,0.000,0.000,-0.689,0.855,0.087,1.13,2.60
light,correction_off,12.10,0.00,0.00,0.000,0.000,-0.690,0.858,0.087,1.12,2.64
light,correction_off,12.15,0.00,0.00,0.000,0.000,-0.691,0.864,0.087,1.12,2.69
light,correction_off,12.20,0.00,0.00,0.000,0.000,-0.691,0.867,0.087,1.12,2.73
light,correction_off,12.25,0.00,0.00,0.000,0.000,-0.692,0.873,0.087,1.12,2.77
light,correction_off,12.30,0.00,0.00,0.000,0.000,-0.692,0.878,0.087,1.12,2.82
light,correction_off,12.35,0.00,0.00,0.000,0.000,-0.692,0.884,0.088,1.12,2.86
light,correction_off,12.40,0.00,0.00,0.000,0.000,-0.692,0.888,0.088,1.11,2.91
light,correction_off,12.45,0.00,0.00,0.000,0.000,-0.692,0.894,0.089,1.11,2.96
light,correction_off,12.50,0.00,0.00,0.000,0.000,-0.692,0.898,0.090,1.11,3.00
light,correction_off,12.55,0.00,0.00,0.000,0.000,-0.691,0.904,0.091,1.11,3.04
light,correction_off,12.60,0.00,0.00,0.000,0.000,-0.691,0.907,0.092,1.11,3.08
light,correction_off,12.65,0.00,0.00,0.000,0.000,-0.690,0.913,0.094,1.11,3.12
light,correction_off,12.70,0.00,0.00,0.000,0.000,-0.690,0.917,0.095,1.12,3.15
light,correction_off,12.75,0.00,0.00,0.000,0.000,-0.689,0.923,0.097,1.12,3.18
light,correction_off,12.80,0.00,0.00,0.000,0.000,-0.688,0.926,0.098,1.13,3.21
light,correction_off,12.85,0.00,0.00,0.000,0.000,-0.687,0.932,0.100,1.14,3.24
light,correction_off,12.90,0.00,0.00,0.000,0.000,-0.687,0.935,0.102,1.14,3.26
light,correction_off,12.95,0.00,0.00,0.000,0.000,-0.686,0.941,0.104,1.15,3.28
light,correction_off,13.00,0.00,0.00,0.000,0.000,-0.686,0.943,0.106,1.15,3.30
light,correction_off,13.05,0.00,0.00,0.000,0.000,-0.685,0.948,0.109,1.16,3.32
light,correction_off,13.10,0.00,0.00,0.000,0.000,-0.684,0.951,0.110,1.16,3.34
light,correction_off,13.15,0.00,0.00,0.000,0.000,-0.684,0.956,0.113,1.16,3.35
light,correction_off,13.20,0.00,0.00,0.000,0.000,-0.683,0.958,0.115,1.17,3.36
light,correction_off,13.25,0.00,0.00,0.000,0.000,-0.682,0.962,0.117,1.17,3.37
light,correction_off,13.30,0.00,0.00,0.000,0.000,-0.681,0.965,0.118,1.17,3.38
light,correction_off,13.35,0.00,0.00,0.000,0.000,-0.680,0.968,0.120,1.17,3.39
light,correction_off,13.40,0.00,0.00,0.000,0.000,-0.679,0.970,0.120,1.18,3.40
light,correction_off,13.45,0.00,0.00,0.000,0.000,-0.676,0.973,0.121,1.18,3.40
light,correction_off,13.50,0.00,0.00,0.000,0.000,-0.674,0.974,0.121,1.20,3.40
light,correction_off,13.55,0.00,0.00,0.000,0.000,-0.671,0.975,0.120,1.21,3.40
light,correction_off,13.60,0.00,0.00,0.000,0.000,-0.669,0.975,0.119,1.24,3.40
light,correction_off,13.65,0.00,0.00,0.000,0.000,-0.664,0.975,0.117,1.27,3.40
light,correction_off,13.70,0.00,0.00,0.000,0.000,-0.661,0.975,0.115,1.30,3.39
light,correction_off,13.75,0.00,0.00,0.000,0.000,-0.656,0.973,0.111,1.34,3.38
light,correction_off,13.80,0.00,0.00,0.000,0.000,-0.653,0.972,0.109,1.39,3.37
light,correction_off,13.85,0.00,0.00,0.000,0.000,-0.647,0.970,0.104,1.44,3.35
light,correction_off,13.90,0.00,0.00,0.000,0.000,-0.643,0.969,0.101,1.50,3.33
light,correction_off,13.95,0.00,0.00,0.000,0.000,-0.636,0.966,0.096,1.57,3.31
light,correction_off,14.00,0.00,0.00,0.000,0.000,-0.633,0.964,0.094,1.63,3.29
light,correction_off,14.05,0.00,0.00,0.000,0.000,-0.627,0.961,0.089,1.70,3.27
light,correction_off,14.10,0.00,0.00,0.000,0.000,-0.622,0.959,0.086,1.76,3.25
light,correction_off,14.15,0.00,0.00,0.000,0.000,-0.616,0.956,0.081,1.82,3.22
light,correction_off,14.20,0.00,0.00,0.000,0.000,-0.613,0.954,0.079,1.88,3.20
light,correction_off,14.25,0.00,0.00,0.000,0.000,-0.607,0.950,0.075,1.94,3.18
light,correction_off,14.30,0.00,0.00,0.000,0.000,-0.603,0.947,0.072,1.99,3.16
light,correction_off,14.35,0.00,0.00,0.000,0.000,-0.597,0.942,0.068,2.04,3.13
light,correction_off,14.40,0.00,0.00,0.000,0.000,-0.594,0.940,0.066,2.07,3.11
light,correction_off,14.45,0.00,0.00,0.000,0.000,-0.588,0.935,0.062,2.12,3.08
light,correction_off,14.50,0.00,0.00,0.000,0.000,-0.584,0.932,0.060,2.15,3.06
light,correction_off,14.55,0.00,0.00,0.000,0.000,-0.578,0.927,0.058,2.18,3.03
light,correction_off,14.60,0.00,0.00,0.000,0.000,-0.575,0.924,0.058,2.21,3.00
light,correction_off,14.65,0.00,0.00,0.000,0.000,-0.569,0.919,0.057,2.24,2.98
light,correction_off,14.70,0.00,0.00,0.000,0.000,-0.565,0.916,0.057,2.26,2.95
light,correction_off,14.75,0.00,0.00,0.000,0.000,-0.559,0.911,0.058,2.29,2.93
light,correction_off,14.80,0.00,0.00,0.000,0.000,-0.556,0.909,0.059,2.32,2.90
light,correction_off,14.85,0.00,0.00,0.000,0.000,-0.551,0.904,0.061,2.34,2.88
light,correction_off,14.90,0.00,0.00,0.000,0.000,-0.547,0.901,0.063,2.37,2.87
light,correction_off,14.95,0.00,0.00,0.000,0.000,-0.542,0.896,0.066,2.39,2.85
light,correction_on,0.00,0.00,0.00,0.000,0.000,-0.600,0.803,0.073,1.13,0.99
light,correction_on,0.05,0.00,0.00,0.000,0.000,-0.602,0.802,0.075,1.11,0.98
light,correction_on,0.10,0.00,0.00,0.000,0.000,-0.604,0.799,0.078,1.08,0.95
light,correction_on,0.15,0.00,0.00,0.000,0.000,-0.605,0.798,0.079,1.07,0.94
light,correction_on,0.20,0.00,0.00,0.000,0.000,-0.608,0.796,0.082,1.05,0.92
light,correction_on,0.25,0.00,0.00,0.000,0.000,-0.609,0.795,0.083,1.03,0.92
light,correction_on,0.30,0.00,0.00,0.000,0.000,-0.611,0.794,0.084,1.01,0.92
light,correction_on,0.35,0.00,0.00,0.000,0.000,-0.612,0.794,0.085,1.00,0.92
light,correction_on,0.40,0.00,0.00,0.000,0.000,-0.614,0.794,0.085,0.98,0.95
light,correction_on,0.45,0.00,0.00,0.000,0.000,-0.615,0.795,0.085,0.97,0.97
light,correction_on,0.50,0.00,0.00,0.000,0.000,-0.616,0.796,0.084,0.95,1.02
light,correction_on,0.55,0.00,0.00,0.000,0.000,-0.617,0.797,0.083,0.94,1.06
light,correction_on,0.60,0.00,0.00,0.000,0.000,-0.618,0.800,0.080,0.92,1.13
light,correction_on,0.65,0.00,0.00,0.000,0.000,-0.618,0.802,0.079,0.92,1.18
light,correction_on,0.70,0.00,0.00,0.000,0.000,-0.618,0.806,0.075,0.91,1.27
light,correction_on,0.75,0.00,0.00,0.000,0.000,-0.618,0.808,0.073,0.91,1.33
light,correction_on,0.80,0.00,0.00,0.000,0.000,-0.618,0.813,0.068,0.90,1.44
light,correction_on,0.85,0.00,0.00,0.000,0.000,-0.618,0.816,0.066,0.90,1.51
light,correction_on,0.90,0.00,0.00,0.000,0.000,-0.617,0.821,0.062,0.90,1.62
light,correction_on,0.95,4.38,3.76,-0.885,-0.760,-0.617,0.823,0.059,0.91,1.69
light,correction_on,1.00,4.39,3.77,-0.888,-0.762,-0.616,0.829,0.053,0.91,1.80
light,correction_on,1.05,4.43,3.80,-0.896,-0.770,-0.616,0.832,0.051,0.98,2.07
light,correction_on,1.10,4.46,3.85,-0.902,-0.779,-0.616,0.837,0.046,1.39,3.15
light,correction_on,1.15,4.46,3.85,-0.904,-0.780,-0.615,0.840,0.044,1.78,4.01
light,correction_on,1.20,4.43,3.81,-0.897,-0.772,-0.616,0.845,0.041,2.38,5.14
light,correction_on,1.25,4.36,3.74,-0.883,-0.758,-0.617,0.846,0.040,2.71,5.72
light,correction_on,1.30,4.25,3.64,-0.859,-0.736,-0.621,0.847,0.042,3.07,6.32
light,correction_on,1.35,4.11,3.52,-0.830,-0.711,-0.623,0.847,0.044,3.21,6.53
light,correction_on,1.40,3.96,3.39,-0.797,-0.682,-0.632,0.844,0.053,3.28,6.63
light,correction_on,1.45,3.80,3.24,-0.763,-0.650,-0.637,0.841,0.058,3.24,6.56
light,correction_on,1.50,3.64,3.07,-0.726,-0.614,-0.648,0.834,0.072,3.09,6.29
light,correction_on,1.55,3.48,2.92,-0.690,-0.580,-0.655,0.829,0.080,2.93,6.01
light,correction_on,1.60,3.30,2.78,-0.650,-0.548,-0.671,0.815,0.101,2.64,5.50
light,correction_on,1.65,3.09,2.63,-0.604,-0.514,-0.679,0.808,0.112,2.43,5.11
light,correction_on,1.70,2.95,2.52,-0.572,-0.489,-0.695,0.793,0.134,2.10,4.48
light,correction_on,1.75,2.85,2.44,-0.549,-0.470,-0.703,0.784,0.145,1.87,4.03
light,correction_on,1.80,2.78,2.37,-0.531,-0.453,-0.721,0.764,0.172,1.54,3.35
light,correction_on,1.85,2.74,2.31,-0.517,-0.436,-0.729,0.755,0.184,1.34,2.91
light,correction_on,1.90,2.71,2.24,-0.507,-0.421,-0.743,0.736,0.208,1.06,2.29
light,correction_on,1.95,2.68,2.19,-0.499,-0.407,-0.751,0.727,0.219,0.91,1.91
light,correction_on,2.00,2.67,2.15,-0.491,-0.395,-0.766,0.706,0.244,0.72,1.40
light,correction_on,2.05,2.66,2.11,-0.485,-0.385,-0.771,0.697,0.255,0.63,1.10
light,correction_on,2.10,2.64,2.08,-0.479,-0.377,-0.782,0.679,0.275,0.55,0.72
light,correction_on,2.15,2.63,2.06,-0.472,-0.369,-0.787,0.671,0.284,0.52,0.51
light,correction_on,2.20,2.61,2.04,-0.466,-0.363,-0.795,0.654,0.302,0.51,0.25
light,correction_on,2.25,2.61,2.02,-0.461,-0.356,-0.799,0.647,0.310,0.53,0.12
light,correction_on,2.30,2.62,1.99,-0.459,-0.349,-0.804,0.635,0.322,0.58,-0.03
light,correction_on,2.35,2.63,1.97,-0.457,-0.343,-0.806,0.630,0.327,0.61,-0.10
light,correction_on,2.40,2.64,1.96,-0.457,-0.339,-0.808,0.622,0.335,0.69,-0.15
light,correction_on,2.45,2.66,1.96,-0.457,-0.336,-0.809,0.619,0.338,0.74,-0.15
light,correction_on,2.50,2.70,1.96,-0.462,-0.336,-0.809,0.614,0.341,0.83,-0.11
light,correction_on,2.55,2.75,1.96,-0.468,-0.333,-0.809,0.613,0.342,0.89,-0.06
light,correction_on,2.60,2.81,1.94,-0.475,-0.329,-0.807,0.612,0.342,0.98,0.05
light,correction_on,2.65,2.88,1.94,-0.484,-0.327,-0.806,0.613,0.341,1.04,0.14
light,correction_on,2.70,2.95,1.98,-0.495,-0.331,-0.804,0.616,0.337,1.14,0.31
light,correction_on,2.75,3.04,2.03,-0.507,-0.339,-0.802,0.618,0.334,1.20,0.43
light,correction_on,2.80,3.11,2.10,-0.518,-0.350,-0.799,0.625,0.326,1.30,0.64
light,correction_on,2.85,3.17,2.18,-0.528,-0.363,-0.797,0.629,0.322,1.36,0.80
light,correction_on,2.90,3.26,2.27,-0.543,-0.378,-0.794,0.638,0.313,1.45,1.05
light,correction_on,2.95,3.38,2.36,-0.562,-0.393,-0.792,0.643,0.308,1.50,1.23
light,correction_on,3.00,3.52,2.45,-0.587,-0.408,-0.789,0.655,0.297,1.56,1.52
light,correction_on,3.05,3.68,2.54,-0.615,-0.425,-0.788,0.661,0.292,1.59,1.72
light,correction_on,3.10,3.87,2.65,-0.648,-0.444,-0.785,0.673,0.282,1.63,2.03
light,correction_on,3.15,4.07,2.76,-0.685,-0.465,-0.785,0.679,0.277,1.65,2.24
light,correction_on,3.20,4.27,2.88,-0.722,-0.488,-0.783,0.693,0.266,1.69,2.55
light,correction_on,3.25,4.44,2.99,-0.757,-0.510,-0.783,0.699,0.262,1.73,2.75
light,correction_on,3.30,4.59,3.09,-0.789,-0.531,-0.783,0.710,0.254,1.78,3.06
light,correction_on,3.35,4.72,3.19,-0.816,-0.552,-0.783,0.716,0.251,1.83,3.26
light,correction_on,3.40,4.81,3.27,-0.839,-0.571,-0.784,0.728,0.244,1.89,3.54
light,correction_on,3.45,4.88,3.34,-0.858,-0.588,-0.785,0.733,0.242,1.93,3.72
light,correction_on,3.50,4.92,3.39,-0.873,-0.602,-0.788,0.742,0.239,1.97,3.95
light,correction_on,3.55,4.94,3.43,-0.883,-0.613,-0.789,0.746,0.238,1.99,4.08
light,correction_on,3.60,4.94,3.45,-0.890,-0.623,-0.793,0.755,0.236,2.00,4.25
light,correction_on,3.65,4.92,3.47,-0.893,-0.630,-0.795,0.758,0.237,1.99,4.33
light,correction_on,3.70,4.88,3.48,-0.893,-0.636,-0.800,0.763,0.239,1.96,4.41
light,correction_on,3.75,4.84,3.49,-0.890,-0.642,-0.804,0.766,0.241,1.93,4.43
light,correction_on,3.80,4.78,3.49,-0.884,-0.646,-0.810,0.769,0.245,1.85,4.42
light,correction_on,3.85,4.72,3.50,-0.877,-0.650,-0.814,0.770,0.248,1.79,4.39
light,correction_on,3.90,4.64,3.51,-0.867,-0.655,-0.821,0.771,0.254,1.68,4.31
light,correction_on,3.95,4.55,3.51,-0.853,-0.658,-0.825,0.771,0.257,1.59,4.24
light,correction_on,4.00,4.43,3.51,-0.833,-0.659,-0.834,0.771,0.266,1.46,4.10
light,correction_on,4.05,4.29,3.49,-0.808,-0.657,-0.838,0.770,0.269,1.36,4.00
light,correction_on,4.10,4.13,3.44,-0.779,-0.649,-0.845,0.768,0.277,1.21,3.83
light,correction_on,4.15,3.95,3.37,-0.746,-0.635,-0.849,0.767,0.281,1.11,3.70
light,correction_on,4.20,3.77,3.27,-0.710,-0.616,-0.857,0.764,0.289,0.95,3.51
light,correction_on,4.25,3.57,3.15,-0.672,-0.592,-0.860,0.762,0.293,0.84,3.36
light,correction_on,4.30,3.37,3.01,-0.632,-0.565,-0.865,0.759,0.299,0.67,3.12
light,correction_on,4.35,3.17,2.87,-0.593,-0.536,-0.867,0.757,0.301,0.57,2.95
light,correction_on,4.40,2.99,2.73,-0.556,-0.506,-0.870,0.753,0.306,0.41,2.67
light,correction_on,4.45,2.82,2.58,-0.521,-0.477,-0.871,0.752,0.307,0.32,2.48
light,correction_on,4.50,2.68,2.45,-0.491,-0.449,-0.872,0.749,0.309,0.20,2.19
light,correction_on,4.55,2.55,2.33,-0.464,-0.424,-0.871,0.748,0.309,0.14,2.00
light,correction_on,4.60,2.46,2.22,-0.443,-0.400,-0.869,0.747,0.307,0.06,1.73
light,correction_on,4.65,2.39,2.12,-0.428,-0.379,-0.867,0.747,0.305,0.03,1.57
light,correction_on,4.70,2.36,2.03,-0.417,-0.360,-0.862,0.747,0.301,0.02,1.36
light,correction_on,4.75,2.35,1.95,-0.412,-0.342,-0.859,0.748,0.298,0.03,1.25
light,correction_on,4.80,2.39,1.88,-0.415,-0.327,-0.850,0.751,0.289,0.08,1.13
light,correction_on,4.85,2.47,1.83,-0.426,-0.316,-0.845,0.752,0.284,0.14,1.08
light,correction_on,4.90,2.60,1.80,-0.445,-0.309,-0.835,0.757,0.273,0.25,1.05
light,correction_on,4.95,2.77,1.79,-0.472,-0.304,-0.830,0.760,0.266,0.36,1.06
light,correction_on,5.00,2.99,1.79,-0.506,-0.303,-0.816,0.768,0.250,0.54,1.14
light,correction_on,5.05,3.23,1.81,-0.546,-0.306,-0.809,0.772,0.243,0.68,1.22
light,correction_on,5.10,3.49,1.83,-0.588,-0.309,-0.796,0.781,0.227,0.93,1.39
light,correction_on,5.15,3.72,1.85,-0.628,-0.312,-0.789,0.786,0.218,1.11,1.54
light,correction_on,5.20,3.95,1.87,-0.666,-0.315,-0.773,0.799,0.199,1.40,1.80
light,correction_on,5.25,4.15,1.88,-0.702,-0.318,-0.766,0.805,0.190,1.61,2.00
light,correction_on,5.30,4.33,1.89,-0.734,-0.321,-0.753,0.817,0.173,1.92,2.32
light,correction_on,5.35,4.48,1.91,-0.762,-0.324,-0.747,0.824,0.165,2.12,2.54
light,correction_on,5.40,4.59,1.93,-0.785,-0.330,-0.734,0.839,0.148,2.41,2.86
light,correction_on,5.45,4.68,1.96,-0.803,-0.336,-0.728,0.846,0.142,2.57,3.07
light,correction_on,5.50,4.74,1.99,-0.817,-0.344,-0.719,0.859,0.131,2.79,3.37
light,correction_on,5.55,4.77,2.03,-0.827,-0.353,-0.716,0.866,0.126,2.90,3.56
light,correction_on,5.60,4.79,2.09,-0.834,-0.364,-0.709,0.882,0.119,3.01,3.81
light,correction_on,5.65,4.79,2.14,-0.838,-0.375,-0.707,0.888,0.117,3.04,3.96
light,correction_on,5.70,4.78,2.20,-0.839,-0.387,-0.704,0.900,0.116,3.04,4.16
light,correction_on,5.75,4.75,2.27,-0.838,-0.400,-0.703,0.906,0.117,3.01,4.27
light,correction_on,5.80,4.70,2.33,-0.833,-0.413,-0.703,0.918,0.120,2.91,4.41
light,correction_on,5.85,4.65,2.40,-0.826,-0.427,-0.703,0.922,0.122,2.82,4.48
light,correction_on,5.90,4.58,2.48,-0.816,-0.442,-0.704,0.930,0.127,2.65,4.57
light,correction_on,5.95,4.50,2.55,-0.806,-0.456,-0.705,0.934,0.129,2.52,4.60
light,correction_on,6.00,4.41,2.62,-0.792,-0.470,-0.708,0.940,0.134,2.30,4.63
light,correction_on,6.05,4.31,2.68,-0.774,-0.481,-0.709,0.941,0.136,2.15,4.63
light,correction_on,6.10,4.19,2.71,-0.755,-0.488,-0.711,0.943,0.138,1.92,4.61
light,correction_on,6.15,4.07,2.72,-0.733,-0.490,-0.712,0.943,0.139,1.78,4.57
light,correction_on,6.20,3.95,2.70,-0.712,-0.487,-0.714,0.942,0.140,1.57,4.50
light,correction_on,6.25,3.84,2.66,-0.691,-0.478,-0.715,0.941,0.141,1.44,4.43
light,correction_on,6.30,3.72,2.59,-0.670,-0.466,-0.716,0.937,0.140,1.26,4.29
light,correction_on,6.35,3.61,2.53,-0.649,-0.454,-0.716,0.934,0.139,1.15,4.18
light,correction_on,6.40,3.50,2.47,-0.627,-0.443,-0.716,0.927,0.136,1.03,3.98
light,correction_on,6.45,3.38,2.41,-0.603,-0.430,-0.716,0.924,0.135,0.96,3.83
light,correction_on,6.50,3.24,2.34,-0.577,-0.416,-0.714,0.916,0.130,0.89,3.59
light,correction_on,6.55,3.10,2.26,-0.550,-0.401,-0.713,0.912,0.128,0.86,3.42
light,correction_on,6.60,2.97,2.18,-0.524,-0.384,-0.709,0.902,0.122,0.84,3.16
light,correction_on,6.65,2.85,2.09,-0.499,-0.366,-0.707,0.898,0.119,0.84,2.99
light,correction_on,6.70,2.74,2.00,-0.477,-0.348,-0.702,0.889,0.113,0.85,2.74
light,correction_on,6.75,2.64,1.91,-0.457,-0.330,-0.699,0.884,0.109,0.87,2.58
light,correction_on,6.80,2.56,1.82,-0.440,-0.312,-0.692,0.874,0.102,0.91,2.34
light,correction_on,6.85,2.51,1.74,-0.427,-0.296,-0.688,0.870,0.098,0.94,2.20
light,correction_on,6.90,2.48,1.66,-0.419,-0.280,-0.680,0.861,0.091,1.01,1.99
light,correction_on,6.95,2.47,1.58,-0.413,-0.265,-0.676,0.857,0.088,1.06,1.87
light,correction_on,7.00,2.48,1.51,-0.413,-0.251,-0.666,0.850,0.080,1.15,1.72
light,correction_on,7.05,2.53,1.44,-0.417,-0.238,-0.661,0.846,0.076,1.23,1.63
light,correction_on,7.10,2.60,1.37,-0.426,-0.225,-0.650,0.841,0.069,1.35,1.54
light,correction_on,7.15,2.69,1.31,-0.439,-0.213,-0.644,0.839,0.066,1.45,1.50
light,correction_on,7.20,2.81,1.25,-0.455,-0.203,-0.631,0.835,0.058,1.61,1.47
light,correction_on,7.25,2.94,1.19,-0.474,-0.192,-0.625,0.834,0.055,1.73,1.47
light,correction_on,7.30,3.08,1.14,-0.495,-0.183,-0.613,0.833,0.049,1.92,1.50
light,correction_on,7.35,3.23,1.08,-0.518,-0.173,-0.608,0.833,0.047,2.06,1.54
light,correction_on,7.40,3.39,1.03,-0.543,-0.165,-0.595,0.834,0.042,2.27,1.62
light,correction_on,7.45,3.56,0.99,-0.569,-0.158,-0.589,0.835,0.041,2.41,1.70
light,correction_on,7.50,3.73,0.95,-0.596,-0.153,-0.579,0.838,0.040,2.62,1.83
light,correction_on,7.55,3.89,0.94,-0.624,-0.151,-0.574,0.840,0.040,2.76,1.92
light,correction_on,7.60,4.06,0.97,-0.652,-0.155,-0.564,0.845,0.041,2.95,2.08
light,correction_on,7.65,4.22,1.02,-0.679,-0.164,-0.560,0.847,0.041,3.07,2.19
light,correction_on,7.70,4.37,1.09,-0.706,-0.177,-0.554,0.853,0.043,3.23,2.37
light,correction_on,7.75,4.51,1.19,-0.733,-0.193,-0.552,0.856,0.043,3.32,2.49
light,correction_on,7.80,4.64,1.31,-0.758,-0.214,-0.548,0.863,0.043,3.43,2.69
light,correction_on,7.85,4.74,1.44,-0.780,-0.237,-0.548,0.866,0.043,3.47,2.83
light,correction_on,7.90,4.82,1.59,-0.798,-0.263,-0.548,0.874,0.042,3.51,3.04
light,correction_on,7.95,4.89,1.74,-0.814,-0.290,-0.549,0.877,0.041,3.50,3.18
light,correction_on,8.00,4.93,1.89,-0.828,-0.316,-0.554,0.885,0.037,3.46,3.39
light,correction_on,8.05,4.96,2.03,-0.839,-0.343,-0.557,0.889,0.036,3.40,3.53
light,correction_on,8.10,4.97,2.16,-0.846,-0.368,-0.564,0.895,0.032,3.28,3.74
light,correction_on,8.15,4.96,2.29,-0.850,-0.392,-0.568,0.898,0.031,3.17,3.86
light,correction_on,8.20,4.93,2.41,-0.851,-0.416,-0.579,0.903,0.029,2.98,4.03
light,correction_on,8.25,4.88,2.52,-0.848,-0.438,-0.585,0.904,0.029,2.84,4.12
light,correction_on,8.30,4.81,2.63,-0.841,-0.460,-0.597,0.907,0.032,2.61,4.22
light,correction_on,8.35,4.71,2.72,-0.829,-0.479,-0.603,0.908,0.035,2.44,4.27
light,correction_on,8.40,4.59,2.80,-0.811,-0.494,-0.617,0.908,0.042,2.18,4.31
light,correction_on,8.45,4.44,2.87,-0.787,-0.509,-0.624,0.907,0.046,2.00,4.31
light,correction_on,8.50,4.26,2.93,-0.759,-0.521,-0.638,0.904,0.056,1.74,4.27
light,correction_on,8.55,4.07,2.99,-0.727,-0.533,-0.644,0.902,0.061,1.56,4.22
light,correction_on,8.60,3.86,3.04,-0.690,-0.543,-0.660,0.896,0.073,1.28,4.11
light,correction_on,8.65,3.64,3.08,-0.652,-0.550,-0.666,0.893,0.078,1.11,4.01
light,correction_on,8.70,3.44,3.09,-0.614,-0.553,-0.678,0.885,0.089,0.84,3.84
light,correction_on,8.75,3.24,3.09,-0.579,-0.552,-0.684,0.880,0.094,0.66,3.70
light,correction_on,8.80,3.07,3.06,-0.546,-0.545,-0.696,0.869,0.106,0.41,3.47
light,correction_on,8.85,2.91,3.00,-0.517,-0.532,-0.700,0.864,0.111,0.25,3.30
light,correction_on,8.90,2.77,2.91,-0.491,-0.515,-0.708,0.852,0.120,0.04,3.04
light,correction_on,8.95,2.65,2.80,-0.467,-0.494,-0.711,0.846,0.125,-0.07,2.85
light,correction_on,9.00,2.54,2.70,-0.446,-0.474,-0.717,0.832,0.135,-0.20,2.57
light,correction_on,9.05,2.45,2.61,-0.428,-0.455,-0.719,0.826,0.138,-0.25,2.38
light,correction_on,9.10,2.38,2.51,-0.413,-0.436,-0.721,0.813,0.146,-0.28,2.09
light,correction_on,9.15,2.31,2.42,-0.398,-0.418,-0.722,0.807,0.149,-0.26,1.89
light,correction_on,9.20,2.25,2.33,-0.385,-0.398,-0.721,0.794,0.154,-0.20,1.62
light,correction_on,9.25,2.21,2.23,-0.375,-0.378,-0.719,0.789,0.156,-0.13,1.46
light,correction_on,9.30,2.19,2.12,-0.369,-0.358,-0.715,0.780,0.158,0.01,1.24
light,correction_on,9.35,2.19,2.01,-0.367,-0.337,-0.712,0.775,0.158,0.12,1.12
light,correction_on,9.40,2.21,1.91,-0.368,-0.317,-0.704,0.767,0.158,0.30,0.97
light,correction_on,9.45,2.26,1.80,-0.372,-0.297,-0.700,0.764,0.157,0.44,0.90
light,correction_on,9.50,2.33,1.70,-0.381,-0.278,-0.691,0.760,0.153,0.66,0.82
light,correction_on,9.55,2.44,1.60,-0.397,-0.261,-0.686,0.759,0.151,0.81,0.80
light,correction_on,9.60,2.59,1.52,-0.418,-0.245,-0.674,0.758,0.145,1.05,0.80
light,correction_on,9.65,2.75,1.44,-0.443,-0.232,-0.669,0.759,0.141,1.21,0.82
light,correction_on,9.70,2.94,1.37,-0.472,-0.220,-0.658,0.761,0.133,1.46,0.90
light,correction_on,9.75,3.16,1.32,-0.505,-0.210,-0.652,0.763,0.129,1.63,0.97
light,correction_on,9.80,3.39,1.29,-0.542,-0.206,-0.640,0.769,0.118,1.89,1.11
light,correction_on,9.85,3.62,1.29,-0.578,-0.206,-0.635,0.773,0.112,2.05,1.23
light,correction_on,9.90,3.83,1.32,-0.614,-0.211,-0.625,0.781,0.101,2.31,1.44
light,correction_on,9.95,4.04,1.37,-0.649,-0.220,-0.621,0.786,0.095,2.47,1.59
light,correction_on,10.00,4.21,1.44,-0.679,-0.231,-0.612,0.798,0.081,2.70,1.85
light,correction_on,10.05,4.35,1.52,-0.705,-0.246,-0.608,0.803,0.075,2.83,2.04
light,correction_on,10.10,4.47,1.62,-0.728,-0.264,-0.602,0.815,0.062,3.01,2.34
light,correction_on,10.15,4.57,1.73,-0.748,-0.283,-0.599,0.821,0.056,3.10,2.54
light,correction_on,10.20,4.64,1.83,-0.765,-0.302,-0.595,0.835,0.042,3.19,2.85
light,correction_on,10.25,4.70,1.93,-0.780,-0.320,-0.594,0.841,0.035,3.23,3.05
light,correction_on,10.30,4.74,2.02,-0.791,-0.337,-0.594,0.853,0.023,3.23,3.35
light,correction_on,10.35,4.76,2.11,-0.800,-0.355,-0.594,0.858,0.018,3.20,3.53
light,correction_on,10.40,4.77,2.21,-0.807,-0.374,-0.597,0.871,0.008,3.12,3.78
light,correction_on,10.45,4.76,2.31,-0.810,-0.393,-0.598,0.876,0.008,3.04,3.93
light,correction_on,10.50,4.73,2.41,-0.811,-0.412,-0.603,0.886,0.016,2.89,4.12
light,correction_on,10.55,4.70,2.50,-0.810,-0.431,-0.606,0.890,0.021,2.77,4.23
light,correction_on,10.60,4.65,2.60,-0.806,-0.450,-0.613,0.898,0.032,2.57,4.36
light,correction_on,10.65,4.59,2.69,-0.800,-0.469,-0.617,0.901,0.037,2.43,4.42
light,correction_on,10.70,4.52,2.78,-0.791,-0.487,-0.624,0.906,0.046,2.21,4.48
light,correction_on,10.75,4.43,2.87,-0.779,-0.504,-0.629,0.908,0.050,2.06,4.50
light,correction_on,10.80,4.33,2.93,-0.764,-0.518,-0.639,0.910,0.060,1.83,4.50
light,correction_on,10.85,4.22,2.99,-0.748,-0.530,-0.644,0.911,0.065,1.68,4.48
light,correction_on,10.90,4.11,3.03,-0.730,-0.539,-0.654,0.910,0.073,1.45,4.42
light,correction_on,10.95,3.98,3.07,-0.708,-0.547,-0.659,0.909,0.076,1.31,4.36
light,correction_on,11.00,3.83,3.11,-0.684,-0.554,-0.669,0.906,0.085,1.09,4.25
light,correction_on,11.05,3.69,3.13,-0.659,-0.560,-0.673,0.904,0.088,0.96,4.16
light,correction_on,11.10,3.53,3.12,-0.630,-0.557,-0.681,0.899,0.094,0.77,4.00
light,correction_on,11.15,3.36,3.07,-0.599,-0.547,-0.684,0.895,0.096,0.65,3.88
light,correction_on,11.20,3.17,2.97,-0.565,-0.530,-0.690,0.887,0.101,0.50,3.69
light,correction_on,11.25,2.99,2.86,-0.531,-0.508,-0.693,0.883,0.103,0.41,3.55
light,correction_on,11.30,2.80,2.72,-0.496,-0.482,-0.696,0.874,0.106,0.29,3.31
light,correction_on,11.35,2.63,2.59,-0.463,-0.457,-0.698,0.870,0.108,0.23,3.13
light,correction_on,11.40,2.48,2.47,-0.434,-0.432,-0.699,0.858,0.111,0.16,2.85
light,correction_on,11.45,2.35,2.35,-0.409,-0.408,-0.700,0.853,0.112,0.14,2.64
light,correction_on,11.50,2.25,2.23,-0.388,-0.385,-0.698,0.843,0.113,0.12,2.34
light,correction_on,11.55,2.16,2.12,-0.370,-0.362,-0.697,0.839,0.114,0.13,2.14
light,correction_on,11.60,2.10,2.00,-0.357,-0.339,-0.693,0.828,0.113,0.17,1.85
light,correction_on,11.65,2.06,1.89,-0.347,-0.318,-0.690,0.824,0.113,0.21,1.67
light,correction_on,11.70,2.05,1.78,-0.341,-0.297,-0.683,0.816,0.111,0.31,1.43
light,correction_on,11.75,2.06,1.68,-0.340,-0.277,-0.679,0.813,0.109,0.39,1.29
light,correction_on,11.80,2.11,1.59,-0.346,-0.260,-0.669,0.807,0.105,0.54,1.13
light,correction_on,11.85,2.20,1.51,-0.357,-0.245,-0.664,0.805,0.103,0.66,1.05
light,correction_on,11.90,2.32,1.44,-0.374,-0.233,-0.653,0.802,0.097,0.86,0.98
light,correction_on,11.95,2.48,1.38,-0.398,-0.221,-0.648,0.802,0.094,1.00,0.96
light,correction_on,12.00,2.67,1.33,-0.426,-0.212,-0.635,0.802,0.086,1.24,0.99
light,correction_on,12.05,2.87,1.28,-0.456,-0.203,-0.629,0.803,0.083,1.41,1.03
light,correction_on,12.10,3.09,1.23,-0.490,-0.195,-0.618,0.807,0.075,1.67,1.14
light,correction_on,12.15,3.32,1.19,-0.525,-0.188,-0.612,0.809,0.070,1.85,1.24
light,correction_on,12.20,3.55,1.17,-0.561,-0.185,-0.600,0.816,0.060,2.11,1.42
light,correction_on,12.25,3.78,1.18,-0.598,-0.187,-0.595,0.820,0.056,2.29,1.56
light,correction_on,12.30,3.99,1.21,-0.633,-0.192,-0.585,0.828,0.048,2.54,1.80
light,correction_on,12.35,4.17,1.25,-0.665,-0.199,-0.581,0.833,0.044,2.70,1.97
light,correction_on,12.40,4.32,1.32,-0.693,-0.211,-0.571,0.844,0.037,2.92,2.23
light,correction_on,12.45,4.45,1.40,-0.716,-0.225,-0.568,0.849,0.035,3.05,2.42
light,correction_on,12.50,4.55,1.50,-0.737,-0.243,-0.561,0.860,0.033,3.21,2.70
light,correction_on,12.55,4.62,1.61,-0.754,-0.263,-0.559,0.865,0.033,3.29,2.89
light,correction_on,12.60,4.68,1.73,-0.768,-0.284,-0.555,0.877,0.035,3.37,3.17
light,correction_on,12.65,4.72,1.84,-0.780,-0.304,-0.554,0.882,0.037,3.39,3.35
light,correction_on,12.70,4.75,1.95,-0.790,-0.324,-0.553,0.892,0.040,3.37,3.60
light,correction_on,12.75,4.77,2.05,-0.798,-0.344,-0.554,0.896,0.042,3.32,3.76
light,correction_on,12.80,4.77,2.16,-0.804,-0.364,-0.556,0.905,0.045,3.22,3.98
light,correction_on,12.85,4.76,2.26,-0.807,-0.383,-0.558,0.909,0.046,3.13,4.10
light,correction_on,12.90,4.73,2.35,-0.807,-0.401,-0.562,0.914,0.048,2.97,4.25
light,correction_on,12.95,4.70,2.44,-0.806,-0.419,-0.564,0.916,0.048,2.86,4.33
light,correction_on,13.00,4.64,2.53,-0.802,-0.436,-0.571,0.920,0.048,2.67,4.41
light,correction_on,13.05,4.57,2.60,-0.793,-0.452,-0.575,0.921,0.048,2.53,4.44
light,correction_on,13.10,4.48,2.68,-0.781,-0.467,-0.582,0.922,0.047,2.33,4.45
light,correction_on,13.15,4.38,2.74,-0.767,-0.480,-0.586,0.921,0.046,2.19,4.44
light,correction_on,13.20,4.27,2.80,-0.751,-0.491,-0.596,0.920,0.045,1.98,4.39
light,correction_on,13.25,4.16,2.85,-0.732,-0.501,-0.600,0.919,0.044,1.84,4.34
light,correction_on,13.30,4.02,2.89,-0.711,-0.511,-0.608,0.915,0.044,1.64,4.24
light,correction_on,13.35,3.87,2.92,-0.684,-0.517,-0.612,0.913,0.044,1.50,4.15
light,correction_on,13.40,3.69,2.91,-0.653,-0.515,-0.622,0.908,0.045,1.31,4.01
light,correction_on,13.45,3.49,2.86,-0.618,-0.506,-0.626,0.905,0.046,1.19,3.90
light,correction_on,13.50,3.29,2.79,-0.580,-0.493,-0.633,0.898,0.049,1.01,3.73
light,correction_on,13.55,3.07,2.70,-0.541,-0.475,-0.637,0.895,0.051,0.89,3.59
light,correction_on,13.60,2.87,2.59,-0.503,-0.455,-0.645,0.886,0.056,0.72,3.36
light,correction_on,13.65,2.68,2.48,-0.468,-0.433,-0.648,0.882,0.058,0.61,3.19
light,correction_on,13.70,2.52,2.38,-0.437,-0.413,-0.653,0.874,0.063,0.46,2.92
light,correction_on,13.75,2.37,2.29,-0.409,-0.395,-0.655,0.870,0.065,0.38,2.72
light,correction_on,13.80,2.25,2.21,-0.386,-0.378,-0.658,0.861,0.070,0.26,2.43
light,correction_on,13.85,2.16,2.13,-0.366,-0.362,-0.659,0.857,0.072,0.21,2.24
light,correction_on,13.90,2.08,2.05,-0.350,-0.345,-0.659,0.849,0.074,0.15,1.97
light,correction_on,13.95,2.02,1.97,-0.338,-0.329,-0.658,0.846,0.075,0.14,1.80
light,correction_on,14.00,1.99,1.90,-0.330,-0.314,-0.655,0.838,0.075,0.15,1.59
light,correction_on,14.05,1.98,1.82,-0.325,-0.299,-0.653,0.836,0.075,0.19,1.47
light,correction_on,14.10,1.99,1.75,-0.324,-0.285,-0.648,0.831,0.073,0.27,1.33
light,correction_on,14.15,2.02,1.67,-0.326,-0.270,-0.645,0.829,0.072,0.35,1.26
light,correction_on,14.20,2.07,1.60,-0.332,-0.257,-0.636,0.826,0.068,0.50,1.20
light,correction_on,14.25,2.17,1.54,-0.345,-0.245,-0.632,0.825,0.066,0.62,1.18
light,correction_on,14.30,2.31,1.49,-0.365,-0.235,-0.622,0.824,0.061,0.81,1.19
light,correction_on,14.35,2.48,1.45,-0.391,-0.228,-0.617,0.825,0.058,0.96,1.22
light,correction_on,14.40,2.68,1.42,-0.420,-0.222,-0.606,0.826,0.052,1.19,1.29
light,correction_on,14.45,2.90,1.40,-0.452,-0.218,-0.600,0.827,0.050,1.35,1.37
light,correction_on,14.50,3.13,1.38,-0.488,-0.215,-0.590,0.830,0.046,1.61,1.51
light,correction_on,14.55,3.38,1.37,-0.527,-0.214,-0.585,0.832,0.044,1.79,1.62
light,correction_on,14.60,3.63,1.38,-0.566,-0.216,-0.574,0.837,0.042,2.06,1.81
light,correction_on,14.65,3.85,1.40,-0.603,-0.220,-0.569,0.840,0.041,2.24,1.95
light,correction_on,14.70,4.05,1.44,-0.638,-0.226,-0.561,0.847,0.041,2.51,2.17
light,correction_on,14.75,4.24,1.49,-0.670,-0.236,-0.558,0.851,0.041,2.68,2.32
light,correction_on,14.80,4.38,1.55,-0.697,-0.247,-0.551,0.860,0.042,2.91,2.57
light,correction_on,14.85,4.50,1.62,-0.721,-0.260,-0.549,0.864,0.043,3.04,2.73
light,correction_on,14.90,4.59,1.71,-0.740,-0.275,-0.545,0.873,0.045,3.20,2.98
light,correction_on,14.95,4.66,1.80,-0.757,-0.293,-0.544,0.878,0.046,3.27,3.15
default,correction_off,0.00,0.00,0.00,0.000,0.000,-0.572,0.961,0.079,0.64,1.99
default,correction_off,0.05,0.00,0.00,0.000,0.000,-0.569,0.965,0.083,0.66,2.00
default,correction_off,0.10,0.00,0.00,0.000,0.000,-0.567,0.967,0.085,0.68,2.00
default,correction_off,0.15,0.00,0.00,0.000,0.000,-0.565,0.969,0.088,0.70,1.99
default,correction_off,0.20,0.00,0.00,0.000,0.000,-0.563,0.971,0.090,0.73,1.99
default,correction_off,0.25,0.00,0.00,0.000,0.000,-0.560,0.973,0.093,0.75,1.98
default,correction_off,0.30,0.00,0.00,0.000,0.000,-0.558,0.975,0.095,0.78,2.00
default,correction_off,0.35,0.00,0.00,0.000,0.000,-0.554,0.977,0.099,0.81,2.02
default,correction_off,0.40,0.00,0.00,0.000,0.000,-0.552,0.979,0.101,0.84,2.05
default,correction_off,0.45,0.00,0.00,0.000,0.000,-0.547,0.983,0.106,0.87,2.10
default,correction_off,0.50,0.00,0.00,0.000,0.000,-0.544,0.985,0.109,0.90,2.17
default,correction_off,0.55,0.00,0.00,0.000,0.000,-0.539,0.990,0.115,0.94,2.24
default,correction_off,0.60,0.00,0.00,0.000,0.000,-0.536,0.992,0.119,0.97,2.34
default,correction_off,0.65,0.00,0.00,0.000,0.000,-0.529,0.998,0.127,1.01,2.44
default,correction_off,0.70,0.00,0.00,0.000,0.000,-0.526,1.001,0.131,1.05,2.56
default,correction_off,0.75,0.00,0.00,0.000,0.000,-0.519,1.008,0.140,1.10,2.68
default,correction_off,0.80,0.00,0.00,0.000,0.000,-0.516,1.011,0.144,1.14,2.82
default,correction_off,0.85,0.00,0.00,0.000,0.000,-0.509,1.019,0.155,1.18,2.95
default,correction_off,0.90,0.00,0.00,0.000,0.000,-0.505,1.023,0.160,1.22,3.10
default,correction_off,0.95,0.00,0.00,0.000,0.000,-0.498,1.030,0.170,1.26,3.24
default,correction_off,1.00,0.00,0.00,0.000,0.000,-0.494,1.035,0.176,1.30,3.39
default,correction_off,1.05,0.00,0.00,0.000,0.000,-0.485,1.044,0.189,1.34,3.53
default,correction_off,1.10,0.00,0.00,0.000,0.000,-0.481,1.049,0.195,1.39,3.69
default,correction_off,1.15,0.00,0.00,0.000,0.000,-0.473,1.058,0.207,1.43,3.84
default,correction_off,1.20,0.00,0.00,0.000,0.000,-0.469,1.063,0.213,1.47,3.99
default,correction_off,1.25,0.00,0.00,0.000,0.000,-0.460,1.072,0.226,1.51,4.14
default,correction_off,1.30,0.00,0.00,0.000,0.000,-0.457,1.077,0.231,1.56,4.29
default,correction_off,1.35,0.00,0.00,0.000,0.000,-0.449,1.085,0.242,1.60,4.42
default,correction_off,1.40,0.00,0.00,0.000,0.000,-0.446,1.088,0.247,1.64,4.55
default,correction_off,1.45,0.00,0.00,0.000,0.000,-0.438,1.096,0.258,1.68,4.66
default,correction_off,1.50,0.00,0.00,0.000,0.000,-0.434,1.099,0.262,1.72,4.77
default,correction_off,1.55,0.00,0.00,0.000,0.000,-0.427,1.104,0.271,1.76,4.86
default,correction_off,1.60,0.00,0.00,0.000,0.000,-0.424,1.107,0.275,1.80,4.95
default,correction_off,1.65,0.00,0.00,0.000,0.000,-0.416,1.111,0.283,1.85,5.02
default,correction_off,1.70,0.00,0.00,0.000,0.000,-0.412,1.112,0.286,1.89,5.09
default,correction_off,1.75,0.00,0.00,0.000,0.000,-0.405,1.115,0.293,1.94,5.13
default,correction_off,1.80,0.00,0.00,0.000,0.000,-0.402,1.117,0.296,1.99,5.18
default,correction_off,1.85,0.00,0.00,0.000,0.000,-0.393,1.119,0.303,2.04,5.21
default,correction_off,1.90,0.00,0.00,0.000,0.000,-0.389,1.120,0.306,2.10,5.24
default,correction_off,1.95,0.00,0.00,0.000,0.000,-0.381,1.121,0.312,2.16,5.27
default,correction_off,2.00,0.00,0.00,0.000,0.000,-0.377,1.122,0.315,2.22,5.30
default,correction_off,2.05,0.00,0.00,0.000,0.000,-0.368,1.122,0.322,2.28,5.32
default,correction_off,2.10,0.00,0.00,0.000,0.000,-0.365,1.123,0.324,2.35,5.34
default,correction_off,2.15,0.00,0.00,0.000,0.000,-0.357,1.123,0.329,2.41,5.35
default,correction_off,2.20,0.00,0.00,0.000,0.000,-0.354,1.122,0.331,2.47,5.36
default,correction_off,2.25,0.00,0.00,0.000,0.000,-0.347,1.122,0.336,2.53,5.37
default,correction_off,2.30,0.00,0.00,0.000,0.000,-0.344,1.122,0.338,2.58,5.38
default,correction_off,2.35,0.00,0.00,0.000,0.000,-0.338,1.121,0.342,2.64,5.38
default,correction_off,2.40,0.00,0.00,0.000,0.000,-0.335,1.120,0.343,2.69,5.39
default,correction_off,2.45,0.00,0.00,0.000,0.000,-0.329,1.118,0.347,2.73,5.39
default,correction_off,2.50,0.00,0.00,0.000,0.000,-0.326,1.118,0.348,2.77,5.39
default,correction_off,2.55,0.00,0.00,0.000,0.000,-0.321,1.115,0.350,2.80,5.39
default,correction_off,2.60,0.00,0.00,0.000,0.000,-0.319,1.114,0.351,2.84,5.38
default,correction_off,2.65,0.00,0.00,0.000,0.000,-0.314,1.111,0.353,2.87,5.37
default,correction_off,2.70,0.00,0.00,0.000,0.000,-0.312,1.110,0.353,2.90,5.36
default,correction_off,2.75,0.00,0.00,0.000,0.000,-0.309,1.107,0.354,2.92,5.35
default,correction_off,2.80,0.00,0.00,0.000,0.000,-0.307,1.106,0.355,2.95,5.33
default,correction_off,2.85,0.00,0.00,0.000,0.000,-0.304,1.102,0.355,2.96,5.32
default,correction_off,2.90,0.00,0.00,0.000,0.000,-0.303,1.101,0.355,2.98,5.30
default,correction_off,2.95,0.00,0.00,0.000,0.000,-0.300,1.097,0.355,2.99,5.29
default,correction_off,3.00,0.00,0.00,0.000,0.000,-0.300,1.095,0.354,3.01,5.27
default,correction_off,3.05,0.00,0.00,0.000,0.000,-0.298,1.090,0.352,3.01,5.25
default,correction_off,3.10,0.00,0.00,0.000,0.000,-0.298,1.087,0.351,3.02,5.23
default,correction_off,3.15,0.00,0.00,0.000,0.000,-0.297,1.082,0.348,3.03,5.21
default,correction_off,3.20,0.00,0.00,0.000,0.000,-0.298,1.079,0.346,3.03,5.17
default,correction_off,3.25,0.00,0.00,0.000,0.000,-0.298,1.072,0.342,3.04,5.14
default,correction_off,3.30,0.00,0.00,0.000,0.000,-0.299,1.069,0.340,3.04,5.10
default,correction_off,3.35,0.00,0.00,0.000,0.000,-0.300,1.062,0.336,3.04,5.06
default,correction_off,3.40,0.00,0.00,0.000,0.000,-0.300,1.059,0.333,3.04,5.02
default,correction_off,3.45,0.00,0.00,0.000,0.000,-0.302,1.051,0.328,3.04,4.98
default,correction_off,3.50,0.00,0.00,0.000,0.000,-0.303,1.048,0.325,3.03,4.93
default,correction_off,3.55,0.00,0.00,0.000,0.000,-0.304,1.040,0.320,3.03,4.89
default,correction_off,3.60,0.00,0.00,0.000,0.000,-0.305,1.036,0.317,3.03,4.85
default,correction_off,3.65,0.00,0.00,0.000,0.000,-0.308,1.027,0.311,3.03,4.81
default,correction_off,3.70,0.00,0.00,0.000,0.000,-0.309,1.023,0.309,3.03,4.76
default,correction_off,3.75,0.00,0.00,0.000,0.000,-0.311,1.015,0.303,3.03,4.72
default,correction_off,3.80,0.00,0.00,0.000,0.000,-0.312,1.011,0.300,3.03,4.67
default,correction_off,3.85,0.00,0.00,0.000,0.000,-0.315,1.003,0.294,3.04,4.63
default,correction_off,3.90,0.00,0.00,0.000,0.000,-0.316,0.999,0.291,3.04,4.59
default,correction_off,3.95,0.00,0.00,0.000,0.000,-0.319,0.992,0.286,3.05,4.55
default,correction_off,4.00,0.00,0.00,0.000,0.000,-0.320,0.988,0.283,3.05,4.52
default,correction_off,4.05,0.00,0.00,0.000,0.000,-0.324,0.980,0.277,3.05,4.48
default,correction_off,4.10,0.00,0.00,0.000,0.000,-0.326,0.977,0.274,3.05,4.45
default,correction_off,4.15,0.00,0.00,0.000,0.000,-0.331,0.971,0.268,3.05,4.43
default,correction_off,4.20,0.00,0.00,0.000,0.000,-0.333,0.968,0.264,3.04,4.41
default,correction_off,4.25,0.00,0.00,0.000,0.000,-0.338,0.961,0.257,3.03,4.39
default,correction_off,4.30,0.00,0.00,0.000,0.000,-0.341,0.958,0.254,3.01,4.37
default,correction_off,4.35,0.00,0.00,0.000,0.000,-0.346,0.952,0.247,2.99,4.35
default,correction_off,4.40,0.00,0.00,0.000,0.000,-0.349,0.950,0.244,2.97,4.34
default,correction_off,4.45,0.00,0.00,0.000,0.000,-0.356,0.944,0.236,2.94,4.32
default,correction_off,4.50,0.00,0.00,0.000,0.000,-0.359,0.942,0.232,2.92,4.31
default,correction_off,4.55,0.00,0.00,0.000,0.000,-0.365,0.938,0.225,2.89,4.30
default,correction_off,4.60,0.00,0.00,0.000,0.000,-0.368,0.936,0.222,2.85,4.29
default,correction_off,4.65,0.00,0.00,0.000,0.000,-0.375,0.933,0.214,2.82,4.28
default,correction_off,4.70,0.00,0.00,0.000,0.000,-0.379,0.932,0.210,2.78,4.28
default,correction_off,4.75,0.00,0.00,0.000,0.000,-0.386,0.929,0.203,2.75,4.28
default,correction_off,4.80,0.00,0.00,0.000,0.000,-0.389,0.928,0.200,2.71,4.29
default,correction_off,4.85,0.00,0.00,0.000,0.000,-0.397,0.926,0.191,2.67,4.29
default,correction_off,4.90,0.00,0.00,0.000,0.000,-0.401,0.926,0.188,2.63,4.30
default,correction_off,4.95,0.00,0.00,0.000,0.000,-0.408,0.924,0.180,2.60,4.31
default,correction_off,5.00,0.00,0.00,0.000,0.000,-0.412,0.924,0.176,2.55,4.32
default,correction_off,5.05,0.00,0.00,0.000,0.000,-0.420,0.922,0.168,2.52,4.33
default,correction_off,5.10,0.00,0.00,0.000,0.000,-0.424,0.922,0.164,2.48,4.35
default,correction_off,5.15,0.00,0.00,0.000,0.000,-0.432,0.921,0.156,2.44,4.36
default,correction_off,5.20,0.00,0.00,0.000,0.000,-0.436,0.921,0.153,2.40,4.37
default,correction_off,5.25,0.00,0.00,0.000,0.000,-0.444,0.920,0.144,2.37,4.38
default,correction_off,5.30,0.00,0.00,0.000,0.000,-0.449,0.920,0.140,2.33,4.39
default,correction_off,5.35,0.00,0.00,0.000,0.000,-0.457,0.921,0.132,2.30,4.39
default,correction_off,5.40,0.00,0.00,0.000,0.000,-0.461,0.921,0.128,2.26,4.40
default,correction_off,5.45,0.00,0.00,0.000,0.000,-0.471,0.922,0.119,2.23,4.41
default,correction_off,5.50,0.00,0.00,0.000,0.000,-0.475,0.922,0.115,2.19,4.42
default,correction_off,5.55,0.00,0.00,0.000,0.000,-0.483,0.923,0.109,2.16,4.43
default,correction_off,5.60,0.00,0.00,0.000,0.000,-0.486,0.924,0.105,2.12,4.44
default,correction_off,5.65,0.00,0.00,0.000,0.000,-0.495,0.926,0.098,2.09,4.45
default,correction_off,5.70,0.00,0.00,0.000,0.000,-0.498,0.927,0.096,2.06,4.47
default,correction_off,5.75,0.00,0.00,0.000,0.000,-0.504,0.928,0.091,2.03,4.48
default,correction_off,5.80,0.00,0.00,0.000,0.000,-0.507,0.929,0.089,2.00,4.50
default,correction_off,5.85,0.00,0.00,0.000,0.000,-0.514,0.931,0.085,1.99,4.52
default,correction_off,5.90,0.00,0.00,0.000,0.000,-0.517,0.932,0.083,1.97,4.54
default,correction_off,5.95,0.00,0.00,0.000,0.000,-0.522,0.935,0.080,1.96,4.56
default,correction_off,6.00,0.00,0.00,0.000,0.000,-0.525,0.936,0.079,1.95,4.58
default,correction_off,6.05,0.00,0.00,0.000,0.000,-0.530,0.939,0.077,1.95,4.60
default,correction_off,6.10,0.00,0.00,0.000,0.000,-0.532,0.940,0.077,1.94,4.62
default,correction_off,6.15,0.00,0.00,0.000,0.000,-0.536,0.943,0.076,1.94,4.65
default,correction_off,6.20,0.00,0.00,0.000,0.000,-0.538,0.945,0.076,1.95,4.67
default,correction_off,6.25,0.00,0.00,0.000,0.000,-0.542,0.948,0.077,1.95,4.70
default,correction_off,6.30,0.00,0.00,0.000,0.000,-0.543,0.949,0.077,1.95,4.73
default,correction_off,6.35,0.00,0.00,0.000,0.000,-0.546,0.953,0.079,1.96,4.75
default,correction_off,6.40,0.00,0.00,0.000,0.000,-0.547,0.955,0.080,1.97,4.78
default,correction_off,6.45,0.00,0.00,0.000,0.000,-0.549,0.959,0.083,1.98,4.81
default,correction_off,6.50,0.00,0.00,0.000,0.000,-0.550,0.961,0.084,2.00,4.84
default,correction_off,6.55,0.00,0.00,0.000,0.000,-0.552,0.965,0.087,2.01,4.87
default,correction_off,6.60,0.00,0.00,0.000,0.000,-0.553,0.967,0.089,2.03,4.91
default,correction_off,6.65,0.00,0.00,0.000,0.000,-0.556,0.971,0.092,2.04,4.94
default,correction_off,6.70,0.00,0.00,0.000,0.000,-0.557,0.972,0.093,2.04,4.97
default,correction_off,6.75,0.00,0.00,0.000,0.000,-0.559,0.976,0.096,2.05,5.00
default,correction_off,6.80,0.00,0.00,0.000,0.000,-0.559,0.977,0.097,2.05,5.02
default,correction_off,6.85,0.00,0.00,0.000,0.000,-0.561,0.980,0.099,2.06,5.04
default,correction_off,6.90,0.00,0.00,0.000,0.000,-0.562,0.982,0.101,2.06,5.06
default,correction_off,6.95,0.00,0.00,0.000,0.000,-0.563,0.984,0.103,2.07,5.08
default,correction_off,7.00,0.00,0.00,0.000,0.000,-0.564,0.985,0.103,2.07,5.09
default,correction_off,7.05,0.00,0.00,0.000,0.000,-0.565,0.987,0.105,2.08,5.10
default,correction_off,7.10,0.00,0.00,0.000,0.000,-0.565,0.987,0.106,2.08,5.10
default,correction_off,7.15,0.00,0.00,0.000,0.000,-0.565,0.988,0.106,2.09,5.11
default,correction_off,7.20,0.00,0.00,0.000,0.000,-0.565,0.988,0.107,2.11,5.10
default,correction_off,7.25,0.00,0.00,0.000,0.000,-0.565,0.989,0.107,2.12,5.10
default,correction_off,7.30,0.00,0.00,0.000,0.000,-0.564,0.989,0.107,2.15,5.10
default,correction_off,7.35,0.00,0.00,0.000,0.000,-0.563,0.988,0.107,2.17,5.09
default,correction_off,7.40,0.00,0.00,0.000,0.000,-0.562,0.988,0.107,2.20,5.08
default,correction_off,7.45,0.00,0.00,0.000,0.000,-0.560,0.987,0.106,2.23,5.08
default,correction_off,7.50,0.00,0.00,0.000,0.000,-0.559,0.986,0.106,2.26,5.07
default,correction_off,7.55,0.00,0.00,0.000,0.000,-0.556,0.986,0.106,2.29,5.06
default,correction_off,7.60,0.00,0.00,0.000,0.000,-0.555,0.985,0.106,2.33,5.05
default,correction_off,7.65,0.00,0.00,0.000,0.000,-0.552,0.985,0.106,2.37,5.04
default,correction_off,7.70,0.00,0.00,0.000,0.000,-0.550,0.985,0.107,2.41,5.04
default,correction_off,7.75,0.00,0.00,0.000,0.000,-0.547,0.985,0.108,2.44,5.04
default,correction_off,7.80,0.00,0.00,0.000,0.000,-0.545,0.985,0.108,2.48,5.04
default,correction_off,7.85,0.00,0.00,0.000,0.000,-0.542,0.985,0.110,2.52,5.04
default,correction_off,7.90,0.00,0.00,0.000,0.000,-0.540,0.985,0.111,2.55,5.05
default,correction_off,7.95,0.00,0.00,0.000,0.000,-0.537,0.986,0.112,2.58,5.06
default,correction_off,8.00,0.00,0.00,0.000,0.000,-0.536,0.986,0.113,2.61,5.07
default,correction_off,8.05,0.00,0.00,0.000,0.000,-0.532,0.987,0.116,2.63,5.09
default,correction_off,8.10,0.00,0.00,0.000,0.000,-0.531,0.988,0.117,2.65,5.10
default,correction_off,8.15,0.00,0.00,0.000,0.000,-0.528,0.989,0.119,2.67,5.11
default,correction_off,8.20,0.00,0.00,0.000,0.000,-0.527,0.990,0.120,2.68,5.13
default,correction_off,8.25,0.00,0.00,0.000,0.000,-0.523,0.991,0.123,2.69,5.15
default,correction_off,8.30,0.00,0.00,0.000,0.000,-0.522,0.991,0.124,2.70,5.16
default,correction_off,8.35,0.00,0.00,0.000,0.000,-0.519,0.992,0.127,2.71,5.18
default,correction_off,8.40,0.00,0.00,0.000,0.000,-0.517,0.992,0.128,2.72,5.20
default,correction_off,8.45,0.00,0.00,0.000,0.000,-0.514,0.993,0.129,2.73,5.21
default,correction_off,8.50,0.00,0.00,0.000,0.000,-0.513,0.993,0.130,2.74,5.22
default,correction_off,8.55,0.00,0.00,0.000,0.000,-0.510,0.992,0.131,2.75,5.23
default,correction_off,8.60,0.00,0.00,0.000,0.000,-0.509,0.992,0.132,2.77,5.23
default,correction_off,8.65,0.00,0.00,0.000,0.000,-0.506,0.991,0.133,2.78,5.24
default,correction_off,8.70,0.00,0.00,0.000,0.000,-0.505,0.991,0.133,2.79,5.23
default,correction_off,8.75,0.00,0.00,0.000,0.000,-0.502,0.990,0.134,2.80,5.23
default,correction_off,8.80,0.00,0.00,0.000,0.000,-0.501,0.990,0.135,2.82,5.23
default,correction_off,8.85,0.00,0.00,0.000,0.000,-0.497,0.988,0.136,2.83,5.22
default,correction_off,8.90,0.00,0.00,0.000,0.000,-0.496,0.987,0.136,2.84,5.21
default,correction_off,8.95,0.00,0.00,0.000,0.000,-0.493,0.986,0.137,2.86,5.21
default,correction_off,9.00,0.00,0.00,0.000,0.000,-0.491,0.984,0.137,2.88,5.20
default,correction_off,9.05,0.00,0.00,0.000,0.000,-0.488,0.982,0.137,2.90,5.19
default,correction_off,9.10,0.00,0.00,0.000,0.000,-0.486,0.980,0.137,2.92,5.18
default,correction_off,9.15,0.00,0.00,0.000,0.000,-0.483,0.977,0.137,2.94,5.16
default,correction_off,9.20,0.00,0.00,0.000,0.000,-0.482,0.976,0.137,2.97,5.15
default,correction_off,9.25,0.00,0.00,0.000,0.000,-0.479,0.971,0.137,2.99,5.13
default,correction_off,9.30,0.00,0.00,0.000,0.000,-0.477,0.970,0.137,3.02,5.11
default,correction_off,9.35,0.00,0.00,0.000,0.000,-0.475,0.965,0.136,3.04,5.09
default,correction_off,9.40,0.00,0.00,0.000,0.000,-0.474,0.963,0.135,3.06,5.07
default,correction_off,9.45,0.00,0.00,0.000,0.000,-0.472,0.958,0.134,3.08,5.04
default,correction_off,9.50,0.00,0.00,0.000,0.000,-0.472,0.956,0.133,3.10,5.02
default,correction_off,9.55,0.00,0.00,0.000,0.000,-0.471,0.951,0.131,3.11,4.99
default,correction_off,9.60,0.00,0.00,0.000,0.000,-0.471,0.948,0.130,3.13,4.95
default,correction_off,9.65,0.00,0.00,0.000,0.000,-0.470,0.941,0.128,3.14,4.92
default,correction_off,9.70,0.00,0.00,0.000,0.000,-0.470,0.938,0.126,3.14,4.88
default,correction_off,9.75,0.00,0.00,0.000,0.000,-0.469,0.932,0.124,3.15,4.84
default,correction_off,9.80,0.00,0.00,0.000,0.000,-0.469,0.929,0.123,3.15,4.80
default,correction_off,9.85,0.00,0.00,0.000,0.000,-0.469,0.922,0.121,3.16,4.76
default,correction_off,9.90,0.00,0.00,0.000,0.000,-0.469,0.919,0.120,3.17,4.72
default,correction_off,9.95,0.00,0.00,0.000,0.000,-0.470,0.913,0.118,3.17,4.68
default,correction_off,10.00,0.00,0.00,0.000,0.000,-0.470,0.910,0.117,3.18,4.64
default,correction_off,10.05,0.00,0.00,0.000,0.000,-0.471,0.903,0.114,3.18,4.60
default,correction_off,10.10,0.00,0.00,0.000,0.000,-0.472,0.901,0.113,3.18,4.56
default,correction_off,10.15,0.00,0.00,0.000,0.000,-0.473,0.895,0.111,3.18,4.53
default,correction_off,10.20,0.00,0.00,0.000,0.000,-0.474,0.893,0.110,3.17,4.50
default,correction_off,10.25,0.00,0.00,0.000,0.000,-0.476,0.887,0.107,3.17,4.47
default,correction_off,10.30,0.00,0.00,0.000,0.000,-0.477,0.885,0.106,3.16,4.44
default,correction_off,10.35,0.00,0.00,0.000,0.000,-0.480,0.880,0.103,3.14,4.42
default,correction_off,10.40,0.00,0.00,0.000,0.000,-0.482,0.877,0.102,3.13,4.40
default,correction_off,10.45,0.00,0.00,0.000,0.000,-0.486,0.872,0.098,3.11,4.38
default,correction_off,10.50,0.00,0.00,0.000,0.000,-0.489,0.870,0.096,3.09,4.36
default,correction_off,10.55,0.00,0.00,0.000,0.000,-0.494,0.866,0.091,3.06,4.33
default,correction_off,10.60,0.00,0.00,0.000,0.000,-0.497,0.864,0.089,3.03,4.31
default,correction_off,10.65,0.00,0.00,0.000,0.000,-0.504,0.859,0.083,3.00,4.29
default,correction_off,10.70,0.00,0.00,0.000,0.000,-0.507,0.857,0.080,2.96,4.27
default,correction_off,10.75,0.00,0.00,0.000,0.000,-0.514,0.854,0.075,2.91,4.25
default,correction_off,10.80,0.00,0.00,0.000,0.000,-0.517,0.852,0.073,2.86,4.23
default,correction_off,10.85,0.00,0.00,0.000,0.000,-0.525,0.848,0.068,2.82,4.21
default,correction_off,10.90,0.00,0.00,0.000,0.000,-0.529,0.846,0.066,2.77,4.19
default,correction_off,10.95,0.00,0.00,0.000,0.000,-0.536,0.843,0.062,2.72,4.17
default,correction_off,11.00,0.00,0.00,0.000,0.000,-0.540,0.842,0.060,2.68,4.15
default,correction_off,11.05,0.00,0.00,0.000,0.000,-0.548,0.839,0.057,2.64,4.13
default,correction_off,11.10,0.00,0.00,0.000,0.000,-0.552,0.838,0.055,2.59,4.12
default,correction_off,11.15,0.00,0.00,0.000,0.000,-0.559,0.836,0.054,2.55,4.10
default,correction_off,11.20,0.00,0.00,0.000,0.000,-0.562,0.835,0.053,2.52,4.09
default,correction_off,11.25,0.00,0.00,0.000,0.000,-0.570,0.833,0.052,2.48,4.09
default,correction_off,11.30,0.00,0.00,0.000,0.000,-0.573,0.832,0.052,2.45,4.08
default,correction_off,11.35,0.00,0.00,0.000,0.000,-0.579,0.831,0.053,2.42,4.08
default,correction_off,11.40,0.00,0.00,0.000,0.000,-0.582,0.830,0.053,2.39,4.08
default,correction_off,11.45,0.00,0.00,0.000,0.000,-0.588,0.829,0.054,2.37,4.08
default,correction_off,11.50,0.00,0.00,0.000,0.000,-0.591,0.829,0.055,2.36,4.08
default,correction_off,11.55,0.00,0.00,0.000,0.000,-0.596,0.829,0.056,2.35,4.09
default,correction_off,11.60,0.00,0.00,0.000,0.000,-0.598,0.829,0.056,2.34,4.10
default,correction_off,11.65,0.00,0.00,0.000,0.000,-0.603,0.829,0.058,2.33,4.12
default,correction_off,11.70,0.00,0.00,0.000,0.000,-0.606,0.829,0.058,2.32,4.13
default,correction_off,11.75,0.00,0.00,0.000,0.000,-0.610,0.830,0.059,2.32,4.15
default,correction_off,11.80,0.00,0.00,0.000,0.000,-0.611,0.831,0.060,2.32,4.17
default,correction_off,11.85,0.00,0.00,0.000,0.000,-0.615,0.832,0.060,2.31,4.19
default,correction_off,11.90,0.00,0.00,0.000,0.000,-0.617,0.834,0.060,2.31,4.21
default,correction_off,11.95,0.00,0.00,0.000,0.000,-0.620,0.836,0.059,2.31,4.24
default,correction_off,12.00,0.00,0.00,0.000,0.000,-0.621,0.838,0.059,2.31,4.27
default,correction_off,12.05,0.00,0.00,0.000,0.000,-0.624,0.842,0.058,2.31,4.30
default,correction_off,12.10,0.00,0.00,0.000,0.000,-0.625,0.844,0.057,2.31,4.34
default,correction_off,12.15,0.00,0.00,0.000,0.000,-0.627,0.849,0.056,2.31,4.38
default,correction_off,12.20,0.00,0.00,0.000,0.000,-0.628,0.851,0.056,2.30,4.42
default,correction_off,12.25,0.00,0.00,0.000,0.000,-0.631,0.856,0.055,2.30,4.47
default,correction_off,12.30,0.00,0.00,0.000,0.000,-0.632,0.859,0.054,2.29,4.51
default,correction_off,12.35,0.00,0.00,0.000,0.000,-0.634,0.864,0.054,2.28,4.56
default,correction_off,12.40,0.00,0.00,0.000,0.000,-0.635,0.867,0.054,2.27,4.61
default,correction_off,12.45,0.00,0.00,0.000,0.000,-0.637,0.874,0.055,2.27,4.65
default,correction_off,12.50,0.00,0.00,0.000,0.000,-0.638,0.876,0.055,2.26,4.69
default,correction_off,12.55,0.00,0.00,0.000,0.000,-0.640,0.883,0.057,2.25,4.73
default,correction_off,12.60,0.00,0.00,0.000,0.000,-0.641,0.886,0.058,2.24,4.78
default,correction_off,12.65,0.00,0.00,0.000,0.000,-0.644,0.892,0.061,2.23,4.81
default,correction_off,12.70,0.00,0.00,0.000,0.000,-0.645,0.895,0.063,2.21,4.85
default,correction_off,12.75,0.00,0.00,0.000,0.000,-0.648,0.901,0.067,2.19,4.88
default,correction_off,12.80,0.00,0.00,0.000,0.000,-0.650,0.904,0.070,2.18,4.91
default,correction_off,12.85,0.00,0.00,0.000,0.000,-0.654,0.910,0.075,2.16,4.93
default,correction_off,12.90,0.00,0.00,0.000,0.000,-0.655,0.913,0.077,2.13,4.96
default,correction_off,12.95,0.00,0.00,0.000,0.000,-0.658,0.918,0.082,2.11,4.97
default,correction_off,13.00,0.00,0.00,0.000,0.000,-0.659,0.920,0.084,2.08,4.99
default,correction_off,13.05,0.00,0.00,0.000,0.000,-0.661,0.925,0.088,2.06,5.00
default,correction_off,13.10,0.00,0.00,0.000,0.000,-0.662,0.927,0.089,2.05,5.01
default,correction_off,13.15,0.00,0.00,0.000,0.000,-0.662,0.930,0.092,2.03,5.01
default,correction_off,13.20,0.00,0.00,0.000,0.000,-0.662,0.932,0.092,2.03,5.02
default,correction_off,13.25,0.00,0.00,0.000,0.000,-0.661,0.935,0.093,2.04,5.02
default,correction_off,13.30,0.00,0.00,0.000,0.000,-0.660,0.937,0.093,2.05,5.02
default,correction_off,13.35,0.00,0.00,0.000,0.000,-0.658,0.939,0.093,2.07,5.02
default,correction_off,13.40,0.00,0.00,0.000,0.000,-0.656,0.940,0.093,2.10,5.03
default,correction_off,13.45,0.00,0.00,0.000,0.000,-0.652,0.943,0.091,2.14,5.03
default,correction_off,13.50,0.00,0.00,0.000,0.000,-0.650,0.944,0.090,2.19,5.04
default,correction_off,13.55,0.00,0.00,0.000,0.000,-0.646,0.946,0.089,2.24,5.05
default,correction_off,13.60,0.00,0.00,0.000,0.000,-0.643,0.947,0.088,2.29,5.06
default,correction_off,13.65,0.00,0.00,0.000,0.000,-0.638,0.949,0.085,2.34,5.07
default,correction_off,13.70,0.00,0.00,0.000,0.000,-0.635,0.950,0.085,2.40,5.08
default,correction_off,13.75,0.00,0.00,0.000,0.000,-0.630,0.952,0.083,2.46,5.09
default,correction_off,13.80,0.00,0.00,0.000,0.000,-0.628,0.953,0.082,2.51,5.10
default,correction_off,13.85,0.00,0.00,0.000,0.000,-0.622,0.954,0.081,2.56,5.11
default,correction_off,13.90,0.00,0.00,0.000,0.000,-0.619,0.955,0.080,2.61,5.13
default,correction_off,13.95,0.00,0.00,0.000,0.000,-0.613,0.956,0.079,2.65,5.13
default,correction_off,14.00,0.00,0.00,0.000,0.000,-0.610,0.956,0.078,2.69,5.15
default,correction_off,14.05,0.00,0.00,0.000,0.000,-0.603,0.956,0.076,2.73,5.15
default,correction_off,14.10,0.00,0.00,0.000,0.000,-0.600,0.956,0.075,2.77,5.16
default,correction_off,14.15,0.00,0.00,0.000,0.000,-0.594,0.956,0.074,2.80,5.16
default,correction_off,14.20,0.00,0.00,0.000,0.000,-0.591,0.956,0.073,2.84,5.16
default,correction_off,14.25,0.00,0.00,0.000,0.000,-0.584,0.956,0.072,2.88,5.16
default,correction_off,14.30,0.00,0.00,0.000,0.000,-0.581,0.955,0.072,2.92,5.16
default,correction_off,14.35,0.00,0.00,0.000,0.000,-0.575,0.955,0.073,2.96,5.15
default,correction_off,14.40,0.00,0.00,0.000,0.000,-0.572,0.955,0.073,3.00,5.15
default,correction_off,14.45,0.00,0.00,0.000,0.000,-0.566,0.955,0.074,3.03,5.15
default,correction_off,14.50,0.00,0.00,0.000,0.000,-0.563,0.955,0.075,3.06,5.15
default,correction_off,14.55,0.00,0.00,0.000,0.000,-0.558,0.956,0.076,3.09,5.15
default,correction_off,14.60,0.00,0.00,0.000,0.000,-0.556,0.955,0.077,3.11,5.15
default,correction_off,14.65,0.00,0.00,0.000,0.000,-0.551,0.955,0.079,3.13,5.15
default,correction_off,14.70,0.00,0.00,0.000,0.000,-0.548,0.955,0.080,3.14,5.15
default,correction_off,14.75,0.00,0.00,0.000,0.000,-0.544,0.955,0.082,3.15,5.15
default,correction_off,14.80,0.00,0.00,0.000,0.000,-0.541,0.954,0.083,3.16,5.15
default,correction_off,14.85,0.00,0.00,0.000,0.000,-0.536,0.953,0.084,3.17,5.15
default,correction_off,14.90,0.00,0.00,0.000,0.000,-0.533,0.952,0.085,3.18,5.14
default,correction_off,14.95,0.00,0.00,0.000,0.000,-0.529,0.950,0.087,3.19,5.14
default,correction_on,0.00,0.00,0.00,0.000,0.000,-0.606,0.914,0.114,2.15,1.97
default,correction_on,0.05,0.00,0.00,0.000,0.000,-0.607,0.906,0.115,2.09,1.86
default,correction_on,0.10,0.00,0.00,0.000,0.000,-0.607,0.902,0.116,2.05,1.77
default,correction_on,0.15,0.00,0.00,0.000,0.000,-0.609,0.893,0.117,2.00,1.63
default,correction_on,0.20,0.00,0.00,0.000,0.000,-0.610,0.888,0.118,1.97,1.54
default,correction_on,0.25,0.00,0.00,0.000,0.000,-0.613,0.879,0.120,1.94,1.41
default,correction_on,0.30,0.00,0.00,0.000,0.000,-0.614,0.875,0.121,1.92,1.34
default,correction_on,0.35,0.00,0.00,0.000,0.000,-0.617,0.867,0.123,1.89,1.25
default,correction_on,0.40,0.00,0.00,0.000,0.000,-0.618,0.863,0.124,1.87,1.21
default,correction_on,0.45,0.00,0.00,0.000,0.000,-0.621,0.857,0.126,1.85,1.17
default,correction_on,0.50,0.00,0.00,0.000,0.000,-0.623,0.854,0.126,1.83,1.16
default,correction_on,0.55,0.00,0.00,0.000,0.000,-0.626,0.849,0.127,1.81,1.17
default,correction_on,0.60,0.00,0.00,0.000,0.000,-0.628,0.846,0.128,1.80,1.20
default,correction_on,0.65,0.00,0.00,0.000,0.000,-0.632,0.843,0.127,1.77,1.25
default,correction_on,0.70,0.00,0.00,0.000,0.000,-0.634,0.842,0.127,1.76,1.30
default,correction_on,0.75,0.00,0.00,0.000,0.000,-0.639,0.841,0.125,1.73,1.39
default,correction_on,0.80,0.00,0.00,0.000,0.000,-0.642,0.841,0.123,1.71,1.46
default,correction_on,0.85,0.00,0.00,0.000,0.000,-0.646,0.842,0.119,1.68,1.58
default,correction_on,0.90,0.00,0.00,0.000,0.000,-0.648,0.843,0.117,1.66,1.67
default,correction_on,0.95,4.10,3.67,-0.806,-0.720,-0.652,0.845,0.113,1.63,1.81
default,correction_on,1.00,4.12,3.68,-0.810,-0.723,-0.654,0.847,0.110,1.60,1.91
default,correction_on,1.05,4.18,3.72,-0.822,-0.732,-0.657,0.852,0.105,1.62,2.21
default,correction_on,1.10,4.28,3.80,-0.842,-0.748,-0.659,0.854,0.102,1.80,2.85
default,correction_on,1.15,4.41,3.91,-0.870,-0.771,-0.662,0.860,0.096,2.27,4.12
default,correction_on,1.20,4.56,4.02,-0.903,-0.794,-0.664,0.864,0.091,2.62,4.93
default,correction_on,1.25,4.67,4.09,-0.926,-0.810,-0.668,0.869,0.085,3.10,5.94
default,correction_on,1.30,4.73,4.12,-0.942,-0.819,-0.670,0.871,0.081,3.34,6.45
default,correction_on,1.35,4.75,4.12,-0.948,-0.823,-0.677,0.875,0.075,3.60,7.01
default,correction_on,1.40,4.72,4.11,-0.946,-0.823,-0.682,0.876,0.071,3.70,7.26
default,correction_on,1.45,4.66,4.11,-0.936,-0.825,-0.692,0.877,0.066,3.75,7.48
default,correction_on,1.50,4.58,4.10,-0.923,-0.825,-0.698,0.876,0.065,3.74,7.52
default,correction_on,1.55,4.51,4.08,-0.909,-0.824,-0.711,0.873,0.066,3.64,7.46
default,correction_on,1.60,4.40,4.05,-0.888,-0.818,-0.720,0.869,0.068,3.53,7.36
default,correction_on,1.65,4.25,3.99,-0.860,-0.805,-0.736,0.863,0.078,3.32,7.11
default,correction_on,1.70,4.10,3.92,-0.827,-0.791,-0.745,0.858,0.084,3.15,6.91
default,correction_on,1.75,3.97,3.85,-0.801,-0.778,-0.763,0.848,0.101,2.88,6.55
default,correction_on,1.80,3.87,3.80,-0.779,-0.765,-0.774,0.841,0.113,2.69,6.28
default,correction_on,1.85,3.81,3.77,-0.766,-0.758,-0.793,0.828,0.134,2.39,5.83
default,correction_on,1.90,3.79,3.76,-0.761,-0.754,-0.802,0.820,0.145,2.20,5.52
default,correction_on,1.95,3.79,3.75,-0.759,-0.751,-0.820,0.805,0.168,1.92,5.05
default,correction_on,2.00,3.77,3.74,-0.755,-0.748,-0.830,0.795,0.183,1.75,4.73
default,correction_on,2.05,3.75,3.72,-0.747,-0.742,-0.847,0.778,0.206,1.54,4.29
default,correction_on,2.10,3.73,3.69,-0.742,-0.735,-0.854,0.769,0.217,1.44,4.03
default,correction_on,2.15,3.71,3.66,-0.737,-0.727,-0.869,0.752,0.240,1.33,3.66
default,correction_on,2.20,3.70,3.63,-0.733,-0.719,-0.877,0.742,0.253,1.29,3.45
default,correction_on,2.25,3.67,3.58,-0.726,-0.708,-0.888,0.725,0.273,1.27,3.16
default,correction_on,2.30,3.65,3.53,-0.721,-0.697,-0.893,0.716,0.283,1.28,3.00
default,correction_on,2.35,3.65,3.49,-0.718,-0.687,-0.902,0.701,0.301,1.32,2.78
default,correction_on,2.40,3.67,3.45,-0.720,-0.678,-0.907,0.692,0.311,1.36,2.65
default,correction_on,2.45,3.69,3.42,-0.723,-0.670,-0.913,0.679,0.325,1.45,2.48
default,correction_on,2.50,3.73,3.39,-0.728,-0.662,-0.916,0.672,0.332,1.51,2.39
default,correction_on,2.55,3.76,3.36,-0.733,-0.656,-0.920,0.661,0.343,1.62,2.29
default,correction_on,2.60,3.78,3.33,-0.736,-0.649,-0.922,0.655,0.349,1.70,2.24
default,correction_on,2.65,3.79,3.30,-0.737,-0.641,-0.925,0.647,0.357,1.83,2.20
default,correction_on,2.70,3.78,3.26,-0.733,-0.631,-0.926,0.644,0.360,1.92,2.20
default,correction_on,2.75,3.76,3.20,-0.726,-0.618,-0.928,0.640,0.365,2.06,2.22
default,correction_on,2.80,3.74,3.16,-0.722,-0.610,-0.929,0.638,0.367,2.14,2.25
default,correction_on,2.85,3.75,3.15,-0.721,-0.607,-0.930,0.637,0.369,2.25,2.31
default,correction_on,2.90,3.76,3.16,-0.722,-0.607,-0.931,0.637,0.369,2.31,2.36
default,correction_on,2.95,3.79,3.20,-0.726,-0.613,-0.932,0.640,0.368,2.37,2.45
default,correction_on,3.00,3.83,3.25,-0.733,-0.621,-0.933,0.642,0.366,2.40,2.52
default,correction_on,3.05,3.88,3.30,-0.743,-0.631,-0.934,0.648,0.362,2.42,2.64
default,correction_on,3.10,3.95,3.34,-0.754,-0.638,-0.935,0.651,0.360,2.43,2.75
default,correction_on,3.15,4.03,3.38,-0.770,-0.646,-0.936,0.659,0.354,2.42,2.93
default,correction_on,3.20,4.13,3.42,-0.790,-0.654,-0.937,0.665,0.350,2.41,3.07
default,correction_on,3.25,4.26,3.47,-0.815,-0.664,-0.938,0.675,0.343,2.39,3.29
default,correction_on,3.30,4.41,3.53,-0.845,-0.677,-0.938,0.680,0.340,2.38,3.45
default,correction_on,3.35,4.57,3.61,-0.880,-0.694,-0.940,0.692,0.332,2.37,3.71
default,correction_on,3.40,4.75,3.70,-0.918,-0.714,-0.941,0.700,0.327,2.37,3.88
default,correction_on,3.45,4.94,3.81,-0.958,-0.739,-0.942,0.712,0.319,2.39,4.15
default,correction_on,3.50,5.13,3.93,-1.000,-0.766,-0.943,0.719,0.314,2.42,4.33
default,correction_on,3.55,5.32,4.06,-1.045,-0.797,-0.945,0.733,0.307,2.47,4.62
default,correction_on,3.60,5.52,4.20,-1.091,-0.831,-0.946,0.741,0.302,2.51,4.81
default,correction_on,3.65,5.70,4.35,-1.138,-0.868,-0.948,0.755,0.295,2.58,5.12
default,correction_on,3.70,5.87,4.49,-1.182,-0.905,-0.949,0.761,0.292,2.63,5.33
default,correction_on,3.75,6.01,4.64,-1.222,-0.942,-0.952,0.774,0.287,2.71,5.65
default,correction_on,3.80,6.13,4.77,-1.257,-0.978,-0.955,0.782,0.284,2.76,5.86
default,correction_on,3.85,6.21,4.89,-1.286,-1.012,-0.959,0.793,0.282,2.83,6.16
default,correction_on,3.90,6.26,4.99,-1.309,-1.044,-0.961,0.798,0.281,2.87,6.36
default,correction_on,3.95,6.27,5.08,-1.324,-1.072,-0.966,0.807,0.282,2.92,6.63
default,correction_on,4.00,6.25,5.15,-1.331,-1.097,-0.970,0.811,0.283,2.93,6.79
default,correction_on,4.05,6.19,5.20,-1.329,-1.117,-0.977,0.818,0.286,2.93,6.98
default,correction_on,4.10,6.09,5.24,-1.318,-1.134,-0.981,0.821,0.289,2.91,7.08
default,correction_on,4.15,5.95,5.25,-1.297,-1.145,-0.989,0.824,0.294,2.84,7.18
default,correction_on,4.20,5.77,5.26,-1.266,-1.153,-0.994,0.826,0.299,2.78,7.20
default,correction_on,4.25,5.56,5.25,-1.226,-1.157,-1.003,0.827,0.307,2.64,7.18
default,correction_on,4.30,5.32,5.23,-1.177,-1.157,-1.008,0.827,0.311,2.53,7.13
default,correction_on,4.35,5.08,5.18,-1.126,-1.150,-1.017,0.825,0.320,2.33,6.98
default,correction_on,4.40,4.84,5.10,-1.075,-1.132,-1.023,0.823,0.326,2.17,6.85
default,correction_on,4.45,4.61,4.96,-1.024,-1.102,-1.031,0.819,0.336,1.91,6.59
default,correction_on,4.50,4.39,4.83,-0.976,-1.072,-1.036,0.816,0.341,1.72,6.39
default,correction_on,4.55,4.19,4.69,-0.930,-1.040,-1.043,0.809,0.351,1.43,6.04
default,correction_on,4.60,4.01,4.56,-0.887,-1.009,-1.047,0.805,0.356,1.24,5.78
default,correction_on,4.65,3.86,4.44,-0.851,-0.978,-1.053,0.796,0.365,0.99,5.34
default,correction_on,4.70,3.75,4.33,-0.822,-0.951,-1.055,0.792,0.368,0.84,5.04
default,correction_on,4.75,3.66,4.24,-0.800,-0.927,-1.058,0.783,0.375,0.67,4.58
default,correction_on,4.80,3.61,4.16,-0.784,-0.904,-1.059,0.777,0.378,0.58,4.29
default,correction_on,4.85,3.57,4.08,-0.772,-0.883,-1.058,0.769,0.381,0.51,3.87
default,correction_on,4.90,3.53,4.01,-0.760,-0.863,-1.057,0.765,0.382,0.50,3.61
default,correction_on,4.95,3.50,3.93,-0.749,-0.842,-1.052,0.757,0.381,0.54,3.29
default,correction_on,5.00,3.46,3.86,-0.737,-0.821,-1.048,0.753,0.379,0.60,3.11
default,correction_on,5.05,3.43,3.78,-0.726,-0.801,-1.039,0.748,0.373,0.75,2.90
default,correction_on,5.10,3.41,3.71,-0.717,-0.780,-1.033,0.746,0.370,0.87,2.80
default,correction_on,5.15,3.40,3.64,-0.713,-0.762,-1.021,0.744,0.360,1.09,2.71
default,correction_on,5.20,3.43,3.59,-0.713,-0.747,-1.012,0.743,0.353,1.25,2.68
default,correction_on,5.25,3.49,3.55,-0.723,-0.735,-0.997,0.744,0.341,1.50,2.67
default,correction_on,5.30,3.60,3.51,-0.743,-0.724,-0.989,0.745,0.333,1.67,2.69
default,correction_on,5.35,3.75,3.47,-0.770,-0.713,-0.972,0.749,0.317,1.92,2.77
default,correction_on,5.40,3.93,3.43,-0.804,-0.701,-0.961,0.752,0.306,2.10,2.84
default,correction_on,5.45,4.14,3.38,-0.844,-0.689,-0.943,0.760,0.288,2.37,3.00
default,correction_on,5.50,4.37,3.32,-0.889,-0.677,-0.934,0.764,0.278,2.56,3.14
default,correction_on,5.55,4.61,3.27,-0.937,-0.665,-0.915,0.773,0.258,2.85,3.37
default,correction_on,5.60,4.85,3.22,-0.986,-0.655,-0.904,0.780,0.245,3.05,3.54
default,correction_on,5.65,5.08,3.19,-1.033,-0.650,-0.887,0.792,0.224,3.37,3.82
default,correction_on,5.70,5.29,3.18,-1.079,-0.648,-0.879,0.798,0.214,3.59,4.02
default,correction_on,5.75,5.49,3.18,-1.122,-0.651,-0.863,0.811,0.193,3.92,4.32
default,correction_on,5.80,5.68,3.20,-1.165,-0.657,-0.854,0.819,0.181,4.13,4.52
default,correction_on,5.85,5.86,3.25,-1.206,-0.668,-0.841,0.833,0.162,4.42,4.83
default,correction_on,5.90,6.02,3.29,-1.245,-0.680,-0.835,0.840,0.154,4.60,5.03
default,correction_on,5.95,6.15,3.35,-1.279,-0.697,-0.826,0.854,0.137,4.82,5.32
default,correction_on,6.00,6.27,3.43,-1.310,-0.717,-0.821,0.862,0.129,4.93,5.51
default,correction_on,6.05,6.36,3.52,-1.336,-0.740,-0.816,0.876,0.117,5.05,5.79
default,correction_on,6.10,6.43,3.61,-1.361,-0.763,-0.815,0.883,0.112,5.09,5.97
default,correction_on,6.15,6.48,3.70,-1.379,-0.788,-0.815,0.895,0.107,5.10,6.22
default,correction_on,6.20,6.50,3.80,-1.392,-0.814,-0.816,0.902,0.106,5.06,6.37
default,correction_on,6.25,6.48,3.90,-1.396,-0.839,-0.821,0.912,0.107,4.96,6.58
default,correction_on,6.30,6.44,3.99,-1.394,-0.863,-0.824,0.916,0.109,4.85,6.69
default,correction_on,6.35,6.36,4.07,-1.384,-0.886,-0.831,0.923,0.115,4.65,6.83
default,correction_on,6.40,6.25,4.15,-1.368,-0.907,-0.837,0.926,0.120,4.49,6.90
default,correction_on,6.45,6.13,4.21,-1.345,-0.925,-0.847,0.929,0.130,4.21,6.95
default,correction_on,6.50,5.99,4.28,-1.319,-0.942,-0.852,0.930,0.136,4.00,6.96
default,correction_on,6.55,5.80,4.32,-1.282,-0.955,-0.865,0.929,0.148,3.66,6.91
default,correction_on,6.60,5.58,4.35,-1.236,-0.964,-0.872,0.928,0.156,3.43,6.85
default,correction_on,6.65,5.37,4.36,-1.190,-0.966,-0.885,0.924,0.169,3.06,6.72
default,correction_on,6.70,5.16,4.35,-1.145,-0.965,-0.891,0.921,0.175,2.81,6.60
default,correction_on,6.75,4.96,4.32,-1.099,-0.959,-0.903,0.914,0.187,2.43,6.36
default,correction_on,6.80,4.75,4.26,-1.052,-0.942,-0.910,0.909,0.195,2.18,6.18
default,correction_on,6.85,4.58,4.18,-1.011,-0.924,-0.921,0.900,0.207,1.81,5.87
default,correction_on,6.90,4.43,4.12,-0.975,-0.909,-0.925,0.895,0.213,1.59,5.65
default,correction_on,6.95,4.29,4.06,-0.943,-0.892,-0.934,0.883,0.224,1.29,5.28
default,correction_on,7.00,4.19,3.99,-0.916,-0.874,-0.938,0.875,0.230,1.12,5.02
default,correction_on,7.05,4.11,3.93,-0.896,-0.856,-0.943,0.862,0.239,0.92,4.62
default,correction_on,7.10,4.06,3.87,-0.881,-0.839,-0.945,0.855,0.242,0.82,4.36
default,correction_on,7.15,4.03,3.81,-0.870,-0.822,-0.946,0.841,0.248,0.74,3.98
default,correction_on,7.20,4.01,3.74,-0.862,-0.805,-0.945,0.833,0.251,0.72,3.75
default,correction_on,7.25,4.00,3.68,-0.856,-0.788,-0.942,0.820,0.254,0.77,3.44
default,correction_on,7.30,3.98,3.61,-0.848,-0.769,-0.939,0.814,0.255,0.84,3.25
default,correction_on,7.35,3.95,3.53,-0.839,-0.749,-0.933,0.802,0.255,1.00,3.02
default,correction_on,7.40,3.94,3.46,-0.831,-0.731,-0.927,0.796,0.254,1.14,2.90
default,correction_on,7.45,3.92,3.39,-0.825,-0.712,-0.917,0.787,0.250,1.38,2.75
default,correction_on,7.50,3.91,3.32,-0.817,-0.694,-0.911,0.784,0.248,1.56,2.68
default,correction_on,7.55,3.89,3.25,-0.808,-0.675,-0.899,0.779,0.242,1.84,2.61
default,correction_on,7.60,3.90,3.17,-0.807,-0.655,-0.890,0.777,0.237,2.02,2.59
default,correction_on,7.65,3.96,3.09,-0.815,-0.637,-0.876,0.775,0.227,2.29,2.60
default,correction_on,7.70,4.04,3.01,-0.829,-0.618,-0.869,0.776,0.222,2.45,2.62
default,correction_on,7.75,4.17,2.94,-0.852,-0.600,-0.853,0.778,0.210,2.69,2.68
default,correction_on,7.80,4.33,2.87,-0.882,-0.583,-0.844,0.781,0.202,2.84,2.75
default,correction_on,7.85,4.52,2.80,-0.917,-0.569,-0.828,0.786,0.188,3.07,2.87
default,correction_on,7.90,4.71,2.74,-0.954,-0.556,-0.821,0.790,0.181,3.22,2.98
default,correction_on,7.95,4.91,2.69,-0.994,-0.546,-0.807,0.799,0.165,3.46,3.16
default,correction_on,8.00,5.11,2.67,-1.035,-0.540,-0.798,0.805,0.155,3.62,3.30
default,correction_on,8.05,5.32,2.70,-1.077,-0.547,-0.786,0.816,0.140,3.86,3.54
default,correction_on,8.10,5.52,2.77,-1.121,-0.563,-0.780,0.823,0.132,4.02,3.71
default,correction_on,8.15,5.72,2.88,-1.164,-0.587,-0.770,0.835,0.116,4.25,3.98
default,correction_on,8.20,5.91,3.01,-1.208,-0.615,-0.765,0.844,0.106,4.39,4.17
default,correction_on,8.25,6.10,3.14,-1.253,-0.645,-0.758,0.857,0.091,4.57,4.48
default,correction_on,8.30,6.29,3.28,-1.299,-0.677,-0.756,0.864,0.083,4.67,4.71
default,correction_on,8.35,6.45,3.40,-1.342,-0.708,-0.752,0.878,0.070,4.77,5.06
default,correction_on,8.40,6.60,3.52,-1.381,-0.737,-0.751,0.886,0.062,4.81,5.30
default,correction_on,8.45,6.71,3.63,-1.416,-0.767,-0.752,0.899,0.052,4.84,5.66
default,correction_on,8.50,6.80,3.75,-1.446,-0.797,-0.752,0.905,0.048,4.83,5.90
default,correction_on,8.55,6.86,3.86,-1.469,-0.826,-0.756,0.916,0.045,4.79,6.23
default,correction_on,8.60,6.88,3.96,-1.484,-0.855,-0.759,0.922,0.045,4.74,6.43
default,correction_on,8.65,6.86,4.05,-1.491,-0.880,-0.766,0.931,0.050,4.64,6.69
default,correction_on,8.70,6.81,4.13,-1.492,-0.905,-0.770,0.935,0.053,4.55,6.83
default,correction_on,8.75,6.74,4.21,-1.486,-0.928,-0.780,0.941,0.063,4.38,7.00
default,correction_on,8.80,6.65,4.29,-1.476,-0.951,-0.787,0.944,0.070,4.25,7.07
default,correction_on,8.85,6.53,4.35,-1.456,-0.970,-0.799,0.947,0.083,4.02,7.13
default,correction_on,8.90,6.36,4.42,-1.424,-0.989,-0.806,0.948,0.089,3.84,7.13
default,correction_on,8.95,6.13,4.47,-1.378,-1.005,-0.820,0.947,0.103,3.55,7.08
default,correction_on,9.00,5.90,4.51,-1.329,-1.016,-0.829,0.946,0.112,3.35,7.02
default,correction_on,9.05,5.67,4.52,-1.279,-1.020,-0.844,0.942,0.127,3.01,6.87
default,correction_on,9.10,5.44,4.51,-1.229,-1.018,-0.852,0.939,0.135,2.77,6.74
default,correction_on,9.15,5.21,4.46,-1.178,-1.007,-0.867,0.932,0.151,2.38,6.50
default,correction_on,9.20,5.01,4.39,-1.130,-0.992,-0.877,0.927,0.160,2.12,6.31
default,correction_on,9.25,4.82,4.31,-1.087,-0.972,-0.891,0.916,0.175,1.74,5.98
default,correction_on,9.30,4.66,4.24,-1.048,-0.953,-0.898,0.910,0.183,1.49,5.73
default,correction_on,9.35,4.53,4.16,-1.014,-0.933,-0.911,0.897,0.198,1.15,5.32
default,correction_on,9.40,4.41,4.09,-0.984,-0.913,-0.918,0.889,0.207,0.95,5.03
default,correction_on,9.45,4.32,4.01,-0.960,-0.892,-0.927,0.874,0.220,0.71,4.59
default,correction_on,9.50,4.25,3.94,-0.941,-0.873,-0.932,0.866,0.226,0.59,4.29
default,correction_on,9.55,4.20,3.88,-0.927,-0.855,-0.938,0.851,0.237,0.47,3.86
default,correction_on,9.60,4.17,3.81,-0.916,-0.837,-0.940,0.841,0.243,0.44,3.59
default,correction_on,9.65,4.15,3.75,-0.907,-0.818,-0.942,0.826,0.251,0.45,3.22
default,correction_on,9.70,4.13,3.67,-0.897,-0.799,-0.942,0.818,0.255,0.50,3.00
default,correction_on,9.75,4.09,3.60,-0.886,-0.779,-0.940,0.804,0.260,0.63,2.72
default,correction_on,9.80,4.06,3.52,-0.875,-0.758,-0.937,0.796,0.262,0.74,2.56
default,correction_on,9.85,4.04,3.45,-0.866,-0.739,-0.931,0.785,0.263,0.96,2.38
default,correction_on,9.90,4.02,3.37,-0.856,-0.719,-0.927,0.780,0.263,1.12,2.28
default,correction_on,9.95,3.99,3.30,-0.846,-0.699,-0.918,0.773,0.260,1.38,2.17
default,correction_on,10.00,3.96,3.22,-0.835,-0.678,-0.911,0.769,0.257,1.56,2.13
default,correction_on,10.05,3.96,3.12,-0.830,-0.654,-0.900,0.766,0.251,1.82,2.11
default,correction_on,10.10,4.00,3.02,-0.834,-0.631,-0.894,0.766,0.246,1.99,2.11
default,correction_on,10.15,4.08,2.93,-0.847,-0.608,-0.881,0.768,0.236,2.23,2.16
default,correction_on,10.20,4.21,2.84,-0.870,-0.587,-0.872,0.770,0.229,2.38,2.21
default,correction_on,10.25,4.38,2.77,-0.901,-0.570,-0.859,0.776,0.215,2.59,2.32
default,correction_on,10.30,4.56,2.71,-0.935,-0.556,-0.852,0.780,0.207,2.73,2.41
default,correction_on,10.35,4.76,2.66,-0.974,-0.544,-0.839,0.791,0.191,2.95,2.58
default,correction_on,10.40,4.97,2.64,-1.016,-0.539,-0.831,0.798,0.180,3.09,2.72
default,correction_on,10.45,5.19,2.67,-1.061,-0.547,-0.818,0.812,0.161,3.32,2.97
default,correction_on,10.50,5.42,2.76,-1.108,-0.564,-0.812,0.820,0.152,3.47,3.15
default,correction_on,10.55,5.64,2.89,-1.157,-0.593,-0.802,0.836,0.132,3.70,3.47
default,correction_on,10.60,5.87,3.04,-1.207,-0.625,-0.796,0.847,0.120,3.85,3.70
default,correction_on,10.65,6.09,3.20,-1.258,-0.661,-0.788,0.865,0.101,4.04,4.08
default,correction_on,10.70,6.28,3.35,-1.305,-0.696,-0.784,0.874,0.092,4.16,4.36
default,correction_on,10.75,6.44,3.48,-1.347,-0.728,-0.779,0.893,0.076,4.29,4.81
default,correction_on,10.80,6.57,3.61,-1.385,-0.760,-0.776,0.904,0.068,4.36,5.12
default,correction_on,10.85,6.68,3.73,-1.417,-0.792,-0.773,0.923,0.058,4.43,5.60
default,correction_on,10.90,6.76,3.85,-1.444,-0.822,-0.772,0.931,0.056,4.45,5.91
default,correction_on,10.95,6.81,3.96,-1.466,-0.853,-0.773,0.948,0.056,4.45,6.35
default,correction_on,11.00,6.84,4.07,-1.483,-0.883,-0.774,0.957,0.060,4.42,6.61
default,correction_on,11.05,6.83,4.17,-1.491,-0.910,-0.778,0.971,0.069,4.34,6.96
default,correction_on,11.10,6.78,4.26,-1.492,-0.936,-0.780,0.977,0.074,4.27,7.16
default,correction_on,11.15,6.71,4.34,-1.485,-0.960,-0.788,0.987,0.086,4.12,7.39
default,correction_on,11.20,6.61,4.41,-1.472,-0.983,-0.794,0.993,0.094,4.00,7.51
default,correction_on,11.25,6.48,4.48,-1.450,-1.002,-0.804,0.999,0.107,3.78,7.61
default,correction_on,11.30,6.33,4.54,-1.423,-1.020,-0.810,1.001,0.113,3.61,7.64
default,correction_on,11.35,6.15,4.59,-1.388,-1.037,-0.823,1.003,0.124,3.32,7.61
default,correction_on,11.40,5.94,4.63,-1.346,-1.050,-0.830,1.003,0.131,3.11,7.55
default,correction_on,11.45,5.75,4.65,-1.306,-1.056,-0.843,1.001,0.141,2.77,7.41
default,correction_on,11.50,5.58,4.66,-1.268,-1.059,-0.850,0.999,0.146,2.54,7.27
default,correction_on,11.55,5.40,4.64,-1.229,-1.055,-0.862,0.993,0.155,2.18,7.03
default,correction_on,11.60,5.22,4.59,-1.186,-1.045,-0.869,0.988,0.160,1.95,6.83
default,correction_on,11.65,5.03,4.52,-1.143,-1.027,-0.880,0.979,0.168,1.61,6.51
default,correction_on,11.70,4.84,4.43,-1.098,-1.006,-0.884,0.973,0.171,1.40,6.27
default,correction_on,11.75,4.66,4.33,-1.055,-0.981,-0.892,0.960,0.177,1.13,5.88
default,correction_on,11.80,4.51,4.23,-1.017,-0.954,-0.896,0.951,0.180,0.98,5.61
default,correction_on,11.85,4.39,4.12,-0.987,-0.927,-0.901,0.935,0.184,0.80,5.17
default,correction_on,11.90,4.30,4.02,-0.963,-0.900,-0.902,0.927,0.185,0.72,4.87
default,correction_on,11.95,4.24,3.92,-0.944,-0.873,-0.903,0.910,0.188,0.65,4.41
default,correction_on,12.00,4.19,3.82,-0.929,-0.847,-0.902,0.899,0.189,0.64,4.11
default,correction_on,12.05,4.16,3.72,-0.917,-0.820,-0.898,0.882,0.189,0.69,3.68
default,correction_on,12.10,4.13,3.61,-0.906,-0.792,-0.895,0.874,0.190,0.77,3.42
default,correction_on,12.15,4.10,3.50,-0.894,-0.764,-0.888,0.858,0.189,0.93,3.06
default,correction_on,12.20,4.07,3.40,-0.884,-0.737,-0.882,0.848,0.188,1.08,2.86
default,correction_on,12.25,4.06,3.29,-0.875,-0.711,-0.871,0.835,0.186,1.33,2.59
default,correction_on,12.30,4.04,3.19,-0.867,-0.685,-0.865,0.829,0.184,1.52,2.45
default,correction_on,12.35,4.02,3.09,-0.857,-0.659,-0.851,0.819,0.179,1.82,2.27
default,correction_on,12.40,3.99,2.99,-0.846,-0.634,-0.841,0.813,0.176,2.03,2.19
default,correction_on,12.45,4.01,2.90,-0.845,-0.610,-0.824,0.807,0.169,2.34,2.11
default,correction_on,12.50,4.07,2.80,-0.852,-0.586,-0.815,0.806,0.165,2.54,2.08
default,correction_on,12.55,4.17,2.72,-0.868,-0.565,-0.797,0.804,0.156,2.83,2.09
default,correction_on,12.60,4.30,2.65,-0.890,-0.548,-0.786,0.805,0.150,3.01,2.12
default,correction_on,12.65,4.45,2.60,-0.917,-0.536,-0.768,0.808,0.140,3.28,2.21
default,correction_on,12.70,4.61,2.57,-0.948,-0.528,-0.759,0.810,0.134,3.44,2.29
default,correction_on,12.75,4.79,2.55,-0.982,-0.523,-0.743,0.818,0.123,3.69,2.47
default,correction_on,12.80,4.98,2.55,-1.020,-0.521,-0.733,0.824,0.115,3.85,2.61
default,correction_on,12.85,5.17,2.56,-1.059,-0.524,-0.719,0.836,0.102,4.08,2.87
default,correction_on,12.90,5.36,2.59,-1.096,-0.530,-0.713,0.843,0.095,4.23,3.07
default,correction_on,12.95,5.53,2.63,-1.133,-0.540,-0.702,0.858,0.081,4.43,3.40
default,correction_on,13.00,5.70,2.71,-1.171,-0.557,-0.697,0.868,0.073,4.54,3.64
default,correction_on,13.05,5.87,2.85,-1.210,-0.586,-0.690,0.886,0.059,4.69,4.02
default,correction_on,13.10,6.05,2.99,-1.251,-0.618,-0.687,0.895,0.052,4.76,4.28
default,correction_on,13.15,6.20,3.13,-1.288,-0.650,-0.684,0.913,0.042,4.82,4.67
default,correction_on,13.20,6.32,3.27,-1.320,-0.682,-0.683,0.925,0.037,4.83,4.94
default,correction_on,13.25,6.41,3.40,-1.347,-0.715,-0.683,0.942,0.034,4.80,5.35
default,correction_on,13.30,6.49,3.53,-1.371,-0.747,-0.684,0.951,0.035,4.76,5.62
default,correction_on,13.35,6.54,3.66,-1.391,-0.779,-0.688,0.967,0.041,4.67,6.01
default,correction_on,13.40,6.58,3.79,-1.409,-0.811,-0.691,0.977,0.047,4.58,6.26
default,correction_on,13.45,6.59,3.91,-1.419,-0.841,-0.698,0.991,0.056,4.42,6.58
default,correction_on,13.50,6.56,4.02,-1.423,-0.871,-0.703,0.997,0.061,4.29,6.77
default,correction_on,13.55,6.51,4.12,-1.418,-0.897,-0.713,1.008,0.070,4.08,7.01
default,correction_on,13.60,6.42,4.21,-1.407,-0.923,-0.720,1.013,0.075,3.92,7.14
default,correction_on,13.65,6.30,4.29,-1.388,-0.944,-0.733,1.020,0.083,3.66,7.27
default,correction_on,13.70,6.17,4.36,-1.365,-0.965,-0.740,1.022,0.087,3.48,7.32
default,correction_on,13.75,6.00,4.44,-1.333,-0.985,-0.754,1.025,0.094,3.18,7.33
default,correction_on,13.80,5.82,4.50,-1.296,-1.003,-0.763,1.025,0.098,2.97,7.30
default,correction_on,13.85,5.65,4.55,-1.261,-1.015,-0.777,1.022,0.104,2.65,7.19
default,correction_on,13.90,5.49,4.58,-1.227,-1.025,-0.784,1.020,0.106,2.43,7.09
default,correction_on,13.95,5.31,4.58,-1.188,-1.025,-0.798,1.014,0.111,2.09,6.88
default,correction_on,14.00,5.12,4.53,-1.146,-1.015,-0.806,1.009,0.114,1.88,6.72
default,correction_on,14.05,4.92,4.44,-1.101,-0.995,-0.818,0.998,0.118,1.57,6.43
default,correction_on,14.10,4.73,4.33,-1.057,-0.968,-0.825,0.991,0.120,1.37,6.22
default,correction_on,14.15,4.57,4.22,-1.018,-0.941,-0.833,0.979,0.123,1.13,5.86
default,correction_on,14.20,4.43,4.11,-0.984,-0.913,-0.838,0.970,0.125,0.99,5.59
default,correction_on,14.25,4.32,4.00,-0.956,-0.885,-0.844,0.954,0.128,0.82,5.16
default,correction_on,14.30,4.23,3.89,-0.933,-0.858,-0.847,0.946,0.130,0.75,4.85
default,correction_on,14.35,4.17,3.79,-0.915,-0.832,-0.849,0.929,0.133,0.69,4.38
default,correction_on,14.40,4.13,3.69,-0.901,-0.806,-0.850,0.918,0.134,0.68,4.08
default,correction_on,14.45,4.10,3.59,-0.890,-0.780,-0.848,0.902,0.136,0.74,3.64
default,correction_on,14.50,4.07,3.49,-0.879,-0.755,-0.847,0.894,0.137,0.81,3.38
default,correction_on,14.55,4.04,3.39,-0.868,-0.729,-0.842,0.879,0.138,0.97,3.02
default,correction_on,14.60,4.01,3.30,-0.857,-0.704,-0.837,0.870,0.138,1.11,2.81
default,correction_on,14.65,3.99,3.21,-0.848,-0.681,-0.828,0.859,0.137,1.34,2.55
default,correction_on,14.70,3.97,3.12,-0.839,-0.659,-0.823,0.854,0.135,1.52,2.41
default,correction_on,14.75,3.95,3.04,-0.829,-0.638,-0.812,0.847,0.132,1.80,2.26
default,correction_on,14.80,3.91,2.96,-0.817,-0.618,-0.804,0.843,0.129,1.98,2.20
default,correction_on,14.85,3.91,2.88,-0.811,-0.598,-0.791,0.841,0.122,2.25,2.15
default,correction_on,14.90,3.94,2.80,-0.813,-0.578,-0.784,0.840,0.118,2.43,2.15
default,correction_on,14.95,4.02,2.73,-0.825,-0.561,-0.770,0.842,0.110,2.67,2.20
strong,correction_off,0.00,0.00,0.00,0.000,0.000,-0.727,1.194,0.154,1.02,2.46
strong,correction_off,0.05,0.00,0.00,0.000,0.000,-0.725,1.201,0.160,0.98,2.48
strong,correction_off,0.10,0.00,0.00,0.000,0.000,-0.723,1.204,0.164,0.95,2.48
strong,correction_off,0.15,0.00,0.00,0.000,0.000,-0.721,1.209,0.169,0.93,2.46
strong,correction_off,0.20,0.00,0.00,0.000,0.000,-0.719,1.211,0.172,0.92,2.44
strong,correction_off,0.25,0.00,0.00,0.000,0.000,-0.715,1.216,0.178,0.92,2.43
strong,correction_off,0.30,0.00,0.00,0.000,0.000,-0.712,1.219,0.182,0.92,2.43
strong,correction_off,0.35,0.00,0.00,0.000,0.000,-0.707,1.223,0.188,0.94,2.45
strong,correction_off,0.40,0.00,0.00,0.000,0.000,-0.704,1.226,0.192,0.97,2.50
strong,correction_off,0.45,0.00,0.00,0.000,0.000,-0.698,1.231,0.199,1.00,2.57
strong,correction_off,0.50,0.00,0.00,0.000,0.000,-0.694,1.234,0.204,1.05,2.66
strong,correction_off,0.55,0.00,0.00,0.000,0.000,-0.687,1.240,0.213,1.10,2.77
strong,correction_off,0.60,0.00,0.00,0.000,0.000,-0.683,1.243,0.218,1.16,2.90
strong,correction_off,0.65,0.00,0.00,0.000,0.000,-0.674,1.249,0.228,1.22,3.06
strong,correction_off,0.70,0.00,0.00,0.000,0.000,-0.668,1.254,0.235,1.29,3.22
strong,correction_off,0.75,0.00,0.00,0.000,0.000,-0.657,1.261,0.247,1.37,3.41
strong,correction_off,0.80,0.00,0.00,0.000,0.000,-0.652,1.264,0.253,1.45,3.59
strong,correction_off,0.85,0.00,0.00,0.000,0.000,-0.640,1.272,0.266,1.54,3.80
strong,correction_off,0.90,0.00,0.00,0.000,0.000,-0.633,1.277,0.274,1.62,3.99
strong,correction_off,0.95,0.00,0.00,0.000,0.000,-0.621,1.286,0.289,1.72,4.21
strong,correction_off,1.00,0.00,0.00,0.000,0.000,-0.615,1.290,0.296,1.82,4.40
strong,correction_off,1.05,0.00,0.00,0.000,0.000,-0.603,1.300,0.311,1.92,4.62
strong,correction_off,1.10,0.00,0.00,0.000,0.000,-0.595,1.306,0.320,2.01,4.82
strong,correction_off,1.15,0.00,0.00,0.000,0.000,-0.584,1.316,0.335,2.11,5.04
strong,correction_off,1.20,0.00,0.00,0.000,0.000,-0.578,1.322,0.343,2.20,5.23
strong,correction_off,1.25,0.00,0.00,0.000,0.000,-0.567,1.333,0.358,2.29,5.44
strong,correction_off,1.30,0.00,0.00,0.000,0.000,-0.561,1.340,0.368,2.37,5.62
strong,correction_off,1.35,0.00,0.00,0.000,0.000,-0.550,1.351,0.383,2.44,5.82
strong,correction_off,1.40,0.00,0.00,0.000,0.000,-0.545,1.356,0.391,2.51,5.99
strong,correction_off,1.45,0.00,0.00,0.000,0.000,-0.535,1.367,0.406,2.57,6.18
strong,correction_off,1.50,0.00,0.00,0.000,0.000,-0.529,1.374,0.415,2.62,6.34
strong,correction_off,1.55,0.00,0.00,0.000,0.000,-0.520,1.385,0.429,2.67,6.50
strong,correction_off,1.60,0.00,0.00,0.000,0.000,-0.516,1.390,0.435,2.72,6.65
strong,correction_off,1.65,0.00,0.00,0.000,0.000,-0.508,1.399,0.448,2.76,6.79
strong,correction_off,1.70,0.00,0.00,0.000,0.000,-0.503,1.405,0.455,2.80,6.91
strong,correction_off,1.75,0.00,0.00,0.000,0.000,-0.495,1.414,0.467,2.84,7.03
strong,correction_off,1.80,0.00,0.00,0.000,0.000,-0.491,1.418,0.472,2.88,7.13
strong,correction_off,1.85,0.00,0.00,0.000,0.000,-0.483,1.425,0.483,2.90,7.21
strong,correction_off,1.90,0.00,0.00,0.000,0.000,-0.479,1.429,0.489,2.95,7.31
strong,correction_off,1.95,0.00,0.00,0.000,0.000,-0.471,1.435,0.499,2.99,7.39
strong,correction_off,2.00,0.00,0.00,0.000,0.000,-0.467,1.437,0.503,3.02,7.45
strong,correction_off,2.05,0.00,0.00,0.000,0.000,-0.459,1.440,0.510,3.07,7.51
strong,correction_off,2.10,0.00,0.00,0.000,0.000,-0.455,1.442,0.515,3.12,7.55
strong,correction_off,2.15,0.00,0.00,0.000,0.000,-0.447,1.443,0.520,3.18,7.58
strong,correction_off,2.20,0.00,0.00,0.000,0.000,-0.444,1.442,0.523,3.23,7.60
strong,correction_off,2.25,0.00,0.00,0.000,0.000,-0.437,1.441,0.527,3.30,7.62
strong,correction_off,2.30,0.00,0.00,0.000,0.000,-0.432,1.440,0.529,3.36,7.61
strong,correction_off,2.35,0.00,0.00,0.000,0.000,-0.425,1.437,0.532,3.43,7.60
strong,correction_off,2.40,0.00,0.00,0.000,0.000,-0.421,1.436,0.533,3.50,7.58
strong,correction_off,2.45,0.00,0.00,0.000,0.000,-0.414,1.432,0.536,3.57,7.56
strong,correction_off,2.50,0.00,0.00,0.000,0.000,-0.409,1.429,0.537,3.65,7.53
strong,correction_off,2.55,0.00,0.00,0.000,0.000,-0.402,1.425,0.539,3.70,7.50
strong,correction_off,2.60,0.00,0.00,0.000,0.000,-0.399,1.422,0.540,3.79,7.46
strong,correction_off,2.65,0.00,0.00,0.000,0.000,-0.392,1.416,0.541,3.87,7.43
strong,correction_off,2.70,0.00,0.00,0.000,0.000,-0.388,1.412,0.542,3.93,7.40
strong,correction_off,2.75,0.00,0.00,0.000,0.000,-0.381,1.405,0.542,4.00,7.36
strong,correction_off,2.80,0.00,0.00,0.000,0.000,-0.378,1.402,0.543,4.07,7.33
strong,correction_off,2.85,0.00,0.00,0.000,0.000,-0.371,1.394,0.543,4.12,7.30
strong,correction_off,2.90,0.00,0.00,0.000,0.000,-0.367,1.388,0.543,4.20,7.25
strong,correction_off,2.95,0.00,0.00,0.000,0.000,-0.361,1.379,0.542,4.27,7.21
strong,correction_off,3.00,0.00,0.00,0.000,0.000,-0.358,1.374,0.542,4.33,7.17
strong,correction_off,3.05,0.00,0.00,0.000,0.000,-0.353,1.364,0.540,4.39,7.12
strong,correction_off,3.10,0.00,0.00,0.000,0.000,-0.350,1.358,0.539,4.45,7.08
strong,correction_off,3.15,0.00,0.00,0.000,0.000,-0.345,1.347,0.537,4.51,7.03
strong,correction_off,3.20,0.00,0.00,0.000,0.000,-0.343,1.341,0.536,4.56,6.99
strong,correction_off,3.25,0.00,0.00,0.000,0.000,-0.339,1.330,0.533,4.61,6.93
strong,correction_off,3.30,0.00,0.00,0.000,0.000,-0.337,1.323,0.531,4.66,6.88
strong,correction_off,3.35,0.00,0.00,0.000,0.000,-0.335,1.312,0.528,4.70,6.83
strong,correction_off,3.40,0.00,0.00,0.000,0.000,-0.334,1.306,0.526,4.74,6.78
strong,correction_off,3.45,0.00,0.00,0.000,0.000,-0.332,1.294,0.522,4.78,6.72
strong,correction_off,3.50,0.00,0.00,0.000,0.000,-0.331,1.287,0.520,4.80,6.67
strong,correction_off,3.55,0.00,0.00,0.000,0.000,-0.331,1.276,0.515,4.83,6.61
strong,correction_off,3.60,0.00,0.00,0.000,0.000,-0.331,1.270,0.513,4.85,6.56
strong,correction_off,3.65,0.00,0.00,0.000,0.000,-0.332,1.259,0.508,4.86,6.51
strong,correction_off,3.70,0.00,0.00,0.000,0.000,-0.333,1.253,0.504,4.86,6.46
strong,correction_off,3.75,0.00,0.00,0.000,0.000,-0.335,1.242,0.499,4.86,6.42
strong,correction_off,3.80,0.00,0.00,0.000,0.000,-0.336,1.237,0.496,4.86,6.38
strong,correction_off,3.85,0.00,0.00,0.000,0.000,-0.338,1.226,0.490,4.85,6.35
strong,correction_off,3.90,0.00,0.00,0.000,0.000,-0.340,1.220,0.486,4.84,6.30
strong,correction_off,3.95,0.00,0.00,0.000,0.000,-0.343,1.210,0.480,4.82,6.26
strong,correction_off,4.00,0.00,0.00,0.000,0.000,-0.344,1.205,0.477,4.81,6.23
strong,correction_off,4.05,0.00,0.00,0.000,0.000,-0.348,1.195,0.470,4.79,6.19
strong,correction_off,4.10,0.00,0.00,0.000,0.000,-0.351,1.189,0.466,4.78,6.16
strong,correction_off,4.15,0.00,0.00,0.000,0.000,-0.355,1.179,0.459,4.76,6.13
strong,correction_off,4.20,0.00,0.00,0.000,0.000,-0.358,1.174,0.455,4.74,6.10
strong,correction_off,4.25,0.00,0.00,0.000,0.000,-0.363,1.165,0.448,4.72,6.07
strong,correction_off,4.30,0.00,0.00,0.000,0.000,-0.367,1.159,0.442,4.70,6.04
strong,correction_off,4.35,0.00,0.00,0.000,0.000,-0.375,1.151,0.433,4.68,6.01
strong,correction_off,4.40,0.00,0.00,0.000,0.000,-0.379,1.146,0.428,4.65,5.99
strong,correction_off,4.45,0.00,0.00,0.000,0.000,-0.387,1.138,0.418,4.62,5.96
strong,correction_off,4.50,0.00,0.00,0.000,0.000,-0.393,1.133,0.412,4.58,5.93
strong,correction_off,4.55,0.00,0.00,0.000,0.000,-0.403,1.125,0.401,4.53,5.90
strong,correction_off,4.60,0.00,0.00,0.000,0.000,-0.408,1.121,0.395,4.49,5.87
strong,correction_off,4.65,0.00,0.00,0.000,0.000,-0.419,1.114,0.383,4.45,5.85
strong,correction_off,4.70,0.00,0.00,0.000,0.000,-0.426,1.110,0.375,4.38,5.81
strong,correction_off,4.75,0.00,0.00,0.000,0.000,-0.439,1.103,0.362,4.32,5.79
strong,correction_off,4.80,0.00,0.00,0.000,0.000,-0.445,1.100,0.355,4.26,5.76
strong,correction_off,4.85,0.00,0.00,0.000,0.000,-0.459,1.094,0.341,4.19,5.73
strong,correction_off,4.90,0.00,0.00,0.000,0.000,-0.468,1.091,0.332,4.12,5.71
strong,correction_off,4.95,0.00,0.00,0.000,0.000,-0.483,1.086,0.316,4.05,5.68
strong,correction_off,5.00,0.00,0.00,0.000,0.000,-0.491,1.084,0.308,3.98,5.65
strong,correction_off,5.05,0.00,0.00,0.000,0.000,-0.507,1.080,0.292,3.89,5.63
strong,correction_off,5.10,0.00,0.00,0.000,0.000,-0.517,1.079,0.282,3.81,5.61
strong,correction_off,5.15,0.00,0.00,0.000,0.000,-0.534,1.077,0.264,3.72,5.60
strong,correction_off,5.20,0.00,0.00,0.000,0.000,-0.543,1.076,0.256,3.64,5.58
strong,correction_off,5.25,0.00,0.00,0.000,0.000,-0.560,1.075,0.239,3.54,5.58
strong,correction_off,5.30,0.00,0.00,0.000,0.000,-0.570,1.075,0.229,3.45,5.57
strong,correction_off,5.35,0.00,0.00,0.000,0.000,-0.586,1.075,0.212,3.35,5.58
strong,correction_off,5.40,0.00,0.00,0.000,0.000,-0.594,1.075,0.204,3.26,5.58
strong,correction_off,5.45,0.00,0.00,0.000,0.000,-0.610,1.077,0.189,3.17,5.59
strong,correction_off,5.50,0.00,0.00,0.000,0.000,-0.620,1.078,0.179,3.09,5.61
strong,correction_off,5.55,0.00,0.00,0.000,0.000,-0.635,1.080,0.165,3.01,5.63
strong,correction_off,5.60,0.00,0.00,0.000,0.000,-0.642,1.081,0.158,2.94,5.66
strong,correction_off,5.65,0.00,0.00,0.000,0.000,-0.656,1.084,0.144,2.87,5.69
strong,correction_off,5.70,0.00,0.00,0.000,0.000,-0.664,1.087,0.136,2.82,5.72
strong,correction_off,5.75,0.00,0.00,0.000,0.000,-0.678,1.091,0.124,2.77,5.76
strong,correction_off,5.80,0.00,0.00,0.000,0.000,-0.684,1.093,0.119,2.73,5.80
strong,correction_off,5.85,0.00,0.00,0.000,0.000,-0.697,1.098,0.109,2.69,5.84
strong,correction_off,5.90,0.00,0.00,0.000,0.000,-0.704,1.101,0.104,2.65,5.88
strong,correction_off,5.95,0.00,0.00,0.000,0.000,-0.715,1.107,0.097,2.62,5.93
strong,correction_off,6.00,0.00,0.00,0.000,0.000,-0.720,1.110,0.094,2.59,5.98
strong,correction_off,6.05,0.00,0.00,0.000,0.000,-0.729,1.117,0.090,2.56,6.04
strong,correction_off,6.10,0.00,0.00,0.000,0.000,-0.735,1.121,0.089,2.55,6.10
strong,correction_off,6.15,0.00,0.00,0.000,0.000,-0.744,1.128,0.089,2.53,6.16
strong,correction_off,6.20,0.00,0.00,0.000,0.000,-0.748,1.132,0.089,2.52,6.21
strong,correction_off,6.25,0.00,0.00,0.000,0.000,-0.756,1.140,0.092,2.51,6.28
strong,correction_off,6.30,0.00,0.00,0.000,0.000,-0.760,1.145,0.094,2.50,6.34
strong,correction_off,6.35,0.00,0.00,0.000,0.000,-0.767,1.153,0.100,2.50,6.39
strong,correction_off,6.40,0.00,0.00,0.000,0.000,-0.770,1.157,0.103,2.50,6.46
strong,correction_off,6.45,0.00,0.00,0.000,0.000,-0.776,1.165,0.109,2.50,6.53
strong,correction_off,6.50,0.00,0.00,0.000,0.000,-0.779,1.170,0.114,2.51,6.58
strong,correction_off,6.55,0.00,0.00,0.000,0.000,-0.784,1.179,0.122,2.52,6.64
strong,correction_off,6.60,0.00,0.00,0.000,0.000,-0.786,1.183,0.126,2.53,6.70
strong,correction_off,6.65,0.00,0.00,0.000,0.000,-0.789,1.193,0.135,2.54,6.76
strong,correction_off,6.70,0.00,0.00,0.000,0.000,-0.791,1.199,0.140,2.54,6.82
strong,correction_off,6.75,0.00,0.00,0.000,0.000,-0.794,1.208,0.150,2.56,6.88
strong,correction_off,6.80,0.00,0.00,0.000,0.000,-0.795,1.213,0.154,2.57,6.94
strong,correction_off,6.85,0.00,0.00,0.000,0.000,-0.796,1.222,0.164,2.59,7.00
strong,correction_off,6.90,0.00,0.00,0.000,0.000,-0.797,1.228,0.170,2.61,7.06
strong,correction_off,6.95,0.00,0.00,0.000,0.000,-0.797,1.238,0.179,2.63,7.13
strong,correction_off,7.00,0.00,0.00,0.000,0.000,-0.797,1.242,0.184,2.65,7.18
strong,correction_off,7.05,0.00,0.00,0.000,0.000,-0.796,1.251,0.193,2.68,7.25
strong,correction_off,7.10,0.00,0.00,0.000,0.000,-0.795,1.257,0.199,2.71,7.30
strong,correction_off,7.15,0.00,0.00,0.000,0.000,-0.793,1.266,0.208,2.74,7.36
strong,correction_off,7.20,0.00,0.00,0.000,0.000,-0.792,1.271,0.213,2.78,7.41
strong,correction_off,7.25,0.00,0.00,0.000,0.000,-0.790,1.279,0.221,2.82,7.47
strong,correction_off,7.30,0.00,0.00,0.000,0.000,-0.788,1.285,0.227,2.85,7.52
strong,correction_off,7.35,0.00,0.00,0.000,0.000,-0.785,1.293,0.235,2.89,7.57
strong,correction_off,7.40,0.00,0.00,0.000,0.000,-0.783,1.296,0.239,2.93,7.62
strong,correction_off,7.45,0.00,0.00,0.000,0.000,-0.779,1.304,0.246,2.97,7.66
strong,correction_off,7.50,0.00,0.00,0.000,0.000,-0.777,1.308,0.250,3.01,7.70
strong,correction_off,7.55,0.00,0.00,0.000,0.000,-0.772,1.314,0.257,3.06,7.73
strong,correction_off,7.60,0.00,0.00,0.000,0.000,-0.769,1.316,0.260,3.10,7.76
strong,correction_off,7.65,0.00,0.00,0.000,0.000,-0.764,1.321,0.265,3.15,7.79
strong,correction_off,7.70,0.00,0.00,0.000,0.000,-0.760,1.323,0.268,3.20,7.81
strong,correction_off,7.75,0.00,0.00,0.000,0.000,-0.754,1.326,0.272,3.25,7.82
strong,correction_off,7.80,0.00,0.00,0.000,0.000,-0.750,1.327,0.273,3.30,7.83
strong,correction_off,7.85,0.00,0.00,0.000,0.000,-0.743,1.329,0.276,3.35,7.84
strong,correction_off,7.90,0.00,0.00,0.000,0.000,-0.738,1.330,0.278,3.43,7.83
strong,correction_off,7.95,0.00,0.00,0.000,0.000,-0.730,1.330,0.281,3.50,7.83
strong,correction_off,8.00,0.00,0.00,0.000,0.000,-0.726,1.330,0.282,3.56,7.82
strong,correction_off,8.05,0.00,0.00,0.000,0.000,-0.717,1.330,0.284,3.64,7.81
strong,correction_off,8.10,0.00,0.00,0.000,0.000,-0.711,1.329,0.285,3.71,7.79
strong,correction_off,8.15,0.00,0.00,0.000,0.000,-0.702,1.328,0.286,3.79,7.78
strong,correction_off,8.20,0.00,0.00,0.000,0.000,-0.698,1.327,0.287,3.86,7.76
strong,correction_off,8.25,0.00,0.00,0.000,0.000,-0.689,1.324,0.288,3.94,7.74
strong,correction_off,8.30,0.00,0.00,0.000,0.000,-0.683,1.322,0.288,4.02,7.71
strong,correction_off,8.35,0.00,0.00,0.000,0.000,-0.675,1.319,0.289,4.09,7.69
strong,correction_off,8.40,0.00,0.00,0.000,0.000,-0.671,1.317,0.289,4.16,7.66
strong,correction_off,8.45,0.00,0.00,0.000,0.000,-0.663,1.313,0.289,4.22,7.64
strong,correction_off,8.50,0.00,0.00,0.000,0.000,-0.658,1.311,0.289,4.28,7.61
strong,correction_off,8.55,0.00,0.00,0.000,0.000,-0.651,1.306,0.288,4.34,7.57
strong,correction_off,8.60,0.00,0.00,0.000,0.000,-0.647,1.303,0.287,4.38,7.54
strong,correction_off,8.65,0.00,0.00,0.000,0.000,-0.641,1.297,0.286,4.43,7.50
strong,correction_off,8.70,0.00,0.00,0.000,0.000,-0.636,1.293,0.285,4.47,7.46
strong,correction_off,8.75,0.00,0.00,0.000,0.000,-0.630,1.286,0.283,4.50,7.42
strong,correction_off,8.80,0.00,0.00,0.000,0.000,-0.626,1.282,0.282,4.54,7.37
strong,correction_off,8.85,0.00,0.00,0.000,0.000,-0.619,1.274,0.280,4.56,7.33
strong,correction_off,8.90,0.00,0.00,0.000,0.000,-0.615,1.269,0.279,4.60,7.28
strong,correction_off,8.95,0.00,0.00,0.000,0.000,-0.609,1.261,0.277,4.64,7.22
strong,correction_off,9.00,0.00,0.00,0.000,0.000,-0.605,1.256,0.276,4.67,7.17
strong,correction_off,9.05,0.00,0.00,0.000,0.000,-0.599,1.247,0.274,4.71,7.12
strong,correction_off,9.10,0.00,0.00,0.000,0.000,-0.595,1.241,0.273,4.75,7.07
strong,correction_off,9.15,0.00,0.00,0.000,0.000,-0.589,1.231,0.271,4.79,7.01
strong,correction_off,9.20,0.00,0.00,0.000,0.000,-0.586,1.226,0.270,4.83,6.96
strong,correction_off,9.25,0.00,0.00,0.000,0.000,-0.580,1.215,0.268,4.87,6.90
strong,correction_off,9.30,0.00,0.00,0.000,0.000,-0.577,1.208,0.267,4.91,6.85
strong,correction_off,9.35,0.00,0.00,0.000,0.000,-0.572,1.197,0.265,4.95,6.79
strong,correction_off,9.40,0.00,0.00,0.000,0.000,-0.570,1.192,0.264,4.98,6.74
strong,correction_off,9.45,0.00,0.00,0.000,0.000,-0.567,1.181,0.262,5.02,6.68
strong,correction_off,9.50,0.00,0.00,0.000,0.000,-0.565,1.174,0.260,5.04,6.63
strong,correction_off,9.55,0.00,0.00,0.000,0.000,-0.562,1.164,0.258,5.06,6.57
strong,correction_off,9.60,0.00,0.00,0.000,0.000,-0.561,1.159,0.257,5.08,6.53
strong,correction_off,9.65,0.00,0.00,0.000,0.000,-0.559,1.149,0.255,5.09,6.47
strong,correction_off,9.70,0.00,0.00,0.000,0.000,-0.559,1.143,0.254,5.09,6.43
strong,correction_off,9.75,0.00,0.00,0.000,0.000,-0.558,1.133,0.252,5.09,6.38
strong,correction_off,9.80,0.00,0.00,0.000,0.000,-0.558,1.128,0.250,5.09,6.34
strong,correction_off,9.85,0.00,0.00,0.000,0.000,-0.558,1.119,0.248,5.08,6.30
strong,correction_off,9.90,0.00,0.00,0.000,0.000,-0.558,1.113,0.246,5.06,6.26
strong,correction_off,9.95,0.00,0.00,0.000,0.000,-0.559,1.103,0.243,5.05,6.22
strong,correction_off,10.00,0.00,0.00,0.000,0.000,-0.560,1.098,0.242,5.03,6.19
strong,correction_off,10.05,0.00,0.00,0.000,0.000,-0.561,1.089,0.239,5.01,6.15
strong,correction_off,10.10,0.00,0.00,0.000,0.000,-0.562,1.084,0.237,5.00,6.12
strong,correction_off,10.15,0.00,0.00,0.000,0.000,-0.565,1.075,0.234,4.98,6.08
strong,correction_off,10.20,0.00,0.00,0.000,0.000,-0.567,1.070,0.232,4.96,6.05
strong,correction_off,10.25,0.00,0.00,0.000,0.000,-0.571,1.062,0.227,4.93,6.02
strong,correction_off,10.30,0.00,0.00,0.000,0.000,-0.574,1.056,0.224,4.91,5.98
strong,correction_off,10.35,0.00,0.00,0.000,0.000,-0.579,1.047,0.219,4.88,5.95
strong,correction_off,10.40,0.00,0.00,0.000,0.000,-0.582,1.043,0.216,4.84,5.91
strong,correction_off,10.45,0.00,0.00,0.000,0.000,-0.588,1.034,0.211,4.81,5.88
strong,correction_off,10.50,0.00,0.00,0.000,0.000,-0.592,1.029,0.208,4.77,5.83
strong,correction_off,10.55,0.00,0.00,0.000,0.000,-0.599,1.021,0.203,4.73,5.79
strong,correction_off,10.60,0.00,0.00,0.000,0.000,-0.602,1.017,0.200,4.69,5.75
strong,correction_off,10.65,0.00,0.00,0.000,0.000,-0.610,1.009,0.195,4.65,5.72
strong,correction_off,10.70,0.00,0.00,0.000,0.000,-0.614,1.004,0.191,4.60,5.68
strong,correction_off,10.75,0.00,0.00,0.000,0.000,-0.622,0.996,0.187,4.56,5.64
strong,correction_off,10.80,0.00,0.00,0.000,0.000,-0.626,0.993,0.184,4.52,5.61
strong,correction_off,10.85,0.00,0.00,0.000,0.000,-0.634,0.986,0.179,4.47,5.58
strong,correction_off,10.90,0.00,0.00,0.000,0.000,-0.639,0.981,0.177,4.43,5.55
strong,correction_off,10.95,0.00,0.00,0.000,0.000,-0.647,0.975,0.172,4.39,5.52
strong,correction_off,11.00,0.00,0.00,0.000,0.000,-0.651,0.972,0.170,4.36,5.49
strong,correction_off,11.05,0.00,0.00,0.000,0.000,-0.660,0.966,0.166,4.32,5.47
strong,correction_off,11.10,0.00,0.00,0.000,0.000,-0.666,0.963,0.163,4.28,5.45
strong,correction_off,11.15,0.00,0.00,0.000,0.000,-0.675,0.957,0.159,4.24,5.43
strong,correction_off,11.20,0.00,0.00,0.000,0.000,-0.680,0.955,0.157,4.20,5.41
strong,correction_off,11.25,0.00,0.00,0.000,0.000,-0.691,0.950,0.153,4.15,5.39
strong,correction_off,11.30,0.00,0.00,0.000,0.000,-0.697,0.947,0.150,4.11,5.37
strong,correction_off,11.35,0.00,0.00,0.000,0.000,-0.708,0.943,0.146,4.06,5.35
strong,correction_off,11.40,0.00,0.00,0.000,0.000,-0.714,0.941,0.144,4.01,5.33
strong,correction_off,11.45,0.00,0.00,0.000,0.000,-0.725,0.938,0.141,3.95,5.32
strong,correction_off,11.50,0.00,0.00,0.000,0.000,-0.732,0.936,0.139,3.90,5.30
strong,correction_off,11.55,0.00,0.00,0.000,0.000,-0.743,0.934,0.136,3.86,5.29
strong,correction_off,11.60,0.00,0.00,0.000,0.000,-0.748,0.933,0.135,3.80,5.28
strong,correction_off,11.65,0.00,0.00,0.000,0.000,-0.759,0.932,0.132,3.74,5.28
strong,correction_off,11.70,0.00,0.00,0.000,0.000,-0.766,0.931,0.131,3.69,5.28
strong,correction_off,11.75,0.00,0.00,0.000,0.000,-0.777,0.931,0.129,3.64,5.28
strong,correction_off,11.80,0.00,0.00,0.000,0.000,-0.782,0.931,0.128,3.59,5.28
strong,correction_off,11.85,0.00,0.00,0.000,0.000,-0.793,0.932,0.127,3.55,5.30
strong,correction_off,11.90,0.00,0.00,0.000,0.000,-0.799,0.933,0.125,3.51,5.31
strong,correction_off,11.95,0.00,0.00,0.000,0.000,-0.810,0.935,0.123,3.46,5.33
strong,correction_off,12.00,0.00,0.00,0.000,0.000,-0.816,0.937,0.123,3.42,5.35
strong,correction_off,12.05,0.00,0.00,0.000,0.000,-0.826,0.941,0.120,3.37,5.38
strong,correction_off,12.10,0.00,0.00,0.000,0.000,-0.832,0.944,0.119,3.33,5.41
strong,correction_off,12.15,0.00,0.00,0.000,0.000,-0.842,0.950,0.117,3.28,5.45
strong,correction_off,12.20,0.00,0.00,0.000,0.000,-0.846,0.954,0.115,3.23,5.49
strong,correction_off,12.25,0.00,0.00,0.000,0.000,-0.855,0.961,0.113,3.18,5.55
strong,correction_off,12.30,0.00,0.00,0.000,0.000,-0.861,0.967,0.111,3.13,5.60
strong,correction_off,12.35,0.00,0.00,0.000,0.000,-0.869,0.976,0.109,3.09,5.67
strong,correction_off,12.40,0.00,0.00,0.000,0.000,-0.873,0.981,0.108,3.04,5.74
strong,correction_off,12.45,0.00,0.00,0.000,0.000,-0.881,0.992,0.106,3.00,5.82
strong,correction_off,12.50,0.00,0.00,0.000,0.000,-0.886,1.000,0.106,2.96,5.89
strong,correction_off,12.55,0.00,0.00,0.000,0.000,-0.894,1.012,0.106,2.92,5.98
strong,correction_off,12.60,0.00,0.00,0.000,0.000,-0.897,1.018,0.107,2.88,6.07
strong,correction_off,12.65,0.00,0.00,0.000,0.000,-0.905,1.031,0.110,2.83,6.16
strong,correction_off,12.70,0.00,0.00,0.000,0.000,-0.909,1.040,0.113,2.79,6.25
strong,correction_off,12.75,0.00,0.00,0.000,0.000,-0.916,1.053,0.118,2.76,6.32
strong,correction_off,12.80,0.00,0.00,0.000,0.000,-0.919,1.059,0.121,2.72,6.42
strong,correction_off,12.85,0.00,0.00,0.000,0.000,-0.924,1.073,0.127,2.68,6.51
strong,correction_off,12.90,0.00,0.00,0.000,0.000,-0.927,1.081,0.131,2.65,6.59
strong,correction_off,12.95,0.00,0.00,0.000,0.000,-0.932,1.094,0.139,2.62,6.67
strong,correction_off,13.00,0.00,0.00,0.000,0.000,-0.934,1.100,0.142,2.59,6.74
strong,correction_off,13.05,0.00,0.00,0.000,0.000,-0.937,1.112,0.149,2.57,6.82
strong,correction_off,13.10,0.00,0.00,0.000,0.000,-0.938,1.120,0.153,2.56,6.88
strong,correction_off,13.15,0.00,0.00,0.000,0.000,-0.939,1.131,0.159,2.56,6.93
strong,correction_off,13.20,0.00,0.00,0.000,0.000,-0.939,1.136,0.162,2.56,7.00
strong,correction_off,13.25,0.00,0.00,0.000,0.000,-0.939,1.146,0.166,2.57,7.05
strong,correction_off,13.30,0.00,0.00,0.000,0.000,-0.938,1.152,0.169,2.59,7.10
strong,correction_off,13.35,0.00,0.00,0.000,0.000,-0.936,1.161,0.172,2.63,7.14
strong,correction_off,13.40,0.00,0.00,0.000,0.000,-0.935,1.166,0.174,2.66,7.18
strong,correction_off,13.45,0.00,0.00,0.000,0.000,-0.931,1.174,0.176,2.71,7.21
strong,correction_off,13.50,0.00,0.00,0.000,0.000,-0.928,1.179,0.178,2.77,7.24
strong,correction_off,13.55,0.00,0.00,0.000,0.000,-0.922,1.187,0.179,2.83,7.27
strong,correction_off,13.60,0.00,0.00,0.000,0.000,-0.919,1.190,0.179,2.89,7.30
strong,correction_off,13.65,0.00,0.00,0.000,0.000,-0.911,1.197,0.179,2.97,7.33
strong,correction_off,13.70,0.00,0.00,0.000,0.000,-0.905,1.200,0.178,3.04,7.36
strong,correction_off,13.75,0.00,0.00,0.000,0.000,-0.896,1.206,0.177,3.13,7.38
strong,correction_off,13.80,0.00,0.00,0.000,0.000,-0.891,1.208,0.177,3.21,7.41
strong,correction_off,13.85,0.00,0.00,0.000,0.000,-0.880,1.213,0.175,3.29,7.43
strong,correction_off,13.90,0.00,0.00,0.000,0.000,-0.873,1.215,0.174,3.41,7.45
strong,correction_off,13.95,0.00,0.00,0.000,0.000,-0.862,1.219,0.173,3.52,7.47
strong,correction_off,14.00,0.00,0.00,0.000,0.000,-0.856,1.221,0.173,3.62,7.49
strong,correction_off,14.05,0.00,0.00,0.000,0.000,-0.845,1.224,0.172,3.73,7.50
strong,correction_off,14.10,0.00,0.00,0.000,0.000,-0.838,1.225,0.172,3.82,7.51
strong,correction_off,14.15,0.00,0.00,0.000,0.000,-0.826,1.228,0.172,3.92,7.52
strong,correction_off,14.20,0.00,0.00,0.000,0.000,-0.820,1.229,0.172,4.01,7.53
strong,correction_off,14.25,0.00,0.00,0.000,0.000,-0.808,1.230,0.173,4.10,7.53
strong,correction_off,14.30,0.00,0.00,0.000,0.000,-0.801,1.231,0.173,4.18,7.53
strong,correction_off,14.35,0.00,0.00,0.000,0.000,-0.789,1.233,0.175,4.26,7.54
strong,correction_off,14.40,0.00,0.00,0.000,0.000,-0.783,1.233,0.176,4.34,7.54
strong,correction_off,14.45,0.00,0.00,0.000,0.000,-0.772,1.234,0.178,4.41,7.54
strong,correction_off,14.50,0.00,0.00,0.000,0.000,-0.765,1.234,0.179,4.47,7.54
strong,correction_off,14.55,0.00,0.00,0.000,0.000,-0.754,1.234,0.181,4.53,7.54
strong,correction_off,14.60,0.00,0.00,0.000,0.000,-0.748,1.234,0.183,4.59,7.53
strong,correction_off,14.65,0.00,0.00,0.000,0.000,-0.737,1.233,0.185,4.64,7.52
strong,correction_off,14.70,0.00,0.00,0.000,0.000,-0.731,1.232,0.186,4.69,7.51
strong,correction_off,14.75,0.00,0.00,0.000,0.000,-0.720,1.230,0.189,4.74,7.50
strong,correction_off,14.80,0.00,0.00,0.000,0.000,-0.715,1.229,0.190,4.78,7.48
strong,correction_off,14.85,0.00,0.00,0.000,0.000,-0.706,1.227,0.192,4.81,7.46
strong,correction_off,14.90,0.00,0.00,0.000,0.000,-0.701,1.225,0.193,4.86,7.44
strong,correction_off,14.95,0.00,0.00,0.000,0.000,-0.692,1.222,0.195,4.89,7.42
strong,correction_on,0.00,0.00,0.00,0.000,0.000,-0.781,1.188,0.268,3.76,1.78
strong,correction_on,0.05,0.00,0.00,0.000,0.000,-0.780,1.183,0.271,3.64,1.70
strong,correction_on,0.10,0.00,0.00,0.000,0.000,-0.780,1.171,0.276,3.54,1.61
strong,correction_on,0.15,0.00,0.00,0.000,0.000,-0.780,1.165,0.278,3.44,1.49
strong,correction_on,0.20,0.00,0.00,0.000,0.000,-0.781,1.154,0.282,3.36,1.38
strong,correction_on,0.25,0.00,0.00,0.000,0.000,-0.783,1.148,0.284,3.28,1.26
strong,correction_on,0.30,0.00,0.00,0.000,0.000,-0.786,1.135,0.288,3.21,1.17
strong,correction_on,0.35,0.00,0.00,0.000,0.000,-0.788,1.130,0.289,3.14,1.09
strong,correction_on,0.40,0.00,0.00,0.000,0.000,-0.792,1.120,0.292,3.08,1.04
strong,correction_on,0.45,0.00,0.00,0.000,0.000,-0.794,1.115,0.293,3.02,1.01
strong,correction_on,0.50,0.00,0.00,0.000,0.000,-0.799,1.104,0.295,2.97,1.00
strong,correction_on,0.55,0.00,0.00,0.000,0.000,-0.802,1.100,0.295,2.92,1.03
strong,correction_on,0.60,0.00,0.00,0.000,0.000,-0.807,1.092,0.296,2.87,1.06
strong,correction_on,0.65,0.00,0.00,0.000,0.000,-0.810,1.089,0.296,2.83,1.13
strong,correction_on,0.70,0.00,0.00,0.000,0.000,-0.816,1.083,0.296,2.80,1.20
strong,correction_on,0.75,0.00,0.00,0.000,0.000,-0.819,1.080,0.296,2.76,1.30
strong,correction_on,0.80,0.00,0.00,0.000,0.000,-0.825,1.077,0.294,2.73,1.41
strong,correction_on,0.85,0.00,0.00,0.000,0.000,-0.828,1.075,0.293,2.71,1.54
strong,correction_on,0.90,0.00,0.00,0.000,0.000,-0.835,1.074,0.289,2.69,1.67
strong,correction_on,0.95,5.80,3.07,-1.272,-0.673,-0.838,1.074,0.287,2.67,1.82
strong,correction_on,1.00,5.83,3.09,-1.279,-0.678,-0.845,1.076,0.281,2.65,1.97
strong,correction_on,1.05,5.89,3.15,-1.292,-0.690,-0.849,1.077,0.277,2.77,2.40
strong,correction_on,1.10,5.97,3.23,-1.311,-0.710,-0.859,1.082,0.267,3.29,3.39
strong,correction_on,1.15,6.08,3.35,-1.337,-0.737,-0.863,1.085,0.263,4.14,4.66
strong,correction_on,1.20,6.20,3.51,-1.367,-0.774,-0.873,1.090,0.252,4.93,5.73
strong,correction_on,1.25,6.24,3.62,-1.379,-0.800,-0.879,1.093,0.246,5.64,6.68
strong,correction_on,1.30,6.19,3.68,-1.372,-0.816,-0.896,1.099,0.231,6.11,7.35
strong,correction_on,1.35,6.10,3.74,-1.354,-0.830,-0.905,1.101,0.224,6.40,7.89
strong,correction_on,1.40,5.97,3.79,-1.329,-0.844,-0.926,1.104,0.211,6.48,8.22
strong,correction_on,1.45,5.87,3.84,-1.307,-0.856,-0.937,1.105,0.204,6.37,8.43
strong,correction_on,1.50,5.78,3.86,-1.288,-0.862,-0.968,1.104,0.193,6.14,8.49
strong,correction_on,1.55,5.70,3.88,-1.273,-0.865,-0.983,1.103,0.190,5.76,8.43
strong,correction_on,1.60,5.63,3.86,-1.256,-0.861,-1.016,1.098,0.189,5.33,8.29
strong,correction_on,1.65,5.59,3.86,-1.247,-0.861,-1.033,1.095,0.192,4.81,8.06
strong,correction_on,1.70,5.56,3.86,-1.242,-0.863,-1.074,1.086,0.206,4.32,7.79
strong,correction_on,1.75,5.55,3.88,-1.240,-0.866,-1.093,1.080,0.215,3.80,7.44
strong,correction_on,1.80,5.55,3.90,-1.241,-0.870,-1.130,1.068,0.240,3.34,7.09
strong,correction_on,1.85,5.57,3.92,-1.244,-0.875,-1.149,1.061,0.255,2.89,6.69
strong,correction_on,1.90,5.59,3.94,-1.249,-0.880,-1.191,1.043,0.291,2.52,6.32
strong,correction_on,1.95,5.62,3.96,-1.257,-0.884,-1.209,1.035,0.308,2.17,5.94
strong,correction_on,2.00,5.66,3.97,-1.266,-0.889,-1.243,1.017,0.344,1.91,5.59
strong,correction_on,2.05,5.70,3.99,-1.277,-0.894,-1.260,1.007,0.361,1.69,5.24
strong,correction_on,2.10,5.75,4.01,-1.288,-0.899,-1.296,0.986,0.401,1.55,4.94
strong,correction_on,2.15,5.79,4.03,-1.299,-0.904,-1.310,0.976,0.418,1.44,4.64
strong,correction_on,2.20,5.82,4.03,-1.307,-0.906,-1.338,0.958,0.450,1.39,4.39
strong,correction_on,2.25,5.86,4.04,-1.318,-0.908,-1.351,0.949,0.466,1.38,4.16
strong,correction_on,2.30,5.90,4.04,-1.330,-0.910,-1.378,0.929,0.498,1.40,3.98
strong,correction_on,2.35,5.94,4.03,-1.340,-0.910,-1.388,0.921,0.512,1.46,3.81
strong,correction_on,2.40,5.98,4.03,-1.353,-0.910,-1.408,0.905,0.537,1.53,3.68
strong,correction_on,2.45,6.02,4.02,-1.363,-0.911,-1.417,0.898,0.548,1.62,3.57
strong,correction_on,2.50,6.05,4.02,-1.372,-0.912,-1.435,0.885,0.570,1.72,3.50
strong,correction_on,2.55,6.07,4.03,-1.378,-0.915,-1.442,0.879,0.579,1.84,3.45
strong,correction_on,2.60,6.08,4.06,-1.382,-0.924,-1.455,0.871,0.594,1.96,3.42
strong,correction_on,2.65,6.07,4.11,-1.383,-0.937,-1.460,0.868,0.600,2.09,3.43
strong,correction_on,2.70,6.05,4.18,-1.380,-0.954,-1.472,0.863,0.612,2.20,3.45
strong,correction_on,2.75,6.01,4.26,-1.374,-0.974,-1.476,0.862,0.616,2.31,3.51
strong,correction_on,2.80,5.96,4.36,-1.365,-0.998,-1.485,0.862,0.622,2.40,3.60
strong,correction_on,2.85,5.89,4.46,-1.351,-1.023,-1.489,0.863,0.625,2.46,3.72
strong,correction_on,2.90,5.82,4.55,-1.337,-1.046,-1.499,0.867,0.628,2.49,3.87
strong,correction_on,2.95,5.77,4.62,-1.327,-1.064,-1.502,0.871,0.629,2.48,4.05
strong,correction_on,3.00,5.72,4.68,-1.319,-1.080,-1.510,0.879,0.629,2.45,4.23
strong,correction_on,3.05,5.69,4.74,-1.312,-1.093,-1.514,0.884,0.629,2.38,4.45
strong,correction_on,3.10,5.65,4.80,-1.306,-1.109,-1.522,0.897,0.627,2.29,4.65
strong,correction_on,3.15,5.64,4.89,-1.306,-1.132,-1.525,0.904,0.626,2.18,4.88
strong,correction_on,3.20,5.66,4.99,-1.312,-1.158,-1.532,0.919,0.622,2.08,5.08
strong,correction_on,3.25,5.69,5.11,-1.322,-1.188,-1.535,0.927,0.620,1.96,5.31
strong,correction_on,3.30,5.75,5.25,-1.340,-1.222,-1.542,0.947,0.614,1.86,5.53
strong,correction_on,3.35,5.82,5.40,-1.361,-1.262,-1.545,0.956,0.611,1.76,5.77
strong,correction_on,3.40,5.91,5.57,-1.386,-1.306,-1.550,0.975,0.606,1.69,6.02
strong,correction_on,3.45,6.00,5.74,-1.413,-1.351,-1.552,0.985,0.603,1.63,6.30
strong,correction_on,3.50,6.10,5.91,-1.440,-1.394,-1.557,1.007,0.596,1.58,6.57
strong,correction_on,3.55,6.20,6.07,-1.467,-1.436,-1.558,1.017,0.593,1.56,6.89
strong,correction_on,3.60,6.29,6.21,-1.493,-1.474,-1.561,1.036,0.586,1.56,7.20
strong,correction_on,3.65,6.38,6.35,-1.517,-1.511,-1.562,1.046,0.583,1.57,7.53
strong,correction_on,3.70,6.45,6.47,-1.539,-1.544,-1.563,1.066,0.576,1.60,7.83
strong,correction_on,3.75,6.52,6.58,-1.558,-1.573,-1.563,1.074,0.573,1.65,8.13
strong,correction_on,3.80,6.57,6.67,-1.574,-1.598,-1.563,1.090,0.568,1.70,8.40
strong,correction_on,3.85,6.61,6.74,-1.586,-1.618,-1.562,1.097,0.565,1.77,8.64
strong,correction_on,3.90,6.63,6.79,-1.595,-1.632,-1.561,1.113,0.558,1.84,8.84
strong,correction_on,3.95,6.62,6.81,-1.596,-1.642,-1.559,1.119,0.555,1.91,9.01
strong,correction_on,4.00,6.59,6.81,-1.591,-1.644,-1.556,1.131,0.548,1.98,9.13
strong,correction_on,4.05,6.55,6.78,-1.583,-1.638,-1.554,1.137,0.544,2.06,9.22
strong,correction_on,4.10,6.50,6.72,-1.575,-1.627,-1.549,1.147,0.536,2.12,9.26
strong,correction_on,4.15,6.46,6.65,-1.567,-1.614,-1.546,1.151,0.533,2.18,9.25
strong,correction_on,4.20,6.42,6.59,-1.559,-1.600,-1.540,1.158,0.525,2.24,9.20
strong,correction_on,4.25,6.38,6.52,-1.551,-1.586,-1.536,1.161,0.521,2.29,9.11
strong,correction_on,4.30,6.34,6.45,-1.544,-1.571,-1.528,1.165,0.512,2.35,8.98
strong,correction_on,4.35,6.30,6.38,-1.536,-1.555,-1.524,1.166,0.508,2.41,8.81
strong,correction_on,4.40,6.25,6.30,-1.527,-1.537,-1.515,1.168,0.498,2.48,8.64
strong,correction_on,4.45,6.21,6.21,-1.517,-1.519,-1.510,1.168,0.493,2.56,8.44
strong,correction_on,4.50,6.15,6.12,-1.506,-1.499,-1.498,1.168,0.482,2.65,8.24
strong,correction_on,4.55,6.10,6.03,-1.494,-1.477,-1.492,1.167,0.477,2.75,8.03
strong,correction_on,4.60,6.05,5.94,-1.484,-1.455,-1.480,1.165,0.466,2.84,7.83
strong,correction_on,4.65,6.01,5.85,-1.476,-1.435,-1.474,1.164,0.460,2.96,7.62
strong,correction_on,4.70,5.98,5.76,-1.469,-1.414,-1.460,1.161,0.447,3.06,7.43
strong,correction_on,4.75,5.95,5.67,-1.464,-1.394,-1.453,1.160,0.441,3.18,7.23
strong,correction_on,4.80,5.94,5.59,-1.461,-1.376,-1.439,1.157,0.429,3.29,7.05
strong,correction_on,4.85,5.94,5.52,-1.462,-1.359,-1.432,1.155,0.422,3.41,6.88
strong,correction_on,4.90,5.95,5.46,-1.465,-1.345,-1.415,1.152,0.407,3.52,6.73
strong,correction_on,4.95,5.97,5.40,-1.471,-1.331,-1.407,1.151,0.400,3.65,6.60
strong,correction_on,5.00,6.00,5.35,-1.480,-1.320,-1.391,1.150,0.385,3.77,6.49
strong,correction_on,5.05,6.04,5.30,-1.491,-1.309,-1.382,1.149,0.377,3.91,6.41
strong,correction_on,5.10,6.09,5.26,-1.503,-1.300,-1.363,1.149,0.360,4.04,6.36
strong,correction_on,5.15,6.13,5.22,-1.516,-1.291,-1.355,1.150,0.352,4.19,6.33
strong,correction_on,5.20,6.17,5.19,-1.527,-1.284,-1.338,1.151,0.336,4.32,6.33
strong,correction_on,5.25,6.21,5.16,-1.538,-1.276,-1.330,1.152,0.328,4.47,6.36
strong,correction_on,5.30,6.25,5.13,-1.547,-1.269,-1.312,1.155,0.311,4.60,6.40
strong,correction_on,5.35,6.28,5.10,-1.556,-1.263,-1.304,1.157,0.303,4.73,6.46
strong,correction_on,5.40,6.31,5.07,-1.564,-1.256,-1.288,1.160,0.287,4.85,6.53
strong,correction_on,5.45,6.34,5.04,-1.572,-1.248,-1.281,1.162,0.279,4.96,6.60
strong,correction_on,5.50,6.36,5.01,-1.578,-1.242,-1.264,1.166,0.263,5.04,6.68
strong,correction_on,5.55,6.39,4.98,-1.584,-1.235,-1.257,1.168,0.256,5.12,6.75
strong,correction_on,5.60,6.40,4.96,-1.588,-1.230,-1.244,1.172,0.242,5.18,6.82
strong,correction_on,5.65,6.40,4.94,-1.590,-1.225,-1.238,1.174,0.236,5.23,6.89
strong,correction_on,5.70,6.40,4.92,-1.589,-1.222,-1.225,1.178,0.222,5.26,6.95
strong,correction_on,5.75,6.38,4.91,-1.585,-1.220,-1.219,1.180,0.217,5.28,7.00
strong,correction_on,5.80,6.35,4.90,-1.578,-1.217,-1.209,1.183,0.206,5.28,7.04
strong,correction_on,5.85,6.32,4.88,-1.570,-1.213,-1.204,1.185,0.201,5.27,7.08
strong,correction_on,5.90,6.27,4.86,-1.559,-1.208,-1.194,1.188,0.191,5.24,7.10
strong,correction_on,5.95,6.22,4.84,-1.545,-1.202,-1.190,1.189,0.187,5.19,7.12
strong,correction_on,6.00,6.15,4.81,-1.528,-1.195,-1.183,1.191,0.180,5.14,7.13
strong,correction_on,6.05,6.08,4.79,-1.510,-1.188,-1.179,1.192,0.177,5.06,7.12
strong,correction_on,6.10,6.01,4.76,-1.490,-1.180,-1.173,1.193,0.171,4.98,7.10
strong,correction_on,6.15,5.93,4.73,-1.468,-1.171,-1.171,1.193,0.169,4.88,7.05
strong,correction_on,6.20,5.86,4.70,-1.448,-1.163,-1.167,1.192,0.166,4.78,7.00
strong,correction_on,6.25,5.79,4.68,-1.428,-1.155,-1.165,1.192,0.165,4.67,6.93
strong,correction_on,6.30,5.72,4.66,-1.408,-1.147,-1.162,1.190,0.163,4.56,6.85
strong,correction_on,6.35,5.65,4.64,-1.389,-1.139,-1.161,1.189,0.163,4.43,6.75
strong,correction_on,6.40,5.59,4.61,-1.371,-1.131,-1.159,1.186,0.163,4.32,6.65
strong,correction_on,6.45,5.53,4.59,-1.353,-1.123,-1.158,1.185,0.163,4.21,6.54
strong,correction_on,6.50,5.47,4.56,-1.335,-1.114,-1.156,1.180,0.164,4.11,6.44
strong,correction_on,6.55,5.42,4.54,-1.318,-1.104,-1.155,1.178,0.165,4.01,6.32
strong,correction_on,6.60,5.37,4.51,-1.303,-1.094,-1.152,1.172,0.167,3.94,6.21
strong,correction_on,6.65,5.32,4.48,-1.287,-1.083,-1.151,1.169,0.168,3.86,6.10
strong,correction_on,6.70,5.28,4.44,-1.273,-1.072,-1.147,1.162,0.170,3.82,5.99
strong,correction_on,6.75,5.24,4.41,-1.261,-1.061,-1.144,1.159,0.171,3.78,5.88
strong,correction_on,6.80,5.22,4.38,-1.250,-1.050,-1.139,1.153,0.172,3.76,5.77
strong,correction_on,6.85,5.19,4.35,-1.241,-1.040,-1.137,1.150,0.173,3.76,5.67
strong,correction_on,6.90,5.18,4.32,-1.234,-1.029,-1.129,1.144,0.174,3.77,5.59
strong,correction_on,6.95,5.18,4.29,-1.230,-1.018,-1.126,1.141,0.174,3.81,5.51
strong,correction_on,7.00,5.19,4.26,-1.229,-1.008,-1.119,1.137,0.174,3.85,5.44
strong,correction_on,7.05,5.21,4.23,-1.230,-0.998,-1.115,1.134,0.174,3.91,5.39
strong,correction_on,7.10,5.24,4.20,-1.233,-0.989,-1.106,1.130,0.174,3.98,5.35
strong,correction_on,7.15,5.28,4.17,-1.239,-0.979,-1.102,1.128,0.174,4.07,5.33
strong,correction_on,7.20,5.34,4.13,-1.250,-0.968,-1.094,1.124,0.174,4.16,5.31
strong,correction_on,7.25,5.42,4.09,-1.266,-0.956,-1.090,1.123,0.175,4.26,5.31
strong,correction_on,7.30,5.51,4.06,-1.286,-0.946,-1.082,1.120,0.175,4.37,5.32
strong,correction_on,7.35,5.62,4.03,-1.310,-0.940,-1.078,1.119,0.175,4.49,5.34
strong,correction_on,7.40,5.74,4.03,-1.336,-0.937,-1.071,1.117,0.175,4.60,5.36
strong,correction_on,7.45,5.87,4.03,-1.366,-0.937,-1.068,1.116,0.174,4.74,5.40
strong,correction_on,7.50,6.00,4.05,-1.397,-0.943,-1.062,1.116,0.174,4.86,5.45
strong,correction_on,7.55,6.14,4.09,-1.430,-0.953,-1.060,1.116,0.173,5.00,5.51
strong,correction_on,7.60,6.28,4.14,-1.465,-0.965,-1.057,1.117,0.172,5.12,5.58
strong,correction_on,7.65,6.42,4.18,-1.500,-0.978,-1.056,1.118,0.171,5.25,5.68
strong,correction_on,7.70,6.55,4.24,-1.535,-0.992,-1.055,1.120,0.168,5.35,5.79
strong,correction_on,7.75,6.68,4.29,-1.569,-1.007,-1.055,1.122,0.167,5.44,5.92
strong,correction_on,7.80,6.79,4.34,-1.601,-1.023,-1.056,1.125,0.164,5.51,6.06
strong,correction_on,7.85,6.90,4.39,-1.630,-1.038,-1.057,1.127,0.162,5.56,6.21
strong,correction_on,7.90,6.97,4.44,-1.653,-1.053,-1.061,1.131,0.159,5.60,6.36
strong,correction_on,7.95,7.03,4.50,-1.671,-1.069,-1.064,1.133,0.157,5.61,6.52
strong,correction_on,8.00,7.07,4.55,-1.685,-1.085,-1.070,1.137,0.155,5.60,6.65
strong,correction_on,8.05,7.11,4.61,-1.697,-1.100,-1.074,1.138,0.154,5.56,6.79
strong,correction_on,8.10,7.12,4.66,-1.703,-1.116,-1.085,1.142,0.154,5.50,6.89
strong,correction_on,8.15,7.10,4.72,-1.703,-1.132,-1.090,1.143,0.155,5.40,6.99
strong,correction_on,8.20,7.05,4.78,-1.695,-1.148,-1.102,1.145,0.159,5.29,7.05
strong,correction_on,8.25,6.97,4.83,-1.679,-1.164,-1.109,1.145,0.162,5.14,7.10
strong,correction_on,8.30,6.86,4.89,-1.655,-1.179,-1.124,1.145,0.169,4.98,7.11
strong,correction_on,8.35,6.73,4.94,-1.627,-1.193,-1.131,1.145,0.174,4.77,7.10
strong,correction_on,8.40,6.60,4.98,-1.596,-1.206,-1.146,1.143,0.184,4.56,7.07
strong,correction_on,8.45,6.47,5.02,-1.569,-1.216,-1.153,1.142,0.190,4.31,7.00
strong,correction_on,8.50,6.36,5.04,-1.543,-1.223,-1.170,1.138,0.204,4.06,6.92
strong,correction_on,8.55,6.25,5.05,-1.519,-1.228,-1.177,1.136,0.211,3.78,6.81
strong,correction_on,8.60,6.14,5.05,-1.495,-1.230,-1.192,1.130,0.224,3.51,6.69
strong,correction_on,8.65,6.04,5.05,-1.470,-1.229,-1.199,1.127,0.232,3.24,6.54
strong,correction_on,8.70,5.93,5.03,-1.445,-1.225,-1.214,1.119,0.248,3.01,6.39
strong,correction_on,8.75,5.83,5.00,-1.420,-1.218,-1.220,1.116,0.255,2.79,6.22
strong,correction_on,8.80,5.74,4.96,-1.397,-1.209,-1.231,1.108,0.269,2.62,6.05
strong,correction_on,8.85,5.65,4.92,-1.375,-1.198,-1.236,1.104,0.275,2.46,5.87
strong,correction_on,8.90,5.58,4.88,-1.355,-1.186,-1.247,1.095,0.289,2.35,5.69
strong,correction_on,8.95,5.51,4.84,-1.337,-1.174,-1.251,1.091,0.294,2.26,5.50
strong,correction_on,9.00,5.45,4.80,-1.319,-1.164,-1.257,1.084,0.304,2.20,5.32
strong,correction_on,9.05,5.38,4.78,-1.302,-1.155,-1.260,1.081,0.308,2.18,5.15
strong,correction_on,9.10,5.32,4.75,-1.283,-1.147,-1.264,1.074,0.315,2.17,5.00
strong,correction_on,9.15,5.26,4.74,-1.267,-1.141,-1.265,1.071,0.318,2.20,4.86
strong,correction_on,9.20,5.22,4.74,-1.253,-1.138,-1.265,1.067,0.321,2.24,4.75
strong,correction_on,9.25,5.18,4.75,-1.242,-1.139,-1.264,1.065,0.322,2.30,4.65
strong,correction_on,9.30,5.17,4.79,-1.237,-1.145,-1.262,1.061,0.323,2.36,4.59
strong,correction_on,9.35,5.17,4.84,-1.235,-1.155,-1.260,1.061,0.322,2.44,4.54
strong,correction_on,9.40,5.19,4.90,-1.238,-1.169,-1.254,1.061,0.318,2.52,4.54
strong,correction_on,9.45,5.26,4.97,-1.253,-1.184,-1.251,1.061,0.315,2.62,4.57
strong,correction_on,9.50,5.37,5.04,-1.279,-1.201,-1.242,1.065,0.307,2.72,4.64
strong,correction_on,9.55,5.52,5.10,-1.316,-1.215,-1.238,1.067,0.302,2.83,4.76
strong,correction_on,9.60,5.71,5.15,-1.361,-1.227,-1.229,1.072,0.292,2.95,4.91
strong,correction_on,9.65,5.92,5.18,-1.414,-1.238,-1.224,1.076,0.286,3.10,5.12
strong,correction_on,9.70,6.16,5.21,-1.474,-1.247,-1.214,1.085,0.273,3.26,5.33
strong,correction_on,9.75,6.39,5.22,-1.532,-1.253,-1.210,1.089,0.266,3.47,5.59
strong,correction_on,9.80,6.60,5.23,-1.588,-1.257,-1.201,1.100,0.253,3.69,5.85
strong,correction_on,9.85,6.81,5.23,-1.639,-1.259,-1.197,1.105,0.246,3.94,6.14
strong,correction_on,9.90,6.99,5.23,-1.688,-1.262,-1.188,1.118,0.230,4.19,6.40
strong,correction_on,9.95,7.19,5.25,-1.737,-1.270,-1.185,1.124,0.224,4.47,6.68
strong,correction_on,10.00,7.38,5.29,-1.786,-1.281,-1.178,1.137,0.211,4.72,6.92
strong,correction_on,10.05,7.57,5.34,-1.835,-1.295,-1.176,1.143,0.204,4.97,7.17
strong,correction_on,10.10,7.74,5.41,-1.880,-1.313,-1.171,1.157,0.191,5.17,7.37
strong,correction_on,10.15,7.90,5.47,-1.920,-1.331,-1.170,1.163,0.186,5.36,7.58
strong,correction_on,10.20,8.01,5.53,-1.951,-1.347,-1.168,1.175,0.177,5.50,7.77
strong,correction_on,10.25,8.09,5.58,-1.973,-1.361,-1.168,1.181,0.174,5.61,7.95
strong,correction_on,10.30,8.13,5.62,-1.984,-1.373,-1.170,1.192,0.168,5.67,8.11
strong,correction_on,10.35,8.12,5.65,-1.986,-1.382,-1.171,1.197,0.166,5.70,8.25
strong,correction_on,10.40,8.08,5.67,-1.976,-1.388,-1.175,1.206,0.165,5.69,8.35
strong,correction_on,10.45,7.99,5.69,-1.958,-1.393,-1.177,1.210,0.165,5.62,8.43
strong,correction_on,10.50,7.86,5.69,-1.928,-1.395,-1.184,1.217,0.169,5.51,8.47
strong,correction_on,10.55,7.70,5.69,-1.890,-1.395,-1.188,1.219,0.171,5.35,8.46
strong,correction_on,10.60,7.51,5.67,-1.846,-1.393,-1.196,1.222,0.177,5.16,8.41
strong,correction_on,10.65,7.32,5.65,-1.798,-1.388,-1.200,1.223,0.181,4.91,8.31
strong,correction_on,10.70,7.11,5.60,-1.749,-1.378,-1.210,1.224,0.190,4.66,8.17
strong,correction_on,10.75,6.90,5.55,-1.698,-1.366,-1.215,1.223,0.194,4.35,7.98
strong,correction_on,10.80,6.70,5.50,-1.650,-1.356,-1.224,1.221,0.204,4.04,7.77
strong,correction_on,10.85,6.51,5.46,-1.605,-1.346,-1.228,1.219,0.209,3.71,7.51
strong,correction_on,10.90,6.35,5.42,-1.566,-1.337,-1.237,1.214,0.219,3.40,7.25
strong,correction_on,10.95,6.20,5.37,-1.531,-1.327,-1.241,1.211,0.223,3.09,6.95
strong,correction_on,11.00,6.07,5.32,-1.499,-1.313,-1.247,1.205,0.231,2.83,6.67
strong,correction_on,11.05,5.95,5.26,-1.471,-1.299,-1.249,1.201,0.235,2.58,6.38
strong,correction_on,11.10,5.86,5.19,-1.448,-1.283,-1.253,1.193,0.241,2.40,6.12
strong,correction_on,11.15,5.79,5.13,-1.429,-1.267,-1.253,1.189,0.243,2.25,5.85
strong,correction_on,11.20,5.73,5.07,-1.413,-1.251,-1.253,1.181,0.246,2.17,5.63
strong,correction_on,11.25,5.67,5.01,-1.399,-1.234,-1.252,1.177,0.247,2.13,5.41
strong,correction_on,11.30,5.64,4.94,-1.387,-1.216,-1.247,1.168,0.247,2.14,5.23
strong,correction_on,11.35,5.60,4.87,-1.376,-1.198,-1.244,1.165,0.246,2.20,5.05
strong,correction_on,11.40,5.57,4.81,-1.365,-1.179,-1.237,1.158,0.243,2.30,4.92
strong,correction_on,11.45,5.54,4.74,-1.356,-1.161,-1.233,1.156,0.241,2.44,4.81
strong,correction_on,11.50,5.54,4.70,-1.354,-1.147,-1.222,1.151,0.234,2.59,4.73
strong,correction_on,11.55,5.56,4.66,-1.355,-1.135,-1.216,1.150,0.230,2.78,4.66
strong,correction_on,11.60,5.59,4.63,-1.361,-1.126,-1.204,1.148,0.222,2.97,4.63
strong,correction_on,11.65,5.64,4.61,-1.370,-1.119,-1.198,1.148,0.217,3.18,4.62
strong,correction_on,11.70,5.70,4.59,-1.381,-1.114,-1.183,1.150,0.204,3.37,4.65
strong,correction_on,11.75,5.78,4.57,-1.401,-1.107,-1.176,1.152,0.198,3.58,4.71
strong,correction_on,11.80,5.90,4.53,-1.427,-1.097,-1.162,1.158,0.184,3.78,4.80
strong,correction_on,11.85,6.04,4.49,-1.461,-1.085,-1.156,1.161,0.177,3.99,4.93
strong,correction_on,11.90,6.21,4.44,-1.502,-1.074,-1.141,1.170,0.160,4.17,5.08
strong,correction_on,11.95,6.39,4.39,-1.547,-1.063,-1.135,1.175,0.153,4.37,5.26
strong,correction_on,12.00,6.54,4.35,-1.585,-1.054,-1.122,1.185,0.137,4.56,5.44
strong,correction_on,12.05,6.68,4.32,-1.621,-1.048,-1.117,1.191,0.129,4.76,5.65
strong,correction_on,12.10,6.80,4.32,-1.653,-1.050,-1.105,1.204,0.111,4.96,5.85
strong,correction_on,12.15,6.93,4.36,-1.686,-1.060,-1.100,1.210,0.103,5.16,6.07
strong,correction_on,12.20,7.06,4.41,-1.720,-1.075,-1.091,1.223,0.088,5.34,6.27
strong,correction_on,12.25,7.20,4.48,-1.755,-1.093,-1.087,1.229,0.081,5.51,6.49
strong,correction_on,12.30,7.34,4.56,-1.793,-1.114,-1.081,1.244,0.066,5.63,6.69
strong,correction_on,12.35,7.50,4.65,-1.834,-1.137,-1.078,1.250,0.060,5.73,6.92
strong,correction_on,12.40,7.65,4.75,-1.872,-1.162,-1.076,1.263,0.051,5.79,7.13
strong,correction_on,12.45,7.78,4.85,-1.907,-1.187,-1.076,1.269,0.048,5.82,7.36
strong,correction_on,12.50,7.88,4.94,-1.933,-1.211,-1.077,1.283,0.046,5.83,7.57
strong,correction_on,12.55,7.94,5.02,-1.950,-1.232,-1.078,1.288,0.047,5.80,7.79
strong,correction_on,12.60,7.96,5.09,-1.957,-1.250,-1.082,1.299,0.053,5.76,7.98
strong,correction_on,12.65,7.96,5.15,-1.956,-1.266,-1.085,1.303,0.057,5.68,8.17
strong,correction_on,12.70,7.91,5.20,-1.946,-1.279,-1.092,1.312,0.067,5.59,8.31
strong,correction_on,12.75,7.83,5.23,-1.927,-1.289,-1.096,1.315,0.072,5.45,8.42
strong,correction_on,12.80,7.70,5.27,-1.897,-1.298,-1.105,1.320,0.082,5.29,8.48
strong,correction_on,12.85,7.53,5.30,-1.856,-1.306,-1.110,1.322,0.087,5.09,8.49
strong,correction_on,12.90,7.34,5.31,-1.811,-1.310,-1.121,1.323,0.097,4.87,8.46
strong,correction_on,12.95,7.15,5.30,-1.764,-1.309,-1.126,1.323,0.102,4.61,8.37
strong,correction_on,13.00,6.96,5.28,-1.720,-1.304,-1.136,1.322,0.111,4.35,8.25
strong,correction_on,13.05,6.78,5.24,-1.677,-1.296,-1.141,1.320,0.115,4.04,8.07
strong,correction_on,13.10,6.62,5.21,-1.636,-1.288,-1.152,1.314,0.125,3.75,7.87
strong,correction_on,13.15,6.45,5.18,-1.597,-1.281,-1.157,1.311,0.129,3.44,7.61
strong,correction_on,13.20,6.29,5.13,-1.558,-1.270,-1.166,1.303,0.136,3.17,7.36
strong,correction_on,13.25,6.14,5.07,-1.521,-1.256,-1.170,1.298,0.140,2.91,7.06
strong,correction_on,13.30,6.02,5.01,-1.489,-1.240,-1.178,1.286,0.147,2.70,6.79
strong,correction_on,13.35,5.91,4.95,-1.463,-1.224,-1.181,1.281,0.150,2.51,6.48
strong,correction_on,13.40,5.83,4.88,-1.440,-1.207,-1.185,1.269,0.156,2.37,6.20
strong,correction_on,13.45,5.76,4.82,-1.422,-1.190,-1.187,1.263,0.158,2.27,5.90
strong,correction_on,13.50,5.72,4.76,-1.408,-1.173,-1.187,1.249,0.161,2.22,5.63
strong,correction_on,13.55,5.68,4.70,-1.396,-1.155,-1.186,1.244,0.162,2.21,5.37
strong,correction_on,13.60,5.65,4.63,-1.386,-1.136,-1.183,1.233,0.161,2.24,5.15
strong,correction_on,13.65,5.61,4.56,-1.374,-1.117,-1.180,1.227,0.161,2.33,4.94
strong,correction_on,13.70,5.58,4.49,-1.363,-1.096,-1.171,1.217,0.157,2.44,4.78
strong,correction_on,13.75,5.56,4.42,-1.354,-1.077,-1.166,1.213,0.154,2.61,4.64
strong,correction_on,13.80,5.54,4.35,-1.346,-1.058,-1.155,1.205,0.148,2.78,4.53
strong,correction_on,13.85,5.53,4.29,-1.340,-1.040,-1.148,1.202,0.145,2.99,4.46
strong,correction_on,13.90,5.55,4.24,-1.340,-1.025,-1.132,1.197,0.135,3.20,4.41
strong,correction_on,13.95,5.58,4.20,-1.343,-1.013,-1.124,1.195,0.131,3.43,4.39
strong,correction_on,14.00,5.62,4.17,-1.350,-1.002,-1.108,1.193,0.121,3.65,4.39
strong,correction_on,14.05,5.68,4.13,-1.363,-0.989,-1.100,1.193,0.117,3.88,4.43
strong,correction_on,14.10,5.79,4.08,-1.387,-0.977,-1.082,1.194,0.106,4.10,4.50
strong,correction_on,14.15,5.94,4.03,-1.420,-0.964,-1.074,1.196,0.101,4.32,4.59
strong,correction_on,14.20,6.11,3.98,-1.459,-0.951,-1.058,1.200,0.091,4.52,4.71
strong,correction_on,14.25,6.28,3.94,-1.499,-0.941,-1.050,1.203,0.086,4.74,4.85
strong,correction_on,14.30,6.43,3.90,-1.536,-0.932,-1.034,1.212,0.075,4.95,5.01
strong,correction_on,14.35,6.56,3.88,-1.567,-0.926,-1.027,1.216,0.071,5.17,5.20
strong,correction_on,14.40,6.68,3.86,-1.597,-0.923,-1.014,1.226,0.063,5.38,5.39
strong,correction_on,14.45,6.79,3.85,-1.625,-0.922,-1.009,1.232,0.059,5.60,5.61
strong,correction_on,14.50,6.90,3.89,-1.655,-0.934,-0.997,1.245,0.054,5.78,5.82
strong,correction_on,14.55,7.02,3.95,-1.687,-0.950,-0.992,1.252,0.052,5.94,6.04
strong,correction_on,14.60,7.14,4.03,-1.720,-0.970,-0.984,1.265,0.051,6.06,6.26
strong,correction_on,14.65,7.28,4.12,-1.756,-0.993,-0.981,1.272,0.051,6.15,6.49
strong,correction_on,14.70,7.42,4.22,-1.793,-1.020,-0.976,1.288,0.054,6.20,6.72
strong,correction_on,14.75,7.57,4.33,-1.832,-1.049,-0.975,1.295,0.056,6.22,6.97
strong,correction_on,14.80,7.71,4.45,-1.870,-1.080,-0.974,1.309,0.061,6.20,7.21
strong,correction_on,14.85,7.86,4.57,-1.909,-1.110,-0.975,1.315,0.063,6.16,7.47
strong,correction_on,14.90,7.96,4.68,-1.936,-1.137,-0.977,1.329,0.068,6.10,7.70
strong,correction_on,14.95,8.02,4.78,-1.953,-1.163,-0.979,1.335,0.070,6.02,7.95
crosswind,correction_off,0.00,0.00,0.00,0.000,0.000,-1.326,1.403,0.328,-1.29,2.73
crosswind,correction_off,0.05,0.00,0.00,0.000,0.000,-1.322,1.418,0.340,-1.23,2.74
crosswind,correction_off,0.10,0.00,0.00,0.000,0.000,-1.320,1.424,0.344,-1.14,2.74
crosswind,correction_off,0.15,0.00,0.00,0.000,0.000,-1.313,1.437,0.353,-1.06,2.75
crosswind,correction_off,0.20,0.00,0.00,0.000,0.000,-1.309,1.444,0.357,-0.96,2.76
crosswind,correction_off,0.25,0.00,0.00,0.000,0.000,-1.299,1.458,0.366,-0.87,2.79
crosswind,correction_off,0.30,0.00,0.00,0.000,0.000,-1.293,1.464,0.370,-0.76,2.84
crosswind,correction_off,0.35,0.00,0.00,0.000,0.000,-1.280,1.475,0.377,-0.64,2.90
crosswind,correction_off,0.40,0.00,0.00,0.000,0.000,-1.273,1.481,0.380,-0.51,2.99
crosswind,correction_off,0.45,0.00,0.00,0.000,0.000,-1.255,1.495,0.389,-0.38,3.09
crosswind,correction_off,0.50,0.00,0.00,0.000,0.000,-1.246,1.501,0.393,-0.22,3.22
crosswind,correction_off,0.55,0.00,0.00,0.000,0.000,-1.226,1.514,0.402,-0.06,3.34
crosswind,correction_off,0.60,0.00,0.00,0.000,0.000,-1.215,1.520,0.407,0.13,3.50
crosswind,correction_off,0.65,0.00,0.00,0.000,0.000,-1.189,1.534,0.419,0.32,3.65
crosswind,correction_off,0.70,0.00,0.00,0.000,0.000,-1.177,1.540,0.424,0.55,3.83
crosswind,correction_off,0.75,0.00,0.00,0.000,0.000,-1.152,1.553,0.437,0.77,3.99
crosswind,correction_off,0.80,0.00,0.00,0.000,0.000,-1.139,1.559,0.443,1.02,4.18
crosswind,correction_off,0.85,0.00,0.00,0.000,0.000,-1.108,1.571,0.459,1.26,4.34
crosswind,correction_off,0.90,0.00,0.00,0.000,0.000,-1.094,1.576,0.466,1.54,4.52
crosswind,correction_off,0.95,0.00,0.00,0.000,0.000,-1.066,1.586,0.481,1.79,4.67
crosswind,correction_off,1.00,0.00,0.00,0.000,0.000,-1.052,1.591,0.489,2.07,4.82
crosswind,correction_off,1.05,0.00,0.00,0.000,0.000,-1.019,1.600,0.506,2.34,4.95
crosswind,correction_off,1.10,0.00,0.00,0.000,0.000,-1.004,1.603,0.514,2.62,5.07
crosswind,correction_off,1.15,0.00,0.00,0.000,0.000,-0.973,1.609,0.529,2.88,5.17
crosswind,correction_off,1.20,0.00,0.00,0.000,0.000,-0.957,1.611,0.537,3.16,5.26
crosswind,correction_off,1.25,0.00,0.00,0.000,0.000,-0.921,1.614,0.555,3.42,5.33
crosswind,correction_off,1.30,0.00,0.00,0.000,0.000,-0.905,1.614,0.563,3.71,5.39
crosswind,correction_off,1.35,0.00,0.00,0.000,0.000,-0.872,1.614,0.579,3.97,5.42
crosswind,correction_off,1.40,0.00,0.00,0.000,0.000,-0.856,1.613,0.586,4.26,5.44
crosswind,correction_off,1.45,0.00,0.00,0.000,0.000,-0.820,1.609,0.603,4.52,5.44
crosswind,correction_off,1.50,0.00,0.00,0.000,0.000,-0.804,1.607,0.610,4.80,5.43
crosswind,correction_off,1.55,0.00,0.00,0.000,0.000,-0.772,1.600,0.625,5.06,5.39
crosswind,correction_off,1.60,0.00,0.00,0.000,0.000,-0.756,1.596,0.632,5.33,5.34
crosswind,correction_off,1.65,0.00,0.00,0.000,0.000,-0.721,1.585,0.648,5.58,5.28
crosswind,correction_off,1.70,0.00,0.00,0.000,0.000,-0.705,1.580,0.654,5.84,5.20
crosswind,correction_off,1.75,0.00,0.00,0.000,0.000,-0.675,1.567,0.667,6.07,5.11
crosswind,correction_off,1.80,0.00,0.00,0.000,0.000,-0.660,1.560,0.674,6.31,5.01
crosswind,correction_off,1.85,0.00,0.00,0.000,0.000,-0.627,1.543,0.688,6.53,4.89
crosswind,correction_off,1.90,0.00,0.00,0.000,0.000,-0.613,1.534,0.694,6.75,4.76
crosswind,correction_off,1.95,0.00,0.00,0.000,0.000,-0.585,1.516,0.706,6.95,4.63
crosswind,correction_off,2.00,0.00,0.00,0.000,0.000,-0.571,1.505,0.711,7.16,4.48
crosswind,correction_off,2.05,0.00,0.00,0.000,0.000,-0.543,1.481,0.723,7.35,4.33
crosswind,correction_off,2.10,0.00,0.00,0.000,0.000,-0.531,1.469,0.728,7.54,4.15
crosswind,correction_off,2.15,0.00,0.00,0.000,0.000,-0.508,1.444,0.737,7.71,3.99
crosswind,correction_off,2.20,0.00,0.00,0.000,0.000,-0.497,1.431,0.741,7.88,3.79
crosswind,correction_off,2.25,0.00,0.00,0.000,0.000,-0.474,1.400,0.749,8.02,3.60
crosswind,correction_off,2.30,0.00,0.00,0.000,0.000,-0.464,1.385,0.752,8.17,3.39
crosswind,correction_off,2.35,0.00,0.00,0.000,0.000,-0.447,1.355,0.759,8.29,3.18
crosswind,correction_off,2.40,0.00,0.00,0.000,0.000,-0.438,1.339,0.762,8.41,2.95
crosswind,correction_off,2.45,0.00,0.00,0.000,0.000,-0.422,1.302,0.768,8.52,2.73
crosswind,correction_off,2.50,0.00,0.00,0.000,0.000,-0.416,1.286,0.770,8.62,2.48
crosswind,correction_off,2.55,0.00,0.00,0.000,0.000,-0.405,1.251,0.774,8.70,2.25
crosswind,correction_off,2.60,0.00,0.00,0.000,0.000,-0.400,1.234,0.776,8.78,2.00
crosswind,correction_off,2.65,0.00,0.00,0.000,0.000,-0.392,1.194,0.779,8.84,1.76
crosswind,correction_off,2.70,0.00,0.00,0.000,0.000,-0.389,1.176,0.780,8.89,1.51
crosswind,correction_off,2.75,0.00,0.00,0.000,0.000,-0.386,1.140,0.782,8.92,1.27
crosswind,correction_off,2.80,0.00,0.00,0.000,0.000,-0.385,1.121,0.782,8.94,1.01
crosswind,correction_off,2.85,0.00,0.00,0.000,0.000,-0.384,1.081,0.783,8.95,0.77
crosswind,correction_off,2.90,0.00,0.00,0.000,0.000,-0.385,1.063,0.783,8.94,0.52
crosswind,correction_off,2.95,0.00,0.00,0.000,0.000,-0.388,1.027,0.783,8.93,0.30
crosswind,correction_off,3.00,0.00,0.00,0.000,0.000,-0.391,1.009,0.783,8.89,0.06
crosswind,correction_off,3.05,0.00,0.00,0.000,0.000,-0.399,0.969,0.782,8.85,-0.15
crosswind,correction_off,3.10,0.00,0.00,0.000,0.000,-0.403,0.952,0.782,8.79,-0.38
crosswind,correction_off,3.15,0.00,0.00,0.000,0.000,-0.412,0.918,0.781,8.73,-0.58
crosswind,correction_off,3.20,0.00,0.00,0.000,0.000,-0.417,0.901,0.780,8.65,-0.79
crosswind,correction_off,3.25,0.00,0.00,0.000,0.000,-0.431,0.864,0.778,8.57,-0.97
crosswind,correction_off,3.30,0.00,0.00,0.000,0.000,-0.437,0.848,0.777,8.48,-1.16
crosswind,correction_off,3.35,0.00,0.00,0.000,0.000,-0.452,0.818,0.775,8.38,-1.32
crosswind,correction_off,3.40,0.00,0.00,0.000,0.000,-0.460,0.802,0.773,8.27,-1.49
crosswind,correction_off,3.45,0.00,0.00,0.000,0.000,-0.479,0.769,0.770,8.17,-1.63
crosswind,correction_off,3.50,0.00,0.00,0.000,0.000,-0.488,0.755,0.769,8.05,-1.78
crosswind,correction_off,3.55,0.00,0.00,0.000,0.000,-0.508,0.727,0.765,7.94,-1.91
crosswind,correction_off,3.60,0.00,0.00,0.000,0.000,-0.518,0.714,0.763,7.81,-2.04
crosswind,correction_off,3.65,0.00,0.00,0.000,0.000,-0.543,0.685,0.758,7.69,-2.15
crosswind,correction_off,3.70,0.00,0.00,0.000,0.000,-0.555,0.672,0.756,7.55,-2.27
crosswind,correction_off,3.75,0.00,0.00,0.000,0.000,-0.579,0.649,0.751,7.42,-2.37
crosswind,correction_off,3.80,0.00,0.00,0.000,0.000,-0.592,0.638,0.748,7.28,-2.48
crosswind,correction_off,3.85,0.00,0.00,0.000,0.000,-0.622,0.614,0.741,7.14,-2.57
crosswind,correction_off,3.90,0.00,0.00,0.000,0.000,-0.637,0.604,0.737,6.98,-2.66
crosswind,correction_off,3.95,0.00,0.00,0.000,0.000,-0.666,0.585,0.730,6.83,-2.74
crosswind,correction_off,4.00,0.00,0.00,0.000,0.000,-0.682,0.576,0.726,6.65,-2.81
crosswind,correction_off,4.05,0.00,0.00,0.000,0.000,-0.718,0.558,0.716,6.49,-2.88
crosswind,correction_off,4.10,0.00,0.00,0.000,0.000,-0.734,0.551,0.712,6.31,-2.94
crosswind,correction_off,4.15,0.00,0.00,0.000,0.000,-0.768,0.538,0.702,6.13,-3.00
crosswind,correction_off,4.20,0.00,0.00,0.000,0.000,-0.785,0.533,0.697,5.93,-3.05
crosswind,correction_off,4.25,0.00,0.00,0.000,0.000,-0.825,0.522,0.685,5.75,-3.08
crosswind,correction_off,4.30,0.00,0.00,0.000,0.000,-0.843,0.519,0.679,5.54,-3.11
crosswind,correction_off,4.35,0.00,0.00,0.000,0.000,-0.879,0.514,0.668,5.35,-3.12
crosswind,correction_off,4.40,0.00,0.00,0.000,0.000,-0.897,0.512,0.662,5.14,-3.13
crosswind,correction_off,4.45,0.00,0.00,0.000,0.000,-0.938,0.510,0.648,4.92,-3.12
crosswind,correction_off,4.50,0.00,0.00,0.000,0.000,-0.956,0.510,0.641,4.73,-3.10
crosswind,correction_off,4.55,0.00,0.00,0.000,0.000,-0.992,0.512,0.629,4.53,-3.06
crosswind,correction_off,4.60,0.00,0.00,0.000,0.000,-1.010,0.514,0.622,4.33,-3.01
crosswind,correction_off,4.65,0.00,0.00,0.000,0.000,-1.049,0.520,0.607,4.15,-2.95
crosswind,correction_off,4.70,0.00,0.00,0.000,0.000,-1.067,0.524,0.600,3.95,-2.88
crosswind,correction_off,4.75,0.00,0.00,0.000,0.000,-1.102,0.532,0.587,3.78,-2.80
crosswind,correction_off,4.80,0.00,0.00,0.000,0.000,-1.119,0.537,0.581,3.60,-2.70
crosswind,correction_off,4.85,0.00,0.00,0.000,0.000,-1.157,0.550,0.566,3.44,-2.61
crosswind,correction_off,4.90,0.00,0.00,0.000,0.000,-1.174,0.557,0.559,3.27,-2.50
crosswind,correction_off,4.95,0.00,0.00,0.000,0.000,-1.206,0.571,0.547,3.12,-2.39
crosswind,correction_off,5.00,0.00,0.00,0.000,0.000,-1.222,0.579,0.540,2.96,-2.27
crosswind,correction_off,5.05,0.00,0.00,0.000,0.000,-1.257,0.598,0.526,2.82,-2.15
crosswind,correction_off,5.10,0.00,0.00,0.000,0.000,-1.271,0.608,0.519,2.68,-2.02
crosswind,correction_off,5.15,0.00,0.00,0.000,0.000,-1.300,0.628,0.506,2.56,-1.89
crosswind,correction_off,5.20,0.00,0.00,0.000,0.000,-1.313,0.639,0.499,2.44,-1.74
crosswind,correction_off,5.25,0.00,0.00,0.000,0.000,-1.342,0.665,0.484,2.33,-1.60
crosswind,correction_off,5.30,0.00,0.00,0.000,0.000,-1.355,0.678,0.477,2.23,-1.43
crosswind,correction_off,5.35,0.00,0.00,0.000,0.000,-1.378,0.704,0.463,2.14,-1.27
crosswind,correction_off,5.40,0.00,0.00,0.000,0.000,-1.389,0.717,0.456,2.05,-1.08
crosswind,correction_off,5.45,0.00,0.00,0.000,0.000,-1.412,0.749,0.441,1.98,-0.91
crosswind,correction_off,5.50,0.00,0.00,0.000,0.000,-1.421,0.764,0.434,1.92,-0.71
crosswind,correction_off,5.55,0.00,0.00,0.000,0.000,-1.439,0.794,0.422,1.86,-0.52
crosswind,correction_off,5.60,0.00,0.00,0.000,0.000,-1.448,0.810,0.415,1.81,-0.32
crosswind,correction_off,5.65,0.00,0.00,0.000,0.000,-1.465,0.846,0.402,1.77,-0.12
crosswind,correction_off,5.70,0.00,0.00,0.000,0.000,-1.472,0.863,0.396,1.73,0.09
crosswind,correction_off,5.75,0.00,0.00,0.000,0.000,-1.484,0.896,0.386,1.71,0.29
crosswind,correction_off,5.80,0.00,0.00,0.000,0.000,-1.489,0.913,0.381,1.69,0.51
crosswind,correction_off,5.85,0.00,0.00,0.000,0.000,-1.500,0.952,0.371,1.67,0.70
crosswind,correction_off,5.90,0.00,0.00,0.000,0.000,-1.504,0.970,0.368,1.67,0.92
crosswind,correction_off,5.95,0.00,0.00,0.000,0.000,-1.511,1.004,0.362,1.67,1.12
crosswind,correction_off,6.00,0.00,0.00,0.000,0.000,-1.513,1.021,0.359,1.68,1.33
crosswind,correction_off,6.05,0.00,0.00,0.000,0.000,-1.518,1.059,0.356,1.69,1.52
crosswind,correction_off,6.10,0.00,0.00,0.000,0.000,-1.519,1.076,0.355,1.72,1.72
crosswind,correction_off,6.15,0.00,0.00,0.000,0.000,-1.520,1.110,0.353,1.75,1.89
crosswind,correction_off,6.20,0.00,0.00,0.000,0.000,-1.520,1.127,0.353,1.79,2.08
crosswind,correction_off,6.25,0.00,0.00,0.000,0.000,-1.517,1.164,0.354,1.84,2.25
crosswind,correction_off,6.30,0.00,0.00,0.000,0.000,-1.515,1.180,0.354,1.90,2.42
crosswind,correction_off,6.35,0.00,0.00,0.000,0.000,-1.509,1.212,0.355,1.97,2.57
crosswind,correction_off,6.40,0.00,0.00,0.000,0.000,-1.505,1.227,0.356,2.05,2.73
crosswind,correction_off,6.45,0.00,0.00,0.000,0.000,-1.494,1.261,0.358,2.14,2.88
crosswind,correction_off,6.50,0.00,0.00,0.000,0.000,-1.488,1.276,0.359,2.25,3.03
crosswind,correction_off,6.55,0.00,0.00,0.000,0.000,-1.475,1.304,0.361,2.36,3.16
crosswind,correction_off,6.60,0.00,0.00,0.000,0.000,-1.468,1.318,0.362,2.49,3.30
crosswind,correction_off,6.65,0.00,0.00,0.000,0.000,-1.450,1.348,0.366,2.62,3.42
crosswind,correction_off,6.70,0.00,0.00,0.000,0.000,-1.442,1.360,0.368,2.77,3.54
crosswind,correction_off,6.75,0.00,0.00,0.000,0.000,-1.425,1.384,0.372,2.91,3.64
crosswind,correction_off,6.80,0.00,0.00,0.000,0.000,-1.415,1.396,0.374,3.07,3.74
crosswind,correction_off,6.85,0.00,0.00,0.000,0.000,-1.392,1.419,0.378,3.22,3.83
crosswind,correction_off,6.90,0.00,0.00,0.000,0.000,-1.382,1.429,0.380,3.39,3.91
crosswind,correction_off,6.95,0.00,0.00,0.000,0.000,-1.359,1.447,0.383,3.55,3.98
crosswind,correction_off,7.00,0.00,0.00,0.000,0.000,-1.347,1.455,0.384,3.72,4.04
crosswind,correction_off,7.05,0.00,0.00,0.000,0.000,-1.319,1.473,0.388,3.89,4.09
crosswind,correction_off,7.10,0.00,0.00,0.000,0.000,-1.306,1.480,0.389,4.08,4.13
crosswind,correction_off,7.15,0.00,0.00,0.000,0.000,-1.279,1.492,0.393,4.26,4.17
crosswind,correction_off,7.20,0.00,0.00,0.000,0.000,-1.265,1.498,0.394,4.46,4.19
crosswind,correction_off,7.25,0.00,0.00,0.000,0.000,-1.233,1.509,0.399,4.64,4.21
crosswind,correction_off,7.30,0.00,0.00,0.000,0.000,-1.219,1.513,0.401,4.84,4.23
crosswind,correction_off,7.35,0.00,0.00,0.000,0.000,-1.189,1.520,0.405,5.03,4.23
crosswind,correction_off,7.40,0.00,0.00,0.000,0.000,-1.175,1.524,0.408,5.23,4.23
crosswind,correction_off,7.45,0.00,0.00,0.000,0.000,-1.141,1.529,0.414,5.42,4.23
crosswind,correction_off,7.50,0.00,0.00,0.000,0.000,-1.126,1.531,0.417,5.62,4.22
crosswind,correction_off,7.55,0.00,0.00,0.000,0.000,-1.095,1.533,0.423,5.80,4.20
crosswind,correction_off,7.60,0.00,0.00,0.000,0.000,-1.080,1.533,0.426,5.99,4.18
crosswind,correction_off,7.65,0.00,0.00,0.000,0.000,-1.046,1.533,0.435,6.16,4.15
crosswind,correction_off,7.70,0.00,0.00,0.000,0.000,-1.030,1.533,0.438,6.34,4.12
crosswind,correction_off,7.75,0.00,0.00,0.000,0.000,-1.000,1.529,0.446,6.50,4.08
crosswind,correction_off,7.80,0.00,0.00,0.000,0.000,-0.985,1.527,0.450,6.68,4.03
crosswind,correction_off,7.85,0.00,0.00,0.000,0.000,-0.951,1.520,0.459,6.83,3.98
crosswind,correction_off,7.90,0.00,0.00,0.000,0.000,-0.936,1.517,0.463,7.00,3.92
crosswind,correction_off,7.95,0.00,0.00,0.000,0.000,-0.906,1.508,0.471,7.15,3.86
crosswind,correction_off,8.00,0.00,0.00,0.000,0.000,-0.892,1.503,0.475,7.31,3.78
crosswind,correction_off,8.05,0.00,0.00,0.000,0.000,-0.861,1.491,0.484,7.45,3.70
crosswind,correction_off,8.10,0.00,0.00,0.000,0.000,-0.848,1.485,0.487,7.60,3.61
crosswind,correction_off,8.15,0.00,0.00,0.000,0.000,-0.823,1.471,0.495,7.73,3.52
crosswind,correction_off,8.20,0.00,0.00,0.000,0.000,-0.811,1.464,0.498,7.86,3.41
crosswind,correction_off,8.25,0.00,0.00,0.000,0.000,-0.785,1.446,0.505,7.97,3.31
crosswind,correction_off,8.30,0.00,0.00,0.000,0.000,-0.774,1.438,0.508,8.08,3.19
crosswind,correction_off,8.35,0.00,0.00,0.000,0.000,-0.753,1.419,0.513,8.17,3.07
crosswind,correction_off,8.40,0.00,0.00,0.000,0.000,-0.744,1.409,0.515,8.25,2.94
crosswind,correction_off,8.45,0.00,0.00,0.000,0.000,-0.724,1.386,0.518,8.32,2.81
crosswind,correction_off,8.50,0.00,0.00,0.000,0.000,-0.716,1.375,0.520,8.38,2.65
crosswind,correction_off,8.55,0.00,0.00,0.000,0.000,-0.701,1.352,0.522,8.43,2.51
crosswind,correction_off,8.60,0.00,0.00,0.000,0.000,-0.695,1.340,0.523,8.48,2.34
crosswind,correction_off,8.65,0.00,0.00,0.000,0.000,-0.681,1.313,0.524,8.51,2.18
crosswind,correction_off,8.70,0.00,0.00,0.000,0.000,-0.676,1.301,0.524,8.54,2.01
crosswind,correction_off,8.75,0.00,0.00,0.000,0.000,-0.667,1.275,0.524,8.55,1.84
crosswind,correction_off,8.80,0.00,0.00,0.000,0.000,-0.663,1.262,0.524,8.56,1.66
crosswind,correction_off,8.85,0.00,0.00,0.000,0.000,-0.656,1.232,0.523,8.57,1.49
crosswind,correction_off,8.90,0.00,0.00,0.000,0.000,-0.654,1.219,0.523,8.56,1.31
crosswind,correction_off,8.95,0.00,0.00,0.000,0.000,-0.651,1.191,0.522,8.55,1.14
crosswind,correction_off,9.00,0.00,0.00,0.000,0.000,-0.650,1.178,0.521,8.52,0.96
crosswind,correction_off,9.05,0.00,0.00,0.000,0.000,-0.649,1.147,0.519,8.49,0.79
crosswind,correction_off,9.10,0.00,0.00,0.000,0.000,-0.649,1.134,0.518,8.46,0.62
crosswind,correction_off,9.15,0.00,0.00,0.000,0.000,-0.651,1.107,0.516,8.41,0.46
crosswind,correction_off,9.20,0.00,0.00,0.000,0.000,-0.653,1.094,0.515,8.36,0.30
crosswind,correction_off,9.25,0.00,0.00,0.000,0.000,-0.657,1.065,0.512,8.31,0.15
crosswind,correction_off,9.30,0.00,0.00,0.000,0.000,-0.660,1.052,0.511,8.24,-0.00
crosswind,correction_off,9.35,0.00,0.00,0.000,0.000,-0.667,1.027,0.508,8.18,-0.14
crosswind,correction_off,9.40,0.00,0.00,0.000,0.000,-0.671,1.015,0.506,8.10,-0.28
crosswind,correction_off,9.45,0.00,0.00,0.000,0.000,-0.682,0.988,0.502,8.03,-0.40
crosswind,correction_off,9.50,0.00,0.00,0.000,0.000,-0.687,0.977,0.499,7.94,-0.53
crosswind,correction_off,9.55,0.00,0.00,0.000,0.000,-0.699,0.955,0.495,7.85,-0.64
crosswind,correction_off,9.60,0.00,0.00,0.000,0.000,-0.706,0.944,0.492,7.75,-0.75
crosswind,correction_off,9.65,0.00,0.00,0.000,0.000,-0.722,0.921,0.486,7.65,-0.84
crosswind,correction_off,9.70,0.00,0.00,0.000,0.000,-0.729,0.911,0.483,7.53,-0.94
crosswind,correction_off,9.75,0.00,0.00,0.000,0.000,-0.745,0.891,0.478,7.42,-1.03
crosswind,correction_off,9.80,0.00,0.00,0.000,0.000,-0.754,0.882,0.475,7.29,-1.11
crosswind,correction_off,9.85,0.00,0.00,0.000,0.000,-0.774,0.861,0.468,7.18,-1.19
crosswind,correction_off,9.90,0.00,0.00,0.000,0.000,-0.783,0.853,0.465,7.05,-1.27
crosswind,correction_off,9.95,0.00,0.00,0.000,0.000,-0.802,0.837,0.459,6.92,-1.33
crosswind,correction_off,10.00,0.00,0.00,0.000,0.000,-0.813,0.829,0.456,6.79,-1.40
crosswind,correction_off,10.05,0.00,0.00,0.000,0.000,-0.836,0.814,0.448,6.67,-1.45
crosswind,correction_off,10.10,0.00,0.00,0.000,0.000,-0.847,0.807,0.444,6.53,-1.50
crosswind,correction_off,10.15,0.00,0.00,0.000,0.000,-0.870,0.796,0.437,6.40,-1.54
crosswind,correction_off,10.20,0.00,0.00,0.000,0.000,-0.881,0.791,0.433,6.26,-1.58
crosswind,correction_off,10.25,0.00,0.00,0.000,0.000,-0.907,0.780,0.424,6.13,-1.60
crosswind,correction_off,10.30,0.00,0.00,0.000,0.000,-0.919,0.777,0.420,5.98,-1.62
crosswind,correction_off,10.35,0.00,0.00,0.000,0.000,-0.942,0.770,0.412,5.85,-1.63
crosswind,correction_off,10.40,0.00,0.00,0.000,0.000,-0.954,0.767,0.408,5.71,-1.63
crosswind,correction_off,10.45,0.00,0.00,0.000,0.000,-0.981,0.762,0.400,5.58,-1.62
crosswind,correction_off,10.50,0.00,0.00,0.000,0.000,-0.993,0.761,0.396,5.43,-1.61
crosswind,correction_off,10.55,0.00,0.00,0.000,0.000,-1.016,0.758,0.388,5.30,-1.59
crosswind,correction_off,10.60,0.00,0.00,0.000,0.000,-1.028,0.758,0.384,5.17,-1.56
crosswind,correction_off,10.65,0.00,0.00,0.000,0.000,-1.055,0.758,0.375,5.05,-1.52
crosswind,correction_off,10.70,0.00,0.00,0.000,0.000,-1.067,0.758,0.372,4.93,-1.48
crosswind,correction_off,10.75,0.00,0.00,0.000,0.000,-1.090,0.760,0.364,4.81,-1.44
crosswind,correction_off,10.80,0.00,0.00,0.000,0.000,-1.102,0.762,0.360,4.69,-1.39
crosswind,correction_off,10.85,0.00,0.00,0.000,0.000,-1.128,0.766,0.352,4.58,-1.33
crosswind,correction_off,10.90,0.00,0.00,0.000,0.000,-1.139,0.769,0.348,4.47,-1.27
crosswind,correction_off,10.95,0.00,0.00,0.000,0.000,-1.162,0.776,0.340,4.37,-1.21
crosswind,correction_off,11.00,0.00,0.00,0.000,0.000,-1.173,0.780,0.336,4.26,-1.14
crosswind,correction_off,11.05,0.00,0.00,0.000,0.000,-1.197,0.790,0.327,4.17,-1.06
crosswind,correction_off,11.10,0.00,0.00,0.000,0.000,-1.208,0.795,0.323,4.07,-0.98
crosswind,correction_off,11.15,0.00,0.00,0.000,0.000,-1.229,0.806,0.316,3.97,-0.89
crosswind,correction_off,11.20,0.00,0.00,0.000,0.000,-1.239,0.812,0.312,3.88,-0.79
crosswind,correction_off,11.25,0.00,0.00,0.000,0.000,-1.261,0.827,0.304,3.79,-0.70
crosswind,correction_off,11.30,0.00,0.00,0.000,0.000,-1.271,0.834,0.301,3.70,-0.59
crosswind,correction_off,11.35,0.00,0.00,0.000,0.000,-1.289,0.848,0.294,3.62,-0.50
crosswind,correction_off,11.40,0.00,0.00,0.000,0.000,-1.298,0.856,0.291,3.54,-0.38
crosswind,correction_off,11.45,0.00,0.00,0.000,0.000,-1.316,0.874,0.284,3.46,-0.28
crosswind,correction_off,11.50,0.00,0.00,0.000,0.000,-1.324,0.883,0.281,3.39,-0.16
crosswind,correction_off,11.55,0.00,0.00,0.000,0.000,-1.338,0.901,0.275,3.34,-0.04
crosswind,correction_off,11.60,0.00,0.00,0.000,0.000,-1.345,0.910,0.273,3.29,0.08
crosswind,correction_off,11.65,0.00,0.00,0.000,0.000,-1.360,0.930,0.268,3.25,0.20
crosswind,correction_off,11.70,0.00,0.00,0.000,0.000,-1.366,0.940,0.266,3.21,0.33
crosswind,correction_off,11.75,0.00,0.00,0.000,0.000,-1.378,0.959,0.263,3.18,0.45
crosswind,correction_off,11.80,0.00,0.00,0.000,0.000,-1.383,0.969,0.261,3.15,0.58
crosswind,correction_off,11.85,0.00,0.00,0.000,0.000,-1.394,0.992,0.259,3.13,0.70
crosswind,correction_off,11.90,0.00,0.00,0.000,0.000,-1.398,1.002,0.258,3.11,0.82
crosswind,correction_off,11.95,0.00,0.00,0.000,0.000,-1.405,1.023,0.256,3.09,0.93
crosswind,correction_off,12.00,0.00,0.00,0.000,0.000,-1.409,1.033,0.256,3.09,1.06
crosswind,correction_off,12.05,0.00,0.00,0.000,0.000,-1.415,1.057,0.255,3.09,1.17
crosswind,correction_off,12.10,0.00,0.00,0.000,0.000,-1.417,1.068,0.255,3.09,1.29
crosswind,correction_off,12.15,0.00,0.00,0.000,0.000,-1.421,1.089,0.255,3.10,1.41
crosswind,correction_off,12.20,0.00,0.00,0.000,0.000,-1.422,1.100,0.256,3.11,1.53
crosswind,correction_off,12.25,0.00,0.00,0.000,0.000,-1.424,1.123,0.258,3.13,1.64
crosswind,correction_off,12.30,0.00,0.00,0.000,0.000,-1.425,1.133,0.259,3.15,1.75
crosswind,correction_off,12.35,0.00,0.00,0.000,0.000,-1.424,1.153,0.260,3.18,1.86
crosswind,correction_off,12.40,0.00,0.00,0.000,0.000,-1.424,1.162,0.261,3.21,1.96
crosswind,correction_off,12.45,0.00,0.00,0.000,0.000,-1.421,1.183,0.263,3.25,2.05
crosswind,correction_off,12.50,0.00,0.00,0.000,0.000,-1.419,1.192,0.263,3.30,2.14
crosswind,correction_off,12.55,0.00,0.00,0.000,0.000,-1.414,1.210,0.264,3.35,2.22
crosswind,correction_off,12.60,0.00,0.00,0.000,0.000,-1.411,1.219,0.265,3.42,2.31
crosswind,correction_off,12.65,0.00,0.00,0.000,0.000,-1.403,1.237,0.265,3.48,2.38
crosswind,correction_off,12.70,0.00,0.00,0.000,0.000,-1.398,1.245,0.265,3.56,2.46
crosswind,correction_off,12.75,0.00,0.00,0.000,0.000,-1.389,1.260,0.265,3.64,2.53
crosswind,correction_off,12.80,0.00,0.00,0.000,0.000,-1.384,1.267,0.265,3.74,2.59
crosswind,correction_off,12.85,0.00,0.00,0.000,0.000,-1.371,1.282,0.263,3.83,2.65
crosswind,correction_off,12.90,0.00,0.00,0.000,0.000,-1.365,1.288,0.262,3.94,2.71
crosswind,correction_off,12.95,0.00,0.00,0.000,0.000,-1.351,1.300,0.260,4.04,2.76
crosswind,correction_off,13.00,0.00,0.00,0.000,0.000,-1.344,1.305,0.259,4.16,2.80
crosswind,correction_off,13.05,0.00,0.00,0.000,0.000,-1.327,1.317,0.257,4.28,2.84
crosswind,correction_off,13.10,0.00,0.00,0.000,0.000,-1.320,1.322,0.256,4.41,2.88
crosswind,correction_off,13.15,0.00,0.00,0.000,0.000,-1.304,1.331,0.255,4.53,2.91
crosswind,correction_off,13.20,0.00,0.00,0.000,0.000,-1.296,1.335,0.254,4.67,2.94
crosswind,correction_off,13.25,0.00,0.00,0.000,0.000,-1.277,1.344,0.253,4.79,2.97
crosswind,correction_off,13.30,0.00,0.00,0.000,0.000,-1.269,1.347,0.253,4.92,2.99
crosswind,correction_off,13.35,0.00,0.00,0.000,0.000,-1.252,1.353,0.252,5.03,3.01
crosswind,correction_off,13.40,0.00,0.00,0.000,0.000,-1.244,1.356,0.252,5.16,3.03
crosswind,correction_off,13.45,0.00,0.00,0.000,0.000,-1.226,1.360,0.251,5.27,3.04
crosswind,correction_off,13.50,0.00,0.00,0.000,0.000,-1.218,1.362,0.251,5.38,3.04
crosswind,correction_off,13.55,0.00,0.00,0.000,0.000,-1.201,1.364,0.251,5.48,3.04
crosswind,correction_off,13.60,0.00,0.00,0.000,0.000,-1.193,1.365,0.250,5.58,3.03
crosswind,correction_off,13.65,0.00,0.00,0.000,0.000,-1.176,1.366,0.250,5.67,3.02
crosswind,correction_off,13.70,0.00,0.00,0.000,0.000,-1.168,1.366,0.250,5.76,3.00
crosswind,correction_off,13.75,0.00,0.00,0.000,0.000,-1.153,1.365,0.249,5.84,2.97
crosswind,correction_off,13.80,0.00,0.00,0.000,0.000,-1.146,1.364,0.249,5.93,2.94
crosswind,correction_off,13.85,0.00,0.00,0.000,0.000,-1.131,1.361,0.248,6.00,2.90
crosswind,correction_off,13.90,0.00,0.00,0.000,0.000,-1.124,1.359,0.247,6.07,2.85
crosswind,correction_off,13.95,0.00,0.00,0.000,0.000,-1.111,1.355,0.245,6.13,2.80
crosswind,correction_off,14.00,0.00,0.00,0.000,0.000,-1.104,1.352,0.245,6.19,2.74
crosswind,correction_off,14.05,0.00,0.00,0.000,0.000,-1.090,1.346,0.242,6.24,2.69
crosswind,correction_off,14.10,0.00,0.00,0.000,0.000,-1.084,1.342,0.241,6.30,2.62
crosswind,correction_off,14.15,0.00,0.00,0.000,0.000,-1.071,1.334,0.238,6.34,2.56
crosswind,correction_off,14.20,0.00,0.00,0.000,0.000,-1.065,1.330,0.237,6.39,2.48
crosswind,correction_off,14.25,0.00,0.00,0.000,0.000,-1.052,1.319,0.233,6.44,2.41
crosswind,correction_off,14.30,0.00,0.00,0.000,0.000,-1.046,1.314,0.232,6.49,2.32
crosswind,correction_off,14.35,0.00,0.00,0.000,0.000,-1.035,1.304,0.229,6.54,2.24
crosswind,correction_off,14.40,0.00,0.00,0.000,0.000,-1.030,1.299,0.228,6.60,2.16
crosswind,correction_off,14.45,0.00,0.00,0.000,0.000,-1.019,1.286,0.225,6.64,2.07
crosswind,correction_off,14.50,0.00,0.00,0.000,0.000,-1.015,1.281,0.224,6.69,1.99
crosswind,correction_off,14.55,0.00,0.00,0.000,0.000,-1.006,1.269,0.222,6.73,1.91
crosswind,correction_off,14.60,0.00,0.00,0.000,0.000,-1.002,1.263,0.221,6.76,1.82
crosswind,correction_off,14.65,0.00,0.00,0.000,0.000,-0.994,1.250,0.218,6.79,1.74
crosswind,correction_off,14.70,0.00,0.00,0.000,0.000,-0.991,1.243,0.217,6.81,1.66
crosswind,correction_off,14.75,0.00,0.00,0.000,0.000,-0.985,1.230,0.215,6.83,1.58
crosswind,correction_off,14.80,0.00,0.00,0.000,0.000,-0.982,1.223,0.213,6.84,1.50
crosswind,correction_off,14.85,0.00,0.00,0.000,0.000,-0.977,1.207,0.210,6.85,1.42
crosswind,correction_off,14.90,0.00,0.00,0.000,0.000,-0.975,1.200,0.209,6.86,1.34
crosswind,correction_off,14.95,0.00,0.00,0.000,0.000,-0.973,1.186,0.206,6.86,1.25
crosswind,correction_on,0.00,0.00,0.00,0.000,0.000,-1.250,1.134,0.095,1.87,0.44
crosswind,correction_on,0.05,0.00,0.00,0.000,0.000,-1.254,1.133,0.097,1.78,0.45
crosswind,correction_on,0.10,0.00,0.00,0.000,0.000,-1.262,1.130,0.101,1.72,0.44
crosswind,correction_on,0.15,0.00,0.00,0.000,0.000,-1.267,1.129,0.103,1.63,0.42
crosswind,correction_on,0.20,0.00,0.00,0.000,0.000,-1.275,1.128,0.107,1.57,0.40
crosswind,correction_on,0.25,0.00,0.00,0.000,0.000,-1.280,1.128,0.109,1.47,0.38
crosswind,correction_on,0.30,0.00,0.00,0.000,0.000,-1.289,1.128,0.113,1.40,0.38
crosswind,correction_on,0.35,0.00,0.00,0.000,0.000,-1.294,1.128,0.114,1.30,0.39
crosswind,correction_on,0.40,0.00,0.00,0.000,0.000,-1.301,1.130,0.117,1.22,0.41
crosswind,correction_on,0.45,0.00,0.00,0.000,0.000,-1.305,1.132,0.117,1.12,0.47
crosswind,correction_on,0.50,0.00,0.00,0.000,0.000,-1.311,1.136,0.118,1.06,0.53
crosswind,correction_on,0.55,0.00,0.00,0.000,0.000,-1.314,1.138,0.117,0.98,0.64
crosswind,correction_on,0.60,0.00,0.00,0.000,0.000,-1.317,1.144,0.116,0.95,0.73
crosswind,correction_on,0.65,0.00,0.00,0.000,0.000,-1.318,1.147,0.114,0.92,0.88
crosswind,correction_on,0.70,0.00,0.00,0.000,0.000,-1.319,1.154,0.110,0.91,0.99
crosswind,correction_on,0.75,0.00,0.00,0.000,0.000,-1.318,1.158,0.106,0.94,1.17
crosswind,correction_on,0.80,0.00,0.00,0.000,0.000,-1.317,1.166,0.100,0.97,1.30
crosswind,correction_on,0.85,0.00,0.00,0.000,0.000,-1.315,1.171,0.096,1.05,1.50
crosswind,correction_on,0.90,0.00,0.00,0.000,0.000,-1.311,1.180,0.088,1.12,1.63
crosswind,correction_on,0.95,7.49,3.25,-1.872,-0.813,-1.308,1.186,0.082,1.25,1.84
crosswind,correction_on,1.00,7.51,3.24,-1.878,-0.810,-1.302,1.197,0.072,1.34,1.97
crosswind,correction_on,1.05,7.55,3.22,-1.887,-0.806,-1.299,1.202,0.066,1.52,2.21
crosswind,correction_on,1.10,7.58,3.20,-1.896,-0.800,-1.291,1.213,0.055,1.93,2.80
crosswind,correction_on,1.15,7.59,3.10,-1.897,-0.775,-1.286,1.220,0.048,3.34,4.49
crosswind,correction_on,1.20,7.51,2.93,-1.878,-0.733,-1.277,1.231,0.039,4.52,5.69
crosswind,correction_on,1.25,7.34,2.70,-1.834,-0.675,-1.273,1.235,0.036,6.22,7.21
crosswind,correction_on,1.30,7.10,2.48,-1.770,-0.618,-1.268,1.243,0.033,7.16,7.96
crosswind,correction_on,1.35,6.83,2.30,-1.699,-0.572,-1.266,1.246,0.033,8.20,8.66
crosswind,correction_on,1.40,6.60,2.15,-1.634,-0.532,-1.267,1.249,0.036,8.63,8.87
crosswind,correction_on,1.45,6.41,2.01,-1.579,-0.496,-1.270,1.248,0.038,8.92,8.83
crosswind,correction_on,1.50,6.25,1.89,-1.532,-0.462,-1.279,1.245,0.044,8.91,8.61
crosswind,correction_on,1.55,6.12,1.77,-1.492,-0.431,-1.287,1.241,0.051,8.63,8.06
crosswind,correction_on,1.60,6.02,1.66,-1.459,-0.401,-1.305,1.231,0.067,8.31,7.59
crosswind,correction_on,1.65,5.96,1.54,-1.433,-0.372,-1.315,1.224,0.078,7.72,6.78
crosswind,correction_on,1.70,5.91,1.44,-1.414,-0.345,-1.339,1.209,0.103,7.28,6.20
crosswind,correction_on,1.75,5.89,1.35,-1.399,-0.320,-1.355,1.198,0.121,6.61,5.31
crosswind,correction_on,1.80,5.87,1.25,-1.387,-0.295,-1.382,1.179,0.153,6.18,4.70
crosswind,correction_on,1.85,5.87,1.14,-1.379,-0.268,-1.397,1.168,0.170,5.57,3.81
crosswind,correction_on,1.90,5.88,1.02,-1.373,-0.239,-1.425,1.146,0.205,5.20,3.25
crosswind,correction_on,1.95,5.90,0.88,-1.369,-0.205,-1.443,1.131,0.227,4.73,2.44
crosswind,correction_on,2.00,5.91,0.74,-1.365,-0.170,-1.470,1.107,0.262,4.47,1.93
crosswind,correction_on,2.05,5.92,0.58,-1.360,-0.134,-1.483,1.095,0.279,4.15,1.23
crosswind,correction_on,2.10,5.92,0.41,-1.354,-0.095,-1.507,1.070,0.312,4.00,0.80
crosswind,correction_on,2.15,5.93,0.25,-1.350,-0.056,-1.521,1.056,0.331,3.84,0.20
crosswind,correction_on,2.20,5.95,0.08,-1.348,-0.019,-1.541,1.033,0.361,3.78,-0.16
crosswind,correction_on,2.25,5.98,-0.08,-1.349,0.018,-1.550,1.022,0.374,3.75,-0.66
crosswind,correction_on,2.30,6.03,-0.23,-1.354,0.051,-1.567,1.003,0.399,3.76,-0.95
crosswind,correction_on,2.35,6.09,-0.35,-1.363,0.079,-1.575,0.992,0.412,3.83,-1.35
crosswind,correction_on,2.40,6.17,-0.45,-1.378,0.099,-1.587,0.976,0.431,3.89,-1.57
crosswind,correction_on,2.45,6.25,-0.53,-1.393,0.118,-1.592,0.969,0.439,4.02,-1.85
crosswind,correction_on,2.50,6.32,-0.60,-1.406,0.133,-1.600,0.958,0.452,4.12,-1.99
crosswind,correction_on,2.55,6.36,-0.66,-1.413,0.148,-1.604,0.953,0.458,4.29,-2.12
crosswind,correction_on,2.60,6.36,-0.72,-1.412,0.161,-1.609,0.948,0.465,4.42,-2.17
crosswind,correction_on,2.65,6.34,-0.78,-1.404,0.174,-1.612,0.947,0.468,4.61,-2.16
crosswind,correction_on,2.70,6.27,-0.85,-1.388,0.188,-1.615,0.947,0.470,4.74,-2.11
crosswind,correction_on,2.75,6.18,-0.93,-1.365,0.204,-1.617,0.950,0.471,4.92,-1.98
crosswind,correction_on,2.80,6.06,-1.01,-1.336,0.223,-1.620,0.956,0.469,5.01,-1.86
crosswind,correction_on,2.85,5.93,-1.09,-1.302,0.239,-1.621,0.960,0.468,5.11,-1.66
crosswind,correction_on,2.90,5.78,-1.14,-1.265,0.251,-1.624,0.970,0.464,5.14,-1.51
crosswind,correction_on,2.95,5.60,-1.20,-1.221,0.263,-1.625,0.978,0.461,5.13,-1.29
crosswind,correction_on,3.00,5.40,-1.27,-1.172,0.275,-1.628,0.992,0.456,5.09,-1.15
crosswind,correction_on,3.05,5.19,-1.33,-1.121,0.288,-1.629,1.000,0.453,4.97,-0.94
crosswind,correction_on,3.10,4.99,-1.39,-1.071,0.299,-1.632,1.017,0.447,4.85,-0.80
crosswind,correction_on,3.15,4.80,-1.44,-1.025,0.308,-1.635,1.029,0.444,4.64,-0.61
crosswind,correction_on,3.20,4.65,-1.47,-0.986,0.311,-1.638,1.049,0.438,4.48,-0.48
crosswind,correction_on,3.25,4.56,-1.45,-0.960,0.305,-1.640,1.060,0.436,4.19,-0.30
crosswind,correction_on,3.30,4.51,-1.40,-0.943,0.293,-1.643,1.081,0.431,3.98,-0.19
crosswind,correction_on,3.35,4.50,-1.32,-0.935,0.275,-1.644,1.095,0.428,3.67,-0.03
crosswind,correction_on,3.40,4.55,-1.22,-0.938,0.252,-1.647,1.117,0.424,3.46,0.08
crosswind,correction_on,3.45,4.63,-1.10,-0.950,0.226,-1.648,1.128,0.422,3.18,0.28
crosswind,correction_on,3.50,4.76,-0.96,-0.970,0.197,-1.648,1.151,0.418,3.02,0.43
crosswind,correction_on,3.55,4.91,-0.81,-0.996,0.164,-1.648,1.165,0.415,2.83,0.69
crosswind,correction_on,3.60,5.08,-0.63,-1.028,0.128,-1.647,1.189,0.411,2.74,0.89
crosswind,correction_on,3.65,5.25,-0.45,-1.059,0.092,-1.645,1.200,0.408,2.68,1.22
crosswind,correction_on,3.70,5.38,-0.29,-1.085,0.058,-1.641,1.223,0.403,2.68,1.47
crosswind,correction_on,3.75,5.50,-0.13,-1.107,0.026,-1.638,1.236,0.400,2.74,1.86
crosswind,correction_on,3.80,5.61,0.01,-1.128,-0.002,-1.631,1.258,0.394,2.82,2.14
crosswind,correction_on,3.85,5.69,0.14,-1.145,-0.028,-1.627,1.268,0.391,2.98,2.57
crosswind,correction_on,3.90,5.76,0.25,-1.159,-0.051,-1.618,1.287,0.385,3.11,2.85
crosswind,correction_on,3.95,5.81,0.35,-1.170,-0.071,-1.612,1.299,0.381,3.29,3.19
crosswind,correction_on,4.00,5.86,0.43,-1.179,-0.087,-1.601,1.316,0.374,3.46,3.48
crosswind,correction_on,4.05,5.89,0.50,-1.187,-0.101,-1.596,1.323,0.370,3.68,3.80
crosswind,correction_on,4.10,5.92,0.55,-1.195,-0.112,-1.583,1.337,0.362,3.82,3.98
crosswind,correction_on,4.15,5.94,0.59,-1.201,-0.120,-1.576,1.345,0.357,4.02,4.20
crosswind,correction_on,4.20,5.96,0.62,-1.206,-0.125,-1.563,1.355,0.349,4.14,4.31
crosswind,correction_on,4.25,5.98,0.63,-1.210,-0.128,-1.557,1.360,0.345,4.30,4.42
crosswind,correction_on,4.30,5.98,0.60,-1.213,-0.121,-1.545,1.366,0.336,4.43,4.47
crosswind,correction_on,4.35,5.98,0.51,-1.215,-0.103,-1.537,1.370,0.331,4.59,4.49
crosswind,correction_on,4.40,5.98,0.36,-1.214,-0.073,-1.525,1.373,0.321,4.69,4.47
crosswind,correction_on,4.45,5.96,0.19,-1.211,-0.039,-1.519,1.374,0.316,4.84,4.39
crosswind,correction_on,4.50,5.93,0.05,-1.206,-0.010,-1.507,1.374,0.306,4.93,4.31
crosswind,correction_on,4.55,5.90,-0.07,-1.201,0.015,-1.500,1.373,0.300,5.05,4.16
crosswind,correction_on,4.60,5.87,-0.18,-1.194,0.036,-1.489,1.371,0.289,5.17,3.97
crosswind,correction_on,4.65,5.84,-0.27,-1.188,0.055,-1.483,1.369,0.283,5.32,3.70
crosswind,correction_on,4.70,5.80,-0.35,-1.181,0.072,-1.472,1.365,0.271,5.41,3.49
crosswind,correction_on,4.75,5.78,-0.43,-1.175,0.088,-1.465,1.362,0.264,5.55,3.17
crosswind,correction_on,4.80,5.77,-0.50,-1.173,0.102,-1.455,1.356,0.252,5.63,2.95
crosswind,correction_on,4.85,5.77,-0.56,-1.174,0.114,-1.450,1.353,0.246,5.74,2.64
crosswind,correction_on,4.90,5.79,-0.62,-1.177,0.125,-1.441,1.346,0.235,5.80,2.45
crosswind,correction_on,4.95,5.81,-0.66,-1.182,0.135,-1.435,1.342,0.227,5.87,2.21
crosswind,correction_on,5.00,5.85,-0.71,-1.190,0.144,-1.426,1.336,0.216,5.92,2.01
crosswind,correction_on,5.05,5.90,-0.74,-1.201,0.151,-1.421,1.332,0.211,5.98,1.80
crosswind,correction_on,5.10,5.95,-0.78,-1.213,0.159,-1.412,1.326,0.200,6.02,1.68
crosswind,correction_on,5.15,6.01,-0.81,-1.225,0.166,-1.406,1.322,0.193,6.08,1.53
crosswind,correction_on,5.20,6.04,-0.86,-1.235,0.175,-1.397,1.316,0.182,6.12,1.45
crosswind,correction_on,5.25,6.05,-0.92,-1.238,0.188,-1.393,1.314,0.177,6.18,1.36
crosswind,correction_on,5.30,6.03,-0.99,-1.234,0.203,-1.384,1.308,0.166,6.24,1.32
crosswind,correction_on,5.35,5.98,-1.08,-1.225,0.222,-1.378,1.305,0.160,6.31,1.28
crosswind,correction_on,5.40,5.91,-1.18,-1.212,0.241,-1.370,1.301,0.151,6.37,1.26
crosswind,correction_on,5.45,5.83,-1.28,-1.196,0.263,-1.366,1.299,0.146,6.44,1.23
crosswind,correction_on,5.50,5.73,-1.39,-1.175,0.286,-1.359,1.295,0.138,6.48,1.21
crosswind,correction_on,5.55,5.61,-1.51,-1.150,0.310,-1.355,1.292,0.133,6.52,1.16
crosswind,correction_on,5.60,5.47,-1.64,-1.121,0.336,-1.348,1.288,0.126,6.52,1.12
crosswind,correction_on,5.65,5.33,-1.77,-1.089,0.362,-1.345,1.286,0.122,6.50,1.04
crosswind,correction_on,5.70,5.17,-1.91,-1.055,0.390,-1.340,1.283,0.115,6.47,0.98
crosswind,correction_on,5.75,5.01,-2.05,-1.020,0.417,-1.336,1.280,0.111,6.40,0.86
crosswind,correction_on,5.80,4.86,-2.18,-0.987,0.443,-1.331,1.277,0.105,6.33,0.77
crosswind,correction_on,5.85,4.71,-2.32,-0.954,0.469,-1.329,1.275,0.102,6.22,0.62
crosswind,correction_on,5.90,4.57,-2.45,-0.923,0.495,-1.324,1.272,0.097,6.13,0.52
crosswind,correction_on,5.95,4.44,-2.58,-0.893,0.519,-1.321,1.271,0.093,5.99,0.35
crosswind,correction_on,6.00,4.31,-2.70,-0.866,0.541,-1.315,1.270,0.088,5.89,0.25
crosswind,correction_on,6.05,4.20,-2.81,-0.840,0.562,-1.313,1.269,0.085,5.75,0.10
crosswind,correction_on,6.10,4.10,-2.92,-0.817,0.582,-1.307,1.269,0.080,5.66,0.02
crosswind,correction_on,6.15,4.00,-3.02,-0.795,0.599,-1.303,1.270,0.077,5.53,-0.09
crosswind,correction_on,6.20,3.92,-3.10,-0.776,0.615,-1.296,1.272,0.073,5.46,-0.15
crosswind,correction_on,6.25,3.85,-3.16,-0.761,0.625,-1.293,1.273,0.071,5.37,-0.20
crosswind,correction_on,6.30,3.80,-3.19,-0.747,0.629,-1.287,1.277,0.069,5.32,-0.22
crosswind,correction_on,6.35,3.75,-3.19,-0.736,0.627,-1.283,1.279,0.068,5.26,-0.23
crosswind,correction_on,6.40,3.71,-3.17,-0.726,0.620,-1.276,1.284,0.068,5.23,-0.21
crosswind,correction_on,6.45,3.68,-3.11,-0.717,0.607,-1.273,1.287,0.068,5.19,-0.15
crosswind,correction_on,6.50,3.66,-3.02,-0.711,0.587,-1.266,1.293,0.070,5.17,-0.09
crosswind,correction_on,6.55,3.65,-2.91,-0.706,0.562,-1.262,1.297,0.073,5.15,0.03
crosswind,correction_on,6.60,3.64,-2.77,-0.702,0.533,-1.256,1.303,0.077,5.14,0.14
crosswind,correction_on,6.65,3.63,-2.61,-0.697,0.501,-1.253,1.307,0.080,5.12,0.33
crosswind,correction_on,6.70,3.63,-2.44,-0.693,0.466,-1.246,1.314,0.086,5.11,0.47
crosswind,correction_on,6.75,3.63,-2.27,-0.689,0.431,-1.242,1.318,0.090,5.08,0.72
crosswind,correction_on,6.80,3.62,-2.10,-0.683,0.396,-1.236,1.326,0.097,5.07,0.90
crosswind,correction_on,6.85,3.61,-1.93,-0.678,0.362,-1.233,1.329,0.101,5.03,1.19
crosswind,correction_on,6.90,3.61,-1.77,-0.674,0.330,-1.226,1.337,0.109,5.01,1.38
crosswind,correction_on,6.95,3.63,-1.61,-0.674,0.298,-1.222,1.341,0.114,4.96,1.69
crosswind,correction_on,7.00,3.67,-1.46,-0.677,0.269,-1.216,1.348,0.122,4.93,1.88
crosswind,correction_on,7.05,3.71,-1.31,-0.682,0.240,-1.213,1.352,0.126,4.88,2.16
crosswind,correction_on,7.10,3.77,-1.16,-0.688,0.212,-1.206,1.358,0.134,4.86,2.34
crosswind,correction_on,7.15,3.84,-1.02,-0.697,0.186,-1.202,1.361,0.138,4.82,2.58
crosswind,correction_on,7.20,3.91,-0.89,-0.707,0.162,-1.196,1.366,0.144,4.81,2.73
crosswind,correction_on,7.25,3.99,-0.78,-0.719,0.140,-1.193,1.368,0.147,4.81,2.92
crosswind,correction_on,7.30,4.08,-0.68,-0.732,0.122,-1.187,1.372,0.152,4.81,3.04
crosswind,correction_on,7.35,4.16,-0.60,-0.745,0.108,-1.184,1.373,0.155,4.84,3.19
crosswind,correction_on,7.40,4.25,-0.55,-0.758,0.099,-1.178,1.374,0.157,4.88,3.28
crosswind,correction_on,7.45,4.33,-0.52,-0.771,0.093,-1.175,1.374,0.158,4.93,3.36
crosswind,correction_on,7.50,4.40,-0.52,-0.783,0.093,-1.169,1.372,0.159,5.00,3.42
crosswind,correction_on,7.55,4.45,-0.56,-0.791,0.099,-1.166,1.370,0.159,5.10,3.45
crosswind,correction_on,7.60,4.49,-0.62,-0.797,0.111,-1.160,1.366,0.158,5.18,3.45
crosswind,correction_on,7.65,4.50,-0.71,-0.800,0.126,-1.158,1.363,0.157,5.31,3.41
crosswind,correction_on,7.70,4.50,-0.83,-0.800,0.147,-1.152,1.357,0.155,5.40,3.37
crosswind,correction_on,7.75,4.49,-0.96,-0.797,0.171,-1.149,1.353,0.153,5.54,3.25
crosswind,correction_on,7.80,4.46,-1.09,-0.792,0.193,-1.143,1.345,0.150,5.64,3.14
crosswind,correction_on,7.85,4.43,-1.21,-0.786,0.214,-1.140,1.340,0.149,5.78,2.96
crosswind,correction_on,7.90,4.38,-1.32,-0.778,0.235,-1.134,1.331,0.146,5.87,2.81
crosswind,correction_on,7.95,4.33,-1.43,-0.768,0.255,-1.131,1.324,0.144,6.00,2.56
crosswind,correction_on,8.00,4.27,-1.55,-0.758,0.275,-1.125,1.314,0.142,6.07,2.37
crosswind,correction_on,8.05,4.23,-1.67,-0.750,0.295,-1.122,1.308,0.141,6.18,2.09
crosswind,correction_on,8.10,4.19,-1.78,-0.743,0.316,-1.117,1.297,0.139,6.23,1.90
crosswind,correction_on,8.15,4.16,-1.90,-0.738,0.336,-1.114,1.290,0.139,6.31,1.62
crosswind,correction_on,8.20,4.14,-2.00,-0.734,0.355,-1.109,1.280,0.139,6.34,1.45
crosswind,correction_on,8.25,4.12,-2.11,-0.731,0.373,-1.106,1.274,0.140,6.38,1.23
crosswind,correction_on,8.30,4.11,-2.21,-0.729,0.391,-1.102,1.264,0.141,6.41,1.05
crosswind,correction_on,8.35,4.10,-2.31,-0.727,0.409,-1.099,1.258,0.142,6.45,0.83
crosswind,correction_on,8.40,4.09,-2.40,-0.726,0.426,-1.095,1.249,0.145,6.46,0.71
crosswind,correction_on,8.45,4.08,-2.49,-0.725,0.442,-1.093,1.245,0.146,6.49,0.56
crosswind,correction_on,8.50,4.07,-2.58,-0.723,0.458,-1.089,1.238,0.149,6.51,0.45
crosswind,correction_on,8.55,4.05,-2.66,-0.721,0.474,-1.087,1.234,0.151,6.53,0.33
crosswind,correction_on,8.60,4.02,-2.75,-0.717,0.490,-1.083,1.228,0.155,6.54,0.27
crosswind,correction_on,8.65,4.00,-2.83,-0.714,0.505,-1.082,1.226,0.156,6.57,0.20
crosswind,correction_on,8.70,3.97,-2.91,-0.709,0.520,-1.079,1.223,0.159,6.57,0.16
crosswind,correction_on,8.75,3.93,-2.98,-0.705,0.534,-1.077,1.222,0.161,6.58,0.13
crosswind,correction_on,8.80,3.89,-3.06,-0.698,0.548,-1.075,1.221,0.163,6.58,0.12
crosswind,correction_on,8.85,3.84,-3.13,-0.691,0.563,-1.074,1.220,0.164,6.57,0.12
crosswind,correction_on,8.90,3.79,-3.21,-0.681,0.577,-1.073,1.221,0.166,6.55,0.13
crosswind,correction_on,8.95,3.72,-3.28,-0.670,0.591,-1.072,1.222,0.166,6.52,0.16
crosswind,correction_on,9.00,3.64,-3.31,-0.657,0.598,-1.071,1.225,0.167,6.49,0.19
crosswind,correction_on,9.05,3.56,-3.31,-0.643,0.597,-1.071,1.227,0.167,6.44,0.23
crosswind,correction_on,9.10,3.48,-3.27,-0.628,0.591,-1.071,1.231,0.167,6.39,0.27
crosswind,correction_on,9.15,3.40,-3.20,-0.613,0.578,-1.072,1.234,0.166,6.31,0.32
crosswind,correction_on,9.20,3.32,-3.10,-0.598,0.559,-1.074,1.240,0.164,6.25,0.37
crosswind,correction_on,9.25,3.25,-2.98,-0.585,0.536,-1.076,1.243,0.163,6.13,0.45
crosswind,correction_on,9.30,3.19,-2.85,-0.573,0.512,-1.079,1.249,0.160,6.04,0.51
crosswind,correction_on,9.35,3.14,-2.73,-0.562,0.488,-1.082,1.253,0.158,5.88,0.63
crosswind,correction_on,9.40,3.10,-2.60,-0.552,0.462,-1.086,1.260,0.155,5.76,0.73
crosswind,correction_on,9.45,3.06,-2.46,-0.543,0.436,-1.089,1.264,0.153,5.56,0.90
crosswind,correction_on,9.50,3.03,-2.32,-0.536,0.410,-1.094,1.271,0.150,5.43,1.01
crosswind,correction_on,9.55,3.02,-2.18,-0.531,0.383,-1.098,1.275,0.148,5.22,1.20
crosswind,correction_on,9.60,3.02,-2.04,-0.528,0.357,-1.104,1.282,0.144,5.09,1.33
crosswind,correction_on,9.65,3.03,-1.90,-0.528,0.330,-1.107,1.285,0.143,4.90,1.52
crosswind,correction_on,9.70,3.06,-1.75,-0.529,0.303,-1.114,1.292,0.140,4.78,1.65
crosswind,correction_on,9.75,3.09,-1.61,-0.532,0.277,-1.118,1.295,0.138,4.62,1.83
crosswind,correction_on,9.80,3.13,-1.47,-0.536,0.251,-1.124,1.300,0.134,4.52,1.95
crosswind,correction_on,9.85,3.18,-1.33,-0.542,0.227,-1.128,1.302,0.133,4.40,2.11
crosswind,correction_on,9.90,3.24,-1.21,-0.549,0.205,-1.134,1.305,0.129,4.34,2.21
crosswind,correction_on,9.95,3.31,-1.09,-0.557,0.184,-1.137,1.306,0.127,4.26,2.34
crosswind,correction_on,10.00,3.37,-0.99,-0.566,0.166,-1.142,1.307,0.124,4.23,2.41
crosswind,correction_on,10.05,3.43,-0.90,-0.573,0.150,-1.144,1.307,0.123,4.21,2.51
crosswind,correction_on,10.10,3.46,-0.81,-0.578,0.134,-1.147,1.306,0.120,4.21,2.57
crosswind,correction_on,10.15,3.50,-0.72,-0.581,0.120,-1.149,1.305,0.118,4.24,2.63
crosswind,correction_on,10.20,3.53,-0.66,-0.584,0.110,-1.151,1.302,0.114,4.28,2.66
crosswind,correction_on,10.25,3.56,-0.63,-0.588,0.105,-1.151,1.300,0.113,4.36,2.67
crosswind,correction_on,10.30,3.59,-0.64,-0.592,0.106,-1.152,1.296,0.110,4.41,2.67
crosswind,correction_on,10.35,3.62,-0.68,-0.594,0.111,-1.152,1.293,0.108,4.51,2.65
crosswind,correction_on,10.40,3.63,-0.74,-0.596,0.121,-1.151,1.288,0.106,4.58,2.63
crosswind,correction_on,10.45,3.64,-0.82,-0.597,0.135,-1.150,1.285,0.104,4.70,2.57
crosswind,correction_on,10.50,3.65,-0.93,-0.597,0.152,-1.148,1.279,0.103,4.78,2.51
crosswind,correction_on,10.55,3.64,-1.05,-0.595,0.171,-1.147,1.274,0.102,4.91,2.41
crosswind,correction_on,10.60,3.63,-1.18,-0.593,0.193,-1.145,1.268,0.101,4.99,2.32
crosswind,correction_on,10.65,3.62,-1.32,-0.590,0.216,-1.143,1.264,0.101,5.13,2.17
crosswind,correction_on,10.70,3.60,-1.47,-0.587,0.240,-1.141,1.258,0.101,5.22,2.06
crosswind,correction_on,10.75,3.59,-1.63,-0.586,0.266,-1.139,1.253,0.102,5.36,1.88
crosswind,correction_on,10.80,3.60,-1.79,-0.587,0.293,-1.137,1.247,0.103,5.45,1.76
crosswind,correction_on,10.85,3.61,-1.97,-0.590,0.321,-1.135,1.243,0.104,5.57,1.56
crosswind,correction_on,10.90,3.63,-2.13,-0.595,0.349,-1.132,1.237,0.106,5.65,1.43
crosswind,correction_on,10.95,3.65,-2.29,-0.599,0.375,-1.130,1.233,0.108,5.76,1.23
crosswind,correction_on,11.00,3.66,-2.43,-0.602,0.399,-1.127,1.228,0.111,5.83,1.11
crosswind,correction_on,11.05,3.67,-2.55,-0.604,0.420,-1.126,1.225,0.112,5.94,0.93
crosswind,correction_on,11.10,3.66,-2.65,-0.605,0.438,-1.123,1.221,0.115,6.01,0.82
crosswind,correction_on,11.15,3.65,-2.74,-0.605,0.454,-1.121,1.218,0.117,6.11,0.68
crosswind,correction_on,11.20,3.62,-2.81,-0.603,0.468,-1.119,1.215,0.120,6.17,0.60
crosswind,correction_on,11.25,3.59,-2.88,-0.600,0.480,-1.118,1.214,0.121,6.25,0.50
crosswind,correction_on,11.30,3.55,-2.93,-0.595,0.491,-1.117,1.213,0.122,6.30,0.45
crosswind,correction_on,11.35,3.51,-2.98,-0.589,0.501,-1.117,1.213,0.122,6.34,0.40
crosswind,correction_on,11.40,3.47,-3.03,-0.583,0.509,-1.118,1.213,0.121,6.36,0.38
crosswind,correction_on,11.45,3.42,-3.07,-0.578,0.518,-1.118,1.213,0.121,6.35,0.37
crosswind,correction_on,11.50,3.38,-3.10,-0.572,0.524,-1.120,1.215,0.119,6.33,0.37
crosswind,correction_on,11.55,3.35,-3.11,-0.567,0.527,-1.121,1.216,0.118,6.27,0.39
crosswind,correction_on,11.60,3.31,-3.09,-0.562,0.524,-1.123,1.219,0.115,6.22,0.42
crosswind,correction_on,11.65,3.27,-3.05,-0.557,0.518,-1.124,1.221,0.114,6.13,0.46
crosswind,correction_on,11.70,3.24,-2.99,-0.551,0.509,-1.127,1.224,0.111,6.06,0.50
crosswind,correction_on,11.75,3.21,-2.91,-0.546,0.496,-1.129,1.227,0.109,5.95,0.57
crosswind,correction_on,11.80,3.18,-2.81,-0.542,0.479,-1.132,1.232,0.106,5.87,0.62
crosswind,correction_on,11.85,3.16,-2.70,-0.537,0.459,-1.133,1.234,0.105,5.74,0.72
crosswind,correction_on,11.90,3.14,-2.57,-0.533,0.437,-1.136,1.239,0.102,5.66,0.80
crosswind,correction_on,11.95,3.12,-2.44,-0.528,0.413,-1.139,1.242,0.100,5.53,0.93
crosswind,correction_on,12.00,3.09,-2.31,-0.523,0.390,-1.142,1.247,0.098,5.45,1.02
crosswind,correction_on,12.05,3.07,-2.18,-0.517,0.368,-1.143,1.250,0.097,5.32,1.18
crosswind,correction_on,12.10,3.04,-2.06,-0.511,0.346,-1.146,1.255,0.095,5.24,1.29
crosswind,correction_on,12.15,3.02,-1.94,-0.507,0.324,-1.148,1.258,0.095,5.12,1.47
crosswind,correction_on,12.20,3.02,-1.82,-0.505,0.303,-1.152,1.263,0.093,5.04,1.58
crosswind,correction_on,12.25,3.03,-1.69,-0.504,0.282,-1.153,1.265,0.093,4.94,1.75
crosswind,correction_on,12.30,3.06,-1.58,-0.506,0.261,-1.156,1.270,0.092,4.87,1.85
crosswind,correction_on,12.35,3.09,-1.47,-0.509,0.242,-1.158,1.273,0.091,4.78,2.00
crosswind,correction_on,12.40,3.13,-1.36,-0.514,0.224,-1.161,1.276,0.091,4.72,2.09
crosswind,correction_on,12.45,3.17,-1.26,-0.520,0.207,-1.162,1.278,0.091,4.65,2.21
crosswind,correction_on,12.50,3.22,-1.17,-0.525,0.191,-1.164,1.281,0.091,4.62,2.29
crosswind,correction_on,12.55,3.26,-1.08,-0.531,0.175,-1.165,1.283,0.091,4.59,2.39
crosswind,correction_on,12.60,3.30,-1.00,-0.535,0.162,-1.165,1.285,0.092,4.59,2.45
crosswind,correction_on,12.65,3.34,-0.93,-0.540,0.151,-1.166,1.285,0.092,4.59,2.53
crosswind,correction_on,12.70,3.38,-0.88,-0.546,0.142,-1.165,1.286,0.093,4.61,2.58
crosswind,correction_on,12.75,3.42,-0.84,-0.550,0.135,-1.165,1.286,0.093,4.66,2.63
crosswind,correction_on,12.80,3.45,-0.83,-0.554,0.133,-1.164,1.285,0.093,4.69,2.65
crosswind,correction_on,12.85,3.47,-0.83,-0.557,0.133,-1.164,1.284,0.093,4.76,2.67
crosswind,correction_on,12.90,3.49,-0.85,-0.559,0.137,-1.163,1.281,0.092,4.82,2.67
crosswind,correction_on,12.95,3.51,-0.90,-0.562,0.144,-1.162,1.280,0.091,4.91,2.65
crosswind,correction_on,13.00,3.53,-0.96,-0.564,0.154,-1.161,1.276,0.090,4.97,2.63
crosswind,correction_on,13.05,3.54,-1.04,-0.565,0.167,-1.161,1.274,0.090,5.06,2.57
crosswind,correction_on,13.10,3.54,-1.14,-0.565,0.182,-1.160,1.270,0.088,5.12,2.51
crosswind,correction_on,13.15,3.54,-1.25,-0.565,0.199,-1.160,1.267,0.087,5.21,2.41
crosswind,correction_on,13.20,3.54,-1.37,-0.565,0.219,-1.159,1.261,0.085,5.27,2.33
crosswind,correction_on,13.25,3.53,-1.50,-0.564,0.239,-1.159,1.258,0.085,5.35,2.21
crosswind,correction_on,13.30,3.53,-1.64,-0.564,0.262,-1.158,1.253,0.084,5.42,2.08
crosswind,correction_on,13.35,3.54,-1.79,-0.566,0.287,-1.157,1.249,0.084,5.49,1.94
crosswind,correction_on,13.40,3.55,-1.95,-0.569,0.313,-1.155,1.243,0.084,5.56,1.80
crosswind,correction_on,13.45,3.56,-2.13,-0.572,0.341,-1.155,1.240,0.084,5.64,1.61
crosswind,correction_on,13.50,3.58,-2.28,-0.576,0.367,-1.153,1.233,0.085,5.69,1.49
crosswind,correction_on,13.55,3.58,-2.41,-0.578,0.390,-1.153,1.230,0.085,5.78,1.30
crosswind,correction_on,13.60,3.58,-2.53,-0.580,0.410,-1.151,1.224,0.087,5.83,1.18
crosswind,correction_on,13.65,3.58,-2.63,-0.581,0.428,-1.151,1.221,0.087,5.92,1.00
crosswind,correction_on,13.70,3.56,-2.73,-0.581,0.445,-1.150,1.216,0.089,5.98,0.89
crosswind,correction_on,13.75,3.55,-2.81,-0.581,0.460,-1.150,1.213,0.089,6.06,0.74
crosswind,correction_on,13.80,3.52,-2.88,-0.579,0.473,-1.150,1.209,0.090,6.11,0.66
crosswind,correction_on,13.85,3.50,-2.94,-0.577,0.485,-1.150,1.207,0.090,6.16,0.54
crosswind,correction_on,13.90,3.47,-2.99,-0.573,0.496,-1.151,1.204,0.090,6.19,0.48
crosswind,correction_on,13.95,3.44,-3.05,-0.571,0.506,-1.152,1.202,0.090,6.21,0.41
crosswind,correction_on,14.00,3.41,-3.10,-0.568,0.516,-1.154,1.201,0.089,6.21,0.37
crosswind,correction_on,14.05,3.38,-3.15,-0.564,0.526,-1.154,1.201,0.088,6.20,0.34
crosswind,correction_on,14.10,3.35,-3.17,-0.560,0.532,-1.156,1.201,0.086,6.18,0.33
crosswind,correction_on,14.15,3.31,-3.18,-0.556,0.533,-1.158,1.202,0.085,6.14,0.33
crosswind,correction_on,14.20,3.27,-3.15,-0.551,0.531,-1.160,1.204,0.082,6.09,0.34
crosswind,correction_on,14.25,3.23,-3.11,-0.544,0.525,-1.161,1.206,0.080,6.02,0.37
crosswind,correction_on,14.30,3.19,-3.05,-0.538,0.515,-1.164,1.210,0.077,5.97,0.41
crosswind,correction_on,14.35,3.14,-2.96,-0.531,0.501,-1.165,1.213,0.074,5.89,0.48
crosswind,correction_on,14.40,3.11,-2.85,-0.525,0.482,-1.168,1.219,0.070,5.82,0.54
crosswind,correction_on,14.45,3.07,-2.73,-0.519,0.461,-1.170,1.222,0.068,5.72,0.65
crosswind,correction_on,14.50,3.04,-2.59,-0.512,0.436,-1.173,1.229,0.065,5.64,0.74
crosswind,correction_on,14.55,3.01,-2.45,-0.506,0.412,-1.175,1.233,0.063,5.51,0.88
crosswind,correction_on,14.60,2.98,-2.31,-0.500,0.387,-1.179,1.242,0.060,5.42,1.00
crosswind,correction_on,14.65,2.95,-2.17,-0.494,0.362,-1.181,1.246,0.060,5.28,1.18
crosswind,correction_on,14.70,2.93,-2.02,-0.488,0.338,-1.184,1.255,0.060,5.18,1.31
crosswind,correction_on,14.75,2.92,-1.88,-0.485,0.313,-1.186,1.260,0.061,5.03,1.53
crosswind,correction_on,14.80,2.93,-1.74,-0.485,0.288,-1.188,1.269,0.064,4.94,1.67
crosswind,correction_on,14.85,2.96,-1.60,-0.487,0.264,-1.190,1.274,0.066,4.80,1.88
crosswind,correction_on,14.90,3.00,-1.47,-0.492,0.240,-1.192,1.282,0.071,4.71,2.02
crosswind,correction_on,14.95,3.05,-1.33,-0.499,0.218,-1.193,1.287,0.074,4.60,2.23
