wind_label,phase,t_s,wind_est_north,wind_est_east,accel_n_m_s2,accel_e_m_s2,actual_north_m,actual_east_m,pos_error_m,roll_deg,pitch_deg
calm,correction_off,0.00,0.00,0.00,0.000,0.000,0.027,-0.016,0.004,0.02,-0.05
calm,correction_off,0.05,0.00,0.00,0.000,0.000,0.027,-0.017,0.004,0.03,-0.05
calm,correction_off,0.10,0.00,0.00,0.000,0.000,0.028,-0.018,0.003,0.04,-0.05
calm,correction_off,0.15,0.00,0.00,0.000,0.000,0.028,-0.018,0.002,0.04,-0.05
calm,correction_off,0.20,0.00,0.00,0.000,0.000,0.028,-0.019,0.002,0.05,-0.05
calm,correction_off,0.25,0.00,0.00,0.000,0.000,0.028,-0.019,0.002,0.05,-0.06
calm,correction_off,0.30,0.00,0.00,0.000,0.000,0.028,-0.019,0.001,0.06,-0.06
calm,correction_off,0.35,0.00,0.00,0.000,0.000,0.029,-0.019,0.001,0.06,-0.07
calm,correction_off,0.40,0.00,0.00,0.000,0.000,0.029,-0.019,0.001,0.06,-0.07
calm,correction_off,0.45,0.00,0.00,0.000,0.000,0.030,-0.019,0.001,0.06,-0.07
calm,correction_off,0.50,0.00,0.00,0.000,0.000,0.030,-0.018,0.001,0.06,-0.07
calm,correction_off,0.55,0.00,0.00,0.000,0.000,0.030,-0.018,0.002,0.07,-0.06
calm,correction_off,0.60,0.00,0.00,0.000,0.000,0.031,-0.018,0.002,0.07,-0.06
calm,correction_off,0.65,0.00,0.00,0.000,0.000,0.031,-0.018,0.002,0.07,-0.05
calm,correction_off,0.70,0.00,0.00,0.000,0.000,0.031,-0.018,0.002,0.08,-0.04
calm,correction_off,0.75,0.00,0.00,0.000,0.000,0.030,-0.018,0.001,0.08,-0.04
calm,correction_off,0.80,0.00,0.00,0.000,0.000,0.030,-0.018,0.001,0.08,-0.04
calm,correction_off,0.85,0.00,0.00,0.000,0.000,0.028,-0.018,0.002,0.08,-0.03
calm,correction_off,0.90,0.00,0.00,0.000,0.000,0.027,-0.018,0.003,0.07,-0.03
calm,correction_off,0.95,0.00,0.00,0.000,0.000,0.026,-0.018,0.005,0.06,-0.03
calm,correction_off,1.00,0.00,0.00,0.000,0.000,0.025,-0.018,0.005,0.04,-0.02
calm,correction_off,1.05,0.00,0.00,0.000,0.000,0.023,-0.017,0.007,0.02,-0.02
calm,correction_off,1.10,0.00,0.00,0.000,0.000,0.021,-0.017,0.009,0.00,-0.01
calm,correction_off,1.15,0.00,0.00,0.000,0.000,0.019,-0.017,0.011,-0.02,-0.01
calm,correction_off,1.20,0.00,0.00,0.000,0.000,0.019,-0.017,0.012,-0.04,-0.00
calm,correction_off,1.25,0.00,0.00,0.000,0.000,0.017,-0.017,0.013,-0.07,-0.00
calm,correction_off,1.30,0.00,0.00,0.000,0.000,0.017,-0.017,0.014,-0.09,0.00
calm,correction_off,1.35,0.00,0.00,0.000,0.000,0.016,-0.017,0.014,-0.11,0.01
calm,correction_off,1.40,0.00,0.00,0.000,0.000,0.016,-0.017,0.014,-0.12,0.01
calm,correction_off,1.45,0.00,0.00,0.000,0.000,0.016,-0.017,0.014,-0.12,0.01
calm,correction_off,1.50,0.00,0.00,0.000,0.000,0.016,-0.017,0.014,-0.13,0.01
calm,correction_off,1.55,0.00,0.00,0.000,0.000,0.016,-0.018,0.014,-0.12,0.01
calm,correction_off,1.60,0.00,0.00,0.000,0.000,0.016,-0.018,0.014,-0.12,-0.00
calm,correction_off,1.65,0.00,0.00,0.000,0.000,0.016,-0.019,0.014,-0.11,-0.01
calm,correction_off,1.70,0.00,0.00,0.000,0.000,0.016,-0.019,0.014,-0.10,-0.02
calm,correction_off,1.75,0.00,0.00,0.000,0.000,0.016,-0.020,0.014,-0.08,-0.03
calm,correction_off,1.80,0.00,0.00,0.000,0.000,0.016,-0.020,0.014,-0.08,-0.03
calm,correction_off,1.85,0.00,0.00,0.000,0.000,0.016,-0.021,0.014,-0.07,-0.04
calm,correction_off,1.90,0.00,0.00,0.000,0.000,0.016,-0.021,0.014,-0.06,-0.05
calm,correction_off,1.95,0.00,0.00,0.000,0.000,0.016,-0.022,0.014,-0.06,-0.05
calm,correction_off,2.00,0.00,0.00,0.000,0.000,0.016,-0.022,0.014,-0.05,-0.06
calm,correction_off,2.05,0.00,0.00,0.000,0.000,0.017,-0.022,0.013,-0.04,-0.07
calm,correction_off,2.10,0.00,0.00,0.000,0.000,0.017,-0.023,0.013,-0.04,-0.07
calm,correction_off,2.15,0.00,0.00,0.000,0.000,0.018,-0.023,0.013,-0.03,-0.07
calm,correction_off,2.20,0.00,0.00,0.000,0.000,0.018,-0.024,0.012,-0.02,-0.08
calm,correction_off,2.25,0.00,0.00,0.000,0.000,0.019,-0.024,0.012,-0.01,-0.08
calm,correction_off,2.30,0.00,0.00,0.000,0.000,0.019,-0.024,0.012,-0.00,-0.08
calm,correction_off,2.35,0.00,0.00,0.000,0.000,0.020,-0.025,0.011,0.01,-0.08
calm,correction_off,2.40,0.00,0.00,0.000,0.000,0.020,-0.025,0.011,0.02,-0.08
calm,correction_off,2.45,0.00,0.00,0.000,0.000,0.021,-0.025,0.011,0.03,-0.09
calm,correction_off,2.50,0.00,0.00,0.000,0.000,0.021,-0.025,0.011,0.04,-0.09
calm,correction_off,2.55,0.00,0.00,0.000,0.000,0.021,-0.026,0.011,0.05,-0.09
calm,correction_off,2.60,0.00,0.00,0.000,0.000,0.021,-0.026,0.011,0.05,-0.09
calm,correction_off,2.65,0.00,0.00,0.000,0.000,0.021,-0.026,0.011,0.05,-0.09
calm,correction_off,2.70,0.00,0.00,0.000,0.000,0.021,-0.026,0.011,0.05,-0.09
calm,correction_off,2.75,0.00,0.00,0.000,0.000,0.020,-0.026,0.012,0.05,-0.09
calm,correction_off,2.80,0.00,0.00,0.000,0.000,0.020,-0.026,0.012,0.05,-0.09
calm,correction_off,2.85,0.00,0.00,0.000,0.000,0.019,-0.026,0.012,0.04,-0.09
calm,correction_off,2.90,0.00,0.00,0.000,0.000,0.019,-0.025,0.012,0.04,-0.08
calm,correction_off,2.95,0.00,0.00,0.000,0.000,0.019,-0.025,0.012,0.03,-0.08
calm,correction_off,3.00,0.00,0.00,0.000,0.000,0.019,-0.024,0.012,0.02,-0.07
calm,correction_off,3.05,0.00,0.00,0.000,0.000,0.020,-0.023,0.011,0.02,-0.06
calm,correction_off,3.10,0.00,0.00,0.000,0.000,0.020,-0.022,0.010,0.02,-0.05
calm,correction_off,3.15,0.00,0.00,0.000,0.000,0.021,-0.022,0.009,0.02,-0.04
calm,correction_off,3.20,0.00,0.00,0.000,0.000,0.021,-0.021,0.009,0.03,-0.03
calm,correction_off,3.25,0.00,0.00,0.000,0.000,0.022,-0.021,0.008,0.04,-0.02
calm,correction_off,3.30,0.00,0.00,0.000,0.000,0.022,-0.021,0.008,0.04,-0.01
calm,correction_off,3.35,0.00,0.00,0.000,0.000,0.022,-0.021,0.008,0.05,-0.01
calm,correction_off,3.40,0.00,0.00,0.000,0.000,0.022,-0.021,0.008,0.06,-0.00
calm,correction_off,3.45,0.00,0.00,0.000,0.000,0.022,-0.021,0.008,0.06,-0.00
calm,correction_off,3.50,0.00,0.00,0.000,0.000,0.022,-0.020,0.008,0.07,-0.00
calm,correction_off,3.55,0.00,0.00,0.000,0.000,0.022,-0.020,0.008,0.07,-0.00
calm,correction_off,3.60,0.00,0.00,0.000,0.000,0.022,-0.020,0.008,0.07,-0.01
calm,correction_off,3.65,0.00,0.00,0.000,0.000,0.022,-0.020,0.008,0.06,-0.01
calm,correction_off,3.70,0.00,0.00,0.000,0.000,0.022,-0.020,0.008,0.06,-0.01
calm,correction_off,3.75,0.00,0.00,0.000,0.000,0.022,-0.020,0.008,0.06,-0.01
calm,correction_off,3.80,0.00,0.00,0.000,0.000,0.022,-0.021,0.008,0.06,-0.02
calm,correction_off,3.85,0.00,0.00,0.000,0.000,0.022,-0.021,0.008,0.05,-0.02
calm,correction_off,3.90,0.00,0.00,0.000,0.000,0.022,-0.021,0.009,0.05,-0.02
calm,correction_off,3.95,0.00,0.00,0.000,0.000,0.021,-0.022,0.009,0.04,-0.03
calm,correction_off,4.00,0.00,0.00,0.000,0.000,0.021,-0.022,0.009,0.04,-0.04
calm,correction_off,4.05,0.00,0.00,0.000,0.000,0.021,-0.022,0.009,0.03,-0.04
calm,correction_off,4.10,0.00,0.00,0.000,0.000,0.021,-0.022,0.009,0.03,-0.05
calm,correction_off,4.15,0.00,0.00,0.000,0.000,0.021,-0.022,0.010,0.02,-0.05
calm,correction_off,4.20,0.00,0.00,0.000,0.000,0.020,-0.023,0.010,0.02,-0.05
calm,correction_off,4.25,0.00,0.00,0.000,0.000,0.020,-0.023,0.011,0.02,-0.06
calm,correction_off,4.30,0.00,0.00,0.000,0.000,0.020,-0.024,0.011,0.02,-0.06
calm,correction_off,4.35,0.00,0.00,0.000,0.000,0.019,-0.025,0.012,0.01,-0.06
calm,correction_off,4.40,0.00,0.00,0.000,0.000,0.019,-0.026,0.013,0.01,-0.07
calm,correction_off,4.45,0.00,0.00,0.000,0.000,0.017,-0.027,0.015,0.01,-0.08
calm,correction_off,4.50,0.00,0.00,0.000,0.000,0.016,-0.028,0.016,0.00,-0.09
calm,correction_off,4.55,0.00,0.00,0.000,0.000,0.015,-0.028,0.017,-0.00,-0.10
calm,correction_off,4.60,0.00,0.00,0.000,0.000,0.015,-0.028,0.017,-0.02,-0.11
calm,correction_off,4.65,0.00,0.00,0.000,0.000,0.014,-0.028,0.018,-0.03,-0.12
calm,correction_off,4.70,0.00,0.00,0.000,0.000,0.014,-0.028,0.018,-0.04,-0.12
calm,correction_off,4.75,0.00,0.00,0.000,0.000,0.014,-0.028,0.018,-0.05,-0.12
calm,correction_off,4.80,0.00,0.00,0.000,0.000,0.015,-0.028,0.017,-0.06,-0.12
calm,correction_off,4.85,0.00,0.00,0.000,0.000,0.015,-0.027,0.016,-0.06,-0.12
calm,correction_off,4.90,0.00,0.00,0.000,0.000,0.016,-0.026,0.016,-0.06,-0.11
calm,correction_off,4.95,0.00,0.00,0.000,0.000,0.017,-0.025,0.014,-0.05,-0.10
calm,correction_off,5.00,0.00,0.00,0.000,0.000,0.018,-0.025,0.013,-0.04,-0.09
calm,correction_off,5.05,0.00,0.00,0.000,0.000,0.020,-0.024,0.011,-0.02,-0.08
calm,correction_off,5.10,0.00,0.00,0.000,0.000,0.021,-0.023,0.009,-0.01,-0.07
calm,correction_off,5.15,0.00,0.00,0.000,0.000,0.023,-0.022,0.007,0.02,-0.06
calm,correction_off,5.20,0.00,0.00,0.000,0.000,0.024,-0.021,0.006,0.04,-0.04
calm,correction_off,5.25,0.00,0.00,0.000,0.000,0.026,-0.019,0.004,0.07,-0.03
calm,correction_off,5.30,0.00,0.00,0.000,0.000,0.027,-0.018,0.003,0.09,-0.02
calm,correction_off,5.35,0.00,0.00,0.000,0.000,0.028,-0.017,0.003,0.12,-0.01
calm,correction_off,5.40,0.00,0.00,0.000,0.000,0.029,-0.017,0.003,0.14,0.00
calm,correction_off,5.45,0.00,0.00,0.000,0.000,0.030,-0.016,0.004,0.15,0.01
calm,correction_off,5.50,0.00,0.00,0.000,0.000,0.030,-0.015,0.004,0.16,0.02
calm,correction_off,5.55,0.00,0.00,0.000,0.000,0.031,-0.015,0.005,0.17,0.03
calm,correction_off,5.60,0.00,0.00,0.000,0.000,0.031,-0.015,0.005,0.17,0.03
calm,correction_off,5.65,0.00,0.00,0.000,0.000,0.031,-0.015,0.005,0.17,0.03
calm,correction_off,5.70,0.00,0.00,0.000,0.000,0.031,-0.015,0.005,0.16,0.03
calm,correction_off,5.75,0.00,0.00,0.000,0.000,0.030,-0.015,0.005,0.16,0.03
calm,correction_off,5.80,0.00,0.00,0.000,0.000,0.030,-0.015,0.004,0.15,0.02
calm,correction_off,5.85,0.00,0.00,0.000,0.000,0.029,-0.015,0.004,0.13,0.01
calm,correction_off,5.90,0.00,0.00,0.000,0.000,0.028,-0.016,0.004,0.12,0.01
calm,correction_off,5.95,0.00,0.00,0.000,0.000,0.027,-0.016,0.005,0.10,-0.00
calm,correction_off,6.00,0.00,0.00,0.000,0.000,0.026,-0.016,0.005,0.08,-0.01
calm,correction_off,6.05,0.00,0.00,0.000,0.000,0.025,-0.017,0.006,0.06,-0.01
calm,correction_off,6.10,0.00,0.00,0.000,0.000,0.024,-0.017,0.007,0.04,-0.02
calm,correction_off,6.15,0.00,0.00,0.000,0.000,0.022,-0.016,0.008,0.01,-0.03
calm,correction_off,6.20,0.00,0.00,0.000,0.000,0.021,-0.016,0.009,-0.01,-0.03
calm,correction_off,6.25,0.00,0.00,0.000,0.000,0.020,-0.016,0.011,-0.03,-0.03
calm,correction_off,6.30,0.00,0.00,0.000,0.000,0.019,-0.016,0.012,-0.05,-0.03
calm,correction_off,6.35,0.00,0.00,0.000,0.000,0.018,-0.016,0.013,-0.07,-0.03
calm,correction_off,6.40,0.00,0.00,0.000,0.000,0.017,-0.016,0.013,-0.08,-0.02
calm,correction_off,6.45,0.00,0.00,0.000,0.000,0.016,-0.016,0.014,-0.09,-0.02
calm,correction_off,6.50,0.00,0.00,0.000,0.000,0.016,-0.016,0.014,-0.10,-0.02
calm,correction_off,6.55,0.00,0.00,0.000,0.000,0.016,-0.015,0.015,-0.11,-0.01
calm,correction_off,6.60,0.00,0.00,0.000,0.000,0.016,-0.015,0.015,-0.11,-0.01
calm,correction_off,6.65,0.00,0.00,0.000,0.000,0.017,-0.014,0.014,-0.10,-0.01
calm,correction_off,6.70,0.00,0.00,0.000,0.000,0.017,-0.013,0.014,-0.10,-0.00
calm,correction_off,6.75,0.00,0.00,0.000,0.000,0.019,-0.012,0.014,-0.08,0.01
calm,correction_off,6.80,0.00,0.00,0.000,0.000,0.020,-0.011,0.014,-0.07,0.02
calm,correction_off,6.85,0.00,0.00,0.000,0.000,0.021,-0.009,0.013,-0.05,0.03
calm,correction_off,6.90,0.00,0.00,0.000,0.000,0.022,-0.008,0.014,-0.02,0.04
calm,correction_off,6.95,0.00,0.00,0.000,0.000,0.024,-0.007,0.014,0.00,0.05
calm,correction_off,7.00,0.00,0.00,0.000,0.000,0.024,-0.006,0.014,0.03,0.07
calm,correction_off,7.05,0.00,0.00,0.000,0.000,0.026,-0.005,0.015,0.05,0.08
calm,correction_off,7.10,0.00,0.00,0.000,0.000,0.026,-0.005,0.015,0.07,0.09
calm,correction_off,7.15,0.00,0.00,0.000,0.000,0.027,-0.005,0.015,0.09,0.10
calm,correction_off,7.20,0.00,0.00,0.000,0.000,0.028,-0.005,0.014,0.10,0.11
calm,correction_off,7.25,0.00,0.00,0.000,0.000,0.028,-0.006,0.014,0.11,0.10
calm,correction_off,7.30,0.00,0.00,0.000,0.000,0.029,-0.007,0.013,0.11,0.10
calm,correction_off,7.35,0.00,0.00,0.000,0.000,0.029,-0.008,0.012,0.12,0.09
calm,correction_off,7.40,0.00,0.00,0.000,0.000,0.030,-0.009,0.011,0.12,0.07
calm,correction_off,7.45,0.00,0.00,0.000,0.000,0.030,-0.010,0.010,0.12,0.06
calm,correction_off,7.50,0.00,0.00,0.000,0.000,0.030,-0.011,0.009,0.11,0.04
calm,correction_off,7.55,0.00,0.00,0.000,0.000,0.031,-0.013,0.007,0.11,0.02
calm,correction_off,7.60,0.00,0.00,0.000,0.000,0.031,-0.014,0.006,0.11,0.00
calm,correction_off,7.65,0.00,0.00,0.000,0.000,0.031,-0.015,0.004,0.10,-0.02
calm,correction_off,7.70,0.00,0.00,0.000,0.000,0.031,-0.017,0.003,0.10,-0.04
calm,correction_off,7.75,0.00,0.00,0.000,0.000,0.030,-0.018,0.001,0.09,-0.06
calm,correction_off,7.80,0.00,0.00,0.000,0.000,0.029,-0.019,0.001,0.09,-0.08
calm,correction_off,7.85,0.00,0.00,0.000,0.000,0.028,-0.021,0.002,0.08,-0.09
calm,correction_off,7.90,0.00,0.00,0.000,0.000,0.027,-0.022,0.003,0.06,-0.10
calm,correction_off,7.95,0.00,0.00,0.000,0.000,0.026,-0.023,0.005,0.05,-0.12
calm,correction_off,8.00,0.00,0.00,0.000,0.000,0.025,-0.024,0.007,0.03,-0.13
calm,correction_off,8.05,0.00,0.00,0.000,0.000,0.024,-0.026,0.009,0.01,-0.14
calm,correction_off,8.10,0.00,0.00,0.000,0.000,0.023,-0.027,0.010,-0.01,-0.15
calm,correction_off,8.15,0.00,0.00,0.000,0.000,0.021,-0.029,0.013,-0.02,-0.16
calm,correction_off,8.20,0.00,0.00,0.000,0.000,0.020,-0.030,0.014,-0.04,-0.16
calm,correction_off,8.25,0.00,0.00,0.000,0.000,0.019,-0.031,0.016,-0.06,-0.17
calm,correction_off,8.30,0.00,0.00,0.000,0.000,0.018,-0.032,0.017,-0.08,-0.18
calm,correction_off,8.35,0.00,0.00,0.000,0.000,0.016,-0.032,0.019,-0.10,-0.19
calm,correction_off,8.40,0.00,0.00,0.000,0.000,0.015,-0.032,0.019,-0.11,-0.19
calm,correction_off,8.45,0.00,0.00,0.000,0.000,0.014,-0.032,0.020,-0.13,-0.19
calm,correction_off,8.50,0.00,0.00,0.000,0.000,0.013,-0.032,0.020,-0.14,-0.19
calm,correction_off,8.55,0.00,0.00,0.000,0.000,0.012,-0.031,0.021,-0.16,-0.18
calm,correction_off,8.60,0.00,0.00,0.000,0.000,0.012,-0.030,0.021,-0.16,-0.17
calm,correction_off,8.65,0.00,0.00,0.000,0.000,0.011,-0.029,0.021,-0.17,-0.15
calm,correction_off,8.70,0.00,0.00,0.000,0.000,0.011,-0.029,0.021,-0.17,-0.13
calm,correction_off,8.75,0.00,0.00,0.000,0.000,0.011,-0.028,0.021,-0.16,-0.11
calm,correction_off,8.80,0.00,0.00,0.000,0.000,0.011,-0.027,0.021,-0.16,-0.10
calm,correction_off,8.85,0.00,0.00,0.000,0.000,0.010,-0.027,0.021,-0.15,-0.08
calm,correction_off,8.90,0.00,0.00,0.000,0.000,0.011,-0.026,0.020,-0.14,-0.07
calm,correction_off,8.95,0.00,0.00,0.000,0.000,0.011,-0.025,0.020,-0.13,-0.05
calm,correction_off,9.00,0.00,0.00,0.000,0.000,0.011,-0.024,0.019,-0.12,-0.04
calm,correction_off,9.05,0.00,0.00,0.000,0.000,0.012,-0.023,0.018,-0.10,-0.02
calm,correction_off,9.10,0.00,0.00,0.000,0.000,0.013,-0.022,0.017,-0.09,-0.01
calm,correction_off,9.15,0.00,0.00,0.000,0.000,0.013,-0.020,0.016,-0.07,0.00
calm,correction_off,9.20,0.00,0.00,0.000,0.000,0.014,-0.019,0.016,-0.05,0.02
calm,correction_off,9.25,0.00,0.00,0.000,0.000,0.015,-0.018,0.015,-0.03,0.03
calm,correction_off,9.30,0.00,0.00,0.000,0.000,0.016,-0.017,0.014,-0.01,0.04
calm,correction_off,9.35,0.00,0.00,0.000,0.000,0.017,-0.016,0.013,0.01,0.06
calm,correction_off,9.40,0.00,0.00,0.000,0.000,0.018,-0.015,0.013,0.03,0.07
calm,correction_off,9.45,0.00,0.00,0.000,0.000,0.019,-0.014,0.012,0.04,0.07
calm,correction_off,9.50,0.00,0.00,0.000,0.000,0.020,-0.013,0.012,0.06,0.08
calm,correction_off,9.55,0.00,0.00,0.000,0.000,0.021,-0.011,0.012,0.07,0.09
calm,correction_off,9.60,0.00,0.00,0.000,0.000,0.021,-0.011,0.012,0.08,0.09
calm,correction_off,9.65,0.00,0.00,0.000,0.000,0.022,-0.009,0.013,0.09,0.10
calm,correction_off,9.70,0.00,0.00,0.000,0.000,0.023,-0.008,0.013,0.10,0.10
calm,correction_off,9.75,0.00,0.00,0.000,0.000,0.024,-0.007,0.014,0.10,0.11
calm,correction_off,9.80,0.00,0.00,0.000,0.000,0.025,-0.007,0.014,0.11,0.11
calm,correction_off,9.85,0.00,0.00,0.000,0.000,0.025,-0.006,0.015,0.11,0.12
calm,correction_off,9.90,0.00,0.00,0.000,0.000,0.026,-0.005,0.015,0.11,0.12
calm,correction_off,9.95,0.00,0.00,0.000,0.000,0.027,-0.004,0.016,0.11,0.12
calm,correction_off,10.00,0.00,0.00,0.000,0.000,0.027,-0.004,0.016,0.11,0.13
calm,correction_off,10.05,0.00,0.00,0.000,0.000,0.027,-0.004,0.016,0.11,0.13
calm,correction_off,10.10,0.00,0.00,0.000,0.000,0.027,-0.004,0.016,0.10,0.13
calm,correction_off,10.15,0.00,0.00,0.000,0.000,0.028,-0.005,0.015,0.10,0.12
calm,correction_off,10.20,0.00,0.00,0.000,0.000,0.028,-0.006,0.014,0.10,0.11
calm,correction_off,10.25,0.00,0.00,0.000,0.000,0.028,-0.007,0.013,0.09,0.10
calm,correction_off,10.30,0.00,0.00,0.000,0.000,0.028,-0.008,0.011,0.09,0.09
calm,correction_off,10.35,0.00,0.00,0.000,0.000,0.028,-0.010,0.010,0.08,0.07
calm,correction_off,10.40,0.00,0.00,0.000,0.000,0.028,-0.011,0.009,0.08,0.04
calm,correction_off,10.45,0.00,0.00,0.000,0.000,0.028,-0.013,0.006,0.08,0.02
calm,correction_off,10.50,0.00,0.00,0.000,0.000,0.028,-0.015,0.005,0.07,-0.01
calm,correction_off,10.55,0.00,0.00,0.000,0.000,0.028,-0.017,0.003,0.07,-0.03
calm,correction_off,10.60,0.00,0.00,0.000,0.000,0.028,-0.018,0.003,0.07,-0.06
calm,correction_off,10.65,0.00,0.00,0.000,0.000,0.028,-0.020,0.002,0.06,-0.08
calm,correction_off,10.70,0.00,0.00,0.000,0.000,0.027,-0.021,0.003,0.05,-0.11
calm,correction_off,10.75,0.00,0.00,0.000,0.000,0.027,-0.023,0.005,0.04,-0.13
calm,correction_off,10.80,0.00,0.00,0.000,0.000,0.026,-0.024,0.006,0.04,-0.14
calm,correction_off,10.85,0.00,0.00,0.000,0.000,0.026,-0.025,0.007,0.03,-0.16
calm,correction_off,10.90,0.00,0.00,0.000,0.000,0.025,-0.026,0.008,0.02,-0.17
calm,correction_off,10.95,0.00,0.00,0.000,0.000,0.025,-0.027,0.009,0.01,-0.18
calm,correction_off,11.00,0.00,0.00,0.000,0.000,0.025,-0.028,0.009,0.00,-0.19
calm,correction_off,11.05,0.00,0.00,0.000,0.000,0.025,-0.028,0.010,-0.01,-0.19
calm,correction_off,11.10,0.00,0.00,0.000,0.000,0.025,-0.029,0.010,-0.01,-0.19
calm,correction_off,11.15,0.00,0.00,0.000,0.000,0.026,-0.029,0.011,-0.01,-0.19
calm,correction_off,11.20,0.00,0.00,0.000,0.000,0.026,-0.030,0.011,-0.01,-0.18
calm,correction_off,11.25,0.00,0.00,0.000,0.000,0.026,-0.031,0.012,-0.01,-0.18
calm,correction_off,11.30,0.00,0.00,0.000,0.000,0.026,-0.031,0.012,-0.01,-0.18
calm,correction_off,11.35,0.00,0.00,0.000,0.000,0.027,-0.033,0.013,-0.00,-0.17
calm,correction_off,11.40,0.00,0.00,0.000,0.000,0.027,-0.033,0.014,0.00,-0.17
calm,correction_off,11.45,0.00,0.00,0.000,0.000,0.028,-0.034,0.015,0.01,-0.17
calm,correction_off,11.50,0.00,0.00,0.000,0.000,0.029,-0.035,0.015,0.01,-0.17
calm,correction_off,11.55,0.00,0.00,0.000,0.000,0.030,-0.036,0.017,0.02,-0.17
calm,correction_off,11.60,0.00,0.00,0.000,0.000,0.030,-0.037,0.017,0.03,-0.18
calm,correction_off,11.65,0.00,0.00,0.000,0.000,0.031,-0.039,0.019,0.04,-0.18
calm,correction_off,11.70,0.00,0.00,0.000,0.000,0.031,-0.040,0.020,0.04,-0.19
calm,correction_off,11.75,0.00,0.00,0.000,0.000,0.032,-0.041,0.022,0.05,-0.20
calm,correction_off,11.80,0.00,0.00,0.000,0.000,0.032,-0.042,0.022,0.06,-0.21
calm,correction_off,11.85,0.00,0.00,0.000,0.000,0.033,-0.043,0.024,0.07,-0.22
calm,correction_off,11.90,0.00,0.00,0.000,0.000,0.033,-0.044,0.024,0.07,-0.23
calm,correction_off,11.95,0.00,0.00,0.000,0.000,0.033,-0.045,0.025,0.07,-0.24
calm,correction_off,12.00,0.00,0.00,0.000,0.000,0.033,-0.045,0.026,0.08,-0.24
calm,correction_off,12.05,0.00,0.00,0.000,0.000,0.033,-0.046,0.026,0.07,-0.25
calm,correction_off,12.10,0.00,0.00,0.000,0.000,0.033,-0.046,0.026,0.07,-0.25
calm,correction_off,12.15,0.00,0.00,0.000,0.000,0.033,-0.046,0.026,0.07,-0.25
calm,correction_off,12.20,0.00,0.00,0.000,0.000,0.033,-0.046,0.027,0.06,-0.24
calm,correction_off,12.25,0.00,0.00,0.000,0.000,0.033,-0.046,0.027,0.06,-0.24
calm,correction_off,12.30,0.00,0.00,0.000,0.000,0.033,-0.046,0.027,0.05,-0.23
calm,correction_off,12.35,0.00,0.00,0.000,0.000,0.033,-0.046,0.026,0.05,-0.22
calm,correction_off,12.40,0.00,0.00,0.000,0.000,0.033,-0.046,0.026,0.04,-0.22
calm,correction_off,12.45,0.00,0.00,0.000,0.000,0.033,-0.045,0.025,0.04,-0.21
calm,correction_off,12.50,0.00,0.00,0.000,0.000,0.033,-0.044,0.025,0.04,-0.20
calm,correction_off,12.55,0.00,0.00,0.000,0.000,0.033,-0.043,0.023,0.04,-0.19
calm,correction_off,12.60,0.00,0.00,0.000,0.000,0.033,-0.042,0.023,0.04,-0.17
calm,correction_off,12.65,0.00,0.00,0.000,0.000,0.033,-0.040,0.021,0.04,-0.16
calm,correction_off,12.70,0.00,0.00,0.000,0.000,0.033,-0.039,0.020,0.04,-0.14
calm,correction_off,12.75,0.00,0.00,0.000,0.000,0.032,-0.038,0.019,0.04,-0.13
calm,correction_off,12.80,0.00,0.00,0.000,0.000,0.032,-0.037,0.018,0.04,-0.11
calm,correction_off,12.85,0.00,0.00,0.000,0.000,0.032,-0.036,0.017,0.03,-0.09
calm,correction_off,12.90,0.00,0.00,0.000,0.000,0.033,-0.035,0.016,0.03,-0.08
calm,correction_off,12.95,0.00,0.00,0.000,0.000,0.033,-0.034,0.015,0.03,-0.06
calm,correction_off,13.00,0.00,0.00,0.000,0.000,0.033,-0.033,0.014,0.03,-0.05
calm,correction_off,13.05,0.00,0.00,0.000,0.000,0.032,-0.032,0.013,0.03,-0.04
calm,correction_off,13.10,0.00,0.00,0.000,0.000,0.032,-0.031,0.012,0.03,-0.03
calm,correction_off,13.15,0.00,0.00,0.000,0.000,0.032,-0.030,0.010,0.04,-0.02
calm,correction_off,13.20,0.00,0.00,0.000,0.000,0.032,-0.029,0.009,0.04,-0.01
calm,correction_off,13.25,0.00,0.00,0.000,0.000,0.031,-0.027,0.008,0.04,-0.01
calm,correction_off,13.30,0.00,0.00,0.000,0.000,0.031,-0.026,0.006,0.04,-0.00
calm,correction_off,13.35,0.00,0.00,0.000,0.000,0.030,-0.023,0.004,0.03,0.01
calm,correction_off,13.40,0.00,0.00,0.000,0.000,0.030,-0.022,0.002,0.03,0.02
calm,correction_off,13.45,0.00,0.00,0.000,0.000,0.029,-0.019,0.001,0.03,0.04
calm,correction_off,13.50,0.00,0.00,0.000,0.000,0.029,-0.017,0.002,0.03,0.05
calm,correction_off,13.55,0.00,0.00,0.000,0.000,0.029,-0.015,0.005,0.03,0.07
calm,correction_off,13.60,0.00,0.00,0.000,0.000,0.029,-0.013,0.006,0.03,0.09
calm,correction_off,13.65,0.00,0.00,0.000,0.000,0.029,-0.010,0.009,0.03,0.11
calm,correction_off,13.70,0.00,0.00,0.000,0.000,0.030,-0.009,0.011,0.04,0.12
calm,correction_off,13.75,0.00,0.00,0.000,0.000,0.031,-0.006,0.014,0.04,0.14
calm,correction_off,13.80,0.00,0.00,0.000,0.000,0.031,-0.005,0.015,0.05,0.16
calm,correction_off,13.85,0.00,0.00,0.000,0.000,0.032,-0.002,0.018,0.06,0.17
calm,correction_off,13.90,0.00,0.00,0.000,0.000,0.033,-0.000,0.020,0.07,0.18
calm,correction_off,13.95,0.00,0.00,0.000,0.000,0.035,0.003,0.023,0.08,0.20
calm,correction_off,14.00,0.00,0.00,0.000,0.000,0.036,0.004,0.024,0.09,0.21
calm,correction_off,14.05,0.00,0.00,0.000,0.000,0.038,0.006,0.027,0.11,0.22
calm,correction_off,14.10,0.00,0.00,0.000,0.000,0.039,0.007,0.028,0.13,0.23
calm,correction_off,14.15,0.00,0.00,0.000,0.000,0.041,0.009,0.031,0.15,0.24
calm,correction_off,14.20,0.00,0.00,0.000,0.000,0.042,0.010,0.032,0.16,0.24
calm,correction_off,14.25,0.00,0.00,0.000,0.000,0.044,0.011,0.033,0.18,0.25
calm,correction_off,14.30,0.00,0.00,0.000,0.000,0.045,0.011,0.034,0.20,0.24
calm,correction_off,14.35,0.00,0.00,0.000,0.000,0.047,0.011,0.035,0.21,0.24
calm,correction_off,14.40,0.00,0.00,0.000,0.000,0.047,0.012,0.036,0.22,0.23
calm,correction_off,14.45,0.00,0.00,0.000,0.000,0.048,0.012,0.036,0.23,0.22
calm,correction_off,14.50,0.00,0.00,0.000,0.000,0.049,0.012,0.036,0.23,0.20
calm,correction_off,14.55,0.00,0.00,0.000,0.000,0.049,0.012,0.037,0.24,0.19
calm,correction_off,14.60,0.00,0.00,0.000,0.000,0.049,0.012,0.037,0.24,0.17
calm,correction_off,14.65,0.00,0.00,0.000,0.000,0.048,0.013,0.037,0.23,0.16
calm,correction_off,14.70,0.00,0.00,0.000,0.000,0.047,0.013,0.037,0.23,0.15
calm,correction_off,14.75,0.00,0.00,0.000,0.000,0.047,0.014,0.037,0.21,0.15
calm,correction_off,14.80,0.00,0.00,0.000,0.000,0.046,0.014,0.038,0.20,0.14
calm,correction_off,14.85,0.00,0.00,0.000,0.000,0.045,0.015,0.037,0.18,0.14
calm,correction_off,14.90,0.00,0.00,0.000,0.000,0.044,0.015,0.037,0.16,0.15
calm,correction_off,14.95,0.00,0.00,0.000,0.000,0.043,0.014,0.036,0.14,0.14
calm,correction_on,0.00,0.00,0.00,0.000,0.000,0.041,-0.007,0.009,0.16,0.06
calm,correction_on,0.05,0.00,0.00,0.000,0.000,0.041,-0.008,0.009,0.15,0.04
calm,correction_on,0.10,0.00,0.00,0.000,0.000,0.040,-0.011,0.011,0.14,0.02
calm,correction_on,0.15,0.00,0.00,0.000,0.000,0.039,-0.012,0.012,0.12,-0.01
calm,correction_on,0.20,0.00,0.00,0.000,0.000,0.039,-0.015,0.014,0.11,-0.04
calm,correction_on,0.25,0.00,0.00,0.000,0.000,0.038,-0.017,0.015,0.09,-0.07
calm,correction_on,0.30,0.00,0.00,0.000,0.000,0.037,-0.019,0.017,0.08,-0.10
calm,correction_on,0.35,0.00,0.00,0.000,0.000,0.037,-0.021,0.018,0.06,-0.13
calm,correction_on,0.40,0.00,0.00,0.000,0.000,0.036,-0.023,0.020,0.05,-0.16
calm,correction_on,0.45,0.00,0.00,0.000,0.000,0.036,-0.024,0.021,0.03,-0.18
calm,correction_on,0.50,0.00,0.00,0.000,0.000,0.035,-0.027,0.024,0.02,-0.21
calm,correction_on,0.55,0.00,0.00,0.000,0.000,0.035,-0.028,0.025,0.01,-0.22
calm,correction_on,0.60,0.00,0.00,0.000,0.000,0.034,-0.031,0.027,-0.00,-0.24
calm,correction_on,0.65,0.00,0.00,0.000,0.000,0.034,-0.032,0.028,-0.01,-0.25
calm,correction_on,0.70,0.00,0.00,0.000,0.000,0.033,-0.033,0.030,-0.02,-0.27
calm,correction_on,0.75,0.00,0.00,0.000,0.000,0.033,-0.034,0.031,-0.03,-0.28
calm,correction_on,0.80,0.00,0.00,0.000,0.000,0.033,-0.036,0.033,-0.03,-0.28
calm,correction_on,0.85,0.00,0.00,0.000,0.000,0.033,-0.036,0.033,-0.04,-0.29
calm,correction_on,0.90,0.00,0.00,0.000,0.000,0.033,-0.037,0.034,-0.04,-0.29
calm,correction_on,0.95,0.00,0.00,-0.000,-0.000,0.034,-0.038,0.035,-0.03,-0.29
calm,correction_on,1.00,0.00,0.00,-0.000,-0.000,0.035,-0.038,0.035,-0.03,-0.29
calm,correction_on,1.05,0.00,0.00,-0.000,-0.000,0.035,-0.038,0.035,-0.02,-0.28
calm,correction_on,1.10,0.00,0.00,-0.000,-0.000,0.036,-0.038,0.035,-0.01,-0.27
calm,correction_on,1.15,0.00,0.00,-0.000,-0.000,0.037,-0.038,0.035,0.01,-0.26
calm,correction_on,1.20,0.00,0.00,-0.000,-0.000,0.039,-0.037,0.035,0.02,-0.25
calm,correction_on,1.25,0.00,0.00,-0.000,-0.000,0.040,-0.037,0.035,0.04,-0.24
calm,correction_on,1.30,0.00,0.00,-0.000,-0.000,0.042,-0.036,0.034,0.06,-0.22
calm,correction_on,1.35,0.00,0.00,-0.000,-0.000,0.043,-0.036,0.034,0.07,-0.20
calm,correction_on,1.40,0.00,0.00,-0.000,-0.000,0.044,-0.036,0.034,0.09,-0.19
calm,correction_on,1.45,0.00,0.00,-0.000,-0.000,0.044,-0.036,0.034,0.11,-0.18
calm,correction_on,1.50,0.00,0.00,-0.000,-0.000,0.045,-0.035,0.034,0.13,-0.16
calm,correction_on,1.55,0.00,0.00,-0.000,-0.000,0.045,-0.035,0.034,0.14,-0.15
calm,correction_on,1.60,0.00,0.00,-0.000,-0.000,0.044,-0.035,0.034,0.15,-0.15
calm,correction_on,1.65,0.00,0.00,-0.000,-0.000,0.044,-0.034,0.033,0.15,-0.14
calm,correction_on,1.70,0.00,0.00,-0.000,-0.000,0.043,-0.033,0.032,0.15,-0.13
calm,correction_on,1.75,0.00,0.00,-0.000,-0.000,0.041,-0.032,0.030,0.14,-0.12
calm,correction_on,1.80,0.00,0.00,-0.000,-0.000,0.040,-0.031,0.028,0.13,-0.11
calm,correction_on,1.85,0.00,0.00,-0.000,-0.000,0.039,-0.030,0.027,0.11,-0.09
calm,correction_on,1.90,0.00,0.00,-0.000,-0.000,0.037,-0.028,0.025,0.09,-0.08
calm,correction_on,1.95,0.00,0.00,-0.000,-0.000,0.036,-0.027,0.024,0.07,-0.06
calm,correction_on,2.00,0.00,0.00,-0.000,-0.000,0.033,-0.025,0.022,0.04,-0.05
calm,correction_on,2.05,0.00,0.00,-0.000,-0.000,0.032,-0.024,0.021,0.02,-0.03
calm,correction_on,2.10,0.00,0.00,-0.000,-0.000,0.030,-0.022,0.019,-0.01,-0.01
calm,correction_on,2.15,0.00,0.00,-0.000,-0.000,0.028,-0.021,0.018,-0.03,0.01
calm,correction_on,2.20,0.00,0.00,-0.000,-0.000,0.026,-0.019,0.017,-0.06,0.02
calm,correction_on,2.25,0.00,0.00,-0.000,-0.000,0.025,-0.018,0.017,-0.08,0.04
calm,correction_on,2.30,0.00,0.00,-0.000,-0.000,0.023,-0.016,0.016,-0.10,0.06
calm,correction_on,2.35,0.00,0.00,-0.000,-0.000,0.022,-0.015,0.016,-0.12,0.07
calm,correction_on,2.40,0.00,0.00,-0.000,-0.000,0.021,-0.014,0.016,-0.14,0.08
calm,correction_on,2.45,0.00,0.00,-0.000,-0.000,0.021,-0.013,0.015,-0.14,0.09
calm,correction_on,2.50,0.00,0.00,-0.000,-0.000,0.020,-0.012,0.015,-0.15,0.09
calm,correction_on,2.55,0.00,0.00,-0.000,-0.000,0.020,-0.012,0.015,-0.15,0.10
calm,correction_on,2.60,0.00,0.00,-0.000,-0.000,0.020,-0.011,0.015,-0.14,0.10
calm,correction_on,2.65,0.00,0.00,-0.000,-0.000,0.020,-0.010,0.015,-0.13,0.10
calm,correction_on,2.70,0.00,0.00,-0.000,-0.000,0.020,-0.010,0.014,-0.12,0.10
calm,correction_on,2.75,0.00,0.00,-0.000,-0.000,0.020,-0.010,0.014,-0.11,0.09
calm,correction_on,2.80,0.00,0.00,-0.000,-0.000,0.020,-0.009,0.014,-0.10,0.09
calm,correction_on,2.85,0.00,0.00,-0.000,-0.000,0.020,-0.010,0.014,-0.09,0.08
calm,correction_on,2.90,0.00,0.00,-0.000,-0.000,0.020,-0.010,0.014,-0.08,0.07
calm,correction_on,2.95,0.00,0.00,-0.000,-0.000,0.020,-0.010,0.015,-0.06,0.06
calm,correction_on,3.00,0.00,0.00,-0.000,-0.000,0.020,-0.010,0.015,-0.05,0.04
calm,correction_on,3.05,0.00,0.00,-0.000,-0.000,0.019,-0.011,0.015,-0.05,0.03
calm,correction_on,3.10,0.00,0.00,-0.000,-0.000,0.019,-0.011,0.016,-0.04,0.02
calm,correction_on,3.15,0.00,0.00,-0.000,-0.000,0.019,-0.012,0.016,-0.04,0.00
calm,correction_on,3.20,0.00,0.00,-0.000,-0.000,0.018,-0.012,0.017,-0.04,-0.01
calm,correction_on,3.25,0.00,0.00,-0.000,-0.000,0.017,-0.013,0.018,-0.04,-0.02
calm,correction_on,3.30,0.00,0.00,-0.000,-0.000,0.016,-0.013,0.019,-0.05,-0.04
calm,correction_on,3.35,0.00,0.00,-0.000,-0.000,0.015,-0.013,0.020,-0.05,-0.04
calm,correction_on,3.40,0.00,0.00,-0.000,-0.000,0.014,-0.013,0.021,-0.06,-0.05
calm,correction_on,3.45,0.00,0.00,-0.000,-0.000,0.013,-0.013,0.022,-0.07,-0.06
calm,correction_on,3.50,0.00,0.00,-0.000,-0.000,0.011,-0.014,0.024,-0.09,-0.06
calm,correction_on,3.55,0.00,0.00,-0.000,-0.000,0.010,-0.014,0.025,-0.10,-0.06
calm,correction_on,3.60,0.00,0.00,-0.000,-0.000,0.009,-0.014,0.026,-0.11,-0.06
calm,correction_on,3.65,0.00,0.00,-0.000,-0.000,0.008,-0.014,0.026,-0.13,-0.06
calm,correction_on,3.70,0.00,0.00,-0.000,-0.000,0.007,-0.014,0.027,-0.14,-0.06
calm,correction_on,3.75,0.00,0.00,-0.000,-0.000,0.006,-0.014,0.028,-0.15,-0.06
calm,correction_on,3.80,0.00,0.00,-0.000,-0.000,0.006,-0.014,0.029,-0.16,-0.06
calm,correction_on,3.85,0.00,0.00,-0.000,-0.000,0.006,-0.014,0.029,-0.16,-0.06
calm,correction_on,3.90,0.00,0.00,-0.000,-0.000,0.005,-0.013,0.029,-0.16,-0.06
calm,correction_on,3.95,0.00,0.00,-0.000,-0.000,0.005,-0.013,0.029,-0.16,-0.06
calm,correction_on,4.00,0.00,0.00,-0.000,-0.000,0.006,-0.013,0.028,-0.16,-0.06
calm,correction_on,4.05,0.00,0.00,-0.000,-0.000,0.007,-0.013,0.028,-0.15,-0.06
calm,correction_on,4.10,0.00,0.00,-0.000,-0.000,0.008,-0.013,0.026,-0.14,-0.06
calm,correction_on,4.15,0.00,0.00,-0.000,-0.000,0.009,-0.012,0.025,-0.12,-0.06
calm,correction_on,4.20,0.00,0.00,-0.000,-0.000,0.011,-0.012,0.023,-0.10,-0.06
calm,correction_on,4.25,0.00,0.00,-0.000,-0.000,0.012,-0.012,0.022,-0.08,-0.06
calm,correction_on,4.30,0.00,0.00,-0.000,-0.000,0.014,-0.011,0.020,-0.06,-0.06
calm,correction_on,4.35,0.00,0.00,-0.000,-0.000,0.016,-0.011,0.018,-0.04,-0.05
calm,correction_on,4.40,0.00,0.00,-0.000,-0.000,0.019,-0.011,0.016,-0.01,-0.05
calm,correction_on,4.45,0.00,0.00,-0.000,-0.000,0.020,-0.011,0.015,0.02,-0.05
calm,correction_on,4.50,0.00,0.00,-0.000,-0.000,0.023,-0.011,0.013,0.05,-0.06
calm,correction_on,4.55,0.00,0.00,-0.000,-0.000,0.024,-0.011,0.011,0.08,-0.06
calm,correction_on,4.60,0.00,0.00,-0.000,-0.000,0.026,-0.011,0.010,0.11,-0.06
calm,correction_on,4.65,0.00,0.00,-0.000,-0.000,0.027,-0.012,0.010,0.13,-0.07
calm,correction_on,4.70,0.00,0.00,-0.000,-0.000,0.028,-0.012,0.010,0.15,-0.07
calm,correction_on,4.75,0.00,0.00,-0.000,-0.000,0.029,-0.012,0.009,0.17,-0.08
calm,correction_on,4.80,0.00,0.00,-0.000,-0.000,0.031,-0.013,0.010,0.18,-0.08
calm,correction_on,4.85,0.00,0.00,-0.000,-0.000,0.031,-0.013,0.010,0.18,-0.09
calm,correction_on,4.90,0.00,0.00,-0.000,-0.000,0.033,-0.013,0.010,0.18,-0.10
calm,correction_on,4.95,0.00,0.00,-0.000,-0.000,0.033,-0.014,0.010,0.18,-0.11
calm,correction_on,5.00,0.00,0.00,-0.000,-0.000,0.034,-0.014,0.010,0.18,-0.11
calm,correction_on,5.05,0.00,0.00,-0.000,-0.000,0.034,-0.013,0.010,0.18,-0.12
calm,correction_on,5.10,0.00,0.00,-0.000,-0.000,0.034,-0.013,0.010,0.17,-0.12
calm,correction_on,5.15,0.00,0.00,-0.000,-0.000,0.035,-0.012,0.009,0.17,-0.12
calm,correction_on,5.20,0.00,0.00,-0.000,-0.000,0.035,-0.011,0.008,0.16,-0.12
calm,correction_on,5.25,0.00,0.00,-0.000,-0.000,0.035,-0.010,0.008,0.15,-0.11
calm,correction_on,5.30,0.00,0.00,-0.000,-0.000,0.034,-0.009,0.006,0.14,-0.10
calm,correction_on,5.35,0.00,0.00,-0.000,-0.000,0.034,-0.008,0.005,0.12,-0.09
calm,correction_on,5.40,0.00,0.00,-0.000,-0.000,0.033,-0.006,0.003,0.11,-0.08
calm,correction_on,5.45,0.00,0.00,-0.000,-0.000,0.033,-0.005,0.001,0.10,-0.06
calm,correction_on,5.50,0.00,0.00,-0.000,-0.000,0.032,-0.002,0.001,0.08,-0.04
calm,correction_on,5.55,0.00,0.00,-0.000,-0.000,0.031,-0.001,0.003,0.07,-0.02
calm,correction_on,5.60,0.00,0.00,-0.000,-0.000,0.030,0.002,0.006,0.05,0.01
calm,correction_on,5.65,0.00,0.00,-0.000,-0.000,0.030,0.003,0.007,0.04,0.03
calm,correction_on,5.70,0.00,0.00,-0.000,-0.000,0.029,0.005,0.009,0.02,0.05
calm,correction_on,5.75,0.00,0.00,-0.000,-0.000,0.028,0.006,0.010,0.01,0.07
calm,correction_on,5.80,0.00,0.00,-0.000,-0.000,0.028,0.008,0.012,-0.00,0.09
calm,correction_on,5.85,0.00,0.00,-0.000,-0.000,0.027,0.009,0.013,-0.01,0.11
calm,correction_on,5.90,0.00,0.00,-0.000,-0.000,0.027,0.010,0.015,-0.02,0.12
calm,correction_on,5.95,0.00,0.00,-0.000,-0.000,0.026,0.011,0.015,-0.03,0.13
calm,correction_on,6.00,0.00,0.00,-0.000,-0.000,0.026,0.012,0.017,-0.03,0.13
calm,correction_on,6.05,0.00,0.00,-0.000,-0.000,0.026,0.013,0.017,-0.04,0.13
calm,correction_on,6.10,0.00,0.00,-0.000,-0.000,0.027,0.014,0.019,-0.04,0.14
calm,correction_on,6.15,0.00,0.00,-0.000,-0.000,0.027,0.015,0.019,-0.04,0.14
calm,correction_on,6.20,0.00,0.00,-0.000,-0.000,0.028,0.017,0.020,-0.03,0.14
calm,correction_on,6.25,0.00,0.00,-0.000,-0.000,0.029,0.018,0.021,-0.03,0.14
calm,correction_on,6.30,0.00,0.00,-0.000,-0.000,0.031,0.019,0.023,-0.02,0.15
calm,correction_on,6.35,0.00,0.00,-0.000,-0.000,0.032,0.021,0.024,-0.00,0.15
calm,correction_on,6.40,0.00,0.00,-0.000,-0.000,0.033,0.022,0.026,0.02,0.15
calm,correction_on,6.45,0.00,0.00,-0.000,-0.000,0.034,0.023,0.027,0.03,0.16
calm,correction_on,6.50,0.00,0.00,-0.000,-0.000,0.035,0.025,0.028,0.05,0.16
calm,correction_on,6.55,0.00,0.00,-0.000,-0.000,0.036,0.026,0.029,0.07,0.17
calm,correction_on,6.60,0.00,0.00,-0.000,-0.000,0.037,0.028,0.031,0.08,0.18
calm,correction_on,6.65,0.00,0.00,-0.000,-0.000,0.037,0.028,0.032,0.10,0.19
calm,correction_on,6.70,0.00,0.00,-0.000,-0.000,0.038,0.029,0.033,0.11,0.19
calm,correction_on,6.75,0.00,0.00,-0.000,-0.000,0.039,0.030,0.034,0.12,0.20
calm,correction_on,6.80,0.00,0.00,-0.000,-0.000,0.040,0.030,0.034,0.13,0.20
calm,correction_on,6.85,0.00,0.00,-0.000,-0.000,0.041,0.030,0.034,0.14,0.20
calm,correction_on,6.90,0.00,0.00,-0.000,-0.000,0.043,0.029,0.034,0.14,0.20
calm,correction_on,6.95,0.00,0.00,-0.000,-0.000,0.044,0.029,0.034,0.15,0.19
calm,correction_on,7.00,0.00,0.00,-0.000,-0.000,0.046,0.028,0.034,0.15,0.17
calm,correction_on,7.05,0.00,0.00,-0.000,-0.000,0.047,0.027,0.034,0.16,0.16
calm,correction_on,7.10,0.00,0.00,-0.000,-0.000,0.049,0.026,0.034,0.17,0.14
calm,correction_on,7.15,0.00,0.00,-0.000,-0.000,0.050,0.025,0.034,0.18,0.12
calm,correction_on,7.20,0.00,0.00,-0.000,-0.000,0.052,0.024,0.033,0.19,0.10
calm,correction_on,7.25,0.00,0.00,-0.000,-0.000,0.052,0.023,0.033,0.20,0.09
calm,correction_on,7.30,0.00,0.00,-0.000,-0.000,0.053,0.022,0.033,0.21,0.07
calm,correction_on,7.35,0.00,0.00,-0.000,-0.000,0.054,0.021,0.032,0.22,0.05
calm,correction_on,7.40,0.00,0.00,-0.000,-0.000,0.055,0.019,0.032,0.22,0.03
calm,correction_on,7.45,0.00,0.00,-0.000,-0.000,0.056,0.018,0.031,0.22,0.01
calm,correction_on,7.50,0.00,0.00,-0.000,-0.000,0.057,0.016,0.031,0.22,-0.01
calm,correction_on,7.55,0.00,0.00,-0.000,-0.000,0.058,0.015,0.031,0.22,-0.03
calm,correction_on,7.60,0.00,0.00,-0.000,-0.000,0.059,0.013,0.031,0.22,-0.05
calm,correction_on,7.65,0.00,0.00,-0.000,-0.000,0.059,0.013,0.031,0.23,-0.06
calm,correction_on,7.70,0.00,0.00,-0.000,-0.000,0.060,0.011,0.031,0.23,-0.08
calm,correction_on,7.75,0.00,0.00,-0.000,-0.000,0.060,0.011,0.031,0.23,-0.09
calm,correction_on,7.80,0.00,0.00,-0.000,-0.000,0.060,0.010,0.031,0.23,-0.10
calm,correction_on,7.85,0.00,0.00,-0.000,-0.000,0.060,0.009,0.030,0.23,-0.11
calm,correction_on,7.90,0.00,0.00,-0.000,-0.000,0.059,0.009,0.029,0.23,-0.11
calm,correction_on,7.95,0.00,0.00,-0.000,-0.000,0.059,0.008,0.029,0.22,-0.11
calm,correction_on,8.00,0.00,0.00,-0.000,-0.000,0.057,0.007,0.027,0.21,-0.11
calm,correction_on,8.05,0.00,0.00,-0.000,-0.000,0.057,0.007,0.026,0.20,-0.11
calm,correction_on,8.10,0.00,0.00,-0.000,-0.000,0.055,0.006,0.024,0.18,-0.10
calm,correction_on,8.15,0.00,0.00,-0.000,-0.000,0.053,0.006,0.023,0.16,-0.10
calm,correction_on,8.20,0.00,0.00,-0.000,-0.000,0.051,0.005,0.021,0.14,-0.09
calm,correction_on,8.25,0.00,0.00,-0.000,-0.000,0.050,0.005,0.019,0.11,-0.09
calm,correction_on,8.30,0.00,0.00,-0.000,-0.000,0.048,0.005,0.017,0.09,-0.08
calm,correction_on,8.35,0.00,0.00,-0.000,-0.000,0.046,0.005,0.016,0.06,-0.08
calm,correction_on,8.40,0.00,0.00,-0.000,-0.000,0.043,0.005,0.013,0.03,-0.07
calm,correction_on,8.45,0.00,0.00,-0.000,-0.000,0.042,0.005,0.013,0.01,-0.06
calm,correction_on,8.50,0.00,0.00,-0.000,-0.000,0.040,0.005,0.011,-0.02,-0.05
calm,correction_on,8.55,0.00,0.00,-0.000,-0.000,0.039,0.006,0.011,-0.04,-0.04
calm,correction_on,8.60,0.00,0.00,-0.000,-0.000,0.037,0.006,0.011,-0.06,-0.03
calm,correction_on,8.65,0.00,0.00,-0.000,-0.000,0.036,0.007,0.011,-0.08,-0.02
calm,correction_on,8.70,0.00,0.00,-0.000,-0.000,0.035,0.008,0.011,-0.09,-0.00
calm,correction_on,8.75,0.00,0.00,-0.000,-0.000,0.034,0.008,0.011,-0.10,0.01
calm,correction_on,8.80,0.00,0.00,-0.000,-0.000,0.032,0.009,0.012,-0.11,0.02
calm,correction_on,8.85,0.00,0.00,-0.000,-0.000,0.031,0.009,0.012,-0.11,0.04
calm,correction_on,8.90,0.00,0.00,-0.000,-0.000,0.030,0.009,0.013,-0.12,0.05
calm,correction_on,8.95,0.00,0.00,-0.000,-0.000,0.029,0.010,0.013,-0.12,0.06
calm,correction_on,9.00,0.00,0.00,-0.000,-0.000,0.027,0.010,0.014,-0.13,0.07
calm,correction_on,9.05,0.00,0.00,-0.000,-0.000,0.026,0.010,0.015,-0.13,0.07
calm,correction_on,9.10,0.00,0.00,-0.000,-0.000,0.024,0.011,0.016,-0.14,0.08
calm,correction_on,9.15,0.00,0.00,-0.000,-0.000,0.024,0.011,0.017,-0.14,0.08
calm,correction_on,9.20,0.00,0.00,-0.000,-0.000,0.023,0.011,0.017,-0.15,0.09
calm,correction_on,9.25,0.00,0.00,-0.000,-0.000,0.022,0.011,0.018,-0.15,0.09
calm,correction_on,9.30,0.00,0.00,-0.000,-0.000,0.022,0.011,0.018,-0.15,0.09
calm,correction_on,9.35,0.00,0.00,-0.000,-0.000,0.022,0.011,0.017,-0.15,0.09
calm,correction_on,9.40,0.00,0.00,-0.000,-0.000,0.022,0.010,0.016,-0.15,0.09
calm,correction_on,9.45,0.00,0.00,-0.000,-0.000,0.023,0.009,0.016,-0.14,0.09
calm,correction_on,9.50,0.00,0.00,-0.000,-0.000,0.024,0.007,0.013,-0.12,0.08
calm,correction_on,9.55,0.00,0.00,-0.000,-0.000,0.025,0.006,0.012,-0.11,0.06
calm,correction_on,9.60,0.00,0.00,-0.000,-0.000,0.026,0.003,0.009,-0.09,0.05
calm,correction_on,9.65,0.00,0.00,-0.000,-0.000,0.027,0.002,0.008,-0.07,0.03
calm,correction_on,9.70,0.00,0.00,-0.000,-0.000,0.029,-0.001,0.005,-0.04,-0.00
calm,correction_on,9.75,0.00,0.00,-0.000,-0.000,0.030,-0.002,0.003,-0.02,-0.03
calm,correction_on,9.80,0.00,0.00,-0.000,-0.000,0.032,-0.005,0.002,0.00,-0.06
calm,correction_on,9.85,0.00,0.00,-0.000,-0.000,0.034,-0.007,0.004,0.03,-0.08
calm,correction_on,9.90,0.00,0.00,-0.000,-0.000,0.036,-0.011,0.008,0.05,-0.12
calm,correction_on,9.95,0.00,0.00,-0.000,-0.000,0.038,-0.013,0.011,0.07,-0.15
calm,correction_on,10.00,0.00,0.00,-0.000,-0.000,0.040,-0.016,0.015,0.10,-0.18
calm,correction_on,10.05,0.00,0.00,-0.000,-0.000,0.041,-0.018,0.017,0.11,-0.21
calm,correction_on,10.10,0.00,0.00,-0.000,-0.000,0.044,-0.021,0.021,0.13,-0.25
calm,correction_on,10.15,0.00,0.00,-0.000,-0.000,0.045,-0.023,0.023,0.15,-0.28
calm,correction_on,10.20,0.00,0.00,-0.000,-0.000,0.047,-0.025,0.026,0.16,-0.30
calm,correction_on,10.25,0.00,0.00,-0.000,-0.000,0.047,-0.026,0.028,0.17,-0.32
calm,correction_on,10.30,0.00,0.00,-0.000,-0.000,0.049,-0.028,0.030,0.18,-0.34
calm,correction_on,10.35,0.00,0.00,-0.000,-0.000,0.050,-0.029,0.031,0.19,-0.35
calm,correction_on,10.40,0.00,0.00,-0.000,-0.000,0.051,-0.031,0.033,0.19,-0.35
calm,correction_on,10.45,0.00,0.00,-0.000,-0.000,0.052,-0.031,0.034,0.19,-0.35
calm,correction_on,10.50,0.00,0.00,-0.000,-0.000,0.053,-0.032,0.035,0.19,-0.35
calm,correction_on,10.55,0.00,0.00,-0.000,-0.000,0.054,-0.033,0.036,0.19,-0.34
calm,correction_on,10.60,0.00,0.00,-0.000,-0.000,0.054,-0.034,0.037,0.18,-0.34
calm,correction_on,10.65,0.00,0.00,-0.000,-0.000,0.055,-0.034,0.038,0.18,-0.33
calm,correction_on,10.70,0.00,0.00,-0.000,-0.000,0.056,-0.035,0.040,0.18,-0.31
calm,correction_on,10.75,0.00,0.00,-0.000,-0.000,0.056,-0.036,0.040,0.17,-0.31
calm,correction_on,10.80,0.00,0.00,-0.000,-0.000,0.056,-0.037,0.041,0.17,-0.30
calm,correction_on,10.85,0.00,0.00,-0.000,-0.000,0.056,-0.037,0.041,0.17,-0.29
calm,correction_on,10.90,0.00,0.00,-0.000,-0.000,0.056,-0.038,0.042,0.16,-0.28
calm,correction_on,10.95,0.00,0.00,-0.000,-0.000,0.055,-0.038,0.041,0.16,-0.28
calm,correction_on,11.00,0.00,0.00,-0.000,-0.000,0.054,-0.038,0.041,0.15,-0.27
calm,correction_on,11.05,0.00,0.00,-0.000,-0.000,0.053,-0.038,0.040,0.14,-0.26
calm,correction_on,11.10,0.00,0.00,-0.000,-0.000,0.050,-0.037,0.039,0.12,-0.25
calm,correction_on,11.15,0.00,0.00,-0.000,-0.000,0.049,-0.037,0.038,0.10,-0.24
calm,correction_on,11.20,0.00,0.00,-0.000,-0.000,0.046,-0.036,0.036,0.08,-0.23
calm,correction_on,11.25,0.00,0.00,-0.000,-0.000,0.045,-0.036,0.035,0.05,-0.21
calm,correction_on,11.30,0.00,0.00,-0.000,-0.000,0.042,-0.035,0.033,0.02,-0.20
calm,correction_on,11.35,0.00,0.00,-0.000,-0.000,0.040,-0.034,0.032,-0.01,-0.18
calm,correction_on,11.40,0.00,0.00,-0.000,-0.000,0.038,-0.032,0.030,-0.04,-0.16
calm,correction_on,11.45,0.00,0.00,-0.000,-0.000,0.036,-0.032,0.029,-0.07,-0.14
calm,correction_on,11.50,0.00,0.00,-0.000,-0.000,0.034,-0.030,0.027,-0.09,-0.12
calm,correction_on,11.55,0.00,0.00,-0.000,-0.000,0.033,-0.029,0.026,-0.11,-0.10
calm,correction_on,11.60,0.00,0.00,-0.000,-0.000,0.032,-0.028,0.025,-0.13,-0.08
calm,correction_on,11.65,0.00,0.00,-0.000,-0.000,0.031,-0.027,0.024,-0.14,-0.06
calm,correction_on,11.70,0.00,0.00,-0.000,-0.000,0.030,-0.026,0.023,-0.14,-0.05
calm,correction_on,11.75,0.00,0.00,-0.000,-0.000,0.030,-0.025,0.022,-0.14,-0.04
calm,correction_on,11.80,0.00,0.00,-0.000,-0.000,0.029,-0.024,0.021,-0.14,-0.03
calm,correction_on,11.85,0.00,0.00,-0.000,-0.000,0.029,-0.023,0.020,-0.13,-0.02
calm,correction_on,11.90,0.00,0.00,-0.000,-0.000,0.030,-0.022,0.019,-0.12,-0.01
calm,correction_on,11.95,0.00,0.00,-0.000,-0.000,0.031,-0.021,0.018,-0.11,-0.00
calm,correction_on,12.00,0.00,0.00,-0.000,-0.000,0.032,-0.019,0.016,-0.10,0.01
calm,correction_on,12.05,0.00,0.00,-0.000,-0.000,0.033,-0.019,0.015,-0.08,0.02
calm,correction_on,12.10,0.00,0.00,-0.000,-0.000,0.035,-0.017,0.014,-0.06,0.02
calm,correction_on,12.15,0.00,0.00,-0.000,-0.000,0.036,-0.016,0.014,-0.03,0.03
calm,correction_on,12.20,0.00,0.00,-0.000,-0.000,0.038,-0.015,0.013,-0.00,0.03
calm,correction_on,12.25,0.00,0.00,-0.000,-0.000,0.039,-0.015,0.013,0.02,0.04
calm,correction_on,12.30,0.00,0.00,-0.000,-0.000,0.041,-0.014,0.014,0.05,0.04
calm,correction_on,12.35,0.00,0.00,-0.000,-0.000,0.043,-0.013,0.014,0.08,0.04
calm,correction_on,12.40,0.00,0.00,-0.000,-0.000,0.045,-0.012,0.015,0.10,0.04
calm,correction_on,12.45,0.00,0.00,-0.000,-0.000,0.046,-0.012,0.016,0.13,0.04
calm,correction_on,12.50,0.00,0.00,-0.000,-0.000,0.048,-0.012,0.017,0.15,0.03
calm,correction_on,12.55,0.00,0.00,-0.000,-0.000,0.049,-0.011,0.018,0.17,0.03
calm,correction_on,12.60,0.00,0.00,-0.000,-0.000,0.050,-0.011,0.019,0.18,0.02
calm,correction_on,12.65,0.00,0.00,-0.000,-0.000,0.051,-0.010,0.019,0.20,0.01
calm,correction_on,12.70,0.00,0.00,-0.000,-0.000,0.051,-0.010,0.020,0.21,0.01
calm,correction_on,12.75,0.00,0.00,-0.000,-0.000,0.052,-0.009,0.020,0.21,0.00
calm,correction_on,12.80,0.00,0.00,-0.000,-0.000,0.052,-0.009,0.020,0.21,-0.00
calm,correction_on,12.85,0.00,0.00,-0.000,-0.000,0.052,-0.008,0.020,0.21,-0.01
calm,correction_on,12.90,0.00,0.00,-0.000,-0.000,0.052,-0.008,0.020,0.21,-0.01
calm,correction_on,12.95,0.00,0.00,-0.000,-0.000,0.052,-0.008,0.020,0.20,-0.01
calm,correction_on,13.00,0.00,0.00,-0.000,-0.000,0.052,-0.008,0.019,0.19,-0.01
calm,correction_on,13.05,0.00,0.00,-0.000,-0.000,0.051,-0.008,0.019,0.18,-0.01
calm,correction_on,13.10,0.00,0.00,-0.000,-0.000,0.050,-0.008,0.018,0.16,-0.01
calm,correction_on,13.15,0.00,0.00,-0.000,-0.000,0.049,-0.008,0.017,0.15,-0.02
calm,correction_on,13.20,0.00,0.00,-0.000,-0.000,0.047,-0.009,0.016,0.13,-0.02
calm,correction_on,13.25,0.00,0.00,-0.000,-0.000,0.047,-0.009,0.015,0.11,-0.03
calm,correction_on,13.30,0.00,0.00,-0.000,-0.000,0.045,-0.010,0.014,0.08,-0.04
calm,correction_on,13.35,0.00,0.00,-0.000,-0.000,0.044,-0.010,0.014,0.06,-0.05
calm,correction_on,13.40,0.00,0.00,-0.000,-0.000,0.042,-0.010,0.012,0.04,-0.07
calm,correction_on,13.45,0.00,0.00,-0.000,-0.000,0.042,-0.010,0.011,0.03,-0.07
calm,correction_on,13.50,0.00,0.00,-0.000,-0.000,0.040,-0.010,0.010,0.01,-0.08
calm,correction_on,13.55,0.00,0.00,-0.000,-0.000,0.038,-0.010,0.009,-0.01,-0.09
calm,correction_on,13.60,0.00,0.00,-0.000,-0.000,0.036,-0.009,0.007,-0.02,-0.09
calm,correction_on,13.65,0.00,0.00,-0.000,-0.000,0.035,-0.008,0.006,-0.04,-0.09
calm,correction_on,13.70,0.00,0.00,-0.000,-0.000,0.033,-0.007,0.004,-0.06,-0.08
calm,correction_on,13.75,0.00,0.00,-0.000,-0.000,0.032,-0.006,0.003,-0.07,-0.07
calm,correction_on,13.80,0.00,0.00,-0.000,-0.000,0.031,-0.005,0.003,-0.08,-0.06
calm,correction_on,13.85,0.00,0.00,-0.000,-0.000,0.030,-0.004,0.003,-0.09,-0.05
calm,correction_on,13.90,0.00,0.00,-0.000,-0.000,0.029,-0.002,0.004,-0.10,-0.03
calm,correction_on,13.95,0.00,0.00,-0.000,-0.000,0.029,-0.000,0.005,-0.11,-0.02
calm,correction_on,14.00,0.00,0.00,-0.000,-0.000,0.027,0.002,0.007,-0.11,0.00
calm,correction_on,14.05,0.00,0.00,-0.000,-0.000,0.027,0.004,0.009,-0.11,0.02
calm,correction_on,14.10,0.00,0.00,-0.000,-0.000,0.025,0.006,0.012,-0.11,0.05
calm,correction_on,14.15,0.00,0.00,-0.000,-0.000,0.024,0.008,0.014,-0.11,0.07
calm,correction_on,14.20,0.00,0.00,-0.000,-0.000,0.021,0.010,0.018,-0.11,0.10
calm,correction_on,14.25,0.00,0.00,-0.000,-0.000,0.020,0.012,0.019,-0.11,0.12
calm,correction_on,14.30,0.00,0.00,-0.000,-0.000,0.017,0.013,0.023,-0.12,0.14
calm,correction_on,14.35,0.00,0.00,-0.000,-0.000,0.016,0.014,0.024,-0.13,0.16
calm,correction_on,14.40,0.00,0.00,-0.000,-0.000,0.013,0.015,0.027,-0.14,0.18
calm,correction_on,14.45,0.00,0.00,-0.000,-0.000,0.012,0.016,0.028,-0.16,0.19
calm,correction_on,14.50,0.00,0.00,-0.000,-0.000,0.009,0.016,0.030,-0.18,0.19
calm,correction_on,14.55,0.00,0.00,-0.000,-0.000,0.008,0.017,0.032,-0.19,0.19
calm,correction_on,14.60,0.00,0.00,-0.000,-0.000,0.006,0.017,0.033,-0.21,0.19
calm,correction_on,14.65,0.00,0.00,-0.000,-0.000,0.006,0.018,0.034,-0.22,0.18
calm,correction_on,14.70,0.00,0.00,-0.000,-0.000,0.005,0.019,0.035,-0.23,0.17
calm,correction_on,14.75,0.00,0.00,-0.000,-0.000,0.004,0.019,0.036,-0.23,0.17
calm,correction_on,14.80,0.00,0.00,-0.000,-0.000,0.004,0.020,0.037,-0.23,0.16
calm,correction_on,14.85,0.00,0.00,-0.000,-0.000,0.004,0.020,0.037,-0.23,0.15
calm,correction_on,14.90,0.00,0.00,-0.000,-0.000,0.004,0.020,0.037,-0.22,0.15
calm,correction_on,14.95,0.00,0.00,-0.000,-0.000,0.004,0.021,0.037,-0.21,0.14
light,correction_off,0.00,0.00,0.00,0.000,0.000,0.065,0.089,0.119,0.91,1.59
light,correction_off,0.05,0.00,0.00,0.000,0.000,0.067,0.091,0.122,0.92,1.60
light,correction_off,0.10,0.00,0.00,0.000,0.000,0.068,0.092,0.123,0.93,1.61
light,correction_off,0.15,0.00,0.00,0.000,0.000,0.069,0.094,0.125,0.93,1.62
light,correction_off,0.20,0.00,0.00,0.000,0.000,0.070,0.094,0.125,0.93,1.62
light,correction_off,0.25,0.00,0.00,0.000,0.000,0.071,0.095,0.127,0.93,1.63
light,correction_off,0.30,0.00,0.00,0.000,0.000,0.071,0.096,0.127,0.92,1.62
light,correction_off,0.35,0.00,0.00,0.000,0.000,0.071,0.096,0.128,0.92,1.62
light,correction_off,0.40,0.00,0.00,0.000,0.000,0.071,0.096,0.128,0.91,1.62
light,correction_off,0.45,0.00,0.00,0.000,0.000,0.071,0.096,0.128,0.90,1.61
light,correction_off,0.50,0.00,0.00,0.000,0.000,0.071,0.096,0.128,0.89,1.61
light,correction_off,0.55,0.00,0.00,0.000,0.000,0.071,0.095,0.127,0.88,1.60
light,correction_off,0.60,0.00,0.00,0.000,0.000,0.071,0.095,0.127,0.87,1.59
light,correction_off,0.65,0.00,0.00,0.000,0.000,0.071,0.094,0.125,0.85,1.58
light,correction_off,0.70,0.00,0.00,0.000,0.000,0.071,0.093,0.125,0.84,1.57
light,correction_off,0.75,0.00,0.00,0.000,0.000,0.071,0.091,0.123,0.83,1.55
light,correction_off,0.80,0.00,0.00,0.000,0.000,0.071,0.090,0.122,0.83,1.54
light,correction_off,0.85,0.00,0.00,0.000,0.000,0.070,0.088,0.120,0.82,1.52
light,correction_off,0.90,0.00,0.00,0.000,0.000,0.070,0.087,0.118,0.81,1.50
light,correction_off,0.95,0.00,0.00,0.000,0.000,0.069,0.084,0.116,0.80,1.48
light,correction_off,1.00,0.00,0.00,0.000,0.000,0.069,0.083,0.115,0.80,1.46
light,correction_off,1.05,0.00,0.00,0.000,0.000,0.069,0.080,0.112,0.79,1.44
light,correction_off,1.10,0.00,0.00,0.000,0.000,0.068,0.078,0.110,0.78,1.42
light,correction_off,1.15,0.00,0.00,0.000,0.000,0.067,0.076,0.107,0.78,1.39
light,correction_off,1.20,0.00,0.00,0.000,0.000,0.066,0.074,0.106,0.77,1.38
light,correction_off,1.25,0.00,0.00,0.000,0.000,0.064,0.071,0.102,0.76,1.36
light,correction_off,1.30,0.00,0.00,0.000,0.000,0.063,0.070,0.101,0.75,1.34
light,correction_off,1.35,0.00,0.00,0.000,0.000,0.061,0.067,0.097,0.74,1.33
light,correction_off,1.40,0.00,0.00,0.000,0.000,0.060,0.066,0.095,0.73,1.32
light,correction_off,1.45,0.00,0.00,0.000,0.000,0.057,0.063,0.091,0.71,1.31
light,correction_off,1.50,0.00,0.00,0.000,0.000,0.055,0.061,0.089,0.69,1.30
light,correction_off,1.55,0.00,0.00,0.000,0.000,0.052,0.059,0.086,0.67,1.29
light,correction_off,1.60,0.00,0.00,0.000,0.000,0.050,0.057,0.084,0.65,1.28
light,correction_off,1.65,0.00,0.00,0.000,0.000,0.047,0.055,0.080,0.63,1.27
light,correction_off,1.70,0.00,0.00,0.000,0.000,0.046,0.053,0.079,0.60,1.27
light,correction_off,1.75,0.00,0.00,0.000,0.000,0.043,0.051,0.075,0.58,1.26
light,correction_off,1.80,0.00,0.00,0.000,0.000,0.041,0.050,0.074,0.56,1.26
light,correction_off,1.85,0.00,0.00,0.000,0.000,0.039,0.047,0.070,0.54,1.25
light,correction_off,1.90,0.00,0.00,0.000,0.000,0.038,0.045,0.069,0.53,1.25
light,correction_off,1.95,0.00,0.00,0.000,0.000,0.036,0.043,0.065,0.51,1.25
light,correction_off,2.00,0.00,0.00,0.000,0.000,0.035,0.041,0.064,0.51,1.24
light,correction_off,2.05,0.00,0.00,0.000,0.000,0.034,0.038,0.060,0.50,1.23
light,correction_off,2.10,0.00,0.00,0.000,0.000,0.034,0.036,0.059,0.50,1.22
light,correction_off,2.15,0.00,0.00,0.000,0.000,0.034,0.033,0.056,0.51,1.21
light,correction_off,2.20,0.00,0.00,0.000,0.000,0.034,0.032,0.055,0.52,1.20
light,correction_off,2.25,0.00,0.00,0.000,0.000,0.034,0.029,0.052,0.53,1.18
light,correction_off,2.30,0.00,0.00,0.000,0.000,0.034,0.028,0.051,0.55,1.17
light,correction_off,2.35,0.00,0.00,0.000,0.000,0.034,0.025,0.048,0.57,1.16
light,correction_off,2.40,0.00,0.00,0.000,0.000,0.033,0.024,0.047,0.59,1.15
light,correction_off,2.45,0.00,0.00,0.000,0.000,0.033,0.023,0.045,0.61,1.14
light,correction_off,2.50,0.00,0.00,0.000,0.000,0.032,0.022,0.045,0.63,1.14
light,correction_off,2.55,0.00,0.00,0.000,0.000,0.031,0.021,0.043,0.64,1.14
light,correction_off,2.60,0.00,0.00,0.000,0.000,0.030,0.021,0.043,0.65,1.14
light,correction_off,2.65,0.00,0.00,0.000,0.000,0.029,0.020,0.042,0.66,1.15
light,correction_off,2.70,0.00,0.00,0.000,0.000,0.029,0.020,0.042,0.66,1.16
light,correction_off,2.75,0.00,0.00,0.000,0.000,0.027,0.020,0.042,0.66,1.18
light,correction_off,2.80,0.00,0.00,0.000,0.000,0.027,0.020,0.042,0.66,1.19
light,correction_off,2.85,0.00,0.00,0.000,0.000,0.024,0.021,0.042,0.66,1.21
light,correction_off,2.90,0.00,0.00,0.000,0.000,0.023,0.021,0.042,0.65,1.23
light,correction_off,2.95,0.00,0.00,0.000,0.000,0.021,0.021,0.042,0.64,1.26
light,correction_off,3.00,0.00,0.00,0.000,0.000,0.021,0.021,0.043,0.64,1.28
light,correction_off,3.05,0.00,0.00,0.000,0.000,0.019,0.022,0.043,0.62,1.30
light,correction_off,3.10,0.00,0.00,0.000,0.000,0.018,0.022,0.044,0.62,1.32
light,correction_off,3.15,0.00,0.00,0.000,0.000,0.017,0.023,0.045,0.61,1.33
light,correction_off,3.20,0.00,0.00,0.000,0.000,0.017,0.024,0.045,0.60,1.35
light,correction_off,3.25,0.00,0.00,0.000,0.000,0.016,0.026,0.047,0.60,1.37
light,correction_off,3.30,0.00,0.00,0.000,0.000,0.017,0.026,0.048,0.60,1.39
light,correction_off,3.35,0.00,0.00,0.000,0.000,0.017,0.028,0.049,0.60,1.41
light,correction_off,3.40,0.00,0.00,0.000,0.000,0.017,0.029,0.050,0.61,1.43
light,correction_off,3.45,0.00,0.00,0.000,0.000,0.018,0.030,0.051,0.63,1.44
light,correction_off,3.50,0.00,0.00,0.000,0.000,0.018,0.030,0.052,0.65,1.46
light,correction_off,3.55,0.00,0.00,0.000,0.000,0.018,0.031,0.052,0.66,1.47
light,correction_off,3.60,0.00,0.00,0.000,0.000,0.018,0.031,0.052,0.68,1.48
light,correction_off,3.65,0.00,0.00,0.000,0.000,0.018,0.031,0.052,0.70,1.49
light,correction_off,3.70,0.00,0.00,0.000,0.000,0.018,0.031,0.052,0.71,1.49
light,correction_off,3.75,0.00,0.00,0.000,0.000,0.018,0.031,0.052,0.72,1.49
light,correction_off,3.80,0.00,0.00,0.000,0.000,0.018,0.031,0.052,0.73,1.48
light,correction_off,3.85,0.00,0.00,0.000,0.000,0.018,0.030,0.051,0.73,1.47
light,correction_off,3.90,0.00,0.00,0.000,0.000,0.018,0.030,0.051,0.73,1.47
light,correction_off,3.95,0.00,0.00,0.000,0.000,0.019,0.029,0.050,0.73,1.45
light,correction_off,4.00,0.00,0.00,0.000,0.000,0.019,0.029,0.050,0.73,1.44
light,correction_off,4.05,0.00,0.00,0.000,0.000,0.019,0.028,0.049,0.73,1.43
light,correction_off,4.10,0.00,0.00,0.000,0.000,0.020,0.028,0.049,0.74,1.42
light,correction_off,4.15,0.00,0.00,0.000,0.000,0.019,0.027,0.048,0.74,1.41
light,correction_off,4.20,0.00,0.00,0.000,0.000,0.019,0.026,0.048,0.75,1.41
light,correction_off,4.25,0.00,0.00,0.000,0.000,0.019,0.025,0.046,0.75,1.40
light,correction_off,4.30,0.00,0.00,0.000,0.000,0.018,0.024,0.046,0.75,1.39
light,correction_off,4.35,0.00,0.00,0.000,0.000,0.018,0.023,0.044,0.74,1.38
light,correction_off,4.40,0.00,0.00,0.000,0.000,0.018,0.023,0.044,0.74,1.37
light,correction_off,4.45,0.00,0.00,0.000,0.000,0.018,0.022,0.043,0.73,1.36
light,correction_off,4.50,0.00,0.00,0.000,0.000,0.017,0.021,0.042,0.73,1.35
light,correction_off,4.55,0.00,0.00,0.000,0.000,0.017,0.020,0.041,0.72,1.35
light,correction_off,4.60,0.00,0.00,0.000,0.000,0.017,0.019,0.040,0.72,1.34
light,correction_off,4.65,0.00,0.00,0.000,0.000,0.018,0.017,0.038,0.72,1.33
light,correction_off,4.70,0.00,0.00,0.000,0.000,0.018,0.016,0.037,0.72,1.33
light,correction_off,4.75,0.00,0.00,0.000,0.000,0.018,0.014,0.035,0.72,1.32
light,correction_off,4.80,0.00,0.00,0.000,0.000,0.019,0.012,0.033,0.72,1.30
light,correction_off,4.85,0.00,0.00,0.000,0.000,0.019,0.009,0.031,0.73,1.29
light,correction_off,4.90,0.00,0.00,0.000,0.000,0.020,0.008,0.029,0.73,1.27
light,correction_off,4.95,0.00,0.00,0.000,0.000,0.021,0.006,0.027,0.74,1.25
light,correction_off,5.00,0.00,0.00,0.000,0.000,0.021,0.005,0.026,0.75,1.24
light,correction_off,5.05,0.00,0.00,0.000,0.000,0.022,0.002,0.024,0.76,1.22
light,correction_off,5.10,0.00,0.00,0.000,0.000,0.023,0.002,0.023,0.77,1.20
light,correction_off,5.15,0.00,0.00,0.000,0.000,0.024,0.000,0.022,0.78,1.18
light,correction_off,5.20,0.00,0.00,0.000,0.000,0.025,-0.000,0.022,0.79,1.17
light,correction_off,5.25,0.00,0.00,0.000,0.000,0.026,-0.001,0.021,0.81,1.17
light,correction_off,5.30,0.00,0.00,0.000,0.000,0.027,-0.001,0.022,0.82,1.17
light,correction_off,5.35,0.00,0.00,0.000,0.000,0.029,-0.001,0.022,0.83,1.17
light,correction_off,5.40,0.00,0.00,0.000,0.000,0.029,-0.000,0.023,0.85,1.18
light,correction_off,5.45,0.00,0.00,0.000,0.000,0.031,0.001,0.024,0.86,1.19
light,correction_off,5.50,0.00,0.00,0.000,0.000,0.031,0.001,0.025,0.87,1.21
light,correction_off,5.55,0.00,0.00,0.000,0.000,0.033,0.002,0.026,0.89,1.22
light,correction_off,5.60,0.00,0.00,0.000,0.000,0.033,0.002,0.027,0.90,1.24
light,correction_off,5.65,0.00,0.00,0.000,0.000,0.033,0.003,0.028,0.91,1.26
light,correction_off,5.70,0.00,0.00,0.000,0.000,0.034,0.004,0.028,0.92,1.29
light,correction_off,5.75,0.00,0.00,0.000,0.000,0.034,0.005,0.029,0.93,1.31
light,correction_off,5.80,0.00,0.00,0.000,0.000,0.034,0.005,0.030,0.93,1.33
light,correction_off,5.85,0.00,0.00,0.000,0.000,0.035,0.006,0.031,0.93,1.35
light,correction_off,5.90,0.00,0.00,0.000,0.000,0.035,0.006,0.031,0.93,1.36
light,correction_off,5.95,0.00,0.00,0.000,0.000,0.035,0.006,0.031,0.93,1.37
light,correction_off,6.00,0.00,0.00,0.000,0.000,0.035,0.006,0.031,0.93,1.38
light,correction_off,6.05,0.00,0.00,0.000,0.000,0.035,0.006,0.031,0.93,1.39
light,correction_off,6.10,0.00,0.00,0.000,0.000,0.035,0.005,0.030,0.93,1.39
light,correction_off,6.15,0.00,0.00,0.000,0.000,0.035,0.005,0.030,0.92,1.39
light,correction_off,6.20,0.00,0.00,0.000,0.000,0.035,0.004,0.029,0.92,1.38
light,correction_off,6.25,0.00,0.00,0.000,0.000,0.035,0.003,0.028,0.91,1.38
light,correction_off,6.30,0.00,0.00,0.000,0.000,0.035,0.003,0.028,0.91,1.37
light,correction_off,6.35,0.00,0.00,0.000,0.000,0.034,0.002,0.026,0.90,1.36
light,correction_off,6.40,0.00,0.00,0.000,0.000,0.033,0.001,0.026,0.89,1.35
light,correction_off,6.45,0.00,0.00,0.000,0.000,0.032,0.000,0.024,0.88,1.34
light,correction_off,6.50,0.00,0.00,0.000,0.000,0.031,-0.000,0.023,0.87,1.32
light,correction_off,6.55,0.00,0.00,0.000,0.000,0.029,-0.001,0.022,0.85,1.31
light,correction_off,6.60,0.00,0.00,0.000,0.000,0.029,-0.002,0.021,0.83,1.31
light,correction_off,6.65,0.00,0.00,0.000,0.000,0.027,-0.003,0.019,0.81,1.30
light,correction_off,6.70,0.00,0.00,0.000,0.000,0.027,-0.004,0.018,0.80,1.30
light,correction_off,6.75,0.00,0.00,0.000,0.000,0.025,-0.006,0.016,0.78,1.29
light,correction_off,6.80,0.00,0.00,0.000,0.000,0.025,-0.007,0.015,0.76,1.28
light,correction_off,6.85,0.00,0.00,0.000,0.000,0.024,-0.009,0.012,0.75,1.26
light,correction_off,6.90,0.00,0.00,0.000,0.000,0.024,-0.010,0.011,0.73,1.25
light,correction_off,6.95,0.00,0.00,0.000,0.000,0.024,-0.013,0.009,0.72,1.23
light,correction_off,7.00,0.00,0.00,0.000,0.000,0.024,-0.014,0.008,0.71,1.22
light,correction_off,7.05,0.00,0.00,0.000,0.000,0.024,-0.016,0.006,0.71,1.20
light,correction_off,7.10,0.00,0.00,0.000,0.000,0.024,-0.017,0.006,0.71,1.18
light,correction_off,7.15,0.00,0.00,0.000,0.000,0.025,-0.018,0.005,0.71,1.16
light,correction_off,7.20,0.00,0.00,0.000,0.000,0.025,-0.019,0.005,0.72,1.15
light,correction_off,7.25,0.00,0.00,0.000,0.000,0.026,-0.021,0.006,0.73,1.14
light,correction_off,7.30,0.00,0.00,0.000,0.000,0.027,-0.022,0.006,0.74,1.13
light,correction_off,7.35,0.00,0.00,0.000,0.000,0.028,-0.023,0.008,0.76,1.12
light,correction_off,7.40,0.00,0.00,0.000,0.000,0.029,-0.023,0.008,0.77,1.12
light,correction_off,7.45,0.00,0.00,0.000,0.000,0.030,-0.024,0.010,0.79,1.11
light,correction_off,7.50,0.00,0.00,0.000,0.000,0.031,-0.025,0.011,0.81,1.11
light,correction_off,7.55,0.00,0.00,0.000,0.000,0.033,-0.025,0.014,0.83,1.11
light,correction_off,7.60,0.00,0.00,0.000,0.000,0.035,-0.025,0.015,0.85,1.11
light,correction_off,7.65,0.00,0.00,0.000,0.000,0.037,-0.026,0.017,0.88,1.12
light,correction_off,7.70,0.00,0.00,0.000,0.000,0.039,-0.026,0.019,0.90,1.12
light,correction_off,7.75,0.00,0.00,0.000,0.000,0.041,-0.025,0.021,0.93,1.13
light,correction_off,7.80,0.00,0.00,0.000,0.000,0.041,-0.025,0.021,0.95,1.14
light,correction_off,7.85,0.00,0.00,0.000,0.000,0.043,-0.025,0.023,0.98,1.15
light,correction_off,7.90,0.00,0.00,0.000,0.000,0.044,-0.025,0.024,1.00,1.16
light,correction_off,7.95,0.00,0.00,0.000,0.000,0.045,-0.024,0.025,1.01,1.16
light,correction_off,8.00,0.00,0.00,0.000,0.000,0.046,-0.024,0.025,1.03,1.17
light,correction_off,8.05,0.00,0.00,0.000,0.000,0.046,-0.024,0.026,1.04,1.19
light,correction_off,8.10,0.00,0.00,0.000,0.000,0.046,-0.024,0.026,1.04,1.19
light,correction_off,8.15,0.00,0.00,0.000,0.000,0.046,-0.023,0.026,1.04,1.21
light,correction_off,8.20,0.00,0.00,0.000,0.000,0.046,-0.023,0.026,1.04,1.21
light,correction_off,8.25,0.00,0.00,0.000,0.000,0.046,-0.023,0.026,1.03,1.22
light,correction_off,8.30,0.00,0.00,0.000,0.000,0.046,-0.023,0.025,1.02,1.23
light,correction_off,8.35,0.00,0.00,0.000,0.000,0.045,-0.022,0.025,1.01,1.23
light,correction_off,8.40,0.00,0.00,0.000,0.000,0.045,-0.022,0.024,1.00,1.24
light,correction_off,8.45,0.00,0.00,0.000,0.000,0.044,-0.021,0.024,0.98,1.24
light,correction_off,8.50,0.00,0.00,0.000,0.000,0.044,-0.021,0.023,0.97,1.25
light,correction_off,8.55,0.00,0.00,0.000,0.000,0.042,-0.021,0.022,0.96,1.25
light,correction_off,8.60,0.00,0.00,0.000,0.000,0.042,-0.021,0.021,0.94,1.25
light,correction_off,8.65,0.00,0.00,0.000,0.000,0.040,-0.021,0.019,0.93,1.26
light,correction_off,8.70,0.00,0.00,0.000,0.000,0.039,-0.021,0.018,0.91,1.26
light,correction_off,8.75,0.00,0.00,0.000,0.000,0.037,-0.020,0.016,0.90,1.26
light,correction_off,8.80,0.00,0.00,0.000,0.000,0.036,-0.020,0.015,0.88,1.26
light,correction_off,8.85,0.00,0.00,0.000,0.000,0.033,-0.020,0.013,0.86,1.26
light,correction_off,8.90,0.00,0.00,0.000,0.000,0.032,-0.019,0.012,0.84,1.27
light,correction_off,8.95,0.00,0.00,0.000,0.000,0.030,-0.019,0.010,0.82,1.27
light,correction_off,9.00,0.00,0.00,0.000,0.000,0.029,-0.019,0.009,0.81,1.27
light,correction_off,9.05,0.00,0.00,0.000,0.000,0.027,-0.019,0.007,0.79,1.27
light,correction_off,9.10,0.00,0.00,0.000,0.000,0.026,-0.019,0.006,0.78,1.28
light,correction_off,9.15,0.00,0.00,0.000,0.000,0.025,-0.018,0.005,0.76,1.28
light,correction_off,9.20,0.00,0.00,0.000,0.000,0.024,-0.017,0.005,0.76,1.28
light,correction_off,9.25,0.00,0.00,0.000,0.000,0.024,-0.016,0.006,0.75,1.28
light,correction_off,9.30,0.00,0.00,0.000,0.000,0.024,-0.015,0.007,0.75,1.29
light,correction_off,9.35,0.00,0.00,0.000,0.000,0.024,-0.013,0.009,0.76,1.30
light,correction_off,9.40,0.00,0.00,0.000,0.000,0.024,-0.012,0.010,0.76,1.31
light,correction_off,9.45,0.00,0.00,0.000,0.000,0.023,-0.009,0.013,0.78,1.32
light,correction_off,9.50,0.00,0.00,0.000,0.000,0.023,-0.007,0.014,0.79,1.34
light,correction_off,9.55,0.00,0.00,0.000,0.000,0.023,-0.005,0.017,0.81,1.36
light,correction_off,9.60,0.00,0.00,0.000,0.000,0.023,-0.003,0.018,0.82,1.38
light,correction_off,9.65,0.00,0.00,0.000,0.000,0.022,0.000,0.021,0.83,1.41
light,correction_off,9.70,0.00,0.00,0.000,0.000,0.022,0.001,0.023,0.84,1.43
light,correction_off,9.75,0.00,0.00,0.000,0.000,0.023,0.004,0.025,0.85,1.46
light,correction_off,9.80,0.00,0.00,0.000,0.000,0.023,0.005,0.026,0.86,1.48
light,correction_off,9.85,0.00,0.00,0.000,0.000,0.024,0.007,0.029,0.87,1.50
light,correction_off,9.90,0.00,0.00,0.000,0.000,0.024,0.008,0.029,0.88,1.52
light,correction_off,9.95,0.00,0.00,0.000,0.000,0.025,0.009,0.031,0.90,1.53
light,correction_off,10.00,0.00,0.00,0.000,0.000,0.025,0.010,0.031,0.91,1.54
light,correction_off,10.05,0.00,0.00,0.000,0.000,0.026,0.010,0.032,0.93,1.54
light,correction_off,10.10,0.00,0.00,0.000,0.000,0.026,0.010,0.032,0.94,1.54
light,correction_off,10.15,0.00,0.00,0.000,0.000,0.026,0.010,0.032,0.95,1.53
light,correction_off,10.20,0.00,0.00,0.000,0.000,0.026,0.010,0.032,0.96,1.52
light,correction_off,10.25,0.00,0.00,0.000,0.000,0.026,0.010,0.032,0.97,1.51
light,correction_off,10.30,0.00,0.00,0.000,0.000,0.026,0.010,0.032,0.97,1.49
light,correction_off,10.35,0.00,0.00,0.000,0.000,0.025,0.009,0.031,0.97,1.48
light,correction_off,10.40,0.00,0.00,0.000,0.000,0.025,0.009,0.030,0.96,1.46
light,correction_off,10.45,0.00,0.00,0.000,0.000,0.024,0.007,0.029,0.95,1.44
light,correction_off,10.50,0.00,0.00,0.000,0.000,0.024,0.006,0.028,0.94,1.42
light,correction_off,10.55,0.00,0.00,0.000,0.000,0.024,0.004,0.025,0.93,1.40
light,correction_off,10.60,0.00,0.00,0.000,0.000,0.024,0.003,0.024,0.92,1.37
light,correction_off,10.65,0.00,0.00,0.000,0.000,0.024,-0.000,0.021,0.91,1.34
light,correction_off,10.70,0.00,0.00,0.000,0.000,0.024,-0.001,0.020,0.90,1.31
light,correction_off,10.75,0.00,0.00,0.000,0.000,0.025,-0.004,0.018,0.90,1.28
light,correction_off,10.80,0.00,0.00,0.000,0.000,0.025,-0.005,0.017,0.90,1.25
light,correction_off,10.85,0.00,0.00,0.000,0.000,0.026,-0.008,0.015,0.90,1.22
light,correction_off,10.90,0.00,0.00,0.000,0.000,0.026,-0.009,0.014,0.91,1.20
light,correction_off,10.95,0.00,0.00,0.000,0.000,0.027,-0.011,0.012,0.91,1.17
light,correction_off,11.00,0.00,0.00,0.000,0.000,0.027,-0.013,0.011,0.92,1.15
light,correction_off,11.05,0.00,0.00,0.000,0.000,0.027,-0.015,0.009,0.93,1.13
light,correction_off,11.10,0.00,0.00,0.000,0.000,0.027,-0.016,0.008,0.94,1.11
light,correction_off,11.15,0.00,0.00,0.000,0.000,0.027,-0.019,0.007,0.94,1.09
light,correction_off,11.20,0.00,0.00,0.000,0.000,0.027,-0.020,0.006,0.95,1.08
light,correction_off,11.25,0.00,0.00,0.000,0.000,0.026,-0.022,0.006,0.95,1.06
light,correction_off,11.30,0.00,0.00,0.000,0.000,0.026,-0.023,0.006,0.94,1.05
light,correction_off,11.35,0.00,0.00,0.000,0.000,0.025,-0.025,0.006,0.93,1.03
light,correction_off,11.40,0.00,0.00,0.000,0.000,0.024,-0.026,0.006,0.93,1.03
light,correction_off,11.45,0.00,0.00,0.000,0.000,0.024,-0.027,0.007,0.92,1.03
light,correction_off,11.50,0.00,0.00,0.000,0.000,0.023,-0.027,0.007,0.91,1.03
light,correction_off,11.55,0.00,0.00,0.000,0.000,0.023,-0.028,0.007,0.90,1.03
light,correction_off,11.60,0.00,0.00,0.000,0.000,0.023,-0.028,0.007,0.90,1.03
light,correction_off,11.65,0.00,0.00,0.000,0.000,0.022,-0.028,0.007,0.89,1.04
light,correction_off,11.70,0.00,0.00,0.000,0.000,0.022,-0.028,0.007,0.89,1.05
light,correction_off,11.75,0.00,0.00,0.000,0.000,0.022,-0.027,0.006,0.89,1.06
light,correction_off,11.80,0.00,0.00,0.000,0.000,0.022,-0.026,0.005,0.89,1.08
light,correction_off,11.85,0.00,0.00,0.000,0.000,0.022,-0.024,0.003,0.89,1.10
light,correction_off,11.90,0.00,0.00,0.000,0.000,0.022,-0.023,0.002,0.90,1.12
light,correction_off,11.95,0.00,0.00,0.000,0.000,0.022,-0.021,0.001,0.90,1.15
light,correction_off,12.00,0.00,0.00,0.000,0.000,0.022,-0.020,0.002,0.91,1.18
light,correction_off,12.05,0.00,0.00,0.000,0.000,0.021,-0.018,0.004,0.92,1.21
light,correction_off,12.10,0.00,0.00,0.000,0.000,0.021,-0.017,0.004,0.93,1.24
light,correction_off,12.15,0.00,0.00,0.000,0.000,0.021,-0.016,0.006,0.94,1.27
light,correction_off,12.20,0.00,0.00,0.000,0.000,0.021,-0.015,0.006,0.94,1.29
light,correction_off,12.25,0.00,0.00,0.000,0.000,0.020,-0.014,0.007,0.94,1.30
light,correction_off,12.30,0.00,0.00,0.000,0.000,0.020,-0.014,0.007,0.95,1.32
light,correction_off,12.35,0.00,0.00,0.000,0.000,0.019,-0.014,0.007,0.95,1.32
light,correction_off,12.40,0.00,0.00,0.000,0.000,0.018,-0.014,0.007,0.95,1.33
light,correction_off,12.45,0.00,0.00,0.000,0.000,0.018,-0.014,0.008,0.95,1.32
light,correction_off,12.50,0.00,0.00,0.000,0.000,0.017,-0.014,0.008,0.94,1.32
light,correction_off,12.55,0.00,0.00,0.000,0.000,0.016,-0.014,0.009,0.94,1.31
light,correction_off,12.60,0.00,0.00,0.000,0.000,0.016,-0.013,0.009,0.93,1.31
light,correction_off,12.65,0.00,0.00,0.000,0.000,0.014,-0.013,0.010,0.93,1.30
light,correction_off,12.70,0.00,0.00,0.000,0.000,0.014,-0.013,0.010,0.92,1.29
light,correction_off,12.75,0.00,0.00,0.000,0.000,0.012,-0.013,0.011,0.92,1.29
light,correction_off,12.80,0.00,0.00,0.000,0.000,0.012,-0.013,0.012,0.91,1.28
light,correction_off,12.85,0.00,0.00,0.000,0.000,0.011,-0.014,0.012,0.90,1.28
light,correction_off,12.90,0.00,0.00,0.000,0.000,0.010,-0.014,0.012,0.89,1.27
light,correction_off,12.95,0.00,0.00,0.000,0.000,0.009,-0.016,0.012,0.88,1.26
light,correction_off,13.00,0.00,0.00,0.000,0.000,0.009,-0.016,0.012,0.88,1.25
light,correction_off,13.05,0.00,0.00,0.000,0.000,0.010,-0.018,0.011,0.87,1.24
light,correction_off,13.10,0.00,0.00,0.000,0.000,0.010,-0.019,0.011,0.87,1.23
light,correction_off,13.15,0.00,0.00,0.000,0.000,0.011,-0.020,0.010,0.87,1.21
light,correction_off,13.20,0.00,0.00,0.000,0.000,0.011,-0.020,0.009,0.87,1.19
light,correction_off,13.25,0.00,0.00,0.000,0.000,0.012,-0.021,0.008,0.89,1.18
light,correction_off,13.30,0.00,0.00,0.000,0.000,0.012,-0.021,0.008,0.89,1.17
light,correction_off,13.35,0.00,0.00,0.000,0.000,0.013,-0.021,0.007,0.91,1.16
light,correction_off,13.40,0.00,0.00,0.000,0.000,0.014,-0.021,0.007,0.92,1.16
light,correction_off,13.45,0.00,0.00,0.000,0.000,0.015,-0.022,0.005,0.94,1.15
light,correction_off,13.50,0.00,0.00,0.000,0.000,0.016,-0.022,0.004,0.95,1.15
light,correction_off,13.55,0.00,0.00,0.000,0.000,0.018,-0.021,0.003,0.97,1.14
light,correction_off,13.60,0.00,0.00,0.000,0.000,0.019,-0.021,0.002,0.99,1.15
light,correction_off,13.65,0.00,0.00,0.000,0.000,0.020,-0.020,0.001,1.01,1.15
light,correction_off,13.70,0.00,0.00,0.000,0.000,0.021,-0.020,0.001,1.03,1.15
light,correction_off,13.75,0.00,0.00,0.000,0.000,0.022,-0.019,0.003,1.04,1.16
light,correction_off,13.80,0.00,0.00,0.000,0.000,0.023,-0.018,0.004,1.06,1.17
light,correction_off,13.85,0.00,0.00,0.000,0.000,0.024,-0.017,0.005,1.08,1.18
light,correction_off,13.90,0.00,0.00,0.000,0.000,0.024,-0.016,0.006,1.09,1.20
light,correction_off,13.95,0.00,0.00,0.000,0.000,0.025,-0.015,0.007,1.10,1.21
light,correction_off,14.00,0.00,0.00,0.000,0.000,0.026,-0.015,0.008,1.10,1.22
light,correction_off,14.05,0.00,0.00,0.000,0.000,0.027,-0.015,0.009,1.11,1.24
light,correction_off,14.10,0.00,0.00,0.000,0.000,0.027,-0.015,0.009,1.12,1.25
light,correction_off,14.15,0.00,0.00,0.000,0.000,0.027,-0.015,0.010,1.12,1.25
light,correction_off,14.20,0.00,0.00,0.000,0.000,0.028,-0.015,0.010,1.12,1.26
light,correction_off,14.25,0.00,0.00,0.000,0.000,0.028,-0.016,0.010,1.12,1.26
light,correction_off,14.30,0.00,0.00,0.000,0.000,0.029,-0.016,0.010,1.12,1.25
light,correction_off,14.35,0.00,0.00,0.000,0.000,0.029,-0.017,0.010,1.12,1.24
light,correction_off,14.40,0.00,0.00,0.000,0.000,0.030,-0.017,0.010,1.11,1.23
light,correction_off,14.45,0.00,0.00,0.000,0.000,0.031,-0.018,0.011,1.11,1.22
light,correction_off,14.50,0.00,0.00,0.000,0.000,0.032,-0.019,0.011,1.11,1.20
light,correction_off,14.55,0.00,0.00,0.000,0.000,0.033,-0.020,0.013,1.11,1.19
light,correction_off,14.60,0.00,0.00,0.000,0.000,0.034,-0.020,0.014,1.11,1.18
light,correction_off,14.65,0.00,0.00,0.000,0.000,0.036,-0.021,0.016,1.11,1.16
light,correction_off,14.70,0.00,0.00,0.000,0.000,0.037,-0.022,0.017,1.12,1.15
light,correction_off,14.75,0.00,0.00,0.000,0.000,0.039,-0.023,0.019,1.13,1.14
light,correction_off,14.80,0.00,0.00,0.000,0.000,0.040,-0.023,0.020,1.14,1.13
light,correction_off,14.85,0.00,0.00,0.000,0.000,0.042,-0.024,0.022,1.15,1.11
light,correction_off,14.90,0.00,0.00,0.000,0.000,0.043,-0.024,0.023,1.17,1.11
light,correction_off,14.95,0.00,0.00,0.000,0.000,0.044,-0.025,0.024,1.18,1.10
light,correction_on,0.00,0.00,0.00,0.000,0.000,0.031,0.069,0.108,0.90,1.55
light,correction_on,0.05,0.00,0.00,0.000,0.000,0.033,0.071,0.110,0.92,1.55
light,correction_on,0.10,0.00,0.00,0.000,0.000,0.033,0.072,0.111,0.93,1.55
light,correction_on,0.15,0.00,0.00,0.000,0.000,0.034,0.074,0.113,0.94,1.55
light,correction_on,0.20,0.00,0.00,0.000,0.000,0.035,0.075,0.114,0.95,1.55
light,correction_on,0.25,0.00,0.00,0.000,0.000,0.037,0.076,0.116,0.97,1.55
light,correction_on,0.30,0.00,0.00,0.000,0.000,0.037,0.077,0.117,0.97,1.55
light,correction_on,0.35,0.00,0.00,0.000,0.000,0.039,0.078,0.118,0.99,1.54
light,correction_on,0.40,0.00,0.00,0.000,0.000,0.040,0.078,0.119,1.00,1.54
light,correction_on,0.45,0.00,0.00,0.000,0.000,0.041,0.079,0.120,1.01,1.53
light,correction_on,0.50,0.00,0.00,0.000,0.000,0.041,0.079,0.120,1.02,1.52
light,correction_on,0.55,0.00,0.00,0.000,0.000,0.042,0.079,0.121,1.03,1.51
light,correction_on,0.60,0.00,0.00,0.000,0.000,0.043,0.079,0.121,1.04,1.51
light,correction_on,0.65,0.00,0.00,0.000,0.000,0.043,0.079,0.121,1.05,1.50
light,correction_on,0.70,0.00,0.00,0.000,0.000,0.043,0.079,0.121,1.06,1.49
light,correction_on,0.75,0.00,0.00,0.000,0.000,0.043,0.079,0.121,1.07,1.48
light,correction_on,0.80,0.00,0.00,0.000,0.000,0.044,0.078,0.121,1.07,1.47
light,correction_on,0.85,0.00,0.00,0.000,0.000,0.044,0.078,0.120,1.08,1.46
light,correction_on,0.90,0.00,0.00,0.000,0.000,0.044,0.077,0.120,1.08,1.45
light,correction_on,0.95,1.09,1.26,-0.163,-0.189,0.044,0.076,0.119,1.08,1.44
light,correction_on,1.00,1.09,1.26,-0.163,-0.188,0.044,0.075,0.118,1.08,1.43
light,correction_on,1.05,1.08,1.25,-0.162,-0.187,0.044,0.074,0.117,1.07,1.42
light,correction_on,1.10,1.08,1.25,-0.162,-0.187,0.043,0.073,0.116,1.12,1.47
light,correction_on,1.15,1.09,1.25,-0.163,-0.188,0.042,0.072,0.114,1.25,1.62
light,correction_on,1.20,1.09,1.26,-0.164,-0.189,0.042,0.070,0.113,1.41,1.76
light,correction_on,1.25,1.10,1.26,-0.165,-0.189,0.040,0.068,0.110,1.57,1.88
light,correction_on,1.30,1.10,1.26,-0.165,-0.189,0.039,0.067,0.109,1.68,1.97
light,correction_on,1.35,1.10,1.25,-0.165,-0.188,0.037,0.064,0.105,1.76,2.02
light,correction_on,1.40,1.09,1.24,-0.164,-0.186,0.036,0.062,0.103,1.79,2.03
light,correction_on,1.45,1.08,1.23,-0.162,-0.184,0.033,0.058,0.098,1.79,2.02
light,correction_on,1.50,1.06,1.20,-0.159,-0.181,0.032,0.056,0.095,1.75,1.99
light,correction_on,1.55,1.04,1.18,-0.156,-0.177,0.028,0.051,0.089,1.70,1.93
light,correction_on,1.60,1.01,1.16,-0.152,-0.173,0.026,0.047,0.085,1.63,1.87
light,correction_on,1.65,0.98,1.13,-0.147,-0.170,0.021,0.041,0.078,1.54,1.79
light,correction_on,1.70,0.95,1.10,-0.142,-0.166,0.019,0.038,0.074,1.46,1.71
light,correction_on,1.75,0.92,1.08,-0.137,-0.162,0.014,0.032,0.066,1.36,1.63
light,correction_on,1.80,0.88,1.05,-0.132,-0.157,0.011,0.027,0.061,1.27,1.54
light,correction_on,1.85,0.85,1.02,-0.127,-0.153,0.005,0.020,0.053,1.16,1.45
light,correction_on,1.90,0.81,1.00,-0.122,-0.149,0.002,0.017,0.049,1.07,1.36
light,correction_on,1.95,0.78,0.97,-0.116,-0.145,-0.003,0.010,0.042,0.97,1.28
light,correction_on,2.00,0.74,0.94,-0.111,-0.141,-0.006,0.005,0.037,0.88,1.20
light,correction_on,2.05,0.70,0.92,-0.105,-0.138,-0.011,-0.002,0.031,0.78,1.12
light,correction_on,2.10,0.66,0.89,-0.099,-0.134,-0.014,-0.005,0.028,0.71,1.04
light,correction_on,2.15,0.63,0.86,-0.094,-0.130,-0.017,-0.012,0.024,0.63,0.97
light,correction_on,2.20,0.59,0.84,-0.089,-0.126,-0.020,-0.015,0.022,0.56,0.91
light,correction_on,2.25,0.56,0.81,-0.084,-0.122,-0.023,-0.021,0.021,0.50,0.85
light,correction_on,2.30,0.53,0.78,-0.079,-0.118,-0.024,-0.023,0.020,0.45,0.80
light,correction_on,2.35,0.51,0.76,-0.076,-0.114,-0.026,-0.028,0.021,0.41,0.76
light,correction_on,2.40,0.49,0.74,-0.073,-0.110,-0.027,-0.031,0.021,0.38,0.73
light,correction_on,2.45,0.48,0.72,-0.072,-0.107,-0.028,-0.035,0.022,0.36,0.70
light,correction_on,2.50,0.48,0.70,-0.071,-0.105,-0.028,-0.036,0.023,0.36,0.68
light,correction_on,2.55,0.48,0.68,-0.072,-0.102,-0.028,-0.039,0.024,0.36,0.66
light,correction_on,2.60,0.48,0.66,-0.072,-0.100,-0.029,-0.041,0.025,0.38,0.66
light,correction_on,2.65,0.50,0.65,-0.074,-0.098,-0.029,-0.042,0.026,0.40,0.65
light,correction_on,2.70,0.51,0.65,-0.077,-0.098,-0.029,-0.043,0.026,0.43,0.66
light,correction_on,2.75,0.54,0.65,-0.081,-0.098,-0.029,-0.044,0.026,0.47,0.66
light,correction_on,2.80,0.56,0.66,-0.084,-0.099,-0.029,-0.044,0.027,0.50,0.68
light,correction_on,2.85,0.59,0.67,-0.088,-0.101,-0.029,-0.044,0.027,0.55,0.70
light,correction_on,2.90,0.61,0.69,-0.092,-0.104,-0.029,-0.043,0.027,0.59,0.73
light,correction_on,2.95,0.64,0.72,-0.096,-0.108,-0.029,-0.043,0.026,0.63,0.77
light,correction_on,3.00,0.67,0.77,-0.100,-0.115,-0.029,-0.042,0.025,0.67,0.81
light,correction_on,3.05,0.70,0.82,-0.105,-0.124,-0.028,-0.040,0.024,0.72,0.85
light,correction_on,3.10,0.74,0.89,-0.111,-0.134,-0.027,-0.040,0.023,0.77,0.90
light,correction_on,3.15,0.79,0.97,-0.118,-0.145,-0.026,-0.038,0.022,0.82,0.96
light,correction_on,3.20,0.83,1.06,-0.125,-0.158,-0.025,-0.037,0.020,0.86,1.02
light,correction_on,3.25,0.88,1.15,-0.133,-0.173,-0.024,-0.034,0.018,0.92,1.09
light,correction_on,3.30,0.93,1.25,-0.140,-0.187,-0.023,-0.033,0.018,0.97,1.16
light,correction_on,3.35,0.98,1.34,-0.148,-0.201,-0.022,-0.031,0.017,1.03,1.24
light,correction_on,3.40,1.03,1.43,-0.155,-0.215,-0.022,-0.030,0.017,1.08,1.32
light,correction_on,3.45,1.08,1.52,-0.162,-0.227,-0.022,-0.029,0.017,1.14,1.40
light,correction_on,3.50,1.12,1.59,-0.168,-0.239,-0.023,-0.029,0.017,1.19,1.48
light,correction_on,3.55,1.15,1.65,-0.173,-0.248,-0.024,-0.028,0.019,1.24,1.56
light,correction_on,3.60,1.18,1.71,-0.177,-0.256,-0.025,-0.028,0.020,1.28,1.63
light,correction_on,3.65,1.20,1.75,-0.180,-0.262,-0.027,-0.029,0.021,1.31,1.69
light,correction_on,3.70,1.22,1.78,-0.183,-0.267,-0.028,-0.029,0.022,1.32,1.74
light,correction_on,3.75,1.23,1.79,-0.185,-0.269,-0.030,-0.030,0.024,1.33,1.78
light,correction_on,3.80,1.24,1.80,-0.186,-0.269,-0.031,-0.031,0.026,1.32,1.80
light,correction_on,3.85,1.25,1.79,-0.187,-0.269,-0.034,-0.033,0.028,1.31,1.81
light,correction_on,3.90,1.25,1.78,-0.188,-0.267,-0.035,-0.034,0.030,1.29,1.81
light,correction_on,3.95,1.25,1.75,-0.188,-0.263,-0.037,-0.037,0.032,1.25,1.79
light,correction_on,4.00,1.24,1.71,-0.186,-0.256,-0.039,-0.039,0.034,1.22,1.76
light,correction_on,4.05,1.22,1.65,-0.183,-0.248,-0.042,-0.042,0.037,1.18,1.72
light,correction_on,4.10,1.20,1.59,-0.180,-0.238,-0.043,-0.043,0.039,1.14,1.67
light,correction_on,4.15,1.17,1.53,-0.175,-0.229,-0.047,-0.047,0.044,1.10,1.61
light,correction_on,4.20,1.13,1.47,-0.170,-0.221,-0.049,-0.049,0.047,1.05,1.54
light,correction_on,4.25,1.10,1.41,-0.165,-0.212,-0.052,-0.053,0.051,1.00,1.46
light,correction_on,4.30,1.06,1.35,-0.159,-0.203,-0.053,-0.055,0.053,0.95,1.38
light,correction_on,4.35,1.02,1.29,-0.153,-0.194,-0.057,-0.058,0.058,0.89,1.29
light,correction_on,4.40,0.98,1.23,-0.146,-0.185,-0.059,-0.060,0.060,0.83,1.21
light,correction_on,4.45,0.93,1.17,-0.140,-0.176,-0.062,-0.064,0.065,0.77,1.13
light,correction_on,4.50,0.88,1.11,-0.133,-0.167,-0.063,-0.065,0.067,0.71,1.06
light,correction_on,4.55,0.84,1.06,-0.126,-0.158,-0.066,-0.069,0.071,0.65,0.98
light,correction_on,4.60,0.80,1.00,-0.120,-0.151,-0.067,-0.071,0.073,0.59,0.92
light,correction_on,4.65,0.76,0.95,-0.114,-0.143,-0.068,-0.074,0.075,0.54,0.86
light,correction_on,4.70,0.73,0.91,-0.109,-0.136,-0.068,-0.076,0.077,0.50,0.81
light,correction_on,4.75,0.70,0.87,-0.105,-0.130,-0.068,-0.078,0.078,0.46,0.75
light,correction_on,4.80,0.68,0.83,-0.102,-0.125,-0.068,-0.080,0.079,0.43,0.71
light,correction_on,4.85,0.67,0.80,-0.101,-0.120,-0.067,-0.081,0.079,0.41,0.67
light,correction_on,4.90,0.67,0.78,-0.100,-0.117,-0.067,-0.081,0.079,0.40,0.64
light,correction_on,4.95,0.67,0.78,-0.101,-0.116,-0.066,-0.082,0.078,0.41,0.62
light,correction_on,5.00,0.69,0.79,-0.103,-0.118,-0.065,-0.082,0.077,0.42,0.61
light,correction_on,5.05,0.72,0.82,-0.108,-0.123,-0.063,-0.081,0.076,0.45,0.61
light,correction_on,5.10,0.76,0.87,-0.114,-0.130,-0.062,-0.081,0.075,0.48,0.62
light,correction_on,5.15,0.81,0.93,-0.121,-0.139,-0.061,-0.080,0.073,0.52,0.64
light,correction_on,5.20,0.86,1.00,-0.128,-0.150,-0.060,-0.079,0.072,0.57,0.67
light,correction_on,5.25,0.91,1.08,-0.136,-0.162,-0.058,-0.078,0.070,0.62,0.71
light,correction_on,5.30,0.96,1.16,-0.144,-0.174,-0.057,-0.077,0.068,0.67,0.76
light,correction_on,5.35,1.01,1.25,-0.152,-0.188,-0.055,-0.074,0.066,0.74,0.83
light,correction_on,5.40,1.06,1.35,-0.160,-0.203,-0.054,-0.073,0.064,0.80,0.90
light,correction_on,5.45,1.11,1.45,-0.167,-0.218,-0.052,-0.070,0.060,0.87,0.98
light,correction_on,5.50,1.16,1.55,-0.174,-0.232,-0.051,-0.068,0.059,0.94,1.06
light,correction_on,5.55,1.20,1.64,-0.179,-0.246,-0.050,-0.065,0.056,1.01,1.16
light,correction_on,5.60,1.23,1.73,-0.184,-0.259,-0.049,-0.063,0.054,1.08,1.25
light,correction_on,5.65,1.26,1.80,-0.189,-0.270,-0.047,-0.060,0.051,1.14,1.35
light,correction_on,5.70,1.28,1.87,-0.193,-0.280,-0.046,-0.059,0.049,1.20,1.45
light,correction_on,5.75,1.31,1.92,-0.196,-0.288,-0.045,-0.056,0.046,1.25,1.54
light,correction_on,5.80,1.33,1.96,-0.199,-0.295,-0.044,-0.054,0.044,1.29,1.63
light,correction_on,5.85,1.34,2.00,-0.202,-0.299,-0.042,-0.052,0.041,1.32,1.71
light,correction_on,5.90,1.36,2.02,-0.204,-0.303,-0.041,-0.051,0.040,1.35,1.78
light,correction_on,5.95,1.38,2.03,-0.206,-0.305,-0.039,-0.049,0.038,1.37,1.84
light,correction_on,6.00,1.39,2.04,-0.209,-0.306,-0.038,-0.049,0.036,1.38,1.88
light,correction_on,6.05,1.41,2.04,-0.211,-0.306,-0.036,-0.048,0.034,1.39,1.90
light,correction_on,6.10,1.43,2.03,-0.214,-0.305,-0.035,-0.048,0.034,1.39,1.91
light,correction_on,6.15,1.44,2.02,-0.217,-0.304,-0.033,-0.049,0.033,1.40,1.90
light,correction_on,6.20,1.46,2.01,-0.219,-0.302,-0.033,-0.049,0.033,1.40,1.88
light,correction_on,6.25,1.47,1.99,-0.221,-0.299,-0.032,-0.051,0.033,1.39,1.84
light,correction_on,6.30,1.47,1.95,-0.221,-0.293,-0.032,-0.052,0.034,1.39,1.80
light,correction_on,6.35,1.46,1.89,-0.219,-0.284,-0.033,-0.054,0.035,1.38,1.75
light,correction_on,6.40,1.44,1.82,-0.216,-0.272,-0.033,-0.056,0.036,1.37,1.69
light,correction_on,6.45,1.41,1.74,-0.211,-0.261,-0.033,-0.059,0.038,1.35,1.62
light,correction_on,6.50,1.37,1.67,-0.205,-0.251,-0.033,-0.060,0.040,1.32,1.55
light,correction_on,6.55,1.33,1.61,-0.199,-0.241,-0.033,-0.063,0.042,1.29,1.47
light,correction_on,6.60,1.28,1.55,-0.193,-0.232,-0.033,-0.065,0.044,1.26,1.39
light,correction_on,6.65,1.24,1.49,-0.186,-0.223,-0.034,-0.068,0.046,1.21,1.30
light,correction_on,6.70,1.19,1.43,-0.179,-0.215,-0.034,-0.070,0.048,1.17,1.21
light,correction_on,6.75,1.14,1.38,-0.172,-0.207,-0.035,-0.073,0.051,1.12,1.12
light,correction_on,6.80,1.10,1.32,-0.165,-0.199,-0.035,-0.076,0.053,1.07,1.04
light,correction_on,6.85,1.05,1.27,-0.158,-0.190,-0.036,-0.079,0.056,1.01,0.96
light,correction_on,6.90,1.00,1.21,-0.150,-0.182,-0.037,-0.081,0.058,0.96,0.89
light,correction_on,6.95,0.96,1.15,-0.143,-0.173,-0.038,-0.084,0.062,0.90,0.83
light,correction_on,7.00,0.91,1.10,-0.136,-0.165,-0.038,-0.087,0.064,0.85,0.77
light,correction_on,7.05,0.87,1.04,-0.130,-0.156,-0.039,-0.090,0.067,0.79,0.71
light,correction_on,7.10,0.83,0.99,-0.124,-0.149,-0.040,-0.091,0.069,0.75,0.67
light,correction_on,7.15,0.79,0.94,-0.119,-0.141,-0.041,-0.094,0.072,0.70,0.62
light,correction_on,7.20,0.76,0.89,-0.114,-0.134,-0.042,-0.096,0.073,0.66,0.58
light,correction_on,7.25,0.74,0.86,-0.111,-0.128,-0.042,-0.099,0.076,0.62,0.55
light,correction_on,7.30,0.72,0.82,-0.108,-0.123,-0.042,-0.100,0.077,0.58,0.52
light,correction_on,7.35,0.71,0.80,-0.107,-0.120,-0.041,-0.102,0.079,0.56,0.49
light,correction_on,7.40,0.72,0.80,-0.108,-0.120,-0.041,-0.103,0.079,0.54,0.47
light,correction_on,7.45,0.74,0.82,-0.111,-0.123,-0.040,-0.104,0.080,0.53,0.45
light,correction_on,7.50,0.77,0.85,-0.115,-0.127,-0.040,-0.104,0.080,0.53,0.45
light,correction_on,7.55,0.81,0.90,-0.121,-0.135,-0.038,-0.105,0.080,0.54,0.45
light,correction_on,7.60,0.86,0.96,-0.129,-0.144,-0.037,-0.104,0.079,0.56,0.46
light,correction_on,7.65,0.92,1.04,-0.138,-0.156,-0.035,-0.104,0.078,0.60,0.48
light,correction_on,7.70,0.98,1.13,-0.147,-0.169,-0.034,-0.103,0.077,0.64,0.52
light,correction_on,7.75,1.04,1.22,-0.156,-0.183,-0.032,-0.102,0.075,0.70,0.57
light,correction_on,7.80,1.10,1.31,-0.164,-0.196,-0.030,-0.101,0.073,0.77,0.63
light,correction_on,7.85,1.15,1.40,-0.172,-0.210,-0.028,-0.099,0.071,0.85,0.71
light,correction_on,7.90,1.20,1.49,-0.180,-0.224,-0.027,-0.098,0.069,0.93,0.79
light,correction_on,7.95,1.25,1.58,-0.187,-0.237,-0.024,-0.095,0.066,1.03,0.88
light,correction_on,8.00,1.29,1.66,-0.194,-0.248,-0.022,-0.094,0.064,1.11,0.97
light,correction_on,8.05,1.33,1.73,-0.199,-0.259,-0.020,-0.090,0.060,1.20,1.07
light,correction_on,8.10,1.36,1.79,-0.205,-0.269,-0.019,-0.089,0.059,1.27,1.16
light,correction_on,8.15,1.40,1.85,-0.210,-0.278,-0.017,-0.086,0.055,1.35,1.26
light,correction_on,8.20,1.43,1.90,-0.214,-0.286,-0.016,-0.084,0.053,1.40,1.34
light,correction_on,8.25,1.45,1.94,-0.218,-0.292,-0.015,-0.081,0.050,1.46,1.43
light,correction_on,8.30,1.47,1.98,-0.221,-0.296,-0.014,-0.080,0.049,1.50,1.50
light,correction_on,8.35,1.49,2.00,-0.224,-0.300,-0.014,-0.077,0.046,1.53,1.57
light,correction_on,8.40,1.51,2.02,-0.226,-0.302,-0.014,-0.076,0.045,1.55,1.62
light,correction_on,8.45,1.52,2.03,-0.228,-0.304,-0.015,-0.074,0.043,1.56,1.66
light,correction_on,8.50,1.53,2.03,-0.229,-0.305,-0.015,-0.073,0.042,1.56,1.69
light,correction_on,8.55,1.53,2.03,-0.230,-0.304,-0.017,-0.071,0.041,1.55,1.71
light,correction_on,8.60,1.54,2.02,-0.231,-0.304,-0.018,-0.070,0.040,1.52,1.72
light,correction_on,8.65,1.54,2.01,-0.231,-0.302,-0.019,-0.069,0.040,1.50,1.72
light,correction_on,8.70,1.54,1.99,-0.231,-0.298,-0.021,-0.069,0.040,1.46,1.71
light,correction_on,8.75,1.52,1.96,-0.229,-0.294,-0.023,-0.069,0.041,1.42,1.69
light,correction_on,8.80,1.50,1.91,-0.225,-0.286,-0.024,-0.069,0.041,1.37,1.67
light,correction_on,8.85,1.47,1.84,-0.221,-0.276,-0.027,-0.069,0.043,1.32,1.63
light,correction_on,8.90,1.43,1.76,-0.215,-0.264,-0.028,-0.069,0.043,1.28,1.60
light,correction_on,8.95,1.39,1.68,-0.209,-0.252,-0.030,-0.070,0.045,1.22,1.55
light,correction_on,9.00,1.35,1.61,-0.202,-0.241,-0.032,-0.070,0.047,1.17,1.50
light,correction_on,9.05,1.30,1.54,-0.195,-0.231,-0.034,-0.072,0.049,1.11,1.44
light,correction_on,9.10,1.26,1.48,-0.188,-0.222,-0.035,-0.073,0.050,1.05,1.37
light,correction_on,9.15,1.21,1.42,-0.182,-0.213,-0.037,-0.074,0.053,0.99,1.29
light,correction_on,9.20,1.17,1.36,-0.175,-0.205,-0.038,-0.075,0.055,0.93,1.22
light,correction_on,9.25,1.13,1.31,-0.169,-0.197,-0.040,-0.077,0.057,0.87,1.14
light,correction_on,9.30,1.09,1.27,-0.164,-0.190,-0.041,-0.078,0.058,0.81,1.06
light,correction_on,9.35,1.06,1.23,-0.159,-0.184,-0.042,-0.080,0.060,0.76,0.99
light,correction_on,9.40,1.03,1.19,-0.154,-0.178,-0.043,-0.080,0.061,0.71,0.92
light,correction_on,9.45,1.00,1.15,-0.150,-0.173,-0.044,-0.081,0.063,0.67,0.86
light,correction_on,9.50,0.98,1.12,-0.147,-0.169,-0.045,-0.082,0.063,0.64,0.82
light,correction_on,9.55,0.96,1.10,-0.144,-0.165,-0.046,-0.082,0.065,0.61,0.77
light,correction_on,9.60,0.94,1.08,-0.142,-0.162,-0.047,-0.082,0.065,0.59,0.75
light,correction_on,9.65,0.94,1.07,-0.140,-0.160,-0.049,-0.081,0.066,0.57,0.72
light,correction_on,9.70,0.93,1.06,-0.140,-0.160,-0.050,-0.081,0.067,0.56,0.71
light,correction_on,9.75,0.93,1.08,-0.140,-0.162,-0.052,-0.080,0.067,0.55,0.71
light,correction_on,9.80,0.94,1.11,-0.141,-0.166,-0.053,-0.079,0.067,0.55,0.72
light,correction_on,9.85,0.96,1.15,-0.144,-0.173,-0.055,-0.077,0.067,0.54,0.73
light,correction_on,9.90,0.98,1.21,-0.147,-0.181,-0.055,-0.076,0.067,0.54,0.75
light,correction_on,9.95,1.00,1.27,-0.151,-0.190,-0.057,-0.074,0.066,0.55,0.79
light,correction_on,10.00,1.04,1.34,-0.155,-0.201,-0.058,-0.072,0.065,0.56,0.83
light,correction_on,10.05,1.07,1.43,-0.161,-0.214,-0.058,-0.068,0.064,0.58,0.89
light,correction_on,10.10,1.11,1.51,-0.167,-0.227,-0.059,-0.066,0.063,0.61,0.95
light,correction_on,10.15,1.15,1.60,-0.173,-0.240,-0.059,-0.062,0.061,0.64,1.03
light,correction_on,10.20,1.19,1.69,-0.179,-0.253,-0.059,-0.059,0.060,0.68,1.11
light,correction_on,10.25,1.23,1.77,-0.184,-0.266,-0.059,-0.054,0.058,0.72,1.21
light,correction_on,10.30,1.26,1.84,-0.189,-0.277,-0.059,-0.051,0.057,0.77,1.31
light,correction_on,10.35,1.29,1.91,-0.194,-0.287,-0.059,-0.047,0.056,0.83,1.41
light,correction_on,10.40,1.32,1.97,-0.198,-0.296,-0.059,-0.044,0.055,0.88,1.51
light,correction_on,10.45,1.35,2.03,-0.202,-0.304,-0.059,-0.040,0.054,0.93,1.61
light,correction_on,10.50,1.37,2.08,-0.206,-0.311,-0.059,-0.038,0.054,0.98,1.69
light,correction_on,10.55,1.40,2.12,-0.210,-0.317,-0.058,-0.034,0.053,1.03,1.78
light,correction_on,10.60,1.42,2.15,-0.213,-0.322,-0.058,-0.033,0.052,1.07,1.84
light,correction_on,10.65,1.45,2.17,-0.217,-0.325,-0.058,-0.030,0.052,1.11,1.89
light,correction_on,10.70,1.47,2.19,-0.221,-0.328,-0.057,-0.029,0.052,1.13,1.93
light,correction_on,10.75,1.50,2.20,-0.224,-0.330,-0.057,-0.027,0.052,1.16,1.96
light,correction_on,10.80,1.52,2.20,-0.227,-0.330,-0.057,-0.026,0.052,1.18,1.97
light,correction_on,10.85,1.53,2.19,-0.230,-0.329,-0.057,-0.024,0.052,1.20,1.97
light,correction_on,10.90,1.55,2.19,-0.233,-0.328,-0.057,-0.024,0.052,1.21,1.97
light,correction_on,10.95,1.56,2.17,-0.235,-0.326,-0.056,-0.024,0.052,1.21,1.95
light,correction_on,11.00,1.58,2.15,-0.236,-0.323,-0.056,-0.024,0.052,1.22,1.92
light,correction_on,11.05,1.58,2.12,-0.237,-0.318,-0.056,-0.025,0.051,1.22,1.89
light,correction_on,11.10,1.57,2.07,-0.236,-0.311,-0.056,-0.026,0.051,1.22,1.84
light,correction_on,11.15,1.56,2.01,-0.233,-0.301,-0.057,-0.028,0.051,1.21,1.79
light,correction_on,11.20,1.53,1.93,-0.229,-0.289,-0.057,-0.029,0.052,1.20,1.73
light,correction_on,11.25,1.49,1.85,-0.224,-0.278,-0.057,-0.032,0.052,1.19,1.66
light,correction_on,11.30,1.45,1.78,-0.218,-0.267,-0.057,-0.034,0.052,1.17,1.59
light,correction_on,11.35,1.40,1.71,-0.211,-0.256,-0.057,-0.037,0.052,1.15,1.50
light,correction_on,11.40,1.35,1.64,-0.203,-0.246,-0.057,-0.039,0.053,1.11,1.42
light,correction_on,11.45,1.30,1.57,-0.195,-0.236,-0.058,-0.043,0.053,1.07,1.32
light,correction_on,11.50,1.25,1.50,-0.187,-0.226,-0.057,-0.045,0.054,1.03,1.22
light,correction_on,11.55,1.19,1.44,-0.179,-0.216,-0.057,-0.048,0.054,0.98,1.13
light,correction_on,11.60,1.14,1.37,-0.171,-0.206,-0.057,-0.050,0.055,0.93,1.04
light,correction_on,11.65,1.09,1.31,-0.164,-0.196,-0.056,-0.054,0.055,0.87,0.95
light,correction_on,11.70,1.04,1.25,-0.156,-0.187,-0.055,-0.055,0.055,0.82,0.87
light,correction_on,11.75,0.99,1.19,-0.149,-0.178,-0.054,-0.058,0.055,0.78,0.80
light,correction_on,11.80,0.95,1.13,-0.143,-0.169,-0.053,-0.060,0.055,0.74,0.74
light,correction_on,11.85,0.91,1.07,-0.137,-0.161,-0.051,-0.063,0.055,0.70,0.68
light,correction_on,11.90,0.88,1.02,-0.132,-0.153,-0.050,-0.064,0.055,0.67,0.64
light,correction_on,11.95,0.85,0.97,-0.128,-0.146,-0.048,-0.066,0.054,0.65,0.59
light,correction_on,12.00,0.83,0.93,-0.125,-0.140,-0.047,-0.067,0.054,0.64,0.56
light,correction_on,12.05,0.82,0.90,-0.123,-0.135,-0.044,-0.068,0.053,0.63,0.53
light,correction_on,12.10,0.82,0.87,-0.123,-0.131,-0.043,-0.068,0.052,0.63,0.50
light,correction_on,12.15,0.83,0.86,-0.124,-0.129,-0.041,-0.068,0.050,0.64,0.49
light,correction_on,12.20,0.85,0.87,-0.128,-0.130,-0.039,-0.067,0.049,0.66,0.48
light,correction_on,12.25,0.89,0.90,-0.133,-0.134,-0.037,-0.066,0.046,0.68,0.49
light,correction_on,12.30,0.93,0.94,-0.140,-0.141,-0.036,-0.064,0.045,0.71,0.50
light,correction_on,12.35,0.98,1.00,-0.147,-0.150,-0.034,-0.061,0.041,0.74,0.53
light,correction_on,12.40,1.03,1.07,-0.155,-0.160,-0.033,-0.058,0.038,0.78,0.58
light,correction_on,12.45,1.08,1.15,-0.163,-0.173,-0.031,-0.053,0.034,0.83,0.64
light,correction_on,12.50,1.13,1.25,-0.170,-0.187,-0.030,-0.051,0.031,0.88,0.71
light,correction_on,12.55,1.18,1.35,-0.177,-0.203,-0.029,-0.045,0.027,0.94,0.81
light,correction_on,12.60,1.23,1.47,-0.184,-0.220,-0.028,-0.041,0.024,1.01,0.92
light,correction_on,12.65,1.27,1.59,-0.191,-0.238,-0.026,-0.035,0.021,1.07,1.04
light,correction_on,12.70,1.32,1.70,-0.197,-0.255,-0.025,-0.032,0.019,1.13,1.16
light,correction_on,12.75,1.35,1.80,-0.203,-0.270,-0.023,-0.027,0.018,1.19,1.30
light,correction_on,12.80,1.39,1.89,-0.208,-0.284,-0.022,-0.024,0.018,1.25,1.44
light,correction_on,12.85,1.42,1.97,-0.213,-0.296,-0.020,-0.019,0.020,1.31,1.58
light,correction_on,12.90,1.45,2.04,-0.218,-0.306,-0.019,-0.017,0.020,1.36,1.70
light,correction_on,12.95,1.49,2.09,-0.223,-0.314,-0.017,-0.013,0.022,1.41,1.82
light,correction_on,13.00,1.52,2.13,-0.228,-0.320,-0.016,-0.012,0.023,1.45,1.92
light,correction_on,13.05,1.54,2.16,-0.232,-0.324,-0.014,-0.009,0.024,1.49,2.00
light,correction_on,13.10,1.57,2.17,-0.236,-0.326,-0.013,-0.009,0.025,1.52,2.06
light,correction_on,13.15,1.60,2.17,-0.240,-0.326,-0.011,-0.008,0.025,1.54,2.11
light,correction_on,13.20,1.62,2.17,-0.243,-0.325,-0.010,-0.008,0.024,1.56,2.13
light,correction_on,13.25,1.64,2.15,-0.247,-0.322,-0.009,-0.009,0.023,1.58,2.13
light,correction_on,13.30,1.67,2.12,-0.250,-0.318,-0.009,-0.010,0.022,1.59,2.11
light,correction_on,13.35,1.68,2.09,-0.252,-0.313,-0.007,-0.013,0.019,1.59,2.07
light,correction_on,13.40,1.69,2.04,-0.253,-0.306,-0.007,-0.015,0.017,1.59,2.02
light,correction_on,13.45,1.68,1.96,-0.252,-0.295,-0.006,-0.020,0.012,1.58,1.94
light,correction_on,13.50,1.65,1.88,-0.248,-0.282,-0.006,-0.022,0.010,1.57,1.86
light,correction_on,13.55,1.62,1.80,-0.242,-0.270,-0.005,-0.027,0.004,1.56,1.75
light,correction_on,13.60,1.57,1.72,-0.236,-0.258,-0.005,-0.031,0.001,1.54,1.64
light,correction_on,13.65,1.52,1.64,-0.228,-0.246,-0.005,-0.037,0.005,1.51,1.52
light,correction_on,13.70,1.46,1.56,-0.218,-0.235,-0.005,-0.041,0.009,1.47,1.39
light,correction_on,13.75,1.39,1.49,-0.208,-0.223,-0.005,-0.047,0.015,1.42,1.25
light,correction_on,13.80,1.32,1.42,-0.197,-0.213,-0.005,-0.051,0.020,1.37,1.13
light,correction_on,13.85,1.24,1.35,-0.186,-0.202,-0.005,-0.058,0.026,1.31,0.99
light,correction_on,13.90,1.17,1.28,-0.175,-0.191,-0.006,-0.061,0.030,1.24,0.87
light,correction_on,13.95,1.09,1.20,-0.164,-0.181,-0.006,-0.068,0.036,1.16,0.74
light,correction_on,14.00,1.02,1.13,-0.153,-0.170,-0.007,-0.072,0.040,1.08,0.64
light,correction_on,14.05,0.95,1.07,-0.143,-0.160,-0.007,-0.078,0.046,1.00,0.54
light,correction_on,14.10,0.89,1.00,-0.134,-0.150,-0.007,-0.080,0.049,0.92,0.46
light,correction_on,14.15,0.83,0.93,-0.125,-0.140,-0.008,-0.086,0.054,0.84,0.37
light,correction_on,14.20,0.77,0.87,-0.116,-0.130,-0.008,-0.088,0.056,0.77,0.31
light,correction_on,14.25,0.72,0.81,-0.108,-0.121,-0.008,-0.092,0.060,0.70,0.25
light,correction_on,14.30,0.68,0.75,-0.102,-0.112,-0.008,-0.093,0.061,0.64,0.20
light,correction_on,14.35,0.64,0.69,-0.096,-0.103,-0.008,-0.095,0.063,0.59,0.16
light,correction_on,14.40,0.61,0.64,-0.091,-0.096,-0.008,-0.096,0.064,0.55,0.14
light,correction_on,14.45,0.59,0.61,-0.089,-0.091,-0.007,-0.096,0.064,0.52,0.13
light,correction_on,14.50,0.59,0.59,-0.089,-0.088,-0.007,-0.095,0.064,0.51,0.12
light,correction_on,14.55,0.61,0.59,-0.092,-0.088,-0.006,-0.093,0.062,0.50,0.13
light,correction_on,14.60,0.65,0.61,-0.098,-0.092,-0.006,-0.092,0.060,0.50,0.15
light,correction_on,14.65,0.71,0.67,-0.107,-0.100,-0.004,-0.087,0.056,0.51,0.19
light,correction_on,14.70,0.78,0.75,-0.117,-0.112,-0.004,-0.085,0.053,0.54,0.23
light,correction_on,14.75,0.85,0.84,-0.128,-0.126,-0.002,-0.080,0.048,0.58,0.30
light,correction_on,14.80,0.93,0.95,-0.139,-0.142,-0.001,-0.076,0.044,0.63,0.38
light,correction_on,14.85,0.99,1.07,-0.149,-0.160,-0.000,-0.069,0.038,0.70,0.49
light,correction_on,14.90,1.05,1.18,-0.158,-0.178,0.000,-0.066,0.035,0.77,0.60
light,correction_on,14.95,1.11,1.31,-0.166,-0.196,0.001,-0.059,0.028,0.86,0.74
default,correction_off,0.00,0.00,0.00,0.000,0.000,0.127,0.244,0.293,2.26,3.89
default,correction_off,0.05,0.00,0.00,0.000,0.000,0.129,0.245,0.294,2.29,3.88
default,correction_off,0.10,0.00,0.00,0.000,0.000,0.133,0.246,0.297,2.31,3.87
default,correction_off,0.15,0.00,0.00,0.000,0.000,0.136,0.246,0.298,2.33,3.84
default,correction_off,0.20,0.00,0.00,0.000,0.000,0.140,0.246,0.300,2.35,3.82
default,correction_off,0.25,0.00,0.00,0.000,0.000,0.142,0.245,0.300,2.37,3.78
default,correction_off,0.30,0.00,0.00,0.000,0.000,0.146,0.244,0.300,2.38,3.75
default,correction_off,0.35,0.00,0.00,0.000,0.000,0.148,0.242,0.300,2.40,3.71
default,correction_off,0.40,0.00,0.00,0.000,0.000,0.151,0.239,0.298,2.42,3.67
default,correction_off,0.45,0.00,0.00,0.000,0.000,0.152,0.237,0.297,2.43,3.62
default,correction_off,0.50,0.00,0.00,0.000,0.000,0.154,0.233,0.295,2.44,3.57
default,correction_off,0.55,0.00,0.00,0.000,0.000,0.156,0.230,0.293,2.45,3.51
default,correction_off,0.60,0.00,0.00,0.000,0.000,0.157,0.225,0.290,2.45,3.46
default,correction_off,0.65,0.00,0.00,0.000,0.000,0.158,0.223,0.288,2.45,3.41
default,correction_off,0.70,0.00,0.00,0.000,0.000,0.160,0.218,0.285,2.44,3.36
default,correction_off,0.75,0.00,0.00,0.000,0.000,0.161,0.216,0.283,2.44,3.30
default,correction_off,0.80,0.00,0.00,0.000,0.000,0.162,0.211,0.280,2.44,3.26
default,correction_off,0.85,0.00,0.00,0.000,0.000,0.163,0.209,0.279,2.43,3.21
default,correction_off,0.90,0.00,0.00,0.000,0.000,0.165,0.205,0.276,2.43,3.18
default,correction_off,0.95,0.00,0.00,0.000,0.000,0.165,0.203,0.275,2.43,3.14
default,correction_off,1.00,0.00,0.00,0.000,0.000,0.166,0.199,0.272,2.43,3.12
default,correction_off,1.05,0.00,0.00,0.000,0.000,0.167,0.197,0.271,2.44,3.10
default,correction_off,1.10,0.00,0.00,0.000,0.000,0.168,0.193,0.268,2.44,3.08
default,correction_off,1.15,0.00,0.00,0.000,0.000,0.168,0.191,0.267,2.45,3.06
default,correction_off,1.20,0.00,0.00,0.000,0.000,0.169,0.187,0.264,2.45,3.05
default,correction_off,1.25,0.00,0.00,0.000,0.000,0.169,0.186,0.263,2.45,3.04
default,correction_off,1.30,0.00,0.00,0.000,0.000,0.169,0.182,0.260,2.45,3.04
default,correction_off,1.35,0.00,0.00,0.000,0.000,0.169,0.180,0.259,2.46,3.03
default,correction_off,1.40,0.00,0.00,0.000,0.000,0.169,0.176,0.256,2.46,3.03
default,correction_off,1.45,0.00,0.00,0.000,0.000,0.169,0.175,0.254,2.46,3.03
default,correction_off,1.50,0.00,0.00,0.000,0.000,0.169,0.171,0.251,2.46,3.03
default,correction_off,1.55,0.00,0.00,0.000,0.000,0.168,0.168,0.249,2.46,3.02
default,correction_off,1.60,0.00,0.00,0.000,0.000,0.167,0.165,0.245,2.45,3.02
default,correction_off,1.65,0.00,0.00,0.000,0.000,0.166,0.163,0.243,2.45,3.01
default,correction_off,1.70,0.00,0.00,0.000,0.000,0.163,0.159,0.239,2.44,3.01
default,correction_off,1.75,0.00,0.00,0.000,0.000,0.162,0.157,0.236,2.43,3.00
default,correction_off,1.80,0.00,0.00,0.000,0.000,0.158,0.153,0.231,2.41,3.00
default,correction_off,1.85,0.00,0.00,0.000,0.000,0.157,0.152,0.228,2.39,2.99
default,correction_off,1.90,0.00,0.00,0.000,0.000,0.153,0.148,0.223,2.37,2.99
default,correction_off,1.95,0.00,0.00,0.000,0.000,0.151,0.145,0.220,2.34,2.99
default,correction_off,2.00,0.00,0.00,0.000,0.000,0.147,0.142,0.215,2.31,2.99
default,correction_off,2.05,0.00,0.00,0.000,0.000,0.146,0.140,0.212,2.29,2.99
default,correction_off,2.10,0.00,0.00,0.000,0.000,0.143,0.136,0.207,2.26,2.98
default,correction_off,2.15,0.00,0.00,0.000,0.000,0.141,0.133,0.204,2.23,2.98
default,correction_off,2.20,0.00,0.00,0.000,0.000,0.137,0.130,0.199,2.21,2.97
default,correction_off,2.25,0.00,0.00,0.000,0.000,0.136,0.128,0.197,2.20,2.97
default,correction_off,2.30,0.00,0.00,0.000,0.000,0.132,0.125,0.192,2.18,2.96
default,correction_off,2.35,0.00,0.00,0.000,0.000,0.130,0.123,0.189,2.17,2.96
default,correction_off,2.40,0.00,0.00,0.000,0.000,0.126,0.120,0.185,2.15,2.96
default,correction_off,2.45,0.00,0.00,0.000,0.000,0.124,0.119,0.183,2.14,2.96
default,correction_off,2.50,0.00,0.00,0.000,0.000,0.120,0.117,0.178,2.13,2.96
default,correction_off,2.55,0.00,0.00,0.000,0.000,0.118,0.115,0.176,2.12,2.97
default,correction_off,2.60,0.00,0.00,0.000,0.000,0.114,0.113,0.172,2.10,2.98
default,correction_off,2.65,0.00,0.00,0.000,0.000,0.113,0.112,0.170,2.09,2.98
default,correction_off,2.70,0.00,0.00,0.000,0.000,0.109,0.110,0.167,2.08,2.99
default,correction_off,2.75,0.00,0.00,0.000,0.000,0.107,0.109,0.164,2.07,3.01
default,correction_off,2.80,0.00,0.00,0.000,0.000,0.104,0.107,0.161,2.07,3.01
default,correction_off,2.85,0.00,0.00,0.000,0.000,0.102,0.106,0.159,2.06,3.02
default,correction_off,2.90,0.00,0.00,0.000,0.000,0.099,0.104,0.155,2.06,3.03
default,correction_off,2.95,0.00,0.00,0.000,0.000,0.097,0.102,0.153,2.06,3.04
default,correction_off,3.00,0.00,0.00,0.000,0.000,0.093,0.100,0.149,2.05,3.04
default,correction_off,3.05,0.00,0.00,0.000,0.000,0.091,0.098,0.147,2.05,3.05
default,correction_off,3.10,0.00,0.00,0.000,0.000,0.087,0.096,0.143,2.05,3.05
default,correction_off,3.15,0.00,0.00,0.000,0.000,0.085,0.094,0.140,2.04,3.04
default,correction_off,3.20,0.00,0.00,0.000,0.000,0.081,0.092,0.136,2.03,3.04
default,correction_off,3.25,0.00,0.00,0.000,0.000,0.079,0.090,0.134,2.02,3.04
default,correction_off,3.30,0.00,0.00,0.000,0.000,0.076,0.088,0.130,2.01,3.03
default,correction_off,3.35,0.00,0.00,0.000,0.000,0.074,0.086,0.128,2.01,3.03
default,correction_off,3.40,0.00,0.00,0.000,0.000,0.071,0.084,0.124,2.00,3.02
default,correction_off,3.45,0.00,0.00,0.000,0.000,0.070,0.082,0.122,1.99,3.02
default,correction_off,3.50,0.00,0.00,0.000,0.000,0.067,0.080,0.119,1.99,3.01
default,correction_off,3.55,0.00,0.00,0.000,0.000,0.065,0.078,0.117,1.99,3.01
default,correction_off,3.60,0.00,0.00,0.000,0.000,0.063,0.076,0.114,1.99,3.00
default,correction_off,3.65,0.00,0.00,0.000,0.000,0.062,0.075,0.113,2.00,3.00
default,correction_off,3.70,0.00,0.00,0.000,0.000,0.061,0.073,0.110,2.00,2.99
default,correction_off,3.75,0.00,0.00,0.000,0.000,0.060,0.072,0.109,2.01,2.99
default,correction_off,3.80,0.00,0.00,0.000,0.000,0.058,0.071,0.106,2.03,2.99
default,correction_off,3.85,0.00,0.00,0.000,0.000,0.057,0.070,0.105,2.04,2.99
default,correction_off,3.90,0.00,0.00,0.000,0.000,0.056,0.069,0.104,2.06,2.99
default,correction_off,3.95,0.00,0.00,0.000,0.000,0.055,0.068,0.103,2.07,3.00
default,correction_off,4.00,0.00,0.00,0.000,0.000,0.054,0.068,0.102,2.09,3.00
default,correction_off,4.05,0.00,0.00,0.000,0.000,0.053,0.067,0.102,2.10,3.01
default,correction_off,4.10,0.00,0.00,0.000,0.000,0.053,0.067,0.101,2.11,3.02
default,correction_off,4.15,0.00,0.00,0.000,0.000,0.052,0.067,0.100,2.13,3.03
default,correction_off,4.20,0.00,0.00,0.000,0.000,0.051,0.066,0.099,2.14,3.04
default,correction_off,4.25,0.00,0.00,0.000,0.000,0.051,0.066,0.099,2.16,3.05
default,correction_off,4.30,0.00,0.00,0.000,0.000,0.049,0.065,0.098,2.17,3.06
default,correction_off,4.35,0.00,0.00,0.000,0.000,0.048,0.064,0.097,2.18,3.07
default,correction_off,4.40,0.00,0.00,0.000,0.000,0.047,0.063,0.095,2.19,3.08
default,correction_off,4.45,0.00,0.00,0.000,0.000,0.046,0.062,0.094,2.20,3.08
default,correction_off,4.50,0.00,0.00,0.000,0.000,0.045,0.061,0.092,2.21,3.09
default,correction_off,4.55,0.00,0.00,0.000,0.000,0.044,0.060,0.091,2.21,3.08
default,correction_off,4.60,0.00,0.00,0.000,0.000,0.042,0.058,0.088,2.21,3.08
default,correction_off,4.65,0.00,0.00,0.000,0.000,0.042,0.057,0.087,2.21,3.07
default,correction_off,4.70,0.00,0.00,0.000,0.000,0.041,0.055,0.085,2.20,3.06
default,correction_off,4.75,0.00,0.00,0.000,0.000,0.041,0.054,0.084,2.20,3.05
default,correction_off,4.80,0.00,0.00,0.000,0.000,0.040,0.052,0.083,2.19,3.04
default,correction_off,4.85,0.00,0.00,0.000,0.000,0.041,0.052,0.082,2.19,3.03
default,correction_off,4.90,0.00,0.00,0.000,0.000,0.041,0.051,0.081,2.20,3.02
default,correction_off,4.95,0.00,0.00,0.000,0.000,0.042,0.050,0.081,2.20,3.01
default,correction_off,5.00,0.00,0.00,0.000,0.000,0.043,0.049,0.081,2.21,3.01
default,correction_off,5.05,0.00,0.00,0.000,0.000,0.043,0.049,0.081,2.23,3.00
default,correction_off,5.10,0.00,0.00,0.000,0.000,0.045,0.049,0.081,2.25,3.00
default,correction_off,5.15,0.00,0.00,0.000,0.000,0.046,0.048,0.081,2.27,3.00
default,correction_off,5.20,0.00,0.00,0.000,0.000,0.047,0.048,0.081,2.30,3.00
default,correction_off,5.25,0.00,0.00,0.000,0.000,0.047,0.048,0.081,2.33,3.01
default,correction_off,5.30,0.00,0.00,0.000,0.000,0.048,0.047,0.081,2.35,3.01
default,correction_off,5.35,0.00,0.00,0.000,0.000,0.048,0.047,0.080,2.38,3.02
default,correction_off,5.40,0.00,0.00,0.000,0.000,0.047,0.046,0.079,2.39,3.02
default,correction_off,5.45,0.00,0.00,0.000,0.000,0.047,0.045,0.079,2.40,3.02
default,correction_off,5.50,0.00,0.00,0.000,0.000,0.047,0.044,0.078,2.41,3.02
default,correction_off,5.55,0.00,0.00,0.000,0.000,0.047,0.044,0.077,2.41,3.02
default,correction_off,5.60,0.00,0.00,0.000,0.000,0.046,0.043,0.076,2.41,3.02
default,correction_off,5.65,0.00,0.00,0.000,0.000,0.046,0.043,0.076,2.40,3.02
default,correction_off,5.70,0.00,0.00,0.000,0.000,0.045,0.042,0.075,2.39,3.02
default,correction_off,5.75,0.00,0.00,0.000,0.000,0.045,0.042,0.075,2.38,3.02
default,correction_off,5.80,0.00,0.00,0.000,0.000,0.044,0.042,0.075,2.38,3.02
default,correction_off,5.85,0.00,0.00,0.000,0.000,0.044,0.042,0.074,2.37,3.02
default,correction_off,5.90,0.00,0.00,0.000,0.000,0.043,0.042,0.074,2.36,3.02
default,correction_off,5.95,0.00,0.00,0.000,0.000,0.043,0.041,0.073,2.36,3.02
default,correction_off,6.00,0.00,0.00,0.000,0.000,0.042,0.041,0.073,2.35,3.03
default,correction_off,6.05,0.00,0.00,0.000,0.000,0.041,0.041,0.072,2.35,3.03
default,correction_off,6.10,0.00,0.00,0.000,0.000,0.041,0.040,0.072,2.34,3.03
default,correction_off,6.15,0.00,0.00,0.000,0.000,0.040,0.040,0.071,2.34,3.03
default,correction_off,6.20,0.00,0.00,0.000,0.000,0.040,0.039,0.070,2.33,3.03
default,correction_off,6.25,0.00,0.00,0.000,0.000,0.040,0.039,0.070,2.33,3.03
default,correction_off,6.30,0.00,0.00,0.000,0.000,0.040,0.038,0.069,2.33,3.02
default,correction_off,6.35,0.00,0.00,0.000,0.000,0.040,0.037,0.069,2.33,3.02
default,correction_off,6.40,0.00,0.00,0.000,0.000,0.040,0.036,0.068,2.34,3.02
default,correction_off,6.45,0.00,0.00,0.000,0.000,0.040,0.036,0.067,2.34,3.01
default,correction_off,6.50,0.00,0.00,0.000,0.000,0.040,0.035,0.066,2.35,3.00
default,correction_off,6.55,0.00,0.00,0.000,0.000,0.040,0.034,0.066,2.36,3.00
default,correction_off,6.60,0.00,0.00,0.000,0.000,0.040,0.033,0.065,2.37,2.99
default,correction_off,6.65,0.00,0.00,0.000,0.000,0.040,0.032,0.064,2.38,2.99
default,correction_off,6.70,0.00,0.00,0.000,0.000,0.040,0.031,0.063,2.39,2.98
default,correction_off,6.75,0.00,0.00,0.000,0.000,0.040,0.030,0.062,2.39,2.97
default,correction_off,6.80,0.00,0.00,0.000,0.000,0.040,0.029,0.061,2.39,2.96
default,correction_off,6.85,0.00,0.00,0.000,0.000,0.040,0.028,0.060,2.40,2.95
default,correction_off,6.90,0.00,0.00,0.000,0.000,0.040,0.027,0.059,2.40,2.95
default,correction_off,6.95,0.00,0.00,0.000,0.000,0.039,0.026,0.058,2.40,2.94
default,correction_off,7.00,0.00,0.00,0.000,0.000,0.039,0.024,0.056,2.40,2.93
default,correction_off,7.05,0.00,0.00,0.000,0.000,0.039,0.024,0.056,2.41,2.93
default,correction_off,7.10,0.00,0.00,0.000,0.000,0.038,0.022,0.054,2.40,2.92
default,correction_off,7.15,0.00,0.00,0.000,0.000,0.037,0.021,0.053,2.40,2.92
default,correction_off,7.20,0.00,0.00,0.000,0.000,0.036,0.019,0.051,2.40,2.91
default,correction_off,7.25,0.00,0.00,0.000,0.000,0.036,0.018,0.050,2.40,2.91
default,correction_off,7.30,0.00,0.00,0.000,0.000,0.035,0.016,0.047,2.39,2.90
default,correction_off,7.35,0.00,0.00,0.000,0.000,0.034,0.015,0.046,2.38,2.89
default,correction_off,7.40,0.00,0.00,0.000,0.000,0.033,0.014,0.044,2.37,2.89
default,correction_off,7.45,0.00,0.00,0.000,0.000,0.033,0.013,0.043,2.37,2.88
default,correction_off,7.50,0.00,0.00,0.000,0.000,0.032,0.012,0.042,2.36,2.87
default,correction_off,7.55,0.00,0.00,0.000,0.000,0.031,0.011,0.041,2.35,2.87
default,correction_off,7.60,0.00,0.00,0.000,0.000,0.030,0.010,0.040,2.35,2.86
default,correction_off,7.65,0.00,0.00,0.000,0.000,0.030,0.010,0.040,2.34,2.86
default,correction_off,7.70,0.00,0.00,0.000,0.000,0.029,0.010,0.040,2.34,2.86
default,correction_off,7.75,0.00,0.00,0.000,0.000,0.029,0.011,0.040,2.34,2.86
default,correction_off,7.80,0.00,0.00,0.000,0.000,0.028,0.012,0.041,2.34,2.87
default,correction_off,7.85,0.00,0.00,0.000,0.000,0.028,0.013,0.042,2.34,2.88
default,correction_off,7.90,0.00,0.00,0.000,0.000,0.028,0.015,0.043,2.35,2.90
default,correction_off,7.95,0.00,0.00,0.000,0.000,0.028,0.016,0.044,2.35,2.92
default,correction_off,8.00,0.00,0.00,0.000,0.000,0.028,0.018,0.047,2.36,2.95
default,correction_off,8.05,0.00,0.00,0.000,0.000,0.028,0.020,0.048,2.37,2.97
default,correction_off,8.10,0.00,0.00,0.000,0.000,0.028,0.023,0.051,2.38,3.00
default,correction_off,8.15,0.00,0.00,0.000,0.000,0.028,0.025,0.053,2.39,3.04
default,correction_off,8.20,0.00,0.00,0.000,0.000,0.028,0.028,0.056,2.40,3.07
default,correction_off,8.25,0.00,0.00,0.000,0.000,0.028,0.030,0.057,2.42,3.10
default,correction_off,8.30,0.00,0.00,0.000,0.000,0.028,0.033,0.060,2.43,3.13
default,correction_off,8.35,0.00,0.00,0.000,0.000,0.029,0.034,0.062,2.44,3.17
default,correction_off,8.40,0.00,0.00,0.000,0.000,0.030,0.036,0.064,2.46,3.19
default,correction_off,8.45,0.00,0.00,0.000,0.000,0.030,0.037,0.065,2.47,3.22
default,correction_off,8.50,0.00,0.00,0.000,0.000,0.032,0.038,0.066,2.49,3.23
default,correction_off,8.55,0.00,0.00,0.000,0.000,0.033,0.038,0.067,2.50,3.25
default,correction_off,8.60,0.00,0.00,0.000,0.000,0.035,0.038,0.068,2.52,3.25
default,correction_off,8.65,0.00,0.00,0.000,0.000,0.037,0.038,0.068,2.54,3.25
default,correction_off,8.70,0.00,0.00,0.000,0.000,0.039,0.037,0.068,2.56,3.23
default,correction_off,8.75,0.00,0.00,0.000,0.000,0.041,0.036,0.068,2.58,3.21
default,correction_off,8.80,0.00,0.00,0.000,0.000,0.044,0.034,0.067,2.61,3.19
default,correction_off,8.85,0.00,0.00,0.000,0.000,0.046,0.033,0.067,2.63,3.16
default,correction_off,8.90,0.00,0.00,0.000,0.000,0.049,0.031,0.067,2.66,3.13
default,correction_off,8.95,0.00,0.00,0.000,0.000,0.051,0.029,0.067,2.69,3.10
default,correction_off,9.00,0.00,0.00,0.000,0.000,0.054,0.026,0.066,2.72,3.07
default,correction_off,9.05,0.00,0.00,0.000,0.000,0.055,0.024,0.066,2.74,3.03
default,correction_off,9.10,0.00,0.00,0.000,0.000,0.057,0.021,0.064,2.77,2.99
default,correction_off,9.15,0.00,0.00,0.000,0.000,0.059,0.018,0.064,2.79,2.95
default,correction_off,9.20,0.00,0.00,0.000,0.000,0.060,0.014,0.062,2.80,2.92
default,correction_off,9.25,0.00,0.00,0.000,0.000,0.061,0.012,0.061,2.81,2.88
default,correction_off,9.30,0.00,0.00,0.000,0.000,0.062,0.009,0.060,2.82,2.84
default,correction_off,9.35,0.00,0.00,0.000,0.000,0.062,0.007,0.059,2.82,2.80
default,correction_off,9.40,0.00,0.00,0.000,0.000,0.062,0.003,0.058,2.82,2.77
default,correction_off,9.45,0.00,0.00,0.000,0.000,0.062,0.002,0.057,2.82,2.73
default,correction_off,9.50,0.00,0.00,0.000,0.000,0.062,-0.001,0.055,2.81,2.71
default,correction_off,9.55,0.00,0.00,0.000,0.000,0.061,-0.003,0.054,2.80,2.69
default,correction_off,9.60,0.00,0.00,0.000,0.000,0.060,-0.005,0.051,2.78,2.68
default,correction_off,9.65,0.00,0.00,0.000,0.000,0.059,-0.006,0.050,2.76,2.66
default,correction_off,9.70,0.00,0.00,0.000,0.000,0.057,-0.009,0.047,2.74,2.65
default,correction_off,9.75,0.00,0.00,0.000,0.000,0.055,-0.010,0.045,2.72,2.65
default,correction_off,9.80,0.00,0.00,0.000,0.000,0.052,-0.012,0.042,2.69,2.65
default,correction_off,9.85,0.00,0.00,0.000,0.000,0.050,-0.013,0.040,2.66,2.64
default,correction_off,9.90,0.00,0.00,0.000,0.000,0.047,-0.015,0.036,2.63,2.64
default,correction_off,9.95,0.00,0.00,0.000,0.000,0.045,-0.017,0.034,2.60,2.64
default,correction_off,10.00,0.00,0.00,0.000,0.000,0.042,-0.018,0.030,2.57,2.64
default,correction_off,10.05,0.00,0.00,0.000,0.000,0.040,-0.019,0.028,2.54,2.65
default,correction_off,10.10,0.00,0.00,0.000,0.000,0.036,-0.020,0.025,2.50,2.65
default,correction_off,10.15,0.00,0.00,0.000,0.000,0.034,-0.021,0.022,2.47,2.66
default,correction_off,10.20,0.00,0.00,0.000,0.000,0.031,-0.023,0.019,2.44,2.67
default,correction_off,10.25,0.00,0.00,0.000,0.000,0.030,-0.024,0.018,2.41,2.67
default,correction_off,10.30,0.00,0.00,0.000,0.000,0.028,-0.025,0.015,2.39,2.68
default,correction_off,10.35,0.00,0.00,0.000,0.000,0.026,-0.026,0.014,2.37,2.68
default,correction_off,10.40,0.00,0.00,0.000,0.000,0.025,-0.028,0.012,2.36,2.68
default,correction_off,10.45,0.00,0.00,0.000,0.000,0.024,-0.028,0.012,2.35,2.68
default,correction_off,10.50,0.00,0.00,0.000,0.000,0.023,-0.030,0.011,2.35,2.68
default,correction_off,10.55,0.00,0.00,0.000,0.000,0.022,-0.031,0.011,2.36,2.68
default,correction_off,10.60,0.00,0.00,0.000,0.000,0.021,-0.032,0.011,2.36,2.68
default,correction_off,10.65,0.00,0.00,0.000,0.000,0.021,-0.033,0.011,2.37,2.68
default,correction_off,10.70,0.00,0.00,0.000,0.000,0.020,-0.033,0.010,2.39,2.68
default,correction_off,10.75,0.00,0.00,0.000,0.000,0.019,-0.033,0.010,2.40,2.67
default,correction_off,10.80,0.00,0.00,0.000,0.000,0.018,-0.033,0.009,2.42,2.68
default,correction_off,10.85,0.00,0.00,0.000,0.000,0.017,-0.032,0.008,2.43,2.68
default,correction_off,10.90,0.00,0.00,0.000,0.000,0.015,-0.031,0.006,2.44,2.69
default,correction_off,10.95,0.00,0.00,0.000,0.000,0.014,-0.030,0.005,2.44,2.70
default,correction_off,11.00,0.00,0.00,0.000,0.000,0.012,-0.028,0.003,2.45,2.72
default,correction_off,11.05,0.00,0.00,0.000,0.000,0.010,-0.027,0.003,2.45,2.74
default,correction_off,11.10,0.00,0.00,0.000,0.000,0.008,-0.025,0.005,2.45,2.77
default,correction_off,11.15,0.00,0.00,0.000,0.000,0.006,-0.023,0.007,2.44,2.80
default,correction_off,11.20,0.00,0.00,0.000,0.000,0.003,-0.020,0.011,2.43,2.83
default,correction_off,11.25,0.00,0.00,0.000,0.000,0.002,-0.019,0.012,2.42,2.86
default,correction_off,11.30,0.00,0.00,0.000,0.000,-0.001,-0.017,0.016,2.41,2.89
default,correction_off,11.35,0.00,0.00,0.000,0.000,-0.002,-0.016,0.017,2.39,2.92
default,correction_off,11.40,0.00,0.00,0.000,0.000,-0.004,-0.014,0.020,2.38,2.94
default,correction_off,11.45,0.00,0.00,0.000,0.000,-0.005,-0.014,0.021,2.37,2.97
default,correction_off,11.50,0.00,0.00,0.000,0.000,-0.006,-0.013,0.022,2.36,2.98
default,correction_off,11.55,0.00,0.00,0.000,0.000,-0.007,-0.013,0.023,2.35,2.99
default,correction_off,11.60,0.00,0.00,0.000,0.000,-0.008,-0.013,0.024,2.35,3.00
default,correction_off,11.65,0.00,0.00,0.000,0.000,-0.008,-0.013,0.024,2.35,3.00
default,correction_off,11.70,0.00,0.00,0.000,0.000,-0.008,-0.013,0.024,2.35,2.99
default,correction_off,11.75,0.00,0.00,0.000,0.000,-0.007,-0.013,0.023,2.36,2.98
default,correction_off,11.80,0.00,0.00,0.000,0.000,-0.007,-0.014,0.022,2.37,2.96
default,correction_off,11.85,0.00,0.00,0.000,0.000,-0.006,-0.015,0.022,2.39,2.95
default,correction_off,11.90,0.00,0.00,0.000,0.000,-0.005,-0.016,0.020,2.41,2.93
default,correction_off,11.95,0.00,0.00,0.000,0.000,-0.004,-0.017,0.019,2.44,2.91
default,correction_off,12.00,0.00,0.00,0.000,0.000,-0.002,-0.018,0.017,2.47,2.88
default,correction_off,12.05,0.00,0.00,0.000,0.000,-0.001,-0.018,0.016,2.50,2.86
default,correction_off,12.10,0.00,0.00,0.000,0.000,0.001,-0.019,0.013,2.52,2.84
default,correction_off,12.15,0.00,0.00,0.000,0.000,0.002,-0.020,0.012,2.55,2.81
default,correction_off,12.20,0.00,0.00,0.000,0.000,0.004,-0.021,0.010,2.58,2.79
default,correction_off,12.25,0.00,0.00,0.000,0.000,0.005,-0.021,0.009,2.61,2.77
default,correction_off,12.30,0.00,0.00,0.000,0.000,0.006,-0.022,0.008,2.63,2.76
default,correction_off,12.35,0.00,0.00,0.000,0.000,0.007,-0.022,0.007,2.65,2.75
default,correction_off,12.40,0.00,0.00,0.000,0.000,0.008,-0.022,0.006,2.67,2.74
default,correction_off,12.45,0.00,0.00,0.000,0.000,0.009,-0.022,0.005,2.69,2.73
default,correction_off,12.50,0.00,0.00,0.000,0.000,0.011,-0.021,0.005,2.70,2.73
default,correction_off,12.55,0.00,0.00,0.000,0.000,0.012,-0.021,0.004,2.71,2.73
default,correction_off,12.60,0.00,0.00,0.000,0.000,0.014,-0.021,0.005,2.72,2.74
default,correction_off,12.65,0.00,0.00,0.000,0.000,0.015,-0.021,0.005,2.73,2.74
default,correction_off,12.70,0.00,0.00,0.000,0.000,0.016,-0.021,0.006,2.74,2.74
default,correction_off,12.75,0.00,0.00,0.000,0.000,0.018,-0.021,0.007,2.75,2.75
default,correction_off,12.80,0.00,0.00,0.000,0.000,0.020,-0.021,0.009,2.76,2.75
default,correction_off,12.85,0.00,0.00,0.000,0.000,0.020,-0.020,0.009,2.78,2.76
default,correction_off,12.90,0.00,0.00,0.000,0.000,0.022,-0.020,0.011,2.79,2.76
default,correction_off,12.95,0.00,0.00,0.000,0.000,0.023,-0.020,0.012,2.80,2.76
default,correction_off,13.00,0.00,0.00,0.000,0.000,0.025,-0.019,0.014,2.81,2.76
default,correction_off,13.05,0.00,0.00,0.000,0.000,0.025,-0.019,0.014,2.82,2.77
default,correction_off,13.10,0.00,0.00,0.000,0.000,0.026,-0.018,0.015,2.83,2.77
default,correction_off,13.15,0.00,0.00,0.000,0.000,0.026,-0.017,0.016,2.83,2.77
default,correction_off,13.20,0.00,0.00,0.000,0.000,0.027,-0.016,0.017,2.84,2.78
default,correction_off,13.25,0.00,0.00,0.000,0.000,0.027,-0.015,0.018,2.83,2.79
default,correction_off,13.30,0.00,0.00,0.000,0.000,0.027,-0.013,0.019,2.83,2.80
default,correction_off,13.35,0.00,0.00,0.000,0.000,0.027,-0.012,0.020,2.82,2.81
default,correction_off,13.40,0.00,0.00,0.000,0.000,0.027,-0.010,0.022,2.82,2.82
default,correction_off,13.45,0.00,0.00,0.000,0.000,0.028,-0.009,0.022,2.81,2.84
default,correction_off,13.50,0.00,0.00,0.000,0.000,0.028,-0.007,0.024,2.80,2.86
default,correction_off,13.55,0.00,0.00,0.000,0.000,0.028,-0.006,0.025,2.80,2.87
default,correction_off,13.60,0.00,0.00,0.000,0.000,0.028,-0.004,0.026,2.79,2.89
default,correction_off,13.65,0.00,0.00,0.000,0.000,0.028,-0.003,0.027,2.79,2.90
default,correction_off,13.70,0.00,0.00,0.000,0.000,0.028,-0.002,0.028,2.78,2.92
default,correction_off,13.75,0.00,0.00,0.000,0.000,0.028,-0.001,0.029,2.78,2.93
default,correction_off,13.80,0.00,0.00,0.000,0.000,0.028,-0.000,0.030,2.78,2.94
default,correction_off,13.85,0.00,0.00,0.000,0.000,0.028,0.000,0.030,2.78,2.95
default,correction_off,13.90,0.00,0.00,0.000,0.000,0.028,0.001,0.031,2.78,2.95
default,correction_off,13.95,0.00,0.00,0.000,0.000,0.029,0.001,0.031,2.77,2.96
default,correction_off,14.00,0.00,0.00,0.000,0.000,0.029,0.002,0.032,2.77,2.96
default,correction_off,14.05,0.00,0.00,0.000,0.000,0.030,0.002,0.032,2.78,2.96
default,correction_off,14.10,0.00,0.00,0.000,0.000,0.032,0.001,0.033,2.78,2.96
default,correction_off,14.15,0.00,0.00,0.000,0.000,0.033,0.001,0.033,2.78,2.95
default,correction_off,14.20,0.00,0.00,0.000,0.000,0.035,-0.000,0.034,2.79,2.94
default,correction_off,14.25,0.00,0.00,0.000,0.000,0.036,-0.001,0.034,2.80,2.92
default,correction_off,14.30,0.00,0.00,0.000,0.000,0.038,-0.003,0.034,2.82,2.91
default,correction_off,14.35,0.00,0.00,0.000,0.000,0.039,-0.004,0.035,2.84,2.89
default,correction_off,14.40,0.00,0.00,0.000,0.000,0.041,-0.006,0.035,2.86,2.86
default,correction_off,14.45,0.00,0.00,0.000,0.000,0.042,-0.007,0.035,2.88,2.84
default,correction_off,14.50,0.00,0.00,0.000,0.000,0.043,-0.009,0.035,2.89,2.81
default,correction_off,14.55,0.00,0.00,0.000,0.000,0.043,-0.010,0.034,2.91,2.78
default,correction_off,14.60,0.00,0.00,0.000,0.000,0.044,-0.012,0.034,2.92,2.76
default,correction_off,14.65,0.00,0.00,0.000,0.000,0.044,-0.013,0.033,2.93,2.73
default,correction_off,14.70,0.00,0.00,0.000,0.000,0.044,-0.016,0.033,2.93,2.71
default,correction_off,14.75,0.00,0.00,0.000,0.000,0.043,-0.017,0.032,2.93,2.69
default,correction_off,14.80,0.00,0.00,0.000,0.000,0.043,-0.019,0.031,2.92,2.67
default,correction_off,14.85,0.00,0.00,0.000,0.000,0.043,-0.021,0.030,2.91,2.65
default,correction_off,14.90,0.00,0.00,0.000,0.000,0.042,-0.023,0.030,2.90,2.64
default,correction_off,14.95,0.00,0.00,0.000,0.000,0.042,-0.024,0.029,2.89,2.62
default,correction_on,0.00,0.00,0.00,0.000,0.000,0.146,0.211,0.304,2.69,3.91
default,correction_on,0.05,0.00,0.00,0.000,0.000,0.150,0.212,0.307,2.75,3.89
default,correction_on,0.10,0.00,0.00,0.000,0.000,0.160,0.214,0.313,2.83,3.85
default,correction_on,0.15,0.00,0.00,0.000,0.000,0.164,0.215,0.315,2.89,3.82
default,correction_on,0.20,0.00,0.00,0.000,0.000,0.174,0.215,0.320,2.97,3.78
default,correction_on,0.25,0.00,0.00,0.000,0.000,0.179,0.215,0.322,3.03,3.74
default,correction_on,0.30,0.00,0.00,0.000,0.000,0.187,0.215,0.326,3.10,3.69
default,correction_on,0.35,0.00,0.00,0.000,0.000,0.191,0.214,0.327,3.16,3.65
default,correction_on,0.40,0.00,0.00,0.000,0.000,0.200,0.211,0.329,3.21,3.60
default,correction_on,0.45,0.00,0.00,0.000,0.000,0.203,0.209,0.330,3.26,3.55
default,correction_on,0.50,0.00,0.00,0.000,0.000,0.210,0.205,0.330,3.31,3.49
default,correction_on,0.55,0.00,0.00,0.000,0.000,0.213,0.203,0.330,3.34,3.43
default,correction_on,0.60,0.00,0.00,0.000,0.000,0.219,0.196,0.328,3.37,3.37
default,correction_on,0.65,0.00,0.00,0.000,0.000,0.222,0.193,0.328,3.39,3.31
default,correction_on,0.70,0.00,0.00,0.000,0.000,0.227,0.187,0.325,3.41,3.24
default,correction_on,0.75,0.00,0.00,0.000,0.000,0.229,0.183,0.324,3.42,3.17
default,correction_on,0.80,0.00,0.00,0.000,0.000,0.233,0.175,0.320,3.42,3.10
default,correction_on,0.85,0.00,0.00,0.000,0.000,0.234,0.172,0.318,3.42,3.04
default,correction_on,0.90,0.00,0.00,0.000,0.000,0.236,0.164,0.314,3.41,2.97
default,correction_on,0.95,2.43,3.00,-0.365,-0.450,0.237,0.160,0.312,3.40,2.91
default,correction_on,1.00,2.43,3.00,-0.364,-0.450,0.238,0.151,0.306,3.38,2.85
default,correction_on,1.05,2.43,3.00,-0.364,-0.450,0.238,0.147,0.303,3.42,2.89
default,correction_on,1.10,2.43,3.00,-0.364,-0.450,0.238,0.138,0.297,3.66,3.17
default,correction_on,1.15,2.44,3.01,-0.366,-0.451,0.237,0.134,0.294,3.99,3.50
default,correction_on,1.20,2.45,3.02,-0.368,-0.452,0.235,0.124,0.285,4.35,3.81
default,correction_on,1.25,2.46,3.03,-0.369,-0.454,0.234,0.119,0.281,4.61,4.01
default,correction_on,1.30,2.47,3.04,-0.371,-0.456,0.231,0.108,0.271,4.80,4.14
default,correction_on,1.35,2.49,3.05,-0.373,-0.458,0.228,0.102,0.266,4.89,4.18
default,correction_on,1.40,2.51,3.07,-0.377,-0.461,0.222,0.088,0.251,4.89,4.16
default,correction_on,1.45,2.55,3.10,-0.382,-0.465,0.218,0.081,0.244,4.83,4.09
default,correction_on,1.50,2.58,3.12,-0.387,-0.468,0.210,0.066,0.229,4.71,3.97
default,correction_on,1.55,2.62,3.14,-0.392,-0.471,0.206,0.057,0.221,4.56,3.84
default,correction_on,1.60,2.65,3.15,-0.397,-0.473,0.195,0.038,0.201,4.38,3.68
default,correction_on,1.65,2.68,3.17,-0.402,-0.475,0.190,0.029,0.192,4.21,3.52
default,correction_on,1.70,2.71,3.18,-0.406,-0.477,0.179,0.010,0.174,4.01,3.34
default,correction_on,1.75,2.74,3.19,-0.411,-0.479,0.174,0.001,0.165,3.84,3.17
default,correction_on,1.80,2.77,3.21,-0.416,-0.481,0.166,-0.011,0.153,3.70,3.03
default,correction_on,1.85,2.81,3.22,-0.421,-0.483,0.154,-0.031,0.135,3.49,2.82
default,correction_on,1.90,2.84,3.23,-0.426,-0.484,0.141,-0.050,0.119,3.33,2.64
default,correction_on,1.95,2.87,3.24,-0.430,-0.486,0.135,-0.060,0.111,3.18,2.48
default,correction_on,2.00,2.89,3.24,-0.434,-0.487,0.120,-0.081,0.097,3.04,2.33
default,correction_on,2.05,2.91,3.25,-0.437,-0.488,0.114,-0.090,0.093,2.92,2.19
default,correction_on,2.10,2.93,3.26,-0.439,-0.488,0.101,-0.109,0.087,2.79,2.05
default,correction_on,2.15,2.94,3.26,-0.441,-0.489,0.094,-0.118,0.087,2.68,1.94
default,correction_on,2.20,2.95,3.26,-0.443,-0.489,0.080,-0.137,0.089,2.58,1.83
default,correction_on,2.25,2.96,3.26,-0.444,-0.489,0.074,-0.145,0.092,2.49,1.73
default,correction_on,2.30,2.96,3.26,-0.445,-0.489,0.061,-0.161,0.101,2.40,1.65
default,correction_on,2.35,2.97,3.26,-0.445,-0.489,0.055,-0.168,0.106,2.32,1.58
default,correction_on,2.40,2.97,3.26,-0.445,-0.489,0.041,-0.184,0.118,2.25,1.51
default,correction_on,2.45,2.96,3.26,-0.444,-0.488,0.035,-0.190,0.124,2.18,1.47
default,correction_on,2.50,2.95,3.25,-0.442,-0.487,0.023,-0.203,0.136,2.11,1.43
default,correction_on,2.55,2.93,3.24,-0.439,-0.486,0.017,-0.209,0.142,2.05,1.40
default,correction_on,2.60,2.90,3.23,-0.435,-0.484,0.004,-0.221,0.155,2.00,1.38
default,correction_on,2.65,2.87,3.21,-0.431,-0.482,-0.002,-0.226,0.161,1.94,1.37
default,correction_on,2.70,2.85,3.20,-0.428,-0.480,-0.014,-0.236,0.172,1.89,1.37
default,correction_on,2.75,2.83,3.19,-0.425,-0.479,-0.019,-0.240,0.178,1.84,1.37
default,correction_on,2.80,2.81,3.18,-0.422,-0.477,-0.032,-0.248,0.189,1.78,1.38
default,correction_on,2.85,2.79,3.17,-0.419,-0.475,-0.037,-0.251,0.193,1.73,1.39
default,correction_on,2.90,2.77,3.15,-0.415,-0.473,-0.048,-0.256,0.201,1.67,1.42
default,correction_on,2.95,2.75,3.14,-0.413,-0.471,-0.053,-0.257,0.205,1.63,1.44
default,correction_on,3.00,2.74,3.14,-0.412,-0.470,-0.064,-0.260,0.212,1.58,1.48
default,correction_on,3.05,2.74,3.13,-0.411,-0.470,-0.069,-0.261,0.214,1.54,1.53
default,correction_on,3.10,2.74,3.14,-0.412,-0.471,-0.078,-0.261,0.219,1.51,1.59
default,correction_on,3.15,2.76,3.15,-0.414,-0.473,-0.083,-0.260,0.220,1.49,1.65
default,correction_on,3.20,2.78,3.17,-0.417,-0.476,-0.092,-0.258,0.223,1.47,1.72
default,correction_on,3.25,2.81,3.20,-0.421,-0.481,-0.096,-0.257,0.224,1.46,1.80
default,correction_on,3.30,2.85,3.27,-0.427,-0.491,-0.103,-0.254,0.225,1.46,1.89
default,correction_on,3.35,2.89,3.37,-0.434,-0.506,-0.106,-0.252,0.226,1.47,1.98
default,correction_on,3.40,2.95,3.50,-0.442,-0.525,-0.113,-0.247,0.225,1.50,2.08
default,correction_on,3.45,3.01,3.65,-0.452,-0.547,-0.115,-0.245,0.225,1.53,2.19
default,correction_on,3.50,3.08,3.80,-0.462,-0.571,-0.120,-0.239,0.224,1.58,2.31
default,correction_on,3.55,3.15,3.96,-0.473,-0.594,-0.123,-0.237,0.224,1.64,2.44
default,correction_on,3.60,3.23,4.12,-0.485,-0.618,-0.127,-0.230,0.222,1.71,2.59
default,correction_on,3.65,3.32,4.29,-0.497,-0.643,-0.129,-0.227,0.221,1.79,2.74
default,correction_on,3.70,3.41,4.45,-0.511,-0.667,-0.132,-0.221,0.219,1.87,2.91
default,correction_on,3.75,3.50,4.61,-0.525,-0.692,-0.134,-0.218,0.218,1.95,3.06
default,correction_on,3.80,3.60,4.77,-0.540,-0.715,-0.136,-0.212,0.216,2.05,3.22
default,correction_on,3.85,3.71,4.91,-0.556,-0.736,-0.138,-0.209,0.215,2.13,3.37
default,correction_on,3.90,3.81,5.04,-0.572,-0.756,-0.140,-0.204,0.213,2.23,3.52
default,correction_on,3.95,3.91,5.15,-0.587,-0.772,-0.141,-0.201,0.212,2.32,3.64
default,correction_on,4.00,4.00,5.24,-0.600,-0.785,-0.143,-0.197,0.211,2.42,3.76
default,correction_on,4.05,4.08,5.31,-0.612,-0.796,-0.144,-0.195,0.211,2.50,3.86
default,correction_on,4.10,4.15,5.35,-0.622,-0.803,-0.146,-0.192,0.211,2.59,3.94
default,correction_on,4.15,4.21,5.39,-0.632,-0.808,-0.147,-0.191,0.211,2.66,4.00
default,correction_on,4.20,4.26,5.39,-0.639,-0.809,-0.148,-0.189,0.211,2.73,4.03
default,correction_on,4.25,4.29,5.38,-0.643,-0.806,-0.149,-0.189,0.211,2.78,4.04
default,correction_on,4.30,4.30,5.33,-0.645,-0.800,-0.150,-0.189,0.212,2.83,4.02
default,correction_on,4.35,4.30,5.26,-0.644,-0.789,-0.151,-0.189,0.213,2.86,3.98
default,correction_on,4.40,4.27,5.16,-0.640,-0.774,-0.152,-0.190,0.214,2.88,3.91
default,correction_on,4.45,4.23,5.04,-0.634,-0.756,-0.153,-0.191,0.215,2.88,3.83
default,correction_on,4.50,4.17,4.91,-0.625,-0.736,-0.154,-0.193,0.218,2.86,3.72
default,correction_on,4.55,4.09,4.78,-0.614,-0.717,-0.155,-0.194,0.219,2.83,3.60
default,correction_on,4.60,4.00,4.65,-0.600,-0.698,-0.156,-0.197,0.222,2.78,3.45
default,correction_on,4.65,3.90,4.53,-0.585,-0.680,-0.157,-0.198,0.223,2.72,3.31
default,correction_on,4.70,3.79,4.41,-0.569,-0.662,-0.158,-0.201,0.226,2.64,3.14
default,correction_on,4.75,3.68,4.30,-0.552,-0.645,-0.159,-0.203,0.227,2.56,2.99
default,correction_on,4.80,3.56,4.19,-0.535,-0.629,-0.161,-0.206,0.231,2.46,2.83
default,correction_on,4.85,3.45,4.10,-0.518,-0.614,-0.162,-0.208,0.233,2.35,2.69
default,correction_on,4.90,3.34,4.01,-0.502,-0.601,-0.163,-0.211,0.235,2.24,2.54
default,correction_on,4.95,3.24,3.92,-0.486,-0.589,-0.164,-0.212,0.237,2.13,2.42
default,correction_on,5.00,3.15,3.85,-0.472,-0.577,-0.165,-0.213,0.238,2.02,2.31
default,correction_on,5.05,3.07,3.78,-0.460,-0.568,-0.165,-0.214,0.239,1.92,2.22
default,correction_on,5.10,2.99,3.73,-0.449,-0.559,-0.165,-0.214,0.239,1.82,2.14
default,correction_on,5.15,2.94,3.68,-0.440,-0.553,-0.165,-0.214,0.239,1.75,2.09
default,correction_on,5.20,2.89,3.65,-0.434,-0.547,-0.164,-0.212,0.237,1.68,2.05
default,correction_on,5.25,2.87,3.62,-0.430,-0.543,-0.164,-0.211,0.236,1.64,2.03
default,correction_on,5.30,2.86,3.60,-0.429,-0.540,-0.163,-0.207,0.233,1.60,2.03
default,correction_on,5.35,2.87,3.60,-0.430,-0.539,-0.162,-0.205,0.232,1.59,2.05
default,correction_on,5.40,2.90,3.60,-0.434,-0.540,-0.161,-0.200,0.227,1.60,2.08
default,correction_on,5.45,2.93,3.63,-0.440,-0.544,-0.160,-0.197,0.225,1.62,2.12
default,correction_on,5.50,2.97,3.67,-0.446,-0.550,-0.159,-0.191,0.220,1.67,2.19
default,correction_on,5.55,3.01,3.72,-0.452,-0.558,-0.158,-0.187,0.218,1.72,2.26
default,correction_on,5.60,3.06,3.78,-0.459,-0.567,-0.156,-0.178,0.211,1.79,2.35
default,correction_on,5.65,3.11,3.87,-0.466,-0.581,-0.155,-0.174,0.208,1.87,2.44
default,correction_on,5.70,3.17,3.98,-0.475,-0.597,-0.153,-0.166,0.202,1.96,2.56
default,correction_on,5.75,3.24,4.11,-0.485,-0.617,-0.152,-0.161,0.199,2.05,2.68
default,correction_on,5.80,3.31,4.26,-0.496,-0.639,-0.149,-0.151,0.192,2.15,2.81
default,correction_on,5.85,3.38,4.42,-0.507,-0.662,-0.148,-0.146,0.189,2.24,2.95
default,correction_on,5.90,3.45,4.57,-0.518,-0.686,-0.145,-0.137,0.183,2.34,3.10
default,correction_on,5.95,3.53,4.72,-0.530,-0.708,-0.144,-0.133,0.180,2.43,3.26
default,correction_on,6.00,3.62,4.86,-0.544,-0.729,-0.141,-0.123,0.174,2.54,3.42
default,correction_on,6.05,3.72,4.98,-0.557,-0.747,-0.140,-0.118,0.171,2.63,3.58
default,correction_on,6.10,3.81,5.09,-0.571,-0.764,-0.137,-0.110,0.166,2.72,3.74
default,correction_on,6.15,3.90,5.19,-0.584,-0.779,-0.136,-0.107,0.164,2.81,3.88
default,correction_on,6.20,3.98,5.27,-0.597,-0.790,-0.133,-0.099,0.160,2.89,4.02
default,correction_on,6.25,4.06,5.32,-0.609,-0.798,-0.131,-0.097,0.158,2.97,4.13
default,correction_on,6.30,4.13,5.35,-0.619,-0.802,-0.129,-0.093,0.154,3.05,4.22
default,correction_on,6.35,4.19,5.35,-0.628,-0.803,-0.127,-0.092,0.153,3.11,4.28
default,correction_on,6.40,4.24,5.33,-0.635,-0.799,-0.125,-0.090,0.150,3.17,4.32
default,correction_on,6.45,4.26,5.26,-0.639,-0.789,-0.124,-0.090,0.149,3.22,4.32
default,correction_on,6.50,4.25,5.15,-0.638,-0.773,-0.122,-0.090,0.147,3.25,4.29
default,correction_on,6.55,4.23,5.03,-0.635,-0.755,-0.121,-0.090,0.147,3.28,4.23
default,correction_on,6.60,4.19,4.91,-0.628,-0.737,-0.119,-0.093,0.145,3.28,4.14
default,correction_on,6.65,4.12,4.79,-0.619,-0.719,-0.118,-0.094,0.144,3.27,4.02
default,correction_on,6.70,4.05,4.67,-0.607,-0.700,-0.116,-0.098,0.143,3.24,3.87
default,correction_on,6.75,3.96,4.55,-0.594,-0.682,-0.115,-0.100,0.142,3.19,3.72
default,correction_on,6.80,3.86,4.43,-0.579,-0.664,-0.112,-0.106,0.141,3.12,3.53
default,correction_on,6.85,3.75,4.31,-0.563,-0.647,-0.111,-0.109,0.141,3.04,3.36
default,correction_on,6.90,3.64,4.20,-0.546,-0.630,-0.108,-0.116,0.141,2.95,3.16
default,correction_on,6.95,3.53,4.09,-0.530,-0.613,-0.107,-0.119,0.141,2.86,2.99
default,correction_on,7.00,3.42,3.98,-0.513,-0.597,-0.104,-0.127,0.141,2.75,2.80
default,correction_on,7.05,3.31,3.88,-0.497,-0.582,-0.103,-0.130,0.141,2.66,2.63
default,correction_on,7.10,3.21,3.79,-0.482,-0.568,-0.100,-0.136,0.142,2.55,2.46
default,correction_on,7.15,3.12,3.70,-0.468,-0.555,-0.098,-0.139,0.142,2.45,2.31
default,correction_on,7.20,3.04,3.62,-0.456,-0.544,-0.095,-0.145,0.142,2.36,2.17
default,correction_on,7.25,2.97,3.56,-0.445,-0.533,-0.093,-0.147,0.141,2.28,2.06
default,correction_on,7.30,2.91,3.49,-0.437,-0.524,-0.088,-0.151,0.140,2.20,1.96
default,correction_on,7.35,2.87,3.45,-0.431,-0.517,-0.086,-0.153,0.139,2.15,1.88
default,correction_on,7.40,2.85,3.41,-0.427,-0.512,-0.080,-0.156,0.137,2.11,1.81
default,correction_on,7.45,2.84,3.38,-0.425,-0.508,-0.077,-0.157,0.135,2.09,1.77
default,correction_on,7.50,2.84,3.37,-0.426,-0.505,-0.071,-0.158,0.132,2.09,1.74
default,correction_on,7.55,2.86,3.36,-0.430,-0.504,-0.068,-0.159,0.130,2.11,1.74
default,correction_on,7.60,2.90,3.35,-0.434,-0.503,-0.064,-0.159,0.127,2.13,1.74
default,correction_on,7.65,2.94,3.35,-0.441,-0.502,-0.058,-0.158,0.122,2.20,1.77
default,correction_on,7.70,2.98,3.35,-0.447,-0.502,-0.051,-0.156,0.116,2.28,1.81
default,correction_on,7.75,3.03,3.34,-0.454,-0.501,-0.048,-0.155,0.114,2.36,1.86
default,correction_on,7.80,3.08,3.36,-0.462,-0.504,-0.040,-0.153,0.107,2.46,1.92
default,correction_on,7.85,3.13,3.39,-0.470,-0.509,-0.037,-0.152,0.104,2.56,1.99
default,correction_on,7.90,3.19,3.44,-0.478,-0.516,-0.030,-0.149,0.098,2.67,2.05
default,correction_on,7.95,3.25,3.51,-0.488,-0.527,-0.027,-0.147,0.095,2.77,2.12
default,correction_on,8.00,3.32,3.61,-0.498,-0.542,-0.021,-0.143,0.088,2.88,2.20
default,correction_on,8.05,3.39,3.73,-0.508,-0.559,-0.018,-0.141,0.084,2.98,2.27
default,correction_on,8.10,3.46,3.86,-0.519,-0.579,-0.013,-0.136,0.078,3.08,2.37
default,correction_on,8.15,3.53,4.00,-0.530,-0.601,-0.010,-0.134,0.075,3.17,2.47
default,correction_on,8.20,3.61,4.15,-0.542,-0.622,-0.006,-0.128,0.068,3.26,2.58
default,correction_on,8.25,3.69,4.29,-0.554,-0.643,-0.004,-0.126,0.065,3.33,2.70
default,correction_on,8.30,3.77,4.41,-0.566,-0.662,-0.002,-0.120,0.059,3.40,2.84
default,correction_on,8.35,3.86,4.53,-0.579,-0.679,-0.001,-0.118,0.057,3.46,2.97
default,correction_on,8.40,3.95,4.63,-0.592,-0.694,-0.000,-0.113,0.051,3.52,3.11
default,correction_on,8.45,4.02,4.70,-0.603,-0.705,0.000,-0.111,0.049,3.55,3.23
default,correction_on,8.50,4.08,4.74,-0.612,-0.711,0.000,-0.107,0.046,3.58,3.36
default,correction_on,8.55,4.13,4.75,-0.619,-0.713,-0.000,-0.106,0.045,3.61,3.46
default,correction_on,8.60,4.15,4.73,-0.622,-0.709,-0.001,-0.103,0.044,3.62,3.55
default,correction_on,8.65,4.16,4.67,-0.623,-0.700,-0.002,-0.102,0.043,3.61,3.61
default,correction_on,8.70,4.15,4.59,-0.622,-0.688,-0.004,-0.102,0.044,3.60,3.65
default,correction_on,8.75,4.12,4.51,-0.618,-0.676,-0.005,-0.102,0.045,3.57,3.65
default,correction_on,8.80,4.08,4.42,-0.612,-0.663,-0.008,-0.104,0.049,3.52,3.62
default,correction_on,8.85,4.03,4.34,-0.605,-0.651,-0.010,-0.106,0.051,3.46,3.56
default,correction_on,8.90,3.97,4.25,-0.596,-0.638,-0.013,-0.109,0.056,3.38,3.46
default,correction_on,8.95,3.90,4.16,-0.586,-0.625,-0.014,-0.112,0.059,3.29,3.36
default,correction_on,9.00,3.83,4.07,-0.574,-0.611,-0.018,-0.118,0.066,3.18,3.22
default,correction_on,9.05,3.75,3.98,-0.562,-0.597,-0.020,-0.122,0.070,3.07,3.09
default,correction_on,9.10,3.66,3.89,-0.549,-0.583,-0.023,-0.128,0.077,2.94,2.93
default,correction_on,9.15,3.57,3.80,-0.535,-0.570,-0.024,-0.132,0.080,2.82,2.79
default,correction_on,9.20,3.47,3.71,-0.521,-0.556,-0.027,-0.139,0.088,2.70,2.63
default,correction_on,9.25,3.38,3.62,-0.507,-0.543,-0.028,-0.142,0.091,2.58,2.48
default,correction_on,9.30,3.29,3.54,-0.494,-0.531,-0.030,-0.148,0.097,2.46,2.33
default,correction_on,9.35,3.21,3.47,-0.481,-0.520,-0.030,-0.151,0.099,2.36,2.21
default,correction_on,9.40,3.13,3.40,-0.470,-0.510,-0.032,-0.156,0.105,2.26,2.08
default,correction_on,9.45,3.06,3.34,-0.459,-0.501,-0.032,-0.158,0.107,2.17,1.98
default,correction_on,9.50,3.00,3.29,-0.450,-0.493,-0.033,-0.162,0.110,2.10,1.89
default,correction_on,9.55,2.94,3.25,-0.441,-0.487,-0.033,-0.163,0.111,2.04,1.82
default,correction_on,9.60,2.90,3.21,-0.435,-0.482,-0.034,-0.165,0.113,1.99,1.77
default,correction_on,9.65,2.87,3.19,-0.430,-0.479,-0.034,-0.165,0.114,1.95,1.73
default,correction_on,9.70,2.85,3.18,-0.428,-0.478,-0.034,-0.165,0.114,1.92,1.72
default,correction_on,9.75,2.84,3.18,-0.426,-0.477,-0.034,-0.165,0.113,1.91,1.72
default,correction_on,9.80,2.84,3.18,-0.426,-0.477,-0.033,-0.162,0.111,1.91,1.74
default,correction_on,9.85,2.85,3.19,-0.427,-0.479,-0.033,-0.160,0.109,1.93,1.77
default,correction_on,9.90,2.88,3.22,-0.432,-0.483,-0.032,-0.156,0.105,1.95,1.83
default,correction_on,9.95,2.92,3.29,-0.438,-0.493,-0.032,-0.154,0.103,1.99,1.89
default,correction_on,10.00,2.97,3.38,-0.445,-0.506,-0.030,-0.148,0.097,2.04,1.98
default,correction_on,10.05,3.02,3.48,-0.453,-0.523,-0.029,-0.144,0.094,2.10,2.07
default,correction_on,10.10,3.08,3.61,-0.463,-0.541,-0.027,-0.138,0.087,2.18,2.18
default,correction_on,10.15,3.15,3.74,-0.473,-0.561,-0.026,-0.134,0.083,2.26,2.30
default,correction_on,10.20,3.22,3.89,-0.484,-0.583,-0.024,-0.125,0.074,2.35,2.44
default,correction_on,10.25,3.31,4.04,-0.496,-0.606,-0.022,-0.121,0.070,2.45,2.58
default,correction_on,10.30,3.40,4.20,-0.510,-0.630,-0.020,-0.112,0.063,2.55,2.75
default,correction_on,10.35,3.50,4.35,-0.525,-0.652,-0.018,-0.108,0.059,2.65,2.91
default,correction_on,10.40,3.61,4.49,-0.541,-0.673,-0.015,-0.099,0.051,2.77,3.09
default,correction_on,10.45,3.72,4.62,-0.558,-0.693,-0.014,-0.096,0.047,2.88,3.25
default,correction_on,10.50,3.84,4.75,-0.576,-0.712,-0.012,-0.088,0.042,2.99,3.42
default,correction_on,10.55,3.97,4.86,-0.595,-0.729,-0.011,-0.085,0.039,3.09,3.57
default,correction_on,10.60,4.08,4.95,-0.612,-0.742,-0.010,-0.077,0.035,3.20,3.71
default,correction_on,10.65,4.18,5.01,-0.627,-0.752,-0.009,-0.074,0.033,3.29,3.82
default,correction_on,10.70,4.27,5.06,-0.640,-0.759,-0.008,-0.068,0.032,3.38,3.93
default,correction_on,10.75,4.34,5.08,-0.651,-0.762,-0.008,-0.066,0.032,3.46,4.01
default,correction_on,10.80,4.39,5.07,-0.658,-0.761,-0.008,-0.061,0.032,3.53,4.07
default,correction_on,10.85,4.41,5.03,-0.662,-0.755,-0.008,-0.059,0.033,3.59,4.10
default,correction_on,10.90,4.41,4.95,-0.662,-0.743,-0.009,-0.057,0.035,3.63,4.12
default,correction_on,10.95,4.39,4.85,-0.659,-0.728,-0.010,-0.057,0.036,3.64,4.10
default,correction_on,11.00,4.35,4.75,-0.652,-0.713,-0.012,-0.057,0.038,3.64,4.05
default,correction_on,11.05,4.29,4.65,-0.643,-0.697,-0.013,-0.057,0.038,3.60,3.98
default,correction_on,11.10,4.21,4.55,-0.631,-0.682,-0.016,-0.060,0.040,3.55,3.88
default,correction_on,11.15,4.12,4.45,-0.617,-0.667,-0.017,-0.062,0.041,3.47,3.75
default,correction_on,11.20,4.01,4.34,-0.602,-0.651,-0.021,-0.066,0.044,3.37,3.60
default,correction_on,11.25,3.90,4.24,-0.584,-0.636,-0.022,-0.069,0.046,3.26,3.45
default,correction_on,11.30,3.77,4.13,-0.566,-0.620,-0.025,-0.074,0.050,3.12,3.28
default,correction_on,11.35,3.64,4.03,-0.546,-0.604,-0.027,-0.077,0.052,2.98,3.11
default,correction_on,11.40,3.51,3.93,-0.527,-0.589,-0.030,-0.084,0.056,2.83,2.94
default,correction_on,11.45,3.40,3.83,-0.510,-0.575,-0.032,-0.087,0.059,2.68,2.78
default,correction_on,11.50,3.30,3.75,-0.495,-0.562,-0.034,-0.093,0.063,2.53,2.62
default,correction_on,11.55,3.21,3.67,-0.482,-0.550,-0.035,-0.096,0.065,2.39,2.48
default,correction_on,11.60,3.13,3.60,-0.469,-0.539,-0.036,-0.102,0.069,2.25,2.34
default,correction_on,11.65,3.06,3.53,-0.458,-0.529,-0.036,-0.105,0.070,2.14,2.23
default,correction_on,11.70,2.99,3.47,-0.449,-0.520,-0.035,-0.110,0.073,2.04,2.12
default,correction_on,11.75,2.93,3.41,-0.439,-0.512,-0.034,-0.112,0.073,1.96,2.03
default,correction_on,11.80,2.88,3.36,-0.432,-0.504,-0.032,-0.116,0.074,1.91,1.95
default,correction_on,11.85,2.85,3.32,-0.427,-0.498,-0.031,-0.118,0.074,1.88,1.89
default,correction_on,11.90,2.83,3.29,-0.425,-0.493,-0.027,-0.120,0.073,1.87,1.84
default,correction_on,11.95,2.84,3.27,-0.425,-0.490,-0.025,-0.121,0.073,1.88,1.81
default,correction_on,12.00,2.86,3.25,-0.429,-0.488,-0.019,-0.122,0.070,1.92,1.79
default,correction_on,12.05,2.89,3.25,-0.434,-0.487,-0.017,-0.123,0.069,1.97,1.79
default,correction_on,12.10,2.94,3.24,-0.440,-0.487,-0.011,-0.123,0.065,2.05,1.79
default,correction_on,12.15,2.98,3.24,-0.448,-0.486,-0.008,-0.122,0.063,2.13,1.81
default,correction_on,12.20,3.03,3.25,-0.455,-0.487,-0.002,-0.121,0.059,2.24,1.85
default,correction_on,12.25,3.08,3.27,-0.462,-0.490,0.001,-0.120,0.057,2.35,1.89
default,correction_on,12.30,3.13,3.31,-0.469,-0.497,0.007,-0.117,0.052,2.48,1.94
default,correction_on,12.35,3.17,3.37,-0.476,-0.506,0.009,-0.115,0.050,2.60,1.99
default,correction_on,12.40,3.23,3.46,-0.484,-0.520,0.015,-0.111,0.044,2.72,2.06
default,correction_on,12.45,3.28,3.58,-0.492,-0.537,0.017,-0.108,0.041,2.84,2.14
default,correction_on,12.50,3.34,3.72,-0.501,-0.558,0.022,-0.103,0.036,2.95,2.23
default,correction_on,12.55,3.41,3.87,-0.511,-0.581,0.024,-0.100,0.033,3.04,2.33
default,correction_on,12.60,3.48,4.04,-0.521,-0.606,0.029,-0.093,0.026,3.14,2.46
default,correction_on,12.65,3.55,4.20,-0.533,-0.630,0.030,-0.090,0.024,3.22,2.59
default,correction_on,12.70,3.63,4.35,-0.545,-0.653,0.034,-0.084,0.019,3.30,2.75
default,correction_on,12.75,3.73,4.50,-0.559,-0.674,0.035,-0.080,0.017,3.37,2.90
default,correction_on,12.80,3.82,4.63,-0.574,-0.694,0.038,-0.073,0.015,3.44,3.07
default,correction_on,12.85,3.93,4.75,-0.590,-0.712,0.039,-0.070,0.016,3.50,3.23
default,correction_on,12.90,4.03,4.84,-0.605,-0.726,0.040,-0.065,0.017,3.56,3.39
default,correction_on,12.95,4.12,4.90,-0.618,-0.734,0.040,-0.062,0.018,3.62,3.52
default,correction_on,13.00,4.18,4.91,-0.628,-0.737,0.040,-0.057,0.019,3.67,3.65
default,correction_on,13.05,4.23,4.90,-0.635,-0.735,0.039,-0.055,0.020,3.71,3.75
default,correction_on,13.10,4.26,4.84,-0.638,-0.726,0.038,-0.052,0.021,3.74,3.83
default,correction_on,13.15,4.26,4.76,-0.639,-0.714,0.037,-0.051,0.021,3.75,3.87
default,correction_on,13.20,4.25,4.67,-0.637,-0.700,0.035,-0.051,0.020,3.75,3.89
default,correction_on,13.25,4.21,4.57,-0.632,-0.686,0.034,-0.051,0.020,3.73,3.86
default,correction_on,13.30,4.16,4.48,-0.624,-0.672,0.031,-0.051,0.018,3.68,3.80
default,correction_on,13.35,4.10,4.39,-0.615,-0.659,0.029,-0.052,0.016,3.62,3.72
default,correction_on,13.40,4.02,4.30,-0.603,-0.645,0.025,-0.054,0.013,3.54,3.61
default,correction_on,13.45,3.93,4.21,-0.590,-0.632,0.023,-0.055,0.012,3.44,3.49
default,correction_on,13.50,3.83,4.12,-0.575,-0.619,0.019,-0.058,0.010,3.32,3.35
default,correction_on,13.55,3.73,4.04,-0.559,-0.605,0.016,-0.060,0.010,3.20,3.22
default,correction_on,13.60,3.61,3.95,-0.542,-0.592,0.012,-0.065,0.012,3.06,3.08
default,correction_on,13.65,3.50,3.86,-0.525,-0.579,0.010,-0.067,0.014,2.92,2.94
default,correction_on,13.70,3.39,3.78,-0.509,-0.566,0.006,-0.072,0.018,2.76,2.80
default,correction_on,13.75,3.29,3.70,-0.494,-0.554,0.005,-0.075,0.020,2.63,2.68
default,correction_on,13.80,3.20,3.62,-0.480,-0.543,0.002,-0.081,0.026,2.48,2.56
default,correction_on,13.85,3.12,3.55,-0.468,-0.533,0.001,-0.084,0.028,2.36,2.45
default,correction_on,13.90,3.05,3.49,-0.458,-0.523,-0.001,-0.089,0.033,2.24,2.34
default,correction_on,13.95,2.99,3.43,-0.448,-0.514,-0.002,-0.091,0.035,2.15,2.24
default,correction_on,14.00,2.94,3.37,-0.440,-0.506,-0.002,-0.097,0.039,2.07,2.15
default,correction_on,14.05,2.89,3.32,-0.434,-0.499,-0.002,-0.099,0.041,2.01,2.07
default,correction_on,14.10,2.86,3.28,-0.429,-0.492,-0.002,-0.102,0.044,1.97,2.00
default,correction_on,14.15,2.84,3.25,-0.426,-0.487,-0.002,-0.104,0.045,1.95,1.94
default,correction_on,14.20,2.84,3.22,-0.426,-0.483,-0.000,-0.107,0.046,1.95,1.90
default,correction_on,14.25,2.85,3.21,-0.427,-0.481,0.001,-0.108,0.047,1.96,1.87
default,correction_on,14.30,2.87,3.19,-0.430,-0.479,0.004,-0.109,0.046,1.99,1.85
default,correction_on,14.35,2.89,3.18,-0.434,-0.477,0.005,-0.109,0.046,2.04,1.84
default,correction_on,14.40,2.92,3.17,-0.439,-0.476,0.010,-0.109,0.044,2.10,1.85
default,correction_on,14.45,2.97,3.17,-0.445,-0.475,0.012,-0.108,0.043,2.18,1.86
default,correction_on,14.50,3.02,3.18,-0.453,-0.477,0.017,-0.107,0.040,2.27,1.90
default,correction_on,14.55,3.08,3.22,-0.461,-0.483,0.019,-0.106,0.039,2.37,1.93
default,correction_on,14.60,3.14,3.29,-0.471,-0.493,0.025,-0.103,0.036,2.48,1.98
default,correction_on,14.65,3.21,3.37,-0.481,-0.506,0.028,-0.101,0.034,2.60,2.04
default,correction_on,14.70,3.28,3.48,-0.492,-0.522,0.034,-0.098,0.032,2.72,2.11
default,correction_on,14.75,3.36,3.61,-0.504,-0.541,0.037,-0.096,0.031,2.85,2.18
default,correction_on,14.80,3.44,3.75,-0.516,-0.562,0.042,-0.091,0.030,2.98,2.28
default,correction_on,14.85,3.53,3.90,-0.530,-0.586,0.044,-0.089,0.029,3.10,2.38
default,correction_on,14.90,3.62,4.07,-0.543,-0.610,0.047,-0.084,0.028,3.22,2.50
default,correction_on,14.95,3.71,4.22,-0.557,-0.634,0.048,-0.081,0.028,3.33,2.63
strong,correction_off,0.00,0.00,0.00,0.000,0.000,0.245,0.368,0.439,3.84,5.67
strong,correction_off,0.05,0.00,0.00,0.000,0.000,0.252,0.373,0.446,3.90,5.66
strong,correction_off,0.10,0.00,0.00,0.000,0.000,0.256,0.375,0.450,3.97,5.65
strong,correction_off,0.15,0.00,0.00,0.000,0.000,0.263,0.378,0.456,4.03,5.64
strong,correction_off,0.20,0.00,0.00,0.000,0.000,0.266,0.379,0.458,4.09,5.62
strong,correction_off,0.25,0.00,0.00,0.000,0.000,0.273,0.381,0.462,4.14,5.59
strong,correction_off,0.30,0.00,0.00,0.000,0.000,0.276,0.381,0.464,4.19,5.56
strong,correction_off,0.35,0.00,0.00,0.000,0.000,0.284,0.381,0.468,4.23,5.53
strong,correction_off,0.40,0.00,0.00,0.000,0.000,0.287,0.380,0.469,4.28,5.49
strong,correction_off,0.45,0.00,0.00,0.000,0.000,0.294,0.379,0.471,4.32,5.45
strong,correction_off,0.50,0.00,0.00,0.000,0.000,0.298,0.378,0.472,4.36,5.40
strong,correction_off,0.55,0.00,0.00,0.000,0.000,0.307,0.375,0.473,4.41,5.36
strong,correction_off,0.60,0.00,0.00,0.000,0.000,0.310,0.373,0.474,4.45,5.30
strong,correction_off,0.65,0.00,0.00,0.000,0.000,0.318,0.369,0.475,4.50,5.25
strong,correction_off,0.70,0.00,0.00,0.000,0.000,0.321,0.367,0.475,4.55,5.19
strong,correction_off,0.75,0.00,0.00,0.000,0.000,0.330,0.362,0.475,4.60,5.13
strong,correction_off,0.80,0.00,0.00,0.000,0.000,0.333,0.360,0.475,4.65,5.07
strong,correction_off,0.85,0.00,0.00,0.000,0.000,0.340,0.354,0.475,4.69,5.02
strong,correction_off,0.90,0.00,0.00,0.000,0.000,0.344,0.352,0.475,4.74,4.96
strong,correction_off,0.95,0.00,0.00,0.000,0.000,0.350,0.345,0.474,4.78,4.91
strong,correction_off,1.00,0.00,0.00,0.000,0.000,0.353,0.343,0.473,4.82,4.86
strong,correction_off,1.05,0.00,0.00,0.000,0.000,0.358,0.337,0.472,4.85,4.81
strong,correction_off,1.10,0.00,0.00,0.000,0.000,0.360,0.334,0.470,4.88,4.76
strong,correction_off,1.15,0.00,0.00,0.000,0.000,0.364,0.327,0.468,4.91,4.72
strong,correction_off,1.20,0.00,0.00,0.000,0.000,0.365,0.323,0.466,4.92,4.68
strong,correction_off,1.25,0.00,0.00,0.000,0.000,0.368,0.317,0.463,4.93,4.64
strong,correction_off,1.30,0.00,0.00,0.000,0.000,0.369,0.313,0.461,4.93,4.60
strong,correction_off,1.35,0.00,0.00,0.000,0.000,0.371,0.305,0.456,4.93,4.57
strong,correction_off,1.40,0.00,0.00,0.000,0.000,0.371,0.302,0.454,4.92,4.54
strong,correction_off,1.45,0.00,0.00,0.000,0.000,0.372,0.294,0.449,4.91,4.50
strong,correction_off,1.50,0.00,0.00,0.000,0.000,0.373,0.290,0.446,4.89,4.47
strong,correction_off,1.55,0.00,0.00,0.000,0.000,0.373,0.281,0.440,4.88,4.44
strong,correction_off,1.60,0.00,0.00,0.000,0.000,0.373,0.276,0.437,4.85,4.41
strong,correction_off,1.65,0.00,0.00,0.000,0.000,0.373,0.267,0.430,4.83,4.37
strong,correction_off,1.70,0.00,0.00,0.000,0.000,0.373,0.263,0.427,4.81,4.33
strong,correction_off,1.75,0.00,0.00,0.000,0.000,0.373,0.252,0.420,4.79,4.30
strong,correction_off,1.80,0.00,0.00,0.000,0.000,0.373,0.247,0.417,4.77,4.26
strong,correction_off,1.85,0.00,0.00,0.000,0.000,0.373,0.237,0.410,4.75,4.22
strong,correction_off,1.90,0.00,0.00,0.000,0.000,0.373,0.232,0.406,4.73,4.17
strong,correction_off,1.95,0.00,0.00,0.000,0.000,0.372,0.220,0.398,4.72,4.13
strong,correction_off,2.00,0.00,0.00,0.000,0.000,0.372,0.215,0.395,4.71,4.09
strong,correction_off,2.05,0.00,0.00,0.000,0.000,0.370,0.205,0.388,4.69,4.04
strong,correction_off,2.10,0.00,0.00,0.000,0.000,0.369,0.201,0.384,4.68,4.00
strong,correction_off,2.15,0.00,0.00,0.000,0.000,0.367,0.190,0.376,4.67,3.96
strong,correction_off,2.20,0.00,0.00,0.000,0.000,0.366,0.186,0.372,4.66,3.92
strong,correction_off,2.25,0.00,0.00,0.000,0.000,0.363,0.178,0.365,4.64,3.89
strong,correction_off,2.30,0.00,0.00,0.000,0.000,0.361,0.174,0.362,4.62,3.86
strong,correction_off,2.35,0.00,0.00,0.000,0.000,0.357,0.166,0.354,4.60,3.84
strong,correction_off,2.40,0.00,0.00,0.000,0.000,0.355,0.163,0.350,4.58,3.83
strong,correction_off,2.45,0.00,0.00,0.000,0.000,0.351,0.157,0.343,4.55,3.83
strong,correction_off,2.50,0.00,0.00,0.000,0.000,0.348,0.154,0.339,4.53,3.83
strong,correction_off,2.55,0.00,0.00,0.000,0.000,0.342,0.147,0.331,4.50,3.83
strong,correction_off,2.60,0.00,0.00,0.000,0.000,0.338,0.145,0.327,4.47,3.85
strong,correction_off,2.65,0.00,0.00,0.000,0.000,0.332,0.140,0.318,4.43,3.86
strong,correction_off,2.70,0.00,0.00,0.000,0.000,0.328,0.138,0.314,4.39,3.88
strong,correction_off,2.75,0.00,0.00,0.000,0.000,0.319,0.133,0.304,4.36,3.90
strong,correction_off,2.80,0.00,0.00,0.000,0.000,0.316,0.130,0.300,4.31,3.92
strong,correction_off,2.85,0.00,0.00,0.000,0.000,0.308,0.126,0.291,4.27,3.94
strong,correction_off,2.90,0.00,0.00,0.000,0.000,0.304,0.124,0.286,4.21,3.97
strong,correction_off,2.95,0.00,0.00,0.000,0.000,0.294,0.120,0.276,4.17,3.99
strong,correction_off,3.00,0.00,0.00,0.000,0.000,0.290,0.118,0.271,4.12,4.01
strong,correction_off,3.05,0.00,0.00,0.000,0.000,0.281,0.114,0.262,4.07,4.03
strong,correction_off,3.10,0.00,0.00,0.000,0.000,0.277,0.113,0.258,4.02,4.05
strong,correction_off,3.15,0.00,0.00,0.000,0.000,0.267,0.109,0.247,3.98,4.07
strong,correction_off,3.20,0.00,0.00,0.000,0.000,0.262,0.108,0.243,3.94,4.09
strong,correction_off,3.25,0.00,0.00,0.000,0.000,0.253,0.105,0.233,3.90,4.10
strong,correction_off,3.30,0.00,0.00,0.000,0.000,0.248,0.103,0.229,3.86,4.12
strong,correction_off,3.35,0.00,0.00,0.000,0.000,0.238,0.100,0.218,3.82,4.13
strong,correction_off,3.40,0.00,0.00,0.000,0.000,0.233,0.098,0.213,3.78,4.15
strong,correction_off,3.45,0.00,0.00,0.000,0.000,0.223,0.096,0.204,3.74,4.16
strong,correction_off,3.50,0.00,0.00,0.000,0.000,0.219,0.095,0.200,3.71,4.17
strong,correction_off,3.55,0.00,0.00,0.000,0.000,0.208,0.093,0.191,3.67,4.18
strong,correction_off,3.60,0.00,0.00,0.000,0.000,0.203,0.092,0.187,3.64,4.19
strong,correction_off,3.65,0.00,0.00,0.000,0.000,0.194,0.092,0.180,3.61,4.21
strong,correction_off,3.70,0.00,0.00,0.000,0.000,0.190,0.091,0.176,3.58,4.23
strong,correction_off,3.75,0.00,0.00,0.000,0.000,0.180,0.092,0.170,3.55,4.25
strong,correction_off,3.80,0.00,0.00,0.000,0.000,0.176,0.092,0.167,3.53,4.28
strong,correction_off,3.85,0.00,0.00,0.000,0.000,0.169,0.093,0.163,3.51,4.30
strong,correction_off,3.90,0.00,0.00,0.000,0.000,0.165,0.093,0.161,3.50,4.33
strong,correction_off,3.95,0.00,0.00,0.000,0.000,0.158,0.095,0.158,3.49,4.37
strong,correction_off,4.00,0.00,0.00,0.000,0.000,0.155,0.095,0.157,3.48,4.40
strong,correction_off,4.05,0.00,0.00,0.000,0.000,0.150,0.097,0.155,3.48,4.43
strong,correction_off,4.10,0.00,0.00,0.000,0.000,0.148,0.097,0.154,3.49,4.47
strong,correction_off,4.15,0.00,0.00,0.000,0.000,0.143,0.099,0.153,3.50,4.50
strong,correction_off,4.20,0.00,0.00,0.000,0.000,0.141,0.100,0.153,3.52,4.53
strong,correction_off,4.25,0.00,0.00,0.000,0.000,0.138,0.101,0.152,3.55,4.56
strong,correction_off,4.30,0.00,0.00,0.000,0.000,0.136,0.101,0.152,3.58,4.58
strong,correction_off,4.35,0.00,0.00,0.000,0.000,0.133,0.102,0.151,3.60,4.60
strong,correction_off,4.40,0.00,0.00,0.000,0.000,0.131,0.103,0.151,3.64,4.62
strong,correction_off,4.45,0.00,0.00,0.000,0.000,0.128,0.104,0.150,3.67,4.64
strong,correction_off,4.50,0.00,0.00,0.000,0.000,0.127,0.104,0.150,3.70,4.65
strong,correction_off,4.55,0.00,0.00,0.000,0.000,0.124,0.105,0.150,3.72,4.66
strong,correction_off,4.60,0.00,0.00,0.000,0.000,0.123,0.106,0.150,3.75,4.67
strong,correction_off,4.65,0.00,0.00,0.000,0.000,0.121,0.107,0.150,3.77,4.68
strong,correction_off,4.70,0.00,0.00,0.000,0.000,0.120,0.107,0.150,3.80,4.68
strong,correction_off,4.75,0.00,0.00,0.000,0.000,0.117,0.108,0.150,3.82,4.69
strong,correction_off,4.80,0.00,0.00,0.000,0.000,0.116,0.108,0.150,3.84,4.69
strong,correction_off,4.85,0.00,0.00,0.000,0.000,0.115,0.109,0.150,3.85,4.69
strong,correction_off,4.90,0.00,0.00,0.000,0.000,0.114,0.109,0.150,3.87,4.70
strong,correction_off,4.95,0.00,0.00,0.000,0.000,0.114,0.110,0.150,3.88,4.70
strong,correction_off,5.00,0.00,0.00,0.000,0.000,0.113,0.110,0.150,3.90,4.70
strong,correction_off,5.05,0.00,0.00,0.000,0.000,0.113,0.110,0.151,3.91,4.70
strong,correction_off,5.10,0.00,0.00,0.000,0.000,0.113,0.111,0.151,3.93,4.70
strong,correction_off,5.15,0.00,0.00,0.000,0.000,0.113,0.111,0.152,3.95,4.69
strong,correction_off,5.20,0.00,0.00,0.000,0.000,0.114,0.112,0.152,3.97,4.69
strong,correction_off,5.25,0.00,0.00,0.000,0.000,0.115,0.113,0.153,4.00,4.69
strong,correction_off,5.30,0.00,0.00,0.000,0.000,0.115,0.113,0.154,4.02,4.69
strong,correction_off,5.35,0.00,0.00,0.000,0.000,0.117,0.115,0.156,4.05,4.68
strong,correction_off,5.40,0.00,0.00,0.000,0.000,0.117,0.115,0.157,4.08,4.69
strong,correction_off,5.45,0.00,0.00,0.000,0.000,0.119,0.117,0.159,4.11,4.69
strong,correction_off,5.50,0.00,0.00,0.000,0.000,0.120,0.117,0.160,4.14,4.70
strong,correction_off,5.55,0.00,0.00,0.000,0.000,0.123,0.118,0.162,4.17,4.70
strong,correction_off,5.60,0.00,0.00,0.000,0.000,0.124,0.119,0.163,4.20,4.71
strong,correction_off,5.65,0.00,0.00,0.000,0.000,0.127,0.120,0.164,4.23,4.72
strong,correction_off,5.70,0.00,0.00,0.000,0.000,0.128,0.120,0.165,4.26,4.72
strong,correction_off,5.75,0.00,0.00,0.000,0.000,0.131,0.120,0.166,4.29,4.72
strong,correction_off,5.80,0.00,0.00,0.000,0.000,0.132,0.119,0.166,4.32,4.72
strong,correction_off,5.85,0.00,0.00,0.000,0.000,0.134,0.119,0.166,4.35,4.72
strong,correction_off,5.90,0.00,0.00,0.000,0.000,0.135,0.119,0.167,4.38,4.71
strong,correction_off,5.95,0.00,0.00,0.000,0.000,0.136,0.119,0.167,4.40,4.70
strong,correction_off,6.00,0.00,0.00,0.000,0.000,0.137,0.118,0.167,4.42,4.69
strong,correction_off,6.05,0.00,0.00,0.000,0.000,0.137,0.118,0.167,4.43,4.68
strong,correction_off,6.10,0.00,0.00,0.000,0.000,0.137,0.118,0.167,4.44,4.67
strong,correction_off,6.15,0.00,0.00,0.000,0.000,0.138,0.118,0.167,4.45,4.66
strong,correction_off,6.20,0.00,0.00,0.000,0.000,0.138,0.118,0.167,4.45,4.66
strong,correction_off,6.25,0.00,0.00,0.000,0.000,0.138,0.117,0.167,4.45,4.65
strong,correction_off,6.30,0.00,0.00,0.000,0.000,0.138,0.117,0.166,4.44,4.65
strong,correction_off,6.35,0.00,0.00,0.000,0.000,0.137,0.117,0.166,4.44,4.65
strong,correction_off,6.40,0.00,0.00,0.000,0.000,0.137,0.116,0.165,4.43,4.65
strong,correction_off,6.45,0.00,0.00,0.000,0.000,0.137,0.115,0.164,4.43,4.64
strong,correction_off,6.50,0.00,0.00,0.000,0.000,0.137,0.114,0.163,4.42,4.64
strong,correction_off,6.55,0.00,0.00,0.000,0.000,0.137,0.112,0.161,4.41,4.64
strong,correction_off,6.60,0.00,0.00,0.000,0.000,0.136,0.110,0.160,4.41,4.63
strong,correction_off,6.65,0.00,0.00,0.000,0.000,0.136,0.107,0.157,4.40,4.62
strong,correction_off,6.70,0.00,0.00,0.000,0.000,0.136,0.105,0.155,4.39,4.60
strong,correction_off,6.75,0.00,0.00,0.000,0.000,0.136,0.101,0.152,4.39,4.57
strong,correction_off,6.80,0.00,0.00,0.000,0.000,0.136,0.100,0.150,4.38,4.55
strong,correction_off,6.85,0.00,0.00,0.000,0.000,0.136,0.096,0.147,4.38,4.52
strong,correction_off,6.90,0.00,0.00,0.000,0.000,0.136,0.094,0.145,4.38,4.49
strong,correction_off,6.95,0.00,0.00,0.000,0.000,0.136,0.090,0.142,4.38,4.46
strong,correction_off,7.00,0.00,0.00,0.000,0.000,0.136,0.089,0.141,4.38,4.43
strong,correction_off,7.05,0.00,0.00,0.000,0.000,0.136,0.086,0.138,4.38,4.40
strong,correction_off,7.10,0.00,0.00,0.000,0.000,0.136,0.085,0.137,4.38,4.38
strong,correction_off,7.15,0.00,0.00,0.000,0.000,0.136,0.082,0.135,4.39,4.36
strong,correction_off,7.20,0.00,0.00,0.000,0.000,0.137,0.080,0.134,4.39,4.35
strong,correction_off,7.25,0.00,0.00,0.000,0.000,0.137,0.077,0.131,4.39,4.33
strong,correction_off,7.30,0.00,0.00,0.000,0.000,0.137,0.075,0.130,4.40,4.32
strong,correction_off,7.35,0.00,0.00,0.000,0.000,0.137,0.072,0.127,4.40,4.31
strong,correction_off,7.40,0.00,0.00,0.000,0.000,0.137,0.070,0.125,4.41,4.30
strong,correction_off,7.45,0.00,0.00,0.000,0.000,0.137,0.066,0.122,4.42,4.29
strong,correction_off,7.50,0.00,0.00,0.000,0.000,0.137,0.065,0.121,4.42,4.28
strong,correction_off,7.55,0.00,0.00,0.000,0.000,0.136,0.061,0.118,4.42,4.26
strong,correction_off,7.60,0.00,0.00,0.000,0.000,0.136,0.059,0.116,4.43,4.25
strong,correction_off,7.65,0.00,0.00,0.000,0.000,0.135,0.055,0.112,4.43,4.24
strong,correction_off,7.70,0.00,0.00,0.000,0.000,0.134,0.053,0.110,4.42,4.22
strong,correction_off,7.75,0.00,0.00,0.000,0.000,0.132,0.048,0.105,4.42,4.21
strong,correction_off,7.80,0.00,0.00,0.000,0.000,0.131,0.046,0.103,4.41,4.20
strong,correction_off,7.85,0.00,0.00,0.000,0.000,0.129,0.041,0.098,4.40,4.18
strong,correction_off,7.90,0.00,0.00,0.000,0.000,0.127,0.039,0.095,4.38,4.16
strong,correction_off,7.95,0.00,0.00,0.000,0.000,0.125,0.034,0.089,4.37,4.14
strong,correction_off,8.00,0.00,0.00,0.000,0.000,0.123,0.031,0.087,4.34,4.12
strong,correction_off,8.05,0.00,0.00,0.000,0.000,0.121,0.026,0.081,4.32,4.10
strong,correction_off,8.10,0.00,0.00,0.000,0.000,0.119,0.024,0.079,4.30,4.07
strong,correction_off,8.15,0.00,0.00,0.000,0.000,0.117,0.019,0.074,4.28,4.05
strong,correction_off,8.20,0.00,0.00,0.000,0.000,0.115,0.018,0.071,4.26,4.03
strong,correction_off,8.25,0.00,0.00,0.000,0.000,0.113,0.014,0.067,4.24,4.01
strong,correction_off,8.30,0.00,0.00,0.000,0.000,0.111,0.013,0.065,4.22,4.00
strong,correction_off,8.35,0.00,0.00,0.000,0.000,0.108,0.010,0.061,4.21,3.99
strong,correction_off,8.40,0.00,0.00,0.000,0.000,0.107,0.009,0.060,4.19,3.99
strong,correction_off,8.45,0.00,0.00,0.000,0.000,0.104,0.008,0.057,4.18,3.99
strong,correction_off,8.50,0.00,0.00,0.000,0.000,0.103,0.007,0.055,4.17,3.99
strong,correction_off,8.55,0.00,0.00,0.000,0.000,0.100,0.007,0.053,4.16,4.00
strong,correction_off,8.60,0.00,0.00,0.000,0.000,0.099,0.007,0.052,4.15,4.02
strong,correction_off,8.65,0.00,0.00,0.000,0.000,0.097,0.007,0.051,4.15,4.03
strong,correction_off,8.70,0.00,0.00,0.000,0.000,0.096,0.007,0.051,4.14,4.06
strong,correction_off,8.75,0.00,0.00,0.000,0.000,0.094,0.008,0.050,4.14,4.08
strong,correction_off,8.80,0.00,0.00,0.000,0.000,0.093,0.009,0.050,4.15,4.11
strong,correction_off,8.85,0.00,0.00,0.000,0.000,0.091,0.009,0.050,4.15,4.14
strong,correction_off,8.90,0.00,0.00,0.000,0.000,0.091,0.010,0.050,4.16,4.17
strong,correction_off,8.95,0.00,0.00,0.000,0.000,0.089,0.011,0.050,4.16,4.20
strong,correction_off,9.00,0.00,0.00,0.000,0.000,0.088,0.012,0.050,4.16,4.23
strong,correction_off,9.05,0.00,0.00,0.000,0.000,0.086,0.013,0.050,4.17,4.25
strong,correction_off,9.10,0.00,0.00,0.000,0.000,0.086,0.013,0.050,4.18,4.28
strong,correction_off,9.15,0.00,0.00,0.000,0.000,0.085,0.015,0.051,4.18,4.30
strong,correction_off,9.20,0.00,0.00,0.000,0.000,0.084,0.015,0.052,4.19,4.32
strong,correction_off,9.25,0.00,0.00,0.000,0.000,0.084,0.016,0.052,4.19,4.34
strong,correction_off,9.30,0.00,0.00,0.000,0.000,0.083,0.017,0.052,4.20,4.36
strong,correction_off,9.35,0.00,0.00,0.000,0.000,0.083,0.016,0.052,4.21,4.38
strong,correction_off,9.40,0.00,0.00,0.000,0.000,0.082,0.016,0.052,4.22,4.39
strong,correction_off,9.45,0.00,0.00,0.000,0.000,0.081,0.015,0.050,4.23,4.39
strong,correction_off,9.50,0.00,0.00,0.000,0.000,0.081,0.015,0.050,4.24,4.39
strong,correction_off,9.55,0.00,0.00,0.000,0.000,0.080,0.013,0.048,4.24,4.39
strong,correction_off,9.60,0.00,0.00,0.000,0.000,0.080,0.012,0.047,4.25,4.37
strong,correction_off,9.65,0.00,0.00,0.000,0.000,0.079,0.010,0.045,4.25,4.36
strong,correction_off,9.70,0.00,0.00,0.000,0.000,0.079,0.009,0.044,4.25,4.34
strong,correction_off,9.75,0.00,0.00,0.000,0.000,0.080,0.006,0.041,4.25,4.31
strong,correction_off,9.80,0.00,0.00,0.000,0.000,0.080,0.005,0.040,4.26,4.29
strong,correction_off,9.85,0.00,0.00,0.000,0.000,0.080,0.002,0.037,4.26,4.26
strong,correction_off,9.90,0.00,0.00,0.000,0.000,0.080,0.000,0.036,4.27,4.23
strong,correction_off,9.95,0.00,0.00,0.000,0.000,0.082,-0.003,0.034,4.28,4.20
strong,correction_off,10.00,0.00,0.00,0.000,0.000,0.082,-0.005,0.033,4.28,4.16
strong,correction_off,10.05,0.00,0.00,0.000,0.000,0.084,-0.008,0.031,4.30,4.13
strong,correction_off,10.10,0.00,0.00,0.000,0.000,0.084,-0.009,0.031,4.31,4.10
strong,correction_off,10.15,0.00,0.00,0.000,0.000,0.086,-0.012,0.030,4.33,4.07
strong,correction_off,10.20,0.00,0.00,0.000,0.000,0.086,-0.012,0.029,4.35,4.04
strong,correction_off,10.25,0.00,0.00,0.000,0.000,0.086,-0.014,0.029,4.36,4.02
strong,correction_off,10.30,0.00,0.00,0.000,0.000,0.087,-0.014,0.029,4.38,4.00
strong,correction_off,10.35,0.00,0.00,0.000,0.000,0.087,-0.015,0.029,4.39,3.99
strong,correction_off,10.40,0.00,0.00,0.000,0.000,0.088,-0.015,0.029,4.40,3.99
strong,correction_off,10.45,0.00,0.00,0.000,0.000,0.088,-0.015,0.029,4.40,3.99
strong,correction_off,10.50,0.00,0.00,0.000,0.000,0.088,-0.015,0.029,4.41,4.00
strong,correction_off,10.55,0.00,0.00,0.000,0.000,0.087,-0.015,0.029,4.41,4.01
strong,correction_off,10.60,0.00,0.00,0.000,0.000,0.087,-0.015,0.029,4.41,4.02
strong,correction_off,10.65,0.00,0.00,0.000,0.000,0.087,-0.015,0.028,4.41,4.03
strong,correction_off,10.70,0.00,0.00,0.000,0.000,0.086,-0.015,0.028,4.41,4.05
strong,correction_off,10.75,0.00,0.00,0.000,0.000,0.085,-0.014,0.028,4.40,4.06
strong,correction_off,10.80,0.00,0.00,0.000,0.000,0.085,-0.014,0.028,4.39,4.08
strong,correction_off,10.85,0.00,0.00,0.000,0.000,0.084,-0.013,0.028,4.39,4.09
strong,correction_off,10.90,0.00,0.00,0.000,0.000,0.083,-0.012,0.028,4.37,4.11
strong,correction_off,10.95,0.00,0.00,0.000,0.000,0.083,-0.011,0.028,4.37,4.12
strong,correction_off,11.00,0.00,0.00,0.000,0.000,0.083,-0.010,0.029,4.36,4.14
strong,correction_off,11.05,0.00,0.00,0.000,0.000,0.082,-0.008,0.030,4.35,4.15
strong,correction_off,11.10,0.00,0.00,0.000,0.000,0.082,-0.007,0.031,4.34,4.17
strong,correction_off,11.15,0.00,0.00,0.000,0.000,0.082,-0.004,0.033,4.34,4.18
strong,correction_off,11.20,0.00,0.00,0.000,0.000,0.081,-0.003,0.034,4.34,4.21
strong,correction_off,11.25,0.00,0.00,0.000,0.000,0.081,-0.001,0.036,4.35,4.23
strong,correction_off,11.30,0.00,0.00,0.000,0.000,0.081,0.000,0.036,4.35,4.25
strong,correction_off,11.35,0.00,0.00,0.000,0.000,0.080,0.003,0.038,4.36,4.27
strong,correction_off,11.40,0.00,0.00,0.000,0.000,0.080,0.004,0.039,4.37,4.29
strong,correction_off,11.45,0.00,0.00,0.000,0.000,0.079,0.006,0.041,4.37,4.30
strong,correction_off,11.50,0.00,0.00,0.000,0.000,0.079,0.007,0.042,4.38,4.32
strong,correction_off,11.55,0.00,0.00,0.000,0.000,0.079,0.009,0.044,4.38,4.33
strong,correction_off,11.60,0.00,0.00,0.000,0.000,0.079,0.010,0.045,4.38,4.35
strong,correction_off,11.65,0.00,0.00,0.000,0.000,0.079,0.012,0.046,4.39,4.36
strong,correction_off,11.70,0.00,0.00,0.000,0.000,0.079,0.013,0.047,4.39,4.37
strong,correction_off,11.75,0.00,0.00,0.000,0.000,0.079,0.015,0.050,4.40,4.38
strong,correction_off,11.80,0.00,0.00,0.000,0.000,0.080,0.016,0.051,4.41,4.39
strong,correction_off,11.85,0.00,0.00,0.000,0.000,0.080,0.018,0.053,4.42,4.39
strong,correction_off,11.90,0.00,0.00,0.000,0.000,0.080,0.019,0.054,4.43,4.40
strong,correction_off,11.95,0.00,0.00,0.000,0.000,0.081,0.021,0.056,4.43,4.41
strong,correction_off,12.00,0.00,0.00,0.000,0.000,0.082,0.021,0.056,4.44,4.42
strong,correction_off,12.05,0.00,0.00,0.000,0.000,0.083,0.023,0.058,4.45,4.42
strong,correction_off,12.10,0.00,0.00,0.000,0.000,0.084,0.023,0.059,4.47,4.42
strong,correction_off,12.15,0.00,0.00,0.000,0.000,0.086,0.024,0.060,4.48,4.42
strong,correction_off,12.20,0.00,0.00,0.000,0.000,0.087,0.025,0.061,4.50,4.42
strong,correction_off,12.25,0.00,0.00,0.000,0.000,0.089,0.025,0.063,4.52,4.42
strong,correction_off,12.30,0.00,0.00,0.000,0.000,0.090,0.026,0.063,4.54,4.41
strong,correction_off,12.35,0.00,0.00,0.000,0.000,0.092,0.026,0.065,4.56,4.40
strong,correction_off,12.40,0.00,0.00,0.000,0.000,0.094,0.027,0.066,4.58,4.40
strong,correction_off,12.45,0.00,0.00,0.000,0.000,0.096,0.028,0.068,4.60,4.39
strong,correction_off,12.50,0.00,0.00,0.000,0.000,0.097,0.028,0.069,4.62,4.38
strong,correction_off,12.55,0.00,0.00,0.000,0.000,0.100,0.029,0.071,4.64,4.38
strong,correction_off,12.60,0.00,0.00,0.000,0.000,0.101,0.029,0.071,4.66,4.37
strong,correction_off,12.65,0.00,0.00,0.000,0.000,0.103,0.029,0.073,4.68,4.37
strong,correction_off,12.70,0.00,0.00,0.000,0.000,0.103,0.029,0.073,4.70,4.36
strong,correction_off,12.75,0.00,0.00,0.000,0.000,0.104,0.029,0.073,4.71,4.36
strong,correction_off,12.80,0.00,0.00,0.000,0.000,0.105,0.029,0.073,4.73,4.35
strong,correction_off,12.85,0.00,0.00,0.000,0.000,0.105,0.028,0.073,4.73,4.35
strong,correction_off,12.90,0.00,0.00,0.000,0.000,0.105,0.028,0.072,4.73,4.34
strong,correction_off,12.95,0.00,0.00,0.000,0.000,0.104,0.026,0.071,4.73,4.33
strong,correction_off,13.00,0.00,0.00,0.000,0.000,0.103,0.025,0.070,4.72,4.31
strong,correction_off,13.05,0.00,0.00,0.000,0.000,0.102,0.023,0.067,4.70,4.29
strong,correction_off,13.10,0.00,0.00,0.000,0.000,0.101,0.022,0.066,4.68,4.27
strong,correction_off,13.15,0.00,0.00,0.000,0.000,0.099,0.019,0.062,4.66,4.25
strong,correction_off,13.20,0.00,0.00,0.000,0.000,0.098,0.017,0.060,4.63,4.23
strong,correction_off,13.25,0.00,0.00,0.000,0.000,0.097,0.014,0.057,4.60,4.20
strong,correction_off,13.30,0.00,0.00,0.000,0.000,0.096,0.013,0.055,4.56,4.17
strong,correction_off,13.35,0.00,0.00,0.000,0.000,0.095,0.009,0.052,4.54,4.14
strong,correction_off,13.40,0.00,0.00,0.000,0.000,0.095,0.008,0.051,4.51,4.12
strong,correction_off,13.45,0.00,0.00,0.000,0.000,0.095,0.005,0.048,4.49,4.09
strong,correction_off,13.50,0.00,0.00,0.000,0.000,0.095,0.003,0.047,4.48,4.06
strong,correction_off,13.55,0.00,0.00,0.000,0.000,0.095,-0.001,0.044,4.47,4.04
strong,correction_off,13.60,0.00,0.00,0.000,0.000,0.096,-0.003,0.043,4.46,4.01
strong,correction_off,13.65,0.00,0.00,0.000,0.000,0.097,-0.006,0.042,4.47,3.98
strong,correction_off,13.70,0.00,0.00,0.000,0.000,0.097,-0.007,0.041,4.48,3.96
strong,correction_off,13.75,0.00,0.00,0.000,0.000,0.099,-0.010,0.041,4.49,3.94
strong,correction_off,13.80,0.00,0.00,0.000,0.000,0.099,-0.011,0.041,4.51,3.91
strong,correction_off,13.85,0.00,0.00,0.000,0.000,0.101,-0.013,0.041,4.53,3.90
strong,correction_off,13.90,0.00,0.00,0.000,0.000,0.101,-0.014,0.041,4.55,3.89
strong,correction_off,13.95,0.00,0.00,0.000,0.000,0.103,-0.016,0.042,4.57,3.88
strong,correction_off,14.00,0.00,0.00,0.000,0.000,0.104,-0.017,0.042,4.60,3.87
strong,correction_off,14.05,0.00,0.00,0.000,0.000,0.105,-0.018,0.043,4.62,3.87
strong,correction_off,14.10,0.00,0.00,0.000,0.000,0.106,-0.019,0.044,4.64,3.87
strong,correction_off,14.15,0.00,0.00,0.000,0.000,0.108,-0.020,0.045,4.65,3.88
strong,correction_off,14.20,0.00,0.00,0.000,0.000,0.108,-0.021,0.046,4.67,3.88
strong,correction_off,14.25,0.00,0.00,0.000,0.000,0.110,-0.022,0.047,4.69,3.88
strong,correction_off,14.30,0.00,0.00,0.000,0.000,0.110,-0.022,0.047,4.71,3.89
strong,correction_off,14.35,0.00,0.00,0.000,0.000,0.111,-0.024,0.048,4.72,3.89
strong,correction_off,14.40,0.00,0.00,0.000,0.000,0.112,-0.024,0.048,4.73,3.90
strong,correction_off,14.45,0.00,0.00,0.000,0.000,0.112,-0.025,0.048,4.74,3.90
strong,correction_off,14.50,0.00,0.00,0.000,0.000,0.112,-0.026,0.048,4.75,3.91
strong,correction_off,14.55,0.00,0.00,0.000,0.000,0.110,-0.027,0.047,4.75,3.91
strong,correction_off,14.60,0.00,0.00,0.000,0.000,0.110,-0.027,0.046,4.75,3.91
strong,correction_off,14.65,0.00,0.00,0.000,0.000,0.107,-0.028,0.044,4.74,3.91
strong,correction_off,14.70,0.00,0.00,0.000,0.000,0.106,-0.028,0.042,4.72,3.92
strong,correction_off,14.75,0.00,0.00,0.000,0.000,0.103,-0.028,0.039,4.71,3.92
strong,correction_off,14.80,0.00,0.00,0.000,0.000,0.101,-0.028,0.038,4.68,3.93
strong,correction_off,14.85,0.00,0.00,0.000,0.000,0.098,-0.028,0.035,4.65,3.93
strong,correction_off,14.90,0.00,0.00,0.000,0.000,0.097,-0.028,0.033,4.62,3.95
strong,correction_off,14.95,0.00,0.00,0.000,0.000,0.094,-0.029,0.030,4.59,3.96
strong,correction_on,0.00,0.00,0.00,0.000,0.000,0.236,0.315,0.439,4.39,5.52
strong,correction_on,0.05,0.00,0.00,0.000,0.000,0.245,0.319,0.447,4.49,5.51
strong,correction_on,0.10,0.00,0.00,0.000,0.000,0.249,0.320,0.451,4.55,5.49
strong,correction_on,0.15,0.00,0.00,0.000,0.000,0.259,0.322,0.457,4.64,5.45
strong,correction_on,0.20,0.00,0.00,0.000,0.000,0.263,0.323,0.459,4.68,5.42
strong,correction_on,0.25,0.00,0.00,0.000,0.000,0.271,0.322,0.463,4.76,5.36
strong,correction_on,0.30,0.00,0.00,0.000,0.000,0.275,0.321,0.464,4.81,5.30
strong,correction_on,0.35,0.00,0.00,0.000,0.000,0.284,0.318,0.466,4.86,5.23
strong,correction_on,0.40,0.00,0.00,0.000,0.000,0.287,0.317,0.467,4.91,5.16
strong,correction_on,0.45,0.00,0.00,0.000,0.000,0.294,0.312,0.467,4.95,5.08
strong,correction_on,0.50,0.00,0.00,0.000,0.000,0.298,0.310,0.467,4.98,5.00
strong,correction_on,0.55,0.00,0.00,0.000,0.000,0.306,0.303,0.466,5.02,4.92
strong,correction_on,0.60,0.00,0.00,0.000,0.000,0.309,0.299,0.465,5.05,4.83
strong,correction_on,0.65,0.00,0.00,0.000,0.000,0.315,0.291,0.462,5.07,4.75
strong,correction_on,0.70,0.00,0.00,0.000,0.000,0.318,0.287,0.461,5.09,4.68
strong,correction_on,0.75,0.00,0.00,0.000,0.000,0.324,0.278,0.457,5.12,4.57
strong,correction_on,0.80,0.00,0.00,0.000,0.000,0.326,0.273,0.455,5.13,4.50
strong,correction_on,0.85,0.00,0.00,0.000,0.000,0.330,0.264,0.451,5.15,4.40
strong,correction_on,0.90,0.00,0.00,0.000,0.000,0.332,0.259,0.449,5.16,4.31
strong,correction_on,0.95,3.97,4.47,-0.595,-0.670,0.336,0.249,0.444,5.16,4.23
strong,correction_on,1.00,3.96,4.46,-0.594,-0.670,0.337,0.244,0.441,5.17,4.17
strong,correction_on,1.05,3.96,4.46,-0.594,-0.670,0.339,0.235,0.436,5.33,4.33
strong,correction_on,1.10,3.96,4.47,-0.594,-0.670,0.340,0.230,0.433,5.82,4.81
strong,correction_on,1.15,3.97,4.47,-0.596,-0.671,0.342,0.218,0.426,6.40,5.30
strong,correction_on,1.20,4.00,4.49,-0.600,-0.674,0.342,0.212,0.422,6.86,5.64
strong,correction_on,1.25,4.04,4.52,-0.606,-0.678,0.341,0.200,0.413,7.42,6.01
strong,correction_on,1.30,4.11,4.56,-0.616,-0.684,0.340,0.193,0.408,7.73,6.18
strong,correction_on,1.35,4.20,4.61,-0.629,-0.692,0.336,0.176,0.394,7.88,6.23
strong,correction_on,1.40,4.29,4.67,-0.644,-0.700,0.334,0.167,0.386,7.91,6.20
strong,correction_on,1.45,4.40,4.72,-0.660,-0.708,0.327,0.147,0.369,7.84,6.08
strong,correction_on,1.50,4.51,4.77,-0.676,-0.716,0.323,0.137,0.359,7.73,5.96
strong,correction_on,1.55,4.60,4.81,-0.690,-0.722,0.312,0.111,0.336,7.52,5.73
strong,correction_on,1.60,4.69,4.86,-0.703,-0.728,0.306,0.099,0.324,7.35,5.55
strong,correction_on,1.65,4.77,4.89,-0.716,-0.734,0.294,0.073,0.301,7.09,5.27
strong,correction_on,1.70,4.86,4.92,-0.728,-0.739,0.287,0.059,0.288,6.86,5.01
strong,correction_on,1.75,4.93,4.95,-0.740,-0.742,0.271,0.026,0.260,6.64,4.76
strong,correction_on,1.80,5.00,4.97,-0.751,-0.745,0.263,0.012,0.247,6.44,4.53
strong,correction_on,1.85,5.08,4.98,-0.762,-0.746,0.247,-0.019,0.222,6.20,4.23
strong,correction_on,1.90,5.15,4.98,-0.773,-0.747,0.239,-0.035,0.211,5.98,3.95
strong,correction_on,1.95,5.22,4.98,-0.783,-0.747,0.220,-0.070,0.188,5.78,3.70
strong,correction_on,2.00,5.29,4.97,-0.793,-0.746,0.211,-0.086,0.180,5.62,3.49
strong,correction_on,2.05,5.34,4.95,-0.801,-0.743,0.194,-0.117,0.168,5.39,3.19
strong,correction_on,2.10,5.39,4.92,-0.809,-0.738,0.185,-0.133,0.164,5.25,2.99
strong,correction_on,2.15,5.44,4.89,-0.815,-0.733,0.166,-0.166,0.163,5.05,2.71
strong,correction_on,2.20,5.48,4.86,-0.821,-0.729,0.158,-0.181,0.165,4.93,2.53
strong,correction_on,2.25,5.51,4.83,-0.827,-0.725,0.141,-0.209,0.173,4.75,2.28
strong,correction_on,2.30,5.54,4.81,-0.832,-0.722,0.132,-0.222,0.179,4.65,2.13
strong,correction_on,2.35,5.57,4.81,-0.836,-0.721,0.114,-0.250,0.194,4.50,1.92
strong,correction_on,2.40,5.59,4.81,-0.839,-0.722,0.105,-0.262,0.201,4.38,1.77
strong,correction_on,2.45,5.61,4.83,-0.842,-0.724,0.089,-0.283,0.217,4.28,1.66
strong,correction_on,2.50,5.62,4.84,-0.843,-0.726,0.081,-0.293,0.224,4.21,1.58
strong,correction_on,2.55,5.63,4.87,-0.845,-0.730,0.063,-0.314,0.241,4.10,1.50
strong,correction_on,2.60,5.64,4.89,-0.846,-0.733,0.055,-0.322,0.248,4.02,1.46
strong,correction_on,2.65,5.64,4.91,-0.846,-0.736,0.040,-0.336,0.262,3.95,1.45
strong,correction_on,2.70,5.64,4.93,-0.846,-0.740,0.032,-0.343,0.268,3.88,1.47
strong,correction_on,2.75,5.62,4.95,-0.843,-0.743,0.014,-0.355,0.281,3.82,1.51
strong,correction_on,2.80,5.59,4.97,-0.839,-0.746,0.006,-0.360,0.287,3.77,1.56
strong,correction_on,2.85,5.56,4.99,-0.834,-0.748,-0.010,-0.368,0.297,3.70,1.65
strong,correction_on,2.90,5.53,5.01,-0.830,-0.751,-0.018,-0.371,0.301,3.65,1.72
strong,correction_on,2.95,5.51,5.03,-0.826,-0.754,-0.036,-0.377,0.310,3.57,1.84
strong,correction_on,3.00,5.49,5.05,-0.823,-0.757,-0.045,-0.379,0.314,3.50,1.95
strong,correction_on,3.05,5.46,5.06,-0.819,-0.759,-0.061,-0.381,0.320,3.43,2.06
strong,correction_on,3.10,5.44,5.07,-0.816,-0.761,-0.069,-0.381,0.323,3.36,2.18
strong,correction_on,3.15,5.42,5.09,-0.813,-0.763,-0.088,-0.381,0.329,3.29,2.30
strong,correction_on,3.20,5.41,5.10,-0.811,-0.765,-0.096,-0.380,0.331,3.22,2.44
strong,correction_on,3.25,5.40,5.12,-0.810,-0.768,-0.112,-0.377,0.336,3.15,2.56
strong,correction_on,3.30,5.41,5.14,-0.811,-0.771,-0.120,-0.376,0.338,3.08,2.70
strong,correction_on,3.35,5.43,5.18,-0.815,-0.776,-0.139,-0.371,0.342,3.03,2.82
strong,correction_on,3.40,5.46,5.21,-0.820,-0.782,-0.147,-0.368,0.344,2.97,2.96
strong,correction_on,3.45,5.51,5.26,-0.826,-0.789,-0.163,-0.362,0.348,2.93,3.09
strong,correction_on,3.50,5.55,5.30,-0.832,-0.795,-0.171,-0.359,0.350,2.89,3.22
strong,correction_on,3.55,5.59,5.36,-0.839,-0.804,-0.189,-0.351,0.354,2.86,3.35
strong,correction_on,3.60,5.64,5.43,-0.846,-0.814,-0.197,-0.347,0.356,2.84,3.48
strong,correction_on,3.65,5.68,5.50,-0.852,-0.825,-0.212,-0.339,0.359,2.82,3.60
strong,correction_on,3.70,5.72,5.58,-0.858,-0.837,-0.219,-0.334,0.361,2.82,3.74
strong,correction_on,3.75,5.76,5.66,-0.863,-0.849,-0.234,-0.323,0.365,2.82,3.86
strong,correction_on,3.80,5.79,5.75,-0.868,-0.862,-0.241,-0.318,0.366,2.82,3.97
strong,correction_on,3.85,5.82,5.83,-0.872,-0.875,-0.253,-0.308,0.369,2.83,4.13
strong,correction_on,3.90,5.84,5.91,-0.876,-0.886,-0.259,-0.303,0.370,2.84,4.24
strong,correction_on,3.95,5.86,5.98,-0.879,-0.897,-0.271,-0.292,0.373,2.86,4.39
strong,correction_on,4.00,5.88,6.05,-0.883,-0.908,-0.277,-0.287,0.375,2.87,4.50
strong,correction_on,4.05,5.90,6.11,-0.886,-0.917,-0.287,-0.278,0.379,2.90,4.64
strong,correction_on,4.10,5.92,6.16,-0.888,-0.925,-0.292,-0.274,0.380,2.91,4.73
strong,correction_on,4.15,5.93,6.20,-0.890,-0.931,-0.302,-0.264,0.384,2.94,4.84
strong,correction_on,4.20,5.94,6.23,-0.891,-0.935,-0.307,-0.260,0.386,2.95,4.91
strong,correction_on,4.25,5.94,6.25,-0.891,-0.938,-0.315,-0.252,0.390,2.97,4.99
strong,correction_on,4.30,5.93,6.26,-0.890,-0.939,-0.319,-0.248,0.391,2.98,5.04
strong,correction_on,4.35,5.92,6.26,-0.888,-0.939,-0.327,-0.239,0.394,2.99,5.08
strong,correction_on,4.40,5.90,6.25,-0.885,-0.937,-0.330,-0.235,0.396,2.99,5.11
strong,correction_on,4.45,5.87,6.23,-0.881,-0.935,-0.335,-0.227,0.398,3.00,5.12
strong,correction_on,4.50,5.84,6.21,-0.875,-0.931,-0.338,-0.223,0.399,3.00,5.13
strong,correction_on,4.55,5.80,6.18,-0.870,-0.927,-0.342,-0.215,0.400,3.01,5.12
strong,correction_on,4.60,5.75,6.15,-0.863,-0.923,-0.344,-0.211,0.400,3.01,5.11
strong,correction_on,4.65,5.71,6.12,-0.856,-0.918,-0.346,-0.204,0.400,3.01,5.09
strong,correction_on,4.70,5.66,6.08,-0.849,-0.912,-0.347,-0.200,0.399,3.01,5.06
strong,correction_on,4.75,5.61,6.03,-0.842,-0.905,-0.347,-0.192,0.397,3.01,5.03
strong,correction_on,4.80,5.57,5.99,-0.835,-0.899,-0.347,-0.189,0.396,3.02,5.01
strong,correction_on,4.85,5.53,5.95,-0.829,-0.893,-0.346,-0.183,0.393,3.03,4.97
strong,correction_on,4.90,5.48,5.91,-0.822,-0.887,-0.345,-0.180,0.392,3.05,4.93
strong,correction_on,4.95,5.45,5.87,-0.817,-0.881,-0.342,-0.173,0.387,3.07,4.89
strong,correction_on,5.00,5.41,5.83,-0.812,-0.875,-0.340,-0.170,0.384,3.09,4.86
strong,correction_on,5.05,5.38,5.80,-0.807,-0.870,-0.335,-0.164,0.378,3.14,4.81
strong,correction_on,5.10,5.36,5.77,-0.803,-0.865,-0.332,-0.161,0.374,3.17,4.78
strong,correction_on,5.15,5.34,5.74,-0.801,-0.861,-0.324,-0.154,0.365,3.23,4.73
strong,correction_on,5.20,5.34,5.72,-0.800,-0.857,-0.320,-0.151,0.360,3.29,4.70
strong,correction_on,5.25,5.34,5.70,-0.801,-0.855,-0.311,-0.144,0.350,3.36,4.67
strong,correction_on,5.30,5.35,5.69,-0.802,-0.853,-0.306,-0.141,0.344,3.43,4.65
strong,correction_on,5.35,5.37,5.68,-0.805,-0.852,-0.294,-0.133,0.331,3.54,4.63
strong,correction_on,5.40,5.39,5.67,-0.808,-0.851,-0.289,-0.129,0.325,3.65,4.62
strong,correction_on,5.45,5.42,5.68,-0.813,-0.851,-0.277,-0.121,0.313,3.76,4.62
strong,correction_on,5.50,5.45,5.68,-0.817,-0.852,-0.271,-0.117,0.306,3.88,4.63
strong,correction_on,5.55,5.48,5.69,-0.822,-0.853,-0.258,-0.107,0.292,4.00,4.65
strong,correction_on,5.60,5.51,5.70,-0.826,-0.855,-0.252,-0.103,0.285,4.10,4.66
strong,correction_on,5.65,5.54,5.72,-0.831,-0.858,-0.240,-0.094,0.273,4.26,4.70
strong,correction_on,5.70,5.57,5.74,-0.836,-0.861,-0.234,-0.089,0.266,4.36,4.72
strong,correction_on,5.75,5.60,5.76,-0.840,-0.865,-0.220,-0.079,0.252,4.50,4.77
strong,correction_on,5.80,5.63,5.79,-0.845,-0.869,-0.214,-0.075,0.246,4.60,4.81
strong,correction_on,5.85,5.67,5.82,-0.850,-0.873,-0.202,-0.066,0.234,4.74,4.87
strong,correction_on,5.90,5.70,5.84,-0.854,-0.876,-0.196,-0.062,0.228,4.84,4.92
strong,correction_on,5.95,5.73,5.85,-0.859,-0.878,-0.182,-0.054,0.215,4.93,4.96
strong,correction_on,6.00,5.75,5.87,-0.863,-0.880,-0.176,-0.051,0.209,5.01,5.00
strong,correction_on,6.05,5.78,5.87,-0.867,-0.881,-0.164,-0.044,0.198,5.10,5.04
strong,correction_on,6.10,5.81,5.88,-0.871,-0.882,-0.158,-0.041,0.193,5.16,5.07
strong,correction_on,6.15,5.82,5.87,-0.874,-0.881,-0.145,-0.034,0.181,5.25,5.09
strong,correction_on,6.20,5.83,5.86,-0.875,-0.880,-0.139,-0.031,0.176,5.31,5.11
strong,correction_on,6.25,5.83,5.85,-0.875,-0.877,-0.127,-0.027,0.166,5.36,5.12
strong,correction_on,6.30,5.82,5.82,-0.874,-0.873,-0.122,-0.025,0.161,5.40,5.12
strong,correction_on,6.35,5.81,5.79,-0.871,-0.869,-0.109,-0.022,0.151,5.45,5.10
strong,correction_on,6.40,5.79,5.76,-0.868,-0.864,-0.104,-0.021,0.146,5.47,5.08
strong,correction_on,6.45,5.76,5.73,-0.865,-0.859,-0.093,-0.020,0.136,5.49,5.04
strong,correction_on,6.50,5.74,5.69,-0.860,-0.854,-0.088,-0.021,0.132,5.50,4.99
strong,correction_on,6.55,5.70,5.65,-0.855,-0.848,-0.077,-0.022,0.121,5.50,4.94
strong,correction_on,6.60,5.66,5.61,-0.849,-0.841,-0.072,-0.023,0.116,5.49,4.87
strong,correction_on,6.65,5.61,5.56,-0.842,-0.834,-0.063,-0.025,0.107,5.48,4.79
strong,correction_on,6.70,5.57,5.51,-0.835,-0.826,-0.058,-0.027,0.102,5.45,4.70
strong,correction_on,6.75,5.51,5.45,-0.827,-0.818,-0.049,-0.032,0.091,5.42,4.61
strong,correction_on,6.80,5.46,5.39,-0.819,-0.808,-0.045,-0.034,0.087,5.39,4.52
strong,correction_on,6.85,5.41,5.33,-0.811,-0.799,-0.037,-0.039,0.078,5.35,4.42
strong,correction_on,6.90,5.36,5.27,-0.804,-0.790,-0.034,-0.042,0.073,5.31,4.31
strong,correction_on,6.95,5.31,5.21,-0.797,-0.781,-0.026,-0.049,0.063,5.26,4.21
strong,correction_on,7.00,5.27,5.16,-0.790,-0.773,-0.023,-0.052,0.059,5.23,4.13
strong,correction_on,7.05,5.23,5.11,-0.784,-0.766,-0.017,-0.058,0.051,5.17,4.00
strong,correction_on,7.10,5.18,5.06,-0.778,-0.759,-0.014,-0.062,0.048,5.12,3.89
strong,correction_on,7.15,5.15,5.02,-0.772,-0.753,-0.007,-0.070,0.039,5.07,3.80
strong,correction_on,7.20,5.11,4.98,-0.766,-0.748,-0.004,-0.073,0.036,5.03,3.71
strong,correction_on,7.25,5.08,4.95,-0.761,-0.743,0.001,-0.081,0.032,4.99,3.62
strong,correction_on,7.30,5.05,4.92,-0.757,-0.738,0.003,-0.084,0.030,4.95,3.54
strong,correction_on,7.35,5.02,4.89,-0.753,-0.734,0.009,-0.092,0.029,4.92,3.47
strong,correction_on,7.40,4.99,4.87,-0.749,-0.730,0.011,-0.095,0.029,4.89,3.40
strong,correction_on,7.45,4.97,4.85,-0.745,-0.727,0.016,-0.100,0.030,4.86,3.35
strong,correction_on,7.50,4.95,4.83,-0.742,-0.724,0.018,-0.103,0.032,4.84,3.30
strong,correction_on,7.55,4.94,4.81,-0.740,-0.722,0.024,-0.108,0.035,4.83,3.26
strong,correction_on,7.60,4.93,4.81,-0.739,-0.721,0.026,-0.110,0.037,4.81,3.24
strong,correction_on,7.65,4.93,4.80,-0.739,-0.720,0.031,-0.114,0.040,4.81,3.22
strong,correction_on,7.70,4.94,4.80,-0.740,-0.720,0.033,-0.116,0.042,4.81,3.21
strong,correction_on,7.75,4.95,4.80,-0.742,-0.719,0.038,-0.120,0.046,4.81,3.21
strong,correction_on,7.80,4.97,4.79,-0.745,-0.719,0.040,-0.122,0.048,4.82,3.22
strong,correction_on,7.85,4.99,4.79,-0.749,-0.718,0.043,-0.126,0.053,4.83,3.23
strong,correction_on,7.90,5.02,4.78,-0.753,-0.718,0.044,-0.128,0.055,4.85,3.24
strong,correction_on,7.95,5.04,4.78,-0.757,-0.717,0.047,-0.132,0.060,4.87,3.26
strong,correction_on,8.00,5.07,4.77,-0.761,-0.716,0.047,-0.134,0.062,4.89,3.27
strong,correction_on,8.05,5.10,4.77,-0.765,-0.715,0.049,-0.138,0.065,4.90,3.28
strong,correction_on,8.10,5.12,4.75,-0.769,-0.713,0.050,-0.139,0.067,4.92,3.29
strong,correction_on,8.15,5.15,4.73,-0.772,-0.710,0.051,-0.143,0.071,4.93,3.29
strong,correction_on,8.20,5.17,4.71,-0.775,-0.707,0.051,-0.144,0.073,4.94,3.30
strong,correction_on,8.25,5.18,4.69,-0.778,-0.704,0.052,-0.147,0.076,4.94,3.30
strong,correction_on,8.30,5.20,4.67,-0.780,-0.700,0.052,-0.149,0.077,4.94,3.30
strong,correction_on,8.35,5.21,4.65,-0.782,-0.698,0.052,-0.151,0.080,4.94,3.30
strong,correction_on,8.40,5.23,4.65,-0.784,-0.697,0.052,-0.152,0.081,4.93,3.30
strong,correction_on,8.45,5.24,4.65,-0.786,-0.697,0.052,-0.154,0.082,4.92,3.30
strong,correction_on,8.50,5.25,4.66,-0.788,-0.699,0.051,-0.155,0.083,4.91,3.30
strong,correction_on,8.55,5.26,4.68,-0.790,-0.702,0.050,-0.157,0.084,4.89,3.30
strong,correction_on,8.60,5.27,4.70,-0.791,-0.705,0.049,-0.157,0.085,4.88,3.30
strong,correction_on,8.65,5.28,4.72,-0.793,-0.707,0.047,-0.158,0.085,4.86,3.32
strong,correction_on,8.70,5.29,4.73,-0.794,-0.709,0.046,-0.159,0.086,4.84,3.33
strong,correction_on,8.75,5.30,4.74,-0.795,-0.711,0.044,-0.160,0.086,4.81,3.36
strong,correction_on,8.80,5.31,4.75,-0.796,-0.713,0.043,-0.160,0.086,4.79,3.38
strong,correction_on,8.85,5.31,4.76,-0.797,-0.714,0.041,-0.161,0.087,4.76,3.42
strong,correction_on,8.90,5.31,4.76,-0.797,-0.715,0.040,-0.161,0.087,4.74,3.44
strong,correction_on,8.95,5.32,4.77,-0.798,-0.715,0.037,-0.161,0.087,4.71,3.47
strong,correction_on,9.00,5.32,4.77,-0.799,-0.716,0.035,-0.161,0.087,4.69,3.49
strong,correction_on,9.05,5.33,4.78,-0.799,-0.717,0.032,-0.161,0.087,4.66,3.51
strong,correction_on,9.10,5.33,4.78,-0.800,-0.717,0.031,-0.161,0.087,4.64,3.53
strong,correction_on,9.15,5.34,4.79,-0.801,-0.718,0.027,-0.161,0.087,4.61,3.55
strong,correction_on,9.20,5.34,4.79,-0.801,-0.719,0.026,-0.161,0.087,4.58,3.57
strong,correction_on,9.25,5.35,4.80,-0.802,-0.720,0.022,-0.160,0.086,4.56,3.59
strong,correction_on,9.30,5.35,4.80,-0.803,-0.720,0.021,-0.160,0.086,4.53,3.60
strong,correction_on,9.35,5.36,4.81,-0.803,-0.721,0.017,-0.159,0.086,4.51,3.62
strong,correction_on,9.40,5.36,4.81,-0.804,-0.722,0.016,-0.158,0.086,4.50,3.63
strong,correction_on,9.45,5.36,4.82,-0.804,-0.723,0.012,-0.157,0.085,4.47,3.65
strong,correction_on,9.50,5.36,4.83,-0.804,-0.724,0.010,-0.157,0.085,4.46,3.66
strong,correction_on,9.55,5.36,4.83,-0.804,-0.725,0.007,-0.156,0.085,4.43,3.68
strong,correction_on,9.60,5.36,4.84,-0.804,-0.726,0.005,-0.155,0.085,4.42,3.69
strong,correction_on,9.65,5.36,4.84,-0.804,-0.727,0.001,-0.154,0.085,4.40,3.71
strong,correction_on,9.70,5.35,4.85,-0.803,-0.727,-0.001,-0.153,0.085,4.38,3.72
strong,correction_on,9.75,5.35,4.86,-0.802,-0.728,-0.005,-0.150,0.085,4.36,3.73
strong,correction_on,9.80,5.34,4.86,-0.802,-0.729,-0.007,-0.149,0.085,4.35,3.74
strong,correction_on,9.85,5.34,4.87,-0.801,-0.730,-0.011,-0.147,0.085,4.32,3.76
strong,correction_on,9.90,5.33,4.87,-0.799,-0.731,-0.014,-0.146,0.085,4.31,3.78
strong,correction_on,9.95,5.32,4.88,-0.798,-0.732,-0.018,-0.143,0.085,4.28,3.80
strong,correction_on,10.00,5.31,4.89,-0.797,-0.733,-0.021,-0.142,0.086,4.26,3.82
strong,correction_on,10.05,5.30,4.90,-0.795,-0.734,-0.025,-0.140,0.087,4.23,3.84
strong,correction_on,10.10,5.29,4.90,-0.794,-0.735,-0.028,-0.139,0.088,4.21,3.85
strong,correction_on,10.15,5.28,4.91,-0.793,-0.736,-0.033,-0.137,0.090,4.18,3.88
strong,correction_on,10.20,5.27,4.91,-0.791,-0.737,-0.035,-0.136,0.091,4.16,3.89
strong,correction_on,10.25,5.27,4.92,-0.790,-0.738,-0.040,-0.134,0.093,4.13,3.91
strong,correction_on,10.30,5.26,4.92,-0.788,-0.738,-0.041,-0.134,0.094,4.11,3.92
strong,correction_on,10.35,5.25,4.92,-0.788,-0.739,-0.045,-0.132,0.096,4.08,3.93
strong,correction_on,10.40,5.25,4.93,-0.787,-0.739,-0.046,-0.131,0.096,4.06,3.94
strong,correction_on,10.45,5.25,4.92,-0.787,-0.739,-0.048,-0.130,0.097,4.05,3.94
strong,correction_on,10.50,5.25,4.92,-0.788,-0.739,-0.048,-0.129,0.097,4.04,3.94
strong,correction_on,10.55,5.26,4.92,-0.789,-0.738,-0.049,-0.127,0.097,4.05,3.94
strong,correction_on,10.60,5.27,4.92,-0.791,-0.738,-0.050,-0.126,0.097,4.05,3.94
strong,correction_on,10.65,5.29,4.91,-0.793,-0.737,-0.050,-0.125,0.096,4.07,3.94
strong,correction_on,10.70,5.30,4.91,-0.795,-0.737,-0.050,-0.124,0.096,4.10,3.93
strong,correction_on,10.75,5.31,4.91,-0.797,-0.736,-0.049,-0.121,0.094,4.13,3.93
strong,correction_on,10.80,5.32,4.91,-0.799,-0.736,-0.049,-0.120,0.093,4.16,3.92
strong,correction_on,10.85,5.34,4.91,-0.800,-0.736,-0.048,-0.118,0.091,4.20,3.92
strong,correction_on,10.90,5.34,4.91,-0.802,-0.736,-0.047,-0.116,0.090,4.24,3.92
strong,correction_on,10.95,5.35,4.91,-0.803,-0.736,-0.046,-0.113,0.087,4.28,3.92
strong,correction_on,11.00,5.36,4.91,-0.804,-0.736,-0.045,-0.112,0.086,4.31,3.93
strong,correction_on,11.05,5.36,4.91,-0.805,-0.737,-0.043,-0.108,0.083,4.36,3.93
strong,correction_on,11.10,5.37,4.92,-0.805,-0.738,-0.042,-0.107,0.081,4.39,3.94
strong,correction_on,11.15,5.37,4.93,-0.806,-0.739,-0.040,-0.102,0.077,4.43,3.95
strong,correction_on,11.20,5.38,4.93,-0.807,-0.740,-0.039,-0.100,0.075,4.46,3.97
strong,correction_on,11.25,5.38,4.94,-0.807,-0.741,-0.036,-0.096,0.071,4.49,3.98
strong,correction_on,11.30,5.38,4.95,-0.808,-0.742,-0.035,-0.094,0.070,4.52,4.00
strong,correction_on,11.35,5.39,4.96,-0.808,-0.744,-0.032,-0.088,0.066,4.55,4.03
strong,correction_on,11.40,5.39,4.97,-0.809,-0.745,-0.032,-0.086,0.065,4.57,4.05
strong,correction_on,11.45,5.39,4.98,-0.809,-0.747,-0.030,-0.081,0.062,4.60,4.08
strong,correction_on,11.50,5.40,4.99,-0.809,-0.748,-0.029,-0.078,0.062,4.62,4.10
strong,correction_on,11.55,5.40,5.00,-0.809,-0.750,-0.028,-0.072,0.060,4.64,4.14
strong,correction_on,11.60,5.39,5.01,-0.809,-0.751,-0.027,-0.069,0.060,4.65,4.17
strong,correction_on,11.65,5.39,5.02,-0.809,-0.753,-0.026,-0.064,0.059,4.66,4.21
strong,correction_on,11.70,5.39,5.03,-0.808,-0.754,-0.026,-0.061,0.059,4.66,4.24
strong,correction_on,11.75,5.39,5.04,-0.808,-0.756,-0.024,-0.055,0.060,4.67,4.28
strong,correction_on,11.80,5.38,5.04,-0.807,-0.757,-0.024,-0.053,0.060,4.67,4.30
strong,correction_on,11.85,5.37,5.05,-0.806,-0.757,-0.022,-0.048,0.060,4.67,4.34
strong,correction_on,11.90,5.37,5.05,-0.805,-0.758,-0.021,-0.045,0.061,4.66,4.37
strong,correction_on,11.95,5.36,5.06,-0.804,-0.758,-0.019,-0.040,0.062,4.67,4.39
strong,correction_on,12.00,5.35,5.06,-0.803,-0.759,-0.018,-0.037,0.062,4.67,4.41
strong,correction_on,12.05,5.35,5.06,-0.802,-0.759,-0.016,-0.033,0.063,4.67,4.43
strong,correction_on,12.10,5.34,5.05,-0.801,-0.758,-0.015,-0.031,0.063,4.67,4.44
strong,correction_on,12.15,5.33,5.05,-0.800,-0.757,-0.012,-0.028,0.064,4.68,4.45
strong,correction_on,12.20,5.33,5.04,-0.799,-0.756,-0.011,-0.027,0.064,4.68,4.46
strong,correction_on,12.25,5.32,5.03,-0.798,-0.755,-0.008,-0.025,0.063,4.69,4.45
strong,correction_on,12.30,5.31,5.02,-0.796,-0.753,-0.006,-0.024,0.063,4.70,4.44
strong,correction_on,12.35,5.30,5.01,-0.795,-0.751,-0.001,-0.023,0.061,4.71,4.42
strong,correction_on,12.40,5.29,4.99,-0.794,-0.748,0.001,-0.023,0.060,4.73,4.40
strong,correction_on,12.45,5.29,4.97,-0.793,-0.746,0.006,-0.022,0.058,4.75,4.37
strong,correction_on,12.50,5.28,4.95,-0.793,-0.743,0.008,-0.023,0.057,4.77,4.33
strong,correction_on,12.55,5.28,4.94,-0.792,-0.740,0.014,-0.024,0.054,4.80,4.29
strong,correction_on,12.60,5.28,4.92,-0.792,-0.738,0.017,-0.024,0.052,4.82,4.25
strong,correction_on,12.65,5.28,4.90,-0.792,-0.735,0.022,-0.026,0.050,4.86,4.19
strong,correction_on,12.70,5.27,4.88,-0.791,-0.732,0.025,-0.027,0.048,4.88,4.15
strong,correction_on,12.75,5.27,4.86,-0.790,-0.729,0.031,-0.029,0.046,4.92,4.09
strong,correction_on,12.80,5.26,4.84,-0.789,-0.727,0.033,-0.030,0.045,4.94,4.04
strong,correction_on,12.85,5.25,4.83,-0.788,-0.724,0.038,-0.032,0.043,4.98,3.98
strong,correction_on,12.90,5.25,4.81,-0.787,-0.722,0.041,-0.033,0.043,5.00,3.94
strong,correction_on,12.95,5.23,4.80,-0.785,-0.720,0.046,-0.035,0.042,5.03,3.88
strong,correction_on,13.00,5.22,4.79,-0.783,-0.718,0.049,-0.036,0.042,5.05,3.84
strong,correction_on,13.05,5.21,4.78,-0.781,-0.717,0.053,-0.038,0.042,5.07,3.80
strong,correction_on,13.10,5.20,4.77,-0.779,-0.715,0.055,-0.039,0.043,5.08,3.77
strong,correction_on,13.15,5.18,4.76,-0.778,-0.715,0.059,-0.040,0.044,5.10,3.74
strong,correction_on,13.20,5.17,4.76,-0.776,-0.714,0.061,-0.040,0.044,5.10,3.72
strong,correction_on,13.25,5.16,4.76,-0.774,-0.714,0.064,-0.042,0.046,5.11,3.70
strong,correction_on,13.30,5.16,4.76,-0.773,-0.714,0.065,-0.042,0.046,5.10,3.68
strong,correction_on,13.35,5.15,4.76,-0.772,-0.714,0.068,-0.044,0.047,5.10,3.68
strong,correction_on,13.40,5.15,4.77,-0.772,-0.715,0.069,-0.045,0.048,5.10,3.68
strong,correction_on,13.45,5.15,4.77,-0.772,-0.715,0.071,-0.046,0.049,5.09,3.68
strong,correction_on,13.50,5.15,4.77,-0.772,-0.715,0.072,-0.047,0.049,5.08,3.68
strong,correction_on,13.55,5.15,4.77,-0.772,-0.716,0.074,-0.049,0.050,5.07,3.67
strong,correction_on,13.60,5.15,4.77,-0.773,-0.716,0.075,-0.049,0.050,5.06,3.68
strong,correction_on,13.65,5.16,4.77,-0.774,-0.716,0.077,-0.051,0.051,5.05,3.67
strong,correction_on,13.70,5.17,4.77,-0.776,-0.715,0.078,-0.052,0.051,5.04,3.67
strong,correction_on,13.75,5.18,4.76,-0.777,-0.715,0.079,-0.053,0.052,5.03,3.67
strong,correction_on,13.80,5.19,4.76,-0.779,-0.714,0.080,-0.054,0.052,5.03,3.67
strong,correction_on,13.85,5.20,4.75,-0.780,-0.712,0.081,-0.056,0.052,5.03,3.66
strong,correction_on,13.90,5.22,4.74,-0.782,-0.711,0.082,-0.056,0.053,5.03,3.65
strong,correction_on,13.95,5.23,4.73,-0.784,-0.709,0.082,-0.058,0.053,5.03,3.64
strong,correction_on,14.00,5.24,4.72,-0.785,-0.708,0.083,-0.059,0.053,5.04,3.63
strong,correction_on,14.05,5.24,4.71,-0.787,-0.706,0.083,-0.060,0.053,5.04,3.62
strong,correction_on,14.10,5.25,4.70,-0.788,-0.705,0.083,-0.061,0.053,5.04,3.61
strong,correction_on,14.15,5.25,4.69,-0.788,-0.703,0.083,-0.063,0.052,5.04,3.60
strong,correction_on,14.20,5.25,4.68,-0.788,-0.702,0.082,-0.064,0.051,5.03,3.58
strong,correction_on,14.25,5.25,4.68,-0.788,-0.701,0.082,-0.066,0.050,5.03,3.57
strong,correction_on,14.30,5.25,4.67,-0.787,-0.701,0.081,-0.066,0.050,5.02,3.56
strong,correction_on,14.35,5.24,4.67,-0.786,-0.700,0.080,-0.068,0.048,5.00,3.55
strong,correction_on,14.40,5.23,4.67,-0.785,-0.700,0.079,-0.068,0.047,4.99,3.54
strong,correction_on,14.45,5.22,4.67,-0.783,-0.700,0.077,-0.070,0.045,4.96,3.53
strong,correction_on,14.50,5.21,4.67,-0.781,-0.700,0.076,-0.070,0.044,4.93,3.53
strong,correction_on,14.55,5.19,4.67,-0.779,-0.700,0.073,-0.072,0.041,4.91,3.53
strong,correction_on,14.60,5.18,4.67,-0.777,-0.700,0.071,-0.072,0.039,4.87,3.53
strong,correction_on,14.65,5.17,4.67,-0.775,-0.700,0.067,-0.074,0.035,4.84,3.54
strong,correction_on,14.70,5.15,4.67,-0.773,-0.701,0.065,-0.074,0.033,4.80,3.54
strong,correction_on,14.75,5.13,4.67,-0.770,-0.701,0.060,-0.075,0.028,4.75,3.54
strong,correction_on,14.80,5.12,4.67,-0.768,-0.701,0.057,-0.076,0.025,4.72,3.54
strong,correction_on,14.85,5.10,4.68,-0.765,-0.702,0.051,-0.077,0.019,4.66,3.55
strong,correction_on,14.90,5.08,4.68,-0.763,-0.702,0.048,-0.077,0.017,4.62,3.56
strong,correction_on,14.95,5.07,4.69,-0.760,-0.703,0.041,-0.078,0.010,4.55,3.57
crosswind,correction_off,0.00,0.00,0.00,0.000,0.000,0.407,-0.003,0.393,5.64,-0.57
crosswind,correction_off,0.05,0.00,0.00,0.000,0.000,0.420,-0.016,0.404,5.69,-0.75
crosswind,correction_off,0.10,0.00,0.00,0.000,0.000,0.426,-0.022,0.408,5.72,-0.86
crosswind,correction_off,0.15,0.00,0.00,0.000,0.000,0.436,-0.034,0.416,5.75,-1.03
crosswind,correction_off,0.20,0.00,0.00,0.000,0.000,0.441,-0.040,0.420,5.75,-1.13
crosswind,correction_off,0.25,0.00,0.00,0.000,0.000,0.450,-0.055,0.428,5.76,-1.30
crosswind,correction_off,0.30,0.00,0.00,0.000,0.000,0.457,-0.068,0.434,5.75,-1.43
crosswind,correction_off,0.35,0.00,0.00,0.000,0.000,0.460,-0.075,0.437,5.74,-1.55
crosswind,correction_off,0.40,0.00,0.00,0.000,0.000,0.463,-0.082,0.439,5.72,-1.65
crosswind,correction_off,0.45,0.00,0.00,0.000,0.000,0.467,-0.098,0.444,5.69,-1.79
crosswind,correction_off,0.50,0.00,0.00,0.000,0.000,0.470,-0.112,0.447,5.65,-1.91
crosswind,correction_off,0.55,0.00,0.00,0.000,0.000,0.471,-0.119,0.449,5.61,-2.02
crosswind,correction_off,0.60,0.00,0.00,0.000,0.000,0.472,-0.136,0.451,5.57,-2.10
crosswind,correction_off,0.65,0.00,0.00,0.000,0.000,0.471,-0.143,0.451,5.51,-2.23
crosswind,correction_off,0.70,0.00,0.00,0.000,0.000,0.471,-0.151,0.452,5.46,-2.31
crosswind,correction_off,0.75,0.00,0.00,0.000,0.000,0.469,-0.166,0.452,5.38,-2.42
crosswind,correction_off,0.80,0.00,0.00,0.000,0.000,0.466,-0.182,0.453,5.33,-2.50
crosswind,correction_off,0.85,0.00,0.00,0.000,0.000,0.464,-0.189,0.452,5.24,-2.60
crosswind,correction_off,0.90,0.00,0.00,0.000,0.000,0.460,-0.203,0.452,5.16,-2.69
crosswind,correction_off,0.95,0.00,0.00,0.000,0.000,0.458,-0.210,0.451,5.08,-2.76
crosswind,correction_off,1.00,0.00,0.00,0.000,0.000,0.455,-0.216,0.450,5.02,-2.82
crosswind,correction_off,1.05,0.00,0.00,0.000,0.000,0.449,-0.230,0.448,4.93,-2.89
crosswind,correction_off,1.10,0.00,0.00,0.000,0.000,0.445,-0.235,0.447,4.87,-2.94
crosswind,correction_off,1.15,0.00,0.00,0.000,0.000,0.438,-0.246,0.444,4.77,-2.99
crosswind,correction_off,1.20,0.00,0.00,0.000,0.000,0.434,-0.251,0.442,4.72,-3.02
crosswind,correction_off,1.25,0.00,0.00,0.000,0.000,0.425,-0.262,0.437,4.63,-3.05
crosswind,correction_off,1.30,0.00,0.00,0.000,0.000,0.421,-0.267,0.435,4.57,-3.07
crosswind,correction_off,1.35,0.00,0.00,0.000,0.000,0.411,-0.275,0.430,4.48,-3.08
crosswind,correction_off,1.40,0.00,0.00,0.000,0.000,0.400,-0.284,0.424,4.40,-3.09
crosswind,correction_off,1.45,0.00,0.00,0.000,0.000,0.394,-0.288,0.421,4.33,-3.09
crosswind,correction_off,1.50,0.00,0.00,0.000,0.000,0.383,-0.294,0.414,4.25,-3.09
crosswind,correction_off,1.55,0.00,0.00,0.000,0.000,0.377,-0.297,0.411,4.18,-3.08
crosswind,correction_off,1.60,0.00,0.00,0.000,0.000,0.371,-0.300,0.407,4.12,-3.07
crosswind,correction_off,1.65,0.00,0.00,0.000,0.000,0.358,-0.306,0.399,4.04,-3.04
crosswind,correction_off,1.70,0.00,0.00,0.000,0.000,0.345,-0.310,0.391,3.96,-3.02
crosswind,correction_off,1.75,0.00,0.00,0.000,0.000,0.339,-0.312,0.387,3.89,-3.00
crosswind,correction_off,1.80,0.00,0.00,0.000,0.000,0.325,-0.316,0.378,3.81,-2.97
crosswind,correction_off,1.85,0.00,0.00,0.000,0.000,0.319,-0.318,0.374,3.75,-2.95
crosswind,correction_off,1.90,0.00,0.00,0.000,0.000,0.307,-0.321,0.367,3.68,-2.92
crosswind,correction_off,1.95,0.00,0.00,0.000,0.000,0.301,-0.323,0.363,3.62,-2.90
crosswind,correction_off,2.00,0.00,0.00,0.000,0.000,0.288,-0.325,0.355,3.56,-2.87
crosswind,correction_off,2.05,0.00,0.00,0.000,0.000,0.282,-0.326,0.351,3.51,-2.84
crosswind,correction_off,2.10,0.00,0.00,0.000,0.000,0.270,-0.328,0.343,3.46,-2.81
crosswind,correction_off,2.15,0.00,0.00,0.000,0.000,0.264,-0.329,0.339,3.43,-2.79
crosswind,correction_off,2.20,0.00,0.00,0.000,0.000,0.250,-0.329,0.331,3.39,-2.76
crosswind,correction_off,2.25,0.00,0.00,0.000,0.000,0.244,-0.329,0.327,3.35,-2.74
crosswind,correction_off,2.30,0.00,0.00,0.000,0.000,0.233,-0.329,0.319,3.32,-2.71
crosswind,correction_off,2.35,0.00,0.00,0.000,0.000,0.227,-0.329,0.315,3.28,-2.68
crosswind,correction_off,2.40,0.00,0.00,0.000,0.000,0.215,-0.328,0.307,3.26,-2.66
crosswind,correction_off,2.45,0.00,0.00,0.000,0.000,0.209,-0.328,0.303,3.23,-2.62
crosswind,correction_off,2.50,0.00,0.00,0.000,0.000,0.199,-0.326,0.295,3.20,-2.59
crosswind,correction_off,2.55,0.00,0.00,0.000,0.000,0.194,-0.325,0.291,3.18,-2.56
crosswind,correction_off,2.60,0.00,0.00,0.000,0.000,0.189,-0.324,0.288,3.17,-2.53
crosswind,correction_off,2.65,0.00,0.00,0.000,0.000,0.179,-0.321,0.279,3.15,-2.49
crosswind,correction_off,2.70,0.00,0.00,0.000,0.000,0.170,-0.318,0.272,3.15,-2.46
crosswind,correction_off,2.75,0.00,0.00,0.000,0.000,0.166,-0.315,0.268,3.14,-2.42
crosswind,correction_off,2.80,0.00,0.00,0.000,0.000,0.157,-0.310,0.259,3.14,-2.38
crosswind,correction_off,2.85,0.00,0.00,0.000,0.000,0.153,-0.308,0.255,3.14,-2.34
crosswind,correction_off,2.90,0.00,0.00,0.000,0.000,0.146,-0.302,0.246,3.15,-2.30
crosswind,correction_off,2.95,0.00,0.00,0.000,0.000,0.143,-0.299,0.242,3.16,-2.25
crosswind,correction_off,3.00,0.00,0.00,0.000,0.000,0.136,-0.292,0.232,3.18,-2.20
crosswind,correction_off,3.05,0.00,0.00,0.000,0.000,0.133,-0.288,0.228,3.19,-2.15
crosswind,correction_off,3.10,0.00,0.00,0.000,0.000,0.127,-0.281,0.218,3.22,-2.10
crosswind,correction_off,3.15,0.00,0.00,0.000,0.000,0.124,-0.277,0.213,3.24,-2.05
crosswind,correction_off,3.20,0.00,0.00,0.000,0.000,0.118,-0.267,0.202,3.26,-1.99
crosswind,correction_off,3.25,0.00,0.00,0.000,0.000,0.116,-0.262,0.197,3.28,-1.93
crosswind,correction_off,3.30,0.00,0.00,0.000,0.000,0.111,-0.253,0.186,3.31,-1.87
crosswind,correction_off,3.35,0.00,0.00,0.000,0.000,0.109,-0.248,0.181,3.33,-1.81
crosswind,correction_off,3.40,0.00,0.00,0.000,0.000,0.104,-0.236,0.168,3.36,-1.74
crosswind,correction_off,3.45,0.00,0.00,0.000,0.000,0.102,-0.231,0.163,3.38,-1.68
crosswind,correction_off,3.50,0.00,0.00,0.000,0.000,0.097,-0.221,0.151,3.41,-1.61
crosswind,correction_off,3.55,0.00,0.00,0.000,0.000,0.095,-0.215,0.145,3.43,-1.55
crosswind,correction_off,3.60,0.00,0.00,0.000,0.000,0.090,-0.203,0.132,3.45,-1.49
crosswind,correction_off,3.65,0.00,0.00,0.000,0.000,0.088,-0.198,0.127,3.46,-1.43
crosswind,correction_off,3.70,0.00,0.00,0.000,0.000,0.086,-0.193,0.122,3.47,-1.38
crosswind,correction_off,3.75,0.00,0.00,0.000,0.000,0.082,-0.183,0.111,3.49,-1.31
crosswind,correction_off,3.80,0.00,0.00,0.000,0.000,0.079,-0.172,0.100,3.50,-1.27
crosswind,correction_off,3.85,0.00,0.00,0.000,0.000,0.078,-0.168,0.096,3.51,-1.21
crosswind,correction_off,3.90,0.00,0.00,0.000,0.000,0.076,-0.159,0.088,3.53,-1.18
crosswind,correction_off,3.95,0.00,0.00,0.000,0.000,0.075,-0.155,0.084,3.54,-1.15
crosswind,correction_off,4.00,0.00,0.00,0.000,0.000,0.073,-0.147,0.076,3.56,-1.13
crosswind,correction_off,4.05,0.00,0.00,0.000,0.000,0.072,-0.143,0.073,3.58,-1.11
crosswind,correction_off,4.10,0.00,0.00,0.000,0.000,0.070,-0.136,0.066,3.60,-1.09
crosswind,correction_off,4.15,0.00,0.00,0.000,0.000,0.070,-0.132,0.063,3.62,-1.09
crosswind,correction_off,4.20,0.00,0.00,0.000,0.000,0.068,-0.125,0.058,3.64,-1.08
crosswind,correction_off,4.25,0.00,0.00,0.000,0.000,0.068,-0.121,0.055,3.66,-1.08
crosswind,correction_off,4.30,0.00,0.00,0.000,0.000,0.068,-0.115,0.052,3.68,-1.08
crosswind,correction_off,4.35,0.00,0.00,0.000,0.000,0.068,-0.112,0.050,3.70,-1.08
crosswind,correction_off,4.40,0.00,0.00,0.000,0.000,0.068,-0.109,0.049,3.72,-1.09
crosswind,correction_off,4.45,0.00,0.00,0.000,0.000,0.069,-0.102,0.048,3.75,-1.09
crosswind,correction_off,4.50,0.00,0.00,0.000,0.000,0.070,-0.100,0.048,3.77,-1.10
crosswind,correction_off,4.55,0.00,0.00,0.000,0.000,0.072,-0.095,0.049,3.80,-1.11
crosswind,correction_off,4.60,0.00,0.00,0.000,0.000,0.074,-0.089,0.051,3.83,-1.11
crosswind,correction_off,4.65,0.00,0.00,0.000,0.000,0.075,-0.087,0.052,3.86,-1.12
crosswind,correction_off,4.70,0.00,0.00,0.000,0.000,0.078,-0.084,0.055,3.90,-1.13
crosswind,correction_off,4.75,0.00,0.00,0.000,0.000,0.079,-0.082,0.056,3.93,-1.15
crosswind,correction_off,4.80,0.00,0.00,0.000,0.000,0.081,-0.080,0.058,3.96,-1.16
crosswind,correction_off,4.85,0.00,0.00,0.000,0.000,0.084,-0.077,0.062,4.01,-1.18
crosswind,correction_off,4.90,0.00,0.00,0.000,0.000,0.087,-0.074,0.065,4.05,-1.21
crosswind,correction_off,4.95,0.00,0.00,0.000,0.000,0.089,-0.072,0.067,4.08,-1.23
crosswind,correction_off,5.00,0.00,0.00,0.000,0.000,0.092,-0.069,0.071,4.12,-1.25
crosswind,correction_off,5.05,0.00,0.00,0.000,0.000,0.093,-0.068,0.073,4.15,-1.27
crosswind,correction_off,5.10,0.00,0.00,0.000,0.000,0.095,-0.067,0.075,4.17,-1.28
crosswind,correction_off,5.15,0.00,0.00,0.000,0.000,0.098,-0.064,0.079,4.21,-1.31
crosswind,correction_off,5.20,0.00,0.00,0.000,0.000,0.099,-0.062,0.080,4.23,-1.32
crosswind,correction_off,5.25,0.00,0.00,0.000,0.000,0.102,-0.059,0.084,4.25,-1.33
crosswind,correction_off,5.30,0.00,0.00,0.000,0.000,0.104,-0.056,0.087,4.28,-1.34
crosswind,correction_off,5.35,0.00,0.00,0.000,0.000,0.106,-0.055,0.089,4.29,-1.35
crosswind,correction_off,5.40,0.00,0.00,0.000,0.000,0.107,-0.053,0.091,4.30,-1.35
crosswind,correction_off,5.45,0.00,0.00,0.000,0.000,0.109,-0.050,0.094,4.32,-1.36
crosswind,correction_off,5.50,0.00,0.00,0.000,0.000,0.110,-0.046,0.097,4.33,-1.36
crosswind,correction_off,5.55,0.00,0.00,0.000,0.000,0.111,-0.045,0.098,4.34,-1.35
crosswind,correction_off,5.60,0.00,0.00,0.000,0.000,0.112,-0.043,0.100,4.34,-1.35
crosswind,correction_off,5.65,0.00,0.00,0.000,0.000,0.114,-0.039,0.103,4.35,-1.34
crosswind,correction_off,5.70,0.00,0.00,0.000,0.000,0.116,-0.036,0.106,4.35,-1.33
crosswind,correction_off,5.75,0.00,0.00,0.000,0.000,0.117,-0.035,0.108,4.35,-1.31
crosswind,correction_off,5.80,0.00,0.00,0.000,0.000,0.120,-0.033,0.111,4.35,-1.31
crosswind,correction_off,5.85,0.00,0.00,0.000,0.000,0.121,-0.032,0.113,4.36,-1.30
crosswind,correction_off,5.90,0.00,0.00,0.000,0.000,0.122,-0.031,0.114,4.37,-1.30
crosswind,correction_off,5.95,0.00,0.00,0.000,0.000,0.124,-0.030,0.116,4.38,-1.30
crosswind,correction_off,6.00,0.00,0.00,0.000,0.000,0.126,-0.030,0.118,4.40,-1.30
crosswind,correction_off,6.05,0.00,0.00,0.000,0.000,0.127,-0.030,0.119,4.40,-1.32
crosswind,correction_off,6.10,0.00,0.00,0.000,0.000,0.129,-0.031,0.121,4.41,-1.33
crosswind,correction_off,6.15,0.00,0.00,0.000,0.000,0.130,-0.031,0.121,4.42,-1.35
crosswind,correction_off,6.20,0.00,0.00,0.000,0.000,0.131,-0.032,0.122,4.43,-1.37
crosswind,correction_off,6.25,0.00,0.00,0.000,0.000,0.133,-0.033,0.123,4.43,-1.40
crosswind,correction_off,6.30,0.00,0.00,0.000,0.000,0.135,-0.035,0.124,4.44,-1.43
crosswind,correction_off,6.35,0.00,0.00,0.000,0.000,0.135,-0.035,0.124,4.44,-1.46
crosswind,correction_off,6.40,0.00,0.00,0.000,0.000,0.137,-0.037,0.125,4.44,-1.49
crosswind,correction_off,6.45,0.00,0.00,0.000,0.000,0.138,-0.038,0.125,4.45,-1.51
crosswind,correction_off,6.50,0.00,0.00,0.000,0.000,0.139,-0.041,0.126,4.45,-1.54
crosswind,correction_off,6.55,0.00,0.00,0.000,0.000,0.140,-0.042,0.126,4.45,-1.57
crosswind,correction_off,6.60,0.00,0.00,0.000,0.000,0.142,-0.045,0.127,4.45,-1.60
crosswind,correction_off,6.65,0.00,0.00,0.000,0.000,0.143,-0.046,0.127,4.45,-1.63
crosswind,correction_off,6.70,0.00,0.00,0.000,0.000,0.143,-0.047,0.127,4.44,-1.65
crosswind,correction_off,6.75,0.00,0.00,0.000,0.000,0.145,-0.051,0.127,4.44,-1.68
crosswind,correction_off,6.80,0.00,0.00,0.000,0.000,0.146,-0.054,0.127,4.44,-1.71
crosswind,correction_off,6.85,0.00,0.00,0.000,0.000,0.146,-0.056,0.127,4.45,-1.73
crosswind,correction_off,6.90,0.00,0.00,0.000,0.000,0.146,-0.059,0.126,4.44,-1.76
crosswind,correction_off,6.95,0.00,0.00,0.000,0.000,0.146,-0.061,0.126,4.44,-1.79
crosswind,correction_off,7.00,0.00,0.00,0.000,0.000,0.146,-0.063,0.125,4.43,-1.80
crosswind,correction_off,7.05,0.00,0.00,0.000,0.000,0.146,-0.068,0.125,4.42,-1.84
crosswind,correction_off,7.10,0.00,0.00,0.000,0.000,0.146,-0.070,0.124,4.41,-1.86
crosswind,correction_off,7.15,0.00,0.00,0.000,0.000,0.146,-0.075,0.123,4.40,-1.88
crosswind,correction_off,7.20,0.00,0.00,0.000,0.000,0.145,-0.081,0.122,4.38,-1.91
crosswind,correction_off,7.25,0.00,0.00,0.000,0.000,0.144,-0.083,0.121,4.37,-1.94
crosswind,correction_off,7.30,0.00,0.00,0.000,0.000,0.143,-0.086,0.120,4.36,-1.96
crosswind,correction_off,7.35,0.00,0.00,0.000,0.000,0.141,-0.091,0.118,4.33,-2.00
crosswind,correction_off,7.40,0.00,0.00,0.000,0.000,0.140,-0.093,0.117,4.32,-2.02
crosswind,correction_off,7.45,0.00,0.00,0.000,0.000,0.138,-0.099,0.115,4.29,-2.06
crosswind,correction_off,7.50,0.00,0.00,0.000,0.000,0.136,-0.104,0.113,4.26,-2.08
crosswind,correction_off,7.55,0.00,0.00,0.000,0.000,0.135,-0.106,0.113,4.23,-2.11
crosswind,correction_off,7.60,0.00,0.00,0.000,0.000,0.134,-0.108,0.112,4.21,-2.12
crosswind,correction_off,7.65,0.00,0.00,0.000,0.000,0.132,-0.113,0.111,4.18,-2.15
crosswind,correction_off,7.70,0.00,0.00,0.000,0.000,0.130,-0.116,0.111,4.16,-2.17
crosswind,correction_off,7.75,0.00,0.00,0.000,0.000,0.130,-0.118,0.110,4.14,-2.18
crosswind,correction_off,7.80,0.00,0.00,0.000,0.000,0.127,-0.121,0.109,4.13,-2.19
crosswind,correction_off,7.85,0.00,0.00,0.000,0.000,0.126,-0.123,0.108,4.12,-2.19
crosswind,correction_off,7.90,0.00,0.00,0.000,0.000,0.124,-0.125,0.107,4.11,-2.19
crosswind,correction_off,7.95,0.00,0.00,0.000,0.000,0.122,-0.126,0.106,4.10,-2.19
crosswind,correction_off,8.00,0.00,0.00,0.000,0.000,0.121,-0.127,0.105,4.09,-2.18
crosswind,correction_off,8.05,0.00,0.00,0.000,0.000,0.118,-0.129,0.103,4.08,-2.17
crosswind,correction_off,8.10,0.00,0.00,0.000,0.000,0.116,-0.129,0.102,4.06,-2.17
crosswind,correction_off,8.15,0.00,0.00,0.000,0.000,0.114,-0.131,0.100,4.05,-2.15
crosswind,correction_off,8.20,0.00,0.00,0.000,0.000,0.110,-0.133,0.097,4.03,-2.13
crosswind,correction_off,8.25,0.00,0.00,0.000,0.000,0.109,-0.133,0.097,4.02,-2.12
crosswind,correction_off,8.30,0.00,0.00,0.000,0.000,0.106,-0.135,0.095,4.01,-2.11
crosswind,correction_off,8.35,0.00,0.00,0.000,0.000,0.104,-0.135,0.094,3.99,-2.09
crosswind,correction_off,8.40,0.00,0.00,0.000,0.000,0.101,-0.137,0.091,3.98,-2.08
crosswind,correction_off,8.45,0.00,0.00,0.000,0.000,0.099,-0.137,0.090,3.96,-2.07
crosswind,correction_off,8.50,0.00,0.00,0.000,0.000,0.095,-0.138,0.087,3.95,-2.06
crosswind,correction_off,8.55,0.00,0.00,0.000,0.000,0.093,-0.138,0.085,3.94,-2.05
crosswind,correction_off,8.60,0.00,0.00,0.000,0.000,0.088,-0.138,0.082,3.92,-2.04
crosswind,correction_off,8.65,0.00,0.00,0.000,0.000,0.086,-0.139,0.080,3.91,-2.03
crosswind,correction_off,8.70,0.00,0.00,0.000,0.000,0.081,-0.139,0.076,3.89,-2.01
crosswind,correction_off,8.75,0.00,0.00,0.000,0.000,0.079,-0.139,0.075,3.88,-2.00
crosswind,correction_off,8.80,0.00,0.00,0.000,0.000,0.073,-0.138,0.070,3.86,-1.98
crosswind,correction_off,8.85,0.00,0.00,0.000,0.000,0.070,-0.138,0.068,3.84,-1.97
crosswind,correction_off,8.90,0.00,0.00,0.000,0.000,0.068,-0.137,0.066,3.82,-1.95
crosswind,correction_off,8.95,0.00,0.00,0.000,0.000,0.062,-0.136,0.061,3.79,-1.93
crosswind,correction_off,9.00,0.00,0.00,0.000,0.000,0.056,-0.134,0.056,3.77,-1.91
crosswind,correction_off,9.05,0.00,0.00,0.000,0.000,0.053,-0.133,0.053,3.73,-1.88
crosswind,correction_off,9.10,0.00,0.00,0.000,0.000,0.047,-0.132,0.049,3.70,-1.85
crosswind,correction_off,9.15,0.00,0.00,0.000,0.000,0.045,-0.131,0.047,3.68,-1.83
crosswind,correction_off,9.20,0.00,0.00,0.000,0.000,0.042,-0.130,0.045,3.66,-1.80
crosswind,correction_off,9.25,0.00,0.00,0.000,0.000,0.036,-0.128,0.042,3.63,-1.77
crosswind,correction_off,9.30,0.00,0.00,0.000,0.000,0.032,-0.127,0.039,3.61,-1.75
crosswind,correction_off,9.35,0.00,0.00,0.000,0.000,0.029,-0.127,0.038,3.59,-1.73
crosswind,correction_off,9.40,0.00,0.00,0.000,0.000,0.027,-0.126,0.037,3.57,-1.72
crosswind,correction_off,9.45,0.00,0.00,0.000,0.000,0.023,-0.125,0.036,3.56,-1.70
crosswind,correction_off,9.50,0.00,0.00,0.000,0.000,0.019,-0.123,0.035,3.55,-1.69
crosswind,correction_off,9.55,0.00,0.00,0.000,0.000,0.017,-0.123,0.034,3.54,-1.68
crosswind,correction_off,9.60,0.00,0.00,0.000,0.000,0.014,-0.121,0.034,3.54,-1.67
crosswind,correction_off,9.65,0.00,0.00,0.000,0.000,0.013,-0.121,0.034,3.53,-1.66
crosswind,correction_off,9.70,0.00,0.00,0.000,0.000,0.011,-0.120,0.033,3.54,-1.66
crosswind,correction_off,9.75,0.00,0.00,0.000,0.000,0.010,-0.119,0.033,3.54,-1.65
crosswind,correction_off,9.80,0.00,0.00,0.000,0.000,0.010,-0.118,0.032,3.55,-1.64
crosswind,correction_off,9.85,0.00,0.00,0.000,0.000,0.010,-0.117,0.031,3.57,-1.64
crosswind,correction_off,9.90,0.00,0.00,0.000,0.000,0.011,-0.115,0.029,3.60,-1.63
crosswind,correction_off,9.95,0.00,0.00,0.000,0.000,0.012,-0.114,0.028,3.62,-1.63
crosswind,correction_off,10.00,0.00,0.00,0.000,0.000,0.015,-0.113,0.025,3.66,-1.62
crosswind,correction_off,10.05,0.00,0.00,0.000,0.000,0.016,-0.112,0.024,3.70,-1.61
crosswind,correction_off,10.10,0.00,0.00,0.000,0.000,0.019,-0.110,0.022,3.74,-1.61
crosswind,correction_off,10.15,0.00,0.00,0.000,0.000,0.020,-0.109,0.021,3.79,-1.61
crosswind,correction_off,10.20,0.00,0.00,0.000,0.000,0.024,-0.107,0.018,3.85,-1.60
crosswind,correction_off,10.25,0.00,0.00,0.000,0.000,0.026,-0.106,0.018,3.90,-1.60
crosswind,correction_off,10.30,0.00,0.00,0.000,0.000,0.027,-0.105,0.017,3.94,-1.60
crosswind,correction_off,10.35,0.00,0.00,0.000,0.000,0.031,-0.103,0.016,4.00,-1.59
crosswind,correction_off,10.40,0.00,0.00,0.000,0.000,0.032,-0.102,0.016,4.03,-1.59
crosswind,correction_off,10.45,0.00,0.00,0.000,0.000,0.035,-0.100,0.017,4.09,-1.58
crosswind,correction_off,10.50,0.00,0.00,0.000,0.000,0.038,-0.098,0.018,4.13,-1.58
crosswind,correction_off,10.55,0.00,0.00,0.000,0.000,0.040,-0.097,0.018,4.16,-1.57
crosswind,correction_off,10.60,0.00,0.00,0.000,0.000,0.043,-0.094,0.020,4.19,-1.56
crosswind,correction_off,10.65,0.00,0.00,0.000,0.000,0.044,-0.093,0.021,4.21,-1.55
crosswind,correction_off,10.70,0.00,0.00,0.000,0.000,0.046,-0.090,0.023,4.23,-1.54
crosswind,correction_off,10.75,0.00,0.00,0.000,0.000,0.047,-0.089,0.024,4.25,-1.53
crosswind,correction_off,10.80,0.00,0.00,0.000,0.000,0.050,-0.087,0.026,4.26,-1.52
crosswind,correction_off,10.85,0.00,0.00,0.000,0.000,0.051,-0.086,0.027,4.28,-1.51
crosswind,correction_off,10.90,0.00,0.00,0.000,0.000,0.053,-0.084,0.030,4.28,-1.50
crosswind,correction_off,10.95,0.00,0.00,0.000,0.000,0.054,-0.083,0.031,4.29,-1.49
crosswind,correction_off,11.00,0.00,0.00,0.000,0.000,0.056,-0.081,0.034,4.29,-1.49
crosswind,correction_off,11.05,0.00,0.00,0.000,0.000,0.057,-0.080,0.035,4.30,-1.48
crosswind,correction_off,11.10,0.00,0.00,0.000,0.000,0.059,-0.079,0.037,4.30,-1.48
crosswind,correction_off,11.15,0.00,0.00,0.000,0.000,0.060,-0.079,0.038,4.31,-1.48
crosswind,correction_off,11.20,0.00,0.00,0.000,0.000,0.061,-0.078,0.039,4.31,-1.48
crosswind,correction_off,11.25,0.00,0.00,0.000,0.000,0.062,-0.078,0.040,4.31,-1.48
crosswind,correction_off,11.30,0.00,0.00,0.000,0.000,0.063,-0.078,0.041,4.31,-1.49
crosswind,correction_off,11.35,0.00,0.00,0.000,0.000,0.063,-0.079,0.041,4.31,-1.50
crosswind,correction_off,11.40,0.00,0.00,0.000,0.000,0.064,-0.080,0.042,4.31,-1.51
crosswind,correction_off,11.45,0.00,0.00,0.000,0.000,0.065,-0.081,0.042,4.30,-1.53
crosswind,correction_off,11.50,0.00,0.00,0.000,0.000,0.065,-0.081,0.043,4.30,-1.55
crosswind,correction_off,11.55,0.00,0.00,0.000,0.000,0.066,-0.083,0.043,4.29,-1.57
crosswind,correction_off,11.60,0.00,0.00,0.000,0.000,0.067,-0.084,0.043,4.29,-1.59
crosswind,correction_off,11.65,0.00,0.00,0.000,0.000,0.067,-0.086,0.044,4.28,-1.62
crosswind,correction_off,11.70,0.00,0.00,0.000,0.000,0.067,-0.088,0.043,4.28,-1.65
crosswind,correction_off,11.75,0.00,0.00,0.000,0.000,0.067,-0.089,0.043,4.27,-1.67
crosswind,correction_off,11.80,0.00,0.00,0.000,0.000,0.066,-0.090,0.042,4.26,-1.69
crosswind,correction_off,11.85,0.00,0.00,0.000,0.000,0.065,-0.091,0.042,4.25,-1.71
crosswind,correction_off,11.90,0.00,0.00,0.000,0.000,0.064,-0.092,0.041,4.24,-1.73
crosswind,correction_off,11.95,0.00,0.00,0.000,0.000,0.063,-0.093,0.039,4.21,-1.75
crosswind,correction_off,12.00,0.00,0.00,0.000,0.000,0.060,-0.095,0.038,4.19,-1.76
crosswind,correction_off,12.05,0.00,0.00,0.000,0.000,0.059,-0.095,0.037,4.17,-1.77
crosswind,correction_off,12.10,0.00,0.00,0.000,0.000,0.058,-0.096,0.036,4.14,-1.77
crosswind,correction_off,12.15,0.00,0.00,0.000,0.000,0.056,-0.097,0.034,4.11,-1.78
crosswind,correction_off,12.20,0.00,0.00,0.000,0.000,0.054,-0.098,0.032,4.09,-1.79
crosswind,correction_off,12.25,0.00,0.00,0.000,0.000,0.053,-0.099,0.031,4.06,-1.79
crosswind,correction_off,12.30,0.00,0.00,0.000,0.000,0.051,-0.100,0.030,4.04,-1.80
crosswind,correction_off,12.35,0.00,0.00,0.000,0.000,0.050,-0.101,0.030,4.02,-1.80
crosswind,correction_off,12.40,0.00,0.00,0.000,0.000,0.048,-0.103,0.028,4.00,-1.81
crosswind,correction_off,12.45,0.00,0.00,0.000,0.000,0.047,-0.104,0.028,3.99,-1.81
crosswind,correction_off,12.50,0.00,0.00,0.000,0.000,0.044,-0.105,0.027,3.97,-1.82
crosswind,correction_off,12.55,0.00,0.00,0.000,0.000,0.043,-0.106,0.026,3.96,-1.82
crosswind,correction_off,12.60,0.00,0.00,0.000,0.000,0.041,-0.107,0.025,3.94,-1.83
crosswind,correction_off,12.65,0.00,0.00,0.000,0.000,0.039,-0.108,0.025,3.93,-1.83
crosswind,correction_off,12.70,0.00,0.00,0.000,0.000,0.038,-0.109,0.025,3.92,-1.83
crosswind,correction_off,12.75,0.00,0.00,0.000,0.000,0.036,-0.110,0.025,3.90,-1.84
crosswind,correction_off,12.80,0.00,0.00,0.000,0.000,0.034,-0.111,0.025,3.89,-1.84
crosswind,correction_off,12.85,0.00,0.00,0.000,0.000,0.034,-0.112,0.025,3.88,-1.85
crosswind,correction_off,12.90,0.00,0.00,0.000,0.000,0.032,-0.112,0.025,3.88,-1.85
crosswind,correction_off,12.95,0.00,0.00,0.000,0.000,0.032,-0.112,0.025,3.87,-1.85
crosswind,correction_off,13.00,0.00,0.00,0.000,0.000,0.031,-0.112,0.024,3.87,-1.85
crosswind,correction_off,13.05,0.00,0.00,0.000,0.000,0.031,-0.111,0.024,3.87,-1.85
crosswind,correction_off,13.10,0.00,0.00,0.000,0.000,0.031,-0.111,0.024,3.87,-1.84
crosswind,correction_off,13.15,0.00,0.00,0.000,0.000,0.032,-0.110,0.023,3.88,-1.82
crosswind,correction_off,13.20,0.00,0.00,0.000,0.000,0.032,-0.109,0.022,3.89,-1.81
crosswind,correction_off,13.25,0.00,0.00,0.000,0.000,0.033,-0.108,0.021,3.91,-1.79
crosswind,correction_off,13.30,0.00,0.00,0.000,0.000,0.033,-0.106,0.020,3.93,-1.77
crosswind,correction_off,13.35,0.00,0.00,0.000,0.000,0.034,-0.106,0.020,3.95,-1.75
crosswind,correction_off,13.40,0.00,0.00,0.000,0.000,0.035,-0.104,0.019,3.97,-1.73
crosswind,correction_off,13.45,0.00,0.00,0.000,0.000,0.035,-0.104,0.019,3.99,-1.71
crosswind,correction_off,13.50,0.00,0.00,0.000,0.000,0.036,-0.103,0.019,4.01,-1.70
crosswind,correction_off,13.55,0.00,0.00,0.000,0.000,0.036,-0.102,0.019,4.03,-1.68
crosswind,correction_off,13.60,0.00,0.00,0.000,0.000,0.037,-0.102,0.019,4.04,-1.67
crosswind,correction_off,13.65,0.00,0.00,0.000,0.000,0.038,-0.101,0.019,4.06,-1.66
crosswind,correction_off,13.70,0.00,0.00,0.000,0.000,0.038,-0.100,0.019,4.08,-1.65
crosswind,correction_off,13.75,0.00,0.00,0.000,0.000,0.039,-0.100,0.019,4.09,-1.65
crosswind,correction_off,13.80,0.00,0.00,0.000,0.000,0.039,-0.099,0.019,4.10,-1.64
crosswind,correction_off,13.85,0.00,0.00,0.000,0.000,0.040,-0.098,0.019,4.10,-1.64
crosswind,correction_off,13.90,0.00,0.00,0.000,0.000,0.040,-0.098,0.019,4.11,-1.64
crosswind,correction_off,13.95,0.00,0.00,0.000,0.000,0.040,-0.097,0.019,4.12,-1.64
crosswind,correction_off,14.00,0.00,0.00,0.000,0.000,0.041,-0.096,0.019,4.12,-1.63
crosswind,correction_off,14.05,0.00,0.00,0.000,0.000,0.041,-0.095,0.018,4.12,-1.63
crosswind,correction_off,14.10,0.00,0.00,0.000,0.000,0.041,-0.094,0.018,4.12,-1.62
crosswind,correction_off,14.15,0.00,0.00,0.000,0.000,0.041,-0.092,0.018,4.12,-1.61
crosswind,correction_off,14.20,0.00,0.00,0.000,0.000,0.041,-0.090,0.018,4.12,-1.61
crosswind,correction_off,14.25,0.00,0.00,0.000,0.000,0.042,-0.089,0.018,4.12,-1.60
crosswind,correction_off,14.30,0.00,0.00,0.000,0.000,0.042,-0.088,0.018,4.12,-1.59
crosswind,correction_off,14.35,0.00,0.00,0.000,0.000,0.042,-0.086,0.019,4.12,-1.57
crosswind,correction_off,14.40,0.00,0.00,0.000,0.000,0.041,-0.084,0.019,4.12,-1.56
crosswind,correction_off,14.45,0.00,0.00,0.000,0.000,0.041,-0.083,0.019,4.12,-1.54
crosswind,correction_off,14.50,0.00,0.00,0.000,0.000,0.041,-0.083,0.019,4.12,-1.53
crosswind,correction_off,14.55,0.00,0.00,0.000,0.000,0.040,-0.081,0.019,4.11,-1.52
crosswind,correction_off,14.60,0.00,0.00,0.000,0.000,0.039,-0.079,0.019,4.10,-1.51
crosswind,correction_off,14.65,0.00,0.00,0.000,0.000,0.039,-0.078,0.019,4.10,-1.50
crosswind,correction_off,14.70,0.00,0.00,0.000,0.000,0.039,-0.077,0.020,4.09,-1.49
crosswind,correction_off,14.75,0.00,0.00,0.000,0.000,0.039,-0.074,0.022,4.08,-1.48
crosswind,correction_off,14.80,0.00,0.00,0.000,0.000,0.039,-0.073,0.022,4.08,-1.47
crosswind,correction_off,14.85,0.00,0.00,0.000,0.000,0.039,-0.070,0.025,4.07,-1.46
crosswind,correction_off,14.90,0.00,0.00,0.000,0.000,0.039,-0.068,0.026,4.07,-1.45
crosswind,correction_off,14.95,0.00,0.00,0.000,0.000,0.039,-0.066,0.028,4.08,-1.43
crosswind,correction_on,0.00,0.00,0.00,0.000,0.000,0.307,-0.003,0.335,5.35,0.24
crosswind,correction_on,0.05,0.00,0.00,0.000,0.000,0.317,-0.013,0.341,5.38,0.14
crosswind,correction_on,0.10,0.00,0.00,0.000,0.000,0.321,-0.018,0.344,5.41,-0.02
crosswind,correction_on,0.15,0.00,0.00,0.000,0.000,0.328,-0.028,0.348,5.43,-0.13
crosswind,correction_on,0.20,0.00,0.00,0.000,0.000,0.331,-0.034,0.350,5.44,-0.29
crosswind,correction_on,0.25,0.00,0.00,0.000,0.000,0.337,-0.046,0.354,5.44,-0.39
crosswind,correction_on,0.30,0.00,0.00,0.000,0.000,0.340,-0.052,0.356,5.42,-0.54
crosswind,correction_on,0.35,0.00,0.00,0.000,0.000,0.344,-0.063,0.358,5.41,-0.64
crosswind,correction_on,0.40,0.00,0.00,0.000,0.000,0.346,-0.069,0.359,5.39,-0.78
crosswind,correction_on,0.45,0.00,0.00,0.000,0.000,0.350,-0.083,0.362,5.37,-0.87
crosswind,correction_on,0.50,0.00,0.00,0.000,0.000,0.351,-0.089,0.363,5.33,-1.01
crosswind,correction_on,0.55,0.00,0.00,0.000,0.000,0.353,-0.102,0.364,5.31,-1.10
crosswind,correction_on,0.60,0.00,0.00,0.000,0.000,0.354,-0.108,0.365,5.27,-1.22
crosswind,correction_on,0.65,0.00,0.00,0.000,0.000,0.355,-0.122,0.367,5.24,-1.31
crosswind,correction_on,0.70,0.00,0.00,0.000,0.000,0.356,-0.128,0.367,5.20,-1.42
crosswind,correction_on,0.75,0.00,0.00,0.000,0.000,0.356,-0.141,0.369,5.17,-1.50
crosswind,correction_on,0.80,0.00,0.00,0.000,0.000,0.356,-0.147,0.369,5.13,-1.60
crosswind,correction_on,0.85,0.00,0.00,0.000,0.000,0.354,-0.161,0.369,5.10,-1.67
crosswind,correction_on,0.90,0.00,0.00,0.000,0.000,0.353,-0.167,0.369,5.06,-1.77
crosswind,correction_on,0.95,4.18,-3.41,-0.628,0.512,0.351,-0.178,0.369,5.02,-1.82
crosswind,correction_on,1.00,4.18,-3.42,-0.627,0.513,0.349,-0.184,0.368,4.97,-1.91
crosswind,correction_on,1.05,4.17,-3.43,-0.626,0.514,0.344,-0.196,0.366,4.99,-2.04
crosswind,correction_on,1.10,4.18,-3.43,-0.626,0.514,0.342,-0.201,0.365,5.35,-2.63
crosswind,correction_on,1.15,4.18,-3.41,-0.628,0.512,0.336,-0.211,0.363,5.72,-3.10
crosswind,correction_on,1.20,4.20,-3.40,-0.629,0.510,0.333,-0.215,0.361,6.28,-3.72
crosswind,correction_on,1.25,4.21,-3.35,-0.631,0.503,0.324,-0.224,0.355,6.58,-4.04
crosswind,correction_on,1.30,4.23,-3.28,-0.635,0.493,0.320,-0.227,0.352,6.88,-4.36
crosswind,correction_on,1.35,4.29,-3.16,-0.643,0.474,0.308,-0.230,0.342,6.98,-4.47
crosswind,correction_on,1.40,4.35,-3.01,-0.652,0.452,0.302,-0.231,0.337,6.98,-4.51
crosswind,correction_on,1.45,4.41,-2.83,-0.661,0.425,0.284,-0.231,0.320,6.90,-4.47
crosswind,correction_on,1.50,4.47,-2.67,-0.670,0.401,0.275,-0.230,0.312,6.71,-4.31
crosswind,correction_on,1.55,4.52,-2.53,-0.678,0.380,0.256,-0.227,0.293,6.55,-4.15
crosswind,correction_on,1.60,4.57,-2.41,-0.686,0.362,0.245,-0.224,0.282,6.26,-3.85
crosswind,correction_on,1.65,4.62,-2.30,-0.694,0.345,0.219,-0.217,0.255,6.06,-3.62
crosswind,correction_on,1.70,4.67,-2.20,-0.701,0.329,0.207,-0.213,0.243,5.75,-3.25
crosswind,correction_on,1.75,4.71,-2.10,-0.707,0.315,0.182,-0.205,0.216,5.54,-2.99
crosswind,correction_on,1.80,4.75,-2.01,-0.712,0.302,0.168,-0.200,0.202,5.23,-2.60
crosswind,correction_on,1.85,4.77,-1.93,-0.716,0.289,0.137,-0.189,0.170,5.03,-2.35
crosswind,correction_on,1.90,4.79,-1.86,-0.718,0.278,0.123,-0.185,0.155,4.74,-1.99
crosswind,correction_on,1.95,4.80,-1.79,-0.720,0.269,0.095,-0.175,0.126,4.55,-1.77
crosswind,correction_on,2.00,4.81,-1.74,-0.721,0.261,0.080,-0.170,0.111,4.27,-1.47
crosswind,correction_on,2.05,4.81,-1.69,-0.721,0.254,0.049,-0.161,0.080,4.09,-1.28
crosswind,correction_on,2.10,4.80,-1.65,-0.720,0.248,0.035,-0.156,0.067,3.84,-1.04
crosswind,correction_on,2.15,4.79,-1.62,-0.719,0.242,0.007,-0.149,0.045,3.67,-0.90
crosswind,correction_on,2.20,4.78,-1.58,-0.717,0.237,-0.006,-0.145,0.038,3.44,-0.72
crosswind,correction_on,2.25,4.77,-1.55,-0.716,0.233,-0.036,-0.138,0.040,3.30,-0.62
crosswind,correction_on,2.30,4.76,-1.52,-0.714,0.229,-0.049,-0.135,0.047,3.09,-0.51
crosswind,correction_on,2.35,4.75,-1.50,-0.713,0.225,-0.073,-0.130,0.066,2.97,-0.45
crosswind,correction_on,2.40,4.74,-1.48,-0.711,0.222,-0.085,-0.127,0.077,2.79,-0.38
crosswind,correction_on,2.45,4.73,-1.46,-0.710,0.219,-0.110,-0.123,0.100,2.69,-0.36
crosswind,correction_on,2.50,4.72,-1.44,-0.708,0.216,-0.120,-0.121,0.110,2.56,-0.34
crosswind,correction_on,2.55,4.71,-1.42,-0.707,0.213,-0.139,-0.119,0.128,2.48,-0.33
crosswind,correction_on,2.60,4.70,-1.41,-0.705,0.211,-0.148,-0.117,0.137,2.41,-0.34
crosswind,correction_on,2.65,4.69,-1.39,-0.704,0.209,-0.166,-0.115,0.155,2.35,-0.36
crosswind,correction_on,2.70,4.69,-1.38,-0.704,0.207,-0.173,-0.114,0.162,2.31,-0.40
crosswind,correction_on,2.75,4.70,-1.36,-0.705,0.204,-0.186,-0.112,0.175,2.29,-0.42
crosswind,correction_on,2.80,4.72,-1.35,-0.707,0.202,-0.192,-0.111,0.181,2.28,-0.47
crosswind,correction_on,2.85,4.74,-1.33,-0.711,0.199,-0.204,-0.110,0.193,2.29,-0.50
crosswind,correction_on,2.90,4.77,-1.31,-0.716,0.197,-0.209,-0.109,0.197,2.33,-0.55
crosswind,correction_on,2.95,4.81,-1.29,-0.722,0.193,-0.217,-0.107,0.206,2.36,-0.58
crosswind,correction_on,3.00,4.84,-1.27,-0.727,0.190,-0.221,-0.106,0.209,2.43,-0.62
crosswind,correction_on,3.05,4.87,-1.25,-0.730,0.188,-0.228,-0.104,0.217,2.48,-0.65
crosswind,correction_on,3.10,4.88,-1.24,-0.732,0.186,-0.231,-0.102,0.219,2.57,-0.68
crosswind,correction_on,3.15,4.88,-1.23,-0.732,0.184,-0.235,-0.100,0.224,2.64,-0.70
crosswind,correction_on,3.20,4.89,-1.21,-0.733,0.182,-0.237,-0.098,0.226,2.75,-0.72
crosswind,correction_on,3.25,4.90,-1.20,-0.735,0.180,-0.240,-0.094,0.229,2.82,-0.73
crosswind,correction_on,3.30,4.91,-1.16,-0.737,0.174,-0.241,-0.093,0.230,2.93,-0.74
crosswind,correction_on,3.35,4.93,-1.11,-0.739,0.166,-0.242,-0.089,0.231,3.00,-0.74
crosswind,correction_on,3.40,4.95,-1.04,-0.743,0.156,-0.242,-0.087,0.232,3.10,-0.74
crosswind,correction_on,3.45,4.98,-0.96,-0.747,0.143,-0.241,-0.083,0.232,3.17,-0.73
crosswind,correction_on,3.50,5.00,-0.87,-0.750,0.130,-0.241,-0.081,0.231,3.26,-0.70
crosswind,correction_on,3.55,5.02,-0.78,-0.753,0.117,-0.239,-0.076,0.230,3.33,-0.68
crosswind,correction_on,3.60,5.05,-0.70,-0.757,0.104,-0.237,-0.074,0.229,3.43,-0.64
crosswind,correction_on,3.65,5.08,-0.61,-0.761,0.091,-0.234,-0.070,0.226,3.51,-0.59
crosswind,correction_on,3.70,5.11,-0.53,-0.766,0.080,-0.232,-0.068,0.224,3.61,-0.53
crosswind,correction_on,3.75,5.14,-0.46,-0.771,0.069,-0.228,-0.065,0.221,3.69,-0.49
crosswind,correction_on,3.80,5.17,-0.40,-0.776,0.061,-0.225,-0.063,0.219,3.80,-0.43
crosswind,correction_on,3.85,5.20,-0.37,-0.780,0.055,-0.220,-0.060,0.214,3.87,-0.39
crosswind,correction_on,3.90,5.23,-0.35,-0.784,0.053,-0.217,-0.059,0.211,3.98,-0.34
crosswind,correction_on,3.95,5.25,-0.36,-0.787,0.054,-0.211,-0.058,0.206,4.05,-0.31
crosswind,correction_on,4.00,5.26,-0.39,-0.789,0.059,-0.208,-0.057,0.203,4.15,-0.28
crosswind,correction_on,4.05,5.27,-0.44,-0.790,0.067,-0.202,-0.057,0.197,4.22,-0.28
crosswind,correction_on,4.10,5.27,-0.51,-0.791,0.077,-0.199,-0.057,0.194,4.30,-0.29
crosswind,correction_on,4.15,5.27,-0.60,-0.791,0.091,-0.193,-0.057,0.188,4.36,-0.32
crosswind,correction_on,4.20,5.27,-0.71,-0.791,0.107,-0.189,-0.058,0.185,4.43,-0.39
crosswind,correction_on,4.25,5.27,-0.83,-0.791,0.124,-0.182,-0.059,0.178,4.46,-0.44
crosswind,correction_on,4.30,5.27,-0.94,-0.790,0.141,-0.179,-0.060,0.175,4.51,-0.55
crosswind,correction_on,4.35,5.27,-1.05,-0.790,0.158,-0.173,-0.062,0.168,4.53,-0.63
crosswind,correction_on,4.40,5.26,-1.17,-0.789,0.175,-0.170,-0.064,0.165,4.56,-0.77
crosswind,correction_on,4.45,5.26,-1.28,-0.789,0.192,-0.163,-0.066,0.157,4.57,-0.87
crosswind,correction_on,4.50,5.25,-1.39,-0.788,0.209,-0.160,-0.068,0.154,4.59,-1.02
crosswind,correction_on,4.55,5.24,-1.50,-0.786,0.225,-0.155,-0.070,0.148,4.59,-1.12
crosswind,correction_on,4.60,5.23,-1.60,-0.784,0.240,-0.152,-0.072,0.145,4.60,-1.27
crosswind,correction_on,4.65,5.21,-1.70,-0.781,0.255,-0.147,-0.075,0.140,4.60,-1.36
crosswind,correction_on,4.70,5.18,-1.80,-0.777,0.269,-0.145,-0.077,0.137,4.59,-1.50
crosswind,correction_on,4.75,5.16,-1.88,-0.773,0.282,-0.141,-0.079,0.133,4.58,-1.58
crosswind,correction_on,4.80,5.13,-1.96,-0.769,0.295,-0.139,-0.080,0.131,4.56,-1.69
crosswind,correction_on,4.85,5.10,-2.03,-0.765,0.305,-0.135,-0.082,0.127,4.54,-1.75
crosswind,correction_on,4.90,5.07,-2.10,-0.761,0.315,-0.134,-0.083,0.125,4.51,-1.84
crosswind,correction_on,4.95,5.05,-2.16,-0.757,0.324,-0.131,-0.084,0.122,4.48,-1.88
crosswind,correction_on,5.00,5.03,-2.21,-0.754,0.331,-0.129,-0.084,0.120,4.44,-1.93
crosswind,correction_on,5.05,5.01,-2.24,-0.752,0.337,-0.126,-0.084,0.117,4.41,-1.95
crosswind,correction_on,5.10,5.00,-2.27,-0.750,0.341,-0.125,-0.084,0.116,4.37,-1.97
crosswind,correction_on,5.15,5.00,-2.29,-0.750,0.344,-0.123,-0.082,0.114,4.34,-1.97
crosswind,correction_on,5.20,5.00,-2.30,-0.750,0.345,-0.122,-0.081,0.114,4.31,-1.95
crosswind,correction_on,5.25,5.01,-2.30,-0.752,0.345,-0.119,-0.079,0.112,4.29,-1.93
crosswind,correction_on,5.30,5.02,-2.29,-0.754,0.344,-0.118,-0.078,0.111,4.27,-1.88
crosswind,correction_on,5.35,5.04,-2.27,-0.756,0.341,-0.117,-0.075,0.110,4.26,-1.84
crosswind,correction_on,5.40,5.05,-2.25,-0.758,0.338,-0.116,-0.074,0.110,4.25,-1.77
crosswind,correction_on,5.45,5.07,-2.22,-0.760,0.334,-0.114,-0.070,0.109,4.26,-1.72
crosswind,correction_on,5.50,5.08,-2.19,-0.762,0.329,-0.114,-0.069,0.109,4.26,-1.64
crosswind,correction_on,5.55,5.09,-2.16,-0.763,0.324,-0.112,-0.065,0.109,4.27,-1.58
crosswind,correction_on,5.60,5.09,-2.12,-0.764,0.318,-0.111,-0.063,0.109,4.28,-1.49
crosswind,correction_on,5.65,5.10,-2.08,-0.765,0.312,-0.109,-0.059,0.110,4.30,-1.42
crosswind,correction_on,5.70,5.10,-2.03,-0.765,0.305,-0.108,-0.056,0.110,4.32,-1.32
crosswind,correction_on,5.75,5.10,-1.99,-0.765,0.298,-0.107,-0.052,0.110,4.33,-1.26
crosswind,correction_on,5.80,5.10,-1.94,-0.765,0.290,-0.106,-0.050,0.111,4.35,-1.16
crosswind,correction_on,5.85,5.10,-1.89,-0.765,0.283,-0.104,-0.045,0.112,4.36,-1.09
crosswind,correction_on,5.90,5.10,-1.84,-0.765,0.275,-0.103,-0.043,0.112,4.37,-0.99
crosswind,correction_on,5.95,5.10,-1.79,-0.765,0.268,-0.102,-0.039,0.113,4.38,-0.93
crosswind,correction_on,6.00,5.10,-1.74,-0.765,0.261,-0.101,-0.038,0.114,4.39,-0.84
crosswind,correction_on,6.05,5.10,-1.69,-0.764,0.254,-0.100,-0.034,0.115,4.40,-0.79
crosswind,correction_on,6.10,5.09,-1.64,-0.764,0.247,-0.099,-0.033,0.115,4.40,-0.72
crosswind,correction_on,6.15,5.09,-1.60,-0.763,0.240,-0.098,-0.030,0.116,4.41,-0.67
crosswind,correction_on,6.20,5.08,-1.56,-0.762,0.234,-0.097,-0.029,0.117,4.41,-0.61
crosswind,correction_on,6.25,5.08,-1.53,-0.761,0.229,-0.096,-0.026,0.117,4.40,-0.58
crosswind,correction_on,6.30,5.07,-1.50,-0.760,0.226,-0.096,-0.025,0.118,4.40,-0.54
crosswind,correction_on,6.35,5.06,-1.49,-0.759,0.223,-0.094,-0.024,0.118,4.40,-0.52
crosswind,correction_on,6.40,5.06,-1.48,-0.758,0.222,-0.094,-0.024,0.117,4.39,-0.49
crosswind,correction_on,6.45,5.05,-1.48,-0.757,0.221,-0.093,-0.024,0.116,4.38,-0.49
crosswind,correction_on,6.50,5.04,-1.48,-0.756,0.222,-0.092,-0.025,0.116,4.37,-0.49
crosswind,correction_on,6.55,5.02,-1.49,-0.754,0.223,-0.091,-0.026,0.114,4.37,-0.50
crosswind,correction_on,6.60,5.01,-1.51,-0.751,0.226,-0.091,-0.027,0.113,4.35,-0.53
crosswind,correction_on,6.65,4.99,-1.53,-0.748,0.230,-0.090,-0.030,0.111,4.35,-0.55
crosswind,correction_on,6.70,4.96,-1.57,-0.745,0.235,-0.090,-0.031,0.109,4.33,-0.61
crosswind,correction_on,6.75,4.93,-1.61,-0.740,0.241,-0.090,-0.035,0.107,4.32,-0.65
crosswind,correction_on,6.80,4.90,-1.65,-0.735,0.247,-0.090,-0.036,0.106,4.30,-0.72
crosswind,correction_on,6.85,4.86,-1.70,-0.729,0.255,-0.090,-0.040,0.103,4.28,-0.78
crosswind,correction_on,6.90,4.82,-1.75,-0.723,0.263,-0.090,-0.042,0.102,4.25,-0.86
crosswind,correction_on,6.95,4.77,-1.80,-0.716,0.271,-0.090,-0.046,0.100,4.22,-0.92
crosswind,correction_on,7.00,4.73,-1.86,-0.709,0.279,-0.091,-0.048,0.099,4.18,-1.02
crosswind,correction_on,7.05,4.68,-1.92,-0.702,0.288,-0.091,-0.053,0.097,4.14,-1.08
crosswind,correction_on,7.10,4.63,-1.98,-0.695,0.297,-0.092,-0.055,0.096,4.09,-1.17
crosswind,correction_on,7.15,4.59,-2.03,-0.689,0.305,-0.092,-0.060,0.094,4.05,-1.23
crosswind,correction_on,7.20,4.55,-2.09,-0.683,0.314,-0.092,-0.062,0.093,3.99,-1.31
crosswind,correction_on,7.25,4.52,-2.15,-0.678,0.322,-0.092,-0.067,0.091,3.96,-1.37
crosswind,correction_on,7.30,4.49,-2.20,-0.673,0.330,-0.092,-0.070,0.089,3.90,-1.46
crosswind,correction_on,7.35,4.47,-2.25,-0.670,0.337,-0.092,-0.074,0.087,3.87,-1.51
crosswind,correction_on,7.40,4.45,-2.29,-0.668,0.344,-0.091,-0.076,0.086,3.83,-1.58
crosswind,correction_on,7.45,4.45,-2.34,-0.668,0.350,-0.089,-0.080,0.083,3.81,-1.63
crosswind,correction_on,7.50,4.46,-2.37,-0.669,0.356,-0.088,-0.082,0.081,3.79,-1.69
crosswind,correction_on,7.55,4.47,-2.40,-0.671,0.360,-0.085,-0.084,0.078,3.79,-1.73
crosswind,correction_on,7.60,4.49,-2.43,-0.674,0.365,-0.084,-0.086,0.076,3.80,-1.77
crosswind,correction_on,7.65,4.53,-2.45,-0.679,0.368,-0.080,-0.088,0.071,3.82,-1.79
crosswind,correction_on,7.70,4.57,-2.47,-0.685,0.370,-0.078,-0.088,0.069,3.85,-1.81
crosswind,correction_on,7.75,4.62,-2.47,-0.693,0.371,-0.074,-0.088,0.065,3.89,-1.82
crosswind,correction_on,7.80,4.67,-2.47,-0.701,0.371,-0.071,-0.088,0.063,3.96,-1.82
crosswind,correction_on,7.85,4.72,-2.46,-0.709,0.369,-0.066,-0.088,0.058,4.01,-1.81
crosswind,correction_on,7.90,4.77,-2.45,-0.716,0.367,-0.064,-0.087,0.056,4.10,-1.78
crosswind,correction_on,7.95,4.82,-2.42,-0.723,0.363,-0.059,-0.086,0.052,4.17,-1.76
crosswind,correction_on,8.00,4.86,-2.38,-0.729,0.357,-0.057,-0.085,0.051,4.27,-1.71
crosswind,correction_on,8.05,4.90,-2.34,-0.735,0.351,-0.052,-0.082,0.048,4.34,-1.67
crosswind,correction_on,8.10,4.94,-2.28,-0.741,0.342,-0.049,-0.081,0.046,4.44,-1.61
crosswind,correction_on,8.15,4.98,-2.22,-0.747,0.333,-0.045,-0.078,0.045,4.51,-1.56
crosswind,correction_on,8.20,5.02,-2.15,-0.753,0.323,-0.043,-0.076,0.045,4.59,-1.47
crosswind,correction_on,8.25,5.06,-2.08,-0.759,0.312,-0.039,-0.072,0.045,4.65,-1.40
crosswind,correction_on,8.30,5.10,-2.00,-0.765,0.300,-0.038,-0.070,0.045,4.71,-1.31
crosswind,correction_on,8.35,5.14,-1.92,-0.771,0.288,-0.035,-0.067,0.047,4.75,-1.24
crosswind,correction_on,8.40,5.18,-1.84,-0.777,0.276,-0.035,-0.065,0.048,4.80,-1.13
crosswind,correction_on,8.45,5.22,-1.76,-0.782,0.264,-0.033,-0.062,0.050,4.83,-1.06
crosswind,correction_on,8.50,5.25,-1.68,-0.787,0.252,-0.032,-0.060,0.052,4.86,-0.95
crosswind,correction_on,8.55,5.27,-1.61,-0.791,0.242,-0.031,-0.057,0.054,4.87,-0.88
crosswind,correction_on,8.60,5.29,-1.55,-0.793,0.232,-0.031,-0.056,0.055,4.89,-0.78
crosswind,correction_on,8.65,5.30,-1.49,-0.795,0.224,-0.031,-0.053,0.058,4.89,-0.72
crosswind,correction_on,8.70,5.31,-1.44,-0.796,0.216,-0.032,-0.052,0.059,4.89,-0.63
crosswind,correction_on,8.75,5.30,-1.41,-0.795,0.211,-0.033,-0.051,0.060,4.88,-0.58
crosswind,correction_on,8.80,5.29,-1.38,-0.794,0.206,-0.033,-0.051,0.060,4.86,-0.52
crosswind,correction_on,8.85,5.27,-1.36,-0.791,0.204,-0.036,-0.052,0.061,4.84,-0.49
crosswind,correction_on,8.90,5.24,-1.35,-0.787,0.202,-0.037,-0.052,0.061,4.80,-0.46
crosswind,correction_on,8.95,5.20,-1.35,-0.780,0.203,-0.040,-0.055,0.060,4.76,-0.46
crosswind,correction_on,9.00,5.15,-1.37,-0.773,0.205,-0.042,-0.056,0.060,4.69,-0.47
crosswind,correction_on,9.05,5.09,-1.39,-0.763,0.209,-0.046,-0.060,0.059,4.64,-0.49
crosswind,correction_on,9.10,5.02,-1.43,-0.753,0.215,-0.048,-0.062,0.058,4.55,-0.54
crosswind,correction_on,9.15,4.95,-1.48,-0.742,0.222,-0.053,-0.067,0.057,4.48,-0.58
crosswind,correction_on,9.20,4.87,-1.54,-0.730,0.231,-0.055,-0.070,0.057,4.37,-0.66
crosswind,correction_on,9.25,4.79,-1.61,-0.718,0.241,-0.060,-0.077,0.057,4.29,-0.73
crosswind,correction_on,9.30,4.71,-1.68,-0.706,0.252,-0.062,-0.080,0.058,4.16,-0.84
crosswind,correction_on,9.35,4.63,-1.76,-0.694,0.264,-0.067,-0.087,0.059,4.07,-0.92
crosswind,correction_on,9.40,4.55,-1.84,-0.683,0.276,-0.069,-0.090,0.060,3.94,-1.05
crosswind,correction_on,9.45,4.48,-1.92,-0.672,0.287,-0.073,-0.098,0.063,3.85,-1.14
crosswind,correction_on,9.50,4.41,-1.99,-0.662,0.299,-0.075,-0.101,0.064,3.73,-1.28
crosswind,correction_on,9.55,4.35,-2.07,-0.653,0.311,-0.078,-0.108,0.067,3.66,-1.37
crosswind,correction_on,9.60,4.30,-2.15,-0.644,0.322,-0.079,-0.111,0.068,3.55,-1.50
crosswind,correction_on,9.65,4.25,-2.22,-0.637,0.333,-0.081,-0.119,0.071,3.49,-1.59
crosswind,correction_on,9.70,4.21,-2.30,-0.631,0.344,-0.082,-0.122,0.072,3.42,-1.71
crosswind,correction_on,9.75,4.18,-2.36,-0.627,0.355,-0.082,-0.127,0.074,3.38,-1.78
crosswind,correction_on,9.80,4.16,-2.43,-0.624,0.364,-0.082,-0.130,0.074,3.34,-1.89
crosswind,correction_on,9.85,4.15,-2.49,-0.623,0.373,-0.081,-0.135,0.075,3.33,-1.94
crosswind,correction_on,9.90,4.16,-2.54,-0.624,0.381,-0.080,-0.137,0.075,3.33,-2.02
crosswind,correction_on,9.95,4.18,-2.58,-0.627,0.386,-0.077,-0.140,0.074,3.34,-2.06
crosswind,correction_on,10.00,4.22,-2.60,-0.633,0.391,-0.076,-0.142,0.073,3.38,-2.12
crosswind,correction_on,10.05,4.27,-2.62,-0.641,0.393,-0.072,-0.143,0.071,3.42,-2.14
crosswind,correction_on,10.10,4.35,-2.62,-0.652,0.393,-0.070,-0.144,0.069,3.50,-2.16
crosswind,correction_on,10.15,4.43,-2.61,-0.664,0.391,-0.065,-0.144,0.065,3.56,-2.16
crosswind,correction_on,10.20,4.50,-2.59,-0.675,0.389,-0.063,-0.143,0.063,3.67,-2.14
crosswind,correction_on,10.25,4.57,-2.56,-0.686,0.384,-0.057,-0.141,0.057,3.76,-2.12
crosswind,correction_on,10.30,4.63,-2.51,-0.695,0.377,-0.054,-0.139,0.053,3.90,-2.07
crosswind,correction_on,10.35,4.69,-2.45,-0.704,0.368,-0.048,-0.136,0.047,4.00,-2.02
crosswind,correction_on,10.40,4.75,-2.38,-0.712,0.357,-0.045,-0.134,0.043,4.14,-1.95
crosswind,correction_on,10.45,4.81,-2.30,-0.721,0.344,-0.039,-0.129,0.035,4.27,-1.86
crosswind,correction_on,10.50,4.87,-2.20,-0.730,0.330,-0.036,-0.127,0.031,4.42,-1.75
crosswind,correction_on,10.55,4.93,-2.10,-0.740,0.315,-0.030,-0.122,0.024,4.51,-1.66
crosswind,correction_on,10.60,5.00,-1.99,-0.750,0.298,-0.028,-0.119,0.021,4.65,-1.52
crosswind,correction_on,10.65,5.06,-1.87,-0.760,0.281,-0.023,-0.114,0.013,4.73,-1.41
crosswind,correction_on,10.70,5.13,-1.76,-0.770,0.265,-0.021,-0.111,0.011,4.84,-1.26
crosswind,correction_on,10.75,5.20,-1.67,-0.780,0.250,-0.018,-0.106,0.007,4.90,-1.16
crosswind,correction_on,10.80,5.27,-1.57,-0.791,0.235,-0.017,-0.104,0.007,4.98,-1.01
crosswind,correction_on,10.85,5.34,-1.48,-0.800,0.222,-0.015,-0.099,0.010,5.03,-0.91
crosswind,correction_on,10.90,5.40,-1.39,-0.810,0.209,-0.014,-0.096,0.011,5.08,-0.77
crosswind,correction_on,10.95,5.45,-1.32,-0.817,0.197,-0.014,-0.092,0.016,5.11,-0.69
crosswind,correction_on,11.00,5.49,-1.25,-0.824,0.187,-0.014,-0.090,0.018,5.14,-0.57
crosswind,correction_on,11.05,5.52,-1.20,-0.828,0.180,-0.016,-0.085,0.022,5.14,-0.50
crosswind,correction_on,11.10,5.54,-1.16,-0.831,0.173,-0.017,-0.084,0.024,5.14,-0.41
crosswind,correction_on,11.15,5.55,-1.12,-0.832,0.168,-0.019,-0.081,0.028,5.13,-0.36
crosswind,correction_on,11.20,5.55,-1.09,-0.832,0.164,-0.020,-0.080,0.029,5.10,-0.30
crosswind,correction_on,11.25,5.53,-1.07,-0.830,0.161,-0.024,-0.078,0.032,5.06,-0.27
crosswind,correction_on,11.30,5.50,-1.06,-0.826,0.159,-0.026,-0.077,0.033,5.00,-0.25
crosswind,correction_on,11.35,5.46,-1.05,-0.819,0.158,-0.029,-0.077,0.036,4.95,-0.24
crosswind,correction_on,11.40,5.40,-1.06,-0.809,0.159,-0.031,-0.077,0.037,4.86,-0.25
crosswind,correction_on,11.45,5.32,-1.07,-0.798,0.160,-0.037,-0.078,0.039,4.79,-0.26
crosswind,correction_on,11.50,5.24,-1.08,-0.786,0.163,-0.039,-0.078,0.040,4.68,-0.30
crosswind,correction_on,11.55,5.15,-1.11,-0.772,0.167,-0.044,-0.081,0.043,4.60,-0.33
crosswind,correction_on,11.60,5.06,-1.15,-0.759,0.173,-0.047,-0.082,0.044,4.47,-0.40
crosswind,correction_on,11.65,4.96,-1.20,-0.745,0.180,-0.053,-0.086,0.047,4.37,-0.45
crosswind,correction_on,11.70,4.87,-1.26,-0.730,0.188,-0.055,-0.087,0.048,4.22,-0.53
crosswind,correction_on,11.75,4.78,-1.32,-0.717,0.197,-0.060,-0.091,0.052,4.12,-0.60
crosswind,correction_on,11.80,4.68,-1.38,-0.703,0.207,-0.063,-0.093,0.053,3.97,-0.70
crosswind,correction_on,11.85,4.60,-1.45,-0.689,0.218,-0.067,-0.099,0.057,3.87,-0.77
crosswind,correction_on,11.90,4.51,-1.53,-0.677,0.230,-0.069,-0.101,0.058,3.75,-0.87
crosswind,correction_on,11.95,4.44,-1.61,-0.665,0.242,-0.072,-0.107,0.061,3.65,-0.97
crosswind,correction_on,12.00,4.36,-1.70,-0.655,0.255,-0.073,-0.110,0.062,3.54,-1.09
crosswind,correction_on,12.05,4.30,-1.78,-0.645,0.268,-0.075,-0.116,0.064,3.47,-1.17
crosswind,correction_on,12.10,4.25,-1.87,-0.637,0.281,-0.075,-0.119,0.065,3.39,-1.30
crosswind,correction_on,12.15,4.21,-1.96,-0.631,0.294,-0.075,-0.124,0.066,3.35,-1.38
crosswind,correction_on,12.20,4.18,-2.05,-0.627,0.307,-0.075,-0.127,0.066,3.31,-1.50
crosswind,correction_on,12.25,4.16,-2.13,-0.624,0.319,-0.072,-0.132,0.066,3.29,-1.58
crosswind,correction_on,12.30,4.16,-2.20,-0.624,0.330,-0.071,-0.134,0.066,3.30,-1.70
crosswind,correction_on,12.35,4.17,-2.27,-0.626,0.340,-0.068,-0.138,0.064,3.31,-1.77
crosswind,correction_on,12.40,4.20,-2.32,-0.630,0.349,-0.066,-0.139,0.064,3.36,-1.87
crosswind,correction_on,12.45,4.24,-2.37,-0.636,0.356,-0.062,-0.141,0.061,3.40,-1.92
crosswind,correction_on,12.50,4.30,-2.41,-0.644,0.361,-0.059,-0.142,0.059,3.48,-1.98
crosswind,correction_on,12.55,4.37,-2.43,-0.655,0.365,-0.055,-0.142,0.056,3.55,-2.01
crosswind,correction_on,12.60,4.45,-2.44,-0.667,0.367,-0.052,-0.142,0.054,3.66,-2.04
crosswind,correction_on,12.65,4.53,-2.44,-0.679,0.366,-0.046,-0.141,0.049,3.75,-2.05
crosswind,correction_on,12.70,4.60,-2.43,-0.690,0.365,-0.044,-0.140,0.046,3.89,-2.04
crosswind,correction_on,12.75,4.67,-2.41,-0.701,0.361,-0.038,-0.138,0.041,3.99,-2.02
crosswind,correction_on,12.80,4.74,-2.37,-0.710,0.355,-0.036,-0.136,0.038,4.14,-1.97
crosswind,correction_on,12.85,4.80,-2.32,-0.719,0.347,-0.030,-0.132,0.030,4.24,-1.93
crosswind,correction_on,12.90,4.85,-2.25,-0.728,0.337,-0.027,-0.129,0.027,4.40,-1.85
crosswind,correction_on,12.95,4.91,-2.16,-0.737,0.324,-0.023,-0.124,0.020,4.49,-1.78
crosswind,correction_on,13.00,4.97,-2.07,-0.745,0.311,-0.021,-0.121,0.017,4.62,-1.67
crosswind,correction_on,13.05,5.03,-1.97,-0.754,0.295,-0.017,-0.114,0.009,4.70,-1.58
crosswind,correction_on,13.10,5.09,-1.86,-0.763,0.279,-0.016,-0.111,0.006,4.80,-1.43
crosswind,correction_on,13.15,5.14,-1.74,-0.772,0.262,-0.013,-0.104,0.004,4.86,-1.33
crosswind,correction_on,13.20,5.20,-1.64,-0.780,0.245,-0.012,-0.100,0.007,4.93,-1.16
crosswind,correction_on,13.25,5.25,-1.54,-0.788,0.230,-0.011,-0.092,0.015,4.96,-1.04
crosswind,correction_on,13.30,5.31,-1.44,-0.796,0.217,-0.010,-0.089,0.018,5.01,-0.87
crosswind,correction_on,13.35,5.36,-1.36,-0.804,0.204,-0.009,-0.083,0.025,5.03,-0.75
crosswind,correction_on,13.40,5.41,-1.28,-0.812,0.193,-0.009,-0.080,0.027,5.05,-0.59
crosswind,correction_on,13.45,5.45,-1.22,-0.818,0.183,-0.010,-0.074,0.033,5.06,-0.49
crosswind,correction_on,13.50,5.49,-1.16,-0.823,0.174,-0.010,-0.072,0.035,5.07,-0.36
crosswind,correction_on,13.55,5.51,-1.11,-0.826,0.166,-0.011,-0.068,0.040,5.06,-0.29
crosswind,correction_on,13.60,5.52,-1.07,-0.828,0.160,-0.012,-0.066,0.041,5.05,-0.20
crosswind,correction_on,13.65,5.51,-1.04,-0.827,0.156,-0.015,-0.063,0.044,5.04,-0.16
crosswind,correction_on,13.70,5.50,-1.02,-0.825,0.153,-0.016,-0.062,0.045,5.01,-0.11
crosswind,correction_on,13.75,5.48,-1.00,-0.821,0.151,-0.020,-0.061,0.047,4.98,-0.09
crosswind,correction_on,13.80,5.43,-1.00,-0.815,0.150,-0.022,-0.061,0.048,4.92,-0.08
crosswind,correction_on,13.85,5.37,-1.00,-0.806,0.150,-0.027,-0.061,0.049,4.87,-0.09
crosswind,correction_on,13.90,5.30,-1.01,-0.795,0.152,-0.029,-0.062,0.049,4.78,-0.12
crosswind,correction_on,13.95,5.22,-1.04,-0.783,0.156,-0.034,-0.063,0.050,4.70,-0.15
crosswind,correction_on,14.00,5.13,-1.07,-0.770,0.161,-0.037,-0.064,0.050,4.59,-0.20
crosswind,correction_on,14.05,5.04,-1.12,-0.756,0.168,-0.042,-0.067,0.051,4.50,-0.25
crosswind,correction_on,14.10,4.94,-1.18,-0.741,0.177,-0.045,-0.069,0.051,4.36,-0.33
crosswind,correction_on,14.15,4.84,-1.24,-0.727,0.185,-0.051,-0.072,0.053,4.26,-0.39
crosswind,correction_on,14.20,4.74,-1.30,-0.712,0.195,-0.054,-0.074,0.054,4.11,-0.49
crosswind,correction_on,14.25,4.64,-1.36,-0.696,0.205,-0.060,-0.078,0.057,4.01,-0.57
crosswind,correction_on,14.30,4.55,-1.43,-0.682,0.215,-0.062,-0.081,0.058,3.85,-0.68
crosswind,correction_on,14.35,4.45,-1.51,-0.668,0.226,-0.067,-0.085,0.060,3.75,-0.75
crosswind,correction_on,14.40,4.36,-1.58,-0.655,0.237,-0.069,-0.087,0.061,3.61,-0.87
crosswind,correction_on,14.45,4.29,-1.66,-0.643,0.249,-0.073,-0.093,0.063,3.52,-0.95
crosswind,correction_on,14.50,4.22,-1.74,-0.633,0.260,-0.074,-0.095,0.064,3.40,-1.07
crosswind,correction_on,14.55,4.16,-1.81,-0.625,0.272,-0.076,-0.099,0.066,3.34,-1.14
crosswind,correction_on,14.60,4.12,-1.89,-0.617,0.283,-0.077,-0.102,0.066,3.25,-1.25
crosswind,correction_on,14.65,4.08,-1.95,-0.612,0.293,-0.078,-0.106,0.067,3.21,-1.32
crosswind,correction_on,14.70,4.06,-2.02,-0.609,0.302,-0.078,-0.108,0.067,3.17,-1.42
crosswind,correction_on,14.75,4.05,-2.07,-0.608,0.311,-0.078,-0.111,0.066,3.16,-1.48
crosswind,correction_on,14.80,4.06,-2.12,-0.609,0.318,-0.077,-0.112,0.066,3.16,-1.56
crosswind,correction_on,14.85,4.09,-2.16,-0.613,0.324,-0.074,-0.115,0.064,3.18,-1.61
crosswind,correction_on,14.90,4.13,-2.20,-0.619,0.330,-0.073,-0.116,0.062,3.22,-1.66
crosswind,correction_on,14.95,4.19,-2.23,-0.628,0.334,-0.069,-0.118,0.059,3.28,-1.69
