condition_idx,wind_vx_m_s,wind_vy_m_s,t_s,cmd_north_m,cmd_east_m,actual_north_m,actual_east_m,actual_down_m,vn_m_s,ve_m_s,vd_m_s,roll_deg,pitch_deg,yaw_deg,wx_rad_s,wy_rad_s,wz_rad_s,actuator0,actuator1,actuator2,actuator3
0,1.053,1.292,0.00,0.863,1.373,0.922,1.345,-1.510,-0.042,-0.133,-0.041,-0.35,1.17,0.09,0.0089,-0.0133,-0.0093,775.2059,765.2595,766.8127,769.7638
0,1.017,1.266,0.05,0.863,1.373,0.922,1.345,-1.510,-0.042,-0.133,-0.041,-0.35,1.17,0.09,0.0089,-0.0133,-0.0093,775.2059,765.2595,766.8127,769.7638
0,0.981,1.237,0.10,0.863,1.373,0.919,1.339,-1.511,-0.043,-0.124,-0.041,-0.33,1.14,0.08,0.0063,-0.0134,-0.0088,775.3220,765.2184,767.1848,769.3582
0,0.947,1.205,0.15,0.863,1.373,0.917,1.336,-1.512,-0.043,-0.118,-0.041,-0.31,1.10,0.08,0.0046,-0.0108,-0.0080,775.1834,765.2793,767.0681,769.4383
0,0.914,1.170,0.20,0.863,1.373,0.915,1.332,-1.514,-0.042,-0.108,-0.041,-0.30,1.07,0.08,0.0021,-0.0098,-0.0067,775.2164,765.0103,767.2984,769.3651
0,0.882,1.133,0.25,0.863,1.373,0.915,1.330,-1.515,-0.042,-0.103,-0.041,-0.29,1.04,0.08,-0.0009,-0.0069,-0.0067,774.7991,765.0388,767.3306,769.4364
0,0.852,1.094,0.30,0.863,1.373,0.913,1.326,-1.517,-0.040,-0.093,-0.041,-0.29,1.02,0.09,-0.0027,-0.0034,-0.0055,774.4115,765.0487,767.0563,769.8284
0,0.824,1.052,0.35,0.863,1.373,0.912,1.324,-1.518,-0.039,-0.086,-0.041,-0.30,1.01,0.10,-0.0038,-0.0035,-0.0050,774.8199,764.4140,767.7558,769.3801
0,0.797,1.008,0.40,0.863,1.373,0.911,1.322,-1.520,-0.038,-0.077,-0.041,-0.31,1.01,0.11,-0.0077,-0.0013,-0.0045,774.1089,764.8290,767.9247,769.4863
0,0.773,0.963,0.45,0.863,1.373,0.911,1.321,-1.521,-0.037,-0.072,-0.040,-0.33,1.00,0.12,-0.0074,0.0001,-0.0041,774.1178,764.4860,767.8076,769.9727
0,0.751,0.916,0.50,0.863,1.373,0.910,1.319,-1.522,-0.035,-0.063,-0.040,-0.36,1.00,0.13,-0.0101,-0.0002,-0.0036,773.9231,764.4155,768.4185,769.5709
0,0.731,0.869,0.55,0.863,1.373,0.910,1.318,-1.523,-0.034,-0.058,-0.040,-0.39,1.01,0.14,-0.0098,0.0016,-0.0035,773.7298,764.3314,768.4467,769.8290
0,0.713,0.820,0.60,0.863,1.373,0.909,1.316,-1.525,-0.032,-0.051,-0.040,-0.41,1.01,0.15,-0.0110,0.0034,-0.0029,772.9828,764.8386,768.3947,770.1895
0,0.698,0.771,0.65,0.863,1.373,0.909,1.315,-1.526,-0.032,-0.048,-0.039,-0.44,1.02,0.16,-0.0095,0.0029,-0.0050,773.0206,764.5607,768.6194,770.0966
0,0.686,0.721,0.70,0.863,1.373,0.908,1.313,-1.527,-0.030,-0.043,-0.039,-0.47,1.03,0.17,-0.0074,0.0028,-0.0043,772.8318,764.5134,768.5912,770.2456
0,0.676,0.672,0.75,0.863,1.373,0.908,1.311,-1.529,-0.030,-0.040,-0.039,-0.49,1.03,0.18,-0.0055,0.0018,-0.0048,772.8882,764.1636,768.8522,769.9570
0,0.669,0.622,0.80,0.863,1.373,0.907,1.309,-1.530,-0.029,-0.035,-0.039,-0.50,1.04,0.19,-0.0034,0.0024,-0.0062,772.3278,764.4404,768.3793,770.1774
0,0.664,0.573,0.85,0.863,1.373,0.907,1.307,-1.532,-0.029,-0.033,-0.039,-0.51,1.04,0.19,-0.0011,0.0028,-0.0062,772.1469,764.2759,768.1071,770.0776
0,0.663,0.525,0.90,0.863,1.373,0.907,1.305,-1.534,-0.027,-0.030,-0.038,-0.52,1.05,0.19,0.0010,0.0013,-0.0059,772.5088,763.7962,768.3950,769.6500
0,0.664,0.478,0.95,0.863,1.373,0.907,1.303,-1.535,-0.027,-0.028,-0.038,-0.51,1.05,0.19,0.0026,0.0023,-0.0055,772.2986,764.0603,768.2309,769.7983
0,0.668,0.432,1.00,0.863,1.373,0.889,1.293,-1.560,-0.024,0.035,-0.025,-0.53,0.93,0.10,-0.0109,0.0007,-0.0055,773.2218,765.6845,768.1737,769.5355
0,0.674,0.388,1.05,0.863,1.373,0.889,1.293,-1.560,-0.024,0.035,-0.025,-0.53,0.93,0.10,-0.0109,0.0007,-0.0055,773.2218,765.6845,768.1737,769.5355
0,0.684,0.346,1.10,0.863,1.373,0.888,1.294,-1.561,-0.024,0.036,-0.025,-0.56,0.93,0.10,-0.0095,0.0002,-0.0061,773.1327,765.5303,768.1755,769.2890
0,0.696,0.305,1.15,0.863,1.373,0.887,1.297,-1.562,-0.023,0.038,-0.025,-0.59,0.93,0.09,-0.0100,0.0017,-0.0060,772.7179,765.6680,767.9979,769.2415
0,0.710,0.267,1.20,0.863,1.373,0.887,1.298,-1.563,-0.023,0.038,-0.025,-0.63,0.94,0.09,-0.0091,0.0012,-0.0054,772.5227,765.5338,767.9013,769.0556
0,0.728,0.231,1.25,0.863,1.373,0.886,1.301,-1.564,-0.023,0.039,-0.024,-0.65,0.94,0.09,-0.0091,0.0012,-0.0048,772.4126,765.4135,767.7408,768.8880
0,0.747,0.198,1.30,0.863,1.373,0.886,1.303,-1.565,-0.023,0.040,-0.024,-0.68,0.94,0.08,-0.0085,0.0004,-0.0045,772.0759,765.6418,767.5339,769.0601
0,0.769,0.168,1.35,0.863,1.373,0.885,1.306,-1.567,-0.024,0.041,-0.023,-0.70,0.94,0.08,-0.0086,0.0002,-0.0042,772.0676,765.4082,767.5117,769.0170
0,0.793,0.141,1.40,0.863,1.373,0.885,1.308,-1.568,-0.024,0.041,-0.022,-0.72,0.94,0.07,-0.0099,-0.0001,-0.0041,771.8848,765.4528,767.4341,769.0802
0,0.819,0.117,1.45,0.863,1.373,0.884,1.312,-1.569,-0.025,0.041,-0.021,-0.75,0.94,0.07,-0.0088,-0.0014,-0.0046,771.7415,765.5711,767.4345,769.0294
0,0.848,0.096,1.50,0.863,1.373,0.884,1.314,-1.570,-0.026,0.041,-0.021,-0.77,0.93,0.07,-0.0092,-0.0023,-0.0053,771.5710,765.6349,767.3310,769.0904
0,0.877,0.078,1.55,0.863,1.373,0.883,1.318,-1.572,-0.028,0.040,-0.020,-0.80,0.93,0.07,-0.0080,-0.0040,-0.0042,771.7333,765.3955,767.5234,768.8883
0,0.909,0.064,1.60,0.863,1.373,0.882,1.320,-1.573,-0.029,0.040,-0.019,-0.82,0.91,0.07,-0.0098,-0.0029,-0.0035,771.4430,765.5638,767.5693,768.7426
0,0.942,0.054,1.65,0.863,1.373,0.881,1.323,-1.574,-0.031,0.038,-0.018,-0.85,0.90,0.07,-0.0086,-0.0047,-0.0042,770.7904,766.0432,767.1729,769.0487
0,0.976,0.047,1.70,0.863,1.373,0.880,1.324,-1.575,-0.032,0.037,-0.018,-0.87,0.88,0.07,-0.0067,-0.0072,-0.0025,770.5721,766.0474,767.0431,769.1782
0,1.011,0.044,1.75,0.863,1.373,0.878,1.327,-1.577,-0.035,0.033,-0.017,-0.89,0.86,0.07,-0.0050,-0.0088,-0.0032,770.7318,765.5860,767.5261,768.4682
0,1.047,0.045,1.80,0.863,1.373,0.877,1.327,-1.578,-0.036,0.031,-0.016,-0.90,0.84,0.07,-0.0009,-0.0091,-0.0030,770.4967,765.5302,767.3678,768.6219
0,1.084,0.049,1.85,0.863,1.373,0.875,1.329,-1.580,-0.038,0.027,-0.015,-0.90,0.81,0.08,0.0001,-0.0109,-0.0025,770.5933,765.3449,767.6130,768.4988
0,1.121,0.057,1.90,0.863,1.373,0.874,1.329,-1.581,-0.039,0.025,-0.014,-0.90,0.78,0.08,0.0036,-0.0115,-0.0030,770.4943,765.5179,767.5630,768.8010
0,1.158,0.068,1.95,0.863,1.373,0.871,1.330,-1.582,-0.041,0.020,-0.012,-0.89,0.75,0.08,0.0068,-0.0107,-0.0030,770.4036,765.9139,767.1899,769.4454
0,1.195,0.084,2.00,0.863,1.373,0.817,1.345,-1.585,-0.022,-0.000,-0.015,-0.58,0.09,0.13,-0.0035,0.0022,-0.0058,770.6863,766.1343,768.0754,769.3566
0,1.233,0.102,2.05,0.863,1.373,0.817,1.345,-1.585,-0.022,-0.000,-0.015,-0.58,0.09,0.13,-0.0035,0.0022,-0.0058,770.6863,766.1343,768.0754,769.3566
0,1.270,0.124,2.10,0.863,1.373,0.816,1.348,-1.586,-0.018,0.000,-0.014,-0.59,0.10,0.13,-0.0037,0.0021,-0.0045,770.2767,766.4832,767.5739,769.7105
0,1.306,0.149,2.15,0.863,1.373,0.817,1.349,-1.587,-0.016,0.001,-0.013,-0.60,0.11,0.13,-0.0051,0.0055,-0.0053,770.1078,766.6348,767.5916,769.7953
0,1.342,0.177,2.20,0.863,1.373,0.817,1.351,-1.588,-0.012,0.001,-0.012,-0.61,0.12,0.13,-0.0039,0.0058,-0.0052,770.3277,766.3865,767.7904,769.5947
0,1.376,0.209,2.25,0.863,1.373,0.817,1.351,-1.588,-0.011,0.001,-0.012,-0.63,0.14,0.13,-0.0046,0.0075,-0.0042,770.0581,766.5214,767.6599,769.7722
0,1.410,0.243,2.30,0.863,1.373,0.818,1.353,-1.590,-0.008,0.001,-0.011,-0.64,0.16,0.13,-0.0032,0.0061,-0.0064,770.3701,766.2032,767.6760,769.7386
0,1.442,0.279,2.35,0.863,1.373,0.818,1.353,-1.590,-0.007,0.001,-0.010,-0.65,0.17,0.13,-0.0026,0.0067,-0.0062,770.1982,766.5222,767.5594,769.8856
0,1.472,0.318,2.40,0.863,1.373,0.819,1.354,-1.591,-0.005,0.001,-0.009,-0.65,0.19,0.13,-0.0018,0.0063,-0.0056,770.1569,766.7135,767.3564,770.1676
0,1.501,0.359,2.45,0.863,1.373,0.819,1.355,-1.592,-0.004,0.001,-0.009,-0.66,0.21,0.13,-0.0002,0.0052,-0.0066,770.3118,766.5240,767.4652,770.0192
0,1.528,0.402,2.50,0.863,1.373,0.820,1.356,-1.593,-0.003,0.001,-0.008,-0.66,0.23,0.12,-0.0003,0.0058,-0.0062,770.1443,766.7428,767.2446,770.0927
0,1.553,0.447,2.55,0.863,1.373,0.820,1.356,-1.593,-0.002,0.001,-0.007,-0.66,0.24,0.12,-0.0011,0.0040,-0.0060,770.5116,766.4157,767.5159,769.7964
0,1.576,0.493,2.60,0.863,1.373,0.821,1.357,-1.594,-0.002,0.001,-0.006,-0.67,0.25,0.12,0.0005,0.0039,-0.0063,770.1803,766.9177,766.8920,770.5185
0,1.597,0.541,2.65,0.863,1.373,0.821,1.357,-1.594,-0.002,0.001,-0.006,-0.67,0.26,0.11,0.0001,0.0017,-0.0061,770.5471,766.8848,767.4302,770.2003
0,1.615,0.589,2.70,0.863,1.373,0.821,1.358,-1.595,-0.002,0.001,-0.005,-0.67,0.26,0.11,-0.0006,0.0006,-0.0059,770.7371,766.8914,767.1481,770.5395
0,1.631,0.638,2.75,0.863,1.373,0.821,1.358,-1.595,-0.002,0.002,-0.005,-0.67,0.27,0.11,-0.0006,0.0008,-0.0046,770.6949,767.0216,767.1583,770.5085
0,1.644,0.688,2.80,0.863,1.373,0.822,1.358,-1.596,-0.002,0.002,-0.005,-0.67,0.27,0.10,-0.0014,-0.0002,-0.0050,770.4368,767.2137,767.0667,770.4650
0,1.655,0.737,2.85,0.863,1.373,0.822,1.359,-1.596,-0.002,0.002,-0.005,-0.67,0.27,0.10,-0.0009,-0.0016,-0.0057,770.7288,766.7274,767.0385,770.2680
0,1.663,0.787,2.90,0.863,1.373,0.822,1.359,-1.598,-0.003,0.003,-0.004,-0.68,0.26,0.10,-0.0016,-0.0011,-0.0051,770.3266,766.9429,766.7040,770.2841
0,1.668,0.836,2.95,0.863,1.373,0.823,1.360,-1.598,-0.003,0.003,-0.004,-0.68,0.26,0.09,-0.0015,-0.0017,-0.0048,770.3516,766.7105,766.5693,770.2625
0,1.670,0.884,3.00,0.863,1.373,0.834,1.368,-1.606,-0.007,0.003,0.005,-0.81,0.17,0.08,0.0030,0.0001,-0.0041,770.7748,767.4329,766.9370,771.3405
0,1.670,0.932,3.05,0.863,1.373,0.834,1.368,-1.606,-0.007,0.003,0.005,-0.81,0.17,0.08,0.0030,0.0001,-0.0041,770.7748,767.4329,766.9370,771.3405
0,1.667,0.978,3.10,0.863,1.373,0.834,1.367,-1.606,-0.008,0.002,0.005,-0.80,0.17,0.07,0.0041,-0.0005,-0.0041,770.8580,767.4907,766.9039,771.4768
0,1.661,1.023,3.15,0.863,1.373,0.834,1.367,-1.606,-0.008,0.002,0.005,-0.80,0.17,0.07,0.0028,-0.0004,-0.0028,770.8140,767.5983,767.0070,771.5272
0,1.652,1.066,3.20,0.863,1.373,0.834,1.366,-1.605,-0.008,0.002,0.005,-0.78,0.17,0.07,0.0041,-0.0011,-0.0031,770.9371,767.4862,766.9376,771.6375
0,1.641,1.107,3.25,0.863,1.373,0.834,1.366,-1.605,-0.008,0.002,0.005,-0.77,0.16,0.07,0.0041,-0.0017,-0.0035,771.3158,767.1537,767.2783,771.2874
0,1.627,1.146,3.30,0.863,1.373,0.834,1.365,-1.605,-0.009,0.003,0.004,-0.76,0.16,0.07,0.0041,-0.0031,-0.0044,771.2459,767.3943,766.9294,771.7489
0,1.611,1.182,3.35,0.863,1.373,0.833,1.365,-1.605,-0.009,0.004,0.004,-0.75,0.15,0.07,0.0033,-0.0034,-0.0030,771.4799,767.2117,767.1094,771.5576
0,1.592,1.216,3.40,0.863,1.373,0.832,1.364,-1.604,-0.009,0.005,0.004,-0.74,0.14,0.06,0.0018,-0.0045,-0.0030,771.6838,767.1207,767.1545,771.4515
0,1.571,1.247,3.45,0.863,1.373,0.832,1.364,-1.604,-0.008,0.006,0.003,-0.73,0.13,0.06,0.0012,-0.0039,-0.0040,771.5417,767.2454,766.9776,771.6669
0,1.547,1.275,3.50,0.863,1.373,0.831,1.363,-1.604,-0.008,0.008,0.003,-0.73,0.12,0.06,0.0013,-0.0040,-0.0026,771.6515,766.9747,766.9519,771.5334
0,1.521,1.300,3.55,0.863,1.373,0.831,1.363,-1.604,-0.007,0.008,0.003,-0.73,0.11,0.06,-0.0000,-0.0032,-0.0041,771.5736,766.7651,766.8318,771.4016
0,1.494,1.322,3.60,0.863,1.373,0.832,1.362,-1.605,-0.005,0.010,0.002,-0.73,0.10,0.06,-0.0006,-0.0010,-0.0030,771.5986,766.5321,766.6328,771.2322
0,1.465,1.340,3.65,0.863,1.373,0.832,1.361,-1.605,-0.004,0.011,0.002,-0.73,0.10,0.06,-0.0012,-0.0021,-0.0033,771.8010,766.1417,766.8618,770.8427
0,1.434,1.355,3.70,0.863,1.373,0.833,1.361,-1.606,-0.001,0.014,0.002,-0.74,0.09,0.06,-0.0023,0.0032,-0.0037,770.9350,766.7448,766.3013,771.2803
0,1.401,1.367,3.75,0.863,1.373,0.833,1.361,-1.606,0.000,0.015,0.002,-0.75,0.10,0.06,-0.0031,0.0029,-0.0037,771.3535,766.2631,766.2759,771.2385
0,1.367,1.375,3.80,0.863,1.373,0.834,1.360,-1.607,0.003,0.017,0.003,-0.76,0.11,0.06,-0.0026,0.0047,-0.0040,771.4523,766.0531,766.2139,771.1518
0,1.333,1.379,3.85,0.863,1.373,0.834,1.360,-1.607,0.004,0.018,0.003,-0.76,0.12,0.06,-0.0033,0.0057,-0.0041,771.5131,765.9249,766.3049,771.0577
0,1.297,1.379,3.90,0.863,1.373,0.835,1.360,-1.607,0.006,0.020,0.004,-0.78,0.14,0.06,-0.0034,0.0069,-0.0028,771.6335,765.9545,766.3068,771.1075
0,1.260,1.376,3.95,0.863,1.373,0.836,1.360,-1.607,0.008,0.021,0.004,-0.79,0.16,0.06,-0.0047,0.0056,-0.0029,771.3958,766.1281,766.4827,770.9528
0,1.223,1.369,4.00,0.863,1.373,0.862,1.372,-1.608,0.016,0.028,0.005,-1.14,0.55,0.01,0.0031,0.0027,-0.0013,772.4462,765.9131,766.4358,771.2309
0,1.186,1.359,4.05,0.863,1.373,0.862,1.372,-1.608,0.016,0.028,0.005,-1.14,0.55,0.01,0.0031,0.0027,-0.0013,772.4462,765.9131,766.4358,771.2309
0,1.148,1.345,4.10,0.863,1.373,0.863,1.372,-1.608,0.015,0.026,0.005,-1.13,0.56,0.01,0.0021,0.0006,-0.0008,772.7825,765.6479,766.6061,771.1301
0,1.111,1.327,4.15,0.863,1.373,0.864,1.373,-1.608,0.015,0.026,0.005,-1.12,0.56,0.01,0.0021,0.0007,-0.0014,772.6868,765.8616,766.6412,771.2121
0,1.074,1.306,4.20,0.863,1.373,0.865,1.373,-1.608,0.015,0.025,0.005,-1.12,0.56,0.01,0.0009,0.0004,-0.0006,772.6834,765.8101,766.8529,771.0377
0,1.038,1.282,4.25,0.863,1.373,0.865,1.373,-1.608,0.015,0.025,0.005,-1.12,0.56,0.01,-0.0002,0.0004,-0.0007,772.4783,766.0018,766.7324,771.3682
0,1.002,1.254,4.30,0.863,1.373,0.867,1.374,-1.608,0.015,0.024,0.005,-1.12,0.56,0.01,-0.0002,0.0017,-0.0002,772.7201,765.8409,766.9549,771.2375
0,0.967,1.224,4.35,0.863,1.373,0.867,1.374,-1.608,0.015,0.024,0.005,-1.12,0.57,0.01,-0.0007,0.0024,-0.0007,773.1392,765.3918,767.4242,770.7644
0,0.933,1.191,4.40,0.863,1.373,0.869,1.375,-1.608,0.016,0.023,0.004,-1.12,0.58,0.01,-0.0014,0.0039,-0.0020,772.6953,765.5881,766.9982,771.1123
0,0.901,1.155,4.45,0.863,1.373,0.871,1.376,-1.608,0.017,0.023,0.004,-1.13,0.58,0.01,-0.0016,0.0046,-0.0010,772.8336,765.1628,767.2896,770.4006
0,0.870,1.117,4.50,0.863,1.373,0.873,1.376,-1.609,0.019,0.021,0.004,-1.13,0.60,0.02,-0.0016,0.0070,-0.0003,772.5907,764.8759,766.7887,770.4504
0,0.840,1.076,4.55,0.863,1.373,0.875,1.376,-1.610,0.020,0.020,0.004,-1.14,0.62,0.02,-0.0016,0.0099,-0.0006,772.2329,764.9711,766.8181,770.0715
0,0.813,1.034,4.60,0.863,1.373,0.878,1.376,-1.611,0.021,0.018,0.004,-1.14,0.64,0.02,-0.0006,0.0103,-0.0003,771.9235,765.0071,766.7671,769.9080
0,0.787,0.989,4.65,0.863,1.373,0.880,1.376,-1.611,0.022,0.017,0.005,-1.14,0.67,0.02,0.0013,0.0116,-0.0007,771.8524,764.9653,766.4531,770.2444
0,0.763,0.943,4.70,0.863,1.373,0.883,1.375,-1.612,0.024,0.015,0.005,-1.14,0.70,0.02,0.0024,0.0114,-0.0010,771.9717,764.7582,766.6846,769.9462
0,0.742,0.896,4.75,0.863,1.373,0.885,1.375,-1.612,0.024,0.014,0.006,-1.13,0.74,0.02,0.0044,0.0135,-0.0010,772.0704,764.6744,766.6950,769.8474
0,0.723,0.848,4.80,0.863,1.373,0.888,1.374,-1.613,0.025,0.011,0.007,-1.12,0.77,0.02,0.0049,0.0128,-0.0007,771.9996,764.7962,766.6123,769.8252
0,0.707,0.799,4.85,0.863,1.373,0.890,1.373,-1.614,0.025,0.010,0.007,-1.11,0.81,0.02,0.0063,0.0124,0.0002,772.0746,764.7402,766.5299,769.8973
0,0.692,0.750,4.90,0.863,1.373,0.893,1.372,-1.614,0.025,0.008,0.008,-1.09,0.84,0.02,0.0075,0.0119,-0.0004,771.8973,764.9156,766.4756,770.0990
0,0.681,0.700,4.95,0.863,1.373,0.894,1.372,-1.615,0.025,0.007,0.008,-1.07,0.88,0.02,0.0064,0.0118,-0.0007,772.0908,764.7992,766.5822,770.0210
0,0.672,0.651,5.00,0.863,1.373,0.921,1.368,-1.612,-0.008,-0.002,0.009,-0.92,1.11,0.02,0.0035,-0.0016,0.0000,773.3715,765.4777,768.1759,770.6319
0,0.666,0.602,5.05,0.863,1.373,0.921,1.368,-1.612,-0.008,-0.002,0.009,-0.92,1.11,0.02,0.0035,-0.0016,0.0000,773.3715,765.4777,768.1759,770.6319
0,0.663,0.553,5.10,0.863,1.373,0.921,1.368,-1.612,-0.010,-0.002,0.008,-0.91,1.10,0.02,0.0027,-0.0013,-0.0004,773.4050,765.2794,768.3604,770.2418
0,0.663,0.505,5.15,0.863,1.373,0.921,1.368,-1.612,-0.011,-0.002,0.008,-0.91,1.10,0.01,0.0017,-0.0020,-0.0009,773.1864,765.3030,768.2369,770.1709
0,0.665,0.459,5.20,0.863,1.373,0.921,1.368,-1.611,-0.013,-0.003,0.008,-0.90,1.09,0.01,-0.0005,-0.0021,-0.0000,772.8400,765.7261,767.8577,770.5244
0,0.670,0.414,5.25,0.863,1.373,0.921,1.368,-1.611,-0.014,-0.003,0.008,-0.90,1.09,0.01,-0.0007,-0.0016,-0.0003,772.6641,765.8199,767.9747,770.3445
0,0.678,0.370,5.30,0.863,1.373,0.920,1.368,-1.612,-0.017,-0.003,0.007,-0.91,1.08,0.01,-0.0009,-0.0020,-0.0009,772.7373,765.5770,768.0768,770.0753
0,0.689,0.328,5.35,0.863,1.373,0.920,1.368,-1.612,-0.018,-0.004,0.007,-0.91,1.07,0.01,-0.0002,-0.0021,-0.0004,772.6166,765.3131,767.9452,769.7998
0,0.702,0.289,5.40,0.863,1.373,0.920,1.368,-1.613,-0.021,-0.005,0.007,-0.91,1.06,0.01,0.0005,-0.0016,0.0000,772.0895,765.5180,767.8710,769.5299
0,0.717,0.252,5.45,0.863,1.373,0.919,1.368,-1.613,-0.022,-0.005,0.007,-0.92,1.06,0.01,-0.0002,-0.0029,-0.0013,771.6973,765.5704,767.4038,769.7215
0,0.736,0.217,5.50,0.863,1.373,0.918,1.368,-1.614,-0.025,-0.006,0.007,-0.92,1.04,0.01,0.0008,-0.0050,-0.0005,771.6611,765.5126,767.2894,769.6583
0,0.756,0.185,5.55,0.863,1.373,0.917,1.368,-1.614,-0.027,-0.007,0.008,-0.91,1.03,0.01,0.0015,-0.0062,-0.0001,771.7610,765.2023,767.5150,769.3663
0,0.779,0.156,5.60,0.863,1.373,0.915,1.368,-1.615,-0.030,-0.009,0.008,-0.91,1.01,0.01,0.0020,-0.0063,-0.0005,771.5656,765.4548,767.7757,769.1036
0,0.804,0.130,5.65,0.863,1.373,0.915,1.367,-1.615,-0.032,-0.010,0.009,-0.90,0.99,0.01,0.0018,-0.0093,-0.0010,771.6195,765.4767,767.3498,769.4406
0,0.831,0.107,5.70,0.863,1.373,0.913,1.367,-1.615,-0.035,-0.012,0.009,-0.90,0.96,0.01,0.0043,-0.0094,-0.0009,771.6738,765.5281,767.6707,769.1860
0,0.860,0.088,5.75,0.863,1.373,0.911,1.366,-1.616,-0.037,-0.014,0.010,-0.88,0.94,0.01,0.0057,-0.0105,-0.0007,771.3313,765.8962,767.4478,769.3501
0,0.890,0.072,5.80,0.863,1.373,0.909,1.364,-1.616,-0.040,-0.017,0.011,-0.87,0.91,0.01,0.0075,-0.0104,0.0001,771.3613,765.9168,767.6788,769.1809
0,0.922,0.060,5.85,0.863,1.373,0.907,1.363,-1.616,-0.042,-0.018,0.011,-0.85,0.88,0.01,0.0084,-0.0133,-0.0004,771.4119,766.0681,767.3361,769.8105
0,0.956,0.051,5.90,0.863,1.373,0.904,1.361,-1.616,-0.044,-0.021,0.011,-0.82,0.84,0.01,0.0098,-0.0129,0.0001,771.4407,766.2405,767.7975,769.6948
0,0.990,0.045,5.95,0.863,1.373,0.902,1.360,-1.616,-0.045,-0.022,0.011,-0.79,0.81,0.01,0.0126,-0.0132,-0.0004,771.7702,766.0446,768.1257,769.5256
0,1.026,0.044,6.00,0.863,1.373,0.850,1.351,-1.610,-0.036,-0.012,0.009,-0.56,0.27,0.03,0.0004,-0.0065,-0.0004,772.0487,767.1960,769.1839,770.3380
0,1.062,0.046,6.05,0.863,1.373,0.850,1.351,-1.610,-0.036,-0.012,0.009,-0.56,0.27,0.03,0.0004,-0.0065,-0.0004,772.0487,767.1960,769.1839,770.3380
0,1.099,0.052,6.10,0.863,1.373,0.848,1.351,-1.610,-0.035,-0.013,0.008,-0.56,0.26,0.03,0.0019,-0.0063,-0.0006,771.5679,767.6062,769.0080,770.5908
0,1.136,0.061,6.15,0.863,1.373,0.845,1.350,-1.609,-0.033,-0.013,0.007,-0.55,0.24,0.04,0.0026,-0.0051,0.0003,771.5682,767.5500,769.1313,770.6415
0,1.174,0.074,6.20,0.863,1.373,0.844,1.349,-1.608,-0.032,-0.013,0.007,-0.54,0.23,0.04,0.0049,-0.0045,-0.0004,771.8403,767.2028,768.9269,770.8536
0,1.211,0.091,6.25,0.863,1.373,0.842,1.348,-1.607,-0.030,-0.014,0.006,-0.53,0.22,0.05,0.0059,-0.0051,-0.0006,771.7907,767.3744,769.2113,770.7297
0,1.248,0.111,6.30,0.863,1.373,0.841,1.348,-1.607,-0.029,-0.014,0.005,-0.51,0.21,0.05,0.0073,-0.0038,-0.0009,771.9713,767.3152,768.8461,771.2149
0,1.285,0.134,6.35,0.863,1.373,0.839,1.346,-1.605,-0.027,-0.013,0.004,-0.49,0.20,0.05,0.0074,-0.0028,-0.0009,772.1932,767.4305,769.2816,771.0586
0,1.321,0.161,6.40,0.863,1.373,0.838,1.346,-1.604,-0.026,-0.013,0.004,-0.48,0.19,0.05,0.0066,-0.0013,-0.0021,771.8864,767.8569,768.9838,771.4644
0,1.356,0.190,6.45,0.863,1.373,0.837,1.345,-1.603,-0.024,-0.012,0.002,-0.46,0.19,0.05,0.0057,-0.0024,-0.0011,771.9089,767.9252,768.8373,771.5645
0,1.390,0.223,6.50,0.863,1.373,0.837,1.345,-1.603,-0.023,-0.011,0.002,-0.44,0.18,0.05,0.0052,-0.0010,-0.0029,771.8630,767.8988,768.6241,771.6175
0,1.423,0.258,6.55,0.863,1.373,0.837,1.345,-1.602,-0.021,-0.009,-0.000,-0.43,0.18,0.05,0.0041,-0.0008,-0.0021,772.1377,767.4510,768.7448,771.2045
0,1.455,0.295,6.60,0.863,1.373,0.837,1.345,-1.602,-0.020,-0.008,-0.001,-0.42,0.18,0.05,0.0010,0.0011,-0.0026,771.8597,767.4799,768.4467,771.2408
0,1.485,0.335,6.65,0.863,1.373,0.837,1.346,-1.601,-0.017,-0.005,-0.002,-0.42,0.18,0.06,-0.0006,0.0023,-0.0018,771.5443,767.4844,768.1129,771.2155
0,1.513,0.377,6.70,0.863,1.373,0.838,1.347,-1.601,-0.016,-0.003,-0.002,-0.43,0.19,0.06,-0.0046,0.0022,-0.0027,771.3824,767.2414,768.1241,771.0012
0,1.539,0.421,6.75,0.863,1.373,0.839,1.349,-1.601,-0.014,0.001,-0.003,-0.44,0.19,0.06,-0.0062,0.0045,-0.0017,770.9127,767.3638,767.8027,771.0831
0,1.563,0.467,6.80,0.863,1.373,0.840,1.349,-1.601,-0.013,0.003,-0.003,-0.46,0.21,0.07,-0.0082,0.0049,-0.0020,770.6967,767.2208,767.6913,770.9577
0,1.585,0.513,6.85,0.863,1.373,0.841,1.351,-1.602,-0.012,0.006,-0.004,-0.48,0.22,0.07,-0.0101,0.0057,-0.0029,770.6064,767.0547,767.5293,770.8432
0,1.605,0.561,6.90,0.863,1.373,0.842,1.352,-1.602,-0.011,0.007,-0.003,-0.51,0.23,0.07,-0.0093,0.0052,-0.0016,770.4271,767.1694,767.2634,770.8382
0,1.622,0.610,6.95,0.863,1.373,0.844,1.354,-1.603,-0.010,0.010,-0.003,-0.54,0.25,0.07,-0.0117,0.0055,-0.0029,770.3068,766.9366,767.3003,770.6176
0,1.637,0.659,7.00,0.863,1.373,0.860,1.376,-1.617,-0.028,0.002,0.011,-0.81,0.23,0.01,0.0020,-0.0043,-0.0017,770.2797,766.9394,766.4142,770.0312
0,1.649,0.709,7.05,0.863,1.373,0.860,1.376,-1.617,-0.028,0.002,0.011,-0.81,0.23,0.01,0.0020,-0.0043,-0.0017,770.2797,766.9394,766.4142,770.0312
0,1.659,0.758,7.10,0.863,1.373,0.860,1.376,-1.617,-0.029,0.001,0.011,-0.81,0.22,0.01,0.0023,-0.0055,-0.0010,770.2849,767.1900,766.4968,770.1999
0,1.665,0.808,7.15,0.863,1.373,0.860,1.376,-1.617,-0.030,-0.000,0.012,-0.80,0.20,0.01,0.0041,-0.0042,-0.0009,770.3732,767.4092,766.4694,770.6470
0,1.669,0.856,7.20,0.863,1.373,0.859,1.375,-1.617,-0.030,-0.000,0.012,-0.79,0.19,0.01,0.0047,-0.0050,-0.0012,770.2346,767.6149,766.5363,770.8530
0,1.671,0.904,7.25,0.863,1.373,0.859,1.375,-1.617,-0.031,-0.001,0.013,-0.77,0.18,0.01,0.0049,-0.0044,-0.0004,770.5199,767.3577,766.7052,770.8540
0,1.669,0.951,7.30,0.863,1.373,0.858,1.374,-1.617,-0.031,-0.001,0.012,-0.76,0.16,0.02,0.0053,-0.0057,-0.0006,770.8323,766.9105,766.7780,770.8398
0,1.665,0.997,7.35,0.863,1.373,0.857,1.373,-1.617,-0.031,-0.001,0.013,-0.74,0.15,0.02,0.0047,-0.0056,-0.0002,770.7526,766.9563,766.6833,770.9305
0,1.658,1.041,7.40,0.863,1.373,0.857,1.373,-1.617,-0.031,-0.001,0.013,-0.73,0.13,0.02,0.0055,-0.0047,-0.0013,771.1257,766.5643,766.6834,770.8828
0,1.648,1.083,7.45,0.863,1.373,0.856,1.371,-1.617,-0.031,-0.001,0.013,-0.72,0.12,0.02,0.0052,-0.0042,-0.0008,770.6580,766.9749,766.3829,771.1727
0,1.636,1.123,7.50,0.863,1.373,0.856,1.370,-1.617,-0.030,-0.000,0.013,-0.71,0.11,0.02,0.0034,-0.0043,-0.0001,771.0332,766.6121,766.8633,770.8112
0,1.621,1.161,7.55,0.863,1.373,0.855,1.369,-1.617,-0.029,0.001,0.013,-0.70,0.10,0.02,0.0029,-0.0026,-0.0005,771.1387,766.5740,766.7208,771.0554
0,1.603,1.197,7.60,0.863,1.373,0.855,1.368,-1.617,-0.028,0.001,0.013,-0.69,0.09,0.02,0.0034,0.0000,-0.0010,771.0625,766.6227,766.5219,771.3628
0,1.583,1.229,7.65,0.863,1.373,0.854,1.366,-1.617,-0.027,0.002,0.013,-0.68,0.09,0.03,0.0027,-0.0010,-0.0012,771.4608,766.5900,767.1276,771.1768
0,1.561,1.259,7.70,0.863,1.373,0.854,1.365,-1.616,-0.026,0.003,0.013,-0.67,0.08,0.03,0.0031,-0.0003,-0.0011,771.3203,766.9679,766.7990,771.7350
0,1.537,1.286,7.75,0.863,1.373,0.854,1.363,-1.616,-0.023,0.005,0.013,-0.67,0.08,0.03,0.0024,0.0003,-0.0009,771.5580,767.0031,766.9331,771.8299
0,1.510,1.310,7.80,0.863,1.373,0.853,1.363,-1.615,-0.023,0.006,0.013,-0.66,0.09,0.03,0.0022,0.0013,-0.0006,771.3950,767.2208,766.8542,772.0267
0,1.482,1.330,7.85,0.863,1.373,0.853,1.362,-1.614,-0.021,0.009,0.012,-0.66,0.09,0.03,-0.0001,0.0014,-0.0009,771.9401,766.7722,767.1147,771.8790
0,1.452,1.347,7.90,0.863,1.373,0.853,1.362,-1.614,-0.020,0.010,0.012,-0.66,0.10,0.03,-0.0011,0.0022,-0.0008,771.6350,767.2965,766.9548,772.3490
0,1.420,1.361,7.95,0.863,1.373,0.852,1.361,-1.612,-0.017,0.013,0.011,-0.67,0.10,0.03,-0.0025,0.0029,-0.0011,771.9164,767.2300,767.2859,772.1396
0,1.387,1.371,8.00,0.863,1.373,0.857,1.394,-1.582,0.008,0.037,-0.018,-1.20,0.30,0.01,-0.0114,0.0041,-0.0002,773.8054,768.0769,768.1458,773.0880
0,1.353,1.377,8.05,0.863,1.373,0.857,1.394,-1.582,0.008,0.037,-0.018,-1.20,0.30,0.01,-0.0114,0.0041,-0.0002,773.8054,768.0769,768.1458,773.0880
0,1.318,1.379,8.10,0.863,1.373,0.859,1.398,-1.581,0.009,0.037,-0.021,-1.24,0.32,0.01,-0.0115,0.0073,-0.0012,773.5661,767.8976,767.8975,773.1086
0,1.281,1.378,8.15,0.863,1.373,0.860,1.400,-1.580,0.010,0.036,-0.022,-1.27,0.34,0.01,-0.0112,0.0055,-0.0003,773.6896,767.4674,768.0548,772.6782
0,1.245,1.374,8.20,0.863,1.373,0.862,1.403,-1.580,0.011,0.035,-0.023,-1.30,0.35,0.01,-0.0117,0.0069,-0.0014,773.4310,767.4048,767.7316,772.7945
0,1.208,1.365,8.25,0.863,1.373,0.863,1.405,-1.580,0.011,0.034,-0.024,-1.33,0.37,0.00,-0.0091,0.0064,-0.0009,773.3167,766.9808,767.6903,772.1619
0,1.170,1.353,8.30,0.863,1.373,0.865,1.407,-1.580,0.012,0.030,-0.026,-1.36,0.39,0.00,-0.0073,0.0070,-0.0002,772.7233,767.0894,767.4340,771.9461
0,1.133,1.338,8.35,0.863,1.373,0.865,1.408,-1.580,0.012,0.028,-0.026,-1.38,0.41,-0.00,-0.0063,0.0051,-0.0016,772.8390,766.6150,767.3381,771.5439
0,1.095,1.319,8.40,0.863,1.373,0.866,1.409,-1.580,0.012,0.024,-0.026,-1.39,0.42,-0.00,-0.0022,0.0052,0.0000,772.7938,766.3947,767.1855,771.4592
0,1.059,1.296,8.45,0.863,1.373,0.867,1.409,-1.580,0.013,0.022,-0.026,-1.40,0.44,-0.01,0.0007,0.0039,0.0004,772.3828,766.6060,767.1395,771.2686
0,1.022,1.271,8.50,0.863,1.373,0.868,1.409,-1.580,0.014,0.016,-0.027,-1.40,0.45,-0.01,0.0023,0.0058,-0.0007,772.4488,766.2792,766.9861,771.1636
0,0.987,1.242,8.55,0.863,1.373,0.869,1.409,-1.581,0.014,0.014,-0.027,-1.39,0.46,-0.02,0.0064,0.0037,-0.0000,772.7459,765.8098,766.9286,770.9197
0,0.953,1.210,8.60,0.863,1.373,0.870,1.408,-1.581,0.015,0.009,-0.026,-1.37,0.48,-0.02,0.0076,0.0054,-0.0001,772.6019,765.7710,766.6815,770.8737
0,0.919,1.176,8.65,0.863,1.373,0.870,1.407,-1.582,0.015,0.007,-0.026,-1.35,0.49,-0.02,0.0105,0.0055,0.0000,772.6407,765.7166,766.6509,770.7662
0,0.887,1.139,8.70,0.863,1.373,0.871,1.405,-1.582,0.016,0.002,-0.026,-1.32,0.51,-0.03,0.0110,0.0040,-0.0003,772.4784,765.7738,766.8904,770.5051
0,0.857,1.100,8.75,0.863,1.373,0.872,1.404,-1.583,0.016,-0.001,-0.025,-1.29,0.52,-0.03,0.0125,0.0050,0.0006,772.5250,765.5466,766.3485,770.7610
0,0.828,1.058,8.80,0.863,1.373,0.873,1.401,-1.584,0.018,-0.005,-0.024,-1.26,0.53,-0.03,0.0141,0.0055,0.0006,772.8076,765.1979,766.2924,770.6490
0,0.802,1.015,8.85,0.863,1.373,0.874,1.400,-1.584,0.018,-0.006,-0.024,-1.22,0.55,-0.04,0.0151,0.0055,-0.0005,772.4951,765.4835,766.3801,770.5064
0,0.777,0.970,8.90,0.863,1.373,0.875,1.397,-1.585,0.020,-0.010,-0.023,-1.18,0.57,-0.04,0.0159,0.0070,0.0017,772.4861,765.4559,766.5057,770.2794
0,0.754,0.924,8.95,0.863,1.373,0.876,1.395,-1.585,0.020,-0.011,-0.022,-1.14,0.59,-0.04,0.0147,0.0083,0.0004,772.6038,765.3598,766.4732,770.5420
0,0.734,0.876,9.00,0.863,1.373,0.903,1.367,-1.605,0.017,0.010,-0.002,-0.84,0.95,0.03,-0.0095,0.0051,0.0001,772.4211,764.5580,766.6948,770.4547
0,0.716,0.828,9.05,0.863,1.373,0.903,1.367,-1.605,0.017,0.010,-0.002,-0.84,0.95,0.03,-0.0095,0.0051,0.0001,772.4211,764.5580,766.6948,770.4547
0,0.700,0.779,9.10,0.863,1.373,0.904,1.368,-1.605,0.017,0.012,-0.002,-0.87,0.96,0.03,-0.0109,0.0072,-0.0003,772.6122,764.3325,767.0203,770.3118
0,0.687,0.729,9.15,0.863,1.373,0.906,1.371,-1.606,0.016,0.015,-0.001,-0.91,0.99,0.03,-0.0127,0.0068,-0.0008,772.2781,764.6154,766.6949,770.6479
0,0.677,0.679,9.20,0.863,1.373,0.907,1.372,-1.606,0.015,0.017,-0.000,-0.94,1.00,0.03,-0.0130,0.0065,-0.0005,772.4616,764.5649,766.8337,770.6473
0,0.670,0.630,9.25,0.863,1.373,0.910,1.375,-1.606,0.013,0.018,-0.000,-0.99,1.02,0.03,-0.0163,0.0067,-0.0007,772.3880,764.7299,767.4879,769.9550
0,0.665,0.581,9.30,0.863,1.373,0.911,1.377,-1.606,0.012,0.018,0.000,-1.03,1.03,0.03,-0.0147,0.0043,-0.0012,772.2332,764.8369,767.4807,769.9454
0,0.663,0.533,9.35,0.863,1.373,0.913,1.379,-1.607,0.010,0.018,0.001,-1.07,1.05,0.03,-0.0137,0.0039,-0.0019,772.1499,765.1436,767.4986,769.9332
0,0.663,0.486,9.40,0.863,1.373,0.914,1.381,-1.607,0.009,0.017,0.001,-1.11,1.06,0.02,-0.0129,0.0042,-0.0014,772.2408,765.3329,767.6532,769.9570
0,0.667,0.440,9.45,0.863,1.373,0.916,1.384,-1.607,0.007,0.015,0.002,-1.14,1.07,0.02,-0.0115,0.0027,-0.0004,772.1484,765.6313,767.8209,769.8509
0,0.673,0.395,9.50,0.863,1.373,0.916,1.385,-1.607,0.005,0.014,0.002,-1.17,1.08,0.02,-0.0090,0.0025,-0.0017,772.2917,765.5115,767.7728,769.9659
0,0.682,0.352,9.55,0.863,1.373,0.918,1.387,-1.607,0.003,0.012,0.002,-1.19,1.08,0.02,-0.0059,0.0020,-0.0001,772.5759,765.3310,767.9467,769.7403
0,0.694,0.311,9.60,0.863,1.373,0.919,1.388,-1.607,0.001,0.009,0.002,-1.20,1.09,0.01,-0.0038,0.0015,-0.0005,772.3888,765.5590,768.0004,769.7252
0,0.708,0.273,9.65,0.863,1.373,0.920,1.390,-1.607,-0.002,0.006,0.003,-1.21,1.09,0.01,-0.0018,0.0002,-0.0010,772.1643,765.8310,767.9524,769.6798
0,0.725,0.237,9.70,0.863,1.373,0.920,1.390,-1.607,-0.004,0.004,0.003,-1.22,1.09,0.00,-0.0002,0.0004,-0.0020,772.4814,765.6597,767.8926,769.8000
0,0.744,0.203,9.75,0.863,1.373,0.921,1.390,-1.607,-0.007,-0.001,0.003,-1.21,1.08,0.00,0.0019,-0.0007,-0.0012,772.7091,765.7458,767.9803,769.7332
0,0.766,0.172,9.80,0.863,1.373,0.921,1.390,-1.607,-0.009,-0.004,0.003,-1.20,1.08,-0.00,0.0051,-0.0011,-0.0005,772.3654,766.2097,767.9993,769.8522
0,0.789,0.145,9.85,0.863,1.373,0.921,1.390,-1.607,-0.012,-0.009,0.003,-1.19,1.07,-0.00,0.0075,-0.0036,-0.0002,772.5028,766.1891,768.1138,769.9312
0,0.815,0.120,9.90,0.863,1.373,0.920,1.390,-1.607,-0.014,-0.011,0.003,-1.16,1.06,-0.01,0.0093,-0.0019,-0.0006,772.7394,765.9380,768.1410,769.9348
0,0.843,0.099,9.95,0.863,1.373,0.920,1.389,-1.606,-0.018,-0.016,0.003,-1.13,1.05,-0.01,0.0102,-0.0054,-0.0004,772.9277,766.0291,768.4193,769.8370
1,4.762,7.193,0.00,0.863,1.373,1.172,1.580,-1.629,0.108,0.107,0.009,-4.11,5.29,-0.16,-0.0054,0.0109,0.0097,784.7196,751.1732,764.6736,768.2346
1,4.571,7.357,0.05,0.863,1.373,1.172,1.580,-1.629,0.108,0.107,0.009,-4.11,5.29,-0.16,-0.0054,0.0109,0.0097,784.7196,751.1732,764.6736,768.2346
1,4.374,7.513,0.10,0.863,1.373,1.179,1.585,-1.629,0.093,0.095,0.010,-4.12,5.31,-0.16,-0.0048,0.0070,0.0084,784.7656,751.1895,764.7155,768.4069
1,4.174,7.658,0.15,0.863,1.373,1.181,1.587,-1.629,0.087,0.090,0.010,-4.13,5.33,-0.16,-0.0043,0.0064,0.0088,785.1874,750.8322,764.7516,768.4043
1,3.971,7.792,0.20,0.863,1.373,1.186,1.591,-1.628,0.074,0.080,0.010,-4.14,5.34,-0.17,-0.0025,0.0037,0.0081,785.4846,750.7013,764.9846,768.1414
1,3.767,7.915,0.25,0.863,1.373,1.188,1.593,-1.628,0.069,0.075,0.010,-4.15,5.35,-0.18,-0.0031,0.0021,0.0077,785.8564,750.3820,764.7976,768.1359
1,3.562,8.024,0.30,0.863,1.373,1.192,1.596,-1.627,0.055,0.064,0.010,-4.15,5.35,-0.19,-0.0019,-0.0001,0.0062,785.7000,750.7378,764.5575,768.1917
1,3.359,8.121,0.35,0.863,1.373,1.194,1.597,-1.627,0.050,0.060,0.010,-4.15,5.35,-0.21,-0.0006,0.0004,0.0058,786.0984,750.7719,764.2697,768.1650
1,3.158,8.204,0.40,0.863,1.373,1.196,1.600,-1.627,0.038,0.051,0.010,-4.16,5.35,-0.24,-0.0004,-0.0018,0.0058,786.4146,750.8423,764.4469,767.7097
1,2.961,8.273,0.45,0.863,1.373,1.197,1.601,-1.626,0.033,0.046,0.010,-4.15,5.34,-0.26,0.0003,-0.0014,0.0067,786.4607,751.2335,764.0911,767.8242
1,2.768,8.327,0.50,0.863,1.373,1.198,1.603,-1.625,0.021,0.037,0.011,-4.15,5.33,-0.29,0.0018,-0.0044,0.0065,787.2052,750.9266,764.4249,767.3410
1,2.582,8.365,0.55,0.863,1.373,1.198,1.604,-1.624,0.016,0.033,0.010,-4.14,5.31,-0.31,0.0007,-0.0047,0.0066,787.3002,751.4471,764.0537,767.5360
1,2.402,8.389,0.60,0.863,1.373,1.198,1.605,-1.623,0.006,0.026,0.010,-4.14,5.30,-0.34,0.0015,-0.0076,0.0086,787.6871,751.6379,763.6638,767.6107
1,2.231,8.397,0.65,0.863,1.373,1.198,1.606,-1.622,0.001,0.022,0.010,-4.13,5.28,-0.37,0.0012,-0.0066,0.0084,788.1296,751.7115,763.7565,767.2466
1,2.069,8.390,0.70,0.863,1.373,1.197,1.607,-1.621,-0.009,0.014,0.009,-4.13,5.26,-0.40,0.0002,-0.0088,0.0093,788.3841,752.0272,763.6816,767.2733
1,1.918,8.367,0.75,0.863,1.373,1.196,1.608,-1.620,-0.014,0.011,0.009,-4.12,5.23,-0.43,0.0002,-0.0088,0.0112,788.8492,751.8431,763.5968,767.0938
1,1.777,8.329,0.80,0.863,1.373,1.193,1.609,-1.619,-0.022,0.005,0.008,-4.12,5.20,-0.45,-0.0011,-0.0111,0.0111,788.6873,752.1317,763.6901,766.6514
1,1.649,8.276,0.85,0.863,1.373,1.192,1.609,-1.619,-0.026,0.002,0.007,-4.12,5.17,-0.48,-0.0001,-0.0122,0.0109,788.8995,751.9496,763.1680,766.7823
1,1.533,8.208,0.90,0.863,1.373,1.188,1.610,-1.618,-0.035,-0.005,0.006,-4.11,5.14,-0.50,-0.0006,-0.0134,0.0137,788.8425,752.0071,762.8902,766.5571
1,1.431,8.125,0.95,0.863,1.373,1.186,1.609,-1.617,-0.039,-0.008,0.006,-4.11,5.10,-0.52,-0.0000,-0.0135,0.0137,789.0240,751.7197,762.8561,766.2645
1,1.343,8.029,1.00,0.863,1.373,1.102,1.554,-1.603,-0.059,-0.077,-0.007,-3.61,4.66,-0.41,0.0072,-0.0013,0.0177,787.8064,748.6669,763.9631,766.6920
1,1.270,7.920,1.05,0.863,1.373,1.102,1.554,-1.603,-0.059,-0.077,-0.007,-3.61,4.66,-0.41,0.0072,-0.0013,0.0177,787.8064,748.6669,763.9631,766.6920
1,1.213,7.798,1.10,0.863,1.373,1.099,1.552,-1.603,-0.059,-0.078,-0.007,-3.58,4.66,-0.42,0.0044,-0.0030,0.0187,788.0177,748.1868,763.8856,766.0144
1,1.170,7.664,1.15,0.863,1.373,1.095,1.548,-1.604,-0.056,-0.079,-0.006,-3.57,4.65,-0.43,0.0013,-0.0051,0.0175,787.6310,748.4567,764.1378,765.2089
1,1.144,7.520,1.20,0.863,1.373,1.093,1.546,-1.605,-0.055,-0.080,-0.006,-3.57,4.64,-0.44,-0.0021,-0.0046,0.0176,787.2894,748.7489,763.9518,764.5881
1,1.133,7.365,1.25,0.863,1.373,1.087,1.541,-1.606,-0.051,-0.084,-0.005,-3.57,4.63,-0.45,-0.0026,-0.0053,0.0182,787.5850,748.5288,764.4771,763.6759
1,1.139,7.201,1.30,0.863,1.373,1.085,1.539,-1.606,-0.049,-0.086,-0.004,-3.57,4.62,-0.46,-0.0014,-0.0041,0.0187,787.4531,748.9470,764.8030,763.1541
1,1.160,7.029,1.35,0.863,1.373,1.080,1.534,-1.606,-0.045,-0.091,-0.003,-3.57,4.62,-0.47,-0.0001,-0.0029,0.0185,787.6997,748.9463,765.2723,762.6227
1,1.197,6.850,1.40,0.863,1.373,1.078,1.531,-1.607,-0.043,-0.094,-0.003,-3.55,4.61,-0.47,0.0059,-0.0007,0.0183,787.5194,749.3442,765.4242,762.4389
1,1.250,6.665,1.45,0.863,1.373,1.073,1.525,-1.607,-0.037,-0.102,-0.001,-3.53,4.62,-0.48,0.0086,-0.0000,0.0195,787.4968,749.6133,765.6746,762.1174
1,1.318,6.475,1.50,0.863,1.373,1.071,1.522,-1.608,-0.034,-0.106,-0.001,-3.49,4.63,-0.48,0.0126,0.0015,0.0206,787.4840,749.6620,765.6984,762.1906
1,1.401,6.281,1.55,0.863,1.373,1.068,1.515,-1.609,-0.028,-0.114,-0.000,-3.45,4.64,-0.48,0.0168,0.0046,0.0204,787.3234,749.6608,766.0743,761.7684
1,1.499,6.085,1.60,0.863,1.373,1.066,1.511,-1.610,-0.025,-0.118,0.000,-3.38,4.66,-0.48,0.0211,0.0062,0.0226,786.9816,749.5400,766.0613,761.5613
1,1.610,5.887,1.65,0.863,1.373,1.063,1.503,-1.611,-0.018,-0.127,0.002,-3.32,4.68,-0.47,0.0244,0.0081,0.0217,786.9501,749.2743,766.6297,761.0348
1,1.734,5.689,1.70,0.863,1.373,1.062,1.499,-1.612,-0.015,-0.131,0.002,-3.22,4.72,-0.47,0.0272,0.0093,0.0216,786.8135,749.1555,766.5640,761.0995
1,1.871,5.493,1.75,0.863,1.373,1.059,1.491,-1.613,-0.009,-0.139,0.004,-3.15,4.75,-0.46,0.0309,0.0124,0.0219,786.5113,749.1900,766.6727,760.8634
1,2.019,5.299,1.80,0.863,1.373,1.058,1.487,-1.614,-0.006,-0.143,0.004,-3.04,4.79,-0.45,0.0322,0.0121,0.0224,786.4476,749.0699,766.9596,760.7787
1,2.178,5.108,1.85,0.863,1.373,1.057,1.478,-1.615,0.001,-0.150,0.006,-2.96,4.82,-0.44,0.0338,0.0139,0.0223,786.4834,748.8439,767.3977,760.5427
1,2.346,4.922,1.90,0.863,1.373,1.056,1.473,-1.616,0.004,-0.154,0.006,-2.83,4.88,-0.43,0.0349,0.0153,0.0226,786.2831,748.8250,767.6979,760.5046
1,2.523,4.742,1.95,0.863,1.373,1.055,1.464,-1.617,0.009,-0.159,0.008,-2.74,4.92,-0.42,0.0353,0.0159,0.0227,786.0917,748.9195,767.5875,760.8611
1,2.708,4.569,2.00,0.863,1.373,1.037,1.306,-1.604,0.020,-0.128,0.002,-0.83,5.59,-0.34,0.0146,0.0014,0.0177,787.1188,751.8071,772.2089,760.5064
1,2.898,4.404,2.05,0.863,1.373,1.037,1.306,-1.604,0.020,-0.128,0.002,-0.83,5.59,-0.34,0.0146,0.0014,0.0177,787.1188,751.8071,772.2089,760.5064
1,3.094,4.247,2.10,0.863,1.373,1.036,1.298,-1.603,0.018,-0.122,0.002,-0.79,5.60,-0.33,0.0146,0.0026,0.0165,787.0316,752.0081,772.0891,760.8545
1,3.294,4.101,2.15,0.863,1.373,1.035,1.295,-1.603,0.017,-0.118,0.001,-0.74,5.61,-0.31,0.0160,0.0050,0.0170,786.7589,752.3592,771.6082,761.8265
1,3.497,3.966,2.20,0.863,1.373,1.034,1.288,-1.601,0.013,-0.109,0.001,-0.69,5.63,-0.30,0.0144,0.0050,0.0162,786.4744,752.5496,771.4850,762.1199
1,3.701,3.842,2.25,0.863,1.373,1.033,1.284,-1.601,0.010,-0.103,0.000,-0.65,5.64,-0.28,0.0120,0.0046,0.0162,786.1983,752.7943,771.2594,762.7419
1,3.906,3.731,2.30,0.863,1.373,1.031,1.279,-1.600,0.003,-0.093,-0.000,-0.62,5.65,-0.26,0.0101,0.0002,0.0154,786.3771,752.5834,771.3773,762.8058
1,4.109,3.633,2.35,0.863,1.373,1.030,1.276,-1.599,-0.001,-0.087,-0.001,-0.59,5.65,-0.25,0.0060,-0.0016,0.0152,785.7107,753.0836,770.8845,763.4814
1,4.310,3.549,2.40,0.863,1.373,1.027,1.272,-1.598,-0.010,-0.075,-0.001,-0.57,5.65,-0.23,0.0017,-0.0059,0.0157,785.4491,753.0758,770.8329,763.7498
1,4.508,3.478,2.45,0.863,1.373,1.025,1.270,-1.598,-0.016,-0.067,-0.002,-0.57,5.62,-0.20,-0.0016,-0.0114,0.0148,785.1209,752.9509,770.4992,764.1421
1,4.701,3.423,2.50,0.863,1.373,1.020,1.268,-1.597,-0.027,-0.054,-0.002,-0.57,5.59,-0.18,-0.0077,-0.0158,0.0132,784.6315,753.2058,770.6044,764.1458
1,4.888,3.383,2.55,0.863,1.373,1.018,1.267,-1.597,-0.033,-0.047,-0.002,-0.60,5.53,-0.16,-0.0114,-0.0212,0.0130,784.5285,753.1661,770.2945,764.6030
1,5.069,3.358,2.60,0.863,1.373,1.012,1.266,-1.597,-0.044,-0.034,-0.002,-0.63,5.47,-0.15,-0.0149,-0.0264,0.0130,784.4565,752.9407,770.5319,764.3997
1,5.241,3.348,2.65,0.863,1.373,1.008,1.266,-1.597,-0.051,-0.026,-0.003,-0.68,5.39,-0.13,-0.0185,-0.0303,0.0126,784.0519,752.8789,770.3707,764.4022
1,5.404,3.354,2.70,0.863,1.373,1.002,1.266,-1.597,-0.062,-0.013,-0.003,-0.73,5.31,-0.12,-0.0209,-0.0323,0.0113,783.6595,752.8801,770.1392,764.4924
1,5.556,3.375,2.75,0.863,1.373,0.998,1.267,-1.597,-0.067,-0.007,-0.003,-0.79,5.21,-0.11,-0.0237,-0.0348,0.0103,782.9374,753.0436,769.7441,764.5375
1,5.698,3.412,2.80,0.863,1.373,0.991,1.267,-1.598,-0.078,0.003,-0.002,-0.85,5.11,-0.10,-0.0239,-0.0376,0.0096,783.0066,752.6302,769.7597,764.2290
1,5.828,3.463,2.85,0.863,1.373,0.986,1.268,-1.599,-0.083,0.010,-0.002,-0.92,5.00,-0.09,-0.0249,-0.0381,0.0099,782.5435,752.9220,769.6604,764.1852
1,5.944,3.530,2.90,0.863,1.373,0.978,1.270,-1.599,-0.092,0.019,-0.002,-0.99,4.89,-0.09,-0.0237,-0.0388,0.0088,782.3935,752.9545,769.3585,764.3246
1,6.048,3.611,2.95,0.863,1.373,0.974,1.271,-1.600,-0.096,0.024,-0.001,-1.06,4.78,-0.09,-0.0240,-0.0401,0.0083,782.3256,752.8706,769.3076,764.1141
1,6.137,3.705,3.00,0.863,1.373,0.824,1.352,-1.603,-0.086,0.047,0.004,-2.19,3.00,-0.15,-0.0000,-0.0144,0.0104,781.4379,756.1066,768.3743,765.8386
1,6.212,3.813,3.05,0.863,1.373,0.824,1.352,-1.603,-0.086,0.047,0.004,-2.19,3.00,-0.15,-0.0000,-0.0144,0.0104,781.4379,756.1066,768.3743,765.8386
1,6.271,3.934,3.10,0.863,1.373,0.821,1.352,-1.602,-0.083,0.044,0.004,-2.19,2.96,-0.14,0.0033,-0.0142,0.0096,781.9831,755.7702,768.7153,766.1305
1,6.315,4.067,3.15,0.863,1.373,0.814,1.353,-1.602,-0.077,0.040,0.004,-2.17,2.92,-0.14,0.0101,-0.0114,0.0091,782.3892,755.6077,768.5435,766.6757
1,6.343,4.210,3.20,0.863,1.373,0.811,1.354,-1.601,-0.074,0.038,0.004,-2.13,2.89,-0.13,0.0135,-0.0101,0.0095,782.6730,755.5361,768.3676,767.1493
1,6.355,4.364,3.25,0.863,1.373,0.804,1.354,-1.601,-0.066,0.037,0.003,-2.09,2.87,-0.13,0.0162,-0.0091,0.0089,782.8185,755.5312,768.0014,767.8251
1,6.351,4.527,3.30,0.863,1.373,0.801,1.354,-1.600,-0.063,0.037,0.003,-2.04,2.85,-0.13,0.0157,-0.0066,0.0084,783.4423,755.0304,767.9045,768.2116
1,6.331,4.698,3.35,0.863,1.373,0.797,1.355,-1.599,-0.056,0.038,0.002,-2.00,2.83,-0.13,0.0143,-0.0045,0.0086,783.4291,755.1670,767.4374,768.7540
1,6.296,4.877,3.40,0.863,1.373,0.794,1.355,-1.599,-0.052,0.040,0.002,-1.96,2.82,-0.13,0.0106,-0.0023,0.0082,783.6754,755.1126,767.1609,769.1379
1,6.244,5.062,3.45,0.863,1.373,0.790,1.355,-1.598,-0.044,0.045,0.001,-1.94,2.82,-0.13,0.0067,-0.0014,0.0082,783.9869,754.9807,766.9636,769.2734
1,6.178,5.251,3.50,0.863,1.373,0.789,1.356,-1.598,-0.041,0.048,0.000,-1.93,2.82,-0.14,0.0016,0.0005,0.0080,783.9343,754.9572,766.3559,769.5703
1,6.096,5.445,3.55,0.863,1.373,0.786,1.357,-1.598,-0.034,0.054,-0.001,-1.93,2.82,-0.14,-0.0036,0.0024,0.0075,783.9648,754.9279,765.9611,769.7877
1,6.000,5.641,3.60,0.863,1.373,0.784,1.358,-1.598,-0.031,0.058,-0.002,-1.95,2.83,-0.14,-0.0074,0.0012,0.0072,783.9714,754.7828,765.4030,769.9474
1,5.890,5.838,3.65,0.863,1.373,0.781,1.360,-1.598,-0.024,0.067,-0.003,-1.98,2.84,-0.14,-0.0126,0.0036,0.0072,783.6984,754.9296,765.1560,769.8682
1,5.767,6.036,3.70,0.863,1.373,0.780,1.362,-1.598,-0.021,0.072,-0.003,-2.03,2.85,-0.14,-0.0182,0.0034,0.0070,783.6998,754.8383,764.9409,769.7321
1,5.632,6.232,3.75,0.863,1.373,0.778,1.365,-1.598,-0.016,0.081,-0.004,-2.09,2.86,-0.14,-0.0228,0.0033,0.0066,783.6711,754.5424,764.6998,769.8408
1,5.485,6.427,3.80,0.863,1.373,0.778,1.367,-1.598,-0.014,0.086,-0.004,-2.16,2.87,-0.14,-0.0255,0.0037,0.0075,783.8450,754.2430,764.2419,769.9874
1,5.327,6.618,3.85,0.863,1.373,0.776,1.373,-1.598,-0.009,0.096,-0.005,-2.24,2.88,-0.14,-0.0300,0.0031,0.0067,783.5835,754.3746,764.1971,770.0866
1,5.160,6.804,3.90,0.863,1.373,0.775,1.376,-1.599,-0.007,0.100,-0.005,-2.33,2.89,-0.14,-0.0340,0.0031,0.0066,783.5283,754.4424,764.0065,770.2435
1,4.983,6.985,3.95,0.863,1.373,0.774,1.381,-1.599,-0.003,0.109,-0.005,-2.43,2.90,-0.14,-0.0360,0.0017,0.0063,783.6413,754.3848,763.9739,770.1796
1,4.800,7.159,4.00,0.863,1.373,0.759,1.535,-1.599,0.019,0.096,-0.009,-4.59,2.71,-0.31,-0.0150,-0.0063,0.0097,784.3649,755.4084,760.9515,771.6155
1,4.610,7.325,4.05,0.863,1.373,0.759,1.535,-1.599,0.019,0.096,-0.009,-4.59,2.71,-0.31,-0.0150,-0.0063,0.0097,784.3649,755.4084,760.9515,771.6155
1,4.414,7.482,4.10,0.863,1.373,0.759,1.538,-1.599,0.019,0.092,-0.009,-4.63,2.70,-0.33,-0.0141,-0.0071,0.0098,784.2999,755.4423,760.6392,771.6453
1,4.215,7.630,4.15,0.863,1.373,0.759,1.544,-1.599,0.022,0.083,-0.009,-4.67,2.68,-0.35,-0.0110,-0.0088,0.0104,784.9655,754.6603,760.9810,770.6663
1,4.012,7.766,4.20,0.863,1.373,0.760,1.547,-1.599,0.024,0.077,-0.010,-4.70,2.66,-0.36,-0.0093,-0.0081,0.0112,784.9655,754.6603,760.9810,770.6663
1,3.808,7.891,4.25,0.863,1.373,0.762,1.552,-1.600,0.030,0.066,-0.010,-4.72,2.64,-0.38,-0.0066,-0.0063,0.0130,785.0975,754.3691,760.9131,770.2275
1,3.603,8.003,4.30,0.863,1.373,0.763,1.553,-1.600,0.033,0.061,-0.010,-4.73,2.63,-0.39,-0.0032,-0.0024,0.0140,785.4639,753.8954,761.1400,769.5475
1,3.400,8.103,4.35,0.863,1.373,0.765,1.557,-1.600,0.041,0.050,-0.009,-4.73,2.63,-0.41,-0.0009,0.0030,0.0142,785.6361,753.5573,761.0259,769.1260
1,3.198,8.189,4.40,0.863,1.373,0.767,1.558,-1.601,0.046,0.043,-0.009,-4.73,2.65,-0.42,0.0017,0.0058,0.0145,785.6361,753.5573,761.0259,769.1260
1,3.000,8.260,4.45,0.863,1.373,0.770,1.560,-1.601,0.056,0.032,-0.009,-4.72,2.68,-0.43,0.0047,0.0102,0.0159,786.2950,752.6909,761.3000,768.4154
1,2.806,8.317,4.50,0.863,1.373,0.772,1.561,-1.602,0.061,0.026,-0.009,-4.71,2.71,-0.44,0.0058,0.0150,0.0176,786.2950,752.6909,761.3000,768.4154
1,2.619,8.359,4.55,0.863,1.373,0.777,1.561,-1.602,0.071,0.015,-0.008,-4.68,2.78,-0.45,0.0090,0.0198,0.0184,786.1561,752.4008,761.3575,768.0433
1,2.438,8.385,4.60,0.863,1.373,0.780,1.561,-1.603,0.077,0.008,-0.008,-4.66,2.83,-0.45,0.0096,0.0228,0.0192,786.1561,752.4008,761.3575,768.0433
1,2.265,8.397,4.65,0.863,1.373,0.786,1.560,-1.603,0.087,-0.004,-0.007,-4.61,2.92,-0.46,0.0133,0.0273,0.0200,786.3236,752.1747,761.5854,767.8817
1,2.101,8.392,4.70,0.863,1.373,0.789,1.559,-1.603,0.092,-0.009,-0.007,-4.58,2.99,-0.46,0.0154,0.0294,0.0207,786.3236,752.1747,761.5854,767.8817
1,1.947,8.373,4.75,0.863,1.373,0.795,1.557,-1.604,0.102,-0.020,-0.007,-4.52,3.10,-0.46,0.0177,0.0316,0.0206,786.7729,751.7996,762.2200,767.5964
1,1.804,8.338,4.80,0.863,1.373,0.800,1.555,-1.604,0.108,-0.027,-0.006,-4.48,3.18,-0.46,0.0185,0.0335,0.0217,786.7729,751.7996,762.2200,767.5964
1,1.673,8.287,4.85,0.863,1.373,0.807,1.552,-1.604,0.117,-0.036,-0.006,-4.41,3.31,-0.46,0.0214,0.0372,0.0224,786.7224,751.9155,762.0063,768.3790
1,1.555,8.222,4.90,0.863,1.373,0.811,1.550,-1.604,0.121,-0.041,-0.006,-4.36,3.40,-0.45,0.0203,0.0372,0.0233,786.7224,751.9155,762.0063,768.3790
1,1.451,8.143,4.95,0.863,1.373,0.820,1.546,-1.604,0.129,-0.050,-0.006,-4.28,3.53,-0.45,0.0220,0.0393,0.0230,786.8143,751.6993,762.5719,768.2385
1,1.360,8.050,5.00,0.863,1.373,0.975,1.470,-1.619,0.102,-0.082,0.008,-3.30,5.50,-0.34,0.0031,0.0105,0.0152,786.7663,749.1106,764.1550,765.4177
1,1.284,7.943,5.05,0.863,1.373,0.975,1.470,-1.619,0.102,-0.082,0.008,-3.30,5.50,-0.34,0.0031,0.0105,0.0152,786.7663,749.1106,764.1550,765.4177
1,1.223,7.824,5.10,0.863,1.373,0.977,1.468,-1.619,0.098,-0.082,0.008,-3.29,5.53,-0.35,0.0016,0.0065,0.0164,787.0059,749.3347,764.2847,765.2740
1,1.177,7.692,5.15,0.863,1.373,0.982,1.465,-1.619,0.091,-0.082,0.009,-3.28,5.54,-0.37,-0.0007,0.0030,0.0155,787.2899,749.4074,765.0665,764.6232
1,1.148,7.550,5.20,0.863,1.373,0.985,1.462,-1.619,0.087,-0.083,0.009,-3.29,5.55,-0.38,-0.0020,0.0004,0.0155,787.3281,749.8210,765.4166,764.2175
1,1.134,7.397,5.25,0.863,1.373,0.989,1.458,-1.618,0.081,-0.086,0.010,-3.29,5.55,-0.38,-0.0031,-0.0003,0.0163,787.7091,749.8649,766.0323,763.7083
1,1.136,7.235,5.30,0.863,1.373,0.991,1.456,-1.618,0.078,-0.089,0.010,-3.29,5.55,-0.39,-0.0001,-0.0004,0.0162,787.5215,750.3946,766.4963,763.2353
1,1.154,7.064,5.35,0.863,1.373,0.996,1.452,-1.618,0.074,-0.094,0.010,-3.28,5.56,-0.40,0.0027,0.0002,0.0156,787.6312,750.6185,767.1191,762.7669
1,1.188,6.886,5.40,0.863,1.373,0.998,1.448,-1.618,0.071,-0.099,0.010,-3.26,5.56,-0.41,0.0063,0.0014,0.0167,787.7559,750.6710,767.6080,762.2989
1,1.238,6.702,5.45,0.863,1.373,1.001,1.442,-1.617,0.067,-0.107,0.010,-3.23,5.57,-0.41,0.0102,0.0031,0.0175,787.8077,750.7427,767.7921,762.0575
1,1.303,6.513,5.50,0.863,1.373,1.003,1.439,-1.616,0.065,-0.111,0.010,-3.18,5.59,-0.41,0.0172,0.0038,0.0180,787.5844,751.2243,768.2623,762.0929
1,1.384,6.320,5.55,0.863,1.373,1.007,1.431,-1.615,0.062,-0.120,0.010,-3.12,5.60,-0.41,0.0222,0.0048,0.0184,787.8546,751.2736,768.6613,762.1208
1,1.478,6.124,5.60,0.863,1.373,1.009,1.426,-1.614,0.060,-0.126,0.010,-3.04,5.62,-0.40,0.0275,0.0070,0.0184,787.8057,751.3795,769.0593,761.9362
1,1.587,5.927,5.65,0.863,1.373,1.013,1.417,-1.613,0.057,-0.136,0.009,-2.96,5.64,-0.40,0.0335,0.0068,0.0192,788.1695,751.0500,769.6547,761.6284
1,1.708,5.729,5.70,0.863,1.373,1.015,1.412,-1.613,0.056,-0.141,0.009,-2.85,5.67,-0.39,0.0374,0.0081,0.0194,787.6520,751.6553,769.9633,761.8813
1,1.843,5.532,5.75,0.863,1.373,1.018,1.402,-1.611,0.054,-0.150,0.008,-2.74,5.70,-0.38,0.0404,0.0091,0.0197,787.7791,751.5862,769.9442,762.2278
1,1.989,5.337,5.80,0.863,1.373,1.021,1.395,-1.610,0.052,-0.156,0.007,-2.61,5.73,-0.37,0.0446,0.0103,0.0197,787.8923,751.5840,770.9515,761.8255
1,2.145,5.146,5.85,0.863,1.373,1.025,1.384,-1.608,0.050,-0.164,0.006,-2.47,5.76,-0.36,0.0472,0.0108,0.0199,787.8043,751.6191,770.9302,762.3644
1,2.312,4.959,5.90,0.863,1.373,1.027,1.379,-1.607,0.049,-0.167,0.005,-2.33,5.79,-0.34,0.0487,0.0128,0.0185,787.9767,751.5563,771.7546,762.0051
1,2.487,4.778,5.95,0.863,1.373,1.030,1.367,-1.606,0.047,-0.174,0.004,-2.19,5.83,-0.33,0.0490,0.0131,0.0192,787.8618,751.7187,772.0756,761.9843
1,2.670,4.603,6.00,0.863,1.373,1.029,1.179,-1.602,-0.025,-0.100,-0.002,0.09,5.95,-0.21,0.0123,-0.0068,0.0106,785.6440,751.2194,773.2239,758.5073
1,2.860,4.436,6.05,0.863,1.373,1.029,1.179,-1.602,-0.025,-0.100,-0.002,0.09,5.95,-0.21,0.0123,-0.0068,0.0106,785.6440,751.2194,773.2239,758.5073
1,3.055,4.278,6.10,0.863,1.373,1.027,1.176,-1.602,-0.027,-0.094,-0.002,0.12,5.93,-0.20,0.0087,-0.0057,0.0113,785.6170,751.3962,773.3733,758.5449
1,3.254,4.130,6.15,0.863,1.373,1.023,1.171,-1.601,-0.031,-0.082,-0.002,0.14,5.92,-0.20,0.0065,-0.0051,0.0104,785.5338,751.6649,772.7004,759.2642
1,3.456,3.992,6.20,0.863,1.373,1.020,1.169,-1.601,-0.035,-0.073,-0.002,0.16,5.91,-0.20,0.0042,-0.0060,0.0112,785.4061,752.0200,772.5936,759.5355
1,3.660,3.866,6.25,0.863,1.373,1.016,1.165,-1.600,-0.041,-0.059,-0.002,0.18,5.89,-0.20,0.0014,-0.0064,0.0097,785.0939,752.4968,771.9628,760.3003
1,3.865,3.752,6.30,0.863,1.373,1.013,1.164,-1.600,-0.045,-0.052,-0.002,0.18,5.87,-0.19,-0.0019,-0.0100,0.0108,785.3616,752.4962,771.8199,760.5988
1,4.068,3.651,6.35,0.863,1.373,1.008,1.162,-1.599,-0.053,-0.037,-0.001,0.17,5.84,-0.19,-0.0059,-0.0141,0.0093,785.0808,752.9908,771.5739,761.1429
1,4.270,3.564,6.40,0.863,1.373,1.004,1.161,-1.599,-0.059,-0.028,-0.001,0.15,5.79,-0.18,-0.0094,-0.0170,0.0093,785.2342,752.9923,771.8542,760.9723
1,4.469,3.491,6.45,0.863,1.373,0.998,1.160,-1.598,-0.068,-0.013,-0.001,0.12,5.74,-0.17,-0.0133,-0.0206,0.0097,785.1814,753.2549,771.5730,761.3706
1,4.663,3.433,6.50,0.863,1.373,0.994,1.160,-1.597,-0.072,-0.006,-0.001,0.08,5.68,-0.16,-0.0163,-0.0248,0.0094,784.9132,753.5087,771.4663,761.7063
1,4.851,3.390,6.55,0.863,1.373,0.988,1.160,-1.597,-0.081,0.008,-0.001,0.03,5.60,-0.15,-0.0186,-0.0280,0.0097,784.8954,753.6149,771.4293,762.0146
1,5.033,3.361,6.60,0.863,1.373,0.983,1.161,-1.596,-0.087,0.017,-0.001,-0.02,5.52,-0.14,-0.0225,-0.0280,0.0103,784.5842,753.8615,771.4763,762.4122
1,5.207,3.349,6.65,0.863,1.373,0.976,1.163,-1.596,-0.095,0.031,-0.002,-0.09,5.43,-0.13,-0.0241,-0.0323,0.0097,784.4314,753.8433,771.5662,762.5632
1,5.372,3.351,6.70,0.863,1.373,0.972,1.165,-1.595,-0.099,0.037,-0.002,-0.16,5.34,-0.12,-0.0262,-0.0328,0.0091,784.1390,754.1734,771.6617,762.6436
1,5.527,3.370,6.75,0.863,1.373,0.964,1.168,-1.595,-0.107,0.050,-0.002,-0.24,5.24,-0.11,-0.0279,-0.0353,0.0091,784.0677,754.1211,771.4415,762.9852
1,5.671,3.403,6.80,0.863,1.373,0.959,1.170,-1.595,-0.111,0.057,-0.002,-0.32,5.14,-0.10,-0.0292,-0.0354,0.0090,783.7001,754.1709,771.6832,762.7181
1,5.803,3.452,6.85,0.863,1.373,0.950,1.174,-1.595,-0.118,0.067,-0.002,-0.40,5.03,-0.10,-0.0297,-0.0376,0.0081,783.4294,754.0774,771.1995,763.0955
1,5.922,3.515,6.90,0.863,1.373,0.946,1.177,-1.596,-0.121,0.072,-0.002,-0.48,4.94,-0.09,-0.0296,-0.0361,0.0079,783.1750,753.9408,771.0182,763.0498
1,6.028,3.593,6.95,0.863,1.373,0.937,1.182,-1.596,-0.126,0.082,-0.002,-0.57,4.83,-0.09,-0.0306,-0.0368,0.0073,782.7919,753.9973,770.7904,763.0159
1,6.120,3.685,7.00,0.863,1.373,0.764,1.282,-1.603,-0.079,0.081,0.006,-1.68,2.97,0.01,0.0018,-0.0099,0.0005,781.5693,756.0332,770.1458,764.9487
1,6.198,3.791,7.05,0.863,1.373,0.764,1.282,-1.603,-0.079,0.081,0.006,-1.68,2.97,0.01,0.0018,-0.0099,0.0005,781.5693,756.0332,770.1458,764.9487
1,6.260,3.909,7.10,0.863,1.373,0.757,1.284,-1.603,-0.072,0.078,0.006,-1.67,2.95,0.01,0.0036,-0.0087,0.0008,781.8962,755.8702,770.2346,764.8525
1,6.307,4.039,7.15,0.863,1.373,0.753,1.286,-1.603,-0.067,0.076,0.006,-1.65,2.93,0.01,0.0090,-0.0084,0.0008,782.0283,755.9053,769.6921,765.5411
1,6.339,4.181,7.20,0.863,1.373,0.746,1.289,-1.602,-0.059,0.075,0.005,-1.62,2.91,0.01,0.0118,-0.0070,0.0009,782.3249,755.6847,769.4205,765.9089
1,6.354,4.332,7.25,0.863,1.373,0.743,1.291,-1.602,-0.055,0.076,0.005,-1.59,2.89,0.01,0.0123,-0.0064,0.0002,782.7770,755.3690,769.2571,766.1931
1,6.353,4.494,7.30,0.863,1.373,0.737,1.294,-1.601,-0.048,0.078,0.004,-1.56,2.88,0.02,0.0099,-0.0060,0.0017,783.0690,755.2389,768.6258,766.9799
1,6.337,4.663,7.35,0.863,1.373,0.733,1.297,-1.601,-0.043,0.081,0.004,-1.54,2.86,0.02,0.0061,-0.0040,0.0009,783.0630,755.1816,768.4751,767.2175
1,6.304,4.841,7.40,0.863,1.373,0.728,1.301,-1.601,-0.035,0.087,0.003,-1.53,2.85,0.02,0.0014,-0.0043,0.0004,783.5939,754.4558,768.2178,767.3140
1,6.256,5.024,7.45,0.863,1.373,0.726,1.304,-1.601,-0.030,0.090,0.002,-1.54,2.85,0.02,-0.0053,-0.0030,-0.0007,783.2126,754.5090,767.4780,767.7583
1,6.192,5.213,7.50,0.863,1.373,0.722,1.310,-1.602,-0.022,0.098,0.002,-1.56,2.84,0.02,-0.0114,-0.0010,0.0001,783.5157,754.0403,767.2737,767.7152
1,6.114,5.406,7.55,0.863,1.373,0.720,1.314,-1.602,-0.017,0.103,0.001,-1.61,2.84,0.02,-0.0169,0.0006,0.0001,783.1840,754.1694,767.0571,767.6149
1,6.020,5.601,7.60,0.863,1.373,0.716,1.321,-1.603,-0.010,0.112,0.001,-1.66,2.85,0.02,-0.0234,0.0015,0.0003,783.1226,753.9268,766.5623,767.7861
1,5.913,5.798,7.65,0.863,1.373,0.715,1.325,-1.603,-0.006,0.116,0.001,-1.74,2.85,0.02,-0.0268,0.0018,-0.0011,783.0767,753.8770,766.1037,767.9083
1,5.793,5.996,7.70,0.863,1.373,0.712,1.333,-1.604,0.001,0.125,0.001,-1.83,2.86,0.02,-0.0331,0.0029,-0.0009,783.1819,753.6672,765.8928,767.8481
1,5.660,6.193,7.75,0.863,1.373,0.711,1.339,-1.605,0.005,0.131,0.001,-1.93,2.87,0.02,-0.0370,0.0026,-0.0007,783.0153,753.7123,765.5811,768.1078
1,5.515,6.388,7.80,0.863,1.373,0.709,1.348,-1.606,0.012,0.139,0.001,-2.04,2.88,0.02,-0.0416,0.0034,-0.0012,782.8254,753.9094,765.0823,768.5292
1,5.359,6.580,7.85,0.863,1.373,0.708,1.354,-1.606,0.015,0.143,0.001,-2.16,2.89,0.02,-0.0432,0.0050,-0.0012,783.0779,753.5901,765.1550,768.2161
1,5.194,6.767,7.90,0.863,1.373,0.707,1.365,-1.607,0.021,0.150,0.001,-2.28,2.91,0.02,-0.0461,0.0045,-0.0010,782.9723,753.5249,764.7580,768.3525
1,5.019,6.949,7.95,0.863,1.373,0.707,1.372,-1.608,0.025,0.154,0.001,-2.42,2.92,0.01,-0.0488,0.0058,-0.0008,782.7976,753.4021,764.4061,768.2311
1,4.837,7.125,8.00,0.863,1.373,0.730,1.556,-1.606,0.053,0.078,0.005,-4.60,3.12,-0.26,-0.0060,-0.0025,0.0069,786.0918,756.3732,763.0353,771.7784
1,4.648,7.293,8.05,0.863,1.373,0.730,1.556,-1.606,0.053,0.078,0.005,-4.60,3.12,-0.26,-0.0060,-0.0025,0.0069,786.0918,756.3732,763.0353,771.7784
1,4.454,7.452,8.10,0.863,1.373,0.732,1.561,-1.604,0.053,0.066,0.003,-4.61,3.11,-0.28,-0.0036,-0.0029,0.0068,786.2003,756.5038,763.1298,771.7904
1,4.255,7.601,8.15,0.863,1.373,0.733,1.564,-1.603,0.053,0.060,0.002,-4.62,3.10,-0.30,-0.0011,-0.0070,0.0084,786.7742,756.1617,763.4781,771.3069
1,4.053,7.740,8.20,0.863,1.373,0.736,1.568,-1.601,0.055,0.049,-0.001,-4.62,3.09,-0.31,-0.0005,-0.0067,0.0085,786.9564,755.9923,763.6139,771.1724
1,3.849,7.867,8.25,0.863,1.373,0.737,1.569,-1.600,0.057,0.044,-0.002,-4.61,3.07,-0.32,0.0009,-0.0046,0.0104,787.4530,755.5311,763.7803,770.7991
1,3.644,7.982,8.30,0.863,1.373,0.741,1.572,-1.598,0.063,0.031,-0.004,-4.61,3.06,-0.33,0.0022,-0.0017,0.0108,787.5766,755.1143,763.9479,770.2877
1,3.440,8.084,8.35,0.863,1.373,0.743,1.573,-1.598,0.066,0.025,-0.005,-4.59,3.07,-0.34,0.0040,0.0012,0.0115,787.5983,754.8115,764.1161,769.7477
1,3.238,8.173,8.40,0.863,1.373,0.747,1.575,-1.597,0.073,0.013,-0.007,-4.58,3.08,-0.34,0.0064,0.0078,0.0120,787.4513,754.3917,763.8273,769.5352
1,3.039,8.247,8.45,0.863,1.373,0.749,1.575,-1.597,0.077,0.007,-0.008,-4.55,3.11,-0.35,0.0078,0.0105,0.0123,787.4683,753.6873,763.9897,768.7650
1,2.845,8.307,8.50,0.863,1.373,0.755,1.574,-1.597,0.087,-0.006,-0.010,-4.53,3.15,-0.35,0.0104,0.0157,0.0146,787.3987,753.3189,763.7656,768.5404
1,2.656,8.352,8.55,0.863,1.373,0.758,1.574,-1.597,0.091,-0.013,-0.010,-4.49,3.21,-0.35,0.0132,0.0212,0.0154,787.0145,753.2131,763.5260,768.4325
1,2.473,8.381,8.60,0.863,1.373,0.764,1.572,-1.597,0.100,-0.024,-0.011,-4.45,3.27,-0.35,0.0156,0.0242,0.0153,786.9094,752.8340,763.7028,768.1289
1,2.299,8.396,8.65,0.863,1.373,0.767,1.571,-1.597,0.104,-0.030,-0.011,-4.40,3.35,-0.35,0.0182,0.0276,0.0159,786.8881,752.5521,763.6273,768.2169
1,2.133,8.395,8.70,0.863,1.373,0.776,1.568,-1.597,0.114,-0.043,-0.012,-4.35,3.43,-0.34,0.0185,0.0300,0.0169,786.9695,752.1757,764.2424,767.5564
1,1.977,8.378,8.75,0.863,1.373,0.780,1.566,-1.597,0.119,-0.048,-0.012,-4.28,3.53,-0.33,0.0211,0.0332,0.0165,786.8401,752.0635,764.1256,767.8070
1,1.832,8.346,8.80,0.863,1.373,0.789,1.562,-1.597,0.127,-0.058,-0.012,-4.22,3.63,-0.32,0.0224,0.0346,0.0178,787.0104,751.7260,764.4501,767.5587
1,1.699,8.299,8.85,0.863,1.373,0.793,1.560,-1.597,0.131,-0.063,-0.012,-4.15,3.74,-0.31,0.0243,0.0376,0.0179,787.0713,751.5432,764.4785,767.7770
1,1.578,8.237,8.90,0.863,1.373,0.804,1.555,-1.596,0.139,-0.073,-0.013,-4.08,3.84,-0.30,0.0241,0.0398,0.0169,786.9036,751.5471,764.6610,767.8992
1,1.470,8.160,8.95,0.863,1.373,0.809,1.552,-1.596,0.142,-0.077,-0.013,-4.00,3.97,-0.29,0.0249,0.0406,0.0174,787.0765,751.2489,764.8887,767.8046
1,1.377,8.069,9.00,0.863,1.373,0.943,1.437,-1.607,0.094,-0.099,-0.004,-2.71,5.53,-0.38,0.0058,0.0055,0.0160,787.1843,749.5426,764.9214,764.1526
1,1.298,7.965,9.05,0.863,1.373,0.943,1.437,-1.607,0.094,-0.099,-0.004,-2.71,5.53,-0.38,0.0058,0.0055,0.0160,787.1843,749.5426,764.9214,764.1526
1,1.234,7.848,9.10,0.863,1.373,0.946,1.434,-1.608,0.090,-0.097,-0.004,-2.69,5.54,-0.37,0.0033,0.0039,0.0175,786.8811,749.8025,765.1309,764.0183
1,1.185,7.719,9.15,0.863,1.373,0.950,1.429,-1.608,0.085,-0.095,-0.003,-2.69,5.55,-0.37,0.0003,0.0020,0.0174,787.3329,749.2051,765.9509,763.1791
1,1.152,7.579,9.20,0.863,1.373,0.952,1.426,-1.608,0.083,-0.094,-0.002,-2.68,5.56,-0.37,-0.0019,0.0013,0.0173,787.1647,749.4785,766.5008,762.8055
1,1.135,7.428,9.25,0.863,1.373,0.957,1.422,-1.609,0.079,-0.094,-0.002,-2.69,5.57,-0.37,-0.0029,0.0010,0.0163,787.2864,749.3830,767.2643,762.0986
1,1.134,7.268,9.30,0.863,1.373,0.960,1.419,-1.609,0.077,-0.096,-0.001,-2.69,5.57,-0.36,-0.0020,0.0022,0.0168,787.1301,749.5844,767.3680,762.1294
1,1.149,7.099,9.35,0.863,1.373,0.965,1.414,-1.610,0.074,-0.098,-0.000,-2.68,5.58,-0.35,0.0002,0.0031,0.0175,786.7736,749.9697,767.9631,761.6778
1,1.180,6.922,9.40,0.863,1.373,0.967,1.412,-1.610,0.073,-0.100,-0.000,-2.67,5.60,-0.34,0.0033,0.0058,0.0177,786.3354,750.1096,768.2124,761.4329
1,1.227,6.739,9.45,0.863,1.373,0.973,1.407,-1.611,0.072,-0.105,0.000,-2.65,5.62,-0.33,0.0057,0.0090,0.0179,786.2236,750.0552,768.6441,761.1071
1,1.289,6.551,9.50,0.863,1.373,0.976,1.404,-1.611,0.071,-0.108,0.001,-2.62,5.65,-0.33,0.0108,0.0111,0.0164,786.4750,749.7764,769.2812,760.7075
1,1.366,6.359,9.55,0.863,1.373,0.981,1.398,-1.611,0.069,-0.114,0.001,-2.58,5.69,-0.32,0.0156,0.0122,0.0164,786.2562,749.9745,769.6267,760.4401
1,1.458,6.163,9.60,0.863,1.373,0.984,1.395,-1.611,0.068,-0.117,0.002,-2.52,5.73,-0.31,0.0191,0.0151,0.0176,786.0896,750.2106,769.8428,760.5184
1,1.564,5.966,9.65,0.863,1.373,0.989,1.389,-1.611,0.066,-0.124,0.003,-2.46,5.77,-0.31,0.0221,0.0148,0.0183,786.3479,750.1013,770.6083,760.2086
1,1.683,5.769,9.70,0.863,1.373,0.991,1.384,-1.611,0.065,-0.128,0.003,-2.39,5.81,-0.30,0.0257,0.0144,0.0175,786.1337,750.3923,770.5653,760.5569
1,1.815,5.571,9.75,0.863,1.373,0.995,1.377,-1.611,0.062,-0.135,0.003,-2.30,5.86,-0.30,0.0290,0.0143,0.0180,785.9039,750.6375,770.6696,760.6393
1,1.958,5.376,9.80,0.863,1.373,0.997,1.373,-1.610,0.060,-0.138,0.003,-2.21,5.90,-0.30,0.0319,0.0137,0.0157,785.9076,750.7805,771.0756,760.4247
1,2.113,5.184,9.85,0.863,1.373,1.001,1.365,-1.610,0.056,-0.145,0.003,-2.11,5.94,-0.30,0.0340,0.0121,0.0159,786.0975,750.7485,771.4752,760.0776
1,2.278,4.996,9.90,0.863,1.373,1.003,1.360,-1.610,0.054,-0.148,0.003,-2.00,5.97,-0.30,0.0371,0.0115,0.0150,786.0577,750.8988,771.5756,759.8688
1,2.451,4.813,9.95,0.863,1.373,1.005,1.351,-1.610,0.050,-0.154,0.003,-1.89,6.00,-0.30,0.0383,0.0093,0.0148,786.0251,751.0256,771.5944,759.7051
2,6.234,-0.029,0.00,0.863,1.373,0.568,1.627,-1.602,-0.168,0.105,-0.001,-5.86,0.31,-0.22,0.0200,-0.0287,-0.0019,782.0896,758.5935,756.6846,774.4874
2,6.316,0.016,0.05,0.863,1.373,0.568,1.627,-1.602,-0.168,0.105,-0.001,-5.86,0.31,-0.22,0.0200,-0.0287,-0.0019,782.0896,758.5935,756.6846,774.4874
2,6.390,0.071,0.10,0.863,1.373,0.562,1.629,-1.602,-0.161,0.094,-0.001,-5.81,0.25,-0.24,0.0197,-0.0248,-0.0014,782.0896,758.5935,756.6846,774.4874
2,6.456,0.136,0.15,0.863,1.373,0.552,1.631,-1.601,-0.147,0.074,-0.000,-5.74,0.16,-0.27,0.0218,-0.0216,0.0007,781.9500,759.4736,756.5986,774.5884
2,6.514,0.212,0.20,0.863,1.373,0.547,1.633,-1.601,-0.140,0.065,-0.000,-5.69,0.12,-0.28,0.0223,-0.0203,0.0024,781.9500,759.4736,756.5986,774.5884
2,6.563,0.296,0.25,0.863,1.373,0.538,1.634,-1.601,-0.124,0.045,-0.001,-5.62,0.06,-0.29,0.0237,-0.0160,0.0037,781.9310,759.4986,756.3034,774.8647
2,6.603,0.390,0.30,0.863,1.373,0.534,1.635,-1.600,-0.117,0.036,-0.001,-5.55,0.01,-0.29,0.0237,-0.0133,0.0052,781.6451,759.4153,756.4197,774.8448
2,6.634,0.492,0.35,0.863,1.373,0.528,1.635,-1.600,-0.102,0.020,-0.001,-5.48,-0.02,-0.28,0.0239,-0.0104,0.0081,781.4225,759.2109,756.3713,775.0876
2,6.656,0.603,0.40,0.863,1.373,0.526,1.634,-1.600,-0.094,0.013,-0.001,-5.43,-0.04,-0.27,0.0240,-0.0081,0.0077,781.4225,759.2109,756.3713,775.0876
2,6.668,0.721,0.45,0.863,1.373,0.521,1.633,-1.601,-0.077,-0.003,-0.001,-5.35,-0.05,-0.24,0.0229,-0.0028,0.0093,780.5920,759.0222,756.4166,775.7051
2,6.671,0.846,0.50,0.863,1.373,0.519,1.633,-1.601,-0.069,-0.009,-0.001,-5.29,-0.06,-0.22,0.0234,-0.0006,0.0095,780.5920,759.0222,756.4166,775.7051
2,6.665,0.978,0.55,0.863,1.373,0.517,1.631,-1.601,-0.054,-0.020,-0.001,-5.22,-0.05,-0.18,0.0210,0.0035,0.0109,779.7204,758.5416,756.7292,776.1465
2,6.649,1.115,0.60,0.863,1.373,0.517,1.631,-1.601,-0.047,-0.025,-0.001,-5.17,-0.04,-0.15,0.0217,0.0055,0.0099,779.7204,758.5416,756.7292,776.1465
2,6.624,1.258,0.65,0.863,1.373,0.516,1.629,-1.602,-0.031,-0.036,-0.000,-5.10,-0.02,-0.09,0.0191,0.0092,0.0105,778.9850,757.6615,756.7682,776.9523
2,6.590,1.405,0.70,0.863,1.373,0.517,1.628,-1.602,-0.023,-0.039,-0.000,-5.05,0.01,-0.05,0.0171,0.0112,0.0100,778.9850,757.6615,756.7682,776.9523
2,6.547,1.556,0.75,0.863,1.373,0.519,1.627,-1.602,-0.009,-0.046,0.000,-5.00,0.05,0.01,0.0135,0.0147,0.0091,778.1241,757.1370,757.5917,777.3162
2,6.495,1.709,0.80,0.863,1.373,0.520,1.626,-1.603,-0.003,-0.050,0.001,-4.96,0.09,0.05,0.0129,0.0160,0.0098,778.1241,757.1370,757.5917,777.3162
2,6.434,1.866,0.85,0.863,1.373,0.524,1.625,-1.603,0.011,-0.055,0.001,-4.92,0.14,0.12,0.0109,0.0188,0.0078,777.6333,756.5883,758.0427,778.4789
2,6.365,2.024,0.90,0.863,1.373,0.525,1.624,-1.603,0.017,-0.058,0.001,-4.89,0.19,0.15,0.0079,0.0194,0.0062,777.6333,756.5883,758.0427,778.4789
2,6.288,2.182,0.95,0.863,1.373,0.530,1.623,-1.603,0.028,-0.062,0.002,-4.86,0.26,0.21,0.0070,0.0214,0.0049,777.1578,756.4913,758.4437,779.2234
2,6.204,2.341,1.00,0.863,1.373,0.632,1.555,-1.593,0.055,-0.098,-0.003,-4.33,0.99,-0.08,0.0079,-0.0039,-0.0041,781.0778,762.1104,756.4594,778.1442
2,6.112,2.499,1.05,0.863,1.373,0.632,1.555,-1.593,0.055,-0.098,-0.003,-4.33,0.99,-0.08,0.0079,-0.0039,-0.0041,781.0778,762.1104,756.4594,778.1442
2,6.014,2.656,1.10,0.863,1.373,0.634,1.553,-1.593,0.054,-0.098,-0.004,-4.30,0.98,-0.10,0.0095,-0.0056,-0.0027,780.8099,761.9252,756.0612,778.1102
2,5.909,2.811,1.15,0.863,1.373,0.638,1.547,-1.592,0.051,-0.097,-0.005,-4.28,0.96,-0.11,0.0095,-0.0061,-0.0019,781.0068,761.4808,756.4183,777.6699
2,5.799,2.963,1.20,0.863,1.373,0.640,1.544,-1.591,0.051,-0.096,-0.006,-4.25,0.94,-0.11,0.0098,-0.0084,-0.0004,781.1912,761.2718,756.5997,777.5511
2,5.683,3.111,1.25,0.863,1.373,0.643,1.540,-1.590,0.050,-0.094,-0.008,-4.22,0.92,-0.11,0.0090,-0.0074,0.0010,781.5393,760.7445,756.7977,777.4716
2,5.563,3.255,1.30,0.863,1.373,0.644,1.538,-1.589,0.051,-0.093,-0.009,-4.19,0.90,-0.11,0.0075,-0.0066,0.0022,781.5457,760.3070,757.0707,777.3049
2,5.438,3.393,1.35,0.863,1.373,0.647,1.534,-1.589,0.052,-0.090,-0.010,-4.17,0.88,-0.10,0.0058,-0.0052,0.0027,781.6948,759.8297,757.1893,777.3290
2,5.310,3.527,1.40,0.863,1.373,0.648,1.532,-1.588,0.053,-0.087,-0.011,-4.15,0.87,-0.10,0.0042,-0.0037,0.0041,781.5011,759.6212,757.4728,777.1843
2,5.179,3.654,1.45,0.863,1.373,0.651,1.529,-1.587,0.056,-0.084,-0.012,-4.14,0.86,-0.09,0.0010,-0.0018,0.0040,781.2433,759.4484,757.3302,777.4585
2,5.046,3.773,1.50,0.863,1.373,0.653,1.528,-1.587,0.057,-0.082,-0.013,-4.14,0.86,-0.08,-0.0022,-0.0001,0.0038,781.5442,758.8292,757.8976,777.0351
2,4.911,3.886,1.55,0.863,1.373,0.655,1.526,-1.587,0.061,-0.078,-0.014,-4.14,0.87,-0.07,-0.0030,0.0034,0.0046,781.0428,758.9207,757.8147,777.2179
2,4.775,3.991,1.60,0.863,1.373,0.657,1.524,-1.587,0.064,-0.076,-0.014,-4.15,0.88,-0.06,-0.0057,0.0053,0.0048,781.1243,758.2454,758.2622,776.6755
2,4.638,4.087,1.65,0.863,1.373,0.661,1.522,-1.587,0.068,-0.072,-0.015,-4.16,0.90,-0.05,-0.0067,0.0061,0.0043,780.7840,757.9996,757.7321,777.0286
2,4.502,4.174,1.70,0.863,1.373,0.662,1.521,-1.587,0.070,-0.071,-0.016,-4.18,0.92,-0.04,-0.0066,0.0091,0.0051,780.5282,757.7736,757.9316,776.6350
2,4.367,4.251,1.75,0.863,1.373,0.666,1.519,-1.588,0.075,-0.068,-0.015,-4.19,0.95,-0.03,-0.0074,0.0108,0.0044,780.9127,757.0742,758.0961,776.5620
2,4.233,4.319,1.80,0.863,1.373,0.668,1.518,-1.588,0.078,-0.066,-0.016,-4.21,0.98,-0.02,-0.0072,0.0116,0.0047,780.3434,757.4567,758.1091,776.7076
2,4.101,4.377,1.85,0.863,1.373,0.672,1.517,-1.588,0.083,-0.063,-0.016,-4.23,1.02,-0.01,-0.0066,0.0133,0.0042,780.4332,757.1962,758.3580,776.5107
2,3.973,4.425,1.90,0.863,1.373,0.674,1.516,-1.588,0.086,-0.062,-0.016,-4.24,1.06,-0.00,-0.0072,0.0152,0.0026,780.6530,756.8442,758.3887,776.3712
2,3.847,4.462,1.95,0.863,1.373,0.679,1.515,-1.589,0.091,-0.060,-0.016,-4.26,1.10,0.00,-0.0069,0.0164,0.0032,780.7946,756.6750,758.6412,776.1086
2,3.726,4.488,2.00,0.863,1.373,0.770,1.468,-1.606,0.106,-0.060,-0.002,-4.10,2.12,-0.13,0.0038,0.0135,0.0050,780.9170,755.4417,757.2577,773.3607
2,3.609,4.504,2.05,0.863,1.373,0.770,1.468,-1.606,0.106,-0.060,-0.002,-4.10,2.12,-0.13,0.0038,0.0135,0.0050,780.9170,755.4417,757.2577,773.3607
2,3.497,4.508,2.10,0.863,1.373,0.776,1.465,-1.607,0.104,-0.059,-0.001,-4.09,2.15,-0.13,0.0040,0.0106,0.0053,780.9133,755.5863,757.1493,773.6240
2,3.391,4.502,2.15,0.863,1.373,0.779,1.463,-1.607,0.104,-0.059,-0.000,-4.08,2.18,-0.13,0.0026,0.0100,0.0073,781.0145,755.4808,757.7422,773.1771
2,3.292,4.485,2.20,0.863,1.373,0.785,1.459,-1.608,0.103,-0.059,0.001,-4.08,2.21,-0.13,0.0012,0.0088,0.0071,781.0067,755.4512,758.4188,772.7101
2,3.199,4.456,2.25,0.863,1.373,0.788,1.457,-1.608,0.103,-0.060,0.001,-4.07,2.23,-0.13,0.0008,0.0076,0.0072,781.2158,755.2365,758.7993,772.5665
2,3.113,4.418,2.30,0.863,1.373,0.794,1.454,-1.609,0.104,-0.062,0.003,-4.07,2.26,-0.13,0.0022,0.0089,0.0075,781.4551,755.1976,759.7685,771.9294
2,3.034,4.368,2.35,0.863,1.373,0.797,1.452,-1.609,0.105,-0.064,0.003,-4.06,2.29,-0.12,0.0039,0.0108,0.0074,781.5649,755.3459,760.1340,771.8088
2,2.963,4.308,2.40,0.863,1.373,0.803,1.447,-1.609,0.107,-0.068,0.004,-4.05,2.32,-0.12,0.0056,0.0125,0.0077,781.7762,755.2286,760.9004,771.3073
2,2.901,4.239,2.45,0.863,1.373,0.806,1.445,-1.609,0.108,-0.070,0.004,-4.02,2.36,-0.12,0.0090,0.0134,0.0073,781.8701,755.2639,760.8226,771.7745
2,2.847,4.159,2.50,0.863,1.373,0.813,1.440,-1.608,0.110,-0.075,0.005,-3.99,2.41,-0.12,0.0115,0.0156,0.0078,782.0298,755.4518,761.7036,771.3589
2,2.802,4.071,2.55,0.863,1.373,0.816,1.437,-1.608,0.111,-0.078,0.005,-3.96,2.46,-0.11,0.0147,0.0183,0.0081,782.4631,755.3473,762.4071,771.1682
2,2.766,3.973,2.60,0.863,1.373,0.824,1.431,-1.607,0.114,-0.085,0.005,-3.91,2.52,-0.11,0.0169,0.0197,0.0077,782.3094,755.7097,762.5271,771.4483
2,2.739,3.867,2.65,0.863,1.373,0.828,1.428,-1.607,0.116,-0.088,0.006,-3.86,2.58,-0.11,0.0211,0.0224,0.0076,782.8640,755.5490,763.0791,771.3240
2,2.721,3.753,2.70,0.863,1.373,0.836,1.421,-1.606,0.118,-0.094,0.005,-3.79,2.65,-0.11,0.0235,0.0240,0.0081,782.7599,755.8870,763.4806,771.2044
2,2.712,3.632,2.75,0.863,1.373,0.840,1.417,-1.606,0.120,-0.097,0.005,-3.72,2.72,-0.11,0.0258,0.0257,0.0079,782.6674,755.9979,763.5132,771.2094
2,2.713,3.504,2.80,0.863,1.373,0.849,1.409,-1.605,0.122,-0.104,0.004,-3.64,2.80,-0.10,0.0292,0.0272,0.0080,782.6191,756.0187,763.8536,770.9785
2,2.724,3.370,2.85,0.863,1.373,0.853,1.405,-1.605,0.123,-0.107,0.004,-3.55,2.88,-0.10,0.0314,0.0301,0.0088,783.0233,755.6482,763.8678,771.2249
2,2.744,3.230,2.90,0.863,1.373,0.862,1.396,-1.604,0.124,-0.113,0.003,-3.45,2.97,-0.10,0.0333,0.0307,0.0083,783.1064,755.6513,764.2042,771.1023
2,2.773,3.086,2.95,0.863,1.373,0.866,1.392,-1.604,0.124,-0.115,0.003,-3.36,3.05,-0.10,0.0356,0.0299,0.0079,782.8599,755.8970,764.4135,771.0700
2,2.811,2.937,3.00,0.863,1.373,0.964,1.255,-1.593,0.039,-0.069,-0.009,-1.78,3.99,-0.02,0.0095,0.0001,0.0038,782.9177,755.4524,766.9725,769.3931
2,2.858,2.785,3.05,0.863,1.373,0.964,1.255,-1.593,0.039,-0.069,-0.009,-1.78,3.99,-0.02,0.0095,0.0001,0.0038,782.9177,755.4524,766.9725,769.3931
2,2.914,2.629,3.10,0.863,1.373,0.964,1.252,-1.593,0.036,-0.065,-0.009,-1.76,3.99,-0.02,0.0066,-0.0019,0.0032,782.5885,755.7253,767.5028,768.8237
2,2.978,2.472,3.15,0.863,1.373,0.965,1.247,-1.592,0.027,-0.058,-0.010,-1.75,3.99,-0.01,0.0051,-0.0022,0.0035,782.2675,756.0428,767.2042,769.2969
2,3.050,2.314,3.20,0.863,1.373,0.965,1.245,-1.591,0.023,-0.056,-0.010,-1.74,3.98,-0.00,0.0035,-0.0028,0.0027,781.7811,756.5287,767.2284,769.3431
2,3.130,2.155,3.25,0.863,1.373,0.964,1.240,-1.591,0.014,-0.050,-0.010,-1.73,3.96,0.01,0.0026,-0.0066,0.0019,781.7391,756.5322,767.2878,769.1647
2,3.218,1.996,3.30,0.863,1.373,0.963,1.238,-1.591,0.009,-0.048,-0.010,-1.72,3.95,0.01,0.0022,-0.0083,0.0027,781.3547,756.7780,767.3658,768.9750
2,3.313,1.839,3.35,0.863,1.373,0.961,1.233,-1.591,-0.001,-0.043,-0.011,-1.71,3.91,0.02,0.0034,-0.0117,0.0025,781.1581,756.6757,767.1892,769.1570
2,3.414,1.683,3.40,0.863,1.373,0.960,1.231,-1.591,-0.005,-0.041,-0.011,-1.71,3.88,0.03,0.0037,-0.0146,0.0020,781.0532,756.5256,767.5067,768.7816
2,3.521,1.529,3.45,0.863,1.373,0.958,1.227,-1.591,-0.014,-0.037,-0.011,-1.70,3.83,0.04,0.0042,-0.0157,0.0020,780.3688,757.0446,767.3069,768.8849
2,3.634,1.379,3.50,0.863,1.373,0.956,1.225,-1.591,-0.019,-0.035,-0.011,-1.68,3.79,0.04,0.0071,-0.0197,0.0005,780.7750,756.3007,767.5278,768.4419
2,3.752,1.233,3.55,0.863,1.373,0.953,1.220,-1.592,-0.029,-0.031,-0.011,-1.66,3.73,0.05,0.0077,-0.0198,0.0008,780.0521,756.6459,767.0382,768.7939
2,3.874,1.091,3.60,0.863,1.373,0.951,1.218,-1.592,-0.033,-0.030,-0.011,-1.65,3.68,0.06,0.0086,-0.0211,0.0010,779.9052,756.4996,766.9995,768.5666
2,4.000,0.955,3.65,0.863,1.373,0.946,1.215,-1.593,-0.041,-0.026,-0.010,-1.62,3.60,0.06,0.0084,-0.0233,-0.0001,779.8138,756.3392,767.1445,768.1706
2,4.130,0.824,3.70,0.863,1.373,0.943,1.214,-1.593,-0.045,-0.024,-0.010,-1.60,3.55,0.06,0.0083,-0.0237,-0.0007,779.1946,756.5978,766.7311,768.2943
2,4.262,0.700,3.75,0.863,1.373,0.936,1.210,-1.594,-0.053,-0.020,-0.009,-1.57,3.46,0.07,0.0088,-0.0265,-0.0015,779.3205,756.2525,766.9086,767.9460
2,4.396,0.583,3.80,0.863,1.373,0.933,1.209,-1.595,-0.057,-0.018,-0.009,-1.55,3.40,0.07,0.0078,-0.0273,0.0003,779.0437,756.4041,766.7808,767.8223
2,4.531,0.474,3.85,0.863,1.373,0.926,1.206,-1.596,-0.063,-0.015,-0.008,-1.53,3.31,0.08,0.0075,-0.0301,-0.0010,779.1871,756.2938,766.9778,767.6257
2,4.668,0.373,3.90,0.863,1.373,0.922,1.205,-1.596,-0.066,-0.014,-0.007,-1.51,3.24,0.08,0.0083,-0.0308,-0.0019,779.0983,756.4403,766.9974,767.6923
2,4.804,0.281,3.95,0.863,1.373,0.913,1.201,-1.597,-0.073,-0.010,-0.006,-1.49,3.14,0.09,0.0076,-0.0323,-0.0013,778.5612,757.0542,767.0877,767.7499
2,4.940,0.198,4.00,0.863,1.373,0.805,1.189,-1.601,-0.035,0.051,0.001,-1.33,1.97,0.14,-0.0007,-0.0031,-0.0054,778.9656,758.7543,768.0104,768.6213
2,5.075,0.124,4.05,0.863,1.373,0.805,1.189,-1.601,-0.035,0.051,0.001,-1.33,1.97,0.14,-0.0007,-0.0031,-0.0054,778.9656,758.7543,768.0104,768.6213
2,5.208,0.061,4.10,0.863,1.373,0.804,1.190,-1.601,-0.032,0.053,0.001,-1.34,1.96,0.14,0.0008,0.0004,-0.0056,778.6748,758.9169,767.7014,768.9095
2,5.338,0.007,4.15,0.863,1.373,0.801,1.192,-1.601,-0.026,0.057,0.000,-1.33,1.97,0.14,0.0022,0.0037,-0.0052,778.3521,759.1137,766.9974,769.4928
2,5.466,-0.036,4.20,0.863,1.373,0.800,1.193,-1.602,-0.024,0.059,0.000,-1.33,1.98,0.14,0.0034,0.0057,-0.0058,778.4667,758.7415,766.8526,769.4165
2,5.589,-0.068,4.25,0.863,1.373,0.799,1.195,-1.602,-0.020,0.065,0.000,-1.32,2.00,0.14,0.0042,0.0054,-0.0058,778.6353,758.4052,766.0933,769.7735
2,5.709,-0.090,4.30,0.863,1.373,0.798,1.197,-1.603,-0.019,0.069,0.000,-1.31,2.02,0.13,0.0009,0.0071,-0.0058,778.2784,758.6964,765.6571,770.1400
2,5.823,-0.101,4.35,0.863,1.373,0.797,1.201,-1.603,-0.016,0.078,0.000,-1.31,2.03,0.13,-0.0021,0.0056,-0.0058,778.3906,758.4653,765.1465,770.5493
2,5.932,-0.100,4.40,0.863,1.373,0.796,1.203,-1.604,-0.015,0.082,0.000,-1.33,2.04,0.13,-0.0079,0.0041,-0.0063,778.2997,758.4738,764.7466,770.8388
2,6.036,-0.089,4.45,0.863,1.373,0.795,1.208,-1.604,-0.014,0.092,0.001,-1.36,2.05,0.12,-0.0110,0.0031,-0.0059,778.5949,758.2736,764.4773,770.9775
2,6.133,-0.067,4.50,0.863,1.373,0.795,1.211,-1.604,-0.014,0.097,0.001,-1.41,2.06,0.12,-0.0173,0.0014,-0.0063,778.5403,758.6662,764.4478,771.1024
2,6.223,-0.034,4.55,0.863,1.373,0.794,1.218,-1.604,-0.014,0.109,0.001,-1.46,2.06,0.12,-0.0230,0.0020,-0.0060,778.3910,758.9796,764.0737,771.5742
2,6.306,0.009,4.60,0.863,1.373,0.794,1.221,-1.604,-0.015,0.115,0.002,-1.54,2.06,0.11,-0.0283,-0.0017,-0.0074,778.6744,759.0020,764.0967,771.8207
2,6.381,0.063,4.65,0.863,1.373,0.793,1.229,-1.604,-0.016,0.125,0.002,-1.62,2.06,0.11,-0.0314,-0.0017,-0.0060,778.5404,759.6169,763.7905,772.4775
2,6.448,0.127,4.70,0.863,1.373,0.793,1.233,-1.604,-0.017,0.130,0.002,-1.72,2.05,0.10,-0.0361,-0.0037,-0.0058,778.7029,759.7802,763.8676,772.7756
2,6.507,0.201,4.75,0.863,1.373,0.792,1.243,-1.603,-0.020,0.140,0.002,-1.83,2.03,0.10,-0.0391,-0.0056,-0.0059,778.6760,759.9825,763.8690,773.1232
2,6.557,0.285,4.80,0.863,1.373,0.791,1.248,-1.603,-0.022,0.145,0.001,-1.95,2.01,0.10,-0.0415,-0.0093,-0.0051,778.4926,760.2235,763.9338,773.0674
2,6.598,0.377,4.85,0.863,1.373,0.790,1.258,-1.602,-0.025,0.153,0.000,-2.06,1.98,0.10,-0.0420,-0.0101,-0.0049,778.7731,759.9948,763.5389,773.5647
2,6.630,0.478,4.90,0.863,1.373,0.789,1.264,-1.602,-0.026,0.157,-0.000,-2.19,1.95,0.09,-0.0446,-0.0129,-0.0061,778.5971,760.1009,763.5006,773.6492
2,6.653,0.588,4.95,0.863,1.373,0.787,1.277,-1.602,-0.030,0.164,-0.001,-2.31,1.91,0.09,-0.0458,-0.0138,-0.0055,778.6721,760.0449,763.6177,773.4764
2,6.667,0.705,5.00,0.863,1.373,0.713,1.434,-1.601,-0.042,0.073,-0.007,-3.89,0.58,-0.08,0.0044,-0.0110,-0.0010,777.4384,760.6047,759.8357,774.0284
2,6.671,0.829,5.05,0.863,1.373,0.713,1.434,-1.601,-0.042,0.073,-0.007,-3.89,0.58,-0.08,0.0044,-0.0110,-0.0010,777.4384,760.6047,759.8357,774.0284
2,6.666,0.960,5.10,0.863,1.373,0.712,1.435,-1.601,-0.040,0.069,-0.006,-3.87,0.56,-0.09,0.0062,-0.0094,0.0004,777.2542,760.8505,759.8684,773.9681
2,6.652,1.097,5.15,0.863,1.373,0.711,1.439,-1.601,-0.034,0.060,-0.005,-3.85,0.53,-0.09,0.0071,-0.0065,0.0012,777.4263,760.8997,759.8629,774.2812
2,6.628,1.239,5.20,0.863,1.373,0.710,1.441,-1.601,-0.030,0.057,-0.005,-3.83,0.51,-0.09,0.0095,-0.0041,0.0018,777.8192,760.7569,760.1651,774.2678
2,6.595,1.385,5.25,0.863,1.373,0.710,1.443,-1.601,-0.024,0.051,-0.004,-3.80,0.50,-0.10,0.0093,-0.0020,0.0007,778.3258,760.5983,760.0229,774.6960
2,6.553,1.535,5.30,0.863,1.373,0.710,1.445,-1.601,-0.020,0.049,-0.005,-3.78,0.50,-0.09,0.0088,0.0021,0.0026,778.7983,760.2250,759.9568,774.9640
2,6.502,1.689,5.35,0.863,1.373,0.711,1.448,-1.601,-0.013,0.045,-0.005,-3.75,0.51,-0.09,0.0084,0.0040,0.0023,778.3842,760.5522,759.6232,775.4009
2,6.443,1.845,5.40,0.863,1.373,0.711,1.449,-1.601,-0.009,0.044,-0.005,-3.74,0.52,-0.09,0.0042,0.0063,0.0023,778.5215,760.3240,759.4725,775.6196
2,6.375,2.003,5.45,0.863,1.373,0.712,1.452,-1.600,-0.003,0.042,-0.005,-3.72,0.54,-0.09,0.0025,0.0079,0.0033,778.7227,759.9940,759.2596,775.9257
2,6.299,2.161,5.50,0.863,1.373,0.712,1.453,-1.600,0.001,0.042,-0.005,-3.72,0.56,-0.08,-0.0004,0.0083,0.0035,778.6365,760.0953,759.3550,775.9998
2,6.216,2.320,5.55,0.863,1.373,0.714,1.457,-1.600,0.008,0.042,-0.006,-3.72,0.59,-0.08,-0.0031,0.0102,0.0038,778.9125,759.7767,759.0367,776.2847
2,6.125,2.479,5.60,0.863,1.373,0.715,1.459,-1.600,0.011,0.042,-0.006,-3.74,0.61,-0.08,-0.0052,0.0100,0.0037,778.9296,759.7186,759.1437,776.2865
2,6.027,2.636,5.65,0.863,1.373,0.717,1.462,-1.600,0.016,0.043,-0.006,-3.76,0.65,-0.07,-0.0093,0.0112,0.0046,778.8762,759.6413,759.0673,776.3605
2,5.924,2.791,5.70,0.863,1.373,0.718,1.464,-1.600,0.019,0.043,-0.006,-3.79,0.68,-0.07,-0.0123,0.0114,0.0036,778.8240,759.5536,758.7436,776.7606
2,5.814,2.943,5.75,0.863,1.373,0.721,1.470,-1.600,0.025,0.045,-0.007,-3.82,0.71,-0.06,-0.0150,0.0118,0.0034,779.0834,759.1605,759.0309,776.5671
2,5.699,3.091,5.80,0.863,1.373,0.722,1.472,-1.600,0.027,0.045,-0.007,-3.86,0.75,-0.06,-0.0164,0.0118,0.0039,778.8998,759.2460,759.1311,776.4960
2,5.579,3.236,5.85,0.863,1.373,0.725,1.477,-1.599,0.031,0.047,-0.008,-3.91,0.78,-0.05,-0.0183,0.0133,0.0029,778.8492,759.3778,758.9004,776.8572
2,5.455,3.375,5.90,0.863,1.373,0.726,1.479,-1.599,0.033,0.047,-0.008,-3.96,0.82,-0.05,-0.0206,0.0120,0.0026,778.8199,759.4669,758.6537,777.0797
2,5.327,3.509,5.95,0.863,1.373,0.729,1.485,-1.599,0.036,0.049,-0.008,-4.02,0.85,-0.05,-0.0216,0.0123,0.0023,779.0861,759.2172,758.7791,776.9281
2,5.197,3.637,6.00,0.863,1.373,0.788,1.532,-1.609,0.041,-0.007,-0.002,-4.72,1.27,-0.19,-0.0004,0.0054,0.0062,778.8665,758.1496,755.4023,776.0353
2,5.064,3.758,6.05,0.863,1.373,0.788,1.532,-1.609,0.041,-0.007,-0.002,-4.72,1.27,-0.19,-0.0004,0.0054,0.0062,778.8665,758.1496,755.4023,776.0353
2,4.929,3.872,6.10,0.863,1.373,0.790,1.532,-1.609,0.041,-0.009,-0.001,-4.72,1.29,-0.19,-0.0007,0.0045,0.0070,779.4058,757.8234,755.6610,775.9446
2,4.793,3.977,6.15,0.863,1.373,0.794,1.531,-1.610,0.042,-0.013,-0.000,-4.72,1.29,-0.19,0.0007,0.0027,0.0066,779.5391,757.8672,756.0888,775.6858
2,4.656,4.074,6.20,0.863,1.373,0.797,1.531,-1.610,0.043,-0.016,0.000,-4.72,1.30,-0.19,-0.0006,0.0031,0.0076,780.0015,757.3503,756.7230,775.0911
2,4.520,4.163,6.25,0.863,1.373,0.801,1.529,-1.611,0.045,-0.021,0.001,-4.71,1.31,-0.19,0.0009,0.0036,0.0076,780.4379,756.7949,757.2095,774.6278
2,4.384,4.242,6.30,0.863,1.373,0.804,1.528,-1.611,0.047,-0.024,0.002,-4.71,1.32,-0.19,0.0026,0.0053,0.0065,780.2988,756.6683,757.1212,774.4797
2,4.250,4.311,6.35,0.863,1.373,0.810,1.526,-1.613,0.052,-0.030,0.002,-4.70,1.35,-0.18,0.0041,0.0090,0.0093,780.3582,756.4041,757.4836,773.9157
2,4.119,4.370,6.40,0.863,1.373,0.812,1.525,-1.613,0.054,-0.033,0.003,-4.68,1.38,-0.18,0.0063,0.0126,0.0091,780.3162,756.1684,757.7444,773.6284
2,3.989,4.419,6.45,0.863,1.373,0.818,1.521,-1.614,0.059,-0.039,0.004,-4.66,1.42,-0.18,0.0087,0.0154,0.0097,780.2606,756.1091,757.8651,773.5393
2,3.863,4.458,6.50,0.863,1.373,0.821,1.519,-1.615,0.063,-0.043,0.005,-4.63,1.47,-0.18,0.0106,0.0175,0.0093,780.4466,755.8331,758.0151,773.4520
2,3.742,4.486,6.55,0.863,1.373,0.826,1.515,-1.616,0.068,-0.050,0.006,-4.60,1.52,-0.18,0.0128,0.0197,0.0100,780.4833,755.8499,758.0724,773.5272
2,3.624,4.502,6.60,0.863,1.373,0.829,1.513,-1.616,0.070,-0.053,0.007,-4.56,1.58,-0.18,0.0154,0.0220,0.0094,780.5139,755.8046,758.6255,773.0591
2,3.512,4.508,6.65,0.863,1.373,0.834,1.508,-1.616,0.076,-0.059,0.008,-4.51,1.65,-0.17,0.0157,0.0234,0.0093,780.7264,755.6802,758.9447,772.9254
2,3.405,4.503,6.70,0.863,1.373,0.838,1.505,-1.617,0.079,-0.063,0.009,-4.46,1.72,-0.17,0.0184,0.0253,0.0102,780.9196,755.7767,758.7814,773.3007
2,3.304,4.488,6.75,0.863,1.373,0.844,1.500,-1.617,0.084,-0.069,0.010,-4.41,1.79,-0.17,0.0202,0.0256,0.0100,780.9614,755.8011,759.1882,773.1406
2,3.210,4.461,6.80,0.863,1.373,0.847,1.497,-1.617,0.086,-0.072,0.010,-4.35,1.87,-0.17,0.0205,0.0266,0.0097,781.1708,755.7997,759.4355,773.2156
2,3.123,4.423,6.85,0.863,1.373,0.854,1.491,-1.617,0.090,-0.078,0.011,-4.29,1.95,-0.17,0.0220,0.0275,0.0095,781.1270,756.0118,759.2550,773.5461
2,3.044,4.375,6.90,0.863,1.373,0.858,1.487,-1.617,0.093,-0.081,0.011,-4.22,2.03,-0.16,0.0233,0.0275,0.0092,781.5206,755.7582,759.7480,773.2245
2,2.972,4.317,6.95,0.863,1.373,0.865,1.480,-1.617,0.096,-0.085,0.011,-4.16,2.11,-0.16,0.0242,0.0285,0.0107,781.8898,755.4493,760.2205,772.8828
2,2.909,4.249,7.00,0.863,1.373,0.950,1.368,-1.615,0.054,-0.066,0.009,-2.98,3.26,-0.09,0.0050,0.0025,0.0069,782.0477,754.4197,761.8384,771.3122
2,2.854,4.170,7.05,0.863,1.373,0.950,1.368,-1.615,0.054,-0.066,0.009,-2.98,3.26,-0.09,0.0050,0.0025,0.0069,782.0477,754.4197,761.8384,771.3122
2,2.807,4.083,7.10,0.863,1.373,0.951,1.366,-1.615,0.051,-0.063,0.009,-2.97,3.26,-0.09,0.0020,0.0009,0.0065,781.9237,754.6021,762.1177,771.1835
2,2.770,3.987,7.15,0.863,1.373,0.952,1.364,-1.614,0.047,-0.058,0.010,-2.98,3.26,-0.08,-0.0034,-0.0010,0.0055,782.2546,754.5510,762.7636,770.8760
2,2.742,3.882,7.20,0.863,1.373,0.953,1.363,-1.614,0.045,-0.056,0.010,-2.99,3.26,-0.08,-0.0063,-0.0017,0.0057,782.3560,754.8484,763.2265,770.8372
2,2.723,3.769,7.25,0.863,1.373,0.954,1.360,-1.613,0.041,-0.054,0.010,-3.01,3.26,-0.07,-0.0077,-0.0027,0.0050,782.3803,755.0257,763.7421,770.5759
2,2.713,3.649,7.30,0.863,1.373,0.954,1.359,-1.613,0.039,-0.053,0.010,-3.02,3.25,-0.07,-0.0073,-0.0034,0.0044,782.4727,755.0792,764.3108,770.2758
2,2.713,3.521,7.35,0.863,1.373,0.954,1.356,-1.612,0.036,-0.053,0.010,-3.04,3.24,-0.06,-0.0059,-0.0036,0.0051,782.1185,755.6461,764.5063,770.3173
2,2.722,3.388,7.40,0.863,1.373,0.954,1.355,-1.612,0.034,-0.053,0.009,-3.05,3.24,-0.06,-0.0035,-0.0028,0.0050,782.2097,755.5521,765.1939,769.7504
2,2.741,3.249,7.45,0.863,1.373,0.954,1.352,-1.611,0.032,-0.055,0.009,-3.06,3.23,-0.05,0.0010,-0.0015,0.0051,782.3053,755.4374,765.4830,769.6614
2,2.768,3.105,7.50,0.863,1.373,0.955,1.350,-1.611,0.031,-0.057,0.009,-3.05,3.23,-0.05,0.0036,-0.0004,0.0040,781.9514,755.8212,765.9780,769.3175
2,2.805,2.957,7.55,0.863,1.373,0.955,1.347,-1.611,0.030,-0.060,0.008,-3.03,3.23,-0.04,0.0092,0.0010,0.0048,782.0580,755.7112,765.9794,769.3416
2,2.851,2.805,7.60,0.863,1.373,0.955,1.345,-1.610,0.029,-0.062,0.008,-3.00,3.23,-0.04,0.0111,0.0007,0.0040,782.0573,755.6597,766.2307,769.2032
2,2.906,2.650,7.65,0.863,1.373,0.955,1.342,-1.610,0.028,-0.066,0.008,-2.96,3.24,-0.04,0.0150,0.0029,0.0044,781.9747,755.6938,766.2133,769.1278
2,2.969,2.493,7.70,0.863,1.373,0.956,1.339,-1.610,0.028,-0.069,0.008,-2.92,3.25,-0.03,0.0176,0.0019,0.0040,781.8082,755.9629,766.4918,768.8835
2,3.040,2.335,7.75,0.863,1.373,0.956,1.334,-1.609,0.027,-0.074,0.007,-2.86,3.25,-0.03,0.0209,0.0034,0.0041,782.1071,755.6272,766.8466,768.6464
2,3.119,2.176,7.80,0.863,1.373,0.956,1.332,-1.609,0.026,-0.076,0.007,-2.80,3.26,-0.03,0.0215,0.0028,0.0039,781.7942,755.8995,766.8389,768.7382
2,3.206,2.017,7.85,0.863,1.373,0.956,1.327,-1.609,0.025,-0.080,0.007,-2.73,3.28,-0.03,0.0263,0.0029,0.0031,781.4544,756.1865,766.9183,768.5797
2,3.300,1.859,7.90,0.863,1.373,0.956,1.323,-1.608,0.024,-0.083,0.006,-2.66,3.29,-0.03,0.0252,0.0035,0.0032,781.8169,755.7982,766.9438,768.2769
2,3.400,1.703,7.95,0.863,1.373,0.957,1.317,-1.608,0.023,-0.087,0.006,-2.58,3.30,-0.03,0.0291,0.0038,0.0040,781.3556,756.3183,766.6174,768.6265
2,3.507,1.549,8.00,0.863,1.373,0.953,1.210,-1.599,-0.003,-0.049,-0.001,-1.12,3.43,0.09,0.0071,-0.0024,-0.0015,781.2531,756.9448,769.3856,767.9113
2,3.619,1.399,8.05,0.863,1.373,0.953,1.210,-1.599,-0.003,-0.049,-0.001,-1.12,3.43,0.09,0.0071,-0.0024,-0.0015,781.2531,756.9448,769.3856,767.9113
2,3.736,1.252,8.10,0.863,1.373,0.952,1.207,-1.599,-0.005,-0.041,-0.002,-1.10,3.42,0.10,0.0063,-0.0011,-0.0025,780.9914,756.9304,769.2255,767.9500
2,3.858,1.109,8.15,0.863,1.373,0.952,1.206,-1.598,-0.006,-0.037,-0.003,-1.08,3.42,0.11,0.0068,0.0004,-0.0023,780.8890,756.7068,768.7576,768.1898
2,3.983,0.972,8.20,0.863,1.373,0.951,1.204,-1.599,-0.009,-0.029,-0.003,-1.06,3.43,0.11,0.0048,0.0021,-0.0031,780.2826,757.0675,768.0848,768.5479
2,4.112,0.841,8.25,0.863,1.373,0.950,1.203,-1.599,-0.011,-0.024,-0.004,-1.05,3.43,0.12,0.0024,0.0005,-0.0030,780.0595,756.9800,767.8201,768.5562
2,4.244,0.716,8.30,0.863,1.373,0.948,1.203,-1.599,-0.017,-0.013,-0.004,-1.05,3.43,0.12,-0.0003,0.0002,-0.0033,779.7476,757.0450,767.2851,768.9032
2,4.378,0.598,8.35,0.863,1.373,0.947,1.203,-1.599,-0.019,-0.007,-0.004,-1.06,3.43,0.13,-0.0043,-0.0030,-0.0039,779.7476,757.0450,767.2851,768.9032
2,4.513,0.488,8.40,0.863,1.373,0.945,1.204,-1.599,-0.026,0.004,-0.004,-1.08,3.41,0.13,-0.0082,-0.0066,-0.0031,779.5179,757.0731,766.8385,769.2068
2,4.650,0.386,8.45,0.863,1.373,0.944,1.205,-1.599,-0.030,0.009,-0.004,-1.11,3.39,0.13,-0.0121,-0.0098,-0.0055,779.3522,757.3698,766.8262,769.3375
2,4.786,0.293,8.50,0.863,1.373,0.940,1.207,-1.599,-0.038,0.021,-0.003,-1.15,3.36,0.13,-0.0158,-0.0135,-0.0046,779.2661,757.5523,766.7215,769.3947
2,4.922,0.208,8.55,0.863,1.373,0.938,1.208,-1.600,-0.043,0.026,-0.003,-1.20,3.31,0.14,-0.0185,-0.0161,-0.0046,779.0645,757.7891,766.4060,769.7827
2,5.057,0.133,8.60,0.863,1.373,0.934,1.212,-1.600,-0.051,0.036,-0.003,-1.26,3.26,0.14,-0.0220,-0.0203,-0.0055,778.8866,758.0018,766.5784,769.5465
2,5.190,0.068,8.65,0.863,1.373,0.932,1.213,-1.600,-0.055,0.041,-0.002,-1.32,3.20,0.14,-0.0230,-0.0227,-0.0055,778.7206,758.2065,766.3191,769.8478
2,5.321,0.014,8.70,0.863,1.373,0.927,1.218,-1.600,-0.064,0.050,-0.002,-1.39,3.13,0.14,-0.0238,-0.0246,-0.0054,778.7987,758.2629,766.3350,769.9758
2,5.449,-0.031,8.75,0.863,1.373,0.924,1.220,-1.600,-0.068,0.054,-0.002,-1.46,3.05,0.14,-0.0242,-0.0271,-0.0057,778.9057,758.4566,766.5117,770.0624
2,5.573,-0.065,8.80,0.863,1.373,0.919,1.224,-1.600,-0.075,0.061,-0.001,-1.53,2.98,0.14,-0.0247,-0.0275,-0.0065,778.6775,758.8715,766.4638,770.2811
2,5.693,-0.088,8.85,0.863,1.373,0.916,1.227,-1.600,-0.079,0.064,-0.001,-1.60,2.89,0.14,-0.0234,-0.0296,-0.0067,778.8383,758.8039,766.6093,770.2438
2,5.808,-0.100,8.90,0.863,1.373,0.908,1.233,-1.599,-0.087,0.071,-0.001,-1.67,2.81,0.14,-0.0230,-0.0313,-0.0062,778.9748,758.8618,766.5977,770.3959
2,5.918,-0.101,8.95,0.863,1.373,0.905,1.235,-1.599,-0.090,0.073,-0.001,-1.74,2.72,0.14,-0.0236,-0.0319,-0.0061,778.6190,759.2599,766.3105,770.7129
2,6.023,-0.091,9.00,0.863,1.373,0.760,1.335,-1.595,-0.058,0.044,-0.007,-2.63,0.99,0.01,0.0031,-0.0041,-0.0021,778.2756,760.8885,765.4487,770.9321
2,6.120,-0.071,9.05,0.863,1.373,0.760,1.335,-1.595,-0.058,0.044,-0.007,-2.63,0.99,0.01,0.0031,-0.0041,-0.0021,778.2756,760.8885,765.4487,770.9321
2,6.211,-0.039,9.10,0.863,1.373,0.759,1.336,-1.595,-0.054,0.041,-0.007,-2.61,0.99,-0.00,0.0073,-0.0001,-0.0024,778.3451,760.6048,765.1391,771.0911
2,6.295,0.003,9.15,0.863,1.373,0.756,1.337,-1.596,-0.046,0.037,-0.007,-2.59,0.99,-0.01,0.0113,0.0024,-0.0020,778.3995,760.3461,764.2957,771.4325
2,6.371,0.055,9.20,0.863,1.373,0.755,1.338,-1.596,-0.041,0.036,-0.007,-2.55,1.00,-0.01,0.0131,0.0043,-0.0006,778.3546,760.0606,763.7900,771.6445
2,6.440,0.118,9.25,0.863,1.373,0.754,1.339,-1.597,-0.032,0.034,-0.008,-2.52,1.01,-0.02,0.0141,0.0068,-0.0019,778.2067,759.8383,763.3338,771.7590
2,6.499,0.191,9.30,0.863,1.373,0.754,1.340,-1.597,-0.029,0.034,-0.008,-2.47,1.04,-0.02,0.0130,0.0086,-0.0004,778.2462,759.5845,762.6081,772.1979
2,6.551,0.273,9.35,0.863,1.373,0.753,1.341,-1.598,-0.021,0.036,-0.007,-2.45,1.06,-0.02,0.0103,0.0086,-0.0009,778.2851,759.6084,762.4391,772.4634
2,6.593,0.364,9.40,0.863,1.373,0.754,1.342,-1.598,-0.018,0.037,-0.007,-2.42,1.09,-0.02,0.0071,0.0108,0.0001,778.2903,759.6691,762.0565,772.9402
2,6.627,0.465,9.45,0.863,1.373,0.755,1.345,-1.597,-0.011,0.042,-0.007,-2.41,1.12,-0.02,0.0027,0.0100,0.0004,778.6072,759.5480,762.0641,773.2314
2,6.651,0.573,9.50,0.863,1.373,0.755,1.347,-1.597,-0.009,0.045,-0.007,-2.41,1.16,-0.02,-0.0029,0.0126,-0.0003,778.7292,759.6912,762.1213,773.4728
2,6.666,0.689,9.55,0.863,1.373,0.757,1.351,-1.597,-0.004,0.052,-0.007,-2.42,1.18,-0.02,-0.0080,0.0123,-0.0004,778.7847,759.8401,761.8169,774.1817
2,6.671,0.812,9.60,0.863,1.373,0.758,1.353,-1.596,-0.002,0.056,-0.007,-2.46,1.22,-0.01,-0.0154,0.0131,0.0008,778.9095,759.9385,761.9770,774.4785
2,6.668,0.942,9.65,0.863,1.373,0.760,1.359,-1.595,0.001,0.065,-0.008,-2.49,1.25,-0.01,-0.0186,0.0105,0.0008,779.3093,759.7391,762.1581,774.6399
2,6.654,1.078,9.70,0.863,1.373,0.761,1.362,-1.595,0.003,0.069,-0.008,-2.57,1.29,0.00,-0.0250,0.0102,0.0012,779.0699,760.1510,761.7972,775.3945
2,6.632,1.220,9.75,0.863,1.373,0.763,1.368,-1.594,0.004,0.077,-0.009,-2.63,1.31,0.00,-0.0295,0.0090,0.0004,778.9659,760.3409,762.0274,775.4851
2,6.600,1.366,9.80,0.863,1.373,0.764,1.372,-1.594,0.005,0.081,-0.009,-2.74,1.33,0.01,-0.0333,0.0068,-0.0001,778.9949,760.4581,761.7917,775.9630
2,6.559,1.515,9.85,0.863,1.373,0.767,1.380,-1.593,0.005,0.089,-0.011,-2.81,1.35,0.01,-0.0357,0.0060,-0.0006,778.9733,760.5350,761.9093,776.0045
2,6.509,1.669,9.90,0.863,1.373,0.768,1.384,-1.592,0.005,0.092,-0.011,-2.94,1.37,0.02,-0.0389,0.0043,-0.0006,778.8841,760.5372,761.9665,776.1847
2,6.451,1.824,9.95,0.863,1.373,0.770,1.392,-1.591,0.004,0.097,-0.012,-3.03,1.38,0.02,-0.0385,0.0037,-0.0003,778.8240,760.7941,761.7112,776.6658
3,1.412,-1.216,0.00,0.863,1.373,0.685,1.193,-1.600,-0.004,-0.095,0.001,-0.52,-1.05,0.29,0.0021,0.0061,-0.0080,769.1130,767.6227,764.3839,775.8997
3,1.401,-1.208,0.05,0.863,1.373,0.685,1.193,-1.600,-0.004,-0.095,0.001,-0.52,-1.05,0.29,0.0021,0.0061,-0.0080,769.1130,767.6227,764.3839,775.8997
3,1.389,-1.200,0.10,0.863,1.373,0.686,1.188,-1.599,0.001,-0.083,0.001,-0.51,-1.04,0.30,0.0006,0.0055,-0.0091,769.3831,767.7242,764.6998,775.7552
3,1.377,-1.190,0.15,0.863,1.373,0.685,1.186,-1.599,0.003,-0.077,0.001,-0.51,-1.02,0.30,-0.0022,0.0050,-0.0093,769.2642,768.1371,764.8190,775.6125
3,1.365,-1.180,0.20,0.863,1.373,0.685,1.183,-1.598,0.006,-0.064,-0.000,-0.52,-1.01,0.31,-0.0036,0.0040,-0.0109,769.2969,768.3505,764.8227,775.7220
3,1.352,-1.169,0.25,0.863,1.373,0.685,1.181,-1.598,0.008,-0.058,-0.000,-0.52,-1.00,0.31,-0.0038,0.0029,-0.0116,769.5888,768.2423,764.7415,775.7515
3,1.338,-1.158,0.30,0.863,1.373,0.684,1.179,-1.597,0.010,-0.046,-0.001,-0.53,-0.99,0.31,-0.0064,0.0019,-0.0121,769.4496,768.4732,764.8332,775.4967
3,1.324,-1.145,0.35,0.863,1.373,0.684,1.178,-1.597,0.012,-0.041,-0.002,-0.55,-0.98,0.31,-0.0070,0.0012,-0.0121,769.2280,768.6338,764.4447,775.6331
3,1.309,-1.132,0.40,0.863,1.373,0.683,1.177,-1.597,0.014,-0.029,-0.002,-0.57,-0.98,0.31,-0.0079,-0.0008,-0.0131,769.5264,768.4977,764.5568,775.2639
3,1.294,-1.118,0.45,0.863,1.373,0.683,1.177,-1.597,0.015,-0.024,-0.003,-0.60,-0.99,0.31,-0.0097,-0.0024,-0.0125,769.3609,768.5175,764.5853,774.8542
3,1.279,-1.104,0.50,0.863,1.373,0.682,1.177,-1.597,0.016,-0.015,-0.003,-0.62,-0.99,0.30,-0.0109,-0.0027,-0.0138,769.2069,768.4123,764.4402,774.4989
3,1.263,-1.088,0.55,0.863,1.373,0.682,1.178,-1.598,0.017,-0.010,-0.004,-0.65,-1.00,0.30,-0.0111,-0.0035,-0.0128,769.1343,768.3559,764.3278,774.1897
3,1.247,-1.073,0.60,0.863,1.373,0.682,1.179,-1.598,0.020,-0.001,-0.004,-0.68,-1.01,0.30,-0.0114,-0.0042,-0.0140,769.1744,768.0593,764.3042,773.8993
3,1.230,-1.056,0.65,0.863,1.373,0.682,1.180,-1.599,0.021,0.003,-0.004,-0.71,-1.01,0.29,-0.0115,-0.0014,-0.0129,768.6876,768.3455,763.8066,774.0815
3,1.214,-1.039,0.70,0.863,1.373,0.683,1.181,-1.600,0.024,0.010,-0.004,-0.74,-1.02,0.28,-0.0120,-0.0030,-0.0131,769.0029,767.8090,764.2467,773.2949
3,1.196,-1.022,0.75,0.863,1.373,0.683,1.182,-1.600,0.025,0.014,-0.004,-0.78,-1.02,0.28,-0.0120,-0.0004,-0.0140,768.4306,768.1987,763.6989,773.4207
3,1.179,-1.003,0.80,0.863,1.373,0.684,1.184,-1.602,0.028,0.020,-0.003,-0.81,-1.02,0.27,-0.0118,-0.0001,-0.0132,768.5890,767.7396,763.6943,772.8868
3,1.161,-0.985,0.85,0.863,1.373,0.684,1.186,-1.603,0.030,0.023,-0.002,-0.84,-1.02,0.26,-0.0102,0.0009,-0.0133,768.3950,767.6334,763.3868,772.5959
3,1.143,-0.966,0.90,0.863,1.373,0.685,1.188,-1.605,0.032,0.028,-0.002,-0.87,-1.01,0.25,-0.0098,0.0020,-0.0138,768.1762,767.5828,762.9776,772.4445
3,1.125,-0.946,0.95,0.863,1.373,0.686,1.189,-1.606,0.033,0.030,-0.001,-0.90,-1.01,0.25,-0.0092,0.0029,-0.0134,767.8643,767.5662,762.6482,772.2921
3,1.106,-0.926,1.00,0.863,1.373,0.722,1.233,-1.614,0.057,0.048,0.016,-1.09,-0.77,0.17,-0.0033,0.0044,-0.0080,769.6838,770.0910,765.1912,774.2950
3,1.088,-0.905,1.05,0.863,1.373,0.722,1.233,-1.614,0.057,0.048,0.016,-1.09,-0.77,0.17,-0.0033,0.0044,-0.0080,769.6838,770.0910,765.1912,774.2950
3,1.069,-0.884,1.10,0.863,1.373,0.724,1.235,-1.614,0.057,0.048,0.015,-1.10,-0.75,0.17,-0.0044,0.0056,-0.0080,769.9592,769.7756,765.4231,774.1440
3,1.050,-0.863,1.15,0.863,1.373,0.728,1.238,-1.613,0.058,0.048,0.014,-1.11,-0.74,0.17,-0.0046,0.0048,-0.0082,769.7209,769.8917,765.3633,774.0854
3,1.031,-0.841,1.20,0.863,1.373,0.730,1.239,-1.612,0.059,0.048,0.013,-1.13,-0.72,0.17,-0.0044,0.0049,-0.0069,769.5365,769.9423,765.6990,773.6880
3,1.012,-0.819,1.25,0.863,1.373,0.735,1.242,-1.612,0.059,0.047,0.012,-1.14,-0.71,0.17,-0.0041,0.0086,-0.0076,769.2175,769.9666,765.2151,774.0759
3,0.993,-0.797,1.30,0.863,1.373,0.737,1.243,-1.611,0.060,0.046,0.011,-1.15,-0.68,0.16,-0.0037,0.0087,-0.0077,769.3827,769.7679,765.2664,773.9443
3,0.974,-0.775,1.35,0.863,1.373,0.743,1.245,-1.610,0.061,0.043,0.010,-1.15,-0.66,0.16,-0.0013,0.0084,-0.0074,769.4436,769.6223,765.6829,773.4242
3,0.954,-0.752,1.40,0.863,1.373,0.745,1.245,-1.610,0.061,0.042,0.009,-1.16,-0.64,0.16,0.0007,0.0099,-0.0079,769.3684,769.5213,765.4239,773.6285
3,0.935,-0.729,1.45,0.863,1.373,0.750,1.247,-1.610,0.061,0.039,0.009,-1.15,-0.61,0.16,0.0025,0.0099,-0.0078,769.2836,769.5396,765.5845,773.3810
3,0.916,-0.706,1.50,0.863,1.373,0.753,1.247,-1.609,0.061,0.038,0.008,-1.14,-0.58,0.16,0.0043,0.0094,-0.0074,769.2132,769.5712,765.4452,773.3451
3,0.897,-0.683,1.55,0.863,1.373,0.758,1.248,-1.609,0.061,0.035,0.007,-1.13,-0.55,0.16,0.0055,0.0108,-0.0080,769.0760,769.5135,765.2022,773.4453
3,0.878,-0.660,1.60,0.863,1.373,0.760,1.248,-1.609,0.060,0.034,0.007,-1.11,-0.52,0.16,0.0065,0.0094,-0.0063,768.7663,769.5272,765.1966,773.1862
3,0.860,-0.636,1.65,0.863,1.373,0.764,1.248,-1.609,0.059,0.031,0.006,-1.09,-0.50,0.16,0.0082,0.0096,-0.0076,768.8292,769.1967,764.8769,773.2596
3,0.841,-0.613,1.70,0.863,1.373,0.766,1.248,-1.609,0.058,0.030,0.006,-1.07,-0.47,0.16,0.0088,0.0084,-0.0075,768.7576,769.0778,765.0277,772.8718
3,0.822,-0.590,1.75,0.863,1.373,0.770,1.248,-1.610,0.056,0.028,0.006,-1.05,-0.45,0.16,0.0091,0.0072,-0.0079,768.7438,768.8446,764.8328,772.8706
3,0.804,-0.566,1.80,0.863,1.373,0.772,1.248,-1.610,0.055,0.027,0.006,-1.02,-0.43,0.15,0.0094,0.0064,-0.0073,768.7766,768.8074,764.9523,772.6130
3,0.786,-0.543,1.85,0.863,1.373,0.776,1.249,-1.610,0.053,0.025,0.006,-1.00,-0.42,0.16,0.0085,0.0041,-0.0071,768.7032,768.8720,765.1028,772.4714
3,0.768,-0.520,1.90,0.863,1.373,0.777,1.249,-1.610,0.052,0.025,0.006,-0.97,-0.40,0.15,0.0080,0.0045,-0.0075,768.4999,769.1420,764.8075,772.7323
3,0.751,-0.497,1.95,0.863,1.373,0.781,1.249,-1.610,0.050,0.023,0.006,-0.95,-0.40,0.15,0.0081,0.0034,-0.0065,768.8407,768.9260,765.1082,772.6049
3,0.734,-0.474,2.00,0.863,1.373,0.830,1.253,-1.600,0.015,0.025,-0.003,-0.69,-0.27,0.19,0.0017,0.0009,-0.0095,769.1019,769.2438,766.2631,772.8789
3,0.717,-0.451,2.05,0.863,1.373,0.830,1.253,-1.600,0.015,0.025,-0.003,-0.69,-0.27,0.19,0.0017,0.0009,-0.0095,769.1019,769.2438,766.2631,772.8789
3,0.700,-0.428,2.10,0.863,1.373,0.831,1.253,-1.599,0.012,0.026,-0.003,-0.68,-0.27,0.19,0.0025,-0.0020,-0.0082,769.1287,769.3929,766.0229,773.1701
3,0.684,-0.406,2.15,0.863,1.373,0.831,1.254,-1.599,0.011,0.026,-0.004,-0.68,-0.27,0.20,0.0025,-0.0024,-0.0078,769.2579,769.3116,766.1209,773.1191
3,0.668,-0.384,2.20,0.863,1.373,0.832,1.255,-1.599,0.009,0.027,-0.004,-0.68,-0.28,0.20,0.0014,-0.0037,-0.0087,769.1265,769.4050,766.6632,772.6809
3,0.653,-0.362,2.25,0.863,1.373,0.832,1.255,-1.598,0.008,0.027,-0.004,-0.68,-0.30,0.20,0.0010,-0.0037,-0.0087,769.5392,769.1151,766.6060,772.8303
3,0.638,-0.341,2.30,0.863,1.373,0.833,1.256,-1.598,0.006,0.027,-0.005,-0.67,-0.30,0.20,-0.0001,-0.0044,-0.0086,769.2531,769.3799,766.4247,772.9855
3,0.624,-0.320,2.35,0.863,1.373,0.833,1.257,-1.598,0.005,0.027,-0.005,-0.68,-0.32,0.20,0.0005,-0.0036,-0.0097,769.3241,769.0919,766.7794,772.4241
3,0.610,-0.299,2.40,0.863,1.373,0.833,1.258,-1.598,0.004,0.027,-0.005,-0.68,-0.33,0.20,0.0006,-0.0024,-0.0091,769.1859,769.1942,766.9048,772.2495
3,0.596,-0.279,2.45,0.863,1.373,0.833,1.258,-1.598,0.003,0.027,-0.006,-0.67,-0.34,0.20,-0.0001,-0.0038,-0.0092,769.2415,768.9581,766.4460,772.4423
3,0.583,-0.259,2.50,0.863,1.373,0.832,1.260,-1.598,0.002,0.027,-0.006,-0.68,-0.35,0.20,0.0001,-0.0046,-0.0089,769.2200,769.0093,766.6291,772.2217
3,0.570,-0.240,2.55,0.863,1.373,0.832,1.261,-1.598,0.002,0.027,-0.006,-0.67,-0.36,0.19,0.0009,-0.0043,-0.0094,769.0076,769.0801,766.4360,772.2699
3,0.558,-0.221,2.60,0.863,1.373,0.831,1.263,-1.598,0.001,0.027,-0.006,-0.67,-0.37,0.19,0.0002,-0.0041,-0.0089,769.4169,768.7214,766.7512,771.8959
3,0.547,-0.202,2.65,0.863,1.373,0.831,1.263,-1.598,0.001,0.027,-0.007,-0.67,-0.38,0.19,-0.0015,-0.0039,-0.0099,769.0215,769.0433,766.3738,772.2019
3,0.536,-0.185,2.70,0.863,1.373,0.830,1.265,-1.598,0.001,0.027,-0.007,-0.68,-0.39,0.19,-0.0008,-0.0050,-0.0097,769.2410,768.8317,766.5098,771.9374
3,0.526,-0.167,2.75,0.863,1.373,0.830,1.266,-1.598,0.000,0.027,-0.007,-0.68,-0.41,0.19,0.0002,-0.0051,-0.0086,769.0042,768.9770,766.3625,771.9885
3,0.516,-0.151,2.80,0.863,1.373,0.829,1.268,-1.598,0.000,0.027,-0.007,-0.68,-0.42,0.19,-0.0011,-0.0038,-0.0101,768.9775,769.0190,766.5779,771.7243
3,0.507,-0.135,2.85,0.863,1.373,0.828,1.270,-1.598,0.000,0.027,-0.007,-0.68,-0.43,0.18,-0.0019,-0.0030,-0.0100,769.0859,768.7440,766.4077,771.6303
3,0.499,-0.119,2.90,0.863,1.373,0.827,1.272,-1.599,0.000,0.027,-0.007,-0.69,-0.43,0.18,-0.0020,-0.0039,-0.0086,769.0981,768.6525,766.2620,771.6203
3,0.491,-0.104,2.95,0.863,1.373,0.827,1.274,-1.599,0.001,0.027,-0.006,-0.69,-0.45,0.18,-0.0020,-0.0032,-0.0088,769.0969,768.6677,766.4496,771.5354
3,0.484,-0.090,3.00,0.863,1.373,0.843,1.288,-1.598,0.023,0.007,-0.007,-0.57,-0.23,0.19,0.0073,0.0071,-0.0089,768.9576,768.6299,766.8391,771.3539
3,0.477,-0.077,3.05,0.863,1.373,0.843,1.288,-1.598,0.023,0.007,-0.007,-0.57,-0.23,0.19,0.0073,0.0071,-0.0089,768.9576,768.6299,766.8391,771.3539
3,0.471,-0.064,3.10,0.863,1.373,0.847,1.287,-1.598,0.024,0.006,-0.007,-0.54,-0.21,0.19,0.0090,0.0085,-0.0088,769.1091,768.6377,767.0280,771.2266
3,0.466,-0.052,3.15,0.863,1.373,0.848,1.286,-1.598,0.024,0.006,-0.007,-0.52,-0.19,0.19,0.0084,0.0075,-0.0091,769.4058,768.4969,767.2084,771.1884
3,0.462,-0.041,3.20,0.863,1.373,0.852,1.285,-1.597,0.024,0.005,-0.007,-0.50,-0.17,0.19,0.0087,0.0079,-0.0087,769.1224,768.9552,767.0536,771.6127
3,0.458,-0.030,3.25,0.863,1.373,0.854,1.284,-1.597,0.024,0.005,-0.007,-0.47,-0.14,0.19,0.0075,0.0084,-0.0082,769.4399,768.8358,767.5250,771.4183
3,0.455,-0.021,3.30,0.863,1.373,0.858,1.282,-1.596,0.025,0.004,-0.007,-0.45,-0.12,0.19,0.0094,0.0076,-0.0087,769.7781,768.6458,767.6607,771.5532
3,0.452,-0.012,3.35,0.863,1.373,0.860,1.281,-1.596,0.025,0.004,-0.007,-0.43,-0.09,0.19,0.0083,0.0104,-0.0086,769.6111,768.9937,767.5201,771.7029
3,0.450,-0.004,3.40,0.863,1.373,0.864,1.279,-1.595,0.025,0.004,-0.008,-0.41,-0.07,0.19,0.0095,0.0094,-0.0084,769.7251,768.8415,767.7368,771.5101
3,0.449,0.004,3.45,0.863,1.373,0.865,1.278,-1.595,0.025,0.004,-0.008,-0.38,-0.04,0.19,0.0086,0.0102,-0.0091,769.8123,768.7026,767.7367,771.5208
3,0.449,0.010,3.50,0.863,1.373,0.869,1.276,-1.595,0.025,0.004,-0.009,-0.36,-0.02,0.20,0.0074,0.0096,-0.0092,769.6937,768.8087,768.0471,771.1758
3,0.449,0.016,3.55,0.863,1.373,0.871,1.275,-1.595,0.024,0.004,-0.009,-0.34,0.01,0.20,0.0086,0.0098,-0.0094,769.6053,768.9368,767.9053,771.4086
3,0.450,0.021,3.60,0.863,1.373,0.874,1.273,-1.594,0.023,0.005,-0.009,-0.31,0.04,0.20,0.0082,0.0094,-0.0096,769.5921,769.0240,768.0902,771.3063
3,0.452,0.025,3.65,0.863,1.373,0.876,1.272,-1.594,0.022,0.005,-0.009,-0.29,0.06,0.20,0.0072,0.0082,-0.0094,769.9546,768.8275,768.0501,771.6008
3,0.454,0.028,3.70,0.863,1.373,0.879,1.271,-1.593,0.021,0.006,-0.009,-0.27,0.08,0.20,0.0076,0.0075,-0.0088,769.7396,769.2767,767.9441,771.8281
3,0.457,0.031,3.75,0.863,1.373,0.881,1.270,-1.592,0.020,0.007,-0.010,-0.25,0.11,0.20,0.0061,0.0074,-0.0104,769.9080,769.1262,768.2744,771.6290
3,0.461,0.032,3.80,0.863,1.373,0.883,1.269,-1.592,0.018,0.008,-0.011,-0.24,0.12,0.20,0.0058,0.0064,-0.0102,769.9872,769.1565,768.3950,771.4478
3,0.466,0.033,3.85,0.863,1.373,0.884,1.268,-1.591,0.017,0.009,-0.011,-0.22,0.14,0.20,0.0058,0.0046,-0.0096,769.9729,769.2893,768.3779,771.5548
3,0.471,0.032,3.90,0.863,1.373,0.887,1.267,-1.590,0.015,0.011,-0.012,-0.21,0.15,0.20,0.0031,0.0035,-0.0095,770.3339,769.1050,768.7554,771.4131
3,0.477,0.031,3.95,0.863,1.373,0.888,1.266,-1.590,0.014,0.011,-0.012,-0.20,0.16,0.20,0.0037,0.0033,-0.0098,770.2729,769.2411,768.5988,771.5974
3,0.483,0.029,4.00,0.863,1.373,0.900,1.276,-1.603,-0.014,0.038,-0.003,-0.24,0.14,0.21,-0.0048,0.0033,-0.0094,768.8445,768.0200,767.8840,769.8270
3,0.490,0.027,4.05,0.863,1.373,0.900,1.276,-1.603,-0.014,0.038,-0.003,-0.24,0.14,0.21,-0.0048,0.0033,-0.0094,768.8445,768.0200,767.8840,769.8270
3,0.498,0.023,4.10,0.863,1.373,0.901,1.278,-1.603,-0.014,0.039,-0.002,-0.25,0.14,0.21,-0.0050,0.0025,-0.0096,769.1276,767.9756,767.9005,770.0588
3,0.507,0.019,4.15,0.863,1.373,0.901,1.279,-1.603,-0.015,0.039,-0.001,-0.26,0.15,0.21,-0.0043,0.0023,-0.0103,769.2008,768.1713,768.0681,770.1035
3,0.516,0.013,4.20,0.863,1.373,0.902,1.281,-1.603,-0.015,0.040,-0.001,-0.28,0.15,0.21,-0.0042,0.0015,-0.0094,769.4645,768.2607,768.5284,769.9306
3,0.525,0.007,4.25,0.863,1.373,0.902,1.282,-1.603,-0.016,0.040,-0.001,-0.29,0.16,0.20,-0.0042,0.0010,-0.0102,769.3020,768.5387,768.2342,770.3350
3,0.536,0.000,4.30,0.863,1.373,0.902,1.284,-1.603,-0.016,0.039,-0.001,-0.30,0.16,0.20,-0.0038,0.0010,-0.0109,769.4737,768.3901,768.2335,770.2827
3,0.546,-0.007,4.35,0.863,1.373,0.903,1.284,-1.603,-0.017,0.039,-0.001,-0.31,0.16,0.20,-0.0025,0.0015,-0.0101,769.6649,768.4313,768.7593,770.0264
3,0.558,-0.016,4.40,0.863,1.373,0.903,1.285,-1.602,-0.017,0.038,-0.001,-0.32,0.16,0.20,-0.0005,0.0017,-0.0100,769.8063,768.3768,768.6061,770.1647
3,0.570,-0.025,4.45,0.863,1.373,0.904,1.286,-1.602,-0.017,0.037,-0.001,-0.32,0.17,0.20,-0.0001,0.0016,-0.0102,769.6565,768.5762,768.4597,770.3456
3,0.582,-0.035,4.50,0.863,1.373,0.905,1.287,-1.602,-0.017,0.036,-0.002,-0.32,0.17,0.20,0.0001,0.0012,-0.0102,769.7692,768.4540,768.5458,770.2242
3,0.595,-0.046,4.55,0.863,1.373,0.905,1.287,-1.602,-0.017,0.036,-0.002,-0.32,0.17,0.20,0.0018,0.0028,-0.0096,769.5275,768.5999,768.6208,770.0958
3,0.609,-0.058,4.60,0.863,1.373,0.906,1.288,-1.602,-0.017,0.035,-0.002,-0.31,0.18,0.20,0.0028,0.0032,-0.0104,769.7616,768.2141,768.5538,770.0237
3,0.623,-0.070,4.65,0.863,1.373,0.906,1.288,-1.602,-0.018,0.034,-0.002,-0.31,0.18,0.20,0.0013,0.0014,-0.0103,769.5875,768.4579,768.1127,770.3050
3,0.637,-0.083,4.70,0.863,1.373,0.907,1.289,-1.602,-0.018,0.033,-0.002,-0.30,0.19,0.19,0.0026,0.0037,-0.0099,769.3657,768.6947,768.1682,770.3031
3,0.652,-0.097,4.75,0.863,1.373,0.907,1.290,-1.602,-0.019,0.033,-0.002,-0.29,0.20,0.19,0.0034,0.0018,-0.0105,769.4503,768.6160,768.1592,770.3077
3,0.668,-0.111,4.80,0.863,1.373,0.907,1.291,-1.602,-0.019,0.032,-0.002,-0.29,0.20,0.19,0.0026,0.0022,-0.0105,769.4338,768.5559,768.1540,770.1565
3,0.683,-0.127,4.85,0.863,1.373,0.907,1.291,-1.602,-0.020,0.032,-0.002,-0.28,0.21,0.19,0.0018,0.0013,-0.0089,769.4402,768.5061,767.9244,770.2586
3,0.699,-0.142,4.90,0.863,1.373,0.907,1.293,-1.602,-0.020,0.032,-0.003,-0.27,0.21,0.19,0.0004,0.0011,-0.0087,769.6884,768.1740,768.3149,769.7894
3,0.716,-0.159,4.95,0.863,1.373,0.907,1.294,-1.602,-0.021,0.033,-0.003,-0.27,0.21,0.18,0.0004,-0.0003,-0.0087,769.3676,768.3880,767.8947,770.1533
3,0.733,-0.176,5.00,0.863,1.373,0.878,1.329,-1.597,-0.022,0.015,-0.006,-0.40,0.01,0.18,0.0032,-0.0031,-0.0090,770.0645,768.7084,769.0265,770.4806
3,0.750,-0.193,5.05,0.863,1.373,0.878,1.329,-1.597,-0.022,0.015,-0.006,-0.40,0.01,0.18,0.0032,-0.0031,-0.0090,770.0645,768.7084,769.0265,770.4806
3,0.767,-0.211,5.10,0.863,1.373,0.876,1.329,-1.597,-0.021,0.014,-0.006,-0.39,-0.00,0.18,0.0044,-0.0038,-0.0087,770.3433,768.6021,768.9274,770.6616
3,0.785,-0.230,5.15,0.863,1.373,0.875,1.329,-1.596,-0.021,0.013,-0.006,-0.38,-0.01,0.18,0.0047,-0.0029,-0.0088,770.1682,768.9277,768.9326,770.6737
3,0.803,-0.249,5.20,0.863,1.373,0.874,1.329,-1.596,-0.019,0.012,-0.007,-0.37,-0.02,0.18,0.0049,-0.0029,-0.0093,770.2334,769.0078,768.8010,770.9436
3,0.821,-0.269,5.25,0.863,1.373,0.873,1.330,-1.595,-0.019,0.012,-0.007,-0.35,-0.02,0.18,0.0048,-0.0018,-0.0084,770.2075,769.0369,768.7805,770.9574
3,0.840,-0.289,5.30,0.863,1.373,0.871,1.330,-1.595,-0.018,0.012,-0.008,-0.34,-0.03,0.18,0.0038,-0.0011,-0.0078,770.4681,768.7941,768.9815,770.7272
3,0.858,-0.309,5.35,0.863,1.373,0.870,1.331,-1.595,-0.017,0.012,-0.008,-0.33,-0.03,0.18,0.0027,-0.0017,-0.0088,770.3783,768.8070,768.7032,770.9142
3,0.877,-0.330,5.40,0.863,1.373,0.869,1.332,-1.595,-0.016,0.013,-0.009,-0.33,-0.03,0.18,0.0007,-0.0008,-0.0084,770.1154,768.8992,768.5616,770.8683
3,0.896,-0.351,5.45,0.863,1.373,0.868,1.333,-1.595,-0.015,0.013,-0.009,-0.32,-0.04,0.18,-0.0002,-0.0016,-0.0089,770.5217,768.2573,768.3542,770.8167
3,0.915,-0.373,5.50,0.863,1.373,0.867,1.335,-1.595,-0.014,0.015,-0.010,-0.32,-0.04,0.18,-0.0024,-0.0011,-0.0091,769.7694,768.8022,768.0363,771.0300
3,0.934,-0.395,5.55,0.863,1.373,0.866,1.335,-1.595,-0.014,0.015,-0.010,-0.33,-0.04,0.18,-0.0037,-0.0018,-0.0085,769.7187,768.5490,767.9702,770.8488
3,0.953,-0.417,5.60,0.863,1.373,0.864,1.337,-1.595,-0.014,0.016,-0.010,-0.34,-0.04,0.18,-0.0043,-0.0012,-0.0089,769.7322,768.3589,768.2279,770.5527
3,0.972,-0.439,5.65,0.863,1.373,0.863,1.338,-1.595,-0.013,0.017,-0.010,-0.36,-0.05,0.18,-0.0052,-0.0023,-0.0088,769.9802,768.2432,768.2089,770.6046
3,0.992,-0.462,5.70,0.863,1.373,0.861,1.339,-1.595,-0.013,0.017,-0.010,-0.37,-0.06,0.18,-0.0062,-0.0024,-0.0089,769.7557,768.5721,768.2584,770.6034
3,1.011,-0.485,5.75,0.863,1.373,0.860,1.340,-1.594,-0.012,0.018,-0.010,-0.39,-0.06,0.18,-0.0051,-0.0029,-0.0089,770.0562,768.4933,768.4237,770.6224
3,1.030,-0.508,5.80,0.863,1.373,0.858,1.341,-1.594,-0.012,0.018,-0.010,-0.40,-0.07,0.18,-0.0062,-0.0034,-0.0091,770.1261,768.5576,768.3500,770.8475
3,1.049,-0.531,5.85,0.863,1.373,0.858,1.342,-1.594,-0.011,0.018,-0.010,-0.41,-0.08,0.18,-0.0040,-0.0025,-0.0086,770.2202,768.6115,768.4425,770.9080
3,1.068,-0.554,5.90,0.863,1.373,0.857,1.343,-1.593,-0.010,0.018,-0.010,-0.43,-0.09,0.18,-0.0048,-0.0032,-0.0093,770.1066,768.7590,768.7363,770.8038
3,1.087,-0.578,5.95,0.863,1.373,0.856,1.343,-1.593,-0.009,0.018,-0.011,-0.44,-0.10,0.18,-0.0041,-0.0011,-0.0078,770.0726,768.8446,768.1301,771.3857
3,1.105,-0.601,6.00,0.863,1.373,0.861,1.352,-1.598,0.004,0.009,-0.005,-0.44,-0.00,0.17,-0.0013,0.0030,-0.0082,770.0986,768.8763,767.8507,771.5374
3,1.124,-0.624,6.05,0.863,1.373,0.861,1.352,-1.598,0.004,0.009,-0.005,-0.44,-0.00,0.17,-0.0013,0.0030,-0.0082,770.0986,768.8763,767.8507,771.5374
3,1.142,-0.648,6.10,0.863,1.373,0.862,1.353,-1.597,0.004,0.010,-0.006,-0.44,0.01,0.17,-0.0015,0.0027,-0.0084,770.3875,768.7518,768.1460,771.5337
3,1.160,-0.671,6.15,0.863,1.373,0.863,1.354,-1.596,0.004,0.010,-0.006,-0.45,0.01,0.17,-0.0011,0.0037,-0.0080,770.2386,769.0687,768.3308,771.3969
3,1.178,-0.694,6.20,0.863,1.373,0.864,1.355,-1.596,0.003,0.011,-0.007,-0.45,0.02,0.17,-0.0012,0.0035,-0.0078,770.4333,768.6667,768.0646,771.6397
3,1.195,-0.717,6.25,0.863,1.373,0.864,1.355,-1.596,0.003,0.011,-0.007,-0.46,0.03,0.17,-0.0031,0.0030,-0.0079,769.6535,769.2071,767.7551,771.7564
3,1.213,-0.740,6.30,0.863,1.373,0.864,1.356,-1.595,0.001,0.012,-0.008,-0.46,0.04,0.17,-0.0014,0.0017,-0.0078,770.0000,768.6671,767.6202,771.7495
3,1.230,-0.763,6.35,0.863,1.373,0.864,1.356,-1.595,0.001,0.013,-0.008,-0.47,0.04,0.17,-0.0030,0.0011,-0.0091,770.2281,768.5046,768.0180,771.4373
3,1.246,-0.786,6.40,0.863,1.373,0.865,1.357,-1.595,-0.001,0.013,-0.008,-0.48,0.04,0.17,-0.0027,0.0010,-0.0084,770.0587,768.7482,767.9600,771.6949
3,1.262,-0.808,6.45,0.863,1.373,0.865,1.358,-1.594,-0.002,0.014,-0.009,-0.49,0.04,0.17,-0.0024,-0.0017,-0.0081,770.2544,768.7665,768.1680,771.6335
3,1.278,-0.830,6.50,0.863,1.373,0.865,1.358,-1.594,-0.004,0.014,-0.009,-0.50,0.03,0.17,-0.0024,-0.0016,-0.0088,770.0746,769.1721,767.8013,772.0997
3,1.294,-0.852,6.55,0.863,1.373,0.866,1.359,-1.593,-0.004,0.014,-0.009,-0.51,0.03,0.17,-0.0026,-0.0027,-0.0079,770.3889,768.8979,767.8998,771.9398
3,1.309,-0.873,6.60,0.863,1.373,0.866,1.359,-1.593,-0.006,0.015,-0.010,-0.52,0.02,0.17,-0.0028,-0.0027,-0.0079,770.0480,769.0811,767.5125,772.2167
3,1.323,-0.895,6.65,0.863,1.373,0.866,1.360,-1.593,-0.007,0.015,-0.011,-0.52,0.01,0.17,-0.0022,-0.0031,-0.0079,769.9156,769.0029,767.5294,771.8440
3,1.337,-0.915,6.70,0.863,1.373,0.867,1.360,-1.593,-0.009,0.016,-0.011,-0.53,0.00,0.16,-0.0034,-0.0040,-0.0093,770.1964,768.4897,767.7217,771.4161
3,1.351,-0.936,6.75,0.863,1.373,0.867,1.360,-1.593,-0.010,0.016,-0.012,-0.54,-0.01,0.16,-0.0026,-0.0040,-0.0083,769.9027,768.9019,767.3787,771.6001
3,1.364,-0.955,6.80,0.863,1.373,0.867,1.361,-1.592,-0.011,0.016,-0.012,-0.55,-0.02,0.16,-0.0030,-0.0032,-0.0086,769.8797,768.9471,767.3010,771.7427
3,1.377,-0.975,6.85,0.863,1.373,0.867,1.361,-1.592,-0.012,0.016,-0.012,-0.56,-0.03,0.16,-0.0020,-0.0028,-0.0083,769.7923,769.0815,767.0642,771.9913
3,1.389,-0.994,6.90,0.863,1.373,0.868,1.361,-1.592,-0.013,0.016,-0.012,-0.57,-0.04,0.16,-0.0024,-0.0032,-0.0090,769.8964,768.7534,767.2473,771.6542
3,1.400,-1.012,6.95,0.863,1.373,0.868,1.362,-1.592,-0.013,0.016,-0.013,-0.57,-0.05,0.16,-0.0017,-0.0028,-0.0082,770.0271,768.4717,767.2642,771.4053
3,1.411,-1.030,7.00,0.863,1.373,0.862,1.363,-1.611,-0.026,0.018,0.003,-0.67,-0.27,0.15,-0.0011,-0.0030,-0.0072,768.5787,767.4980,765.5104,770.7740
3,1.421,-1.047,7.05,0.863,1.373,0.862,1.363,-1.611,-0.026,0.018,0.003,-0.67,-0.27,0.15,-0.0011,-0.0030,-0.0072,768.5787,767.4980,765.5104,770.7740
3,1.431,-1.064,7.10,0.863,1.373,0.862,1.363,-1.611,-0.026,0.018,0.004,-0.67,-0.28,0.15,-0.0011,-0.0022,-0.0072,768.5732,767.7098,765.7184,770.8893
3,1.440,-1.080,7.15,0.863,1.373,0.861,1.364,-1.611,-0.025,0.018,0.005,-0.67,-0.28,0.15,0.0006,-0.0018,-0.0073,768.6414,767.8637,765.7889,771.2078
3,1.449,-1.096,7.20,0.863,1.373,0.861,1.364,-1.611,-0.025,0.019,0.006,-0.67,-0.29,0.15,-0.0014,-0.0017,-0.0077,768.8445,768.2655,765.7914,771.6804
3,1.457,-1.111,7.25,0.863,1.373,0.861,1.365,-1.611,-0.025,0.019,0.007,-0.67,-0.29,0.15,-0.0015,-0.0009,-0.0071,769.2147,768.4087,765.7444,772.1935
3,1.464,-1.125,7.30,0.863,1.373,0.861,1.365,-1.610,-0.025,0.020,0.007,-0.68,-0.29,0.15,-0.0017,-0.0000,-0.0071,769.4750,768.6637,766.2822,772.1832
3,1.471,-1.138,7.35,0.863,1.373,0.861,1.366,-1.610,-0.025,0.021,0.007,-0.68,-0.30,0.15,-0.0019,-0.0012,-0.0069,769.3539,769.0058,766.3942,772.3481
3,1.477,-1.151,7.40,0.863,1.373,0.861,1.367,-1.609,-0.025,0.022,0.006,-0.69,-0.30,0.15,-0.0042,-0.0004,-0.0068,769.7396,768.8669,766.4390,772.6063
3,1.482,-1.163,7.45,0.863,1.373,0.862,1.368,-1.608,-0.025,0.022,0.006,-0.70,-0.30,0.15,-0.0039,-0.0009,-0.0079,769.5469,769.1330,766.4778,772.6830
3,1.486,-1.175,7.50,0.863,1.373,0.862,1.368,-1.608,-0.025,0.023,0.006,-0.72,-0.30,0.15,-0.0045,0.0004,-0.0079,769.6342,769.2469,766.4867,772.8162
3,1.490,-1.185,7.55,0.863,1.373,0.862,1.369,-1.607,-0.025,0.023,0.005,-0.73,-0.30,0.15,-0.0041,0.0002,-0.0077,769.6696,769.3865,766.8059,772.7440
3,1.494,-1.195,7.60,0.863,1.373,0.862,1.369,-1.606,-0.025,0.023,0.004,-0.74,-0.30,0.15,-0.0039,0.0007,-0.0078,769.8044,769.3046,766.6522,772.9357
3,1.496,-1.204,7.65,0.863,1.373,0.862,1.370,-1.605,-0.026,0.024,0.004,-0.75,-0.31,0.15,-0.0039,-0.0004,-0.0076,769.9938,769.2783,766.7085,773.0011
3,1.498,-1.212,7.70,0.863,1.373,0.863,1.370,-1.604,-0.026,0.024,0.003,-0.76,-0.31,0.15,-0.0038,-0.0008,-0.0076,769.8626,769.7072,766.4877,773.4449
3,1.499,-1.220,7.75,0.863,1.373,0.863,1.371,-1.603,-0.026,0.025,0.002,-0.78,-0.31,0.15,-0.0042,-0.0014,-0.0074,769.8447,769.8948,766.6111,773.4617
3,1.500,-1.226,7.80,0.863,1.373,0.863,1.372,-1.602,-0.026,0.025,0.001,-0.79,-0.32,0.15,-0.0039,-0.0003,-0.0072,770.2597,769.8328,766.9849,773.4594
3,1.499,-1.232,7.85,0.863,1.373,0.864,1.373,-1.600,-0.027,0.025,0.000,-0.80,-0.32,0.15,-0.0033,-0.0007,-0.0078,770.5699,769.8319,767.1588,773.5438
3,1.498,-1.237,7.90,0.863,1.373,0.864,1.373,-1.599,-0.027,0.025,-0.001,-0.81,-0.32,0.15,-0.0041,-0.0008,-0.0077,770.2501,770.2123,766.9169,773.7213
3,1.497,-1.241,7.95,0.863,1.373,0.865,1.374,-1.598,-0.027,0.025,-0.002,-0.82,-0.32,0.14,-0.0038,0.0007,-0.0076,770.1724,770.1964,766.6229,773.9465
3,1.494,-1.245,8.00,0.863,1.373,0.842,1.377,-1.592,-0.037,0.012,-0.013,-0.87,-0.73,0.13,0.0020,-0.0030,-0.0068,769.4916,769.2397,765.7517,773.3542
3,1.491,-1.247,8.05,0.863,1.373,0.842,1.377,-1.592,-0.037,0.012,-0.013,-0.87,-0.73,0.13,0.0020,-0.0030,-0.0068,769.4916,769.2397,765.7517,773.3542
3,1.488,-1.249,8.10,0.863,1.373,0.842,1.376,-1.591,-0.034,0.012,-0.013,-0.87,-0.74,0.13,0.0015,-0.0021,-0.0063,769.4609,769.4299,765.9226,773.1929
3,1.483,-1.250,8.15,0.863,1.373,0.842,1.376,-1.591,-0.033,0.012,-0.013,-0.87,-0.75,0.13,-0.0001,-0.0015,-0.0064,769.3539,769.6207,765.9607,773.3000
3,1.478,-1.249,8.20,0.863,1.373,0.842,1.375,-1.591,-0.030,0.011,-0.013,-0.86,-0.75,0.13,0.0018,0.0015,-0.0072,769.2866,769.7094,765.7010,773.6234
3,1.473,-1.248,8.25,0.863,1.373,0.843,1.375,-1.591,-0.029,0.011,-0.013,-0.86,-0.74,0.13,0.0015,0.0027,-0.0061,769.4772,769.5228,765.7870,773.4387
3,1.466,-1.247,8.30,0.863,1.373,0.843,1.375,-1.591,-0.026,0.012,-0.014,-0.86,-0.74,0.13,0.0007,0.0047,-0.0062,769.3223,769.5012,765.5024,773.6417
3,1.459,-1.244,8.35,0.863,1.373,0.844,1.375,-1.591,-0.025,0.012,-0.014,-0.86,-0.72,0.14,0.0019,0.0050,-0.0065,769.1991,769.3359,765.4926,773.3990
3,1.451,-1.241,8.40,0.863,1.373,0.845,1.375,-1.591,-0.024,0.013,-0.014,-0.86,-0.71,0.14,-0.0000,0.0050,-0.0063,769.1346,769.0991,765.3941,773.2288
3,1.443,-1.236,8.45,0.863,1.373,0.845,1.375,-1.592,-0.022,0.013,-0.015,-0.86,-0.70,0.14,-0.0002,0.0049,-0.0067,768.8428,768.9647,764.9515,773.1730
3,1.434,-1.231,8.50,0.863,1.373,0.847,1.376,-1.593,-0.021,0.014,-0.014,-0.86,-0.68,0.14,-0.0010,0.0055,-0.0063,768.6624,768.6721,764.7601,772.8892
3,1.424,-1.225,8.55,0.863,1.373,0.848,1.376,-1.594,-0.020,0.015,-0.014,-0.87,-0.67,0.14,-0.0034,0.0053,-0.0064,768.4038,768.4231,764.6920,772.5376
3,1.414,-1.218,8.60,0.863,1.373,0.849,1.377,-1.596,-0.019,0.015,-0.014,-0.87,-0.66,0.14,-0.0033,0.0055,-0.0065,767.7993,768.4954,764.1229,772.6178
3,1.404,-1.211,8.65,0.863,1.373,0.850,1.377,-1.597,-0.018,0.016,-0.013,-0.88,-0.64,0.14,-0.0040,0.0067,-0.0073,767.5294,768.2933,764.0078,772.1631
3,1.392,-1.202,8.70,0.863,1.373,0.851,1.378,-1.599,-0.017,0.017,-0.012,-0.90,-0.63,0.14,-0.0047,0.0062,-0.0064,767.5431,767.9406,763.8676,771.8010
3,1.380,-1.193,8.75,0.863,1.373,0.852,1.379,-1.600,-0.017,0.017,-0.011,-0.91,-0.61,0.14,-0.0045,0.0056,-0.0075,767.1637,767.9626,763.4161,772.0085
3,1.368,-1.183,8.80,0.863,1.373,0.853,1.380,-1.602,-0.016,0.018,-0.009,-0.92,-0.60,0.14,-0.0055,0.0041,-0.0061,767.2646,767.7606,763.5076,771.7412
3,1.355,-1.172,8.85,0.863,1.373,0.853,1.380,-1.603,-0.016,0.018,-0.008,-0.94,-0.58,0.14,-0.0048,0.0040,-0.0065,766.9464,768.0234,763.1750,772.0719
3,1.342,-1.161,8.90,0.863,1.373,0.854,1.382,-1.605,-0.017,0.019,-0.006,-0.95,-0.57,0.14,-0.0053,0.0041,-0.0068,767.1597,767.6628,763.2040,771.9889
3,1.328,-1.148,8.95,0.863,1.373,0.854,1.383,-1.606,-0.017,0.019,-0.005,-0.97,-0.57,0.14,-0.0064,0.0015,-0.0067,767.3480,767.8019,763.4493,771.9548
3,1.313,-1.135,9.00,0.863,1.373,0.838,1.409,-1.600,-0.025,-0.011,-0.007,-1.24,-0.86,0.09,0.0112,-0.0017,-0.0047,768.3691,769.2365,764.2588,772.7412
3,1.298,-1.122,9.05,0.863,1.373,0.838,1.409,-1.600,-0.025,-0.011,-0.007,-1.24,-0.86,0.09,0.0112,-0.0017,-0.0047,768.3691,769.2365,764.2588,772.7412
3,1.283,-1.107,9.10,0.863,1.373,0.838,1.408,-1.600,-0.024,-0.013,-0.006,-1.20,-0.87,0.09,0.0133,-0.0010,-0.0059,768.3881,769.1668,764.2493,772.7586
3,1.267,-1.092,9.15,0.863,1.373,0.838,1.405,-1.601,-0.022,-0.016,-0.006,-1.17,-0.87,0.09,0.0124,-0.0002,-0.0043,768.3151,769.2598,764.3173,772.7262
3,1.251,-1.077,9.20,0.863,1.373,0.838,1.404,-1.601,-0.021,-0.017,-0.006,-1.13,-0.87,0.09,0.0130,-0.0002,-0.0055,768.2933,769.2169,764.3910,772.7277
3,1.235,-1.060,9.25,0.863,1.373,0.838,1.401,-1.602,-0.019,-0.020,-0.005,-1.09,-0.87,0.09,0.0138,0.0007,-0.0052,768.5828,769.0615,764.3138,772.9601
3,1.218,-1.044,9.30,0.863,1.373,0.838,1.400,-1.602,-0.018,-0.021,-0.004,-1.05,-0.87,0.09,0.0125,0.0015,-0.0050,768.5509,769.1571,764.4940,772.9483
3,1.201,-1.026,9.35,0.863,1.373,0.839,1.397,-1.602,-0.016,-0.022,-0.003,-1.02,-0.86,0.09,0.0120,0.0030,-0.0041,768.5664,769.1987,764.5557,773.0297
3,1.183,-1.008,9.40,0.863,1.373,0.840,1.396,-1.602,-0.014,-0.023,-0.003,-0.98,-0.85,0.10,0.0097,0.0038,-0.0050,768.3644,769.2609,764.5955,772.9750
3,1.166,-0.990,9.45,0.863,1.373,0.841,1.394,-1.603,-0.012,-0.023,-0.003,-0.95,-0.84,0.10,0.0112,0.0056,-0.0051,768.4564,769.1324,764.1686,773.3765
3,1.148,-0.970,9.50,0.863,1.373,0.841,1.392,-1.603,-0.011,-0.023,-0.003,-0.93,-0.83,0.10,0.0076,0.0059,-0.0046,768.3457,769.1984,764.3592,773.1670
3,1.129,-0.951,9.55,0.863,1.373,0.842,1.391,-1.604,-0.010,-0.022,-0.002,-0.91,-0.82,0.10,0.0071,0.0048,-0.0052,768.5464,768.9674,764.4882,773.0754
3,1.111,-0.931,9.60,0.863,1.373,0.842,1.390,-1.604,-0.010,-0.022,-0.002,-0.89,-0.80,0.11,0.0047,0.0039,-0.0044,768.4120,769.0218,764.5143,773.0012
3,1.092,-0.910,9.65,0.863,1.373,0.842,1.388,-1.604,-0.009,-0.021,-0.001,-0.88,-0.79,0.11,0.0036,0.0029,-0.0048,768.4164,769.0007,764.6980,772.8730
3,1.074,-0.890,9.70,0.863,1.373,0.842,1.387,-1.605,-0.009,-0.020,-0.001,-0.87,-0.78,0.11,0.0021,0.0037,-0.0046,768.1376,769.4722,764.5460,773.3519
3,1.055,-0.868,9.75,0.863,1.373,0.843,1.386,-1.605,-0.008,-0.019,-0.000,-0.86,-0.77,0.11,0.0024,0.0022,-0.0051,768.2830,769.2443,764.5820,773.3366
3,1.036,-0.847,9.80,0.863,1.373,0.843,1.385,-1.605,-0.008,-0.019,-0.000,-0.85,-0.77,0.12,0.0013,0.0020,-0.0053,768.2728,769.1777,764.6813,773.1240
3,1.017,-0.825,9.85,0.863,1.373,0.843,1.383,-1.605,-0.008,-0.017,-0.000,-0.85,-0.76,0.12,0.0017,0.0022,-0.0042,768.0369,769.2231,764.3802,773.4971
3,0.998,-0.803,9.90,0.863,1.373,0.844,1.382,-1.606,-0.007,-0.017,0.000,-0.85,-0.76,0.12,0.0013,0.0008,-0.0056,768.1580,769.0100,764.7712,773.0134
3,0.978,-0.781,9.95,0.863,1.373,0.844,1.380,-1.606,-0.007,-0.017,0.000,-0.84,-0.76,0.13,0.0015,0.0022,-0.0053,767.8563,769.1027,764.4475,773.1257
4,-6.787,-0.172,0.00,0.863,1.373,0.739,0.975,-1.611,0.118,-0.226,0.001,0.75,-5.85,59.99,0.0610,-0.0115,0.0034,755.8810,779.8757,764.0269,773.6017
4,-6.683,-0.128,0.05,0.863,1.373,0.739,0.975,-1.611,0.118,-0.226,0.001,0.75,-5.85,59.99,0.0610,-0.0115,0.0034,755.8810,779.8757,764.0269,773.6017
4,-6.579,-0.087,0.10,0.863,1.373,0.747,0.962,-1.611,0.129,-0.208,0.000,0.89,-5.87,60.00,0.0588,-0.0079,0.0039,755.5761,780.2880,763.9479,773.6353
4,-6.477,-0.049,0.15,0.863,1.373,0.751,0.956,-1.610,0.134,-0.199,0.000,1.08,-5.88,60.02,0.0561,-0.0015,0.0022,755.3982,780.4885,764.0814,773.5338
4,-6.375,-0.014,0.20,0.863,1.373,0.760,0.946,-1.609,0.142,-0.181,0.000,1.21,-5.88,60.02,0.0530,0.0013,0.0000,755.4268,780.6019,764.2048,773.2687
4,-6.275,0.018,0.25,0.863,1.373,0.765,0.940,-1.609,0.147,-0.169,-0.000,1.39,-5.87,60.03,0.0498,0.0074,0.0003,755.1674,781.1451,763.9083,773.4476
4,-6.177,0.047,0.30,0.863,1.373,0.774,0.932,-1.608,0.153,-0.149,-0.000,1.50,-5.85,60.03,0.0467,0.0092,-0.0015,755.2215,781.2913,764.3165,772.9164
4,-6.080,0.074,0.35,0.863,1.373,0.779,0.928,-1.608,0.156,-0.140,-0.000,1.65,-5.81,60.03,0.0436,0.0134,-0.0032,755.1636,781.4865,764.2881,772.7787
4,-5.984,0.097,0.40,0.863,1.373,0.789,0.922,-1.608,0.161,-0.120,-0.001,1.75,-5.78,60.03,0.0399,0.0159,-0.0027,754.8579,781.8832,764.0430,772.6307
4,-5.891,0.116,0.45,0.863,1.373,0.795,0.919,-1.608,0.163,-0.108,-0.001,1.88,-5.72,60.03,0.0363,0.0194,-0.0042,754.9126,781.8018,764.0788,772.2863
4,-5.799,0.133,0.50,0.863,1.373,0.805,0.915,-1.607,0.166,-0.089,-0.001,1.97,-5.67,60.03,0.0355,0.0213,-0.0029,754.5484,782.2817,763.5663,772.3848
4,-5.709,0.147,0.55,0.863,1.373,0.810,0.913,-1.607,0.167,-0.080,-0.001,2.08,-5.59,60.02,0.0326,0.0242,-0.0048,754.5711,782.2234,763.9417,771.5555
4,-5.622,0.157,0.60,0.863,1.373,0.821,0.911,-1.607,0.168,-0.062,-0.001,2.16,-5.53,60.01,0.0309,0.0255,-0.0052,754.4894,782.5054,763.8770,771.2112
4,-5.536,0.164,0.65,0.863,1.373,0.827,0.910,-1.607,0.168,-0.051,-0.001,2.26,-5.44,60.00,0.0285,0.0275,-0.0045,754.4289,782.6107,763.6816,771.0808
4,-5.454,0.168,0.70,0.863,1.373,0.837,0.908,-1.607,0.168,-0.035,-0.001,2.32,-5.38,60.00,0.0274,0.0277,-0.0048,754.6248,782.3878,763.6649,770.6947
4,-5.373,0.169,0.75,0.863,1.373,0.842,0.908,-1.607,0.167,-0.027,-0.001,2.41,-5.29,59.98,0.0254,0.0272,-0.0052,754.5754,782.5068,763.8304,770.0645
4,-5.295,0.167,0.80,0.863,1.373,0.852,0.907,-1.608,0.165,-0.012,-0.001,2.47,-5.23,59.97,0.0231,0.0274,-0.0053,754.4250,782.7502,763.6783,769.9322
4,-5.220,0.161,0.85,0.863,1.373,0.859,0.907,-1.608,0.163,-0.003,-0.001,2.55,-5.13,59.96,0.0213,0.0269,-0.0044,754.4202,782.6965,763.5868,769.6725
4,-5.148,0.152,0.90,0.863,1.373,0.868,0.908,-1.608,0.160,0.010,-0.000,2.60,-5.07,59.95,0.0199,0.0245,-0.0045,754.2625,783.0971,763.4050,769.7903
4,-5.079,0.140,0.95,0.863,1.373,0.873,0.908,-1.608,0.158,0.016,-0.000,2.66,-4.99,59.93,0.0191,0.0238,-0.0038,754.4423,783.1203,763.4727,769.4702
4,-5.012,0.125,1.00,0.863,1.373,0.959,1.024,-1.610,0.018,0.126,0.008,2.58,-3.87,60.01,-0.0177,0.0073,-0.0014,753.0370,783.6669,765.5416,768.5357
4,-4.949,0.107,1.05,0.863,1.373,0.959,1.024,-1.610,0.018,0.126,0.008,2.58,-3.87,60.01,-0.0177,0.0073,-0.0014,753.0370,783.6669,765.5416,768.5357
4,-4.889,0.085,1.10,0.863,1.373,0.958,1.028,-1.610,0.014,0.126,0.008,2.56,-3.83,60.01,0.0017,0.0178,-0.0025,753.1508,783.8962,761.7533,772.4030
4,-4.832,0.061,1.15,0.863,1.373,0.957,1.038,-1.610,-0.011,0.129,0.009,2.63,-3.77,60.01,0.0387,0.0228,-0.0037,756.2272,781.2271,757.4467,776.6597
4,-4.778,0.033,1.20,0.863,1.373,0.955,1.043,-1.610,-0.029,0.134,0.009,2.80,-3.71,60.00,0.0668,0.0147,-0.0041,761.0594,776.8859,753.1293,780.7794
4,-4.728,0.003,1.25,0.863,1.373,0.950,1.053,-1.609,-0.075,0.155,0.010,3.00,-3.69,59.99,0.0697,0.0013,-0.0049,765.9551,772.8483,750.8413,783.3582
4,-4.681,-0.031,1.30,0.863,1.373,0.947,1.058,-1.609,-0.102,0.171,0.012,3.17,-3.72,59.98,0.0468,-0.0136,-0.0035,771.1465,768.8054,750.4761,784.5002
4,-4.637,-0.068,1.35,0.863,1.373,0.935,1.073,-1.608,-0.167,0.221,0.015,3.23,-3.77,59.98,0.0066,-0.0223,-0.0024,775.8844,765.3897,751.5393,784.7780
4,-4.597,-0.107,1.40,0.863,1.373,0.928,1.081,-1.607,-0.196,0.250,0.016,3.16,-3.84,59.97,-0.0506,-0.0211,-0.0022,780.7773,762.3506,753.8823,784.4799
4,-4.561,-0.149,1.45,0.863,1.373,0.912,1.100,-1.606,-0.250,0.317,0.018,2.92,-3.89,59.97,-0.1087,-0.0134,-0.0001,784.5137,760.1214,757.1849,782.9994
4,-4.528,-0.195,1.50,0.863,1.373,0.902,1.112,-1.606,-0.274,0.355,0.019,2.49,-3.89,59.97,-0.1727,0.0045,-0.0010,786.4225,759.4785,761.1362,780.5054
4,-4.499,-0.243,1.55,0.863,1.373,0.878,1.142,-1.605,-0.315,0.445,0.018,1.93,-3.84,59.97,-0.2238,0.0302,0.0004,787.7936,759.3604,764.1974,778.3684
4,-4.474,-0.293,1.60,0.863,1.373,0.867,1.158,-1.604,-0.326,0.486,0.018,1.18,-3.70,59.97,-0.2683,0.0620,0.0004,789.2442,759.0583,767.9166,775.2988
4,-4.453,-0.346,1.65,0.863,1.373,0.844,1.194,-1.604,-0.336,0.568,0.015,0.40,-3.47,59.97,-0.2978,0.0940,0.0007,788.9570,759.9944,770.8725,772.0021
4,-4.435,-0.402,1.70,0.863,1.373,0.833,1.214,-1.604,-0.334,0.607,0.013,-0.51,-3.14,59.96,-0.3123,0.1293,0.0030,788.0541,761.1803,773.1500,768.7484
4,-4.421,-0.460,1.75,0.863,1.373,0.809,1.264,-1.604,-0.313,0.686,0.008,-1.37,-2.73,59.94,-0.3139,0.1612,0.0044,787.0548,762.3162,774.8967,765.7089
4,-4.411,-0.521,1.80,0.863,1.373,0.799,1.289,-1.605,-0.296,0.716,0.006,-2.29,-2.20,59.91,-0.3017,0.1935,0.0053,785.8298,763.5533,776.5387,762.2728
4,-4.405,-0.584,1.85,0.863,1.373,0.782,1.340,-1.605,-0.251,0.767,0.002,-3.08,-1.63,59.87,-0.2786,0.2191,0.0081,784.3603,765.2050,777.2736,759.8706
4,-4.403,-0.649,1.90,0.863,1.373,0.775,1.367,-1.606,-0.222,0.786,0.000,-3.85,-0.94,59.81,-0.2457,0.2404,0.0109,782.5955,767.2783,777.7926,757.6470
4,-4.404,-0.716,1.95,0.863,1.373,0.764,1.429,-1.607,-0.148,0.814,-0.002,-4.47,-0.26,59.75,-0.2066,0.2539,0.0154,781.4199,768.5161,778.4027,755.8463
4,-4.409,-0.785,2.00,0.863,1.373,1.223,1.713,-1.605,0.419,-0.344,-0.001,4.30,4.98,59.51,0.1734,-0.1570,0.0388,764.0500,779.1442,776.3225,764.4582
4,-4.419,-0.857,2.05,0.863,1.373,1.223,1.713,-1.605,0.419,-0.344,-0.001,4.30,4.98,59.51,0.1734,-0.1570,0.0388,764.0500,779.1442,776.3225,764.4582
4,-4.432,-0.930,2.10,0.863,1.373,1.251,1.677,-1.605,0.372,-0.402,-0.002,4.79,4.47,59.53,0.1566,-0.1816,0.0386,765.5444,777.4731,777.2266,762.8756
4,-4.448,-1.005,2.15,0.863,1.373,1.261,1.660,-1.605,0.352,-0.420,-0.004,5.21,3.92,59.55,0.1458,-0.2041,0.0388,768.7371,773.6817,779.4628,759.6740
4,-4.469,-1.081,2.20,0.863,1.373,1.281,1.625,-1.606,0.315,-0.440,-0.006,5.64,3.30,59.56,0.1413,-0.2093,0.0387,771.5709,769.3743,780.7189,757.2136
4,-4.493,-1.160,2.25,0.863,1.373,1.297,1.591,-1.606,0.278,-0.437,-0.008,6.02,2.74,59.57,0.1393,-0.1959,0.0371,774.0922,765.1826,780.6245,756.4328
4,-4.521,-1.239,2.30,0.863,1.373,1.305,1.571,-1.607,0.253,-0.424,-0.008,6.43,2.20,59.58,0.1311,-0.1662,0.0356,776.5992,760.9966,779.7586,756.8918
4,-4.553,-1.321,2.35,0.863,1.373,1.316,1.541,-1.607,0.209,-0.388,-0.006,6.78,1.79,59.61,0.1186,-0.1323,0.0342,778.1111,758.0496,778.3919,758.1896
4,-4.589,-1.403,2.40,0.863,1.373,1.321,1.527,-1.607,0.185,-0.364,-0.005,7.10,1.46,59.64,0.0949,-0.0916,0.0320,779.9274,755.0724,776.9984,760.1697
4,-4.628,-1.487,2.45,0.863,1.373,1.326,1.504,-1.607,0.131,-0.307,0.000,7.32,1.25,59.68,0.0672,-0.0580,0.0309,781.1252,753.4449,775.7953,762.4456
4,-4.670,-1.571,2.50,0.863,1.373,1.328,1.492,-1.607,0.093,-0.266,0.004,7.46,1.14,59.73,0.0290,-0.0212,0.0274,781.7103,752.9213,774.4848,765.4967
4,-4.717,-1.657,2.55,0.863,1.373,1.328,1.484,-1.606,0.060,-0.232,0.006,7.47,1.12,59.79,-0.0121,0.0079,0.0252,782.1301,753.1318,773.4353,768.3920
4,-4.766,-1.743,2.60,0.863,1.373,1.325,1.473,-1.605,-0.010,-0.162,0.012,7.36,1.17,59.84,-0.0605,0.0322,0.0211,783.2836,753.2559,772.4609,771.5585
4,-4.819,-1.830,2.65,0.863,1.373,1.316,1.468,-1.603,-0.087,-0.091,0.016,7.13,1.28,59.88,-0.1041,0.0477,0.0174,783.6526,754.2726,771.2737,774.4174
4,-4.875,-1.918,2.70,0.863,1.373,1.308,1.467,-1.602,-0.138,-0.049,0.018,6.75,1.43,59.91,-0.1507,0.0594,0.0147,783.3523,756.2747,770.5247,776.5507
4,-4.935,-2.006,2.75,0.863,1.373,1.290,1.471,-1.600,-0.220,0.014,0.020,6.27,1.60,59.93,-0.1898,0.0646,0.0118,783.6077,757.9277,770.0027,778.2687
4,-4.998,-2.095,2.80,0.863,1.373,1.279,1.475,-1.599,-0.262,0.043,0.020,5.64,1.78,59.94,-0.2295,0.0646,0.0101,783.4779,759.9507,768.9689,780.1498
4,-5.063,-2.184,2.85,0.863,1.373,1.254,1.485,-1.597,-0.344,0.094,0.019,4.97,1.95,59.93,-0.2616,0.0616,0.0065,783.2300,761.8125,767.9974,781.3516
4,-5.132,-2.273,2.90,0.863,1.373,1.235,1.493,-1.595,-0.393,0.120,0.017,4.15,2.10,59.92,-0.2895,0.0513,0.0053,782.2439,764.3944,767.1870,781.9709
4,-5.204,-2.362,2.95,0.863,1.373,1.219,1.500,-1.594,-0.431,0.138,0.015,3.33,2.22,59.90,-0.3076,0.0417,0.0050,781.2548,766.4931,766.3142,782.3983
4,-5.278,-2.451,3.00,0.863,1.373,0.522,1.490,-1.593,-0.335,-0.318,-0.016,-6.27,-3.47,60.24,0.0901,-0.1051,-0.0278,763.8109,775.4929,763.9038,776.9631
4,-5.355,-2.540,3.05,0.863,1.373,0.522,1.490,-1.593,-0.335,-0.318,-0.016,-6.27,-3.47,60.24,0.0901,-0.1051,-0.0278,763.8109,775.4929,763.9038,776.9631
4,-5.435,-2.629,3.10,0.863,1.373,0.514,1.476,-1.593,-0.298,-0.332,-0.015,-6.01,-3.75,60.20,0.1020,-0.0956,-0.0271,764.5464,775.8038,763.1896,776.4056
4,-5.517,-2.717,3.15,0.863,1.373,0.504,1.453,-1.593,-0.239,-0.350,-0.015,-5.69,-4.03,60.16,0.1138,-0.0846,-0.0275,764.7192,776.5750,762.5083,775.7987
4,-5.602,-2.805,3.20,0.863,1.373,0.500,1.441,-1.592,-0.210,-0.357,-0.014,-5.37,-4.26,60.11,0.1219,-0.0746,-0.0251,765.2959,777.2113,762.1784,774.9610
4,-5.689,-2.892,3.25,0.863,1.373,0.496,1.417,-1.592,-0.154,-0.367,-0.014,-5.00,-4.47,60.06,0.1271,-0.0644,-0.0230,765.5010,777.6478,761.3776,774.7469
4,-5.778,-2.978,3.30,0.863,1.373,0.495,1.402,-1.592,-0.120,-0.372,-0.014,-4.64,-4.64,60.02,0.1309,-0.0540,-0.0221,765.9933,777.8113,761.0132,774.1007
4,-5.870,-3.063,3.35,0.863,1.373,0.496,1.378,-1.592,-0.067,-0.375,-0.013,-4.24,-4.80,59.98,0.1338,-0.0449,-0.0193,766.1639,778.3250,760.8350,773.5895
4,-5.963,-3.148,3.40,0.863,1.373,0.498,1.366,-1.592,-0.043,-0.376,-0.014,-3.87,-4.92,59.95,0.1368,-0.0361,-0.0167,766.3293,778.4763,760.5284,773.2388
4,-6.058,-3.231,3.45,0.863,1.373,0.504,1.343,-1.592,0.004,-0.373,-0.014,-3.46,-5.03,59.93,0.1354,-0.0283,-0.0143,765.5823,779.1936,760.0728,773.1929
4,-6.154,-3.313,3.50,0.863,1.373,0.509,1.329,-1.592,0.032,-0.370,-0.013,-3.09,-5.10,59.91,0.1349,-0.0197,-0.0118,765.6833,778.9172,759.6647,773.2114
4,-6.253,-3.394,3.55,0.863,1.373,0.519,1.307,-1.592,0.073,-0.362,-0.014,-2.70,-5.15,59.91,0.1310,-0.0122,-0.0092,765.3435,778.8550,759.9244,772.8795
4,-6.353,-3.473,3.60,0.863,1.373,0.525,1.296,-1.592,0.092,-0.357,-0.014,-2.34,-5.18,59.91,0.1280,-0.0059,-0.0065,765.0219,778.5939,760.1816,772.5374
4,-6.454,-3.551,3.65,0.863,1.373,0.538,1.275,-1.592,0.127,-0.345,-0.013,-1.96,-5.19,59.91,0.1240,-0.0001,-0.0045,764.7242,778.3564,760.5051,772.5679
4,-6.556,-3.627,3.70,0.863,1.373,0.548,1.263,-1.592,0.147,-0.336,-0.013,-1.63,-5.19,59.93,0.1207,0.0061,-0.0031,764.0365,778.4623,760.3534,773.1466
4,-6.659,-3.702,3.75,0.863,1.373,0.564,1.244,-1.592,0.175,-0.321,-0.013,-1.28,-5.16,59.94,0.1157,0.0116,-0.0016,763.7408,778.1338,760.7888,773.2366
4,-6.764,-3.774,3.80,0.863,1.373,0.572,1.235,-1.592,0.188,-0.312,-0.013,-0.97,-5.13,59.96,0.1103,0.0161,0.0005,763.1075,778.0613,761.4995,773.2410
4,-6.869,-3.845,3.85,0.863,1.373,0.589,1.218,-1.592,0.209,-0.294,-0.012,-0.65,-5.08,59.99,0.1038,0.0202,0.0013,762.9650,777.6221,761.9064,773.5687
4,-6.974,-3.914,3.90,0.863,1.373,0.600,1.208,-1.592,0.221,-0.282,-0.012,-0.37,-5.03,60.01,0.0981,0.0237,0.0024,762.2422,777.5958,761.7523,774.3406
4,-7.081,-3.981,3.95,0.863,1.373,0.618,1.194,-1.592,0.236,-0.262,-0.012,-0.09,-4.96,60.04,0.0911,0.0253,0.0015,761.8765,777.0987,762.3077,774.3245
4,-7.187,-4.045,4.00,0.863,1.373,0.860,1.124,-1.604,0.150,0.017,0.002,1.93,-3.19,60.03,-0.0046,0.0120,-0.0061,759.9663,778.9089,763.8862,771.0042
4,-7.294,-4.108,4.05,0.863,1.373,0.860,1.124,-1.604,0.150,0.017,0.002,1.93,-3.19,60.03,-0.0046,0.0120,-0.0061,759.9663,778.9089,763.8862,771.0042
4,-7.401,-4.168,4.10,0.863,1.373,0.868,1.125,-1.604,0.136,0.026,0.002,1.92,-3.15,60.02,-0.0055,0.0133,-0.0063,759.6395,779.4122,763.2995,771.5086
4,-7.508,-4.225,4.15,0.863,1.373,0.871,1.126,-1.604,0.128,0.029,0.002,1.90,-3.11,60.01,-0.0095,0.0151,-0.0053,758.8378,780.1606,762.6467,771.8965
4,-7.615,-4.280,4.20,0.863,1.373,0.876,1.128,-1.604,0.114,0.033,0.002,1.87,-3.07,60.00,-0.0110,0.0122,-0.0038,758.6686,780.1322,762.5397,771.7767
4,-7.721,-4.333,4.25,0.863,1.373,0.878,1.129,-1.604,0.106,0.034,0.002,1.84,-3.03,59.99,-0.0135,0.0087,-0.0042,758.4389,780.2936,762.3749,771.9072
4,-7.827,-4.383,4.30,0.863,1.373,0.882,1.131,-1.605,0.089,0.035,0.002,1.80,-3.01,59.99,-0.0153,0.0070,-0.0029,757.6168,781.0665,761.7504,772.4404
4,-7.932,-4.430,4.35,0.863,1.373,0.884,1.132,-1.605,0.081,0.035,0.002,1.75,-3.00,59.98,-0.0166,0.0009,-0.0025,757.1107,781.2471,761.5341,772.4622
4,-8.037,-4.474,4.40,0.863,1.373,0.886,1.133,-1.606,0.065,0.033,0.002,1.71,-3.00,59.98,-0.0162,-0.0045,-0.0031,757.0176,781.1210,761.1992,772.5964
4,-8.141,-4.516,4.45,0.863,1.373,0.887,1.134,-1.607,0.057,0.031,0.002,1.66,-3.02,59.98,-0.0170,-0.0096,-0.0013,756.6843,781.0412,760.7539,772.7258
4,-8.244,-4.555,4.50,0.863,1.373,0.888,1.135,-1.608,0.038,0.027,0.002,1.61,-3.06,59.97,-0.0183,-0.0148,-0.0009,756.2803,781.1536,760.7879,772.5527
4,-8.345,-4.591,4.55,0.863,1.373,0.888,1.135,-1.609,0.030,0.024,0.002,1.56,-3.10,59.97,-0.0182,-0.0212,-0.0004,756.1837,780.9979,760.4893,772.5986
4,-8.446,-4.624,4.60,0.863,1.373,0.886,1.136,-1.610,0.014,0.019,0.003,1.51,-3.17,59.97,-0.0197,-0.0259,-0.0008,755.7938,781.0870,760.4257,772.5512
4,-8.545,-4.654,4.65,0.863,1.373,0.885,1.136,-1.611,0.005,0.016,0.003,1.45,-3.25,59.98,-0.0203,-0.0310,-0.0010,755.6223,781.0182,760.2686,772.6299
4,-8.642,-4.680,4.70,0.863,1.373,0.881,1.135,-1.612,-0.013,0.009,0.004,1.39,-3.33,59.98,-0.0219,-0.0326,-0.0005,755.1099,781.4874,759.7789,773.0358
4,-8.738,-4.704,4.75,0.863,1.373,0.878,1.135,-1.613,-0.021,0.006,0.004,1.33,-3.43,59.98,-0.0237,-0.0383,0.0003,755.1696,781.2684,759.8219,773.0531
4,-8.832,-4.725,4.80,0.863,1.373,0.872,1.134,-1.614,-0.036,0.000,0.005,1.27,-3.54,59.98,-0.0248,-0.0402,0.0001,754.9071,781.6036,759.5284,773.3684
4,-8.924,-4.742,4.85,0.863,1.373,0.869,1.133,-1.614,-0.043,-0.003,0.005,1.19,-3.66,59.99,-0.0263,-0.0434,-0.0006,755.0568,781.4716,759.6378,773.5155
4,-9.015,-4.757,4.90,0.863,1.373,0.862,1.132,-1.615,-0.058,-0.009,0.006,1.12,-3.79,59.99,-0.0269,-0.0461,0.0002,755.1711,781.6437,759.8564,773.6461
4,-9.103,-4.768,4.95,0.863,1.373,0.858,1.131,-1.615,-0.064,-0.011,0.006,1.04,-3.92,59.99,-0.0285,-0.0458,-0.0006,754.8212,782.4234,759.7547,774.1246
4,-9.188,-4.776,5.00,0.863,1.373,0.739,1.109,-1.602,-0.068,0.004,-0.009,-0.03,-5.84,59.91,-0.0029,-0.0036,-0.0005,754.0965,783.8903,756.9972,774.8106
4,-9.272,-4.781,5.05,0.863,1.373,0.739,1.109,-1.602,-0.068,0.004,-0.009,-0.03,-5.84,59.91,-0.0029,-0.0036,-0.0005,754.0965,783.8903,756.9972,774.8106
4,-9.353,-4.783,5.10,0.863,1.373,0.738,1.110,-1.602,-0.065,0.006,-0.009,-0.04,-5.84,59.91,-0.0014,0.0010,0.0000,754.0450,784.1570,756.9600,774.9509
4,-9.431,-4.781,5.15,0.863,1.373,0.736,1.111,-1.602,-0.058,0.009,-0.009,-0.05,-5.84,59.91,-0.0020,0.0039,0.0009,753.7490,784.4352,756.9579,774.9778
4,-9.507,-4.776,5.20,0.863,1.373,0.736,1.112,-1.602,-0.055,0.010,-0.009,-0.05,-5.83,59.91,0.0005,0.0038,0.0009,753.5303,784.3817,756.5028,775.1358
4,-9.580,-4.768,5.25,0.863,1.373,0.735,1.113,-1.603,-0.049,0.011,-0.009,-0.05,-5.82,59.91,0.0006,0.0042,-0.0002,752.6783,785.0088,756.0258,775.3809
4,-9.650,-4.757,5.30,0.863,1.373,0.735,1.114,-1.603,-0.046,0.011,-0.009,-0.05,-5.81,59.91,0.0016,0.0034,0.0021,752.1622,785.0897,755.5544,775.4354
4,-9.717,-4.743,5.35,0.863,1.373,0.735,1.115,-1.604,-0.041,0.010,-0.010,-0.05,-5.80,59.91,0.0032,0.0026,0.0005,751.9467,784.6760,755.2374,775.2506
4,-9.782,-4.725,5.40,0.863,1.373,0.735,1.115,-1.604,-0.039,0.009,-0.010,-0.03,-5.80,59.91,0.0051,0.0001,0.0008,751.6544,784.6535,755.0040,775.0845
4,-9.843,-4.704,5.45,0.863,1.373,0.734,1.115,-1.606,-0.035,0.006,-0.009,-0.02,-5.81,59.91,0.0058,-0.0031,0.0016,751.2856,784.7393,754.7755,775.0111
4,-9.901,-4.681,5.50,0.863,1.373,0.734,1.115,-1.606,-0.034,0.004,-0.009,-0.00,-5.82,59.91,0.0059,-0.0075,-0.0000,750.9106,784.9795,754.4547,775.2228
4,-9.955,-4.654,5.55,0.863,1.373,0.734,1.114,-1.607,-0.032,0.001,-0.008,0.02,-5.85,59.92,0.0077,-0.0098,0.0002,750.9133,784.9465,754.3459,775.2509
4,-10.006,-4.624,5.60,0.863,1.373,0.734,1.114,-1.608,-0.031,-0.001,-0.008,0.04,-5.89,59.92,0.0073,-0.0141,0.0007,750.7305,785.0948,754.2901,775.1276
4,-10.054,-4.591,5.65,0.863,1.373,0.734,1.112,-1.609,-0.029,-0.006,-0.007,0.06,-5.93,59.92,0.0082,-0.0166,-0.0000,750.5001,785.2358,754.1438,775.2848
4,-10.098,-4.555,5.70,0.863,1.373,0.734,1.112,-1.609,-0.029,-0.007,-0.007,0.08,-5.97,59.92,0.0068,-0.0169,0.0003,750.4955,785.3220,754.2540,775.1416
4,-10.139,-4.516,5.75,0.863,1.373,0.733,1.111,-1.610,-0.028,-0.011,-0.006,0.10,-6.03,59.92,0.0084,-0.0190,0.0009,750.3462,785.3574,753.7455,775.3921
4,-10.176,-4.475,5.80,0.863,1.373,0.733,1.110,-1.610,-0.027,-0.012,-0.006,0.12,-6.08,59.92,0.0069,-0.0206,0.0001,750.1840,785.5363,753.7693,775.2830
4,-10.210,-4.430,5.85,0.863,1.373,0.732,1.108,-1.611,-0.027,-0.016,-0.005,0.13,-6.13,59.92,0.0061,-0.0199,0.0002,750.0511,785.7054,753.5057,775.4944
4,-10.240,-4.383,5.90,0.863,1.373,0.732,1.107,-1.611,-0.027,-0.017,-0.004,0.16,-6.20,59.92,0.0060,-0.0215,0.0003,750.4399,785.4495,753.6544,775.4443
4,-10.266,-4.333,5.95,0.863,1.373,0.731,1.105,-1.612,-0.027,-0.020,-0.004,0.17,-6.27,59.92,0.0058,-0.0235,0.0010,750.0916,785.8367,753.5214,775.6269
4,-10.288,-4.281,6.00,0.863,1.373,0.709,1.075,-1.614,0.000,0.008,-0.001,0.25,-7.36,59.92,0.0040,-0.0030,-0.0002,748.9841,787.1963,752.0073,775.5928
4,-10.307,-4.226,6.05,0.863,1.373,0.709,1.075,-1.614,0.000,0.008,-0.001,0.25,-7.36,59.92,0.0040,-0.0030,-0.0002,748.9841,787.1963,752.0073,775.5928
4,-10.322,-4.168,6.10,0.863,1.373,0.710,1.075,-1.614,0.004,0.012,-0.000,0.27,-7.36,59.92,0.0042,-0.0015,-0.0002,748.6849,787.6985,751.8978,775.7926
4,-10.333,-4.108,6.15,0.863,1.373,0.710,1.074,-1.613,0.005,0.014,-0.000,0.27,-7.37,59.92,0.0029,-0.0007,0.0001,748.9910,787.6429,752.4768,775.4213
4,-10.340,-4.046,6.20,0.863,1.373,0.711,1.074,-1.613,0.008,0.017,0.000,0.28,-7.37,59.92,0.0034,-0.0008,-0.0007,748.4825,788.2953,752.0178,776.0735
4,-10.343,-3.981,6.25,0.863,1.373,0.712,1.074,-1.613,0.010,0.018,0.000,0.29,-7.37,59.92,0.0033,-0.0016,0.0008,748.7084,788.2339,752.2350,775.9598
4,-10.343,-3.914,6.30,0.863,1.373,0.713,1.074,-1.613,0.012,0.020,-0.000,0.30,-7.37,59.92,0.0026,-0.0015,0.0004,748.3268,788.5668,752.3012,775.9139
4,-10.339,-3.846,6.35,0.863,1.373,0.714,1.074,-1.612,0.013,0.021,-0.000,0.30,-7.38,59.92,0.0024,-0.0023,-0.0005,748.3302,788.4306,752.2935,775.8418
4,-10.330,-3.775,6.40,0.863,1.373,0.715,1.073,-1.613,0.016,0.022,-0.001,0.31,-7.38,59.92,0.0035,-0.0030,0.0004,748.0658,788.5850,752.1208,775.8516
4,-10.318,-3.702,6.45,0.863,1.373,0.716,1.073,-1.613,0.018,0.022,-0.001,0.32,-7.39,59.92,0.0043,-0.0040,-0.0001,747.8138,788.5391,752.3118,775.2931
4,-10.302,-3.627,6.50,0.863,1.373,0.717,1.073,-1.613,0.020,0.023,-0.001,0.33,-7.40,59.92,0.0052,-0.0043,-0.0005,747.4713,788.6985,751.7849,775.4136
4,-10.283,-3.551,6.55,0.863,1.373,0.718,1.073,-1.613,0.022,0.023,-0.001,0.35,-7.42,59.92,0.0067,-0.0060,0.0001,747.4922,788.6375,751.8171,775.1032
4,-10.259,-3.473,6.60,0.863,1.373,0.720,1.072,-1.614,0.025,0.023,-0.001,0.37,-7.44,59.92,0.0073,-0.0059,0.0005,747.3591,788.6735,751.6110,775.0998
4,-10.232,-3.394,6.65,0.863,1.373,0.721,1.072,-1.614,0.026,0.023,-0.001,0.39,-7.45,59.92,0.0095,-0.0070,0.0000,746.9910,788.9234,751.4045,775.0711
4,-10.201,-3.313,6.70,0.863,1.373,0.723,1.071,-1.615,0.029,0.023,-0.000,0.42,-7.47,59.92,0.0102,-0.0060,-0.0001,747.0613,788.6639,751.5820,774.5967
4,-10.167,-3.231,6.75,0.863,1.373,0.724,1.071,-1.615,0.030,0.023,-0.000,0.45,-7.49,59.92,0.0110,-0.0073,-0.0005,746.5154,789.0426,751.1203,774.7676
4,-10.129,-3.148,6.80,0.863,1.373,0.727,1.070,-1.616,0.033,0.023,0.000,0.48,-7.51,59.92,0.0107,-0.0073,-0.0001,746.7784,788.6257,751.2559,774.4453
4,-10.087,-3.063,6.85,0.863,1.373,0.728,1.070,-1.617,0.034,0.023,0.001,0.51,-7.53,59.92,0.0124,-0.0069,0.0002,746.7556,788.4775,751.1316,774.3447
4,-10.042,-2.978,6.90,0.863,1.373,0.730,1.070,-1.618,0.036,0.024,0.001,0.55,-7.55,59.92,0.0105,-0.0063,-0.0001,746.6160,788.2945,751.1566,773.9985
4,-9.993,-2.892,6.95,0.863,1.373,0.731,1.070,-1.618,0.037,0.024,0.002,0.58,-7.56,59.92,0.0111,-0.0054,0.0001,746.1639,788.4670,750.7316,774.0808
4,-9.941,-2.805,7.00,0.863,1.373,0.762,1.093,-1.612,0.040,0.052,0.005,0.91,-7.72,59.94,0.0012,0.0010,0.0005,746.5094,791.0184,751.8392,775.3846
4,-9.885,-2.717,7.05,0.863,1.373,0.762,1.093,-1.612,0.040,0.052,0.005,0.91,-7.72,59.94,0.0012,0.0010,0.0005,746.5094,791.0184,751.8392,775.3846
4,-9.827,-2.629,7.10,0.863,1.373,0.764,1.095,-1.611,0.040,0.053,0.004,0.92,-7.72,59.94,0.0022,-0.0001,0.0009,746.6707,790.6481,752.0183,775.0753
4,-9.765,-2.541,7.15,0.863,1.373,0.764,1.097,-1.611,0.040,0.054,0.003,0.92,-7.72,59.94,-0.0003,-0.0007,0.0003,746.4972,790.5575,752.1338,774.7045
4,-9.700,-2.452,7.20,0.863,1.373,0.766,1.099,-1.611,0.040,0.055,0.002,0.92,-7.72,59.94,-0.0012,-0.0013,-0.0005,746.2252,790.5264,752.3058,774.2132
4,-9.632,-2.363,7.25,0.863,1.373,0.767,1.101,-1.611,0.041,0.055,0.002,0.92,-7.73,59.94,0.0002,-0.0017,0.0006,745.9954,790.3741,751.9487,774.1685
4,-9.561,-2.273,7.30,0.863,1.373,0.769,1.103,-1.611,0.042,0.056,0.001,0.92,-7.73,59.95,-0.0013,-0.0003,0.0013,745.8306,790.1713,752.5284,773.4304
4,-9.487,-2.184,7.35,0.863,1.373,0.769,1.105,-1.611,0.043,0.057,0.001,0.92,-7.73,59.95,0.0005,-0.0006,0.0015,745.6347,790.0660,752.5009,773.1628
4,-9.411,-2.095,7.40,0.863,1.373,0.771,1.108,-1.611,0.046,0.058,0.001,0.92,-7.73,59.95,0.0006,0.0006,0.0004,745.4593,790.0151,752.2835,773.1376
4,-9.331,-2.007,7.45,0.863,1.373,0.772,1.110,-1.611,0.047,0.059,0.002,0.92,-7.72,59.95,0.0031,0.0032,-0.0001,745.5049,789.8209,752.2870,773.0088
4,-9.250,-1.918,7.50,0.863,1.373,0.774,1.114,-1.612,0.050,0.061,0.002,0.93,-7.71,59.95,0.0032,0.0033,0.0015,745.3367,789.6179,752.4176,772.4893
4,-9.166,-1.831,7.55,0.863,1.373,0.775,1.115,-1.612,0.051,0.061,0.002,0.95,-7.70,59.95,0.0051,0.0057,0.0002,745.7812,788.9357,752.6796,772.0414
4,-9.079,-1.744,7.60,0.863,1.373,0.778,1.120,-1.613,0.055,0.063,0.003,0.96,-7.68,59.95,0.0049,0.0062,0.0003,745.0781,789.3928,752.3950,772.2104
4,-8.991,-1.657,7.65,0.863,1.373,0.779,1.122,-1.613,0.057,0.064,0.003,0.98,-7.66,59.96,0.0066,0.0087,0.0001,744.9197,789.4595,752.2350,772.1859
4,-8.900,-1.572,7.70,0.863,1.373,0.782,1.126,-1.614,0.060,0.066,0.004,0.99,-7.63,59.96,0.0066,0.0099,0.0002,744.9718,789.4793,752.5538,772.0626
4,-8.807,-1.487,7.75,0.863,1.373,0.783,1.128,-1.614,0.061,0.066,0.005,1.02,-7.60,59.96,0.0074,0.0116,0.0006,744.9490,789.6559,752.6276,772.0817
4,-8.713,-1.403,7.80,0.863,1.373,0.786,1.134,-1.614,0.064,0.068,0.006,1.04,-7.57,59.96,0.0083,0.0121,0.0005,745.2172,789.5297,752.6741,772.3445
4,-8.616,-1.321,7.85,0.863,1.373,0.787,1.136,-1.614,0.065,0.069,0.007,1.06,-7.54,59.96,0.0067,0.0124,0.0007,745.3238,789.4788,753.0891,772.0222
4,-8.518,-1.240,7.90,0.863,1.373,0.790,1.142,-1.615,0.068,0.070,0.008,1.09,-7.50,59.97,0.0079,0.0137,0.0005,745.2367,789.5285,752.8354,772.4711
4,-8.419,-1.160,7.95,0.863,1.373,0.792,1.145,-1.615,0.069,0.071,0.008,1.11,-7.46,59.97,0.0070,0.0141,-0.0007,745.4492,789.3433,753.3660,771.9702
4,-8.318,-1.082,8.00,0.863,1.373,0.888,1.239,-1.607,0.059,0.050,0.008,1.81,-6.57,60.01,0.0042,0.0091,-0.0000,746.6884,790.5410,755.3574,773.2362
4,-8.216,-1.005,8.05,0.863,1.373,0.888,1.239,-1.607,0.059,0.050,0.008,1.81,-6.57,60.01,0.0042,0.0091,-0.0000,746.6884,790.5410,755.3574,773.2362
4,-8.113,-0.930,8.10,0.863,1.373,0.890,1.244,-1.607,0.053,0.047,0.007,1.82,-6.55,60.01,0.0010,0.0057,0.0003,746.4988,790.5052,755.4076,773.0428
4,-8.009,-0.857,8.15,0.863,1.373,0.892,1.246,-1.607,0.051,0.047,0.006,1.82,-6.54,60.01,-0.0004,0.0015,-0.0006,746.4861,790.3018,755.7854,772.4977
4,-7.904,-0.786,8.20,0.863,1.373,0.894,1.251,-1.607,0.046,0.045,0.006,1.81,-6.54,60.00,-0.0031,0.0001,-0.0001,746.3638,790.2398,755.7374,772.2320
4,-7.799,-0.716,8.25,0.863,1.373,0.894,1.253,-1.607,0.044,0.044,0.006,1.81,-6.54,60.00,-0.0035,-0.0011,-0.0006,746.8079,789.7006,756.2732,771.5144
4,-7.692,-0.649,8.30,0.863,1.373,0.895,1.256,-1.607,0.040,0.043,0.006,1.79,-6.54,60.00,-0.0053,-0.0011,0.0005,746.8697,789.6148,756.5225,771.0583
4,-7.586,-0.584,8.35,0.863,1.373,0.896,1.258,-1.607,0.039,0.042,0.006,1.78,-6.54,60.00,-0.0042,-0.0011,0.0002,746.8577,789.5022,756.4346,771.0972
4,-7.479,-0.521,8.40,0.863,1.373,0.896,1.261,-1.607,0.037,0.041,0.006,1.77,-6.55,60.00,-0.0047,-0.0012,0.0006,746.8872,789.5900,756.5234,771.0920
4,-7.372,-0.460,8.45,0.863,1.373,0.896,1.262,-1.607,0.036,0.040,0.006,1.76,-6.55,60.00,-0.0029,0.0000,0.0003,747.3544,789.3020,757.2753,770.4670
4,-7.265,-0.402,8.50,0.863,1.373,0.897,1.264,-1.607,0.037,0.040,0.006,1.75,-6.55,60.00,-0.0016,0.0000,0.0005,747.4364,789.2855,757.6320,770.3039
4,-7.158,-0.346,8.55,0.863,1.373,0.898,1.264,-1.607,0.037,0.039,0.006,1.75,-6.55,60.00,-0.0003,0.0011,0.0008,747.8368,788.9098,757.7374,770.4139
4,-7.052,-0.293,8.60,0.863,1.373,0.899,1.266,-1.607,0.038,0.039,0.006,1.75,-6.55,60.00,0.0029,0.0014,0.0000,747.5811,789.0503,758.0916,770.1361
4,-6.946,-0.243,8.65,0.863,1.373,0.899,1.266,-1.607,0.039,0.039,0.006,1.76,-6.54,60.01,0.0034,0.0020,0.0003,747.5289,789.1740,757.6855,770.6679
4,-6.840,-0.195,8.70,0.863,1.373,0.901,1.267,-1.607,0.041,0.038,0.006,1.77,-6.53,60.01,0.0064,0.0035,0.0008,747.8239,788.9553,758.3357,770.2299
4,-6.735,-0.150,8.75,0.863,1.373,0.901,1.268,-1.606,0.042,0.038,0.006,1.79,-6.52,60.02,0.0090,0.0036,0.0008,747.7617,788.9656,758.5488,770.1434
4,-6.631,-0.107,8.80,0.863,1.373,0.903,1.269,-1.606,0.045,0.039,0.006,1.82,-6.50,60.02,0.0095,0.0046,0.0007,748.0160,788.5557,758.6491,770.2863
4,-6.528,-0.068,8.85,0.863,1.373,0.904,1.269,-1.606,0.046,0.039,0.006,1.84,-6.49,60.03,0.0107,0.0046,0.0012,747.9525,788.4429,758.5621,770.3558
4,-6.426,-0.031,8.90,0.863,1.373,0.905,1.270,-1.606,0.048,0.041,0.006,1.88,-6.47,60.03,0.0103,0.0080,0.0010,748.0791,788.2993,758.8672,770.2678
4,-6.326,0.002,8.95,0.863,1.373,0.906,1.271,-1.606,0.049,0.041,0.006,1.91,-6.45,60.03,0.0112,0.0087,0.0011,748.0704,788.3788,759.1307,770.2098
4,-6.226,0.033,9.00,0.863,1.373,0.947,1.343,-1.594,0.040,0.061,-0.002,2.13,-5.35,60.05,0.0007,0.0088,-0.0010,750.0298,788.2578,761.5453,770.5184
4,-6.128,0.061,9.05,0.863,1.373,0.947,1.343,-1.594,0.040,0.061,-0.002,2.13,-5.35,60.05,0.0007,0.0088,-0.0010,750.0298,788.2578,761.5453,770.5184
4,-6.032,0.085,9.10,0.863,1.373,0.949,1.347,-1.594,0.035,0.058,-0.003,2.15,-5.32,60.05,0.0194,0.0174,-0.0016,750.1108,788.0348,757.7294,774.0300
4,-5.938,0.107,9.15,0.863,1.373,0.950,1.350,-1.594,0.006,0.066,-0.004,2.31,-5.25,60.04,0.0765,0.0228,-0.0029,754.4641,783.4528,751.6953,779.3036
4,-5.845,0.125,9.20,0.863,1.373,0.950,1.352,-1.594,-0.015,0.076,-0.004,2.57,-5.20,60.03,0.1080,0.0138,-0.0054,760.0607,777.9528,747.0750,783.1323
4,-5.754,0.140,9.25,0.863,1.373,0.947,1.357,-1.594,-0.069,0.110,-0.002,2.96,-5.19,60.02,0.1109,-0.0037,-0.0041,767.2087,771.3690,744.1151,785.9540
4,-5.666,0.152,9.30,0.863,1.373,0.944,1.361,-1.595,-0.099,0.135,0.000,3.18,-5.22,60.01,0.0856,-0.0156,-0.0032,773.8585,765.9453,743.5807,787.4330
4,-5.579,0.161,9.35,0.863,1.373,0.933,1.373,-1.595,-0.170,0.212,0.006,3.35,-5.29,60.00,0.0179,-0.0209,-0.0004,779.6175,761.8923,745.5515,787.2841
4,-5.495,0.167,9.40,0.863,1.373,0.927,1.381,-1.595,-0.201,0.254,0.008,3.30,-5.33,59.99,-0.0423,-0.0148,-0.0010,784.5690,758.9058,749.1163,786.1082
4,-5.413,0.169,9.45,0.863,1.373,0.919,1.390,-1.595,-0.230,0.300,0.010,3.04,-5.35,59.99,-0.1283,0.0050,0.0021,790.1242,755.7462,753.7805,784.3787
4,-5.334,0.168,9.50,0.863,1.373,0.900,1.414,-1.595,-0.278,0.400,0.014,2.58,-5.29,59.99,-0.1977,0.0317,0.0034,792.7310,755.4672,758.6030,781.9760
4,-5.258,0.164,9.55,0.863,1.373,0.876,1.450,-1.594,-0.313,0.522,0.015,1.74,-5.10,60.00,-0.2769,0.0753,0.0035,795.7776,755.0309,764.1683,778.6816
4,-5.184,0.157,9.60,0.863,1.373,0.864,1.470,-1.594,-0.320,0.576,0.014,1.05,-4.88,60.01,-0.3200,0.1079,0.0042,795.3958,757.1288,768.3156,775.3232
4,-5.113,0.147,9.65,0.863,1.373,0.841,1.515,-1.594,-0.318,0.680,0.011,-0.13,-4.41,60.01,-0.3608,0.1617,0.0058,796.1814,758.0950,772.3665,771.3663
4,-5.045,0.133,9.70,0.863,1.373,0.830,1.540,-1.594,-0.309,0.728,0.009,-0.98,-4.00,60.00,-0.3743,0.1954,0.0079,795.6620,759.9293,775.5200,767.5117
4,-4.980,0.117,9.75,0.863,1.373,0.806,1.603,-1.594,-0.269,0.824,0.002,-2.26,-3.23,59.98,-0.3741,0.2445,0.0103,793.7051,762.8457,777.5647,763.8687
4,-4.919,0.097,9.80,0.863,1.373,0.797,1.633,-1.594,-0.242,0.860,-0.001,-3.10,-2.63,59.95,-0.3593,0.2728,0.0120,792.2157,764.7690,779.3032,760.2914
4,-4.860,0.074,9.85,0.863,1.373,0.783,1.697,-1.595,-0.176,0.916,-0.007,-4.26,-1.63,59.89,-0.3239,0.3093,0.0183,790.1210,767.0099,781.1801,756.2145
4,-4.805,0.048,9.90,0.863,1.373,0.778,1.730,-1.595,-0.138,0.936,-0.009,-4.95,-0.90,59.84,-0.2884,0.3274,0.0212,788.1626,768.8204,781.6085,753.9417
4,-4.752,0.018,9.95,0.863,1.373,0.773,1.805,-1.597,-0.040,0.958,-0.013,-5.82,0.26,59.75,-0.2269,0.3452,0.0266,785.5945,771.2210,781.7378,752.5012
5,4.322,-5.295,0.00,0.863,1.373,0.801,2.142,-1.616,-0.446,0.276,-0.009,-6.03,7.07,60.15,-0.0803,-0.0784,-0.0157,780.2048,754.2452,763.7563,770.5862
5,4.416,-5.346,0.05,0.863,1.373,0.801,2.142,-1.616,-0.446,0.276,-0.009,-6.03,7.07,60.15,-0.0803,-0.0784,-0.0157,780.2048,754.2452,763.7563,770.5862
5,4.505,-5.402,0.10,0.863,1.373,0.774,2.151,-1.616,-0.440,0.217,-0.005,-6.24,6.84,60.12,-0.0692,-0.0861,-0.0150,780.6700,754.3066,763.4850,770.6040
5,4.589,-5.464,0.15,0.863,1.373,0.760,2.153,-1.616,-0.436,0.188,-0.004,-6.44,6.58,60.08,-0.0567,-0.0937,-0.0153,780.9199,754.6965,762.9348,770.9489
5,4.669,-5.532,0.20,0.863,1.373,0.734,2.155,-1.617,-0.425,0.132,-0.001,-6.59,6.31,60.04,-0.0469,-0.0984,-0.0153,781.1375,755.1464,762.4125,771.2730
5,4.743,-5.605,0.25,0.863,1.373,0.718,2.155,-1.617,-0.417,0.097,0.001,-6.72,6.01,60.01,-0.0356,-0.1036,-0.0145,781.6396,755.1886,762.1548,771.2115
5,4.811,-5.684,0.30,0.863,1.373,0.694,2.151,-1.617,-0.403,0.045,0.003,-6.81,5.73,59.97,-0.0259,-0.1072,-0.0155,781.9441,755.2981,761.5823,771.4250
5,4.874,-5.767,0.35,0.863,1.373,0.683,2.148,-1.617,-0.394,0.019,0.004,-6.88,5.41,59.93,-0.0169,-0.1081,-0.0149,782.0578,755.6395,761.0262,771.5078
5,4.930,-5.856,0.40,0.863,1.373,0.661,2.140,-1.617,-0.377,-0.028,0.006,-6.92,5.11,59.90,-0.0093,-0.1109,-0.0131,782.3769,755.7597,760.6777,771.4455
5,4.981,-5.948,0.45,0.863,1.373,0.648,2.133,-1.617,-0.365,-0.056,0.007,-6.94,4.78,59.86,-0.0010,-0.1101,-0.0130,782.6654,755.8007,760.3104,771.5355
5,5.025,-6.045,0.50,0.863,1.373,0.628,2.121,-1.616,-0.345,-0.098,0.009,-6.93,4.48,59.83,0.0054,-0.1098,-0.0123,783.0819,755.8436,760.0757,771.5848
5,5.062,-6.145,0.55,0.863,1.373,0.619,2.114,-1.616,-0.334,-0.117,0.010,-6.92,4.16,59.81,0.0105,-0.1070,-0.0106,783.1031,756.4324,760.0066,771.6327
5,5.093,-6.248,0.60,0.863,1.373,0.601,2.099,-1.615,-0.312,-0.153,0.011,-6.88,3.87,59.78,0.0161,-0.1038,-0.0100,783.6083,756.5140,759.6699,771.9774
5,5.117,-6.355,0.65,0.863,1.373,0.591,2.089,-1.614,-0.299,-0.173,0.012,-6.83,3.56,59.75,0.0209,-0.1027,-0.0083,784.0298,756.6550,759.3325,772.3140
5,5.134,-6.464,0.70,0.863,1.373,0.575,2.071,-1.613,-0.276,-0.202,0.012,-6.77,3.29,59.73,0.0233,-0.0986,-0.0057,784.3393,756.6710,758.8412,772.5994
5,5.144,-6.575,0.75,0.863,1.373,0.568,2.062,-1.613,-0.264,-0.215,0.013,-6.70,3.00,59.72,0.0281,-0.0939,-0.0050,784.4442,756.7262,758.8163,772.6486
5,5.148,-6.689,0.80,0.863,1.373,0.555,2.042,-1.612,-0.241,-0.238,0.013,-6.62,2.75,59.70,0.0301,-0.0900,-0.0033,784.2085,756.9475,758.6815,772.6837
5,5.144,-6.803,0.85,0.863,1.373,0.548,2.029,-1.612,-0.226,-0.250,0.013,-6.54,2.49,59.70,0.0336,-0.0860,-0.0018,784.3388,756.8915,758.7659,772.7266
5,5.134,-6.919,0.90,0.863,1.373,0.538,2.008,-1.611,-0.202,-0.268,0.013,-6.45,2.27,59.69,0.0330,-0.0803,0.0002,784.3073,756.6892,758.3563,773.0094
5,5.116,-7.036,0.95,0.863,1.373,0.534,1.998,-1.611,-0.191,-0.275,0.012,-6.35,2.04,59.70,0.0372,-0.0736,0.0017,783.8908,756.6918,758.1743,773.1199
5,5.092,-7.153,1.00,0.863,1.373,0.541,1.728,-1.597,0.065,-0.176,0.003,-4.60,0.79,59.93,-0.0023,0.0171,0.0047,781.6521,757.6114,757.4973,778.0225
5,5.061,-7.270,1.05,0.863,1.373,0.541,1.728,-1.597,0.065,-0.176,0.003,-4.60,0.79,59.93,-0.0023,0.0171,0.0047,781.6521,757.6114,757.4973,778.0225
5,5.023,-7.386,1.10,0.863,1.373,0.542,1.725,-1.596,0.066,-0.171,0.002,-4.61,0.83,59.93,-0.0027,0.0185,0.0046,782.1774,757.2622,757.9244,777.8019
5,4.979,-7.501,1.15,0.863,1.373,0.546,1.720,-1.595,0.069,-0.160,0.000,-4.61,0.88,59.93,-0.0026,0.0181,0.0048,782.0236,757.5036,757.9009,777.9362
5,4.929,-7.616,1.20,0.863,1.373,0.547,1.717,-1.594,0.070,-0.155,-0.000,-4.62,0.93,59.93,-0.0041,0.0178,0.0040,782.4093,757.1824,757.4657,778.4194
5,4.872,-7.728,1.25,0.863,1.373,0.551,1.712,-1.593,0.070,-0.144,-0.002,-4.62,0.98,59.93,-0.0026,0.0180,0.0032,782.4633,757.2064,757.3508,778.6071
5,4.809,-7.838,1.30,0.863,1.373,0.552,1.709,-1.593,0.070,-0.140,-0.003,-4.63,1.03,59.93,-0.0033,0.0170,0.0035,782.4324,757.2971,757.0218,778.8069
5,4.740,-7.946,1.35,0.863,1.373,0.555,1.705,-1.592,0.069,-0.131,-0.005,-4.64,1.08,59.92,-0.0050,0.0156,0.0025,782.7174,757.2057,756.5575,779.1675
5,4.666,-8.052,1.40,0.863,1.373,0.557,1.702,-1.591,0.068,-0.127,-0.006,-4.65,1.12,59.91,-0.0061,0.0147,0.0021,782.8350,757.0457,756.7969,778.5748
5,4.587,-8.154,1.45,0.863,1.373,0.560,1.697,-1.590,0.066,-0.119,-0.007,-4.67,1.16,59.91,-0.0070,0.0119,0.0028,782.6998,757.1667,756.0229,779.0902
5,4.502,-8.252,1.50,0.863,1.373,0.561,1.695,-1.590,0.064,-0.115,-0.008,-4.69,1.19,59.90,-0.0086,0.0097,0.0025,782.7615,757.0394,755.5673,779.1904
5,4.413,-8.347,1.55,0.863,1.373,0.563,1.691,-1.590,0.060,-0.109,-0.010,-4.72,1.22,59.89,-0.0112,0.0098,0.0031,782.6598,756.9658,755.2588,778.9200
5,4.319,-8.438,1.60,0.863,1.373,0.564,1.690,-1.590,0.058,-0.105,-0.011,-4.76,1.24,59.88,-0.0151,0.0067,0.0024,782.5475,756.9352,754.9692,778.8071
5,4.221,-8.524,1.65,0.863,1.373,0.565,1.686,-1.590,0.053,-0.098,-0.012,-4.80,1.26,59.87,-0.0162,0.0061,0.0021,782.9028,756.5588,754.6803,778.7297
5,4.120,-8.605,1.70,0.863,1.373,0.566,1.685,-1.590,0.051,-0.095,-0.013,-4.84,1.27,59.86,-0.0190,0.0044,0.0025,783.1748,756.2209,754.6354,778.3967
5,4.015,-8.681,1.75,0.863,1.373,0.566,1.682,-1.590,0.046,-0.090,-0.014,-4.90,1.28,59.86,-0.0203,0.0036,0.0019,782.5448,756.5425,753.9288,778.5019
5,3.907,-8.752,1.80,0.863,1.373,0.567,1.681,-1.591,0.044,-0.087,-0.014,-4.96,1.29,59.85,-0.0229,0.0046,0.0034,782.6628,756.0595,753.6772,778.1470
5,3.796,-8.817,1.85,0.863,1.373,0.567,1.678,-1.591,0.039,-0.082,-0.015,-5.02,1.30,59.85,-0.0240,0.0013,0.0035,782.2499,756.1024,753.2328,778.1922
5,3.683,-8.877,1.90,0.863,1.373,0.567,1.676,-1.592,0.036,-0.080,-0.015,-5.08,1.31,59.84,-0.0232,0.0009,0.0023,782.2511,755.8579,753.0759,778.0662
5,3.567,-8.931,1.95,0.863,1.373,0.567,1.674,-1.593,0.032,-0.076,-0.015,-5.16,1.31,59.84,-0.0259,0.0025,0.0035,782.1329,755.7310,752.8375,777.9003
5,3.451,-8.978,2.00,0.863,1.373,0.582,1.639,-1.609,0.047,-0.052,0.001,-6.01,1.34,59.78,-0.0032,0.0076,0.0094,782.4539,754.7740,750.6571,778.3597
5,3.333,-9.019,2.05,0.863,1.373,0.582,1.639,-1.609,0.047,-0.052,0.001,-6.01,1.34,59.78,-0.0032,0.0076,0.0094,782.4539,754.7740,750.6571,778.3597
5,3.214,-9.054,2.10,0.863,1.373,0.583,1.639,-1.609,0.048,-0.052,0.002,-6.02,1.36,59.78,-0.0033,0.0068,0.0086,782.4423,755.0255,750.6328,778.8592
5,3.095,-9.082,2.15,0.863,1.373,0.584,1.637,-1.609,0.047,-0.053,0.002,-6.02,1.38,59.78,-0.0028,0.0067,0.0095,782.4669,755.1605,750.3726,779.3875
5,2.977,-9.103,2.20,0.863,1.373,0.585,1.636,-1.609,0.046,-0.054,0.002,-6.03,1.40,59.78,-0.0039,0.0051,0.0088,782.2827,755.2936,750.5743,779.4092
5,2.858,-9.118,2.25,0.863,1.373,0.586,1.634,-1.609,0.044,-0.056,0.002,-6.04,1.42,59.79,-0.0036,0.0042,0.0089,782.0972,755.5010,750.1923,779.9448
5,2.741,-9.126,2.30,0.863,1.373,0.587,1.632,-1.608,0.043,-0.058,0.002,-6.05,1.42,59.79,-0.0055,-0.0008,0.0087,782.1279,755.6038,750.3458,780.1418
5,2.624,-9.127,2.35,0.863,1.373,0.588,1.630,-1.608,0.039,-0.061,0.001,-6.06,1.42,59.79,-0.0058,-0.0018,0.0082,782.0098,755.7885,749.8112,780.8440
5,2.510,-9.121,2.40,0.863,1.373,0.588,1.628,-1.608,0.037,-0.064,0.001,-6.08,1.41,59.80,-0.0073,-0.0050,0.0066,782.0154,755.7535,749.9135,780.8431
5,2.397,-9.109,2.45,0.863,1.373,0.589,1.625,-1.607,0.033,-0.067,0.000,-6.10,1.40,59.80,-0.0084,-0.0078,0.0075,781.7672,755.8151,749.7378,780.7478
5,2.287,-9.089,2.50,0.863,1.373,0.589,1.624,-1.607,0.031,-0.069,0.000,-6.13,1.37,59.80,-0.0111,-0.0123,0.0078,781.6141,755.7031,749.6040,780.8140
5,2.180,-9.063,2.55,0.863,1.373,0.590,1.620,-1.607,0.027,-0.074,-0.000,-6.15,1.33,59.81,-0.0102,-0.0136,0.0071,781.6637,755.3673,749.2435,781.1017
5,2.075,-9.030,2.60,0.863,1.373,0.590,1.617,-1.608,0.024,-0.077,-0.001,-6.18,1.29,59.81,-0.0114,-0.0164,0.0067,781.1342,755.6997,749.1578,780.9531
5,1.975,-8.991,2.65,0.863,1.373,0.590,1.613,-1.608,0.020,-0.081,-0.001,-6.21,1.25,59.81,-0.0119,-0.0170,0.0053,780.9850,755.6301,748.6963,781.1497
5,1.878,-8.946,2.70,0.863,1.373,0.589,1.610,-1.608,0.018,-0.084,-0.001,-6.24,1.19,59.81,-0.0101,-0.0197,0.0058,780.9367,755.5820,748.4457,781.1667
5,1.786,-8.894,2.75,0.863,1.373,0.588,1.604,-1.608,0.013,-0.089,-0.001,-6.27,1.14,59.81,-0.0107,-0.0227,0.0051,780.8120,755.6201,748.6381,780.9376
5,1.698,-8.836,2.80,0.863,1.373,0.587,1.601,-1.609,0.010,-0.092,-0.001,-6.30,1.07,59.81,-0.0111,-0.0247,0.0049,781.1108,755.3372,748.4224,780.8315
5,1.615,-8.772,2.85,0.863,1.373,0.586,1.594,-1.609,0.007,-0.096,-0.001,-6.33,1.00,59.81,-0.0111,-0.0272,0.0042,780.8456,755.4768,748.1259,780.9550
5,1.537,-8.703,2.90,0.863,1.373,0.585,1.590,-1.609,0.005,-0.099,-0.001,-6.36,0.92,59.81,-0.0119,-0.0289,0.0049,780.4816,755.8008,747.8591,781.0162
5,1.464,-8.629,2.95,0.863,1.373,0.583,1.582,-1.610,0.002,-0.103,0.000,-6.39,0.84,59.81,-0.0102,-0.0305,0.0042,780.6696,755.7149,747.5852,781.1567
5,1.397,-8.549,3.00,0.863,1.373,0.565,1.442,-1.613,0.029,-0.069,0.008,-6.62,-0.70,59.76,-0.0012,-0.0008,0.0063,781.2716,758.0062,746.3067,782.4756
5,1.336,-8.464,3.05,0.863,1.373,0.565,1.442,-1.613,0.029,-0.069,0.008,-6.62,-0.70,59.76,-0.0012,-0.0008,0.0063,781.2716,758.0062,746.3067,782.4756
5,1.281,-8.375,3.10,0.863,1.373,0.566,1.440,-1.612,0.031,-0.065,0.008,-6.62,-0.70,59.75,-0.0006,0.0031,0.0074,781.7363,757.6301,746.3806,782.3522
5,1.232,-8.281,3.15,0.863,1.373,0.569,1.436,-1.612,0.037,-0.057,0.007,-6.62,-0.69,59.75,-0.0001,0.0060,0.0075,781.6293,757.7299,746.5938,782.0638
5,1.189,-8.184,3.20,0.863,1.373,0.571,1.435,-1.612,0.040,-0.052,0.006,-6.62,-0.67,59.75,0.0004,0.0088,0.0076,781.4552,757.7042,746.2319,782.1472
5,1.154,-8.083,3.25,0.863,1.373,0.574,1.432,-1.611,0.045,-0.045,0.006,-6.62,-0.64,59.74,0.0018,0.0099,0.0086,781.3777,757.4249,746.0684,782.0221
5,1.124,-7.979,3.30,0.863,1.373,0.576,1.431,-1.611,0.048,-0.041,0.006,-6.62,-0.61,59.74,0.0018,0.0122,0.0088,781.0021,757.5741,745.8615,781.9850
5,1.102,-7.871,3.35,0.863,1.373,0.580,1.429,-1.611,0.052,-0.035,0.005,-6.61,-0.57,59.74,0.0027,0.0124,0.0088,780.9370,757.3277,745.6902,781.9154
5,1.087,-7.762,3.40,0.863,1.373,0.583,1.428,-1.611,0.055,-0.031,0.005,-6.60,-0.53,59.74,0.0034,0.0131,0.0100,780.6232,757.4762,745.4425,782.0443
5,1.078,-7.650,3.45,0.863,1.373,0.587,1.427,-1.611,0.058,-0.025,0.005,-6.59,-0.49,59.74,0.0031,0.0138,0.0094,780.7948,757.2681,745.3546,782.0513
5,1.076,-7.536,3.50,0.863,1.373,0.589,1.426,-1.611,0.059,-0.023,0.005,-6.58,-0.45,59.74,0.0035,0.0132,0.0096,780.8152,757.2338,745.5413,781.9519
5,1.082,-7.421,3.55,0.863,1.373,0.593,1.425,-1.611,0.061,-0.018,0.005,-6.57,-0.41,59.74,0.0019,0.0124,0.0110,780.6202,757.3976,745.4625,782.0835
5,1.094,-7.305,3.60,0.863,1.373,0.595,1.425,-1.611,0.062,-0.015,0.005,-6.56,-0.38,59.75,0.0018,0.0121,0.0110,780.4664,757.3121,745.2144,782.3351
5,1.113,-7.188,3.65,0.863,1.373,0.599,1.424,-1.612,0.063,-0.011,0.005,-6.56,-0.34,59.76,0.0001,0.0108,0.0101,780.7073,756.8176,745.4288,782.0580
5,1.139,-7.071,3.70,0.863,1.373,0.601,1.423,-1.612,0.064,-0.010,0.005,-6.56,-0.31,59.76,0.0008,0.0096,0.0102,780.0703,757.0747,745.0289,782.2274
5,1.172,-6.955,3.75,0.863,1.373,0.605,1.422,-1.612,0.064,-0.007,0.005,-6.56,-0.28,59.77,-0.0005,0.0080,0.0111,779.8217,757.0123,745.0466,782.0194
5,1.211,-6.838,3.80,0.863,1.373,0.607,1.422,-1.613,0.065,-0.005,0.005,-6.56,-0.25,59.78,-0.0004,0.0073,0.0102,779.6302,756.8474,744.8937,782.2013
5,1.257,-6.723,3.85,0.863,1.373,0.611,1.422,-1.614,0.065,-0.003,0.005,-6.56,-0.23,59.79,-0.0008,0.0059,0.0099,779.5364,756.6526,744.9299,782.1158
5,1.309,-6.609,3.90,0.863,1.373,0.613,1.422,-1.614,0.065,-0.001,0.006,-6.56,-0.21,59.79,-0.0010,0.0053,0.0094,779.5634,756.3477,745.2351,781.8140
5,1.367,-6.497,3.95,0.863,1.373,0.616,1.421,-1.615,0.064,0.000,0.006,-6.56,-0.19,59.80,-0.0023,0.0054,0.0102,779.1556,756.5944,744.9634,782.0864
5,1.432,-6.388,4.00,0.863,1.373,0.658,1.407,-1.610,0.055,0.003,0.008,-6.68,-0.16,59.84,0.0019,-0.0053,0.0061,780.9064,758.0845,746.3277,783.3794
5,1.502,-6.280,4.05,0.863,1.373,0.658,1.407,-1.610,0.055,0.003,0.008,-6.68,-0.16,59.84,0.0019,-0.0053,0.0061,780.9064,758.0845,746.3277,783.3794
5,1.577,-6.176,4.10,0.863,1.373,0.659,1.406,-1.610,0.055,0.002,0.008,-6.67,-0.17,59.84,0.0013,-0.0054,0.0055,780.9861,758.0797,746.4846,783.2850
5,1.658,-6.075,4.15,0.863,1.373,0.662,1.404,-1.608,0.056,0.001,0.006,-6.68,-0.18,59.85,-0.0029,-0.0051,0.0064,780.5445,758.5027,746.5894,783.1315
5,1.743,-5.977,4.20,0.863,1.373,0.663,1.403,-1.608,0.057,-0.001,0.006,-6.69,-0.19,59.85,-0.0051,-0.0064,0.0063,780.3188,758.8177,746.9736,782.9410
5,1.834,-5.883,4.25,0.863,1.373,0.665,1.401,-1.606,0.060,-0.003,0.005,-6.70,-0.20,59.85,-0.0058,-0.0062,0.0053,780.2427,758.9886,747.5356,782.5134
5,1.929,-5.794,4.30,0.863,1.373,0.667,1.400,-1.606,0.062,-0.005,0.005,-6.71,-0.21,59.85,-0.0044,-0.0059,0.0070,779.7115,759.5181,747.6082,782.4494
5,2.027,-5.709,4.35,0.863,1.373,0.670,1.399,-1.605,0.067,-0.009,0.004,-6.72,-0.23,59.85,-0.0022,-0.0061,0.0070,779.5497,759.5861,747.9712,782.2080
5,2.130,-5.629,4.40,0.863,1.373,0.672,1.398,-1.605,0.069,-0.011,0.004,-6.72,-0.24,59.85,0.0004,-0.0052,0.0062,778.9775,759.8331,748.0118,782.0375
5,2.236,-5.554,4.45,0.863,1.373,0.676,1.396,-1.605,0.075,-0.016,0.004,-6.71,-0.26,59.86,0.0051,-0.0061,0.0065,778.4213,759.9462,748.2274,781.5678
5,2.345,-5.484,4.50,0.863,1.373,0.678,1.395,-1.605,0.079,-0.018,0.003,-6.69,-0.27,59.86,0.0096,-0.0051,0.0078,778.2575,759.7111,748.0307,781.5001
5,2.456,-5.420,4.55,0.863,1.373,0.683,1.392,-1.605,0.086,-0.024,0.003,-6.65,-0.28,59.86,0.0134,-0.0042,0.0072,777.6884,759.6710,748.1929,781.1143
5,2.570,-5.362,4.60,0.863,1.373,0.686,1.391,-1.606,0.090,-0.027,0.003,-6.61,-0.29,59.87,0.0183,-0.0053,0.0075,777.3632,759.4069,747.9741,780.8666
5,2.685,-5.310,4.65,0.863,1.373,0.691,1.388,-1.607,0.097,-0.033,0.004,-6.54,-0.31,59.87,0.0225,-0.0040,0.0078,776.7566,759.3164,747.7881,780.6439
5,2.802,-5.264,4.70,0.863,1.373,0.694,1.387,-1.608,0.101,-0.036,0.005,-6.49,-0.32,59.88,0.0256,-0.0045,0.0078,776.2176,759.3619,747.7880,780.3981
5,2.920,-5.225,4.75,0.863,1.373,0.701,1.383,-1.609,0.109,-0.042,0.006,-6.39,-0.33,59.88,0.0292,-0.0062,0.0083,776.5079,758.9071,748.2671,779.9038
5,3.039,-5.192,4.80,0.863,1.373,0.704,1.381,-1.609,0.112,-0.045,0.007,-6.30,-0.35,59.89,0.0336,-0.0064,0.0082,776.4471,758.8253,748.0988,780.2450
5,3.158,-5.165,4.85,0.863,1.373,0.710,1.377,-1.610,0.118,-0.050,0.009,-6.20,-0.36,59.89,0.0340,-0.0075,0.0085,776.0762,759.2838,748.5879,780.2206
5,3.277,-5.145,4.90,0.863,1.373,0.714,1.375,-1.610,0.121,-0.053,0.010,-6.10,-0.38,59.90,0.0356,-0.0074,0.0078,775.9264,759.5186,748.5875,780.6671
5,3.395,-5.132,4.95,0.863,1.373,0.722,1.369,-1.611,0.127,-0.058,0.011,-6.00,-0.39,59.91,0.0367,-0.0072,0.0078,775.9464,759.6610,748.9099,780.6918
5,3.512,-5.126,5.00,0.863,1.373,0.834,1.277,-1.610,0.094,-0.037,0.018,-4.24,-0.82,60.05,0.0015,-0.0029,0.0022,776.5983,762.6481,753.2522,782.1906
5,3.628,-5.127,5.05,0.863,1.373,0.834,1.277,-1.610,0.094,-0.037,0.018,-4.24,-0.82,60.05,0.0015,-0.0029,0.0022,776.5983,762.6481,753.2522,782.1906
5,3.742,-5.134,5.10,0.863,1.373,0.836,1.274,-1.609,0.088,-0.032,0.016,-4.24,-0.83,60.05,0.0002,-0.0049,0.0023,776.9525,762.2217,753.4919,781.8596
5,3.854,-5.149,5.15,0.863,1.373,0.837,1.273,-1.608,0.085,-0.028,0.015,-4.24,-0.85,60.05,-0.0009,-0.0074,0.0009,776.9263,762.1965,753.5280,781.7570
5,3.964,-5.170,5.20,0.863,1.373,0.839,1.270,-1.607,0.080,-0.021,0.014,-4.24,-0.86,60.06,-0.0027,-0.0080,0.0011,777.1715,761.9913,753.8641,781.4247
5,4.070,-5.197,5.25,0.863,1.373,0.840,1.270,-1.606,0.078,-0.017,0.013,-4.25,-0.88,60.06,-0.0031,-0.0056,0.0003,777.6094,761.5331,754.1436,781.1443
5,4.174,-5.232,5.30,0.863,1.373,0.842,1.268,-1.606,0.076,-0.008,0.011,-4.25,-0.89,60.06,-0.0027,-0.0039,0.0003,777.7407,761.3859,754.2957,780.8450
5,4.273,-5.272,5.35,0.863,1.373,0.844,1.268,-1.605,0.074,-0.003,0.011,-4.26,-0.90,60.06,-0.0031,0.0005,0.0004,777.7686,761.2289,754.1935,780.7746
5,4.369,-5.320,5.40,0.863,1.373,0.845,1.268,-1.604,0.073,0.007,0.010,-4.27,-0.89,60.06,-0.0034,0.0043,0.0009,777.7159,761.3585,754.2407,780.6081
5,4.460,-5.373,5.45,0.863,1.373,0.846,1.268,-1.604,0.072,0.013,0.009,-4.28,-0.86,60.06,-0.0029,0.0087,0.0006,778.2465,760.8997,754.5997,780.1731
5,4.547,-5.432,5.50,0.863,1.373,0.848,1.270,-1.603,0.072,0.023,0.008,-4.28,-0.84,60.06,-0.0029,0.0123,0.0003,778.1871,761.0004,754.9574,779.8256
5,4.629,-5.497,5.55,0.863,1.373,0.850,1.271,-1.603,0.071,0.030,0.007,-4.29,-0.79,60.06,-0.0048,0.0171,0.0001,778.3429,760.9813,755.1224,779.6353
5,4.706,-5.568,5.60,0.863,1.373,0.852,1.274,-1.602,0.072,0.041,0.006,-4.30,-0.74,60.05,-0.0054,0.0201,0.0007,778.3641,761.1133,754.8674,779.8763
5,4.777,-5.644,5.65,0.863,1.373,0.853,1.275,-1.602,0.072,0.046,0.006,-4.32,-0.67,60.05,-0.0054,0.0241,0.0013,778.5819,760.9664,754.9630,779.8493
5,4.843,-5.725,5.70,0.863,1.373,0.856,1.279,-1.601,0.072,0.056,0.005,-4.33,-0.61,60.05,-0.0057,0.0258,0.0011,778.5856,761.0360,755.2175,779.6417
5,4.902,-5.811,5.75,0.863,1.373,0.858,1.281,-1.600,0.073,0.061,0.005,-4.35,-0.53,60.05,-0.0056,0.0282,0.0016,778.7317,761.0676,755.2476,779.7235
5,4.956,-5.901,5.80,0.863,1.373,0.861,1.285,-1.599,0.075,0.070,0.003,-4.36,-0.45,60.05,-0.0051,0.0285,0.0012,778.7314,761.1357,755.5336,779.6278
5,5.003,-5.995,5.85,0.863,1.373,0.863,1.287,-1.599,0.075,0.073,0.003,-4.37,-0.36,60.04,-0.0040,0.0309,0.0024,778.7911,760.9744,755.6055,779.4512
5,5.044,-6.094,5.90,0.863,1.373,0.867,1.291,-1.599,0.077,0.080,0.002,-4.38,-0.28,60.04,-0.0020,0.0307,0.0024,778.9167,760.7429,755.8251,779.1801
5,5.078,-6.196,5.95,0.863,1.373,0.870,1.294,-1.598,0.078,0.083,0.001,-4.39,-0.17,60.04,-0.0000,0.0304,0.0021,778.6856,760.8333,755.7064,779.0958
5,5.106,-6.301,6.00,0.863,1.373,0.949,1.364,-1.590,0.049,0.074,-0.011,-4.04,1.17,60.06,0.0054,0.0026,-0.0007,778.7084,759.3344,756.9631,778.0299
5,5.126,-6.408,6.05,0.863,1.373,0.949,1.364,-1.590,0.049,0.074,-0.011,-4.04,1.17,60.06,0.0054,0.0026,-0.0007,778.7084,759.3344,756.9631,778.0299
5,5.140,-6.519,6.10,0.863,1.373,0.950,1.367,-1.591,0.043,0.070,-0.011,-4.03,1.18,60.06,0.0054,0.0001,-0.0010,779.1177,758.6509,757.0956,777.6929
5,5.147,-6.631,6.15,0.863,1.373,0.951,1.367,-1.591,0.041,0.069,-0.011,-4.01,1.18,60.07,0.0060,0.0011,0.0003,778.9127,758.5863,756.4594,778.0276
5,5.147,-6.745,6.20,0.863,1.373,0.951,1.369,-1.592,0.035,0.067,-0.011,-3.99,1.18,60.07,0.0047,-0.0017,0.0004,779.0934,758.2039,756.6110,777.8118
5,5.140,-6.861,6.25,0.863,1.373,0.951,1.370,-1.592,0.032,0.066,-0.011,-3.98,1.17,60.07,0.0047,-0.0027,-0.0003,779.3704,757.8163,756.2925,777.9698
5,5.126,-6.977,6.30,0.863,1.373,0.951,1.372,-1.592,0.024,0.065,-0.012,-3.97,1.17,60.07,0.0034,-0.0016,-0.0000,779.7132,757.5047,756.0709,778.1705
5,5.105,-7.094,6.35,0.863,1.373,0.950,1.373,-1.592,0.021,0.065,-0.012,-3.97,1.17,60.07,-0.0004,-0.0016,-0.0011,779.7231,757.5828,756.2490,778.0469
5,5.078,-7.211,6.40,0.863,1.373,0.949,1.375,-1.592,0.014,0.067,-0.012,-3.98,1.16,60.07,-0.0040,-0.0005,-0.0017,779.9591,757.3862,755.9872,778.1237
5,5.043,-7.327,6.45,0.863,1.373,0.949,1.377,-1.593,0.010,0.067,-0.012,-3.99,1.16,60.07,-0.0070,-0.0002,-0.0016,780.4147,756.8711,756.2288,777.6970
5,5.002,-7.443,6.50,0.863,1.373,0.947,1.380,-1.593,0.002,0.070,-0.012,-4.02,1.17,60.07,-0.0103,0.0019,-0.0015,780.3903,756.9913,755.8500,778.0331
5,4.955,-7.558,6.55,0.863,1.373,0.945,1.381,-1.593,-0.002,0.071,-0.012,-4.06,1.17,60.06,-0.0147,0.0027,-0.0016,780.4427,757.0392,755.7590,778.0655
5,4.901,-7.671,6.60,0.863,1.373,0.943,1.384,-1.594,-0.008,0.074,-0.012,-4.10,1.18,60.06,-0.0166,0.0027,-0.0024,780.7328,756.7173,755.9059,777.6191
5,4.841,-7.783,6.65,0.863,1.373,0.942,1.386,-1.594,-0.011,0.075,-0.012,-4.16,1.19,60.06,-0.0195,0.0046,-0.0015,780.4856,756.9482,755.5186,777.6922
5,4.776,-7.892,6.70,0.863,1.373,0.940,1.389,-1.594,-0.017,0.077,-0.012,-4.21,1.21,60.05,-0.0206,0.0036,-0.0019,780.7132,756.7487,755.4927,777.6875
5,4.704,-7.999,6.75,0.863,1.373,0.939,1.391,-1.594,-0.019,0.078,-0.012,-4.27,1.22,60.05,-0.0208,0.0070,-0.0020,780.9058,756.6726,755.7330,777.5094
5,4.627,-8.103,6.80,0.863,1.373,0.937,1.394,-1.594,-0.024,0.080,-0.012,-4.33,1.24,60.05,-0.0203,0.0065,-0.0025,780.9036,756.8419,755.5049,777.6898
5,4.545,-8.203,6.85,0.863,1.373,0.936,1.396,-1.595,-0.026,0.081,-0.012,-4.39,1.26,60.04,-0.0202,0.0059,-0.0023,781.0410,756.7186,755.4214,777.5129
5,4.459,-8.300,6.90,0.863,1.373,0.933,1.400,-1.595,-0.030,0.083,-0.012,-4.45,1.28,60.04,-0.0206,0.0084,-0.0026,781.0163,756.7616,755.1934,777.6055
5,4.367,-8.392,6.95,0.863,1.373,0.932,1.402,-1.595,-0.032,0.084,-0.012,-4.51,1.31,60.03,-0.0196,0.0081,-0.0023,781.1858,756.5689,755.4285,777.0965
5,4.271,-8.481,7.00,0.863,1.373,0.903,1.468,-1.604,-0.034,0.048,-0.004,-5.31,1.92,59.96,0.0003,-0.0037,0.0017,782.4612,754.7625,755.0425,776.8531
5,4.172,-8.564,7.05,0.863,1.373,0.903,1.468,-1.604,-0.034,0.048,-0.004,-5.31,1.92,59.96,0.0003,-0.0037,0.0017,782.4612,754.7625,755.0425,776.8531
5,4.068,-8.643,7.10,0.863,1.373,0.902,1.468,-1.604,-0.034,0.044,-0.004,-5.31,1.91,59.96,0.0007,-0.0046,0.0018,782.2491,755.0255,754.5138,777.5109
5,3.962,-8.717,7.15,0.863,1.373,0.900,1.467,-1.604,-0.034,0.039,-0.003,-5.30,1.90,59.97,0.0036,-0.0043,0.0030,782.5616,754.8222,754.6750,777.5940
5,3.852,-8.785,7.20,0.863,1.373,0.899,1.467,-1.604,-0.035,0.037,-0.003,-5.29,1.89,59.97,0.0045,-0.0055,0.0019,782.3136,755.0312,754.1037,778.1722
5,3.740,-8.848,7.25,0.863,1.373,0.897,1.466,-1.604,-0.037,0.032,-0.004,-5.28,1.87,59.97,0.0048,-0.0063,0.0009,782.3208,754.9493,753.9068,778.3120
5,3.626,-8.904,7.30,0.863,1.373,0.895,1.465,-1.604,-0.039,0.029,-0.004,-5.27,1.85,59.97,0.0029,-0.0083,0.0007,782.3857,754.7239,753.6606,778.4727
5,3.510,-8.955,7.35,0.863,1.373,0.892,1.464,-1.605,-0.042,0.025,-0.004,-5.27,1.83,59.97,0.0001,-0.0091,0.0008,782.0663,754.7794,753.1776,778.6429
5,3.393,-8.999,7.40,0.863,1.373,0.890,1.464,-1.605,-0.045,0.024,-0.004,-5.27,1.81,59.97,-0.0010,-0.0106,-0.0002,782.3936,754.3041,752.7683,778.6547
5,3.274,-9.037,7.45,0.863,1.373,0.886,1.463,-1.606,-0.050,0.020,-0.004,-5.28,1.78,59.96,-0.0047,-0.0115,-0.0005,782.1088,754.3775,752.7129,778.2480
5,3.155,-9.069,7.50,0.863,1.373,0.883,1.462,-1.606,-0.053,0.018,-0.004,-5.30,1.74,59.96,-0.0101,-0.0127,-0.0005,782.2020,754.1101,752.1371,778.6035
5,3.037,-9.093,7.55,0.863,1.373,0.878,1.462,-1.607,-0.059,0.016,-0.004,-5.34,1.71,59.96,-0.0125,-0.0130,-0.0013,781.9223,754.3624,751.7379,778.7086
5,2.918,-9.111,7.60,0.863,1.373,0.875,1.461,-1.608,-0.061,0.015,-0.003,-5.37,1.67,59.95,-0.0148,-0.0146,-0.0015,782.2349,753.9730,751.7535,778.4369
5,2.800,-9.123,7.65,0.863,1.373,0.870,1.461,-1.609,-0.067,0.013,-0.003,-5.42,1.62,59.95,-0.0188,-0.0153,-0.0008,782.0417,754.1252,751.3134,778.6398
5,2.683,-9.127,7.70,0.863,1.373,0.866,1.461,-1.609,-0.070,0.012,-0.002,-5.48,1.58,59.95,-0.0206,-0.0136,-0.0009,781.9885,754.1567,751.2465,778.6490
5,2.567,-9.125,7.75,0.863,1.373,0.860,1.461,-1.610,-0.075,0.011,-0.002,-5.54,1.54,59.94,-0.0232,-0.0151,-0.0004,782.2069,754.0794,751.2865,778.5972
5,2.454,-9.116,7.80,0.863,1.373,0.857,1.462,-1.611,-0.078,0.011,-0.001,-5.61,1.50,59.94,-0.0248,-0.0134,-0.0006,782.1071,754.2880,751.0237,778.7781
5,2.342,-9.100,7.85,0.863,1.373,0.850,1.462,-1.611,-0.081,0.010,-0.001,-5.69,1.46,59.93,-0.0257,-0.0135,-0.0019,781.9848,754.4797,750.6891,778.9642
5,2.233,-9.077,7.90,0.863,1.373,0.846,1.462,-1.612,-0.084,0.009,-0.001,-5.76,1.42,59.93,-0.0262,-0.0123,-0.0008,782.1946,754.4646,750.7266,778.8457
5,2.128,-9.048,7.95,0.863,1.373,0.840,1.463,-1.612,-0.086,0.008,0.000,-5.84,1.39,59.92,-0.0271,-0.0134,-0.0006,782.2268,754.7299,750.4832,779.1634
5,2.025,-9.012,8.00,0.863,1.373,0.767,1.468,-1.619,-0.039,-0.019,0.005,-6.66,0.95,59.84,-0.0039,-0.0028,0.0033,781.7292,753.9911,747.2963,779.1757
5,1.927,-8.969,8.05,0.863,1.373,0.767,1.468,-1.619,-0.039,-0.019,0.005,-6.66,0.95,59.84,-0.0039,-0.0028,0.0033,781.7292,753.9911,747.2963,779.1757
5,1.832,-8.921,8.10,0.863,1.373,0.766,1.468,-1.619,-0.037,-0.019,0.005,-6.67,0.95,59.84,-0.0042,-0.0009,0.0042,781.5561,753.9564,747.2709,779.0224
5,1.742,-8.866,8.15,0.863,1.373,0.764,1.468,-1.621,-0.034,-0.021,0.006,-6.69,0.95,59.84,-0.0052,-0.0005,0.0055,781.0138,754.1229,747.1085,778.9987
5,1.656,-8.805,8.20,0.863,1.373,0.763,1.469,-1.621,-0.032,-0.022,0.007,-6.70,0.95,59.84,-0.0046,0.0024,0.0051,780.7119,754.3770,746.6796,779.4768
5,1.575,-8.739,8.25,0.863,1.373,0.762,1.469,-1.622,-0.030,-0.025,0.009,-6.71,0.96,59.84,-0.0046,0.0015,0.0045,780.5863,754.7056,747.0214,779.5817
5,1.500,-8.667,8.30,0.863,1.373,0.761,1.469,-1.622,-0.028,-0.027,0.010,-6.72,0.96,59.84,-0.0038,-0.0011,0.0050,780.8686,754.5840,747.0977,779.7338
5,1.430,-8.590,8.35,0.863,1.373,0.759,1.469,-1.622,-0.027,-0.032,0.011,-6.73,0.96,59.84,-0.0041,-0.0015,0.0049,780.4794,755.2300,746.9075,780.4258
5,1.366,-8.507,8.40,0.863,1.373,0.758,1.469,-1.622,-0.026,-0.034,0.011,-6.74,0.95,59.84,-0.0037,-0.0034,0.0045,780.3231,755.7021,746.6364,781.0666
5,1.308,-8.420,8.45,0.863,1.373,0.756,1.468,-1.622,-0.025,-0.040,0.012,-6.75,0.93,59.85,-0.0028,-0.0067,0.0051,780.4356,755.6545,746.9471,780.9622
5,1.256,-8.329,8.50,0.863,1.373,0.755,1.467,-1.622,-0.025,-0.043,0.013,-6.76,0.91,59.85,-0.0025,-0.0084,0.0051,780.1306,756.1930,746.8994,781.4278
5,1.210,-8.234,8.55,0.863,1.373,0.753,1.465,-1.622,-0.025,-0.050,0.013,-6.77,0.89,59.85,-0.0019,-0.0116,0.0046,780.2236,756.1824,746.7828,781.8359
5,1.171,-8.134,8.60,0.863,1.373,0.751,1.464,-1.622,-0.025,-0.054,0.013,-6.77,0.85,59.85,-0.0040,-0.0157,0.0044,780.2181,756.3674,747.0547,781.7823
5,1.138,-8.032,8.65,0.863,1.373,0.747,1.461,-1.621,-0.026,-0.062,0.013,-6.78,0.80,59.86,-0.0018,-0.0186,0.0039,780.0670,756.6476,746.8906,782.1813
5,1.113,-7.926,8.70,0.863,1.373,0.745,1.459,-1.621,-0.026,-0.065,0.013,-6.79,0.74,59.86,-0.0044,-0.0231,0.0038,779.9719,756.7078,747.0667,782.1381
5,1.094,-7.817,8.75,0.863,1.373,0.742,1.455,-1.621,-0.027,-0.073,0.013,-6.79,0.68,59.86,-0.0035,-0.0261,0.0032,779.9933,756.5485,747.0951,782.0265
5,1.081,-7.707,8.80,0.863,1.373,0.740,1.453,-1.621,-0.027,-0.076,0.013,-6.80,0.60,59.86,-0.0029,-0.0276,0.0028,779.7653,756.7465,746.9632,782.0665
5,1.076,-7.594,8.85,0.863,1.373,0.737,1.447,-1.621,-0.026,-0.084,0.013,-6.81,0.52,59.87,-0.0022,-0.0299,0.0024,779.5405,757.0021,747.1030,782.0137
5,1.078,-7.479,8.90,0.863,1.373,0.736,1.444,-1.621,-0.026,-0.087,0.013,-6.81,0.43,59.87,-0.0013,-0.0312,0.0031,779.4195,757.2453,747.1805,781.9645
5,1.087,-7.364,8.95,0.863,1.373,0.733,1.438,-1.620,-0.024,-0.093,0.014,-6.81,0.35,59.88,0.0016,-0.0329,0.0012,779.8558,756.9279,747.2734,782.1758
5,1.103,-7.247,9.00,0.863,1.373,0.746,1.330,-1.602,0.018,-0.067,-0.001,-6.12,-0.81,59.89,-0.0001,-0.0021,0.0027,779.5029,759.0618,746.2543,783.4352
5,1.125,-7.130,9.05,0.863,1.373,0.746,1.330,-1.602,0.018,-0.067,-0.001,-6.12,-0.81,59.89,-0.0001,-0.0021,0.0027,779.5029,759.0618,746.2543,783.4352
5,1.154,-7.013,9.10,0.863,1.373,0.746,1.326,-1.602,0.017,-0.062,-0.002,-6.13,-0.82,59.90,-0.0029,-0.0010,0.0027,779.3953,759.0968,746.3957,783.2089
5,1.190,-6.897,9.15,0.863,1.373,0.746,1.325,-1.602,0.017,-0.059,-0.002,-6.14,-0.82,59.90,-0.0050,-0.0017,0.0030,778.9114,759.4832,746.3486,783.1985
5,1.233,-6.781,9.20,0.863,1.373,0.746,1.322,-1.602,0.017,-0.055,-0.002,-6.16,-0.82,59.90,-0.0082,-0.0023,0.0034,778.7426,759.5876,746.6128,782.9739
5,1.282,-6.667,9.25,0.863,1.373,0.746,1.321,-1.601,0.018,-0.052,-0.002,-6.18,-0.83,59.91,-0.0101,-0.0028,0.0038,778.7610,759.7287,746.6568,783.2902
5,1.337,-6.554,9.30,0.863,1.373,0.745,1.318,-1.600,0.019,-0.049,-0.002,-6.21,-0.84,59.91,-0.0095,-0.0025,0.0039,778.7059,759.8700,747.5391,782.8281
5,1.398,-6.443,9.35,0.863,1.373,0.744,1.317,-1.600,0.020,-0.047,-0.003,-6.23,-0.85,59.92,-0.0100,-0.0039,0.0033,778.3396,760.4084,747.7385,782.9888
5,1.465,-6.334,9.40,0.863,1.373,0.743,1.315,-1.599,0.022,-0.045,-0.003,-6.26,-0.86,59.92,-0.0093,-0.0031,0.0031,778.2445,760.5585,747.8167,783.1082
5,1.538,-6.228,9.45,0.863,1.373,0.742,1.314,-1.598,0.024,-0.044,-0.004,-6.28,-0.87,59.93,-0.0069,-0.0048,0.0042,778.3227,760.4437,748.3058,782.8350
5,1.616,-6.125,9.50,0.863,1.373,0.741,1.312,-1.597,0.027,-0.042,-0.004,-6.30,-0.88,59.94,-0.0056,-0.0052,0.0026,778.0503,760.7477,748.4066,783.0055
5,1.700,-6.026,9.55,0.863,1.373,0.740,1.311,-1.597,0.030,-0.042,-0.004,-6.31,-0.89,59.94,-0.0040,-0.0036,0.0035,777.8686,760.9889,748.5431,783.1328
5,1.788,-5.930,9.60,0.863,1.373,0.739,1.309,-1.596,0.034,-0.042,-0.005,-6.31,-0.90,59.95,-0.0009,-0.0062,0.0035,778.0544,760.7522,749.1705,782.7234
5,1.880,-5.838,9.65,0.863,1.373,0.738,1.307,-1.596,0.037,-0.042,-0.006,-6.31,-0.91,59.95,0.0012,-0.0060,0.0036,777.5710,761.0715,748.8768,783.0622
5,1.977,-5.751,9.70,0.863,1.373,0.738,1.304,-1.596,0.041,-0.042,-0.006,-6.30,-0.93,59.96,0.0034,-0.0078,0.0037,777.3206,760.9932,748.7002,783.0607
5,2.078,-5.669,9.75,0.863,1.373,0.737,1.303,-1.596,0.044,-0.043,-0.006,-6.28,-0.95,59.96,0.0075,-0.0086,0.0031,776.7578,761.0761,748.5960,782.9355
5,2.182,-5.591,9.80,0.863,1.373,0.737,1.300,-1.596,0.050,-0.043,-0.007,-6.25,-0.97,59.97,0.0081,-0.0074,0.0031,776.7760,760.8260,748.6813,782.6910
5,2.289,-5.519,9.85,0.863,1.373,0.738,1.298,-1.596,0.053,-0.043,-0.007,-6.22,-0.99,59.97,0.0108,-0.0088,0.0025,776.8702,760.4343,748.7166,782.3761
5,2.399,-5.452,9.90,0.863,1.373,0.739,1.295,-1.597,0.059,-0.044,-0.006,-6.19,-1.01,59.97,0.0140,-0.0066,0.0021,776.1171,760.9193,748.6352,782.1890
5,2.512,-5.391,9.95,0.863,1.373,0.740,1.293,-1.597,0.063,-0.044,-0.006,-6.15,-1.03,59.98,0.0161,-0.0077,0.0034,776.3328,760.5002,748.7303,781.7633
6,1.447,1.183,0.00,0.863,1.373,1.422,1.385,-1.606,0.163,-0.131,0.006,1.99,3.81,60.44,0.0392,-0.0471,-0.0167,773.7336,763.6229,772.4442,766.6529
6,1.491,1.229,0.05,0.863,1.373,1.422,1.385,-1.606,0.163,-0.131,0.006,1.99,3.81,60.44,0.0392,-0.0471,-0.0167,773.7336,763.6229,772.4442,766.6529
6,1.534,1.277,0.10,0.863,1.373,1.431,1.374,-1.606,0.134,-0.142,0.007,2.07,3.70,60.44,0.0340,-0.0505,-0.0179,773.6741,763.8673,772.3562,766.4634
6,1.575,1.327,0.15,0.863,1.373,1.435,1.367,-1.606,0.116,-0.147,0.007,2.17,3.53,60.43,0.0292,-0.0510,-0.0167,773.5748,763.9811,772.3520,766.1846
6,1.613,1.378,0.20,0.863,1.373,1.440,1.354,-1.606,0.087,-0.154,0.007,2.23,3.41,60.42,0.0249,-0.0551,-0.0162,774.0692,763.5038,772.4456,765.7036
6,1.650,1.430,0.25,0.863,1.373,1.442,1.348,-1.606,0.073,-0.157,0.007,2.29,3.23,60.42,0.0179,-0.0575,-0.0180,773.4434,764.0536,771.9111,765.9786
6,1.684,1.483,0.30,0.863,1.373,1.444,1.335,-1.606,0.044,-0.161,0.007,2.33,3.10,60.41,0.0140,-0.0588,-0.0166,773.6066,763.9337,771.8159,765.7700
6,1.716,1.536,0.35,0.863,1.373,1.445,1.327,-1.607,0.027,-0.163,0.007,2.36,2.91,60.41,0.0068,-0.0587,-0.0172,773.5555,763.9092,771.9727,765.3832
6,1.746,1.591,0.40,0.863,1.373,1.445,1.313,-1.607,0.001,-0.164,0.008,2.37,2.77,60.40,0.0035,-0.0594,-0.0172,773.6793,763.8684,772.0939,765.0861
6,1.773,1.646,0.45,0.863,1.373,1.444,1.306,-1.607,-0.012,-0.164,0.008,2.36,2.58,60.40,-0.0020,-0.0596,-0.0166,773.6685,764.0919,772.1509,765.0686
6,1.797,1.702,0.50,0.863,1.373,1.442,1.293,-1.607,-0.037,-0.163,0.009,2.35,2.44,60.39,-0.0039,-0.0603,-0.0173,773.2091,764.5487,772.1229,765.1724
6,1.819,1.758,0.55,0.863,1.373,1.439,1.284,-1.607,-0.051,-0.162,0.009,2.33,2.25,60.39,-0.0073,-0.0594,-0.0166,773.3989,764.4454,772.5989,764.8298
6,1.838,1.815,0.60,0.863,1.373,1.435,1.271,-1.607,-0.073,-0.158,0.009,2.31,2.12,60.39,-0.0091,-0.0577,-0.0160,773.1511,764.6952,772.4640,765.1373
6,1.855,1.871,0.65,0.863,1.373,1.432,1.264,-1.607,-0.083,-0.156,0.009,2.27,1.93,60.40,-0.0122,-0.0564,-0.0171,773.1980,764.5735,772.7037,765.0598
6,1.869,1.928,0.70,0.863,1.373,1.425,1.252,-1.607,-0.102,-0.150,0.009,2.23,1.81,60.40,-0.0135,-0.0542,-0.0151,772.8782,764.8176,772.4467,765.4109
6,1.880,1.984,0.75,0.863,1.373,1.421,1.244,-1.607,-0.113,-0.146,0.009,2.18,1.64,60.40,-0.0155,-0.0511,-0.0161,772.6837,764.7145,772.8922,764.8862
6,1.888,2.040,0.80,0.863,1.373,1.413,1.232,-1.608,-0.129,-0.138,0.009,2.14,1.53,60.41,-0.0174,-0.0487,-0.0153,772.5606,764.5411,772.8615,764.8765
6,1.893,2.096,0.85,0.863,1.373,1.409,1.226,-1.608,-0.136,-0.134,0.009,2.07,1.37,60.41,-0.0196,-0.0449,-0.0154,772.5132,764.2612,772.6932,764.8358
6,1.896,2.151,0.90,0.863,1.373,1.400,1.216,-1.608,-0.149,-0.125,0.010,2.02,1.27,60.42,-0.0201,-0.0423,-0.0160,772.1334,764.3989,772.7072,764.9116
6,1.896,2.205,0.95,0.863,1.373,1.394,1.209,-1.609,-0.156,-0.118,0.010,1.95,1.14,60.42,-0.0191,-0.0387,-0.0155,772.1536,764.2870,772.9475,764.7081
6,1.893,2.258,1.00,0.863,1.373,1.189,1.158,-1.600,-0.180,0.069,0.005,0.55,0.54,60.34,-0.0191,0.0078,-0.0173,773.0667,767.3851,773.8458,765.9349
6,1.887,2.311,1.05,0.863,1.373,1.189,1.158,-1.600,-0.180,0.069,0.005,0.55,0.54,60.34,-0.0191,0.0078,-0.0173,773.0667,767.3851,773.8458,765.9349
6,1.878,2.362,1.10,0.863,1.373,1.183,1.160,-1.599,-0.177,0.072,0.004,0.49,0.56,60.34,-0.0197,0.0088,-0.0176,773.0413,767.4924,773.9331,765.9987
6,1.866,2.413,1.15,0.863,1.373,1.170,1.165,-1.598,-0.171,0.080,0.002,0.44,0.59,60.33,-0.0195,0.0102,-0.0172,772.9754,767.6063,773.7153,766.2426
6,1.852,2.461,1.20,0.863,1.373,1.165,1.167,-1.597,-0.168,0.083,0.001,0.38,0.62,60.32,-0.0199,0.0097,-0.0168,773.1387,767.5269,773.9915,765.8641
6,1.835,2.509,1.25,0.863,1.373,1.154,1.173,-1.596,-0.160,0.089,-0.000,0.32,0.65,60.31,-0.0199,0.0114,-0.0171,773.2359,767.4467,773.9445,765.8089
6,1.815,2.555,1.30,0.863,1.373,1.149,1.176,-1.595,-0.156,0.091,-0.001,0.27,0.68,60.30,-0.0183,0.0126,-0.0160,772.9835,767.7885,774.1585,765.6179
6,1.793,2.599,1.35,0.863,1.373,1.138,1.183,-1.594,-0.146,0.097,-0.003,0.22,0.72,60.29,-0.0163,0.0143,-0.0158,772.8431,767.9505,774.1452,765.7491
6,1.768,2.641,1.40,0.863,1.373,1.134,1.187,-1.593,-0.141,0.099,-0.004,0.18,0.77,60.28,-0.0133,0.0170,-0.0158,773.1688,767.5718,774.6893,765.0891
6,1.740,2.682,1.45,0.863,1.373,1.125,1.194,-1.592,-0.131,0.103,-0.005,0.14,0.82,60.28,-0.0104,0.0192,-0.0141,773.2946,767.6481,774.7005,765.2157
6,1.710,2.720,1.50,0.863,1.373,1.121,1.198,-1.591,-0.126,0.105,-0.005,0.11,0.87,60.27,-0.0084,0.0205,-0.0144,773.4142,767.7344,774.8313,765.2981
6,1.678,2.756,1.55,0.863,1.373,1.112,1.207,-1.590,-0.116,0.109,-0.007,0.09,0.94,60.27,-0.0079,0.0224,-0.0145,773.4403,767.8400,774.8947,765.2773
6,1.643,2.791,1.60,0.863,1.373,1.108,1.211,-1.589,-0.111,0.110,-0.008,0.07,1.00,60.26,-0.0051,0.0222,-0.0127,773.2595,767.9984,774.8365,765.2848
6,1.606,2.823,1.65,0.863,1.373,1.100,1.219,-1.588,-0.101,0.111,-0.010,0.05,1.07,60.26,-0.0049,0.0234,-0.0133,773.1474,767.8357,774.6406,765.4147
6,1.567,2.852,1.70,0.863,1.373,1.096,1.223,-1.588,-0.097,0.112,-0.011,0.04,1.13,60.26,-0.0041,0.0225,-0.0125,773.2145,767.4938,774.7428,765.0341
6,1.526,2.879,1.75,0.863,1.373,1.089,1.233,-1.587,-0.086,0.112,-0.012,0.03,1.20,60.25,-0.0043,0.0225,-0.0136,772.7981,767.5235,774.6296,764.9601
6,1.483,2.904,1.80,0.863,1.373,1.086,1.237,-1.587,-0.081,0.112,-0.013,0.02,1.26,60.25,-0.0007,0.0227,-0.0123,773.0021,767.2041,774.8672,764.6212
6,1.438,2.926,1.85,0.863,1.373,1.081,1.245,-1.587,-0.071,0.111,-0.014,0.02,1.33,60.25,0.0008,0.0220,-0.0118,772.3966,767.5137,774.5657,764.6544
6,1.391,2.946,1.90,0.863,1.373,1.078,1.249,-1.587,-0.067,0.110,-0.014,0.03,1.39,60.25,0.0025,0.0224,-0.0123,772.5497,766.9911,774.5227,764.5289
6,1.343,2.963,1.95,0.863,1.373,1.074,1.258,-1.588,-0.056,0.108,-0.015,0.03,1.45,60.25,0.0034,0.0224,-0.0116,772.3291,766.8244,774.4250,764.3052
6,1.293,2.978,2.00,0.863,1.373,1.068,1.340,-1.594,0.009,0.032,-0.012,0.93,2.17,60.32,0.0053,0.0067,-0.0118,771.9874,765.1240,774.7178,763.8304
6,1.242,2.989,2.05,0.863,1.373,1.068,1.340,-1.594,0.009,0.032,-0.012,0.93,2.17,60.32,0.0053,0.0067,-0.0118,771.9874,765.1240,774.7178,763.8304
6,1.189,2.998,2.10,0.863,1.373,1.066,1.344,-1.594,0.006,0.029,-0.012,0.94,2.19,60.32,0.0028,0.0055,-0.0136,771.7980,765.1337,774.8291,763.6317
6,1.136,3.004,2.15,0.863,1.373,1.066,1.347,-1.594,0.005,0.028,-0.012,0.95,2.20,60.33,-0.0017,0.0057,-0.0149,771.5137,765.2781,774.7293,763.7178
6,1.081,3.008,2.20,0.863,1.373,1.065,1.350,-1.594,0.003,0.025,-0.011,0.94,2.22,60.33,-0.0022,0.0067,-0.0143,771.2120,765.6437,774.5657,763.8611
6,1.026,3.008,2.25,0.863,1.373,1.064,1.352,-1.594,0.002,0.024,-0.011,0.93,2.23,60.34,-0.0056,0.0034,-0.0146,771.5278,765.3460,775.2328,763.1917
6,0.970,3.006,2.30,0.863,1.373,1.063,1.356,-1.595,0.000,0.019,-0.011,0.91,2.24,60.34,-0.0049,0.0027,-0.0153,771.1962,765.6854,775.2817,763.0554
6,0.913,3.001,2.35,0.863,1.373,1.062,1.357,-1.595,-0.000,0.017,-0.011,0.90,2.25,60.33,-0.0040,0.0015,-0.0156,771.2217,765.6219,775.2343,762.8220
6,0.856,2.994,2.40,0.863,1.373,1.061,1.359,-1.596,-0.000,0.012,-0.011,0.89,2.25,60.33,-0.0016,0.0014,-0.0166,770.8151,766.0121,774.9335,762.8962
6,0.798,2.983,2.45,0.863,1.373,1.061,1.360,-1.596,-0.000,0.009,-0.011,0.89,2.25,60.33,0.0013,-0.0016,-0.0150,770.6915,766.0574,774.8668,762.6522
6,0.740,2.970,2.50,0.863,1.373,1.060,1.362,-1.597,-0.000,0.003,-0.010,0.89,2.25,60.33,0.0036,-0.0012,-0.0155,770.7429,765.9464,774.6750,762.7518
6,0.682,2.954,2.55,0.863,1.373,1.060,1.362,-1.597,0.000,-0.000,-0.010,0.91,2.24,60.32,0.0061,-0.0035,-0.0152,770.8339,765.8368,774.9899,762.3539
6,0.625,2.936,2.60,0.863,1.373,1.059,1.362,-1.597,0.001,-0.006,-0.009,0.92,2.23,60.32,0.0078,-0.0044,-0.0149,770.9336,765.8459,775.0246,762.2621
6,0.567,2.915,2.65,0.863,1.373,1.059,1.362,-1.598,0.001,-0.009,-0.009,0.95,2.21,60.31,0.0105,-0.0067,-0.0160,771.1219,765.6283,775.1593,762.0242
6,0.510,2.891,2.70,0.863,1.373,1.059,1.361,-1.599,0.003,-0.016,-0.008,0.98,2.19,60.31,0.0128,-0.0072,-0.0163,770.9716,765.7891,774.9301,761.9643
6,0.453,2.865,2.75,0.863,1.373,1.058,1.360,-1.599,0.003,-0.019,-0.008,1.01,2.17,60.30,0.0135,-0.0093,-0.0155,770.6618,766.1070,774.7469,761.9631
6,0.397,2.836,2.80,0.863,1.373,1.058,1.359,-1.600,0.004,-0.025,-0.007,1.05,2.15,60.30,0.0155,-0.0096,-0.0155,770.5950,766.0684,774.6051,761.8333
6,0.342,2.806,2.85,0.863,1.373,1.058,1.358,-1.601,0.005,-0.027,-0.007,1.10,2.12,60.29,0.0166,-0.0096,-0.0157,770.8159,765.7802,774.8224,761.4355
6,0.288,2.772,2.90,0.863,1.373,1.059,1.354,-1.602,0.007,-0.033,-0.005,1.14,2.09,60.29,0.0182,-0.0109,-0.0146,770.7003,765.9255,774.7614,761.4856
6,0.234,2.737,2.95,0.863,1.373,1.059,1.353,-1.602,0.007,-0.035,-0.005,1.20,2.06,60.29,0.0195,-0.0111,-0.0146,770.5176,766.1419,774.4229,761.7747
6,0.182,2.699,3.00,0.863,1.373,1.023,1.308,-1.617,-0.019,-0.021,0.011,1.64,1.51,60.31,-0.0075,-0.0030,-0.0147,770.1041,765.6499,775.2643,761.2635
6,0.131,2.660,3.05,0.863,1.373,1.023,1.308,-1.617,-0.019,-0.021,0.011,1.64,1.51,60.31,-0.0075,-0.0030,-0.0147,770.1041,765.6499,775.2643,761.2635
6,0.082,2.618,3.10,0.863,1.373,1.019,1.308,-1.617,-0.020,-0.018,0.011,1.62,1.50,60.31,-0.0062,-0.0011,-0.0141,770.2836,765.4794,775.2896,761.1833
6,0.034,2.575,3.15,0.863,1.373,1.017,1.309,-1.618,-0.021,-0.016,0.012,1.60,1.50,60.31,-0.0078,0.0004,-0.0140,769.8055,765.9270,775.2211,761.2408
6,-0.012,2.530,3.20,0.863,1.373,1.013,1.310,-1.618,-0.021,-0.014,0.012,1.58,1.51,60.31,-0.0091,0.0014,-0.0137,769.6138,766.1649,775.2296,761.2400
6,-0.056,2.483,3.25,0.863,1.373,1.011,1.311,-1.618,-0.021,-0.013,0.012,1.55,1.51,60.31,-0.0091,0.0030,-0.0152,769.5217,766.2479,775.3038,761.0790
6,-0.099,2.435,3.30,0.863,1.373,1.006,1.313,-1.619,-0.021,-0.011,0.013,1.52,1.52,60.31,-0.0098,0.0028,-0.0142,769.3447,766.5864,775.2458,761.1393
6,-0.139,2.385,3.35,0.863,1.373,1.004,1.313,-1.619,-0.021,-0.010,0.013,1.50,1.52,60.31,-0.0088,0.0030,-0.0148,769.2391,766.7548,774.9733,761.4285
6,-0.178,2.335,3.40,0.863,1.373,1.000,1.315,-1.619,-0.021,-0.010,0.014,1.47,1.53,60.31,-0.0085,0.0025,-0.0146,769.2518,766.9233,775.0621,761.3011
6,-0.214,2.283,3.45,0.863,1.373,0.998,1.316,-1.620,-0.021,-0.010,0.014,1.45,1.54,60.31,-0.0081,0.0025,-0.0153,769.3223,766.9387,775.2350,761.2408
6,-0.248,2.230,3.50,0.863,1.373,0.994,1.318,-1.620,-0.020,-0.011,0.015,1.43,1.54,60.30,-0.0068,0.0012,-0.0151,769.1301,767.2661,775.2515,761.2682
6,-0.280,2.176,3.55,0.863,1.373,0.993,1.319,-1.620,-0.020,-0.012,0.016,1.41,1.54,60.30,-0.0061,-0.0007,-0.0147,769.1436,767.5024,775.2351,761.4251
6,-0.310,2.121,3.60,0.863,1.373,0.990,1.320,-1.620,-0.019,-0.014,0.016,1.39,1.54,60.30,-0.0040,-0.0026,-0.0145,769.1839,767.9020,775.0168,761.9141
6,-0.336,2.066,3.65,0.863,1.373,0.988,1.321,-1.619,-0.018,-0.015,0.016,1.39,1.54,60.29,-0.0019,-0.0021,-0.0158,769.4557,767.8871,775.5942,761.5884
6,-0.361,2.010,3.70,0.863,1.373,0.986,1.323,-1.619,-0.017,-0.017,0.016,1.38,1.53,60.29,-0.0002,-0.0027,-0.0149,769.2178,768.2667,775.2795,761.9874
6,-0.382,1.954,3.75,0.863,1.373,0.985,1.323,-1.619,-0.016,-0.018,0.016,1.38,1.53,60.29,0.0020,-0.0025,-0.0143,769.3890,768.1522,775.3731,761.9053
6,-0.401,1.897,3.80,0.863,1.373,0.983,1.325,-1.619,-0.014,-0.020,0.016,1.39,1.52,60.28,0.0026,-0.0021,-0.0145,769.4119,768.3696,775.6644,761.7440
6,-0.418,1.841,3.85,0.863,1.373,0.983,1.326,-1.619,-0.013,-0.020,0.016,1.40,1.51,60.28,0.0044,-0.0012,-0.0138,769.7498,768.1940,775.7379,761.8311
6,-0.431,1.784,3.90,0.863,1.373,0.982,1.328,-1.618,-0.010,-0.023,0.016,1.41,1.51,60.28,0.0070,0.0003,-0.0134,769.4952,768.5454,775.8751,761.9059
6,-0.442,1.728,3.95,0.863,1.373,0.982,1.329,-1.618,-0.009,-0.024,0.016,1.43,1.50,60.28,0.0067,0.0001,-0.0138,769.4172,768.6782,775.4294,762.5770
6,-0.450,1.672,4.00,0.863,1.373,0.972,1.308,-1.601,-0.018,-0.052,-0.002,1.84,1.03,60.27,0.0091,-0.0104,-0.0129,769.8464,769.3333,776.0901,763.1112
6,-0.455,1.616,4.05,0.863,1.373,0.972,1.308,-1.601,-0.018,-0.052,-0.002,1.84,1.03,60.27,0.0091,-0.0104,-0.0129,769.8464,769.3333,776.0901,763.1112
6,-0.458,1.561,4.10,0.863,1.373,0.972,1.305,-1.599,-0.019,-0.050,-0.002,1.86,1.00,60.27,0.0080,-0.0082,-0.0109,769.6232,769.7441,776.0456,763.5471
6,-0.457,1.507,4.15,0.863,1.373,0.971,1.303,-1.598,-0.020,-0.048,-0.003,1.89,0.98,60.27,0.0075,-0.0067,-0.0124,769.5959,769.9480,776.0390,763.8556
6,-0.454,1.454,4.20,0.863,1.373,0.970,1.302,-1.597,-0.021,-0.048,-0.004,1.90,0.96,60.27,0.0049,-0.0057,-0.0124,769.3254,770.2776,775.9703,764.0687
6,-0.448,1.401,4.25,0.863,1.373,0.969,1.300,-1.596,-0.024,-0.046,-0.005,1.92,0.95,60.27,0.0050,-0.0065,-0.0122,769.4659,770.2490,775.7566,764.3704
6,-0.439,1.350,4.30,0.863,1.373,0.968,1.299,-1.595,-0.026,-0.045,-0.006,1.93,0.93,60.27,0.0031,-0.0054,-0.0121,769.3627,770.3504,775.7112,764.3802
6,-0.427,1.300,4.35,0.863,1.373,0.966,1.298,-1.595,-0.029,-0.043,-0.007,1.93,0.92,60.27,-0.0008,-0.0063,-0.0120,769.1229,770.2347,775.6184,764.1844
6,-0.412,1.251,4.40,0.863,1.373,0.964,1.297,-1.594,-0.031,-0.042,-0.008,1.93,0.90,60.28,-0.0017,-0.0057,-0.0123,768.8319,770.1348,775.0264,764.4592
6,-0.395,1.204,4.45,0.863,1.373,0.961,1.296,-1.594,-0.035,-0.040,-0.009,1.92,0.88,60.28,-0.0053,-0.0072,-0.0121,768.6597,770.0961,775.1279,764.0617
6,-0.375,1.158,4.50,0.863,1.373,0.959,1.296,-1.594,-0.038,-0.039,-0.009,1.91,0.86,60.28,-0.0064,-0.0078,-0.0124,768.5165,769.8893,774.7999,764.0964
6,-0.352,1.114,4.55,0.863,1.373,0.956,1.295,-1.594,-0.042,-0.038,-0.010,1.89,0.84,60.28,-0.0093,-0.0080,-0.0138,768.0084,769.9537,774.3721,764.0850
6,-0.327,1.072,4.60,0.863,1.373,0.954,1.294,-1.594,-0.044,-0.037,-0.010,1.86,0.82,60.28,-0.0114,-0.0092,-0.0126,767.7799,769.9153,774.3652,763.7021
6,-0.299,1.032,4.65,0.863,1.373,0.949,1.293,-1.595,-0.048,-0.035,-0.010,1.83,0.79,60.27,-0.0121,-0.0107,-0.0122,767.8341,769.7646,774.1688,763.7166
6,-0.269,0.993,4.70,0.863,1.373,0.947,1.293,-1.595,-0.050,-0.035,-0.010,1.80,0.76,60.27,-0.0128,-0.0094,-0.0126,767.4027,770.1508,773.7809,764.0882
6,-0.237,0.957,4.75,0.863,1.373,0.943,1.292,-1.595,-0.054,-0.034,-0.010,1.76,0.73,60.27,-0.0133,-0.0123,-0.0127,767.7098,769.7788,774.0430,763.7942
6,-0.202,0.923,4.80,0.863,1.373,0.940,1.291,-1.595,-0.055,-0.034,-0.010,1.72,0.70,60.27,-0.0141,-0.0123,-0.0125,767.5576,769.8804,774.0690,763.7456
6,-0.165,0.891,4.85,0.863,1.373,0.935,1.290,-1.595,-0.058,-0.033,-0.010,1.68,0.65,60.27,-0.0134,-0.0126,-0.0129,767.6047,769.8330,773.7869,763.9921
6,-0.125,0.862,4.90,0.863,1.373,0.933,1.289,-1.596,-0.060,-0.032,-0.010,1.65,0.62,60.27,-0.0137,-0.0138,-0.0121,767.5911,769.7389,773.9506,763.6904
6,-0.084,0.835,4.95,0.863,1.373,0.928,1.288,-1.596,-0.061,-0.031,-0.009,1.61,0.58,60.27,-0.0132,-0.0143,-0.0122,767.6472,769.5320,773.9116,763.6051
6,-0.041,0.810,5.00,0.863,1.373,0.860,1.272,-1.601,-0.036,-0.006,-0.002,1.23,0.01,60.20,-0.0037,-0.0034,-0.0093,768.0931,770.6835,773.2889,765.1857
6,0.004,0.788,5.05,0.863,1.373,0.860,1.272,-1.601,-0.036,-0.006,-0.002,1.23,0.01,60.20,-0.0037,-0.0034,-0.0093,768.0931,770.6835,773.2889,765.1857
6,0.051,0.769,5.10,0.863,1.373,0.857,1.273,-1.601,-0.033,-0.003,-0.002,1.22,0.01,60.20,-0.0034,-0.0006,-0.0085,767.9775,770.4812,773.4965,764.8964
6,0.100,0.752,5.15,0.863,1.373,0.856,1.274,-1.601,-0.032,-0.001,-0.002,1.21,0.01,60.20,-0.0034,0.0007,-0.0100,767.9454,770.3904,773.4537,765.0011
6,0.149,0.738,5.20,0.863,1.373,0.854,1.276,-1.601,-0.029,0.003,-0.002,1.20,0.01,60.20,-0.0026,0.0019,-0.0097,767.7667,770.4308,772.8958,765.5262
6,0.201,0.726,5.25,0.863,1.373,0.852,1.277,-1.601,-0.028,0.005,-0.002,1.20,0.02,60.20,-0.0025,0.0048,-0.0084,767.8654,770.1722,772.8339,765.5079
6,0.253,0.718,5.30,0.863,1.373,0.851,1.279,-1.602,-0.026,0.009,-0.003,1.19,0.03,60.20,-0.0029,0.0057,-0.0091,767.8008,770.0622,772.7292,765.4708
6,0.307,0.712,5.35,0.863,1.373,0.850,1.280,-1.602,-0.025,0.011,-0.003,1.18,0.05,60.20,-0.0029,0.0068,-0.0103,767.4645,769.9874,772.2910,765.5160
6,0.362,0.709,5.40,0.863,1.373,0.848,1.282,-1.603,-0.024,0.014,-0.003,1.17,0.07,60.20,-0.0044,0.0078,-0.0092,767.8054,769.5358,772.2894,765.3624
6,0.417,0.708,5.45,0.863,1.373,0.847,1.283,-1.603,-0.023,0.016,-0.002,1.16,0.09,60.20,-0.0044,0.0075,-0.0095,767.7468,769.3496,772.2352,765.2825
6,0.473,0.711,5.50,0.863,1.373,0.845,1.285,-1.604,-0.023,0.019,-0.002,1.14,0.11,60.20,-0.0053,0.0065,-0.0088,767.8586,769.2223,772.1478,765.1970
6,0.530,0.716,5.55,0.863,1.373,0.844,1.287,-1.604,-0.023,0.021,-0.002,1.13,0.13,60.20,-0.0064,0.0069,-0.0098,767.5618,769.5466,771.6910,765.6457
6,0.588,0.724,5.60,0.863,1.373,0.841,1.289,-1.604,-0.023,0.023,-0.001,1.10,0.15,60.20,-0.0083,0.0059,-0.0093,767.4414,769.6564,771.8491,765.5445
6,0.645,0.734,5.65,0.863,1.373,0.840,1.291,-1.604,-0.023,0.025,-0.000,1.08,0.17,60.20,-0.0078,0.0060,-0.0090,767.8612,769.3262,771.9109,765.6998
6,0.703,0.748,5.70,0.863,1.373,0.837,1.294,-1.605,-0.023,0.028,0.000,1.06,0.19,60.20,-0.0109,0.0062,-0.0095,767.8369,769.3607,771.9924,765.7889
6,0.761,0.764,5.75,0.863,1.373,0.835,1.296,-1.605,-0.023,0.029,0.000,1.03,0.20,60.20,-0.0124,0.0058,-0.0089,768.1371,769.3082,771.9576,765.9319
6,0.819,0.782,5.80,0.863,1.373,0.833,1.299,-1.605,-0.024,0.032,0.001,0.99,0.22,60.20,-0.0129,0.0049,-0.0096,768.0249,769.4348,771.7506,766.2667
6,0.876,0.804,5.85,0.863,1.373,0.831,1.301,-1.605,-0.024,0.033,0.001,0.96,0.23,60.20,-0.0134,0.0057,-0.0090,768.0077,769.4481,771.9464,765.9285
6,0.933,0.827,5.90,0.863,1.373,0.828,1.305,-1.606,-0.024,0.034,0.001,0.91,0.25,60.20,-0.0153,0.0051,-0.0088,767.7289,769.7285,771.7344,766.2016
6,0.990,0.854,5.95,0.863,1.373,0.827,1.306,-1.606,-0.024,0.035,0.002,0.87,0.27,60.20,-0.0153,0.0054,-0.0094,768.0178,769.4520,771.6013,766.4989
6,1.046,0.882,6.00,0.863,1.373,0.812,1.355,-1.603,-0.004,0.017,-0.001,0.52,0.42,60.15,-0.0054,0.0033,-0.0071,768.6193,769.6754,771.2401,767.2628
6,1.101,0.914,6.05,0.863,1.373,0.812,1.355,-1.603,-0.004,0.017,-0.001,0.52,0.42,60.15,-0.0054,0.0033,-0.0071,768.6193,769.6754,771.2401,767.2628
6,1.155,0.947,6.10,0.863,1.373,0.811,1.357,-1.602,-0.003,0.015,-0.001,0.50,0.42,60.15,-0.0043,0.0021,-0.0063,768.9092,769.5048,771.3745,767.2686
6,1.208,0.983,6.15,0.863,1.373,0.811,1.358,-1.602,-0.003,0.014,-0.001,0.49,0.43,60.15,-0.0057,0.0007,-0.0070,768.9241,769.5457,771.8087,767.0076
6,1.260,1.020,6.20,0.863,1.373,0.811,1.360,-1.602,-0.001,0.013,-0.001,0.47,0.43,60.15,-0.0041,-0.0002,-0.0073,769.1522,769.4451,772.0611,766.8143
6,1.311,1.060,6.25,0.863,1.373,0.810,1.361,-1.602,-0.001,0.012,-0.002,0.47,0.43,60.15,-0.0020,0.0008,-0.0068,769.2085,769.3171,771.6207,767.2197
6,1.360,1.102,6.30,0.863,1.373,0.809,1.363,-1.602,0.001,0.011,-0.002,0.46,0.43,60.15,-0.0018,-0.0003,-0.0073,769.2201,768.9510,771.6309,766.9219
6,1.408,1.145,6.35,0.863,1.373,0.809,1.363,-1.602,0.001,0.011,-0.002,0.46,0.43,60.14,0.0001,-0.0021,-0.0064,769.5651,768.4265,771.5144,766.8018
6,1.454,1.190,6.40,0.863,1.373,0.808,1.364,-1.602,0.003,0.010,-0.003,0.45,0.43,60.14,-0.0022,-0.0016,-0.0067,769.0390,768.6533,771.4785,766.6465
6,1.498,1.237,6.45,0.863,1.373,0.807,1.365,-1.603,0.003,0.010,-0.003,0.45,0.43,60.14,-0.0013,-0.0007,-0.0063,769.2070,768.2438,771.4240,766.5981
6,1.541,1.285,6.50,0.863,1.373,0.806,1.366,-1.603,0.005,0.010,-0.002,0.44,0.43,60.14,-0.0006,-0.0006,-0.0059,769.3652,768.1689,771.2633,766.7988
6,1.581,1.335,6.55,0.863,1.373,0.805,1.366,-1.603,0.005,0.011,-0.002,0.44,0.43,60.14,-0.0022,-0.0006,-0.0068,769.4066,767.9848,771.6951,766.2729
6,1.619,1.386,6.60,0.863,1.373,0.803,1.367,-1.604,0.007,0.011,-0.002,0.43,0.43,60.14,-0.0023,0.0000,-0.0068,769.3219,768.0225,771.4097,766.4363
6,1.656,1.438,6.65,0.863,1.373,0.803,1.368,-1.604,0.008,0.011,-0.002,0.43,0.43,60.14,-0.0015,0.0009,-0.0070,769.4341,767.8787,771.1125,766.4686
6,1.690,1.491,6.70,0.863,1.373,0.802,1.368,-1.604,0.010,0.012,-0.001,0.42,0.43,60.13,-0.0029,0.0002,-0.0071,769.5625,767.6745,771.3297,766.1955
6,1.721,1.545,6.75,0.863,1.373,0.802,1.369,-1.605,0.011,0.012,-0.001,0.41,0.44,60.13,-0.0036,0.0018,-0.0079,769.2522,767.9487,771.4457,765.9319
6,1.750,1.600,6.80,0.863,1.373,0.802,1.370,-1.606,0.013,0.013,-0.001,0.41,0.45,60.13,-0.0014,0.0028,-0.0072,769.6214,767.5352,771.3783,765.8943
6,1.777,1.655,6.85,0.863,1.373,0.802,1.370,-1.606,0.014,0.014,-0.000,0.40,0.45,60.13,-0.0022,0.0032,-0.0069,769.5914,767.6868,771.4535,765.8818
6,1.801,1.711,6.90,0.863,1.373,0.802,1.371,-1.606,0.016,0.015,0.000,0.40,0.47,60.13,0.0006,0.0050,-0.0056,769.9319,767.4061,771.3390,766.2035
6,1.822,1.767,6.95,0.863,1.373,0.803,1.372,-1.606,0.018,0.016,0.001,0.40,0.48,60.13,0.0005,0.0057,-0.0064,769.9070,767.5605,771.2522,766.3123
6,1.841,1.824,7.00,0.863,1.373,0.842,1.412,-1.616,0.027,0.015,0.010,0.43,1.15,60.12,0.0042,0.0019,-0.0050,770.2939,766.6063,770.9591,766.1702
6,1.857,1.880,7.05,0.863,1.373,0.842,1.412,-1.616,0.027,0.015,0.010,0.43,1.15,60.12,0.0042,0.0019,-0.0050,770.2939,766.6063,770.9591,766.1702
6,1.871,1.937,7.10,0.863,1.373,0.844,1.412,-1.616,0.026,0.014,0.010,0.44,1.16,60.12,0.0031,0.0025,-0.0059,770.4907,766.4410,770.9310,766.3774
6,1.881,1.993,7.15,0.863,1.373,0.847,1.413,-1.616,0.025,0.012,0.011,0.45,1.17,60.12,0.0043,-0.0001,-0.0053,770.7474,766.5139,771.1110,766.3300
6,1.889,2.049,7.20,0.863,1.373,0.848,1.413,-1.616,0.024,0.011,0.011,0.46,1.17,60.12,0.0033,-0.0012,-0.0068,770.5769,766.8578,771.5056,766.1556
6,1.894,2.105,7.25,0.863,1.373,0.850,1.412,-1.615,0.023,0.009,0.011,0.47,1.17,60.12,0.0037,-0.0006,-0.0061,771.2043,766.6736,771.6675,766.4003
6,1.896,2.160,7.30,0.863,1.373,0.850,1.412,-1.615,0.022,0.008,0.011,0.47,1.16,60.12,0.0029,-0.0014,-0.0065,771.5114,766.5255,771.9354,766.4448
6,1.895,2.214,7.35,0.863,1.373,0.851,1.412,-1.614,0.020,0.007,0.011,0.48,1.16,60.12,0.0028,-0.0021,-0.0060,771.6420,766.5479,772.2412,766.3209
6,1.892,2.267,7.40,0.863,1.373,0.852,1.411,-1.614,0.019,0.007,0.011,0.49,1.16,60.12,0.0010,-0.0020,-0.0053,771.6707,766.7042,772.3596,766.3011
6,1.885,2.319,7.45,0.863,1.373,0.852,1.411,-1.613,0.018,0.007,0.010,0.49,1.15,60.12,-0.0011,-0.0031,-0.0061,771.8350,766.7670,772.7940,766.1467
6,1.876,2.371,7.50,0.863,1.373,0.852,1.410,-1.613,0.018,0.007,0.010,0.49,1.15,60.12,-0.0007,-0.0012,-0.0060,771.8558,766.7963,772.4786,766.5479
6,1.864,2.421,7.55,0.863,1.373,0.853,1.409,-1.612,0.017,0.007,0.009,0.48,1.14,60.12,-0.0015,-0.0038,-0.0064,771.9929,766.6846,772.6049,766.3795
6,1.849,2.469,7.60,0.863,1.373,0.853,1.409,-1.612,0.017,0.007,0.009,0.48,1.14,60.12,-0.0005,-0.0024,-0.0062,771.8274,766.8333,772.5395,766.3031
6,1.832,2.516,7.65,0.863,1.373,0.854,1.407,-1.611,0.017,0.007,0.008,0.48,1.14,60.12,-0.0011,-0.0021,-0.0059,772.2084,766.6000,773.0353,765.8038
6,1.812,2.562,7.70,0.863,1.373,0.855,1.407,-1.610,0.017,0.008,0.008,0.47,1.13,60.12,0.0005,-0.0007,-0.0061,772.4148,766.4565,772.8760,766.0937
6,1.789,2.606,7.75,0.863,1.373,0.856,1.405,-1.609,0.018,0.009,0.007,0.47,1.13,60.12,0.0005,0.0004,-0.0054,772.3870,766.6195,773.0469,766.0266
6,1.763,2.648,7.80,0.863,1.373,0.857,1.405,-1.609,0.019,0.009,0.006,0.48,1.14,60.12,0.0026,0.0005,-0.0053,772.4031,766.5448,773.1710,765.8997
6,1.735,2.688,7.85,0.863,1.373,0.859,1.404,-1.608,0.020,0.010,0.005,0.48,1.15,60.11,0.0027,0.0022,-0.0065,772.3219,766.6568,773.4033,765.6738
6,1.705,2.726,7.90,0.863,1.373,0.860,1.403,-1.608,0.021,0.010,0.005,0.49,1.15,60.11,0.0044,0.0027,-0.0056,772.5280,766.3803,773.1532,765.8532
6,1.672,2.762,7.95,0.863,1.373,0.862,1.402,-1.607,0.022,0.011,0.004,0.51,1.17,60.12,0.0062,0.0035,-0.0060,772.5066,766.2703,773.0417,765.9234
6,1.637,2.796,8.00,0.863,1.373,0.893,1.418,-1.597,0.012,0.030,-0.007,0.61,1.74,60.12,-0.0025,0.0054,-0.0070,773.0790,765.8109,773.5510,765.3898
6,1.600,2.828,8.05,0.863,1.373,0.893,1.418,-1.597,0.012,0.030,-0.007,0.61,1.74,60.12,-0.0025,0.0054,-0.0070,773.0790,765.8109,773.5510,765.3898
6,1.560,2.857,8.10,0.863,1.373,0.893,1.419,-1.597,0.010,0.028,-0.008,0.60,1.76,60.12,-0.0032,0.0042,-0.0058,772.7216,766.0353,773.6055,765.2150
6,1.519,2.884,8.15,0.863,1.373,0.894,1.420,-1.597,0.010,0.028,-0.008,0.59,1.77,60.12,-0.0032,0.0028,-0.0049,772.9331,765.6113,773.7305,764.9521
6,1.476,2.908,8.20,0.863,1.373,0.895,1.421,-1.597,0.009,0.026,-0.009,0.58,1.78,60.13,-0.0032,0.0025,-0.0057,772.8126,765.4542,773.9636,764.6094
6,1.430,2.930,8.25,0.863,1.373,0.895,1.422,-1.597,0.009,0.026,-0.009,0.57,1.78,60.13,-0.0018,0.0027,-0.0060,772.5201,765.5984,773.6909,764.6840
6,1.383,2.949,8.30,0.863,1.373,0.896,1.423,-1.597,0.010,0.024,-0.009,0.57,1.79,60.13,-0.0018,0.0037,-0.0061,772.4344,765.4728,773.7839,764.5038
6,1.335,2.966,8.35,0.863,1.373,0.897,1.424,-1.597,0.010,0.023,-0.009,0.56,1.80,60.13,0.0004,0.0032,-0.0067,772.2731,765.5623,773.9325,764.2513
6,1.285,2.980,8.40,0.863,1.373,0.898,1.425,-1.597,0.011,0.021,-0.009,0.56,1.81,60.13,0.0007,0.0048,-0.0066,772.3741,765.4712,774.1899,763.9155
6,1.233,2.991,8.45,0.863,1.373,0.898,1.425,-1.597,0.012,0.021,-0.009,0.56,1.82,60.12,0.0015,0.0038,-0.0067,772.3801,765.5860,774.0062,764.1661
6,1.181,2.999,8.50,0.863,1.373,0.899,1.426,-1.596,0.013,0.019,-0.009,0.57,1.84,60.12,0.0035,0.0052,-0.0064,772.5585,765.7014,774.2681,763.9965
6,1.127,3.005,8.55,0.863,1.373,0.900,1.428,-1.596,0.015,0.017,-0.009,0.58,1.85,60.12,0.0041,0.0049,-0.0068,772.5822,765.8013,774.0928,764.2521
6,1.072,3.008,8.60,0.863,1.373,0.900,1.428,-1.595,0.015,0.017,-0.009,0.59,1.87,60.12,0.0046,0.0044,-0.0079,772.9122,765.7308,774.5421,763.9893
6,1.017,3.008,8.65,0.863,1.373,0.900,1.429,-1.595,0.016,0.016,-0.010,0.60,1.88,60.12,0.0051,0.0047,-0.0068,772.9464,766.0345,774.4490,764.2261
6,0.960,3.006,8.70,0.863,1.373,0.900,1.430,-1.594,0.017,0.015,-0.010,0.62,1.90,60.12,0.0048,0.0048,-0.0063,773.2122,766.1296,774.7300,764.2357
6,0.904,3.000,8.75,0.863,1.373,0.901,1.431,-1.593,0.018,0.014,-0.010,0.63,1.91,60.11,0.0040,0.0046,-0.0057,773.3992,766.1697,775.1011,764.2272
6,0.846,2.992,8.80,0.863,1.373,0.901,1.432,-1.592,0.019,0.012,-0.011,0.64,1.92,60.11,0.0036,0.0055,-0.0061,773.5452,766.3379,775.0974,764.4648
6,0.789,2.981,8.85,0.863,1.373,0.902,1.433,-1.591,0.020,0.011,-0.012,0.65,1.94,60.11,0.0046,0.0057,-0.0064,773.6603,766.4629,775.3104,764.4438
6,0.731,2.968,8.90,0.863,1.373,0.902,1.434,-1.589,0.021,0.010,-0.013,0.66,1.96,60.11,0.0045,0.0062,-0.0067,773.4258,766.9619,775.3663,764.5889
6,0.673,2.951,8.95,0.863,1.373,0.903,1.435,-1.589,0.022,0.009,-0.014,0.67,1.97,60.11,0.0048,0.0059,-0.0061,773.9536,766.4692,775.6783,764.3642
6,0.615,2.933,9.00,0.863,1.373,0.931,1.436,-1.583,0.025,-0.035,-0.023,1.15,2.14,60.13,0.0152,-0.0054,-0.0059,772.6031,765.6837,775.2643,762.9669
6,0.558,2.911,9.05,0.863,1.373,0.931,1.436,-1.583,0.025,-0.035,-0.023,1.15,2.14,60.13,0.0152,-0.0054,-0.0059,772.6031,765.6837,775.2643,762.9669
6,0.501,2.887,9.10,0.863,1.373,0.934,1.432,-1.583,0.025,-0.038,-0.024,1.18,2.13,60.13,0.0156,-0.0071,-0.0067,772.7679,765.4592,775.4708,762.7180
6,0.444,2.861,9.15,0.863,1.373,0.936,1.430,-1.583,0.025,-0.040,-0.024,1.22,2.11,60.13,0.0146,-0.0050,-0.0062,772.3906,765.6673,775.3882,762.6225
6,0.388,2.832,9.20,0.863,1.373,0.939,1.426,-1.584,0.024,-0.042,-0.024,1.25,2.10,60.13,0.0144,-0.0081,-0.0070,772.3972,765.4623,775.4315,762.2128
6,0.333,2.800,9.25,0.863,1.373,0.941,1.423,-1.584,0.024,-0.044,-0.024,1.30,2.07,60.13,0.0158,-0.0077,-0.0067,771.6505,765.8627,774.9557,762.2275
6,0.279,2.767,9.30,0.863,1.373,0.945,1.419,-1.586,0.023,-0.047,-0.024,1.33,2.06,60.13,0.0158,-0.0068,-0.0073,771.3577,765.5660,774.6650,762.0745
6,0.226,2.731,9.35,0.863,1.373,0.947,1.417,-1.586,0.023,-0.048,-0.023,1.38,2.03,60.13,0.0162,-0.0086,-0.0077,771.3404,765.1416,774.5166,761.7241
6,0.174,2.693,9.40,0.863,1.373,0.950,1.413,-1.588,0.021,-0.050,-0.023,1.41,2.01,60.13,0.0154,-0.0085,-0.0066,771.0145,764.9792,774.5269,761.1437
6,0.123,2.653,9.45,0.863,1.373,0.951,1.411,-1.589,0.021,-0.051,-0.022,1.47,1.99,60.13,0.0160,-0.0084,-0.0060,770.6281,764.7842,774.2557,760.8774
6,0.074,2.611,9.50,0.863,1.373,0.954,1.407,-1.592,0.019,-0.052,-0.021,1.50,1.97,60.13,0.0150,-0.0087,-0.0064,770.1732,764.6366,773.9419,760.6768
6,0.027,2.568,9.55,0.863,1.373,0.956,1.405,-1.593,0.018,-0.052,-0.020,1.55,1.94,60.14,0.0142,-0.0071,-0.0063,769.9575,764.5339,773.7550,760.4955
6,-0.019,2.523,9.60,0.863,1.373,0.958,1.402,-1.596,0.016,-0.052,-0.018,1.58,1.93,60.14,0.0138,-0.0061,-0.0065,769.8232,764.4388,773.5038,760.5310
6,-0.063,2.476,9.65,0.863,1.373,0.959,1.401,-1.597,0.015,-0.052,-0.016,1.62,1.90,60.14,0.0115,-0.0066,-0.0071,769.8110,764.3394,773.6461,760.2963
6,-0.106,2.427,9.70,0.863,1.373,0.961,1.399,-1.600,0.013,-0.051,-0.014,1.64,1.89,60.14,0.0100,-0.0045,-0.0073,769.4077,764.5717,773.2972,760.4055
6,-0.146,2.377,9.75,0.863,1.373,0.962,1.398,-1.601,0.011,-0.050,-0.012,1.67,1.88,60.14,0.0087,-0.0033,-0.0061,769.7479,764.2354,773.5437,760.1758
6,-0.184,2.326,9.80,0.863,1.373,0.963,1.396,-1.603,0.008,-0.049,-0.010,1.69,1.87,60.14,0.0066,-0.0029,-0.0062,769.2808,764.5601,773.3606,760.4696
6,-0.220,2.274,9.85,0.863,1.373,0.963,1.395,-1.604,0.007,-0.049,-0.008,1.71,1.86,60.15,0.0060,-0.0026,-0.0075,769.3156,764.7678,773.8419,760.1815
6,-0.254,2.221,9.90,0.863,1.373,0.964,1.394,-1.606,0.003,-0.047,-0.006,1.72,1.85,60.15,0.0029,-0.0019,-0.0069,769.4106,764.9195,773.7996,760.5563
6,-0.285,2.167,9.95,0.863,1.373,0.964,1.394,-1.607,0.002,-0.046,-0.004,1.73,1.85,60.15,0.0016,-0.0025,-0.0071,769.5887,764.9612,774.0494,760.5911
7,-5.064,-5.884,0.00,0.863,1.373,0.307,1.443,-1.611,-0.284,-0.326,-0.009,-7.10,-3.20,59.71,0.0543,-0.1272,-0.0132,768.1877,774.5236,752.2590,780.9157
7,-5.047,-5.995,0.05,0.863,1.373,0.307,1.443,-1.611,-0.284,-0.326,-0.009,-7.10,-3.20,59.71,0.0543,-0.1272,-0.0132,768.1877,774.5236,752.2590,780.9157
7,-5.025,-6.102,0.10,0.863,1.373,0.292,1.418,-1.610,-0.246,-0.350,-0.009,-6.95,-3.55,59.68,0.0606,-0.1230,-0.0132,767.5129,775.2960,751.5340,780.9072
7,-4.997,-6.205,0.15,0.863,1.373,0.286,1.405,-1.610,-0.228,-0.360,-0.009,-6.76,-3.91,59.65,0.0694,-0.1172,-0.0109,767.8091,775.1016,751.3879,780.2573
7,-4.963,-6.303,0.20,0.863,1.373,0.274,1.376,-1.611,-0.185,-0.380,-0.009,-6.56,-4.22,59.61,0.0743,-0.1141,-0.0101,767.7960,775.1817,751.1067,779.7822
7,-4.924,-6.395,0.25,0.863,1.373,0.270,1.362,-1.611,-0.167,-0.387,-0.010,-6.34,-4.54,59.58,0.0795,-0.1063,-0.0067,767.3046,775.6862,750.2671,779.9687
7,-4.880,-6.483,0.30,0.863,1.373,0.263,1.335,-1.611,-0.130,-0.397,-0.009,-6.12,-4.82,59.56,0.0826,-0.1004,-0.0044,766.9014,776.0156,749.9882,779.4864
7,-4.831,-6.565,0.35,0.863,1.373,0.260,1.322,-1.611,-0.112,-0.400,-0.009,-5.87,-5.11,59.53,0.0842,-0.0919,-0.0022,766.4518,776.3649,749.7855,779.1423
7,-4.777,-6.642,0.40,0.863,1.373,0.255,1.293,-1.612,-0.072,-0.404,-0.009,-5.64,-5.35,59.51,0.0853,-0.0851,-0.0008,766.5446,776.2020,749.4413,778.9840
7,-4.718,-6.713,0.45,0.863,1.373,0.254,1.280,-1.612,-0.056,-0.403,-0.008,-5.38,-5.59,59.49,0.0860,-0.0751,0.0020,766.1934,776.3314,749.0689,778.9489
7,-4.654,-6.778,0.50,0.863,1.373,0.253,1.254,-1.613,-0.022,-0.400,-0.008,-5.15,-5.79,59.48,0.0850,-0.0681,0.0053,765.8092,776.3713,748.8667,778.7969
7,-4.585,-6.837,0.55,0.863,1.373,0.254,1.242,-1.613,-0.007,-0.398,-0.007,-4.91,-5.98,59.47,0.0833,-0.0592,0.0065,765.2808,776.4164,748.7283,778.6616
7,-4.512,-6.890,0.60,0.863,1.373,0.257,1.215,-1.614,0.029,-0.388,-0.006,-4.68,-6.13,59.47,0.0828,-0.0523,0.0096,765.0541,776.1698,748.9507,778.2841
7,-4.434,-6.937,0.65,0.863,1.373,0.259,1.203,-1.614,0.044,-0.383,-0.005,-4.44,-6.27,59.49,0.0813,-0.0421,0.0120,764.2365,776.3120,748.5704,778.6403
7,-4.352,-6.978,0.70,0.863,1.373,0.266,1.181,-1.616,0.073,-0.370,-0.004,-4.23,-6.38,59.52,0.0797,-0.0344,0.0132,763.4311,775.8663,748.6157,778.5443
7,-4.266,-7.012,0.75,0.863,1.373,0.269,1.170,-1.616,0.087,-0.363,-0.003,-3.99,-6.47,59.57,0.0793,-0.0267,0.0147,762.7563,775.4586,748.5920,778.8078
7,-4.176,-7.039,0.80,0.863,1.373,0.278,1.149,-1.618,0.113,-0.347,-0.002,-3.79,-6.53,59.62,0.0768,-0.0206,0.0155,762.0378,774.9971,749.0565,778.8087
7,-4.083,-7.060,0.85,0.863,1.373,0.284,1.137,-1.619,0.128,-0.336,-0.000,-3.56,-6.58,59.68,0.0755,-0.0124,0.0164,761.2888,774.5587,749.0379,779.4688
7,-3.986,-7.075,0.90,0.863,1.373,0.295,1.119,-1.620,0.150,-0.317,0.002,-3.37,-6.61,59.74,0.0729,-0.0080,0.0170,760.6693,774.1162,749.7408,779.7801
7,-3.886,-7.083,0.95,0.863,1.373,0.301,1.111,-1.621,0.160,-0.308,0.003,-3.16,-6.63,59.81,0.0696,-0.0020,0.0155,760.1133,773.7075,750.3715,780.0037
7,-3.782,-7.084,1.00,0.863,1.373,0.533,0.977,-1.613,0.188,0.020,0.010,-1.09,-5.72,59.95,-0.0038,0.0096,-0.0036,759.4899,779.6337,751.4714,780.1405
7,-3.676,-7.079,1.05,0.863,1.373,0.533,0.977,-1.613,0.188,0.020,0.010,-1.09,-5.72,59.95,-0.0038,0.0096,-0.0036,759.4899,779.6337,751.4714,780.1405
7,-3.567,-7.067,1.10,0.863,1.373,0.538,0.978,-1.612,0.185,0.026,0.010,-1.10,-5.69,59.94,-0.0033,0.0105,-0.0040,759.2903,779.7885,751.4333,780.0094
7,-3.456,-7.048,1.15,0.863,1.373,0.548,0.980,-1.612,0.178,0.038,0.009,-1.10,-5.65,59.94,-0.0007,0.0112,-0.0023,759.2217,779.9008,751.3208,780.1447
7,-3.342,-7.023,1.20,0.863,1.373,0.552,0.981,-1.611,0.174,0.043,0.009,-1.10,-5.62,59.94,-0.0000,0.0124,-0.0008,759.3701,779.7115,750.9974,780.5197
7,-3.227,-6.991,1.25,0.863,1.373,0.561,0.984,-1.611,0.167,0.054,0.009,-1.10,-5.58,59.93,0.0011,0.0128,-0.0014,759.6148,779.3904,751.0509,780.5737
7,-3.109,-6.953,1.30,0.863,1.373,0.565,0.986,-1.610,0.163,0.059,0.008,-1.10,-5.54,59.93,-0.0003,0.0126,-0.0015,759.5670,779.4873,751.0997,780.6270
7,-2.991,-6.909,1.35,0.863,1.373,0.573,0.990,-1.609,0.153,0.071,0.008,-1.10,-5.51,59.93,-0.0026,0.0126,-0.0003,759.5085,779.5509,750.7427,781.0466
7,-2.871,-6.858,1.40,0.863,1.373,0.577,0.993,-1.609,0.148,0.076,0.007,-1.11,-5.46,59.94,-0.0054,0.0155,0.0002,759.6749,779.3138,750.7753,781.1753
7,-2.750,-6.801,1.45,0.863,1.373,0.584,0.997,-1.608,0.139,0.085,0.007,-1.13,-5.42,59.94,-0.0072,0.0140,0.0005,759.7178,779.1339,751.0003,781.1232
7,-2.628,-6.739,1.50,0.863,1.373,0.587,1.000,-1.608,0.134,0.090,0.006,-1.16,-5.38,59.95,-0.0106,0.0147,0.0011,759.5170,779.1462,750.6942,781.4976
7,-2.506,-6.670,1.55,0.863,1.373,0.594,1.007,-1.607,0.124,0.099,0.006,-1.19,-5.34,59.95,-0.0129,0.0142,0.0009,759.4595,779.0717,750.8192,781.5850
7,-2.384,-6.595,1.60,0.863,1.373,0.597,1.010,-1.607,0.119,0.103,0.006,-1.24,-5.30,59.96,-0.0164,0.0138,0.0006,759.7196,778.8171,750.8969,781.7516
7,-2.262,-6.515,1.65,0.863,1.373,0.603,1.016,-1.606,0.109,0.111,0.005,-1.28,-5.26,59.96,-0.0176,0.0125,0.0014,759.5901,778.9445,750.6951,781.9915
7,-2.140,-6.430,1.70,0.863,1.373,0.605,1.019,-1.606,0.105,0.114,0.004,-1.34,-5.22,59.96,-0.0193,0.0132,0.0009,759.6324,778.7522,750.8892,781.8832
7,-2.019,-6.339,1.75,0.863,1.373,0.610,1.027,-1.605,0.094,0.122,0.004,-1.39,-5.18,59.97,-0.0208,0.0129,0.0009,759.5720,778.6941,750.8182,781.8840
7,-1.898,-6.243,1.80,0.863,1.373,0.612,1.031,-1.605,0.090,0.125,0.003,-1.45,-5.15,59.97,-0.0214,0.0111,-0.0001,759.6674,778.4387,750.8640,781.9354
7,-1.779,-6.142,1.85,0.863,1.373,0.616,1.038,-1.605,0.081,0.130,0.003,-1.52,-5.11,59.98,-0.0225,0.0120,0.0006,759.3407,778.7178,750.6816,782.1759
7,-1.661,-6.037,1.90,0.863,1.373,0.617,1.042,-1.605,0.076,0.133,0.003,-1.59,-5.08,59.98,-0.0247,0.0111,0.0006,759.5604,778.3899,751.1224,781.8070
7,-1.544,-5.927,1.95,0.863,1.373,0.620,1.051,-1.604,0.067,0.138,0.002,-1.66,-5.05,59.99,-0.0267,0.0107,0.0007,759.3893,778.4807,750.6195,782.2667
7,-1.429,-5.813,2.00,0.863,1.373,0.627,1.198,-1.606,0.012,0.116,-0.002,-2.97,-4.60,59.98,-0.0179,-0.0018,-0.0008,759.0507,777.3519,749.0974,781.4531
7,-1.317,-5.695,2.05,0.863,1.373,0.627,1.198,-1.606,0.012,0.116,-0.002,-2.97,-4.60,59.98,-0.0179,-0.0018,-0.0008,759.0507,777.3519,749.0974,781.4531
7,-1.206,-5.573,2.10,0.863,1.373,0.626,1.201,-1.606,0.012,0.113,-0.002,-3.01,-4.61,59.98,-0.0150,-0.0043,-0.0005,759.0911,777.3219,748.9665,781.4996
7,-1.098,-5.448,2.15,0.863,1.373,0.625,1.208,-1.607,0.013,0.108,-0.001,-3.05,-4.62,59.98,-0.0106,-0.0068,-0.0003,759.5400,776.7068,749.2716,781.0902
7,-0.993,-5.319,2.20,0.863,1.373,0.624,1.211,-1.607,0.014,0.106,-0.001,-3.08,-4.64,59.99,-0.0097,-0.0068,0.0005,760.0152,776.2312,749.4357,780.9500
7,-0.891,-5.188,2.25,0.863,1.373,0.623,1.217,-1.607,0.017,0.103,0.000,-3.10,-4.66,59.99,-0.0068,-0.0065,-0.0000,760.3137,776.0135,749.7266,780.8116
7,-0.792,-5.054,2.30,0.863,1.373,0.623,1.219,-1.608,0.019,0.102,0.001,-3.11,-4.67,59.99,-0.0047,-0.0052,0.0007,760.8414,775.6399,749.7831,780.8925
7,-0.696,-4.917,2.35,0.863,1.373,0.623,1.225,-1.608,0.023,0.100,0.002,-3.12,-4.68,59.99,-0.0034,-0.0019,0.0000,760.7532,775.8430,749.7821,780.9653
7,-0.604,-4.779,2.40,0.863,1.373,0.624,1.227,-1.608,0.026,0.099,0.002,-3.13,-4.68,60.00,-0.0012,-0.0022,0.0004,761.4089,775.2144,750.1300,780.7073
7,-0.516,-4.638,2.45,0.863,1.373,0.625,1.231,-1.608,0.031,0.099,0.003,-3.13,-4.68,60.00,0.0007,0.0003,-0.0001,761.2094,775.3442,750.1532,780.7531
7,-0.431,-4.496,2.50,0.863,1.373,0.626,1.234,-1.609,0.034,0.099,0.003,-3.13,-4.67,60.00,0.0027,0.0042,0.0006,761.7148,774.8895,750.2634,780.6378
7,-0.351,-4.353,2.55,0.863,1.373,0.629,1.239,-1.609,0.041,0.100,0.004,-3.13,-4.65,60.00,0.0036,0.0079,0.0005,761.7589,774.7531,750.3546,780.5716
7,-0.275,-4.209,2.60,0.863,1.373,0.631,1.241,-1.609,0.044,0.101,0.004,-3.12,-4.62,60.01,0.0040,0.0106,0.0009,762.2800,774.3173,750.8808,780.1840
7,-0.203,-4.064,2.65,0.863,1.373,0.635,1.246,-1.609,0.051,0.102,0.005,-3.10,-4.59,60.01,0.0057,0.0145,0.0029,762.2305,774.4182,750.7320,780.5111
7,-0.136,-3.919,2.70,0.863,1.373,0.637,1.248,-1.609,0.054,0.104,0.006,-3.09,-4.54,60.01,0.0063,0.0168,0.0004,762.3727,774.2693,750.7743,780.8223
7,-0.074,-3.774,2.75,0.863,1.373,0.643,1.254,-1.609,0.061,0.106,0.007,-3.07,-4.49,60.01,0.0080,0.0203,0.0011,762.7860,774.0072,751.0784,780.7558
7,-0.017,-3.630,2.80,0.863,1.373,0.646,1.257,-1.609,0.065,0.108,0.007,-3.05,-4.43,60.02,0.0082,0.0227,0.0010,763.1136,774.0762,751.5500,780.7179
7,0.036,-3.485,2.85,0.863,1.373,0.652,1.263,-1.609,0.071,0.110,0.008,-3.02,-4.36,60.02,0.0093,0.0245,0.0004,763.2412,773.9940,751.2603,781.1847
7,0.083,-3.342,2.90,0.863,1.373,0.655,1.267,-1.608,0.073,0.112,0.008,-3.00,-4.29,60.02,0.0094,0.0266,0.0023,763.4518,774.1124,751.7712,780.9248
7,0.125,-3.200,2.95,0.863,1.373,0.663,1.274,-1.608,0.079,0.115,0.008,-2.98,-4.20,60.02,0.0100,0.0289,0.0016,763.3986,774.3768,751.6917,781.4485
7,0.162,-3.060,3.00,0.863,1.373,0.771,1.399,-1.597,0.056,0.075,-0.003,-2.88,-2.64,60.04,-0.0050,0.0027,0.0016,764.5666,772.9655,752.9231,781.5275
7,0.193,-2.921,3.05,0.863,1.373,0.771,1.399,-1.597,0.056,0.075,-0.003,-2.88,-2.64,60.04,-0.0050,0.0027,0.0016,764.5666,772.9655,752.9231,781.5275
7,0.219,-2.784,3.10,0.863,1.373,0.773,1.401,-1.597,0.053,0.071,-0.003,-2.89,-2.64,60.03,-0.0044,-0.0000,0.0005,764.9226,772.3990,753.5247,780.8754
7,0.240,-2.650,3.15,0.863,1.373,0.777,1.404,-1.597,0.051,0.066,-0.003,-2.90,-2.65,60.03,-0.0026,-0.0050,-0.0001,765.5784,771.9044,753.9612,780.2867
7,0.255,-2.518,3.20,0.863,1.373,0.778,1.406,-1.597,0.051,0.064,-0.003,-2.91,-2.66,60.02,-0.0022,-0.0041,0.0011,765.3445,772.2034,754.0707,780.0286
7,0.264,-2.389,3.25,0.863,1.373,0.782,1.409,-1.598,0.051,0.060,-0.003,-2.91,-2.68,60.01,0.0010,-0.0039,-0.0002,766.0185,771.4020,754.2151,779.5170
7,0.268,-2.263,3.30,0.863,1.373,0.784,1.410,-1.598,0.051,0.058,-0.003,-2.91,-2.68,59.99,0.0026,-0.0018,0.0017,766.1959,771.2150,754.5871,778.7003
7,0.266,-2.141,3.35,0.863,1.373,0.788,1.412,-1.599,0.053,0.056,-0.002,-2.90,-2.69,59.97,0.0032,-0.0008,0.0014,766.5679,770.7537,754.7085,778.2703
7,0.259,-2.022,3.40,0.863,1.373,0.790,1.413,-1.600,0.054,0.056,-0.002,-2.89,-2.68,59.95,0.0056,0.0021,0.0018,766.5540,770.8513,754.2664,778.4139
7,0.246,-1.908,3.45,0.863,1.373,0.795,1.415,-1.601,0.058,0.055,-0.001,-2.87,-2.67,59.93,0.0061,0.0038,0.0015,767.2616,770.4478,754.9901,777.4918
7,0.227,-1.797,3.50,0.863,1.373,0.798,1.417,-1.601,0.060,0.056,-0.000,-2.84,-2.65,59.91,0.0092,0.0091,0.0025,767.2294,770.8115,754.4946,777.8015
7,0.203,-1.691,3.55,0.863,1.373,0.803,1.420,-1.602,0.064,0.057,0.001,-2.82,-2.62,59.88,0.0088,0.0118,0.0033,767.7660,770.7066,754.9954,777.2657
7,0.174,-1.590,3.60,0.863,1.373,0.806,1.422,-1.602,0.066,0.058,0.002,-2.79,-2.58,59.86,0.0093,0.0165,0.0054,768.0485,770.7700,754.9546,777.1991
7,0.139,-1.493,3.65,0.863,1.373,0.811,1.426,-1.602,0.070,0.061,0.003,-2.77,-2.53,59.85,0.0099,0.0206,0.0055,768.5175,770.6618,755.6056,776.8076
7,0.099,-1.402,3.70,0.863,1.373,0.815,1.429,-1.602,0.073,0.062,0.003,-2.74,-2.46,59.84,0.0105,0.0234,0.0064,768.6311,770.8924,755.7709,776.8693
7,0.054,-1.315,3.75,0.863,1.373,0.821,1.433,-1.603,0.077,0.065,0.004,-2.71,-2.39,59.84,0.0103,0.0265,0.0076,768.8947,770.7090,756.0726,776.7781
7,0.003,-1.235,3.80,0.863,1.373,0.824,1.436,-1.603,0.079,0.067,0.004,-2.68,-2.31,59.84,0.0101,0.0285,0.0072,768.8879,770.7396,756.1696,777.0729
7,-0.052,-1.159,3.85,0.863,1.373,0.830,1.441,-1.602,0.083,0.069,0.005,-2.65,-2.22,59.84,0.0102,0.0316,0.0083,769.0320,770.7208,756.7194,777.0070
7,-0.113,-1.090,3.90,0.863,1.373,0.833,1.444,-1.602,0.085,0.071,0.005,-2.62,-2.13,59.84,0.0094,0.0323,0.0110,769.0961,770.7276,757.1537,777.1732
7,-0.178,-1.026,3.95,0.863,1.373,0.838,1.450,-1.601,0.088,0.072,0.005,-2.59,-2.04,59.85,0.0092,0.0330,0.0106,768.9180,770.7025,757.4932,777.4221
7,-0.248,-0.968,4.00,0.863,1.373,0.929,1.506,-1.605,0.075,0.019,0.004,-1.97,-0.75,59.95,0.0107,0.0080,0.0074,768.3350,768.3052,759.8350,776.2955
7,-0.322,-0.917,4.05,0.863,1.373,0.929,1.506,-1.605,0.075,0.019,0.004,-1.97,-0.75,59.95,0.0107,0.0080,0.0074,768.3350,768.3052,759.8350,776.2955
7,-0.401,-0.872,4.10,0.863,1.373,0.934,1.507,-1.607,0.071,0.014,0.005,-1.94,-0.73,59.95,0.0078,0.0069,0.0077,768.2094,768.0634,759.5997,776.1895
7,-0.484,-0.833,4.15,0.863,1.373,0.937,1.508,-1.607,0.069,0.012,0.005,-1.92,-0.71,59.95,0.0060,0.0059,0.0061,768.0557,767.6954,759.7482,775.5288
7,-0.571,-0.800,4.20,0.863,1.373,0.941,1.509,-1.609,0.066,0.007,0.006,-1.91,-0.70,59.95,0.0024,0.0047,0.0061,767.8823,767.7042,760.0576,774.8099
7,-0.661,-0.774,4.25,0.863,1.373,0.943,1.509,-1.610,0.065,0.005,0.007,-1.90,-0.69,59.95,0.0016,0.0034,0.0058,767.8381,767.6442,760.2705,774.3602
7,-0.756,-0.755,4.30,0.863,1.373,0.948,1.510,-1.612,0.063,-0.001,0.008,-1.89,-0.68,59.95,0.0038,0.0015,0.0057,767.4429,767.9332,760.3648,774.2102
7,-0.854,-0.742,4.35,0.863,1.373,0.950,1.510,-1.612,0.063,-0.004,0.009,-1.88,-0.68,59.95,0.0031,0.0026,0.0057,767.4172,767.8859,760.6898,773.7717
7,-0.955,-0.736,4.40,0.863,1.373,0.954,1.509,-1.614,0.063,-0.010,0.010,-1.86,-0.67,59.95,0.0068,-0.0002,0.0068,767.4228,767.8561,760.9957,773.4969
7,-1.059,-0.736,4.45,0.863,1.373,0.957,1.509,-1.614,0.063,-0.012,0.011,-1.84,-0.67,59.96,0.0090,0.0003,0.0060,767.0875,768.3143,761.1394,773.5758
7,-1.166,-0.743,4.50,0.863,1.373,0.962,1.508,-1.615,0.065,-0.019,0.013,-1.80,-0.67,59.96,0.0130,0.0001,0.0055,767.1973,768.3434,761.4190,773.5344
7,-1.275,-0.757,4.55,0.863,1.373,0.966,1.507,-1.616,0.066,-0.024,0.015,-1.76,-0.66,59.96,0.0168,0.0012,0.0061,767.3622,768.4497,761.5838,773.6670
7,-1.387,-0.777,4.60,0.863,1.373,0.969,1.507,-1.616,0.067,-0.027,0.015,-1.71,-0.66,59.96,0.0189,0.0014,0.0054,767.5840,768.4585,762.3725,773.3540
7,-1.501,-0.804,4.65,0.863,1.373,0.971,1.506,-1.616,0.068,-0.029,0.016,-1.67,-0.66,59.96,0.0206,0.0015,0.0044,767.6385,768.7244,762.3355,773.6217
7,-1.617,-0.837,4.70,0.863,1.373,0.977,1.504,-1.617,0.070,-0.035,0.017,-1.59,-0.65,59.96,0.0233,0.0020,0.0054,767.9198,768.8734,763.0952,773.2131
7,-1.735,-0.876,4.75,0.863,1.373,0.979,1.504,-1.617,0.071,-0.037,0.017,-1.54,-0.65,59.97,0.0233,0.0020,0.0055,768.1921,768.9504,763.1407,773.5755
7,-1.854,-0.922,4.80,0.863,1.373,0.985,1.502,-1.616,0.072,-0.041,0.018,-1.45,-0.64,59.97,0.0258,0.0015,0.0047,768.0713,769.2738,763.6074,773.4211
7,-1.974,-0.975,4.85,0.863,1.373,0.991,1.500,-1.616,0.074,-0.045,0.018,-1.37,-0.63,59.97,0.0264,0.0030,0.0054,768.3422,769.4253,763.6318,773.8720
7,-2.095,-1.033,4.90,0.863,1.373,0.994,1.499,-1.615,0.074,-0.046,0.018,-1.30,-0.63,59.97,0.0266,0.0039,0.0047,768.8234,769.2419,764.3284,773.5229
7,-2.217,-1.097,4.95,0.863,1.373,0.999,1.497,-1.614,0.075,-0.049,0.017,-1.22,-0.61,59.97,0.0261,0.0052,0.0051,768.6486,769.6183,764.2880,773.8190
7,-2.339,-1.167,5.00,0.863,1.373,1.065,1.455,-1.603,0.014,-0.048,0.002,-0.20,-0.40,60.05,0.0017,0.0007,0.0016,768.5524,769.5704,766.4521,772.3707
7,-2.461,-1.243,5.05,0.863,1.373,1.065,1.455,-1.603,0.014,-0.048,0.002,-0.20,-0.40,60.05,0.0017,0.0007,0.0016,768.5524,769.5704,766.4521,772.3707
7,-2.583,-1.325,5.10,0.863,1.373,1.066,1.452,-1.603,0.009,-0.048,0.002,-0.19,-0.40,60.05,0.0015,0.0006,0.0008,768.3549,769.6471,766.2527,772.4994
7,-2.705,-1.412,5.15,0.863,1.373,1.066,1.450,-1.603,0.006,-0.049,0.002,-0.19,-0.40,60.05,0.0025,-0.0009,-0.0002,768.0067,769.8552,766.1268,772.5776
7,-2.826,-1.504,5.20,0.863,1.373,1.066,1.445,-1.603,0.000,-0.050,0.001,-0.18,-0.40,60.05,0.0025,-0.0017,-0.0002,767.8188,770.1053,765.7892,772.9191
7,-2.946,-1.601,5.25,0.863,1.373,1.066,1.443,-1.603,-0.004,-0.051,0.001,-0.17,-0.41,60.05,0.0028,-0.0052,-0.0007,768.0248,770.1229,765.9024,772.9245
7,-3.065,-1.703,5.30,0.863,1.373,1.065,1.438,-1.602,-0.010,-0.053,0.001,-0.17,-0.43,60.06,0.0021,-0.0076,-0.0003,767.7919,770.3275,765.8358,772.9435
7,-3.183,-1.810,5.35,0.863,1.373,1.065,1.436,-1.602,-0.013,-0.054,0.001,-0.17,-0.45,60.06,-0.0001,-0.0111,-0.0001,767.2429,770.7678,765.8411,772.7908
7,-3.299,-1.920,5.40,0.863,1.373,1.063,1.431,-1.603,-0.020,-0.057,0.000,-0.17,-0.48,60.05,0.0010,-0.0124,-0.0012,767.2892,770.6136,765.3957,773.0315
7,-3.414,-2.036,5.45,0.863,1.373,1.062,1.428,-1.603,-0.024,-0.059,0.000,-0.17,-0.52,60.05,-0.0016,-0.0160,-0.0018,767.1818,770.8240,765.5554,772.7428
7,-3.526,-2.155,5.50,0.863,1.373,1.059,1.422,-1.603,-0.031,-0.063,0.000,-0.17,-0.57,60.05,-0.0015,-0.0172,-0.0004,766.6377,771.2704,765.1257,773.1238
7,-3.636,-2.277,5.55,0.863,1.373,1.058,1.419,-1.603,-0.034,-0.064,0.000,-0.18,-0.62,60.05,-0.0028,-0.0214,-0.0013,766.7502,771.0986,765.5433,772.6132
7,-3.743,-2.403,5.60,0.863,1.373,1.054,1.414,-1.603,-0.040,-0.068,0.000,-0.19,-0.68,60.05,-0.0034,-0.0225,-0.0022,766.5964,771.4194,765.3495,772.8243
7,-3.847,-2.532,5.65,0.863,1.373,1.052,1.410,-1.603,-0.044,-0.070,0.000,-0.20,-0.75,60.04,-0.0021,-0.0241,-0.0017,766.8288,771.3413,765.6581,772.3992
7,-3.949,-2.665,5.70,0.863,1.373,1.048,1.403,-1.603,-0.049,-0.073,0.000,-0.20,-0.82,60.04,-0.0038,-0.0265,-0.0019,766.7181,771.6053,765.3048,772.8032
7,-4.047,-2.799,5.75,0.863,1.373,1.046,1.400,-1.603,-0.052,-0.075,-0.000,-0.21,-0.90,60.04,-0.0039,-0.0284,-0.0014,766.6666,771.6287,765.5079,772.5921
7,-4.142,-2.936,5.80,0.863,1.373,1.042,1.394,-1.603,-0.057,-0.077,-0.000,-0.22,-0.97,60.04,-0.0042,-0.0293,-0.0024,766.7940,771.6433,765.8843,772.3387
7,-4.233,-3.075,5.85,0.863,1.373,1.039,1.390,-1.602,-0.059,-0.079,-0.000,-0.24,-1.06,60.03,-0.0038,-0.0286,-0.0015,766.7825,772.0967,765.7046,772.6130
7,-4.321,-3.216,5.90,0.863,1.373,1.034,1.384,-1.601,-0.062,-0.080,-0.000,-0.25,-1.14,60.03,-0.0032,-0.0283,-0.0017,766.6678,772.5226,765.7709,772.8694
7,-4.404,-3.358,5.95,0.863,1.373,1.032,1.381,-1.601,-0.063,-0.081,-0.001,-0.25,-1.22,60.03,-0.0041,-0.0276,-0.0021,766.5907,772.7272,766.0524,772.8145
7,-4.483,-3.502,6.00,0.863,1.373,1.007,1.317,-1.596,-0.037,-0.034,-0.005,0.23,-1.78,60.00,0.0021,0.0033,0.0002,765.9057,774.5070,766.8021,772.9508
7,-4.558,-3.646,6.05,0.863,1.373,1.007,1.317,-1.596,-0.037,-0.034,-0.005,0.23,-1.78,60.00,0.0021,0.0033,0.0002,765.9057,774.5070,766.8021,772.9508
7,-4.629,-3.791,6.10,0.863,1.373,1.005,1.317,-1.596,-0.038,-0.032,-0.005,0.23,-1.77,60.00,-0.0017,0.0023,0.0004,765.7228,774.5593,766.7002,773.0410
7,-4.694,-3.936,6.15,0.863,1.373,1.001,1.316,-1.595,-0.041,-0.031,-0.006,0.22,-1.76,60.00,-0.0047,0.0037,-0.0009,765.0887,775.0302,766.2593,773.3816
7,-4.755,-4.081,6.20,0.863,1.373,0.999,1.315,-1.595,-0.043,-0.030,-0.007,0.21,-1.75,60.01,-0.0070,0.0012,0.0005,764.8863,775.2021,766.0406,773.5545
7,-4.812,-4.225,6.25,0.863,1.373,0.993,1.313,-1.594,-0.048,-0.031,-0.008,0.19,-1.75,60.01,-0.0086,-0.0015,-0.0005,764.3929,775.5756,765.4485,774.1423
7,-4.863,-4.369,6.30,0.863,1.373,0.991,1.312,-1.593,-0.051,-0.032,-0.009,0.17,-1.76,60.01,-0.0099,-0.0052,0.0008,764.0828,775.7521,765.5886,773.8753
7,-4.909,-4.512,6.35,0.863,1.373,0.986,1.309,-1.593,-0.056,-0.035,-0.010,0.14,-1.78,60.01,-0.0099,-0.0114,-0.0005,763.4259,776.1783,765.1432,774.1155
7,-4.949,-4.654,6.40,0.863,1.373,0.983,1.308,-1.593,-0.058,-0.037,-0.011,0.11,-1.82,60.01,-0.0109,-0.0159,-0.0003,763.3204,776.0654,764.9570,774.0360
7,-4.985,-4.794,6.45,0.863,1.373,0.977,1.305,-1.593,-0.063,-0.042,-0.012,0.08,-1.87,60.01,-0.0095,-0.0195,0.0001,762.9408,776.2151,764.5667,774.0729
7,-5.015,-4.933,6.50,0.863,1.373,0.975,1.303,-1.593,-0.066,-0.044,-0.012,0.05,-1.92,60.01,-0.0092,-0.0220,0.0003,762.7106,776.1965,764.4106,774.0145
7,-5.040,-5.069,6.55,0.863,1.373,0.969,1.299,-1.592,-0.070,-0.049,-0.013,0.02,-2.00,60.01,-0.0075,-0.0266,-0.0007,762.4938,776.3784,763.9539,774.4696
7,-5.059,-5.203,6.60,0.863,1.373,0.966,1.297,-1.592,-0.072,-0.052,-0.014,0.00,-2.07,60.00,-0.0072,-0.0282,-0.0008,762.3773,776.6082,763.9533,774.3838
7,-5.072,-5.334,6.65,0.863,1.373,0.960,1.292,-1.592,-0.077,-0.058,-0.014,-0.02,-2.16,60.00,-0.0059,-0.0313,-0.0020,762.5277,776.5565,763.8262,774.4456
7,-5.080,-5.462,6.70,0.863,1.373,0.957,1.290,-1.591,-0.078,-0.060,-0.015,-0.03,-2.24,60.00,-0.0044,-0.0318,-0.0000,762.1663,776.9190,763.5447,774.4743
7,-5.083,-5.587,6.75,0.863,1.373,0.951,1.285,-1.591,-0.082,-0.065,-0.015,-0.05,-2.34,60.00,-0.0043,-0.0345,-0.0005,762.2705,776.6769,763.6711,774.2898
7,-5.080,-5.708,6.80,0.863,1.373,0.949,1.283,-1.591,-0.083,-0.068,-0.016,-0.06,-2.43,59.99,-0.0035,-0.0357,-0.0012,762.0734,777.0239,763.4078,774.5614
7,-5.071,-5.826,6.85,0.863,1.373,0.942,1.277,-1.591,-0.086,-0.072,-0.017,-0.07,-2.54,59.99,-0.0036,-0.0366,-0.0008,761.8868,777.2744,763.0573,774.7999
7,-5.057,-5.939,6.90,0.863,1.373,0.940,1.274,-1.591,-0.087,-0.074,-0.017,-0.08,-2.64,59.99,-0.0021,-0.0369,-0.0006,762.0773,777.0042,763.2079,774.4336
7,-5.037,-6.049,6.95,0.863,1.373,0.934,1.268,-1.591,-0.089,-0.077,-0.017,-0.09,-2.74,59.99,-0.0017,-0.0369,-0.0004,761.5755,777.2726,762.8832,774.6279
7,-5.012,-6.154,7.00,0.863,1.373,0.840,1.203,-1.590,-0.061,-0.021,-0.020,-0.37,-4.14,59.97,-0.0055,-0.0015,-0.0008,759.8581,778.0736,760.7615,774.8964
7,-4.981,-6.254,7.05,0.863,1.373,0.840,1.203,-1.590,-0.061,-0.021,-0.020,-0.37,-4.14,59.97,-0.0055,-0.0015,-0.0008,759.8581,778.0736,760.7615,774.8964
7,-4.945,-6.349,7.10,0.863,1.373,0.838,1.204,-1.590,-0.059,-0.019,-0.020,-0.38,-4.14,59.97,-0.0045,0.0024,-0.0001,759.4556,778.5333,760.1858,775.3667
7,-4.903,-6.439,7.15,0.863,1.373,0.835,1.205,-1.590,-0.056,-0.014,-0.019,-0.39,-4.13,59.97,-0.0036,0.0055,-0.0001,759.4039,778.6316,759.6274,775.9637
7,-4.857,-6.524,7.20,0.863,1.373,0.833,1.205,-1.590,-0.055,-0.011,-0.019,-0.40,-4.12,59.97,-0.0029,0.0059,0.0000,759.4200,778.5599,759.5570,775.9564
7,-4.805,-6.604,7.25,0.863,1.373,0.830,1.207,-1.591,-0.053,-0.007,-0.019,-0.41,-4.10,59.97,-0.0033,0.0062,0.0006,759.0095,778.7806,758.9893,776.3118
7,-4.748,-6.678,7.30,0.863,1.373,0.828,1.208,-1.591,-0.053,-0.006,-0.019,-0.42,-4.08,59.97,-0.0035,0.0060,-0.0010,759.1091,778.5411,758.7130,776.3978
7,-4.687,-6.746,7.35,0.863,1.373,0.825,1.209,-1.591,-0.053,-0.003,-0.019,-0.43,-4.07,59.97,-0.0037,0.0044,0.0005,758.8610,778.7423,758.3013,776.7178
7,-4.620,-6.808,7.40,0.863,1.373,0.824,1.210,-1.591,-0.054,-0.003,-0.019,-0.45,-4.06,59.96,-0.0052,0.0024,0.0004,758.6581,778.9407,758.1497,776.7501
7,-4.549,-6.864,7.45,0.863,1.373,0.821,1.212,-1.592,-0.055,-0.001,-0.019,-0.46,-4.06,59.96,-0.0057,0.0002,-0.0003,758.5980,778.8317,757.6971,777.0359
7,-4.474,-6.914,7.50,0.863,1.373,0.820,1.213,-1.592,-0.056,-0.001,-0.019,-0.48,-4.06,59.96,-0.0070,-0.0006,-0.0002,758.2551,778.9431,757.3391,777.0568
7,-4.394,-6.958,7.55,0.863,1.373,0.816,1.214,-1.593,-0.058,-0.000,-0.019,-0.51,-4.07,59.96,-0.0085,-0.0030,0.0002,758.0864,779.0028,756.6411,777.3691
7,-4.310,-6.995,7.60,0.863,1.373,0.814,1.215,-1.593,-0.060,-0.000,-0.019,-0.53,-4.09,59.96,-0.0100,-0.0053,-0.0008,758.0690,778.8719,756.6287,777.1533
7,-4.222,-7.026,7.65,0.863,1.373,0.811,1.217,-1.594,-0.064,-0.000,-0.019,-0.56,-4.11,59.95,-0.0111,-0.0065,-0.0021,757.8546,779.0946,756.2368,777.2141
7,-4.131,-7.050,7.70,0.863,1.373,0.808,1.218,-1.595,-0.066,-0.001,-0.018,-0.60,-4.13,59.95,-0.0135,-0.0094,-0.0008,758.1668,778.7031,756.1072,777.0301
7,-4.035,-7.068,7.75,0.863,1.373,0.804,1.219,-1.595,-0.070,-0.001,-0.018,-0.64,-4.16,59.95,-0.0141,-0.0117,-0.0002,757.8041,779.0154,755.6530,777.3878
7,-3.937,-7.080,7.80,0.863,1.373,0.801,1.219,-1.596,-0.072,-0.002,-0.018,-0.68,-4.20,59.95,-0.0160,-0.0138,-0.0009,757.6836,778.9145,755.4692,777.3926
7,-3.835,-7.084,7.85,0.863,1.373,0.797,1.220,-1.597,-0.075,-0.003,-0.017,-0.73,-4.24,59.95,-0.0180,-0.0154,-0.0008,757.6159,778.8984,755.5768,777.2190
7,-3.730,-7.082,7.90,0.863,1.373,0.794,1.220,-1.597,-0.077,-0.004,-0.017,-0.78,-4.29,59.94,-0.0173,-0.0178,-0.0011,757.5237,778.9628,755.1126,777.5945
7,-3.622,-7.073,7.95,0.863,1.373,0.790,1.220,-1.598,-0.080,-0.005,-0.016,-0.83,-4.34,59.94,-0.0162,-0.0196,-0.0012,757.7242,778.6683,755.1589,777.2319
7,-3.512,-7.058,8.00,0.863,1.373,0.699,1.229,-1.608,-0.048,0.008,-0.004,-1.83,-5.29,59.93,-0.0033,-0.0025,0.0001,757.8975,779.4132,753.1482,778.8342
7,-3.400,-7.036,8.05,0.863,1.373,0.699,1.229,-1.608,-0.048,0.008,-0.004,-1.83,-5.29,59.93,-0.0033,-0.0025,0.0001,757.8975,779.4132,753.1482,778.8342
7,-3.285,-7.008,8.10,0.863,1.373,0.698,1.229,-1.608,-0.046,0.009,-0.004,-1.84,-5.29,59.93,-0.0020,-0.0022,-0.0012,757.6334,779.6028,753.0062,778.8114
7,-3.169,-6.973,8.15,0.863,1.373,0.696,1.230,-1.609,-0.040,0.010,-0.003,-1.84,-5.30,59.93,0.0009,-0.0023,0.0000,757.6301,779.5080,752.4734,779.0720
7,-3.051,-6.932,8.20,0.863,1.373,0.695,1.230,-1.609,-0.038,0.011,-0.003,-1.84,-5.31,59.93,0.0027,-0.0022,-0.0001,757.8305,779.1255,752.2443,779.1448
7,-2.932,-6.885,8.25,0.863,1.373,0.693,1.231,-1.609,-0.034,0.014,-0.003,-1.83,-5.32,59.93,0.0028,-0.0015,-0.0011,758.1092,778.7792,752.0758,779.2352
7,-2.811,-6.831,8.30,0.863,1.373,0.692,1.232,-1.610,-0.033,0.015,-0.002,-1.82,-5.32,59.93,0.0022,-0.0023,-0.0006,758.1176,778.7927,751.6366,779.6478
7,-2.690,-6.771,8.35,0.863,1.373,0.690,1.233,-1.610,-0.029,0.019,-0.002,-1.82,-5.33,59.93,0.0021,-0.0003,0.0001,758.5631,778.4417,751.8907,779.4213
7,-2.568,-6.705,8.40,0.863,1.373,0.689,1.234,-1.610,-0.029,0.021,-0.001,-1.82,-5.33,59.93,0.0002,0.0006,0.0001,758.4503,778.5052,751.6212,779.7139
7,-2.446,-6.634,8.45,0.863,1.373,0.687,1.236,-1.610,-0.027,0.025,-0.001,-1.82,-5.32,59.93,-0.0028,0.0020,0.0013,758.6958,778.4265,751.4818,780.0968
7,-2.324,-6.556,8.50,0.863,1.373,0.686,1.237,-1.610,-0.027,0.027,-0.001,-1.83,-5.32,59.93,-0.0057,0.0020,0.0016,759.0224,778.1826,751.4318,780.2175
7,-2.202,-6.473,8.55,0.863,1.373,0.684,1.239,-1.610,-0.026,0.033,-0.000,-1.85,-5.31,59.94,-0.0085,0.0025,-0.0002,758.8983,778.2036,751.4119,780.3512
7,-2.080,-6.385,8.60,0.863,1.373,0.683,1.239,-1.610,-0.026,0.035,-0.000,-1.88,-5.30,59.94,-0.0100,0.0023,0.0012,759.0881,778.1022,751.3370,780.3846
7,-1.959,-6.292,8.65,0.863,1.373,0.680,1.241,-1.610,-0.026,0.039,-0.000,-1.91,-5.29,59.94,-0.0131,0.0030,0.0008,758.9470,778.2123,751.0138,780.7745
7,-1.839,-6.194,8.70,0.863,1.373,0.679,1.242,-1.610,-0.025,0.041,0.000,-1.95,-5.29,59.94,-0.0152,0.0025,0.0015,759.0048,778.2245,751.2070,780.7343
7,-1.720,-6.090,8.75,0.863,1.373,0.677,1.244,-1.610,-0.025,0.046,0.000,-2.00,-5.28,59.94,-0.0160,0.0033,0.0013,759.1299,778.1970,750.9684,781.1241
7,-1.603,-5.983,8.80,0.863,1.373,0.676,1.245,-1.609,-0.025,0.047,0.000,-2.04,-5.27,59.94,-0.0160,0.0044,0.0004,759.4500,778.0042,751.3966,780.8153
7,-1.487,-5.871,8.85,0.863,1.373,0.675,1.247,-1.609,-0.024,0.051,0.000,-2.09,-5.26,59.95,-0.0164,0.0027,0.0005,759.4182,778.2574,751.4042,781.1016
7,-1.373,-5.755,8.90,0.863,1.373,0.673,1.248,-1.608,-0.024,0.052,-0.000,-2.14,-5.25,59.95,-0.0163,0.0029,0.0000,759.7827,777.9641,751.6041,780.9750
7,-1.262,-5.635,8.95,0.863,1.373,0.670,1.250,-1.608,-0.023,0.056,-0.000,-2.18,-5.24,59.95,-0.0162,0.0030,0.0009,759.8187,777.9888,751.4732,781.0884
7,-1.153,-5.511,9.00,0.863,1.373,0.649,1.316,-1.613,0.031,0.069,0.006,-3.01,-4.84,59.95,-0.0009,0.0079,-0.0003,760.2748,776.8718,749.7207,781.3094
7,-1.046,-5.384,9.05,0.863,1.373,0.649,1.316,-1.613,0.031,0.069,0.006,-3.01,-4.84,59.95,-0.0009,0.0079,-0.0003,760.2748,776.8718,749.7207,781.3094
7,-0.942,-5.254,9.10,0.863,1.373,0.650,1.318,-1.613,0.033,0.067,0.006,-3.01,-4.82,59.95,0.0010,0.0066,0.0004,760.1151,777.1439,749.5746,781.5287
7,-0.841,-5.122,9.15,0.863,1.373,0.653,1.322,-1.613,0.038,0.066,0.007,-3.00,-4.81,59.95,0.0038,0.0038,0.0008,760.9978,776.2695,749.9593,781.0984
7,-0.744,-4.986,9.20,0.863,1.373,0.654,1.323,-1.613,0.041,0.066,0.007,-2.99,-4.80,59.95,0.0055,0.0034,0.0007,761.0856,776.1167,750.0573,781.0546
7,-0.650,-4.849,9.25,0.863,1.373,0.657,1.327,-1.613,0.045,0.067,0.007,-2.97,-4.78,59.95,0.0064,0.0050,0.0011,761.5835,775.6909,750.1602,781.0565
7,-0.560,-4.709,9.30,0.863,1.373,0.659,1.329,-1.613,0.048,0.068,0.008,-2.95,-4.77,59.96,0.0081,0.0077,0.0017,762.0834,775.1774,750.5391,780.7733
7,-0.473,-4.568,9.35,0.863,1.373,0.664,1.333,-1.613,0.053,0.071,0.008,-2.93,-4.74,59.96,0.0080,0.0104,0.0014,762.4379,774.9449,750.7717,780.7140
7,-0.391,-4.426,9.40,0.863,1.373,0.666,1.335,-1.613,0.055,0.073,0.008,-2.91,-4.70,59.96,0.0060,0.0138,0.0013,762.4355,774.9756,750.8051,780.8066
7,-0.313,-4.282,9.45,0.863,1.373,0.671,1.340,-1.612,0.060,0.077,0.009,-2.89,-4.66,59.96,0.0062,0.0168,0.0017,762.7657,774.7216,750.8108,780.8104
7,-0.239,-4.138,9.50,0.863,1.373,0.673,1.342,-1.612,0.062,0.079,0.009,-2.88,-4.61,59.97,0.0058,0.0196,0.0019,762.9896,774.4573,750.9532,780.7469
7,-0.170,-3.993,9.55,0.863,1.373,0.680,1.348,-1.612,0.067,0.085,0.009,-2.86,-4.54,59.97,0.0043,0.0226,0.0019,762.8176,774.4681,750.9151,780.7156
7,-0.105,-3.848,9.60,0.863,1.373,0.682,1.350,-1.613,0.069,0.087,0.009,-2.85,-4.47,59.98,0.0043,0.0259,0.0030,763.0734,774.0627,750.8845,780.8170
7,-0.045,-3.703,9.65,0.863,1.373,0.688,1.356,-1.613,0.073,0.092,0.010,-2.84,-4.39,59.98,0.0023,0.0271,0.0025,763.1302,773.8663,751.2301,780.6349
7,0.010,-3.558,9.70,0.863,1.373,0.691,1.359,-1.613,0.075,0.095,0.010,-2.84,-4.31,59.99,0.0017,0.0310,0.0024,763.2204,773.7545,751.3137,780.6882
7,0.060,-3.414,9.75,0.863,1.373,0.697,1.367,-1.613,0.078,0.101,0.011,-2.83,-4.21,59.99,0.0012,0.0317,0.0039,763.6774,773.2027,751.4949,780.5499
7,0.104,-3.272,9.80,0.863,1.373,0.700,1.370,-1.613,0.080,0.103,0.011,-2.83,-4.12,60.00,-0.0007,0.0347,0.0032,763.7976,772.9869,751.9236,780.3704
7,0.144,-3.130,9.85,0.863,1.373,0.705,1.377,-1.613,0.082,0.108,0.011,-2.83,-4.02,60.00,-0.0019,0.0351,0.0039,763.4984,773.1124,751.4827,780.8722
7,0.178,-2.991,9.90,0.863,1.373,0.708,1.381,-1.613,0.082,0.109,0.011,-2.84,-3.92,60.01,-0.0026,0.0359,0.0041,763.7253,772.6399,751.8684,780.5653
7,0.207,-2.853,9.95,0.863,1.373,0.714,1.389,-1.614,0.084,0.113,0.012,-2.85,-3.82,60.01,-0.0037,0.0346,0.0041,763.2787,772.9229,751.6186,780.7601
8,-1.286,4.062,0.00,0.863,1.373,1.498,1.713,-1.601,0.297,-0.203,0.000,7.02,-0.75,119.29,-0.0314,-0.0887,0.0160,768.8413,781.4218,768.7617,756.8409
8,-1.446,3.883,0.05,0.863,1.373,1.498,1.713,-1.601,0.297,-0.203,0.000,7.02,-0.75,119.29,-0.0314,-0.0887,0.0160,768.8413,781.4218,768.7617,756.8409
8,-1.598,3.713,0.10,0.863,1.373,1.514,1.694,-1.601,0.250,-0.231,0.001,6.91,-1.01,119.29,-0.0418,-0.0831,0.0218,767.8604,781.3678,769.3438,757.3022
8,-1.743,3.553,0.15,0.863,1.373,1.520,1.685,-1.601,0.229,-0.242,0.002,6.78,-1.24,119.31,-0.0513,-0.0788,0.0248,766.8814,781.1995,769.2760,758.5334
8,-1.880,3.402,0.20,0.863,1.373,1.529,1.667,-1.601,0.187,-0.262,0.002,6.62,-1.48,119.34,-0.0595,-0.0741,0.0295,765.9872,780.5557,770.1339,759.0002
8,-2.009,3.261,0.25,0.863,1.373,1.533,1.657,-1.601,0.166,-0.271,0.003,6.45,-1.68,119.38,-0.0657,-0.0697,0.0308,765.3360,779.5978,770.6456,759.8686
8,-2.129,3.131,0.30,0.863,1.373,1.538,1.635,-1.601,0.120,-0.288,0.003,6.24,-1.89,119.43,-0.0724,-0.0640,0.0327,764.0355,779.0956,771.4559,760.5152
8,-2.240,3.011,0.35,0.863,1.373,1.539,1.625,-1.601,0.100,-0.294,0.004,6.03,-2.07,119.49,-0.0780,-0.0595,0.0344,762.7216,778.8753,772.0110,761.3696
8,-2.342,2.902,0.40,0.863,1.373,1.539,1.605,-1.600,0.062,-0.303,0.004,5.80,-2.24,119.55,-0.0817,-0.0525,0.0351,762.2207,777.7393,772.4016,762.5397
8,-2.434,2.805,0.45,0.863,1.373,1.538,1.594,-1.600,0.043,-0.307,0.004,5.57,-2.38,119.60,-0.0840,-0.0474,0.0334,761.1192,777.4713,773.4652,762.9343
8,-2.517,2.719,0.50,0.863,1.373,1.534,1.571,-1.599,0.004,-0.313,0.005,5.32,-2.52,119.66,-0.0846,-0.0412,0.0335,760.3651,777.0464,774.0564,763.7698
8,-2.590,2.645,0.55,0.863,1.373,1.532,1.561,-1.599,-0.013,-0.314,0.005,5.08,-2.64,119.72,-0.0867,-0.0358,0.0312,759.9528,776.6267,774.7856,764.2993
8,-2.652,2.583,0.60,0.863,1.373,1.525,1.541,-1.598,-0.044,-0.314,0.005,4.82,-2.75,119.77,-0.0855,-0.0312,0.0291,759.4439,776.4894,774.9825,765.2436
8,-2.704,2.534,0.65,0.863,1.373,1.521,1.531,-1.598,-0.059,-0.313,0.005,4.59,-2.83,119.82,-0.0845,-0.0248,0.0268,759.2123,776.1678,775.3127,765.7469
8,-2.746,2.496,0.70,0.863,1.373,1.511,1.509,-1.597,-0.089,-0.310,0.005,4.34,-2.91,119.86,-0.0820,-0.0205,0.0254,758.6532,776.1318,775.6766,765.9500
8,-2.777,2.471,0.75,0.863,1.373,1.506,1.500,-1.597,-0.101,-0.307,0.004,4.12,-2.96,119.90,-0.0791,-0.0172,0.0217,758.1133,776.2080,775.6344,766.2869
8,-2.798,2.459,0.80,0.863,1.373,1.495,1.481,-1.596,-0.124,-0.300,0.004,3.88,-3.01,119.94,-0.0755,-0.0137,0.0191,757.8632,776.1930,775.6564,766.4103
8,-2.807,2.459,0.85,0.863,1.373,1.489,1.472,-1.596,-0.134,-0.296,0.004,3.67,-3.05,119.96,-0.0719,-0.0098,0.0162,757.7565,776.2037,775.6243,766.4775
8,-2.806,2.472,0.90,0.863,1.373,1.476,1.453,-1.596,-0.154,-0.286,0.003,3.46,-3.08,119.99,-0.0674,-0.0078,0.0141,757.5048,776.5182,775.2761,766.6948
8,-2.794,2.497,0.95,0.863,1.373,1.469,1.445,-1.596,-0.162,-0.280,0.003,3.28,-3.09,120.01,-0.0640,-0.0033,0.0120,757.5743,776.4779,775.2775,766.4711
8,-2.772,2.534,1.00,0.863,1.373,1.255,1.266,-1.599,-0.192,-0.062,0.000,1.54,-2.79,119.93,-0.0023,0.0113,-0.0017,759.0883,778.7622,769.2707,764.8265
8,-2.739,2.584,1.05,0.863,1.373,1.255,1.266,-1.599,-0.192,-0.062,0.000,1.54,-2.79,119.93,-0.0023,0.0113,-0.0017,759.0883,778.7622,769.2707,764.8265
8,-2.695,2.646,1.10,0.863,1.373,1.249,1.264,-1.599,-0.189,-0.055,0.001,1.53,-2.76,119.93,-0.0023,0.0114,-0.0001,758.9736,778.8101,769.3746,764.8077
8,-2.641,2.721,1.15,0.863,1.373,1.238,1.262,-1.600,-0.184,-0.046,0.001,1.53,-2.72,119.92,0.0020,0.0130,-0.0007,758.8698,778.8412,768.7309,765.3887
8,-2.576,2.806,1.20,0.863,1.373,1.233,1.260,-1.601,-0.182,-0.041,0.002,1.53,-2.69,119.92,0.0023,0.0122,-0.0010,759.0272,778.6809,768.9131,765.2587
8,-2.502,2.904,1.25,0.863,1.373,1.223,1.258,-1.601,-0.178,-0.035,0.002,1.55,-2.64,119.92,0.0047,0.0141,0.0017,758.9191,778.8444,768.2217,766.2172
8,-2.417,3.013,1.30,0.863,1.373,1.217,1.257,-1.601,-0.176,-0.031,0.003,1.56,-2.61,119.93,0.0039,0.0117,0.0012,759.2754,778.6123,768.3624,766.4839
8,-2.323,3.133,1.35,0.863,1.373,1.207,1.255,-1.601,-0.172,-0.026,0.004,1.57,-2.57,119.93,0.0033,0.0100,0.0014,759.5441,778.4587,768.3348,766.9023
8,-2.219,3.264,1.40,0.863,1.373,1.203,1.255,-1.601,-0.171,-0.025,0.004,1.57,-2.55,119.93,0.0015,0.0085,0.0016,759.7495,778.4829,768.4471,767.2499
8,-2.106,3.405,1.45,0.863,1.373,1.193,1.253,-1.601,-0.168,-0.022,0.004,1.57,-2.52,119.94,-0.0018,0.0075,0.0020,759.7234,778.7065,768.1308,767.9044
8,-1.984,3.556,1.50,0.863,1.373,1.188,1.252,-1.600,-0.166,-0.020,0.004,1.56,-2.50,119.94,-0.0033,0.0064,0.0009,759.5170,779.1669,768.1293,768.3301
8,-1.854,3.716,1.55,0.863,1.373,1.178,1.251,-1.599,-0.164,-0.019,0.004,1.55,-2.49,119.95,-0.0044,0.0031,0.0018,760.2522,778.7402,768.4374,768.5688
8,-1.715,3.886,1.60,0.863,1.373,1.173,1.251,-1.599,-0.163,-0.018,0.004,1.53,-2.48,119.95,-0.0068,0.0042,0.0020,760.0847,779.1107,768.3584,769.1055
8,-1.569,4.065,1.65,0.863,1.373,1.164,1.250,-1.597,-0.162,-0.018,0.003,1.50,-2.47,119.96,-0.0096,0.0017,0.0023,760.5010,778.8773,768.6607,769.3364
8,-1.415,4.252,1.70,0.863,1.373,1.158,1.249,-1.597,-0.161,-0.017,0.003,1.48,-2.46,119.96,-0.0106,0.0032,0.0015,760.2874,779.2580,768.2858,770.0579
8,-1.254,4.447,1.75,0.863,1.373,1.149,1.248,-1.596,-0.159,-0.017,0.001,1.44,-2.46,119.97,-0.0135,0.0020,0.0025,760.6947,778.7928,768.6879,769.8466
8,-1.086,4.649,1.80,0.863,1.373,1.144,1.247,-1.596,-0.159,-0.017,0.001,1.40,-2.45,119.98,-0.0149,0.0010,0.0018,760.2104,779.0781,768.4973,770.0160
8,-0.913,4.857,1.85,0.863,1.373,1.135,1.246,-1.595,-0.157,-0.018,-0.000,1.35,-2.45,119.98,-0.0156,-0.0002,0.0024,759.9943,779.1090,768.0713,770.4564
8,-0.733,5.072,1.90,0.863,1.373,1.130,1.245,-1.595,-0.156,-0.019,-0.001,1.31,-2.45,119.99,-0.0169,-0.0015,0.0018,760.0606,778.7815,768.1662,770.1677
8,-0.548,5.293,1.95,0.863,1.373,1.121,1.243,-1.595,-0.153,-0.020,-0.002,1.25,-2.46,119.99,-0.0166,-0.0030,0.0001,760.2036,778.3396,767.9647,770.0810
8,-0.359,5.518,2.00,0.863,1.373,0.991,1.216,-1.601,-0.091,0.002,0.003,0.32,-2.71,119.99,-0.0032,-0.0015,0.0009,761.0475,777.9858,766.5654,771.1880
8,-0.165,5.748,2.05,0.863,1.373,0.991,1.216,-1.601,-0.091,0.002,0.003,0.32,-2.71,119.99,-0.0032,-0.0015,0.0009,761.0475,777.9858,766.5654,771.1880
8,0.033,5.982,2.10,0.863,1.373,0.985,1.217,-1.599,-0.085,0.006,0.002,0.31,-2.71,119.99,-0.0033,0.0017,0.0004,761.1288,778.3046,766.7551,771.4291
8,0.234,6.219,2.15,0.863,1.373,0.983,1.218,-1.599,-0.082,0.009,0.002,0.30,-2.70,119.99,-0.0054,0.0006,0.0008,761.1988,778.5620,767.4219,771.1469
8,0.437,6.459,2.20,0.863,1.373,0.978,1.220,-1.597,-0.074,0.014,0.000,0.29,-2.70,119.99,-0.0047,0.0024,0.0001,760.5601,779.3530,767.2082,771.5107
8,0.643,6.700,2.25,0.863,1.373,0.976,1.221,-1.597,-0.070,0.017,-0.000,0.27,-2.69,119.99,-0.0047,0.0043,0.0002,760.8171,779.2964,768.1010,770.6913
8,0.850,6.943,2.30,0.863,1.373,0.971,1.223,-1.595,-0.060,0.024,-0.002,0.26,-2.68,119.99,-0.0027,0.0038,0.0002,760.3402,779.6970,768.0657,770.7726
8,1.059,7.186,2.35,0.863,1.373,0.969,1.225,-1.595,-0.054,0.027,-0.003,0.26,-2.67,119.99,0.0010,0.0048,-0.0003,760.0060,780.0359,768.4602,770.2841
8,1.267,7.430,2.40,0.863,1.373,0.965,1.228,-1.594,-0.044,0.034,-0.004,0.27,-2.66,119.99,0.0047,0.0056,-0.0012,759.7838,780.0919,768.3402,770.1129
8,1.476,7.673,2.45,0.863,1.373,0.963,1.231,-1.594,-0.038,0.038,-0.005,0.29,-2.64,120.00,0.0075,0.0050,0.0006,759.5140,780.2000,768.6731,769.5288
8,1.685,7.914,2.50,0.863,1.373,0.959,1.236,-1.593,-0.025,0.046,-0.006,0.32,-2.63,120.00,0.0127,0.0074,-0.0006,759.3409,780.1582,768.7639,769.3392
8,1.892,8.154,2.55,0.863,1.373,0.958,1.238,-1.593,-0.019,0.050,-0.007,0.36,-2.61,120.00,0.0162,0.0072,-0.0011,759.1854,780.1925,768.9607,768.9709
8,2.097,8.391,2.60,0.863,1.373,0.956,1.244,-1.592,-0.006,0.058,-0.008,0.42,-2.59,120.00,0.0224,0.0079,-0.0005,758.9077,780.2747,768.8529,768.8312
8,2.300,8.625,2.65,0.863,1.373,0.956,1.247,-1.592,0.001,0.062,-0.008,0.49,-2.56,120.00,0.0262,0.0096,-0.0001,758.9005,780.1461,768.8423,768.7202
8,2.501,8.855,2.70,0.863,1.373,0.956,1.254,-1.592,0.016,0.070,-0.009,0.58,-2.54,120.00,0.0317,0.0092,-0.0002,758.7344,780.1896,769.4067,768.1904
8,2.698,9.081,2.75,0.863,1.373,0.957,1.258,-1.592,0.023,0.074,-0.009,0.67,-2.52,120.00,0.0356,0.0086,-0.0013,758.4052,780.4769,769.6343,767.9968
8,2.891,9.302,2.80,0.863,1.373,0.959,1.265,-1.591,0.036,0.081,-0.010,0.79,-2.49,120.00,0.0420,0.0076,-0.0008,758.4357,780.6520,769.3587,768.1914
8,3.080,9.517,2.85,0.863,1.373,0.960,1.269,-1.591,0.042,0.084,-0.011,0.90,-2.47,120.00,0.0431,0.0081,-0.0007,758.7196,780.4816,769.5850,767.9176
8,3.264,9.726,2.90,0.863,1.373,0.964,1.278,-1.590,0.056,0.091,-0.012,1.04,-2.45,120.00,0.0478,0.0074,-0.0012,758.6113,780.7534,769.6825,767.9644
8,3.443,9.928,2.95,0.863,1.373,0.966,1.282,-1.590,0.062,0.094,-0.012,1.18,-2.43,120.00,0.0510,0.0074,-0.0018,758.5199,780.9473,769.9214,767.7232
8,3.616,10.123,3.00,0.863,1.373,1.059,1.410,-1.595,0.077,0.060,-0.013,3.54,-2.15,119.95,0.0136,-0.0082,-0.0012,757.7184,780.5563,770.5164,764.1702
8,3.783,10.311,3.05,0.863,1.373,1.059,1.410,-1.595,0.077,0.060,-0.013,3.54,-2.15,119.95,0.0136,-0.0082,-0.0012,757.7184,780.5563,770.5164,764.1702
8,3.943,10.490,3.10,0.863,1.373,1.064,1.411,-1.596,0.072,0.053,-0.013,3.57,-2.17,119.94,0.0095,-0.0099,-0.0005,757.7985,780.5113,770.7527,763.8235
8,4.096,10.660,3.15,0.863,1.373,1.068,1.412,-1.596,0.070,0.049,-0.013,3.58,-2.20,119.93,-0.0012,-0.0114,-0.0006,757.2577,781.1541,771.4142,763.0759
8,4.242,10.821,3.20,0.863,1.373,1.073,1.413,-1.596,0.069,0.043,-0.013,3.58,-2.23,119.92,-0.0054,-0.0127,-0.0003,756.5051,781.9601,771.8741,762.5145
8,4.379,10.973,3.25,0.863,1.373,1.076,1.413,-1.596,0.069,0.041,-0.013,3.56,-2.27,119.91,-0.0068,-0.0157,0.0005,755.8552,782.6205,772.5001,761.6414
8,4.508,11.114,3.30,0.863,1.373,1.082,1.413,-1.597,0.071,0.038,-0.014,3.54,-2.31,119.90,-0.0059,-0.0169,0.0016,755.4061,782.8519,772.8789,760.8749
8,4.629,11.245,3.35,0.863,1.373,1.085,1.413,-1.598,0.074,0.037,-0.014,3.53,-2.37,119.90,-0.0015,-0.0186,0.0018,754.9517,782.9998,773.2150,760.2225
8,4.741,11.366,3.40,0.863,1.373,1.091,1.414,-1.599,0.079,0.038,-0.014,3.53,-2.41,119.90,0.0018,-0.0179,0.0007,754.2257,783.4822,773.9469,759.1696
8,4.843,11.475,3.45,0.863,1.373,1.094,1.414,-1.599,0.083,0.039,-0.014,3.56,-2.47,119.89,0.0133,-0.0183,0.0012,754.1804,783.4171,774.0259,758.8784
8,4.936,11.573,3.50,0.863,1.373,1.101,1.416,-1.600,0.090,0.042,-0.014,3.60,-2.51,119.89,0.0171,-0.0172,0.0014,753.8518,783.6312,774.4296,758.2769
8,5.019,11.660,3.55,0.863,1.373,1.106,1.417,-1.601,0.096,0.045,-0.014,3.67,-2.56,119.89,0.0282,-0.0144,0.0009,753.5709,783.8100,774.7833,757.6730
8,5.093,11.734,3.60,0.863,1.373,1.114,1.421,-1.602,0.104,0.052,-0.014,3.75,-2.60,119.89,0.0354,-0.0137,0.0012,753.6492,783.7522,775.3491,757.0104
8,5.156,11.797,3.65,0.863,1.373,1.118,1.423,-1.602,0.109,0.056,-0.014,3.89,-2.64,119.89,0.0455,-0.0096,0.0009,753.2934,784.0692,775.5408,756.8656
8,5.209,11.847,3.70,0.863,1.373,1.127,1.427,-1.602,0.117,0.064,-0.014,3.99,-2.66,119.90,0.0501,-0.0071,0.0007,753.4025,784.0504,775.8896,756.5844
8,5.251,11.886,3.75,0.863,1.373,1.132,1.430,-1.603,0.122,0.069,-0.014,4.18,-2.68,119.90,0.0588,-0.0038,0.0002,753.6839,783.9922,776.3663,756.1728
8,5.283,11.911,3.80,0.863,1.373,1.141,1.436,-1.603,0.129,0.078,-0.014,4.32,-2.69,119.90,0.0604,-0.0005,0.0016,753.2585,784.5276,776.3771,756.1260
8,5.304,11.924,3.85,0.863,1.373,1.146,1.439,-1.603,0.132,0.082,-0.014,4.53,-2.69,119.90,0.0653,0.0022,0.0001,753.2453,784.5320,776.8865,755.8904
8,5.314,11.925,3.90,0.863,1.373,1.155,1.445,-1.603,0.137,0.091,-0.015,4.68,-2.68,119.91,0.0671,0.0038,-0.0001,753.2565,784.4435,776.8990,755.7759
8,5.314,11.913,3.95,0.863,1.373,1.161,1.450,-1.603,0.140,0.096,-0.015,4.91,-2.66,119.91,0.0683,0.0079,-0.0007,753.0837,784.6025,777.0663,755.3905
8,5.303,11.889,4.00,0.863,1.373,1.275,1.585,-1.623,0.039,0.091,-0.004,7.78,-1.74,120.08,0.0119,0.0108,-0.0099,749.7005,783.0336,777.9846,748.5701
8,5.281,11.852,4.05,0.863,1.373,1.275,1.585,-1.623,0.039,0.091,-0.004,7.78,-1.74,120.08,0.0119,0.0108,-0.0099,749.7005,783.0336,777.9846,748.5701
8,5.249,11.803,4.10,0.863,1.373,1.275,1.588,-1.623,0.034,0.088,-0.003,7.80,-1.72,120.08,0.0091,0.0112,-0.0100,749.9703,782.5899,778.3948,747.8547
8,5.205,11.742,4.15,0.863,1.373,1.276,1.594,-1.624,0.022,0.081,-0.000,7.82,-1.68,120.08,0.0032,0.0090,-0.0100,749.6908,783.0414,778.7083,747.4852
8,5.152,11.668,4.20,0.863,1.373,1.275,1.596,-1.625,0.018,0.079,0.000,7.83,-1.65,120.08,0.0004,0.0094,-0.0106,749.5740,783.4435,778.9600,747.3190
8,5.088,11.583,4.25,0.863,1.373,1.274,1.601,-1.626,0.010,0.074,0.002,7.83,-1.61,120.08,-0.0030,0.0103,-0.0126,749.3856,783.7480,779.2808,746.8906
8,5.014,11.486,4.30,0.863,1.373,1.274,1.604,-1.626,0.007,0.072,0.002,7.82,-1.58,120.08,-0.0018,0.0110,-0.0128,749.6221,783.6290,780.0866,745.7990
8,4.930,11.378,4.35,0.863,1.373,1.272,1.609,-1.627,0.000,0.069,0.003,7.81,-1.54,120.07,-0.0022,0.0114,-0.0120,749.3621,784.0775,780.0296,745.6345
8,4.837,11.259,4.40,0.863,1.373,1.271,1.611,-1.627,-0.002,0.067,0.004,7.81,-1.51,120.07,-0.0005,0.0119,-0.0135,749.4137,784.2664,780.3793,745.3506
8,4.733,11.129,4.45,0.863,1.373,1.270,1.615,-1.627,-0.006,0.065,0.005,7.82,-1.47,120.06,0.0021,0.0116,-0.0123,749.4649,784.6095,780.5029,745.1702
8,4.621,10.989,4.50,0.863,1.373,1.269,1.617,-1.627,-0.008,0.064,0.005,7.83,-1.44,120.06,0.0040,0.0122,-0.0135,749.4573,785.0344,780.9688,744.6949
8,4.500,10.838,4.55,0.863,1.373,1.266,1.622,-1.626,-0.011,0.062,0.006,7.85,-1.39,120.05,0.0071,0.0118,-0.0127,749.9640,785.0356,781.2301,744.5179
8,4.370,10.678,4.60,0.863,1.373,1.265,1.624,-1.626,-0.012,0.061,0.006,7.87,-1.36,120.04,0.0095,0.0129,-0.0137,749.9802,785.4638,781.5453,744.3665
8,4.232,10.509,4.65,0.863,1.373,1.263,1.629,-1.625,-0.013,0.059,0.006,7.90,-1.31,120.03,0.0105,0.0132,-0.0140,750.1379,785.7699,781.8445,744.0524
8,4.086,10.331,4.70,0.863,1.373,1.262,1.631,-1.624,-0.014,0.059,0.005,7.93,-1.28,120.02,0.0134,0.0132,-0.0140,750.5103,786.0228,781.8496,743.9645
8,3.933,10.144,4.75,0.863,1.373,1.260,1.635,-1.623,-0.014,0.057,0.005,7.98,-1.23,120.01,0.0160,0.0124,-0.0120,750.8659,786.0535,782.2072,743.4041
8,3.772,9.950,4.80,0.863,1.373,1.259,1.637,-1.623,-0.015,0.056,0.004,8.02,-1.20,120.00,0.0163,0.0113,-0.0140,750.6047,786.2987,782.0093,743.2281
8,3.605,9.748,4.85,0.863,1.373,1.257,1.641,-1.622,-0.015,0.054,0.003,8.08,-1.15,119.99,0.0178,0.0111,-0.0132,750.6500,786.3990,781.8658,742.9789
8,3.431,9.540,4.90,0.863,1.373,1.256,1.642,-1.622,-0.015,0.053,0.003,8.12,-1.12,119.98,0.0177,0.0111,-0.0133,750.7079,786.5271,782.0416,742.5432
8,3.252,9.326,4.95,0.863,1.373,1.254,1.646,-1.621,-0.015,0.051,0.002,8.19,-1.08,119.97,0.0183,0.0099,-0.0137,750.9080,786.6099,781.8207,742.5986
8,3.068,9.105,5.00,0.863,1.373,1.228,1.661,-1.608,-0.041,-0.004,-0.009,9.13,-0.81,120.00,-0.0012,0.0062,-0.0077,749.9836,785.6176,783.2391,739.0552
8,2.878,8.880,5.05,0.863,1.373,1.228,1.661,-1.608,-0.041,-0.004,-0.009,9.13,-0.81,120.00,-0.0012,0.0062,-0.0077,749.9836,785.6176,783.2391,739.0552
8,2.685,8.650,5.10,0.863,1.373,1.226,1.661,-1.608,-0.043,-0.006,-0.009,9.13,-0.79,120.00,-0.0001,0.0068,-0.0075,750.1019,785.5159,783.4463,738.8800
8,2.487,8.417,5.15,0.863,1.373,1.222,1.660,-1.607,-0.047,-0.010,-0.009,9.13,-0.77,120.01,0.0019,0.0066,-0.0061,750.1162,785.5508,782.9426,739.4490
8,2.287,8.180,5.20,0.863,1.373,1.220,1.659,-1.606,-0.049,-0.012,-0.009,9.14,-0.74,120.02,0.0048,0.0062,-0.0072,750.3448,785.6477,782.5843,740.0900
8,2.083,7.941,5.25,0.863,1.373,1.216,1.658,-1.605,-0.055,-0.019,-0.008,9.16,-0.72,120.02,0.0052,0.0049,-0.0079,750.7750,785.5396,782.4688,740.5375
8,1.878,7.699,5.30,0.863,1.373,1.213,1.657,-1.604,-0.059,-0.023,-0.008,9.17,-0.70,120.03,0.0031,0.0042,-0.0071,751.1720,785.2889,782.0814,741.1195
8,1.671,7.457,5.35,0.863,1.373,1.208,1.655,-1.603,-0.066,-0.031,-0.008,9.18,-0.69,120.03,-0.0005,0.0033,-0.0066,751.5113,785.2151,781.9053,741.5918
8,1.462,7.213,5.40,0.863,1.373,1.205,1.654,-1.602,-0.070,-0.035,-0.008,9.17,-0.68,120.04,-0.0046,0.0018,-0.0062,751.3316,785.5435,781.6910,742.0360
8,1.253,6.970,5.45,0.863,1.373,1.199,1.651,-1.601,-0.079,-0.044,-0.007,9.15,-0.67,120.04,-0.0102,0.0024,-0.0058,751.6517,785.4086,781.8112,742.2349
8,1.044,6.727,5.50,0.863,1.373,1.195,1.649,-1.600,-0.084,-0.049,-0.007,9.11,-0.67,120.05,-0.0149,0.0000,-0.0057,752.1675,784.9431,781.9111,742.5262
8,0.836,6.485,5.55,0.863,1.373,1.188,1.645,-1.598,-0.093,-0.059,-0.007,9.07,-0.67,120.06,-0.0204,-0.0017,-0.0057,751.8419,785.4131,782.0440,742.6495
8,0.629,6.245,5.60,0.863,1.373,1.184,1.643,-1.598,-0.098,-0.063,-0.007,9.00,-0.67,120.06,-0.0254,-0.0025,-0.0047,752.1368,785.2020,781.5222,743.4135
8,0.423,6.008,5.65,0.863,1.373,1.176,1.638,-1.597,-0.107,-0.073,-0.007,8.93,-0.68,120.07,-0.0273,-0.0045,-0.0050,752.2445,784.9404,781.8658,743.1178
8,0.220,5.774,5.70,0.863,1.373,1.171,1.635,-1.596,-0.113,-0.079,-0.007,8.84,-0.69,120.07,-0.0332,-0.0048,-0.0047,752.0052,785.0390,781.4508,743.5872
8,0.019,5.543,5.75,0.863,1.373,1.163,1.629,-1.595,-0.121,-0.088,-0.007,8.74,-0.70,120.08,-0.0358,-0.0055,-0.0038,752.2285,784.7407,781.4074,743.7344
8,-0.178,5.317,5.80,0.863,1.373,1.158,1.625,-1.595,-0.125,-0.093,-0.007,8.63,-0.71,120.08,-0.0395,-0.0074,-0.0045,752.1075,784.8068,781.7641,743.5684
8,-0.372,5.096,5.85,0.863,1.373,1.150,1.618,-1.594,-0.131,-0.101,-0.007,8.52,-0.73,120.09,-0.0401,-0.0087,-0.0037,752.2599,784.5519,781.5789,743.8077
8,-0.561,4.881,5.90,0.863,1.373,1.144,1.614,-1.593,-0.135,-0.106,-0.007,8.40,-0.76,120.09,-0.0424,-0.0102,-0.0034,752.0442,784.7531,781.5402,744.0354
8,-0.745,4.671,5.95,0.863,1.373,1.136,1.606,-1.593,-0.140,-0.114,-0.007,8.28,-0.78,120.09,-0.0412,-0.0117,-0.0030,752.2374,784.4113,781.4321,744.2324
8,-0.924,4.469,6.00,0.863,1.373,1.014,1.473,-1.594,-0.124,-0.097,-0.004,6.65,-1.36,119.98,-0.0093,0.0024,0.0010,753.3053,783.3019,780.3440,745.2825
8,-1.098,4.273,6.05,0.863,1.373,1.014,1.473,-1.594,-0.124,-0.097,-0.004,6.65,-1.36,119.98,-0.0093,0.0024,0.0010,753.3053,783.3019,780.3440,745.2825
8,-1.265,4.085,6.10,0.863,1.373,1.006,1.467,-1.595,-0.120,-0.091,-0.003,6.62,-1.35,119.98,-0.0059,0.0061,0.0006,753.1003,783.6581,779.9922,745.8257
8,-1.426,3.906,6.15,0.863,1.373,1.003,1.464,-1.595,-0.120,-0.090,-0.003,6.61,-1.33,119.98,-0.0017,0.0091,0.0017,753.0250,783.7377,779.0752,746.9592
8,-1.579,3.735,6.20,0.863,1.373,0.996,1.460,-1.595,-0.119,-0.089,-0.002,6.62,-1.30,119.97,0.0026,0.0124,0.0013,753.1153,783.6662,778.0342,748.1237
8,-1.725,3.573,6.25,0.863,1.373,0.992,1.458,-1.595,-0.119,-0.090,-0.001,6.62,-1.27,119.98,0.0032,0.0104,0.0020,753.3741,783.7292,777.2929,749.2507
8,-1.863,3.421,6.30,0.863,1.373,0.985,1.452,-1.595,-0.120,-0.094,-0.000,6.63,-1.24,119.98,0.0012,0.0092,0.0028,753.3050,784.0615,776.7109,750.2748
8,-1.993,3.279,6.35,0.863,1.373,0.981,1.450,-1.595,-0.121,-0.097,0.001,6.62,-1.22,119.98,-0.0044,0.0058,0.0042,754.0593,783.6840,776.3948,751.1169
8,-2.114,3.147,6.40,0.863,1.373,0.974,1.444,-1.594,-0.125,-0.105,0.002,6.60,-1.22,119.98,-0.0107,0.0005,0.0045,754.1652,783.7014,775.8146,752.2207
8,-2.226,3.026,6.45,0.863,1.373,0.970,1.441,-1.594,-0.127,-0.110,0.002,6.56,-1.22,119.98,-0.0163,-0.0041,0.0041,754.4451,783.6165,775.6812,752.8242
8,-2.330,2.915,6.50,0.863,1.373,0.961,1.433,-1.594,-0.133,-0.123,0.003,6.49,-1.25,119.99,-0.0228,-0.0076,0.0072,754.4210,783.8356,775.1901,753.7646
8,-2.423,2.817,6.55,0.863,1.373,0.957,1.429,-1.593,-0.136,-0.129,0.003,6.42,-1.28,119.99,-0.0323,-0.0142,0.0081,755.0679,783.4387,775.2253,754.6246
8,-2.507,2.729,6.60,0.863,1.373,0.948,1.419,-1.592,-0.143,-0.142,0.004,6.31,-1.33,120.00,-0.0405,-0.0182,0.0074,755.2178,783.5620,775.1247,755.5010
8,-2.581,2.654,6.65,0.863,1.373,0.943,1.414,-1.592,-0.146,-0.149,0.004,6.19,-1.39,120.00,-0.0483,-0.0241,0.0092,755.2591,783.7327,775.0490,756.2645
8,-2.645,2.591,6.70,0.863,1.373,0.932,1.401,-1.590,-0.154,-0.164,0.004,6.03,-1.46,120.01,-0.0544,-0.0277,0.0096,755.0717,783.9882,774.9302,756.9984
8,-2.698,2.539,6.75,0.863,1.373,0.927,1.395,-1.590,-0.158,-0.170,0.004,5.87,-1.54,120.01,-0.0612,-0.0296,0.0089,755.6716,783.5466,775.1173,757.6039
8,-2.741,2.500,6.80,0.863,1.373,0.917,1.383,-1.589,-0.166,-0.182,0.004,5.69,-1.63,120.02,-0.0666,-0.0317,0.0106,756.0758,783.3823,775.2734,758.0890
8,-2.774,2.474,6.85,0.863,1.373,0.911,1.376,-1.588,-0.169,-0.187,0.004,5.50,-1.72,120.02,-0.0708,-0.0325,0.0109,755.9401,783.3987,775.5674,758.4010
8,-2.796,2.460,6.90,0.863,1.373,0.898,1.362,-1.587,-0.177,-0.197,0.003,5.34,-1.80,120.03,-0.0730,-0.0321,0.0106,756.0801,783.0018,775.4549,758.9428
8,-2.807,2.458,6.95,0.863,1.373,0.893,1.355,-1.587,-0.180,-0.201,0.002,5.08,-1.91,120.03,-0.0754,-0.0316,0.0107,756.1324,782.6021,775.5841,759.0507
8,-2.807,2.469,7.00,0.863,1.373,0.718,1.157,-1.579,-0.128,-0.080,-0.014,1.98,-2.89,120.18,-0.0150,0.0105,0.0009,756.5984,779.3359,772.8272,763.2112
8,-2.796,2.493,7.05,0.863,1.373,0.718,1.157,-1.579,-0.128,-0.080,-0.014,1.98,-2.89,120.18,-0.0150,0.0105,0.0009,756.5984,779.3359,772.8272,763.2112
8,-2.775,2.529,7.10,0.863,1.373,0.714,1.156,-1.580,-0.124,-0.073,-0.014,1.94,-2.86,120.18,-0.0108,0.0136,-0.0007,756.6826,779.2478,772.4207,763.4402
8,-2.744,2.577,7.15,0.863,1.373,0.705,1.154,-1.581,-0.115,-0.057,-0.013,1.91,-2.81,120.18,-0.0069,0.0186,-0.0005,756.5374,779.3004,771.8123,763.8887
8,-2.701,2.638,7.20,0.863,1.373,0.701,1.153,-1.581,-0.112,-0.051,-0.013,1.90,-2.77,120.18,-0.0019,0.0212,-0.0007,756.5374,779.3004,771.8123,763.8887
8,-2.648,2.710,7.25,0.863,1.373,0.694,1.153,-1.582,-0.105,-0.041,-0.012,1.90,-2.70,120.18,0.0006,0.0213,-0.0020,756.9866,779.1505,770.5689,765.0962
8,-2.585,2.795,7.30,0.863,1.373,0.690,1.152,-1.583,-0.102,-0.037,-0.011,1.90,-2.63,120.18,-0.0001,0.0219,-0.0028,756.9589,779.4233,770.0701,765.6501
8,-2.512,2.891,7.35,0.863,1.373,0.682,1.152,-1.583,-0.097,-0.029,-0.011,1.90,-2.58,120.18,-0.0008,0.0204,-0.0024,757.2604,779.4079,769.6592,766.0869
8,-2.429,2.998,7.40,0.863,1.373,0.679,1.152,-1.584,-0.094,-0.027,-0.010,1.90,-2.54,120.17,-0.0021,0.0180,-0.0030,757.2604,779.4079,769.6592,766.0869
8,-2.336,3.117,7.45,0.863,1.373,0.672,1.152,-1.584,-0.090,-0.023,-0.010,1.88,-2.48,120.17,-0.0053,0.0154,-0.0029,757.7484,779.1852,768.9333,766.7997
8,-2.233,3.246,7.50,0.863,1.373,0.669,1.152,-1.585,-0.088,-0.022,-0.010,1.86,-2.44,120.16,-0.0096,0.0126,-0.0023,757.6486,779.1945,768.7267,766.8388
8,-2.121,3.386,7.55,0.863,1.373,0.661,1.152,-1.586,-0.084,-0.020,-0.009,1.83,-2.41,120.16,-0.0105,0.0109,-0.0022,757.9312,778.8674,768.0539,767.4811
8,-2.001,3.536,7.60,0.863,1.373,0.658,1.152,-1.586,-0.083,-0.020,-0.009,1.79,-2.38,120.16,-0.0170,0.0080,-0.0027,757.5995,779.0411,768.2786,767.0510
8,-1.871,3.695,7.65,0.863,1.373,0.652,1.152,-1.588,-0.079,-0.020,-0.008,1.74,-2.36,120.15,-0.0179,0.0060,-0.0028,757.6722,779.0369,767.5196,767.7496
8,-1.734,3.864,7.70,0.863,1.373,0.649,1.151,-1.588,-0.078,-0.020,-0.008,1.69,-2.35,120.15,-0.0206,0.0019,-0.0020,757.6722,779.0369,767.5196,767.7496
8,-1.588,4.042,7.75,0.863,1.373,0.643,1.151,-1.589,-0.074,-0.021,-0.007,1.63,-2.34,120.14,-0.0224,0.0013,-0.0029,757.8159,779.0017,767.5544,767.6429
8,-1.435,4.228,7.80,0.863,1.373,0.640,1.151,-1.590,-0.072,-0.022,-0.007,1.56,-2.35,120.13,-0.0240,-0.0021,-0.0031,758.1324,778.6417,767.5805,767.3846
8,-1.275,4.421,7.85,0.863,1.373,0.635,1.150,-1.591,-0.069,-0.023,-0.006,1.50,-2.35,120.13,-0.0244,-0.0029,-0.0019,758.0878,778.6138,767.2597,767.6176
8,-1.108,4.622,7.90,0.863,1.373,0.632,1.149,-1.592,-0.067,-0.024,-0.005,1.43,-2.36,120.12,-0.0243,-0.0047,-0.0026,758.0878,778.6138,767.2597,767.6176
8,-0.935,4.830,7.95,0.863,1.373,0.627,1.148,-1.593,-0.062,-0.025,-0.005,1.36,-2.37,120.12,-0.0242,-0.0041,-0.0021,758.0724,778.6833,766.5783,768.2114
8,-0.756,5.044,8.00,0.863,1.373,0.589,1.143,-1.604,0.014,0.014,0.005,0.41,-2.61,120.09,-0.0020,0.0016,-0.0010,759.8749,777.4888,766.0417,770.2922
8,-0.572,5.264,8.05,0.863,1.373,0.589,1.143,-1.604,0.014,0.014,0.005,0.41,-2.61,120.09,-0.0020,0.0016,-0.0010,759.8749,777.4888,766.0417,770.2922
8,-0.383,5.489,8.10,0.863,1.373,0.590,1.145,-1.604,0.019,0.017,0.005,0.41,-2.61,120.09,-0.0021,0.0016,-0.0009,759.8736,777.3217,766.1227,770.0935
8,-0.190,5.719,8.15,0.863,1.373,0.590,1.146,-1.605,0.022,0.020,0.005,0.40,-2.61,120.08,-0.0034,0.0009,-0.0014,759.4985,777.5125,766.1234,769.8953
8,0.007,5.952,8.20,0.863,1.373,0.592,1.148,-1.606,0.029,0.024,0.005,0.38,-2.60,120.08,-0.0056,0.0005,-0.0009,759.2430,777.3668,766.4453,769.2108
8,0.208,6.189,8.25,0.863,1.373,0.593,1.149,-1.607,0.033,0.027,0.006,0.36,-2.60,120.08,-0.0050,0.0010,-0.0004,758.6893,777.7596,766.6908,768.7745
8,0.411,6.428,8.30,0.863,1.373,0.596,1.151,-1.608,0.042,0.032,0.006,0.35,-2.60,120.08,-0.0032,-0.0002,-0.0012,758.4817,777.6811,766.4684,768.6174
8,0.616,6.669,8.35,0.863,1.373,0.598,1.152,-1.609,0.048,0.035,0.006,0.35,-2.60,120.07,0.0022,-0.0026,-0.0016,758.4275,777.4675,766.8988,767.8912
8,0.823,6.912,8.40,0.863,1.373,0.601,1.155,-1.610,0.059,0.041,0.008,0.36,-2.61,120.07,0.0062,-0.0023,-0.0009,757.9920,777.9974,766.6390,768.0947
8,1.032,7.155,8.45,0.863,1.373,0.603,1.156,-1.611,0.064,0.044,0.008,0.39,-2.62,120.06,0.0114,-0.0028,-0.0012,757.8854,778.1365,766.7896,767.8619
8,1.241,7.399,8.50,0.863,1.373,0.608,1.159,-1.612,0.076,0.051,0.009,0.42,-2.62,120.06,0.0152,-0.0024,-0.0018,757.9555,778.2091,767.1509,767.5306
8,1.450,7.642,8.55,0.863,1.373,0.611,1.161,-1.613,0.083,0.055,0.010,0.49,-2.63,120.05,0.0208,-0.0045,-0.0021,758.0072,778.3760,767.0847,767.6694
8,1.658,7.883,8.60,0.863,1.373,0.617,1.164,-1.613,0.094,0.062,0.011,0.54,-2.64,120.05,0.0254,-0.0043,-0.0019,758.3021,778.4897,767.6341,767.3077
8,1.865,8.123,8.65,0.863,1.373,0.619,1.166,-1.614,0.099,0.065,0.012,0.63,-2.65,120.04,0.0307,-0.0023,-0.0010,758.4000,778.6134,767.6770,767.3494
8,2.071,8.361,8.70,0.863,1.373,0.626,1.170,-1.615,0.109,0.073,0.012,0.71,-2.66,120.04,0.0318,-0.0017,-0.0014,758.2689,778.6082,767.9738,766.9766
8,2.274,8.595,8.75,0.863,1.373,0.630,1.173,-1.615,0.115,0.077,0.013,0.82,-2.66,120.04,0.0348,-0.0002,-0.0011,758.2748,778.4969,767.8880,766.9238
8,2.475,8.826,8.80,0.863,1.373,0.637,1.178,-1.617,0.124,0.084,0.013,0.90,-2.66,120.04,0.0355,0.0004,-0.0008,757.9567,778.4538,768.0350,766.4762
8,2.673,9.052,8.85,0.863,1.373,0.640,1.181,-1.618,0.127,0.087,0.013,1.03,-2.66,120.04,0.0385,0.0011,0.0001,757.7765,778.2720,767.6871,766.4393
8,2.867,9.274,8.90,0.863,1.373,0.648,1.185,-1.620,0.135,0.093,0.014,1.12,-2.65,120.03,0.0383,0.0020,-0.0007,757.6489,778.1172,767.6489,766.2585
8,3.056,9.490,8.95,0.863,1.373,0.653,1.188,-1.621,0.139,0.096,0.015,1.26,-2.65,120.03,0.0383,0.0021,-0.0012,757.5244,778.0781,767.8198,765.9338
8,3.241,9.699,9.00,0.863,1.373,0.810,1.294,-1.618,0.111,0.117,0.017,3.17,-2.40,120.03,0.0140,0.0131,0.0002,758.7331,779.9810,771.5294,766.1641
8,3.421,9.903,9.05,0.863,1.373,0.810,1.294,-1.618,0.111,0.117,0.017,3.17,-2.40,120.03,0.0140,0.0131,0.0002,758.7331,779.9810,771.5294,766.1641
8,3.594,10.099,9.10,0.863,1.373,0.815,1.301,-1.617,0.102,0.113,0.016,3.20,-2.37,120.03,0.0079,0.0106,0.0001,758.8389,779.9681,771.5660,766.3620
8,3.762,10.287,9.15,0.863,1.373,0.817,1.304,-1.616,0.099,0.112,0.015,3.21,-2.33,120.04,-0.0011,0.0122,0.0002,758.6380,780.1171,772.1416,765.8645
8,3.923,10.467,9.20,0.863,1.373,0.821,1.310,-1.615,0.095,0.110,0.014,3.20,-2.30,120.04,-0.0093,0.0111,-0.0007,757.7983,780.9084,772.5602,765.4967
8,4.077,10.639,9.25,0.863,1.373,0.822,1.313,-1.615,0.094,0.109,0.013,3.17,-2.27,120.04,-0.0123,0.0101,-0.0008,757.2462,781.4341,773.2463,764.6229
8,4.223,10.801,9.30,0.863,1.373,0.826,1.319,-1.614,0.094,0.107,0.011,3.14,-2.24,120.03,-0.0128,0.0078,-0.0014,756.4846,782.0922,773.4089,764.1076
8,4.362,10.954,9.35,0.863,1.373,0.828,1.322,-1.614,0.096,0.107,0.010,3.11,-2.22,120.03,-0.0113,0.0069,-0.0028,756.0879,782.3715,773.9317,763.1362
8,4.492,11.097,9.40,0.863,1.373,0.832,1.328,-1.613,0.101,0.108,0.008,3.09,-2.20,120.03,-0.0042,0.0044,-0.0019,755.6586,782.6522,774.4777,762.1144
8,4.614,11.229,9.45,0.863,1.373,0.835,1.331,-1.613,0.105,0.108,0.007,3.09,-2.19,120.02,0.0025,0.0033,-0.0029,755.3538,782.8904,774.8655,761.4387
8,4.727,11.351,9.50,0.863,1.373,0.842,1.337,-1.613,0.116,0.111,0.006,3.11,-2.18,120.01,0.0125,0.0011,-0.0031,754.9728,783.3053,775.1093,760.8453
8,4.831,11.462,9.55,0.863,1.373,0.846,1.340,-1.613,0.121,0.112,0.005,3.15,-2.18,120.00,0.0215,-0.0012,-0.0037,754.5991,783.7096,775.1162,760.3307
8,4.925,11.561,9.60,0.863,1.373,0.854,1.346,-1.613,0.133,0.116,0.004,3.24,-2.19,119.99,0.0325,-0.0034,-0.0030,754.6949,783.6757,775.5105,759.5502
8,5.009,11.649,9.65,0.863,1.373,0.858,1.350,-1.613,0.139,0.118,0.003,3.34,-2.19,119.98,0.0417,-0.0042,-0.0039,754.3838,784.0981,775.4759,759.3281
8,5.084,11.725,9.70,0.863,1.373,0.869,1.357,-1.613,0.152,0.122,0.002,3.47,-2.20,119.97,0.0486,-0.0053,-0.0043,754.5993,784.0484,775.8945,758.4838
8,5.148,11.790,9.75,0.863,1.373,0.874,1.360,-1.613,0.158,0.124,0.001,3.61,-2.21,119.96,0.0552,-0.0058,-0.0038,754.8138,783.9888,776.0675,758.0367
8,5.203,11.842,9.80,0.863,1.373,0.885,1.367,-1.613,0.169,0.129,0.000,3.78,-2.23,119.95,0.0610,-0.0056,-0.0034,754.5555,784.2866,776.1616,757.6009
8,5.246,11.881,9.85,0.863,1.373,0.891,1.371,-1.613,0.174,0.131,-0.000,3.96,-2.24,119.94,0.0654,-0.0048,-0.0044,754.6473,784.0033,776.2104,757.0974
8,5.279,11.909,9.90,0.863,1.373,0.905,1.379,-1.614,0.185,0.136,-0.001,4.16,-2.25,119.93,0.0690,-0.0059,-0.0032,754.4115,784.2061,776.1281,756.5764
8,5.302,11.923,9.95,0.863,1.373,0.911,1.383,-1.614,0.189,0.139,-0.002,4.35,-2.26,119.92,0.0696,-0.0035,-0.0037,754.6729,783.7754,776.3183,756.0862
9,-0.595,-0.641,0.00,0.863,1.373,0.130,1.312,-1.593,0.005,-0.381,-0.001,-6.14,1.59,120.48,0.0583,-0.1119,-0.0187,770.2628,764.4615,770.4389,774.1254
9,-0.594,-0.645,0.05,0.863,1.373,0.130,1.312,-1.593,0.005,-0.381,-0.001,-6.14,1.59,120.48,0.0583,-0.1119,-0.0187,770.2628,764.4615,770.4389,774.1254
9,-0.593,-0.650,0.10,0.863,1.373,0.134,1.301,-1.593,0.033,-0.372,-0.000,-5.97,1.29,120.47,0.0666,-0.1079,-0.0199,770.6333,764.7036,770.0517,773.8967
9,-0.592,-0.655,0.15,0.863,1.373,0.145,1.279,-1.593,0.087,-0.351,0.001,-5.73,0.92,120.46,0.0773,-0.1030,-0.0221,771.5540,764.4985,769.5753,773.5547
9,-0.590,-0.661,0.20,0.863,1.373,0.153,1.266,-1.593,0.117,-0.337,0.001,-5.55,0.69,120.44,0.0810,-0.0978,-0.0232,771.5029,765.1113,769.1293,773.0656
9,-0.587,-0.668,0.25,0.863,1.373,0.168,1.247,-1.593,0.163,-0.313,0.001,-5.27,0.36,120.41,0.0889,-0.0905,-0.0239,771.6409,765.5820,768.2988,772.7819
9,-0.584,-0.675,0.30,0.863,1.373,0.176,1.238,-1.594,0.184,-0.301,0.002,-5.06,0.15,120.38,0.0925,-0.0857,-0.0254,772.3109,765.5824,767.8010,772.1740
9,-0.581,-0.682,0.35,0.863,1.373,0.194,1.222,-1.594,0.221,-0.275,0.002,-4.74,-0.13,120.34,0.0953,-0.0779,-0.0241,772.9210,765.5760,767.0840,771.7984
9,-0.577,-0.690,0.40,0.863,1.373,0.206,1.213,-1.594,0.242,-0.259,0.003,-4.53,-0.31,120.31,0.0961,-0.0707,-0.0235,772.6185,766.5668,766.4655,771.5964
9,-0.572,-0.699,0.45,0.863,1.373,0.227,1.200,-1.595,0.272,-0.232,0.003,-4.19,-0.54,120.27,0.0973,-0.0633,-0.0229,772.9975,766.7877,765.9469,771.1395
9,-0.567,-0.708,0.50,0.863,1.373,0.238,1.194,-1.595,0.285,-0.219,0.003,-3.97,-0.68,120.23,0.0970,-0.0571,-0.0227,773.3216,767.0974,765.7360,770.6974
9,-0.562,-0.717,0.55,0.863,1.373,0.261,1.183,-1.595,0.307,-0.192,0.004,-3.64,-0.87,120.19,0.0957,-0.0490,-0.0209,773.8027,767.4239,765.4028,770.5988
9,-0.556,-0.727,0.60,0.863,1.373,0.275,1.178,-1.595,0.319,-0.175,0.004,-3.42,-0.98,120.16,0.0952,-0.0438,-0.0198,773.9440,767.8007,765.2219,770.5007
9,-0.549,-0.738,0.65,0.863,1.373,0.299,1.170,-1.595,0.334,-0.149,0.005,-3.10,-1.13,120.12,0.0932,-0.0373,-0.0183,774.2130,768.0397,765.2346,770.4136
9,-0.542,-0.749,0.70,0.863,1.373,0.311,1.167,-1.595,0.340,-0.137,0.005,-2.89,-1.21,120.10,0.0905,-0.0317,-0.0162,774.2194,768.4256,765.1360,770.5008
9,-0.535,-0.760,0.75,0.863,1.373,0.336,1.161,-1.595,0.350,-0.112,0.005,-2.59,-1.31,120.07,0.0864,-0.0246,-0.0131,774.2205,768.6924,764.8717,770.8336
9,-0.527,-0.771,0.80,0.863,1.373,0.352,1.159,-1.594,0.354,-0.097,0.004,-2.39,-1.36,120.05,0.0840,-0.0222,-0.0123,774.4410,768.4712,765.2099,770.5176
9,-0.519,-0.783,0.85,0.863,1.373,0.376,1.155,-1.594,0.358,-0.075,0.004,-2.11,-1.43,120.03,0.0797,-0.0155,-0.0102,774.0549,768.9662,765.0179,770.8583
9,-0.510,-0.796,0.90,0.863,1.373,0.389,1.154,-1.594,0.358,-0.064,0.004,-1.93,-1.46,120.01,0.0767,-0.0109,-0.0086,773.6682,769.3406,764.6984,771.2415
9,-0.501,-0.808,0.95,0.863,1.373,0.413,1.153,-1.594,0.357,-0.044,0.003,-1.67,-1.50,120.00,0.0713,-0.0070,-0.0059,773.7156,768.8307,764.8199,771.2849
9,-0.491,-0.821,1.00,0.863,1.373,0.675,1.227,-1.603,0.137,0.102,0.006,0.06,-0.59,120.11,-0.0048,0.0174,-0.0023,769.5164,767.7607,766.8088,772.0906
9,-0.481,-0.834,1.05,0.863,1.373,0.675,1.227,-1.603,0.137,0.102,0.006,0.06,-0.59,120.11,-0.0048,0.0174,-0.0023,769.5164,767.7607,766.8088,772.0906
9,-0.471,-0.848,1.10,0.863,1.373,0.678,1.230,-1.603,0.131,0.101,0.006,0.05,-0.55,120.11,-0.0057,0.0164,-0.0033,769.5224,767.8389,766.6246,772.0387
9,-0.461,-0.861,1.15,0.863,1.373,0.686,1.235,-1.604,0.120,0.099,0.006,0.03,-0.50,120.10,-0.0064,0.0134,-0.0029,769.8562,767.7244,766.8995,771.6328
9,-0.450,-0.875,1.20,0.863,1.373,0.689,1.238,-1.604,0.115,0.098,0.006,0.02,-0.46,120.09,-0.0060,0.0119,-0.0026,769.8513,767.8104,766.7299,771.6594
9,-0.439,-0.889,1.25,0.863,1.373,0.695,1.243,-1.604,0.105,0.096,0.006,-0.00,-0.43,120.08,-0.0055,0.0108,-0.0042,769.7990,768.1727,766.7254,771.6963
9,-0.427,-0.904,1.30,0.863,1.373,0.698,1.245,-1.604,0.101,0.095,0.006,-0.02,-0.40,120.08,-0.0051,0.0102,-0.0031,770.1106,768.0491,766.5225,771.7307
9,-0.416,-0.918,1.35,0.863,1.373,0.704,1.250,-1.604,0.091,0.093,0.006,-0.03,-0.37,120.07,-0.0053,0.0098,-0.0032,769.9417,768.3341,766.5254,771.6427
9,-0.404,-0.933,1.40,0.863,1.373,0.706,1.253,-1.604,0.087,0.092,0.006,-0.04,-0.34,120.06,-0.0061,0.0084,-0.0033,770.0273,768.3456,766.3567,771.5784
9,-0.391,-0.947,1.45,0.863,1.373,0.711,1.257,-1.604,0.079,0.089,0.006,-0.06,-0.31,120.05,-0.0050,0.0093,-0.0026,770.2866,768.2001,766.5437,771.2140
9,-0.379,-0.962,1.50,0.863,1.373,0.713,1.260,-1.604,0.076,0.088,0.006,-0.07,-0.29,120.04,-0.0052,0.0081,-0.0022,770.1373,768.4170,766.4184,771.2175
9,-0.367,-0.977,1.55,0.863,1.373,0.719,1.265,-1.604,0.068,0.085,0.006,-0.09,-0.27,120.04,-0.0048,0.0069,-0.0019,770.0027,768.6442,766.4072,771.3140
9,-0.354,-0.992,1.60,0.863,1.373,0.721,1.267,-1.604,0.065,0.084,0.005,-0.10,-0.25,120.03,-0.0035,0.0069,-0.0017,770.1252,768.6841,766.3599,771.4730
9,-0.341,-1.006,1.65,0.863,1.373,0.725,1.273,-1.603,0.059,0.082,0.005,-0.11,-0.22,120.03,-0.0031,0.0076,-0.0014,770.3553,768.6650,766.7752,771.2450
9,-0.328,-1.021,1.70,0.863,1.373,0.727,1.275,-1.603,0.056,0.081,0.005,-0.12,-0.20,120.02,-0.0029,0.0067,-0.0017,770.4797,768.7301,766.6743,771.5216
9,-0.315,-1.036,1.75,0.863,1.373,0.731,1.281,-1.602,0.049,0.078,0.005,-0.13,-0.18,120.02,-0.0037,0.0079,-0.0007,770.5970,768.7739,766.7606,771.5977
9,-0.302,-1.051,1.80,0.863,1.373,0.732,1.283,-1.602,0.046,0.077,0.004,-0.14,-0.16,120.02,-0.0029,0.0089,-0.0001,770.6464,768.6758,767.0422,771.4496
9,-0.288,-1.065,1.85,0.863,1.373,0.735,1.288,-1.602,0.041,0.074,0.004,-0.15,-0.13,120.01,-0.0027,0.0087,-0.0007,770.7813,768.4478,766.8863,771.4734
9,-0.275,-1.080,1.90,0.863,1.373,0.737,1.291,-1.602,0.039,0.073,0.003,-0.16,-0.11,120.01,-0.0032,0.0093,-0.0003,770.7299,768.3723,766.9671,771.1976
9,-0.262,-1.094,1.95,0.863,1.373,0.739,1.296,-1.603,0.033,0.070,0.003,-0.17,-0.08,120.01,-0.0032,0.0078,0.0001,770.4815,768.3194,766.7607,771.1470
9,-0.249,-1.108,2.00,0.863,1.373,0.750,1.344,-1.588,0.002,0.013,-0.013,-0.51,0.16,120.03,-0.0054,-0.0019,0.0005,770.2822,768.7784,767.5762,771.7205
9,-0.235,-1.122,2.05,0.863,1.373,0.750,1.344,-1.588,0.002,0.013,-0.013,-0.51,0.16,120.03,-0.0054,-0.0019,0.0005,770.2822,768.7784,767.5762,771.7205
9,-0.222,-1.136,2.10,0.863,1.373,0.751,1.345,-1.588,0.002,0.012,-0.014,-0.52,0.15,120.03,-0.0053,-0.0022,0.0011,770.8069,768.1785,767.7985,771.4893
9,-0.209,-1.150,2.15,0.863,1.373,0.751,1.346,-1.588,0.003,0.009,-0.014,-0.54,0.14,120.02,-0.0047,-0.0028,-0.0002,770.4896,768.4190,767.9227,771.3314
9,-0.196,-1.163,2.20,0.863,1.373,0.751,1.346,-1.587,0.003,0.009,-0.014,-0.55,0.13,120.02,-0.0034,-0.0031,-0.0011,770.4510,768.4468,767.6266,771.5072
9,-0.183,-1.176,2.25,0.863,1.373,0.751,1.347,-1.587,0.004,0.007,-0.015,-0.56,0.12,120.02,-0.0031,-0.0014,-0.0006,770.5186,768.3673,767.6579,771.3346
9,-0.170,-1.189,2.30,0.863,1.373,0.751,1.347,-1.587,0.004,0.006,-0.015,-0.57,0.12,120.02,-0.0014,-0.0027,0.0001,770.9182,768.0167,767.5515,771.4238
9,-0.157,-1.201,2.35,0.863,1.373,0.752,1.348,-1.587,0.003,0.005,-0.015,-0.57,0.11,120.02,-0.0021,-0.0014,-0.0002,770.6038,768.3986,767.7034,771.2964
9,-0.145,-1.213,2.40,0.863,1.373,0.752,1.348,-1.587,0.003,0.005,-0.016,-0.58,0.11,120.02,-0.0026,-0.0002,-0.0004,770.8822,768.0267,767.7423,771.1428
9,-0.133,-1.225,2.45,0.863,1.373,0.751,1.348,-1.587,0.003,0.004,-0.016,-0.59,0.11,120.02,-0.0026,0.0007,-0.0002,770.7928,768.0393,767.3924,771.5490
9,-0.120,-1.237,2.50,0.863,1.373,0.751,1.349,-1.587,0.003,0.003,-0.016,-0.60,0.11,120.02,-0.0034,0.0005,-0.0006,770.6871,768.1053,767.4306,771.4515
9,-0.109,-1.248,2.55,0.863,1.373,0.750,1.349,-1.587,0.002,0.002,-0.016,-0.61,0.11,120.01,-0.0047,-0.0002,-0.0006,770.7313,767.9862,767.4164,771.3326
9,-0.097,-1.258,2.60,0.863,1.373,0.750,1.349,-1.587,0.001,0.002,-0.016,-0.62,0.11,120.01,-0.0062,0.0014,-0.0004,770.8704,767.7438,767.0374,771.4969
9,-0.086,-1.268,2.65,0.863,1.373,0.748,1.349,-1.588,0.000,0.001,-0.017,-0.63,0.11,120.01,-0.0061,0.0009,-0.0002,770.7941,767.6150,767.4832,770.8492
9,-0.075,-1.278,2.70,0.863,1.373,0.748,1.350,-1.588,-0.000,0.001,-0.017,-0.65,0.12,120.01,-0.0071,0.0029,-0.0002,770.4192,767.7169,767.0576,770.8677
9,-0.064,-1.287,2.75,0.863,1.373,0.745,1.350,-1.589,-0.001,0.001,-0.016,-0.67,0.12,120.01,-0.0085,0.0032,0.0009,770.3696,767.4996,766.9568,770.8102
9,-0.053,-1.296,2.80,0.863,1.373,0.744,1.351,-1.589,-0.002,0.001,-0.016,-0.70,0.13,120.01,-0.0090,0.0031,0.0000,770.6378,766.9055,766.9117,770.6600
9,-0.043,-1.304,2.85,0.863,1.373,0.742,1.352,-1.591,-0.002,0.002,-0.015,-0.72,0.14,120.01,-0.0084,0.0046,0.0002,770.2906,767.1507,766.9497,770.3715
9,-0.034,-1.312,2.90,0.863,1.373,0.741,1.353,-1.591,-0.002,0.002,-0.015,-0.74,0.16,120.01,-0.0085,0.0080,0.0017,770.2793,767.0425,766.7117,770.4395
9,-0.024,-1.320,2.95,0.863,1.373,0.739,1.355,-1.592,-0.002,0.003,-0.014,-0.77,0.18,120.00,-0.0078,0.0073,-0.0007,770.1619,766.9536,767.1876,769.8535
9,-0.015,-1.326,3.00,0.863,1.373,0.754,1.369,-1.600,0.029,-0.007,-0.005,-0.69,0.29,120.01,0.0009,-0.0052,-0.0003,770.2779,766.7932,766.5836,770.7612
9,-0.007,-1.333,3.05,0.863,1.373,0.754,1.369,-1.600,0.029,-0.007,-0.005,-0.69,0.29,120.01,0.0009,-0.0052,-0.0003,770.2779,766.7932,766.5836,770.7612
9,0.001,-1.338,3.10,0.863,1.373,0.756,1.368,-1.601,0.028,-0.008,-0.005,-0.68,0.27,120.01,-0.0005,-0.0065,0.0008,770.2517,766.6605,766.8545,770.4252
9,0.009,-1.343,3.15,0.863,1.373,0.757,1.367,-1.602,0.028,-0.009,-0.004,-0.68,0.25,120.01,-0.0006,-0.0055,-0.0004,770.1968,766.6327,766.6484,770.5280
9,0.017,-1.348,3.20,0.863,1.373,0.758,1.366,-1.603,0.027,-0.009,-0.003,-0.69,0.24,120.01,-0.0013,-0.0057,-0.0005,770.3951,766.4454,766.6093,770.5377
9,0.023,-1.352,3.25,0.863,1.373,0.758,1.365,-1.603,0.027,-0.010,-0.003,-0.69,0.22,120.01,-0.0021,-0.0047,-0.0003,770.4385,766.3579,766.5962,770.3832
9,0.030,-1.356,3.30,0.863,1.373,0.760,1.364,-1.605,0.026,-0.010,-0.002,-0.70,0.21,120.01,-0.0025,-0.0047,-0.0003,770.3556,766.2519,766.4995,770.2300
9,0.036,-1.358,3.35,0.863,1.373,0.760,1.363,-1.605,0.025,-0.010,-0.002,-0.71,0.19,120.01,-0.0039,-0.0039,0.0003,770.2237,766.2740,766.5328,770.0682
9,0.041,-1.361,3.40,0.863,1.373,0.762,1.361,-1.606,0.025,-0.010,-0.001,-0.72,0.19,120.01,-0.0039,-0.0029,0.0003,770.1841,766.2664,766.4451,770.1946
9,0.046,-1.362,3.45,0.863,1.373,0.762,1.360,-1.607,0.024,-0.010,0.000,-0.73,0.18,120.01,-0.0035,-0.0036,-0.0007,770.4174,766.0222,766.4581,769.9828
9,0.050,-1.363,3.50,0.863,1.373,0.764,1.358,-1.608,0.023,-0.010,0.001,-0.74,0.17,120.01,-0.0036,-0.0033,-0.0000,770.2774,766.0865,766.3840,769.9594
9,0.054,-1.364,3.55,0.863,1.373,0.764,1.357,-1.609,0.022,-0.010,0.002,-0.75,0.16,120.01,-0.0049,-0.0039,-0.0005,770.4353,766.0120,766.6183,769.7119
9,0.058,-1.364,3.60,0.863,1.373,0.765,1.355,-1.610,0.021,-0.009,0.003,-0.76,0.15,120.00,-0.0045,-0.0024,-0.0009,770.2880,766.3375,766.2883,770.1013
9,0.061,-1.363,3.65,0.863,1.373,0.765,1.354,-1.610,0.020,-0.009,0.004,-0.77,0.14,120.00,-0.0047,-0.0023,-0.0007,770.4978,766.1810,766.2976,770.1820
9,0.063,-1.362,3.70,0.863,1.373,0.766,1.352,-1.611,0.019,-0.009,0.005,-0.78,0.13,120.00,-0.0059,-0.0028,-0.0005,770.5574,766.0505,766.6086,769.8806
9,0.065,-1.360,3.75,0.863,1.373,0.766,1.351,-1.612,0.018,-0.008,0.005,-0.80,0.13,120.00,-0.0054,-0.0027,-0.0006,770.7409,765.9001,766.6176,769.9277
9,0.066,-1.357,3.80,0.863,1.373,0.767,1.349,-1.613,0.017,-0.007,0.006,-0.81,0.12,120.00,-0.0059,-0.0015,-0.0003,770.7385,766.0837,766.5356,770.1598
9,0.067,-1.354,3.85,0.863,1.373,0.767,1.348,-1.613,0.016,-0.006,0.007,-0.83,0.12,120.00,-0.0062,-0.0001,-0.0008,770.7417,766.3557,766.4720,770.3977
9,0.067,-1.351,3.90,0.863,1.373,0.767,1.347,-1.613,0.015,-0.004,0.008,-0.85,0.12,120.00,-0.0068,-0.0002,0.0001,770.9651,766.2804,766.8560,770.1003
9,0.067,-1.347,3.95,0.863,1.373,0.767,1.347,-1.614,0.014,-0.003,0.008,-0.87,0.12,120.00,-0.0054,0.0008,-0.0002,771.1782,766.1331,766.8813,770.0616
9,0.066,-1.342,4.00,0.863,1.373,0.795,1.364,-1.604,0.022,0.020,0.006,-0.70,0.40,120.00,0.0088,-0.0031,-0.0002,772.9355,767.9220,768.6183,772.3458
9,0.064,-1.336,4.05,0.863,1.373,0.795,1.364,-1.604,0.022,0.020,0.006,-0.70,0.40,120.00,0.0088,-0.0031,-0.0002,772.9355,767.9220,768.6183,772.3458
9,0.063,-1.331,4.10,0.863,1.373,0.798,1.365,-1.602,0.022,0.018,0.004,-0.67,0.40,120.01,0.0085,-0.0035,-0.0002,773.2053,768.0475,768.7490,772.6097
9,0.060,-1.324,4.15,0.863,1.373,0.800,1.365,-1.599,0.021,0.017,0.002,-0.65,0.39,120.01,0.0054,-0.0029,-0.0008,773.3350,768.2966,769.0486,772.7639
9,0.057,-1.317,4.20,0.863,1.373,0.802,1.366,-1.598,0.021,0.016,0.000,-0.63,0.38,120.01,0.0048,-0.0017,-0.0008,773.5204,768.1638,769.3356,772.5428
9,0.054,-1.310,4.25,0.863,1.373,0.804,1.366,-1.597,0.019,0.015,-0.002,-0.62,0.37,120.00,0.0037,-0.0029,-0.0006,773.3825,768.1413,769.1337,772.4965
9,0.050,-1.302,4.30,0.863,1.373,0.806,1.366,-1.596,0.019,0.014,-0.003,-0.61,0.36,120.00,0.0032,-0.0023,-0.0010,773.0254,768.1920,768.7831,772.3881
9,0.045,-1.293,4.35,0.863,1.373,0.808,1.366,-1.595,0.017,0.013,-0.005,-0.61,0.36,120.00,0.0016,-0.0028,0.0001,772.8427,768.0339,768.5176,772.2627
9,0.040,-1.284,4.40,0.863,1.373,0.809,1.366,-1.595,0.017,0.013,-0.006,-0.61,0.35,120.00,-0.0005,-0.0030,-0.0006,773.0623,767.4834,768.4709,772.0048
9,0.035,-1.275,4.45,0.863,1.373,0.812,1.367,-1.595,0.015,0.012,-0.008,-0.61,0.34,120.01,0.0001,-0.0023,0.0004,772.7689,767.3926,768.3259,771.8292
9,0.029,-1.265,4.50,0.863,1.373,0.813,1.367,-1.595,0.014,0.012,-0.009,-0.61,0.34,120.00,-0.0003,-0.0027,0.0003,772.5187,767.1437,768.2775,771.4883
9,0.022,-1.255,4.55,0.863,1.373,0.815,1.368,-1.595,0.013,0.012,-0.010,-0.61,0.33,120.00,-0.0006,-0.0019,-0.0006,771.9783,766.9769,767.7297,771.3784
9,0.015,-1.244,4.60,0.863,1.373,0.816,1.368,-1.595,0.012,0.012,-0.010,-0.61,0.33,120.00,-0.0004,-0.0001,-0.0010,771.9584,766.6267,767.7007,770.8119
9,0.008,-1.233,4.65,0.863,1.373,0.818,1.370,-1.595,0.011,0.013,-0.010,-0.61,0.33,120.00,0.0004,0.0013,-0.0003,771.7244,766.6436,767.5090,770.7229
9,0.000,-1.221,4.70,0.863,1.373,0.818,1.370,-1.595,0.010,0.013,-0.010,-0.61,0.33,120.00,0.0023,0.0014,-0.0003,771.6470,766.5633,767.6525,770.4497
9,-0.008,-1.209,4.75,0.863,1.373,0.820,1.372,-1.596,0.009,0.013,-0.010,-0.60,0.34,120.00,0.0024,0.0021,-0.0005,771.4877,766.5369,767.0181,770.7834
9,-0.017,-1.197,4.80,0.863,1.373,0.821,1.372,-1.597,0.008,0.013,-0.010,-0.60,0.35,120.00,0.0012,0.0033,0.0001,771.4962,766.3181,767.4371,770.0914
9,-0.026,-1.185,4.85,0.863,1.373,0.823,1.374,-1.598,0.007,0.014,-0.010,-0.59,0.36,120.00,0.0023,0.0034,0.0008,771.3776,766.1382,767.0640,770.1551
9,-0.035,-1.172,4.90,0.863,1.373,0.823,1.375,-1.598,0.006,0.014,-0.009,-0.59,0.37,120.00,0.0021,0.0045,0.0002,771.1299,766.1233,767.1072,770.0407
9,-0.045,-1.159,4.95,0.863,1.373,0.825,1.377,-1.599,0.004,0.015,-0.008,-0.58,0.38,120.00,0.0017,0.0050,-0.0001,770.9863,765.9811,766.9875,769.9263
9,-0.055,-1.145,5.00,0.863,1.373,0.806,1.386,-1.621,-0.009,-0.001,0.013,-0.87,0.62,120.00,-0.0043,0.0018,0.0001,770.7838,765.3063,766.4849,769.6391
9,-0.065,-1.131,5.05,0.863,1.373,0.806,1.386,-1.621,-0.009,-0.001,0.013,-0.87,0.62,120.00,-0.0043,0.0018,0.0001,770.7838,765.3063,766.4849,769.6391
9,-0.076,-1.118,5.10,0.863,1.373,0.805,1.386,-1.621,-0.007,-0.002,0.014,-0.88,0.63,120.00,-0.0035,0.0012,0.0003,770.6020,765.6003,766.5385,769.8339
9,-0.087,-1.104,5.15,0.863,1.373,0.804,1.386,-1.621,-0.006,-0.002,0.015,-0.89,0.63,120.00,-0.0024,0.0016,0.0003,770.6565,765.6934,766.9298,769.6449
9,-0.099,-1.089,5.20,0.863,1.373,0.803,1.386,-1.622,-0.004,-0.003,0.016,-0.90,0.63,120.00,-0.0025,0.0004,-0.0001,770.8828,765.8109,767.1142,769.7923
9,-0.110,-1.075,5.25,0.863,1.373,0.802,1.386,-1.622,-0.003,-0.003,0.016,-0.90,0.63,120.00,-0.0017,0.0004,-0.0002,771.0066,765.9836,767.1572,770.0388
9,-0.122,-1.060,5.30,0.863,1.373,0.801,1.386,-1.621,-0.001,-0.003,0.017,-0.90,0.63,120.00,-0.0003,-0.0006,-0.0001,771.7017,765.7067,767.2992,770.1879
9,-0.134,-1.046,5.35,0.863,1.373,0.801,1.386,-1.621,0.000,-0.004,0.017,-0.91,0.63,120.00,-0.0003,-0.0003,-0.0000,771.7040,765.9106,767.4548,770.2910
9,-0.147,-1.031,5.40,0.863,1.373,0.800,1.386,-1.621,0.002,-0.004,0.017,-0.91,0.63,120.00,-0.0004,-0.0009,0.0009,771.9068,765.9877,767.5266,770.4879
9,-0.159,-1.016,5.45,0.863,1.373,0.800,1.386,-1.621,0.003,-0.005,0.017,-0.91,0.62,120.01,-0.0005,-0.0014,0.0008,771.5774,766.4850,767.5049,770.8384
9,-0.172,-1.001,5.50,0.863,1.373,0.799,1.386,-1.620,0.006,-0.005,0.017,-0.91,0.62,120.01,0.0003,-0.0010,0.0004,771.8315,766.2502,767.5390,770.8391
9,-0.185,-0.987,5.55,0.863,1.373,0.799,1.386,-1.620,0.007,-0.005,0.017,-0.90,0.61,120.00,0.0016,-0.0013,-0.0010,771.9006,766.2181,767.8135,770.5529
9,-0.198,-0.972,5.60,0.863,1.373,0.799,1.386,-1.620,0.009,-0.005,0.017,-0.90,0.61,120.01,0.0002,-0.0008,0.0001,771.5333,766.5179,768.0106,770.2385
9,-0.211,-0.957,5.65,0.863,1.373,0.800,1.386,-1.620,0.010,-0.005,0.016,-0.90,0.61,120.01,0.0013,-0.0019,-0.0005,771.7156,766.2117,767.5599,770.5444
9,-0.224,-0.942,5.70,0.863,1.373,0.801,1.386,-1.620,0.013,-0.005,0.016,-0.90,0.60,120.01,0.0021,-0.0017,0.0003,771.5935,766.1932,767.5428,770.4227
9,-0.237,-0.928,5.75,0.863,1.373,0.801,1.386,-1.620,0.014,-0.005,0.016,-0.89,0.60,120.01,0.0040,-0.0025,-0.0008,771.6243,766.1552,767.3882,770.5251
9,-0.251,-0.913,5.80,0.863,1.373,0.803,1.387,-1.620,0.017,-0.005,0.016,-0.88,0.59,120.00,0.0043,-0.0015,-0.0002,771.5066,766.4277,767.5267,770.4022
9,-0.264,-0.899,5.85,0.863,1.373,0.803,1.387,-1.620,0.018,-0.005,0.016,-0.86,0.58,120.00,0.0058,-0.0018,-0.0009,771.7288,766.2953,767.4132,770.5018
9,-0.277,-0.885,5.90,0.863,1.373,0.805,1.387,-1.620,0.020,-0.005,0.016,-0.85,0.58,120.00,0.0063,-0.0021,-0.0001,771.9215,766.3785,767.5580,770.4986
9,-0.291,-0.871,5.95,0.863,1.373,0.806,1.387,-1.619,0.021,-0.005,0.017,-0.83,0.57,120.00,0.0061,-0.0018,-0.0009,771.8756,766.6034,767.6296,770.8851
9,-0.304,-0.857,6.00,0.863,1.373,0.827,1.371,-1.608,0.009,-0.010,0.004,-0.75,0.40,120.00,-0.0088,-0.0017,0.0002,772.1530,766.8096,768.0828,770.8686
9,-0.317,-0.843,6.05,0.863,1.373,0.827,1.371,-1.608,0.009,-0.010,0.004,-0.75,0.40,120.00,-0.0088,-0.0017,0.0002,772.1530,766.8096,768.0828,770.8686
9,-0.330,-0.830,6.10,0.863,1.373,0.827,1.370,-1.607,0.009,-0.010,0.004,-0.76,0.39,120.00,-0.0085,-0.0019,0.0004,772.1669,766.7054,767.8965,770.9326
9,-0.343,-0.817,6.15,0.863,1.373,0.826,1.369,-1.607,0.007,-0.011,0.003,-0.79,0.39,120.00,-0.0091,-0.0020,-0.0005,772.0775,766.7126,767.6630,771.0956
9,-0.356,-0.804,6.20,0.863,1.373,0.825,1.368,-1.607,0.007,-0.011,0.003,-0.81,0.39,120.00,-0.0094,-0.0016,-0.0000,771.7838,766.8243,767.7217,770.7372
9,-0.369,-0.791,6.25,0.863,1.373,0.825,1.366,-1.608,0.007,-0.011,0.003,-0.84,0.38,120.00,-0.0088,-0.0011,-0.0010,771.4329,766.9468,767.3462,770.9290
9,-0.381,-0.779,6.30,0.863,1.373,0.825,1.365,-1.608,0.007,-0.011,0.002,-0.86,0.38,120.00,-0.0092,-0.0003,-0.0001,771.5004,766.7087,767.7297,770.2229
9,-0.393,-0.767,6.35,0.863,1.373,0.825,1.364,-1.608,0.008,-0.011,0.002,-0.89,0.38,120.00,-0.0067,-0.0013,0.0005,771.3895,766.5131,767.4821,770.3996
9,-0.406,-0.756,6.40,0.863,1.373,0.825,1.363,-1.608,0.009,-0.011,0.002,-0.90,0.37,120.00,-0.0060,-0.0026,0.0001,771.0457,766.5932,767.4422,770.2318
9,-0.417,-0.745,6.45,0.863,1.373,0.827,1.362,-1.609,0.012,-0.011,0.003,-0.92,0.36,120.00,-0.0024,-0.0043,0.0002,770.9717,766.5406,767.3229,770.3112
9,-0.429,-0.734,6.50,0.863,1.373,0.827,1.361,-1.609,0.013,-0.010,0.003,-0.92,0.35,120.00,-0.0007,-0.0067,-0.0006,770.4190,766.8693,767.0259,770.4261
9,-0.440,-0.724,6.55,0.863,1.373,0.829,1.360,-1.610,0.016,-0.010,0.003,-0.92,0.34,120.00,0.0017,-0.0055,0.0001,770.4391,766.7463,767.0166,770.3317
9,-0.452,-0.714,6.60,0.863,1.373,0.830,1.360,-1.610,0.018,-0.010,0.003,-0.92,0.32,120.00,0.0043,-0.0063,0.0001,770.5959,766.6533,767.0748,770.3255
9,-0.462,-0.705,6.65,0.863,1.373,0.833,1.359,-1.610,0.021,-0.009,0.004,-0.90,0.30,120.00,0.0065,-0.0074,-0.0007,770.8245,766.4048,767.3063,770.0854
9,-0.473,-0.696,6.70,0.863,1.373,0.834,1.359,-1.610,0.022,-0.009,0.004,-0.88,0.28,120.01,0.0072,-0.0063,-0.0003,770.7953,766.4936,767.1033,770.3971
9,-0.483,-0.688,6.75,0.863,1.373,0.837,1.358,-1.610,0.025,-0.008,0.005,-0.85,0.26,120.01,0.0090,-0.0076,0.0002,770.8262,766.6190,767.0632,770.6154
9,-0.493,-0.680,6.80,0.863,1.373,0.838,1.358,-1.610,0.026,-0.007,0.005,-0.83,0.24,120.00,0.0096,-0.0070,-0.0008,770.7838,766.7818,767.2744,770.5339
9,-0.502,-0.672,6.85,0.863,1.373,0.841,1.357,-1.611,0.028,-0.006,0.005,-0.80,0.22,120.01,0.0106,-0.0055,0.0001,770.8771,766.8040,767.3364,770.5403
9,-0.511,-0.665,6.90,0.863,1.373,0.842,1.357,-1.611,0.028,-0.006,0.005,-0.78,0.21,120.01,0.0091,-0.0046,0.0001,771.0417,766.4567,767.5472,770.3176
9,-0.520,-0.659,6.95,0.863,1.373,0.844,1.357,-1.611,0.029,-0.005,0.006,-0.74,0.19,120.01,0.0098,-0.0047,-0.0005,770.8586,766.6072,767.3640,770.3159
9,-0.528,-0.653,7.00,0.863,1.373,0.876,1.371,-1.606,0.010,0.002,0.002,-0.44,0.11,120.00,0.0010,0.0045,-0.0009,770.8992,767.7083,767.6782,771.0590
9,-0.536,-0.648,7.05,0.863,1.373,0.876,1.371,-1.606,0.010,0.002,0.002,-0.44,0.11,120.00,0.0010,0.0045,-0.0009,770.8992,767.7083,767.6782,771.0590
9,-0.543,-0.643,7.10,0.863,1.373,0.876,1.373,-1.606,0.008,0.002,0.001,-0.43,0.13,120.00,0.0005,0.0053,-0.0002,770.8279,767.7263,767.6246,770.8688
9,-0.550,-0.639,7.15,0.863,1.373,0.876,1.374,-1.605,0.007,0.002,0.001,-0.43,0.15,120.00,0.0004,0.0059,0.0002,770.7225,767.9754,767.3994,771.1698
9,-0.557,-0.636,7.20,0.863,1.373,0.877,1.375,-1.605,0.006,0.001,0.001,-0.43,0.16,120.00,0.0005,0.0062,-0.0002,770.5934,768.2507,767.2227,771.4959
9,-0.563,-0.633,7.25,0.863,1.373,0.877,1.376,-1.604,0.006,0.000,0.001,-0.43,0.18,120.00,-0.0009,0.0032,-0.0009,770.8615,768.2451,767.9037,771.0342
9,-0.568,-0.631,7.30,0.863,1.373,0.878,1.377,-1.604,0.005,-0.001,0.000,-0.43,0.18,120.00,-0.0000,0.0016,-0.0005,771.0023,768.2426,767.8990,771.1570
9,-0.573,-0.629,7.35,0.863,1.373,0.878,1.377,-1.603,0.004,-0.002,0.000,-0.44,0.19,120.00,0.0011,0.0013,0.0005,771.1282,768.1444,767.7197,771.5574
9,-0.577,-0.628,7.40,0.863,1.373,0.878,1.378,-1.603,0.003,-0.004,-0.000,-0.44,0.19,120.00,-0.0002,0.0008,-0.0001,770.8567,768.4689,767.8383,771.4999
9,-0.581,-0.627,7.45,0.863,1.373,0.878,1.378,-1.602,0.003,-0.005,-0.001,-0.44,0.19,120.00,-0.0013,-0.0004,-0.0002,770.9019,768.4406,767.7810,771.5166
9,-0.585,-0.627,7.50,0.863,1.373,0.878,1.378,-1.602,0.002,-0.007,-0.001,-0.44,0.19,120.00,-0.0029,-0.0012,-0.0004,770.6846,768.6127,767.9705,771.3329
9,-0.588,-0.628,7.55,0.863,1.373,0.877,1.378,-1.602,0.002,-0.008,-0.001,-0.45,0.19,120.00,-0.0017,-0.0014,0.0004,770.8705,768.4221,767.7532,771.5588
9,-0.590,-0.629,7.60,0.863,1.373,0.877,1.378,-1.601,0.000,-0.010,-0.002,-0.45,0.18,120.00,-0.0036,-0.0016,0.0003,770.5470,768.6381,767.7033,771.5425
9,-0.592,-0.631,7.65,0.863,1.373,0.876,1.378,-1.601,0.000,-0.011,-0.002,-0.46,0.17,120.00,-0.0032,-0.0019,0.0011,770.5699,768.2571,767.5348,771.5344
9,-0.594,-0.633,7.70,0.863,1.373,0.876,1.379,-1.601,-0.000,-0.013,-0.003,-0.48,0.16,120.00,-0.0044,-0.0027,0.0006,770.3826,768.1539,767.6433,771.3098
9,-0.594,-0.636,7.75,0.863,1.373,0.875,1.379,-1.601,-0.001,-0.014,-0.003,-0.49,0.16,120.00,-0.0040,-0.0033,-0.0001,770.6126,767.8984,767.7793,770.9321
9,-0.595,-0.640,7.80,0.863,1.373,0.874,1.379,-1.602,-0.001,-0.015,-0.003,-0.50,0.15,120.00,-0.0050,-0.0023,-0.0004,770.2361,768.1664,767.5635,770.9192
9,-0.594,-0.644,7.85,0.863,1.373,0.874,1.379,-1.602,-0.001,-0.016,-0.003,-0.51,0.14,120.00,-0.0043,-0.0022,-0.0001,770.2615,768.1505,767.6469,770.8560
9,-0.594,-0.648,7.90,0.863,1.373,0.873,1.378,-1.602,-0.001,-0.017,-0.003,-0.53,0.14,120.00,-0.0038,-0.0023,-0.0007,770.0884,768.1407,767.3045,770.9636
9,-0.592,-0.654,7.95,0.863,1.373,0.873,1.378,-1.602,-0.001,-0.018,-0.003,-0.53,0.13,120.00,-0.0032,-0.0026,0.0002,770.0002,767.9943,767.3306,770.6742
9,-0.591,-0.659,8.00,0.863,1.373,0.873,1.354,-1.602,0.006,-0.013,-0.002,-0.59,-0.19,120.00,0.0017,0.0020,-0.0002,770.3118,768.4464,767.5293,771.2689
9,-0.588,-0.666,8.05,0.863,1.373,0.873,1.354,-1.602,0.006,-0.013,-0.002,-0.59,-0.19,120.00,0.0017,0.0020,-0.0002,770.3118,768.4464,767.5293,771.2689
9,-0.585,-0.673,8.10,0.863,1.373,0.873,1.354,-1.602,0.006,-0.012,-0.002,-0.59,-0.19,120.00,0.0010,0.0019,0.0005,770.2839,768.5361,767.6200,771.1704
9,-0.582,-0.680,8.15,0.863,1.373,0.872,1.354,-1.602,0.005,-0.010,-0.003,-0.58,-0.18,120.00,0.0002,0.0039,-0.0002,770.0078,768.7004,767.4462,771.2565
9,-0.578,-0.688,8.20,0.863,1.373,0.872,1.354,-1.602,0.005,-0.009,-0.003,-0.58,-0.18,120.00,0.0006,0.0028,0.0000,770.0092,768.6940,767.3795,771.2501
9,-0.574,-0.696,8.25,0.863,1.373,0.872,1.355,-1.601,0.004,-0.007,-0.003,-0.58,-0.17,120.00,0.0011,0.0038,0.0004,770.1914,768.4715,767.5519,771.1165
9,-0.569,-0.705,8.30,0.863,1.373,0.872,1.355,-1.601,0.004,-0.006,-0.003,-0.58,-0.16,120.00,0.0019,0.0029,-0.0003,770.2854,768.3713,767.6921,770.9591
9,-0.563,-0.715,8.35,0.863,1.373,0.872,1.355,-1.601,0.004,-0.005,-0.003,-0.57,-0.15,120.00,0.0014,0.0039,0.0001,770.3854,768.4188,767.6712,770.8725
9,-0.557,-0.724,8.40,0.863,1.373,0.872,1.356,-1.601,0.003,-0.004,-0.004,-0.57,-0.13,120.00,0.0016,0.0043,0.0002,770.0055,768.6871,767.3033,771.3504
9,-0.551,-0.735,8.45,0.863,1.373,0.871,1.357,-1.601,0.002,-0.003,-0.004,-0.56,-0.12,120.00,0.0004,0.0034,-0.0006,770.0453,768.7093,767.5840,771.1625
9,-0.544,-0.745,8.50,0.863,1.373,0.871,1.357,-1.600,0.002,-0.002,-0.004,-0.56,-0.11,120.00,-0.0002,0.0042,0.0002,770.2036,768.5955,767.3590,771.4725
9,-0.537,-0.757,8.55,0.863,1.373,0.870,1.357,-1.600,0.001,-0.002,-0.004,-0.56,-0.10,120.00,-0.0005,0.0047,-0.0001,770.0670,768.7689,767.5918,771.2154
9,-0.529,-0.768,8.60,0.863,1.373,0.869,1.358,-1.600,0.001,-0.002,-0.004,-0.56,-0.09,120.00,-0.0008,0.0034,0.0011,770.2570,768.5226,767.6707,771.1226
9,-0.521,-0.780,8.65,0.863,1.373,0.869,1.358,-1.600,0.001,-0.002,-0.004,-0.56,-0.08,120.00,-0.0007,0.0037,-0.0007,769.7767,768.8910,767.1018,771.6442
9,-0.512,-0.792,8.70,0.863,1.373,0.869,1.358,-1.600,0.001,-0.002,-0.005,-0.57,-0.07,120.00,-0.0021,0.0017,0.0008,769.8663,768.6863,767.3054,771.1746
9,-0.503,-0.805,8.75,0.863,1.373,0.869,1.358,-1.600,0.002,-0.003,-0.005,-0.57,-0.06,120.00,-0.0009,0.0011,0.0005,769.7388,768.6520,767.0643,771.3727
9,-0.494,-0.817,8.80,0.863,1.373,0.870,1.358,-1.600,0.002,-0.003,-0.005,-0.57,-0.06,120.00,-0.0005,0.0012,0.0003,769.5486,768.7677,767.0195,771.3748
9,-0.484,-0.830,8.85,0.863,1.373,0.870,1.358,-1.601,0.003,-0.003,-0.005,-0.57,-0.06,120.00,0.0009,-0.0015,-0.0004,769.7067,768.5713,767.0967,771.2654
9,-0.474,-0.844,8.90,0.863,1.373,0.871,1.358,-1.601,0.004,-0.003,-0.005,-0.57,-0.07,120.00,0.0019,-0.0015,-0.0009,769.5240,768.6109,767.0905,771.0879
9,-0.464,-0.857,8.95,0.863,1.373,0.872,1.358,-1.601,0.005,-0.004,-0.004,-0.57,-0.07,120.00,0.0023,-0.0036,0.0004,769.7438,768.3507,767.2262,770.8788
9,-0.453,-0.871,9.00,0.863,1.373,0.894,1.359,-1.613,-0.002,-0.007,0.011,-0.37,-0.23,120.00,0.0011,-0.0040,-0.0003,770.0323,768.7115,767.4114,771.3132
9,-0.442,-0.885,9.05,0.863,1.373,0.894,1.359,-1.613,-0.002,-0.007,0.011,-0.37,-0.23,120.00,0.0011,-0.0040,-0.0003,770.0323,768.7115,767.4114,771.3132
9,-0.431,-0.900,9.10,0.863,1.373,0.895,1.358,-1.613,-0.002,-0.007,0.011,-0.38,-0.24,120.00,-0.0018,-0.0040,-0.0001,770.4039,768.4323,767.5588,771.3669
9,-0.419,-0.914,9.15,0.863,1.373,0.895,1.357,-1.612,-0.005,-0.007,0.010,-0.38,-0.25,120.00,-0.0016,-0.0027,-0.0001,770.0674,768.8871,767.5729,771.4195
9,-0.407,-0.928,9.20,0.863,1.373,0.895,1.357,-1.612,-0.006,-0.007,0.010,-0.38,-0.26,120.00,-0.0016,-0.0030,0.0001,770.1473,768.8744,767.4493,771.5017
9,-0.395,-0.943,9.25,0.863,1.373,0.894,1.356,-1.612,-0.008,-0.007,0.009,-0.39,-0.27,120.00,-0.0038,-0.0018,-0.0006,770.2757,768.6466,767.5687,771.3230
9,-0.383,-0.958,9.30,0.863,1.373,0.894,1.356,-1.612,-0.009,-0.007,0.009,-0.40,-0.27,120.00,-0.0039,-0.0010,0.0005,770.0389,768.8319,767.4759,771.3759
9,-0.370,-0.973,9.35,0.863,1.373,0.893,1.355,-1.611,-0.012,-0.006,0.008,-0.41,-0.27,120.00,-0.0058,-0.0002,-0.0001,770.2327,768.4578,767.6403,771.1267
9,-0.358,-0.987,9.40,0.863,1.373,0.893,1.355,-1.611,-0.013,-0.006,0.008,-0.43,-0.27,120.00,-0.0059,0.0019,-0.0004,769.9473,768.7947,767.3811,771.4249
9,-0.345,-1.002,9.45,0.863,1.373,0.893,1.354,-1.611,-0.016,-0.004,0.007,-0.44,-0.27,120.00,-0.0063,0.0018,0.0003,770.1745,768.5031,767.3099,771.4711
9,-0.332,-1.017,9.50,0.863,1.373,0.892,1.354,-1.610,-0.017,-0.004,0.007,-0.46,-0.27,120.00,-0.0048,0.0026,0.0002,770.0423,768.4558,767.4803,771.1901
9,-0.319,-1.032,9.55,0.863,1.373,0.892,1.354,-1.610,-0.019,-0.002,0.006,-0.48,-0.26,120.00,-0.0061,0.0030,0.0001,769.8832,768.5267,767.3304,771.2104
9,-0.306,-1.046,9.60,0.863,1.373,0.892,1.354,-1.610,-0.019,-0.001,0.006,-0.49,-0.25,120.00,-0.0037,0.0045,-0.0009,769.9199,768.3245,767.2283,771.1393
9,-0.292,-1.061,9.65,0.863,1.373,0.892,1.355,-1.610,-0.021,0.001,0.006,-0.50,-0.23,120.00,-0.0026,0.0047,0.0001,769.9194,768.3162,767.3890,770.7744
9,-0.279,-1.076,9.70,0.863,1.373,0.892,1.355,-1.610,-0.021,0.001,0.006,-0.51,-0.22,120.00,-0.0029,0.0058,0.0002,769.9700,768.2430,767.2739,770.9331
9,-0.266,-1.090,9.75,0.863,1.373,0.891,1.356,-1.610,-0.022,0.003,0.005,-0.52,-0.21,120.00,-0.0009,0.0051,0.0003,769.9195,768.2578,767.1960,770.9540
9,-0.252,-1.104,9.80,0.863,1.373,0.891,1.356,-1.610,-0.022,0.004,0.005,-0.52,-0.19,120.00,-0.0003,0.0057,0.0000,769.8673,768.3910,767.1357,771.1118
9,-0.239,-1.118,9.85,0.863,1.373,0.891,1.357,-1.609,-0.023,0.005,0.005,-0.52,-0.18,120.00,0.0004,0.0051,-0.0002,770.0376,768.3525,767.3950,770.9370
9,-0.226,-1.132,9.90,0.863,1.373,0.891,1.357,-1.609,-0.023,0.006,0.005,-0.52,-0.17,119.99,0.0009,0.0058,-0.0002,770.0596,768.3990,767.3640,770.9343
9,-0.213,-1.146,9.95,0.863,1.373,0.890,1.359,-1.608,-0.024,0.007,0.005,-0.52,-0.15,119.99,0.0015,0.0061,-0.0000,770.0241,768.6368,767.2307,771.2642
10,0.603,3.576,0.00,0.863,1.373,0.974,1.585,-1.610,0.174,0.028,0.004,2.91,1.64,119.95,0.0264,-0.0363,0.0029,767.7236,772.4659,775.7068,762.7064
10,0.527,3.449,0.05,0.863,1.373,0.974,1.585,-1.610,0.174,0.028,0.004,2.91,1.64,119.95,0.0264,-0.0363,0.0029,767.7236,772.4659,775.7068,762.7064
10,0.454,3.324,0.10,0.863,1.373,0.984,1.584,-1.609,0.172,0.009,0.003,2.98,1.54,119.94,0.0222,-0.0389,0.0015,767.3099,772.7548,775.6474,762.6147
10,0.385,3.201,0.15,0.863,1.373,0.988,1.583,-1.608,0.171,0.001,0.003,3.05,1.42,119.94,0.0183,-0.0412,0.0025,767.0019,773.1755,775.6695,762.6071
10,0.320,3.082,0.20,0.863,1.373,0.997,1.580,-1.607,0.167,-0.015,0.002,3.09,1.31,119.94,0.0157,-0.0421,0.0019,767.0098,773.2203,775.4872,762.7214
10,0.260,2.965,0.25,0.863,1.373,1.001,1.578,-1.607,0.165,-0.022,0.001,3.14,1.19,119.93,0.0126,-0.0418,0.0028,766.9119,773.2553,775.6990,762.4238
10,0.204,2.851,0.30,0.863,1.373,1.011,1.573,-1.606,0.160,-0.038,0.001,3.17,1.07,119.93,0.0107,-0.0432,0.0040,766.6403,773.4415,775.7668,762.3369
10,0.152,2.742,0.35,0.863,1.373,1.015,1.570,-1.606,0.158,-0.045,0.000,3.20,0.94,119.93,0.0064,-0.0427,0.0033,766.3755,773.6769,775.3303,762.7204
10,0.106,2.636,0.40,0.863,1.373,1.023,1.565,-1.605,0.152,-0.058,-0.000,3.22,0.83,119.93,0.0050,-0.0431,0.0038,766.7704,773.2151,775.5771,762.4045
10,0.064,2.535,0.45,0.863,1.373,1.026,1.561,-1.605,0.149,-0.064,-0.001,3.23,0.70,119.93,0.0032,-0.0435,0.0037,766.3469,773.2969,775.3903,762.2701
10,0.027,2.439,0.50,0.863,1.373,1.034,1.553,-1.605,0.141,-0.076,-0.002,3.24,0.58,119.92,0.0001,-0.0429,0.0042,765.9103,773.2758,775.1105,762.0670
10,-0.004,2.348,0.55,0.863,1.373,1.037,1.550,-1.606,0.137,-0.081,-0.002,3.24,0.45,119.92,-0.0020,-0.0421,0.0040,765.6674,773.1251,774.9155,761.9305
10,-0.031,2.262,0.60,0.863,1.373,1.043,1.543,-1.606,0.129,-0.090,-0.002,3.23,0.34,119.92,-0.0042,-0.0411,0.0044,765.4130,772.9665,774.7183,761.7561
10,-0.051,2.181,0.65,0.863,1.373,1.046,1.539,-1.607,0.125,-0.094,-0.002,3.22,0.22,119.92,-0.0057,-0.0386,0.0045,764.9491,772.9489,774.7364,761.4242
10,-0.067,2.107,0.70,0.863,1.373,1.051,1.531,-1.608,0.116,-0.101,-0.002,3.21,0.12,119.93,-0.0074,-0.0361,0.0046,764.5928,772.8174,774.2753,761.4823
10,-0.077,2.039,0.75,0.863,1.373,1.054,1.527,-1.608,0.111,-0.103,-0.001,3.19,0.01,119.93,-0.0080,-0.0336,0.0043,764.2877,772.7789,774.4429,761.1342
10,-0.081,1.976,0.80,0.863,1.373,1.058,1.520,-1.609,0.103,-0.107,-0.001,3.17,-0.08,119.93,-0.0079,-0.0320,0.0043,764.0146,772.7933,774.3981,761.0032
10,-0.080,1.921,0.85,0.863,1.373,1.060,1.516,-1.610,0.099,-0.109,-0.000,3.15,-0.17,119.94,-0.0094,-0.0278,0.0047,764.0834,772.4998,774.2943,761.0213
10,-0.074,1.872,0.90,0.863,1.373,1.064,1.508,-1.611,0.089,-0.112,0.001,3.12,-0.25,119.94,-0.0084,-0.0274,0.0034,763.7465,772.6540,774.0301,761.2592
10,-0.062,1.830,0.95,0.863,1.373,1.066,1.505,-1.611,0.085,-0.112,0.001,3.10,-0.32,119.95,-0.0080,-0.0241,0.0053,763.4554,772.8129,773.9623,761.4439
10,-0.044,1.795,1.00,0.863,1.373,1.065,1.420,-1.608,-0.028,-0.062,0.004,2.66,-0.76,119.99,-0.0042,0.0060,0.0000,763.6664,774.7932,774.9030,762.5581
10,-0.021,1.766,1.05,0.863,1.373,1.065,1.420,-1.608,-0.028,-0.062,0.004,2.66,-0.76,119.99,-0.0042,0.0060,0.0000,763.6664,774.7932,774.9030,762.5581
10,0.007,1.745,1.10,0.863,1.373,1.064,1.420,-1.608,-0.029,-0.060,0.004,2.65,-0.74,119.98,-0.0025,0.0064,-0.0007,763.3734,775.1290,774.6465,762.7838
10,0.040,1.731,1.15,0.863,1.373,1.061,1.418,-1.608,-0.033,-0.057,0.004,2.64,-0.73,119.98,-0.0008,0.0070,0.0006,763.5367,774.9308,774.3052,763.0527
10,0.079,1.725,1.20,0.863,1.373,1.059,1.418,-1.608,-0.035,-0.056,0.004,2.64,-0.71,119.98,0.0010,0.0082,0.0001,763.4354,774.7778,774.0634,763.0509
10,0.123,1.725,1.25,0.863,1.373,1.056,1.417,-1.609,-0.040,-0.054,0.003,2.64,-0.68,119.98,0.0004,0.0085,-0.0008,763.6549,774.3059,773.7658,763.0898
10,0.171,1.733,1.30,0.863,1.373,1.054,1.416,-1.609,-0.042,-0.053,0.003,2.64,-0.66,119.98,0.0000,0.0087,0.0001,763.4140,774.2815,773.1364,763.3751
10,0.224,1.748,1.35,0.863,1.373,1.050,1.415,-1.609,-0.047,-0.053,0.004,2.64,-0.64,119.98,-0.0015,0.0083,0.0003,763.4932,773.9999,773.1765,763.1079
10,0.282,1.771,1.40,0.863,1.373,1.048,1.415,-1.610,-0.050,-0.053,0.004,2.64,-0.62,119.98,-0.0028,0.0084,0.0009,763.6865,773.6688,772.8193,763.4551
10,0.344,1.800,1.45,0.863,1.373,1.043,1.414,-1.610,-0.056,-0.053,0.005,2.62,-0.60,119.98,-0.0074,0.0076,0.0001,763.4805,773.7904,772.8229,763.4191
10,0.411,1.836,1.50,0.863,1.373,1.041,1.413,-1.610,-0.059,-0.054,0.005,2.60,-0.58,119.98,-0.0084,0.0072,0.0009,763.5644,773.6050,772.5213,763.5643
10,0.481,1.880,1.55,0.863,1.373,1.036,1.412,-1.611,-0.064,-0.055,0.005,2.56,-0.56,119.98,-0.0127,0.0053,0.0006,763.4926,773.6039,772.1682,763.8647
10,0.555,1.930,1.60,0.863,1.373,1.034,1.411,-1.612,-0.067,-0.055,0.006,2.53,-0.55,119.99,-0.0144,0.0064,0.0011,763.9222,772.9421,772.3034,763.5191
10,0.633,1.986,1.65,0.863,1.373,1.028,1.410,-1.612,-0.073,-0.057,0.007,2.48,-0.53,119.99,-0.0167,0.0053,0.0014,763.4781,773.2167,772.0602,763.7067
10,0.714,2.050,1.70,0.863,1.373,1.025,1.409,-1.612,-0.076,-0.058,0.007,2.44,-0.52,119.99,-0.0183,0.0056,0.0007,763.5508,773.1379,772.0083,763.8514
10,0.798,2.119,1.75,0.863,1.373,1.020,1.407,-1.613,-0.080,-0.060,0.008,2.38,-0.51,119.99,-0.0200,0.0044,0.0004,763.5632,773.2562,771.6530,764.3677
10,0.885,2.194,1.80,0.863,1.373,1.017,1.406,-1.613,-0.082,-0.061,0.008,2.32,-0.49,119.99,-0.0218,0.0033,0.0007,763.5409,773.4109,771.7734,764.3716
10,0.975,2.276,1.85,0.863,1.373,1.011,1.403,-1.613,-0.087,-0.064,0.009,2.26,-0.49,119.99,-0.0220,0.0016,0.0014,763.6642,773.3962,771.7137,764.5811
10,1.067,2.362,1.90,0.863,1.373,1.009,1.401,-1.613,-0.088,-0.066,0.010,2.20,-0.48,120.00,-0.0225,0.0005,0.0023,763.9478,773.2424,771.6860,764.7168
10,1.160,2.455,1.95,0.863,1.373,1.003,1.397,-1.613,-0.091,-0.068,0.010,2.13,-0.49,120.00,-0.0229,-0.0021,0.0021,763.7434,773.6610,772.0155,764.8432
10,1.256,2.552,2.00,0.863,1.373,0.919,1.339,-1.605,-0.072,-0.042,0.003,1.09,-0.68,120.01,-0.0043,0.0018,-0.0003,765.3395,773.1393,771.7329,766.4318
10,1.353,2.654,2.05,0.863,1.373,0.919,1.339,-1.605,-0.072,-0.042,0.003,1.09,-0.68,120.01,-0.0043,0.0018,-0.0003,765.3395,773.1393,771.7329,766.4318
10,1.451,2.760,2.10,0.863,1.373,0.917,1.338,-1.605,-0.071,-0.040,0.002,1.07,-0.68,120.01,-0.0032,0.0013,-0.0003,765.5084,772.8986,772.1342,765.8432
10,1.549,2.870,2.15,0.863,1.373,0.913,1.336,-1.605,-0.067,-0.036,0.002,1.06,-0.68,120.01,-0.0048,0.0023,0.0010,765.5589,772.5639,772.0206,765.6901
10,1.649,2.984,2.20,0.863,1.373,0.911,1.335,-1.605,-0.066,-0.034,0.002,1.05,-0.68,120.01,-0.0052,0.0015,0.0004,765.0490,772.9061,771.5798,766.0223
10,1.748,3.101,2.25,0.863,1.373,0.907,1.333,-1.606,-0.062,-0.029,0.002,1.03,-0.67,120.01,-0.0056,0.0001,-0.0005,764.7827,772.9703,772.0335,765.4090
10,1.847,3.222,2.30,0.863,1.373,0.905,1.332,-1.606,-0.060,-0.027,0.002,1.02,-0.67,120.01,-0.0060,0.0023,0.0002,764.9735,772.5448,772.0591,765.0876
10,1.946,3.345,2.35,0.863,1.373,0.902,1.331,-1.606,-0.056,-0.021,0.002,1.00,-0.67,120.01,-0.0045,0.0011,-0.0003,764.7866,772.6152,771.9384,765.0659
10,2.045,3.470,2.40,0.863,1.373,0.901,1.330,-1.607,-0.054,-0.019,0.002,0.99,-0.66,120.01,-0.0037,0.0024,-0.0000,764.4481,772.7905,772.0767,764.9020
10,2.142,3.598,2.45,0.863,1.373,0.898,1.330,-1.607,-0.048,-0.012,0.002,0.99,-0.65,120.01,-0.0017,0.0033,0.0000,764.7003,772.6503,772.2720,764.8255
10,2.238,3.726,2.50,0.863,1.373,0.897,1.330,-1.607,-0.045,-0.009,0.002,0.99,-0.64,120.01,0.0017,0.0049,-0.0001,764.8140,772.5864,772.5817,764.7136
10,2.332,3.856,2.55,0.863,1.373,0.896,1.329,-1.607,-0.039,-0.003,0.003,0.99,-0.63,120.01,0.0038,0.0038,0.0007,764.9071,772.5333,772.5422,764.8397
10,2.424,3.987,2.60,0.863,1.373,0.896,1.329,-1.607,-0.036,0.000,0.003,1.01,-0.62,120.01,0.0075,0.0045,-0.0003,764.6390,772.8716,772.6439,764.7820
10,2.515,4.118,2.65,0.863,1.373,0.896,1.329,-1.607,-0.028,0.007,0.003,1.03,-0.60,120.00,0.0109,0.0038,-0.0013,764.9689,772.6159,772.7421,764.6665
10,2.602,4.248,2.70,0.863,1.373,0.896,1.330,-1.607,-0.025,0.010,0.003,1.07,-0.59,120.00,0.0141,0.0047,-0.0005,765.2451,772.4308,772.9080,764.4621
10,2.687,4.379,2.75,0.863,1.373,0.897,1.330,-1.607,-0.019,0.016,0.003,1.11,-0.58,120.00,0.0168,0.0027,-0.0004,764.7999,773.0362,772.8362,764.5511
10,2.769,4.508,2.80,0.863,1.373,0.898,1.331,-1.607,-0.016,0.019,0.003,1.16,-0.57,119.99,0.0194,0.0043,-0.0002,765.0688,772.9011,772.7792,764.6494
10,2.848,4.636,2.85,0.863,1.373,0.900,1.333,-1.607,-0.009,0.025,0.003,1.21,-0.56,119.99,0.0207,0.0024,-0.0006,765.2474,772.8550,772.9666,764.5078
10,2.923,4.762,2.90,0.863,1.373,0.901,1.334,-1.607,-0.006,0.028,0.003,1.27,-0.55,119.99,0.0216,0.0030,-0.0005,765.2112,773.0634,773.2103,764.3219
10,2.995,4.887,2.95,0.863,1.373,0.903,1.335,-1.607,-0.001,0.033,0.003,1.33,-0.54,119.98,0.0235,0.0044,0.0003,765.4059,773.0648,773.3249,764.3021
10,3.062,5.008,3.00,0.863,1.373,0.921,1.412,-1.595,-0.007,0.057,-0.007,2.31,0.16,120.02,0.0024,0.0142,-0.0002,766.4061,773.4718,775.1271,765.0270
10,3.126,5.127,3.05,0.863,1.373,0.921,1.412,-1.595,-0.007,0.057,-0.007,2.31,0.16,120.02,0.0024,0.0142,-0.0002,766.4061,773.4718,775.1271,765.0270
10,3.185,5.243,3.10,0.863,1.373,0.920,1.417,-1.593,-0.009,0.054,-0.008,2.31,0.20,120.02,0.0004,0.0140,-0.0006,766.3017,773.7755,775.1859,765.0863
10,3.240,5.355,3.15,0.863,1.373,0.919,1.420,-1.592,-0.010,0.053,-0.009,2.31,0.24,120.02,-0.0046,0.0130,-0.0009,765.9315,774.2840,775.6841,764.7065
10,3.289,5.464,3.20,0.863,1.373,0.918,1.424,-1.591,-0.010,0.050,-0.011,2.29,0.27,120.02,-0.0070,0.0095,-0.0009,766.0397,774.2034,776.2231,764.0496
10,3.334,5.568,3.25,0.863,1.373,0.918,1.426,-1.590,-0.010,0.049,-0.011,2.27,0.30,120.02,-0.0081,0.0080,-0.0006,765.9264,774.2075,776.6652,763.5428
10,3.375,5.667,3.30,0.863,1.373,0.917,1.429,-1.590,-0.007,0.046,-0.013,2.25,0.32,120.02,-0.0080,0.0068,-0.0005,765.3491,774.5302,776.6429,763.2445
10,3.409,5.762,3.35,0.863,1.373,0.917,1.430,-1.589,-0.006,0.046,-0.014,2.23,0.33,120.02,-0.0051,0.0041,-0.0012,765.2987,774.2073,776.8382,762.5355
10,3.439,5.851,3.40,0.863,1.373,0.918,1.434,-1.589,-0.000,0.045,-0.015,2.22,0.34,120.01,-0.0026,0.0024,-0.0020,765.0064,774.2288,776.8264,761.9031
10,3.464,5.935,3.45,0.863,1.373,0.918,1.435,-1.590,0.002,0.044,-0.016,2.22,0.35,120.01,0.0024,0.0015,-0.0020,764.5392,774.2284,776.6434,761.4725
10,3.483,6.014,3.50,0.863,1.373,0.919,1.438,-1.590,0.009,0.045,-0.017,2.23,0.35,120.00,0.0072,0.0012,-0.0021,764.2405,774.1267,776.4543,761.0306
10,3.496,6.086,3.55,0.863,1.373,0.920,1.439,-1.591,0.013,0.045,-0.017,2.26,0.36,120.00,0.0120,0.0003,-0.0020,764.0820,773.9940,776.4752,760.4802
10,3.505,6.152,3.60,0.863,1.373,0.922,1.443,-1.592,0.020,0.046,-0.017,2.30,0.36,119.99,0.0174,-0.0005,-0.0025,763.9658,773.7550,776.3629,760.0342
10,3.507,6.212,3.65,0.863,1.373,0.923,1.444,-1.592,0.024,0.046,-0.017,2.36,0.36,119.99,0.0208,-0.0007,-0.0015,763.7527,773.7503,776.2836,759.5997
10,3.504,6.266,3.70,0.863,1.373,0.925,1.447,-1.594,0.031,0.047,-0.017,2.42,0.35,119.98,0.0242,-0.0011,-0.0014,763.7090,773.5350,776.2405,759.2465
10,3.496,6.312,3.75,0.863,1.373,0.926,1.448,-1.594,0.035,0.048,-0.017,2.50,0.35,119.97,0.0258,-0.0015,-0.0013,763.6227,773.6038,776.3176,758.9107
10,3.482,6.352,3.80,0.863,1.373,0.929,1.451,-1.596,0.042,0.050,-0.016,2.57,0.35,119.97,0.0294,-0.0020,-0.0008,763.7786,773.2058,776.2593,758.7205
10,3.463,6.385,3.85,0.863,1.373,0.931,1.453,-1.597,0.045,0.050,-0.015,2.66,0.35,119.96,0.0302,-0.0002,-0.0023,763.3050,773.6273,776.1918,758.4414
10,3.438,6.411,3.90,0.863,1.373,0.935,1.456,-1.598,0.051,0.052,-0.015,2.75,0.35,119.96,0.0309,-0.0013,-0.0010,763.3309,773.4216,776.4629,757.9683
10,3.408,6.430,3.95,0.863,1.373,0.936,1.457,-1.599,0.054,0.052,-0.014,2.84,0.34,119.96,0.0314,0.0005,-0.0007,762.9864,773.5963,776.1378,758.0634
10,3.373,6.441,4.00,0.863,1.373,0.997,1.489,-1.618,0.022,0.029,0.011,4.18,0.39,119.95,-0.0025,0.0066,-0.0002,763.8533,774.2976,779.0027,756.6187
10,3.333,6.445,4.05,0.863,1.373,0.997,1.489,-1.618,0.022,0.029,0.011,4.18,0.39,119.95,-0.0025,0.0066,-0.0002,763.8533,774.2976,779.0027,756.6187
10,3.287,6.442,4.10,0.863,1.373,0.996,1.490,-1.617,0.017,0.027,0.011,4.17,0.41,119.95,-0.0045,0.0081,0.0004,763.5144,774.7468,779.0948,756.5659
10,3.237,6.432,4.15,0.863,1.373,0.995,1.490,-1.617,0.015,0.027,0.010,4.16,0.43,119.96,-0.0049,0.0073,-0.0004,763.4109,774.7649,779.0881,756.7364
10,3.183,6.415,4.20,0.863,1.373,0.994,1.491,-1.616,0.013,0.025,0.010,4.14,0.45,119.96,-0.0067,0.0061,-0.0007,763.4067,774.8189,779.4591,756.3091
10,3.123,6.390,4.25,0.863,1.373,0.993,1.491,-1.616,0.011,0.025,0.009,4.12,0.48,119.96,-0.0069,0.0062,-0.0003,762.9753,775.1356,779.5127,756.0607
10,3.060,6.358,4.30,0.863,1.373,0.992,1.492,-1.616,0.011,0.024,0.009,4.10,0.49,119.96,-0.0057,0.0060,0.0010,762.8112,775.1984,779.5060,755.9120
10,2.992,6.320,4.35,0.863,1.373,0.992,1.492,-1.616,0.011,0.024,0.008,4.09,0.51,119.96,-0.0043,0.0053,0.0002,762.5895,775.1893,779.6746,755.5482
10,2.920,6.274,4.40,0.863,1.373,0.991,1.493,-1.616,0.011,0.023,0.008,4.08,0.53,119.96,-0.0015,0.0045,-0.0006,762.4971,775.1614,779.8461,755.2579
10,2.845,6.222,4.45,0.863,1.373,0.991,1.493,-1.616,0.012,0.023,0.008,4.08,0.54,119.96,0.0021,0.0044,-0.0002,762.1994,775.5468,779.7834,755.4001
10,2.766,6.163,4.50,0.863,1.373,0.991,1.495,-1.615,0.015,0.023,0.007,4.09,0.55,119.97,0.0046,0.0024,0.0003,762.2782,775.6155,780.1879,755.0125
10,2.684,6.098,4.55,0.863,1.373,0.991,1.495,-1.615,0.016,0.023,0.007,4.11,0.56,119.96,0.0071,0.0033,-0.0008,762.3975,775.6204,779.9160,755.3036
10,2.599,6.026,4.60,0.863,1.373,0.992,1.497,-1.614,0.019,0.024,0.007,4.13,0.57,119.96,0.0103,0.0025,-0.0004,762.3878,775.8104,780.2884,754.9240
10,2.511,5.949,4.65,0.863,1.373,0.992,1.498,-1.614,0.020,0.024,0.006,4.17,0.58,119.96,0.0136,0.0024,-0.0001,762.6333,775.7717,780.5112,754.9174
10,2.420,5.866,4.70,0.863,1.373,0.994,1.499,-1.612,0.024,0.024,0.005,4.20,0.58,119.96,0.0154,0.0028,-0.0007,762.6232,775.8898,780.4601,755.1167
10,2.328,5.777,4.75,0.863,1.373,0.995,1.500,-1.612,0.025,0.024,0.005,4.25,0.59,119.96,0.0178,0.0025,-0.0005,762.7922,776.0677,780.7852,754.8527
10,2.234,5.683,4.80,0.863,1.373,0.997,1.501,-1.611,0.029,0.024,0.004,4.30,0.59,119.96,0.0182,0.0020,-0.0012,762.4861,776.4441,780.9312,754.7163
10,2.138,5.585,4.85,0.863,1.373,0.998,1.502,-1.610,0.030,0.024,0.003,4.37,0.60,119.96,0.0197,0.0002,-0.0005,762.7019,776.3914,780.5359,754.9384
10,2.040,5.481,4.90,0.863,1.373,1.002,1.503,-1.609,0.034,0.023,0.002,4.41,0.60,119.95,0.0209,-0.0006,-0.0002,762.5649,776.5289,780.7686,754.6223
10,1.942,5.374,4.95,0.863,1.373,1.003,1.504,-1.609,0.035,0.023,0.001,4.48,0.60,119.95,0.0223,-0.0023,-0.0012,762.5679,776.5261,780.4783,754.7864
10,1.843,5.262,5.00,0.863,1.373,1.046,1.495,-1.605,0.002,-0.006,-0.005,5.26,0.30,119.95,0.0026,0.0013,-0.0001,760.8464,776.2744,780.2671,752.6688
10,1.744,5.147,5.05,0.863,1.373,1.046,1.495,-1.605,0.002,-0.006,-0.005,5.26,0.30,119.95,0.0026,0.0013,-0.0001,760.8464,776.2744,780.2671,752.6688
10,1.644,5.028,5.10,0.863,1.373,1.046,1.495,-1.605,0.000,-0.006,-0.005,5.27,0.30,119.95,0.0038,0.0014,0.0003,761.1051,776.1268,780.3907,752.6862
10,1.545,4.907,5.15,0.863,1.373,1.047,1.494,-1.605,-0.003,-0.007,-0.005,5.28,0.31,119.96,0.0048,0.0027,0.0006,760.9283,776.3679,780.1921,752.9609
10,1.446,4.783,5.20,0.863,1.373,1.047,1.493,-1.605,-0.005,-0.008,-0.005,5.30,0.31,119.96,0.0056,0.0024,0.0012,760.9351,776.2184,780.0312,753.0491
10,1.349,4.657,5.25,0.863,1.373,1.047,1.492,-1.605,-0.009,-0.011,-0.005,5.31,0.32,119.96,0.0057,0.0027,0.0012,760.8655,776.2200,779.5712,753.4033
10,1.252,4.529,5.30,0.863,1.373,1.047,1.492,-1.605,-0.011,-0.013,-0.005,5.33,0.32,119.97,0.0045,0.0001,0.0006,761.0920,776.0769,779.6528,753.4067
10,1.156,4.400,5.35,0.863,1.373,1.047,1.491,-1.604,-0.016,-0.017,-0.004,5.34,0.33,119.97,0.0031,0.0004,0.0013,761.2278,776.0750,779.5214,753.6849
10,1.063,4.270,5.40,0.863,1.373,1.046,1.490,-1.604,-0.019,-0.019,-0.004,5.34,0.33,119.97,0.0002,-0.0004,0.0009,761.0771,776.3079,779.4803,753.9871
10,0.971,4.139,5.45,0.863,1.373,1.045,1.489,-1.604,-0.025,-0.024,-0.004,5.34,0.33,119.97,-0.0029,-0.0017,0.0007,761.3843,776.1769,779.5399,754.0787
10,0.882,4.009,5.50,0.863,1.373,1.044,1.488,-1.603,-0.027,-0.027,-0.003,5.33,0.32,119.98,-0.0056,-0.0021,0.0005,761.4353,776.3922,779.5526,754.3385
10,0.795,3.878,5.55,0.863,1.373,1.042,1.486,-1.603,-0.033,-0.032,-0.003,5.31,0.31,119.98,-0.0083,-0.0031,0.0002,761.4395,776.5314,779.4238,754.5856
10,0.711,3.748,5.60,0.863,1.373,1.041,1.485,-1.602,-0.036,-0.035,-0.004,5.28,0.30,119.98,-0.0114,-0.0035,0.0013,761.2824,776.6543,779.2354,754.7596
10,0.630,3.619,5.65,0.863,1.373,1.038,1.483,-1.602,-0.042,-0.041,-0.004,5.24,0.29,119.98,-0.0128,-0.0041,0.0013,761.2533,776.6441,778.8588,755.0381
10,0.552,3.491,5.70,0.863,1.373,1.037,1.482,-1.601,-0.044,-0.044,-0.004,5.20,0.28,119.98,-0.0156,-0.0052,0.0010,761.1765,776.7426,779.0172,754.9679
10,0.478,3.366,5.75,0.863,1.373,1.034,1.479,-1.601,-0.049,-0.049,-0.004,5.15,0.26,119.98,-0.0167,-0.0065,0.0007,761.2797,776.5637,778.9874,754.8381
10,0.408,3.242,5.80,0.863,1.373,1.032,1.477,-1.601,-0.051,-0.052,-0.004,5.10,0.24,119.98,-0.0179,-0.0070,0.0015,761.0577,776.7415,778.7401,755.0463
10,0.342,3.121,5.85,0.863,1.373,1.029,1.473,-1.601,-0.056,-0.058,-0.004,5.05,0.22,119.98,-0.0198,-0.0075,0.0014,760.9788,776.8245,778.7649,755.1119
10,0.280,3.003,5.90,0.863,1.373,1.027,1.471,-1.600,-0.059,-0.061,-0.004,4.99,0.20,119.99,-0.0204,-0.0090,0.0017,761.0612,776.7500,778.6645,755.2697
10,0.222,2.889,5.95,0.863,1.373,1.023,1.466,-1.600,-0.063,-0.066,-0.004,4.94,0.17,119.99,-0.0197,-0.0102,0.0009,761.2987,776.3563,778.6208,755.2800
10,0.169,2.778,6.00,0.863,1.373,0.944,1.392,-1.602,-0.071,-0.053,-0.000,3.88,-0.30,120.01,-0.0079,0.0090,0.0000,761.0567,776.2858,778.0082,756.4294
10,0.121,2.671,6.05,0.863,1.373,0.944,1.392,-1.602,-0.071,-0.053,-0.000,3.88,-0.30,120.01,-0.0079,0.0090,0.0000,761.0567,776.2858,778.0082,756.4294
10,0.077,2.568,6.10,0.863,1.373,0.941,1.391,-1.602,-0.071,-0.051,-0.000,3.85,-0.27,120.01,-0.0081,0.0115,-0.0004,761.2502,776.1326,777.9485,756.5176
10,0.039,2.470,6.15,0.863,1.373,0.935,1.390,-1.602,-0.070,-0.048,-0.000,3.84,-0.24,120.01,-0.0057,0.0124,-0.0012,761.1954,776.0754,777.4217,756.9128
10,0.006,2.377,6.20,0.863,1.373,0.932,1.389,-1.603,-0.070,-0.047,0.000,3.83,-0.20,120.01,-0.0016,0.0120,-0.0014,760.6723,776.5416,776.6949,757.5535
10,-0.022,2.290,6.25,0.863,1.373,0.926,1.388,-1.603,-0.070,-0.047,0.000,3.83,-0.17,120.01,-0.0023,0.0127,-0.0003,761.1273,775.9334,776.7252,757.4018
10,-0.045,2.208,6.30,0.863,1.373,0.923,1.388,-1.604,-0.070,-0.047,0.001,3.82,-0.13,120.02,-0.0024,0.0107,0.0010,760.7599,776.0911,775.8921,758.1489
10,-0.062,2.131,6.35,0.863,1.373,0.918,1.387,-1.604,-0.070,-0.049,0.001,3.81,-0.11,120.02,-0.0032,0.0100,-0.0005,760.9315,775.8104,775.5663,758.3901
10,-0.074,2.061,6.40,0.863,1.373,0.916,1.386,-1.604,-0.071,-0.050,0.002,3.79,-0.09,120.02,-0.0064,0.0059,0.0002,761.0676,775.7411,775.4476,758.6464
10,-0.080,1.997,6.45,0.863,1.373,0.911,1.384,-1.604,-0.071,-0.055,0.003,3.78,-0.08,120.02,-0.0080,0.0045,0.0012,761.4435,775.5844,775.3268,759.0801
10,-0.081,1.939,6.50,0.863,1.373,0.909,1.383,-1.604,-0.071,-0.057,0.004,3.74,-0.07,120.02,-0.0101,-0.0004,0.0007,761.5701,775.8999,775.5159,759.4320
10,-0.076,1.888,6.55,0.863,1.373,0.905,1.381,-1.604,-0.072,-0.062,0.004,3.71,-0.08,120.02,-0.0127,-0.0028,0.0005,761.9847,775.8732,775.4884,759.8984
10,-0.066,1.843,6.60,0.863,1.373,0.903,1.380,-1.604,-0.072,-0.065,0.004,3.67,-0.09,120.03,-0.0146,-0.0060,0.0009,762.0730,776.0406,775.4669,760.3690
10,-0.051,1.806,6.65,0.863,1.373,0.899,1.376,-1.603,-0.073,-0.071,0.005,3.63,-0.11,120.03,-0.0168,-0.0071,0.0019,762.3884,776.0728,775.5940,760.7163
10,-0.030,1.775,6.70,0.863,1.373,0.897,1.374,-1.602,-0.074,-0.074,0.004,3.57,-0.14,120.03,-0.0177,-0.0118,0.0019,762.3683,776.3925,775.4244,761.4271
10,-0.003,1.752,6.75,0.863,1.373,0.892,1.370,-1.601,-0.075,-0.080,0.004,3.52,-0.17,120.03,-0.0209,-0.0117,0.0004,762.8846,776.2256,775.6000,761.7709
10,0.029,1.735,6.80,0.863,1.373,0.890,1.368,-1.600,-0.076,-0.083,0.004,3.45,-0.21,120.03,-0.0227,-0.0141,0.0016,763.2355,776.4106,775.9972,761.8223
10,0.066,1.726,6.85,0.863,1.373,0.885,1.361,-1.598,-0.078,-0.089,0.003,3.40,-0.24,120.03,-0.0247,-0.0159,0.0001,763.5126,776.4706,775.9388,762.4001
10,0.107,1.724,6.90,0.863,1.373,0.882,1.358,-1.597,-0.079,-0.092,0.003,3.31,-0.30,120.04,-0.0286,-0.0162,0.0010,763.5397,776.5529,775.7330,762.7432
10,0.154,1.730,6.95,0.863,1.373,0.877,1.352,-1.596,-0.082,-0.097,0.001,3.24,-0.34,120.04,-0.0302,-0.0180,0.0008,763.8906,776.3304,776.0082,762.7165
10,0.206,1.742,7.00,0.863,1.373,0.783,1.247,-1.580,-0.052,-0.050,-0.023,1.56,-0.93,120.05,-0.0073,-0.0037,0.0002,762.9999,774.4608,773.3232,763.4668
10,0.262,1.762,7.05,0.863,1.373,0.783,1.247,-1.580,-0.052,-0.050,-0.023,1.56,-0.93,120.05,-0.0073,-0.0037,0.0002,762.9999,774.4608,773.3232,763.4668
10,0.323,1.789,7.10,0.863,1.373,0.782,1.245,-1.581,-0.049,-0.047,-0.023,1.55,-0.93,120.04,-0.0046,-0.0031,0.0001,762.8375,774.1060,772.7159,763.4898
10,0.388,1.823,7.15,0.863,1.373,0.780,1.242,-1.583,-0.044,-0.040,-0.022,1.54,-0.94,120.04,-0.0021,-0.0037,-0.0007,762.9640,773.4716,772.5663,762.9938
10,0.457,1.864,7.20,0.863,1.373,0.778,1.241,-1.584,-0.041,-0.036,-0.022,1.53,-0.95,120.04,0.0008,-0.0020,-0.0000,762.8213,773.1508,772.1082,763.0193
10,0.530,1.912,7.25,0.863,1.373,0.777,1.239,-1.586,-0.037,-0.029,-0.021,1.54,-0.96,120.04,0.0015,-0.0003,-0.0003,762.5622,773.1461,771.8705,762.9672
10,0.607,1.967,7.30,0.863,1.373,0.776,1.238,-1.587,-0.036,-0.026,-0.020,1.54,-0.96,120.04,0.0031,0.0001,0.0004,762.8575,772.6636,771.8749,762.9058
10,0.687,2.028,7.35,0.863,1.373,0.774,1.237,-1.588,-0.033,-0.020,-0.018,1.56,-0.95,120.04,0.0051,0.0026,0.0005,763.0260,772.6974,771.4258,763.5931
10,0.770,2.095,7.40,0.863,1.373,0.773,1.236,-1.589,-0.032,-0.016,-0.016,1.57,-0.94,120.04,0.0021,0.0028,0.0002,763.2914,772.6456,771.8153,763.4944
10,0.856,2.169,7.45,0.863,1.373,0.770,1.236,-1.590,-0.032,-0.011,-0.015,1.57,-0.93,120.04,0.0008,0.0045,0.0003,763.5289,772.6832,771.7177,763.9021
10,0.945,2.248,7.50,0.863,1.373,0.769,1.235,-1.591,-0.032,-0.008,-0.014,1.57,-0.92,120.04,-0.0017,0.0057,-0.0000,763.8257,772.6378,772.0071,763.9628
10,1.036,2.333,7.55,0.863,1.373,0.766,1.235,-1.591,-0.032,-0.003,-0.013,1.57,-0.90,120.04,-0.0033,0.0082,-0.0006,763.9497,772.8489,771.8931,764.4337
10,1.129,2.423,7.60,0.863,1.373,0.764,1.235,-1.591,-0.032,0.000,-0.012,1.56,-0.88,120.04,-0.0055,0.0099,-0.0006,764.0339,773.0560,772.0176,764.6996
10,1.224,2.519,7.65,0.863,1.373,0.761,1.236,-1.592,-0.032,0.005,-0.011,1.54,-0.85,120.05,-0.0071,0.0112,-0.0005,764.2498,772.8390,772.1176,764.7147
10,1.320,2.619,7.70,0.863,1.373,0.760,1.237,-1.592,-0.032,0.008,-0.011,1.52,-0.82,120.05,-0.0068,0.0113,-0.0011,764.4586,772.6984,772.0746,764.8722
10,1.418,2.724,7.75,0.863,1.373,0.758,1.238,-1.593,-0.032,0.013,-0.010,1.50,-0.78,120.05,-0.0082,0.0126,0.0001,764.1422,772.9245,772.1335,764.7655
10,1.516,2.833,7.80,0.863,1.373,0.757,1.239,-1.593,-0.032,0.016,-0.010,1.48,-0.75,120.05,-0.0076,0.0122,0.0006,764.3746,772.6536,772.3129,764.6897
10,1.615,2.945,7.85,0.863,1.373,0.755,1.241,-1.593,-0.031,0.020,-0.009,1.45,-0.71,120.05,-0.0062,0.0129,-0.0002,764.4141,772.6159,772.3026,764.8829
10,1.715,3.062,7.90,0.863,1.373,0.755,1.242,-1.594,-0.030,0.022,-0.009,1.44,-0.68,120.05,-0.0057,0.0133,-0.0012,764.2476,772.9105,772.1860,765.1558
10,1.814,3.181,7.95,0.863,1.373,0.754,1.245,-1.594,-0.028,0.026,-0.008,1.42,-0.64,120.05,-0.0027,0.0128,-0.0008,764.6043,772.7457,772.2202,765.3105
10,1.913,3.304,8.00,0.863,1.373,0.765,1.274,-1.594,-0.010,0.029,-0.006,1.38,-0.43,120.02,-0.0070,0.0014,0.0020,765.7830,773.1541,772.2860,767.0145
10,2.012,3.428,8.05,0.863,1.373,0.765,1.274,-1.594,-0.010,0.029,-0.006,1.38,-0.43,120.02,-0.0070,0.0014,0.0020,765.7830,773.1541,772.2860,767.0145
10,2.109,3.555,8.10,0.863,1.373,0.765,1.275,-1.594,-0.010,0.029,-0.007,1.36,-0.43,120.02,-0.0079,0.0016,0.0021,765.9952,772.7339,772.6494,766.6761
10,2.206,3.683,8.15,0.863,1.373,0.765,1.276,-1.594,-0.010,0.029,-0.007,1.33,-0.42,120.02,-0.0095,0.0010,0.0015,765.9078,772.6910,772.8200,766.4885
10,2.301,3.813,8.20,0.863,1.373,0.765,1.277,-1.593,-0.008,0.030,-0.008,1.30,-0.42,120.03,-0.0112,0.0009,0.0006,765.6847,772.6930,772.9957,766.1707
10,2.394,3.943,8.25,0.863,1.373,0.765,1.277,-1.593,-0.007,0.031,-0.008,1.27,-0.42,120.03,-0.0109,0.0010,0.0012,765.6187,772.8250,773.4115,765.6849
10,2.485,4.074,8.30,0.863,1.373,0.765,1.279,-1.593,-0.004,0.032,-0.009,1.24,-0.41,120.03,-0.0086,-0.0001,0.0015,765.4661,772.8871,773.3787,765.6098
10,2.573,4.205,8.35,0.863,1.373,0.765,1.279,-1.593,-0.002,0.034,-0.009,1.22,-0.41,120.03,-0.0063,0.0001,0.0009,765.2381,773.0153,773.8461,765.0561
10,2.659,4.335,8.40,0.863,1.373,0.765,1.282,-1.593,0.003,0.038,-0.010,1.21,-0.41,120.03,-0.0041,0.0002,0.0000,765.1810,772.8733,773.8194,764.8883
10,2.742,4.465,8.45,0.863,1.373,0.765,1.283,-1.593,0.005,0.040,-0.010,1.20,-0.41,120.03,-0.0002,0.0019,-0.0003,764.6770,773.1339,773.6420,764.7802
10,2.822,4.593,8.50,0.863,1.373,0.765,1.286,-1.593,0.010,0.045,-0.010,1.21,-0.40,120.03,0.0032,0.0044,0.0008,764.9747,772.8019,773.9858,764.3441
10,2.898,4.720,8.55,0.863,1.373,0.766,1.288,-1.593,0.013,0.047,-0.010,1.22,-0.39,120.03,0.0052,0.0049,-0.0008,764.9456,773.0295,773.8898,764.5762
10,2.971,4.845,8.60,0.863,1.373,0.767,1.292,-1.593,0.019,0.054,-0.010,1.25,-0.37,120.03,0.0106,0.0076,-0.0003,765.0579,773.2294,774.1031,764.5801
10,3.040,4.968,8.65,0.863,1.373,0.768,1.294,-1.593,0.022,0.057,-0.010,1.28,-0.35,120.03,0.0146,0.0093,-0.0016,765.4619,773.1287,774.5713,764.1938
10,3.105,5.088,8.70,0.863,1.373,0.769,1.298,-1.592,0.027,0.062,-0.010,1.33,-0.32,120.03,0.0175,0.0116,-0.0013,765.5661,773.1829,774.7106,764.1879
10,3.166,5.205,8.75,0.863,1.373,0.770,1.301,-1.592,0.030,0.065,-0.010,1.38,-0.29,120.03,0.0201,0.0112,-0.0014,765.4823,773.5308,774.8433,764.1387
10,3.222,5.318,8.80,0.863,1.373,0.772,1.306,-1.592,0.036,0.070,-0.011,1.45,-0.26,120.03,0.0221,0.0114,-0.0012,765.3066,773.6949,774.3945,764.4640
10,3.273,5.428,8.85,0.863,1.373,0.773,1.308,-1.592,0.039,0.072,-0.011,1.51,-0.22,120.02,0.0233,0.0117,-0.0018,765.4753,773.3471,774.7227,763.8459
10,3.320,5.533,8.90,0.863,1.373,0.776,1.312,-1.592,0.044,0.076,-0.012,1.58,-0.19,120.02,0.0247,0.0115,-0.0018,765.2341,773.3408,774.7208,763.4704
10,3.362,5.634,8.95,0.863,1.373,0.778,1.314,-1.592,0.046,0.077,-0.012,1.64,-0.16,120.01,0.0241,0.0098,-0.0024,765.1691,773.2917,774.5008,763.4719
10,3.398,5.731,9.00,0.863,1.373,0.868,1.388,-1.597,0.047,0.073,-0.010,2.99,0.09,119.98,0.0086,0.0084,0.0013,765.0394,772.7131,775.6405,761.4674
10,3.430,5.822,9.05,0.863,1.373,0.868,1.388,-1.597,0.047,0.073,-0.010,2.99,0.09,119.98,0.0086,0.0084,0.0013,765.0394,772.7131,775.6405,761.4674
10,3.456,5.908,9.10,0.863,1.373,0.870,1.390,-1.597,0.044,0.071,-0.010,3.02,0.11,119.99,0.0062,0.0102,0.0007,764.7602,772.9409,775.6229,761.6511
10,3.477,5.988,9.15,0.863,1.373,0.873,1.395,-1.597,0.039,0.070,-0.010,3.03,0.14,119.99,0.0027,0.0090,0.0012,764.8281,772.7955,776.0125,761.2831
10,3.492,6.063,9.20,0.863,1.373,0.874,1.397,-1.597,0.038,0.069,-0.010,3.03,0.17,120.00,-0.0014,0.0078,0.0015,764.7526,772.8485,776.8747,760.5136
10,3.502,6.131,9.25,0.863,1.373,0.877,1.401,-1.597,0.035,0.068,-0.010,3.03,0.19,120.00,-0.0036,0.0077,-0.0003,764.2203,773.3544,777.0592,760.2260
10,3.507,6.193,9.30,0.863,1.373,0.878,1.403,-1.597,0.034,0.068,-0.010,3.02,0.21,120.00,-0.0036,0.0077,0.0004,764.0547,773.4896,777.3232,759.9122
10,3.506,6.249,9.35,0.863,1.373,0.881,1.408,-1.597,0.033,0.068,-0.010,3.01,0.23,120.00,-0.0006,0.0083,-0.0008,764.0630,773.5070,777.4224,759.6946
10,3.499,6.298,9.40,0.863,1.373,0.881,1.410,-1.597,0.033,0.069,-0.010,3.01,0.26,120.00,0.0002,0.0078,-0.0003,763.9354,773.5577,778.1173,758.9072
10,3.487,6.340,9.45,0.863,1.373,0.883,1.415,-1.598,0.034,0.070,-0.010,3.02,0.28,120.00,0.0048,0.0104,-0.0007,763.6009,773.8375,777.5906,759.2817
10,3.470,6.375,9.50,0.863,1.373,0.884,1.418,-1.598,0.034,0.071,-0.010,3.04,0.31,120.00,0.0071,0.0098,-0.0005,763.7269,773.5931,778.0894,758.5870
10,3.447,6.403,9.55,0.863,1.373,0.886,1.423,-1.598,0.036,0.073,-0.010,3.06,0.34,120.00,0.0114,0.0121,-0.0010,763.7644,773.5451,777.9772,758.5637
10,3.419,6.424,9.60,0.863,1.373,0.887,1.426,-1.598,0.038,0.074,-0.011,3.10,0.38,120.00,0.0125,0.0119,-0.0009,763.3242,773.9702,778.2583,758.0414
10,3.385,6.438,9.65,0.863,1.373,0.889,1.431,-1.599,0.041,0.076,-0.011,3.14,0.41,119.99,0.0164,0.0114,-0.0027,763.5518,773.9994,778.3815,757.7913
10,3.347,6.445,9.70,0.863,1.373,0.890,1.434,-1.599,0.042,0.076,-0.010,3.19,0.45,119.99,0.0200,0.0125,-0.0015,763.4374,774.2773,778.0668,758.0740
10,3.303,6.444,9.75,0.863,1.373,0.894,1.440,-1.599,0.047,0.078,-0.010,3.25,0.48,119.99,0.0219,0.0104,-0.0017,763.7332,774.1446,778.6205,757.4832
10,3.255,6.436,9.80,0.863,1.373,0.895,1.442,-1.599,0.049,0.079,-0.010,3.32,0.51,119.98,0.0259,0.0102,-0.0020,763.8202,774.2902,778.4380,757.6450
10,3.201,6.421,9.85,0.863,1.373,0.899,1.448,-1.599,0.053,0.079,-0.010,3.39,0.54,119.98,0.0266,0.0102,-0.0008,763.5673,774.6436,778.6520,757.5292
10,3.144,6.399,9.90,0.863,1.373,0.901,1.450,-1.599,0.055,0.079,-0.010,3.47,0.57,119.98,0.0293,0.0075,-0.0018,763.8579,774.3342,778.7855,757.2842
10,3.081,6.370,9.95,0.863,1.373,0.905,1.456,-1.599,0.059,0.079,-0.011,3.55,0.59,119.97,0.0298,0.0081,-0.0021,763.5146,774.7428,778.6566,757.2272
11,3.918,-4.334,0.00,0.863,1.373,0.363,1.547,-1.607,-0.225,-0.136,-0.002,-2.29,5.85,120.08,-0.0381,-0.0249,0.0003,780.2429,756.1523,773.9611,762.7162
11,4.053,-4.304,0.05,0.863,1.373,0.363,1.547,-1.607,-0.225,-0.136,-0.002,-2.29,5.85,120.08,-0.0381,-0.0249,0.0003,780.2429,756.1523,773.9611,762.7162
11,4.185,-4.268,0.10,0.863,1.373,0.349,1.537,-1.606,-0.196,-0.145,-0.002,-2.41,5.76,120.09,-0.0328,-0.0282,-0.0008,780.2093,756.2598,773.7634,763.1096
11,4.312,-4.224,0.15,0.863,1.373,0.343,1.532,-1.606,-0.183,-0.148,-0.002,-2.48,5.69,120.09,-0.0294,-0.0295,-0.0011,780.6550,756.0198,773.6217,763.5251
11,4.435,-4.174,0.20,0.863,1.373,0.334,1.523,-1.605,-0.157,-0.154,-0.001,-2.56,5.60,120.09,-0.0247,-0.0325,-0.0017,780.8312,756.1027,773.7200,763.5490
11,4.553,-4.117,0.25,0.863,1.373,0.329,1.518,-1.604,-0.144,-0.156,-0.001,-2.63,5.51,120.09,-0.0221,-0.0328,-0.0026,781.0132,756.2396,773.6942,763.7222
11,4.664,-4.054,0.30,0.863,1.373,0.322,1.506,-1.603,-0.114,-0.161,-0.002,-2.69,5.41,120.09,-0.0174,-0.0351,-0.0028,781.3012,756.1308,773.6849,763.7788
11,4.770,-3.984,0.35,0.863,1.373,0.319,1.501,-1.603,-0.102,-0.162,-0.002,-2.73,5.31,120.09,-0.0135,-0.0360,-0.0021,781.1630,756.3253,773.3428,763.9788
11,4.869,-3.908,0.40,0.863,1.373,0.315,1.490,-1.602,-0.076,-0.165,-0.002,-2.77,5.20,120.09,-0.0094,-0.0391,-0.0029,781.3207,756.1744,773.1083,764.0164
11,4.961,-3.827,0.45,0.863,1.373,0.314,1.485,-1.601,-0.063,-0.165,-0.002,-2.79,5.09,120.09,-0.0059,-0.0394,-0.0046,781.5417,755.9182,772.8737,763.9305
11,5.046,-3.741,0.50,0.863,1.373,0.313,1.473,-1.601,-0.036,-0.165,-0.003,-2.81,4.97,120.09,-0.0015,-0.0403,-0.0047,781.5698,756.0695,772.7170,763.9188
11,5.123,-3.650,0.55,0.863,1.373,0.313,1.467,-1.600,-0.025,-0.165,-0.003,-2.81,4.86,120.08,0.0012,-0.0397,-0.0049,781.9180,755.8940,772.5406,764.0363
11,5.192,-3.554,0.60,0.863,1.373,0.314,1.457,-1.599,-0.003,-0.164,-0.003,-2.80,4.72,120.08,0.0050,-0.0405,-0.0050,781.9111,755.9388,772.4382,763.9818
11,5.252,-3.454,0.65,0.863,1.373,0.316,1.451,-1.599,0.008,-0.163,-0.003,-2.79,4.63,120.07,0.0074,-0.0405,-0.0047,781.9768,756.0147,771.9777,764.2717
11,5.305,-3.350,0.70,0.863,1.373,0.320,1.439,-1.598,0.031,-0.160,-0.003,-2.76,4.52,120.06,0.0092,-0.0391,-0.0051,782.0955,755.9887,771.6959,764.3995
11,5.348,-3.242,0.75,0.863,1.373,0.322,1.434,-1.598,0.041,-0.158,-0.003,-2.74,4.41,120.05,0.0115,-0.0399,-0.0048,782.4268,755.8815,771.7417,764.1424
11,5.383,-3.132,0.80,0.863,1.373,0.328,1.423,-1.597,0.059,-0.154,-0.004,-2.70,4.29,120.04,0.0136,-0.0396,-0.0047,782.2334,756.1561,771.3446,764.3115
11,5.408,-3.020,0.85,0.863,1.373,0.331,1.418,-1.597,0.067,-0.152,-0.004,-2.66,4.18,120.04,0.0157,-0.0395,-0.0054,782.5471,755.9596,771.1398,764.4512
11,5.424,-2.905,0.90,0.863,1.373,0.339,1.406,-1.596,0.084,-0.146,-0.005,-2.62,4.07,120.02,0.0164,-0.0376,-0.0047,782.6002,756.0743,770.8845,764.5599
11,5.432,-2.789,0.95,0.863,1.373,0.343,1.401,-1.595,0.091,-0.143,-0.005,-2.57,3.97,120.01,0.0176,-0.0361,-0.0034,782.7255,756.0222,771.0062,764.1887
11,5.430,-2.671,1.00,0.863,1.373,0.495,1.301,-1.603,0.135,0.001,0.001,-1.87,3.17,119.98,0.0078,0.0046,0.0022,781.7246,754.6473,769.2518,765.1839
11,5.418,-2.553,1.05,0.863,1.373,0.495,1.301,-1.603,0.135,0.001,0.001,-1.87,3.17,119.98,0.0078,0.0046,0.0022,781.7246,754.6473,769.2518,765.1839
11,5.398,-2.435,1.10,0.863,1.373,0.500,1.301,-1.603,0.135,0.004,0.001,-1.84,3.19,119.99,0.0071,0.0032,0.0024,781.7985,754.9673,769.5134,765.2589
11,5.368,-2.317,1.15,0.863,1.373,0.508,1.301,-1.603,0.133,0.011,0.002,-1.83,3.20,119.99,0.0054,0.0045,0.0019,781.7109,755.4589,769.8606,765.1824
11,5.329,-2.200,1.20,0.863,1.373,0.512,1.302,-1.602,0.132,0.015,0.002,-1.81,3.20,119.99,0.0048,0.0030,0.0021,782.2734,755.2748,770.6827,764.8264
11,5.282,-2.084,1.25,0.863,1.373,0.522,1.303,-1.602,0.132,0.025,0.002,-1.80,3.22,119.99,0.0059,0.0049,0.0015,782.2120,755.7637,770.5853,765.2019
11,5.226,-1.969,1.30,0.863,1.373,0.526,1.304,-1.601,0.132,0.029,0.001,-1.78,3.23,120.00,0.0080,0.0073,0.0019,782.2528,755.8855,770.9155,765.0428
11,5.161,-1.857,1.35,0.863,1.373,0.535,1.307,-1.601,0.132,0.038,0.001,-1.75,3.25,120.00,0.0105,0.0076,0.0021,782.2175,756.0616,771.2780,764.7844
11,5.089,-1.748,1.40,0.863,1.373,0.539,1.308,-1.600,0.132,0.042,0.001,-1.72,3.28,120.00,0.0137,0.0097,0.0004,782.2819,756.1819,771.6342,764.6945
11,5.008,-1.641,1.45,0.863,1.373,0.550,1.313,-1.599,0.133,0.053,-0.000,-1.68,3.31,120.00,0.0151,0.0107,0.0006,782.3389,756.3654,771.6194,764.8472
11,4.920,-1.538,1.50,0.863,1.373,0.555,1.315,-1.599,0.134,0.057,-0.000,-1.63,3.34,120.00,0.0216,0.0125,0.0012,782.2885,756.3545,771.6982,764.6437
11,4.825,-1.439,1.55,0.863,1.373,0.565,1.320,-1.599,0.135,0.066,-0.001,-1.57,3.38,120.00,0.0240,0.0131,0.0003,782.2019,756.4286,772.1157,764.2217
11,4.723,-1.344,1.60,0.863,1.373,0.570,1.322,-1.599,0.136,0.070,-0.002,-1.50,3.42,119.99,0.0269,0.0145,0.0011,782.1602,756.4647,772.0034,764.1741
11,4.614,-1.254,1.65,0.863,1.373,0.582,1.329,-1.598,0.138,0.080,-0.002,-1.42,3.46,119.99,0.0309,0.0161,0.0009,782.1571,756.3890,772.0557,763.9681
11,4.500,-1.169,1.70,0.863,1.373,0.587,1.332,-1.598,0.138,0.083,-0.003,-1.33,3.51,119.99,0.0313,0.0154,0.0014,782.2006,756.2799,772.1225,763.6641
11,4.380,-1.089,1.75,0.863,1.373,0.598,1.338,-1.598,0.139,0.090,-0.004,-1.24,3.55,119.98,0.0335,0.0171,-0.0001,782.0592,756.2491,771.8638,763.6558
11,4.255,-1.015,1.80,0.863,1.373,0.603,1.341,-1.598,0.139,0.093,-0.004,-1.14,3.60,119.98,0.0349,0.0167,0.0005,782.1418,756.0338,771.6207,763.7061
11,4.125,-0.946,1.85,0.863,1.373,0.615,1.349,-1.598,0.138,0.098,-0.004,-1.05,3.65,119.97,0.0344,0.0161,-0.0001,781.9025,756.2075,771.6050,763.4961
11,3.992,-0.884,1.90,0.863,1.373,0.620,1.352,-1.598,0.138,0.100,-0.004,-0.95,3.70,119.97,0.0343,0.0147,0.0013,781.9089,756.2450,771.4795,763.4861
11,3.855,-0.829,1.95,0.863,1.373,0.630,1.358,-1.598,0.137,0.103,-0.005,-0.86,3.74,119.97,0.0342,0.0151,0.0004,782.0828,756.1810,771.7990,763.2532
11,3.715,-0.780,2.00,0.863,1.373,0.722,1.452,-1.604,0.066,0.058,-0.002,-0.09,4.51,120.01,0.0023,0.0040,-0.0002,780.6641,755.9381,772.5689,761.1645
11,3.573,-0.738,2.05,0.863,1.373,0.722,1.452,-1.604,0.066,0.058,-0.002,-0.09,4.51,120.01,0.0023,0.0040,-0.0002,780.6641,755.9381,772.5689,761.1645
11,3.428,-0.704,2.10,0.863,1.373,0.726,1.455,-1.605,0.064,0.052,-0.002,-0.08,4.52,120.01,0.0017,0.0038,-0.0002,780.6915,756.0684,772.7679,761.1941
11,3.283,-0.676,2.15,0.863,1.373,0.728,1.457,-1.605,0.063,0.049,-0.002,-0.08,4.53,120.01,-0.0017,0.0033,-0.0006,780.3268,756.5067,772.7574,761.3487
11,3.137,-0.656,2.20,0.863,1.373,0.732,1.460,-1.605,0.063,0.042,-0.001,-0.08,4.53,120.01,-0.0029,0.0027,-0.0015,780.3633,756.5695,772.8373,761.3251
11,2.991,-0.643,2.25,0.863,1.373,0.733,1.461,-1.605,0.063,0.039,-0.001,-0.09,4.54,120.01,-0.0048,0.0009,-0.0005,779.6896,757.4344,772.8842,761.2639
11,2.845,-0.638,2.30,0.863,1.373,0.737,1.462,-1.605,0.064,0.032,-0.000,-0.11,4.53,120.01,-0.0053,-0.0023,-0.0014,779.8054,757.4417,773.1604,761.1279
11,2.701,-0.640,2.35,0.863,1.373,0.738,1.463,-1.605,0.065,0.028,0.000,-0.12,4.53,120.01,-0.0033,-0.0046,-0.0012,779.2685,758.1437,773.0594,761.3720
11,2.558,-0.649,2.40,0.863,1.373,0.743,1.464,-1.604,0.069,0.020,0.001,-0.12,4.51,120.01,-0.0009,-0.0065,-0.0002,779.3995,758.3178,773.4275,761.3145
11,2.418,-0.666,2.45,0.863,1.373,0.745,1.465,-1.604,0.071,0.016,0.001,-0.12,4.49,120.01,-0.0003,-0.0092,-0.0004,779.0439,759.0117,773.5477,761.5415
11,2.280,-0.691,2.50,0.863,1.373,0.750,1.465,-1.603,0.075,0.008,0.001,-0.12,4.46,120.01,0.0034,-0.0139,-0.0002,779.0623,759.3348,773.7699,761.7534
11,2.146,-0.722,2.55,0.863,1.373,0.752,1.465,-1.602,0.078,0.005,0.001,-0.11,4.42,120.02,0.0047,-0.0147,0.0004,778.9490,759.6339,774.0462,761.7949
11,2.015,-0.761,2.60,0.863,1.373,0.759,1.465,-1.601,0.085,-0.004,0.001,-0.09,4.37,120.02,0.0076,-0.0183,-0.0001,779.3521,759.4277,774.4713,761.7980
11,1.889,-0.807,2.65,0.863,1.373,0.763,1.465,-1.601,0.088,-0.007,0.001,-0.06,4.32,120.02,0.0109,-0.0212,0.0013,778.9116,759.9891,774.4734,762.0451
11,1.768,-0.860,2.70,0.863,1.373,0.770,1.464,-1.600,0.094,-0.014,0.000,-0.03,4.25,120.03,0.0153,-0.0234,0.0005,778.5625,760.3148,774.4153,762.3005
11,1.653,-0.919,2.75,0.863,1.373,0.774,1.463,-1.600,0.097,-0.018,-0.000,0.02,4.19,120.03,0.0173,-0.0256,0.0005,778.3947,760.3223,774.3281,762.3608
11,1.543,-0.984,2.80,0.863,1.373,0.783,1.462,-1.600,0.104,-0.025,-0.001,0.07,4.11,120.03,0.0190,-0.0282,0.0006,778.6183,759.7990,774.7302,761.9177
11,1.439,-1.056,2.85,0.863,1.373,0.787,1.461,-1.600,0.106,-0.028,-0.001,0.12,4.03,120.04,0.0206,-0.0293,0.0001,777.8857,760.1840,774.4102,762.0929
11,1.343,-1.133,2.90,0.863,1.373,0.796,1.460,-1.600,0.110,-0.034,-0.001,0.19,3.94,120.04,0.0228,-0.0304,0.0010,777.7552,759.8568,774.3433,761.7753
11,1.253,-1.216,2.95,0.863,1.373,0.800,1.459,-1.600,0.112,-0.037,-0.001,0.25,3.86,120.04,0.0226,-0.0304,-0.0002,777.7036,759.5858,774.1982,761.7643
11,1.171,-1.304,3.00,0.863,1.373,0.898,1.394,-1.599,0.047,-0.073,-0.001,0.67,2.60,120.01,-0.0072,-0.0120,0.0003,776.3701,762.0436,774.5039,762.3208
11,1.096,-1.397,3.05,0.863,1.373,0.898,1.394,-1.599,0.047,-0.073,-0.001,0.67,2.60,120.01,-0.0072,-0.0120,0.0003,776.3701,762.0436,774.5039,762.3208
11,1.030,-1.495,3.10,0.863,1.373,0.899,1.392,-1.599,0.045,-0.073,-0.001,0.65,2.56,120.02,-0.0062,-0.0107,0.0020,776.2369,762.1693,774.5105,762.4042
11,0.972,-1.596,3.15,0.863,1.373,0.902,1.387,-1.598,0.040,-0.072,-0.002,0.64,2.53,120.02,-0.0029,-0.0103,0.0013,776.3818,761.9691,773.9526,763.1399
11,0.923,-1.701,3.20,0.863,1.373,0.903,1.385,-1.598,0.036,-0.072,-0.002,0.64,2.51,120.02,-0.0002,-0.0091,0.0017,776.3262,761.8005,773.6610,763.4771
11,0.882,-1.809,3.25,0.863,1.373,0.905,1.381,-1.598,0.030,-0.073,-0.002,0.64,2.49,120.02,-0.0004,-0.0064,0.0022,775.9033,761.9727,773.0841,763.9077
11,0.851,-1.920,3.30,0.863,1.373,0.906,1.379,-1.598,0.027,-0.074,-0.002,0.64,2.47,120.02,-0.0016,-0.0058,0.0014,775.8918,761.9047,772.6779,764.3394
11,0.828,-2.034,3.35,0.863,1.373,0.907,1.376,-1.599,0.021,-0.075,-0.002,0.63,2.45,120.02,-0.0045,-0.0053,0.0010,775.7182,762.0754,772.6351,764.4169
11,0.815,-2.149,3.40,0.863,1.373,0.908,1.374,-1.599,0.017,-0.076,-0.002,0.61,2.43,120.02,-0.0055,-0.0048,0.0016,775.7533,761.9555,772.3350,764.6548
11,0.811,-2.266,3.45,0.863,1.373,0.909,1.371,-1.599,0.011,-0.078,-0.002,0.60,2.41,120.02,-0.0076,-0.0055,0.0006,775.6802,761.9843,771.9417,764.9814
11,0.816,-2.383,3.50,0.863,1.373,0.910,1.370,-1.599,0.008,-0.079,-0.002,0.57,2.40,120.01,-0.0105,-0.0049,0.0015,775.3167,762.5695,771.5547,765.4375
11,0.831,-2.502,3.55,0.863,1.373,0.910,1.368,-1.599,0.002,-0.082,-0.001,0.54,2.38,120.01,-0.0122,-0.0053,0.0008,775.4535,762.5341,771.7357,765.2786
11,0.854,-2.620,3.60,0.863,1.373,0.911,1.367,-1.599,-0.002,-0.084,-0.001,0.50,2.36,120.00,-0.0130,-0.0058,0.0012,775.3265,762.7766,771.5193,765.5799
11,0.887,-2.738,3.65,0.863,1.373,0.911,1.365,-1.599,-0.008,-0.087,-0.001,0.46,2.34,119.99,-0.0140,-0.0066,0.0008,775.6779,762.9478,771.4550,765.9936
11,0.928,-2.855,3.70,0.863,1.373,0.910,1.364,-1.598,-0.010,-0.088,-0.001,0.41,2.31,119.99,-0.0157,-0.0057,0.0008,775.7753,763.3385,771.9298,765.8140
11,0.979,-2.970,3.75,0.863,1.373,0.910,1.362,-1.598,-0.015,-0.091,-0.001,0.37,2.29,119.98,-0.0161,-0.0059,0.0014,775.9218,763.6140,771.5936,766.4055
11,1.038,-3.084,3.80,0.863,1.373,0.909,1.361,-1.597,-0.018,-0.093,-0.001,0.31,2.27,119.97,-0.0170,-0.0067,0.0018,775.8331,764.0703,771.5482,766.6280
11,1.105,-3.195,3.85,0.863,1.373,0.908,1.359,-1.596,-0.022,-0.096,-0.001,0.26,2.25,119.97,-0.0184,-0.0066,0.0025,776.1498,764.0164,771.6050,766.8818
11,1.180,-3.304,3.90,0.863,1.373,0.907,1.358,-1.596,-0.025,-0.098,-0.002,0.21,2.22,119.96,-0.0185,-0.0074,0.0020,775.8964,764.3317,771.4261,767.2064
11,1.263,-3.409,3.95,0.863,1.373,0.905,1.356,-1.595,-0.028,-0.100,-0.003,0.15,2.20,119.96,-0.0188,-0.0076,0.0013,775.9288,764.3798,771.6744,767.0824
11,1.354,-3.511,4.00,0.863,1.373,0.874,1.275,-1.611,-0.014,-0.097,0.007,-0.81,1.19,120.04,0.0004,-0.0078,-0.0010,772.8757,763.0677,769.3113,767.0369
11,1.451,-3.609,4.05,0.863,1.373,0.874,1.275,-1.611,-0.014,-0.097,0.007,-0.81,1.19,120.04,0.0004,-0.0078,-0.0010,772.8757,763.0677,769.3113,767.0369
11,1.556,-3.702,4.10,0.863,1.373,0.873,1.272,-1.611,-0.012,-0.092,0.008,-0.81,1.16,120.03,0.0015,-0.0080,-0.0015,773.0525,763.5214,769.5644,767.1012
11,1.666,-3.790,4.15,0.863,1.373,0.872,1.270,-1.611,-0.011,-0.089,0.009,-0.80,1.14,120.02,0.0051,-0.0068,-0.0009,773.6744,763.6558,769.4471,767.5439
11,1.782,-3.874,4.20,0.863,1.373,0.871,1.267,-1.611,-0.011,-0.081,0.009,-0.79,1.12,120.01,0.0066,-0.0063,-0.0011,773.8057,764.0800,769.5576,767.6645
11,1.904,-3.952,4.25,0.863,1.373,0.871,1.266,-1.610,-0.011,-0.078,0.009,-0.77,1.10,120.01,0.0076,-0.0035,-0.0012,774.4038,763.8386,769.5100,768.0135
11,2.031,-4.024,4.30,0.863,1.373,0.870,1.264,-1.610,-0.012,-0.071,0.009,-0.75,1.09,120.00,0.0067,-0.0019,0.0001,774.8373,763.8399,769.5626,768.1416
11,2.162,-4.090,4.35,0.863,1.373,0.870,1.263,-1.610,-0.013,-0.068,0.009,-0.73,1.09,120.00,0.0068,-0.0002,0.0007,775.1979,763.7266,769.2062,768.6663
11,2.296,-4.150,4.40,0.863,1.373,0.869,1.262,-1.609,-0.016,-0.061,0.009,-0.72,1.09,119.99,0.0052,0.0031,-0.0001,775.3889,763.5928,769.3313,768.5875
11,2.434,-4.203,4.45,0.863,1.373,0.869,1.261,-1.609,-0.017,-0.057,0.009,-0.70,1.10,119.99,0.0043,0.0040,-0.0002,776.1104,763.1444,769.5982,768.5079
11,2.575,-4.250,4.50,0.863,1.373,0.868,1.260,-1.608,-0.020,-0.052,0.008,-0.70,1.12,119.99,0.0029,0.0065,-0.0001,776.0540,763.4741,769.5143,768.8527
11,2.718,-4.289,4.55,0.863,1.373,0.868,1.259,-1.608,-0.022,-0.049,0.008,-0.70,1.13,119.99,-0.0002,0.0069,0.0007,776.1782,763.5471,769.5828,768.9905
11,2.863,-4.322,4.60,0.863,1.373,0.867,1.258,-1.606,-0.027,-0.043,0.007,-0.70,1.16,119.99,-0.0016,0.0071,0.0003,776.2816,763.6989,769.4248,769.4642
11,3.008,-4.347,4.65,0.863,1.373,0.866,1.258,-1.606,-0.029,-0.041,0.007,-0.71,1.18,119.98,-0.0033,0.0083,0.0003,776.6503,763.5994,769.6517,769.5071
11,3.155,-4.365,4.70,0.863,1.373,0.865,1.257,-1.604,-0.034,-0.037,0.005,-0.73,1.20,119.99,-0.0060,0.0090,0.0008,776.7515,763.5707,769.4518,769.7800
11,3.301,-4.375,4.75,0.863,1.373,0.864,1.257,-1.604,-0.037,-0.035,0.005,-0.75,1.23,119.98,-0.0080,0.0100,-0.0005,776.8376,763.4541,769.4717,769.8514
11,3.446,-4.378,4.80,0.863,1.373,0.861,1.257,-1.603,-0.043,-0.030,0.003,-0.77,1.26,119.99,-0.0097,0.0108,0.0006,777.0172,763.2652,769.1538,770.0272
11,3.590,-4.373,4.85,0.863,1.373,0.860,1.256,-1.603,-0.045,-0.028,0.003,-0.80,1.29,119.99,-0.0118,0.0118,0.0004,776.9211,763.0111,769.1652,769.7420
11,3.732,-4.361,4.90,0.863,1.373,0.857,1.256,-1.603,-0.050,-0.025,0.002,-0.84,1.32,119.99,-0.0128,0.0111,0.0006,776.9148,762.7242,768.8915,769.7704
11,3.871,-4.342,4.95,0.863,1.373,0.856,1.256,-1.603,-0.053,-0.024,0.001,-0.88,1.35,119.99,-0.0143,0.0111,0.0010,776.3248,762.9297,768.6728,769.6415
11,4.008,-4.315,5.00,0.863,1.373,0.796,1.264,-1.606,-0.055,0.003,0.002,-1.78,1.85,119.97,-0.0051,0.0022,0.0017,777.2908,761.4364,767.4191,770.3336
11,4.141,-4.281,5.05,0.863,1.373,0.796,1.264,-1.606,-0.055,0.003,0.002,-1.78,1.85,119.97,-0.0051,0.0022,0.0017,777.2908,761.4364,767.4191,770.3336
11,4.270,-4.240,5.10,0.863,1.373,0.794,1.264,-1.606,-0.054,0.003,0.001,-1.79,1.86,119.98,-0.0050,0.0016,0.0016,777.2253,761.3026,767.3143,770.3153
11,4.395,-4.192,5.15,0.863,1.373,0.791,1.265,-1.606,-0.052,0.004,0.001,-1.81,1.86,119.98,-0.0042,0.0001,0.0016,777.2849,760.9690,767.2401,770.1727
11,4.514,-4.137,5.20,0.863,1.373,0.790,1.265,-1.606,-0.052,0.005,0.000,-1.82,1.86,119.98,-0.0041,-0.0007,0.0019,777.5536,760.2048,767.2548,769.7173
11,4.628,-4.076,5.25,0.863,1.373,0.786,1.265,-1.606,-0.051,0.007,-0.000,-1.83,1.86,119.99,-0.0044,-0.0013,0.0011,777.7634,759.6235,767.2286,769.5120
11,4.735,-4.008,5.30,0.863,1.373,0.785,1.265,-1.607,-0.051,0.008,-0.001,-1.84,1.86,119.99,-0.0063,-0.0003,0.0009,777.8759,759.1465,767.2676,769.1335
11,4.837,-3.934,5.35,0.863,1.373,0.781,1.264,-1.608,-0.052,0.011,-0.001,-1.86,1.86,120.00,-0.0062,0.0013,0.0005,778.0092,758.6614,767.0628,768.9990
11,4.931,-3.855,5.40,0.863,1.373,0.780,1.265,-1.608,-0.052,0.013,-0.001,-1.88,1.87,120.00,-0.0080,0.0027,0.0003,778.1022,758.2865,767.3180,768.4311
11,5.018,-3.770,5.45,0.863,1.373,0.777,1.265,-1.609,-0.053,0.017,-0.000,-1.90,1.88,120.00,-0.0091,0.0053,0.0009,777.9451,758.1528,767.0582,768.3058
11,5.098,-3.681,5.50,0.863,1.373,0.775,1.265,-1.610,-0.054,0.020,-0.000,-1.93,1.90,120.00,-0.0092,0.0066,0.0008,778.1143,757.6034,767.0741,767.9388
11,5.170,-3.586,5.55,0.863,1.373,0.772,1.266,-1.612,-0.055,0.026,0.001,-1.96,1.93,120.00,-0.0094,0.0101,0.0005,777.8902,757.5732,766.6621,767.9410
11,5.233,-3.488,5.60,0.863,1.373,0.770,1.267,-1.612,-0.055,0.029,0.001,-1.99,1.96,120.00,-0.0092,0.0125,0.0009,778.0511,757.3859,766.8192,767.7035
11,5.288,-3.385,5.65,0.863,1.373,0.767,1.269,-1.613,-0.056,0.035,0.002,-2.01,2.00,120.00,-0.0078,0.0141,0.0011,778.5468,756.9999,766.9772,767.6030
11,5.335,-3.279,5.70,0.863,1.373,0.766,1.270,-1.614,-0.057,0.038,0.003,-2.04,2.05,120.00,-0.0089,0.0169,0.0002,778.4271,757.2930,767.1729,767.4775
11,5.372,-3.169,5.75,0.863,1.373,0.762,1.272,-1.615,-0.058,0.045,0.004,-2.06,2.10,120.00,-0.0069,0.0195,-0.0002,778.6646,757.3317,766.9229,767.8914
11,5.401,-3.058,5.80,0.863,1.373,0.760,1.273,-1.615,-0.059,0.048,0.005,-2.08,2.16,120.00,-0.0077,0.0209,-0.0004,779.0244,757.4578,767.4069,767.6757
11,5.420,-2.943,5.85,0.863,1.373,0.756,1.276,-1.615,-0.059,0.054,0.006,-2.10,2.23,120.00,-0.0057,0.0230,-0.0000,779.4899,757.3892,767.4315,767.8312
11,5.430,-2.828,5.90,0.863,1.373,0.755,1.278,-1.615,-0.059,0.057,0.006,-2.12,2.29,119.99,-0.0066,0.0239,-0.0002,779.4786,757.6940,767.6057,767.6915
11,5.431,-2.711,5.95,0.863,1.373,0.751,1.282,-1.615,-0.058,0.065,0.007,-2.14,2.36,119.99,-0.0055,0.0244,-0.0011,779.7863,757.6436,767.7617,767.5623
11,5.423,-2.593,6.00,0.863,1.373,0.716,1.406,-1.624,-0.010,0.089,0.012,-1.81,4.03,119.99,0.0058,0.0143,0.0016,780.3080,755.3734,767.6392,766.2250
11,5.406,-2.474,6.05,0.863,1.373,0.716,1.406,-1.624,-0.010,0.089,0.012,-1.81,4.03,119.99,0.0058,0.0143,0.0016,780.3080,755.3734,767.6392,766.2250
11,5.379,-2.356,6.10,0.863,1.373,0.715,1.412,-1.625,-0.006,0.083,0.014,-1.80,4.06,119.99,0.0040,0.0106,0.0003,780.3899,755.5375,767.8812,766.1021
11,5.343,-2.239,6.15,0.863,1.373,0.715,1.414,-1.625,-0.004,0.080,0.014,-1.79,4.09,119.98,0.0015,0.0070,0.0002,780.7076,755.6583,768.2915,765.9468
11,5.299,-2.122,6.20,0.863,1.373,0.715,1.419,-1.625,-0.000,0.074,0.015,-1.79,4.10,119.98,-0.0013,0.0046,-0.0013,780.6901,755.9705,768.7086,765.6783
11,5.246,-2.007,6.25,0.863,1.373,0.715,1.420,-1.625,0.002,0.072,0.015,-1.79,4.11,119.98,-0.0016,0.0016,0.0009,780.9546,755.9714,769.0089,765.5178
11,5.184,-1.894,6.30,0.863,1.373,0.714,1.424,-1.624,0.007,0.067,0.016,-1.80,4.12,119.98,-0.0031,0.0009,-0.0001,780.8947,756.1694,769.4682,765.2234
11,5.114,-1.784,6.35,0.863,1.373,0.715,1.426,-1.624,0.010,0.065,0.016,-1.80,4.12,119.98,-0.0014,-0.0016,0.0006,781.3591,755.8520,769.8619,764.8038
11,5.036,-1.676,6.40,0.863,1.373,0.715,1.428,-1.623,0.015,0.061,0.016,-1.80,4.11,119.97,0.0002,-0.0016,-0.0003,781.3193,756.0519,770.0348,764.6996
11,4.951,-1.572,6.45,0.863,1.373,0.716,1.430,-1.623,0.018,0.060,0.016,-1.80,4.11,119.97,0.0017,-0.0017,-0.0004,781.3398,756.3403,770.2816,764.5576
11,4.858,-1.472,6.50,0.863,1.373,0.717,1.433,-1.622,0.025,0.058,0.016,-1.79,4.11,119.97,0.0040,-0.0026,0.0006,781.7264,756.3207,770.6246,764.5393
11,4.758,-1.375,6.55,0.863,1.373,0.717,1.434,-1.622,0.027,0.057,0.016,-1.78,4.10,119.97,0.0050,-0.0017,0.0002,781.8016,756.7648,771.2076,764.5072
11,4.651,-1.284,6.60,0.863,1.373,0.718,1.436,-1.620,0.033,0.056,0.016,-1.76,4.10,119.96,0.0077,-0.0016,0.0001,782.1384,756.7697,771.5362,764.4379
11,4.539,-1.197,6.65,0.863,1.373,0.719,1.438,-1.620,0.036,0.056,0.015,-1.73,4.10,119.96,0.0083,0.0002,0.0011,781.8148,757.2297,771.5678,764.4859
11,4.421,-1.115,6.70,0.863,1.373,0.720,1.440,-1.619,0.042,0.055,0.014,-1.70,4.10,119.96,0.0116,-0.0001,0.0009,782.2878,756.7252,771.7349,764.2357
11,4.297,-1.039,6.75,0.863,1.373,0.721,1.441,-1.618,0.045,0.055,0.014,-1.66,4.10,119.96,0.0118,0.0012,0.0002,782.0217,756.8649,771.8601,764.0400
11,4.169,-0.969,6.80,0.863,1.373,0.723,1.444,-1.617,0.051,0.055,0.013,-1.63,4.11,119.96,0.0134,0.0018,0.0006,782.0039,756.8738,771.9254,763.9263
11,4.037,-0.904,6.85,0.863,1.373,0.725,1.445,-1.617,0.054,0.055,0.012,-1.58,4.11,119.96,0.0148,0.0020,0.0011,781.7139,757.0157,771.8739,763.9360
11,3.901,-0.847,6.90,0.863,1.373,0.728,1.447,-1.616,0.061,0.055,0.011,-1.54,4.12,119.96,0.0172,0.0017,0.0010,781.8757,756.7294,771.9806,763.7654
11,3.762,-0.796,6.95,0.863,1.373,0.730,1.449,-1.616,0.063,0.056,0.010,-1.49,4.13,119.96,0.0190,0.0008,0.0019,782.0552,756.3854,772.2963,763.4375
11,3.621,-0.752,7.00,0.863,1.373,0.823,1.493,-1.601,0.077,0.035,-0.004,-0.17,4.23,119.98,0.0061,0.0039,-0.0004,781.3775,757.1698,773.2889,762.2317
11,3.477,-0.714,7.05,0.863,1.373,0.823,1.493,-1.601,0.077,0.035,-0.004,-0.17,4.23,119.98,0.0061,0.0039,-0.0004,781.3775,757.1698,773.2889,762.2317
11,3.332,-0.684,7.10,0.863,1.373,0.827,1.495,-1.601,0.073,0.032,-0.005,-0.15,4.24,119.98,0.0046,0.0034,0.0000,781.4568,756.8758,773.5462,761.7599
11,3.186,-0.662,7.15,0.863,1.373,0.829,1.496,-1.601,0.071,0.031,-0.005,-0.14,4.25,119.98,0.0022,0.0055,0.0002,781.0692,757.2408,773.0752,762.0691
11,3.040,-0.646,7.20,0.863,1.373,0.832,1.498,-1.601,0.069,0.027,-0.005,-0.13,4.26,119.98,0.0005,0.0046,0.0004,780.7266,757.4094,773.2883,761.7858
11,2.894,-0.639,7.25,0.863,1.373,0.833,1.499,-1.601,0.068,0.025,-0.005,-0.13,4.28,119.98,-0.0012,0.0050,-0.0000,780.1514,757.8585,773.2770,761.7705
11,2.749,-0.638,7.30,0.863,1.373,0.836,1.501,-1.601,0.067,0.021,-0.005,-0.14,4.29,119.98,-0.0003,0.0057,0.0007,780.3469,757.6104,773.5297,761.4444
11,2.606,-0.645,7.35,0.863,1.373,0.837,1.502,-1.601,0.068,0.019,-0.005,-0.14,4.30,119.98,-0.0021,0.0024,0.0004,779.2876,758.4606,773.4024,761.4440
11,2.465,-0.660,7.40,0.863,1.373,0.840,1.503,-1.602,0.069,0.014,-0.005,-0.14,4.31,119.98,-0.0004,0.0005,0.0007,778.9007,758.6456,773.2025,761.4692
11,2.326,-0.682,7.45,0.863,1.373,0.841,1.504,-1.602,0.070,0.011,-0.005,-0.14,4.31,119.98,0.0009,-0.0002,0.0008,779.0215,758.3504,773.3841,761.1068
11,2.190,-0.711,7.50,0.863,1.373,0.844,1.504,-1.603,0.073,0.005,-0.004,-0.13,4.30,119.98,0.0035,-0.0040,0.0016,778.3326,758.7291,773.1141,761.2434
11,2.059,-0.747,7.55,0.863,1.373,0.845,1.504,-1.603,0.075,0.002,-0.004,-0.12,4.28,119.99,0.0062,-0.0071,0.0014,778.1368,758.6216,773.3531,761.0140
11,1.931,-0.791,7.60,0.863,1.373,0.849,1.504,-1.604,0.078,-0.004,-0.004,-0.10,4.26,119.99,0.0065,-0.0094,0.0020,777.5585,758.8806,772.9755,761.0884
11,1.808,-0.841,7.65,0.863,1.373,0.851,1.504,-1.605,0.080,-0.008,-0.003,-0.07,4.23,119.99,0.0079,-0.0118,0.0015,777.1353,758.8270,772.7292,761.0375
11,1.691,-0.898,7.70,0.863,1.373,0.855,1.503,-1.606,0.085,-0.015,-0.002,-0.04,4.19,119.99,0.0117,-0.0160,0.0013,777.0272,758.5732,772.6133,760.8854
11,1.579,-0.962,7.75,0.863,1.373,0.857,1.502,-1.607,0.087,-0.018,-0.001,-0.01,4.14,120.00,0.0114,-0.0166,0.0006,776.6944,758.6613,772.5036,760.9019
11,1.473,-1.031,7.80,0.863,1.373,0.862,1.500,-1.608,0.091,-0.024,-0.000,0.03,4.08,120.00,0.0134,-0.0195,0.0008,776.1146,758.9202,772.4954,760.6084
11,1.374,-1.107,7.85,0.863,1.373,0.865,1.499,-1.609,0.093,-0.028,0.001,0.06,4.03,120.00,0.0138,-0.0225,0.0007,776.2688,758.3434,772.5720,760.2150
11,1.282,-1.188,7.90,0.863,1.373,0.871,1.495,-1.612,0.097,-0.035,0.003,0.10,3.96,120.00,0.0140,-0.0241,0.0014,775.9370,758.3456,772.2332,760.1919
11,1.197,-1.274,7.95,0.863,1.373,0.874,1.494,-1.613,0.099,-0.038,0.004,0.15,3.89,120.01,0.0147,-0.0266,0.0014,775.4918,758.4766,772.0058,760.3683
11,1.120,-1.366,8.00,0.863,1.373,0.964,1.404,-1.606,0.054,-0.060,0.010,0.65,2.39,120.00,-0.0009,-0.0058,0.0009,777.4417,763.1073,775.3940,763.6069
11,1.051,-1.461,8.05,0.863,1.373,0.964,1.404,-1.606,0.054,-0.060,0.010,0.65,2.39,120.00,-0.0009,-0.0058,0.0009,777.4417,763.1073,775.3940,763.6069
11,0.991,-1.562,8.10,0.863,1.373,0.964,1.403,-1.605,0.051,-0.058,0.010,0.65,2.38,120.00,-0.0018,-0.0031,0.0008,777.4447,763.2034,775.1248,763.8362
11,0.939,-1.665,8.15,0.863,1.373,0.966,1.400,-1.604,0.044,-0.056,0.008,0.65,2.37,120.00,-0.0002,0.0005,0.0016,777.3424,763.3477,774.7255,764.2902
11,0.895,-1.773,8.20,0.863,1.373,0.967,1.398,-1.603,0.041,-0.055,0.007,0.65,2.37,120.00,0.0011,0.0027,-0.0000,777.3424,763.3477,774.7255,764.2902
11,0.861,-1.883,8.25,0.863,1.373,0.968,1.395,-1.601,0.033,-0.055,0.005,0.66,2.38,120.00,0.0018,0.0033,-0.0000,777.4055,763.3159,774.3153,764.6390
11,0.835,-1.995,8.30,0.863,1.373,0.969,1.393,-1.600,0.029,-0.055,0.004,0.66,2.39,120.00,0.0011,0.0031,0.0007,777.4633,763.4082,773.8558,765.2014
11,0.819,-2.110,8.35,0.863,1.373,0.969,1.391,-1.598,0.022,-0.057,0.003,0.65,2.40,120.00,-0.0019,0.0009,0.0008,777.4468,763.7053,773.7827,765.6580
11,0.811,-2.227,8.40,0.863,1.373,0.969,1.389,-1.597,0.018,-0.058,0.002,0.65,2.40,120.00,-0.0043,-0.0011,0.0009,777.6423,763.7000,773.5983,766.1674
11,0.814,-2.344,8.45,0.863,1.373,0.969,1.386,-1.594,0.010,-0.062,0.000,0.63,2.39,120.00,-0.0083,-0.0024,0.0007,777.5162,764.1434,773.2836,766.9094
11,0.825,-2.462,8.50,0.863,1.373,0.968,1.384,-1.593,0.006,-0.064,-0.001,0.60,2.38,120.00,-0.0118,-0.0028,0.0008,777.9329,764.0562,773.8546,766.7172
11,0.845,-2.580,8.55,0.863,1.373,0.967,1.381,-1.591,-0.002,-0.068,-0.003,0.57,2.37,120.00,-0.0158,-0.0053,0.0008,777.7986,764.4440,773.2457,767.6868
11,0.875,-2.698,8.60,0.863,1.373,0.967,1.379,-1.590,-0.005,-0.071,-0.004,0.52,2.36,120.00,-0.0186,-0.0065,0.0009,777.7630,764.5187,773.4456,767.6211
11,0.914,-2.816,8.65,0.863,1.373,0.964,1.375,-1.588,-0.013,-0.077,-0.007,0.45,2.33,120.00,-0.0217,-0.0084,0.0019,777.5875,764.6577,773.1588,767.9413
11,0.961,-2.932,8.70,0.863,1.373,0.963,1.372,-1.587,-0.016,-0.080,-0.008,0.40,2.31,120.01,-0.0236,-0.0106,0.0017,777.3768,764.6339,773.3074,767.6939
11,1.017,-3.046,8.75,0.863,1.373,0.961,1.368,-1.586,-0.021,-0.085,-0.010,0.31,2.27,120.01,-0.0259,-0.0127,0.0018,776.8591,764.3238,772.6785,767.7810
11,1.081,-3.158,8.80,0.863,1.373,0.960,1.365,-1.585,-0.024,-0.088,-0.011,0.25,2.24,120.01,-0.0262,-0.0131,0.0009,776.8591,764.3238,772.6785,767.7810
11,1.154,-3.267,8.85,0.863,1.373,0.957,1.359,-1.585,-0.029,-0.094,-0.014,0.17,2.20,120.02,-0.0286,-0.0159,0.0010,776.0333,764.6361,772.1724,767.9033
11,1.235,-3.374,8.90,0.863,1.373,0.955,1.356,-1.585,-0.031,-0.096,-0.014,0.09,2.16,120.02,-0.0281,-0.0163,0.0022,776.0355,763.9948,772.1271,767.5928
11,1.323,-3.477,8.95,0.863,1.373,0.953,1.350,-1.585,-0.034,-0.100,-0.015,0.01,2.10,120.03,-0.0296,-0.0173,0.0016,775.5152,763.8995,771.8936,767.4886
11,1.418,-3.576,9.00,0.863,1.373,0.910,1.245,-1.602,-0.011,-0.065,-0.001,-1.02,1.03,120.02,0.0047,-0.0109,0.0002,773.8858,763.9345,769.8196,767.6492
11,1.520,-3.671,9.05,0.863,1.373,0.910,1.245,-1.602,-0.011,-0.065,-0.001,-1.02,1.03,120.02,0.0047,-0.0109,0.0002,773.8858,763.9345,769.8196,767.6492
11,1.628,-3.761,9.10,0.863,1.373,0.910,1.242,-1.601,-0.008,-0.059,-0.000,-1.00,1.00,120.02,0.0064,-0.0113,-0.0008,774.0130,764.2472,769.8624,768.1334
11,1.743,-3.847,9.15,0.863,1.373,0.911,1.240,-1.601,-0.007,-0.055,-0.000,-0.98,0.97,120.02,0.0085,-0.0099,0.0001,774.4369,764.1843,770.0788,768.2789
11,1.863,-3.926,9.20,0.863,1.373,0.911,1.238,-1.600,-0.006,-0.048,-0.000,-0.95,0.94,120.02,0.0105,-0.0093,0.0006,774.7672,764.1666,769.9902,768.6900
11,1.988,-4.001,9.25,0.863,1.373,0.911,1.237,-1.600,-0.007,-0.044,-0.000,-0.92,0.92,120.02,0.0110,-0.0062,-0.0008,775.3925,763.7641,770.2470,768.6349
11,2.117,-4.069,9.30,0.863,1.373,0.911,1.235,-1.600,-0.008,-0.037,-0.001,-0.89,0.91,120.02,0.0123,-0.0043,-0.0005,775.5146,763.6246,769.8714,768.9811
11,2.251,-4.131,9.35,0.863,1.373,0.911,1.235,-1.600,-0.009,-0.033,-0.001,-0.86,0.90,120.02,0.0109,-0.0009,0.0000,775.5948,763.4670,769.7026,769.0762
11,2.388,-4.186,9.40,0.863,1.373,0.911,1.234,-1.600,-0.013,-0.026,-0.002,-0.83,0.90,120.01,0.0094,0.0028,-0.0003,775.5264,763.3303,769.2438,769.1967
11,2.528,-4.235,9.45,0.863,1.373,0.910,1.234,-1.600,-0.016,-0.022,-0.002,-0.80,0.91,120.01,0.0068,0.0048,-0.0002,775.5684,763.1310,768.8981,769.3265
11,2.670,-4.277,9.50,0.863,1.373,0.910,1.234,-1.600,-0.021,-0.016,-0.003,-0.79,0.93,120.01,0.0034,0.0086,0.0007,775.4385,763.0488,768.9098,769.0499
11,2.814,-4.312,9.55,0.863,1.373,0.909,1.234,-1.600,-0.023,-0.013,-0.003,-0.78,0.95,120.01,0.0016,0.0091,-0.0001,775.8073,762.3704,768.7002,769.0615
11,2.960,-4.339,9.60,0.863,1.373,0.907,1.234,-1.601,-0.029,-0.007,-0.003,-0.78,0.98,120.01,-0.0013,0.0109,0.0005,775.7902,762.1381,768.4589,768.9710
11,3.106,-4.360,9.65,0.863,1.373,0.906,1.234,-1.602,-0.034,-0.004,-0.003,-0.79,1.01,120.01,-0.0060,0.0124,0.0006,775.5809,761.9456,768.4146,768.7187
11,3.252,-4.372,9.70,0.863,1.373,0.904,1.236,-1.603,-0.040,0.002,-0.003,-0.81,1.05,120.02,-0.0065,0.0143,0.0005,775.4530,761.6798,767.9620,768.8467
11,3.397,-4.378,9.75,0.863,1.373,0.903,1.237,-1.603,-0.043,0.004,-0.002,-0.83,1.10,120.01,-0.0104,0.0172,0.0003,775.3029,761.6415,767.8411,768.7017
11,3.542,-4.376,9.80,0.863,1.373,0.900,1.239,-1.605,-0.049,0.009,-0.002,-0.86,1.14,120.01,-0.0112,0.0176,0.0013,775.5549,761.2882,767.9765,768.3774
11,3.684,-4.366,9.85,0.863,1.373,0.899,1.240,-1.605,-0.053,0.012,-0.001,-0.90,1.20,120.01,-0.0119,0.0188,-0.0001,775.3135,761.4305,767.5027,768.7054
11,3.825,-4.349,9.90,0.863,1.373,0.896,1.242,-1.606,-0.058,0.015,-0.001,-0.93,1.25,120.00,-0.0117,0.0189,-0.0006,775.3130,761.5136,767.5977,768.4839
11,3.963,-4.325,9.95,0.863,1.373,0.895,1.243,-1.607,-0.060,0.017,-0.000,-0.97,1.31,120.00,-0.0121,0.0189,0.0001,775.6786,761.2842,767.5621,768.4402
12,-2.446,-0.708,0.00,0.863,1.373,0.970,1.088,-1.601,0.123,-0.026,0.003,-2.97,0.21,179.97,0.0117,-0.0231,0.0058,772.4102,762.3471,767.1970,774.2186
12,-2.388,-0.642,0.05,0.863,1.373,0.970,1.088,-1.601,0.123,-0.026,0.003,-2.97,0.21,179.97,0.0117,-0.0231,0.0058,772.4102,762.3471,767.1970,774.2186
12,-2.335,-0.578,0.10,0.863,1.373,0.979,1.088,-1.602,0.117,-0.010,0.003,-2.94,0.15,179.99,0.0147,-0.0222,0.0037,772.2714,762.2611,767.1328,774.1257
12,-2.285,-0.519,0.15,0.863,1.373,0.983,1.088,-1.602,0.114,-0.003,0.003,-2.89,0.09,-179.99,0.0185,-0.0191,0.0020,772.0557,762.3410,766.7601,774.1363
12,-2.241,-0.463,0.20,0.863,1.373,0.991,1.089,-1.603,0.107,0.010,0.003,-2.84,0.03,-179.98,0.0207,-0.0186,0.0010,772.2236,762.1852,766.8849,773.6519
12,-2.201,-0.412,0.25,0.863,1.373,0.995,1.090,-1.603,0.104,0.016,0.003,-2.78,-0.02,-179.98,0.0218,-0.0172,-0.0002,772.3460,762.4404,766.3651,773.8214
12,-2.166,-0.364,0.30,0.863,1.373,1.003,1.093,-1.603,0.096,0.030,0.004,-2.72,-0.06,-179.98,0.0217,-0.0152,-0.0030,772.4539,762.5854,766.2994,773.5391
12,-2.135,-0.321,0.35,0.863,1.373,1.006,1.094,-1.603,0.093,0.035,0.004,-2.65,-0.11,-179.98,0.0228,-0.0133,-0.0026,772.7259,762.9023,765.8583,773.6465
12,-2.109,-0.282,0.40,0.863,1.373,1.013,1.098,-1.604,0.085,0.045,0.004,-2.59,-0.14,-179.99,0.0235,-0.0140,-0.0035,772.8964,763.1053,765.7507,773.5503
12,-2.088,-0.247,0.45,0.863,1.373,1.016,1.100,-1.604,0.082,0.050,0.004,-2.52,-0.18,179.99,0.0233,-0.0103,-0.0053,772.8592,763.6805,765.2169,773.6810
12,-2.072,-0.217,0.50,0.863,1.373,1.023,1.105,-1.603,0.073,0.059,0.005,-2.45,-0.21,179.98,0.0229,-0.0101,-0.0050,773.5389,763.5967,765.1149,773.5172
12,-2.061,-0.192,0.55,0.863,1.373,1.026,1.107,-1.603,0.070,0.063,0.005,-2.39,-0.24,179.96,0.0229,-0.0095,-0.0054,773.3872,764.3837,764.8566,773.3873
12,-2.055,-0.171,0.60,0.863,1.373,1.031,1.112,-1.603,0.063,0.070,0.004,-2.33,-0.26,179.94,0.0221,-0.0095,-0.0053,773.8515,764.4419,764.9565,772.8730
12,-2.054,-0.154,0.65,0.863,1.373,1.034,1.115,-1.603,0.059,0.073,0.004,-2.26,-0.29,179.92,0.0214,-0.0076,-0.0060,774.0832,764.6869,764.4020,773.0049
12,-2.058,-0.143,0.70,0.863,1.373,1.039,1.122,-1.603,0.050,0.080,0.004,-2.20,-0.31,179.90,0.0219,-0.0075,-0.0040,774.2317,764.9175,764.2791,772.7338
12,-2.067,-0.135,0.75,0.863,1.373,1.041,1.125,-1.604,0.047,0.082,0.004,-2.14,-0.33,179.88,0.0219,-0.0064,-0.0053,774.1813,765.0880,764.1771,772.3127
12,-2.081,-0.133,0.80,0.863,1.373,1.045,1.131,-1.604,0.039,0.087,0.004,-2.08,-0.35,179.86,0.0219,-0.0051,-0.0041,774.1700,765.2474,763.5221,772.5109
12,-2.100,-0.135,0.85,0.863,1.373,1.047,1.135,-1.604,0.035,0.089,0.004,-2.02,-0.36,179.84,0.0207,-0.0040,-0.0035,774.1031,765.2799,763.6137,771.9716
12,-2.124,-0.142,0.90,0.863,1.373,1.051,1.143,-1.605,0.026,0.092,0.004,-1.96,-0.37,179.83,0.0208,-0.0032,-0.0021,774.3251,765.1467,763.2339,772.0132
12,-2.152,-0.154,0.95,0.863,1.373,1.052,1.146,-1.605,0.023,0.094,0.004,-1.90,-0.37,179.82,0.0201,-0.0012,-0.0010,774.1159,765.2083,762.8074,772.0542
12,-2.185,-0.170,1.00,0.863,1.373,1.040,1.225,-1.615,-0.063,0.056,0.013,-1.64,-0.02,179.99,-0.0011,0.0051,0.0001,771.8491,764.4751,764.1716,773.4396
12,-2.223,-0.191,1.05,0.863,1.373,1.040,1.225,-1.615,-0.063,0.056,0.013,-1.64,-0.02,179.99,-0.0011,0.0051,0.0001,771.8491,764.4751,764.1716,773.4396
12,-2.266,-0.217,1.10,0.863,1.373,1.039,1.227,-1.615,-0.063,0.055,0.013,-1.65,0.00,179.98,-0.0004,0.0051,-0.0008,772.1008,764.5620,764.2278,773.4853
12,-2.313,-0.247,1.15,0.863,1.373,1.036,1.230,-1.615,-0.064,0.054,0.013,-1.65,0.02,179.97,0.0000,0.0045,-0.0009,772.2042,764.9152,764.3110,773.3951
12,-2.365,-0.282,1.20,0.863,1.373,1.035,1.232,-1.615,-0.064,0.054,0.014,-1.65,0.03,179.96,0.0009,0.0043,-0.0001,772.4129,765.1544,764.2031,773.4338
12,-2.421,-0.321,1.25,0.863,1.373,1.032,1.236,-1.614,-0.065,0.053,0.014,-1.64,0.04,179.96,0.0016,0.0031,-0.0004,772.3962,765.6234,764.1184,773.7793
12,-2.481,-0.364,1.30,0.863,1.373,1.031,1.238,-1.614,-0.065,0.053,0.014,-1.64,0.05,179.95,0.0030,0.0038,-0.0007,772.6400,765.8094,764.4263,773.6453
12,-2.546,-0.411,1.35,0.863,1.373,1.029,1.242,-1.613,-0.065,0.053,0.013,-1.63,0.06,179.94,0.0035,0.0030,-0.0008,772.8195,765.9437,764.4585,773.6194
12,-2.614,-0.463,1.40,0.863,1.373,1.027,1.244,-1.613,-0.065,0.053,0.013,-1.62,0.07,179.94,0.0042,0.0016,-0.0000,772.7457,766.2601,764.3547,773.6926
12,-2.686,-0.518,1.45,0.863,1.373,1.024,1.248,-1.613,-0.064,0.053,0.013,-1.61,0.08,179.93,0.0057,0.0022,-0.0001,772.7083,766.5455,763.9453,774.0922
12,-2.762,-0.578,1.50,0.863,1.373,1.023,1.250,-1.612,-0.063,0.053,0.012,-1.59,0.09,179.93,0.0057,0.0014,0.0005,772.9267,766.3687,764.2015,773.7048
12,-2.841,-0.641,1.55,0.863,1.373,1.020,1.255,-1.612,-0.062,0.052,0.012,-1.58,0.09,179.92,0.0054,0.0008,0.0008,772.6581,766.6269,764.0554,773.7142
12,-2.923,-0.708,1.60,0.863,1.373,1.019,1.257,-1.612,-0.062,0.052,0.011,-1.56,0.10,179.92,0.0066,-0.0001,-0.0002,772.4792,766.7754,764.0510,773.6288
12,-3.009,-0.778,1.65,0.863,1.373,1.016,1.262,-1.612,-0.060,0.052,0.011,-1.54,0.10,179.92,0.0065,-0.0001,0.0005,773.0015,766.2080,764.2990,773.2721
12,-3.098,-0.852,1.70,0.863,1.373,1.015,1.264,-1.612,-0.060,0.052,0.011,-1.52,0.09,179.91,0.0073,-0.0007,0.0004,772.6976,766.4535,764.1830,773.2172
12,-3.189,-0.928,1.75,0.863,1.373,1.012,1.268,-1.612,-0.059,0.051,0.010,-1.51,0.10,179.91,0.0082,0.0004,0.0006,772.2302,766.6971,763.6663,773.5632
12,-3.283,-1.008,1.80,0.863,1.373,1.010,1.270,-1.612,-0.058,0.051,0.010,-1.48,0.09,179.91,0.0073,-0.0006,0.0016,772.3818,766.3549,763.5944,773.3354
12,-3.380,-1.091,1.85,0.863,1.373,1.006,1.274,-1.612,-0.057,0.049,0.010,-1.46,0.10,179.92,0.0074,0.0002,0.0012,772.0923,766.4048,763.7173,773.1766
12,-3.478,-1.176,1.90,0.863,1.373,1.004,1.275,-1.612,-0.056,0.049,0.010,-1.44,0.10,179.92,0.0063,0.0006,0.0018,772.2084,766.2930,763.9116,773.1118
12,-3.579,-1.264,1.95,0.863,1.373,1.001,1.279,-1.613,-0.055,0.047,0.010,-1.43,0.10,179.93,0.0057,0.0013,0.0027,771.8988,766.5594,763.7578,773.2786
12,-3.681,-1.354,2.00,0.863,1.373,0.939,1.323,-1.611,-0.017,0.013,0.011,-1.32,0.19,179.99,-0.0024,-0.0035,-0.0003,772.2021,767.3687,765.2954,774.0306
12,-3.785,-1.447,2.05,0.863,1.373,0.939,1.323,-1.611,-0.017,0.013,0.011,-1.32,0.19,179.99,-0.0024,-0.0035,-0.0003,772.2021,767.3687,765.2954,774.0306
12,-3.890,-1.541,2.10,0.863,1.373,0.937,1.324,-1.609,-0.014,0.011,0.010,-1.33,0.18,179.99,-0.0015,-0.0053,0.0006,772.5585,767.2950,765.3495,774.3036
12,-3.997,-1.637,2.15,0.863,1.373,0.936,1.324,-1.608,-0.013,0.009,0.009,-1.33,0.17,179.98,-0.0006,-0.0048,-0.0008,772.5986,767.4045,765.2876,774.4994
12,-4.104,-1.734,2.20,0.863,1.373,0.935,1.325,-1.607,-0.011,0.006,0.008,-1.33,0.15,179.98,0.0009,-0.0043,0.0003,772.9643,767.4507,765.1062,774.8542
12,-4.212,-1.833,2.25,0.863,1.373,0.934,1.325,-1.606,-0.010,0.004,0.007,-1.33,0.14,179.98,0.0007,-0.0046,-0.0003,773.1777,767.4692,765.1648,774.8889
12,-4.320,-1.933,2.30,0.863,1.373,0.932,1.325,-1.604,-0.008,-0.001,0.005,-1.33,0.13,179.98,-0.0002,-0.0039,-0.0004,773.5900,767.1102,765.1208,775.0576
12,-4.429,-2.034,2.35,0.863,1.373,0.932,1.326,-1.604,-0.008,-0.003,0.004,-1.33,0.11,179.98,-0.0011,-0.0031,-0.0012,773.5709,767.1760,764.8612,775.2623
12,-4.538,-2.135,2.40,0.863,1.373,0.930,1.326,-1.602,-0.007,-0.008,0.003,-1.34,0.11,179.98,-0.0030,-0.0034,-0.0002,773.7231,767.0567,764.6536,775.1907
12,-4.646,-2.237,2.45,0.863,1.373,0.930,1.326,-1.602,-0.007,-0.011,0.002,-1.35,0.10,179.98,-0.0057,-0.0031,-0.0000,773.7311,766.8106,764.4421,775.1820
12,-4.754,-2.340,2.50,0.863,1.373,0.928,1.325,-1.601,-0.006,-0.017,-0.000,-1.37,0.09,179.98,-0.0071,-0.0011,0.0005,773.8019,766.4473,764.0645,775.2663
12,-4.861,-2.442,2.55,0.863,1.373,0.927,1.325,-1.601,-0.006,-0.020,-0.001,-1.40,0.09,179.98,-0.0101,-0.0011,0.0001,773.8154,766.0782,764.1553,774.8042
12,-4.967,-2.544,2.60,0.863,1.373,0.926,1.324,-1.601,-0.007,-0.025,-0.002,-1.42,0.09,179.98,-0.0111,-0.0007,0.0004,773.9389,765.6521,763.7805,774.9259
12,-5.072,-2.646,2.65,0.863,1.373,0.924,1.323,-1.601,-0.007,-0.029,-0.003,-1.46,0.09,179.98,-0.0128,0.0005,-0.0001,773.5432,765.5717,763.6080,774.8116
12,-5.176,-2.747,2.70,0.863,1.373,0.922,1.321,-1.601,-0.009,-0.035,-0.004,-1.50,0.09,179.97,-0.0171,0.0028,0.0006,773.2854,765.5063,763.2928,774.7551
12,-5.278,-2.847,2.75,0.863,1.373,0.920,1.320,-1.601,-0.009,-0.038,-0.004,-1.55,0.10,179.97,-0.0184,0.0032,0.0011,773.7870,764.7792,763.2552,774.4896
12,-5.378,-2.946,2.80,0.863,1.373,0.918,1.316,-1.602,-0.011,-0.045,-0.004,-1.60,0.11,179.96,-0.0205,0.0049,-0.0001,773.5034,764.8075,763.0851,774.3013
12,-5.476,-3.044,2.85,0.863,1.373,0.916,1.314,-1.602,-0.012,-0.048,-0.004,-1.66,0.12,179.95,-0.0217,0.0062,0.0008,773.6790,764.5222,762.9225,774.1893
12,-5.572,-3.141,2.90,0.863,1.373,0.912,1.310,-1.603,-0.014,-0.054,-0.004,-1.73,0.14,179.95,-0.0243,0.0083,0.0000,773.3492,764.6622,762.6790,774.0967
12,-5.666,-3.236,2.95,0.863,1.373,0.910,1.307,-1.603,-0.015,-0.057,-0.004,-1.80,0.17,179.94,-0.0263,0.0104,0.0006,773.3878,764.4687,762.4849,773.8358
12,-5.756,-3.329,3.00,0.863,1.373,0.857,1.222,-1.618,-0.002,-0.026,0.012,-3.02,0.66,-180.00,-0.0021,-0.0015,0.0015,773.9962,762.8064,762.7433,774.4748
12,-5.844,-3.420,3.05,0.863,1.373,0.857,1.222,-1.618,-0.002,-0.026,0.012,-3.02,0.66,-180.00,-0.0021,-0.0015,0.0015,773.9962,762.8064,762.7433,774.4748
12,-5.930,-3.509,3.10,0.863,1.373,0.856,1.220,-1.618,-0.000,-0.021,0.012,-3.02,0.66,-179.99,0.0003,-0.0018,0.0022,774.0174,762.9694,762.4579,774.9359
12,-6.011,-3.595,3.15,0.863,1.373,0.856,1.219,-1.617,0.001,-0.018,0.012,-3.01,0.65,-179.99,0.0051,-0.0015,0.0005,774.5288,762.5939,762.6515,775.0014
12,-6.090,-3.679,3.20,0.863,1.373,0.856,1.218,-1.617,0.002,-0.014,0.012,-3.00,0.65,-179.98,0.0077,-0.0013,-0.0001,774.6440,762.6213,762.1290,775.6118
12,-6.165,-3.760,3.25,0.863,1.373,0.856,1.218,-1.616,0.002,-0.012,0.011,-2.97,0.64,-179.98,0.0101,-0.0023,0.0002,775.1072,762.4501,762.2971,775.5977
12,-6.236,-3.838,3.30,0.863,1.373,0.856,1.217,-1.616,0.003,-0.011,0.011,-2.94,0.63,-179.98,0.0103,-0.0008,-0.0009,775.9778,761.9570,762.1910,775.8265
12,-6.304,-3.913,3.35,0.863,1.373,0.855,1.217,-1.615,0.003,-0.010,0.011,-2.92,0.63,-179.98,0.0075,-0.0020,-0.0001,776.1490,762.1266,761.9592,776.1422
12,-6.367,-3.984,3.40,0.863,1.373,0.855,1.217,-1.614,0.002,-0.011,0.010,-2.90,0.63,-179.98,0.0050,0.0003,-0.0011,776.6042,761.9153,761.7822,776.5037
12,-6.426,-4.052,3.45,0.863,1.373,0.854,1.217,-1.614,0.001,-0.012,0.009,-2.89,0.63,-179.98,0.0025,0.0009,-0.0020,776.8713,761.6725,761.5876,776.5871
12,-6.481,-4.117,3.50,0.863,1.373,0.853,1.216,-1.613,-0.001,-0.014,0.008,-2.89,0.63,-179.98,-0.0009,0.0027,-0.0015,777.3337,761.3386,761.3934,776.6497
12,-6.532,-4.178,3.55,0.863,1.373,0.853,1.215,-1.612,-0.002,-0.015,0.008,-2.89,0.64,-179.99,-0.0042,0.0050,-0.0024,777.5851,761.2503,761.3754,776.4948
12,-6.578,-4.235,3.60,0.863,1.373,0.851,1.214,-1.611,-0.005,-0.019,0.006,-2.91,0.65,-179.99,-0.0075,0.0058,-0.0010,777.7578,761.3272,761.3256,776.5095
12,-6.620,-4.288,3.65,0.863,1.373,0.851,1.213,-1.611,-0.006,-0.021,0.006,-2.94,0.67,-180.00,-0.0105,0.0062,-0.0017,777.9213,761.2352,760.9959,776.6755
12,-6.657,-4.337,3.70,0.863,1.373,0.849,1.211,-1.610,-0.009,-0.026,0.005,-2.97,0.69,179.99,-0.0142,0.0079,-0.0013,778.3207,761.0693,760.8240,776.7298
12,-6.689,-4.382,3.75,0.863,1.373,0.848,1.210,-1.609,-0.010,-0.028,0.004,-3.01,0.72,179.99,-0.0165,0.0100,-0.0017,778.5077,761.0380,760.4961,777.0524
12,-6.717,-4.422,3.80,0.863,1.373,0.846,1.207,-1.608,-0.014,-0.034,0.002,-3.07,0.75,179.98,-0.0194,0.0103,-0.0021,778.7477,761.0239,760.6865,776.6647
12,-6.740,-4.459,3.85,0.863,1.373,0.845,1.206,-1.608,-0.016,-0.036,0.002,-3.13,0.77,179.97,-0.0228,0.0109,-0.0012,779.0618,760.8314,760.4514,776.6384
12,-6.757,-4.490,3.90,0.863,1.373,0.843,1.202,-1.607,-0.018,-0.041,0.000,-3.20,0.81,179.96,-0.0261,0.0123,-0.0023,778.9092,760.9207,759.9498,776.6851
12,-6.770,-4.518,3.95,0.863,1.373,0.842,1.200,-1.607,-0.020,-0.043,-0.000,-3.27,0.85,179.95,-0.0265,0.0128,-0.0019,779.1084,760.7262,759.8462,776.4394
12,-6.778,-4.540,4.00,0.863,1.373,0.802,1.139,-1.608,-0.022,-0.012,-0.004,-4.53,1.55,179.97,-0.0060,0.0026,0.0008,779.5396,757.1885,758.5530,775.7687
12,-6.781,-4.558,4.05,0.863,1.373,0.802,1.139,-1.608,-0.022,-0.012,-0.004,-4.53,1.55,179.97,-0.0060,0.0026,0.0008,779.5396,757.1885,758.5530,775.7687
12,-6.779,-4.572,4.10,0.863,1.373,0.801,1.138,-1.608,-0.022,-0.010,-0.004,-4.54,1.56,179.97,-0.0048,0.0021,0.0014,779.8318,757.0188,758.6403,775.7620
12,-6.772,-4.581,4.15,0.863,1.373,0.800,1.136,-1.608,-0.021,-0.006,-0.003,-4.55,1.57,179.97,-0.0040,0.0021,0.0002,780.0712,756.9704,758.4893,775.9929
12,-6.760,-4.585,4.20,0.863,1.373,0.798,1.136,-1.607,-0.021,-0.004,-0.004,-4.56,1.57,179.98,-0.0016,0.0028,-0.0002,780.4156,756.7192,758.2576,776.1708
12,-6.743,-4.584,4.25,0.863,1.373,0.796,1.135,-1.607,-0.021,-0.000,-0.003,-4.56,1.58,179.97,-0.0012,0.0041,-0.0001,780.7695,756.7825,758.3952,776.1954
12,-6.721,-4.579,4.30,0.863,1.373,0.795,1.134,-1.606,-0.021,0.001,-0.003,-4.57,1.60,179.97,-0.0000,0.0062,0.0004,781.1505,756.9079,758.1229,776.7842
12,-6.694,-4.569,4.35,0.863,1.373,0.794,1.134,-1.605,-0.021,0.004,-0.004,-4.57,1.61,179.97,-0.0005,0.0074,0.0001,781.4069,757.0945,758.1608,777.1332
12,-6.663,-4.554,4.40,0.863,1.373,0.793,1.134,-1.604,-0.022,0.005,-0.004,-4.57,1.63,179.97,-0.0009,0.0079,-0.0003,781.8094,757.0485,758.3043,777.1517
12,-6.626,-4.535,4.45,0.863,1.373,0.792,1.134,-1.603,-0.022,0.007,-0.005,-4.58,1.66,179.97,-0.0017,0.0084,0.0004,781.9818,757.1721,758.2667,777.2553
12,-6.585,-4.511,4.50,0.863,1.373,0.792,1.134,-1.602,-0.022,0.007,-0.005,-4.58,1.68,179.97,-0.0015,0.0073,-0.0001,782.4407,756.7467,758.2197,777.3062
12,-6.540,-4.483,4.55,0.863,1.373,0.792,1.134,-1.601,-0.021,0.008,-0.007,-4.59,1.70,179.96,-0.0032,0.0065,-0.0012,782.4440,756.8192,758.0532,777.1821
12,-6.490,-4.450,4.60,0.863,1.373,0.792,1.134,-1.601,-0.021,0.009,-0.007,-4.60,1.72,179.96,-0.0042,0.0066,-0.0005,782.4683,756.8440,757.8666,777.1461
12,-6.435,-4.413,4.65,0.863,1.373,0.792,1.134,-1.600,-0.020,0.009,-0.008,-4.61,1.74,179.95,-0.0055,0.0042,-0.0003,782.6548,756.4112,757.8215,776.8705
12,-6.377,-4.371,4.70,0.863,1.373,0.792,1.134,-1.600,-0.020,0.009,-0.009,-4.63,1.75,179.95,-0.0063,0.0036,-0.0003,782.5868,756.2247,757.5240,776.8523
12,-6.314,-4.325,4.75,0.863,1.373,0.793,1.134,-1.600,-0.020,0.009,-0.010,-4.65,1.76,179.94,-0.0082,0.0035,-0.0004,782.3710,756.2250,757.3873,776.5749
12,-6.247,-4.275,4.80,0.863,1.373,0.793,1.134,-1.600,-0.020,0.009,-0.010,-4.67,1.77,179.94,-0.0086,0.0026,0.0002,782.5798,755.8745,757.1874,776.5364
12,-6.176,-4.221,4.85,0.863,1.373,0.794,1.135,-1.600,-0.019,0.009,-0.011,-4.69,1.78,179.94,-0.0082,0.0024,-0.0001,782.6848,755.6250,756.8832,776.5469
12,-6.102,-4.163,4.90,0.863,1.373,0.794,1.135,-1.599,-0.020,0.010,-0.011,-4.72,1.78,179.94,-0.0096,0.0024,-0.0009,782.6801,755.6686,756.8528,776.4218
12,-6.024,-4.101,4.95,0.863,1.373,0.794,1.136,-1.599,-0.020,0.010,-0.012,-4.75,1.79,179.93,-0.0100,0.0012,-0.0008,782.9899,755.4195,757.0521,776.0363
12,-5.943,-4.036,5.00,0.863,1.373,0.776,1.133,-1.599,-0.030,0.022,-0.013,-5.33,2.28,179.95,-0.0089,0.0079,0.0012,783.4808,753.5193,755.9958,775.8809
12,-5.858,-3.966,5.05,0.863,1.373,0.776,1.133,-1.599,-0.030,0.022,-0.013,-5.33,2.28,179.95,-0.0089,0.0079,0.0012,783.4808,753.5193,755.9958,775.8809
12,-5.771,-3.894,5.10,0.863,1.373,0.774,1.133,-1.599,-0.029,0.025,-0.013,-5.35,2.30,179.95,-0.0082,0.0076,0.0004,782.9460,753.9490,755.7267,776.0780
12,-5.680,-3.818,5.15,0.863,1.373,0.774,1.134,-1.599,-0.028,0.027,-0.013,-5.37,2.33,179.96,-0.0067,0.0072,0.0008,782.8876,753.8213,755.8069,775.9590
12,-5.587,-3.740,5.20,0.863,1.373,0.773,1.135,-1.600,-0.026,0.031,-0.012,-5.39,2.34,179.96,-0.0072,0.0066,0.0006,782.9227,753.7302,755.8201,775.7231
12,-5.491,-3.658,5.25,0.863,1.373,0.772,1.135,-1.600,-0.024,0.033,-0.012,-5.41,2.36,179.96,-0.0041,0.0049,0.0008,782.6988,753.7227,755.8983,775.2966
12,-5.394,-3.574,5.30,0.863,1.373,0.772,1.137,-1.601,-0.022,0.038,-0.011,-5.42,2.37,179.96,-0.0032,0.0035,0.0008,782.3892,753.7474,755.5638,775.2748
12,-5.294,-3.487,5.35,0.863,1.373,0.772,1.138,-1.602,-0.020,0.041,-0.011,-5.42,2.38,179.96,-0.0018,0.0019,0.0012,782.0506,753.7248,755.2216,775.3482
12,-5.192,-3.397,5.40,0.863,1.373,0.772,1.140,-1.603,-0.016,0.046,-0.010,-5.42,2.39,179.96,0.0022,0.0002,0.0001,782.1042,753.2948,755.3346,775.0007
12,-5.089,-3.306,5.45,0.863,1.373,0.772,1.142,-1.603,-0.015,0.049,-0.009,-5.42,2.39,179.96,0.0046,-0.0002,0.0008,782.0062,753.2714,755.5115,774.7548
12,-4.984,-3.212,5.50,0.863,1.373,0.773,1.144,-1.604,-0.011,0.055,-0.008,-5.40,2.39,179.96,0.0051,-0.0011,0.0006,781.9279,753.4915,755.6512,774.8574
12,-4.878,-3.117,5.55,0.863,1.373,0.773,1.146,-1.604,-0.009,0.057,-0.007,-5.38,2.38,179.96,0.0076,-0.0049,0.0007,781.9235,753.7457,755.5316,775.2814
12,-4.771,-3.020,5.60,0.863,1.373,0.774,1.150,-1.604,-0.005,0.064,-0.005,-5.36,2.37,179.97,0.0102,-0.0047,0.0009,782.1111,753.7526,755.8156,775.2549
12,-4.663,-2.921,5.65,0.863,1.373,0.775,1.152,-1.604,-0.004,0.066,-0.005,-5.33,2.35,179.97,0.0114,-0.0045,0.0010,782.1999,754.0554,756.2094,775.2727
12,-4.555,-2.822,5.70,0.863,1.373,0.776,1.157,-1.603,-0.001,0.071,-0.004,-5.29,2.34,179.97,0.0132,-0.0071,0.0002,782.5592,753.9047,756.6161,775.1196
12,-4.446,-2.721,5.75,0.863,1.373,0.776,1.159,-1.603,0.001,0.074,-0.004,-5.25,2.32,179.97,0.0136,-0.0063,-0.0004,782.5851,754.0037,756.5001,775.4063
12,-4.338,-2.620,5.80,0.863,1.373,0.778,1.165,-1.603,0.004,0.080,-0.004,-5.22,2.30,179.98,0.0159,-0.0056,0.0000,782.5042,754.1951,756.3867,775.6498
12,-4.229,-2.518,5.85,0.863,1.373,0.778,1.168,-1.602,0.005,0.082,-0.003,-5.17,2.28,179.98,0.0172,-0.0057,0.0002,782.8176,754.0016,756.8976,775.3670
12,-4.121,-2.416,5.90,0.863,1.373,0.779,1.175,-1.602,0.006,0.087,-0.003,-5.12,2.27,179.98,0.0180,-0.0057,0.0004,782.3890,754.5262,756.4861,775.9206
12,-4.014,-2.314,5.95,0.863,1.373,0.780,1.178,-1.602,0.007,0.089,-0.003,-5.07,2.25,179.99,0.0206,-0.0042,0.0001,782.7844,754.1733,756.9072,775.5839
12,-3.907,-2.212,6.00,0.863,1.373,0.796,1.274,-1.600,0.013,0.064,-0.004,-4.36,2.09,179.98,0.0009,0.0042,0.0004,782.8103,754.5925,757.1090,775.2609
12,-3.802,-2.110,6.05,0.863,1.373,0.796,1.274,-1.600,0.013,0.064,-0.004,-4.36,2.09,179.98,0.0009,0.0042,0.0004,782.8103,754.5925,757.1090,775.2609
12,-3.698,-2.009,6.10,0.863,1.373,0.796,1.275,-1.600,0.013,0.062,-0.004,-4.35,2.10,179.97,-0.0007,0.0033,0.0000,782.4955,754.9786,756.8085,775.5326
12,-3.595,-1.908,6.15,0.863,1.373,0.797,1.279,-1.600,0.013,0.059,-0.003,-4.36,2.12,179.97,-0.0044,0.0052,0.0012,782.3297,755.2814,756.8618,775.5933
12,-3.494,-1.808,6.20,0.863,1.373,0.797,1.280,-1.600,0.014,0.058,-0.003,-4.38,2.13,179.97,-0.0075,0.0048,0.0005,782.3661,755.3170,757.3545,775.3099
12,-3.395,-1.710,6.25,0.863,1.373,0.798,1.282,-1.600,0.016,0.057,-0.003,-4.40,2.14,179.98,-0.0087,0.0033,0.0002,781.6457,756.2571,757.2020,775.7283
12,-3.298,-1.613,6.30,0.863,1.373,0.798,1.284,-1.599,0.018,0.056,-0.003,-4.42,2.15,179.98,-0.0086,0.0005,0.0010,781.2991,756.8201,757.5811,775.7584
12,-3.204,-1.517,6.35,0.863,1.373,0.799,1.286,-1.599,0.022,0.058,-0.003,-4.44,2.15,179.98,-0.0079,-0.0017,0.0022,781.2296,756.9584,757.7614,775.7881
12,-3.112,-1.423,6.40,0.863,1.373,0.800,1.288,-1.598,0.024,0.058,-0.003,-4.46,2.14,179.99,-0.0052,-0.0048,0.0018,781.1841,756.9295,758.5479,775.4356
12,-3.023,-1.332,6.45,0.863,1.373,0.802,1.290,-1.597,0.028,0.061,-0.003,-4.47,2.13,179.99,-0.0017,-0.0068,0.0015,780.8018,757.3982,758.7609,775.5737
12,-2.937,-1.242,6.50,0.863,1.373,0.802,1.292,-1.597,0.030,0.063,-0.003,-4.47,2.11,180.00,0.0011,-0.0100,0.0028,780.6567,757.5311,759.0174,775.5450
12,-2.854,-1.155,6.55,0.863,1.373,0.804,1.296,-1.596,0.035,0.068,-0.003,-4.46,2.08,-180.00,0.0056,-0.0111,0.0015,780.1866,757.9316,759.0651,775.8022
12,-2.774,-1.070,6.60,0.863,1.373,0.805,1.298,-1.596,0.037,0.071,-0.003,-4.44,2.05,-179.99,0.0086,-0.0108,0.0012,780.5623,757.6406,759.6154,775.4595
12,-2.698,-0.988,6.65,0.863,1.373,0.807,1.303,-1.595,0.041,0.076,-0.004,-4.41,2.02,-179.98,0.0128,-0.0131,0.0016,779.9125,758.3794,759.6282,775.6967
12,-2.625,-0.909,6.70,0.863,1.373,0.808,1.305,-1.595,0.043,0.079,-0.004,-4.37,1.98,-179.98,0.0163,-0.0125,0.0024,780.0327,758.2126,759.9974,775.5138
12,-2.556,-0.833,6.75,0.863,1.373,0.811,1.311,-1.594,0.048,0.085,-0.005,-4.32,1.94,-179.97,0.0205,-0.0142,0.0008,779.8191,758.2572,759.9383,775.6628
12,-2.491,-0.760,6.80,0.863,1.373,0.812,1.314,-1.594,0.050,0.088,-0.005,-4.26,1.90,-179.97,0.0231,-0.0143,0.0014,779.6943,758.2318,760.0651,775.5099
12,-2.430,-0.691,6.85,0.863,1.373,0.815,1.319,-1.593,0.054,0.093,-0.005,-4.18,1.86,-179.96,0.0253,-0.0169,0.0013,779.6263,758.1993,760.2223,775.5488
12,-2.374,-0.625,6.90,0.863,1.373,0.817,1.322,-1.593,0.056,0.095,-0.005,-4.11,1.81,-179.95,0.0258,-0.0154,-0.0004,779.5898,758.2301,760.3814,775.4766
12,-2.321,-0.562,6.95,0.863,1.373,0.820,1.329,-1.593,0.060,0.100,-0.006,-4.03,1.76,-179.95,0.0265,-0.0174,-0.0002,779.2283,758.4377,760.1985,775.6285
12,-2.273,-0.504,7.00,0.863,1.373,0.890,1.443,-1.600,0.048,0.070,-0.001,-2.68,0.87,-179.97,0.0124,-0.0010,-0.0001,777.4026,759.1255,760.1500,773.9425
12,-2.230,-0.449,7.05,0.863,1.373,0.890,1.443,-1.600,0.048,0.070,-0.001,-2.68,0.87,-179.97,0.0124,-0.0010,-0.0001,777.4026,759.1255,760.1500,773.9425
12,-2.191,-0.399,7.10,0.863,1.373,0.891,1.446,-1.600,0.046,0.067,-0.001,-2.65,0.86,-179.98,0.0091,0.0003,-0.0001,777.4165,759.4579,760.4193,773.8430
12,-2.157,-0.352,7.15,0.863,1.373,0.892,1.451,-1.601,0.042,0.061,0.000,-2.63,0.87,-179.98,0.0056,0.0018,-0.0007,777.0917,759.8914,760.4457,774.0677
12,-2.128,-0.310,7.20,0.863,1.373,0.893,1.453,-1.601,0.041,0.058,0.001,-2.61,0.88,-179.98,0.0031,0.0048,0.0005,776.4365,760.7253,760.5552,774.1273
12,-2.103,-0.272,7.25,0.863,1.373,0.894,1.458,-1.601,0.039,0.054,0.001,-2.61,0.89,-179.98,0.0005,0.0035,0.0007,776.0573,761.1923,760.6528,774.1276
12,-2.084,-0.239,7.30,0.863,1.373,0.895,1.460,-1.601,0.039,0.053,0.001,-2.61,0.89,-179.98,0.0004,0.0020,-0.0007,776.0593,761.2884,760.9073,774.0763
12,-2.069,-0.210,7.35,0.863,1.373,0.897,1.466,-1.602,0.039,0.050,0.002,-2.61,0.90,-179.98,-0.0009,0.0007,0.0016,775.6880,761.7258,760.9056,774.1559
12,-2.059,-0.186,7.40,0.863,1.373,0.898,1.468,-1.602,0.040,0.049,0.002,-2.61,0.90,-179.98,0.0019,-0.0027,0.0007,775.5012,761.9260,760.9078,774.3260
12,-2.055,-0.166,7.45,0.863,1.373,0.900,1.473,-1.602,0.042,0.048,0.003,-2.60,0.89,-179.98,0.0042,-0.0037,0.0010,775.0380,762.3735,761.3252,774.1475
12,-2.055,-0.151,7.50,0.863,1.373,0.901,1.475,-1.602,0.043,0.047,0.003,-2.58,0.87,-179.97,0.0071,-0.0080,0.0006,775.0888,762.3922,761.6529,774.0693
12,-2.060,-0.140,7.55,0.863,1.373,0.904,1.480,-1.602,0.045,0.047,0.003,-2.56,0.84,-179.97,0.0093,-0.0093,0.0004,775.1487,762.4634,761.8462,774.1221
12,-2.070,-0.134,7.60,0.863,1.373,0.905,1.482,-1.602,0.046,0.047,0.004,-2.53,0.81,-179.97,0.0117,-0.0117,0.0002,774.7584,762.8920,762.0087,774.2133
12,-2.085,-0.133,7.65,0.863,1.373,0.907,1.486,-1.602,0.048,0.047,0.004,-2.50,0.78,-179.96,0.0128,-0.0127,0.0013,774.5933,762.9999,762.0828,774.3073
12,-2.106,-0.137,7.70,0.863,1.373,0.908,1.488,-1.603,0.049,0.047,0.004,-2.45,0.74,-179.96,0.0156,-0.0141,0.0005,774.3615,763.0347,762.1127,774.4167
12,-2.131,-0.145,7.75,0.863,1.373,0.910,1.493,-1.603,0.050,0.047,0.004,-2.41,0.70,-179.96,0.0147,-0.0149,0.0007,774.4804,762.7898,762.2370,774.3874
12,-2.160,-0.158,7.80,0.863,1.373,0.911,1.495,-1.603,0.051,0.047,0.004,-2.36,0.66,-179.96,0.0167,-0.0135,-0.0004,774.2863,762.9174,762.4785,774.2018
12,-2.195,-0.176,7.85,0.863,1.373,0.912,1.499,-1.603,0.051,0.046,0.005,-2.32,0.62,-179.96,0.0168,-0.0121,0.0006,774.2347,763.1056,762.8783,773.8561
12,-2.234,-0.198,7.90,0.863,1.373,0.912,1.501,-1.603,0.051,0.046,0.005,-2.27,0.58,-179.97,0.0169,-0.0111,0.0008,774.5436,763.1089,762.9725,773.9843
12,-2.278,-0.224,7.95,0.863,1.373,0.914,1.505,-1.603,0.051,0.046,0.005,-2.22,0.55,-179.97,0.0192,-0.0099,0.0002,774.3755,763.6414,763.1000,774.1062
12,-2.327,-0.256,8.00,0.863,1.373,0.930,1.547,-1.600,0.037,0.005,0.001,-1.47,0.14,-179.98,0.0061,-0.0031,0.0019,773.1796,765.3135,764.3499,773.7191
12,-2.379,-0.291,8.05,0.863,1.373,0.930,1.547,-1.600,0.037,0.005,0.001,-1.47,0.14,-179.98,0.0061,-0.0031,0.0019,773.1796,765.3135,764.3499,773.7191
12,-2.436,-0.331,8.10,0.863,1.373,0.932,1.548,-1.600,0.036,0.002,0.001,-1.45,0.13,-179.98,0.0061,-0.0040,0.0011,772.8030,765.6993,764.1509,774.0416
12,-2.498,-0.376,8.15,0.863,1.373,0.932,1.549,-1.600,0.035,0.000,0.000,-1.43,0.12,-179.98,0.0048,-0.0035,0.0009,772.8478,765.8119,764.1986,774.0967
12,-2.563,-0.424,8.20,0.863,1.373,0.934,1.550,-1.600,0.034,-0.003,-0.000,-1.42,0.11,-179.98,0.0047,-0.0029,0.0007,773.0474,765.5930,764.2499,773.9816
12,-2.632,-0.477,8.25,0.863,1.373,0.934,1.551,-1.599,0.033,-0.004,-0.000,-1.41,0.09,-179.98,0.0056,-0.0040,0.0012,772.9084,765.6510,764.1068,774.0074
12,-2.705,-0.533,8.30,0.863,1.373,0.935,1.553,-1.599,0.032,-0.007,-0.001,-1.39,0.08,-179.98,0.0055,-0.0039,0.0010,772.5656,765.9986,764.1033,774.0997
12,-2.782,-0.594,8.35,0.863,1.373,0.936,1.553,-1.599,0.031,-0.009,-0.001,-1.38,0.07,-179.98,0.0053,-0.0033,0.0012,772.7392,765.8469,764.0437,774.1438
12,-2.862,-0.658,8.40,0.863,1.373,0.937,1.555,-1.599,0.030,-0.011,-0.002,-1.37,0.06,-179.98,0.0051,-0.0041,0.0005,772.3625,765.9518,764.1420,773.9335
12,-2.945,-0.726,8.45,0.863,1.373,0.937,1.555,-1.599,0.029,-0.013,-0.002,-1.35,0.05,-179.99,0.0052,-0.0023,0.0005,772.3445,765.9032,764.2203,773.7939
12,-3.032,-0.797,8.50,0.863,1.373,0.937,1.556,-1.599,0.028,-0.016,-0.002,-1.34,0.04,-179.99,0.0048,-0.0030,0.0015,772.7165,765.6205,764.3503,773.5994
12,-3.121,-0.872,8.55,0.863,1.373,0.937,1.556,-1.599,0.026,-0.018,-0.002,-1.33,0.03,-180.00,0.0034,-0.0017,0.0014,772.4832,766.0748,764.2936,773.7566
12,-3.214,-0.949,8.60,0.863,1.373,0.937,1.556,-1.599,0.024,-0.021,-0.002,-1.31,0.02,179.99,0.0047,-0.0014,0.0011,772.3938,766.1664,763.9845,773.9725
12,-3.308,-1.030,8.65,0.863,1.373,0.937,1.556,-1.598,0.023,-0.023,-0.002,-1.30,0.02,179.99,0.0029,0.0009,0.0008,772.5311,766.1475,764.1058,773.6920
12,-3.405,-1.113,8.70,0.863,1.373,0.936,1.555,-1.598,0.021,-0.027,-0.003,-1.30,0.02,179.98,0.0005,-0.0001,0.0018,772.8979,765.9111,764.2389,773.4514
12,-3.504,-1.199,8.75,0.863,1.373,0.936,1.555,-1.599,0.020,-0.030,-0.003,-1.30,0.02,179.97,-0.0005,0.0023,0.0011,772.6032,766.2887,763.8920,773.6494
12,-3.606,-1.288,8.80,0.863,1.373,0.935,1.553,-1.599,0.018,-0.034,-0.003,-1.30,0.02,179.97,-0.0025,0.0030,0.0013,772.8610,766.0342,764.1104,773.4224
12,-3.708,-1.378,8.85,0.863,1.373,0.934,1.552,-1.599,0.017,-0.036,-0.003,-1.31,0.03,179.97,-0.0040,0.0016,0.0015,772.3597,766.4741,763.5415,773.8441
12,-3.813,-1.471,8.90,0.863,1.373,0.934,1.550,-1.599,0.016,-0.040,-0.003,-1.32,0.04,179.96,-0.0039,0.0025,0.0021,772.3151,766.3727,763.8074,773.3832
12,-3.918,-1.566,8.95,0.863,1.373,0.933,1.548,-1.599,0.015,-0.042,-0.003,-1.33,0.04,179.96,-0.0064,0.0030,0.0021,772.1703,766.3528,763.7411,773.4114
12,-4.025,-1.662,9.00,0.863,1.373,0.936,1.469,-1.601,0.015,-0.049,-0.004,-1.88,-0.10,-179.95,-0.0020,-0.0052,-0.0015,771.1901,765.8826,763.9481,773.4667
12,-4.132,-1.760,9.05,0.863,1.373,0.936,1.469,-1.601,0.015,-0.049,-0.004,-1.88,-0.10,-179.95,-0.0020,-0.0052,-0.0015,771.1901,765.8826,763.9481,773.4667
12,-4.240,-1.859,9.10,0.863,1.373,0.936,1.467,-1.601,0.014,-0.047,-0.004,-1.89,-0.12,-179.96,-0.0008,-0.0061,0.0000,771.2830,765.8563,763.8369,773.4782
12,-4.349,-1.960,9.15,0.863,1.373,0.937,1.463,-1.602,0.013,-0.045,-0.003,-1.88,-0.14,-179.96,0.0023,-0.0063,-0.0013,771.7212,765.4431,763.9724,773.3197
12,-4.458,-2.061,9.20,0.863,1.373,0.938,1.461,-1.602,0.013,-0.044,-0.003,-1.87,-0.15,-179.96,0.0042,-0.0053,-0.0018,771.9867,765.3878,763.6488,773.6540
12,-4.566,-2.162,9.25,0.863,1.373,0.939,1.458,-1.602,0.011,-0.043,-0.003,-1.86,-0.16,-179.96,0.0050,-0.0050,-0.0014,772.2541,765.2019,763.6531,773.6061
12,-4.674,-2.264,9.30,0.863,1.373,0.939,1.456,-1.603,0.011,-0.044,-0.002,-1.84,-0.18,-179.97,0.0042,-0.0042,-0.0013,772.4639,764.9686,763.2163,773.9183
12,-4.782,-2.366,9.35,0.863,1.373,0.940,1.453,-1.603,0.009,-0.045,-0.002,-1.83,-0.18,-179.97,0.0039,-0.0030,-0.0012,772.4508,765.1155,762.7057,774.3332
12,-4.889,-2.469,9.40,0.863,1.373,0.941,1.451,-1.603,0.008,-0.046,-0.002,-1.82,-0.19,-179.98,0.0017,-0.0030,-0.0022,772.9926,764.7711,763.0434,774.0186
12,-4.995,-2.571,9.45,0.863,1.373,0.941,1.448,-1.603,0.005,-0.048,-0.002,-1.82,-0.20,-179.98,-0.0009,-0.0018,-0.0009,773.0422,764.8793,762.5153,774.5193
12,-5.099,-2.672,9.50,0.863,1.373,0.941,1.447,-1.603,0.003,-0.049,-0.001,-1.83,-0.20,-179.98,-0.0021,0.0005,-0.0008,773.5076,764.5917,762.9325,774.2289
12,-5.203,-2.773,9.55,0.863,1.373,0.941,1.443,-1.603,-0.001,-0.052,-0.001,-1.84,-0.20,-179.99,-0.0066,0.0004,-0.0015,773.4631,764.7664,763.0769,774.1709
12,-5.304,-2.873,9.60,0.863,1.373,0.940,1.442,-1.603,-0.003,-0.053,-0.001,-1.86,-0.20,-179.99,-0.0077,0.0037,-0.0021,773.7368,764.7524,762.7584,774.5068
12,-5.404,-2.972,9.65,0.863,1.373,0.939,1.439,-1.603,-0.008,-0.056,-0.001,-1.89,-0.18,-180.00,-0.0090,0.0050,-0.0007,773.8918,764.8774,762.6953,774.6492
12,-5.501,-3.070,9.70,0.863,1.373,0.938,1.437,-1.602,-0.010,-0.058,-0.002,-1.92,-0.17,180.00,-0.0114,0.0079,-0.0013,774.0673,764.8426,762.6472,774.7145
12,-5.597,-3.166,9.75,0.863,1.373,0.936,1.434,-1.602,-0.015,-0.060,-0.002,-1.95,-0.15,179.99,-0.0111,0.0095,-0.0003,774.2631,764.9763,762.6833,774.7652
12,-5.690,-3.260,9.80,0.863,1.373,0.935,1.433,-1.602,-0.018,-0.062,-0.002,-1.99,-0.12,179.99,-0.0124,0.0099,-0.0006,774.5718,764.8124,762.8564,774.7416
12,-5.780,-3.353,9.85,0.863,1.373,0.932,1.431,-1.601,-0.023,-0.064,-0.003,-2.02,-0.09,179.98,-0.0108,0.0127,0.0002,774.7645,764.6965,762.8276,774.8061
12,-5.867,-3.443,9.90,0.863,1.373,0.931,1.429,-1.601,-0.025,-0.065,-0.003,-2.06,-0.05,179.98,-0.0112,0.0145,0.0001,774.8671,764.5911,763.1265,774.5458
12,-5.951,-3.532,9.95,0.863,1.373,0.927,1.427,-1.601,-0.030,-0.067,-0.003,-2.09,-0.01,179.97,-0.0115,0.0151,0.0000,774.7908,764.5641,762.5226,774.9971
13,6.514,4.220,0.00,0.863,1.373,0.746,2.064,-1.624,0.228,0.340,-0.004,8.27,2.08,178.97,0.0208,-0.1100,0.0613,763.2968,777.9720,776.7864,750.3964
13,6.431,4.131,0.05,0.863,1.373,0.746,2.064,-1.624,0.228,0.340,-0.004,8.27,2.08,178.97,0.0208,-0.1100,0.0613,763.2968,777.9720,776.7864,750.3964
13,6.345,4.040,0.10,0.863,1.373,0.768,2.077,-1.624,0.250,0.297,-0.002,8.32,1.73,179.00,0.0079,-0.1108,0.0621,762.4503,778.2538,776.8553,751.0656
13,6.257,3.948,0.15,0.863,1.373,0.778,2.083,-1.624,0.260,0.276,-0.001,8.34,1.41,179.03,-0.0020,-0.1099,0.0637,761.8109,778.4486,777.4288,751.2184
13,6.167,3.854,0.20,0.863,1.373,0.800,2.093,-1.624,0.277,0.233,0.001,8.33,1.06,179.07,-0.0125,-0.1062,0.0623,761.2256,778.2066,777.6206,751.7092
13,6.075,3.759,0.25,0.863,1.373,0.814,2.097,-1.624,0.286,0.206,0.002,8.30,0.75,179.11,-0.0213,-0.1032,0.0630,760.5881,777.9185,777.8867,751.8803
13,5.980,3.663,0.30,0.863,1.373,0.836,2.102,-1.624,0.297,0.165,0.004,8.23,0.43,179.16,-0.0278,-0.0992,0.0625,759.2546,778.2900,777.6754,752.8414
13,5.884,3.566,0.35,0.863,1.373,0.847,2.103,-1.624,0.301,0.145,0.004,8.15,0.14,179.21,-0.0343,-0.0945,0.0605,759.0219,777.7963,778.5939,752.8039
13,5.786,3.467,0.40,0.863,1.373,0.869,2.105,-1.623,0.307,0.106,0.006,8.05,-0.16,179.27,-0.0383,-0.0889,0.0592,758.4619,777.7799,779.4377,752.9923
13,5.687,3.368,0.45,0.863,1.373,0.882,2.104,-1.623,0.308,0.082,0.007,7.94,-0.42,179.32,-0.0432,-0.0848,0.0578,757.5977,777.9358,779.6038,753.6223
13,5.586,3.268,0.50,0.863,1.373,0.903,2.101,-1.623,0.309,0.047,0.008,7.81,-0.69,179.37,-0.0463,-0.0770,0.0560,757.1182,777.6859,779.7982,754.2347
13,5.483,3.168,0.55,0.863,1.373,0.913,2.099,-1.622,0.308,0.029,0.008,7.69,-0.92,179.41,-0.0488,-0.0741,0.0538,756.3743,777.8365,780.0275,754.7367
13,5.380,3.067,0.60,0.863,1.373,0.932,2.093,-1.622,0.304,-0.003,0.009,7.54,-1.15,179.45,-0.0511,-0.0666,0.0512,755.8738,777.9139,779.8806,755.3428
13,5.275,2.966,0.65,0.863,1.373,0.944,2.089,-1.621,0.300,-0.022,0.010,7.40,-1.34,179.48,-0.0521,-0.0609,0.0477,755.4553,778.0073,780.4681,755.0662
13,5.170,2.864,0.70,0.863,1.373,0.962,2.080,-1.621,0.293,-0.051,0.010,7.25,-1.53,179.51,-0.0534,-0.0546,0.0460,755.0695,778.1690,780.1466,755.4832
13,5.063,2.763,0.75,0.863,1.373,0.970,2.076,-1.621,0.288,-0.064,0.010,7.10,-1.69,179.53,-0.0530,-0.0503,0.0428,755.0506,777.9249,780.3329,755.3077
13,4.956,2.662,0.80,0.863,1.373,0.986,2.065,-1.621,0.278,-0.089,0.011,6.94,-1.85,179.54,-0.0525,-0.0437,0.0402,754.1617,778.6536,779.8865,755.5444
13,4.849,2.561,0.85,0.863,1.373,0.995,2.058,-1.620,0.271,-0.103,0.011,6.79,-1.98,179.55,-0.0530,-0.0377,0.0377,754.4803,778.4629,780.0437,755.1484
13,4.741,2.460,0.90,0.863,1.373,1.009,2.046,-1.619,0.258,-0.123,0.012,6.63,-2.10,179.56,-0.0520,-0.0325,0.0358,754.6262,778.8638,779.7844,755.3748
13,4.632,2.360,0.95,0.863,1.373,1.015,2.040,-1.619,0.252,-0.132,0.012,6.49,-2.20,179.57,-0.0501,-0.0289,0.0330,754.7083,779.2184,779.5652,755.4953
13,4.524,2.260,1.00,0.863,1.373,1.070,1.808,-1.609,0.054,-0.181,0.007,4.70,-2.27,179.81,-0.0018,0.0040,0.0176,752.4312,782.1384,776.4579,756.8203
13,4.416,2.161,1.05,0.863,1.373,1.070,1.808,-1.609,0.054,-0.181,0.007,4.70,-2.27,179.81,-0.0018,0.0040,0.0176,752.4312,782.1384,776.4579,756.8203
13,4.308,2.063,1.10,0.863,1.373,1.070,1.804,-1.609,0.052,-0.178,0.007,4.70,-2.27,179.84,0.0013,0.0024,0.0164,752.4012,781.9742,776.3742,756.9760
13,4.201,1.967,1.15,0.863,1.373,1.069,1.795,-1.610,0.047,-0.173,0.007,4.70,-2.27,179.87,0.0059,0.0008,0.0154,752.7050,781.3489,776.2514,757.2941
13,4.094,1.871,1.20,0.863,1.373,1.069,1.791,-1.610,0.045,-0.171,0.007,4.72,-2.27,179.89,0.0088,0.0013,0.0145,753.0297,780.7798,776.4163,757.0884
13,3.987,1.776,1.25,0.863,1.373,1.068,1.783,-1.611,0.039,-0.167,0.008,4.74,-2.28,179.91,0.0098,0.0011,0.0107,753.0288,780.6472,776.0779,757.4177
13,3.882,1.683,1.30,0.863,1.373,1.068,1.779,-1.611,0.036,-0.166,0.008,4.77,-2.28,179.92,0.0110,0.0016,0.0112,753.3514,780.3978,775.6856,757.8151
13,3.777,1.592,1.35,0.863,1.373,1.067,1.772,-1.611,0.030,-0.164,0.009,4.79,-2.28,179.94,0.0094,0.0023,0.0092,753.5571,780.2154,775.8627,757.6804
13,3.673,1.502,1.40,0.863,1.373,1.067,1.768,-1.611,0.027,-0.164,0.009,4.82,-2.28,179.95,0.0090,0.0019,0.0077,754.2199,779.7307,775.7968,757.7564
13,3.571,1.414,1.45,0.863,1.373,1.066,1.760,-1.612,0.020,-0.165,0.010,4.83,-2.27,179.97,0.0059,0.0038,0.0077,754.3269,779.7302,775.4875,758.0751
13,3.470,1.328,1.50,0.863,1.373,1.066,1.756,-1.612,0.017,-0.165,0.010,4.84,-2.26,179.98,0.0018,0.0059,0.0067,754.3352,779.8552,775.3057,758.4740
13,3.370,1.244,1.55,0.863,1.373,1.066,1.748,-1.611,0.012,-0.168,0.011,4.84,-2.25,180.00,-0.0014,0.0052,0.0052,754.7542,779.7540,775.5194,758.5816
13,3.272,1.162,1.60,0.863,1.373,1.066,1.744,-1.611,0.009,-0.169,0.011,4.82,-2.23,-179.99,-0.0055,0.0060,0.0046,754.9780,779.7318,775.5659,758.5975
13,3.176,1.082,1.65,0.863,1.373,1.066,1.735,-1.611,0.003,-0.172,0.012,4.80,-2.22,-179.98,-0.0089,0.0034,0.0038,755.5613,779.3304,775.6282,758.7749
13,3.081,1.005,1.70,0.863,1.373,1.066,1.731,-1.611,0.000,-0.174,0.012,4.77,-2.21,-179.96,-0.0123,0.0047,0.0029,755.4183,779.5492,775.3379,759.2081
13,2.989,0.930,1.75,0.863,1.373,1.067,1.722,-1.611,-0.005,-0.178,0.013,4.73,-2.20,-179.96,-0.0154,0.0047,0.0017,755.8997,779.4996,775.7448,759.0607
13,2.899,0.858,1.80,0.863,1.373,1.067,1.718,-1.610,-0.007,-0.179,0.013,4.67,-2.18,-179.95,-0.0183,0.0030,0.0013,756.0792,779.6477,775.6595,759.3019
13,2.811,0.788,1.85,0.863,1.373,1.068,1.708,-1.610,-0.012,-0.183,0.013,4.62,-2.17,-179.94,-0.0207,0.0021,0.0008,756.2634,779.7853,776.0375,759.1533
13,2.725,0.721,1.90,0.863,1.373,1.068,1.704,-1.610,-0.015,-0.184,0.013,4.56,-2.17,-179.94,-0.0222,0.0020,0.0007,756.4392,779.8212,775.7258,759.4847
13,2.642,0.657,1.95,0.863,1.373,1.069,1.695,-1.609,-0.020,-0.187,0.013,4.50,-2.16,-179.94,-0.0209,0.0018,0.0004,756.6095,779.8188,775.6027,759.6377
13,2.561,0.596,2.00,0.863,1.373,1.032,1.531,-1.595,-0.090,-0.147,0.000,3.25,-1.58,179.96,-0.0092,0.0114,0.0026,759.3400,780.2067,775.5488,760.7827
13,2.483,0.538,2.05,0.863,1.373,1.032,1.531,-1.595,-0.090,-0.147,0.000,3.25,-1.58,179.96,-0.0092,0.0114,0.0026,759.3400,780.2067,775.5488,760.7827
13,2.408,0.482,2.10,0.863,1.373,1.030,1.528,-1.595,-0.090,-0.144,-0.000,3.22,-1.55,179.96,-0.0075,0.0093,0.0023,759.0586,780.2263,775.2177,760.9677
13,2.336,0.430,2.15,0.863,1.373,1.026,1.521,-1.594,-0.091,-0.138,-0.001,3.20,-1.52,179.96,-0.0029,0.0070,0.0025,759.3286,779.9197,775.3204,760.9087
13,2.267,0.382,2.20,0.863,1.373,1.024,1.517,-1.594,-0.092,-0.134,-0.002,3.20,-1.50,179.96,-0.0000,0.0070,0.0025,759.9897,779.2402,775.4863,760.7814
13,2.201,0.336,2.25,0.863,1.373,1.021,1.511,-1.593,-0.094,-0.129,-0.003,3.20,-1.47,179.95,0.0031,0.0061,0.0027,761.0742,778.2849,775.5383,760.9455
13,2.138,0.294,2.30,0.863,1.373,1.019,1.508,-1.592,-0.096,-0.128,-0.003,3.20,-1.46,179.95,0.0033,0.0080,0.0028,761.0742,778.2849,775.5383,760.9455
13,2.078,0.255,2.35,0.863,1.373,1.015,1.502,-1.591,-0.098,-0.124,-0.004,3.21,-1.43,179.95,0.0036,0.0092,0.0031,761.4905,778.1602,775.0847,761.6547
13,2.022,0.220,2.40,0.863,1.373,1.013,1.499,-1.591,-0.100,-0.123,-0.004,3.22,-1.40,179.95,0.0018,0.0093,0.0030,761.4905,778.1602,775.0847,761.6547
13,1.969,0.188,2.45,0.863,1.373,1.008,1.493,-1.590,-0.103,-0.122,-0.005,3.22,-1.37,179.95,-0.0008,0.0104,0.0033,761.8960,777.9311,775.0890,761.8964
13,1.919,0.160,2.50,0.863,1.373,1.006,1.490,-1.589,-0.105,-0.122,-0.005,3.21,-1.34,179.96,-0.0035,0.0126,0.0030,762.4232,777.5162,775.6334,761.5651
13,1.873,0.135,2.55,0.863,1.373,1.002,1.483,-1.588,-0.108,-0.123,-0.007,3.20,-1.29,179.97,-0.0064,0.0141,0.0036,762.6378,777.0282,775.1979,762.2768
13,1.831,0.114,2.60,0.863,1.373,0.999,1.478,-1.588,-0.110,-0.124,-0.007,3.18,-1.25,179.97,-0.0113,0.0155,0.0043,762.6378,777.0282,775.1979,762.2768
13,1.792,0.096,2.65,0.863,1.373,0.994,1.471,-1.587,-0.113,-0.126,-0.008,3.13,-1.19,179.98,-0.0151,0.0158,0.0033,762.7892,776.4381,775.2037,762.4669
13,1.757,0.083,2.70,0.863,1.373,0.992,1.467,-1.587,-0.114,-0.127,-0.009,3.10,-1.15,179.99,-0.0171,0.0170,0.0029,762.7892,776.4381,775.2037,762.4669
13,1.726,0.073,2.75,0.863,1.373,0.987,1.458,-1.586,-0.117,-0.129,-0.009,3.04,-1.10,-180.00,-0.0212,0.0182,0.0032,762.5865,776.3749,775.1765,762.5856
13,1.699,0.066,2.80,0.863,1.373,0.984,1.453,-1.586,-0.118,-0.131,-0.010,2.98,-1.05,-179.99,-0.0244,0.0181,0.0033,762.7091,775.9473,774.9260,762.8850
13,1.675,0.063,2.85,0.863,1.373,0.979,1.444,-1.585,-0.120,-0.133,-0.010,2.90,-1.00,-179.98,-0.0278,0.0181,0.0027,762.6111,775.7709,774.8600,763.0440
13,1.656,0.064,2.90,0.863,1.373,0.976,1.440,-1.585,-0.121,-0.134,-0.011,2.83,-0.95,-179.97,-0.0280,0.0183,0.0027,762.3990,775.8740,775.1260,762.9612
13,1.640,0.069,2.95,0.863,1.373,0.971,1.431,-1.585,-0.122,-0.135,-0.011,2.74,-0.89,-179.96,-0.0314,0.0175,0.0027,762.6730,775.6072,775.0726,763.1710
13,1.628,0.078,3.00,0.863,1.373,0.879,1.329,-1.580,-0.073,-0.058,-0.022,1.80,-0.05,179.92,-0.0029,-0.0062,0.0026,764.4279,774.2637,772.7782,762.6000
13,1.620,0.090,3.05,0.863,1.373,0.879,1.329,-1.580,-0.073,-0.058,-0.022,1.80,-0.05,179.92,-0.0029,-0.0062,0.0026,764.4279,774.2637,772.7782,762.6000
13,1.616,0.105,3.10,0.863,1.373,0.877,1.327,-1.581,-0.068,-0.053,-0.021,1.79,-0.07,179.91,-0.0026,-0.0064,0.0026,764.3468,774.3977,772.5844,762.7842
13,1.616,0.125,3.15,0.863,1.373,0.876,1.325,-1.581,-0.065,-0.050,-0.021,1.78,-0.08,179.92,-0.0022,-0.0055,0.0029,764.7505,774.0269,772.8024,762.7702
13,1.620,0.148,3.20,0.863,1.373,0.873,1.323,-1.581,-0.061,-0.045,-0.020,1.77,-0.10,179.92,-0.0023,-0.0057,0.0036,764.9135,773.8946,772.7720,763.0051
13,1.628,0.175,3.25,0.863,1.373,0.872,1.322,-1.581,-0.060,-0.043,-0.020,1.77,-0.11,179.94,-0.0006,-0.0035,0.0039,764.9214,773.8575,773.0200,763.1031
13,1.640,0.205,3.30,0.863,1.373,0.869,1.320,-1.581,-0.057,-0.038,-0.020,1.77,-0.12,179.95,-0.0006,-0.0028,0.0041,764.7226,774.1436,773.2680,763.3584
13,1.656,0.239,3.35,0.863,1.373,0.867,1.319,-1.581,-0.056,-0.035,-0.020,1.77,-0.12,179.97,-0.0007,-0.0007,0.0043,764.8553,774.0205,773.6898,763.5916
13,1.676,0.276,3.40,0.863,1.373,0.864,1.317,-1.581,-0.053,-0.031,-0.020,1.76,-0.12,179.99,0.0001,0.0018,0.0038,764.7844,773.9898,773.9631,763.8508
13,1.699,0.316,3.45,0.863,1.373,0.862,1.316,-1.581,-0.052,-0.029,-0.020,1.76,-0.12,-179.99,-0.0001,0.0033,0.0050,764.8230,773.6697,774.0488,764.0406
13,1.727,0.360,3.50,0.863,1.373,0.860,1.315,-1.581,-0.049,-0.026,-0.020,1.76,-0.11,-179.98,-0.0006,0.0025,0.0037,764.7639,773.2147,774.1373,764.1378
13,1.758,0.408,3.55,0.863,1.373,0.858,1.314,-1.581,-0.048,-0.024,-0.020,1.76,-0.10,-179.97,-0.0003,0.0032,0.0038,764.2714,773.5236,773.9727,764.5033
13,1.793,0.458,3.60,0.863,1.373,0.856,1.312,-1.581,-0.044,-0.021,-0.020,1.76,-0.09,-179.97,-0.0012,0.0025,0.0047,764.4478,773.1682,774.2979,764.3668
13,1.832,0.512,3.65,0.863,1.373,0.856,1.311,-1.581,-0.043,-0.019,-0.020,1.76,-0.09,-179.96,-0.0012,0.0018,0.0024,764.2066,773.3101,774.0074,764.7057
13,1.874,0.569,3.70,0.863,1.373,0.854,1.309,-1.581,-0.039,-0.017,-0.020,1.76,-0.08,-179.97,-0.0022,-0.0000,0.0023,764.4117,773.0630,773.8431,764.7764
13,1.920,0.629,3.75,0.863,1.373,0.853,1.308,-1.582,-0.037,-0.016,-0.020,1.76,-0.08,-179.97,-0.0024,-0.0007,0.0022,764.1722,773.2418,773.7919,764.6300
13,1.970,0.691,3.80,0.863,1.373,0.852,1.307,-1.582,-0.036,-0.015,-0.020,1.75,-0.08,-179.98,-0.0040,-0.0005,0.0011,764.3801,772.9398,773.7103,764.4205
13,2.023,0.757,3.85,0.863,1.373,0.851,1.304,-1.583,-0.032,-0.014,-0.020,1.74,-0.08,-179.99,-0.0050,-0.0024,0.0010,764.3824,772.9369,773.4568,764.4005
13,2.079,0.826,3.90,0.863,1.373,0.850,1.303,-1.583,-0.031,-0.013,-0.020,1.73,-0.09,-180.00,-0.0061,-0.0013,0.0010,764.5153,772.7880,773.3137,763.9490
13,2.139,0.897,3.95,0.863,1.373,0.849,1.300,-1.585,-0.027,-0.012,-0.020,1.71,-0.09,179.99,-0.0061,-0.0024,-0.0001,764.0823,772.9883,772.8177,763.8545
13,2.202,0.970,4.00,0.863,1.373,0.847,1.299,-1.588,0.008,0.043,-0.012,1.73,-0.23,179.99,0.0128,-0.0089,0.0012,766.4426,773.8508,774.4896,765.4261
13,2.268,1.047,4.05,0.863,1.373,0.847,1.299,-1.588,0.008,0.043,-0.012,1.73,-0.23,179.99,0.0128,-0.0089,0.0012,766.4426,773.8508,774.4896,765.4261
13,2.338,1.125,4.10,0.863,1.373,0.848,1.301,-1.587,0.008,0.044,-0.012,1.77,-0.25,179.99,0.0129,-0.0075,0.0019,766.0874,774.1370,774.2935,765.4766
13,2.410,1.206,4.15,0.863,1.373,0.851,1.305,-1.586,0.010,0.046,-0.014,1.80,-0.27,179.99,0.0124,-0.0093,0.0020,766.1204,773.9420,774.4771,765.3065
13,2.485,1.289,4.20,0.863,1.373,0.852,1.307,-1.586,0.010,0.046,-0.014,1.84,-0.30,179.99,0.0126,-0.0076,0.0022,765.9185,774.0828,774.0514,765.6476
13,2.563,1.375,4.25,0.863,1.373,0.854,1.310,-1.585,0.011,0.046,-0.015,1.88,-0.31,179.99,0.0117,-0.0070,0.0022,765.9459,774.0160,773.9163,765.5770
13,2.644,1.462,4.30,0.863,1.373,0.855,1.311,-1.585,0.011,0.046,-0.016,1.91,-0.33,179.99,0.0109,-0.0076,0.0013,765.9078,773.9393,773.7788,765.5359
13,2.727,1.551,4.35,0.863,1.373,0.857,1.314,-1.585,0.011,0.044,-0.017,1.94,-0.35,179.98,0.0087,-0.0076,0.0019,765.7759,773.8975,773.5552,765.4351
13,2.813,1.641,4.40,0.863,1.373,0.857,1.315,-1.585,0.012,0.043,-0.017,1.96,-0.37,179.98,0.0066,-0.0055,0.0007,765.9006,773.5292,773.6854,765.0830
13,2.901,1.734,4.45,0.863,1.373,0.858,1.317,-1.584,0.011,0.041,-0.018,1.98,-0.39,179.98,0.0042,-0.0052,0.0023,765.7933,773.4868,773.5620,765.0610
13,2.991,1.827,4.50,0.863,1.373,0.858,1.317,-1.584,0.011,0.039,-0.018,1.99,-0.40,179.99,0.0010,-0.0031,0.0015,765.5350,773.5323,773.3124,765.1898
13,3.084,1.923,4.55,0.863,1.373,0.859,1.318,-1.584,0.010,0.036,-0.019,1.99,-0.41,179.99,-0.0023,-0.0028,0.0019,765.4421,773.4356,773.2878,764.9515
13,3.178,2.019,4.60,0.863,1.373,0.859,1.319,-1.584,0.010,0.034,-0.019,1.99,-0.42,179.99,-0.0036,-0.0015,0.0014,765.3365,773.4669,772.9020,765.1181
13,3.275,2.116,4.65,0.863,1.373,0.859,1.319,-1.584,0.009,0.030,-0.019,1.98,-0.42,179.99,-0.0050,-0.0004,0.0010,765.2847,773.4390,772.8264,765.1891
13,3.373,2.215,4.70,0.863,1.373,0.859,1.319,-1.584,0.009,0.029,-0.019,1.96,-0.42,179.99,-0.0078,0.0011,0.0018,765.3589,773.2983,772.9836,765.0111
13,3.472,2.314,4.75,0.863,1.373,0.860,1.320,-1.584,0.008,0.025,-0.020,1.94,-0.42,179.99,-0.0085,0.0005,0.0018,765.1190,773.2765,772.8541,765.0756
13,3.573,2.414,4.80,0.863,1.373,0.860,1.320,-1.585,0.008,0.024,-0.020,1.92,-0.42,180.00,-0.0083,0.0013,0.0017,764.6910,773.4919,772.7164,765.0985
13,3.676,2.514,4.85,0.863,1.373,0.860,1.321,-1.585,0.008,0.021,-0.020,1.89,-0.42,180.00,-0.0086,0.0008,0.0017,764.5701,773.4403,772.4639,765.2309
13,3.780,2.615,4.90,0.863,1.373,0.860,1.321,-1.585,0.007,0.020,-0.020,1.87,-0.42,-180.00,-0.0084,-0.0003,0.0012,764.9276,772.8998,772.7510,764.8434
13,3.884,2.717,4.95,0.863,1.373,0.860,1.321,-1.586,0.007,0.018,-0.019,1.85,-0.42,-179.99,-0.0072,-0.0003,0.0015,764.5955,773.0488,772.4136,765.0631
13,3.990,2.818,5.00,0.863,1.373,0.876,1.337,-1.596,0.007,0.006,-0.005,1.76,-0.56,-180.00,-0.0025,-0.0035,-0.0006,764.8652,774.2193,772.4759,765.7451
13,4.096,2.919,5.05,0.863,1.373,0.876,1.337,-1.596,0.007,0.006,-0.005,1.76,-0.56,-180.00,-0.0025,-0.0035,-0.0006,764.8652,774.2193,772.4759,765.7451
13,4.203,3.021,5.10,0.863,1.373,0.877,1.337,-1.595,0.007,0.006,-0.005,1.75,-0.57,180.00,-0.0046,-0.0043,-0.0006,765.5062,774.0819,772.5948,766.0064
13,4.311,3.122,5.15,0.863,1.373,0.878,1.338,-1.595,0.007,0.007,-0.006,1.73,-0.57,180.00,-0.0066,-0.0023,-0.0007,765.3418,774.5972,773.1270,765.9453
13,4.419,3.222,5.20,0.863,1.373,0.878,1.338,-1.594,0.007,0.007,-0.007,1.71,-0.58,180.00,-0.0080,-0.0031,0.0006,765.0298,775.0635,773.1919,765.8955
13,4.527,3.323,5.25,0.863,1.373,0.879,1.339,-1.594,0.007,0.010,-0.007,1.69,-0.59,180.00,-0.0080,-0.0028,0.0001,764.8973,775.2205,773.3748,765.7936
13,4.635,3.422,5.30,0.863,1.373,0.880,1.340,-1.593,0.008,0.012,-0.008,1.67,-0.60,180.00,-0.0051,-0.0033,-0.0008,764.8207,775.2092,773.7891,765.3143
13,4.743,3.521,5.35,0.863,1.373,0.881,1.341,-1.593,0.009,0.016,-0.009,1.65,-0.60,180.00,-0.0043,-0.0039,0.0001,764.0163,775.5892,773.4676,765.3046
13,4.851,3.619,5.40,0.863,1.373,0.881,1.342,-1.593,0.010,0.018,-0.010,1.65,-0.62,180.00,-0.0003,-0.0041,0.0004,763.9046,775.5483,773.7305,764.7583
13,4.959,3.715,5.45,0.863,1.373,0.883,1.343,-1.594,0.012,0.024,-0.011,1.65,-0.63,180.00,0.0020,-0.0051,-0.0000,763.3589,775.7062,773.5849,764.6391
13,5.066,3.811,5.50,0.863,1.373,0.883,1.344,-1.594,0.014,0.027,-0.011,1.66,-0.65,180.00,0.0071,-0.0057,-0.0000,762.7953,775.9119,773.3251,764.5508
13,5.172,3.905,5.55,0.863,1.373,0.885,1.347,-1.595,0.016,0.033,-0.011,1.69,-0.67,180.00,0.0093,-0.0091,0.0007,762.3782,776.0042,772.9723,764.4910
13,5.278,3.998,5.60,0.863,1.373,0.885,1.348,-1.595,0.017,0.036,-0.011,1.72,-0.69,180.00,0.0120,-0.0086,0.0003,762.2589,775.7924,773.0701,764.2252
13,5.383,4.089,5.65,0.863,1.373,0.887,1.350,-1.596,0.020,0.042,-0.011,1.76,-0.71,180.00,0.0160,-0.0095,0.0008,762.1263,775.7726,773.0859,763.9288
13,5.486,4.179,5.70,0.863,1.373,0.888,1.352,-1.596,0.021,0.046,-0.011,1.81,-0.74,180.00,0.0166,-0.0103,-0.0007,762.1122,775.6663,773.1143,763.7222
13,5.588,4.267,5.75,0.863,1.373,0.889,1.355,-1.597,0.024,0.052,-0.010,1.86,-0.77,179.99,0.0181,-0.0107,-0.0007,762.0814,775.7566,772.9713,763.6968
13,5.689,4.353,5.80,0.863,1.373,0.890,1.357,-1.597,0.025,0.054,-0.010,1.91,-0.80,179.99,0.0194,-0.0095,-0.0002,761.6474,776.1498,772.7496,763.8304
13,5.789,4.437,5.85,0.863,1.373,0.891,1.360,-1.598,0.028,0.060,-0.010,1.97,-0.84,179.99,0.0206,-0.0114,0.0001,761.9724,775.6720,772.8144,763.6672
13,5.887,4.519,5.90,0.863,1.373,0.893,1.363,-1.598,0.029,0.063,-0.010,2.03,-0.87,179.99,0.0221,-0.0121,0.0001,761.2683,776.3044,772.6974,763.6315
13,5.983,4.598,5.95,0.863,1.373,0.895,1.367,-1.599,0.032,0.067,-0.009,2.10,-0.90,179.99,0.0231,-0.0127,0.0001,761.1945,776.3835,772.7628,763.4999
13,6.077,4.675,6.00,0.863,1.373,0.941,1.442,-1.619,0.031,0.044,0.011,3.20,-1.66,179.98,0.0000,-0.0059,-0.0005,759.5276,777.4962,772.5294,762.8427
13,6.169,4.750,6.05,0.863,1.373,0.941,1.442,-1.619,0.031,0.044,0.011,3.20,-1.66,179.98,0.0000,-0.0059,-0.0005,759.5276,777.4962,772.5294,762.8427
13,6.259,4.822,6.10,0.863,1.373,0.942,1.442,-1.619,0.030,0.042,0.011,3.19,-1.68,179.98,-0.0026,-0.0066,0.0008,759.4186,777.7421,772.6223,762.8333
13,6.347,4.892,6.15,0.863,1.373,0.944,1.444,-1.619,0.028,0.038,0.012,3.18,-1.69,179.98,-0.0063,-0.0043,0.0005,759.1907,778.1591,772.6947,762.8846
13,6.433,4.958,6.20,0.863,1.373,0.945,1.444,-1.619,0.028,0.036,0.012,3.16,-1.70,179.98,-0.0093,-0.0042,0.0004,759.0601,778.5518,772.9533,762.7787
13,6.516,5.022,6.25,0.863,1.373,0.948,1.445,-1.619,0.028,0.034,0.012,3.14,-1.72,179.98,-0.0095,-0.0049,0.0013,758.5002,779.1499,773.0264,762.7656
13,6.596,5.083,6.30,0.863,1.373,0.949,1.446,-1.618,0.028,0.034,0.012,3.11,-1.73,179.98,-0.0092,-0.0060,0.0001,758.4060,779.3308,773.5723,762.2997
13,6.674,5.141,6.35,0.863,1.373,0.951,1.447,-1.618,0.028,0.034,0.011,3.09,-1.75,179.98,-0.0066,-0.0075,0.0011,758.1086,779.7745,773.4348,762.4781
13,6.749,5.196,6.40,0.863,1.373,0.952,1.448,-1.618,0.028,0.035,0.011,3.08,-1.77,179.98,-0.0049,-0.0082,0.0005,757.7694,780.1464,773.5674,762.2961
13,6.821,5.248,6.45,0.863,1.373,0.954,1.449,-1.618,0.029,0.037,0.011,3.07,-1.80,179.98,-0.0006,-0.0082,0.0005,757.6077,780.3043,773.6765,761.9980
13,6.890,5.297,6.50,0.863,1.373,0.955,1.450,-1.618,0.030,0.039,0.010,3.07,-1.82,179.97,0.0029,-0.0105,0.0008,757.2211,780.6633,773.6608,761.8102
13,6.956,5.342,6.55,0.863,1.373,0.957,1.453,-1.618,0.031,0.043,0.010,3.09,-1.86,179.97,0.0074,-0.0098,0.0003,757.1087,780.5886,773.6715,761.4955
13,7.018,5.384,6.60,0.863,1.373,0.958,1.454,-1.618,0.032,0.046,0.009,3.12,-1.89,179.97,0.0112,-0.0119,-0.0006,756.7394,780.8402,773.6718,761.3168
13,7.078,5.422,6.65,0.863,1.373,0.961,1.458,-1.618,0.033,0.052,0.009,3.16,-1.92,179.97,0.0169,-0.0127,-0.0001,756.5564,780.9781,773.4388,761.3179
13,7.134,5.457,6.70,0.863,1.373,0.961,1.461,-1.619,0.034,0.055,0.008,3.21,-1.96,179.96,0.0204,-0.0121,0.0002,756.6067,780.8256,773.5621,760.7433
13,7.187,5.489,6.75,0.863,1.373,0.963,1.466,-1.619,0.035,0.061,0.008,3.27,-2.00,179.96,0.0253,-0.0133,-0.0001,756.1783,781.0771,773.3137,760.6842
13,7.236,5.517,6.80,0.863,1.373,0.964,1.469,-1.620,0.036,0.064,0.008,3.34,-2.04,179.96,0.0274,-0.0132,-0.0003,756.2574,780.9894,773.3917,760.4671
13,7.282,5.541,6.85,0.863,1.373,0.966,1.476,-1.620,0.037,0.071,0.008,3.43,-2.08,179.96,0.0319,-0.0128,-0.0003,755.9565,781.2531,773.1552,760.5532
13,7.324,5.562,6.90,0.863,1.373,0.967,1.479,-1.621,0.037,0.073,0.008,3.51,-2.11,179.95,0.0349,-0.0132,-0.0002,755.6641,781.3947,773.0289,760.3268
13,7.362,5.579,6.95,0.863,1.373,0.969,1.486,-1.621,0.037,0.078,0.009,3.62,-2.15,179.95,0.0352,-0.0116,0.0000,755.5952,781.5298,773.1169,760.1719
13,7.397,5.593,7.00,0.863,1.373,1.014,1.567,-1.619,0.021,0.019,0.004,4.86,-2.95,179.95,0.0025,-0.0042,0.0018,753.3340,782.7104,773.0864,758.7957
13,7.427,5.603,7.05,0.863,1.373,1.014,1.567,-1.619,0.021,0.019,0.004,4.86,-2.95,179.95,0.0025,-0.0042,0.0018,753.3340,782.7104,773.0864,758.7957
13,7.455,5.609,7.10,0.863,1.373,1.015,1.568,-1.619,0.018,0.014,0.005,4.86,-2.96,179.95,0.0008,-0.0048,0.0005,753.0892,782.8946,772.8066,759.0543
13,7.478,5.611,7.15,0.863,1.373,1.015,1.568,-1.619,0.017,0.011,0.005,4.86,-2.97,179.95,-0.0007,-0.0020,0.0003,752.7767,783.2900,772.8732,758.9916
13,7.497,5.610,7.20,0.863,1.373,1.016,1.569,-1.618,0.014,0.007,0.006,4.86,-2.98,179.96,-0.0022,-0.0026,0.0006,752.6938,783.6321,773.1343,758.9086
13,7.512,5.605,7.25,0.863,1.373,1.016,1.569,-1.618,0.012,0.005,0.006,4.85,-2.99,179.96,-0.0041,-0.0025,-0.0003,752.6935,784.0005,773.4520,758.9894
13,7.524,5.596,7.30,0.863,1.373,1.016,1.569,-1.617,0.010,0.002,0.006,4.84,-2.99,179.95,-0.0039,-0.0022,-0.0003,752.7412,784.2502,773.6946,758.9094
13,7.531,5.584,7.35,0.863,1.373,1.016,1.569,-1.617,0.008,0.000,0.006,4.83,-3.00,179.95,-0.0038,-0.0004,-0.0001,752.5592,784.8345,773.9944,758.7898
13,7.535,5.568,7.40,0.863,1.373,1.014,1.569,-1.616,0.005,-0.002,0.005,4.82,-3.00,179.95,-0.0031,0.0003,0.0003,752.8252,784.7603,774.1591,758.6716
13,7.535,5.548,7.45,0.863,1.373,1.014,1.569,-1.615,0.004,-0.002,0.005,4.81,-3.00,179.94,-0.0012,0.0017,-0.0003,752.6075,785.1779,774.1505,758.7603
13,7.530,5.525,7.50,0.863,1.373,1.013,1.568,-1.614,0.002,-0.003,0.004,4.81,-3.00,179.94,-0.0008,0.0028,-0.0002,752.5947,785.2921,774.0673,758.7742
13,7.522,5.498,7.55,0.863,1.373,1.012,1.568,-1.614,0.001,-0.004,0.004,4.81,-2.99,179.94,0.0012,0.0021,0.0001,752.6382,785.3115,774.4025,758.3954
13,7.510,5.467,7.60,0.863,1.373,1.011,1.567,-1.613,-0.000,-0.004,0.003,4.82,-2.99,179.93,0.0015,0.0017,0.0004,752.1544,785.8547,773.9612,758.7199
13,7.494,5.433,7.65,0.863,1.373,1.010,1.566,-1.613,-0.001,-0.004,0.003,4.83,-2.98,179.93,0.0035,0.0017,0.0003,752.3116,785.7313,774.2374,758.3161
13,7.474,5.396,7.70,0.863,1.373,1.010,1.566,-1.612,-0.001,-0.004,0.002,4.84,-2.98,179.93,0.0048,0.0009,0.0003,751.8960,786.1746,774.0424,758.3745
13,7.450,5.355,7.75,0.863,1.373,1.009,1.565,-1.612,-0.001,-0.004,0.002,4.85,-2.98,179.93,0.0045,-0.0016,-0.0002,751.9858,786.2083,774.0487,758.2128
13,7.422,5.311,7.80,0.863,1.373,1.009,1.564,-1.611,-0.000,-0.003,0.001,4.87,-2.98,179.93,0.0059,-0.0030,-0.0006,751.8909,786.2383,774.0263,757.9943
13,7.391,5.263,7.85,0.863,1.373,1.009,1.564,-1.611,0.000,-0.003,0.000,4.89,-2.99,179.93,0.0063,-0.0045,-0.0001,751.6361,786.4990,773.8881,757.9435
13,7.355,5.212,7.90,0.863,1.373,1.008,1.564,-1.611,0.000,-0.002,-0.001,4.91,-3.01,179.93,0.0080,-0.0047,-0.0002,751.4326,786.5293,773.7540,757.9252
13,7.316,5.158,7.95,0.863,1.373,1.007,1.564,-1.610,0.001,-0.001,-0.001,4.93,-3.02,179.93,0.0083,-0.0050,-0.0004,751.4374,786.4971,773.9788,757.3819
13,7.274,5.101,8.00,0.863,1.373,1.008,1.568,-1.610,0.003,-0.013,-0.003,5.62,-3.44,179.94,0.0019,-0.0058,0.0014,749.9568,786.3062,773.3239,756.0403
13,7.227,5.041,8.05,0.863,1.373,1.008,1.568,-1.610,0.003,-0.013,-0.003,5.62,-3.44,179.94,0.0019,-0.0058,0.0014,749.9568,786.3062,773.3239,756.0403
13,7.178,4.978,8.10,0.863,1.373,1.009,1.567,-1.610,0.002,-0.014,-0.002,5.62,-3.47,179.94,0.0015,-0.0068,0.0007,749.7917,786.6708,773.4312,756.0463
13,7.124,4.912,8.15,0.863,1.373,1.010,1.566,-1.610,0.001,-0.017,-0.002,5.63,-3.48,179.94,-0.0012,-0.0071,0.0011,750.0123,786.4586,773.6671,755.7335
13,7.067,4.844,8.20,0.863,1.373,1.010,1.565,-1.610,0.000,-0.019,-0.002,5.62,-3.50,179.94,-0.0019,-0.0060,0.0009,750.2482,786.1340,773.4792,755.9841
13,7.007,4.772,8.25,0.863,1.373,1.011,1.563,-1.611,-0.002,-0.022,-0.001,5.62,-3.52,179.94,-0.0018,-0.0064,0.0006,749.7742,786.4565,773.2411,755.9493
13,6.944,4.698,8.30,0.863,1.373,1.011,1.563,-1.611,-0.004,-0.023,-0.001,5.61,-3.54,179.94,-0.0015,-0.0042,0.0002,749.4363,786.2796,773.3108,755.4863
13,6.878,4.622,8.35,0.863,1.373,1.011,1.562,-1.612,-0.007,-0.025,-0.001,5.61,-3.55,179.94,-0.0019,-0.0031,0.0009,749.5838,785.8561,773.3486,755.0859
13,6.808,4.543,8.40,0.863,1.373,1.011,1.561,-1.613,-0.008,-0.025,-0.000,5.60,-3.56,179.95,-0.0013,-0.0007,0.0010,749.2141,785.8560,773.0842,755.1147
13,6.736,4.462,8.45,0.863,1.373,1.011,1.561,-1.614,-0.013,-0.026,0.001,5.60,-3.56,179.95,0.0001,-0.0005,0.0002,749.2705,785.6297,773.3247,754.8900
13,6.660,4.379,8.50,0.863,1.373,1.010,1.561,-1.615,-0.015,-0.027,0.001,5.60,-3.56,179.95,0.0024,0.0029,0.0011,748.9540,785.8459,773.1755,754.9064
13,6.582,4.293,8.55,0.863,1.373,1.009,1.561,-1.616,-0.018,-0.027,0.003,5.60,-3.55,179.95,0.0036,0.0039,0.0011,749.1484,785.5582,773.1663,754.9404
13,6.501,4.206,8.60,0.863,1.373,1.008,1.562,-1.616,-0.020,-0.027,0.003,5.61,-3.54,179.96,0.0052,0.0052,0.0004,749.2125,785.4617,773.2325,755.0346
13,6.418,4.117,8.65,0.863,1.373,1.006,1.562,-1.617,-0.025,-0.027,0.005,5.62,-3.53,179.96,0.0058,0.0051,0.0004,749.1702,785.6508,773.3273,755.0502
13,6.332,4.026,8.70,0.863,1.373,1.005,1.563,-1.617,-0.027,-0.027,0.005,5.64,-3.50,179.96,0.0076,0.0082,-0.0006,749.3320,785.6788,773.3768,755.1249
13,6.243,3.934,8.75,0.863,1.373,1.002,1.563,-1.618,-0.030,-0.028,0.006,5.66,-3.49,179.96,0.0074,0.0077,-0.0004,749.2136,785.8931,773.0499,755.4265
13,6.153,3.840,8.80,0.863,1.373,1.001,1.563,-1.618,-0.032,-0.028,0.007,5.68,-3.46,179.96,0.0085,0.0088,-0.0003,749.3214,785.7945,772.9636,755.4931
13,6.060,3.745,8.85,0.863,1.373,0.998,1.563,-1.619,-0.036,-0.030,0.008,5.70,-3.44,179.96,0.0070,0.0095,-0.0002,749.3019,785.8703,773.0797,755.4481
13,5.966,3.648,8.90,0.863,1.373,0.996,1.563,-1.619,-0.037,-0.031,0.009,5.72,-3.40,179.96,0.0062,0.0101,-0.0012,749.5819,785.7483,773.2421,755.4540
13,5.869,3.551,8.95,0.863,1.373,0.993,1.562,-1.619,-0.040,-0.034,0.009,5.73,-3.38,179.97,0.0050,0.0105,0.0002,749.8473,785.6171,773.3445,755.3763
13,5.771,3.452,9.00,0.863,1.373,0.951,1.511,-1.612,-0.033,-0.053,0.009,5.43,-3.08,179.96,-0.0016,0.0001,0.0002,751.0743,787.0699,774.9714,755.8185
13,5.671,3.353,9.05,0.863,1.373,0.951,1.511,-1.612,-0.033,-0.053,0.009,5.43,-3.08,179.96,-0.0016,0.0001,0.0002,751.0743,787.0699,774.9714,755.8185
13,5.570,3.253,9.10,0.863,1.373,0.951,1.510,-1.611,-0.033,-0.052,0.009,5.42,-3.08,179.96,0.0000,0.0010,0.0001,751.1718,786.9951,774.5566,756.3183
13,5.468,3.152,9.15,0.863,1.373,0.950,1.507,-1.611,-0.033,-0.052,0.008,5.43,-3.08,179.97,0.0014,-0.0009,0.0003,751.3943,786.6149,774.5566,756.3199
13,5.364,3.051,9.20,0.863,1.373,0.949,1.506,-1.610,-0.033,-0.052,0.007,5.43,-3.08,179.97,0.0031,-0.0011,-0.0001,751.4180,786.2908,774.6348,756.1553
13,5.259,2.950,9.25,0.863,1.373,0.947,1.503,-1.610,-0.035,-0.053,0.007,5.44,-3.09,179.97,0.0041,-0.0015,0.0014,751.9026,785.5399,774.4508,756.1730
13,5.153,2.849,9.30,0.863,1.373,0.946,1.501,-1.610,-0.036,-0.054,0.007,5.45,-3.09,179.97,0.0017,0.0015,0.0007,751.6699,785.4637,773.9963,756.5369
13,5.047,2.747,9.35,0.863,1.373,0.944,1.498,-1.610,-0.038,-0.056,0.006,5.46,-3.08,179.98,0.0016,0.0018,0.0006,751.9973,784.8619,774.1500,756.2027
13,4.940,2.646,9.40,0.863,1.373,0.943,1.497,-1.610,-0.039,-0.057,0.006,5.46,-3.07,179.98,-0.0001,0.0041,0.0007,751.7513,784.8826,773.9971,756.4177
13,4.832,2.545,9.45,0.863,1.373,0.941,1.493,-1.610,-0.043,-0.061,0.007,5.45,-3.06,179.99,-0.0030,0.0062,0.0019,751.9691,784.6063,774.2661,756.3893
13,4.724,2.444,9.50,0.863,1.373,0.940,1.491,-1.610,-0.044,-0.063,0.007,5.44,-3.04,179.99,-0.0058,0.0085,0.0018,752.1332,784.5089,774.3044,756.6988
13,4.616,2.344,9.55,0.863,1.373,0.938,1.487,-1.610,-0.048,-0.066,0.007,5.42,-3.01,180.00,-0.0081,0.0083,0.0009,752.4225,784.0880,774.5328,756.6851
13,4.508,2.245,9.60,0.863,1.373,0.937,1.485,-1.610,-0.049,-0.068,0.007,5.39,-2.98,-180.00,-0.0107,0.0098,0.0002,752.3022,784.0957,774.1653,757.1012
13,4.400,2.146,9.65,0.863,1.373,0.934,1.480,-1.610,-0.053,-0.073,0.008,5.36,-2.95,-179.99,-0.0118,0.0118,0.0011,752.4386,783.6492,774.2278,756.7209
13,4.292,2.049,9.70,0.863,1.373,0.933,1.477,-1.610,-0.055,-0.075,0.008,5.32,-2.92,-179.99,-0.0163,0.0114,-0.0000,752.3568,783.5419,774.2699,756.6198
13,4.184,1.952,9.75,0.863,1.373,0.930,1.472,-1.610,-0.058,-0.079,0.008,5.27,-2.88,-179.98,-0.0159,0.0126,-0.0000,752.5081,783.2522,774.0244,756.8989
13,4.077,1.856,9.80,0.863,1.373,0.929,1.469,-1.610,-0.060,-0.081,0.009,5.22,-2.84,-179.98,-0.0194,0.0136,0.0006,752.5396,783.2913,773.9731,757.0634
13,3.971,1.762,9.85,0.863,1.373,0.925,1.462,-1.610,-0.063,-0.086,0.009,5.17,-2.81,-179.98,-0.0203,0.0141,0.0001,752.9219,782.9727,774.4783,756.8018
13,3.865,1.669,9.90,0.863,1.373,0.923,1.459,-1.610,-0.065,-0.088,0.010,5.11,-2.76,-179.97,-0.0235,0.0149,0.0006,753.0349,783.1276,774.3005,757.2994
13,3.761,1.578,9.95,0.863,1.373,0.920,1.452,-1.610,-0.068,-0.091,0.010,5.05,-2.72,-179.97,-0.0238,0.0172,0.0001,752.5387,783.8364,774.1427,757.7328
14,-4.242,-1.557,0.00,0.863,1.373,0.316,0.809,-1.610,0.100,-0.350,-0.002,-4.80,5.48,-179.71,-0.0619,-0.0800,-0.0067,776.0630,757.4682,766.7189,771.7458
14,-4.183,-1.672,0.05,0.863,1.373,0.316,0.809,-1.610,0.100,-0.350,-0.002,-4.80,5.48,-179.71,-0.0619,-0.0800,-0.0067,776.0630,757.4682,766.7189,771.7458
14,-4.130,-1.780,0.10,0.863,1.373,0.320,0.798,-1.611,0.119,-0.335,-0.001,-4.96,5.26,-179.69,-0.0537,-0.0856,-0.0089,776.5276,756.8311,767.1353,771.5867
14,-4.084,-1.881,0.15,0.863,1.373,0.332,0.776,-1.612,0.158,-0.302,0.001,-5.11,5.00,-179.67,-0.0437,-0.0877,-0.0099,775.9377,757.0563,766.6218,772.2855
14,-4.045,-1.973,0.20,0.863,1.373,0.339,0.767,-1.612,0.174,-0.287,0.002,-5.22,4.76,-179.67,-0.0374,-0.0881,-0.0114,775.7656,757.0830,766.2324,772.6689
14,-4.014,-2.057,0.25,0.863,1.373,0.352,0.749,-1.613,0.203,-0.256,0.004,-5.32,4.49,-179.67,-0.0293,-0.0904,-0.0130,776.1207,756.7847,766.2014,772.5266
14,-3.990,-2.132,0.30,0.863,1.373,0.360,0.741,-1.614,0.217,-0.241,0.005,-5.39,4.24,-179.69,-0.0237,-0.0908,-0.0143,776.2617,756.9077,765.8176,772.5664
14,-3.974,-2.198,0.35,0.863,1.373,0.378,0.725,-1.615,0.245,-0.205,0.007,-5.46,3.97,-179.71,-0.0176,-0.0912,-0.0162,776.3458,757.2681,765.2360,772.5334
14,-3.965,-2.256,0.40,0.863,1.373,0.387,0.719,-1.615,0.256,-0.189,0.007,-5.50,3.71,-179.73,-0.0127,-0.0908,-0.0170,776.6469,757.3171,764.9178,772.1637
14,-3.963,-2.304,0.45,0.863,1.373,0.405,0.708,-1.616,0.275,-0.158,0.009,-5.53,3.44,-179.76,-0.0057,-0.0889,-0.0187,777.0005,757.7167,764.3435,772.0189
14,-3.969,-2.344,0.50,0.863,1.373,0.414,0.704,-1.617,0.283,-0.142,0.010,-5.54,3.20,-179.79,-0.0014,-0.0872,-0.0183,777.2947,757.8171,763.7893,771.6993
14,-3.983,-2.373,0.55,0.863,1.373,0.435,0.695,-1.618,0.299,-0.107,0.012,-5.54,2.93,-179.82,0.0030,-0.0850,-0.0178,777.4141,758.0900,763.3748,771.2888
14,-4.004,-2.394,0.60,0.863,1.373,0.445,0.692,-1.618,0.305,-0.092,0.012,-5.52,2.70,-179.85,0.0089,-0.0813,-0.0184,777.5677,758.4445,762.5436,771.3466
14,-4.033,-2.405,0.65,0.863,1.373,0.465,0.687,-1.620,0.314,-0.062,0.014,-5.49,2.46,-179.88,0.0140,-0.0783,-0.0168,777.8227,758.5362,762.0907,771.1050
14,-4.069,-2.406,0.70,0.863,1.373,0.475,0.686,-1.620,0.318,-0.047,0.015,-5.45,2.24,-179.90,0.0164,-0.0751,-0.0168,777.9129,758.6613,761.7472,770.7590
14,-4.112,-2.398,0.75,0.863,1.373,0.497,0.684,-1.622,0.323,-0.015,0.017,-5.40,2.02,-179.92,0.0208,-0.0710,-0.0154,777.8352,758.7728,761.1229,770.5699
14,-4.162,-2.380,0.80,0.863,1.373,0.506,0.684,-1.623,0.324,-0.001,0.018,-5.33,1.82,-179.93,0.0251,-0.0667,-0.0152,778.0008,758.7493,760.8011,770.5778
14,-4.219,-2.353,0.85,0.863,1.373,0.526,0.685,-1.624,0.324,0.026,0.020,-5.26,1.63,-179.93,0.0284,-0.0619,-0.0128,778.2878,758.5532,760.8400,770.5032
14,-4.283,-2.316,0.90,0.863,1.373,0.535,0.686,-1.625,0.323,0.039,0.021,-5.18,1.46,-179.94,0.0301,-0.0565,-0.0125,777.9904,758.7881,760.7194,770.6856
14,-4.354,-2.270,0.95,0.863,1.373,0.557,0.689,-1.626,0.320,0.066,0.023,-5.09,1.29,-179.95,0.0320,-0.0511,-0.0112,777.8538,759.1453,760.6040,771.1079
14,-4.431,-2.215,1.00,0.863,1.373,0.824,0.875,-1.600,0.133,0.228,0.010,-3.06,-0.27,179.84,0.0181,-0.0030,0.0088,779.8926,762.5355,762.5165,776.3951
14,-4.514,-2.150,1.05,0.863,1.373,0.824,0.875,-1.600,0.133,0.228,0.010,-3.06,-0.27,179.84,0.0181,-0.0030,0.0088,779.8926,762.5355,762.5165,776.3951
14,-4.603,-2.078,1.10,0.863,1.373,0.835,0.889,-1.598,0.118,0.225,0.007,-3.01,-0.27,179.85,0.0173,-0.0002,0.0098,779.6281,762.5647,762.7319,776.3765
14,-4.697,-1.996,1.15,0.863,1.373,0.839,0.895,-1.597,0.111,0.224,0.006,-2.96,-0.27,179.86,0.0159,-0.0003,0.0094,779.7953,762.3239,762.9001,776.5168
14,-4.798,-1.906,1.20,0.863,1.373,0.847,0.908,-1.595,0.097,0.220,0.004,-2.91,-0.27,179.88,0.0155,0.0008,0.0100,779.6068,762.1827,762.9920,776.7439
14,-4.903,-1.808,1.25,0.863,1.373,0.850,0.914,-1.594,0.090,0.218,0.003,-2.87,-0.26,179.90,0.0123,0.0036,0.0091,779.4025,762.0428,763.0335,776.9594
14,-5.013,-1.702,1.30,0.863,1.373,0.856,0.928,-1.592,0.073,0.213,0.000,-2.83,-0.24,179.93,0.0125,0.0066,0.0086,779.3311,761.7772,763.0253,776.9703
14,-5.127,-1.589,1.35,0.863,1.373,0.858,0.934,-1.591,0.066,0.211,-0.001,-2.80,-0.22,179.96,0.0111,0.0100,0.0081,779.0228,761.6168,763.2040,776.9632
14,-5.246,-1.468,1.40,0.863,1.373,0.862,0.947,-1.590,0.051,0.206,-0.003,-2.77,-0.19,179.98,0.0115,0.0134,0.0074,779.0352,761.0524,763.3307,776.7556
14,-5.368,-1.341,1.45,0.863,1.373,0.864,0.953,-1.590,0.044,0.204,-0.004,-2.74,-0.14,-180.00,0.0104,0.0153,0.0076,778.7279,760.8135,763.0842,776.8878
14,-5.494,-1.207,1.50,0.863,1.373,0.866,0.967,-1.590,0.029,0.198,-0.006,-2.71,-0.09,-179.98,0.0105,0.0192,0.0067,778.1877,760.6511,762.9434,776.6705
14,-5.623,-1.067,1.55,0.863,1.373,0.867,0.973,-1.589,0.022,0.195,-0.007,-2.68,-0.04,-179.96,0.0092,0.0204,0.0047,777.8395,760.1701,762.5692,776.8286
14,-5.755,-0.922,1.60,0.863,1.373,0.868,0.985,-1.589,0.010,0.189,-0.008,-2.66,0.02,-179.95,0.0092,0.0224,0.0042,777.6323,759.9371,762.5353,776.5938
14,-5.888,-0.771,1.65,0.863,1.373,0.868,0.990,-1.589,0.004,0.186,-0.009,-2.63,0.09,-179.94,0.0075,0.0234,0.0030,777.7310,759.6951,762.6188,776.3076
14,-6.024,-0.615,1.70,0.863,1.373,0.867,1.003,-1.589,-0.009,0.179,-0.010,-2.61,0.15,-179.94,0.0077,0.0236,0.0026,777.2321,760.1581,762.1520,776.6133
14,-6.161,-0.455,1.75,0.863,1.373,0.866,1.009,-1.589,-0.014,0.176,-0.010,-2.59,0.23,-179.93,0.0063,0.0245,0.0029,777.4497,759.6943,762.0682,776.3803
14,-6.300,-0.292,1.80,0.863,1.373,0.865,1.020,-1.589,-0.024,0.170,-0.010,-2.57,0.30,-179.93,0.0069,0.0263,0.0019,777.5382,759.6953,762.0000,776.1886
14,-6.439,-0.125,1.85,0.863,1.373,0.864,1.026,-1.589,-0.028,0.166,-0.011,-2.55,0.37,-179.94,0.0052,0.0261,0.0010,777.4507,759.9175,761.7202,776.1217
14,-6.578,0.045,1.90,0.863,1.373,0.860,1.038,-1.589,-0.038,0.159,-0.011,-2.54,0.45,-179.95,0.0052,0.0268,-0.0002,777.7220,759.7554,761.8368,775.6755
14,-6.718,0.218,1.95,0.863,1.373,0.859,1.044,-1.589,-0.042,0.156,-0.011,-2.52,0.53,-179.96,0.0053,0.0266,-0.0006,777.4190,760.1304,761.5645,775.4802
14,-6.857,0.392,2.00,0.863,1.373,0.777,1.136,-1.596,-0.035,0.040,-0.010,-3.01,1.65,-179.95,-0.0111,0.0030,-0.0026,777.3550,759.8265,761.0498,774.4004
14,-6.995,0.568,2.05,0.863,1.373,0.777,1.136,-1.596,-0.035,0.040,-0.010,-3.01,1.65,-179.95,-0.0111,0.0030,-0.0026,777.3550,759.8265,761.0498,774.4004
14,-7.131,0.744,2.10,0.863,1.373,0.774,1.139,-1.596,-0.033,0.039,-0.009,-3.05,1.64,-179.96,-0.0113,-0.0125,-0.0031,779.2935,758.0772,763.1759,772.2019
14,-7.266,0.921,2.15,0.863,1.373,0.773,1.140,-1.596,-0.036,0.041,-0.009,-3.09,1.58,-179.97,-0.0198,-0.0284,-0.0032,781.0182,756.5179,766.8400,768.2291
14,-7.399,1.098,2.20,0.863,1.373,0.770,1.142,-1.597,-0.051,0.053,-0.009,-3.16,1.49,-179.97,-0.0327,-0.0327,-0.0048,781.8660,755.9965,770.4097,764.3542
14,-7.529,1.274,2.25,0.863,1.373,0.768,1.144,-1.597,-0.061,0.063,-0.008,-3.27,1.41,-179.98,-0.0421,-0.0207,-0.0033,781.2576,757.2411,773.6027,760.9312
14,-7.656,1.449,2.30,0.863,1.373,0.762,1.150,-1.597,-0.089,0.098,-0.007,-3.40,1.38,-179.99,-0.0443,0.0025,-0.0027,780.1547,759.2902,776.9691,757.6142
14,-7.780,1.622,2.35,0.863,1.373,0.759,1.154,-1.597,-0.102,0.119,-0.006,-3.52,1.42,179.99,-0.0408,0.0250,-0.0025,778.1066,762.3115,779.5205,755.3740
14,-7.901,1.793,2.40,0.863,1.373,0.751,1.164,-1.596,-0.125,0.172,-0.005,-3.62,1.54,179.97,-0.0212,0.0530,-0.0020,775.8605,765.5327,781.2843,754.0400
14,-8.017,1.961,2.45,0.863,1.373,0.747,1.171,-1.596,-0.135,0.202,-0.004,-3.65,1.71,179.94,0.0032,0.0728,0.0010,773.2151,769.2014,782.1189,754.0319
14,-8.130,2.126,2.50,0.863,1.373,0.737,1.191,-1.596,-0.148,0.280,-0.002,-3.59,1.95,179.91,0.0442,0.0883,0.0015,770.8672,772.7180,783.5073,753.7266
14,-8.237,2.288,2.55,0.863,1.373,0.732,1.202,-1.596,-0.150,0.318,-0.002,-3.42,2.20,179.88,0.0794,0.0961,0.0028,768.1764,776.1828,783.3511,754.8448
14,-8.340,2.445,2.60,0.863,1.373,0.723,1.228,-1.596,-0.144,0.394,-0.002,-3.12,2.49,179.85,0.1275,0.0943,0.0037,766.2595,778.6923,782.9926,756.0278
14,-8.437,2.597,2.65,0.863,1.373,0.719,1.244,-1.596,-0.136,0.433,-0.002,-2.72,2.74,179.82,0.1662,0.0884,0.0044,764.4208,780.9946,781.9055,757.8242
14,-8.529,2.745,2.70,0.863,1.373,0.712,1.283,-1.596,-0.107,0.515,-0.004,-2.17,2.98,179.79,0.2113,0.0706,0.0058,762.5790,783.3352,780.7694,759.4680
14,-8.615,2.887,2.75,0.863,1.373,0.710,1.303,-1.596,-0.089,0.549,-0.004,-1.55,3.15,179.76,0.2430,0.0529,0.0072,761.5438,784.7751,779.1498,761.3262
14,-8.695,3.023,2.80,0.863,1.373,0.708,1.345,-1.597,-0.044,0.609,-0.007,-0.79,3.28,179.73,0.2752,0.0244,0.0074,761.2853,785.3342,776.9986,763.1530
14,-8.769,3.153,2.85,0.863,1.373,0.708,1.368,-1.597,-0.018,0.635,-0.008,-0.01,3.32,179.70,0.2928,-0.0012,0.0094,760.9700,786.0286,775.0374,764.5727
14,-8.836,3.276,2.90,0.863,1.373,0.714,1.422,-1.598,0.048,0.679,-0.011,0.88,3.27,179.66,0.3063,-0.0338,0.0106,760.3013,787.4614,772.4341,766.4924
14,-8.896,3.392,2.95,0.863,1.373,0.718,1.446,-1.598,0.080,0.692,-0.012,1.72,3.15,179.62,0.3090,-0.0606,0.0120,760.5966,787.8626,769.9972,767.9841
14,-8.950,3.501,3.00,0.863,1.373,1.247,1.648,-1.609,0.402,-0.434,-0.003,2.12,-7.05,179.10,-0.2430,-0.0301,0.0616,765.3265,772.7648,758.6179,783.5217
14,-8.996,3.602,3.05,0.863,1.373,1.247,1.648,-1.609,0.402,-0.434,-0.003,2.12,-7.05,179.10,-0.2430,-0.0301,0.0616,765.3265,772.7648,758.6179,783.5217
14,-9.036,3.695,3.10,0.863,1.373,1.268,1.603,-1.610,0.348,-0.498,-0.003,1.43,-7.12,179.13,-0.2445,-0.0157,0.0602,765.6454,771.9529,758.8903,783.2223
14,-9.068,3.780,3.15,0.863,1.373,1.276,1.582,-1.610,0.323,-0.523,-0.003,0.69,-7.15,179.15,-0.2420,0.0058,0.0559,765.3215,772.0491,758.1885,783.6897
14,-9.092,3.856,3.20,0.863,1.373,1.289,1.539,-1.611,0.274,-0.566,-0.004,0.01,-7.12,179.16,-0.2369,0.0201,0.0530,765.3387,772.0674,757.5234,783.6895
14,-9.110,3.923,3.25,0.863,1.373,1.294,1.517,-1.612,0.250,-0.584,-0.004,-0.70,-7.05,179.17,-0.2317,0.0344,0.0511,764.7653,772.6515,756.3099,783.9742
14,-9.119,3.982,3.30,0.863,1.373,1.303,1.466,-1.613,0.196,-0.616,-0.006,-1.34,-6.95,179.17,-0.2220,0.0436,0.0485,765.2116,772.1803,755.1675,783.7892
14,-9.122,4.031,3.35,0.863,1.373,1.305,1.443,-1.613,0.173,-0.627,-0.006,-2.01,-6.80,179.18,-0.2111,0.0530,0.0450,765.4974,771.9583,754.7637,783.0372
14,-9.116,4.071,3.40,0.863,1.373,1.308,1.397,-1.615,0.128,-0.642,-0.007,-2.59,-6.65,179.19,-0.2016,0.0583,0.0447,765.2881,772.1215,753.7646,782.5474
14,-9.104,4.102,3.45,0.863,1.373,1.308,1.375,-1.615,0.107,-0.647,-0.007,-3.19,-6.47,179.20,-0.1877,0.0639,0.0421,765.0562,772.3417,752.4879,782.6696
14,-9.083,4.124,3.50,0.863,1.373,1.305,1.325,-1.617,0.062,-0.651,-0.008,-3.70,-6.29,179.21,-0.1757,0.0666,0.0416,765.5452,771.7172,751.4742,782.2220
14,-9.055,4.136,3.55,0.863,1.373,1.304,1.303,-1.618,0.043,-0.649,-0.008,-4.22,-6.08,179.22,-0.1614,0.0691,0.0398,765.3201,771.8779,750.7135,782.0584
14,-9.020,4.138,3.60,0.863,1.373,1.299,1.260,-1.620,0.008,-0.643,-0.007,-4.66,-5.88,179.23,-0.1503,0.0694,0.0387,765.5873,771.6944,749.9061,781.9111
14,-8.978,4.131,3.65,0.863,1.373,1.296,1.239,-1.621,-0.008,-0.638,-0.007,-5.10,-5.66,179.25,-0.1360,0.0705,0.0384,765.5573,771.5981,748.9083,782.1881
14,-8.929,4.114,3.70,0.863,1.373,1.287,1.193,-1.622,-0.041,-0.622,-0.006,-5.48,-5.46,179.28,-0.1264,0.0695,0.0377,765.5972,771.4534,748.5997,782.0626
14,-8.872,4.087,3.75,0.863,1.373,1.283,1.173,-1.623,-0.054,-0.613,-0.005,-5.84,-5.25,179.32,-0.1118,0.0678,0.0364,766.0248,771.0487,748.2815,782.5256
14,-8.809,4.052,3.80,0.863,1.373,1.275,1.135,-1.624,-0.078,-0.592,-0.004,-6.15,-5.05,179.35,-0.1044,0.0655,0.0366,766.0776,770.9155,748.5354,782.4966
14,-8.739,4.007,3.85,0.863,1.373,1.270,1.116,-1.624,-0.088,-0.580,-0.004,-6.46,-4.85,179.40,-0.0922,0.0620,0.0347,766.1708,770.5110,748.2623,783.0372
14,-8.663,3.953,3.90,0.863,1.373,1.259,1.077,-1.625,-0.109,-0.551,-0.002,-6.71,-4.67,179.44,-0.0840,0.0598,0.0357,766.2897,770.0342,748.0370,783.5001
14,-8.580,3.889,3.95,0.863,1.373,1.254,1.061,-1.626,-0.117,-0.536,-0.002,-6.95,-4.48,179.49,-0.0720,0.0567,0.0334,766.2494,769.6804,748.1398,783.8409
14,-8.492,3.817,4.00,0.863,1.373,1.077,0.882,-1.631,-0.149,-0.007,0.019,-6.90,-2.58,179.75,0.0323,0.0084,0.0063,770.0392,765.0306,742.0983,784.2244
14,-8.398,3.737,4.05,0.863,1.373,1.077,0.882,-1.631,-0.149,-0.007,0.019,-6.90,-2.58,179.75,0.0323,0.0084,0.0063,770.0392,765.0306,742.0983,784.2244
14,-8.298,3.648,4.10,0.863,1.373,1.069,0.887,-1.631,-0.145,0.009,0.021,-6.83,-2.55,179.75,0.0308,0.0081,0.0073,770.0625,765.3141,742.2038,784.2557
14,-8.194,3.550,4.15,0.863,1.373,1.065,0.889,-1.631,-0.142,0.016,0.021,-6.73,-2.52,179.76,0.0276,0.0071,0.0068,770.2299,765.4541,742.1635,784.4080
14,-8.084,3.445,4.20,0.863,1.373,1.057,0.894,-1.631,-0.138,0.028,0.023,-6.67,-2.50,179.76,0.0265,0.0070,0.0067,770.5933,765.4413,742.0288,784.7353
14,-7.970,3.333,4.25,0.863,1.373,1.052,0.898,-1.631,-0.135,0.035,0.023,-6.59,-2.47,179.77,0.0245,0.0072,0.0059,770.9371,765.3797,742.3808,784.7269
14,-7.852,3.213,4.30,0.863,1.373,1.045,0.904,-1.631,-0.130,0.045,0.024,-6.52,-2.45,179.78,0.0215,0.0055,0.0071,771.0129,765.4966,742.4116,784.9763
14,-7.730,3.086,4.35,0.863,1.373,1.041,0.906,-1.630,-0.128,0.050,0.025,-6.46,-2.43,179.79,0.0209,0.0053,0.0064,771.0696,765.6383,742.8013,785.0140
14,-7.604,2.953,4.40,0.863,1.373,1.034,0.912,-1.630,-0.123,0.057,0.025,-6.41,-2.41,179.80,0.0175,0.0047,0.0069,771.1708,765.5637,742.3364,785.6971
14,-7.476,2.814,4.45,0.863,1.373,1.030,0.916,-1.630,-0.120,0.061,0.025,-6.36,-2.40,179.82,0.0171,0.0051,0.0066,771.3115,765.4055,742.8937,785.3387
14,-7.344,2.669,4.50,0.863,1.373,1.023,0.922,-1.630,-0.116,0.067,0.025,-6.32,-2.38,179.83,0.0147,0.0037,0.0070,771.2288,765.3626,742.6685,785.7872
14,-7.211,2.519,4.55,0.863,1.373,1.020,0.925,-1.629,-0.114,0.070,0.025,-6.28,-2.37,179.84,0.0118,0.0035,0.0056,771.4071,764.9888,743.1383,785.5067
14,-7.075,2.364,4.60,0.863,1.373,1.014,0.932,-1.629,-0.109,0.074,0.025,-6.26,-2.36,179.86,0.0099,0.0042,0.0048,771.5342,764.8741,743.1252,785.6526
14,-6.938,2.204,4.65,0.863,1.373,1.010,0.936,-1.628,-0.107,0.077,0.025,-6.22,-2.35,179.87,0.0092,0.0031,0.0049,771.4615,765.1194,743.1967,785.8718
14,-6.800,2.041,4.70,0.863,1.373,1.003,0.942,-1.627,-0.102,0.080,0.025,-6.20,-2.34,179.88,0.0079,0.0040,0.0048,771.7271,764.9695,743.3759,786.1749
14,-6.661,1.874,4.75,0.863,1.373,1.000,0.945,-1.627,-0.101,0.081,0.025,-6.18,-2.32,179.90,0.0073,0.0036,0.0043,771.7024,765.1218,743.7760,786.2330
14,-6.521,1.705,4.80,0.863,1.373,0.994,0.952,-1.625,-0.097,0.084,0.024,-6.16,-2.31,179.91,0.0069,0.0048,0.0031,772.1338,764.8845,743.9283,786.3752
14,-6.382,1.532,4.85,0.863,1.373,0.990,0.956,-1.625,-0.094,0.085,0.024,-6.14,-2.29,179.92,0.0051,0.0039,0.0028,772.0499,765.2083,743.9117,786.5898
14,-6.243,1.358,4.90,0.863,1.373,0.984,0.962,-1.624,-0.090,0.087,0.023,-6.13,-2.28,179.93,0.0052,0.0049,0.0027,772.0768,765.3283,744.0690,786.6624
14,-6.105,1.183,4.95,0.863,1.373,0.982,0.965,-1.623,-0.088,0.087,0.022,-6.11,-2.27,179.94,0.0050,0.0035,0.0025,772.2181,765.1210,744.0266,786.7053
14,-5.968,1.006,5.00,0.863,1.373,0.951,1.051,-1.613,-0.021,0.071,0.009,-6.14,-2.51,179.91,-0.0078,-0.0098,0.0007,772.9622,765.0385,742.7217,785.8879
14,-5.833,0.829,5.05,0.863,1.373,0.951,1.051,-1.613,-0.021,0.071,0.009,-6.14,-2.51,179.91,-0.0078,-0.0098,0.0007,772.9622,765.0385,742.7217,785.8879
14,-5.700,0.653,5.10,0.863,1.373,0.952,1.052,-1.613,-0.021,0.071,0.008,-6.16,-2.53,179.91,-0.0094,-0.0113,0.0007,773.1008,764.8743,743.3725,785.2249
14,-5.570,0.476,5.15,0.863,1.373,0.952,1.055,-1.612,-0.021,0.071,0.008,-6.19,-2.57,179.91,-0.0101,-0.0133,0.0009,773.4083,764.5197,743.7280,784.7057
14,-5.442,0.301,5.20,0.863,1.373,0.953,1.057,-1.612,-0.022,0.072,0.008,-6.22,-2.60,179.91,-0.0099,-0.0122,0.0026,773.4088,764.4892,744.0289,784.4207
14,-5.318,0.128,5.25,0.863,1.373,0.953,1.060,-1.612,-0.026,0.075,0.007,-6.25,-2.64,179.92,-0.0093,-0.0100,0.0017,773.4927,764.1966,744.6083,783.8057
14,-5.197,-0.043,5.30,0.863,1.373,0.952,1.062,-1.611,-0.029,0.077,0.007,-6.27,-2.66,179.93,-0.0089,-0.0073,0.0018,773.3718,764.1319,745.2537,783.0308
14,-5.080,-0.212,5.35,0.863,1.373,0.951,1.067,-1.611,-0.036,0.082,0.008,-6.29,-2.67,179.93,-0.0046,-0.0020,0.0022,773.1356,764.1572,745.3337,782.8729
14,-4.967,-0.377,5.40,0.863,1.373,0.950,1.069,-1.611,-0.039,0.086,0.008,-6.30,-2.68,179.94,-0.0000,0.0016,0.0028,773.4593,763.8440,745.7079,782.6666
14,-4.859,-0.539,5.45,0.863,1.373,0.948,1.075,-1.611,-0.049,0.094,0.009,-6.29,-2.66,179.95,0.0053,0.0063,0.0038,773.6860,763.5478,746.4501,782.1790
14,-4.756,-0.697,5.50,0.863,1.373,0.947,1.078,-1.611,-0.053,0.098,0.009,-6.27,-2.63,179.96,0.0095,0.0130,0.0037,773.3840,763.9677,746.4766,782.4713
14,-4.658,-0.850,5.55,0.863,1.373,0.943,1.085,-1.610,-0.062,0.107,0.010,-6.24,-2.59,179.97,0.0147,0.0177,0.0038,773.4940,764.0099,746.9346,782.3900
14,-4.565,-0.998,5.60,0.863,1.373,0.941,1.089,-1.610,-0.067,0.111,0.011,-6.19,-2.54,179.98,0.0181,0.0207,0.0051,773.6588,763.9119,747.4575,782.2689
14,-4.479,-1.140,5.65,0.863,1.373,0.936,1.097,-1.609,-0.078,0.121,0.011,-6.13,-2.47,179.99,0.0232,0.0255,0.0054,773.6035,763.9854,747.7942,782.5375
14,-4.398,-1.277,5.70,0.863,1.373,0.933,1.102,-1.609,-0.083,0.126,0.011,-6.06,-2.40,180.00,0.0265,0.0289,0.0049,773.7000,763.9163,748.0974,782.5595
14,-4.324,-1.408,5.75,0.863,1.373,0.927,1.111,-1.608,-0.092,0.135,0.012,-5.98,-2.31,-179.99,0.0313,0.0315,0.0045,774.0039,763.7689,748.2543,782.8265
14,-4.256,-1.532,5.80,0.863,1.373,0.924,1.115,-1.608,-0.096,0.139,0.012,-5.90,-2.22,-179.99,0.0316,0.0326,0.0055,774.1068,763.7292,749.1239,782.3051
14,-4.195,-1.648,5.85,0.863,1.373,0.917,1.127,-1.606,-0.104,0.148,0.012,-5.80,-2.12,-179.98,0.0356,0.0338,0.0060,774.2077,763.6926,749.4908,782.4845
14,-4.140,-1.758,5.90,0.863,1.373,0.913,1.133,-1.606,-0.108,0.153,0.012,-5.70,-2.02,-179.97,0.0378,0.0374,0.0046,773.8763,764.1248,749.3043,783.0233
14,-4.093,-1.860,5.95,0.863,1.373,0.906,1.145,-1.605,-0.114,0.160,0.012,-5.59,-1.91,-179.97,0.0397,0.0359,0.0056,774.2198,763.8706,749.9292,782.8088
14,-4.053,-1.954,6.00,0.863,1.373,0.777,1.303,-1.598,-0.076,0.111,0.002,-4.01,-0.29,-179.93,0.0008,0.0063,-0.0005,774.2166,763.3220,752.7334,780.8635
14,-4.020,-2.039,6.05,0.863,1.373,0.777,1.303,-1.598,-0.076,0.111,0.002,-4.01,-0.29,-179.93,0.0008,0.0063,-0.0005,774.2166,763.3220,752.7334,780.8635
14,-3.995,-2.116,6.10,0.863,1.373,0.773,1.308,-1.598,-0.066,0.106,0.002,-4.01,-0.27,-179.93,-0.0066,0.0146,0.0010,773.4960,764.2111,752.3702,781.3409
14,-3.977,-2.185,6.15,0.863,1.373,0.771,1.310,-1.598,-0.055,0.105,0.002,-4.07,-0.19,-179.93,-0.0351,0.0325,0.0003,768.2378,769.3123,751.1082,782.7319
14,-3.966,-2.244,6.20,0.863,1.373,0.769,1.316,-1.598,-0.019,0.115,0.002,-4.19,-0.10,-179.93,-0.0579,0.0278,0.0017,763.7137,773.4675,751.6106,782.3175
14,-3.963,-2.295,6.25,0.863,1.373,0.769,1.319,-1.598,0.001,0.125,0.003,-4.39,-0.05,-179.93,-0.0749,0.0029,0.0013,758.6819,778.0637,753.3474,781.0612
14,-3.967,-2.336,6.30,0.863,1.373,0.772,1.326,-1.598,0.046,0.157,0.005,-4.61,-0.08,-179.93,-0.0768,-0.0285,0.0010,755.7795,781.1595,757.1058,778.3979
14,-3.980,-2.368,6.35,0.863,1.373,0.775,1.331,-1.598,0.069,0.180,0.006,-4.81,-0.23,-179.91,-0.0575,-0.0715,0.0002,754.3776,783.1733,761.3390,775.5299
14,-3.999,-2.390,6.40,0.863,1.373,0.784,1.346,-1.597,0.117,0.244,0.009,-4.94,-0.46,-179.89,-0.0306,-0.1009,-0.0018,753.4009,785.1089,765.2430,773.3035
14,-4.026,-2.403,6.45,0.863,1.373,0.790,1.354,-1.596,0.136,0.278,0.011,-4.96,-0.80,-179.86,0.0207,-0.1297,-0.0037,753.3641,786.9052,770.2476,770.3448
14,-4.060,-2.406,6.50,0.863,1.373,0.803,1.375,-1.595,0.167,0.354,0.012,-4.85,-1.17,-179.82,0.0674,-0.1462,-0.0038,754.7399,787.3210,773.8540,768.5044
14,-4.102,-2.400,6.55,0.863,1.373,0.810,1.388,-1.595,0.178,0.394,0.012,-4.56,-1.62,-179.78,0.1289,-0.1539,-0.0050,757.0044,786.6412,777.4600,766.3748
14,-4.151,-2.384,6.60,0.863,1.373,0.828,1.423,-1.593,0.190,0.487,0.011,-4.15,-2.04,-179.75,0.1807,-0.1522,-0.0075,759.2619,785.8323,780.2229,764.9655
14,-4.206,-2.359,6.65,0.863,1.373,0.836,1.441,-1.593,0.189,0.528,0.009,-3.53,-2.47,-179.72,0.2401,-0.1416,-0.0081,761.4893,784.9330,782.9313,763.3564
14,-4.269,-2.324,6.70,0.863,1.373,0.851,1.481,-1.592,0.178,0.605,0.006,-2.82,-2.84,-179.70,0.2803,-0.1253,-0.0094,763.9005,783.2910,784.0953,762.6153
14,-4.338,-2.280,6.75,0.863,1.373,0.858,1.503,-1.592,0.167,0.640,0.003,-1.93,-3.17,-179.68,0.3204,-0.0993,-0.0097,767.0150,780.5029,784.7130,762.1886
14,-4.414,-2.227,6.80,0.863,1.373,0.873,1.557,-1.591,0.131,0.708,-0.002,-1.02,-3.42,-179.68,0.3438,-0.0744,-0.0101,768.6884,778.5736,785.5064,761.3047
14,-4.495,-2.165,6.85,0.863,1.373,0.878,1.583,-1.592,0.111,0.733,-0.005,0.03,-3.59,-179.67,0.3616,-0.0415,-0.0112,770.5203,775.8909,785.7497,760.6142
14,-4.583,-2.094,6.90,0.863,1.373,0.886,1.636,-1.593,0.064,0.769,-0.011,1.03,-3.66,-179.68,0.3658,-0.0116,-0.0114,771.4315,773.5446,785.0483,760.6733
14,-4.677,-2.014,6.95,0.863,1.373,0.888,1.663,-1.593,0.037,0.781,-0.013,2.11,-3.65,-179.68,0.3597,0.0243,-0.0128,773.0215,770.3827,783.8303,761.2626
14,-4.776,-1.926,7.00,0.863,1.373,0.483,1.948,-1.592,-0.383,-0.375,-0.005,3.58,5.74,179.89,-0.2169,0.0729,-0.0160,784.2320,767.0288,768.7744,766.8796
14,-4.880,-1.830,7.05,0.863,1.373,0.483,1.948,-1.592,-0.383,-0.375,-0.005,3.58,5.74,179.89,-0.2169,0.0729,-0.0160,784.2320,767.0288,768.7744,766.8796
14,-4.989,-1.725,7.10,0.863,1.373,0.460,1.915,-1.591,-0.350,-0.429,-0.007,2.94,5.93,179.86,-0.2157,0.0564,-0.0113,784.2877,766.6146,768.6422,766.5549
14,-5.102,-1.614,7.15,0.863,1.373,0.449,1.898,-1.591,-0.332,-0.453,-0.009,2.35,6.07,179.85,-0.2155,0.0431,-0.0077,783.5370,766.5338,768.4078,766.3949
14,-5.220,-1.495,7.20,0.863,1.373,0.427,1.856,-1.590,-0.289,-0.499,-0.011,1.72,6.18,179.83,-0.2100,0.0267,-0.0043,783.3435,765.6947,767.8029,766.7395
14,-5.342,-1.369,7.25,0.863,1.373,0.419,1.837,-1.590,-0.270,-0.517,-0.012,1.15,6.24,179.84,-0.2053,0.0164,-0.0023,782.7094,765.2090,767.6274,766.9250
14,-5.467,-1.236,7.30,0.863,1.373,0.404,1.798,-1.591,-0.229,-0.546,-0.014,0.56,6.27,179.86,-0.1974,0.0009,0.0023,782.2454,764.1226,768.0654,766.7559
14,-5.595,-1.097,7.35,0.863,1.373,0.398,1.778,-1.591,-0.208,-0.558,-0.014,0.02,6.27,179.90,-0.1910,-0.0082,0.0035,781.4651,763.2886,767.9175,767.3231
14,-5.726,-0.953,7.40,0.863,1.373,0.387,1.732,-1.591,-0.160,-0.578,-0.015,-0.53,6.23,179.96,-0.1799,-0.0211,0.0053,780.8362,762.1011,767.7905,768.0384
14,-5.860,-0.803,7.45,0.863,1.373,0.383,1.712,-1.592,-0.139,-0.584,-0.016,-1.01,6.17,-179.98,-0.1724,-0.0293,0.0058,779.9323,761.2834,768.1379,768.5394
14,-5.995,-0.649,7.50,0.863,1.373,0.378,1.671,-1.592,-0.097,-0.591,-0.016,-1.51,6.07,-179.91,-0.1623,-0.0397,0.0062,778.8079,760.4750,768.8920,768.8430
14,-6.132,-0.490,7.55,0.863,1.373,0.376,1.651,-1.593,-0.077,-0.593,-0.016,-1.94,5.96,-179.84,-0.1521,-0.0464,0.0069,778.2985,759.1254,769.1401,769.5193
14,-6.270,-0.327,7.60,0.863,1.373,0.375,1.607,-1.594,-0.032,-0.590,-0.016,-2.37,5.82,-179.77,-0.1401,-0.0534,0.0057,777.0878,758.3862,768.9246,770.5410
14,-6.409,-0.161,7.65,0.863,1.373,0.376,1.588,-1.595,-0.013,-0.586,-0.016,-2.75,5.67,-179.71,-0.1315,-0.0582,0.0047,776.3121,757.5369,769.4999,770.7163
14,-6.549,0.009,7.70,0.863,1.373,0.379,1.550,-1.596,0.024,-0.576,-0.015,-3.12,5.50,-179.64,-0.1180,-0.0635,0.0030,776.0232,756.4404,769.7928,771.1646
14,-6.688,0.181,7.75,0.863,1.373,0.381,1.531,-1.596,0.042,-0.569,-0.015,-3.43,5.32,-179.59,-0.1082,-0.0665,-0.0003,775.4569,755.9772,769.7063,771.6238
14,-6.827,0.355,7.80,0.863,1.373,0.388,1.491,-1.598,0.079,-0.550,-0.014,-3.73,5.12,-179.54,-0.0951,-0.0688,-0.0026,775.0043,755.4467,769.1187,772.3410
14,-6.965,0.530,7.85,0.863,1.373,0.392,1.474,-1.599,0.095,-0.540,-0.013,-3.99,4.93,-179.51,-0.0868,-0.0710,-0.0053,774.7717,755.1591,769.1331,772.4517
14,-7.102,0.706,7.90,0.863,1.373,0.401,1.442,-1.600,0.123,-0.518,-0.012,-4.23,4.71,-179.49,-0.0758,-0.0725,-0.0090,774.9116,754.9745,769.0428,772.4210
14,-7.237,0.883,7.95,0.863,1.373,0.405,1.427,-1.600,0.136,-0.506,-0.011,-4.43,4.51,-179.48,-0.0670,-0.0730,-0.0123,775.3381,754.9481,769.0443,772.3141
14,-7.370,1.060,8.00,0.863,1.373,0.675,1.219,-1.607,0.227,-0.041,0.007,-4.24,0.99,-179.97,0.0311,-0.0240,-0.0084,780.2969,759.5435,761.0468,771.7670
14,-7.501,1.236,8.05,0.863,1.373,0.675,1.219,-1.607,0.227,-0.041,0.007,-4.24,0.99,-179.97,0.0311,-0.0240,-0.0084,780.2969,759.5435,761.0468,771.7670
14,-7.629,1.411,8.10,0.863,1.373,0.681,1.220,-1.606,0.222,-0.034,0.007,-4.16,0.92,-179.98,0.0274,-0.0313,-0.0083,780.5911,759.2474,761.2914,771.8889
14,-7.754,1.585,8.15,0.863,1.373,0.695,1.222,-1.605,0.200,-0.013,0.008,-4.10,0.80,-179.98,0.0153,-0.0468,-0.0068,782.5879,757.3486,764.9377,768.6472
14,-7.875,1.757,8.20,0.863,1.373,0.701,1.224,-1.605,0.186,0.000,0.008,-4.08,0.66,-179.98,-0.0012,-0.0455,-0.0076,783.9807,756.2186,769.4723,764.4235
14,-7.993,1.925,8.25,0.863,1.373,0.710,1.228,-1.604,0.151,0.034,0.008,-4.11,0.55,-179.98,-0.0141,-0.0288,-0.0057,783.4485,757.1320,773.0839,760.8195
14,-8.106,2.091,8.30,0.863,1.373,0.713,1.231,-1.604,0.131,0.055,0.009,-4.16,0.49,-179.98,-0.0194,-0.0051,-0.0049,782.4740,758.6404,776.4395,757.6901
14,-8.215,2.253,8.35,0.863,1.373,0.719,1.241,-1.603,0.085,0.116,0.011,-4.21,0.52,-179.98,-0.0120,0.0244,-0.0041,780.3692,761.4235,778.9585,755.6013
14,-8.318,2.411,8.40,0.863,1.373,0.719,1.247,-1.602,0.066,0.147,0.012,-4.22,0.63,-179.98,0.0076,0.0524,-0.0020,777.9153,764.9936,782.0214,753.6210
14,-8.417,2.565,8.45,0.863,1.373,0.719,1.263,-1.601,0.032,0.219,0.013,-4.15,0.82,-179.98,0.0373,0.0776,-0.0015,775.5081,768.5131,784.0853,752.8741
14,-8.510,2.714,8.50,0.863,1.373,0.718,1.272,-1.601,0.017,0.258,0.014,-4.01,1.05,-179.98,0.0729,0.0953,-0.0004,773.0657,771.9179,784.9893,753.4744
14,-8.597,2.857,8.55,0.863,1.373,0.714,1.299,-1.600,-0.004,0.350,0.014,-3.73,1.34,-179.98,0.1154,0.1044,0.0006,770.6431,775.1269,785.5881,754.5607
14,-8.678,2.994,8.60,0.863,1.373,0.711,1.313,-1.599,-0.009,0.392,0.013,-3.35,1.63,-179.98,0.1580,0.1062,0.0012,767.6752,778.7510,785.8228,756.1337
14,-8.753,3.126,8.65,0.863,1.373,0.707,1.346,-1.598,-0.008,0.474,0.011,-2.82,1.93,-179.98,0.2004,0.0994,0.0025,765.6680,780.9362,785.8729,757.4491
14,-8.822,3.250,8.70,0.863,1.373,0.705,1.364,-1.598,-0.002,0.514,0.010,-2.22,2.18,-179.98,0.2387,0.0871,0.0016,763.8895,782.8125,784.4005,760.0497
14,-8.884,3.368,8.75,0.863,1.373,0.702,1.410,-1.597,0.023,0.596,0.006,-1.46,2.41,-179.97,0.2722,0.0659,0.0017,762.3809,784.5250,783.0364,762.1819
14,-8.939,3.478,8.80,0.863,1.373,0.702,1.433,-1.597,0.040,0.628,0.003,-0.68,2.55,-179.98,0.2979,0.0410,0.0015,760.5906,786.3405,781.0226,764.4573
14,-8.987,3.581,8.85,0.863,1.373,0.704,1.480,-1.597,0.081,0.681,-0.002,0.23,2.63,-179.98,0.3159,0.0130,0.0015,760.0313,786.8608,779.1747,766.0779
14,-9.028,3.676,8.90,0.863,1.373,0.706,1.505,-1.597,0.105,0.702,-0.004,1.11,2.63,-180.00,0.3255,-0.0163,0.0015,760.0232,786.9050,776.3191,767.9323
14,-9.062,3.762,8.95,0.863,1.373,0.716,1.562,-1.597,0.166,0.734,-0.010,2.08,2.53,179.97,0.3248,-0.0493,0.0030,759.5730,787.3804,773.6714,769.1769
14,-9.088,3.840,9.00,0.863,1.373,1.298,1.716,-1.595,0.425,-0.495,-0.019,1.83,-7.73,179.66,-0.2556,-0.0460,0.0529,763.4865,771.2773,761.2087,787.0161
14,-9.107,3.910,9.05,0.863,1.373,1.298,1.716,-1.595,0.425,-0.495,-0.019,1.83,-7.73,179.66,-0.2556,-0.0460,0.0529,763.4865,771.2773,761.2087,787.0161
14,-9.118,3.970,9.10,0.863,1.373,1.310,1.695,-1.596,0.400,-0.523,-0.020,1.06,-7.85,179.78,-0.2550,-0.0264,0.0471,762.5876,770.3324,760.7397,787.7332
14,-9.122,4.021,9.15,0.863,1.373,1.334,1.645,-1.598,0.343,-0.578,-0.021,0.35,-7.90,179.88,-0.2517,-0.0084,0.0428,762.1733,769.1389,760.2909,788.1805
14,-9.118,4.064,9.20,0.863,1.373,1.343,1.622,-1.598,0.318,-0.599,-0.021,-0.41,-7.90,179.97,-0.2472,0.0067,0.0359,761.4383,768.6791,759.9425,788.1959
14,-9.107,4.097,9.25,0.863,1.373,1.358,1.575,-1.600,0.266,-0.633,-0.022,-1.09,-7.86,-179.96,-0.2411,0.0212,0.0309,760.8762,768.7176,759.3536,788.2280
14,-9.088,4.120,9.30,0.863,1.373,1.363,1.551,-1.600,0.241,-0.647,-0.022,-1.65,-7.80,-179.91,-0.2344,0.0314,0.0253,760.8826,768.5801,758.5921,788.2156
14,-9.062,4.134,9.35,0.863,1.373,1.374,1.496,-1.602,0.184,-0.671,-0.023,-2.44,-7.68,-179.86,-0.2216,0.0442,0.0195,761.3087,768.1356,757.6066,787.9834
14,-9.029,4.138,9.40,0.863,1.373,1.377,1.472,-1.603,0.160,-0.678,-0.023,-2.94,-7.57,-179.84,-0.2133,0.0520,0.0153,761.1156,768.7375,756.5865,787.7603
14,-8.988,4.133,9.45,0.863,1.373,1.381,1.425,-1.604,0.113,-0.685,-0.023,-3.64,-7.38,-179.83,-0.1976,0.0588,0.0096,761.4619,768.9873,755.6261,786.9088
14,-8.940,4.118,9.50,0.863,1.373,1.382,1.401,-1.605,0.090,-0.686,-0.023,-4.21,-7.20,-179.85,-0.1830,0.0660,0.0049,762.0848,768.9475,754.3755,786.2924
14,-8.885,4.094,9.55,0.863,1.373,1.382,1.349,-1.607,0.041,-0.682,-0.023,-4.70,-7.02,-179.87,-0.1695,0.0694,0.0018,762.5509,769.3399,752.8292,785.5966
14,-8.823,4.060,9.60,0.863,1.373,1.380,1.327,-1.608,0.020,-0.678,-0.022,-5.07,-6.86,-179.91,-0.1582,0.0721,-0.0008,763.3589,769.5106,751.6517,784.6509
14,-8.755,4.017,9.65,0.863,1.373,1.376,1.284,-1.610,-0.019,-0.664,-0.022,-5.58,-6.61,-179.98,-0.1408,0.0771,-0.0027,763.7181,770.3423,750.0610,784.0516
14,-8.680,3.965,9.70,0.863,1.373,1.373,1.263,-1.610,-0.037,-0.655,-0.021,-5.89,-6.44,179.97,-0.1289,0.0767,-0.0044,764.6864,770.5234,748.9481,783.1389
14,-8.599,3.904,9.75,0.863,1.373,1.364,1.218,-1.612,-0.076,-0.631,-0.019,-6.30,-6.18,179.89,-0.1106,0.0777,-0.0050,765.8920,770.7781,747.4923,782.4340
14,-8.511,3.833,9.80,0.863,1.373,1.359,1.199,-1.613,-0.092,-0.619,-0.018,-6.54,-6.00,179.83,-0.1015,0.0784,-0.0047,766.6815,771.4302,746.4931,781.8823
14,-8.418,3.755,9.85,0.863,1.373,1.349,1.163,-1.613,-0.121,-0.592,-0.016,-6.87,-5.74,179.75,-0.0857,0.0775,-0.0046,767.5983,771.9966,745.3821,781.6589
14,-8.320,3.667,9.90,0.863,1.373,1.344,1.145,-1.614,-0.134,-0.577,-0.016,-7.05,-5.56,179.69,-0.0776,0.0778,-0.0026,768.0909,772.6514,744.5912,781.3832
14,-8.216,3.572,9.95,0.863,1.373,1.330,1.109,-1.614,-0.160,-0.543,-0.014,-7.30,-5.30,179.63,-0.0645,0.0757,-0.0007,769.0479,772.5728,743.7898,781.1199
15,0.336,2.674,0.00,0.863,1.373,0.963,1.712,-1.596,-0.128,0.245,0.007,2.37,-2.81,-179.75,-0.0006,0.0345,-0.0061,763.0370,775.3284,764.4235,775.6278
15,0.391,2.717,0.05,0.863,1.373,0.963,1.712,-1.596,-0.128,0.245,0.007,2.37,-2.81,-179.75,-0.0006,0.0345,-0.0061,763.0370,775.3284,764.4235,775.6278
15,0.446,2.761,0.10,0.863,1.373,0.954,1.723,-1.596,-0.131,0.213,0.006,2.37,-2.71,-179.76,-0.0064,0.0348,-0.0075,762.8461,775.5226,764.2110,775.5338
15,0.501,2.807,0.15,0.863,1.373,0.950,1.727,-1.596,-0.132,0.197,0.006,2.34,-2.61,-179.77,-0.0128,0.0323,-0.0087,762.9022,775.5482,764.4226,774.9479
15,0.555,2.854,0.20,0.863,1.373,0.941,1.735,-1.596,-0.133,0.167,0.005,2.31,-2.52,-179.79,-0.0176,0.0306,-0.0074,762.9554,775.6767,764.3890,774.5839
15,0.608,2.903,0.25,0.863,1.373,0.936,1.738,-1.596,-0.133,0.148,0.005,2.25,-2.43,-179.81,-0.0226,0.0295,-0.0087,763.1391,775.6998,764.3398,774.2070
15,0.661,2.952,0.30,0.863,1.373,0.928,1.742,-1.596,-0.132,0.119,0.005,2.19,-2.35,-179.83,-0.0256,0.0273,-0.0075,763.1165,775.8743,764.1677,773.9011
15,0.713,3.003,0.35,0.863,1.373,0.924,1.744,-1.596,-0.131,0.105,0.005,2.11,-2.27,-179.85,-0.0283,0.0258,-0.0076,763.1577,776.0330,763.8881,773.6401
15,0.764,3.055,0.40,0.863,1.373,0.917,1.746,-1.596,-0.129,0.079,0.004,2.04,-2.20,-179.88,-0.0314,0.0234,-0.0076,763.1070,776.2531,763.8645,773.2537
15,0.814,3.108,0.45,0.863,1.373,0.913,1.746,-1.596,-0.126,0.063,0.004,1.94,-2.13,-179.90,-0.0330,0.0209,-0.0067,763.0779,776.4367,763.4536,773.1118
15,0.864,3.162,0.50,0.863,1.373,0.906,1.746,-1.597,-0.122,0.039,0.004,1.85,-2.08,-179.93,-0.0348,0.0169,-0.0069,763.3521,776.3364,763.6942,772.4076
15,0.912,3.217,0.55,0.863,1.373,0.903,1.745,-1.597,-0.120,0.028,0.004,1.75,-2.03,-179.95,-0.0354,0.0151,-0.0055,763.3662,776.3748,763.4658,772.2649
15,0.959,3.273,0.60,0.863,1.373,0.897,1.744,-1.597,-0.115,0.007,0.004,1.65,-1.99,-179.98,-0.0360,0.0121,-0.0047,763.4843,776.2527,763.7281,771.5568
15,1.006,3.330,0.65,0.863,1.373,0.894,1.742,-1.598,-0.112,-0.005,0.004,1.55,-1.95,-180.00,-0.0354,0.0106,-0.0036,763.2557,776.4143,763.4468,771.4125
15,1.051,3.387,0.70,0.863,1.373,0.888,1.739,-1.599,-0.107,-0.022,0.004,1.46,-1.92,179.98,-0.0331,0.0086,-0.0023,763.3789,776.1664,763.3149,771.2281
15,1.094,3.444,0.75,0.863,1.373,0.886,1.738,-1.599,-0.104,-0.029,0.004,1.36,-1.90,179.96,-0.0332,0.0071,-0.0021,763.1858,776.2545,763.5062,770.6365
15,1.136,3.502,0.80,0.863,1.373,0.880,1.734,-1.601,-0.099,-0.044,0.005,1.27,-1.88,179.94,-0.0306,0.0069,0.0002,763.1002,776.3436,763.2819,770.8144
15,1.177,3.561,0.85,0.863,1.373,0.877,1.732,-1.601,-0.096,-0.052,0.005,1.18,-1.86,179.93,-0.0289,0.0058,0.0006,763.2686,776.2006,763.4419,770.6509
15,1.217,3.620,0.90,0.863,1.373,0.872,1.727,-1.602,-0.091,-0.064,0.006,1.11,-1.84,179.92,-0.0270,0.0060,0.0005,763.2750,776.1118,763.5117,770.5622
15,1.255,3.679,0.95,0.863,1.373,0.869,1.725,-1.602,-0.089,-0.069,0.006,1.03,-1.82,179.90,-0.0258,0.0064,0.0023,763.2819,776.0247,763.6999,770.4503
15,1.291,3.738,1.00,0.863,1.373,0.821,1.615,-1.594,-0.014,-0.099,-0.004,0.14,-1.71,-179.88,0.0044,-0.0013,-0.0012,763.0980,774.5441,767.1235,772.5207
15,1.326,3.798,1.05,0.863,1.373,0.821,1.615,-1.594,-0.014,-0.099,-0.004,0.14,-1.71,-179.88,0.0044,-0.0013,-0.0012,763.0980,774.5441,767.1235,772.5207
15,1.359,3.857,1.10,0.863,1.373,0.819,1.610,-1.593,-0.012,-0.096,-0.005,0.15,-1.71,-179.88,0.0044,0.0002,-0.0021,763.0525,774.7980,766.8992,772.6006
15,1.391,3.916,1.15,0.863,1.373,0.819,1.608,-1.593,-0.011,-0.095,-0.005,0.17,-1.71,-179.89,0.0033,0.0023,-0.0026,763.1794,774.9297,766.7324,772.5971
15,1.420,3.975,1.20,0.863,1.373,0.817,1.602,-1.592,-0.008,-0.092,-0.006,0.17,-1.71,-179.90,0.0015,0.0019,-0.0033,763.2250,775.3048,766.6578,772.5392
15,1.448,4.034,1.25,0.863,1.373,0.817,1.600,-1.592,-0.006,-0.091,-0.006,0.17,-1.70,-179.91,0.0004,0.0026,-0.0022,763.3856,775.5075,766.5280,772.3617
15,1.474,4.093,1.30,0.863,1.373,0.815,1.595,-1.592,-0.003,-0.088,-0.006,0.17,-1.69,-179.92,-0.0006,0.0010,-0.0029,763.2256,775.8224,766.4258,772.4089
15,1.499,4.151,1.35,0.863,1.373,0.815,1.592,-1.591,-0.001,-0.086,-0.007,0.17,-1.69,-179.93,-0.0013,0.0009,-0.0029,763.1218,776.1603,766.1470,772.4818
15,1.521,4.209,1.40,0.863,1.373,0.814,1.587,-1.591,0.004,-0.082,-0.007,0.17,-1.69,-179.94,-0.0013,-0.0008,-0.0031,763.0328,776.4314,766.2816,772.0829
15,1.541,4.266,1.45,0.863,1.373,0.814,1.584,-1.591,0.006,-0.081,-0.008,0.17,-1.70,-179.96,-0.0010,-0.0021,-0.0028,763.0735,776.5826,766.1816,771.8595
15,1.560,4.322,1.50,0.863,1.373,0.814,1.579,-1.591,0.011,-0.077,-0.008,0.16,-1.70,-179.96,-0.0015,-0.0034,-0.0030,762.8386,776.9117,765.8987,772.0060
15,1.576,4.378,1.55,0.863,1.373,0.814,1.577,-1.591,0.013,-0.075,-0.009,0.16,-1.72,-179.97,-0.0011,-0.0049,-0.0024,762.9406,776.7607,765.9536,771.8669
15,1.591,4.433,1.60,0.863,1.373,0.815,1.571,-1.591,0.019,-0.071,-0.009,0.16,-1.73,-179.98,-0.0010,-0.0055,-0.0031,763.0734,776.6177,766.0377,771.5397
15,1.603,4.487,1.65,0.863,1.373,0.815,1.568,-1.591,0.022,-0.070,-0.009,0.16,-1.76,-179.99,-0.0005,-0.0086,-0.0015,762.6198,776.9917,765.9956,771.3313
15,1.614,4.540,1.70,0.863,1.373,0.816,1.563,-1.591,0.027,-0.066,-0.010,0.16,-1.78,-179.99,0.0007,-0.0106,-0.0020,762.5728,776.7675,765.6746,771.4607
15,1.622,4.592,1.75,0.863,1.373,0.817,1.561,-1.592,0.029,-0.064,-0.010,0.16,-1.82,-179.99,0.0004,-0.0109,-0.0010,762.5494,776.4879,765.7409,771.0757
15,1.628,4.643,1.80,0.863,1.373,0.818,1.555,-1.593,0.035,-0.059,-0.010,0.17,-1.85,-180.00,0.0009,-0.0124,-0.0006,761.8493,776.8145,765.3817,771.1373
15,1.633,4.693,1.85,0.863,1.373,0.819,1.553,-1.593,0.037,-0.057,-0.010,0.17,-1.88,-180.00,0.0014,-0.0132,-0.0011,761.7149,776.6267,765.6677,770.5955
15,1.635,4.741,1.90,0.863,1.373,0.822,1.548,-1.594,0.042,-0.053,-0.010,0.17,-1.92,-180.00,0.0016,-0.0138,-0.0005,761.5784,776.4216,765.3571,770.5941
15,1.635,4.789,1.95,0.863,1.373,0.823,1.546,-1.595,0.044,-0.050,-0.010,0.18,-1.96,-180.00,0.0021,-0.0141,-0.0004,761.2519,776.4591,765.2633,770.5049
15,1.633,4.835,2.00,0.863,1.373,0.888,1.534,-1.606,0.037,-0.001,0.004,0.89,-2.83,-179.99,0.0078,0.0022,-0.0005,761.5610,777.8112,766.4794,771.5763
15,1.629,4.879,2.05,0.863,1.373,0.888,1.534,-1.606,0.037,-0.001,0.004,0.89,-2.83,-179.99,0.0078,0.0022,-0.0005,761.5610,777.8112,766.4794,771.5763
15,1.623,4.922,2.10,0.863,1.373,0.888,1.534,-1.605,0.035,-0.002,0.003,0.91,-2.82,-179.99,0.0056,0.0037,-0.0014,761.5083,777.6747,766.5338,771.3100
15,1.615,4.963,2.15,0.863,1.373,0.888,1.533,-1.605,0.030,-0.004,0.003,0.93,-2.81,-179.99,0.0033,0.0071,-0.0000,761.0723,777.8395,766.1147,771.5394
15,1.604,5.003,2.20,0.863,1.373,0.887,1.533,-1.605,0.028,-0.005,0.002,0.93,-2.79,-179.99,0.0023,0.0080,-0.0000,760.9149,777.7839,766.3307,771.1486
15,1.592,5.041,2.25,0.863,1.373,0.885,1.532,-1.605,0.024,-0.006,0.001,0.94,-2.77,-179.99,0.0003,0.0103,-0.0003,760.7165,777.7408,765.9786,771.2785
15,1.578,5.078,2.30,0.863,1.373,0.885,1.532,-1.605,0.023,-0.007,0.001,0.94,-2.74,-179.99,-0.0004,0.0104,-0.0005,760.2913,778.1055,766.0311,771.0742
15,1.561,5.112,2.35,0.863,1.373,0.883,1.531,-1.605,0.021,-0.008,0.001,0.94,-2.71,-179.99,0.0003,0.0105,-0.0005,759.8873,778.3369,765.4627,771.3724
15,1.543,5.145,2.40,0.863,1.373,0.883,1.530,-1.605,0.021,-0.009,0.000,0.94,-2.68,-179.99,-0.0011,0.0092,-0.0014,759.9501,778.0567,765.4352,771.0622
15,1.523,5.176,2.45,0.863,1.373,0.882,1.529,-1.605,0.022,-0.009,0.000,0.94,-2.66,-179.99,-0.0012,0.0079,-0.0005,759.5242,778.2403,765.1039,771.0634
15,1.501,5.205,2.50,0.863,1.373,0.881,1.528,-1.605,0.022,-0.010,0.000,0.94,-2.64,-179.99,-0.0005,0.0051,-0.0005,759.4163,778.3261,765.1411,771.0788
15,1.476,5.232,2.55,0.863,1.373,0.881,1.527,-1.605,0.024,-0.011,0.000,0.93,-2.63,-179.99,0.0001,0.0026,-0.0005,759.4089,778.2647,765.5381,770.7200
15,1.451,5.257,2.60,0.863,1.373,0.881,1.526,-1.605,0.025,-0.012,0.000,0.93,-2.63,-179.99,-0.0016,-0.0001,0.0003,759.3529,778.3076,765.2896,771.0714
15,1.423,5.280,2.65,0.863,1.373,0.881,1.524,-1.606,0.027,-0.013,0.000,0.93,-2.63,-179.99,-0.0005,-0.0014,-0.0005,759.1993,778.4294,765.1616,771.0240
15,1.393,5.301,2.70,0.863,1.373,0.881,1.523,-1.606,0.028,-0.013,0.000,0.93,-2.64,-180.00,-0.0019,-0.0027,-0.0010,759.2189,778.4255,765.1500,770.8896
15,1.362,5.320,2.75,0.863,1.373,0.882,1.520,-1.606,0.032,-0.014,0.001,0.93,-2.65,-180.00,-0.0022,-0.0064,0.0001,759.2008,778.5170,765.3262,770.7300
15,1.329,5.337,2.80,0.863,1.373,0.882,1.519,-1.606,0.033,-0.015,0.001,0.92,-2.67,180.00,-0.0034,-0.0085,-0.0003,758.9993,778.8077,764.9486,771.0855
15,1.294,5.352,2.85,0.863,1.373,0.883,1.517,-1.606,0.037,-0.015,0.001,0.92,-2.69,179.99,-0.0023,-0.0080,-0.0009,758.7286,779.0179,764.6953,771.0927
15,1.258,5.365,2.90,0.863,1.373,0.884,1.516,-1.607,0.038,-0.015,0.000,0.91,-2.72,179.99,-0.0021,-0.0105,-0.0008,759.0018,778.6076,765.0156,770.5428
15,1.220,5.375,2.95,0.863,1.373,0.886,1.515,-1.608,0.042,-0.015,0.001,0.91,-2.75,179.99,-0.0019,-0.0123,-0.0003,758.6059,778.8636,764.6841,770.7133
15,1.181,5.383,3.00,0.863,1.373,0.933,1.526,-1.610,0.035,-0.018,0.005,1.34,-3.48,-179.94,0.0004,-0.0061,-0.0010,758.3635,779.4922,765.6713,771.4282
15,1.140,5.389,3.05,0.863,1.373,0.933,1.526,-1.610,0.035,-0.018,0.005,1.34,-3.48,-179.94,0.0004,-0.0061,-0.0010,758.3635,779.4922,765.6713,771.4282
15,1.098,5.393,3.10,0.863,1.373,0.934,1.525,-1.610,0.034,-0.020,0.005,1.34,-3.49,-179.94,0.0007,-0.0045,-0.0015,758.2991,779.6371,765.5175,771.7806
15,1.054,5.395,3.15,0.863,1.373,0.935,1.524,-1.609,0.031,-0.024,0.004,1.34,-3.50,-179.93,-0.0019,-0.0030,-0.0021,758.2717,779.8381,765.6428,771.7993
15,1.009,5.394,3.20,0.863,1.373,0.936,1.523,-1.608,0.029,-0.026,0.004,1.33,-3.51,-179.93,-0.0030,-0.0017,-0.0019,758.3361,779.9174,765.3587,772.1499
15,0.963,5.391,3.25,0.863,1.373,0.937,1.521,-1.607,0.027,-0.029,0.003,1.33,-3.51,-179.93,-0.0038,-0.0011,-0.0025,758.1504,779.9396,765.2925,772.1648
15,0.916,5.386,3.30,0.863,1.373,0.937,1.520,-1.607,0.026,-0.031,0.003,1.32,-3.51,-179.93,-0.0055,0.0014,-0.0033,757.8953,780.2681,764.9669,772.3701
15,0.868,5.379,3.35,0.863,1.373,0.939,1.517,-1.606,0.024,-0.035,0.002,1.30,-3.52,-179.93,-0.0069,-0.0012,-0.0037,758.1132,779.8729,765.1229,771.9631
15,0.819,5.370,3.40,0.863,1.373,0.939,1.516,-1.606,0.023,-0.037,0.001,1.28,-3.52,-179.93,-0.0074,-0.0013,-0.0038,757.6936,780.1233,764.7067,772.0014
15,0.768,5.358,3.45,0.863,1.373,0.940,1.514,-1.606,0.022,-0.040,0.000,1.26,-3.52,-179.93,-0.0091,-0.0014,-0.0037,757.8401,779.9697,764.5953,771.8945
15,0.717,5.345,3.50,0.863,1.373,0.941,1.513,-1.606,0.021,-0.041,0.000,1.23,-3.53,-179.93,-0.0095,-0.0026,-0.0032,757.7450,779.8840,764.5709,771.7793
15,0.665,5.329,3.55,0.863,1.373,0.942,1.511,-1.606,0.020,-0.043,-0.001,1.21,-3.53,-179.93,-0.0075,-0.0037,-0.0040,757.7324,779.8326,764.4309,771.5856
15,0.613,5.311,3.60,0.863,1.373,0.942,1.510,-1.606,0.019,-0.044,-0.001,1.19,-3.54,-179.93,-0.0072,-0.0032,-0.0044,757.6802,779.7698,764.2600,771.5192
15,0.559,5.291,3.65,0.863,1.373,0.943,1.508,-1.606,0.018,-0.046,-0.001,1.17,-3.55,-179.93,-0.0065,-0.0037,-0.0042,757.5718,779.8366,764.0927,771.5430
15,0.505,5.269,3.70,0.863,1.373,0.944,1.507,-1.606,0.018,-0.047,-0.001,1.15,-3.56,-179.94,-0.0063,-0.0029,-0.0045,757.5442,779.7996,763.9441,771.4235
15,0.451,5.244,3.75,0.863,1.373,0.944,1.504,-1.606,0.017,-0.049,-0.001,1.13,-3.57,-179.94,-0.0060,-0.0039,-0.0042,757.3889,779.7405,763.8412,771.1214
15,0.396,5.218,3.80,0.863,1.373,0.944,1.503,-1.607,0.016,-0.049,-0.001,1.12,-3.58,-179.94,-0.0069,-0.0043,-0.0046,757.2375,779.8583,763.7739,771.0529
15,0.341,5.190,3.85,0.863,1.373,0.945,1.500,-1.607,0.015,-0.051,-0.001,1.10,-3.59,-179.95,-0.0066,-0.0028,-0.0044,757.1793,779.8203,763.6292,771.0483
15,0.285,5.160,3.90,0.863,1.373,0.945,1.499,-1.607,0.014,-0.051,-0.001,1.08,-3.60,-179.95,-0.0057,-0.0021,-0.0042,757.4067,779.5965,763.6135,771.0408
15,0.229,5.128,3.95,0.863,1.373,0.945,1.496,-1.607,0.013,-0.052,-0.000,1.07,-3.60,-179.95,-0.0059,-0.0016,-0.0031,757.1118,780.1104,763.3148,771.5881
15,0.174,5.094,4.00,0.863,1.373,0.962,1.456,-1.607,0.005,-0.047,0.001,0.85,-3.88,-179.95,-0.0035,-0.0071,-0.0021,757.0385,780.3715,763.0514,772.0207
15,0.118,5.059,4.05,0.863,1.373,0.962,1.456,-1.607,0.005,-0.047,0.001,0.85,-3.88,-179.95,-0.0035,-0.0071,-0.0021,757.0385,780.3715,763.0514,772.0207
15,0.062,5.021,4.10,0.863,1.373,0.964,1.453,-1.607,0.004,-0.046,0.001,0.84,-3.89,-179.94,-0.0040,-0.0076,-0.0030,757.3795,779.9465,763.3936,771.7416
15,0.006,4.982,4.15,0.863,1.373,0.965,1.452,-1.607,0.003,-0.046,0.001,0.83,-3.92,-179.94,-0.0030,-0.0075,-0.0038,757.3058,780.0706,763.3541,771.9490
15,-0.050,4.942,4.20,0.863,1.373,0.967,1.449,-1.607,0.002,-0.046,0.001,0.83,-3.93,-179.94,-0.0014,-0.0072,-0.0029,757.6210,779.9484,763.2073,772.1754
15,-0.105,4.900,4.25,0.863,1.373,0.968,1.448,-1.607,0.001,-0.046,0.001,0.82,-3.96,-179.94,-0.0022,-0.0077,-0.0027,757.6783,780.0303,763.2648,772.3923
15,-0.160,4.856,4.30,0.863,1.373,0.969,1.445,-1.606,-0.001,-0.047,0.001,0.82,-3.97,-179.94,-0.0032,-0.0060,-0.0031,757.4620,780.3784,762.8196,773.0703
15,-0.215,4.811,4.35,0.863,1.373,0.970,1.444,-1.606,-0.002,-0.047,0.001,0.81,-3.99,-179.93,-0.0025,-0.0046,-0.0037,757.8545,780.1625,763.3208,772.8167
15,-0.269,4.764,4.40,0.863,1.373,0.970,1.442,-1.605,-0.005,-0.048,0.001,0.81,-4.00,-179.93,-0.0044,-0.0030,-0.0031,758.3685,779.8503,763.5163,772.8270
15,-0.323,4.716,4.45,0.863,1.373,0.971,1.441,-1.604,-0.007,-0.048,0.000,0.80,-4.01,-179.93,-0.0037,-0.0028,-0.0030,758.4387,780.0568,763.4423,773.2589
15,-0.376,4.667,4.50,0.863,1.373,0.970,1.438,-1.603,-0.011,-0.050,-0.000,0.79,-4.01,-179.93,-0.0046,-0.0008,-0.0035,758.3535,780.3717,763.6071,773.2914
15,-0.428,4.616,4.55,0.863,1.373,0.970,1.437,-1.602,-0.013,-0.050,-0.001,0.77,-4.01,-179.93,-0.0053,0.0022,-0.0027,758.5132,780.2219,763.5585,773.3018
15,-0.480,4.565,4.60,0.863,1.373,0.968,1.435,-1.602,-0.017,-0.051,-0.001,0.76,-4.01,-179.92,-0.0048,0.0032,-0.0041,758.7012,779.9670,763.4462,773.3181
15,-0.531,4.512,4.65,0.863,1.373,0.967,1.434,-1.602,-0.019,-0.052,-0.002,0.74,-4.00,-179.92,-0.0066,0.0053,-0.0037,758.5593,779.9328,763.1893,773.3987
15,-0.581,4.459,4.70,0.863,1.373,0.964,1.432,-1.602,-0.024,-0.053,-0.003,0.72,-3.98,-179.92,-0.0066,0.0074,-0.0039,758.0519,780.0720,762.7161,773.5613
15,-0.629,4.404,4.75,0.863,1.373,0.963,1.431,-1.602,-0.026,-0.053,-0.003,0.70,-3.95,-179.92,-0.0061,0.0097,-0.0039,758.1230,779.7107,762.9659,773.0238
15,-0.677,4.349,4.80,0.863,1.373,0.960,1.429,-1.602,-0.030,-0.054,-0.003,0.68,-3.93,-179.92,-0.0061,0.0105,-0.0037,757.6516,779.9421,762.3805,773.4841
15,-0.724,4.293,4.85,0.863,1.373,0.958,1.428,-1.602,-0.031,-0.055,-0.003,0.66,-3.89,-179.92,-0.0085,0.0117,-0.0031,757.8954,779.4999,762.4747,773.1745
15,-0.769,4.236,4.90,0.863,1.373,0.954,1.425,-1.602,-0.035,-0.056,-0.003,0.64,-3.86,-179.92,-0.0075,0.0121,-0.0045,758.2090,778.8944,762.3896,772.9994
15,-0.814,4.179,4.95,0.863,1.373,0.952,1.423,-1.603,-0.037,-0.057,-0.003,0.62,-3.82,-179.92,-0.0079,0.0124,-0.0047,757.5088,779.4540,762.0486,773.1085
15,-0.857,4.121,5.00,0.863,1.373,0.864,1.354,-1.608,-0.019,-0.043,0.004,-0.09,-3.11,179.98,-0.0040,0.0016,0.0010,758.6530,779.0594,761.7139,773.2957
15,-0.898,4.062,5.05,0.863,1.373,0.864,1.354,-1.608,-0.019,-0.043,0.004,-0.09,-3.11,179.98,-0.0040,0.0016,0.0010,758.6530,779.0594,761.7139,773.2957
15,-0.938,4.004,5.10,0.863,1.373,0.862,1.352,-1.608,-0.016,-0.040,0.004,-0.11,-3.11,179.99,-0.0017,0.0019,0.0001,758.3813,779.3162,761.5914,773.4617
15,-0.977,3.944,5.15,0.863,1.373,0.859,1.351,-1.607,-0.012,-0.036,0.004,-0.11,-3.11,179.99,0.0009,-0.0007,0.0013,758.7841,779.0679,761.7015,773.5911
15,-1.014,3.885,5.20,0.863,1.373,0.858,1.350,-1.607,-0.010,-0.035,0.004,-0.10,-3.11,179.99,0.0040,-0.0001,0.0010,759.0681,779.0034,761.7385,773.8209
15,-1.050,3.826,5.25,0.863,1.373,0.856,1.348,-1.607,-0.007,-0.032,0.004,-0.09,-3.11,179.99,0.0037,-0.0024,0.0004,759.4778,778.7695,761.8806,774.0020
15,-1.084,3.767,5.30,0.863,1.373,0.855,1.347,-1.606,-0.005,-0.031,0.004,-0.08,-3.12,180.00,0.0053,-0.0023,0.0009,759.7385,778.6476,761.7328,774.3231
15,-1.116,3.707,5.35,0.863,1.373,0.854,1.346,-1.605,-0.002,-0.030,0.004,-0.07,-3.13,180.00,0.0045,-0.0023,0.0002,760.1248,778.6088,762.1622,774.3683
15,-1.146,3.648,5.40,0.863,1.373,0.854,1.345,-1.605,-0.001,-0.029,0.004,-0.05,-3.14,-180.00,0.0035,-0.0021,0.0011,760.2805,778.5693,761.9138,774.8707
15,-1.175,3.589,5.45,0.863,1.373,0.853,1.344,-1.603,0.001,-0.029,0.003,-0.05,-3.14,-180.00,0.0011,-0.0031,0.0008,760.6658,778.3931,762.2991,774.9249
15,-1.202,3.530,5.50,0.863,1.373,0.852,1.343,-1.603,0.002,-0.029,0.003,-0.05,-3.15,-179.99,-0.0002,-0.0022,0.0010,760.9521,778.2541,762.1595,775.3132
15,-1.227,3.472,5.55,0.863,1.373,0.852,1.341,-1.602,0.003,-0.030,0.002,-0.05,-3.16,-179.99,-0.0017,-0.0035,0.0016,760.8802,778.4683,762.4851,775.1352
15,-1.250,3.414,5.60,0.863,1.373,0.852,1.341,-1.601,0.004,-0.030,0.001,-0.06,-3.17,-179.99,-0.0039,-0.0027,0.0005,760.8936,778.5261,762.0956,775.6693
15,-1.272,3.357,5.65,0.863,1.373,0.852,1.339,-1.600,0.005,-0.031,0.000,-0.07,-3.17,-179.99,-0.0057,-0.0021,-0.0000,760.8781,778.5552,762.2966,775.5225
15,-1.291,3.300,5.70,0.863,1.373,0.853,1.338,-1.600,0.006,-0.032,-0.000,-0.09,-3.18,-179.99,-0.0065,-0.0023,0.0005,761.4225,778.0670,762.5197,775.4259
15,-1.308,3.244,5.75,0.863,1.373,0.853,1.337,-1.599,0.007,-0.033,-0.002,-0.11,-3.18,-179.98,-0.0073,-0.0022,-0.0000,761.5635,777.9136,762.6711,775.2761
15,-1.324,3.189,5.80,0.863,1.373,0.854,1.336,-1.599,0.008,-0.034,-0.002,-0.13,-3.19,-179.98,-0.0091,-0.0040,-0.0002,761.3721,778.0297,762.2203,775.6845
15,-1.337,3.134,5.85,0.863,1.373,0.856,1.334,-1.598,0.009,-0.035,-0.003,-0.15,-3.20,-179.98,-0.0096,-0.0049,-0.0002,761.3391,777.9438,762.4417,775.3965
15,-1.349,3.081,5.90,0.863,1.373,0.857,1.334,-1.598,0.010,-0.035,-0.004,-0.19,-3.22,-179.98,-0.0096,-0.0049,0.0004,761.3843,777.7936,762.1541,775.6382
15,-1.358,3.028,5.95,0.863,1.373,0.859,1.332,-1.597,0.010,-0.036,-0.005,-0.21,-3.23,-179.98,-0.0103,-0.0049,0.0002,761.3174,777.5782,762.2619,775.2786
15,-1.365,2.976,6.00,0.863,1.373,0.860,1.305,-1.601,-0.021,-0.018,-0.004,-0.69,-3.06,-179.99,-0.0015,0.0091,-0.0004,761.3536,776.2757,760.6433,775.0177
15,-1.370,2.926,6.05,0.863,1.373,0.860,1.305,-1.601,-0.021,-0.018,-0.004,-0.69,-3.06,-179.99,-0.0015,0.0091,-0.0004,761.3536,776.2757,760.6433,775.0177
15,-1.374,2.877,6.10,0.863,1.373,0.859,1.305,-1.601,-0.022,-0.017,-0.004,-0.70,-3.04,-179.99,-0.0009,0.0082,-0.0008,761.5317,776.2155,761.0319,774.6965
15,-1.375,2.829,6.15,0.863,1.373,0.857,1.305,-1.601,-0.023,-0.014,-0.003,-0.70,-3.01,-179.99,0.0021,0.0070,-0.0004,762.0939,775.7122,761.2052,774.6757
15,-1.374,2.783,6.20,0.863,1.373,0.856,1.305,-1.601,-0.024,-0.013,-0.003,-0.69,-2.99,-179.99,0.0032,0.0070,-0.0000,762.3792,775.5931,761.4191,774.6372
15,-1.370,2.738,6.25,0.863,1.373,0.853,1.306,-1.601,-0.026,-0.010,-0.003,-0.68,-2.97,-179.99,0.0056,0.0083,0.0001,762.4873,775.6149,761.1360,775.0992
15,-1.365,2.694,6.30,0.863,1.373,0.852,1.306,-1.601,-0.027,-0.009,-0.002,-0.67,-2.95,-179.99,0.0048,0.0099,-0.0003,762.4638,775.7383,761.3375,775.1225
15,-1.358,2.652,6.35,0.863,1.373,0.849,1.307,-1.600,-0.029,-0.008,-0.002,-0.66,-2.93,-179.99,0.0048,0.0100,0.0003,762.8586,775.5350,761.5795,775.1869
15,-1.349,2.611,6.40,0.863,1.373,0.847,1.307,-1.600,-0.031,-0.008,-0.002,-0.64,-2.89,-179.99,0.0048,0.0115,0.0001,763.2343,775.2205,761.5664,775.3708
15,-1.337,2.572,6.45,0.863,1.373,0.844,1.307,-1.600,-0.033,-0.007,-0.002,-0.63,-2.86,-179.99,0.0037,0.0129,0.0006,763.2887,775.3548,761.6478,775.4824
15,-1.324,2.535,6.50,0.863,1.373,0.841,1.307,-1.599,-0.035,-0.008,-0.002,-0.62,-2.82,-179.99,0.0011,0.0139,0.0010,763.6118,775.3309,762.0892,775.4290
15,-1.308,2.500,6.55,0.863,1.373,0.838,1.307,-1.598,-0.037,-0.008,-0.003,-0.62,-2.78,-179.98,-0.0011,0.0151,0.0002,763.4442,775.5267,762.0014,775.6570
15,-1.291,2.466,6.60,0.863,1.373,0.836,1.307,-1.598,-0.039,-0.008,-0.003,-0.62,-2.74,-179.98,-0.0007,0.0165,0.0005,763.8140,775.1907,761.8871,775.7718
15,-1.272,2.434,6.65,0.863,1.373,0.832,1.307,-1.597,-0.041,-0.009,-0.003,-0.63,-2.70,-179.98,-0.0021,0.0161,0.0004,764.0881,774.9459,762.1335,775.5945
15,-1.250,2.404,6.70,0.863,1.373,0.830,1.307,-1.597,-0.042,-0.009,-0.004,-0.64,-2.65,-179.98,-0.0035,0.0171,0.0013,763.9189,775.0621,761.9062,775.7899
15,-1.227,2.376,6.75,0.863,1.373,0.826,1.307,-1.596,-0.044,-0.010,-0.004,-0.65,-2.60,-179.98,-0.0040,0.0176,0.0006,764.1281,774.9460,761.9990,775.7846
15,-1.202,2.350,6.80,0.863,1.373,0.824,1.307,-1.596,-0.044,-0.011,-0.005,-0.66,-2.55,-179.98,-0.0048,0.0179,0.0010,764.0062,775.0028,761.8677,775.9147
15,-1.175,2.326,6.85,0.863,1.373,0.819,1.307,-1.595,-0.046,-0.012,-0.005,-0.68,-2.50,-179.98,-0.0069,0.0182,-0.0002,764.0889,774.9924,762.0962,775.8790
15,-1.146,2.304,6.90,0.863,1.373,0.817,1.307,-1.595,-0.046,-0.012,-0.005,-0.70,-2.45,-179.98,-0.0073,0.0178,0.0005,764.0605,775.1320,762.2464,775.7557
15,-1.116,2.284,6.95,0.863,1.373,0.813,1.307,-1.594,-0.046,-0.013,-0.006,-0.72,-2.41,-179.98,-0.0075,0.0168,0.0010,764.0949,775.0176,762.3519,775.5726
15,-1.084,2.266,7.00,0.863,1.373,0.782,1.292,-1.593,-0.005,-0.007,-0.015,-1.11,-2.00,-179.98,-0.0041,-0.0021,-0.0002,763.7026,773.1255,761.2894,774.5962
15,-1.050,2.251,7.05,0.863,1.373,0.782,1.292,-1.593,-0.005,-0.007,-0.015,-1.11,-2.00,-179.98,-0.0041,-0.0021,-0.0002,763.7026,773.1255,761.2894,774.5962
15,-1.014,2.237,7.10,0.863,1.373,0.782,1.292,-1.593,-0.004,-0.005,-0.014,-1.12,-2.01,-179.98,-0.0029,-0.0040,-0.0008,763.6494,772.7137,761.2657,774.1539
15,-0.977,2.226,7.15,0.863,1.373,0.783,1.292,-1.595,-0.002,-0.002,-0.013,-1.13,-2.02,-179.98,0.0003,-0.0048,-0.0006,763.7131,772.3740,761.0443,774.0331
15,-0.938,2.217,7.20,0.863,1.373,0.783,1.293,-1.596,-0.001,0.000,-0.012,-1.13,-2.03,-179.98,0.0019,-0.0041,0.0005,763.5170,772.3817,761.3418,773.5758
15,-0.898,2.209,7.25,0.863,1.373,0.783,1.294,-1.598,0.000,0.005,-0.011,-1.12,-2.05,-179.98,0.0039,-0.0042,-0.0009,763.7455,771.9405,761.3500,773.3615
15,-0.857,2.205,7.30,0.863,1.373,0.783,1.295,-1.599,0.001,0.007,-0.010,-1.11,-2.05,-179.98,0.0058,-0.0032,-0.0002,763.8638,771.8165,761.1100,773.4150
15,-0.814,2.202,7.35,0.863,1.373,0.784,1.297,-1.600,0.001,0.010,-0.009,-1.09,-2.06,-179.98,0.0072,-0.0024,-0.0001,763.8627,771.5788,761.1910,773.1744
15,-0.770,2.202,7.40,0.863,1.373,0.784,1.298,-1.601,0.002,0.012,-0.008,-1.07,-2.07,-179.98,0.0093,-0.0020,-0.0002,763.6455,771.7748,761.0754,773.2570
15,-0.724,2.203,7.45,0.863,1.373,0.784,1.301,-1.602,0.001,0.016,-0.006,-1.04,-2.07,-179.98,0.0096,-0.0009,-0.0008,763.7208,771.8142,761.2236,773.3637
15,-0.677,2.207,7.50,0.863,1.373,0.784,1.302,-1.603,0.000,0.017,-0.005,-1.02,-2.07,-179.98,0.0104,0.0012,0.0000,764.0568,771.8097,761.6628,773.2063
15,-0.630,2.213,7.55,0.863,1.373,0.784,1.305,-1.603,-0.001,0.020,-0.003,-0.99,-2.06,-179.98,0.0111,0.0028,-0.0004,764.4899,771.7451,761.7743,773.4304
15,-0.581,2.222,7.60,0.863,1.373,0.784,1.306,-1.603,-0.002,0.022,-0.002,-0.96,-2.05,-179.98,0.0116,0.0043,-0.0006,764.5141,771.9354,762.0281,773.4589
15,-0.531,2.232,7.65,0.863,1.373,0.783,1.309,-1.604,-0.004,0.024,-0.001,-0.93,-2.04,-179.98,0.0113,0.0057,-0.0003,764.5361,772.2554,762.0439,773.7313
15,-0.480,2.245,7.70,0.863,1.373,0.783,1.310,-1.604,-0.005,0.025,-0.000,-0.90,-2.03,-179.98,0.0098,0.0070,-0.0003,765.2415,771.8179,762.2565,773.7732
15,-0.429,2.260,7.75,0.863,1.373,0.782,1.312,-1.605,-0.006,0.026,0.000,-0.87,-2.00,-179.98,0.0105,0.0079,0.0004,765.1783,772.0605,762.3972,773.8385
15,-0.376,2.277,7.80,0.863,1.373,0.781,1.313,-1.605,-0.007,0.026,0.001,-0.84,-1.98,-179.98,0.0084,0.0089,0.0002,765.2483,772.1347,762.4883,773.9921
15,-0.323,2.296,7.85,0.863,1.373,0.780,1.314,-1.605,-0.009,0.026,0.001,-0.82,-1.95,-179.98,0.0075,0.0100,0.0006,765.5618,771.9938,762.7738,773.8706
15,-0.270,2.317,7.90,0.863,1.373,0.779,1.315,-1.605,-0.010,0.025,0.002,-0.80,-1.93,-179.98,0.0039,0.0098,0.0009,765.4355,771.9584,762.6658,773.9192
15,-0.215,2.340,7.95,0.863,1.373,0.778,1.316,-1.606,-0.012,0.025,0.002,-0.79,-1.90,-179.98,0.0039,0.0106,0.0005,765.5663,771.8359,762.5723,774.1271
15,-0.161,2.366,8.00,0.863,1.373,0.739,1.339,-1.603,-0.002,0.019,0.001,-0.70,-1.27,-179.98,-0.0000,0.0072,-0.0002,766.3767,772.5405,763.9024,774.4030
15,-0.106,2.393,8.05,0.863,1.373,0.739,1.339,-1.603,-0.002,0.019,0.001,-0.70,-1.27,-179.98,-0.0000,0.0072,-0.0002,766.3767,772.5405,763.9024,774.4030
15,-0.050,2.422,8.10,0.863,1.373,0.739,1.339,-1.602,-0.001,0.018,0.001,-0.70,-1.26,-179.98,0.0011,0.0069,-0.0005,766.0778,772.7830,763.6663,774.6476
15,0.005,2.453,8.15,0.863,1.373,0.738,1.340,-1.602,0.003,0.018,0.001,-0.70,-1.24,-179.99,0.0002,0.0039,-0.0006,766.5876,772.3786,764.1013,774.1843
15,0.061,2.486,8.20,0.863,1.373,0.738,1.340,-1.602,0.005,0.017,0.000,-0.69,-1.23,-179.99,-0.0002,0.0024,0.0005,766.2786,772.7080,763.7156,774.5477
15,0.117,2.521,8.25,0.863,1.373,0.738,1.341,-1.602,0.010,0.016,-0.000,-0.69,-1.23,-179.99,-0.0006,0.0007,-0.0000,766.1870,772.6489,763.6155,774.4965
15,0.173,2.557,8.30,0.863,1.373,0.738,1.341,-1.602,0.012,0.015,-0.000,-0.69,-1.23,-179.99,-0.0009,-0.0017,0.0005,766.1717,772.4468,763.4905,774.5347
15,0.229,2.596,8.35,0.863,1.373,0.739,1.340,-1.602,0.016,0.014,-0.001,-0.70,-1.24,-179.99,-0.0019,-0.0038,-0.0003,765.9175,772.4303,763.6636,774.0704
15,0.285,2.635,8.40,0.863,1.373,0.739,1.340,-1.602,0.019,0.014,-0.001,-0.70,-1.25,-179.99,-0.0022,-0.0050,-0.0001,766.1021,771.9669,763.7991,773.6721
15,0.341,2.677,8.45,0.863,1.373,0.740,1.340,-1.603,0.023,0.012,-0.001,-0.71,-1.26,-179.99,-0.0024,-0.0055,-0.0003,765.9358,772.0270,763.4494,773.7689
15,0.396,2.720,8.50,0.863,1.373,0.741,1.340,-1.603,0.025,0.012,-0.001,-0.72,-1.28,-179.99,-0.0026,-0.0073,-0.0001,765.9924,771.7768,763.5304,773.5351
15,0.451,2.765,8.55,0.863,1.373,0.742,1.339,-1.604,0.029,0.012,-0.001,-0.73,-1.30,-179.99,-0.0042,-0.0074,-0.0001,765.7606,771.9412,763.3355,773.6862
15,0.505,2.811,8.60,0.863,1.373,0.743,1.339,-1.604,0.030,0.011,-0.001,-0.74,-1.33,-179.99,-0.0028,-0.0091,0.0001,765.7847,771.7985,763.2765,773.6211
15,0.559,2.858,8.65,0.863,1.373,0.745,1.338,-1.605,0.034,0.010,-0.001,-0.75,-1.35,-179.99,-0.0045,-0.0091,0.0001,765.5143,771.8361,763.1903,773.5833
15,0.612,2.906,8.70,0.863,1.373,0.746,1.337,-1.605,0.035,0.010,-0.000,-0.76,-1.38,-179.99,-0.0043,-0.0093,-0.0004,765.7550,771.3857,763.3015,773.4845
15,0.665,2.956,8.75,0.863,1.373,0.748,1.336,-1.606,0.037,0.009,-0.000,-0.77,-1.40,-179.99,-0.0045,-0.0073,-0.0005,765.5359,771.4795,763.1614,773.4503
15,0.717,3.007,8.80,0.863,1.373,0.749,1.335,-1.606,0.038,0.008,0.000,-0.78,-1.42,-179.99,-0.0054,-0.0086,0.0006,765.9052,771.1060,763.4122,773.1218
15,0.768,3.060,8.85,0.863,1.373,0.751,1.334,-1.606,0.040,0.008,0.001,-0.79,-1.44,-179.99,-0.0066,-0.0059,0.0002,765.5276,771.5099,763.2258,773.4097
15,0.818,3.113,8.90,0.863,1.373,0.752,1.333,-1.607,0.041,0.007,0.001,-0.81,-1.46,-179.99,-0.0066,-0.0066,-0.0000,765.8566,771.2206,763.5691,773.1143
15,0.868,3.167,8.95,0.863,1.373,0.753,1.332,-1.607,0.042,0.007,0.001,-0.83,-1.48,-179.99,-0.0064,-0.0059,-0.0001,765.5057,771.6501,763.4847,773.2913
15,0.916,3.222,9.00,0.863,1.373,0.781,1.356,-1.600,0.038,0.019,-0.003,-0.57,-1.54,-179.99,-0.0002,-0.0039,-0.0000,766.6509,772.3873,764.0775,774.4466
15,0.963,3.278,9.05,0.863,1.373,0.781,1.356,-1.600,0.038,0.019,-0.003,-0.57,-1.54,-179.99,-0.0002,-0.0039,-0.0000,766.6509,772.3873,764.0775,774.4466
15,1.009,3.334,9.10,0.863,1.373,0.784,1.356,-1.600,0.038,0.017,-0.003,-0.58,-1.55,-179.99,-0.0024,-0.0038,-0.0005,766.4932,772.2222,763.8593,774.3286
15,1.054,3.391,9.15,0.863,1.373,0.785,1.356,-1.601,0.038,0.016,-0.004,-0.59,-1.56,-179.99,-0.0051,-0.0040,-0.0008,765.8892,772.4076,763.8090,773.8245
15,1.098,3.449,9.20,0.863,1.373,0.788,1.355,-1.601,0.039,0.014,-0.004,-0.61,-1.57,-179.99,-0.0087,-0.0034,-0.0001,765.5924,772.3606,763.7592,773.5123
15,1.140,3.507,9.25,0.863,1.373,0.789,1.354,-1.602,0.040,0.014,-0.004,-0.63,-1.58,-179.99,-0.0102,-0.0046,-0.0004,765.1527,772.5687,763.6588,773.4144
15,1.181,3.566,9.30,0.863,1.373,0.793,1.353,-1.602,0.042,0.013,-0.004,-0.66,-1.59,-179.99,-0.0108,-0.0057,-0.0008,764.8972,772.6329,763.8579,773.1479
15,1.220,3.625,9.35,0.863,1.373,0.794,1.352,-1.602,0.043,0.013,-0.004,-0.69,-1.61,-179.99,-0.0103,-0.0071,-0.0006,764.6870,772.8044,763.7610,773.1660
15,1.258,3.684,9.40,0.863,1.373,0.798,1.350,-1.603,0.046,0.014,-0.003,-0.72,-1.63,-179.99,-0.0119,-0.0089,0.0001,764.2637,773.1693,763.5920,773.2291
15,1.294,3.743,9.45,0.863,1.373,0.800,1.350,-1.603,0.047,0.015,-0.003,-0.75,-1.66,-179.99,-0.0102,-0.0108,-0.0005,764.1324,773.1457,763.6888,772.9686
15,1.329,3.802,9.50,0.863,1.373,0.803,1.348,-1.604,0.050,0.018,-0.003,-0.77,-1.69,-179.99,-0.0079,-0.0120,-0.0004,763.9355,773.3457,763.7812,772.8483
15,1.362,3.862,9.55,0.863,1.373,0.805,1.348,-1.604,0.051,0.020,-0.002,-0.79,-1.73,-179.99,-0.0053,-0.0120,-0.0003,763.9265,773.3169,763.9196,772.6984
15,1.393,3.921,9.60,0.863,1.373,0.809,1.348,-1.605,0.054,0.025,-0.002,-0.80,-1.77,-179.99,-0.0021,-0.0141,-0.0002,763.7952,773.5092,764.2202,772.4207
15,1.423,3.980,9.65,0.863,1.373,0.811,1.348,-1.605,0.055,0.027,-0.002,-0.80,-1.81,-180.00,0.0016,-0.0155,0.0003,763.7716,773.7046,764.2790,772.4718
15,1.450,4.039,9.70,0.863,1.373,0.814,1.349,-1.605,0.056,0.033,-0.001,-0.79,-1.85,-179.99,0.0032,-0.0151,-0.0000,763.6357,773.9290,764.3632,772.6859
15,1.476,4.097,9.75,0.863,1.373,0.815,1.349,-1.604,0.057,0.036,-0.001,-0.78,-1.89,-179.99,0.0080,-0.0128,-0.0005,763.8240,773.9637,764.8207,772.4944
15,1.500,4.156,9.80,0.863,1.373,0.819,1.352,-1.604,0.057,0.044,-0.001,-0.75,-1.93,-179.99,0.0110,-0.0123,-0.0000,763.8183,774.3501,764.8666,772.6623
15,1.523,4.213,9.85,0.863,1.373,0.820,1.353,-1.603,0.057,0.047,-0.001,-0.71,-1.96,-180.00,0.0146,-0.0117,-0.0008,763.9351,774.6420,765.0858,772.7599
15,1.543,4.270,9.90,0.863,1.373,0.823,1.356,-1.602,0.057,0.054,-0.001,-0.66,-1.99,-180.00,0.0187,-0.0107,-0.0014,763.7325,775.2190,764.9807,773.2197
15,1.561,4.327,9.95,0.863,1.373,0.824,1.358,-1.602,0.057,0.058,-0.001,-0.61,-2.02,-180.00,0.0230,-0.0081,-0.0009,763.8481,775.6183,765.3110,773.1178
16,-0.630,-0.406,0.00,0.863,1.373,0.562,1.413,-1.593,-0.017,-0.155,-0.000,2.19,1.54,-120.37,-0.0504,0.0186,-0.0113,774.6385,773.3751,767.4101,763.3783
16,-0.646,-0.411,0.05,0.863,1.373,0.562,1.413,-1.593,-0.017,-0.155,-0.000,2.19,1.54,-120.37,-0.0504,0.0186,-0.0113,774.6385,773.3751,767.4101,763.3783
16,-0.661,-0.417,0.10,0.863,1.373,0.563,1.408,-1.592,-0.005,-0.155,-0.000,2.04,1.59,-120.39,-0.0529,0.0139,-0.0061,774.5405,773.1130,767.5002,763.6484
16,-0.677,-0.424,0.15,0.863,1.373,0.567,1.397,-1.592,0.020,-0.155,-0.001,1.89,1.63,-120.40,-0.0556,0.0098,-0.0041,774.1650,772.7249,767.6237,763.9933
16,-0.693,-0.431,0.20,0.863,1.373,0.569,1.392,-1.592,0.030,-0.154,-0.001,1.73,1.65,-120.40,-0.0588,0.0067,0.0005,773.9670,772.2978,768.0763,764.0614
16,-0.710,-0.439,0.25,0.863,1.373,0.575,1.382,-1.592,0.050,-0.151,-0.002,1.57,1.67,-120.39,-0.0592,0.0035,0.0026,773.4320,771.8762,768.4779,764.4204
16,-0.727,-0.447,0.30,0.863,1.373,0.578,1.377,-1.592,0.059,-0.149,-0.002,1.39,1.67,-120.37,-0.0596,0.0007,0.0067,772.7683,771.4186,768.6633,764.9180
16,-0.744,-0.456,0.35,0.863,1.373,0.586,1.366,-1.593,0.077,-0.144,-0.002,1.23,1.67,-120.35,-0.0582,-0.0023,0.0084,772.5844,770.4723,769.3794,765.0934
16,-0.761,-0.465,0.40,0.863,1.373,0.590,1.361,-1.593,0.085,-0.141,-0.003,1.06,1.67,-120.32,-0.0579,-0.0034,0.0095,771.7528,770.3039,769.6931,765.6240
16,-0.778,-0.475,0.45,0.863,1.373,0.598,1.353,-1.593,0.098,-0.134,-0.003,0.90,1.66,-120.29,-0.0545,-0.0054,0.0112,771.2344,769.8622,770.0831,766.1231
16,-0.796,-0.485,0.50,0.863,1.373,0.602,1.349,-1.593,0.104,-0.130,-0.003,0.74,1.64,-120.25,-0.0512,-0.0089,0.0109,770.6591,769.4091,770.5443,766.4000
16,-0.813,-0.496,0.55,0.863,1.373,0.613,1.342,-1.593,0.115,-0.120,-0.003,0.61,1.61,-120.21,-0.0497,-0.0107,0.0118,770.2599,768.8572,771.0137,766.7411
16,-0.831,-0.507,0.60,0.863,1.373,0.617,1.339,-1.593,0.119,-0.115,-0.003,0.47,1.58,-120.18,-0.0445,-0.0134,0.0120,769.6910,768.6940,770.9393,767.3484
16,-0.849,-0.519,0.65,0.863,1.373,0.627,1.334,-1.594,0.125,-0.104,-0.003,0.35,1.54,-120.14,-0.0415,-0.0167,0.0117,769.6642,768.0431,771.6311,767.3721
16,-0.867,-0.531,0.70,0.863,1.373,0.632,1.332,-1.594,0.128,-0.099,-0.003,0.23,1.49,-120.10,-0.0353,-0.0184,0.0105,769.1656,767.8405,771.7977,767.7266
16,-0.885,-0.543,0.75,0.863,1.373,0.643,1.329,-1.594,0.132,-0.086,-0.003,0.14,1.44,-120.07,-0.0311,-0.0217,0.0095,769.1362,767.1921,772.0670,767.7120
16,-0.903,-0.556,0.80,0.863,1.373,0.647,1.328,-1.595,0.133,-0.081,-0.003,0.05,1.37,-120.04,-0.0253,-0.0232,0.0087,768.9588,766.9796,772.1551,767.9781
16,-0.921,-0.569,0.85,0.863,1.373,0.657,1.326,-1.595,0.134,-0.070,-0.003,-0.01,1.31,-120.01,-0.0225,-0.0233,0.0070,768.7208,766.9230,772.1512,768.2903
16,-0.939,-0.583,0.90,0.863,1.373,0.661,1.325,-1.595,0.134,-0.065,-0.003,-0.07,1.24,-119.98,-0.0169,-0.0231,0.0055,768.6383,766.7557,772.2413,768.3821
16,-0.957,-0.597,0.95,0.863,1.373,0.672,1.325,-1.596,0.134,-0.053,-0.002,-0.12,1.18,-119.96,-0.0146,-0.0254,0.0056,768.6440,766.6160,772.2567,768.3965
16,-0.976,-0.611,1.00,0.863,1.373,0.779,1.333,-1.600,0.053,0.003,-0.001,-0.20,0.43,-120.07,-0.0000,0.0052,-0.0002,770.9242,768.1089,769.8958,767.0452
16,-0.994,-0.626,1.05,0.863,1.373,0.779,1.333,-1.600,0.053,0.003,-0.001,-0.20,0.43,-120.07,-0.0000,0.0052,-0.0002,770.9242,768.1089,769.8958,767.0452
16,-1.012,-0.641,1.10,0.863,1.373,0.781,1.333,-1.601,0.051,0.004,-0.001,-0.20,0.44,-120.07,0.0003,0.0034,-0.0003,770.6371,768.2142,769.6732,767.2271
16,-1.030,-0.656,1.15,0.863,1.373,0.784,1.333,-1.601,0.047,0.004,-0.001,-0.20,0.45,-120.07,-0.0007,0.0030,0.0005,770.6063,768.0341,769.5691,767.2818
16,-1.047,-0.672,1.20,0.863,1.373,0.785,1.333,-1.601,0.044,0.004,-0.000,-0.20,0.46,-120.07,0.0013,0.0027,0.0009,770.6768,767.8469,769.9728,766.8534
16,-1.065,-0.687,1.25,0.863,1.373,0.787,1.334,-1.602,0.040,0.005,0.000,-0.19,0.47,-120.07,0.0025,0.0028,0.0014,770.5851,767.9096,769.8556,767.2169
16,-1.083,-0.703,1.30,0.863,1.373,0.788,1.334,-1.602,0.037,0.005,0.000,-0.19,0.47,-120.06,0.0030,0.0008,0.0014,770.4457,767.9691,769.8819,767.3894
16,-1.100,-0.720,1.35,0.863,1.373,0.790,1.335,-1.602,0.032,0.005,0.001,-0.17,0.48,-120.06,0.0045,0.0027,0.0027,770.5560,767.7125,769.9449,767.3434
16,-1.117,-0.736,1.40,0.863,1.373,0.790,1.335,-1.602,0.030,0.005,0.001,-0.16,0.48,-120.05,0.0041,0.0022,0.0022,770.6971,767.4231,770.0965,767.4413
16,-1.134,-0.753,1.45,0.863,1.373,0.791,1.336,-1.603,0.025,0.005,0.001,-0.15,0.49,-120.04,0.0066,0.0024,0.0009,770.4845,767.4874,770.0741,767.6566
16,-1.151,-0.770,1.50,0.863,1.373,0.791,1.336,-1.603,0.022,0.005,0.001,-0.13,0.50,-120.04,0.0078,0.0039,0.0014,770.5829,767.1539,770.3685,767.3516
16,-1.168,-0.787,1.55,0.863,1.373,0.791,1.337,-1.603,0.018,0.005,0.001,-0.10,0.51,-120.03,0.0093,0.0039,0.0013,770.4682,767.3809,770.3956,767.4670
16,-1.184,-0.804,1.60,0.863,1.373,0.791,1.338,-1.603,0.015,0.006,0.001,-0.08,0.52,-120.03,0.0094,0.0044,0.0016,770.5707,767.2852,770.6544,767.3482
16,-1.200,-0.821,1.65,0.863,1.373,0.790,1.339,-1.603,0.011,0.006,0.002,-0.05,0.54,-120.02,0.0107,0.0043,0.0012,770.8163,767.0801,770.4722,767.7208
16,-1.216,-0.838,1.70,0.863,1.373,0.790,1.340,-1.603,0.009,0.005,0.001,-0.02,0.55,-120.02,0.0118,0.0054,0.0016,770.7129,767.1234,770.7826,767.4901
16,-1.232,-0.856,1.75,0.863,1.373,0.789,1.341,-1.604,0.006,0.005,0.002,0.01,0.56,-120.01,0.0114,0.0056,0.0011,770.6879,767.0586,770.7626,767.5998
16,-1.247,-0.873,1.80,0.863,1.373,0.789,1.341,-1.604,0.005,0.005,0.002,0.05,0.58,-120.01,0.0111,0.0048,0.0004,770.5677,767.0676,770.3652,767.8862
16,-1.262,-0.891,1.85,0.863,1.373,0.789,1.342,-1.604,0.003,0.004,0.002,0.08,0.59,-120.01,0.0098,0.0052,0.0012,770.6637,766.8173,770.3298,767.7998
16,-1.276,-0.909,1.90,0.863,1.373,0.789,1.342,-1.605,0.002,0.003,0.002,0.10,0.61,-120.01,0.0083,0.0052,0.0001,770.6176,766.7896,770.5815,767.4889
16,-1.290,-0.926,1.95,0.863,1.373,0.790,1.343,-1.605,0.001,0.002,0.002,0.12,0.62,-120.00,0.0072,0.0042,0.0003,770.5797,766.8270,770.5029,767.5408
16,-1.304,-0.944,2.00,0.863,1.373,0.792,1.353,-1.605,0.005,-0.004,0.002,0.25,0.74,-120.02,0.0003,-0.0005,-0.0002,771.1847,767.1218,770.8444,767.2252
16,-1.317,-0.962,2.05,0.863,1.373,0.792,1.353,-1.605,0.005,-0.004,0.002,0.25,0.74,-120.02,0.0003,-0.0005,-0.0002,771.1847,767.1218,770.8444,767.2252
16,-1.330,-0.979,2.10,0.863,1.373,0.792,1.353,-1.605,0.006,-0.004,0.002,0.25,0.74,-120.02,-0.0006,-0.0002,0.0004,771.1639,767.2178,770.6951,767.4389
16,-1.343,-0.997,2.15,0.863,1.373,0.794,1.352,-1.605,0.007,-0.006,0.002,0.25,0.75,-120.02,-0.0024,0.0013,0.0003,771.2208,767.1207,770.5048,767.6665
16,-1.355,-1.014,2.20,0.863,1.373,0.794,1.351,-1.605,0.008,-0.007,0.002,0.24,0.75,-120.01,-0.0023,0.0011,0.0009,771.4478,766.8785,770.9683,767.1517
16,-1.367,-1.031,2.25,0.863,1.373,0.796,1.350,-1.606,0.009,-0.009,0.002,0.23,0.75,-120.01,-0.0045,0.0011,0.0008,771.2171,766.7845,770.6226,767.3575
16,-1.378,-1.049,2.30,0.863,1.373,0.797,1.349,-1.606,0.009,-0.010,0.002,0.21,0.76,-120.01,-0.0063,0.0036,0.0002,771.5608,766.2662,770.8544,767.0034
16,-1.389,-1.066,2.35,0.863,1.373,0.798,1.348,-1.606,0.009,-0.012,0.002,0.20,0.77,-120.01,-0.0080,0.0044,0.0010,770.8474,766.7369,770.4971,767.0797
16,-1.399,-1.083,2.40,0.863,1.373,0.799,1.347,-1.607,0.009,-0.012,0.002,0.17,0.78,-120.01,-0.0081,0.0068,-0.0003,771.1846,766.1990,770.5531,766.8105
16,-1.409,-1.099,2.45,0.863,1.373,0.801,1.346,-1.608,0.009,-0.013,0.002,0.15,0.80,-120.01,-0.0064,0.0045,0.0005,770.8236,766.3224,770.3779,766.8937
16,-1.418,-1.116,2.50,0.863,1.373,0.802,1.345,-1.608,0.009,-0.014,0.002,0.13,0.82,-120.01,-0.0060,0.0044,-0.0005,770.5117,766.5189,770.2966,766.8351
16,-1.427,-1.132,2.55,0.863,1.373,0.804,1.344,-1.608,0.009,-0.014,0.003,0.12,0.83,-120.00,-0.0057,0.0053,0.0000,770.5680,766.4294,770.2040,766.8721
16,-1.435,-1.148,2.60,0.863,1.373,0.805,1.343,-1.609,0.009,-0.015,0.003,0.10,0.84,-120.00,-0.0057,0.0043,0.0002,770.5759,766.4570,770.5978,766.6306
16,-1.442,-1.164,2.65,0.863,1.373,0.808,1.341,-1.609,0.008,-0.016,0.004,0.08,0.86,-120.00,-0.0059,0.0053,-0.0002,771.0244,766.1819,770.9615,766.4205
16,-1.450,-1.180,2.70,0.863,1.373,0.809,1.340,-1.609,0.008,-0.016,0.004,0.07,0.87,-120.00,-0.0053,0.0049,-0.0006,771.0870,766.4116,770.7285,766.9935
16,-1.456,-1.195,2.75,0.863,1.373,0.811,1.337,-1.609,0.007,-0.017,0.005,0.05,0.88,-120.00,-0.0076,0.0053,-0.0001,771.3091,766.4514,771.0834,766.8491
16,-1.462,-1.210,2.80,0.863,1.373,0.812,1.336,-1.609,0.007,-0.018,0.005,0.03,0.90,-120.00,-0.0070,0.0067,-0.0008,771.3448,766.5684,770.9064,767.0641
16,-1.468,-1.225,2.85,0.863,1.373,0.813,1.333,-1.608,0.005,-0.019,0.005,0.02,0.92,-120.00,-0.0059,0.0074,-0.0007,771.5110,766.5969,771.2883,766.7579
16,-1.473,-1.240,2.90,0.863,1.373,0.814,1.332,-1.608,0.004,-0.019,0.005,-0.00,0.94,-120.00,-0.0062,0.0083,0.0001,771.5825,766.7958,771.0477,767.1508
16,-1.477,-1.254,2.95,0.863,1.373,0.815,1.329,-1.607,0.002,-0.019,0.005,-0.02,0.96,-120.00,-0.0054,0.0090,-0.0005,771.7994,766.7699,771.6273,766.7583
16,-1.481,-1.267,3.00,0.863,1.373,0.798,1.316,-1.602,-0.010,0.018,0.000,0.28,1.27,-120.01,0.0052,-0.0042,-0.0009,772.2251,767.1804,771.6327,767.5735
16,-1.484,-1.281,3.05,0.863,1.373,0.798,1.316,-1.602,-0.010,0.018,0.000,0.28,1.27,-120.01,0.0052,-0.0042,-0.0009,772.2251,767.1804,771.6327,767.5735
16,-1.487,-1.294,3.10,0.863,1.373,0.798,1.317,-1.601,-0.008,0.020,-0.001,0.30,1.25,-120.01,0.0052,-0.0051,-0.0002,772.4510,767.0992,771.8545,767.4164
16,-1.489,-1.306,3.15,0.863,1.373,0.798,1.318,-1.601,-0.007,0.021,-0.001,0.31,1.24,-120.01,0.0036,-0.0061,0.0002,772.6561,767.1214,771.9158,767.3796
16,-1.490,-1.319,3.20,0.863,1.373,0.797,1.319,-1.600,-0.005,0.022,-0.002,0.32,1.22,-120.01,0.0023,-0.0047,0.0005,772.6960,766.9860,772.0126,767.2533
16,-1.491,-1.330,3.25,0.863,1.373,0.797,1.320,-1.600,-0.004,0.022,-0.003,0.33,1.21,-120.01,0.0022,-0.0060,0.0003,772.6484,766.8884,772.0229,767.0825
16,-1.491,-1.342,3.30,0.863,1.373,0.797,1.322,-1.599,-0.003,0.022,-0.003,0.33,1.19,-120.01,0.0014,-0.0038,0.0005,772.6083,766.9124,772.1890,766.9677
16,-1.491,-1.353,3.35,0.863,1.373,0.797,1.322,-1.599,-0.002,0.022,-0.004,0.34,1.18,-120.01,0.0001,-0.0040,0.0004,772.8223,766.8259,772.3000,767.0010
16,-1.490,-1.363,3.40,0.863,1.373,0.796,1.323,-1.598,-0.001,0.022,-0.004,0.34,1.17,-120.01,0.0013,-0.0038,0.0004,772.6565,766.9349,772.1648,767.1779
16,-1.488,-1.373,3.45,0.863,1.373,0.796,1.324,-1.598,-0.001,0.022,-0.005,0.34,1.16,-120.01,0.0007,-0.0010,0.0011,772.4436,767.0204,772.3302,766.9443
16,-1.486,-1.382,3.50,0.863,1.373,0.796,1.325,-1.598,0.000,0.021,-0.006,0.35,1.15,-120.00,0.0006,-0.0019,0.0010,772.3690,766.6703,772.4230,766.5660
16,-1.484,-1.391,3.55,0.863,1.373,0.797,1.325,-1.598,0.001,0.020,-0.006,0.35,1.15,-120.00,-0.0001,-0.0006,0.0010,772.1845,766.4623,771.8694,766.7811
16,-1.480,-1.400,3.60,0.863,1.373,0.797,1.326,-1.599,0.002,0.019,-0.007,0.35,1.15,-120.00,0.0002,0.0004,-0.0008,771.8708,766.3712,771.8038,766.4191
16,-1.476,-1.408,3.65,0.863,1.373,0.798,1.326,-1.599,0.003,0.018,-0.007,0.35,1.15,-120.00,-0.0009,0.0001,0.0002,771.5674,766.1370,771.3359,766.2750
16,-1.472,-1.415,3.70,0.863,1.373,0.799,1.326,-1.600,0.004,0.016,-0.007,0.35,1.15,-120.00,-0.0027,0.0007,0.0001,771.6251,765.4766,771.1592,765.9172
16,-1.467,-1.422,3.75,0.863,1.373,0.799,1.326,-1.601,0.004,0.016,-0.007,0.34,1.16,-120.00,-0.0034,0.0018,-0.0002,771.2445,765.4435,771.2110,765.5290
16,-1.461,-1.429,3.80,0.863,1.373,0.801,1.325,-1.602,0.005,0.014,-0.006,0.33,1.16,-120.00,-0.0046,0.0023,0.0007,771.5590,764.9066,770.9828,765.4733
16,-1.455,-1.435,3.85,0.863,1.373,0.801,1.325,-1.602,0.005,0.012,-0.006,0.32,1.17,-120.00,-0.0045,0.0038,0.0000,770.8141,765.6069,770.7570,765.6306
16,-1.449,-1.440,3.90,0.863,1.373,0.802,1.324,-1.603,0.005,0.011,-0.005,0.30,1.18,-120.00,-0.0065,0.0053,-0.0002,771.1791,765.2806,771.1494,765.1765
16,-1.441,-1.445,3.95,0.863,1.373,0.803,1.323,-1.604,0.005,0.010,-0.004,0.29,1.20,-120.00,-0.0052,0.0051,-0.0012,771.1902,765.2939,770.7963,765.4671
16,-1.434,-1.449,4.00,0.863,1.373,0.834,1.299,-1.614,-0.006,0.023,0.007,0.02,1.45,-120.00,0.0048,-0.0014,-0.0004,771.4613,765.2317,771.5466,764.9593
16,-1.425,-1.453,4.05,0.863,1.373,0.834,1.299,-1.614,-0.006,0.023,0.007,0.02,1.45,-120.00,0.0048,-0.0014,-0.0004,771.4613,765.2317,771.5466,764.9593
16,-1.416,-1.456,4.10,0.863,1.373,0.833,1.299,-1.614,-0.009,0.025,0.007,0.03,1.44,-120.00,0.0056,-0.0008,0.0002,771.2839,765.4244,771.3666,765.0441
16,-1.407,-1.458,4.15,0.863,1.373,0.833,1.300,-1.615,-0.010,0.026,0.008,0.05,1.44,-120.00,0.0071,0.0003,-0.0003,771.3785,765.3794,771.2972,765.1802
16,-1.397,-1.460,4.20,0.863,1.373,0.833,1.300,-1.615,-0.013,0.028,0.009,0.07,1.44,-120.00,0.0078,-0.0014,0.0003,771.4337,765.4677,771.4934,765.1539
16,-1.387,-1.462,4.25,0.863,1.373,0.832,1.301,-1.615,-0.014,0.029,0.009,0.10,1.44,-120.00,0.0088,0.0007,-0.0002,771.6097,765.5347,771.5228,765.2294
16,-1.376,-1.462,4.30,0.863,1.373,0.832,1.301,-1.615,-0.016,0.030,0.010,0.12,1.44,-120.00,0.0078,-0.0002,0.0000,771.6367,765.6636,771.6208,765.3839
16,-1.365,-1.463,4.35,0.863,1.373,0.832,1.302,-1.615,-0.016,0.031,0.010,0.15,1.44,-120.00,0.0081,0.0006,0.0002,771.8667,765.8047,771.7754,765.5782
16,-1.353,-1.462,4.40,0.863,1.373,0.831,1.303,-1.614,-0.017,0.033,0.011,0.17,1.44,-120.00,0.0080,0.0007,-0.0003,772.0992,765.8768,772.0917,765.7548
16,-1.341,-1.461,4.45,0.863,1.373,0.831,1.304,-1.614,-0.018,0.033,0.011,0.20,1.44,-120.00,0.0067,-0.0002,0.0005,772.4194,766.2008,772.3510,766.0226
16,-1.328,-1.460,4.50,0.863,1.373,0.831,1.306,-1.612,-0.018,0.035,0.011,0.22,1.44,-120.00,0.0072,-0.0012,0.0001,772.8971,766.2365,772.4949,766.4050
16,-1.315,-1.458,4.55,0.863,1.373,0.832,1.307,-1.611,-0.018,0.035,0.010,0.24,1.43,-120.00,0.0056,-0.0023,-0.0013,772.8245,766.9038,772.7517,766.5768
16,-1.302,-1.455,4.60,0.863,1.373,0.832,1.309,-1.609,-0.019,0.037,0.009,0.26,1.43,-120.00,0.0047,-0.0026,0.0001,773.2383,766.9358,772.9401,766.7476
16,-1.288,-1.452,4.65,0.863,1.373,0.832,1.310,-1.608,-0.019,0.037,0.009,0.27,1.42,-120.00,0.0049,-0.0029,-0.0006,773.3976,767.1742,773.2684,766.9672
16,-1.274,-1.448,4.70,0.863,1.373,0.832,1.312,-1.606,-0.018,0.038,0.007,0.29,1.41,-120.00,0.0040,-0.0031,0.0001,773.6636,767.1573,773.5959,766.7983
16,-1.259,-1.444,4.75,0.863,1.373,0.832,1.312,-1.605,-0.019,0.038,0.006,0.30,1.40,-120.00,0.0037,-0.0032,-0.0002,773.6136,767.2988,773.4960,766.9905
16,-1.244,-1.439,4.80,0.863,1.373,0.832,1.315,-1.603,-0.019,0.038,0.004,0.31,1.39,-120.00,0.0034,-0.0042,-0.0003,773.6827,767.2798,773.7920,766.6678
16,-1.229,-1.434,4.85,0.863,1.373,0.831,1.316,-1.602,-0.019,0.038,0.003,0.32,1.38,-120.00,0.0046,-0.0033,0.0000,773.5241,767.4811,773.4617,767.0529
16,-1.213,-1.428,4.90,0.863,1.373,0.831,1.318,-1.601,-0.019,0.038,0.001,0.34,1.37,-120.00,0.0042,-0.0026,-0.0002,773.4217,767.6712,773.6481,766.9058
16,-1.198,-1.421,4.95,0.863,1.373,0.830,1.319,-1.600,-0.019,0.038,0.000,0.35,1.36,-120.00,0.0045,-0.0018,0.0002,773.5764,767.4229,773.6280,766.9318
16,-1.182,-1.414,5.00,0.863,1.373,0.790,1.356,-1.602,-0.006,0.012,-0.005,0.83,1.37,-120.00,-0.0014,0.0069,0.0003,771.7499,765.4503,771.9148,764.9684
16,-1.165,-1.407,5.05,0.863,1.373,0.790,1.356,-1.602,-0.006,0.012,-0.005,0.83,1.37,-120.00,-0.0014,0.0069,0.0003,771.7499,765.4503,771.9148,764.9684
16,-1.148,-1.399,5.10,0.863,1.373,0.790,1.355,-1.602,-0.005,0.011,-0.005,0.83,1.39,-120.00,-0.0046,0.0090,-0.0001,771.7499,765.4503,771.9148,764.9684
16,-1.132,-1.390,5.15,0.863,1.373,0.789,1.353,-1.602,-0.002,0.007,-0.004,0.82,1.41,-120.00,-0.0061,0.0106,-0.0004,771.5594,766.1655,772.1344,765.3457
16,-1.115,-1.381,5.20,0.863,1.373,0.789,1.352,-1.602,-0.000,0.005,-0.004,0.80,1.44,-120.00,-0.0063,0.0100,0.0004,772.1420,765.7225,772.4216,765.2993
16,-1.097,-1.371,5.25,0.863,1.373,0.788,1.349,-1.602,0.003,0.002,-0.003,0.78,1.47,-120.00,-0.0083,0.0115,-0.0003,771.8819,766.2404,772.4115,765.4976
16,-1.080,-1.361,5.30,0.863,1.373,0.788,1.348,-1.602,0.005,0.001,-0.003,0.75,1.50,-120.00,-0.0106,0.0118,-0.0005,771.7529,766.6111,772.5131,765.6622
16,-1.062,-1.351,5.35,0.863,1.373,0.789,1.345,-1.601,0.008,-0.001,-0.003,0.73,1.53,-120.00,-0.0108,0.0099,0.0003,772.0978,766.5609,772.8165,765.5683
16,-1.045,-1.340,5.40,0.863,1.373,0.789,1.344,-1.601,0.010,-0.001,-0.003,0.69,1.56,-120.00,-0.0098,0.0089,-0.0009,772.3799,766.6414,772.7126,765.8875
16,-1.027,-1.329,5.45,0.863,1.373,0.789,1.342,-1.600,0.013,-0.001,-0.003,0.67,1.58,-120.00,-0.0098,0.0070,0.0002,772.2933,766.7984,772.7236,765.9996
16,-1.009,-1.317,5.50,0.863,1.373,0.790,1.341,-1.600,0.014,-0.001,-0.003,0.63,1.60,-120.00,-0.0099,0.0055,-0.0005,772.2760,766.8211,772.9213,765.8149
16,-0.991,-1.304,5.55,0.863,1.373,0.791,1.340,-1.599,0.016,-0.000,-0.004,0.61,1.61,-120.00,-0.0095,0.0041,0.0002,772.0564,766.9954,772.9136,765.7899
16,-0.973,-1.292,5.60,0.863,1.373,0.792,1.339,-1.599,0.018,0.001,-0.004,0.58,1.62,-120.00,-0.0086,0.0030,0.0003,771.8862,767.0146,772.7676,765.8298
16,-0.954,-1.279,5.65,0.863,1.373,0.793,1.338,-1.599,0.020,0.003,-0.005,0.56,1.62,-120.00,-0.0074,0.0017,-0.0009,771.8826,766.9796,772.5186,765.7676
16,-0.936,-1.265,5.70,0.863,1.373,0.794,1.337,-1.599,0.021,0.004,-0.005,0.54,1.62,-120.00,-0.0073,-0.0005,0.0003,771.7551,767.0435,772.6172,765.5485
16,-0.918,-1.251,5.75,0.863,1.373,0.795,1.336,-1.599,0.023,0.006,-0.005,0.53,1.62,-120.00,-0.0052,-0.0018,-0.0002,772.0573,766.6471,772.5595,765.5209
16,-0.900,-1.237,5.80,0.863,1.373,0.796,1.336,-1.599,0.024,0.008,-0.005,0.51,1.61,-120.00,-0.0048,-0.0034,-0.0005,771.8547,766.6011,772.3625,765.4026
16,-0.882,-1.223,5.85,0.863,1.373,0.798,1.336,-1.600,0.025,0.010,-0.006,0.50,1.60,-120.00,-0.0042,-0.0045,0.0006,771.7927,766.3918,772.4147,765.1909
16,-0.864,-1.208,5.90,0.863,1.373,0.800,1.336,-1.600,0.026,0.011,-0.006,0.48,1.58,-120.00,-0.0035,-0.0053,0.0002,771.6042,766.3079,772.2236,765.2168
16,-0.846,-1.193,5.95,0.863,1.373,0.802,1.337,-1.601,0.027,0.014,-0.005,0.47,1.57,-120.00,-0.0036,-0.0062,-0.0002,771.3959,766.4235,772.1948,765.1647
16,-0.828,-1.178,6.00,0.863,1.373,0.845,1.377,-1.601,0.016,0.025,-0.005,0.49,1.00,-120.00,0.0005,-0.0054,0.0002,771.1526,766.5640,772.1335,765.2837
16,-0.810,-1.162,6.05,0.863,1.373,0.845,1.377,-1.601,0.016,0.025,-0.005,0.49,1.00,-120.00,0.0005,-0.0054,0.0002,771.1526,766.5640,772.1335,765.2837
16,-0.793,-1.146,6.10,0.863,1.373,0.847,1.378,-1.601,0.015,0.024,-0.005,0.49,0.99,-120.00,-0.0000,-0.0033,-0.0003,771.3987,766.3964,772.5241,764.9890
16,-0.775,-1.130,6.15,0.863,1.373,0.850,1.381,-1.601,0.014,0.023,-0.005,0.49,0.98,-120.00,-0.0005,-0.0052,0.0007,771.3966,766.3538,772.4053,765.1270
16,-0.758,-1.113,6.20,0.863,1.373,0.851,1.382,-1.601,0.014,0.022,-0.004,0.48,0.97,-120.00,0.0001,-0.0039,-0.0002,770.9676,766.6437,772.1112,765.3405
16,-0.741,-1.097,6.25,0.863,1.373,0.854,1.385,-1.602,0.012,0.020,-0.004,0.48,0.95,-120.00,-0.0008,-0.0046,-0.0004,770.9871,766.4718,772.1868,765.1401
16,-0.724,-1.080,6.30,0.863,1.373,0.854,1.385,-1.602,0.011,0.019,-0.004,0.48,0.94,-120.00,-0.0012,-0.0034,-0.0005,770.8217,766.4296,772.0878,765.0338
16,-0.707,-1.063,6.35,0.863,1.373,0.856,1.387,-1.603,0.009,0.017,-0.004,0.47,0.93,-120.00,-0.0018,-0.0024,-0.0007,770.6968,766.4412,771.8611,765.0889
16,-0.691,-1.046,6.40,0.863,1.373,0.856,1.388,-1.603,0.008,0.016,-0.004,0.47,0.93,-120.00,-0.0004,-0.0010,0.0001,770.8460,766.2139,771.8778,764.8498
16,-0.675,-1.029,6.45,0.863,1.373,0.857,1.389,-1.603,0.006,0.014,-0.003,0.47,0.92,-120.00,-0.0001,-0.0003,-0.0007,770.8836,766.2737,771.5787,765.1173
16,-0.659,-1.011,6.50,0.863,1.373,0.857,1.390,-1.603,0.005,0.014,-0.003,0.47,0.93,-120.00,0.0010,0.0000,-0.0000,770.5897,766.7747,771.5697,765.3116
16,-0.643,-0.994,6.55,0.863,1.373,0.858,1.391,-1.603,0.002,0.012,-0.002,0.47,0.93,-120.00,0.0028,0.0009,-0.0009,770.6891,766.7870,771.6642,765.4811
16,-0.628,-0.976,6.60,0.863,1.373,0.858,1.391,-1.603,0.001,0.011,-0.002,0.48,0.93,-120.00,0.0024,0.0018,-0.0003,771.0027,766.8164,772.0367,765.3855
16,-0.613,-0.959,6.65,0.863,1.373,0.858,1.392,-1.603,-0.000,0.010,-0.002,0.49,0.94,-120.00,0.0042,0.0014,-0.0003,771.0226,767.0509,772.0793,765.5013
16,-0.598,-0.941,6.70,0.863,1.373,0.858,1.393,-1.602,-0.001,0.009,-0.001,0.50,0.94,-120.00,0.0028,0.0019,-0.0002,771.2809,767.1655,772.4099,765.4622
16,-0.584,-0.924,6.75,0.863,1.373,0.858,1.394,-1.602,-0.003,0.008,-0.001,0.51,0.94,-120.00,0.0034,0.0013,0.0006,771.2079,767.5942,772.2592,765.9946
16,-0.570,-0.906,6.80,0.863,1.373,0.858,1.394,-1.601,-0.003,0.008,-0.002,0.52,0.95,-120.00,0.0031,0.0015,-0.0004,771.6841,767.3849,772.5055,766.0592
16,-0.556,-0.888,6.85,0.863,1.373,0.858,1.394,-1.601,-0.004,0.006,-0.002,0.53,0.95,-120.00,0.0036,0.0019,0.0004,771.6397,767.5396,772.4758,766.1426
16,-0.543,-0.871,6.90,0.863,1.373,0.858,1.395,-1.600,-0.005,0.006,-0.002,0.54,0.95,-120.00,0.0029,0.0011,0.0003,771.4510,767.7095,772.2638,766.4581
16,-0.530,-0.853,6.95,0.863,1.373,0.858,1.395,-1.600,-0.006,0.005,-0.003,0.54,0.96,-120.00,0.0029,0.0028,0.0001,771.5779,767.4653,772.1960,766.4602
16,-0.518,-0.836,7.00,0.863,1.373,0.862,1.386,-1.597,-0.004,0.002,-0.007,0.47,0.99,-120.00,0.0038,-0.0006,0.0009,771.0013,767.8171,772.1178,766.3499
16,-0.506,-0.818,7.05,0.863,1.373,0.862,1.386,-1.597,-0.004,0.002,-0.007,0.47,0.99,-120.00,0.0038,-0.0006,0.0009,771.0013,767.8171,772.1178,766.3499
16,-0.495,-0.801,7.10,0.863,1.373,0.861,1.386,-1.597,-0.006,0.002,-0.007,0.48,0.99,-120.00,0.0044,0.0004,-0.0000,770.9031,767.6284,771.9502,766.2111
16,-0.484,-0.784,7.15,0.863,1.373,0.860,1.387,-1.598,-0.006,0.003,-0.007,0.49,0.99,-120.00,0.0040,0.0007,-0.0007,770.9031,767.6284,771.9502,766.2111
16,-0.474,-0.767,7.20,0.863,1.373,0.859,1.387,-1.599,-0.006,0.004,-0.007,0.51,0.99,-120.00,0.0063,0.0006,-0.0003,770.3875,767.1160,771.2863,765.7523
16,-0.464,-0.750,7.25,0.863,1.373,0.858,1.387,-1.600,-0.007,0.004,-0.007,0.52,0.99,-120.00,0.0066,0.0007,-0.0003,770.3875,767.1160,771.2863,765.7523
16,-0.454,-0.733,7.30,0.863,1.373,0.857,1.388,-1.601,-0.007,0.004,-0.007,0.54,0.99,-120.00,0.0058,0.0004,-0.0001,769.6958,766.8436,770.5702,765.3872
16,-0.445,-0.717,7.35,0.863,1.373,0.857,1.388,-1.602,-0.006,0.005,-0.007,0.55,0.99,-120.00,0.0068,-0.0003,-0.0003,769.6958,766.8436,770.5702,765.3872
16,-0.437,-0.701,7.40,0.863,1.373,0.856,1.389,-1.604,-0.006,0.005,-0.005,0.57,0.99,-120.00,0.0055,-0.0006,-0.0002,769.5085,766.5236,770.1890,765.2574
16,-0.429,-0.685,7.45,0.863,1.373,0.856,1.389,-1.605,-0.005,0.006,-0.004,0.58,0.99,-120.00,0.0043,-0.0001,0.0002,769.5085,766.5236,770.1890,765.2574
16,-0.421,-0.669,7.50,0.863,1.373,0.855,1.390,-1.606,-0.004,0.006,-0.003,0.59,0.98,-120.00,0.0041,-0.0035,0.0002,769.8875,766.1823,770.5624,765.1510
16,-0.415,-0.654,7.55,0.863,1.373,0.855,1.391,-1.607,-0.003,0.006,-0.002,0.60,0.97,-120.00,0.0023,-0.0016,0.0002,769.8875,766.1823,770.5624,765.1510
16,-0.408,-0.638,7.60,0.863,1.373,0.855,1.391,-1.607,-0.001,0.007,0.000,0.61,0.96,-120.00,0.0009,-0.0038,0.0001,769.9093,766.9302,770.9004,765.7069
16,-0.403,-0.624,7.65,0.863,1.373,0.855,1.391,-1.607,0.001,0.007,0.001,0.61,0.95,-120.00,-0.0003,-0.0039,-0.0004,769.9093,766.9302,770.9004,765.7069
16,-0.397,-0.609,7.70,0.863,1.373,0.856,1.391,-1.608,0.003,0.007,0.002,0.61,0.94,-120.00,-0.0024,-0.0038,-0.0000,769.9546,767.6609,771.0796,766.3197
16,-0.393,-0.595,7.75,0.863,1.373,0.856,1.391,-1.608,0.004,0.007,0.003,0.60,0.93,-120.00,-0.0026,-0.0047,0.0006,769.9546,767.6609,771.0796,766.3197
16,-0.389,-0.581,7.80,0.863,1.373,0.857,1.391,-1.608,0.006,0.007,0.003,0.59,0.91,-119.99,-0.0037,-0.0038,0.0013,770.1302,767.6235,771.0867,766.6485
16,-0.385,-0.567,7.85,0.863,1.373,0.857,1.391,-1.608,0.008,0.007,0.003,0.58,0.90,-119.99,-0.0045,-0.0049,-0.0012,770.1302,767.6235,771.0867,766.6485
16,-0.383,-0.554,7.90,0.863,1.373,0.858,1.391,-1.608,0.010,0.007,0.003,0.57,0.89,-119.99,-0.0063,-0.0041,-0.0001,770.1847,767.7423,771.4268,766.5172
16,-0.380,-0.541,7.95,0.863,1.373,0.859,1.391,-1.608,0.011,0.007,0.003,0.56,0.87,-119.99,-0.0056,-0.0058,-0.0001,770.1847,767.7423,771.4268,766.5172
16,-0.379,-0.529,8.00,0.863,1.373,0.900,1.398,-1.607,0.007,0.008,0.002,0.25,0.51,-120.00,-0.0025,-0.0029,-0.0002,770.0663,767.8912,771.1157,766.7262
16,-0.378,-0.517,8.05,0.863,1.373,0.900,1.398,-1.607,0.007,0.008,0.002,0.25,0.51,-120.00,-0.0025,-0.0029,-0.0002,770.0663,767.8912,771.1157,766.7262
16,-0.377,-0.506,8.10,0.863,1.373,0.901,1.398,-1.607,0.006,0.008,0.003,0.25,0.50,-120.00,-0.0023,-0.0028,-0.0000,770.1835,767.8827,771.0663,766.8356
16,-0.377,-0.494,8.15,0.863,1.373,0.903,1.399,-1.607,0.004,0.007,0.003,0.24,0.49,-120.00,-0.0029,-0.0026,0.0005,769.9365,768.2104,771.0692,766.9240
16,-0.378,-0.484,8.20,0.863,1.373,0.904,1.398,-1.607,0.003,0.007,0.003,0.23,0.49,-120.00,-0.0020,-0.0013,-0.0009,770.2051,768.1421,771.0718,767.0530
16,-0.379,-0.474,8.25,0.863,1.373,0.905,1.398,-1.606,0.001,0.006,0.003,0.23,0.48,-120.00,-0.0022,-0.0009,-0.0001,770.3035,768.2798,771.2421,766.9553
16,-0.381,-0.464,8.30,0.863,1.373,0.905,1.398,-1.606,-0.000,0.005,0.003,0.22,0.48,-120.00,-0.0003,0.0008,-0.0002,770.1979,768.3517,770.9022,767.4470
16,-0.384,-0.455,8.35,0.863,1.373,0.905,1.398,-1.605,-0.003,0.004,0.002,0.22,0.48,-120.00,0.0002,0.0010,-0.0002,770.5095,768.3203,771.3801,767.1932
16,-0.387,-0.446,8.40,0.863,1.373,0.905,1.398,-1.605,-0.005,0.004,0.002,0.22,0.48,-120.00,0.0009,0.0029,-0.0006,770.2787,768.7512,771.1705,767.6604
16,-0.390,-0.438,8.45,0.863,1.373,0.904,1.397,-1.604,-0.007,0.004,0.002,0.23,0.49,-120.00,0.0030,0.0025,-0.0006,770.6428,768.5341,771.6000,767.4719
16,-0.394,-0.430,8.50,0.863,1.373,0.903,1.397,-1.604,-0.009,0.003,0.002,0.23,0.50,-120.00,0.0029,0.0042,-0.0005,770.5479,768.8602,771.4775,767.6620
16,-0.399,-0.423,8.55,0.863,1.373,0.902,1.397,-1.603,-0.012,0.003,0.001,0.24,0.51,-120.00,0.0052,0.0050,-0.0004,770.6034,768.8566,771.3981,767.8184
16,-0.405,-0.416,8.60,0.863,1.373,0.901,1.397,-1.603,-0.012,0.003,0.001,0.26,0.52,-120.00,0.0059,0.0047,0.0005,770.5983,768.9025,771.2826,767.9998
16,-0.410,-0.410,8.65,0.863,1.373,0.899,1.398,-1.602,-0.014,0.004,0.000,0.28,0.53,-120.00,0.0067,0.0025,0.0001,770.8854,768.6642,771.5081,767.9172
16,-0.417,-0.405,8.70,0.863,1.373,0.899,1.398,-1.601,-0.015,0.004,-0.000,0.29,0.54,-120.00,0.0067,0.0024,0.0007,770.7413,768.9814,771.6635,767.9518
16,-0.424,-0.400,8.75,0.863,1.373,0.897,1.399,-1.601,-0.016,0.004,-0.001,0.31,0.55,-120.00,0.0069,0.0027,-0.0003,770.4064,769.3337,771.3195,768.1814
16,-0.431,-0.395,8.80,0.863,1.373,0.896,1.400,-1.600,-0.016,0.005,-0.002,0.33,0.55,-120.00,0.0078,0.0013,-0.0005,770.5433,769.2163,771.1833,768.3914
16,-0.440,-0.391,8.85,0.863,1.373,0.895,1.401,-1.599,-0.016,0.005,-0.002,0.35,0.55,-120.00,0.0078,-0.0011,-0.0005,770.9194,768.9060,771.3258,768.2823
16,-0.448,-0.388,8.90,0.863,1.373,0.895,1.402,-1.599,-0.016,0.006,-0.003,0.37,0.55,-120.00,0.0077,-0.0013,0.0004,770.6901,769.1004,771.0953,768.5241
16,-0.457,-0.385,8.95,0.863,1.373,0.894,1.404,-1.598,-0.015,0.006,-0.004,0.39,0.54,-120.00,0.0056,-0.0028,0.0004,770.7319,768.9720,771.2631,768.2812
16,-0.467,-0.383,9.00,0.863,1.373,0.904,1.398,-1.601,-0.004,-0.008,-0.004,0.18,0.44,-119.99,-0.0036,0.0015,-0.0007,769.6108,768.3818,770.4104,767.5763
16,-0.477,-0.382,9.05,0.863,1.373,0.904,1.398,-1.601,-0.004,-0.008,-0.004,0.18,0.44,-119.99,-0.0036,0.0015,-0.0007,769.6108,768.3818,770.4104,767.5763
16,-0.488,-0.380,9.10,0.863,1.373,0.904,1.396,-1.601,-0.005,-0.008,-0.004,0.17,0.44,-120.00,-0.0030,0.0003,-0.0003,770.0330,768.2002,770.5863,767.3901
16,-0.499,-0.380,9.15,0.863,1.373,0.904,1.396,-1.601,-0.006,-0.008,-0.004,0.16,0.44,-120.00,-0.0016,0.0022,0.0008,769.8458,768.5343,770.3661,767.7924
16,-0.510,-0.380,9.20,0.863,1.373,0.903,1.395,-1.601,-0.007,-0.008,-0.004,0.16,0.44,-120.00,-0.0008,0.0020,0.0000,770.2119,768.3033,770.8419,767.5717
16,-0.522,-0.381,9.25,0.863,1.373,0.903,1.395,-1.600,-0.008,-0.008,-0.004,0.16,0.45,-120.00,-0.0001,0.0023,-0.0000,770.2433,768.4246,770.4592,768.1086
16,-0.535,-0.382,9.30,0.863,1.373,0.902,1.394,-1.599,-0.010,-0.007,-0.004,0.16,0.45,-120.00,0.0017,0.0022,0.0005,770.3973,768.6230,770.8160,768.0416
16,-0.548,-0.384,9.35,0.863,1.373,0.901,1.394,-1.599,-0.010,-0.006,-0.004,0.16,0.46,-120.00,0.0029,0.0017,-0.0010,770.3031,768.8889,770.7034,768.4112
16,-0.561,-0.386,9.40,0.863,1.373,0.901,1.394,-1.598,-0.011,-0.005,-0.004,0.17,0.47,-120.00,0.0043,0.0008,0.0004,770.2733,769.2355,770.7587,768.4003
16,-0.575,-0.389,9.45,0.863,1.373,0.900,1.394,-1.598,-0.012,-0.005,-0.004,0.19,0.47,-120.00,0.0052,0.0001,-0.0014,770.7466,768.8589,770.8467,768.5013
16,-0.589,-0.393,9.50,0.863,1.373,0.899,1.394,-1.597,-0.012,-0.005,-0.006,0.20,0.47,-120.00,0.0053,0.0010,-0.0001,770.4928,769.0613,770.8811,768.3696
16,-0.603,-0.397,9.55,0.863,1.373,0.899,1.393,-1.597,-0.012,-0.004,-0.006,0.21,0.47,-120.00,0.0036,-0.0009,-0.0010,770.5743,768.7319,770.5374,768.4611
16,-0.618,-0.401,9.60,0.863,1.373,0.898,1.393,-1.597,-0.013,-0.004,-0.007,0.22,0.47,-120.00,0.0046,0.0008,0.0007,770.3395,768.9163,770.4041,768.4679
16,-0.633,-0.407,9.65,0.863,1.373,0.897,1.393,-1.597,-0.013,-0.004,-0.007,0.23,0.47,-120.00,0.0033,-0.0005,0.0007,770.5314,768.5119,770.7686,768.0551
16,-0.648,-0.412,9.70,0.863,1.373,0.896,1.393,-1.597,-0.013,-0.004,-0.007,0.24,0.47,-120.00,0.0038,0.0002,-0.0004,770.5032,768.3481,770.7820,768.0449
16,-0.664,-0.419,9.75,0.863,1.373,0.896,1.392,-1.597,-0.013,-0.004,-0.007,0.25,0.47,-120.00,0.0031,-0.0006,0.0003,770.3926,768.4180,770.5792,768.2762
16,-0.680,-0.425,9.80,0.863,1.373,0.894,1.391,-1.597,-0.013,-0.005,-0.007,0.25,0.47,-120.00,0.0011,0.0014,-0.0005,770.4517,768.3140,770.8467,767.9747
16,-0.696,-0.433,9.85,0.863,1.373,0.894,1.390,-1.597,-0.012,-0.005,-0.008,0.26,0.48,-120.00,0.0003,0.0028,0.0002,770.5103,768.1688,770.7394,767.9192
16,-0.713,-0.441,9.90,0.863,1.373,0.893,1.389,-1.597,-0.012,-0.006,-0.008,0.26,0.48,-120.00,0.0000,0.0029,0.0004,770.1194,768.3000,770.4605,768.0462
16,-0.730,-0.449,9.95,0.863,1.373,0.892,1.388,-1.597,-0.011,-0.007,-0.008,0.26,0.49,-120.00,-0.0013,0.0028,-0.0006,769.9937,768.2043,770.0747,768.2338
17,2.749,-0.837,0.00,0.863,1.373,0.783,1.487,-1.607,0.010,0.111,0.000,2.26,-0.65,-120.02,0.0001,-0.0362,0.0013,764.5181,773.9852,771.5289,765.9876
17,2.728,-0.791,0.05,0.863,1.373,0.783,1.487,-1.607,0.010,0.111,0.000,2.26,-0.65,-120.02,0.0001,-0.0362,0.0013,764.5181,773.9852,771.5289,765.9876
17,2.709,-0.746,0.10,0.863,1.373,0.785,1.496,-1.607,0.018,0.110,0.000,2.26,-0.75,-120.04,-0.0005,-0.0358,0.0011,764.3642,774.0240,771.3143,765.9991
17,2.693,-0.703,0.15,0.863,1.373,0.786,1.500,-1.607,0.021,0.109,0.000,2.25,-0.85,-120.07,-0.0019,-0.0345,0.0010,764.1913,774.2122,771.0930,765.7570
17,2.680,-0.662,0.20,0.863,1.373,0.789,1.508,-1.608,0.028,0.106,0.000,2.25,-0.94,-120.11,-0.0026,-0.0336,0.0013,764.3134,774.3796,770.8284,765.4507
17,2.669,-0.623,0.25,0.863,1.373,0.790,1.513,-1.608,0.032,0.104,0.000,2.24,-1.04,-120.17,-0.0021,-0.0320,0.0025,764.5349,774.6824,770.3458,765.3965
17,2.661,-0.585,0.30,0.863,1.373,0.793,1.521,-1.608,0.037,0.099,0.001,2.23,-1.12,-120.22,-0.0032,-0.0293,0.0022,764.6282,775.3352,770.1803,765.2230
17,2.656,-0.548,0.35,0.863,1.373,0.795,1.524,-1.608,0.040,0.097,0.001,2.22,-1.21,-120.27,-0.0028,-0.0285,0.0044,765.1820,775.6355,770.0024,765.0782
17,2.653,-0.514,0.40,0.863,1.373,0.798,1.531,-1.607,0.044,0.091,0.001,2.21,-1.29,-120.32,-0.0031,-0.0266,0.0044,765.6428,775.9751,770.0695,764.7792
17,2.653,-0.481,0.45,0.863,1.373,0.800,1.535,-1.607,0.047,0.087,0.001,2.20,-1.36,-120.36,-0.0047,-0.0231,0.0067,765.6742,776.6254,769.5501,764.9208
17,2.655,-0.451,0.50,0.863,1.373,0.803,1.541,-1.607,0.050,0.080,0.001,2.18,-1.42,-120.40,-0.0052,-0.0208,0.0076,765.7775,776.8182,769.4695,764.6151
17,2.660,-0.422,0.55,0.863,1.373,0.805,1.543,-1.607,0.052,0.077,0.001,2.17,-1.49,-120.43,-0.0056,-0.0192,0.0100,765.9786,776.7301,769.1813,764.5120
17,2.668,-0.395,0.60,0.863,1.373,0.810,1.549,-1.607,0.056,0.070,0.001,2.15,-1.54,-120.46,-0.0064,-0.0175,0.0107,765.9520,776.8109,768.8256,764.6238
17,2.678,-0.370,0.65,0.863,1.373,0.813,1.552,-1.607,0.058,0.065,0.001,2.13,-1.59,-120.48,-0.0093,-0.0174,0.0127,766.0536,776.6661,769.2271,764.1325
17,2.691,-0.347,0.70,0.863,1.373,0.818,1.556,-1.607,0.061,0.057,0.000,2.10,-1.63,-120.49,-0.0123,-0.0136,0.0154,765.1143,777.2199,768.7386,764.5737
17,2.707,-0.326,0.75,0.863,1.373,0.821,1.558,-1.607,0.062,0.054,0.000,2.06,-1.67,-120.50,-0.0126,-0.0128,0.0178,764.9469,776.9180,768.4315,764.9169
17,2.725,-0.307,0.80,0.863,1.373,0.827,1.562,-1.607,0.065,0.046,0.000,2.02,-1.71,-120.50,-0.0148,-0.0130,0.0179,764.7426,776.6129,768.7579,764.6201
17,2.745,-0.290,0.85,0.863,1.373,0.830,1.565,-1.608,0.066,0.042,0.000,1.98,-1.75,-120.50,-0.0157,-0.0128,0.0202,764.3034,776.3995,768.9783,764.5975
17,2.768,-0.276,0.90,0.863,1.373,0.836,1.568,-1.608,0.067,0.035,0.001,1.94,-1.79,-120.49,-0.0156,-0.0128,0.0207,764.2863,775.9032,769.1065,764.6617
17,2.794,-0.263,0.95,0.863,1.373,0.839,1.570,-1.608,0.068,0.031,0.001,1.89,-1.82,-120.48,-0.0158,-0.0104,0.0229,763.7311,775.9795,769.0190,765.2233
17,2.822,-0.252,1.00,0.863,1.373,0.903,1.537,-1.602,0.012,-0.061,-0.001,1.27,-1.59,-120.34,-0.0015,0.0092,0.0153,763.6271,776.2429,770.3332,767.5391
17,2.853,-0.244,1.05,0.863,1.373,0.903,1.537,-1.602,0.012,-0.061,-0.001,1.27,-1.59,-120.34,-0.0015,0.0092,0.0153,763.6271,776.2429,770.3332,767.5391
17,2.886,-0.237,1.10,0.863,1.373,0.903,1.535,-1.601,0.010,-0.061,-0.001,1.26,-1.56,-120.34,0.0000,0.0095,0.0164,763.4888,776.4899,769.8428,767.8195
17,2.921,-0.233,1.15,0.863,1.373,0.904,1.532,-1.601,0.008,-0.060,-0.002,1.26,-1.53,-120.35,-0.0004,0.0076,0.0156,763.4132,776.5354,769.8389,767.5916
17,2.959,-0.231,1.20,0.863,1.373,0.905,1.530,-1.601,0.007,-0.060,-0.002,1.26,-1.52,-120.35,0.0001,0.0054,0.0165,763.2324,776.5047,769.5148,767.5882
17,2.999,-0.230,1.25,0.863,1.373,0.906,1.528,-1.601,0.006,-0.058,-0.003,1.26,-1.50,-120.35,0.0002,0.0033,0.0169,763.3391,776.0964,769.4893,767.4056
17,3.042,-0.232,1.30,0.863,1.373,0.907,1.527,-1.602,0.006,-0.057,-0.003,1.26,-1.49,-120.34,0.0007,0.0020,0.0155,762.9564,776.1854,768.8932,767.7412
17,3.086,-0.237,1.35,0.863,1.373,0.909,1.524,-1.602,0.006,-0.056,-0.003,1.26,-1.49,-120.34,-0.0007,-0.0009,0.0163,762.8573,775.9241,768.9992,767.2676
17,3.133,-0.243,1.40,0.863,1.373,0.910,1.523,-1.602,0.007,-0.055,-0.003,1.26,-1.49,-120.34,-0.0010,-0.0017,0.0164,762.5864,775.9518,768.4554,767.6211
17,3.182,-0.251,1.45,0.863,1.373,0.912,1.521,-1.603,0.007,-0.053,-0.003,1.25,-1.50,-120.33,-0.0025,-0.0026,0.0166,762.3635,775.8361,768.3922,767.7589
17,3.233,-0.262,1.50,0.863,1.373,0.913,1.520,-1.603,0.008,-0.053,-0.003,1.25,-1.51,-120.32,-0.0038,-0.0046,0.0168,762.5769,775.4767,768.6614,767.5460
17,3.286,-0.274,1.55,0.863,1.373,0.916,1.518,-1.604,0.009,-0.051,-0.003,1.23,-1.52,-120.31,-0.0060,-0.0052,0.0169,762.3224,775.5554,768.7900,767.5723
17,3.341,-0.289,1.60,0.863,1.373,0.917,1.516,-1.604,0.009,-0.051,-0.002,1.22,-1.54,-120.29,-0.0068,-0.0060,0.0163,762.2984,775.3737,768.8661,767.6182
17,3.398,-0.306,1.65,0.863,1.373,0.919,1.514,-1.605,0.010,-0.049,-0.002,1.20,-1.56,-120.28,-0.0074,-0.0067,0.0170,762.1687,775.1771,768.8847,767.6240
17,3.457,-0.324,1.70,0.863,1.373,0.920,1.513,-1.605,0.010,-0.049,-0.002,1.18,-1.57,-120.27,-0.0080,-0.0059,0.0166,762.0248,775.1442,768.9856,767.7682
17,3.518,-0.345,1.75,0.863,1.373,0.922,1.511,-1.605,0.010,-0.048,-0.001,1.15,-1.59,-120.25,-0.0072,-0.0060,0.0161,762.1815,774.9454,769.0553,767.9620
17,3.580,-0.368,1.80,0.863,1.373,0.923,1.510,-1.605,0.010,-0.047,-0.001,1.13,-1.61,-120.24,-0.0066,-0.0054,0.0158,762.2559,775.1290,769.2104,768.2097
17,3.644,-0.393,1.85,0.863,1.373,0.925,1.507,-1.605,0.009,-0.047,-0.000,1.11,-1.62,-120.22,-0.0058,-0.0041,0.0147,762.2443,775.0753,769.2064,768.4346
17,3.710,-0.419,1.90,0.863,1.373,0.925,1.506,-1.605,0.009,-0.046,-0.000,1.09,-1.63,-120.21,-0.0066,-0.0029,0.0142,761.9470,775.2443,769.1594,768.4507
17,3.777,-0.448,1.95,0.863,1.373,0.926,1.503,-1.606,0.008,-0.046,0.000,1.08,-1.64,-120.20,-0.0056,-0.0028,0.0139,761.9934,774.9631,769.1310,768.4570
17,3.845,-0.478,2.00,0.863,1.373,0.914,1.449,-1.609,-0.011,-0.027,0.005,1.01,-1.49,-120.09,0.0024,0.0016,0.0046,762.5168,775.5520,768.4110,768.7996
17,3.915,-0.511,2.05,0.863,1.373,0.914,1.449,-1.609,-0.011,-0.027,0.005,1.01,-1.49,-120.09,0.0024,0.0016,0.0046,762.5168,775.5520,768.4110,768.7996
17,3.987,-0.545,2.10,0.863,1.373,0.912,1.448,-1.609,-0.011,-0.025,0.005,1.02,-1.49,-120.10,0.0028,0.0011,0.0037,762.4369,775.7309,768.3482,768.8276
17,4.059,-0.581,2.15,0.863,1.373,0.910,1.447,-1.610,-0.011,-0.023,0.005,1.02,-1.48,-120.10,0.0020,0.0011,0.0038,762.3777,775.8987,768.3581,768.7516
17,4.133,-0.619,2.20,0.863,1.373,0.907,1.446,-1.609,-0.011,-0.019,0.005,1.03,-1.48,-120.10,0.0017,0.0005,0.0054,762.3330,775.9377,768.3463,768.6904
17,4.208,-0.658,2.25,0.863,1.373,0.906,1.445,-1.609,-0.011,-0.017,0.005,1.03,-1.48,-120.10,0.0032,-0.0005,0.0045,762.1451,776.3123,768.3804,768.8895
17,4.284,-0.699,2.30,0.863,1.373,0.903,1.445,-1.609,-0.011,-0.013,0.005,1.04,-1.49,-120.10,0.0034,-0.0020,0.0052,762.3199,776.4961,768.3031,769.1035
17,4.361,-0.742,2.35,0.863,1.373,0.902,1.445,-1.609,-0.011,-0.011,0.005,1.05,-1.49,-120.10,0.0050,-0.0038,0.0044,762.1298,776.7927,768.6793,768.9368
17,4.439,-0.787,2.40,0.863,1.373,0.899,1.445,-1.608,-0.012,-0.005,0.004,1.07,-1.51,-120.10,0.0068,-0.0043,0.0042,761.8995,776.9948,768.4874,769.1742
17,4.517,-0.832,2.45,0.863,1.373,0.897,1.446,-1.608,-0.011,-0.003,0.004,1.09,-1.52,-120.10,0.0079,-0.0072,0.0037,762.1708,776.7026,768.5834,768.9739
17,4.596,-0.880,2.50,0.863,1.373,0.895,1.446,-1.608,-0.011,0.002,0.004,1.12,-1.54,-120.10,0.0077,-0.0077,0.0053,761.8019,777.0592,768.6259,768.7656
17,4.676,-0.929,2.55,0.863,1.373,0.894,1.447,-1.608,-0.011,0.004,0.004,1.14,-1.56,-120.10,0.0091,-0.0080,0.0037,761.7742,777.0151,768.1907,769.0847
17,4.757,-0.979,2.60,0.863,1.373,0.892,1.449,-1.608,-0.010,0.009,0.003,1.17,-1.59,-120.11,0.0091,-0.0110,0.0045,761.8164,776.9895,768.4465,768.8223
17,4.838,-1.031,2.65,0.863,1.373,0.891,1.450,-1.608,-0.009,0.011,0.003,1.20,-1.62,-120.11,0.0105,-0.0120,0.0046,761.9114,776.8259,768.2009,768.9481
17,4.919,-1.084,2.70,0.863,1.373,0.889,1.452,-1.608,-0.008,0.016,0.003,1.23,-1.66,-120.11,0.0095,-0.0133,0.0042,761.9213,776.7480,768.2711,768.8705
17,5.000,-1.138,2.75,0.863,1.373,0.889,1.453,-1.608,-0.007,0.018,0.003,1.25,-1.69,-120.11,0.0098,-0.0139,0.0050,761.5417,776.9758,768.0410,769.0092
17,5.082,-1.193,2.80,0.863,1.373,0.887,1.457,-1.609,-0.006,0.022,0.002,1.28,-1.74,-120.11,0.0099,-0.0155,0.0035,761.4225,776.8581,767.9310,768.7477
17,5.164,-1.250,2.85,0.863,1.373,0.887,1.458,-1.609,-0.005,0.024,0.002,1.31,-1.78,-120.11,0.0088,-0.0172,0.0051,761.3428,776.7815,768.1556,768.4384
17,5.246,-1.307,2.90,0.863,1.373,0.886,1.461,-1.609,-0.004,0.027,0.003,1.33,-1.83,-120.11,0.0091,-0.0158,0.0049,761.0702,777.0511,767.8502,768.7485
17,5.328,-1.366,2.95,0.863,1.373,0.885,1.463,-1.609,-0.004,0.028,0.003,1.35,-1.88,-120.11,0.0094,-0.0170,0.0056,761.2626,776.8675,767.9256,768.6454
17,5.409,-1.425,3.00,0.863,1.373,0.892,1.475,-1.609,0.014,-0.003,0.004,1.37,-2.30,-120.09,-0.0094,-0.0026,0.0032,760.8248,777.4846,768.1589,768.7003
17,5.491,-1.486,3.05,0.863,1.373,0.892,1.475,-1.609,0.014,-0.003,0.004,1.37,-2.30,-120.09,-0.0094,-0.0026,0.0032,760.8248,777.4846,768.1589,768.7003
17,5.572,-1.547,3.10,0.863,1.373,0.892,1.475,-1.609,0.014,-0.004,0.004,1.35,-2.30,-120.08,-0.0096,-0.0006,0.0043,760.6670,777.6481,768.1594,768.6532
17,5.653,-1.609,3.15,0.863,1.373,0.894,1.475,-1.609,0.014,-0.003,0.003,1.32,-2.31,-120.08,-0.0094,-0.0032,0.0027,760.1827,778.0065,768.2327,768.6080
17,5.733,-1.671,3.20,0.863,1.373,0.895,1.474,-1.608,0.014,-0.003,0.003,1.30,-2.31,-120.08,-0.0095,-0.0014,0.0044,759.8596,778.5092,767.9584,768.9040
17,5.813,-1.735,3.25,0.863,1.373,0.896,1.475,-1.608,0.012,-0.001,0.003,1.27,-2.32,-120.08,-0.0084,-0.0042,0.0038,760.1391,778.3848,768.4263,768.5872
17,5.892,-1.798,3.30,0.863,1.373,0.896,1.475,-1.607,0.011,0.000,0.003,1.25,-2.33,-120.08,-0.0048,-0.0056,0.0035,759.6815,779.2115,768.4274,768.8120
17,5.970,-1.863,3.35,0.863,1.373,0.896,1.476,-1.606,0.008,0.004,0.002,1.24,-2.35,-120.08,-0.0036,-0.0063,0.0039,759.7155,779.4432,768.6642,768.9059
17,6.048,-1.928,3.40,0.863,1.373,0.896,1.476,-1.605,0.006,0.006,0.002,1.23,-2.37,-120.07,0.0005,-0.0071,0.0036,759.5881,779.8461,768.8120,769.0099
17,6.125,-1.993,3.45,0.863,1.373,0.896,1.478,-1.604,0.002,0.010,0.001,1.24,-2.39,-120.07,0.0043,-0.0081,0.0036,759.6580,779.7916,769.1024,768.8154
17,6.200,-2.058,3.50,0.863,1.373,0.896,1.478,-1.604,0.000,0.012,-0.000,1.25,-2.41,-120.06,0.0071,-0.0093,0.0028,759.4547,779.8754,769.0385,768.7974
17,6.275,-2.124,3.55,0.863,1.373,0.895,1.480,-1.604,-0.004,0.017,-0.001,1.28,-2.44,-120.06,0.0116,-0.0105,0.0022,759.1185,779.9349,769.0016,768.6097
17,6.349,-2.190,3.60,0.863,1.373,0.894,1.481,-1.603,-0.006,0.019,-0.002,1.31,-2.47,-120.06,0.0134,-0.0114,0.0022,758.7539,780.1686,768.5898,768.7496
17,6.421,-2.256,3.65,0.863,1.373,0.894,1.484,-1.603,-0.010,0.024,-0.003,1.36,-2.50,-120.06,0.0172,-0.0116,0.0025,758.7440,779.9200,768.5215,768.5505
17,6.492,-2.322,3.70,0.863,1.373,0.893,1.485,-1.603,-0.012,0.026,-0.003,1.40,-2.53,-120.05,0.0179,-0.0112,0.0023,758.6664,779.8643,768.7596,768.2424
17,6.562,-2.387,3.75,0.863,1.373,0.893,1.488,-1.603,-0.015,0.030,-0.004,1.46,-2.57,-120.05,0.0190,-0.0129,0.0017,758.5701,779.9147,768.4812,768.3634
17,6.630,-2.453,3.80,0.863,1.373,0.892,1.490,-1.603,-0.017,0.032,-0.004,1.51,-2.60,-120.05,0.0179,-0.0139,0.0027,758.3878,779.9964,768.3239,768.2366
17,6.697,-2.519,3.85,0.863,1.373,0.892,1.494,-1.603,-0.020,0.036,-0.005,1.56,-2.65,-120.05,0.0183,-0.0152,0.0023,758.3268,779.8599,768.2601,768.1708
17,6.763,-2.584,3.90,0.863,1.373,0.891,1.496,-1.603,-0.021,0.038,-0.005,1.62,-2.69,-120.05,0.0194,-0.0164,0.0022,758.2888,779.6791,768.2095,767.9971
17,6.826,-2.649,3.95,0.863,1.373,0.890,1.500,-1.603,-0.023,0.041,-0.005,1.67,-2.73,-120.05,0.0183,-0.0159,0.0015,757.8069,780.0601,767.9448,768.1967
17,6.888,-2.714,4.00,0.863,1.373,0.856,1.529,-1.594,-0.033,0.014,-0.012,2.50,-3.06,-120.11,0.0068,-0.0038,0.0034,758.0287,781.7004,768.8501,767.4338
17,6.949,-2.778,4.05,0.863,1.373,0.856,1.529,-1.594,-0.033,0.014,-0.012,2.50,-3.06,-120.11,0.0068,-0.0038,0.0034,758.0287,781.7004,768.8501,767.4338
17,7.007,-2.842,4.10,0.863,1.373,0.855,1.530,-1.593,-0.031,0.012,-0.012,2.52,-3.06,-120.11,0.0060,-0.0022,0.0034,757.5259,782.3311,768.4896,767.8857
17,7.064,-2.905,4.15,0.863,1.373,0.854,1.532,-1.593,-0.030,0.012,-0.013,2.53,-3.07,-120.12,0.0027,-0.0046,0.0033,757.4050,782.4436,768.9802,767.2462
17,7.119,-2.968,4.20,0.863,1.373,0.853,1.534,-1.592,-0.028,0.012,-0.014,2.54,-3.09,-120.12,0.0007,-0.0058,0.0035,757.0159,782.7653,769.0040,767.1274
17,7.171,-3.029,4.25,0.863,1.373,0.853,1.535,-1.592,-0.027,0.012,-0.014,2.54,-3.10,-120.12,0.0011,-0.0063,0.0035,756.8632,782.9510,768.8638,767.2869
17,7.222,-3.090,4.30,0.863,1.373,0.852,1.537,-1.591,-0.026,0.014,-0.015,2.53,-3.12,-120.12,0.0001,-0.0088,0.0046,756.7088,783.1882,769.1854,767.0771
17,7.270,-3.150,4.35,0.863,1.373,0.851,1.539,-1.591,-0.025,0.015,-0.016,2.54,-3.15,-120.12,0.0012,-0.0099,0.0046,756.2969,783.5211,769.2762,767.0630
17,7.317,-3.210,4.40,0.863,1.373,0.850,1.542,-1.590,-0.025,0.017,-0.017,2.54,-3.18,-120.13,0.0033,-0.0118,0.0038,756.3305,783.5462,769.4612,766.8326
17,7.361,-3.268,4.45,0.863,1.373,0.850,1.543,-1.590,-0.026,0.018,-0.017,2.55,-3.22,-120.13,0.0047,-0.0131,0.0040,756.2726,783.7758,769.8252,766.5464
17,7.403,-3.325,4.50,0.863,1.373,0.849,1.545,-1.589,-0.027,0.020,-0.018,2.57,-3.25,-120.13,0.0067,-0.0127,0.0039,756.0209,784.0812,769.7322,766.6048
17,7.443,-3.382,4.55,0.863,1.373,0.848,1.547,-1.589,-0.028,0.021,-0.018,2.59,-3.29,-120.13,0.0104,-0.0130,0.0043,756.0160,784.1419,769.7177,766.5679
17,7.480,-3.437,4.60,0.863,1.373,0.846,1.550,-1.588,-0.029,0.023,-0.019,2.62,-3.32,-120.13,0.0128,-0.0131,0.0046,756.0735,783.9820,769.8344,766.3051
17,7.515,-3.490,4.65,0.863,1.373,0.845,1.551,-1.588,-0.031,0.024,-0.020,2.66,-3.36,-120.13,0.0142,-0.0126,0.0039,755.9156,784.0107,770.0383,765.8271
17,7.548,-3.543,4.70,0.863,1.373,0.842,1.554,-1.587,-0.033,0.026,-0.021,2.70,-3.40,-120.13,0.0175,-0.0120,0.0041,755.6429,784.2093,769.5862,766.1553
17,7.578,-3.594,4.75,0.863,1.373,0.840,1.556,-1.587,-0.035,0.027,-0.022,2.76,-3.43,-120.13,0.0194,-0.0103,0.0047,755.2600,784.4423,769.5333,765.9631
17,7.606,-3.644,4.80,0.863,1.373,0.837,1.559,-1.586,-0.038,0.029,-0.023,2.81,-3.46,-120.13,0.0218,-0.0109,0.0045,755.3896,784.0358,769.6035,765.7033
17,7.631,-3.693,4.85,0.863,1.373,0.836,1.561,-1.586,-0.039,0.029,-0.023,2.87,-3.49,-120.13,0.0219,-0.0101,0.0043,754.8089,784.2984,769.5087,765.4434
17,7.654,-3.740,4.90,0.863,1.373,0.832,1.565,-1.587,-0.041,0.030,-0.024,2.94,-3.52,-120.13,0.0238,-0.0100,0.0049,754.7600,784.0459,769.3855,765.3125
17,7.674,-3.785,4.95,0.863,1.373,0.830,1.567,-1.587,-0.042,0.030,-0.025,3.01,-3.55,-120.13,0.0249,-0.0089,0.0048,754.5543,784.0612,769.1319,765.3669
17,7.691,-3.829,5.00,0.863,1.373,0.796,1.570,-1.603,-0.016,-0.011,-0.009,3.65,-3.68,-120.16,0.0040,0.0018,0.0062,752.3961,784.0649,768.4452,762.8115
17,7.706,-3.872,5.05,0.863,1.373,0.796,1.570,-1.603,-0.016,-0.011,-0.009,3.65,-3.68,-120.16,0.0040,0.0018,0.0062,752.3961,784.0649,768.4452,762.8115
17,7.719,-3.913,5.10,0.863,1.373,0.794,1.569,-1.604,-0.014,-0.013,-0.007,3.66,-3.68,-120.16,0.0035,0.0019,0.0059,752.2313,784.1086,768.2990,762.9768
17,7.729,-3.952,5.15,0.863,1.373,0.793,1.568,-1.605,-0.014,-0.013,-0.007,3.67,-3.67,-120.16,0.0024,0.0018,0.0055,752.2087,784.2966,768.4306,762.9548
17,7.736,-3.989,5.20,0.863,1.373,0.792,1.567,-1.605,-0.013,-0.014,-0.006,3.67,-3.67,-120.16,0.0011,0.0016,0.0068,751.8736,784.6096,768.3895,762.8780
17,7.740,-4.025,5.25,0.863,1.373,0.791,1.567,-1.606,-0.012,-0.014,-0.006,3.67,-3.67,-120.16,0.0016,0.0012,0.0060,751.7823,784.6727,768.7314,762.5560
17,7.742,-4.058,5.30,0.863,1.373,0.790,1.566,-1.607,-0.012,-0.013,-0.005,3.68,-3.67,-120.16,0.0018,0.0005,0.0060,751.4580,784.8182,768.5949,762.5668
17,7.742,-4.090,5.35,0.863,1.373,0.789,1.565,-1.607,-0.012,-0.013,-0.005,3.68,-3.67,-120.16,0.0035,0.0001,0.0060,751.1470,785.0852,768.6043,762.4233
17,7.738,-4.120,5.40,0.863,1.373,0.787,1.565,-1.608,-0.013,-0.011,-0.004,3.69,-3.67,-120.16,0.0050,-0.0004,0.0059,751.2528,784.8516,768.8693,761.9130
17,7.732,-4.148,5.45,0.863,1.373,0.786,1.565,-1.609,-0.013,-0.011,-0.004,3.71,-3.68,-120.16,0.0078,-0.0027,0.0068,750.8656,785.1042,768.7046,762.0442
17,7.724,-4.175,5.50,0.863,1.373,0.784,1.564,-1.610,-0.014,-0.008,-0.003,3.73,-3.68,-120.16,0.0094,-0.0022,0.0060,750.7299,785.1688,768.9484,761.7314
17,7.713,-4.199,5.55,0.863,1.373,0.783,1.564,-1.610,-0.014,-0.007,-0.002,3.75,-3.69,-120.16,0.0105,-0.0041,0.0070,750.5668,785.4669,768.8266,761.8867
17,7.699,-4.221,5.60,0.863,1.373,0.781,1.564,-1.611,-0.015,-0.005,-0.002,3.79,-3.70,-120.16,0.0126,-0.0041,0.0059,750.5058,785.5374,768.7018,761.9447
17,7.682,-4.241,5.65,0.863,1.373,0.780,1.565,-1.611,-0.015,-0.004,-0.001,3.82,-3.72,-120.16,0.0137,-0.0053,0.0053,750.8250,785.2910,768.8602,761.8969
17,7.663,-4.260,5.70,0.863,1.373,0.779,1.566,-1.612,-0.016,-0.001,-0.000,3.86,-3.73,-120.16,0.0142,-0.0057,0.0059,750.6949,785.6282,769.1335,761.7081
17,7.642,-4.276,5.75,0.863,1.373,0.778,1.566,-1.612,-0.016,0.000,0.000,3.90,-3.75,-120.16,0.0176,-0.0055,0.0058,750.7811,785.7424,768.9735,761.8170
17,7.618,-4.290,5.80,0.863,1.373,0.777,1.568,-1.613,-0.016,0.003,0.001,3.95,-3.77,-120.16,0.0170,-0.0089,0.0054,750.5410,785.9507,768.9660,761.6221
17,7.591,-4.302,5.85,0.863,1.373,0.776,1.568,-1.614,-0.016,0.004,0.001,3.99,-3.79,-120.17,0.0176,-0.0097,0.0060,750.4707,785.9417,768.8019,761.5673
17,7.562,-4.312,5.90,0.863,1.373,0.775,1.569,-1.615,-0.016,0.006,0.001,4.04,-3.82,-120.17,0.0163,-0.0095,0.0059,750.5209,785.6513,769.0327,761.0545
17,7.531,-4.320,5.95,0.863,1.373,0.774,1.570,-1.615,-0.016,0.007,0.002,4.08,-3.85,-120.17,0.0149,-0.0104,0.0052,750.3201,785.6940,768.8295,761.0496
17,7.497,-4.325,6.00,0.863,1.373,0.758,1.528,-1.618,0.006,-0.015,0.012,4.46,-3.72,-120.17,0.0003,0.0021,0.0063,749.9969,787.4292,769.5731,761.2788
17,7.461,-4.329,6.05,0.863,1.373,0.758,1.528,-1.618,0.006,-0.015,0.012,4.46,-3.72,-120.17,0.0003,0.0021,0.0063,749.9969,787.4292,769.5731,761.2788
17,7.422,-4.330,6.10,0.863,1.373,0.758,1.527,-1.618,0.007,-0.015,0.012,4.46,-3.72,-120.17,0.0014,0.0006,0.0066,750.0286,787.7437,769.9007,761.2578
17,7.381,-4.330,6.15,0.863,1.373,0.759,1.526,-1.617,0.009,-0.013,0.011,4.46,-3.72,-120.17,-0.0003,-0.0021,0.0055,750.3745,787.5656,770.4268,761.0455
17,7.338,-4.327,6.20,0.863,1.373,0.759,1.525,-1.617,0.010,-0.012,0.011,4.47,-3.73,-120.17,0.0013,-0.0044,0.0066,750.5865,787.4568,770.4050,761.1049
17,7.293,-4.322,6.25,0.863,1.373,0.760,1.524,-1.616,0.012,-0.011,0.010,4.47,-3.74,-120.17,0.0008,-0.0042,0.0060,750.5544,787.6384,770.5536,761.0120
17,7.245,-4.315,6.30,0.863,1.373,0.760,1.524,-1.616,0.013,-0.010,0.010,4.47,-3.76,-120.17,0.0012,-0.0064,0.0065,750.5350,787.7582,770.6509,760.9112
17,7.196,-4.306,6.35,0.863,1.373,0.761,1.523,-1.615,0.014,-0.009,0.009,4.47,-3.77,-120.17,0.0010,-0.0049,0.0064,750.4784,787.7980,770.5137,760.9957
17,7.144,-4.295,6.40,0.863,1.373,0.761,1.523,-1.615,0.014,-0.008,0.009,4.47,-3.79,-120.17,0.0022,-0.0062,0.0056,750.6675,787.6011,770.7678,760.6787
17,7.090,-4.282,6.45,0.863,1.373,0.762,1.523,-1.615,0.015,-0.006,0.008,4.48,-3.81,-120.17,0.0017,-0.0055,0.0070,750.5836,787.4197,770.6689,760.4013
17,7.034,-4.266,6.50,0.863,1.373,0.762,1.523,-1.615,0.015,-0.006,0.008,4.48,-3.83,-120.17,0.0032,-0.0066,0.0059,750.1931,787.6031,770.3932,760.5764
17,6.977,-4.249,6.55,0.863,1.373,0.763,1.524,-1.615,0.015,-0.004,0.007,4.49,-3.85,-120.17,0.0041,-0.0054,0.0071,750.3708,787.3965,770.4702,760.3107
17,6.917,-4.230,6.60,0.863,1.373,0.763,1.525,-1.615,0.015,-0.003,0.007,4.51,-3.87,-120.17,0.0054,-0.0070,0.0067,750.4899,787.3115,770.6030,760.2737
17,6.856,-4.208,6.65,0.863,1.373,0.763,1.527,-1.614,0.015,-0.001,0.007,4.52,-3.89,-120.17,0.0067,-0.0073,0.0063,750.3135,787.3869,770.7037,760.1033
17,6.793,-4.185,6.70,0.863,1.373,0.763,1.528,-1.614,0.015,-0.001,0.007,4.54,-3.92,-120.17,0.0086,-0.0080,0.0062,750.2968,787.6173,770.7241,760.2167
17,6.728,-4.159,6.75,0.863,1.373,0.763,1.530,-1.614,0.015,0.001,0.006,4.56,-3.94,-120.17,0.0099,-0.0096,0.0067,750.4445,787.6016,770.8485,760.1028
17,6.662,-4.132,6.80,0.863,1.373,0.763,1.532,-1.614,0.015,0.001,0.006,4.59,-3.97,-120.17,0.0110,-0.0090,0.0064,750.2675,787.6672,770.8649,760.1624
17,6.595,-4.103,6.85,0.863,1.373,0.762,1.535,-1.614,0.014,0.002,0.005,4.61,-3.99,-120.17,0.0115,-0.0093,0.0071,750.2468,787.5463,770.7402,759.9885
17,6.525,-4.071,6.90,0.863,1.373,0.762,1.536,-1.614,0.014,0.002,0.005,4.65,-4.02,-120.17,0.0116,-0.0106,0.0076,750.0867,787.5021,770.4557,760.0006
17,6.455,-4.038,6.95,0.863,1.373,0.762,1.539,-1.614,0.014,0.002,0.005,4.67,-4.05,-120.17,0.0119,-0.0110,0.0076,750.1323,787.1830,770.4624,759.8168
17,6.383,-4.004,7.00,0.863,1.373,0.781,1.533,-1.606,0.023,-0.048,-0.001,4.73,-4.07,-120.13,-0.0038,0.0034,0.0053,749.7039,786.9807,770.6466,759.4147
17,6.310,-3.967,7.05,0.863,1.373,0.781,1.533,-1.606,0.023,-0.048,-0.001,4.73,-4.07,-120.13,-0.0038,0.0034,0.0053,749.7039,786.9807,770.6466,759.4147
17,6.236,-3.929,7.10,0.863,1.373,0.782,1.532,-1.606,0.023,-0.049,-0.001,4.71,-4.06,-120.13,-0.0031,0.0051,0.0049,749.7039,786.9807,770.6466,759.4147
17,6.161,-3.888,7.15,0.863,1.373,0.783,1.530,-1.606,0.023,-0.050,-0.001,4.70,-4.05,-120.13,-0.0011,0.0034,0.0055,749.7820,786.7495,770.4695,759.3853
17,6.084,-3.847,7.20,0.863,1.373,0.783,1.528,-1.607,0.022,-0.051,-0.001,4.70,-4.04,-120.13,-0.0013,0.0029,0.0054,749.7820,786.7495,770.4695,759.3853
17,6.007,-3.803,7.25,0.863,1.373,0.784,1.526,-1.607,0.022,-0.053,-0.000,4.70,-4.03,-120.13,-0.0003,0.0032,0.0053,750.0159,786.3131,770.7914,759.0201
17,5.929,-3.758,7.30,0.863,1.373,0.785,1.525,-1.607,0.022,-0.054,-0.000,4.70,-4.02,-120.13,0.0005,0.0052,0.0045,750.0159,786.3131,770.7914,759.0201
17,5.850,-3.712,7.35,0.863,1.373,0.785,1.522,-1.608,0.021,-0.056,0.001,4.70,-4.01,-120.13,0.0018,0.0054,0.0049,750.1691,786.2474,770.1981,759.5295
17,5.771,-3.664,7.40,0.863,1.373,0.786,1.521,-1.608,0.021,-0.058,0.001,4.70,-3.99,-120.12,0.0014,0.0049,0.0052,750.1691,786.2474,770.1981,759.5295
17,5.691,-3.615,7.45,0.863,1.373,0.786,1.517,-1.608,0.021,-0.061,0.002,4.70,-3.97,-120.12,0.0002,0.0061,0.0056,750.5214,785.7203,770.7811,758.9824
17,5.610,-3.564,7.50,0.863,1.373,0.786,1.516,-1.609,0.020,-0.063,0.002,4.70,-3.96,-120.12,-0.0005,0.0090,0.0052,750.5214,785.7203,770.7811,758.9824
17,5.529,-3.512,7.55,0.863,1.373,0.787,1.512,-1.609,0.020,-0.066,0.003,4.69,-3.93,-120.12,-0.0013,0.0111,0.0050,750.1151,785.7577,770.3220,759.4127
17,5.448,-3.458,7.60,0.863,1.373,0.787,1.509,-1.610,0.020,-0.068,0.003,4.69,-3.90,-120.11,-0.0020,0.0113,0.0048,750.1151,785.7577,770.3220,759.4127
17,5.366,-3.404,7.65,0.863,1.373,0.787,1.505,-1.610,0.020,-0.072,0.004,4.68,-3.86,-120.11,-0.0035,0.0124,0.0057,750.3522,785.4048,770.5060,759.3215
17,5.285,-3.348,7.70,0.863,1.373,0.787,1.502,-1.611,0.020,-0.073,0.005,4.67,-3.83,-120.11,-0.0048,0.0144,0.0047,750.3522,785.4048,770.5060,759.3215
17,5.203,-3.291,7.75,0.863,1.373,0.787,1.497,-1.611,0.021,-0.076,0.006,4.65,-3.78,-120.10,-0.0059,0.0145,0.0051,750.4371,785.4742,770.7319,759.4609
17,5.121,-3.233,7.80,0.863,1.373,0.787,1.494,-1.611,0.021,-0.078,0.007,4.63,-3.75,-120.10,-0.0057,0.0162,0.0052,750.4371,785.4742,770.7319,759.4609
17,5.039,-3.175,7.85,0.863,1.373,0.787,1.488,-1.612,0.021,-0.081,0.008,4.61,-3.70,-120.09,-0.0070,0.0161,0.0045,750.4292,785.6948,770.7655,760.0126
17,4.957,-3.115,7.90,0.863,1.373,0.787,1.485,-1.612,0.022,-0.082,0.008,4.59,-3.66,-120.09,-0.0070,0.0175,0.0041,750.4292,785.6948,770.7655,760.0126
17,4.876,-3.054,7.95,0.863,1.373,0.787,1.479,-1.612,0.022,-0.084,0.009,4.57,-3.61,-120.09,-0.0082,0.0165,0.0038,750.9256,785.4685,771.1351,759.9111
17,4.795,-2.993,8.00,0.863,1.373,0.801,1.372,-1.609,0.030,-0.037,0.006,4.01,-2.92,-120.07,0.0028,-0.0002,0.0037,751.7124,784.9867,771.0248,760.1365
17,4.714,-2.930,8.05,0.863,1.373,0.801,1.372,-1.609,0.030,-0.037,0.006,4.01,-2.92,-120.07,0.0028,-0.0002,0.0037,751.7124,784.9867,771.0248,760.1365
17,4.634,-2.868,8.10,0.863,1.373,0.801,1.369,-1.609,0.029,-0.032,0.007,4.01,-2.92,-120.07,0.0044,0.0001,0.0044,751.8514,785.0148,770.9572,760.3541
17,4.555,-2.804,8.15,0.863,1.373,0.801,1.368,-1.609,0.028,-0.029,0.007,4.03,-2.93,-120.06,0.0086,-0.0016,0.0031,752.2654,784.8293,771.3326,760.3333
17,4.476,-2.740,8.20,0.863,1.373,0.801,1.367,-1.608,0.028,-0.024,0.007,4.05,-2.93,-120.06,0.0098,-0.0036,0.0035,752.5839,785.0010,771.4441,760.7308
17,4.398,-2.676,8.25,0.863,1.373,0.801,1.366,-1.608,0.028,-0.023,0.007,4.09,-2.95,-120.06,0.0125,-0.0033,0.0043,752.7592,785.0019,771.2737,761.0638
17,4.320,-2.611,8.30,0.863,1.373,0.800,1.366,-1.607,0.029,-0.020,0.007,4.11,-2.95,-120.06,0.0128,-0.0035,0.0041,753.0049,784.9221,771.2292,761.3781
17,4.244,-2.545,8.35,0.863,1.373,0.800,1.365,-1.607,0.029,-0.019,0.006,4.15,-2.97,-120.06,0.0109,-0.0028,0.0041,753.5333,784.4011,771.5388,761.1873
17,4.169,-2.480,8.40,0.863,1.373,0.800,1.364,-1.607,0.031,-0.018,0.006,4.17,-2.98,-120.05,0.0089,-0.0037,0.0044,753.5500,784.1589,771.3364,761.3651
17,4.094,-2.414,8.45,0.863,1.373,0.800,1.364,-1.607,0.031,-0.017,0.006,4.19,-2.99,-120.05,0.0054,-0.0017,0.0050,753.6960,783.8777,771.0605,761.7239
17,4.021,-2.348,8.50,0.863,1.373,0.800,1.363,-1.607,0.034,-0.018,0.006,4.21,-2.99,-120.05,0.0053,-0.0009,0.0050,754.0029,783.3766,771.1011,761.7707
17,3.949,-2.282,8.55,0.863,1.373,0.800,1.363,-1.607,0.035,-0.018,0.006,4.21,-3.00,-120.04,0.0014,-0.0001,0.0050,753.8450,783.2791,771.2315,761.5190
17,3.878,-2.216,8.60,0.863,1.373,0.800,1.361,-1.608,0.037,-0.020,0.006,4.21,-3.00,-120.04,-0.0014,0.0021,0.0036,753.9810,782.8964,771.0367,761.7235
17,3.809,-2.150,8.65,0.863,1.373,0.800,1.361,-1.608,0.038,-0.021,0.006,4.20,-2.99,-120.03,-0.0034,0.0028,0.0049,754.1118,782.7400,771.1970,761.6096
17,3.741,-2.085,8.70,0.863,1.373,0.800,1.359,-1.607,0.041,-0.024,0.006,4.19,-2.99,-120.03,-0.0048,0.0039,0.0043,754.0220,782.6255,771.1224,761.8440
17,3.675,-2.019,8.75,0.863,1.373,0.800,1.358,-1.607,0.042,-0.026,0.006,4.17,-2.97,-120.02,-0.0072,0.0067,0.0045,753.9590,782.8016,771.4094,761.8127
17,3.610,-1.954,8.80,0.863,1.373,0.799,1.355,-1.606,0.045,-0.030,0.007,4.15,-2.96,-120.02,-0.0082,0.0079,0.0027,754.2374,782.7523,771.4582,762.1497
17,3.547,-1.889,8.85,0.863,1.373,0.799,1.354,-1.606,0.046,-0.031,0.007,4.11,-2.93,-120.02,-0.0105,0.0100,0.0033,754.6395,782.7063,771.6141,762.3615
17,3.485,-1.824,8.90,0.863,1.373,0.800,1.351,-1.605,0.048,-0.035,0.007,4.09,-2.91,-120.02,-0.0109,0.0098,0.0035,754.6417,783.0936,771.6227,762.7382
17,3.426,-1.760,8.95,0.863,1.373,0.800,1.350,-1.604,0.050,-0.037,0.007,4.05,-2.87,-120.01,-0.0119,0.0110,0.0032,754.8051,783.1647,771.7945,763.0201
17,3.368,-1.697,9.00,0.863,1.373,0.858,1.285,-1.595,0.056,-0.030,-0.004,2.92,-2.41,-119.99,-0.0056,0.0047,0.0018,755.8959,782.2492,771.7141,763.6630
17,3.312,-1.634,9.05,0.863,1.373,0.858,1.285,-1.595,0.056,-0.030,-0.004,2.92,-2.41,-119.99,-0.0056,0.0047,0.0018,755.8959,782.2492,771.7141,763.6630
17,3.258,-1.572,9.10,0.863,1.373,0.859,1.284,-1.595,0.055,-0.028,-0.004,2.90,-2.40,-119.98,-0.0040,0.0052,0.0005,756.2759,781.6626,771.9080,763.3420
17,3.206,-1.510,9.15,0.863,1.373,0.860,1.282,-1.595,0.051,-0.025,-0.004,2.90,-2.39,-119.98,0.0004,0.0037,0.0007,756.4315,781.4473,771.3900,763.7659
17,3.156,-1.449,9.20,0.863,1.373,0.861,1.280,-1.595,0.049,-0.024,-0.004,2.90,-2.39,-119.98,0.0028,0.0031,0.0015,756.4113,781.3243,771.2299,763.7137
17,3.108,-1.390,9.25,0.863,1.373,0.862,1.278,-1.596,0.047,-0.022,-0.005,2.91,-2.38,-119.97,0.0042,0.0035,0.0014,756.6528,780.8026,771.1021,763.6353
17,3.063,-1.331,9.30,0.863,1.373,0.862,1.277,-1.596,0.045,-0.021,-0.005,2.92,-2.36,-119.97,0.0044,0.0044,0.0013,756.9213,780.3706,771.0729,763.6387
17,3.019,-1.273,9.35,0.863,1.373,0.863,1.275,-1.596,0.043,-0.020,-0.004,2.94,-2.35,-119.97,0.0057,0.0050,0.0007,757.1971,780.1193,770.8795,763.9139
17,2.978,-1.216,9.40,0.863,1.373,0.863,1.274,-1.597,0.043,-0.020,-0.004,2.95,-2.34,-119.96,0.0032,0.0059,0.0021,757.3605,779.8953,770.8751,764.0624
17,2.939,-1.160,9.45,0.863,1.373,0.863,1.272,-1.597,0.042,-0.021,-0.004,2.95,-2.32,-119.96,0.0026,0.0074,0.0007,757.2833,779.8367,770.7256,764.2588
17,2.902,-1.105,9.50,0.863,1.373,0.863,1.271,-1.597,0.042,-0.021,-0.004,2.96,-2.30,-119.95,0.0011,0.0082,0.0003,757.4177,779.6325,770.5391,764.6159
17,2.868,-1.052,9.55,0.863,1.373,0.864,1.268,-1.597,0.042,-0.022,-0.003,2.95,-2.28,-119.95,-0.0021,0.0094,-0.0000,757.2789,779.6562,770.4478,764.7291
17,2.836,-1.000,9.60,0.863,1.373,0.864,1.267,-1.598,0.042,-0.023,-0.003,2.95,-2.25,-119.94,-0.0029,0.0092,0.0007,757.5391,779.2373,770.7001,764.5607
17,2.807,-0.949,9.65,0.863,1.373,0.864,1.265,-1.598,0.044,-0.024,-0.003,2.93,-2.23,-119.94,-0.0059,0.0094,0.0003,757.4170,779.1198,770.5699,764.7949
17,2.780,-0.900,9.70,0.863,1.373,0.865,1.264,-1.598,0.044,-0.024,-0.002,2.91,-2.20,-119.94,-0.0084,0.0091,-0.0001,757.6212,778.9083,770.3067,765.0053
17,2.756,-0.851,9.75,0.863,1.373,0.866,1.261,-1.599,0.046,-0.026,-0.002,2.88,-2.18,-119.94,-0.0103,0.0094,-0.0003,757.5631,779.1852,770.4139,764.9464
17,2.734,-0.805,9.80,0.863,1.373,0.866,1.260,-1.599,0.047,-0.027,-0.002,2.85,-2.15,-119.94,-0.0114,0.0091,0.0001,758.0274,778.8126,770.4990,764.8973
17,2.715,-0.760,9.85,0.863,1.373,0.868,1.257,-1.599,0.048,-0.028,-0.001,2.81,-2.13,-119.94,-0.0129,0.0100,-0.0005,757.9585,779.0462,770.4163,765.0425
17,2.698,-0.716,9.90,0.863,1.373,0.868,1.256,-1.599,0.049,-0.029,-0.001,2.77,-2.10,-119.94,-0.0152,0.0089,-0.0005,758.1637,778.9707,770.3868,765.1484
17,2.684,-0.675,9.95,0.863,1.373,0.871,1.253,-1.599,0.052,-0.031,-0.000,2.73,-2.07,-119.94,-0.0175,0.0107,-0.0011,758.4734,778.9575,770.4669,765.3420
18,5.135,2.124,0.00,0.863,1.373,1.116,1.415,-1.604,0.114,-0.004,-0.006,-0.24,-4.73,-119.86,-0.0313,-0.0075,-0.0055,758.2861,778.7935,762.5134,773.7271
18,5.301,2.110,0.05,0.863,1.373,1.116,1.415,-1.604,0.114,-0.004,-0.006,-0.24,-4.73,-119.86,-0.0313,-0.0075,-0.0055,758.2861,778.7935,762.5134,773.7271
18,5.469,2.111,0.10,0.863,1.373,1.121,1.415,-1.604,0.109,-0.007,-0.006,-0.33,-4.75,-119.86,-0.0300,-0.0031,-0.0064,757.6007,779.1724,761.7872,774.1837
18,5.639,2.127,0.15,0.863,1.373,1.130,1.414,-1.604,0.099,-0.014,-0.005,-0.41,-4.75,-119.85,-0.0267,-0.0009,-0.0066,757.8246,778.8238,761.6920,774.0281
18,5.811,2.157,0.20,0.863,1.373,1.134,1.413,-1.605,0.094,-0.018,-0.005,-0.49,-4.75,-119.85,-0.0261,0.0010,-0.0065,757.6373,778.9885,761.8282,773.8251
18,5.983,2.202,0.25,0.863,1.373,1.143,1.411,-1.605,0.082,-0.025,-0.004,-0.55,-4.75,-119.85,-0.0234,0.0051,-0.0074,757.8728,778.7637,761.6353,773.9084
18,6.153,2.261,0.30,0.863,1.373,1.147,1.409,-1.605,0.077,-0.028,-0.004,-0.61,-4.73,-119.84,-0.0225,0.0079,-0.0078,758.0275,778.6702,761.5468,773.9142
18,6.322,2.334,0.35,0.863,1.373,1.153,1.406,-1.605,0.065,-0.034,-0.004,-0.67,-4.71,-119.84,-0.0203,0.0102,-0.0075,757.9299,778.8843,761.6897,773.8485
18,6.488,2.421,0.40,0.863,1.373,1.156,1.403,-1.605,0.059,-0.038,-0.003,-0.72,-4.68,-119.84,-0.0193,0.0133,-0.0083,758.0590,779.0068,761.7057,774.0450
18,6.650,2.520,0.45,0.863,1.373,1.162,1.398,-1.604,0.045,-0.044,-0.002,-0.77,-4.64,-119.84,-0.0178,0.0165,-0.0079,758.0269,779.4276,761.6086,774.3035
18,6.807,2.632,0.50,0.863,1.373,1.163,1.396,-1.604,0.039,-0.046,-0.002,-0.81,-4.59,-119.83,-0.0153,0.0180,-0.0076,758.3021,779.3891,761.5386,774.6254
18,6.958,2.756,0.55,0.863,1.373,1.166,1.390,-1.603,0.027,-0.050,-0.002,-0.85,-4.54,-119.83,-0.0132,0.0206,-0.0082,758.3922,779.5906,761.7502,774.7164
18,7.103,2.890,0.60,0.863,1.373,1.167,1.387,-1.603,0.020,-0.052,-0.002,-0.88,-4.48,-119.83,-0.0105,0.0226,-0.0094,758.5996,779.7659,761.8408,774.8837
18,7.241,3.035,0.65,0.863,1.373,1.168,1.380,-1.601,0.006,-0.056,-0.002,-0.90,-4.42,-119.83,-0.0077,0.0228,-0.0092,759.0442,779.6762,762.0163,774.9099
18,7.370,3.189,0.70,0.863,1.373,1.168,1.377,-1.601,-0.000,-0.057,-0.002,-0.92,-4.35,-119.83,-0.0062,0.0246,-0.0086,759.0172,779.9381,762.0885,774.9602
18,7.490,3.352,0.75,0.863,1.373,1.167,1.371,-1.600,-0.013,-0.059,-0.003,-0.93,-4.28,-119.83,-0.0021,0.0272,-0.0081,758.8256,780.0232,761.4968,775.4648
18,7.601,3.522,0.80,0.863,1.373,1.166,1.368,-1.600,-0.019,-0.059,-0.003,-0.93,-4.20,-119.83,0.0005,0.0283,-0.0086,758.5659,780.1494,761.4797,775.2369
18,7.701,3.699,0.85,0.863,1.373,1.162,1.361,-1.599,-0.032,-0.059,-0.004,-0.92,-4.13,-119.83,0.0031,0.0272,-0.0093,758.4255,780.1321,761.2675,775.2045
18,7.791,3.882,0.90,0.863,1.373,1.160,1.358,-1.599,-0.038,-0.059,-0.004,-0.91,-4.05,-119.83,0.0070,0.0269,-0.0090,758.4141,779.8108,760.7656,775.3916
18,7.869,4.069,0.95,0.863,1.373,1.156,1.352,-1.600,-0.048,-0.057,-0.004,-0.88,-3.98,-119.83,0.0079,0.0260,-0.0087,758.3122,779.5429,760.9370,774.8249
18,7.935,4.260,1.00,0.863,1.373,1.051,1.308,-1.596,-0.077,0.014,-0.007,-0.08,-3.38,-119.86,0.0013,-0.0035,-0.0070,759.1317,779.2404,760.2853,775.5472
18,7.989,4.452,1.05,0.863,1.373,1.051,1.308,-1.596,-0.077,0.014,-0.007,-0.08,-3.38,-119.86,0.0013,-0.0035,-0.0070,759.1317,779.2404,760.2853,775.5472
18,8.030,4.646,1.10,0.863,1.373,1.047,1.307,-1.596,-0.073,0.017,-0.007,-0.08,-3.39,-119.86,-0.0011,-0.0023,-0.0073,758.8406,779.5168,760.1577,775.7207
18,8.059,4.841,1.15,0.863,1.373,1.045,1.307,-1.596,-0.070,0.018,-0.008,-0.08,-3.40,-119.87,-0.0036,-0.0006,-0.0076,758.3871,779.9955,759.5601,776.3364
18,8.074,5.034,1.20,0.863,1.373,1.042,1.307,-1.595,-0.063,0.024,-0.008,-0.09,-3.40,-119.87,-0.0033,-0.0009,-0.0076,758.5040,780.1394,759.8289,776.2366
18,8.077,5.225,1.25,0.863,1.373,1.040,1.307,-1.595,-0.060,0.026,-0.008,-0.09,-3.40,-119.87,-0.0063,-0.0038,-0.0068,757.8309,780.8353,759.0029,777.0090
18,8.067,5.412,1.30,0.863,1.373,1.038,1.308,-1.595,-0.053,0.033,-0.009,-0.11,-3.41,-119.88,-0.0054,-0.0042,-0.0073,757.7975,780.8681,758.8556,777.1031
18,8.043,5.596,1.35,0.863,1.373,1.037,1.308,-1.594,-0.049,0.036,-0.010,-0.12,-3.43,-119.88,-0.0060,-0.0084,-0.0074,757.6808,781.0832,758.8748,777.0229
18,8.007,5.774,1.40,0.863,1.373,1.035,1.310,-1.594,-0.040,0.045,-0.011,-0.14,-3.46,-119.88,-0.0075,-0.0120,-0.0077,757.4695,781.3433,758.4655,777.3555
18,7.958,5.945,1.45,0.863,1.373,1.035,1.311,-1.594,-0.036,0.049,-0.011,-0.16,-3.51,-119.89,-0.0078,-0.0171,-0.0082,757.3785,781.3753,758.2396,777.4120
18,7.897,6.109,1.50,0.863,1.373,1.034,1.314,-1.594,-0.027,0.057,-0.012,-0.17,-3.56,-119.89,-0.0074,-0.0210,-0.0078,757.0912,781.6476,757.8937,777.4459
18,7.823,6.265,1.55,0.863,1.373,1.034,1.315,-1.594,-0.023,0.062,-0.012,-0.20,-3.63,-119.90,-0.0085,-0.0252,-0.0077,756.8380,781.9540,757.7277,777.5031
18,7.738,6.412,1.60,0.863,1.373,1.033,1.320,-1.594,-0.014,0.072,-0.013,-0.22,-3.71,-119.90,-0.0084,-0.0279,-0.0075,756.9477,781.8531,757.5013,777.6736
18,7.642,6.548,1.65,0.863,1.373,1.033,1.322,-1.593,-0.010,0.077,-0.014,-0.24,-3.80,-119.90,-0.0084,-0.0337,-0.0078,756.7478,782.1381,757.3410,777.6641
18,7.536,6.674,1.70,0.863,1.373,1.032,1.328,-1.593,-0.003,0.086,-0.015,-0.26,-3.89,-119.91,-0.0059,-0.0354,-0.0073,756.5865,782.3196,757.1820,777.7085
18,7.419,6.787,1.75,0.863,1.373,1.032,1.331,-1.593,0.001,0.091,-0.016,-0.28,-4.00,-119.91,-0.0051,-0.0381,-0.0081,756.2819,782.4083,756.7186,777.8721
18,7.294,6.889,1.80,0.863,1.373,1.032,1.339,-1.593,0.008,0.101,-0.016,-0.29,-4.11,-119.91,-0.0032,-0.0412,-0.0080,756.3656,782.2938,756.7632,777.5524
18,7.159,6.978,1.85,0.863,1.373,1.033,1.343,-1.593,0.011,0.105,-0.017,-0.30,-4.24,-119.92,-0.0012,-0.0424,-0.0082,756.2408,782.3386,756.3352,777.7224
18,7.017,7.053,1.90,0.863,1.373,1.033,1.351,-1.594,0.016,0.112,-0.018,-0.30,-4.35,-119.92,-0.0012,-0.0442,-0.0077,756.3216,782.0732,756.4964,777.2064
18,6.869,7.115,1.95,0.863,1.373,1.033,1.355,-1.594,0.019,0.115,-0.018,-0.30,-4.48,-119.92,0.0003,-0.0444,-0.0068,755.9132,782.0958,755.8278,777.5352
18,6.714,7.162,2.00,0.863,1.373,1.047,1.516,-1.606,0.041,0.066,-0.010,-0.29,-6.58,-119.89,-0.0042,-0.0092,-0.0082,753.7394,782.6136,753.0618,778.0735
18,6.553,7.195,2.05,0.863,1.373,1.047,1.516,-1.606,0.041,0.066,-0.010,-0.29,-6.58,-119.89,-0.0042,-0.0092,-0.0082,753.7394,782.6136,753.0618,778.0735
18,6.389,7.213,2.10,0.863,1.373,1.047,1.518,-1.607,0.041,0.061,-0.009,-0.30,-6.61,-119.89,-0.0045,-0.0067,-0.0093,753.5839,782.6317,753.2644,777.6804
18,6.221,7.216,2.15,0.863,1.373,1.048,1.523,-1.607,0.040,0.051,-0.009,-0.31,-6.63,-119.89,-0.0036,-0.0050,-0.0086,753.7708,782.4453,752.8090,778.0069
18,6.051,7.205,2.20,0.863,1.373,1.049,1.525,-1.607,0.041,0.045,-0.009,-0.31,-6.64,-119.89,0.0001,-0.0032,-0.0100,753.8331,782.3843,752.0924,778.5358
18,5.880,7.179,2.25,0.863,1.373,1.051,1.528,-1.608,0.043,0.034,-0.008,-0.31,-6.65,-119.90,-0.0019,-0.0012,-0.0089,754.0010,782.1885,751.5386,778.7369
18,5.708,7.138,2.30,0.863,1.373,1.052,1.529,-1.608,0.045,0.028,-0.008,-0.32,-6.65,-119.90,-0.0052,-0.0016,-0.0077,754.3975,781.8157,751.3146,778.7928
18,5.537,7.084,2.35,0.863,1.373,1.055,1.531,-1.608,0.049,0.017,-0.007,-0.33,-6.65,-119.90,-0.0074,0.0001,-0.0091,754.1335,781.9510,750.6969,779.3831
18,5.368,7.015,2.40,0.863,1.373,1.057,1.532,-1.609,0.053,0.010,-0.007,-0.36,-6.65,-119.90,-0.0137,0.0006,-0.0078,754.1978,781.9286,750.5905,779.3118
18,5.201,6.932,2.45,0.863,1.373,1.061,1.532,-1.610,0.059,-0.002,-0.007,-0.40,-6.65,-119.90,-0.0179,0.0009,-0.0081,754.4781,781.4308,749.8609,779.8257
18,5.038,6.837,2.50,0.863,1.373,1.063,1.532,-1.610,0.062,-0.007,-0.006,-0.47,-6.65,-119.90,-0.0252,0.0005,-0.0081,754.3027,781.2414,749.5854,779.7886
18,4.879,6.728,2.55,0.863,1.373,1.068,1.531,-1.611,0.069,-0.019,-0.005,-0.53,-6.65,-119.90,-0.0294,0.0012,-0.0080,754.1414,781.1449,749.2570,779.8439
18,4.726,6.608,2.60,0.863,1.373,1.072,1.531,-1.612,0.073,-0.025,-0.005,-0.62,-6.64,-119.90,-0.0356,0.0005,-0.0091,753.9927,781.2928,749.0876,779.9453
18,4.579,6.477,2.65,0.863,1.373,1.078,1.529,-1.613,0.080,-0.036,-0.004,-0.71,-6.64,-119.90,-0.0384,-0.0004,-0.0086,754.2643,781.0042,749.0426,780.0599
18,4.439,6.335,2.70,0.863,1.373,1.081,1.528,-1.613,0.083,-0.041,-0.003,-0.83,-6.64,-119.90,-0.0431,-0.0003,-0.0082,754.1268,781.1815,748.6919,780.3909
18,4.307,6.183,2.75,0.863,1.373,1.088,1.526,-1.613,0.089,-0.050,-0.002,-0.95,-6.64,-119.90,-0.0452,0.0002,-0.0092,754.6072,780.8250,748.9916,780.1146
18,4.184,6.023,2.80,0.863,1.373,1.093,1.524,-1.614,0.093,-0.056,-0.002,-1.08,-6.64,-119.90,-0.0482,-0.0006,-0.0081,754.4529,781.1039,748.6883,780.4478
18,4.071,5.855,2.85,0.863,1.373,1.101,1.521,-1.614,0.097,-0.064,-0.001,-1.21,-6.64,-119.90,-0.0494,-0.0005,-0.0087,754.9452,780.8239,748.5699,780.8111
18,3.967,5.680,2.90,0.863,1.373,1.105,1.519,-1.614,0.100,-0.068,-0.001,-1.37,-6.65,-119.89,-0.0503,-0.0002,-0.0084,754.6373,781.1445,748.2628,781.1385
18,3.875,5.499,2.95,0.863,1.373,1.113,1.515,-1.614,0.103,-0.075,-0.001,-1.49,-6.65,-119.89,-0.0510,-0.0016,-0.0088,754.8422,781.0192,748.5562,780.8870
18,3.793,5.313,3.00,0.863,1.373,1.210,1.416,-1.613,0.008,-0.096,0.005,-3.44,-6.36,-119.81,-0.0066,0.0130,-0.0109,756.2810,781.0802,747.0250,783.0393
18,3.724,5.123,3.05,0.863,1.373,1.210,1.416,-1.613,0.008,-0.096,0.005,-3.44,-6.36,-119.81,-0.0066,0.0130,-0.0109,756.2810,781.0802,747.0250,783.0393
18,3.666,4.931,3.10,0.863,1.373,1.208,1.410,-1.612,-0.003,-0.093,0.005,-3.45,-6.32,-119.81,-0.0041,0.0131,-0.0111,756.4286,781.1489,747.1868,783.1176
18,3.621,4.737,3.15,0.863,1.373,1.207,1.407,-1.611,-0.008,-0.092,0.005,-3.46,-6.29,-119.81,0.0006,0.0107,-0.0115,756.9683,780.7730,747.4174,782.9989
18,3.588,4.543,3.20,0.863,1.373,1.203,1.401,-1.610,-0.021,-0.090,0.005,-3.45,-6.26,-119.80,0.0037,0.0112,-0.0113,757.7249,780.1724,747.6129,782.9240
18,3.569,4.350,3.25,0.863,1.373,1.201,1.398,-1.610,-0.027,-0.089,0.005,-3.43,-6.23,-119.80,0.0091,0.0116,-0.0115,758.0427,779.9176,748.1917,782.3091
18,3.562,4.158,3.30,0.863,1.373,1.196,1.393,-1.608,-0.040,-0.089,0.005,-3.41,-6.20,-119.80,0.0101,0.0144,-0.0114,758.1629,779.8491,748.2815,782.2111
18,3.569,3.969,3.35,0.863,1.373,1.193,1.390,-1.608,-0.046,-0.089,0.004,-3.36,-6.15,-119.80,0.0136,0.0187,-0.0112,758.5962,779.4428,748.2628,782.1984
18,3.588,3.784,3.40,0.863,1.373,1.186,1.385,-1.607,-0.060,-0.089,0.005,-3.33,-6.10,-119.79,0.0161,0.0198,-0.0105,758.8479,779.2397,748.4902,781.9323
18,3.621,3.605,3.45,0.863,1.373,1.182,1.382,-1.607,-0.066,-0.090,0.004,-3.27,-6.03,-119.79,0.0186,0.0240,-0.0114,758.8449,778.9576,748.4042,781.9413
18,3.666,3.431,3.50,0.863,1.373,1.175,1.377,-1.606,-0.077,-0.092,0.004,-3.22,-5.97,-119.79,0.0194,0.0266,-0.0108,759.0106,778.7025,748.2485,782.0269
18,3.724,3.265,3.55,0.863,1.373,1.171,1.374,-1.606,-0.082,-0.093,0.005,-3.15,-5.88,-119.78,0.0193,0.0301,-0.0097,758.9734,778.5728,748.0612,782.1758
18,3.793,3.106,3.60,0.863,1.373,1.163,1.367,-1.606,-0.093,-0.097,0.005,-3.11,-5.81,-119.78,0.0183,0.0316,-0.0099,759.3591,777.9004,748.4424,781.7391
18,3.875,2.957,3.65,0.863,1.373,1.159,1.364,-1.606,-0.097,-0.098,0.005,-3.04,-5.70,-119.77,0.0157,0.0340,-0.0087,759.4800,777.5699,748.3597,781.8234
18,3.968,2.817,3.70,0.863,1.373,1.152,1.358,-1.606,-0.104,-0.101,0.005,-3.01,-5.62,-119.77,0.0142,0.0355,-0.0085,759.3655,777.3436,748.5757,781.5903
18,4.071,2.688,3.75,0.863,1.373,1.148,1.355,-1.607,-0.107,-0.103,0.005,-2.96,-5.50,-119.76,0.0115,0.0375,-0.0083,759.1646,777.2077,748.5624,781.6818
18,4.185,2.571,3.80,0.863,1.373,1.139,1.347,-1.607,-0.114,-0.106,0.006,-2.93,-5.42,-119.76,0.0094,0.0362,-0.0091,759.2693,776.8008,749.0508,781.2507
18,4.308,2.466,3.85,0.863,1.373,1.131,1.340,-1.608,-0.118,-0.108,0.007,-2.89,-5.29,-119.75,0.0080,0.0376,-0.0077,759.3210,776.5646,748.8309,781.6205
18,4.439,2.373,3.90,0.863,1.373,1.127,1.336,-1.608,-0.121,-0.110,0.007,-2.87,-5.21,-119.75,0.0069,0.0385,-0.0087,759.4507,776.1857,749.0687,781.3440
18,4.579,2.294,3.95,0.863,1.373,1.119,1.328,-1.609,-0.124,-0.111,0.008,-2.85,-5.08,-119.75,0.0041,0.0377,-0.0078,759.2313,776.2771,749.2551,781.1473
18,4.726,2.228,4.00,0.863,1.373,0.971,1.243,-1.602,-0.100,-0.051,0.008,-2.33,-3.57,-119.78,-0.0012,0.0076,-0.0086,762.4159,776.5652,752.8636,781.9467
18,4.879,2.177,4.05,0.863,1.373,0.971,1.243,-1.602,-0.100,-0.051,0.008,-2.33,-3.57,-119.78,-0.0012,0.0076,-0.0086,762.4159,776.5652,752.8636,781.9467
18,5.038,2.139,4.10,0.863,1.373,0.969,1.241,-1.602,-0.098,-0.048,0.007,-2.33,-3.55,-119.78,-0.0049,0.0072,-0.0089,762.3966,776.3985,752.8043,781.7947
18,5.201,2.117,4.15,0.863,1.373,0.964,1.238,-1.602,-0.093,-0.043,0.006,-2.35,-3.53,-119.78,-0.0085,0.0062,-0.0084,762.1549,776.4064,753.1085,781.3375
18,5.368,2.109,4.20,0.863,1.373,0.961,1.236,-1.602,-0.091,-0.038,0.005,-2.37,-3.52,-119.78,-0.0130,0.0048,-0.0086,761.3184,776.7678,753.4103,780.6281
18,5.537,2.116,4.25,0.863,1.373,0.957,1.234,-1.602,-0.090,-0.031,0.005,-2.41,-3.51,-119.78,-0.0127,0.0030,-0.0082,760.9519,776.8645,753.7837,779.8823
18,5.708,2.137,4.30,0.863,1.373,0.955,1.233,-1.602,-0.090,-0.026,0.005,-2.44,-3.50,-119.79,-0.0111,0.0018,-0.0088,760.3915,777.1823,753.8504,779.6402
18,5.880,2.174,4.35,0.863,1.373,0.950,1.231,-1.602,-0.091,-0.017,0.004,-2.47,-3.50,-119.79,-0.0068,-0.0001,-0.0084,760.4343,777.0344,754.0576,779.2768
18,6.051,2.224,4.40,0.863,1.373,0.947,1.230,-1.602,-0.092,-0.011,0.005,-2.48,-3.50,-119.79,-0.0012,-0.0017,-0.0081,759.7678,777.6782,754.5185,778.9180
18,6.221,2.289,4.45,0.863,1.373,0.942,1.229,-1.602,-0.096,-0.001,0.005,-2.47,-3.51,-119.79,0.0043,-0.0019,-0.0088,759.8163,777.5819,754.7822,778.6578
18,6.389,2.368,4.50,0.863,1.373,0.939,1.229,-1.603,-0.098,0.004,0.005,-2.45,-3.51,-119.79,0.0108,-0.0023,-0.0086,759.7334,777.6483,754.9807,778.3112
18,6.554,2.459,4.55,0.863,1.373,0.933,1.229,-1.603,-0.104,0.015,0.005,-2.42,-3.52,-119.79,0.0156,-0.0022,-0.0079,759.6531,777.7239,755.4120,777.8901
18,6.714,2.564,4.60,0.863,1.373,0.928,1.230,-1.603,-0.107,0.022,0.005,-2.36,-3.53,-119.79,0.0213,-0.0024,-0.0090,759.8177,777.6138,755.7821,777.7481
18,6.869,2.680,4.65,0.863,1.373,0.921,1.232,-1.603,-0.114,0.032,0.005,-2.29,-3.54,-119.79,0.0276,-0.0029,-0.0074,759.5973,777.8774,755.9061,777.8333
18,7.018,2.808,4.70,0.863,1.373,0.916,1.233,-1.603,-0.117,0.038,0.006,-2.20,-3.55,-119.78,0.0339,-0.0019,-0.0072,759.9014,777.6001,756.0749,777.8931
18,7.160,2.947,4.75,0.863,1.373,0.907,1.237,-1.603,-0.124,0.048,0.006,-2.10,-3.56,-119.78,0.0381,-0.0045,-0.0080,759.5631,777.9972,756.5412,777.7178
18,7.294,3.096,4.80,0.863,1.373,0.901,1.239,-1.603,-0.129,0.055,0.006,-1.98,-3.57,-119.78,0.0433,-0.0041,-0.0073,759.8162,777.5283,756.7949,777.3868
18,7.419,3.254,4.85,0.863,1.373,0.890,1.244,-1.604,-0.135,0.065,0.006,-1.86,-3.58,-119.78,0.0475,-0.0046,-0.0066,759.1799,777.9489,756.4662,777.6906
18,7.536,3.420,4.90,0.863,1.373,0.884,1.247,-1.604,-0.138,0.069,0.006,-1.71,-3.60,-119.77,0.0521,-0.0041,-0.0076,759.3675,777.5277,756.8431,777.1808
18,7.642,3.593,4.95,0.863,1.373,0.872,1.252,-1.605,-0.144,0.077,0.006,-1.57,-3.61,-119.77,0.0548,-0.0038,-0.0072,759.4087,777.2755,756.9585,777.0667
18,7.738,3.772,5.00,0.863,1.373,0.698,1.338,-1.606,-0.051,0.066,0.008,0.64,-3.53,-119.93,0.0006,-0.0038,-0.0029,760.5112,779.0895,759.9329,775.7975
18,7.823,3.957,5.05,0.863,1.373,0.698,1.338,-1.606,-0.051,0.066,0.008,0.64,-3.53,-119.93,0.0006,-0.0038,-0.0029,760.5112,779.0895,759.9329,775.7975
18,7.897,4.145,5.10,0.863,1.373,0.695,1.341,-1.605,-0.040,0.062,0.007,0.64,-3.54,-119.93,-0.0015,-0.0023,-0.0023,760.1745,779.3215,759.6684,776.1375
18,7.958,4.337,5.15,0.863,1.373,0.693,1.343,-1.605,-0.034,0.060,0.007,0.63,-3.55,-119.94,-0.0044,0.0001,-0.0039,759.7352,779.7505,759.3987,776.3313
18,8.007,4.530,5.20,0.863,1.373,0.691,1.346,-1.605,-0.021,0.057,0.006,0.62,-3.55,-119.94,-0.0065,0.0014,-0.0033,759.3342,780.2167,759.0110,776.6463
18,8.043,4.725,5.25,0.863,1.373,0.691,1.347,-1.604,-0.015,0.056,0.006,0.60,-3.55,-119.95,-0.0081,0.0005,-0.0026,759.1216,780.4530,758.6319,777.0369
18,8.067,4.918,5.30,0.863,1.373,0.691,1.350,-1.604,-0.002,0.056,0.005,0.57,-3.55,-119.95,-0.0113,-0.0025,-0.0022,758.7510,780.5284,758.7482,776.7001
18,8.077,5.111,5.35,0.863,1.373,0.691,1.352,-1.604,0.004,0.056,0.004,0.54,-3.56,-119.96,-0.0125,-0.0070,-0.0015,758.6899,780.4249,758.7570,776.4910
18,8.074,5.301,5.40,0.863,1.373,0.692,1.355,-1.604,0.018,0.058,0.003,0.50,-3.58,-119.96,-0.0141,-0.0091,-0.0013,757.8712,780.8422,758.1019,776.7383
18,8.059,5.487,5.45,0.863,1.373,0.692,1.357,-1.604,0.024,0.059,0.002,0.46,-3.61,-119.96,-0.0163,-0.0131,-0.0018,757.4307,780.8339,758.1918,776.1912
18,8.030,5.668,5.50,0.863,1.373,0.694,1.361,-1.605,0.036,0.062,0.001,0.42,-3.66,-119.97,-0.0157,-0.0156,-0.0013,756.7189,781.2397,757.4246,776.5845
18,7.989,5.844,5.55,0.863,1.373,0.695,1.363,-1.606,0.042,0.064,0.001,0.37,-3.71,-119.97,-0.0143,-0.0212,-0.0019,756.6294,780.7318,757.0242,776.2717
18,7.935,6.012,5.60,0.863,1.373,0.698,1.368,-1.607,0.055,0.069,0.000,0.33,-3.77,-119.97,-0.0146,-0.0252,-0.0013,756.1786,780.6534,756.9431,775.8402
18,7.868,6.173,5.65,0.863,1.373,0.700,1.371,-1.608,0.060,0.072,0.000,0.29,-3.85,-119.97,-0.0135,-0.0302,-0.0011,755.9591,780.4436,756.9041,775.5544
18,7.790,6.325,5.70,0.863,1.373,0.704,1.377,-1.609,0.070,0.078,0.001,0.25,-3.93,-119.97,-0.0122,-0.0314,-0.0022,755.3226,780.8373,756.1795,775.9362
18,7.701,6.468,5.75,0.863,1.373,0.705,1.381,-1.610,0.075,0.081,0.001,0.22,-4.04,-119.97,-0.0105,-0.0368,-0.0012,755.4161,780.5062,756.3259,775.6539
18,7.601,6.600,5.80,0.863,1.373,0.710,1.389,-1.612,0.085,0.087,0.001,0.19,-4.14,-119.97,-0.0094,-0.0394,-0.0014,755.1488,780.5938,756.2371,775.5145
18,7.490,6.721,5.85,0.863,1.373,0.712,1.392,-1.612,0.089,0.090,0.002,0.16,-4.26,-119.96,-0.0072,-0.0396,-0.0021,754.6625,781.0972,755.7684,776.0913
18,7.370,6.830,5.90,0.863,1.373,0.716,1.400,-1.613,0.097,0.095,0.003,0.14,-4.37,-119.96,-0.0061,-0.0434,-0.0008,755.2192,780.7254,756.3722,775.7154
18,7.241,6.926,5.95,0.863,1.373,0.719,1.404,-1.614,0.100,0.097,0.003,0.12,-4.50,-119.96,-0.0054,-0.0436,-0.0020,754.9995,781.1643,756.1795,776.0146
18,7.103,7.010,6.00,0.863,1.373,0.809,1.510,-1.612,0.101,0.052,0.002,-0.08,-6.15,-119.95,-0.0012,-0.0078,-0.0049,754.0268,783.3446,755.5847,776.6119
18,6.958,7.079,6.05,0.863,1.373,0.809,1.510,-1.612,0.101,0.052,0.002,-0.08,-6.15,-119.95,-0.0012,-0.0078,-0.0049,754.0268,783.3446,755.5847,776.6119
18,6.807,7.135,6.10,0.863,1.373,0.813,1.514,-1.612,0.098,0.046,0.001,-0.08,-6.17,-119.95,-0.0004,-0.0072,-0.0044,753.8298,783.5217,755.3160,776.7017
18,6.650,7.177,6.15,0.863,1.373,0.816,1.516,-1.612,0.097,0.043,0.001,-0.07,-6.19,-119.95,0.0019,-0.0048,-0.0046,753.6049,783.7805,754.5952,777.3667
18,6.488,7.204,6.20,0.863,1.373,0.819,1.519,-1.612,0.096,0.036,0.001,-0.06,-6.20,-119.95,0.0050,-0.0040,-0.0041,753.9269,783.4966,754.3954,777.5875
18,6.322,7.216,6.25,0.863,1.373,0.821,1.520,-1.611,0.096,0.033,0.001,-0.05,-6.21,-119.96,0.0037,-0.0023,-0.0049,754.1895,783.3256,754.2977,777.6634
18,6.153,7.214,6.30,0.863,1.373,0.825,1.522,-1.611,0.097,0.027,0.000,-0.04,-6.22,-119.96,0.0026,-0.0019,-0.0035,754.2033,783.3828,753.4951,778.2628
18,5.982,7.196,6.35,0.863,1.373,0.827,1.523,-1.611,0.098,0.022,0.000,-0.03,-6.23,-119.96,0.0008,-0.0025,-0.0036,754.2438,783.3723,753.2081,778.5431
18,5.811,7.164,6.40,0.863,1.373,0.831,1.525,-1.610,0.102,0.016,0.000,-0.03,-6.23,-119.96,-0.0027,-0.0016,-0.0049,754.1866,783.4798,752.7503,778.9827
18,5.639,7.118,6.45,0.863,1.373,0.833,1.525,-1.610,0.104,0.012,-0.000,-0.05,-6.24,-119.97,-0.0077,-0.0036,-0.0044,754.2512,783.5022,752.5355,779.1469
18,5.469,7.058,6.50,0.863,1.373,0.838,1.526,-1.610,0.109,0.005,-0.000,-0.07,-6.25,-119.97,-0.0103,-0.0025,-0.0045,754.4026,783.3722,752.1354,779.4509
18,5.300,6.983,6.55,0.863,1.373,0.842,1.526,-1.610,0.113,0.001,-0.001,-0.11,-6.26,-119.97,-0.0166,-0.0031,-0.0035,754.5493,783.3870,751.8593,779.7396
18,5.135,6.895,6.60,0.863,1.373,0.848,1.527,-1.609,0.119,-0.006,-0.001,-0.15,-6.27,-119.97,-0.0193,-0.0053,-0.0039,754.2104,783.6560,751.4326,780.0651
18,4.973,6.795,6.65,0.863,1.373,0.851,1.527,-1.609,0.122,-0.009,-0.002,-0.23,-6.29,-119.97,-0.0253,-0.0067,-0.0034,754.4520,783.2668,751.4562,779.9632
18,4.817,6.681,6.70,0.863,1.373,0.858,1.527,-1.609,0.129,-0.015,-0.002,-0.29,-6.31,-119.97,-0.0270,-0.0079,-0.0043,754.3546,783.1700,751.2698,779.9686
18,4.666,6.557,6.75,0.863,1.373,0.863,1.527,-1.609,0.133,-0.018,-0.003,-0.38,-6.34,-119.97,-0.0305,-0.0107,-0.0041,754.3214,782.9587,751.0043,779.9509
18,4.522,6.421,6.80,0.863,1.373,0.872,1.526,-1.610,0.140,-0.024,-0.003,-0.45,-6.36,-119.97,-0.0339,-0.0121,-0.0040,754.0333,782.9786,750.4964,780.1372
18,4.385,6.275,6.85,0.863,1.373,0.877,1.526,-1.610,0.144,-0.027,-0.003,-0.57,-6.40,-119.97,-0.0371,-0.0127,-0.0039,754.2150,782.5928,750.7195,779.6237
18,4.257,6.120,6.90,0.863,1.373,0.887,1.524,-1.610,0.150,-0.033,-0.003,-0.66,-6.43,-119.97,-0.0391,-0.0137,-0.0038,753.8942,782.8335,750.0280,780.1597
18,4.138,5.956,6.95,0.863,1.373,0.894,1.523,-1.610,0.153,-0.037,-0.004,-0.79,-6.47,-119.97,-0.0421,-0.0129,-0.0032,754.0287,782.7458,750.0164,780.2078
18,4.028,5.785,7.00,0.863,1.373,1.062,1.449,-1.615,0.062,-0.069,0.001,-2.87,-6.68,-119.91,-0.0045,0.0070,-0.0079,753.7542,781.8262,747.1220,780.7589
18,3.929,5.608,7.05,0.863,1.373,1.062,1.449,-1.615,0.062,-0.069,0.001,-2.87,-6.68,-119.91,-0.0045,0.0070,-0.0079,753.7542,781.8262,747.1220,780.7589
18,3.841,5.425,7.10,0.863,1.373,1.064,1.446,-1.615,0.056,-0.068,0.002,-2.88,-6.66,-119.91,-0.0011,0.0051,-0.0068,753.9789,781.2865,746.9298,780.6621
18,3.764,5.237,7.15,0.863,1.373,1.066,1.443,-1.616,0.045,-0.067,0.003,-2.88,-6.65,-119.90,0.0029,0.0041,-0.0063,754.0329,781.1194,746.7327,780.7502
18,3.699,5.046,7.20,0.863,1.373,1.066,1.441,-1.616,0.039,-0.066,0.003,-2.86,-6.65,-119.90,0.0053,0.0020,-0.0075,754.6758,780.3501,747.0843,780.2604
18,3.646,4.853,7.25,0.863,1.373,1.066,1.437,-1.616,0.028,-0.068,0.004,-2.84,-6.64,-119.89,0.0066,0.0040,-0.0074,754.7196,780.0634,746.8790,780.2599
18,3.606,4.659,7.30,0.863,1.373,1.066,1.434,-1.617,0.021,-0.069,0.005,-2.82,-6.63,-119.89,0.0087,0.0066,-0.0078,755.5809,779.1193,747.1381,779.9120
18,3.579,4.465,7.35,0.863,1.373,1.065,1.430,-1.617,0.010,-0.073,0.007,-2.79,-6.60,-119.88,0.0085,0.0111,-0.0070,755.4321,779.4565,747.0741,780.1706
18,3.565,4.272,7.40,0.863,1.373,1.064,1.428,-1.617,0.005,-0.075,0.007,-2.76,-6.57,-119.88,0.0093,0.0156,-0.0058,756.0206,778.9827,747.0010,780.4821
18,3.563,4.082,7.45,0.863,1.373,1.063,1.422,-1.617,-0.005,-0.080,0.009,-2.73,-6.52,-119.87,0.0091,0.0206,-0.0062,756.0601,779.0265,747.3377,780.3646
18,3.575,3.894,7.50,0.863,1.373,1.061,1.419,-1.617,-0.011,-0.084,0.010,-2.71,-6.47,-119.87,0.0071,0.0227,-0.0060,756.7539,778.6494,747.7994,780.3758
18,3.600,3.711,7.55,0.863,1.373,1.058,1.413,-1.617,-0.021,-0.090,0.011,-2.68,-6.38,-119.86,0.0056,0.0271,-0.0068,757.0009,778.5794,747.8127,780.6497
18,3.637,3.534,7.60,0.863,1.373,1.057,1.410,-1.617,-0.025,-0.093,0.012,-2.67,-6.32,-119.86,0.0042,0.0302,-0.0052,757.1658,778.4703,748.2438,780.5353
18,3.688,3.363,7.65,0.863,1.373,1.053,1.403,-1.617,-0.034,-0.100,0.013,-2.65,-6.21,-119.85,0.0031,0.0332,-0.0050,757.2271,778.4149,748.2952,780.7700
18,3.750,3.200,7.70,0.863,1.373,1.051,1.399,-1.617,-0.039,-0.104,0.014,-2.65,-6.13,-119.84,0.0018,0.0359,-0.0056,757.3781,778.3799,748.4379,781.1354
18,3.825,3.045,7.75,0.863,1.373,1.047,1.392,-1.616,-0.046,-0.109,0.014,-2.64,-6.01,-119.84,0.0009,0.0379,-0.0051,757.9828,778.1392,748.9932,780.9909
18,3.911,2.899,7.80,0.863,1.373,1.045,1.388,-1.616,-0.050,-0.112,0.015,-2.63,-5.92,-119.84,0.0012,0.0388,-0.0049,757.9653,778.3240,749.0712,781.3657
18,4.008,2.764,7.85,0.863,1.373,1.040,1.381,-1.615,-0.056,-0.116,0.015,-2.63,-5.79,-119.83,-0.0009,0.0400,-0.0054,758.3452,778.2240,749.4570,781.3789
18,4.116,2.640,7.90,0.863,1.373,1.038,1.376,-1.614,-0.060,-0.119,0.015,-2.63,-5.70,-119.83,-0.0018,0.0396,-0.0055,758.7100,778.1133,749.7079,781.5527
18,4.233,2.527,7.95,0.863,1.373,1.034,1.368,-1.614,-0.065,-0.122,0.015,-2.63,-5.56,-119.82,-0.0003,0.0402,-0.0048,758.5383,778.4218,749.7971,781.6597
18,4.360,2.427,8.00,0.863,1.373,0.953,1.257,-1.608,-0.086,-0.065,0.013,-2.65,-3.98,-119.84,0.0104,0.0109,-0.0068,760.9921,777.2432,751.4688,781.6766
18,4.495,2.340,8.05,0.863,1.373,0.953,1.257,-1.608,-0.086,-0.065,0.013,-2.65,-3.98,-119.84,0.0104,0.0109,-0.0068,760.9921,777.2432,751.4688,781.6766
18,4.637,2.266,8.10,0.863,1.373,0.945,1.254,-1.607,-0.085,-0.057,0.012,-2.62,-3.96,-119.84,0.0093,0.0089,-0.0066,761.1177,777.4507,751.5214,782.0185
18,4.787,2.206,8.15,0.863,1.373,0.942,1.252,-1.606,-0.085,-0.053,0.011,-2.60,-3.93,-119.84,0.0064,0.0082,-0.0061,761.1716,777.5487,752.1984,781.5460
18,4.943,2.160,8.20,0.863,1.373,0.936,1.250,-1.605,-0.087,-0.045,0.011,-2.58,-3.92,-119.84,0.0041,0.0043,-0.0057,761.1348,777.8579,752.9435,781.1646
18,5.103,2.129,8.25,0.863,1.373,0.933,1.249,-1.604,-0.088,-0.041,0.011,-2.57,-3.90,-119.84,0.0031,0.0042,-0.0049,761.2859,777.9905,753.6011,780.8938
18,5.268,2.112,8.30,0.863,1.373,0.926,1.248,-1.602,-0.091,-0.030,0.009,-2.56,-3.89,-119.84,0.0044,0.0022,-0.0054,760.8059,778.6934,754.0343,780.8998
18,5.436,2.110,8.35,0.863,1.373,0.924,1.248,-1.601,-0.093,-0.026,0.009,-2.54,-3.89,-119.84,0.0066,0.0022,-0.0052,760.8632,778.6702,754.6016,780.5790
18,5.606,2.123,8.40,0.863,1.373,0.917,1.248,-1.600,-0.098,-0.016,0.007,-2.51,-3.88,-119.83,0.0121,0.0009,-0.0050,760.9153,778.8461,755.2139,780.3094
18,5.778,2.150,8.45,0.863,1.373,0.914,1.248,-1.599,-0.101,-0.011,0.007,-2.47,-3.88,-119.83,0.0159,-0.0008,-0.0045,760.7654,779.0803,755.6477,780.1055
18,5.949,2.192,8.50,0.863,1.373,0.907,1.249,-1.596,-0.107,-0.000,0.005,-2.42,-3.89,-119.83,0.0220,-0.0008,-0.0052,760.8632,779.2168,756.1094,780.0385
18,6.120,2.249,8.55,0.863,1.373,0.903,1.250,-1.595,-0.110,0.004,0.004,-2.35,-3.89,-119.83,0.0256,-0.0006,-0.0056,760.9915,779.2584,756.4079,779.9641
18,6.289,2.319,8.60,0.863,1.373,0.896,1.251,-1.594,-0.117,0.013,0.002,-2.27,-3.89,-119.83,0.0305,-0.0021,-0.0048,761.2292,779.1996,756.9509,779.5796
18,6.456,2.403,8.65,0.863,1.373,0.893,1.253,-1.593,-0.120,0.018,0.001,-2.18,-3.90,-119.83,0.0327,-0.0016,-0.0044,761.1165,779.4985,756.9191,779.7540
18,6.619,2.500,8.70,0.863,1.373,0.884,1.255,-1.591,-0.127,0.027,-0.000,-2.07,-3.90,-119.83,0.0366,-0.0014,-0.0043,761.1533,779.4656,757.2261,779.5964
18,6.777,2.609,8.75,0.863,1.373,0.880,1.257,-1.591,-0.130,0.030,-0.001,-1.97,-3.90,-119.83,0.0388,-0.0011,-0.0056,761.0124,779.4897,757.5915,779.2814
18,6.929,2.731,8.80,0.863,1.373,0.871,1.260,-1.590,-0.136,0.037,-0.003,-1.85,-3.91,-119.83,0.0417,-0.0004,-0.0053,761.0491,779.1632,757.5043,779.0569
18,7.076,2.863,8.85,0.863,1.373,0.867,1.261,-1.590,-0.138,0.040,-0.004,-1.73,-3.91,-119.83,0.0420,0.0004,-0.0042,760.7681,778.9705,757.3931,778.8399
18,7.215,3.006,8.90,0.863,1.373,0.856,1.265,-1.590,-0.144,0.046,-0.006,-1.61,-3.90,-119.83,0.0438,0.0023,-0.0047,760.4356,778.5694,757.6371,778.1225
18,7.345,3.159,8.95,0.863,1.373,0.851,1.267,-1.590,-0.146,0.049,-0.006,-1.48,-3.90,-119.83,0.0442,0.0025,-0.0046,760.0342,778.4977,757.1541,778.2313
18,7.467,3.320,9.00,0.863,1.373,0.664,1.339,-1.597,-0.072,0.030,0.000,0.68,-3.40,-119.96,0.0070,0.0057,-0.0021,760.6973,778.9422,759.8431,776.3474
18,7.580,3.489,9.05,0.863,1.373,0.664,1.339,-1.597,-0.072,0.030,0.000,0.68,-3.40,-119.96,0.0070,0.0057,-0.0021,760.6973,778.9422,759.8431,776.3474
18,7.682,3.664,9.10,0.863,1.373,0.661,1.340,-1.596,-0.067,0.028,0.000,0.70,-3.38,-119.96,0.0042,0.0059,-0.0006,760.8959,779.1913,760.2166,776.2600
18,7.774,3.846,9.15,0.863,1.373,0.656,1.341,-1.595,-0.055,0.026,-0.001,0.71,-3.36,-119.97,0.0009,0.0081,-0.0006,760.3207,779.8715,759.6608,776.9915
18,7.854,4.032,9.20,0.863,1.373,0.654,1.342,-1.594,-0.049,0.025,-0.001,0.70,-3.34,-119.97,-0.0025,0.0079,0.0002,760.0696,780.1592,759.6872,777.0156
18,7.923,4.222,9.25,0.863,1.373,0.650,1.344,-1.594,-0.034,0.025,-0.003,0.69,-3.32,-119.98,-0.0046,0.0053,-0.0003,760.1837,779.9976,759.8254,776.8578
18,7.979,4.415,9.30,0.863,1.373,0.649,1.344,-1.593,-0.027,0.025,-0.004,0.67,-3.31,-119.98,-0.0079,0.0020,0.0005,759.4830,780.5748,759.5956,776.9394
18,8.023,4.609,9.35,0.863,1.373,0.648,1.346,-1.593,-0.013,0.028,-0.005,0.65,-3.31,-119.99,-0.0096,-0.0002,0.0005,758.7539,781.1123,759.0842,777.2695
18,8.054,4.803,9.40,0.863,1.373,0.647,1.347,-1.593,-0.006,0.030,-0.006,0.62,-3.32,-119.99,-0.0122,-0.0065,0.0005,758.7291,780.9308,759.2101,776.8773
18,8.072,4.996,9.45,0.863,1.373,0.648,1.350,-1.593,0.009,0.034,-0.007,0.58,-3.34,-120.00,-0.0118,-0.0115,0.0001,758.2003,781.0491,758.6669,776.9464
18,8.077,5.188,9.50,0.863,1.373,0.648,1.352,-1.593,0.016,0.037,-0.008,0.55,-3.38,-120.00,-0.0136,-0.0149,0.0014,757.5914,781.2944,758.4602,776.7588
18,8.070,5.376,9.55,0.863,1.373,0.649,1.356,-1.594,0.028,0.043,-0.009,0.51,-3.43,-120.01,-0.0133,-0.0200,0.0001,757.4964,780.9954,758.1906,776.5615
18,8.049,5.560,9.60,0.863,1.373,0.650,1.358,-1.595,0.035,0.046,-0.009,0.47,-3.49,-120.01,-0.0122,-0.0245,0.0007,757.1179,781.0045,758.0457,776.1846
18,8.015,5.739,9.65,0.863,1.373,0.653,1.363,-1.596,0.048,0.054,-0.010,0.44,-3.56,-120.01,-0.0130,-0.0278,0.0009,756.2515,781.4983,757.5406,776.0321
18,7.968,5.912,9.70,0.863,1.373,0.655,1.366,-1.596,0.053,0.057,-0.010,0.40,-3.65,-120.02,-0.0104,-0.0317,0.0005,756.3341,781.1235,757.4768,775.7538
18,7.909,6.078,9.75,0.863,1.373,0.658,1.371,-1.597,0.064,0.064,-0.010,0.37,-3.74,-120.02,-0.0103,-0.0363,0.0016,756.3597,780.8642,757.9884,774.9699
18,7.838,6.236,9.80,0.863,1.373,0.661,1.374,-1.598,0.069,0.067,-0.010,0.34,-3.85,-120.02,-0.0091,-0.0368,0.0017,755.9023,781.1462,757.4968,775.2275
18,7.756,6.384,9.85,0.863,1.373,0.666,1.381,-1.599,0.079,0.074,-0.009,0.32,-3.95,-120.02,-0.0084,-0.0387,0.0014,755.6223,781.2983,757.4533,775.2132
18,7.662,6.522,9.90,0.863,1.373,0.669,1.384,-1.600,0.083,0.077,-0.009,0.29,-4.07,-120.02,-0.0079,-0.0404,0.0010,755.5073,781.1997,757.3035,775.2784
18,7.557,6.650,9.95,0.863,1.373,0.675,1.390,-1.602,0.090,0.082,-0.008,0.27,-4.18,-120.02,-0.0074,-0.0403,0.0015,755.1852,781.2803,756.9708,775.2073
19,-2.854,6.101,0.00,0.863,1.373,1.096,0.995,-1.616,-0.033,-0.267,0.011,-6.53,-0.63,-119.93,0.0237,0.0499,-0.0002,773.4073,764.7401,751.8029,781.3774
19,-2.749,6.002,0.05,0.863,1.373,1.096,0.995,-1.616,-0.033,-0.267,0.011,-6.53,-0.63,-119.93,0.0237,0.0499,-0.0002,773.4073,764.7401,751.8029,781.3774
19,-2.649,5.896,0.10,0.863,1.373,1.089,0.982,-1.615,-0.051,-0.248,0.011,-6.46,-0.49,-119.95,0.0270,0.0489,0.0013,773.7183,764.7042,751.4118,781.6102
19,-2.554,5.786,0.15,0.863,1.373,1.086,0.976,-1.615,-0.059,-0.238,0.011,-6.37,-0.33,-119.97,0.0304,0.0441,0.0017,774.0123,764.4756,751.6702,781.2274
19,-2.464,5.671,0.20,0.863,1.373,1.077,0.964,-1.615,-0.076,-0.216,0.011,-6.30,-0.23,-119.98,0.0329,0.0404,0.0014,774.1915,764.2646,751.6208,780.9921
19,-2.379,5.551,0.25,0.863,1.373,1.072,0.959,-1.615,-0.083,-0.206,0.011,-6.19,-0.10,-119.99,0.0353,0.0358,0.0022,774.2839,763.9846,751.1926,781.0039
19,-2.300,5.427,0.30,0.863,1.373,1.063,0.950,-1.616,-0.095,-0.186,0.012,-6.11,-0.02,-120.00,0.0348,0.0333,0.0027,774.5513,763.4229,751.0170,780.7998
19,-2.227,5.300,0.35,0.863,1.373,1.059,0.946,-1.616,-0.101,-0.176,0.012,-5.99,0.10,-120.01,0.0361,0.0284,0.0030,774.2455,763.4517,750.7180,780.8291
19,-2.161,5.169,0.40,0.863,1.373,1.047,0.937,-1.617,-0.111,-0.155,0.012,-5.91,0.16,-120.02,0.0358,0.0268,0.0032,774.1815,763.0839,750.6327,780.4764
19,-2.101,5.036,0.45,0.863,1.373,1.042,0.934,-1.617,-0.115,-0.146,0.013,-5.79,0.25,-120.02,0.0372,0.0236,0.0029,774.2620,762.5203,750.5926,780.2363
19,-2.047,4.900,0.50,0.863,1.373,1.032,0.927,-1.618,-0.122,-0.128,0.014,-5.71,0.31,-120.02,0.0350,0.0232,0.0032,774.4229,762.1703,750.6456,780.0208
19,-2.001,4.762,0.55,0.863,1.373,1.026,0.924,-1.619,-0.125,-0.119,0.014,-5.60,0.37,-120.02,0.0354,0.0200,0.0039,774.5008,761.8477,750.6936,779.9209
19,-1.961,4.623,0.60,0.863,1.373,1.013,0.918,-1.619,-0.130,-0.100,0.016,-5.51,0.43,-120.01,0.0321,0.0194,0.0031,774.2439,762.0014,750.9833,779.8019
19,-1.928,4.482,0.65,0.863,1.373,1.008,0.915,-1.620,-0.131,-0.092,0.016,-5.40,0.49,-120.01,0.0318,0.0183,0.0039,774.4854,761.7321,751.1495,779.9787
19,-1.903,4.341,0.70,0.863,1.373,0.996,0.911,-1.620,-0.133,-0.077,0.018,-5.33,0.53,-120.00,0.0308,0.0176,0.0037,774.4282,761.7756,751.1691,780.2119
19,-1.885,4.200,0.75,0.863,1.373,0.991,0.908,-1.620,-0.134,-0.069,0.018,-5.23,0.59,-119.99,0.0293,0.0165,0.0043,774.9474,761.3235,751.5473,780.1455
19,-1.874,4.059,0.80,0.863,1.373,0.979,0.904,-1.620,-0.133,-0.053,0.019,-5.17,0.62,-119.99,0.0283,0.0148,0.0033,774.8890,761.5690,751.9440,780.2678
19,-1.871,3.919,0.85,0.863,1.373,0.974,0.902,-1.620,-0.132,-0.047,0.020,-5.08,0.67,-119.98,0.0253,0.0135,0.0028,775.0357,761.7420,751.9764,780.8350
19,-1.875,3.780,0.90,0.863,1.373,0.964,0.899,-1.619,-0.130,-0.034,0.020,-5.02,0.70,-119.98,0.0227,0.0130,0.0029,775.4968,761.6748,752.3202,781.1368
19,-1.886,3.643,0.95,0.863,1.373,0.959,0.897,-1.619,-0.128,-0.027,0.020,-4.95,0.74,-119.97,0.0183,0.0112,0.0027,775.7988,761.6361,752.9229,781.1279
19,-1.905,3.508,1.00,0.863,1.373,0.849,0.939,-1.606,-0.028,0.122,0.004,-4.39,0.55,-119.97,0.0007,-0.0088,-0.0012,776.6355,760.6956,753.0526,780.0527
19,-1.931,3.375,1.05,0.863,1.373,0.849,0.939,-1.606,-0.028,0.122,0.004,-4.39,0.55,-119.97,0.0007,-0.0088,-0.0012,776.6355,760.6956,753.0526,780.0527
19,-1.964,3.245,1.10,0.863,1.373,0.849,0.942,-1.606,-0.025,0.124,0.004,-4.39,0.52,-119.97,-0.0019,-0.0117,-0.0020,776.5270,760.8696,753.1805,780.0170
19,-2.004,3.119,1.15,0.863,1.373,0.849,0.949,-1.606,-0.018,0.128,0.004,-4.40,0.48,-119.97,-0.0067,-0.0122,-0.0015,776.4630,760.9339,753.5535,779.6313
19,-2.051,2.996,1.20,0.863,1.373,0.849,0.953,-1.606,-0.016,0.130,0.005,-4.43,0.44,-119.97,-0.0098,-0.0143,-0.0011,776.5806,760.8765,753.9225,779.2743
19,-2.105,2.878,1.25,0.863,1.373,0.849,0.960,-1.607,-0.013,0.133,0.005,-4.45,0.40,-119.98,-0.0112,-0.0156,-0.0018,776.5216,760.9939,754.2744,778.9009
19,-2.166,2.764,1.30,0.863,1.373,0.850,0.963,-1.607,-0.012,0.135,0.005,-4.49,0.35,-119.98,-0.0108,-0.0168,-0.0014,776.0660,761.3580,754.6445,778.4819
19,-2.233,2.655,1.35,0.863,1.373,0.850,0.971,-1.607,-0.012,0.139,0.006,-4.51,0.30,-119.98,-0.0101,-0.0159,-0.0003,776.0706,761.3398,755.1306,778.0439
19,-2.306,2.551,1.40,0.863,1.373,0.851,0.975,-1.607,-0.013,0.140,0.006,-4.53,0.25,-119.98,-0.0073,-0.0167,-0.0008,775.9080,761.4509,755.5747,777.6660
19,-2.386,2.453,1.45,0.863,1.373,0.851,0.983,-1.608,-0.015,0.143,0.006,-4.55,0.21,-119.98,-0.0032,-0.0142,-0.0003,775.9408,761.4042,755.8073,777.4805
19,-2.471,2.361,1.50,0.863,1.373,0.851,0.986,-1.608,-0.017,0.145,0.007,-4.55,0.17,-119.97,0.0004,-0.0131,-0.0003,775.7532,761.6953,755.7812,777.7925
19,-2.561,2.275,1.55,0.863,1.373,0.851,0.995,-1.607,-0.022,0.148,0.008,-4.54,0.13,-119.97,0.0033,-0.0116,0.0001,775.7397,761.9475,756.4407,777.5146
19,-2.657,2.196,1.60,0.863,1.373,0.851,1.000,-1.607,-0.025,0.150,0.008,-4.52,0.10,-119.97,0.0096,-0.0107,-0.0001,775.8861,761.9965,756.6380,777.6973
19,-2.757,2.123,1.65,0.863,1.373,0.850,1.008,-1.607,-0.031,0.153,0.008,-4.49,0.07,-119.97,0.0118,-0.0101,0.0001,775.6020,762.3313,756.9300,777.8035
19,-2.862,2.058,1.70,0.863,1.373,0.849,1.013,-1.607,-0.034,0.154,0.008,-4.44,0.04,-119.96,0.0166,-0.0099,0.0004,775.7697,762.3175,757.0117,777.9661
19,-2.972,1.999,1.75,0.863,1.373,0.847,1.024,-1.606,-0.041,0.157,0.008,-4.39,0.02,-119.96,0.0208,-0.0088,0.0001,775.9426,762.2234,757.3337,777.8848
19,-3.085,1.948,1.80,0.863,1.373,0.846,1.028,-1.605,-0.045,0.158,0.008,-4.33,-0.01,-119.96,0.0244,-0.0072,-0.0001,775.9892,762.5265,757.8693,777.6622
19,-3.201,1.905,1.85,0.863,1.373,0.844,1.038,-1.604,-0.052,0.160,0.008,-4.26,-0.03,-119.96,0.0261,-0.0076,0.0005,776.3153,762.3917,758.1053,777.7579
19,-3.321,1.869,1.90,0.863,1.373,0.842,1.043,-1.604,-0.055,0.161,0.008,-4.17,-0.05,-119.95,0.0289,-0.0064,0.0000,776.1457,762.6467,758.3281,777.8231
19,-3.443,1.841,1.95,0.863,1.373,0.838,1.054,-1.603,-0.062,0.161,0.007,-4.09,-0.07,-119.95,0.0308,-0.0056,0.0003,776.2419,762.6344,758.4268,777.7947
19,-3.568,1.821,2.00,0.863,1.373,0.724,1.212,-1.598,-0.065,0.104,0.003,-2.20,0.03,-119.95,0.0176,0.0030,0.0008,776.2404,763.3112,760.6807,776.8641
19,-3.694,1.808,2.05,0.863,1.373,0.724,1.212,-1.598,-0.065,0.104,0.003,-2.20,0.03,-119.95,0.0176,0.0030,0.0008,776.2404,763.3112,760.6807,776.8641
19,-3.822,1.804,2.10,0.863,1.373,0.722,1.215,-1.598,-0.062,0.101,0.002,-2.16,0.04,-119.95,0.0146,0.0007,-0.0013,775.5411,763.8404,760.2087,777.2751
19,-3.951,1.808,2.15,0.863,1.373,0.717,1.223,-1.598,-0.055,0.094,0.001,-2.12,0.04,-119.95,0.0123,-0.0006,0.0005,775.9246,763.3942,760.4108,776.8796
19,-4.081,1.820,2.20,0.863,1.373,0.715,1.226,-1.598,-0.052,0.090,0.000,-2.09,0.03,-119.96,0.0094,-0.0015,-0.0001,775.8340,763.1163,760.7202,776.3885
19,-4.211,1.840,2.25,0.863,1.373,0.711,1.231,-1.598,-0.047,0.081,-0.000,-2.06,0.03,-119.96,0.0069,-0.0006,-0.0008,776.1640,762.4803,760.7654,776.0491
19,-4.341,1.868,2.30,0.863,1.373,0.709,1.233,-1.597,-0.044,0.077,-0.001,-2.05,0.03,-119.95,0.0058,0.0012,-0.0003,776.1378,762.3975,761.1516,775.5973
19,-4.471,1.903,2.35,0.863,1.373,0.706,1.238,-1.597,-0.039,0.065,-0.001,-2.03,0.04,-119.95,0.0030,0.0058,-0.0002,776.4742,762.0569,761.2178,775.6852
19,-4.599,1.946,2.40,0.863,1.373,0.704,1.240,-1.597,-0.036,0.060,-0.001,-2.03,0.06,-119.95,0.0018,0.0075,-0.0004,776.3151,762.2991,761.4901,775.4629
19,-4.726,1.997,2.45,0.863,1.373,0.702,1.243,-1.597,-0.032,0.049,-0.002,-2.03,0.09,-119.96,-0.0008,0.0110,-0.0005,776.7548,762.0227,761.8199,775.2670
19,-4.851,2.055,2.50,0.863,1.373,0.701,1.244,-1.596,-0.031,0.043,-0.002,-2.03,0.12,-119.96,-0.0027,0.0142,0.0004,776.8522,762.0168,761.7356,775.3347
19,-4.974,2.121,2.55,0.863,1.373,0.698,1.245,-1.596,-0.027,0.031,-0.003,-2.04,0.17,-119.96,-0.0046,0.0173,-0.0003,776.9070,762.1007,762.2645,774.9835
19,-5.095,2.193,2.60,0.863,1.373,0.697,1.246,-1.596,-0.026,0.025,-0.003,-2.06,0.22,-119.96,-0.0066,0.0202,-0.0001,777.1474,761.8687,762.2830,774.9422
19,-5.212,2.272,2.65,0.863,1.373,0.695,1.246,-1.596,-0.023,0.015,-0.004,-2.08,0.28,-119.96,-0.0067,0.0224,0.0003,776.7988,762.1058,762.5274,774.6037
19,-5.326,2.358,2.70,0.863,1.373,0.694,1.246,-1.596,-0.022,0.010,-0.004,-2.10,0.34,-119.96,-0.0076,0.0240,-0.0000,776.9100,761.9145,762.4576,774.5679
19,-5.436,2.450,2.75,0.863,1.373,0.692,1.245,-1.596,-0.020,-0.001,-0.004,-2.12,0.42,-119.96,-0.0072,0.0262,0.0007,777.0972,761.5887,762.7156,774.0576
19,-5.542,2.548,2.80,0.863,1.373,0.691,1.244,-1.596,-0.019,-0.006,-0.005,-2.14,0.49,-119.97,-0.0070,0.0276,0.0006,776.9129,761.5549,762.5974,774.0774
19,-5.644,2.651,2.85,0.863,1.373,0.689,1.242,-1.597,-0.018,-0.015,-0.005,-2.16,0.57,-119.97,-0.0077,0.0297,0.0007,776.8168,761.5068,762.6295,773.8116
19,-5.741,2.760,2.90,0.863,1.373,0.688,1.241,-1.597,-0.018,-0.019,-0.005,-2.18,0.65,-119.97,-0.0061,0.0302,0.0011,776.5892,761.3804,762.5424,773.5701
19,-5.832,2.874,2.95,0.863,1.373,0.686,1.237,-1.598,-0.017,-0.028,-0.005,-2.20,0.75,-119.97,-0.0068,0.0325,0.0010,776.4366,761.1881,762.4421,773.3220
19,-5.919,2.992,3.00,0.863,1.373,0.668,1.185,-1.597,0.008,-0.009,-0.006,-2.30,2.04,-119.96,0.0055,0.0016,-0.0004,777.5169,761.0031,765.0621,772.4436
19,-6.000,3.114,3.05,0.863,1.373,0.668,1.185,-1.597,0.008,-0.009,-0.006,-2.30,2.04,-119.96,0.0055,0.0016,-0.0004,777.5169,761.0031,765.0621,772.4436
19,-6.074,3.241,3.10,0.863,1.373,0.667,1.185,-1.596,0.010,-0.004,-0.006,-2.28,2.04,-119.96,0.0078,0.0011,0.0003,777.7146,760.8384,765.0550,772.6090
19,-6.143,3.370,3.15,0.863,1.373,0.667,1.185,-1.596,0.012,-0.000,-0.007,-2.25,2.04,-119.96,0.0111,0.0001,-0.0016,778.0834,760.4254,764.7910,772.7793
19,-6.205,3.503,3.20,0.863,1.373,0.666,1.185,-1.596,0.014,0.001,-0.007,-2.22,2.04,-119.96,0.0134,-0.0011,-0.0011,778.7151,759.7275,764.7345,772.6138
19,-6.261,3.638,3.25,0.863,1.373,0.666,1.186,-1.596,0.017,0.003,-0.008,-2.18,2.04,-119.97,0.0132,-0.0004,0.0004,778.7599,759.4911,764.6058,772.5477
19,-6.310,3.775,3.30,0.863,1.373,0.666,1.186,-1.596,0.020,0.003,-0.008,-2.14,2.04,-119.97,0.0127,0.0007,-0.0012,778.9111,759.0389,764.0710,772.7420
19,-6.352,3.914,3.35,0.863,1.373,0.666,1.186,-1.596,0.022,0.002,-0.008,-2.11,2.04,-119.97,0.0098,0.0020,-0.0017,778.9326,758.8894,763.7024,772.7668
19,-6.387,4.054,3.40,0.863,1.373,0.667,1.186,-1.596,0.027,0.001,-0.009,-2.09,2.05,-119.97,0.0064,0.0027,-0.0003,779.3699,758.5180,763.6766,772.5074
19,-6.415,4.195,3.45,0.863,1.373,0.667,1.186,-1.597,0.033,-0.001,-0.009,-2.08,2.06,-119.98,0.0025,0.0033,-0.0006,779.6109,758.2446,763.7121,772.3438
19,-6.435,4.336,3.50,0.863,1.373,0.668,1.186,-1.597,0.036,-0.003,-0.009,-2.08,2.07,-119.98,-0.0006,0.0055,-0.0010,779.5334,758.2858,763.2242,772.6282
19,-6.448,4.477,3.55,0.863,1.373,0.670,1.186,-1.597,0.042,-0.006,-0.009,-2.09,2.08,-119.98,-0.0051,0.0053,-0.0009,779.8250,757.8865,763.4036,772.2622
19,-6.454,4.618,3.60,0.863,1.373,0.671,1.185,-1.598,0.045,-0.008,-0.009,-2.11,2.10,-119.99,-0.0081,0.0070,-0.0009,779.9269,757.7241,763.1236,772.4091
19,-6.453,4.757,3.65,0.863,1.373,0.674,1.184,-1.598,0.053,-0.013,-0.009,-2.14,2.12,-119.99,-0.0120,0.0088,-0.0000,779.8428,757.6453,762.7490,772.6291
19,-6.444,4.895,3.70,0.863,1.373,0.676,1.184,-1.599,0.056,-0.015,-0.009,-2.18,2.14,-119.99,-0.0175,0.0077,-0.0008,779.9860,757.4998,763.2882,772.0513
19,-6.427,5.031,3.75,0.863,1.373,0.680,1.182,-1.599,0.063,-0.019,-0.008,-2.24,2.17,-120.00,-0.0203,0.0084,-0.0015,780.2864,757.4503,763.0086,772.2272
19,-6.404,5.164,3.80,0.863,1.373,0.682,1.181,-1.599,0.066,-0.021,-0.008,-2.29,2.19,-120.00,-0.0228,0.0078,-0.0009,780.7540,757.2783,763.1923,772.1857
19,-6.373,5.295,3.85,0.863,1.373,0.688,1.179,-1.598,0.073,-0.026,-0.008,-2.37,2.22,-120.00,-0.0262,0.0093,-0.0009,780.9338,757.5872,763.2581,772.4315
19,-6.335,5.423,3.90,0.863,1.373,0.690,1.178,-1.598,0.076,-0.028,-0.008,-2.44,2.24,-120.01,-0.0275,0.0105,-0.0008,781.1451,757.9248,763.2106,772.7058
19,-6.290,5.547,3.95,0.863,1.373,0.693,1.176,-1.598,0.079,-0.030,-0.008,-2.53,2.27,-120.01,-0.0291,0.0112,-0.0008,781.1671,758.2373,763.1775,772.9908
19,-6.238,5.666,4.00,0.863,1.373,0.803,1.144,-1.606,0.060,-0.019,-0.006,-3.91,2.68,-120.02,-0.0038,0.0059,-0.0004,781.3605,755.2160,761.9565,771.4414
19,-6.180,5.782,4.05,0.863,1.373,0.803,1.144,-1.606,0.060,-0.019,-0.006,-3.91,2.68,-120.02,-0.0038,0.0059,-0.0004,781.3605,755.2160,761.9565,771.4414
19,-6.115,5.892,4.10,0.863,1.373,0.807,1.144,-1.606,0.056,-0.015,-0.005,-3.91,2.70,-120.02,-0.0025,0.0050,-0.0000,781.6918,755.0535,761.9114,771.6509
19,-6.044,5.998,4.15,0.863,1.373,0.809,1.144,-1.606,0.054,-0.014,-0.004,-3.91,2.72,-120.02,0.0028,0.0057,0.0004,781.8386,755.2296,761.3589,772.3884
19,-5.966,6.098,4.20,0.863,1.373,0.813,1.144,-1.606,0.051,-0.011,-0.004,-3.90,2.73,-120.02,0.0035,0.0052,0.0011,782.1168,755.0984,761.2975,772.7161
19,-5.883,6.192,4.25,0.863,1.373,0.815,1.144,-1.606,0.050,-0.009,-0.004,-3.89,2.75,-120.02,0.0039,0.0040,0.0011,782.2682,755.1079,761.0379,773.2972
19,-5.794,6.280,4.30,0.863,1.373,0.818,1.145,-1.605,0.049,-0.006,-0.004,-3.88,2.76,-120.02,0.0030,0.0040,-0.0010,782.5023,754.9086,760.9124,773.4347
19,-5.700,6.361,4.35,0.863,1.373,0.820,1.145,-1.605,0.050,-0.005,-0.003,-3.87,2.77,-120.02,0.0017,0.0017,-0.0001,782.8536,754.7032,760.4226,773.7776
19,-5.602,6.436,4.40,0.863,1.373,0.824,1.147,-1.606,0.051,-0.002,-0.004,-3.87,2.77,-120.02,0.0018,0.0006,-0.0002,782.9841,754.5172,760.1384,773.9684
19,-5.498,6.504,4.45,0.863,1.373,0.826,1.148,-1.606,0.052,-0.001,-0.004,-3.87,2.77,-120.02,-0.0016,-0.0017,-0.0010,782.8409,754.3231,759.8903,773.8199
19,-5.390,6.565,4.50,0.863,1.373,0.830,1.150,-1.607,0.055,0.001,-0.003,-3.88,2.77,-120.03,-0.0044,-0.0037,-0.0005,782.8191,754.3508,759.5386,774.0109
19,-5.278,6.619,4.55,0.863,1.373,0.833,1.151,-1.607,0.056,0.002,-0.003,-3.90,2.75,-120.03,-0.0076,-0.0055,-0.0010,783.1545,753.8417,759.4241,773.9141
19,-5.163,6.665,4.60,0.863,1.373,0.837,1.154,-1.607,0.060,0.004,-0.003,-3.92,2.74,-120.03,-0.0096,-0.0064,-0.0013,782.9043,754.0480,758.8896,774.2219
19,-5.044,6.703,4.65,0.863,1.373,0.840,1.155,-1.608,0.062,0.005,-0.003,-3.96,2.72,-120.03,-0.0124,-0.0090,-0.0006,783.0878,753.9317,758.9068,774.2091
19,-4.923,6.734,4.70,0.863,1.373,0.845,1.158,-1.608,0.067,0.006,-0.003,-3.99,2.70,-120.03,-0.0141,-0.0090,-0.0015,783.1583,753.8168,758.4373,774.5660
19,-4.799,6.757,4.75,0.863,1.373,0.848,1.159,-1.608,0.069,0.007,-0.003,-4.05,2.67,-120.04,-0.0173,-0.0104,-0.0013,783.1155,753.9330,758.4263,774.4825
19,-4.673,6.771,4.80,0.863,1.373,0.855,1.161,-1.608,0.074,0.008,-0.003,-4.09,2.64,-120.04,-0.0198,-0.0125,-0.0018,783.4880,753.5721,758.5020,774.2216
19,-4.545,6.778,4.85,0.863,1.373,0.859,1.162,-1.609,0.076,0.008,-0.003,-4.16,2.60,-120.04,-0.0219,-0.0129,-0.0014,783.5021,753.6229,758.1401,774.5065
19,-4.416,6.777,4.90,0.863,1.373,0.866,1.164,-1.609,0.081,0.008,-0.002,-4.21,2.57,-120.04,-0.0243,-0.0124,-0.0005,783.6782,753.3900,757.9844,774.5520
19,-4.287,6.768,4.95,0.863,1.373,0.869,1.164,-1.610,0.083,0.008,-0.002,-4.30,2.53,-120.04,-0.0262,-0.0116,-0.0008,783.3933,753.4243,757.7761,774.4706
19,-4.157,6.750,5.00,0.863,1.373,0.959,1.167,-1.619,0.042,0.014,0.007,-5.56,2.30,-120.06,-0.0029,0.0029,0.0003,783.9114,752.6458,755.3906,775.4822
19,-4.027,6.725,5.05,0.863,1.373,0.959,1.167,-1.619,0.042,0.014,0.007,-5.56,2.30,-120.06,-0.0029,0.0029,0.0003,783.9114,752.6458,755.3906,775.4822
19,-3.897,6.692,5.10,0.863,1.373,0.959,1.168,-1.619,0.039,0.015,0.007,-5.57,2.31,-120.06,-0.0030,0.0047,0.0008,783.9114,752.6458,755.3906,775.4822
19,-3.768,6.652,5.15,0.863,1.373,0.961,1.168,-1.619,0.035,0.018,0.008,-5.58,2.33,-120.06,-0.0025,0.0061,0.0010,783.0168,753.5319,754.5582,776.1508
19,-3.641,6.603,5.20,0.863,1.373,0.962,1.168,-1.619,0.034,0.019,0.008,-5.58,2.34,-120.07,-0.0014,0.0048,0.0003,783.0168,753.5319,754.5582,776.1508
19,-3.515,6.548,5.25,0.863,1.373,0.964,1.169,-1.620,0.031,0.024,0.008,-5.59,2.36,-120.06,-0.0020,0.0036,0.0010,782.8324,753.6017,753.9753,776.6919
19,-3.391,6.485,5.30,0.863,1.373,0.965,1.170,-1.620,0.030,0.027,0.009,-5.59,2.36,-120.06,-0.0020,0.0009,0.0009,782.8324,753.6017,753.9753,776.6919
19,-3.270,6.414,5.35,0.863,1.373,0.967,1.171,-1.620,0.029,0.033,0.009,-5.60,2.36,-120.06,-0.0027,-0.0024,0.0012,782.4969,753.6707,753.7415,777.0292
19,-3.152,6.337,5.40,0.863,1.373,0.968,1.172,-1.620,0.029,0.036,0.010,-5.61,2.35,-120.06,-0.0042,-0.0046,0.0005,782.4969,753.6707,753.7415,777.0292
19,-3.037,6.254,5.45,0.863,1.373,0.970,1.174,-1.621,0.028,0.043,0.010,-5.62,2.33,-120.06,-0.0042,-0.0075,-0.0000,781.7250,754.2183,753.5122,777.2033
19,-2.925,6.164,5.50,0.863,1.373,0.971,1.175,-1.621,0.028,0.047,0.011,-5.63,2.30,-120.05,-0.0035,-0.0102,0.0005,781.7250,754.2183,753.5122,777.2033
19,-2.818,6.068,5.55,0.863,1.373,0.973,1.178,-1.622,0.029,0.054,0.011,-5.64,2.26,-120.05,-0.0038,-0.0150,-0.0010,781.7094,753.8524,753.4403,776.9178
19,-2.714,5.966,5.60,0.863,1.373,0.974,1.179,-1.622,0.029,0.057,0.012,-5.65,2.23,-120.05,-0.0042,-0.0160,-0.0008,781.7094,753.8524,753.4403,776.9178
19,-2.616,5.859,5.65,0.863,1.373,0.977,1.183,-1.623,0.030,0.066,0.012,-5.66,2.17,-120.04,-0.0036,-0.0180,0.0000,780.9290,754.4719,752.6830,777.8586
19,-2.522,5.747,5.70,0.863,1.373,0.978,1.185,-1.623,0.030,0.070,0.013,-5.66,2.12,-120.04,-0.0026,-0.0223,-0.0012,780.9290,754.4719,752.6830,777.8586
19,-2.434,5.631,5.75,0.863,1.373,0.981,1.190,-1.623,0.031,0.077,0.014,-5.67,2.04,-120.04,-0.0036,-0.0236,-0.0014,781.1261,754.5750,753.0439,777.9323
19,-2.352,5.509,5.80,0.863,1.373,0.982,1.193,-1.623,0.031,0.081,0.014,-5.68,1.98,-120.04,-0.0023,-0.0255,-0.0018,781.1261,754.5750,753.0439,777.9323
19,-2.275,5.384,5.85,0.863,1.373,0.983,1.199,-1.623,0.030,0.088,0.015,-5.69,1.89,-120.03,-0.0011,-0.0271,-0.0026,781.2304,754.7452,753.2057,778.0086
19,-2.204,5.256,5.90,0.863,1.373,0.984,1.202,-1.623,0.030,0.092,0.015,-5.69,1.83,-120.03,-0.0007,-0.0269,-0.0023,781.2304,754.7452,753.2057,778.0086
19,-2.140,5.124,5.95,0.863,1.373,0.985,1.208,-1.623,0.028,0.098,0.016,-5.68,1.74,-120.03,0.0042,-0.0276,-0.0015,781.1972,754.8359,752.8760,778.3359
19,-2.082,4.990,6.00,0.863,1.373,0.989,1.345,-1.609,0.006,0.094,0.005,-5.23,0.33,-120.03,-0.0010,-0.0136,-0.0008,780.8489,756.9263,751.9780,779.8036
19,-2.031,4.853,6.05,0.863,1.373,0.989,1.345,-1.609,0.006,0.094,0.005,-5.23,0.33,-120.03,-0.0010,-0.0136,-0.0008,780.8489,756.9263,751.9780,779.8036
19,-1.986,4.715,6.10,0.863,1.373,0.989,1.352,-1.610,0.005,0.089,0.005,-5.24,0.29,-120.03,-0.0019,-0.0119,-0.0005,780.5546,756.7899,752.0579,779.2922
19,-1.949,4.575,6.15,0.863,1.373,0.989,1.355,-1.610,0.004,0.087,0.005,-5.25,0.26,-120.03,-0.0045,-0.0103,-0.0008,780.0273,756.9264,751.8741,779.0807
19,-1.919,4.435,6.20,0.863,1.373,0.988,1.361,-1.612,0.001,0.083,0.005,-5.26,0.23,-120.03,-0.0054,-0.0086,-0.0004,779.8123,756.7517,752.0050,778.6335
19,-1.896,4.293,6.25,0.863,1.373,0.988,1.364,-1.612,-0.000,0.081,0.005,-5.28,0.21,-120.03,-0.0067,-0.0073,-0.0016,779.0334,757.2233,751.7869,778.5530
19,-1.880,4.152,6.30,0.863,1.373,0.987,1.369,-1.612,-0.004,0.079,0.007,-5.30,0.19,-120.03,-0.0044,-0.0078,0.0004,778.8223,757.3768,752.1433,778.1135
19,-1.872,4.012,6.35,0.863,1.373,0.986,1.371,-1.613,-0.007,0.078,0.007,-5.31,0.17,-120.03,-0.0022,-0.0066,0.0002,778.4488,757.8050,752.0775,778.4629
19,-1.871,3.872,6.40,0.863,1.373,0.984,1.376,-1.613,-0.013,0.076,0.008,-5.31,0.15,-120.03,0.0009,-0.0066,-0.0004,777.9230,758.5651,752.6126,778.2720
19,-1.878,3.733,6.45,0.863,1.373,0.983,1.379,-1.613,-0.016,0.076,0.009,-5.31,0.14,-120.03,0.0036,-0.0035,0.0012,777.9554,758.6987,752.8321,778.4108
19,-1.892,3.597,6.50,0.863,1.373,0.981,1.383,-1.613,-0.022,0.076,0.010,-5.29,0.12,-120.02,0.0085,-0.0044,0.0011,778.0687,758.7990,753.3622,778.2587
19,-1.913,3.462,6.55,0.863,1.373,0.980,1.386,-1.613,-0.025,0.076,0.010,-5.26,0.10,-120.02,0.0108,-0.0054,0.0003,777.7529,759.2667,753.3488,778.6854
19,-1.941,3.331,6.60,0.863,1.373,0.976,1.392,-1.612,-0.032,0.077,0.011,-5.22,0.09,-120.02,0.0152,-0.0051,0.0020,777.8131,759.4956,753.5248,778.8798
19,-1.977,3.202,6.65,0.863,1.373,0.974,1.395,-1.612,-0.036,0.078,0.012,-5.18,0.07,-120.01,0.0180,-0.0057,-0.0002,777.7122,759.7795,754.0317,778.8840
19,-2.019,3.077,6.70,0.863,1.373,0.970,1.400,-1.611,-0.042,0.079,0.012,-5.12,0.05,-120.01,0.0221,-0.0073,0.0003,777.6882,760.1069,754.1586,779.0286
19,-2.069,2.956,6.75,0.863,1.373,0.968,1.403,-1.610,-0.046,0.080,0.012,-5.06,0.03,-120.01,0.0245,-0.0077,0.0010,777.5892,760.4053,754.3472,779.2310
19,-2.125,2.839,6.80,0.863,1.373,0.963,1.410,-1.609,-0.053,0.081,0.012,-4.98,0.00,-120.00,0.0276,-0.0068,0.0002,777.7906,760.4829,754.8320,779.2237
19,-2.188,2.726,6.85,0.863,1.373,0.960,1.413,-1.609,-0.056,0.082,0.012,-4.90,-0.02,-120.00,0.0283,-0.0088,0.0008,777.4572,761.0195,754.6175,779.6596
19,-2.257,2.619,6.90,0.863,1.373,0.954,1.418,-1.608,-0.061,0.083,0.011,-4.81,-0.04,-119.99,0.0312,-0.0079,-0.0003,777.4310,760.9556,754.5425,779.9302
19,-2.333,2.517,6.95,0.863,1.373,0.952,1.421,-1.608,-0.064,0.083,0.011,-4.73,-0.06,-119.99,0.0323,-0.0071,0.0003,777.5775,760.9257,754.7446,779.7852
19,-2.414,2.421,7.00,0.863,1.373,0.861,1.475,-1.607,-0.044,0.034,0.006,-3.47,-0.17,-119.96,0.0019,-0.0033,-0.0010,775.0692,761.8748,755.6083,778.2614
19,-2.501,2.331,7.05,0.863,1.373,0.861,1.475,-1.607,-0.044,0.034,0.006,-3.47,-0.17,-119.96,0.0019,-0.0033,-0.0010,775.0692,761.8748,755.6083,778.2614
19,-2.593,2.248,7.10,0.863,1.373,0.860,1.476,-1.607,-0.039,0.030,0.006,-3.46,-0.18,-119.96,-0.0013,-0.0039,-0.0001,775.3193,761.7821,755.8052,778.2141
19,-2.690,2.171,7.15,0.863,1.373,0.859,1.477,-1.607,-0.037,0.028,0.006,-3.47,-0.20,-119.96,-0.0026,-0.0066,-0.0002,775.8128,761.5540,756.4200,777.8213
19,-2.793,2.100,7.20,0.863,1.373,0.857,1.478,-1.607,-0.035,0.025,0.007,-3.48,-0.22,-119.96,-0.0036,-0.0071,-0.0006,775.4913,762.1104,756.5450,778.0042
19,-2.899,2.037,7.25,0.863,1.373,0.856,1.478,-1.606,-0.035,0.023,0.007,-3.49,-0.23,-119.96,-0.0046,-0.0061,-0.0001,775.5697,762.1962,757.2617,777.4650
19,-3.010,1.981,7.30,0.863,1.373,0.855,1.478,-1.606,-0.036,0.018,0.007,-3.50,-0.25,-119.96,-0.0033,-0.0028,-0.0012,775.8379,762.1019,757.8074,777.1236
19,-3.124,1.932,7.35,0.863,1.373,0.853,1.478,-1.606,-0.037,0.015,0.007,-3.51,-0.25,-119.96,-0.0014,-0.0003,0.0004,776.1552,762.0880,758.3689,776.8082
19,-3.241,1.892,7.40,0.863,1.373,0.852,1.478,-1.605,-0.039,0.010,0.007,-3.51,-0.25,-119.96,0.0006,0.0021,-0.0002,776.1383,762.1336,758.8906,776.4686
19,-3.362,1.858,7.45,0.863,1.373,0.851,1.478,-1.605,-0.041,0.008,0.007,-3.51,-0.24,-119.96,0.0009,0.0048,0.0014,776.1525,762.2996,758.9194,776.5726
19,-3.485,1.833,7.50,0.863,1.373,0.849,1.477,-1.605,-0.045,0.003,0.006,-3.50,-0.22,-119.96,0.0044,0.0086,0.0004,776.2170,762.2625,758.9058,776.7670
19,-3.611,1.816,7.55,0.863,1.373,0.847,1.476,-1.604,-0.048,-0.000,0.006,-3.48,-0.20,-119.96,0.0052,0.0100,0.0017,776.3113,762.3429,759.7927,776.0085
19,-3.738,1.806,7.60,0.863,1.373,0.845,1.475,-1.604,-0.053,-0.005,0.006,-3.46,-0.16,-119.96,0.0080,0.0144,0.0008,776.2198,762.4637,759.5102,776.5458
19,-3.866,1.805,7.65,0.863,1.373,0.843,1.475,-1.604,-0.055,-0.007,0.006,-3.44,-0.12,-119.96,0.0107,0.0152,0.0008,776.2841,762.5286,760.0800,776.0559
19,-3.996,1.811,7.70,0.863,1.373,0.840,1.473,-1.603,-0.061,-0.010,0.006,-3.41,-0.07,-119.96,0.0123,0.0166,0.0016,776.3422,762.5356,760.2749,775.9398
19,-4.126,1.826,7.75,0.863,1.373,0.838,1.473,-1.603,-0.064,-0.012,0.005,-3.37,-0.03,-119.96,0.0139,0.0168,0.0017,776.2190,762.5192,760.2466,775.9800
19,-4.256,1.848,7.80,0.863,1.373,0.834,1.472,-1.603,-0.069,-0.015,0.005,-3.33,0.02,-119.96,0.0162,0.0180,0.0013,776.0837,762.5546,760.3699,775.9099
19,-4.385,1.879,7.85,0.863,1.373,0.832,1.471,-1.603,-0.072,-0.016,0.004,-3.28,0.08,-119.95,0.0181,0.0182,0.0020,775.6714,762.8007,760.6248,775.6952
19,-4.515,1.917,7.90,0.863,1.373,0.828,1.470,-1.602,-0.076,-0.018,0.004,-3.22,0.13,-119.95,0.0201,0.0181,0.0012,776.0822,762.2715,760.8069,775.5879
19,-4.643,1.963,7.95,0.863,1.373,0.825,1.470,-1.602,-0.079,-0.019,0.004,-3.17,0.18,-119.95,0.0211,0.0183,0.0026,775.8013,762.4142,760.9730,775.3767
19,-4.769,2.016,8.00,0.863,1.373,0.750,1.438,-1.615,-0.055,-0.025,0.011,-2.18,0.98,-119.94,0.0017,0.0027,-0.0003,774.0705,761.5839,761.2894,773.3660
19,-4.893,2.077,8.05,0.863,1.373,0.750,1.438,-1.615,-0.055,-0.025,0.011,-2.18,0.98,-119.94,0.0017,0.0027,-0.0003,774.0705,761.5839,761.2894,773.3660
19,-5.015,2.145,8.10,0.863,1.373,0.749,1.437,-1.616,-0.053,-0.025,0.012,-2.18,0.99,-119.94,0.0011,0.0019,-0.0002,773.9702,761.6452,761.4758,773.2683
19,-5.135,2.219,8.15,0.863,1.373,0.746,1.434,-1.617,-0.048,-0.024,0.013,-2.17,1.00,-119.94,0.0018,0.0025,-0.0009,774.0531,761.5873,761.5640,773.1529
19,-5.251,2.301,8.20,0.863,1.373,0.745,1.433,-1.618,-0.047,-0.023,0.014,-2.17,1.01,-119.94,0.0029,0.0035,-0.0005,773.9913,761.6606,761.9686,772.7133
19,-5.364,2.389,8.25,0.863,1.373,0.742,1.430,-1.619,-0.043,-0.023,0.015,-2.16,1.02,-119.95,0.0027,0.0042,-0.0003,773.9729,761.7296,761.7348,773.0715
19,-5.473,2.483,8.30,0.863,1.373,0.741,1.429,-1.619,-0.041,-0.022,0.016,-2.16,1.03,-119.95,0.0029,0.0045,0.0001,774.1653,761.8318,761.8994,773.0901
19,-5.577,2.582,8.35,0.863,1.373,0.738,1.426,-1.620,-0.037,-0.021,0.017,-2.15,1.04,-119.95,0.0017,0.0057,0.0000,774.2374,762.1873,762.0670,773.2358
19,-5.677,2.688,8.40,0.863,1.373,0.737,1.425,-1.620,-0.036,-0.021,0.017,-2.14,1.05,-119.96,0.0031,0.0061,-0.0014,774.6213,762.0859,762.2501,773.2783
19,-5.772,2.798,8.45,0.863,1.373,0.734,1.422,-1.619,-0.032,-0.019,0.018,-2.13,1.07,-119.96,0.0049,0.0059,-0.0006,774.8055,762.3262,762.4241,773.3431
19,-5.862,2.913,8.50,0.863,1.373,0.733,1.421,-1.619,-0.030,-0.019,0.018,-2.12,1.08,-119.96,0.0034,0.0052,0.0001,774.8541,762.5494,762.5142,773.5186
19,-5.947,3.033,8.55,0.863,1.373,0.731,1.418,-1.619,-0.026,-0.017,0.019,-2.11,1.10,-119.96,0.0033,0.0058,-0.0004,775.0660,762.5057,762.9828,773.4633
19,-6.026,3.157,8.60,0.863,1.373,0.730,1.417,-1.619,-0.024,-0.017,0.019,-2.10,1.11,-119.96,0.0029,0.0045,-0.0002,775.2915,762.5742,762.7161,773.9059
19,-6.098,3.284,8.65,0.863,1.373,0.729,1.415,-1.618,-0.020,-0.015,0.019,-2.09,1.12,-119.96,0.0013,0.0040,-0.0004,775.4147,762.7930,763.1207,773.8771
19,-6.165,3.415,8.70,0.863,1.373,0.728,1.414,-1.618,-0.018,-0.014,0.018,-2.08,1.12,-119.97,0.0028,0.0029,-0.0008,775.5087,763.0529,763.3297,773.9457
19,-6.225,3.548,8.75,0.863,1.373,0.727,1.412,-1.617,-0.013,-0.012,0.018,-2.08,1.13,-119.97,0.0007,0.0013,-0.0008,775.6229,763.3586,763.4658,774.1143
19,-6.278,3.684,8.80,0.863,1.373,0.727,1.411,-1.616,-0.010,-0.011,0.018,-2.07,1.13,-119.97,0.0009,0.0013,0.0000,775.8782,763.2615,763.4698,774.2969
19,-6.325,3.822,8.85,0.863,1.373,0.727,1.411,-1.615,-0.006,-0.009,0.017,-2.07,1.13,-119.97,-0.0003,-0.0011,-0.0001,775.8660,763.3911,763.8476,774.1051
19,-6.365,3.962,8.90,0.863,1.373,0.727,1.410,-1.614,-0.004,-0.008,0.016,-2.07,1.13,-119.97,-0.0005,-0.0024,0.0006,775.8162,763.6364,763.7676,774.3557
19,-6.397,4.102,8.95,0.863,1.373,0.727,1.411,-1.613,0.001,-0.004,0.015,-2.08,1.12,-119.97,-0.0002,-0.0049,0.0002,775.9684,763.8256,763.8594,774.6431
19,-6.422,4.243,9.00,0.863,1.373,0.767,1.429,-1.596,0.036,0.004,-0.007,-2.18,0.60,-119.98,-0.0043,-0.0044,-0.0010,775.5663,763.2906,763.7205,773.7308
19,-6.441,4.384,9.05,0.863,1.373,0.767,1.429,-1.596,0.036,0.004,-0.007,-2.18,0.60,-119.98,-0.0043,-0.0044,-0.0010,775.5663,763.2906,763.7205,773.7308
19,-6.451,4.525,9.10,0.863,1.373,0.770,1.429,-1.596,0.035,0.002,-0.007,-2.19,0.58,-119.98,-0.0021,-0.0043,-0.0009,775.6807,763.1715,763.9098,773.5895
19,-6.455,4.665,9.15,0.863,1.373,0.771,1.429,-1.595,0.035,0.000,-0.007,-2.19,0.57,-119.98,0.0036,-0.0046,-0.0007,776.1339,762.8051,763.6918,773.9148
19,-6.450,4.804,9.20,0.863,1.373,0.774,1.429,-1.595,0.036,-0.004,-0.008,-2.18,0.56,-119.98,0.0062,-0.0035,0.0001,777.0895,761.9958,763.6753,774.1797
19,-6.439,4.941,9.25,0.863,1.373,0.776,1.429,-1.595,0.037,-0.008,-0.008,-2.16,0.55,-119.98,0.0061,-0.0004,-0.0002,777.1250,761.9911,763.0550,774.8418
19,-6.420,5.077,9.30,0.863,1.373,0.779,1.428,-1.594,0.041,-0.016,-0.009,-2.14,0.55,-119.98,0.0055,0.0011,-0.0006,778.0141,761.2380,762.7695,775.1080
19,-6.394,5.209,9.35,0.863,1.373,0.781,1.427,-1.594,0.043,-0.020,-0.009,-2.13,0.56,-119.98,0.0004,0.0035,0.0008,778.5071,760.8467,762.7288,775.2526
19,-6.361,5.339,9.40,0.863,1.373,0.785,1.425,-1.593,0.047,-0.030,-0.010,-2.13,0.58,-119.98,-0.0030,0.0058,0.0000,779.1461,760.3391,762.6540,775.4659
19,-6.321,5.465,9.45,0.863,1.373,0.787,1.424,-1.593,0.049,-0.036,-0.011,-2.16,0.60,-119.99,-0.0100,0.0088,-0.0015,779.2600,760.2577,762.6387,775.4752
19,-6.273,5.588,9.50,0.863,1.373,0.791,1.420,-1.592,0.055,-0.049,-0.012,-2.19,0.63,-119.99,-0.0148,0.0109,-0.0015,779.8028,759.7521,762.4475,775.4787
19,-6.219,5.706,9.55,0.863,1.373,0.793,1.418,-1.592,0.058,-0.056,-0.013,-2.25,0.66,-120.00,-0.0219,0.0151,-0.0013,779.7965,759.8396,761.9875,775.5721
19,-6.159,5.820,9.60,0.863,1.373,0.798,1.413,-1.592,0.063,-0.069,-0.014,-2.31,0.71,-120.00,-0.0272,0.0180,-0.0013,780.0024,759.5497,761.8440,775.3649
19,-6.091,5.929,9.65,0.863,1.373,0.800,1.410,-1.592,0.065,-0.075,-0.014,-2.40,0.77,-120.01,-0.0315,0.0221,-0.0009,779.8014,759.7291,761.5630,775.3457
19,-6.018,6.032,9.70,0.863,1.373,0.805,1.403,-1.592,0.070,-0.090,-0.015,-2.49,0.83,-120.01,-0.0344,0.0242,0.0000,780.5286,758.8405,761.4194,775.1454
19,-5.939,6.130,9.75,0.863,1.373,0.807,1.399,-1.592,0.072,-0.096,-0.016,-2.60,0.90,-120.02,-0.0374,0.0276,-0.0008,780.6230,758.7551,761.4117,774.9731
19,-5.854,6.223,9.80,0.863,1.373,0.812,1.391,-1.592,0.076,-0.109,-0.017,-2.71,0.98,-120.02,-0.0412,0.0294,-0.0007,780.5322,758.7792,761.2003,774.8651
19,-5.763,6.308,9.85,0.863,1.373,0.815,1.387,-1.592,0.078,-0.114,-0.017,-2.83,1.07,-120.03,-0.0417,0.0318,-0.0014,780.5879,758.5920,760.7882,774.9451
19,-5.667,6.388,9.90,0.863,1.373,0.820,1.376,-1.593,0.081,-0.126,-0.018,-2.95,1.16,-120.03,-0.0434,0.0334,0.0004,780.6104,758.5109,760.2981,775.0744
19,-5.567,6.460,9.95,0.863,1.373,0.823,1.372,-1.593,0.082,-0.131,-0.018,-3.08,1.26,-120.04,-0.0437,0.0343,-0.0001,780.9731,758.0112,760.5059,774.6499
20,-1.742,10.539,0.00,0.863,1.373,1.191,1.507,-1.603,0.157,0.130,-0.006,-5.96,5.25,-60.67,-0.0192,-0.0116,-0.0106,795.5884,750.5803,755.7332,762.6623
20,-1.866,10.531,0.05,0.863,1.373,1.191,1.507,-1.603,0.157,0.130,-0.006,-5.96,5.25,-60.67,-0.0192,-0.0116,-0.0106,795.5884,750.5803,755.7332,762.6623
20,-1.980,10.511,0.10,0.863,1.373,1.196,1.512,-1.604,0.148,0.125,-0.006,-6.01,5.21,-60.69,-0.0175,-0.0108,-0.0069,795.2787,750.1553,755.7906,762.8437
20,-2.083,10.478,0.15,0.863,1.373,1.202,1.520,-1.604,0.134,0.117,-0.006,-6.06,5.18,-60.69,-0.0168,-0.0126,-0.0028,794.9073,749.7984,756.0923,762.8269
20,-2.174,10.434,0.20,0.863,1.373,1.205,1.524,-1.604,0.127,0.113,-0.005,-6.11,5.15,-60.66,-0.0144,-0.0124,0.0012,794.4302,749.3407,755.8009,763.9347
20,-2.255,10.379,0.25,0.863,1.373,1.211,1.531,-1.605,0.113,0.104,-0.005,-6.15,5.12,-60.60,-0.0132,-0.0110,0.0049,793.8583,748.6913,756.4476,764.2421
20,-2.324,10.311,0.30,0.863,1.373,1.215,1.535,-1.605,0.105,0.098,-0.005,-6.18,5.09,-60.53,-0.0122,-0.0086,0.0069,793.1808,747.7828,756.7404,765.2524
20,-2.380,10.233,0.35,0.863,1.373,1.220,1.541,-1.606,0.092,0.089,-0.004,-6.21,5.07,-60.45,-0.0094,-0.0086,0.0101,792.5151,746.8636,757.8958,765.5084
20,-2.425,10.144,0.40,0.863,1.373,1.222,1.544,-1.606,0.086,0.084,-0.004,-6.23,5.05,-60.36,-0.0077,-0.0058,0.0112,791.7065,745.7582,758.1256,766.8546
20,-2.457,10.044,0.45,0.863,1.373,1.226,1.549,-1.606,0.073,0.075,-0.003,-6.25,5.04,-60.28,-0.0081,-0.0047,0.0107,791.1246,744.7950,759.2888,767.2230
20,-2.476,9.934,0.50,0.863,1.373,1.228,1.552,-1.606,0.065,0.069,-0.003,-6.27,5.03,-60.18,-0.0057,-0.0033,0.0101,789.9066,744.5318,759.7197,768.4343
20,-2.483,9.814,0.55,0.863,1.373,1.231,1.556,-1.607,0.053,0.060,-0.002,-6.27,5.02,-60.10,-0.0044,-0.0029,0.0094,789.4935,743.6259,760.2333,769.2593
20,-2.477,9.685,0.60,0.863,1.373,1.232,1.558,-1.607,0.047,0.055,-0.002,-6.28,5.02,-60.02,-0.0027,-0.0026,0.0077,788.7419,743.2008,760.7043,770.1158
20,-2.459,9.548,0.65,0.863,1.373,1.233,1.562,-1.607,0.035,0.047,-0.001,-6.28,5.02,-59.95,0.0001,-0.0026,0.0061,788.2870,742.6420,760.9210,770.7900
20,-2.428,9.402,0.70,0.863,1.373,1.234,1.565,-1.607,0.027,0.042,-0.001,-6.28,5.01,-59.89,0.0019,-0.0038,0.0032,788.0787,742.0101,761.4606,770.8832
20,-2.384,9.249,0.75,0.863,1.373,1.234,1.569,-1.607,0.016,0.034,-0.001,-6.27,5.00,-59.83,0.0040,-0.0039,0.0005,787.7665,741.7292,761.4525,771.2131
20,-2.328,9.089,0.80,0.863,1.373,1.233,1.570,-1.608,0.010,0.030,-0.000,-6.26,4.99,-59.78,0.0056,-0.0029,-0.0026,787.6591,741.4048,761.7260,771.1554
20,-2.260,8.922,0.85,0.863,1.373,1.232,1.573,-1.608,-0.001,0.023,0.000,-6.24,4.98,-59.75,0.0068,-0.0040,-0.0049,787.4581,741.4249,761.2315,771.6236
20,-2.180,8.750,0.90,0.863,1.373,1.231,1.575,-1.608,-0.007,0.018,0.001,-6.22,4.96,-59.72,0.0090,-0.0044,-0.0073,787.5729,741.1976,761.3325,771.3169
20,-2.089,8.574,0.95,0.863,1.373,1.229,1.576,-1.609,-0.017,0.011,0.001,-6.19,4.95,-59.70,0.0101,-0.0053,-0.0110,787.5419,741.3998,760.9479,771.5125
20,-1.987,8.393,1.00,0.863,1.373,1.147,1.553,-1.603,-0.079,-0.051,0.002,-5.54,4.80,-59.91,0.0085,0.0014,-0.0147,792.0827,745.9644,756.7670,770.3904
20,-1.874,8.208,1.05,0.863,1.373,1.147,1.553,-1.603,-0.079,-0.051,0.002,-5.54,4.80,-59.91,0.0085,0.0014,-0.0147,792.0827,745.9644,756.7670,770.3904
20,-1.751,8.022,1.10,0.863,1.373,1.141,1.550,-1.602,-0.079,-0.051,0.001,-5.52,4.80,-59.93,0.0067,0.0007,-0.0150,791.8984,746.0297,756.6162,770.4573
20,-1.618,7.833,1.15,0.863,1.373,1.138,1.549,-1.602,-0.079,-0.051,0.001,-5.51,4.80,-59.95,0.0019,0.0014,-0.0139,791.9157,745.8925,756.7161,770.0717
20,-1.476,7.643,1.20,0.863,1.373,1.133,1.547,-1.602,-0.081,-0.051,0.000,-5.51,4.80,-59.98,0.0014,-0.0009,-0.0135,791.6642,746.1422,756.4418,769.9921
20,-1.326,7.452,1.25,0.863,1.373,1.130,1.545,-1.602,-0.081,-0.051,-0.000,-5.51,4.79,-60.01,-0.0002,-0.0008,-0.0126,791.2649,746.4763,756.5340,769.4645
20,-1.167,7.262,1.30,0.863,1.373,1.123,1.542,-1.603,-0.084,-0.051,0.000,-5.52,4.79,-60.04,-0.0010,-0.0022,-0.0108,790.8309,746.8090,756.2992,769.0186
20,-1.001,7.073,1.35,0.863,1.373,1.121,1.541,-1.603,-0.086,-0.052,0.000,-5.52,4.77,-60.07,0.0004,-0.0029,-0.0105,790.8939,746.7682,756.2227,768.6838
20,-0.829,6.887,1.40,0.863,1.373,1.115,1.538,-1.603,-0.089,-0.052,0.001,-5.51,4.76,-60.10,0.0038,-0.0045,-0.0084,790.5926,747.2660,755.9562,768.5632
20,-0.650,6.702,1.45,0.863,1.373,1.112,1.537,-1.603,-0.091,-0.052,0.001,-5.50,4.75,-60.13,0.0052,-0.0047,-0.0068,790.4583,747.6127,756.3303,768.0792
20,-0.466,6.522,1.50,0.863,1.373,1.106,1.534,-1.603,-0.094,-0.053,0.002,-5.48,4.73,-60.14,0.0060,-0.0045,-0.0060,790.7322,747.6462,756.4362,768.0521
20,-0.278,6.345,1.55,0.863,1.373,1.104,1.533,-1.604,-0.096,-0.053,0.002,-5.46,4.71,-60.16,0.0089,-0.0056,-0.0039,790.6049,747.7930,756.2882,768.1913
20,-0.086,6.174,1.60,0.863,1.373,1.099,1.529,-1.604,-0.099,-0.054,0.003,-5.43,4.70,-60.17,0.0089,-0.0046,-0.0031,790.4869,747.7899,756.3077,768.2377
20,0.108,6.008,1.65,0.863,1.373,1.096,1.527,-1.604,-0.101,-0.055,0.003,-5.40,4.68,-60.17,0.0102,-0.0050,-0.0009,790.3487,747.8122,756.6903,767.9783
20,0.305,5.848,1.70,0.863,1.373,1.090,1.523,-1.605,-0.105,-0.057,0.003,-5.37,4.67,-60.17,0.0130,-0.0040,0.0002,790.0137,747.8902,756.6976,768.2266
20,0.504,5.696,1.75,0.863,1.373,1.087,1.521,-1.605,-0.107,-0.057,0.004,-5.33,4.66,-60.17,0.0135,-0.0025,0.0005,789.9982,747.6144,756.8577,768.2832
20,0.703,5.550,1.80,0.863,1.373,1.082,1.518,-1.605,-0.110,-0.059,0.004,-5.29,4.65,-60.16,0.0152,-0.0019,0.0015,789.8152,747.6495,757.3727,768.1382
20,0.901,5.413,1.85,0.863,1.373,1.079,1.516,-1.604,-0.112,-0.059,0.005,-5.24,4.65,-60.16,0.0168,-0.0029,0.0036,789.6761,747.7357,757.4797,768.6704
20,1.099,5.285,1.90,0.863,1.373,1.071,1.511,-1.604,-0.117,-0.060,0.005,-5.19,4.64,-60.14,0.0188,-0.0025,0.0037,789.5190,747.7527,757.8002,768.9319
20,1.294,5.166,1.95,0.863,1.373,1.068,1.509,-1.604,-0.118,-0.060,0.006,-5.13,4.63,-60.13,0.0196,-0.0035,0.0041,789.2892,747.8683,758.1265,769.1127
20,1.487,5.057,2.00,0.863,1.373,0.937,1.457,-1.603,-0.092,-0.038,0.003,-4.00,4.22,-59.98,0.0038,-0.0024,-0.0008,787.6599,747.8663,759.5513,769.5405
20,1.677,4.957,2.05,0.863,1.373,0.937,1.457,-1.603,-0.092,-0.038,0.003,-4.00,4.22,-59.98,0.0038,-0.0024,-0.0008,787.6599,747.8663,759.5513,769.5405
20,1.862,4.869,2.10,0.863,1.373,0.934,1.454,-1.603,-0.086,-0.035,0.004,-3.99,4.22,-59.99,0.0019,0.0029,-0.0003,787.5595,748.2740,759.5234,769.7148
20,2.042,4.791,2.15,0.863,1.373,0.932,1.453,-1.604,-0.084,-0.033,0.005,-3.99,4.23,-59.99,-0.0006,0.0058,-0.0020,786.7173,749.3306,758.9863,770.3344
20,2.217,4.724,2.20,0.863,1.373,0.929,1.451,-1.604,-0.079,-0.027,0.005,-3.99,4.25,-60.00,-0.0034,0.0082,-0.0008,786.4576,749.8871,758.4461,770.9941
20,2.385,4.669,2.25,0.863,1.373,0.928,1.450,-1.604,-0.077,-0.022,0.006,-4.01,4.27,-60.00,-0.0069,0.0065,-0.0006,785.7037,750.8883,758.2380,771.5870
20,2.546,4.626,2.30,0.863,1.373,0.926,1.450,-1.604,-0.075,-0.012,0.007,-4.03,4.28,-60.00,-0.0093,0.0032,-0.0006,785.5543,751.2111,758.1851,771.9781
20,2.699,4.595,2.35,0.863,1.373,0.925,1.450,-1.604,-0.074,-0.007,0.007,-4.05,4.28,-60.00,-0.0117,-0.0021,-0.0001,785.1859,751.7601,758.4267,772.0613
20,2.844,4.576,2.40,0.863,1.373,0.922,1.451,-1.604,-0.075,0.006,0.008,-4.09,4.26,-60.00,-0.0126,-0.0084,-0.0004,784.3961,752.5311,758.0790,772.8478
20,2.980,4.568,2.45,0.863,1.373,0.921,1.452,-1.604,-0.076,0.014,0.008,-4.12,4.23,-60.00,-0.0141,-0.0151,-0.0008,784.0533,752.8312,758.2664,773.0078
20,3.106,4.573,2.50,0.863,1.373,0.918,1.454,-1.604,-0.078,0.027,0.009,-4.17,4.17,-59.99,-0.0155,-0.0228,-0.0005,783.9834,752.9649,758.3332,773.2894
20,3.222,4.590,2.55,0.863,1.373,0.917,1.456,-1.604,-0.080,0.035,0.009,-4.21,4.09,-59.98,-0.0137,-0.0288,-0.0007,783.6296,753.3319,758.5403,773.5564
20,3.328,4.619,2.60,0.863,1.373,0.914,1.461,-1.603,-0.085,0.049,0.009,-4.25,4.00,-59.98,-0.0148,-0.0353,-0.0007,783.2681,753.6802,758.7979,773.6492
20,3.423,4.660,2.65,0.863,1.373,0.911,1.464,-1.603,-0.088,0.058,0.010,-4.28,3.91,-59.97,-0.0133,-0.0411,-0.0010,782.9289,754.1062,758.8644,774.0748
20,3.506,4.713,2.70,0.863,1.373,0.907,1.470,-1.603,-0.095,0.071,0.010,-4.32,3.76,-59.96,-0.0109,-0.0476,-0.0018,782.7505,754.2640,758.9720,774.3975
20,3.578,4.778,2.75,0.863,1.373,0.905,1.473,-1.603,-0.098,0.077,0.010,-4.34,3.65,-59.95,-0.0097,-0.0512,-0.0009,782.5701,754.4805,759.2415,774.5981
20,3.638,4.853,2.80,0.863,1.373,0.900,1.480,-1.602,-0.105,0.089,0.010,-4.37,3.46,-59.94,-0.0076,-0.0561,-0.0013,782.3501,754.8701,759.3345,774.9347
20,3.685,4.940,2.85,0.863,1.373,0.897,1.485,-1.602,-0.109,0.096,0.010,-4.38,3.30,-59.93,-0.0048,-0.0587,-0.0017,782.2103,754.9704,759.5087,775.0853
20,3.720,5.037,2.90,0.863,1.373,0.890,1.493,-1.601,-0.116,0.105,0.010,-4.39,3.13,-59.92,-0.0023,-0.0612,-0.0026,781.8316,755.2683,759.6011,775.0803
20,3.743,5.145,2.95,0.863,1.373,0.886,1.497,-1.601,-0.120,0.109,0.009,-4.40,2.99,-59.91,-0.0004,-0.0623,-0.0023,781.8014,755.0328,759.5513,775.0494
20,3.753,5.262,3.00,0.863,1.373,0.724,1.598,-1.600,-0.105,0.053,0.007,-3.38,0.40,-59.79,0.0143,-0.0092,-0.0169,780.0233,759.2400,758.7841,775.6707
20,3.750,5.389,3.05,0.863,1.373,0.724,1.598,-1.600,-0.105,0.053,0.007,-3.38,0.40,-59.79,0.0143,-0.0092,-0.0169,780.0233,759.2400,758.7841,775.6707
20,3.735,5.524,3.10,0.863,1.373,0.717,1.599,-1.599,-0.096,0.045,0.006,-3.34,0.37,-59.84,0.0124,-0.0049,-0.0159,780.1196,759.5826,758.6696,775.2676
20,3.707,5.668,3.15,0.863,1.373,0.714,1.599,-1.599,-0.091,0.041,0.006,-3.30,0.36,-59.87,0.0127,-0.0018,-0.0144,780.3368,759.9081,757.7351,775.7930
20,3.666,5.819,3.20,0.863,1.373,0.710,1.599,-1.599,-0.081,0.035,0.006,-3.26,0.36,-59.91,0.0121,0.0025,-0.0142,780.4145,760.2618,757.3541,775.9459
20,3.614,5.977,3.25,0.863,1.373,0.707,1.599,-1.599,-0.074,0.033,0.005,-3.23,0.37,-59.94,0.0097,0.0044,-0.0123,780.5051,760.7765,756.9980,776.0350
20,3.549,6.142,3.30,0.863,1.373,0.704,1.599,-1.598,-0.063,0.029,0.005,-3.21,0.38,-59.98,0.0066,0.0054,-0.0103,780.8127,760.7559,756.6469,776.1919
20,3.472,6.313,3.35,0.863,1.373,0.703,1.599,-1.598,-0.057,0.028,0.004,-3.19,0.39,-60.00,0.0024,0.0058,-0.0090,780.5663,761.3241,756.4234,776.3401
20,3.384,6.488,3.40,0.863,1.373,0.701,1.599,-1.597,-0.045,0.028,0.004,-3.19,0.40,-60.03,-0.0021,0.0066,-0.0074,780.8633,761.3472,756.4825,776.4173
20,3.284,6.668,3.45,0.863,1.373,0.700,1.599,-1.597,-0.038,0.028,0.003,-3.21,0.41,-60.05,-0.0065,0.0028,-0.0054,780.8780,761.6479,756.1904,776.9376
20,3.174,6.852,3.50,0.863,1.373,0.700,1.599,-1.596,-0.027,0.029,0.002,-3.23,0.42,-60.06,-0.0108,0.0017,-0.0038,780.4086,762.1570,756.0431,777.2738
20,3.053,7.038,3.55,0.863,1.373,0.700,1.600,-1.596,-0.021,0.029,0.002,-3.26,0.42,-60.07,-0.0141,0.0004,-0.0026,780.1982,762.2642,756.2341,777.3611
20,2.923,7.227,3.60,0.863,1.373,0.701,1.600,-1.595,-0.011,0.031,0.000,-3.31,0.42,-60.08,-0.0174,-0.0010,-0.0009,780.0209,762.1687,756.1334,777.7015
20,2.783,7.416,3.65,0.863,1.373,0.702,1.600,-1.595,-0.005,0.032,-0.000,-3.36,0.41,-60.09,-0.0210,-0.0019,-0.0003,779.8010,762.1038,756.0043,777.9186
20,2.635,7.607,3.70,0.863,1.373,0.704,1.600,-1.595,0.005,0.034,-0.002,-3.43,0.40,-60.09,-0.0226,-0.0022,0.0002,779.2804,762.1833,755.8464,778.0472
20,2.478,7.797,3.75,0.863,1.373,0.705,1.601,-1.595,0.009,0.035,-0.002,-3.49,0.39,-60.09,-0.0227,-0.0026,0.0021,779.2522,761.7123,756.2705,777.6483
20,2.314,7.986,3.80,0.863,1.373,0.708,1.601,-1.596,0.017,0.038,-0.003,-3.56,0.38,-60.08,-0.0259,-0.0047,0.0019,778.5781,761.8524,755.8199,778.1846
20,2.143,8.174,3.85,0.863,1.373,0.710,1.602,-1.596,0.022,0.039,-0.003,-3.63,0.37,-60.08,-0.0261,-0.0039,0.0024,778.4435,761.3644,755.6886,778.1813
20,1.966,8.358,3.90,0.863,1.373,0.713,1.603,-1.597,0.028,0.041,-0.004,-3.71,0.35,-60.06,-0.0268,-0.0052,0.0027,777.9136,761.0426,755.7601,778.0129
20,1.784,8.540,3.95,0.863,1.373,0.715,1.604,-1.598,0.031,0.042,-0.004,-3.78,0.34,-60.05,-0.0250,-0.0059,0.0036,777.1238,761.1378,755.3302,778.3107
20,1.597,8.718,4.00,0.863,1.373,0.767,1.644,-1.611,0.031,0.027,0.006,-4.61,-0.46,-59.93,-0.0053,-0.0087,-0.0047,775.6914,761.5015,754.4932,779.3765
20,1.406,8.891,4.05,0.863,1.373,0.767,1.644,-1.611,0.031,0.027,0.006,-4.61,-0.46,-59.93,-0.0053,-0.0087,-0.0047,775.6914,761.5015,754.4932,779.3765
20,1.211,9.058,4.10,0.863,1.373,0.770,1.645,-1.611,0.030,0.022,0.006,-4.63,-0.48,-59.94,-0.0045,-0.0081,-0.0042,775.9981,761.2111,754.4564,779.2665
20,1.015,9.219,4.15,0.863,1.373,0.772,1.646,-1.611,0.031,0.017,0.006,-4.63,-0.51,-59.95,-0.0002,-0.0081,-0.0053,776.5309,760.7455,754.2875,779.2522
20,0.817,9.374,4.20,0.863,1.373,0.774,1.646,-1.611,0.032,0.013,0.006,-4.63,-0.53,-59.95,0.0034,-0.0062,-0.0044,777.0490,760.5034,754.1569,779.2122
20,0.618,9.521,4.25,0.863,1.373,0.776,1.645,-1.611,0.035,0.007,0.006,-4.62,-0.54,-59.96,0.0044,-0.0029,-0.0043,777.6881,760.0974,754.0035,779.2986
20,0.419,9.660,4.30,0.863,1.373,0.778,1.645,-1.611,0.037,0.003,0.006,-4.60,-0.55,-59.97,0.0056,0.0004,-0.0045,778.1576,759.8905,753.6256,779.5323
20,0.221,9.791,4.35,0.863,1.373,0.781,1.644,-1.610,0.043,-0.004,0.006,-4.59,-0.55,-59.98,0.0039,0.0044,-0.0034,778.7233,759.6282,753.7654,779.4060
20,0.025,9.912,4.40,0.863,1.373,0.783,1.643,-1.610,0.047,-0.008,0.005,-4.58,-0.54,-59.99,0.0026,0.0065,-0.0035,779.2887,759.2367,753.5812,779.6664
20,-0.168,10.024,4.45,0.863,1.373,0.786,1.642,-1.610,0.055,-0.016,0.005,-4.59,-0.51,-60.00,-0.0013,0.0104,-0.0023,779.4923,759.3135,753.6260,779.5807
20,-0.359,10.126,4.50,0.863,1.373,0.789,1.641,-1.610,0.059,-0.019,0.005,-4.59,-0.48,-60.00,-0.0055,0.0131,-0.0022,779.8417,759.0654,753.6329,779.4554
20,-0.545,10.217,4.55,0.863,1.373,0.793,1.639,-1.609,0.068,-0.026,0.004,-4.62,-0.43,-60.01,-0.0089,0.0173,-0.0019,779.8920,759.0508,753.3239,779.5474
20,-0.727,10.298,4.60,0.863,1.373,0.797,1.637,-1.609,0.074,-0.031,0.003,-4.64,-0.39,-60.02,-0.0115,0.0205,-0.0021,780.1671,758.8436,753.2136,779.4291
20,-0.903,10.367,4.65,0.863,1.373,0.803,1.634,-1.609,0.084,-0.039,0.003,-4.69,-0.32,-60.03,-0.0160,0.0242,-0.0013,780.7712,758.2640,753.4061,779.1167
20,-1.073,10.425,4.70,0.863,1.373,0.806,1.632,-1.609,0.088,-0.042,0.002,-4.73,-0.26,-60.03,-0.0180,0.0258,-0.0015,780.6118,758.5706,753.0772,779.2867
20,-1.236,10.471,4.75,0.863,1.373,0.813,1.628,-1.609,0.098,-0.050,0.001,-4.79,-0.17,-60.04,-0.0213,0.0295,-0.0002,780.8137,758.3541,752.9408,779.3002
20,-1.391,10.506,4.80,0.863,1.373,0.817,1.625,-1.609,0.103,-0.055,0.001,-4.84,-0.10,-60.04,-0.0221,0.0324,0.0013,780.9007,758.0425,752.7319,779.2156
20,-1.538,10.528,4.85,0.863,1.373,0.825,1.620,-1.609,0.112,-0.062,0.000,-4.92,0.02,-60.05,-0.0221,0.0362,0.0016,780.9874,757.9869,752.8840,779.0997
20,-1.676,10.538,4.90,0.863,1.373,0.830,1.618,-1.609,0.116,-0.065,0.000,-4.98,0.10,-60.05,-0.0249,0.0364,-0.0001,781.1304,757.8542,752.8460,779.0860
20,-1.805,10.536,4.95,0.863,1.373,0.838,1.613,-1.609,0.122,-0.071,-0.001,-5.06,0.22,-60.05,-0.0270,0.0383,0.0027,781.3229,757.6453,752.8395,778.8871
20,-1.923,10.522,5.00,0.863,1.373,0.952,1.521,-1.609,0.080,-0.098,-0.002,-5.95,1.84,-59.81,0.0006,0.0109,-0.0053,781.8482,753.4673,753.4426,779.0616
20,-2.032,10.496,5.05,0.863,1.373,0.952,1.521,-1.609,0.080,-0.098,-0.002,-5.95,1.84,-59.81,0.0006,0.0109,-0.0053,781.8482,753.4673,753.4426,779.0616
20,-2.129,10.458,5.10,0.863,1.373,0.955,1.515,-1.609,0.075,-0.097,-0.002,-5.95,1.87,-59.81,0.0016,0.0094,-0.0064,781.5222,753.7649,753.2378,779.1983
20,-2.216,10.408,5.15,0.863,1.373,0.957,1.512,-1.610,0.073,-0.097,-0.002,-5.94,1.89,-59.80,0.0037,0.0066,-0.0074,782.2668,752.9326,753.3989,778.7643
20,-2.291,10.347,5.20,0.863,1.373,0.961,1.506,-1.610,0.069,-0.098,-0.002,-5.93,1.91,-59.80,0.0054,0.0070,-0.0079,783.0015,752.0463,753.5096,778.2261
20,-2.353,10.274,5.25,0.863,1.373,0.963,1.503,-1.611,0.068,-0.099,-0.002,-5.91,1.93,-59.80,0.0052,0.0099,-0.0070,783.5330,751.4171,753.5675,777.7988
20,-2.404,10.190,5.30,0.863,1.373,0.966,1.496,-1.611,0.067,-0.101,-0.002,-5.90,1.96,-59.80,0.0058,0.0110,-0.0084,783.5967,751.2356,753.5654,777.3698
20,-2.442,10.096,5.35,0.863,1.373,0.968,1.493,-1.612,0.067,-0.103,-0.001,-5.89,1.99,-59.80,0.0052,0.0154,-0.0093,784.3585,750.5194,753.3406,777.0554
20,-2.468,9.991,5.40,0.863,1.373,0.973,1.486,-1.613,0.068,-0.106,-0.001,-5.88,2.04,-59.81,0.0030,0.0188,-0.0103,784.4682,750.3967,753.3125,776.5894
20,-2.481,9.876,5.45,0.863,1.373,0.975,1.483,-1.613,0.069,-0.108,-0.001,-5.87,2.09,-59.81,0.0012,0.0224,-0.0087,784.7437,750.3402,752.9731,776.5461
20,-2.482,9.751,5.50,0.863,1.373,0.979,1.476,-1.614,0.070,-0.111,-0.000,-5.87,2.16,-59.82,0.0005,0.0255,-0.0102,785.2298,749.9021,752.8939,776.2894
20,-2.470,9.618,5.55,0.863,1.373,0.981,1.473,-1.615,0.071,-0.113,-0.000,-5.87,2.23,-59.83,-0.0015,0.0267,-0.0098,785.2825,750.0939,752.3571,776.3411
20,-2.445,9.477,5.60,0.863,1.373,0.986,1.466,-1.615,0.073,-0.117,0.000,-5.88,2.31,-59.84,-0.0040,0.0299,-0.0089,785.6870,749.7239,752.6351,775.7922
20,-2.408,9.327,5.65,0.863,1.373,0.988,1.463,-1.616,0.074,-0.119,0.001,-5.90,2.39,-59.85,-0.0040,0.0300,-0.0093,785.8606,749.7034,752.6342,775.4553
20,-2.358,9.170,5.70,0.863,1.373,0.992,1.456,-1.616,0.075,-0.122,0.001,-5.91,2.48,-59.86,-0.0056,0.0322,-0.0091,786.2397,749.5868,752.5206,775.3414
20,-2.296,9.007,5.75,0.863,1.373,0.994,1.453,-1.616,0.076,-0.124,0.002,-5.93,2.57,-59.87,-0.0059,0.0323,-0.0095,786.5273,749.6881,752.8201,774.9588
20,-2.222,8.838,5.80,0.863,1.373,0.998,1.446,-1.616,0.077,-0.127,0.002,-5.95,2.66,-59.88,-0.0066,0.0342,-0.0092,786.9377,749.7070,753.0124,774.9642
20,-2.137,8.664,5.85,0.863,1.373,1.000,1.442,-1.616,0.078,-0.129,0.002,-5.97,2.75,-59.89,-0.0059,0.0333,-0.0079,787.4212,749.7089,752.9139,775.1823
20,-2.040,8.485,5.90,0.863,1.373,1.005,1.435,-1.615,0.078,-0.132,0.002,-5.99,2.85,-59.89,-0.0064,0.0334,-0.0080,787.6464,749.8071,753.2150,774.9979
20,-1.932,8.302,5.95,0.863,1.373,1.007,1.431,-1.615,0.078,-0.133,0.002,-6.01,2.94,-59.90,-0.0060,0.0340,-0.0067,788.0812,749.5827,753.4979,774.8057
20,-1.814,8.116,6.00,0.863,1.373,1.043,1.297,-1.608,0.026,-0.102,-0.007,-5.89,4.67,-59.79,0.0036,0.0134,-0.0093,788.3578,745.9121,754.3408,773.4736
20,-1.686,7.928,6.05,0.863,1.373,1.043,1.297,-1.608,0.026,-0.102,-0.007,-5.89,4.67,-59.79,0.0036,0.0134,-0.0093,788.3578,745.9121,754.3408,773.4736
20,-1.549,7.739,6.10,0.863,1.373,1.043,1.294,-1.608,0.024,-0.099,-0.006,-5.88,4.69,-59.80,0.0019,0.0105,-0.0101,788.8024,745.4537,754.8842,772.7162
20,-1.403,7.548,6.15,0.863,1.373,1.044,1.289,-1.609,0.019,-0.092,-0.006,-5.89,4.72,-59.82,-0.0010,0.0086,-0.0098,788.3512,746.0499,754.8159,772.4326
20,-1.248,7.358,6.20,0.863,1.373,1.044,1.287,-1.609,0.016,-0.089,-0.005,-5.90,4.74,-59.84,-0.0029,0.0081,-0.0110,787.9955,746.7279,754.6393,772.2479
20,-1.086,7.169,6.25,0.863,1.373,1.044,1.283,-1.609,0.009,-0.083,-0.004,-5.91,4.76,-59.87,-0.0019,0.0058,-0.0103,788.2385,746.9407,754.5802,772.0221
20,-0.917,6.981,6.30,0.863,1.373,1.044,1.281,-1.609,0.006,-0.080,-0.004,-5.92,4.77,-59.90,-0.0037,0.0028,-0.0107,788.6978,746.9418,754.9403,771.4453
20,-0.741,6.795,6.35,0.863,1.373,1.044,1.276,-1.610,-0.004,-0.074,-0.002,-5.93,4.77,-59.93,-0.0011,0.0021,-0.0095,788.3282,747.8465,755.0115,771.1564
20,-0.560,6.613,6.40,0.863,1.373,1.043,1.274,-1.610,-0.008,-0.071,-0.002,-5.93,4.77,-59.96,0.0021,0.0006,-0.0088,788.5270,748.0551,755.1318,770.9348
20,-0.374,6.434,6.45,0.863,1.373,1.042,1.271,-1.610,-0.018,-0.066,-0.000,-5.92,4.77,-59.98,0.0053,-0.0003,-0.0083,788.5219,748.4478,754.9079,770.9293
20,-0.184,6.260,6.50,0.863,1.373,1.041,1.269,-1.610,-0.023,-0.064,0.000,-5.91,4.77,-60.01,0.0083,-0.0017,-0.0075,788.5847,748.6689,754.9466,770.8009
20,0.010,6.091,6.55,0.863,1.373,1.038,1.266,-1.610,-0.034,-0.058,0.001,-5.88,4.76,-60.02,0.0120,-0.0049,-0.0058,788.6681,748.8693,755.3115,770.5596
20,0.206,5.928,6.60,0.863,1.373,1.037,1.264,-1.610,-0.040,-0.055,0.002,-5.84,4.74,-60.04,0.0158,-0.0058,-0.0053,788.4990,749.0817,755.3517,770.6505
20,0.403,5.772,6.65,0.863,1.373,1.033,1.262,-1.610,-0.050,-0.050,0.003,-5.80,4.72,-60.05,0.0177,-0.0070,-0.0037,788.4238,749.2737,755.2076,770.9087
20,0.602,5.623,6.70,0.863,1.373,1.031,1.261,-1.610,-0.055,-0.048,0.003,-5.74,4.69,-60.06,0.0195,-0.0102,-0.0031,788.5379,749.1628,755.6415,770.6120
20,0.801,5.481,6.75,0.863,1.373,1.027,1.260,-1.610,-0.066,-0.042,0.005,-5.69,4.67,-60.06,0.0212,-0.0111,-0.0025,788.6302,749.1558,755.7516,770.9138
20,0.999,5.349,6.80,0.863,1.373,1.025,1.259,-1.609,-0.071,-0.039,0.005,-5.62,4.63,-60.06,0.0221,-0.0138,-0.0006,788.6075,749.2665,756.0085,771.1649
20,1.196,5.225,6.85,0.863,1.373,1.020,1.259,-1.609,-0.079,-0.034,0.006,-5.56,4.59,-60.06,0.0226,-0.0149,0.0005,788.7852,749.1057,756.5161,771.1162
20,1.390,5.111,6.90,0.863,1.373,1.018,1.259,-1.609,-0.083,-0.032,0.006,-5.49,4.55,-60.06,0.0223,-0.0158,-0.0007,788.4767,749.3300,756.9805,771.2013
20,1.582,5.006,6.95,0.863,1.373,1.012,1.258,-1.608,-0.092,-0.026,0.007,-5.43,4.50,-60.05,0.0221,-0.0163,0.0012,788.4387,749.5575,757.1937,771.6508
20,1.769,4.912,7.00,0.863,1.373,0.900,1.265,-1.590,-0.099,0.003,-0.008,-4.25,3.74,-59.95,0.0084,0.0008,-0.0008,787.5151,750.2889,759.6173,772.1429
20,1.952,4.829,7.05,0.863,1.373,0.900,1.265,-1.590,-0.099,0.003,-0.008,-4.25,3.74,-59.95,0.0084,0.0008,-0.0008,787.5151,750.2889,759.6173,772.1429
20,2.129,4.757,7.10,0.863,1.373,0.895,1.265,-1.590,-0.095,0.004,-0.009,-4.23,3.74,-59.96,0.0085,0.0056,-0.0004,787.5497,750.0588,759.3709,772.0789
20,2.301,4.696,7.15,0.863,1.373,0.892,1.264,-1.590,-0.092,0.006,-0.009,-4.21,3.76,-59.96,0.0067,0.0079,-0.0014,786.6909,750.7140,758.8630,772.3306
20,2.465,4.647,7.20,0.863,1.373,0.888,1.264,-1.591,-0.089,0.010,-0.009,-4.19,3.78,-59.97,0.0036,0.0086,-0.0013,785.7151,751.4552,758.1014,772.8223
20,2.623,4.609,7.25,0.863,1.373,0.885,1.264,-1.591,-0.088,0.014,-0.009,-4.18,3.81,-59.97,0.0029,0.0069,-0.0021,785.0136,751.9196,757.3581,773.4223
20,2.772,4.584,7.30,0.863,1.373,0.881,1.265,-1.592,-0.088,0.023,-0.009,-4.18,3.81,-59.98,0.0017,0.0017,-0.0004,784.5714,752.1255,757.4949,773.0529
20,2.912,4.570,7.35,0.863,1.373,0.878,1.266,-1.592,-0.088,0.029,-0.008,-4.18,3.81,-59.98,-0.0013,-0.0050,-0.0013,783.6467,752.7522,756.8630,773.6981
20,3.043,4.569,7.40,0.863,1.373,0.873,1.268,-1.593,-0.089,0.041,-0.007,-4.18,3.78,-59.98,-0.0011,-0.0114,-0.0016,783.3379,752.9832,756.9084,773.7490
20,3.165,4.580,7.45,0.863,1.373,0.870,1.269,-1.593,-0.090,0.047,-0.007,-4.19,3.74,-59.98,-0.0016,-0.0177,-0.0005,782.8322,753.4812,757.0538,773.8782
20,3.276,4.603,7.50,0.863,1.373,0.865,1.272,-1.593,-0.094,0.059,-0.006,-4.20,3.67,-59.97,-0.0032,-0.0249,-0.0002,782.7720,753.6561,757.1657,774.1221
20,3.376,4.638,7.55,0.863,1.373,0.861,1.274,-1.593,-0.096,0.067,-0.005,-4.20,3.59,-59.97,-0.0016,-0.0299,-0.0016,782.2514,754.4884,757.1934,774.7565
20,3.465,4.685,7.60,0.863,1.373,0.855,1.277,-1.592,-0.100,0.080,-0.004,-4.21,3.49,-59.96,-0.0007,-0.0350,-0.0001,782.2873,754.6283,757.4846,774.9662
20,3.543,4.744,7.65,0.863,1.373,0.852,1.280,-1.592,-0.102,0.086,-0.004,-4.21,3.39,-59.96,0.0003,-0.0392,-0.0011,782.1090,754.7594,757.9035,774.9049
20,3.609,4.814,7.70,0.863,1.373,0.845,1.285,-1.592,-0.107,0.099,-0.003,-4.21,3.26,-59.95,0.0014,-0.0439,-0.0014,781.7518,755.1672,757.7539,775.3251
20,3.663,4.895,7.75,0.863,1.373,0.840,1.289,-1.592,-0.111,0.106,-0.003,-4.20,3.14,-59.94,0.0023,-0.0476,-0.0014,781.2796,755.5266,757.6597,775.6879
20,3.704,4.987,7.80,0.863,1.373,0.832,1.296,-1.593,-0.116,0.118,-0.003,-4.19,2.99,-59.94,0.0042,-0.0524,-0.0023,780.7886,755.9113,757.8060,775.8398
20,3.733,5.089,7.85,0.863,1.373,0.828,1.300,-1.593,-0.118,0.123,-0.002,-4.17,2.84,-59.93,0.0056,-0.0543,-0.0020,780.4673,756.2140,757.5833,776.2892
20,3.750,5.202,7.90,0.863,1.373,0.820,1.308,-1.593,-0.123,0.134,-0.002,-4.15,2.67,-59.92,0.0073,-0.0569,-0.0015,780.8574,755.7099,758.2268,775.8433
20,3.753,5.323,7.95,0.863,1.373,0.814,1.313,-1.593,-0.126,0.140,-0.002,-4.13,2.51,-59.91,0.0080,-0.0591,-0.0026,780.2227,756.3070,757.9704,776.2876
20,3.744,5.455,8.00,0.863,1.373,0.693,1.467,-1.603,-0.074,0.105,0.006,-3.67,-0.03,-60.04,0.0026,-0.0127,-0.0002,778.7131,759.9228,757.4675,775.7047
20,3.723,5.594,8.05,0.863,1.373,0.693,1.467,-1.603,-0.074,0.105,0.006,-3.67,-0.03,-60.04,0.0026,-0.0127,-0.0002,778.7131,759.9228,757.4675,775.7047
20,3.688,5.742,8.10,0.863,1.373,0.689,1.474,-1.604,-0.067,0.096,0.006,-3.66,-0.06,-60.05,0.0034,-0.0100,0.0004,778.3516,760.4429,757.4250,775.7888
20,3.642,5.897,8.15,0.863,1.373,0.687,1.477,-1.603,-0.064,0.093,0.007,-3.65,-0.09,-60.06,0.0043,-0.0072,0.0012,778.5790,760.5084,757.1473,776.4436
20,3.583,6.058,8.20,0.863,1.373,0.684,1.482,-1.604,-0.056,0.086,0.007,-3.64,-0.11,-60.07,0.0048,-0.0058,0.0022,778.3489,760.7503,756.7327,776.8754
20,3.512,6.226,8.25,0.863,1.373,0.683,1.485,-1.604,-0.053,0.083,0.007,-3.62,-0.12,-60.08,0.0055,-0.0051,0.0029,778.3699,760.7248,756.5853,777.2663
20,3.430,6.399,8.30,0.863,1.373,0.682,1.490,-1.603,-0.044,0.077,0.006,-3.61,-0.13,-60.08,0.0032,-0.0045,0.0035,778.2878,760.8855,756.5445,777.5780
20,3.336,6.577,8.35,0.863,1.373,0.681,1.492,-1.603,-0.040,0.075,0.006,-3.61,-0.14,-60.09,0.0016,-0.0032,0.0024,778.2932,760.9746,756.4764,777.6552
20,3.231,6.759,8.40,0.863,1.373,0.680,1.496,-1.603,-0.031,0.070,0.006,-3.60,-0.15,-60.10,-0.0013,-0.0028,0.0032,778.2631,760.9361,756.4350,777.7247
20,3.116,6.944,8.45,0.863,1.373,0.680,1.498,-1.603,-0.028,0.069,0.005,-3.61,-0.16,-60.10,-0.0032,-0.0019,0.0043,778.0941,761.0133,756.1299,777.8629
20,2.990,7.131,8.50,0.863,1.373,0.680,1.502,-1.604,-0.019,0.065,0.005,-3.62,-0.16,-60.10,-0.0058,-0.0019,0.0048,777.7123,761.1831,755.9604,778.0911
20,2.855,7.320,8.55,0.863,1.373,0.680,1.504,-1.604,-0.015,0.064,0.005,-3.64,-0.17,-60.11,-0.0079,-0.0025,0.0054,777.8606,760.9674,755.9940,778.1099
20,2.711,7.511,8.60,0.863,1.373,0.681,1.507,-1.604,-0.007,0.062,0.004,-3.67,-0.17,-60.11,-0.0093,-0.0031,0.0048,777.4293,761.3273,755.7707,778.3760
20,2.558,7.701,8.65,0.863,1.373,0.682,1.509,-1.604,-0.004,0.061,0.004,-3.70,-0.18,-60.11,-0.0118,-0.0043,0.0053,777.4023,761.2687,755.7992,778.4537
20,2.398,7.891,8.70,0.863,1.373,0.684,1.512,-1.604,0.004,0.058,0.004,-3.73,-0.19,-60.11,-0.0130,-0.0038,0.0061,777.5859,761.1543,755.8726,778.5979
20,2.230,8.079,8.75,0.863,1.373,0.684,1.514,-1.603,0.007,0.057,0.004,-3.77,-0.20,-60.11,-0.0139,-0.0032,0.0063,777.5440,761.1524,755.9396,778.6366
20,2.056,8.265,8.80,0.863,1.373,0.687,1.517,-1.603,0.014,0.056,0.003,-3.81,-0.21,-60.11,-0.0143,-0.0033,0.0056,777.1261,761.4482,755.7952,778.8027
20,1.877,8.449,8.85,0.863,1.373,0.688,1.518,-1.603,0.016,0.055,0.003,-3.86,-0.22,-60.11,-0.0156,-0.0043,0.0072,777.0713,761.4374,755.7375,778.9073
20,1.692,8.628,8.90,0.863,1.373,0.690,1.521,-1.603,0.022,0.053,0.003,-3.90,-0.23,-60.10,-0.0147,-0.0051,0.0056,777.0524,761.4350,755.3281,779.4087
20,1.502,8.804,8.95,0.863,1.373,0.691,1.523,-1.603,0.024,0.053,0.002,-3.94,-0.25,-60.10,-0.0156,-0.0042,0.0059,776.6470,761.6643,755.4334,779.1881
20,1.310,8.974,9.00,0.863,1.373,0.739,1.553,-1.614,0.041,0.015,0.007,-4.57,-0.59,-60.06,-0.0020,-0.0079,0.0022,774.8881,761.1222,753.0984,779.4741
20,1.114,9.139,9.05,0.863,1.373,0.739,1.553,-1.614,0.041,0.015,0.007,-4.57,-0.59,-60.06,-0.0020,-0.0079,0.0022,774.8881,761.1222,753.0984,779.4741
20,0.917,9.297,9.10,0.863,1.373,0.740,1.555,-1.616,0.040,0.013,0.008,-4.57,-0.62,-60.06,-0.0004,-0.0094,0.0022,774.7651,761.0742,753.1593,779.1109
20,0.718,9.448,9.15,0.863,1.373,0.741,1.555,-1.616,0.040,0.012,0.008,-4.56,-0.64,-60.06,0.0047,-0.0108,0.0027,775.0952,760.6099,753.0414,778.8643
20,0.520,9.591,9.20,0.863,1.373,0.743,1.556,-1.618,0.043,0.008,0.009,-4.55,-0.67,-60.06,0.0062,-0.0102,0.0022,775.6527,759.9665,752.8179,778.9480
20,0.321,9.726,9.25,0.863,1.373,0.744,1.556,-1.618,0.045,0.005,0.010,-4.53,-0.70,-60.06,0.0067,-0.0071,0.0016,775.9651,759.6650,752.2374,779.3755
20,0.124,9.852,9.30,0.863,1.373,0.747,1.556,-1.619,0.050,0.001,0.011,-4.51,-0.71,-60.06,0.0062,-0.0048,0.0020,776.6993,759.2305,752.4099,779.2072
20,-0.071,9.969,9.35,0.863,1.373,0.749,1.556,-1.619,0.054,-0.002,0.011,-4.50,-0.72,-60.07,0.0033,-0.0005,0.0016,777.3344,758.9240,752.2939,779.5497
20,-0.263,10.076,9.40,0.863,1.373,0.753,1.555,-1.619,0.063,-0.008,0.012,-4.49,-0.71,-60.07,-0.0008,0.0059,0.0019,778.0692,758.7543,752.4431,779.5699
20,-0.452,10.172,9.45,0.863,1.373,0.755,1.555,-1.618,0.068,-0.011,0.012,-4.50,-0.69,-60.08,-0.0044,0.0085,0.0031,778.6489,758.6183,752.7582,779.5125
20,-0.636,10.258,9.50,0.863,1.373,0.760,1.553,-1.618,0.078,-0.018,0.012,-4.52,-0.66,-60.08,-0.0107,0.0128,0.0028,778.8657,758.8152,752.5233,779.9786
20,-0.815,10.333,9.55,0.863,1.373,0.763,1.552,-1.618,0.084,-0.021,0.012,-4.55,-0.62,-60.09,-0.0123,0.0169,0.0023,779.3414,758.7977,752.7355,780.0084
20,-0.988,10.397,9.60,0.863,1.373,0.771,1.549,-1.617,0.096,-0.029,0.011,-4.59,-0.57,-60.09,-0.0163,0.0214,0.0036,779.8629,758.6417,752.9141,779.9191
20,-1.154,10.449,9.65,0.863,1.373,0.774,1.548,-1.617,0.102,-0.032,0.011,-4.65,-0.49,-60.10,-0.0207,0.0272,0.0034,780.2260,758.4717,752.6448,780.1025
20,-1.313,10.490,9.70,0.863,1.373,0.783,1.544,-1.617,0.114,-0.039,0.010,-4.71,-0.41,-60.10,-0.0254,0.0310,0.0040,780.5093,758.3217,752.6429,779.9452
20,-1.465,10.518,9.75,0.863,1.373,0.787,1.542,-1.617,0.119,-0.043,0.010,-4.78,-0.32,-60.11,-0.0261,0.0348,0.0039,780.7115,758.2595,752.9054,779.6038
20,-1.607,10.534,9.80,0.863,1.373,0.798,1.538,-1.616,0.131,-0.050,0.009,-4.87,-0.21,-60.12,-0.0288,0.0381,0.0038,780.8770,758.2870,752.5438,779.7965
20,-1.741,10.539,9.85,0.863,1.373,0.803,1.536,-1.616,0.136,-0.053,0.008,-4.95,-0.11,-60.12,-0.0307,0.0390,0.0041,781.3113,757.9952,752.4634,779.7075
20,-1.865,10.531,9.90,0.863,1.373,0.814,1.531,-1.616,0.146,-0.060,0.008,-5.04,0.01,-60.13,-0.0331,0.0401,0.0056,781.2502,758.2277,752.4089,779.6882
20,-1.978,10.511,9.95,0.863,1.373,0.819,1.528,-1.616,0.150,-0.063,0.007,-5.13,0.13,-60.13,-0.0327,0.0435,0.0056,781.4178,758.2264,752.5598,779.5367
21,0.398,-6.806,0.00,0.863,1.373,-0.028,1.560,-1.620,-0.371,-0.285,-0.002,6.10,-7.45,-59.95,0.0680,0.0905,0.0126,751.2527,780.4465,768.2091,767.1063
21,0.306,-6.693,0.05,0.863,1.373,-0.028,1.560,-1.620,-0.371,-0.285,-0.002,6.10,-7.45,-59.95,0.0680,0.0905,0.0126,751.2527,780.4465,768.2091,767.1063
21,0.209,-6.576,0.10,0.863,1.373,-0.047,1.537,-1.622,-0.311,-0.305,0.002,6.27,-7.18,-59.88,0.0553,0.0947,0.0101,750.7083,779.5823,768.7825,767.4739
21,0.108,-6.456,0.15,0.863,1.373,-0.053,1.526,-1.623,-0.285,-0.312,0.003,6.41,-6.92,-59.82,0.0452,0.0985,0.0078,749.7773,779.6439,769.4722,767.7140
21,0.002,-6.334,0.20,0.863,1.373,-0.065,1.504,-1.624,-0.232,-0.324,0.007,6.52,-6.64,-59.76,0.0353,0.0995,0.0055,749.1518,779.4899,769.9855,767.9578
21,-0.107,-6.209,0.25,0.863,1.373,-0.069,1.493,-1.624,-0.207,-0.329,0.008,6.60,-6.37,-59.71,0.0267,0.1003,0.0011,749.1869,779.0038,770.7116,767.9183
21,-0.220,-6.082,0.30,0.863,1.373,-0.076,1.468,-1.624,-0.150,-0.337,0.012,6.67,-6.07,-59.67,0.0201,0.1007,-0.0021,748.8826,779.2649,771.3646,767.7693
21,-0.336,-5.953,0.35,0.863,1.373,-0.078,1.456,-1.624,-0.126,-0.340,0.013,6.71,-5.80,-59.65,0.0115,0.1014,-0.0049,749.0897,779.3273,771.7916,767.7407
21,-0.456,-5.823,0.40,0.863,1.373,-0.079,1.434,-1.624,-0.079,-0.342,0.016,6.74,-5.50,-59.63,0.0055,0.1000,-0.0093,749.0020,779.8155,771.9034,767.7303
21,-0.577,-5.692,0.45,0.863,1.373,-0.079,1.422,-1.623,-0.057,-0.343,0.017,6.74,-5.23,-59.62,0.0006,0.1002,-0.0128,749.2598,780.2908,772.1555,767.5139
21,-0.701,-5.561,0.50,0.863,1.373,-0.077,1.397,-1.622,-0.009,-0.341,0.019,6.74,-4.94,-59.62,-0.0040,0.0960,-0.0145,749.8322,780.8920,772.5946,767.1367
21,-0.827,-5.429,0.55,0.863,1.373,-0.075,1.386,-1.622,0.011,-0.339,0.019,6.72,-4.67,-59.64,-0.0071,0.0946,-0.0160,750.3157,781.3527,772.4532,766.9670
21,-0.954,-5.298,0.60,0.863,1.373,-0.070,1.365,-1.621,0.049,-0.333,0.020,6.69,-4.39,-59.66,-0.0127,0.0910,-0.0192,750.5497,782.1968,772.6763,766.1420
21,-1.082,-5.167,0.65,0.863,1.373,-0.066,1.354,-1.620,0.067,-0.329,0.020,6.65,-4.14,-59.68,-0.0153,0.0873,-0.0199,751.2251,782.6796,772.1139,766.1371
21,-1.210,-5.038,0.70,0.863,1.373,-0.057,1.332,-1.619,0.104,-0.318,0.021,6.60,-3.89,-59.72,-0.0193,0.0826,-0.0206,751.8637,783.2404,772.3432,765.1053
21,-1.340,-4.910,0.75,0.863,1.373,-0.052,1.322,-1.618,0.120,-0.312,0.021,6.55,-3.66,-59.75,-0.0218,0.0776,-0.0221,752.5159,783.6130,772.1624,764.4539
21,-1.468,-4.784,0.80,0.863,1.373,-0.041,1.303,-1.617,0.149,-0.300,0.021,6.48,-3.43,-59.79,-0.0242,0.0739,-0.0211,752.8316,784.2511,771.6828,764.0051
21,-1.597,-4.660,0.85,0.863,1.373,-0.035,1.294,-1.616,0.162,-0.293,0.020,6.41,-3.23,-59.83,-0.0274,0.0687,-0.0229,753.3679,784.5524,771.4541,763.3779
21,-1.724,-4.538,0.90,0.863,1.373,-0.020,1.275,-1.615,0.190,-0.277,0.020,6.33,-3.03,-59.87,-0.0282,0.0642,-0.0208,753.9226,784.9860,771.1795,762.7695
21,-1.851,-4.420,0.95,0.863,1.373,-0.013,1.267,-1.614,0.201,-0.269,0.020,6.25,-2.85,-59.91,-0.0315,0.0610,-0.0193,754.2400,785.3719,771.1304,762.2090
21,-1.975,-4.305,1.00,0.863,1.373,0.283,1.175,-1.599,0.269,0.011,0.007,4.21,-1.77,-59.99,-0.0215,-0.0105,0.0028,754.0975,783.5792,774.3812,760.4373
21,-2.098,-4.194,1.05,0.863,1.373,0.283,1.175,-1.599,0.269,0.011,0.007,4.21,-1.77,-59.99,-0.0215,-0.0105,0.0028,754.0975,783.5792,774.3812,760.4373
21,-2.218,-4.086,1.10,0.863,1.373,0.291,1.177,-1.599,0.265,0.015,0.006,4.15,-1.80,-59.98,-0.0196,-0.0125,0.0024,754.5977,783.0018,774.9164,759.9855
21,-2.336,-3.983,1.15,0.863,1.373,0.306,1.179,-1.599,0.259,0.020,0.006,4.10,-1.84,-59.97,-0.0150,-0.0148,0.0014,755.0328,782.4583,775.0240,759.8546
21,-2.450,-3.884,1.20,0.863,1.373,0.313,1.180,-1.598,0.256,0.022,0.005,4.06,-1.88,-59.97,-0.0132,-0.0143,0.0015,755.2472,782.2314,775.4213,759.4465
21,-2.561,-3.791,1.25,0.863,1.373,0.330,1.183,-1.598,0.250,0.024,0.005,4.03,-1.92,-59.97,-0.0099,-0.0135,0.0010,755.9786,781.4753,775.9147,759.0352
21,-2.669,-3.702,1.30,0.863,1.373,0.337,1.184,-1.598,0.248,0.024,0.004,4.00,-1.95,-59.97,-0.0078,-0.0079,-0.0003,756.5209,780.9261,775.7496,759.2202
21,-2.772,-3.619,1.35,0.863,1.373,0.351,1.186,-1.597,0.244,0.023,0.004,3.98,-1.97,-59.97,-0.0072,-0.0042,0.0001,756.8287,780.6941,776.1392,758.8406
21,-2.871,-3.542,1.40,0.863,1.373,0.359,1.187,-1.597,0.243,0.021,0.003,3.96,-1.97,-59.97,-0.0060,0.0021,-0.0002,756.9202,780.6226,776.0498,759.0288
21,-2.965,-3.471,1.45,0.863,1.373,0.375,1.188,-1.596,0.240,0.017,0.003,3.95,-1.96,-59.97,-0.0047,0.0067,-0.0003,757.2337,780.3235,776.1479,759.0348
21,-3.054,-3.405,1.50,0.863,1.373,0.382,1.189,-1.596,0.240,0.014,0.003,3.93,-1.93,-59.97,-0.0054,0.0116,-0.0004,757.5713,780.0258,776.4643,758.6164
21,-3.138,-3.347,1.55,0.863,1.373,0.397,1.189,-1.596,0.239,0.008,0.002,3.92,-1.89,-59.97,-0.0056,0.0168,-0.0008,757.6105,779.9757,776.1186,759.0142
21,-3.216,-3.294,1.60,0.863,1.373,0.404,1.189,-1.596,0.239,0.005,0.002,3.90,-1.83,-59.97,-0.0061,0.0212,-0.0010,757.8727,779.6500,776.4769,758.6187
21,-3.289,-3.248,1.65,0.863,1.373,0.421,1.188,-1.595,0.238,-0.002,0.002,3.88,-1.76,-59.97,-0.0065,0.0270,-0.0011,758.4704,779.1481,776.5818,758.5959
21,-3.356,-3.210,1.70,0.863,1.373,0.429,1.187,-1.595,0.238,-0.005,0.001,3.86,-1.68,-59.97,-0.0063,0.0304,-0.0019,758.4844,779.1097,776.7681,758.3245
21,-3.416,-3.178,1.75,0.863,1.373,0.444,1.185,-1.595,0.238,-0.012,0.001,3.84,-1.59,-59.97,-0.0059,0.0340,-0.0022,758.6407,778.9697,776.3767,758.6851
21,-3.471,-3.153,1.80,0.863,1.373,0.452,1.184,-1.595,0.238,-0.015,0.001,3.82,-1.49,-59.97,-0.0082,0.0371,-0.0012,758.5319,778.9385,776.2797,758.5376
21,-3.518,-3.135,1.85,0.863,1.373,0.469,1.180,-1.595,0.237,-0.021,-0.000,3.80,-1.38,-59.97,-0.0095,0.0392,-0.0017,758.4865,778.5917,776.4431,758.0347
21,-3.560,-3.124,1.90,0.863,1.373,0.477,1.179,-1.595,0.237,-0.024,-0.000,3.77,-1.27,-59.97,-0.0093,0.0405,-0.0017,758.5930,778.2742,776.1722,758.0747
21,-3.594,-3.120,1.95,0.863,1.373,0.492,1.175,-1.596,0.235,-0.029,-0.000,3.75,-1.15,-59.97,-0.0089,0.0412,-0.0024,758.6458,778.0361,776.1149,757.9536
21,-3.622,-3.124,2.00,0.863,1.373,0.697,1.115,-1.602,0.119,0.010,0.003,3.42,0.52,-59.97,0.0025,0.0018,-0.0006,761.8594,775.6816,777.0200,758.1387
21,-3.643,-3.135,2.05,0.863,1.373,0.697,1.115,-1.602,0.119,0.010,0.003,3.42,0.52,-59.97,0.0025,0.0018,-0.0006,761.8594,775.6816,777.0200,758.1387
21,-3.656,-3.153,2.10,0.863,1.373,0.700,1.116,-1.602,0.115,0.013,0.003,3.43,0.53,-59.97,0.0040,-0.0012,-0.0009,761.4479,776.0247,776.8809,758.2291
21,-3.663,-3.178,2.15,0.863,1.373,0.705,1.117,-1.602,0.108,0.019,0.003,3.43,0.52,-59.97,0.0028,-0.0052,0.0007,761.9778,775.4882,777.0293,757.9081
21,-3.663,-3.210,2.20,0.863,1.373,0.707,1.118,-1.602,0.103,0.022,0.003,3.44,0.50,-59.98,0.0035,-0.0081,-0.0007,762.1869,775.0335,776.8794,757.9487
21,-3.655,-3.249,2.25,0.863,1.373,0.712,1.121,-1.603,0.097,0.027,0.003,3.45,0.47,-59.98,0.0028,-0.0100,0.0003,762.5751,774.7112,777.3228,757.5215
21,-3.641,-3.295,2.30,0.863,1.373,0.714,1.123,-1.603,0.094,0.029,0.003,3.46,0.44,-59.98,0.0033,-0.0111,0.0002,763.0940,774.3822,777.5950,757.3826
21,-3.619,-3.347,2.35,0.863,1.373,0.718,1.126,-1.603,0.090,0.032,0.004,3.47,0.42,-59.99,0.0023,-0.0109,-0.0001,763.1629,774.4766,777.5413,757.5717
21,-3.591,-3.406,2.40,0.863,1.373,0.720,1.129,-1.602,0.087,0.033,0.004,3.47,0.39,-59.99,0.0020,-0.0101,0.0002,763.4069,774.4593,777.7285,757.6069
21,-3.556,-3.472,2.45,0.863,1.373,0.724,1.133,-1.602,0.084,0.035,0.004,3.47,0.36,-59.99,0.0002,-0.0098,0.0008,764.0453,774.0933,778.0900,757.5432
21,-3.514,-3.543,2.50,0.863,1.373,0.726,1.135,-1.601,0.083,0.035,0.004,3.47,0.34,-60.00,-0.0014,-0.0080,0.0007,764.3459,774.2180,778.1189,757.8610
21,-3.465,-3.620,2.55,0.863,1.373,0.730,1.140,-1.601,0.081,0.035,0.003,3.47,0.32,-60.00,-0.0029,-0.0060,0.0007,764.4578,774.3344,778.3341,757.8783
21,-3.410,-3.703,2.60,0.863,1.373,0.733,1.143,-1.600,0.081,0.035,0.003,3.46,0.31,-60.00,-0.0033,-0.0045,0.0007,764.8329,774.2457,778.6915,757.7537
21,-3.349,-3.792,2.65,0.863,1.373,0.737,1.147,-1.599,0.080,0.034,0.003,3.45,0.30,-60.00,-0.0049,-0.0028,0.0010,765.0246,774.1815,778.7155,757.9098
21,-3.282,-3.886,2.70,0.863,1.373,0.739,1.149,-1.599,0.080,0.033,0.002,3.44,0.30,-60.00,-0.0057,0.0004,0.0008,765.2876,774.0284,778.9294,757.8207
21,-3.208,-3.984,2.75,0.863,1.373,0.744,1.154,-1.598,0.079,0.031,0.001,3.42,0.30,-60.00,-0.0069,0.0025,0.0011,765.5563,773.8196,779.1438,757.7734
21,-3.129,-4.088,2.80,0.863,1.373,0.747,1.156,-1.597,0.079,0.030,0.001,3.40,0.31,-60.00,-0.0070,0.0035,0.0006,765.5779,773.9182,779.4132,757.5938
21,-3.045,-4.195,2.85,0.863,1.373,0.751,1.161,-1.596,0.079,0.027,-0.000,3.38,0.32,-60.00,-0.0079,0.0053,0.0003,765.5809,773.9625,779.0953,757.9974
21,-2.955,-4.307,2.90,0.863,1.373,0.754,1.163,-1.596,0.079,0.026,-0.001,3.36,0.34,-60.00,-0.0076,0.0059,0.0010,765.6657,773.9201,778.8990,758.2101
21,-2.861,-4.422,2.95,0.863,1.373,0.758,1.167,-1.595,0.080,0.023,-0.002,3.34,0.36,-60.00,-0.0080,0.0074,-0.0002,765.9568,773.4947,779.3682,757.8297
21,-2.761,-4.540,3.00,0.863,1.373,0.844,1.195,-1.581,0.053,-0.017,-0.020,2.95,1.27,-59.99,-0.0021,0.0090,-0.0003,767.2025,772.1327,779.6205,757.6647
21,-2.658,-4.661,3.05,0.863,1.373,0.844,1.195,-1.581,0.053,-0.017,-0.020,2.95,1.27,-59.99,-0.0021,0.0090,-0.0003,767.2025,772.1327,779.6205,757.6647
21,-2.550,-4.785,3.10,0.863,1.373,0.846,1.195,-1.581,0.048,-0.017,-0.021,2.95,1.29,-59.99,-0.0009,0.0070,-0.0001,766.9016,772.0023,779.2086,757.5450
21,-2.439,-4.912,3.15,0.863,1.373,0.847,1.195,-1.581,0.045,-0.016,-0.022,2.95,1.31,-59.99,0.0005,0.0073,-0.0012,766.5032,772.0252,778.8918,757.4570
21,-2.324,-5.040,3.20,0.863,1.373,0.850,1.196,-1.582,0.039,-0.016,-0.022,2.95,1.33,-60.00,0.0011,0.0058,-0.0011,766.1738,772.0951,778.8729,757.0400
21,-2.206,-5.169,3.25,0.863,1.373,0.851,1.196,-1.582,0.036,-0.016,-0.022,2.95,1.35,-60.00,0.0019,0.0055,-0.0007,765.7806,772.3912,778.5141,757.2566
21,-2.086,-5.300,3.30,0.863,1.373,0.853,1.196,-1.582,0.029,-0.014,-0.022,2.96,1.36,-60.00,0.0023,0.0042,-0.0006,765.8849,772.2446,778.8318,756.7069
21,-1.963,-5.431,3.35,0.863,1.373,0.854,1.197,-1.583,0.026,-0.014,-0.022,2.97,1.37,-60.00,0.0053,0.0032,-0.0004,765.7402,772.3086,778.8058,756.7400
21,-1.838,-5.562,3.40,0.863,1.373,0.856,1.198,-1.583,0.019,-0.012,-0.022,2.98,1.38,-60.00,0.0045,0.0020,-0.0003,765.3366,772.4655,778.2386,757.0536
21,-1.711,-5.694,3.45,0.863,1.373,0.857,1.198,-1.583,0.016,-0.010,-0.022,3.00,1.38,-60.00,0.0052,0.0005,0.0010,765.5059,772.4064,778.5536,756.7544
21,-1.584,-5.825,3.50,0.863,1.373,0.859,1.200,-1.583,0.010,-0.008,-0.021,3.01,1.38,-60.00,0.0037,-0.0006,-0.0005,765.4652,772.3400,778.5003,756.8373
21,-1.455,-5.955,3.55,0.863,1.373,0.860,1.201,-1.584,0.007,-0.006,-0.021,3.03,1.38,-60.00,0.0041,-0.0027,0.0007,765.4390,772.4263,778.3628,756.9650
21,-1.326,-6.083,3.60,0.863,1.373,0.860,1.204,-1.584,-0.000,-0.002,-0.021,3.04,1.36,-60.00,0.0045,-0.0063,0.0000,764.8474,772.9665,778.3242,757.1016
21,-1.197,-6.210,3.65,0.863,1.373,0.861,1.206,-1.584,-0.004,-0.000,-0.021,3.05,1.35,-60.00,0.0048,-0.0076,0.0002,765.0555,772.6050,778.6094,756.6056
21,-1.069,-6.335,3.70,0.863,1.373,0.860,1.209,-1.585,-0.011,0.003,-0.021,3.07,1.32,-60.01,0.0052,-0.0108,0.0006,764.8325,772.8024,778.4955,756.5513
21,-0.941,-6.458,3.75,0.863,1.373,0.860,1.211,-1.585,-0.015,0.005,-0.020,3.08,1.29,-60.01,0.0050,-0.0131,0.0006,764.7731,772.7801,778.0766,756.8309
21,-0.814,-6.578,3.80,0.863,1.373,0.858,1.215,-1.586,-0.023,0.009,-0.020,3.10,1.24,-60.01,0.0068,-0.0157,0.0001,764.7600,772.7021,778.3190,756.4999
21,-0.688,-6.694,3.85,0.863,1.373,0.857,1.216,-1.587,-0.026,0.010,-0.019,3.13,1.20,-60.01,0.0079,-0.0154,0.0003,765.0299,772.4782,778.4991,756.2081
21,-0.565,-6.807,3.90,0.863,1.373,0.855,1.220,-1.588,-0.033,0.013,-0.019,3.16,1.15,-60.01,0.0119,-0.0180,0.0013,764.7152,772.7087,778.4032,756.1182
21,-0.443,-6.917,3.95,0.863,1.373,0.854,1.222,-1.588,-0.036,0.014,-0.018,3.19,1.10,-60.02,0.0123,-0.0185,0.0006,764.7292,772.4702,778.1895,756.1975
21,-0.324,-7.022,4.00,0.863,1.373,0.790,1.288,-1.602,-0.044,0.007,-0.004,3.88,0.19,-59.99,0.0041,0.0006,0.0001,763.7460,773.3160,778.6209,756.6858
21,-0.209,-7.123,4.05,0.863,1.373,0.790,1.288,-1.602,-0.044,0.007,-0.004,3.88,0.19,-59.99,0.0041,0.0006,0.0001,763.7460,773.3160,778.6209,756.6858
21,-0.096,-7.218,4.10,0.863,1.373,0.789,1.289,-1.602,-0.042,0.006,-0.004,3.89,0.20,-59.99,0.0019,0.0026,0.0008,763.4824,773.6285,778.5817,756.8689
21,0.013,-7.309,4.15,0.863,1.373,0.787,1.290,-1.602,-0.039,0.004,-0.004,3.90,0.21,-59.98,0.0009,0.0044,0.0003,763.2870,773.9254,778.4658,757.0820
21,0.118,-7.395,4.20,0.863,1.373,0.787,1.290,-1.602,-0.038,0.003,-0.004,3.89,0.22,-59.98,-0.0023,0.0066,-0.0002,762.7278,774.4360,778.4517,756.9666
21,0.219,-7.475,4.25,0.863,1.373,0.786,1.291,-1.602,-0.038,0.003,-0.004,3.88,0.24,-59.98,-0.0032,0.0045,-0.0010,762.4076,774.6707,778.7181,756.5322
21,0.315,-7.549,4.30,0.863,1.373,0.785,1.292,-1.602,-0.038,0.003,-0.004,3.87,0.25,-59.98,-0.0046,0.0040,-0.0003,761.8975,775.1851,778.5806,756.4100
21,0.407,-7.617,4.35,0.863,1.373,0.784,1.293,-1.603,-0.040,0.004,-0.004,3.86,0.26,-59.98,-0.0036,0.0025,-0.0003,761.4529,775.6234,778.3990,756.4810
21,0.493,-7.679,4.40,0.863,1.373,0.783,1.294,-1.603,-0.041,0.004,-0.004,3.86,0.26,-59.98,-0.0017,0.0003,-0.0010,760.9370,776.1229,778.0752,756.6122
21,0.574,-7.734,4.45,0.863,1.373,0.782,1.295,-1.604,-0.044,0.006,-0.004,3.86,0.26,-59.99,0.0003,-0.0032,-0.0008,760.8715,776.2157,778.1668,756.1705
21,0.649,-7.783,4.50,0.863,1.373,0.781,1.296,-1.604,-0.047,0.007,-0.003,3.86,0.25,-59.99,0.0020,-0.0047,-0.0003,760.2233,776.7983,777.8400,756.2475
21,0.719,-7.825,4.55,0.863,1.373,0.779,1.298,-1.605,-0.052,0.010,-0.003,3.88,0.23,-59.99,0.0061,-0.0091,-0.0003,760.2567,776.4757,777.8548,755.8017
21,0.782,-7.860,4.60,0.863,1.373,0.778,1.299,-1.606,-0.055,0.012,-0.003,3.90,0.20,-60.00,0.0075,-0.0132,-0.0007,759.7169,776.8976,777.4441,755.9578
21,0.840,-7.888,4.65,0.863,1.373,0.775,1.302,-1.607,-0.061,0.016,-0.002,3.93,0.16,-60.00,0.0103,-0.0160,0.0001,759.7662,776.8811,777.5011,755.7495
21,0.890,-7.909,4.70,0.863,1.373,0.773,1.304,-1.607,-0.064,0.019,-0.002,3.96,0.11,-60.01,0.0127,-0.0185,-0.0001,759.4666,777.3465,777.2598,755.8405
21,0.935,-7.923,4.75,0.863,1.373,0.769,1.308,-1.608,-0.071,0.024,-0.001,4.00,0.05,-60.01,0.0141,-0.0226,-0.0005,759.3462,777.5182,777.1670,755.8030
21,0.972,-7.930,4.80,0.863,1.373,0.767,1.310,-1.608,-0.074,0.026,-0.001,4.05,-0.02,-60.02,0.0155,-0.0262,0.0005,759.2328,777.8504,777.0807,755.9622
21,1.003,-7.930,4.85,0.863,1.373,0.763,1.314,-1.609,-0.080,0.031,-0.000,4.09,-0.10,-60.02,0.0161,-0.0290,0.0006,759.3152,777.9517,777.2614,755.8158
21,1.027,-7.922,4.90,0.863,1.373,0.760,1.316,-1.609,-0.083,0.034,-0.000,4.14,-0.18,-60.03,0.0167,-0.0313,0.0017,759.3795,777.9908,777.0539,755.9655
21,1.044,-7.908,4.95,0.863,1.373,0.755,1.322,-1.609,-0.088,0.039,0.000,4.19,-0.27,-60.03,0.0171,-0.0329,0.0008,759.3193,778.2520,776.9843,756.0374
21,1.054,-7.886,5.00,0.863,1.373,0.644,1.399,-1.608,-0.051,0.046,-0.005,5.15,-1.96,-60.01,0.0031,-0.0145,0.0011,755.9596,779.5724,775.9720,756.1045
21,1.057,-7.857,5.05,0.863,1.373,0.644,1.399,-1.608,-0.051,0.046,-0.005,5.15,-1.96,-60.01,0.0031,-0.0145,0.0011,755.9596,779.5724,775.9720,756.1045
21,1.052,-7.821,5.10,0.863,1.373,0.642,1.402,-1.608,-0.046,0.045,-0.004,5.16,-2.01,-60.01,0.0006,-0.0135,0.0014,756.1699,779.5174,775.8236,756.3436
21,1.041,-7.778,5.15,0.863,1.373,0.639,1.405,-1.609,-0.039,0.044,-0.003,5.15,-2.04,-60.01,-0.0014,-0.0114,0.0020,755.7889,779.9216,775.5902,756.6602
21,1.023,-7.729,5.20,0.863,1.373,0.638,1.407,-1.609,-0.035,0.043,-0.003,5.14,-2.08,-60.00,-0.0039,-0.0095,0.0014,755.7678,780.0203,775.7870,756.5936
21,0.998,-7.673,5.25,0.863,1.373,0.636,1.411,-1.609,-0.028,0.042,-0.002,5.14,-2.09,-60.00,-0.0043,-0.0086,0.0016,755.3839,780.3738,775.6071,756.7568
21,0.966,-7.610,5.30,0.863,1.373,0.635,1.413,-1.610,-0.024,0.042,-0.002,5.12,-2.12,-60.00,-0.0064,-0.0072,0.0002,754.9822,780.8843,775.8080,756.5524
21,0.927,-7.542,5.35,0.863,1.373,0.634,1.416,-1.610,-0.019,0.041,-0.001,5.10,-2.14,-60.00,-0.0074,-0.0083,0.0006,755.1028,780.9623,775.4520,756.8248
21,0.881,-7.467,5.40,0.863,1.373,0.633,1.418,-1.610,-0.016,0.041,-0.001,5.08,-2.17,-60.01,-0.0065,-0.0077,0.0007,754.8013,781.5038,775.4706,756.8593
21,0.829,-7.386,5.45,0.863,1.373,0.632,1.421,-1.610,-0.011,0.040,-0.000,5.06,-2.19,-60.01,-0.0062,-0.0080,-0.0001,754.8885,781.5048,775.6840,756.7086
21,0.771,-7.300,5.50,0.863,1.373,0.632,1.423,-1.610,-0.009,0.039,-0.000,5.04,-2.21,-60.01,-0.0058,-0.0086,0.0006,754.2383,782.2550,774.9529,757.5217
21,0.706,-7.209,5.55,0.863,1.373,0.632,1.425,-1.610,-0.005,0.038,0.000,5.03,-2.23,-60.01,-0.0050,-0.0078,0.0004,754.5636,781.9630,775.3749,757.0070
21,0.636,-7.113,5.60,0.863,1.373,0.632,1.427,-1.610,-0.003,0.038,0.000,5.01,-2.26,-60.01,-0.0050,-0.0081,0.0009,754.5316,781.9089,775.2458,757.0936
21,0.559,-7.011,5.65,0.863,1.373,0.632,1.429,-1.610,0.000,0.037,0.000,5.00,-2.27,-60.01,-0.0038,-0.0073,0.0007,753.9938,782.4653,775.1584,757.2025
21,0.477,-6.906,5.70,0.863,1.373,0.633,1.431,-1.610,0.002,0.037,0.001,4.99,-2.30,-60.01,-0.0041,-0.0070,-0.0002,754.1093,782.4282,775.0795,757.3281
21,0.390,-6.796,5.75,0.863,1.373,0.633,1.433,-1.610,0.005,0.036,0.001,4.98,-2.32,-60.01,-0.0032,-0.0080,-0.0003,754.2866,782.6426,775.2708,757.2903
21,0.297,-6.683,5.80,0.863,1.373,0.634,1.434,-1.610,0.007,0.035,0.001,4.97,-2.34,-60.01,-0.0027,-0.0074,-0.0009,754.3420,782.7942,775.1070,757.4333
21,0.200,-6.566,5.85,0.863,1.373,0.636,1.436,-1.610,0.010,0.035,0.001,4.96,-2.36,-60.01,-0.0037,-0.0075,0.0001,754.1835,782.9413,774.9988,757.4379
21,0.099,-6.446,5.90,0.863,1.373,0.637,1.438,-1.610,0.012,0.035,0.001,4.95,-2.39,-60.02,-0.0037,-0.0074,-0.0005,753.9532,783.0295,774.8103,757.4278
21,-0.007,-6.323,5.95,0.863,1.373,0.639,1.440,-1.609,0.014,0.034,0.001,4.94,-2.41,-60.02,-0.0039,-0.0083,0.0001,754.1299,783.0909,774.8381,757.4941
21,-0.117,-6.198,6.00,0.863,1.373,0.698,1.455,-1.603,0.018,0.018,-0.005,4.65,-2.63,-60.02,0.0035,-0.0066,0.0007,752.6824,784.3324,774.0292,757.7247
21,-0.230,-6.070,6.05,0.863,1.373,0.698,1.455,-1.603,0.018,0.018,-0.005,4.65,-2.63,-60.02,0.0035,-0.0066,0.0007,752.6824,784.3324,774.0292,757.7247
21,-0.347,-5.941,6.10,0.863,1.373,0.699,1.456,-1.603,0.016,0.017,-0.004,4.67,-2.65,-60.02,0.0054,-0.0082,0.0011,752.6460,784.3363,773.9608,757.8562
21,-0.466,-5.811,6.15,0.863,1.373,0.699,1.456,-1.603,0.015,0.017,-0.004,4.68,-2.68,-60.02,0.0074,-0.0095,0.0006,753.2462,783.9402,774.1019,757.8903
21,-0.588,-5.680,6.20,0.863,1.373,0.700,1.458,-1.603,0.015,0.016,-0.004,4.71,-2.71,-60.02,0.0079,-0.0106,0.0009,753.1360,784.1455,774.2621,757.8440
21,-0.712,-5.549,6.25,0.863,1.373,0.700,1.458,-1.602,0.015,0.015,-0.004,4.73,-2.74,-60.02,0.0080,-0.0105,0.0008,753.7532,783.7120,774.1263,758.2378
21,-0.838,-5.418,6.30,0.863,1.373,0.700,1.460,-1.602,0.016,0.013,-0.004,4.76,-2.77,-60.02,0.0090,-0.0097,0.0008,754.2901,783.2921,774.4825,758.0782
21,-0.965,-5.286,6.35,0.863,1.373,0.700,1.461,-1.601,0.017,0.012,-0.004,4.78,-2.79,-60.02,0.0070,-0.0098,0.0008,754.3279,783.4000,774.2095,758.5677
21,-1.093,-5.156,6.40,0.863,1.373,0.700,1.462,-1.601,0.020,0.010,-0.004,4.80,-2.82,-60.02,0.0058,-0.0089,0.0011,754.7220,783.1831,774.7053,758.3593
21,-1.222,-5.027,6.45,0.863,1.373,0.700,1.463,-1.601,0.021,0.009,-0.004,4.81,-2.84,-60.02,0.0045,-0.0070,0.0003,754.5839,783.3410,774.6866,758.5109
21,-1.351,-4.899,6.50,0.863,1.373,0.699,1.466,-1.600,0.025,0.007,-0.005,4.82,-2.85,-60.02,0.0031,-0.0060,0.0009,754.9125,783.0276,774.6268,758.6393
21,-1.480,-4.773,6.55,0.863,1.373,0.699,1.467,-1.600,0.027,0.005,-0.005,4.83,-2.87,-60.02,0.0026,-0.0053,-0.0000,754.8239,782.9454,774.6237,758.5618
21,-1.608,-4.649,6.60,0.863,1.373,0.698,1.469,-1.601,0.031,0.003,-0.005,4.83,-2.88,-60.02,0.0011,-0.0042,0.0003,754.8459,782.7044,774.4972,758.5220
21,-1.736,-4.528,6.65,0.863,1.373,0.698,1.470,-1.601,0.033,0.001,-0.005,4.83,-2.88,-60.02,-0.0009,-0.0034,0.0001,754.6591,782.6344,774.4766,758.2804
21,-1.862,-4.410,6.70,0.863,1.373,0.698,1.472,-1.602,0.039,-0.002,-0.005,4.82,-2.89,-60.02,-0.0022,-0.0017,0.0011,754.6783,782.2415,774.2700,758.1516
21,-1.986,-4.295,6.75,0.863,1.373,0.699,1.472,-1.602,0.042,-0.004,-0.004,4.82,-2.89,-60.01,-0.0025,-0.0010,0.0019,754.8046,781.8130,774.1832,758.0530
21,-2.109,-4.184,6.80,0.863,1.373,0.700,1.474,-1.602,0.048,-0.008,-0.004,4.80,-2.89,-60.01,-0.0049,0.0011,0.0012,754.8311,781.5759,774.4357,757.9050
21,-2.229,-4.077,6.85,0.863,1.373,0.700,1.474,-1.603,0.051,-0.010,-0.003,4.79,-2.88,-60.01,-0.0059,0.0030,0.0007,754.8344,781.5641,774.1554,758.2739
21,-2.346,-3.974,6.90,0.863,1.373,0.703,1.475,-1.603,0.058,-0.015,-0.002,4.77,-2.86,-60.01,-0.0059,0.0069,0.0003,755.0609,781.2928,774.5334,757.9357
21,-2.460,-3.876,6.95,0.863,1.373,0.704,1.475,-1.604,0.061,-0.017,-0.002,4.74,-2.84,-60.00,-0.0084,0.0078,0.0007,754.8165,781.2513,774.2220,758.0841
21,-2.571,-3.783,7.00,0.863,1.373,0.805,1.425,-1.604,0.091,-0.065,0.004,4.04,-1.59,-59.98,-0.0022,0.0142,-0.0023,756.6247,781.5980,775.2294,759.2197
21,-2.678,-3.695,7.05,0.863,1.373,0.805,1.425,-1.604,0.091,-0.065,0.004,4.04,-1.59,-59.98,-0.0022,0.0142,-0.0023,756.6247,781.5980,775.2294,759.2197
21,-2.781,-3.612,7.10,0.863,1.373,0.807,1.423,-1.604,0.089,-0.065,0.004,4.03,-1.55,-59.99,-0.0005,0.0096,-0.0012,756.9063,781.4451,775.2008,759.1567
21,-2.879,-3.536,7.15,0.863,1.373,0.811,1.419,-1.603,0.085,-0.064,0.003,4.03,-1.53,-59.99,0.0010,0.0054,-0.0020,757.5018,780.8652,775.5934,758.8579
21,-2.973,-3.465,7.20,0.863,1.373,0.813,1.417,-1.603,0.083,-0.064,0.003,4.04,-1.51,-59.99,0.0037,0.0038,-0.0008,757.8132,780.6080,775.8597,758.5935
21,-3.061,-3.400,7.25,0.863,1.373,0.816,1.413,-1.602,0.080,-0.065,0.003,4.05,-1.50,-60.00,0.0044,0.0034,-0.0017,758.4202,780.2435,776.3900,758.3296
21,-3.145,-3.342,7.30,0.863,1.373,0.818,1.411,-1.602,0.079,-0.066,0.003,4.06,-1.49,-60.00,0.0050,0.0039,-0.0007,759.1978,779.5456,776.3809,758.4009
21,-3.223,-3.290,7.35,0.863,1.373,0.820,1.408,-1.602,0.078,-0.069,0.002,4.08,-1.47,-60.00,0.0077,0.0065,-0.0005,759.2323,779.4084,776.4390,758.4337
21,-3.295,-3.245,7.40,0.863,1.373,0.822,1.406,-1.601,0.077,-0.070,0.002,4.10,-1.45,-60.00,0.0090,0.0066,-0.0001,759.5494,779.0098,776.6850,758.1584
21,-3.361,-3.206,7.45,0.863,1.373,0.825,1.403,-1.601,0.078,-0.074,0.001,4.12,-1.42,-60.00,0.0061,0.0111,0.0005,759.5679,778.7769,776.5023,758.2924
21,-3.421,-3.175,7.50,0.863,1.373,0.826,1.401,-1.601,0.079,-0.076,0.001,4.14,-1.38,-60.00,0.0064,0.0131,0.0002,759.7205,778.3257,776.7059,758.1020
21,-3.475,-3.151,7.55,0.863,1.373,0.829,1.397,-1.601,0.081,-0.080,0.001,4.15,-1.34,-60.00,0.0048,0.0155,-0.0002,760.1691,777.6113,776.8488,757.9381
21,-3.522,-3.133,7.60,0.863,1.373,0.831,1.395,-1.602,0.083,-0.082,0.001,4.16,-1.29,-60.00,0.0033,0.0187,-0.0004,760.4847,777.0872,777.0543,757.6312
21,-3.563,-3.123,7.65,0.863,1.373,0.835,1.390,-1.602,0.086,-0.087,0.001,4.17,-1.23,-60.00,0.0018,0.0224,-0.0015,760.3177,776.9507,776.7933,757.7820
21,-3.597,-3.120,7.70,0.863,1.373,0.837,1.388,-1.602,0.088,-0.089,0.001,4.17,-1.16,-59.99,0.0002,0.0252,0.0004,760.4297,776.7800,776.7534,757.7888
21,-3.624,-3.125,7.75,0.863,1.373,0.840,1.383,-1.603,0.092,-0.093,0.001,4.16,-1.08,-59.99,-0.0021,0.0268,0.0008,760.6801,776.1793,777.0272,757.4802
21,-3.644,-3.136,7.80,0.863,1.373,0.842,1.381,-1.603,0.094,-0.094,0.001,4.16,-1.00,-59.98,-0.0023,0.0286,-0.0015,760.3511,776.1721,776.9957,757.4881
21,-3.657,-3.155,7.85,0.863,1.373,0.846,1.375,-1.604,0.098,-0.098,0.002,4.15,-0.91,-59.98,-0.0037,0.0313,-0.0004,760.4871,775.8963,776.6068,757.7163
21,-3.663,-3.180,7.90,0.863,1.373,0.849,1.373,-1.604,0.100,-0.100,0.002,4.13,-0.82,-59.98,-0.0052,0.0309,-0.0003,760.4351,775.8767,776.9286,757.4517
21,-3.662,-3.213,7.95,0.863,1.373,0.853,1.367,-1.604,0.104,-0.102,0.002,4.12,-0.73,-59.97,-0.0065,0.0320,-0.0001,761.0480,775.2944,776.9995,757.5896
21,-3.654,-3.253,8.00,0.863,1.373,0.973,1.312,-1.597,0.087,-0.054,-0.004,3.10,0.71,-59.99,-0.0108,0.0060,-0.0009,763.5483,774.0576,777.3676,757.7917
21,-3.639,-3.299,8.05,0.863,1.373,0.973,1.312,-1.597,0.087,-0.054,-0.004,3.10,0.71,-59.99,-0.0108,0.0060,-0.0009,763.5483,774.0576,777.3676,757.7917
21,-3.617,-3.352,8.10,0.863,1.373,0.975,1.311,-1.597,0.084,-0.053,-0.004,3.08,0.73,-59.99,-0.0084,0.0034,-0.0005,763.5835,774.1633,777.5775,757.6024
21,-3.588,-3.412,8.15,0.863,1.373,0.980,1.309,-1.597,0.077,-0.051,-0.004,3.05,0.74,-59.99,-0.0073,0.0044,-0.0014,763.7536,774.0841,777.3450,757.8314
21,-3.552,-3.478,8.20,0.863,1.373,0.982,1.308,-1.597,0.074,-0.050,-0.004,3.04,0.75,-59.99,-0.0064,0.0033,-0.0002,763.9811,774.0380,777.6811,757.7299
21,-3.510,-3.550,8.25,0.863,1.373,0.987,1.305,-1.597,0.067,-0.049,-0.004,3.02,0.76,-59.99,-0.0037,0.0039,-0.0002,764.4792,773.9062,778.0269,757.7490
21,-3.461,-3.627,8.30,0.863,1.373,0.989,1.304,-1.596,0.065,-0.049,-0.004,3.02,0.77,-59.99,-0.0021,0.0059,-0.0006,764.8502,773.7565,778.2568,757.8683
21,-3.405,-3.711,8.35,0.863,1.373,0.994,1.301,-1.595,0.059,-0.049,-0.004,3.01,0.79,-59.99,-0.0003,0.0062,-0.0004,764.9797,773.9432,778.5182,757.9503
21,-3.343,-3.800,8.40,0.863,1.373,0.996,1.299,-1.595,0.057,-0.050,-0.004,3.01,0.81,-59.99,0.0004,0.0090,-0.0001,765.3718,773.7970,778.7191,758.0841
21,-3.276,-3.894,8.45,0.863,1.373,1.000,1.296,-1.594,0.052,-0.050,-0.005,3.01,0.84,-59.99,0.0003,0.0108,-0.0002,765.5999,773.6229,779.0201,758.2055
21,-3.202,-3.993,8.50,0.863,1.373,1.002,1.294,-1.594,0.049,-0.051,-0.005,3.01,0.87,-59.98,0.0000,0.0126,0.0011,765.9611,773.2817,779.0909,758.2444
21,-3.122,-4.097,8.55,0.863,1.373,1.006,1.291,-1.593,0.045,-0.051,-0.007,3.02,0.91,-59.98,0.0017,0.0137,0.0002,765.5974,773.4410,778.8411,758.5570
21,-3.037,-4.205,8.60,0.863,1.373,1.007,1.289,-1.593,0.043,-0.052,-0.007,3.02,0.95,-59.98,0.0012,0.0137,0.0005,765.5767,773.3093,778.9850,758.2026
21,-2.947,-4.316,8.65,0.863,1.373,1.010,1.285,-1.593,0.038,-0.052,-0.008,3.02,1.00,-59.98,0.0023,0.0157,-0.0002,765.7424,772.9644,779.2711,757.7984
21,-2.852,-4.432,8.70,0.863,1.373,1.011,1.284,-1.593,0.035,-0.052,-0.008,3.03,1.04,-59.98,0.0023,0.0154,-0.0001,765.7419,772.9922,779.2523,757.7841
21,-2.753,-4.551,8.75,0.863,1.373,1.014,1.280,-1.593,0.031,-0.052,-0.008,3.04,1.09,-59.98,0.0021,0.0157,-0.0005,765.7335,772.9908,778.9053,758.0040
21,-2.649,-4.672,8.80,0.863,1.373,1.015,1.279,-1.593,0.029,-0.051,-0.009,3.05,1.13,-59.98,0.0030,0.0134,-0.0001,765.7728,772.8381,778.8918,757.8875
21,-2.541,-4.796,8.85,0.863,1.373,1.017,1.275,-1.593,0.025,-0.050,-0.009,3.06,1.17,-59.98,0.0038,0.0152,-0.0012,766.3259,772.2360,779.2112,757.5267
21,-2.429,-4.923,8.90,0.863,1.373,1.018,1.274,-1.593,0.023,-0.049,-0.009,3.07,1.20,-59.98,0.0032,0.0114,-0.0017,765.8816,772.6038,778.5607,758.0580
21,-2.314,-5.051,8.95,0.863,1.373,1.020,1.272,-1.593,0.019,-0.047,-0.010,3.08,1.24,-59.99,0.0019,0.0120,-0.0004,765.9194,772.5788,778.5094,757.9655
21,-2.196,-5.180,9.00,0.863,1.373,0.998,1.242,-1.592,-0.025,-0.011,-0.011,3.34,1.52,-59.99,0.0049,0.0036,-0.0004,767.3613,771.1490,779.2574,757.5703
21,-2.075,-5.311,9.05,0.863,1.373,0.998,1.242,-1.592,-0.025,-0.011,-0.011,3.34,1.52,-59.99,0.0049,0.0036,-0.0004,767.3613,771.1490,779.2574,757.5703
21,-1.952,-5.442,9.10,0.863,1.373,0.996,1.242,-1.592,-0.026,-0.008,-0.011,3.35,1.53,-59.99,0.0035,0.0025,0.0000,767.0741,771.5686,779.3229,757.5337
21,-1.827,-5.574,9.15,0.863,1.373,0.993,1.242,-1.591,-0.028,-0.005,-0.012,3.35,1.54,-59.99,0.0019,0.0024,-0.0008,766.6913,771.8938,779.0208,757.7031
21,-1.700,-5.705,9.20,0.863,1.373,0.991,1.242,-1.591,-0.030,-0.003,-0.013,3.35,1.55,-59.99,-0.0002,0.0027,-0.0007,766.4760,772.0969,779.3274,757.3674
21,-1.573,-5.836,9.25,0.863,1.373,0.988,1.242,-1.591,-0.035,0.001,-0.013,3.35,1.55,-59.99,-0.0014,-0.0005,-0.0002,766.1082,772.4712,779.3899,757.2682
21,-1.444,-5.966,9.30,0.863,1.373,0.986,1.242,-1.590,-0.037,0.004,-0.013,3.35,1.55,-59.99,0.0009,-0.0025,-0.0004,765.8773,772.8125,779.0187,757.5889
21,-1.315,-6.094,9.35,0.863,1.373,0.982,1.244,-1.590,-0.042,0.008,-0.014,3.35,1.53,-59.99,0.0017,-0.0069,0.0003,765.8923,772.8697,779.3048,757.2601
21,-1.186,-6.221,9.40,0.863,1.373,0.980,1.245,-1.590,-0.046,0.011,-0.014,3.35,1.52,-59.99,0.0030,-0.0088,-0.0007,765.5541,773.0245,779.1895,757.1700
21,-1.057,-6.346,9.45,0.863,1.373,0.976,1.247,-1.590,-0.051,0.016,-0.015,3.37,1.48,-59.99,0.0050,-0.0132,-0.0003,765.4839,773.0524,779.3954,756.8066
21,-0.930,-6.468,9.50,0.863,1.373,0.974,1.249,-1.590,-0.054,0.019,-0.015,3.38,1.45,-60.00,0.0056,-0.0135,0.0006,765.3004,773.2118,779.0626,756.9343
21,-0.803,-6.588,9.55,0.863,1.373,0.969,1.252,-1.590,-0.060,0.024,-0.015,3.40,1.39,-60.00,0.0060,-0.0189,-0.0004,765.4045,773.1324,779.0363,756.8398
21,-0.677,-6.704,9.60,0.863,1.373,0.967,1.254,-1.589,-0.063,0.028,-0.015,3.42,1.35,-60.01,0.0079,-0.0192,0.0006,765.1859,773.4991,778.9101,756.9162
21,-0.554,-6.817,9.65,0.863,1.373,0.962,1.258,-1.589,-0.068,0.033,-0.015,3.45,1.29,-60.01,0.0084,-0.0226,0.0004,765.3007,773.6200,778.9484,756.9914
21,-0.433,-6.926,9.70,0.863,1.373,0.960,1.261,-1.589,-0.071,0.036,-0.015,3.47,1.23,-60.01,0.0077,-0.0257,-0.0003,765.6238,773.5892,779.4904,756.5359
21,-0.314,-7.031,9.75,0.863,1.373,0.957,1.263,-1.588,-0.073,0.038,-0.015,3.49,1.16,-60.02,0.0076,-0.0266,0.0015,765.5867,773.9377,779.2905,756.8693
21,-0.199,-7.131,9.80,0.863,1.373,0.952,1.268,-1.587,-0.078,0.043,-0.016,3.52,1.08,-60.02,0.0089,-0.0260,0.0015,765.3125,774.6289,779.2510,757.3314
21,-0.086,-7.227,9.85,0.863,1.373,0.947,1.272,-1.586,-0.083,0.046,-0.016,3.55,0.99,-60.02,0.0093,-0.0280,0.0011,765.4481,774.7446,779.3203,757.4703
21,0.022,-7.317,9.90,0.863,1.373,0.945,1.274,-1.586,-0.084,0.048,-0.017,3.57,0.93,-60.03,0.0090,-0.0259,0.0006,765.4215,774.9935,779.4747,757.4354
21,0.127,-7.402,9.95,0.863,1.373,0.940,1.278,-1.585,-0.087,0.050,-0.018,3.60,0.84,-60.03,0.0093,-0.0253,0.0013,765.5615,774.7821,779.5514,757.3597
22,-3.926,4.205,0.00,0.863,1.373,1.492,1.732,-1.620,0.337,-0.283,0.005,-7.56,1.21,-60.40,0.0573,0.1410,0.0350,780.4814,759.8013,761.1383,770.6507
22,-3.957,4.170,0.05,0.863,1.373,1.492,1.732,-1.620,0.337,-0.283,0.005,-7.56,1.21,-60.40,0.0573,0.1410,0.0350,780.4814,759.8013,761.1383,770.6507
22,-3.990,4.133,0.10,0.863,1.373,1.500,1.715,-1.620,0.309,-0.306,0.006,-7.35,1.69,-60.38,0.0725,0.1335,0.0351,780.1832,759.1683,761.7485,770.7512
22,-4.024,4.094,0.15,0.863,1.373,1.510,1.688,-1.621,0.265,-0.338,0.008,-7.13,2.09,-60.35,0.0802,0.1270,0.0373,779.8476,758.8309,762.2643,771.0009
22,-4.061,4.052,0.20,0.863,1.373,1.514,1.674,-1.621,0.242,-0.352,0.009,-6.90,2.43,-60.32,0.0882,0.1190,0.0346,779.8297,757.9098,762.6510,771.6159
22,-4.099,4.008,0.25,0.863,1.373,1.519,1.646,-1.621,0.199,-0.375,0.011,-6.69,2.71,-60.29,0.0932,0.1108,0.0356,779.5431,757.5140,763.1180,771.9952
22,-4.139,3.961,0.30,0.863,1.373,1.521,1.629,-1.622,0.172,-0.387,0.012,-6.37,3.08,-60.24,0.0971,0.1000,0.0336,779.3093,756.7401,764.0568,771.8628
22,-4.181,3.913,0.35,0.863,1.373,1.522,1.600,-1.622,0.129,-0.401,0.013,-6.14,3.31,-60.21,0.0999,0.0921,0.0324,778.9132,756.1952,764.1964,772.3636
22,-4.225,3.862,0.40,0.863,1.373,1.521,1.586,-1.623,0.109,-0.407,0.014,-5.80,3.61,-60.16,0.1020,0.0806,0.0303,778.6660,755.4861,764.4412,772.6083
22,-4.270,3.810,0.45,0.863,1.373,1.518,1.558,-1.623,0.069,-0.414,0.015,-5.49,3.85,-60.12,0.1031,0.0715,0.0279,778.6246,754.8320,764.9806,772.4843
22,-4.317,3.755,0.50,0.863,1.373,1.515,1.540,-1.623,0.046,-0.417,0.016,-5.21,4.04,-60.09,0.1025,0.0631,0.0257,778.3611,754.4727,765.8809,772.0674
22,-4.366,3.699,0.55,0.863,1.373,1.508,1.513,-1.624,0.010,-0.417,0.017,-4.90,4.23,-60.05,0.1029,0.0540,0.0234,778.3848,753.9762,765.8895,772.3116
22,-4.416,3.641,0.60,0.863,1.373,1.504,1.499,-1.624,-0.007,-0.416,0.018,-4.62,4.37,-60.03,0.1020,0.0460,0.0203,778.2396,753.8098,766.0318,772.4501
22,-4.467,3.581,0.65,0.863,1.373,1.494,1.473,-1.624,-0.040,-0.411,0.019,-4.39,4.48,-60.01,0.0990,0.0403,0.0181,778.4896,753.4167,766.6984,771.9268
22,-4.520,3.519,0.70,0.863,1.373,1.487,1.457,-1.624,-0.059,-0.407,0.019,-4.06,4.61,-59.99,0.0973,0.0315,0.0155,778.4802,753.4046,766.5929,771.8820
22,-4.574,3.455,0.75,0.863,1.373,1.474,1.433,-1.625,-0.087,-0.397,0.020,-3.77,4.70,-59.98,0.0946,0.0245,0.0130,778.5947,753.3883,766.8891,771.4937
22,-4.630,3.391,0.80,0.863,1.373,1.466,1.421,-1.625,-0.100,-0.391,0.021,-3.51,4.76,-59.97,0.0919,0.0183,0.0114,778.9548,753.1537,766.5662,771.4043
22,-4.687,3.324,0.85,0.863,1.373,1.450,1.398,-1.625,-0.125,-0.378,0.022,-3.31,4.80,-59.97,0.0905,0.0117,0.0077,779.1843,753.2027,766.8218,770.7332
22,-4.744,3.256,0.90,0.863,1.373,1.439,1.384,-1.625,-0.139,-0.370,0.022,-3.00,4.84,-59.98,0.0875,0.0043,0.0067,779.1235,753.8278,766.6578,770.5697
22,-4.803,3.187,0.95,0.863,1.373,1.422,1.363,-1.625,-0.159,-0.355,0.023,-2.81,4.85,-59.98,0.0856,0.0021,0.0059,779.4055,754.2356,766.6340,770.3572
22,-4.863,3.117,1.00,0.863,1.373,1.181,1.212,-1.598,-0.128,-0.053,0.003,-0.91,3.97,-60.06,-0.0200,-0.0073,0.0044,783.8033,756.7626,770.2841,767.5895
22,-4.924,3.046,1.05,0.863,1.373,1.181,1.212,-1.598,-0.128,-0.053,0.003,-0.91,3.97,-60.06,-0.0200,-0.0073,0.0044,783.8033,756.7626,770.2841,767.5895
22,-4.985,2.973,1.10,0.863,1.373,1.178,1.213,-1.598,-0.124,-0.048,0.002,-0.96,3.95,-60.05,-0.0219,-0.0064,0.0042,783.2694,756.8267,770.1548,767.5132
22,-5.047,2.900,1.15,0.863,1.373,1.174,1.213,-1.596,-0.117,-0.039,-0.000,-1.04,3.93,-60.04,-0.0251,-0.0062,0.0030,782.9485,756.9104,770.5140,767.0929
22,-5.110,2.825,1.20,0.863,1.373,1.172,1.214,-1.596,-0.113,-0.035,-0.001,-1.09,3.91,-60.04,-0.0241,-0.0067,0.0033,782.9053,756.8575,770.6970,766.8909
22,-5.174,2.750,1.25,0.863,1.373,1.167,1.215,-1.595,-0.108,-0.028,-0.003,-1.17,3.89,-60.03,-0.0233,-0.0060,0.0027,782.6801,756.7228,770.9762,766.4455
22,-5.238,2.674,1.30,0.863,1.373,1.165,1.216,-1.594,-0.106,-0.025,-0.004,-1.22,3.88,-60.03,-0.0220,-0.0062,0.0012,782.6249,756.5554,771.0750,766.2243
22,-5.302,2.598,1.35,0.863,1.373,1.161,1.217,-1.594,-0.103,-0.021,-0.005,-1.28,3.87,-60.02,-0.0195,-0.0052,0.0032,782.2512,756.6425,771.0665,766.0120
22,-5.367,2.521,1.40,0.863,1.373,1.158,1.217,-1.593,-0.102,-0.019,-0.006,-1.33,3.85,-60.01,-0.0161,-0.0044,0.0025,781.9523,756.5259,771.1771,765.7200
22,-5.432,2.444,1.45,0.863,1.373,1.153,1.218,-1.593,-0.101,-0.017,-0.007,-1.38,3.84,-60.01,-0.0122,-0.0044,0.0014,781.6792,756.5385,771.3074,765.3890
22,-5.498,2.366,1.50,0.863,1.373,1.150,1.219,-1.593,-0.101,-0.017,-0.008,-1.40,3.83,-60.00,-0.0070,-0.0017,0.0021,781.6458,756.2359,771.0745,765.3694
22,-5.563,2.288,1.55,0.863,1.373,1.145,1.219,-1.593,-0.101,-0.017,-0.008,-1.41,3.82,-59.99,-0.0025,-0.0016,0.0009,781.5646,755.9630,771.3010,764.9097
22,-5.629,2.210,1.60,0.863,1.373,1.143,1.220,-1.593,-0.101,-0.017,-0.009,-1.41,3.82,-59.99,-0.0004,-0.0014,0.0020,781.5300,755.7428,771.6370,764.3247
22,-5.695,2.132,1.65,0.863,1.373,1.138,1.220,-1.593,-0.101,-0.017,-0.009,-1.40,3.82,-59.99,0.0053,0.0005,0.0020,781.2418,755.7726,771.2480,764.5009
22,-5.760,2.054,1.70,0.863,1.373,1.135,1.220,-1.593,-0.102,-0.018,-0.009,-1.39,3.83,-59.98,0.0069,0.0015,0.0011,781.3741,755.6479,771.2465,764.5179
22,-5.825,1.976,1.75,0.863,1.373,1.131,1.221,-1.593,-0.102,-0.018,-0.009,-1.36,3.83,-59.98,0.0094,0.0017,0.0008,781.5740,755.3999,771.4851,764.2537
22,-5.891,1.899,1.80,0.863,1.373,1.128,1.221,-1.593,-0.102,-0.019,-0.009,-1.34,3.84,-59.98,0.0089,0.0030,0.0007,781.3581,755.7736,771.4218,764.2676
22,-5.955,1.821,1.85,0.863,1.373,1.123,1.222,-1.593,-0.102,-0.019,-0.009,-1.31,3.85,-59.99,0.0096,0.0024,-0.0009,781.3553,755.9888,771.5110,764.2234
22,-6.020,1.745,1.90,0.863,1.373,1.120,1.222,-1.593,-0.103,-0.020,-0.009,-1.28,3.86,-59.99,0.0099,0.0037,0.0006,781.3925,756.1050,771.5385,764.2307
22,-6.083,1.668,1.95,0.863,1.373,1.116,1.223,-1.593,-0.103,-0.021,-0.009,-1.25,3.87,-59.99,0.0111,0.0035,0.0003,781.4919,756.1688,771.5377,764.0737
22,-6.147,1.592,2.00,0.863,1.373,1.024,1.217,-1.605,-0.091,-0.010,0.003,-0.54,4.02,-60.01,0.0124,0.0016,-0.0002,781.3588,756.0850,772.5573,762.3937
22,-6.209,1.517,2.05,0.863,1.373,1.024,1.217,-1.605,-0.091,-0.010,0.003,-0.54,4.02,-60.01,0.0124,0.0016,-0.0002,781.3588,756.0850,772.5573,762.3937
22,-6.271,1.443,2.10,0.863,1.373,1.019,1.216,-1.604,-0.090,-0.008,0.003,-0.51,4.03,-60.01,0.0104,0.0009,0.0014,781.0573,756.9420,772.4052,762.9963
22,-6.332,1.370,2.15,0.863,1.373,1.013,1.215,-1.603,-0.088,-0.008,0.003,-0.48,4.03,-60.01,0.0102,-0.0005,0.0009,781.4052,756.9695,772.9785,762.8711
22,-6.392,1.297,2.20,0.863,1.373,1.011,1.215,-1.603,-0.087,-0.008,0.002,-0.46,4.03,-60.00,0.0065,0.0002,0.0001,781.3498,757.2922,773.2867,762.8933
22,-6.452,1.226,2.25,0.863,1.373,1.005,1.215,-1.602,-0.086,-0.008,0.001,-0.44,4.02,-60.00,0.0068,-0.0001,0.0004,781.8755,756.9742,773.8168,762.4893
22,-6.510,1.156,2.30,0.863,1.373,1.002,1.215,-1.601,-0.085,-0.008,0.001,-0.42,4.03,-60.00,0.0062,0.0006,0.0006,781.4620,757.4304,773.6286,762.7070
22,-6.567,1.087,2.35,0.863,1.373,0.997,1.214,-1.600,-0.085,-0.008,-0.000,-0.40,4.03,-60.00,0.0063,0.0008,-0.0003,781.9301,757.1618,774.4229,762.0729
22,-6.623,1.019,2.40,0.863,1.373,0.995,1.214,-1.599,-0.084,-0.009,-0.001,-0.38,4.03,-60.00,0.0074,0.0001,0.0000,781.7173,757.5687,774.4241,762.1732
22,-6.678,0.953,2.45,0.863,1.373,0.989,1.214,-1.598,-0.084,-0.011,-0.002,-0.36,4.03,-60.00,0.0078,0.0017,-0.0001,781.7367,757.5648,774.7821,761.8619
22,-6.731,0.888,2.50,0.863,1.373,0.986,1.213,-1.597,-0.084,-0.012,-0.003,-0.33,4.04,-60.00,0.0092,0.0016,-0.0000,781.5129,757.8481,774.7475,761.9702
22,-6.784,0.825,2.55,0.863,1.373,0.981,1.212,-1.596,-0.084,-0.014,-0.005,-0.31,4.05,-60.00,0.0115,0.0033,0.0005,781.6259,757.7196,775.1789,761.4973
22,-6.834,0.763,2.60,0.863,1.373,0.979,1.212,-1.595,-0.084,-0.015,-0.005,-0.27,4.06,-60.00,0.0136,0.0039,0.0001,781.6622,757.7024,775.4117,761.3217
22,-6.884,0.704,2.65,0.863,1.373,0.973,1.210,-1.594,-0.084,-0.018,-0.007,-0.23,4.07,-60.00,0.0149,0.0040,-0.0004,781.6237,757.9006,775.3807,761.5097
22,-6.931,0.645,2.70,0.863,1.373,0.971,1.209,-1.593,-0.084,-0.019,-0.008,-0.18,4.08,-60.00,0.0164,0.0057,-0.0001,781.5410,758.0782,775.5258,761.3661
22,-6.977,0.589,2.75,0.863,1.373,0.966,1.207,-1.592,-0.084,-0.021,-0.009,-0.14,4.10,-60.01,0.0168,0.0068,-0.0003,781.6259,757.9573,775.5935,761.2345
22,-7.022,0.535,2.80,0.863,1.373,0.964,1.206,-1.592,-0.084,-0.022,-0.010,-0.09,4.13,-60.01,0.0174,0.0082,-0.0001,781.6539,757.8260,775.7943,760.8623
22,-7.065,0.482,2.85,0.863,1.373,0.958,1.204,-1.591,-0.084,-0.025,-0.011,-0.04,4.15,-60.01,0.0170,0.0088,-0.0004,781.5434,757.9368,775.6876,760.9070
22,-7.106,0.432,2.90,0.863,1.373,0.956,1.202,-1.591,-0.084,-0.026,-0.012,0.02,4.17,-60.01,0.0190,0.0100,-0.0001,781.3196,758.0209,775.4614,760.9756
22,-7.145,0.384,2.95,0.863,1.373,0.951,1.199,-1.590,-0.083,-0.028,-0.013,0.07,4.20,-60.01,0.0180,0.0100,-0.0003,781.1744,758.0372,775.8693,760.3156
22,-7.182,0.338,3.00,0.863,1.373,0.896,1.149,-1.595,-0.046,0.015,-0.010,0.90,4.78,-60.02,-0.0028,0.0005,-0.0003,780.1711,758.3684,776.4249,758.5608
22,-7.218,0.294,3.05,0.863,1.373,0.896,1.149,-1.595,-0.046,0.015,-0.010,0.90,4.78,-60.02,-0.0028,0.0005,-0.0003,780.1711,758.3684,776.4249,758.5608
22,-7.252,0.252,3.10,0.863,1.373,0.894,1.150,-1.595,-0.044,0.020,-0.010,0.90,4.77,-60.02,-0.0018,-0.0015,-0.0000,780.5450,758.1910,776.5578,758.5941
22,-7.283,0.213,3.15,0.863,1.373,0.894,1.150,-1.594,-0.043,0.022,-0.010,0.89,4.76,-60.02,-0.0034,-0.0034,0.0003,780.6573,758.1396,777.0198,758.1497
22,-7.313,0.176,3.20,0.863,1.373,0.892,1.152,-1.594,-0.042,0.027,-0.010,0.87,4.75,-60.02,-0.0051,-0.0048,0.0004,780.3803,758.2169,777.2920,757.7950
22,-7.340,0.142,3.25,0.863,1.373,0.891,1.152,-1.594,-0.041,0.028,-0.011,0.86,4.74,-60.02,-0.0046,-0.0062,-0.0005,780.3218,758.1063,777.4872,757.4573
22,-7.366,0.110,3.30,0.863,1.373,0.889,1.154,-1.594,-0.041,0.031,-0.011,0.85,4.72,-60.02,-0.0027,-0.0043,-0.0002,780.0170,758.3568,777.0926,757.6923
22,-7.389,0.080,3.35,0.863,1.373,0.888,1.155,-1.594,-0.042,0.032,-0.012,0.84,4.70,-60.02,-0.0033,-0.0055,-0.0003,779.7715,758.3286,777.6037,756.9762
22,-7.410,0.053,3.40,0.863,1.373,0.886,1.157,-1.594,-0.043,0.033,-0.012,0.84,4.69,-60.02,-0.0005,-0.0063,0.0008,779.7518,758.1327,777.7798,756.6212
22,-7.429,0.029,3.45,0.863,1.373,0.884,1.158,-1.594,-0.044,0.034,-0.012,0.84,4.67,-60.02,0.0012,-0.0059,0.0002,779.5125,758.1513,777.8611,756.2816
22,-7.446,0.007,3.50,0.863,1.373,0.881,1.160,-1.594,-0.046,0.034,-0.012,0.85,4.66,-60.02,0.0050,-0.0067,0.0002,779.6272,757.8248,777.7833,756.0728
22,-7.460,-0.012,3.55,0.863,1.373,0.879,1.161,-1.594,-0.047,0.034,-0.013,0.86,4.64,-60.02,0.0081,-0.0059,0.0002,779.3145,757.8639,777.8592,755.9376
22,-7.473,-0.029,3.60,0.863,1.373,0.875,1.162,-1.595,-0.051,0.033,-0.012,0.89,4.62,-60.02,0.0102,-0.0062,0.0012,779.4184,757.6859,778.1779,755.5182
22,-7.483,-0.043,3.65,0.863,1.373,0.873,1.163,-1.595,-0.052,0.032,-0.013,0.93,4.61,-60.02,0.0136,-0.0047,0.0013,778.9852,757.9530,777.8624,755.6843
22,-7.491,-0.054,3.70,0.863,1.373,0.869,1.164,-1.595,-0.055,0.030,-0.012,0.97,4.60,-60.02,0.0166,-0.0035,-0.0000,778.9420,757.8093,777.5658,755.7905
22,-7.496,-0.063,3.75,0.863,1.373,0.866,1.165,-1.595,-0.056,0.030,-0.012,1.02,4.59,-60.02,0.0179,-0.0048,0.0009,779.1601,757.4865,777.9729,755.1384
22,-7.500,-0.069,3.80,0.863,1.373,0.861,1.167,-1.596,-0.058,0.028,-0.012,1.07,4.58,-60.02,0.0201,-0.0030,-0.0007,778.7875,757.8550,777.5018,755.4360
22,-7.501,-0.072,3.85,0.863,1.373,0.858,1.167,-1.597,-0.059,0.027,-0.012,1.12,4.57,-60.02,0.0193,-0.0036,0.0002,778.5509,757.6767,777.7441,754.8346
22,-7.499,-0.072,3.90,0.863,1.373,0.853,1.169,-1.598,-0.061,0.025,-0.012,1.18,4.56,-60.02,0.0228,-0.0023,-0.0005,778.5892,757.3910,777.2878,755.0486
22,-7.496,-0.070,3.95,0.863,1.373,0.850,1.169,-1.598,-0.061,0.025,-0.011,1.24,4.55,-60.02,0.0222,-0.0023,-0.0002,778.2751,757.4847,777.2236,754.8403
22,-7.490,-0.065,4.00,0.863,1.373,0.772,1.180,-1.611,-0.010,0.020,0.003,2.14,4.62,-60.03,0.0015,0.0013,0.0003,778.5578,758.0835,778.6050,753.4189
22,-7.482,-0.057,4.05,0.863,1.373,0.772,1.180,-1.611,-0.010,0.020,0.003,2.14,4.62,-60.03,0.0015,0.0013,0.0003,778.5578,758.0835,778.6050,753.4189
22,-7.472,-0.047,4.10,0.863,1.373,0.771,1.181,-1.610,-0.001,0.023,0.004,2.17,4.63,-60.03,0.0237,0.0020,0.0009,779.6046,757.3064,777.9686,754.3424
22,-7.459,-0.034,4.15,0.863,1.373,0.770,1.182,-1.610,0.014,0.029,0.004,2.28,4.64,-60.03,0.0597,0.0084,0.0020,783.3261,753.7249,773.5707,759.1972
22,-7.444,-0.018,4.20,0.863,1.373,0.772,1.184,-1.610,0.052,0.050,0.005,2.55,4.70,-60.02,0.0890,0.0272,0.0019,785.7730,751.0842,768.0982,764.9615
22,-7.427,0.000,4.25,0.863,1.373,0.774,1.186,-1.610,0.076,0.067,0.006,2.76,4.78,-60.01,0.0844,0.0404,0.0021,786.5028,750.2332,762.1746,771.2446
22,-7.408,0.021,4.30,0.863,1.373,0.780,1.191,-1.610,0.129,0.117,0.009,2.97,4.95,-60.00,0.0405,0.0546,-0.0002,786.0885,751.2183,757.1569,776.9098
22,-7.387,0.045,4.35,0.863,1.373,0.787,1.197,-1.610,0.163,0.158,0.012,3.00,5.07,-59.99,-0.0087,0.0544,-0.0006,784.5836,754.2797,752.8467,782.6553
22,-7.363,0.071,4.40,0.863,1.373,0.800,1.210,-1.609,0.215,0.237,0.016,2.81,5.23,-59.98,-0.0933,0.0374,-0.0004,782.9250,757.9449,750.8021,786.4554
22,-7.338,0.100,4.45,0.863,1.373,0.808,1.218,-1.608,0.237,0.283,0.018,2.51,5.28,-59.98,-0.1530,0.0152,-0.0017,780.0710,763.0844,750.0556,789.3952
22,-7.310,0.131,4.50,0.863,1.373,0.827,1.241,-1.606,0.271,0.380,0.021,1.82,5.25,-59.98,-0.2371,-0.0274,-0.0016,777.5443,767.8792,750.8560,790.8701
22,-7.280,0.164,4.55,0.863,1.373,0.839,1.258,-1.605,0.284,0.443,0.021,1.21,5.14,-59.99,-0.2845,-0.0618,-0.0013,773.9527,773.5168,751.7661,792.5955
22,-7.248,0.200,4.60,0.863,1.373,0.861,1.293,-1.603,0.288,0.544,0.020,0.14,4.82,-59.99,-0.3315,-0.1179,-0.0031,770.4814,778.0692,753.7865,792.6393
22,-7.215,0.239,4.65,0.863,1.373,0.871,1.312,-1.602,0.281,0.592,0.018,-0.65,4.49,-59.99,-0.3508,-0.1560,-0.0048,767.4617,781.4884,757.3644,790.9346
22,-7.179,0.280,4.70,0.863,1.373,0.891,1.357,-1.601,0.253,0.681,0.014,-1.87,3.85,-59.98,-0.3590,-0.2106,-0.0060,764.1158,784.4965,759.9761,789.7500
22,-7.141,0.323,4.75,0.863,1.373,0.902,1.388,-1.600,0.225,0.729,0.011,-2.67,3.32,-59.97,-0.3495,-0.2450,-0.0074,760.2272,787.1456,762.8937,788.0129
22,-7.102,0.368,4.80,0.863,1.373,0.917,1.442,-1.599,0.165,0.793,0.005,-3.80,2.39,-59.93,-0.3155,-0.2902,-0.0109,757.2010,788.7090,765.7544,785.7911
22,-7.061,0.416,4.85,0.863,1.373,0.922,1.470,-1.599,0.129,0.817,0.002,-4.48,1.69,-59.89,-0.2844,-0.3115,-0.0125,755.6777,788.4482,769.5291,782.3367
22,-7.018,0.465,4.90,0.863,1.373,0.929,1.528,-1.599,0.047,0.849,-0.002,-5.34,0.58,-59.82,-0.2241,-0.3339,-0.0174,754.2350,788.4943,772.4311,779.3978
22,-6.973,0.517,4.95,0.863,1.373,0.929,1.565,-1.599,-0.009,0.857,-0.005,-5.79,-0.20,-59.77,-0.1794,-0.3436,-0.0202,752.4576,789.0979,774.8056,776.6516
22,-6.927,0.571,5.00,0.863,1.373,0.300,1.770,-1.623,-0.426,-0.540,0.002,7.49,-5.24,-60.09,0.1661,0.2128,-0.0079,769.1899,771.7581,784.4352,755.3061
22,-6.879,0.626,5.05,0.863,1.373,0.300,1.770,-1.623,-0.426,-0.540,0.002,7.49,-5.24,-60.09,0.1661,0.2128,-0.0079,769.1899,771.7581,784.4352,755.3061
22,-6.829,0.684,5.10,0.863,1.373,0.288,1.750,-1.624,-0.392,-0.567,0.003,7.89,-4.62,-60.01,0.1317,0.2428,-0.0102,763.8981,774.9347,782.6917,758.3663
22,-6.779,0.743,5.15,0.863,1.373,0.264,1.702,-1.625,-0.326,-0.606,0.002,8.18,-3.91,-59.91,0.0941,0.2732,-0.0106,757.6266,778.7942,779.8330,761.4473
22,-6.726,0.804,5.20,0.863,1.373,0.255,1.680,-1.625,-0.301,-0.611,0.000,8.41,-3.08,-59.80,0.0688,0.2834,-0.0133,751.5369,782.4304,775.2834,765.1229
22,-6.673,0.867,5.25,0.863,1.373,0.239,1.637,-1.626,-0.256,-0.601,-0.001,8.58,-2.32,-59.71,0.0612,0.2691,-0.0150,747.8381,784.4819,770.4859,768.5770
22,-6.618,0.931,5.30,0.863,1.373,0.232,1.617,-1.627,-0.236,-0.585,-0.001,8.76,-1.59,-59.63,0.0611,0.2318,-0.0165,746.1030,785.5186,765.3862,771.8494
22,-6.562,0.997,5.35,0.863,1.373,0.219,1.574,-1.628,-0.190,-0.526,0.002,8.93,-1.03,-59.58,0.0632,0.1856,-0.0186,746.4843,785.6725,760.9629,774.6708
22,-6.504,1.064,5.40,0.863,1.373,0.214,1.557,-1.629,-0.169,-0.491,0.004,9.12,-0.57,-59.56,0.0609,0.1278,-0.0197,748.5351,785.3265,757.3115,777.0133
22,-6.446,1.133,5.45,0.863,1.373,0.205,1.529,-1.629,-0.122,-0.407,0.011,9.28,-0.31,-59.57,0.0511,0.0737,-0.0200,751.6666,784.8680,754.1887,779.2559
22,-6.387,1.202,5.50,0.863,1.373,0.202,1.517,-1.629,-0.095,-0.360,0.016,9.40,-0.17,-59.61,0.0320,0.0197,-0.0198,755.9045,784.5111,751.0172,782.4177
22,-6.326,1.273,5.55,0.863,1.373,0.199,1.499,-1.628,-0.026,-0.243,0.027,9.44,-0.19,-59.66,0.0028,-0.0287,-0.0184,760.2969,783.7617,749.9159,784.0576
22,-6.265,1.345,5.60,0.863,1.373,0.199,1.495,-1.628,0.010,-0.189,0.031,9.39,-0.33,-59.72,-0.0357,-0.0723,-0.0150,765.2864,782.4800,749.9630,785.0173
22,-6.203,1.418,5.65,0.863,1.373,0.203,1.491,-1.626,0.090,-0.081,0.040,9.22,-0.57,-59.79,-0.0790,-0.1027,-0.0125,769.2159,782.0872,749.8644,786.7520
22,-6.141,1.492,5.70,0.863,1.373,0.207,1.493,-1.625,0.134,-0.027,0.044,8.91,-0.91,-59.86,-0.1300,-0.1289,-0.0086,774.1127,780.6313,750.6957,788.4682
22,-6.077,1.567,5.75,0.863,1.373,0.224,1.503,-1.622,0.241,0.086,0.050,8.48,-1.27,-59.92,-0.1773,-0.1430,-0.0051,777.9501,779.0205,752.0394,789.5934
22,-6.013,1.643,5.80,0.863,1.373,0.234,1.510,-1.620,0.292,0.133,0.051,7.87,-1.69,-59.96,-0.2295,-0.1480,-0.0023,780.6884,777.6839,754.2699,790.0397
22,-5.949,1.719,5.85,0.863,1.373,0.261,1.529,-1.617,0.399,0.217,0.051,7.17,-2.09,-59.98,-0.2763,-0.1459,0.0005,782.9877,776.0911,756.4477,790.4763
22,-5.884,1.796,5.90,0.863,1.373,0.277,1.540,-1.615,0.452,0.254,0.050,6.27,-2.50,-59.99,-0.3225,-0.1334,0.0035,785.1230,774.2238,758.3688,791.4031
22,-5.819,1.873,5.95,0.863,1.373,0.321,1.569,-1.612,0.573,0.321,0.045,5.33,-2.84,-59.99,-0.3592,-0.1186,0.0050,786.4647,772.3008,760.8439,790.8126
22,-5.754,1.950,6.00,0.863,1.373,1.363,1.552,-1.617,0.583,-0.434,-0.010,-8.97,5.20,-60.55,0.1105,0.1717,0.0697,784.3940,759.3049,769.8923,763.5663
22,-5.688,2.028,6.05,0.863,1.373,1.363,1.552,-1.617,0.583,-0.434,-0.010,-8.97,5.20,-60.55,0.1105,0.1717,0.0697,784.3940,759.3049,769.8923,763.5663
22,-5.623,2.106,6.10,0.863,1.373,1.388,1.509,-1.617,0.486,-0.474,-0.006,-8.69,5.60,-60.45,0.1269,0.1615,0.0702,782.6997,758.1681,772.0867,764.4658
22,-5.557,2.184,6.15,0.863,1.373,1.396,1.490,-1.617,0.443,-0.489,-0.005,-8.22,6.15,-60.28,0.1477,0.1438,0.0682,781.3688,756.5526,773.7822,765.6390
22,-5.492,2.262,6.20,0.863,1.373,1.409,1.450,-1.617,0.357,-0.513,-0.003,-7.86,6.48,-60.17,0.1586,0.1321,0.0641,779.9521,754.9459,775.2682,767.2218
22,-5.426,2.340,6.25,0.863,1.373,1.413,1.431,-1.616,0.314,-0.522,-0.002,-7.28,6.92,-59.99,0.1727,0.1120,0.0592,778.9634,753.4889,777.0068,768.0167
22,-5.361,2.418,6.30,0.863,1.373,1.417,1.387,-1.616,0.221,-0.536,-0.000,-6.87,7.18,-59.88,0.1806,0.0981,0.0555,777.6536,752.2789,778.3915,768.8755
22,-5.296,2.495,6.35,0.863,1.373,1.416,1.368,-1.615,0.180,-0.539,0.000,-6.23,7.51,-59.75,0.1909,0.0799,0.0460,776.5970,751.3711,779.3608,769.7808
22,-5.232,2.572,6.40,0.863,1.373,1.411,1.330,-1.614,0.102,-0.541,0.002,-5.65,7.74,-59.65,0.1950,0.0684,0.0408,776.2475,750.3787,780.1858,770.3159
22,-5.168,2.649,6.45,0.863,1.373,1.406,1.312,-1.614,0.065,-0.540,0.002,-5.10,7.91,-59.59,0.1993,0.0490,0.0317,776.0195,749.8125,781.1332,770.2963
22,-5.104,2.725,6.50,0.863,1.373,1.392,1.272,-1.612,-0.015,-0.531,0.003,-4.64,8.02,-59.55,0.2009,0.0373,0.0245,775.5070,750.0007,781.4915,770.2875
22,-5.041,2.800,6.55,0.863,1.373,1.384,1.255,-1.612,-0.048,-0.524,0.003,-3.95,8.13,-59.52,0.1999,0.0210,0.0174,775.7381,750.0126,781.5688,769.8183
22,-4.979,2.875,6.60,0.863,1.373,1.366,1.222,-1.611,-0.110,-0.508,0.003,-3.50,8.17,-59.52,0.1982,0.0097,0.0108,776.1176,750.0100,780.9866,769.3853
22,-4.918,2.949,6.65,0.863,1.373,1.355,1.207,-1.611,-0.138,-0.498,0.003,-2.83,8.19,-59.55,0.1931,-0.0045,0.0036,776.5370,750.2749,780.3541,768.3821
22,-4.857,3.021,6.70,0.863,1.373,1.330,1.175,-1.611,-0.196,-0.473,0.003,-2.40,8.18,-59.58,0.1886,-0.0143,-0.0013,777.0576,750.7794,779.7800,766.8168
22,-4.797,3.093,6.75,0.863,1.373,1.317,1.162,-1.611,-0.219,-0.460,0.003,-1.77,8.12,-59.64,0.1812,-0.0255,-0.0066,777.7074,751.4864,778.7378,765.6918
22,-4.739,3.164,6.80,0.863,1.373,1.292,1.138,-1.611,-0.260,-0.432,0.003,-1.37,8.05,-59.69,0.1730,-0.0334,-0.0100,778.7578,752.1130,777.7909,764.1583
22,-4.681,3.233,6.85,0.863,1.373,1.279,1.127,-1.611,-0.277,-0.416,0.003,-0.81,7.93,-59.78,0.1618,-0.0429,-0.0120,779.5422,752.8386,776.6737,762.8400
22,-4.624,3.302,6.90,0.863,1.373,1.248,1.104,-1.611,-0.310,-0.381,0.003,-0.45,7.84,-59.84,0.1520,-0.0471,-0.0140,780.1720,753.7573,775.4424,761.4419
22,-4.569,3.368,6.95,0.863,1.373,1.234,1.095,-1.611,-0.322,-0.365,0.004,0.04,7.67,-59.94,0.1375,-0.0529,-0.0153,781.0453,754.4700,774.8369,759.8784
22,-4.515,3.434,7.00,0.863,1.373,0.901,1.086,-1.592,-0.188,0.037,-0.004,2.22,4.49,-60.16,-0.0275,-0.0192,0.0173,779.2832,757.4409,779.1942,756.5787
22,-4.462,3.498,7.05,0.863,1.373,0.901,1.086,-1.592,-0.188,0.037,-0.004,2.22,4.49,-60.16,-0.0275,-0.0192,0.0173,779.2832,757.4409,779.1942,756.5787
22,-4.411,3.560,7.10,0.863,1.373,0.896,1.093,-1.591,-0.173,0.043,-0.005,2.16,4.44,-60.13,-0.0260,-0.0180,0.0160,779.4391,756.6659,779.6842,756.2132
22,-4.361,3.621,7.15,0.863,1.373,0.894,1.096,-1.592,-0.165,0.045,-0.005,2.10,4.40,-60.10,-0.0216,-0.0120,0.0147,778.8400,756.6533,779.0478,757.0322
22,-4.313,3.680,7.20,0.863,1.373,0.891,1.103,-1.592,-0.148,0.050,-0.006,2.05,4.36,-60.07,-0.0169,-0.0095,0.0134,779.2404,755.8643,778.9290,757.1390
22,-4.266,3.737,7.25,0.863,1.373,0.889,1.108,-1.592,-0.138,0.053,-0.006,2.01,4.34,-60.04,-0.0162,-0.0054,0.0122,779.2048,755.5870,778.2682,757.8103
22,-4.221,3.792,7.30,0.863,1.373,0.887,1.114,-1.592,-0.120,0.058,-0.005,1.97,4.33,-60.02,-0.0164,-0.0032,0.0114,778.9048,755.7562,777.8606,758.3077
22,-4.177,3.845,7.35,0.863,1.373,0.886,1.117,-1.592,-0.112,0.061,-0.005,1.92,4.32,-60.00,-0.0186,0.0001,0.0088,779.2432,755.2779,777.7982,758.4180
22,-4.135,3.896,7.40,0.863,1.373,0.885,1.124,-1.593,-0.094,0.066,-0.005,1.87,4.32,-59.98,-0.0223,0.0002,0.0072,779.0940,755.2387,777.3304,758.6810
22,-4.095,3.945,7.45,0.863,1.373,0.885,1.127,-1.594,-0.083,0.069,-0.005,1.80,4.32,-59.96,-0.0268,0.0030,0.0066,779.0649,755.1891,776.9155,758.7506
22,-4.057,3.992,7.50,0.863,1.373,0.886,1.133,-1.594,-0.066,0.073,-0.004,1.73,4.33,-59.95,-0.0291,0.0033,0.0048,779.5447,754.7283,776.8290,758.6774
22,-4.021,4.037,7.55,0.863,1.373,0.887,1.136,-1.595,-0.058,0.076,-0.004,1.64,4.34,-59.94,-0.0320,0.0054,0.0031,779.5018,755.0100,776.4437,759.0046
22,-3.986,4.080,7.60,0.863,1.373,0.889,1.141,-1.595,-0.042,0.081,-0.003,1.56,4.35,-59.94,-0.0352,0.0070,0.0025,779.5346,755.2868,776.1434,759.3314
22,-3.954,4.120,7.65,0.863,1.373,0.891,1.145,-1.595,-0.032,0.084,-0.003,1.45,4.36,-59.94,-0.0376,0.0053,0.0015,780.0456,755.3285,776.2094,759.3013
22,-3.924,4.158,7.70,0.863,1.373,0.895,1.151,-1.595,-0.017,0.090,-0.002,1.35,4.38,-59.94,-0.0404,0.0072,0.0004,780.1585,755.7289,775.8906,759.7867
22,-3.895,4.193,7.75,0.863,1.373,0.897,1.154,-1.595,-0.010,0.092,-0.002,1.22,4.39,-59.94,-0.0428,0.0064,-0.0011,780.2786,756.1304,775.6395,760.0546
22,-3.869,4.227,7.80,0.863,1.373,0.903,1.161,-1.594,0.004,0.098,-0.002,1.11,4.41,-59.95,-0.0460,0.0047,-0.0010,780.4565,756.3679,775.3961,760.0365
22,-3.845,4.257,7.85,0.863,1.373,0.906,1.165,-1.594,0.011,0.101,-0.002,0.97,4.42,-59.96,-0.0476,0.0044,-0.0026,780.5312,756.6293,775.1388,760.0312
22,-3.823,4.285,7.90,0.863,1.373,0.912,1.172,-1.594,0.022,0.106,-0.003,0.84,4.43,-59.97,-0.0484,0.0032,-0.0018,781.0601,756.4369,774.9532,759.9391
22,-3.803,4.311,7.95,0.863,1.373,0.915,1.176,-1.595,0.027,0.108,-0.003,0.69,4.44,-59.97,-0.0493,0.0034,-0.0024,780.7015,756.9395,774.5555,760.1566
22,-3.785,4.334,8.00,0.863,1.373,1.005,1.278,-1.597,0.012,0.104,0.001,-1.12,4.29,-59.99,-0.0028,-0.0075,0.0017,781.7053,757.5424,773.8469,763.2540
22,-3.769,4.354,8.05,0.863,1.373,1.005,1.278,-1.597,0.012,0.104,0.001,-1.12,4.29,-59.99,-0.0028,-0.0075,0.0017,781.7053,757.5424,773.8469,763.2540
22,-3.756,4.372,8.10,0.863,1.373,1.006,1.283,-1.595,0.005,0.102,-0.001,-1.13,4.27,-59.98,-0.0020,-0.0091,0.0016,781.7864,757.4263,773.9704,763.3078
22,-3.745,4.387,8.15,0.863,1.373,1.006,1.285,-1.594,0.002,0.101,-0.001,-1.13,4.24,-59.98,0.0016,-0.0087,0.0016,781.8081,757.3860,773.4524,763.9001
22,-3.736,4.399,8.20,0.863,1.373,1.005,1.290,-1.593,-0.004,0.099,-0.003,-1.12,4.21,-59.97,0.0033,-0.0105,0.0009,781.9694,757.2415,773.6854,763.8640
22,-3.730,4.409,8.25,0.863,1.373,1.005,1.292,-1.592,-0.006,0.098,-0.004,-1.11,4.18,-59.97,0.0046,-0.0106,0.0001,782.2488,757.0800,773.5745,763.9624
22,-3.725,4.416,8.30,0.863,1.373,1.004,1.296,-1.591,-0.011,0.096,-0.005,-1.10,4.15,-59.97,0.0050,-0.0093,0.0005,782.0549,757.2452,773.2363,764.2742
22,-3.723,4.420,8.35,0.863,1.373,1.004,1.298,-1.591,-0.012,0.096,-0.006,-1.08,4.12,-59.97,0.0059,-0.0096,-0.0004,782.3476,756.9764,773.1110,764.4020
22,-3.724,4.422,8.40,0.863,1.373,1.002,1.302,-1.590,-0.016,0.094,-0.007,-1.07,4.10,-59.97,0.0052,-0.0097,-0.0003,782.3887,756.7070,772.8578,764.3696
22,-3.726,4.421,8.45,0.863,1.373,1.001,1.304,-1.589,-0.017,0.093,-0.008,-1.06,4.07,-59.97,0.0036,-0.0093,-0.0007,782.2198,756.8420,772.9279,764.0622
22,-3.731,4.417,8.50,0.863,1.373,0.999,1.308,-1.589,-0.019,0.092,-0.009,-1.05,4.04,-59.97,0.0045,-0.0090,-0.0016,782.2481,756.6429,772.1595,764.5638
22,-3.738,4.411,8.55,0.863,1.373,0.998,1.310,-1.588,-0.020,0.092,-0.010,-1.04,4.01,-59.97,0.0023,-0.0092,-0.0008,781.9949,756.7496,772.1161,764.3067
22,-3.747,4.401,8.60,0.863,1.373,0.996,1.315,-1.588,-0.022,0.091,-0.011,-1.04,3.99,-59.97,0.0007,-0.0089,-0.0008,781.7368,756.8054,771.7600,764.3453
22,-3.759,4.389,8.65,0.863,1.373,0.994,1.317,-1.588,-0.022,0.091,-0.011,-1.04,3.96,-59.98,0.0006,-0.0106,-0.0010,782.1310,756.3142,771.8005,764.0981
22,-3.773,4.375,8.70,0.863,1.373,0.992,1.320,-1.587,-0.023,0.090,-0.012,-1.04,3.93,-59.98,-0.0001,-0.0100,-0.0011,782.0690,756.4185,771.5311,764.2676
22,-3.789,4.358,8.75,0.863,1.373,0.990,1.322,-1.587,-0.023,0.089,-0.012,-1.04,3.90,-59.98,-0.0012,-0.0099,-0.0011,782.0925,756.4777,771.5145,764.2505
22,-3.807,4.338,8.80,0.863,1.373,0.987,1.326,-1.587,-0.023,0.088,-0.013,-1.05,3.87,-59.98,-0.0020,-0.0105,-0.0014,782.1982,756.4363,771.6311,763.9862
22,-3.828,4.315,8.85,0.863,1.373,0.986,1.328,-1.587,-0.023,0.087,-0.013,-1.05,3.84,-59.98,-0.0016,-0.0080,-0.0004,781.7668,756.6135,771.0056,764.5159
22,-3.850,4.290,8.90,0.863,1.373,0.983,1.331,-1.586,-0.023,0.086,-0.014,-1.06,3.82,-59.99,-0.0020,-0.0086,-0.0005,782.0551,756.2758,771.0319,764.4911
22,-3.875,4.263,8.95,0.863,1.373,0.981,1.333,-1.586,-0.022,0.085,-0.014,-1.07,3.79,-59.99,-0.0023,-0.0075,-0.0002,781.9520,756.3671,770.9957,764.5355
22,-3.902,4.232,9.00,0.863,1.373,0.955,1.366,-1.590,0.010,0.044,-0.015,-1.39,3.71,-60.00,-0.0088,0.0056,0.0001,781.5087,755.5734,769.4653,764.8459
22,-3.931,4.200,9.05,0.863,1.373,0.955,1.366,-1.590,0.010,0.044,-0.015,-1.39,3.71,-60.00,-0.0088,0.0056,0.0001,781.5087,755.5734,769.4653,764.8459
22,-3.962,4.165,9.10,0.863,1.373,0.956,1.367,-1.590,0.011,0.044,-0.015,-1.42,3.72,-60.00,-0.0098,0.0042,0.0001,781.3650,755.6256,769.2589,764.8734
22,-3.995,4.127,9.15,0.863,1.373,0.956,1.368,-1.591,0.011,0.043,-0.014,-1.44,3.73,-60.00,-0.0097,0.0026,0.0001,781.1343,755.7127,769.1876,764.8070
22,-4.029,4.088,9.20,0.863,1.373,0.957,1.369,-1.592,0.011,0.043,-0.014,-1.47,3.74,-60.00,-0.0095,0.0017,0.0005,781.3240,755.3674,769.2006,764.6552
22,-4.066,4.045,9.25,0.863,1.373,0.957,1.371,-1.593,0.011,0.042,-0.013,-1.50,3.74,-60.00,-0.0100,0.0008,0.0003,781.0199,755.5749,769.1378,764.7386
22,-4.105,4.001,9.30,0.863,1.373,0.957,1.372,-1.593,0.010,0.042,-0.013,-1.53,3.75,-60.00,-0.0085,0.0002,-0.0004,781.0843,755.4261,768.9851,764.7819
22,-4.145,3.954,9.35,0.863,1.373,0.958,1.375,-1.594,0.009,0.041,-0.012,-1.55,3.74,-60.00,-0.0078,-0.0017,0.0006,781.1146,755.2054,769.2518,764.4188
22,-4.188,3.906,9.40,0.863,1.373,0.958,1.376,-1.595,0.008,0.041,-0.011,-1.57,3.74,-59.99,-0.0082,-0.0024,0.0003,780.9769,755.2615,769.2003,764.4429
22,-4.231,3.855,9.45,0.863,1.373,0.958,1.379,-1.596,0.007,0.041,-0.010,-1.59,3.73,-59.99,-0.0070,-0.0053,0.0004,780.8593,755.3717,768.8954,764.7788
22,-4.277,3.802,9.50,0.863,1.373,0.958,1.381,-1.596,0.006,0.041,-0.009,-1.61,3.71,-59.99,-0.0056,-0.0058,-0.0008,781.1575,755.1939,769.3351,764.5270
22,-4.324,3.747,9.55,0.863,1.373,0.958,1.384,-1.597,0.004,0.041,-0.009,-1.63,3.70,-59.99,-0.0054,-0.0067,0.0008,780.8929,755.4910,769.0146,764.9208
22,-4.373,3.690,9.60,0.863,1.373,0.957,1.386,-1.597,0.003,0.040,-0.008,-1.64,3.68,-59.99,-0.0054,-0.0083,0.0003,781.0699,755.0609,768.9808,764.8510
22,-4.423,3.632,9.65,0.863,1.373,0.957,1.389,-1.598,0.002,0.039,-0.007,-1.66,3.66,-59.99,-0.0056,-0.0079,0.0002,780.9010,755.2949,768.8660,764.8995
22,-4.475,3.572,9.70,0.863,1.373,0.957,1.391,-1.599,0.001,0.039,-0.007,-1.67,3.64,-59.99,-0.0048,-0.0075,-0.0000,781.2500,755.0048,769.4377,764.4404
22,-4.528,3.510,9.75,0.863,1.373,0.957,1.394,-1.599,-0.000,0.037,-0.006,-1.68,3.62,-59.99,-0.0049,-0.0065,0.0005,780.9871,755.3499,769.3685,764.6372
22,-4.583,3.446,9.80,0.863,1.373,0.957,1.396,-1.599,-0.001,0.036,-0.005,-1.70,3.59,-59.98,-0.0042,-0.0071,-0.0002,781.1962,755.1934,769.4202,764.7273
22,-4.638,3.381,9.85,0.863,1.373,0.956,1.399,-1.600,-0.002,0.034,-0.005,-1.71,3.58,-59.98,-0.0033,-0.0062,-0.0003,781.2148,755.3674,769.5422,764.7075
22,-4.695,3.314,9.90,0.863,1.373,0.956,1.401,-1.600,-0.003,0.033,-0.004,-1.72,3.56,-59.98,-0.0035,-0.0072,0.0004,781.3760,755.2941,769.6526,764.7899
22,-4.753,3.246,9.95,0.863,1.373,0.956,1.403,-1.600,-0.004,0.030,-0.004,-1.73,3.54,-59.98,-0.0032,-0.0035,-0.0000,781.2407,755.6573,769.3223,765.2959
23,-2.218,-2.223,0.00,0.863,1.373,0.349,1.713,-1.621,-0.256,-0.291,0.015,4.33,-4.12,-60.17,0.0745,0.1048,0.0158,764.1426,773.7373,774.5557,765.9610
23,-2.351,-2.071,0.05,0.863,1.373,0.349,1.713,-1.621,-0.256,-0.291,0.015,4.33,-4.12,-60.17,0.0745,0.1048,0.0158,764.1426,773.7373,774.5557,765.9610
23,-2.480,-1.926,0.10,0.863,1.373,0.333,1.687,-1.620,-0.211,-0.317,0.015,4.52,-3.84,-60.10,0.0655,0.1069,0.0150,763.4532,773.4371,774.8519,766.6754
23,-2.602,-1.788,0.15,0.863,1.373,0.322,1.663,-1.619,-0.171,-0.336,0.015,4.72,-3.47,-60.02,0.0540,0.1086,0.0134,763.5034,772.6094,775.7786,766.6688
23,-2.717,-1.658,0.20,0.863,1.373,0.317,1.651,-1.619,-0.151,-0.344,0.015,4.83,-3.23,-59.97,0.0458,0.1093,0.0102,762.9366,772.5250,776.2168,767.4230
23,-2.825,-1.537,0.25,0.863,1.373,0.309,1.626,-1.617,-0.112,-0.356,0.015,4.97,-2.86,-59.90,0.0357,0.1096,0.0089,762.9213,772.1401,776.7798,767.6528
23,-2.925,-1.425,0.30,0.863,1.373,0.305,1.609,-1.616,-0.087,-0.362,0.014,5.04,-2.61,-59.86,0.0285,0.1098,0.0067,762.7356,772.1021,777.5558,767.7750
23,-3.017,-1.324,0.35,0.863,1.373,0.301,1.584,-1.614,-0.049,-0.367,0.013,5.12,-2.24,-59.80,0.0196,0.1072,0.0030,762.7552,771.9247,777.9996,767.8130
23,-3.098,-1.233,0.40,0.863,1.373,0.300,1.571,-1.614,-0.030,-0.369,0.013,5.15,-2.00,-59.77,0.0145,0.1058,0.0009,763.0081,771.8179,778.0228,768.1063
23,-3.170,-1.154,0.45,0.863,1.373,0.299,1.545,-1.612,0.005,-0.369,0.012,5.19,-1.64,-59.74,0.0064,0.1052,-0.0033,762.8815,772.3416,778.0660,768.2621
23,-3.232,-1.086,0.50,0.863,1.373,0.300,1.529,-1.611,0.027,-0.368,0.011,5.19,-1.41,-59.73,0.0015,0.1009,-0.0041,763.4185,772.1257,778.1361,767.8719
23,-3.283,-1.031,0.55,0.863,1.373,0.304,1.503,-1.609,0.061,-0.364,0.010,5.19,-1.07,-59.72,-0.0047,0.0976,-0.0075,763.6442,772.1521,778.0046,767.4717
23,-3.323,-0.989,0.60,0.863,1.373,0.306,1.491,-1.609,0.076,-0.360,0.009,5.17,-0.85,-59.72,-0.0096,0.0945,-0.0102,763.7626,772.4312,777.6940,767.1853
23,-3.352,-0.959,0.65,0.863,1.373,0.313,1.466,-1.607,0.107,-0.351,0.008,5.13,-0.57,-59.72,-0.0147,0.0911,-0.0123,764.0262,772.5236,777.3252,766.7432
23,-3.370,-0.942,0.70,0.863,1.373,0.318,1.451,-1.607,0.125,-0.344,0.007,5.08,-0.33,-59.74,-0.0204,0.0879,-0.0124,764.1696,772.8611,777.1671,766.0082
23,-3.376,-0.939,0.75,0.863,1.373,0.328,1.428,-1.606,0.151,-0.331,0.005,5.00,-0.04,-59.75,-0.0258,0.0834,-0.0146,764.5314,772.7092,776.8209,765.3517
23,-3.371,-0.949,0.80,0.863,1.373,0.333,1.417,-1.606,0.164,-0.324,0.005,4.94,0.15,-59.77,-0.0288,0.0784,-0.0146,764.6774,772.7847,776.3818,764.6733
23,-3.354,-0.972,0.85,0.863,1.373,0.345,1.396,-1.606,0.187,-0.308,0.004,4.83,0.41,-59.80,-0.0337,0.0734,-0.0156,764.4037,773.4136,775.6520,764.2827
23,-3.326,-1.008,0.90,0.863,1.373,0.354,1.384,-1.606,0.200,-0.297,0.004,4.75,0.58,-59.82,-0.0371,0.0693,-0.0163,764.8792,773.2397,775.0148,763.6641
23,-3.286,-1.056,0.95,0.863,1.373,0.368,1.366,-1.606,0.219,-0.278,0.003,4.62,0.80,-59.85,-0.0406,0.0618,-0.0160,765.1450,773.1818,775.1176,762.7190
23,-3.236,-1.118,1.00,0.863,1.373,0.641,1.243,-1.613,0.218,0.012,0.013,2.07,1.84,-60.06,-0.0191,-0.0044,0.0033,766.4208,771.7145,775.4106,760.9109
23,-3.175,-1.191,1.05,0.863,1.373,0.641,1.243,-1.613,0.218,0.012,0.013,2.07,1.84,-60.06,-0.0191,-0.0044,0.0033,766.4208,771.7145,775.4106,760.9109
23,-3.104,-1.276,1.10,0.863,1.373,0.655,1.243,-1.613,0.207,0.022,0.013,2.01,1.82,-60.05,-0.0179,-0.0046,0.0027,766.6409,771.5530,775.8068,760.8545
23,-3.022,-1.372,1.15,0.863,1.373,0.661,1.243,-1.613,0.202,0.026,0.013,1.96,1.80,-60.04,-0.0148,-0.0068,0.0026,766.7789,771.5350,775.7180,761.2563
23,-2.932,-1.478,1.20,0.863,1.373,0.672,1.244,-1.612,0.192,0.034,0.013,1.91,1.77,-60.03,-0.0131,-0.0095,0.0034,767.3693,771.2535,776.3298,761.4229
23,-2.833,-1.595,1.25,0.863,1.373,0.678,1.245,-1.611,0.187,0.037,0.013,1.88,1.75,-60.03,-0.0131,-0.0109,0.0035,767.3693,771.2535,776.3298,761.4229
23,-2.725,-1.720,1.30,0.863,1.373,0.690,1.247,-1.610,0.176,0.043,0.013,1.85,1.71,-60.02,-0.0097,-0.0108,0.0029,767.6534,771.4069,776.6626,761.8168
23,-2.610,-1.855,1.35,0.863,1.373,0.695,1.248,-1.609,0.171,0.046,0.012,1.82,1.68,-60.01,-0.0090,-0.0115,0.0029,768.1132,771.0603,777.0223,761.7600
23,-2.488,-1.996,1.40,0.863,1.373,0.704,1.250,-1.608,0.162,0.050,0.011,1.80,1.64,-60.00,-0.0077,-0.0115,0.0029,768.4094,770.7404,777.0942,762.0144
23,-2.360,-2.145,1.45,0.863,1.373,0.708,1.252,-1.608,0.158,0.052,0.011,1.78,1.62,-59.99,-0.0065,-0.0111,0.0036,768.4827,770.6007,777.4139,761.8306
23,-2.227,-2.299,1.50,0.863,1.373,0.718,1.255,-1.606,0.149,0.055,0.010,1.76,1.59,-59.99,-0.0060,-0.0097,0.0011,768.6333,770.5184,777.4904,762.0350
23,-2.089,-2.458,1.55,0.863,1.373,0.723,1.257,-1.606,0.145,0.056,0.009,1.74,1.56,-59.98,-0.0060,-0.0096,0.0018,768.8866,770.3843,777.6034,762.0345
23,-1.948,-2.621,1.60,0.863,1.373,0.731,1.260,-1.604,0.138,0.058,0.008,1.73,1.54,-59.98,-0.0066,-0.0087,0.0012,769.2152,770.2012,777.6835,762.0972
23,-1.804,-2.787,1.65,0.863,1.373,0.735,1.262,-1.604,0.135,0.059,0.007,1.71,1.52,-59.98,-0.0061,-0.0072,0.0013,769.4159,770.1393,777.9371,761.9774
23,-1.658,-2.954,1.70,0.863,1.373,0.744,1.267,-1.602,0.128,0.060,0.005,1.69,1.50,-59.98,-0.0079,-0.0068,0.0012,769.2167,770.4801,777.6669,762.3846
23,-1.510,-3.123,1.75,0.863,1.373,0.748,1.269,-1.602,0.125,0.060,0.005,1.67,1.48,-59.98,-0.0073,-0.0078,0.0012,769.5137,770.0529,777.9269,761.8589
23,-1.363,-3.291,1.80,0.863,1.373,0.756,1.273,-1.601,0.119,0.060,0.003,1.65,1.46,-59.98,-0.0072,-0.0054,0.0004,769.1437,770.1077,777.3674,762.0884
23,-1.217,-3.459,1.85,0.863,1.373,0.759,1.275,-1.601,0.116,0.060,0.002,1.63,1.44,-59.98,-0.0082,-0.0046,-0.0002,769.6110,769.3677,777.4376,761.5604
23,-1.072,-3.624,1.90,0.863,1.373,0.767,1.280,-1.601,0.110,0.058,0.001,1.60,1.43,-59.98,-0.0081,-0.0038,-0.0004,769.2503,769.2500,777.1730,761.1828
23,-0.930,-3.785,1.95,0.863,1.373,0.770,1.282,-1.602,0.107,0.057,0.001,1.58,1.42,-59.98,-0.0069,-0.0025,-0.0008,769.3235,768.9521,776.9678,760.9189
23,-0.792,-3.943,2.00,0.863,1.373,0.837,1.325,-1.605,0.036,0.007,0.003,1.58,1.56,-60.00,-0.0025,0.0059,-0.0009,770.7743,767.9864,776.5771,760.9117
23,-0.657,-4.095,2.05,0.863,1.373,0.837,1.325,-1.605,0.036,0.007,0.003,1.58,1.56,-60.00,-0.0025,0.0059,-0.0009,770.7743,767.9864,776.5771,760.9117
23,-0.528,-4.241,2.10,0.863,1.373,0.838,1.326,-1.605,0.035,0.006,0.003,1.57,1.58,-60.01,-0.0042,0.0065,-0.0007,770.6464,768.1528,776.3961,761.0560
23,-0.405,-4.381,2.15,0.863,1.373,0.841,1.327,-1.605,0.031,0.005,0.003,1.56,1.60,-60.01,-0.0083,0.0074,0.0003,770.2977,768.4918,776.7291,760.7819
23,-0.288,-4.512,2.20,0.863,1.373,0.843,1.328,-1.605,0.029,0.004,0.003,1.53,1.63,-60.01,-0.0114,0.0071,-0.0007,769.5297,769.3289,776.7330,760.8222
23,-0.179,-4.635,2.25,0.863,1.373,0.845,1.329,-1.604,0.022,0.004,0.002,1.50,1.65,-60.01,-0.0109,0.0074,-0.0004,768.5571,770.2920,776.3655,761.1255
23,-0.078,-4.748,2.30,0.863,1.373,0.846,1.330,-1.604,0.017,0.004,0.002,1.47,1.66,-60.01,-0.0100,0.0030,0.0002,768.8690,769.8929,777.2029,760.1614
23,0.015,-4.851,2.35,0.863,1.373,0.847,1.332,-1.604,0.008,0.004,0.001,1.45,1.67,-60.01,-0.0059,-0.0002,0.0012,768.7894,770.0500,777.0051,760.3929
23,0.098,-4.943,2.40,0.863,1.373,0.848,1.332,-1.604,0.003,0.005,0.001,1.44,1.66,-60.01,-0.0019,-0.0027,0.0005,768.2124,770.5487,776.9108,760.3680
23,0.172,-5.025,2.45,0.863,1.373,0.848,1.334,-1.603,-0.010,0.006,0.000,1.44,1.65,-60.02,0.0021,-0.0048,-0.0003,767.7200,770.8983,776.6263,760.4543
23,0.235,-5.094,2.50,0.863,1.373,0.848,1.335,-1.603,-0.016,0.007,0.000,1.46,1.63,-60.01,0.0069,-0.0103,0.0006,767.5809,770.9269,776.7777,760.2992
23,0.288,-5.151,2.55,0.863,1.373,0.847,1.337,-1.603,-0.028,0.008,-0.000,1.48,1.60,-60.01,0.0107,-0.0127,0.0016,767.2703,771.0825,776.4799,760.4767
23,0.330,-5.195,2.60,0.863,1.373,0.846,1.338,-1.603,-0.035,0.009,-0.000,1.52,1.55,-60.02,0.0147,-0.0157,0.0005,767.0439,771.2723,776.8344,759.9148
23,0.360,-5.227,2.65,0.863,1.373,0.843,1.340,-1.604,-0.049,0.011,-0.000,1.57,1.51,-60.02,0.0190,-0.0178,-0.0001,766.6193,771.6923,776.5162,760.1426
23,0.380,-5.245,2.70,0.863,1.373,0.842,1.341,-1.604,-0.055,0.012,-0.000,1.63,1.45,-60.02,0.0230,-0.0215,0.0015,766.8155,771.5916,776.5321,760.1182
23,0.388,-5.251,2.75,0.863,1.373,0.837,1.344,-1.604,-0.068,0.014,-0.000,1.70,1.39,-60.02,0.0257,-0.0223,0.0012,766.2267,772.1619,776.0919,760.6137
23,0.384,-5.243,2.80,0.863,1.373,0.835,1.345,-1.604,-0.074,0.015,-0.001,1.78,1.32,-60.02,0.0279,-0.0263,0.0012,766.4464,771.9225,776.4633,760.2438
23,0.369,-5.222,2.85,0.863,1.373,0.828,1.348,-1.604,-0.088,0.019,-0.001,1.86,1.25,-60.02,0.0290,-0.0284,0.0008,766.1215,772.2656,776.3302,760.4326
23,0.343,-5.188,2.90,0.863,1.373,0.824,1.350,-1.604,-0.094,0.020,-0.001,1.96,1.16,-60.02,0.0332,-0.0311,0.0019,766.0118,772.4087,776.6417,760.1398
23,0.305,-5.141,2.95,0.863,1.373,0.816,1.353,-1.604,-0.104,0.023,-0.001,2.04,1.08,-60.02,0.0339,-0.0332,0.0026,765.7899,772.6520,776.2056,760.6179
23,0.256,-5.082,3.00,0.863,1.373,0.674,1.424,-1.609,-0.053,0.030,0.001,3.39,-0.78,-59.98,-0.0057,-0.0026,0.0015,762.7860,773.4252,775.2013,760.7302
23,0.197,-5.011,3.05,0.863,1.373,0.674,1.424,-1.609,-0.053,0.030,0.001,3.39,-0.78,-59.98,-0.0057,-0.0026,0.0015,762.7860,773.4252,775.2013,760.7302
23,0.127,-4.928,3.10,0.863,1.373,0.672,1.426,-1.610,-0.044,0.028,0.001,3.37,-0.79,-59.98,-0.0076,-0.0004,0.0006,762.4566,773.4708,774.9049,760.8694
23,0.047,-4.833,3.15,0.863,1.373,0.671,1.427,-1.611,-0.039,0.026,0.002,3.35,-0.79,-59.98,-0.0082,-0.0001,0.0004,762.0701,773.7156,774.8861,760.6107
23,-0.042,-4.728,3.20,0.863,1.373,0.670,1.429,-1.612,-0.033,0.025,0.003,3.33,-0.79,-59.97,-0.0101,0.0007,0.0001,761.6807,774.1705,774.8102,760.7379
23,-0.140,-4.613,3.25,0.863,1.373,0.669,1.430,-1.612,-0.030,0.024,0.004,3.30,-0.79,-59.97,-0.0101,-0.0002,0.0000,761.5400,774.5161,774.5518,761.0375
23,-0.246,-4.489,3.30,0.863,1.373,0.668,1.432,-1.612,-0.024,0.023,0.005,3.27,-0.79,-59.97,-0.0100,-0.0015,-0.0006,761.8229,774.5177,775.0811,760.7766
23,-0.360,-4.356,3.35,0.863,1.373,0.667,1.433,-1.612,-0.022,0.022,0.005,3.24,-0.79,-59.97,-0.0084,-0.0013,-0.0015,761.7040,774.9393,775.0909,760.8878
23,-0.481,-4.216,3.40,0.863,1.373,0.666,1.434,-1.612,-0.018,0.021,0.005,3.22,-0.80,-59.98,-0.0065,-0.0026,-0.0006,761.3716,775.4646,775.0888,760.9286
23,-0.608,-4.068,3.45,0.863,1.373,0.666,1.435,-1.612,-0.016,0.020,0.005,3.21,-0.81,-59.98,-0.0055,-0.0027,-0.0010,761.5376,775.5725,774.8108,761.1641
23,-0.741,-3.915,3.50,0.863,1.373,0.666,1.436,-1.612,-0.013,0.020,0.006,3.20,-0.82,-59.98,-0.0039,-0.0034,-0.0007,761.5342,775.8260,775.1097,760.9539
23,-0.878,-3.757,3.55,0.863,1.373,0.666,1.437,-1.612,-0.012,0.019,0.006,3.19,-0.83,-59.99,-0.0021,-0.0035,-0.0014,761.3419,776.1617,774.8142,761.2112
23,-1.019,-3.594,3.60,0.863,1.373,0.666,1.438,-1.612,-0.010,0.019,0.006,3.19,-0.84,-59.99,-0.0015,-0.0055,-0.0005,761.5112,776.2590,774.8438,761.2171
23,-1.162,-3.429,3.65,0.863,1.373,0.667,1.439,-1.612,-0.009,0.019,0.006,3.18,-0.85,-59.99,-0.0006,-0.0054,-0.0022,761.5212,776.4908,774.8462,761.3126
23,-1.308,-3.261,3.70,0.863,1.373,0.667,1.440,-1.611,-0.008,0.019,0.006,3.18,-0.87,-60.00,0.0002,-0.0059,-0.0003,761.5567,776.6738,774.7461,761.4938
23,-1.455,-3.093,3.75,0.863,1.373,0.668,1.440,-1.611,-0.007,0.018,0.006,3.18,-0.89,-60.00,-0.0013,-0.0057,-0.0010,761.3776,777.0206,774.9852,761.4794
23,-1.602,-2.924,3.80,0.863,1.373,0.668,1.442,-1.610,-0.006,0.018,0.006,3.18,-0.91,-60.00,0.0005,-0.0067,-0.0013,761.7712,776.7147,775.2448,761.2310
23,-1.749,-2.757,3.85,0.863,1.373,0.668,1.442,-1.610,-0.005,0.018,0.005,3.19,-0.93,-60.00,0.0001,-0.0072,-0.0001,761.3992,777.1359,774.9454,761.5242
23,-1.894,-2.591,3.90,0.863,1.373,0.669,1.443,-1.610,-0.005,0.018,0.005,3.19,-0.95,-60.00,0.0006,-0.0071,0.0002,761.0369,777.4528,774.5425,761.8026
23,-2.036,-2.429,3.95,0.863,1.373,0.669,1.443,-1.610,-0.005,0.018,0.005,3.19,-0.97,-60.01,0.0021,-0.0077,-0.0008,760.8754,777.5685,774.6814,761.5765
23,-2.176,-2.271,4.00,0.863,1.373,0.668,1.461,-1.608,0.016,0.011,0.003,3.42,-1.59,-60.01,-0.0017,-0.0014,0.0004,760.0045,778.1500,774.5649,761.8436
23,-2.311,-2.117,4.05,0.863,1.373,0.668,1.461,-1.608,0.016,0.011,0.003,3.42,-1.59,-60.01,-0.0017,-0.0014,0.0004,760.0045,778.1500,774.5649,761.8436
23,-2.441,-1.970,4.10,0.863,1.373,0.669,1.461,-1.608,0.018,0.010,0.003,3.42,-1.59,-60.00,-0.0018,-0.0008,-0.0005,760.0045,778.1500,774.5649,761.8436
23,-2.565,-1.830,4.15,0.863,1.373,0.671,1.459,-1.607,0.022,0.006,0.003,3.41,-1.60,-60.00,0.0006,-0.0022,0.0010,760.8746,777.1487,775.0907,761.4104
23,-2.683,-1.697,4.20,0.863,1.373,0.673,1.458,-1.607,0.024,0.003,0.003,3.41,-1.60,-60.00,0.0004,-0.0016,0.0005,760.8746,777.1487,775.0907,761.4104
23,-2.793,-1.573,4.25,0.863,1.373,0.675,1.457,-1.606,0.030,-0.003,0.002,3.42,-1.60,-60.00,0.0021,0.0024,-0.0003,761.6056,776.7481,775.8245,761.2388
23,-2.895,-1.458,4.30,0.863,1.373,0.677,1.456,-1.606,0.033,-0.006,0.002,3.42,-1.60,-60.00,0.0030,0.0035,0.0003,761.6056,776.7481,775.8245,761.2388
23,-2.989,-1.354,4.35,0.863,1.373,0.680,1.453,-1.604,0.040,-0.015,0.002,3.43,-1.57,-60.00,0.0027,0.0108,0.0006,762.5257,776.3261,776.2645,761.3867
23,-3.074,-1.260,4.40,0.863,1.373,0.681,1.452,-1.604,0.044,-0.019,0.002,3.44,-1.54,-60.00,0.0025,0.0133,-0.0007,762.5257,776.3261,776.2645,761.3867
23,-3.149,-1.177,4.45,0.863,1.373,0.685,1.449,-1.602,0.052,-0.027,0.001,3.45,-1.48,-59.99,0.0031,0.0203,-0.0005,763.1033,776.0546,776.3312,761.8003
23,-3.214,-1.106,4.50,0.863,1.373,0.687,1.447,-1.602,0.056,-0.032,0.001,3.45,-1.43,-59.99,0.0012,0.0223,-0.0004,763.1033,776.0546,776.3312,761.8003
23,-3.269,-1.047,4.55,0.863,1.373,0.692,1.443,-1.601,0.066,-0.041,-0.000,3.45,-1.34,-59.99,-0.0006,0.0258,-0.0007,764.0244,775.1714,777.0728,761.4682
23,-3.312,-1.000,4.60,0.863,1.373,0.694,1.441,-1.600,0.070,-0.045,-0.001,3.44,-1.28,-59.99,-0.0019,0.0313,-0.0005,764.0244,775.1714,777.0728,761.4682
23,-3.345,-0.967,4.65,0.863,1.373,0.700,1.437,-1.599,0.079,-0.052,-0.002,3.43,-1.17,-59.98,-0.0044,0.0324,-0.0016,763.9590,774.8837,776.8020,761.4400
23,-3.366,-0.946,4.70,0.863,1.373,0.703,1.435,-1.599,0.084,-0.056,-0.002,3.42,-1.09,-59.98,-0.0059,0.0349,-0.0015,763.9590,774.8837,776.8020,761.4400
23,-3.376,-0.939,4.75,0.863,1.373,0.710,1.429,-1.598,0.095,-0.063,-0.003,3.39,-0.96,-59.98,-0.0088,0.0387,-0.0019,764.2738,774.3686,776.4456,761.4568
23,-3.374,-0.944,4.80,0.863,1.373,0.714,1.426,-1.598,0.099,-0.066,-0.003,3.37,-0.87,-59.98,-0.0094,0.0402,-0.0023,764.2738,774.3686,776.4456,761.4568
23,-3.360,-0.963,4.85,0.863,1.373,0.722,1.421,-1.598,0.108,-0.072,-0.004,3.33,-0.73,-59.98,-0.0127,0.0422,-0.0031,764.2281,774.1806,776.0756,761.4204
23,-3.336,-0.995,4.90,0.863,1.373,0.726,1.418,-1.598,0.112,-0.074,-0.004,3.30,-0.64,-59.98,-0.0157,0.0427,-0.0014,764.2281,774.1806,776.0756,761.4204
23,-3.300,-1.040,4.95,0.863,1.373,0.736,1.412,-1.598,0.121,-0.079,-0.004,3.25,-0.49,-59.98,-0.0166,0.0437,-0.0028,764.3610,773.7653,775.9424,761.2137
23,-3.253,-1.097,5.00,0.863,1.373,0.882,1.325,-1.593,0.101,-0.036,-0.008,2.24,1.22,-60.00,-0.0094,0.0040,-0.0013,767.0701,772.4923,776.4119,761.6749
23,-3.195,-1.167,5.05,0.863,1.373,0.882,1.325,-1.593,0.101,-0.036,-0.008,2.24,1.22,-60.00,-0.0094,0.0040,-0.0013,767.0701,772.4923,776.4119,761.6749
23,-3.127,-1.248,5.10,0.863,1.373,0.885,1.324,-1.593,0.098,-0.032,-0.009,2.22,1.23,-60.00,-0.0085,0.0019,-0.0002,767.2031,772.2225,775.9584,761.8096
23,-3.048,-1.341,5.15,0.863,1.373,0.891,1.323,-1.593,0.092,-0.027,-0.009,2.19,1.23,-60.00,-0.0097,0.0022,-0.0005,767.0814,772.1626,776.2571,761.4546
23,-2.961,-1.444,5.20,0.863,1.373,0.894,1.322,-1.593,0.089,-0.024,-0.010,2.17,1.23,-60.00,-0.0094,-0.0000,-0.0004,766.8948,772.1893,775.9700,761.5684
23,-2.864,-1.558,5.25,0.863,1.373,0.898,1.322,-1.592,0.083,-0.018,-0.010,2.14,1.23,-60.00,-0.0084,-0.0016,0.0001,767.2620,771.6809,775.9551,761.5322
23,-2.759,-1.681,5.30,0.863,1.373,0.901,1.322,-1.592,0.079,-0.015,-0.010,2.12,1.23,-60.00,-0.0079,-0.0031,-0.0003,766.9770,771.9376,775.8617,761.6307
23,-2.646,-1.812,5.35,0.863,1.373,0.905,1.322,-1.592,0.072,-0.010,-0.010,2.09,1.22,-60.00,-0.0085,-0.0040,0.0005,766.9647,772.0003,776.1384,761.4387
23,-2.526,-1.952,5.40,0.863,1.373,0.906,1.322,-1.592,0.069,-0.007,-0.010,2.07,1.20,-60.00,-0.0062,-0.0058,0.0008,767.0273,771.8889,775.8715,761.7925
23,-2.400,-2.098,5.45,0.863,1.373,0.910,1.323,-1.591,0.062,-0.003,-0.011,2.05,1.18,-60.00,-0.0065,-0.0070,0.0003,767.4269,771.4905,776.2698,761.5143
23,-2.268,-2.251,5.50,0.863,1.373,0.911,1.324,-1.591,0.058,0.000,-0.011,2.03,1.16,-60.00,-0.0047,-0.0091,0.0002,767.3192,771.7730,776.4565,761.5219
23,-2.132,-2.408,5.55,0.863,1.373,0.914,1.326,-1.590,0.052,0.005,-0.011,2.02,1.14,-60.00,-0.0047,-0.0095,0.0001,767.3447,771.8563,776.2520,761.7701
23,-1.992,-2.570,5.60,0.863,1.373,0.915,1.327,-1.590,0.049,0.007,-0.012,2.01,1.11,-60.00,-0.0061,-0.0109,0.0019,767.2214,771.8887,776.1809,761.8767
23,-1.848,-2.735,5.65,0.863,1.373,0.918,1.329,-1.590,0.043,0.010,-0.012,1.99,1.08,-60.00,-0.0039,-0.0116,0.0009,767.3951,771.5383,776.1768,761.8161
23,-1.703,-2.903,5.70,0.863,1.373,0.919,1.330,-1.590,0.040,0.012,-0.013,1.98,1.05,-60.00,-0.0044,-0.0121,0.0012,767.0920,771.6204,775.9671,761.7973
23,-1.556,-3.071,5.75,0.863,1.373,0.921,1.332,-1.590,0.034,0.015,-0.013,1.97,1.02,-60.00,-0.0046,-0.0120,0.0008,766.9664,771.7166,776.0002,761.6906
23,-1.409,-3.240,5.80,0.863,1.373,0.922,1.332,-1.589,0.031,0.016,-0.013,1.96,0.98,-60.00,-0.0020,-0.0118,0.0001,767.3629,771.3481,776.1557,761.5762
23,-1.262,-3.407,5.85,0.863,1.373,0.923,1.334,-1.589,0.027,0.017,-0.014,1.96,0.95,-60.00,-0.0025,-0.0107,0.0013,767.3829,771.3729,776.3044,761.3483
23,-1.117,-3.573,5.90,0.863,1.373,0.924,1.335,-1.589,0.024,0.018,-0.014,1.95,0.93,-60.00,-0.0025,-0.0083,-0.0002,767.4993,771.2114,776.2216,761.5018
23,-0.974,-3.736,5.95,0.863,1.373,0.926,1.336,-1.589,0.020,0.018,-0.014,1.95,0.90,-60.00,-0.0013,-0.0072,0.0010,767.6665,771.0685,776.5439,761.1659
23,-0.834,-3.895,6.00,0.863,1.373,0.925,1.332,-1.589,-0.024,0.008,-0.017,2.16,0.92,-59.99,0.0021,-0.0007,-0.0001,767.6272,770.5001,775.6451,761.4352
23,-0.698,-4.049,6.05,0.863,1.373,0.925,1.332,-1.589,-0.024,0.008,-0.017,2.16,0.92,-59.99,0.0021,-0.0007,-0.0001,767.6272,770.5001,775.6451,761.4352
23,-0.567,-4.197,6.10,0.863,1.373,0.923,1.333,-1.589,-0.025,0.010,-0.016,2.17,0.92,-59.99,0.0014,-0.0006,-0.0005,767.2763,770.6772,775.3621,761.4806
23,-0.442,-4.339,6.15,0.863,1.373,0.922,1.333,-1.590,-0.026,0.011,-0.016,2.16,0.91,-60.00,-0.0019,-0.0026,-0.0007,766.9357,770.8364,775.2684,761.4681
23,-0.323,-4.472,6.20,0.863,1.373,0.920,1.334,-1.590,-0.029,0.013,-0.016,2.16,0.90,-60.00,-0.0020,-0.0034,-0.0002,766.7222,771.0170,775.3459,761.2147
23,-0.212,-4.598,6.25,0.863,1.373,0.919,1.335,-1.591,-0.030,0.013,-0.015,2.15,0.89,-60.00,-0.0027,-0.0037,0.0002,766.3542,771.3548,775.2239,761.2006
23,-0.108,-4.714,6.30,0.863,1.373,0.916,1.336,-1.592,-0.034,0.015,-0.015,2.15,0.88,-60.00,-0.0004,-0.0061,-0.0004,766.2936,771.2768,775.3558,760.8690
23,-0.013,-4.820,6.35,0.863,1.373,0.915,1.337,-1.592,-0.036,0.016,-0.015,2.15,0.86,-60.00,0.0001,-0.0073,-0.0003,765.7891,771.6947,775.2329,760.9154
23,0.073,-4.916,6.40,0.863,1.373,0.912,1.338,-1.592,-0.041,0.018,-0.014,2.16,0.83,-60.00,0.0018,-0.0098,0.0004,765.8018,771.8657,775.4379,760.8437
23,0.150,-5.001,6.45,0.863,1.373,0.910,1.339,-1.592,-0.043,0.019,-0.014,2.16,0.81,-60.00,0.0045,-0.0095,-0.0002,765.8578,771.9062,775.3532,761.0271
23,0.217,-5.074,6.50,0.863,1.373,0.907,1.341,-1.593,-0.048,0.022,-0.013,2.18,0.78,-60.00,0.0048,-0.0115,0.0009,765.5989,772.2375,775.5150,760.9352
23,0.273,-5.135,6.55,0.863,1.373,0.905,1.343,-1.593,-0.051,0.023,-0.013,2.20,0.74,-60.01,0.0071,-0.0134,0.0004,765.6725,772.1721,775.6989,760.8347
23,0.318,-5.183,6.60,0.863,1.373,0.902,1.345,-1.593,-0.056,0.025,-0.012,2.22,0.70,-60.01,0.0078,-0.0163,0.0008,765.5840,772.4738,775.6851,761.0387
23,0.352,-5.219,6.65,0.863,1.373,0.900,1.347,-1.593,-0.059,0.027,-0.012,2.24,0.65,-60.01,0.0100,-0.0171,0.0011,765.4464,772.7648,775.6855,761.1307
23,0.375,-5.241,6.70,0.863,1.373,0.895,1.350,-1.593,-0.064,0.029,-0.012,2.27,0.60,-60.01,0.0098,-0.0198,0.0004,765.3251,772.9709,775.4143,761.5635
23,0.386,-5.251,6.75,0.863,1.373,0.893,1.352,-1.593,-0.066,0.031,-0.012,2.30,0.54,-60.01,0.0115,-0.0203,0.0017,765.4189,773.0684,775.7628,761.2651
23,0.386,-5.247,6.80,0.863,1.373,0.888,1.355,-1.593,-0.070,0.033,-0.012,2.34,0.48,-60.01,0.0108,-0.0221,0.0008,765.4344,773.1531,775.6141,761.5679
23,0.375,-5.230,6.85,0.863,1.373,0.886,1.357,-1.593,-0.072,0.034,-0.012,2.37,0.42,-60.01,0.0133,-0.0210,0.0020,765.2354,773.3898,775.6764,761.4751
23,0.352,-5.200,6.90,0.863,1.373,0.881,1.362,-1.593,-0.075,0.037,-0.012,2.41,0.36,-60.01,0.0117,-0.0220,0.0004,765.1837,773.3133,775.9548,761.1537
23,0.318,-5.157,6.95,0.863,1.373,0.879,1.364,-1.593,-0.076,0.038,-0.012,2.44,0.29,-60.02,0.0112,-0.0233,0.0006,765.1937,773.3323,775.5919,761.4905
23,0.272,-5.102,7.00,0.863,1.373,0.796,1.411,-1.600,-0.051,0.014,-0.007,3.00,-0.65,-59.98,0.0076,-0.0022,-0.0004,763.0464,773.7758,775.0186,761.3114
23,0.216,-5.034,7.05,0.863,1.373,0.796,1.411,-1.600,-0.051,0.014,-0.007,3.00,-0.65,-59.98,0.0076,-0.0022,-0.0004,763.0464,773.7758,775.0186,761.3114
23,0.149,-4.954,7.10,0.863,1.373,0.793,1.410,-1.601,-0.046,0.011,-0.006,3.02,-0.66,-59.98,0.0058,0.0006,0.0001,763.1225,773.8821,775.2098,761.1328
23,0.073,-4.863,7.15,0.863,1.373,0.792,1.410,-1.601,-0.044,0.010,-0.006,3.04,-0.65,-59.98,0.0033,0.0016,-0.0009,762.8344,774.0837,774.9725,761.2668
23,-0.014,-4.762,7.20,0.863,1.373,0.790,1.410,-1.602,-0.040,0.008,-0.006,3.05,-0.65,-59.98,0.0024,0.0046,0.0001,762.3290,774.6033,774.7919,761.2814
23,-0.109,-4.650,7.25,0.863,1.373,0.789,1.409,-1.602,-0.038,0.007,-0.005,3.05,-0.64,-59.98,0.0005,0.0037,-0.0002,762.3517,774.6333,774.7999,761.2805
23,-0.213,-4.528,7.30,0.863,1.373,0.788,1.409,-1.602,-0.035,0.006,-0.005,3.05,-0.63,-59.98,-0.0003,0.0044,-0.0005,762.0820,774.9498,774.6887,761.4056
23,-0.324,-4.398,7.35,0.863,1.373,0.787,1.409,-1.602,-0.034,0.006,-0.005,3.05,-0.62,-59.98,-0.0006,0.0012,0.0005,761.8274,775.2759,774.7148,761.3701
23,-0.443,-4.260,7.40,0.863,1.373,0.786,1.408,-1.603,-0.032,0.006,-0.004,3.05,-0.61,-59.99,-0.0011,0.0017,-0.0010,761.4852,775.6781,774.4305,761.7177
23,-0.568,-4.114,7.45,0.863,1.373,0.786,1.408,-1.603,-0.032,0.007,-0.004,3.05,-0.61,-59.99,0.0000,0.0007,-0.0006,761.4285,775.8038,774.4882,761.5327
23,-0.699,-3.963,7.50,0.863,1.373,0.784,1.408,-1.604,-0.031,0.008,-0.004,3.05,-0.61,-59.99,-0.0005,-0.0008,-0.0007,761.3359,775.8486,774.6465,761.1957
23,-0.835,-3.806,7.55,0.863,1.373,0.783,1.408,-1.604,-0.031,0.008,-0.004,3.05,-0.61,-59.99,0.0001,-0.0034,-0.0017,761.2076,776.0223,774.2186,761.5010
23,-0.975,-3.644,7.60,0.863,1.373,0.782,1.408,-1.605,-0.032,0.010,-0.003,3.05,-0.63,-59.99,0.0010,-0.0046,-0.0001,761.0571,776.1141,774.2217,761.2546
23,-1.118,-3.480,7.65,0.863,1.373,0.781,1.408,-1.605,-0.032,0.010,-0.003,3.06,-0.64,-60.00,0.0036,-0.0059,-0.0009,760.8456,776.3014,774.2437,761.1483
23,-1.263,-3.313,7.70,0.863,1.373,0.780,1.407,-1.606,-0.033,0.011,-0.002,3.07,-0.66,-60.00,0.0050,-0.0072,0.0001,761.0250,776.0721,774.3513,760.8794
23,-1.410,-3.145,7.75,0.863,1.373,0.779,1.407,-1.606,-0.034,0.012,-0.002,3.09,-0.69,-60.00,0.0052,-0.0084,0.0000,760.6021,776.4608,774.1339,761.0449
23,-1.557,-2.976,7.80,0.863,1.373,0.777,1.406,-1.607,-0.035,0.013,-0.001,3.10,-0.71,-60.01,0.0067,-0.0073,-0.0002,760.5391,776.6776,774.1823,761.0145
23,-1.704,-2.808,7.85,0.863,1.373,0.776,1.406,-1.607,-0.035,0.013,-0.001,3.12,-0.73,-60.01,0.0085,-0.0082,0.0005,760.9131,776.4687,774.2118,761.0612
23,-1.849,-2.642,7.90,0.863,1.373,0.774,1.405,-1.607,-0.036,0.014,-0.000,3.15,-0.75,-60.01,0.0083,-0.0081,0.0000,761.0302,776.3809,774.5148,760.8443
23,-1.993,-2.478,7.95,0.863,1.373,0.773,1.405,-1.607,-0.036,0.015,-0.000,3.17,-0.78,-60.01,0.0102,-0.0084,0.0001,760.7184,776.8359,774.4462,761.0307
23,-2.133,-2.319,8.00,0.863,1.373,0.719,1.421,-1.614,-0.009,0.030,0.004,3.63,-1.58,-60.01,0.0012,-0.0033,0.0027,758.9406,777.1958,773.3965,760.8539
23,-2.269,-2.164,8.05,0.863,1.373,0.719,1.421,-1.614,-0.009,0.030,0.004,3.63,-1.58,-60.01,0.0012,-0.0033,0.0027,758.9406,777.1958,773.3965,760.8539
23,-2.401,-2.015,8.10,0.863,1.373,0.719,1.422,-1.614,-0.006,0.029,0.005,3.63,-1.59,-60.01,-0.0002,-0.0022,0.0013,759.0442,777.0403,773.5555,760.8283
23,-2.527,-1.872,8.15,0.863,1.373,0.718,1.422,-1.614,-0.001,0.028,0.006,3.63,-1.60,-60.01,-0.0011,-0.0020,0.0011,758.8263,777.4435,773.7387,760.9034
23,-2.647,-1.737,8.20,0.863,1.373,0.718,1.423,-1.614,0.001,0.027,0.006,3.63,-1.61,-60.01,-0.0027,0.0003,0.0002,758.6234,777.8895,773.4417,761.4332
23,-2.760,-1.610,8.25,0.863,1.373,0.718,1.423,-1.614,0.006,0.026,0.007,3.62,-1.61,-60.01,-0.0034,0.0002,0.0012,759.0110,777.6567,773.7236,761.3377
23,-2.865,-1.493,8.30,0.863,1.373,0.718,1.423,-1.614,0.009,0.025,0.007,3.60,-1.61,-60.00,-0.0047,0.0009,0.0005,759.1141,777.4846,773.7649,761.3216
23,-2.961,-1.385,8.35,0.863,1.373,0.719,1.424,-1.614,0.013,0.023,0.008,3.60,-1.61,-60.00,-0.0034,0.0012,0.0008,758.9899,777.7363,773.6498,761.6091
23,-3.049,-1.287,8.40,0.863,1.373,0.719,1.424,-1.614,0.015,0.023,0.008,3.58,-1.60,-60.00,-0.0048,0.0013,0.0008,759.0749,777.8282,774.0630,761.2906
23,-3.127,-1.201,8.45,0.863,1.373,0.720,1.423,-1.614,0.019,0.021,0.008,3.57,-1.60,-60.00,-0.0038,0.0026,0.0004,759.1387,777.9637,773.7906,761.7183
23,-3.195,-1.126,8.50,0.863,1.373,0.721,1.423,-1.614,0.021,0.020,0.008,3.56,-1.59,-60.00,-0.0052,0.0031,-0.0008,759.1538,778.1453,774.0466,761.6182
23,-3.253,-1.064,8.55,0.863,1.373,0.722,1.423,-1.614,0.025,0.018,0.009,3.55,-1.58,-60.01,-0.0041,0.0037,-0.0006,759.2316,778.4135,774.0549,761.6774
23,-3.300,-1.013,8.60,0.863,1.373,0.723,1.423,-1.613,0.026,0.018,0.009,3.53,-1.57,-60.01,-0.0038,0.0047,-0.0006,759.2532,778.6345,774.0258,761.7281
23,-3.336,-0.976,8.65,0.863,1.373,0.726,1.422,-1.613,0.029,0.016,0.008,3.52,-1.56,-60.01,-0.0039,0.0046,0.0001,759.2510,778.7359,773.7690,762.0305
23,-3.361,-0.951,8.70,0.863,1.373,0.726,1.422,-1.613,0.031,0.015,0.008,3.50,-1.55,-60.01,-0.0043,0.0056,-0.0004,759.4108,778.6179,774.1308,761.7782
23,-3.374,-0.939,8.75,0.863,1.373,0.728,1.422,-1.613,0.032,0.014,0.008,3.49,-1.54,-60.01,-0.0039,0.0042,-0.0001,759.5665,778.4306,774.0345,761.7605
23,-3.376,-0.941,8.80,0.863,1.373,0.729,1.421,-1.613,0.033,0.014,0.008,3.48,-1.52,-60.01,-0.0034,0.0038,-0.0011,759.1534,778.6935,773.8616,761.7388
23,-3.366,-0.956,8.85,0.863,1.373,0.731,1.421,-1.613,0.035,0.013,0.008,3.47,-1.51,-60.01,-0.0037,0.0040,-0.0006,759.1249,778.7103,774.0350,761.4530
23,-3.345,-0.984,8.90,0.863,1.373,0.732,1.421,-1.613,0.035,0.013,0.008,3.46,-1.50,-60.01,-0.0028,0.0025,0.0009,759.0703,778.7653,773.6124,761.9467
23,-3.312,-1.025,8.95,0.863,1.373,0.734,1.421,-1.612,0.036,0.012,0.007,3.45,-1.50,-60.01,-0.0022,0.0023,-0.0002,759.1986,778.6954,774.0550,761.7104
23,-3.268,-1.078,9.00,0.863,1.373,0.743,1.426,-1.612,0.038,0.009,0.006,3.48,-1.66,-60.01,-0.0024,-0.0012,-0.0007,758.4955,778.7726,773.5737,761.4383
23,-3.214,-1.144,9.05,0.863,1.373,0.743,1.426,-1.612,0.038,0.009,0.006,3.48,-1.66,-60.01,-0.0024,-0.0012,-0.0007,758.4955,778.7726,773.5737,761.4383
23,-3.149,-1.222,9.10,0.863,1.373,0.744,1.427,-1.612,0.039,0.008,0.006,3.47,-1.67,-60.01,-0.0022,-0.0019,-0.0001,758.8073,778.7581,773.8413,761.5909
23,-3.074,-1.311,9.15,0.863,1.373,0.745,1.427,-1.611,0.040,0.008,0.007,3.47,-1.67,-60.01,-0.0023,-0.0019,0.0002,759.1318,778.7294,774.0934,761.7317
23,-2.989,-1.411,9.20,0.863,1.373,0.746,1.428,-1.611,0.041,0.007,0.007,3.46,-1.67,-60.00,-0.0025,-0.0019,-0.0004,759.3762,778.5927,774.2529,761.7557
23,-2.895,-1.522,9.25,0.863,1.373,0.749,1.429,-1.611,0.043,0.006,0.007,3.45,-1.68,-60.00,-0.0041,-0.0008,0.0003,759.1155,778.9412,774.2009,761.9891
23,-2.792,-1.642,9.30,0.863,1.373,0.750,1.429,-1.610,0.044,0.006,0.007,3.44,-1.68,-60.00,-0.0049,0.0001,0.0002,759.1947,779.0626,774.2214,761.9803
23,-2.682,-1.771,9.35,0.863,1.373,0.753,1.430,-1.609,0.046,0.005,0.006,3.42,-1.68,-60.00,-0.0069,-0.0007,0.0013,759.4844,778.9022,774.6595,761.7645
23,-2.564,-1.908,9.40,0.863,1.373,0.755,1.431,-1.609,0.047,0.005,0.006,3.40,-1.68,-60.00,-0.0079,0.0013,-0.0009,759.3524,779.1965,774.4218,762.1050
23,-2.440,-2.052,9.45,0.863,1.373,0.759,1.432,-1.608,0.049,0.004,0.005,3.38,-1.67,-60.00,-0.0079,0.0016,-0.0012,759.4786,779.1555,774.3467,762.1630
23,-2.310,-2.203,9.50,0.863,1.373,0.760,1.433,-1.608,0.049,0.004,0.005,3.35,-1.67,-60.00,-0.0098,0.0025,-0.0002,759.2236,779.4679,774.3127,762.1482
23,-2.174,-2.359,9.55,0.863,1.373,0.764,1.434,-1.607,0.050,0.003,0.004,3.33,-1.66,-60.00,-0.0088,0.0020,-0.0003,759.2773,779.3657,774.1609,762.1929
23,-2.035,-2.520,9.60,0.863,1.373,0.766,1.434,-1.607,0.051,0.003,0.004,3.30,-1.66,-60.00,-0.0098,0.0018,0.0001,759.2841,779.1770,774.3831,761.9432
23,-1.893,-2.684,9.65,0.863,1.373,0.770,1.435,-1.606,0.051,0.001,0.003,3.28,-1.65,-60.00,-0.0094,0.0021,0.0004,759.1962,779.1985,774.3958,762.0581
23,-1.748,-2.851,9.70,0.863,1.373,0.772,1.435,-1.605,0.051,0.001,0.003,3.25,-1.65,-60.00,-0.0095,0.0019,0.0009,759.3010,779.3730,774.6311,761.9708
23,-1.601,-3.019,9.75,0.863,1.373,0.776,1.436,-1.604,0.051,-0.001,0.002,3.23,-1.64,-60.00,-0.0075,0.0024,-0.0000,759.4564,779.4060,774.5321,762.2887
23,-1.454,-3.188,9.80,0.863,1.373,0.777,1.436,-1.604,0.051,-0.002,0.002,3.20,-1.63,-60.00,-0.0071,0.0033,-0.0008,759.2378,779.5834,774.4398,762.2786
23,-1.307,-3.356,9.85,0.863,1.373,0.781,1.436,-1.603,0.050,-0.003,0.001,3.18,-1.62,-60.00,-0.0065,0.0018,-0.0007,759.3875,779.3184,774.6635,761.8976
23,-1.161,-3.522,9.90,0.863,1.373,0.783,1.436,-1.603,0.049,-0.004,0.000,3.17,-1.61,-60.00,-0.0047,0.0028,-0.0014,759.2847,779.2819,774.2850,761.9451
23,-1.017,-3.686,9.95,0.863,1.373,0.786,1.437,-1.603,0.047,-0.006,-0.001,3.15,-1.61,-60.00,-0.0039,0.0022,-0.0006,759.1672,779.2004,774.2593,761.6727
