condition_idx,wind_vx_m_s,wind_vy_m_s,t_s,cmd_north_m,cmd_east_m,actual_north_m,actual_east_m,actual_down_m,vn_m_s,ve_m_s,vd_m_s,roll_deg,pitch_deg,yaw_deg
0,6.315,1.001,0.00,-11.466,155.685,-11.372,155.961,-1.478,-0.033,0.018,-0.015,1.60,4.27,92.21
0,6.315,1.001,0.05,-11.466,155.685,-11.373,155.961,-1.479,-0.035,0.016,-0.017,1.55,4.27,92.23
0,6.315,1.001,0.10,-11.466,155.685,-11.376,155.962,-1.482,-0.038,0.011,-0.019,1.50,4.27,92.25
0,6.315,1.001,0.15,-11.466,155.685,-11.377,155.963,-1.483,-0.039,0.009,-0.020,1.46,4.28,92.26
0,6.315,1.001,0.20,-11.466,155.685,-11.379,155.964,-1.485,-0.041,0.005,-0.021,1.42,4.28,92.28
0,6.315,1.001,0.25,-11.466,155.685,-11.380,155.964,-1.486,-0.042,0.003,-0.022,1.39,4.29,92.29
0,6.315,1.001,0.30,-11.466,155.685,-11.383,155.965,-1.488,-0.043,-0.002,-0.024,1.36,4.30,92.31
0,6.315,1.001,0.35,-11.466,155.685,-11.383,155.965,-1.489,-0.044,-0.004,-0.025,1.33,4.31,92.33
0,6.315,1.001,0.40,-11.466,155.685,-11.385,155.965,-1.491,-0.044,-0.007,-0.026,1.30,4.32,92.34
0,6.315,1.001,0.45,-11.466,155.685,-11.385,155.965,-1.492,-0.044,-0.009,-0.027,1.28,4.33,92.36
0,6.315,1.001,0.50,-11.466,155.685,-11.386,155.965,-1.494,-0.043,-0.013,-0.028,1.26,4.33,92.37
0,6.315,1.001,0.55,-11.466,155.685,-11.387,155.965,-1.494,-0.043,-0.015,-0.029,1.25,4.34,92.39
0,6.315,1.001,0.60,-11.466,155.685,-11.388,155.965,-1.496,-0.043,-0.018,-0.031,1.24,4.35,92.40
0,6.315,1.001,0.65,-11.466,155.685,-11.388,155.964,-1.496,-0.043,-0.020,-0.031,1.24,4.36,92.40
0,6.315,1.001,0.70,-11.466,155.685,-11.389,155.963,-1.497,-0.042,-0.024,-0.033,1.23,4.36,92.40
0,6.315,1.001,0.75,-11.466,155.685,-11.389,155.962,-1.498,-0.042,-0.026,-0.034,1.23,4.36,92.40
0,6.315,1.001,0.80,-11.466,155.685,-11.390,155.961,-1.499,-0.042,-0.029,-0.036,1.23,4.36,92.40
0,6.315,1.001,0.85,-11.466,155.685,-11.391,155.960,-1.500,-0.042,-0.031,-0.037,1.23,4.36,92.40
0,6.315,1.001,0.90,-11.466,155.685,-11.392,155.957,-1.502,-0.042,-0.035,-0.038,1.23,4.36,92.39
0,6.315,1.001,0.95,-11.466,155.685,-11.392,155.956,-1.502,-0.042,-0.037,-0.039,1.22,4.35,92.38
0,6.315,1.001,1.00,-11.466,155.685,-11.393,155.953,-1.503,-0.042,-0.040,-0.040,1.22,4.34,92.37
0,6.315,1.001,1.05,-11.466,155.685,-11.393,155.951,-1.504,-0.043,-0.042,-0.041,1.21,4.33,92.37
0,6.315,1.001,1.10,-11.466,155.685,-11.394,155.948,-1.506,-0.043,-0.045,-0.042,1.21,4.32,92.36
0,6.315,1.001,1.15,-11.466,155.685,-11.394,155.946,-1.507,-0.043,-0.047,-0.043,1.20,4.31,92.35
0,6.315,1.001,1.20,-11.466,155.685,-11.395,155.942,-1.508,-0.043,-0.050,-0.044,1.19,4.29,92.35
0,6.315,1.001,1.25,-11.466,155.685,-11.395,155.940,-1.509,-0.043,-0.051,-0.044,1.18,4.27,92.34
0,6.315,1.001,1.30,-11.466,155.685,-11.396,155.936,-1.511,-0.043,-0.053,-0.045,1.18,4.25,92.34
0,6.315,1.001,1.35,-11.466,155.685,-11.396,155.934,-1.512,-0.043,-0.054,-0.045,1.17,4.23,92.33
0,6.315,1.001,1.40,-11.466,155.685,-11.397,155.930,-1.513,-0.043,-0.056,-0.046,1.16,4.21,92.33
0,6.315,1.001,1.45,-11.466,155.685,-11.398,155.928,-1.514,-0.044,-0.056,-0.046,1.16,4.19,92.32
0,6.315,1.001,1.50,-11.466,155.685,-11.399,155.923,-1.516,-0.044,-0.056,-0.047,1.15,4.18,92.31
0,6.315,1.001,1.55,-11.466,155.685,-11.400,155.922,-1.517,-0.044,-0.056,-0.047,1.14,4.16,92.30
0,6.315,1.001,1.60,-11.466,155.685,-11.401,155.919,-1.519,-0.044,-0.055,-0.047,1.13,4.15,92.30
0,6.315,1.001,1.65,-11.466,155.685,-11.402,155.917,-1.520,-0.044,-0.055,-0.047,1.13,4.14,92.29
0,6.315,1.001,1.70,-11.466,155.685,-11.404,155.914,-1.523,-0.045,-0.054,-0.047,1.12,4.14,92.27
0,6.315,1.001,1.75,-11.466,155.685,-11.405,155.912,-1.525,-0.045,-0.053,-0.047,1.11,4.14,92.26
0,6.315,1.001,1.80,-11.466,155.685,-11.407,155.909,-1.527,-0.046,-0.052,-0.047,1.09,4.14,92.25
0,6.315,1.001,1.85,-11.466,155.685,-11.408,155.908,-1.529,-0.046,-0.052,-0.046,1.08,4.14,92.24
0,6.315,1.001,1.90,-11.466,155.685,-11.411,155.905,-1.532,-0.046,-0.050,-0.046,1.06,4.15,92.24
0,6.315,1.001,1.95,-11.466,155.685,-11.412,155.903,-1.534,-0.045,-0.050,-0.045,1.04,4.15,92.23
0,6.315,1.001,2.00,-11.466,155.685,-11.414,155.901,-1.536,-0.045,-0.049,-0.044,1.02,4.16,92.24
0,6.315,1.001,2.05,-11.466,155.685,-11.415,155.900,-1.537,-0.044,-0.049,-0.043,1.01,4.16,92.24
0,6.315,1.001,2.10,-11.466,155.685,-11.418,155.897,-1.540,-0.043,-0.048,-0.041,0.99,4.17,92.24
0,6.315,1.001,2.15,-11.466,155.685,-11.419,155.896,-1.541,-0.043,-0.047,-0.041,0.98,4.18,92.25
0,6.315,1.001,2.20,-11.466,155.685,-11.421,155.894,-1.544,-0.042,-0.046,-0.040,0.96,4.18,92.25
0,6.315,1.001,2.25,-11.466,155.685,-11.422,155.893,-1.545,-0.041,-0.045,-0.039,0.95,4.19,92.26
0,6.315,1.001,2.30,-11.466,155.685,-11.424,155.892,-1.548,-0.039,-0.044,-0.038,0.95,4.20,92.27
0,6.315,1.001,2.35,-11.466,155.685,-11.425,155.891,-1.550,-0.039,-0.043,-0.037,0.94,4.22,92.27
0,6.315,1.001,2.40,-11.466,155.685,-11.427,155.889,-1.553,-0.037,-0.043,-0.036,0.93,4.23,92.27
0,6.315,1.001,2.45,-11.466,155.685,-11.428,155.888,-1.555,-0.036,-0.043,-0.035,0.92,4.24,92.28
0,6.315,1.001,2.50,-11.466,155.685,-11.429,155.886,-1.559,-0.034,-0.042,-0.034,0.92,4.25,92.29
0,6.315,1.001,2.55,-11.466,155.685,-11.430,155.885,-1.560,-0.033,-0.042,-0.033,0.92,4.26,92.29
0,6.315,1.001,2.60,-11.466,155.685,-11.431,155.883,-1.564,-0.031,-0.043,-0.031,0.92,4.27,92.30
0,6.315,1.001,2.65,-11.466,155.685,-11.432,155.882,-1.566,-0.031,-0.043,-0.030,0.92,4.27,92.30
0,6.315,1.001,2.70,-11.466,155.685,-11.434,155.879,-1.571,-0.029,-0.044,-0.027,0.92,4.28,92.31
0,6.315,1.001,2.75,-11.466,155.685,-11.434,155.878,-1.573,-0.028,-0.044,-0.025,0.93,4.28,92.31
0,6.315,1.001,2.80,-11.466,155.685,-11.436,155.875,-1.577,-0.027,-0.044,-0.022,0.93,4.27,92.31
0,6.315,1.001,2.85,-11.466,155.685,-11.437,155.874,-1.578,-0.027,-0.044,-0.021,0.93,4.27,92.32
0,6.315,1.001,2.90,-11.466,155.685,-11.438,155.871,-1.582,-0.025,-0.044,-0.018,0.92,4.27,92.32
0,6.315,1.001,2.95,-11.466,155.685,-11.439,155.870,-1.584,-0.025,-0.044,-0.017,0.92,4.26,92.32
0,6.315,1.001,3.00,-11.466,155.685,-11.441,155.868,-1.587,-0.024,-0.044,-0.013,0.92,4.26,92.32
0,6.315,1.001,3.05,-11.466,155.685,-11.442,155.867,-1.588,-0.024,-0.044,-0.012,0.91,4.26,92.32
0,6.315,1.001,3.10,-11.466,155.685,-11.445,155.864,-1.590,-0.023,-0.044,-0.009,0.91,4.26,92.32
0,6.315,1.001,3.15,-11.466,155.685,-11.446,155.862,-1.591,-0.023,-0.044,-0.008,0.90,4.25,92.32
0,6.315,1.001,3.20,-11.466,155.685,-11.448,155.860,-1.592,-0.022,-0.044,-0.006,0.89,4.25,92.32
0,6.315,1.001,3.25,-11.466,155.685,-11.449,155.859,-1.592,-0.022,-0.043,-0.005,0.88,4.25,92.32
0,6.315,1.001,3.30,-11.466,155.685,-11.451,155.856,-1.593,-0.021,-0.043,-0.004,0.87,4.25,92.32
0,6.315,1.001,3.35,-11.466,155.685,-11.452,155.855,-1.593,-0.021,-0.043,-0.004,0.86,4.25,92.32
0,6.315,1.001,3.40,-11.466,155.685,-11.454,155.853,-1.594,-0.020,-0.042,-0.003,0.85,4.25,92.32
0,6.315,1.001,3.45,-11.466,155.685,-11.455,155.851,-1.594,-0.020,-0.042,-0.003,0.83,4.25,92.33
0,6.315,1.001,3.50,-11.466,155.685,-11.457,155.848,-1.594,-0.018,-0.042,-0.003,0.82,4.25,92.32
0,6.315,1.001,3.55,-11.466,155.685,-11.458,155.847,-1.594,-0.017,-0.042,-0.004,0.81,4.25,92.32
0,6.315,1.001,3.60,-11.466,155.685,-11.459,155.844,-1.595,-0.016,-0.042,-0.004,0.81,4.24,92.32
0,6.315,1.001,3.65,-11.466,155.685,-11.460,155.842,-1.595,-0.015,-0.042,-0.004,0.80,4.24,92.32
0,6.315,1.001,3.70,-11.466,155.685,-11.463,155.839,-1.596,-0.014,-0.042,-0.004,0.80,4.23,92.32
0,6.315,1.001,3.75,-11.466,155.685,-11.464,155.838,-1.596,-0.013,-0.042,-0.004,0.79,4.23,92.32
0,6.315,1.001,3.80,-11.466,155.685,-11.467,155.835,-1.596,-0.012,-0.042,-0.004,0.79,4.22,92.32
0,6.315,1.001,3.85,-11.466,155.685,-11.468,155.834,-1.596,-0.012,-0.042,-0.004,0.78,4.21,92.32
0,6.315,1.001,3.90,-11.466,155.685,-11.471,155.832,-1.596,-0.011,-0.041,-0.004,0.77,4.20,92.33
0,6.315,1.001,3.95,-11.466,155.685,-11.473,155.831,-1.596,-0.011,-0.040,-0.005,0.76,4.20,92.33
0,6.315,1.001,4.00,-11.466,155.685,-11.476,155.829,-1.596,-0.010,-0.039,-0.005,0.75,4.19,92.34
0,6.315,1.001,4.05,-11.466,155.685,-11.478,155.828,-1.596,-0.009,-0.038,-0.005,0.74,4.20,92.34
0,6.315,1.001,4.10,-11.466,155.685,-11.481,155.827,-1.596,-0.008,-0.037,-0.006,0.72,4.20,92.35
0,6.315,1.001,4.15,-11.466,155.685,-11.482,155.826,-1.596,-0.007,-0.037,-0.006,0.71,4.20,92.35
0,6.315,1.001,4.20,-11.466,155.685,-11.485,155.824,-1.596,-0.005,-0.036,-0.007,0.69,4.21,92.35
0,6.315,1.001,4.25,-11.466,155.685,-11.486,155.824,-1.596,-0.004,-0.036,-0.007,0.68,4.22,92.35
0,6.315,1.001,4.30,-11.466,155.685,-11.489,155.822,-1.596,-0.002,-0.035,-0.007,0.67,4.22,92.35
0,6.315,1.001,4.35,-11.466,155.685,-11.490,155.821,-1.596,-0.001,-0.035,-0.008,0.66,4.23,92.35
0,6.315,1.001,4.40,-11.466,155.685,-11.492,155.819,-1.597,0.001,-0.034,-0.008,0.65,4.23,92.35
0,6.315,1.001,4.45,-11.466,155.685,-11.493,155.818,-1.597,0.003,-0.034,-0.009,0.64,4.24,92.35
0,6.315,1.001,4.50,-11.466,155.685,-11.494,155.816,-1.597,0.006,-0.033,-0.009,0.64,4.24,92.35
0,6.315,1.001,4.55,-11.466,155.685,-11.494,155.816,-1.597,0.007,-0.033,-0.009,0.64,4.24,92.35
0,6.315,1.001,4.60,-11.466,155.685,-11.494,155.814,-1.598,0.011,-0.032,-0.010,0.64,4.25,92.35
0,6.315,1.001,4.65,-11.466,155.685,-11.494,155.813,-1.598,0.012,-0.032,-0.010,0.65,4.25,92.34
0,6.315,1.001,4.70,-11.466,155.685,-11.493,155.811,-1.599,0.016,-0.032,-0.010,0.66,4.25,92.34
0,6.315,1.001,4.75,-11.466,155.685,-11.493,155.810,-1.600,0.018,-0.032,-0.010,0.67,4.25,92.33
0,6.315,1.001,4.80,-11.466,155.685,-11.491,155.808,-1.601,0.021,-0.032,-0.010,0.69,4.25,92.32
0,6.315,1.001,4.85,-11.466,155.685,-11.490,155.807,-1.601,0.022,-0.032,-0.010,0.72,4.25,92.31
0,6.315,1.001,4.90,-11.466,155.685,-11.488,155.805,-1.602,0.025,-0.033,-0.010,0.74,4.24,92.31
0,6.315,1.001,4.95,-11.466,155.685,-11.487,155.803,-1.603,0.026,-0.033,-0.009,0.77,4.24,92.30
0,6.315,1.001,5.00,-11.466,155.685,-11.485,155.801,-1.604,0.029,-0.033,-0.009,0.80,4.23,92.29
0,6.315,1.001,5.05,-11.466,155.685,-11.484,155.800,-1.605,0.030,-0.033,-0.008,0.83,4.22,92.28
0,6.315,1.001,5.10,-11.466,155.685,-11.481,155.797,-1.606,0.031,-0.033,-0.008,0.86,4.21,92.27
0,6.315,1.001,5.15,-11.466,155.685,-11.480,155.795,-1.606,0.032,-0.033,-0.008,0.89,4.20,92.27
0,6.315,1.001,5.20,-11.466,155.685,-11.478,155.793,-1.607,0.032,-0.033,-0.007,0.92,4.19,92.26
0,6.315,1.001,5.25,-11.466,155.685,-11.476,155.792,-1.608,0.032,-0.033,-0.007,0.94,4.18,92.26
0,6.315,1.001,5.30,-11.466,155.685,-11.474,155.789,-1.609,0.032,-0.033,-0.006,0.97,4.17,92.26
0,6.315,1.001,5.35,-11.466,155.685,-11.473,155.788,-1.609,0.032,-0.032,-0.005,0.99,4.16,92.26
0,6.315,1.001,5.40,-11.466,155.685,-11.470,155.787,-1.610,0.032,-0.031,-0.004,1.01,4.15,92.27
0,6.315,1.001,5.45,-11.466,155.685,-11.469,155.786,-1.610,0.031,-0.030,-0.004,1.03,4.15,92.27
0,6.315,1.001,5.50,-11.466,155.685,-11.465,155.784,-1.611,0.031,-0.029,-0.003,1.05,4.14,92.28
0,6.315,1.001,5.55,-11.466,155.685,-11.464,155.784,-1.611,0.030,-0.028,-0.003,1.06,4.14,92.29
0,6.315,1.001,5.60,-11.466,155.685,-11.461,155.782,-1.612,0.029,-0.027,-0.003,1.08,4.14,92.30
0,6.315,1.001,5.65,-11.466,155.685,-11.459,155.782,-1.613,0.029,-0.027,-0.003,1.09,4.15,92.31
0,6.315,1.001,5.70,-11.466,155.685,-11.456,155.781,-1.613,0.027,-0.025,-0.002,1.11,4.15,92.31
0,6.315,1.001,5.75,-11.466,155.685,-11.454,155.780,-1.614,0.027,-0.025,-0.002,1.13,4.15,92.32
0,6.315,1.001,5.80,-11.466,155.685,-11.452,155.780,-1.615,0.025,-0.023,-0.002,1.14,4.16,92.33
0,6.315,1.001,5.85,-11.466,155.685,-11.451,155.780,-1.615,0.024,-0.022,-0.001,1.16,4.17,92.34
0,6.315,1.001,5.90,-11.466,155.685,-11.448,155.779,-1.615,0.021,-0.020,-0.001,1.17,4.17,92.36
0,6.315,1.001,5.95,-11.466,155.685,-11.448,155.779,-1.615,0.019,-0.020,-0.001,1.18,4.19,92.37
0,6.315,1.001,6.00,-11.466,155.685,-11.446,155.779,-1.615,0.016,-0.018,-0.001,1.19,4.20,92.38
0,6.315,1.001,6.05,-11.466,155.685,-11.446,155.779,-1.616,0.015,-0.018,-0.000,1.19,4.21,92.39
0,6.315,1.001,6.10,-11.466,155.685,-11.445,155.780,-1.616,0.011,-0.017,-0.000,1.19,4.23,92.40
0,6.315,1.001,6.15,-11.466,155.685,-11.445,155.780,-1.616,0.009,-0.016,0.000,1.19,4.24,92.41
0,6.315,1.001,6.20,-11.466,155.685,-11.445,155.780,-1.616,0.005,-0.016,0.000,1.18,4.26,92.41
0,6.315,1.001,6.25,-11.466,155.685,-11.446,155.780,-1.616,0.004,-0.015,0.000,1.16,4.27,92.42
0,6.315,1.001,6.30,-11.466,155.685,-11.446,155.780,-1.616,0.000,-0.015,0.000,1.15,4.29,92.42
0,6.315,1.001,6.35,-11.466,155.685,-11.446,155.780,-1.616,-0.001,-0.015,0.000,1.13,4.30,92.41
0,6.315,1.001,6.40,-11.466,155.685,-11.447,155.779,-1.615,-0.004,-0.016,0.000,1.11,4.32,92.41
0,6.315,1.001,6.45,-11.466,155.685,-11.448,155.779,-1.615,-0.005,-0.016,0.000,1.08,4.33,92.41
0,6.315,1.001,6.50,-11.466,155.685,-11.449,155.778,-1.615,-0.008,-0.017,0.000,1.06,4.33,92.40
0,6.315,1.001,6.55,-11.466,155.685,-11.450,155.778,-1.615,-0.009,-0.017,-0.000,1.04,4.34,92.39
0,6.315,1.001,6.60,-11.466,155.685,-11.451,155.777,-1.614,-0.010,-0.018,-0.000,1.02,4.34,92.38
0,6.315,1.001,6.65,-11.466,155.685,-11.452,155.776,-1.614,-0.011,-0.019,-0.000,0.99,4.34,92.37
0,6.315,1.001,6.70,-11.466,155.685,-11.454,155.775,-1.613,-0.012,-0.020,-0.001,0.97,4.34,92.36
0,6.315,1.001,6.75,-11.466,155.685,-11.454,155.774,-1.613,-0.012,-0.021,-0.001,0.95,4.34,92.35
0,6.315,1.001,6.80,-11.466,155.685,-11.456,155.772,-1.613,-0.012,-0.022,-0.002,0.94,4.33,92.34
0,6.315,1.001,6.85,-11.466,155.685,-11.456,155.771,-1.613,-0.012,-0.023,-0.002,0.92,4.32,92.33
0,6.315,1.001,6.90,-11.466,155.685,-11.458,155.768,-1.612,-0.012,-0.024,-0.003,0.91,4.31,92.32
0,6.315,1.001,6.95,-11.466,155.685,-11.458,155.766,-1.612,-0.012,-0.025,-0.003,0.90,4.30,92.32
0,6.315,1.001,7.00,-11.466,155.685,-11.459,155.763,-1.612,-0.011,-0.027,-0.004,0.89,4.29,92.31
0,6.315,1.001,7.05,-11.466,155.685,-11.459,155.761,-1.611,-0.011,-0.028,-0.004,0.88,4.26,92.31
0,6.315,1.001,7.10,-11.466,155.685,-11.460,155.757,-1.611,-0.010,-0.029,-0.004,0.87,4.24,92.30
0,6.315,1.001,7.15,-11.466,155.685,-11.460,155.755,-1.610,-0.009,-0.030,-0.005,0.86,4.22,92.30
0,6.315,1.001,7.20,-11.466,155.685,-11.461,155.751,-1.609,-0.008,-0.030,-0.005,0.86,4.19,92.30
0,6.315,1.001,7.25,-11.466,155.685,-11.461,155.750,-1.609,-0.008,-0.030,-0.006,0.86,4.16,92.30
0,6.315,1.001,7.30,-11.466,155.685,-11.462,155.746,-1.608,-0.007,-0.030,-0.006,0.87,4.14,92.30
0,6.315,1.001,7.35,-11.466,155.685,-11.462,155.744,-1.608,-0.006,-0.030,-0.007,0.87,4.11,92.30
0,6.315,1.001,7.40,-11.466,155.685,-11.463,155.741,-1.607,-0.005,-0.029,-0.007,0.87,4.09,92.30
0,6.315,1.001,7.45,-11.466,155.685,-11.463,155.739,-1.607,-0.005,-0.028,-0.008,0.87,4.06,92.30
0,6.315,1.001,7.50,-11.466,155.685,-11.464,155.737,-1.607,-0.004,-0.026,-0.009,0.87,4.05,92.30
0,6.315,1.001,7.55,-11.466,155.685,-11.464,155.736,-1.607,-0.003,-0.025,-0.009,0.87,4.03,92.30
0,6.315,1.001,7.60,-11.466,155.685,-11.464,155.734,-1.607,-0.002,-0.022,-0.010,0.87,4.03,92.30
0,6.315,1.001,7.65,-11.466,155.685,-11.464,155.733,-1.607,-0.002,-0.020,-0.010,0.87,4.02,92.30
0,6.315,1.001,7.70,-11.466,155.685,-11.463,155.733,-1.607,-0.001,-0.017,-0.011,0.88,4.02,92.30
0,6.315,1.001,7.75,-11.466,155.685,-11.463,155.732,-1.607,0.000,-0.015,-0.011,0.88,4.03,92.30
0,6.315,1.001,7.80,-11.466,155.685,-11.463,155.732,-1.607,0.001,-0.012,-0.011,0.89,4.04,92.30
0,6.315,1.001,7.85,-11.466,155.685,-11.462,155.732,-1.607,0.002,-0.010,-0.011,0.90,4.06,92.30
0,6.315,1.001,7.90,-11.466,155.685,-11.462,155.733,-1.607,0.002,-0.007,-0.011,0.91,4.07,92.30
0,6.315,1.001,7.95,-11.466,155.685,-11.462,155.733,-1.607,0.002,-0.006,-0.011,0.92,4.09,92.31
1,0.461,2.711,0.00,-11.466,155.685,-11.385,155.613,-1.627,0.134,-0.194,0.014,2.19,2.25,92.32
1,0.461,2.711,0.05,-11.466,155.685,-11.376,155.599,-1.626,0.135,-0.203,0.013,2.36,1.99,92.32
1,0.461,2.711,0.10,-11.466,155.685,-11.371,155.591,-1.626,0.135,-0.207,0.012,2.46,1.82,92.32
1,0.461,2.711,0.15,-11.466,155.685,-11.361,155.574,-1.624,0.133,-0.213,0.011,2.61,1.57,92.32
1,0.461,2.711,0.20,-11.466,155.685,-11.357,155.567,-1.624,0.131,-0.215,0.011,2.70,1.41,92.31
1,0.461,2.711,0.25,-11.466,155.685,-11.348,155.552,-1.623,0.126,-0.219,0.009,2.82,1.17,92.31
1,0.461,2.711,0.30,-11.466,155.685,-11.344,155.544,-1.623,0.123,-0.219,0.008,2.89,1.02,92.30
1,0.461,2.711,0.35,-11.466,155.685,-11.335,155.527,-1.622,0.115,-0.219,0.007,2.98,0.80,92.30
1,0.461,2.711,0.40,-11.466,155.685,-11.332,155.519,-1.622,0.111,-0.218,0.007,3.03,0.66,92.31
1,0.461,2.711,0.45,-11.466,155.685,-11.325,155.504,-1.622,0.102,-0.215,0.006,3.09,0.46,92.31
1,0.461,2.711,0.50,-11.466,155.685,-11.322,155.497,-1.621,0.097,-0.213,0.006,3.13,0.33,92.31
1,0.461,2.711,0.55,-11.466,155.685,-11.315,155.482,-1.621,0.085,-0.206,0.005,3.16,0.16,92.33
1,0.461,2.711,0.60,-11.466,155.685,-11.312,155.476,-1.621,0.080,-0.202,0.005,3.18,0.05,92.34
1,0.461,2.711,0.65,-11.466,155.685,-11.308,155.463,-1.621,0.068,-0.194,0.004,3.20,-0.10,92.36
1,0.461,2.711,0.70,-11.466,155.685,-11.306,155.457,-1.621,0.063,-0.189,0.004,3.20,-0.19,92.37
1,0.461,2.711,0.75,-11.466,155.685,-11.302,155.445,-1.622,0.049,-0.177,0.004,3.20,-0.30,92.38
1,0.461,2.711,0.80,-11.466,155.685,-11.301,155.440,-1.622,0.043,-0.172,0.003,3.19,-0.37,92.39
1,0.461,2.711,0.85,-11.466,155.685,-11.299,155.430,-1.623,0.031,-0.160,0.004,3.16,-0.46,92.39
1,0.461,2.711,0.90,-11.466,155.685,-11.299,155.426,-1.623,0.025,-0.154,0.004,3.14,-0.51,92.39
1,0.461,2.711,0.95,-11.466,155.685,-11.298,155.416,-1.623,0.011,-0.140,0.005,3.10,-0.58,92.39
1,0.461,2.711,1.00,-11.466,155.685,-11.298,155.413,-1.624,0.006,-0.133,0.005,3.07,-0.61,92.39
1,0.461,2.711,1.05,-11.466,155.685,-11.298,155.406,-1.624,-0.005,-0.120,0.005,3.01,-0.66,92.38
1,0.461,2.711,1.10,-11.466,155.685,-11.298,155.403,-1.624,-0.011,-0.113,0.006,2.97,-0.68,92.38
1,0.461,2.711,1.15,-11.466,155.685,-11.300,155.397,-1.624,-0.022,-0.099,0.006,2.91,-0.70,92.38
1,0.461,2.711,1.20,-11.466,155.685,-11.301,155.394,-1.624,-0.027,-0.092,0.006,2.87,-0.70,92.38
1,0.461,2.711,1.25,-11.466,155.685,-11.303,155.390,-1.624,-0.036,-0.080,0.006,2.81,-0.71,92.38
1,0.461,2.711,1.30,-11.466,155.685,-11.305,155.388,-1.624,-0.041,-0.074,0.006,2.76,-0.71,92.38
1,0.461,2.711,1.35,-11.466,155.685,-11.308,155.384,-1.625,-0.049,-0.060,0.006,2.69,-0.71,92.38
1,0.461,2.711,1.40,-11.466,155.685,-11.309,155.383,-1.625,-0.053,-0.054,0.007,2.65,-0.70,92.38
1,0.461,2.711,1.45,-11.466,155.685,-11.312,155.381,-1.625,-0.059,-0.043,0.007,2.58,-0.69,92.37
1,0.461,2.711,1.50,-11.466,155.685,-11.314,155.380,-1.625,-0.062,-0.037,0.007,2.53,-0.68,92.36
1,0.461,2.711,1.55,-11.466,155.685,-11.318,155.379,-1.625,-0.068,-0.025,0.007,2.47,-0.66,92.35
1,0.461,2.711,1.60,-11.466,155.685,-11.320,155.379,-1.625,-0.070,-0.019,0.008,2.43,-0.64,92.35
1,0.461,2.711,1.65,-11.466,155.685,-11.325,155.379,-1.625,-0.075,-0.009,0.008,2.38,-0.61,92.34
1,0.461,2.711,1.70,-11.466,155.685,-11.327,155.380,-1.624,-0.077,-0.004,0.007,2.34,-0.59,92.34
1,0.461,2.711,1.75,-11.466,155.685,-11.333,155.381,-1.624,-0.081,0.007,0.007,2.28,-0.55,92.33
1,0.461,2.711,1.80,-11.466,155.685,-11.336,155.382,-1.624,-0.083,0.012,0.007,2.24,-0.53,92.33
1,0.461,2.711,1.85,-11.466,155.685,-11.341,155.384,-1.624,-0.085,0.020,0.007,2.18,-0.48,92.33
1,0.461,2.711,1.90,-11.466,155.685,-11.343,155.385,-1.624,-0.086,0.024,0.007,2.14,-0.45,92.33
1,0.461,2.711,1.95,-11.466,155.685,-11.349,155.387,-1.623,-0.088,0.032,0.007,2.09,-0.41,92.32
1,0.461,2.711,2.00,-11.466,155.685,-11.352,155.389,-1.623,-0.088,0.035,0.007,2.05,-0.38,92.31
1,0.461,2.711,2.05,-11.466,155.685,-11.357,155.392,-1.623,-0.088,0.041,0.007,2.00,-0.34,92.30
1,0.461,2.711,2.10,-11.466,155.685,-11.359,155.393,-1.623,-0.087,0.044,0.007,1.97,-0.32,92.29
1,0.461,2.711,2.15,-11.466,155.685,-11.364,155.398,-1.622,-0.086,0.050,0.006,1.93,-0.28,92.26
1,0.461,2.711,2.20,-11.466,155.685,-11.366,155.400,-1.622,-0.085,0.052,0.006,1.91,-0.25,92.25
1,0.461,2.711,2.25,-11.466,155.685,-11.370,155.404,-1.621,-0.083,0.057,0.005,1.88,-0.21,92.22
1,0.461,2.711,2.30,-11.466,155.685,-11.372,155.406,-1.621,-0.082,0.059,0.005,1.86,-0.19,92.20
1,0.461,2.711,2.35,-11.466,155.685,-11.376,155.412,-1.620,-0.079,0.063,0.004,1.85,-0.15,92.18
1,0.461,2.711,2.40,-11.466,155.685,-11.378,155.414,-1.620,-0.078,0.065,0.004,1.84,-0.12,92.17
1,0.461,2.711,2.45,-11.466,155.685,-11.382,155.419,-1.619,-0.076,0.068,0.003,1.83,-0.08,92.16
1,0.461,2.711,2.50,-11.466,155.685,-11.384,155.422,-1.619,-0.075,0.069,0.003,1.83,-0.05,92.17
1,0.461,2.711,2.55,-11.466,155.685,-11.389,155.428,-1.618,-0.073,0.071,0.002,1.82,-0.02,92.19
1,0.461,2.711,2.60,-11.466,155.685,-11.391,155.431,-1.617,-0.072,0.072,0.002,1.81,0.01,92.20
1,0.461,2.711,2.65,-11.466,155.685,-11.395,155.436,-1.616,-0.070,0.073,0.001,1.80,0.04,92.23
1,0.461,2.711,2.70,-11.466,155.685,-11.397,155.439,-1.616,-0.069,0.074,0.000,1.79,0.06,92.25
1,0.461,2.711,2.75,-11.466,155.685,-11.402,155.445,-1.615,-0.067,0.074,-0.001,1.77,0.10,92.28
1,0.461,2.711,2.80,-11.466,155.685,-11.404,155.447,-1.614,-0.067,0.074,-0.002,1.76,0.11,92.30
1,0.461,2.711,2.85,-11.466,155.685,-11.408,155.452,-1.614,-0.064,0.073,-0.003,1.74,0.14,92.34
1,0.461,2.711,2.90,-11.466,155.685,-11.410,155.454,-1.613,-0.064,0.073,-0.003,1.72,0.15,92.36
1,0.461,2.711,2.95,-11.466,155.685,-11.415,155.459,-1.612,-0.061,0.071,-0.004,1.70,0.17,92.39
1,0.461,2.711,3.00,-11.466,155.685,-11.417,155.461,-1.612,-0.060,0.070,-0.004,1.69,0.18,92.40
1,0.461,2.711,3.05,-11.466,155.685,-11.421,155.465,-1.612,-0.057,0.069,-0.005,1.67,0.19,92.42
1,0.461,2.711,3.10,-11.466,155.685,-11.423,155.468,-1.612,-0.056,0.068,-0.006,1.66,0.19,92.43
1,0.461,2.711,3.15,-11.466,155.685,-11.427,155.472,-1.612,-0.052,0.066,-0.006,1.64,0.19,92.43
1,0.461,2.711,3.20,-11.466,155.685,-11.428,155.475,-1.613,-0.051,0.065,-0.006,1.64,0.20,92.43
1,0.461,2.711,3.25,-11.466,155.685,-11.432,155.479,-1.613,-0.048,0.064,-0.007,1.62,0.20,92.43
1,0.461,2.711,3.30,-11.466,155.685,-11.433,155.481,-1.613,-0.046,0.063,-0.007,1.62,0.20,92.43
1,0.461,2.711,3.35,-11.466,155.685,-11.437,155.485,-1.613,-0.043,0.061,-0.007,1.62,0.20,92.42
1,0.461,2.711,3.40,-11.466,155.685,-11.439,155.487,-1.613,-0.041,0.060,-0.007,1.62,0.20,92.42
1,0.461,2.711,3.45,-11.466,155.685,-11.442,155.490,-1.613,-0.038,0.058,-0.006,1.61,0.20,92.41
1,0.461,2.711,3.50,-11.466,155.685,-11.444,155.492,-1.613,-0.037,0.057,-0.006,1.61,0.20,92.40
1,0.461,2.711,3.55,-11.466,155.685,-11.447,155.496,-1.613,-0.034,0.056,-0.006,1.61,0.20,92.39
1,0.461,2.711,3.60,-11.466,155.685,-11.449,155.498,-1.613,-0.032,0.055,-0.006,1.61,0.20,92.39
1,0.461,2.711,3.65,-11.466,155.685,-11.452,155.501,-1.614,-0.030,0.053,-0.006,1.61,0.20,92.38
1,0.461,2.711,3.70,-11.466,155.685,-11.453,155.503,-1.614,-0.028,0.052,-0.006,1.61,0.20,92.38
1,0.461,2.711,3.75,-11.466,155.685,-11.455,155.506,-1.613,-0.025,0.050,-0.006,1.60,0.20,92.36
1,0.461,2.711,3.80,-11.466,155.685,-11.456,155.507,-1.613,-0.024,0.049,-0.006,1.60,0.19,92.36
1,0.461,2.711,3.85,-11.466,155.685,-11.458,155.510,-1.613,-0.021,0.047,-0.006,1.60,0.19,92.35
1,0.461,2.711,3.90,-11.466,155.685,-11.459,155.511,-1.612,-0.019,0.046,-0.006,1.60,0.18,92.34
1,0.461,2.711,3.95,-11.466,155.685,-11.460,155.514,-1.612,-0.015,0.044,-0.007,1.60,0.17,92.33
1,0.461,2.711,4.00,-11.466,155.685,-11.460,155.515,-1.612,-0.014,0.044,-0.007,1.61,0.17,92.33
1,0.461,2.711,4.05,-11.466,155.685,-11.460,155.517,-1.611,-0.010,0.042,-0.008,1.62,0.16,92.32
1,0.461,2.711,4.10,-11.466,155.685,-11.460,155.518,-1.611,-0.009,0.041,-0.008,1.63,0.15,92.32
1,0.461,2.711,4.15,-11.466,155.685,-11.460,155.520,-1.611,-0.005,0.040,-0.008,1.65,0.14,92.31
1,0.461,2.711,4.20,-11.466,155.685,-11.460,155.521,-1.611,-0.003,0.039,-0.008,1.66,0.13,92.31
1,0.461,2.711,4.25,-11.466,155.685,-11.460,155.523,-1.612,-0.001,0.038,-0.009,1.68,0.12,92.31
1,0.461,2.711,4.30,-11.466,155.685,-11.460,155.524,-1.612,0.000,0.037,-0.009,1.70,0.11,92.31
1,0.461,2.711,4.35,-11.466,155.685,-11.459,155.526,-1.613,0.003,0.036,-0.008,1.73,0.10,92.31
1,0.461,2.711,4.40,-11.466,155.685,-11.459,155.527,-1.613,0.004,0.036,-0.008,1.74,0.09,92.31
1,0.461,2.711,4.45,-11.466,155.685,-11.458,155.529,-1.613,0.005,0.036,-0.008,1.77,0.08,92.32
1,0.461,2.711,4.50,-11.466,155.685,-11.458,155.530,-1.613,0.006,0.035,-0.008,1.78,0.08,92.32
1,0.461,2.711,4.55,-11.466,155.685,-11.457,155.532,-1.613,0.007,0.034,-0.008,1.80,0.07,92.31
1,0.461,2.711,4.60,-11.466,155.685,-11.457,155.532,-1.613,0.007,0.034,-0.008,1.81,0.07,92.31
1,0.461,2.711,4.65,-11.466,155.685,-11.457,155.534,-1.613,0.008,0.033,-0.008,1.83,0.06,92.31
1,0.461,2.711,4.70,-11.466,155.685,-11.457,155.535,-1.613,0.008,0.032,-0.008,1.84,0.06,92.31
1,0.461,2.711,4.75,-11.466,155.685,-11.456,155.536,-1.614,0.008,0.032,-0.008,1.85,0.05,92.31
1,0.461,2.711,4.80,-11.466,155.685,-11.456,155.537,-1.614,0.008,0.032,-0.008,1.85,0.04,92.32
1,0.461,2.711,4.85,-11.466,155.685,-11.457,155.539,-1.615,0.008,0.031,-0.008,1.86,0.03,92.32
1,0.461,2.711,4.90,-11.466,155.685,-11.457,155.540,-1.615,0.008,0.031,-0.008,1.87,0.03,92.32
1,0.461,2.711,4.95,-11.466,155.685,-11.457,155.541,-1.616,0.007,0.031,-0.007,1.87,0.02,92.33
1,0.461,2.711,5.00,-11.466,155.685,-11.458,155.542,-1.617,0.007,0.031,-0.007,1.87,0.02,92.32
1,0.461,2.711,5.05,-11.466,155.685,-11.458,155.543,-1.617,0.006,0.031,-0.006,1.87,0.02,92.32
1,0.461,2.711,5.10,-11.466,155.685,-11.459,155.544,-1.618,0.006,0.031,-0.005,1.86,0.02,92.32
1,0.461,2.711,5.15,-11.466,155.685,-11.460,155.545,-1.618,0.005,0.030,-0.004,1.85,0.01,92.31
1,0.461,2.711,5.20,-11.466,155.685,-11.460,155.545,-1.619,0.004,0.029,-0.004,1.85,0.01,92.31
1,0.461,2.711,5.25,-11.466,155.685,-11.461,155.545,-1.619,0.004,0.029,-0.003,1.84,-0.00,92.30
1,0.461,2.711,5.30,-11.466,155.685,-11.462,155.546,-1.619,0.004,0.028,-0.003,1.83,-0.01,92.30
1,0.461,2.711,5.35,-11.466,155.685,-11.463,155.546,-1.619,0.003,0.027,-0.002,1.81,-0.02,92.30
1,0.461,2.711,5.40,-11.466,155.685,-11.464,155.546,-1.620,0.003,0.027,-0.002,1.80,-0.03,92.29
1,0.461,2.711,5.45,-11.466,155.685,-11.465,155.547,-1.620,0.002,0.027,-0.002,1.79,-0.04,92.29
1,0.461,2.711,5.50,-11.466,155.685,-11.466,155.547,-1.620,0.002,0.027,-0.001,1.78,-0.05,92.28
1,0.461,2.711,5.55,-11.466,155.685,-11.467,155.547,-1.620,0.002,0.027,-0.001,1.77,-0.07,92.28
1,0.461,2.711,5.60,-11.466,155.685,-11.468,155.548,-1.620,0.002,0.027,-0.001,1.76,-0.07,92.28
1,0.461,2.711,5.65,-11.466,155.685,-11.469,155.549,-1.621,0.003,0.028,-0.000,1.75,-0.08,92.29
1,0.461,2.711,5.70,-11.466,155.685,-11.469,155.549,-1.621,0.003,0.028,-0.000,1.74,-0.09,92.29
1,0.461,2.711,5.75,-11.466,155.685,-11.470,155.550,-1.621,0.004,0.029,0.000,1.73,-0.09,92.29
1,0.461,2.711,5.80,-11.466,155.685,-11.471,155.551,-1.621,0.004,0.029,0.000,1.73,-0.09,92.29
1,0.461,2.711,5.85,-11.466,155.685,-11.472,155.552,-1.621,0.004,0.030,0.000,1.72,-0.09,92.29
1,0.461,2.711,5.90,-11.466,155.685,-11.472,155.552,-1.621,0.004,0.030,0.000,1.72,-0.09,92.29
1,0.461,2.711,5.95,-11.466,155.685,-11.474,155.553,-1.621,0.004,0.031,0.001,1.72,-0.09,92.29
1,0.461,2.711,6.00,-11.466,155.685,-11.475,155.553,-1.622,0.004,0.032,0.001,1.71,-0.09,92.29
1,0.461,2.711,6.05,-11.466,155.685,-11.477,155.554,-1.622,0.004,0.032,0.001,1.70,-0.09,92.29
1,0.461,2.711,6.10,-11.466,155.685,-11.477,155.555,-1.622,0.004,0.032,0.001,1.70,-0.09,92.29
1,0.461,2.711,6.15,-11.466,155.685,-11.479,155.556,-1.622,0.004,0.033,0.001,1.69,-0.09,92.28
1,0.461,2.711,6.20,-11.466,155.685,-11.480,155.556,-1.622,0.005,0.033,0.001,1.68,-0.09,92.28
1,0.461,2.711,6.25,-11.466,155.685,-11.481,155.557,-1.622,0.005,0.034,0.001,1.66,-0.09,92.28
1,0.461,2.711,6.30,-11.466,155.685,-11.481,155.558,-1.622,0.006,0.034,0.001,1.65,-0.09,92.28
1,0.461,2.711,6.35,-11.466,155.685,-11.482,155.559,-1.621,0.007,0.035,0.001,1.64,-0.09,92.29
1,0.461,2.711,6.40,-11.466,155.685,-11.482,155.560,-1.621,0.007,0.035,0.001,1.64,-0.09,92.29
1,0.461,2.711,6.45,-11.466,155.685,-11.482,155.561,-1.621,0.009,0.035,0.001,1.64,-0.08,92.29
1,0.461,2.711,6.50,-11.466,155.685,-11.482,155.562,-1.621,0.009,0.035,0.001,1.63,-0.08,92.29
1,0.461,2.711,6.55,-11.466,155.685,-11.482,155.563,-1.622,0.011,0.035,0.001,1.64,-0.08,92.29
1,0.461,2.711,6.60,-11.466,155.685,-11.482,155.563,-1.622,0.011,0.036,0.001,1.64,-0.08,92.30
1,0.461,2.711,6.65,-11.466,155.685,-11.482,155.564,-1.623,0.013,0.036,0.001,1.65,-0.08,92.30
1,0.461,2.711,6.70,-11.466,155.685,-11.481,155.565,-1.623,0.014,0.036,0.001,1.66,-0.08,92.30
1,0.461,2.711,6.75,-11.466,155.685,-11.481,155.567,-1.624,0.015,0.036,0.001,1.67,-0.08,92.30
1,0.461,2.711,6.80,-11.466,155.685,-11.480,155.568,-1.625,0.016,0.037,0.001,1.68,-0.08,92.30
1,0.461,2.711,6.85,-11.466,155.685,-11.479,155.570,-1.626,0.017,0.037,0.002,1.69,-0.07,92.31
1,0.461,2.711,6.90,-11.466,155.685,-11.479,155.571,-1.627,0.018,0.038,0.002,1.70,-0.07,92.31
1,0.461,2.711,6.95,-11.466,155.685,-11.478,155.574,-1.628,0.019,0.039,0.004,1.72,-0.06,92.32
1,0.461,2.711,7.00,-11.466,155.685,-11.477,155.576,-1.629,0.019,0.040,0.004,1.73,-0.05,92.32
1,0.461,2.711,7.05,-11.466,155.685,-11.476,155.579,-1.630,0.020,0.041,0.006,1.75,-0.04,92.33
1,0.461,2.711,7.10,-11.466,155.685,-11.475,155.581,-1.630,0.020,0.041,0.006,1.76,-0.02,92.33
1,0.461,2.711,7.15,-11.466,155.685,-11.474,155.585,-1.631,0.021,0.043,0.008,1.78,-0.00,92.34
1,0.461,2.711,7.20,-11.466,155.685,-11.473,155.587,-1.631,0.021,0.043,0.008,1.79,0.01,92.35
1,0.461,2.711,7.25,-11.466,155.685,-11.471,155.591,-1.632,0.022,0.044,0.009,1.81,0.04,92.36
1,0.461,2.711,7.30,-11.466,155.685,-11.470,155.594,-1.632,0.022,0.044,0.009,1.82,0.06,92.36
1,0.461,2.711,7.35,-11.466,155.685,-11.468,155.599,-1.633,0.022,0.045,0.010,1.84,0.09,92.37
1,0.461,2.711,7.40,-11.466,155.685,-11.468,155.602,-1.633,0.022,0.045,0.011,1.85,0.11,92.37
1,0.461,2.711,7.45,-11.466,155.685,-11.466,155.607,-1.634,0.022,0.045,0.011,1.87,0.15,92.38
1,0.461,2.711,7.50,-11.466,155.685,-11.465,155.609,-1.634,0.022,0.045,0.011,1.89,0.17,92.38
1,0.461,2.711,7.55,-11.466,155.685,-11.464,155.615,-1.634,0.021,0.044,0.012,1.90,0.21,92.38
1,0.461,2.711,7.60,-11.466,155.685,-11.463,155.617,-1.634,0.021,0.044,0.012,1.91,0.23,92.38
1,0.461,2.711,7.65,-11.466,155.685,-11.461,155.622,-1.634,0.020,0.042,0.012,1.93,0.26,92.38
1,0.461,2.711,7.70,-11.466,155.685,-11.460,155.624,-1.634,0.020,0.041,0.013,1.94,0.28,92.38
1,0.461,2.711,7.75,-11.466,155.685,-11.457,155.630,-1.634,0.020,0.039,0.012,1.95,0.31,92.38
1,0.461,2.711,7.80,-11.466,155.685,-11.456,155.632,-1.633,0.020,0.038,0.012,1.96,0.33,92.38
1,0.461,2.711,7.85,-11.466,155.685,-11.453,155.636,-1.633,0.020,0.036,0.012,1.98,0.35,92.38
1,0.461,2.711,7.90,-11.466,155.685,-11.452,155.638,-1.633,0.020,0.034,0.012,2.00,0.37,92.38
1,0.461,2.711,7.95,-11.466,155.685,-11.449,155.642,-1.633,0.019,0.030,0.012,2.02,0.38,92.37
2,-3.273,-6.597,0.00,-11.466,155.685,-11.552,155.785,-1.636,-0.296,0.266,0.010,0.68,3.35,92.38
2,-3.273,-6.597,0.05,-11.466,155.685,-11.576,155.805,-1.636,-0.335,0.258,0.008,0.34,3.60,92.41
2,-3.273,-6.597,0.10,-11.466,155.685,-11.588,155.814,-1.636,-0.352,0.252,0.007,-0.07,3.85,92.45
2,-3.273,-6.597,0.15,-11.466,155.685,-11.613,155.829,-1.636,-0.383,0.235,0.006,-0.47,4.06,92.50
2,-3.273,-6.597,0.20,-11.466,155.685,-11.627,155.836,-1.636,-0.397,0.225,0.005,-0.92,4.24,92.56
2,-3.273,-6.597,0.25,-11.466,155.685,-11.659,155.850,-1.637,-0.426,0.198,0.003,-1.36,4.37,92.63
2,-3.273,-6.597,0.30,-11.466,155.685,-11.674,155.856,-1.637,-0.437,0.184,0.002,-1.84,4.47,92.70
2,-3.273,-6.597,0.35,-11.466,155.685,-11.705,155.865,-1.638,-0.455,0.153,0.001,-2.29,4.54,92.76
2,-3.273,-6.597,0.40,-11.466,155.685,-11.721,155.869,-1.638,-0.462,0.137,0.001,-2.78,4.56,92.84
2,-3.273,-6.597,0.45,-11.466,155.685,-11.757,155.875,-1.638,-0.473,0.099,-0.000,-3.22,4.55,92.90
2,-3.273,-6.597,0.50,-11.466,155.685,-11.773,155.877,-1.639,-0.476,0.081,-0.000,-3.70,4.50,92.97
2,-3.273,-6.597,0.55,-11.466,155.685,-11.806,155.878,-1.639,-0.478,0.044,-0.001,-4.12,4.43,93.02
2,-3.273,-6.597,0.60,-11.466,155.685,-11.822,155.878,-1.639,-0.476,0.026,-0.001,-4.56,4.31,93.06
2,-3.273,-6.597,0.65,-11.466,155.685,-11.857,155.875,-1.639,-0.469,-0.015,-0.001,-4.95,4.17,93.08
2,-3.273,-6.597,0.70,-11.466,155.685,-11.873,155.873,-1.638,-0.463,-0.033,-0.002,-5.34,4.00,93.10
2,-3.273,-6.597,0.75,-11.466,155.685,-11.902,155.866,-1.638,-0.448,-0.069,-0.002,-5.68,3.81,93.12
2,-3.273,-6.597,0.80,-11.466,155.685,-11.916,155.862,-1.638,-0.439,-0.086,-0.002,-6.02,3.59,93.13
2,-3.273,-6.597,0.85,-11.466,155.685,-11.947,155.850,-1.637,-0.416,-0.124,-0.003,-6.30,3.37,93.13
2,-3.273,-6.597,0.90,-11.466,155.685,-11.959,155.844,-1.637,-0.404,-0.140,-0.003,-6.57,3.11,93.14
2,-3.273,-6.597,0.95,-11.466,155.685,-11.983,155.829,-1.637,-0.377,-0.171,-0.003,-6.80,2.85,93.15
2,-3.273,-6.597,1.00,-11.466,155.685,-11.994,155.821,-1.637,-0.362,-0.186,-0.003,-7.00,2.56,93.16
2,-3.273,-6.597,1.05,-11.466,155.685,-12.017,155.802,-1.637,-0.328,-0.216,-0.003,-7.17,2.28,93.17
2,-3.273,-6.597,1.10,-11.466,155.685,-12.026,155.792,-1.637,-0.311,-0.228,-0.003,-7.31,1.97,93.18
2,-3.273,-6.597,1.15,-11.466,155.685,-12.042,155.773,-1.636,-0.278,-0.251,-0.002,-7.42,1.67,93.18
2,-3.273,-6.597,1.20,-11.466,155.685,-12.050,155.762,-1.636,-0.261,-0.260,-0.002,-7.50,1.35,93.17
2,-3.273,-6.597,1.25,-11.466,155.685,-12.064,155.738,-1.636,-0.221,-0.279,-0.002,-7.56,1.05,93.16
2,-3.273,-6.597,1.30,-11.466,155.685,-12.069,155.727,-1.636,-0.204,-0.286,-0.001,-7.59,0.73,93.14
2,-3.273,-6.597,1.35,-11.466,155.685,-12.077,155.705,-1.636,-0.168,-0.298,-0.001,-7.60,0.44,93.12
2,-3.273,-6.597,1.40,-11.466,155.685,-12.080,155.694,-1.636,-0.151,-0.302,-0.000,-7.58,0.13,93.09
2,-3.273,-6.597,1.45,-11.466,155.685,-12.085,155.670,-1.636,-0.111,-0.309,0.000,-7.55,-0.14,93.07
2,-3.273,-6.597,1.50,-11.466,155.685,-12.086,155.659,-1.636,-0.094,-0.311,0.001,-7.49,-0.43,93.05
2,-3.273,-6.597,1.55,-11.466,155.685,-12.087,155.637,-1.635,-0.061,-0.312,0.002,-7.42,-0.68,93.02
2,-3.273,-6.597,1.60,-11.466,155.685,-12.087,155.627,-1.635,-0.045,-0.311,0.002,-7.33,-0.94,92.98
2,-3.273,-6.597,1.65,-11.466,155.685,-12.084,155.603,-1.634,-0.011,-0.307,0.003,-7.24,-1.16,92.95
2,-3.273,-6.597,1.70,-11.466,155.685,-12.082,155.593,-1.634,0.004,-0.305,0.003,-7.12,-1.39,92.91
2,-3.273,-6.597,1.75,-11.466,155.685,-12.076,155.574,-1.634,0.032,-0.298,0.003,-7.01,-1.59,92.88
2,-3.273,-6.597,1.80,-11.466,155.685,-12.073,155.565,-1.633,0.045,-0.293,0.004,-6.88,-1.78,92.85
2,-3.273,-6.597,1.85,-11.466,155.685,-12.064,155.546,-1.633,0.073,-0.281,0.004,-6.75,-1.95,92.83
2,-3.273,-6.597,1.90,-11.466,155.685,-12.059,155.538,-1.633,0.084,-0.275,0.004,-6.61,-2.10,92.80
2,-3.273,-6.597,1.95,-11.466,155.685,-12.049,155.523,-1.633,0.105,-0.262,0.005,-6.47,-2.23,92.79
2,-3.273,-6.597,2.00,-11.466,155.685,-12.044,155.516,-1.633,0.114,-0.255,0.005,-6.32,-2.36,92.76
2,-3.273,-6.597,2.05,-11.466,155.685,-12.032,155.502,-1.632,0.134,-0.239,0.006,-6.19,-2.46,92.73
2,-3.273,-6.597,2.10,-11.466,155.685,-12.026,155.496,-1.632,0.141,-0.231,0.006,-6.05,-2.54,92.70
2,-3.273,-6.597,2.15,-11.466,155.685,-12.014,155.485,-1.632,0.154,-0.216,0.006,-5.92,-2.62,92.66
2,-3.273,-6.597,2.20,-11.466,155.685,-12.008,155.480,-1.632,0.160,-0.208,0.006,-5.79,-2.68,92.62
2,-3.273,-6.597,2.25,-11.466,155.685,-11.994,155.469,-1.632,0.171,-0.191,0.006,-5.67,-2.73,92.58
2,-3.273,-6.597,2.30,-11.466,155.685,-11.988,155.465,-1.633,0.175,-0.183,0.007,-5.55,-2.77,92.53
2,-3.273,-6.597,2.35,-11.466,155.685,-11.976,155.457,-1.633,0.182,-0.169,0.007,-5.44,-2.80,92.49
2,-3.273,-6.597,2.40,-11.466,155.685,-11.970,155.453,-1.633,0.185,-0.161,0.008,-5.34,-2.83,92.44
2,-3.273,-6.597,2.45,-11.466,155.685,-11.955,155.446,-1.634,0.189,-0.145,0.009,-5.25,-2.85,92.40
2,-3.273,-6.597,2.50,-11.466,155.685,-11.949,155.443,-1.634,0.191,-0.138,0.009,-5.15,-2.87,92.36
2,-3.273,-6.597,2.55,-11.466,155.685,-11.937,155.438,-1.635,0.193,-0.124,0.010,-5.08,-2.89,92.34
2,-3.273,-6.597,2.60,-11.466,155.685,-11.930,155.436,-1.635,0.193,-0.118,0.011,-5.00,-2.89,92.31
2,-3.273,-6.597,2.65,-11.466,155.685,-11.917,155.432,-1.636,0.193,-0.103,0.012,-4.93,-2.90,92.30
2,-3.273,-6.597,2.70,-11.466,155.685,-11.911,155.430,-1.636,0.193,-0.097,0.012,-4.86,-2.89,92.29
2,-3.273,-6.597,2.75,-11.466,155.685,-11.900,155.427,-1.636,0.191,-0.085,0.013,-4.81,-2.89,92.28
2,-3.273,-6.597,2.80,-11.466,155.685,-11.894,155.426,-1.637,0.189,-0.079,0.014,-4.76,-2.88,92.28
2,-3.273,-6.597,2.85,-11.466,155.685,-11.883,155.424,-1.637,0.185,-0.066,0.014,-4.72,-2.87,92.28
2,-3.273,-6.597,2.90,-11.466,155.685,-11.878,155.424,-1.637,0.183,-0.060,0.015,-4.68,-2.86,92.29
2,-3.273,-6.597,2.95,-11.466,155.685,-11.868,155.423,-1.638,0.179,-0.050,0.015,-4.65,-2.84,92.30
2,-3.273,-6.597,3.00,-11.466,155.685,-11.863,155.423,-1.638,0.177,-0.045,0.016,-4.63,-2.82,92.31
2,-3.273,-6.597,3.05,-11.466,155.685,-11.853,155.423,-1.638,0.172,-0.035,0.016,-4.61,-2.80,92.32
2,-3.273,-6.597,3.10,-11.466,155.685,-11.849,155.423,-1.638,0.169,-0.030,0.016,-4.60,-2.78,92.34
2,-3.273,-6.597,3.15,-11.466,155.685,-11.840,155.424,-1.639,0.165,-0.022,0.017,-4.59,-2.76,92.35
2,-3.273,-6.597,3.20,-11.466,155.685,-11.836,155.425,-1.639,0.162,-0.018,0.017,-4.59,-2.74,92.37
2,-3.273,-6.597,3.25,-11.466,155.685,-11.827,155.427,-1.638,0.157,-0.009,0.018,-4.58,-2.71,92.38
2,-3.273,-6.597,3.30,-11.466,155.685,-11.823,155.428,-1.638,0.155,-0.006,0.018,-4.58,-2.68,92.39
2,-3.273,-6.597,3.35,-11.466,155.685,-11.816,155.430,-1.637,0.150,0.001,0.018,-4.57,-2.66,92.40
2,-3.273,-6.597,3.40,-11.466,155.685,-11.813,155.431,-1.636,0.148,0.004,0.018,-4.57,-2.63,92.42
2,-3.273,-6.597,3.45,-11.466,155.685,-11.805,155.434,-1.635,0.142,0.011,0.018,-4.57,-2.60,92.43
2,-3.273,-6.597,3.50,-11.466,155.685,-11.802,155.436,-1.634,0.140,0.013,0.017,-4.57,-2.58,92.44
2,-3.273,-6.597,3.55,-11.466,155.685,-11.796,155.439,-1.632,0.136,0.018,0.016,-4.57,-2.55,92.44
2,-3.273,-6.597,3.60,-11.466,155.685,-11.793,155.440,-1.632,0.134,0.020,0.015,-4.58,-2.52,92.44
2,-3.273,-6.597,3.65,-11.466,155.685,-11.786,155.444,-1.630,0.129,0.024,0.014,-4.58,-2.50,92.44
2,-3.273,-6.597,3.70,-11.466,155.685,-11.783,155.445,-1.629,0.127,0.025,0.013,-4.59,-2.48,92.43
2,-3.273,-6.597,3.75,-11.466,155.685,-11.777,155.448,-1.628,0.123,0.028,0.012,-4.59,-2.46,92.43
2,-3.273,-6.597,3.80,-11.466,155.685,-11.775,155.450,-1.628,0.121,0.029,0.011,-4.59,-2.44,92.42
2,-3.273,-6.597,3.85,-11.466,155.685,-11.769,155.453,-1.627,0.117,0.030,0.010,-4.59,-2.43,92.41
2,-3.273,-6.597,3.90,-11.466,155.685,-11.767,155.455,-1.626,0.115,0.031,0.009,-4.60,-2.42,92.40
2,-3.273,-6.597,3.95,-11.466,155.685,-11.762,155.457,-1.626,0.112,0.032,0.008,-4.60,-2.41,92.39
2,-3.273,-6.597,4.00,-11.466,155.685,-11.760,155.458,-1.625,0.110,0.032,0.007,-4.61,-2.40,92.37
2,-3.273,-6.597,4.05,-11.466,155.685,-11.755,155.461,-1.625,0.107,0.032,0.006,-4.61,-2.40,92.36
2,-3.273,-6.597,4.10,-11.466,155.685,-11.752,155.461,-1.624,0.105,0.032,0.006,-4.62,-2.40,92.34
2,-3.273,-6.597,4.15,-11.466,155.685,-11.748,155.463,-1.624,0.102,0.032,0.005,-4.62,-2.40,92.33
2,-3.273,-6.597,4.20,-11.466,155.685,-11.746,155.463,-1.623,0.101,0.031,0.005,-4.63,-2.41,92.32
2,-3.273,-6.597,4.25,-11.466,155.685,-11.742,155.465,-1.622,0.098,0.031,0.004,-4.64,-2.42,92.31
2,-3.273,-6.597,4.30,-11.466,155.685,-11.740,155.466,-1.621,0.097,0.031,0.003,-4.64,-2.43,92.30
2,-3.273,-6.597,4.35,-11.466,155.685,-11.736,155.467,-1.620,0.094,0.031,0.002,-4.65,-2.45,92.29
2,-3.273,-6.597,4.40,-11.466,155.685,-11.734,155.468,-1.619,0.093,0.031,0.002,-4.66,-2.46,92.29
2,-3.273,-6.597,4.45,-11.466,155.685,-11.730,155.469,-1.618,0.091,0.031,0.000,-4.66,-2.48,92.28
2,-3.273,-6.597,4.50,-11.466,155.685,-11.728,155.470,-1.618,0.090,0.031,-0.000,-4.67,-2.49,92.28
2,-3.273,-6.597,4.55,-11.466,155.685,-11.724,155.471,-1.616,0.089,0.031,-0.001,-4.67,-2.50,92.28
2,-3.273,-6.597,4.60,-11.466,155.685,-11.722,155.472,-1.616,0.088,0.031,-0.002,-4.68,-2.52,92.28
2,-3.273,-6.597,4.65,-11.466,155.685,-11.717,155.473,-1.615,0.087,0.031,-0.003,-4.68,-2.53,92.27
2,-3.273,-6.597,4.70,-11.466,155.685,-11.715,155.473,-1.614,0.087,0.032,-0.004,-4.68,-2.54,92.27
2,-3.273,-6.597,4.75,-11.466,155.685,-11.709,155.474,-1.614,0.087,0.032,-0.005,-4.68,-2.55,92.27
2,-3.273,-6.597,4.80,-11.466,155.685,-11.707,155.475,-1.613,0.087,0.033,-0.006,-4.67,-2.56,92.26
2,-3.273,-6.597,4.85,-11.466,155.685,-11.701,155.476,-1.613,0.087,0.033,-0.007,-4.65,-2.57,92.26
2,-3.273,-6.597,4.90,-11.466,155.685,-11.698,155.476,-1.613,0.086,0.034,-0.008,-4.64,-2.58,92.26
2,-3.273,-6.597,4.95,-11.466,155.685,-11.692,155.478,-1.613,0.086,0.035,-0.008,-4.62,-2.59,92.26
2,-3.273,-6.597,5.00,-11.466,155.685,-11.689,155.478,-1.613,0.086,0.035,-0.008,-4.60,-2.60,92.26
2,-3.273,-6.597,5.05,-11.466,155.685,-11.682,155.480,-1.613,0.085,0.036,-0.008,-4.58,-2.61,92.26
2,-3.273,-6.597,5.10,-11.466,155.685,-11.679,155.481,-1.613,0.084,0.037,-0.008,-4.55,-2.61,92.26
2,-3.273,-6.597,5.15,-11.466,155.685,-11.673,155.482,-1.613,0.083,0.038,-0.009,-4.53,-2.62,92.26
2,-3.273,-6.597,5.20,-11.466,155.685,-11.669,155.483,-1.613,0.082,0.038,-0.009,-4.50,-2.62,92.27
2,-3.273,-6.597,5.25,-11.466,155.685,-11.662,155.485,-1.614,0.080,0.040,-0.008,-4.48,-2.62,92.27
2,-3.273,-6.597,5.30,-11.466,155.685,-11.659,155.486,-1.614,0.079,0.041,-0.008,-4.46,-2.62,92.28
2,-3.273,-6.597,5.35,-11.466,155.685,-11.653,155.488,-1.614,0.077,0.042,-0.008,-4.44,-2.62,92.28
2,-3.273,-6.597,5.40,-11.466,155.685,-11.650,155.489,-1.614,0.076,0.042,-0.007,-4.42,-2.62,92.29
2,-3.273,-6.597,5.45,-11.466,155.685,-11.644,155.492,-1.614,0.072,0.044,-0.007,-4.40,-2.62,92.30
2,-3.273,-6.597,5.50,-11.466,155.685,-11.641,155.493,-1.613,0.071,0.044,-0.007,-4.39,-2.61,92.31
2,-3.273,-6.597,5.55,-11.466,155.685,-11.635,155.495,-1.612,0.068,0.045,-0.007,-4.37,-2.61,92.31
2,-3.273,-6.597,5.60,-11.466,155.685,-11.632,155.497,-1.612,0.066,0.045,-0.007,-4.36,-2.60,92.32
2,-3.273,-6.597,5.65,-11.466,155.685,-11.626,155.500,-1.610,0.062,0.046,-0.007,-4.35,-2.60,92.33
2,-3.273,-6.597,5.70,-11.466,155.685,-11.624,155.501,-1.609,0.061,0.047,-0.008,-4.34,-2.59,92.33
2,-3.273,-6.597,5.75,-11.466,155.685,-11.619,155.504,-1.607,0.057,0.048,-0.009,-4.34,-2.58,92.34
2,-3.273,-6.597,5.80,-11.466,155.685,-11.617,155.505,-1.606,0.055,0.048,-0.009,-4.33,-2.57,92.34
2,-3.273,-6.597,5.85,-11.466,155.685,-11.611,155.509,-1.605,0.051,0.049,-0.011,-4.33,-2.56,92.35
2,-3.273,-6.597,5.90,-11.466,155.685,-11.609,155.511,-1.604,0.049,0.049,-0.012,-4.33,-2.55,92.35
2,-3.273,-6.597,5.95,-11.466,155.685,-11.606,155.514,-1.603,0.046,0.050,-0.013,-4.33,-2.54,92.35
2,-3.273,-6.597,6.00,-11.466,155.685,-11.604,155.516,-1.602,0.044,0.050,-0.014,-4.33,-2.53,92.34
2,-3.273,-6.597,6.05,-11.466,155.685,-11.601,155.520,-1.601,0.039,0.051,-0.016,-4.33,-2.52,92.34
2,-3.273,-6.597,6.10,-11.466,155.685,-11.600,155.522,-1.601,0.036,0.052,-0.016,-4.34,-2.50,92.34
2,-3.273,-6.597,6.15,-11.466,155.685,-11.598,155.527,-1.601,0.032,0.053,-0.018,-4.35,-2.48,92.33
2,-3.273,-6.597,6.20,-11.466,155.685,-11.598,155.529,-1.601,0.030,0.053,-0.018,-4.36,-2.46,92.33
2,-3.273,-6.597,6.25,-11.466,155.685,-11.597,155.535,-1.601,0.025,0.053,-0.020,-4.38,-2.44,92.32
2,-3.273,-6.597,6.30,-11.466,155.685,-11.597,155.537,-1.601,0.022,0.053,-0.020,-4.41,-2.41,92.32
2,-3.273,-6.597,6.35,-11.466,155.685,-11.597,155.542,-1.602,0.018,0.053,-0.020,-4.44,-2.39,92.31
2,-3.273,-6.597,6.40,-11.466,155.685,-11.598,155.544,-1.603,0.016,0.053,-0.021,-4.47,-2.37,92.31
2,-3.273,-6.597,6.45,-11.466,155.685,-11.599,155.549,-1.605,0.011,0.052,-0.021,-4.50,-2.35,92.30
2,-3.273,-6.597,6.50,-11.466,155.685,-11.600,155.552,-1.605,0.010,0.052,-0.020,-4.54,-2.32,92.30
2,-3.273,-6.597,6.55,-11.466,155.685,-11.602,155.556,-1.607,0.007,0.050,-0.020,-4.58,-2.30,92.30
2,-3.273,-6.597,6.60,-11.466,155.685,-11.603,155.558,-1.608,0.005,0.050,-0.019,-4.63,-2.28,92.30
2,-3.273,-6.597,6.65,-11.466,155.685,-11.605,155.563,-1.610,0.003,0.047,-0.018,-4.67,-2.26,92.30
2,-3.273,-6.597,6.70,-11.466,155.685,-11.606,155.565,-1.611,0.003,0.046,-0.017,-4.71,-2.25,92.30
2,-3.273,-6.597,6.75,-11.466,155.685,-11.607,155.568,-1.612,0.002,0.044,-0.015,-4.75,-2.24,92.31
2,-3.273,-6.597,6.80,-11.466,155.685,-11.608,155.570,-1.613,0.002,0.043,-0.014,-4.79,-2.23,92.31
2,-3.273,-6.597,6.85,-11.466,155.685,-11.610,155.574,-1.614,0.002,0.040,-0.013,-4.82,-2.22,92.31
2,-3.273,-6.597,6.90,-11.466,155.685,-11.611,155.575,-1.614,0.003,0.038,-0.012,-4.86,-2.22,92.31
2,-3.273,-6.597,6.95,-11.466,155.685,-11.611,155.579,-1.615,0.004,0.036,-0.011,-4.88,-2.21,92.32
2,-3.273,-6.597,7.00,-11.466,155.685,-11.612,155.580,-1.615,0.005,0.035,-0.010,-4.91,-2.21,92.32
2,-3.273,-6.597,7.05,-11.466,155.685,-11.612,155.583,-1.616,0.008,0.032,-0.009,-4.92,-2.21,92.32
2,-3.273,-6.597,7.10,-11.466,155.685,-11.611,155.585,-1.616,0.009,0.030,-0.008,-4.93,-2.21,92.33
2,-3.273,-6.597,7.15,-11.466,155.685,-11.611,155.587,-1.615,0.012,0.028,-0.008,-4.94,-2.22,92.33
2,-3.273,-6.597,7.20,-11.466,155.685,-11.610,155.588,-1.615,0.014,0.026,-0.007,-4.93,-2.22,92.33
2,-3.273,-6.597,7.25,-11.466,155.685,-11.608,155.591,-1.614,0.018,0.024,-0.007,-4.93,-2.23,92.34
2,-3.273,-6.597,7.30,-11.466,155.685,-11.608,155.592,-1.614,0.020,0.023,-0.007,-4.92,-2.23,92.34
2,-3.273,-6.597,7.35,-11.466,155.685,-11.606,155.594,-1.613,0.023,0.020,-0.007,-4.90,-2.24,92.34
2,-3.273,-6.597,7.40,-11.466,155.685,-11.605,155.595,-1.612,0.024,0.019,-0.007,-4.88,-2.25,92.34
2,-3.273,-6.597,7.45,-11.466,155.685,-11.603,155.597,-1.611,0.027,0.017,-0.008,-4.86,-2.26,92.34
2,-3.273,-6.597,7.50,-11.466,155.685,-11.602,155.598,-1.610,0.028,0.016,-0.008,-4.84,-2.27,92.34
2,-3.273,-6.597,7.55,-11.466,155.685,-11.599,155.600,-1.609,0.030,0.014,-0.009,-4.82,-2.28,92.33
2,-3.273,-6.597,7.60,-11.466,155.685,-11.598,155.601,-1.608,0.031,0.014,-0.010,-4.80,-2.29,92.33
2,-3.273,-6.597,7.65,-11.466,155.685,-11.595,155.602,-1.606,0.033,0.012,-0.011,-4.78,-2.29,92.33
2,-3.273,-6.597,7.70,-11.466,155.685,-11.593,155.603,-1.605,0.034,0.011,-0.012,-4.76,-2.30,92.33
2,-3.273,-6.597,7.75,-11.466,155.685,-11.590,155.604,-1.604,0.036,0.010,-0.013,-4.73,-2.31,92.33
2,-3.273,-6.597,7.80,-11.466,155.685,-11.588,155.604,-1.604,0.037,0.009,-0.014,-4.71,-2.32,92.33
2,-3.273,-6.597,7.85,-11.466,155.685,-11.584,155.605,-1.604,0.038,0.007,-0.015,-4.69,-2.32,92.33
2,-3.273,-6.597,7.90,-11.466,155.685,-11.583,155.605,-1.604,0.039,0.006,-0.016,-4.67,-2.34,92.34
2,-3.273,-6.597,7.95,-11.466,155.685,-11.579,155.605,-1.604,0.039,0.005,-0.017,-4.64,-2.35,92.34
3,7.623,4.635,0.00,-11.466,155.685,-11.552,155.909,-1.616,0.056,0.578,-0.016,-5.12,3.09,92.03
3,7.623,4.635,0.05,-11.466,155.685,-11.544,155.951,-1.617,0.087,0.602,-0.017,-5.01,3.71,91.98
3,7.623,4.635,0.10,-11.466,155.685,-11.535,155.995,-1.618,0.121,0.618,-0.018,-4.87,4.28,91.94
3,7.623,4.635,0.15,-11.466,155.685,-11.529,156.016,-1.618,0.138,0.624,-0.019,-4.67,4.88,91.90
3,7.623,4.635,0.20,-11.466,155.685,-11.513,156.065,-1.619,0.177,0.629,-0.020,-4.46,5.42,91.86
3,7.623,4.635,0.25,-11.466,155.685,-11.505,156.087,-1.620,0.195,0.628,-0.021,-4.19,5.98,91.82
3,7.623,4.635,0.30,-11.466,155.685,-11.487,156.129,-1.621,0.230,0.621,-0.021,-3.92,6.46,91.78
3,7.623,4.635,0.35,-11.466,155.685,-11.477,156.150,-1.621,0.248,0.615,-0.022,-3.59,6.94,91.74
3,7.623,4.635,0.40,-11.466,155.685,-11.453,156.194,-1.622,0.285,0.596,-0.022,-3.27,7.36,91.71
3,7.623,4.635,0.45,-11.466,155.685,-11.441,156.213,-1.623,0.301,0.584,-0.022,-2.89,7.76,91.67
3,7.623,4.635,0.50,-11.466,155.685,-11.416,156.249,-1.624,0.330,0.557,-0.022,-2.53,8.10,91.64
3,7.623,4.635,0.55,-11.466,155.685,-11.403,156.266,-1.624,0.344,0.542,-0.022,-2.12,8.42,91.61
3,7.623,4.635,0.60,-11.466,155.685,-11.371,156.301,-1.625,0.372,0.502,-0.021,-1.74,8.68,91.59
3,7.623,4.635,0.65,-11.466,155.685,-11.357,156.316,-1.626,0.382,0.483,-0.021,-1.32,8.91,91.57
3,7.623,4.635,0.70,-11.466,155.685,-11.327,156.342,-1.627,0.401,0.443,-0.020,-0.93,9.09,91.56
3,7.623,4.635,0.75,-11.466,155.685,-11.312,156.353,-1.627,0.408,0.422,-0.019,-0.50,9.23,91.56
3,7.623,4.635,0.80,-11.466,155.685,-11.278,156.377,-1.628,0.421,0.372,-0.018,-0.12,9.33,91.56
3,7.623,4.635,0.85,-11.466,155.685,-11.263,156.386,-1.628,0.426,0.349,-0.017,0.29,9.39,91.57
3,7.623,4.635,0.90,-11.466,155.685,-11.232,156.401,-1.628,0.431,0.303,-0.016,0.65,9.42,91.59
3,7.623,4.635,0.95,-11.466,155.685,-11.217,156.407,-1.628,0.432,0.280,-0.015,1.03,9.42,91.60
3,7.623,4.635,1.00,-11.466,155.685,-11.184,156.418,-1.628,0.431,0.227,-0.013,1.37,9.38,91.62
3,7.623,4.635,1.05,-11.466,155.685,-11.170,156.421,-1.628,0.429,0.204,-0.013,1.71,9.32,91.63
3,7.623,4.635,1.10,-11.466,155.685,-11.142,156.426,-1.628,0.422,0.158,-0.011,2.01,9.23,91.65
3,7.623,4.635,1.15,-11.466,155.685,-11.129,156.427,-1.628,0.417,0.136,-0.010,2.31,9.11,91.66
3,7.623,4.635,1.20,-11.466,155.685,-11.100,156.428,-1.627,0.404,0.088,-0.008,2.57,8.98,91.68
3,7.623,4.635,1.25,-11.466,155.685,-11.087,156.427,-1.627,0.397,0.067,-0.008,2.83,8.83,91.69
3,7.623,4.635,1.30,-11.466,155.685,-11.064,156.423,-1.627,0.381,0.027,-0.006,3.04,8.67,91.70
3,7.623,4.635,1.35,-11.466,155.685,-11.053,156.420,-1.627,0.372,0.008,-0.006,3.25,8.49,91.71
3,7.623,4.635,1.40,-11.466,155.685,-11.029,156.412,-1.626,0.350,-0.032,-0.004,3.42,8.32,91.72
3,7.623,4.635,1.45,-11.466,155.685,-11.019,156.407,-1.626,0.340,-0.048,-0.004,3.59,8.12,91.72
3,7.623,4.635,1.50,-11.466,155.685,-11.000,156.397,-1.626,0.319,-0.080,-0.003,3.73,7.93,91.72
3,7.623,4.635,1.55,-11.466,155.685,-10.991,156.391,-1.626,0.307,-0.095,-0.002,3.85,7.73,91.71
3,7.623,4.635,1.60,-11.466,155.685,-10.973,156.376,-1.625,0.282,-0.125,-0.001,3.95,7.54,91.71
3,7.623,4.635,1.65,-11.466,155.685,-10.966,156.369,-1.625,0.270,-0.137,-0.000,4.05,7.33,91.72
3,7.623,4.635,1.70,-11.466,155.685,-10.952,156.354,-1.625,0.247,-0.159,0.001,4.12,7.14,91.72
3,7.623,4.635,1.75,-11.466,155.685,-10.946,156.346,-1.625,0.235,-0.169,0.001,4.18,6.93,91.73
3,7.623,4.635,1.80,-11.466,155.685,-10.934,156.328,-1.624,0.209,-0.189,0.002,4.23,6.75,91.74
3,7.623,4.635,1.85,-11.466,155.685,-10.930,156.320,-1.624,0.197,-0.196,0.002,4.26,6.55,91.74
3,7.623,4.635,1.90,-11.466,155.685,-10.922,156.303,-1.623,0.173,-0.209,0.003,4.29,6.38,91.74
3,7.623,4.635,1.95,-11.466,155.685,-10.919,156.295,-1.623,0.161,-0.214,0.003,4.31,6.20,91.73
3,7.623,4.635,2.00,-11.466,155.685,-10.916,156.284,-1.623,0.146,-0.220,0.003,4.31,6.05,91.72
3,7.623,4.635,2.05,-11.466,155.685,-10.912,156.267,-1.623,0.123,-0.228,0.004,4.30,5.89,91.71
3,7.623,4.635,2.10,-11.466,155.685,-10.909,156.249,-1.623,0.101,-0.234,0.004,4.28,5.75,91.71
3,7.623,4.635,2.15,-11.466,155.685,-10.908,156.241,-1.623,0.091,-0.236,0.005,4.24,5.61,91.72
3,7.623,4.635,2.20,-11.466,155.685,-10.906,156.222,-1.623,0.069,-0.238,0.005,4.21,5.49,91.74
3,7.623,4.635,2.25,-11.466,155.685,-10.905,156.214,-1.622,0.060,-0.238,0.006,4.17,5.37,91.77
3,7.623,4.635,2.30,-11.466,155.685,-10.904,156.198,-1.621,0.044,-0.237,0.006,4.13,5.26,91.80
3,7.623,4.635,2.35,-11.466,155.685,-10.904,156.191,-1.621,0.036,-0.236,0.006,4.09,5.16,91.85
3,7.623,4.635,2.40,-11.466,155.685,-10.904,156.175,-1.620,0.020,-0.232,0.006,4.06,5.08,91.89
3,7.623,4.635,2.45,-11.466,155.685,-10.904,156.168,-1.620,0.013,-0.229,0.005,4.03,5.01,91.95
3,7.623,4.635,2.50,-11.466,155.685,-10.905,156.154,-1.619,0.001,-0.224,0.005,4.01,4.95,92.00
3,7.623,4.635,2.55,-11.466,155.685,-10.905,156.148,-1.619,-0.005,-0.222,0.004,3.98,4.89,92.05
3,7.623,4.635,2.60,-11.466,155.685,-10.906,156.134,-1.618,-0.017,-0.215,0.004,3.97,4.85,92.10
3,7.623,4.635,2.65,-11.466,155.685,-10.907,156.128,-1.618,-0.022,-0.211,0.003,3.95,4.81,92.15
3,7.623,4.635,2.70,-11.466,155.685,-10.909,156.117,-1.617,-0.031,-0.204,0.003,3.94,4.79,92.19
3,7.623,4.635,2.75,-11.466,155.685,-10.909,156.112,-1.617,-0.036,-0.201,0.003,3.93,4.76,92.23
3,7.623,4.635,2.80,-11.466,155.685,-10.912,156.100,-1.616,-0.045,-0.193,0.002,3.93,4.75,92.26
3,7.623,4.635,2.85,-11.466,155.685,-10.913,156.095,-1.615,-0.049,-0.189,0.002,3.93,4.74,92.28
3,7.623,4.635,2.90,-11.466,155.685,-10.916,156.085,-1.614,-0.057,-0.183,0.000,3.92,4.73,92.31
3,7.623,4.635,2.95,-11.466,155.685,-10.917,156.080,-1.614,-0.060,-0.179,-0.000,3.92,4.73,92.33
3,7.623,4.635,3.00,-11.466,155.685,-10.920,156.069,-1.613,-0.068,-0.173,-0.001,3.92,4.73,92.35
3,7.623,4.635,3.05,-11.466,155.685,-10.922,156.065,-1.612,-0.071,-0.170,-0.002,3.92,4.73,92.36
3,7.623,4.635,3.10,-11.466,155.685,-10.925,156.055,-1.611,-0.077,-0.164,-0.003,3.92,4.73,92.37
3,7.623,4.635,3.15,-11.466,155.685,-10.927,156.051,-1.611,-0.080,-0.161,-0.003,3.92,4.72,92.38
3,7.623,4.635,3.20,-11.466,155.685,-10.931,156.041,-1.610,-0.087,-0.154,-0.004,3.92,4.72,92.38
3,7.623,4.635,3.25,-11.466,155.685,-10.933,156.037,-1.610,-0.090,-0.151,-0.005,3.91,4.72,92.37
3,7.623,4.635,3.30,-11.466,155.685,-10.937,156.029,-1.610,-0.095,-0.146,-0.006,3.91,4.72,92.36
3,7.623,4.635,3.35,-11.466,155.685,-10.939,156.025,-1.610,-0.098,-0.143,-0.006,3.90,4.72,92.35
3,7.623,4.635,3.40,-11.466,155.685,-10.944,156.016,-1.610,-0.103,-0.138,-0.007,3.90,4.72,92.35
3,7.623,4.635,3.45,-11.466,155.685,-10.947,156.012,-1.611,-0.106,-0.135,-0.007,3.89,4.73,92.34
3,7.623,4.635,3.50,-11.466,155.685,-10.949,156.007,-1.611,-0.108,-0.133,-0.008,3.88,4.73,92.34
3,7.623,4.635,3.55,-11.466,155.685,-10.955,155.999,-1.612,-0.112,-0.129,-0.007,3.87,4.73,92.33
3,7.623,4.635,3.60,-11.466,155.685,-10.961,155.990,-1.613,-0.117,-0.124,-0.007,3.86,4.72,92.33
3,7.623,4.635,3.65,-11.466,155.685,-10.964,155.986,-1.614,-0.119,-0.122,-0.007,3.85,4.72,92.32
3,7.623,4.635,3.70,-11.466,155.685,-10.971,155.979,-1.615,-0.123,-0.117,-0.006,3.84,4.71,92.31
3,7.623,4.635,3.75,-11.466,155.685,-10.975,155.976,-1.616,-0.124,-0.114,-0.005,3.82,4.71,92.29
3,7.623,4.635,3.80,-11.466,155.685,-10.982,155.969,-1.617,-0.128,-0.109,-0.004,3.80,4.70,92.28
3,7.623,4.635,3.85,-11.466,155.685,-10.985,155.966,-1.618,-0.129,-0.106,-0.003,3.78,4.70,92.26
3,7.623,4.635,3.90,-11.466,155.685,-10.992,155.960,-1.619,-0.131,-0.101,-0.002,3.76,4.71,92.24
3,7.623,4.635,3.95,-11.466,155.685,-10.995,155.957,-1.620,-0.131,-0.098,-0.002,3.73,4.72,92.22
3,7.623,4.635,4.00,-11.466,155.685,-11.002,155.951,-1.621,-0.133,-0.093,-0.000,3.72,4.72,92.21
3,7.623,4.635,4.05,-11.466,155.685,-11.005,155.948,-1.622,-0.133,-0.091,0.000,3.70,4.74,92.20
3,7.623,4.635,4.10,-11.466,155.685,-11.012,155.943,-1.623,-0.134,-0.087,0.002,3.68,4.74,92.19
3,7.623,4.635,4.15,-11.466,155.685,-11.015,155.940,-1.623,-0.134,-0.084,0.002,3.67,4.76,92.19
3,7.623,4.635,4.20,-11.466,155.685,-11.022,155.935,-1.625,-0.135,-0.080,0.004,3.66,4.77,92.18
3,7.623,4.635,4.25,-11.466,155.685,-11.026,155.933,-1.625,-0.135,-0.077,0.004,3.65,4.78,92.18
3,7.623,4.635,4.30,-11.466,155.685,-11.029,155.931,-1.626,-0.135,-0.075,0.005,3.64,4.79,92.18
3,7.623,4.635,4.35,-11.466,155.685,-11.037,155.928,-1.627,-0.135,-0.071,0.006,3.62,4.80,92.17
3,7.623,4.635,4.40,-11.466,155.685,-11.045,155.924,-1.628,-0.136,-0.066,0.007,3.61,4.82,92.17
3,7.623,4.635,4.45,-11.466,155.685,-11.049,155.923,-1.628,-0.136,-0.064,0.007,3.60,4.84,92.17
3,7.623,4.635,4.50,-11.466,155.685,-11.058,155.921,-1.629,-0.137,-0.061,0.008,3.58,4.86,92.18
3,7.623,4.635,4.55,-11.466,155.685,-11.062,155.919,-1.629,-0.137,-0.059,0.009,3.56,4.88,92.18
3,7.623,4.635,4.60,-11.466,155.685,-11.067,155.918,-1.629,-0.137,-0.057,0.009,3.54,4.90,92.19
3,7.623,4.635,4.65,-11.466,155.685,-11.076,155.915,-1.629,-0.137,-0.055,0.010,3.51,4.92,92.21
3,7.623,4.635,4.70,-11.466,155.685,-11.084,155.912,-1.629,-0.137,-0.053,0.010,3.49,4.95,92.22
3,7.623,4.635,4.75,-11.466,155.685,-11.089,155.911,-1.629,-0.136,-0.053,0.010,3.46,4.96,92.24
3,7.623,4.635,4.80,-11.466,155.685,-11.099,155.907,-1.630,-0.135,-0.051,0.011,3.43,4.98,92.25
3,7.623,4.635,4.85,-11.466,155.685,-11.103,155.905,-1.630,-0.135,-0.051,0.011,3.40,4.99,92.27
3,7.623,4.635,4.90,-11.466,155.685,-11.112,155.902,-1.629,-0.134,-0.051,0.011,3.38,5.00,92.29
3,7.623,4.635,4.95,-11.466,155.685,-11.117,155.900,-1.629,-0.133,-0.051,0.011,3.35,5.00,92.31
3,7.623,4.635,5.00,-11.466,155.685,-11.127,155.896,-1.629,-0.131,-0.051,0.011,3.32,5.00,92.32
3,7.623,4.635,5.05,-11.466,155.685,-11.131,155.894,-1.628,-0.129,-0.051,0.011,3.29,5.00,92.34
3,7.623,4.635,5.10,-11.466,155.685,-11.139,155.889,-1.628,-0.126,-0.052,0.011,3.27,5.00,92.35
3,7.623,4.635,5.15,-11.466,155.685,-11.143,155.887,-1.627,-0.125,-0.052,0.011,3.24,4.98,92.36
3,7.623,4.635,5.20,-11.466,155.685,-11.150,155.882,-1.627,-0.120,-0.052,0.010,3.22,4.97,92.36
3,7.623,4.635,5.25,-11.466,155.685,-11.154,155.880,-1.627,-0.117,-0.052,0.010,3.21,4.95,92.36
3,7.623,4.635,5.30,-11.466,155.685,-11.160,155.876,-1.626,-0.112,-0.052,0.009,3.20,4.94,92.36
3,7.623,4.635,5.35,-11.466,155.685,-11.162,155.874,-1.626,-0.110,-0.051,0.009,3.20,4.92,92.35
3,7.623,4.635,5.40,-11.466,155.685,-11.168,155.870,-1.626,-0.104,-0.050,0.008,3.20,4.91,92.34
3,7.623,4.635,5.45,-11.466,155.685,-11.171,155.869,-1.626,-0.102,-0.049,0.008,3.21,4.89,92.34
3,7.623,4.635,5.50,-11.466,155.685,-11.175,155.866,-1.626,-0.097,-0.047,0.008,3.22,4.89,92.33
3,7.623,4.635,5.55,-11.466,155.685,-11.177,155.865,-1.626,-0.094,-0.046,0.008,3.24,4.89,92.32
3,7.623,4.635,5.60,-11.466,155.685,-11.181,155.863,-1.627,-0.089,-0.043,0.007,3.26,4.89,92.31
3,7.623,4.635,5.65,-11.466,155.685,-11.182,155.861,-1.627,-0.087,-0.042,0.007,3.29,4.89,92.30
3,7.623,4.635,5.70,-11.466,155.685,-11.185,155.860,-1.626,-0.082,-0.040,0.007,3.31,4.90,92.29
3,7.623,4.635,5.75,-11.466,155.685,-11.187,155.859,-1.626,-0.080,-0.039,0.007,3.34,4.90,92.29
3,7.623,4.635,5.80,-11.466,155.685,-11.189,155.857,-1.626,-0.076,-0.037,0.007,3.37,4.91,92.28
3,7.623,4.635,5.85,-11.466,155.685,-11.190,155.856,-1.625,-0.074,-0.036,0.007,3.40,4.92,92.28
3,7.623,4.635,5.90,-11.466,155.685,-11.193,155.855,-1.625,-0.071,-0.035,0.006,3.43,4.93,92.28
3,7.623,4.635,5.95,-11.466,155.685,-11.194,155.854,-1.625,-0.070,-0.034,0.006,3.46,4.95,92.27
3,7.623,4.635,6.00,-11.466,155.685,-11.197,155.852,-1.624,-0.068,-0.033,0.006,3.49,4.96,92.28
3,7.623,4.635,6.05,-11.466,155.685,-11.198,155.852,-1.624,-0.067,-0.032,0.005,3.51,4.97,92.28
3,7.623,4.635,6.10,-11.466,155.685,-11.201,155.850,-1.623,-0.066,-0.032,0.004,3.54,4.98,92.28
3,7.623,4.635,6.15,-11.466,155.685,-11.202,155.850,-1.623,-0.066,-0.031,0.004,3.56,5.00,92.28
3,7.623,4.635,6.20,-11.466,155.685,-11.205,155.848,-1.622,-0.065,-0.031,0.003,3.57,5.00,92.28
3,7.623,4.635,6.25,-11.466,155.685,-11.207,155.847,-1.622,-0.064,-0.031,0.003,3.59,5.01,92.29
3,7.623,4.635,6.30,-11.466,155.685,-11.209,155.846,-1.622,-0.064,-0.031,0.002,3.59,5.01,92.29
3,7.623,4.635,6.35,-11.466,155.685,-11.211,155.845,-1.622,-0.064,-0.031,0.001,3.60,5.02,92.30
3,7.623,4.635,6.40,-11.466,155.685,-11.214,155.844,-1.622,-0.064,-0.031,0.001,3.61,5.02,92.30
3,7.623,4.635,6.45,-11.466,155.685,-11.215,155.843,-1.622,-0.064,-0.030,0.001,3.61,5.02,92.31
3,7.623,4.635,6.50,-11.466,155.685,-11.218,155.842,-1.623,-0.064,-0.030,0.001,3.62,5.03,92.32
3,7.623,4.635,6.55,-11.466,155.685,-11.220,155.841,-1.624,-0.064,-0.030,0.000,3.62,5.04,92.33
3,7.623,4.635,6.60,-11.466,155.685,-11.222,155.840,-1.624,-0.065,-0.030,0.001,3.62,5.04,92.34
3,7.623,4.635,6.65,-11.466,155.685,-11.226,155.839,-1.626,-0.065,-0.030,0.001,3.62,5.05,92.35
3,7.623,4.635,6.70,-11.466,155.685,-11.230,155.837,-1.627,-0.066,-0.031,0.002,3.61,5.05,92.35
3,7.623,4.635,6.75,-11.466,155.685,-11.232,155.836,-1.627,-0.066,-0.031,0.003,3.60,5.05,92.36
3,7.623,4.635,6.80,-11.466,155.685,-11.237,155.834,-1.628,-0.067,-0.032,0.004,3.59,5.05,92.36
3,7.623,4.635,6.85,-11.466,155.685,-11.239,155.832,-1.628,-0.068,-0.032,0.005,3.58,5.05,92.36
3,7.623,4.635,6.90,-11.466,155.685,-11.243,155.830,-1.628,-0.068,-0.033,0.006,3.56,5.05,92.36
3,7.623,4.635,6.95,-11.466,155.685,-11.245,155.828,-1.628,-0.068,-0.034,0.006,3.55,5.04,92.35
3,7.623,4.635,7.00,-11.466,155.685,-11.250,155.825,-1.627,-0.068,-0.035,0.007,3.53,5.03,92.35
3,7.623,4.635,7.05,-11.466,155.685,-11.252,155.824,-1.627,-0.067,-0.035,0.007,3.51,5.02,92.35
3,7.623,4.635,7.10,-11.466,155.685,-11.256,155.821,-1.626,-0.066,-0.036,0.007,3.50,5.00,92.34
3,7.623,4.635,7.15,-11.466,155.685,-11.258,155.820,-1.625,-0.066,-0.036,0.007,3.48,4.99,92.33
3,7.623,4.635,7.20,-11.466,155.685,-11.261,155.818,-1.625,-0.065,-0.036,0.007,3.47,4.98,92.33
3,7.623,4.635,7.25,-11.466,155.685,-11.265,155.816,-1.624,-0.064,-0.036,0.006,3.46,4.97,92.32
3,7.623,4.635,7.30,-11.466,155.685,-11.269,155.814,-1.623,-0.063,-0.035,0.005,3.45,4.96,92.31
3,7.623,4.635,7.35,-11.466,155.685,-11.271,155.813,-1.623,-0.062,-0.035,0.005,3.44,4.95,92.31
3,7.623,4.635,7.40,-11.466,155.685,-11.276,155.810,-1.623,-0.061,-0.034,0.004,3.44,4.94,92.31
3,7.623,4.635,7.45,-11.466,155.685,-11.278,155.810,-1.623,-0.060,-0.033,0.004,3.43,4.94,92.31
3,7.623,4.635,7.50,-11.466,155.685,-11.282,155.808,-1.622,-0.059,-0.032,0.004,3.43,4.94,92.31
3,7.623,4.635,7.55,-11.466,155.685,-11.285,155.807,-1.622,-0.059,-0.032,0.003,3.43,4.94,92.32
3,7.623,4.635,7.60,-11.466,155.685,-11.291,155.804,-1.621,-0.058,-0.031,0.003,3.42,4.94,92.32
3,7.623,4.635,7.65,-11.466,155.685,-11.294,155.802,-1.621,-0.058,-0.031,0.003,3.41,4.94,92.32
3,7.623,4.635,7.70,-11.466,155.685,-11.299,155.800,-1.621,-0.058,-0.031,0.002,3.40,4.94,92.32
3,7.623,4.635,7.75,-11.466,155.685,-11.302,155.798,-1.620,-0.057,-0.031,0.002,3.38,4.94,92.32
3,7.623,4.635,7.80,-11.466,155.685,-11.308,155.794,-1.620,-0.056,-0.032,0.001,3.36,4.93,92.32
3,7.623,4.635,7.85,-11.466,155.685,-11.311,155.792,-1.620,-0.056,-0.032,0.001,3.33,4.92,92.32
3,7.623,4.635,7.90,-11.466,155.685,-11.316,155.789,-1.620,-0.054,-0.033,0.001,3.31,4.91,92.31
3,7.623,4.635,7.95,-11.466,155.685,-11.319,155.786,-1.620,-0.053,-0.033,0.001,3.29,4.90,92.31
4,4.145,0.785,0.00,-11.466,155.685,-11.454,155.707,-1.633,-0.179,-0.091,0.021,2.09,4.37,92.41
4,4.145,0.785,0.05,-11.466,155.685,-11.469,155.701,-1.633,-0.186,-0.098,0.022,1.89,4.28,92.41
4,4.145,0.785,0.10,-11.466,155.685,-11.476,155.697,-1.633,-0.189,-0.101,0.022,1.71,4.19,92.41
4,4.145,0.785,0.15,-11.466,155.685,-11.492,155.689,-1.632,-0.192,-0.107,0.023,1.52,4.10,92.42
4,4.145,0.785,0.20,-11.466,155.685,-11.499,155.686,-1.631,-0.193,-0.110,0.023,1.34,4.01,92.42
4,4.145,0.785,0.25,-11.466,155.685,-11.513,155.678,-1.631,-0.193,-0.115,0.023,1.17,3.91,92.42
4,4.145,0.785,0.30,-11.466,155.685,-11.520,155.674,-1.630,-0.192,-0.117,0.023,1.01,3.82,92.42
4,4.145,0.785,0.35,-11.466,155.685,-11.535,155.665,-1.629,-0.188,-0.120,0.022,0.85,3.72,92.43
4,4.145,0.785,0.40,-11.466,155.685,-11.541,155.661,-1.628,-0.185,-0.122,0.022,0.72,3.63,92.43
4,4.145,0.785,0.45,-11.466,155.685,-11.552,155.652,-1.627,-0.178,-0.123,0.021,0.59,3.53,92.44
4,4.145,0.785,0.50,-11.466,155.685,-11.558,155.649,-1.627,-0.174,-0.123,0.020,0.48,3.44,92.44
4,4.145,0.785,0.55,-11.466,155.685,-11.569,155.640,-1.626,-0.164,-0.123,0.019,0.38,3.34,92.45
4,4.145,0.785,0.60,-11.466,155.685,-11.573,155.636,-1.625,-0.158,-0.122,0.018,0.30,3.26,92.45
4,4.145,0.785,0.65,-11.466,155.685,-11.581,155.629,-1.624,-0.148,-0.120,0.017,0.23,3.18,92.46
4,4.145,0.785,0.70,-11.466,155.685,-11.585,155.625,-1.624,-0.142,-0.119,0.017,0.18,3.11,92.46
4,4.145,0.785,0.75,-11.466,155.685,-11.592,155.618,-1.623,-0.129,-0.114,0.015,0.14,3.04,92.46
4,4.145,0.785,0.80,-11.466,155.685,-11.594,155.615,-1.623,-0.122,-0.112,0.015,0.12,2.98,92.46
4,4.145,0.785,0.85,-11.466,155.685,-11.599,155.609,-1.622,-0.110,-0.108,0.013,0.10,2.92,92.46
4,4.145,0.785,0.90,-11.466,155.685,-11.601,155.607,-1.622,-0.104,-0.105,0.013,0.10,2.87,92.46
4,4.145,0.785,0.95,-11.466,155.685,-11.604,155.601,-1.622,-0.090,-0.099,0.012,0.10,2.83,92.45
4,4.145,0.785,1.00,-11.466,155.685,-11.605,155.598,-1.622,-0.084,-0.096,0.012,0.11,2.79,92.45
4,4.145,0.785,1.05,-11.466,155.685,-11.607,155.593,-1.623,-0.072,-0.091,0.011,0.13,2.76,92.45
4,4.145,0.785,1.10,-11.466,155.685,-11.607,155.591,-1.623,-0.067,-0.089,0.011,0.16,2.73,92.45
4,4.145,0.785,1.15,-11.466,155.685,-11.607,155.585,-1.623,-0.054,-0.083,0.011,0.19,2.70,92.45
4,4.145,0.785,1.20,-11.466,155.685,-11.606,155.583,-1.624,-0.049,-0.080,0.011,0.22,2.67,92.44
4,4.145,0.785,1.25,-11.466,155.685,-11.605,155.579,-1.624,-0.039,-0.075,0.011,0.26,2.64,92.44
4,4.145,0.785,1.30,-11.466,155.685,-11.604,155.577,-1.624,-0.034,-0.072,0.011,0.31,2.62,92.44
4,4.145,0.785,1.35,-11.466,155.685,-11.602,155.573,-1.625,-0.024,-0.065,0.011,0.35,2.60,92.43
4,4.145,0.785,1.40,-11.466,155.685,-11.601,155.572,-1.625,-0.020,-0.062,0.011,0.40,2.58,92.43
4,4.145,0.785,1.45,-11.466,155.685,-11.599,155.569,-1.625,-0.014,-0.056,0.011,0.45,2.56,92.43
4,4.145,0.785,1.50,-11.466,155.685,-11.598,155.568,-1.626,-0.011,-0.053,0.011,0.49,2.55,92.43
4,4.145,0.785,1.55,-11.466,155.685,-11.595,155.566,-1.626,-0.005,-0.046,0.012,0.54,2.55,92.43
4,4.145,0.785,1.60,-11.466,155.685,-11.594,155.565,-1.626,-0.003,-0.043,0.011,0.58,2.54,92.42
4,4.145,0.785,1.65,-11.466,155.685,-11.592,155.564,-1.626,0.000,-0.038,0.011,0.61,2.54,92.42
4,4.145,0.785,1.70,-11.466,155.685,-11.592,155.563,-1.626,0.002,-0.035,0.011,0.64,2.54,92.42
4,4.145,0.785,1.75,-11.466,155.685,-11.590,155.562,-1.627,0.004,-0.029,0.012,0.67,2.54,92.42
4,4.145,0.785,1.80,-11.466,155.685,-11.590,155.562,-1.627,0.005,-0.026,0.012,0.68,2.55,92.42
4,4.145,0.785,1.85,-11.466,155.685,-11.589,155.562,-1.626,0.005,-0.021,0.012,0.70,2.55,92.42
4,4.145,0.785,1.90,-11.466,155.685,-11.589,155.562,-1.626,0.006,-0.018,0.011,0.70,2.56,92.42
4,4.145,0.785,1.95,-11.466,155.685,-11.588,155.563,-1.626,0.006,-0.012,0.011,0.71,2.57,92.43
4,4.145,0.785,2.00,-11.466,155.685,-11.588,155.563,-1.626,0.006,-0.010,0.011,0.70,2.59,92.43
4,4.145,0.785,2.05,-11.466,155.685,-11.588,155.564,-1.625,0.006,-0.005,0.011,0.69,2.61,92.44
4,4.145,0.785,2.10,-11.466,155.685,-11.588,155.564,-1.625,0.006,-0.003,0.011,0.68,2.62,92.44
4,4.145,0.785,2.15,-11.466,155.685,-11.587,155.566,-1.625,0.006,0.002,0.010,0.67,2.64,92.44
4,4.145,0.785,2.20,-11.466,155.685,-11.587,155.567,-1.625,0.007,0.003,0.010,0.65,2.66,92.45
4,4.145,0.785,2.25,-11.466,155.685,-11.586,155.568,-1.626,0.008,0.007,0.009,0.64,2.68,92.45
4,4.145,0.785,2.30,-11.466,155.685,-11.585,155.569,-1.626,0.008,0.008,0.009,0.63,2.70,92.44
4,4.145,0.785,2.35,-11.466,155.685,-11.583,155.570,-1.626,0.010,0.011,0.009,0.63,2.72,92.44
4,4.145,0.785,2.40,-11.466,155.685,-11.583,155.571,-1.626,0.010,0.012,0.009,0.62,2.74,92.43
4,4.145,0.785,2.45,-11.466,155.685,-11.581,155.573,-1.627,0.012,0.014,0.009,0.62,2.76,92.43
4,4.145,0.785,2.50,-11.466,155.685,-11.580,155.573,-1.627,0.013,0.015,0.009,0.63,2.77,92.42
4,4.145,0.785,2.55,-11.466,155.685,-11.577,155.574,-1.627,0.014,0.016,0.009,0.63,2.78,92.41
4,4.145,0.785,2.60,-11.466,155.685,-11.576,155.575,-1.627,0.015,0.016,0.009,0.64,2.79,92.40
4,4.145,0.785,2.65,-11.466,155.685,-11.573,155.576,-1.627,0.017,0.016,0.010,0.65,2.79,92.40
4,4.145,0.785,2.70,-11.466,155.685,-11.572,155.576,-1.627,0.017,0.017,0.010,0.66,2.80,92.39
4,4.145,0.785,2.75,-11.466,155.685,-11.569,155.576,-1.627,0.018,0.016,0.010,0.68,2.79,92.38
4,4.145,0.785,2.80,-11.466,155.685,-11.567,155.577,-1.626,0.019,0.016,0.010,0.69,2.79,92.37
4,4.145,0.785,2.85,-11.466,155.685,-11.565,155.577,-1.626,0.019,0.016,0.010,0.71,2.78,92.36
4,4.145,0.785,2.90,-11.466,155.685,-11.563,155.576,-1.625,0.019,0.015,0.009,0.72,2.78,92.35
4,4.145,0.785,2.95,-11.466,155.685,-11.561,155.576,-1.624,0.019,0.014,0.009,0.73,2.76,92.35
4,4.145,0.785,3.00,-11.466,155.685,-11.559,155.576,-1.623,0.019,0.014,0.008,0.74,2.75,92.34
4,4.145,0.785,3.05,-11.466,155.685,-11.557,155.576,-1.623,0.019,0.014,0.007,0.75,2.73,92.34
4,4.145,0.785,3.10,-11.466,155.685,-11.555,155.576,-1.622,0.018,0.014,0.007,0.76,2.72,92.33
4,4.145,0.785,3.15,-11.466,155.685,-11.552,155.576,-1.622,0.018,0.015,0.006,0.77,2.70,92.33
4,4.145,0.785,3.20,-11.466,155.685,-11.551,155.577,-1.622,0.018,0.015,0.005,0.77,2.69,92.33
4,4.145,0.785,3.25,-11.466,155.685,-11.548,155.577,-1.621,0.018,0.016,0.004,0.78,2.68,92.33
4,4.145,0.785,3.30,-11.466,155.685,-11.547,155.578,-1.620,0.017,0.016,0.004,0.79,2.67,92.33
4,4.145,0.785,3.35,-11.466,155.685,-11.544,155.579,-1.619,0.017,0.018,0.003,0.79,2.67,92.34
4,4.145,0.785,3.40,-11.466,155.685,-11.543,155.579,-1.619,0.016,0.018,0.003,0.80,2.66,92.34
4,4.145,0.785,3.45,-11.466,155.685,-11.541,155.581,-1.618,0.015,0.020,0.002,0.81,2.66,92.34
4,4.145,0.785,3.50,-11.466,155.685,-11.540,155.581,-1.618,0.014,0.021,0.001,0.81,2.67,92.35
4,4.145,0.785,3.55,-11.466,155.685,-11.538,155.583,-1.618,0.013,0.022,0.001,0.81,2.67,92.35
4,4.145,0.785,3.60,-11.466,155.685,-11.537,155.584,-1.618,0.013,0.023,0.000,0.81,2.68,92.35
4,4.145,0.785,3.65,-11.466,155.685,-11.535,155.586,-1.618,0.012,0.024,-0.001,0.81,2.69,92.35
4,4.145,0.785,3.70,-11.466,155.685,-11.534,155.586,-1.618,0.011,0.024,-0.001,0.81,2.70,92.35
4,4.145,0.785,3.75,-11.466,155.685,-11.532,155.588,-1.619,0.010,0.025,-0.001,0.82,2.71,92.35
4,4.145,0.785,3.80,-11.466,155.685,-11.531,155.589,-1.619,0.010,0.025,-0.002,0.81,2.72,92.36
4,4.145,0.785,3.85,-11.466,155.685,-11.529,155.590,-1.620,0.009,0.025,-0.001,0.82,2.72,92.36
4,4.145,0.785,3.90,-11.466,155.685,-11.528,155.591,-1.620,0.008,0.025,-0.001,0.82,2.73,92.36
4,4.145,0.785,3.95,-11.466,155.685,-11.526,155.592,-1.621,0.008,0.025,-0.001,0.82,2.73,92.36
4,4.145,0.785,4.00,-11.466,155.685,-11.525,155.592,-1.621,0.007,0.025,-0.001,0.82,2.73,92.36
4,4.145,0.785,4.05,-11.466,155.685,-11.523,155.593,-1.622,0.007,0.024,-0.000,0.82,2.73,92.35
4,4.145,0.785,4.10,-11.466,155.685,-11.522,155.594,-1.622,0.006,0.024,0.000,0.82,2.73,92.35
4,4.145,0.785,4.15,-11.466,155.685,-11.520,155.595,-1.622,0.005,0.024,0.001,0.82,2.73,92.35
4,4.145,0.785,4.20,-11.466,155.685,-11.519,155.596,-1.622,0.005,0.024,0.001,0.82,2.73,92.35
4,4.145,0.785,4.25,-11.466,155.685,-11.518,155.597,-1.623,0.004,0.024,0.002,0.82,2.73,92.35
4,4.145,0.785,4.30,-11.466,155.685,-11.517,155.597,-1.623,0.003,0.024,0.002,0.83,2.73,92.35
4,4.145,0.785,4.35,-11.466,155.685,-11.517,155.598,-1.623,0.001,0.024,0.002,0.82,2.73,92.35
4,4.145,0.785,4.40,-11.466,155.685,-11.517,155.598,-1.624,-0.000,0.024,0.002,0.82,2.73,92.35
4,4.145,0.785,4.45,-11.466,155.685,-11.517,155.599,-1.624,-0.002,0.023,0.003,0.81,2.73,92.35
4,4.145,0.785,4.50,-11.466,155.685,-11.517,155.600,-1.625,-0.003,0.024,0.003,0.80,2.72,92.35
4,4.145,0.785,4.55,-11.466,155.685,-11.518,155.600,-1.625,-0.006,0.024,0.003,0.79,2.72,92.35
4,4.145,0.785,4.60,-11.466,155.685,-11.519,155.601,-1.626,-0.007,0.024,0.004,0.77,2.72,92.35
4,4.145,0.785,4.65,-11.466,155.685,-11.520,155.601,-1.626,-0.009,0.023,0.004,0.75,2.72,92.35
4,4.145,0.785,4.70,-11.466,155.685,-11.521,155.601,-1.626,-0.009,0.023,0.005,0.73,2.72,92.35
4,4.145,0.785,4.75,-11.466,155.685,-11.522,155.601,-1.625,-0.011,0.022,0.005,0.70,2.72,92.35
4,4.145,0.785,4.80,-11.466,155.685,-11.523,155.600,-1.625,-0.011,0.022,0.006,0.67,2.71,92.35
4,4.145,0.785,4.85,-11.466,155.685,-11.525,155.599,-1.623,-0.012,0.021,0.005,0.65,2.70,92.35
4,4.145,0.785,4.90,-11.466,155.685,-11.526,155.599,-1.623,-0.012,0.020,0.005,0.62,2.70,92.35
4,4.145,0.785,4.95,-11.466,155.685,-11.528,155.598,-1.621,-0.012,0.020,0.005,0.59,2.68,92.35
4,4.145,0.785,5.00,-11.466,155.685,-11.529,155.598,-1.621,-0.012,0.020,0.004,0.57,2.67,92.35
4,4.145,0.785,5.05,-11.466,155.685,-11.530,155.597,-1.619,-0.012,0.019,0.003,0.55,2.65,92.35
4,4.145,0.785,5.10,-11.466,155.685,-11.531,155.596,-1.619,-0.011,0.019,0.003,0.52,2.64,92.35
4,4.145,0.785,5.15,-11.466,155.685,-11.533,155.596,-1.617,-0.010,0.020,0.001,0.51,2.62,92.35
4,4.145,0.785,5.20,-11.466,155.685,-11.533,155.596,-1.617,-0.009,0.020,0.001,0.49,2.61,92.35
4,4.145,0.785,5.25,-11.466,155.685,-11.535,155.595,-1.616,-0.008,0.021,-0.000,0.47,2.60,92.35
4,4.145,0.785,5.30,-11.466,155.685,-11.535,155.595,-1.615,-0.007,0.021,-0.001,0.47,2.59,92.34
4,4.145,0.785,5.35,-11.466,155.685,-11.536,155.594,-1.614,-0.005,0.022,-0.003,0.46,2.58,92.34
4,4.145,0.785,5.40,-11.466,155.685,-11.536,155.594,-1.614,-0.004,0.023,-0.003,0.45,2.58,92.34
4,4.145,0.785,5.45,-11.466,155.685,-11.537,155.594,-1.614,-0.002,0.024,-0.004,0.45,2.57,92.34
4,4.145,0.785,5.50,-11.466,155.685,-11.537,155.594,-1.615,-0.001,0.024,-0.005,0.45,2.57,92.34
4,4.145,0.785,5.55,-11.466,155.685,-11.538,155.594,-1.616,0.001,0.026,-0.006,0.44,2.57,92.34
4,4.145,0.785,5.60,-11.466,155.685,-11.538,155.594,-1.616,0.002,0.026,-0.006,0.44,2.56,92.34
4,4.145,0.785,5.65,-11.466,155.685,-11.538,155.594,-1.618,0.004,0.028,-0.005,0.45,2.56,92.34
4,4.145,0.785,5.70,-11.466,155.685,-11.538,155.594,-1.618,0.006,0.029,-0.005,0.45,2.56,92.33
4,4.145,0.785,5.75,-11.466,155.685,-11.538,155.595,-1.619,0.008,0.031,-0.004,0.46,2.57,92.33
4,4.145,0.785,5.80,-11.466,155.685,-11.537,155.595,-1.620,0.009,0.031,-0.004,0.46,2.57,92.33
4,4.145,0.785,5.85,-11.466,155.685,-11.536,155.595,-1.621,0.012,0.033,-0.003,0.47,2.58,92.33
4,4.145,0.785,5.90,-11.466,155.685,-11.536,155.596,-1.621,0.013,0.033,-0.002,0.48,2.58,92.33
4,4.145,0.785,5.95,-11.466,155.685,-11.534,155.596,-1.622,0.016,0.034,-0.001,0.50,2.59,92.33
4,4.145,0.785,6.00,-11.466,155.685,-11.532,155.597,-1.623,0.017,0.034,-0.001,0.51,2.59,92.33
4,4.145,0.785,6.05,-11.466,155.685,-11.530,155.597,-1.624,0.019,0.035,0.000,0.53,2.60,92.33
4,4.145,0.785,6.10,-11.466,155.685,-11.529,155.598,-1.624,0.020,0.036,0.001,0.55,2.60,92.33
4,4.145,0.785,6.15,-11.466,155.685,-11.525,155.599,-1.625,0.023,0.036,0.002,0.58,2.61,92.33
4,4.145,0.785,6.20,-11.466,155.685,-11.524,155.599,-1.625,0.024,0.037,0.002,0.60,2.61,92.33
4,4.145,0.785,6.25,-11.466,155.685,-11.521,155.600,-1.625,0.025,0.037,0.003,0.63,2.61,92.33
4,4.145,0.785,6.30,-11.466,155.685,-11.519,155.600,-1.626,0.025,0.037,0.003,0.66,2.62,92.32
4,4.145,0.785,6.35,-11.466,155.685,-11.515,155.601,-1.626,0.026,0.038,0.004,0.69,2.62,92.32
4,4.145,0.785,6.40,-11.466,155.685,-11.514,155.602,-1.626,0.027,0.038,0.004,0.71,2.62,92.32
4,4.145,0.785,6.45,-11.466,155.685,-11.510,155.603,-1.626,0.027,0.039,0.004,0.74,2.63,92.32
4,4.145,0.785,6.50,-11.466,155.685,-11.509,155.604,-1.626,0.027,0.039,0.005,0.77,2.63,92.32
4,4.145,0.785,6.55,-11.466,155.685,-11.505,155.606,-1.626,0.027,0.040,0.005,0.79,2.64,92.32
4,4.145,0.785,6.60,-11.466,155.685,-11.503,155.607,-1.626,0.027,0.040,0.005,0.82,2.64,92.32
4,4.145,0.785,6.65,-11.466,155.685,-11.500,155.609,-1.626,0.026,0.041,0.005,0.84,2.65,92.32
4,4.145,0.785,6.70,-11.466,155.685,-11.498,155.610,-1.626,0.025,0.041,0.005,0.86,2.66,92.32
4,4.145,0.785,6.75,-11.466,155.685,-11.495,155.611,-1.627,0.024,0.040,0.005,0.88,2.67,92.32
4,4.145,0.785,6.80,-11.466,155.685,-11.493,155.611,-1.627,0.023,0.040,0.005,0.90,2.68,92.32
4,4.145,0.785,6.85,-11.466,155.685,-11.490,155.611,-1.628,0.022,0.039,0.005,0.91,2.69,92.32
4,4.145,0.785,6.90,-11.466,155.685,-11.489,155.611,-1.629,0.021,0.038,0.005,0.92,2.69,92.32
4,4.145,0.785,6.95,-11.466,155.685,-11.485,155.611,-1.630,0.019,0.036,0.006,0.94,2.69,92.32
4,4.145,0.785,7.00,-11.466,155.685,-11.484,155.611,-1.631,0.018,0.035,0.006,0.94,2.68,92.32
4,4.145,0.785,7.05,-11.466,155.685,-11.482,155.610,-1.632,0.016,0.034,0.007,0.95,2.67,92.33
4,4.145,0.785,7.10,-11.466,155.685,-11.481,155.610,-1.633,0.015,0.033,0.008,0.96,2.66,92.33
4,4.145,0.785,7.15,-11.466,155.685,-11.478,155.609,-1.634,0.012,0.032,0.009,0.96,2.64,92.33
4,4.145,0.785,7.20,-11.466,155.685,-11.478,155.609,-1.635,0.011,0.031,0.010,0.97,2.63,92.33
4,4.145,0.785,7.25,-11.466,155.685,-11.476,155.608,-1.636,0.008,0.031,0.011,0.97,2.61,92.33
4,4.145,0.785,7.30,-11.466,155.685,-11.476,155.608,-1.636,0.007,0.031,0.012,0.97,2.59,92.33
4,4.145,0.785,7.35,-11.466,155.685,-11.475,155.608,-1.636,0.004,0.031,0.013,0.96,2.58,92.33
4,4.145,0.785,7.40,-11.466,155.685,-11.475,155.608,-1.636,0.002,0.031,0.014,0.95,2.57,92.33
4,4.145,0.785,7.45,-11.466,155.685,-11.476,155.609,-1.635,-0.001,0.032,0.015,0.94,2.56,92.33
4,4.145,0.785,7.50,-11.466,155.685,-11.476,155.610,-1.635,-0.003,0.033,0.015,0.93,2.56,92.33
4,4.145,0.785,7.55,-11.466,155.685,-11.477,155.612,-1.633,-0.007,0.034,0.015,0.91,2.56,92.33
4,4.145,0.785,7.60,-11.466,155.685,-11.478,155.613,-1.633,-0.008,0.035,0.015,0.88,2.56,92.33
4,4.145,0.785,7.65,-11.466,155.685,-11.480,155.615,-1.631,-0.011,0.037,0.014,0.86,2.57,92.33
4,4.145,0.785,7.70,-11.466,155.685,-11.481,155.616,-1.630,-0.013,0.038,0.014,0.83,2.59,92.32
4,4.145,0.785,7.75,-11.466,155.685,-11.483,155.619,-1.629,-0.015,0.039,0.013,0.80,2.61,92.32
4,4.145,0.785,7.80,-11.466,155.685,-11.484,155.621,-1.629,-0.016,0.040,0.012,0.77,2.63,92.32
4,4.145,0.785,7.85,-11.466,155.685,-11.487,155.624,-1.628,-0.018,0.041,0.010,0.73,2.65,92.32
4,4.145,0.785,7.90,-11.466,155.685,-11.488,155.625,-1.628,-0.018,0.042,0.009,0.70,2.67,92.32
4,4.145,0.785,7.95,-11.466,155.685,-11.492,155.629,-1.628,-0.019,0.042,0.008,0.67,2.70,92.32
5,-2.185,-0.074,0.00,-11.466,155.685,-11.628,155.589,-1.631,-0.260,-0.241,0.009,-2.69,1.14,92.45
5,-2.185,-0.074,0.05,-11.466,155.685,-11.646,155.568,-1.631,-0.248,-0.263,0.008,-2.93,0.85,92.49
5,-2.185,-0.074,0.10,-11.466,155.685,-11.662,155.548,-1.631,-0.233,-0.279,0.008,-3.17,0.54,92.53
5,-2.185,-0.074,0.15,-11.466,155.685,-11.669,155.538,-1.631,-0.224,-0.286,0.008,-3.35,0.25,92.56
5,-2.185,-0.074,0.20,-11.466,155.685,-11.683,155.517,-1.631,-0.203,-0.297,0.007,-3.52,-0.07,92.59
5,-2.185,-0.074,0.25,-11.466,155.685,-11.691,155.504,-1.631,-0.189,-0.302,0.007,-3.63,-0.36,92.62
5,-2.185,-0.074,0.30,-11.466,155.685,-11.702,155.482,-1.631,-0.165,-0.307,0.006,-3.73,-0.67,92.64
5,-2.185,-0.074,0.35,-11.466,155.685,-11.706,155.471,-1.631,-0.151,-0.308,0.006,-3.79,-0.95,92.66
5,-2.185,-0.074,0.40,-11.466,155.685,-11.714,155.450,-1.632,-0.124,-0.308,0.006,-3.82,-1.24,92.67
5,-2.185,-0.074,0.45,-11.466,155.685,-11.718,155.437,-1.632,-0.107,-0.306,0.006,-3.82,-1.49,92.68
5,-2.185,-0.074,0.50,-11.466,155.685,-11.722,155.416,-1.632,-0.079,-0.301,0.006,-3.79,-1.76,92.67
5,-2.185,-0.074,0.55,-11.466,155.685,-11.724,155.406,-1.632,-0.065,-0.297,0.007,-3.75,-1.99,92.67
5,-2.185,-0.074,0.60,-11.466,155.685,-11.726,155.386,-1.631,-0.037,-0.287,0.007,-3.67,-2.22,92.66
5,-2.185,-0.074,0.65,-11.466,155.685,-11.726,155.374,-1.631,-0.019,-0.280,0.007,-3.58,-2.41,92.64
5,-2.185,-0.074,0.70,-11.466,155.685,-11.725,155.357,-1.631,0.007,-0.265,0.007,-3.46,-2.61,92.62
5,-2.185,-0.074,0.75,-11.466,155.685,-11.724,155.348,-1.631,0.020,-0.257,0.007,-3.34,-2.77,92.59
5,-2.185,-0.074,0.80,-11.466,155.685,-11.721,155.332,-1.631,0.044,-0.240,0.007,-3.20,-2.92,92.56
5,-2.185,-0.074,0.85,-11.466,155.685,-11.718,155.323,-1.631,0.058,-0.228,0.007,-3.06,-3.05,92.53
5,-2.185,-0.074,0.90,-11.466,155.685,-11.712,155.310,-1.631,0.080,-0.208,0.008,-2.90,-3.16,92.50
5,-2.185,-0.074,0.95,-11.466,155.685,-11.709,155.304,-1.631,0.090,-0.198,0.008,-2.75,-3.25,92.47
5,-2.185,-0.074,1.00,-11.466,155.685,-11.706,155.299,-1.631,0.099,-0.187,0.008,-2.58,-3.32,92.44
5,-2.185,-0.074,1.05,-11.466,155.685,-11.697,155.287,-1.631,0.119,-0.163,0.008,-2.42,-3.38,92.41
5,-2.185,-0.074,1.10,-11.466,155.685,-11.688,155.279,-1.632,0.134,-0.140,0.009,-2.25,-3.42,92.39
5,-2.185,-0.074,1.15,-11.466,155.685,-11.683,155.276,-1.631,0.141,-0.129,0.009,-2.09,-3.44,92.37
5,-2.185,-0.074,1.20,-11.466,155.685,-11.672,155.270,-1.631,0.154,-0.107,0.010,-1.92,-3.45,92.36
5,-2.185,-0.074,1.25,-11.466,155.685,-11.666,155.267,-1.631,0.161,-0.092,0.010,-1.77,-3.44,92.35
5,-2.185,-0.074,1.30,-11.466,155.685,-11.654,155.264,-1.630,0.170,-0.070,0.010,-1.60,-3.42,92.34
5,-2.185,-0.074,1.35,-11.466,155.685,-11.648,155.263,-1.630,0.174,-0.059,0.010,-1.45,-3.39,92.34
5,-2.185,-0.074,1.40,-11.466,155.685,-11.636,155.262,-1.629,0.181,-0.038,0.010,-1.30,-3.35,92.34
5,-2.185,-0.074,1.45,-11.466,155.685,-11.628,155.263,-1.628,0.184,-0.025,0.010,-1.16,-3.30,92.35
5,-2.185,-0.074,1.50,-11.466,155.685,-11.615,155.265,-1.627,0.188,-0.005,0.010,-1.01,-3.24,92.35
5,-2.185,-0.074,1.55,-11.466,155.685,-11.609,155.266,-1.627,0.189,0.005,0.010,-0.88,-3.17,92.36
5,-2.185,-0.074,1.60,-11.466,155.685,-11.597,155.270,-1.626,0.190,0.023,0.009,-0.74,-3.09,92.38
5,-2.185,-0.074,1.65,-11.466,155.685,-11.590,155.273,-1.626,0.190,0.033,0.009,-0.62,-3.01,92.38
5,-2.185,-0.074,1.70,-11.466,155.685,-11.578,155.278,-1.626,0.188,0.049,0.008,-0.50,-2.92,92.39
5,-2.185,-0.074,1.75,-11.466,155.685,-11.572,155.281,-1.625,0.187,0.056,0.008,-0.39,-2.83,92.39
5,-2.185,-0.074,1.80,-11.466,155.685,-11.560,155.287,-1.625,0.183,0.069,0.007,-0.29,-2.74,92.40
5,-2.185,-0.074,1.85,-11.466,155.685,-11.553,155.291,-1.624,0.180,0.077,0.007,-0.20,-2.65,92.40
5,-2.185,-0.074,1.90,-11.466,155.685,-11.543,155.298,-1.624,0.174,0.087,0.006,-0.11,-2.56,92.41
5,-2.185,-0.074,1.95,-11.466,155.685,-11.538,155.302,-1.624,0.171,0.092,0.006,-0.04,-2.48,92.42
5,-2.185,-0.074,2.00,-11.466,155.685,-11.529,155.310,-1.624,0.164,0.101,0.005,0.03,-2.39,92.43
5,-2.185,-0.074,2.05,-11.466,155.685,-11.523,155.315,-1.624,0.158,0.105,0.005,0.08,-2.31,92.44
5,-2.185,-0.074,2.10,-11.466,155.685,-11.516,155.323,-1.625,0.150,0.111,0.005,0.14,-2.22,92.45
5,-2.185,-0.074,2.15,-11.466,155.685,-11.512,155.327,-1.625,0.145,0.114,0.005,0.17,-2.15,92.46
5,-2.185,-0.074,2.20,-11.466,155.685,-11.509,155.331,-1.625,0.140,0.116,0.005,0.20,-2.08,92.47
5,-2.185,-0.074,2.25,-11.466,155.685,-11.502,155.341,-1.626,0.129,0.120,0.005,0.22,-2.01,92.48
5,-2.185,-0.074,2.30,-11.466,155.685,-11.499,155.345,-1.626,0.125,0.122,0.005,0.24,-1.94,92.49
5,-2.185,-0.074,2.35,-11.466,155.685,-11.494,155.353,-1.626,0.115,0.124,0.006,0.24,-1.88,92.50
5,-2.185,-0.074,2.40,-11.466,155.685,-11.490,155.362,-1.626,0.105,0.125,0.006,0.24,-1.82,92.50
5,-2.185,-0.074,2.45,-11.466,155.685,-11.487,155.367,-1.626,0.100,0.125,0.007,0.23,-1.77,92.50
5,-2.185,-0.074,2.50,-11.466,155.685,-11.484,155.376,-1.626,0.091,0.125,0.007,0.22,-1.72,92.50
5,-2.185,-0.074,2.55,-11.466,155.685,-11.482,155.380,-1.625,0.087,0.125,0.008,0.20,-1.68,92.50
5,-2.185,-0.074,2.60,-11.466,155.685,-11.480,155.389,-1.625,0.079,0.124,0.007,0.18,-1.63,92.49
5,-2.185,-0.074,2.65,-11.466,155.685,-11.479,155.394,-1.624,0.074,0.123,0.007,0.16,-1.59,92.48
5,-2.185,-0.074,2.70,-11.466,155.685,-11.477,155.402,-1.623,0.066,0.122,0.007,0.14,-1.56,92.47
5,-2.185,-0.074,2.75,-11.466,155.685,-11.476,155.406,-1.622,0.063,0.120,0.006,0.12,-1.52,92.47
5,-2.185,-0.074,2.80,-11.466,155.685,-11.475,155.414,-1.622,0.056,0.118,0.005,0.10,-1.49,92.46
5,-2.185,-0.074,2.85,-11.466,155.685,-11.475,155.419,-1.621,0.052,0.116,0.005,0.08,-1.46,92.45
5,-2.185,-0.074,2.90,-11.466,155.685,-11.474,155.427,-1.620,0.046,0.113,0.004,0.05,-1.43,92.43
5,-2.185,-0.074,2.95,-11.466,155.685,-11.474,155.430,-1.620,0.043,0.111,0.003,0.03,-1.41,92.42
5,-2.185,-0.074,3.00,-11.466,155.685,-11.473,155.434,-1.620,0.041,0.109,0.003,0.00,-1.39,92.41
5,-2.185,-0.074,3.05,-11.466,155.685,-11.472,155.441,-1.620,0.036,0.104,0.002,-0.02,-1.38,92.40
5,-2.185,-0.074,3.10,-11.466,155.685,-11.472,155.447,-1.620,0.032,0.100,0.001,-0.04,-1.36,92.39
5,-2.185,-0.074,3.15,-11.466,155.685,-11.472,155.450,-1.621,0.030,0.098,0.001,-0.06,-1.35,92.38
5,-2.185,-0.074,3.20,-11.466,155.685,-11.472,155.455,-1.621,0.027,0.093,0.001,-0.08,-1.35,92.37
5,-2.185,-0.074,3.25,-11.466,155.685,-11.472,155.458,-1.622,0.025,0.090,0.001,-0.10,-1.35,92.36
5,-2.185,-0.074,3.30,-11.466,155.685,-11.472,155.463,-1.623,0.022,0.085,0.001,-0.12,-1.35,92.35
5,-2.185,-0.074,3.35,-11.466,155.685,-11.471,155.465,-1.623,0.021,0.083,0.001,-0.13,-1.36,92.34
5,-2.185,-0.074,3.40,-11.466,155.685,-11.471,155.469,-1.623,0.019,0.079,0.002,-0.15,-1.36,92.34
5,-2.185,-0.074,3.45,-11.466,155.685,-11.471,155.472,-1.623,0.017,0.076,0.002,-0.16,-1.38,92.33
5,-2.185,-0.074,3.50,-11.466,155.685,-11.471,155.476,-1.624,0.016,0.072,0.003,-0.17,-1.39,92.32
5,-2.185,-0.074,3.55,-11.466,155.685,-11.471,155.477,-1.624,0.016,0.070,0.003,-0.18,-1.40,92.32
5,-2.185,-0.074,3.60,-11.466,155.685,-11.470,155.481,-1.624,0.015,0.066,0.004,-0.19,-1.41,92.32
5,-2.185,-0.074,3.65,-11.466,155.685,-11.470,155.483,-1.624,0.015,0.064,0.004,-0.19,-1.43,92.31
5,-2.185,-0.074,3.70,-11.466,155.685,-11.470,155.486,-1.624,0.014,0.060,0.004,-0.20,-1.44,92.31
5,-2.185,-0.074,3.75,-11.466,155.685,-11.470,155.487,-1.624,0.014,0.058,0.004,-0.20,-1.46,92.31
5,-2.185,-0.074,3.80,-11.466,155.685,-11.470,155.490,-1.624,0.013,0.056,0.004,-0.20,-1.48,92.31
5,-2.185,-0.074,3.85,-11.466,155.685,-11.470,155.492,-1.624,0.013,0.054,0.004,-0.19,-1.49,92.32
5,-2.185,-0.074,3.90,-11.466,155.685,-11.470,155.495,-1.624,0.012,0.051,0.004,-0.19,-1.51,92.32
5,-2.185,-0.074,3.95,-11.466,155.685,-11.470,155.496,-1.624,0.012,0.050,0.004,-0.19,-1.52,92.32
5,-2.185,-0.074,4.00,-11.466,155.685,-11.470,155.498,-1.624,0.012,0.048,0.003,-0.19,-1.54,92.32
5,-2.185,-0.074,4.05,-11.466,155.685,-11.470,155.500,-1.625,0.012,0.047,0.003,-0.19,-1.55,92.32
5,-2.185,-0.074,4.10,-11.466,155.685,-11.470,155.502,-1.625,0.012,0.044,0.003,-0.19,-1.56,92.33
5,-2.185,-0.074,4.15,-11.466,155.685,-11.469,155.502,-1.625,0.011,0.043,0.003,-0.19,-1.57,92.33
5,-2.185,-0.074,4.20,-11.466,155.685,-11.469,155.503,-1.625,0.011,0.042,0.004,-0.19,-1.59,92.33
5,-2.185,-0.074,4.25,-11.466,155.685,-11.469,155.505,-1.625,0.011,0.040,0.004,-0.19,-1.60,92.34
5,-2.185,-0.074,4.30,-11.466,155.685,-11.468,155.506,-1.625,0.010,0.039,0.004,-0.19,-1.62,92.34
5,-2.185,-0.074,4.35,-11.466,155.685,-11.468,155.506,-1.625,0.011,0.038,0.004,-0.19,-1.63,92.35
5,-2.185,-0.074,4.40,-11.466,155.685,-11.466,155.507,-1.625,0.011,0.036,0.004,-0.19,-1.65,92.35
5,-2.185,-0.074,4.45,-11.466,155.685,-11.466,155.507,-1.626,0.011,0.035,0.004,-0.18,-1.66,92.36
5,-2.185,-0.074,4.50,-11.466,155.685,-11.464,155.507,-1.626,0.011,0.033,0.005,-0.18,-1.68,92.37
5,-2.185,-0.074,4.55,-11.466,155.685,-11.463,155.507,-1.626,0.012,0.033,0.005,-0.17,-1.70,92.37
5,-2.185,-0.074,4.60,-11.466,155.685,-11.462,155.507,-1.625,0.012,0.031,0.005,-0.16,-1.73,92.37
5,-2.185,-0.074,4.65,-11.466,155.685,-11.461,155.507,-1.625,0.012,0.031,0.005,-0.15,-1.75,92.38
5,-2.185,-0.074,4.70,-11.466,155.685,-11.459,155.507,-1.625,0.012,0.030,0.005,-0.13,-1.77,92.38
5,-2.185,-0.074,4.75,-11.466,155.685,-11.458,155.507,-1.625,0.012,0.030,0.004,-0.12,-1.79,92.38
5,-2.185,-0.074,4.80,-11.466,155.685,-11.457,155.507,-1.624,0.012,0.030,0.004,-0.10,-1.81,92.38
5,-2.185,-0.074,4.85,-11.466,155.685,-11.456,155.507,-1.624,0.011,0.030,0.004,-0.09,-1.83,92.38
5,-2.185,-0.074,4.90,-11.466,155.685,-11.455,155.507,-1.623,0.011,0.031,0.003,-0.08,-1.85,92.38
5,-2.185,-0.074,4.95,-11.466,155.685,-11.454,155.507,-1.622,0.010,0.031,0.003,-0.07,-1.87,92.38
5,-2.185,-0.074,5.00,-11.466,155.685,-11.454,155.507,-1.622,0.009,0.032,0.003,-0.05,-1.88,92.38
5,-2.185,-0.074,5.05,-11.466,155.685,-11.454,155.507,-1.621,0.008,0.032,0.002,-0.05,-1.89,92.37
5,-2.185,-0.074,5.10,-11.466,155.685,-11.454,155.507,-1.620,0.007,0.033,0.002,-0.04,-1.91,92.37
5,-2.185,-0.074,5.15,-11.466,155.685,-11.454,155.507,-1.619,0.005,0.034,0.001,-0.04,-1.91,92.37
5,-2.185,-0.074,5.20,-11.466,155.685,-11.454,155.508,-1.618,0.003,0.035,-0.001,-0.04,-1.93,92.36
5,-2.185,-0.074,5.25,-11.466,155.685,-11.455,155.509,-1.618,0.002,0.036,-0.001,-0.05,-1.93,92.36
5,-2.185,-0.074,5.30,-11.466,155.685,-11.455,155.510,-1.617,-0.000,0.038,-0.002,-0.06,-1.93,92.35
5,-2.185,-0.074,5.35,-11.466,155.685,-11.456,155.511,-1.617,-0.001,0.039,-0.003,-0.07,-1.93,92.35
5,-2.185,-0.074,5.40,-11.466,155.685,-11.457,155.511,-1.617,-0.002,0.040,-0.003,-0.08,-1.93,92.34
5,-2.185,-0.074,5.45,-11.466,155.685,-11.458,155.514,-1.617,-0.004,0.043,-0.004,-0.10,-1.93,92.34
5,-2.185,-0.074,5.50,-11.466,155.685,-11.461,155.517,-1.616,-0.007,0.045,-0.005,-0.12,-1.92,92.33
5,-2.185,-0.074,5.55,-11.466,155.685,-11.462,155.519,-1.616,-0.008,0.046,-0.005,-0.13,-1.91,92.32
5,-2.185,-0.074,5.60,-11.466,155.685,-11.464,155.522,-1.616,-0.010,0.049,-0.005,-0.16,-1.89,92.32
5,-2.185,-0.074,5.65,-11.466,155.685,-11.465,155.524,-1.617,-0.010,0.051,-0.005,-0.18,-1.87,92.31
5,-2.185,-0.074,5.70,-11.466,155.685,-11.468,155.528,-1.617,-0.011,0.052,-0.005,-0.21,-1.84,92.30
5,-2.185,-0.074,5.75,-11.466,155.685,-11.469,155.530,-1.617,-0.011,0.053,-0.005,-0.23,-1.82,92.30
5,-2.185,-0.074,5.80,-11.466,155.685,-11.470,155.534,-1.618,-0.011,0.054,-0.005,-0.26,-1.79,92.29
5,-2.185,-0.074,5.85,-11.466,155.685,-11.472,155.536,-1.618,-0.011,0.055,-0.005,-0.28,-1.76,92.29
5,-2.185,-0.074,5.90,-11.466,155.685,-11.473,155.540,-1.619,-0.011,0.056,-0.004,-0.30,-1.73,92.29
5,-2.185,-0.074,5.95,-11.466,155.685,-11.474,155.542,-1.619,-0.010,0.056,-0.004,-0.31,-1.71,92.29
5,-2.185,-0.074,6.00,-11.466,155.685,-11.475,155.546,-1.619,-0.009,0.056,-0.003,-0.33,-1.68,92.29
5,-2.185,-0.074,6.05,-11.466,155.685,-11.476,155.548,-1.620,-0.009,0.056,-0.003,-0.34,-1.66,92.29
5,-2.185,-0.074,6.10,-11.466,155.685,-11.476,155.552,-1.620,-0.007,0.055,-0.002,-0.34,-1.64,92.30
5,-2.185,-0.074,6.15,-11.466,155.685,-11.477,155.554,-1.620,-0.007,0.055,-0.002,-0.35,-1.62,92.30
5,-2.185,-0.074,6.20,-11.466,155.685,-11.477,155.558,-1.619,-0.005,0.054,-0.002,-0.35,-1.60,92.30
5,-2.185,-0.074,6.25,-11.466,155.685,-11.477,155.560,-1.619,-0.004,0.053,-0.001,-0.35,-1.59,92.31
5,-2.185,-0.074,6.30,-11.466,155.685,-11.477,155.563,-1.619,-0.002,0.052,-0.002,-0.35,-1.57,92.31
5,-2.185,-0.074,6.35,-11.466,155.685,-11.477,155.565,-1.619,-0.001,0.051,-0.002,-0.34,-1.56,92.32
5,-2.185,-0.074,6.40,-11.466,155.685,-11.476,155.568,-1.618,0.001,0.049,-0.002,-0.33,-1.55,92.32
5,-2.185,-0.074,6.45,-11.466,155.685,-11.475,155.570,-1.618,0.002,0.048,-0.002,-0.32,-1.54,92.33
5,-2.185,-0.074,6.50,-11.466,155.685,-11.474,155.573,-1.618,0.005,0.046,-0.002,-0.31,-1.54,92.33
5,-2.185,-0.074,6.55,-11.466,155.685,-11.473,155.575,-1.617,0.006,0.045,-0.003,-0.29,-1.53,92.34
5,-2.185,-0.074,6.60,-11.466,155.685,-11.471,155.578,-1.617,0.008,0.044,-0.003,-0.27,-1.53,92.34
5,-2.185,-0.074,6.65,-11.466,155.685,-11.470,155.580,-1.617,0.009,0.043,-0.003,-0.25,-1.52,92.34
5,-2.185,-0.074,6.70,-11.466,155.685,-11.468,155.583,-1.616,0.010,0.041,-0.004,-0.23,-1.52,92.35
5,-2.185,-0.074,6.75,-11.466,155.685,-11.467,155.584,-1.616,0.011,0.040,-0.004,-0.20,-1.52,92.35
5,-2.185,-0.074,6.80,-11.466,155.685,-11.464,155.587,-1.615,0.012,0.039,-0.004,-0.18,-1.52,92.35
5,-2.185,-0.074,6.85,-11.466,155.685,-11.463,155.589,-1.615,0.013,0.038,-0.004,-0.15,-1.52,92.35
5,-2.185,-0.074,6.90,-11.466,155.685,-11.461,155.593,-1.615,0.014,0.037,-0.005,-0.13,-1.51,92.35
5,-2.185,-0.074,6.95,-11.466,155.685,-11.460,155.594,-1.615,0.014,0.036,-0.005,-0.10,-1.51,92.35
5,-2.185,-0.074,7.00,-11.466,155.685,-11.458,155.597,-1.615,0.013,0.035,-0.006,-0.07,-1.50,92.35
5,-2.185,-0.074,7.05,-11.466,155.685,-11.457,155.598,-1.616,0.013,0.033,-0.006,-0.05,-1.50,92.35
5,-2.185,-0.074,7.10,-11.466,155.685,-11.456,155.601,-1.616,0.012,0.031,-0.006,-0.03,-1.49,92.35
5,-2.185,-0.074,7.15,-11.466,155.685,-11.456,155.602,-1.617,0.011,0.030,-0.006,-0.02,-1.49,92.35
5,-2.185,-0.074,7.20,-11.466,155.685,-11.455,155.604,-1.618,0.010,0.028,-0.006,-0.00,-1.49,92.34
5,-2.185,-0.074,7.25,-11.466,155.685,-11.455,155.604,-1.618,0.008,0.026,-0.005,0.00,-1.49,92.34
5,-2.185,-0.074,7.30,-11.466,155.685,-11.454,155.606,-1.619,0.007,0.024,-0.005,0.00,-1.50,92.34
5,-2.185,-0.074,7.35,-11.466,155.685,-11.454,155.606,-1.619,0.006,0.022,-0.004,0.00,-1.50,92.34
5,-2.185,-0.074,7.40,-11.466,155.685,-11.453,155.607,-1.620,0.005,0.019,-0.003,-0.00,-1.51,92.33
5,-2.185,-0.074,7.45,-11.466,155.685,-11.453,155.607,-1.620,0.004,0.018,-0.003,-0.01,-1.52,92.33
5,-2.185,-0.074,7.50,-11.466,155.685,-11.452,155.607,-1.620,0.003,0.016,-0.003,-0.01,-1.54,92.33
5,-2.185,-0.074,7.55,-11.466,155.685,-11.452,155.607,-1.620,0.002,0.014,-0.002,-0.02,-1.56,92.33
5,-2.185,-0.074,7.60,-11.466,155.685,-11.451,155.607,-1.620,0.001,0.012,-0.002,-0.02,-1.58,92.33
5,-2.185,-0.074,7.65,-11.466,155.685,-11.451,155.608,-1.620,-0.000,0.011,-0.002,-0.02,-1.60,92.33
5,-2.185,-0.074,7.70,-11.466,155.685,-11.451,155.608,-1.620,-0.002,0.010,-0.001,-0.03,-1.62,92.33
5,-2.185,-0.074,7.75,-11.466,155.685,-11.451,155.609,-1.619,-0.002,0.010,-0.001,-0.03,-1.63,92.33
5,-2.185,-0.074,7.80,-11.466,155.685,-11.451,155.609,-1.619,-0.004,0.010,-0.001,-0.04,-1.65,92.33
5,-2.185,-0.074,7.85,-11.466,155.685,-11.452,155.610,-1.619,-0.005,0.010,-0.001,-0.04,-1.66,92.32
5,-2.185,-0.074,7.90,-11.466,155.685,-11.453,155.612,-1.619,-0.007,0.010,-0.002,-0.05,-1.67,92.32
5,-2.185,-0.074,7.95,-11.466,155.685,-11.453,155.613,-1.619,-0.008,0.011,-0.002,-0.06,-1.67,92.32
6,0.084,0.252,0.00,-11.466,155.685,-11.514,155.742,-1.617,-0.050,0.172,-0.006,-1.18,0.18,92.29
6,0.084,0.252,0.05,-11.466,155.685,-11.516,155.754,-1.618,-0.039,0.175,-0.005,-1.20,0.36,92.29
6,0.084,0.252,0.10,-11.466,155.685,-11.517,155.760,-1.619,-0.033,0.176,-0.005,-1.20,0.55,92.29
6,0.084,0.252,0.15,-11.466,155.685,-11.517,155.772,-1.620,-0.021,0.175,-0.004,-1.18,0.71,92.29
6,0.084,0.252,0.20,-11.466,155.685,-11.517,155.779,-1.621,-0.013,0.172,-0.004,-1.14,0.88,92.29
6,0.084,0.252,0.25,-11.466,155.685,-11.517,155.790,-1.622,-0.001,0.166,-0.003,-1.10,0.99,92.30
6,0.084,0.252,0.30,-11.466,155.685,-11.516,155.795,-1.622,0.005,0.163,-0.002,-1.04,1.11,92.30
6,0.084,0.252,0.35,-11.466,155.685,-11.514,155.804,-1.624,0.018,0.154,-0.001,-0.97,1.21,92.30
6,0.084,0.252,0.40,-11.466,155.685,-11.513,155.810,-1.624,0.025,0.147,-0.000,-0.88,1.31,92.31
6,0.084,0.252,0.45,-11.466,155.685,-11.510,155.818,-1.625,0.036,0.135,0.001,-0.82,1.36,92.31
6,0.084,0.252,0.50,-11.466,155.685,-11.508,155.821,-1.626,0.041,0.129,0.001,-0.71,1.42,92.31
6,0.084,0.252,0.55,-11.466,155.685,-11.504,155.828,-1.627,0.051,0.115,0.003,-0.64,1.44,92.31
6,0.084,0.252,0.60,-11.466,155.685,-11.501,155.832,-1.628,0.056,0.107,0.003,-0.54,1.47,92.31
6,0.084,0.252,0.65,-11.466,155.685,-11.496,155.837,-1.629,0.064,0.092,0.005,-0.44,1.47,92.31
6,0.084,0.252,0.70,-11.466,155.685,-11.493,155.839,-1.629,0.068,0.085,0.005,-0.34,1.47,92.32
6,0.084,0.252,0.75,-11.466,155.685,-11.487,155.842,-1.630,0.074,0.070,0.007,-0.25,1.45,92.31
6,0.084,0.252,0.80,-11.466,155.685,-11.482,155.844,-1.630,0.077,0.061,0.007,-0.14,1.42,92.31
6,0.084,0.252,0.85,-11.466,155.685,-11.476,155.845,-1.630,0.082,0.046,0.008,-0.06,1.39,92.31
6,0.084,0.252,0.90,-11.466,155.685,-11.472,155.845,-1.630,0.084,0.039,0.008,0.05,1.34,92.31
6,0.084,0.252,0.95,-11.466,155.685,-11.465,155.845,-1.630,0.086,0.024,0.009,0.12,1.30,92.31
6,0.084,0.252,1.00,-11.466,155.685,-11.460,155.844,-1.629,0.087,0.015,0.009,0.21,1.23,92.30
6,0.084,0.252,1.05,-11.466,155.685,-11.452,155.843,-1.629,0.087,0.002,0.010,0.29,1.17,92.30
6,0.084,0.252,1.10,-11.466,155.685,-11.448,155.842,-1.628,0.087,-0.004,0.010,0.39,1.08,92.30
6,0.084,0.252,1.15,-11.466,155.685,-11.441,155.839,-1.627,0.086,-0.016,0.010,0.45,1.02,92.30
6,0.084,0.252,1.20,-11.466,155.685,-11.437,155.837,-1.627,0.084,-0.023,0.009,0.52,0.94,92.29
6,0.084,0.252,1.25,-11.466,155.685,-11.430,155.834,-1.625,0.080,-0.033,0.009,0.58,0.86,92.29
6,0.084,0.252,1.30,-11.466,155.685,-11.427,155.832,-1.625,0.078,-0.038,0.008,0.65,0.76,92.29
6,0.084,0.252,1.35,-11.466,155.685,-11.422,155.828,-1.624,0.073,-0.046,0.007,0.69,0.70,92.28
6,0.084,0.252,1.40,-11.466,155.685,-11.419,155.825,-1.623,0.069,-0.051,0.006,0.73,0.61,92.27
6,0.084,0.252,1.45,-11.466,155.685,-11.415,155.820,-1.623,0.062,-0.057,0.005,0.75,0.54,92.26
6,0.084,0.252,1.50,-11.466,155.685,-11.413,155.818,-1.623,0.058,-0.060,0.004,0.77,0.47,92.25
6,0.084,0.252,1.55,-11.466,155.685,-11.410,155.814,-1.623,0.050,-0.065,0.004,0.78,0.40,92.25
6,0.084,0.252,1.60,-11.466,155.685,-11.408,155.811,-1.623,0.045,-0.067,0.003,0.77,0.32,92.24
6,0.084,0.252,1.65,-11.466,155.685,-11.406,155.806,-1.623,0.037,-0.070,0.003,0.77,0.27,92.24
6,0.084,0.252,1.70,-11.466,155.685,-11.405,155.804,-1.623,0.033,-0.071,0.003,0.75,0.21,92.23
6,0.084,0.252,1.75,-11.466,155.685,-11.404,155.799,-1.623,0.025,-0.073,0.003,0.73,0.16,92.23
6,0.084,0.252,1.80,-11.466,155.685,-11.403,155.797,-1.623,0.021,-0.073,0.003,0.70,0.11,92.23
6,0.084,0.252,1.85,-11.466,155.685,-11.403,155.792,-1.622,0.013,-0.074,0.003,0.68,0.07,92.23
6,0.084,0.252,1.90,-11.466,155.685,-11.403,155.790,-1.622,0.010,-0.074,0.003,0.64,0.03,92.24
6,0.084,0.252,1.95,-11.466,155.685,-11.403,155.785,-1.621,0.004,-0.074,0.002,0.61,0.00,92.24
6,0.084,0.252,2.00,-11.466,155.685,-11.404,155.783,-1.621,0.000,-0.073,0.002,0.56,-0.04,92.25
6,0.084,0.252,2.05,-11.466,155.685,-11.405,155.779,-1.621,-0.005,-0.072,0.001,0.53,-0.06,92.25
6,0.084,0.252,2.10,-11.466,155.685,-11.405,155.777,-1.620,-0.008,-0.071,0.001,0.49,-0.09,92.26
6,0.084,0.252,2.15,-11.466,155.685,-11.406,155.773,-1.620,-0.012,-0.069,0.000,0.46,-0.10,92.27
6,0.084,0.252,2.20,-11.466,155.685,-11.407,155.771,-1.619,-0.014,-0.068,-0.000,0.42,-0.12,92.28
6,0.084,0.252,2.25,-11.466,155.685,-11.408,155.768,-1.619,-0.018,-0.065,-0.001,0.39,-0.14,92.29
6,0.084,0.252,2.30,-11.466,155.685,-11.409,155.766,-1.619,-0.019,-0.064,-0.001,0.35,-0.15,92.29
6,0.084,0.252,2.35,-11.466,155.685,-11.410,155.763,-1.619,-0.021,-0.062,-0.002,0.33,-0.16,92.30
6,0.084,0.252,2.40,-11.466,155.685,-11.411,155.761,-1.619,-0.022,-0.060,-0.002,0.30,-0.16,92.31
6,0.084,0.252,2.45,-11.466,155.685,-11.413,155.758,-1.619,-0.024,-0.058,-0.002,0.28,-0.17,92.32
6,0.084,0.252,2.50,-11.466,155.685,-11.413,155.757,-1.620,-0.024,-0.056,-0.002,0.26,-0.17,92.32
6,0.084,0.252,2.55,-11.466,155.685,-11.415,155.754,-1.620,-0.026,-0.054,-0.002,0.24,-0.17,92.33
6,0.084,0.252,2.60,-11.466,155.685,-11.415,155.752,-1.621,-0.026,-0.052,-0.002,0.23,-0.17,92.34
6,0.084,0.252,2.65,-11.466,155.685,-11.416,155.749,-1.621,-0.026,-0.050,-0.002,0.21,-0.17,92.34
6,0.084,0.252,2.70,-11.466,155.685,-11.417,155.747,-1.621,-0.026,-0.050,-0.002,0.20,-0.18,92.35
6,0.084,0.252,2.75,-11.466,155.685,-11.417,155.744,-1.621,-0.026,-0.048,-0.001,0.19,-0.18,92.35
6,0.084,0.252,2.80,-11.466,155.685,-11.418,155.742,-1.621,-0.026,-0.047,-0.000,0.18,-0.19,92.36
6,0.084,0.252,2.85,-11.466,155.685,-11.419,155.739,-1.621,-0.026,-0.045,0.000,0.18,-0.20,92.36
6,0.084,0.252,2.90,-11.466,155.685,-11.419,155.738,-1.621,-0.026,-0.044,0.000,0.18,-0.20,92.36
6,0.084,0.252,2.95,-11.466,155.685,-11.420,155.736,-1.620,-0.025,-0.042,0.000,0.17,-0.21,92.36
6,0.084,0.252,3.00,-11.466,155.685,-11.420,155.735,-1.620,-0.025,-0.040,0.000,0.17,-0.22,92.36
6,0.084,0.252,3.05,-11.466,155.685,-11.420,155.733,-1.619,-0.025,-0.038,-0.000,0.17,-0.22,92.36
6,0.084,0.252,3.10,-11.466,155.685,-11.420,155.733,-1.618,-0.024,-0.036,-0.001,0.18,-0.22,92.35
6,0.084,0.252,3.15,-11.466,155.685,-11.420,155.732,-1.618,-0.024,-0.033,-0.001,0.18,-0.22,92.35
6,0.084,0.252,3.20,-11.466,155.685,-11.419,155.731,-1.617,-0.023,-0.032,-0.002,0.18,-0.21,92.35
6,0.084,0.252,3.25,-11.466,155.685,-11.419,155.730,-1.616,-0.023,-0.029,-0.002,0.19,-0.20,92.34
6,0.084,0.252,3.30,-11.466,155.685,-11.419,155.730,-1.616,-0.023,-0.028,-0.003,0.20,-0.19,92.34
6,0.084,0.252,3.35,-11.466,155.685,-11.419,155.729,-1.615,-0.023,-0.026,-0.004,0.21,-0.18,92.33
6,0.084,0.252,3.40,-11.466,155.685,-11.419,155.729,-1.614,-0.023,-0.025,-0.005,0.22,-0.17,92.33
6,0.084,0.252,3.45,-11.466,155.685,-11.420,155.728,-1.613,-0.024,-0.023,-0.006,0.22,-0.16,92.33
6,0.084,0.252,3.50,-11.466,155.685,-11.421,155.728,-1.613,-0.025,-0.022,-0.006,0.23,-0.15,92.32
6,0.084,0.252,3.55,-11.466,155.685,-11.422,155.728,-1.612,-0.026,-0.020,-0.007,0.22,-0.14,92.32
6,0.084,0.252,3.60,-11.466,155.685,-11.423,155.728,-1.611,-0.027,-0.019,-0.008,0.22,-0.13,92.32
6,0.084,0.252,3.65,-11.466,155.685,-11.424,155.729,-1.611,-0.028,-0.017,-0.009,0.21,-0.12,92.31
6,0.084,0.252,3.70,-11.466,155.685,-11.424,155.729,-1.611,-0.029,-0.016,-0.009,0.19,-0.10,92.31
6,0.084,0.252,3.75,-11.466,155.685,-11.426,155.731,-1.611,-0.030,-0.014,-0.010,0.18,-0.09,92.31
6,0.084,0.252,3.80,-11.466,155.685,-11.427,155.731,-1.612,-0.030,-0.013,-0.010,0.17,-0.07,92.31
6,0.084,0.252,3.85,-11.466,155.685,-11.428,155.733,-1.612,-0.030,-0.011,-0.010,0.16,-0.05,92.30
6,0.084,0.252,3.90,-11.466,155.685,-11.429,155.733,-1.612,-0.030,-0.011,-0.010,0.14,-0.03,92.30
6,0.084,0.252,3.95,-11.466,155.685,-11.430,155.733,-1.613,-0.030,-0.010,-0.010,0.13,-0.00,92.30
6,0.084,0.252,4.00,-11.466,155.685,-11.431,155.734,-1.613,-0.030,-0.010,-0.009,0.12,0.02,92.30
6,0.084,0.252,4.05,-11.466,155.685,-11.432,155.733,-1.614,-0.030,-0.011,-0.009,0.11,0.03,92.31
6,0.084,0.252,4.10,-11.466,155.685,-11.432,155.733,-1.614,-0.029,-0.011,-0.009,0.11,0.04,92.31
6,0.084,0.252,4.15,-11.466,155.685,-11.434,155.733,-1.614,-0.029,-0.013,-0.008,0.10,0.05,92.31
6,0.084,0.252,4.20,-11.466,155.685,-11.434,155.732,-1.615,-0.029,-0.014,-0.008,0.09,0.05,92.32
6,0.084,0.252,4.25,-11.466,155.685,-11.435,155.731,-1.615,-0.028,-0.015,-0.008,0.09,0.05,92.32
6,0.084,0.252,4.30,-11.466,155.685,-11.435,155.730,-1.615,-0.027,-0.016,-0.007,0.08,0.04,92.32
6,0.084,0.252,4.35,-11.466,155.685,-11.436,155.728,-1.616,-0.026,-0.017,-0.007,0.08,0.03,92.32
6,0.084,0.252,4.40,-11.466,155.685,-11.436,155.727,-1.617,-0.025,-0.018,-0.007,0.08,0.02,92.33
6,0.084,0.252,4.45,-11.466,155.685,-11.436,155.725,-1.618,-0.024,-0.019,-0.006,0.08,0.01,92.33
6,0.084,0.252,4.50,-11.466,155.685,-11.437,155.724,-1.618,-0.023,-0.020,-0.006,0.09,-0.01,92.33
6,0.084,0.252,4.55,-11.466,155.685,-11.437,155.722,-1.619,-0.022,-0.021,-0.005,0.09,-0.03,92.33
6,0.084,0.252,4.60,-11.466,155.685,-11.438,155.721,-1.619,-0.022,-0.022,-0.004,0.10,-0.05,92.33
6,0.084,0.252,4.65,-11.466,155.685,-11.439,155.718,-1.619,-0.022,-0.022,-0.004,0.10,-0.07,92.33
6,0.084,0.252,4.70,-11.466,155.685,-11.439,155.717,-1.620,-0.021,-0.023,-0.003,0.10,-0.09,92.34
6,0.084,0.252,4.75,-11.466,155.685,-11.441,155.714,-1.620,-0.021,-0.023,-0.003,0.10,-0.11,92.34
6,0.084,0.252,4.80,-11.466,155.685,-11.443,155.713,-1.620,-0.021,-0.023,-0.002,0.10,-0.13,92.34
6,0.084,0.252,4.85,-11.466,155.685,-11.445,155.710,-1.620,-0.022,-0.023,-0.002,0.09,-0.14,92.34
6,0.084,0.252,4.90,-11.466,155.685,-11.446,155.709,-1.620,-0.022,-0.023,-0.001,0.08,-0.17,92.33
6,0.084,0.252,4.95,-11.466,155.685,-11.448,155.707,-1.619,-0.021,-0.023,-0.001,0.07,-0.18,92.33
6,0.084,0.252,5.00,-11.466,155.685,-11.449,155.705,-1.619,-0.021,-0.022,-0.001,0.06,-0.20,92.33
6,0.084,0.252,5.05,-11.466,155.685,-11.451,155.703,-1.618,-0.020,-0.021,-0.001,0.05,-0.21,92.33
6,0.084,0.252,5.10,-11.466,155.685,-11.452,155.702,-1.618,-0.020,-0.021,-0.001,0.03,-0.23,92.32
6,0.084,0.252,5.15,-11.466,155.685,-11.453,155.700,-1.617,-0.018,-0.019,-0.002,0.02,-0.24,92.32
6,0.084,0.252,5.20,-11.466,155.685,-11.453,155.699,-1.617,-0.017,-0.019,-0.002,0.01,-0.25,92.32
6,0.084,0.252,5.25,-11.466,155.685,-11.454,155.697,-1.616,-0.014,-0.017,-0.003,0.01,-0.25,92.31
6,0.084,0.252,5.30,-11.466,155.685,-11.454,155.696,-1.616,-0.013,-0.017,-0.003,0.01,-0.26,92.31
6,0.084,0.252,5.35,-11.466,155.685,-11.454,155.695,-1.615,-0.010,-0.015,-0.004,0.01,-0.27,92.31
6,0.084,0.252,5.40,-11.466,155.685,-11.453,155.694,-1.615,-0.008,-0.014,-0.004,0.02,-0.28,92.30
6,0.084,0.252,5.45,-11.466,155.685,-11.452,155.693,-1.614,-0.006,-0.012,-0.005,0.03,-0.28,92.30
6,0.084,0.252,5.50,-11.466,155.685,-11.452,155.693,-1.614,-0.004,-0.010,-0.005,0.06,-0.28,92.30
6,0.084,0.252,5.55,-11.466,155.685,-11.450,155.692,-1.613,-0.002,-0.008,-0.006,0.07,-0.28,92.30
6,0.084,0.252,5.60,-11.466,155.685,-11.449,155.692,-1.613,-0.000,-0.006,-0.006,0.10,-0.27,92.30
6,0.084,0.252,5.65,-11.466,155.685,-11.448,155.692,-1.613,0.001,-0.004,-0.007,0.12,-0.27,92.30
6,0.084,0.252,5.70,-11.466,155.685,-11.448,155.692,-1.613,0.002,-0.003,-0.007,0.16,-0.25,92.30
6,0.084,0.252,5.75,-11.466,155.685,-11.447,155.692,-1.613,0.002,-0.001,-0.008,0.18,-0.24,92.30
6,0.084,0.252,5.80,-11.466,155.685,-11.447,155.692,-1.613,0.002,0.000,-0.008,0.20,-0.22,92.30
6,0.084,0.252,5.85,-11.466,155.685,-11.447,155.692,-1.614,0.001,0.002,-0.008,0.22,-0.22,92.30
6,0.084,0.252,5.90,-11.466,155.685,-11.447,155.693,-1.614,0.001,0.002,-0.009,0.23,-0.20,92.31
6,0.084,0.252,5.95,-11.466,155.685,-11.447,155.693,-1.615,-0.000,0.003,-0.009,0.24,-0.19,92.31
6,0.084,0.252,6.00,-11.466,155.685,-11.447,155.693,-1.615,-0.001,0.004,-0.008,0.24,-0.18,92.31
6,0.084,0.252,6.05,-11.466,155.685,-11.447,155.693,-1.616,-0.002,0.004,-0.008,0.24,-0.17,92.31
6,0.084,0.252,6.10,-11.466,155.685,-11.448,155.693,-1.616,-0.003,0.005,-0.008,0.23,-0.16,92.32
6,0.084,0.252,6.15,-11.466,155.685,-11.449,155.693,-1.617,-0.004,0.005,-0.007,0.23,-0.15,92.32
6,0.084,0.252,6.20,-11.466,155.685,-11.450,155.694,-1.617,-0.005,0.006,-0.006,0.22,-0.14,92.32
6,0.084,0.252,6.25,-11.466,155.685,-11.451,155.694,-1.618,-0.007,0.006,-0.006,0.21,-0.13,92.33
6,0.084,0.252,6.30,-11.466,155.685,-11.452,155.695,-1.618,-0.007,0.007,-0.005,0.19,-0.12,92.33
6,0.084,0.252,6.35,-11.466,155.685,-11.454,155.696,-1.619,-0.009,0.007,-0.004,0.18,-0.12,92.33
6,0.084,0.252,6.40,-11.466,155.685,-11.455,155.696,-1.619,-0.010,0.007,-0.004,0.16,-0.11,92.34
6,0.084,0.252,6.45,-11.466,155.685,-11.458,155.697,-1.619,-0.011,0.008,-0.003,0.14,-0.10,92.34
6,0.084,0.252,6.50,-11.466,155.685,-11.459,155.697,-1.619,-0.012,0.008,-0.003,0.12,-0.09,92.34
6,0.084,0.252,6.55,-11.466,155.685,-11.462,155.699,-1.619,-0.013,0.009,-0.003,0.10,-0.07,92.35
6,0.084,0.252,6.60,-11.466,155.685,-11.464,155.700,-1.619,-0.013,0.009,-0.003,0.07,-0.06,92.35
6,0.084,0.252,6.65,-11.466,155.685,-11.467,155.702,-1.619,-0.014,0.010,-0.002,0.04,-0.05,92.35
6,0.084,0.252,6.70,-11.466,155.685,-11.468,155.703,-1.619,-0.014,0.010,-0.002,0.01,-0.03,92.35
6,0.084,0.252,6.75,-11.466,155.685,-11.471,155.705,-1.619,-0.013,0.011,-0.002,-0.01,-0.01,92.34
6,0.084,0.252,6.80,-11.466,155.685,-11.473,155.707,-1.619,-0.013,0.011,-0.002,-0.03,0.01,92.34
6,0.084,0.252,6.85,-11.466,155.685,-11.475,155.710,-1.619,-0.012,0.012,-0.002,-0.05,0.03,92.34
6,0.084,0.252,6.90,-11.466,155.685,-11.476,155.711,-1.619,-0.011,0.012,-0.002,-0.07,0.05,92.34
6,0.084,0.252,6.95,-11.466,155.685,-11.478,155.714,-1.618,-0.010,0.012,-0.002,-0.08,0.07,92.34
6,0.084,0.252,7.00,-11.466,155.685,-11.480,155.716,-1.618,-0.008,0.012,-0.002,-0.10,0.10,92.33
6,0.084,0.252,7.05,-11.466,155.685,-11.481,155.718,-1.617,-0.006,0.012,-0.003,-0.11,0.12,92.33
6,0.084,0.252,7.10,-11.466,155.685,-11.482,155.720,-1.617,-0.005,0.011,-0.003,-0.11,0.15,92.33
6,0.084,0.252,7.15,-11.466,155.685,-11.483,155.722,-1.617,-0.002,0.010,-0.003,-0.11,0.17,92.32
6,0.084,0.252,7.20,-11.466,155.685,-11.483,155.723,-1.616,-0.000,0.009,-0.004,-0.11,0.19,92.32
6,0.084,0.252,7.25,-11.466,155.685,-11.484,155.724,-1.616,0.002,0.007,-0.004,-0.10,0.20,92.32
6,0.084,0.252,7.30,-11.466,155.685,-11.484,155.725,-1.616,0.004,0.006,-0.004,-0.09,0.22,92.31
6,0.084,0.252,7.35,-11.466,155.685,-11.484,155.726,-1.617,0.006,0.003,-0.005,-0.08,0.22,92.31
6,0.084,0.252,7.40,-11.466,155.685,-11.484,155.727,-1.617,0.008,0.001,-0.005,-0.07,0.22,92.31
6,0.084,0.252,7.45,-11.466,155.685,-11.485,155.727,-1.618,0.010,-0.001,-0.004,-0.05,0.22,92.31
6,0.084,0.252,7.50,-11.466,155.685,-11.485,155.728,-1.618,0.011,-0.002,-0.004,-0.04,0.22,92.31
6,0.084,0.252,7.55,-11.466,155.685,-11.485,155.728,-1.619,0.013,-0.005,-0.004,-0.03,0.21,92.31
6,0.084,0.252,7.60,-11.466,155.685,-11.485,155.728,-1.620,0.014,-0.007,-0.003,-0.01,0.21,92.31
6,0.084,0.252,7.65,-11.466,155.685,-11.485,155.728,-1.620,0.015,-0.010,-0.003,0.00,0.20,92.31
6,0.084,0.252,7.70,-11.466,155.685,-11.485,155.728,-1.621,0.015,-0.011,-0.002,0.01,0.19,92.31
6,0.084,0.252,7.75,-11.466,155.685,-11.486,155.727,-1.622,0.016,-0.014,-0.002,0.02,0.17,92.31
6,0.084,0.252,7.80,-11.466,155.685,-11.486,155.726,-1.623,0.016,-0.016,-0.001,0.02,0.16,92.31
6,0.084,0.252,7.85,-11.466,155.685,-11.486,155.724,-1.624,0.017,-0.019,-0.001,0.03,0.14,92.32
6,0.084,0.252,7.90,-11.466,155.685,-11.486,155.723,-1.625,0.017,-0.020,-0.000,0.03,0.12,92.31
6,0.084,0.252,7.95,-11.466,155.685,-11.486,155.721,-1.626,0.018,-0.022,0.001,0.03,0.09,92.32
7,-6.241,-1.811,0.00,-11.466,155.685,-11.503,155.783,-1.632,-0.189,0.138,0.011,-0.25,2.06,92.35
7,-6.241,-1.811,0.05,-11.466,155.685,-11.517,155.793,-1.631,-0.218,0.121,0.009,-0.47,2.17,92.35
7,-6.241,-1.811,0.10,-11.466,155.685,-11.525,155.797,-1.631,-0.232,0.111,0.008,-0.83,2.30,92.37
7,-6.241,-1.811,0.15,-11.466,155.685,-11.544,155.805,-1.630,-0.259,0.083,0.006,-1.09,2.36,92.38
7,-6.241,-1.811,0.20,-11.466,155.685,-11.554,155.808,-1.630,-0.270,0.069,0.006,-1.51,2.41,92.40
7,-6.241,-1.811,0.25,-11.466,155.685,-11.573,155.811,-1.629,-0.288,0.039,0.004,-1.80,2.41,92.41
7,-6.241,-1.811,0.30,-11.466,155.685,-11.583,155.812,-1.629,-0.295,0.022,0.003,-2.23,2.37,92.44
7,-6.241,-1.811,0.35,-11.466,155.685,-11.606,155.811,-1.628,-0.307,-0.016,0.002,-2.52,2.31,92.46
7,-6.241,-1.811,0.40,-11.466,155.685,-11.617,155.810,-1.628,-0.311,-0.034,0.001,-2.95,2.17,92.49
7,-6.241,-1.811,0.45,-11.466,155.685,-11.637,155.805,-1.627,-0.313,-0.070,-0.000,-3.22,2.05,92.51
7,-6.241,-1.811,0.50,-11.466,155.685,-11.648,155.802,-1.627,-0.312,-0.088,-0.001,-3.62,1.83,92.53
7,-6.241,-1.811,0.55,-11.466,155.685,-11.670,155.792,-1.626,-0.306,-0.128,-0.003,-3.87,1.66,92.55
7,-6.241,-1.811,0.60,-11.466,155.685,-11.679,155.786,-1.626,-0.301,-0.145,-0.003,-4.21,1.37,92.58
7,-6.241,-1.811,0.65,-11.466,155.685,-11.697,155.773,-1.625,-0.288,-0.179,-0.005,-4.41,1.16,92.59
7,-6.241,-1.811,0.70,-11.466,155.685,-11.706,155.766,-1.625,-0.280,-0.195,-0.005,-4.68,0.82,92.62
7,-6.241,-1.811,0.75,-11.466,155.685,-11.723,155.748,-1.624,-0.259,-0.229,-0.007,-4.84,0.58,92.64
7,-6.241,-1.811,0.80,-11.466,155.685,-11.730,155.739,-1.624,-0.248,-0.243,-0.007,-5.04,0.21,92.67
7,-6.241,-1.811,0.85,-11.466,155.685,-11.742,155.720,-1.624,-0.223,-0.269,-0.008,-5.15,-0.05,92.69
7,-6.241,-1.811,0.90,-11.466,155.685,-11.747,155.710,-1.625,-0.209,-0.281,-0.008,-5.27,-0.45,92.72
7,-6.241,-1.811,0.95,-11.466,155.685,-11.756,155.686,-1.625,-0.177,-0.304,-0.009,-5.32,-0.72,92.74
7,-6.241,-1.811,1.00,-11.466,155.685,-11.759,155.675,-1.625,-0.163,-0.313,-0.009,-5.36,-1.12,92.77
7,-6.241,-1.811,1.05,-11.466,155.685,-11.764,155.653,-1.625,-0.132,-0.327,-0.009,-5.36,-1.39,92.78
7,-6.241,-1.811,1.10,-11.466,155.685,-11.765,155.642,-1.625,-0.116,-0.333,-0.009,-5.33,-1.79,92.79
7,-6.241,-1.811,1.15,-11.466,155.685,-11.767,155.617,-1.625,-0.082,-0.343,-0.009,-5.29,-2.05,92.79
7,-6.241,-1.811,1.20,-11.466,155.685,-11.767,155.605,-1.625,-0.067,-0.346,-0.009,-5.19,-2.42,92.78
7,-6.241,-1.811,1.25,-11.466,155.685,-11.765,155.583,-1.625,-0.037,-0.349,-0.009,-5.11,-2.66,92.77
7,-6.241,-1.811,1.30,-11.466,155.685,-11.764,155.572,-1.626,-0.024,-0.349,-0.008,-4.96,-3.01,92.73
7,-6.241,-1.811,1.35,-11.466,155.685,-11.760,155.547,-1.626,0.006,-0.347,-0.008,-4.86,-3.22,92.70
7,-6.241,-1.811,1.40,-11.466,155.685,-11.758,155.536,-1.626,0.019,-0.344,-0.008,-4.69,-3.53,92.65
7,-6.241,-1.811,1.45,-11.466,155.685,-11.752,155.516,-1.626,0.043,-0.338,-0.008,-4.57,-3.72,92.61
7,-6.241,-1.811,1.50,-11.466,155.685,-11.749,155.505,-1.627,0.054,-0.334,-0.008,-4.38,-3.98,92.55
7,-6.241,-1.811,1.55,-11.466,155.685,-11.740,155.483,-1.628,0.078,-0.323,-0.007,-4.25,-4.15,92.51
7,-6.241,-1.811,1.60,-11.466,155.685,-11.736,155.474,-1.628,0.088,-0.317,-0.007,-4.06,-4.37,92.45
7,-6.241,-1.811,1.65,-11.466,155.685,-11.728,155.456,-1.630,0.105,-0.304,-0.006,-3.93,-4.51,92.42
7,-6.241,-1.811,1.70,-11.466,155.685,-11.723,155.448,-1.630,0.113,-0.296,-0.005,-3.73,-4.69,92.38
7,-6.241,-1.811,1.75,-11.466,155.685,-11.713,155.430,-1.631,0.129,-0.279,-0.004,-3.60,-4.80,92.35
7,-6.241,-1.811,1.80,-11.466,155.685,-11.708,155.423,-1.632,0.136,-0.270,-0.003,-3.42,-4.95,92.32
7,-6.241,-1.811,1.85,-11.466,155.685,-11.698,155.410,-1.633,0.147,-0.252,-0.002,-3.30,-5.03,92.31
7,-6.241,-1.811,1.90,-11.466,155.685,-11.692,155.404,-1.633,0.152,-0.242,-0.001,-3.12,-5.13,92.31
7,-6.241,-1.811,1.95,-11.466,155.685,-11.680,155.391,-1.634,0.162,-0.221,0.001,-3.01,-5.19,92.31
7,-6.241,-1.811,2.00,-11.466,155.685,-11.675,155.386,-1.634,0.165,-0.211,0.002,-2.85,-5.25,92.31
7,-6.241,-1.811,2.05,-11.466,155.685,-11.664,155.377,-1.635,0.171,-0.192,0.003,-2.75,-5.29,92.32
7,-6.241,-1.811,2.10,-11.466,155.685,-11.658,155.372,-1.635,0.174,-0.183,0.004,-2.60,-5.32,92.32
7,-6.241,-1.811,2.15,-11.466,155.685,-11.645,155.363,-1.635,0.178,-0.162,0.005,-2.50,-5.34,92.33
7,-6.241,-1.811,2.20,-11.466,155.685,-11.639,155.359,-1.635,0.179,-0.154,0.006,-2.37,-5.35,92.33
7,-6.241,-1.811,2.25,-11.466,155.685,-11.628,155.352,-1.635,0.181,-0.136,0.007,-2.28,-5.36,92.33
7,-6.241,-1.811,2.30,-11.466,155.685,-11.622,155.349,-1.634,0.181,-0.128,0.007,-2.16,-5.36,92.33
7,-6.241,-1.811,2.35,-11.466,155.685,-11.608,155.343,-1.634,0.182,-0.109,0.007,-2.08,-5.36,92.33
7,-6.241,-1.811,2.40,-11.466,155.685,-11.602,155.340,-1.634,0.181,-0.101,0.007,-1.96,-5.36,92.33
7,-6.241,-1.811,2.45,-11.466,155.685,-11.591,155.336,-1.635,0.180,-0.086,0.007,-1.89,-5.35,92.33
7,-6.241,-1.811,2.50,-11.466,155.685,-11.585,155.335,-1.635,0.179,-0.078,0.008,-1.78,-5.34,92.33
7,-6.241,-1.811,2.55,-11.466,155.685,-11.572,155.332,-1.635,0.176,-0.061,0.008,-1.71,-5.33,92.33
7,-6.241,-1.811,2.60,-11.466,155.685,-11.567,155.331,-1.635,0.174,-0.054,0.008,-1.61,-5.31,92.33
7,-6.241,-1.811,2.65,-11.466,155.685,-11.556,155.330,-1.635,0.170,-0.040,0.009,-1.55,-5.29,92.34
7,-6.241,-1.811,2.70,-11.466,155.685,-11.551,155.329,-1.635,0.167,-0.033,0.009,-1.46,-5.26,92.35
7,-6.241,-1.811,2.75,-11.466,155.685,-11.539,155.329,-1.634,0.161,-0.019,0.010,-1.40,-5.24,92.35
7,-6.241,-1.811,2.80,-11.466,155.685,-11.535,155.330,-1.634,0.158,-0.013,0.010,-1.33,-5.20,92.36
7,-6.241,-1.811,2.85,-11.466,155.685,-11.526,155.331,-1.634,0.151,-0.001,0.010,-1.28,-5.18,92.37
7,-6.241,-1.811,2.90,-11.466,155.685,-11.522,155.332,-1.633,0.147,0.005,0.010,-1.22,-5.13,92.38
7,-6.241,-1.811,2.95,-11.466,155.685,-11.513,155.335,-1.632,0.138,0.016,0.010,-1.19,-5.10,92.38
7,-6.241,-1.811,3.00,-11.466,155.685,-11.510,155.336,-1.632,0.134,0.021,0.010,-1.15,-5.05,92.39
7,-6.241,-1.811,3.05,-11.466,155.685,-11.503,155.339,-1.631,0.126,0.030,0.010,-1.12,-5.02,92.39
7,-6.241,-1.811,3.10,-11.466,155.685,-11.500,155.340,-1.630,0.122,0.034,0.010,-1.10,-4.97,92.39
7,-6.241,-1.811,3.15,-11.466,155.685,-11.494,155.344,-1.629,0.112,0.042,0.009,-1.09,-4.94,92.39
7,-6.241,-1.811,3.20,-11.466,155.685,-11.491,155.346,-1.628,0.108,0.045,0.009,-1.07,-4.89,92.38
7,-6.241,-1.811,3.25,-11.466,155.685,-11.487,155.349,-1.627,0.100,0.051,0.008,-1.07,-4.86,92.38
7,-6.241,-1.811,3.30,-11.466,155.685,-11.485,155.351,-1.626,0.096,0.054,0.008,-1.07,-4.82,92.38
7,-6.241,-1.811,3.35,-11.466,155.685,-11.481,155.354,-1.625,0.086,0.059,0.007,-1.07,-4.79,92.38
7,-6.241,-1.811,3.40,-11.466,155.685,-11.479,155.356,-1.625,0.082,0.061,0.006,-1.07,-4.75,92.37
7,-6.241,-1.811,3.45,-11.466,155.685,-11.476,155.360,-1.624,0.075,0.064,0.005,-1.08,-4.73,92.37
7,-6.241,-1.811,3.50,-11.466,155.685,-11.475,155.362,-1.624,0.071,0.066,0.004,-1.10,-4.70,92.37
7,-6.241,-1.811,3.55,-11.466,155.685,-11.473,155.366,-1.623,0.063,0.069,0.003,-1.11,-4.69,92.37
7,-6.241,-1.811,3.60,-11.466,155.685,-11.471,155.368,-1.623,0.060,0.070,0.003,-1.13,-4.66,92.36
7,-6.241,-1.811,3.65,-11.466,155.685,-11.469,155.372,-1.623,0.054,0.073,0.002,-1.15,-4.65,92.35
7,-6.241,-1.811,3.70,-11.466,155.685,-11.469,155.374,-1.623,0.051,0.074,0.002,-1.17,-4.62,92.34
7,-6.241,-1.811,3.75,-11.466,155.685,-11.467,155.379,-1.622,0.045,0.076,0.002,-1.18,-4.61,92.34
7,-6.241,-1.811,3.80,-11.466,155.685,-11.467,155.381,-1.622,0.043,0.076,0.001,-1.19,-4.59,92.33
7,-6.241,-1.811,3.85,-11.466,155.685,-11.466,155.385,-1.622,0.038,0.077,0.001,-1.21,-4.58,92.33
7,-6.241,-1.811,3.90,-11.466,155.685,-11.465,155.387,-1.621,0.036,0.078,0.001,-1.22,-4.56,92.32
7,-6.241,-1.811,3.95,-11.466,155.685,-11.465,155.392,-1.621,0.031,0.078,0.000,-1.23,-4.55,92.32
7,-6.241,-1.811,4.00,-11.466,155.685,-11.465,155.394,-1.621,0.029,0.078,-0.000,-1.25,-4.54,92.32
7,-6.241,-1.811,4.05,-11.466,155.685,-11.464,155.398,-1.620,0.026,0.078,-0.000,-1.26,-4.53,92.32
7,-6.241,-1.811,4.10,-11.466,155.685,-11.464,155.400,-1.620,0.025,0.079,-0.000,-1.28,-4.52,92.31
7,-6.241,-1.811,4.15,-11.466,155.685,-11.463,155.405,-1.620,0.022,0.079,-0.001,-1.29,-4.52,92.31
7,-6.241,-1.811,4.20,-11.466,155.685,-11.463,155.407,-1.620,0.021,0.079,-0.001,-1.31,-4.51,92.30
7,-6.241,-1.811,4.25,-11.466,155.685,-11.462,155.412,-1.619,0.020,0.078,-0.001,-1.31,-4.50,92.29
7,-6.241,-1.811,4.30,-11.466,155.685,-11.461,155.414,-1.619,0.019,0.078,-0.001,-1.32,-4.49,92.28
7,-6.241,-1.811,4.35,-11.466,155.685,-11.459,155.418,-1.619,0.018,0.077,-0.002,-1.32,-4.49,92.27
7,-6.241,-1.811,4.40,-11.466,155.685,-11.458,155.420,-1.619,0.018,0.077,-0.002,-1.32,-4.48,92.26
7,-6.241,-1.811,4.45,-11.466,155.685,-11.457,155.423,-1.619,0.018,0.075,-0.002,-1.31,-4.48,92.26
7,-6.241,-1.811,4.50,-11.466,155.685,-11.456,155.425,-1.619,0.017,0.075,-0.002,-1.30,-4.47,92.25
7,-6.241,-1.811,4.55,-11.466,155.685,-11.454,155.429,-1.619,0.016,0.074,-0.003,-1.29,-4.48,92.25
7,-6.241,-1.811,4.60,-11.466,155.685,-11.454,155.430,-1.619,0.016,0.073,-0.003,-1.27,-4.48,92.25
7,-6.241,-1.811,4.65,-11.466,155.685,-11.452,155.433,-1.619,0.015,0.072,-0.003,-1.26,-4.48,92.25
7,-6.241,-1.811,4.70,-11.466,155.685,-11.452,155.435,-1.619,0.014,0.072,-0.003,-1.25,-4.48,92.26
7,-6.241,-1.811,4.75,-11.466,155.685,-11.451,155.438,-1.619,0.012,0.071,-0.002,-1.23,-4.48,92.26
7,-6.241,-1.811,4.80,-11.466,155.685,-11.450,155.439,-1.619,0.011,0.070,-0.002,-1.23,-4.49,92.28
7,-6.241,-1.811,4.85,-11.466,155.685,-11.450,155.442,-1.620,0.009,0.068,-0.003,-1.22,-4.49,92.28
7,-6.241,-1.811,4.90,-11.466,155.685,-11.450,155.443,-1.620,0.008,0.068,-0.002,-1.22,-4.50,92.30
7,-6.241,-1.811,4.95,-11.466,155.685,-11.450,155.446,-1.621,0.005,0.066,-0.002,-1.22,-4.51,92.31
7,-6.241,-1.811,5.00,-11.466,155.685,-11.450,155.447,-1.621,0.004,0.066,-0.002,-1.23,-4.52,92.33
7,-6.241,-1.811,5.05,-11.466,155.685,-11.451,155.449,-1.622,0.001,0.065,-0.002,-1.23,-4.53,92.34
7,-6.241,-1.811,5.10,-11.466,155.685,-11.451,155.450,-1.622,-0.000,0.064,-0.002,-1.25,-4.54,92.35
7,-6.241,-1.811,5.15,-11.466,155.685,-11.452,155.452,-1.623,-0.002,0.063,-0.001,-1.26,-4.54,92.36
7,-6.241,-1.811,5.20,-11.466,155.685,-11.452,155.453,-1.624,-0.003,0.062,-0.000,-1.28,-4.56,92.37
7,-6.241,-1.811,5.25,-11.466,155.685,-11.453,155.455,-1.624,-0.005,0.062,0.000,-1.29,-4.56,92.37
7,-6.241,-1.811,5.30,-11.466,155.685,-11.453,155.456,-1.624,-0.006,0.062,0.001,-1.31,-4.58,92.38
7,-6.241,-1.811,5.35,-11.466,155.685,-11.454,155.459,-1.625,-0.007,0.061,0.001,-1.33,-4.58,92.38
7,-6.241,-1.811,5.40,-11.466,155.685,-11.454,155.460,-1.625,-0.007,0.061,0.002,-1.34,-4.59,92.38
7,-6.241,-1.811,5.45,-11.466,155.685,-11.455,155.462,-1.626,-0.008,0.061,0.002,-1.35,-4.59,92.38
7,-6.241,-1.811,5.50,-11.466,155.685,-11.455,155.463,-1.626,-0.008,0.062,0.002,-1.37,-4.60,92.37
7,-6.241,-1.811,5.55,-11.466,155.685,-11.455,155.466,-1.627,-0.008,0.062,0.003,-1.37,-4.60,92.37
7,-6.241,-1.811,5.60,-11.466,155.685,-11.455,155.468,-1.628,-0.008,0.062,0.003,-1.38,-4.60,92.36
7,-6.241,-1.811,5.65,-11.466,155.685,-11.455,155.471,-1.628,-0.007,0.062,0.004,-1.38,-4.60,92.36
7,-6.241,-1.811,5.70,-11.466,155.685,-11.454,155.472,-1.629,-0.007,0.062,0.004,-1.38,-4.59,92.35
7,-6.241,-1.811,5.75,-11.466,155.685,-11.454,155.475,-1.629,-0.006,0.062,0.006,-1.37,-4.59,92.35
7,-6.241,-1.811,5.80,-11.466,155.685,-11.455,155.477,-1.629,-0.006,0.062,0.006,-1.37,-4.59,92.34
7,-6.241,-1.811,5.85,-11.466,155.685,-11.455,155.480,-1.629,-0.007,0.062,0.007,-1.36,-4.58,92.34
7,-6.241,-1.811,5.90,-11.466,155.685,-11.456,155.482,-1.629,-0.007,0.062,0.007,-1.35,-4.58,92.33
7,-6.241,-1.811,5.95,-11.466,155.685,-11.457,155.485,-1.630,-0.008,0.062,0.007,-1.35,-4.57,92.33
7,-6.241,-1.811,6.00,-11.466,155.685,-11.457,155.487,-1.630,-0.008,0.062,0.008,-1.35,-4.57,92.32
7,-6.241,-1.811,6.05,-11.466,155.685,-11.459,155.491,-1.630,-0.009,0.062,0.008,-1.35,-4.56,92.32
7,-6.241,-1.811,6.10,-11.466,155.685,-11.460,155.492,-1.630,-0.010,0.062,0.008,-1.36,-4.55,92.31
7,-6.241,-1.811,6.15,-11.466,155.685,-11.462,155.497,-1.629,-0.011,0.062,0.008,-1.37,-4.54,92.31
7,-6.241,-1.811,6.20,-11.466,155.685,-11.463,155.499,-1.629,-0.011,0.062,0.009,-1.38,-4.53,92.31
7,-6.241,-1.811,6.25,-11.466,155.685,-11.464,155.503,-1.629,-0.011,0.062,0.008,-1.39,-4.52,92.31
7,-6.241,-1.811,6.30,-11.466,155.685,-11.465,155.505,-1.629,-0.011,0.062,0.008,-1.41,-4.50,92.30
7,-6.241,-1.811,6.35,-11.466,155.685,-11.466,155.510,-1.628,-0.011,0.063,0.008,-1.43,-4.49,92.30
7,-6.241,-1.811,6.40,-11.466,155.685,-11.467,155.513,-1.628,-0.011,0.063,0.008,-1.44,-4.47,92.30
7,-6.241,-1.811,6.45,-11.466,155.685,-11.468,155.517,-1.627,-0.010,0.062,0.007,-1.45,-4.46,92.30
7,-6.241,-1.811,6.50,-11.466,155.685,-11.468,155.519,-1.627,-0.009,0.062,0.007,-1.46,-4.43,92.30
7,-6.241,-1.811,6.55,-11.466,155.685,-11.469,155.524,-1.626,-0.008,0.061,0.007,-1.46,-4.42,92.30
7,-6.241,-1.811,6.60,-11.466,155.685,-11.469,155.526,-1.625,-0.008,0.060,0.006,-1.46,-4.40,92.30
7,-6.241,-1.811,6.65,-11.466,155.685,-11.469,155.530,-1.624,-0.006,0.059,0.006,-1.47,-4.39,92.30
7,-6.241,-1.811,6.70,-11.466,155.685,-11.469,155.532,-1.624,-0.005,0.058,0.006,-1.46,-4.37,92.30
7,-6.241,-1.811,6.75,-11.466,155.685,-11.469,155.537,-1.622,-0.004,0.057,0.005,-1.46,-4.36,92.30
7,-6.241,-1.811,6.80,-11.466,155.685,-11.469,155.539,-1.622,-0.003,0.056,0.004,-1.45,-4.35,92.31
7,-6.241,-1.811,6.85,-11.466,155.685,-11.470,155.543,-1.620,-0.002,0.054,0.003,-1.44,-4.34,92.31
7,-6.241,-1.811,6.90,-11.466,155.685,-11.470,155.545,-1.620,-0.002,0.053,0.003,-1.43,-4.33,92.31
7,-6.241,-1.811,6.95,-11.466,155.685,-11.471,155.549,-1.619,-0.002,0.051,0.001,-1.43,-4.32,92.31
7,-6.241,-1.811,7.00,-11.466,155.685,-11.472,155.551,-1.618,-0.003,0.050,0.000,-1.42,-4.32,92.31
7,-6.241,-1.811,7.05,-11.466,155.685,-11.474,155.556,-1.618,-0.003,0.048,-0.001,-1.42,-4.31,92.31
7,-6.241,-1.811,7.10,-11.466,155.685,-11.475,155.558,-1.618,-0.003,0.047,-0.001,-1.43,-4.30,92.30
7,-6.241,-1.811,7.15,-11.466,155.685,-11.477,155.563,-1.617,-0.004,0.046,-0.002,-1.43,-4.30,92.30
7,-6.241,-1.811,7.20,-11.466,155.685,-11.478,155.566,-1.616,-0.004,0.045,-0.003,-1.45,-4.29,92.30
7,-6.241,-1.811,7.25,-11.466,155.685,-11.480,155.571,-1.616,-0.004,0.044,-0.003,-1.46,-4.28,92.30
7,-6.241,-1.811,7.30,-11.466,155.685,-11.481,155.573,-1.615,-0.004,0.044,-0.003,-1.48,-4.26,92.29
7,-6.241,-1.811,7.35,-11.466,155.685,-11.483,155.578,-1.614,-0.004,0.042,-0.004,-1.49,-4.24,92.29
7,-6.241,-1.811,7.40,-11.466,155.685,-11.484,155.580,-1.614,-0.004,0.041,-0.004,-1.51,-4.23,92.29
7,-6.241,-1.811,7.45,-11.466,155.685,-11.485,155.584,-1.613,-0.003,0.039,-0.005,-1.52,-4.21,92.29
7,-6.241,-1.811,7.50,-11.466,155.685,-11.486,155.586,-1.613,-0.002,0.038,-0.006,-1.53,-4.20,92.29
7,-6.241,-1.811,7.55,-11.466,155.685,-11.486,155.591,-1.612,-0.001,0.035,-0.007,-1.54,-4.19,92.30
7,-6.241,-1.811,7.60,-11.466,155.685,-11.487,155.592,-1.612,0.000,0.034,-0.008,-1.55,-4.18,92.30
7,-6.241,-1.811,7.65,-11.466,155.685,-11.487,155.595,-1.611,0.002,0.031,-0.008,-1.55,-4.17,92.30
7,-6.241,-1.811,7.70,-11.466,155.685,-11.487,155.596,-1.611,0.003,0.029,-0.009,-1.55,-4.17,92.31
7,-6.241,-1.811,7.75,-11.466,155.685,-11.487,155.599,-1.611,0.006,0.026,-0.010,-1.55,-4.17,92.31
7,-6.241,-1.811,7.80,-11.466,155.685,-11.487,155.600,-1.611,0.007,0.024,-0.010,-1.54,-4.17,92.31
7,-6.241,-1.811,7.85,-11.466,155.685,-11.486,155.601,-1.611,0.008,0.021,-0.010,-1.53,-4.17,92.32
7,-6.241,-1.811,7.90,-11.466,155.685,-11.486,155.602,-1.611,0.009,0.019,-0.010,-1.52,-4.18,92.32
7,-6.241,-1.811,7.95,-11.466,155.685,-11.485,155.603,-1.612,0.012,0.016,-0.011,-1.51,-4.20,92.33
8,-1.867,-1.173,0.00,-11.466,155.685,-11.471,155.676,-1.616,0.003,0.154,0.006,-1.31,-3.31,92.38
8,-1.867,-1.173,0.05,-11.466,155.685,-11.470,155.682,-1.615,0.003,0.158,0.005,-1.31,-3.17,92.38
8,-1.867,-1.173,0.10,-11.466,155.685,-11.469,155.692,-1.613,0.003,0.165,0.004,-1.30,-3.00,92.38
8,-1.867,-1.173,0.15,-11.466,155.685,-11.469,155.698,-1.613,0.004,0.168,0.003,-1.29,-2.88,92.38
8,-1.867,-1.173,0.20,-11.466,155.685,-11.467,155.712,-1.611,0.005,0.173,0.001,-1.28,-2.71,92.38
8,-1.867,-1.173,0.25,-11.466,155.685,-11.467,155.718,-1.611,0.005,0.176,0.000,-1.27,-2.60,92.38
8,-1.867,-1.173,0.30,-11.466,155.685,-11.465,155.731,-1.610,0.006,0.179,-0.001,-1.25,-2.42,92.38
8,-1.867,-1.173,0.35,-11.466,155.685,-11.464,155.738,-1.610,0.006,0.180,-0.002,-1.24,-2.31,92.38
8,-1.867,-1.173,0.40,-11.466,155.685,-11.463,155.753,-1.610,0.008,0.182,-0.003,-1.22,-2.14,92.38
8,-1.867,-1.173,0.45,-11.466,155.685,-11.462,155.760,-1.610,0.009,0.182,-0.003,-1.20,-2.02,92.37
8,-1.867,-1.173,0.50,-11.466,155.685,-11.461,155.774,-1.609,0.010,0.181,-0.004,-1.18,-1.86,92.37
8,-1.867,-1.173,0.55,-11.466,155.685,-11.460,155.781,-1.609,0.010,0.180,-0.004,-1.16,-1.75,92.37
8,-1.867,-1.173,0.60,-11.466,155.685,-11.459,155.796,-1.609,0.011,0.177,-0.004,-1.13,-1.60,92.37
8,-1.867,-1.173,0.65,-11.466,155.685,-11.459,155.802,-1.608,0.011,0.175,-0.004,-1.11,-1.49,92.36
8,-1.867,-1.173,0.70,-11.466,155.685,-11.459,155.815,-1.608,0.011,0.169,-0.005,-1.09,-1.35,92.36
8,-1.867,-1.173,0.75,-11.466,155.685,-11.458,155.821,-1.608,0.012,0.166,-0.005,-1.08,-1.26,92.36
8,-1.867,-1.173,0.80,-11.466,155.685,-11.458,155.834,-1.608,0.012,0.157,-0.006,-1.06,-1.14,92.36
8,-1.867,-1.173,0.85,-11.466,155.685,-11.458,155.839,-1.608,0.012,0.153,-0.007,-1.05,-1.07,92.36
8,-1.867,-1.173,0.90,-11.466,155.685,-11.458,155.849,-1.609,0.012,0.143,-0.007,-1.04,-0.97,92.36
8,-1.867,-1.173,0.95,-11.466,155.685,-11.458,155.854,-1.609,0.012,0.138,-0.007,-1.03,-0.92,92.36
8,-1.867,-1.173,1.00,-11.466,155.685,-11.458,155.864,-1.610,0.011,0.126,-0.007,-1.02,-0.84,92.36
8,-1.867,-1.173,1.05,-11.466,155.685,-11.458,155.868,-1.610,0.011,0.120,-0.007,-1.02,-0.81,92.36
8,-1.867,-1.173,1.10,-11.466,155.685,-11.458,155.875,-1.611,0.011,0.109,-0.006,-1.01,-0.76,92.37
8,-1.867,-1.173,1.15,-11.466,155.685,-11.459,155.879,-1.611,0.010,0.102,-0.006,-1.01,-0.73,92.37
8,-1.867,-1.173,1.20,-11.466,155.685,-11.460,155.886,-1.612,0.009,0.089,-0.006,-1.02,-0.71,92.37
8,-1.867,-1.173,1.25,-11.466,155.685,-11.460,155.888,-1.613,0.009,0.083,-0.006,-1.02,-0.70,92.37
8,-1.867,-1.173,1.30,-11.466,155.685,-11.461,155.893,-1.614,0.008,0.070,-0.005,-1.03,-0.69,92.37
8,-1.867,-1.173,1.35,-11.466,155.685,-11.462,155.895,-1.614,0.008,0.064,-0.005,-1.03,-0.69,92.37
8,-1.867,-1.173,1.40,-11.466,155.685,-11.462,155.899,-1.615,0.008,0.051,-0.004,-1.05,-0.70,92.37
8,-1.867,-1.173,1.45,-11.466,155.685,-11.463,155.900,-1.616,0.008,0.045,-0.003,-1.05,-0.70,92.37
8,-1.867,-1.173,1.50,-11.466,155.685,-11.463,155.901,-1.617,0.008,0.034,-0.003,-1.07,-0.73,92.37
8,-1.867,-1.173,1.55,-11.466,155.685,-11.463,155.902,-1.617,0.009,0.028,-0.002,-1.07,-0.74,92.37
8,-1.867,-1.173,1.60,-11.466,155.685,-11.463,155.902,-1.618,0.010,0.016,-0.001,-1.07,-0.77,92.37
8,-1.867,-1.173,1.65,-11.466,155.685,-11.463,155.901,-1.618,0.010,0.010,-0.001,-1.08,-0.80,92.37
8,-1.867,-1.173,1.70,-11.466,155.685,-11.462,155.899,-1.618,0.011,-0.000,-0.000,-1.07,-0.85,92.38
8,-1.867,-1.173,1.75,-11.466,155.685,-11.462,155.898,-1.618,0.012,-0.006,0.000,-1.07,-0.88,92.38
8,-1.867,-1.173,1.80,-11.466,155.685,-11.461,155.894,-1.617,0.013,-0.016,0.000,-1.06,-0.94,92.38
8,-1.867,-1.173,1.85,-11.466,155.685,-11.460,155.892,-1.617,0.014,-0.021,0.000,-1.05,-0.98,92.38
8,-1.867,-1.173,1.90,-11.466,155.685,-11.459,155.888,-1.616,0.015,-0.029,0.000,-1.04,-1.05,92.38
8,-1.867,-1.173,1.95,-11.466,155.685,-11.459,155.886,-1.616,0.015,-0.032,-0.000,-1.03,-1.09,92.38
8,-1.867,-1.173,2.00,-11.466,155.685,-11.457,155.880,-1.615,0.016,-0.040,-0.001,-1.01,-1.16,92.37
8,-1.867,-1.173,2.05,-11.466,155.685,-11.457,155.878,-1.614,0.016,-0.042,-0.001,-1.00,-1.21,92.37
8,-1.867,-1.173,2.10,-11.466,155.685,-11.455,155.872,-1.614,0.017,-0.047,-0.002,-0.98,-1.28,92.36
8,-1.867,-1.173,2.15,-11.466,155.685,-11.455,155.869,-1.613,0.017,-0.049,-0.002,-0.97,-1.32,92.36
8,-1.867,-1.173,2.20,-11.466,155.685,-11.453,155.863,-1.612,0.017,-0.053,-0.003,-0.96,-1.39,92.36
8,-1.867,-1.173,2.25,-11.466,155.685,-11.452,155.860,-1.612,0.018,-0.054,-0.004,-0.95,-1.43,92.36
8,-1.867,-1.173,2.30,-11.466,155.685,-11.451,155.855,-1.611,0.018,-0.056,-0.005,-0.93,-1.49,92.36
8,-1.867,-1.173,2.35,-11.466,155.685,-11.450,155.852,-1.610,0.018,-0.056,-0.005,-0.92,-1.53,92.36
8,-1.867,-1.173,2.40,-11.466,155.685,-11.448,155.847,-1.610,0.018,-0.056,-0.006,-0.91,-1.57,92.36
8,-1.867,-1.173,2.45,-11.466,155.685,-11.447,155.845,-1.609,0.018,-0.055,-0.007,-0.90,-1.60,92.36
8,-1.867,-1.173,2.50,-11.466,155.685,-11.445,155.841,-1.609,0.018,-0.054,-0.008,-0.88,-1.63,92.37
8,-1.867,-1.173,2.55,-11.466,155.685,-11.444,155.839,-1.609,0.018,-0.053,-0.008,-0.87,-1.64,92.37
8,-1.867,-1.173,2.60,-11.466,155.685,-11.442,155.835,-1.609,0.017,-0.050,-0.009,-0.85,-1.66,92.38
8,-1.867,-1.173,2.65,-11.466,155.685,-11.441,155.834,-1.609,0.017,-0.049,-0.009,-0.84,-1.67,92.38
8,-1.867,-1.173,2.70,-11.466,155.685,-11.440,155.830,-1.610,0.016,-0.047,-0.010,-0.82,-1.67,92.38
8,-1.867,-1.173,2.75,-11.466,155.685,-11.440,155.829,-1.610,0.016,-0.046,-0.010,-0.81,-1.67,92.38
8,-1.867,-1.173,2.80,-11.466,155.685,-11.439,155.825,-1.611,0.014,-0.044,-0.010,-0.80,-1.67,92.38
8,-1.867,-1.173,2.85,-11.466,155.685,-11.438,155.823,-1.612,0.014,-0.043,-0.010,-0.79,-1.66,92.37
8,-1.867,-1.173,2.90,-11.466,155.685,-11.438,155.819,-1.613,0.012,-0.042,-0.010,-0.78,-1.66,92.37
8,-1.867,-1.173,2.95,-11.466,155.685,-11.437,155.818,-1.613,0.011,-0.041,-0.009,-0.77,-1.66,92.37
8,-1.867,-1.173,3.00,-11.466,155.685,-11.437,155.814,-1.613,0.009,-0.039,-0.008,-0.77,-1.66,92.36
8,-1.867,-1.173,3.05,-11.466,155.685,-11.437,155.812,-1.613,0.008,-0.039,-0.008,-0.78,-1.67,92.36
8,-1.867,-1.173,3.10,-11.466,155.685,-11.437,155.809,-1.613,0.006,-0.037,-0.007,-0.78,-1.67,92.35
8,-1.867,-1.173,3.15,-11.466,155.685,-11.437,155.808,-1.613,0.005,-0.036,-0.007,-0.79,-1.67,92.35
8,-1.867,-1.173,3.20,-11.466,155.685,-11.438,155.805,-1.613,0.002,-0.033,-0.006,-0.80,-1.67,92.34
8,-1.867,-1.173,3.25,-11.466,155.685,-11.438,155.804,-1.613,0.001,-0.032,-0.006,-0.80,-1.67,92.33
8,-1.867,-1.173,3.30,-11.466,155.685,-11.440,155.803,-1.613,-0.002,-0.030,-0.007,-0.82,-1.66,92.33
8,-1.867,-1.173,3.35,-11.466,155.685,-11.440,155.802,-1.613,-0.003,-0.029,-0.007,-0.83,-1.66,92.32
8,-1.867,-1.173,3.40,-11.466,155.685,-11.442,155.801,-1.613,-0.005,-0.026,-0.007,-0.85,-1.64,92.31
8,-1.867,-1.173,3.45,-11.466,155.685,-11.443,155.800,-1.613,-0.006,-0.024,-0.007,-0.86,-1.63,92.31
8,-1.867,-1.173,3.50,-11.466,155.685,-11.445,155.800,-1.614,-0.008,-0.022,-0.008,-0.89,-1.61,92.30
8,-1.867,-1.173,3.55,-11.466,155.685,-11.447,155.800,-1.614,-0.009,-0.021,-0.008,-0.91,-1.59,92.30
8,-1.867,-1.173,3.60,-11.466,155.685,-11.449,155.800,-1.615,-0.010,-0.018,-0.007,-0.94,-1.57,92.30
8,-1.867,-1.173,3.65,-11.466,155.685,-11.451,155.800,-1.615,-0.011,-0.017,-0.007,-0.95,-1.55,92.30
8,-1.867,-1.173,3.70,-11.466,155.685,-11.453,155.800,-1.616,-0.012,-0.015,-0.007,-0.98,-1.52,92.29
8,-1.867,-1.173,3.75,-11.466,155.685,-11.454,155.800,-1.616,-0.012,-0.014,-0.006,-1.00,-1.50,92.29
8,-1.867,-1.173,3.80,-11.466,155.685,-11.456,155.801,-1.617,-0.011,-0.012,-0.005,-1.03,-1.47,92.30
8,-1.867,-1.173,3.85,-11.466,155.685,-11.456,155.801,-1.617,-0.011,-0.011,-0.005,-1.04,-1.45,92.30
8,-1.867,-1.173,3.90,-11.466,155.685,-11.457,155.802,-1.617,-0.009,-0.011,-0.004,-1.06,-1.42,92.30
8,-1.867,-1.173,3.95,-11.466,155.685,-11.457,155.802,-1.617,-0.008,-0.010,-0.004,-1.07,-1.40,92.31
8,-1.867,-1.173,4.00,-11.466,155.685,-11.457,155.802,-1.617,-0.006,-0.010,-0.003,-1.07,-1.37,92.31
8,-1.867,-1.173,4.05,-11.466,155.685,-11.457,155.802,-1.617,-0.004,-0.011,-0.003,-1.07,-1.35,92.32
8,-1.867,-1.173,4.10,-11.466,155.685,-11.457,155.802,-1.617,-0.002,-0.012,-0.003,-1.07,-1.33,92.33
8,-1.867,-1.173,4.15,-11.466,155.685,-11.456,155.801,-1.617,-0.001,-0.012,-0.003,-1.06,-1.32,92.33
8,-1.867,-1.173,4.20,-11.466,155.685,-11.455,155.800,-1.617,0.002,-0.014,-0.003,-1.04,-1.31,92.33
8,-1.867,-1.173,4.25,-11.466,155.685,-11.454,155.800,-1.617,0.003,-0.015,-0.003,-1.02,-1.31,92.34
8,-1.867,-1.173,4.30,-11.466,155.685,-11.453,155.798,-1.617,0.006,-0.017,-0.003,-0.99,-1.31,92.34
8,-1.867,-1.173,4.35,-11.466,155.685,-11.452,155.797,-1.617,0.007,-0.018,-0.002,-0.97,-1.31,92.35
8,-1.867,-1.173,4.40,-11.466,155.685,-11.451,155.795,-1.617,0.008,-0.020,-0.002,-0.94,-1.32,92.35
8,-1.867,-1.173,4.45,-11.466,155.685,-11.450,155.794,-1.616,0.009,-0.021,-0.002,-0.92,-1.33,92.35
8,-1.867,-1.173,4.50,-11.466,155.685,-11.448,155.793,-1.616,0.010,-0.022,-0.003,-0.89,-1.34,92.35
8,-1.867,-1.173,4.55,-11.466,155.685,-11.447,155.792,-1.616,0.010,-0.023,-0.003,-0.87,-1.36,92.35
8,-1.867,-1.173,4.60,-11.466,155.685,-11.446,155.790,-1.617,0.010,-0.024,-0.004,-0.85,-1.37,92.35
8,-1.867,-1.173,4.65,-11.466,155.685,-11.445,155.790,-1.617,0.010,-0.025,-0.004,-0.83,-1.39,92.35
8,-1.867,-1.173,4.70,-11.466,155.685,-11.444,155.788,-1.617,0.009,-0.025,-0.003,-0.81,-1.40,92.35
8,-1.867,-1.173,4.75,-11.466,155.685,-11.443,155.788,-1.618,0.009,-0.026,-0.004,-0.80,-1.41,92.35
8,-1.867,-1.173,4.80,-11.466,155.685,-11.441,155.787,-1.618,0.008,-0.025,-0.003,-0.79,-1.42,92.35
8,-1.867,-1.173,4.85,-11.466,155.685,-11.441,155.787,-1.618,0.008,-0.025,-0.003,-0.78,-1.43,92.35
8,-1.867,-1.173,4.90,-11.466,155.685,-11.439,155.788,-1.619,0.006,-0.024,-0.003,-0.77,-1.43,92.34
8,-1.867,-1.173,4.95,-11.466,155.685,-11.439,155.788,-1.619,0.006,-0.023,-0.002,-0.76,-1.42,92.34
8,-1.867,-1.173,5.00,-11.466,155.685,-11.438,155.789,-1.619,0.004,-0.022,-0.002,-0.75,-1.41,92.34
8,-1.867,-1.173,5.05,-11.466,155.685,-11.437,155.789,-1.618,0.004,-0.021,-0.002,-0.75,-1.40,92.34
8,-1.867,-1.173,5.10,-11.466,155.685,-11.436,155.790,-1.618,0.003,-0.020,-0.002,-0.74,-1.38,92.34
8,-1.867,-1.173,5.15,-11.466,155.685,-11.435,155.791,-1.617,0.002,-0.020,-0.002,-0.74,-1.37,92.33
8,-1.867,-1.173,5.20,-11.466,155.685,-11.434,155.792,-1.617,0.001,-0.019,-0.002,-0.74,-1.35,92.33
8,-1.867,-1.173,5.25,-11.466,155.685,-11.434,155.793,-1.616,-0.000,-0.019,-0.002,-0.73,-1.33,92.33
8,-1.867,-1.173,5.30,-11.466,155.685,-11.433,155.794,-1.615,-0.002,-0.019,-0.002,-0.73,-1.30,92.33
8,-1.867,-1.173,5.35,-11.466,155.685,-11.433,155.794,-1.615,-0.002,-0.019,-0.003,-0.73,-1.29,92.33
8,-1.867,-1.173,5.40,-11.466,155.685,-11.432,155.795,-1.615,-0.003,-0.020,-0.003,-0.73,-1.27,92.33
8,-1.867,-1.173,5.45,-11.466,155.685,-11.432,155.795,-1.615,-0.004,-0.021,-0.004,-0.73,-1.25,92.33
8,-1.867,-1.173,5.50,-11.466,155.685,-11.431,155.795,-1.615,-0.005,-0.022,-0.004,-0.73,-1.24,92.32
8,-1.867,-1.173,5.55,-11.466,155.685,-11.431,155.795,-1.615,-0.005,-0.023,-0.005,-0.73,-1.23,92.32
8,-1.867,-1.173,5.60,-11.466,155.685,-11.430,155.796,-1.615,-0.006,-0.024,-0.005,-0.73,-1.22,92.32
8,-1.867,-1.173,5.65,-11.466,155.685,-11.430,155.796,-1.615,-0.007,-0.025,-0.005,-0.73,-1.22,92.32
8,-1.867,-1.173,5.70,-11.466,155.685,-11.430,155.796,-1.616,-0.008,-0.026,-0.006,-0.73,-1.22,92.32
8,-1.867,-1.173,5.75,-11.466,155.685,-11.429,155.796,-1.616,-0.008,-0.027,-0.006,-0.73,-1.22,92.32
8,-1.867,-1.173,5.80,-11.466,155.685,-11.429,155.796,-1.617,-0.010,-0.029,-0.005,-0.73,-1.22,92.32
8,-1.867,-1.173,5.85,-11.466,155.685,-11.429,155.796,-1.617,-0.010,-0.029,-0.005,-0.73,-1.21,92.32
8,-1.867,-1.173,5.90,-11.466,155.685,-11.429,155.795,-1.617,-0.011,-0.031,-0.005,-0.73,-1.22,92.32
8,-1.867,-1.173,5.95,-11.466,155.685,-11.429,155.794,-1.617,-0.012,-0.032,-0.004,-0.73,-1.22,92.32
8,-1.867,-1.173,6.00,-11.466,155.685,-11.429,155.793,-1.616,-0.014,-0.035,-0.004,-0.74,-1.22,92.32
8,-1.867,-1.173,6.05,-11.466,155.685,-11.430,155.792,-1.616,-0.014,-0.036,-0.004,-0.74,-1.23,92.32
8,-1.867,-1.173,6.10,-11.466,155.685,-11.430,155.790,-1.616,-0.016,-0.038,-0.004,-0.75,-1.24,92.33
8,-1.867,-1.173,6.15,-11.466,155.685,-11.431,155.789,-1.615,-0.017,-0.039,-0.004,-0.76,-1.26,92.33
8,-1.867,-1.173,6.20,-11.466,155.685,-11.432,155.787,-1.614,-0.019,-0.041,-0.005,-0.77,-1.27,92.33
8,-1.867,-1.173,6.25,-11.466,155.685,-11.433,155.786,-1.614,-0.020,-0.041,-0.005,-0.78,-1.29,92.33
8,-1.867,-1.173,6.30,-11.466,155.685,-11.435,155.784,-1.612,-0.021,-0.042,-0.006,-0.79,-1.31,92.33
8,-1.867,-1.173,6.35,-11.466,155.685,-11.436,155.783,-1.612,-0.022,-0.043,-0.006,-0.81,-1.32,92.33
8,-1.867,-1.173,6.40,-11.466,155.685,-11.438,155.781,-1.611,-0.023,-0.043,-0.008,-0.83,-1.34,92.33
8,-1.867,-1.173,6.45,-11.466,155.685,-11.438,155.780,-1.610,-0.024,-0.043,-0.008,-0.85,-1.35,92.33
8,-1.867,-1.173,6.50,-11.466,155.685,-11.440,155.778,-1.609,-0.024,-0.043,-0.009,-0.88,-1.37,92.33
8,-1.867,-1.173,6.55,-11.466,155.685,-11.441,155.777,-1.609,-0.024,-0.043,-0.009,-0.89,-1.38,92.33
8,-1.867,-1.173,6.60,-11.466,155.685,-11.442,155.775,-1.608,-0.023,-0.043,-0.011,-0.91,-1.39,92.33
8,-1.867,-1.173,6.65,-11.466,155.685,-11.443,155.774,-1.607,-0.023,-0.043,-0.011,-0.92,-1.40,92.33
8,-1.867,-1.173,6.70,-11.466,155.685,-11.444,155.772,-1.606,-0.023,-0.042,-0.012,-0.94,-1.41,92.32
8,-1.867,-1.173,6.75,-11.466,155.685,-11.445,155.772,-1.606,-0.022,-0.042,-0.013,-0.94,-1.41,92.32
8,-1.867,-1.173,6.80,-11.466,155.685,-11.446,155.770,-1.605,-0.021,-0.040,-0.014,-0.95,-1.42,92.32
8,-1.867,-1.173,6.85,-11.466,155.685,-11.446,155.770,-1.605,-0.020,-0.040,-0.015,-0.96,-1.42,92.32
8,-1.867,-1.173,6.90,-11.466,155.685,-11.447,155.768,-1.604,-0.019,-0.039,-0.016,-0.96,-1.41,92.32
8,-1.867,-1.173,6.95,-11.466,155.685,-11.447,155.768,-1.604,-0.018,-0.039,-0.016,-0.96,-1.41,92.32
8,-1.867,-1.173,7.00,-11.466,155.685,-11.448,155.766,-1.605,-0.016,-0.038,-0.017,-0.96,-1.41,92.32
8,-1.867,-1.173,7.05,-11.466,155.685,-11.448,155.765,-1.605,-0.016,-0.038,-0.018,-0.95,-1.41,92.32
8,-1.867,-1.173,7.10,-11.466,155.685,-11.449,155.763,-1.606,-0.014,-0.038,-0.018,-0.95,-1.42,92.32
8,-1.867,-1.173,7.15,-11.466,155.685,-11.449,155.762,-1.607,-0.014,-0.037,-0.018,-0.94,-1.42,92.32
8,-1.867,-1.173,7.20,-11.466,155.685,-11.450,155.760,-1.609,-0.013,-0.036,-0.017,-0.93,-1.42,92.32
8,-1.867,-1.173,7.25,-11.466,155.685,-11.450,155.760,-1.609,-0.013,-0.036,-0.016,-0.93,-1.43,92.32
8,-1.867,-1.173,7.30,-11.466,155.685,-11.451,155.758,-1.610,-0.012,-0.035,-0.015,-0.92,-1.43,92.32
8,-1.867,-1.173,7.35,-11.466,155.685,-11.452,155.758,-1.611,-0.012,-0.034,-0.014,-0.92,-1.43,92.32
8,-1.867,-1.173,7.40,-11.466,155.685,-11.454,155.756,-1.612,-0.012,-0.034,-0.013,-0.92,-1.43,92.32
8,-1.867,-1.173,7.45,-11.466,155.685,-11.454,155.755,-1.613,-0.012,-0.033,-0.012,-0.93,-1.43,92.33
8,-1.867,-1.173,7.50,-11.466,155.685,-11.456,155.753,-1.613,-0.013,-0.033,-0.011,-0.93,-1.43,92.33
8,-1.867,-1.173,7.55,-11.466,155.685,-11.457,155.752,-1.614,-0.013,-0.033,-0.010,-0.94,-1.43,92.33
8,-1.867,-1.173,7.60,-11.466,155.685,-11.459,155.749,-1.614,-0.014,-0.033,-0.009,-0.95,-1.44,92.33
8,-1.867,-1.173,7.65,-11.466,155.685,-11.461,155.747,-1.614,-0.014,-0.033,-0.008,-0.96,-1.44,92.33
8,-1.867,-1.173,7.70,-11.466,155.685,-11.463,155.744,-1.614,-0.014,-0.033,-0.008,-0.98,-1.45,92.33
8,-1.867,-1.173,7.75,-11.466,155.685,-11.465,155.742,-1.614,-0.014,-0.034,-0.008,-0.99,-1.46,92.33
8,-1.867,-1.173,7.80,-11.466,155.685,-11.467,155.738,-1.614,-0.014,-0.034,-0.007,-1.02,-1.48,92.34
8,-1.867,-1.173,7.85,-11.466,155.685,-11.469,155.736,-1.613,-0.014,-0.034,-0.007,-1.04,-1.49,92.34
8,-1.867,-1.173,7.90,-11.466,155.685,-11.471,155.732,-1.613,-0.013,-0.035,-0.007,-1.06,-1.52,92.34
8,-1.867,-1.173,7.95,-11.466,155.685,-11.471,155.730,-1.613,-0.013,-0.035,-0.007,-1.08,-1.54,92.34
9,8.088,0.330,0.00,-11.466,155.685,-11.605,155.772,-1.617,-0.256,0.194,-0.015,-3.32,-0.19,92.21
9,8.088,0.330,0.05,-11.466,155.685,-11.614,155.780,-1.617,-0.256,0.208,-0.016,-3.53,0.02,92.19
9,8.088,0.330,0.10,-11.466,155.685,-11.633,155.799,-1.618,-0.251,0.239,-0.016,-3.84,0.36,92.14
9,8.088,0.330,0.15,-11.466,155.685,-11.642,155.808,-1.619,-0.247,0.253,-0.016,-4.02,0.61,92.11
9,8.088,0.330,0.20,-11.466,155.685,-11.658,155.829,-1.620,-0.235,0.279,-0.017,-4.27,0.99,92.06
9,8.088,0.330,0.25,-11.466,155.685,-11.665,155.839,-1.620,-0.227,0.291,-0.017,-4.41,1.26,92.02
9,8.088,0.330,0.30,-11.466,155.685,-11.681,155.865,-1.622,-0.207,0.316,-0.017,-4.59,1.67,91.97
9,8.088,0.330,0.35,-11.466,155.685,-11.687,155.877,-1.622,-0.196,0.326,-0.017,-4.69,1.96,91.93
9,8.088,0.330,0.40,-11.466,155.685,-11.698,155.902,-1.624,-0.172,0.344,-0.017,-4.79,2.39,91.87
9,8.088,0.330,0.45,-11.466,155.685,-11.702,155.915,-1.625,-0.159,0.351,-0.017,-4.84,2.67,91.84
9,8.088,0.330,0.50,-11.466,155.685,-11.710,155.945,-1.627,-0.127,0.365,-0.016,-4.87,3.11,91.79
9,8.088,0.330,0.55,-11.466,155.685,-11.713,155.958,-1.628,-0.112,0.369,-0.016,-4.87,3.39,91.76
9,8.088,0.330,0.60,-11.466,155.685,-11.716,155.985,-1.629,-0.081,0.376,-0.014,-4.83,3.81,91.72
9,8.088,0.330,0.65,-11.466,155.685,-11.717,155.999,-1.630,-0.065,0.378,-0.014,-4.77,4.08,91.70
9,8.088,0.330,0.70,-11.466,155.685,-11.716,156.029,-1.632,-0.028,0.378,-0.012,-4.66,4.47,91.67
9,8.088,0.330,0.75,-11.466,155.685,-11.715,156.043,-1.633,-0.012,0.377,-0.011,-4.56,4.72,91.67
9,8.088,0.330,0.80,-11.466,155.685,-11.710,156.069,-1.634,0.019,0.372,-0.009,-4.39,5.08,91.67
9,8.088,0.330,0.85,-11.466,155.685,-11.707,156.082,-1.635,0.034,0.369,-0.009,-4.25,5.31,91.68
9,8.088,0.330,0.90,-11.466,155.685,-11.699,156.111,-1.635,0.068,0.358,-0.007,-4.03,5.62,91.72
9,8.088,0.330,0.95,-11.466,155.685,-11.695,156.123,-1.636,0.082,0.352,-0.006,-3.88,5.82,91.74
9,8.088,0.330,1.00,-11.466,155.685,-11.684,156.146,-1.636,0.109,0.337,-0.005,-3.62,6.09,91.79
9,8.088,0.330,1.05,-11.466,155.685,-11.678,156.157,-1.636,0.122,0.329,-0.004,-3.45,6.26,91.83
9,8.088,0.330,1.10,-11.466,155.685,-11.664,156.181,-1.637,0.148,0.308,-0.003,-3.18,6.48,91.88
9,8.088,0.330,1.15,-11.466,155.685,-11.658,156.190,-1.637,0.159,0.298,-0.003,-2.99,6.61,91.92
9,8.088,0.330,1.20,-11.466,155.685,-11.644,156.208,-1.637,0.179,0.276,-0.002,-2.71,6.79,91.97
9,8.088,0.330,1.25,-11.466,155.685,-11.636,156.216,-1.638,0.187,0.264,-0.002,-2.52,6.88,92.00
9,8.088,0.330,1.30,-11.466,155.685,-11.619,156.233,-1.638,0.205,0.237,-0.000,-2.24,7.00,92.05
9,8.088,0.330,1.35,-11.466,155.685,-11.612,156.240,-1.638,0.212,0.225,0.000,-2.06,7.06,92.08
9,8.088,0.330,1.40,-11.466,155.685,-11.596,156.252,-1.639,0.223,0.199,0.002,-1.80,7.13,92.11
9,8.088,0.330,1.45,-11.466,155.685,-11.588,156.257,-1.639,0.227,0.186,0.002,-1.62,7.17,92.13
9,8.088,0.330,1.50,-11.466,155.685,-11.571,156.267,-1.639,0.235,0.157,0.004,-1.38,7.20,92.15
9,8.088,0.330,1.55,-11.466,155.685,-11.563,156.271,-1.639,0.237,0.144,0.004,-1.23,7.21,92.15
9,8.088,0.330,1.60,-11.466,155.685,-11.548,156.277,-1.638,0.241,0.119,0.005,-1.01,7.20,92.16
9,8.088,0.330,1.65,-11.466,155.685,-11.541,156.279,-1.638,0.241,0.106,0.005,-0.87,7.18,92.16
9,8.088,0.330,1.70,-11.466,155.685,-11.523,156.284,-1.637,0.242,0.079,0.007,-0.68,7.15,92.16
9,8.088,0.330,1.75,-11.466,155.685,-11.516,156.285,-1.636,0.242,0.067,0.007,-0.56,7.12,92.16
9,8.088,0.330,1.80,-11.466,155.685,-11.501,156.286,-1.635,0.240,0.045,0.007,-0.39,7.06,92.15
9,8.088,0.330,1.85,-11.466,155.685,-11.494,156.286,-1.635,0.238,0.034,0.007,-0.29,7.02,92.15
9,8.088,0.330,1.90,-11.466,155.685,-11.478,156.285,-1.633,0.233,0.009,0.007,-0.15,6.95,92.12
9,8.088,0.330,1.95,-11.466,155.685,-11.472,156.284,-1.632,0.230,-0.001,0.007,-0.05,6.90,92.11
9,8.088,0.330,2.00,-11.466,155.685,-11.459,156.280,-1.631,0.223,-0.021,0.006,0.07,6.81,92.07
9,8.088,0.330,2.05,-11.466,155.685,-11.453,156.278,-1.630,0.219,-0.030,0.006,0.14,6.75,92.05
9,8.088,0.330,2.10,-11.466,155.685,-11.441,156.272,-1.629,0.210,-0.050,0.005,0.24,6.66,92.01
9,8.088,0.330,2.15,-11.466,155.685,-11.435,156.269,-1.629,0.205,-0.058,0.005,0.29,6.59,91.98
9,8.088,0.330,2.20,-11.466,155.685,-11.425,156.262,-1.628,0.196,-0.074,0.004,0.37,6.49,91.95
9,8.088,0.330,2.25,-11.466,155.685,-11.420,156.258,-1.628,0.191,-0.081,0.004,0.41,6.42,91.93
9,8.088,0.330,2.30,-11.466,155.685,-11.410,156.249,-1.628,0.180,-0.096,0.003,0.46,6.31,91.91
9,8.088,0.330,2.35,-11.466,155.685,-11.406,156.244,-1.628,0.175,-0.102,0.003,0.49,6.24,91.90
9,8.088,0.330,2.40,-11.466,155.685,-11.399,156.235,-1.628,0.164,-0.112,0.004,0.53,6.14,91.89
9,8.088,0.330,2.45,-11.466,155.685,-11.395,156.230,-1.628,0.159,-0.117,0.004,0.55,6.07,91.89
9,8.088,0.330,2.50,-11.466,155.685,-11.389,156.220,-1.627,0.147,-0.125,0.004,0.57,5.97,91.89
9,8.088,0.330,2.55,-11.466,155.685,-11.386,156.215,-1.627,0.142,-0.128,0.004,0.58,5.91,91.89
9,8.088,0.330,2.60,-11.466,155.685,-11.381,156.206,-1.626,0.132,-0.134,0.005,0.59,5.82,91.90
9,8.088,0.330,2.65,-11.466,155.685,-11.379,156.201,-1.626,0.127,-0.136,0.005,0.59,5.76,91.92
9,8.088,0.330,2.70,-11.466,155.685,-11.374,156.190,-1.625,0.116,-0.139,0.005,0.59,5.69,91.94
9,8.088,0.330,2.75,-11.466,155.685,-11.372,156.186,-1.625,0.112,-0.140,0.005,0.58,5.64,91.96
9,8.088,0.330,2.80,-11.466,155.685,-11.369,156.177,-1.623,0.103,-0.142,0.004,0.57,5.58,91.99
9,8.088,0.330,2.85,-11.466,155.685,-11.368,156.173,-1.623,0.098,-0.142,0.004,0.57,5.55,92.01
9,8.088,0.330,2.90,-11.466,155.685,-11.365,156.164,-1.622,0.089,-0.142,0.003,0.55,5.50,92.04
9,8.088,0.330,2.95,-11.466,155.685,-11.364,156.160,-1.621,0.085,-0.141,0.003,0.54,5.48,92.06
9,8.088,0.330,3.00,-11.466,155.685,-11.363,156.152,-1.621,0.078,-0.140,0.002,0.53,5.45,92.08
9,8.088,0.330,3.05,-11.466,155.685,-11.362,156.148,-1.620,0.074,-0.139,0.001,0.52,5.43,92.10
9,8.088,0.330,3.10,-11.466,155.685,-11.360,156.140,-1.620,0.067,-0.137,0.000,0.50,5.42,92.12
9,8.088,0.330,3.15,-11.466,155.685,-11.360,156.136,-1.620,0.064,-0.136,-0.000,0.49,5.41,92.14
9,8.088,0.330,3.20,-11.466,155.685,-11.358,156.129,-1.619,0.059,-0.134,-0.001,0.47,5.41,92.16
9,8.088,0.330,3.25,-11.466,155.685,-11.357,156.125,-1.619,0.056,-0.133,-0.002,0.47,5.40,92.18
9,8.088,0.330,3.30,-11.466,155.685,-11.356,156.116,-1.620,0.051,-0.131,-0.002,0.46,5.40,92.21
9,8.088,0.330,3.35,-11.466,155.685,-11.355,156.112,-1.620,0.049,-0.130,-0.002,0.46,5.40,92.22
9,8.088,0.330,3.40,-11.466,155.685,-11.354,156.105,-1.620,0.045,-0.129,-0.002,0.45,5.39,92.24
9,8.088,0.330,3.45,-11.466,155.685,-11.354,156.101,-1.621,0.042,-0.128,-0.002,0.45,5.39,92.25
9,8.088,0.330,3.50,-11.466,155.685,-11.354,156.093,-1.621,0.038,-0.126,-0.001,0.46,5.38,92.26
9,8.088,0.330,3.55,-11.466,155.685,-11.353,156.089,-1.622,0.036,-0.124,-0.001,0.45,5.37,92.27
9,8.088,0.330,3.60,-11.466,155.685,-11.353,156.083,-1.623,0.033,-0.122,-0.001,0.45,5.37,92.27
9,8.088,0.330,3.65,-11.466,155.685,-11.352,156.080,-1.623,0.032,-0.120,-0.000,0.46,5.36,92.28
9,8.088,0.330,3.70,-11.466,155.685,-11.351,156.073,-1.624,0.029,-0.117,0.000,0.46,5.36,92.28
9,8.088,0.330,3.75,-11.466,155.685,-11.351,156.070,-1.625,0.027,-0.115,0.001,0.46,5.36,92.29
9,8.088,0.330,3.80,-11.466,155.685,-11.350,156.064,-1.626,0.025,-0.113,0.001,0.47,5.37,92.29
9,8.088,0.330,3.85,-11.466,155.685,-11.349,156.061,-1.627,0.024,-0.111,0.002,0.47,5.37,92.29
9,8.088,0.330,3.90,-11.466,155.685,-11.348,156.056,-1.628,0.022,-0.108,0.003,0.48,5.38,92.30
9,8.088,0.330,3.95,-11.466,155.685,-11.348,156.053,-1.629,0.021,-0.107,0.004,0.49,5.39,92.30
9,8.088,0.330,4.00,-11.466,155.685,-11.346,156.048,-1.631,0.019,-0.104,0.005,0.50,5.40,92.29
9,8.088,0.330,4.05,-11.466,155.685,-11.346,156.046,-1.631,0.018,-0.102,0.005,0.51,5.40,92.29
9,8.088,0.330,4.10,-11.466,155.685,-11.345,156.040,-1.632,0.015,-0.099,0.007,0.53,5.42,92.29
9,8.088,0.330,4.15,-11.466,155.685,-11.344,156.038,-1.633,0.014,-0.098,0.008,0.54,5.43,92.29
9,8.088,0.330,4.20,-11.466,155.685,-11.343,156.033,-1.634,0.012,-0.096,0.009,0.56,5.44,92.28
9,8.088,0.330,4.25,-11.466,155.685,-11.343,156.031,-1.634,0.011,-0.095,0.010,0.57,5.45,92.28
9,8.088,0.330,4.30,-11.466,155.685,-11.342,156.027,-1.635,0.009,-0.092,0.011,0.58,5.46,92.27
9,8.088,0.330,4.35,-11.466,155.685,-11.341,156.026,-1.636,0.007,-0.091,0.011,0.59,5.47,92.27
9,8.088,0.330,4.40,-11.466,155.685,-11.340,156.022,-1.637,0.005,-0.088,0.012,0.60,5.49,92.26
9,8.088,0.330,4.45,-11.466,155.685,-11.340,156.021,-1.638,0.004,-0.087,0.013,0.61,5.50,92.25
9,8.088,0.330,4.50,-11.466,155.685,-11.339,156.018,-1.639,0.001,-0.084,0.014,0.62,5.52,92.24
9,8.088,0.330,4.55,-11.466,155.685,-11.339,156.017,-1.639,-0.000,-0.083,0.015,0.62,5.54,92.24
9,8.088,0.330,4.60,-11.466,155.685,-11.338,156.014,-1.640,-0.002,-0.082,0.016,0.63,5.56,92.23
9,8.088,0.330,4.65,-11.466,155.685,-11.337,156.012,-1.640,-0.004,-0.081,0.016,0.63,5.58,92.23
9,8.088,0.330,4.70,-11.466,155.685,-11.336,156.009,-1.639,-0.006,-0.080,0.017,0.64,5.60,92.23
9,8.088,0.330,4.75,-11.466,155.685,-11.336,156.007,-1.639,-0.007,-0.080,0.017,0.65,5.61,92.24
9,8.088,0.330,4.80,-11.466,155.685,-11.335,156.003,-1.638,-0.010,-0.081,0.018,0.65,5.62,92.24
9,8.088,0.330,4.85,-11.466,155.685,-11.335,156.001,-1.637,-0.011,-0.081,0.018,0.66,5.63,92.25
9,8.088,0.330,4.90,-11.466,155.685,-11.335,155.996,-1.636,-0.014,-0.082,0.017,0.66,5.63,92.26
9,8.088,0.330,4.95,-11.466,155.685,-11.335,155.994,-1.635,-0.015,-0.083,0.017,0.66,5.63,92.27
9,8.088,0.330,5.00,-11.466,155.685,-11.334,155.989,-1.634,-0.017,-0.084,0.016,0.67,5.63,92.28
9,8.088,0.330,5.05,-11.466,155.685,-11.334,155.987,-1.633,-0.018,-0.084,0.016,0.67,5.62,92.28
9,8.088,0.330,5.10,-11.466,155.685,-11.334,155.981,-1.632,-0.020,-0.085,0.014,0.67,5.60,92.29
9,8.088,0.330,5.15,-11.466,155.685,-11.333,155.979,-1.631,-0.021,-0.086,0.014,0.67,5.59,92.30
9,8.088,0.330,5.20,-11.466,155.685,-11.333,155.973,-1.630,-0.023,-0.086,0.012,0.67,5.57,92.31
9,8.088,0.330,5.25,-11.466,155.685,-11.333,155.971,-1.629,-0.024,-0.087,0.012,0.67,5.56,92.31
9,8.088,0.330,5.30,-11.466,155.685,-11.333,155.965,-1.628,-0.026,-0.087,0.010,0.67,5.54,92.32
9,8.088,0.330,5.35,-11.466,155.685,-11.333,155.962,-1.628,-0.027,-0.086,0.009,0.67,5.52,92.32
9,8.088,0.330,5.40,-11.466,155.685,-11.333,155.958,-1.628,-0.029,-0.086,0.008,0.67,5.50,92.32
9,8.088,0.330,5.45,-11.466,155.685,-11.333,155.955,-1.627,-0.030,-0.086,0.008,0.67,5.49,92.32
9,8.088,0.330,5.50,-11.466,155.685,-11.334,155.950,-1.627,-0.032,-0.085,0.007,0.67,5.47,92.32
9,8.088,0.330,5.55,-11.466,155.685,-11.334,155.947,-1.627,-0.033,-0.084,0.007,0.66,5.46,92.31
9,8.088,0.330,5.60,-11.466,155.685,-11.335,155.943,-1.627,-0.035,-0.083,0.007,0.66,5.45,92.31
9,8.088,0.330,5.65,-11.466,155.685,-11.335,155.941,-1.627,-0.035,-0.082,0.006,0.66,5.44,92.31
9,8.088,0.330,5.70,-11.466,155.685,-11.336,155.935,-1.627,-0.037,-0.081,0.006,0.65,5.43,92.30
9,8.088,0.330,5.75,-11.466,155.685,-11.336,155.933,-1.627,-0.037,-0.080,0.006,0.65,5.43,92.30
9,8.088,0.330,5.80,-11.466,155.685,-11.336,155.928,-1.627,-0.038,-0.078,0.006,0.65,5.42,92.29
9,8.088,0.330,5.85,-11.466,155.685,-11.337,155.926,-1.627,-0.038,-0.078,0.006,0.64,5.41,92.29
9,8.088,0.330,5.90,-11.466,155.685,-11.337,155.921,-1.628,-0.039,-0.076,0.006,0.64,5.41,92.28
9,8.088,0.330,5.95,-11.466,155.685,-11.337,155.918,-1.628,-0.039,-0.075,0.006,0.64,5.40,92.27
9,8.088,0.330,6.00,-11.466,155.685,-11.337,155.914,-1.628,-0.040,-0.074,0.006,0.65,5.40,92.27
9,8.088,0.330,6.05,-11.466,155.685,-11.338,155.911,-1.628,-0.040,-0.073,0.007,0.65,5.39,92.27
9,8.088,0.330,6.10,-11.466,155.685,-11.338,155.906,-1.629,-0.041,-0.071,0.007,0.65,5.38,92.26
9,8.088,0.330,6.15,-11.466,155.685,-11.338,155.904,-1.629,-0.041,-0.070,0.007,0.65,5.38,92.26
9,8.088,0.330,6.20,-11.466,155.685,-11.338,155.899,-1.629,-0.041,-0.068,0.008,0.66,5.37,92.25
9,8.088,0.330,6.25,-11.466,155.685,-11.338,155.897,-1.629,-0.042,-0.067,0.008,0.66,5.37,92.25
9,8.088,0.330,6.30,-11.466,155.685,-11.339,155.892,-1.629,-0.043,-0.066,0.008,0.67,5.36,92.26
9,8.088,0.330,6.35,-11.466,155.685,-11.340,155.890,-1.629,-0.044,-0.065,0.008,0.67,5.36,92.26
9,8.088,0.330,6.40,-11.466,155.685,-11.342,155.886,-1.629,-0.045,-0.063,0.008,0.67,5.35,92.27
9,8.088,0.330,6.45,-11.466,155.685,-11.342,155.883,-1.628,-0.046,-0.062,0.008,0.67,5.35,92.27
9,8.088,0.330,6.50,-11.466,155.685,-11.345,155.879,-1.628,-0.048,-0.060,0.008,0.66,5.34,92.29
9,8.088,0.330,6.55,-11.466,155.685,-11.346,155.877,-1.628,-0.049,-0.059,0.008,0.66,5.34,92.29
9,8.088,0.330,6.60,-11.466,155.685,-11.349,155.873,-1.628,-0.051,-0.057,0.008,0.64,5.33,92.31
9,8.088,0.330,6.65,-11.466,155.685,-11.350,155.871,-1.628,-0.052,-0.056,0.008,0.63,5.33,92.32
9,8.088,0.330,6.70,-11.466,155.685,-11.354,155.868,-1.629,-0.054,-0.053,0.008,0.60,5.33,92.33
9,8.088,0.330,6.75,-11.466,155.685,-11.356,155.866,-1.629,-0.055,-0.052,0.008,0.58,5.33,92.33
9,8.088,0.330,6.80,-11.466,155.685,-11.360,155.863,-1.630,-0.056,-0.050,0.008,0.56,5.33,92.34
9,8.088,0.330,6.85,-11.466,155.685,-11.361,155.862,-1.630,-0.057,-0.049,0.008,0.53,5.34,92.35
9,8.088,0.330,6.90,-11.466,155.685,-11.366,155.859,-1.631,-0.058,-0.046,0.008,0.50,5.35,92.36
9,8.088,0.330,6.95,-11.466,155.685,-11.368,155.858,-1.632,-0.058,-0.045,0.008,0.48,5.35,92.36
9,8.088,0.330,7.00,-11.466,155.685,-11.372,155.856,-1.634,-0.059,-0.043,0.009,0.44,5.36,92.37
9,8.088,0.330,7.05,-11.466,155.685,-11.374,155.855,-1.635,-0.059,-0.042,0.009,0.42,5.37,92.37
9,8.088,0.330,7.10,-11.466,155.685,-11.378,155.853,-1.637,-0.058,-0.040,0.010,0.39,5.38,92.37
9,8.088,0.330,7.15,-11.466,155.685,-11.379,155.852,-1.637,-0.057,-0.039,0.011,0.37,5.39,92.36
9,8.088,0.330,7.20,-11.466,155.685,-11.382,155.850,-1.638,-0.055,-0.037,0.013,0.34,5.41,92.36
9,8.088,0.330,7.25,-11.466,155.685,-11.383,155.849,-1.639,-0.054,-0.037,0.013,0.33,5.42,92.35
9,8.088,0.330,7.30,-11.466,155.685,-11.386,155.847,-1.640,-0.051,-0.036,0.015,0.32,5.44,92.34
9,8.088,0.330,7.35,-11.466,155.685,-11.388,155.846,-1.640,-0.050,-0.035,0.016,0.31,5.44,92.33
9,8.088,0.330,7.40,-11.466,155.685,-11.390,155.844,-1.640,-0.048,-0.034,0.017,0.31,5.45,92.32
9,8.088,0.330,7.45,-11.466,155.685,-11.391,155.844,-1.640,-0.047,-0.034,0.018,0.31,5.46,92.32
9,8.088,0.330,7.50,-11.466,155.685,-11.394,155.843,-1.640,-0.045,-0.032,0.018,0.31,5.46,92.31
9,8.088,0.330,7.55,-11.466,155.685,-11.396,155.842,-1.640,-0.044,-0.032,0.018,0.31,5.47,92.31
9,8.088,0.330,7.60,-11.466,155.685,-11.399,155.841,-1.640,-0.042,-0.030,0.019,0.31,5.48,92.31
9,8.088,0.330,7.65,-11.466,155.685,-11.400,155.841,-1.640,-0.042,-0.030,0.019,0.31,5.49,92.31
9,8.088,0.330,7.70,-11.466,155.685,-11.404,155.840,-1.640,-0.040,-0.029,0.019,0.31,5.50,92.31
9,8.088,0.330,7.75,-11.466,155.685,-11.405,155.840,-1.640,-0.039,-0.028,0.018,0.31,5.52,92.31
9,8.088,0.330,7.80,-11.466,155.685,-11.408,155.840,-1.639,-0.037,-0.028,0.018,0.30,5.53,92.31
9,8.088,0.330,7.85,-11.466,155.685,-11.409,155.839,-1.639,-0.036,-0.027,0.018,0.30,5.54,92.31
9,8.088,0.330,7.90,-11.466,155.685,-11.411,155.839,-1.640,-0.034,-0.027,0.018,0.29,5.56,92.31
9,8.088,0.330,7.95,-11.466,155.685,-11.412,155.839,-1.640,-0.033,-0.026,0.018,0.29,5.57,92.31
10,-2.580,-7.634,0.00,-11.466,155.685,-11.676,155.678,-1.621,-0.449,-0.253,-0.011,-4.00,4.30,92.45
10,-2.580,-7.634,0.05,-11.466,155.685,-11.696,155.666,-1.622,-0.455,-0.266,-0.011,-4.50,4.03,92.47
10,-2.580,-7.634,0.10,-11.466,155.685,-11.727,155.647,-1.624,-0.458,-0.287,-0.012,-4.94,3.77,92.48
10,-2.580,-7.634,0.15,-11.466,155.685,-11.742,155.636,-1.625,-0.458,-0.296,-0.012,-5.40,3.48,92.50
10,-2.580,-7.634,0.20,-11.466,155.685,-11.773,155.615,-1.626,-0.453,-0.314,-0.012,-5.80,3.20,92.51
10,-2.580,-7.634,0.25,-11.466,155.685,-11.792,155.601,-1.627,-0.448,-0.324,-0.011,-6.20,2.89,92.53
10,-2.580,-7.634,0.30,-11.466,155.685,-11.820,155.578,-1.629,-0.434,-0.338,-0.011,-6.55,2.61,92.54
10,-2.580,-7.634,0.35,-11.466,155.685,-11.834,155.566,-1.630,-0.426,-0.344,-0.010,-6.89,2.29,92.56
10,-2.580,-7.634,0.40,-11.466,155.685,-11.861,155.542,-1.632,-0.407,-0.354,-0.009,-7.17,2.00,92.57
10,-2.580,-7.634,0.45,-11.466,155.685,-11.877,155.527,-1.633,-0.392,-0.359,-0.008,-7.44,1.69,92.59
10,-2.580,-7.634,0.50,-11.466,155.685,-11.900,155.502,-1.634,-0.367,-0.365,-0.007,-7.67,1.40,92.61
10,-2.580,-7.634,0.55,-11.466,155.685,-11.911,155.490,-1.635,-0.353,-0.367,-0.006,-7.87,1.09,92.62
10,-2.580,-7.634,0.60,-11.466,155.685,-11.931,155.465,-1.636,-0.323,-0.368,-0.005,-8.03,0.81,92.63
10,-2.580,-7.634,0.65,-11.466,155.685,-11.942,155.449,-1.636,-0.304,-0.368,-0.004,-8.17,0.51,92.64
10,-2.580,-7.634,0.70,-11.466,155.685,-11.958,155.425,-1.636,-0.271,-0.365,-0.002,-8.27,0.24,92.65
10,-2.580,-7.634,0.75,-11.466,155.685,-11.964,155.413,-1.637,-0.254,-0.362,-0.001,-8.35,-0.04,92.64
10,-2.580,-7.634,0.80,-11.466,155.685,-11.977,155.391,-1.637,-0.220,-0.355,0.001,-8.39,-0.28,92.63
10,-2.580,-7.634,0.85,-11.466,155.685,-11.983,155.377,-1.637,-0.199,-0.349,0.002,-8.41,-0.53,92.62
10,-2.580,-7.634,0.90,-11.466,155.685,-11.991,155.356,-1.637,-0.165,-0.338,0.003,-8.40,-0.75,92.60
10,-2.580,-7.634,0.95,-11.466,155.685,-11.995,155.346,-1.637,-0.148,-0.331,0.004,-8.38,-0.96,92.58
10,-2.580,-7.634,1.00,-11.466,155.685,-12.000,155.327,-1.637,-0.115,-0.317,0.005,-8.33,-1.15,92.55
10,-2.580,-7.634,1.05,-11.466,155.685,-12.002,155.318,-1.636,-0.099,-0.309,0.006,-8.26,-1.33,92.52
10,-2.580,-7.634,1.10,-11.466,155.685,-12.005,155.299,-1.636,-0.063,-0.290,0.007,-8.18,-1.48,92.48
10,-2.580,-7.634,1.15,-11.466,155.685,-12.005,155.291,-1.635,-0.048,-0.282,0.008,-8.09,-1.63,92.45
10,-2.580,-7.634,1.20,-11.466,155.685,-12.005,155.275,-1.635,-0.020,-0.264,0.008,-7.99,-1.75,92.42
10,-2.580,-7.634,1.25,-11.466,155.685,-12.004,155.268,-1.634,-0.006,-0.254,0.009,-7.88,-1.87,92.38
10,-2.580,-7.634,1.30,-11.466,155.685,-12.001,155.253,-1.634,0.023,-0.233,0.009,-7.77,-1.97,92.35
10,-2.580,-7.634,1.35,-11.466,155.685,-11.999,155.247,-1.633,0.035,-0.224,0.009,-7.64,-2.06,92.32
10,-2.580,-7.634,1.40,-11.466,155.685,-11.995,155.235,-1.633,0.057,-0.205,0.009,-7.53,-2.13,92.29
10,-2.580,-7.634,1.45,-11.466,155.685,-11.992,155.230,-1.632,0.067,-0.196,0.009,-7.40,-2.21,92.26
10,-2.580,-7.634,1.50,-11.466,155.685,-11.985,155.219,-1.632,0.089,-0.175,0.009,-7.29,-2.26,92.23
10,-2.580,-7.634,1.55,-11.466,155.685,-11.981,155.215,-1.632,0.098,-0.165,0.009,-7.17,-2.32,92.22
10,-2.580,-7.634,1.60,-11.466,155.685,-11.973,155.207,-1.631,0.115,-0.147,0.010,-7.05,-2.36,92.20
10,-2.580,-7.634,1.65,-11.466,155.685,-11.968,155.203,-1.631,0.123,-0.137,0.010,-6.93,-2.40,92.19
10,-2.580,-7.634,1.70,-11.466,155.685,-11.957,155.197,-1.631,0.138,-0.117,0.010,-6.82,-2.42,92.19
10,-2.580,-7.634,1.75,-11.466,155.685,-11.952,155.194,-1.631,0.145,-0.108,0.010,-6.70,-2.44,92.19
10,-2.580,-7.634,1.80,-11.466,155.685,-11.941,155.190,-1.630,0.156,-0.090,0.011,-6.59,-2.46,92.19
10,-2.580,-7.634,1.85,-11.466,155.685,-11.935,155.188,-1.630,0.161,-0.082,0.011,-6.48,-2.46,92.20
10,-2.580,-7.634,1.90,-11.466,155.685,-11.922,155.185,-1.630,0.171,-0.062,0.011,-6.37,-2.46,92.21
10,-2.580,-7.634,1.95,-11.466,155.685,-11.915,155.185,-1.629,0.175,-0.054,0.011,-6.26,-2.46,92.23
10,-2.580,-7.634,2.00,-11.466,155.685,-11.903,155.184,-1.629,0.181,-0.038,0.012,-6.16,-2.45,92.25
10,-2.580,-7.634,2.05,-11.466,155.685,-11.896,155.184,-1.629,0.184,-0.030,0.012,-6.05,-2.43,92.28
10,-2.580,-7.634,2.10,-11.466,155.685,-11.882,155.185,-1.628,0.188,-0.013,0.012,-5.95,-2.40,92.30
10,-2.580,-7.634,2.15,-11.466,155.685,-11.875,155.186,-1.628,0.189,-0.006,0.012,-5.85,-2.37,92.32
10,-2.580,-7.634,2.20,-11.466,155.685,-11.863,155.188,-1.628,0.191,0.007,0.012,-5.76,-2.34,92.34
10,-2.580,-7.634,2.25,-11.466,155.685,-11.857,155.189,-1.628,0.191,0.013,0.012,-5.68,-2.31,92.35
10,-2.580,-7.634,2.30,-11.466,155.685,-11.843,155.192,-1.627,0.190,0.026,0.012,-5.60,-2.28,92.36
10,-2.580,-7.634,2.35,-11.466,155.685,-11.837,155.194,-1.627,0.189,0.031,0.012,-5.52,-2.24,92.37
10,-2.580,-7.634,2.40,-11.466,155.685,-11.825,155.198,-1.627,0.187,0.041,0.012,-5.46,-2.21,92.39
10,-2.580,-7.634,2.45,-11.466,155.685,-11.819,155.200,-1.626,0.185,0.046,0.012,-5.39,-2.17,92.40
10,-2.580,-7.634,2.50,-11.466,155.685,-11.807,155.205,-1.625,0.180,0.056,0.011,-5.34,-2.14,92.42
10,-2.580,-7.634,2.55,-11.466,155.685,-11.802,155.208,-1.625,0.178,0.060,0.011,-5.29,-2.10,92.44
10,-2.580,-7.634,2.60,-11.466,155.685,-11.792,155.213,-1.624,0.172,0.068,0.010,-5.25,-2.07,92.46
10,-2.580,-7.634,2.65,-11.466,155.685,-11.787,155.216,-1.623,0.170,0.071,0.010,-5.22,-2.03,92.47
10,-2.580,-7.634,2.70,-11.466,155.685,-11.776,155.222,-1.621,0.163,0.078,0.009,-5.19,-1.99,92.48
10,-2.580,-7.634,2.75,-11.466,155.685,-11.771,155.225,-1.621,0.160,0.080,0.009,-5.17,-1.96,92.48
10,-2.580,-7.634,2.80,-11.466,155.685,-11.762,155.231,-1.620,0.154,0.085,0.008,-5.16,-1.93,92.48
10,-2.580,-7.634,2.85,-11.466,155.685,-11.758,155.234,-1.619,0.151,0.086,0.007,-5.14,-1.90,92.47
10,-2.580,-7.634,2.90,-11.466,155.685,-11.748,155.240,-1.617,0.144,0.090,0.006,-5.13,-1.87,92.46
10,-2.580,-7.634,2.95,-11.466,155.685,-11.745,155.243,-1.617,0.141,0.091,0.005,-5.12,-1.85,92.45
10,-2.580,-7.634,3.00,-11.466,155.685,-11.738,155.248,-1.615,0.134,0.094,0.003,-5.11,-1.83,92.45
10,-2.580,-7.634,3.05,-11.466,155.685,-11.735,155.251,-1.615,0.131,0.095,0.002,-5.11,-1.81,92.44
10,-2.580,-7.634,3.10,-11.466,155.685,-11.728,155.258,-1.614,0.123,0.097,0.000,-5.11,-1.79,92.44
10,-2.580,-7.634,3.15,-11.466,155.685,-11.725,155.261,-1.614,0.119,0.098,-0.000,-5.11,-1.78,92.44
10,-2.580,-7.634,3.20,-11.466,155.685,-11.720,155.268,-1.613,0.113,0.099,-0.002,-5.12,-1.76,92.44
10,-2.580,-7.634,3.25,-11.466,155.685,-11.717,155.271,-1.613,0.109,0.100,-0.002,-5.14,-1.75,92.44
10,-2.580,-7.634,3.30,-11.466,155.685,-11.713,155.278,-1.613,0.102,0.101,-0.004,-5.16,-1.73,92.44
10,-2.580,-7.634,3.35,-11.466,155.685,-11.710,155.281,-1.613,0.099,0.101,-0.004,-5.18,-1.72,92.44
10,-2.580,-7.634,3.40,-11.466,155.685,-11.707,155.287,-1.614,0.094,0.101,-0.005,-5.20,-1.70,92.43
10,-2.580,-7.634,3.45,-11.466,155.685,-11.705,155.290,-1.614,0.091,0.102,-0.005,-5.22,-1.69,92.43
10,-2.580,-7.634,3.50,-11.466,155.685,-11.701,155.297,-1.614,0.085,0.101,-0.005,-5.25,-1.68,92.42
10,-2.580,-7.634,3.55,-11.466,155.685,-11.699,155.300,-1.614,0.083,0.101,-0.005,-5.27,-1.66,92.41
10,-2.580,-7.634,3.60,-11.466,155.685,-11.696,155.306,-1.614,0.080,0.100,-0.005,-5.30,-1.65,92.40
10,-2.580,-7.634,3.65,-11.466,155.685,-11.694,155.310,-1.614,0.078,0.100,-0.005,-5.32,-1.64,92.38
10,-2.580,-7.634,3.70,-11.466,155.685,-11.690,155.316,-1.613,0.075,0.099,-0.005,-5.34,-1.64,92.37
10,-2.580,-7.634,3.75,-11.466,155.685,-11.688,155.319,-1.613,0.074,0.098,-0.005,-5.35,-1.63,92.35
10,-2.580,-7.634,3.80,-11.466,155.685,-11.685,155.325,-1.613,0.072,0.097,-0.005,-5.37,-1.63,92.33
10,-2.580,-7.634,3.85,-11.466,155.685,-11.683,155.328,-1.613,0.071,0.096,-0.006,-5.37,-1.63,92.31
10,-2.580,-7.634,3.90,-11.466,155.685,-11.679,155.333,-1.613,0.069,0.094,-0.006,-5.38,-1.62,92.30
10,-2.580,-7.634,3.95,-11.466,155.685,-11.677,155.336,-1.613,0.068,0.093,-0.006,-5.38,-1.62,92.29
10,-2.580,-7.634,4.00,-11.466,155.685,-11.674,155.340,-1.613,0.066,0.090,-0.006,-5.38,-1.62,92.28
10,-2.580,-7.634,4.05,-11.466,155.685,-11.672,155.342,-1.613,0.066,0.089,-0.007,-5.38,-1.63,92.27
10,-2.580,-7.634,4.10,-11.466,155.685,-11.668,155.346,-1.613,0.064,0.085,-0.007,-5.38,-1.64,92.27
10,-2.580,-7.634,4.15,-11.466,155.685,-11.666,155.347,-1.613,0.064,0.084,-0.007,-5.38,-1.65,92.27
10,-2.580,-7.634,4.20,-11.466,155.685,-11.662,155.350,-1.614,0.063,0.081,-0.007,-5.38,-1.67,92.27
10,-2.580,-7.634,4.25,-11.466,155.685,-11.660,155.352,-1.614,0.062,0.080,-0.007,-5.38,-1.69,92.28
10,-2.580,-7.634,4.30,-11.466,155.685,-11.656,155.355,-1.615,0.061,0.077,-0.006,-5.37,-1.72,92.28
10,-2.580,-7.634,4.35,-11.466,155.685,-11.654,155.356,-1.616,0.060,0.076,-0.006,-5.37,-1.74,92.29
10,-2.580,-7.634,4.40,-11.466,155.685,-11.651,155.359,-1.617,0.059,0.074,-0.005,-5.36,-1.76,92.29
10,-2.580,-7.634,4.45,-11.466,155.685,-11.650,155.360,-1.617,0.058,0.073,-0.005,-5.36,-1.79,92.31
10,-2.580,-7.634,4.50,-11.466,155.685,-11.646,155.362,-1.617,0.056,0.071,-0.004,-5.36,-1.81,92.31
10,-2.580,-7.634,4.55,-11.466,155.685,-11.645,155.363,-1.618,0.055,0.071,-0.004,-5.36,-1.84,92.32
10,-2.580,-7.634,4.60,-11.466,155.685,-11.642,155.365,-1.617,0.054,0.069,-0.003,-5.36,-1.86,92.33
10,-2.580,-7.634,4.65,-11.466,155.685,-11.641,155.366,-1.617,0.053,0.069,-0.003,-5.36,-1.88,92.34
10,-2.580,-7.634,4.70,-11.466,155.685,-11.639,155.369,-1.617,0.050,0.069,-0.003,-5.36,-1.90,92.35
10,-2.580,-7.634,4.75,-11.466,155.685,-11.638,155.370,-1.617,0.049,0.069,-0.003,-5.36,-1.92,92.35
10,-2.580,-7.634,4.80,-11.466,155.685,-11.637,155.372,-1.617,0.047,0.069,-0.003,-5.37,-1.94,92.36
10,-2.580,-7.634,4.85,-11.466,155.685,-11.636,155.373,-1.617,0.046,0.069,-0.003,-5.38,-1.95,92.36
10,-2.580,-7.634,4.90,-11.466,155.685,-11.634,155.376,-1.618,0.045,0.070,-0.003,-5.39,-1.96,92.36
10,-2.580,-7.634,4.95,-11.466,155.685,-11.633,155.377,-1.618,0.044,0.070,-0.003,-5.41,-1.97,92.36
10,-2.580,-7.634,5.00,-11.466,155.685,-11.631,155.380,-1.619,0.043,0.071,-0.003,-5.42,-1.97,92.37
10,-2.580,-7.634,5.05,-11.466,155.685,-11.630,155.381,-1.619,0.043,0.071,-0.003,-5.43,-1.98,92.37
10,-2.580,-7.634,5.10,-11.466,155.685,-11.627,155.383,-1.621,0.042,0.071,-0.003,-5.44,-1.98,92.37
10,-2.580,-7.634,5.15,-11.466,155.685,-11.626,155.383,-1.621,0.042,0.071,-0.002,-5.45,-1.99,92.37
10,-2.580,-7.634,5.20,-11.466,155.685,-11.624,155.385,-1.623,0.042,0.071,-0.002,-5.45,-2.00,92.38
10,-2.580,-7.634,5.25,-11.466,155.685,-11.623,155.386,-1.623,0.042,0.071,-0.001,-5.45,-2.01,92.38
10,-2.580,-7.634,5.30,-11.466,155.685,-11.620,155.388,-1.625,0.042,0.071,-0.000,-5.45,-2.02,92.39
10,-2.580,-7.634,5.35,-11.466,155.685,-11.619,155.389,-1.625,0.042,0.071,0.000,-5.45,-2.03,92.39
10,-2.580,-7.634,5.40,-11.466,155.685,-11.616,155.391,-1.626,0.042,0.071,0.002,-5.44,-2.04,92.39
10,-2.580,-7.634,5.45,-11.466,155.685,-11.615,155.392,-1.626,0.041,0.072,0.002,-5.44,-2.05,92.39
10,-2.580,-7.634,5.50,-11.466,155.685,-11.612,155.395,-1.627,0.041,0.073,0.004,-5.43,-2.05,92.39
10,-2.580,-7.634,5.55,-11.466,155.685,-11.611,155.397,-1.627,0.041,0.073,0.004,-5.42,-2.06,92.39
10,-2.580,-7.634,5.60,-11.466,155.685,-11.608,155.400,-1.627,0.041,0.074,0.005,-5.42,-2.07,92.38
10,-2.580,-7.634,5.65,-11.466,155.685,-11.607,155.401,-1.627,0.040,0.075,0.005,-5.41,-2.07,92.37
10,-2.580,-7.634,5.70,-11.466,155.685,-11.605,155.405,-1.627,0.039,0.077,0.006,-5.40,-2.06,92.37
10,-2.580,-7.634,5.75,-11.466,155.685,-11.604,155.407,-1.626,0.039,0.078,0.006,-5.39,-2.06,92.36
10,-2.580,-7.634,5.80,-11.466,155.685,-11.602,155.411,-1.626,0.038,0.079,0.006,-5.39,-2.05,92.35
10,-2.580,-7.634,5.85,-11.466,155.685,-11.601,155.413,-1.625,0.037,0.080,0.006,-5.38,-2.04,92.35
10,-2.580,-7.634,5.90,-11.466,155.685,-11.598,155.418,-1.625,0.036,0.082,0.006,-5.38,-2.02,92.34
10,-2.580,-7.634,5.95,-11.466,155.685,-11.597,155.421,-1.624,0.036,0.082,0.006,-5.38,-2.01,92.33
10,-2.580,-7.634,6.00,-11.466,155.685,-11.594,155.426,-1.623,0.035,0.083,0.005,-5.38,-1.99,92.32
10,-2.580,-7.634,6.05,-11.466,155.685,-11.593,155.428,-1.623,0.035,0.084,0.005,-5.38,-1.97,92.32
10,-2.580,-7.634,6.10,-11.466,155.685,-11.589,155.434,-1.622,0.034,0.085,0.004,-5.38,-1.95,92.31
10,-2.580,-7.634,6.15,-11.466,155.685,-11.588,155.437,-1.622,0.034,0.085,0.004,-5.37,-1.93,92.30
10,-2.580,-7.634,6.20,-11.466,155.685,-11.586,155.442,-1.622,0.033,0.086,0.003,-5.37,-1.91,92.30
10,-2.580,-7.634,6.25,-11.466,155.685,-11.585,155.445,-1.622,0.033,0.086,0.003,-5.36,-1.89,92.29
10,-2.580,-7.634,6.30,-11.466,155.685,-11.582,155.451,-1.622,0.031,0.086,0.002,-5.36,-1.86,92.29
10,-2.580,-7.634,6.35,-11.466,155.685,-11.581,155.454,-1.622,0.030,0.086,0.002,-5.35,-1.84,92.28
10,-2.580,-7.634,6.40,-11.466,155.685,-11.579,155.460,-1.622,0.029,0.086,0.001,-5.35,-1.82,92.28
10,-2.580,-7.634,6.45,-11.466,155.685,-11.578,155.463,-1.622,0.028,0.086,0.001,-5.35,-1.79,92.27
10,-2.580,-7.634,6.50,-11.466,155.685,-11.577,155.470,-1.622,0.026,0.086,0.001,-5.35,-1.77,92.27
10,-2.580,-7.634,6.55,-11.466,155.685,-11.576,155.473,-1.622,0.025,0.085,0.001,-5.35,-1.74,92.26
10,-2.580,-7.634,6.60,-11.466,155.685,-11.575,155.479,-1.622,0.024,0.085,0.001,-5.36,-1.72,92.26
10,-2.580,-7.634,6.65,-11.466,155.685,-11.574,155.482,-1.621,0.023,0.084,0.001,-5.37,-1.69,92.26
10,-2.580,-7.634,6.70,-11.466,155.685,-11.573,155.489,-1.621,0.022,0.082,0.001,-5.37,-1.67,92.26
10,-2.580,-7.634,6.75,-11.466,155.685,-11.572,155.492,-1.621,0.022,0.081,0.001,-5.38,-1.64,92.26
10,-2.580,-7.634,6.80,-11.466,155.685,-11.571,155.497,-1.621,0.021,0.079,0.001,-5.39,-1.62,92.26
10,-2.580,-7.634,6.85,-11.466,155.685,-11.570,155.499,-1.621,0.021,0.077,0.000,-5.39,-1.60,92.27
10,-2.580,-7.634,6.90,-11.466,155.685,-11.568,155.505,-1.621,0.021,0.074,0.000,-5.40,-1.58,92.28
10,-2.580,-7.634,6.95,-11.466,155.685,-11.567,155.507,-1.621,0.021,0.073,0.000,-5.40,-1.57,92.29
10,-2.580,-7.634,7.00,-11.466,155.685,-11.564,155.512,-1.621,0.021,0.069,0.000,-5.41,-1.57,92.30
10,-2.580,-7.634,7.05,-11.466,155.685,-11.563,155.514,-1.621,0.022,0.068,0.001,-5.40,-1.56,92.32
10,-2.580,-7.634,7.10,-11.466,155.685,-11.560,155.519,-1.621,0.023,0.064,0.001,-5.40,-1.56,92.33
10,-2.580,-7.634,7.15,-11.466,155.685,-11.559,155.521,-1.621,0.023,0.063,0.001,-5.39,-1.56,92.34
10,-2.580,-7.634,7.20,-11.466,155.685,-11.556,155.525,-1.621,0.023,0.059,0.001,-5.38,-1.56,92.35
10,-2.580,-7.634,7.25,-11.466,155.685,-11.554,155.526,-1.622,0.024,0.057,0.001,-5.36,-1.56,92.36
10,-2.580,-7.634,7.30,-11.466,155.685,-11.551,155.530,-1.622,0.023,0.053,0.001,-5.35,-1.56,92.37
10,-2.580,-7.634,7.35,-11.466,155.685,-11.550,155.531,-1.623,0.023,0.051,0.001,-5.33,-1.57,92.37
10,-2.580,-7.634,7.40,-11.466,155.685,-11.548,155.534,-1.624,0.023,0.048,0.001,-5.32,-1.58,92.38
10,-2.580,-7.634,7.45,-11.466,155.685,-11.547,155.535,-1.625,0.022,0.046,0.001,-5.31,-1.59,92.39
10,-2.580,-7.634,7.50,-11.466,155.685,-11.545,155.538,-1.626,0.021,0.043,0.002,-5.30,-1.60,92.39
10,-2.580,-7.634,7.55,-11.466,155.685,-11.544,155.540,-1.627,0.020,0.042,0.003,-5.29,-1.62,92.39
10,-2.580,-7.634,7.60,-11.466,155.685,-11.544,155.542,-1.629,0.018,0.040,0.004,-5.28,-1.63,92.38
10,-2.580,-7.634,7.65,-11.466,155.685,-11.544,155.544,-1.630,0.017,0.039,0.005,-5.28,-1.64,92.37
10,-2.580,-7.634,7.70,-11.466,155.685,-11.544,155.548,-1.632,0.015,0.037,0.006,-5.29,-1.65,92.36
10,-2.580,-7.634,7.75,-11.466,155.685,-11.545,155.549,-1.632,0.013,0.037,0.007,-5.29,-1.66,92.34
10,-2.580,-7.634,7.80,-11.466,155.685,-11.547,155.552,-1.634,0.010,0.035,0.009,-5.31,-1.66,92.32
10,-2.580,-7.634,7.85,-11.466,155.685,-11.548,155.554,-1.634,0.009,0.035,0.010,-5.33,-1.66,92.30
10,-2.580,-7.634,7.90,-11.466,155.685,-11.550,155.558,-1.635,0.006,0.034,0.011,-5.35,-1.66,92.29
10,-2.580,-7.634,7.95,-11.466,155.685,-11.551,155.559,-1.635,0.005,0.033,0.012,-5.38,-1.65,92.27
11,1.904,2.820,0.00,-11.466,155.685,-11.408,155.858,-1.596,0.317,0.511,-0.021,-3.43,3.52,92.23
11,1.904,2.820,0.05,-11.466,155.685,-11.381,155.896,-1.596,0.356,0.509,-0.023,-3.02,3.98,92.23
11,1.904,2.820,0.10,-11.466,155.685,-11.368,155.913,-1.597,0.372,0.504,-0.024,-2.61,4.37,92.22
11,1.904,2.820,0.15,-11.466,155.685,-11.340,155.945,-1.598,0.401,0.490,-0.026,-2.15,4.75,92.21
11,1.904,2.820,0.20,-11.466,155.685,-11.325,155.960,-1.598,0.415,0.480,-0.026,-1.72,5.06,92.19
11,1.904,2.820,0.25,-11.466,155.685,-11.290,155.993,-1.600,0.441,0.452,-0.027,-1.23,5.35,92.16
11,1.904,2.820,0.30,-11.466,155.685,-11.274,156.006,-1.601,0.451,0.438,-0.027,-0.79,5.57,92.13
11,1.904,2.820,0.35,-11.466,155.685,-11.241,156.031,-1.602,0.466,0.405,-0.026,-0.30,5.77,92.10
11,1.904,2.820,0.40,-11.466,155.685,-11.225,156.042,-1.603,0.472,0.388,-0.026,0.14,5.91,92.08
11,1.904,2.820,0.45,-11.466,155.685,-11.187,156.066,-1.604,0.480,0.345,-0.025,0.61,6.01,92.06
11,1.904,2.820,0.50,-11.466,155.685,-11.171,156.075,-1.605,0.481,0.325,-0.025,1.02,6.07,92.04
11,1.904,2.820,0.55,-11.466,155.685,-11.138,156.092,-1.606,0.480,0.284,-0.024,1.45,6.10,92.03
11,1.904,2.820,0.60,-11.466,155.685,-11.121,156.099,-1.607,0.478,0.263,-0.023,1.82,6.09,92.02
11,1.904,2.820,0.65,-11.466,155.685,-11.085,156.112,-1.608,0.468,0.215,-0.021,2.20,6.05,92.02
11,1.904,2.820,0.70,-11.466,155.685,-11.070,156.117,-1.609,0.462,0.193,-0.021,2.53,5.99,92.01
11,1.904,2.820,0.75,-11.466,155.685,-11.039,156.125,-1.610,0.447,0.150,-0.019,2.85,5.89,92.01
11,1.904,2.820,0.80,-11.466,155.685,-11.025,156.127,-1.611,0.438,0.129,-0.018,3.12,5.78,92.02
11,1.904,2.820,0.85,-11.466,155.685,-10.993,156.130,-1.613,0.414,0.082,-0.015,3.39,5.64,92.02
11,1.904,2.820,0.90,-11.466,155.685,-10.980,156.130,-1.614,0.403,0.062,-0.014,3.61,5.49,92.02
11,1.904,2.820,0.95,-11.466,155.685,-10.955,156.128,-1.615,0.377,0.022,-0.012,3.81,5.31,92.01
11,1.904,2.820,1.00,-11.466,155.685,-10.944,156.127,-1.616,0.363,0.003,-0.011,3.98,5.13,92.01
11,1.904,2.820,1.05,-11.466,155.685,-10.920,156.120,-1.617,0.330,-0.038,-0.008,4.14,4.91,92.00
11,1.904,2.820,1.10,-11.466,155.685,-10.910,156.116,-1.618,0.315,-0.056,-0.007,4.25,4.71,91.99
11,1.904,2.820,1.15,-11.466,155.685,-10.893,156.107,-1.619,0.283,-0.088,-0.004,4.35,4.48,91.99
11,1.904,2.820,1.20,-11.466,155.685,-10.885,156.102,-1.619,0.266,-0.103,-0.003,4.41,4.26,91.98
11,1.904,2.820,1.25,-11.466,155.685,-10.869,156.089,-1.620,0.229,-0.134,-0.000,4.46,4.02,91.98
11,1.904,2.820,1.30,-11.466,155.685,-10.863,156.083,-1.620,0.212,-0.146,0.001,4.48,3.80,91.97
11,1.904,2.820,1.35,-11.466,155.685,-10.853,156.070,-1.620,0.178,-0.169,0.002,4.48,3.56,91.97
11,1.904,2.820,1.40,-11.466,155.685,-10.849,156.063,-1.620,0.162,-0.179,0.003,4.46,3.34,91.97
11,1.904,2.820,1.45,-11.466,155.685,-10.843,156.046,-1.621,0.124,-0.199,0.004,4.42,3.11,91.97
11,1.904,2.820,1.50,-11.466,155.685,-10.841,156.038,-1.621,0.108,-0.206,0.005,4.37,2.91,91.96
11,1.904,2.820,1.55,-11.466,155.685,-10.839,156.023,-1.621,0.076,-0.219,0.006,4.29,2.70,91.96
11,1.904,2.820,1.60,-11.466,155.685,-10.838,156.015,-1.621,0.060,-0.225,0.006,4.21,2.51,91.96
11,1.904,2.820,1.65,-11.466,155.685,-10.840,155.997,-1.621,0.027,-0.235,0.008,4.11,2.31,91.97
11,1.904,2.820,1.70,-11.466,155.685,-10.841,155.989,-1.621,0.013,-0.238,0.008,4.01,2.14,91.98
11,1.904,2.820,1.75,-11.466,155.685,-10.844,155.973,-1.621,-0.013,-0.243,0.008,3.89,1.97,92.00
11,1.904,2.820,1.80,-11.466,155.685,-10.846,155.965,-1.621,-0.026,-0.245,0.009,3.78,1.82,92.03
11,1.904,2.820,1.85,-11.466,155.685,-10.852,155.946,-1.621,-0.051,-0.247,0.009,3.65,1.67,92.07
11,1.904,2.820,1.90,-11.466,155.685,-10.855,155.938,-1.621,-0.061,-0.247,0.009,3.53,1.53,92.11
11,1.904,2.820,1.95,-11.466,155.685,-10.862,155.922,-1.621,-0.080,-0.247,0.009,3.40,1.40,92.16
11,1.904,2.820,2.00,-11.466,155.685,-10.865,155.914,-1.621,-0.089,-0.246,0.010,3.29,1.28,92.20
11,1.904,2.820,2.05,-11.466,155.685,-10.874,155.896,-1.621,-0.107,-0.242,0.010,3.17,1.16,92.24
11,1.904,2.820,2.10,-11.466,155.685,-10.879,155.889,-1.621,-0.114,-0.239,0.010,3.07,1.06,92.28
11,1.904,2.820,2.15,-11.466,155.685,-10.888,155.874,-1.622,-0.127,-0.233,0.010,2.96,0.96,92.30
11,1.904,2.820,2.20,-11.466,155.685,-10.893,155.868,-1.622,-0.133,-0.229,0.010,2.87,0.88,92.31
11,1.904,2.820,2.25,-11.466,155.685,-10.905,155.853,-1.622,-0.146,-0.220,0.010,2.77,0.80,92.31
11,1.904,2.820,2.30,-11.466,155.685,-10.910,155.847,-1.622,-0.151,-0.215,0.010,2.68,0.74,92.31
11,1.904,2.820,2.35,-11.466,155.685,-10.922,155.835,-1.621,-0.159,-0.206,0.010,2.58,0.69,92.30
11,1.904,2.820,2.40,-11.466,155.685,-10.927,155.829,-1.621,-0.163,-0.201,0.010,2.50,0.65,92.30
11,1.904,2.820,2.45,-11.466,155.685,-10.940,155.816,-1.620,-0.169,-0.190,0.010,2.41,0.62,92.30
11,1.904,2.820,2.50,-11.466,155.685,-10.946,155.811,-1.620,-0.171,-0.184,0.010,2.33,0.59,92.30
11,1.904,2.820,2.55,-11.466,155.685,-10.956,155.801,-1.619,-0.174,-0.174,0.009,2.25,0.57,92.31
11,1.904,2.820,2.60,-11.466,155.685,-10.961,155.796,-1.619,-0.175,-0.169,0.009,2.19,0.56,92.32
11,1.904,2.820,2.65,-11.466,155.685,-10.973,155.787,-1.618,-0.176,-0.157,0.008,2.13,0.54,92.33
11,1.904,2.820,2.70,-11.466,155.685,-10.978,155.783,-1.617,-0.177,-0.152,0.008,2.08,0.54,92.33
11,1.904,2.820,2.75,-11.466,155.685,-10.988,155.776,-1.616,-0.176,-0.141,0.007,2.04,0.54,92.33
11,1.904,2.820,2.80,-11.466,155.685,-10.993,155.773,-1.616,-0.176,-0.136,0.006,2.00,0.54,92.33
11,1.904,2.820,2.85,-11.466,155.685,-11.005,155.767,-1.614,-0.175,-0.123,0.005,1.97,0.55,92.31
11,1.904,2.820,2.90,-11.466,155.685,-11.010,155.765,-1.614,-0.175,-0.118,0.005,1.94,0.57,92.30
11,1.904,2.820,2.95,-11.466,155.685,-11.020,155.761,-1.612,-0.173,-0.107,0.003,1.92,0.59,92.28
11,1.904,2.820,3.00,-11.466,155.685,-11.025,155.759,-1.612,-0.171,-0.102,0.002,1.89,0.62,92.27
11,1.904,2.820,3.05,-11.466,155.685,-11.035,155.756,-1.610,-0.168,-0.091,0.001,1.87,0.65,92.25
11,1.904,2.820,3.10,-11.466,155.685,-11.039,155.754,-1.610,-0.167,-0.086,0.000,1.86,0.69,92.24
11,1.904,2.820,3.15,-11.466,155.685,-11.047,155.752,-1.609,-0.163,-0.078,-0.001,1.84,0.73,92.23
11,1.904,2.820,3.20,-11.466,155.685,-11.051,155.751,-1.609,-0.161,-0.074,-0.002,1.83,0.77,92.22
11,1.904,2.820,3.25,-11.466,155.685,-11.060,155.749,-1.608,-0.156,-0.066,-0.004,1.83,0.81,92.22
11,1.904,2.820,3.30,-11.466,155.685,-11.063,155.748,-1.608,-0.154,-0.063,-0.004,1.83,0.85,92.22
11,1.904,2.820,3.35,-11.466,155.685,-11.070,155.747,-1.607,-0.149,-0.057,-0.005,1.84,0.88,92.23
11,1.904,2.820,3.40,-11.466,155.685,-11.073,155.746,-1.607,-0.147,-0.055,-0.006,1.85,0.91,92.24
11,1.904,2.820,3.45,-11.466,155.685,-11.080,155.745,-1.607,-0.142,-0.049,-0.007,1.86,0.94,92.24
11,1.904,2.820,3.50,-11.466,155.685,-11.083,155.745,-1.607,-0.140,-0.047,-0.007,1.87,0.97,92.25
11,1.904,2.820,3.55,-11.466,155.685,-11.089,155.744,-1.607,-0.136,-0.043,-0.008,1.89,1.00,92.26
11,1.904,2.820,3.60,-11.466,155.685,-11.092,155.743,-1.607,-0.135,-0.042,-0.009,1.90,1.02,92.27
11,1.904,2.820,3.65,-11.466,155.685,-11.098,155.742,-1.607,-0.131,-0.038,-0.009,1.91,1.04,92.29
11,1.904,2.820,3.70,-11.466,155.685,-11.101,155.742,-1.607,-0.129,-0.037,-0.009,1.93,1.06,92.29
11,1.904,2.820,3.75,-11.466,155.685,-11.106,155.741,-1.608,-0.126,-0.035,-0.010,1.94,1.08,92.30
11,1.904,2.820,3.80,-11.466,155.685,-11.108,155.741,-1.608,-0.124,-0.033,-0.010,1.95,1.09,92.31
11,1.904,2.820,3.85,-11.466,155.685,-11.114,155.740,-1.609,-0.121,-0.031,-0.009,1.97,1.10,92.32
11,1.904,2.820,3.90,-11.466,155.685,-11.116,155.740,-1.609,-0.120,-0.031,-0.009,1.98,1.11,92.32
11,1.904,2.820,3.95,-11.466,155.685,-11.120,155.740,-1.609,-0.117,-0.029,-0.009,1.99,1.12,92.33
11,1.904,2.820,4.00,-11.466,155.685,-11.122,155.739,-1.609,-0.116,-0.029,-0.009,2.01,1.13,92.33
11,1.904,2.820,4.05,-11.466,155.685,-11.127,155.738,-1.610,-0.113,-0.028,-0.009,2.02,1.14,92.33
11,1.904,2.820,4.10,-11.466,155.685,-11.129,155.738,-1.609,-0.111,-0.027,-0.009,2.03,1.15,92.33
11,1.904,2.820,4.15,-11.466,155.685,-11.132,155.737,-1.609,-0.109,-0.026,-0.009,2.05,1.15,92.33
11,1.904,2.820,4.20,-11.466,155.685,-11.134,155.737,-1.609,-0.108,-0.026,-0.009,2.06,1.15,92.33
11,1.904,2.820,4.25,-11.466,155.685,-11.138,155.736,-1.610,-0.106,-0.025,-0.009,2.08,1.16,92.32
11,1.904,2.820,4.30,-11.466,155.685,-11.140,155.736,-1.610,-0.105,-0.025,-0.009,2.09,1.16,92.32
11,1.904,2.820,4.35,-11.466,155.685,-11.143,155.735,-1.610,-0.103,-0.025,-0.009,2.10,1.16,92.32
11,1.904,2.820,4.40,-11.466,155.685,-11.145,155.734,-1.610,-0.103,-0.025,-0.009,2.12,1.16,92.32
11,1.904,2.820,4.45,-11.466,155.685,-11.150,155.733,-1.611,-0.102,-0.025,-0.009,2.13,1.16,92.32
11,1.904,2.820,4.50,-11.466,155.685,-11.152,155.732,-1.611,-0.102,-0.025,-0.009,2.14,1.15,92.32
11,1.904,2.820,4.55,-11.466,155.685,-11.157,155.731,-1.612,-0.102,-0.025,-0.009,2.14,1.15,92.32
11,1.904,2.820,4.60,-11.466,155.685,-11.160,155.730,-1.612,-0.103,-0.025,-0.009,2.14,1.14,92.32
11,1.904,2.820,4.65,-11.466,155.685,-11.166,155.728,-1.614,-0.103,-0.026,-0.008,2.14,1.14,92.32
11,1.904,2.820,4.70,-11.466,155.685,-11.169,155.727,-1.614,-0.103,-0.026,-0.008,2.13,1.13,92.33
11,1.904,2.820,4.75,-11.466,155.685,-11.174,155.725,-1.615,-0.103,-0.027,-0.007,2.11,1.12,92.33
11,1.904,2.820,4.80,-11.466,155.685,-11.177,155.724,-1.616,-0.103,-0.027,-0.006,2.10,1.10,92.33
11,1.904,2.820,4.85,-11.466,155.685,-11.184,155.721,-1.617,-0.103,-0.028,-0.005,2.08,1.09,92.33
11,1.904,2.820,4.90,-11.466,155.685,-11.187,155.719,-1.617,-0.103,-0.028,-0.005,2.06,1.07,92.32
11,1.904,2.820,4.95,-11.466,155.685,-11.193,155.716,-1.618,-0.102,-0.028,-0.004,2.03,1.05,92.32
11,1.904,2.820,5.00,-11.466,155.685,-11.196,155.715,-1.619,-0.102,-0.028,-0.003,2.01,1.03,92.32
11,1.904,2.820,5.05,-11.466,155.685,-11.203,155.712,-1.620,-0.101,-0.028,-0.002,1.99,1.01,92.32
11,1.904,2.820,5.10,-11.466,155.685,-11.206,155.711,-1.620,-0.100,-0.027,-0.002,1.97,0.99,92.32
11,1.904,2.820,5.15,-11.466,155.685,-11.212,155.709,-1.621,-0.099,-0.026,-0.000,1.95,0.97,92.32
11,1.904,2.820,5.20,-11.466,155.685,-11.215,155.708,-1.621,-0.099,-0.026,0.000,1.94,0.96,92.32
11,1.904,2.820,5.25,-11.466,155.685,-11.221,155.706,-1.621,-0.097,-0.024,0.001,1.92,0.95,92.32
11,1.904,2.820,5.30,-11.466,155.685,-11.224,155.706,-1.622,-0.096,-0.022,0.002,1.90,0.94,92.32
11,1.904,2.820,5.35,-11.466,155.685,-11.230,155.705,-1.622,-0.093,-0.020,0.002,1.88,0.93,92.32
11,1.904,2.820,5.40,-11.466,155.685,-11.232,155.705,-1.622,-0.092,-0.018,0.002,1.87,0.93,92.33
11,1.904,2.820,5.45,-11.466,155.685,-11.238,155.705,-1.622,-0.089,-0.015,0.003,1.86,0.94,92.33
11,1.904,2.820,5.50,-11.466,155.685,-11.241,155.705,-1.622,-0.088,-0.013,0.003,1.85,0.95,92.33
11,1.904,2.820,5.55,-11.466,155.685,-11.245,155.706,-1.622,-0.085,-0.010,0.003,1.84,0.97,92.34
11,1.904,2.820,5.60,-11.466,155.685,-11.248,155.707,-1.621,-0.083,-0.009,0.003,1.84,0.98,92.34
11,1.904,2.820,5.65,-11.466,155.685,-11.253,155.708,-1.621,-0.080,-0.006,0.003,1.84,1.01,92.34
11,1.904,2.820,5.70,-11.466,155.685,-11.256,155.708,-1.621,-0.079,-0.005,0.003,1.84,1.03,92.35
11,1.904,2.820,5.75,-11.466,155.685,-11.260,155.710,-1.621,-0.076,-0.003,0.002,1.84,1.06,92.35
11,1.904,2.820,5.80,-11.466,155.685,-11.262,155.710,-1.621,-0.075,-0.002,0.002,1.84,1.08,92.35
11,1.904,2.820,5.85,-11.466,155.685,-11.267,155.712,-1.621,-0.071,-0.000,0.002,1.84,1.11,92.35
11,1.904,2.820,5.90,-11.466,155.685,-11.269,155.712,-1.621,-0.070,0.000,0.002,1.85,1.13,92.35
11,1.904,2.820,5.95,-11.466,155.685,-11.273,155.714,-1.622,-0.067,0.001,0.002,1.85,1.15,92.35
11,1.904,2.820,6.00,-11.466,155.685,-11.275,155.714,-1.622,-0.066,0.001,0.001,1.86,1.17,92.35
11,1.904,2.820,6.05,-11.466,155.685,-11.279,155.715,-1.623,-0.063,0.002,0.002,1.86,1.19,92.35
11,1.904,2.820,6.10,-11.466,155.685,-11.281,155.716,-1.623,-0.062,0.002,0.002,1.87,1.21,92.35
11,1.904,2.820,6.15,-11.466,155.685,-11.286,155.717,-1.624,-0.060,0.001,0.002,1.88,1.22,92.35
11,1.904,2.820,6.20,-11.466,155.685,-11.288,155.717,-1.625,-0.060,0.001,0.003,1.88,1.23,92.35
11,1.904,2.820,6.25,-11.466,155.685,-11.294,155.718,-1.625,-0.059,-0.001,0.003,1.88,1.24,92.36
11,1.904,2.820,6.30,-11.466,155.685,-11.296,155.718,-1.626,-0.059,-0.001,0.004,1.87,1.25,92.36
11,1.904,2.820,6.35,-11.466,155.685,-11.302,155.719,-1.626,-0.058,-0.002,0.005,1.86,1.25,92.36
11,1.904,2.820,6.40,-11.466,155.685,-11.304,155.719,-1.626,-0.057,-0.003,0.005,1.85,1.25,92.36
11,1.904,2.820,6.45,-11.466,155.685,-11.310,155.720,-1.627,-0.056,-0.004,0.005,1.83,1.25,92.36
11,1.904,2.820,6.50,-11.466,155.685,-11.313,155.720,-1.627,-0.055,-0.004,0.006,1.81,1.25,92.36
11,1.904,2.820,6.55,-11.466,155.685,-11.318,155.721,-1.628,-0.054,-0.005,0.006,1.79,1.26,92.36
11,1.904,2.820,6.60,-11.466,155.685,-11.320,155.721,-1.628,-0.053,-0.006,0.006,1.77,1.26,92.36
11,1.904,2.820,6.65,-11.466,155.685,-11.325,155.721,-1.629,-0.050,-0.008,0.007,1.76,1.26,92.36
11,1.904,2.820,6.70,-11.466,155.685,-11.327,155.721,-1.629,-0.048,-0.008,0.007,1.74,1.26,92.35
11,1.904,2.820,6.75,-11.466,155.685,-11.330,155.720,-1.629,-0.045,-0.010,0.008,1.73,1.25,92.34
11,1.904,2.820,6.80,-11.466,155.685,-11.332,155.720,-1.629,-0.044,-0.010,0.009,1.73,1.25,92.34
11,1.904,2.820,6.85,-11.466,155.685,-11.336,155.719,-1.629,-0.040,-0.012,0.009,1.73,1.24,92.33
11,1.904,2.820,6.90,-11.466,155.685,-11.337,155.719,-1.628,-0.039,-0.013,0.009,1.73,1.23,92.32
11,1.904,2.820,6.95,-11.466,155.685,-11.341,155.717,-1.628,-0.036,-0.015,0.009,1.74,1.22,92.32
11,1.904,2.820,7.00,-11.466,155.685,-11.342,155.717,-1.627,-0.034,-0.015,0.009,1.74,1.21,92.31
11,1.904,2.820,7.05,-11.466,155.685,-11.346,155.715,-1.626,-0.032,-0.017,0.009,1.75,1.19,92.31
11,1.904,2.820,7.10,-11.466,155.685,-11.347,155.714,-1.626,-0.030,-0.018,0.009,1.76,1.18,92.30
11,1.904,2.820,7.15,-11.466,155.685,-11.350,155.711,-1.625,-0.028,-0.019,0.008,1.76,1.16,92.30
11,1.904,2.820,7.20,-11.466,155.685,-11.351,155.710,-1.624,-0.027,-0.020,0.008,1.77,1.14,92.29
11,1.904,2.820,7.25,-11.466,155.685,-11.353,155.706,-1.623,-0.024,-0.022,0.007,1.77,1.12,92.28
11,1.904,2.820,7.30,-11.466,155.685,-11.354,155.705,-1.622,-0.023,-0.022,0.006,1.78,1.09,92.28
11,1.904,2.820,7.35,-11.466,155.685,-11.356,155.701,-1.621,-0.022,-0.023,0.005,1.79,1.07,92.27
11,1.904,2.820,7.40,-11.466,155.685,-11.357,155.700,-1.621,-0.020,-0.023,0.004,1.79,1.04,92.27
11,1.904,2.820,7.45,-11.466,155.685,-11.358,155.697,-1.620,-0.018,-0.023,0.003,1.80,1.01,92.27
11,1.904,2.820,7.50,-11.466,155.685,-11.358,155.696,-1.619,-0.017,-0.022,0.002,1.81,0.99,92.28
11,1.904,2.820,7.55,-11.466,155.685,-11.359,155.694,-1.618,-0.015,-0.021,0.001,1.82,0.96,92.28
11,1.904,2.820,7.60,-11.466,155.685,-11.359,155.693,-1.618,-0.014,-0.020,0.000,1.83,0.95,92.29
11,1.904,2.820,7.65,-11.466,155.685,-11.360,155.691,-1.617,-0.012,-0.019,-0.001,1.85,0.93,92.29
11,1.904,2.820,7.70,-11.466,155.685,-11.360,155.690,-1.617,-0.011,-0.018,-0.001,1.86,0.92,92.30
11,1.904,2.820,7.75,-11.466,155.685,-11.361,155.689,-1.616,-0.009,-0.016,-0.002,1.88,0.91,92.30
11,1.904,2.820,7.80,-11.466,155.685,-11.361,155.688,-1.615,-0.008,-0.015,-0.003,1.90,0.91,92.31
11,1.904,2.820,7.85,-11.466,155.685,-11.361,155.687,-1.615,-0.007,-0.013,-0.004,1.91,0.90,92.31
11,1.904,2.820,7.90,-11.466,155.685,-11.361,155.686,-1.615,-0.007,-0.012,-0.005,1.93,0.90,92.31
11,1.904,2.820,7.95,-11.466,155.685,-11.361,155.685,-1.615,-0.005,-0.010,-0.005,1.95,0.91,92.31
12,-4.955,8.190,0.00,-11.466,155.685,-11.288,155.685,-1.628,0.253,-0.122,-0.004,4.11,0.38,92.27
12,-4.955,8.190,0.05,-11.466,155.685,-11.279,155.681,-1.628,0.258,-0.129,-0.005,4.35,0.26,92.26
12,-4.955,8.190,0.10,-11.466,155.685,-11.259,155.672,-1.628,0.265,-0.144,-0.007,4.63,0.11,92.25
12,-4.955,8.190,0.15,-11.466,155.685,-11.250,155.668,-1.628,0.268,-0.151,-0.008,4.88,-0.04,92.24
12,-4.955,8.190,0.20,-11.466,155.685,-11.228,155.657,-1.627,0.270,-0.166,-0.009,5.14,-0.22,92.23
12,-4.955,8.190,0.25,-11.466,155.685,-11.218,155.651,-1.627,0.270,-0.173,-0.010,5.37,-0.39,92.22
12,-4.955,8.190,0.30,-11.466,155.685,-11.198,155.640,-1.627,0.268,-0.185,-0.012,5.61,-0.57,92.21
12,-4.955,8.190,0.35,-11.466,155.685,-11.188,155.634,-1.627,0.266,-0.191,-0.013,5.82,-0.75,92.20
12,-4.955,8.190,0.40,-11.466,155.685,-11.167,155.620,-1.628,0.258,-0.203,-0.014,6.03,-0.95,92.19
12,-4.955,8.190,0.45,-11.466,155.685,-11.158,155.613,-1.628,0.254,-0.208,-0.015,6.21,-1.14,92.19
12,-4.955,8.190,0.50,-11.466,155.685,-11.141,155.600,-1.628,0.243,-0.216,-0.016,6.39,-1.34,92.18
12,-4.955,8.190,0.55,-11.466,155.685,-11.132,155.593,-1.628,0.237,-0.220,-0.016,6.54,-1.52,92.18
12,-4.955,8.190,0.60,-11.466,155.685,-11.115,155.578,-1.628,0.221,-0.226,-0.016,6.68,-1.72,92.18
12,-4.955,8.190,0.65,-11.466,155.685,-11.107,155.571,-1.628,0.213,-0.228,-0.016,6.80,-1.90,92.19
12,-4.955,8.190,0.70,-11.466,155.685,-11.093,155.557,-1.628,0.196,-0.231,-0.016,6.91,-2.10,92.19
12,-4.955,8.190,0.75,-11.466,155.685,-11.087,155.550,-1.628,0.187,-0.232,-0.016,6.99,-2.27,92.20
12,-4.955,8.190,0.80,-11.466,155.685,-11.075,155.535,-1.628,0.165,-0.233,-0.016,7.06,-2.44,92.20
12,-4.955,8.190,0.85,-11.466,155.685,-11.065,155.521,-1.629,0.145,-0.232,-0.016,7.11,-2.60,92.20
12,-4.955,8.190,0.90,-11.466,155.685,-11.061,155.514,-1.629,0.134,-0.230,-0.015,7.15,-2.76,92.21
12,-4.955,8.190,0.95,-11.466,155.685,-11.057,155.507,-1.629,0.124,-0.229,-0.015,7.17,-2.91,92.21
12,-4.955,8.190,1.00,-11.466,155.685,-11.049,155.493,-1.629,0.100,-0.224,-0.014,7.17,-3.05,92.21
12,-4.955,8.190,1.05,-11.466,155.685,-11.047,155.486,-1.629,0.090,-0.222,-0.014,7.16,-3.18,92.22
12,-4.955,8.190,1.10,-11.466,155.685,-11.043,155.474,-1.629,0.069,-0.215,-0.013,7.14,-3.31,92.22
12,-4.955,8.190,1.15,-11.466,155.685,-11.042,155.468,-1.629,0.058,-0.212,-0.012,7.11,-3.42,92.22
12,-4.955,8.190,1.20,-11.466,155.685,-11.040,155.455,-1.629,0.036,-0.203,-0.012,7.07,-3.53,92.23
12,-4.955,8.190,1.25,-11.466,155.685,-11.040,155.450,-1.629,0.026,-0.199,-0.011,7.02,-3.62,92.23
12,-4.955,8.190,1.30,-11.466,155.685,-11.041,155.439,-1.629,0.007,-0.190,-0.011,6.96,-3.72,92.23
12,-4.955,8.190,1.35,-11.466,155.685,-11.042,155.434,-1.630,-0.003,-0.186,-0.010,6.90,-3.79,92.23
12,-4.955,8.190,1.40,-11.466,155.685,-11.045,155.422,-1.630,-0.023,-0.175,-0.009,6.82,-3.87,92.23
12,-4.955,8.190,1.45,-11.466,155.685,-11.047,155.417,-1.630,-0.031,-0.170,-0.008,6.75,-3.94,92.22
12,-4.955,8.190,1.50,-11.466,155.685,-11.052,155.408,-1.630,-0.047,-0.160,-0.007,6.67,-4.00,92.22
12,-4.955,8.190,1.55,-11.466,155.685,-11.055,155.403,-1.630,-0.055,-0.155,-0.006,6.58,-4.06,92.22
12,-4.955,8.190,1.60,-11.466,155.685,-11.062,155.394,-1.630,-0.071,-0.143,-0.005,6.49,-4.11,92.22
12,-4.955,8.190,1.65,-11.466,155.685,-11.066,155.390,-1.629,-0.078,-0.138,-0.005,6.40,-4.16,92.21
12,-4.955,8.190,1.70,-11.466,155.685,-11.073,155.383,-1.629,-0.090,-0.127,-0.004,6.31,-4.20,92.21
12,-4.955,8.190,1.75,-11.466,155.685,-11.082,155.375,-1.628,-0.102,-0.115,-0.003,6.21,-4.23,92.21
12,-4.955,8.190,1.80,-11.466,155.685,-11.086,155.372,-1.628,-0.106,-0.110,-0.003,6.12,-4.27,92.21
12,-4.955,8.190,1.85,-11.466,155.685,-11.090,155.369,-1.628,-0.110,-0.104,-0.003,6.03,-4.29,92.21
12,-4.955,8.190,1.90,-11.466,155.685,-11.099,155.363,-1.628,-0.118,-0.094,-0.003,5.94,-4.32,92.22
12,-4.955,8.190,1.95,-11.466,155.685,-11.103,155.360,-1.628,-0.121,-0.089,-0.003,5.86,-4.34,92.23
12,-4.955,8.190,2.00,-11.466,155.685,-11.114,155.354,-1.628,-0.127,-0.078,-0.002,5.78,-4.36,92.24
12,-4.955,8.190,2.05,-11.466,155.685,-11.119,155.351,-1.628,-0.129,-0.073,-0.002,5.70,-4.38,92.25
12,-4.955,8.190,2.10,-11.466,155.685,-11.129,155.346,-1.628,-0.133,-0.064,-0.001,5.63,-4.40,92.26
12,-4.955,8.190,2.15,-11.466,155.685,-11.134,155.344,-1.629,-0.135,-0.059,-0.001,5.56,-4.42,92.27
12,-4.955,8.190,2.20,-11.466,155.685,-11.146,155.340,-1.629,-0.137,-0.048,-0.000,5.49,-4.44,92.28
12,-4.955,8.190,2.25,-11.466,155.685,-11.151,155.339,-1.629,-0.138,-0.043,0.000,5.43,-4.45,92.29
12,-4.955,8.190,2.30,-11.466,155.685,-11.162,155.336,-1.629,-0.139,-0.033,0.001,5.36,-4.46,92.30
12,-4.955,8.190,2.35,-11.466,155.685,-11.167,155.335,-1.629,-0.139,-0.028,0.002,5.30,-4.46,92.31
12,-4.955,8.190,2.40,-11.466,155.685,-11.179,155.333,-1.629,-0.138,-0.018,0.003,5.24,-4.46,92.31
12,-4.955,8.190,2.45,-11.466,155.685,-11.184,155.333,-1.628,-0.138,-0.013,0.003,5.19,-4.46,92.31
12,-4.955,8.190,2.50,-11.466,155.685,-11.194,155.332,-1.628,-0.135,-0.005,0.003,5.13,-4.45,92.32
12,-4.955,8.190,2.55,-11.466,155.685,-11.199,155.331,-1.627,-0.134,-0.001,0.003,5.09,-4.45,92.32
12,-4.955,8.190,2.60,-11.466,155.685,-11.209,155.330,-1.627,-0.130,0.008,0.003,5.05,-4.44,92.32
12,-4.955,8.190,2.65,-11.466,155.685,-11.214,155.330,-1.626,-0.127,0.012,0.003,5.01,-4.43,92.32
12,-4.955,8.190,2.70,-11.466,155.685,-11.222,155.330,-1.626,-0.122,0.019,0.003,4.98,-4.42,92.32
12,-4.955,8.190,2.75,-11.466,155.685,-11.225,155.330,-1.626,-0.120,0.022,0.002,4.96,-4.41,92.31
12,-4.955,8.190,2.80,-11.466,155.685,-11.233,155.331,-1.625,-0.113,0.030,0.002,4.95,-4.40,92.31
12,-4.955,8.190,2.85,-11.466,155.685,-11.236,155.331,-1.625,-0.110,0.033,0.002,4.95,-4.39,92.30
12,-4.955,8.190,2.90,-11.466,155.685,-11.242,155.333,-1.625,-0.103,0.039,0.001,4.95,-4.38,92.29
12,-4.955,8.190,2.95,-11.466,155.685,-11.244,155.334,-1.625,-0.100,0.042,0.001,4.96,-4.37,92.28
12,-4.955,8.190,3.00,-11.466,155.685,-11.249,155.337,-1.624,-0.092,0.049,0.001,4.97,-4.36,92.27
12,-4.955,8.190,3.05,-11.466,155.685,-11.253,155.340,-1.624,-0.086,0.055,0.000,4.99,-4.34,92.25
12,-4.955,8.190,3.10,-11.466,155.685,-11.254,155.341,-1.624,-0.082,0.058,0.000,5.02,-4.32,92.24
12,-4.955,8.190,3.15,-11.466,155.685,-11.255,155.343,-1.623,-0.079,0.061,0.000,5.05,-4.30,92.22
12,-4.955,8.190,3.20,-11.466,155.685,-11.258,155.348,-1.623,-0.072,0.067,-0.000,5.09,-4.27,92.21
12,-4.955,8.190,3.25,-11.466,155.685,-11.260,155.350,-1.623,-0.070,0.070,-0.000,5.12,-4.25,92.20
12,-4.955,8.190,3.30,-11.466,155.685,-11.262,155.355,-1.622,-0.065,0.075,-0.001,5.17,-4.22,92.19
12,-4.955,8.190,3.35,-11.466,155.685,-11.263,155.358,-1.622,-0.063,0.077,-0.001,5.20,-4.19,92.19
12,-4.955,8.190,3.40,-11.466,155.685,-11.266,155.364,-1.622,-0.059,0.081,-0.001,5.24,-4.15,92.19
12,-4.955,8.190,3.45,-11.466,155.685,-11.267,155.366,-1.622,-0.057,0.082,-0.002,5.28,-4.12,92.19
12,-4.955,8.190,3.50,-11.466,155.685,-11.268,155.372,-1.623,-0.054,0.085,-0.002,5.31,-4.09,92.20
12,-4.955,8.190,3.55,-11.466,155.685,-11.269,155.374,-1.623,-0.053,0.086,-0.002,5.33,-4.06,92.20
12,-4.955,8.190,3.60,-11.466,155.685,-11.271,155.381,-1.623,-0.050,0.088,-0.002,5.36,-4.03,92.21
12,-4.955,8.190,3.65,-11.466,155.685,-11.272,155.383,-1.624,-0.049,0.088,-0.002,5.39,-4.00,92.21
12,-4.955,8.190,3.70,-11.466,155.685,-11.273,155.388,-1.624,-0.047,0.089,-0.001,5.41,-3.97,92.22
12,-4.955,8.190,3.75,-11.466,155.685,-11.274,155.391,-1.624,-0.047,0.089,-0.001,5.43,-3.95,92.23
12,-4.955,8.190,3.80,-11.466,155.685,-11.276,155.397,-1.624,-0.046,0.089,-0.000,5.45,-3.93,92.23
12,-4.955,8.190,3.85,-11.466,155.685,-11.277,155.400,-1.624,-0.046,0.089,0.000,5.46,-3.91,92.24
12,-4.955,8.190,3.90,-11.466,155.685,-11.278,155.405,-1.625,-0.045,0.089,0.001,5.47,-3.90,92.25
12,-4.955,8.190,3.95,-11.466,155.685,-11.279,155.407,-1.625,-0.045,0.088,0.001,5.48,-3.88,92.26
12,-4.955,8.190,4.00,-11.466,155.685,-11.282,155.413,-1.625,-0.045,0.087,0.001,5.49,-3.87,92.27
12,-4.955,8.190,4.05,-11.466,155.685,-11.283,155.415,-1.624,-0.046,0.086,0.001,5.49,-3.86,92.28
12,-4.955,8.190,4.10,-11.466,155.685,-11.285,155.419,-1.624,-0.046,0.085,0.002,5.49,-3.85,92.29
12,-4.955,8.190,4.15,-11.466,155.685,-11.287,155.421,-1.623,-0.047,0.084,0.002,5.49,-3.85,92.30
12,-4.955,8.190,4.20,-11.466,155.685,-11.290,155.426,-1.622,-0.048,0.081,0.002,5.49,-3.84,92.31
12,-4.955,8.190,4.25,-11.466,155.685,-11.294,155.429,-1.622,-0.049,0.079,0.001,5.48,-3.84,92.31
12,-4.955,8.190,4.30,-11.466,155.685,-11.296,155.431,-1.621,-0.049,0.078,0.001,5.47,-3.85,92.32
12,-4.955,8.190,4.35,-11.466,155.685,-11.298,155.433,-1.621,-0.049,0.077,0.001,5.46,-3.85,92.32
12,-4.955,8.190,4.40,-11.466,155.685,-11.302,155.436,-1.620,-0.050,0.075,-0.000,5.44,-3.86,92.32
12,-4.955,8.190,4.45,-11.466,155.685,-11.304,155.438,-1.619,-0.051,0.074,-0.001,5.42,-3.87,92.32
12,-4.955,8.190,4.50,-11.466,155.685,-11.308,155.440,-1.619,-0.051,0.072,-0.001,5.40,-3.88,92.32
12,-4.955,8.190,4.55,-11.466,155.685,-11.310,155.442,-1.619,-0.051,0.071,-0.002,5.38,-3.89,92.32
12,-4.955,8.190,4.60,-11.466,155.685,-11.315,155.445,-1.618,-0.051,0.069,-0.002,5.37,-3.89,92.32
12,-4.955,8.190,4.65,-11.466,155.685,-11.317,155.446,-1.618,-0.051,0.069,-0.003,5.35,-3.90,92.32
12,-4.955,8.190,4.70,-11.466,155.685,-11.321,155.449,-1.618,-0.052,0.067,-0.003,5.33,-3.91,92.31
12,-4.955,8.190,4.75,-11.466,155.685,-11.326,155.452,-1.619,-0.051,0.066,-0.004,5.31,-3.92,92.31
12,-4.955,8.190,4.80,-11.466,155.685,-11.328,155.453,-1.619,-0.051,0.065,-0.004,5.29,-3.93,92.31
12,-4.955,8.190,4.85,-11.466,155.685,-11.332,155.455,-1.620,-0.049,0.064,-0.004,5.27,-3.94,92.31
12,-4.955,8.190,4.90,-11.466,155.685,-11.334,155.456,-1.621,-0.049,0.063,-0.004,5.25,-3.95,92.30
12,-4.955,8.190,4.95,-11.466,155.685,-11.336,155.458,-1.621,-0.048,0.063,-0.003,5.24,-3.96,92.30
12,-4.955,8.190,5.00,-11.466,155.685,-11.340,155.461,-1.623,-0.046,0.062,-0.003,5.22,-3.96,92.30
12,-4.955,8.190,5.05,-11.466,155.685,-11.342,155.462,-1.623,-0.045,0.062,-0.002,5.21,-3.97,92.29
12,-4.955,8.190,5.10,-11.466,155.685,-11.345,155.465,-1.624,-0.043,0.061,-0.001,5.20,-3.97,92.29
12,-4.955,8.190,5.15,-11.466,155.685,-11.347,155.466,-1.625,-0.042,0.061,-0.001,5.20,-3.98,92.29
12,-4.955,8.190,5.20,-11.466,155.685,-11.351,155.469,-1.626,-0.040,0.060,0.001,5.19,-3.98,92.29
12,-4.955,8.190,5.25,-11.466,155.685,-11.353,155.470,-1.627,-0.039,0.060,0.001,5.19,-3.99,92.28
12,-4.955,8.190,5.30,-11.466,155.685,-11.356,155.473,-1.627,-0.037,0.059,0.003,5.19,-3.99,92.28
12,-4.955,8.190,5.35,-11.466,155.685,-11.358,155.474,-1.628,-0.036,0.059,0.003,5.18,-3.99,92.28
12,-4.955,8.190,5.40,-11.466,155.685,-11.361,155.478,-1.628,-0.034,0.059,0.004,5.18,-3.99,92.28
12,-4.955,8.190,5.45,-11.466,155.685,-11.362,155.480,-1.629,-0.033,0.059,0.005,5.18,-3.99,92.28
12,-4.955,8.190,5.50,-11.466,155.685,-11.365,155.483,-1.629,-0.031,0.059,0.006,5.18,-3.99,92.28
12,-4.955,8.190,5.55,-11.466,155.685,-11.366,155.485,-1.629,-0.029,0.059,0.006,5.18,-3.98,92.28
12,-4.955,8.190,5.60,-11.466,155.685,-11.368,155.489,-1.630,-0.027,0.059,0.007,5.18,-3.98,92.28
12,-4.955,8.190,5.65,-11.466,155.685,-11.369,155.491,-1.631,-0.026,0.059,0.007,5.18,-3.97,92.29
12,-4.955,8.190,5.70,-11.466,155.685,-11.371,155.495,-1.631,-0.023,0.058,0.008,5.19,-3.96,92.29
12,-4.955,8.190,5.75,-11.466,155.685,-11.372,155.496,-1.632,-0.022,0.058,0.008,5.19,-3.95,92.29
12,-4.955,8.190,5.80,-11.466,155.685,-11.373,155.500,-1.632,-0.019,0.057,0.009,5.20,-3.94,92.29
12,-4.955,8.190,5.85,-11.466,155.685,-11.373,155.502,-1.632,-0.018,0.057,0.009,5.21,-3.94,92.29
12,-4.955,8.190,5.90,-11.466,155.685,-11.374,155.505,-1.632,-0.015,0.056,0.010,5.22,-3.93,92.30
12,-4.955,8.190,5.95,-11.466,155.685,-11.374,155.507,-1.632,-0.014,0.055,0.010,5.24,-3.92,92.30
12,-4.955,8.190,6.00,-11.466,155.685,-11.374,155.511,-1.632,-0.011,0.055,0.010,5.25,-3.92,92.31
12,-4.955,8.190,6.05,-11.466,155.685,-11.373,155.515,-1.633,-0.009,0.054,0.010,5.27,-3.91,92.31
12,-4.955,8.190,6.10,-11.466,155.685,-11.373,155.517,-1.633,-0.008,0.053,0.011,5.30,-3.91,92.32
12,-4.955,8.190,6.15,-11.466,155.685,-11.373,155.519,-1.633,-0.007,0.053,0.011,5.32,-3.90,92.32
12,-4.955,8.190,6.20,-11.466,155.685,-11.372,155.524,-1.632,-0.005,0.052,0.011,5.35,-3.89,92.32
12,-4.955,8.190,6.25,-11.466,155.685,-11.372,155.526,-1.632,-0.005,0.052,0.011,5.37,-3.88,92.33
12,-4.955,8.190,6.30,-11.466,155.685,-11.372,155.530,-1.631,-0.004,0.051,0.011,5.40,-3.87,92.33
12,-4.955,8.190,6.35,-11.466,155.685,-11.371,155.532,-1.631,-0.004,0.051,0.011,5.42,-3.86,92.33
12,-4.955,8.190,6.40,-11.466,155.685,-11.370,155.537,-1.630,-0.004,0.050,0.010,5.44,-3.85,92.33
12,-4.955,8.190,6.45,-11.466,155.685,-11.370,155.539,-1.630,-0.003,0.049,0.010,5.45,-3.84,92.33
12,-4.955,8.190,6.50,-11.466,155.685,-11.369,155.543,-1.629,-0.003,0.048,0.009,5.47,-3.83,92.33
12,-4.955,8.190,6.55,-11.466,155.685,-11.368,155.545,-1.629,-0.003,0.047,0.009,5.49,-3.82,92.33
12,-4.955,8.190,6.60,-11.466,155.685,-11.367,155.549,-1.628,-0.003,0.045,0.008,5.50,-3.81,92.33
12,-4.955,8.190,6.65,-11.466,155.685,-11.366,155.551,-1.627,-0.004,0.044,0.008,5.52,-3.80,92.33
12,-4.955,8.190,6.70,-11.466,155.685,-11.365,155.554,-1.626,-0.005,0.043,0.007,5.53,-3.80,92.34
12,-4.955,8.190,6.75,-11.466,155.685,-11.365,155.556,-1.626,-0.005,0.042,0.007,5.55,-3.79,92.34
12,-4.955,8.190,6.80,-11.466,155.685,-11.364,155.560,-1.625,-0.006,0.040,0.006,5.56,-3.79,92.34
12,-4.955,8.190,6.85,-11.466,155.685,-11.363,155.562,-1.624,-0.007,0.039,0.005,5.57,-3.78,92.34
12,-4.955,8.190,6.90,-11.466,155.685,-11.363,155.565,-1.624,-0.008,0.037,0.004,5.58,-3.78,92.34
12,-4.955,8.190,6.95,-11.466,155.685,-11.363,155.567,-1.624,-0.009,0.036,0.003,5.59,-3.77,92.34
12,-4.955,8.190,7.00,-11.466,155.685,-11.363,155.569,-1.624,-0.011,0.034,0.002,5.60,-3.77,92.33
12,-4.955,8.190,7.05,-11.466,155.685,-11.363,155.571,-1.624,-0.012,0.032,0.002,5.60,-3.77,92.33
12,-4.955,8.190,7.10,-11.466,155.685,-11.364,155.573,-1.624,-0.014,0.030,0.002,5.60,-3.77,92.33
12,-4.955,8.190,7.15,-11.466,155.685,-11.364,155.573,-1.624,-0.015,0.028,0.002,5.60,-3.77,92.32
12,-4.955,8.190,7.20,-11.466,155.685,-11.366,155.575,-1.624,-0.018,0.026,0.002,5.59,-3.78,92.32
12,-4.955,8.190,7.25,-11.466,155.685,-11.367,155.576,-1.624,-0.019,0.025,0.002,5.58,-3.79,92.31
12,-4.955,8.190,7.30,-11.466,155.685,-11.370,155.577,-1.624,-0.022,0.022,0.002,5.57,-3.80,92.30
12,-4.955,8.190,7.35,-11.466,155.685,-11.371,155.578,-1.624,-0.023,0.021,0.002,5.55,-3.81,92.30
12,-4.955,8.190,7.40,-11.466,155.685,-11.375,155.579,-1.624,-0.026,0.019,0.002,5.53,-3.82,92.29
12,-4.955,8.190,7.45,-11.466,155.685,-11.376,155.579,-1.624,-0.027,0.018,0.002,5.51,-3.84,92.28
12,-4.955,8.190,7.50,-11.466,155.685,-11.380,155.580,-1.624,-0.029,0.015,0.001,5.48,-3.85,92.28
12,-4.955,8.190,7.55,-11.466,155.685,-11.381,155.580,-1.624,-0.030,0.014,0.001,5.45,-3.87,92.28
12,-4.955,8.190,7.60,-11.466,155.685,-11.385,155.580,-1.625,-0.031,0.013,0.002,5.42,-3.88,92.27
12,-4.955,8.190,7.65,-11.466,155.685,-11.387,155.580,-1.625,-0.031,0.012,0.002,5.39,-3.90,92.27
12,-4.955,8.190,7.70,-11.466,155.685,-11.391,155.580,-1.626,-0.032,0.010,0.002,5.36,-3.92,92.27
12,-4.955,8.190,7.75,-11.466,155.685,-11.392,155.579,-1.626,-0.032,0.010,0.002,5.33,-3.94,92.27
12,-4.955,8.190,7.80,-11.466,155.685,-11.397,155.579,-1.627,-0.032,0.008,0.003,5.30,-3.95,92.26
12,-4.955,8.190,7.85,-11.466,155.685,-11.399,155.579,-1.627,-0.032,0.008,0.004,5.28,-3.97,92.26
12,-4.955,8.190,7.90,-11.466,155.685,-11.402,155.578,-1.627,-0.032,0.007,0.005,5.25,-3.99,92.26
12,-4.955,8.190,7.95,-11.466,155.685,-11.404,155.578,-1.627,-0.031,0.007,0.005,5.23,-4.01,92.26
13,0.761,0.530,0.00,-11.466,155.685,-11.482,155.813,-1.594,-0.251,0.383,-0.005,4.58,0.05,92.62
13,0.761,0.530,0.05,-11.466,155.685,-11.490,155.826,-1.594,-0.262,0.386,-0.006,4.33,0.42,92.64
13,0.761,0.530,0.10,-11.466,155.685,-11.512,155.857,-1.593,-0.284,0.388,-0.008,4.06,0.80,92.65
13,0.761,0.530,0.15,-11.466,155.685,-11.522,155.870,-1.592,-0.292,0.386,-0.009,3.79,1.14,92.66
13,0.761,0.530,0.20,-11.466,155.685,-11.544,155.897,-1.591,-0.308,0.381,-0.011,3.49,1.48,92.66
13,0.761,0.530,0.25,-11.466,155.685,-11.555,155.910,-1.591,-0.315,0.376,-0.012,3.20,1.78,92.66
13,0.761,0.530,0.30,-11.466,155.685,-11.580,155.938,-1.591,-0.328,0.362,-0.014,2.89,2.07,92.66
13,0.761,0.530,0.35,-11.466,155.685,-11.592,155.950,-1.591,-0.332,0.354,-0.015,2.60,2.31,92.65
13,0.761,0.530,0.40,-11.466,155.685,-11.615,155.973,-1.591,-0.338,0.336,-0.016,2.30,2.55,92.64
13,0.761,0.530,0.45,-11.466,155.685,-11.627,155.984,-1.591,-0.339,0.326,-0.016,2.02,2.74,92.62
13,0.761,0.530,0.50,-11.466,155.685,-11.653,156.008,-1.591,-0.340,0.301,-0.017,1.72,2.92,92.59
13,0.761,0.530,0.55,-11.466,155.685,-11.664,156.018,-1.591,-0.339,0.289,-0.017,1.46,3.07,92.57
13,0.761,0.530,0.60,-11.466,155.685,-11.687,156.036,-1.592,-0.334,0.264,-0.018,1.19,3.20,92.54
13,0.761,0.530,0.65,-11.466,155.685,-11.698,156.044,-1.592,-0.331,0.250,-0.018,0.96,3.29,92.52
13,0.761,0.530,0.70,-11.466,155.685,-11.722,156.061,-1.593,-0.321,0.219,-0.018,0.72,3.37,92.50
13,0.761,0.530,0.75,-11.466,155.685,-11.732,156.067,-1.593,-0.315,0.204,-0.017,0.52,3.42,92.48
13,0.761,0.530,0.80,-11.466,155.685,-11.751,156.078,-1.593,-0.302,0.174,-0.017,0.31,3.45,92.47
13,0.761,0.530,0.85,-11.466,155.685,-11.760,156.083,-1.593,-0.295,0.158,-0.017,0.14,3.46,92.46
13,0.761,0.530,0.90,-11.466,155.685,-11.779,156.091,-1.594,-0.277,0.124,-0.016,-0.02,3.44,92.45
13,0.761,0.530,0.95,-11.466,155.685,-11.787,156.094,-1.594,-0.268,0.109,-0.016,-0.16,3.40,92.45
13,0.761,0.530,1.00,-11.466,155.685,-11.802,156.098,-1.595,-0.249,0.079,-0.016,-0.29,3.34,92.46
13,0.761,0.530,1.05,-11.466,155.685,-11.808,156.099,-1.595,-0.239,0.064,-0.016,-0.39,3.27,92.47
13,0.761,0.530,1.10,-11.466,155.685,-11.822,156.100,-1.596,-0.216,0.032,-0.015,-0.48,3.18,92.48
13,0.761,0.530,1.15,-11.466,155.685,-11.827,156.100,-1.596,-0.206,0.019,-0.015,-0.55,3.08,92.49
13,0.761,0.530,1.20,-11.466,155.685,-11.837,156.098,-1.596,-0.185,-0.008,-0.014,-0.61,2.96,92.50
13,0.761,0.530,1.25,-11.466,155.685,-11.841,156.096,-1.596,-0.174,-0.020,-0.014,-0.65,2.84,92.52
13,0.761,0.530,1.30,-11.466,155.685,-11.849,156.092,-1.596,-0.150,-0.046,-0.013,-0.68,2.71,92.53
13,0.761,0.530,1.35,-11.466,155.685,-11.852,156.089,-1.597,-0.139,-0.057,-0.014,-0.69,2.58,92.54
13,0.761,0.530,1.40,-11.466,155.685,-11.857,156.082,-1.597,-0.118,-0.077,-0.014,-0.70,2.44,92.56
13,0.761,0.530,1.45,-11.466,155.685,-11.859,156.078,-1.598,-0.108,-0.087,-0.013,-0.69,2.30,92.57
13,0.761,0.530,1.50,-11.466,155.685,-11.861,156.069,-1.598,-0.085,-0.106,-0.013,-0.67,2.15,92.58
13,0.761,0.530,1.55,-11.466,155.685,-11.862,156.065,-1.599,-0.075,-0.114,-0.013,-0.65,2.02,92.60
13,0.761,0.530,1.60,-11.466,155.685,-11.862,156.055,-1.599,-0.056,-0.128,-0.012,-0.62,1.87,92.61
13,0.761,0.530,1.65,-11.466,155.685,-11.861,156.050,-1.600,-0.047,-0.134,-0.012,-0.58,1.73,92.63
13,0.761,0.530,1.70,-11.466,155.685,-11.860,156.038,-1.600,-0.027,-0.146,-0.012,-0.53,1.59,92.63
13,0.761,0.530,1.75,-11.466,155.685,-11.859,156.032,-1.601,-0.019,-0.151,-0.011,-0.48,1.46,92.64
13,0.761,0.530,1.80,-11.466,155.685,-11.856,156.019,-1.601,-0.004,-0.160,-0.011,-0.42,1.33,92.63
13,0.761,0.530,1.85,-11.466,155.685,-11.855,156.013,-1.601,0.003,-0.163,-0.011,-0.36,1.20,92.62
13,0.761,0.530,1.90,-11.466,155.685,-11.851,155.999,-1.602,0.018,-0.170,-0.010,-0.30,1.07,92.61
13,0.761,0.530,1.95,-11.466,155.685,-11.849,155.993,-1.602,0.024,-0.171,-0.010,-0.24,0.95,92.60
13,0.761,0.530,2.00,-11.466,155.685,-11.844,155.980,-1.602,0.035,-0.174,-0.010,-0.18,0.83,92.58
13,0.761,0.530,2.05,-11.466,155.685,-11.841,155.974,-1.603,0.040,-0.175,-0.010,-0.13,0.72,92.57
13,0.761,0.530,2.10,-11.466,155.685,-11.835,155.960,-1.603,0.050,-0.175,-0.010,-0.07,0.61,92.56
13,0.761,0.530,2.15,-11.466,155.685,-11.832,155.955,-1.604,0.055,-0.174,-0.010,-0.02,0.52,92.56
13,0.761,0.530,2.20,-11.466,155.685,-11.826,155.943,-1.605,0.063,-0.172,-0.010,0.03,0.43,92.55
13,0.761,0.530,2.25,-11.466,155.685,-11.822,155.937,-1.605,0.066,-0.170,-0.010,0.08,0.35,92.55
13,0.761,0.530,2.30,-11.466,155.685,-11.816,155.925,-1.606,0.072,-0.166,-0.009,0.14,0.28,92.53
13,0.761,0.530,2.35,-11.466,155.685,-11.813,155.920,-1.606,0.074,-0.163,-0.009,0.18,0.22,92.52
13,0.761,0.530,2.40,-11.466,155.685,-11.807,155.910,-1.606,0.077,-0.158,-0.008,0.23,0.16,92.50
13,0.761,0.530,2.45,-11.466,155.685,-11.804,155.905,-1.607,0.078,-0.155,-0.008,0.27,0.12,92.48
13,0.761,0.530,2.50,-11.466,155.685,-11.799,155.895,-1.607,0.080,-0.148,-0.008,0.30,0.08,92.46
13,0.761,0.530,2.55,-11.466,155.685,-11.796,155.891,-1.607,0.080,-0.145,-0.007,0.32,0.05,92.43
13,0.761,0.530,2.60,-11.466,155.685,-11.792,155.883,-1.607,0.080,-0.138,-0.007,0.34,0.02,92.41
13,0.761,0.530,2.65,-11.466,155.685,-11.789,155.879,-1.607,0.080,-0.134,-0.007,0.35,0.00,92.39
13,0.761,0.530,2.70,-11.466,155.685,-11.785,155.871,-1.607,0.080,-0.126,-0.007,0.36,-0.01,92.37
13,0.761,0.530,2.75,-11.466,155.685,-11.783,155.868,-1.607,0.080,-0.122,-0.007,0.36,-0.02,92.35
13,0.761,0.530,2.80,-11.466,155.685,-11.779,155.861,-1.607,0.078,-0.115,-0.007,0.36,-0.02,92.34
13,0.761,0.530,2.85,-11.466,155.685,-11.777,155.858,-1.607,0.078,-0.111,-0.008,0.36,-0.02,92.32
13,0.761,0.530,2.90,-11.466,155.685,-11.774,155.852,-1.608,0.076,-0.103,-0.008,0.35,-0.01,92.31
13,0.761,0.530,2.95,-11.466,155.685,-11.772,155.850,-1.608,0.076,-0.099,-0.008,0.33,-0.00,92.30
13,0.761,0.530,3.00,-11.466,155.685,-11.769,155.845,-1.609,0.075,-0.092,-0.008,0.32,0.01,92.30
13,0.761,0.530,3.05,-11.466,155.685,-11.768,155.843,-1.610,0.074,-0.089,-0.008,0.30,0.03,92.30
13,0.761,0.530,3.10,-11.466,155.685,-11.764,155.838,-1.612,0.074,-0.082,-0.008,0.28,0.05,92.30
13,0.761,0.530,3.15,-11.466,155.685,-11.763,155.836,-1.612,0.074,-0.079,-0.008,0.27,0.07,92.30
13,0.761,0.530,3.20,-11.466,155.685,-11.759,155.832,-1.614,0.074,-0.073,-0.007,0.25,0.09,92.31
13,0.761,0.530,3.25,-11.466,155.685,-11.757,155.830,-1.614,0.074,-0.071,-0.006,0.24,0.10,92.32
13,0.761,0.530,3.30,-11.466,155.685,-11.751,155.827,-1.616,0.076,-0.065,-0.004,0.23,0.12,92.33
13,0.761,0.530,3.35,-11.466,155.685,-11.749,155.825,-1.616,0.076,-0.063,-0.003,0.23,0.13,92.34
13,0.761,0.530,3.40,-11.466,155.685,-11.744,155.823,-1.618,0.078,-0.058,-0.002,0.23,0.15,92.35
13,0.761,0.530,3.45,-11.466,155.685,-11.741,155.822,-1.618,0.079,-0.056,-0.002,0.24,0.17,92.36
13,0.761,0.530,3.50,-11.466,155.685,-11.735,155.820,-1.619,0.081,-0.050,-0.000,0.25,0.19,92.38
13,0.761,0.530,3.55,-11.466,155.685,-11.732,155.819,-1.620,0.081,-0.048,0.000,0.27,0.21,92.39
13,0.761,0.530,3.60,-11.466,155.685,-11.726,155.818,-1.621,0.083,-0.044,0.001,0.30,0.23,92.40
13,0.761,0.530,3.65,-11.466,155.685,-11.723,155.817,-1.621,0.083,-0.042,0.002,0.32,0.25,92.41
13,0.761,0.530,3.70,-11.466,155.685,-11.717,155.816,-1.622,0.084,-0.038,0.003,0.35,0.28,92.41
13,0.761,0.530,3.75,-11.466,155.685,-11.714,155.816,-1.622,0.084,-0.037,0.003,0.38,0.30,92.42
13,0.761,0.530,3.80,-11.466,155.685,-11.709,155.815,-1.623,0.084,-0.034,0.004,0.41,0.32,92.43
13,0.761,0.530,3.85,-11.466,155.685,-11.707,155.815,-1.623,0.083,-0.032,0.004,0.43,0.34,92.43
13,0.761,0.530,3.90,-11.466,155.685,-11.701,155.815,-1.623,0.081,-0.030,0.005,0.45,0.37,92.43
13,0.761,0.530,3.95,-11.466,155.685,-11.699,155.814,-1.623,0.080,-0.029,0.005,0.47,0.39,92.43
13,0.761,0.530,4.00,-11.466,155.685,-11.696,155.813,-1.622,0.077,-0.028,0.005,0.49,0.42,92.43
13,0.761,0.530,4.05,-11.466,155.685,-11.695,155.813,-1.622,0.076,-0.027,0.005,0.49,0.43,92.43
13,0.761,0.530,4.10,-11.466,155.685,-11.692,155.812,-1.622,0.072,-0.027,0.005,0.49,0.45,92.42
13,0.761,0.530,4.15,-11.466,155.685,-11.690,155.811,-1.622,0.071,-0.027,0.005,0.49,0.47,92.42
13,0.761,0.530,4.20,-11.466,155.685,-11.688,155.810,-1.621,0.068,-0.027,0.005,0.47,0.48,92.41
13,0.761,0.530,4.25,-11.466,155.685,-11.687,155.809,-1.621,0.067,-0.027,0.005,0.46,0.48,92.40
13,0.761,0.530,4.30,-11.466,155.685,-11.684,155.808,-1.620,0.064,-0.028,0.004,0.44,0.49,92.39
13,0.761,0.530,4.35,-11.466,155.685,-11.683,155.807,-1.620,0.062,-0.028,0.004,0.42,0.49,92.39
13,0.761,0.530,4.40,-11.466,155.685,-11.681,155.805,-1.619,0.060,-0.029,0.003,0.40,0.49,92.38
13,0.761,0.530,4.45,-11.466,155.685,-11.680,155.804,-1.619,0.059,-0.029,0.003,0.39,0.49,92.37
13,0.761,0.530,4.50,-11.466,155.685,-11.678,155.802,-1.618,0.057,-0.030,0.002,0.37,0.48,92.37
13,0.761,0.530,4.55,-11.466,155.685,-11.677,155.801,-1.617,0.056,-0.030,0.002,0.35,0.47,92.36
13,0.761,0.530,4.60,-11.466,155.685,-11.675,155.798,-1.617,0.055,-0.031,0.001,0.33,0.47,92.36
13,0.761,0.530,4.65,-11.466,155.685,-11.674,155.797,-1.617,0.054,-0.031,0.001,0.31,0.46,92.35
13,0.761,0.530,4.70,-11.466,155.685,-11.673,155.795,-1.617,0.052,-0.032,-0.000,0.30,0.45,92.35
13,0.761,0.530,4.75,-11.466,155.685,-11.672,155.794,-1.617,0.052,-0.032,-0.001,0.28,0.44,92.35
13,0.761,0.530,4.80,-11.466,155.685,-11.670,155.791,-1.617,0.051,-0.033,-0.001,0.26,0.42,92.35
13,0.761,0.530,4.85,-11.466,155.685,-11.669,155.790,-1.617,0.051,-0.033,-0.001,0.25,0.41,92.35
13,0.761,0.530,4.90,-11.466,155.685,-11.667,155.786,-1.617,0.051,-0.033,-0.002,0.24,0.40,92.35
13,0.761,0.530,4.95,-11.466,155.685,-11.666,155.785,-1.617,0.051,-0.033,-0.002,0.23,0.39,92.34
13,0.761,0.530,5.00,-11.466,155.685,-11.663,155.782,-1.617,0.052,-0.033,-0.002,0.22,0.37,92.34
13,0.761,0.530,5.05,-11.466,155.685,-11.662,155.780,-1.617,0.052,-0.033,-0.002,0.22,0.36,92.34
13,0.761,0.530,5.10,-11.466,155.685,-11.658,155.777,-1.618,0.054,-0.033,-0.002,0.22,0.34,92.34
13,0.761,0.530,5.15,-11.466,155.685,-11.656,155.775,-1.618,0.054,-0.033,-0.002,0.22,0.33,92.34
13,0.761,0.530,5.20,-11.466,155.685,-11.653,155.772,-1.619,0.055,-0.033,-0.002,0.23,0.31,92.34
13,0.761,0.530,5.25,-11.466,155.685,-11.651,155.771,-1.619,0.055,-0.032,-0.002,0.24,0.30,92.33
13,0.761,0.530,5.30,-11.466,155.685,-11.647,155.768,-1.619,0.056,-0.031,-0.001,0.25,0.28,92.33
13,0.761,0.530,5.35,-11.466,155.685,-11.646,155.766,-1.619,0.056,-0.031,-0.001,0.26,0.27,92.33
13,0.761,0.530,5.40,-11.466,155.685,-11.642,155.763,-1.618,0.056,-0.029,-0.001,0.28,0.26,92.34
13,0.761,0.530,5.45,-11.466,155.685,-11.641,155.762,-1.618,0.056,-0.029,-0.001,0.29,0.25,92.34
13,0.761,0.530,5.50,-11.466,155.685,-11.637,155.759,-1.617,0.056,-0.027,-0.001,0.31,0.24,92.34
13,0.761,0.530,5.55,-11.466,155.685,-11.635,155.758,-1.617,0.056,-0.026,-0.002,0.32,0.23,92.34
13,0.761,0.530,5.60,-11.466,155.685,-11.631,155.757,-1.616,0.056,-0.024,-0.002,0.33,0.23,92.34
13,0.761,0.530,5.65,-11.466,155.685,-11.629,155.756,-1.616,0.056,-0.023,-0.002,0.34,0.23,92.34
13,0.761,0.530,5.70,-11.466,155.685,-11.624,155.755,-1.615,0.056,-0.020,-0.003,0.36,0.23,92.34
13,0.761,0.530,5.75,-11.466,155.685,-11.622,155.754,-1.614,0.056,-0.019,-0.003,0.37,0.23,92.33
13,0.761,0.530,5.80,-11.466,155.685,-11.617,155.753,-1.614,0.056,-0.016,-0.004,0.39,0.24,92.33
13,0.761,0.530,5.85,-11.466,155.685,-11.615,155.753,-1.613,0.056,-0.015,-0.004,0.40,0.25,92.32
13,0.761,0.530,5.90,-11.466,155.685,-11.610,155.752,-1.613,0.056,-0.012,-0.005,0.42,0.26,92.32
13,0.761,0.530,5.95,-11.466,155.685,-11.608,155.752,-1.613,0.056,-0.011,-0.006,0.44,0.27,92.31
13,0.761,0.530,6.00,-11.466,155.685,-11.604,155.752,-1.613,0.055,-0.009,-0.007,0.47,0.29,92.31
13,0.761,0.530,6.05,-11.466,155.685,-11.602,155.752,-1.613,0.054,-0.008,-0.007,0.48,0.30,92.31
13,0.761,0.530,6.10,-11.466,155.685,-11.597,155.752,-1.613,0.053,-0.006,-0.007,0.50,0.32,92.31
13,0.761,0.530,6.15,-11.466,155.685,-11.596,155.752,-1.613,0.052,-0.005,-0.008,0.52,0.34,92.31
13,0.761,0.530,6.20,-11.466,155.685,-11.593,155.753,-1.613,0.049,-0.004,-0.008,0.53,0.36,92.31
13,0.761,0.530,6.25,-11.466,155.685,-11.592,155.753,-1.613,0.048,-0.003,-0.008,0.55,0.37,92.31
13,0.761,0.530,6.30,-11.466,155.685,-11.589,155.754,-1.613,0.045,-0.002,-0.008,0.55,0.39,92.31
13,0.761,0.530,6.35,-11.466,155.685,-11.588,155.754,-1.613,0.043,-0.002,-0.007,0.55,0.41,92.32
13,0.761,0.530,6.40,-11.466,155.685,-11.586,155.754,-1.613,0.040,-0.001,-0.008,0.55,0.43,92.32
13,0.761,0.530,6.45,-11.466,155.685,-11.586,155.755,-1.614,0.038,-0.002,-0.008,0.54,0.44,92.33
13,0.761,0.530,6.50,-11.466,155.685,-11.584,155.755,-1.614,0.035,-0.002,-0.007,0.53,0.46,92.33
13,0.761,0.530,6.55,-11.466,155.685,-11.584,155.755,-1.614,0.034,-0.002,-0.007,0.51,0.47,92.34
13,0.761,0.530,6.60,-11.466,155.685,-11.582,155.755,-1.615,0.031,-0.003,-0.007,0.49,0.48,92.34
13,0.761,0.530,6.65,-11.466,155.685,-11.582,155.755,-1.615,0.030,-0.004,-0.007,0.47,0.49,92.35
13,0.761,0.530,6.70,-11.466,155.685,-11.580,155.754,-1.616,0.028,-0.005,-0.007,0.45,0.50,92.35
13,0.761,0.530,6.75,-11.466,155.685,-11.580,155.753,-1.616,0.027,-0.006,-0.006,0.44,0.50,92.36
13,0.761,0.530,6.80,-11.466,155.685,-11.579,155.753,-1.617,0.025,-0.008,-0.006,0.42,0.50,92.36
13,0.761,0.530,6.85,-11.466,155.685,-11.578,155.752,-1.618,0.025,-0.008,-0.005,0.40,0.49,92.36
13,0.761,0.530,6.90,-11.466,155.685,-11.576,155.751,-1.619,0.024,-0.010,-0.005,0.39,0.48,92.36
13,0.761,0.530,6.95,-11.466,155.685,-11.575,155.751,-1.619,0.024,-0.010,-0.004,0.38,0.48,92.36
13,0.761,0.530,7.00,-11.466,155.685,-11.574,155.750,-1.620,0.023,-0.011,-0.004,0.37,0.47,92.36
13,0.761,0.530,7.05,-11.466,155.685,-11.573,155.750,-1.621,0.023,-0.011,-0.003,0.36,0.46,92.35
13,0.761,0.530,7.10,-11.466,155.685,-11.571,155.749,-1.623,0.023,-0.012,-0.002,0.36,0.45,92.35
13,0.761,0.530,7.15,-11.466,155.685,-11.570,155.748,-1.624,0.023,-0.012,-0.001,0.36,0.45,92.34
13,0.761,0.530,7.20,-11.466,155.685,-11.569,155.747,-1.626,0.023,-0.012,-0.000,0.36,0.44,92.34
13,0.761,0.530,7.25,-11.466,155.685,-11.568,155.746,-1.626,0.023,-0.013,0.001,0.36,0.44,92.34
13,0.761,0.530,7.30,-11.466,155.685,-11.567,155.745,-1.628,0.023,-0.013,0.003,0.36,0.43,92.33
13,0.761,0.530,7.35,-11.466,155.685,-11.566,155.744,-1.629,0.023,-0.013,0.003,0.37,0.42,92.33
13,0.761,0.530,7.40,-11.466,155.685,-11.565,155.742,-1.630,0.022,-0.014,0.005,0.37,0.42,92.33
13,0.761,0.530,7.45,-11.466,155.685,-11.564,155.741,-1.631,0.022,-0.014,0.006,0.37,0.41,92.32
13,0.761,0.530,7.50,-11.466,155.685,-11.563,155.739,-1.632,0.022,-0.014,0.008,0.37,0.40,92.32
13,0.761,0.530,7.55,-11.466,155.685,-11.562,155.739,-1.632,0.022,-0.014,0.008,0.37,0.39,92.32
13,0.761,0.530,7.60,-11.466,155.685,-11.561,155.737,-1.633,0.021,-0.014,0.010,0.37,0.38,92.32
13,0.761,0.530,7.65,-11.466,155.685,-11.560,155.736,-1.633,0.021,-0.015,0.011,0.37,0.38,92.32
13,0.761,0.530,7.70,-11.466,155.685,-11.560,155.735,-1.634,0.021,-0.014,0.012,0.37,0.37,92.32
13,0.761,0.530,7.75,-11.466,155.685,-11.559,155.734,-1.634,0.020,-0.014,0.012,0.37,0.36,92.32
13,0.761,0.530,7.80,-11.466,155.685,-11.559,155.732,-1.633,0.019,-0.013,0.013,0.36,0.35,92.32
13,0.761,0.530,7.85,-11.466,155.685,-11.559,155.732,-1.633,0.019,-0.013,0.013,0.36,0.35,92.32
13,0.761,0.530,7.90,-11.466,155.685,-11.559,155.730,-1.631,0.017,-0.013,0.014,0.35,0.34,92.32
13,0.761,0.530,7.95,-11.466,155.685,-11.559,155.729,-1.631,0.017,-0.013,0.014,0.34,0.34,92.32
14,-6.738,-5.141,0.00,-11.466,155.685,-11.608,155.785,-1.628,-0.305,0.102,-0.003,-1.17,2.41,92.30
14,-6.738,-5.141,0.05,-11.466,155.685,-11.622,155.789,-1.629,-0.323,0.090,-0.003,-1.58,2.52,92.31
14,-6.738,-5.141,0.10,-11.466,155.685,-11.647,155.794,-1.630,-0.349,0.069,-0.004,-1.99,2.58,92.32
14,-6.738,-5.141,0.15,-11.466,155.685,-11.659,155.795,-1.631,-0.360,0.056,-0.005,-2.44,2.61,92.34
14,-6.738,-5.141,0.20,-11.466,155.685,-11.686,155.797,-1.633,-0.378,0.029,-0.005,-2.86,2.61,92.36
14,-6.738,-5.141,0.25,-11.466,155.685,-11.702,155.796,-1.634,-0.387,0.011,-0.005,-3.32,2.57,92.38
14,-6.738,-5.141,0.30,-11.466,155.685,-11.729,155.794,-1.636,-0.396,-0.019,-0.005,-3.74,2.50,92.40
14,-6.738,-5.141,0.35,-11.466,155.685,-11.743,155.792,-1.636,-0.399,-0.035,-0.005,-4.18,2.39,92.42
14,-6.738,-5.141,0.40,-11.466,155.685,-11.770,155.787,-1.638,-0.400,-0.067,-0.005,-4.57,2.25,92.44
14,-6.738,-5.141,0.45,-11.466,155.685,-11.787,155.782,-1.639,-0.398,-0.088,-0.004,-4.97,2.08,92.47
14,-6.738,-5.141,0.50,-11.466,155.685,-11.812,155.772,-1.640,-0.391,-0.120,-0.004,-5.32,1.89,92.49
14,-6.738,-5.141,0.55,-11.466,155.685,-11.825,155.766,-1.641,-0.385,-0.137,-0.004,-5.67,1.65,92.52
14,-6.738,-5.141,0.60,-11.466,155.685,-11.849,155.753,-1.642,-0.371,-0.168,-0.003,-5.96,1.42,92.55
14,-6.738,-5.141,0.65,-11.466,155.685,-11.864,155.744,-1.643,-0.360,-0.187,-0.002,-6.25,1.14,92.57
14,-6.738,-5.141,0.70,-11.466,155.685,-11.885,155.728,-1.644,-0.338,-0.215,-0.001,-6.48,0.87,92.59
14,-6.738,-5.141,0.75,-11.466,155.685,-11.895,155.720,-1.645,-0.326,-0.228,-0.000,-6.71,0.55,92.61
14,-6.738,-5.141,0.80,-11.466,155.685,-11.913,155.701,-1.646,-0.300,-0.253,0.001,-6.88,0.26,92.62
14,-6.738,-5.141,0.85,-11.466,155.685,-11.923,155.689,-1.647,-0.282,-0.267,0.002,-7.04,-0.07,92.63
14,-6.738,-5.141,0.90,-11.466,155.685,-11.938,155.669,-1.647,-0.252,-0.287,0.003,-7.15,-0.38,92.63
14,-6.738,-5.141,0.95,-11.466,155.685,-11.944,155.658,-1.647,-0.237,-0.296,0.003,-7.24,-0.72,92.63
14,-6.738,-5.141,1.00,-11.466,155.685,-11.956,155.637,-1.647,-0.205,-0.311,0.004,-7.29,-1.03,92.61
14,-6.738,-5.141,1.05,-11.466,155.685,-11.961,155.623,-1.647,-0.184,-0.318,0.005,-7.32,-1.36,92.60
14,-6.738,-5.141,1.10,-11.466,155.685,-11.969,155.601,-1.647,-0.151,-0.328,0.006,-7.33,-1.66,92.58
14,-6.738,-5.141,1.15,-11.466,155.685,-11.972,155.590,-1.647,-0.135,-0.331,0.006,-7.31,-1.98,92.56
14,-6.738,-5.141,1.20,-11.466,155.685,-11.976,155.568,-1.646,-0.102,-0.336,0.007,-7.27,-2.26,92.53
14,-6.738,-5.141,1.25,-11.466,155.685,-11.977,155.554,-1.646,-0.082,-0.338,0.007,-7.21,-2.56,92.51
14,-6.738,-5.141,1.30,-11.466,155.685,-11.978,155.532,-1.645,-0.050,-0.338,0.007,-7.13,-2.82,92.48
14,-6.738,-5.141,1.35,-11.466,155.685,-11.978,155.521,-1.645,-0.034,-0.337,0.007,-7.03,-3.09,92.45
14,-6.738,-5.141,1.40,-11.466,155.685,-11.976,155.500,-1.644,-0.005,-0.333,0.007,-6.92,-3.33,92.42
14,-6.738,-5.141,1.45,-11.466,155.685,-11.974,155.487,-1.644,0.013,-0.330,0.007,-6.80,-3.57,92.38
14,-6.738,-5.141,1.50,-11.466,155.685,-11.970,155.466,-1.643,0.039,-0.322,0.007,-6.68,-3.78,92.35
14,-6.738,-5.141,1.55,-11.466,155.685,-11.967,155.456,-1.643,0.052,-0.318,0.007,-6.53,-4.00,92.32
14,-6.738,-5.141,1.60,-11.466,155.685,-11.961,155.437,-1.643,0.076,-0.307,0.007,-6.40,-4.18,92.30
14,-6.738,-5.141,1.65,-11.466,155.685,-11.957,155.425,-1.642,0.089,-0.300,0.007,-6.26,-4.36,92.27
14,-6.738,-5.141,1.70,-11.466,155.685,-11.949,155.408,-1.642,0.110,-0.286,0.007,-6.12,-4.52,92.26
14,-6.738,-5.141,1.75,-11.466,155.685,-11.944,155.400,-1.641,0.119,-0.279,0.007,-5.97,-4.67,92.25
14,-6.738,-5.141,1.80,-11.466,155.685,-11.935,155.385,-1.641,0.137,-0.263,0.007,-5.84,-4.80,92.24
14,-6.738,-5.141,1.85,-11.466,155.685,-11.928,155.377,-1.641,0.147,-0.252,0.007,-5.69,-4.92,92.24
14,-6.738,-5.141,1.90,-11.466,155.685,-11.918,155.364,-1.641,0.161,-0.235,0.007,-5.56,-5.01,92.24
14,-6.738,-5.141,1.95,-11.466,155.685,-11.912,155.357,-1.640,0.167,-0.227,0.008,-5.42,-5.10,92.24
14,-6.738,-5.141,2.00,-11.466,155.685,-11.900,155.346,-1.640,0.179,-0.209,0.008,-5.29,-5.17,92.24
14,-6.738,-5.141,2.05,-11.466,155.685,-11.892,155.339,-1.640,0.185,-0.198,0.008,-5.16,-5.23,92.24
14,-6.738,-5.141,2.10,-11.466,155.685,-11.880,155.329,-1.640,0.194,-0.180,0.009,-5.04,-5.28,92.24
14,-6.738,-5.141,2.15,-11.466,155.685,-11.873,155.324,-1.639,0.197,-0.172,0.009,-4.91,-5.32,92.24
14,-6.738,-5.141,2.20,-11.466,155.685,-11.860,155.316,-1.639,0.203,-0.155,0.009,-4.80,-5.36,92.25
14,-6.738,-5.141,2.25,-11.466,155.685,-11.852,155.311,-1.639,0.206,-0.144,0.010,-4.68,-5.39,92.25
14,-6.738,-5.141,2.30,-11.466,155.685,-11.838,155.304,-1.638,0.210,-0.127,0.010,-4.57,-5.41,92.25
14,-6.738,-5.141,2.35,-11.466,155.685,-11.832,155.301,-1.637,0.211,-0.119,0.010,-4.46,-5.43,92.26
14,-6.738,-5.141,2.40,-11.466,155.685,-11.818,155.296,-1.637,0.213,-0.102,0.010,-4.36,-5.44,92.26
14,-6.738,-5.141,2.45,-11.466,155.685,-11.810,155.293,-1.637,0.213,-0.093,0.010,-4.26,-5.44,92.27
14,-6.738,-5.141,2.50,-11.466,155.685,-11.797,155.289,-1.637,0.212,-0.077,0.010,-4.17,-5.44,92.27
14,-6.738,-5.141,2.55,-11.466,155.685,-11.790,155.287,-1.637,0.211,-0.069,0.010,-4.08,-5.44,92.28
14,-6.738,-5.141,2.60,-11.466,155.685,-11.778,155.285,-1.637,0.209,-0.055,0.010,-4.00,-5.43,92.29
14,-6.738,-5.141,2.65,-11.466,155.685,-11.770,155.283,-1.637,0.207,-0.046,0.010,-3.92,-5.42,92.29
14,-6.738,-5.141,2.70,-11.466,155.685,-11.757,155.282,-1.638,0.203,-0.033,0.011,-3.86,-5.40,92.30
14,-6.738,-5.141,2.75,-11.466,155.685,-11.751,155.282,-1.638,0.201,-0.026,0.011,-3.79,-5.39,92.30
14,-6.738,-5.141,2.80,-11.466,155.685,-11.739,155.282,-1.638,0.196,-0.014,0.012,-3.74,-5.37,92.31
14,-6.738,-5.141,2.85,-11.466,155.685,-11.732,155.282,-1.638,0.192,-0.007,0.012,-3.68,-5.34,92.31
14,-6.738,-5.141,2.90,-11.466,155.685,-11.721,155.283,-1.638,0.186,0.005,0.013,-3.63,-5.32,92.32
14,-6.738,-5.141,2.95,-11.466,155.685,-11.715,155.283,-1.637,0.183,0.010,0.013,-3.59,-5.29,92.32
14,-6.738,-5.141,3.00,-11.466,155.685,-11.705,155.286,-1.637,0.175,0.021,0.014,-3.55,-5.26,92.33
14,-6.738,-5.141,3.05,-11.466,155.685,-11.699,155.287,-1.637,0.171,0.027,0.014,-3.52,-5.23,92.33
14,-6.738,-5.141,3.10,-11.466,155.685,-11.690,155.290,-1.637,0.163,0.035,0.014,-3.49,-5.20,92.34
14,-6.738,-5.141,3.15,-11.466,155.685,-11.686,155.291,-1.637,0.159,0.039,0.014,-3.47,-5.17,92.34
14,-6.738,-5.141,3.20,-11.466,155.685,-11.678,155.295,-1.637,0.151,0.047,0.014,-3.45,-5.14,92.34
14,-6.738,-5.141,3.25,-11.466,155.685,-11.673,155.297,-1.637,0.146,0.051,0.014,-3.44,-5.10,92.34
14,-6.738,-5.141,3.30,-11.466,155.685,-11.667,155.300,-1.638,0.138,0.057,0.014,-3.43,-5.07,92.35
14,-6.738,-5.141,3.35,-11.466,155.685,-11.663,155.302,-1.638,0.134,0.060,0.014,-3.43,-5.04,92.35
14,-6.738,-5.141,3.40,-11.466,155.685,-11.658,155.306,-1.639,0.125,0.065,0.015,-3.44,-5.01,92.35
14,-6.738,-5.141,3.45,-11.466,155.685,-11.655,155.308,-1.639,0.120,0.067,0.015,-3.45,-4.99,92.36
14,-6.738,-5.141,3.50,-11.466,155.685,-11.650,155.313,-1.639,0.112,0.072,0.015,-3.46,-4.96,92.37
14,-6.738,-5.141,3.55,-11.466,155.685,-11.648,155.315,-1.640,0.108,0.073,0.016,-3.48,-4.94,92.37
14,-6.738,-5.141,3.60,-11.466,155.685,-11.643,155.319,-1.640,0.101,0.077,0.016,-3.50,-4.92,92.37
14,-6.738,-5.141,3.65,-11.466,155.685,-11.641,155.322,-1.640,0.096,0.078,0.017,-3.52,-4.90,92.37
14,-6.738,-5.141,3.70,-11.466,155.685,-11.637,155.326,-1.640,0.090,0.081,0.017,-3.54,-4.88,92.37
14,-6.738,-5.141,3.75,-11.466,155.685,-11.635,155.329,-1.640,0.087,0.082,0.017,-3.56,-4.86,92.37
14,-6.738,-5.141,3.80,-11.466,155.685,-11.631,155.333,-1.639,0.082,0.084,0.018,-3.59,-4.84,92.36
14,-6.738,-5.141,3.85,-11.466,155.685,-11.629,155.336,-1.639,0.079,0.085,0.018,-3.61,-4.83,92.35
14,-6.738,-5.141,3.90,-11.466,155.685,-11.624,155.341,-1.638,0.076,0.086,0.018,-3.62,-4.81,92.34
14,-6.738,-5.141,3.95,-11.466,155.685,-11.622,155.343,-1.637,0.074,0.087,0.017,-3.64,-4.80,92.32
14,-6.738,-5.141,4.00,-11.466,155.685,-11.617,155.348,-1.636,0.072,0.087,0.017,-3.64,-4.79,92.30
14,-6.738,-5.141,4.05,-11.466,155.685,-11.614,155.351,-1.635,0.070,0.088,0.017,-3.64,-4.77,92.29
14,-6.738,-5.141,4.10,-11.466,155.685,-11.610,155.356,-1.633,0.068,0.088,0.016,-3.64,-4.76,92.27
14,-6.738,-5.141,4.15,-11.466,155.685,-11.607,155.359,-1.632,0.066,0.088,0.015,-3.63,-4.75,92.26
14,-6.738,-5.141,4.20,-11.466,155.685,-11.603,155.363,-1.631,0.064,0.088,0.014,-3.62,-4.74,92.25
14,-6.738,-5.141,4.25,-11.466,155.685,-11.600,155.366,-1.630,0.063,0.087,0.013,-3.60,-4.74,92.24
14,-6.738,-5.141,4.30,-11.466,155.685,-11.595,155.370,-1.628,0.061,0.086,0.011,-3.59,-4.73,92.24
14,-6.738,-5.141,4.35,-11.466,155.685,-11.593,155.372,-1.627,0.060,0.086,0.010,-3.57,-4.73,92.24
14,-6.738,-5.141,4.40,-11.466,155.685,-11.588,155.376,-1.626,0.058,0.085,0.009,-3.56,-4.73,92.24
14,-6.738,-5.141,4.45,-11.466,155.685,-11.585,155.379,-1.625,0.056,0.084,0.008,-3.54,-4.73,92.24
14,-6.738,-5.141,4.50,-11.466,155.685,-11.581,155.383,-1.623,0.053,0.083,0.006,-3.53,-4.73,92.24
14,-6.738,-5.141,4.55,-11.466,155.685,-11.579,155.385,-1.622,0.052,0.083,0.005,-3.52,-4.74,92.25
14,-6.738,-5.141,4.60,-11.466,155.685,-11.576,155.389,-1.621,0.048,0.082,0.004,-3.51,-4.74,92.26
14,-6.738,-5.141,4.65,-11.466,155.685,-11.574,155.392,-1.621,0.046,0.081,0.003,-3.50,-4.74,92.27
14,-6.738,-5.141,4.70,-11.466,155.685,-11.572,155.396,-1.621,0.042,0.081,0.001,-3.50,-4.74,92.27
14,-6.738,-5.141,4.75,-11.466,155.685,-11.571,155.398,-1.620,0.040,0.080,0.000,-3.50,-4.75,92.28
14,-6.738,-5.141,4.80,-11.466,155.685,-11.569,155.402,-1.621,0.037,0.080,-0.001,-3.51,-4.74,92.29
14,-6.738,-5.141,4.85,-11.466,155.685,-11.568,155.405,-1.621,0.034,0.080,-0.001,-3.52,-4.74,92.30
14,-6.738,-5.141,4.90,-11.466,155.685,-11.566,155.410,-1.622,0.031,0.080,-0.002,-3.53,-4.74,92.30
14,-6.738,-5.141,4.95,-11.466,155.685,-11.565,155.412,-1.622,0.029,0.080,-0.002,-3.55,-4.74,92.30
14,-6.738,-5.141,5.00,-11.466,155.685,-11.564,155.417,-1.623,0.026,0.079,-0.002,-3.56,-4.73,92.30
14,-6.738,-5.141,5.05,-11.466,155.685,-11.563,155.421,-1.624,0.025,0.079,-0.001,-3.58,-4.72,92.30
14,-6.738,-5.141,5.10,-11.466,155.685,-11.561,155.426,-1.625,0.022,0.080,-0.001,-3.60,-4.71,92.30
14,-6.738,-5.141,5.15,-11.466,155.685,-11.560,155.429,-1.625,0.021,0.080,-0.000,-3.61,-4.70,92.29
14,-6.738,-5.141,5.20,-11.466,155.685,-11.559,155.435,-1.625,0.020,0.080,0.001,-3.63,-4.68,92.29
14,-6.738,-5.141,5.25,-11.466,155.685,-11.558,155.439,-1.626,0.019,0.080,0.002,-3.64,-4.66,92.28
14,-6.738,-5.141,5.30,-11.466,155.685,-11.556,155.444,-1.626,0.018,0.079,0.003,-3.64,-4.64,92.28
14,-6.738,-5.141,5.35,-11.466,155.685,-11.555,155.447,-1.626,0.017,0.079,0.003,-3.65,-4.62,92.27
14,-6.738,-5.141,5.40,-11.466,155.685,-11.553,155.452,-1.626,0.016,0.078,0.003,-3.65,-4.60,92.27
14,-6.738,-5.141,5.45,-11.466,155.685,-11.553,155.454,-1.626,0.016,0.076,0.003,-3.65,-4.58,92.27
14,-6.738,-5.141,5.50,-11.466,155.685,-11.551,155.458,-1.625,0.015,0.073,0.003,-3.65,-4.57,92.28
14,-6.738,-5.141,5.55,-11.466,155.685,-11.551,155.459,-1.625,0.014,0.072,0.004,-3.65,-4.56,92.29
14,-6.738,-5.141,5.60,-11.466,155.685,-11.550,155.461,-1.624,0.012,0.068,0.004,-3.65,-4.56,92.30
14,-6.738,-5.141,5.65,-11.466,155.685,-11.550,155.463,-1.624,0.011,0.065,0.004,-3.65,-4.57,92.31
14,-6.738,-5.141,5.70,-11.466,155.685,-11.550,155.464,-1.623,0.010,0.062,0.003,-3.66,-4.58,92.32
14,-6.738,-5.141,5.75,-11.466,155.685,-11.550,155.465,-1.622,0.009,0.060,0.003,-3.67,-4.60,92.34
14,-6.738,-5.141,5.80,-11.466,155.685,-11.549,155.467,-1.621,0.008,0.057,0.002,-3.68,-4.62,92.35
14,-6.738,-5.141,5.85,-11.466,155.685,-11.549,155.468,-1.621,0.007,0.055,0.002,-3.70,-4.64,92.36
14,-6.738,-5.141,5.90,-11.466,155.685,-11.548,155.469,-1.620,0.007,0.052,0.001,-3.71,-4.67,92.37
14,-6.738,-5.141,5.95,-11.466,155.685,-11.547,155.470,-1.619,0.007,0.052,0.000,-3.73,-4.69,92.38
14,-6.738,-5.141,6.00,-11.466,155.685,-11.546,155.471,-1.618,0.007,0.050,-0.001,-3.74,-4.72,92.38
14,-6.738,-5.141,6.05,-11.466,155.685,-11.546,155.472,-1.618,0.007,0.049,-0.002,-3.75,-4.74,92.38
14,-6.738,-5.141,6.10,-11.466,155.685,-11.545,155.474,-1.617,0.008,0.049,-0.003,-3.75,-4.76,92.38
14,-6.738,-5.141,6.15,-11.466,155.685,-11.544,155.475,-1.616,0.008,0.048,-0.003,-3.75,-4.77,92.38
14,-6.738,-5.141,6.20,-11.466,155.685,-11.543,155.477,-1.616,0.008,0.048,-0.004,-3.75,-4.79,92.37
14,-6.738,-5.141,6.25,-11.466,155.685,-11.543,155.477,-1.615,0.008,0.047,-0.004,-3.74,-4.80,92.37
14,-6.738,-5.141,6.30,-11.466,155.685,-11.542,155.479,-1.614,0.008,0.047,-0.005,-3.74,-4.81,92.36
14,-6.738,-5.141,6.35,-11.466,155.685,-11.542,155.480,-1.614,0.007,0.047,-0.006,-3.74,-4.82,92.36
14,-6.738,-5.141,6.40,-11.466,155.685,-11.542,155.481,-1.613,0.007,0.047,-0.007,-3.74,-4.83,92.35
14,-6.738,-5.141,6.45,-11.466,155.685,-11.542,155.482,-1.612,0.006,0.046,-0.007,-3.74,-4.84,92.34
14,-6.738,-5.141,6.50,-11.466,155.685,-11.543,155.484,-1.612,0.005,0.047,-0.009,-3.74,-4.85,92.33
14,-6.738,-5.141,6.55,-11.466,155.685,-11.543,155.485,-1.611,0.005,0.047,-0.009,-3.75,-4.85,92.32
14,-6.738,-5.141,6.60,-11.466,155.685,-11.543,155.487,-1.610,0.004,0.047,-0.010,-3.76,-4.86,92.32
14,-6.738,-5.141,6.65,-11.466,155.685,-11.543,155.488,-1.610,0.004,0.048,-0.011,-3.77,-4.86,92.31
14,-6.738,-5.141,6.70,-11.466,155.685,-11.543,155.490,-1.609,0.004,0.048,-0.012,-3.78,-4.86,92.31
14,-6.738,-5.141,6.75,-11.466,155.685,-11.543,155.491,-1.609,0.004,0.049,-0.012,-3.79,-4.86,92.31
14,-6.738,-5.141,6.80,-11.466,155.685,-11.543,155.494,-1.608,0.004,0.049,-0.013,-3.80,-4.86,92.30
14,-6.738,-5.141,6.85,-11.466,155.685,-11.543,155.496,-1.608,0.005,0.050,-0.013,-3.81,-4.86,92.30
14,-6.738,-5.141,6.90,-11.466,155.685,-11.542,155.499,-1.608,0.005,0.050,-0.014,-3.82,-4.85,92.30
14,-6.738,-5.141,6.95,-11.466,155.685,-11.542,155.500,-1.608,0.005,0.051,-0.014,-3.82,-4.84,92.30
14,-6.738,-5.141,7.00,-11.466,155.685,-11.542,155.504,-1.608,0.006,0.052,-0.014,-3.82,-4.83,92.29
14,-6.738,-5.141,7.05,-11.466,155.685,-11.542,155.506,-1.608,0.006,0.052,-0.015,-3.82,-4.82,92.29
14,-6.738,-5.141,7.10,-11.466,155.685,-11.541,155.509,-1.609,0.007,0.052,-0.015,-3.83,-4.81,92.29
14,-6.738,-5.141,7.15,-11.466,155.685,-11.541,155.510,-1.609,0.008,0.052,-0.015,-3.83,-4.80,92.29
14,-6.738,-5.141,7.20,-11.466,155.685,-11.540,155.513,-1.610,0.009,0.052,-0.015,-3.82,-4.79,92.30
14,-6.738,-5.141,7.25,-11.466,155.685,-11.539,155.515,-1.611,0.009,0.052,-0.014,-3.82,-4.78,92.30
14,-6.738,-5.141,7.30,-11.466,155.685,-11.538,155.518,-1.612,0.010,0.052,-0.013,-3.82,-4.77,92.30
14,-6.738,-5.141,7.35,-11.466,155.685,-11.538,155.520,-1.612,0.010,0.052,-0.013,-3.81,-4.76,92.30
14,-6.738,-5.141,7.40,-11.466,155.685,-11.537,155.523,-1.613,0.011,0.051,-0.012,-3.81,-4.75,92.31
14,-6.738,-5.141,7.45,-11.466,155.685,-11.537,155.525,-1.614,0.011,0.051,-0.011,-3.80,-4.74,92.31
14,-6.738,-5.141,7.50,-11.466,155.685,-11.536,155.528,-1.615,0.011,0.050,-0.010,-3.80,-4.73,92.31
14,-6.738,-5.141,7.55,-11.466,155.685,-11.536,155.529,-1.616,0.011,0.050,-0.010,-3.79,-4.73,92.32
14,-6.738,-5.141,7.60,-11.466,155.685,-11.536,155.532,-1.617,0.011,0.049,-0.009,-3.79,-4.72,92.32
14,-6.738,-5.141,7.65,-11.466,155.685,-11.536,155.534,-1.617,0.011,0.048,-0.008,-3.79,-4.71,92.32
14,-6.738,-5.141,7.70,-11.466,155.685,-11.536,155.537,-1.618,0.011,0.047,-0.007,-3.79,-4.71,92.32
14,-6.738,-5.141,7.75,-11.466,155.685,-11.536,155.538,-1.618,0.010,0.046,-0.006,-3.79,-4.71,92.32
14,-6.738,-5.141,7.80,-11.466,155.685,-11.537,155.541,-1.618,0.010,0.045,-0.005,-3.80,-4.70,92.32
14,-6.738,-5.141,7.85,-11.466,155.685,-11.537,155.543,-1.618,0.010,0.045,-0.005,-3.81,-4.70,92.32
14,-6.738,-5.141,7.90,-11.466,155.685,-11.537,155.545,-1.618,0.010,0.044,-0.004,-3.81,-4.70,92.32
14,-6.738,-5.141,7.95,-11.466,155.685,-11.537,155.547,-1.618,0.011,0.043,-0.004,-3.82,-4.69,92.32
15,-1.025,-8.006,0.00,-11.466,155.685,-11.555,155.693,-1.612,-0.152,0.165,-0.012,-4.86,-3.33,92.21
15,-1.025,-8.006,0.05,-11.466,155.685,-11.560,155.699,-1.612,-0.154,0.171,-0.011,-5.00,-3.14,92.21
15,-1.025,-8.006,0.10,-11.466,155.685,-11.569,155.713,-1.612,-0.156,0.180,-0.011,-5.15,-2.93,92.20
15,-1.025,-8.006,0.15,-11.466,155.685,-11.574,155.720,-1.613,-0.157,0.185,-0.011,-5.27,-2.74,92.19
15,-1.025,-8.006,0.20,-11.466,155.685,-11.584,155.736,-1.612,-0.156,0.192,-0.010,-5.40,-2.54,92.19
15,-1.025,-8.006,0.25,-11.466,155.685,-11.588,155.743,-1.612,-0.156,0.194,-0.011,-5.51,-2.35,92.19
15,-1.025,-8.006,0.30,-11.466,155.685,-11.597,155.758,-1.612,-0.153,0.198,-0.011,-5.62,-2.16,92.20
15,-1.025,-8.006,0.35,-11.466,155.685,-11.602,155.765,-1.612,-0.151,0.199,-0.011,-5.72,-1.99,92.21
15,-1.025,-8.006,0.40,-11.466,155.685,-11.612,155.781,-1.612,-0.146,0.199,-0.011,-5.81,-1.81,92.22
15,-1.025,-8.006,0.45,-11.466,155.685,-11.616,155.788,-1.612,-0.144,0.199,-0.011,-5.89,-1.66,92.24
15,-1.025,-8.006,0.50,-11.466,155.685,-11.625,155.802,-1.612,-0.138,0.197,-0.011,-5.97,-1.50,92.25
15,-1.025,-8.006,0.55,-11.466,155.685,-11.629,155.809,-1.611,-0.135,0.196,-0.011,-6.03,-1.36,92.26
15,-1.025,-8.006,0.60,-11.466,155.685,-11.639,155.824,-1.611,-0.127,0.192,-0.011,-6.10,-1.21,92.28
15,-1.025,-8.006,0.65,-11.466,155.685,-11.643,155.831,-1.611,-0.124,0.189,-0.011,-6.15,-1.09,92.29
15,-1.025,-8.006,0.70,-11.466,155.685,-11.652,155.844,-1.610,-0.116,0.184,-0.012,-6.21,-0.96,92.31
15,-1.025,-8.006,0.75,-11.466,155.685,-11.656,155.851,-1.610,-0.113,0.181,-0.013,-6.26,-0.84,92.32
15,-1.025,-8.006,0.80,-11.466,155.685,-11.665,155.865,-1.610,-0.103,0.173,-0.013,-6.32,-0.73,92.34
15,-1.025,-8.006,0.85,-11.466,155.685,-11.669,155.871,-1.610,-0.099,0.169,-0.013,-6.36,-0.63,92.35
15,-1.025,-8.006,0.90,-11.466,155.685,-11.676,155.882,-1.611,-0.090,0.160,-0.014,-6.41,-0.53,92.37
15,-1.025,-8.006,0.95,-11.466,155.685,-11.680,155.887,-1.611,-0.085,0.155,-0.014,-6.44,-0.45,92.38
15,-1.025,-8.006,1.00,-11.466,155.685,-11.686,155.899,-1.611,-0.074,0.144,-0.014,-6.48,-0.37,92.39
15,-1.025,-8.006,1.05,-11.466,155.685,-11.689,155.904,-1.612,-0.069,0.138,-0.014,-6.50,-0.30,92.39
15,-1.025,-8.006,1.10,-11.466,155.685,-11.694,155.913,-1.612,-0.058,0.128,-0.013,-6.52,-0.24,92.40
15,-1.025,-8.006,1.15,-11.466,155.685,-11.696,155.918,-1.613,-0.053,0.123,-0.013,-6.54,-0.19,92.40
15,-1.025,-8.006,1.20,-11.466,155.685,-11.700,155.927,-1.614,-0.040,0.110,-0.012,-6.54,-0.14,92.41
15,-1.025,-8.006,1.25,-11.466,155.685,-11.701,155.931,-1.615,-0.035,0.104,-0.012,-6.54,-0.10,92.41
15,-1.025,-8.006,1.30,-11.466,155.685,-11.703,155.938,-1.616,-0.024,0.093,-0.011,-6.53,-0.06,92.41
15,-1.025,-8.006,1.35,-11.466,155.685,-11.704,155.940,-1.617,-0.018,0.087,-0.010,-6.52,-0.04,92.41
15,-1.025,-8.006,1.40,-11.466,155.685,-11.704,155.946,-1.618,-0.006,0.073,-0.008,-6.50,-0.02,92.41
15,-1.025,-8.006,1.45,-11.466,155.685,-11.704,155.948,-1.619,-0.001,0.067,-0.008,-6.48,-0.01,92.41
15,-1.025,-8.006,1.50,-11.466,155.685,-11.703,155.951,-1.620,0.010,0.055,-0.006,-6.44,-0.00,92.41
15,-1.025,-8.006,1.55,-11.466,155.685,-11.702,155.953,-1.621,0.015,0.049,-0.005,-6.41,-0.01,92.41
15,-1.025,-8.006,1.60,-11.466,155.685,-11.699,155.955,-1.622,0.026,0.036,-0.003,-6.37,-0.01,92.41
15,-1.025,-8.006,1.65,-11.466,155.685,-11.697,155.956,-1.622,0.031,0.031,-0.002,-6.32,-0.03,92.41
15,-1.025,-8.006,1.70,-11.466,155.685,-11.693,155.956,-1.622,0.040,0.019,-0.000,-6.27,-0.05,92.41
15,-1.025,-8.006,1.75,-11.466,155.685,-11.691,155.956,-1.622,0.044,0.014,0.000,-6.22,-0.07,92.41
15,-1.025,-8.006,1.80,-11.466,155.685,-11.686,155.954,-1.623,0.052,0.002,0.002,-6.16,-0.11,92.40
15,-1.025,-8.006,1.85,-11.466,155.685,-11.684,155.954,-1.623,0.055,-0.004,0.002,-6.11,-0.14,92.40
15,-1.025,-8.006,1.90,-11.466,155.685,-11.678,155.951,-1.623,0.062,-0.013,0.003,-6.05,-0.18,92.39
15,-1.025,-8.006,1.95,-11.466,155.685,-11.675,155.950,-1.623,0.064,-0.018,0.003,-6.00,-0.23,92.39
15,-1.025,-8.006,2.00,-11.466,155.685,-11.669,155.946,-1.623,0.070,-0.028,0.003,-5.94,-0.28,92.38
15,-1.025,-8.006,2.05,-11.466,155.685,-11.666,155.944,-1.623,0.072,-0.032,0.003,-5.88,-0.33,92.38
15,-1.025,-8.006,2.10,-11.466,155.685,-11.660,155.939,-1.623,0.075,-0.039,0.003,-5.83,-0.38,92.38
15,-1.025,-8.006,2.15,-11.466,155.685,-11.657,155.937,-1.623,0.077,-0.042,0.004,-5.78,-0.43,92.38
15,-1.025,-8.006,2.20,-11.466,155.685,-11.651,155.931,-1.623,0.079,-0.048,0.004,-5.73,-0.49,92.38
15,-1.025,-8.006,2.25,-11.466,155.685,-11.648,155.929,-1.623,0.079,-0.051,0.004,-5.69,-0.54,92.38
15,-1.025,-8.006,2.30,-11.466,155.685,-11.643,155.924,-1.622,0.080,-0.055,0.004,-5.65,-0.59,92.38
15,-1.025,-8.006,2.35,-11.466,155.685,-11.640,155.921,-1.622,0.080,-0.056,0.004,-5.61,-0.63,92.38
15,-1.025,-8.006,2.40,-11.466,155.685,-11.635,155.916,-1.621,0.080,-0.059,0.004,-5.58,-0.68,92.38
15,-1.025,-8.006,2.45,-11.466,155.685,-11.632,155.913,-1.621,0.079,-0.060,0.004,-5.56,-0.71,92.38
15,-1.025,-8.006,2.50,-11.466,155.685,-11.628,155.908,-1.620,0.078,-0.061,0.004,-5.53,-0.75,92.38
15,-1.025,-8.006,2.55,-11.466,155.685,-11.626,155.906,-1.619,0.077,-0.062,0.003,-5.52,-0.78,92.37
15,-1.025,-8.006,2.60,-11.466,155.685,-11.621,155.900,-1.618,0.074,-0.063,0.003,-5.50,-0.81,92.36
15,-1.025,-8.006,2.65,-11.466,155.685,-11.620,155.897,-1.617,0.073,-0.063,0.002,-5.49,-0.83,92.35
15,-1.025,-8.006,2.70,-11.466,155.685,-11.617,155.892,-1.616,0.070,-0.063,0.001,-5.48,-0.86,92.34
15,-1.025,-8.006,2.75,-11.466,155.685,-11.615,155.889,-1.615,0.069,-0.063,0.000,-5.48,-0.88,92.33
15,-1.025,-8.006,2.80,-11.466,155.685,-11.612,155.884,-1.614,0.066,-0.062,-0.001,-5.49,-0.90,92.32
15,-1.025,-8.006,2.85,-11.466,155.685,-11.611,155.881,-1.613,0.064,-0.062,-0.002,-5.50,-0.92,92.32
15,-1.025,-8.006,2.90,-11.466,155.685,-11.608,155.877,-1.612,0.062,-0.060,-0.003,-5.51,-0.94,92.31
15,-1.025,-8.006,2.95,-11.466,155.685,-11.607,155.874,-1.612,0.060,-0.059,-0.004,-5.52,-0.95,92.30
15,-1.025,-8.006,3.00,-11.466,155.685,-11.604,155.870,-1.611,0.058,-0.057,-0.005,-5.53,-0.96,92.30
15,-1.025,-8.006,3.05,-11.466,155.685,-11.603,155.868,-1.611,0.057,-0.056,-0.006,-5.54,-0.96,92.30
15,-1.025,-8.006,3.10,-11.466,155.685,-11.601,155.864,-1.610,0.055,-0.054,-0.007,-5.55,-0.97,92.30
15,-1.025,-8.006,3.15,-11.466,155.685,-11.600,155.862,-1.610,0.054,-0.052,-0.008,-5.56,-0.97,92.30
15,-1.025,-8.006,3.20,-11.466,155.685,-11.598,155.859,-1.610,0.051,-0.049,-0.009,-5.57,-0.97,92.30
15,-1.025,-8.006,3.25,-11.466,155.685,-11.597,155.857,-1.610,0.050,-0.048,-0.009,-5.58,-0.96,92.30
15,-1.025,-8.006,3.30,-11.466,155.685,-11.596,155.855,-1.611,0.048,-0.045,-0.010,-5.59,-0.96,92.30
15,-1.025,-8.006,3.35,-11.466,155.685,-11.596,155.854,-1.611,0.047,-0.044,-0.010,-5.60,-0.94,92.30
15,-1.025,-8.006,3.40,-11.466,155.685,-11.594,155.851,-1.611,0.045,-0.040,-0.010,-5.62,-0.93,92.30
15,-1.025,-8.006,3.45,-11.466,155.685,-11.594,155.851,-1.612,0.044,-0.039,-0.010,-5.63,-0.92,92.30
15,-1.025,-8.006,3.50,-11.466,155.685,-11.592,155.849,-1.612,0.043,-0.036,-0.009,-5.64,-0.90,92.30
15,-1.025,-8.006,3.55,-11.466,155.685,-11.592,155.848,-1.613,0.042,-0.035,-0.009,-5.66,-0.88,92.30
15,-1.025,-8.006,3.60,-11.466,155.685,-11.590,155.847,-1.613,0.041,-0.032,-0.008,-5.67,-0.86,92.31
15,-1.025,-8.006,3.65,-11.466,155.685,-11.590,155.847,-1.614,0.041,-0.031,-0.008,-5.68,-0.84,92.31
15,-1.025,-8.006,3.70,-11.466,155.685,-11.589,155.846,-1.614,0.040,-0.029,-0.008,-5.69,-0.82,92.31
15,-1.025,-8.006,3.75,-11.466,155.685,-11.588,155.846,-1.615,0.040,-0.028,-0.008,-5.69,-0.80,92.31
15,-1.025,-8.006,3.80,-11.466,155.685,-11.586,155.846,-1.616,0.039,-0.025,-0.007,-5.70,-0.77,92.31
15,-1.025,-8.006,3.85,-11.466,155.685,-11.586,155.846,-1.616,0.039,-0.024,-0.007,-5.70,-0.74,92.31
15,-1.025,-8.006,3.90,-11.466,155.685,-11.585,155.846,-1.617,0.038,-0.023,-0.006,-5.71,-0.72,92.31
15,-1.025,-8.006,3.95,-11.466,155.685,-11.584,155.845,-1.617,0.038,-0.022,-0.006,-5.71,-0.69,92.31
15,-1.025,-8.006,4.00,-11.466,155.685,-11.583,155.844,-1.617,0.038,-0.022,-0.005,-5.71,-0.66,92.32
15,-1.025,-8.006,4.05,-11.466,155.685,-11.582,155.844,-1.617,0.038,-0.022,-0.004,-5.72,-0.64,92.32
15,-1.025,-8.006,4.10,-11.466,155.685,-11.581,155.843,-1.618,0.038,-0.023,-0.004,-5.72,-0.63,92.32
15,-1.025,-8.006,4.15,-11.466,155.685,-11.580,155.842,-1.617,0.038,-0.023,-0.004,-5.72,-0.62,92.32
15,-1.025,-8.006,4.20,-11.466,155.685,-11.579,155.841,-1.617,0.037,-0.023,-0.003,-5.72,-0.61,92.32
15,-1.025,-8.006,4.25,-11.466,155.685,-11.578,155.841,-1.617,0.037,-0.023,-0.003,-5.72,-0.60,92.32
15,-1.025,-8.006,4.30,-11.466,155.685,-11.577,155.839,-1.618,0.037,-0.024,-0.003,-5.72,-0.59,92.32
15,-1.025,-8.006,4.35,-11.466,155.685,-11.577,155.839,-1.618,0.036,-0.024,-0.003,-5.72,-0.58,92.32
15,-1.025,-8.006,4.40,-11.466,155.685,-11.576,155.837,-1.618,0.036,-0.026,-0.003,-5.72,-0.58,92.33
15,-1.025,-8.006,4.45,-11.466,155.685,-11.576,155.836,-1.618,0.035,-0.026,-0.003,-5.73,-0.58,92.33
15,-1.025,-8.006,4.50,-11.466,155.685,-11.576,155.835,-1.618,0.035,-0.027,-0.003,-5.73,-0.58,92.33
15,-1.025,-8.006,4.55,-11.466,155.685,-11.576,155.834,-1.618,0.034,-0.028,-0.003,-5.74,-0.58,92.33
15,-1.025,-8.006,4.60,-11.466,155.685,-11.576,155.832,-1.618,0.034,-0.029,-0.003,-5.75,-0.58,92.33
15,-1.025,-8.006,4.65,-11.466,155.685,-11.576,155.831,-1.618,0.033,-0.029,-0.003,-5.75,-0.59,92.33
15,-1.025,-8.006,4.70,-11.466,155.685,-11.576,155.829,-1.618,0.033,-0.030,-0.003,-5.76,-0.59,92.33
15,-1.025,-8.006,4.75,-11.466,155.685,-11.575,155.829,-1.618,0.033,-0.030,-0.003,-5.77,-0.60,92.33
15,-1.025,-8.006,4.80,-11.466,155.685,-11.575,155.827,-1.618,0.033,-0.031,-0.003,-5.78,-0.60,92.33
15,-1.025,-8.006,4.85,-11.466,155.685,-11.575,155.826,-1.618,0.033,-0.031,-0.003,-5.79,-0.60,92.33
15,-1.025,-8.006,4.90,-11.466,155.685,-11.574,155.823,-1.618,0.033,-0.032,-0.003,-5.80,-0.61,92.33
15,-1.025,-8.006,4.95,-11.466,155.685,-11.574,155.822,-1.618,0.034,-0.033,-0.003,-5.81,-0.62,92.33
15,-1.025,-8.006,5.00,-11.466,155.685,-11.573,155.818,-1.617,0.034,-0.034,-0.003,-5.81,-0.62,92.33
15,-1.025,-8.006,5.05,-11.466,155.685,-11.572,155.817,-1.617,0.035,-0.035,-0.003,-5.81,-0.63,92.34
15,-1.025,-8.006,5.10,-11.466,155.685,-11.571,155.813,-1.617,0.036,-0.036,-0.003,-5.81,-0.65,92.34
15,-1.025,-8.006,5.15,-11.466,155.685,-11.570,155.812,-1.617,0.036,-0.037,-0.003,-5.81,-0.66,92.34
15,-1.025,-8.006,5.20,-11.466,155.685,-11.568,155.808,-1.616,0.038,-0.038,-0.004,-5.81,-0.68,92.34
15,-1.025,-8.006,5.25,-11.466,155.685,-11.567,155.806,-1.616,0.038,-0.038,-0.004,-5.80,-0.70,92.34
15,-1.025,-8.006,5.30,-11.466,155.685,-11.564,155.803,-1.617,0.039,-0.038,-0.004,-5.79,-0.72,92.35
15,-1.025,-8.006,5.35,-11.466,155.685,-11.563,155.801,-1.617,0.040,-0.038,-0.004,-5.78,-0.74,92.35
15,-1.025,-8.006,5.40,-11.466,155.685,-11.559,155.797,-1.617,0.041,-0.038,-0.004,-5.76,-0.76,92.34
15,-1.025,-8.006,5.45,-11.466,155.685,-11.558,155.795,-1.617,0.042,-0.038,-0.004,-5.75,-0.78,92.34
15,-1.025,-8.006,5.50,-11.466,155.685,-11.554,155.792,-1.617,0.043,-0.037,-0.004,-5.73,-0.80,92.34
15,-1.025,-8.006,5.55,-11.466,155.685,-11.552,155.790,-1.617,0.044,-0.037,-0.004,-5.71,-0.81,92.34
15,-1.025,-8.006,5.60,-11.466,155.685,-11.547,155.786,-1.617,0.045,-0.036,-0.003,-5.68,-0.83,92.34
15,-1.025,-8.006,5.65,-11.466,155.685,-11.544,155.784,-1.617,0.046,-0.036,-0.003,-5.65,-0.84,92.33
15,-1.025,-8.006,5.70,-11.466,155.685,-11.539,155.781,-1.617,0.047,-0.035,-0.003,-5.62,-0.86,92.33
15,-1.025,-8.006,5.75,-11.466,155.685,-11.537,155.779,-1.617,0.047,-0.035,-0.003,-5.59,-0.87,92.33
15,-1.025,-8.006,5.80,-11.466,155.685,-11.532,155.774,-1.618,0.047,-0.034,-0.003,-5.55,-0.89,92.33
15,-1.025,-8.006,5.85,-11.466,155.685,-11.530,155.772,-1.618,0.046,-0.034,-0.003,-5.52,-0.90,92.33
15,-1.025,-8.006,5.90,-11.466,155.685,-11.526,155.768,-1.619,0.045,-0.033,-0.003,-5.49,-0.92,92.33
15,-1.025,-8.006,5.95,-11.466,155.685,-11.524,155.766,-1.619,0.044,-0.032,-0.003,-5.46,-0.93,92.33
15,-1.025,-8.006,6.00,-11.466,155.685,-11.520,155.761,-1.620,0.041,-0.031,-0.002,-5.44,-0.95,92.33
15,-1.025,-8.006,6.05,-11.466,155.685,-11.518,155.759,-1.620,0.040,-0.031,-0.002,-5.43,-0.97,92.34
15,-1.025,-8.006,6.10,-11.466,155.685,-11.515,155.755,-1.621,0.037,-0.029,-0.002,-5.41,-0.99,92.34
15,-1.025,-8.006,6.15,-11.466,155.685,-11.513,155.754,-1.622,0.035,-0.028,-0.001,-5.41,-1.00,92.34
15,-1.025,-8.006,6.20,-11.466,155.685,-11.510,155.750,-1.622,0.031,-0.026,-0.000,-5.40,-1.02,92.34
15,-1.025,-8.006,6.25,-11.466,155.685,-11.509,155.749,-1.622,0.030,-0.024,0.000,-5.40,-1.03,92.34
15,-1.025,-8.006,6.30,-11.466,155.685,-11.508,155.746,-1.622,0.026,-0.022,0.001,-5.40,-1.03,92.34
15,-1.025,-8.006,6.35,-11.466,155.685,-11.507,155.745,-1.622,0.024,-0.020,0.001,-5.41,-1.04,92.34
15,-1.025,-8.006,6.40,-11.466,155.685,-11.506,155.744,-1.622,0.020,-0.016,0.002,-5.41,-1.04,92.34
15,-1.025,-8.006,6.45,-11.466,155.685,-11.506,155.743,-1.622,0.018,-0.014,0.002,-5.43,-1.03,92.34
15,-1.025,-8.006,6.50,-11.466,155.685,-11.506,155.743,-1.622,0.014,-0.011,0.002,-5.44,-1.02,92.34
15,-1.025,-8.006,6.55,-11.466,155.685,-11.507,155.743,-1.622,0.012,-0.009,0.001,-5.46,-1.01,92.34
15,-1.025,-8.006,6.60,-11.466,155.685,-11.507,155.742,-1.622,0.008,-0.005,0.001,-5.49,-0.99,92.34
15,-1.025,-8.006,6.65,-11.466,155.685,-11.508,155.743,-1.622,0.006,-0.003,0.001,-5.52,-0.96,92.34
15,-1.025,-8.006,6.70,-11.466,155.685,-11.509,155.743,-1.622,0.003,0.000,0.001,-5.55,-0.94,92.33
15,-1.025,-8.006,6.75,-11.466,155.685,-11.509,155.743,-1.622,0.002,0.001,0.001,-5.58,-0.91,92.33
15,-1.025,-8.006,6.80,-11.466,155.685,-11.510,155.744,-1.623,-0.000,0.004,0.000,-5.61,-0.88,92.33
15,-1.025,-8.006,6.85,-11.466,155.685,-11.510,155.745,-1.623,-0.001,0.005,0.000,-5.64,-0.85,92.32
15,-1.025,-8.006,6.90,-11.466,155.685,-11.511,155.746,-1.623,-0.002,0.007,0.000,-5.66,-0.82,92.32
15,-1.025,-8.006,6.95,-11.466,155.685,-11.511,155.747,-1.623,-0.002,0.008,0.000,-5.68,-0.79,92.32
15,-1.025,-8.006,7.00,-11.466,155.685,-11.511,155.748,-1.623,-0.002,0.009,0.001,-5.70,-0.77,92.31
15,-1.025,-8.006,7.05,-11.466,155.685,-11.511,155.749,-1.623,-0.001,0.010,0.001,-5.71,-0.74,92.30
15,-1.025,-8.006,7.10,-11.466,155.685,-11.511,155.750,-1.623,-0.001,0.011,0.001,-5.72,-0.71,92.30
15,-1.025,-8.006,7.15,-11.466,155.685,-11.511,155.751,-1.623,-0.000,0.011,0.001,-5.73,-0.69,92.29
15,-1.025,-8.006,7.20,-11.466,155.685,-11.511,155.753,-1.622,0.001,0.011,0.001,-5.73,-0.66,92.29
15,-1.025,-8.006,7.25,-11.466,155.685,-11.510,155.754,-1.622,0.002,0.011,0.001,-5.73,-0.64,92.28
15,-1.025,-8.006,7.30,-11.466,155.685,-11.510,155.756,-1.621,0.003,0.011,0.001,-5.72,-0.62,92.28
15,-1.025,-8.006,7.35,-11.466,155.685,-11.509,155.757,-1.621,0.004,0.011,0.001,-5.72,-0.60,92.27
15,-1.025,-8.006,7.40,-11.466,155.685,-11.508,155.759,-1.620,0.005,0.010,0.001,-5.71,-0.58,92.27
15,-1.025,-8.006,7.45,-11.466,155.685,-11.508,155.760,-1.620,0.006,0.009,0.000,-5.70,-0.56,92.27
15,-1.025,-8.006,7.50,-11.466,155.685,-11.507,155.761,-1.620,0.007,0.008,-0.000,-5.69,-0.54,92.27
15,-1.025,-8.006,7.55,-11.466,155.685,-11.506,155.761,-1.619,0.008,0.007,-0.001,-5.67,-0.53,92.28
15,-1.025,-8.006,7.60,-11.466,155.685,-11.505,155.763,-1.619,0.008,0.004,-0.001,-5.66,-0.52,92.28
15,-1.025,-8.006,7.65,-11.466,155.685,-11.505,155.763,-1.619,0.009,0.003,-0.001,-5.65,-0.52,92.29
15,-1.025,-8.006,7.70,-11.466,155.685,-11.504,155.763,-1.619,0.009,0.001,-0.001,-5.64,-0.51,92.30
15,-1.025,-8.006,7.75,-11.466,155.685,-11.503,155.764,-1.619,0.009,0.000,-0.001,-5.63,-0.51,92.30
15,-1.025,-8.006,7.80,-11.466,155.685,-11.502,155.764,-1.618,0.009,-0.002,-0.002,-5.62,-0.51,92.31
15,-1.025,-8.006,7.85,-11.466,155.685,-11.502,155.764,-1.618,0.009,-0.003,-0.002,-5.61,-0.51,92.32
15,-1.025,-8.006,7.90,-11.466,155.685,-11.502,155.765,-1.617,0.008,-0.005,-0.002,-5.61,-0.51,92.32
15,-1.025,-8.006,7.95,-11.466,155.685,-11.502,155.765,-1.617,0.008,-0.006,-0.002,-5.61,-0.51,92.33
16,5.286,-0.901,0.00,-11.466,155.685,-11.431,155.907,-1.617,0.146,0.308,-0.002,-4.57,2.70,92.30
16,5.286,-0.901,0.05,-11.466,155.685,-11.419,155.929,-1.617,0.163,0.313,-0.002,-4.39,3.03,92.29
16,5.286,-0.901,0.10,-11.466,155.685,-11.411,155.943,-1.617,0.174,0.315,-0.002,-4.20,3.32,92.28
16,5.286,-0.901,0.15,-11.466,155.685,-11.397,155.965,-1.617,0.191,0.313,-0.003,-3.98,3.61,92.27
16,5.286,-0.901,0.20,-11.466,155.685,-11.389,155.976,-1.617,0.198,0.311,-0.003,-3.77,3.87,92.26
16,5.286,-0.901,0.25,-11.466,155.685,-11.374,155.997,-1.617,0.213,0.305,-0.003,-3.53,4.13,92.25
16,5.286,-0.901,0.30,-11.466,155.685,-11.364,156.010,-1.617,0.220,0.299,-0.003,-3.30,4.35,92.24
16,5.286,-0.901,0.35,-11.466,155.685,-11.347,156.029,-1.616,0.231,0.287,-0.004,-3.04,4.56,92.24
16,5.286,-0.901,0.40,-11.466,155.685,-11.339,156.039,-1.616,0.235,0.280,-0.004,-2.81,4.74,92.24
16,5.286,-0.901,0.45,-11.466,155.685,-11.322,156.056,-1.616,0.242,0.265,-0.004,-2.56,4.91,92.24
16,5.286,-0.901,0.50,-11.466,155.685,-11.311,156.067,-1.616,0.245,0.254,-0.004,-2.33,5.05,92.25
16,5.286,-0.901,0.55,-11.466,155.685,-11.293,156.081,-1.615,0.249,0.235,-0.004,-2.09,5.18,92.25
16,5.286,-0.901,0.60,-11.466,155.685,-11.284,156.088,-1.615,0.249,0.224,-0.004,-1.88,5.27,92.25
16,5.286,-0.901,0.65,-11.466,155.685,-11.267,156.100,-1.615,0.249,0.203,-0.004,-1.65,5.36,92.26
16,5.286,-0.901,0.70,-11.466,155.685,-11.256,156.106,-1.614,0.248,0.188,-0.004,-1.46,5.42,92.26
16,5.286,-0.901,0.75,-11.466,155.685,-11.239,156.115,-1.614,0.245,0.165,-0.005,-1.26,5.46,92.26
16,5.286,-0.901,0.80,-11.466,155.685,-11.231,156.119,-1.614,0.242,0.153,-0.005,-1.08,5.48,92.26
16,5.286,-0.901,0.85,-11.466,155.685,-11.215,156.125,-1.614,0.235,0.129,-0.005,-0.90,5.49,92.27
16,5.286,-0.901,0.90,-11.466,155.685,-11.206,156.128,-1.614,0.230,0.115,-0.005,-0.75,5.48,92.27
16,5.286,-0.901,0.95,-11.466,155.685,-11.199,156.130,-1.615,0.225,0.103,-0.005,-0.63,5.46,92.27
16,5.286,-0.901,1.00,-11.466,155.685,-11.186,156.133,-1.616,0.214,0.080,-0.005,-0.48,5.41,92.28
16,5.286,-0.901,1.05,-11.466,155.685,-11.179,156.134,-1.616,0.208,0.069,-0.004,-0.38,5.37,92.28
16,5.286,-0.901,1.10,-11.466,155.685,-11.167,156.135,-1.618,0.193,0.044,-0.003,-0.26,5.31,92.29
16,5.286,-0.901,1.15,-11.466,155.685,-11.157,156.135,-1.619,0.179,0.024,-0.002,-0.17,5.24,92.29
16,5.286,-0.901,1.20,-11.466,155.685,-11.152,156.135,-1.619,0.172,0.014,-0.001,-0.11,5.18,92.30
16,5.286,-0.901,1.25,-11.466,155.685,-11.148,156.134,-1.619,0.164,0.005,-0.001,-0.06,5.12,92.30
16,5.286,-0.901,1.30,-11.466,155.685,-11.140,156.131,-1.620,0.147,-0.015,0.001,-0.01,5.03,92.30
16,5.286,-0.901,1.35,-11.466,155.685,-11.134,156.128,-1.621,0.132,-0.031,0.002,0.02,4.95,92.30
16,5.286,-0.901,1.40,-11.466,155.685,-11.131,156.126,-1.621,0.124,-0.039,0.003,0.04,4.87,92.29
16,5.286,-0.901,1.45,-11.466,155.685,-11.129,156.123,-1.621,0.116,-0.046,0.003,0.05,4.81,92.29
16,5.286,-0.901,1.50,-11.466,155.685,-11.124,156.118,-1.622,0.100,-0.061,0.005,0.06,4.72,92.28
16,5.286,-0.901,1.55,-11.466,155.685,-11.120,156.111,-1.621,0.085,-0.074,0.005,0.05,4.65,92.28
16,5.286,-0.901,1.60,-11.466,155.685,-11.118,156.108,-1.621,0.078,-0.079,0.006,0.04,4.56,92.27
16,5.286,-0.901,1.65,-11.466,155.685,-11.117,156.105,-1.621,0.072,-0.085,0.006,0.03,4.50,92.27
16,5.286,-0.901,1.70,-11.466,155.685,-11.115,156.096,-1.621,0.057,-0.096,0.006,0.01,4.41,92.27
16,5.286,-0.901,1.75,-11.466,155.685,-11.113,156.088,-1.621,0.044,-0.105,0.006,-0.01,4.32,92.27
16,5.286,-0.901,1.80,-11.466,155.685,-11.113,156.083,-1.621,0.038,-0.109,0.006,-0.03,4.25,92.26
16,5.286,-0.901,1.85,-11.466,155.685,-11.112,156.075,-1.621,0.027,-0.116,0.006,-0.05,4.17,92.26
16,5.286,-0.901,1.90,-11.466,155.685,-11.112,156.069,-1.621,0.020,-0.119,0.006,-0.07,4.10,92.27
16,5.286,-0.901,1.95,-11.466,155.685,-11.112,156.060,-1.621,0.010,-0.124,0.006,-0.10,4.02,92.27
16,5.286,-0.901,2.00,-11.466,155.685,-11.112,156.056,-1.620,0.005,-0.126,0.006,-0.12,3.95,92.27
16,5.286,-0.901,2.05,-11.466,155.685,-11.112,156.051,-1.620,0.001,-0.128,0.006,-0.14,3.90,92.28
16,5.286,-0.901,2.10,-11.466,155.685,-11.113,156.042,-1.619,-0.009,-0.130,0.006,-0.17,3.82,92.28
16,5.286,-0.901,2.15,-11.466,155.685,-11.114,156.037,-1.619,-0.013,-0.131,0.006,-0.19,3.77,92.28
16,5.286,-0.901,2.20,-11.466,155.685,-11.115,156.029,-1.618,-0.020,-0.131,0.005,-0.22,3.71,92.29
16,5.286,-0.901,2.25,-11.466,155.685,-11.117,156.021,-1.617,-0.027,-0.131,0.005,-0.23,3.66,92.29
16,5.286,-0.901,2.30,-11.466,155.685,-11.118,156.016,-1.616,-0.031,-0.130,0.004,-0.25,3.62,92.29
16,5.286,-0.901,2.35,-11.466,155.685,-11.119,156.012,-1.616,-0.034,-0.130,0.003,-0.27,3.59,92.30
16,5.286,-0.901,2.40,-11.466,155.685,-11.121,156.005,-1.615,-0.039,-0.128,0.002,-0.28,3.56,92.30
16,5.286,-0.901,2.45,-11.466,155.685,-11.124,155.998,-1.614,-0.044,-0.125,0.001,-0.30,3.53,92.30
16,5.286,-0.901,2.50,-11.466,155.685,-11.126,155.993,-1.614,-0.048,-0.124,0.001,-0.31,3.51,92.30
16,5.286,-0.901,2.55,-11.466,155.685,-11.127,155.990,-1.614,-0.050,-0.122,0.000,-0.32,3.49,92.31
16,5.286,-0.901,2.60,-11.466,155.685,-11.130,155.984,-1.613,-0.054,-0.119,-0.001,-0.34,3.48,92.31
16,5.286,-0.901,2.65,-11.466,155.685,-11.132,155.978,-1.612,-0.057,-0.115,-0.002,-0.35,3.47,92.31
16,5.286,-0.901,2.70,-11.466,155.685,-11.134,155.974,-1.612,-0.059,-0.113,-0.002,-0.37,3.46,92.32
16,5.286,-0.901,2.75,-11.466,155.685,-11.135,155.972,-1.612,-0.060,-0.111,-0.003,-0.37,3.46,92.32
16,5.286,-0.901,2.80,-11.466,155.685,-11.138,155.967,-1.611,-0.063,-0.107,-0.004,-0.38,3.46,92.32
16,5.286,-0.901,2.85,-11.466,155.685,-11.139,155.965,-1.610,-0.064,-0.105,-0.004,-0.39,3.47,92.32
16,5.286,-0.901,2.90,-11.466,155.685,-11.143,155.960,-1.610,-0.067,-0.101,-0.005,-0.39,3.48,92.32
16,5.286,-0.901,2.95,-11.466,155.685,-11.144,155.958,-1.609,-0.068,-0.099,-0.006,-0.39,3.49,92.32
16,5.286,-0.901,3.00,-11.466,155.685,-11.148,155.954,-1.609,-0.070,-0.095,-0.007,-0.39,3.51,92.31
16,5.286,-0.901,3.05,-11.466,155.685,-11.152,155.950,-1.609,-0.072,-0.092,-0.007,-0.39,3.52,92.31
16,5.286,-0.901,3.10,-11.466,155.685,-11.154,155.947,-1.608,-0.074,-0.090,-0.008,-0.40,3.53,92.31
16,5.286,-0.901,3.15,-11.466,155.685,-11.156,155.945,-1.608,-0.075,-0.089,-0.008,-0.40,3.54,92.31
16,5.286,-0.901,3.20,-11.466,155.685,-11.160,155.942,-1.608,-0.077,-0.087,-0.009,-0.41,3.56,92.31
16,5.286,-0.901,3.25,-11.466,155.685,-11.165,155.938,-1.607,-0.079,-0.085,-0.009,-0.42,3.57,92.31
16,5.286,-0.901,3.30,-11.466,155.685,-11.168,155.935,-1.607,-0.081,-0.083,-0.010,-0.44,3.58,92.30
16,5.286,-0.901,3.35,-11.466,155.685,-11.173,155.931,-1.606,-0.082,-0.082,-0.010,-0.45,3.59,92.30
16,5.286,-0.901,3.40,-11.466,155.685,-11.175,155.929,-1.605,-0.083,-0.081,-0.011,-0.47,3.60,92.30
16,5.286,-0.901,3.45,-11.466,155.685,-11.178,155.927,-1.605,-0.083,-0.080,-0.011,-0.48,3.61,92.31
16,5.286,-0.901,3.50,-11.466,155.685,-11.183,155.922,-1.604,-0.084,-0.079,-0.012,-0.50,3.61,92.31
16,5.286,-0.901,3.55,-11.466,155.685,-11.185,155.920,-1.604,-0.085,-0.079,-0.013,-0.52,3.61,92.31
16,5.286,-0.901,3.60,-11.466,155.685,-11.190,155.915,-1.604,-0.085,-0.078,-0.014,-0.53,3.61,92.32
16,5.286,-0.901,3.65,-11.466,155.685,-11.192,155.913,-1.604,-0.085,-0.077,-0.014,-0.55,3.61,92.32
16,5.286,-0.901,3.70,-11.466,155.685,-11.197,155.908,-1.604,-0.084,-0.076,-0.015,-0.56,3.60,92.33
16,5.286,-0.901,3.75,-11.466,155.685,-11.199,155.905,-1.605,-0.083,-0.075,-0.015,-0.57,3.59,92.33
16,5.286,-0.901,3.80,-11.466,155.685,-11.202,155.901,-1.605,-0.082,-0.074,-0.015,-0.58,3.58,92.33
16,5.286,-0.901,3.85,-11.466,155.685,-11.204,155.899,-1.606,-0.081,-0.073,-0.015,-0.58,3.58,92.33
16,5.286,-0.901,3.90,-11.466,155.685,-11.208,155.894,-1.606,-0.080,-0.072,-0.014,-0.58,3.57,92.33
16,5.286,-0.901,3.95,-11.466,155.685,-11.210,155.892,-1.607,-0.079,-0.071,-0.014,-0.58,3.56,92.33
16,5.286,-0.901,4.00,-11.466,155.685,-11.213,155.888,-1.607,-0.078,-0.069,-0.013,-0.58,3.56,92.33
16,5.286,-0.901,4.05,-11.466,155.685,-11.217,155.884,-1.607,-0.077,-0.067,-0.013,-0.57,3.55,92.33
16,5.286,-0.901,4.10,-11.466,155.685,-11.219,155.882,-1.607,-0.076,-0.066,-0.012,-0.56,3.55,92.33
16,5.286,-0.901,4.15,-11.466,155.685,-11.220,155.880,-1.607,-0.076,-0.065,-0.012,-0.56,3.55,92.33
16,5.286,-0.901,4.20,-11.466,155.685,-11.224,155.877,-1.607,-0.075,-0.063,-0.012,-0.55,3.55,92.33
16,5.286,-0.901,4.25,-11.466,155.685,-11.226,155.875,-1.607,-0.074,-0.062,-0.012,-0.55,3.55,92.33
16,5.286,-0.901,4.30,-11.466,155.685,-11.230,155.871,-1.606,-0.073,-0.060,-0.012,-0.55,3.55,92.32
16,5.286,-0.901,4.35,-11.466,155.685,-11.231,155.870,-1.606,-0.073,-0.060,-0.012,-0.55,3.55,92.32
16,5.286,-0.901,4.40,-11.466,155.685,-11.235,155.867,-1.606,-0.072,-0.058,-0.012,-0.55,3.55,92.32
16,5.286,-0.901,4.45,-11.466,155.685,-11.236,155.865,-1.606,-0.071,-0.057,-0.012,-0.54,3.55,92.32
16,5.286,-0.901,4.50,-11.466,155.685,-11.240,155.862,-1.606,-0.070,-0.055,-0.013,-0.54,3.55,92.32
16,5.286,-0.901,4.55,-11.466,155.685,-11.242,155.860,-1.606,-0.070,-0.055,-0.013,-0.54,3.56,92.32
16,5.286,-0.901,4.60,-11.466,155.685,-11.245,155.856,-1.606,-0.069,-0.054,-0.014,-0.54,3.56,92.32
16,5.286,-0.901,4.65,-11.466,155.685,-11.249,155.852,-1.607,-0.068,-0.053,-0.014,-0.54,3.56,92.32
16,5.286,-0.901,4.70,-11.466,155.685,-11.251,155.850,-1.608,-0.068,-0.053,-0.014,-0.54,3.55,92.32
16,5.286,-0.901,4.75,-11.466,155.685,-11.253,155.847,-1.608,-0.068,-0.053,-0.014,-0.54,3.55,92.32
16,5.286,-0.901,4.80,-11.466,155.685,-11.256,155.843,-1.609,-0.067,-0.052,-0.013,-0.54,3.54,92.32
16,5.286,-0.901,4.85,-11.466,155.685,-11.258,155.841,-1.610,-0.066,-0.052,-0.013,-0.55,3.53,92.32
16,5.286,-0.901,4.90,-11.466,155.685,-11.262,155.837,-1.612,-0.066,-0.051,-0.012,-0.55,3.52,92.32
16,5.286,-0.901,4.95,-11.466,155.685,-11.264,155.834,-1.613,-0.065,-0.050,-0.011,-0.55,3.51,92.32
16,5.286,-0.901,5.00,-11.466,155.685,-11.268,155.830,-1.614,-0.065,-0.049,-0.010,-0.56,3.49,92.32
16,5.286,-0.901,5.05,-11.466,155.685,-11.270,155.828,-1.614,-0.064,-0.049,-0.010,-0.56,3.48,92.32
16,5.286,-0.901,5.10,-11.466,155.685,-11.273,155.824,-1.615,-0.063,-0.047,-0.008,-0.57,3.47,92.32
16,5.286,-0.901,5.15,-11.466,155.685,-11.277,155.820,-1.615,-0.062,-0.046,-0.007,-0.58,3.46,92.32
16,5.286,-0.901,5.20,-11.466,155.685,-11.279,155.818,-1.615,-0.061,-0.045,-0.006,-0.58,3.45,92.32
16,5.286,-0.901,5.25,-11.466,155.685,-11.282,155.814,-1.615,-0.060,-0.043,-0.006,-0.59,3.44,92.32
16,5.286,-0.901,5.30,-11.466,155.685,-11.284,155.812,-1.616,-0.059,-0.042,-0.005,-0.59,3.43,92.32
16,5.286,-0.901,5.35,-11.466,155.685,-11.287,155.809,-1.616,-0.058,-0.040,-0.005,-0.59,3.42,92.32
16,5.286,-0.901,5.40,-11.466,155.685,-11.289,155.807,-1.616,-0.058,-0.039,-0.004,-0.59,3.42,92.32
16,5.286,-0.901,5.45,-11.466,155.685,-11.290,155.806,-1.617,-0.057,-0.038,-0.004,-0.59,3.41,92.32
16,5.286,-0.901,5.50,-11.466,155.685,-11.294,155.803,-1.617,-0.056,-0.035,-0.004,-0.60,3.41,92.32
16,5.286,-0.901,5.55,-11.466,155.685,-11.297,155.801,-1.618,-0.055,-0.032,-0.004,-0.60,3.41,92.32
16,5.286,-0.901,5.60,-11.466,155.685,-11.299,155.801,-1.618,-0.054,-0.030,-0.004,-0.60,3.42,92.32
16,5.286,-0.901,5.65,-11.466,155.685,-11.301,155.800,-1.618,-0.054,-0.028,-0.003,-0.60,3.43,92.32
16,5.286,-0.901,5.70,-11.466,155.685,-11.304,155.799,-1.619,-0.052,-0.025,-0.003,-0.61,3.44,92.32
16,5.286,-0.901,5.75,-11.466,155.685,-11.306,155.798,-1.619,-0.051,-0.021,-0.002,-0.61,3.46,92.33
16,5.286,-0.901,5.80,-11.466,155.685,-11.308,155.798,-1.619,-0.050,-0.020,-0.002,-0.61,3.48,92.33
16,5.286,-0.901,5.85,-11.466,155.685,-11.309,155.798,-1.619,-0.050,-0.019,-0.002,-0.61,3.50,92.33
16,5.286,-0.901,5.90,-11.466,155.685,-11.312,155.797,-1.620,-0.049,-0.017,-0.002,-0.61,3.52,92.33
16,5.286,-0.901,5.95,-11.466,155.685,-11.315,155.796,-1.620,-0.048,-0.015,-0.001,-0.60,3.55,92.33
16,5.286,-0.901,6.00,-11.466,155.685,-11.317,155.796,-1.620,-0.047,-0.015,-0.001,-0.60,3.57,92.34
16,5.286,-0.901,6.05,-11.466,155.685,-11.318,155.795,-1.620,-0.047,-0.015,-0.001,-0.60,3.58,92.34
16,5.286,-0.901,6.10,-11.466,155.685,-11.322,155.794,-1.619,-0.046,-0.014,-0.001,-0.61,3.60,92.34
16,5.286,-0.901,6.15,-11.466,155.685,-11.323,155.793,-1.619,-0.045,-0.014,-0.001,-0.61,3.61,92.34
16,5.286,-0.901,6.20,-11.466,155.685,-11.326,155.791,-1.619,-0.044,-0.015,-0.001,-0.61,3.62,92.33
16,5.286,-0.901,6.25,-11.466,155.685,-11.328,155.790,-1.619,-0.044,-0.015,-0.001,-0.61,3.62,92.33
16,5.286,-0.901,6.30,-11.466,155.685,-11.331,155.787,-1.618,-0.043,-0.017,-0.001,-0.62,3.62,92.33
16,5.286,-0.901,6.35,-11.466,155.685,-11.334,155.785,-1.618,-0.042,-0.018,-0.001,-0.62,3.61,92.32
16,5.286,-0.901,6.40,-11.466,155.685,-11.336,155.783,-1.618,-0.041,-0.018,-0.001,-0.63,3.60,92.32
16,5.286,-0.901,6.45,-11.466,155.685,-11.337,155.782,-1.618,-0.041,-0.018,-0.002,-0.63,3.59,92.32
16,5.286,-0.901,6.50,-11.466,155.685,-11.340,155.779,-1.618,-0.040,-0.019,-0.002,-0.64,3.58,92.32
16,5.286,-0.901,6.55,-11.466,155.685,-11.342,155.778,-1.618,-0.039,-0.019,-0.002,-0.64,3.57,92.32
16,5.286,-0.901,6.60,-11.466,155.685,-11.344,155.775,-1.618,-0.038,-0.019,-0.002,-0.65,3.55,92.32
16,5.286,-0.901,6.65,-11.466,155.685,-11.347,155.773,-1.619,-0.037,-0.019,-0.003,-0.65,3.54,92.32
16,5.286,-0.901,6.70,-11.466,155.685,-11.348,155.771,-1.620,-0.036,-0.018,-0.003,-0.65,3.53,92.32
16,5.286,-0.901,6.75,-11.466,155.685,-11.349,155.771,-1.620,-0.036,-0.018,-0.003,-0.66,3.52,92.32
16,5.286,-0.901,6.80,-11.466,155.685,-11.352,155.769,-1.621,-0.034,-0.017,-0.002,-0.66,3.51,92.33
16,5.286,-0.901,6.85,-11.466,155.685,-11.354,155.767,-1.622,-0.033,-0.016,-0.001,-0.66,3.51,92.33
16,5.286,-0.901,6.90,-11.466,155.685,-11.355,155.766,-1.623,-0.033,-0.015,-0.001,-0.66,3.50,92.33
16,5.286,-0.901,6.95,-11.466,155.685,-11.357,155.765,-1.624,-0.031,-0.013,0.000,-0.66,3.50,92.33
16,5.286,-0.901,7.00,-11.466,155.685,-11.358,155.765,-1.625,-0.030,-0.012,0.000,-0.66,3.50,92.33
16,5.286,-0.901,7.05,-11.466,155.685,-11.359,155.764,-1.626,-0.028,-0.011,0.002,-0.66,3.51,92.33
16,5.286,-0.901,7.10,-11.466,155.685,-11.359,155.764,-1.626,-0.027,-0.010,0.002,-0.66,3.52,92.33
16,5.286,-0.901,7.15,-11.466,155.685,-11.360,155.764,-1.627,-0.026,-0.009,0.004,-0.65,3.52,92.33
16,5.286,-0.901,7.20,-11.466,155.685,-11.361,155.763,-1.627,-0.025,-0.008,0.004,-0.64,3.54,92.33
16,5.286,-0.901,7.25,-11.466,155.685,-11.362,155.763,-1.627,-0.024,-0.007,0.005,-0.63,3.54,92.33
16,5.286,-0.901,7.30,-11.466,155.685,-11.363,155.763,-1.626,-0.023,-0.006,0.006,-0.62,3.56,92.33
16,5.286,-0.901,7.35,-11.466,155.685,-11.364,155.763,-1.626,-0.022,-0.006,0.006,-0.60,3.57,92.33
16,5.286,-0.901,7.40,-11.466,155.685,-11.365,155.762,-1.626,-0.021,-0.005,0.006,-0.59,3.58,92.33
16,5.286,-0.901,7.45,-11.466,155.685,-11.365,155.762,-1.626,-0.021,-0.005,0.006,-0.58,3.59,92.33
16,5.286,-0.901,7.50,-11.466,155.685,-11.367,155.761,-1.625,-0.021,-0.005,0.006,-0.57,3.60,92.33
16,5.286,-0.901,7.55,-11.466,155.685,-11.368,155.761,-1.625,-0.021,-0.006,0.005,-0.57,3.61,92.32
16,5.286,-0.901,7.60,-11.466,155.685,-11.369,155.761,-1.625,-0.021,-0.006,0.005,-0.56,3.61,92.32
16,5.286,-0.901,7.65,-11.466,155.685,-11.370,155.760,-1.625,-0.020,-0.006,0.004,-0.56,3.62,92.32
16,5.286,-0.901,7.70,-11.466,155.685,-11.371,155.759,-1.625,-0.020,-0.007,0.004,-0.56,3.62,92.32
16,5.286,-0.901,7.75,-11.466,155.685,-11.373,155.759,-1.625,-0.021,-0.007,0.004,-0.56,3.62,92.32
16,5.286,-0.901,7.80,-11.466,155.685,-11.374,155.759,-1.626,-0.021,-0.007,0.004,-0.56,3.62,92.33
16,5.286,-0.901,7.85,-11.466,155.685,-11.376,155.759,-1.626,-0.022,-0.006,0.004,-0.56,3.62,92.33
16,5.286,-0.901,7.90,-11.466,155.685,-11.377,155.759,-1.626,-0.022,-0.006,0.004,-0.57,3.62,92.34
16,5.286,-0.901,7.95,-11.466,155.685,-11.380,155.760,-1.626,-0.023,-0.006,0.004,-0.57,3.63,92.34
17,-3.585,-1.216,0.00,-11.466,155.685,-11.552,155.562,-1.621,-0.231,-0.320,-0.005,-3.62,0.83,92.40
17,-3.585,-1.216,0.05,-11.466,155.685,-11.561,155.548,-1.622,-0.225,-0.330,-0.005,-3.85,0.48,92.42
17,-3.585,-1.216,0.10,-11.466,155.685,-11.575,155.524,-1.623,-0.213,-0.344,-0.005,-4.03,0.15,92.43
17,-3.585,-1.216,0.15,-11.466,155.685,-11.582,155.511,-1.623,-0.206,-0.350,-0.005,-4.20,-0.21,92.45
17,-3.585,-1.216,0.20,-11.466,155.685,-11.594,155.486,-1.625,-0.189,-0.359,-0.004,-4.33,-0.53,92.46
17,-3.585,-1.216,0.25,-11.466,155.685,-11.602,155.470,-1.625,-0.177,-0.363,-0.004,-4.45,-0.88,92.47
17,-3.585,-1.216,0.30,-11.466,155.685,-11.613,155.445,-1.626,-0.156,-0.366,-0.003,-4.52,-1.19,92.47
17,-3.585,-1.216,0.35,-11.466,155.685,-11.617,155.432,-1.626,-0.145,-0.366,-0.002,-4.58,-1.52,92.48
17,-3.585,-1.216,0.40,-11.466,155.685,-11.625,155.407,-1.627,-0.122,-0.364,-0.001,-4.61,-1.81,92.48
17,-3.585,-1.216,0.45,-11.466,155.685,-11.629,155.392,-1.628,-0.106,-0.361,-0.001,-4.61,-2.11,92.48
17,-3.585,-1.216,0.50,-11.466,155.685,-11.635,155.368,-1.628,-0.081,-0.353,-0.000,-4.60,-2.38,92.48
17,-3.585,-1.216,0.55,-11.466,155.685,-11.636,155.356,-1.629,-0.068,-0.348,0.000,-4.55,-2.64,92.48
17,-3.585,-1.216,0.60,-11.466,155.685,-11.639,155.333,-1.629,-0.043,-0.336,0.001,-4.50,-2.87,92.48
17,-3.585,-1.216,0.65,-11.466,155.685,-11.639,155.320,-1.629,-0.027,-0.327,0.002,-4.41,-3.10,92.47
17,-3.585,-1.216,0.70,-11.466,155.685,-11.638,155.299,-1.630,-0.002,-0.311,0.003,-4.31,-3.29,92.47
17,-3.585,-1.216,0.75,-11.466,155.685,-11.637,155.289,-1.630,0.010,-0.302,0.003,-4.20,-3.48,92.46
17,-3.585,-1.216,0.80,-11.466,155.685,-11.634,155.271,-1.630,0.034,-0.283,0.004,-4.07,-3.64,92.46
17,-3.585,-1.216,0.85,-11.466,155.685,-11.631,155.261,-1.630,0.048,-0.269,0.005,-3.93,-3.79,92.45
17,-3.585,-1.216,0.90,-11.466,155.685,-11.625,155.245,-1.630,0.069,-0.247,0.005,-3.78,-3.91,92.44
17,-3.585,-1.216,0.95,-11.466,155.685,-11.622,155.238,-1.631,0.079,-0.236,0.006,-3.62,-4.02,92.43
17,-3.585,-1.216,1.00,-11.466,155.685,-11.615,155.225,-1.631,0.098,-0.213,0.007,-3.46,-4.10,92.42
17,-3.585,-1.216,1.05,-11.466,155.685,-11.609,155.217,-1.632,0.109,-0.198,0.007,-3.28,-4.17,92.40
17,-3.585,-1.216,1.10,-11.466,155.685,-11.600,155.207,-1.632,0.124,-0.173,0.008,-3.12,-4.22,92.40
17,-3.585,-1.216,1.15,-11.466,155.685,-11.594,155.203,-1.633,0.131,-0.161,0.009,-2.94,-4.25,92.39
17,-3.585,-1.216,1.20,-11.466,155.685,-11.584,155.195,-1.633,0.144,-0.136,0.010,-2.78,-4.27,92.39
17,-3.585,-1.216,1.25,-11.466,155.685,-11.576,155.192,-1.633,0.151,-0.121,0.010,-2.60,-4.28,92.38
17,-3.585,-1.216,1.30,-11.466,155.685,-11.564,155.187,-1.633,0.160,-0.097,0.011,-2.44,-4.27,92.39
17,-3.585,-1.216,1.35,-11.466,155.685,-11.558,155.186,-1.633,0.164,-0.085,0.012,-2.30,-4.26,92.39
17,-3.585,-1.216,1.40,-11.466,155.685,-11.546,155.184,-1.632,0.170,-0.061,0.012,-2.11,-4.22,92.40
17,-3.585,-1.216,1.45,-11.466,155.685,-11.538,155.184,-1.632,0.172,-0.046,0.013,-1.94,-4.18,92.42
17,-3.585,-1.216,1.50,-11.466,155.685,-11.526,155.185,-1.631,0.174,-0.024,0.013,-1.80,-4.12,92.43
17,-3.585,-1.216,1.55,-11.466,155.685,-11.520,155.186,-1.631,0.175,-0.013,0.013,-1.65,-4.06,92.46
17,-3.585,-1.216,1.60,-11.466,155.685,-11.508,155.190,-1.630,0.174,0.007,0.013,-1.53,-3.99,92.48
17,-3.585,-1.216,1.65,-11.466,155.685,-11.501,155.192,-1.629,0.173,0.019,0.013,-1.40,-3.90,92.50
17,-3.585,-1.216,1.70,-11.466,155.685,-11.489,155.197,-1.628,0.169,0.037,0.012,-1.29,-3.82,92.52
17,-3.585,-1.216,1.75,-11.466,155.685,-11.484,155.200,-1.628,0.167,0.045,0.012,-1.19,-3.73,92.54
17,-3.585,-1.216,1.80,-11.466,155.685,-11.474,155.206,-1.627,0.163,0.060,0.011,-1.10,-3.64,92.55
17,-3.585,-1.216,1.85,-11.466,155.685,-11.467,155.210,-1.627,0.159,0.069,0.011,-1.02,-3.55,92.56
17,-3.585,-1.216,1.90,-11.466,155.685,-11.458,155.216,-1.626,0.153,0.081,0.010,-0.95,-3.47,92.56
17,-3.585,-1.216,1.95,-11.466,155.685,-11.453,155.219,-1.626,0.149,0.086,0.010,-0.88,-3.38,92.55
17,-3.585,-1.216,2.00,-11.466,155.685,-11.444,155.226,-1.625,0.142,0.095,0.009,-0.82,-3.30,92.54
17,-3.585,-1.216,2.05,-11.466,155.685,-11.439,155.230,-1.625,0.137,0.100,0.008,-0.76,-3.22,92.53
17,-3.585,-1.216,2.10,-11.466,155.685,-11.432,155.237,-1.626,0.129,0.107,0.008,-0.72,-3.16,92.51
17,-3.585,-1.216,2.15,-11.466,155.685,-11.428,155.241,-1.626,0.125,0.109,0.008,-0.67,-3.09,92.49
17,-3.585,-1.216,2.20,-11.466,155.685,-11.422,155.248,-1.626,0.116,0.114,0.008,-0.64,-3.04,92.48
17,-3.585,-1.216,2.25,-11.466,155.685,-11.418,155.253,-1.626,0.111,0.117,0.008,-0.61,-2.98,92.46
17,-3.585,-1.216,2.30,-11.466,155.685,-11.413,155.260,-1.627,0.102,0.120,0.008,-0.59,-2.94,92.44
17,-3.585,-1.216,2.35,-11.466,155.685,-11.411,155.264,-1.627,0.097,0.121,0.008,-0.57,-2.89,92.43
17,-3.585,-1.216,2.40,-11.466,155.685,-11.406,155.271,-1.627,0.088,0.124,0.008,-0.56,-2.85,92.41
17,-3.585,-1.216,2.45,-11.466,155.685,-11.404,155.276,-1.627,0.082,0.124,0.008,-0.56,-2.81,92.40
17,-3.585,-1.216,2.50,-11.466,155.685,-11.401,155.284,-1.627,0.074,0.125,0.009,-0.56,-2.78,92.40
17,-3.585,-1.216,2.55,-11.466,155.685,-11.400,155.288,-1.627,0.069,0.126,0.009,-0.56,-2.74,92.39
17,-3.585,-1.216,2.60,-11.466,155.685,-11.398,155.295,-1.627,0.061,0.126,0.009,-0.57,-2.72,92.39
17,-3.585,-1.216,2.65,-11.466,155.685,-11.397,155.299,-1.626,0.055,0.125,0.009,-0.59,-2.69,92.39
17,-3.585,-1.216,2.70,-11.466,155.685,-11.396,155.306,-1.627,0.047,0.125,0.009,-0.61,-2.66,92.39
17,-3.585,-1.216,2.75,-11.466,155.685,-11.396,155.310,-1.627,0.043,0.124,0.008,-0.63,-2.64,92.40
17,-3.585,-1.216,2.80,-11.466,155.685,-11.396,155.316,-1.627,0.035,0.122,0.008,-0.66,-2.62,92.41
17,-3.585,-1.216,2.85,-11.466,155.685,-11.396,155.320,-1.627,0.031,0.121,0.008,-0.69,-2.61,92.41
17,-3.585,-1.216,2.90,-11.466,155.685,-11.397,155.327,-1.627,0.024,0.119,0.008,-0.72,-2.60,92.42
17,-3.585,-1.216,2.95,-11.466,155.685,-11.397,155.330,-1.627,0.021,0.118,0.008,-0.75,-2.59,92.43
17,-3.585,-1.216,3.00,-11.466,155.685,-11.399,155.336,-1.627,0.016,0.116,0.009,-0.78,-2.58,92.44
17,-3.585,-1.216,3.05,-11.466,155.685,-11.399,155.340,-1.627,0.013,0.114,0.009,-0.82,-2.58,92.44
17,-3.585,-1.216,3.10,-11.466,155.685,-11.401,155.346,-1.627,0.008,0.112,0.008,-0.85,-2.57,92.45
17,-3.585,-1.216,3.15,-11.466,155.685,-11.401,155.349,-1.627,0.006,0.112,0.008,-0.88,-2.57,92.45
17,-3.585,-1.216,3.20,-11.466,155.685,-11.403,155.356,-1.626,0.003,0.110,0.008,-0.91,-2.56,92.44
17,-3.585,-1.216,3.25,-11.466,155.685,-11.404,155.360,-1.626,0.001,0.109,0.008,-0.94,-2.55,92.44
17,-3.585,-1.216,3.30,-11.466,155.685,-11.406,155.367,-1.625,-0.002,0.108,0.007,-0.96,-2.55,92.43
17,-3.585,-1.216,3.35,-11.466,155.685,-11.407,155.371,-1.624,-0.003,0.107,0.007,-0.98,-2.54,92.42
17,-3.585,-1.216,3.40,-11.466,155.685,-11.409,155.378,-1.624,-0.004,0.106,0.007,-1.00,-2.52,92.41
17,-3.585,-1.216,3.45,-11.466,155.685,-11.410,155.382,-1.623,-0.005,0.105,0.006,-1.02,-2.50,92.39
17,-3.585,-1.216,3.50,-11.466,155.685,-11.411,155.388,-1.623,-0.006,0.103,0.005,-1.03,-2.49,92.38
17,-3.585,-1.216,3.55,-11.466,155.685,-11.412,155.391,-1.622,-0.006,0.101,0.005,-1.04,-2.48,92.37
17,-3.585,-1.216,3.60,-11.466,155.685,-11.413,155.397,-1.622,-0.006,0.099,0.004,-1.05,-2.47,92.36
17,-3.585,-1.216,3.65,-11.466,155.685,-11.414,155.401,-1.622,-0.006,0.097,0.004,-1.06,-2.46,92.35
17,-3.585,-1.216,3.70,-11.466,155.685,-11.415,155.406,-1.622,-0.006,0.094,0.003,-1.06,-2.45,92.34
17,-3.585,-1.216,3.75,-11.466,155.685,-11.415,155.409,-1.622,-0.005,0.093,0.003,-1.06,-2.44,92.33
17,-3.585,-1.216,3.80,-11.466,155.685,-11.415,155.414,-1.622,-0.004,0.090,0.003,-1.06,-2.44,92.32
17,-3.585,-1.216,3.85,-11.466,155.685,-11.415,155.417,-1.622,-0.004,0.088,0.003,-1.05,-2.44,92.32
17,-3.585,-1.216,3.90,-11.466,155.685,-11.414,155.422,-1.622,-0.002,0.085,0.002,-1.04,-2.44,92.32
17,-3.585,-1.216,3.95,-11.466,155.685,-11.414,155.425,-1.622,-0.002,0.083,0.003,-1.03,-2.44,92.31
17,-3.585,-1.216,4.00,-11.466,155.685,-11.413,155.429,-1.622,-0.001,0.080,0.002,-1.02,-2.45,92.31
17,-3.585,-1.216,4.05,-11.466,155.685,-11.413,155.432,-1.622,-0.001,0.078,0.002,-1.00,-2.45,92.31
17,-3.585,-1.216,4.10,-11.466,155.685,-11.412,155.436,-1.622,0.000,0.074,0.002,-0.98,-2.46,92.31
17,-3.585,-1.216,4.15,-11.466,155.685,-11.411,155.438,-1.622,0.000,0.073,0.002,-0.97,-2.47,92.31
17,-3.585,-1.216,4.20,-11.466,155.685,-11.409,155.442,-1.622,0.001,0.069,0.002,-0.95,-2.48,92.32
17,-3.585,-1.216,4.25,-11.466,155.685,-11.408,155.444,-1.622,0.002,0.067,0.002,-0.93,-2.49,92.32
17,-3.585,-1.216,4.30,-11.466,155.685,-11.407,155.447,-1.622,0.002,0.064,0.002,-0.91,-2.51,92.33
17,-3.585,-1.216,4.35,-11.466,155.685,-11.406,155.448,-1.622,0.002,0.063,0.002,-0.89,-2.52,92.33
17,-3.585,-1.216,4.40,-11.466,155.685,-11.405,155.451,-1.622,0.002,0.060,0.002,-0.87,-2.54,92.34
17,-3.585,-1.216,4.45,-11.466,155.685,-11.404,155.453,-1.621,0.001,0.058,0.002,-0.85,-2.55,92.34
17,-3.585,-1.216,4.50,-11.466,155.685,-11.402,155.455,-1.621,0.001,0.056,0.002,-0.83,-2.57,92.35
17,-3.585,-1.216,4.55,-11.466,155.685,-11.401,155.456,-1.620,0.001,0.055,0.002,-0.81,-2.59,92.35
17,-3.585,-1.216,4.60,-11.466,155.685,-11.399,155.459,-1.620,-0.000,0.053,0.001,-0.80,-2.61,92.35
17,-3.585,-1.216,4.65,-11.466,155.685,-11.398,155.461,-1.619,-0.001,0.052,0.001,-0.78,-2.62,92.36
17,-3.585,-1.216,4.70,-11.466,155.685,-11.397,155.464,-1.618,-0.002,0.051,0.000,-0.77,-2.64,92.36
17,-3.585,-1.216,4.75,-11.466,155.685,-11.396,155.466,-1.617,-0.002,0.051,-0.000,-0.75,-2.65,92.36
17,-3.585,-1.216,4.80,-11.466,155.685,-11.394,155.469,-1.616,-0.003,0.051,-0.001,-0.74,-2.66,92.36
17,-3.585,-1.216,4.85,-11.466,155.685,-11.392,155.472,-1.616,-0.004,0.051,-0.002,-0.73,-2.66,92.36
17,-3.585,-1.216,4.90,-11.466,155.685,-11.390,155.475,-1.615,-0.005,0.052,-0.003,-0.72,-2.66,92.36
17,-3.585,-1.216,4.95,-11.466,155.685,-11.389,155.477,-1.615,-0.005,0.052,-0.004,-0.70,-2.65,92.36
17,-3.585,-1.216,5.00,-11.466,155.685,-11.387,155.482,-1.616,-0.006,0.052,-0.005,-0.68,-2.64,92.36
17,-3.585,-1.216,5.05,-11.466,155.685,-11.386,155.484,-1.616,-0.007,0.052,-0.005,-0.67,-2.64,92.36
17,-3.585,-1.216,5.10,-11.466,155.685,-11.385,155.489,-1.617,-0.009,0.053,-0.006,-0.65,-2.62,92.35
17,-3.585,-1.216,5.15,-11.466,155.685,-11.384,155.492,-1.617,-0.010,0.053,-0.006,-0.64,-2.61,92.35
17,-3.585,-1.216,5.20,-11.466,155.685,-11.383,155.497,-1.618,-0.013,0.053,-0.005,-0.63,-2.60,92.35
17,-3.585,-1.216,5.25,-11.466,155.685,-11.383,155.500,-1.619,-0.015,0.053,-0.005,-0.62,-2.58,92.34
17,-3.585,-1.216,5.30,-11.466,155.685,-11.382,155.505,-1.620,-0.017,0.053,-0.004,-0.61,-2.56,92.33
17,-3.585,-1.216,5.35,-11.466,155.685,-11.382,155.508,-1.621,-0.019,0.053,-0.004,-0.61,-2.54,92.33
17,-3.585,-1.216,5.40,-11.466,155.685,-11.382,155.513,-1.622,-0.022,0.052,-0.003,-0.62,-2.52,92.33
17,-3.585,-1.216,5.45,-11.466,155.685,-11.383,155.516,-1.623,-0.024,0.051,-0.002,-0.62,-2.50,92.33
17,-3.585,-1.216,5.50,-11.466,155.685,-11.383,155.521,-1.624,-0.026,0.050,-0.000,-0.63,-2.48,92.32
17,-3.585,-1.216,5.55,-11.466,155.685,-11.383,155.523,-1.624,-0.027,0.049,0.001,-0.64,-2.46,92.32
17,-3.585,-1.216,5.60,-11.466,155.685,-11.384,155.527,-1.625,-0.030,0.048,0.002,-0.65,-2.44,92.32
17,-3.585,-1.216,5.65,-11.466,155.685,-11.385,155.530,-1.625,-0.031,0.046,0.003,-0.66,-2.43,92.32
17,-3.585,-1.216,5.70,-11.466,155.685,-11.386,155.534,-1.624,-0.033,0.044,0.004,-0.68,-2.42,92.32
17,-3.585,-1.216,5.75,-11.466,155.685,-11.388,155.536,-1.624,-0.035,0.043,0.004,-0.69,-2.41,92.32
17,-3.585,-1.216,5.80,-11.466,155.685,-11.390,155.540,-1.623,-0.037,0.040,0.004,-0.71,-2.40,92.32
17,-3.585,-1.216,5.85,-11.466,155.685,-11.392,155.542,-1.623,-0.038,0.039,0.004,-0.73,-2.40,92.32
17,-3.585,-1.216,5.90,-11.466,155.685,-11.394,155.547,-1.623,-0.040,0.038,0.004,-0.76,-2.40,92.32
17,-3.585,-1.216,5.95,-11.466,155.685,-11.395,155.549,-1.622,-0.041,0.037,0.003,-0.78,-2.39,92.32
17,-3.585,-1.216,6.00,-11.466,155.685,-11.398,155.554,-1.622,-0.042,0.036,0.003,-0.81,-2.38,92.31
17,-3.585,-1.216,6.05,-11.466,155.685,-11.400,155.557,-1.622,-0.043,0.035,0.003,-0.83,-2.38,92.31
17,-3.585,-1.216,6.10,-11.466,155.685,-11.404,155.562,-1.622,-0.044,0.034,0.003,-0.86,-2.36,92.30
17,-3.585,-1.216,6.15,-11.466,155.685,-11.405,155.565,-1.621,-0.044,0.033,0.002,-0.88,-2.35,92.30
17,-3.585,-1.216,6.20,-11.466,155.685,-11.409,155.569,-1.621,-0.045,0.032,0.002,-0.91,-2.34,92.29
17,-3.585,-1.216,6.25,-11.466,155.685,-11.411,155.572,-1.621,-0.044,0.031,0.001,-0.93,-2.32,92.29
17,-3.585,-1.216,6.30,-11.466,155.685,-11.413,155.577,-1.620,-0.043,0.029,0.001,-0.95,-2.30,92.29
17,-3.585,-1.216,6.35,-11.466,155.685,-11.415,155.580,-1.620,-0.043,0.028,0.001,-0.97,-2.29,92.29
17,-3.585,-1.216,6.40,-11.466,155.685,-11.417,155.584,-1.620,-0.042,0.026,0.000,-0.99,-2.27,92.29
17,-3.585,-1.216,6.45,-11.466,155.685,-11.419,155.586,-1.620,-0.041,0.025,-0.000,-1.01,-2.26,92.30
17,-3.585,-1.216,6.50,-11.466,155.685,-11.422,155.590,-1.620,-0.039,0.022,-0.000,-1.02,-2.25,92.30
17,-3.585,-1.216,6.55,-11.466,155.685,-11.423,155.592,-1.620,-0.039,0.020,-0.001,-1.03,-2.24,92.30
17,-3.585,-1.216,6.60,-11.466,155.685,-11.426,155.594,-1.619,-0.038,0.017,-0.001,-1.03,-2.23,92.31
17,-3.585,-1.216,6.65,-11.466,155.685,-11.429,155.596,-1.619,-0.037,0.015,-0.001,-1.04,-2.23,92.31
17,-3.585,-1.216,6.70,-11.466,155.685,-11.432,155.598,-1.619,-0.036,0.011,-0.001,-1.05,-2.24,92.31
17,-3.585,-1.216,6.75,-11.466,155.685,-11.433,155.599,-1.618,-0.035,0.010,-0.001,-1.06,-2.24,92.31
17,-3.585,-1.216,6.80,-11.466,155.685,-11.437,155.600,-1.618,-0.034,0.006,-0.002,-1.07,-2.25,92.31
17,-3.585,-1.216,6.85,-11.466,155.685,-11.439,155.601,-1.617,-0.033,0.004,-0.002,-1.09,-2.27,92.31
17,-3.585,-1.216,6.90,-11.466,155.685,-11.443,155.602,-1.617,-0.032,0.001,-0.002,-1.10,-2.28,92.31
17,-3.585,-1.216,6.95,-11.466,155.685,-11.445,155.603,-1.617,-0.031,-0.001,-0.003,-1.12,-2.30,92.31
17,-3.585,-1.216,7.00,-11.466,155.685,-11.448,155.603,-1.616,-0.029,-0.003,-0.003,-1.13,-2.32,92.31
17,-3.585,-1.216,7.05,-11.466,155.685,-11.450,155.603,-1.615,-0.028,-0.005,-0.004,-1.15,-2.34,92.31
17,-3.585,-1.216,7.10,-11.466,155.685,-11.453,155.603,-1.615,-0.026,-0.008,-0.005,-1.16,-2.36,92.31
17,-3.585,-1.216,7.15,-11.466,155.685,-11.454,155.603,-1.614,-0.025,-0.009,-0.005,-1.18,-2.38,92.31
17,-3.585,-1.216,7.20,-11.466,155.685,-11.456,155.603,-1.614,-0.022,-0.011,-0.006,-1.19,-2.41,92.32
17,-3.585,-1.216,7.25,-11.466,155.685,-11.457,155.602,-1.614,-0.020,-0.012,-0.006,-1.20,-2.43,92.32
17,-3.585,-1.216,7.30,-11.466,155.685,-11.458,155.601,-1.615,-0.017,-0.014,-0.007,-1.20,-2.46,92.32
17,-3.585,-1.216,7.35,-11.466,155.685,-11.458,155.601,-1.615,-0.015,-0.015,-0.007,-1.20,-2.48,92.33
17,-3.585,-1.216,7.40,-11.466,155.685,-11.458,155.600,-1.616,-0.012,-0.016,-0.007,-1.19,-2.51,92.33
17,-3.585,-1.216,7.45,-11.466,155.685,-11.459,155.599,-1.616,-0.010,-0.017,-0.007,-1.19,-2.54,92.34
17,-3.585,-1.216,7.50,-11.466,155.685,-11.459,155.598,-1.617,-0.007,-0.018,-0.006,-1.17,-2.56,92.34
17,-3.585,-1.216,7.55,-11.466,155.685,-11.459,155.597,-1.618,-0.005,-0.018,-0.006,-1.16,-2.59,92.35
17,-3.585,-1.216,7.60,-11.466,155.685,-11.458,155.595,-1.619,-0.002,-0.018,-0.006,-1.14,-2.61,92.35
17,-3.585,-1.216,7.65,-11.466,155.685,-11.458,155.594,-1.619,-0.001,-0.019,-0.005,-1.12,-2.63,92.36
17,-3.585,-1.216,7.70,-11.466,155.685,-11.458,155.593,-1.620,0.002,-0.018,-0.004,-1.10,-2.66,92.36
17,-3.585,-1.216,7.75,-11.466,155.685,-11.458,155.592,-1.620,0.003,-0.018,-0.004,-1.08,-2.69,92.36
17,-3.585,-1.216,7.80,-11.466,155.685,-11.457,155.590,-1.620,0.004,-0.018,-0.003,-1.06,-2.71,92.35
17,-3.585,-1.216,7.85,-11.466,155.685,-11.457,155.589,-1.620,0.005,-0.017,-0.003,-1.04,-2.73,92.35
17,-3.585,-1.216,7.90,-11.466,155.685,-11.457,155.587,-1.619,0.006,-0.016,-0.002,-1.02,-2.75,92.34
17,-3.585,-1.216,7.95,-11.466,155.685,-11.457,155.587,-1.619,0.006,-0.015,-0.002,-1.01,-2.77,92.34
18,-6.099,-5.621,0.00,-11.466,155.685,-11.494,155.574,-1.627,-0.136,-0.084,-0.001,-1.92,-3.60,92.25
18,-6.099,-5.621,0.05,-11.466,155.685,-11.502,155.568,-1.626,-0.143,-0.087,-0.002,-2.05,-3.69,92.24
18,-6.099,-5.621,0.10,-11.466,155.685,-11.506,155.565,-1.626,-0.146,-0.088,-0.003,-2.20,-3.78,92.24
18,-6.099,-5.621,0.15,-11.466,155.685,-11.516,155.558,-1.626,-0.151,-0.090,-0.004,-2.32,-3.86,92.24
18,-6.099,-5.621,0.20,-11.466,155.685,-11.520,155.555,-1.626,-0.153,-0.090,-0.004,-2.46,-3.94,92.24
18,-6.099,-5.621,0.25,-11.466,155.685,-11.529,155.549,-1.626,-0.156,-0.090,-0.005,-2.58,-4.02,92.24
18,-6.099,-5.621,0.30,-11.466,155.685,-11.534,155.546,-1.626,-0.157,-0.090,-0.006,-2.71,-4.10,92.24
18,-6.099,-5.621,0.35,-11.466,155.685,-11.544,155.539,-1.626,-0.159,-0.089,-0.006,-2.82,-4.17,92.24
18,-6.099,-5.621,0.40,-11.466,155.685,-11.549,155.535,-1.627,-0.159,-0.088,-0.007,-2.94,-4.24,92.25
18,-6.099,-5.621,0.45,-11.466,155.685,-11.559,155.528,-1.627,-0.159,-0.086,-0.007,-3.05,-4.31,92.25
18,-6.099,-5.621,0.50,-11.466,155.685,-11.564,155.525,-1.628,-0.159,-0.085,-0.007,-3.16,-4.37,92.25
18,-6.099,-5.621,0.55,-11.466,155.685,-11.574,155.518,-1.628,-0.157,-0.081,-0.007,-3.26,-4.43,92.26
18,-6.099,-5.621,0.60,-11.466,155.685,-11.579,155.514,-1.629,-0.156,-0.080,-0.007,-3.37,-4.50,92.26
18,-6.099,-5.621,0.65,-11.466,155.685,-11.588,155.508,-1.629,-0.153,-0.075,-0.006,-3.46,-4.55,92.26
18,-6.099,-5.621,0.70,-11.466,155.685,-11.593,155.506,-1.629,-0.151,-0.073,-0.006,-3.56,-4.61,92.26
18,-6.099,-5.621,0.75,-11.466,155.685,-11.603,155.500,-1.629,-0.147,-0.066,-0.006,-3.64,-4.65,92.26
18,-6.099,-5.621,0.80,-11.466,155.685,-11.608,155.497,-1.629,-0.145,-0.063,-0.006,-3.72,-4.70,92.26
18,-6.099,-5.621,0.85,-11.466,155.685,-11.617,155.493,-1.629,-0.140,-0.057,-0.005,-3.80,-4.73,92.25
18,-6.099,-5.621,0.90,-11.466,155.685,-11.621,155.491,-1.630,-0.137,-0.054,-0.005,-3.88,-4.76,92.25
18,-6.099,-5.621,0.95,-11.466,155.685,-11.630,155.486,-1.630,-0.130,-0.047,-0.005,-3.95,-4.79,92.24
18,-6.099,-5.621,1.00,-11.466,155.685,-11.634,155.484,-1.630,-0.127,-0.043,-0.005,-4.02,-4.81,92.24
18,-6.099,-5.621,1.05,-11.466,155.685,-11.642,155.481,-1.631,-0.120,-0.036,-0.004,-4.08,-4.83,92.23
18,-6.099,-5.621,1.10,-11.466,155.685,-11.645,155.480,-1.631,-0.116,-0.033,-0.004,-4.13,-4.84,92.23
18,-6.099,-5.621,1.15,-11.466,155.685,-11.652,155.478,-1.632,-0.107,-0.024,-0.003,-4.18,-4.85,92.23
18,-6.099,-5.621,1.20,-11.466,155.685,-11.655,155.477,-1.632,-0.103,-0.021,-0.003,-4.23,-4.85,92.23
18,-6.099,-5.621,1.25,-11.466,155.685,-11.661,155.476,-1.632,-0.095,-0.013,-0.002,-4.27,-4.85,92.22
18,-6.099,-5.621,1.30,-11.466,155.685,-11.663,155.476,-1.632,-0.091,-0.010,-0.002,-4.30,-4.85,92.22
18,-6.099,-5.621,1.35,-11.466,155.685,-11.669,155.476,-1.631,-0.081,-0.002,-0.000,-4.33,-4.84,92.22
18,-6.099,-5.621,1.40,-11.466,155.685,-11.671,155.476,-1.631,-0.077,0.002,-0.000,-4.35,-4.82,92.22
18,-6.099,-5.621,1.45,-11.466,155.685,-11.675,155.476,-1.630,-0.069,0.008,0.000,-4.37,-4.81,92.21
18,-6.099,-5.621,1.50,-11.466,155.685,-11.676,155.476,-1.629,-0.064,0.011,0.000,-4.38,-4.79,92.21
18,-6.099,-5.621,1.55,-11.466,155.685,-11.680,155.477,-1.628,-0.055,0.018,0.000,-4.39,-4.77,92.21
18,-6.099,-5.621,1.60,-11.466,155.685,-11.681,155.478,-1.627,-0.050,0.021,-0.000,-4.39,-4.75,92.21
18,-6.099,-5.621,1.65,-11.466,155.685,-11.684,155.480,-1.626,-0.043,0.026,-0.001,-4.39,-4.73,92.21
18,-6.099,-5.621,1.70,-11.466,155.685,-11.685,155.480,-1.625,-0.039,0.029,-0.001,-4.39,-4.70,92.22
18,-6.099,-5.621,1.75,-11.466,155.685,-11.688,155.483,-1.624,-0.030,0.035,-0.002,-4.39,-4.68,92.22
18,-6.099,-5.621,1.80,-11.466,155.685,-11.688,155.484,-1.623,-0.027,0.037,-0.003,-4.39,-4.65,92.22
18,-6.099,-5.621,1.85,-11.466,155.685,-11.690,155.487,-1.623,-0.020,0.041,-0.004,-4.39,-4.63,92.23
18,-6.099,-5.621,1.90,-11.466,155.685,-11.690,155.489,-1.622,-0.016,0.043,-0.004,-4.38,-4.60,92.23
18,-6.099,-5.621,1.95,-11.466,155.685,-11.691,155.492,-1.621,-0.008,0.047,-0.004,-4.38,-4.57,92.23
18,-6.099,-5.621,2.00,-11.466,155.685,-11.691,155.494,-1.621,-0.005,0.049,-0.005,-4.37,-4.54,92.23
18,-6.099,-5.621,2.05,-11.466,155.685,-11.691,155.497,-1.620,0.001,0.051,-0.005,-4.36,-4.52,92.23
18,-6.099,-5.621,2.10,-11.466,155.685,-11.691,155.498,-1.619,0.005,0.052,-0.006,-4.35,-4.49,92.23
18,-6.099,-5.621,2.15,-11.466,155.685,-11.690,155.501,-1.618,0.011,0.054,-0.006,-4.34,-4.47,92.23
18,-6.099,-5.621,2.20,-11.466,155.685,-11.689,155.502,-1.617,0.015,0.055,-0.007,-4.32,-4.44,92.22
18,-6.099,-5.621,2.25,-11.466,155.685,-11.688,155.505,-1.616,0.020,0.056,-0.007,-4.31,-4.43,92.22
18,-6.099,-5.621,2.30,-11.466,155.685,-11.687,155.507,-1.616,0.023,0.056,-0.008,-4.29,-4.41,92.22
18,-6.099,-5.621,2.35,-11.466,155.685,-11.685,155.510,-1.615,0.028,0.057,-0.009,-4.27,-4.40,92.22
18,-6.099,-5.621,2.40,-11.466,155.685,-11.685,155.511,-1.615,0.030,0.057,-0.009,-4.24,-4.39,92.22
18,-6.099,-5.621,2.45,-11.466,155.685,-11.683,155.514,-1.615,0.034,0.057,-0.010,-4.22,-4.38,92.22
18,-6.099,-5.621,2.50,-11.466,155.685,-11.682,155.516,-1.614,0.036,0.058,-0.010,-4.20,-4.37,92.22
18,-6.099,-5.621,2.55,-11.466,155.685,-11.681,155.519,-1.614,0.039,0.057,-0.010,-4.19,-4.36,92.23
18,-6.099,-5.621,2.60,-11.466,155.685,-11.680,155.520,-1.614,0.040,0.057,-0.011,-4.17,-4.35,92.23
18,-6.099,-5.621,2.65,-11.466,155.685,-11.679,155.523,-1.614,0.041,0.057,-0.011,-4.16,-4.34,92.24
18,-6.099,-5.621,2.70,-11.466,155.685,-11.679,155.524,-1.614,0.042,0.056,-0.011,-4.15,-4.34,92.24
18,-6.099,-5.621,2.75,-11.466,155.685,-11.678,155.527,-1.615,0.043,0.056,-0.011,-4.15,-4.33,92.24
18,-6.099,-5.621,2.80,-11.466,155.685,-11.677,155.528,-1.615,0.044,0.055,-0.011,-4.15,-4.33,92.25
18,-6.099,-5.621,2.85,-11.466,155.685,-11.676,155.531,-1.616,0.045,0.055,-0.011,-4.15,-4.33,92.26
18,-6.099,-5.621,2.90,-11.466,155.685,-11.675,155.533,-1.616,0.046,0.055,-0.011,-4.16,-4.32,92.26
18,-6.099,-5.621,2.95,-11.466,155.685,-11.673,155.537,-1.616,0.048,0.055,-0.010,-4.17,-4.32,92.27
18,-6.099,-5.621,3.00,-11.466,155.685,-11.672,155.539,-1.616,0.048,0.055,-0.010,-4.17,-4.31,92.28
18,-6.099,-5.621,3.05,-11.466,155.685,-11.670,155.542,-1.616,0.050,0.055,-0.009,-4.17,-4.30,92.28
18,-6.099,-5.621,3.10,-11.466,155.685,-11.669,155.544,-1.616,0.051,0.055,-0.009,-4.17,-4.29,92.29
18,-6.099,-5.621,3.15,-11.466,155.685,-11.667,155.548,-1.615,0.053,0.054,-0.009,-4.17,-4.28,92.29
18,-6.099,-5.621,3.20,-11.466,155.685,-11.665,155.550,-1.615,0.054,0.053,-0.008,-4.17,-4.27,92.29
18,-6.099,-5.621,3.25,-11.466,155.685,-11.662,155.553,-1.614,0.056,0.053,-0.009,-4.16,-4.26,92.29
18,-6.099,-5.621,3.30,-11.466,155.685,-11.661,155.555,-1.614,0.057,0.052,-0.009,-4.15,-4.25,92.29
18,-6.099,-5.621,3.35,-11.466,155.685,-11.658,155.558,-1.613,0.059,0.050,-0.009,-4.14,-4.24,92.28
18,-6.099,-5.621,3.40,-11.466,155.685,-11.657,155.560,-1.613,0.059,0.050,-0.009,-4.12,-4.23,92.28
18,-6.099,-5.621,3.45,-11.466,155.685,-11.654,155.563,-1.613,0.060,0.048,-0.010,-4.11,-4.23,92.27
18,-6.099,-5.621,3.50,-11.466,155.685,-11.653,155.564,-1.613,0.061,0.047,-0.010,-4.09,-4.22,92.27
18,-6.099,-5.621,3.55,-11.466,155.685,-11.650,155.568,-1.613,0.061,0.046,-0.011,-4.08,-4.22,92.27
18,-6.099,-5.621,3.60,-11.466,155.685,-11.649,155.569,-1.613,0.061,0.045,-0.011,-4.07,-4.22,92.27
18,-6.099,-5.621,3.65,-11.466,155.685,-11.646,155.573,-1.613,0.062,0.044,-0.011,-4.06,-4.21,92.27
18,-6.099,-5.621,3.70,-11.466,155.685,-11.645,155.574,-1.613,0.062,0.043,-0.011,-4.05,-4.21,92.27
18,-6.099,-5.621,3.75,-11.466,155.685,-11.642,155.578,-1.613,0.062,0.042,-0.011,-4.04,-4.20,92.27
18,-6.099,-5.621,3.80,-11.466,155.685,-11.641,155.579,-1.613,0.061,0.041,-0.011,-4.03,-4.20,92.27
18,-6.099,-5.621,3.85,-11.466,155.685,-11.639,155.582,-1.613,0.061,0.040,-0.010,-4.03,-4.19,92.27
18,-6.099,-5.621,3.90,-11.466,155.685,-11.638,155.584,-1.613,0.061,0.039,-0.010,-4.03,-4.19,92.27
18,-6.099,-5.621,3.95,-11.466,155.685,-11.635,155.587,-1.614,0.060,0.037,-0.010,-4.02,-4.18,92.28
18,-6.099,-5.621,4.00,-11.466,155.685,-11.634,155.589,-1.614,0.060,0.036,-0.010,-4.02,-4.18,92.28
18,-6.099,-5.621,4.05,-11.466,155.685,-11.632,155.591,-1.614,0.059,0.034,-0.009,-4.02,-4.18,92.28
18,-6.099,-5.621,4.10,-11.466,155.685,-11.631,155.592,-1.614,0.058,0.033,-0.010,-4.02,-4.17,92.28
18,-6.099,-5.621,4.15,-11.466,155.685,-11.629,155.595,-1.615,0.057,0.031,-0.009,-4.03,-4.17,92.28
18,-6.099,-5.621,4.20,-11.466,155.685,-11.629,155.597,-1.615,0.056,0.030,-0.009,-4.03,-4.17,92.28
18,-6.099,-5.621,4.25,-11.466,155.685,-11.628,155.599,-1.616,0.055,0.028,-0.008,-4.03,-4.17,92.28
18,-6.099,-5.621,4.30,-11.466,155.685,-11.627,155.599,-1.616,0.054,0.027,-0.008,-4.04,-4.17,92.28
18,-6.099,-5.621,4.35,-11.466,155.685,-11.626,155.601,-1.616,0.053,0.025,-0.007,-4.05,-4.17,92.28
18,-6.099,-5.621,4.40,-11.466,155.685,-11.625,155.601,-1.617,0.052,0.024,-0.007,-4.07,-4.18,92.28
18,-6.099,-5.621,4.45,-11.466,155.685,-11.624,155.601,-1.617,0.052,0.021,-0.007,-4.08,-4.18,92.28
18,-6.099,-5.621,4.50,-11.466,155.685,-11.623,155.601,-1.617,0.051,0.020,-0.007,-4.09,-4.20,92.28
18,-6.099,-5.621,4.55,-11.466,155.685,-11.622,155.601,-1.616,0.051,0.017,-0.006,-4.10,-4.21,92.28
18,-6.099,-5.621,4.60,-11.466,155.685,-11.621,155.601,-1.616,0.051,0.016,-0.006,-4.11,-4.23,92.28
18,-6.099,-5.621,4.65,-11.466,155.685,-11.619,155.600,-1.616,0.051,0.013,-0.006,-4.12,-4.25,92.28
18,-6.099,-5.621,4.70,-11.466,155.685,-11.618,155.600,-1.616,0.051,0.012,-0.006,-4.13,-4.27,92.28
18,-6.099,-5.621,4.75,-11.466,155.685,-11.616,155.598,-1.615,0.051,0.011,-0.007,-4.13,-4.29,92.28
18,-6.099,-5.621,4.80,-11.466,155.685,-11.615,155.598,-1.615,0.052,0.010,-0.007,-4.13,-4.32,92.28
18,-6.099,-5.621,4.85,-11.466,155.685,-11.612,155.597,-1.614,0.052,0.009,-0.007,-4.13,-4.34,92.29
18,-6.099,-5.621,4.90,-11.466,155.685,-11.610,155.596,-1.614,0.053,0.008,-0.007,-4.12,-4.37,92.29
18,-6.099,-5.621,4.95,-11.466,155.685,-11.607,155.595,-1.614,0.054,0.008,-0.008,-4.12,-4.39,92.29
18,-6.099,-5.621,5.00,-11.466,155.685,-11.605,155.594,-1.614,0.054,0.007,-0.008,-4.11,-4.42,92.30
18,-6.099,-5.621,5.05,-11.466,155.685,-11.601,155.593,-1.614,0.055,0.008,-0.009,-4.10,-4.44,92.30
18,-6.099,-5.621,5.10,-11.466,155.685,-11.599,155.593,-1.615,0.055,0.008,-0.009,-4.08,-4.46,92.30
18,-6.099,-5.621,5.15,-11.466,155.685,-11.594,155.592,-1.615,0.056,0.009,-0.009,-4.06,-4.48,92.31
18,-6.099,-5.621,5.20,-11.466,155.685,-11.591,155.592,-1.615,0.056,0.010,-0.009,-4.04,-4.49,92.31
18,-6.099,-5.621,5.25,-11.466,155.685,-11.587,155.591,-1.616,0.056,0.011,-0.008,-4.02,-4.50,92.31
18,-6.099,-5.621,5.30,-11.466,155.685,-11.585,155.591,-1.616,0.056,0.011,-0.008,-3.99,-4.51,92.31
18,-6.099,-5.621,5.35,-11.466,155.685,-11.579,155.591,-1.616,0.056,0.013,-0.007,-3.97,-4.52,92.32
18,-6.099,-5.621,5.40,-11.466,155.685,-11.577,155.590,-1.617,0.056,0.013,-0.007,-3.94,-4.53,92.32
18,-6.099,-5.621,5.45,-11.466,155.685,-11.572,155.590,-1.617,0.055,0.015,-0.007,-3.92,-4.53,92.32
18,-6.099,-5.621,5.50,-11.466,155.685,-11.570,155.590,-1.617,0.055,0.015,-0.006,-3.89,-4.53,92.32
18,-6.099,-5.621,5.55,-11.466,155.685,-11.564,155.589,-1.618,0.054,0.017,-0.006,-3.87,-4.54,92.32
18,-6.099,-5.621,5.60,-11.466,155.685,-11.562,155.589,-1.618,0.053,0.017,-0.006,-3.85,-4.54,92.32
18,-6.099,-5.621,5.65,-11.466,155.685,-11.557,155.589,-1.618,0.051,0.019,-0.005,-3.83,-4.54,92.32
18,-6.099,-5.621,5.70,-11.466,155.685,-11.555,155.590,-1.618,0.050,0.019,-0.005,-3.80,-4.54,92.32
18,-6.099,-5.621,5.75,-11.466,155.685,-11.552,155.590,-1.618,0.047,0.022,-0.004,-3.78,-4.54,92.32
18,-6.099,-5.621,5.80,-11.466,155.685,-11.550,155.591,-1.618,0.045,0.023,-0.004,-3.77,-4.54,92.32
18,-6.099,-5.621,5.85,-11.466,155.685,-11.548,155.593,-1.619,0.041,0.025,-0.004,-3.76,-4.54,92.32
18,-6.099,-5.621,5.90,-11.466,155.685,-11.547,155.594,-1.619,0.040,0.026,-0.004,-3.76,-4.53,92.31
18,-6.099,-5.621,5.95,-11.466,155.685,-11.545,155.596,-1.620,0.035,0.029,-0.003,-3.76,-4.52,92.30
18,-6.099,-5.621,6.00,-11.466,155.685,-11.544,155.598,-1.620,0.034,0.030,-0.003,-3.77,-4.50,92.30
18,-6.099,-5.621,6.05,-11.466,155.685,-11.543,155.601,-1.621,0.030,0.033,-0.002,-3.77,-4.48,92.29
18,-6.099,-5.621,6.10,-11.466,155.685,-11.543,155.602,-1.621,0.028,0.034,-0.002,-3.79,-4.45,92.29
18,-6.099,-5.621,6.15,-11.466,155.685,-11.542,155.606,-1.622,0.024,0.036,-0.001,-3.80,-4.43,92.28
18,-6.099,-5.621,6.20,-11.466,155.685,-11.542,155.608,-1.622,0.023,0.037,-0.001,-3.82,-4.40,92.28
18,-6.099,-5.621,6.25,-11.466,155.685,-11.542,155.612,-1.622,0.020,0.038,-0.000,-3.84,-4.37,92.27
18,-6.099,-5.621,6.30,-11.466,155.685,-11.541,155.614,-1.622,0.018,0.039,0.000,-3.87,-4.33,92.27
18,-6.099,-5.621,6.35,-11.466,155.685,-11.541,155.618,-1.622,0.016,0.039,0.001,-3.89,-4.30,92.27
18,-6.099,-5.621,6.40,-11.466,155.685,-11.541,155.620,-1.622,0.015,0.039,0.001,-3.91,-4.27,92.27
18,-6.099,-5.621,6.45,-11.466,155.685,-11.541,155.624,-1.622,0.013,0.039,0.001,-3.93,-4.24,92.27
18,-6.099,-5.621,6.50,-11.466,155.685,-11.540,155.625,-1.622,0.013,0.038,0.001,-3.95,-4.22,92.27
18,-6.099,-5.621,6.55,-11.466,155.685,-11.539,155.629,-1.622,0.012,0.037,0.001,-3.96,-4.19,92.28
18,-6.099,-5.621,6.60,-11.466,155.685,-11.539,155.631,-1.622,0.012,0.036,0.001,-3.98,-4.17,92.29
18,-6.099,-5.621,6.65,-11.466,155.685,-11.537,155.634,-1.622,0.012,0.034,0.001,-3.99,-4.15,92.29
18,-6.099,-5.621,6.70,-11.466,155.685,-11.537,155.635,-1.622,0.012,0.033,0.001,-4.00,-4.14,92.30
18,-6.099,-5.621,6.75,-11.466,155.685,-11.535,155.638,-1.622,0.012,0.030,0.001,-4.00,-4.13,92.31
18,-6.099,-5.621,6.80,-11.466,155.685,-11.534,155.640,-1.622,0.012,0.029,0.001,-4.00,-4.12,92.31
18,-6.099,-5.621,6.85,-11.466,155.685,-11.533,155.642,-1.623,0.012,0.027,0.001,-4.00,-4.11,92.32
18,-6.099,-5.621,6.90,-11.466,155.685,-11.532,155.643,-1.623,0.012,0.025,0.001,-4.00,-4.11,92.33
18,-6.099,-5.621,6.95,-11.466,155.685,-11.531,155.645,-1.623,0.013,0.022,0.001,-3.99,-4.11,92.33
18,-6.099,-5.621,7.00,-11.466,155.685,-11.530,155.646,-1.624,0.013,0.021,0.001,-3.99,-4.11,92.34
18,-6.099,-5.621,7.05,-11.466,155.685,-11.528,155.648,-1.624,0.013,0.018,0.002,-3.98,-4.12,92.35
18,-6.099,-5.621,7.10,-11.466,155.685,-11.528,155.649,-1.624,0.013,0.017,0.002,-3.98,-4.12,92.35
18,-6.099,-5.621,7.15,-11.466,155.685,-11.526,155.651,-1.624,0.013,0.014,0.003,-3.97,-4.13,92.35
18,-6.099,-5.621,7.20,-11.466,155.685,-11.525,155.652,-1.623,0.013,0.013,0.003,-3.97,-4.13,92.35
18,-6.099,-5.621,7.25,-11.466,155.685,-11.524,155.653,-1.623,0.013,0.011,0.003,-3.96,-4.14,92.35
18,-6.099,-5.621,7.30,-11.466,155.685,-11.523,155.654,-1.622,0.012,0.010,0.003,-3.95,-4.14,92.35
18,-6.099,-5.621,7.35,-11.466,155.685,-11.522,155.655,-1.621,0.012,0.008,0.002,-3.95,-4.15,92.34
18,-6.099,-5.621,7.40,-11.466,155.685,-11.522,155.656,-1.621,0.011,0.007,0.002,-3.94,-4.15,92.34
18,-6.099,-5.621,7.45,-11.466,155.685,-11.521,155.656,-1.620,0.010,0.005,0.001,-3.94,-4.16,92.34
18,-6.099,-5.621,7.50,-11.466,155.685,-11.520,155.656,-1.620,0.010,0.003,0.001,-3.94,-4.17,92.34
18,-6.099,-5.621,7.55,-11.466,155.685,-11.519,155.656,-1.619,0.009,0.001,-0.000,-3.94,-4.18,92.34
18,-6.099,-5.621,7.60,-11.466,155.685,-11.519,155.656,-1.619,0.009,0.000,-0.001,-3.94,-4.19,92.33
18,-6.099,-5.621,7.65,-11.466,155.685,-11.518,155.656,-1.619,0.008,-0.002,-0.001,-3.95,-4.20,92.33
18,-6.099,-5.621,7.70,-11.466,155.685,-11.517,155.657,-1.619,0.008,-0.002,-0.002,-3.95,-4.22,92.33
18,-6.099,-5.621,7.75,-11.466,155.685,-11.516,155.657,-1.619,0.007,-0.004,-0.002,-3.95,-4.23,92.33
18,-6.099,-5.621,7.80,-11.466,155.685,-11.516,155.657,-1.619,0.006,-0.005,-0.003,-3.95,-4.25,92.32
18,-6.099,-5.621,7.85,-11.466,155.685,-11.516,155.657,-1.619,0.005,-0.005,-0.003,-3.96,-4.26,92.32
18,-6.099,-5.621,7.90,-11.466,155.685,-11.515,155.657,-1.619,0.005,-0.006,-0.003,-3.96,-4.27,92.32
18,-6.099,-5.621,7.95,-11.466,155.685,-11.515,155.658,-1.618,0.004,-0.006,-0.003,-3.97,-4.28,92.32
19,-7.619,-4.025,0.00,-11.466,155.685,-11.479,155.630,-1.629,0.058,-0.028,0.009,-3.68,-4.83,92.30
19,-7.619,-4.025,0.05,-11.466,155.685,-11.475,155.628,-1.628,0.062,-0.031,0.008,-3.64,-4.86,92.30
19,-7.619,-4.025,0.10,-11.466,155.685,-11.474,155.626,-1.628,0.063,-0.031,0.008,-3.58,-4.90,92.31
19,-7.619,-4.025,0.15,-11.466,155.685,-11.470,155.624,-1.627,0.065,-0.033,0.007,-3.54,-4.94,92.31
19,-7.619,-4.025,0.20,-11.466,155.685,-11.468,155.623,-1.627,0.067,-0.034,0.007,-3.48,-4.99,92.31
19,-7.619,-4.025,0.25,-11.466,155.685,-11.464,155.620,-1.627,0.069,-0.035,0.006,-3.44,-5.02,92.32
19,-7.619,-4.025,0.30,-11.466,155.685,-11.462,155.619,-1.627,0.070,-0.035,0.006,-3.38,-5.07,92.32
19,-7.619,-4.025,0.35,-11.466,155.685,-11.457,155.616,-1.627,0.071,-0.035,0.005,-3.34,-5.10,92.32
19,-7.619,-4.025,0.40,-11.466,155.685,-11.455,155.615,-1.627,0.071,-0.036,0.005,-3.29,-5.14,92.33
19,-7.619,-4.025,0.45,-11.466,155.685,-11.450,155.612,-1.627,0.072,-0.035,0.005,-3.24,-5.18,92.33
19,-7.619,-4.025,0.50,-11.466,155.685,-11.448,155.611,-1.627,0.072,-0.035,0.005,-3.18,-5.22,92.33
19,-7.619,-4.025,0.55,-11.466,155.685,-11.443,155.608,-1.627,0.071,-0.034,0.005,-3.14,-5.24,92.33
19,-7.619,-4.025,0.60,-11.466,155.685,-11.441,155.607,-1.627,0.070,-0.034,0.005,-3.09,-5.28,92.33
19,-7.619,-4.025,0.65,-11.466,155.685,-11.437,155.605,-1.628,0.069,-0.032,0.005,-3.05,-5.31,92.33
19,-7.619,-4.025,0.70,-11.466,155.685,-11.435,155.604,-1.628,0.068,-0.031,0.005,-3.00,-5.34,92.33
19,-7.619,-4.025,0.75,-11.466,155.685,-11.431,155.602,-1.628,0.065,-0.029,0.005,-2.97,-5.36,92.33
19,-7.619,-4.025,0.80,-11.466,155.685,-11.429,155.601,-1.628,0.064,-0.028,0.006,-2.93,-5.38,92.33
19,-7.619,-4.025,0.85,-11.466,155.685,-11.424,155.599,-1.628,0.061,-0.026,0.006,-2.91,-5.40,92.33
19,-7.619,-4.025,0.90,-11.466,155.685,-11.422,155.598,-1.629,0.060,-0.025,0.006,-2.87,-5.42,92.33
19,-7.619,-4.025,0.95,-11.466,155.685,-11.418,155.596,-1.629,0.056,-0.023,0.006,-2.85,-5.43,92.33
19,-7.619,-4.025,1.00,-11.466,155.685,-11.417,155.596,-1.628,0.055,-0.022,0.006,-2.82,-5.45,92.32
19,-7.619,-4.025,1.05,-11.466,155.685,-11.414,155.594,-1.628,0.050,-0.019,0.006,-2.80,-5.47,92.32
19,-7.619,-4.025,1.10,-11.466,155.685,-11.413,155.594,-1.628,0.048,-0.018,0.006,-2.78,-5.48,92.32
19,-7.619,-4.025,1.15,-11.466,155.685,-11.411,155.593,-1.627,0.043,-0.015,0.007,-2.77,-5.48,92.31
19,-7.619,-4.025,1.20,-11.466,155.685,-11.410,155.593,-1.627,0.041,-0.013,0.006,-2.76,-5.49,92.31
19,-7.619,-4.025,1.25,-11.466,155.685,-11.409,155.593,-1.626,0.035,-0.010,0.006,-2.75,-5.49,92.31
19,-7.619,-4.025,1.30,-11.466,155.685,-11.408,155.592,-1.626,0.033,-0.009,0.006,-2.76,-5.49,92.31
19,-7.619,-4.025,1.35,-11.466,155.685,-11.407,155.592,-1.625,0.029,-0.006,0.005,-2.76,-5.49,92.31
19,-7.619,-4.025,1.40,-11.466,155.685,-11.406,155.592,-1.625,0.027,-0.005,0.005,-2.77,-5.48,92.31
19,-7.619,-4.025,1.45,-11.466,155.685,-11.405,155.591,-1.625,0.023,-0.004,0.004,-2.77,-5.48,92.31
19,-7.619,-4.025,1.50,-11.466,155.685,-11.404,155.591,-1.625,0.022,-0.003,0.004,-2.78,-5.48,92.31
19,-7.619,-4.025,1.55,-11.466,155.685,-11.402,155.590,-1.625,0.019,-0.001,0.003,-2.79,-5.48,92.31
19,-7.619,-4.025,1.60,-11.466,155.685,-11.402,155.590,-1.624,0.018,0.000,0.003,-2.79,-5.48,92.31
19,-7.619,-4.025,1.65,-11.466,155.685,-11.400,155.590,-1.624,0.016,0.002,0.003,-2.79,-5.49,92.31
19,-7.619,-4.025,1.70,-11.466,155.685,-11.399,155.590,-1.623,0.015,0.003,0.003,-2.79,-5.49,92.31
19,-7.619,-4.025,1.75,-11.466,155.685,-11.397,155.590,-1.623,0.014,0.005,0.002,-2.78,-5.49,92.30
19,-7.619,-4.025,1.80,-11.466,155.685,-11.396,155.591,-1.623,0.013,0.006,0.002,-2.77,-5.49,92.30
19,-7.619,-4.025,1.85,-11.466,155.685,-11.394,155.591,-1.623,0.011,0.008,0.001,-2.76,-5.49,92.30
19,-7.619,-4.025,1.90,-11.466,155.685,-11.393,155.591,-1.623,0.010,0.009,0.001,-2.74,-5.48,92.30
19,-7.619,-4.025,1.95,-11.466,155.685,-11.391,155.592,-1.623,0.008,0.010,0.001,-2.73,-5.48,92.30
19,-7.619,-4.025,2.00,-11.466,155.685,-11.390,155.593,-1.623,0.007,0.011,0.001,-2.72,-5.48,92.30
19,-7.619,-4.025,2.05,-11.466,155.685,-11.389,155.593,-1.622,0.005,0.012,0.001,-2.71,-5.47,92.30
19,-7.619,-4.025,2.10,-11.466,155.685,-11.388,155.594,-1.622,0.004,0.013,0.001,-2.70,-5.47,92.30
19,-7.619,-4.025,2.15,-11.466,155.685,-11.387,155.595,-1.621,0.001,0.014,0.001,-2.69,-5.46,92.31
19,-7.619,-4.025,2.20,-11.466,155.685,-11.387,155.596,-1.621,0.000,0.015,0.001,-2.68,-5.46,92.31
19,-7.619,-4.025,2.25,-11.466,155.685,-11.386,155.597,-1.620,-0.002,0.016,0.000,-2.67,-5.45,92.31
19,-7.619,-4.025,2.30,-11.466,155.685,-11.386,155.598,-1.620,-0.004,0.017,-0.000,-2.67,-5.44,92.31
19,-7.619,-4.025,2.35,-11.466,155.685,-11.385,155.600,-1.620,-0.006,0.018,-0.001,-2.67,-5.44,92.31
19,-7.619,-4.025,2.40,-11.466,155.685,-11.385,155.601,-1.620,-0.008,0.018,-0.001,-2.66,-5.43,92.31
19,-7.619,-4.025,2.45,-11.466,155.685,-11.386,155.604,-1.619,-0.011,0.019,-0.001,-2.67,-5.42,92.31
19,-7.619,-4.025,2.50,-11.466,155.685,-11.387,155.605,-1.619,-0.013,0.020,-0.002,-2.67,-5.41,92.31
19,-7.619,-4.025,2.55,-11.466,155.685,-11.388,155.607,-1.619,-0.016,0.020,-0.002,-2.67,-5.40,92.31
19,-7.619,-4.025,2.60,-11.466,155.685,-11.389,155.608,-1.619,-0.018,0.020,-0.002,-2.69,-5.38,92.31
19,-7.619,-4.025,2.65,-11.466,155.685,-11.392,155.610,-1.619,-0.023,0.021,-0.002,-2.70,-5.37,92.32
19,-7.619,-4.025,2.70,-11.466,155.685,-11.394,155.611,-1.618,-0.025,0.021,-0.003,-2.72,-5.36,92.32
19,-7.619,-4.025,2.75,-11.466,155.685,-11.397,155.613,-1.618,-0.029,0.020,-0.003,-2.75,-5.34,92.33
19,-7.619,-4.025,2.80,-11.466,155.685,-11.399,155.614,-1.618,-0.030,0.020,-0.003,-2.79,-5.33,92.33
19,-7.619,-4.025,2.85,-11.466,155.685,-11.402,155.615,-1.618,-0.033,0.019,-0.003,-2.82,-5.32,92.33
19,-7.619,-4.025,2.90,-11.466,155.685,-11.404,155.616,-1.618,-0.034,0.019,-0.003,-2.86,-5.32,92.34
19,-7.619,-4.025,2.95,-11.466,155.685,-11.406,155.618,-1.618,-0.035,0.019,-0.003,-2.90,-5.31,92.34
19,-7.619,-4.025,3.00,-11.466,155.685,-11.407,155.618,-1.618,-0.035,0.018,-0.003,-2.94,-5.31,92.34
19,-7.619,-4.025,3.05,-11.466,155.685,-11.410,155.619,-1.617,-0.035,0.017,-0.004,-2.96,-5.30,92.34
19,-7.619,-4.025,3.10,-11.466,155.685,-11.411,155.619,-1.617,-0.035,0.016,-0.004,-2.99,-5.30,92.34
19,-7.619,-4.025,3.15,-11.466,155.685,-11.413,155.620,-1.617,-0.034,0.015,-0.004,-3.01,-5.30,92.34
19,-7.619,-4.025,3.20,-11.466,155.685,-11.414,155.620,-1.617,-0.034,0.014,-0.004,-3.03,-5.31,92.34
19,-7.619,-4.025,3.25,-11.466,155.685,-11.417,155.620,-1.617,-0.033,0.013,-0.005,-3.04,-5.31,92.34
19,-7.619,-4.025,3.30,-11.466,155.685,-11.418,155.620,-1.617,-0.032,0.012,-0.005,-3.05,-5.32,92.35
19,-7.619,-4.025,3.35,-11.466,155.685,-11.419,155.621,-1.617,-0.030,0.011,-0.005,-3.06,-5.33,92.35
19,-7.619,-4.025,3.40,-11.466,155.685,-11.420,155.621,-1.617,-0.030,0.011,-0.005,-3.06,-5.34,92.34
19,-7.619,-4.025,3.45,-11.466,155.685,-11.422,155.622,-1.618,-0.028,0.011,-0.005,-3.06,-5.35,92.34
19,-7.619,-4.025,3.50,-11.466,155.685,-11.422,155.622,-1.618,-0.027,0.011,-0.005,-3.06,-5.36,92.33
19,-7.619,-4.025,3.55,-11.466,155.685,-11.423,155.623,-1.619,-0.025,0.011,-0.005,-3.06,-5.37,92.33
19,-7.619,-4.025,3.60,-11.466,155.685,-11.424,155.624,-1.619,-0.025,0.011,-0.005,-3.05,-5.37,92.32
19,-7.619,-4.025,3.65,-11.466,155.685,-11.426,155.625,-1.620,-0.023,0.012,-0.004,-3.05,-5.37,92.32
19,-7.619,-4.025,3.70,-11.466,155.685,-11.426,155.626,-1.620,-0.022,0.012,-0.004,-3.04,-5.37,92.31
19,-7.619,-4.025,3.75,-11.466,155.685,-11.427,155.627,-1.620,-0.021,0.012,-0.003,-3.04,-5.37,92.31
19,-7.619,-4.025,3.80,-11.466,155.685,-11.428,155.628,-1.620,-0.020,0.013,-0.003,-3.03,-5.36,92.30
19,-7.619,-4.025,3.85,-11.466,155.685,-11.429,155.628,-1.621,-0.018,0.012,-0.003,-3.03,-5.36,92.30
19,-7.619,-4.025,3.90,-11.466,155.685,-11.429,155.629,-1.621,-0.018,0.012,-0.003,-3.02,-5.35,92.30
19,-7.619,-4.025,3.95,-11.466,155.685,-11.431,155.629,-1.622,-0.017,0.012,-0.002,-3.01,-5.35,92.30
19,-7.619,-4.025,4.00,-11.466,155.685,-11.431,155.629,-1.622,-0.016,0.012,-0.002,-3.01,-5.35,92.30
19,-7.619,-4.025,4.05,-11.466,155.685,-11.433,155.629,-1.623,-0.015,0.011,-0.001,-3.00,-5.35,92.30
19,-7.619,-4.025,4.10,-11.466,155.685,-11.433,155.629,-1.623,-0.015,0.011,-0.001,-3.00,-5.35,92.31
19,-7.619,-4.025,4.15,-11.466,155.685,-11.435,155.629,-1.624,-0.015,0.010,-0.000,-3.00,-5.35,92.31
19,-7.619,-4.025,4.20,-11.466,155.685,-11.436,155.629,-1.624,-0.014,0.009,0.000,-3.00,-5.36,92.31
19,-7.619,-4.025,4.25,-11.466,155.685,-11.438,155.628,-1.625,-0.014,0.008,0.001,-3.00,-5.36,92.31
19,-7.619,-4.025,4.30,-11.466,155.685,-11.439,155.628,-1.625,-0.013,0.007,0.001,-3.00,-5.37,92.31
19,-7.619,-4.025,4.35,-11.466,155.685,-11.441,155.627,-1.625,-0.013,0.006,0.002,-3.01,-5.38,92.31
19,-7.619,-4.025,4.40,-11.466,155.685,-11.442,155.626,-1.625,-0.012,0.006,0.002,-3.02,-5.40,92.32
19,-7.619,-4.025,4.45,-11.466,155.685,-11.444,155.625,-1.624,-0.011,0.005,0.002,-3.02,-5.41,92.32
19,-7.619,-4.025,4.50,-11.466,155.685,-11.444,155.624,-1.624,-0.011,0.004,0.002,-3.03,-5.43,92.32
19,-7.619,-4.025,4.55,-11.466,155.685,-11.445,155.623,-1.624,-0.009,0.004,0.002,-3.04,-5.45,92.32
19,-7.619,-4.025,4.60,-11.466,155.685,-11.445,155.622,-1.624,-0.008,0.004,0.002,-3.04,-5.47,92.33
19,-7.619,-4.025,4.65,-11.466,155.685,-11.445,155.621,-1.624,-0.006,0.005,0.001,-3.04,-5.49,92.33
19,-7.619,-4.025,4.70,-11.466,155.685,-11.445,155.621,-1.624,-0.005,0.005,0.001,-3.04,-5.51,92.33
19,-7.619,-4.025,4.75,-11.466,155.685,-11.444,155.621,-1.625,-0.003,0.006,0.001,-3.03,-5.52,92.34
19,-7.619,-4.025,4.80,-11.466,155.685,-11.444,155.621,-1.625,-0.002,0.007,0.001,-3.02,-5.53,92.34
19,-7.619,-4.025,4.85,-11.466,155.685,-11.443,155.621,-1.625,0.000,0.009,0.002,-3.00,-5.53,92.34
19,-7.619,-4.025,4.90,-11.466,155.685,-11.442,155.621,-1.625,0.001,0.010,0.002,-2.98,-5.54,92.34
19,-7.619,-4.025,4.95,-11.466,155.685,-11.441,155.621,-1.625,0.002,0.011,0.002,-2.97,-5.54,92.34
19,-7.619,-4.025,5.00,-11.466,155.685,-11.440,155.621,-1.626,0.003,0.012,0.003,-2.94,-5.53,92.34
19,-7.619,-4.025,5.05,-11.466,155.685,-11.439,155.621,-1.626,0.004,0.014,0.003,-2.93,-5.53,92.34
19,-7.619,-4.025,5.10,-11.466,155.685,-11.438,155.622,-1.626,0.004,0.014,0.003,-2.90,-5.53,92.34
19,-7.619,-4.025,5.15,-11.466,155.685,-11.437,155.622,-1.625,0.005,0.016,0.004,-2.89,-5.52,92.34
19,-7.619,-4.025,5.20,-11.466,155.685,-11.437,155.623,-1.625,0.005,0.017,0.004,-2.87,-5.52,92.34
19,-7.619,-4.025,5.25,-11.466,155.685,-11.436,155.624,-1.625,0.004,0.019,0.004,-2.85,-5.51,92.34
19,-7.619,-4.025,5.30,-11.466,155.685,-11.435,155.625,-1.625,0.004,0.019,0.004,-2.83,-5.50,92.34
19,-7.619,-4.025,5.35,-11.466,155.685,-11.435,155.626,-1.624,0.003,0.021,0.004,-2.82,-5.49,92.34
19,-7.619,-4.025,5.40,-11.466,155.685,-11.435,155.627,-1.624,0.002,0.022,0.004,-2.81,-5.47,92.33
19,-7.619,-4.025,5.45,-11.466,155.685,-11.435,155.628,-1.624,0.000,0.023,0.004,-2.81,-5.46,92.33
19,-7.619,-4.025,5.50,-11.466,155.685,-11.435,155.629,-1.624,-0.000,0.023,0.004,-2.80,-5.44,92.33
19,-7.619,-4.025,5.55,-11.466,155.685,-11.435,155.630,-1.624,-0.002,0.024,0.003,-2.80,-5.43,92.33
19,-7.619,-4.025,5.60,-11.466,155.685,-11.435,155.631,-1.623,-0.003,0.024,0.003,-2.81,-5.42,92.33
19,-7.619,-4.025,5.65,-11.466,155.685,-11.436,155.633,-1.623,-0.004,0.024,0.003,-2.81,-5.40,92.32
19,-7.619,-4.025,5.70,-11.466,155.685,-11.436,155.633,-1.623,-0.005,0.024,0.003,-2.82,-5.39,92.32
19,-7.619,-4.025,5.75,-11.466,155.685,-11.437,155.634,-1.622,-0.006,0.024,0.003,-2.83,-5.38,92.32
19,-7.619,-4.025,5.80,-11.466,155.685,-11.437,155.634,-1.622,-0.007,0.023,0.002,-2.84,-5.37,92.32
19,-7.619,-4.025,5.85,-11.466,155.685,-11.439,155.635,-1.621,-0.008,0.022,0.002,-2.85,-5.37,92.32
19,-7.619,-4.025,5.90,-11.466,155.685,-11.439,155.635,-1.621,-0.009,0.022,0.002,-2.86,-5.37,92.31
19,-7.619,-4.025,5.95,-11.466,155.685,-11.441,155.636,-1.620,-0.010,0.021,0.001,-2.87,-5.36,92.31
19,-7.619,-4.025,6.00,-11.466,155.685,-11.441,155.636,-1.620,-0.010,0.021,0.001,-2.89,-5.36,92.31
19,-7.619,-4.025,6.05,-11.466,155.685,-11.443,155.637,-1.619,-0.011,0.021,-0.000,-2.90,-5.37,92.31
19,-7.619,-4.025,6.10,-11.466,155.685,-11.443,155.638,-1.618,-0.011,0.021,-0.000,-2.91,-5.37,92.31
19,-7.619,-4.025,6.15,-11.466,155.685,-11.445,155.639,-1.617,-0.011,0.021,-0.001,-2.92,-5.37,92.32
19,-7.619,-4.025,6.20,-11.466,155.685,-11.445,155.639,-1.617,-0.011,0.021,-0.002,-2.94,-5.36,92.32
19,-7.619,-4.025,6.25,-11.466,155.685,-11.446,155.640,-1.616,-0.010,0.020,-0.003,-2.95,-5.36,92.32
19,-7.619,-4.025,6.30,-11.466,155.685,-11.446,155.641,-1.615,-0.010,0.020,-0.004,-2.96,-5.36,92.32
19,-7.619,-4.025,6.35,-11.466,155.685,-11.446,155.642,-1.614,-0.009,0.020,-0.005,-2.96,-5.36,92.32
19,-7.619,-4.025,6.40,-11.466,155.685,-11.446,155.642,-1.614,-0.008,0.020,-0.005,-2.96,-5.36,92.32
19,-7.619,-4.025,6.45,-11.466,155.685,-11.445,155.642,-1.613,-0.007,0.018,-0.006,-2.96,-5.36,92.32
19,-7.619,-4.025,6.50,-11.466,155.685,-11.445,155.642,-1.613,-0.007,0.018,-0.007,-2.95,-5.35,92.32
19,-7.619,-4.025,6.55,-11.466,155.685,-11.445,155.642,-1.612,-0.006,0.016,-0.007,-2.94,-5.36,92.32
19,-7.619,-4.025,6.60,-11.466,155.685,-11.444,155.642,-1.612,-0.005,0.016,-0.008,-2.94,-5.37,92.32
19,-7.619,-4.025,6.65,-11.466,155.685,-11.444,155.641,-1.611,-0.004,0.015,-0.008,-2.93,-5.37,92.32
19,-7.619,-4.025,6.70,-11.466,155.685,-11.444,155.641,-1.611,-0.004,0.015,-0.009,-2.91,-5.38,92.33
19,-7.619,-4.025,6.75,-11.466,155.685,-11.443,155.641,-1.610,-0.003,0.014,-0.010,-2.91,-5.39,92.33
19,-7.619,-4.025,6.80,-11.466,155.685,-11.442,155.641,-1.610,-0.003,0.014,-0.010,-2.90,-5.40,92.33
19,-7.619,-4.025,6.85,-11.466,155.685,-11.441,155.642,-1.610,-0.002,0.013,-0.011,-2.89,-5.41,92.33
19,-7.619,-4.025,6.90,-11.466,155.685,-11.441,155.642,-1.610,-0.002,0.013,-0.011,-2.87,-5.42,92.33
19,-7.619,-4.025,6.95,-11.466,155.685,-11.439,155.642,-1.610,-0.002,0.012,-0.012,-2.86,-5.43,92.33
19,-7.619,-4.025,7.00,-11.466,155.685,-11.439,155.642,-1.610,-0.001,0.012,-0.012,-2.85,-5.43,92.33
19,-7.619,-4.025,7.05,-11.466,155.685,-11.438,155.642,-1.610,-0.002,0.012,-0.012,-2.84,-5.44,92.33
19,-7.619,-4.025,7.10,-11.466,155.685,-11.437,155.642,-1.611,-0.002,0.012,-0.013,-2.82,-5.45,92.33
19,-7.619,-4.025,7.15,-11.466,155.685,-11.437,155.642,-1.611,-0.002,0.011,-0.012,-2.81,-5.45,92.33
19,-7.619,-4.025,7.20,-11.466,155.685,-11.437,155.642,-1.611,-0.003,0.011,-0.012,-2.80,-5.46,92.32
19,-7.619,-4.025,7.25,-11.466,155.685,-11.437,155.643,-1.611,-0.004,0.012,-0.011,-2.80,-5.46,92.32
19,-7.619,-4.025,7.30,-11.466,155.685,-11.437,155.643,-1.611,-0.005,0.012,-0.011,-2.79,-5.47,92.32
19,-7.619,-4.025,7.35,-11.466,155.685,-11.438,155.643,-1.610,-0.006,0.012,-0.011,-2.79,-5.47,92.32
19,-7.619,-4.025,7.40,-11.466,155.685,-11.438,155.644,-1.610,-0.007,0.012,-0.011,-2.79,-5.47,92.32
19,-7.619,-4.025,7.45,-11.466,155.685,-11.439,155.644,-1.610,-0.009,0.013,-0.011,-2.80,-5.47,92.32
19,-7.619,-4.025,7.50,-11.466,155.685,-11.439,155.644,-1.610,-0.010,0.013,-0.011,-2.81,-5.46,92.32
19,-7.619,-4.025,7.55,-11.466,155.685,-11.440,155.645,-1.610,-0.011,0.013,-0.011,-2.82,-5.46,92.32
19,-7.619,-4.025,7.60,-11.466,155.685,-11.440,155.645,-1.611,-0.011,0.013,-0.011,-2.83,-5.46,92.32
19,-7.619,-4.025,7.65,-11.466,155.685,-11.441,155.645,-1.611,-0.012,0.013,-0.011,-2.84,-5.46,92.32
19,-7.619,-4.025,7.70,-11.466,155.685,-11.441,155.646,-1.611,-0.012,0.013,-0.011,-2.86,-5.45,92.32
19,-7.619,-4.025,7.75,-11.466,155.685,-11.441,155.646,-1.612,-0.012,0.013,-0.011,-2.87,-5.45,92.32
19,-7.619,-4.025,7.80,-11.466,155.685,-11.441,155.647,-1.613,-0.011,0.013,-0.011,-2.88,-5.45,92.32
19,-7.619,-4.025,7.85,-11.466,155.685,-11.440,155.648,-1.615,-0.011,0.013,-0.010,-2.88,-5.45,92.32
19,-7.619,-4.025,7.90,-11.466,155.685,-11.440,155.648,-1.615,-0.011,0.013,-0.010,-2.88,-5.45,92.32
19,-7.619,-4.025,7.95,-11.466,155.685,-11.440,155.650,-1.617,-0.010,0.014,-0.008,-2.88,-5.45,92.32
20,6.756,2.001,0.00,-11.466,155.685,-11.668,155.959,-1.614,-0.219,0.641,-0.010,-6.35,0.46,91.90
20,6.756,2.001,0.05,-11.466,155.685,-11.680,156.007,-1.614,-0.187,0.675,-0.013,-6.52,1.20,91.79
20,6.756,2.001,0.10,-11.466,155.685,-11.684,156.032,-1.614,-0.169,0.689,-0.015,-6.62,1.88,91.68
20,6.756,2.001,0.15,-11.466,155.685,-11.691,156.081,-1.614,-0.128,0.710,-0.018,-6.67,2.60,91.57
20,6.756,2.001,0.20,-11.466,155.685,-11.694,156.112,-1.614,-0.101,0.719,-0.019,-6.65,3.26,91.47
20,6.756,2.001,0.25,-11.466,155.685,-11.694,156.162,-1.615,-0.055,0.726,-0.021,-6.59,3.95,91.37
20,6.756,2.001,0.30,-11.466,155.685,-11.694,156.186,-1.615,-0.031,0.726,-0.021,-6.47,4.55,91.30
20,6.756,2.001,0.35,-11.466,155.685,-11.689,156.234,-1.616,0.018,0.720,-0.022,-6.29,5.18,91.24
20,6.756,2.001,0.40,-11.466,155.685,-11.685,156.264,-1.617,0.048,0.712,-0.023,-6.09,5.71,91.21
20,6.756,2.001,0.45,-11.466,155.685,-11.674,156.309,-1.618,0.096,0.693,-0.022,-5.82,6.25,91.18
20,6.756,2.001,0.50,-11.466,155.685,-11.668,156.330,-1.619,0.120,0.681,-0.022,-5.55,6.70,91.17
20,6.756,2.001,0.55,-11.466,155.685,-11.653,156.372,-1.620,0.166,0.653,-0.021,-5.21,7.14,91.17
20,6.756,2.001,0.60,-11.466,155.685,-11.642,156.396,-1.620,0.193,0.632,-0.020,-4.88,7.51,91.19
20,6.756,2.001,0.65,-11.466,155.685,-11.622,156.432,-1.621,0.234,0.594,-0.018,-4.49,7.85,91.22
20,6.756,2.001,0.70,-11.466,155.685,-11.611,156.449,-1.622,0.253,0.573,-0.017,-4.12,8.12,91.25
20,6.756,2.001,0.75,-11.466,155.685,-11.588,156.480,-1.623,0.289,0.529,-0.016,-3.71,8.36,91.29
20,6.756,2.001,0.80,-11.466,155.685,-11.572,156.497,-1.624,0.309,0.500,-0.014,-3.32,8.54,91.33
20,6.756,2.001,0.85,-11.466,155.685,-11.547,156.522,-1.625,0.338,0.452,-0.012,-2.90,8.69,91.38
20,6.756,2.001,0.90,-11.466,155.685,-11.533,156.533,-1.626,0.350,0.427,-0.011,-2.51,8.79,91.43
20,6.756,2.001,0.95,-11.466,155.685,-11.506,156.553,-1.628,0.372,0.376,-0.009,-2.08,8.85,91.48
20,6.756,2.001,1.00,-11.466,155.685,-11.488,156.563,-1.628,0.383,0.344,-0.007,-1.70,8.88,91.54
20,6.756,2.001,1.05,-11.466,155.685,-11.460,156.577,-1.629,0.397,0.293,-0.004,-1.30,8.87,91.59
20,6.756,2.001,1.10,-11.466,155.685,-11.446,156.582,-1.630,0.402,0.268,-0.003,-0.95,8.83,91.64
20,6.756,2.001,1.15,-11.466,155.685,-11.418,156.591,-1.630,0.409,0.218,-0.000,-0.57,8.76,91.69
20,6.756,2.001,1.20,-11.466,155.685,-11.401,156.595,-1.630,0.411,0.188,0.001,-0.25,8.68,91.73
20,6.756,2.001,1.25,-11.466,155.685,-11.374,156.599,-1.631,0.412,0.141,0.003,0.08,8.56,91.77
20,6.756,2.001,1.30,-11.466,155.685,-11.361,156.600,-1.631,0.410,0.118,0.004,0.37,8.44,91.81
20,6.756,2.001,1.35,-11.466,155.685,-11.336,156.600,-1.630,0.405,0.074,0.006,0.66,8.30,91.84
20,6.756,2.001,1.40,-11.466,155.685,-11.320,156.599,-1.630,0.400,0.047,0.007,0.90,8.15,91.87
20,6.756,2.001,1.45,-11.466,155.685,-11.296,156.595,-1.629,0.391,0.007,0.008,1.15,7.98,91.90
20,6.756,2.001,1.50,-11.466,155.685,-11.284,156.593,-1.629,0.386,-0.011,0.009,1.35,7.82,91.93
20,6.756,2.001,1.55,-11.466,155.685,-11.261,156.586,-1.628,0.373,-0.047,0.009,1.55,7.64,91.96
20,6.756,2.001,1.60,-11.466,155.685,-11.248,156.581,-1.627,0.365,-0.067,0.010,1.72,7.47,92.00
20,6.756,2.001,1.65,-11.466,155.685,-11.226,156.573,-1.626,0.350,-0.098,0.010,1.89,7.28,92.04
20,6.756,2.001,1.70,-11.466,155.685,-11.216,156.568,-1.625,0.342,-0.112,0.010,2.03,7.11,92.08
20,6.756,2.001,1.75,-11.466,155.685,-11.196,156.557,-1.625,0.326,-0.138,0.010,2.17,6.93,92.13
20,6.756,2.001,1.80,-11.466,155.685,-11.184,156.550,-1.624,0.315,-0.153,0.009,2.29,6.76,92.18
20,6.756,2.001,1.85,-11.466,155.685,-11.165,156.539,-1.623,0.297,-0.174,0.009,2.41,6.59,92.23
20,6.756,2.001,1.90,-11.466,155.685,-11.157,156.533,-1.622,0.288,-0.184,0.009,2.51,6.44,92.28
20,6.756,2.001,1.95,-11.466,155.685,-11.140,156.520,-1.620,0.269,-0.202,0.008,2.61,6.28,92.33
20,6.756,2.001,2.00,-11.466,155.685,-11.130,156.512,-1.619,0.257,-0.211,0.008,2.69,6.13,92.36
20,6.756,2.001,2.05,-11.466,155.685,-11.115,156.499,-1.618,0.237,-0.225,0.007,2.77,5.99,92.39
20,6.756,2.001,2.10,-11.466,155.685,-11.109,156.492,-1.618,0.227,-0.231,0.006,2.84,5.86,92.40
20,6.756,2.001,2.15,-11.466,155.685,-11.097,156.478,-1.617,0.205,-0.241,0.005,2.90,5.73,92.40
20,6.756,2.001,2.20,-11.466,155.685,-11.090,156.470,-1.617,0.192,-0.247,0.004,2.94,5.62,92.39
20,6.756,2.001,2.25,-11.466,155.685,-11.081,156.455,-1.616,0.170,-0.254,0.004,2.97,5.51,92.37
20,6.756,2.001,2.30,-11.466,155.685,-11.077,156.448,-1.616,0.159,-0.258,0.003,2.99,5.41,92.34
20,6.756,2.001,2.35,-11.466,155.685,-11.070,156.433,-1.615,0.138,-0.263,0.003,2.99,5.31,92.30
20,6.756,2.001,2.40,-11.466,155.685,-11.066,156.423,-1.615,0.124,-0.266,0.003,2.99,5.22,92.26
20,6.756,2.001,2.45,-11.466,155.685,-11.061,156.407,-1.615,0.104,-0.270,0.003,2.97,5.13,92.22
20,6.756,2.001,2.50,-11.466,155.685,-11.059,156.399,-1.614,0.094,-0.272,0.002,2.95,5.05,92.19
20,6.756,2.001,2.55,-11.466,155.685,-11.056,156.383,-1.614,0.074,-0.274,0.002,2.92,4.97,92.15
20,6.756,2.001,2.60,-11.466,155.685,-11.054,156.373,-1.613,0.062,-0.274,0.002,2.88,4.89,92.12
20,6.756,2.001,2.65,-11.466,155.685,-11.053,156.356,-1.613,0.043,-0.275,0.002,2.84,4.81,92.08
20,6.756,2.001,2.70,-11.466,155.685,-11.053,156.348,-1.613,0.034,-0.275,0.002,2.79,4.74,92.06
20,6.756,2.001,2.75,-11.466,155.685,-11.053,156.332,-1.612,0.017,-0.274,0.001,2.74,4.67,92.04
20,6.756,2.001,2.80,-11.466,155.685,-11.054,156.322,-1.612,0.007,-0.272,0.001,2.69,4.60,92.02
20,6.756,2.001,2.85,-11.466,155.685,-11.057,156.306,-1.612,-0.008,-0.270,0.001,2.63,4.54,92.00
20,6.756,2.001,2.90,-11.466,155.685,-11.058,156.298,-1.612,-0.015,-0.269,0.001,2.57,4.48,91.99
20,6.756,2.001,2.95,-11.466,155.685,-11.061,156.282,-1.613,-0.028,-0.265,0.000,2.50,4.42,91.99
20,6.756,2.001,3.00,-11.466,155.685,-11.064,156.272,-1.613,-0.036,-0.262,0.000,2.44,4.37,92.00
20,6.756,2.001,3.05,-11.466,155.685,-11.068,156.257,-1.613,-0.047,-0.258,0.000,2.37,4.32,92.02
20,6.756,2.001,3.10,-11.466,155.685,-11.070,156.250,-1.613,-0.051,-0.255,0.001,2.31,4.28,92.05
20,6.756,2.001,3.15,-11.466,155.685,-11.074,156.235,-1.614,-0.060,-0.250,0.001,2.24,4.23,92.08
20,6.756,2.001,3.20,-11.466,155.685,-11.077,156.226,-1.614,-0.065,-0.246,0.001,2.19,4.20,92.11
20,6.756,2.001,3.25,-11.466,155.685,-11.083,156.213,-1.614,-0.071,-0.240,0.001,2.14,4.16,92.15
20,6.756,2.001,3.30,-11.466,155.685,-11.085,156.207,-1.615,-0.074,-0.236,0.002,2.09,4.13,92.17
20,6.756,2.001,3.35,-11.466,155.685,-11.090,156.195,-1.615,-0.079,-0.228,0.002,2.04,4.10,92.20
20,6.756,2.001,3.40,-11.466,155.685,-11.094,156.187,-1.615,-0.082,-0.223,0.002,2.00,4.08,92.22
20,6.756,2.001,3.45,-11.466,155.685,-11.099,156.176,-1.614,-0.086,-0.215,0.002,1.97,4.07,92.24
20,6.756,2.001,3.50,-11.466,155.685,-11.102,156.171,-1.614,-0.088,-0.211,0.002,1.94,4.07,92.25
20,6.756,2.001,3.55,-11.466,155.685,-11.109,156.161,-1.615,-0.091,-0.202,0.001,1.90,4.07,92.26
20,6.756,2.001,3.60,-11.466,155.685,-11.112,156.155,-1.615,-0.093,-0.197,0.001,1.88,4.07,92.26
20,6.756,2.001,3.65,-11.466,155.685,-11.118,156.146,-1.615,-0.095,-0.189,0.001,1.85,4.08,92.27
20,6.756,2.001,3.70,-11.466,155.685,-11.121,156.141,-1.616,-0.096,-0.185,0.001,1.82,4.10,92.27
20,6.756,2.001,3.75,-11.466,155.685,-11.126,156.133,-1.616,-0.096,-0.178,0.000,1.79,4.11,92.27
20,6.756,2.001,3.80,-11.466,155.685,-11.129,156.127,-1.617,-0.096,-0.173,0.000,1.77,4.13,92.28
20,6.756,2.001,3.85,-11.466,155.685,-11.134,156.119,-1.618,-0.095,-0.167,0.001,1.76,4.15,92.29
20,6.756,2.001,3.90,-11.466,155.685,-11.136,156.115,-1.619,-0.094,-0.163,0.001,1.75,4.17,92.29
20,6.756,2.001,3.95,-11.466,155.685,-11.140,156.107,-1.621,-0.093,-0.157,0.002,1.75,4.18,92.30
20,6.756,2.001,4.00,-11.466,155.685,-11.142,156.102,-1.621,-0.092,-0.153,0.002,1.75,4.20,92.31
20,6.756,2.001,4.05,-11.466,155.685,-11.146,156.095,-1.623,-0.091,-0.148,0.003,1.76,4.22,92.31
20,6.756,2.001,4.10,-11.466,155.685,-11.148,156.091,-1.624,-0.091,-0.145,0.004,1.77,4.23,92.31
20,6.756,2.001,4.15,-11.466,155.685,-11.151,156.084,-1.625,-0.089,-0.140,0.005,1.78,4.24,92.31
20,6.756,2.001,4.20,-11.466,155.685,-11.153,156.080,-1.625,-0.088,-0.137,0.006,1.79,4.26,92.31
20,6.756,2.001,4.25,-11.466,155.685,-11.157,156.074,-1.626,-0.087,-0.132,0.007,1.81,4.27,92.30
20,6.756,2.001,4.30,-11.466,155.685,-11.159,156.071,-1.626,-0.086,-0.129,0.008,1.82,4.29,92.30
20,6.756,2.001,4.35,-11.466,155.685,-11.162,156.065,-1.626,-0.085,-0.125,0.008,1.84,4.30,92.29
20,6.756,2.001,4.40,-11.466,155.685,-11.164,156.061,-1.626,-0.085,-0.123,0.009,1.85,4.32,92.29
20,6.756,2.001,4.45,-11.466,155.685,-11.167,156.055,-1.625,-0.084,-0.119,0.009,1.86,4.33,92.28
20,6.756,2.001,4.50,-11.466,155.685,-11.169,156.052,-1.625,-0.083,-0.117,0.009,1.87,4.34,92.27
20,6.756,2.001,4.55,-11.466,155.685,-11.172,156.047,-1.624,-0.083,-0.114,0.009,1.88,4.35,92.27
20,6.756,2.001,4.60,-11.466,155.685,-11.175,156.043,-1.624,-0.082,-0.113,0.009,1.89,4.36,92.27
20,6.756,2.001,4.65,-11.466,155.685,-11.179,156.038,-1.624,-0.082,-0.110,0.008,1.90,4.37,92.26
20,6.756,2.001,4.70,-11.466,155.685,-11.181,156.035,-1.624,-0.082,-0.109,0.008,1.91,4.37,92.26
20,6.756,2.001,4.75,-11.466,155.685,-11.185,156.030,-1.623,-0.083,-0.106,0.008,1.92,4.38,92.27
20,6.756,2.001,4.80,-11.466,155.685,-11.188,156.026,-1.623,-0.083,-0.105,0.007,1.92,4.39,92.27
20,6.756,2.001,4.85,-11.466,155.685,-11.193,156.021,-1.622,-0.084,-0.103,0.007,1.91,4.39,92.27
20,6.756,2.001,4.90,-11.466,155.685,-11.195,156.019,-1.622,-0.084,-0.102,0.007,1.91,4.39,92.28
20,6.756,2.001,4.95,-11.466,155.685,-11.201,156.014,-1.621,-0.085,-0.099,0.006,1.90,4.40,92.28
20,6.756,2.001,5.00,-11.466,155.685,-11.204,156.011,-1.621,-0.085,-0.098,0.005,1.89,4.40,92.28
20,6.756,2.001,5.05,-11.466,155.685,-11.209,156.007,-1.620,-0.085,-0.095,0.004,1.87,4.40,92.29
20,6.756,2.001,5.10,-11.466,155.685,-11.212,156.005,-1.620,-0.085,-0.094,0.004,1.85,4.41,92.29
20,6.756,2.001,5.15,-11.466,155.685,-11.217,156.001,-1.619,-0.085,-0.092,0.004,1.83,4.42,92.29
20,6.756,2.001,5.20,-11.466,155.685,-11.221,155.999,-1.618,-0.085,-0.091,0.003,1.82,4.43,92.29
20,6.756,2.001,5.25,-11.466,155.685,-11.226,155.995,-1.617,-0.084,-0.089,0.002,1.80,4.43,92.29
20,6.756,2.001,5.30,-11.466,155.685,-11.229,155.993,-1.617,-0.084,-0.088,0.002,1.78,4.44,92.29
20,6.756,2.001,5.35,-11.466,155.685,-11.234,155.989,-1.616,-0.083,-0.086,0.001,1.77,4.45,92.29
20,6.756,2.001,5.40,-11.466,155.685,-11.237,155.987,-1.615,-0.082,-0.085,0.000,1.75,4.46,92.30
20,6.756,2.001,5.45,-11.466,155.685,-11.242,155.984,-1.614,-0.081,-0.084,-0.001,1.74,4.47,92.30
20,6.756,2.001,5.50,-11.466,155.685,-11.245,155.982,-1.614,-0.080,-0.083,-0.002,1.73,4.48,92.31
20,6.756,2.001,5.55,-11.466,155.685,-11.251,155.978,-1.613,-0.079,-0.082,-0.003,1.72,4.49,92.32
20,6.756,2.001,5.60,-11.466,155.685,-11.254,155.976,-1.614,-0.079,-0.081,-0.004,1.70,4.49,92.33
20,6.756,2.001,5.65,-11.466,155.685,-11.260,155.973,-1.614,-0.078,-0.080,-0.005,1.69,4.50,92.34
20,6.756,2.001,5.70,-11.466,155.685,-11.263,155.972,-1.615,-0.077,-0.079,-0.005,1.68,4.51,92.35
20,6.756,2.001,5.75,-11.466,155.685,-11.270,155.970,-1.616,-0.077,-0.077,-0.005,1.66,4.51,92.37
20,6.756,2.001,5.80,-11.466,155.685,-11.274,155.968,-1.617,-0.076,-0.076,-0.005,1.65,4.52,92.38
20,6.756,2.001,5.85,-11.466,155.685,-11.280,155.965,-1.618,-0.075,-0.075,-0.005,1.62,4.54,92.39
20,6.756,2.001,5.90,-11.466,155.685,-11.284,155.964,-1.618,-0.075,-0.074,-0.004,1.60,4.55,92.41
20,6.756,2.001,5.95,-11.466,155.685,-11.290,155.961,-1.619,-0.073,-0.073,-0.003,1.58,4.56,92.41
20,6.756,2.001,6.00,-11.466,155.685,-11.294,155.959,-1.619,-0.072,-0.073,-0.003,1.56,4.57,92.42
20,6.756,2.001,6.05,-11.466,155.685,-11.300,155.956,-1.619,-0.070,-0.072,-0.002,1.53,4.58,92.42
20,6.756,2.001,6.10,-11.466,155.685,-11.303,155.955,-1.619,-0.068,-0.072,-0.001,1.51,4.59,92.43
20,6.756,2.001,6.15,-11.466,155.685,-11.309,155.952,-1.619,-0.066,-0.072,-0.001,1.49,4.59,92.42
20,6.756,2.001,6.20,-11.466,155.685,-11.312,155.951,-1.619,-0.064,-0.071,-0.001,1.48,4.60,92.42
20,6.756,2.001,6.25,-11.466,155.685,-11.317,155.948,-1.620,-0.060,-0.071,-0.001,1.46,4.61,92.42
20,6.756,2.001,6.30,-11.466,155.685,-11.319,155.946,-1.620,-0.059,-0.071,-0.000,1.45,4.61,92.41
20,6.756,2.001,6.35,-11.466,155.685,-11.324,155.943,-1.620,-0.055,-0.071,-0.000,1.44,4.61,92.40
20,6.756,2.001,6.40,-11.466,155.685,-11.327,155.941,-1.620,-0.052,-0.071,-0.000,1.44,4.62,92.39
20,6.756,2.001,6.45,-11.466,155.685,-11.331,155.938,-1.619,-0.049,-0.071,-0.000,1.44,4.61,92.38
20,6.756,2.001,6.50,-11.466,155.685,-11.333,155.937,-1.619,-0.047,-0.071,-0.000,1.44,4.61,92.38
20,6.756,2.001,6.55,-11.466,155.685,-11.336,155.933,-1.619,-0.044,-0.072,-0.000,1.44,4.61,92.37
20,6.756,2.001,6.60,-11.466,155.685,-11.339,155.931,-1.619,-0.041,-0.071,-0.000,1.45,4.61,92.36
20,6.756,2.001,6.65,-11.466,155.685,-11.342,155.928,-1.619,-0.038,-0.071,-0.000,1.45,4.60,92.36
20,6.756,2.001,6.70,-11.466,155.685,-11.344,155.927,-1.619,-0.036,-0.071,-0.000,1.46,4.60,92.35
20,6.756,2.001,6.75,-11.466,155.685,-11.347,155.924,-1.619,-0.033,-0.071,-0.000,1.47,4.60,92.35
20,6.756,2.001,6.80,-11.466,155.685,-11.348,155.922,-1.619,-0.031,-0.071,-0.001,1.48,4.59,92.34
20,6.756,2.001,6.85,-11.466,155.685,-11.351,155.918,-1.618,-0.027,-0.070,-0.001,1.49,4.59,92.34
20,6.756,2.001,6.90,-11.466,155.685,-11.352,155.917,-1.618,-0.026,-0.070,-0.001,1.50,4.58,92.34
20,6.756,2.001,6.95,-11.466,155.685,-11.355,155.913,-1.617,-0.023,-0.070,-0.001,1.51,4.58,92.34
20,6.756,2.001,7.00,-11.466,155.685,-11.356,155.911,-1.617,-0.021,-0.069,-0.002,1.52,4.58,92.34
20,6.756,2.001,7.05,-11.466,155.685,-11.358,155.908,-1.616,-0.019,-0.069,-0.002,1.54,4.57,92.34
20,6.756,2.001,7.10,-11.466,155.685,-11.359,155.906,-1.616,-0.018,-0.069,-0.002,1.55,4.57,92.34
20,6.756,2.001,7.15,-11.466,155.685,-11.360,155.903,-1.616,-0.015,-0.069,-0.003,1.56,4.56,92.34
20,6.756,2.001,7.20,-11.466,155.685,-11.361,155.900,-1.616,-0.013,-0.069,-0.003,1.57,4.56,92.33
20,6.756,2.001,7.25,-11.466,155.685,-11.362,155.897,-1.616,-0.010,-0.069,-0.004,1.58,4.55,92.33
20,6.756,2.001,7.30,-11.466,155.685,-11.362,155.895,-1.616,-0.009,-0.069,-0.004,1.60,4.54,92.32
20,6.756,2.001,7.35,-11.466,155.685,-11.361,155.891,-1.617,-0.006,-0.068,-0.004,1.62,4.53,92.31
20,6.756,2.001,7.40,-11.466,155.685,-11.360,155.889,-1.617,-0.003,-0.068,-0.004,1.64,4.52,92.30
20,6.756,2.001,7.45,-11.466,155.685,-11.358,155.886,-1.618,0.000,-0.067,-0.004,1.67,4.51,92.29
20,6.756,2.001,7.50,-11.466,155.685,-11.357,155.884,-1.619,0.002,-0.067,-0.004,1.69,4.50,92.28
20,6.756,2.001,7.55,-11.466,155.685,-11.354,155.881,-1.620,0.005,-0.066,-0.003,1.73,4.49,92.27
20,6.756,2.001,7.60,-11.466,155.685,-11.353,155.878,-1.620,0.006,-0.065,-0.003,1.77,4.48,92.27
20,6.756,2.001,7.65,-11.466,155.685,-11.350,155.875,-1.622,0.008,-0.064,-0.002,1.82,4.48,92.26
20,6.756,2.001,7.70,-11.466,155.685,-11.349,155.873,-1.622,0.009,-0.063,-0.001,1.86,4.47,92.26
20,6.756,2.001,7.75,-11.466,155.685,-11.346,155.870,-1.623,0.009,-0.062,-0.000,1.91,4.47,92.26
20,6.756,2.001,7.80,-11.466,155.685,-11.345,155.867,-1.624,0.009,-0.062,0.000,1.95,4.46,92.26
20,6.756,2.001,7.85,-11.466,155.685,-11.343,155.863,-1.625,0.008,-0.062,0.001,1.99,4.46,92.26
20,6.756,2.001,7.90,-11.466,155.685,-11.342,155.861,-1.626,0.007,-0.062,0.001,2.03,4.45,92.26
20,6.756,2.001,7.95,-11.466,155.685,-11.340,155.856,-1.627,0.006,-0.061,0.003,2.06,4.44,92.26
21,-0.558,2.210,0.00,-11.466,155.685,-11.346,155.639,-1.628,0.131,-0.276,0.013,3.05,1.92,92.33
21,-0.558,2.210,0.05,-11.466,155.685,-11.342,155.630,-1.628,0.129,-0.284,0.013,3.18,1.62,92.32
21,-0.558,2.210,0.10,-11.466,155.685,-11.333,155.610,-1.628,0.123,-0.296,0.012,3.29,1.34,92.31
21,-0.558,2.210,0.15,-11.466,155.685,-11.328,155.598,-1.628,0.118,-0.302,0.012,3.39,1.04,92.31
21,-0.558,2.210,0.20,-11.466,155.685,-11.321,155.577,-1.628,0.109,-0.309,0.012,3.46,0.78,92.31
21,-0.558,2.210,0.25,-11.466,155.685,-11.318,155.567,-1.628,0.103,-0.311,0.012,3.53,0.49,92.30
21,-0.558,2.210,0.30,-11.466,155.685,-11.312,155.547,-1.627,0.091,-0.314,0.011,3.57,0.24,92.30
21,-0.558,2.210,0.35,-11.466,155.685,-11.309,155.534,-1.627,0.083,-0.314,0.011,3.60,-0.02,92.30
21,-0.558,2.210,0.40,-11.466,155.685,-11.305,155.514,-1.626,0.068,-0.312,0.011,3.61,-0.25,92.30
21,-0.558,2.210,0.45,-11.466,155.685,-11.304,155.505,-1.626,0.061,-0.310,0.011,3.60,-0.48,92.31
21,-0.558,2.210,0.50,-11.466,155.685,-11.302,155.486,-1.625,0.045,-0.303,0.010,3.58,-0.68,92.31
21,-0.558,2.210,0.55,-11.466,155.685,-11.302,155.475,-1.624,0.035,-0.297,0.010,3.54,-0.88,92.32
21,-0.558,2.210,0.60,-11.466,155.685,-11.302,155.458,-1.623,0.019,-0.286,0.009,3.50,-1.05,92.33
21,-0.558,2.210,0.65,-11.466,155.685,-11.303,155.450,-1.622,0.011,-0.280,0.008,3.43,-1.21,92.33
21,-0.558,2.210,0.70,-11.466,155.685,-11.305,155.436,-1.621,-0.005,-0.266,0.007,3.36,-1.34,92.34
21,-0.558,2.210,0.75,-11.466,155.685,-11.307,155.427,-1.620,-0.015,-0.257,0.007,3.27,-1.46,92.35
21,-0.558,2.210,0.80,-11.466,155.685,-11.311,155.414,-1.618,-0.029,-0.240,0.006,3.18,-1.56,92.36
21,-0.558,2.210,0.85,-11.466,155.685,-11.313,155.408,-1.617,-0.036,-0.232,0.006,3.08,-1.64,92.37
21,-0.558,2.210,0.90,-11.466,155.685,-11.317,155.397,-1.615,-0.049,-0.214,0.004,2.98,-1.71,92.38
21,-0.558,2.210,0.95,-11.466,155.685,-11.320,155.390,-1.614,-0.055,-0.202,0.003,2.87,-1.76,92.39
21,-0.558,2.210,1.00,-11.466,155.685,-11.325,155.382,-1.613,-0.065,-0.184,0.001,2.77,-1.80,92.40
21,-0.558,2.210,1.05,-11.466,155.685,-11.328,155.378,-1.612,-0.070,-0.174,0.000,2.66,-1.82,92.41
21,-0.558,2.210,1.10,-11.466,155.685,-11.333,155.371,-1.611,-0.078,-0.155,-0.001,2.57,-1.84,92.41
21,-0.558,2.210,1.15,-11.466,155.685,-11.336,155.367,-1.610,-0.082,-0.143,-0.002,2.48,-1.84,92.41
21,-0.558,2.210,1.20,-11.466,155.685,-11.342,155.362,-1.609,-0.088,-0.124,-0.004,2.39,-1.83,92.41
21,-0.558,2.210,1.25,-11.466,155.685,-11.345,155.360,-1.609,-0.091,-0.115,-0.004,2.31,-1.81,92.41
21,-0.558,2.210,1.30,-11.466,155.685,-11.352,155.357,-1.608,-0.096,-0.098,-0.005,2.24,-1.78,92.41
21,-0.558,2.210,1.35,-11.466,155.685,-11.356,155.355,-1.608,-0.098,-0.087,-0.006,2.16,-1.75,92.40
21,-0.558,2.210,1.40,-11.466,155.685,-11.363,155.352,-1.607,-0.101,-0.071,-0.007,2.09,-1.72,92.40
21,-0.558,2.210,1.45,-11.466,155.685,-11.366,155.351,-1.606,-0.103,-0.064,-0.008,2.02,-1.68,92.39
21,-0.558,2.210,1.50,-11.466,155.685,-11.374,155.348,-1.606,-0.105,-0.050,-0.008,1.95,-1.64,92.39
21,-0.558,2.210,1.55,-11.466,155.685,-11.378,155.347,-1.606,-0.106,-0.041,-0.009,1.88,-1.60,92.39
21,-0.558,2.210,1.60,-11.466,155.685,-11.386,155.346,-1.606,-0.107,-0.029,-0.010,1.82,-1.56,92.38
21,-0.558,2.210,1.65,-11.466,155.685,-11.390,155.345,-1.606,-0.107,-0.023,-0.010,1.76,-1.53,92.38
21,-0.558,2.210,1.70,-11.466,155.685,-11.397,155.345,-1.606,-0.107,-0.012,-0.010,1.70,-1.50,92.38
21,-0.558,2.210,1.75,-11.466,155.685,-11.402,155.345,-1.606,-0.106,-0.005,-0.010,1.64,-1.46,92.38
21,-0.558,2.210,1.80,-11.466,155.685,-11.409,155.345,-1.607,-0.105,0.005,-0.010,1.59,-1.43,92.37
21,-0.558,2.210,1.85,-11.466,155.685,-11.412,155.346,-1.607,-0.104,0.010,-0.010,1.53,-1.40,92.37
21,-0.558,2.210,1.90,-11.466,155.685,-11.419,155.347,-1.607,-0.101,0.020,-0.010,1.48,-1.37,92.36
21,-0.558,2.210,1.95,-11.466,155.685,-11.423,155.348,-1.607,-0.100,0.025,-0.010,1.44,-1.34,92.36
21,-0.558,2.210,2.00,-11.466,155.685,-11.429,155.349,-1.607,-0.096,0.033,-0.010,1.40,-1.31,92.35
21,-0.558,2.210,2.05,-11.466,155.685,-11.432,155.350,-1.607,-0.094,0.037,-0.010,1.36,-1.27,92.35
21,-0.558,2.210,2.10,-11.466,155.685,-11.438,155.352,-1.607,-0.091,0.044,-0.010,1.33,-1.24,92.34
21,-0.558,2.210,2.15,-11.466,155.685,-11.441,155.353,-1.607,-0.088,0.048,-0.010,1.30,-1.21,92.34
21,-0.558,2.210,2.20,-11.466,155.685,-11.446,155.356,-1.607,-0.083,0.054,-0.010,1.27,-1.19,92.34
21,-0.558,2.210,2.25,-11.466,155.685,-11.449,155.357,-1.607,-0.081,0.057,-0.010,1.25,-1.16,92.33
21,-0.558,2.210,2.30,-11.466,155.685,-11.453,155.360,-1.607,-0.075,0.062,-0.011,1.24,-1.13,92.32
21,-0.558,2.210,2.35,-11.466,155.685,-11.455,155.362,-1.607,-0.072,0.065,-0.011,1.22,-1.11,92.31
21,-0.558,2.210,2.40,-11.466,155.685,-11.459,155.366,-1.607,-0.067,0.070,-0.011,1.22,-1.08,92.31
21,-0.558,2.210,2.45,-11.466,155.685,-11.460,155.367,-1.607,-0.064,0.072,-0.011,1.22,-1.06,92.30
21,-0.558,2.210,2.50,-11.466,155.685,-11.463,155.371,-1.607,-0.060,0.077,-0.011,1.22,-1.03,92.30
21,-0.558,2.210,2.55,-11.466,155.685,-11.465,155.374,-1.608,-0.057,0.079,-0.010,1.22,-1.00,92.30
21,-0.558,2.210,2.60,-11.466,155.685,-11.468,155.379,-1.608,-0.052,0.083,-0.011,1.22,-0.98,92.30
21,-0.558,2.210,2.65,-11.466,155.685,-11.469,155.381,-1.609,-0.049,0.085,-0.011,1.23,-0.95,92.30
21,-0.558,2.210,2.70,-11.466,155.685,-11.470,155.386,-1.610,-0.044,0.088,-0.010,1.23,-0.92,92.30
21,-0.558,2.210,2.75,-11.466,155.685,-11.471,155.389,-1.611,-0.041,0.089,-0.010,1.24,-0.89,92.30
21,-0.558,2.210,2.80,-11.466,155.685,-11.473,155.394,-1.612,-0.037,0.091,-0.010,1.25,-0.86,92.30
21,-0.558,2.210,2.85,-11.466,155.685,-11.473,155.396,-1.613,-0.035,0.092,-0.009,1.27,-0.84,92.30
21,-0.558,2.210,2.90,-11.466,155.685,-11.475,155.401,-1.614,-0.031,0.093,-0.008,1.28,-0.81,92.30
21,-0.558,2.210,2.95,-11.466,155.685,-11.476,155.404,-1.615,-0.029,0.094,-0.007,1.30,-0.79,92.31
21,-0.558,2.210,3.00,-11.466,155.685,-11.478,155.408,-1.616,-0.027,0.094,-0.006,1.31,-0.77,92.31
21,-0.558,2.210,3.05,-11.466,155.685,-11.479,155.410,-1.617,-0.025,0.094,-0.005,1.32,-0.75,92.32
21,-0.558,2.210,3.10,-11.466,155.685,-11.482,155.414,-1.618,-0.023,0.093,-0.004,1.32,-0.73,92.33
21,-0.558,2.210,3.15,-11.466,155.685,-11.484,155.416,-1.618,-0.022,0.092,-0.003,1.32,-0.72,92.34
21,-0.558,2.210,3.20,-11.466,155.685,-11.486,155.420,-1.618,-0.020,0.090,-0.002,1.32,-0.71,92.35
21,-0.558,2.210,3.25,-11.466,155.685,-11.488,155.422,-1.618,-0.020,0.090,-0.001,1.32,-0.71,92.36
21,-0.558,2.210,3.30,-11.466,155.685,-11.490,155.425,-1.618,-0.018,0.089,-0.001,1.31,-0.71,92.36
21,-0.558,2.210,3.35,-11.466,155.685,-11.492,155.427,-1.618,-0.017,0.088,-0.001,1.29,-0.71,92.37
21,-0.558,2.210,3.40,-11.466,155.685,-11.494,155.431,-1.617,-0.015,0.087,-0.001,1.28,-0.72,92.38
21,-0.558,2.210,3.45,-11.466,155.685,-11.495,155.432,-1.617,-0.014,0.087,-0.001,1.27,-0.72,92.38
21,-0.558,2.210,3.50,-11.466,155.685,-11.497,155.436,-1.617,-0.012,0.085,-0.001,1.26,-0.72,92.38
21,-0.558,2.210,3.55,-11.466,155.685,-11.499,155.438,-1.617,-0.011,0.085,-0.001,1.25,-0.72,92.39
21,-0.558,2.210,3.60,-11.466,155.685,-11.501,155.441,-1.616,-0.009,0.084,-0.001,1.24,-0.72,92.39
21,-0.558,2.210,3.65,-11.466,155.685,-11.502,155.443,-1.616,-0.009,0.083,-0.001,1.23,-0.72,92.39
21,-0.558,2.210,3.70,-11.466,155.685,-11.504,155.447,-1.615,-0.007,0.083,-0.002,1.22,-0.72,92.39
21,-0.558,2.210,3.75,-11.466,155.685,-11.506,155.449,-1.615,-0.006,0.083,-0.002,1.21,-0.72,92.39
21,-0.558,2.210,3.80,-11.466,155.685,-11.508,155.453,-1.615,-0.004,0.083,-0.003,1.20,-0.72,92.39
21,-0.558,2.210,3.85,-11.466,155.685,-11.509,155.455,-1.615,-0.004,0.082,-0.003,1.19,-0.72,92.39
21,-0.558,2.210,3.90,-11.466,155.685,-11.512,155.460,-1.614,-0.002,0.082,-0.003,1.18,-0.71,92.39
21,-0.558,2.210,3.95,-11.466,155.685,-11.513,155.463,-1.614,-0.001,0.082,-0.003,1.17,-0.70,92.39
21,-0.558,2.210,4.00,-11.466,155.685,-11.515,155.468,-1.613,0.001,0.083,-0.004,1.17,-0.69,92.39
21,-0.558,2.210,4.05,-11.466,155.685,-11.516,155.471,-1.613,0.002,0.083,-0.004,1.16,-0.67,92.39
21,-0.558,2.210,4.10,-11.466,155.685,-11.519,155.476,-1.612,0.003,0.083,-0.005,1.15,-0.66,92.40
21,-0.558,2.210,4.15,-11.466,155.685,-11.521,155.480,-1.612,0.004,0.083,-0.005,1.14,-0.64,92.40
21,-0.558,2.210,4.20,-11.466,155.685,-11.523,155.486,-1.611,0.006,0.083,-0.006,1.13,-0.61,92.40
21,-0.558,2.210,4.25,-11.466,155.685,-11.524,155.490,-1.610,0.007,0.083,-0.006,1.12,-0.59,92.39
21,-0.558,2.210,4.30,-11.466,155.685,-11.527,155.496,-1.609,0.009,0.083,-0.007,1.11,-0.56,92.39
21,-0.558,2.210,4.35,-11.466,155.685,-11.528,155.500,-1.609,0.010,0.082,-0.008,1.10,-0.53,92.39
21,-0.558,2.210,4.40,-11.466,155.685,-11.530,155.506,-1.609,0.012,0.081,-0.009,1.09,-0.51,92.39
21,-0.558,2.210,4.45,-11.466,155.685,-11.530,155.509,-1.609,0.014,0.080,-0.009,1.09,-0.48,92.38
21,-0.558,2.210,4.50,-11.466,155.685,-11.532,155.515,-1.609,0.016,0.079,-0.010,1.08,-0.45,92.38
21,-0.558,2.210,4.55,-11.466,155.685,-11.533,155.519,-1.610,0.017,0.078,-0.011,1.08,-0.43,92.38
21,-0.558,2.210,4.60,-11.466,155.685,-11.534,155.526,-1.611,0.020,0.076,-0.011,1.08,-0.40,92.37
21,-0.558,2.210,4.65,-11.466,155.685,-11.534,155.529,-1.611,0.021,0.074,-0.011,1.08,-0.38,92.37
21,-0.558,2.210,4.70,-11.466,155.685,-11.535,155.535,-1.612,0.023,0.072,-0.010,1.08,-0.36,92.36
21,-0.558,2.210,4.75,-11.466,155.685,-11.535,155.538,-1.612,0.025,0.070,-0.010,1.08,-0.34,92.35
21,-0.558,2.210,4.80,-11.466,155.685,-11.535,155.544,-1.613,0.027,0.067,-0.010,1.09,-0.32,92.35
21,-0.558,2.210,4.85,-11.466,155.685,-11.535,155.546,-1.613,0.029,0.065,-0.009,1.09,-0.30,92.34
21,-0.558,2.210,4.90,-11.466,155.685,-11.534,155.550,-1.613,0.032,0.060,-0.008,1.10,-0.29,92.33
21,-0.558,2.210,4.95,-11.466,155.685,-11.533,155.553,-1.614,0.034,0.058,-0.008,1.12,-0.29,92.32
21,-0.558,2.210,5.00,-11.466,155.685,-11.532,155.556,-1.614,0.037,0.053,-0.007,1.13,-0.29,92.31
21,-0.558,2.210,5.05,-11.466,155.685,-11.531,155.558,-1.614,0.039,0.051,-0.007,1.15,-0.29,92.31
21,-0.558,2.210,5.10,-11.466,155.685,-11.528,155.561,-1.613,0.042,0.046,-0.007,1.17,-0.30,92.31
21,-0.558,2.210,5.15,-11.466,155.685,-11.526,155.563,-1.613,0.044,0.044,-0.007,1.20,-0.32,92.30
21,-0.558,2.210,5.20,-11.466,155.685,-11.523,155.565,-1.612,0.047,0.039,-0.007,1.23,-0.33,92.30
21,-0.558,2.210,5.25,-11.466,155.685,-11.521,155.566,-1.612,0.049,0.037,-0.008,1.27,-0.35,92.30
21,-0.558,2.210,5.30,-11.466,155.685,-11.517,155.569,-1.611,0.051,0.034,-0.008,1.30,-0.36,92.31
21,-0.558,2.210,5.35,-11.466,155.685,-11.514,155.570,-1.611,0.053,0.032,-0.008,1.34,-0.38,92.31
21,-0.558,2.210,5.40,-11.466,155.685,-11.510,155.572,-1.610,0.055,0.029,-0.009,1.38,-0.40,92.32
21,-0.558,2.210,5.45,-11.466,155.685,-11.507,155.573,-1.610,0.056,0.027,-0.009,1.42,-0.42,92.32
21,-0.558,2.210,5.50,-11.466,155.685,-11.502,155.575,-1.610,0.057,0.025,-0.010,1.47,-0.44,92.33
21,-0.558,2.210,5.55,-11.466,155.685,-11.499,155.577,-1.610,0.058,0.024,-0.010,1.51,-0.46,92.35
21,-0.558,2.210,5.60,-11.466,155.685,-11.493,155.580,-1.610,0.058,0.023,-0.010,1.55,-0.47,92.36
21,-0.558,2.210,5.65,-11.466,155.685,-11.490,155.581,-1.610,0.058,0.022,-0.011,1.60,-0.48,92.37
21,-0.558,2.210,5.70,-11.466,155.685,-11.485,155.583,-1.610,0.058,0.021,-0.011,1.64,-0.49,92.38
21,-0.558,2.210,5.75,-11.466,155.685,-11.482,155.585,-1.610,0.057,0.020,-0.011,1.69,-0.49,92.39
21,-0.558,2.210,5.80,-11.466,155.685,-11.478,155.587,-1.610,0.054,0.019,-0.011,1.72,-0.49,92.39
21,-0.558,2.210,5.85,-11.466,155.685,-11.476,155.588,-1.611,0.053,0.018,-0.011,1.76,-0.50,92.39
21,-0.558,2.210,5.90,-11.466,155.685,-11.473,155.590,-1.611,0.049,0.017,-0.011,1.79,-0.50,92.38
21,-0.558,2.210,5.95,-11.466,155.685,-11.471,155.591,-1.612,0.047,0.015,-0.011,1.81,-0.50,92.38
21,-0.558,2.210,6.00,-11.466,155.685,-11.469,155.592,-1.613,0.042,0.014,-0.010,1.82,-0.51,92.37
21,-0.558,2.210,6.05,-11.466,155.685,-11.468,155.592,-1.613,0.040,0.012,-0.010,1.83,-0.51,92.36
21,-0.558,2.210,6.10,-11.466,155.685,-11.466,155.593,-1.614,0.035,0.010,-0.009,1.83,-0.52,92.34
21,-0.558,2.210,6.15,-11.466,155.685,-11.466,155.593,-1.615,0.031,0.009,-0.009,1.82,-0.53,92.33
21,-0.558,2.210,6.20,-11.466,155.685,-11.465,155.593,-1.615,0.027,0.007,-0.008,1.80,-0.54,92.32
21,-0.558,2.210,6.25,-11.466,155.685,-11.465,155.592,-1.615,0.024,0.006,-0.007,1.78,-0.56,92.31
21,-0.558,2.210,6.30,-11.466,155.685,-11.464,155.592,-1.615,0.020,0.003,-0.007,1.76,-0.58,92.30
21,-0.558,2.210,6.35,-11.466,155.685,-11.464,155.592,-1.616,0.018,0.002,-0.006,1.73,-0.60,92.30
21,-0.558,2.210,6.40,-11.466,155.685,-11.463,155.591,-1.616,0.014,0.001,-0.006,1.71,-0.63,92.29
21,-0.558,2.210,6.45,-11.466,155.685,-11.463,155.591,-1.617,0.012,0.001,-0.006,1.69,-0.65,92.29
21,-0.558,2.210,6.50,-11.466,155.685,-11.463,155.590,-1.618,0.010,-0.000,-0.005,1.67,-0.67,92.29
21,-0.558,2.210,6.55,-11.466,155.685,-11.463,155.590,-1.619,0.008,-0.000,-0.005,1.64,-0.69,92.29
21,-0.558,2.210,6.60,-11.466,155.685,-11.463,155.590,-1.620,0.005,-0.000,-0.004,1.62,-0.71,92.29
21,-0.558,2.210,6.65,-11.466,155.685,-11.463,155.589,-1.620,0.004,-0.000,-0.004,1.60,-0.73,92.30
21,-0.558,2.210,6.70,-11.466,155.685,-11.463,155.589,-1.622,0.002,0.000,-0.003,1.59,-0.74,92.30
21,-0.558,2.210,6.75,-11.466,155.685,-11.463,155.590,-1.622,0.001,0.001,-0.002,1.57,-0.76,92.30
21,-0.558,2.210,6.80,-11.466,155.685,-11.464,155.590,-1.624,-0.000,0.002,-0.001,1.55,-0.76,92.31
21,-0.558,2.210,6.85,-11.466,155.685,-11.464,155.591,-1.624,-0.001,0.003,-0.000,1.54,-0.77,92.31
21,-0.558,2.210,6.90,-11.466,155.685,-11.464,155.592,-1.624,-0.001,0.005,0.001,1.52,-0.77,92.32
21,-0.558,2.210,6.95,-11.466,155.685,-11.464,155.592,-1.625,-0.002,0.006,0.002,1.51,-0.77,92.32
21,-0.558,2.210,7.00,-11.466,155.685,-11.465,155.593,-1.625,-0.002,0.007,0.003,1.50,-0.77,92.33
21,-0.558,2.210,7.05,-11.466,155.685,-11.465,155.593,-1.625,-0.002,0.008,0.003,1.49,-0.76,92.34
21,-0.558,2.210,7.10,-11.466,155.685,-11.465,155.594,-1.625,-0.003,0.009,0.004,1.49,-0.75,92.34
21,-0.558,2.210,7.15,-11.466,155.685,-11.465,155.594,-1.625,-0.003,0.009,0.004,1.48,-0.75,92.34
21,-0.558,2.210,7.20,-11.466,155.685,-11.466,155.595,-1.624,-0.003,0.010,0.004,1.48,-0.74,92.35
21,-0.558,2.210,7.25,-11.466,155.685,-11.466,155.595,-1.624,-0.003,0.010,0.004,1.47,-0.74,92.35
21,-0.558,2.210,7.30,-11.466,155.685,-11.467,155.596,-1.624,-0.003,0.011,0.004,1.47,-0.74,92.35
21,-0.558,2.210,7.35,-11.466,155.685,-11.467,155.596,-1.624,-0.004,0.012,0.004,1.46,-0.73,92.35
21,-0.558,2.210,7.40,-11.466,155.685,-11.468,155.597,-1.625,-0.004,0.012,0.004,1.46,-0.73,92.35
21,-0.558,2.210,7.45,-11.466,155.685,-11.468,155.597,-1.625,-0.005,0.013,0.004,1.45,-0.73,92.35
21,-0.558,2.210,7.50,-11.466,155.685,-11.469,155.598,-1.625,-0.005,0.013,0.004,1.45,-0.73,92.35
21,-0.558,2.210,7.55,-11.466,155.685,-11.469,155.599,-1.625,-0.005,0.014,0.004,1.44,-0.72,92.34
21,-0.558,2.210,7.60,-11.466,155.685,-11.470,155.599,-1.625,-0.005,0.014,0.004,1.43,-0.72,92.34
21,-0.558,2.210,7.65,-11.466,155.685,-11.470,155.599,-1.626,-0.005,0.014,0.004,1.42,-0.72,92.34
21,-0.558,2.210,7.70,-11.466,155.685,-11.471,155.600,-1.626,-0.005,0.014,0.005,1.42,-0.72,92.34
21,-0.558,2.210,7.75,-11.466,155.685,-11.471,155.600,-1.627,-0.004,0.014,0.005,1.41,-0.72,92.34
21,-0.558,2.210,7.80,-11.466,155.685,-11.472,155.600,-1.628,-0.004,0.014,0.005,1.41,-0.72,92.34
21,-0.558,2.210,7.85,-11.466,155.685,-11.472,155.600,-1.628,-0.004,0.014,0.005,1.40,-0.72,92.34
21,-0.558,2.210,7.90,-11.466,155.685,-11.473,155.601,-1.629,-0.003,0.014,0.006,1.40,-0.73,92.33
21,-0.558,2.210,7.95,-11.466,155.685,-11.473,155.601,-1.630,-0.003,0.014,0.006,1.40,-0.73,92.33
22,0.086,0.793,0.00,-11.466,155.685,-11.464,155.694,-1.623,-0.045,0.007,0.004,1.28,-0.14,92.35
22,0.086,0.793,0.05,-11.466,155.685,-11.465,155.695,-1.623,-0.047,0.007,0.004,1.25,-0.14,92.35
22,0.086,0.793,0.10,-11.466,155.685,-11.466,155.695,-1.622,-0.050,0.005,0.003,1.23,-0.14,92.35
22,0.086,0.793,0.15,-11.466,155.685,-11.468,155.695,-1.622,-0.051,0.005,0.003,1.19,-0.13,92.35
22,0.086,0.793,0.20,-11.466,155.685,-11.470,155.694,-1.622,-0.055,0.004,0.002,1.16,-0.13,92.34
22,0.086,0.793,0.25,-11.466,155.685,-11.472,155.694,-1.622,-0.057,0.003,0.002,1.12,-0.14,92.34
22,0.086,0.793,0.30,-11.466,155.685,-11.476,155.694,-1.622,-0.060,0.002,0.002,1.08,-0.14,92.34
22,0.086,0.793,0.35,-11.466,155.685,-11.478,155.694,-1.622,-0.062,0.002,0.001,1.03,-0.14,92.33
22,0.086,0.793,0.40,-11.466,155.685,-11.481,155.693,-1.622,-0.064,0.001,0.001,0.98,-0.14,92.33
22,0.086,0.793,0.45,-11.466,155.685,-11.483,155.693,-1.623,-0.065,0.000,0.001,0.93,-0.14,92.33
22,0.086,0.793,0.50,-11.466,155.685,-11.487,155.692,-1.623,-0.066,-0.000,0.001,0.87,-0.15,92.33
22,0.086,0.793,0.55,-11.466,155.685,-11.488,155.692,-1.623,-0.066,-0.001,0.002,0.82,-0.15,92.33
22,0.086,0.793,0.60,-11.466,155.685,-11.491,155.692,-1.623,-0.066,-0.001,0.002,0.77,-0.15,92.33
22,0.086,0.793,0.65,-11.466,155.685,-11.493,155.691,-1.624,-0.066,-0.002,0.002,0.72,-0.16,92.33
22,0.086,0.793,0.70,-11.466,155.685,-11.495,155.691,-1.624,-0.064,-0.002,0.002,0.68,-0.16,92.34
22,0.086,0.793,0.75,-11.466,155.685,-11.496,155.691,-1.624,-0.063,-0.002,0.002,0.65,-0.17,92.34
22,0.086,0.793,0.80,-11.466,155.685,-11.499,155.690,-1.625,-0.060,-0.002,0.003,0.62,-0.17,92.34
22,0.086,0.793,0.85,-11.466,155.685,-11.500,155.690,-1.625,-0.059,-0.002,0.003,0.59,-0.17,92.34
22,0.086,0.793,0.90,-11.466,155.685,-11.502,155.690,-1.625,-0.057,-0.002,0.003,0.57,-0.17,92.35
22,0.086,0.793,0.95,-11.466,155.685,-11.503,155.689,-1.625,-0.056,-0.002,0.003,0.56,-0.17,92.35
22,0.086,0.793,1.00,-11.466,155.685,-11.505,155.689,-1.625,-0.053,-0.002,0.004,0.54,-0.17,92.35
22,0.086,0.793,1.05,-11.466,155.685,-11.506,155.689,-1.625,-0.052,-0.001,0.004,0.53,-0.18,92.35
22,0.086,0.793,1.10,-11.466,155.685,-11.508,155.688,-1.624,-0.049,-0.001,0.004,0.52,-0.17,92.35
22,0.086,0.793,1.15,-11.466,155.685,-11.509,155.688,-1.624,-0.047,-0.001,0.004,0.51,-0.18,92.35
22,0.086,0.793,1.20,-11.466,155.685,-11.510,155.687,-1.623,-0.045,-0.002,0.004,0.50,-0.17,92.35
22,0.086,0.793,1.25,-11.466,155.685,-11.511,155.686,-1.623,-0.043,-0.002,0.004,0.50,-0.18,92.35
22,0.086,0.793,1.30,-11.466,155.685,-11.512,155.684,-1.621,-0.040,-0.002,0.003,0.49,-0.18,92.34
22,0.086,0.793,1.35,-11.466,155.685,-11.512,155.684,-1.621,-0.039,-0.002,0.003,0.49,-0.19,92.34
22,0.086,0.793,1.40,-11.466,155.685,-11.514,155.682,-1.620,-0.036,-0.003,0.002,0.48,-0.19,92.34
22,0.086,0.793,1.45,-11.466,155.685,-11.514,155.681,-1.619,-0.035,-0.003,0.001,0.48,-0.20,92.34
22,0.086,0.793,1.50,-11.466,155.685,-11.515,155.680,-1.618,-0.033,-0.003,0.000,0.48,-0.22,92.34
22,0.086,0.793,1.55,-11.466,155.685,-11.516,155.679,-1.618,-0.032,-0.003,-0.000,0.48,-0.23,92.34
22,0.086,0.793,1.60,-11.466,155.685,-11.517,155.678,-1.617,-0.030,-0.002,-0.002,0.47,-0.24,92.33
22,0.086,0.793,1.65,-11.466,155.685,-11.518,155.678,-1.616,-0.029,-0.001,-0.002,0.47,-0.25,92.33
22,0.086,0.793,1.70,-11.466,155.685,-11.520,155.678,-1.616,-0.027,-0.000,-0.003,0.47,-0.25,92.33
22,0.086,0.793,1.75,-11.466,155.685,-11.521,155.678,-1.615,-0.027,0.001,-0.004,0.46,-0.26,92.33
22,0.086,0.793,1.80,-11.466,155.685,-11.523,155.678,-1.615,-0.025,0.002,-0.005,0.45,-0.25,92.33
22,0.086,0.793,1.85,-11.466,155.685,-11.524,155.677,-1.615,-0.025,0.003,-0.005,0.44,-0.25,92.32
22,0.086,0.793,1.90,-11.466,155.685,-11.526,155.677,-1.615,-0.023,0.004,-0.006,0.43,-0.24,92.32
22,0.086,0.793,1.95,-11.466,155.685,-11.527,155.677,-1.615,-0.023,0.004,-0.006,0.41,-0.24,92.32
22,0.086,0.793,2.00,-11.466,155.685,-11.528,155.677,-1.615,-0.021,0.005,-0.006,0.40,-0.23,92.32
22,0.086,0.793,2.05,-11.466,155.685,-11.529,155.677,-1.615,-0.020,0.005,-0.007,0.39,-0.22,92.31
22,0.086,0.793,2.10,-11.466,155.685,-11.530,155.677,-1.615,-0.019,0.006,-0.007,0.37,-0.22,92.31
22,0.086,0.793,2.15,-11.466,155.685,-11.531,155.677,-1.615,-0.017,0.007,-0.007,0.36,-0.21,92.31
22,0.086,0.793,2.20,-11.466,155.685,-11.532,155.678,-1.614,-0.015,0.008,-0.007,0.35,-0.21,92.32
22,0.086,0.793,2.25,-11.466,155.685,-11.533,155.678,-1.614,-0.014,0.009,-0.007,0.34,-0.20,92.32
22,0.086,0.793,2.30,-11.466,155.685,-11.534,155.680,-1.614,-0.012,0.011,-0.007,0.33,-0.19,92.32
22,0.086,0.793,2.35,-11.466,155.685,-11.534,155.681,-1.613,-0.010,0.012,-0.007,0.33,-0.18,92.32
22,0.086,0.793,2.40,-11.466,155.685,-11.535,155.683,-1.613,-0.008,0.013,-0.007,0.33,-0.16,92.33
22,0.086,0.793,2.45,-11.466,155.685,-11.535,155.683,-1.614,-0.007,0.013,-0.008,0.33,-0.14,92.33
22,0.086,0.793,2.50,-11.466,155.685,-11.535,155.685,-1.614,-0.004,0.014,-0.008,0.33,-0.13,92.33
22,0.086,0.793,2.55,-11.466,155.685,-11.536,155.686,-1.614,-0.003,0.014,-0.008,0.33,-0.11,92.33
22,0.086,0.793,2.60,-11.466,155.685,-11.536,155.688,-1.614,-0.001,0.015,-0.008,0.34,-0.09,92.33
22,0.086,0.793,2.65,-11.466,155.685,-11.536,155.689,-1.614,0.000,0.015,-0.008,0.34,-0.08,92.33
22,0.086,0.793,2.70,-11.466,155.685,-11.536,155.691,-1.615,0.003,0.015,-0.008,0.34,-0.06,92.33
22,0.086,0.793,2.75,-11.466,155.685,-11.535,155.692,-1.615,0.004,0.015,-0.008,0.35,-0.04,92.34
22,0.086,0.793,2.80,-11.466,155.685,-11.535,155.695,-1.616,0.006,0.014,-0.007,0.36,-0.02,92.34
22,0.086,0.793,2.85,-11.466,155.685,-11.535,155.696,-1.617,0.007,0.014,-0.007,0.36,-0.01,92.34
22,0.086,0.793,2.90,-11.466,155.685,-11.534,155.699,-1.618,0.009,0.014,-0.006,0.37,0.01,92.34
22,0.086,0.793,2.95,-11.466,155.685,-11.533,155.700,-1.618,0.010,0.014,-0.006,0.38,0.03,92.34
22,0.086,0.793,3.00,-11.466,155.685,-11.532,155.702,-1.620,0.012,0.013,-0.005,0.39,0.04,92.34
22,0.086,0.793,3.05,-11.466,155.685,-11.531,155.703,-1.620,0.013,0.013,-0.005,0.41,0.06,92.34
22,0.086,0.793,3.10,-11.466,155.685,-11.529,155.706,-1.622,0.015,0.011,-0.004,0.42,0.07,92.34
22,0.086,0.793,3.15,-11.466,155.685,-11.528,155.707,-1.622,0.015,0.011,-0.003,0.43,0.09,92.34
22,0.086,0.793,3.20,-11.466,155.685,-11.527,155.709,-1.623,0.016,0.010,-0.002,0.45,0.10,92.34
22,0.086,0.793,3.25,-11.466,155.685,-11.526,155.710,-1.623,0.017,0.009,-0.001,0.46,0.11,92.34
22,0.086,0.793,3.30,-11.466,155.685,-11.524,155.712,-1.623,0.017,0.007,0.000,0.48,0.12,92.34
22,0.086,0.793,3.35,-11.466,155.685,-11.524,155.713,-1.624,0.017,0.006,0.001,0.50,0.13,92.34
22,0.086,0.793,3.40,-11.466,155.685,-11.523,155.714,-1.624,0.017,0.004,0.001,0.51,0.14,92.34
22,0.086,0.793,3.45,-11.466,155.685,-11.522,155.715,-1.624,0.017,0.003,0.002,0.52,0.14,92.34
22,0.086,0.793,3.50,-11.466,155.685,-11.521,155.716,-1.624,0.017,0.001,0.002,0.52,0.14,92.34
22,0.086,0.793,3.55,-11.466,155.685,-11.521,155.717,-1.624,0.017,0.000,0.002,0.53,0.15,92.34
22,0.086,0.793,3.60,-11.466,155.685,-11.521,155.718,-1.623,0.016,-0.002,0.002,0.53,0.15,92.34
22,0.086,0.793,3.65,-11.466,155.685,-11.521,155.718,-1.623,0.015,-0.003,0.002,0.53,0.15,92.33
22,0.086,0.793,3.70,-11.466,155.685,-11.520,155.718,-1.623,0.014,-0.006,0.002,0.53,0.15,92.33
22,0.086,0.793,3.75,-11.466,155.685,-11.520,155.718,-1.623,0.014,-0.008,0.002,0.52,0.14,92.32
22,0.086,0.793,3.80,-11.466,155.685,-11.520,155.717,-1.622,0.014,-0.011,0.002,0.51,0.13,92.32
22,0.086,0.793,3.85,-11.466,155.685,-11.520,155.717,-1.622,0.013,-0.012,0.002,0.50,0.12,92.32
22,0.086,0.793,3.90,-11.466,155.685,-11.520,155.716,-1.621,0.013,-0.014,0.001,0.50,0.10,92.31
22,0.086,0.793,3.95,-11.466,155.685,-11.520,155.716,-1.621,0.012,-0.015,0.001,0.49,0.08,92.31
22,0.086,0.793,4.00,-11.466,155.685,-11.520,155.716,-1.620,0.012,-0.016,0.001,0.48,0.07,92.31
22,0.086,0.793,4.05,-11.466,155.685,-11.520,155.716,-1.620,0.012,-0.017,0.000,0.47,0.05,92.31
22,0.086,0.793,4.10,-11.466,155.685,-11.520,155.716,-1.620,0.012,-0.017,-0.000,0.47,0.04,92.31
22,0.086,0.793,4.15,-11.466,155.685,-11.520,155.716,-1.620,0.012,-0.018,-0.000,0.46,0.03,92.32
22,0.086,0.793,4.20,-11.466,155.685,-11.520,155.716,-1.619,0.012,-0.017,-0.001,0.45,0.02,92.32
22,0.086,0.793,4.25,-11.466,155.685,-11.520,155.717,-1.619,0.012,-0.017,-0.001,0.45,0.02,92.32
22,0.086,0.793,4.30,-11.466,155.685,-11.520,155.717,-1.618,0.013,-0.017,-0.002,0.44,0.02,92.33
22,0.086,0.793,4.35,-11.466,155.685,-11.520,155.717,-1.618,0.013,-0.017,-0.002,0.43,0.02,92.33
22,0.086,0.793,4.40,-11.466,155.685,-11.520,155.717,-1.618,0.013,-0.018,-0.002,0.43,0.02,92.33
22,0.086,0.793,4.45,-11.466,155.685,-11.519,155.717,-1.618,0.013,-0.018,-0.002,0.43,0.02,92.33
22,0.086,0.793,4.50,-11.466,155.685,-11.519,155.717,-1.618,0.014,-0.018,-0.003,0.43,0.03,92.33
22,0.086,0.793,4.55,-11.466,155.685,-11.519,155.717,-1.618,0.014,-0.018,-0.003,0.43,0.03,92.34
22,0.086,0.793,4.60,-11.466,155.685,-11.518,155.717,-1.618,0.016,-0.018,-0.003,0.43,0.03,92.34
22,0.086,0.793,4.65,-11.466,155.685,-11.517,155.717,-1.618,0.016,-0.018,-0.003,0.43,0.03,92.34
22,0.086,0.793,4.70,-11.466,155.685,-11.515,155.717,-1.618,0.018,-0.019,-0.003,0.43,0.03,92.34
22,0.086,0.793,4.75,-11.466,155.685,-11.514,155.717,-1.618,0.019,-0.019,-0.003,0.44,0.03,92.35
22,0.086,0.793,4.80,-11.466,155.685,-11.512,155.717,-1.618,0.021,-0.019,-0.003,0.46,0.03,92.35
22,0.086,0.793,4.85,-11.466,155.685,-11.510,155.716,-1.618,0.022,-0.020,-0.003,0.47,0.03,92.35
22,0.086,0.793,4.90,-11.466,155.685,-11.507,155.715,-1.618,0.024,-0.021,-0.003,0.49,0.02,92.35
22,0.086,0.793,4.95,-11.466,155.685,-11.506,155.714,-1.618,0.024,-0.021,-0.003,0.52,0.02,92.35
22,0.086,0.793,5.00,-11.466,155.685,-11.504,155.713,-1.618,0.025,-0.022,-0.003,0.54,0.01,92.35
22,0.086,0.793,5.05,-11.466,155.685,-11.503,155.712,-1.618,0.025,-0.022,-0.003,0.57,-0.00,92.34
22,0.086,0.793,5.10,-11.466,155.685,-11.500,155.710,-1.617,0.024,-0.023,-0.003,0.59,-0.01,92.34
22,0.086,0.793,5.15,-11.466,155.685,-11.500,155.710,-1.617,0.023,-0.023,-0.003,0.61,-0.03,92.34
22,0.086,0.793,5.20,-11.466,155.685,-11.498,155.708,-1.616,0.022,-0.024,-0.004,0.62,-0.04,92.34
22,0.086,0.793,5.25,-11.466,155.685,-11.498,155.707,-1.616,0.021,-0.024,-0.004,0.63,-0.06,92.33
22,0.086,0.793,5.30,-11.466,155.685,-11.498,155.706,-1.616,0.018,-0.024,-0.005,0.64,-0.07,92.33
22,0.086,0.793,5.35,-11.466,155.685,-11.498,155.705,-1.615,0.017,-0.023,-0.005,0.64,-0.08,92.33
22,0.086,0.793,5.40,-11.466,155.685,-11.498,155.703,-1.615,0.015,-0.023,-0.005,0.63,-0.09,92.32
22,0.086,0.793,5.45,-11.466,155.685,-11.498,155.702,-1.615,0.013,-0.023,-0.006,0.62,-0.10,92.32
22,0.086,0.793,5.50,-11.466,155.685,-11.499,155.700,-1.615,0.011,-0.023,-0.006,0.61,-0.11,92.32
22,0.086,0.793,5.55,-11.466,155.685,-11.499,155.699,-1.615,0.010,-0.023,-0.007,0.59,-0.12,92.31
22,0.086,0.793,5.60,-11.466,155.685,-11.500,155.696,-1.615,0.009,-0.023,-0.007,0.57,-0.13,92.31
22,0.086,0.793,5.65,-11.466,155.685,-11.500,155.695,-1.615,0.008,-0.023,-0.007,0.55,-0.14,92.31
22,0.086,0.793,5.70,-11.466,155.685,-11.501,155.692,-1.615,0.007,-0.023,-0.007,0.53,-0.16,92.31
22,0.086,0.793,5.75,-11.466,155.685,-11.502,155.691,-1.615,0.006,-0.023,-0.007,0.51,-0.17,92.31
22,0.086,0.793,5.80,-11.466,155.685,-11.503,155.688,-1.615,0.006,-0.022,-0.007,0.49,-0.19,92.31
22,0.086,0.793,5.85,-11.466,155.685,-11.503,155.687,-1.615,0.005,-0.022,-0.007,0.47,-0.21,92.31
22,0.086,0.793,5.90,-11.466,155.685,-11.504,155.684,-1.615,0.005,-0.021,-0.006,0.46,-0.22,92.31
22,0.086,0.793,5.95,-11.466,155.685,-11.504,155.683,-1.614,0.005,-0.020,-0.006,0.44,-0.24,92.31
22,0.086,0.793,6.00,-11.466,155.685,-11.505,155.680,-1.614,0.004,-0.020,-0.006,0.43,-0.25,92.31
22,0.086,0.793,6.05,-11.466,155.685,-11.506,155.679,-1.614,0.004,-0.019,-0.006,0.42,-0.27,92.31
22,0.086,0.793,6.10,-11.466,155.685,-11.507,155.676,-1.613,0.004,-0.018,-0.007,0.40,-0.28,92.31
22,0.086,0.793,6.15,-11.466,155.685,-11.507,155.675,-1.613,0.004,-0.017,-0.007,0.39,-0.29,92.31
22,0.086,0.793,6.20,-11.466,155.685,-11.508,155.673,-1.613,0.004,-0.015,-0.008,0.38,-0.31,92.31
22,0.086,0.793,6.25,-11.466,155.685,-11.508,155.672,-1.612,0.005,-0.014,-0.008,0.37,-0.32,92.32
22,0.086,0.793,6.30,-11.466,155.685,-11.509,155.670,-1.612,0.005,-0.011,-0.008,0.36,-0.32,92.32
22,0.086,0.793,6.35,-11.466,155.685,-11.510,155.669,-1.612,0.005,-0.010,-0.008,0.35,-0.33,92.32
22,0.086,0.793,6.40,-11.466,155.685,-11.510,155.667,-1.612,0.006,-0.008,-0.008,0.34,-0.33,92.32
22,0.086,0.793,6.45,-11.466,155.685,-11.510,155.667,-1.612,0.006,-0.007,-0.009,0.34,-0.33,92.33
22,0.086,0.793,6.50,-11.466,155.685,-11.510,155.665,-1.612,0.007,-0.005,-0.009,0.33,-0.33,92.33
22,0.086,0.793,6.55,-11.466,155.685,-11.510,155.664,-1.612,0.008,-0.004,-0.009,0.32,-0.33,92.33
22,0.086,0.793,6.60,-11.466,155.685,-11.509,155.663,-1.612,0.010,-0.003,-0.009,0.32,-0.33,92.33
22,0.086,0.793,6.65,-11.466,155.685,-11.509,155.662,-1.612,0.011,-0.001,-0.009,0.32,-0.33,92.33
22,0.086,0.793,6.70,-11.466,155.685,-11.507,155.661,-1.612,0.013,0.001,-0.009,0.33,-0.34,92.33
22,0.086,0.793,6.75,-11.466,155.685,-11.507,155.661,-1.611,0.014,0.002,-0.009,0.34,-0.33,92.33
22,0.086,0.793,6.80,-11.466,155.685,-11.505,155.660,-1.611,0.016,0.004,-0.009,0.36,-0.33,92.33
22,0.086,0.793,6.85,-11.466,155.685,-11.505,155.660,-1.611,0.017,0.005,-0.009,0.37,-0.33,92.33
22,0.086,0.793,6.90,-11.466,155.685,-11.502,155.660,-1.611,0.018,0.008,-0.010,0.39,-0.32,92.32
22,0.086,0.793,6.95,-11.466,155.685,-11.501,155.660,-1.611,0.019,0.009,-0.010,0.41,-0.32,92.32
22,0.086,0.793,7.00,-11.466,155.685,-11.499,155.661,-1.611,0.021,0.012,-0.010,0.43,-0.31,92.32
22,0.086,0.793,7.05,-11.466,155.685,-11.497,155.662,-1.612,0.021,0.013,-0.010,0.45,-0.30,92.32
22,0.086,0.793,7.10,-11.466,155.685,-11.494,155.663,-1.612,0.023,0.016,-0.010,0.47,-0.28,92.32
22,0.086,0.793,7.15,-11.466,155.685,-11.493,155.664,-1.612,0.023,0.017,-0.010,0.50,-0.26,92.31
22,0.086,0.793,7.20,-11.466,155.685,-11.490,155.665,-1.612,0.024,0.019,-0.010,0.53,-0.24,92.31
22,0.086,0.793,7.25,-11.466,155.685,-11.488,155.666,-1.612,0.024,0.020,-0.010,0.55,-0.22,92.31
22,0.086,0.793,7.30,-11.466,155.685,-11.485,155.668,-1.613,0.024,0.021,-0.010,0.58,-0.20,92.31
22,0.086,0.793,7.35,-11.466,155.685,-11.484,155.669,-1.614,0.024,0.022,-0.009,0.61,-0.18,92.31
22,0.086,0.793,7.40,-11.466,155.685,-11.481,155.671,-1.615,0.022,0.023,-0.009,0.63,-0.16,92.31
22,0.086,0.793,7.45,-11.466,155.685,-11.480,155.672,-1.615,0.022,0.023,-0.008,0.65,-0.14,92.31
22,0.086,0.793,7.50,-11.466,155.685,-11.478,155.674,-1.616,0.020,0.024,-0.008,0.67,-0.12,92.31
22,0.086,0.793,7.55,-11.466,155.685,-11.477,155.675,-1.616,0.019,0.025,-0.007,0.68,-0.10,92.32
22,0.086,0.793,7.60,-11.466,155.685,-11.475,155.678,-1.617,0.018,0.025,-0.006,0.69,-0.08,92.32
22,0.086,0.793,7.65,-11.466,155.685,-11.474,155.679,-1.617,0.017,0.026,-0.006,0.70,-0.06,92.32
22,0.086,0.793,7.70,-11.466,155.685,-11.471,155.683,-1.618,0.014,0.026,-0.005,0.70,-0.03,92.32
22,0.086,0.793,7.75,-11.466,155.685,-11.470,155.684,-1.618,0.013,0.026,-0.005,0.71,-0.01,92.33
22,0.086,0.793,7.80,-11.466,155.685,-11.469,155.687,-1.619,0.011,0.025,-0.004,0.71,0.01,92.33
22,0.086,0.793,7.85,-11.466,155.685,-11.468,155.688,-1.619,0.011,0.025,-0.004,0.71,0.03,92.33
22,0.086,0.793,7.90,-11.466,155.685,-11.466,155.690,-1.620,0.008,0.023,-0.004,0.71,0.05,92.33
22,0.086,0.793,7.95,-11.466,155.685,-11.465,155.691,-1.621,0.008,0.022,-0.003,0.71,0.07,92.33
23,-0.177,0.994,0.00,-11.466,155.685,-11.470,155.685,-1.628,0.005,0.003,0.004,0.58,-0.11,92.32
23,-0.177,0.994,0.05,-11.466,155.685,-11.471,155.686,-1.628,0.005,0.002,0.005,0.59,-0.11,92.32
23,-0.177,0.994,0.10,-11.466,155.685,-11.471,155.686,-1.629,0.005,0.001,0.005,0.59,-0.10,92.32
23,-0.177,0.994,0.15,-11.466,155.685,-11.472,155.687,-1.629,0.004,-0.000,0.006,0.59,-0.10,92.32
23,-0.177,0.994,0.20,-11.466,155.685,-11.472,155.687,-1.629,0.005,-0.001,0.006,0.59,-0.10,92.32
23,-0.177,0.994,0.25,-11.466,155.685,-11.473,155.686,-1.629,0.004,-0.003,0.007,0.58,-0.11,92.32
23,-0.177,0.994,0.30,-11.466,155.685,-11.473,155.686,-1.629,0.004,-0.004,0.007,0.58,-0.12,92.32
23,-0.177,0.994,0.35,-11.466,155.685,-11.474,155.685,-1.628,0.004,-0.006,0.008,0.57,-0.13,92.32
23,-0.177,0.994,0.40,-11.466,155.685,-11.474,155.684,-1.628,0.005,-0.007,0.008,0.57,-0.14,92.32
23,-0.177,0.994,0.45,-11.466,155.685,-11.474,155.683,-1.626,0.005,-0.009,0.007,0.56,-0.16,92.32
23,-0.177,0.994,0.50,-11.466,155.685,-11.475,155.683,-1.626,0.005,-0.010,0.007,0.56,-0.18,92.32
23,-0.177,0.994,0.55,-11.466,155.685,-11.476,155.681,-1.625,0.005,-0.011,0.006,0.56,-0.19,92.32
23,-0.177,0.994,0.60,-11.466,155.685,-11.476,155.681,-1.624,0.005,-0.012,0.006,0.55,-0.22,92.32
23,-0.177,0.994,0.65,-11.466,155.685,-11.477,155.680,-1.623,0.005,-0.012,0.005,0.55,-0.23,92.32
23,-0.177,0.994,0.70,-11.466,155.685,-11.478,155.679,-1.623,0.005,-0.012,0.004,0.55,-0.25,92.32
23,-0.177,0.994,0.75,-11.466,155.685,-11.479,155.679,-1.622,0.005,-0.012,0.003,0.54,-0.26,92.32
23,-0.177,0.994,0.80,-11.466,155.685,-11.480,155.678,-1.622,0.005,-0.012,0.002,0.53,-0.28,92.32
23,-0.177,0.994,0.85,-11.466,155.685,-11.481,155.678,-1.621,0.005,-0.011,0.002,0.53,-0.29,92.32
23,-0.177,0.994,0.90,-11.466,155.685,-11.481,155.677,-1.621,0.005,-0.011,0.001,0.52,-0.29,92.32
23,-0.177,0.994,0.95,-11.466,155.685,-11.482,155.676,-1.621,0.006,-0.011,0.001,0.51,-0.30,92.32
23,-0.177,0.994,1.00,-11.466,155.685,-11.483,155.676,-1.620,0.006,-0.010,0.000,0.51,-0.30,92.32
23,-0.177,0.994,1.05,-11.466,155.685,-11.484,155.675,-1.620,0.007,-0.010,-0.000,0.50,-0.31,92.32
23,-0.177,0.994,1.10,-11.466,155.685,-11.484,155.675,-1.620,0.007,-0.010,-0.000,0.50,-0.31,92.32
23,-0.177,0.994,1.15,-11.466,155.685,-11.485,155.674,-1.619,0.008,-0.009,-0.001,0.49,-0.32,92.32
23,-0.177,0.994,1.20,-11.466,155.685,-11.485,155.673,-1.619,0.008,-0.009,-0.001,0.49,-0.32,92.32
23,-0.177,0.994,1.25,-11.466,155.685,-11.486,155.672,-1.618,0.009,-0.008,-0.002,0.49,-0.33,92.32
23,-0.177,0.994,1.30,-11.466,155.685,-11.486,155.672,-1.618,0.009,-0.008,-0.002,0.49,-0.33,92.32
23,-0.177,0.994,1.35,-11.466,155.685,-11.486,155.672,-1.618,0.010,-0.007,-0.003,0.49,-0.34,92.32
23,-0.177,0.994,1.40,-11.466,155.685,-11.486,155.671,-1.618,0.011,-0.007,-0.003,0.49,-0.34,92.32
23,-0.177,0.994,1.45,-11.466,155.685,-11.486,155.671,-1.618,0.012,-0.006,-0.004,0.49,-0.34,92.32
23,-0.177,0.994,1.50,-11.466,155.685,-11.485,155.671,-1.618,0.013,-0.005,-0.004,0.49,-0.35,92.33
23,-0.177,0.994,1.55,-11.466,155.685,-11.484,155.670,-1.617,0.015,-0.004,-0.004,0.50,-0.35,92.33
23,-0.177,0.994,1.60,-11.466,155.685,-11.484,155.670,-1.617,0.016,-0.004,-0.004,0.51,-0.35,92.33
23,-0.177,0.994,1.65,-11.466,155.685,-11.483,155.670,-1.617,0.017,-0.003,-0.004,0.52,-0.35,92.32
23,-0.177,0.994,1.70,-11.466,155.685,-11.482,155.670,-1.617,0.018,-0.003,-0.004,0.54,-0.35,92.32
23,-0.177,0.994,1.75,-11.466,155.685,-11.481,155.671,-1.617,0.019,-0.002,-0.004,0.55,-0.35,92.32
23,-0.177,0.994,1.80,-11.466,155.685,-11.480,155.671,-1.617,0.020,-0.001,-0.004,0.57,-0.34,92.32
23,-0.177,0.994,1.85,-11.466,155.685,-11.478,155.672,-1.617,0.020,0.000,-0.005,0.59,-0.34,92.32
23,-0.177,0.994,1.90,-11.466,155.685,-11.478,155.673,-1.617,0.021,0.001,-0.004,0.61,-0.33,92.32
23,-0.177,0.994,1.95,-11.466,155.685,-11.476,155.675,-1.617,0.021,0.002,-0.004,0.62,-0.33,92.33
23,-0.177,0.994,2.00,-11.466,155.685,-11.476,155.676,-1.617,0.021,0.003,-0.005,0.64,-0.31,92.33
23,-0.177,0.994,2.05,-11.466,155.685,-11.474,155.678,-1.616,0.021,0.005,-0.005,0.66,-0.30,92.33
23,-0.177,0.994,2.10,-11.466,155.685,-11.474,155.679,-1.616,0.021,0.006,-0.005,0.67,-0.28,92.33
23,-0.177,0.994,2.15,-11.466,155.685,-11.473,155.682,-1.616,0.020,0.007,-0.005,0.68,-0.27,92.33
23,-0.177,0.994,2.20,-11.466,155.685,-11.472,155.684,-1.616,0.020,0.008,-0.005,0.69,-0.24,92.33
23,-0.177,0.994,2.25,-11.466,155.685,-11.471,155.687,-1.616,0.019,0.009,-0.005,0.70,-0.22,92.34
23,-0.177,0.994,2.30,-11.466,155.685,-11.470,155.688,-1.616,0.019,0.009,-0.005,0.71,-0.19,92.34
23,-0.177,0.994,2.35,-11.466,155.685,-11.469,155.691,-1.617,0.018,0.009,-0.005,0.72,-0.17,92.34
23,-0.177,0.994,2.40,-11.466,155.685,-11.469,155.692,-1.617,0.018,0.009,-0.005,0.72,-0.14,92.34
23,-0.177,0.994,2.45,-11.466,155.685,-11.467,155.695,-1.617,0.017,0.008,-0.005,0.73,-0.12,92.33
23,-0.177,0.994,2.50,-11.466,155.685,-11.467,155.696,-1.617,0.017,0.007,-0.005,0.74,-0.10,92.33
23,-0.177,0.994,2.55,-11.466,155.685,-11.466,155.698,-1.617,0.016,0.006,-0.004,0.74,-0.09,92.33
23,-0.177,0.994,2.60,-11.466,155.685,-11.465,155.699,-1.617,0.015,0.005,-0.004,0.75,-0.07,92.33
23,-0.177,0.994,2.65,-11.466,155.685,-11.464,155.700,-1.617,0.014,0.003,-0.004,0.75,-0.06,92.33
23,-0.177,0.994,2.70,-11.466,155.685,-11.464,155.701,-1.617,0.013,0.002,-0.004,0.75,-0.05,92.33
23,-0.177,0.994,2.75,-11.466,155.685,-11.463,155.702,-1.617,0.012,-0.001,-0.004,0.75,-0.05,92.33
23,-0.177,0.994,2.80,-11.466,155.685,-11.462,155.703,-1.617,0.012,-0.002,-0.004,0.75,-0.05,92.32
23,-0.177,0.994,2.85,-11.466,155.685,-11.461,155.703,-1.618,0.010,-0.004,-0.004,0.75,-0.05,92.32
23,-0.177,0.994,2.90,-11.466,155.685,-11.461,155.704,-1.618,0.010,-0.006,-0.004,0.76,-0.06,92.32
23,-0.177,0.994,2.95,-11.466,155.685,-11.461,155.704,-1.618,0.008,-0.008,-0.004,0.75,-0.06,92.32
23,-0.177,0.994,3.00,-11.466,155.685,-11.461,155.704,-1.618,0.007,-0.009,-0.004,0.75,-0.07,92.31
23,-0.177,0.994,3.05,-11.466,155.685,-11.460,155.703,-1.618,0.006,-0.012,-0.004,0.75,-0.08,92.31
23,-0.177,0.994,3.10,-11.466,155.685,-11.460,155.702,-1.618,0.005,-0.014,-0.004,0.74,-0.10,92.31
23,-0.177,0.994,3.15,-11.466,155.685,-11.460,155.701,-1.618,0.004,-0.016,-0.003,0.74,-0.11,92.31
23,-0.177,0.994,3.20,-11.466,155.685,-11.460,155.700,-1.618,0.003,-0.017,-0.003,0.73,-0.14,92.31
23,-0.177,0.994,3.25,-11.466,155.685,-11.460,155.698,-1.618,0.002,-0.020,-0.003,0.72,-0.15,92.32
23,-0.177,0.994,3.30,-11.466,155.685,-11.460,155.696,-1.618,0.002,-0.021,-0.004,0.71,-0.18,92.32
23,-0.177,0.994,3.35,-11.466,155.685,-11.459,155.694,-1.619,0.001,-0.023,-0.004,0.71,-0.20,92.32
23,-0.177,0.994,3.40,-11.466,155.685,-11.459,155.693,-1.619,0.001,-0.023,-0.004,0.70,-0.24,92.32
23,-0.177,0.994,3.45,-11.466,155.685,-11.459,155.691,-1.620,0.000,-0.025,-0.004,0.70,-0.26,92.32
23,-0.177,0.994,3.50,-11.466,155.685,-11.459,155.689,-1.621,0.000,-0.025,-0.003,0.70,-0.29,92.32
23,-0.177,0.994,3.55,-11.466,155.685,-11.459,155.687,-1.622,-0.001,-0.025,-0.003,0.69,-0.31,92.33
23,-0.177,0.994,3.60,-11.466,155.685,-11.459,155.686,-1.622,-0.001,-0.026,-0.002,0.69,-0.34,92.33
23,-0.177,0.994,3.65,-11.466,155.685,-11.459,155.683,-1.624,-0.002,-0.025,-0.001,0.69,-0.36,92.33
23,-0.177,0.994,3.70,-11.466,155.685,-11.459,155.682,-1.624,-0.002,-0.025,-0.001,0.69,-0.39,92.33
23,-0.177,0.994,3.75,-11.466,155.685,-11.460,155.680,-1.625,-0.003,-0.024,0.000,0.68,-0.40,92.32
23,-0.177,0.994,3.80,-11.466,155.685,-11.460,155.679,-1.626,-0.004,-0.023,0.001,0.68,-0.42,92.32
23,-0.177,0.994,3.85,-11.466,155.685,-11.462,155.677,-1.626,-0.005,-0.021,0.002,0.67,-0.43,92.32
23,-0.177,0.994,3.90,-11.466,155.685,-11.463,155.677,-1.627,-0.006,-0.020,0.003,0.66,-0.44,92.32
23,-0.177,0.994,3.95,-11.466,155.685,-11.465,155.675,-1.627,-0.007,-0.018,0.004,0.65,-0.45,92.31
23,-0.177,0.994,4.00,-11.466,155.685,-11.466,155.674,-1.627,-0.008,-0.017,0.004,0.63,-0.45,92.31
23,-0.177,0.994,4.05,-11.466,155.685,-11.468,155.673,-1.626,-0.008,-0.015,0.005,0.61,-0.45,92.31
23,-0.177,0.994,4.10,-11.466,155.685,-11.469,155.673,-1.626,-0.009,-0.014,0.005,0.59,-0.45,92.31
23,-0.177,0.994,4.15,-11.466,155.685,-11.471,155.672,-1.626,-0.009,-0.011,0.005,0.58,-0.45,92.31
23,-0.177,0.994,4.20,-11.466,155.685,-11.472,155.671,-1.625,-0.009,-0.010,0.005,0.55,-0.45,92.31
23,-0.177,0.994,4.25,-11.466,155.685,-11.475,155.671,-1.624,-0.009,-0.008,0.005,0.54,-0.44,92.31
23,-0.177,0.994,4.30,-11.466,155.685,-11.476,155.671,-1.624,-0.009,-0.007,0.005,0.51,-0.43,92.31
23,-0.177,0.994,4.35,-11.466,155.685,-11.478,155.670,-1.622,-0.009,-0.005,0.004,0.50,-0.43,92.31
23,-0.177,0.994,4.40,-11.466,155.685,-11.479,155.670,-1.622,-0.008,-0.004,0.004,0.48,-0.42,92.31
23,-0.177,0.994,4.45,-11.466,155.685,-11.481,155.670,-1.620,-0.007,-0.002,0.003,0.47,-0.41,92.31
23,-0.177,0.994,4.50,-11.466,155.685,-11.482,155.670,-1.619,-0.006,-0.002,0.002,0.45,-0.40,92.32
23,-0.177,0.994,4.55,-11.466,155.685,-11.484,155.669,-1.617,-0.005,-0.001,0.001,0.44,-0.40,92.32
23,-0.177,0.994,4.60,-11.466,155.685,-11.485,155.669,-1.617,-0.004,-0.000,0.000,0.43,-0.39,92.32
23,-0.177,0.994,4.65,-11.466,155.685,-11.486,155.669,-1.616,-0.001,0.001,-0.002,0.43,-0.39,92.32
23,-0.177,0.994,4.70,-11.466,155.685,-11.486,155.669,-1.615,-0.000,0.001,-0.003,0.42,-0.38,92.32
23,-0.177,0.994,4.75,-11.466,155.685,-11.486,155.668,-1.615,0.002,0.002,-0.004,0.42,-0.38,92.32
23,-0.177,0.994,4.80,-11.466,155.685,-11.486,155.668,-1.615,0.004,0.002,-0.004,0.43,-0.37,92.32
23,-0.177,0.994,4.85,-11.466,155.685,-11.486,155.668,-1.615,0.006,0.003,-0.005,0.43,-0.37,92.32
23,-0.177,0.994,4.90,-11.466,155.685,-11.486,155.668,-1.615,0.008,0.004,-0.006,0.45,-0.37,92.32
23,-0.177,0.994,4.95,-11.466,155.685,-11.485,155.669,-1.615,0.010,0.005,-0.006,0.46,-0.37,92.32
23,-0.177,0.994,5.00,-11.466,155.685,-11.484,155.669,-1.615,0.011,0.005,-0.007,0.48,-0.37,92.32
23,-0.177,0.994,5.05,-11.466,155.685,-11.482,155.670,-1.615,0.014,0.006,-0.007,0.49,-0.36,92.32
23,-0.177,0.994,5.10,-11.466,155.685,-11.481,155.671,-1.615,0.015,0.007,-0.007,0.52,-0.35,92.32
23,-0.177,0.994,5.15,-11.466,155.685,-11.479,155.672,-1.615,0.018,0.008,-0.007,0.54,-0.34,92.32
23,-0.177,0.994,5.20,-11.466,155.685,-11.477,155.673,-1.615,0.019,0.009,-0.007,0.57,-0.33,92.32
23,-0.177,0.994,5.25,-11.466,155.685,-11.474,155.675,-1.615,0.022,0.010,-0.007,0.59,-0.32,92.32
23,-0.177,0.994,5.30,-11.466,155.685,-11.472,155.675,-1.615,0.023,0.010,-0.007,0.63,-0.31,92.31
23,-0.177,0.994,5.35,-11.466,155.685,-11.469,155.677,-1.614,0.025,0.010,-0.007,0.66,-0.30,92.31
23,-0.177,0.994,5.40,-11.466,155.685,-11.467,155.677,-1.614,0.025,0.010,-0.007,0.70,-0.28,92.31
23,-0.177,0.994,5.45,-11.466,155.685,-11.463,155.679,-1.615,0.026,0.010,-0.008,0.73,-0.27,92.31
23,-0.177,0.994,5.50,-11.466,155.685,-11.461,155.679,-1.615,0.026,0.010,-0.008,0.78,-0.26,92.31
23,-0.177,0.994,5.55,-11.466,155.685,-11.458,155.680,-1.616,0.026,0.009,-0.008,0.81,-0.25,92.31
23,-0.177,0.994,5.60,-11.466,155.685,-11.457,155.680,-1.616,0.025,0.008,-0.008,0.84,-0.25,92.31
23,-0.177,0.994,5.65,-11.466,155.685,-11.454,155.680,-1.617,0.024,0.007,-0.007,0.87,-0.25,92.31
23,-0.177,0.994,5.70,-11.466,155.685,-11.453,155.680,-1.617,0.023,0.006,-0.007,0.90,-0.25,92.31
23,-0.177,0.994,5.75,-11.466,155.685,-11.450,155.680,-1.617,0.021,0.005,-0.006,0.91,-0.25,92.31
23,-0.177,0.994,5.80,-11.466,155.685,-11.450,155.680,-1.617,0.019,0.004,-0.006,0.93,-0.25,92.31
23,-0.177,0.994,5.85,-11.466,155.685,-11.448,155.681,-1.618,0.015,0.003,-0.005,0.94,-0.26,92.31
23,-0.177,0.994,5.90,-11.466,155.685,-11.448,155.681,-1.618,0.013,0.003,-0.005,0.94,-0.27,92.31
23,-0.177,0.994,5.95,-11.466,155.685,-11.448,155.681,-1.618,0.010,0.002,-0.005,0.94,-0.27,92.31
23,-0.177,0.994,6.00,-11.466,155.685,-11.448,155.681,-1.619,0.008,0.002,-0.004,0.93,-0.28,92.31
23,-0.177,0.994,6.05,-11.466,155.685,-11.448,155.680,-1.619,0.003,0.001,-0.004,0.92,-0.28,92.32
23,-0.177,0.994,6.10,-11.466,155.685,-11.448,155.680,-1.619,0.001,0.001,-0.003,0.90,-0.29,92.32
23,-0.177,0.994,6.15,-11.466,155.685,-11.449,155.680,-1.620,-0.002,0.000,-0.003,0.88,-0.29,92.32
23,-0.177,0.994,6.20,-11.466,155.685,-11.450,155.680,-1.620,-0.004,0.000,-0.003,0.85,-0.30,92.33
23,-0.177,0.994,6.25,-11.466,155.685,-11.452,155.679,-1.620,-0.008,-0.000,-0.002,0.83,-0.30,92.33
23,-0.177,0.994,6.30,-11.466,155.685,-11.453,155.679,-1.620,-0.009,-0.001,-0.002,0.79,-0.31,92.33
23,-0.177,0.994,6.35,-11.466,155.685,-11.455,155.678,-1.620,-0.012,-0.001,-0.001,0.77,-0.31,92.33
23,-0.177,0.994,6.40,-11.466,155.685,-11.457,155.678,-1.620,-0.013,-0.001,-0.001,0.73,-0.31,92.33
23,-0.177,0.994,6.45,-11.466,155.685,-11.460,155.677,-1.620,-0.016,-0.002,-0.001,0.70,-0.32,92.33
23,-0.177,0.994,6.50,-11.466,155.685,-11.461,155.677,-1.621,-0.017,-0.002,-0.001,0.67,-0.33,92.34
23,-0.177,0.994,6.55,-11.466,155.685,-11.464,155.676,-1.621,-0.019,-0.002,-0.001,0.63,-0.33,92.34
23,-0.177,0.994,6.60,-11.466,155.685,-11.465,155.676,-1.621,-0.019,-0.002,-0.001,0.59,-0.34,92.34
23,-0.177,0.994,6.65,-11.466,155.685,-11.468,155.676,-1.621,-0.019,-0.002,-0.000,0.56,-0.35,92.34
23,-0.177,0.994,6.70,-11.466,155.685,-11.469,155.676,-1.621,-0.019,-0.002,-0.000,0.53,-0.35,92.34
23,-0.177,0.994,6.75,-11.466,155.685,-11.472,155.675,-1.621,-0.018,-0.001,-0.000,0.50,-0.36,92.33
23,-0.177,0.994,6.80,-11.466,155.685,-11.472,155.675,-1.621,-0.018,-0.001,-0.000,0.48,-0.36,92.33
23,-0.177,0.994,6.85,-11.466,155.685,-11.474,155.675,-1.621,-0.016,-0.001,-0.001,0.46,-0.36,92.33
23,-0.177,0.994,6.90,-11.466,155.685,-11.475,155.674,-1.621,-0.015,-0.000,-0.001,0.44,-0.36,92.33
23,-0.177,0.994,6.95,-11.466,155.685,-11.477,155.674,-1.621,-0.014,-0.000,-0.001,0.44,-0.36,92.33
23,-0.177,0.994,7.00,-11.466,155.685,-11.478,155.674,-1.621,-0.013,0.000,-0.001,0.43,-0.36,92.33
23,-0.177,0.994,7.05,-11.466,155.685,-11.480,155.673,-1.622,-0.011,0.001,-0.000,0.42,-0.36,92.32
23,-0.177,0.994,7.10,-11.466,155.685,-11.481,155.673,-1.622,-0.010,0.001,-0.000,0.42,-0.36,92.32
23,-0.177,0.994,7.15,-11.466,155.685,-11.483,155.673,-1.623,-0.008,0.002,-0.000,0.41,-0.36,92.32
23,-0.177,0.994,7.20,-11.466,155.685,-11.484,155.673,-1.623,-0.008,0.002,0.000,0.41,-0.36,92.32
23,-0.177,0.994,7.25,-11.466,155.685,-11.487,155.672,-1.624,-0.006,0.002,0.001,0.41,-0.36,92.32
23,-0.177,0.994,7.30,-11.466,155.685,-11.487,155.672,-1.624,-0.005,0.003,0.001,0.41,-0.36,92.32
23,-0.177,0.994,7.35,-11.466,155.685,-11.489,155.672,-1.625,-0.003,0.003,0.002,0.41,-0.36,92.32
23,-0.177,0.994,7.40,-11.466,155.685,-11.490,155.672,-1.625,-0.002,0.004,0.002,0.40,-0.36,92.32
23,-0.177,0.994,7.45,-11.466,155.685,-11.491,155.673,-1.626,0.000,0.005,0.003,0.40,-0.36,92.32
23,-0.177,0.994,7.50,-11.466,155.685,-11.491,155.673,-1.626,0.002,0.005,0.003,0.40,-0.36,92.32
23,-0.177,0.994,7.55,-11.466,155.685,-11.491,155.674,-1.627,0.004,0.007,0.004,0.40,-0.35,92.32
23,-0.177,0.994,7.60,-11.466,155.685,-11.491,155.675,-1.627,0.005,0.007,0.004,0.41,-0.34,92.32
23,-0.177,0.994,7.65,-11.466,155.685,-11.491,155.677,-1.627,0.007,0.008,0.005,0.41,-0.33,92.32
23,-0.177,0.994,7.70,-11.466,155.685,-11.491,155.677,-1.628,0.008,0.009,0.005,0.42,-0.32,92.32
23,-0.177,0.994,7.75,-11.466,155.685,-11.491,155.679,-1.628,0.010,0.009,0.006,0.43,-0.31,92.32
23,-0.177,0.994,7.80,-11.466,155.685,-11.491,155.679,-1.629,0.011,0.010,0.006,0.45,-0.29,92.32
23,-0.177,0.994,7.85,-11.466,155.685,-11.490,155.681,-1.629,0.013,0.010,0.007,0.46,-0.28,92.32
23,-0.177,0.994,7.90,-11.466,155.685,-11.490,155.682,-1.630,0.013,0.011,0.007,0.47,-0.26,92.32
23,-0.177,0.994,7.95,-11.466,155.685,-11.490,155.684,-1.630,0.014,0.011,0.008,0.48,-0.25,92.32
24,-4.199,4.773,0.00,-11.466,155.685,-11.366,155.637,-1.607,0.147,-0.098,-0.021,2.08,-1.30,92.32
24,-4.199,4.773,0.05,-11.466,155.685,-11.355,155.630,-1.607,0.151,-0.103,-0.022,2.23,-1.41,92.32
24,-4.199,4.773,0.10,-11.466,155.685,-11.349,155.627,-1.607,0.152,-0.106,-0.022,2.40,-1.52,92.32
24,-4.199,4.773,0.15,-11.466,155.685,-11.338,155.621,-1.608,0.153,-0.110,-0.022,2.54,-1.62,92.33
24,-4.199,4.773,0.20,-11.466,155.685,-11.331,155.617,-1.609,0.152,-0.112,-0.022,2.68,-1.73,92.33
24,-4.199,4.773,0.25,-11.466,155.685,-11.320,155.611,-1.610,0.151,-0.114,-0.022,2.81,-1.83,92.34
24,-4.199,4.773,0.30,-11.466,155.685,-11.314,155.608,-1.610,0.149,-0.116,-0.022,2.94,-1.93,92.35
24,-4.199,4.773,0.35,-11.466,155.685,-11.304,155.601,-1.612,0.145,-0.117,-0.022,3.05,-2.03,92.35
24,-4.199,4.773,0.40,-11.466,155.685,-11.298,155.597,-1.613,0.142,-0.118,-0.021,3.16,-2.12,92.36
24,-4.199,4.773,0.45,-11.466,155.685,-11.289,155.591,-1.614,0.135,-0.119,-0.021,3.25,-2.21,92.36
24,-4.199,4.773,0.50,-11.466,155.685,-11.284,155.587,-1.615,0.132,-0.119,-0.020,3.35,-2.30,92.36
24,-4.199,4.773,0.55,-11.466,155.685,-11.276,155.581,-1.617,0.123,-0.120,-0.019,3.42,-2.38,92.35
24,-4.199,4.773,0.60,-11.466,155.685,-11.272,155.576,-1.617,0.118,-0.120,-0.018,3.49,-2.47,92.35
24,-4.199,4.773,0.65,-11.466,155.685,-11.264,155.569,-1.619,0.108,-0.120,-0.017,3.55,-2.55,92.34
24,-4.199,4.773,0.70,-11.466,155.685,-11.261,155.566,-1.619,0.103,-0.119,-0.016,3.60,-2.63,92.33
24,-4.199,4.773,0.75,-11.466,155.685,-11.255,155.559,-1.621,0.093,-0.119,-0.015,3.63,-2.70,92.32
24,-4.199,4.773,0.80,-11.466,155.685,-11.252,155.554,-1.622,0.086,-0.118,-0.014,3.67,-2.78,92.30
24,-4.199,4.773,0.85,-11.466,155.685,-11.248,155.546,-1.623,0.074,-0.117,-0.012,3.69,-2.86,92.29
24,-4.199,4.773,0.90,-11.466,155.685,-11.246,155.543,-1.624,0.069,-0.116,-0.012,3.70,-2.94,92.27
24,-4.199,4.773,0.95,-11.466,155.685,-11.243,155.535,-1.626,0.057,-0.114,-0.010,3.71,-3.01,92.26
24,-4.199,4.773,1.00,-11.466,155.685,-11.241,155.530,-1.627,0.050,-0.112,-0.009,3.71,-3.08,92.25
24,-4.199,4.773,1.05,-11.466,155.685,-11.239,155.522,-1.628,0.038,-0.110,-0.007,3.70,-3.15,92.24
24,-4.199,4.773,1.10,-11.466,155.685,-11.239,155.518,-1.629,0.033,-0.108,-0.006,3.68,-3.23,92.23
24,-4.199,4.773,1.15,-11.466,155.685,-11.239,155.511,-1.630,0.022,-0.104,-0.004,3.66,-3.30,92.22
24,-4.199,4.773,1.20,-11.466,155.685,-11.239,155.506,-1.631,0.015,-0.101,-0.003,3.64,-3.36,92.22
24,-4.199,4.773,1.25,-11.466,155.685,-11.240,155.500,-1.632,0.005,-0.096,-0.001,3.60,-3.42,92.21
24,-4.199,4.773,1.30,-11.466,155.685,-11.240,155.496,-1.632,-0.000,-0.094,-0.000,3.57,-3.48,92.21
24,-4.199,4.773,1.35,-11.466,155.685,-11.242,155.490,-1.633,-0.010,-0.088,0.001,3.53,-3.54,92.22
24,-4.199,4.773,1.40,-11.466,155.685,-11.244,155.486,-1.633,-0.015,-0.084,0.002,3.48,-3.59,92.22
24,-4.199,4.773,1.45,-11.466,155.685,-11.246,155.479,-1.633,-0.023,-0.079,0.003,3.44,-3.63,92.23
24,-4.199,4.773,1.50,-11.466,155.685,-11.248,155.476,-1.632,-0.027,-0.076,0.004,3.39,-3.68,92.24
24,-4.199,4.773,1.55,-11.466,155.685,-11.251,155.470,-1.632,-0.034,-0.069,0.004,3.35,-3.71,92.26
24,-4.199,4.773,1.60,-11.466,155.685,-11.254,155.466,-1.631,-0.038,-0.065,0.005,3.30,-3.75,92.27
24,-4.199,4.773,1.65,-11.466,155.685,-11.258,155.460,-1.631,-0.044,-0.058,0.005,3.25,-3.79,92.29
24,-4.199,4.773,1.70,-11.466,155.685,-11.260,155.458,-1.630,-0.046,-0.055,0.005,3.21,-3.82,92.31
24,-4.199,4.773,1.75,-11.466,155.685,-11.264,155.453,-1.630,-0.051,-0.048,0.004,3.16,-3.85,92.32
24,-4.199,4.773,1.80,-11.466,155.685,-11.267,155.450,-1.629,-0.053,-0.043,0.004,3.11,-3.87,92.33
24,-4.199,4.773,1.85,-11.466,155.685,-11.271,155.447,-1.629,-0.056,-0.036,0.004,3.07,-3.90,92.34
24,-4.199,4.773,1.90,-11.466,155.685,-11.273,155.445,-1.629,-0.056,-0.032,0.003,3.03,-3.92,92.34
24,-4.199,4.773,1.95,-11.466,155.685,-11.277,155.442,-1.629,-0.058,-0.024,0.003,3.00,-3.93,92.34
24,-4.199,4.773,2.00,-11.466,155.685,-11.279,155.440,-1.630,-0.059,-0.019,0.003,2.97,-3.94,92.35
24,-4.199,4.773,2.05,-11.466,155.685,-11.283,155.438,-1.630,-0.059,-0.012,0.003,2.94,-3.94,92.35
24,-4.199,4.773,2.10,-11.466,155.685,-11.285,155.437,-1.630,-0.059,-0.008,0.003,2.92,-3.94,92.35
24,-4.199,4.773,2.15,-11.466,155.685,-11.288,155.436,-1.631,-0.059,-0.001,0.004,2.90,-3.94,92.35
24,-4.199,4.773,2.20,-11.466,155.685,-11.290,155.436,-1.631,-0.059,0.004,0.004,2.89,-3.94,92.34
24,-4.199,4.773,2.25,-11.466,155.685,-11.293,155.436,-1.631,-0.058,0.012,0.004,2.88,-3.93,92.33
24,-4.199,4.773,2.30,-11.466,155.685,-11.294,155.436,-1.631,-0.057,0.015,0.005,2.88,-3.92,92.32
24,-4.199,4.773,2.35,-11.466,155.685,-11.297,155.437,-1.631,-0.056,0.023,0.005,2.88,-3.91,92.30
24,-4.199,4.773,2.40,-11.466,155.685,-11.298,155.439,-1.631,-0.055,0.028,0.006,2.88,-3.88,92.28
24,-4.199,4.773,2.45,-11.466,155.685,-11.301,155.441,-1.630,-0.054,0.035,0.006,2.89,-3.86,92.27
24,-4.199,4.773,2.50,-11.466,155.685,-11.302,155.443,-1.630,-0.054,0.038,0.006,2.90,-3.83,92.25
24,-4.199,4.773,2.55,-11.466,155.685,-11.306,155.446,-1.629,-0.054,0.045,0.006,2.91,-3.79,92.24
24,-4.199,4.773,2.60,-11.466,155.685,-11.308,155.448,-1.628,-0.054,0.048,0.006,2.91,-3.76,92.24
24,-4.199,4.773,2.65,-11.466,155.685,-11.313,155.452,-1.627,-0.055,0.054,0.006,2.92,-3.72,92.24
24,-4.199,4.773,2.70,-11.466,155.685,-11.316,155.454,-1.626,-0.056,0.056,0.006,2.92,-3.68,92.25
24,-4.199,4.773,2.75,-11.466,155.685,-11.321,155.459,-1.626,-0.056,0.061,0.005,2.91,-3.64,92.26
24,-4.199,4.773,2.80,-11.466,155.685,-11.324,155.462,-1.625,-0.057,0.063,0.004,2.90,-3.59,92.28
24,-4.199,4.773,2.85,-11.466,155.685,-11.329,155.467,-1.625,-0.058,0.066,0.003,2.87,-3.55,92.29
24,-4.199,4.773,2.90,-11.466,155.685,-11.331,155.469,-1.625,-0.058,0.067,0.003,2.85,-3.51,92.31
24,-4.199,4.773,2.95,-11.466,155.685,-11.336,155.474,-1.625,-0.058,0.069,0.003,2.82,-3.47,92.32
24,-4.199,4.773,3.00,-11.466,155.685,-11.339,155.476,-1.625,-0.057,0.070,0.003,2.79,-3.43,92.34
24,-4.199,4.773,3.05,-11.466,155.685,-11.343,155.481,-1.626,-0.056,0.070,0.003,2.77,-3.40,92.35
24,-4.199,4.773,3.10,-11.466,155.685,-11.346,155.483,-1.626,-0.056,0.070,0.003,2.74,-3.37,92.36
24,-4.199,4.773,3.15,-11.466,155.685,-11.350,155.486,-1.627,-0.054,0.069,0.003,2.72,-3.35,92.37
24,-4.199,4.773,3.20,-11.466,155.685,-11.352,155.488,-1.627,-0.053,0.069,0.003,2.70,-3.33,92.37
24,-4.199,4.773,3.25,-11.466,155.685,-11.356,155.492,-1.627,-0.050,0.067,0.004,2.69,-3.31,92.37
24,-4.199,4.773,3.30,-11.466,155.685,-11.357,155.493,-1.628,-0.049,0.066,0.004,2.67,-3.30,92.37
24,-4.199,4.773,3.35,-11.466,155.685,-11.360,155.496,-1.628,-0.046,0.065,0.005,2.67,-3.30,92.37
24,-4.199,4.773,3.40,-11.466,155.685,-11.362,155.498,-1.628,-0.045,0.064,0.005,2.67,-3.30,92.37
24,-4.199,4.773,3.45,-11.466,155.685,-11.365,155.501,-1.628,-0.042,0.062,0.005,2.67,-3.30,92.36
24,-4.199,4.773,3.50,-11.466,155.685,-11.366,155.503,-1.628,-0.040,0.061,0.006,2.67,-3.30,92.35
24,-4.199,4.773,3.55,-11.466,155.685,-11.368,155.506,-1.628,-0.037,0.059,0.006,2.68,-3.30,92.35
24,-4.199,4.773,3.60,-11.466,155.685,-11.369,155.508,-1.628,-0.035,0.058,0.006,2.69,-3.31,92.34
24,-4.199,4.773,3.65,-11.466,155.685,-11.370,155.511,-1.627,-0.032,0.057,0.006,2.70,-3.31,92.33
24,-4.199,4.773,3.70,-11.466,155.685,-11.371,155.512,-1.627,-0.031,0.056,0.006,2.71,-3.31,92.32
24,-4.199,4.773,3.75,-11.466,155.685,-11.372,155.514,-1.627,-0.028,0.055,0.006,2.73,-3.32,92.31
24,-4.199,4.773,3.80,-11.466,155.685,-11.372,155.516,-1.627,-0.027,0.054,0.006,2.74,-3.32,92.30
24,-4.199,4.773,3.85,-11.466,155.685,-11.373,155.518,-1.626,-0.025,0.052,0.005,2.76,-3.33,92.29
24,-4.199,4.773,3.90,-11.466,155.685,-11.374,155.519,-1.626,-0.024,0.051,0.005,2.78,-3.34,92.29
24,-4.199,4.773,3.95,-11.466,155.685,-11.375,155.521,-1.625,-0.023,0.050,0.005,2.80,-3.34,92.28
24,-4.199,4.773,4.00,-11.466,155.685,-11.376,155.522,-1.624,-0.022,0.049,0.004,2.81,-3.35,92.28
24,-4.199,4.773,4.05,-11.466,155.685,-11.376,155.524,-1.623,-0.021,0.048,0.004,2.83,-3.36,92.28
24,-4.199,4.773,4.10,-11.466,155.685,-11.377,155.525,-1.622,-0.020,0.047,0.003,2.84,-3.37,92.27
24,-4.199,4.773,4.15,-11.466,155.685,-11.377,155.527,-1.621,-0.019,0.046,0.002,2.85,-3.37,92.27
24,-4.199,4.773,4.20,-11.466,155.685,-11.378,155.528,-1.621,-0.018,0.045,0.001,2.86,-3.38,92.27
24,-4.199,4.773,4.25,-11.466,155.685,-11.378,155.529,-1.621,-0.017,0.044,0.000,2.87,-3.39,92.27
24,-4.199,4.773,4.30,-11.466,155.685,-11.379,155.530,-1.620,-0.017,0.043,-0.000,2.88,-3.40,92.27
24,-4.199,4.773,4.35,-11.466,155.685,-11.379,155.532,-1.619,-0.016,0.042,-0.001,2.89,-3.41,92.27
24,-4.199,4.773,4.40,-11.466,155.685,-11.380,155.533,-1.619,-0.016,0.042,-0.002,2.90,-3.42,92.27
24,-4.199,4.773,4.45,-11.466,155.685,-11.380,155.535,-1.618,-0.015,0.041,-0.002,2.90,-3.43,92.27
24,-4.199,4.773,4.50,-11.466,155.685,-11.381,155.537,-1.617,-0.015,0.041,-0.003,2.91,-3.43,92.27
24,-4.199,4.773,4.55,-11.466,155.685,-11.381,155.539,-1.616,-0.015,0.041,-0.004,2.92,-3.44,92.28
24,-4.199,4.773,4.60,-11.466,155.685,-11.382,155.541,-1.616,-0.015,0.041,-0.004,2.93,-3.44,92.28
24,-4.199,4.773,4.65,-11.466,155.685,-11.382,155.544,-1.615,-0.014,0.041,-0.005,2.93,-3.44,92.28
24,-4.199,4.773,4.70,-11.466,155.685,-11.382,155.545,-1.614,-0.014,0.041,-0.006,2.94,-3.44,92.28
24,-4.199,4.773,4.75,-11.466,155.685,-11.383,155.548,-1.613,-0.014,0.041,-0.007,2.94,-3.43,92.29
24,-4.199,4.773,4.80,-11.466,155.685,-11.383,155.550,-1.613,-0.014,0.041,-0.008,2.95,-3.42,92.29
24,-4.199,4.773,4.85,-11.466,155.685,-11.383,155.553,-1.613,-0.014,0.041,-0.009,2.95,-3.41,92.30
24,-4.199,4.773,4.90,-11.466,155.685,-11.384,155.555,-1.613,-0.015,0.041,-0.009,2.96,-3.40,92.30
24,-4.199,4.773,4.95,-11.466,155.685,-11.384,155.558,-1.613,-0.015,0.041,-0.010,2.96,-3.39,92.31
24,-4.199,4.773,5.00,-11.466,155.685,-11.384,155.561,-1.613,-0.015,0.041,-0.010,2.96,-3.38,92.31
24,-4.199,4.773,5.05,-11.466,155.685,-11.385,155.564,-1.614,-0.015,0.041,-0.010,2.97,-3.37,92.32
24,-4.199,4.773,5.10,-11.466,155.685,-11.385,155.566,-1.614,-0.015,0.041,-0.010,2.97,-3.36,92.32
24,-4.199,4.773,5.15,-11.466,155.685,-11.386,155.570,-1.615,-0.016,0.041,-0.010,2.97,-3.34,92.33
24,-4.199,4.773,5.20,-11.466,155.685,-11.387,155.572,-1.616,-0.016,0.041,-0.009,2.97,-3.33,92.33
24,-4.199,4.773,5.25,-11.466,155.685,-11.388,155.577,-1.617,-0.017,0.041,-0.009,2.97,-3.32,92.34
24,-4.199,4.773,5.30,-11.466,155.685,-11.388,155.579,-1.617,-0.017,0.041,-0.008,2.97,-3.30,92.35
24,-4.199,4.773,5.35,-11.466,155.685,-11.389,155.584,-1.618,-0.017,0.041,-0.007,2.97,-3.28,92.35
24,-4.199,4.773,5.40,-11.466,155.685,-11.389,155.587,-1.618,-0.017,0.040,-0.006,2.97,-3.26,92.35
24,-4.199,4.773,5.45,-11.466,155.685,-11.390,155.591,-1.619,-0.018,0.040,-0.005,2.97,-3.24,92.36
24,-4.199,4.773,5.50,-11.466,155.685,-11.391,155.593,-1.619,-0.018,0.039,-0.005,2.97,-3.21,92.36
24,-4.199,4.773,5.55,-11.466,155.685,-11.392,155.598,-1.620,-0.018,0.038,-0.004,2.96,-3.19,92.36
24,-4.199,4.773,5.60,-11.466,155.685,-11.392,155.600,-1.620,-0.018,0.037,-0.004,2.96,-3.17,92.36
24,-4.199,4.773,5.65,-11.466,155.685,-11.393,155.604,-1.621,-0.018,0.035,-0.003,2.96,-3.16,92.35
24,-4.199,4.773,5.70,-11.466,155.685,-11.394,155.606,-1.621,-0.019,0.033,-0.002,2.96,-3.14,92.35
24,-4.199,4.773,5.75,-11.466,155.685,-11.394,155.609,-1.621,-0.018,0.031,-0.001,2.96,-3.12,92.34
24,-4.199,4.773,5.80,-11.466,155.685,-11.395,155.611,-1.620,-0.018,0.029,-0.001,2.96,-3.12,92.34
24,-4.199,4.773,5.85,-11.466,155.685,-11.395,155.614,-1.620,-0.017,0.026,-0.001,2.96,-3.11,92.34
24,-4.199,4.773,5.90,-11.466,155.685,-11.395,155.615,-1.620,-0.017,0.024,-0.001,2.96,-3.11,92.34
24,-4.199,4.773,5.95,-11.466,155.685,-11.395,155.618,-1.619,-0.016,0.021,-0.001,2.96,-3.11,92.34
24,-4.199,4.773,6.00,-11.466,155.685,-11.395,155.619,-1.619,-0.016,0.020,-0.001,2.96,-3.11,92.34
24,-4.199,4.773,6.05,-11.466,155.685,-11.395,155.621,-1.618,-0.015,0.017,-0.002,2.97,-3.12,92.34
24,-4.199,4.773,6.10,-11.466,155.685,-11.395,155.622,-1.618,-0.014,0.016,-0.002,2.98,-3.12,92.35
24,-4.199,4.773,6.15,-11.466,155.685,-11.394,155.624,-1.618,-0.014,0.013,-0.003,2.99,-3.13,92.35
24,-4.199,4.773,6.20,-11.466,155.685,-11.394,155.625,-1.618,-0.014,0.012,-0.003,3.00,-3.14,92.35
24,-4.199,4.773,6.25,-11.466,155.685,-11.394,155.627,-1.618,-0.013,0.009,-0.003,3.01,-3.14,92.36
24,-4.199,4.773,6.30,-11.466,155.685,-11.394,155.628,-1.618,-0.014,0.008,-0.004,3.02,-3.15,92.36
24,-4.199,4.773,6.35,-11.466,155.685,-11.394,155.629,-1.618,-0.014,0.006,-0.004,3.03,-3.16,92.36
24,-4.199,4.773,6.40,-11.466,155.685,-11.394,155.630,-1.617,-0.014,0.005,-0.004,3.04,-3.17,92.36
24,-4.199,4.773,6.45,-11.466,155.685,-11.395,155.631,-1.617,-0.015,0.003,-0.004,3.05,-3.19,92.35
24,-4.199,4.773,6.50,-11.466,155.685,-11.395,155.632,-1.616,-0.015,0.002,-0.004,3.05,-3.20,92.35
24,-4.199,4.773,6.55,-11.466,155.685,-11.395,155.633,-1.616,-0.016,0.000,-0.004,3.05,-3.20,92.35
24,-4.199,4.773,6.60,-11.466,155.685,-11.395,155.633,-1.615,-0.017,-0.001,-0.004,3.05,-3.21,92.35
24,-4.199,4.773,6.65,-11.466,155.685,-11.396,155.635,-1.615,-0.017,-0.002,-0.005,3.05,-3.22,92.34
24,-4.199,4.773,6.70,-11.466,155.685,-11.396,155.635,-1.614,-0.018,-0.002,-0.005,3.05,-3.23,92.34
24,-4.199,4.773,6.75,-11.466,155.685,-11.396,155.636,-1.614,-0.018,-0.004,-0.006,3.05,-3.24,92.34
24,-4.199,4.773,6.80,-11.466,155.685,-11.396,155.637,-1.614,-0.019,-0.004,-0.006,3.05,-3.24,92.34
24,-4.199,4.773,6.85,-11.466,155.685,-11.397,155.638,-1.614,-0.019,-0.005,-0.007,3.04,-3.25,92.34
24,-4.199,4.773,6.90,-11.466,155.685,-11.397,155.639,-1.614,-0.019,-0.006,-0.007,3.04,-3.25,92.34
24,-4.199,4.773,6.95,-11.466,155.685,-11.397,155.640,-1.615,-0.020,-0.006,-0.007,3.04,-3.26,92.34
24,-4.199,4.773,7.00,-11.466,155.685,-11.397,155.640,-1.615,-0.020,-0.007,-0.007,3.04,-3.26,92.34
24,-4.199,4.773,7.05,-11.466,155.685,-11.397,155.640,-1.616,-0.020,-0.008,-0.007,3.03,-3.27,92.35
24,-4.199,4.773,7.10,-11.466,155.685,-11.397,155.641,-1.616,-0.019,-0.009,-0.007,3.04,-3.27,92.35
24,-4.199,4.773,7.15,-11.466,155.685,-11.397,155.641,-1.617,-0.019,-0.009,-0.007,3.04,-3.28,92.36
24,-4.199,4.773,7.20,-11.466,155.685,-11.397,155.641,-1.618,-0.019,-0.010,-0.007,3.04,-3.29,92.36
24,-4.199,4.773,7.25,-11.466,155.685,-11.397,155.641,-1.619,-0.019,-0.010,-0.006,3.04,-3.30,92.36
24,-4.199,4.773,7.30,-11.466,155.685,-11.397,155.641,-1.619,-0.019,-0.011,-0.005,3.05,-3.31,92.37
24,-4.199,4.773,7.35,-11.466,155.685,-11.397,155.641,-1.620,-0.020,-0.011,-0.005,3.06,-3.31,92.37
24,-4.199,4.773,7.40,-11.466,155.685,-11.397,155.641,-1.620,-0.020,-0.011,-0.004,3.06,-3.32,92.36
24,-4.199,4.773,7.45,-11.466,155.685,-11.398,155.641,-1.621,-0.021,-0.011,-0.003,3.07,-3.33,92.36
24,-4.199,4.773,7.50,-11.466,155.685,-11.398,155.641,-1.621,-0.021,-0.011,-0.003,3.07,-3.34,92.36
24,-4.199,4.773,7.55,-11.466,155.685,-11.398,155.642,-1.622,-0.021,-0.011,-0.002,3.07,-3.35,92.36
24,-4.199,4.773,7.60,-11.466,155.685,-11.399,155.642,-1.622,-0.022,-0.010,-0.002,3.07,-3.35,92.36
24,-4.199,4.773,7.65,-11.466,155.685,-11.400,155.642,-1.623,-0.023,-0.010,-0.001,3.07,-3.35,92.36
24,-4.199,4.773,7.70,-11.466,155.685,-11.400,155.641,-1.624,-0.023,-0.010,-0.001,3.06,-3.35,92.35
24,-4.199,4.773,7.75,-11.466,155.685,-11.402,155.641,-1.624,-0.024,-0.010,-0.000,3.06,-3.36,92.35
24,-4.199,4.773,7.80,-11.466,155.685,-11.403,155.640,-1.625,-0.025,-0.010,0.001,3.05,-3.36,92.34
24,-4.199,4.773,7.85,-11.466,155.685,-11.405,155.640,-1.625,-0.026,-0.010,0.001,3.04,-3.36,92.34
24,-4.199,4.773,7.90,-11.466,155.685,-11.406,155.640,-1.626,-0.026,-0.010,0.002,3.03,-3.37,92.33
24,-4.199,4.773,7.95,-11.466,155.685,-11.408,155.639,-1.626,-0.027,-0.010,0.002,3.02,-3.38,92.33
25,0.932,3.583,0.00,-11.466,155.685,-11.445,155.748,-1.616,0.014,0.191,0.002,3.37,-1.49,92.45
25,0.932,3.583,0.05,-11.466,155.685,-11.446,155.761,-1.616,0.009,0.198,0.001,3.38,-1.34,92.46
25,0.932,3.583,0.10,-11.466,155.685,-11.447,155.770,-1.616,0.006,0.201,0.000,3.38,-1.12,92.47
25,0.932,3.583,0.15,-11.466,155.685,-11.448,155.783,-1.616,0.002,0.205,-0.001,3.37,-0.97,92.48
25,0.932,3.583,0.20,-11.466,155.685,-11.449,155.790,-1.616,-0.001,0.206,-0.001,3.35,-0.75,92.49
25,0.932,3.583,0.25,-11.466,155.685,-11.452,155.804,-1.617,-0.006,0.206,-0.001,3.34,-0.62,92.49
25,0.932,3.583,0.30,-11.466,155.685,-11.454,155.812,-1.617,-0.009,0.206,-0.001,3.30,-0.41,92.49
25,0.932,3.583,0.35,-11.466,155.685,-11.457,155.825,-1.618,-0.014,0.203,-0.001,3.28,-0.29,92.49
25,0.932,3.583,0.40,-11.466,155.685,-11.459,155.831,-1.619,-0.016,0.201,-0.001,3.23,-0.11,92.49
25,0.932,3.583,0.45,-11.466,155.685,-11.463,155.843,-1.619,-0.020,0.196,-0.000,3.20,0.00,92.49
25,0.932,3.583,0.50,-11.466,155.685,-11.466,155.851,-1.620,-0.022,0.191,0.000,3.14,0.15,92.48
25,0.932,3.583,0.55,-11.466,155.685,-11.469,155.861,-1.621,-0.025,0.183,0.001,3.10,0.24,92.47
25,0.932,3.583,0.60,-11.466,155.685,-11.471,155.867,-1.621,-0.026,0.179,0.001,3.04,0.37,92.45
25,0.932,3.583,0.65,-11.466,155.685,-11.475,155.876,-1.622,-0.028,0.170,0.002,3.00,0.44,92.44
25,0.932,3.583,0.70,-11.466,155.685,-11.477,155.882,-1.623,-0.029,0.164,0.003,2.95,0.54,92.41
25,0.932,3.583,0.75,-11.466,155.685,-11.479,155.890,-1.624,-0.029,0.154,0.004,2.91,0.60,92.40
25,0.932,3.583,0.80,-11.466,155.685,-11.480,155.894,-1.625,-0.029,0.148,0.004,2.86,0.67,92.37
25,0.932,3.583,0.85,-11.466,155.685,-11.482,155.901,-1.626,-0.028,0.137,0.005,2.84,0.72,92.35
25,0.932,3.583,0.90,-11.466,155.685,-11.483,155.905,-1.626,-0.027,0.130,0.006,2.80,0.77,92.33
25,0.932,3.583,0.95,-11.466,155.685,-11.484,155.911,-1.627,-0.026,0.118,0.007,2.78,0.80,92.31
25,0.932,3.583,1.00,-11.466,155.685,-11.485,155.913,-1.627,-0.025,0.112,0.008,2.76,0.83,92.29
25,0.932,3.583,1.05,-11.466,155.685,-11.485,155.917,-1.628,-0.023,0.099,0.009,2.75,0.84,92.28
25,0.932,3.583,1.10,-11.466,155.685,-11.485,155.918,-1.628,-0.023,0.091,0.009,2.74,0.85,92.27
25,0.932,3.583,1.15,-11.466,155.685,-11.485,155.920,-1.628,-0.021,0.079,0.010,2.74,0.85,92.26
25,0.932,3.583,1.20,-11.466,155.685,-11.485,155.921,-1.629,-0.020,0.073,0.010,2.73,0.84,92.26
25,0.932,3.583,1.25,-11.466,155.685,-11.485,155.922,-1.629,-0.019,0.061,0.010,2.73,0.83,92.26
25,0.932,3.583,1.30,-11.466,155.685,-11.485,155.923,-1.629,-0.018,0.054,0.011,2.73,0.80,92.26
25,0.932,3.583,1.35,-11.466,155.685,-11.485,155.923,-1.630,-0.017,0.044,0.011,2.73,0.78,92.26
25,0.932,3.583,1.40,-11.466,155.685,-11.484,155.923,-1.630,-0.017,0.039,0.011,2.73,0.74,92.26
25,0.932,3.583,1.45,-11.466,155.685,-11.484,155.923,-1.630,-0.016,0.030,0.012,2.73,0.72,92.27
25,0.932,3.583,1.50,-11.466,155.685,-11.484,155.923,-1.629,-0.016,0.025,0.012,2.72,0.69,92.27
25,0.932,3.583,1.55,-11.466,155.685,-11.483,155.921,-1.629,-0.016,0.017,0.012,2.72,0.67,92.28
25,0.932,3.583,1.60,-11.466,155.685,-11.483,155.920,-1.629,-0.016,0.013,0.012,2.72,0.63,92.28
25,0.932,3.583,1.65,-11.466,155.685,-11.483,155.918,-1.629,-0.016,0.006,0.012,2.71,0.61,92.28
25,0.932,3.583,1.70,-11.466,155.685,-11.483,155.916,-1.630,-0.016,0.001,0.012,2.71,0.57,92.29
25,0.932,3.583,1.75,-11.466,155.685,-11.483,155.913,-1.630,-0.016,-0.005,0.011,2.70,0.54,92.29
25,0.932,3.583,1.80,-11.466,155.685,-11.483,155.911,-1.630,-0.016,-0.008,0.011,2.69,0.51,92.30
25,0.932,3.583,1.85,-11.466,155.685,-11.483,155.908,-1.630,-0.016,-0.013,0.011,2.68,0.48,92.30
25,0.932,3.583,1.90,-11.466,155.685,-11.482,155.906,-1.631,-0.016,-0.016,0.011,2.67,0.44,92.31
25,0.932,3.583,1.95,-11.466,155.685,-11.482,155.903,-1.631,-0.016,-0.020,0.012,2.66,0.41,92.32
25,0.932,3.583,2.00,-11.466,155.685,-11.482,155.902,-1.631,-0.016,-0.022,0.012,2.65,0.38,92.32
25,0.932,3.583,2.05,-11.466,155.685,-11.482,155.898,-1.631,-0.016,-0.025,0.012,2.65,0.36,92.33
25,0.932,3.583,2.10,-11.466,155.685,-11.482,155.896,-1.632,-0.015,-0.026,0.012,2.64,0.33,92.34
25,0.932,3.583,2.15,-11.466,155.685,-11.482,155.894,-1.632,-0.015,-0.028,0.013,2.63,0.31,92.35
25,0.932,3.583,2.20,-11.466,155.685,-11.482,155.893,-1.633,-0.015,-0.029,0.013,2.62,0.28,92.36
25,0.932,3.583,2.25,-11.466,155.685,-11.481,155.891,-1.633,-0.014,-0.029,0.013,2.62,0.27,92.37
25,0.932,3.583,2.30,-11.466,155.685,-11.481,155.890,-1.633,-0.014,-0.029,0.013,2.62,0.26,92.38
25,0.932,3.583,2.35,-11.466,155.685,-11.481,155.889,-1.634,-0.013,-0.028,0.014,2.61,0.26,92.39
25,0.932,3.583,2.40,-11.466,155.685,-11.481,155.888,-1.634,-0.013,-0.028,0.014,2.61,0.26,92.40
25,0.932,3.583,2.45,-11.466,155.685,-11.481,155.888,-1.634,-0.012,-0.028,0.014,2.61,0.26,92.40
25,0.932,3.583,2.50,-11.466,155.685,-11.481,155.887,-1.634,-0.012,-0.028,0.015,2.61,0.27,92.40
25,0.932,3.583,2.55,-11.466,155.685,-11.481,155.886,-1.634,-0.012,-0.028,0.015,2.61,0.29,92.41
25,0.932,3.583,2.60,-11.466,155.685,-11.481,155.886,-1.633,-0.012,-0.028,0.015,2.61,0.30,92.41
25,0.932,3.583,2.65,-11.466,155.685,-11.481,155.884,-1.633,-0.012,-0.029,0.015,2.61,0.31,92.40
25,0.932,3.583,2.70,-11.466,155.685,-11.481,155.883,-1.633,-0.011,-0.029,0.015,2.61,0.33,92.40
25,0.932,3.583,2.75,-11.466,155.685,-11.481,155.882,-1.632,-0.012,-0.031,0.014,2.61,0.34,92.39
25,0.932,3.583,2.80,-11.466,155.685,-11.481,155.881,-1.632,-0.012,-0.031,0.014,2.60,0.34,92.38
25,0.932,3.583,2.85,-11.466,155.685,-11.481,155.879,-1.632,-0.012,-0.032,0.014,2.60,0.35,92.38
25,0.932,3.583,2.90,-11.466,155.685,-11.482,155.878,-1.632,-0.012,-0.033,0.014,2.59,0.35,92.37
25,0.932,3.583,2.95,-11.466,155.685,-11.482,155.877,-1.632,-0.012,-0.034,0.013,2.59,0.35,92.36
25,0.932,3.583,3.00,-11.466,155.685,-11.483,155.876,-1.632,-0.012,-0.034,0.013,2.58,0.35,92.34
25,0.932,3.583,3.05,-11.466,155.685,-11.484,155.874,-1.632,-0.013,-0.035,0.013,2.57,0.35,92.34
25,0.932,3.583,3.10,-11.466,155.685,-11.484,155.873,-1.632,-0.013,-0.036,0.013,2.56,0.35,92.32
25,0.932,3.583,3.15,-11.466,155.685,-11.485,155.871,-1.631,-0.013,-0.037,0.012,2.55,0.35,92.32
25,0.932,3.583,3.20,-11.466,155.685,-11.486,155.870,-1.631,-0.013,-0.037,0.012,2.54,0.35,92.31
25,0.932,3.583,3.25,-11.466,155.685,-11.487,155.868,-1.631,-0.014,-0.038,0.012,2.53,0.35,92.30
25,0.932,3.583,3.30,-11.466,155.685,-11.488,155.867,-1.631,-0.014,-0.039,0.012,2.51,0.35,92.29
25,0.932,3.583,3.35,-11.466,155.685,-11.489,155.865,-1.630,-0.014,-0.039,0.012,2.50,0.35,92.29
25,0.932,3.583,3.40,-11.466,155.685,-11.490,155.864,-1.629,-0.013,-0.039,0.012,2.48,0.34,92.29
25,0.932,3.583,3.45,-11.466,155.685,-11.491,155.863,-1.628,-0.013,-0.040,0.011,2.47,0.34,92.28
25,0.932,3.583,3.50,-11.466,155.685,-11.492,155.862,-1.627,-0.013,-0.040,0.011,2.45,0.34,92.28
25,0.932,3.583,3.55,-11.466,155.685,-11.493,155.860,-1.625,-0.012,-0.040,0.010,2.44,0.34,92.28
25,0.932,3.583,3.60,-11.466,155.685,-11.494,155.860,-1.624,-0.012,-0.040,0.009,2.43,0.34,92.28
25,0.932,3.583,3.65,-11.466,155.685,-11.495,155.858,-1.622,-0.011,-0.040,0.008,2.42,0.35,92.29
25,0.932,3.583,3.70,-11.466,155.685,-11.495,155.858,-1.621,-0.010,-0.040,0.007,2.41,0.35,92.29
25,0.932,3.583,3.75,-11.466,155.685,-11.496,155.856,-1.620,-0.009,-0.040,0.005,2.40,0.36,92.30
25,0.932,3.583,3.80,-11.466,155.685,-11.496,155.855,-1.619,-0.008,-0.040,0.004,2.39,0.36,92.31
25,0.932,3.583,3.85,-11.466,155.685,-11.496,155.854,-1.618,-0.006,-0.040,0.002,2.39,0.36,92.31
25,0.932,3.583,3.90,-11.466,155.685,-11.496,155.853,-1.617,-0.005,-0.040,0.001,2.39,0.37,92.32
25,0.932,3.583,3.95,-11.466,155.685,-11.496,155.851,-1.617,-0.003,-0.041,-0.001,2.39,0.37,92.33
25,0.932,3.583,4.00,-11.466,155.685,-11.496,155.851,-1.616,-0.002,-0.041,-0.001,2.39,0.37,92.33
25,0.932,3.583,4.05,-11.466,155.685,-11.495,155.848,-1.616,-0.000,-0.042,-0.003,2.40,0.37,92.34
25,0.932,3.583,4.10,-11.466,155.685,-11.495,155.847,-1.616,0.001,-0.043,-0.003,2.41,0.37,92.34
25,0.932,3.583,4.15,-11.466,155.685,-11.494,155.844,-1.616,0.003,-0.044,-0.004,2.41,0.37,92.35
25,0.932,3.583,4.20,-11.466,155.685,-11.493,155.843,-1.615,0.004,-0.044,-0.004,2.43,0.36,92.35
25,0.932,3.583,4.25,-11.466,155.685,-11.492,155.840,-1.615,0.005,-0.045,-0.005,2.44,0.35,92.35
25,0.932,3.583,4.30,-11.466,155.685,-11.492,155.838,-1.615,0.005,-0.046,-0.005,2.46,0.34,92.35
25,0.932,3.583,4.35,-11.466,155.685,-11.491,155.835,-1.615,0.006,-0.046,-0.006,2.47,0.33,92.35
25,0.932,3.583,4.40,-11.466,155.685,-11.491,155.834,-1.615,0.007,-0.047,-0.006,2.48,0.32,92.35
25,0.932,3.583,4.45,-11.466,155.685,-11.490,155.830,-1.616,0.007,-0.047,-0.006,2.49,0.30,92.35
25,0.932,3.583,4.50,-11.466,155.685,-11.490,155.828,-1.616,0.007,-0.047,-0.006,2.50,0.29,92.35
25,0.932,3.583,4.55,-11.466,155.685,-11.490,155.825,-1.616,0.007,-0.047,-0.006,2.50,0.27,92.34
25,0.932,3.583,4.60,-11.466,155.685,-11.490,155.824,-1.617,0.007,-0.047,-0.006,2.51,0.26,92.34
25,0.932,3.583,4.65,-11.466,155.685,-11.490,155.821,-1.617,0.006,-0.047,-0.005,2.51,0.25,92.34
25,0.932,3.583,4.70,-11.466,155.685,-11.490,155.819,-1.617,0.006,-0.046,-0.005,2.51,0.23,92.33
25,0.932,3.583,4.75,-11.466,155.685,-11.491,155.816,-1.617,0.005,-0.046,-0.005,2.51,0.22,92.33
25,0.932,3.583,4.80,-11.466,155.685,-11.491,155.814,-1.617,0.005,-0.045,-0.004,2.50,0.21,92.33
25,0.932,3.583,4.85,-11.466,155.685,-11.491,155.811,-1.617,0.004,-0.044,-0.004,2.50,0.21,92.33
25,0.932,3.583,4.90,-11.466,155.685,-11.491,155.809,-1.617,0.004,-0.044,-0.004,2.49,0.20,92.32
25,0.932,3.583,4.95,-11.466,155.685,-11.491,155.806,-1.616,0.005,-0.043,-0.004,2.48,0.19,92.32
25,0.932,3.583,5.00,-11.466,155.685,-11.490,155.805,-1.616,0.005,-0.043,-0.004,2.47,0.19,92.32
25,0.932,3.583,5.05,-11.466,155.685,-11.490,155.802,-1.615,0.006,-0.042,-0.004,2.47,0.18,92.32
25,0.932,3.583,5.10,-11.466,155.685,-11.489,155.800,-1.615,0.006,-0.041,-0.005,2.46,0.17,92.32
25,0.932,3.583,5.15,-11.466,155.685,-11.488,155.797,-1.615,0.007,-0.040,-0.005,2.46,0.16,92.32
25,0.932,3.583,5.20,-11.466,155.685,-11.488,155.796,-1.614,0.007,-0.040,-0.006,2.47,0.16,92.31
25,0.932,3.583,5.25,-11.466,155.685,-11.487,155.793,-1.614,0.008,-0.039,-0.006,2.47,0.15,92.31
25,0.932,3.583,5.30,-11.466,155.685,-11.486,155.792,-1.614,0.009,-0.038,-0.006,2.48,0.14,92.31
25,0.932,3.583,5.35,-11.466,155.685,-11.485,155.790,-1.614,0.010,-0.036,-0.007,2.49,0.14,92.31
25,0.932,3.583,5.40,-11.466,155.685,-11.484,155.789,-1.614,0.010,-0.035,-0.007,2.50,0.13,92.31
25,0.932,3.583,5.45,-11.466,155.685,-11.483,155.787,-1.614,0.011,-0.033,-0.007,2.52,0.13,92.31
25,0.932,3.583,5.50,-11.466,155.685,-11.482,155.786,-1.614,0.012,-0.032,-0.008,2.53,0.13,92.32
25,0.932,3.583,5.55,-11.466,155.685,-11.481,155.785,-1.614,0.012,-0.029,-0.008,2.54,0.14,92.32
25,0.932,3.583,5.60,-11.466,155.685,-11.480,155.785,-1.614,0.012,-0.028,-0.008,2.56,0.14,92.32
25,0.932,3.583,5.65,-11.466,155.685,-11.479,155.785,-1.614,0.012,-0.026,-0.008,2.57,0.15,92.32
25,0.932,3.583,5.70,-11.466,155.685,-11.478,155.785,-1.614,0.011,-0.024,-0.008,2.58,0.17,92.33
25,0.932,3.583,5.75,-11.466,155.685,-11.477,155.785,-1.615,0.011,-0.022,-0.008,2.59,0.18,92.33
25,0.932,3.583,5.80,-11.466,155.685,-11.476,155.785,-1.615,0.010,-0.020,-0.008,2.60,0.21,92.34
25,0.932,3.583,5.85,-11.466,155.685,-11.475,155.786,-1.615,0.009,-0.018,-0.007,2.61,0.22,92.34
25,0.932,3.583,5.90,-11.466,155.685,-11.475,155.787,-1.615,0.009,-0.017,-0.007,2.61,0.25,92.35
25,0.932,3.583,5.95,-11.466,155.685,-11.474,155.788,-1.616,0.007,-0.015,-0.007,2.62,0.27,92.35
25,0.932,3.583,6.00,-11.466,155.685,-11.474,155.788,-1.616,0.006,-0.014,-0.007,2.62,0.31,92.36
25,0.932,3.583,6.05,-11.466,155.685,-11.474,155.790,-1.617,0.005,-0.013,-0.007,2.62,0.33,92.36
25,0.932,3.583,6.10,-11.466,155.685,-11.474,155.790,-1.617,0.004,-0.012,-0.007,2.61,0.36,92.37
25,0.932,3.583,6.15,-11.466,155.685,-11.474,155.792,-1.618,0.002,-0.012,-0.006,2.61,0.38,92.37
25,0.932,3.583,6.20,-11.466,155.685,-11.474,155.792,-1.619,0.002,-0.012,-0.006,2.60,0.41,92.37
25,0.932,3.583,6.25,-11.466,155.685,-11.475,155.793,-1.619,0.001,-0.012,-0.005,2.59,0.43,92.36
25,0.932,3.583,6.30,-11.466,155.685,-11.475,155.794,-1.619,0.000,-0.012,-0.004,2.58,0.46,92.36
25,0.932,3.583,6.35,-11.466,155.685,-11.475,155.794,-1.619,-0.001,-0.013,-0.003,2.57,0.47,92.36
25,0.932,3.583,6.40,-11.466,155.685,-11.475,155.794,-1.619,-0.001,-0.014,-0.003,2.56,0.49,92.35
25,0.932,3.583,6.45,-11.466,155.685,-11.476,155.794,-1.619,-0.001,-0.015,-0.002,2.55,0.50,92.35
25,0.932,3.583,6.50,-11.466,155.685,-11.476,155.794,-1.618,-0.001,-0.016,-0.002,2.54,0.52,92.34
25,0.932,3.583,6.55,-11.466,155.685,-11.476,155.794,-1.618,-0.001,-0.018,-0.002,2.54,0.52,92.33
25,0.932,3.583,6.60,-11.466,155.685,-11.476,155.793,-1.617,-0.001,-0.019,-0.002,2.53,0.52,92.33
25,0.932,3.583,6.65,-11.466,155.685,-11.476,155.793,-1.616,-0.001,-0.021,-0.003,2.53,0.52,92.32
25,0.932,3.583,6.70,-11.466,155.685,-11.476,155.792,-1.615,-0.001,-0.023,-0.003,2.53,0.52,92.31
25,0.932,3.583,6.75,-11.466,155.685,-11.476,155.792,-1.614,-0.000,-0.024,-0.004,2.53,0.51,92.31
25,0.932,3.583,6.80,-11.466,155.685,-11.475,155.791,-1.614,0.000,-0.025,-0.004,2.52,0.50,92.30
25,0.932,3.583,6.85,-11.466,155.685,-11.475,155.790,-1.614,0.001,-0.027,-0.005,2.52,0.50,92.30
25,0.932,3.583,6.90,-11.466,155.685,-11.475,155.789,-1.614,0.001,-0.028,-0.006,2.53,0.48,92.30
25,0.932,3.583,6.95,-11.466,155.685,-11.474,155.787,-1.613,0.001,-0.030,-0.006,2.53,0.47,92.29
25,0.932,3.583,7.00,-11.466,155.685,-11.474,155.786,-1.613,0.001,-0.031,-0.006,2.54,0.46,92.29
25,0.932,3.583,7.05,-11.466,155.685,-11.474,155.784,-1.613,0.001,-0.033,-0.007,2.54,0.45,92.29
25,0.932,3.583,7.10,-11.466,155.685,-11.474,155.782,-1.613,0.002,-0.034,-0.007,2.55,0.43,92.29
25,0.932,3.583,7.15,-11.466,155.685,-11.473,155.780,-1.613,0.002,-0.035,-0.007,2.55,0.41,92.29
25,0.932,3.583,7.20,-11.466,155.685,-11.473,155.779,-1.614,0.002,-0.036,-0.007,2.55,0.39,92.30
25,0.932,3.583,7.25,-11.466,155.685,-11.472,155.777,-1.614,0.002,-0.036,-0.008,2.55,0.37,92.30
25,0.932,3.583,7.30,-11.466,155.685,-11.471,155.775,-1.615,0.002,-0.036,-0.007,2.56,0.35,92.30
25,0.932,3.583,7.35,-11.466,155.685,-11.470,155.773,-1.615,0.003,-0.036,-0.007,2.56,0.34,92.30
25,0.932,3.583,7.40,-11.466,155.685,-11.469,155.772,-1.615,0.002,-0.036,-0.007,2.57,0.32,92.31
25,0.932,3.583,7.45,-11.466,155.685,-11.468,155.770,-1.616,0.002,-0.036,-0.007,2.57,0.32,92.31
25,0.932,3.583,7.50,-11.466,155.685,-11.468,155.768,-1.616,0.002,-0.036,-0.006,2.58,0.30,92.31
25,0.932,3.583,7.55,-11.466,155.685,-11.467,155.766,-1.617,0.001,-0.036,-0.006,2.59,0.30,92.32
25,0.932,3.583,7.60,-11.466,155.685,-11.467,155.765,-1.617,0.000,-0.036,-0.006,2.59,0.28,92.32
25,0.932,3.583,7.65,-11.466,155.685,-11.467,155.762,-1.618,-0.001,-0.035,-0.005,2.59,0.27,92.32
25,0.932,3.583,7.70,-11.466,155.685,-11.466,155.761,-1.618,-0.002,-0.035,-0.005,2.59,0.26,92.33
25,0.932,3.583,7.75,-11.466,155.685,-11.466,155.759,-1.618,-0.003,-0.034,-0.004,2.59,0.25,92.33
25,0.932,3.583,7.80,-11.466,155.685,-11.466,155.758,-1.618,-0.003,-0.034,-0.004,2.58,0.24,92.33
25,0.932,3.583,7.85,-11.466,155.685,-11.466,155.755,-1.618,-0.004,-0.034,-0.004,2.58,0.23,92.34
25,0.932,3.583,7.90,-11.466,155.685,-11.466,155.753,-1.618,-0.004,-0.034,-0.004,2.57,0.22,92.34
25,0.932,3.583,7.95,-11.466,155.685,-11.466,155.750,-1.619,-0.005,-0.034,-0.004,2.57,0.22,92.34
26,2.461,-1.035,0.00,-11.466,155.685,-11.540,155.760,-1.628,-0.149,0.126,0.008,1.43,1.57,92.35
26,2.461,-1.035,0.05,-11.466,155.685,-11.546,155.766,-1.628,-0.153,0.128,0.008,1.29,1.70,92.34
26,2.461,-1.035,0.10,-11.466,155.685,-11.556,155.775,-1.627,-0.160,0.129,0.007,1.13,1.84,92.34
26,2.461,-1.035,0.15,-11.466,155.685,-11.561,155.779,-1.627,-0.162,0.129,0.007,0.99,1.96,92.33
26,2.461,-1.035,0.20,-11.466,155.685,-11.571,155.787,-1.626,-0.166,0.127,0.007,0.83,2.08,92.33
26,2.461,-1.035,0.25,-11.466,155.685,-11.578,155.792,-1.625,-0.168,0.125,0.006,0.69,2.18,92.33
26,2.461,-1.035,0.30,-11.466,155.685,-11.588,155.801,-1.625,-0.170,0.121,0.005,0.54,2.28,92.32
26,2.461,-1.035,0.35,-11.466,155.685,-11.593,155.805,-1.624,-0.170,0.119,0.005,0.41,2.37,92.32
26,2.461,-1.035,0.40,-11.466,155.685,-11.603,155.812,-1.624,-0.169,0.113,0.004,0.28,2.45,92.31
26,2.461,-1.035,0.45,-11.466,155.685,-11.609,155.817,-1.623,-0.168,0.109,0.004,0.16,2.52,92.31
26,2.461,-1.035,0.50,-11.466,155.685,-11.619,155.824,-1.623,-0.166,0.101,0.003,0.03,2.58,92.31
26,2.461,-1.035,0.55,-11.466,155.685,-11.624,155.827,-1.623,-0.164,0.097,0.002,-0.07,2.63,92.30
26,2.461,-1.035,0.60,-11.466,155.685,-11.634,155.834,-1.623,-0.161,0.089,0.002,-0.18,2.67,92.31
26,2.461,-1.035,0.65,-11.466,155.685,-11.641,155.838,-1.622,-0.158,0.083,0.001,-0.28,2.71,92.31
26,2.461,-1.035,0.70,-11.466,155.685,-11.651,155.844,-1.622,-0.153,0.074,0.001,-0.38,2.74,92.31
26,2.461,-1.035,0.75,-11.466,155.685,-11.655,155.847,-1.622,-0.150,0.070,0.001,-0.47,2.76,92.31
26,2.461,-1.035,0.80,-11.466,155.685,-11.664,155.851,-1.622,-0.143,0.060,0.000,-0.56,2.78,92.32
26,2.461,-1.035,0.85,-11.466,155.685,-11.670,155.854,-1.621,-0.139,0.054,0.000,-0.64,2.79,92.32
26,2.461,-1.035,0.90,-11.466,155.685,-11.678,155.857,-1.621,-0.131,0.044,-0.000,-0.71,2.80,92.32
26,2.461,-1.035,0.95,-11.466,155.685,-11.682,155.859,-1.621,-0.127,0.039,-0.001,-0.78,2.80,92.33
26,2.461,-1.035,1.00,-11.466,155.685,-11.689,155.861,-1.621,-0.118,0.028,-0.001,-0.85,2.79,92.34
26,2.461,-1.035,1.05,-11.466,155.685,-11.694,155.861,-1.621,-0.112,0.021,-0.001,-0.90,2.78,92.34
26,2.461,-1.035,1.10,-11.466,155.685,-11.700,155.862,-1.621,-0.103,0.011,-0.001,-0.95,2.76,92.35
26,2.461,-1.035,1.15,-11.466,155.685,-11.703,155.862,-1.621,-0.098,0.006,-0.001,-0.99,2.73,92.36
26,2.461,-1.035,1.20,-11.466,155.685,-11.708,155.862,-1.621,-0.088,-0.004,-0.001,-1.03,2.69,92.36
26,2.461,-1.035,1.25,-11.466,155.685,-11.711,155.862,-1.621,-0.081,-0.009,-0.001,-1.06,2.66,92.37
26,2.461,-1.035,1.30,-11.466,155.685,-11.715,155.861,-1.621,-0.071,-0.018,-0.000,-1.09,2.61,92.37
26,2.461,-1.035,1.35,-11.466,155.685,-11.716,155.860,-1.622,-0.065,-0.022,-0.000,-1.11,2.57,92.37
26,2.461,-1.035,1.40,-11.466,155.685,-11.719,155.859,-1.622,-0.054,-0.029,0.000,-1.12,2.52,92.38
26,2.461,-1.035,1.45,-11.466,155.685,-11.720,155.858,-1.622,-0.047,-0.034,0.000,-1.12,2.48,92.39
26,2.461,-1.035,1.50,-11.466,155.685,-11.720,155.856,-1.623,-0.036,-0.040,0.001,-1.12,2.43,92.40
26,2.461,-1.035,1.55,-11.466,155.685,-11.720,155.855,-1.624,-0.031,-0.042,0.001,-1.11,2.39,92.41
26,2.461,-1.035,1.60,-11.466,155.685,-11.719,155.853,-1.624,-0.020,-0.048,0.001,-1.09,2.35,92.42
26,2.461,-1.035,1.65,-11.466,155.685,-11.717,155.852,-1.625,-0.013,-0.051,0.002,-1.07,2.30,92.44
26,2.461,-1.035,1.70,-11.466,155.685,-11.715,155.849,-1.626,-0.002,-0.055,0.003,-1.03,2.26,92.46
26,2.461,-1.035,1.75,-11.466,155.685,-11.713,155.848,-1.627,0.003,-0.057,0.003,-1.00,2.22,92.47
26,2.461,-1.035,1.80,-11.466,155.685,-11.710,155.845,-1.628,0.012,-0.060,0.004,-0.95,2.18,92.49
26,2.461,-1.035,1.85,-11.466,155.685,-11.708,155.844,-1.628,0.017,-0.062,0.005,-0.90,2.15,92.49
26,2.461,-1.035,1.90,-11.466,155.685,-11.705,155.841,-1.629,0.023,-0.064,0.006,-0.85,2.11,92.50
26,2.461,-1.035,1.95,-11.466,155.685,-11.703,155.840,-1.629,0.027,-0.065,0.006,-0.81,2.08,92.49
26,2.461,-1.035,2.00,-11.466,155.685,-11.699,155.837,-1.629,0.032,-0.067,0.007,-0.76,2.05,92.49
26,2.461,-1.035,2.05,-11.466,155.685,-11.697,155.835,-1.629,0.035,-0.068,0.008,-0.72,2.03,92.48
26,2.461,-1.035,2.10,-11.466,155.685,-11.693,155.832,-1.628,0.038,-0.069,0.008,-0.68,2.00,92.46
26,2.461,-1.035,2.15,-11.466,155.685,-11.691,155.830,-1.628,0.040,-0.069,0.008,-0.65,1.97,92.44
26,2.461,-1.035,2.20,-11.466,155.685,-11.688,155.827,-1.628,0.042,-0.070,0.008,-0.62,1.94,92.42
26,2.461,-1.035,2.25,-11.466,155.685,-11.686,155.824,-1.627,0.043,-0.071,0.009,-0.59,1.92,92.40
26,2.461,-1.035,2.30,-11.466,155.685,-11.682,155.821,-1.626,0.045,-0.071,0.008,-0.57,1.90,92.38
26,2.461,-1.035,2.35,-11.466,155.685,-11.680,155.819,-1.626,0.045,-0.071,0.008,-0.56,1.87,92.37
26,2.461,-1.035,2.40,-11.466,155.685,-11.677,155.815,-1.625,0.046,-0.071,0.007,-0.54,1.85,92.35
26,2.461,-1.035,2.45,-11.466,155.685,-11.676,155.813,-1.625,0.046,-0.071,0.007,-0.53,1.83,92.34
26,2.461,-1.035,2.50,-11.466,155.685,-11.673,155.810,-1.624,0.046,-0.071,0.006,-0.53,1.80,92.33
26,2.461,-1.035,2.55,-11.466,155.685,-11.672,155.808,-1.623,0.046,-0.070,0.006,-0.52,1.78,92.32
26,2.461,-1.035,2.60,-11.466,155.685,-11.669,155.805,-1.622,0.045,-0.069,0.005,-0.53,1.77,92.31
26,2.461,-1.035,2.65,-11.466,155.685,-11.668,155.802,-1.621,0.045,-0.068,0.005,-0.53,1.75,92.31
26,2.461,-1.035,2.70,-11.466,155.685,-11.665,155.799,-1.619,0.045,-0.067,0.003,-0.53,1.74,92.31
26,2.461,-1.035,2.75,-11.466,155.685,-11.664,155.797,-1.618,0.045,-0.066,0.002,-0.54,1.73,92.31
26,2.461,-1.035,2.80,-11.466,155.685,-11.662,155.794,-1.617,0.044,-0.065,0.001,-0.55,1.71,92.31
26,2.461,-1.035,2.85,-11.466,155.685,-11.660,155.792,-1.616,0.044,-0.063,-0.000,-0.55,1.70,92.31
26,2.461,-1.035,2.90,-11.466,155.685,-11.658,155.789,-1.614,0.044,-0.062,-0.002,-0.56,1.69,92.32
26,2.461,-1.035,2.95,-11.466,155.685,-11.657,155.787,-1.613,0.044,-0.061,-0.003,-0.57,1.69,92.32
26,2.461,-1.035,3.00,-11.466,155.685,-11.655,155.784,-1.612,0.043,-0.059,-0.004,-0.57,1.68,92.32
26,2.461,-1.035,3.05,-11.466,155.685,-11.653,155.782,-1.612,0.043,-0.058,-0.005,-0.58,1.67,92.33
26,2.461,-1.035,3.10,-11.466,155.685,-11.652,155.779,-1.611,0.043,-0.057,-0.007,-0.59,1.66,92.33
26,2.461,-1.035,3.15,-11.466,155.685,-11.651,155.777,-1.611,0.043,-0.056,-0.008,-0.59,1.66,92.33
26,2.461,-1.035,3.20,-11.466,155.685,-11.649,155.773,-1.611,0.042,-0.055,-0.009,-0.60,1.65,92.32
26,2.461,-1.035,3.25,-11.466,155.685,-11.649,155.771,-1.612,0.042,-0.054,-0.010,-0.61,1.64,92.32
26,2.461,-1.035,3.30,-11.466,155.685,-11.647,155.767,-1.613,0.041,-0.053,-0.010,-0.61,1.63,92.32
26,2.461,-1.035,3.35,-11.466,155.685,-11.647,155.765,-1.613,0.041,-0.052,-0.010,-0.62,1.62,92.31
26,2.461,-1.035,3.40,-11.466,155.685,-11.645,155.761,-1.614,0.041,-0.051,-0.010,-0.64,1.61,92.31
26,2.461,-1.035,3.45,-11.466,155.685,-11.645,155.758,-1.614,0.041,-0.050,-0.009,-0.64,1.59,92.30
26,2.461,-1.035,3.50,-11.466,155.685,-11.644,155.754,-1.615,0.041,-0.049,-0.009,-0.65,1.58,92.30
26,2.461,-1.035,3.55,-11.466,155.685,-11.643,155.752,-1.616,0.041,-0.048,-0.008,-0.66,1.56,92.29
26,2.461,-1.035,3.60,-11.466,155.685,-11.642,155.748,-1.616,0.041,-0.046,-0.007,-0.68,1.54,92.29
26,2.461,-1.035,3.65,-11.466,155.685,-11.641,155.745,-1.617,0.041,-0.045,-0.007,-0.68,1.53,92.29
26,2.461,-1.035,3.70,-11.466,155.685,-11.639,155.742,-1.617,0.041,-0.043,-0.006,-0.69,1.51,92.29
26,2.461,-1.035,3.75,-11.466,155.685,-11.639,155.740,-1.617,0.042,-0.042,-0.005,-0.70,1.49,92.29
26,2.461,-1.035,3.80,-11.466,155.685,-11.637,155.736,-1.617,0.042,-0.039,-0.005,-0.70,1.48,92.29
26,2.461,-1.035,3.85,-11.466,155.685,-11.637,155.734,-1.617,0.042,-0.037,-0.004,-0.71,1.47,92.30
26,2.461,-1.035,3.90,-11.466,155.685,-11.636,155.731,-1.618,0.042,-0.034,-0.004,-0.71,1.46,92.30
26,2.461,-1.035,3.95,-11.466,155.685,-11.635,155.730,-1.618,0.042,-0.033,-0.004,-0.72,1.46,92.31
26,2.461,-1.035,4.00,-11.466,155.685,-11.634,155.727,-1.619,0.043,-0.030,-0.004,-0.72,1.45,92.32
26,2.461,-1.035,4.05,-11.466,155.685,-11.633,155.726,-1.619,0.043,-0.028,-0.003,-0.73,1.45,92.32
26,2.461,-1.035,4.10,-11.466,155.685,-11.631,155.724,-1.619,0.043,-0.024,-0.003,-0.73,1.45,92.33
26,2.461,-1.035,4.15,-11.466,155.685,-11.630,155.723,-1.620,0.044,-0.023,-0.003,-0.73,1.46,92.33
26,2.461,-1.035,4.20,-11.466,155.685,-11.628,155.721,-1.620,0.045,-0.020,-0.002,-0.74,1.46,92.33
26,2.461,-1.035,4.25,-11.466,155.685,-11.626,155.720,-1.620,0.046,-0.018,-0.002,-0.73,1.47,92.34
26,2.461,-1.035,4.30,-11.466,155.685,-11.623,155.719,-1.619,0.047,-0.014,-0.001,-0.73,1.48,92.34
26,2.461,-1.035,4.35,-11.466,155.685,-11.622,155.718,-1.619,0.048,-0.013,-0.001,-0.72,1.49,92.34
26,2.461,-1.035,4.40,-11.466,155.685,-11.619,155.717,-1.619,0.049,-0.010,-0.001,-0.71,1.50,92.35
26,2.461,-1.035,4.45,-11.466,155.685,-11.617,155.717,-1.618,0.049,-0.008,-0.001,-0.69,1.51,92.35
26,2.461,-1.035,4.50,-11.466,155.685,-11.613,155.716,-1.617,0.050,-0.006,-0.002,-0.68,1.52,92.35
26,2.461,-1.035,4.55,-11.466,155.685,-11.612,155.716,-1.617,0.050,-0.004,-0.002,-0.66,1.54,92.36
26,2.461,-1.035,4.60,-11.466,155.685,-11.608,155.715,-1.616,0.051,-0.002,-0.003,-0.64,1.55,92.36
26,2.461,-1.035,4.65,-11.466,155.685,-11.606,155.714,-1.616,0.051,-0.001,-0.003,-0.63,1.56,92.35
26,2.461,-1.035,4.70,-11.466,155.685,-11.603,155.714,-1.616,0.050,0.000,-0.004,-0.61,1.58,92.35
26,2.461,-1.035,4.75,-11.466,155.685,-11.601,155.713,-1.616,0.050,0.001,-0.004,-0.59,1.59,92.35
26,2.461,-1.035,4.80,-11.466,155.685,-11.599,155.713,-1.616,0.050,0.002,-0.004,-0.58,1.60,92.35
26,2.461,-1.035,4.85,-11.466,155.685,-11.597,155.713,-1.616,0.049,0.003,-0.005,-0.57,1.60,92.35
26,2.461,-1.035,4.90,-11.466,155.685,-11.595,155.712,-1.616,0.047,0.004,-0.005,-0.55,1.61,92.36
26,2.461,-1.035,4.95,-11.466,155.685,-11.595,155.712,-1.616,0.046,0.004,-0.005,-0.55,1.62,92.36
26,2.461,-1.035,5.00,-11.466,155.685,-11.593,155.711,-1.616,0.045,0.005,-0.005,-0.54,1.63,92.37
26,2.461,-1.035,5.05,-11.466,155.685,-11.592,155.711,-1.615,0.044,0.005,-0.005,-0.55,1.63,92.37
26,2.461,-1.035,5.10,-11.466,155.685,-11.591,155.710,-1.615,0.042,0.005,-0.006,-0.55,1.64,92.37
26,2.461,-1.035,5.15,-11.466,155.685,-11.590,155.709,-1.615,0.041,0.005,-0.006,-0.56,1.64,92.37
26,2.461,-1.035,5.20,-11.466,155.685,-11.589,155.707,-1.615,0.039,0.004,-0.006,-0.57,1.64,92.38
26,2.461,-1.035,5.25,-11.466,155.685,-11.589,155.706,-1.615,0.038,0.004,-0.006,-0.58,1.64,92.38
26,2.461,-1.035,5.30,-11.466,155.685,-11.588,155.704,-1.615,0.036,0.003,-0.006,-0.59,1.63,92.39
26,2.461,-1.035,5.35,-11.466,155.685,-11.588,155.703,-1.615,0.036,0.003,-0.006,-0.60,1.62,92.39
26,2.461,-1.035,5.40,-11.466,155.685,-11.587,155.701,-1.614,0.035,0.002,-0.006,-0.62,1.61,92.39
26,2.461,-1.035,5.45,-11.466,155.685,-11.586,155.700,-1.614,0.034,0.001,-0.006,-0.64,1.60,92.39
26,2.461,-1.035,5.50,-11.466,155.685,-11.585,155.697,-1.613,0.034,0.001,-0.007,-0.65,1.58,92.39
26,2.461,-1.035,5.55,-11.466,155.685,-11.584,155.696,-1.613,0.034,0.001,-0.007,-0.66,1.56,92.38
26,2.461,-1.035,5.60,-11.466,155.685,-11.581,155.695,-1.613,0.035,0.001,-0.007,-0.67,1.55,92.38
26,2.461,-1.035,5.65,-11.466,155.685,-11.579,155.694,-1.613,0.036,0.001,-0.007,-0.67,1.53,92.37
26,2.461,-1.035,5.70,-11.466,155.685,-11.576,155.692,-1.613,0.037,0.002,-0.008,-0.67,1.52,92.36
26,2.461,-1.035,5.75,-11.466,155.685,-11.574,155.691,-1.612,0.037,0.002,-0.008,-0.66,1.51,92.35
26,2.461,-1.035,5.80,-11.466,155.685,-11.571,155.690,-1.612,0.039,0.003,-0.008,-0.64,1.50,92.34
26,2.461,-1.035,5.85,-11.466,155.685,-11.568,155.689,-1.613,0.039,0.005,-0.008,-0.63,1.49,92.33
26,2.461,-1.035,5.90,-11.466,155.685,-11.564,155.689,-1.613,0.040,0.007,-0.009,-0.60,1.48,92.31
26,2.461,-1.035,5.95,-11.466,155.685,-11.562,155.689,-1.613,0.040,0.008,-0.009,-0.58,1.48,92.30
26,2.461,-1.035,6.00,-11.466,155.685,-11.558,155.690,-1.613,0.041,0.011,-0.009,-0.55,1.48,92.29
26,2.461,-1.035,6.05,-11.466,155.685,-11.555,155.690,-1.613,0.041,0.012,-0.009,-0.53,1.49,92.28
26,2.461,-1.035,6.10,-11.466,155.685,-11.551,155.692,-1.613,0.041,0.014,-0.009,-0.50,1.51,92.27
26,2.461,-1.035,6.15,-11.466,155.685,-11.549,155.692,-1.613,0.041,0.016,-0.009,-0.47,1.53,92.27
26,2.461,-1.035,6.20,-11.466,155.685,-11.545,155.694,-1.613,0.040,0.018,-0.009,-0.44,1.55,92.26
26,2.461,-1.035,6.25,-11.466,155.685,-11.543,155.695,-1.614,0.040,0.019,-0.008,-0.42,1.57,92.26
26,2.461,-1.035,6.30,-11.466,155.685,-11.540,155.697,-1.615,0.038,0.020,-0.008,-0.40,1.59,92.26
26,2.461,-1.035,6.35,-11.466,155.685,-11.538,155.698,-1.615,0.037,0.021,-0.008,-0.38,1.62,92.26
26,2.461,-1.035,6.40,-11.466,155.685,-11.536,155.700,-1.616,0.035,0.022,-0.008,-0.36,1.64,92.26
26,2.461,-1.035,6.45,-11.466,155.685,-11.534,155.702,-1.617,0.033,0.023,-0.007,-0.35,1.66,92.26
26,2.461,-1.035,6.50,-11.466,155.685,-11.532,155.704,-1.619,0.031,0.024,-0.006,-0.34,1.69,92.27
26,2.461,-1.035,6.55,-11.466,155.685,-11.531,155.705,-1.619,0.029,0.024,-0.006,-0.34,1.72,92.27
26,2.461,-1.035,6.60,-11.466,155.685,-11.529,155.708,-1.621,0.026,0.024,-0.005,-0.34,1.74,92.28
26,2.461,-1.035,6.65,-11.466,155.685,-11.529,155.710,-1.622,0.024,0.025,-0.004,-0.34,1.77,92.29
26,2.461,-1.035,6.70,-11.466,155.685,-11.528,155.713,-1.623,0.021,0.025,-0.003,-0.35,1.79,92.29
26,2.461,-1.035,6.75,-11.466,155.685,-11.527,155.715,-1.623,0.020,0.025,-0.002,-0.36,1.82,92.30
26,2.461,-1.035,6.80,-11.466,155.685,-11.527,155.718,-1.625,0.017,0.024,-0.000,-0.38,1.85,92.30
26,2.461,-1.035,6.85,-11.466,155.685,-11.527,155.720,-1.625,0.015,0.024,0.000,-0.39,1.87,92.31
26,2.461,-1.035,6.90,-11.466,155.685,-11.527,155.723,-1.626,0.012,0.023,0.001,-0.41,1.90,92.31
26,2.461,-1.035,6.95,-11.466,155.685,-11.527,155.724,-1.627,0.011,0.022,0.002,-0.43,1.93,92.32
26,2.461,-1.035,7.00,-11.466,155.685,-11.527,155.726,-1.627,0.009,0.020,0.003,-0.45,1.95,92.32
26,2.461,-1.035,7.05,-11.466,155.685,-11.528,155.727,-1.628,0.008,0.018,0.004,-0.47,1.97,92.33
26,2.461,-1.035,7.10,-11.466,155.685,-11.529,155.728,-1.628,0.006,0.014,0.005,-0.49,1.98,92.35
26,2.461,-1.035,7.15,-11.466,155.685,-11.529,155.728,-1.629,0.005,0.012,0.005,-0.52,1.99,92.36
26,2.461,-1.035,7.20,-11.466,155.685,-11.530,155.728,-1.630,0.003,0.008,0.006,-0.54,1.99,92.38
26,2.461,-1.035,7.25,-11.466,155.685,-11.531,155.728,-1.630,0.002,0.006,0.007,-0.56,1.98,92.39
26,2.461,-1.035,7.30,-11.466,155.685,-11.533,155.728,-1.630,0.001,0.002,0.008,-0.59,1.97,92.40
26,2.461,-1.035,7.35,-11.466,155.685,-11.533,155.727,-1.630,0.000,-0.000,0.008,-0.61,1.95,92.41
26,2.461,-1.035,7.40,-11.466,155.685,-11.535,155.727,-1.630,-0.000,-0.003,0.009,-0.64,1.93,92.42
26,2.461,-1.035,7.45,-11.466,155.685,-11.535,155.726,-1.629,-0.000,-0.005,0.009,-0.66,1.91,92.42
26,2.461,-1.035,7.50,-11.466,155.685,-11.536,155.725,-1.629,0.000,-0.008,0.009,-0.69,1.89,92.42
26,2.461,-1.035,7.55,-11.466,155.685,-11.536,155.725,-1.628,0.001,-0.009,0.009,-0.71,1.87,92.42
26,2.461,-1.035,7.60,-11.466,155.685,-11.536,155.724,-1.627,0.003,-0.011,0.009,-0.72,1.85,92.41
26,2.461,-1.035,7.65,-11.466,155.685,-11.536,155.724,-1.626,0.004,-0.012,0.008,-0.73,1.83,92.40
26,2.461,-1.035,7.70,-11.466,155.685,-11.535,155.723,-1.625,0.006,-0.013,0.008,-0.74,1.81,92.38
26,2.461,-1.035,7.75,-11.466,155.685,-11.534,155.723,-1.624,0.007,-0.013,0.007,-0.74,1.79,92.37
26,2.461,-1.035,7.80,-11.466,155.685,-11.533,155.722,-1.623,0.009,-0.014,0.006,-0.73,1.78,92.36
26,2.461,-1.035,7.85,-11.466,155.685,-11.532,155.722,-1.622,0.010,-0.014,0.005,-0.72,1.77,92.34
26,2.461,-1.035,7.90,-11.466,155.685,-11.531,155.721,-1.621,0.012,-0.014,0.004,-0.71,1.76,92.33
26,2.461,-1.035,7.95,-11.466,155.685,-11.530,155.721,-1.621,0.013,-0.015,0.003,-0.69,1.75,92.32
27,-5.016,-4.103,0.00,-11.466,155.685,-11.581,155.636,-1.632,-0.227,-0.106,0.006,-2.52,1.15,92.37
27,-5.016,-4.103,0.05,-11.466,155.685,-11.588,155.631,-1.632,-0.232,-0.113,0.006,-2.76,1.03,92.40
27,-5.016,-4.103,0.10,-11.466,155.685,-11.602,155.620,-1.632,-0.238,-0.129,0.005,-3.06,0.85,92.44
27,-5.016,-4.103,0.15,-11.466,155.685,-11.610,155.614,-1.633,-0.241,-0.137,0.004,-3.25,0.72,92.46
27,-5.016,-4.103,0.20,-11.466,155.685,-11.626,155.600,-1.633,-0.243,-0.154,0.003,-3.54,0.51,92.51
27,-5.016,-4.103,0.25,-11.466,155.685,-11.634,155.593,-1.634,-0.242,-0.161,0.003,-3.72,0.36,92.53
27,-5.016,-4.103,0.30,-11.466,155.685,-11.648,155.580,-1.634,-0.240,-0.174,0.003,-3.98,0.12,92.56
27,-5.016,-4.103,0.35,-11.466,155.685,-11.655,155.573,-1.635,-0.237,-0.180,0.003,-4.14,-0.04,92.58
27,-5.016,-4.103,0.40,-11.466,155.685,-11.670,155.556,-1.635,-0.228,-0.191,0.003,-4.36,-0.29,92.59
27,-5.016,-4.103,0.45,-11.466,155.685,-11.676,155.549,-1.635,-0.223,-0.196,0.003,-4.50,-0.46,92.60
27,-5.016,-4.103,0.50,-11.466,155.685,-11.688,155.535,-1.635,-0.212,-0.203,0.003,-4.68,-0.71,92.59
27,-5.016,-4.103,0.55,-11.466,155.685,-11.693,155.527,-1.635,-0.205,-0.205,0.003,-4.78,-0.87,92.58
27,-5.016,-4.103,0.60,-11.466,155.685,-11.704,155.511,-1.635,-0.188,-0.210,0.003,-4.91,-1.11,92.56
27,-5.016,-4.103,0.65,-11.466,155.685,-11.709,155.504,-1.635,-0.180,-0.211,0.003,-4.97,-1.27,92.55
27,-5.016,-4.103,0.70,-11.466,155.685,-11.717,155.490,-1.635,-0.163,-0.212,0.003,-5.05,-1.50,92.52
27,-5.016,-4.103,0.75,-11.466,155.685,-11.721,155.483,-1.635,-0.154,-0.212,0.003,-5.09,-1.64,92.50
27,-5.016,-4.103,0.80,-11.466,155.685,-11.728,155.467,-1.635,-0.134,-0.211,0.003,-5.12,-1.85,92.47
27,-5.016,-4.103,0.85,-11.466,155.685,-11.730,155.461,-1.635,-0.125,-0.209,0.003,-5.13,-1.99,92.44
27,-5.016,-4.103,0.90,-11.466,155.685,-11.735,155.447,-1.634,-0.107,-0.206,0.003,-5.13,-2.18,92.41
27,-5.016,-4.103,0.95,-11.466,155.685,-11.737,155.441,-1.634,-0.098,-0.203,0.004,-5.12,-2.30,92.39
27,-5.016,-4.103,1.00,-11.466,155.685,-11.740,155.427,-1.632,-0.077,-0.197,0.004,-5.09,-2.47,92.35
27,-5.016,-4.103,1.05,-11.466,155.685,-11.741,155.421,-1.632,-0.069,-0.193,0.003,-5.06,-2.57,92.33
27,-5.016,-4.103,1.10,-11.466,155.685,-11.742,155.409,-1.630,-0.051,-0.186,0.003,-5.01,-2.72,92.31
27,-5.016,-4.103,1.15,-11.466,155.685,-11.742,155.404,-1.630,-0.043,-0.182,0.002,-4.97,-2.82,92.29
27,-5.016,-4.103,1.20,-11.466,155.685,-11.742,155.392,-1.628,-0.025,-0.171,0.001,-4.91,-2.95,92.27
27,-5.016,-4.103,1.25,-11.466,155.685,-11.742,155.387,-1.628,-0.018,-0.166,0.001,-4.86,-3.03,92.26
27,-5.016,-4.103,1.30,-11.466,155.685,-11.741,155.377,-1.626,-0.004,-0.156,-0.000,-4.79,-3.13,92.24
27,-5.016,-4.103,1.35,-11.466,155.685,-11.740,155.373,-1.626,0.003,-0.151,-0.001,-4.74,-3.20,92.24
27,-5.016,-4.103,1.40,-11.466,155.685,-11.737,155.363,-1.624,0.017,-0.139,-0.001,-4.66,-3.28,92.23
27,-5.016,-4.103,1.45,-11.466,155.685,-11.736,155.359,-1.624,0.024,-0.133,-0.002,-4.61,-3.34,92.23
27,-5.016,-4.103,1.50,-11.466,155.685,-11.733,155.352,-1.623,0.035,-0.122,-0.003,-4.53,-3.41,92.23
27,-5.016,-4.103,1.55,-11.466,155.685,-11.731,155.349,-1.622,0.040,-0.117,-0.003,-4.47,-3.45,92.23
27,-5.016,-4.103,1.60,-11.466,155.685,-11.726,155.342,-1.622,0.051,-0.104,-0.004,-4.39,-3.50,92.23
27,-5.016,-4.103,1.65,-11.466,155.685,-11.724,155.339,-1.622,0.056,-0.098,-0.005,-4.34,-3.54,92.24
27,-5.016,-4.103,1.70,-11.466,155.685,-11.720,155.334,-1.622,0.064,-0.087,-0.005,-4.26,-3.58,92.24
27,-5.016,-4.103,1.75,-11.466,155.685,-11.717,155.331,-1.622,0.068,-0.082,-0.006,-4.21,-3.60,92.24
27,-5.016,-4.103,1.80,-11.466,155.685,-11.711,155.326,-1.623,0.076,-0.070,-0.005,-4.14,-3.64,92.25
27,-5.016,-4.103,1.85,-11.466,155.685,-11.709,155.324,-1.623,0.079,-0.065,-0.005,-4.09,-3.66,92.25
27,-5.016,-4.103,1.90,-11.466,155.685,-11.702,155.320,-1.624,0.085,-0.055,-0.005,-4.02,-3.68,92.25
27,-5.016,-4.103,1.95,-11.466,155.685,-11.699,155.318,-1.625,0.088,-0.050,-0.005,-3.96,-3.70,92.25
27,-5.016,-4.103,2.00,-11.466,155.685,-11.690,155.315,-1.625,0.094,-0.039,-0.004,-3.89,-3.72,92.25
27,-5.016,-4.103,2.05,-11.466,155.685,-11.687,155.314,-1.625,0.096,-0.034,-0.003,-3.83,-3.73,92.25
27,-5.016,-4.103,2.10,-11.466,155.685,-11.679,155.312,-1.625,0.100,-0.024,-0.002,-3.75,-3.75,92.24
27,-5.016,-4.103,2.15,-11.466,155.685,-11.675,155.311,-1.625,0.102,-0.020,-0.001,-3.70,-3.76,92.24
27,-5.016,-4.103,2.20,-11.466,155.685,-11.666,155.309,-1.625,0.105,-0.010,-0.001,-3.62,-3.76,92.23
27,-5.016,-4.103,2.25,-11.466,155.685,-11.661,155.309,-1.625,0.106,-0.005,-0.001,-3.56,-3.77,92.23
27,-5.016,-4.103,2.30,-11.466,155.685,-11.653,155.308,-1.625,0.107,0.003,-0.000,-3.48,-3.77,92.23
27,-5.016,-4.103,2.35,-11.466,155.685,-11.649,155.308,-1.625,0.107,0.008,-0.000,-3.43,-3.78,92.23
27,-5.016,-4.103,2.40,-11.466,155.685,-11.641,155.308,-1.624,0.106,0.017,0.000,-3.35,-3.77,92.24
27,-5.016,-4.103,2.45,-11.466,155.685,-11.638,155.309,-1.624,0.105,0.021,0.000,-3.30,-3.77,92.25
27,-5.016,-4.103,2.50,-11.466,155.685,-11.632,155.311,-1.625,0.102,0.029,0.001,-3.24,-3.76,92.28
27,-5.016,-4.103,2.55,-11.466,155.685,-11.629,155.312,-1.625,0.100,0.033,0.001,-3.21,-3.75,92.31
27,-5.016,-4.103,2.60,-11.466,155.685,-11.623,155.315,-1.625,0.096,0.042,0.001,-3.17,-3.73,92.34
27,-5.016,-4.103,2.65,-11.466,155.685,-11.620,155.317,-1.625,0.094,0.046,0.001,-3.15,-3.71,92.36
27,-5.016,-4.103,2.70,-11.466,155.685,-11.615,155.320,-1.625,0.090,0.052,0.001,-3.13,-3.68,92.38
27,-5.016,-4.103,2.75,-11.466,155.685,-11.613,155.322,-1.625,0.088,0.056,0.001,-3.13,-3.66,92.40
27,-5.016,-4.103,2.80,-11.466,155.685,-11.608,155.326,-1.625,0.084,0.062,0.002,-3.12,-3.63,92.41
27,-5.016,-4.103,2.85,-11.466,155.685,-11.606,155.329,-1.625,0.082,0.065,0.002,-3.12,-3.60,92.42
27,-5.016,-4.103,2.90,-11.466,155.685,-11.602,155.334,-1.624,0.078,0.070,0.002,-3.11,-3.57,92.42
27,-5.016,-4.103,2.95,-11.466,155.685,-11.600,155.336,-1.624,0.076,0.073,0.003,-3.11,-3.54,92.42
27,-5.016,-4.103,3.00,-11.466,155.685,-11.595,155.342,-1.623,0.072,0.077,0.003,-3.11,-3.50,92.41
27,-5.016,-4.103,3.05,-11.466,155.685,-11.593,155.344,-1.622,0.070,0.079,0.003,-3.11,-3.48,92.40
27,-5.016,-4.103,3.10,-11.466,155.685,-11.589,155.350,-1.621,0.068,0.082,0.002,-3.11,-3.44,92.39
27,-5.016,-4.103,3.15,-11.466,155.685,-11.587,155.352,-1.620,0.066,0.083,0.002,-3.11,-3.42,92.37
27,-5.016,-4.103,3.20,-11.466,155.685,-11.583,155.358,-1.620,0.063,0.085,0.001,-3.10,-3.38,92.36
27,-5.016,-4.103,3.25,-11.466,155.685,-11.582,155.361,-1.620,0.061,0.086,0.000,-3.10,-3.36,92.35
27,-5.016,-4.103,3.30,-11.466,155.685,-11.579,155.366,-1.619,0.058,0.087,-0.001,-3.09,-3.33,92.34
27,-5.016,-4.103,3.35,-11.466,155.685,-11.577,155.368,-1.619,0.056,0.087,-0.001,-3.09,-3.32,92.33
27,-5.016,-4.103,3.40,-11.466,155.685,-11.575,155.373,-1.618,0.052,0.087,-0.002,-3.08,-3.30,92.33
27,-5.016,-4.103,3.45,-11.466,155.685,-11.574,155.376,-1.618,0.050,0.086,-0.002,-3.09,-3.29,92.34
27,-5.016,-4.103,3.50,-11.466,155.685,-11.573,155.380,-1.618,0.046,0.086,-0.003,-3.09,-3.28,92.35
27,-5.016,-4.103,3.55,-11.466,155.685,-11.573,155.382,-1.618,0.043,0.085,-0.003,-3.10,-3.27,92.36
27,-5.016,-4.103,3.60,-11.466,155.685,-11.572,155.387,-1.617,0.039,0.084,-0.004,-3.12,-3.26,92.38
27,-5.016,-4.103,3.65,-11.466,155.685,-11.572,155.389,-1.617,0.037,0.084,-0.004,-3.14,-3.26,92.40
27,-5.016,-4.103,3.70,-11.466,155.685,-11.572,155.393,-1.616,0.033,0.082,-0.004,-3.17,-3.26,92.42
27,-5.016,-4.103,3.75,-11.466,155.685,-11.572,155.395,-1.615,0.031,0.081,-0.004,-3.19,-3.26,92.43
27,-5.016,-4.103,3.80,-11.466,155.685,-11.572,155.398,-1.614,0.028,0.079,-0.005,-3.23,-3.26,92.45
27,-5.016,-4.103,3.85,-11.466,155.685,-11.572,155.400,-1.613,0.027,0.078,-0.006,-3.25,-3.26,92.45
27,-5.016,-4.103,3.90,-11.466,155.685,-11.573,155.403,-1.612,0.025,0.076,-0.007,-3.29,-3.27,92.46
27,-5.016,-4.103,3.95,-11.466,155.685,-11.573,155.404,-1.611,0.024,0.075,-0.008,-3.31,-3.28,92.46
27,-5.016,-4.103,4.00,-11.466,155.685,-11.573,155.406,-1.610,0.023,0.073,-0.009,-3.35,-3.30,92.46
27,-5.016,-4.103,4.05,-11.466,155.685,-11.573,155.408,-1.610,0.022,0.072,-0.010,-3.37,-3.30,92.45
27,-5.016,-4.103,4.10,-11.466,155.685,-11.573,155.410,-1.609,0.022,0.070,-0.012,-3.39,-3.32,92.44
27,-5.016,-4.103,4.15,-11.466,155.685,-11.573,155.411,-1.609,0.023,0.070,-0.012,-3.40,-3.34,92.43
27,-5.016,-4.103,4.20,-11.466,155.685,-11.573,155.414,-1.609,0.023,0.069,-0.013,-3.42,-3.36,92.41
27,-5.016,-4.103,4.25,-11.466,155.685,-11.572,155.415,-1.608,0.024,0.069,-0.013,-3.43,-3.37,92.40
27,-5.016,-4.103,4.30,-11.466,155.685,-11.572,155.419,-1.608,0.025,0.069,-0.014,-3.43,-3.39,92.37
27,-5.016,-4.103,4.35,-11.466,155.685,-11.571,155.421,-1.608,0.025,0.069,-0.014,-3.43,-3.40,92.36
27,-5.016,-4.103,4.40,-11.466,155.685,-11.570,155.424,-1.607,0.027,0.070,-0.014,-3.42,-3.40,92.33
27,-5.016,-4.103,4.45,-11.466,155.685,-11.569,155.426,-1.607,0.028,0.070,-0.015,-3.42,-3.40,92.32
27,-5.016,-4.103,4.50,-11.466,155.685,-11.567,155.430,-1.607,0.030,0.070,-0.015,-3.41,-3.40,92.30
27,-5.016,-4.103,4.55,-11.466,155.685,-11.566,155.432,-1.607,0.031,0.071,-0.015,-3.39,-3.40,92.28
27,-5.016,-4.103,4.60,-11.466,155.685,-11.564,155.437,-1.607,0.032,0.071,-0.015,-3.38,-3.40,92.27
27,-5.016,-4.103,4.65,-11.466,155.685,-11.563,155.439,-1.607,0.033,0.072,-0.015,-3.36,-3.39,92.26
27,-5.016,-4.103,4.70,-11.466,155.685,-11.561,155.444,-1.608,0.034,0.072,-0.015,-3.34,-3.38,92.25
27,-5.016,-4.103,4.75,-11.466,155.685,-11.560,155.446,-1.608,0.035,0.073,-0.015,-3.32,-3.37,92.24
27,-5.016,-4.103,4.80,-11.466,155.685,-11.557,155.452,-1.609,0.035,0.073,-0.014,-3.29,-3.35,92.24
27,-5.016,-4.103,4.85,-11.466,155.685,-11.556,155.455,-1.609,0.036,0.073,-0.014,-3.28,-3.34,92.24
27,-5.016,-4.103,4.90,-11.466,155.685,-11.554,155.460,-1.610,0.036,0.073,-0.014,-3.26,-3.32,92.24
27,-5.016,-4.103,4.95,-11.466,155.685,-11.553,155.462,-1.611,0.036,0.073,-0.013,-3.25,-3.30,92.24
27,-5.016,-4.103,5.00,-11.466,155.685,-11.551,155.468,-1.612,0.035,0.073,-0.012,-3.23,-3.28,92.25
27,-5.016,-4.103,5.05,-11.466,155.685,-11.550,155.471,-1.613,0.035,0.072,-0.012,-3.22,-3.27,92.25
27,-5.016,-4.103,5.10,-11.466,155.685,-11.548,155.476,-1.614,0.034,0.072,-0.011,-3.21,-3.25,92.26
27,-5.016,-4.103,5.15,-11.466,155.685,-11.547,155.479,-1.615,0.034,0.071,-0.011,-3.20,-3.23,92.27
27,-5.016,-4.103,5.20,-11.466,155.685,-11.545,155.485,-1.616,0.033,0.070,-0.009,-3.19,-3.21,92.27
27,-5.016,-4.103,5.25,-11.466,155.685,-11.545,155.487,-1.617,0.032,0.069,-0.008,-3.19,-3.20,92.28
27,-5.016,-4.103,5.30,-11.466,155.685,-11.543,155.492,-1.618,0.031,0.068,-0.007,-3.19,-3.18,92.29
27,-5.016,-4.103,5.35,-11.466,155.685,-11.543,155.494,-1.618,0.030,0.067,-0.006,-3.19,-3.17,92.30
27,-5.016,-4.103,5.40,-11.466,155.685,-11.542,155.499,-1.620,0.029,0.064,-0.005,-3.19,-3.15,92.31
27,-5.016,-4.103,5.45,-11.466,155.685,-11.541,155.501,-1.620,0.028,0.062,-0.004,-3.19,-3.14,92.31
27,-5.016,-4.103,5.50,-11.466,155.685,-11.540,155.505,-1.621,0.027,0.059,-0.003,-3.20,-3.14,92.33
27,-5.016,-4.103,5.55,-11.466,155.685,-11.539,155.506,-1.621,0.027,0.058,-0.003,-3.20,-3.14,92.33
27,-5.016,-4.103,5.60,-11.466,155.685,-11.537,155.510,-1.622,0.027,0.055,-0.001,-3.21,-3.14,92.34
27,-5.016,-4.103,5.65,-11.466,155.685,-11.536,155.512,-1.622,0.027,0.053,-0.001,-3.21,-3.14,92.35
27,-5.016,-4.103,5.70,-11.466,155.685,-11.533,155.515,-1.623,0.027,0.051,-0.000,-3.21,-3.15,92.36
27,-5.016,-4.103,5.75,-11.466,155.685,-11.532,155.517,-1.623,0.027,0.050,0.000,-3.20,-3.15,92.36
27,-5.016,-4.103,5.80,-11.466,155.685,-11.529,155.520,-1.623,0.027,0.047,0.001,-3.19,-3.16,92.37
27,-5.016,-4.103,5.85,-11.466,155.685,-11.527,155.522,-1.623,0.028,0.046,0.001,-3.18,-3.16,92.37
27,-5.016,-4.103,5.90,-11.466,155.685,-11.524,155.525,-1.624,0.028,0.044,0.002,-3.17,-3.17,92.38
27,-5.016,-4.103,5.95,-11.466,155.685,-11.523,155.526,-1.624,0.028,0.043,0.002,-3.15,-3.18,92.38
27,-5.016,-4.103,6.00,-11.466,155.685,-11.519,155.528,-1.624,0.027,0.040,0.002,-3.13,-3.19,92.38
27,-5.016,-4.103,6.05,-11.466,155.685,-11.518,155.529,-1.624,0.027,0.039,0.002,-3.12,-3.19,92.38
27,-5.016,-4.103,6.10,-11.466,155.685,-11.515,155.531,-1.625,0.026,0.037,0.002,-3.09,-3.21,92.38
27,-5.016,-4.103,6.15,-11.466,155.685,-11.514,155.532,-1.625,0.025,0.036,0.003,-3.08,-3.21,92.37
27,-5.016,-4.103,6.20,-11.466,155.685,-11.511,155.534,-1.626,0.023,0.034,0.003,-3.06,-3.23,92.37
27,-5.016,-4.103,6.25,-11.466,155.685,-11.510,155.535,-1.626,0.023,0.033,0.003,-3.05,-3.24,92.36
27,-5.016,-4.103,6.30,-11.466,155.685,-11.508,155.537,-1.626,0.021,0.032,0.004,-3.04,-3.25,92.35
27,-5.016,-4.103,6.35,-11.466,155.685,-11.507,155.538,-1.627,0.020,0.031,0.004,-3.04,-3.26,92.34
27,-5.016,-4.103,6.40,-11.466,155.685,-11.506,155.540,-1.627,0.017,0.030,0.004,-3.03,-3.27,92.33
27,-5.016,-4.103,6.45,-11.466,155.685,-11.505,155.541,-1.627,0.015,0.030,0.004,-3.03,-3.28,92.31
27,-5.016,-4.103,6.50,-11.466,155.685,-11.505,155.542,-1.627,0.012,0.029,0.005,-3.04,-3.29,92.30
27,-5.016,-4.103,6.55,-11.466,155.685,-11.505,155.543,-1.627,0.011,0.029,0.005,-3.04,-3.29,92.29
27,-5.016,-4.103,6.60,-11.466,155.685,-11.505,155.546,-1.628,0.008,0.029,0.005,-3.06,-3.30,92.27
27,-5.016,-4.103,6.65,-11.466,155.685,-11.504,155.547,-1.628,0.007,0.028,0.005,-3.07,-3.30,92.26
27,-5.016,-4.103,6.70,-11.466,155.685,-11.504,155.549,-1.628,0.005,0.028,0.006,-3.09,-3.30,92.25
27,-5.016,-4.103,6.75,-11.466,155.685,-11.504,155.550,-1.628,0.004,0.029,0.006,-3.10,-3.30,92.24
27,-5.016,-4.103,6.80,-11.466,155.685,-11.505,155.554,-1.628,0.002,0.029,0.007,-3.12,-3.30,92.24
27,-5.016,-4.103,6.85,-11.466,155.685,-11.505,155.555,-1.628,0.001,0.029,0.007,-3.13,-3.30,92.23
27,-5.016,-4.103,6.90,-11.466,155.685,-11.505,155.558,-1.628,-0.000,0.029,0.007,-3.15,-3.29,92.23
27,-5.016,-4.103,6.95,-11.466,155.685,-11.506,155.559,-1.628,-0.001,0.029,0.007,-3.17,-3.28,92.23
27,-5.016,-4.103,7.00,-11.466,155.685,-11.506,155.562,-1.627,-0.002,0.029,0.007,-3.19,-3.27,92.23
27,-5.016,-4.103,7.05,-11.466,155.685,-11.506,155.564,-1.627,-0.002,0.029,0.007,-3.20,-3.26,92.24
27,-5.016,-4.103,7.10,-11.466,155.685,-11.506,155.566,-1.626,-0.003,0.029,0.007,-3.22,-3.25,92.24
27,-5.016,-4.103,7.15,-11.466,155.685,-11.507,155.567,-1.625,-0.003,0.028,0.006,-3.23,-3.24,92.25
27,-5.016,-4.103,7.20,-11.466,155.685,-11.507,155.569,-1.624,-0.003,0.027,0.006,-3.24,-3.23,92.27
27,-5.016,-4.103,7.25,-11.466,155.685,-11.507,155.570,-1.623,-0.002,0.027,0.006,-3.25,-3.23,92.28
27,-5.016,-4.103,7.30,-11.466,155.685,-11.507,155.572,-1.622,-0.002,0.025,0.005,-3.26,-3.22,92.30
27,-5.016,-4.103,7.35,-11.466,155.685,-11.506,155.573,-1.621,-0.001,0.024,0.004,-3.27,-3.22,92.31
27,-5.016,-4.103,7.40,-11.466,155.685,-11.506,155.574,-1.619,-0.001,0.023,0.003,-3.27,-3.22,92.33
27,-5.016,-4.103,7.45,-11.466,155.685,-11.506,155.574,-1.619,-0.001,0.022,0.002,-3.27,-3.23,92.34
27,-5.016,-4.103,7.50,-11.466,155.685,-11.506,155.575,-1.617,-0.001,0.020,0.001,-3.28,-3.24,92.36
27,-5.016,-4.103,7.55,-11.466,155.685,-11.506,155.575,-1.616,-0.000,0.019,-0.000,-3.28,-3.24,92.37
27,-5.016,-4.103,7.60,-11.466,155.685,-11.506,155.576,-1.614,0.000,0.017,-0.002,-3.28,-3.26,92.38
27,-5.016,-4.103,7.65,-11.466,155.685,-11.506,155.576,-1.613,0.001,0.016,-0.003,-3.28,-3.27,92.39
27,-5.016,-4.103,7.70,-11.466,155.685,-11.505,155.576,-1.612,0.002,0.015,-0.005,-3.28,-3.29,92.40
27,-5.016,-4.103,7.75,-11.466,155.685,-11.505,155.576,-1.611,0.002,0.014,-0.006,-3.28,-3.30,92.40
27,-5.016,-4.103,7.80,-11.466,155.685,-11.504,155.576,-1.610,0.003,0.013,-0.008,-3.28,-3.32,92.41
27,-5.016,-4.103,7.85,-11.466,155.685,-11.504,155.576,-1.610,0.004,0.013,-0.009,-3.27,-3.33,92.41
27,-5.016,-4.103,7.90,-11.466,155.685,-11.502,155.576,-1.610,0.005,0.013,-0.010,-3.27,-3.35,92.42
27,-5.016,-4.103,7.95,-11.466,155.685,-11.502,155.576,-1.610,0.006,0.012,-0.011,-3.26,-3.36,92.42
28,-0.224,-1.697,0.00,-11.466,155.685,-11.479,155.717,-1.620,0.018,0.193,0.006,-3.09,-1.58,92.32
28,-0.224,-1.697,0.05,-11.466,155.685,-11.478,155.732,-1.619,0.026,0.201,0.006,-3.05,-1.39,92.31
28,-0.224,-1.697,0.10,-11.466,155.685,-11.477,155.740,-1.619,0.030,0.204,0.006,-3.00,-1.18,92.31
28,-0.224,-1.697,0.15,-11.466,155.685,-11.474,155.756,-1.618,0.039,0.209,0.006,-2.95,-1.00,92.31
28,-0.224,-1.697,0.20,-11.466,155.685,-11.473,155.764,-1.617,0.043,0.210,0.006,-2.88,-0.80,92.31
28,-0.224,-1.697,0.25,-11.466,155.685,-11.470,155.778,-1.616,0.050,0.211,0.005,-2.81,-0.63,92.31
28,-0.224,-1.697,0.30,-11.466,155.685,-11.469,155.786,-1.616,0.054,0.211,0.005,-2.73,-0.45,92.32
28,-0.224,-1.697,0.35,-11.466,155.685,-11.465,155.802,-1.616,0.062,0.208,0.004,-2.66,-0.30,92.33
28,-0.224,-1.697,0.40,-11.466,155.685,-11.463,155.809,-1.615,0.065,0.206,0.003,-2.58,-0.14,92.34
28,-0.224,-1.697,0.45,-11.466,155.685,-11.459,155.823,-1.615,0.071,0.200,0.002,-2.50,-0.01,92.35
28,-0.224,-1.697,0.50,-11.466,155.685,-11.457,155.829,-1.615,0.073,0.197,0.002,-2.41,0.13,92.36
28,-0.224,-1.697,0.55,-11.466,155.685,-11.452,155.843,-1.615,0.078,0.187,0.001,-2.34,0.24,92.37
28,-0.224,-1.697,0.60,-11.466,155.685,-11.450,155.849,-1.615,0.080,0.183,0.001,-2.25,0.34,92.38
28,-0.224,-1.697,0.65,-11.466,155.685,-11.445,155.859,-1.615,0.084,0.172,0.000,-2.18,0.43,92.38
28,-0.224,-1.697,0.70,-11.466,155.685,-11.443,155.864,-1.615,0.085,0.166,0.000,-2.10,0.51,92.39
28,-0.224,-1.697,0.75,-11.466,155.685,-11.438,155.875,-1.616,0.088,0.152,-0.000,-2.03,0.57,92.39
28,-0.224,-1.697,0.80,-11.466,155.685,-11.435,155.879,-1.616,0.089,0.146,-0.000,-1.96,0.62,92.39
28,-0.224,-1.697,0.85,-11.466,155.685,-11.430,155.887,-1.617,0.091,0.133,0.000,-1.89,0.66,92.39
28,-0.224,-1.697,0.90,-11.466,155.685,-11.427,155.891,-1.617,0.091,0.126,0.000,-1.83,0.69,92.38
28,-0.224,-1.697,0.95,-11.466,155.685,-11.421,155.899,-1.619,0.092,0.112,0.001,-1.76,0.71,92.38
28,-0.224,-1.697,1.00,-11.466,155.685,-11.418,155.902,-1.619,0.092,0.106,0.001,-1.70,0.72,92.38
28,-0.224,-1.697,1.05,-11.466,155.685,-11.412,155.908,-1.620,0.092,0.093,0.002,-1.64,0.73,92.38
28,-0.224,-1.697,1.10,-11.466,155.685,-11.410,155.911,-1.621,0.091,0.087,0.002,-1.57,0.74,92.38
28,-0.224,-1.697,1.15,-11.466,155.685,-11.404,155.917,-1.622,0.090,0.073,0.004,-1.52,0.74,92.38
28,-0.224,-1.697,1.20,-11.466,155.685,-11.401,155.919,-1.622,0.089,0.067,0.004,-1.46,0.74,92.38
28,-0.224,-1.697,1.25,-11.466,155.685,-11.396,155.922,-1.623,0.086,0.055,0.005,-1.41,0.73,92.38
28,-0.224,-1.697,1.30,-11.466,155.685,-11.394,155.924,-1.623,0.085,0.048,0.006,-1.36,0.72,92.37
28,-0.224,-1.697,1.35,-11.466,155.685,-11.389,155.926,-1.623,0.082,0.035,0.007,-1.32,0.71,92.37
28,-0.224,-1.697,1.40,-11.466,155.685,-11.386,155.926,-1.623,0.081,0.029,0.007,-1.28,0.68,92.36
28,-0.224,-1.697,1.45,-11.466,155.685,-11.382,155.927,-1.623,0.078,0.017,0.008,-1.24,0.66,92.36
28,-0.224,-1.697,1.50,-11.466,155.685,-11.380,155.927,-1.623,0.076,0.012,0.008,-1.20,0.63,92.35
28,-0.224,-1.697,1.55,-11.466,155.685,-11.376,155.926,-1.623,0.071,-0.000,0.008,-1.17,0.59,92.34
28,-0.224,-1.697,1.60,-11.466,155.685,-11.374,155.926,-1.622,0.068,-0.005,0.008,-1.14,0.55,92.32
28,-0.224,-1.697,1.65,-11.466,155.685,-11.371,155.925,-1.622,0.063,-0.015,0.007,-1.12,0.51,92.31
28,-0.224,-1.697,1.70,-11.466,155.685,-11.370,155.924,-1.622,0.061,-0.019,0.007,-1.11,0.47,92.31
28,-0.224,-1.697,1.75,-11.466,155.685,-11.367,155.922,-1.622,0.056,-0.028,0.007,-1.10,0.43,92.31
28,-0.224,-1.697,1.80,-11.466,155.685,-11.366,155.921,-1.622,0.054,-0.032,0.007,-1.09,0.38,92.31
28,-0.224,-1.697,1.85,-11.466,155.685,-11.363,155.918,-1.621,0.050,-0.038,0.006,-1.08,0.34,92.32
28,-0.224,-1.697,1.90,-11.466,155.685,-11.361,155.917,-1.621,0.048,-0.042,0.006,-1.08,0.30,92.34
28,-0.224,-1.697,1.95,-11.466,155.685,-11.358,155.914,-1.621,0.044,-0.048,0.006,-1.07,0.26,92.36
28,-0.224,-1.697,2.00,-11.466,155.685,-11.356,155.912,-1.621,0.042,-0.050,0.005,-1.06,0.22,92.38
28,-0.224,-1.697,2.05,-11.466,155.685,-11.353,155.909,-1.620,0.039,-0.055,0.005,-1.05,0.19,92.40
28,-0.224,-1.697,2.10,-11.466,155.685,-11.352,155.908,-1.620,0.038,-0.057,0.005,-1.04,0.15,92.43
28,-0.224,-1.697,2.15,-11.466,155.685,-11.348,155.904,-1.619,0.034,-0.060,0.004,-1.03,0.12,92.45
28,-0.224,-1.697,2.20,-11.466,155.685,-11.347,155.903,-1.619,0.032,-0.061,0.004,-1.01,0.09,92.46
28,-0.224,-1.697,2.25,-11.466,155.685,-11.344,155.900,-1.618,0.029,-0.063,0.003,-1.00,0.07,92.47
28,-0.224,-1.697,2.30,-11.466,155.685,-11.343,155.899,-1.618,0.027,-0.064,0.003,-0.98,0.04,92.48
28,-0.224,-1.697,2.35,-11.466,155.685,-11.340,155.896,-1.617,0.023,-0.066,0.002,-0.96,0.03,92.48
28,-0.224,-1.697,2.40,-11.466,155.685,-11.339,155.895,-1.616,0.021,-0.066,0.002,-0.95,0.01,92.47
28,-0.224,-1.697,2.45,-11.466,155.685,-11.337,155.892,-1.615,0.017,-0.067,0.000,-0.93,-0.00,92.47
28,-0.224,-1.697,2.50,-11.466,155.685,-11.336,155.891,-1.615,0.015,-0.067,0.000,-0.92,-0.01,92.46
28,-0.224,-1.697,2.55,-11.466,155.685,-11.334,155.888,-1.614,0.010,-0.067,-0.001,-0.92,-0.02,92.45
28,-0.224,-1.697,2.60,-11.466,155.685,-11.334,155.887,-1.614,0.008,-0.067,-0.002,-0.91,-0.03,92.43
28,-0.224,-1.697,2.65,-11.466,155.685,-11.333,155.885,-1.614,0.004,-0.067,-0.003,-0.91,-0.03,92.41
28,-0.224,-1.697,2.70,-11.466,155.685,-11.333,155.884,-1.614,0.002,-0.067,-0.003,-0.91,-0.04,92.40
28,-0.224,-1.697,2.75,-11.466,155.685,-11.332,155.882,-1.614,-0.003,-0.066,-0.004,-0.91,-0.03,92.38
28,-0.224,-1.697,2.80,-11.466,155.685,-11.332,155.881,-1.614,-0.005,-0.066,-0.004,-0.91,-0.03,92.36
28,-0.224,-1.697,2.85,-11.466,155.685,-11.332,155.879,-1.613,-0.009,-0.066,-0.004,-0.92,-0.03,92.34
28,-0.224,-1.697,2.90,-11.466,155.685,-11.332,155.877,-1.613,-0.011,-0.066,-0.004,-0.92,-0.03,92.32
28,-0.224,-1.697,2.95,-11.466,155.685,-11.334,155.875,-1.613,-0.016,-0.065,-0.005,-0.93,-0.02,92.31
28,-0.224,-1.697,3.00,-11.466,155.685,-11.335,155.873,-1.612,-0.018,-0.066,-0.005,-0.95,-0.02,92.29
28,-0.224,-1.697,3.05,-11.466,155.685,-11.336,155.870,-1.613,-0.022,-0.066,-0.006,-0.96,-0.02,92.28
28,-0.224,-1.697,3.10,-11.466,155.685,-11.337,155.869,-1.613,-0.024,-0.067,-0.006,-0.98,-0.02,92.27
28,-0.224,-1.697,3.15,-11.466,155.685,-11.340,155.864,-1.614,-0.028,-0.068,-0.007,-1.01,-0.03,92.27
28,-0.224,-1.697,3.20,-11.466,155.685,-11.341,155.862,-1.614,-0.030,-0.069,-0.007,-1.03,-0.04,92.27
28,-0.224,-1.697,3.25,-11.466,155.685,-11.344,155.858,-1.615,-0.033,-0.070,-0.007,-1.06,-0.05,92.28
28,-0.224,-1.697,3.30,-11.466,155.685,-11.345,155.855,-1.615,-0.034,-0.070,-0.007,-1.09,-0.07,92.28
28,-0.224,-1.697,3.35,-11.466,155.685,-11.349,155.850,-1.615,-0.037,-0.072,-0.006,-1.12,-0.09,92.29
28,-0.224,-1.697,3.40,-11.466,155.685,-11.350,155.848,-1.615,-0.038,-0.072,-0.006,-1.14,-0.11,92.31
28,-0.224,-1.697,3.45,-11.466,155.685,-11.353,155.842,-1.615,-0.039,-0.073,-0.006,-1.17,-0.13,92.32
28,-0.224,-1.697,3.50,-11.466,155.685,-11.354,155.840,-1.615,-0.039,-0.073,-0.006,-1.20,-0.16,92.34
28,-0.224,-1.697,3.55,-11.466,155.685,-11.356,155.834,-1.615,-0.039,-0.072,-0.006,-1.22,-0.19,92.35
28,-0.224,-1.697,3.60,-11.466,155.685,-11.357,155.832,-1.615,-0.039,-0.072,-0.006,-1.24,-0.21,92.37
28,-0.224,-1.697,3.65,-11.466,155.685,-11.359,155.827,-1.615,-0.038,-0.071,-0.006,-1.26,-0.24,92.38
28,-0.224,-1.697,3.70,-11.466,155.685,-11.360,155.824,-1.615,-0.038,-0.071,-0.006,-1.27,-0.26,92.39
28,-0.224,-1.697,3.75,-11.466,155.685,-11.363,155.819,-1.615,-0.037,-0.069,-0.006,-1.28,-0.28,92.40
28,-0.224,-1.697,3.80,-11.466,155.685,-11.364,155.817,-1.615,-0.037,-0.067,-0.006,-1.28,-0.30,92.40
28,-0.224,-1.697,3.85,-11.466,155.685,-11.366,155.813,-1.616,-0.036,-0.065,-0.006,-1.28,-0.32,92.40
28,-0.224,-1.697,3.90,-11.466,155.685,-11.367,155.811,-1.616,-0.036,-0.064,-0.005,-1.29,-0.33,92.40
28,-0.224,-1.697,3.95,-11.466,155.685,-11.370,155.807,-1.616,-0.036,-0.061,-0.005,-1.29,-0.34,92.39
28,-0.224,-1.697,4.00,-11.466,155.685,-11.372,155.806,-1.617,-0.036,-0.059,-0.005,-1.29,-0.34,92.38
28,-0.224,-1.697,4.05,-11.466,155.685,-11.374,155.803,-1.617,-0.036,-0.056,-0.004,-1.30,-0.35,92.37
28,-0.224,-1.697,4.10,-11.466,155.685,-11.376,155.801,-1.618,-0.036,-0.054,-0.004,-1.30,-0.35,92.36
28,-0.224,-1.697,4.15,-11.466,155.685,-11.379,155.799,-1.618,-0.035,-0.051,-0.004,-1.31,-0.34,92.35
28,-0.224,-1.697,4.20,-11.466,155.685,-11.380,155.798,-1.619,-0.035,-0.049,-0.003,-1.32,-0.34,92.34
28,-0.224,-1.697,4.25,-11.466,155.685,-11.383,155.796,-1.620,-0.035,-0.046,-0.003,-1.33,-0.33,92.33
28,-0.224,-1.697,4.30,-11.466,155.685,-11.385,155.795,-1.620,-0.035,-0.044,-0.002,-1.34,-0.32,92.32
28,-0.224,-1.697,4.35,-11.466,155.685,-11.388,155.793,-1.621,-0.034,-0.041,-0.002,-1.35,-0.31,92.31
28,-0.224,-1.697,4.40,-11.466,155.685,-11.389,155.792,-1.621,-0.034,-0.040,-0.002,-1.36,-0.29,92.31
28,-0.224,-1.697,4.45,-11.466,155.685,-11.392,155.791,-1.622,-0.033,-0.037,-0.001,-1.37,-0.28,92.30
28,-0.224,-1.697,4.50,-11.466,155.685,-11.393,155.791,-1.622,-0.033,-0.036,-0.001,-1.38,-0.26,92.30
28,-0.224,-1.697,4.55,-11.466,155.685,-11.396,155.789,-1.623,-0.031,-0.033,-0.000,-1.39,-0.24,92.29
28,-0.224,-1.697,4.60,-11.466,155.685,-11.397,155.789,-1.624,-0.030,-0.032,0.000,-1.39,-0.23,92.29
28,-0.224,-1.697,4.65,-11.466,155.685,-11.399,155.787,-1.625,-0.029,-0.031,0.001,-1.40,-0.21,92.29
28,-0.224,-1.697,4.70,-11.466,155.685,-11.400,155.786,-1.625,-0.028,-0.030,0.002,-1.40,-0.20,92.29
28,-0.224,-1.697,4.75,-11.466,155.685,-11.402,155.784,-1.626,-0.025,-0.029,0.003,-1.40,-0.19,92.30
28,-0.224,-1.697,4.80,-11.466,155.685,-11.403,155.784,-1.627,-0.024,-0.029,0.003,-1.40,-0.18,92.30
28,-0.224,-1.697,4.85,-11.466,155.685,-11.404,155.781,-1.628,-0.023,-0.028,0.004,-1.40,-0.17,92.30
28,-0.224,-1.697,4.90,-11.466,155.685,-11.405,155.780,-1.628,-0.022,-0.028,0.005,-1.39,-0.17,92.31
28,-0.224,-1.697,4.95,-11.466,155.685,-11.407,155.778,-1.629,-0.021,-0.028,0.006,-1.39,-0.17,92.31
28,-0.224,-1.697,5.00,-11.466,155.685,-11.408,155.776,-1.629,-0.020,-0.028,0.006,-1.38,-0.17,92.32
28,-0.224,-1.697,5.05,-11.466,155.685,-11.410,155.774,-1.630,-0.019,-0.028,0.007,-1.38,-0.17,92.33
28,-0.224,-1.697,5.10,-11.466,155.685,-11.411,155.772,-1.630,-0.019,-0.028,0.008,-1.38,-0.18,92.33
28,-0.224,-1.697,5.15,-11.466,155.685,-11.414,155.770,-1.630,-0.017,-0.028,0.008,-1.38,-0.19,92.34
28,-0.224,-1.697,5.20,-11.466,155.685,-11.414,155.769,-1.630,-0.017,-0.027,0.009,-1.38,-0.20,92.34
28,-0.224,-1.697,5.25,-11.466,155.685,-11.416,155.767,-1.630,-0.016,-0.027,0.009,-1.39,-0.21,92.35
28,-0.224,-1.697,5.30,-11.466,155.685,-11.417,155.766,-1.630,-0.015,-0.026,0.009,-1.39,-0.22,92.35
28,-0.224,-1.697,5.35,-11.466,155.685,-11.419,155.764,-1.630,-0.014,-0.025,0.010,-1.39,-0.23,92.35
28,-0.224,-1.697,5.40,-11.466,155.685,-11.419,155.763,-1.630,-0.013,-0.024,0.010,-1.39,-0.23,92.35
28,-0.224,-1.697,5.45,-11.466,155.685,-11.420,155.762,-1.630,-0.011,-0.023,0.009,-1.39,-0.23,92.34
28,-0.224,-1.697,5.50,-11.466,155.685,-11.421,155.762,-1.630,-0.010,-0.022,0.009,-1.39,-0.23,92.34
28,-0.224,-1.697,5.55,-11.466,155.685,-11.421,155.761,-1.629,-0.008,-0.020,0.010,-1.38,-0.22,92.34
28,-0.224,-1.697,5.60,-11.466,155.685,-11.421,155.761,-1.629,-0.007,-0.019,0.010,-1.38,-0.22,92.33
28,-0.224,-1.697,5.65,-11.466,155.685,-11.422,155.761,-1.628,-0.005,-0.017,0.009,-1.36,-0.21,92.33
28,-0.224,-1.697,5.70,-11.466,155.685,-11.422,155.761,-1.628,-0.005,-0.016,0.009,-1.35,-0.20,92.33
28,-0.224,-1.697,5.75,-11.466,155.685,-11.424,155.761,-1.627,-0.004,-0.014,0.008,-1.34,-0.19,92.33
28,-0.224,-1.697,5.80,-11.466,155.685,-11.424,155.762,-1.626,-0.004,-0.013,0.008,-1.32,-0.17,92.34
28,-0.224,-1.697,5.85,-11.466,155.685,-11.426,155.763,-1.625,-0.004,-0.011,0.007,-1.32,-0.15,92.34
28,-0.224,-1.697,5.90,-11.466,155.685,-11.426,155.763,-1.625,-0.004,-0.011,0.007,-1.31,-0.13,92.35
28,-0.224,-1.697,5.95,-11.466,155.685,-11.428,155.764,-1.623,-0.004,-0.010,0.006,-1.31,-0.11,92.35
28,-0.224,-1.697,6.00,-11.466,155.685,-11.429,155.764,-1.623,-0.004,-0.010,0.005,-1.32,-0.09,92.35
28,-0.224,-1.697,6.05,-11.466,155.685,-11.430,155.764,-1.622,-0.004,-0.010,0.004,-1.32,-0.07,92.35
28,-0.224,-1.697,6.10,-11.466,155.685,-11.431,155.764,-1.622,-0.004,-0.010,0.004,-1.33,-0.05,92.35
28,-0.224,-1.697,6.15,-11.466,155.685,-11.432,155.764,-1.621,-0.003,-0.011,0.002,-1.34,-0.04,92.35
28,-0.224,-1.697,6.20,-11.466,155.685,-11.433,155.764,-1.620,-0.003,-0.011,0.002,-1.34,-0.03,92.34
28,-0.224,-1.697,6.25,-11.466,155.685,-11.434,155.764,-1.619,-0.002,-0.011,0.001,-1.34,-0.02,92.34
28,-0.224,-1.697,6.30,-11.466,155.685,-11.435,155.764,-1.619,-0.002,-0.012,0.001,-1.34,-0.02,92.34
28,-0.224,-1.697,6.35,-11.466,155.685,-11.436,155.764,-1.618,-0.001,-0.012,-0.000,-1.34,-0.01,92.33
28,-0.224,-1.697,6.40,-11.466,155.685,-11.437,155.764,-1.618,-0.000,-0.013,-0.001,-1.35,-0.01,92.33
28,-0.224,-1.697,6.45,-11.466,155.685,-11.438,155.764,-1.616,0.000,-0.014,-0.002,-1.35,-0.01,92.33
28,-0.224,-1.697,6.50,-11.466,155.685,-11.438,155.764,-1.616,0.001,-0.014,-0.002,-1.35,-0.01,92.33
28,-0.224,-1.697,6.55,-11.466,155.685,-11.439,155.762,-1.614,0.002,-0.015,-0.003,-1.34,-0.00,92.32
28,-0.224,-1.697,6.60,-11.466,155.685,-11.439,155.762,-1.614,0.002,-0.016,-0.004,-1.34,-0.01,92.32
28,-0.224,-1.697,6.65,-11.466,155.685,-11.439,155.760,-1.612,0.003,-0.018,-0.005,-1.34,-0.01,92.32
28,-0.224,-1.697,6.70,-11.466,155.685,-11.439,155.759,-1.612,0.004,-0.019,-0.006,-1.33,-0.02,92.31
28,-0.224,-1.697,6.75,-11.466,155.685,-11.438,155.758,-1.610,0.006,-0.020,-0.007,-1.33,-0.03,92.31
28,-0.224,-1.697,6.80,-11.466,155.685,-11.437,155.757,-1.610,0.007,-0.021,-0.008,-1.32,-0.04,92.30
28,-0.224,-1.697,6.85,-11.466,155.685,-11.436,155.755,-1.609,0.008,-0.022,-0.009,-1.31,-0.06,92.30
28,-0.224,-1.697,6.90,-11.466,155.685,-11.435,155.754,-1.609,0.009,-0.022,-0.010,-1.29,-0.07,92.29
28,-0.224,-1.697,6.95,-11.466,155.685,-11.433,155.752,-1.608,0.011,-0.023,-0.011,-1.27,-0.09,92.29
28,-0.224,-1.697,7.00,-11.466,155.685,-11.432,155.752,-1.608,0.011,-0.023,-0.011,-1.25,-0.10,92.29
28,-0.224,-1.697,7.05,-11.466,155.685,-11.430,155.750,-1.608,0.012,-0.023,-0.012,-1.23,-0.11,92.29
28,-0.224,-1.697,7.10,-11.466,155.685,-11.429,155.749,-1.608,0.012,-0.023,-0.013,-1.20,-0.13,92.30
28,-0.224,-1.697,7.15,-11.466,155.685,-11.427,155.747,-1.608,0.012,-0.022,-0.013,-1.18,-0.13,92.30
28,-0.224,-1.697,7.20,-11.466,155.685,-11.426,155.747,-1.608,0.011,-0.022,-0.013,-1.16,-0.14,92.31
28,-0.224,-1.697,7.25,-11.466,155.685,-11.425,155.745,-1.608,0.010,-0.022,-0.014,-1.14,-0.15,92.31
28,-0.224,-1.697,7.30,-11.466,155.685,-11.424,155.744,-1.608,0.009,-0.022,-0.014,-1.12,-0.15,92.32
28,-0.224,-1.697,7.35,-11.466,155.685,-11.423,155.742,-1.609,0.007,-0.021,-0.014,-1.11,-0.16,92.33
28,-0.224,-1.697,7.40,-11.466,155.685,-11.423,155.741,-1.609,0.007,-0.021,-0.014,-1.10,-0.17,92.33
28,-0.224,-1.697,7.45,-11.466,155.685,-11.422,155.739,-1.610,0.005,-0.021,-0.014,-1.10,-0.17,92.34
28,-0.224,-1.697,7.50,-11.466,155.685,-11.422,155.738,-1.610,0.004,-0.020,-0.013,-1.10,-0.18,92.34
28,-0.224,-1.697,7.55,-11.466,155.685,-11.421,155.736,-1.611,0.002,-0.020,-0.013,-1.10,-0.18,92.34
28,-0.224,-1.697,7.60,-11.466,155.685,-11.421,155.735,-1.611,0.001,-0.020,-0.013,-1.10,-0.19,92.35
28,-0.224,-1.697,7.65,-11.466,155.685,-11.420,155.733,-1.611,-0.000,-0.020,-0.012,-1.10,-0.20,92.35
28,-0.224,-1.697,7.70,-11.466,155.685,-11.420,155.732,-1.611,-0.001,-0.020,-0.012,-1.11,-0.20,92.35
28,-0.224,-1.697,7.75,-11.466,155.685,-11.420,155.729,-1.612,-0.003,-0.019,-0.011,-1.11,-0.21,92.34
28,-0.224,-1.697,7.80,-11.466,155.685,-11.420,155.728,-1.612,-0.004,-0.019,-0.011,-1.12,-0.22,92.34
28,-0.224,-1.697,7.85,-11.466,155.685,-11.421,155.726,-1.612,-0.005,-0.019,-0.010,-1.12,-0.23,92.34
28,-0.224,-1.697,7.90,-11.466,155.685,-11.421,155.725,-1.613,-0.006,-0.018,-0.010,-1.13,-0.24,92.34
28,-0.224,-1.697,7.95,-11.466,155.685,-11.421,155.723,-1.614,-0.008,-0.018,-0.010,-1.13,-0.25,92.34
29,-1.187,1.123,0.00,-11.466,155.685,-11.399,155.781,-1.627,0.154,0.108,0.006,-0.23,1.28,92.38
29,-1.187,1.123,0.05,-11.466,155.685,-11.386,155.790,-1.627,0.167,0.100,0.006,-0.06,1.37,92.38
29,-1.187,1.123,0.10,-11.466,155.685,-11.380,155.794,-1.627,0.173,0.096,0.006,0.14,1.45,92.38
29,-1.187,1.123,0.15,-11.466,155.685,-11.367,155.801,-1.627,0.182,0.085,0.006,0.33,1.51,92.37
29,-1.187,1.123,0.20,-11.466,155.685,-11.360,155.805,-1.626,0.186,0.079,0.006,0.54,1.55,92.36
29,-1.187,1.123,0.25,-11.466,155.685,-11.344,155.811,-1.626,0.193,0.063,0.005,0.73,1.58,92.34
29,-1.187,1.123,0.30,-11.466,155.685,-11.336,155.813,-1.626,0.194,0.056,0.005,0.94,1.59,92.32
29,-1.187,1.123,0.35,-11.466,155.685,-11.322,155.816,-1.626,0.196,0.039,0.005,1.12,1.58,92.30
29,-1.187,1.123,0.40,-11.466,155.685,-11.314,155.817,-1.625,0.196,0.031,0.004,1.32,1.55,92.28
29,-1.187,1.123,0.45,-11.466,155.685,-11.297,155.818,-1.625,0.194,0.011,0.004,1.49,1.51,92.26
29,-1.187,1.123,0.50,-11.466,155.685,-11.290,155.818,-1.625,0.192,0.002,0.004,1.66,1.45,92.23
29,-1.187,1.123,0.55,-11.466,155.685,-11.275,155.816,-1.625,0.186,-0.016,0.003,1.82,1.38,92.20
29,-1.187,1.123,0.60,-11.466,155.685,-11.268,155.814,-1.625,0.182,-0.025,0.003,1.97,1.29,92.17
29,-1.187,1.123,0.65,-11.466,155.685,-11.254,155.810,-1.625,0.171,-0.045,0.003,2.10,1.19,92.14
29,-1.187,1.123,0.70,-11.466,155.685,-11.248,155.808,-1.626,0.165,-0.053,0.002,2.22,1.08,92.12
29,-1.187,1.123,0.75,-11.466,155.685,-11.238,155.802,-1.626,0.151,-0.069,0.003,2.32,0.96,92.10
29,-1.187,1.123,0.80,-11.466,155.685,-11.233,155.799,-1.626,0.144,-0.077,0.003,2.40,0.83,92.08
29,-1.187,1.123,0.85,-11.466,155.685,-11.224,155.791,-1.626,0.126,-0.092,0.003,2.46,0.70,92.06
29,-1.187,1.123,0.90,-11.466,155.685,-11.220,155.787,-1.626,0.117,-0.099,0.003,2.51,0.55,92.05
29,-1.187,1.123,0.95,-11.466,155.685,-11.214,155.779,-1.625,0.100,-0.110,0.004,2.53,0.42,92.05
29,-1.187,1.123,1.00,-11.466,155.685,-11.212,155.775,-1.625,0.091,-0.115,0.004,2.54,0.28,92.05
29,-1.187,1.123,1.05,-11.466,155.685,-11.208,155.765,-1.624,0.071,-0.125,0.003,2.53,0.15,92.05
29,-1.187,1.123,1.10,-11.466,155.685,-11.206,155.760,-1.624,0.062,-0.128,0.003,2.50,0.01,92.07
29,-1.187,1.123,1.15,-11.466,155.685,-11.204,155.751,-1.623,0.044,-0.134,0.003,2.46,-0.12,92.08
29,-1.187,1.123,1.20,-11.466,155.685,-11.204,155.746,-1.622,0.035,-0.137,0.003,2.41,-0.25,92.10
29,-1.187,1.123,1.25,-11.466,155.685,-11.204,155.735,-1.622,0.017,-0.141,0.002,2.36,-0.36,92.13
29,-1.187,1.123,1.30,-11.466,155.685,-11.204,155.730,-1.622,0.009,-0.143,0.001,2.28,-0.48,92.15
29,-1.187,1.123,1.35,-11.466,155.685,-11.205,155.720,-1.621,-0.006,-0.144,0.001,2.21,-0.59,92.18
29,-1.187,1.123,1.40,-11.466,155.685,-11.206,155.715,-1.621,-0.014,-0.144,0.000,2.14,-0.70,92.21
29,-1.187,1.123,1.45,-11.466,155.685,-11.209,155.704,-1.622,-0.029,-0.143,-0.000,2.06,-0.79,92.23
29,-1.187,1.123,1.50,-11.466,155.685,-11.211,155.699,-1.622,-0.035,-0.142,-0.000,1.97,-0.89,92.25
29,-1.187,1.123,1.55,-11.466,155.685,-11.214,155.690,-1.622,-0.047,-0.139,-0.001,1.90,-0.97,92.27
29,-1.187,1.123,1.60,-11.466,155.685,-11.216,155.686,-1.623,-0.053,-0.137,-0.000,1.81,-1.05,92.28
29,-1.187,1.123,1.65,-11.466,155.685,-11.222,155.677,-1.623,-0.064,-0.132,-0.000,1.74,-1.12,92.29
29,-1.187,1.123,1.70,-11.466,155.685,-11.224,155.673,-1.623,-0.069,-0.130,0.000,1.65,-1.18,92.28
29,-1.187,1.123,1.75,-11.466,155.685,-11.230,155.665,-1.624,-0.077,-0.123,0.001,1.58,-1.23,92.28
29,-1.187,1.123,1.80,-11.466,155.685,-11.233,155.662,-1.624,-0.081,-0.120,0.001,1.50,-1.28,92.27
29,-1.187,1.123,1.85,-11.466,155.685,-11.240,155.654,-1.623,-0.089,-0.113,0.001,1.42,-1.32,92.27
29,-1.187,1.123,1.90,-11.466,155.685,-11.243,155.651,-1.623,-0.092,-0.109,0.002,1.35,-1.35,92.26
29,-1.187,1.123,1.95,-11.466,155.685,-11.249,155.644,-1.623,-0.097,-0.102,0.002,1.28,-1.37,92.26
29,-1.187,1.123,2.00,-11.466,155.685,-11.252,155.641,-1.623,-0.099,-0.098,0.002,1.21,-1.39,92.26
29,-1.187,1.123,2.05,-11.466,155.685,-11.259,155.635,-1.624,-0.103,-0.090,0.002,1.15,-1.41,92.26
29,-1.187,1.123,2.10,-11.466,155.685,-11.262,155.632,-1.624,-0.104,-0.087,0.002,1.08,-1.42,92.26
29,-1.187,1.123,2.15,-11.466,155.685,-11.267,155.628,-1.624,-0.105,-0.079,0.002,1.03,-1.43,92.26
29,-1.187,1.123,2.20,-11.466,155.685,-11.270,155.625,-1.625,-0.106,-0.076,0.002,0.98,-1.44,92.27
29,-1.187,1.123,2.25,-11.466,155.685,-11.277,155.620,-1.625,-0.106,-0.068,0.003,0.93,-1.44,92.29
29,-1.187,1.123,2.30,-11.466,155.685,-11.280,155.618,-1.625,-0.107,-0.065,0.003,0.89,-1.44,92.30
29,-1.187,1.123,2.35,-11.466,155.685,-11.286,155.614,-1.626,-0.107,-0.058,0.003,0.86,-1.44,92.30
29,-1.187,1.123,2.40,-11.466,155.685,-11.289,155.612,-1.626,-0.107,-0.055,0.003,0.82,-1.44,92.31
29,-1.187,1.123,2.45,-11.466,155.685,-11.296,155.609,-1.627,-0.106,-0.047,0.004,0.79,-1.44,92.32
29,-1.187,1.123,2.50,-11.466,155.685,-11.299,155.607,-1.627,-0.106,-0.044,0.004,0.76,-1.44,92.33
29,-1.187,1.123,2.55,-11.466,155.685,-11.306,155.604,-1.628,-0.105,-0.038,0.005,0.73,-1.44,92.34
29,-1.187,1.123,2.60,-11.466,155.685,-11.309,155.603,-1.628,-0.104,-0.036,0.005,0.69,-1.43,92.35
29,-1.187,1.123,2.65,-11.466,155.685,-11.316,155.599,-1.629,-0.103,-0.030,0.006,0.67,-1.43,92.36
29,-1.187,1.123,2.70,-11.466,155.685,-11.319,155.598,-1.629,-0.102,-0.027,0.007,0.63,-1.42,92.37
29,-1.187,1.123,2.75,-11.466,155.685,-11.324,155.596,-1.629,-0.100,-0.022,0.007,0.61,-1.42,92.38
29,-1.187,1.123,2.80,-11.466,155.685,-11.327,155.595,-1.629,-0.099,-0.019,0.007,0.58,-1.41,92.38
29,-1.187,1.123,2.85,-11.466,155.685,-11.333,155.593,-1.628,-0.096,-0.013,0.008,0.55,-1.41,92.38
29,-1.187,1.123,2.90,-11.466,155.685,-11.336,155.593,-1.628,-0.095,-0.011,0.008,0.53,-1.40,92.38
29,-1.187,1.123,2.95,-11.466,155.685,-11.342,155.592,-1.627,-0.092,-0.005,0.008,0.51,-1.39,92.38
29,-1.187,1.123,3.00,-11.466,155.685,-11.344,155.592,-1.627,-0.091,-0.003,0.007,0.49,-1.38,92.37
29,-1.187,1.123,3.05,-11.466,155.685,-11.350,155.593,-1.626,-0.088,0.003,0.007,0.48,-1.36,92.36
29,-1.187,1.123,3.10,-11.466,155.685,-11.353,155.593,-1.626,-0.086,0.005,0.007,0.46,-1.34,92.36
29,-1.187,1.123,3.15,-11.466,155.685,-11.358,155.593,-1.626,-0.083,0.009,0.006,0.45,-1.33,92.35
29,-1.187,1.123,3.20,-11.466,155.685,-11.360,155.593,-1.625,-0.082,0.011,0.006,0.44,-1.30,92.35
29,-1.187,1.123,3.25,-11.466,155.685,-11.366,155.593,-1.625,-0.078,0.015,0.005,0.43,-1.28,92.35
29,-1.187,1.123,3.30,-11.466,155.685,-11.368,155.593,-1.625,-0.077,0.016,0.005,0.42,-1.26,92.36
29,-1.187,1.123,3.35,-11.466,155.685,-11.373,155.593,-1.625,-0.074,0.019,0.005,0.41,-1.24,92.36
29,-1.187,1.123,3.40,-11.466,155.685,-11.375,155.594,-1.624,-0.072,0.020,0.005,0.40,-1.23,92.36
29,-1.187,1.123,3.45,-11.466,155.685,-11.379,155.594,-1.624,-0.068,0.023,0.004,0.39,-1.22,92.36
29,-1.187,1.123,3.50,-11.466,155.685,-11.381,155.595,-1.623,-0.066,0.024,0.004,0.38,-1.20,92.36
29,-1.187,1.123,3.55,-11.466,155.685,-11.385,155.595,-1.622,-0.062,0.026,0.003,0.37,-1.19,92.36
29,-1.187,1.123,3.60,-11.466,155.685,-11.386,155.595,-1.622,-0.061,0.027,0.003,0.37,-1.18,92.36
29,-1.187,1.123,3.65,-11.466,155.685,-11.389,155.596,-1.621,-0.056,0.029,0.002,0.37,-1.17,92.35
29,-1.187,1.123,3.70,-11.466,155.685,-11.390,155.597,-1.621,-0.054,0.029,0.002,0.37,-1.16,92.35
29,-1.187,1.123,3.75,-11.466,155.685,-11.392,155.598,-1.621,-0.050,0.031,0.001,0.38,-1.15,92.34
29,-1.187,1.123,3.80,-11.466,155.685,-11.393,155.599,-1.620,-0.048,0.032,0.001,0.39,-1.14,92.34
29,-1.187,1.123,3.85,-11.466,155.685,-11.394,155.600,-1.620,-0.043,0.034,0.000,0.40,-1.13,92.33
29,-1.187,1.123,3.90,-11.466,155.685,-11.394,155.601,-1.620,-0.041,0.035,-0.000,0.42,-1.12,92.31
29,-1.187,1.123,3.95,-11.466,155.685,-11.394,155.604,-1.619,-0.037,0.036,-0.001,0.43,-1.11,92.30
29,-1.187,1.123,4.00,-11.466,155.685,-11.394,155.605,-1.619,-0.035,0.037,-0.001,0.46,-1.10,92.29
29,-1.187,1.123,4.05,-11.466,155.685,-11.393,155.608,-1.619,-0.031,0.039,-0.002,0.48,-1.08,92.29
29,-1.187,1.123,4.10,-11.466,155.685,-11.393,155.610,-1.618,-0.029,0.040,-0.002,0.52,-1.06,92.28
29,-1.187,1.123,4.15,-11.466,155.685,-11.392,155.613,-1.618,-0.025,0.041,-0.002,0.54,-1.04,92.27
29,-1.187,1.123,4.20,-11.466,155.685,-11.391,155.615,-1.618,-0.024,0.042,-0.003,0.58,-1.02,92.27
29,-1.187,1.123,4.25,-11.466,155.685,-11.390,155.618,-1.618,-0.021,0.043,-0.003,0.61,-1.00,92.27
29,-1.187,1.123,4.30,-11.466,155.685,-11.390,155.620,-1.618,-0.021,0.043,-0.003,0.64,-0.97,92.27
29,-1.187,1.123,4.35,-11.466,155.685,-11.389,155.623,-1.618,-0.020,0.042,-0.004,0.67,-0.95,92.28
29,-1.187,1.123,4.40,-11.466,155.685,-11.389,155.624,-1.618,-0.020,0.042,-0.003,0.70,-0.92,92.29
29,-1.187,1.123,4.45,-11.466,155.685,-11.389,155.627,-1.618,-0.020,0.041,-0.004,0.73,-0.91,92.30
29,-1.187,1.123,4.50,-11.466,155.685,-11.389,155.629,-1.618,-0.020,0.041,-0.004,0.75,-0.89,92.31
29,-1.187,1.123,4.55,-11.466,155.685,-11.390,155.631,-1.618,-0.022,0.039,-0.004,0.76,-0.88,92.32
29,-1.187,1.123,4.60,-11.466,155.685,-11.391,155.632,-1.618,-0.022,0.039,-0.004,0.76,-0.86,92.34
29,-1.187,1.123,4.65,-11.466,155.685,-11.393,155.635,-1.618,-0.024,0.037,-0.004,0.77,-0.86,92.35
29,-1.187,1.123,4.70,-11.466,155.685,-11.393,155.636,-1.619,-0.025,0.036,-0.003,0.76,-0.85,92.36
29,-1.187,1.123,4.75,-11.466,155.685,-11.395,155.638,-1.619,-0.026,0.034,-0.003,0.75,-0.84,92.37
29,-1.187,1.123,4.80,-11.466,155.685,-11.396,155.639,-1.620,-0.027,0.033,-0.003,0.73,-0.84,92.38
29,-1.187,1.123,4.85,-11.466,155.685,-11.397,155.641,-1.620,-0.027,0.031,-0.002,0.72,-0.83,92.38
29,-1.187,1.123,4.90,-11.466,155.685,-11.398,155.641,-1.620,-0.027,0.029,-0.002,0.70,-0.83,92.38
29,-1.187,1.123,4.95,-11.466,155.685,-11.399,155.642,-1.620,-0.027,0.027,-0.002,0.69,-0.83,92.37
29,-1.187,1.123,5.00,-11.466,155.685,-11.399,155.643,-1.620,-0.027,0.026,-0.001,0.67,-0.84,92.36
29,-1.187,1.123,5.05,-11.466,155.685,-11.400,155.644,-1.620,-0.026,0.024,-0.001,0.67,-0.85,92.36
29,-1.187,1.123,5.10,-11.466,155.685,-11.400,155.644,-1.620,-0.025,0.023,-0.001,0.66,-0.85,92.35
29,-1.187,1.123,5.15,-11.466,155.685,-11.401,155.645,-1.620,-0.025,0.021,-0.001,0.66,-0.86,92.34
29,-1.187,1.123,5.20,-11.466,155.685,-11.401,155.646,-1.620,-0.024,0.020,-0.001,0.67,-0.87,92.34
29,-1.187,1.123,5.25,-11.466,155.685,-11.401,155.646,-1.620,-0.023,0.018,-0.001,0.67,-0.88,92.33
29,-1.187,1.123,5.30,-11.466,155.685,-11.402,155.647,-1.621,-0.023,0.017,-0.001,0.68,-0.89,92.32
29,-1.187,1.123,5.35,-11.466,155.685,-11.402,155.647,-1.621,-0.022,0.016,-0.001,0.68,-0.90,92.32
29,-1.187,1.123,5.40,-11.466,155.685,-11.402,155.647,-1.622,-0.022,0.015,-0.001,0.69,-0.91,92.31
29,-1.187,1.123,5.45,-11.466,155.685,-11.404,155.646,-1.622,-0.022,0.013,-0.001,0.70,-0.92,92.31
29,-1.187,1.123,5.50,-11.466,155.685,-11.404,155.646,-1.623,-0.022,0.012,-0.001,0.70,-0.93,92.31
29,-1.187,1.123,5.55,-11.466,155.685,-11.405,155.646,-1.623,-0.022,0.011,-0.000,0.71,-0.95,92.30
29,-1.187,1.123,5.60,-11.466,155.685,-11.406,155.646,-1.624,-0.023,0.010,0.000,0.71,-0.96,92.30
29,-1.187,1.123,5.65,-11.466,155.685,-11.408,155.646,-1.624,-0.023,0.010,0.001,0.70,-0.97,92.30
29,-1.187,1.123,5.70,-11.466,155.685,-11.409,155.646,-1.624,-0.024,0.010,0.001,0.70,-0.98,92.30
29,-1.187,1.123,5.75,-11.466,155.685,-11.411,155.647,-1.624,-0.025,0.010,0.002,0.69,-0.99,92.31
29,-1.187,1.123,5.80,-11.466,155.685,-11.412,155.647,-1.624,-0.025,0.010,0.002,0.67,-1.00,92.31
29,-1.187,1.123,5.85,-11.466,155.685,-11.414,155.647,-1.624,-0.025,0.010,0.003,0.66,-1.00,92.32
29,-1.187,1.123,5.90,-11.466,155.685,-11.414,155.647,-1.624,-0.025,0.011,0.003,0.65,-1.00,92.32
29,-1.187,1.123,5.95,-11.466,155.685,-11.416,155.648,-1.625,-0.024,0.011,0.003,0.63,-1.00,92.33
29,-1.187,1.123,6.00,-11.466,155.685,-11.416,155.648,-1.625,-0.024,0.011,0.003,0.62,-1.00,92.33
29,-1.187,1.123,6.05,-11.466,155.685,-11.418,155.648,-1.626,-0.023,0.011,0.003,0.61,-1.00,92.33
29,-1.187,1.123,6.10,-11.466,155.685,-11.419,155.649,-1.626,-0.023,0.011,0.003,0.61,-1.00,92.34
29,-1.187,1.123,6.15,-11.466,155.685,-11.420,155.649,-1.627,-0.022,0.011,0.004,0.60,-1.00,92.34
29,-1.187,1.123,6.20,-11.466,155.685,-11.421,155.649,-1.627,-0.021,0.012,0.004,0.60,-1.00,92.34
29,-1.187,1.123,6.25,-11.466,155.685,-11.422,155.650,-1.629,-0.020,0.012,0.005,0.60,-1.00,92.35
29,-1.187,1.123,6.30,-11.466,155.685,-11.423,155.651,-1.629,-0.020,0.012,0.005,0.60,-0.99,92.35
29,-1.187,1.123,6.35,-11.466,155.685,-11.424,155.651,-1.630,-0.020,0.012,0.006,0.60,-0.99,92.35
29,-1.187,1.123,6.40,-11.466,155.685,-11.425,155.651,-1.631,-0.019,0.012,0.007,0.60,-0.99,92.34
29,-1.187,1.123,6.45,-11.466,155.685,-11.428,155.651,-1.631,-0.020,0.011,0.008,0.60,-0.98,92.34
29,-1.187,1.123,6.50,-11.466,155.685,-11.429,155.651,-1.632,-0.020,0.011,0.009,0.59,-0.98,92.33
29,-1.187,1.123,6.55,-11.466,155.685,-11.432,155.651,-1.632,-0.020,0.010,0.010,0.58,-0.98,92.32
29,-1.187,1.123,6.60,-11.466,155.685,-11.433,155.651,-1.632,-0.020,0.010,0.010,0.57,-0.99,92.32
29,-1.187,1.123,6.65,-11.466,155.685,-11.436,155.651,-1.633,-0.020,0.010,0.011,0.56,-0.99,92.31
29,-1.187,1.123,6.70,-11.466,155.685,-11.437,155.651,-1.633,-0.020,0.010,0.011,0.54,-1.00,92.30
29,-1.187,1.123,6.75,-11.466,155.685,-11.440,155.651,-1.633,-0.020,0.009,0.012,0.53,-1.00,92.30
29,-1.187,1.123,6.80,-11.466,155.685,-11.441,155.651,-1.633,-0.020,0.009,0.012,0.51,-1.01,92.30
29,-1.187,1.123,6.85,-11.466,155.685,-11.444,155.651,-1.633,-0.019,0.009,0.012,0.49,-1.01,92.30
29,-1.187,1.123,6.90,-11.466,155.685,-11.445,155.651,-1.633,-0.019,0.009,0.012,0.48,-1.01,92.30
29,-1.187,1.123,6.95,-11.466,155.685,-11.447,155.651,-1.633,-0.018,0.009,0.012,0.47,-1.02,92.30
29,-1.187,1.123,7.00,-11.466,155.685,-11.449,155.652,-1.634,-0.017,0.009,0.013,0.45,-1.02,92.30
29,-1.187,1.123,7.05,-11.466,155.685,-11.451,155.652,-1.633,-0.015,0.009,0.013,0.44,-1.02,92.30
29,-1.187,1.123,7.10,-11.466,155.685,-11.452,155.652,-1.633,-0.014,0.009,0.013,0.43,-1.02,92.30
29,-1.187,1.123,7.15,-11.466,155.685,-11.453,155.652,-1.632,-0.013,0.010,0.013,0.42,-1.02,92.30
29,-1.187,1.123,7.20,-11.466,155.685,-11.454,155.653,-1.632,-0.012,0.010,0.013,0.41,-1.02,92.31
29,-1.187,1.123,7.25,-11.466,155.685,-11.455,155.653,-1.631,-0.009,0.011,0.012,0.41,-1.02,92.31
29,-1.187,1.123,7.30,-11.466,155.685,-11.455,155.654,-1.631,-0.008,0.011,0.012,0.41,-1.02,92.31
29,-1.187,1.123,7.35,-11.466,155.685,-11.455,155.655,-1.630,-0.005,0.012,0.011,0.41,-1.02,92.32
29,-1.187,1.123,7.40,-11.466,155.685,-11.455,155.656,-1.630,-0.004,0.012,0.011,0.42,-1.01,92.32
29,-1.187,1.123,7.45,-11.466,155.685,-11.455,155.657,-1.629,-0.001,0.013,0.010,0.43,-1.00,92.33
29,-1.187,1.123,7.50,-11.466,155.685,-11.455,155.657,-1.629,-0.000,0.013,0.009,0.45,-0.99,92.33
29,-1.187,1.123,7.55,-11.466,155.685,-11.455,155.658,-1.628,0.002,0.013,0.009,0.46,-0.99,92.34
29,-1.187,1.123,7.60,-11.466,155.685,-11.454,155.659,-1.628,0.003,0.013,0.008,0.48,-0.98,92.34
29,-1.187,1.123,7.65,-11.466,155.685,-11.453,155.660,-1.628,0.006,0.012,0.008,0.50,-0.97,92.34
29,-1.187,1.123,7.70,-11.466,155.685,-11.452,155.660,-1.628,0.007,0.012,0.007,0.52,-0.97,92.34
29,-1.187,1.123,7.75,-11.466,155.685,-11.450,155.661,-1.627,0.009,0.011,0.007,0.54,-0.96,92.34
29,-1.187,1.123,7.80,-11.466,155.685,-11.449,155.661,-1.627,0.010,0.011,0.007,0.56,-0.96,92.33
29,-1.187,1.123,7.85,-11.466,155.685,-11.446,155.662,-1.627,0.012,0.011,0.006,0.59,-0.96,92.33
29,-1.187,1.123,7.90,-11.466,155.685,-11.444,155.663,-1.627,0.012,0.010,0.006,0.62,-0.96,92.33
29,-1.187,1.123,7.95,-11.466,155.685,-11.441,155.663,-1.627,0.014,0.010,0.006,0.65,-0.96,92.33
30,-6.307,-7.624,0.00,-11.466,155.685,-11.472,155.682,-1.621,-0.002,0.018,-0.001,0.41,-0.87,92.32
30,-6.307,-7.624,0.05,-11.466,155.685,-11.472,155.684,-1.622,-0.000,0.017,-0.001,0.43,-0.85,92.32
30,-6.307,-7.624,0.10,-11.466,155.685,-11.472,155.687,-1.622,0.003,0.017,-0.000,0.44,-0.84,92.32
30,-6.307,-7.624,0.15,-11.466,155.685,-11.471,155.688,-1.622,0.004,0.016,-0.000,0.47,-0.82,92.32
30,-6.307,-7.624,0.20,-11.466,155.685,-11.470,155.691,-1.622,0.007,0.014,-0.000,0.49,-0.81,92.32
30,-6.307,-7.624,0.25,-11.466,155.685,-11.470,155.692,-1.622,0.009,0.013,0.000,0.52,-0.79,92.32
30,-6.307,-7.624,0.30,-11.466,155.685,-11.469,155.694,-1.622,0.011,0.011,0.000,0.54,-0.79,92.32
30,-6.307,-7.624,0.35,-11.466,155.685,-11.468,155.695,-1.622,0.012,0.010,0.000,0.57,-0.78,92.32
30,-6.307,-7.624,0.40,-11.466,155.685,-11.467,155.697,-1.622,0.013,0.008,0.000,0.59,-0.77,92.32
30,-6.307,-7.624,0.45,-11.466,155.685,-11.467,155.698,-1.622,0.013,0.007,0.001,0.62,-0.77,92.33
30,-6.307,-7.624,0.50,-11.466,155.685,-11.466,155.699,-1.621,0.014,0.005,0.001,0.63,-0.77,92.33
30,-6.307,-7.624,0.55,-11.466,155.685,-11.465,155.700,-1.621,0.014,0.004,0.001,0.65,-0.77,92.33
30,-6.307,-7.624,0.60,-11.466,155.685,-11.464,155.701,-1.620,0.014,0.001,0.001,0.66,-0.77,92.32
30,-6.307,-7.624,0.65,-11.466,155.685,-11.464,155.701,-1.619,0.014,-0.000,0.000,0.68,-0.77,92.32
30,-6.307,-7.624,0.70,-11.466,155.685,-11.463,155.701,-1.618,0.013,-0.003,-0.000,0.69,-0.77,92.32
30,-6.307,-7.624,0.75,-11.466,155.685,-11.463,155.701,-1.618,0.013,-0.005,-0.001,0.69,-0.78,92.32
30,-6.307,-7.624,0.80,-11.466,155.685,-11.463,155.701,-1.617,0.012,-0.008,-0.002,0.70,-0.79,92.32
30,-6.307,-7.624,0.85,-11.466,155.685,-11.463,155.701,-1.616,0.012,-0.009,-0.002,0.70,-0.81,92.31
30,-6.307,-7.624,0.90,-11.466,155.685,-11.463,155.700,-1.616,0.011,-0.011,-0.003,0.70,-0.82,92.31
30,-6.307,-7.624,0.95,-11.466,155.685,-11.463,155.700,-1.616,0.010,-0.012,-0.003,0.70,-0.84,92.30
30,-6.307,-7.624,1.00,-11.466,155.685,-11.464,155.700,-1.615,0.008,-0.014,-0.005,0.70,-0.86,92.30
30,-6.307,-7.624,1.05,-11.466,155.685,-11.464,155.700,-1.615,0.007,-0.014,-0.005,0.69,-0.88,92.30
30,-6.307,-7.624,1.10,-11.466,155.685,-11.465,155.700,-1.616,0.006,-0.014,-0.005,0.68,-0.89,92.30
30,-6.307,-7.624,1.15,-11.466,155.685,-11.466,155.700,-1.616,0.005,-0.015,-0.006,0.67,-0.90,92.30
30,-6.307,-7.624,1.20,-11.466,155.685,-11.467,155.701,-1.617,0.004,-0.015,-0.006,0.66,-0.90,92.30
30,-6.307,-7.624,1.25,-11.466,155.685,-11.468,155.701,-1.618,0.003,-0.015,-0.006,0.64,-0.91,92.30
30,-6.307,-7.624,1.30,-11.466,155.685,-11.470,155.700,-1.619,0.002,-0.015,-0.005,0.63,-0.91,92.30
30,-6.307,-7.624,1.35,-11.466,155.685,-11.470,155.700,-1.620,0.002,-0.016,-0.005,0.61,-0.91,92.30
30,-6.307,-7.624,1.40,-11.466,155.685,-11.472,155.700,-1.622,0.001,-0.016,-0.004,0.59,-0.91,92.30
30,-6.307,-7.624,1.45,-11.466,155.685,-11.472,155.699,-1.623,0.001,-0.016,-0.003,0.57,-0.91,92.30
30,-6.307,-7.624,1.50,-11.466,155.685,-11.474,155.699,-1.624,0.001,-0.017,-0.002,0.56,-0.92,92.30
30,-6.307,-7.624,1.55,-11.466,155.685,-11.474,155.699,-1.624,0.001,-0.017,-0.001,0.54,-0.93,92.30
30,-6.307,-7.624,1.60,-11.466,155.685,-11.475,155.698,-1.625,0.001,-0.018,0.001,0.53,-0.93,92.31
30,-6.307,-7.624,1.65,-11.466,155.685,-11.476,155.698,-1.626,0.001,-0.018,0.001,0.52,-0.94,92.31
30,-6.307,-7.624,1.70,-11.466,155.685,-11.476,155.697,-1.626,0.002,-0.018,0.002,0.51,-0.94,92.31
30,-6.307,-7.624,1.75,-11.466,155.685,-11.476,155.697,-1.626,0.003,-0.018,0.003,0.50,-0.95,92.31
30,-6.307,-7.624,1.80,-11.466,155.685,-11.476,155.697,-1.626,0.004,-0.017,0.004,0.50,-0.96,92.31
30,-6.307,-7.624,1.85,-11.466,155.685,-11.476,155.697,-1.626,0.005,-0.017,0.005,0.50,-0.96,92.32
30,-6.307,-7.624,1.90,-11.466,155.685,-11.475,155.697,-1.626,0.007,-0.016,0.005,0.50,-0.96,92.32
30,-6.307,-7.624,1.95,-11.466,155.685,-11.475,155.697,-1.626,0.007,-0.016,0.005,0.51,-0.96,92.33
30,-6.307,-7.624,2.00,-11.466,155.685,-11.473,155.698,-1.627,0.009,-0.015,0.005,0.52,-0.96,92.33
30,-6.307,-7.624,2.05,-11.466,155.685,-11.473,155.698,-1.627,0.010,-0.014,0.005,0.53,-0.96,92.34
30,-6.307,-7.624,2.10,-11.466,155.685,-11.471,155.699,-1.627,0.011,-0.013,0.005,0.54,-0.95,92.34
30,-6.307,-7.624,2.15,-11.466,155.685,-11.471,155.699,-1.627,0.012,-0.013,0.005,0.56,-0.95,92.35
30,-6.307,-7.624,2.20,-11.466,155.685,-11.469,155.700,-1.627,0.013,-0.012,0.006,0.58,-0.94,92.35
30,-6.307,-7.624,2.25,-11.466,155.685,-11.468,155.701,-1.627,0.013,-0.012,0.006,0.60,-0.93,92.35
30,-6.307,-7.624,2.30,-11.466,155.685,-11.466,155.702,-1.626,0.014,-0.011,0.006,0.61,-0.92,92.36
30,-6.307,-7.624,2.35,-11.466,155.685,-11.465,155.702,-1.626,0.015,-0.011,0.006,0.64,-0.91,92.36
30,-6.307,-7.624,2.40,-11.466,155.685,-11.463,155.702,-1.625,0.015,-0.011,0.005,0.66,-0.90,92.36
30,-6.307,-7.624,2.45,-11.466,155.685,-11.462,155.702,-1.625,0.015,-0.011,0.005,0.68,-0.89,92.36
30,-6.307,-7.624,2.50,-11.466,155.685,-11.460,155.703,-1.625,0.015,-0.011,0.005,0.69,-0.88,92.36
30,-6.307,-7.624,2.55,-11.466,155.685,-11.459,155.702,-1.625,0.015,-0.011,0.005,0.72,-0.87,92.36
30,-6.307,-7.624,2.60,-11.466,155.685,-11.456,155.702,-1.625,0.016,-0.012,0.004,0.73,-0.87,92.35
30,-6.307,-7.624,2.65,-11.466,155.685,-11.455,155.702,-1.624,0.015,-0.013,0.004,0.75,-0.87,92.35
30,-6.307,-7.624,2.70,-11.466,155.685,-11.452,155.701,-1.624,0.015,-0.014,0.003,0.77,-0.88,92.35
30,-6.307,-7.624,2.75,-11.466,155.685,-11.451,155.701,-1.624,0.015,-0.015,0.003,0.79,-0.88,92.35
30,-6.307,-7.624,2.80,-11.466,155.685,-11.448,155.699,-1.624,0.014,-0.016,0.003,0.80,-0.89,92.34
30,-6.307,-7.624,2.85,-11.466,155.685,-11.446,155.699,-1.623,0.014,-0.017,0.003,0.83,-0.90,92.34
30,-6.307,-7.624,2.90,-11.466,155.685,-11.444,155.697,-1.623,0.013,-0.018,0.003,0.84,-0.92,92.33
30,-6.307,-7.624,2.95,-11.466,155.685,-11.443,155.696,-1.623,0.012,-0.019,0.003,0.86,-0.94,92.33
30,-6.307,-7.624,3.00,-11.466,155.685,-11.442,155.693,-1.623,0.010,-0.021,0.002,0.87,-0.95,92.32
30,-6.307,-7.624,3.05,-11.466,155.685,-11.441,155.692,-1.623,0.009,-0.022,0.002,0.88,-0.98,92.32
30,-6.307,-7.624,3.10,-11.466,155.685,-11.440,155.689,-1.623,0.006,-0.023,0.002,0.89,-1.00,92.31
30,-6.307,-7.624,3.15,-11.466,155.685,-11.439,155.687,-1.623,0.005,-0.023,0.002,0.89,-1.03,92.31
30,-6.307,-7.624,3.20,-11.466,155.685,-11.438,155.684,-1.623,0.002,-0.024,0.001,0.89,-1.05,92.31
30,-6.307,-7.624,3.25,-11.466,155.685,-11.438,155.683,-1.623,0.001,-0.024,0.001,0.88,-1.08,92.30
30,-6.307,-7.624,3.30,-11.466,155.685,-11.437,155.680,-1.622,-0.001,-0.024,0.001,0.88,-1.10,92.30
30,-6.307,-7.624,3.35,-11.466,155.685,-11.437,155.679,-1.622,-0.003,-0.024,0.001,0.87,-1.13,92.30
30,-6.307,-7.624,3.40,-11.466,155.685,-11.437,155.676,-1.622,-0.005,-0.023,0.001,0.86,-1.15,92.30
30,-6.307,-7.624,3.45,-11.466,155.685,-11.437,155.674,-1.622,-0.006,-0.022,0.001,0.85,-1.17,92.30
30,-6.307,-7.624,3.50,-11.466,155.685,-11.438,155.672,-1.622,-0.009,-0.021,0.000,0.84,-1.19,92.31
30,-6.307,-7.624,3.55,-11.466,155.685,-11.438,155.670,-1.622,-0.010,-0.021,0.000,0.82,-1.21,92.31
30,-6.307,-7.624,3.60,-11.466,155.685,-11.438,155.667,-1.623,-0.012,-0.019,0.000,0.81,-1.22,92.31
30,-6.307,-7.624,3.65,-11.466,155.685,-11.439,155.666,-1.623,-0.013,-0.018,0.000,0.79,-1.24,92.31
30,-6.307,-7.624,3.70,-11.466,155.685,-11.439,155.664,-1.623,-0.014,-0.016,0.001,0.78,-1.25,92.31
30,-6.307,-7.624,3.75,-11.466,155.685,-11.440,155.663,-1.623,-0.015,-0.015,0.001,0.76,-1.26,92.32
30,-6.307,-7.624,3.80,-11.466,155.685,-11.441,155.661,-1.624,-0.016,-0.012,0.001,0.75,-1.27,92.32
30,-6.307,-7.624,3.85,-11.466,155.685,-11.442,155.661,-1.624,-0.016,-0.011,0.001,0.73,-1.28,92.32
30,-6.307,-7.624,3.90,-11.466,155.685,-11.443,155.660,-1.624,-0.017,-0.007,0.001,0.72,-1.28,92.32
30,-6.307,-7.624,3.95,-11.466,155.685,-11.443,155.660,-1.624,-0.017,-0.006,0.001,0.71,-1.27,92.32
30,-6.307,-7.624,4.00,-11.466,155.685,-11.444,155.660,-1.624,-0.018,-0.002,0.002,0.69,-1.27,92.32
30,-6.307,-7.624,4.05,-11.466,155.685,-11.445,155.661,-1.624,-0.018,0.000,0.002,0.68,-1.25,92.31
30,-6.307,-7.624,4.10,-11.466,155.685,-11.445,155.661,-1.624,-0.018,0.004,0.002,0.68,-1.24,92.31
30,-6.307,-7.624,4.15,-11.466,155.685,-11.446,155.662,-1.624,-0.017,0.005,0.002,0.67,-1.22,92.31
30,-6.307,-7.624,4.20,-11.466,155.685,-11.447,155.664,-1.623,-0.017,0.009,0.002,0.66,-1.20,92.30
30,-6.307,-7.624,4.25,-11.466,155.685,-11.447,155.665,-1.623,-0.017,0.011,0.002,0.66,-1.17,92.30
30,-6.307,-7.624,4.30,-11.466,155.685,-11.448,155.666,-1.622,-0.017,0.013,0.002,0.66,-1.15,92.30
30,-6.307,-7.624,4.35,-11.466,155.685,-11.448,155.667,-1.622,-0.017,0.015,0.002,0.66,-1.11,92.30
30,-6.307,-7.624,4.40,-11.466,155.685,-11.449,155.670,-1.621,-0.017,0.017,0.001,0.66,-1.09,92.30
30,-6.307,-7.624,4.45,-11.466,155.685,-11.450,155.670,-1.621,-0.017,0.018,0.001,0.65,-1.05,92.30
30,-6.307,-7.624,4.50,-11.466,155.685,-11.451,155.672,-1.620,-0.017,0.019,0.001,0.65,-1.03,92.30
30,-6.307,-7.624,4.55,-11.466,155.685,-11.451,155.673,-1.620,-0.017,0.019,0.000,0.64,-1.00,92.31
30,-6.307,-7.624,4.60,-11.466,155.685,-11.452,155.675,-1.619,-0.017,0.019,-0.000,0.64,-0.98,92.31
30,-6.307,-7.624,4.65,-11.466,155.685,-11.453,155.676,-1.619,-0.017,0.019,-0.000,0.63,-0.96,92.31
30,-6.307,-7.624,4.70,-11.466,155.685,-11.453,155.677,-1.618,-0.016,0.019,-0.001,0.63,-0.94,92.31
30,-6.307,-7.624,4.75,-11.466,155.685,-11.454,155.678,-1.617,-0.016,0.019,-0.001,0.62,-0.92,92.32
30,-6.307,-7.624,4.80,-11.466,155.685,-11.455,155.679,-1.616,-0.016,0.018,-0.002,0.62,-0.91,92.32
30,-6.307,-7.624,4.85,-11.466,155.685,-11.455,155.679,-1.615,-0.016,0.017,-0.003,0.61,-0.90,92.33
30,-6.307,-7.624,4.90,-11.466,155.685,-11.456,155.680,-1.614,-0.015,0.016,-0.004,0.61,-0.89,92.33
30,-6.307,-7.624,4.95,-11.466,155.685,-11.456,155.680,-1.613,-0.015,0.015,-0.005,0.61,-0.89,92.33
30,-6.307,-7.624,5.00,-11.466,155.685,-11.456,155.681,-1.611,-0.014,0.013,-0.006,0.60,-0.89,92.34
30,-6.307,-7.624,5.05,-11.466,155.685,-11.456,155.681,-1.611,-0.014,0.012,-0.007,0.60,-0.89,92.34
30,-6.307,-7.624,5.10,-11.466,155.685,-11.456,155.680,-1.609,-0.012,0.010,-0.008,0.60,-0.89,92.34
30,-6.307,-7.624,5.15,-11.466,155.685,-11.455,155.680,-1.609,-0.012,0.009,-0.009,0.60,-0.90,92.34
30,-6.307,-7.624,5.20,-11.466,155.685,-11.454,155.680,-1.607,-0.010,0.007,-0.011,0.60,-0.91,92.34
30,-6.307,-7.624,5.25,-11.466,155.685,-11.453,155.679,-1.607,-0.009,0.006,-0.011,0.61,-0.92,92.34
30,-6.307,-7.624,5.30,-11.466,155.685,-11.452,155.679,-1.606,-0.007,0.004,-0.013,0.62,-0.93,92.33
30,-6.307,-7.624,5.35,-11.466,155.685,-11.451,155.679,-1.605,-0.006,0.004,-0.013,0.64,-0.95,92.33
30,-6.307,-7.624,5.40,-11.466,155.685,-11.450,155.679,-1.605,-0.004,0.003,-0.015,0.66,-0.97,92.32
30,-6.307,-7.624,5.45,-11.466,155.685,-11.449,155.678,-1.604,-0.004,0.003,-0.015,0.68,-0.98,92.32
30,-6.307,-7.624,5.50,-11.466,155.685,-11.448,155.678,-1.604,-0.003,0.002,-0.016,0.70,-0.99,92.32
30,-6.307,-7.624,5.55,-11.466,155.685,-11.447,155.678,-1.604,-0.003,0.002,-0.016,0.73,-1.00,92.31
30,-6.307,-7.624,5.60,-11.466,155.685,-11.446,155.678,-1.604,-0.003,0.002,-0.017,0.74,-1.01,92.31
30,-6.307,-7.624,5.65,-11.466,155.685,-11.446,155.678,-1.604,-0.004,0.002,-0.018,0.76,-1.02,92.31
30,-6.307,-7.624,5.70,-11.466,155.685,-11.446,155.678,-1.604,-0.005,0.003,-0.018,0.77,-1.02,92.31
30,-6.307,-7.624,5.75,-11.466,155.685,-11.446,155.678,-1.604,-0.006,0.003,-0.018,0.78,-1.02,92.31
30,-6.307,-7.624,5.80,-11.466,155.685,-11.447,155.678,-1.604,-0.008,0.003,-0.019,0.78,-1.02,92.31
30,-6.307,-7.624,5.85,-11.466,155.685,-11.447,155.677,-1.605,-0.008,0.003,-0.019,0.78,-1.02,92.31
30,-6.307,-7.624,5.90,-11.466,155.685,-11.448,155.677,-1.605,-0.010,0.002,-0.019,0.77,-1.02,92.31
30,-6.307,-7.624,5.95,-11.466,155.685,-11.449,155.677,-1.606,-0.011,0.002,-0.018,0.76,-1.03,92.32
30,-6.307,-7.624,6.00,-11.466,155.685,-11.450,155.677,-1.607,-0.013,0.002,-0.018,0.75,-1.03,92.32
30,-6.307,-7.624,6.05,-11.466,155.685,-11.451,155.677,-1.607,-0.013,0.002,-0.018,0.73,-1.03,92.32
30,-6.307,-7.624,6.10,-11.466,155.685,-11.451,155.677,-1.609,-0.014,0.003,-0.017,0.71,-1.04,92.32
30,-6.307,-7.624,6.15,-11.466,155.685,-11.452,155.677,-1.609,-0.014,0.003,-0.017,0.69,-1.03,92.32
30,-6.307,-7.624,6.20,-11.466,155.685,-11.453,155.678,-1.611,-0.015,0.004,-0.016,0.68,-1.03,92.32
30,-6.307,-7.624,6.25,-11.466,155.685,-11.453,155.678,-1.612,-0.015,0.004,-0.015,0.66,-1.03,92.32
30,-6.307,-7.624,6.30,-11.466,155.685,-11.455,155.678,-1.613,-0.015,0.004,-0.014,0.65,-1.03,92.33
30,-6.307,-7.624,6.35,-11.466,155.685,-11.455,155.679,-1.613,-0.015,0.004,-0.013,0.64,-1.02,92.32
30,-6.307,-7.624,6.40,-11.466,155.685,-11.456,155.679,-1.614,-0.015,0.005,-0.011,0.63,-1.02,92.32
30,-6.307,-7.624,6.45,-11.466,155.685,-11.456,155.680,-1.614,-0.015,0.005,-0.011,0.62,-1.01,92.32
30,-6.307,-7.624,6.50,-11.466,155.685,-11.457,155.680,-1.614,-0.014,0.005,-0.009,0.62,-1.00,92.32
30,-6.307,-7.624,6.55,-11.466,155.685,-11.458,155.680,-1.614,-0.014,0.005,-0.009,0.61,-1.00,92.32
30,-6.307,-7.624,6.60,-11.466,155.685,-11.459,155.680,-1.614,-0.013,0.005,-0.008,0.61,-0.99,92.32
30,-6.307,-7.624,6.65,-11.466,155.685,-11.459,155.680,-1.614,-0.013,0.004,-0.008,0.61,-0.99,92.32
30,-6.307,-7.624,6.70,-11.466,155.685,-11.459,155.679,-1.614,-0.013,0.004,-0.007,0.60,-0.99,92.32
30,-6.307,-7.624,6.75,-11.466,155.685,-11.459,155.679,-1.614,-0.012,0.004,-0.007,0.60,-0.99,92.33
30,-6.307,-7.624,6.80,-11.466,155.685,-11.460,155.679,-1.614,-0.012,0.004,-0.007,0.60,-0.99,92.33
30,-6.307,-7.624,6.85,-11.466,155.685,-11.460,155.679,-1.615,-0.011,0.003,-0.007,0.60,-1.00,92.32
30,-6.307,-7.624,6.90,-11.466,155.685,-11.459,155.679,-1.615,-0.010,0.003,-0.007,0.60,-1.00,92.32
30,-6.307,-7.624,6.95,-11.466,155.685,-11.459,155.679,-1.615,-0.010,0.003,-0.007,0.60,-1.00,92.32
30,-6.307,-7.624,7.00,-11.466,155.685,-11.460,155.678,-1.616,-0.009,0.002,-0.007,0.61,-1.01,92.32
30,-6.307,-7.624,7.05,-11.466,155.685,-11.460,155.678,-1.617,-0.008,0.002,-0.006,0.61,-1.01,92.32
30,-6.307,-7.624,7.10,-11.466,155.685,-11.460,155.677,-1.618,-0.008,0.002,-0.006,0.62,-1.01,92.32
30,-6.307,-7.624,7.15,-11.466,155.685,-11.460,155.676,-1.618,-0.007,0.001,-0.006,0.62,-1.02,92.32
30,-6.307,-7.624,7.20,-11.466,155.685,-11.461,155.675,-1.619,-0.007,0.001,-0.005,0.63,-1.03,92.32
30,-6.307,-7.624,7.25,-11.466,155.685,-11.461,155.674,-1.620,-0.007,0.000,-0.004,0.63,-1.04,92.32
30,-6.307,-7.624,7.30,-11.466,155.685,-11.463,155.672,-1.621,-0.007,-0.000,-0.003,0.63,-1.05,92.32
30,-6.307,-7.624,7.35,-11.466,155.685,-11.463,155.672,-1.621,-0.007,-0.000,-0.003,0.63,-1.07,92.32
30,-6.307,-7.624,7.40,-11.466,155.685,-11.464,155.670,-1.622,-0.007,-0.001,-0.001,0.62,-1.07,92.32
30,-6.307,-7.624,7.45,-11.466,155.685,-11.465,155.669,-1.622,-0.006,-0.001,-0.001,0.62,-1.09,92.32
30,-6.307,-7.624,7.50,-11.466,155.685,-11.465,155.668,-1.623,-0.006,-0.001,0.000,0.61,-1.10,92.32
30,-6.307,-7.624,7.55,-11.466,155.685,-11.466,155.667,-1.623,-0.005,-0.000,0.000,0.60,-1.12,92.32
30,-6.307,-7.624,7.60,-11.466,155.685,-11.466,155.666,-1.623,-0.004,0.000,0.001,0.60,-1.12,92.31
30,-6.307,-7.624,7.65,-11.466,155.685,-11.467,155.666,-1.623,-0.004,0.001,0.002,0.60,-1.14,92.31
30,-6.307,-7.624,7.70,-11.466,155.685,-11.467,155.665,-1.622,-0.003,0.002,0.002,0.60,-1.14,92.31
30,-6.307,-7.624,7.75,-11.466,155.685,-11.468,155.664,-1.622,-0.003,0.002,0.002,0.60,-1.15,92.31
30,-6.307,-7.624,7.80,-11.466,155.685,-11.468,155.664,-1.622,-0.003,0.003,0.002,0.60,-1.16,92.31
30,-6.307,-7.624,7.85,-11.466,155.685,-11.469,155.664,-1.621,-0.003,0.004,0.002,0.60,-1.16,92.31
30,-6.307,-7.624,7.90,-11.466,155.685,-11.469,155.664,-1.621,-0.002,0.006,0.001,0.60,-1.16,92.31
30,-6.307,-7.624,7.95,-11.466,155.685,-11.470,155.664,-1.620,-0.002,0.007,0.001,0.60,-1.16,92.32
31,-2.224,-5.106,0.00,-11.466,155.685,-11.447,155.832,-1.625,-0.058,0.271,0.001,1.89,1.75,92.43
31,-2.224,-5.106,0.05,-11.466,155.685,-11.450,155.841,-1.625,-0.074,0.274,0.001,1.81,2.09,92.48
31,-2.224,-5.106,0.10,-11.466,155.685,-11.459,155.860,-1.625,-0.107,0.277,0.000,1.69,2.38,92.52
31,-2.224,-5.106,0.15,-11.466,155.685,-11.466,155.871,-1.625,-0.129,0.276,-0.000,1.52,2.69,92.58
31,-2.224,-5.106,0.20,-11.466,155.685,-11.479,155.889,-1.624,-0.164,0.270,-0.001,1.32,2.96,92.63
31,-2.224,-5.106,0.25,-11.466,155.685,-11.486,155.898,-1.624,-0.181,0.265,-0.001,1.05,3.23,92.69
31,-2.224,-5.106,0.30,-11.466,155.685,-11.503,155.914,-1.624,-0.213,0.252,-0.002,0.78,3.45,92.74
31,-2.224,-5.106,0.35,-11.466,155.685,-11.514,155.924,-1.624,-0.233,0.241,-0.003,0.45,3.66,92.80
31,-2.224,-5.106,0.40,-11.466,155.685,-11.534,155.937,-1.624,-0.263,0.219,-0.004,0.13,3.83,92.85
31,-2.224,-5.106,0.45,-11.466,155.685,-11.545,155.943,-1.623,-0.276,0.207,-0.004,-0.24,3.97,92.91
31,-2.224,-5.106,0.50,-11.466,155.685,-11.568,155.953,-1.623,-0.301,0.180,-0.005,-0.60,4.07,92.96
31,-2.224,-5.106,0.55,-11.466,155.685,-11.583,155.958,-1.623,-0.314,0.162,-0.006,-1.00,4.15,93.02
31,-2.224,-5.106,0.60,-11.466,155.685,-11.608,155.965,-1.624,-0.331,0.131,-0.007,-1.38,4.18,93.06
31,-2.224,-5.106,0.65,-11.466,155.685,-11.621,155.967,-1.624,-0.338,0.115,-0.007,-1.79,4.18,93.11
31,-2.224,-5.106,0.70,-11.466,155.685,-11.646,155.969,-1.624,-0.348,0.081,-0.008,-2.16,4.16,93.14
31,-2.224,-5.106,0.75,-11.466,155.685,-11.662,155.970,-1.625,-0.352,0.060,-0.008,-2.56,4.09,93.18
31,-2.224,-5.106,0.80,-11.466,155.685,-11.687,155.968,-1.625,-0.355,0.025,-0.008,-2.91,4.00,93.21
31,-2.224,-5.106,0.85,-11.466,155.685,-11.700,155.966,-1.626,-0.354,0.008,-0.008,-3.27,3.88,93.24
31,-2.224,-5.106,0.90,-11.466,155.685,-11.724,155.961,-1.627,-0.350,-0.026,-0.008,-3.58,3.74,93.25
31,-2.224,-5.106,0.95,-11.466,155.685,-11.738,155.957,-1.627,-0.346,-0.046,-0.008,-3.90,3.57,93.26
31,-2.224,-5.106,1.00,-11.466,155.685,-11.760,155.949,-1.629,-0.335,-0.078,-0.007,-4.18,3.39,93.26
31,-2.224,-5.106,1.05,-11.466,155.685,-11.771,155.944,-1.629,-0.328,-0.093,-0.006,-4.45,3.17,93.26
31,-2.224,-5.106,1.10,-11.466,155.685,-11.790,155.932,-1.630,-0.312,-0.122,-0.005,-4.67,2.96,93.25
31,-2.224,-5.106,1.15,-11.466,155.685,-11.802,155.924,-1.630,-0.300,-0.139,-0.005,-4.89,2.72,93.24
31,-2.224,-5.106,1.20,-11.466,155.685,-11.818,155.910,-1.631,-0.279,-0.164,-0.003,-5.06,2.49,93.23
31,-2.224,-5.106,1.25,-11.466,155.685,-11.825,155.903,-1.631,-0.268,-0.175,-0.003,-5.22,2.24,93.21
31,-2.224,-5.106,1.30,-11.466,155.685,-11.838,155.887,-1.631,-0.245,-0.196,-0.002,-5.33,1.99,93.19
31,-2.224,-5.106,1.35,-11.466,155.685,-11.845,155.878,-1.631,-0.229,-0.207,-0.001,-5.44,1.73,93.15
31,-2.224,-5.106,1.40,-11.466,155.685,-11.856,155.861,-1.631,-0.204,-0.222,-0.000,-5.50,1.49,93.11
31,-2.224,-5.106,1.45,-11.466,155.685,-11.860,155.853,-1.630,-0.192,-0.229,0.000,-5.56,1.23,93.06
31,-2.224,-5.106,1.50,-11.466,155.685,-11.867,155.836,-1.629,-0.166,-0.240,0.000,-5.58,1.00,93.01
31,-2.224,-5.106,1.55,-11.466,155.685,-11.871,155.826,-1.629,-0.150,-0.246,0.001,-5.59,0.76,92.96
31,-2.224,-5.106,1.60,-11.466,155.685,-11.875,155.808,-1.628,-0.125,-0.252,0.001,-5.58,0.55,92.91
31,-2.224,-5.106,1.65,-11.466,155.685,-11.877,155.800,-1.627,-0.113,-0.255,0.001,-5.56,0.32,92.86
31,-2.224,-5.106,1.70,-11.466,155.685,-11.879,155.783,-1.626,-0.088,-0.258,0.001,-5.53,0.12,92.82
31,-2.224,-5.106,1.75,-11.466,155.685,-11.879,155.772,-1.625,-0.074,-0.259,0.000,-5.48,-0.08,92.78
31,-2.224,-5.106,1.80,-11.466,155.685,-11.878,155.756,-1.624,-0.051,-0.259,-0.000,-5.42,-0.26,92.74
31,-2.224,-5.106,1.85,-11.466,155.685,-11.878,155.748,-1.623,-0.041,-0.258,-0.001,-5.35,-0.45,92.70
31,-2.224,-5.106,1.90,-11.466,155.685,-11.876,155.732,-1.622,-0.020,-0.255,-0.001,-5.28,-0.60,92.66
31,-2.224,-5.106,1.95,-11.466,155.685,-11.874,155.722,-1.621,-0.008,-0.252,-0.002,-5.20,-0.76,92.63
31,-2.224,-5.106,2.00,-11.466,155.685,-11.870,155.708,-1.621,0.010,-0.246,-0.003,-5.13,-0.90,92.60
31,-2.224,-5.106,2.05,-11.466,155.685,-11.867,155.701,-1.621,0.019,-0.243,-0.003,-5.04,-1.04,92.58
31,-2.224,-5.106,2.10,-11.466,155.685,-11.862,155.687,-1.620,0.035,-0.235,-0.004,-4.96,-1.15,92.57
31,-2.224,-5.106,2.15,-11.466,155.685,-11.858,155.679,-1.620,0.044,-0.229,-0.004,-4.87,-1.26,92.56
31,-2.224,-5.106,2.20,-11.466,155.685,-11.852,155.667,-1.620,0.057,-0.220,-0.004,-4.79,-1.35,92.55
31,-2.224,-5.106,2.25,-11.466,155.685,-11.849,155.662,-1.621,0.063,-0.215,-0.004,-4.70,-1.44,92.54
31,-2.224,-5.106,2.30,-11.466,155.685,-11.842,155.651,-1.621,0.074,-0.204,-0.004,-4.61,-1.52,92.53
31,-2.224,-5.106,2.35,-11.466,155.685,-11.837,155.644,-1.622,0.080,-0.197,-0.004,-4.53,-1.58,92.52
31,-2.224,-5.106,2.40,-11.466,155.685,-11.830,155.635,-1.623,0.089,-0.187,-0.004,-4.45,-1.64,92.51
31,-2.224,-5.106,2.45,-11.466,155.685,-11.826,155.630,-1.624,0.093,-0.181,-0.003,-4.38,-1.69,92.51
31,-2.224,-5.106,2.50,-11.466,155.685,-11.818,155.622,-1.625,0.099,-0.170,-0.002,-4.31,-1.73,92.50
31,-2.224,-5.106,2.55,-11.466,155.685,-11.813,155.616,-1.626,0.103,-0.163,-0.002,-4.23,-1.76,92.49
31,-2.224,-5.106,2.60,-11.466,155.685,-11.805,155.609,-1.627,0.108,-0.152,0.000,-4.17,-1.79,92.49
31,-2.224,-5.106,2.65,-11.466,155.685,-11.801,155.605,-1.628,0.110,-0.147,0.001,-4.11,-1.82,92.48
31,-2.224,-5.106,2.70,-11.466,155.685,-11.793,155.598,-1.629,0.113,-0.137,0.003,-4.05,-1.84,92.47
31,-2.224,-5.106,2.75,-11.466,155.685,-11.788,155.594,-1.630,0.115,-0.130,0.004,-3.99,-1.86,92.46
31,-2.224,-5.106,2.80,-11.466,155.685,-11.780,155.589,-1.631,0.116,-0.119,0.005,-3.93,-1.88,92.45
31,-2.224,-5.106,2.85,-11.466,155.685,-11.777,155.586,-1.631,0.117,-0.114,0.006,-3.88,-1.89,92.45
31,-2.224,-5.106,2.90,-11.466,155.685,-11.770,155.582,-1.631,0.117,-0.103,0.007,-3.84,-1.90,92.45
31,-2.224,-5.106,2.95,-11.466,155.685,-11.765,155.580,-1.632,0.117,-0.097,0.008,-3.80,-1.90,92.46
31,-2.224,-5.106,3.00,-11.466,155.685,-11.758,155.576,-1.632,0.116,-0.087,0.009,-3.77,-1.90,92.46
31,-2.224,-5.106,3.05,-11.466,155.685,-11.755,155.575,-1.633,0.115,-0.082,0.010,-3.73,-1.89,92.47
31,-2.224,-5.106,3.10,-11.466,155.685,-11.748,155.572,-1.633,0.114,-0.073,0.010,-3.71,-1.88,92.47
31,-2.224,-5.106,3.15,-11.466,155.685,-11.744,155.570,-1.633,0.113,-0.068,0.011,-3.68,-1.87,92.47
31,-2.224,-5.106,3.20,-11.466,155.685,-11.739,155.568,-1.632,0.111,-0.059,0.012,-3.67,-1.86,92.47
31,-2.224,-5.106,3.25,-11.466,155.685,-11.736,155.567,-1.632,0.110,-0.055,0.012,-3.65,-1.84,92.47
31,-2.224,-5.106,3.30,-11.466,155.685,-11.730,155.566,-1.631,0.107,-0.048,0.012,-3.64,-1.83,92.46
31,-2.224,-5.106,3.35,-11.466,155.685,-11.727,155.565,-1.630,0.106,-0.043,0.012,-3.63,-1.81,92.46
31,-2.224,-5.106,3.40,-11.466,155.685,-11.722,155.564,-1.629,0.103,-0.036,0.011,-3.62,-1.80,92.45
31,-2.224,-5.106,3.45,-11.466,155.685,-11.719,155.564,-1.629,0.101,-0.033,0.011,-3.61,-1.78,92.45
31,-2.224,-5.106,3.50,-11.466,155.685,-11.715,155.564,-1.628,0.099,-0.027,0.010,-3.61,-1.76,92.44
31,-2.224,-5.106,3.55,-11.466,155.685,-11.712,155.564,-1.628,0.097,-0.023,0.010,-3.61,-1.75,92.44
31,-2.224,-5.106,3.60,-11.466,155.685,-11.707,155.565,-1.626,0.095,-0.018,0.009,-3.61,-1.73,92.43
31,-2.224,-5.106,3.65,-11.466,155.685,-11.705,155.565,-1.626,0.094,-0.016,0.008,-3.61,-1.71,92.42
31,-2.224,-5.106,3.70,-11.466,155.685,-11.701,155.565,-1.625,0.091,-0.012,0.007,-3.60,-1.69,92.41
31,-2.224,-5.106,3.75,-11.466,155.685,-11.698,155.565,-1.624,0.090,-0.010,0.007,-3.60,-1.67,92.39
31,-2.224,-5.106,3.80,-11.466,155.685,-11.694,155.564,-1.623,0.087,-0.007,0.005,-3.60,-1.66,92.37
31,-2.224,-5.106,3.85,-11.466,155.685,-11.692,155.564,-1.623,0.086,-0.006,0.005,-3.60,-1.65,92.35
31,-2.224,-5.106,3.90,-11.466,155.685,-11.689,155.564,-1.622,0.084,-0.004,0.004,-3.60,-1.64,92.33
31,-2.224,-5.106,3.95,-11.466,155.685,-11.687,155.563,-1.622,0.082,-0.002,0.003,-3.60,-1.64,92.31
31,-2.224,-5.106,4.00,-11.466,155.685,-11.683,155.563,-1.621,0.080,-0.001,0.002,-3.60,-1.64,92.30
31,-2.224,-5.106,4.05,-11.466,155.685,-11.682,155.563,-1.621,0.078,-0.000,0.002,-3.61,-1.65,92.29
31,-2.224,-5.106,4.10,-11.466,155.685,-11.679,155.562,-1.622,0.076,0.001,0.001,-3.61,-1.65,92.29
31,-2.224,-5.106,4.15,-11.466,155.685,-11.678,155.562,-1.622,0.074,0.002,0.001,-3.62,-1.66,92.29
31,-2.224,-5.106,4.20,-11.466,155.685,-11.675,155.562,-1.624,0.071,0.004,0.001,-3.63,-1.67,92.29
31,-2.224,-5.106,4.25,-11.466,155.685,-11.674,155.562,-1.624,0.070,0.005,0.001,-3.64,-1.68,92.31
31,-2.224,-5.106,4.30,-11.466,155.685,-11.673,155.563,-1.625,0.067,0.007,0.001,-3.65,-1.69,92.32
31,-2.224,-5.106,4.35,-11.466,155.685,-11.671,155.563,-1.626,0.066,0.008,0.002,-3.67,-1.69,92.33
31,-2.224,-5.106,4.40,-11.466,155.685,-11.669,155.565,-1.627,0.064,0.011,0.003,-3.69,-1.69,92.35
31,-2.224,-5.106,4.45,-11.466,155.685,-11.668,155.565,-1.627,0.063,0.012,0.003,-3.71,-1.69,92.36
31,-2.224,-5.106,4.50,-11.466,155.685,-11.666,155.567,-1.628,0.061,0.015,0.004,-3.72,-1.68,92.37
31,-2.224,-5.106,4.55,-11.466,155.685,-11.664,155.568,-1.628,0.061,0.016,0.005,-3.74,-1.67,92.38
31,-2.224,-5.106,4.60,-11.466,155.685,-11.662,155.570,-1.628,0.060,0.018,0.005,-3.75,-1.66,92.38
31,-2.224,-5.106,4.65,-11.466,155.685,-11.660,155.571,-1.628,0.060,0.019,0.006,-3.76,-1.65,92.39
31,-2.224,-5.106,4.70,-11.466,155.685,-11.657,155.572,-1.628,0.060,0.021,0.006,-3.77,-1.63,92.39
31,-2.224,-5.106,4.75,-11.466,155.685,-11.655,155.573,-1.628,0.060,0.022,0.006,-3.77,-1.62,92.38
31,-2.224,-5.106,4.80,-11.466,155.685,-11.651,155.575,-1.627,0.061,0.023,0.007,-3.77,-1.61,92.37
31,-2.224,-5.106,4.85,-11.466,155.685,-11.649,155.576,-1.627,0.061,0.023,0.007,-3.76,-1.60,92.36
31,-2.224,-5.106,4.90,-11.466,155.685,-11.645,155.577,-1.627,0.062,0.024,0.007,-3.75,-1.59,92.35
31,-2.224,-5.106,4.95,-11.466,155.685,-11.642,155.578,-1.627,0.062,0.024,0.007,-3.73,-1.58,92.34
31,-2.224,-5.106,5.00,-11.466,155.685,-11.638,155.580,-1.626,0.063,0.024,0.006,-3.71,-1.58,92.33
31,-2.224,-5.106,5.05,-11.466,155.685,-11.635,155.581,-1.626,0.063,0.025,0.006,-3.69,-1.57,92.32
31,-2.224,-5.106,5.10,-11.466,155.685,-11.630,155.583,-1.626,0.063,0.025,0.006,-3.67,-1.57,92.30
31,-2.224,-5.106,5.15,-11.466,155.685,-11.627,155.585,-1.626,0.063,0.026,0.006,-3.64,-1.56,92.29
31,-2.224,-5.106,5.20,-11.466,155.685,-11.621,155.587,-1.626,0.064,0.026,0.005,-3.62,-1.56,92.27
31,-2.224,-5.106,5.25,-11.466,155.685,-11.618,155.588,-1.626,0.064,0.027,0.005,-3.59,-1.55,92.26
31,-2.224,-5.106,5.30,-11.466,155.685,-11.612,155.591,-1.626,0.064,0.027,0.005,-3.56,-1.54,92.25
31,-2.224,-5.106,5.35,-11.466,155.685,-11.609,155.592,-1.626,0.063,0.027,0.005,-3.52,-1.53,92.24
31,-2.224,-5.106,5.40,-11.466,155.685,-11.603,155.594,-1.626,0.062,0.026,0.005,-3.49,-1.53,92.24
31,-2.224,-5.106,5.45,-11.466,155.685,-11.601,155.595,-1.626,0.061,0.026,0.005,-3.46,-1.52,92.23
31,-2.224,-5.106,5.50,-11.466,155.685,-11.596,155.596,-1.626,0.059,0.025,0.005,-3.44,-1.51,92.24
31,-2.224,-5.106,5.55,-11.466,155.685,-11.593,155.597,-1.626,0.057,0.024,0.005,-3.41,-1.51,92.24
31,-2.224,-5.106,5.60,-11.466,155.685,-11.589,155.598,-1.626,0.054,0.023,0.005,-3.39,-1.51,92.25
31,-2.224,-5.106,5.65,-11.466,155.685,-11.587,155.599,-1.626,0.053,0.022,0.005,-3.37,-1.51,92.27
31,-2.224,-5.106,5.70,-11.466,155.685,-11.583,155.599,-1.627,0.049,0.021,0.005,-3.36,-1.52,92.28
31,-2.224,-5.106,5.75,-11.466,155.685,-11.581,155.600,-1.627,0.047,0.020,0.005,-3.36,-1.52,92.30
31,-2.224,-5.106,5.80,-11.466,155.685,-11.579,155.600,-1.627,0.043,0.019,0.006,-3.36,-1.53,92.31
31,-2.224,-5.106,5.85,-11.466,155.685,-11.577,155.600,-1.627,0.041,0.018,0.006,-3.37,-1.54,92.33
31,-2.224,-5.106,5.90,-11.466,155.685,-11.575,155.599,-1.627,0.037,0.016,0.006,-3.37,-1.55,92.35
31,-2.224,-5.106,5.95,-11.466,155.685,-11.574,155.598,-1.627,0.035,0.015,0.006,-3.39,-1.56,92.37
31,-2.224,-5.106,6.00,-11.466,155.685,-11.572,155.597,-1.626,0.031,0.013,0.006,-3.40,-1.58,92.39
31,-2.224,-5.106,6.05,-11.466,155.685,-11.571,155.596,-1.626,0.029,0.012,0.006,-3.42,-1.60,92.40
31,-2.224,-5.106,6.10,-11.466,155.685,-11.570,155.595,-1.626,0.026,0.011,0.005,-3.43,-1.62,92.42
31,-2.224,-5.106,6.15,-11.466,155.685,-11.570,155.594,-1.625,0.023,0.010,0.005,-3.46,-1.65,92.43
31,-2.224,-5.106,6.20,-11.466,155.685,-11.569,155.593,-1.625,0.020,0.010,0.005,-3.48,-1.67,92.44
31,-2.224,-5.106,6.25,-11.466,155.685,-11.569,155.592,-1.625,0.019,0.010,0.004,-3.51,-1.70,92.45
31,-2.224,-5.106,6.30,-11.466,155.685,-11.568,155.591,-1.625,0.017,0.010,0.004,-3.53,-1.72,92.45
31,-2.224,-5.106,6.35,-11.466,155.685,-11.567,155.591,-1.625,0.016,0.011,0.004,-3.56,-1.74,92.44
31,-2.224,-5.106,6.40,-11.466,155.685,-11.566,155.591,-1.624,0.014,0.012,0.004,-3.58,-1.76,92.43
31,-2.224,-5.106,6.45,-11.466,155.685,-11.566,155.591,-1.624,0.014,0.013,0.004,-3.60,-1.77,92.41
31,-2.224,-5.106,6.50,-11.466,155.685,-11.565,155.591,-1.623,0.013,0.015,0.004,-3.61,-1.78,92.40
31,-2.224,-5.106,6.55,-11.466,155.685,-11.564,155.591,-1.623,0.012,0.016,0.003,-3.62,-1.78,92.38
31,-2.224,-5.106,6.60,-11.466,155.685,-11.564,155.592,-1.622,0.011,0.019,0.003,-3.63,-1.78,92.36
31,-2.224,-5.106,6.65,-11.466,155.685,-11.564,155.592,-1.621,0.011,0.020,0.002,-3.64,-1.78,92.34
31,-2.224,-5.106,6.70,-11.466,155.685,-11.563,155.593,-1.620,0.010,0.021,0.002,-3.64,-1.77,92.33
31,-2.224,-5.106,6.75,-11.466,155.685,-11.563,155.593,-1.620,0.010,0.022,0.001,-3.65,-1.76,92.32
31,-2.224,-5.106,6.80,-11.466,155.685,-11.562,155.593,-1.619,0.010,0.023,0.000,-3.66,-1.75,92.31
31,-2.224,-5.106,6.85,-11.466,155.685,-11.562,155.594,-1.618,0.010,0.024,-0.000,-3.67,-1.75,92.30
31,-2.224,-5.106,6.90,-11.466,155.685,-11.561,155.595,-1.618,0.010,0.026,-0.001,-3.67,-1.74,92.29
31,-2.224,-5.106,6.95,-11.466,155.685,-11.560,155.595,-1.618,0.010,0.026,-0.002,-3.68,-1.73,92.29
31,-2.224,-5.106,7.00,-11.466,155.685,-11.559,155.596,-1.617,0.012,0.028,-0.003,-3.68,-1.73,92.28
31,-2.224,-5.106,7.05,-11.466,155.685,-11.558,155.597,-1.617,0.012,0.028,-0.003,-3.68,-1.72,92.27
31,-2.224,-5.106,7.10,-11.466,155.685,-11.555,155.598,-1.617,0.014,0.029,-0.004,-3.68,-1.71,92.27
31,-2.224,-5.106,7.15,-11.466,155.685,-11.553,155.598,-1.616,0.015,0.029,-0.004,-3.67,-1.70,92.27
31,-2.224,-5.106,7.20,-11.466,155.685,-11.551,155.599,-1.616,0.016,0.030,-0.004,-3.66,-1.70,92.27
31,-2.224,-5.106,7.25,-11.466,155.685,-11.550,155.600,-1.616,0.017,0.031,-0.004,-3.65,-1.69,92.27
31,-2.224,-5.106,7.30,-11.466,155.685,-11.547,155.602,-1.616,0.018,0.031,-0.005,-3.63,-1.68,92.27
31,-2.224,-5.106,7.35,-11.466,155.685,-11.546,155.602,-1.615,0.018,0.032,-0.005,-3.61,-1.68,92.27
31,-2.224,-5.106,7.40,-11.466,155.685,-11.544,155.604,-1.615,0.018,0.032,-0.005,-3.59,-1.67,92.28
31,-2.224,-5.106,7.45,-11.466,155.685,-11.543,155.604,-1.615,0.018,0.032,-0.005,-3.57,-1.66,92.28
31,-2.224,-5.106,7.50,-11.466,155.685,-11.541,155.606,-1.615,0.017,0.032,-0.006,-3.56,-1.66,92.29
31,-2.224,-5.106,7.55,-11.466,155.685,-11.541,155.606,-1.615,0.017,0.032,-0.006,-3.54,-1.65,92.30
31,-2.224,-5.106,7.60,-11.466,155.685,-11.540,155.607,-1.614,0.015,0.032,-0.006,-3.53,-1.64,92.31
31,-2.224,-5.106,7.65,-11.466,155.685,-11.539,155.608,-1.614,0.015,0.032,-0.006,-3.53,-1.64,92.32
31,-2.224,-5.106,7.70,-11.466,155.685,-11.538,155.609,-1.614,0.013,0.032,-0.006,-3.53,-1.64,92.33
31,-2.224,-5.106,7.75,-11.466,155.685,-11.537,155.610,-1.613,0.012,0.032,-0.006,-3.54,-1.63,92.33
31,-2.224,-5.106,7.80,-11.466,155.685,-11.537,155.611,-1.613,0.011,0.031,-0.007,-3.55,-1.63,92.34
31,-2.224,-5.106,7.85,-11.466,155.685,-11.536,155.612,-1.613,0.011,0.031,-0.007,-3.55,-1.63,92.34
31,-2.224,-5.106,7.90,-11.466,155.685,-11.535,155.614,-1.613,0.010,0.031,-0.007,-3.56,-1.62,92.34
31,-2.224,-5.106,7.95,-11.466,155.685,-11.535,155.615,-1.613,0.009,0.031,-0.008,-3.57,-1.62,92.34
32,1.371,-8.316,0.00,-11.466,155.685,-11.556,155.703,-1.618,-0.115,0.088,-0.014,-4.57,-0.67,92.28
32,1.371,-8.316,0.05,-11.466,155.685,-11.563,155.710,-1.620,-0.121,0.092,-0.013,-4.69,-0.58,92.27
32,1.371,-8.316,0.10,-11.466,155.685,-11.567,155.714,-1.621,-0.124,0.094,-0.013,-4.80,-0.50,92.27
32,1.371,-8.316,0.15,-11.466,155.685,-11.574,155.722,-1.622,-0.128,0.097,-0.011,-4.92,-0.41,92.26
32,1.371,-8.316,0.20,-11.466,155.685,-11.578,155.725,-1.623,-0.129,0.099,-0.010,-5.02,-0.32,92.25
32,1.371,-8.316,0.25,-11.466,155.685,-11.586,155.733,-1.624,-0.131,0.101,-0.009,-5.14,-0.23,92.24
32,1.371,-8.316,0.30,-11.466,155.685,-11.590,155.737,-1.624,-0.132,0.102,-0.009,-5.23,-0.14,92.24
32,1.371,-8.316,0.35,-11.466,155.685,-11.598,155.745,-1.625,-0.132,0.104,-0.008,-5.34,-0.05,92.23
32,1.371,-8.316,0.40,-11.466,155.685,-11.602,155.748,-1.626,-0.132,0.104,-0.007,-5.43,0.04,92.23
32,1.371,-8.316,0.45,-11.466,155.685,-11.610,155.756,-1.627,-0.130,0.104,-0.007,-5.53,0.13,92.23
32,1.371,-8.316,0.50,-11.466,155.685,-11.615,155.760,-1.628,-0.128,0.104,-0.006,-5.61,0.21,92.23
32,1.371,-8.316,0.55,-11.466,155.685,-11.622,155.768,-1.629,-0.125,0.103,-0.005,-5.70,0.29,92.24
32,1.371,-8.316,0.60,-11.466,155.685,-11.626,155.772,-1.629,-0.124,0.103,-0.005,-5.77,0.37,92.24
32,1.371,-8.316,0.65,-11.466,155.685,-11.633,155.779,-1.631,-0.119,0.101,-0.004,-5.85,0.45,92.24
32,1.371,-8.316,0.70,-11.466,155.685,-11.637,155.784,-1.631,-0.116,0.100,-0.003,-5.91,0.52,92.24
32,1.371,-8.316,0.75,-11.466,155.685,-11.643,155.791,-1.633,-0.110,0.097,-0.002,-5.98,0.59,92.25
32,1.371,-8.316,0.80,-11.466,155.685,-11.646,155.794,-1.633,-0.107,0.096,-0.001,-6.03,0.66,92.25
32,1.371,-8.316,0.85,-11.466,155.685,-11.651,155.801,-1.634,-0.100,0.093,0.000,-6.08,0.72,92.25
32,1.371,-8.316,0.90,-11.466,155.685,-11.654,155.806,-1.635,-0.096,0.090,0.001,-6.12,0.78,92.26
32,1.371,-8.316,0.95,-11.466,155.685,-11.659,155.812,-1.635,-0.088,0.086,0.002,-6.16,0.84,92.26
32,1.371,-8.316,1.00,-11.466,155.685,-11.661,155.815,-1.634,-0.085,0.084,0.003,-6.19,0.90,92.26
32,1.371,-8.316,1.05,-11.466,155.685,-11.665,155.820,-1.634,-0.077,0.079,0.004,-6.22,0.95,92.27
32,1.371,-8.316,1.10,-11.466,155.685,-11.667,155.823,-1.633,-0.071,0.075,0.004,-6.24,0.99,92.28
32,1.371,-8.316,1.15,-11.466,155.685,-11.670,155.828,-1.632,-0.063,0.069,0.005,-6.25,1.03,92.29
32,1.371,-8.316,1.20,-11.466,155.685,-11.671,155.830,-1.632,-0.059,0.066,0.005,-6.26,1.06,92.29
32,1.371,-8.316,1.25,-11.466,155.685,-11.673,155.833,-1.630,-0.050,0.060,0.004,-6.27,1.09,92.31
32,1.371,-8.316,1.30,-11.466,155.685,-11.673,155.835,-1.629,-0.044,0.056,0.004,-6.27,1.11,92.31
32,1.371,-8.316,1.35,-11.466,155.685,-11.674,155.838,-1.628,-0.036,0.050,0.003,-6.26,1.13,92.32
32,1.371,-8.316,1.40,-11.466,155.685,-11.674,155.840,-1.627,-0.032,0.047,0.003,-6.25,1.14,92.33
32,1.371,-8.316,1.45,-11.466,155.685,-11.674,155.842,-1.626,-0.024,0.041,0.002,-6.23,1.15,92.34
32,1.371,-8.316,1.50,-11.466,155.685,-11.674,155.843,-1.625,-0.019,0.037,0.002,-6.21,1.16,92.34
32,1.371,-8.316,1.55,-11.466,155.685,-11.674,155.845,-1.624,-0.012,0.031,0.001,-6.19,1.16,92.35
32,1.371,-8.316,1.60,-11.466,155.685,-11.674,155.846,-1.624,-0.008,0.028,0.000,-6.17,1.16,92.35
32,1.371,-8.316,1.65,-11.466,155.685,-11.674,155.847,-1.624,-0.002,0.023,-0.001,-6.15,1.16,92.35
32,1.371,-8.316,1.70,-11.466,155.685,-11.674,155.847,-1.624,0.001,0.020,-0.001,-6.13,1.15,92.35
32,1.371,-8.316,1.75,-11.466,155.685,-11.673,155.848,-1.624,0.006,0.015,-0.002,-6.11,1.15,92.35
32,1.371,-8.316,1.80,-11.466,155.685,-11.673,155.849,-1.624,0.009,0.013,-0.002,-6.09,1.14,92.35
32,1.371,-8.316,1.85,-11.466,155.685,-11.672,155.850,-1.625,0.013,0.008,-0.002,-6.08,1.14,92.35
32,1.371,-8.316,1.90,-11.466,155.685,-11.671,155.850,-1.626,0.016,0.006,-0.002,-6.06,1.14,92.34
32,1.371,-8.316,1.95,-11.466,155.685,-11.670,155.851,-1.627,0.020,0.002,-0.002,-6.05,1.13,92.34
32,1.371,-8.316,2.00,-11.466,155.685,-11.670,155.851,-1.628,0.022,0.001,-0.001,-6.04,1.13,92.34
32,1.371,-8.316,2.05,-11.466,155.685,-11.668,155.851,-1.629,0.025,-0.003,-0.000,-6.03,1.13,92.34
32,1.371,-8.316,2.10,-11.466,155.685,-11.668,155.851,-1.629,0.027,-0.005,0.001,-6.01,1.13,92.33
32,1.371,-8.316,2.15,-11.466,155.685,-11.667,155.850,-1.630,0.029,-0.008,0.002,-6.01,1.13,92.32
32,1.371,-8.316,2.20,-11.466,155.685,-11.666,155.850,-1.631,0.031,-0.010,0.002,-6.00,1.12,92.32
32,1.371,-8.316,2.25,-11.466,155.685,-11.665,155.849,-1.631,0.033,-0.014,0.004,-5.99,1.12,92.31
32,1.371,-8.316,2.30,-11.466,155.685,-11.664,155.848,-1.631,0.035,-0.016,0.005,-5.99,1.11,92.30
32,1.371,-8.316,2.35,-11.466,155.685,-11.663,155.847,-1.630,0.037,-0.018,0.006,-5.98,1.10,92.30
32,1.371,-8.316,2.40,-11.466,155.685,-11.663,155.846,-1.630,0.037,-0.020,0.006,-5.98,1.09,92.29
32,1.371,-8.316,2.45,-11.466,155.685,-11.662,155.845,-1.629,0.039,-0.022,0.006,-5.97,1.08,92.29
32,1.371,-8.316,2.50,-11.466,155.685,-11.661,155.844,-1.629,0.040,-0.023,0.006,-5.97,1.07,92.28
32,1.371,-8.316,2.55,-11.466,155.685,-11.661,155.843,-1.628,0.041,-0.026,0.006,-5.97,1.06,92.27
32,1.371,-8.316,2.60,-11.466,155.685,-11.660,155.842,-1.627,0.041,-0.027,0.005,-5.98,1.05,92.26
32,1.371,-8.316,2.65,-11.466,155.685,-11.660,155.839,-1.626,0.042,-0.029,0.005,-5.98,1.04,92.25
32,1.371,-8.316,2.70,-11.466,155.685,-11.660,155.838,-1.626,0.042,-0.031,0.004,-5.99,1.03,92.23
32,1.371,-8.316,2.75,-11.466,155.685,-11.659,155.834,-1.625,0.043,-0.034,0.003,-5.99,1.02,92.21
32,1.371,-8.316,2.80,-11.466,155.685,-11.659,155.832,-1.625,0.043,-0.035,0.003,-6.00,1.00,92.20
32,1.371,-8.316,2.85,-11.466,155.685,-11.659,155.828,-1.625,0.044,-0.037,0.002,-6.01,0.98,92.18
32,1.371,-8.316,2.90,-11.466,155.685,-11.659,155.826,-1.625,0.044,-0.039,0.002,-6.03,0.96,92.16
32,1.371,-8.316,2.95,-11.466,155.685,-11.658,155.821,-1.624,0.045,-0.041,0.001,-6.04,0.93,92.15
32,1.371,-8.316,3.00,-11.466,155.685,-11.658,155.819,-1.624,0.046,-0.042,0.001,-6.05,0.90,92.14
32,1.371,-8.316,3.05,-11.466,155.685,-11.658,155.815,-1.624,0.046,-0.043,0.001,-6.06,0.87,92.13
32,1.371,-8.316,3.10,-11.466,155.685,-11.657,155.812,-1.624,0.047,-0.044,0.000,-6.07,0.84,92.13
32,1.371,-8.316,3.15,-11.466,155.685,-11.656,155.808,-1.624,0.049,-0.044,-0.000,-6.08,0.81,92.14
32,1.371,-8.316,3.20,-11.466,155.685,-11.656,155.806,-1.625,0.049,-0.043,-0.000,-6.09,0.78,92.14
32,1.371,-8.316,3.25,-11.466,155.685,-11.655,155.803,-1.626,0.051,-0.042,-0.000,-6.09,0.76,92.15
32,1.371,-8.316,3.30,-11.466,155.685,-11.654,155.800,-1.626,0.052,-0.042,0.000,-6.10,0.74,92.16
32,1.371,-8.316,3.35,-11.466,155.685,-11.653,155.797,-1.627,0.053,-0.040,0.001,-6.10,0.73,92.17
32,1.371,-8.316,3.40,-11.466,155.685,-11.652,155.795,-1.627,0.054,-0.040,0.001,-6.10,0.71,92.19
32,1.371,-8.316,3.45,-11.466,155.685,-11.651,155.792,-1.628,0.055,-0.038,0.002,-6.10,0.70,92.20
32,1.371,-8.316,3.50,-11.466,155.685,-11.650,155.791,-1.629,0.056,-0.036,0.003,-6.10,0.70,92.21
32,1.371,-8.316,3.55,-11.466,155.685,-11.648,155.788,-1.630,0.057,-0.033,0.003,-6.09,0.69,92.23
32,1.371,-8.316,3.60,-11.466,155.685,-11.648,155.788,-1.631,0.058,-0.032,0.004,-6.09,0.69,92.25
32,1.371,-8.316,3.65,-11.466,155.685,-11.645,155.786,-1.632,0.059,-0.029,0.005,-6.09,0.70,92.26
32,1.371,-8.316,3.70,-11.466,155.685,-11.644,155.785,-1.632,0.061,-0.027,0.006,-6.08,0.71,92.28
32,1.371,-8.316,3.75,-11.466,155.685,-11.640,155.785,-1.633,0.063,-0.024,0.007,-6.07,0.72,92.30
32,1.371,-8.316,3.80,-11.466,155.685,-11.638,155.784,-1.633,0.064,-0.022,0.008,-6.06,0.74,92.31
32,1.371,-8.316,3.85,-11.466,155.685,-11.634,155.784,-1.633,0.067,-0.019,0.009,-6.04,0.76,92.33
32,1.371,-8.316,3.90,-11.466,155.685,-11.631,155.784,-1.633,0.068,-0.018,0.010,-6.02,0.78,92.34
32,1.371,-8.316,3.95,-11.466,155.685,-11.627,155.784,-1.633,0.070,-0.015,0.011,-5.99,0.80,92.35
32,1.371,-8.316,4.00,-11.466,155.685,-11.624,155.784,-1.632,0.071,-0.015,0.011,-5.96,0.83,92.35
32,1.371,-8.316,4.05,-11.466,155.685,-11.620,155.784,-1.631,0.072,-0.013,0.011,-5.92,0.85,92.35
32,1.371,-8.316,4.10,-11.466,155.685,-11.617,155.783,-1.631,0.073,-0.013,0.012,-5.89,0.87,92.36
32,1.371,-8.316,4.15,-11.466,155.685,-11.612,155.783,-1.629,0.073,-0.012,0.011,-5.85,0.89,92.35
32,1.371,-8.316,4.20,-11.466,155.685,-11.609,155.783,-1.628,0.073,-0.011,0.011,-5.82,0.90,92.35
32,1.371,-8.316,4.25,-11.466,155.685,-11.605,155.783,-1.627,0.073,-0.011,0.010,-5.79,0.92,92.34
32,1.371,-8.316,4.30,-11.466,155.685,-11.602,155.783,-1.626,0.072,-0.011,0.009,-5.76,0.93,92.34
32,1.371,-8.316,4.35,-11.466,155.685,-11.598,155.782,-1.624,0.071,-0.011,0.008,-5.73,0.94,92.33
32,1.371,-8.316,4.40,-11.466,155.685,-11.596,155.782,-1.623,0.070,-0.011,0.007,-5.70,0.95,92.32
32,1.371,-8.316,4.45,-11.466,155.685,-11.593,155.782,-1.622,0.068,-0.011,0.005,-5.68,0.96,92.32
32,1.371,-8.316,4.50,-11.466,155.685,-11.590,155.782,-1.621,0.066,-0.012,0.004,-5.67,0.97,92.31
32,1.371,-8.316,4.55,-11.466,155.685,-11.587,155.781,-1.620,0.064,-0.012,0.003,-5.66,0.97,92.31
32,1.371,-8.316,4.60,-11.466,155.685,-11.586,155.781,-1.620,0.062,-0.012,0.002,-5.65,0.98,92.30
32,1.371,-8.316,4.65,-11.466,155.685,-11.583,155.781,-1.619,0.060,-0.013,0.001,-5.65,0.98,92.30
32,1.371,-8.316,4.70,-11.466,155.685,-11.581,155.781,-1.618,0.058,-0.013,0.000,-5.65,0.98,92.30
32,1.371,-8.316,4.75,-11.466,155.685,-11.577,155.781,-1.617,0.056,-0.014,-0.001,-5.65,0.98,92.29
32,1.371,-8.316,4.80,-11.466,155.685,-11.576,155.781,-1.616,0.055,-0.014,-0.001,-5.65,0.99,92.29
32,1.371,-8.316,4.85,-11.466,155.685,-11.573,155.781,-1.614,0.052,-0.015,-0.002,-5.65,0.99,92.29
32,1.371,-8.316,4.90,-11.466,155.685,-11.571,155.781,-1.613,0.051,-0.015,-0.003,-5.65,0.99,92.29
32,1.371,-8.316,4.95,-11.466,155.685,-11.568,155.781,-1.612,0.049,-0.015,-0.005,-5.65,1.00,92.29
32,1.371,-8.316,5.00,-11.466,155.685,-11.567,155.781,-1.611,0.048,-0.015,-0.006,-5.65,1.00,92.29
32,1.371,-8.316,5.05,-11.466,155.685,-11.565,155.781,-1.610,0.045,-0.015,-0.007,-5.66,1.01,92.29
32,1.371,-8.316,5.10,-11.466,155.685,-11.563,155.782,-1.609,0.044,-0.015,-0.008,-5.66,1.02,92.29
32,1.371,-8.316,5.15,-11.466,155.685,-11.561,155.782,-1.608,0.042,-0.015,-0.009,-5.66,1.03,92.29
32,1.371,-8.316,5.20,-11.466,155.685,-11.560,155.782,-1.607,0.040,-0.015,-0.010,-5.66,1.03,92.29
32,1.371,-8.316,5.25,-11.466,155.685,-11.558,155.783,-1.606,0.038,-0.015,-0.012,-5.67,1.04,92.30
32,1.371,-8.316,5.30,-11.466,155.685,-11.557,155.783,-1.605,0.037,-0.016,-0.013,-5.68,1.05,92.30
32,1.371,-8.316,5.35,-11.466,155.685,-11.555,155.784,-1.604,0.035,-0.016,-0.014,-5.68,1.07,92.30
32,1.371,-8.316,5.40,-11.466,155.685,-11.555,155.785,-1.603,0.034,-0.016,-0.015,-5.69,1.08,92.29
32,1.371,-8.316,5.45,-11.466,155.685,-11.553,155.786,-1.602,0.032,-0.016,-0.016,-5.70,1.09,92.29
32,1.371,-8.316,5.50,-11.466,155.685,-11.552,155.786,-1.601,0.031,-0.016,-0.017,-5.70,1.10,92.29
32,1.371,-8.316,5.55,-11.466,155.685,-11.551,155.787,-1.601,0.029,-0.016,-0.018,-5.71,1.11,92.29
32,1.371,-8.316,5.60,-11.466,155.685,-11.550,155.788,-1.600,0.028,-0.016,-0.019,-5.72,1.13,92.29
32,1.371,-8.316,5.65,-11.466,155.685,-11.549,155.790,-1.600,0.026,-0.017,-0.020,-5.73,1.14,92.29
32,1.371,-8.316,5.70,-11.466,155.685,-11.548,155.790,-1.600,0.025,-0.017,-0.021,-5.73,1.15,92.28
32,1.371,-8.316,5.75,-11.466,155.685,-11.547,155.792,-1.599,0.024,-0.017,-0.022,-5.74,1.17,92.28
32,1.371,-8.316,5.80,-11.466,155.685,-11.546,155.793,-1.599,0.024,-0.017,-0.022,-5.75,1.19,92.27
32,1.371,-8.316,5.85,-11.466,155.685,-11.545,155.794,-1.600,0.023,-0.018,-0.023,-5.76,1.20,92.27
32,1.371,-8.316,5.90,-11.466,155.685,-11.544,155.795,-1.600,0.022,-0.019,-0.023,-5.76,1.22,92.27
32,1.371,-8.316,5.95,-11.466,155.685,-11.543,155.796,-1.602,0.022,-0.021,-0.023,-5.76,1.24,92.27
32,1.371,-8.316,6.00,-11.466,155.685,-11.543,155.797,-1.602,0.021,-0.021,-0.023,-5.76,1.25,92.27
32,1.371,-8.316,6.05,-11.466,155.685,-11.542,155.797,-1.603,0.020,-0.023,-0.022,-5.77,1.26,92.27
32,1.371,-8.316,6.10,-11.466,155.685,-11.542,155.798,-1.604,0.019,-0.024,-0.022,-5.77,1.27,92.27
32,1.371,-8.316,6.15,-11.466,155.685,-11.542,155.798,-1.605,0.018,-0.026,-0.021,-5.77,1.27,92.27
32,1.371,-8.316,6.20,-11.466,155.685,-11.542,155.798,-1.605,0.017,-0.027,-0.020,-5.78,1.28,92.28
32,1.371,-8.316,6.25,-11.466,155.685,-11.542,155.797,-1.606,0.015,-0.030,-0.019,-5.79,1.28,92.29
32,1.371,-8.316,6.30,-11.466,155.685,-11.542,155.796,-1.607,0.015,-0.032,-0.019,-5.80,1.27,92.30
32,1.371,-8.316,6.35,-11.466,155.685,-11.541,155.793,-1.609,0.014,-0.036,-0.018,-5.82,1.26,92.31
32,1.371,-8.316,6.40,-11.466,155.685,-11.541,155.792,-1.610,0.014,-0.037,-0.018,-5.83,1.25,92.32
32,1.371,-8.316,6.45,-11.466,155.685,-11.541,155.789,-1.612,0.014,-0.041,-0.016,-5.84,1.23,92.34
32,1.371,-8.316,6.50,-11.466,155.685,-11.541,155.786,-1.613,0.014,-0.043,-0.015,-5.85,1.21,92.35
32,1.371,-8.316,6.55,-11.466,155.685,-11.540,155.782,-1.615,0.014,-0.046,-0.013,-5.86,1.18,92.36
32,1.371,-8.316,6.60,-11.466,155.685,-11.540,155.780,-1.616,0.014,-0.048,-0.012,-5.87,1.14,92.38
32,1.371,-8.316,6.65,-11.466,155.685,-11.540,155.775,-1.617,0.014,-0.051,-0.010,-5.88,1.10,92.39
32,1.371,-8.316,6.70,-11.466,155.685,-11.540,155.771,-1.617,0.014,-0.052,-0.008,-5.88,1.06,92.40
32,1.371,-8.316,6.75,-11.466,155.685,-11.540,155.766,-1.618,0.014,-0.054,-0.007,-5.89,1.01,92.41
32,1.371,-8.316,6.80,-11.466,155.685,-11.540,155.763,-1.618,0.014,-0.055,-0.006,-5.89,0.97,92.42
32,1.371,-8.316,6.85,-11.466,155.685,-11.540,155.758,-1.618,0.014,-0.056,-0.005,-5.90,0.93,92.42
32,1.371,-8.316,6.90,-11.466,155.685,-11.540,155.754,-1.618,0.014,-0.056,-0.004,-5.90,0.89,92.43
32,1.371,-8.316,6.95,-11.466,155.685,-11.540,155.748,-1.617,0.014,-0.056,-0.004,-5.91,0.84,92.43
32,1.371,-8.316,7.00,-11.466,155.685,-11.541,155.745,-1.617,0.014,-0.056,-0.004,-5.91,0.80,92.43
32,1.371,-8.316,7.05,-11.466,155.685,-11.541,155.740,-1.617,0.014,-0.055,-0.004,-5.92,0.76,92.43
32,1.371,-8.316,7.10,-11.466,155.685,-11.542,155.737,-1.617,0.014,-0.054,-0.004,-5.93,0.72,92.42
32,1.371,-8.316,7.15,-11.466,155.685,-11.543,155.732,-1.618,0.014,-0.052,-0.004,-5.94,0.68,92.42
32,1.371,-8.316,7.20,-11.466,155.685,-11.543,155.730,-1.619,0.014,-0.051,-0.004,-5.95,0.65,92.41
32,1.371,-8.316,7.25,-11.466,155.685,-11.544,155.726,-1.620,0.014,-0.048,-0.004,-5.96,0.63,92.39
32,1.371,-8.316,7.30,-11.466,155.685,-11.544,155.724,-1.620,0.014,-0.045,-0.004,-5.97,0.61,92.38
32,1.371,-8.316,7.35,-11.466,155.685,-11.544,155.721,-1.622,0.015,-0.041,-0.003,-5.98,0.59,92.36
32,1.371,-8.316,7.40,-11.466,155.685,-11.544,155.720,-1.622,0.016,-0.039,-0.003,-5.99,0.58,92.35
32,1.371,-8.316,7.45,-11.466,155.685,-11.544,155.718,-1.623,0.017,-0.034,-0.002,-5.99,0.58,92.33
32,1.371,-8.316,7.50,-11.466,155.685,-11.543,155.717,-1.624,0.018,-0.031,-0.001,-6.00,0.58,92.31
32,1.371,-8.316,7.55,-11.466,155.685,-11.543,155.716,-1.625,0.019,-0.026,0.000,-5.99,0.59,92.30
32,1.371,-8.316,7.60,-11.466,155.685,-11.542,155.716,-1.625,0.020,-0.024,0.001,-5.99,0.60,92.28
32,1.371,-8.316,7.65,-11.466,155.685,-11.540,155.715,-1.627,0.022,-0.019,0.002,-5.98,0.62,92.27
32,1.371,-8.316,7.70,-11.466,155.685,-11.539,155.715,-1.628,0.022,-0.017,0.002,-5.97,0.64,92.26
32,1.371,-8.316,7.75,-11.466,155.685,-11.538,155.715,-1.629,0.024,-0.013,0.004,-5.96,0.67,92.25
32,1.371,-8.316,7.80,-11.466,155.685,-11.537,155.716,-1.630,0.024,-0.011,0.004,-5.94,0.69,92.24
32,1.371,-8.316,7.85,-11.466,155.685,-11.535,155.717,-1.631,0.026,-0.007,0.005,-5.93,0.72,92.24
32,1.371,-8.316,7.90,-11.466,155.685,-11.533,155.717,-1.632,0.026,-0.005,0.006,-5.91,0.75,92.23
32,1.371,-8.316,7.95,-11.466,155.685,-11.531,155.719,-1.633,0.028,-0.002,0.008,-5.89,0.78,92.23
33,2.244,0.459,0.00,-11.466,155.685,-11.367,155.841,-1.614,0.351,0.174,0.004,-3.13,3.17,92.37
33,2.244,0.459,0.05,-11.466,155.685,-11.339,155.854,-1.614,0.373,0.170,0.003,-2.74,3.34,92.38
33,2.244,0.459,0.10,-11.466,155.685,-11.327,155.860,-1.615,0.381,0.166,0.002,-2.37,3.47,92.38
33,2.244,0.459,0.15,-11.466,155.685,-11.301,155.871,-1.616,0.393,0.158,0.002,-1.97,3.60,92.38
33,2.244,0.459,0.20,-11.466,155.685,-11.288,155.876,-1.616,0.398,0.153,0.001,-1.61,3.71,92.38
33,2.244,0.459,0.25,-11.466,155.685,-11.258,155.886,-1.617,0.405,0.139,0.001,-1.24,3.80,92.37
33,2.244,0.459,0.30,-11.466,155.685,-11.244,155.891,-1.618,0.407,0.131,0.001,-0.90,3.86,92.35
33,2.244,0.459,0.35,-11.466,155.685,-11.218,155.898,-1.619,0.407,0.116,0.002,-0.55,3.91,92.33
33,2.244,0.459,0.40,-11.466,155.685,-11.204,155.901,-1.619,0.405,0.108,0.002,-0.24,3.94,92.31
33,2.244,0.459,0.45,-11.466,155.685,-11.174,155.907,-1.620,0.399,0.088,0.003,0.08,3.95,92.27
33,2.244,0.459,0.50,-11.466,155.685,-11.161,155.909,-1.620,0.395,0.079,0.003,0.36,3.94,92.24
33,2.244,0.459,0.55,-11.466,155.685,-11.136,155.912,-1.621,0.384,0.060,0.004,0.64,3.92,92.20
33,2.244,0.459,0.60,-11.466,155.685,-11.124,155.913,-1.621,0.377,0.050,0.004,0.88,3.89,92.17
33,2.244,0.459,0.65,-11.466,155.685,-11.097,155.915,-1.621,0.359,0.029,0.005,1.12,3.84,92.14
33,2.244,0.459,0.70,-11.466,155.685,-11.086,155.915,-1.621,0.350,0.019,0.005,1.31,3.77,92.12
33,2.244,0.459,0.75,-11.466,155.685,-11.065,155.914,-1.621,0.331,0.001,0.006,1.51,3.70,92.10
33,2.244,0.459,0.80,-11.466,155.685,-11.055,155.913,-1.621,0.320,-0.008,0.006,1.67,3.62,92.09
33,2.244,0.459,0.85,-11.466,155.685,-11.034,155.910,-1.620,0.294,-0.028,0.006,1.81,3.53,92.08
33,2.244,0.459,0.90,-11.466,155.685,-11.025,155.908,-1.619,0.282,-0.036,0.006,1.93,3.43,92.08
33,2.244,0.459,0.95,-11.466,155.685,-11.009,155.904,-1.619,0.257,-0.052,0.006,2.04,3.33,92.07
33,2.244,0.459,1.00,-11.466,155.685,-11.002,155.901,-1.618,0.244,-0.059,0.006,2.11,3.23,92.08
33,2.244,0.459,1.05,-11.466,155.685,-10.987,155.894,-1.617,0.215,-0.076,0.006,2.18,3.11,92.08
33,2.244,0.459,1.10,-11.466,155.685,-10.981,155.891,-1.617,0.201,-0.083,0.006,2.22,3.00,92.09
33,2.244,0.459,1.15,-11.466,155.685,-10.971,155.883,-1.616,0.174,-0.095,0.006,2.24,2.88,92.10
33,2.244,0.459,1.20,-11.466,155.685,-10.967,155.878,-1.616,0.160,-0.101,0.005,2.25,2.76,92.11
33,2.244,0.459,1.25,-11.466,155.685,-10.959,155.868,-1.615,0.130,-0.113,0.004,2.24,2.64,92.12
33,2.244,0.459,1.30,-11.466,155.685,-10.957,155.863,-1.615,0.117,-0.118,0.004,2.22,2.52,92.13
33,2.244,0.459,1.35,-11.466,155.685,-10.953,155.854,-1.614,0.090,-0.126,0.003,2.19,2.39,92.15
33,2.244,0.459,1.40,-11.466,155.685,-10.952,155.849,-1.614,0.078,-0.128,0.003,2.14,2.27,92.15
33,2.244,0.459,1.45,-11.466,155.685,-10.951,155.839,-1.614,0.049,-0.133,0.002,2.08,2.15,92.16
33,2.244,0.459,1.50,-11.466,155.685,-10.951,155.835,-1.614,0.037,-0.135,0.002,2.02,2.05,92.16
33,2.244,0.459,1.55,-11.466,155.685,-10.953,155.827,-1.614,0.014,-0.136,0.002,1.94,1.95,92.15
33,2.244,0.459,1.60,-11.466,155.685,-10.954,155.823,-1.614,0.003,-0.136,0.002,1.85,1.86,92.15
33,2.244,0.459,1.65,-11.466,155.685,-10.958,155.814,-1.614,-0.020,-0.135,0.001,1.76,1.78,92.14
33,2.244,0.459,1.70,-11.466,155.685,-10.960,155.811,-1.614,-0.030,-0.134,0.001,1.67,1.72,92.12
33,2.244,0.459,1.75,-11.466,155.685,-10.965,155.804,-1.614,-0.047,-0.131,0.001,1.57,1.66,92.11
33,2.244,0.459,1.80,-11.466,155.685,-10.968,155.800,-1.614,-0.056,-0.130,0.001,1.48,1.61,92.10
33,2.244,0.459,1.85,-11.466,155.685,-10.975,155.793,-1.614,-0.073,-0.126,0.001,1.38,1.57,92.10
33,2.244,0.459,1.90,-11.466,155.685,-10.979,155.790,-1.614,-0.079,-0.124,0.001,1.28,1.54,92.09
33,2.244,0.459,1.95,-11.466,155.685,-10.986,155.784,-1.614,-0.092,-0.120,0.000,1.19,1.51,92.09
33,2.244,0.459,2.00,-11.466,155.685,-10.990,155.781,-1.614,-0.097,-0.118,0.000,1.10,1.49,92.10
33,2.244,0.459,2.05,-11.466,155.685,-10.999,155.775,-1.614,-0.108,-0.113,0.000,1.01,1.47,92.11
33,2.244,0.459,2.10,-11.466,155.685,-11.003,155.772,-1.614,-0.113,-0.111,0.000,0.94,1.45,92.12
33,2.244,0.459,2.15,-11.466,155.685,-11.011,155.767,-1.614,-0.120,-0.107,0.000,0.86,1.44,92.14
33,2.244,0.459,2.20,-11.466,155.685,-11.015,155.765,-1.614,-0.123,-0.105,0.000,0.78,1.43,92.16
33,2.244,0.459,2.25,-11.466,155.685,-11.025,155.759,-1.614,-0.129,-0.101,0.000,0.71,1.42,92.18
33,2.244,0.459,2.30,-11.466,155.685,-11.029,155.757,-1.614,-0.131,-0.099,0.000,0.65,1.41,92.21
33,2.244,0.459,2.35,-11.466,155.685,-11.038,155.752,-1.613,-0.135,-0.095,-0.000,0.59,1.40,92.23
33,2.244,0.459,2.40,-11.466,155.685,-11.042,155.750,-1.613,-0.136,-0.092,-0.000,0.54,1.39,92.24
33,2.244,0.459,2.45,-11.466,155.685,-11.051,155.746,-1.612,-0.138,-0.087,-0.001,0.49,1.38,92.26
33,2.244,0.459,2.50,-11.466,155.685,-11.055,155.744,-1.612,-0.138,-0.085,-0.001,0.45,1.37,92.27
33,2.244,0.459,2.55,-11.466,155.685,-11.062,155.740,-1.612,-0.138,-0.081,-0.002,0.41,1.37,92.28
33,2.244,0.459,2.60,-11.466,155.685,-11.066,155.739,-1.612,-0.138,-0.078,-0.002,0.38,1.37,92.28
33,2.244,0.459,2.65,-11.466,155.685,-11.075,155.736,-1.612,-0.137,-0.073,-0.003,0.35,1.37,92.28
33,2.244,0.459,2.70,-11.466,155.685,-11.079,155.734,-1.612,-0.137,-0.071,-0.003,0.33,1.37,92.28
33,2.244,0.459,2.75,-11.466,155.685,-11.086,155.731,-1.613,-0.136,-0.068,-0.004,0.32,1.38,92.30
33,2.244,0.459,2.80,-11.466,155.685,-11.090,155.729,-1.614,-0.135,-0.066,-0.004,0.30,1.38,92.31
33,2.244,0.459,2.85,-11.466,155.685,-11.098,155.726,-1.615,-0.133,-0.062,-0.003,0.29,1.38,92.32
33,2.244,0.459,2.90,-11.466,155.685,-11.101,155.724,-1.616,-0.131,-0.061,-0.003,0.28,1.38,92.33
33,2.244,0.459,2.95,-11.466,155.685,-11.107,155.721,-1.616,-0.128,-0.058,-0.002,0.27,1.38,92.35
33,2.244,0.459,3.00,-11.466,155.685,-11.110,155.720,-1.617,-0.127,-0.057,-0.002,0.26,1.38,92.36
33,2.244,0.459,3.05,-11.466,155.685,-11.116,155.716,-1.617,-0.123,-0.055,-0.001,0.26,1.38,92.38
33,2.244,0.459,3.10,-11.466,155.685,-11.119,155.714,-1.617,-0.122,-0.053,-0.000,0.27,1.37,92.39
33,2.244,0.459,3.15,-11.466,155.685,-11.125,155.712,-1.617,-0.119,-0.051,0.000,0.27,1.36,92.40
33,2.244,0.459,3.20,-11.466,155.685,-11.128,155.710,-1.618,-0.118,-0.050,0.000,0.28,1.36,92.40
33,2.244,0.459,3.25,-11.466,155.685,-11.135,155.707,-1.618,-0.116,-0.047,0.001,0.29,1.35,92.40
33,2.244,0.459,3.30,-11.466,155.685,-11.138,155.706,-1.618,-0.115,-0.045,0.001,0.29,1.34,92.40
33,2.244,0.459,3.35,-11.466,155.685,-11.145,155.704,-1.619,-0.114,-0.042,0.001,0.30,1.34,92.40
33,2.244,0.459,3.40,-11.466,155.685,-11.148,155.703,-1.619,-0.113,-0.041,0.001,0.30,1.33,92.39
33,2.244,0.459,3.45,-11.466,155.685,-11.156,155.700,-1.620,-0.112,-0.038,0.001,0.29,1.33,92.39
33,2.244,0.459,3.50,-11.466,155.685,-11.159,155.699,-1.620,-0.111,-0.036,0.002,0.28,1.33,92.38
33,2.244,0.459,3.55,-11.466,155.685,-11.165,155.698,-1.620,-0.109,-0.034,0.002,0.28,1.33,92.37
33,2.244,0.459,3.60,-11.466,155.685,-11.169,155.697,-1.620,-0.108,-0.033,0.002,0.27,1.33,92.37
33,2.244,0.459,3.65,-11.466,155.685,-11.176,155.695,-1.621,-0.107,-0.030,0.003,0.26,1.33,92.36
33,2.244,0.459,3.70,-11.466,155.685,-11.179,155.695,-1.621,-0.106,-0.029,0.003,0.25,1.33,92.35
33,2.244,0.459,3.75,-11.466,155.685,-11.186,155.693,-1.621,-0.104,-0.026,0.003,0.23,1.34,92.35
33,2.244,0.459,3.80,-11.466,155.685,-11.188,155.692,-1.621,-0.103,-0.026,0.003,0.22,1.34,92.34
33,2.244,0.459,3.85,-11.466,155.685,-11.195,155.690,-1.622,-0.100,-0.024,0.003,0.21,1.34,92.34
33,2.244,0.459,3.90,-11.466,155.685,-11.197,155.689,-1.622,-0.098,-0.023,0.004,0.20,1.35,92.33
33,2.244,0.459,3.95,-11.466,155.685,-11.202,155.687,-1.622,-0.095,-0.022,0.004,0.19,1.35,92.32
33,2.244,0.459,4.00,-11.466,155.685,-11.204,155.686,-1.622,-0.093,-0.021,0.004,0.19,1.34,92.32
33,2.244,0.459,4.05,-11.466,155.685,-11.208,155.684,-1.623,-0.089,-0.019,0.004,0.19,1.34,92.31
33,2.244,0.459,4.10,-11.466,155.685,-11.210,155.683,-1.623,-0.087,-0.018,0.004,0.20,1.34,92.30
33,2.244,0.459,4.15,-11.466,155.685,-11.213,155.682,-1.623,-0.083,-0.017,0.004,0.21,1.33,92.29
33,2.244,0.459,4.20,-11.466,155.685,-11.214,155.681,-1.623,-0.081,-0.016,0.004,0.22,1.32,92.28
33,2.244,0.459,4.25,-11.466,155.685,-11.216,155.679,-1.624,-0.076,-0.014,0.004,0.24,1.32,92.27
33,2.244,0.459,4.30,-11.466,155.685,-11.217,155.679,-1.624,-0.074,-0.013,0.004,0.26,1.31,92.26
33,2.244,0.459,4.35,-11.466,155.685,-11.219,155.678,-1.624,-0.070,-0.012,0.004,0.29,1.31,92.25
33,2.244,0.459,4.40,-11.466,155.685,-11.219,155.677,-1.624,-0.068,-0.011,0.005,0.32,1.31,92.24
33,2.244,0.459,4.45,-11.466,155.685,-11.221,155.676,-1.624,-0.066,-0.009,0.005,0.35,1.30,92.24
33,2.244,0.459,4.50,-11.466,155.685,-11.222,155.676,-1.624,-0.064,-0.008,0.005,0.38,1.30,92.24
33,2.244,0.459,4.55,-11.466,155.685,-11.224,155.677,-1.624,-0.063,-0.006,0.005,0.41,1.30,92.24
33,2.244,0.459,4.60,-11.466,155.685,-11.225,155.677,-1.624,-0.062,-0.005,0.005,0.44,1.31,92.24
33,2.244,0.459,4.65,-11.466,155.685,-11.228,155.678,-1.624,-0.062,-0.002,0.005,0.46,1.31,92.24
33,2.244,0.459,4.70,-11.466,155.685,-11.229,155.678,-1.624,-0.062,-0.001,0.005,0.48,1.32,92.25
33,2.244,0.459,4.75,-11.466,155.685,-11.232,155.679,-1.624,-0.061,0.001,0.005,0.50,1.34,92.25
33,2.244,0.459,4.80,-11.466,155.685,-11.233,155.679,-1.624,-0.061,0.001,0.005,0.51,1.35,92.26
33,2.244,0.459,4.85,-11.466,155.685,-11.236,155.680,-1.624,-0.062,0.002,0.005,0.51,1.37,92.26
33,2.244,0.459,4.90,-11.466,155.685,-11.238,155.680,-1.625,-0.062,0.002,0.004,0.52,1.38,92.27
33,2.244,0.459,4.95,-11.466,155.685,-11.242,155.680,-1.625,-0.063,0.003,0.004,0.51,1.40,92.27
33,2.244,0.459,5.00,-11.466,155.685,-11.243,155.680,-1.625,-0.063,0.003,0.004,0.51,1.40,92.27
33,2.244,0.459,5.05,-11.466,155.685,-11.248,155.680,-1.626,-0.064,0.003,0.005,0.51,1.41,92.28
33,2.244,0.459,5.10,-11.466,155.685,-11.250,155.680,-1.626,-0.064,0.003,0.005,0.50,1.41,92.28
33,2.244,0.459,5.15,-11.466,155.685,-11.254,155.680,-1.626,-0.065,0.003,0.005,0.48,1.42,92.29
33,2.244,0.459,5.20,-11.466,155.685,-11.256,155.680,-1.626,-0.065,0.003,0.005,0.47,1.42,92.30
33,2.244,0.459,5.25,-11.466,155.685,-11.261,155.680,-1.626,-0.066,0.004,0.006,0.45,1.42,92.30
33,2.244,0.459,5.30,-11.466,155.685,-11.263,155.679,-1.626,-0.066,0.004,0.006,0.44,1.42,92.31
33,2.244,0.459,5.35,-11.466,155.685,-11.267,155.680,-1.625,-0.067,0.004,0.006,0.42,1.42,92.32
33,2.244,0.459,5.40,-11.466,155.685,-11.270,155.680,-1.625,-0.067,0.004,0.006,0.40,1.42,92.34
33,2.244,0.459,5.45,-11.466,155.685,-11.275,155.680,-1.624,-0.067,0.005,0.006,0.38,1.43,92.35
33,2.244,0.459,5.50,-11.466,155.685,-11.277,155.680,-1.624,-0.067,0.005,0.005,0.36,1.43,92.36
33,2.244,0.459,5.55,-11.466,155.685,-11.282,155.681,-1.624,-0.067,0.006,0.005,0.34,1.43,92.37
33,2.244,0.459,5.60,-11.466,155.685,-11.284,155.681,-1.623,-0.067,0.007,0.005,0.32,1.44,92.38
33,2.244,0.459,5.65,-11.466,155.685,-11.289,155.682,-1.623,-0.066,0.007,0.004,0.30,1.45,92.38
33,2.244,0.459,5.70,-11.466,155.685,-11.292,155.683,-1.623,-0.065,0.008,0.004,0.28,1.46,92.39
33,2.244,0.459,5.75,-11.466,155.685,-11.296,155.684,-1.623,-0.064,0.008,0.003,0.26,1.47,92.39
33,2.244,0.459,5.80,-11.466,155.685,-11.298,155.684,-1.622,-0.063,0.008,0.003,0.25,1.48,92.39
33,2.244,0.459,5.85,-11.466,155.685,-11.303,155.685,-1.622,-0.062,0.008,0.002,0.24,1.49,92.39
33,2.244,0.459,5.90,-11.466,155.685,-11.305,155.686,-1.622,-0.061,0.009,0.002,0.23,1.50,92.38
33,2.244,0.459,5.95,-11.466,155.685,-11.310,155.687,-1.621,-0.059,0.009,0.002,0.22,1.51,92.38
33,2.244,0.459,6.00,-11.466,155.685,-11.312,155.688,-1.621,-0.058,0.009,0.002,0.21,1.52,92.38
33,2.244,0.459,6.05,-11.466,155.685,-11.317,155.690,-1.621,-0.056,0.009,0.001,0.20,1.52,92.37
33,2.244,0.459,6.10,-11.466,155.685,-11.319,155.691,-1.620,-0.055,0.009,0.001,0.19,1.53,92.37
33,2.244,0.459,6.15,-11.466,155.685,-11.323,155.692,-1.620,-0.053,0.009,0.000,0.19,1.55,92.37
33,2.244,0.459,6.20,-11.466,155.685,-11.325,155.693,-1.620,-0.052,0.009,0.000,0.18,1.56,92.37
33,2.244,0.459,6.25,-11.466,155.685,-11.328,155.695,-1.620,-0.049,0.008,0.000,0.18,1.57,92.36
33,2.244,0.459,6.30,-11.466,155.685,-11.330,155.696,-1.620,-0.048,0.008,0.000,0.17,1.58,92.36
33,2.244,0.459,6.35,-11.466,155.685,-11.333,155.697,-1.620,-0.045,0.007,-0.000,0.17,1.60,92.35
33,2.244,0.459,6.40,-11.466,155.685,-11.334,155.698,-1.620,-0.044,0.006,-0.000,0.18,1.60,92.34
33,2.244,0.459,6.45,-11.466,155.685,-11.336,155.699,-1.619,-0.040,0.005,-0.001,0.18,1.61,92.33
33,2.244,0.459,6.50,-11.466,155.685,-11.337,155.699,-1.619,-0.039,0.004,-0.001,0.19,1.61,92.33
33,2.244,0.459,6.55,-11.466,155.685,-11.338,155.699,-1.619,-0.036,0.002,-0.001,0.20,1.62,92.32
33,2.244,0.459,6.60,-11.466,155.685,-11.338,155.699,-1.619,-0.034,0.001,-0.001,0.21,1.62,92.31
33,2.244,0.459,6.65,-11.466,155.685,-11.338,155.699,-1.620,-0.030,-0.001,-0.001,0.23,1.61,92.30
33,2.244,0.459,6.70,-11.466,155.685,-11.338,155.699,-1.620,-0.029,-0.002,-0.001,0.25,1.61,92.29
33,2.244,0.459,6.75,-11.466,155.685,-11.339,155.699,-1.620,-0.027,-0.003,-0.001,0.27,1.60,92.28
33,2.244,0.459,6.80,-11.466,155.685,-11.339,155.699,-1.620,-0.026,-0.004,-0.001,0.29,1.59,92.28
33,2.244,0.459,6.85,-11.466,155.685,-11.339,155.699,-1.620,-0.024,-0.006,-0.001,0.32,1.58,92.27
33,2.244,0.459,6.90,-11.466,155.685,-11.339,155.699,-1.619,-0.023,-0.006,-0.001,0.35,1.57,92.27
33,2.244,0.459,6.95,-11.466,155.685,-11.339,155.698,-1.619,-0.022,-0.008,-0.001,0.37,1.56,92.27
33,2.244,0.459,7.00,-11.466,155.685,-11.339,155.698,-1.619,-0.021,-0.008,-0.001,0.39,1.55,92.27
33,2.244,0.459,7.05,-11.466,155.685,-11.339,155.697,-1.618,-0.020,-0.010,-0.001,0.41,1.53,92.27
33,2.244,0.459,7.10,-11.466,155.685,-11.339,155.696,-1.618,-0.020,-0.010,-0.001,0.43,1.52,92.26
33,2.244,0.459,7.15,-11.466,155.685,-11.340,155.695,-1.618,-0.020,-0.011,-0.002,0.44,1.51,92.26
33,2.244,0.459,7.20,-11.466,155.685,-11.340,155.694,-1.618,-0.021,-0.012,-0.002,0.46,1.49,92.26
33,2.244,0.459,7.25,-11.466,155.685,-11.342,155.693,-1.618,-0.022,-0.013,-0.002,0.47,1.48,92.26
33,2.244,0.459,7.30,-11.466,155.685,-11.343,155.692,-1.619,-0.023,-0.014,-0.002,0.48,1.46,92.27
33,2.244,0.459,7.35,-11.466,155.685,-11.345,155.691,-1.619,-0.024,-0.014,-0.002,0.48,1.44,92.27
33,2.244,0.459,7.40,-11.466,155.685,-11.346,155.690,-1.619,-0.025,-0.014,-0.002,0.48,1.43,92.27
33,2.244,0.459,7.45,-11.466,155.685,-11.349,155.690,-1.619,-0.027,-0.014,-0.002,0.47,1.41,92.28
33,2.244,0.459,7.50,-11.466,155.685,-11.351,155.689,-1.619,-0.028,-0.014,-0.002,0.45,1.40,92.29
33,2.244,0.459,7.55,-11.466,155.685,-11.353,155.689,-1.620,-0.029,-0.013,-0.002,0.44,1.39,92.29
33,2.244,0.459,7.60,-11.466,155.685,-11.355,155.689,-1.620,-0.029,-0.012,-0.002,0.42,1.39,92.30
33,2.244,0.459,7.65,-11.466,155.685,-11.358,155.689,-1.620,-0.030,-0.011,-0.002,0.40,1.39,92.31
33,2.244,0.459,7.70,-11.466,155.685,-11.360,155.689,-1.621,-0.031,-0.010,-0.001,0.38,1.38,92.32
33,2.244,0.459,7.75,-11.466,155.685,-11.362,155.689,-1.621,-0.031,-0.009,-0.001,0.36,1.39,92.34
33,2.244,0.459,7.80,-11.466,155.685,-11.363,155.690,-1.622,-0.030,-0.008,-0.001,0.34,1.39,92.35
33,2.244,0.459,7.85,-11.466,155.685,-11.365,155.690,-1.622,-0.029,-0.006,-0.000,0.32,1.40,92.36
33,2.244,0.459,7.90,-11.466,155.685,-11.366,155.691,-1.623,-0.029,-0.005,-0.000,0.31,1.42,92.37
33,2.244,0.459,7.95,-11.466,155.685,-11.368,155.692,-1.623,-0.027,-0.004,0.001,0.30,1.43,92.37
34,-0.351,3.135,0.00,-11.466,155.685,-11.367,155.653,-1.615,0.130,-0.050,-0.007,1.37,0.91,92.23
34,-0.351,3.135,0.05,-11.466,155.685,-11.362,155.650,-1.615,0.132,-0.052,-0.007,1.51,0.84,92.24
34,-0.351,3.135,0.10,-11.466,155.685,-11.353,155.646,-1.614,0.135,-0.055,-0.008,1.65,0.77,92.24
34,-0.351,3.135,0.15,-11.466,155.685,-11.348,155.643,-1.614,0.136,-0.057,-0.008,1.78,0.70,92.24
34,-0.351,3.135,0.20,-11.466,155.685,-11.338,155.637,-1.614,0.136,-0.060,-0.009,1.90,0.64,92.24
34,-0.351,3.135,0.25,-11.466,155.685,-11.334,155.635,-1.614,0.135,-0.061,-0.009,2.02,0.57,92.24
34,-0.351,3.135,0.30,-11.466,155.685,-11.326,155.629,-1.615,0.132,-0.063,-0.009,2.12,0.50,92.23
34,-0.351,3.135,0.35,-11.466,155.685,-11.323,155.627,-1.615,0.130,-0.064,-0.010,2.22,0.43,92.23
34,-0.351,3.135,0.40,-11.466,155.685,-11.315,155.621,-1.616,0.124,-0.066,-0.010,2.31,0.37,92.22
34,-0.351,3.135,0.45,-11.466,155.685,-11.312,155.618,-1.617,0.121,-0.067,-0.010,2.38,0.30,92.22
34,-0.351,3.135,0.50,-11.466,155.685,-11.306,155.613,-1.618,0.115,-0.067,-0.009,2.44,0.23,92.22
34,-0.351,3.135,0.55,-11.466,155.685,-11.303,155.611,-1.619,0.111,-0.067,-0.009,2.50,0.16,92.23
34,-0.351,3.135,0.60,-11.466,155.685,-11.297,155.606,-1.620,0.103,-0.066,-0.008,2.54,0.11,92.24
34,-0.351,3.135,0.65,-11.466,155.685,-11.294,155.604,-1.621,0.099,-0.066,-0.007,2.58,0.05,92.25
34,-0.351,3.135,0.70,-11.466,155.685,-11.289,155.600,-1.622,0.091,-0.064,-0.006,2.61,-0.00,92.27
34,-0.351,3.135,0.75,-11.466,155.685,-11.287,155.598,-1.623,0.087,-0.063,-0.005,2.64,-0.05,92.29
34,-0.351,3.135,0.80,-11.466,155.685,-11.283,155.594,-1.623,0.078,-0.061,-0.003,2.65,-0.09,92.30
34,-0.351,3.135,0.85,-11.466,155.685,-11.281,155.593,-1.623,0.074,-0.060,-0.002,2.67,-0.13,92.32
34,-0.351,3.135,0.90,-11.466,155.685,-11.278,155.590,-1.623,0.066,-0.057,-0.001,2.68,-0.16,92.33
34,-0.351,3.135,0.95,-11.466,155.685,-11.277,155.588,-1.623,0.062,-0.056,-0.001,2.68,-0.19,92.34
34,-0.351,3.135,1.00,-11.466,155.685,-11.274,155.584,-1.622,0.053,-0.054,-0.001,2.69,-0.22,92.35
34,-0.351,3.135,1.05,-11.466,155.685,-11.272,155.583,-1.621,0.049,-0.052,-0.000,2.69,-0.25,92.36
34,-0.351,3.135,1.10,-11.466,155.685,-11.270,155.580,-1.621,0.042,-0.050,-0.001,2.69,-0.28,92.36
34,-0.351,3.135,1.15,-11.466,155.685,-11.269,155.579,-1.620,0.038,-0.048,-0.001,2.69,-0.30,92.36
34,-0.351,3.135,1.20,-11.466,155.685,-11.266,155.577,-1.619,0.030,-0.045,-0.001,2.69,-0.33,92.36
34,-0.351,3.135,1.25,-11.466,155.685,-11.265,155.576,-1.619,0.027,-0.043,-0.002,2.69,-0.35,92.36
34,-0.351,3.135,1.30,-11.466,155.685,-11.263,155.574,-1.618,0.020,-0.040,-0.002,2.68,-0.36,92.36
34,-0.351,3.135,1.35,-11.466,155.685,-11.263,155.573,-1.618,0.017,-0.039,-0.002,2.68,-0.38,92.36
34,-0.351,3.135,1.40,-11.466,155.685,-11.261,155.571,-1.617,0.010,-0.036,-0.003,2.68,-0.39,92.36
34,-0.351,3.135,1.45,-11.466,155.685,-11.260,155.570,-1.617,0.007,-0.034,-0.004,2.68,-0.41,92.35
34,-0.351,3.135,1.50,-11.466,155.685,-11.258,155.569,-1.617,0.002,-0.031,-0.004,2.67,-0.42,92.35
34,-0.351,3.135,1.55,-11.466,155.685,-11.258,155.569,-1.616,-0.001,-0.030,-0.005,2.67,-0.43,92.34
34,-0.351,3.135,1.60,-11.466,155.685,-11.256,155.568,-1.615,-0.007,-0.026,-0.005,2.67,-0.44,92.33
34,-0.351,3.135,1.65,-11.466,155.685,-11.256,155.567,-1.615,-0.010,-0.025,-0.006,2.67,-0.45,92.32
34,-0.351,3.135,1.70,-11.466,155.685,-11.255,155.567,-1.615,-0.015,-0.022,-0.007,2.67,-0.45,92.31
34,-0.351,3.135,1.75,-11.466,155.685,-11.255,155.567,-1.615,-0.018,-0.020,-0.007,2.67,-0.46,92.30
34,-0.351,3.135,1.80,-11.466,155.685,-11.256,155.567,-1.615,-0.024,-0.017,-0.007,2.66,-0.46,92.30
34,-0.351,3.135,1.85,-11.466,155.685,-11.256,155.567,-1.616,-0.027,-0.015,-0.007,2.66,-0.46,92.29
34,-0.351,3.135,1.90,-11.466,155.685,-11.258,155.567,-1.616,-0.033,-0.013,-0.007,2.65,-0.46,92.29
34,-0.351,3.135,1.95,-11.466,155.685,-11.259,155.568,-1.616,-0.035,-0.011,-0.007,2.63,-0.45,92.28
34,-0.351,3.135,2.00,-11.466,155.685,-11.261,155.569,-1.617,-0.041,-0.009,-0.007,2.61,-0.45,92.28
34,-0.351,3.135,2.05,-11.466,155.685,-11.262,155.569,-1.617,-0.043,-0.008,-0.007,2.59,-0.45,92.28
34,-0.351,3.135,2.10,-11.466,155.685,-11.265,155.570,-1.618,-0.048,-0.006,-0.007,2.57,-0.44,92.28
34,-0.351,3.135,2.15,-11.466,155.685,-11.266,155.570,-1.618,-0.050,-0.005,-0.006,2.54,-0.44,92.28
34,-0.351,3.135,2.20,-11.466,155.685,-11.270,155.571,-1.619,-0.055,-0.003,-0.006,2.52,-0.43,92.29
34,-0.351,3.135,2.25,-11.466,155.685,-11.272,155.572,-1.619,-0.057,-0.003,-0.005,2.49,-0.43,92.29
34,-0.351,3.135,2.30,-11.466,155.685,-11.275,155.573,-1.620,-0.060,-0.001,-0.004,2.46,-0.43,92.29
34,-0.351,3.135,2.35,-11.466,155.685,-11.277,155.574,-1.620,-0.061,-0.000,-0.004,2.42,-0.42,92.29
34,-0.351,3.135,2.40,-11.466,155.685,-11.281,155.575,-1.621,-0.064,0.002,-0.003,2.39,-0.42,92.29
34,-0.351,3.135,2.45,-11.466,155.685,-11.283,155.576,-1.622,-0.065,0.003,-0.003,2.36,-0.41,92.29
34,-0.351,3.135,2.50,-11.466,155.685,-11.286,155.578,-1.622,-0.066,0.004,-0.002,2.34,-0.41,92.28
34,-0.351,3.135,2.55,-11.466,155.685,-11.288,155.579,-1.623,-0.066,0.005,-0.002,2.31,-0.40,92.28
34,-0.351,3.135,2.60,-11.466,155.685,-11.292,155.582,-1.623,-0.067,0.006,-0.001,2.29,-0.39,92.27
34,-0.351,3.135,2.65,-11.466,155.685,-11.294,155.583,-1.624,-0.067,0.007,-0.000,2.27,-0.38,92.27
34,-0.351,3.135,2.70,-11.466,155.685,-11.298,155.585,-1.624,-0.068,0.008,0.001,2.26,-0.37,92.26
34,-0.351,3.135,2.75,-11.466,155.685,-11.300,155.586,-1.625,-0.068,0.008,0.001,2.24,-0.35,92.26
34,-0.351,3.135,2.80,-11.466,155.685,-11.305,155.589,-1.625,-0.068,0.009,0.002,2.23,-0.34,92.26
34,-0.351,3.135,2.85,-11.466,155.685,-11.307,155.590,-1.625,-0.068,0.009,0.003,2.21,-0.33,92.26
34,-0.351,3.135,2.90,-11.466,155.685,-11.312,155.592,-1.625,-0.069,0.009,0.003,2.19,-0.32,92.27
34,-0.351,3.135,2.95,-11.466,155.685,-11.315,155.592,-1.625,-0.069,0.008,0.004,2.17,-0.32,92.28
34,-0.351,3.135,3.00,-11.466,155.685,-11.320,155.594,-1.625,-0.069,0.008,0.004,2.16,-0.31,92.28
34,-0.351,3.135,3.05,-11.466,155.685,-11.323,155.595,-1.625,-0.069,0.007,0.004,2.13,-0.31,92.29
34,-0.351,3.135,3.10,-11.466,155.685,-11.328,155.596,-1.625,-0.068,0.006,0.004,2.11,-0.31,92.30
34,-0.351,3.135,3.15,-11.466,155.685,-11.330,155.596,-1.624,-0.068,0.005,0.004,2.08,-0.31,92.32
34,-0.351,3.135,3.20,-11.466,155.685,-11.335,155.597,-1.624,-0.066,0.004,0.004,2.06,-0.32,92.32
34,-0.351,3.135,3.25,-11.466,155.685,-11.337,155.597,-1.624,-0.066,0.003,0.004,2.04,-0.33,92.33
34,-0.351,3.135,3.30,-11.466,155.685,-11.342,155.598,-1.624,-0.064,0.002,0.003,2.02,-0.34,92.34
34,-0.351,3.135,3.35,-11.466,155.685,-11.344,155.598,-1.624,-0.063,0.002,0.003,2.00,-0.35,92.35
34,-0.351,3.135,3.40,-11.466,155.685,-11.349,155.597,-1.624,-0.061,0.000,0.003,1.99,-0.36,92.35
34,-0.351,3.135,3.45,-11.466,155.685,-11.351,155.597,-1.624,-0.060,-0.000,0.003,1.97,-0.37,92.36
34,-0.351,3.135,3.50,-11.466,155.685,-11.355,155.596,-1.624,-0.058,-0.002,0.003,1.96,-0.39,92.36
34,-0.351,3.135,3.55,-11.466,155.685,-11.356,155.595,-1.624,-0.057,-0.003,0.003,1.95,-0.41,92.37
34,-0.351,3.135,3.60,-11.466,155.685,-11.360,155.594,-1.625,-0.054,-0.004,0.003,1.94,-0.43,92.37
34,-0.351,3.135,3.65,-11.466,155.685,-11.361,155.593,-1.626,-0.052,-0.004,0.003,1.94,-0.45,92.37
34,-0.351,3.135,3.70,-11.466,155.685,-11.364,155.592,-1.627,-0.049,-0.005,0.004,1.93,-0.48,92.37
34,-0.351,3.135,3.75,-11.466,155.685,-11.365,155.592,-1.627,-0.048,-0.004,0.004,1.93,-0.50,92.37
34,-0.351,3.135,3.80,-11.466,155.685,-11.367,155.591,-1.628,-0.044,-0.004,0.005,1.94,-0.52,92.36
34,-0.351,3.135,3.85,-11.466,155.685,-11.368,155.590,-1.628,-0.042,-0.004,0.005,1.94,-0.54,92.36
34,-0.351,3.135,3.90,-11.466,155.685,-11.370,155.590,-1.629,-0.039,-0.003,0.006,1.96,-0.56,92.35
34,-0.351,3.135,3.95,-11.466,155.685,-11.370,155.589,-1.629,-0.038,-0.002,0.006,1.97,-0.58,92.34
34,-0.351,3.135,4.00,-11.466,155.685,-11.372,155.589,-1.630,-0.035,-0.000,0.007,1.98,-0.59,92.34
34,-0.351,3.135,4.05,-11.466,155.685,-11.373,155.589,-1.630,-0.034,0.000,0.007,2.00,-0.60,92.33
34,-0.351,3.135,4.10,-11.466,155.685,-11.374,155.589,-1.631,-0.031,0.002,0.008,2.01,-0.61,92.33
34,-0.351,3.135,4.15,-11.466,155.685,-11.375,155.589,-1.631,-0.031,0.003,0.008,2.03,-0.61,92.32
34,-0.351,3.135,4.20,-11.466,155.685,-11.377,155.589,-1.631,-0.029,0.005,0.009,2.04,-0.62,92.32
34,-0.351,3.135,4.25,-11.466,155.685,-11.378,155.590,-1.631,-0.028,0.006,0.009,2.05,-0.62,92.31
34,-0.351,3.135,4.30,-11.466,155.685,-11.379,155.591,-1.631,-0.027,0.008,0.009,2.06,-0.61,92.31
34,-0.351,3.135,4.35,-11.466,155.685,-11.380,155.592,-1.632,-0.027,0.010,0.009,2.07,-0.61,92.31
34,-0.351,3.135,4.40,-11.466,155.685,-11.383,155.594,-1.632,-0.026,0.013,0.010,2.08,-0.60,92.31
34,-0.351,3.135,4.45,-11.466,155.685,-11.384,155.595,-1.632,-0.026,0.014,0.010,2.08,-0.59,92.32
34,-0.351,3.135,4.50,-11.466,155.685,-11.386,155.597,-1.633,-0.026,0.017,0.010,2.08,-0.57,92.32
34,-0.351,3.135,4.55,-11.466,155.685,-11.387,155.599,-1.633,-0.025,0.018,0.011,2.08,-0.55,92.32
34,-0.351,3.135,4.60,-11.466,155.685,-11.390,155.602,-1.633,-0.025,0.020,0.011,2.07,-0.53,92.32
34,-0.351,3.135,4.65,-11.466,155.685,-11.391,155.604,-1.634,-0.025,0.021,0.011,2.07,-0.50,92.32
34,-0.351,3.135,4.70,-11.466,155.685,-11.393,155.607,-1.634,-0.024,0.023,0.012,2.06,-0.48,92.33
34,-0.351,3.135,4.75,-11.466,155.685,-11.394,155.608,-1.633,-0.023,0.023,0.012,2.05,-0.45,92.33
34,-0.351,3.135,4.80,-11.466,155.685,-11.397,155.612,-1.633,-0.022,0.025,0.013,2.05,-0.43,92.33
34,-0.351,3.135,4.85,-11.466,155.685,-11.398,155.614,-1.633,-0.022,0.025,0.013,2.04,-0.40,92.34
34,-0.351,3.135,4.90,-11.466,155.685,-11.400,155.617,-1.632,-0.021,0.026,0.013,2.04,-0.37,92.34
34,-0.351,3.135,4.95,-11.466,155.685,-11.401,155.619,-1.632,-0.020,0.026,0.013,2.04,-0.35,92.35
34,-0.351,3.135,5.00,-11.466,155.685,-11.403,155.622,-1.630,-0.019,0.025,0.012,2.04,-0.33,92.35
34,-0.351,3.135,5.05,-11.466,155.685,-11.404,155.623,-1.630,-0.019,0.025,0.012,2.03,-0.31,92.35
34,-0.351,3.135,5.10,-11.466,155.685,-11.406,155.625,-1.629,-0.017,0.023,0.011,2.03,-0.29,92.35
34,-0.351,3.135,5.15,-11.466,155.685,-11.406,155.626,-1.629,-0.016,0.022,0.011,2.03,-0.28,92.34
34,-0.351,3.135,5.20,-11.466,155.685,-11.408,155.628,-1.629,-0.015,0.020,0.009,2.03,-0.27,92.34
34,-0.351,3.135,5.25,-11.466,155.685,-11.408,155.629,-1.629,-0.014,0.019,0.009,2.03,-0.26,92.34
34,-0.351,3.135,5.30,-11.466,155.685,-11.408,155.630,-1.629,-0.012,0.018,0.009,2.04,-0.26,92.33
34,-0.351,3.135,5.35,-11.466,155.685,-11.409,155.631,-1.629,-0.011,0.017,0.008,2.04,-0.27,92.33
34,-0.351,3.135,5.40,-11.466,155.685,-11.408,155.633,-1.629,-0.008,0.016,0.008,2.05,-0.27,92.33
34,-0.351,3.135,5.45,-11.466,155.685,-11.408,155.634,-1.630,-0.008,0.015,0.008,2.07,-0.27,92.34
34,-0.351,3.135,5.50,-11.466,155.685,-11.408,155.636,-1.630,-0.006,0.014,0.008,2.08,-0.28,92.34
34,-0.351,3.135,5.55,-11.466,155.685,-11.408,155.636,-1.630,-0.005,0.013,0.008,2.10,-0.28,92.34
34,-0.351,3.135,5.60,-11.466,155.685,-11.408,155.637,-1.630,-0.004,0.011,0.008,2.12,-0.28,92.34
34,-0.351,3.135,5.65,-11.466,155.685,-11.408,155.638,-1.630,-0.004,0.011,0.009,2.13,-0.28,92.34
34,-0.351,3.135,5.70,-11.466,155.685,-11.407,155.638,-1.630,-0.004,0.009,0.009,2.15,-0.29,92.34
34,-0.351,3.135,5.75,-11.466,155.685,-11.407,155.639,-1.630,-0.004,0.009,0.009,2.16,-0.29,92.34
34,-0.351,3.135,5.80,-11.466,155.685,-11.408,155.639,-1.630,-0.005,0.007,0.009,2.17,-0.30,92.34
34,-0.351,3.135,5.85,-11.466,155.685,-11.408,155.639,-1.630,-0.005,0.006,0.009,2.18,-0.31,92.33
34,-0.351,3.135,5.90,-11.466,155.685,-11.408,155.638,-1.630,-0.006,0.004,0.009,2.19,-0.32,92.33
34,-0.351,3.135,5.95,-11.466,155.685,-11.408,155.638,-1.630,-0.006,0.003,0.009,2.19,-0.34,92.32
34,-0.351,3.135,6.00,-11.466,155.685,-11.408,155.637,-1.629,-0.006,0.001,0.009,2.19,-0.35,92.32
34,-0.351,3.135,6.05,-11.466,155.685,-11.407,155.637,-1.629,-0.007,0.001,0.009,2.19,-0.37,92.31
34,-0.351,3.135,6.10,-11.466,155.685,-11.408,155.636,-1.629,-0.007,-0.001,0.008,2.19,-0.39,92.31
34,-0.351,3.135,6.15,-11.466,155.685,-11.408,155.636,-1.628,-0.008,-0.001,0.008,2.19,-0.41,92.30
34,-0.351,3.135,6.20,-11.466,155.685,-11.408,155.635,-1.628,-0.009,-0.002,0.008,2.19,-0.42,92.30
34,-0.351,3.135,6.25,-11.466,155.685,-11.408,155.634,-1.628,-0.009,-0.002,0.007,2.19,-0.44,92.30
34,-0.351,3.135,6.30,-11.466,155.685,-11.409,155.634,-1.628,-0.010,-0.002,0.007,2.19,-0.45,92.30
34,-0.351,3.135,6.35,-11.466,155.685,-11.409,155.634,-1.628,-0.010,-0.002,0.007,2.18,-0.47,92.30
34,-0.351,3.135,6.40,-11.466,155.685,-11.410,155.634,-1.629,-0.011,-0.002,0.007,2.18,-0.48,92.30
34,-0.351,3.135,6.45,-11.466,155.685,-11.410,155.634,-1.629,-0.011,-0.002,0.007,2.18,-0.49,92.30
34,-0.351,3.135,6.50,-11.466,155.685,-11.410,155.634,-1.629,-0.011,-0.001,0.007,2.17,-0.50,92.31
34,-0.351,3.135,6.55,-11.466,155.685,-11.410,155.634,-1.629,-0.011,-0.001,0.007,2.17,-0.50,92.31
34,-0.351,3.135,6.60,-11.466,155.685,-11.410,155.633,-1.630,-0.010,0.000,0.007,2.17,-0.51,92.32
34,-0.351,3.135,6.65,-11.466,155.685,-11.409,155.633,-1.630,-0.010,0.000,0.007,2.17,-0.51,92.32
34,-0.351,3.135,6.70,-11.466,155.685,-11.409,155.633,-1.630,-0.009,0.001,0.008,2.18,-0.52,92.33
34,-0.351,3.135,6.75,-11.466,155.685,-11.409,155.633,-1.630,-0.009,0.001,0.008,2.18,-0.52,92.33
34,-0.351,3.135,6.80,-11.466,155.685,-11.408,155.633,-1.630,-0.009,0.002,0.008,2.19,-0.52,92.34
34,-0.351,3.135,6.85,-11.466,155.685,-11.408,155.633,-1.630,-0.009,0.003,0.009,2.20,-0.52,92.34
34,-0.351,3.135,6.90,-11.466,155.685,-11.407,155.633,-1.629,-0.009,0.003,0.009,2.21,-0.52,92.34
34,-0.351,3.135,6.95,-11.466,155.685,-11.407,155.633,-1.629,-0.009,0.004,0.009,2.22,-0.52,92.34
34,-0.351,3.135,7.00,-11.466,155.685,-11.408,155.633,-1.629,-0.010,0.004,0.008,2.23,-0.52,92.34
34,-0.351,3.135,7.05,-11.466,155.685,-11.408,155.633,-1.628,-0.011,0.005,0.008,2.24,-0.52,92.34
34,-0.351,3.135,7.10,-11.466,155.685,-11.409,155.633,-1.627,-0.012,0.005,0.008,2.24,-0.53,92.34
34,-0.351,3.135,7.15,-11.466,155.685,-11.409,155.633,-1.627,-0.012,0.005,0.008,2.24,-0.52,92.33
34,-0.351,3.135,7.20,-11.466,155.685,-11.411,155.632,-1.626,-0.014,0.006,0.007,2.24,-0.53,92.33
34,-0.351,3.135,7.25,-11.466,155.685,-11.412,155.632,-1.625,-0.015,0.006,0.007,2.23,-0.53,92.32
34,-0.351,3.135,7.30,-11.466,155.685,-11.414,155.632,-1.624,-0.016,0.006,0.006,2.22,-0.53,92.32
34,-0.351,3.135,7.35,-11.466,155.685,-11.415,155.632,-1.623,-0.017,0.006,0.006,2.21,-0.54,92.32
34,-0.351,3.135,7.40,-11.466,155.685,-11.417,155.631,-1.622,-0.019,0.006,0.004,2.19,-0.54,92.31
34,-0.351,3.135,7.45,-11.466,155.685,-11.418,155.631,-1.621,-0.019,0.006,0.003,2.17,-0.55,92.31
34,-0.351,3.135,7.50,-11.466,155.685,-11.420,155.631,-1.620,-0.020,0.007,0.002,2.15,-0.55,92.30
34,-0.351,3.135,7.55,-11.466,155.685,-11.421,155.631,-1.619,-0.021,0.007,0.001,2.13,-0.56,92.30
34,-0.351,3.135,7.60,-11.466,155.685,-11.422,155.630,-1.617,-0.021,0.008,0.000,2.12,-0.56,92.30
34,-0.351,3.135,7.65,-11.466,155.685,-11.423,155.631,-1.617,-0.021,0.008,-0.001,2.10,-0.56,92.30
34,-0.351,3.135,7.70,-11.466,155.685,-11.424,155.631,-1.616,-0.020,0.009,-0.002,2.08,-0.56,92.30
34,-0.351,3.135,7.75,-11.466,155.685,-11.424,155.631,-1.615,-0.020,0.010,-0.003,2.07,-0.56,92.30
34,-0.351,3.135,7.80,-11.466,155.685,-11.425,155.632,-1.614,-0.018,0.011,-0.004,2.06,-0.56,92.30
34,-0.351,3.135,7.85,-11.466,155.685,-11.425,155.632,-1.614,-0.018,0.012,-0.005,2.06,-0.56,92.31
34,-0.351,3.135,7.90,-11.466,155.685,-11.425,155.632,-1.613,-0.016,0.012,-0.006,2.06,-0.55,92.31
34,-0.351,3.135,7.95,-11.466,155.685,-11.424,155.633,-1.613,-0.015,0.013,-0.006,2.07,-0.55,92.31
35,1.976,-0.741,0.00,-11.466,155.685,-11.484,155.747,-1.624,-0.122,0.153,-0.001,1.61,1.28,92.37
35,1.976,-0.741,0.05,-11.466,155.685,-11.495,155.760,-1.625,-0.133,0.155,-0.000,1.47,1.44,92.37
35,1.976,-0.741,0.10,-11.466,155.685,-11.500,155.766,-1.626,-0.137,0.155,0.001,1.34,1.58,92.37
35,1.976,-0.741,0.15,-11.466,155.685,-11.511,155.777,-1.627,-0.145,0.153,0.002,1.19,1.73,92.37
35,1.976,-0.741,0.20,-11.466,155.685,-11.517,155.783,-1.628,-0.149,0.152,0.002,1.05,1.85,92.37
35,1.976,-0.741,0.25,-11.466,155.685,-11.530,155.795,-1.629,-0.155,0.146,0.004,0.90,1.98,92.37
35,1.976,-0.741,0.30,-11.466,155.685,-11.536,155.800,-1.629,-0.157,0.143,0.004,0.75,2.09,92.37
35,1.976,-0.741,0.35,-11.466,155.685,-11.548,155.809,-1.629,-0.161,0.136,0.005,0.60,2.20,92.38
35,1.976,-0.741,0.40,-11.466,155.685,-11.554,155.814,-1.629,-0.163,0.132,0.006,0.45,2.28,92.38
35,1.976,-0.741,0.45,-11.466,155.685,-11.569,155.824,-1.629,-0.165,0.122,0.007,0.30,2.36,92.39
35,1.976,-0.741,0.50,-11.466,155.685,-11.575,155.828,-1.629,-0.165,0.117,0.007,0.16,2.43,92.39
35,1.976,-0.741,0.55,-11.466,155.685,-11.588,155.836,-1.629,-0.164,0.106,0.007,0.01,2.48,92.39
35,1.976,-0.741,0.60,-11.466,155.685,-11.594,155.840,-1.629,-0.163,0.101,0.008,-0.12,2.53,92.39
35,1.976,-0.741,0.65,-11.466,155.685,-11.608,155.847,-1.628,-0.159,0.088,0.008,-0.25,2.57,92.38
35,1.976,-0.741,0.70,-11.466,155.685,-11.614,155.849,-1.627,-0.157,0.082,0.008,-0.37,2.59,92.38
35,1.976,-0.741,0.75,-11.466,155.685,-11.625,155.854,-1.627,-0.151,0.070,0.007,-0.49,2.61,92.37
35,1.976,-0.741,0.80,-11.466,155.685,-11.631,155.856,-1.626,-0.148,0.064,0.007,-0.60,2.62,92.37
35,1.976,-0.741,0.85,-11.466,155.685,-11.642,155.859,-1.626,-0.138,0.049,0.006,-0.70,2.62,92.37
35,1.976,-0.741,0.90,-11.466,155.685,-11.647,155.860,-1.625,-0.134,0.043,0.006,-0.79,2.61,92.37
35,1.976,-0.741,0.95,-11.466,155.685,-11.656,155.861,-1.625,-0.124,0.030,0.005,-0.87,2.59,92.37
35,1.976,-0.741,1.00,-11.466,155.685,-11.660,155.861,-1.625,-0.119,0.024,0.005,-0.93,2.56,92.37
35,1.976,-0.741,1.05,-11.466,155.685,-11.668,155.860,-1.625,-0.107,0.010,0.004,-0.99,2.52,92.37
35,1.976,-0.741,1.10,-11.466,155.685,-11.672,155.860,-1.625,-0.101,0.003,0.004,-1.04,2.47,92.38
35,1.976,-0.741,1.15,-11.466,155.685,-11.678,155.857,-1.624,-0.090,-0.008,0.004,-1.08,2.42,92.38
35,1.976,-0.741,1.20,-11.466,155.685,-11.681,155.856,-1.624,-0.084,-0.014,0.004,-1.10,2.36,92.38
35,1.976,-0.741,1.25,-11.466,155.685,-11.686,155.852,-1.623,-0.071,-0.026,0.004,-1.13,2.29,92.38
35,1.976,-0.741,1.30,-11.466,155.685,-11.688,155.850,-1.622,-0.066,-0.030,0.004,-1.14,2.23,92.38
35,1.976,-0.741,1.35,-11.466,155.685,-11.692,155.846,-1.621,-0.054,-0.039,0.004,-1.15,2.15,92.38
35,1.976,-0.741,1.40,-11.466,155.685,-11.694,155.844,-1.620,-0.049,-0.043,0.003,-1.15,2.08,92.38
35,1.976,-0.741,1.45,-11.466,155.685,-11.696,155.839,-1.619,-0.036,-0.050,0.002,-1.15,2.00,92.38
35,1.976,-0.741,1.50,-11.466,155.685,-11.697,155.837,-1.618,-0.031,-0.053,0.001,-1.15,1.94,92.39
35,1.976,-0.741,1.55,-11.466,155.685,-11.698,155.832,-1.617,-0.020,-0.058,0.000,-1.13,1.87,92.39
35,1.976,-0.741,1.60,-11.466,155.685,-11.699,155.830,-1.616,-0.015,-0.060,-0.000,-1.12,1.80,92.40
35,1.976,-0.741,1.65,-11.466,155.685,-11.699,155.825,-1.615,-0.004,-0.064,-0.002,-1.10,1.74,92.41
35,1.976,-0.741,1.70,-11.466,155.685,-11.698,155.822,-1.615,0.001,-0.065,-0.002,-1.08,1.68,92.42
35,1.976,-0.741,1.75,-11.466,155.685,-11.697,155.818,-1.614,0.011,-0.067,-0.004,-1.05,1.63,92.43
35,1.976,-0.741,1.80,-11.466,155.685,-11.696,155.815,-1.613,0.015,-0.068,-0.004,-1.02,1.58,92.44
35,1.976,-0.741,1.85,-11.466,155.685,-11.693,155.810,-1.613,0.025,-0.069,-0.005,-0.98,1.54,92.45
35,1.976,-0.741,1.90,-11.466,155.685,-11.691,155.807,-1.613,0.029,-0.069,-0.006,-0.95,1.50,92.45
35,1.976,-0.741,1.95,-11.466,155.685,-11.688,155.802,-1.613,0.036,-0.070,-0.007,-0.90,1.45,92.45
35,1.976,-0.741,2.00,-11.466,155.685,-11.686,155.799,-1.613,0.039,-0.069,-0.007,-0.86,1.42,92.44
35,1.976,-0.741,2.05,-11.466,155.685,-11.681,155.794,-1.613,0.046,-0.069,-0.007,-0.82,1.38,92.43
35,1.976,-0.741,2.10,-11.466,155.685,-11.679,155.791,-1.613,0.049,-0.069,-0.007,-0.78,1.35,92.42
35,1.976,-0.741,2.15,-11.466,155.685,-11.674,155.786,-1.613,0.054,-0.068,-0.008,-0.73,1.31,92.41
35,1.976,-0.741,2.20,-11.466,155.685,-11.672,155.783,-1.613,0.056,-0.068,-0.008,-0.69,1.28,92.40
35,1.976,-0.741,2.25,-11.466,155.685,-11.666,155.777,-1.613,0.060,-0.066,-0.008,-0.65,1.25,92.39
35,1.976,-0.741,2.30,-11.466,155.685,-11.663,155.775,-1.612,0.062,-0.065,-0.008,-0.61,1.22,92.38
35,1.976,-0.741,2.35,-11.466,155.685,-11.658,155.769,-1.612,0.065,-0.064,-0.008,-0.57,1.19,92.36
35,1.976,-0.741,2.40,-11.466,155.685,-11.655,155.767,-1.612,0.066,-0.063,-0.008,-0.53,1.17,92.34
35,1.976,-0.741,2.45,-11.466,155.685,-11.650,155.761,-1.613,0.067,-0.061,-0.008,-0.49,1.14,92.32
35,1.976,-0.741,2.50,-11.466,155.685,-11.647,155.759,-1.613,0.067,-0.060,-0.008,-0.45,1.11,92.31
35,1.976,-0.741,2.55,-11.466,155.685,-11.642,155.755,-1.613,0.067,-0.057,-0.008,-0.42,1.09,92.29
35,1.976,-0.741,2.60,-11.466,155.685,-11.640,155.753,-1.613,0.067,-0.056,-0.008,-0.39,1.07,92.28
35,1.976,-0.741,2.65,-11.466,155.685,-11.636,155.749,-1.613,0.066,-0.051,-0.008,-0.37,1.05,92.28
35,1.976,-0.741,2.70,-11.466,155.685,-11.634,155.748,-1.614,0.065,-0.049,-0.008,-0.35,1.03,92.28
35,1.976,-0.741,2.75,-11.466,155.685,-11.630,155.746,-1.614,0.063,-0.045,-0.008,-0.34,1.03,92.28
35,1.976,-0.741,2.80,-11.466,155.685,-11.629,155.745,-1.614,0.062,-0.042,-0.007,-0.33,1.03,92.29
35,1.976,-0.741,2.85,-11.466,155.685,-11.625,155.743,-1.615,0.059,-0.038,-0.007,-0.33,1.03,92.29
35,1.976,-0.741,2.90,-11.466,155.685,-11.624,155.742,-1.615,0.058,-0.035,-0.007,-0.33,1.04,92.30
35,1.976,-0.741,2.95,-11.466,155.685,-11.620,155.741,-1.615,0.056,-0.031,-0.006,-0.34,1.06,92.31
35,1.976,-0.741,3.00,-11.466,155.685,-11.619,155.741,-1.615,0.054,-0.029,-0.006,-0.35,1.07,92.32
35,1.976,-0.741,3.05,-11.466,155.685,-11.615,155.741,-1.615,0.052,-0.024,-0.006,-0.35,1.10,92.34
35,1.976,-0.741,3.10,-11.466,155.685,-11.613,155.741,-1.615,0.052,-0.022,-0.006,-0.36,1.12,92.35
35,1.976,-0.741,3.15,-11.466,155.685,-11.609,155.742,-1.616,0.050,-0.018,-0.006,-0.37,1.15,92.37
35,1.976,-0.741,3.20,-11.466,155.685,-11.608,155.742,-1.616,0.050,-0.016,-0.006,-0.37,1.17,92.39
35,1.976,-0.741,3.25,-11.466,155.685,-11.604,155.744,-1.616,0.048,-0.011,-0.006,-0.37,1.21,92.41
35,1.976,-0.741,3.30,-11.466,155.685,-11.603,155.745,-1.617,0.047,-0.010,-0.006,-0.37,1.24,92.42
35,1.976,-0.741,3.35,-11.466,155.685,-11.600,155.746,-1.617,0.045,-0.007,-0.005,-0.37,1.27,92.43
35,1.976,-0.741,3.40,-11.466,155.685,-11.598,155.746,-1.618,0.044,-0.007,-0.005,-0.37,1.31,92.43
35,1.976,-0.741,3.45,-11.466,155.685,-11.595,155.747,-1.619,0.043,-0.005,-0.005,-0.37,1.34,92.43
35,1.976,-0.741,3.50,-11.466,155.685,-11.593,155.747,-1.619,0.042,-0.005,-0.004,-0.37,1.37,92.43
35,1.976,-0.741,3.55,-11.466,155.685,-11.590,155.748,-1.620,0.041,-0.006,-0.003,-0.37,1.39,92.42
35,1.976,-0.741,3.60,-11.466,155.685,-11.589,155.748,-1.620,0.040,-0.006,-0.003,-0.37,1.41,92.41
35,1.976,-0.741,3.65,-11.466,155.685,-11.586,155.747,-1.620,0.039,-0.007,-0.002,-0.37,1.43,92.40
35,1.976,-0.741,3.70,-11.466,155.685,-11.584,155.747,-1.621,0.038,-0.008,-0.002,-0.37,1.44,92.38
35,1.976,-0.741,3.75,-11.466,155.685,-11.582,155.746,-1.621,0.036,-0.009,-0.001,-0.37,1.44,92.37
35,1.976,-0.741,3.80,-11.466,155.685,-11.581,155.746,-1.621,0.036,-0.010,-0.001,-0.37,1.44,92.36
35,1.976,-0.741,3.85,-11.466,155.685,-11.578,155.744,-1.622,0.034,-0.012,-0.000,-0.36,1.44,92.34
35,1.976,-0.741,3.90,-11.466,155.685,-11.577,155.743,-1.622,0.033,-0.014,-0.000,-0.37,1.43,92.33
35,1.976,-0.741,3.95,-11.466,155.685,-11.575,155.742,-1.623,0.031,-0.015,0.000,-0.37,1.41,92.32
35,1.976,-0.741,4.00,-11.466,155.685,-11.574,155.741,-1.623,0.030,-0.016,0.001,-0.37,1.40,92.31
35,1.976,-0.741,4.05,-11.466,155.685,-11.571,155.738,-1.624,0.029,-0.019,0.001,-0.38,1.38,92.30
35,1.976,-0.741,4.10,-11.466,155.685,-11.570,155.737,-1.624,0.029,-0.020,0.001,-0.38,1.36,92.29
35,1.976,-0.741,4.15,-11.466,155.685,-11.566,155.734,-1.624,0.028,-0.021,0.002,-0.39,1.34,92.29
35,1.976,-0.741,4.20,-11.466,155.685,-11.565,155.733,-1.624,0.028,-0.022,0.002,-0.39,1.31,92.28
35,1.976,-0.741,4.25,-11.466,155.685,-11.561,155.730,-1.625,0.028,-0.022,0.003,-0.39,1.29,92.28
35,1.976,-0.741,4.30,-11.466,155.685,-11.559,155.729,-1.625,0.028,-0.023,0.003,-0.38,1.27,92.28
35,1.976,-0.741,4.35,-11.466,155.685,-11.555,155.726,-1.625,0.027,-0.023,0.004,-0.37,1.24,92.28
35,1.976,-0.741,4.40,-11.466,155.685,-11.554,155.725,-1.625,0.027,-0.023,0.004,-0.36,1.22,92.28
35,1.976,-0.741,4.45,-11.466,155.685,-11.550,155.722,-1.625,0.026,-0.022,0.004,-0.35,1.20,92.29
35,1.976,-0.741,4.50,-11.466,155.685,-11.549,155.720,-1.625,0.025,-0.022,0.004,-0.34,1.18,92.29
35,1.976,-0.741,4.55,-11.466,155.685,-11.547,155.718,-1.624,0.023,-0.021,0.004,-0.33,1.17,92.30
35,1.976,-0.741,4.60,-11.466,155.685,-11.546,155.717,-1.624,0.022,-0.021,0.004,-0.32,1.15,92.30
35,1.976,-0.741,4.65,-11.466,155.685,-11.543,155.715,-1.623,0.020,-0.019,0.004,-0.32,1.14,92.31
35,1.976,-0.741,4.70,-11.466,155.685,-11.542,155.714,-1.622,0.019,-0.018,0.004,-0.32,1.13,92.32
35,1.976,-0.741,4.75,-11.466,155.685,-11.540,155.713,-1.621,0.017,-0.015,0.003,-0.32,1.12,92.32
35,1.976,-0.741,4.80,-11.466,155.685,-11.540,155.713,-1.620,0.016,-0.014,0.003,-0.32,1.12,92.33
35,1.976,-0.741,4.85,-11.466,155.685,-11.538,155.712,-1.619,0.014,-0.011,0.002,-0.33,1.12,92.33
35,1.976,-0.741,4.90,-11.466,155.685,-11.537,155.712,-1.619,0.013,-0.010,0.001,-0.34,1.13,92.33
35,1.976,-0.741,4.95,-11.466,155.685,-11.536,155.712,-1.618,0.011,-0.008,-0.000,-0.34,1.14,92.33
35,1.976,-0.741,5.00,-11.466,155.685,-11.535,155.712,-1.618,0.010,-0.007,-0.001,-0.35,1.15,92.33
35,1.976,-0.741,5.05,-11.466,155.685,-11.534,155.712,-1.617,0.009,-0.005,-0.002,-0.36,1.16,92.33
35,1.976,-0.741,5.10,-11.466,155.685,-11.533,155.712,-1.617,0.008,-0.004,-0.002,-0.37,1.18,92.34
35,1.976,-0.741,5.15,-11.466,155.685,-11.533,155.711,-1.617,0.006,-0.003,-0.003,-0.37,1.19,92.34
35,1.976,-0.741,5.20,-11.466,155.685,-11.533,155.711,-1.617,0.005,-0.002,-0.004,-0.38,1.20,92.34
35,1.976,-0.741,5.25,-11.466,155.685,-11.533,155.711,-1.618,0.003,-0.001,-0.004,-0.39,1.21,92.35
35,1.976,-0.741,5.30,-11.466,155.685,-11.533,155.711,-1.618,0.002,-0.000,-0.004,-0.41,1.23,92.35
35,1.976,-0.741,5.35,-11.466,155.685,-11.533,155.712,-1.618,0.001,0.001,-0.004,-0.42,1.24,92.35
35,1.976,-0.741,5.40,-11.466,155.685,-11.533,155.712,-1.619,0.000,0.001,-0.004,-0.44,1.25,92.35
35,1.976,-0.741,5.45,-11.466,155.685,-11.534,155.713,-1.620,-0.001,0.003,-0.003,-0.45,1.26,92.35
35,1.976,-0.741,5.50,-11.466,155.685,-11.535,155.713,-1.620,-0.002,0.003,-0.003,-0.47,1.27,92.34
35,1.976,-0.741,5.55,-11.466,155.685,-11.536,155.714,-1.621,-0.003,0.004,-0.003,-0.49,1.28,92.34
35,1.976,-0.741,5.60,-11.466,155.685,-11.536,155.714,-1.621,-0.003,0.004,-0.003,-0.51,1.30,92.34
35,1.976,-0.741,5.65,-11.466,155.685,-11.537,155.715,-1.622,-0.004,0.004,-0.002,-0.52,1.31,92.34
35,1.976,-0.741,5.70,-11.466,155.685,-11.538,155.715,-1.623,-0.004,0.004,-0.001,-0.54,1.32,92.34
35,1.976,-0.741,5.75,-11.466,155.685,-11.538,155.716,-1.624,-0.003,0.004,-0.000,-0.56,1.34,92.34
35,1.976,-0.741,5.80,-11.466,155.685,-11.538,155.717,-1.624,-0.003,0.004,0.000,-0.58,1.35,92.34
35,1.976,-0.741,5.85,-11.466,155.685,-11.538,155.717,-1.625,-0.002,0.003,0.001,-0.59,1.36,92.34
35,1.976,-0.741,5.90,-11.466,155.685,-11.538,155.718,-1.625,-0.001,0.003,0.001,-0.61,1.36,92.33
35,1.976,-0.741,5.95,-11.466,155.685,-11.537,155.718,-1.626,0.001,0.002,0.002,-0.61,1.37,92.33
35,1.976,-0.741,6.00,-11.466,155.685,-11.537,155.717,-1.627,0.002,0.002,0.003,-0.61,1.38,92.33
35,1.976,-0.741,6.05,-11.466,155.685,-11.535,155.717,-1.627,0.005,0.000,0.004,-0.61,1.38,92.33
35,1.976,-0.741,6.10,-11.466,155.685,-11.534,155.717,-1.627,0.006,-0.000,0.005,-0.60,1.38,92.32
35,1.976,-0.741,6.15,-11.466,155.685,-11.533,155.718,-1.627,0.007,-0.001,0.005,-0.59,1.37,92.32
35,1.976,-0.741,6.20,-11.466,155.685,-11.532,155.718,-1.627,0.008,-0.001,0.005,-0.57,1.37,92.31
35,1.976,-0.741,6.25,-11.466,155.685,-11.530,155.719,-1.627,0.010,-0.001,0.006,-0.56,1.37,92.31
35,1.976,-0.741,6.30,-11.466,155.685,-11.529,155.719,-1.627,0.010,-0.001,0.006,-0.54,1.37,92.31
35,1.976,-0.741,6.35,-11.466,155.685,-11.527,155.720,-1.626,0.012,-0.001,0.006,-0.52,1.37,92.30
35,1.976,-0.741,6.40,-11.466,155.685,-11.526,155.721,-1.626,0.012,-0.001,0.006,-0.51,1.38,92.30
35,1.976,-0.741,6.45,-11.466,155.685,-11.523,155.723,-1.625,0.013,-0.000,0.005,-0.49,1.38,92.30
35,1.976,-0.741,6.50,-11.466,155.685,-11.522,155.723,-1.625,0.014,-0.000,0.005,-0.47,1.39,92.29
35,1.976,-0.741,6.55,-11.466,155.685,-11.520,155.724,-1.625,0.015,-0.001,0.005,-0.45,1.41,92.29
35,1.976,-0.741,6.60,-11.466,155.685,-11.519,155.725,-1.624,0.015,-0.001,0.005,-0.44,1.42,92.29
35,1.976,-0.741,6.65,-11.466,155.685,-11.517,155.726,-1.624,0.015,-0.002,0.004,-0.42,1.43,92.29
35,1.976,-0.741,6.70,-11.466,155.685,-11.516,155.727,-1.624,0.015,-0.002,0.004,-0.40,1.44,92.29
35,1.976,-0.741,6.75,-11.466,155.685,-11.515,155.728,-1.624,0.014,-0.003,0.003,-0.39,1.44,92.29
35,1.976,-0.741,6.80,-11.466,155.685,-11.514,155.728,-1.624,0.013,-0.003,0.003,-0.38,1.45,92.29
35,1.976,-0.741,6.85,-11.466,155.685,-11.514,155.729,-1.625,0.012,-0.005,0.003,-0.37,1.46,92.30
35,1.976,-0.741,6.90,-11.466,155.685,-11.514,155.729,-1.625,0.011,-0.006,0.003,-0.37,1.46,92.30
35,1.976,-0.741,6.95,-11.466,155.685,-11.513,155.729,-1.625,0.009,-0.007,0.003,-0.37,1.46,92.31
35,1.976,-0.741,7.00,-11.466,155.685,-11.513,155.729,-1.625,0.009,-0.008,0.003,-0.38,1.46,92.31
35,1.976,-0.741,7.05,-11.466,155.685,-11.513,155.727,-1.626,0.007,-0.011,0.003,-0.38,1.46,92.32
35,1.976,-0.741,7.10,-11.466,155.685,-11.514,155.727,-1.626,0.006,-0.012,0.003,-0.39,1.46,92.32
35,1.976,-0.741,7.15,-11.466,155.685,-11.514,155.725,-1.626,0.005,-0.014,0.004,-0.41,1.45,92.33
35,1.976,-0.741,7.20,-11.466,155.685,-11.514,155.724,-1.627,0.004,-0.016,0.004,-0.42,1.43,92.34
35,1.976,-0.741,7.25,-11.466,155.685,-11.514,155.722,-1.627,0.003,-0.018,0.005,-0.44,1.41,92.34
35,1.976,-0.741,7.30,-11.466,155.685,-11.515,155.720,-1.627,0.003,-0.019,0.005,-0.45,1.39,92.35
35,1.976,-0.741,7.35,-11.466,155.685,-11.515,155.718,-1.627,0.002,-0.021,0.005,-0.47,1.37,92.35
35,1.976,-0.741,7.40,-11.466,155.685,-11.516,155.717,-1.626,0.002,-0.022,0.005,-0.48,1.34,92.36
35,1.976,-0.741,7.45,-11.466,155.685,-11.517,155.714,-1.626,0.001,-0.023,0.005,-0.50,1.32,92.36
35,1.976,-0.741,7.50,-11.466,155.685,-11.517,155.713,-1.626,0.001,-0.023,0.005,-0.51,1.29,92.36
35,1.976,-0.741,7.55,-11.466,155.685,-11.519,155.711,-1.626,0.000,-0.023,0.005,-0.53,1.27,92.36
35,1.976,-0.741,7.60,-11.466,155.685,-11.520,155.710,-1.626,-0.000,-0.023,0.005,-0.54,1.25,92.36
35,1.976,-0.741,7.65,-11.466,155.685,-11.522,155.707,-1.626,-0.001,-0.023,0.005,-0.56,1.23,92.36
35,1.976,-0.741,7.70,-11.466,155.685,-11.523,155.706,-1.626,-0.001,-0.023,0.005,-0.58,1.21,92.35
35,1.976,-0.741,7.75,-11.466,155.685,-11.524,155.705,-1.626,-0.000,-0.022,0.005,-0.60,1.19,92.35
35,1.976,-0.741,7.80,-11.466,155.685,-11.525,155.704,-1.626,-0.000,-0.021,0.005,-0.62,1.18,92.35
35,1.976,-0.741,7.85,-11.466,155.685,-11.527,155.702,-1.627,0.000,-0.020,0.005,-0.64,1.17,92.34
35,1.976,-0.741,7.90,-11.466,155.685,-11.528,155.702,-1.627,0.001,-0.019,0.005,-0.65,1.16,92.34
35,1.976,-0.741,7.95,-11.466,155.685,-11.529,155.701,-1.627,0.002,-0.017,0.005,-0.67,1.16,92.33
36,-3.464,8.050,0.00,-11.466,155.685,-11.357,155.781,-1.631,0.309,0.081,0.001,1.65,2.66,92.21
36,-3.464,8.050,0.05,-11.466,155.685,-11.347,155.784,-1.631,0.322,0.076,-0.000,2.00,2.72,92.21
36,-3.464,8.050,0.10,-11.466,155.685,-11.326,155.789,-1.631,0.344,0.063,-0.001,2.33,2.77,92.20
36,-3.464,8.050,0.15,-11.466,155.685,-11.315,155.791,-1.631,0.354,0.056,-0.002,2.70,2.79,92.19
36,-3.464,8.050,0.20,-11.466,155.685,-11.288,155.795,-1.632,0.374,0.037,-0.004,3.05,2.79,92.18
36,-3.464,8.050,0.25,-11.466,155.685,-11.276,155.796,-1.632,0.381,0.028,-0.004,3.42,2.77,92.16
36,-3.464,8.050,0.30,-11.466,155.685,-11.251,155.797,-1.633,0.393,0.008,-0.005,3.76,2.73,92.14
36,-3.464,8.050,0.35,-11.466,155.685,-11.238,155.797,-1.633,0.398,-0.002,-0.006,4.13,2.67,92.12
36,-3.464,8.050,0.40,-11.466,155.685,-11.209,155.796,-1.634,0.405,-0.027,-0.006,4.46,2.59,92.10
36,-3.464,8.050,0.45,-11.466,155.685,-11.196,155.794,-1.635,0.406,-0.038,-0.007,4.81,2.48,92.08
36,-3.464,8.050,0.50,-11.466,155.685,-11.171,155.791,-1.636,0.406,-0.061,-0.007,5.12,2.37,92.06
36,-3.464,8.050,0.55,-11.466,155.685,-11.158,155.789,-1.637,0.404,-0.073,-0.007,5.44,2.22,92.04
36,-3.464,8.050,0.60,-11.466,155.685,-11.129,155.782,-1.638,0.397,-0.099,-0.007,5.72,2.08,92.02
36,-3.464,8.050,0.65,-11.466,155.685,-11.117,155.778,-1.638,0.392,-0.111,-0.007,6.00,1.90,91.99
36,-3.464,8.050,0.70,-11.466,155.685,-11.093,155.769,-1.639,0.381,-0.133,-0.006,6.24,1.73,91.97
36,-3.464,8.050,0.75,-11.466,155.685,-11.081,155.764,-1.640,0.374,-0.144,-0.006,6.48,1.53,91.94
36,-3.464,8.050,0.80,-11.466,155.685,-11.056,155.752,-1.641,0.356,-0.167,-0.005,6.69,1.33,91.92
36,-3.464,8.050,0.85,-11.466,155.685,-11.045,155.746,-1.641,0.347,-0.177,-0.005,6.89,1.11,91.90
36,-3.464,8.050,0.90,-11.466,155.685,-11.025,155.732,-1.642,0.327,-0.196,-0.004,7.05,0.90,91.89
36,-3.464,8.050,0.95,-11.466,155.685,-11.015,155.725,-1.642,0.316,-0.204,-0.003,7.21,0.67,91.87
36,-3.464,8.050,1.00,-11.466,155.685,-10.995,155.708,-1.642,0.291,-0.223,-0.002,7.34,0.45,91.86
36,-3.464,8.050,1.05,-11.466,155.685,-10.986,155.699,-1.642,0.279,-0.230,-0.002,7.45,0.20,91.86
36,-3.464,8.050,1.10,-11.466,155.685,-10.971,155.682,-1.642,0.254,-0.243,-0.001,7.54,-0.02,91.86
36,-3.464,8.050,1.15,-11.466,155.685,-10.964,155.674,-1.642,0.241,-0.249,-0.001,7.61,-0.27,91.86
36,-3.464,8.050,1.20,-11.466,155.685,-10.949,155.654,-1.642,0.211,-0.259,-0.000,7.67,-0.50,91.88
36,-3.464,8.050,1.25,-11.466,155.685,-10.944,155.645,-1.641,0.198,-0.262,0.000,7.70,-0.74,91.90
36,-3.464,8.050,1.30,-11.466,155.685,-10.934,155.627,-1.641,0.171,-0.268,0.001,7.72,-0.96,91.92
36,-3.464,8.050,1.35,-11.466,155.685,-10.929,155.618,-1.641,0.157,-0.269,0.001,7.73,-1.19,91.94
36,-3.464,8.050,1.40,-11.466,155.685,-10.921,155.598,-1.640,0.126,-0.271,0.001,7.72,-1.39,91.96
36,-3.464,8.050,1.45,-11.466,155.685,-10.918,155.589,-1.640,0.113,-0.271,0.001,7.69,-1.60,91.98
36,-3.464,8.050,1.50,-11.466,155.685,-10.914,155.571,-1.639,0.086,-0.269,0.001,7.66,-1.79,91.99
36,-3.464,8.050,1.55,-11.466,155.685,-10.913,155.562,-1.639,0.073,-0.268,0.001,7.61,-1.97,92.01
36,-3.464,8.050,1.60,-11.466,155.685,-10.911,155.541,-1.638,0.044,-0.263,0.002,7.55,-2.14,92.03
36,-3.464,8.050,1.65,-11.466,155.685,-10.911,155.532,-1.638,0.031,-0.261,0.002,7.48,-2.31,92.04
36,-3.464,8.050,1.70,-11.466,155.685,-10.913,155.515,-1.637,0.006,-0.254,0.002,7.41,-2.45,92.06
36,-3.464,8.050,1.75,-11.466,155.685,-10.914,155.506,-1.637,-0.005,-0.251,0.002,7.32,-2.60,92.08
36,-3.464,8.050,1.80,-11.466,155.685,-10.918,155.487,-1.636,-0.031,-0.241,0.002,7.23,-2.74,92.10
36,-3.464,8.050,1.85,-11.466,155.685,-10.921,155.478,-1.636,-0.041,-0.237,0.002,7.12,-2.87,92.12
36,-3.464,8.050,1.90,-11.466,155.685,-10.927,155.462,-1.636,-0.061,-0.227,0.003,7.02,-2.99,92.14
36,-3.464,8.050,1.95,-11.466,155.685,-10.930,155.454,-1.635,-0.071,-0.221,0.003,6.91,-3.11,92.15
36,-3.464,8.050,2.00,-11.466,155.685,-10.939,155.438,-1.635,-0.091,-0.208,0.004,6.80,-3.21,92.16
36,-3.464,8.050,2.05,-11.466,155.685,-10.943,155.431,-1.634,-0.099,-0.201,0.004,6.68,-3.31,92.16
36,-3.464,8.050,2.10,-11.466,155.685,-10.952,155.418,-1.633,-0.114,-0.188,0.004,6.58,-3.39,92.16
36,-3.464,8.050,2.15,-11.466,155.685,-10.957,155.412,-1.633,-0.120,-0.180,0.005,6.46,-3.46,92.16
36,-3.464,8.050,2.20,-11.466,155.685,-10.968,155.399,-1.632,-0.133,-0.164,0.005,6.35,-3.52,92.15
36,-3.464,8.050,2.25,-11.466,155.685,-10.974,155.394,-1.632,-0.138,-0.156,0.005,6.24,-3.58,92.15
36,-3.464,8.050,2.30,-11.466,155.685,-10.984,155.384,-1.631,-0.147,-0.141,0.005,6.14,-3.62,92.15
36,-3.464,8.050,2.35,-11.466,155.685,-10.989,155.380,-1.631,-0.151,-0.133,0.004,6.04,-3.65,92.15
36,-3.464,8.050,2.40,-11.466,155.685,-11.000,155.372,-1.630,-0.157,-0.115,0.004,5.96,-3.67,92.15
36,-3.464,8.050,2.45,-11.466,155.685,-11.005,155.368,-1.630,-0.160,-0.107,0.004,5.87,-3.69,92.14
36,-3.464,8.050,2.50,-11.466,155.685,-11.016,155.363,-1.630,-0.163,-0.092,0.004,5.80,-3.69,92.15
36,-3.464,8.050,2.55,-11.466,155.685,-11.021,155.360,-1.630,-0.165,-0.084,0.004,5.73,-3.69,92.15
36,-3.464,8.050,2.60,-11.466,155.685,-11.033,155.355,-1.630,-0.167,-0.068,0.004,5.67,-3.68,92.16
36,-3.464,8.050,2.65,-11.466,155.685,-11.038,155.354,-1.630,-0.168,-0.061,0.005,5.61,-3.67,92.17
36,-3.464,8.050,2.70,-11.466,155.685,-11.048,155.351,-1.630,-0.168,-0.047,0.005,5.56,-3.65,92.17
36,-3.464,8.050,2.75,-11.466,155.685,-11.053,155.350,-1.630,-0.168,-0.040,0.005,5.51,-3.63,92.18
36,-3.464,8.050,2.80,-11.466,155.685,-11.065,155.349,-1.630,-0.169,-0.026,0.006,5.47,-3.61,92.19
36,-3.464,8.050,2.85,-11.466,155.685,-11.071,155.349,-1.630,-0.168,-0.020,0.006,5.43,-3.58,92.20
36,-3.464,8.050,2.90,-11.466,155.685,-11.081,155.349,-1.630,-0.168,-0.008,0.006,5.39,-3.55,92.22
36,-3.464,8.050,2.95,-11.466,155.685,-11.087,155.350,-1.630,-0.167,-0.003,0.006,5.35,-3.52,92.23
36,-3.464,8.050,3.00,-11.466,155.685,-11.099,155.352,-1.630,-0.166,0.010,0.007,5.31,-3.48,92.24
36,-3.464,8.050,3.05,-11.466,155.685,-11.105,155.353,-1.630,-0.165,0.015,0.007,5.27,-3.44,92.25
36,-3.464,8.050,3.10,-11.466,155.685,-11.116,155.356,-1.630,-0.163,0.025,0.007,5.24,-3.40,92.25
36,-3.464,8.050,3.15,-11.466,155.685,-11.121,155.357,-1.629,-0.162,0.030,0.008,5.20,-3.36,92.26
36,-3.464,8.050,3.20,-11.466,155.685,-11.133,155.362,-1.629,-0.159,0.039,0.008,5.16,-3.31,92.26
36,-3.464,8.050,3.25,-11.466,155.685,-11.138,155.364,-1.629,-0.157,0.043,0.008,5.13,-3.26,92.26
36,-3.464,8.050,3.30,-11.466,155.685,-11.148,155.368,-1.629,-0.153,0.050,0.008,5.09,-3.21,92.25
36,-3.464,8.050,3.35,-11.466,155.685,-11.153,155.371,-1.629,-0.151,0.053,0.008,5.06,-3.16,92.25
36,-3.464,8.050,3.40,-11.466,155.685,-11.163,155.376,-1.629,-0.145,0.059,0.009,5.04,-3.12,92.24
36,-3.464,8.050,3.45,-11.466,155.685,-11.168,155.379,-1.629,-0.142,0.062,0.009,5.02,-3.07,92.22
36,-3.464,8.050,3.50,-11.466,155.685,-11.175,155.384,-1.629,-0.136,0.066,0.008,5.00,-3.03,92.21
36,-3.464,8.050,3.55,-11.466,155.685,-11.179,155.387,-1.629,-0.132,0.068,0.008,5.00,-2.98,92.19
36,-3.464,8.050,3.60,-11.466,155.685,-11.187,155.393,-1.629,-0.125,0.071,0.008,5.00,-2.95,92.17
36,-3.464,8.050,3.65,-11.466,155.685,-11.190,155.396,-1.629,-0.122,0.072,0.008,5.01,-2.91,92.15
36,-3.464,8.050,3.70,-11.466,155.685,-11.195,155.401,-1.630,-0.115,0.074,0.008,5.02,-2.88,92.13
36,-3.464,8.050,3.75,-11.466,155.685,-11.198,155.404,-1.630,-0.111,0.074,0.008,5.04,-2.85,92.11
36,-3.464,8.050,3.80,-11.466,155.685,-11.203,155.410,-1.630,-0.104,0.075,0.008,5.06,-2.82,92.09
36,-3.464,8.050,3.85,-11.466,155.685,-11.205,155.413,-1.630,-0.101,0.076,0.009,5.09,-2.80,92.07
36,-3.464,8.050,3.90,-11.466,155.685,-11.208,155.418,-1.631,-0.094,0.076,0.009,5.12,-2.77,92.06
36,-3.464,8.050,3.95,-11.466,155.685,-11.209,155.421,-1.631,-0.091,0.075,0.009,5.15,-2.75,92.04
36,-3.464,8.050,4.00,-11.466,155.685,-11.211,155.427,-1.630,-0.084,0.074,0.010,5.19,-2.74,92.03
36,-3.464,8.050,4.05,-11.466,155.685,-11.212,155.429,-1.630,-0.081,0.074,0.009,5.23,-2.72,92.03
36,-3.464,8.050,4.10,-11.466,155.685,-11.214,155.433,-1.630,-0.077,0.072,0.009,5.27,-2.71,92.03
36,-3.464,8.050,4.15,-11.466,155.685,-11.214,155.435,-1.630,-0.075,0.071,0.009,5.31,-2.71,92.03
36,-3.464,8.050,4.20,-11.466,155.685,-11.216,155.439,-1.630,-0.071,0.068,0.009,5.35,-2.70,92.05
36,-3.464,8.050,4.25,-11.466,155.685,-11.217,155.441,-1.630,-0.070,0.067,0.009,5.39,-2.71,92.06
36,-3.464,8.050,4.30,-11.466,155.685,-11.219,155.444,-1.630,-0.068,0.064,0.008,5.42,-2.71,92.09
36,-3.464,8.050,4.35,-11.466,155.685,-11.220,155.445,-1.630,-0.067,0.062,0.008,5.45,-2.73,92.11
36,-3.464,8.050,4.40,-11.466,155.685,-11.223,155.448,-1.630,-0.066,0.058,0.008,5.47,-2.74,92.14
36,-3.464,8.050,4.45,-11.466,155.685,-11.224,155.448,-1.630,-0.066,0.057,0.008,5.49,-2.76,92.17
36,-3.464,8.050,4.50,-11.466,155.685,-11.227,155.450,-1.630,-0.066,0.053,0.008,5.50,-2.78,92.20
36,-3.464,8.050,4.55,-11.466,155.685,-11.229,155.450,-1.631,-0.066,0.052,0.008,5.51,-2.81,92.23
36,-3.464,8.050,4.60,-11.466,155.685,-11.232,155.451,-1.631,-0.067,0.048,0.008,5.51,-2.84,92.25
36,-3.464,8.050,4.65,-11.466,155.685,-11.234,155.452,-1.631,-0.068,0.046,0.008,5.50,-2.87,92.27
36,-3.464,8.050,4.70,-11.466,155.685,-11.238,155.452,-1.632,-0.069,0.044,0.008,5.49,-2.91,92.29
36,-3.464,8.050,4.75,-11.466,155.685,-11.240,155.452,-1.632,-0.069,0.043,0.009,5.47,-2.94,92.31
36,-3.464,8.050,4.80,-11.466,155.685,-11.244,155.453,-1.632,-0.070,0.041,0.009,5.46,-2.98,92.32
36,-3.464,8.050,4.85,-11.466,155.685,-11.247,155.453,-1.632,-0.070,0.040,0.010,5.44,-3.01,92.33
36,-3.464,8.050,4.90,-11.466,155.685,-11.251,155.454,-1.632,-0.070,0.040,0.010,5.42,-3.04,92.33
36,-3.464,8.050,4.95,-11.466,155.685,-11.253,155.454,-1.632,-0.071,0.040,0.010,5.41,-3.07,92.34
36,-3.464,8.050,5.00,-11.466,155.685,-11.258,155.456,-1.631,-0.071,0.040,0.011,5.39,-3.09,92.35
36,-3.464,8.050,5.05,-11.466,155.685,-11.261,155.457,-1.631,-0.071,0.041,0.011,5.37,-3.11,92.35
36,-3.464,8.050,5.10,-11.466,155.685,-11.265,155.459,-1.631,-0.071,0.043,0.011,5.35,-3.13,92.36
36,-3.464,8.050,5.15,-11.466,155.685,-11.268,155.460,-1.631,-0.071,0.044,0.010,5.33,-3.14,92.36
36,-3.464,8.050,5.20,-11.466,155.685,-11.273,155.463,-1.630,-0.070,0.046,0.010,5.31,-3.14,92.37
36,-3.464,8.050,5.25,-11.466,155.685,-11.275,155.465,-1.630,-0.070,0.047,0.010,5.29,-3.14,92.37
36,-3.464,8.050,5.30,-11.466,155.685,-11.279,155.469,-1.630,-0.069,0.050,0.010,5.28,-3.13,92.37
36,-3.464,8.050,5.35,-11.466,155.685,-11.282,155.471,-1.630,-0.068,0.051,0.010,5.26,-3.11,92.38
36,-3.464,8.050,5.40,-11.466,155.685,-11.287,155.475,-1.630,-0.066,0.054,0.010,5.25,-3.10,92.38
36,-3.464,8.050,5.45,-11.466,155.685,-11.289,155.478,-1.630,-0.066,0.055,0.010,5.24,-3.07,92.38
36,-3.464,8.050,5.50,-11.466,155.685,-11.293,155.482,-1.629,-0.065,0.058,0.010,5.23,-3.05,92.38
36,-3.464,8.050,5.55,-11.466,155.685,-11.295,155.485,-1.629,-0.064,0.059,0.010,5.22,-3.02,92.38
36,-3.464,8.050,5.60,-11.466,155.685,-11.300,155.490,-1.628,-0.062,0.060,0.010,5.21,-2.99,92.38
36,-3.464,8.050,5.65,-11.466,155.685,-11.303,155.492,-1.628,-0.061,0.060,0.009,5.21,-2.96,92.37
36,-3.464,8.050,5.70,-11.466,155.685,-11.307,155.496,-1.627,-0.060,0.061,0.009,5.20,-2.93,92.37
36,-3.464,8.050,5.75,-11.466,155.685,-11.309,155.498,-1.627,-0.059,0.061,0.009,5.19,-2.91,92.36
36,-3.464,8.050,5.80,-11.466,155.685,-11.314,155.503,-1.626,-0.056,0.060,0.008,5.18,-2.89,92.35
36,-3.464,8.050,5.85,-11.466,155.685,-11.316,155.505,-1.625,-0.055,0.060,0.007,5.17,-2.86,92.34
36,-3.464,8.050,5.90,-11.466,155.685,-11.320,155.509,-1.625,-0.053,0.059,0.006,5.17,-2.85,92.33
36,-3.464,8.050,5.95,-11.466,155.685,-11.322,155.511,-1.625,-0.051,0.058,0.006,5.17,-2.83,92.32
36,-3.464,8.050,6.00,-11.466,155.685,-11.326,155.515,-1.624,-0.049,0.056,0.005,5.16,-2.82,92.31
36,-3.464,8.050,6.05,-11.466,155.685,-11.328,155.516,-1.624,-0.047,0.055,0.004,5.16,-2.81,92.30
36,-3.464,8.050,6.10,-11.466,155.685,-11.331,155.520,-1.624,-0.045,0.054,0.004,5.16,-2.81,92.30
36,-3.464,8.050,6.15,-11.466,155.685,-11.333,155.522,-1.624,-0.044,0.053,0.004,5.16,-2.81,92.29
36,-3.464,8.050,6.20,-11.466,155.685,-11.336,155.526,-1.624,-0.041,0.051,0.003,5.17,-2.80,92.29
36,-3.464,8.050,6.25,-11.466,155.685,-11.337,155.527,-1.624,-0.040,0.050,0.003,5.17,-2.80,92.28
36,-3.464,8.050,6.30,-11.466,155.685,-11.341,155.529,-1.623,-0.037,0.047,0.003,5.17,-2.80,92.27
36,-3.464,8.050,6.35,-11.466,155.685,-11.342,155.530,-1.623,-0.036,0.046,0.003,5.18,-2.80,92.26
36,-3.464,8.050,6.40,-11.466,155.685,-11.345,155.532,-1.623,-0.034,0.042,0.002,5.18,-2.81,92.25
36,-3.464,8.050,6.45,-11.466,155.685,-11.347,155.533,-1.623,-0.033,0.041,0.002,5.18,-2.82,92.24
36,-3.464,8.050,6.50,-11.466,155.685,-11.349,155.534,-1.622,-0.030,0.039,0.001,5.19,-2.83,92.24
36,-3.464,8.050,6.55,-11.466,155.685,-11.350,155.535,-1.623,-0.029,0.037,0.001,5.19,-2.85,92.23
36,-3.464,8.050,6.60,-11.466,155.685,-11.352,155.536,-1.622,-0.026,0.035,0.001,5.19,-2.86,92.22
36,-3.464,8.050,6.65,-11.466,155.685,-11.353,155.536,-1.622,-0.025,0.033,0.001,5.20,-2.88,92.22
36,-3.464,8.050,6.70,-11.466,155.685,-11.354,155.537,-1.622,-0.022,0.031,0.001,5.21,-2.90,92.22
36,-3.464,8.050,6.75,-11.466,155.685,-11.355,155.537,-1.622,-0.021,0.030,0.001,5.22,-2.92,92.22
36,-3.464,8.050,6.80,-11.466,155.685,-11.356,155.538,-1.622,-0.018,0.028,0.000,5.23,-2.94,92.22
36,-3.464,8.050,6.85,-11.466,155.685,-11.356,155.538,-1.622,-0.017,0.028,0.000,5.25,-2.96,92.22
36,-3.464,8.050,6.90,-11.466,155.685,-11.357,155.538,-1.622,-0.015,0.027,-0.000,5.26,-2.98,92.22
36,-3.464,8.050,6.95,-11.466,155.685,-11.357,155.539,-1.623,-0.015,0.026,-0.000,5.28,-3.00,92.22
36,-3.464,8.050,7.00,-11.466,155.685,-11.359,155.540,-1.623,-0.014,0.026,0.000,5.30,-3.02,92.23
36,-3.464,8.050,7.05,-11.466,155.685,-11.359,155.541,-1.623,-0.014,0.026,0.000,5.31,-3.04,92.24
36,-3.464,8.050,7.10,-11.466,155.685,-11.361,155.542,-1.624,-0.014,0.027,0.000,5.32,-3.05,92.25
36,-3.464,8.050,7.15,-11.466,155.685,-11.362,155.543,-1.624,-0.014,0.027,0.000,5.32,-3.06,92.26
36,-3.464,8.050,7.20,-11.466,155.685,-11.364,155.546,-1.624,-0.014,0.029,0.001,5.32,-3.06,92.28
36,-3.464,8.050,7.25,-11.466,155.685,-11.364,155.547,-1.625,-0.014,0.030,0.001,5.32,-3.06,92.30
36,-3.464,8.050,7.30,-11.466,155.685,-11.366,155.550,-1.625,-0.014,0.031,0.002,5.32,-3.05,92.31
36,-3.464,8.050,7.35,-11.466,155.685,-11.366,155.551,-1.626,-0.014,0.031,0.002,5.31,-3.04,92.33
36,-3.464,8.050,7.40,-11.466,155.685,-11.368,155.553,-1.627,-0.014,0.032,0.003,5.31,-3.03,92.34
36,-3.464,8.050,7.45,-11.466,155.685,-11.368,155.554,-1.627,-0.013,0.032,0.003,5.31,-3.02,92.34
36,-3.464,8.050,7.50,-11.466,155.685,-11.369,155.557,-1.628,-0.013,0.032,0.004,5.31,-3.01,92.35
36,-3.464,8.050,7.55,-11.466,155.685,-11.369,155.558,-1.628,-0.012,0.032,0.004,5.31,-3.00,92.35
36,-3.464,8.050,7.60,-11.466,155.685,-11.369,155.560,-1.628,-0.011,0.033,0.005,5.31,-2.99,92.36
36,-3.464,8.050,7.65,-11.466,155.685,-11.369,155.561,-1.628,-0.011,0.032,0.005,5.31,-2.98,92.36
36,-3.464,8.050,7.70,-11.466,155.685,-11.369,155.563,-1.629,-0.009,0.032,0.006,5.32,-2.98,92.36
36,-3.464,8.050,7.75,-11.466,155.685,-11.368,155.564,-1.629,-0.009,0.032,0.006,5.34,-2.97,92.37
36,-3.464,8.050,7.80,-11.466,155.685,-11.367,155.566,-1.629,-0.007,0.032,0.006,5.35,-2.96,92.37
36,-3.464,8.050,7.85,-11.466,155.685,-11.367,155.567,-1.630,-0.007,0.031,0.006,5.37,-2.96,92.36
36,-3.464,8.050,7.90,-11.466,155.685,-11.366,155.569,-1.630,-0.006,0.031,0.007,5.39,-2.96,92.36
36,-3.464,8.050,7.95,-11.466,155.685,-11.365,155.570,-1.630,-0.006,0.031,0.007,5.41,-2.96,92.36
37,-5.195,3.997,0.00,-11.466,155.685,-11.454,155.614,-1.618,-0.152,-0.072,0.003,4.44,-3.48,92.32
37,-5.195,3.997,0.05,-11.466,155.685,-11.459,155.612,-1.617,-0.157,-0.074,0.003,4.25,-3.57,92.31
37,-5.195,3.997,0.10,-11.466,155.685,-11.471,155.608,-1.616,-0.166,-0.077,0.002,4.08,-3.64,92.31
37,-5.195,3.997,0.15,-11.466,155.685,-11.479,155.606,-1.616,-0.171,-0.078,0.002,3.92,-3.70,92.30
37,-5.195,3.997,0.20,-11.466,155.685,-11.491,155.601,-1.614,-0.177,-0.079,0.001,3.78,-3.75,92.30
37,-5.195,3.997,0.25,-11.466,155.685,-11.498,155.600,-1.614,-0.179,-0.079,0.001,3.58,-3.83,92.29
37,-5.195,3.997,0.30,-11.466,155.685,-11.511,155.596,-1.612,-0.182,-0.079,-0.000,3.42,-3.88,92.29
37,-5.195,3.997,0.35,-11.466,155.685,-11.519,155.593,-1.612,-0.183,-0.078,-0.001,3.26,-3.93,92.30
37,-5.195,3.997,0.40,-11.466,155.685,-11.531,155.589,-1.610,-0.183,-0.077,-0.002,3.14,-3.97,92.30
37,-5.195,3.997,0.45,-11.466,155.685,-11.537,155.587,-1.609,-0.182,-0.076,-0.003,2.97,-4.03,92.31
37,-5.195,3.997,0.50,-11.466,155.685,-11.549,155.583,-1.608,-0.180,-0.074,-0.004,2.86,-4.06,92.32
37,-5.195,3.997,0.55,-11.466,155.685,-11.557,155.581,-1.607,-0.177,-0.072,-0.005,2.70,-4.10,92.34
37,-5.195,3.997,0.60,-11.466,155.685,-11.568,155.577,-1.605,-0.172,-0.069,-0.006,2.61,-4.13,92.35
37,-5.195,3.997,0.65,-11.466,155.685,-11.573,155.575,-1.605,-0.169,-0.067,-0.007,2.48,-4.17,92.37
37,-5.195,3.997,0.70,-11.466,155.685,-11.584,155.572,-1.604,-0.162,-0.064,-0.009,2.38,-4.20,92.38
37,-5.195,3.997,0.75,-11.466,155.685,-11.590,155.570,-1.604,-0.157,-0.061,-0.010,2.30,-4.22,92.39
37,-5.195,3.997,0.80,-11.466,155.685,-11.600,155.567,-1.603,-0.148,-0.056,-0.011,2.23,-4.24,92.40
37,-5.195,3.997,0.85,-11.466,155.685,-11.604,155.565,-1.603,-0.144,-0.054,-0.011,2.16,-4.26,92.41
37,-5.195,3.997,0.90,-11.466,155.685,-11.613,155.562,-1.603,-0.135,-0.049,-0.012,2.11,-4.27,92.41
37,-5.195,3.997,0.95,-11.466,155.685,-11.618,155.561,-1.603,-0.128,-0.046,-0.013,2.05,-4.29,92.41
37,-5.195,3.997,1.00,-11.466,155.685,-11.626,155.558,-1.602,-0.118,-0.041,-0.013,2.01,-4.30,92.41
37,-5.195,3.997,1.05,-11.466,155.685,-11.629,155.557,-1.602,-0.113,-0.038,-0.014,1.98,-4.30,92.41
37,-5.195,3.997,1.10,-11.466,155.685,-11.636,155.555,-1.603,-0.103,-0.033,-0.014,1.95,-4.31,92.41
37,-5.195,3.997,1.15,-11.466,155.685,-11.639,155.554,-1.603,-0.096,-0.030,-0.014,1.93,-4.31,92.41
37,-5.195,3.997,1.20,-11.466,155.685,-11.645,155.553,-1.603,-0.086,-0.025,-0.015,1.91,-4.31,92.41
37,-5.195,3.997,1.25,-11.466,155.685,-11.647,155.553,-1.604,-0.081,-0.022,-0.015,1.90,-4.31,92.40
37,-5.195,3.997,1.30,-11.466,155.685,-11.652,155.552,-1.605,-0.070,-0.017,-0.015,1.89,-4.30,92.40
37,-5.195,3.997,1.35,-11.466,155.685,-11.654,155.552,-1.605,-0.064,-0.013,-0.014,1.89,-4.30,92.40
37,-5.195,3.997,1.40,-11.466,155.685,-11.658,155.552,-1.607,-0.054,-0.008,-0.014,1.89,-4.29,92.40
37,-5.195,3.997,1.45,-11.466,155.685,-11.659,155.552,-1.607,-0.049,-0.005,-0.014,1.90,-4.28,92.40
37,-5.195,3.997,1.50,-11.466,155.685,-11.661,155.553,-1.609,-0.039,-0.000,-0.013,1.90,-4.26,92.39
37,-5.195,3.997,1.55,-11.466,155.685,-11.662,155.553,-1.610,-0.033,0.002,-0.012,1.91,-4.24,92.39
37,-5.195,3.997,1.60,-11.466,155.685,-11.663,155.554,-1.611,-0.023,0.006,-0.011,1.93,-4.23,92.39
37,-5.195,3.997,1.65,-11.466,155.685,-11.663,155.554,-1.612,-0.019,0.008,-0.010,1.95,-4.21,92.38
37,-5.195,3.997,1.70,-11.466,155.685,-11.663,155.554,-1.613,-0.010,0.011,-0.009,1.97,-4.19,92.37
37,-5.195,3.997,1.75,-11.466,155.685,-11.663,155.555,-1.614,-0.005,0.013,-0.008,2.00,-4.18,92.36
37,-5.195,3.997,1.80,-11.466,155.685,-11.661,155.555,-1.615,0.004,0.015,-0.007,2.03,-4.17,92.35
37,-5.195,3.997,1.85,-11.466,155.685,-11.661,155.556,-1.616,0.007,0.017,-0.006,2.06,-4.16,92.34
37,-5.195,3.997,1.90,-11.466,155.685,-11.659,155.556,-1.617,0.014,0.019,-0.005,2.10,-4.15,92.33
37,-5.195,3.997,1.95,-11.466,155.685,-11.658,155.557,-1.617,0.019,0.020,-0.004,2.13,-4.14,92.32
37,-5.195,3.997,2.00,-11.466,155.685,-11.655,155.557,-1.618,0.024,0.022,-0.003,2.17,-4.13,92.31
37,-5.195,3.997,2.05,-11.466,155.685,-11.654,155.558,-1.618,0.027,0.022,-0.003,2.21,-4.13,92.31
37,-5.195,3.997,2.10,-11.466,155.685,-11.652,155.559,-1.618,0.031,0.024,-0.002,2.24,-4.12,92.31
37,-5.195,3.997,2.15,-11.466,155.685,-11.650,155.559,-1.618,0.033,0.025,-0.001,2.27,-4.12,92.31
37,-5.195,3.997,2.20,-11.466,155.685,-11.648,155.561,-1.618,0.036,0.027,-0.001,2.30,-4.12,92.32
37,-5.195,3.997,2.25,-11.466,155.685,-11.647,155.561,-1.618,0.037,0.028,-0.001,2.32,-4.11,92.32
37,-5.195,3.997,2.30,-11.466,155.685,-11.644,155.563,-1.619,0.039,0.029,-0.000,2.34,-4.11,92.33
37,-5.195,3.997,2.35,-11.466,155.685,-11.643,155.563,-1.619,0.040,0.030,0.000,2.36,-4.10,92.34
37,-5.195,3.997,2.40,-11.466,155.685,-11.641,155.565,-1.618,0.041,0.031,0.000,2.37,-4.09,92.35
37,-5.195,3.997,2.45,-11.466,155.685,-11.640,155.565,-1.618,0.041,0.032,0.000,2.38,-4.08,92.35
37,-5.195,3.997,2.50,-11.466,155.685,-11.638,155.567,-1.618,0.042,0.033,0.000,2.38,-4.08,92.36
37,-5.195,3.997,2.55,-11.466,155.685,-11.637,155.568,-1.618,0.043,0.033,0.000,2.39,-4.07,92.36
37,-5.195,3.997,2.60,-11.466,155.685,-11.635,155.569,-1.619,0.043,0.034,-0.000,2.39,-4.06,92.37
37,-5.195,3.997,2.65,-11.466,155.685,-11.634,155.570,-1.619,0.044,0.035,-0.000,2.39,-4.06,92.37
37,-5.195,3.997,2.70,-11.466,155.685,-11.632,155.572,-1.618,0.044,0.035,-0.000,2.39,-4.05,92.37
37,-5.195,3.997,2.75,-11.466,155.685,-11.630,155.573,-1.618,0.044,0.036,0.000,2.39,-4.05,92.38
37,-5.195,3.997,2.80,-11.466,155.685,-11.629,155.575,-1.618,0.044,0.037,-0.000,2.39,-4.04,92.38
37,-5.195,3.997,2.85,-11.466,155.685,-11.627,155.577,-1.618,0.045,0.037,-0.000,2.39,-4.03,92.39
37,-5.195,3.997,2.90,-11.466,155.685,-11.625,155.579,-1.619,0.045,0.038,-0.000,2.39,-4.02,92.39
37,-5.195,3.997,2.95,-11.466,155.685,-11.624,155.581,-1.619,0.045,0.039,-0.000,2.39,-4.00,92.39
37,-5.195,3.997,3.00,-11.466,155.685,-11.621,155.584,-1.620,0.046,0.040,-0.000,2.39,-3.99,92.40
37,-5.195,3.997,3.05,-11.466,155.685,-11.620,155.586,-1.620,0.046,0.040,-0.000,2.40,-3.98,92.40
37,-5.195,3.997,3.10,-11.466,155.685,-11.618,155.589,-1.621,0.046,0.041,0.000,2.40,-3.96,92.40
37,-5.195,3.997,3.15,-11.466,155.685,-11.616,155.591,-1.621,0.047,0.041,0.000,2.41,-3.94,92.40
37,-5.195,3.997,3.20,-11.466,155.685,-11.613,155.595,-1.622,0.047,0.042,0.001,2.41,-3.93,92.40
37,-5.195,3.997,3.25,-11.466,155.685,-11.612,155.596,-1.622,0.047,0.042,0.001,2.42,-3.90,92.40
37,-5.195,3.997,3.30,-11.466,155.685,-11.609,155.600,-1.623,0.048,0.042,0.002,2.43,-3.88,92.40
37,-5.195,3.997,3.35,-11.466,155.685,-11.607,155.602,-1.624,0.048,0.041,0.002,2.44,-3.86,92.40
37,-5.195,3.997,3.40,-11.466,155.685,-11.605,155.605,-1.624,0.048,0.040,0.003,2.45,-3.84,92.39
37,-5.195,3.997,3.45,-11.466,155.685,-11.604,155.606,-1.625,0.047,0.040,0.003,2.46,-3.83,92.39
37,-5.195,3.997,3.50,-11.466,155.685,-11.601,155.608,-1.625,0.047,0.038,0.004,2.47,-3.82,92.38
37,-5.195,3.997,3.55,-11.466,155.685,-11.600,155.610,-1.625,0.046,0.036,0.004,2.48,-3.81,92.37
37,-5.195,3.997,3.60,-11.466,155.685,-11.598,155.612,-1.625,0.045,0.034,0.005,2.48,-3.80,92.35
37,-5.195,3.997,3.65,-11.466,155.685,-11.597,155.613,-1.625,0.045,0.033,0.005,2.48,-3.80,92.34
37,-5.195,3.997,3.70,-11.466,155.685,-11.595,155.614,-1.624,0.044,0.031,0.005,2.49,-3.80,92.34
37,-5.195,3.997,3.75,-11.466,155.685,-11.593,155.615,-1.624,0.044,0.030,0.005,2.49,-3.80,92.33
37,-5.195,3.997,3.80,-11.466,155.685,-11.591,155.617,-1.623,0.044,0.028,0.005,2.49,-3.81,92.32
37,-5.195,3.997,3.85,-11.466,155.685,-11.590,155.618,-1.623,0.043,0.027,0.005,2.49,-3.81,92.31
37,-5.195,3.997,3.90,-11.466,155.685,-11.587,155.619,-1.622,0.043,0.025,0.004,2.49,-3.82,92.30
37,-5.195,3.997,3.95,-11.466,155.685,-11.586,155.619,-1.622,0.043,0.023,0.004,2.49,-3.82,92.30
37,-5.195,3.997,4.00,-11.466,155.685,-11.584,155.620,-1.622,0.042,0.021,0.003,2.50,-3.84,92.29
37,-5.195,3.997,4.05,-11.466,155.685,-11.583,155.620,-1.622,0.041,0.020,0.003,2.50,-3.85,92.29
37,-5.195,3.997,4.10,-11.466,155.685,-11.581,155.621,-1.623,0.040,0.018,0.002,2.50,-3.86,92.29
37,-5.195,3.997,4.15,-11.466,155.685,-11.580,155.621,-1.623,0.040,0.017,0.002,2.50,-3.87,92.29
37,-5.195,3.997,4.20,-11.466,155.685,-11.579,155.621,-1.624,0.038,0.015,0.002,2.50,-3.88,92.29
37,-5.195,3.997,4.25,-11.466,155.685,-11.578,155.621,-1.624,0.038,0.014,0.003,2.50,-3.90,92.29
37,-5.195,3.997,4.30,-11.466,155.685,-11.577,155.621,-1.625,0.036,0.012,0.003,2.49,-3.92,92.30
37,-5.195,3.997,4.35,-11.466,155.685,-11.577,155.620,-1.625,0.036,0.012,0.003,2.48,-3.93,92.30
37,-5.195,3.997,4.40,-11.466,155.685,-11.576,155.620,-1.625,0.034,0.010,0.004,2.47,-3.95,92.30
37,-5.195,3.997,4.45,-11.466,155.685,-11.576,155.620,-1.625,0.034,0.010,0.004,2.46,-3.96,92.30
37,-5.195,3.997,4.50,-11.466,155.685,-11.576,155.620,-1.626,0.033,0.009,0.004,2.45,-3.98,92.31
37,-5.195,3.997,4.55,-11.466,155.685,-11.575,155.620,-1.626,0.032,0.009,0.004,2.44,-3.99,92.31
37,-5.195,3.997,4.60,-11.466,155.685,-11.575,155.620,-1.626,0.031,0.010,0.005,2.43,-4.01,92.31
37,-5.195,3.997,4.65,-11.466,155.685,-11.575,155.620,-1.626,0.030,0.010,0.005,2.41,-4.02,92.32
37,-5.195,3.997,4.70,-11.466,155.685,-11.575,155.621,-1.625,0.029,0.011,0.005,2.40,-4.02,92.32
37,-5.195,3.997,4.75,-11.466,155.685,-11.575,155.622,-1.625,0.029,0.012,0.005,2.38,-4.02,92.32
37,-5.195,3.997,4.80,-11.466,155.685,-11.575,155.624,-1.625,0.029,0.014,0.005,2.37,-4.02,92.33
37,-5.195,3.997,4.85,-11.466,155.685,-11.575,155.625,-1.625,0.029,0.014,0.005,2.35,-4.01,92.33
37,-5.195,3.997,4.90,-11.466,155.685,-11.574,155.628,-1.624,0.029,0.016,0.005,2.34,-4.00,92.33
37,-5.195,3.997,4.95,-11.466,155.685,-11.574,155.630,-1.624,0.029,0.018,0.005,2.33,-3.98,92.34
37,-5.195,3.997,5.00,-11.466,155.685,-11.573,155.633,-1.623,0.029,0.019,0.005,2.33,-3.97,92.34
37,-5.195,3.997,5.05,-11.466,155.685,-11.572,155.635,-1.623,0.029,0.020,0.005,2.32,-3.94,92.34
37,-5.195,3.997,5.10,-11.466,155.685,-11.571,155.638,-1.622,0.030,0.022,0.004,2.32,-3.92,92.34
37,-5.195,3.997,5.15,-11.466,155.685,-11.570,155.641,-1.622,0.030,0.022,0.004,2.32,-3.89,92.34
37,-5.195,3.997,5.20,-11.466,155.685,-11.569,155.644,-1.621,0.031,0.023,0.004,2.32,-3.86,92.34
37,-5.195,3.997,5.25,-11.466,155.685,-11.568,155.646,-1.621,0.031,0.023,0.003,2.33,-3.83,92.34
37,-5.195,3.997,5.30,-11.466,155.685,-11.567,155.649,-1.620,0.032,0.023,0.002,2.33,-3.81,92.34
37,-5.195,3.997,5.35,-11.466,155.685,-11.566,155.651,-1.619,0.032,0.022,0.002,2.34,-3.78,92.34
37,-5.195,3.997,5.40,-11.466,155.685,-11.565,155.654,-1.619,0.033,0.021,0.001,2.35,-3.75,92.34
37,-5.195,3.997,5.45,-11.466,155.685,-11.564,155.655,-1.618,0.033,0.020,0.001,2.35,-3.73,92.34
37,-5.195,3.997,5.50,-11.466,155.685,-11.562,155.658,-1.618,0.034,0.018,-0.000,2.36,-3.72,92.34
37,-5.195,3.997,5.55,-11.466,155.685,-11.560,155.659,-1.618,0.035,0.017,-0.001,2.37,-3.71,92.34
37,-5.195,3.997,5.60,-11.466,155.685,-11.558,155.661,-1.618,0.035,0.014,-0.001,2.38,-3.70,92.34
37,-5.195,3.997,5.65,-11.466,155.685,-11.557,155.662,-1.617,0.035,0.013,-0.002,2.39,-3.70,92.34
37,-5.195,3.997,5.70,-11.466,155.685,-11.555,155.663,-1.617,0.036,0.011,-0.002,2.41,-3.70,92.33
37,-5.195,3.997,5.75,-11.466,155.685,-11.553,155.664,-1.617,0.036,0.009,-0.002,2.42,-3.70,92.34
37,-5.195,3.997,5.80,-11.466,155.685,-11.550,155.664,-1.617,0.037,0.006,-0.003,2.43,-3.70,92.34
37,-5.195,3.997,5.85,-11.466,155.685,-11.549,155.665,-1.617,0.037,0.004,-0.003,2.44,-3.72,92.34
37,-5.195,3.997,5.90,-11.466,155.685,-11.546,155.665,-1.617,0.038,0.002,-0.003,2.46,-3.73,92.34
37,-5.195,3.997,5.95,-11.466,155.685,-11.544,155.664,-1.617,0.038,-0.000,-0.004,2.47,-3.74,92.34
37,-5.195,3.997,6.00,-11.466,155.685,-11.540,155.664,-1.618,0.038,-0.003,-0.004,2.49,-3.76,92.34
37,-5.195,3.997,6.05,-11.466,155.685,-11.539,155.663,-1.618,0.038,-0.004,-0.004,2.51,-3.78,92.34
37,-5.195,3.997,6.10,-11.466,155.685,-11.535,155.662,-1.618,0.038,-0.007,-0.004,2.52,-3.80,92.35
37,-5.195,3.997,6.15,-11.466,155.685,-11.533,155.661,-1.619,0.038,-0.008,-0.004,2.55,-3.83,92.35
37,-5.195,3.997,6.20,-11.466,155.685,-11.529,155.660,-1.619,0.038,-0.010,-0.004,2.57,-3.85,92.35
37,-5.195,3.997,6.25,-11.466,155.685,-11.527,155.659,-1.619,0.037,-0.011,-0.004,2.59,-3.88,92.35
37,-5.195,3.997,6.30,-11.466,155.685,-11.524,155.658,-1.619,0.036,-0.012,-0.003,2.61,-3.91,92.35
37,-5.195,3.997,6.35,-11.466,155.685,-11.522,155.656,-1.619,0.035,-0.013,-0.003,2.62,-3.93,92.35
37,-5.195,3.997,6.40,-11.466,155.685,-11.520,155.654,-1.620,0.033,-0.015,-0.003,2.64,-3.96,92.35
37,-5.195,3.997,6.45,-11.466,155.685,-11.519,155.653,-1.620,0.031,-0.015,-0.003,2.65,-3.98,92.34
37,-5.195,3.997,6.50,-11.466,155.685,-11.518,155.650,-1.620,0.028,-0.016,-0.003,2.65,-4.01,92.34
37,-5.195,3.997,6.55,-11.466,155.685,-11.518,155.648,-1.620,0.025,-0.017,-0.003,2.65,-4.04,92.33
37,-5.195,3.997,6.60,-11.466,155.685,-11.517,155.645,-1.620,0.022,-0.017,-0.003,2.65,-4.06,92.33
37,-5.195,3.997,6.65,-11.466,155.685,-11.517,155.644,-1.620,0.020,-0.017,-0.003,2.63,-4.09,92.32
37,-5.195,3.997,6.70,-11.466,155.685,-11.517,155.640,-1.621,0.017,-0.017,-0.003,2.61,-4.12,92.32
37,-5.195,3.997,6.75,-11.466,155.685,-11.517,155.638,-1.622,0.015,-0.017,-0.002,2.59,-4.15,92.32
37,-5.195,3.997,6.80,-11.466,155.685,-11.517,155.635,-1.622,0.013,-0.016,-0.002,2.56,-4.17,92.32
37,-5.195,3.997,6.85,-11.466,155.685,-11.516,155.634,-1.623,0.012,-0.016,-0.001,2.54,-4.20,92.32
37,-5.195,3.997,6.90,-11.466,155.685,-11.516,155.631,-1.624,0.010,-0.014,-0.001,2.51,-4.22,92.32
37,-5.195,3.997,6.95,-11.466,155.685,-11.516,155.629,-1.624,0.009,-0.013,-0.000,2.49,-4.24,92.33
37,-5.195,3.997,7.00,-11.466,155.685,-11.516,155.626,-1.625,0.008,-0.011,0.000,2.48,-4.26,92.33
37,-5.195,3.997,7.05,-11.466,155.685,-11.516,155.625,-1.625,0.008,-0.010,0.001,2.46,-4.28,92.33
37,-5.195,3.997,7.10,-11.466,155.685,-11.515,155.623,-1.626,0.008,-0.008,0.001,2.44,-4.29,92.34
37,-5.195,3.997,7.15,-11.466,155.685,-11.514,155.622,-1.626,0.008,-0.006,0.002,2.43,-4.31,92.34
37,-5.195,3.997,7.20,-11.466,155.685,-11.513,155.620,-1.627,0.008,-0.003,0.003,2.42,-4.32,92.35
37,-5.195,3.997,7.25,-11.466,155.685,-11.513,155.619,-1.627,0.008,-0.002,0.003,2.42,-4.32,92.35
37,-5.195,3.997,7.30,-11.466,155.685,-11.511,155.618,-1.628,0.009,0.001,0.004,2.42,-4.32,92.35
37,-5.195,3.997,7.35,-11.466,155.685,-11.510,155.617,-1.628,0.010,0.003,0.004,2.43,-4.33,92.36
37,-5.195,3.997,7.40,-11.466,155.685,-11.509,155.616,-1.629,0.010,0.007,0.005,2.43,-4.33,92.36
37,-5.195,3.997,7.45,-11.466,155.685,-11.508,155.616,-1.629,0.011,0.008,0.005,2.44,-4.32,92.36
37,-5.195,3.997,7.50,-11.466,155.685,-11.506,155.616,-1.629,0.011,0.012,0.006,2.45,-4.31,92.36
37,-5.195,3.997,7.55,-11.466,155.685,-11.505,155.617,-1.628,0.011,0.014,0.006,2.46,-4.30,92.36
37,-5.195,3.997,7.60,-11.466,155.685,-11.503,155.618,-1.628,0.012,0.018,0.007,2.47,-4.29,92.35
37,-5.195,3.997,7.65,-11.466,155.685,-11.502,155.619,-1.627,0.012,0.020,0.007,2.49,-4.27,92.35
37,-5.195,3.997,7.70,-11.466,155.685,-11.500,155.621,-1.627,0.012,0.024,0.007,2.50,-4.25,92.34
37,-5.195,3.997,7.75,-11.466,155.685,-11.498,155.623,-1.626,0.012,0.027,0.007,2.52,-4.22,92.33
37,-5.195,3.997,7.80,-11.466,155.685,-11.497,155.626,-1.625,0.011,0.031,0.007,2.54,-4.19,92.32
37,-5.195,3.997,7.85,-11.466,155.685,-11.496,155.628,-1.625,0.011,0.033,0.006,2.55,-4.15,92.31
37,-5.195,3.997,7.90,-11.466,155.685,-11.495,155.632,-1.624,0.010,0.036,0.006,2.56,-4.11,92.31
37,-5.195,3.997,7.95,-11.466,155.685,-11.495,155.635,-1.624,0.009,0.038,0.005,2.57,-4.07,92.30
38,-8.842,2.338,0.00,-11.466,155.685,-11.496,155.600,-1.619,-0.023,-0.088,-0.008,2.17,-5.07,92.31
38,-8.842,2.338,0.05,-11.466,155.685,-11.497,155.597,-1.619,-0.024,-0.090,-0.008,2.14,-5.16,92.31
38,-8.842,2.338,0.10,-11.466,155.685,-11.498,155.591,-1.619,-0.028,-0.094,-0.009,2.11,-5.25,92.31
38,-8.842,2.338,0.15,-11.466,155.685,-11.499,155.588,-1.619,-0.030,-0.095,-0.009,2.07,-5.35,92.31
38,-8.842,2.338,0.20,-11.466,155.685,-11.501,155.582,-1.620,-0.034,-0.098,-0.010,2.04,-5.42,92.31
38,-8.842,2.338,0.25,-11.466,155.685,-11.502,155.579,-1.620,-0.036,-0.099,-0.010,2.00,-5.51,92.30
38,-8.842,2.338,0.30,-11.466,155.685,-11.505,155.572,-1.621,-0.041,-0.101,-0.010,1.96,-5.59,92.30
38,-8.842,2.338,0.35,-11.466,155.685,-11.507,155.570,-1.622,-0.043,-0.101,-0.010,1.92,-5.67,92.29
38,-8.842,2.338,0.40,-11.466,155.685,-11.510,155.564,-1.623,-0.047,-0.101,-0.009,1.87,-5.75,92.27
38,-8.842,2.338,0.45,-11.466,155.685,-11.512,155.561,-1.623,-0.049,-0.101,-0.009,1.80,-5.84,92.26
38,-8.842,2.338,0.50,-11.466,155.685,-11.517,155.555,-1.624,-0.052,-0.100,-0.008,1.75,-5.90,92.25
38,-8.842,2.338,0.55,-11.466,155.685,-11.519,155.552,-1.625,-0.054,-0.099,-0.008,1.68,-5.99,92.24
38,-8.842,2.338,0.60,-11.466,155.685,-11.523,155.547,-1.626,-0.056,-0.096,-0.007,1.63,-6.04,92.23
38,-8.842,2.338,0.65,-11.466,155.685,-11.525,155.545,-1.626,-0.057,-0.095,-0.006,1.57,-6.10,92.22
38,-8.842,2.338,0.70,-11.466,155.685,-11.530,155.540,-1.627,-0.058,-0.091,-0.005,1.51,-6.15,92.22
38,-8.842,2.338,0.75,-11.466,155.685,-11.532,155.537,-1.628,-0.058,-0.089,-0.005,1.44,-6.20,92.21
38,-8.842,2.338,0.80,-11.466,155.685,-11.536,155.533,-1.629,-0.058,-0.085,-0.004,1.39,-6.25,92.21
38,-8.842,2.338,0.85,-11.466,155.685,-11.538,155.531,-1.630,-0.058,-0.083,-0.003,1.33,-6.29,92.21
38,-8.842,2.338,0.90,-11.466,155.685,-11.542,155.527,-1.630,-0.056,-0.078,-0.002,1.28,-6.32,92.21
38,-8.842,2.338,0.95,-11.466,155.685,-11.543,155.525,-1.631,-0.055,-0.076,-0.001,1.23,-6.36,92.22
38,-8.842,2.338,1.00,-11.466,155.685,-11.546,155.522,-1.631,-0.053,-0.071,-0.000,1.20,-6.39,92.22
38,-8.842,2.338,1.05,-11.466,155.685,-11.548,155.521,-1.632,-0.052,-0.068,0.000,1.16,-6.42,92.23
38,-8.842,2.338,1.10,-11.466,155.685,-11.550,155.518,-1.632,-0.049,-0.062,0.002,1.13,-6.44,92.23
38,-8.842,2.338,1.15,-11.466,155.685,-11.552,155.517,-1.632,-0.048,-0.060,0.002,1.10,-6.45,92.24
38,-8.842,2.338,1.20,-11.466,155.685,-11.553,155.515,-1.631,-0.044,-0.054,0.003,1.08,-6.47,92.25
38,-8.842,2.338,1.25,-11.466,155.685,-11.554,155.514,-1.631,-0.042,-0.052,0.003,1.06,-6.48,92.26
38,-8.842,2.338,1.30,-11.466,155.685,-11.555,155.512,-1.630,-0.038,-0.046,0.003,1.05,-6.49,92.26
38,-8.842,2.338,1.35,-11.466,155.685,-11.556,155.512,-1.630,-0.036,-0.044,0.003,1.04,-6.50,92.27
38,-8.842,2.338,1.40,-11.466,155.685,-11.556,155.511,-1.629,-0.033,-0.039,0.003,1.03,-6.51,92.27
38,-8.842,2.338,1.45,-11.466,155.685,-11.556,155.511,-1.628,-0.031,-0.036,0.003,1.03,-6.51,92.28
38,-8.842,2.338,1.50,-11.466,155.685,-11.557,155.511,-1.627,-0.027,-0.030,0.003,1.03,-6.52,92.28
38,-8.842,2.338,1.55,-11.466,155.685,-11.557,155.511,-1.627,-0.025,-0.027,0.002,1.03,-6.51,92.28
38,-8.842,2.338,1.60,-11.466,155.685,-11.557,155.511,-1.626,-0.022,-0.022,0.001,1.04,-6.51,92.28
38,-8.842,2.338,1.65,-11.466,155.685,-11.557,155.512,-1.626,-0.020,-0.020,0.001,1.05,-6.50,92.29
38,-8.842,2.338,1.70,-11.466,155.685,-11.557,155.513,-1.625,-0.018,-0.015,0.000,1.05,-6.50,92.29
38,-8.842,2.338,1.75,-11.466,155.685,-11.557,155.513,-1.625,-0.016,-0.013,0.000,1.06,-6.48,92.29
38,-8.842,2.338,1.80,-11.466,155.685,-11.556,155.515,-1.625,-0.014,-0.009,-0.000,1.07,-6.47,92.29
38,-8.842,2.338,1.85,-11.466,155.685,-11.556,155.515,-1.625,-0.013,-0.007,-0.001,1.08,-6.46,92.29
38,-8.842,2.338,1.90,-11.466,155.685,-11.555,155.517,-1.624,-0.011,-0.003,-0.001,1.08,-6.45,92.29
38,-8.842,2.338,1.95,-11.466,155.685,-11.555,155.518,-1.624,-0.010,-0.002,-0.001,1.09,-6.44,92.29
38,-8.842,2.338,2.00,-11.466,155.685,-11.555,155.519,-1.625,-0.009,0.001,-0.001,1.09,-6.42,92.29
38,-8.842,2.338,2.05,-11.466,155.685,-11.555,155.520,-1.625,-0.009,0.002,-0.001,1.09,-6.41,92.29
38,-8.842,2.338,2.10,-11.466,155.685,-11.555,155.521,-1.625,-0.008,0.004,-0.001,1.09,-6.40,92.30
38,-8.842,2.338,2.15,-11.466,155.685,-11.556,155.522,-1.625,-0.008,0.005,-0.001,1.09,-6.39,92.30
38,-8.842,2.338,2.20,-11.466,155.685,-11.556,155.523,-1.625,-0.008,0.006,-0.001,1.09,-6.39,92.30
38,-8.842,2.338,2.25,-11.466,155.685,-11.557,155.523,-1.626,-0.008,0.007,-0.001,1.08,-6.39,92.31
38,-8.842,2.338,2.30,-11.466,155.685,-11.558,155.524,-1.626,-0.008,0.008,-0.000,1.07,-6.38,92.31
38,-8.842,2.338,2.35,-11.466,155.685,-11.559,155.524,-1.626,-0.008,0.008,-0.000,1.06,-6.39,92.31
38,-8.842,2.338,2.40,-11.466,155.685,-11.560,155.525,-1.625,-0.008,0.009,0.000,1.04,-6.39,92.31
38,-8.842,2.338,2.45,-11.466,155.685,-11.560,155.526,-1.625,-0.007,0.009,0.001,1.02,-6.39,92.31
38,-8.842,2.338,2.50,-11.466,155.685,-11.561,155.527,-1.624,-0.006,0.011,0.001,1.00,-6.40,92.32
38,-8.842,2.338,2.55,-11.466,155.685,-11.562,155.527,-1.624,-0.006,0.011,0.001,0.98,-6.40,92.32
38,-8.842,2.338,2.60,-11.466,155.685,-11.562,155.529,-1.623,-0.005,0.013,0.000,0.97,-6.41,92.32
38,-8.842,2.338,2.65,-11.466,155.685,-11.562,155.529,-1.622,-0.004,0.013,0.000,0.95,-6.41,92.31
38,-8.842,2.338,2.70,-11.466,155.685,-11.562,155.531,-1.622,-0.002,0.015,-0.001,0.94,-6.41,92.31
38,-8.842,2.338,2.75,-11.466,155.685,-11.562,155.532,-1.621,-0.001,0.016,-0.001,0.93,-6.41,92.31
38,-8.842,2.338,2.80,-11.466,155.685,-11.561,155.534,-1.621,0.002,0.018,-0.002,0.93,-6.41,92.31
38,-8.842,2.338,2.85,-11.466,155.685,-11.561,155.535,-1.621,0.003,0.019,-0.002,0.93,-6.40,92.31
38,-8.842,2.338,2.90,-11.466,155.685,-11.559,155.536,-1.622,0.006,0.020,-0.003,0.93,-6.39,92.30
38,-8.842,2.338,2.95,-11.466,155.685,-11.558,155.537,-1.622,0.008,0.021,-0.003,0.94,-6.38,92.29
38,-8.842,2.338,3.00,-11.466,155.685,-11.556,155.538,-1.623,0.011,0.021,-0.003,0.95,-6.38,92.29
38,-8.842,2.338,3.05,-11.466,155.685,-11.555,155.539,-1.624,0.012,0.021,-0.003,0.97,-6.37,92.28
38,-8.842,2.338,3.10,-11.466,155.685,-11.552,155.540,-1.626,0.015,0.022,-0.002,0.99,-6.37,92.28
38,-8.842,2.338,3.15,-11.466,155.685,-11.550,155.541,-1.626,0.016,0.022,-0.002,1.01,-6.38,92.27
38,-8.842,2.338,3.20,-11.466,155.685,-11.548,155.543,-1.628,0.017,0.023,-0.000,1.03,-6.38,92.27
38,-8.842,2.338,3.25,-11.466,155.685,-11.547,155.544,-1.628,0.017,0.023,0.000,1.07,-6.38,92.27
38,-8.842,2.338,3.30,-11.466,155.685,-11.544,155.545,-1.629,0.018,0.023,0.002,1.08,-6.38,92.28
38,-8.842,2.338,3.35,-11.466,155.685,-11.544,155.546,-1.630,0.018,0.023,0.003,1.11,-6.38,92.28
38,-8.842,2.338,3.40,-11.466,155.685,-11.542,155.547,-1.631,0.018,0.023,0.004,1.12,-6.38,92.28
38,-8.842,2.338,3.45,-11.466,155.685,-11.541,155.548,-1.631,0.017,0.023,0.005,1.13,-6.38,92.29
38,-8.842,2.338,3.50,-11.466,155.685,-11.540,155.548,-1.631,0.016,0.022,0.006,1.14,-6.38,92.29
38,-8.842,2.338,3.55,-11.466,155.685,-11.539,155.549,-1.631,0.016,0.022,0.006,1.14,-6.38,92.29
38,-8.842,2.338,3.60,-11.466,155.685,-11.538,155.549,-1.631,0.015,0.022,0.007,1.14,-6.39,92.29
38,-8.842,2.338,3.65,-11.466,155.685,-11.537,155.550,-1.631,0.015,0.022,0.007,1.14,-6.40,92.29
38,-8.842,2.338,3.70,-11.466,155.685,-11.535,155.551,-1.631,0.015,0.023,0.008,1.14,-6.41,92.30
38,-8.842,2.338,3.75,-11.466,155.685,-11.535,155.552,-1.631,0.014,0.023,0.008,1.14,-6.41,92.30
38,-8.842,2.338,3.80,-11.466,155.685,-11.534,155.553,-1.630,0.013,0.024,0.008,1.13,-6.42,92.30
38,-8.842,2.338,3.85,-11.466,155.685,-11.533,155.553,-1.630,0.013,0.024,0.008,1.13,-6.42,92.31
38,-8.842,2.338,3.90,-11.466,155.685,-11.533,155.555,-1.628,0.012,0.025,0.008,1.13,-6.42,92.31
38,-8.842,2.338,3.95,-11.466,155.685,-11.533,155.555,-1.628,0.011,0.025,0.008,1.12,-6.42,92.31
38,-8.842,2.338,4.00,-11.466,155.685,-11.532,155.556,-1.626,0.011,0.026,0.007,1.12,-6.42,92.32
38,-8.842,2.338,4.05,-11.466,155.685,-11.532,155.557,-1.626,0.010,0.026,0.007,1.11,-6.42,92.32
38,-8.842,2.338,4.10,-11.466,155.685,-11.531,155.558,-1.624,0.010,0.026,0.005,1.10,-6.41,92.32
38,-8.842,2.338,4.15,-11.466,155.685,-11.530,155.558,-1.624,0.010,0.026,0.005,1.09,-6.41,92.32
38,-8.842,2.338,4.20,-11.466,155.685,-11.529,155.559,-1.622,0.010,0.027,0.004,1.09,-6.41,92.32
38,-8.842,2.338,4.25,-11.466,155.685,-11.529,155.559,-1.622,0.010,0.027,0.003,1.09,-6.41,92.32
38,-8.842,2.338,4.30,-11.466,155.685,-11.528,155.561,-1.621,0.010,0.027,0.001,1.08,-6.42,92.31
38,-8.842,2.338,4.35,-11.466,155.685,-11.527,155.561,-1.621,0.010,0.027,0.001,1.08,-6.42,92.31
38,-8.842,2.338,4.40,-11.466,155.685,-11.527,155.562,-1.621,0.010,0.027,-0.000,1.08,-6.42,92.31
38,-8.842,2.338,4.45,-11.466,155.685,-11.527,155.562,-1.621,0.010,0.027,-0.001,1.08,-6.42,92.31
38,-8.842,2.338,4.50,-11.466,155.685,-11.526,155.562,-1.620,0.009,0.027,-0.001,1.08,-6.42,92.30
38,-8.842,2.338,4.55,-11.466,155.685,-11.526,155.562,-1.620,0.009,0.027,-0.002,1.08,-6.43,92.30
38,-8.842,2.338,4.60,-11.466,155.685,-11.526,155.562,-1.620,0.009,0.026,-0.002,1.08,-6.43,92.30
38,-8.842,2.338,4.65,-11.466,155.685,-11.526,155.562,-1.620,0.009,0.026,-0.002,1.08,-6.44,92.30
38,-8.842,2.338,4.70,-11.466,155.685,-11.526,155.562,-1.620,0.009,0.025,-0.002,1.07,-6.45,92.30
38,-8.842,2.338,4.75,-11.466,155.685,-11.526,155.562,-1.620,0.010,0.025,-0.003,1.07,-6.46,92.30
38,-8.842,2.338,4.80,-11.466,155.685,-11.525,155.562,-1.620,0.010,0.025,-0.003,1.06,-6.47,92.30
38,-8.842,2.338,4.85,-11.466,155.685,-11.525,155.562,-1.620,0.010,0.025,-0.003,1.06,-6.49,92.30
38,-8.842,2.338,4.90,-11.466,155.685,-11.525,155.562,-1.620,0.010,0.026,-0.003,1.06,-6.49,92.30
38,-8.842,2.338,4.95,-11.466,155.685,-11.525,155.563,-1.621,0.010,0.026,-0.003,1.06,-6.51,92.30
38,-8.842,2.338,5.00,-11.466,155.685,-11.526,155.563,-1.622,0.010,0.027,-0.003,1.05,-6.51,92.30
38,-8.842,2.338,5.05,-11.466,155.685,-11.526,155.563,-1.622,0.010,0.027,-0.003,1.05,-6.52,92.31
38,-8.842,2.338,5.10,-11.466,155.685,-11.527,155.564,-1.623,0.009,0.028,-0.002,1.04,-6.52,92.31
38,-8.842,2.338,5.15,-11.466,155.685,-11.528,155.565,-1.623,0.009,0.029,-0.002,1.03,-6.53,92.31
38,-8.842,2.338,5.20,-11.466,155.685,-11.529,155.565,-1.623,0.008,0.029,-0.001,1.03,-6.53,92.31
38,-8.842,2.338,5.25,-11.466,155.685,-11.529,155.566,-1.623,0.008,0.030,-0.001,1.01,-6.52,92.31
38,-8.842,2.338,5.30,-11.466,155.685,-11.530,155.567,-1.622,0.008,0.031,-0.000,1.00,-6.52,92.31
38,-8.842,2.338,5.35,-11.466,155.685,-11.531,155.568,-1.622,0.008,0.032,0.000,0.98,-6.52,92.31
38,-8.842,2.338,5.40,-11.466,155.685,-11.533,155.569,-1.622,0.008,0.032,0.000,0.97,-6.51,92.31
38,-8.842,2.338,5.45,-11.466,155.685,-11.533,155.570,-1.622,0.007,0.033,0.000,0.95,-6.51,92.31
38,-8.842,2.338,5.50,-11.466,155.685,-11.535,155.571,-1.620,0.007,0.033,0.000,0.94,-6.50,92.31
38,-8.842,2.338,5.55,-11.466,155.685,-11.536,155.572,-1.620,0.008,0.033,-0.000,0.92,-6.49,92.31
38,-8.842,2.338,5.60,-11.466,155.685,-11.536,155.574,-1.619,0.008,0.034,-0.001,0.91,-6.49,92.31
38,-8.842,2.338,5.65,-11.466,155.685,-11.537,155.574,-1.618,0.009,0.034,-0.001,0.89,-6.48,92.31
38,-8.842,2.338,5.70,-11.466,155.685,-11.536,155.576,-1.617,0.011,0.035,-0.002,0.88,-6.48,92.31
38,-8.842,2.338,5.75,-11.466,155.685,-11.536,155.578,-1.617,0.012,0.035,-0.002,0.87,-6.47,92.31
38,-8.842,2.338,5.80,-11.466,155.685,-11.536,155.580,-1.615,0.013,0.036,-0.003,0.87,-6.46,92.31
38,-8.842,2.338,5.85,-11.466,155.685,-11.535,155.581,-1.615,0.014,0.037,-0.004,0.87,-6.45,92.31
38,-8.842,2.338,5.90,-11.466,155.685,-11.534,155.585,-1.614,0.017,0.038,-0.005,0.87,-6.44,92.31
38,-8.842,2.338,5.95,-11.466,155.685,-11.533,155.587,-1.614,0.018,0.038,-0.005,0.88,-6.43,92.31
38,-8.842,2.338,6.00,-11.466,155.685,-11.531,155.590,-1.613,0.020,0.039,-0.006,0.89,-6.41,92.31
38,-8.842,2.338,6.05,-11.466,155.685,-11.529,155.592,-1.613,0.021,0.039,-0.007,0.91,-6.39,92.31
38,-8.842,2.338,6.10,-11.466,155.685,-11.526,155.596,-1.613,0.024,0.040,-0.008,0.93,-6.38,92.31
38,-8.842,2.338,6.15,-11.466,155.685,-11.525,155.598,-1.613,0.025,0.040,-0.008,0.95,-6.35,92.31
38,-8.842,2.338,6.20,-11.466,155.685,-11.523,155.601,-1.612,0.026,0.040,-0.008,0.98,-6.34,92.31
38,-8.842,2.338,6.25,-11.466,155.685,-11.521,155.603,-1.612,0.026,0.040,-0.008,1.01,-6.31,92.31
38,-8.842,2.338,6.30,-11.466,155.685,-11.519,155.608,-1.613,0.027,0.040,-0.009,1.03,-6.30,92.32
38,-8.842,2.338,6.35,-11.466,155.685,-11.518,155.609,-1.613,0.027,0.040,-0.009,1.06,-6.27,92.32
38,-8.842,2.338,6.40,-11.466,155.685,-11.516,155.613,-1.613,0.026,0.039,-0.009,1.08,-6.25,92.32
38,-8.842,2.338,6.45,-11.466,155.685,-11.514,155.615,-1.613,0.026,0.038,-0.009,1.09,-6.23,92.32
38,-8.842,2.338,6.50,-11.466,155.685,-11.512,155.619,-1.613,0.025,0.036,-0.008,1.11,-6.22,92.32
38,-8.842,2.338,6.55,-11.466,155.685,-11.511,155.620,-1.613,0.025,0.035,-0.009,1.13,-6.20,92.31
38,-8.842,2.338,6.60,-11.466,155.685,-11.510,155.623,-1.614,0.024,0.033,-0.008,1.13,-6.19,92.31
38,-8.842,2.338,6.65,-11.466,155.685,-11.509,155.624,-1.614,0.023,0.032,-0.009,1.14,-6.18,92.31
38,-8.842,2.338,6.70,-11.466,155.685,-11.507,155.627,-1.614,0.022,0.029,-0.008,1.15,-6.17,92.31
38,-8.842,2.338,6.75,-11.466,155.685,-11.506,155.629,-1.614,0.021,0.028,-0.008,1.15,-6.17,92.32
38,-8.842,2.338,6.80,-11.466,155.685,-11.505,155.631,-1.614,0.020,0.026,-0.008,1.15,-6.16,92.32
38,-8.842,2.338,6.85,-11.466,155.685,-11.504,155.633,-1.614,0.020,0.025,-0.008,1.15,-6.16,92.32
38,-8.842,2.338,6.90,-11.466,155.685,-11.502,155.635,-1.614,0.019,0.023,-0.008,1.15,-6.16,92.32
38,-8.842,2.338,6.95,-11.466,155.685,-11.501,155.637,-1.614,0.018,0.022,-0.008,1.16,-6.16,92.32
38,-8.842,2.338,7.00,-11.466,155.685,-11.500,155.639,-1.615,0.017,0.020,-0.007,1.16,-6.16,92.32
38,-8.842,2.338,7.05,-11.466,155.685,-11.499,155.640,-1.615,0.017,0.019,-0.007,1.16,-6.16,92.32
38,-8.842,2.338,7.10,-11.466,155.685,-11.497,155.643,-1.615,0.016,0.017,-0.007,1.16,-6.15,92.32
38,-8.842,2.338,7.15,-11.466,155.685,-11.496,155.644,-1.615,0.015,0.017,-0.006,1.17,-6.15,92.32
38,-8.842,2.338,7.20,-11.466,155.685,-11.494,155.646,-1.615,0.015,0.015,-0.006,1.17,-6.15,92.32
38,-8.842,2.338,7.25,-11.466,155.685,-11.493,155.648,-1.615,0.015,0.014,-0.006,1.17,-6.15,92.32
38,-8.842,2.338,7.30,-11.466,155.685,-11.491,155.651,-1.616,0.014,0.013,-0.006,1.18,-6.15,92.32
38,-8.842,2.338,7.35,-11.466,155.685,-11.490,155.652,-1.616,0.014,0.013,-0.006,1.18,-6.14,92.32
38,-8.842,2.338,7.40,-11.466,155.685,-11.488,155.655,-1.617,0.013,0.011,-0.005,1.19,-6.14,92.32
38,-8.842,2.338,7.45,-11.466,155.685,-11.487,155.657,-1.617,0.012,0.011,-0.005,1.20,-6.13,92.32
38,-8.842,2.338,7.50,-11.466,155.685,-11.485,155.659,-1.617,0.012,0.009,-0.004,1.20,-6.12,92.33
38,-8.842,2.338,7.55,-11.466,155.685,-11.484,155.660,-1.616,0.012,0.008,-0.004,1.21,-6.11,92.33
38,-8.842,2.338,7.60,-11.466,155.685,-11.482,155.662,-1.616,0.011,0.005,-0.004,1.22,-6.11,92.34
38,-8.842,2.338,7.65,-11.466,155.685,-11.481,155.662,-1.617,0.011,0.004,-0.004,1.23,-6.10,92.34
38,-8.842,2.338,7.70,-11.466,155.685,-11.478,155.663,-1.617,0.010,0.001,-0.004,1.23,-6.10,92.35
38,-8.842,2.338,7.75,-11.466,155.685,-11.477,155.663,-1.617,0.009,-0.001,-0.004,1.25,-6.11,92.36
38,-8.842,2.338,7.80,-11.466,155.685,-11.476,155.663,-1.618,0.009,-0.004,-0.004,1.25,-6.12,92.36
38,-8.842,2.338,7.85,-11.466,155.685,-11.475,155.663,-1.619,0.008,-0.005,-0.004,1.26,-6.14,92.37
38,-8.842,2.338,7.90,-11.466,155.685,-11.473,155.663,-1.620,0.007,-0.008,-0.004,1.27,-6.15,92.37
38,-8.842,2.338,7.95,-11.466,155.685,-11.472,155.664,-1.620,0.006,-0.008,-0.004,1.27,-6.17,92.37
39,0.056,2.648,0.00,-11.466,155.685,-11.377,155.821,-1.614,0.148,0.347,0.006,3.35,-3.31,92.75
39,0.056,2.648,0.05,-11.466,155.685,-11.373,155.833,-1.614,0.145,0.354,0.006,3.48,-2.97,92.80
39,0.056,2.648,0.10,-11.466,155.685,-11.365,155.859,-1.615,0.135,0.366,0.005,3.61,-2.61,92.86
39,0.056,2.648,0.15,-11.466,155.685,-11.361,155.872,-1.615,0.129,0.370,0.005,3.70,-2.28,92.91
39,0.056,2.648,0.20,-11.466,155.685,-11.353,155.901,-1.615,0.116,0.375,0.005,3.79,-1.93,92.95
39,0.056,2.648,0.25,-11.466,155.685,-11.350,155.914,-1.615,0.109,0.376,0.005,3.85,-1.61,92.97
39,0.056,2.648,0.30,-11.466,155.685,-11.345,155.940,-1.615,0.095,0.375,0.005,3.89,-1.28,92.99
39,0.056,2.648,0.35,-11.466,155.685,-11.343,155.953,-1.615,0.087,0.373,0.005,3.92,-0.99,93.01
39,0.056,2.648,0.40,-11.466,155.685,-11.339,155.981,-1.615,0.069,0.366,0.005,3.93,-0.69,93.01
39,0.056,2.648,0.45,-11.466,155.685,-11.338,155.993,-1.615,0.062,0.361,0.005,3.93,-0.43,93.00
39,0.056,2.648,0.50,-11.466,155.685,-11.337,156.016,-1.615,0.046,0.350,0.005,3.91,-0.17,92.98
39,0.056,2.648,0.55,-11.466,155.685,-11.337,156.027,-1.615,0.038,0.343,0.005,3.88,0.05,92.95
39,0.056,2.648,0.60,-11.466,155.685,-11.337,156.050,-1.615,0.021,0.325,0.005,3.83,0.27,92.92
39,0.056,2.648,0.65,-11.466,155.685,-11.338,156.060,-1.614,0.013,0.315,0.005,3.78,0.45,92.88
39,0.056,2.648,0.70,-11.466,155.685,-11.340,156.078,-1.614,-0.002,0.295,0.005,3.72,0.62,92.84
39,0.056,2.648,0.75,-11.466,155.685,-11.342,156.086,-1.614,-0.009,0.285,0.005,3.65,0.76,92.79
39,0.056,2.648,0.80,-11.466,155.685,-11.345,156.104,-1.614,-0.025,0.260,0.005,3.57,0.89,92.74
39,0.056,2.648,0.85,-11.466,155.685,-11.347,156.111,-1.614,-0.031,0.248,0.005,3.48,0.98,92.70
39,0.056,2.648,0.90,-11.466,155.685,-11.351,156.123,-1.614,-0.043,0.224,0.005,3.39,1.07,92.65
39,0.056,2.648,0.95,-11.466,155.685,-11.353,156.129,-1.613,-0.048,0.212,0.005,3.29,1.13,92.60
39,0.056,2.648,1.00,-11.466,155.685,-11.358,156.140,-1.613,-0.058,0.185,0.004,3.19,1.17,92.55
39,0.056,2.648,1.05,-11.466,155.685,-11.360,156.145,-1.613,-0.063,0.173,0.004,3.10,1.20,92.51
39,0.056,2.648,1.10,-11.466,155.685,-11.365,156.153,-1.612,-0.070,0.150,0.004,3.01,1.22,92.47
39,0.056,2.648,1.15,-11.466,155.685,-11.367,156.156,-1.612,-0.073,0.138,0.003,2.92,1.23,92.44
39,0.056,2.648,1.20,-11.466,155.685,-11.373,156.162,-1.612,-0.080,0.112,0.003,2.83,1.22,92.41
39,0.056,2.648,1.25,-11.466,155.685,-11.375,156.164,-1.612,-0.082,0.101,0.003,2.75,1.21,92.39
39,0.056,2.648,1.30,-11.466,155.685,-11.380,156.168,-1.612,-0.086,0.080,0.002,2.66,1.18,92.37
39,0.056,2.648,1.35,-11.466,155.685,-11.383,156.170,-1.612,-0.088,0.069,0.002,2.59,1.15,92.36
39,0.056,2.648,1.40,-11.466,155.685,-11.388,156.172,-1.612,-0.090,0.048,0.002,2.51,1.11,92.35
39,0.056,2.648,1.45,-11.466,155.685,-11.390,156.173,-1.611,-0.091,0.039,0.002,2.45,1.08,92.35
39,0.056,2.648,1.50,-11.466,155.685,-11.394,156.175,-1.611,-0.091,0.021,0.001,2.38,1.03,92.35
39,0.056,2.648,1.55,-11.466,155.685,-11.397,156.175,-1.611,-0.091,0.013,0.001,2.33,0.99,92.36
39,0.056,2.648,1.60,-11.466,155.685,-11.401,156.175,-1.611,-0.091,-0.005,0.000,2.27,0.95,92.37
39,0.056,2.648,1.65,-11.466,155.685,-11.403,156.175,-1.611,-0.090,-0.012,0.000,2.23,0.91,92.38
39,0.056,2.648,1.70,-11.466,155.685,-11.407,156.174,-1.610,-0.089,-0.026,-0.000,2.18,0.87,92.39
39,0.056,2.648,1.75,-11.466,155.685,-11.409,156.173,-1.610,-0.089,-0.032,-0.001,2.15,0.83,92.41
39,0.056,2.648,1.80,-11.466,155.685,-11.414,156.171,-1.610,-0.087,-0.047,-0.001,2.11,0.79,92.43
39,0.056,2.648,1.85,-11.466,155.685,-11.415,156.169,-1.609,-0.086,-0.053,-0.001,2.08,0.74,92.45
39,0.056,2.648,1.90,-11.466,155.685,-11.419,156.165,-1.609,-0.083,-0.065,-0.002,2.05,0.70,92.48
39,0.056,2.648,1.95,-11.466,155.685,-11.421,156.163,-1.609,-0.082,-0.070,-0.003,2.02,0.65,92.50
39,0.056,2.648,2.00,-11.466,155.685,-11.425,156.157,-1.610,-0.080,-0.082,-0.003,1.99,0.60,92.51
39,0.056,2.648,2.05,-11.466,155.685,-11.427,156.154,-1.610,-0.079,-0.086,-0.004,1.97,0.55,92.52
39,0.056,2.648,2.10,-11.466,155.685,-11.430,156.148,-1.611,-0.077,-0.095,-0.004,1.95,0.50,92.52
39,0.056,2.648,2.15,-11.466,155.685,-11.432,156.145,-1.611,-0.076,-0.099,-0.004,1.93,0.44,92.51
39,0.056,2.648,2.20,-11.466,155.685,-11.436,156.137,-1.612,-0.074,-0.107,-0.004,1.91,0.39,92.49
39,0.056,2.648,2.25,-11.466,155.685,-11.438,156.134,-1.612,-0.073,-0.110,-0.004,1.88,0.34,92.48
39,0.056,2.648,2.30,-11.466,155.685,-11.441,156.126,-1.613,-0.070,-0.116,-0.003,1.86,0.28,92.46
39,0.056,2.648,2.35,-11.466,155.685,-11.442,156.122,-1.613,-0.069,-0.119,-0.003,1.84,0.24,92.45
39,0.056,2.648,2.40,-11.466,155.685,-11.446,156.113,-1.613,-0.066,-0.124,-0.002,1.82,0.18,92.43
39,0.056,2.648,2.45,-11.466,155.685,-11.448,156.109,-1.613,-0.065,-0.126,-0.002,1.80,0.13,92.42
39,0.056,2.648,2.50,-11.466,155.685,-11.451,156.100,-1.612,-0.063,-0.129,-0.002,1.79,0.08,92.40
39,0.056,2.648,2.55,-11.466,155.685,-11.452,156.096,-1.612,-0.061,-0.131,-0.002,1.77,0.03,92.38
39,0.056,2.648,2.60,-11.466,155.685,-11.456,156.086,-1.612,-0.059,-0.133,-0.002,1.76,-0.01,92.37
39,0.056,2.648,2.65,-11.466,155.685,-11.457,156.081,-1.612,-0.057,-0.134,-0.002,1.74,-0.06,92.36
39,0.056,2.648,2.70,-11.466,155.685,-11.460,156.073,-1.611,-0.055,-0.135,-0.002,1.72,-0.11,92.35
39,0.056,2.648,2.75,-11.466,155.685,-11.461,156.069,-1.610,-0.053,-0.134,-0.002,1.71,-0.15,92.34
39,0.056,2.648,2.80,-11.466,155.685,-11.463,156.059,-1.609,-0.050,-0.133,-0.003,1.69,-0.19,92.34
39,0.056,2.648,2.85,-11.466,155.685,-11.464,156.056,-1.608,-0.048,-0.132,-0.004,1.68,-0.22,92.34
39,0.056,2.648,2.90,-11.466,155.685,-11.466,156.048,-1.608,-0.045,-0.130,-0.005,1.67,-0.25,92.34
39,0.056,2.648,2.95,-11.466,155.685,-11.467,156.045,-1.607,-0.043,-0.129,-0.005,1.67,-0.27,92.35
39,0.056,2.648,3.00,-11.466,155.685,-11.468,156.037,-1.607,-0.040,-0.125,-0.007,1.66,-0.29,92.35
39,0.056,2.648,3.05,-11.466,155.685,-11.469,156.034,-1.606,-0.038,-0.124,-0.007,1.66,-0.30,92.36
39,0.056,2.648,3.10,-11.466,155.685,-11.470,156.027,-1.606,-0.035,-0.121,-0.008,1.66,-0.31,92.37
39,0.056,2.648,3.15,-11.466,155.685,-11.471,156.024,-1.606,-0.033,-0.120,-0.009,1.67,-0.32,92.38
39,0.056,2.648,3.20,-11.466,155.685,-11.471,156.016,-1.607,-0.029,-0.116,-0.009,1.67,-0.32,92.40
39,0.056,2.648,3.25,-11.466,155.685,-11.471,156.013,-1.607,-0.027,-0.115,-0.010,1.68,-0.33,92.41
39,0.056,2.648,3.30,-11.466,155.685,-11.471,156.006,-1.608,-0.024,-0.112,-0.010,1.69,-0.33,92.42
39,0.056,2.648,3.35,-11.466,155.685,-11.471,156.003,-1.608,-0.023,-0.110,-0.010,1.70,-0.33,92.43
39,0.056,2.648,3.40,-11.466,155.685,-11.471,155.996,-1.609,-0.020,-0.107,-0.010,1.71,-0.33,92.44
39,0.056,2.648,3.45,-11.466,155.685,-11.471,155.993,-1.609,-0.018,-0.106,-0.010,1.72,-0.34,92.45
39,0.056,2.648,3.50,-11.466,155.685,-11.470,155.988,-1.610,-0.016,-0.103,-0.009,1.73,-0.34,92.46
39,0.056,2.648,3.55,-11.466,155.685,-11.470,155.985,-1.610,-0.015,-0.101,-0.009,1.75,-0.34,92.46
39,0.056,2.648,3.60,-11.466,155.685,-11.469,155.979,-1.611,-0.012,-0.098,-0.008,1.76,-0.34,92.47
39,0.056,2.648,3.65,-11.466,155.685,-11.468,155.976,-1.611,-0.010,-0.096,-0.008,1.78,-0.34,92.47
39,0.056,2.648,3.70,-11.466,155.685,-11.467,155.970,-1.611,-0.008,-0.094,-0.008,1.79,-0.34,92.46
39,0.056,2.648,3.75,-11.466,155.685,-11.466,155.967,-1.611,-0.008,-0.092,-0.008,1.81,-0.34,92.46
39,0.056,2.648,3.80,-11.466,155.685,-11.465,155.961,-1.611,-0.006,-0.090,-0.008,1.83,-0.34,92.45
39,0.056,2.648,3.85,-11.466,155.685,-11.464,155.958,-1.611,-0.006,-0.088,-0.008,1.85,-0.34,92.44
39,0.056,2.648,3.90,-11.466,155.685,-11.463,155.953,-1.611,-0.004,-0.086,-0.007,1.87,-0.34,92.43
39,0.056,2.648,3.95,-11.466,155.685,-11.463,155.950,-1.611,-0.004,-0.084,-0.007,1.88,-0.34,92.43
39,0.056,2.648,4.00,-11.466,155.685,-11.461,155.945,-1.611,-0.003,-0.081,-0.008,1.90,-0.34,92.42
39,0.056,2.648,4.05,-11.466,155.685,-11.460,155.943,-1.611,-0.003,-0.079,-0.008,1.91,-0.34,92.41
39,0.056,2.648,4.10,-11.466,155.685,-11.458,155.939,-1.612,-0.003,-0.076,-0.008,1.93,-0.34,92.40
39,0.056,2.648,4.15,-11.466,155.685,-11.458,155.937,-1.612,-0.003,-0.074,-0.008,1.94,-0.33,92.39
39,0.056,2.648,4.20,-11.466,155.685,-11.456,155.933,-1.613,-0.003,-0.071,-0.008,1.95,-0.32,92.39
39,0.056,2.648,4.25,-11.466,155.685,-11.455,155.931,-1.613,-0.003,-0.070,-0.007,1.97,-0.31,92.38
39,0.056,2.648,4.30,-11.466,155.685,-11.454,155.927,-1.614,-0.004,-0.067,-0.007,1.98,-0.30,92.37
39,0.056,2.648,4.35,-11.466,155.685,-11.454,155.926,-1.614,-0.004,-0.066,-0.007,1.99,-0.29,92.36
39,0.056,2.648,4.40,-11.466,155.685,-11.453,155.922,-1.613,-0.006,-0.064,-0.006,1.99,-0.28,92.35
39,0.056,2.648,4.45,-11.466,155.685,-11.453,155.920,-1.613,-0.007,-0.063,-0.006,2.00,-0.27,92.35
39,0.056,2.648,4.50,-11.466,155.685,-11.453,155.917,-1.613,-0.008,-0.061,-0.006,1.99,-0.26,92.34
39,0.056,2.648,4.55,-11.466,155.685,-11.453,155.915,-1.613,-0.009,-0.060,-0.006,1.99,-0.25,92.34
39,0.056,2.648,4.60,-11.466,155.685,-11.453,155.911,-1.614,-0.011,-0.058,-0.006,1.99,-0.24,92.33
39,0.056,2.648,4.65,-11.466,155.685,-11.453,155.910,-1.614,-0.011,-0.058,-0.006,1.98,-0.24,92.33
39,0.056,2.648,4.70,-11.466,155.685,-11.453,155.906,-1.615,-0.013,-0.057,-0.006,1.97,-0.23,92.33
39,0.056,2.648,4.75,-11.466,155.685,-11.454,155.904,-1.615,-0.013,-0.057,-0.006,1.96,-0.23,92.32
39,0.056,2.648,4.80,-11.466,155.685,-11.454,155.899,-1.616,-0.015,-0.056,-0.006,1.95,-0.22,92.32
39,0.056,2.648,4.85,-11.466,155.685,-11.455,155.896,-1.616,-0.016,-0.056,-0.005,1.94,-0.23,92.32
39,0.056,2.648,4.90,-11.466,155.685,-11.456,155.891,-1.617,-0.017,-0.056,-0.005,1.92,-0.23,92.32
39,0.056,2.648,4.95,-11.466,155.685,-11.457,155.889,-1.618,-0.018,-0.056,-0.004,1.91,-0.24,92.32
39,0.056,2.648,5.00,-11.466,155.685,-11.459,155.883,-1.618,-0.019,-0.056,-0.003,1.89,-0.25,92.33
39,0.056,2.648,5.05,-11.466,155.685,-11.460,155.880,-1.618,-0.019,-0.056,-0.003,1.87,-0.26,92.33
39,0.056,2.648,5.10,-11.466,155.685,-11.461,155.875,-1.619,-0.020,-0.056,-0.002,1.85,-0.28,92.33
39,0.056,2.648,5.15,-11.466,155.685,-11.462,155.873,-1.619,-0.020,-0.055,-0.002,1.83,-0.30,92.33
39,0.056,2.648,5.20,-11.466,155.685,-11.464,155.867,-1.619,-0.020,-0.054,-0.001,1.81,-0.32,92.33
39,0.056,2.648,5.25,-11.466,155.685,-11.464,155.865,-1.619,-0.019,-0.053,-0.001,1.79,-0.33,92.32
39,0.056,2.648,5.30,-11.466,155.685,-11.465,155.862,-1.619,-0.019,-0.051,-0.001,1.78,-0.35,92.32
39,0.056,2.648,5.35,-11.466,155.685,-11.466,155.860,-1.619,-0.018,-0.050,-0.001,1.76,-0.36,92.32
39,0.056,2.648,5.40,-11.466,155.685,-11.467,155.857,-1.618,-0.017,-0.046,-0.001,1.75,-0.37,92.32
39,0.056,2.648,5.45,-11.466,155.685,-11.467,155.856,-1.618,-0.017,-0.044,-0.001,1.74,-0.37,92.32
39,0.056,2.648,5.50,-11.466,155.685,-11.468,155.854,-1.618,-0.015,-0.041,-0.001,1.74,-0.36,92.32
39,0.056,2.648,5.55,-11.466,155.685,-11.469,155.854,-1.618,-0.015,-0.039,-0.001,1.74,-0.35,92.32
39,0.056,2.648,5.60,-11.466,155.685,-11.469,155.853,-1.617,-0.013,-0.035,-0.001,1.73,-0.34,92.32
39,0.056,2.648,5.65,-11.466,155.685,-11.470,155.852,-1.617,-0.013,-0.034,-0.001,1.74,-0.32,92.32
39,0.056,2.648,5.70,-11.466,155.685,-11.470,155.851,-1.617,-0.011,-0.031,-0.002,1.74,-0.29,92.32
39,0.056,2.648,5.75,-11.466,155.685,-11.470,155.851,-1.616,-0.010,-0.029,-0.002,1.74,-0.27,92.32
39,0.056,2.648,5.80,-11.466,155.685,-11.469,155.850,-1.616,-0.009,-0.027,-0.003,1.75,-0.24,92.32
39,0.056,2.648,5.85,-11.466,155.685,-11.469,155.850,-1.616,-0.008,-0.026,-0.003,1.76,-0.21,92.32
39,0.056,2.648,5.90,-11.466,155.685,-11.469,155.849,-1.616,-0.007,-0.025,-0.004,1.76,-0.19,92.32
39,0.056,2.648,5.95,-11.466,155.685,-11.469,155.849,-1.616,-0.007,-0.024,-0.004,1.77,-0.17,92.32
39,0.056,2.648,6.00,-11.466,155.685,-11.469,155.849,-1.615,-0.006,-0.022,-0.004,1.78,-0.15,92.32
39,0.056,2.648,6.05,-11.466,155.685,-11.469,155.848,-1.615,-0.005,-0.022,-0.004,1.79,-0.12,92.32
39,0.056,2.648,6.10,-11.466,155.685,-11.469,155.848,-1.615,-0.004,-0.021,-0.005,1.80,-0.10,92.32
39,0.056,2.648,6.15,-11.466,155.685,-11.468,155.848,-1.615,-0.004,-0.021,-0.005,1.80,-0.09,92.32
39,0.056,2.648,6.20,-11.466,155.685,-11.467,155.848,-1.614,-0.002,-0.021,-0.005,1.81,-0.07,92.31
39,0.056,2.648,6.25,-11.466,155.685,-11.466,155.849,-1.614,-0.001,-0.020,-0.005,1.82,-0.05,92.31
39,0.056,2.648,6.30,-11.466,155.685,-11.465,155.849,-1.613,0.000,-0.020,-0.005,1.83,-0.03,92.30
39,0.056,2.648,6.35,-11.466,155.685,-11.464,155.850,-1.613,0.001,-0.020,-0.006,1.84,-0.02,92.30
39,0.056,2.648,6.40,-11.466,155.685,-11.463,155.851,-1.612,0.001,-0.020,-0.006,1.86,0.00,92.29
39,0.056,2.648,6.45,-11.466,155.685,-11.463,155.851,-1.611,0.001,-0.020,-0.006,1.88,0.02,92.29
39,0.056,2.648,6.50,-11.466,155.685,-11.462,155.852,-1.610,0.001,-0.020,-0.007,1.89,0.04,92.29
39,0.056,2.648,6.55,-11.466,155.685,-11.461,155.852,-1.609,0.001,-0.021,-0.008,1.91,0.06,92.29
39,0.056,2.648,6.60,-11.466,155.685,-11.461,155.852,-1.608,0.001,-0.023,-0.009,1.92,0.08,92.30
39,0.056,2.648,6.65,-11.466,155.685,-11.460,155.851,-1.608,0.000,-0.024,-0.010,1.93,0.09,92.30
39,0.056,2.648,6.70,-11.466,155.685,-11.460,155.850,-1.607,-0.000,-0.026,-0.011,1.94,0.10,92.30
39,0.056,2.648,6.75,-11.466,155.685,-11.460,155.850,-1.606,-0.001,-0.027,-0.011,1.94,0.11,92.30
39,0.056,2.648,6.80,-11.466,155.685,-11.461,155.848,-1.606,-0.002,-0.031,-0.013,1.94,0.11,92.31
39,0.056,2.648,6.85,-11.466,155.685,-11.461,155.847,-1.606,-0.003,-0.032,-0.013,1.94,0.10,92.31
39,0.056,2.648,6.90,-11.466,155.685,-11.462,155.845,-1.605,-0.004,-0.035,-0.014,1.93,0.09,92.32
39,0.056,2.648,6.95,-11.466,155.685,-11.462,155.844,-1.605,-0.005,-0.037,-0.014,1.92,0.08,92.33
39,0.056,2.648,7.00,-11.466,155.685,-11.464,155.841,-1.605,-0.007,-0.040,-0.015,1.91,0.06,92.33
39,0.056,2.648,7.05,-11.466,155.685,-11.464,155.840,-1.605,-0.007,-0.041,-0.015,1.90,0.04,92.34
39,0.056,2.648,7.10,-11.466,155.685,-11.465,155.837,-1.605,-0.009,-0.043,-0.016,1.88,0.02,92.35
39,0.056,2.648,7.15,-11.466,155.685,-11.466,155.835,-1.606,-0.009,-0.044,-0.016,1.86,0.00,92.35
39,0.056,2.648,7.20,-11.466,155.685,-11.467,155.831,-1.606,-0.010,-0.046,-0.016,1.85,-0.02,92.35
39,0.056,2.648,7.25,-11.466,155.685,-11.468,155.830,-1.606,-0.011,-0.047,-0.016,1.83,-0.04,92.36
39,0.056,2.648,7.30,-11.466,155.685,-11.469,155.826,-1.607,-0.011,-0.049,-0.016,1.81,-0.07,92.36
39,0.056,2.648,7.35,-11.466,155.685,-11.470,155.824,-1.608,-0.011,-0.049,-0.016,1.79,-0.09,92.36
39,0.056,2.648,7.40,-11.466,155.685,-11.472,155.819,-1.609,-0.012,-0.050,-0.015,1.78,-0.12,92.37
39,0.056,2.648,7.45,-11.466,155.685,-11.473,155.818,-1.610,-0.012,-0.050,-0.014,1.76,-0.14,92.37
39,0.056,2.648,7.50,-11.466,155.685,-11.474,155.814,-1.611,-0.012,-0.050,-0.013,1.75,-0.17,92.37
39,0.056,2.648,7.55,-11.466,155.685,-11.475,155.813,-1.612,-0.012,-0.049,-0.013,1.73,-0.19,92.37
39,0.056,2.648,7.60,-11.466,155.685,-11.477,155.810,-1.613,-0.012,-0.048,-0.012,1.72,-0.21,92.37
39,0.056,2.648,7.65,-11.466,155.685,-11.478,155.809,-1.613,-0.012,-0.047,-0.011,1.70,-0.22,92.37
39,0.056,2.648,7.70,-11.466,155.685,-11.479,155.806,-1.614,-0.011,-0.045,-0.010,1.69,-0.23,92.37
39,0.056,2.648,7.75,-11.466,155.685,-11.480,155.805,-1.614,-0.010,-0.044,-0.010,1.67,-0.23,92.37
39,0.056,2.648,7.80,-11.466,155.685,-11.481,155.802,-1.614,-0.009,-0.043,-0.009,1.66,-0.23,92.36
39,0.056,2.648,7.85,-11.466,155.685,-11.482,155.801,-1.614,-0.008,-0.042,-0.008,1.65,-0.23,92.36
39,0.056,2.648,7.90,-11.466,155.685,-11.483,155.799,-1.614,-0.007,-0.040,-0.008,1.65,-0.23,92.36
39,0.056,2.648,7.95,-11.466,155.685,-11.484,155.798,-1.614,-0.007,-0.039,-0.007,1.65,-0.23,92.35
