condition_idx,wind_vx_m_s,wind_vy_m_s,t_s,cmd_north_m,cmd_east_m,actual_north_m,actual_east_m,actual_down_m,vn_m_s,ve_m_s,vd_m_s,roll_deg,pitch_deg,yaw_deg
0,1.053,1.292,0.00,0.031,-0.235,0.064,0.089,-1.512,0.255,0.097,-0.027,0.33,4.47,78.82
0,1.017,1.266,0.05,0.031,-0.235,0.064,0.089,-1.512,0.255,0.097,-0.027,0.33,4.47,78.82
0,0.981,1.237,0.10,0.031,-0.235,0.083,0.089,-1.515,0.251,0.057,-0.025,0.55,4.35,78.90
0,0.947,1.205,0.15,0.031,-0.235,0.091,0.089,-1.516,0.249,0.040,-0.025,0.74,4.23,78.95
0,0.914,1.170,0.20,0.031,-0.235,0.107,0.085,-1.518,0.242,0.007,-0.024,0.93,4.08,79.00
0,0.882,1.133,0.25,0.031,-0.235,0.115,0.083,-1.520,0.238,-0.008,-0.023,1.10,3.94,79.04
0,0.852,1.094,0.30,0.031,-0.235,0.132,0.076,-1.522,0.227,-0.041,-0.022,1.27,3.77,79.06
0,0.824,1.052,0.35,0.031,-0.235,0.139,0.072,-1.523,0.221,-0.054,-0.022,1.41,3.61,79.07
0,0.797,1.008,0.40,0.031,-0.235,0.153,0.063,-1.524,0.209,-0.079,-0.022,1.55,3.43,79.08
0,0.773,0.963,0.45,0.031,-0.235,0.159,0.059,-1.525,0.202,-0.090,-0.022,1.67,3.26,79.08
0,0.751,0.916,0.50,0.031,-0.235,0.173,0.046,-1.527,0.187,-0.113,-0.021,1.79,3.07,79.07
0,0.731,0.869,0.55,0.031,-0.235,0.179,0.041,-1.528,0.180,-0.121,-0.021,1.89,2.91,79.07
0,0.713,0.820,0.60,0.031,-0.235,0.189,0.029,-1.530,0.164,-0.137,-0.021,1.98,2.72,79.06
0,0.698,0.771,0.65,0.031,-0.235,0.193,0.023,-1.530,0.156,-0.144,-0.021,2.05,2.56,79.05
0,0.686,0.721,0.70,0.031,-0.235,0.202,0.009,-1.532,0.138,-0.157,-0.021,2.12,2.38,79.03
0,0.676,0.672,0.75,0.031,-0.235,0.206,0.003,-1.532,0.130,-0.161,-0.021,2.17,2.22,79.02
0,0.669,0.622,0.80,0.031,-0.235,0.212,-0.011,-1.534,0.113,-0.169,-0.021,2.20,2.06,79.01
0,0.664,0.573,0.85,0.031,-0.235,0.214,-0.017,-1.534,0.105,-0.172,-0.021,2.23,1.91,79.00
0,0.663,0.525,0.90,0.031,-0.235,0.219,-0.032,-1.535,0.087,-0.176,-0.021,2.24,1.77,78.99
0,0.664,0.478,0.95,0.031,-0.235,0.220,-0.038,-1.536,0.079,-0.178,-0.022,2.24,1.63,78.98
0,0.668,0.432,1.00,0.031,-0.235,0.197,-0.175,-1.568,-0.053,-0.072,-0.013,1.49,0.64,79.36
0,0.674,0.388,1.05,0.031,-0.235,0.197,-0.175,-1.568,-0.053,-0.072,-0.013,1.49,0.64,79.36
0,0.684,0.346,1.10,0.031,-0.235,0.194,-0.178,-1.569,-0.055,-0.064,-0.012,1.47,0.66,79.36
0,0.696,0.305,1.15,0.031,-0.235,0.192,-0.179,-1.570,-0.056,-0.061,-0.012,1.46,0.68,79.36
0,0.710,0.267,1.20,0.031,-0.235,0.189,-0.182,-1.571,-0.058,-0.056,-0.011,1.44,0.71,79.35
0,0.728,0.231,1.25,0.031,-0.235,0.187,-0.183,-1.572,-0.059,-0.053,-0.011,1.43,0.72,79.34
0,0.747,0.198,1.30,0.031,-0.235,0.182,-0.185,-1.573,-0.063,-0.048,-0.010,1.41,0.75,79.33
0,0.769,0.168,1.35,0.031,-0.235,0.179,-0.186,-1.574,-0.065,-0.046,-0.009,1.40,0.76,79.31
0,0.793,0.141,1.40,0.031,-0.235,0.174,-0.188,-1.574,-0.069,-0.042,-0.009,1.37,0.78,79.30
0,0.819,0.117,1.45,0.031,-0.235,0.171,-0.189,-1.575,-0.071,-0.040,-0.008,1.34,0.79,79.29
0,0.848,0.096,1.50,0.031,-0.235,0.165,-0.190,-1.575,-0.076,-0.036,-0.008,1.29,0.80,79.27
0,0.877,0.078,1.55,0.031,-0.235,0.162,-0.191,-1.574,-0.078,-0.035,-0.008,1.26,0.81,79.27
0,0.909,0.064,1.60,0.031,-0.235,0.155,-0.192,-1.574,-0.082,-0.032,-0.008,1.20,0.81,79.26
0,0.942,0.054,1.65,0.031,-0.235,0.152,-0.192,-1.574,-0.083,-0.031,-0.009,1.15,0.82,79.25
0,0.976,0.047,1.70,0.031,-0.235,0.144,-0.193,-1.573,-0.087,-0.028,-0.010,1.08,0.82,79.24
0,1.011,0.044,1.75,0.031,-0.235,0.140,-0.193,-1.573,-0.088,-0.027,-0.010,1.03,0.82,79.24
0,1.047,0.045,1.80,0.031,-0.235,0.133,-0.194,-1.572,-0.090,-0.025,-0.011,0.96,0.82,79.24
0,1.084,0.049,1.85,0.031,-0.235,0.130,-0.194,-1.572,-0.091,-0.025,-0.012,0.90,0.82,79.24
0,1.121,0.057,1.90,0.031,-0.235,0.121,-0.195,-1.572,-0.091,-0.024,-0.013,0.83,0.82,79.24
0,1.158,0.068,1.95,0.031,-0.235,0.118,-0.196,-1.572,-0.091,-0.024,-0.014,0.78,0.81,79.25
0,1.195,0.084,2.00,0.031,-0.235,0.067,-0.200,-1.596,-0.033,-0.026,-0.004,0.58,0.83,79.31
0,1.233,0.102,2.05,0.031,-0.235,0.067,-0.200,-1.596,-0.033,-0.026,-0.004,0.58,0.83,79.31
0,1.270,0.124,2.10,0.031,-0.235,0.066,-0.202,-1.597,-0.032,-0.027,-0.003,0.59,0.81,79.31
0,1.306,0.149,2.15,0.031,-0.235,0.065,-0.205,-1.599,-0.030,-0.029,-0.002,0.60,0.78,79.31
0,1.342,0.177,2.20,0.031,-0.235,0.064,-0.206,-1.600,-0.029,-0.029,-0.001,0.61,0.75,79.31
0,1.376,0.209,2.25,0.031,-0.235,0.063,-0.209,-1.601,-0.028,-0.030,-0.000,0.61,0.72,79.32
0,1.410,0.243,2.30,0.031,-0.235,0.062,-0.210,-1.601,-0.027,-0.029,0.001,0.62,0.70,79.31
0,1.442,0.279,2.35,0.031,-0.235,0.061,-0.213,-1.602,-0.026,-0.029,0.002,0.63,0.67,79.32
0,1.472,0.318,2.40,0.031,-0.235,0.060,-0.215,-1.602,-0.026,-0.029,0.003,0.64,0.65,79.32
0,1.501,0.359,2.45,0.031,-0.235,0.059,-0.218,-1.601,-0.025,-0.028,0.003,0.64,0.62,79.32
0,1.528,0.402,2.50,0.031,-0.235,0.058,-0.220,-1.601,-0.025,-0.027,0.004,0.65,0.60,79.31
0,1.553,0.447,2.55,0.031,-0.235,0.058,-0.223,-1.601,-0.024,-0.025,0.004,0.65,0.58,79.31
0,1.576,0.493,2.60,0.031,-0.235,0.058,-0.224,-1.600,-0.024,-0.024,0.003,0.65,0.56,79.31
0,1.597,0.541,2.65,0.031,-0.235,0.057,-0.226,-1.600,-0.023,-0.021,0.003,0.65,0.55,79.31
0,1.615,0.589,2.70,0.031,-0.235,0.058,-0.228,-1.600,-0.022,-0.019,0.003,0.65,0.54,79.30
0,1.631,0.638,2.75,0.031,-0.235,0.058,-0.229,-1.599,-0.021,-0.016,0.002,0.66,0.54,79.30
0,1.644,0.688,2.80,0.031,-0.235,0.058,-0.230,-1.599,-0.021,-0.014,0.001,0.66,0.53,79.30
0,1.655,0.737,2.85,0.031,-0.235,0.058,-0.231,-1.599,-0.020,-0.011,0.001,0.67,0.54,79.30
0,1.663,0.787,2.90,0.031,-0.235,0.058,-0.232,-1.598,-0.020,-0.008,0.000,0.67,0.55,79.30
0,1.668,0.836,2.95,0.031,-0.235,0.057,-0.233,-1.597,-0.020,-0.005,-0.001,0.67,0.56,79.31
0,1.670,0.884,3.00,0.031,-0.235,0.030,-0.213,-1.593,-0.020,0.018,-0.012,0.30,0.98,79.30
0,1.670,0.932,3.05,0.031,-0.235,0.030,-0.213,-1.593,-0.020,0.018,-0.012,0.30,0.98,79.30
0,1.667,0.978,3.10,0.031,-0.235,0.029,-0.212,-1.593,-0.018,0.017,-0.012,0.30,0.98,79.30
0,1.661,1.023,3.15,0.031,-0.235,0.028,-0.211,-1.593,-0.018,0.017,-0.012,0.29,0.99,79.30
0,1.652,1.066,3.20,0.031,-0.235,0.027,-0.210,-1.593,-0.016,0.016,-0.011,0.29,0.99,79.31
0,1.641,1.107,3.25,0.031,-0.235,0.027,-0.210,-1.593,-0.016,0.016,-0.011,0.29,1.00,79.31
0,1.627,1.146,3.30,0.031,-0.235,0.027,-0.209,-1.593,-0.014,0.015,-0.011,0.28,1.00,79.31
0,1.611,1.182,3.35,0.031,-0.235,0.027,-0.208,-1.593,-0.013,0.014,-0.011,0.28,1.01,79.31
0,1.592,1.216,3.40,0.031,-0.235,0.027,-0.207,-1.593,-0.012,0.013,-0.011,0.29,1.01,79.31
0,1.571,1.247,3.45,0.031,-0.235,0.027,-0.207,-1.593,-0.011,0.012,-0.012,0.29,1.02,79.31
0,1.547,1.275,3.50,0.031,-0.235,0.028,-0.206,-1.593,-0.009,0.011,-0.012,0.29,1.02,79.31
0,1.521,1.300,3.55,0.031,-0.235,0.029,-0.206,-1.593,-0.009,0.010,-0.012,0.30,1.03,79.31
0,1.494,1.322,3.60,0.031,-0.235,0.030,-0.205,-1.593,-0.007,0.009,-0.012,0.31,1.03,79.31
0,1.465,1.340,3.65,0.031,-0.235,0.031,-0.205,-1.593,-0.006,0.009,-0.012,0.32,1.04,79.31
0,1.434,1.355,3.70,0.031,-0.235,0.032,-0.204,-1.593,-0.005,0.007,-0.012,0.33,1.04,79.31
0,1.401,1.367,3.75,0.031,-0.235,0.033,-0.203,-1.593,-0.004,0.007,-0.012,0.34,1.05,79.31
0,1.367,1.375,3.80,0.031,-0.235,0.034,-0.202,-1.592,-0.004,0.006,-0.012,0.36,1.05,79.31
0,1.333,1.379,3.85,0.031,-0.235,0.034,-0.201,-1.592,-0.004,0.006,-0.012,0.37,1.05,79.32
0,1.297,1.379,3.90,0.031,-0.235,0.035,-0.199,-1.591,-0.004,0.005,-0.013,0.38,1.06,79.32
0,1.260,1.376,3.95,0.031,-0.235,0.035,-0.199,-1.591,-0.004,0.005,-0.013,0.39,1.07,79.32
0,1.223,1.369,4.00,0.031,-0.235,0.029,-0.197,-1.597,-0.015,-0.018,-0.009,0.33,1.02,79.31
0,1.186,1.359,4.05,0.031,-0.235,0.029,-0.197,-1.597,-0.015,-0.018,-0.009,0.33,1.02,79.31
0,1.148,1.345,4.10,0.031,-0.235,0.028,-0.198,-1.597,-0.015,-0.018,-0.009,0.32,1.01,79.31
0,1.111,1.327,4.15,0.031,-0.235,0.026,-0.199,-1.597,-0.015,-0.018,-0.009,0.30,1.00,79.31
0,1.074,1.306,4.20,0.031,-0.235,0.025,-0.199,-1.596,-0.014,-0.018,-0.009,0.28,0.99,79.31
0,1.038,1.282,4.25,0.031,-0.235,0.023,-0.201,-1.596,-0.014,-0.019,-0.010,0.26,0.98,79.31
0,1.002,1.254,4.30,0.031,-0.235,0.023,-0.202,-1.596,-0.013,-0.019,-0.010,0.25,0.97,79.31
0,0.967,1.224,4.35,0.031,-0.235,0.021,-0.203,-1.597,-0.012,-0.020,-0.010,0.24,0.96,79.31
0,0.933,1.191,4.40,0.031,-0.235,0.019,-0.205,-1.597,-0.012,-0.020,-0.011,0.23,0.95,79.32
0,0.901,1.155,4.45,0.031,-0.235,0.018,-0.206,-1.597,-0.011,-0.021,-0.011,0.22,0.93,79.32
0,0.870,1.117,4.50,0.031,-0.235,0.016,-0.209,-1.597,-0.010,-0.021,-0.010,0.22,0.92,79.31
0,0.840,1.076,4.55,0.031,-0.235,0.015,-0.210,-1.597,-0.009,-0.021,-0.010,0.21,0.90,79.32
0,0.813,1.034,4.60,0.031,-0.235,0.014,-0.211,-1.597,-0.008,-0.021,-0.011,0.20,0.89,79.32
0,0.787,0.989,4.65,0.031,-0.235,0.013,-0.213,-1.596,-0.007,-0.020,-0.011,0.20,0.87,79.32
0,0.763,0.943,4.70,0.031,-0.235,0.012,-0.213,-1.596,-0.006,-0.020,-0.011,0.20,0.86,79.32
0,0.742,0.896,4.75,0.031,-0.235,0.011,-0.215,-1.596,-0.004,-0.020,-0.011,0.20,0.85,79.32
0,0.723,0.848,4.80,0.031,-0.235,0.011,-0.216,-1.595,-0.003,-0.019,-0.011,0.19,0.84,79.32
0,0.707,0.799,4.85,0.031,-0.235,0.010,-0.218,-1.594,-0.001,-0.018,-0.011,0.20,0.83,79.32
0,0.692,0.750,4.90,0.031,-0.235,0.010,-0.219,-1.594,-0.000,-0.018,-0.012,0.20,0.82,79.32
0,0.681,0.700,4.95,0.031,-0.235,0.010,-0.220,-1.593,0.001,-0.017,-0.012,0.20,0.81,79.32
0,0.672,0.651,5.00,0.031,-0.235,0.039,-0.208,-1.608,0.014,0.002,-0.003,0.47,1.13,79.33
0,0.666,0.602,5.05,0.031,-0.235,0.039,-0.208,-1.608,0.014,0.002,-0.003,0.47,1.13,79.33
0,0.663,0.553,5.10,0.031,-0.235,0.040,-0.207,-1.608,0.014,0.002,-0.002,0.49,1.14,79.33
0,0.663,0.505,5.15,0.031,-0.235,0.043,-0.206,-1.608,0.013,0.000,-0.001,0.50,1.15,79.33
0,0.665,0.459,5.20,0.031,-0.235,0.044,-0.206,-1.608,0.013,-0.000,-0.000,0.50,1.15,79.33
0,0.670,0.414,5.25,0.031,-0.235,0.047,-0.205,-1.608,0.012,-0.002,0.000,0.51,1.16,79.33
0,0.678,0.370,5.30,0.031,-0.235,0.048,-0.205,-1.607,0.012,-0.003,0.000,0.52,1.16,79.32
0,0.689,0.328,5.35,0.031,-0.235,0.050,-0.204,-1.607,0.012,-0.005,0.000,0.52,1.17,79.32
0,0.702,0.289,5.40,0.031,-0.235,0.050,-0.204,-1.607,0.011,-0.006,0.000,0.53,1.16,79.32
0,0.717,0.252,5.45,0.031,-0.235,0.052,-0.204,-1.606,0.011,-0.009,0.000,0.54,1.16,79.32
0,0.736,0.217,5.50,0.031,-0.235,0.053,-0.204,-1.606,0.011,-0.010,-0.000,0.55,1.16,79.32
0,0.756,0.185,5.55,0.031,-0.235,0.054,-0.203,-1.605,0.011,-0.012,-0.001,0.56,1.16,79.31
0,0.779,0.156,5.60,0.031,-0.235,0.054,-0.203,-1.605,0.011,-0.013,-0.001,0.57,1.15,79.31
0,0.804,0.130,5.65,0.031,-0.235,0.054,-0.203,-1.604,0.010,-0.015,-0.002,0.58,1.14,79.31
0,0.831,0.107,5.70,0.031,-0.235,0.054,-0.203,-1.604,0.009,-0.016,-0.002,0.59,1.13,79.31
0,0.860,0.088,5.75,0.031,-0.235,0.054,-0.203,-1.604,0.008,-0.018,-0.003,0.59,1.13,79.31
0,0.890,0.072,5.80,0.031,-0.235,0.053,-0.203,-1.604,0.008,-0.019,-0.003,0.60,1.11,79.31
0,0.922,0.060,5.85,0.031,-0.235,0.053,-0.204,-1.604,0.006,-0.022,-0.003,0.60,1.10,79.31
0,0.956,0.051,5.90,0.031,-0.235,0.053,-0.204,-1.604,0.006,-0.023,-0.003,0.60,1.09,79.31
0,0.990,0.045,5.95,0.031,-0.235,0.052,-0.205,-1.603,0.005,-0.025,-0.004,0.60,1.07,79.31
0,1.026,0.044,6.00,0.031,-0.235,0.060,-0.254,-1.605,0.014,-0.043,-0.003,0.85,0.53,79.34
0,1.062,0.046,6.05,0.031,-0.235,0.060,-0.254,-1.605,0.014,-0.043,-0.003,0.85,0.53,79.34
0,1.099,0.052,6.10,0.031,-0.235,0.062,-0.258,-1.605,0.013,-0.041,-0.003,0.88,0.50,79.34
0,1.136,0.061,6.15,0.031,-0.235,0.063,-0.260,-1.605,0.013,-0.040,-0.003,0.91,0.47,79.34
0,1.174,0.074,6.20,0.031,-0.235,0.065,-0.264,-1.606,0.011,-0.036,-0.003,0.95,0.44,79.33
0,1.211,0.091,6.25,0.031,-0.235,0.066,-0.265,-1.606,0.010,-0.034,-0.003,0.97,0.42,79.33
0,1.248,0.111,6.30,0.031,-0.235,0.067,-0.268,-1.606,0.008,-0.030,-0.003,1.00,0.40,79.33
0,1.285,0.134,6.35,0.031,-0.235,0.067,-0.269,-1.605,0.007,-0.027,-0.003,1.02,0.39,79.33
0,1.321,0.161,6.40,0.031,-0.235,0.068,-0.270,-1.605,0.003,-0.021,-0.003,1.03,0.38,79.33
0,1.356,0.190,6.45,0.031,-0.235,0.069,-0.271,-1.605,0.001,-0.018,-0.003,1.03,0.38,79.33
0,1.390,0.223,6.50,0.031,-0.235,0.069,-0.271,-1.605,-0.002,-0.012,-0.003,1.03,0.39,79.32
0,1.423,0.258,6.55,0.031,-0.235,0.070,-0.272,-1.606,-0.004,-0.009,-0.003,1.03,0.41,79.32
0,1.455,0.295,6.60,0.031,-0.235,0.070,-0.272,-1.606,-0.007,-0.002,-0.003,1.02,0.42,79.32
0,1.485,0.335,6.65,0.031,-0.235,0.071,-0.272,-1.606,-0.009,0.000,-0.003,1.00,0.45,79.32
0,1.513,0.377,6.70,0.031,-0.235,0.071,-0.272,-1.606,-0.013,0.005,-0.003,0.98,0.48,79.32
0,1.539,0.421,6.75,0.031,-0.235,0.070,-0.272,-1.607,-0.015,0.007,-0.003,0.97,0.50,79.32
0,1.563,0.467,6.80,0.031,-0.235,0.070,-0.272,-1.607,-0.019,0.012,-0.002,0.94,0.53,79.32
0,1.585,0.513,6.85,0.031,-0.235,0.069,-0.272,-1.608,-0.020,0.013,-0.002,0.92,0.56,79.32
0,1.605,0.561,6.90,0.031,-0.235,0.069,-0.271,-1.608,-0.023,0.017,-0.001,0.89,0.58,79.32
0,1.622,0.610,6.95,0.031,-0.235,0.069,-0.271,-1.609,-0.024,0.019,-0.001,0.86,0.60,79.32
0,1.637,0.659,7.00,0.031,-0.235,0.037,-0.232,-1.619,-0.045,0.018,0.010,0.29,1.00,79.36
0,1.649,0.709,7.05,0.031,-0.235,0.037,-0.232,-1.619,-0.045,0.018,0.010,0.29,1.00,79.36
0,1.659,0.758,7.10,0.031,-0.235,0.035,-0.232,-1.619,-0.045,0.017,0.010,0.27,0.99,79.36
0,1.665,0.808,7.15,0.031,-0.235,0.032,-0.232,-1.619,-0.043,0.014,0.010,0.24,0.98,79.36
0,1.669,0.856,7.20,0.031,-0.235,0.031,-0.232,-1.619,-0.043,0.013,0.010,0.22,0.96,79.37
0,1.671,0.904,7.25,0.031,-0.235,0.028,-0.232,-1.619,-0.040,0.012,0.010,0.20,0.94,79.37
0,1.669,0.951,7.30,0.031,-0.235,0.026,-0.232,-1.619,-0.039,0.011,0.010,0.18,0.92,79.36
0,1.665,0.997,7.35,0.031,-0.235,0.023,-0.233,-1.618,-0.036,0.011,0.010,0.17,0.90,79.36
0,1.658,1.041,7.40,0.031,-0.235,0.022,-0.233,-1.618,-0.035,0.010,0.010,0.16,0.89,79.36
0,1.648,1.083,7.45,0.031,-0.235,0.019,-0.233,-1.617,-0.032,0.010,0.010,0.15,0.88,79.36
0,1.636,1.123,7.50,0.031,-0.235,0.017,-0.233,-1.616,-0.030,0.011,0.010,0.15,0.87,79.35
0,1.621,1.161,7.55,0.031,-0.235,0.014,-0.234,-1.615,-0.026,0.011,0.010,0.14,0.86,79.35
0,1.603,1.197,7.60,0.031,-0.235,0.013,-0.234,-1.615,-0.024,0.011,0.009,0.14,0.86,79.34
0,1.583,1.229,7.65,0.031,-0.235,0.011,-0.234,-1.613,-0.020,0.012,0.008,0.13,0.85,79.34
0,1.561,1.259,7.70,0.031,-0.235,0.009,-0.234,-1.613,-0.018,0.013,0.008,0.13,0.85,79.33
0,1.537,1.286,7.75,0.031,-0.235,0.008,-0.234,-1.611,-0.013,0.014,0.007,0.13,0.86,79.33
0,1.510,1.310,7.80,0.031,-0.235,0.007,-0.234,-1.610,-0.011,0.015,0.006,0.14,0.86,79.32
0,1.482,1.330,7.85,0.031,-0.235,0.007,-0.234,-1.608,-0.006,0.016,0.005,0.15,0.87,79.32
0,1.452,1.347,7.90,0.031,-0.235,0.006,-0.234,-1.607,-0.003,0.017,0.004,0.16,0.89,79.31
0,1.420,1.361,7.95,0.031,-0.235,0.006,-0.233,-1.606,0.003,0.019,0.002,0.17,0.90,79.31
0,1.387,1.371,8.00,0.031,-0.235,0.045,-0.201,-1.610,0.031,0.019,0.000,0.74,1.48,79.32
0,1.353,1.377,8.05,0.031,-0.235,0.045,-0.201,-1.610,0.031,0.019,0.000,0.74,1.48,79.32
0,1.318,1.379,8.10,0.031,-0.235,0.046,-0.200,-1.610,0.031,0.017,0.000,0.76,1.49,79.32
0,1.281,1.378,8.15,0.031,-0.235,0.048,-0.200,-1.610,0.029,0.015,0.001,0.77,1.49,79.32
0,1.245,1.374,8.20,0.031,-0.235,0.049,-0.199,-1.610,0.028,0.014,0.001,0.79,1.49,79.32
0,1.208,1.365,8.25,0.031,-0.235,0.052,-0.198,-1.610,0.025,0.012,0.001,0.80,1.49,79.31
0,1.170,1.353,8.30,0.031,-0.235,0.053,-0.197,-1.609,0.024,0.011,0.001,0.81,1.49,79.31
0,1.133,1.338,8.35,0.031,-0.235,0.054,-0.196,-1.609,0.022,0.010,0.001,0.82,1.49,79.31
0,1.095,1.319,8.40,0.031,-0.235,0.055,-0.195,-1.609,0.021,0.009,0.001,0.83,1.50,79.31
0,1.059,1.296,8.45,0.031,-0.235,0.057,-0.194,-1.608,0.019,0.008,0.000,0.83,1.50,79.31
0,1.022,1.271,8.50,0.031,-0.235,0.058,-0.193,-1.608,0.018,0.007,0.000,0.84,1.50,79.31
0,0.987,1.242,8.55,0.031,-0.235,0.058,-0.193,-1.608,0.015,0.005,-0.000,0.84,1.51,79.31
0,0.953,1.210,8.60,0.031,-0.235,0.058,-0.193,-1.609,0.014,0.004,-0.000,0.84,1.51,79.31
0,0.919,1.176,8.65,0.031,-0.235,0.058,-0.193,-1.610,0.010,0.002,-0.001,0.84,1.51,79.31
0,0.887,1.139,8.70,0.031,-0.235,0.058,-0.193,-1.610,0.009,0.001,-0.001,0.83,1.51,79.31
0,0.857,1.100,8.75,0.031,-0.235,0.057,-0.194,-1.611,0.006,-0.002,-0.000,0.82,1.50,79.31
0,0.828,1.058,8.80,0.031,-0.235,0.057,-0.194,-1.612,0.005,-0.003,-0.000,0.81,1.49,79.31
0,0.802,1.015,8.85,0.031,-0.235,0.056,-0.196,-1.612,0.002,-0.006,0.001,0.80,1.48,79.31
0,0.777,0.970,8.90,0.031,-0.235,0.055,-0.196,-1.613,0.001,-0.006,0.001,0.78,1.46,79.31
0,0.754,0.924,8.95,0.031,-0.235,0.054,-0.197,-1.613,-0.001,-0.008,0.002,0.77,1.44,79.31
0,0.734,0.876,9.00,0.031,-0.235,0.046,-0.206,-1.602,0.000,-0.006,-0.006,0.67,1.36,79.32
0,0.716,0.828,9.05,0.031,-0.235,0.046,-0.206,-1.602,0.000,-0.006,-0.006,0.67,1.36,79.32
0,0.700,0.779,9.10,0.031,-0.235,0.046,-0.206,-1.603,0.001,-0.007,-0.007,0.67,1.36,79.32
0,0.687,0.729,9.15,0.031,-0.235,0.046,-0.206,-1.603,0.001,-0.007,-0.007,0.68,1.37,79.32
0,0.677,0.679,9.20,0.031,-0.235,0.045,-0.207,-1.603,0.001,-0.008,-0.007,0.68,1.37,79.32
0,0.670,0.630,9.25,0.031,-0.235,0.045,-0.207,-1.603,0.001,-0.008,-0.007,0.68,1.37,79.32
0,0.665,0.581,9.30,0.031,-0.235,0.045,-0.207,-1.603,0.002,-0.009,-0.007,0.68,1.37,79.32
0,0.663,0.533,9.35,0.031,-0.235,0.045,-0.207,-1.603,0.002,-0.010,-0.007,0.68,1.37,79.32
0,0.663,0.486,9.40,0.031,-0.235,0.045,-0.208,-1.604,0.003,-0.012,-0.007,0.67,1.37,79.32
0,0.667,0.440,9.45,0.031,-0.235,0.045,-0.208,-1.604,0.003,-0.013,-0.006,0.67,1.37,79.32
0,0.673,0.395,9.50,0.031,-0.235,0.046,-0.208,-1.604,0.005,-0.015,-0.006,0.67,1.36,79.32
0,0.682,0.352,9.55,0.031,-0.235,0.047,-0.208,-1.604,0.006,-0.016,-0.006,0.68,1.35,79.32
0,0.694,0.311,9.60,0.031,-0.235,0.048,-0.209,-1.603,0.008,-0.019,-0.006,0.69,1.34,79.32
0,0.708,0.273,9.65,0.031,-0.235,0.049,-0.210,-1.603,0.009,-0.020,-0.006,0.71,1.33,79.32
0,0.725,0.237,9.70,0.031,-0.235,0.050,-0.211,-1.603,0.010,-0.023,-0.006,0.72,1.32,79.32
0,0.744,0.203,9.75,0.031,-0.235,0.051,-0.212,-1.603,0.011,-0.025,-0.006,0.75,1.30,79.32
0,0.766,0.172,9.80,0.031,-0.235,0.052,-0.214,-1.603,0.013,-0.028,-0.006,0.77,1.29,79.32
0,0.789,0.145,9.85,0.031,-0.235,0.054,-0.215,-1.603,0.013,-0.030,-0.006,0.81,1.26,79.33
0,0.815,0.120,9.90,0.031,-0.235,0.056,-0.218,-1.602,0.015,-0.033,-0.006,0.83,1.24,79.33
0,0.843,0.099,9.95,0.031,-0.235,0.057,-0.219,-1.602,0.015,-0.034,-0.006,0.87,1.20,79.33
0,0.873,0.081,10.00,0.031,-0.235,0.079,-0.253,-1.599,-0.010,-0.026,-0.012,1.18,0.80,79.32
0,0.904,0.066,10.05,0.031,-0.235,0.079,-0.253,-1.599,-0.010,-0.026,-0.012,1.18,0.80,79.32
0,0.936,0.055,10.10,0.031,-0.235,0.078,-0.255,-1.600,-0.012,-0.025,-0.011,1.17,0.79,79.32
0,0.970,0.048,10.15,0.031,-0.235,0.077,-0.257,-1.601,-0.015,-0.024,-0.011,1.16,0.78,79.32
0,1.005,0.044,10.20,0.031,-0.235,0.076,-0.258,-1.602,-0.016,-0.024,-0.010,1.15,0.77,79.32
0,1.041,0.044,10.25,0.031,-0.235,0.073,-0.260,-1.602,-0.019,-0.024,-0.009,1.14,0.76,79.32
0,1.078,0.048,10.30,0.031,-0.235,0.072,-0.261,-1.603,-0.020,-0.023,-0.008,1.12,0.74,79.33
0,1.115,0.055,10.35,0.031,-0.235,0.071,-0.262,-1.603,-0.021,-0.023,-0.008,1.10,0.72,79.33
0,1.152,0.066,10.40,0.031,-0.235,0.068,-0.264,-1.603,-0.022,-0.022,-0.007,1.08,0.70,79.33
0,1.190,0.081,10.45,0.031,-0.235,0.064,-0.265,-1.603,-0.025,-0.020,-0.006,1.06,0.69,79.33
0,1.227,0.099,10.50,0.031,-0.235,0.062,-0.266,-1.603,-0.025,-0.019,-0.006,1.03,0.67,79.33
0,1.264,0.120,10.55,0.031,-0.235,0.059,-0.267,-1.603,-0.027,-0.017,-0.005,1.01,0.65,79.33
0,1.300,0.145,10.60,0.031,-0.235,0.057,-0.267,-1.603,-0.027,-0.017,-0.006,0.98,0.64,79.33
0,1.336,0.173,10.65,0.031,-0.235,0.052,-0.268,-1.603,-0.028,-0.015,-0.006,0.95,0.63,79.33
0,1.371,0.204,10.70,0.031,-0.235,0.050,-0.269,-1.603,-0.029,-0.014,-0.006,0.92,0.62,79.33
0,1.404,0.237,10.75,0.031,-0.235,0.046,-0.270,-1.602,-0.029,-0.012,-0.006,0.88,0.61,79.33
0,1.437,0.273,10.80,0.031,-0.235,0.044,-0.271,-1.602,-0.029,-0.012,-0.006,0.85,0.60,79.33
0,1.468,0.312,10.85,0.031,-0.235,0.040,-0.272,-1.602,-0.028,-0.010,-0.005,0.82,0.59,79.33
0,1.497,0.353,10.90,0.031,-0.235,0.038,-0.273,-1.602,-0.027,-0.010,-0.005,0.79,0.59,79.33
0,1.524,0.396,10.95,0.031,-0.235,0.035,-0.274,-1.601,-0.025,-0.008,-0.006,0.76,0.58,79.33
0,1.549,0.440,11.00,0.031,-0.235,0.027,-0.284,-1.597,0.012,0.024,-0.013,0.91,0.55,79.33
0,1.573,0.486,11.05,0.031,-0.235,0.027,-0.284,-1.597,0.012,0.024,-0.013,0.91,0.55,79.33
0,1.594,0.533,11.10,0.031,-0.235,0.028,-0.281,-1.598,0.013,0.027,-0.013,0.92,0.59,79.34
0,1.612,0.582,11.15,0.031,-0.235,0.028,-0.280,-1.599,0.013,0.028,-0.012,0.92,0.61,79.34
0,1.629,0.631,11.20,0.031,-0.235,0.029,-0.277,-1.600,0.013,0.031,-0.012,0.93,0.65,79.34
0,1.642,0.680,11.25,0.031,-0.235,0.029,-0.275,-1.600,0.013,0.032,-0.012,0.94,0.67,79.35
0,1.653,0.730,11.30,0.031,-0.235,0.029,-0.271,-1.601,0.012,0.035,-0.011,0.95,0.71,79.36
0,1.662,0.779,11.35,0.031,-0.235,0.030,-0.269,-1.602,0.012,0.036,-0.010,0.95,0.74,79.36
0,1.667,0.828,11.40,0.031,-0.235,0.030,-0.265,-1.602,0.011,0.039,-0.009,0.95,0.78,79.36
0,1.670,0.877,11.45,0.031,-0.235,0.031,-0.263,-1.603,0.011,0.040,-0.009,0.95,0.81,79.37
0,1.670,0.924,11.50,0.031,-0.235,0.032,-0.259,-1.603,0.010,0.042,-0.008,0.95,0.86,79.37
0,1.668,0.971,11.55,0.031,-0.235,0.032,-0.258,-1.603,0.009,0.043,-0.007,0.94,0.89,79.36
0,1.662,1.016,11.60,0.031,-0.235,0.033,-0.253,-1.604,0.008,0.045,-0.007,0.94,0.94,79.36
0,1.654,1.059,11.65,0.031,-0.235,0.033,-0.252,-1.604,0.008,0.045,-0.006,0.93,0.97,79.36
0,1.643,1.100,11.70,0.031,-0.235,0.034,-0.248,-1.604,0.006,0.046,-0.006,0.93,1.02,79.36
0,1.630,1.140,11.75,0.031,-0.235,0.034,-0.247,-1.605,0.005,0.046,-0.006,0.93,1.05,79.35
0,1.613,1.176,11.80,0.031,-0.235,0.034,-0.244,-1.605,0.003,0.045,-0.005,0.92,1.09,79.35
0,1.595,1.211,11.85,0.031,-0.235,0.034,-0.243,-1.606,0.002,0.045,-0.005,0.91,1.11,79.35
0,1.574,1.242,11.90,0.031,-0.235,0.033,-0.240,-1.606,0.000,0.044,-0.004,0.90,1.14,79.34
0,1.551,1.271,11.95,0.031,-0.235,0.032,-0.239,-1.606,-0.001,0.043,-0.004,0.89,1.16,79.34
0,1.526,1.297,12.00,0.031,-0.235,0.011,-0.208,-1.606,-0.004,0.018,-0.002,0.52,1.35,79.32
0,1.498,1.319,12.05,0.031,-0.235,0.011,-0.208,-1.606,-0.004,0.018,-0.002,0.52,1.35,79.32
0,1.469,1.338,12.10,0.031,-0.235,0.011,-0.208,-1.606,-0.003,0.017,-0.003,0.52,1.35,79.32
0,1.439,1.353,12.15,0.031,-0.235,0.010,-0.207,-1.606,-0.001,0.015,-0.003,0.52,1.35,79.32
0,1.406,1.365,12.20,0.031,-0.235,0.010,-0.207,-1.606,-0.000,0.013,-0.003,0.51,1.34,79.32
0,1.373,1.374,12.25,0.031,-0.235,0.010,-0.206,-1.607,0.002,0.012,-0.003,0.51,1.34,79.32
0,1.338,1.378,12.30,0.031,-0.235,0.010,-0.206,-1.607,0.003,0.011,-0.003,0.51,1.34,79.32
0,1.302,1.379,12.35,0.031,-0.235,0.009,-0.206,-1.608,0.005,0.009,-0.002,0.51,1.33,79.32
0,1.266,1.377,12.40,0.031,-0.235,0.009,-0.206,-1.609,0.006,0.008,-0.002,0.52,1.33,79.32
0,1.229,1.371,12.45,0.031,-0.235,0.009,-0.206,-1.610,0.009,0.006,-0.002,0.52,1.32,79.32
0,1.192,1.361,12.50,0.031,-0.235,0.009,-0.206,-1.610,0.010,0.006,-0.002,0.52,1.32,79.32
0,1.154,1.347,12.55,0.031,-0.235,0.009,-0.206,-1.611,0.013,0.005,-0.001,0.53,1.32,79.32
0,1.117,1.330,12.60,0.031,-0.235,0.009,-0.206,-1.612,0.015,0.004,-0.000,0.54,1.31,79.32
0,1.080,1.310,12.65,0.031,-0.235,0.011,-0.205,-1.612,0.018,0.003,0.001,0.55,1.31,79.32
0,1.043,1.286,12.70,0.031,-0.235,0.012,-0.205,-1.613,0.020,0.003,0.001,0.57,1.31,79.33
0,1.007,1.259,12.75,0.031,-0.235,0.014,-0.205,-1.613,0.025,0.002,0.002,0.59,1.32,79.33
0,0.972,1.229,12.80,0.031,-0.235,0.016,-0.204,-1.613,0.027,0.002,0.003,0.61,1.32,79.33
0,0.938,1.196,12.85,0.031,-0.235,0.020,-0.204,-1.614,0.031,0.001,0.003,0.64,1.33,79.34
0,0.906,1.161,12.90,0.031,-0.235,0.021,-0.204,-1.614,0.033,0.001,0.004,0.69,1.34,79.34
0,0.874,1.123,12.95,0.031,-0.235,0.025,-0.203,-1.614,0.037,0.000,0.004,0.73,1.35,79.34
0,0.845,1.083,13.00,0.031,-0.235,0.070,-0.217,-1.606,0.020,-0.010,-0.004,1.30,1.35,79.31
0,0.817,1.040,13.05,0.031,-0.235,0.070,-0.217,-1.606,0.020,-0.010,-0.004,1.30,1.35,79.31
0,0.791,0.996,13.10,0.031,-0.235,0.071,-0.218,-1.606,0.017,-0.010,-0.004,1.30,1.34,79.31
0,0.767,0.951,13.15,0.031,-0.235,0.072,-0.219,-1.606,0.016,-0.010,-0.004,1.31,1.34,79.31
0,0.745,0.904,13.20,0.031,-0.235,0.073,-0.220,-1.606,0.013,-0.010,-0.003,1.31,1.33,79.31
0,0.726,0.856,13.25,0.031,-0.235,0.074,-0.221,-1.606,0.012,-0.009,-0.003,1.31,1.32,79.31
0,0.709,0.807,13.30,0.031,-0.235,0.075,-0.222,-1.605,0.010,-0.009,-0.003,1.31,1.31,79.31
0,0.695,0.758,13.35,0.031,-0.235,0.075,-0.223,-1.605,0.009,-0.009,-0.003,1.31,1.31,79.31
0,0.683,0.708,13.40,0.031,-0.235,0.076,-0.225,-1.605,0.007,-0.009,-0.003,1.31,1.30,79.31
0,0.674,0.659,13.45,0.031,-0.235,0.077,-0.225,-1.604,0.006,-0.008,-0.003,1.31,1.30,79.31
0,0.667,0.609,13.50,0.031,-0.235,0.078,-0.227,-1.604,0.005,-0.008,-0.004,1.31,1.29,79.32
0,0.664,0.561,13.55,0.031,-0.235,0.078,-0.228,-1.603,0.004,-0.008,-0.004,1.32,1.28,79.32
0,0.663,0.513,13.60,0.031,-0.235,0.079,-0.230,-1.602,0.002,-0.007,-0.004,1.32,1.27,79.33
0,0.665,0.466,13.65,0.031,-0.235,0.080,-0.230,-1.602,0.001,-0.007,-0.005,1.32,1.27,79.33
0,0.669,0.421,13.70,0.031,-0.235,0.080,-0.232,-1.601,-0.001,-0.006,-0.005,1.32,1.26,79.33
0,0.677,0.377,13.75,0.031,-0.235,0.081,-0.233,-1.601,-0.002,-0.006,-0.006,1.33,1.26,79.33
0,0.687,0.335,13.80,0.031,-0.235,0.082,-0.234,-1.600,-0.003,-0.005,-0.007,1.33,1.25,79.33
0,0.699,0.295,13.85,0.031,-0.235,0.082,-0.235,-1.599,-0.004,-0.005,-0.007,1.33,1.24,79.33
0,0.715,0.257,13.90,0.031,-0.235,0.083,-0.236,-1.599,-0.005,-0.004,-0.008,1.33,1.23,79.33
0,0.733,0.222,13.95,0.031,-0.235,0.084,-0.236,-1.599,-0.006,-0.003,-0.008,1.33,1.23,79.33
0,0.753,0.190,14.00,0.031,-0.235,0.062,-0.222,-1.599,-0.029,0.014,-0.011,1.08,1.38,79.30
0,0.775,0.160,14.05,0.031,-0.235,0.062,-0.222,-1.599,-0.029,0.014,-0.011,1.08,1.38,79.30
0,0.800,0.134,14.10,0.031,-0.235,0.061,-0.221,-1.599,-0.029,0.015,-0.011,1.06,1.40,79.30
0,0.827,0.111,14.15,0.031,-0.235,0.058,-0.218,-1.600,-0.029,0.015,-0.011,1.04,1.42,79.29
0,0.855,0.091,14.20,0.031,-0.235,0.056,-0.217,-1.600,-0.029,0.014,-0.011,1.03,1.44,79.29
0,0.886,0.074,14.25,0.031,-0.235,0.053,-0.214,-1.602,-0.030,0.013,-0.010,1.01,1.47,79.29
0,0.917,0.061,14.30,0.031,-0.235,0.052,-0.213,-1.602,-0.031,0.012,-0.010,1.00,1.49,79.29
0,0.951,0.052,14.35,0.031,-0.235,0.048,-0.211,-1.604,-0.033,0.010,-0.009,0.99,1.50,79.30
0,0.985,0.046,14.40,0.031,-0.235,0.046,-0.210,-1.604,-0.034,0.009,-0.008,0.97,1.52,79.30
0,1.020,0.044,14.45,0.031,-0.235,0.043,-0.208,-1.605,-0.036,0.006,-0.007,0.95,1.52,79.30
0,1.057,0.045,14.50,0.031,-0.235,0.041,-0.207,-1.606,-0.037,0.005,-0.006,0.92,1.53,79.30
0,1.093,0.051,14.55,0.031,-0.235,0.037,-0.206,-1.607,-0.040,0.001,-0.005,0.89,1.53,79.30
0,1.131,0.060,14.60,0.031,-0.235,0.034,-0.206,-1.608,-0.041,-0.001,-0.004,0.86,1.52,79.31
0,1.168,0.072,14.65,0.031,-0.235,0.030,-0.206,-1.609,-0.043,-0.006,-0.002,0.82,1.51,79.31
0,1.205,0.088,14.70,0.031,-0.235,0.028,-0.206,-1.609,-0.044,-0.008,-0.002,0.78,1.49,79.32
0,1.243,0.108,14.75,0.031,-0.235,0.024,-0.208,-1.610,-0.045,-0.013,-0.000,0.74,1.46,79.32
0,1.279,0.130,14.80,0.031,-0.235,0.022,-0.208,-1.610,-0.046,-0.016,0.000,0.70,1.44,79.33
0,1.315,0.156,14.85,0.031,-0.235,0.018,-0.210,-1.611,-0.046,-0.020,0.001,0.66,1.40,79.33
0,1.351,0.185,14.90,0.031,-0.235,0.016,-0.211,-1.611,-0.047,-0.022,0.002,0.62,1.36,79.33
0,1.385,0.217,14.95,0.031,-0.235,0.012,-0.213,-1.612,-0.047,-0.027,0.002,0.58,1.32,79.34
0,1.418,0.252,15.00,0.031,-0.235,-0.045,-0.256,-1.613,-0.012,-0.032,0.008,0.14,0.57,79.29
0,1.450,0.289,15.05,0.031,-0.235,-0.045,-0.256,-1.613,-0.012,-0.032,0.008,0.14,0.57,79.29
0,1.480,0.329,15.10,0.031,-0.235,-0.047,-0.258,-1.612,-0.009,-0.031,0.007,0.13,0.56,79.30
0,1.509,0.371,15.15,0.031,-0.235,-0.048,-0.259,-1.612,-0.007,-0.030,0.007,0.12,0.55,79.30
0,1.535,0.414,15.20,0.031,-0.235,-0.049,-0.261,-1.611,-0.002,-0.027,0.006,0.12,0.53,79.30
0,1.560,0.459,15.25,0.031,-0.235,-0.049,-0.262,-1.611,-0.000,-0.026,0.006,0.13,0.52,79.30
0,1.582,0.506,15.30,0.031,-0.235,-0.050,-0.264,-1.610,0.003,-0.023,0.005,0.13,0.51,79.31
0,1.602,0.554,15.35,0.031,-0.235,-0.050,-0.265,-1.609,0.006,-0.021,0.004,0.14,0.51,79.31
0,1.620,0.602,15.40,0.031,-0.235,-0.050,-0.266,-1.608,0.010,-0.018,0.003,0.15,0.51,79.31
0,1.635,0.651,15.45,0.031,-0.235,-0.049,-0.267,-1.608,0.012,-0.016,0.003,0.16,0.51,79.31
0,1.647,0.701,15.50,0.031,-0.235,-0.048,-0.268,-1.607,0.016,-0.013,0.002,0.18,0.51,79.31
0,1.657,0.751,15.55,0.031,-0.235,-0.046,-0.269,-1.607,0.019,-0.011,0.001,0.19,0.51,79.31
0,1.664,0.800,15.60,0.031,-0.235,-0.044,-0.270,-1.606,0.024,-0.008,0.000,0.22,0.52,79.31
0,1.669,0.849,15.65,0.031,-0.235,-0.042,-0.271,-1.605,0.026,-0.006,-0.000,0.25,0.53,79.31
0,1.671,0.897,15.70,0.031,-0.235,-0.039,-0.271,-1.604,0.030,-0.003,-0.001,0.28,0.54,79.31
0,1.669,0.944,15.75,0.031,-0.235,-0.036,-0.272,-1.604,0.032,-0.001,-0.002,0.31,0.56,79.30
0,1.666,0.990,15.80,0.031,-0.235,-0.032,-0.272,-1.603,0.036,0.003,-0.003,0.35,0.58,79.30
0,1.659,1.034,15.85,0.031,-0.235,-0.029,-0.272,-1.602,0.038,0.005,-0.003,0.39,0.60,79.30
0,1.650,1.077,15.90,0.031,-0.235,-0.024,-0.272,-1.602,0.041,0.008,-0.005,0.43,0.62,79.30
0,1.638,1.117,15.95,0.031,-0.235,-0.021,-0.271,-1.601,0.042,0.010,-0.005,0.47,0.64,79.29
0,1.623,1.155,16.00,0.031,-0.235,0.046,-0.228,-1.613,0.002,0.028,0.006,0.81,1.33,79.31
0,1.606,1.191,16.05,0.031,-0.235,0.046,-0.228,-1.613,0.002,0.028,0.006,0.81,1.33,79.31
0,1.586,1.224,16.10,0.031,-0.235,0.046,-0.227,-1.613,0.000,0.027,0.006,0.80,1.34,79.31
0,1.565,1.255,16.15,0.031,-0.235,0.047,-0.225,-1.611,-0.003,0.024,0.005,0.79,1.34,79.30
0,1.540,1.282,16.20,0.031,-0.235,0.048,-0.224,-1.611,-0.005,0.024,0.005,0.77,1.34,79.30
0,1.514,1.306,16.25,0.031,-0.235,0.049,-0.223,-1.610,-0.007,0.022,0.004,0.75,1.34,79.30
0,1.486,1.327,16.30,0.031,-0.235,0.049,-0.223,-1.609,-0.008,0.021,0.004,0.74,1.34,79.30
0,1.457,1.345,16.35,0.031,-0.235,0.049,-0.221,-1.608,-0.009,0.019,0.002,0.72,1.34,79.30
0,1.425,1.359,16.40,0.031,-0.235,0.050,-0.221,-1.608,-0.010,0.019,0.002,0.70,1.34,79.30
0,1.392,1.369,16.45,0.031,-0.235,0.050,-0.221,-1.607,-0.010,0.017,0.001,0.69,1.33,79.30
0,1.358,1.376,16.50,0.031,-0.235,0.050,-0.220,-1.607,-0.011,0.016,0.000,0.68,1.33,79.30
0,1.323,1.379,16.55,0.031,-0.235,0.050,-0.220,-1.607,-0.010,0.015,-0.001,0.67,1.33,79.30
0,1.287,1.379,16.60,0.031,-0.235,0.050,-0.219,-1.607,-0.010,0.014,-0.001,0.66,1.33,79.31
0,1.250,1.375,16.65,0.031,-0.235,0.051,-0.219,-1.607,-0.009,0.013,-0.002,0.66,1.32,79.31
0,1.213,1.367,16.70,0.031,-0.235,0.051,-0.218,-1.607,-0.009,0.012,-0.002,0.66,1.32,79.31
0,1.176,1.355,16.75,0.031,-0.235,0.051,-0.218,-1.607,-0.007,0.012,-0.003,0.66,1.32,79.31
0,1.139,1.340,16.80,0.031,-0.235,0.052,-0.217,-1.608,-0.007,0.011,-0.003,0.67,1.32,79.31
0,1.101,1.322,16.85,0.031,-0.235,0.053,-0.217,-1.608,-0.005,0.011,-0.003,0.68,1.32,79.31
0,1.064,1.300,16.90,0.031,-0.235,0.053,-0.216,-1.609,-0.004,0.011,-0.003,0.69,1.33,79.31
0,1.028,1.275,16.95,0.031,-0.235,0.055,-0.216,-1.609,-0.002,0.010,-0.002,0.70,1.33,79.31
0,0.992,1.247,17.00,0.031,-0.235,0.054,-0.220,-1.603,-0.000,-0.004,-0.005,0.92,1.34,79.32
0,0.958,1.216,17.05,0.031,-0.235,0.054,-0.220,-1.603,-0.000,-0.004,-0.005,0.92,1.34,79.32
0,0.924,1.182,17.10,0.031,-0.235,0.054,-0.220,-1.603,-0.000,-0.004,-0.005,0.92,1.34,79.32
0,0.892,1.145,17.15,0.031,-0.235,0.053,-0.221,-1.604,0.001,-0.004,-0.006,0.92,1.33,79.32
0,0.862,1.106,17.20,0.031,-0.235,0.053,-0.221,-1.604,0.001,-0.004,-0.006,0.92,1.32,79.32
0,0.833,1.065,17.25,0.031,-0.235,0.054,-0.221,-1.605,0.002,-0.003,-0.006,0.92,1.32,79.32
0,0.806,1.022,17.30,0.031,-0.235,0.054,-0.221,-1.606,0.003,-0.003,-0.006,0.93,1.32,79.32
0,0.780,0.977,17.35,0.031,-0.235,0.055,-0.221,-1.606,0.004,-0.001,-0.005,0.93,1.32,79.32
0,0.757,0.931,17.40,0.031,-0.235,0.055,-0.220,-1.607,0.005,-0.001,-0.005,0.94,1.33,79.31
0,0.737,0.884,17.45,0.031,-0.235,0.056,-0.220,-1.608,0.006,0.001,-0.004,0.96,1.34,79.31
0,0.718,0.835,17.50,0.031,-0.235,0.057,-0.219,-1.608,0.006,0.001,-0.004,0.97,1.35,79.31
0,0.703,0.786,17.55,0.031,-0.235,0.057,-0.218,-1.608,0.007,0.002,-0.003,0.99,1.36,79.31
0,0.689,0.737,17.60,0.031,-0.235,0.058,-0.217,-1.609,0.007,0.003,-0.002,1.00,1.38,79.31
0,0.679,0.687,17.65,0.031,-0.235,0.058,-0.216,-1.609,0.007,0.003,-0.002,1.01,1.40,79.31
0,0.671,0.638,17.70,0.031,-0.235,0.058,-0.216,-1.608,0.007,0.004,-0.001,1.02,1.42,79.31
0,0.665,0.589,17.75,0.031,-0.235,0.059,-0.215,-1.608,0.006,0.004,-0.001,1.03,1.43,79.31
0,0.663,0.540,17.80,0.031,-0.235,0.059,-0.215,-1.607,0.006,0.003,-0.001,1.04,1.45,79.31
0,0.663,0.493,17.85,0.031,-0.235,0.059,-0.214,-1.607,0.005,0.003,-0.001,1.05,1.46,79.31
0,0.666,0.447,17.90,0.031,-0.235,0.059,-0.213,-1.606,0.004,0.003,-0.001,1.05,1.47,79.31
0,0.672,0.402,17.95,0.031,-0.235,0.059,-0.212,-1.605,0.003,0.003,-0.002,1.05,1.48,79.31
0,0.681,0.359,18.00,0.031,-0.235,0.063,-0.217,-1.608,-0.003,-0.011,-0.003,1.15,1.40,79.32
0,0.692,0.318,18.05,0.031,-0.235,0.063,-0.217,-1.608,-0.003,-0.011,-0.003,1.15,1.40,79.32
0,0.706,0.279,18.10,0.031,-0.235,0.061,-0.218,-1.608,-0.004,-0.012,-0.002,1.15,1.40,79.32
0,0.722,0.242,18.15,0.031,-0.235,0.061,-0.219,-1.608,-0.005,-0.011,-0.002,1.15,1.40,79.32
0,0.741,0.208,18.20,0.031,-0.235,0.058,-0.220,-1.608,-0.007,-0.011,-0.001,1.14,1.39,79.32
0,0.762,0.177,18.25,0.031,-0.235,0.057,-0.220,-1.608,-0.008,-0.011,-0.001,1.13,1.38,79.31
0,0.785,0.149,18.30,0.031,-0.235,0.053,-0.221,-1.608,-0.011,-0.011,-0.001,1.11,1.38,79.31
0,0.811,0.124,18.35,0.031,-0.235,0.051,-0.221,-1.608,-0.012,-0.011,-0.001,1.10,1.37,79.31
0,0.839,0.102,18.40,0.031,-0.235,0.047,-0.223,-1.608,-0.014,-0.010,-0.001,1.07,1.36,79.31
0,0.868,0.083,18.45,0.031,-0.235,0.045,-0.223,-1.608,-0.015,-0.010,-0.001,1.04,1.35,79.31
0,0.899,0.068,18.50,0.031,-0.235,0.040,-0.225,-1.607,-0.017,-0.010,-0.001,1.00,1.34,79.30
0,0.931,0.057,18.55,0.031,-0.235,0.038,-0.226,-1.607,-0.017,-0.010,-0.001,0.97,1.33,79.30
0,0.965,0.049,18.60,0.031,-0.235,0.034,-0.227,-1.606,-0.017,-0.010,-0.001,0.92,1.31,79.30
0,1.000,0.045,18.65,0.031,-0.235,0.032,-0.227,-1.606,-0.018,-0.009,-0.001,0.90,1.30,79.30
0,1.036,0.044,18.70,0.031,-0.235,0.028,-0.228,-1.606,-0.017,-0.008,-0.002,0.86,1.28,79.30
0,1.072,0.047,18.75,0.031,-0.235,0.026,-0.228,-1.606,-0.017,-0.008,-0.002,0.83,1.28,79.30
0,1.109,0.054,18.80,0.031,-0.235,0.021,-0.228,-1.605,-0.015,-0.006,-0.002,0.80,1.27,79.30
0,1.146,0.064,18.85,0.031,-0.235,0.019,-0.228,-1.605,-0.015,-0.006,-0.003,0.77,1.26,79.30
0,1.184,0.078,18.90,0.031,-0.235,0.015,-0.228,-1.605,-0.013,-0.004,-0.003,0.74,1.26,79.30
0,1.221,0.096,18.95,0.031,-0.235,0.013,-0.227,-1.605,-0.012,-0.003,-0.003,0.73,1.26,79.31
0,1.258,0.117,19.00,0.031,-0.235,0.027,-0.229,-1.607,0.039,-0.008,-0.001,1.08,1.37,79.30
0,1.295,0.141,19.05,0.031,-0.235,0.027,-0.229,-1.607,0.039,-0.008,-0.001,1.08,1.37,79.30
0,1.330,0.168,19.10,0.031,-0.235,0.029,-0.230,-1.607,0.039,-0.008,-0.001,1.12,1.36,79.30
0,1.365,0.199,19.15,0.031,-0.235,0.033,-0.230,-1.607,0.038,-0.007,-0.001,1.15,1.36,79.30
0,1.399,0.232,19.20,0.031,-0.235,0.034,-0.231,-1.608,0.037,-0.007,-0.001,1.19,1.36,79.31
0,1.432,0.268,19.25,0.031,-0.235,0.038,-0.231,-1.608,0.034,-0.006,-0.001,1.23,1.36,79.31
0,1.463,0.306,19.30,0.031,-0.235,0.040,-0.231,-1.608,0.032,-0.005,-0.001,1.26,1.37,79.32
0,1.492,0.346,19.35,0.031,-0.235,0.043,-0.232,-1.608,0.028,-0.004,-0.001,1.28,1.37,79.32
0,1.520,0.389,19.40,0.031,-0.235,0.044,-0.232,-1.608,0.025,-0.004,-0.001,1.30,1.38,79.32
0,1.546,0.433,19.45,0.031,-0.235,0.046,-0.232,-1.608,0.019,-0.004,-0.001,1.31,1.39,79.33
0,1.569,0.479,19.50,0.031,-0.235,0.046,-0.233,-1.608,0.015,-0.004,-0.001,1.32,1.39,79.33
0,1.591,0.526,19.55,0.031,-0.235,0.047,-0.234,-1.608,0.008,-0.004,-0.001,1.31,1.39,79.33
0,1.610,0.574,19.60,0.031,-0.235,0.047,-0.234,-1.608,0.004,-0.004,-0.001,1.29,1.39,79.33
0,1.626,0.623,19.65,0.031,-0.235,0.047,-0.235,-1.608,-0.003,-0.005,-0.001,1.27,1.38,79.33
0,1.640,0.672,19.70,0.031,-0.235,0.046,-0.236,-1.607,-0.008,-0.005,-0.000,1.23,1.37,79.33
0,1.652,0.722,19.75,0.031,-0.235,0.045,-0.237,-1.607,-0.015,-0.005,-0.001,1.19,1.35,79.33
0,1.661,0.771,19.80,0.031,-0.235,0.044,-0.238,-1.607,-0.018,-0.005,-0.001,1.14,1.34,79.33
0,1.667,0.821,19.85,0.031,-0.235,0.041,-0.238,-1.607,-0.024,-0.005,-0.001,1.10,1.32,79.33
0,1.670,0.869,19.90,0.031,-0.235,0.040,-0.239,-1.606,-0.028,-0.005,-0.001,1.04,1.30,79.32
0,1.670,0.917,19.95,0.031,-0.235,0.037,-0.239,-1.606,-0.034,-0.005,-0.001,0.98,1.28,79.32
1,4.762,7.193,0.00,0.031,-0.235,0.292,-0.010,-1.611,0.196,0.049,-0.018,4.35,5.41,79.07
1,4.571,7.357,0.05,0.031,-0.235,0.292,-0.010,-1.611,0.196,0.049,-0.018,4.35,5.41,79.07
1,4.374,7.513,0.10,0.031,-0.235,0.297,-0.009,-1.611,0.191,0.042,-0.017,4.46,5.40,79.07
1,4.174,7.658,0.15,0.031,-0.235,0.306,-0.008,-1.612,0.180,0.029,-0.016,4.55,5.38,79.07
1,3.971,7.792,0.20,0.031,-0.235,0.311,-0.008,-1.612,0.174,0.022,-0.015,4.63,5.36,79.07
1,3.767,7.915,0.25,0.031,-0.235,0.320,-0.008,-1.612,0.162,0.007,-0.014,4.70,5.33,79.07
1,3.562,8.024,0.30,0.031,-0.235,0.324,-0.008,-1.612,0.156,0.001,-0.014,4.76,5.29,79.07
1,3.359,8.121,0.35,0.031,-0.235,0.332,-0.010,-1.613,0.144,-0.010,-0.013,4.82,5.25,79.07
1,3.158,8.204,0.40,0.031,-0.235,0.335,-0.011,-1.613,0.138,-0.016,-0.013,4.87,5.20,79.07
1,2.961,8.273,0.45,0.031,-0.235,0.342,-0.013,-1.614,0.125,-0.027,-0.011,4.92,5.15,79.07
1,2.768,8.327,0.50,0.031,-0.235,0.345,-0.015,-1.615,0.120,-0.032,-0.011,4.96,5.10,79.08
1,2.582,8.365,0.55,0.031,-0.235,0.351,-0.018,-1.616,0.108,-0.040,-0.010,5.00,5.05,79.08
1,2.402,8.389,0.60,0.031,-0.235,0.354,-0.019,-1.616,0.103,-0.044,-0.009,5.03,4.99,79.09
1,2.231,8.397,0.65,0.031,-0.235,0.359,-0.024,-1.618,0.091,-0.053,-0.007,5.07,4.94,79.10
1,2.069,8.390,0.70,0.031,-0.235,0.362,-0.026,-1.618,0.086,-0.056,-0.007,5.09,4.89,79.12
1,1.918,8.367,0.75,0.031,-0.235,0.367,-0.030,-1.619,0.076,-0.062,-0.005,5.12,4.83,79.13
1,1.777,8.329,0.80,0.031,-0.235,0.369,-0.032,-1.620,0.071,-0.064,-0.004,5.15,4.78,79.15
1,1.649,8.276,0.85,0.031,-0.235,0.372,-0.038,-1.621,0.060,-0.070,-0.002,5.18,4.73,79.16
1,1.533,8.208,0.90,0.031,-0.235,0.374,-0.040,-1.621,0.055,-0.072,-0.001,5.20,4.69,79.18
1,1.431,8.125,0.95,0.031,-0.235,0.376,-0.045,-1.622,0.045,-0.076,0.000,5.23,4.64,79.19
1,1.343,8.029,1.00,0.031,-0.235,0.344,-0.111,-1.617,-0.069,-0.057,0.007,5.05,4.14,79.10
1,1.270,7.920,1.05,0.031,-0.235,0.344,-0.111,-1.617,-0.069,-0.057,0.007,5.05,4.14,79.10
1,1.213,7.798,1.10,0.031,-0.235,0.341,-0.112,-1.616,-0.071,-0.056,0.006,5.01,4.15,79.08
1,1.170,7.664,1.15,0.031,-0.235,0.336,-0.114,-1.615,-0.073,-0.054,0.006,4.97,4.16,79.07
1,1.144,7.520,1.20,0.031,-0.235,0.334,-0.114,-1.614,-0.073,-0.054,0.005,4.93,4.17,79.06
1,1.133,7.365,1.25,0.031,-0.235,0.329,-0.116,-1.613,-0.073,-0.055,0.004,4.88,4.19,79.06
1,1.139,7.201,1.30,0.031,-0.235,0.327,-0.117,-1.612,-0.073,-0.057,0.004,4.84,4.20,79.06
1,1.160,7.029,1.35,0.031,-0.235,0.323,-0.120,-1.610,-0.070,-0.061,0.003,4.81,4.20,79.06
1,1.197,6.850,1.40,0.031,-0.235,0.321,-0.122,-1.610,-0.069,-0.064,0.003,4.78,4.20,79.08
1,1.250,6.665,1.45,0.031,-0.235,0.317,-0.126,-1.608,-0.065,-0.072,0.001,4.77,4.18,79.10
1,1.318,6.475,1.50,0.031,-0.235,0.315,-0.129,-1.607,-0.063,-0.076,0.001,4.77,4.15,79.13
1,1.401,6.281,1.55,0.031,-0.235,0.312,-0.134,-1.606,-0.058,-0.085,-0.001,4.78,4.11,79.17
1,1.499,6.085,1.60,0.031,-0.235,0.311,-0.138,-1.605,-0.055,-0.090,-0.002,4.81,4.05,79.20
1,1.610,5.887,1.65,0.031,-0.235,0.308,-0.146,-1.604,-0.050,-0.101,-0.004,4.84,3.98,79.24
1,1.734,5.689,1.70,0.031,-0.235,0.307,-0.150,-1.604,-0.047,-0.106,-0.004,4.89,3.90,79.27
1,1.871,5.493,1.75,0.031,-0.235,0.305,-0.158,-1.603,-0.042,-0.116,-0.006,4.94,3.80,79.30
1,2.019,5.299,1.80,0.031,-0.235,0.304,-0.163,-1.603,-0.040,-0.120,-0.006,5.00,3.71,79.33
1,2.178,5.108,1.85,0.031,-0.235,0.301,-0.174,-1.603,-0.035,-0.130,-0.007,5.07,3.59,79.35
1,2.346,4.922,1.90,0.031,-0.235,0.300,-0.180,-1.603,-0.033,-0.134,-0.007,5.13,3.48,79.37
1,2.523,4.742,1.95,0.031,-0.235,0.298,-0.191,-1.604,-0.030,-0.142,-0.008,5.21,3.36,79.39
1,2.708,4.569,2.00,0.031,-0.235,0.279,-0.338,-1.606,-0.029,-0.080,-0.002,6.08,1.67,79.31
1,2.898,4.404,2.05,0.031,-0.235,0.279,-0.338,-1.606,-0.029,-0.080,-0.002,6.08,1.67,79.31
1,3.094,4.247,2.10,0.031,-0.235,0.279,-0.341,-1.604,-0.030,-0.072,-0.002,6.10,1.67,79.31
1,3.294,4.101,2.15,0.031,-0.235,0.279,-0.343,-1.603,-0.032,-0.068,-0.003,6.13,1.68,79.31
1,3.497,3.966,2.20,0.031,-0.235,0.278,-0.345,-1.601,-0.036,-0.059,-0.004,6.17,1.68,79.31
1,3.701,3.842,2.25,0.031,-0.235,0.277,-0.346,-1.600,-0.040,-0.053,-0.004,6.21,1.69,79.31
1,3.906,3.731,2.30,0.031,-0.235,0.276,-0.347,-1.598,-0.048,-0.042,-0.005,6.25,1.70,79.32
1,4.109,3.633,2.35,0.031,-0.235,0.275,-0.347,-1.597,-0.052,-0.037,-0.006,6.27,1.72,79.32
1,4.310,3.549,2.40,0.031,-0.235,0.272,-0.348,-1.596,-0.063,-0.026,-0.007,6.28,1.75,79.32
1,4.508,3.478,2.45,0.031,-0.235,0.270,-0.348,-1.595,-0.070,-0.020,-0.007,6.27,1.78,79.33
1,4.701,3.423,2.50,0.031,-0.235,0.266,-0.347,-1.593,-0.083,-0.009,-0.008,6.25,1.81,79.33
1,4.888,3.383,2.55,0.031,-0.235,0.263,-0.347,-1.592,-0.089,-0.004,-0.009,6.20,1.84,79.34
1,5.069,3.358,2.60,0.031,-0.235,0.258,-0.345,-1.590,-0.103,0.006,-0.010,6.14,1.88,79.35
1,5.241,3.348,2.65,0.031,-0.235,0.253,-0.344,-1.589,-0.112,0.012,-0.011,6.06,1.92,79.36
1,5.404,3.354,2.70,0.031,-0.235,0.245,-0.341,-1.588,-0.126,0.022,-0.012,5.95,1.96,79.37
1,5.556,3.375,2.75,0.031,-0.235,0.241,-0.340,-1.588,-0.133,0.026,-0.012,5.84,2.00,79.39
1,5.698,3.412,2.80,0.031,-0.235,0.231,-0.336,-1.587,-0.147,0.035,-0.013,5.71,2.05,79.41
1,5.828,3.463,2.85,0.031,-0.235,0.224,-0.334,-1.587,-0.155,0.040,-0.014,5.58,2.09,79.42
1,5.944,3.530,2.90,0.031,-0.235,0.212,-0.330,-1.587,-0.167,0.047,-0.014,5.42,2.13,79.44
1,6.048,3.611,2.95,0.031,-0.235,0.206,-0.328,-1.587,-0.173,0.050,-0.014,5.27,2.17,79.46
1,6.137,3.705,3.00,0.031,-0.235,-0.014,-0.267,-1.590,-0.125,0.052,-0.014,2.80,2.51,79.28
1,6.212,3.813,3.05,0.031,-0.235,-0.014,-0.267,-1.590,-0.125,0.052,-0.014,2.80,2.51,79.28
1,6.271,3.934,3.10,0.031,-0.235,-0.018,-0.266,-1.590,-0.120,0.052,-0.014,2.77,2.51,79.29
1,6.315,4.067,3.15,0.031,-0.235,-0.026,-0.262,-1.591,-0.110,0.051,-0.013,2.73,2.50,79.29
1,6.343,4.210,3.20,0.031,-0.235,-0.030,-0.261,-1.592,-0.105,0.052,-0.013,2.71,2.50,79.30
1,6.355,4.364,3.25,0.031,-0.235,-0.038,-0.257,-1.593,-0.093,0.055,-0.012,2.69,2.50,79.31
1,6.351,4.527,3.30,0.031,-0.235,-0.041,-0.255,-1.593,-0.087,0.056,-0.012,2.68,2.50,79.32
1,6.331,4.698,3.35,0.031,-0.235,-0.046,-0.251,-1.594,-0.077,0.061,-0.011,2.68,2.52,79.32
1,6.296,4.877,3.40,0.031,-0.235,-0.049,-0.249,-1.594,-0.071,0.063,-0.011,2.68,2.54,79.33
1,6.244,5.062,3.45,0.031,-0.235,-0.053,-0.245,-1.595,-0.060,0.070,-0.010,2.68,2.58,79.34
1,6.178,5.251,3.50,0.031,-0.235,-0.055,-0.242,-1.595,-0.055,0.073,-0.010,2.69,2.62,79.35
1,6.096,5.445,3.55,0.031,-0.235,-0.059,-0.237,-1.595,-0.046,0.079,-0.010,2.70,2.68,79.36
1,6.000,5.641,3.60,0.031,-0.235,-0.060,-0.235,-1.595,-0.041,0.082,-0.010,2.71,2.75,79.36
1,5.890,5.838,3.65,0.031,-0.235,-0.063,-0.229,-1.596,-0.032,0.090,-0.010,2.72,2.82,79.37
1,5.767,6.036,3.70,0.031,-0.235,-0.064,-0.226,-1.596,-0.028,0.093,-0.010,2.73,2.90,79.38
1,5.632,6.232,3.75,0.031,-0.235,-0.066,-0.220,-1.597,-0.021,0.099,-0.010,2.74,2.99,79.39
1,5.485,6.427,3.80,0.031,-0.235,-0.067,-0.217,-1.597,-0.018,0.102,-0.010,2.75,3.08,79.39
1,5.327,6.618,3.85,0.031,-0.235,-0.069,-0.210,-1.597,-0.011,0.108,-0.010,2.76,3.18,79.39
1,5.160,6.804,3.90,0.031,-0.235,-0.070,-0.206,-1.597,-0.009,0.111,-0.010,2.76,3.27,79.40
1,4.983,6.985,3.95,0.031,-0.235,-0.071,-0.200,-1.598,-0.005,0.115,-0.010,2.77,3.37,79.40
1,4.800,7.159,4.00,0.031,-0.235,-0.089,-0.100,-1.600,0.028,0.082,-0.013,2.26,4.79,79.25
1,4.610,7.325,4.05,0.031,-0.235,-0.089,-0.100,-1.600,0.028,0.082,-0.013,2.26,4.79,79.25
1,4.414,7.482,4.10,0.031,-0.235,-0.088,-0.097,-1.601,0.031,0.076,-0.012,2.26,4.82,79.24
1,4.215,7.630,4.15,0.031,-0.235,-0.087,-0.095,-1.601,0.032,0.073,-0.012,2.25,4.83,79.23
1,4.012,7.766,4.20,0.031,-0.235,-0.085,-0.092,-1.601,0.038,0.066,-0.011,2.24,4.85,79.23
1,3.808,7.891,4.25,0.031,-0.235,-0.084,-0.091,-1.601,0.041,0.063,-0.011,2.22,4.86,79.23
1,3.603,8.003,4.30,0.031,-0.235,-0.081,-0.088,-1.601,0.049,0.056,-0.010,2.21,4.87,79.24
1,3.400,8.103,4.35,0.031,-0.235,-0.079,-0.087,-1.601,0.053,0.053,-0.010,2.21,4.88,79.24
1,3.198,8.189,4.40,0.031,-0.235,-0.075,-0.084,-1.602,0.063,0.045,-0.010,2.22,4.89,79.25
1,3.000,8.260,4.45,0.031,-0.235,-0.073,-0.083,-1.602,0.068,0.042,-0.010,2.24,4.90,79.26
1,2.806,8.317,4.50,0.031,-0.235,-0.068,-0.081,-1.602,0.078,0.035,-0.010,2.27,4.90,79.28
1,2.619,8.359,4.55,0.031,-0.235,-0.065,-0.080,-1.602,0.084,0.031,-0.010,2.32,4.91,79.29
1,2.438,8.385,4.60,0.031,-0.235,-0.057,-0.078,-1.603,0.096,0.024,-0.011,2.38,4.92,79.31
1,2.265,8.397,4.65,0.031,-0.235,-0.054,-0.078,-1.603,0.102,0.020,-0.010,2.46,4.93,79.32
1,2.101,8.392,4.70,0.031,-0.235,-0.047,-0.077,-1.603,0.112,0.013,-0.010,2.55,4.93,79.33
1,1.947,8.373,4.75,0.031,-0.235,-0.043,-0.077,-1.603,0.117,0.009,-0.010,2.66,4.94,79.33
1,1.804,8.338,4.80,0.031,-0.235,-0.034,-0.076,-1.604,0.127,0.001,-0.010,2.76,4.94,79.33
1,1.673,8.287,4.85,0.031,-0.235,-0.030,-0.076,-1.604,0.131,-0.003,-0.010,2.88,4.94,79.33
1,1.555,8.222,4.90,0.031,-0.235,-0.022,-0.077,-1.604,0.138,-0.011,-0.010,2.99,4.94,79.33
1,1.451,8.143,4.95,0.031,-0.235,-0.018,-0.078,-1.604,0.142,-0.014,-0.010,3.11,4.94,79.32
1,1.360,8.050,5.00,0.031,-0.235,0.156,-0.155,-1.604,0.104,-0.073,-0.012,5.26,4.28,79.25
1,1.284,7.943,5.05,0.031,-0.235,0.156,-0.155,-1.604,0.104,-0.073,-0.012,5.26,4.28,79.25
1,1.223,7.824,5.10,0.031,-0.235,0.159,-0.157,-1.604,0.099,-0.072,-0.012,5.30,4.26,79.26
1,1.177,7.692,5.15,0.031,-0.235,0.165,-0.161,-1.604,0.090,-0.069,-0.012,5.33,4.24,79.27
1,1.148,7.550,5.20,0.031,-0.235,0.169,-0.164,-1.604,0.085,-0.068,-0.011,5.36,4.23,79.28
1,1.134,7.397,5.25,0.031,-0.235,0.174,-0.168,-1.604,0.076,-0.065,-0.011,5.38,4.21,79.28
1,1.136,7.235,5.30,0.031,-0.235,0.177,-0.169,-1.604,0.071,-0.064,-0.011,5.40,4.20,79.29
1,1.154,7.064,5.35,0.031,-0.235,0.181,-0.173,-1.604,0.061,-0.061,-0.010,5.41,4.19,79.29
1,1.188,6.886,5.40,0.031,-0.235,0.183,-0.175,-1.604,0.056,-0.059,-0.010,5.41,4.17,79.29
1,1.238,6.702,5.45,0.031,-0.235,0.186,-0.178,-1.604,0.046,-0.056,-0.010,5.41,4.16,79.29
1,1.303,6.513,5.50,0.031,-0.235,0.187,-0.179,-1.604,0.042,-0.054,-0.010,5.41,4.16,79.28
1,1.384,6.320,5.55,0.031,-0.235,0.190,-0.182,-1.603,0.033,-0.051,-0.010,5.40,4.15,79.28
1,1.478,6.124,5.60,0.031,-0.235,0.190,-0.183,-1.603,0.028,-0.049,-0.010,5.39,4.15,79.28
1,1.587,5.927,5.65,0.031,-0.235,0.191,-0.185,-1.602,0.019,-0.045,-0.010,5.37,4.15,79.28
1,1.708,5.729,5.70,0.031,-0.235,0.191,-0.186,-1.602,0.015,-0.044,-0.010,5.35,4.15,79.27
1,1.843,5.532,5.75,0.031,-0.235,0.191,-0.187,-1.601,0.007,-0.040,-0.010,5.33,4.15,79.26
1,1.989,5.337,5.80,0.031,-0.235,0.191,-0.188,-1.601,0.003,-0.038,-0.010,5.31,4.15,79.25
1,2.145,5.146,5.85,0.031,-0.235,0.189,-0.189,-1.601,-0.005,-0.035,-0.010,5.28,4.15,79.25
1,2.312,4.959,5.90,0.031,-0.235,0.188,-0.189,-1.601,-0.009,-0.033,-0.010,5.24,4.16,79.23
1,2.487,4.778,5.95,0.031,-0.235,0.186,-0.190,-1.601,-0.015,-0.030,-0.010,5.21,4.16,79.22
1,2.670,4.603,6.00,0.031,-0.235,0.117,-0.219,-1.598,-0.038,-0.016,-0.008,4.55,3.99,79.33
1,2.860,4.436,6.05,0.031,-0.235,0.117,-0.219,-1.598,-0.038,-0.016,-0.008,4.55,3.99,79.33
1,3.055,4.278,6.10,0.031,-0.235,0.115,-0.221,-1.597,-0.034,-0.015,-0.008,4.55,3.98,79.33
1,3.254,4.130,6.15,0.031,-0.235,0.114,-0.222,-1.596,-0.033,-0.015,-0.009,4.55,3.97,79.33
1,3.456,3.992,6.20,0.031,-0.235,0.111,-0.224,-1.595,-0.029,-0.014,-0.010,4.56,3.97,79.33
1,3.660,3.866,6.25,0.031,-0.235,0.110,-0.225,-1.594,-0.028,-0.013,-0.011,4.57,3.96,79.32
1,3.865,3.752,6.30,0.031,-0.235,0.109,-0.226,-1.593,-0.025,-0.011,-0.012,4.58,3.96,79.32
1,4.068,3.651,6.35,0.031,-0.235,0.108,-0.227,-1.592,-0.023,-0.011,-0.013,4.60,3.95,79.32
1,4.270,3.564,6.40,0.031,-0.235,0.106,-0.228,-1.591,-0.021,-0.009,-0.014,4.61,3.95,79.32
1,4.469,3.491,6.45,0.031,-0.235,0.105,-0.229,-1.590,-0.020,-0.008,-0.015,4.63,3.95,79.32
1,4.663,3.433,6.50,0.031,-0.235,0.103,-0.230,-1.589,-0.018,-0.007,-0.016,4.64,3.96,79.32
1,4.851,3.390,6.55,0.031,-0.235,0.103,-0.231,-1.588,-0.017,-0.006,-0.017,4.66,3.96,79.32
1,5.033,3.361,6.60,0.031,-0.235,0.101,-0.231,-1.587,-0.016,-0.005,-0.018,4.67,3.96,79.32
1,5.207,3.349,6.65,0.031,-0.235,0.100,-0.232,-1.586,-0.015,-0.004,-0.019,4.68,3.96,79.32
1,5.372,3.351,6.70,0.031,-0.235,0.099,-0.233,-1.585,-0.014,-0.002,-0.021,4.68,3.96,79.32
1,5.527,3.370,6.75,0.031,-0.235,0.098,-0.233,-1.585,-0.014,-0.001,-0.021,4.69,3.97,79.31
1,5.671,3.403,6.80,0.031,-0.235,0.096,-0.233,-1.584,-0.013,0.000,-0.023,4.69,3.97,79.32
1,5.803,3.452,6.85,0.031,-0.235,0.096,-0.233,-1.584,-0.012,0.001,-0.023,4.70,3.98,79.32
1,5.922,3.515,6.90,0.031,-0.235,0.096,-0.234,-1.584,-0.010,0.002,-0.024,4.70,3.98,79.31
1,6.028,3.593,6.95,0.031,-0.235,0.096,-0.234,-1.583,-0.009,0.003,-0.025,4.70,3.99,79.31
1,6.120,3.685,7.00,0.031,-0.235,0.111,-0.237,-1.591,-0.014,0.008,-0.020,4.98,4.07,79.33
1,6.198,3.791,7.05,0.031,-0.235,0.111,-0.237,-1.591,-0.014,0.008,-0.020,4.98,4.07,79.33
1,6.260,3.909,7.10,0.031,-0.235,0.112,-0.236,-1.591,-0.016,0.009,-0.019,4.97,4.07,79.33
1,6.307,4.039,7.15,0.031,-0.235,0.112,-0.236,-1.591,-0.017,0.009,-0.019,4.98,4.07,79.33
1,6.339,4.181,7.20,0.031,-0.235,0.112,-0.236,-1.591,-0.021,0.012,-0.018,4.99,4.07,79.33
1,6.354,4.332,7.25,0.031,-0.235,0.111,-0.235,-1.591,-0.024,0.013,-0.018,5.02,4.08,79.33
1,6.353,4.494,7.30,0.031,-0.235,0.110,-0.234,-1.591,-0.031,0.017,-0.018,5.04,4.08,79.33
1,6.337,4.663,7.35,0.031,-0.235,0.110,-0.234,-1.591,-0.035,0.019,-0.018,5.05,4.10,79.33
1,6.304,4.841,7.40,0.031,-0.235,0.107,-0.232,-1.591,-0.045,0.024,-0.018,5.05,4.11,79.34
1,6.256,5.024,7.45,0.031,-0.235,0.106,-0.231,-1.592,-0.050,0.027,-0.017,5.03,4.14,79.34
1,6.192,5.213,7.50,0.031,-0.235,0.103,-0.228,-1.592,-0.061,0.033,-0.016,5.00,4.16,79.34
1,6.114,5.406,7.55,0.031,-0.235,0.101,-0.226,-1.592,-0.067,0.036,-0.016,4.93,4.20,79.34
1,6.020,5.601,7.60,0.031,-0.235,0.096,-0.221,-1.593,-0.079,0.043,-0.015,4.88,4.23,79.34
1,5.913,5.798,7.65,0.031,-0.235,0.094,-0.219,-1.593,-0.085,0.047,-0.015,4.78,4.28,79.34
1,5.793,5.996,7.70,0.031,-0.235,0.088,-0.214,-1.594,-0.096,0.052,-0.014,4.70,4.33,79.34
1,5.660,6.193,7.75,0.031,-0.235,0.086,-0.211,-1.594,-0.101,0.055,-0.014,4.57,4.39,79.34
1,5.515,6.388,7.80,0.031,-0.235,0.079,-0.206,-1.594,-0.112,0.060,-0.013,4.48,4.44,79.34
1,5.359,6.580,7.85,0.031,-0.235,0.076,-0.203,-1.594,-0.117,0.062,-0.012,4.33,4.51,79.34
1,5.194,6.767,7.90,0.031,-0.235,0.069,-0.198,-1.593,-0.126,0.065,-0.012,4.23,4.55,79.34
1,5.019,6.949,7.95,0.031,-0.235,0.065,-0.195,-1.593,-0.130,0.066,-0.012,4.07,4.61,79.33
1,4.837,7.125,8.00,0.031,-0.235,-0.075,-0.116,-1.590,-0.112,0.012,-0.013,1.95,5.09,79.37
1,4.648,7.293,8.05,0.031,-0.235,-0.075,-0.116,-1.590,-0.112,0.012,-0.013,1.95,5.09,79.37
1,4.454,7.452,8.10,0.031,-0.235,-0.079,-0.115,-1.590,-0.103,0.006,-0.014,1.92,5.08,79.37
1,4.255,7.601,8.15,0.031,-0.235,-0.082,-0.115,-1.590,-0.096,0.002,-0.014,1.89,5.06,79.38
1,4.053,7.740,8.20,0.031,-0.235,-0.084,-0.116,-1.590,-0.084,-0.004,-0.014,1.86,5.05,79.38
1,3.849,7.867,8.25,0.031,-0.235,-0.085,-0.116,-1.590,-0.078,-0.008,-0.015,1.84,5.03,79.38
1,3.644,7.982,8.30,0.031,-0.235,-0.086,-0.117,-1.590,-0.071,-0.011,-0.015,1.82,5.00,79.38
1,3.440,8.084,8.35,0.031,-0.235,-0.088,-0.119,-1.590,-0.054,-0.020,-0.015,1.82,4.97,79.38
1,3.238,8.173,8.40,0.031,-0.235,-0.088,-0.121,-1.591,-0.046,-0.024,-0.015,1.83,4.94,79.37
1,3.039,8.247,8.45,0.031,-0.235,-0.087,-0.124,-1.591,-0.029,-0.031,-0.015,1.86,4.91,79.37
1,2.845,8.307,8.50,0.031,-0.235,-0.085,-0.128,-1.591,-0.012,-0.038,-0.015,1.91,4.87,79.37
1,2.656,8.352,8.55,0.031,-0.235,-0.084,-0.130,-1.592,-0.001,-0.043,-0.015,1.97,4.83,79.36
1,2.473,8.381,8.60,0.031,-0.235,-0.080,-0.135,-1.592,0.016,-0.049,-0.015,2.05,4.78,79.36
1,2.299,8.396,8.65,0.031,-0.235,-0.077,-0.138,-1.593,0.025,-0.052,-0.015,2.15,4.74,79.35
1,2.133,8.395,8.70,0.031,-0.235,-0.072,-0.143,-1.593,0.042,-0.058,-0.015,2.26,4.70,79.35
1,1.977,8.378,8.75,0.031,-0.235,-0.067,-0.146,-1.594,0.052,-0.061,-0.015,2.39,4.65,79.35
1,1.832,8.346,8.80,0.031,-0.235,-0.060,-0.152,-1.595,0.068,-0.066,-0.015,2.51,4.61,79.35
1,1.699,8.299,8.85,0.031,-0.235,-0.056,-0.155,-1.595,0.075,-0.068,-0.015,2.66,4.56,79.35
1,1.578,8.237,8.90,0.031,-0.235,-0.048,-0.160,-1.595,0.088,-0.071,-0.015,2.81,4.53,79.34
1,1.470,8.160,8.95,0.031,-0.235,-0.042,-0.163,-1.595,0.095,-0.072,-0.015,2.96,4.48,79.34
1,1.377,8.069,9.00,0.031,-0.235,0.078,-0.216,-1.593,0.088,-0.046,-0.019,4.81,4.28,79.38
1,1.298,7.965,9.05,0.031,-0.235,0.078,-0.216,-1.593,0.088,-0.046,-0.019,4.81,4.28,79.38
1,1.234,7.848,9.10,0.031,-0.235,0.083,-0.217,-1.594,0.083,-0.044,-0.019,4.83,4.29,79.38
1,1.185,7.719,9.15,0.031,-0.235,0.086,-0.218,-1.594,0.080,-0.044,-0.019,4.84,4.29,79.38
1,1.152,7.579,9.20,0.031,-0.235,0.090,-0.220,-1.594,0.075,-0.042,-0.019,4.86,4.29,79.38
1,1.135,7.428,9.25,0.031,-0.235,0.092,-0.221,-1.595,0.073,-0.041,-0.019,4.88,4.29,79.37
1,1.134,7.268,9.30,0.031,-0.235,0.095,-0.222,-1.596,0.068,-0.040,-0.018,4.90,4.29,79.36
1,1.149,7.099,9.35,0.031,-0.235,0.097,-0.223,-1.596,0.064,-0.039,-0.018,4.92,4.28,79.36
1,1.180,6.922,9.40,0.031,-0.235,0.099,-0.224,-1.597,0.058,-0.038,-0.017,4.93,4.28,79.35
1,1.227,6.739,9.45,0.031,-0.235,0.100,-0.225,-1.598,0.055,-0.037,-0.017,4.95,4.28,79.35
1,1.289,6.551,9.50,0.031,-0.235,0.101,-0.227,-1.599,0.049,-0.036,-0.016,4.95,4.27,79.34
1,1.366,6.359,9.55,0.031,-0.235,0.102,-0.228,-1.599,0.046,-0.036,-0.016,4.95,4.27,79.33
1,1.458,6.163,9.60,0.031,-0.235,0.103,-0.230,-1.601,0.040,-0.035,-0.015,4.95,4.26,79.32
1,1.564,5.966,9.65,0.031,-0.235,0.103,-0.231,-1.602,0.037,-0.034,-0.014,4.94,4.25,79.31
1,1.683,5.769,9.70,0.031,-0.235,0.104,-0.232,-1.603,0.033,-0.033,-0.012,4.93,4.24,79.30
1,1.815,5.571,9.75,0.031,-0.235,0.104,-0.233,-1.604,0.030,-0.033,-0.011,4.92,4.23,79.30
1,1.958,5.376,9.80,0.031,-0.235,0.105,-0.235,-1.605,0.026,-0.032,-0.010,4.90,4.22,79.29
1,2.113,5.184,9.85,0.031,-0.235,0.106,-0.237,-1.605,0.025,-0.031,-0.009,4.89,4.21,79.29
1,2.278,4.996,9.90,0.031,-0.235,0.107,-0.239,-1.606,0.022,-0.031,-0.008,4.88,4.19,79.28
1,2.451,4.813,9.95,0.031,-0.235,0.108,-0.241,-1.607,0.021,-0.031,-0.007,4.88,4.18,79.28
1,2.633,4.637,10.00,0.031,-0.235,0.125,-0.263,-1.612,-0.021,0.006,0.006,4.99,4.09,79.30
1,2.821,4.469,10.05,0.031,-0.235,0.125,-0.263,-1.612,-0.021,0.006,0.006,4.99,4.09,79.30
1,3.015,4.309,10.10,0.031,-0.235,0.125,-0.263,-1.611,-0.022,0.006,0.006,4.98,4.10,79.31
1,3.214,4.159,10.15,0.031,-0.235,0.123,-0.262,-1.609,-0.026,0.006,0.005,4.97,4.12,79.31
1,3.415,4.019,10.20,0.031,-0.235,0.122,-0.262,-1.608,-0.028,0.006,0.004,4.97,4.14,79.31
1,3.619,3.890,10.25,0.031,-0.235,0.120,-0.262,-1.606,-0.033,0.003,0.003,4.96,4.16,79.31
1,3.824,3.774,10.30,0.031,-0.235,0.119,-0.262,-1.605,-0.036,0.002,0.002,4.95,4.16,79.32
1,4.028,3.671,10.35,0.031,-0.235,0.116,-0.263,-1.603,-0.044,-0.003,0.001,4.93,4.17,79.32
1,4.230,3.581,10.40,0.031,-0.235,0.114,-0.263,-1.602,-0.047,-0.005,0.000,4.92,4.16,79.33
1,4.429,3.505,10.45,0.031,-0.235,0.111,-0.264,-1.600,-0.055,-0.011,-0.001,4.88,4.14,79.34
1,4.624,3.444,10.50,0.031,-0.235,0.109,-0.265,-1.600,-0.058,-0.014,-0.002,4.85,4.11,79.34
1,4.814,3.397,10.55,0.031,-0.235,0.104,-0.267,-1.598,-0.067,-0.020,-0.003,4.80,4.06,79.35
1,4.997,3.366,10.60,0.031,-0.235,0.102,-0.268,-1.598,-0.071,-0.024,-0.003,4.76,4.03,79.36
1,5.173,3.350,10.65,0.031,-0.235,0.097,-0.271,-1.596,-0.078,-0.030,-0.004,4.69,3.96,79.37
1,5.340,3.350,10.70,0.031,-0.235,0.094,-0.272,-1.596,-0.082,-0.034,-0.004,4.64,3.90,79.37
1,5.496,3.365,10.75,0.031,-0.235,0.088,-0.276,-1.595,-0.089,-0.041,-0.005,4.57,3.82,79.38
1,5.643,3.395,10.80,0.031,-0.235,0.085,-0.278,-1.595,-0.093,-0.044,-0.005,4.52,3.75,79.38
1,5.777,3.441,10.85,0.031,-0.235,0.079,-0.282,-1.594,-0.098,-0.049,-0.006,4.43,3.65,79.39
1,5.899,3.501,10.90,0.031,-0.235,0.076,-0.284,-1.594,-0.101,-0.052,-0.006,4.38,3.58,79.39
1,6.008,3.577,10.95,0.031,-0.235,0.068,-0.289,-1.593,-0.106,-0.056,-0.006,4.29,3.47,79.40
1,6.103,3.666,11.00,0.031,-0.235,-0.059,-0.369,-1.587,-0.080,-0.037,-0.014,3.04,1.99,79.42
1,6.183,3.769,11.05,0.031,-0.235,-0.059,-0.369,-1.587,-0.080,-0.037,-0.014,3.04,1.99,79.42
1,6.249,3.884,11.10,0.031,-0.235,-0.062,-0.371,-1.587,-0.076,-0.034,-0.014,3.01,1.97,79.42
1,6.299,4.012,11.15,0.031,-0.235,-0.067,-0.373,-1.588,-0.069,-0.027,-0.014,3.00,1.95,79.41
1,6.334,4.151,11.20,0.031,-0.235,-0.070,-0.373,-1.588,-0.066,-0.022,-0.014,2.98,1.92,79.40
1,6.352,4.301,11.25,0.031,-0.235,-0.074,-0.374,-1.588,-0.059,-0.013,-0.014,2.98,1.91,79.40
1,6.355,4.461,11.30,0.031,-0.235,-0.076,-0.374,-1.588,-0.056,-0.007,-0.014,2.98,1.91,79.39
1,6.341,4.629,11.35,0.031,-0.235,-0.080,-0.373,-1.588,-0.048,0.007,-0.013,2.98,1.92,79.39
1,6.312,4.805,11.40,0.031,-0.235,-0.082,-0.372,-1.589,-0.045,0.013,-0.014,2.98,1.95,79.39
1,6.267,4.987,11.45,0.031,-0.235,-0.085,-0.369,-1.589,-0.040,0.027,-0.014,2.98,1.99,79.39
1,6.206,5.175,11.50,0.031,-0.235,-0.086,-0.367,-1.589,-0.037,0.035,-0.014,2.98,2.04,79.39
1,6.131,5.367,11.55,0.031,-0.235,-0.089,-0.361,-1.589,-0.031,0.052,-0.014,2.97,2.11,79.39
1,6.040,5.562,11.60,0.031,-0.235,-0.090,-0.358,-1.589,-0.028,0.059,-0.014,2.97,2.20,79.39
1,5.936,5.759,11.65,0.031,-0.235,-0.091,-0.352,-1.590,-0.023,0.074,-0.015,2.96,2.30,79.39
1,5.818,5.957,11.70,0.031,-0.235,-0.092,-0.348,-1.590,-0.021,0.081,-0.015,2.94,2.42,79.40
1,5.687,6.154,11.75,0.031,-0.235,-0.092,-0.338,-1.591,-0.016,0.097,-0.015,2.93,2.53,79.40
1,5.545,6.349,11.80,0.031,-0.235,-0.092,-0.334,-1.592,-0.014,0.103,-0.015,2.91,2.69,79.39
1,5.391,6.542,11.85,0.031,-0.235,-0.092,-0.324,-1.593,-0.009,0.115,-0.015,2.90,2.80,79.39
1,5.228,6.730,11.90,0.031,-0.235,-0.091,-0.320,-1.594,-0.008,0.120,-0.015,2.88,2.97,79.38
1,5.055,6.914,11.95,0.031,-0.235,-0.090,-0.308,-1.595,-0.004,0.131,-0.015,2.87,3.09,79.38
1,4.874,7.090,12.00,0.031,-0.235,-0.076,-0.157,-1.591,-0.005,0.092,-0.018,2.42,4.97,79.29
1,4.687,7.260,12.05,0.031,-0.235,-0.076,-0.157,-1.591,-0.005,0.092,-0.018,2.42,4.97,79.29
1,4.493,7.420,12.10,0.031,-0.235,-0.077,-0.152,-1.591,-0.007,0.084,-0.019,2.39,4.98,79.29
1,4.295,7.572,12.15,0.031,-0.235,-0.078,-0.149,-1.592,-0.007,0.080,-0.019,2.35,4.98,79.30
1,4.094,7.713,12.20,0.031,-0.235,-0.080,-0.145,-1.592,-0.005,0.072,-0.019,2.30,4.98,79.30
1,3.890,7.842,12.25,0.031,-0.235,-0.080,-0.143,-1.592,-0.004,0.068,-0.019,2.25,4.97,79.31
1,3.685,7.960,12.30,0.031,-0.235,-0.082,-0.138,-1.593,0.001,0.060,-0.019,2.19,4.97,79.31
1,3.481,8.065,12.35,0.031,-0.235,-0.082,-0.136,-1.593,0.004,0.056,-0.019,2.14,4.96,79.31
1,3.279,8.156,12.40,0.031,-0.235,-0.081,-0.133,-1.594,0.013,0.048,-0.019,2.10,4.96,79.32
1,3.079,8.233,12.45,0.031,-0.235,-0.080,-0.131,-1.594,0.018,0.044,-0.019,2.08,4.95,79.32
1,2.883,8.296,12.50,0.031,-0.235,-0.078,-0.129,-1.596,0.030,0.034,-0.019,2.08,4.95,79.32
1,2.693,8.344,12.55,0.031,-0.235,-0.076,-0.128,-1.596,0.036,0.030,-0.018,2.10,4.95,79.32
1,2.509,8.377,12.60,0.031,-0.235,-0.072,-0.127,-1.598,0.049,0.021,-0.018,2.14,4.94,79.32
1,2.333,8.394,12.65,0.031,-0.235,-0.070,-0.126,-1.599,0.055,0.017,-0.017,2.20,4.93,79.32
1,2.165,8.396,12.70,0.031,-0.235,-0.063,-0.126,-1.601,0.071,0.007,-0.016,2.28,4.92,79.32
1,2.007,8.382,12.75,0.031,-0.235,-0.059,-0.126,-1.602,0.077,0.003,-0.015,2.37,4.91,79.33
1,1.860,8.354,12.80,0.031,-0.235,-0.052,-0.126,-1.604,0.090,-0.005,-0.014,2.48,4.89,79.33
1,1.724,8.309,12.85,0.031,-0.235,-0.047,-0.126,-1.605,0.097,-0.008,-0.013,2.60,4.88,79.34
1,1.601,8.250,12.90,0.031,-0.235,-0.037,-0.126,-1.607,0.110,-0.016,-0.011,2.73,4.87,79.35
1,1.491,8.177,12.95,0.031,-0.235,-0.032,-0.127,-1.608,0.115,-0.020,-0.011,2.87,4.86,79.36
1,1.394,8.089,13.00,0.031,-0.235,0.126,-0.190,-1.622,0.088,-0.067,0.007,5.04,4.31,79.20
1,1.313,7.987,13.05,0.031,-0.235,0.126,-0.190,-1.622,0.088,-0.067,0.007,5.04,4.31,79.20
1,1.246,7.873,13.10,0.031,-0.235,0.129,-0.192,-1.622,0.083,-0.066,0.007,5.06,4.29,79.20
1,1.194,7.746,13.15,0.031,-0.235,0.133,-0.196,-1.622,0.075,-0.066,0.008,5.07,4.28,79.20
1,1.158,7.608,13.20,0.031,-0.235,0.135,-0.198,-1.621,0.072,-0.067,0.008,5.06,4.27,79.21
1,1.138,7.459,13.25,0.031,-0.235,0.138,-0.202,-1.621,0.065,-0.069,0.008,5.05,4.26,79.21
1,1.133,7.301,13.30,0.031,-0.235,0.140,-0.204,-1.621,0.062,-0.070,0.008,5.03,4.24,79.21
1,1.145,7.133,13.35,0.031,-0.235,0.142,-0.209,-1.620,0.058,-0.075,0.008,5.02,4.21,79.21
1,1.173,6.958,13.40,0.031,-0.235,0.144,-0.212,-1.620,0.056,-0.078,0.008,5.01,4.18,79.22
1,1.216,6.777,13.45,0.031,-0.235,0.146,-0.218,-1.620,0.053,-0.084,0.008,5.00,4.14,79.23
1,1.276,6.589,13.50,0.031,-0.235,0.147,-0.222,-1.619,0.051,-0.088,0.008,5.00,4.08,79.24
1,1.350,6.398,13.55,0.031,-0.235,0.149,-0.229,-1.619,0.050,-0.096,0.008,5.01,4.01,79.25
1,1.439,6.203,13.60,0.031,-0.235,0.150,-0.233,-1.619,0.049,-0.099,0.008,5.03,3.94,79.26
1,1.542,6.006,13.65,0.031,-0.235,0.152,-0.241,-1.618,0.048,-0.107,0.007,5.06,3.85,79.28
1,1.658,5.808,13.70,0.031,-0.235,0.154,-0.246,-1.618,0.048,-0.111,0.007,5.09,3.76,79.29
1,1.787,5.611,13.75,0.031,-0.235,0.157,-0.254,-1.617,0.048,-0.117,0.007,5.14,3.66,79.30
1,1.929,5.415,13.80,0.031,-0.235,0.158,-0.258,-1.616,0.047,-0.120,0.007,5.19,3.56,79.31
1,2.081,5.222,13.85,0.031,-0.235,0.161,-0.267,-1.615,0.047,-0.125,0.006,5.24,3.45,79.32
1,2.244,5.033,13.90,0.031,-0.235,0.163,-0.272,-1.614,0.047,-0.128,0.005,5.30,3.35,79.33
1,2.416,4.850,13.95,0.031,-0.235,0.166,-0.280,-1.613,0.047,-0.131,0.005,5.36,3.24,79.34
1,2.596,4.672,14.00,0.031,-0.235,0.186,-0.392,-1.600,-0.022,-0.078,-0.007,6.11,1.85,79.26
1,2.783,4.502,14.05,0.031,-0.235,0.186,-0.392,-1.600,-0.022,-0.078,-0.007,6.11,1.85,79.26
1,2.976,4.340,14.10,0.031,-0.235,0.185,-0.395,-1.600,-0.025,-0.074,-0.008,6.07,1.82,79.26
1,3.174,4.188,14.15,0.031,-0.235,0.182,-0.398,-1.599,-0.030,-0.067,-0.008,6.06,1.79,79.25
1,3.375,4.046,14.20,0.031,-0.235,0.181,-0.400,-1.599,-0.033,-0.063,-0.008,6.05,1.76,79.25
1,3.578,3.915,14.25,0.031,-0.235,0.178,-0.402,-1.599,-0.039,-0.054,-0.009,6.04,1.73,79.24
1,3.783,3.796,14.30,0.031,-0.235,0.176,-0.403,-1.599,-0.044,-0.048,-0.009,6.04,1.72,79.24
1,3.987,3.690,14.35,0.031,-0.235,0.173,-0.404,-1.598,-0.052,-0.038,-0.008,6.03,1.72,79.24
1,4.190,3.598,14.40,0.031,-0.235,0.172,-0.404,-1.598,-0.056,-0.033,-0.008,6.02,1.72,79.24
1,4.390,3.519,14.45,0.031,-0.235,0.168,-0.405,-1.598,-0.065,-0.022,-0.008,5.99,1.73,79.24
1,4.586,3.455,14.50,0.031,-0.235,0.165,-0.405,-1.598,-0.072,-0.016,-0.008,5.95,1.75,79.25
1,4.777,3.405,14.55,0.031,-0.235,0.160,-0.404,-1.599,-0.082,-0.005,-0.007,5.91,1.77,79.25
1,4.961,3.371,14.60,0.031,-0.235,0.157,-0.403,-1.599,-0.088,0.000,-0.007,5.84,1.80,79.26
1,5.138,3.352,14.65,0.031,-0.235,0.151,-0.401,-1.599,-0.099,0.010,-0.006,5.77,1.84,79.27
1,5.307,3.348,14.70,0.031,-0.235,0.147,-0.400,-1.598,-0.105,0.016,-0.005,5.67,1.87,79.29
1,5.466,3.360,14.75,0.031,-0.235,0.140,-0.398,-1.598,-0.116,0.024,-0.005,5.57,1.91,79.30
1,5.614,3.388,14.80,0.031,-0.235,0.137,-0.397,-1.597,-0.120,0.028,-0.004,5.46,1.95,79.32
1,5.751,3.431,14.85,0.031,-0.235,0.129,-0.395,-1.596,-0.130,0.035,-0.004,5.35,1.98,79.34
1,5.876,3.488,14.90,0.031,-0.235,0.124,-0.394,-1.596,-0.135,0.039,-0.004,5.22,2.01,79.36
1,5.987,3.560,14.95,0.031,-0.235,0.115,-0.391,-1.595,-0.143,0.044,-0.005,5.11,2.04,79.38
1,6.085,3.647,15.00,0.031,-0.235,-0.068,-0.327,-1.597,-0.118,0.066,-0.007,2.77,2.35,79.36
1,6.168,3.747,15.05,0.031,-0.235,-0.068,-0.327,-1.597,-0.118,0.066,-0.007,2.77,2.35,79.36
1,6.237,3.860,15.10,0.031,-0.235,-0.075,-0.324,-1.597,-0.106,0.064,-0.006,2.74,2.35,79.34
1,6.290,3.986,15.15,0.031,-0.235,-0.078,-0.322,-1.598,-0.100,0.064,-0.006,2.72,2.36,79.32
1,6.328,4.123,15.20,0.031,-0.235,-0.082,-0.319,-1.598,-0.089,0.064,-0.005,2.71,2.36,79.31
1,6.350,4.270,15.25,0.031,-0.235,-0.084,-0.318,-1.598,-0.083,0.064,-0.005,2.72,2.35,79.29
1,6.356,4.428,15.30,0.031,-0.235,-0.086,-0.315,-1.598,-0.072,0.067,-0.005,2.73,2.35,79.28
1,6.345,4.594,15.35,0.031,-0.235,-0.087,-0.313,-1.598,-0.066,0.068,-0.005,2.75,2.36,79.26
1,6.319,4.769,15.40,0.031,-0.235,-0.088,-0.309,-1.598,-0.054,0.073,-0.005,2.78,2.38,79.26
1,6.277,4.950,15.45,0.031,-0.235,-0.088,-0.307,-1.597,-0.048,0.076,-0.005,2.81,2.41,79.25
1,6.220,5.137,15.50,0.031,-0.235,-0.088,-0.303,-1.597,-0.039,0.082,-0.005,2.85,2.44,79.24
1,6.147,5.328,15.55,0.031,-0.235,-0.087,-0.300,-1.597,-0.034,0.086,-0.006,2.90,2.51,79.24
1,6.060,5.522,15.60,0.031,-0.235,-0.085,-0.294,-1.597,-0.025,0.094,-0.007,2.94,2.56,79.25
1,5.958,5.719,15.65,0.031,-0.235,-0.085,-0.291,-1.597,-0.022,0.098,-0.007,2.98,2.64,79.25
1,5.843,5.917,15.70,0.031,-0.235,-0.083,-0.284,-1.596,-0.016,0.106,-0.008,3.01,2.71,79.26
1,5.715,6.114,15.75,0.031,-0.235,-0.082,-0.281,-1.596,-0.013,0.110,-0.008,3.05,2.82,79.27
1,5.574,6.310,15.80,0.031,-0.235,-0.081,-0.272,-1.596,-0.009,0.119,-0.009,3.07,2.90,79.28
1,5.423,6.504,15.85,0.031,-0.235,-0.080,-0.268,-1.596,-0.008,0.122,-0.009,3.10,3.03,79.30
1,5.261,6.693,15.90,0.031,-0.235,-0.079,-0.259,-1.595,-0.006,0.129,-0.010,3.11,3.12,79.32
1,5.090,6.877,15.95,0.031,-0.235,-0.079,-0.255,-1.595,-0.005,0.132,-0.011,3.11,3.26,79.34
1,4.911,7.055,16.00,0.031,-0.235,-0.105,-0.106,-1.588,-0.015,0.086,-0.025,2.20,4.91,79.29
1,4.725,7.226,16.05,0.031,-0.235,-0.105,-0.106,-1.588,-0.015,0.086,-0.025,2.20,4.91,79.29
1,4.532,7.389,16.10,0.031,-0.235,-0.107,-0.103,-1.588,-0.015,0.082,-0.025,2.16,4.93,79.29
1,4.335,7.542,16.15,0.031,-0.235,-0.110,-0.097,-1.590,-0.012,0.073,-0.024,2.11,4.94,79.29
1,4.134,7.685,16.20,0.031,-0.235,-0.111,-0.095,-1.590,-0.009,0.069,-0.023,2.05,4.95,79.29
1,3.931,7.817,16.25,0.031,-0.235,-0.114,-0.091,-1.591,-0.003,0.061,-0.023,1.99,4.96,79.28
1,3.726,7.937,16.30,0.031,-0.235,-0.115,-0.090,-1.591,0.000,0.057,-0.022,1.94,4.96,79.28
1,3.522,8.045,16.35,0.031,-0.235,-0.116,-0.086,-1.592,0.011,0.047,-0.021,1.90,4.96,79.28
1,3.319,8.139,16.40,0.031,-0.235,-0.116,-0.085,-1.592,0.016,0.043,-0.021,1.87,4.96,79.28
1,3.119,8.219,16.45,0.031,-0.235,-0.116,-0.083,-1.593,0.027,0.034,-0.020,1.86,4.96,79.28
1,2.922,8.285,16.50,0.031,-0.235,-0.116,-0.082,-1.594,0.034,0.029,-0.020,1.86,4.95,79.28
1,2.731,8.335,16.55,0.031,-0.235,-0.114,-0.081,-1.595,0.048,0.019,-0.019,1.89,4.94,79.28
1,2.546,8.371,16.60,0.031,-0.235,-0.113,-0.081,-1.596,0.055,0.015,-0.019,1.93,4.93,79.28
1,2.368,8.392,16.65,0.031,-0.235,-0.110,-0.080,-1.598,0.069,0.006,-0.018,1.98,4.92,79.27
1,2.198,8.397,16.70,0.031,-0.235,-0.108,-0.080,-1.599,0.076,0.001,-0.017,2.05,4.91,79.27
1,2.038,8.386,16.75,0.031,-0.235,-0.103,-0.082,-1.601,0.091,-0.009,-0.016,2.14,4.89,79.27
1,1.889,8.361,16.80,0.031,-0.235,-0.100,-0.082,-1.602,0.098,-0.014,-0.015,2.23,4.87,79.27
1,1.751,8.319,16.85,0.031,-0.235,-0.094,-0.084,-1.603,0.111,-0.022,-0.013,2.34,4.85,79.27
1,1.625,8.263,16.90,0.031,-0.235,-0.091,-0.085,-1.603,0.117,-0.026,-0.013,2.45,4.83,79.27
1,1.512,8.192,16.95,0.031,-0.235,-0.082,-0.087,-1.604,0.131,-0.035,-0.011,2.58,4.80,79.27
1,1.413,8.107,17.00,0.031,-0.235,0.090,-0.150,-1.604,0.123,-0.069,-0.008,4.98,4.37,79.23
1,1.328,8.009,17.05,0.031,-0.235,0.090,-0.150,-1.604,0.123,-0.069,-0.008,4.98,4.37,79.23
1,1.258,7.897,17.10,0.031,-0.235,0.096,-0.153,-1.604,0.114,-0.068,-0.009,5.00,4.37,79.23
1,1.203,7.773,17.15,0.031,-0.235,0.099,-0.155,-1.604,0.109,-0.068,-0.009,5.00,4.36,79.22
1,1.164,7.637,17.20,0.031,-0.235,0.104,-0.157,-1.604,0.101,-0.068,-0.010,4.99,4.36,79.22
1,1.140,7.490,17.25,0.031,-0.235,0.106,-0.159,-1.605,0.098,-0.069,-0.010,4.98,4.36,79.22
1,1.133,7.333,17.30,0.031,-0.235,0.111,-0.161,-1.605,0.093,-0.072,-0.010,4.96,4.35,79.22
1,1.142,7.168,17.35,0.031,-0.235,0.115,-0.163,-1.605,0.091,-0.074,-0.009,4.95,4.34,79.23
1,1.166,6.994,17.40,0.031,-0.235,0.121,-0.165,-1.606,0.088,-0.079,-0.009,4.94,4.32,79.24
1,1.206,6.814,17.45,0.031,-0.235,0.123,-0.167,-1.606,0.087,-0.081,-0.009,4.95,4.30,79.25
1,1.262,6.627,17.50,0.031,-0.235,0.129,-0.171,-1.606,0.086,-0.088,-0.009,4.96,4.27,79.27
1,1.334,6.436,17.55,0.031,-0.235,0.133,-0.173,-1.606,0.085,-0.092,-0.008,4.99,4.24,79.28
1,1.420,6.242,17.60,0.031,-0.235,0.138,-0.178,-1.607,0.083,-0.100,-0.008,5.04,4.19,79.29
1,1.520,6.046,17.65,0.031,-0.235,0.141,-0.181,-1.607,0.083,-0.104,-0.008,5.09,4.14,79.29
1,1.634,5.848,17.70,0.031,-0.235,0.146,-0.187,-1.607,0.081,-0.112,-0.008,5.15,4.08,79.30
1,1.761,5.650,17.75,0.031,-0.235,0.149,-0.191,-1.607,0.080,-0.117,-0.008,5.21,4.01,79.30
1,1.900,5.454,17.80,0.031,-0.235,0.154,-0.199,-1.608,0.077,-0.126,-0.007,5.27,3.92,79.31
1,2.050,5.261,17.85,0.031,-0.235,0.157,-0.204,-1.608,0.076,-0.130,-0.007,5.34,3.84,79.31
1,2.211,5.071,17.90,0.031,-0.235,0.161,-0.213,-1.609,0.073,-0.139,-0.006,5.41,3.74,79.31
1,2.381,4.886,17.95,0.031,-0.235,0.164,-0.220,-1.609,0.071,-0.144,-0.006,5.48,3.63,79.31
1,2.559,4.707,18.00,0.031,-0.235,0.194,-0.391,-1.592,-0.015,-0.099,-0.013,6.14,1.56,79.27
1,2.745,4.535,18.05,0.031,-0.235,0.194,-0.391,-1.592,-0.015,-0.099,-0.013,6.14,1.56,79.27
1,2.937,4.372,18.10,0.031,-0.235,0.194,-0.397,-1.591,-0.018,-0.090,-0.014,6.14,1.53,79.28
1,3.134,4.218,18.15,0.031,-0.235,0.194,-0.401,-1.590,-0.021,-0.084,-0.015,6.15,1.51,79.29
1,3.334,4.073,18.20,0.031,-0.235,0.194,-0.406,-1.589,-0.027,-0.073,-0.017,6.18,1.49,79.30
1,3.537,3.940,18.25,0.031,-0.235,0.193,-0.408,-1.588,-0.031,-0.067,-0.017,6.20,1.47,79.31
1,3.742,3.819,18.30,0.031,-0.235,0.191,-0.411,-1.587,-0.040,-0.055,-0.018,6.22,1.47,79.32
1,3.946,3.710,18.35,0.031,-0.235,0.190,-0.413,-1.587,-0.047,-0.047,-0.018,6.23,1.46,79.32
1,4.149,3.615,18.40,0.031,-0.235,0.187,-0.415,-1.587,-0.058,-0.034,-0.019,6.23,1.47,79.32
1,4.350,3.534,18.45,0.031,-0.235,0.185,-0.416,-1.587,-0.064,-0.027,-0.019,6.21,1.48,79.33
1,4.547,3.466,18.50,0.031,-0.235,0.180,-0.417,-1.588,-0.077,-0.015,-0.019,6.18,1.51,79.34
1,4.739,3.414,18.55,0.031,-0.235,0.177,-0.417,-1.588,-0.085,-0.007,-0.019,6.12,1.53,79.34
1,4.925,3.377,18.60,0.031,-0.235,0.171,-0.418,-1.590,-0.099,0.005,-0.018,6.05,1.57,79.36
1,5.103,3.355,18.65,0.031,-0.235,0.167,-0.417,-1.590,-0.106,0.011,-0.017,5.96,1.60,79.37
1,5.274,3.348,18.70,0.031,-0.235,0.159,-0.417,-1.591,-0.119,0.022,-0.016,5.85,1.63,79.39
1,5.435,3.357,18.75,0.031,-0.235,0.154,-0.416,-1.592,-0.127,0.028,-0.015,5.73,1.66,79.41
1,5.585,3.381,18.80,0.031,-0.235,0.145,-0.414,-1.593,-0.140,0.038,-0.013,5.59,1.70,79.43
1,5.725,3.421,18.85,0.031,-0.235,0.140,-0.413,-1.593,-0.146,0.043,-0.013,5.46,1.73,79.45
1,5.852,3.475,18.90,0.031,-0.235,0.129,-0.409,-1.595,-0.156,0.052,-0.011,5.30,1.77,79.46
1,5.966,3.545,18.95,0.031,-0.235,0.122,-0.407,-1.596,-0.162,0.058,-0.010,5.16,1.80,79.47
1,6.067,3.628,19.00,0.031,-0.235,-0.044,-0.309,-1.590,-0.116,0.070,-0.006,2.95,2.55,79.30
1,6.153,3.726,19.05,0.031,-0.235,-0.044,-0.309,-1.590,-0.116,0.070,-0.006,2.95,2.55,79.30
1,6.225,3.836,19.10,0.031,-0.235,-0.050,-0.306,-1.589,-0.107,0.065,-0.007,2.93,2.54,79.31
1,6.281,3.959,19.15,0.031,-0.235,-0.054,-0.305,-1.588,-0.102,0.062,-0.009,2.92,2.53,79.32
1,6.322,4.094,19.20,0.031,-0.235,-0.059,-0.303,-1.587,-0.094,0.059,-0.010,2.91,2.50,79.34
1,6.347,4.240,19.25,0.031,-0.235,-0.062,-0.303,-1.587,-0.090,0.059,-0.011,2.92,2.47,79.35
1,6.356,4.396,19.30,0.031,-0.235,-0.067,-0.301,-1.587,-0.083,0.058,-0.013,2.92,2.44,79.36
1,6.349,4.560,19.35,0.031,-0.235,-0.069,-0.301,-1.587,-0.078,0.059,-0.014,2.93,2.42,79.37
1,6.326,4.733,19.40,0.031,-0.235,-0.073,-0.299,-1.587,-0.071,0.062,-0.015,2.93,2.41,79.38
1,6.287,4.913,19.45,0.031,-0.235,-0.075,-0.299,-1.587,-0.067,0.064,-0.015,2.94,2.41,79.38
1,6.232,5.099,19.50,0.031,-0.235,-0.078,-0.297,-1.587,-0.060,0.068,-0.016,2.94,2.41,79.38
1,6.163,5.289,19.55,0.031,-0.235,-0.080,-0.295,-1.587,-0.057,0.072,-0.016,2.95,2.43,79.39
1,6.078,5.483,19.60,0.031,-0.235,-0.083,-0.292,-1.587,-0.051,0.079,-0.016,2.95,2.46,79.39
1,5.979,5.680,19.65,0.031,-0.235,-0.084,-0.290,-1.587,-0.048,0.083,-0.017,2.95,2.50,79.39
1,5.867,5.877,19.70,0.031,-0.235,-0.086,-0.286,-1.587,-0.043,0.091,-0.017,2.95,2.55,79.39
1,5.741,6.075,19.75,0.031,-0.235,-0.087,-0.283,-1.587,-0.040,0.096,-0.017,2.94,2.62,79.38
1,5.604,6.271,19.80,0.031,-0.235,-0.089,-0.277,-1.587,-0.036,0.105,-0.017,2.93,2.69,79.38
1,5.454,6.465,19.85,0.031,-0.235,-0.089,-0.274,-1.587,-0.034,0.109,-0.017,2.91,2.78,79.38
1,5.295,6.655,19.90,0.031,-0.235,-0.091,-0.267,-1.587,-0.030,0.117,-0.018,2.90,2.87,79.37
1,5.125,6.841,19.95,0.031,-0.235,-0.091,-0.262,-1.587,-0.028,0.122,-0.018,2.88,2.97,79.37
2,6.234,-0.029,0.00,0.031,-0.235,-0.244,-0.111,-1.605,-0.051,-0.025,0.000,-0.77,4.35,79.34
2,6.316,0.016,0.05,0.031,-0.235,-0.244,-0.111,-1.605,-0.051,-0.025,0.000,-0.77,4.35,79.34
2,6.390,0.071,0.10,0.031,-0.235,-0.247,-0.110,-1.605,-0.041,-0.023,-0.001,-0.79,4.37,79.34
2,6.456,0.136,0.15,0.031,-0.235,-0.248,-0.109,-1.605,-0.037,-0.023,-0.001,-0.80,4.39,79.33
2,6.514,0.212,0.20,0.031,-0.235,-0.249,-0.108,-1.605,-0.028,-0.022,-0.001,-0.81,4.41,79.33
2,6.563,0.296,0.25,0.031,-0.235,-0.250,-0.107,-1.605,-0.023,-0.021,-0.002,-0.82,4.44,79.33
2,6.603,0.390,0.30,0.031,-0.235,-0.251,-0.106,-1.606,-0.014,-0.021,-0.002,-0.82,4.47,79.33
2,6.634,0.492,0.35,0.031,-0.235,-0.251,-0.106,-1.606,-0.010,-0.022,-0.002,-0.81,4.49,79.33
2,6.656,0.603,0.40,0.031,-0.235,-0.252,-0.105,-1.607,-0.003,-0.022,-0.002,-0.81,4.51,79.33
2,6.668,0.721,0.45,0.031,-0.235,-0.252,-0.106,-1.607,0.000,-0.023,-0.002,-0.81,4.54,79.32
2,6.671,0.846,0.50,0.031,-0.235,-0.253,-0.106,-1.608,0.007,-0.026,-0.001,-0.80,4.55,79.32
2,6.665,0.978,0.55,0.031,-0.235,-0.253,-0.107,-1.609,0.011,-0.027,-0.001,-0.79,4.56,79.32
2,6.649,1.115,0.60,0.031,-0.235,-0.252,-0.109,-1.609,0.017,-0.030,-0.000,-0.79,4.56,79.31
2,6.624,1.258,0.65,0.031,-0.235,-0.252,-0.110,-1.610,0.020,-0.032,-0.000,-0.78,4.56,79.30
2,6.590,1.405,0.70,0.031,-0.235,-0.251,-0.114,-1.610,0.026,-0.035,0.001,-0.77,4.55,79.30
2,6.547,1.556,0.75,0.031,-0.235,-0.250,-0.115,-1.610,0.029,-0.037,0.002,-0.76,4.53,79.29
2,6.495,1.709,0.80,0.031,-0.235,-0.248,-0.119,-1.610,0.034,-0.040,0.002,-0.75,4.51,79.28
2,6.434,1.866,0.85,0.031,-0.235,-0.246,-0.120,-1.610,0.037,-0.042,0.003,-0.73,4.48,79.28
2,6.365,2.024,0.90,0.031,-0.235,-0.243,-0.125,-1.610,0.043,-0.044,0.003,-0.71,4.46,79.28
2,6.288,2.182,0.95,0.031,-0.235,-0.242,-0.127,-1.610,0.045,-0.046,0.003,-0.69,4.43,79.27
2,6.204,2.341,1.00,0.031,-0.235,-0.159,-0.166,-1.609,0.065,-0.017,0.003,-0.14,4.31,79.41
2,6.112,2.499,1.05,0.031,-0.235,-0.159,-0.166,-1.609,0.065,-0.017,0.003,-0.14,4.31,79.41
2,6.014,2.656,1.10,0.031,-0.235,-0.156,-0.166,-1.608,0.062,-0.014,0.002,-0.14,4.33,79.40
2,5.909,2.811,1.15,0.031,-0.235,-0.154,-0.165,-1.608,0.061,-0.013,0.002,-0.16,4.36,79.40
2,5.799,2.963,1.20,0.031,-0.235,-0.150,-0.165,-1.608,0.061,-0.011,0.001,-0.18,4.37,79.40
2,5.683,3.111,1.25,0.031,-0.235,-0.148,-0.165,-1.608,0.062,-0.011,0.001,-0.21,4.39,79.39
2,5.563,3.255,1.30,0.031,-0.235,-0.142,-0.164,-1.609,0.065,-0.009,0.000,-0.23,4.41,79.38
2,5.438,3.393,1.35,0.031,-0.235,-0.140,-0.164,-1.609,0.066,-0.009,0.000,-0.24,4.43,79.37
2,5.310,3.527,1.40,0.031,-0.235,-0.135,-0.164,-1.609,0.070,-0.008,-0.000,-0.25,4.44,79.36
2,5.179,3.654,1.45,0.031,-0.235,-0.133,-0.164,-1.609,0.073,-0.008,-0.000,-0.23,4.46,79.34
2,5.046,3.773,1.50,0.031,-0.235,-0.127,-0.164,-1.610,0.078,-0.008,0.000,-0.22,4.48,79.34
2,4.911,3.886,1.55,0.031,-0.235,-0.125,-0.164,-1.610,0.080,-0.009,0.000,-0.19,4.50,79.33
2,4.775,3.991,1.60,0.031,-0.235,-0.120,-0.164,-1.610,0.085,-0.009,0.001,-0.15,4.51,79.32
2,4.638,4.087,1.65,0.031,-0.235,-0.117,-0.165,-1.610,0.088,-0.010,0.001,-0.10,4.53,79.31
2,4.502,4.174,1.70,0.031,-0.235,-0.112,-0.166,-1.609,0.093,-0.011,0.001,-0.06,4.54,79.30
2,4.367,4.251,1.75,0.031,-0.235,-0.109,-0.166,-1.609,0.095,-0.011,0.001,0.01,4.55,79.30
2,4.233,4.319,1.80,0.031,-0.235,-0.104,-0.168,-1.608,0.098,-0.012,0.001,0.06,4.55,79.30
2,4.101,4.377,1.85,0.031,-0.235,-0.102,-0.168,-1.608,0.100,-0.013,0.001,0.12,4.56,79.30
2,3.973,4.425,1.90,0.031,-0.235,-0.096,-0.170,-1.607,0.104,-0.014,0.000,0.17,4.57,79.29
2,3.847,4.462,1.95,0.031,-0.235,-0.093,-0.171,-1.607,0.105,-0.015,-0.000,0.24,4.57,79.30
2,3.726,4.488,2.00,0.031,-0.235,0.040,-0.189,-1.606,0.088,-0.019,-0.004,1.60,4.71,79.31
2,3.609,4.504,2.05,0.031,-0.235,0.040,-0.189,-1.606,0.088,-0.019,-0.004,1.60,4.71,79.31
2,3.497,4.508,2.10,0.031,-0.235,0.042,-0.190,-1.605,0.085,-0.020,-0.004,1.62,4.70,79.31
2,3.391,4.502,2.15,0.031,-0.235,0.047,-0.191,-1.605,0.079,-0.020,-0.004,1.64,4.70,79.31
2,3.292,4.485,2.20,0.031,-0.235,0.049,-0.192,-1.605,0.076,-0.021,-0.004,1.63,4.70,79.31
2,3.199,4.456,2.25,0.031,-0.235,0.053,-0.193,-1.606,0.072,-0.023,-0.005,1.62,4.69,79.31
2,3.113,4.418,2.30,0.031,-0.235,0.055,-0.194,-1.606,0.071,-0.025,-0.005,1.60,4.68,79.31
2,3.034,4.368,2.35,0.031,-0.235,0.060,-0.195,-1.606,0.069,-0.028,-0.004,1.59,4.67,79.31
2,2.963,4.308,2.40,0.031,-0.235,0.062,-0.196,-1.606,0.069,-0.030,-0.004,1.58,4.66,79.31
2,2.901,4.239,2.45,0.031,-0.235,0.067,-0.199,-1.606,0.071,-0.036,-0.004,1.58,4.64,79.31
2,2.847,4.159,2.50,0.031,-0.235,0.070,-0.200,-1.606,0.072,-0.038,-0.004,1.60,4.62,79.32
2,2.802,4.071,2.55,0.031,-0.235,0.075,-0.203,-1.606,0.075,-0.044,-0.004,1.63,4.59,79.32
2,2.766,3.973,2.60,0.031,-0.235,0.078,-0.205,-1.605,0.076,-0.047,-0.004,1.67,4.56,79.32
2,2.739,3.867,2.65,0.031,-0.235,0.084,-0.209,-1.605,0.079,-0.054,-0.004,1.73,4.52,79.33
2,2.721,3.753,2.70,0.031,-0.235,0.087,-0.211,-1.604,0.081,-0.057,-0.004,1.79,4.48,79.33
2,2.712,3.632,2.75,0.031,-0.235,0.092,-0.215,-1.604,0.083,-0.063,-0.004,1.87,4.43,79.34
2,2.713,3.504,2.80,0.031,-0.235,0.095,-0.218,-1.603,0.084,-0.066,-0.005,1.95,4.38,79.34
2,2.724,3.370,2.85,0.031,-0.235,0.100,-0.223,-1.602,0.086,-0.072,-0.005,2.04,4.33,79.34
2,2.744,3.230,2.90,0.031,-0.235,0.103,-0.226,-1.602,0.086,-0.075,-0.006,2.12,4.27,79.34
2,2.773,3.086,2.95,0.031,-0.235,0.108,-0.232,-1.601,0.087,-0.080,-0.006,2.21,4.21,79.35
2,2.811,2.937,3.00,0.031,-0.235,0.165,-0.348,-1.600,0.026,-0.066,-0.009,3.32,2.91,79.34
2,2.858,2.785,3.05,0.031,-0.235,0.165,-0.348,-1.600,0.026,-0.066,-0.009,3.32,2.91,79.34
2,2.914,2.629,3.10,0.031,-0.235,0.166,-0.354,-1.600,0.022,-0.061,-0.008,3.33,2.88,79.34
2,2.978,2.472,3.15,0.031,-0.235,0.167,-0.356,-1.600,0.019,-0.058,-0.008,3.34,2.85,79.35
2,3.050,2.314,3.20,0.031,-0.235,0.167,-0.361,-1.599,0.013,-0.053,-0.007,3.35,2.82,79.35
2,3.130,2.155,3.25,0.031,-0.235,0.168,-0.364,-1.599,0.009,-0.050,-0.007,3.36,2.80,79.35
2,3.218,1.996,3.30,0.031,-0.235,0.167,-0.368,-1.599,0.002,-0.046,-0.007,3.37,2.78,79.36
2,3.313,1.839,3.35,0.031,-0.235,0.167,-0.370,-1.599,-0.001,-0.043,-0.007,3.38,2.76,79.36
2,3.414,1.683,3.40,0.031,-0.235,0.167,-0.374,-1.599,-0.009,-0.039,-0.007,3.37,2.74,79.36
2,3.521,1.529,3.45,0.031,-0.235,0.166,-0.375,-1.599,-0.014,-0.036,-0.007,3.37,2.72,79.36
2,3.634,1.379,3.50,0.031,-0.235,0.164,-0.378,-1.599,-0.021,-0.031,-0.007,3.35,2.70,79.36
2,3.752,1.233,3.55,0.031,-0.235,0.163,-0.379,-1.598,-0.026,-0.029,-0.007,3.33,2.69,79.35
2,3.874,1.091,3.60,0.031,-0.235,0.161,-0.380,-1.598,-0.034,-0.024,-0.007,3.29,2.67,79.34
2,4.000,0.955,3.65,0.031,-0.235,0.159,-0.381,-1.598,-0.038,-0.021,-0.007,3.26,2.65,79.34
2,4.130,0.824,3.70,0.031,-0.235,0.156,-0.382,-1.598,-0.046,-0.017,-0.007,3.22,2.64,79.33
2,4.262,0.700,3.75,0.031,-0.235,0.155,-0.382,-1.599,-0.049,-0.014,-0.007,3.17,2.63,79.32
2,4.396,0.583,3.80,0.031,-0.235,0.151,-0.382,-1.599,-0.056,-0.010,-0.007,3.11,2.62,79.31
2,4.531,0.474,3.85,0.031,-0.235,0.148,-0.381,-1.599,-0.060,-0.008,-0.007,3.06,2.62,79.30
2,4.668,0.373,3.90,0.031,-0.235,0.143,-0.381,-1.600,-0.066,-0.004,-0.006,3.00,2.61,79.30
2,4.804,0.281,3.95,0.031,-0.235,0.141,-0.380,-1.600,-0.069,-0.003,-0.006,2.94,2.61,79.30
2,4.940,0.198,4.00,0.031,-0.235,0.031,-0.364,-1.608,-0.061,0.009,0.002,1.82,2.31,79.36
2,5.075,0.124,4.05,0.031,-0.235,0.031,-0.364,-1.608,-0.061,0.009,0.002,1.82,2.31,79.36
2,5.208,0.061,4.10,0.031,-0.235,0.026,-0.364,-1.609,-0.057,0.010,0.003,1.82,2.30,79.35
2,5.338,0.007,4.15,0.031,-0.235,0.024,-0.364,-1.609,-0.055,0.010,0.003,1.82,2.28,79.35
2,5.466,-0.036,4.20,0.031,-0.235,0.019,-0.363,-1.609,-0.052,0.012,0.003,1.83,2.27,79.35
2,5.589,-0.068,4.25,0.031,-0.235,0.016,-0.362,-1.609,-0.051,0.015,0.004,1.84,2.25,79.35
2,5.709,-0.090,4.30,0.031,-0.235,0.011,-0.361,-1.609,-0.051,0.020,0.004,1.85,2.24,79.35
2,5.823,-0.101,4.35,0.031,-0.235,0.009,-0.360,-1.609,-0.050,0.023,0.004,1.86,2.24,79.35
2,5.932,-0.100,4.40,0.031,-0.235,0.004,-0.358,-1.609,-0.051,0.030,0.004,1.85,2.24,79.35
2,6.036,-0.089,4.45,0.031,-0.235,0.001,-0.356,-1.608,-0.052,0.035,0.004,1.84,2.26,79.35
2,6.133,-0.067,4.50,0.031,-0.235,-0.004,-0.353,-1.608,-0.054,0.043,0.004,1.82,2.28,79.35
2,6.223,-0.034,4.55,0.031,-0.235,-0.007,-0.351,-1.607,-0.055,0.048,0.004,1.78,2.32,79.35
2,6.306,0.009,4.60,0.031,-0.235,-0.012,-0.347,-1.607,-0.057,0.056,0.003,1.74,2.36,79.35
2,6.381,0.063,4.65,0.031,-0.235,-0.015,-0.344,-1.606,-0.059,0.062,0.003,1.69,2.42,79.35
2,6.448,0.127,4.70,0.031,-0.235,-0.020,-0.338,-1.606,-0.062,0.070,0.002,1.63,2.48,79.35
2,6.507,0.201,4.75,0.031,-0.235,-0.023,-0.336,-1.605,-0.064,0.074,0.002,1.56,2.54,79.35
2,6.557,0.285,4.80,0.031,-0.235,-0.029,-0.330,-1.605,-0.066,0.082,0.001,1.49,2.61,79.35
2,6.598,0.377,4.85,0.031,-0.235,-0.032,-0.326,-1.604,-0.068,0.086,0.001,1.41,2.69,79.35
2,6.630,0.478,4.90,0.031,-0.235,-0.037,-0.319,-1.604,-0.070,0.093,0.000,1.33,2.76,79.35
2,6.653,0.588,4.95,0.031,-0.235,-0.040,-0.315,-1.603,-0.071,0.096,-0.001,1.24,2.84,79.35
2,6.667,0.705,5.00,0.031,-0.235,-0.103,-0.207,-1.601,-0.034,0.060,-0.008,-0.01,3.85,79.29
2,6.671,0.829,5.05,0.031,-0.235,-0.103,-0.207,-1.601,-0.034,0.060,-0.008,-0.01,3.85,79.29
2,6.666,0.960,5.10,0.031,-0.235,-0.103,-0.206,-1.601,-0.032,0.057,-0.008,-0.01,3.85,79.29
2,6.652,1.097,5.15,0.031,-0.235,-0.104,-0.203,-1.601,-0.028,0.052,-0.009,-0.01,3.84,79.29
2,6.628,1.239,5.20,0.031,-0.235,-0.104,-0.202,-1.601,-0.026,0.049,-0.009,-0.01,3.83,79.30
2,6.595,1.385,5.25,0.031,-0.235,-0.106,-0.199,-1.601,-0.022,0.045,-0.009,-0.01,3.82,79.30
2,6.553,1.535,5.30,0.031,-0.235,-0.106,-0.198,-1.601,-0.020,0.044,-0.009,-0.01,3.81,79.30
2,6.502,1.689,5.35,0.031,-0.235,-0.107,-0.197,-1.601,-0.017,0.041,-0.009,-0.01,3.80,79.30
2,6.443,1.845,5.40,0.031,-0.235,-0.108,-0.196,-1.601,-0.016,0.040,-0.009,-0.01,3.79,79.30
2,6.375,2.003,5.45,0.031,-0.235,-0.109,-0.195,-1.602,-0.013,0.038,-0.009,-0.02,3.79,79.29
2,6.299,2.161,5.50,0.031,-0.235,-0.110,-0.194,-1.602,-0.012,0.038,-0.009,-0.03,3.79,79.29
2,6.216,2.320,5.55,0.031,-0.235,-0.111,-0.193,-1.602,-0.009,0.037,-0.009,-0.04,3.79,79.28
2,6.125,2.479,5.60,0.031,-0.235,-0.112,-0.193,-1.602,-0.007,0.037,-0.009,-0.05,3.79,79.28
2,6.027,2.636,5.65,0.031,-0.235,-0.113,-0.191,-1.603,-0.004,0.038,-0.009,-0.07,3.80,79.28
2,5.924,2.791,5.70,0.031,-0.235,-0.113,-0.190,-1.603,-0.002,0.039,-0.008,-0.08,3.81,79.28
2,5.814,2.943,5.75,0.031,-0.235,-0.114,-0.188,-1.604,0.001,0.041,-0.008,-0.10,3.83,79.28
2,5.699,3.091,5.80,0.031,-0.235,-0.114,-0.187,-1.604,0.003,0.042,-0.008,-0.11,3.85,79.29
2,5.579,3.236,5.85,0.031,-0.235,-0.114,-0.184,-1.605,0.008,0.044,-0.007,-0.12,3.88,79.30
2,5.455,3.375,5.90,0.031,-0.235,-0.113,-0.183,-1.605,0.010,0.045,-0.007,-0.13,3.91,79.31
2,5.327,3.509,5.95,0.031,-0.235,-0.112,-0.181,-1.605,0.015,0.047,-0.007,-0.13,3.95,79.31
2,5.197,3.637,6.00,0.031,-0.235,-0.065,-0.153,-1.615,0.045,0.034,0.003,0.20,4.62,79.25
2,5.064,3.758,6.05,0.031,-0.235,-0.065,-0.153,-1.615,0.045,0.034,0.003,0.20,4.62,79.25
2,4.929,3.872,6.10,0.031,-0.235,-0.062,-0.152,-1.615,0.044,0.032,0.003,0.20,4.64,79.25
2,4.793,3.977,6.15,0.031,-0.235,-0.060,-0.151,-1.615,0.044,0.031,0.003,0.20,4.64,79.26
2,4.656,4.074,6.20,0.031,-0.235,-0.057,-0.150,-1.616,0.046,0.029,0.003,0.18,4.66,79.26
2,4.520,4.163,6.25,0.031,-0.235,-0.055,-0.149,-1.616,0.047,0.028,0.003,0.16,4.67,79.27
2,4.384,4.242,6.30,0.031,-0.235,-0.052,-0.148,-1.617,0.051,0.025,0.004,0.15,4.69,79.27
2,4.250,4.311,6.35,0.031,-0.235,-0.050,-0.148,-1.618,0.053,0.024,0.004,0.14,4.70,79.27
2,4.119,4.370,6.40,0.031,-0.235,-0.045,-0.147,-1.619,0.060,0.019,0.005,0.14,4.71,79.28
2,3.989,4.419,6.45,0.031,-0.235,-0.043,-0.146,-1.620,0.063,0.017,0.005,0.15,4.72,79.28
2,3.863,4.458,6.50,0.031,-0.235,-0.039,-0.146,-1.621,0.070,0.013,0.006,0.18,4.73,79.29
2,3.742,4.486,6.55,0.031,-0.235,-0.036,-0.145,-1.621,0.074,0.010,0.007,0.21,4.73,79.29
2,3.624,4.502,6.60,0.031,-0.235,-0.030,-0.145,-1.623,0.083,0.005,0.008,0.27,4.73,79.30
2,3.512,4.508,6.65,0.031,-0.235,-0.028,-0.144,-1.624,0.087,0.003,0.009,0.33,4.73,79.30
2,3.405,4.503,6.70,0.031,-0.235,-0.022,-0.144,-1.625,0.095,-0.002,0.010,0.42,4.74,79.31
2,3.304,4.488,6.75,0.031,-0.235,-0.020,-0.144,-1.626,0.098,-0.004,0.010,0.48,4.74,79.31
2,3.210,4.461,6.80,0.031,-0.235,-0.013,-0.143,-1.628,0.105,-0.009,0.012,0.59,4.74,79.32
2,3.123,4.423,6.85,0.031,-0.235,-0.010,-0.143,-1.628,0.108,-0.012,0.013,0.66,4.74,79.32
2,3.044,4.375,6.90,0.031,-0.235,-0.004,-0.144,-1.630,0.114,-0.017,0.014,0.77,4.74,79.32
2,2.972,4.317,6.95,0.031,-0.235,-0.000,-0.145,-1.630,0.116,-0.019,0.015,0.84,4.74,79.32
2,2.909,4.249,7.00,0.031,-0.235,0.124,-0.202,-1.608,0.084,-0.058,-0.000,2.56,4.17,79.28
2,2.854,4.170,7.05,0.031,-0.235,0.124,-0.202,-1.608,0.084,-0.058,-0.000,2.56,4.17,79.28
2,2.807,4.083,7.10,0.031,-0.235,0.126,-0.203,-1.608,0.081,-0.056,-0.000,2.59,4.16,79.28
2,2.770,3.987,7.15,0.031,-0.235,0.129,-0.205,-1.607,0.073,-0.055,-0.001,2.60,4.15,79.28
2,2.742,3.882,7.20,0.031,-0.235,0.131,-0.206,-1.606,0.069,-0.055,-0.002,2.60,4.15,79.27
2,2.723,3.769,7.25,0.031,-0.235,0.133,-0.208,-1.605,0.062,-0.055,-0.002,2.59,4.15,79.27
2,2.713,3.649,7.30,0.031,-0.235,0.133,-0.208,-1.605,0.059,-0.056,-0.003,2.58,4.15,79.27
2,2.713,3.521,7.35,0.031,-0.235,0.135,-0.209,-1.604,0.054,-0.057,-0.004,2.56,4.14,79.26
2,2.722,3.388,7.40,0.031,-0.235,0.135,-0.210,-1.603,0.051,-0.059,-0.004,2.54,4.12,79.26
2,2.741,3.249,7.45,0.031,-0.235,0.137,-0.211,-1.603,0.047,-0.061,-0.005,2.53,4.11,79.26
2,2.768,3.105,7.50,0.031,-0.235,0.137,-0.211,-1.602,0.045,-0.063,-0.005,2.51,4.09,79.26
2,2.805,2.957,7.55,0.031,-0.235,0.139,-0.212,-1.602,0.043,-0.066,-0.006,2.50,4.07,79.26
2,2.851,2.805,7.60,0.031,-0.235,0.140,-0.213,-1.602,0.042,-0.068,-0.006,2.50,4.04,79.26
2,2.906,2.650,7.65,0.031,-0.235,0.143,-0.215,-1.601,0.041,-0.073,-0.007,2.51,4.02,79.26
2,2.969,2.493,7.70,0.031,-0.235,0.144,-0.216,-1.601,0.040,-0.075,-0.007,2.53,3.99,79.27
2,3.040,2.335,7.75,0.031,-0.235,0.146,-0.218,-1.602,0.040,-0.080,-0.007,2.56,3.95,79.28
2,3.119,2.176,7.80,0.031,-0.235,0.147,-0.220,-1.602,0.039,-0.083,-0.008,2.59,3.91,79.29
2,3.206,2.017,7.85,0.031,-0.235,0.150,-0.224,-1.602,0.038,-0.089,-0.008,2.63,3.86,79.30
2,3.300,1.859,7.90,0.031,-0.235,0.151,-0.227,-1.602,0.037,-0.092,-0.007,2.67,3.81,79.31
2,3.400,1.703,7.95,0.031,-0.235,0.154,-0.232,-1.603,0.036,-0.098,-0.007,2.71,3.75,79.33
2,3.507,1.549,8.00,0.031,-0.235,0.175,-0.343,-1.601,-0.022,-0.078,-0.006,3.34,2.34,79.28
2,3.619,1.399,8.05,0.031,-0.235,0.175,-0.343,-1.601,-0.022,-0.078,-0.006,3.34,2.34,79.28
2,3.736,1.252,8.10,0.031,-0.235,0.173,-0.348,-1.602,-0.027,-0.072,-0.005,3.33,2.31,79.28
2,3.858,1.109,8.15,0.031,-0.235,0.172,-0.350,-1.602,-0.029,-0.069,-0.005,3.33,2.29,79.29
2,3.983,0.972,8.20,0.031,-0.235,0.169,-0.354,-1.602,-0.036,-0.061,-0.005,3.33,2.27,79.29
2,4.112,0.841,8.25,0.031,-0.235,0.167,-0.356,-1.602,-0.040,-0.058,-0.005,3.33,2.25,79.30
2,4.244,0.716,8.30,0.031,-0.235,0.164,-0.359,-1.602,-0.047,-0.050,-0.004,3.32,2.24,79.30
2,4.378,0.598,8.35,0.031,-0.235,0.163,-0.361,-1.602,-0.051,-0.046,-0.004,3.31,2.23,79.31
2,4.513,0.488,8.40,0.031,-0.235,0.159,-0.363,-1.601,-0.061,-0.036,-0.004,3.28,2.22,79.31
2,4.650,0.386,8.45,0.031,-0.235,0.157,-0.363,-1.601,-0.065,-0.031,-0.004,3.25,2.22,79.31
2,4.786,0.293,8.50,0.031,-0.235,0.154,-0.364,-1.601,-0.073,-0.022,-0.004,3.20,2.22,79.31
2,4.922,0.208,8.55,0.031,-0.235,0.152,-0.364,-1.601,-0.078,-0.017,-0.004,3.15,2.24,79.31
2,5.057,0.133,8.60,0.031,-0.235,0.148,-0.363,-1.600,-0.087,-0.006,-0.004,3.09,2.26,79.30
2,5.190,0.068,8.65,0.031,-0.235,0.146,-0.363,-1.600,-0.091,-0.002,-0.004,3.02,2.28,79.30
2,5.321,0.014,8.70,0.031,-0.235,0.141,-0.361,-1.600,-0.100,0.007,-0.004,2.94,2.31,79.29
2,5.449,-0.031,8.75,0.031,-0.235,0.139,-0.360,-1.599,-0.104,0.011,-0.004,2.86,2.34,79.29
2,5.573,-0.065,8.80,0.031,-0.235,0.133,-0.357,-1.599,-0.113,0.021,-0.005,2.78,2.38,79.28
2,5.693,-0.088,8.85,0.031,-0.235,0.130,-0.355,-1.599,-0.116,0.025,-0.005,2.69,2.42,79.28
2,5.808,-0.100,8.90,0.031,-0.235,0.123,-0.351,-1.598,-0.124,0.032,-0.006,2.59,2.47,79.27
2,5.918,-0.101,8.95,0.031,-0.235,0.120,-0.348,-1.598,-0.127,0.036,-0.006,2.49,2.51,79.26
2,6.023,-0.091,9.00,0.031,-0.235,-0.028,-0.309,-1.591,-0.102,0.025,-0.014,0.73,2.61,79.42
2,6.120,-0.071,9.05,0.031,-0.235,-0.028,-0.309,-1.591,-0.102,0.025,-0.014,0.73,2.61,79.42
2,6.211,-0.039,9.10,0.031,-0.235,-0.031,-0.309,-1.591,-0.099,0.025,-0.015,0.71,2.59,79.41
2,6.295,0.003,9.15,0.031,-0.235,-0.038,-0.308,-1.591,-0.092,0.024,-0.015,0.69,2.57,79.39
2,6.371,0.055,9.20,0.031,-0.235,-0.041,-0.307,-1.592,-0.089,0.024,-0.015,0.67,2.56,79.38
2,6.440,0.118,9.25,0.031,-0.235,-0.047,-0.306,-1.593,-0.082,0.024,-0.014,0.65,2.54,79.37
2,6.499,0.191,9.30,0.031,-0.235,-0.050,-0.305,-1.593,-0.079,0.024,-0.014,0.63,2.54,79.36
2,6.551,0.273,9.35,0.031,-0.235,-0.056,-0.304,-1.594,-0.071,0.024,-0.014,0.61,2.53,79.35
2,6.593,0.364,9.40,0.031,-0.235,-0.058,-0.304,-1.595,-0.068,0.024,-0.014,0.59,2.53,79.34
2,6.627,0.465,9.45,0.031,-0.235,-0.062,-0.303,-1.596,-0.060,0.024,-0.013,0.58,2.53,79.33
2,6.651,0.573,9.50,0.031,-0.235,-0.064,-0.302,-1.597,-0.057,0.024,-0.013,0.57,2.53,79.32
2,6.666,0.689,9.55,0.031,-0.235,-0.068,-0.301,-1.599,-0.048,0.024,-0.011,0.56,2.53,79.32
2,6.671,0.812,9.60,0.031,-0.235,-0.069,-0.300,-1.600,-0.044,0.024,-0.011,0.55,2.53,79.31
2,6.668,0.942,9.65,0.031,-0.235,-0.071,-0.299,-1.601,-0.036,0.024,-0.009,0.55,2.54,79.31
2,6.654,1.078,9.70,0.031,-0.235,-0.072,-0.298,-1.602,-0.032,0.025,-0.008,0.56,2.54,79.31
2,6.632,1.220,9.75,0.031,-0.235,-0.073,-0.297,-1.603,-0.024,0.025,-0.007,0.57,2.55,79.31
2,6.600,1.366,9.80,0.031,-0.235,-0.073,-0.296,-1.604,-0.020,0.025,-0.006,0.59,2.56,79.31
2,6.559,1.515,9.85,0.031,-0.235,-0.073,-0.295,-1.605,-0.013,0.025,-0.005,0.61,2.57,79.31
2,6.509,1.669,9.90,0.031,-0.235,-0.073,-0.294,-1.605,-0.010,0.025,-0.004,0.63,2.58,79.31
2,6.451,1.824,9.95,0.031,-0.235,-0.073,-0.293,-1.606,-0.003,0.024,-0.003,0.66,2.59,79.30
2,6.384,1.982,10.00,0.031,-0.235,-0.041,-0.293,-1.611,0.033,0.017,0.003,1.10,2.52,79.33
2,6.309,2.141,10.05,0.031,-0.235,-0.041,-0.293,-1.611,0.033,0.017,0.003,1.10,2.52,79.33
2,6.227,2.299,10.10,0.031,-0.235,-0.039,-0.292,-1.611,0.034,0.018,0.003,1.11,2.53,79.33
2,6.137,2.458,10.15,0.031,-0.235,-0.037,-0.292,-1.610,0.034,0.019,0.003,1.13,2.53,79.33
2,6.041,2.615,10.20,0.031,-0.235,-0.035,-0.291,-1.610,0.034,0.022,0.003,1.14,2.52,79.33
2,5.938,2.770,10.25,0.031,-0.235,-0.034,-0.290,-1.610,0.034,0.024,0.003,1.16,2.52,79.33
2,5.829,2.923,10.30,0.031,-0.235,-0.032,-0.289,-1.609,0.034,0.029,0.003,1.17,2.52,79.33
2,5.714,3.072,10.35,0.031,-0.235,-0.031,-0.288,-1.609,0.034,0.032,0.002,1.18,2.53,79.33
2,5.595,3.217,10.40,0.031,-0.235,-0.030,-0.286,-1.608,0.033,0.039,0.001,1.20,2.55,79.33
2,5.472,3.357,10.45,0.031,-0.235,-0.029,-0.285,-1.608,0.033,0.043,0.001,1.20,2.57,79.33
2,5.344,3.492,10.50,0.031,-0.235,-0.028,-0.281,-1.607,0.033,0.050,0.000,1.20,2.61,79.33
2,5.214,3.621,10.55,0.031,-0.235,-0.027,-0.279,-1.607,0.033,0.055,-0.001,1.20,2.66,79.33
2,5.081,3.743,10.60,0.031,-0.235,-0.025,-0.275,-1.606,0.033,0.063,-0.001,1.20,2.71,79.34
2,4.947,3.857,10.65,0.031,-0.235,-0.025,-0.272,-1.606,0.033,0.067,-0.002,1.20,2.78,79.34
2,4.811,3.964,10.70,0.031,-0.235,-0.023,-0.267,-1.605,0.033,0.076,-0.003,1.19,2.85,79.34
2,4.674,4.062,10.75,0.031,-0.235,-0.022,-0.264,-1.605,0.033,0.081,-0.004,1.18,2.93,79.34
2,4.538,4.152,10.80,0.031,-0.235,-0.021,-0.258,-1.604,0.033,0.088,-0.005,1.18,3.02,79.34
2,4.402,4.232,10.85,0.031,-0.235,-0.020,-0.254,-1.604,0.033,0.091,-0.005,1.17,3.10,79.34
2,4.268,4.302,10.90,0.031,-0.235,-0.018,-0.248,-1.603,0.033,0.098,-0.006,1.16,3.20,79.34
2,4.136,4.363,10.95,0.031,-0.235,-0.017,-0.243,-1.602,0.033,0.102,-0.007,1.15,3.30,79.34
2,4.006,4.413,11.00,0.031,-0.235,0.014,-0.117,-1.612,0.032,0.071,-0.008,1.10,4.95,79.25
2,3.880,4.453,11.05,0.031,-0.235,0.014,-0.117,-1.612,0.032,0.071,-0.008,1.10,4.95,79.25
2,3.757,4.483,11.10,0.031,-0.235,0.015,-0.112,-1.613,0.030,0.064,-0.006,1.11,4.97,79.25
2,3.639,4.501,11.15,0.031,-0.235,0.016,-0.110,-1.614,0.029,0.060,-0.005,1.11,4.99,79.25
2,3.526,4.508,11.20,0.031,-0.235,0.017,-0.106,-1.614,0.029,0.052,-0.003,1.10,5.00,79.25
2,3.419,4.505,11.25,0.031,-0.235,0.017,-0.104,-1.614,0.029,0.048,-0.002,1.08,5.01,79.25
2,3.317,4.490,11.30,0.031,-0.235,0.017,-0.100,-1.614,0.030,0.038,-0.001,1.06,5.02,79.26
2,3.222,4.465,11.35,0.031,-0.235,0.017,-0.098,-1.614,0.032,0.032,-0.000,1.03,5.02,79.26
2,3.135,4.429,11.40,0.031,-0.235,0.018,-0.096,-1.614,0.035,0.022,0.000,1.01,5.01,79.26
2,3.054,4.382,11.45,0.031,-0.235,0.018,-0.096,-1.613,0.037,0.016,0.001,1.00,5.00,79.26
2,2.981,4.325,11.50,0.031,-0.235,0.019,-0.095,-1.613,0.042,0.004,0.001,1.00,4.99,79.26
2,2.917,4.258,11.55,0.031,-0.235,0.019,-0.095,-1.612,0.045,-0.004,0.001,1.01,4.96,79.26
2,2.860,4.181,11.60,0.031,-0.235,0.021,-0.097,-1.612,0.052,-0.016,0.001,1.03,4.92,79.26
2,2.813,4.095,11.65,0.031,-0.235,0.022,-0.097,-1.612,0.055,-0.023,0.001,1.07,4.88,79.26
2,2.774,4.000,11.70,0.031,-0.235,0.024,-0.100,-1.611,0.062,-0.035,0.001,1.11,4.83,79.26
2,2.745,3.896,11.75,0.031,-0.235,0.026,-0.102,-1.611,0.067,-0.043,0.001,1.18,4.76,79.27
2,2.725,3.784,11.80,0.031,-0.235,0.029,-0.106,-1.611,0.074,-0.054,0.001,1.24,4.70,79.27
2,2.714,3.665,11.85,0.031,-0.235,0.031,-0.108,-1.611,0.078,-0.060,0.001,1.32,4.63,79.28
2,2.712,3.539,11.90,0.031,-0.235,0.035,-0.113,-1.611,0.085,-0.071,0.001,1.41,4.56,79.29
2,2.720,3.406,11.95,0.031,-0.235,0.038,-0.116,-1.611,0.089,-0.077,0.001,1.51,4.48,79.30
2,2.738,3.268,12.00,0.031,-0.235,0.157,-0.217,-1.616,0.072,-0.099,0.004,3.40,3.39,79.30
2,2.764,3.124,12.05,0.031,-0.235,0.157,-0.217,-1.616,0.072,-0.099,0.004,3.40,3.39,79.30
2,2.800,2.976,12.10,0.031,-0.235,0.159,-0.220,-1.616,0.068,-0.097,0.004,3.43,3.36,79.28
2,2.845,2.825,12.15,0.031,-0.235,0.163,-0.225,-1.616,0.059,-0.093,0.005,3.45,3.34,79.27
2,2.898,2.671,12.20,0.031,-0.235,0.165,-0.227,-1.616,0.055,-0.091,0.005,3.46,3.32,79.25
2,2.960,2.514,12.25,0.031,-0.235,0.168,-0.231,-1.616,0.047,-0.086,0.006,3.48,3.30,79.24
2,3.030,2.356,12.30,0.031,-0.235,0.170,-0.233,-1.616,0.043,-0.084,0.006,3.48,3.28,79.23
2,3.109,2.197,12.35,0.031,-0.235,0.173,-0.237,-1.616,0.034,-0.079,0.006,3.48,3.27,79.23
2,3.194,2.038,12.40,0.031,-0.235,0.174,-0.238,-1.616,0.030,-0.076,0.006,3.48,3.26,79.22
2,3.287,1.880,12.45,0.031,-0.235,0.176,-0.240,-1.617,0.023,-0.071,0.007,3.47,3.25,79.22
2,3.387,1.724,12.50,0.031,-0.235,0.177,-0.242,-1.617,0.020,-0.069,0.007,3.46,3.24,79.22
2,3.492,1.570,12.55,0.031,-0.235,0.179,-0.244,-1.617,0.012,-0.063,0.007,3.45,3.24,79.22
2,3.604,1.418,12.60,0.031,-0.235,0.179,-0.245,-1.616,0.009,-0.061,0.007,3.43,3.24,79.22
2,3.720,1.271,12.65,0.031,-0.235,0.180,-0.247,-1.616,0.003,-0.057,0.007,3.42,3.25,79.23
2,3.841,1.128,12.70,0.031,-0.235,0.180,-0.248,-1.616,-0.001,-0.055,0.007,3.41,3.25,79.23
2,3.966,0.990,12.75,0.031,-0.235,0.180,-0.250,-1.615,-0.007,-0.051,0.007,3.39,3.25,79.24
2,4.095,0.858,12.80,0.031,-0.235,0.180,-0.251,-1.615,-0.010,-0.049,0.007,3.37,3.25,79.25
2,4.227,0.732,12.85,0.031,-0.235,0.179,-0.253,-1.615,-0.015,-0.046,0.007,3.35,3.25,79.26
2,4.360,0.613,12.90,0.031,-0.235,0.179,-0.254,-1.615,-0.017,-0.045,0.007,3.33,3.25,79.27
2,4.496,0.502,12.95,0.031,-0.235,0.178,-0.257,-1.615,-0.022,-0.042,0.007,3.31,3.25,79.28
2,4.632,0.399,13.00,0.031,-0.235,0.140,-0.281,-1.617,-0.059,-0.004,0.012,2.98,3.11,79.33
2,4.768,0.304,13.05,0.031,-0.235,0.140,-0.281,-1.617,-0.059,-0.004,0.012,2.98,3.11,79.33
2,4.904,0.219,13.10,0.031,-0.235,0.136,-0.281,-1.616,-0.059,-0.002,0.011,2.95,3.10,79.32
2,5.039,0.143,13.15,0.031,-0.235,0.134,-0.281,-1.615,-0.059,0.000,0.011,2.94,3.10,79.31
2,5.173,0.076,13.20,0.031,-0.235,0.130,-0.280,-1.614,-0.061,0.004,0.010,2.94,3.10,79.31
2,5.304,0.020,13.25,0.031,-0.235,0.128,-0.280,-1.613,-0.063,0.007,0.009,2.94,3.11,79.30
2,5.432,-0.026,13.30,0.031,-0.235,0.124,-0.279,-1.612,-0.068,0.013,0.008,2.95,3.12,79.29
2,5.557,-0.061,13.35,0.031,-0.235,0.122,-0.278,-1.611,-0.071,0.016,0.007,2.96,3.14,79.28
2,5.678,-0.085,13.40,0.031,-0.235,0.119,-0.277,-1.610,-0.077,0.022,0.006,2.95,3.16,79.27
2,5.794,-0.099,13.45,0.031,-0.235,0.117,-0.276,-1.610,-0.081,0.024,0.006,2.93,3.19,79.26
2,5.904,-0.102,13.50,0.031,-0.235,0.113,-0.275,-1.610,-0.089,0.031,0.004,2.90,3.23,79.25
2,6.009,-0.093,13.55,0.031,-0.235,0.111,-0.274,-1.610,-0.094,0.034,0.004,2.86,3.26,79.25
2,6.108,-0.074,13.60,0.031,-0.235,0.107,-0.271,-1.611,-0.103,0.039,0.004,2.80,3.30,79.25
2,6.200,-0.044,13.65,0.031,-0.235,0.105,-0.270,-1.611,-0.107,0.041,0.004,2.73,3.33,79.25
2,6.285,-0.003,13.70,0.031,-0.235,0.099,-0.268,-1.612,-0.118,0.046,0.004,2.65,3.37,79.25
2,6.362,0.048,13.75,0.031,-0.235,0.096,-0.266,-1.612,-0.123,0.048,0.004,2.56,3.40,79.26
2,6.431,0.109,13.80,0.031,-0.235,0.089,-0.264,-1.612,-0.133,0.052,0.004,2.46,3.44,79.27
2,6.492,0.181,13.85,0.031,-0.235,0.086,-0.263,-1.612,-0.137,0.053,0.005,2.36,3.47,79.28
2,6.545,0.262,13.90,0.031,-0.235,0.077,-0.260,-1.611,-0.147,0.055,0.006,2.24,3.50,79.30
2,6.588,0.352,13.95,0.031,-0.235,0.073,-0.259,-1.610,-0.152,0.056,0.006,2.12,3.52,79.31
2,6.623,0.451,14.00,0.031,-0.235,-0.088,-0.219,-1.603,-0.132,0.025,-0.004,-0.15,3.50,79.39
2,6.648,0.558,14.05,0.031,-0.235,-0.088,-0.219,-1.603,-0.132,0.025,-0.004,-0.15,3.50,79.39
2,6.664,0.673,14.10,0.031,-0.235,-0.092,-0.219,-1.603,-0.126,0.023,-0.004,-0.20,3.49,79.38
2,6.671,0.796,14.15,0.031,-0.235,-0.098,-0.218,-1.603,-0.117,0.021,-0.004,-0.24,3.47,79.38
2,6.669,0.925,14.20,0.031,-0.235,-0.102,-0.218,-1.602,-0.113,0.020,-0.004,-0.26,3.45,79.38
2,6.657,1.060,14.25,0.031,-0.235,-0.108,-0.217,-1.602,-0.103,0.020,-0.004,-0.28,3.43,79.37
2,6.635,1.201,14.30,0.031,-0.235,-0.111,-0.217,-1.602,-0.098,0.020,-0.004,-0.30,3.41,79.36
2,6.605,1.346,14.35,0.031,-0.235,-0.117,-0.216,-1.601,-0.088,0.022,-0.005,-0.31,3.40,79.36
2,6.565,1.496,14.40,0.031,-0.235,-0.119,-0.215,-1.600,-0.083,0.023,-0.005,-0.32,3.39,79.35
2,6.516,1.648,14.45,0.031,-0.235,-0.124,-0.214,-1.599,-0.074,0.025,-0.006,-0.33,3.40,79.34
2,6.459,1.804,14.50,0.031,-0.235,-0.126,-0.214,-1.599,-0.067,0.027,-0.006,-0.33,3.41,79.34
2,6.393,1.961,14.55,0.031,-0.235,-0.129,-0.212,-1.598,-0.058,0.030,-0.008,-0.34,3.42,79.33
2,6.320,2.120,14.60,0.031,-0.235,-0.131,-0.212,-1.598,-0.053,0.032,-0.008,-0.33,3.44,79.32
2,6.238,2.279,14.65,0.031,-0.235,-0.134,-0.210,-1.597,-0.044,0.036,-0.009,-0.33,3.47,79.32
2,6.149,2.437,14.70,0.031,-0.235,-0.135,-0.208,-1.597,-0.039,0.038,-0.010,-0.33,3.50,79.32
2,6.054,2.595,14.75,0.031,-0.235,-0.137,-0.206,-1.597,-0.030,0.042,-0.011,-0.32,3.54,79.31
2,5.951,2.750,14.80,0.031,-0.235,-0.138,-0.204,-1.597,-0.026,0.044,-0.011,-0.31,3.58,79.31
2,5.843,2.903,14.85,0.031,-0.235,-0.139,-0.201,-1.597,-0.018,0.048,-0.012,-0.30,3.63,79.31
2,5.730,3.053,14.90,0.031,-0.235,-0.139,-0.199,-1.597,-0.013,0.050,-0.012,-0.30,3.68,79.31
2,5.611,3.198,14.95,0.031,-0.235,-0.139,-0.195,-1.597,-0.005,0.054,-0.013,-0.29,3.74,79.31
2,5.488,3.339,15.00,0.031,-0.235,-0.144,-0.129,-1.591,0.050,0.038,-0.021,-0.37,4.75,79.30
2,5.361,3.475,15.05,0.031,-0.235,-0.144,-0.129,-1.591,0.050,0.038,-0.021,-0.37,4.75,79.30
2,5.231,3.604,15.10,0.031,-0.235,-0.144,-0.128,-1.591,0.052,0.035,-0.021,-0.37,4.76,79.29
2,5.099,3.727,15.15,0.031,-0.235,-0.143,-0.126,-1.591,0.056,0.031,-0.021,-0.38,4.77,79.29
2,4.964,3.842,15.20,0.031,-0.235,-0.142,-0.125,-1.591,0.058,0.029,-0.021,-0.39,4.78,79.28
2,4.829,3.950,15.25,0.031,-0.235,-0.140,-0.122,-1.591,0.064,0.024,-0.021,-0.40,4.78,79.28
2,4.692,4.050,15.30,0.031,-0.235,-0.139,-0.121,-1.591,0.068,0.021,-0.021,-0.41,4.78,79.28
2,4.556,4.140,15.35,0.031,-0.235,-0.136,-0.119,-1.591,0.077,0.017,-0.021,-0.42,4.79,79.29
2,4.420,4.222,15.40,0.031,-0.235,-0.135,-0.118,-1.591,0.081,0.014,-0.021,-0.41,4.79,79.29
2,4.286,4.294,15.45,0.031,-0.235,-0.131,-0.116,-1.591,0.092,0.009,-0.021,-0.38,4.80,79.30
2,4.153,4.356,15.50,0.031,-0.235,-0.128,-0.115,-1.591,0.098,0.006,-0.021,-0.35,4.81,79.31
2,4.023,4.407,15.55,0.031,-0.235,-0.123,-0.114,-1.591,0.109,0.000,-0.021,-0.30,4.81,79.31
2,3.896,4.449,15.60,0.031,-0.235,-0.120,-0.114,-1.591,0.114,-0.002,-0.021,-0.24,4.82,79.32
2,3.773,4.479,15.65,0.031,-0.235,-0.113,-0.113,-1.591,0.126,-0.009,-0.021,-0.15,4.83,79.32
2,3.655,4.499,15.70,0.031,-0.235,-0.109,-0.113,-1.591,0.131,-0.012,-0.021,-0.06,4.83,79.32
2,3.541,4.508,15.75,0.031,-0.235,-0.102,-0.113,-1.592,0.140,-0.018,-0.020,0.04,4.83,79.32
2,3.433,4.506,15.80,0.031,-0.235,-0.098,-0.114,-1.592,0.145,-0.021,-0.020,0.15,4.83,79.32
2,3.330,4.493,15.85,0.031,-0.235,-0.090,-0.115,-1.592,0.154,-0.027,-0.020,0.25,4.82,79.32
2,3.235,4.469,15.90,0.031,-0.235,-0.085,-0.115,-1.593,0.158,-0.031,-0.020,0.34,4.82,79.32
2,3.146,4.434,15.95,0.031,-0.235,-0.075,-0.116,-1.593,0.166,-0.036,-0.019,0.48,4.81,79.32
2,3.064,4.389,16.00,0.031,-0.235,0.093,-0.170,-1.607,0.118,-0.076,-0.005,2.49,4.39,79.27
2,2.990,4.333,16.05,0.031,-0.235,0.093,-0.170,-1.607,0.118,-0.076,-0.005,2.49,4.39,79.27
2,2.925,4.267,16.10,0.031,-0.235,0.099,-0.174,-1.608,0.108,-0.074,-0.004,2.51,4.37,79.27
2,2.867,4.192,16.15,0.031,-0.235,0.102,-0.176,-1.609,0.104,-0.074,-0.003,2.53,4.35,79.26
2,2.819,4.107,16.20,0.031,-0.235,0.107,-0.180,-1.609,0.096,-0.074,-0.002,2.53,4.33,79.26
2,2.779,4.013,16.25,0.031,-0.235,0.109,-0.181,-1.610,0.093,-0.075,-0.002,2.52,4.32,79.26
2,2.748,3.910,16.30,0.031,-0.235,0.113,-0.186,-1.611,0.085,-0.077,-0.001,2.51,4.30,79.26
2,2.727,3.799,16.35,0.031,-0.235,0.115,-0.188,-1.611,0.082,-0.078,-0.000,2.50,4.28,79.26
2,2.715,3.681,16.40,0.031,-0.235,0.118,-0.193,-1.612,0.076,-0.081,0.000,2.49,4.25,79.26
2,2.712,3.556,16.45,0.031,-0.235,0.119,-0.195,-1.612,0.074,-0.083,0.001,2.48,4.22,79.26
2,2.719,3.424,16.50,0.031,-0.235,0.122,-0.201,-1.613,0.069,-0.088,0.002,2.48,4.18,79.26
2,2.735,3.286,16.55,0.031,-0.235,0.124,-0.204,-1.613,0.068,-0.090,0.003,2.48,4.13,79.26
2,2.760,3.143,16.60,0.031,-0.235,0.126,-0.210,-1.613,0.065,-0.094,0.004,2.49,4.07,79.27
2,2.795,2.996,16.65,0.031,-0.235,0.127,-0.213,-1.613,0.063,-0.096,0.004,2.51,4.01,79.28
2,2.838,2.845,16.70,0.031,-0.235,0.130,-0.220,-1.613,0.061,-0.102,0.005,2.53,3.95,79.29
2,2.891,2.691,16.75,0.031,-0.235,0.132,-0.224,-1.612,0.060,-0.104,0.005,2.56,3.87,79.31
2,2.952,2.535,16.80,0.031,-0.235,0.135,-0.231,-1.612,0.059,-0.108,0.006,2.59,3.80,79.32
2,3.021,2.377,16.85,0.031,-0.235,0.136,-0.235,-1.611,0.058,-0.110,0.006,2.64,3.72,79.34
2,3.098,2.218,16.90,0.031,-0.235,0.140,-0.244,-1.610,0.057,-0.115,0.006,2.68,3.65,79.35
2,3.183,2.059,16.95,0.031,-0.235,0.141,-0.248,-1.610,0.056,-0.116,0.005,2.73,3.56,79.37
2,3.274,1.901,17.00,0.031,-0.235,0.178,-0.350,-1.604,-0.017,-0.049,-0.005,3.40,2.51,79.30
2,3.373,1.744,17.05,0.031,-0.235,0.178,-0.350,-1.604,-0.017,-0.049,-0.005,3.40,2.51,79.30
2,3.478,1.590,17.10,0.031,-0.235,0.177,-0.352,-1.604,-0.020,-0.046,-0.005,3.38,2.50,79.30
2,3.589,1.438,17.15,0.031,-0.235,0.176,-0.354,-1.605,-0.025,-0.040,-0.004,3.38,2.48,79.31
2,3.705,1.290,17.20,0.031,-0.235,0.176,-0.354,-1.605,-0.028,-0.037,-0.004,3.38,2.48,79.31
2,3.825,1.146,17.25,0.031,-0.235,0.175,-0.356,-1.606,-0.034,-0.031,-0.003,3.38,2.47,79.32
2,3.950,1.008,17.30,0.031,-0.235,0.175,-0.356,-1.606,-0.037,-0.028,-0.003,3.38,2.47,79.32
2,4.078,0.875,17.35,0.031,-0.235,0.174,-0.357,-1.607,-0.045,-0.021,-0.001,3.38,2.47,79.32
2,4.209,0.748,17.40,0.031,-0.235,0.173,-0.357,-1.607,-0.050,-0.018,-0.001,3.38,2.48,79.32
2,4.343,0.629,17.45,0.031,-0.235,0.171,-0.357,-1.607,-0.058,-0.012,-0.000,3.36,2.49,79.32
2,4.478,0.516,17.50,0.031,-0.235,0.169,-0.357,-1.608,-0.063,-0.009,0.000,3.33,2.49,79.32
2,4.614,0.412,17.55,0.031,-0.235,0.166,-0.357,-1.608,-0.073,-0.002,0.001,3.30,2.51,79.32
2,4.750,0.316,17.60,0.031,-0.235,0.164,-0.356,-1.608,-0.078,0.001,0.001,3.25,2.52,79.32
2,4.886,0.230,17.65,0.031,-0.235,0.159,-0.355,-1.609,-0.088,0.006,0.002,3.20,2.54,79.32
2,5.022,0.152,17.70,0.031,-0.235,0.157,-0.355,-1.609,-0.092,0.009,0.002,3.13,2.55,79.32
2,5.155,0.085,17.75,0.031,-0.235,0.150,-0.353,-1.610,-0.103,0.014,0.003,3.06,2.56,79.32
2,5.287,0.027,17.80,0.031,-0.235,0.147,-0.352,-1.610,-0.108,0.016,0.004,2.97,2.58,79.32
2,5.416,-0.020,17.85,0.031,-0.235,0.139,-0.350,-1.610,-0.117,0.020,0.004,2.88,2.59,79.32
2,5.541,-0.057,17.90,0.031,-0.235,0.136,-0.350,-1.611,-0.121,0.022,0.004,2.77,2.61,79.33
2,5.662,-0.083,17.95,0.031,-0.235,0.126,-0.348,-1.612,-0.129,0.025,0.005,2.67,2.62,79.34
2,5.779,-0.098,18.00,0.031,-0.235,-0.017,-0.327,-1.609,-0.103,0.031,0.006,0.97,2.44,79.38
2,5.890,-0.102,18.05,0.031,-0.235,-0.017,-0.327,-1.609,-0.103,0.031,0.006,0.97,2.44,79.38
2,5.996,-0.095,18.10,0.031,-0.235,-0.020,-0.326,-1.609,-0.100,0.031,0.005,0.94,2.43,79.37
2,6.095,-0.077,18.15,0.031,-0.235,-0.027,-0.323,-1.610,-0.092,0.033,0.005,0.92,2.42,79.36
2,6.188,-0.049,18.20,0.031,-0.235,-0.030,-0.322,-1.610,-0.089,0.035,0.005,0.90,2.42,79.35
2,6.274,-0.009,18.25,0.031,-0.235,-0.035,-0.319,-1.610,-0.082,0.039,0.005,0.89,2.42,79.34
2,6.352,0.041,18.30,0.031,-0.235,-0.037,-0.317,-1.610,-0.079,0.042,0.005,0.88,2.43,79.33
2,6.422,0.101,18.35,0.031,-0.235,-0.042,-0.314,-1.609,-0.072,0.048,0.004,0.88,2.45,79.32
2,6.485,0.171,18.40,0.031,-0.235,-0.043,-0.312,-1.609,-0.070,0.051,0.004,0.88,2.47,79.31
2,6.538,0.250,18.45,0.031,-0.235,-0.047,-0.308,-1.609,-0.065,0.058,0.004,0.88,2.51,79.30
2,6.583,0.339,18.50,0.031,-0.235,-0.048,-0.306,-1.609,-0.062,0.061,0.003,0.88,2.56,79.30
2,6.619,0.437,18.55,0.031,-0.235,-0.051,-0.301,-1.609,-0.058,0.068,0.003,0.87,2.61,79.29
2,6.645,0.544,18.60,0.031,-0.235,-0.052,-0.299,-1.609,-0.056,0.072,0.002,0.87,2.67,79.29
2,6.663,0.658,18.65,0.031,-0.235,-0.054,-0.294,-1.609,-0.053,0.078,0.002,0.86,2.74,79.28
2,6.671,0.779,18.70,0.031,-0.235,-0.055,-0.291,-1.610,-0.052,0.082,0.002,0.85,2.80,79.28
2,6.669,0.907,18.75,0.031,-0.235,-0.058,-0.285,-1.610,-0.050,0.088,0.002,0.83,2.88,79.29
2,6.659,1.042,18.80,0.031,-0.235,-0.059,-0.282,-1.610,-0.050,0.091,0.002,0.81,2.95,79.29
2,6.639,1.182,18.85,0.031,-0.235,-0.062,-0.276,-1.611,-0.049,0.096,0.001,0.79,3.03,79.30
2,6.609,1.327,18.90,0.031,-0.235,-0.064,-0.273,-1.611,-0.049,0.098,0.001,0.75,3.11,79.30
2,6.571,1.476,18.95,0.031,-0.235,-0.067,-0.266,-1.610,-0.050,0.103,0.002,0.71,3.19,79.31
2,6.523,1.628,19.00,0.031,-0.235,-0.096,-0.165,-1.606,-0.025,0.069,-0.005,-0.16,4.29,79.27
2,6.467,1.783,19.05,0.031,-0.235,-0.096,-0.165,-1.606,-0.025,0.069,-0.005,-0.16,4.29,79.27
2,6.403,1.940,19.10,0.031,-0.235,-0.096,-0.162,-1.606,-0.023,0.063,-0.004,-0.17,4.30,79.27
2,6.330,2.099,19.15,0.031,-0.235,-0.097,-0.160,-1.607,-0.022,0.060,-0.004,-0.19,4.31,79.27
2,6.249,2.258,19.20,0.031,-0.235,-0.097,-0.157,-1.607,-0.019,0.055,-0.004,-0.20,4.31,79.27
2,6.162,2.416,19.25,0.031,-0.235,-0.098,-0.156,-1.607,-0.018,0.053,-0.004,-0.23,4.31,79.28
2,6.067,2.574,19.30,0.031,-0.235,-0.098,-0.153,-1.608,-0.014,0.049,-0.004,-0.25,4.31,79.28
2,5.965,2.730,19.35,0.031,-0.235,-0.098,-0.152,-1.608,-0.010,0.047,-0.004,-0.27,4.30,79.28
2,5.858,2.883,19.40,0.031,-0.235,-0.097,-0.150,-1.608,-0.004,0.043,-0.004,-0.28,4.31,79.29
2,5.745,3.033,19.45,0.031,-0.235,-0.096,-0.149,-1.609,-0.001,0.041,-0.004,-0.29,4.31,79.30
2,5.627,3.179,19.50,0.031,-0.235,-0.094,-0.148,-1.609,0.006,0.038,-0.003,-0.29,4.31,79.30
2,5.504,3.321,19.55,0.031,-0.235,-0.093,-0.147,-1.609,0.010,0.037,-0.003,-0.28,4.32,79.31
2,5.378,3.457,19.60,0.031,-0.235,-0.090,-0.146,-1.609,0.018,0.034,-0.003,-0.26,4.33,79.32
2,5.249,3.587,19.65,0.031,-0.235,-0.089,-0.145,-1.610,0.021,0.033,-0.003,-0.22,4.34,79.33
2,5.116,3.711,19.70,0.031,-0.235,-0.086,-0.144,-1.610,0.029,0.030,-0.002,-0.19,4.35,79.34
2,4.982,3.828,19.75,0.031,-0.235,-0.083,-0.144,-1.610,0.033,0.029,-0.002,-0.14,4.36,79.34
2,4.847,3.937,19.80,0.031,-0.235,-0.080,-0.143,-1.610,0.040,0.026,-0.002,-0.10,4.38,79.35
2,4.710,4.037,19.85,0.031,-0.235,-0.078,-0.143,-1.610,0.043,0.025,-0.002,-0.04,4.39,79.35
2,4.574,4.129,19.90,0.031,-0.235,-0.073,-0.143,-1.610,0.049,0.022,-0.002,0.01,4.41,79.34
2,4.438,4.212,19.95,0.031,-0.235,-0.071,-0.144,-1.610,0.052,0.021,-0.002,0.07,4.42,79.34
3,1.412,-1.216,0.00,0.031,-0.235,-0.176,-0.404,-1.602,-0.019,-0.145,-0.003,-1.55,0.39,79.42
3,1.401,-1.208,0.05,0.031,-0.235,-0.176,-0.404,-1.602,-0.019,-0.145,-0.003,-1.55,0.39,79.42
3,1.389,-1.200,0.10,0.031,-0.235,-0.176,-0.412,-1.602,-0.008,-0.132,-0.002,-1.51,0.35,79.41
3,1.377,-1.190,0.15,0.031,-0.235,-0.176,-0.415,-1.603,-0.003,-0.126,-0.002,-1.46,0.32,79.40
3,1.365,-1.180,0.20,0.031,-0.235,-0.174,-0.420,-1.603,0.007,-0.114,-0.002,-1.42,0.30,79.39
3,1.352,-1.169,0.25,0.031,-0.235,-0.173,-0.423,-1.604,0.011,-0.108,-0.001,-1.37,0.28,79.38
3,1.338,-1.158,0.30,0.031,-0.235,-0.171,-0.428,-1.605,0.021,-0.096,-0.001,-1.33,0.28,79.37
3,1.324,-1.145,0.35,0.031,-0.235,-0.170,-0.430,-1.605,0.025,-0.090,-0.000,-1.28,0.28,79.36
3,1.309,-1.132,0.40,0.031,-0.235,-0.166,-0.434,-1.607,0.033,-0.079,0.000,-1.24,0.29,79.35
3,1.294,-1.118,0.45,0.031,-0.235,-0.165,-0.435,-1.607,0.036,-0.074,0.001,-1.19,0.30,79.35
3,1.279,-1.104,0.50,0.031,-0.235,-0.160,-0.438,-1.609,0.044,-0.062,0.002,-1.14,0.32,79.35
3,1.263,-1.088,0.55,0.031,-0.235,-0.158,-0.438,-1.609,0.047,-0.057,0.002,-1.09,0.34,79.34
3,1.247,-1.073,0.60,0.031,-0.235,-0.153,-0.440,-1.610,0.053,-0.047,0.004,-1.04,0.36,79.34
3,1.230,-1.056,0.65,0.031,-0.235,-0.150,-0.440,-1.610,0.056,-0.042,0.004,-0.99,0.39,79.34
3,1.214,-1.039,0.70,0.031,-0.235,-0.144,-0.441,-1.611,0.060,-0.032,0.005,-0.94,0.42,79.34
3,1.196,-1.022,0.75,0.031,-0.235,-0.141,-0.440,-1.611,0.062,-0.027,0.005,-0.89,0.46,79.35
3,1.179,-1.003,0.80,0.031,-0.235,-0.136,-0.440,-1.611,0.065,-0.019,0.006,-0.85,0.49,79.35
3,1.161,-0.985,0.85,0.031,-0.235,-0.133,-0.440,-1.611,0.066,-0.015,0.006,-0.80,0.53,79.36
3,1.143,-0.966,0.90,0.031,-0.235,-0.127,-0.439,-1.612,0.068,-0.007,0.006,-0.76,0.56,79.37
3,1.125,-0.946,0.95,0.031,-0.235,-0.125,-0.438,-1.612,0.068,-0.004,0.007,-0.72,0.60,79.37
3,1.106,-0.926,1.00,0.031,-0.235,-0.065,-0.409,-1.620,0.034,0.036,0.014,-0.53,0.87,79.33
3,1.088,-0.905,1.05,0.031,-0.235,-0.065,-0.409,-1.620,0.034,0.036,0.014,-0.53,0.87,79.33
3,1.069,-0.884,1.10,0.031,-0.235,-0.063,-0.406,-1.619,0.033,0.036,0.014,-0.53,0.87,79.32
3,1.050,-0.863,1.15,0.031,-0.235,-0.062,-0.405,-1.619,0.032,0.037,0.014,-0.54,0.87,79.32
3,1.031,-0.841,1.20,0.031,-0.235,-0.060,-0.403,-1.618,0.030,0.037,0.014,-0.55,0.87,79.31
3,1.012,-0.819,1.25,0.031,-0.235,-0.060,-0.401,-1.618,0.030,0.038,0.014,-0.55,0.88,79.30
3,0.993,-0.797,1.30,0.031,-0.235,-0.059,-0.398,-1.617,0.028,0.038,0.013,-0.56,0.88,79.30
3,0.974,-0.775,1.35,0.031,-0.235,-0.059,-0.397,-1.616,0.027,0.038,0.013,-0.57,0.89,79.31
3,0.954,-0.752,1.40,0.031,-0.235,-0.060,-0.394,-1.616,0.025,0.038,0.012,-0.58,0.89,79.32
3,0.935,-0.729,1.45,0.031,-0.235,-0.061,-0.393,-1.615,0.024,0.037,0.011,-0.60,0.89,79.33
3,0.916,-0.706,1.50,0.031,-0.235,-0.062,-0.390,-1.614,0.021,0.037,0.011,-0.62,0.89,79.34
3,0.897,-0.683,1.55,0.031,-0.235,-0.064,-0.389,-1.614,0.020,0.037,0.010,-0.64,0.89,79.36
3,0.878,-0.660,1.60,0.031,-0.235,-0.066,-0.386,-1.613,0.018,0.036,0.009,-0.66,0.89,79.37
3,0.860,-0.636,1.65,0.031,-0.235,-0.067,-0.384,-1.613,0.017,0.036,0.009,-0.69,0.89,79.39
3,0.841,-0.613,1.70,0.031,-0.235,-0.070,-0.380,-1.612,0.016,0.036,0.008,-0.73,0.88,79.40
3,0.822,-0.590,1.75,0.031,-0.235,-0.071,-0.378,-1.612,0.016,0.036,0.007,-0.76,0.88,79.40
3,0.804,-0.566,1.80,0.031,-0.235,-0.072,-0.375,-1.612,0.017,0.036,0.006,-0.80,0.88,79.41
3,0.786,-0.543,1.85,0.031,-0.235,-0.073,-0.373,-1.612,0.017,0.036,0.006,-0.83,0.89,79.40
3,0.768,-0.520,1.90,0.031,-0.235,-0.074,-0.369,-1.612,0.019,0.036,0.005,-0.85,0.90,79.40
3,0.751,-0.497,1.95,0.031,-0.235,-0.074,-0.367,-1.612,0.020,0.035,0.005,-0.87,0.90,79.39
3,0.734,-0.474,2.00,0.031,-0.235,-0.021,-0.345,-1.610,0.050,0.009,0.004,-0.30,0.79,79.33
3,0.717,-0.451,2.05,0.031,-0.235,-0.021,-0.345,-1.610,0.050,0.009,0.004,-0.30,0.79,79.33
3,0.700,-0.428,2.10,0.031,-0.235,-0.017,-0.344,-1.609,0.048,0.010,0.003,-0.27,0.79,79.33
3,0.684,-0.406,2.15,0.031,-0.235,-0.015,-0.344,-1.609,0.047,0.010,0.003,-0.25,0.79,79.34
3,0.668,-0.384,2.20,0.031,-0.235,-0.012,-0.344,-1.609,0.045,0.009,0.002,-0.23,0.79,79.34
3,0.653,-0.362,2.25,0.031,-0.235,-0.010,-0.344,-1.609,0.044,0.009,0.002,-0.21,0.78,79.34
3,0.638,-0.341,2.30,0.031,-0.235,-0.008,-0.344,-1.610,0.041,0.009,0.001,-0.20,0.78,79.34
3,0.624,-0.320,2.35,0.031,-0.235,-0.006,-0.345,-1.610,0.040,0.009,0.001,-0.20,0.77,79.34
3,0.610,-0.299,2.40,0.031,-0.235,-0.004,-0.345,-1.610,0.037,0.008,0.002,-0.19,0.76,79.34
3,0.596,-0.279,2.45,0.031,-0.235,-0.003,-0.345,-1.610,0.036,0.007,0.002,-0.19,0.75,79.34
3,0.583,-0.259,2.50,0.031,-0.235,-0.001,-0.346,-1.611,0.034,0.006,0.002,-0.19,0.74,79.34
3,0.570,-0.240,2.55,0.031,-0.235,-0.000,-0.346,-1.611,0.033,0.006,0.002,-0.19,0.72,79.34
3,0.558,-0.221,2.60,0.031,-0.235,0.002,-0.347,-1.612,0.031,0.005,0.002,-0.19,0.70,79.34
3,0.547,-0.202,2.65,0.031,-0.235,0.003,-0.348,-1.612,0.031,0.004,0.002,-0.18,0.68,79.34
3,0.536,-0.185,2.70,0.031,-0.235,0.005,-0.349,-1.613,0.030,0.003,0.003,-0.18,0.66,79.35
3,0.526,-0.167,2.75,0.031,-0.235,0.006,-0.350,-1.613,0.029,0.003,0.003,-0.18,0.64,79.35
3,0.516,-0.151,2.80,0.031,-0.235,0.008,-0.351,-1.613,0.028,0.003,0.004,-0.17,0.61,79.35
3,0.507,-0.135,2.85,0.031,-0.235,0.010,-0.352,-1.614,0.027,0.003,0.004,-0.16,0.59,79.35
3,0.499,-0.119,2.90,0.031,-0.235,0.012,-0.353,-1.614,0.026,0.003,0.005,-0.15,0.57,79.35
3,0.491,-0.104,2.95,0.031,-0.235,0.013,-0.353,-1.613,0.026,0.003,0.005,-0.13,0.55,79.35
3,0.484,-0.090,3.00,0.031,-0.235,0.023,-0.361,-1.603,0.004,0.023,-0.004,-0.09,0.35,79.34
3,0.477,-0.077,3.05,0.031,-0.235,0.023,-0.361,-1.603,0.004,0.023,-0.004,-0.09,0.35,79.34
3,0.471,-0.064,3.10,0.031,-0.235,0.022,-0.361,-1.602,0.003,0.024,-0.005,-0.09,0.34,79.34
3,0.466,-0.052,3.15,0.031,-0.235,0.022,-0.361,-1.602,0.002,0.025,-0.005,-0.10,0.34,79.33
3,0.462,-0.041,3.20,0.031,-0.235,0.022,-0.361,-1.602,0.001,0.026,-0.005,-0.11,0.33,79.33
3,0.458,-0.030,3.25,0.031,-0.235,0.021,-0.361,-1.602,0.001,0.027,-0.005,-0.12,0.33,79.33
3,0.455,-0.021,3.30,0.031,-0.235,0.021,-0.360,-1.602,0.001,0.029,-0.006,-0.12,0.33,79.33
3,0.452,-0.012,3.35,0.031,-0.235,0.021,-0.360,-1.602,0.001,0.030,-0.006,-0.13,0.33,79.33
3,0.450,-0.004,3.40,0.031,-0.235,0.021,-0.359,-1.602,0.001,0.032,-0.006,-0.13,0.33,79.33
3,0.449,0.004,3.45,0.031,-0.235,0.021,-0.359,-1.602,0.001,0.033,-0.006,-0.14,0.33,79.32
3,0.449,0.010,3.50,0.031,-0.235,0.021,-0.357,-1.603,0.002,0.035,-0.006,-0.14,0.33,79.32
3,0.449,0.016,3.55,0.031,-0.235,0.021,-0.357,-1.603,0.002,0.035,-0.006,-0.15,0.34,79.32
3,0.450,0.021,3.60,0.031,-0.235,0.021,-0.355,-1.604,0.003,0.037,-0.006,-0.14,0.35,79.32
3,0.452,0.025,3.65,0.031,-0.235,0.022,-0.354,-1.604,0.003,0.038,-0.006,-0.14,0.36,79.32
3,0.454,0.028,3.70,0.031,-0.235,0.022,-0.352,-1.605,0.004,0.040,-0.005,-0.14,0.37,79.31
3,0.457,0.031,3.75,0.031,-0.235,0.023,-0.351,-1.606,0.004,0.040,-0.005,-0.13,0.39,79.31
3,0.461,0.032,3.80,0.031,-0.235,0.024,-0.349,-1.606,0.005,0.042,-0.005,-0.13,0.40,79.31
3,0.466,0.033,3.85,0.031,-0.235,0.024,-0.348,-1.607,0.006,0.042,-0.004,-0.12,0.41,79.31
3,0.471,0.032,3.90,0.031,-0.235,0.026,-0.346,-1.608,0.007,0.043,-0.003,-0.11,0.43,79.31
3,0.477,0.031,3.95,0.031,-0.235,0.026,-0.345,-1.608,0.007,0.043,-0.003,-0.10,0.45,79.31
3,0.483,0.029,4.00,0.031,-0.235,0.029,-0.326,-1.618,-0.007,0.038,0.010,-0.08,0.44,79.33
3,0.490,0.027,4.05,0.031,-0.235,0.029,-0.326,-1.618,-0.007,0.038,0.010,-0.08,0.44,79.33
3,0.498,0.023,4.10,0.031,-0.235,0.028,-0.325,-1.618,-0.007,0.038,0.010,-0.10,0.44,79.33
3,0.507,0.019,4.15,0.031,-0.235,0.027,-0.323,-1.618,-0.007,0.038,0.010,-0.11,0.44,79.32
3,0.516,0.013,4.20,0.031,-0.235,0.027,-0.322,-1.618,-0.007,0.038,0.010,-0.13,0.45,79.32
3,0.525,0.007,4.25,0.031,-0.235,0.026,-0.320,-1.619,-0.006,0.038,0.010,-0.14,0.45,79.32
3,0.536,0.000,4.30,0.031,-0.235,0.025,-0.318,-1.618,-0.006,0.038,0.010,-0.16,0.46,79.32
3,0.546,-0.007,4.35,0.031,-0.235,0.024,-0.316,-1.618,-0.005,0.037,0.010,-0.17,0.47,79.32
3,0.558,-0.016,4.40,0.031,-0.235,0.024,-0.315,-1.618,-0.004,0.037,0.010,-0.18,0.47,79.32
3,0.570,-0.025,4.45,0.031,-0.235,0.023,-0.313,-1.618,-0.001,0.036,0.010,-0.19,0.48,79.32
3,0.582,-0.035,4.50,0.031,-0.235,0.023,-0.313,-1.618,-0.000,0.035,0.010,-0.20,0.48,79.32
3,0.595,-0.046,4.55,0.031,-0.235,0.023,-0.311,-1.617,0.002,0.034,0.010,-0.20,0.49,79.32
3,0.609,-0.058,4.60,0.031,-0.235,0.023,-0.310,-1.617,0.004,0.034,0.010,-0.19,0.49,79.32
3,0.623,-0.070,4.65,0.031,-0.235,0.023,-0.308,-1.617,0.007,0.032,0.010,-0.19,0.50,79.32
3,0.637,-0.083,4.70,0.031,-0.235,0.024,-0.307,-1.616,0.009,0.031,0.009,-0.17,0.50,79.32
3,0.652,-0.097,4.75,0.031,-0.235,0.026,-0.305,-1.616,0.012,0.030,0.009,-0.16,0.50,79.33
3,0.668,-0.111,4.80,0.031,-0.235,0.026,-0.305,-1.616,0.014,0.029,0.009,-0.13,0.50,79.33
3,0.683,-0.127,4.85,0.031,-0.235,0.029,-0.303,-1.615,0.017,0.028,0.008,-0.11,0.51,79.33
3,0.699,-0.142,4.90,0.031,-0.235,0.030,-0.302,-1.615,0.019,0.027,0.008,-0.08,0.51,79.33
3,0.716,-0.159,4.95,0.031,-0.235,0.033,-0.299,-1.615,0.022,0.026,0.007,-0.04,0.52,79.33
3,0.733,-0.176,5.00,0.031,-0.235,0.084,-0.276,-1.620,0.003,0.000,0.009,0.53,0.59,79.33
3,0.750,-0.193,5.05,0.031,-0.235,0.084,-0.276,-1.620,0.003,0.000,0.009,0.53,0.59,79.33
3,0.767,-0.211,5.10,0.031,-0.235,0.085,-0.276,-1.621,0.000,-0.002,0.010,0.53,0.57,79.33
3,0.785,-0.230,5.15,0.031,-0.235,0.086,-0.276,-1.621,-0.001,-0.003,0.011,0.54,0.55,79.33
3,0.803,-0.249,5.20,0.031,-0.235,0.087,-0.277,-1.622,-0.004,-0.004,0.011,0.54,0.54,79.33
3,0.821,-0.269,5.25,0.031,-0.235,0.087,-0.277,-1.622,-0.006,-0.004,0.012,0.54,0.51,79.34
3,0.840,-0.289,5.30,0.031,-0.235,0.088,-0.277,-1.622,-0.009,-0.005,0.012,0.54,0.50,79.34
3,0.858,-0.309,5.35,0.031,-0.235,0.088,-0.278,-1.623,-0.010,-0.005,0.013,0.54,0.48,79.34
3,0.877,-0.330,5.40,0.031,-0.235,0.088,-0.279,-1.623,-0.014,-0.005,0.013,0.54,0.47,79.35
3,0.896,-0.351,5.45,0.031,-0.235,0.088,-0.279,-1.623,-0.015,-0.005,0.014,0.54,0.45,79.35
3,0.915,-0.373,5.50,0.031,-0.235,0.088,-0.280,-1.623,-0.018,-0.005,0.014,0.53,0.44,79.35
3,0.934,-0.395,5.55,0.031,-0.235,0.087,-0.281,-1.623,-0.020,-0.005,0.014,0.53,0.42,79.35
3,0.953,-0.417,5.60,0.031,-0.235,0.085,-0.281,-1.623,-0.024,-0.004,0.015,0.51,0.41,79.35
3,0.972,-0.439,5.65,0.031,-0.235,0.084,-0.282,-1.623,-0.026,-0.004,0.015,0.50,0.39,79.34
3,0.992,-0.462,5.70,0.031,-0.235,0.082,-0.282,-1.623,-0.030,-0.003,0.015,0.48,0.38,79.33
3,1.011,-0.485,5.75,0.031,-0.235,0.080,-0.282,-1.622,-0.031,-0.002,0.015,0.46,0.37,79.33
3,1.030,-0.508,5.80,0.031,-0.235,0.077,-0.282,-1.621,-0.035,-0.000,0.015,0.43,0.36,79.32
3,1.049,-0.531,5.85,0.031,-0.235,0.075,-0.282,-1.621,-0.036,0.000,0.015,0.39,0.35,79.31
3,1.068,-0.554,5.90,0.031,-0.235,0.072,-0.281,-1.620,-0.039,0.002,0.014,0.36,0.34,79.31
3,1.087,-0.578,5.95,0.031,-0.235,0.070,-0.281,-1.619,-0.040,0.004,0.014,0.32,0.34,79.30
3,1.105,-0.601,6.00,0.031,-0.235,0.028,-0.258,-1.614,-0.011,0.015,0.004,-0.07,0.53,79.34
3,1.124,-0.624,6.05,0.031,-0.235,0.028,-0.258,-1.614,-0.011,0.015,0.004,-0.07,0.53,79.34
3,1.142,-0.648,6.10,0.031,-0.235,0.028,-0.257,-1.615,-0.010,0.015,0.004,-0.05,0.54,79.34
3,1.160,-0.671,6.15,0.031,-0.235,0.028,-0.255,-1.615,-0.009,0.015,0.005,-0.04,0.55,79.34
3,1.178,-0.694,6.20,0.031,-0.235,0.027,-0.254,-1.615,-0.008,0.015,0.005,-0.03,0.56,79.34
3,1.195,-0.717,6.25,0.031,-0.235,0.027,-0.253,-1.615,-0.007,0.015,0.006,-0.01,0.58,79.34
3,1.213,-0.740,6.30,0.031,-0.235,0.027,-0.252,-1.615,-0.006,0.015,0.006,-0.00,0.59,79.34
3,1.230,-0.763,6.35,0.031,-0.235,0.026,-0.251,-1.616,-0.006,0.015,0.006,0.01,0.60,79.34
3,1.246,-0.786,6.40,0.031,-0.235,0.026,-0.250,-1.616,-0.005,0.015,0.006,0.01,0.61,79.33
3,1.262,-0.808,6.45,0.031,-0.235,0.026,-0.249,-1.616,-0.005,0.015,0.006,0.02,0.62,79.33
3,1.278,-0.830,6.50,0.031,-0.235,0.026,-0.248,-1.616,-0.005,0.015,0.006,0.02,0.63,79.33
3,1.294,-0.852,6.55,0.031,-0.235,0.026,-0.247,-1.617,-0.005,0.015,0.007,0.02,0.64,79.33
3,1.309,-0.873,6.60,0.031,-0.235,0.026,-0.246,-1.617,-0.005,0.015,0.007,0.02,0.65,79.32
3,1.323,-0.895,6.65,0.031,-0.235,0.026,-0.244,-1.617,-0.005,0.015,0.007,0.02,0.66,79.32
3,1.337,-0.915,6.70,0.031,-0.235,0.027,-0.244,-1.617,-0.005,0.015,0.007,0.02,0.67,79.32
3,1.351,-0.936,6.75,0.031,-0.235,0.027,-0.242,-1.618,-0.005,0.016,0.008,0.02,0.68,79.32
3,1.364,-0.955,6.80,0.031,-0.235,0.027,-0.241,-1.618,-0.005,0.016,0.008,0.02,0.69,79.32
3,1.377,-0.975,6.85,0.031,-0.235,0.027,-0.239,-1.618,-0.006,0.016,0.008,0.02,0.70,79.32
3,1.389,-0.994,6.90,0.031,-0.235,0.027,-0.238,-1.617,-0.006,0.016,0.009,0.02,0.71,79.32
3,1.400,-1.012,6.95,0.031,-0.235,0.026,-0.237,-1.617,-0.008,0.016,0.009,0.01,0.73,79.32
3,1.411,-1.030,7.00,0.031,-0.235,0.015,-0.236,-1.608,-0.006,0.001,-0.004,-0.24,0.68,79.33
3,1.421,-1.047,7.05,0.031,-0.235,0.015,-0.236,-1.608,-0.006,0.001,-0.004,-0.24,0.68,79.33
3,1.431,-1.064,7.10,0.031,-0.235,0.015,-0.237,-1.608,-0.005,0.001,-0.004,-0.23,0.68,79.33
3,1.440,-1.080,7.15,0.031,-0.235,0.015,-0.237,-1.609,-0.004,0.001,-0.002,-0.21,0.67,79.33
3,1.449,-1.096,7.20,0.031,-0.235,0.016,-0.237,-1.609,-0.004,0.001,-0.002,-0.20,0.67,79.33
3,1.457,-1.111,7.25,0.031,-0.235,0.016,-0.238,-1.609,-0.004,0.002,-0.001,-0.19,0.67,79.33
3,1.464,-1.125,7.30,0.031,-0.235,0.016,-0.238,-1.609,-0.004,0.002,-0.000,-0.18,0.67,79.33
3,1.471,-1.138,7.35,0.031,-0.235,0.016,-0.238,-1.608,-0.004,0.003,0.000,-0.17,0.67,79.33
3,1.477,-1.151,7.40,0.031,-0.235,0.016,-0.239,-1.608,-0.005,0.004,0.000,-0.16,0.67,79.33
3,1.482,-1.163,7.45,0.031,-0.235,0.016,-0.239,-1.607,-0.005,0.005,0.000,-0.16,0.67,79.33
3,1.486,-1.175,7.50,0.031,-0.235,0.017,-0.239,-1.607,-0.006,0.005,0.000,-0.16,0.67,79.33
3,1.490,-1.185,7.55,0.031,-0.235,0.017,-0.240,-1.607,-0.006,0.007,-0.000,-0.16,0.67,79.32
3,1.494,-1.195,7.60,0.031,-0.235,0.017,-0.240,-1.607,-0.007,0.008,-0.001,-0.16,0.68,79.32
3,1.496,-1.204,7.65,0.031,-0.235,0.017,-0.240,-1.606,-0.008,0.009,-0.002,-0.17,0.68,79.32
3,1.498,-1.212,7.70,0.031,-0.235,0.017,-0.240,-1.607,-0.008,0.010,-0.002,-0.18,0.69,79.32
3,1.499,-1.220,7.75,0.031,-0.235,0.017,-0.239,-1.607,-0.009,0.012,-0.002,-0.18,0.70,79.32
3,1.500,-1.226,7.80,0.031,-0.235,0.017,-0.239,-1.607,-0.010,0.012,-0.002,-0.19,0.71,79.32
3,1.499,-1.232,7.85,0.031,-0.235,0.016,-0.238,-1.608,-0.012,0.014,-0.002,-0.20,0.72,79.32
3,1.498,-1.237,7.90,0.031,-0.235,0.016,-0.238,-1.608,-0.013,0.015,-0.002,-0.22,0.73,79.32
3,1.497,-1.241,7.95,0.031,-0.235,0.014,-0.237,-1.608,-0.015,0.016,-0.002,-0.23,0.74,79.31
3,1.494,-1.245,8.00,0.031,-0.235,-0.004,-0.227,-1.614,-0.005,0.011,0.005,-0.58,0.84,79.32
3,1.491,-1.247,8.05,0.031,-0.235,-0.004,-0.227,-1.614,-0.005,0.011,0.005,-0.58,0.84,79.32
3,1.488,-1.249,8.10,0.031,-0.235,-0.003,-0.226,-1.614,-0.004,0.011,0.005,-0.57,0.84,79.32
3,1.483,-1.250,8.15,0.031,-0.235,-0.003,-0.225,-1.613,-0.003,0.011,0.005,-0.56,0.85,79.32
3,1.478,-1.249,8.20,0.031,-0.235,-0.003,-0.223,-1.613,-0.002,0.012,0.005,-0.56,0.85,79.32
3,1.473,-1.248,8.25,0.031,-0.235,-0.002,-0.223,-1.612,-0.001,0.012,0.005,-0.55,0.87,79.32
3,1.466,-1.247,8.30,0.031,-0.235,-0.001,-0.221,-1.612,-0.001,0.012,0.005,-0.55,0.88,79.32
3,1.459,-1.244,8.35,0.031,-0.235,-0.001,-0.221,-1.612,-0.000,0.012,0.005,-0.55,0.89,79.32
3,1.451,-1.241,8.40,0.031,-0.235,0.000,-0.219,-1.611,0.001,0.012,0.004,-0.54,0.91,79.32
3,1.443,-1.236,8.45,0.031,-0.235,0.000,-0.219,-1.611,0.001,0.011,0.004,-0.54,0.92,79.32
3,1.434,-1.231,8.50,0.031,-0.235,0.001,-0.217,-1.611,0.001,0.011,0.003,-0.53,0.93,79.32
3,1.424,-1.225,8.55,0.031,-0.235,0.001,-0.217,-1.610,0.001,0.011,0.003,-0.53,0.94,79.31
3,1.414,-1.218,8.60,0.031,-0.235,0.001,-0.215,-1.611,-0.000,0.010,0.003,-0.53,0.95,79.32
3,1.404,-1.211,8.65,0.031,-0.235,0.001,-0.215,-1.611,-0.000,0.009,0.002,-0.54,0.96,79.31
3,1.392,-1.202,8.70,0.031,-0.235,0.000,-0.213,-1.611,-0.001,0.009,0.002,-0.54,0.97,79.31
3,1.380,-1.193,8.75,0.031,-0.235,0.000,-0.213,-1.611,-0.001,0.008,0.002,-0.55,0.97,79.31
3,1.368,-1.183,8.80,0.031,-0.235,0.000,-0.212,-1.612,-0.002,0.006,0.002,-0.55,0.98,79.31
3,1.355,-1.172,8.85,0.031,-0.235,0.000,-0.212,-1.613,-0.002,0.006,0.002,-0.57,0.98,79.31
3,1.342,-1.161,8.90,0.031,-0.235,0.000,-0.211,-1.614,-0.001,0.005,0.003,-0.57,0.98,79.31
3,1.328,-1.148,8.95,0.031,-0.235,0.000,-0.210,-1.614,-0.001,0.004,0.003,-0.58,0.98,79.31
3,1.313,-1.135,9.00,0.031,-0.235,0.011,-0.185,-1.614,0.003,-0.012,0.007,-0.56,1.19,79.32
3,1.298,-1.122,9.05,0.031,-0.235,0.011,-0.185,-1.614,0.003,-0.012,0.007,-0.56,1.19,79.32
3,1.283,-1.107,9.10,0.031,-0.235,0.011,-0.185,-1.613,0.002,-0.013,0.007,-0.56,1.18,79.32
3,1.267,-1.092,9.15,0.031,-0.235,0.012,-0.186,-1.612,0.002,-0.016,0.006,-0.56,1.18,79.32
3,1.251,-1.077,9.20,0.031,-0.235,0.012,-0.186,-1.612,0.002,-0.017,0.006,-0.56,1.17,79.32
3,1.235,-1.060,9.25,0.031,-0.235,0.012,-0.187,-1.611,0.001,-0.019,0.005,-0.56,1.16,79.32
3,1.218,-1.044,9.30,0.031,-0.235,0.012,-0.188,-1.611,0.001,-0.020,0.004,-0.56,1.14,79.32
3,1.201,-1.026,9.35,0.031,-0.235,0.013,-0.190,-1.610,0.001,-0.023,0.003,-0.56,1.13,79.32
3,1.183,-1.008,9.40,0.031,-0.235,0.013,-0.191,-1.609,0.000,-0.024,0.003,-0.56,1.11,79.32
3,1.166,-0.990,9.45,0.031,-0.235,0.013,-0.193,-1.609,-0.000,-0.026,0.002,-0.56,1.09,79.32
3,1.148,-0.970,9.50,0.031,-0.235,0.013,-0.194,-1.608,-0.000,-0.028,0.001,-0.56,1.06,79.32
3,1.129,-0.951,9.55,0.031,-0.235,0.013,-0.197,-1.608,-0.001,-0.030,0.000,-0.56,1.04,79.31
3,1.111,-0.931,9.60,0.031,-0.235,0.013,-0.199,-1.608,-0.001,-0.030,0.000,-0.56,1.01,79.31
3,1.092,-0.910,9.65,0.031,-0.235,0.013,-0.202,-1.608,-0.001,-0.032,-0.000,-0.56,0.98,79.31
3,1.074,-0.890,9.70,0.031,-0.235,0.013,-0.203,-1.608,-0.001,-0.032,-0.000,-0.55,0.96,79.31
3,1.055,-0.868,9.75,0.031,-0.235,0.013,-0.206,-1.608,-0.002,-0.033,-0.001,-0.55,0.93,79.31
3,1.036,-0.847,9.80,0.031,-0.235,0.013,-0.208,-1.608,-0.002,-0.034,-0.001,-0.55,0.90,79.31
3,1.017,-0.825,9.85,0.031,-0.235,0.013,-0.211,-1.609,-0.002,-0.034,-0.001,-0.55,0.87,79.31
3,0.998,-0.803,9.90,0.031,-0.235,0.013,-0.213,-1.609,-0.002,-0.034,-0.000,-0.55,0.84,79.31
3,0.978,-0.781,9.95,0.031,-0.235,0.012,-0.216,-1.609,-0.003,-0.033,-0.000,-0.55,0.82,79.31
3,0.959,-0.758,10.00,0.031,-0.235,0.022,-0.229,-1.606,0.003,0.004,-0.003,-0.57,0.87,79.32
3,0.940,-0.735,10.05,0.031,-0.235,0.022,-0.229,-1.606,0.003,0.004,-0.003,-0.57,0.87,79.32
3,0.921,-0.712,10.10,0.031,-0.235,0.024,-0.228,-1.606,0.005,0.005,-0.003,-0.56,0.90,79.32
3,0.902,-0.689,10.15,0.031,-0.235,0.026,-0.227,-1.606,0.005,0.005,-0.003,-0.54,0.91,79.32
3,0.883,-0.666,10.20,0.031,-0.235,0.028,-0.226,-1.606,0.006,0.006,-0.003,-0.52,0.93,79.32
3,0.864,-0.642,10.25,0.031,-0.235,0.030,-0.226,-1.606,0.006,0.007,-0.003,-0.50,0.94,79.32
3,0.846,-0.619,10.30,0.031,-0.235,0.032,-0.224,-1.606,0.006,0.007,-0.003,-0.48,0.97,79.32
3,0.827,-0.596,10.35,0.031,-0.235,0.033,-0.223,-1.606,0.006,0.008,-0.003,-0.46,0.98,79.32
3,0.809,-0.572,10.40,0.031,-0.235,0.035,-0.222,-1.606,0.006,0.008,-0.003,-0.44,1.00,79.32
3,0.791,-0.549,10.45,0.031,-0.235,0.036,-0.222,-1.607,0.005,0.008,-0.003,-0.43,1.02,79.32
3,0.773,-0.526,10.50,0.031,-0.235,0.037,-0.221,-1.607,0.004,0.007,-0.003,-0.41,1.04,79.32
3,0.755,-0.503,10.55,0.031,-0.235,0.038,-0.221,-1.607,0.004,0.006,-0.003,-0.40,1.05,79.32
3,0.738,-0.480,10.60,0.031,-0.235,0.039,-0.221,-1.608,0.002,0.005,-0.002,-0.39,1.06,79.32
3,0.721,-0.457,10.65,0.031,-0.235,0.040,-0.221,-1.608,0.001,0.004,-0.002,-0.39,1.06,79.32
3,0.705,-0.434,10.70,0.031,-0.235,0.040,-0.222,-1.608,-0.000,0.003,-0.002,-0.38,1.06,79.32
3,0.688,-0.412,10.75,0.031,-0.235,0.041,-0.222,-1.609,-0.001,0.001,-0.002,-0.38,1.06,79.32
3,0.672,-0.390,10.80,0.031,-0.235,0.042,-0.223,-1.610,-0.003,-0.000,-0.002,-0.39,1.05,79.32
3,0.657,-0.368,10.85,0.031,-0.235,0.042,-0.224,-1.610,-0.003,-0.001,-0.001,-0.39,1.04,79.32
3,0.642,-0.346,10.90,0.031,-0.235,0.043,-0.225,-1.611,-0.004,-0.003,0.000,-0.39,1.03,79.32
3,0.627,-0.325,10.95,0.031,-0.235,0.043,-0.226,-1.612,-0.005,-0.004,0.001,-0.39,1.01,79.32
3,0.613,-0.304,11.00,0.031,-0.235,0.011,-0.259,-1.612,-0.011,0.007,0.003,-0.73,0.62,79.33
3,0.599,-0.284,11.05,0.031,-0.235,0.011,-0.259,-1.612,-0.011,0.007,0.003,-0.73,0.62,79.33
3,0.586,-0.264,11.10,0.031,-0.235,0.010,-0.259,-1.612,-0.010,0.008,0.003,-0.72,0.63,79.32
3,0.574,-0.244,11.15,0.031,-0.235,0.009,-0.259,-1.612,-0.006,0.011,0.004,-0.72,0.64,79.32
3,0.561,-0.225,11.20,0.031,-0.235,0.009,-0.259,-1.612,-0.004,0.012,0.004,-0.72,0.65,79.31
3,0.550,-0.207,11.25,0.031,-0.235,0.009,-0.258,-1.612,-0.001,0.013,0.004,-0.72,0.66,79.31
3,0.539,-0.189,11.30,0.031,-0.235,0.009,-0.258,-1.612,0.001,0.014,0.003,-0.72,0.68,79.30
3,0.528,-0.172,11.35,0.031,-0.235,0.010,-0.257,-1.612,0.006,0.014,0.003,-0.71,0.70,79.30
3,0.519,-0.155,11.40,0.031,-0.235,0.011,-0.256,-1.612,0.008,0.015,0.003,-0.71,0.72,79.29
3,0.509,-0.139,11.45,0.031,-0.235,0.012,-0.255,-1.612,0.013,0.015,0.003,-0.69,0.73,79.29
3,0.501,-0.123,11.50,0.031,-0.235,0.013,-0.254,-1.612,0.015,0.015,0.003,-0.67,0.75,79.29
3,0.493,-0.108,11.55,0.031,-0.235,0.015,-0.253,-1.612,0.020,0.014,0.003,-0.64,0.76,79.28
3,0.485,-0.094,11.60,0.031,-0.235,0.016,-0.252,-1.612,0.022,0.014,0.003,-0.61,0.78,79.28
3,0.479,-0.080,11.65,0.031,-0.235,0.018,-0.251,-1.613,0.026,0.013,0.003,-0.58,0.80,79.29
3,0.473,-0.067,11.70,0.031,-0.235,0.018,-0.250,-1.613,0.027,0.012,0.003,-0.54,0.81,79.29
3,0.467,-0.055,11.75,0.031,-0.235,0.020,-0.249,-1.613,0.030,0.011,0.004,-0.50,0.82,79.30
3,0.463,-0.044,11.80,0.031,-0.235,0.021,-0.248,-1.614,0.031,0.010,0.004,-0.47,0.83,79.31
3,0.459,-0.033,11.85,0.031,-0.235,0.023,-0.247,-1.614,0.032,0.009,0.005,-0.44,0.84,79.31
3,0.455,-0.023,11.90,0.031,-0.235,0.023,-0.246,-1.614,0.033,0.008,0.005,-0.41,0.84,79.32
3,0.453,-0.014,11.95,0.031,-0.235,0.025,-0.245,-1.614,0.034,0.006,0.005,-0.38,0.85,79.33
3,0.451,-0.006,12.00,0.031,-0.235,0.052,-0.258,-1.610,0.029,-0.026,0.004,0.03,0.49,79.32
3,0.449,0.002,12.05,0.031,-0.235,0.052,-0.258,-1.610,0.029,-0.026,0.004,0.03,0.49,79.32
3,0.449,0.009,12.10,0.031,-0.235,0.055,-0.259,-1.610,0.029,-0.025,0.003,0.05,0.48,79.32
3,0.449,0.015,12.15,0.031,-0.235,0.057,-0.260,-1.610,0.029,-0.025,0.003,0.08,0.46,79.33
3,0.450,0.020,12.20,0.031,-0.235,0.060,-0.261,-1.610,0.029,-0.024,0.002,0.10,0.45,79.33
3,0.451,0.024,12.25,0.031,-0.235,0.062,-0.261,-1.611,0.028,-0.023,0.002,0.13,0.44,79.33
3,0.454,0.027,12.30,0.031,-0.235,0.065,-0.263,-1.611,0.027,-0.021,0.002,0.15,0.44,79.33
3,0.457,0.030,12.35,0.031,-0.235,0.067,-0.263,-1.611,0.027,-0.021,0.002,0.18,0.44,79.33
3,0.460,0.032,12.40,0.031,-0.235,0.071,-0.264,-1.612,0.027,-0.019,0.002,0.20,0.43,79.33
3,0.465,0.033,12.45,0.031,-0.235,0.073,-0.264,-1.613,0.027,-0.019,0.002,0.22,0.44,79.34
3,0.470,0.033,12.50,0.031,-0.235,0.078,-0.265,-1.613,0.026,-0.018,0.003,0.25,0.43,79.34
3,0.475,0.032,12.55,0.031,-0.235,0.080,-0.266,-1.614,0.026,-0.017,0.003,0.28,0.43,79.34
3,0.482,0.030,12.60,0.031,-0.235,0.084,-0.266,-1.615,0.024,-0.016,0.003,0.30,0.43,79.34
3,0.489,0.028,12.65,0.031,-0.235,0.085,-0.267,-1.615,0.024,-0.016,0.004,0.34,0.44,79.34
3,0.496,0.024,12.70,0.031,-0.235,0.089,-0.268,-1.616,0.022,-0.015,0.005,0.36,0.44,79.34
3,0.504,0.020,12.75,0.031,-0.235,0.090,-0.268,-1.617,0.021,-0.014,0.005,0.40,0.44,79.34
3,0.513,0.015,12.80,0.031,-0.235,0.093,-0.268,-1.618,0.018,-0.013,0.006,0.42,0.44,79.34
3,0.523,0.009,12.85,0.031,-0.235,0.094,-0.269,-1.618,0.017,-0.013,0.007,0.44,0.44,79.33
3,0.533,0.002,12.90,0.031,-0.235,0.096,-0.269,-1.618,0.013,-0.012,0.008,0.46,0.44,79.33
3,0.544,-0.005,12.95,0.031,-0.235,0.097,-0.270,-1.618,0.011,-0.011,0.009,0.48,0.44,79.33
3,0.555,-0.014,13.00,0.031,-0.235,0.090,-0.286,-1.612,-0.024,0.001,0.003,0.31,0.26,79.33
3,0.567,-0.023,13.05,0.031,-0.235,0.090,-0.286,-1.612,-0.024,0.001,0.003,0.31,0.26,79.33
3,0.579,-0.033,13.10,0.031,-0.235,0.088,-0.288,-1.612,-0.025,0.002,0.003,0.31,0.26,79.34
3,0.592,-0.043,13.15,0.031,-0.235,0.088,-0.288,-1.613,-0.025,0.002,0.003,0.31,0.25,79.34
3,0.605,-0.055,13.20,0.031,-0.235,0.087,-0.290,-1.613,-0.025,0.003,0.003,0.31,0.24,79.35
3,0.619,-0.067,13.25,0.031,-0.235,0.086,-0.291,-1.614,-0.026,0.004,0.003,0.31,0.23,79.35
3,0.634,-0.080,13.30,0.031,-0.235,0.085,-0.291,-1.614,-0.026,0.005,0.004,0.30,0.22,79.35
3,0.648,-0.093,13.35,0.031,-0.235,0.085,-0.291,-1.614,-0.026,0.006,0.004,0.30,0.21,79.35
3,0.664,-0.108,13.40,0.031,-0.235,0.084,-0.291,-1.615,-0.026,0.008,0.004,0.30,0.20,79.35
3,0.679,-0.123,13.45,0.031,-0.235,0.082,-0.291,-1.616,-0.026,0.010,0.005,0.30,0.20,79.34
3,0.695,-0.138,13.50,0.031,-0.235,0.082,-0.291,-1.616,-0.026,0.011,0.005,0.29,0.20,79.34
3,0.712,-0.154,13.55,0.031,-0.235,0.081,-0.290,-1.616,-0.026,0.013,0.006,0.29,0.20,79.33
3,0.728,-0.171,13.60,0.031,-0.235,0.080,-0.289,-1.616,-0.026,0.014,0.007,0.28,0.21,79.33
3,0.746,-0.189,13.65,0.031,-0.235,0.078,-0.288,-1.616,-0.026,0.017,0.007,0.28,0.22,79.32
3,0.763,-0.207,13.70,0.031,-0.235,0.077,-0.287,-1.616,-0.026,0.018,0.008,0.27,0.23,79.32
3,0.781,-0.225,13.75,0.031,-0.235,0.076,-0.285,-1.615,-0.026,0.021,0.008,0.26,0.25,79.31
3,0.799,-0.244,13.80,0.031,-0.235,0.075,-0.284,-1.615,-0.026,0.022,0.008,0.26,0.26,79.31
3,0.817,-0.263,13.85,0.031,-0.235,0.073,-0.282,-1.614,-0.026,0.024,0.007,0.25,0.28,79.31
3,0.835,-0.283,13.90,0.031,-0.235,0.071,-0.280,-1.613,-0.026,0.025,0.007,0.23,0.30,79.30
3,0.854,-0.304,13.95,0.031,-0.235,0.069,-0.278,-1.612,-0.026,0.026,0.007,0.22,0.33,79.30
3,0.872,-0.325,14.00,0.031,-0.235,0.050,-0.254,-1.614,-0.006,0.007,0.003,0.20,0.49,79.32
3,0.891,-0.346,14.05,0.031,-0.235,0.050,-0.254,-1.614,-0.006,0.007,0.003,0.20,0.49,79.32
3,0.910,-0.367,14.10,0.031,-0.235,0.049,-0.254,-1.614,-0.006,0.007,0.004,0.20,0.48,79.32
3,0.929,-0.389,14.15,0.031,-0.235,0.048,-0.254,-1.614,-0.006,0.006,0.005,0.20,0.47,79.32
3,0.948,-0.411,14.20,0.031,-0.235,0.047,-0.255,-1.614,-0.007,0.005,0.005,0.20,0.46,79.32
3,0.968,-0.434,14.25,0.031,-0.235,0.046,-0.255,-1.614,-0.007,0.004,0.005,0.20,0.45,79.32
3,0.987,-0.456,14.30,0.031,-0.235,0.045,-0.256,-1.614,-0.007,0.003,0.005,0.19,0.44,79.32
3,1.006,-0.479,14.35,0.031,-0.235,0.043,-0.257,-1.614,-0.008,0.003,0.005,0.19,0.42,79.32
3,1.025,-0.502,14.40,0.031,-0.235,0.043,-0.258,-1.614,-0.008,0.002,0.005,0.18,0.40,79.32
3,1.044,-0.525,14.45,0.031,-0.235,0.041,-0.259,-1.615,-0.008,0.002,0.005,0.17,0.39,79.32
3,1.063,-0.548,14.50,0.031,-0.235,0.041,-0.260,-1.615,-0.008,0.002,0.006,0.17,0.37,79.31
3,1.082,-0.572,14.55,0.031,-0.235,0.039,-0.261,-1.615,-0.007,0.003,0.006,0.16,0.35,79.31
3,1.101,-0.595,14.60,0.031,-0.235,0.039,-0.262,-1.615,-0.007,0.003,0.006,0.16,0.34,79.31
3,1.119,-0.618,14.65,0.031,-0.235,0.038,-0.263,-1.616,-0.007,0.004,0.007,0.15,0.33,79.31
3,1.137,-0.642,14.70,0.031,-0.235,0.038,-0.264,-1.616,-0.006,0.005,0.007,0.15,0.32,79.31
3,1.155,-0.665,14.75,0.031,-0.235,0.037,-0.265,-1.616,-0.006,0.007,0.007,0.15,0.31,79.31
3,1.173,-0.688,14.80,0.031,-0.235,0.037,-0.265,-1.616,-0.006,0.008,0.007,0.15,0.31,79.32
3,1.191,-0.711,14.85,0.031,-0.235,0.036,-0.265,-1.616,-0.005,0.010,0.007,0.14,0.31,79.32
3,1.208,-0.734,14.90,0.031,-0.235,0.036,-0.265,-1.616,-0.005,0.011,0.007,0.14,0.31,79.32
3,1.225,-0.757,14.95,0.031,-0.235,0.035,-0.264,-1.617,-0.005,0.014,0.007,0.14,0.32,79.32
3,1.242,-0.780,15.00,0.031,-0.235,0.008,-0.245,-1.614,0.003,0.023,0.008,-0.17,0.56,79.31
3,1.258,-0.802,15.05,0.031,-0.235,0.008,-0.245,-1.614,0.003,0.023,0.008,-0.17,0.56,79.31
3,1.274,-0.825,15.10,0.031,-0.235,0.008,-0.244,-1.614,0.006,0.022,0.007,-0.17,0.57,79.31
3,1.290,-0.846,15.15,0.031,-0.235,0.008,-0.244,-1.614,0.007,0.022,0.007,-0.16,0.57,79.31
3,1.305,-0.868,15.20,0.031,-0.235,0.009,-0.243,-1.614,0.008,0.022,0.006,-0.15,0.58,79.31
3,1.319,-0.889,15.25,0.031,-0.235,0.010,-0.242,-1.614,0.010,0.022,0.006,-0.13,0.59,79.31
3,1.334,-0.910,15.30,0.031,-0.235,0.012,-0.241,-1.614,0.012,0.021,0.006,-0.11,0.60,79.31
3,1.347,-0.930,15.35,0.031,-0.235,0.013,-0.240,-1.614,0.012,0.021,0.005,-0.10,0.60,79.31
3,1.361,-0.950,15.40,0.031,-0.235,0.014,-0.240,-1.614,0.013,0.021,0.005,-0.08,0.61,79.31
3,1.373,-0.970,15.45,0.031,-0.235,0.016,-0.238,-1.614,0.014,0.022,0.005,-0.06,0.63,79.31
3,1.386,-0.989,15.50,0.031,-0.235,0.018,-0.237,-1.614,0.014,0.022,0.005,-0.03,0.64,79.31
3,1.397,-1.008,15.55,0.031,-0.235,0.018,-0.236,-1.614,0.013,0.022,0.006,-0.02,0.65,79.32
3,1.408,-1.026,15.60,0.031,-0.235,0.020,-0.234,-1.614,0.012,0.023,0.006,0.00,0.67,79.32
3,1.419,-1.043,15.65,0.031,-0.235,0.020,-0.233,-1.613,0.012,0.023,0.006,0.01,0.68,79.32
3,1.429,-1.060,15.70,0.031,-0.235,0.022,-0.231,-1.613,0.010,0.024,0.005,0.02,0.70,79.32
3,1.438,-1.076,15.75,0.031,-0.235,0.023,-0.230,-1.613,0.009,0.024,0.005,0.02,0.72,79.32
3,1.447,-1.092,15.80,0.031,-0.235,0.024,-0.228,-1.613,0.008,0.025,0.005,0.02,0.74,79.32
3,1.455,-1.107,15.85,0.031,-0.235,0.025,-0.227,-1.613,0.007,0.025,0.005,0.02,0.75,79.33
3,1.462,-1.121,15.90,0.031,-0.235,0.026,-0.225,-1.613,0.005,0.025,0.004,0.01,0.78,79.33
3,1.469,-1.135,15.95,0.031,-0.235,0.026,-0.224,-1.613,0.004,0.025,0.005,0.01,0.79,79.33
3,1.475,-1.148,16.00,0.031,-0.235,-0.003,-0.201,-1.612,-0.014,0.005,0.006,-0.50,0.89,79.31
3,1.481,-1.160,16.05,0.031,-0.235,-0.003,-0.201,-1.612,-0.014,0.005,0.006,-0.50,0.89,79.31
3,1.485,-1.172,16.10,0.031,-0.235,-0.005,-0.199,-1.611,-0.012,0.005,0.005,-0.52,0.90,79.30
3,1.489,-1.183,16.15,0.031,-0.235,-0.005,-0.198,-1.610,-0.011,0.004,0.004,-0.53,0.90,79.31
3,1.493,-1.193,16.20,0.031,-0.235,-0.006,-0.197,-1.609,-0.008,0.003,0.003,-0.54,0.91,79.31
3,1.496,-1.202,16.25,0.031,-0.235,-0.007,-0.196,-1.609,-0.007,0.003,0.002,-0.54,0.92,79.31
3,1.498,-1.210,16.30,0.031,-0.235,-0.007,-0.194,-1.608,-0.005,0.002,0.001,-0.55,0.92,79.31
3,1.499,-1.218,16.35,0.031,-0.235,-0.008,-0.194,-1.608,-0.004,0.002,0.001,-0.55,0.93,79.31
3,1.500,-1.225,16.40,0.031,-0.235,-0.008,-0.192,-1.607,-0.002,0.000,-0.000,-0.55,0.94,79.31
3,1.500,-1.231,16.45,0.031,-0.235,-0.008,-0.192,-1.607,-0.001,-0.000,-0.000,-0.55,0.95,79.31
3,1.499,-1.236,16.50,0.031,-0.235,-0.008,-0.191,-1.606,0.001,-0.002,-0.002,-0.54,0.96,79.31
3,1.497,-1.240,16.55,0.031,-0.235,-0.008,-0.190,-1.606,0.002,-0.003,-0.002,-0.54,0.97,79.32
3,1.495,-1.244,16.60,0.031,-0.235,-0.009,-0.190,-1.607,0.004,-0.005,-0.002,-0.54,0.97,79.32
3,1.492,-1.247,16.65,0.031,-0.235,-0.009,-0.190,-1.607,0.005,-0.006,-0.003,-0.53,0.97,79.32
3,1.489,-1.248,16.70,0.031,-0.235,-0.009,-0.190,-1.607,0.006,-0.008,-0.003,-0.53,0.98,79.32
3,1.485,-1.249,16.75,0.031,-0.235,-0.009,-0.190,-1.608,0.007,-0.009,-0.003,-0.52,0.98,79.32
3,1.480,-1.250,16.80,0.031,-0.235,-0.009,-0.190,-1.608,0.008,-0.011,-0.003,-0.51,0.97,79.32
3,1.474,-1.249,16.85,0.031,-0.235,-0.009,-0.190,-1.609,0.008,-0.012,-0.003,-0.51,0.96,79.32
3,1.468,-1.247,16.90,0.031,-0.235,-0.008,-0.190,-1.609,0.010,-0.014,-0.002,-0.50,0.96,79.32
3,1.461,-1.245,16.95,0.031,-0.235,-0.008,-0.191,-1.610,0.011,-0.015,-0.002,-0.50,0.95,79.32
3,1.453,-1.241,17.00,0.031,-0.235,0.008,-0.218,-1.619,0.011,-0.027,0.011,-0.33,0.76,79.29
3,1.445,-1.237,17.05,0.031,-0.235,0.008,-0.218,-1.619,0.011,-0.027,0.011,-0.33,0.76,79.29
3,1.436,-1.232,17.10,0.031,-0.235,0.008,-0.220,-1.618,0.011,-0.027,0.011,-0.33,0.73,79.29
3,1.427,-1.227,17.15,0.031,-0.235,0.008,-0.223,-1.618,0.010,-0.027,0.011,-0.32,0.70,79.29
3,1.417,-1.220,17.20,0.031,-0.235,0.008,-0.225,-1.617,0.010,-0.026,0.011,-0.32,0.67,79.29
3,1.406,-1.213,17.25,0.031,-0.235,0.008,-0.229,-1.616,0.008,-0.025,0.010,-0.32,0.65,79.29
3,1.395,-1.204,17.30,0.031,-0.235,0.008,-0.230,-1.616,0.007,-0.025,0.010,-0.31,0.62,79.29
3,1.383,-1.195,17.35,0.031,-0.235,0.008,-0.233,-1.616,0.006,-0.023,0.009,-0.31,0.60,79.29
3,1.371,-1.186,17.40,0.031,-0.235,0.008,-0.235,-1.615,0.005,-0.021,0.009,-0.31,0.58,79.29
3,1.358,-1.175,17.45,0.031,-0.235,0.008,-0.237,-1.615,0.003,-0.018,0.008,-0.32,0.56,79.29
3,1.345,-1.164,17.50,0.031,-0.235,0.007,-0.238,-1.615,0.002,-0.016,0.008,-0.32,0.55,79.30
3,1.331,-1.152,17.55,0.031,-0.235,0.007,-0.239,-1.615,0.001,-0.012,0.007,-0.33,0.54,79.30
3,1.317,-1.139,17.60,0.031,-0.235,0.007,-0.240,-1.615,0.000,-0.011,0.007,-0.35,0.54,79.30
3,1.302,-1.125,17.65,0.031,-0.235,0.007,-0.241,-1.615,-0.001,-0.007,0.007,-0.36,0.54,79.31
3,1.287,-1.111,17.70,0.031,-0.235,0.007,-0.242,-1.615,-0.002,-0.005,0.007,-0.38,0.55,79.31
3,1.271,-1.096,17.75,0.031,-0.235,0.006,-0.241,-1.615,-0.003,-0.000,0.007,-0.39,0.55,79.31
3,1.255,-1.081,17.80,0.031,-0.235,0.006,-0.241,-1.615,-0.003,0.002,0.007,-0.41,0.57,79.32
3,1.239,-1.065,17.85,0.031,-0.235,0.006,-0.240,-1.614,-0.004,0.006,0.007,-0.42,0.58,79.32
3,1.222,-1.048,17.90,0.031,-0.235,0.006,-0.240,-1.614,-0.004,0.008,0.006,-0.44,0.60,79.32
3,1.205,-1.031,17.95,0.031,-0.235,0.006,-0.239,-1.613,-0.004,0.011,0.006,-0.46,0.63,79.32
3,1.188,-1.013,18.00,0.031,-0.235,0.003,-0.220,-1.615,-0.009,0.015,0.006,-0.68,0.95,79.33
3,1.170,-0.994,18.05,0.031,-0.235,0.003,-0.220,-1.615,-0.009,0.015,0.006,-0.68,0.95,79.33
3,1.152,-0.975,18.10,0.031,-0.235,0.003,-0.219,-1.615,-0.010,0.015,0.006,-0.69,0.95,79.33
3,1.134,-0.956,18.15,0.031,-0.235,0.002,-0.219,-1.615,-0.010,0.014,0.006,-0.70,0.96,79.33
3,1.116,-0.936,18.20,0.031,-0.235,0.002,-0.218,-1.614,-0.009,0.013,0.006,-0.72,0.96,79.33
3,1.097,-0.916,18.25,0.031,-0.235,0.002,-0.218,-1.614,-0.009,0.012,0.006,-0.73,0.96,79.33
3,1.078,-0.895,18.30,0.031,-0.235,0.002,-0.217,-1.614,-0.008,0.011,0.006,-0.75,0.97,79.33
3,1.060,-0.874,18.35,0.031,-0.235,0.002,-0.217,-1.613,-0.007,0.010,0.006,-0.75,0.97,79.33
3,1.041,-0.852,18.40,0.031,-0.235,0.002,-0.216,-1.612,-0.005,0.009,0.005,-0.76,0.97,79.33
3,1.022,-0.831,18.45,0.031,-0.235,0.002,-0.216,-1.612,-0.004,0.007,0.005,-0.77,0.97,79.32
3,1.003,-0.809,18.50,0.031,-0.235,0.003,-0.215,-1.611,-0.002,0.006,0.005,-0.76,0.97,79.32
3,0.983,-0.786,18.55,0.031,-0.235,0.004,-0.215,-1.610,-0.002,0.005,0.004,-0.76,0.97,79.32
3,0.964,-0.764,18.60,0.031,-0.235,0.005,-0.214,-1.609,0.001,0.003,0.003,-0.75,0.96,79.32
3,0.945,-0.741,18.65,0.031,-0.235,0.006,-0.214,-1.609,0.002,0.002,0.003,-0.74,0.96,79.32
3,0.926,-0.718,18.70,0.031,-0.235,0.008,-0.213,-1.608,0.004,0.001,0.002,-0.73,0.96,79.31
3,0.907,-0.695,18.75,0.031,-0.235,0.010,-0.213,-1.608,0.005,-0.000,0.002,-0.71,0.96,79.31
3,0.888,-0.672,18.80,0.031,-0.235,0.012,-0.213,-1.607,0.007,-0.002,0.001,-0.68,0.96,79.31
3,0.869,-0.648,18.85,0.031,-0.235,0.013,-0.212,-1.607,0.008,-0.003,0.001,-0.66,0.95,79.31
3,0.850,-0.625,18.90,0.031,-0.235,0.016,-0.212,-1.607,0.009,-0.005,0.000,-0.64,0.95,79.31
3,0.832,-0.602,18.95,0.031,-0.235,0.017,-0.212,-1.606,0.010,-0.006,-0.000,-0.61,0.95,79.31
3,0.814,-0.578,19.00,0.031,-0.235,0.027,-0.226,-1.616,-0.008,-0.022,0.006,-0.49,0.71,79.32
3,0.795,-0.555,19.05,0.031,-0.235,0.027,-0.226,-1.616,-0.008,-0.022,0.006,-0.49,0.71,79.32
3,0.777,-0.532,19.10,0.031,-0.235,0.025,-0.227,-1.616,-0.009,-0.021,0.007,-0.50,0.70,79.32
3,0.760,-0.508,19.15,0.031,-0.235,0.024,-0.228,-1.616,-0.010,-0.021,0.007,-0.52,0.69,79.31
3,0.743,-0.485,19.20,0.031,-0.235,0.022,-0.228,-1.616,-0.011,-0.020,0.007,-0.53,0.67,79.31
3,0.725,-0.463,19.25,0.031,-0.235,0.021,-0.229,-1.616,-0.012,-0.019,0.007,-0.55,0.66,79.31
3,0.709,-0.440,19.30,0.031,-0.235,0.019,-0.229,-1.617,-0.013,-0.018,0.007,-0.57,0.65,79.31
3,0.692,-0.417,19.35,0.031,-0.235,0.018,-0.229,-1.617,-0.013,-0.017,0.007,-0.59,0.65,79.30
3,0.676,-0.395,19.40,0.031,-0.235,0.016,-0.228,-1.618,-0.013,-0.015,0.008,-0.62,0.65,79.30
3,0.661,-0.373,19.45,0.031,-0.235,0.014,-0.228,-1.618,-0.013,-0.014,0.008,-0.64,0.65,79.30
3,0.646,-0.352,19.50,0.031,-0.235,0.013,-0.227,-1.619,-0.013,-0.012,0.009,-0.66,0.65,79.30
3,0.631,-0.330,19.55,0.031,-0.235,0.012,-0.226,-1.619,-0.012,-0.011,0.009,-0.68,0.66,79.29
3,0.617,-0.310,19.60,0.031,-0.235,0.010,-0.225,-1.619,-0.011,-0.009,0.010,-0.70,0.67,79.29
3,0.603,-0.289,19.65,0.031,-0.235,0.010,-0.223,-1.619,-0.011,-0.008,0.010,-0.71,0.69,79.29
3,0.590,-0.269,19.70,0.031,-0.235,0.009,-0.221,-1.619,-0.009,-0.006,0.011,-0.73,0.70,79.29
3,0.577,-0.249,19.75,0.031,-0.235,0.009,-0.220,-1.619,-0.008,-0.005,0.011,-0.74,0.73,79.29
3,0.564,-0.230,19.80,0.031,-0.235,0.008,-0.218,-1.618,-0.006,-0.004,0.011,-0.75,0.75,79.29
3,0.553,-0.212,19.85,0.031,-0.235,0.008,-0.217,-1.618,-0.005,-0.004,0.010,-0.75,0.77,79.30
3,0.542,-0.194,19.90,0.031,-0.235,0.007,-0.215,-1.618,-0.003,-0.004,0.010,-0.75,0.79,79.30
3,0.531,-0.176,19.95,0.031,-0.235,0.007,-0.214,-1.618,-0.003,-0.003,0.010,-0.75,0.81,79.30
4,-3.188,-1.635,0.00,0.031,-0.235,-0.071,-0.413,-1.614,-0.017,-0.124,0.003,-1.70,-2.57,79.32
4,-3.179,-1.689,0.05,0.031,-0.235,-0.071,-0.413,-1.614,-0.017,-0.124,0.003,-1.70,-2.57,79.32
4,-3.166,-1.742,0.10,0.031,-0.235,-0.070,-0.420,-1.614,-0.007,-0.117,0.003,-1.65,-2.62,79.32
4,-3.151,-1.795,0.15,0.031,-0.235,-0.069,-0.424,-1.615,-0.002,-0.114,0.003,-1.59,-2.67,79.32
4,-3.132,-1.847,0.20,0.031,-0.235,-0.067,-0.431,-1.615,0.009,-0.106,0.003,-1.53,-2.71,79.32
4,-3.111,-1.898,0.25,0.031,-0.235,-0.066,-0.434,-1.616,0.014,-0.102,0.003,-1.46,-2.75,79.33
4,-3.087,-1.949,0.30,0.031,-0.235,-0.063,-0.440,-1.616,0.023,-0.094,0.003,-1.40,-2.77,79.33
4,-3.059,-1.999,0.35,0.031,-0.235,-0.061,-0.442,-1.617,0.027,-0.090,0.003,-1.32,-2.80,79.34
4,-3.029,-2.047,0.40,0.031,-0.235,-0.057,-0.447,-1.618,0.035,-0.081,0.004,-1.25,-2.82,79.34
4,-2.996,-2.095,0.45,0.031,-0.235,-0.055,-0.449,-1.618,0.038,-0.076,0.004,-1.17,-2.83,79.35
4,-2.961,-2.141,0.50,0.031,-0.235,-0.051,-0.453,-1.619,0.044,-0.067,0.005,-1.11,-2.84,79.35
4,-2.923,-2.185,0.55,0.031,-0.235,-0.049,-0.454,-1.619,0.046,-0.063,0.006,-1.03,-2.84,79.36
4,-2.882,-2.228,0.60,0.031,-0.235,-0.045,-0.458,-1.619,0.050,-0.053,0.007,-0.97,-2.84,79.37
4,-2.839,-2.270,0.65,0.031,-0.235,-0.044,-0.459,-1.619,0.051,-0.049,0.007,-0.91,-2.83,79.37
4,-2.794,-2.309,0.70,0.031,-0.235,-0.040,-0.461,-1.619,0.053,-0.041,0.008,-0.85,-2.82,79.37
4,-2.747,-2.347,0.75,0.031,-0.235,-0.039,-0.462,-1.619,0.054,-0.037,0.008,-0.80,-2.81,79.37
4,-2.697,-2.383,0.80,0.031,-0.235,-0.036,-0.463,-1.619,0.055,-0.029,0.009,-0.76,-2.80,79.37
4,-2.646,-2.417,0.85,0.031,-0.235,-0.034,-0.463,-1.618,0.055,-0.025,0.009,-0.72,-2.79,79.38
4,-2.593,-2.449,0.90,0.031,-0.235,-0.032,-0.464,-1.618,0.055,-0.018,0.009,-0.69,-2.78,79.38
4,-2.538,-2.478,0.95,0.031,-0.235,-0.031,-0.464,-1.618,0.055,-0.014,0.009,-0.66,-2.76,79.38
4,-2.482,-2.506,1.00,0.031,-0.235,0.000,-0.428,-1.610,0.036,0.042,0.000,-0.50,-2.39,79.28
4,-2.424,-2.531,1.05,0.031,-0.235,0.000,-0.428,-1.610,0.036,0.042,0.000,-0.50,-2.39,79.28
4,-2.365,-2.553,1.10,0.031,-0.235,0.001,-0.427,-1.610,0.035,0.042,-0.000,-0.49,-2.40,79.27
4,-2.305,-2.573,1.15,0.031,-0.235,0.002,-0.425,-1.611,0.034,0.043,-0.000,-0.48,-2.40,79.27
4,-2.243,-2.591,1.20,0.031,-0.235,0.003,-0.424,-1.612,0.032,0.043,0.000,-0.47,-2.40,79.26
4,-2.181,-2.606,1.25,0.031,-0.235,0.005,-0.421,-1.613,0.030,0.044,0.001,-0.46,-2.40,79.26
4,-2.119,-2.619,1.30,0.031,-0.235,0.005,-0.420,-1.614,0.029,0.045,0.001,-0.44,-2.39,79.27
4,-2.055,-2.629,1.35,0.031,-0.235,0.006,-0.418,-1.615,0.026,0.047,0.002,-0.44,-2.39,79.27
4,-1.992,-2.636,1.40,0.031,-0.235,0.007,-0.416,-1.615,0.024,0.048,0.003,-0.43,-2.38,79.27
4,-1.928,-2.641,1.45,0.031,-0.235,0.007,-0.413,-1.616,0.020,0.050,0.004,-0.43,-2.38,79.28
4,-1.864,-2.643,1.50,0.031,-0.235,0.007,-0.412,-1.616,0.018,0.051,0.004,-0.44,-2.37,79.29
4,-1.800,-2.643,1.55,0.031,-0.235,0.007,-0.409,-1.617,0.013,0.053,0.005,-0.45,-2.36,79.29
4,-1.736,-2.640,1.60,0.031,-0.235,0.007,-0.407,-1.617,0.010,0.054,0.006,-0.47,-2.35,79.31
4,-1.673,-2.634,1.65,0.031,-0.235,0.006,-0.404,-1.618,0.006,0.056,0.007,-0.48,-2.34,79.31
4,-1.610,-2.626,1.70,0.031,-0.235,0.006,-0.402,-1.618,0.004,0.057,0.007,-0.52,-2.32,79.33
4,-1.548,-2.615,1.75,0.031,-0.235,0.005,-0.399,-1.619,-0.000,0.058,0.008,-0.54,-2.31,79.33
4,-1.487,-2.601,1.80,0.031,-0.235,0.004,-0.397,-1.620,-0.003,0.059,0.009,-0.59,-2.29,79.35
4,-1.427,-2.585,1.85,0.031,-0.235,0.002,-0.393,-1.620,-0.007,0.060,0.010,-0.62,-2.28,79.36
4,-1.368,-2.566,1.90,0.031,-0.235,0.002,-0.392,-1.620,-0.008,0.061,0.010,-0.66,-2.26,79.37
4,-1.310,-2.545,1.95,0.031,-0.235,-0.000,-0.388,-1.620,-0.012,0.062,0.011,-0.70,-2.25,79.37
4,-1.254,-2.522,2.00,0.031,-0.235,-0.027,-0.314,-1.607,-0.009,0.050,-0.001,-1.29,-1.83,79.29
4,-1.199,-2.496,2.05,0.031,-0.235,-0.027,-0.314,-1.607,-0.009,0.050,-0.001,-1.29,-1.83,79.29
4,-1.146,-2.468,2.10,0.031,-0.235,-0.027,-0.311,-1.606,-0.007,0.047,-0.002,-1.29,-1.83,79.30
4,-1.095,-2.437,2.15,0.031,-0.235,-0.027,-0.310,-1.606,-0.006,0.045,-0.002,-1.30,-1.83,79.30
4,-1.045,-2.405,2.20,0.031,-0.235,-0.027,-0.308,-1.605,-0.004,0.041,-0.002,-1.30,-1.83,79.31
4,-0.998,-2.370,2.25,0.031,-0.235,-0.026,-0.306,-1.605,-0.002,0.040,-0.002,-1.30,-1.83,79.32
4,-0.953,-2.334,2.30,0.031,-0.235,-0.025,-0.304,-1.605,-0.000,0.037,-0.003,-1.30,-1.84,79.33
4,-0.910,-2.295,2.35,0.031,-0.235,-0.025,-0.303,-1.605,0.001,0.035,-0.003,-1.29,-1.84,79.33
4,-0.870,-2.255,2.40,0.031,-0.235,-0.024,-0.301,-1.605,0.004,0.032,-0.004,-1.28,-1.85,79.34
4,-0.832,-2.213,2.45,0.031,-0.235,-0.023,-0.300,-1.605,0.004,0.031,-0.004,-1.27,-1.85,79.35
4,-0.796,-2.169,2.50,0.031,-0.235,-0.022,-0.299,-1.605,0.006,0.028,-0.004,-1.26,-1.86,79.35
4,-0.764,-2.124,2.55,0.031,-0.235,-0.022,-0.299,-1.605,0.007,0.027,-0.004,-1.24,-1.87,79.36
4,-0.734,-2.077,2.60,0.031,-0.235,-0.021,-0.298,-1.606,0.008,0.024,-0.004,-1.23,-1.87,79.36
4,-0.706,-2.030,2.65,0.031,-0.235,-0.021,-0.298,-1.606,0.008,0.022,-0.004,-1.21,-1.88,79.36
4,-0.682,-1.981,2.70,0.031,-0.235,-0.020,-0.297,-1.607,0.008,0.020,-0.004,-1.20,-1.89,79.35
4,-0.661,-1.931,2.75,0.031,-0.235,-0.020,-0.297,-1.607,0.008,0.019,-0.004,-1.19,-1.91,79.34
4,-0.642,-1.880,2.80,0.031,-0.235,-0.021,-0.295,-1.608,0.007,0.017,-0.003,-1.18,-1.92,79.33
4,-0.627,-1.828,2.85,0.031,-0.235,-0.021,-0.295,-1.609,0.007,0.016,-0.003,-1.18,-1.93,79.32
4,-0.615,-1.776,2.90,0.031,-0.235,-0.021,-0.293,-1.610,0.007,0.016,-0.002,-1.18,-1.95,79.31
4,-0.606,-1.723,2.95,0.031,-0.235,-0.021,-0.292,-1.610,0.007,0.016,-0.002,-1.19,-1.96,79.30
4,-0.600,-1.669,3.00,0.031,-0.235,0.003,-0.265,-1.621,0.017,0.007,0.013,-1.11,-1.85,79.37
4,-0.597,-1.616,3.05,0.031,-0.235,0.003,-0.265,-1.621,0.017,0.007,0.013,-1.11,-1.85,79.37
4,-0.597,-1.562,3.10,0.031,-0.235,0.006,-0.264,-1.621,0.017,0.006,0.013,-1.09,-1.84,79.37
4,-0.600,-1.508,3.15,0.031,-0.235,0.007,-0.263,-1.621,0.017,0.006,0.013,-1.07,-1.84,79.37
4,-0.607,-1.454,3.20,0.031,-0.235,0.010,-0.262,-1.621,0.016,0.007,0.013,-1.05,-1.84,79.37
4,-0.616,-1.400,3.25,0.031,-0.235,0.012,-0.261,-1.621,0.016,0.008,0.014,-1.03,-1.85,79.37
4,-0.629,-1.347,3.30,0.031,-0.235,0.015,-0.260,-1.620,0.016,0.010,0.014,-1.01,-1.84,79.37
4,-0.645,-1.294,3.35,0.031,-0.235,0.016,-0.260,-1.619,0.016,0.012,0.014,-0.99,-1.84,79.38
4,-0.664,-1.242,3.40,0.031,-0.235,0.020,-0.259,-1.618,0.016,0.015,0.013,-0.97,-1.83,79.38
4,-0.685,-1.191,3.45,0.031,-0.235,0.021,-0.259,-1.618,0.016,0.017,0.013,-0.95,-1.81,79.39
4,-0.710,-1.140,3.50,0.031,-0.235,0.024,-0.258,-1.616,0.015,0.020,0.012,-0.94,-1.79,79.39
4,-0.738,-1.091,3.55,0.031,-0.235,0.025,-0.257,-1.615,0.015,0.022,0.012,-0.92,-1.77,79.40
4,-0.768,-1.042,3.60,0.031,-0.235,0.028,-0.256,-1.613,0.015,0.027,0.011,-0.91,-1.74,79.40
4,-0.801,-0.995,3.65,0.031,-0.235,0.029,-0.255,-1.613,0.014,0.029,0.010,-0.90,-1.71,79.40
4,-0.837,-0.949,3.70,0.031,-0.235,0.032,-0.254,-1.611,0.014,0.033,0.008,-0.89,-1.68,79.40
4,-0.875,-0.905,3.75,0.031,-0.235,0.033,-0.253,-1.611,0.013,0.035,0.008,-0.88,-1.64,79.40
4,-0.916,-0.862,3.80,0.031,-0.235,0.035,-0.251,-1.610,0.013,0.040,0.006,-0.87,-1.60,79.40
4,-0.959,-0.821,3.85,0.031,-0.235,0.036,-0.249,-1.610,0.012,0.042,0.005,-0.87,-1.56,79.40
4,-1.005,-0.781,3.90,0.031,-0.235,0.038,-0.247,-1.610,0.011,0.047,0.004,-0.86,-1.51,79.39
4,-1.052,-0.744,3.95,0.031,-0.235,0.038,-0.246,-1.610,0.010,0.049,0.004,-0.86,-1.46,79.38
4,-1.102,-0.708,4.00,0.031,-0.235,0.022,-0.182,-1.620,0.020,0.050,0.010,-1.21,-0.54,79.33
4,-1.153,-0.674,4.05,0.031,-0.235,0.022,-0.182,-1.620,0.020,0.050,0.010,-1.21,-0.54,79.33
4,-1.207,-0.643,4.10,0.031,-0.235,0.023,-0.181,-1.620,0.022,0.048,0.011,-1.18,-0.51,79.33
4,-1.262,-0.614,4.15,0.031,-0.235,0.026,-0.178,-1.620,0.025,0.043,0.012,-1.15,-0.49,79.34
4,-1.318,-0.587,4.20,0.031,-0.235,0.027,-0.177,-1.619,0.026,0.041,0.012,-1.11,-0.48,79.34
4,-1.376,-0.562,4.25,0.031,-0.235,0.029,-0.176,-1.619,0.028,0.037,0.012,-1.07,-0.46,79.34
4,-1.435,-0.539,4.30,0.031,-0.235,0.030,-0.175,-1.619,0.029,0.035,0.012,-1.03,-0.45,79.34
4,-1.496,-0.519,4.35,0.031,-0.235,0.033,-0.174,-1.618,0.031,0.030,0.012,-1.00,-0.44,79.34
4,-1.557,-0.502,4.40,0.031,-0.235,0.034,-0.174,-1.618,0.031,0.028,0.012,-0.96,-0.44,79.34
4,-1.619,-0.487,4.45,0.031,-0.235,0.036,-0.173,-1.617,0.031,0.024,0.012,-0.93,-0.44,79.34
4,-1.682,-0.475,4.50,0.031,-0.235,0.037,-0.173,-1.616,0.031,0.023,0.012,-0.90,-0.44,79.34
4,-1.745,-0.465,4.55,0.031,-0.235,0.040,-0.172,-1.615,0.030,0.019,0.011,-0.87,-0.44,79.33
4,-1.809,-0.458,4.60,0.031,-0.235,0.040,-0.172,-1.615,0.029,0.017,0.010,-0.84,-0.45,79.33
4,-1.873,-0.453,4.65,0.031,-0.235,0.042,-0.171,-1.614,0.028,0.014,0.009,-0.82,-0.45,79.32
4,-1.937,-0.451,4.70,0.031,-0.235,0.042,-0.171,-1.614,0.027,0.013,0.009,-0.81,-0.46,79.32
4,-2.001,-0.452,4.75,0.031,-0.235,0.044,-0.170,-1.614,0.025,0.011,0.008,-0.80,-0.46,79.31
4,-2.064,-0.455,4.80,0.031,-0.235,0.044,-0.169,-1.614,0.024,0.010,0.007,-0.79,-0.47,79.30
4,-2.127,-0.462,4.85,0.031,-0.235,0.045,-0.168,-1.614,0.022,0.008,0.007,-0.78,-0.47,79.30
4,-2.190,-0.470,4.90,0.031,-0.235,0.045,-0.167,-1.614,0.021,0.007,0.007,-0.78,-0.47,79.29
4,-2.252,-0.481,4.95,0.031,-0.235,0.046,-0.167,-1.615,0.019,0.005,0.006,-0.79,-0.46,79.29
4,-2.313,-0.495,5.00,0.031,-0.235,0.074,-0.155,-1.621,-0.000,-0.016,0.013,-0.65,-0.34,79.35
4,-2.373,-0.512,5.05,0.031,-0.235,0.074,-0.155,-1.621,-0.000,-0.016,0.013,-0.65,-0.34,79.35
4,-2.432,-0.531,5.10,0.031,-0.235,0.075,-0.155,-1.621,-0.003,-0.018,0.013,-0.64,-0.34,79.34
4,-2.490,-0.552,5.15,0.031,-0.235,0.075,-0.155,-1.621,-0.004,-0.019,0.013,-0.65,-0.33,79.33
4,-2.546,-0.576,5.20,0.031,-0.235,0.075,-0.155,-1.621,-0.006,-0.023,0.013,-0.65,-0.33,79.33
4,-2.600,-0.602,5.25,0.031,-0.235,0.075,-0.155,-1.621,-0.007,-0.026,0.013,-0.67,-0.32,79.32
4,-2.653,-0.630,5.30,0.031,-0.235,0.076,-0.156,-1.621,-0.009,-0.031,0.013,-0.68,-0.33,79.32
4,-2.704,-0.661,5.35,0.031,-0.235,0.076,-0.157,-1.621,-0.009,-0.034,0.013,-0.70,-0.35,79.32
4,-2.754,-0.694,5.40,0.031,-0.235,0.077,-0.158,-1.620,-0.010,-0.040,0.013,-0.71,-0.36,79.32
4,-2.801,-0.728,5.45,0.031,-0.235,0.077,-0.159,-1.620,-0.009,-0.043,0.013,-0.72,-0.39,79.33
4,-2.846,-0.765,5.50,0.031,-0.235,0.077,-0.160,-1.620,-0.009,-0.049,0.012,-0.72,-0.42,79.33
4,-2.888,-0.804,5.55,0.031,-0.235,0.078,-0.161,-1.620,-0.009,-0.053,0.012,-0.72,-0.46,79.34
4,-2.928,-0.844,5.60,0.031,-0.235,0.078,-0.164,-1.621,-0.008,-0.059,0.012,-0.72,-0.49,79.34
4,-2.966,-0.887,5.65,0.031,-0.235,0.078,-0.165,-1.621,-0.008,-0.062,0.012,-0.71,-0.55,79.34
4,-3.001,-0.930,5.70,0.031,-0.235,0.079,-0.169,-1.621,-0.007,-0.069,0.012,-0.70,-0.58,79.34
4,-3.034,-0.976,5.75,0.031,-0.235,0.079,-0.172,-1.621,-0.006,-0.073,0.012,-0.68,-0.65,79.35
4,-3.063,-1.022,5.80,0.031,-0.235,0.079,-0.177,-1.621,-0.005,-0.080,0.012,-0.67,-0.70,79.35
4,-3.090,-1.070,5.85,0.031,-0.235,0.080,-0.180,-1.622,-0.004,-0.083,0.012,-0.64,-0.77,79.35
4,-3.114,-1.119,5.90,0.031,-0.235,0.080,-0.186,-1.622,-0.002,-0.089,0.012,-0.62,-0.83,79.35
4,-3.135,-1.169,5.95,0.031,-0.235,0.081,-0.189,-1.622,-0.001,-0.092,0.012,-0.59,-0.92,79.35
4,-3.153,-1.220,6.00,0.031,-0.235,0.098,-0.282,-1.611,0.023,-0.053,0.002,0.07,-1.93,79.39
4,-3.168,-1.272,6.05,0.031,-0.235,0.098,-0.282,-1.611,0.023,-0.053,0.002,0.07,-1.93,79.39
4,-3.180,-1.325,6.10,0.031,-0.235,0.099,-0.283,-1.611,0.023,-0.050,0.002,0.11,-1.91,79.40
4,-3.189,-1.378,6.15,0.031,-0.235,0.102,-0.284,-1.611,0.023,-0.044,0.002,0.15,-1.89,79.40
4,-3.195,-1.431,6.20,0.031,-0.235,0.103,-0.285,-1.611,0.022,-0.041,0.001,0.19,-1.86,79.41
4,-3.197,-1.485,6.25,0.031,-0.235,0.105,-0.286,-1.612,0.020,-0.038,0.001,0.23,-1.83,79.41
4,-3.197,-1.539,6.30,0.031,-0.235,0.106,-0.287,-1.612,0.019,-0.036,0.001,0.25,-1.81,79.40
4,-3.193,-1.593,6.35,0.031,-0.235,0.108,-0.288,-1.613,0.015,-0.034,0.001,0.28,-1.79,79.40
4,-3.186,-1.646,6.40,0.031,-0.235,0.108,-0.289,-1.613,0.014,-0.033,0.002,0.30,-1.78,79.39
4,-3.176,-1.700,6.45,0.031,-0.235,0.109,-0.291,-1.614,0.009,-0.032,0.002,0.31,-1.77,79.38
4,-3.163,-1.753,6.50,0.031,-0.235,0.109,-0.291,-1.615,0.007,-0.032,0.003,0.32,-1.77,79.37
4,-3.147,-1.806,6.55,0.031,-0.235,0.109,-0.294,-1.616,0.002,-0.032,0.003,0.33,-1.78,79.36
4,-3.128,-1.858,6.60,0.031,-0.235,0.109,-0.295,-1.616,-0.000,-0.032,0.004,0.32,-1.79,79.35
4,-3.106,-1.909,6.65,0.031,-0.235,0.109,-0.297,-1.617,-0.005,-0.032,0.005,0.32,-1.81,79.34
4,-3.081,-1.960,6.70,0.031,-0.235,0.109,-0.298,-1.618,-0.007,-0.032,0.005,0.31,-1.83,79.34
4,-3.053,-2.009,6.75,0.031,-0.235,0.108,-0.301,-1.619,-0.012,-0.032,0.006,0.29,-1.85,79.33
4,-3.023,-2.057,6.80,0.031,-0.235,0.108,-0.302,-1.619,-0.015,-0.032,0.007,0.28,-1.88,79.32
4,-2.989,-2.104,6.85,0.031,-0.235,0.106,-0.304,-1.620,-0.019,-0.031,0.008,0.26,-1.91,79.32
4,-2.953,-2.150,6.90,0.031,-0.235,0.106,-0.305,-1.620,-0.021,-0.031,0.008,0.24,-1.94,79.32
4,-2.915,-2.194,6.95,0.031,-0.235,0.103,-0.307,-1.620,-0.026,-0.031,0.009,0.22,-1.97,79.32
4,-2.873,-2.237,7.00,0.031,-0.235,0.046,-0.351,-1.612,-0.037,-0.002,0.004,-0.33,-2.62,79.33
4,-2.830,-2.278,7.05,0.031,-0.235,0.046,-0.351,-1.612,-0.037,-0.002,0.004,-0.33,-2.62,79.33
4,-2.784,-2.317,7.10,0.031,-0.235,0.044,-0.352,-1.612,-0.035,0.000,0.003,-0.34,-2.62,79.32
4,-2.737,-2.355,7.15,0.031,-0.235,0.041,-0.353,-1.612,-0.033,0.004,0.002,-0.34,-2.63,79.31
4,-2.687,-2.390,7.20,0.031,-0.235,0.040,-0.354,-1.612,-0.032,0.006,0.002,-0.34,-2.63,79.30
4,-2.635,-2.424,7.25,0.031,-0.235,0.037,-0.355,-1.612,-0.030,0.009,0.001,-0.34,-2.63,79.30
4,-2.581,-2.455,7.30,0.031,-0.235,0.036,-0.355,-1.613,-0.030,0.011,0.002,-0.34,-2.63,79.29
4,-2.526,-2.484,7.35,0.031,-0.235,0.034,-0.355,-1.614,-0.028,0.015,0.002,-0.34,-2.63,79.29
4,-2.470,-2.511,7.40,0.031,-0.235,0.034,-0.355,-1.614,-0.028,0.017,0.002,-0.34,-2.62,79.28
4,-2.412,-2.536,7.45,0.031,-0.235,0.032,-0.354,-1.614,-0.027,0.021,0.002,-0.34,-2.61,79.28
4,-2.352,-2.558,7.50,0.031,-0.235,0.032,-0.353,-1.615,-0.027,0.023,0.003,-0.34,-2.60,79.28
4,-2.292,-2.577,7.55,0.031,-0.235,0.031,-0.352,-1.615,-0.027,0.026,0.003,-0.35,-2.59,79.27
4,-2.230,-2.595,7.60,0.031,-0.235,0.031,-0.351,-1.615,-0.027,0.028,0.004,-0.35,-2.57,79.27
4,-2.168,-2.609,7.65,0.031,-0.235,0.030,-0.349,-1.615,-0.026,0.031,0.005,-0.36,-2.56,79.26
4,-2.105,-2.621,7.70,0.031,-0.235,0.030,-0.348,-1.616,-0.027,0.032,0.005,-0.37,-2.54,79.26
4,-2.042,-2.631,7.75,0.031,-0.235,0.029,-0.345,-1.616,-0.027,0.035,0.005,-0.38,-2.52,79.25
4,-1.978,-2.638,7.80,0.031,-0.235,0.029,-0.344,-1.616,-0.027,0.037,0.005,-0.39,-2.50,79.25
4,-1.914,-2.642,7.85,0.031,-0.235,0.028,-0.342,-1.617,-0.028,0.038,0.006,-0.40,-2.48,79.25
4,-1.850,-2.644,7.90,0.031,-0.235,0.028,-0.341,-1.617,-0.029,0.039,0.006,-0.41,-2.45,79.26
4,-1.787,-2.643,7.95,0.031,-0.235,0.026,-0.338,-1.617,-0.030,0.041,0.006,-0.43,-2.44,79.26
4,-1.723,-2.639,8.00,0.031,-0.235,-0.012,-0.292,-1.599,-0.020,0.039,-0.008,-1.04,-2.21,79.28
4,-1.660,-2.632,8.05,0.031,-0.235,-0.012,-0.292,-1.599,-0.020,0.039,-0.008,-1.04,-2.21,79.28
4,-1.597,-2.624,8.10,0.031,-0.235,-0.011,-0.289,-1.598,-0.017,0.038,-0.009,-1.03,-2.20,79.26
4,-1.535,-2.612,8.15,0.031,-0.235,-0.011,-0.287,-1.598,-0.016,0.038,-0.010,-1.01,-2.19,79.25
4,-1.475,-2.598,8.20,0.031,-0.235,-0.011,-0.284,-1.598,-0.014,0.038,-0.011,-0.99,-2.18,79.25
4,-1.415,-2.581,8.25,0.031,-0.235,-0.011,-0.282,-1.598,-0.014,0.038,-0.011,-0.97,-2.17,79.25
4,-1.356,-2.562,8.30,0.031,-0.235,-0.012,-0.279,-1.599,-0.014,0.038,-0.011,-0.95,-2.15,79.25
4,-1.298,-2.540,8.35,0.031,-0.235,-0.013,-0.277,-1.599,-0.014,0.039,-0.011,-0.94,-2.14,79.26
4,-1.242,-2.516,8.40,0.031,-0.235,-0.014,-0.274,-1.600,-0.015,0.040,-0.011,-0.94,-2.12,79.26
4,-1.188,-2.490,8.45,0.031,-0.235,-0.014,-0.272,-1.600,-0.016,0.040,-0.011,-0.94,-2.10,79.27
4,-1.135,-2.461,8.50,0.031,-0.235,-0.015,-0.267,-1.601,-0.017,0.042,-0.011,-0.96,-2.08,79.28
4,-1.084,-2.431,8.55,0.031,-0.235,-0.015,-0.265,-1.601,-0.017,0.043,-0.010,-0.98,-2.06,79.29
4,-1.035,-2.398,8.60,0.031,-0.235,-0.015,-0.261,-1.601,-0.018,0.044,-0.010,-1.00,-2.03,79.30
4,-0.988,-2.363,8.65,0.031,-0.235,-0.015,-0.259,-1.601,-0.018,0.045,-0.009,-1.03,-2.00,79.31
4,-0.944,-2.326,8.70,0.031,-0.235,-0.015,-0.253,-1.601,-0.017,0.047,-0.009,-1.05,-1.97,79.32
4,-0.901,-2.287,8.75,0.031,-0.235,-0.014,-0.251,-1.601,-0.017,0.047,-0.009,-1.08,-1.93,79.33
4,-0.862,-2.246,8.80,0.031,-0.235,-0.013,-0.246,-1.602,-0.016,0.048,-0.008,-1.10,-1.89,79.33
4,-0.824,-2.204,8.85,0.031,-0.235,-0.013,-0.243,-1.603,-0.016,0.049,-0.008,-1.11,-1.85,79.34
4,-0.789,-2.160,8.90,0.031,-0.235,-0.012,-0.237,-1.603,-0.015,0.050,-0.008,-1.12,-1.81,79.35
4,-0.757,-2.114,8.95,0.031,-0.235,-0.011,-0.234,-1.604,-0.014,0.050,-0.007,-1.14,-1.76,79.35
4,-0.728,-2.067,9.00,0.031,-0.235,-0.029,-0.174,-1.605,-0.014,-0.008,-0.003,-1.52,-1.28,79.29
4,-0.701,-2.019,9.05,0.031,-0.235,-0.029,-0.174,-1.605,-0.014,-0.008,-0.003,-1.52,-1.28,79.29
4,-0.677,-1.970,9.10,0.031,-0.235,-0.030,-0.175,-1.605,-0.013,-0.011,-0.003,-1.53,-1.31,79.29
4,-0.657,-1.920,9.15,0.031,-0.235,-0.031,-0.177,-1.605,-0.011,-0.015,-0.004,-1.53,-1.35,79.30
4,-0.639,-1.869,9.20,0.031,-0.235,-0.031,-0.178,-1.605,-0.009,-0.016,-0.004,-1.54,-1.40,79.30
4,-0.624,-1.817,9.25,0.031,-0.235,-0.032,-0.181,-1.605,-0.007,-0.018,-0.004,-1.54,-1.43,79.30
4,-0.613,-1.764,9.30,0.031,-0.235,-0.033,-0.182,-1.605,-0.005,-0.018,-0.004,-1.54,-1.47,79.31
4,-0.604,-1.711,9.35,0.031,-0.235,-0.034,-0.184,-1.605,-0.003,-0.018,-0.004,-1.53,-1.50,79.31
4,-0.599,-1.658,9.40,0.031,-0.235,-0.034,-0.185,-1.605,-0.001,-0.018,-0.004,-1.53,-1.53,79.31
4,-0.596,-1.604,9.45,0.031,-0.235,-0.034,-0.186,-1.606,0.002,-0.016,-0.004,-1.52,-1.55,79.32
4,-0.597,-1.550,9.50,0.031,-0.235,-0.035,-0.186,-1.606,0.004,-0.014,-0.003,-1.52,-1.56,79.32
4,-0.601,-1.496,9.55,0.031,-0.235,-0.034,-0.186,-1.606,0.007,-0.010,-0.003,-1.51,-1.56,79.33
4,-0.608,-1.443,9.60,0.031,-0.235,-0.034,-0.186,-1.607,0.009,-0.009,-0.003,-1.51,-1.56,79.33
4,-0.619,-1.389,9.65,0.031,-0.235,-0.034,-0.186,-1.608,0.012,-0.005,-0.003,-1.50,-1.54,79.33
4,-0.632,-1.336,9.70,0.031,-0.235,-0.034,-0.186,-1.608,0.014,-0.002,-0.002,-1.49,-1.52,79.34
4,-0.648,-1.283,9.75,0.031,-0.235,-0.033,-0.185,-1.610,0.017,0.002,-0.001,-1.48,-1.50,79.34
4,-0.668,-1.231,9.80,0.031,-0.235,-0.032,-0.184,-1.610,0.019,0.004,-0.001,-1.47,-1.46,79.34
4,-0.690,-1.180,9.85,0.031,-0.235,-0.031,-0.183,-1.611,0.022,0.009,0.000,-1.46,-1.43,79.35
4,-0.716,-1.130,9.90,0.031,-0.235,-0.030,-0.181,-1.612,0.024,0.011,0.001,-1.45,-1.38,79.36
4,-0.744,-1.081,9.95,0.031,-0.235,-0.028,-0.179,-1.614,0.027,0.015,0.002,-1.44,-1.34,79.37
4,-0.775,-1.032,10.00,0.031,-0.235,0.025,-0.142,-1.619,0.036,0.004,0.013,-1.00,-0.54,79.33
4,-0.808,-0.985,10.05,0.031,-0.235,0.025,-0.142,-1.619,0.036,0.004,0.013,-1.00,-0.54,79.33
4,-0.845,-0.940,10.10,0.031,-0.235,0.029,-0.142,-1.619,0.034,0.000,0.012,-0.98,-0.54,79.33
4,-0.884,-0.896,10.15,0.031,-0.235,0.031,-0.143,-1.619,0.034,-0.001,0.012,-0.97,-0.53,79.33
4,-0.925,-0.853,10.20,0.031,-0.235,0.034,-0.143,-1.619,0.033,-0.005,0.012,-0.95,-0.54,79.34
4,-0.969,-0.812,10.25,0.031,-0.235,0.035,-0.143,-1.619,0.032,-0.006,0.012,-0.95,-0.54,79.34
4,-1.014,-0.773,10.30,0.031,-0.235,0.038,-0.144,-1.619,0.032,-0.009,0.012,-0.94,-0.55,79.34
4,-1.063,-0.736,10.35,0.031,-0.235,0.039,-0.145,-1.618,0.032,-0.011,0.012,-0.93,-0.56,79.34
4,-1.113,-0.701,10.40,0.031,-0.235,0.042,-0.146,-1.618,0.032,-0.013,0.012,-0.92,-0.57,79.34
4,-1.164,-0.668,10.45,0.031,-0.235,0.043,-0.146,-1.618,0.032,-0.015,0.012,-0.91,-0.58,79.35
4,-1.218,-0.637,10.50,0.031,-0.235,0.046,-0.148,-1.618,0.032,-0.017,0.011,-0.89,-0.59,79.35
4,-1.274,-0.608,10.55,0.031,-0.235,0.047,-0.148,-1.617,0.033,-0.019,0.011,-0.87,-0.60,79.35
4,-1.330,-0.581,10.60,0.031,-0.235,0.050,-0.150,-1.617,0.033,-0.021,0.011,-0.85,-0.61,79.35
4,-1.389,-0.557,10.65,0.031,-0.235,0.052,-0.151,-1.617,0.034,-0.022,0.010,-0.82,-0.63,79.36
4,-1.448,-0.535,10.70,0.031,-0.235,0.055,-0.154,-1.616,0.035,-0.024,0.010,-0.79,-0.64,79.36
4,-1.509,-0.516,10.75,0.031,-0.235,0.057,-0.155,-1.616,0.036,-0.025,0.010,-0.77,-0.65,79.36
4,-1.570,-0.499,10.80,0.031,-0.235,0.060,-0.158,-1.616,0.036,-0.027,0.010,-0.73,-0.67,79.37
4,-1.632,-0.484,10.85,0.031,-0.235,0.062,-0.159,-1.615,0.037,-0.028,0.009,-0.70,-0.68,79.37
4,-1.695,-0.472,10.90,0.031,-0.235,0.066,-0.163,-1.614,0.037,-0.029,0.009,-0.66,-0.70,79.37
4,-1.759,-0.463,10.95,0.031,-0.235,0.067,-0.165,-1.614,0.037,-0.030,0.009,-0.62,-0.71,79.38
4,-1.822,-0.457,11.00,0.031,-0.235,0.084,-0.218,-1.608,0.005,-0.005,0.001,-0.28,-0.96,79.33
4,-1.886,-0.453,11.05,0.031,-0.235,0.084,-0.218,-1.608,0.005,-0.005,0.001,-0.28,-0.96,79.33
4,-1.950,-0.451,11.10,0.031,-0.235,0.082,-0.219,-1.608,0.002,-0.001,0.001,-0.29,-0.96,79.33
4,-2.014,-0.453,11.15,0.031,-0.235,0.081,-0.219,-1.608,0.002,-0.000,0.001,-0.31,-0.95,79.33
4,-2.078,-0.457,11.20,0.031,-0.235,0.080,-0.220,-1.607,0.001,0.002,0.000,-0.33,-0.93,79.33
4,-2.141,-0.463,11.25,0.031,-0.235,0.079,-0.220,-1.607,0.000,0.002,0.000,-0.35,-0.92,79.33
4,-2.203,-0.472,11.30,0.031,-0.235,0.077,-0.220,-1.606,-0.000,0.003,-0.000,-0.37,-0.90,79.33
4,-2.265,-0.484,11.35,0.031,-0.235,0.076,-0.221,-1.605,-0.000,0.003,-0.001,-0.40,-0.89,79.33
4,-2.326,-0.499,11.40,0.031,-0.235,0.075,-0.221,-1.605,0.000,0.002,-0.001,-0.41,-0.88,79.33
4,-2.386,-0.516,11.45,0.031,-0.235,0.075,-0.222,-1.605,0.001,0.002,-0.002,-0.42,-0.88,79.33
4,-2.444,-0.535,11.50,0.031,-0.235,0.074,-0.223,-1.605,0.002,0.000,-0.002,-0.43,-0.88,79.33
4,-2.502,-0.557,11.55,0.031,-0.235,0.073,-0.223,-1.605,0.003,-0.000,-0.003,-0.44,-0.88,79.33
4,-2.557,-0.581,11.60,0.031,-0.235,0.073,-0.224,-1.605,0.004,-0.002,-0.003,-0.43,-0.89,79.33
4,-2.612,-0.608,11.65,0.031,-0.235,0.072,-0.224,-1.605,0.005,-0.003,-0.003,-0.43,-0.90,79.33
4,-2.664,-0.637,11.70,0.031,-0.235,0.072,-0.226,-1.605,0.007,-0.005,-0.003,-0.42,-0.91,79.33
4,-2.715,-0.668,11.75,0.031,-0.235,0.072,-0.226,-1.605,0.008,-0.007,-0.003,-0.41,-0.92,79.33
4,-2.764,-0.701,11.80,0.031,-0.235,0.071,-0.228,-1.605,0.009,-0.009,-0.004,-0.39,-0.94,79.33
4,-2.810,-0.736,11.85,0.031,-0.235,0.071,-0.228,-1.604,0.010,-0.010,-0.004,-0.38,-0.96,79.34
4,-2.855,-0.773,11.90,0.031,-0.235,0.070,-0.230,-1.604,0.012,-0.012,-0.004,-0.36,-0.97,79.34
4,-2.897,-0.812,11.95,0.031,-0.235,0.070,-0.231,-1.604,0.012,-0.013,-0.004,-0.34,-1.00,79.34
4,-2.936,-0.853,12.00,0.031,-0.235,0.083,-0.264,-1.614,0.028,-0.018,0.004,0.12,-1.40,79.30
4,-2.974,-0.896,12.05,0.031,-0.235,0.083,-0.264,-1.614,0.028,-0.018,0.004,0.12,-1.40,79.30
4,-3.008,-0.940,12.10,0.031,-0.235,0.084,-0.265,-1.614,0.028,-0.018,0.004,0.16,-1.41,79.30
4,-3.040,-0.985,12.15,0.031,-0.235,0.086,-0.267,-1.614,0.027,-0.017,0.005,0.18,-1.42,79.30
4,-3.069,-1.032,12.20,0.031,-0.235,0.087,-0.268,-1.614,0.027,-0.016,0.005,0.21,-1.43,79.30
4,-3.095,-1.081,12.25,0.031,-0.235,0.090,-0.270,-1.614,0.026,-0.015,0.005,0.23,-1.44,79.30
4,-3.119,-1.130,12.30,0.031,-0.235,0.091,-0.271,-1.614,0.026,-0.014,0.005,0.26,-1.45,79.30
4,-3.139,-1.180,12.35,0.031,-0.235,0.094,-0.272,-1.614,0.024,-0.012,0.005,0.28,-1.46,79.29
4,-3.157,-1.231,12.40,0.031,-0.235,0.095,-0.272,-1.613,0.024,-0.011,0.005,0.31,-1.46,79.30
4,-3.171,-1.283,12.45,0.031,-0.235,0.098,-0.273,-1.613,0.022,-0.008,0.005,0.33,-1.47,79.30
4,-3.182,-1.336,12.50,0.031,-0.235,0.099,-0.274,-1.613,0.021,-0.007,0.005,0.35,-1.47,79.30
4,-3.191,-1.389,12.55,0.031,-0.235,0.102,-0.274,-1.612,0.019,-0.004,0.005,0.37,-1.47,79.30
4,-3.196,-1.443,12.60,0.031,-0.235,0.103,-0.274,-1.612,0.018,-0.003,0.005,0.39,-1.46,79.30
4,-3.198,-1.496,12.65,0.031,-0.235,0.105,-0.274,-1.612,0.015,-0.000,0.004,0.40,-1.45,79.30
4,-3.196,-1.550,12.70,0.031,-0.235,0.105,-0.273,-1.612,0.014,0.001,0.004,0.42,-1.44,79.31
4,-3.192,-1.604,12.75,0.031,-0.235,0.107,-0.273,-1.612,0.011,0.003,0.004,0.43,-1.43,79.31
4,-3.185,-1.658,12.80,0.031,-0.235,0.107,-0.272,-1.612,0.010,0.005,0.004,0.43,-1.41,79.32
4,-3.174,-1.711,12.85,0.031,-0.235,0.108,-0.270,-1.610,0.006,0.008,0.003,0.43,-1.40,79.32
4,-3.160,-1.764,12.90,0.031,-0.235,0.108,-0.270,-1.610,0.005,0.009,0.003,0.43,-1.38,79.32
4,-3.144,-1.817,12.95,0.031,-0.235,0.108,-0.268,-1.609,0.001,0.012,0.002,0.43,-1.37,79.32
4,-3.124,-1.869,13.00,0.031,-0.235,0.080,-0.259,-1.611,-0.020,0.004,-0.000,0.09,-1.39,79.36
4,-3.101,-1.920,13.05,0.031,-0.235,0.080,-0.259,-1.611,-0.020,0.004,-0.000,0.09,-1.39,79.36
4,-3.075,-1.970,13.10,0.031,-0.235,0.079,-0.258,-1.611,-0.019,0.005,0.001,0.09,-1.39,79.34
4,-3.047,-2.019,13.15,0.031,-0.235,0.079,-0.257,-1.611,-0.018,0.005,0.001,0.10,-1.38,79.32
4,-3.016,-2.067,13.20,0.031,-0.235,0.077,-0.256,-1.611,-0.018,0.006,0.002,0.11,-1.37,79.31
4,-2.982,-2.114,13.25,0.031,-0.235,0.077,-0.255,-1.612,-0.018,0.005,0.002,0.11,-1.35,79.30
4,-2.945,-2.160,13.30,0.031,-0.235,0.076,-0.253,-1.612,-0.019,0.004,0.002,0.12,-1.33,79.28
4,-2.906,-2.204,13.35,0.031,-0.235,0.075,-0.252,-1.612,-0.019,0.004,0.002,0.12,-1.32,79.27
4,-2.864,-2.246,13.40,0.031,-0.235,0.074,-0.250,-1.613,-0.021,0.002,0.003,0.12,-1.31,79.27
4,-2.821,-2.287,13.45,0.031,-0.235,0.073,-0.248,-1.613,-0.022,0.001,0.003,0.12,-1.30,79.26
4,-2.774,-2.326,13.50,0.031,-0.235,0.071,-0.246,-1.613,-0.024,-0.002,0.004,0.11,-1.29,79.25
4,-2.726,-2.363,13.55,0.031,-0.235,0.071,-0.245,-1.613,-0.025,-0.003,0.004,0.10,-1.29,79.25
4,-2.676,-2.398,13.60,0.031,-0.235,0.069,-0.243,-1.613,-0.027,-0.007,0.004,0.08,-1.29,79.25
4,-2.624,-2.431,13.65,0.031,-0.235,0.068,-0.243,-1.613,-0.029,-0.009,0.004,0.07,-1.29,79.25
4,-2.570,-2.461,13.70,0.031,-0.235,0.066,-0.241,-1.613,-0.032,-0.013,0.004,0.05,-1.30,79.25
4,-2.514,-2.490,13.75,0.031,-0.235,0.065,-0.241,-1.613,-0.033,-0.015,0.004,0.02,-1.32,79.25
4,-2.457,-2.516,13.80,0.031,-0.235,0.062,-0.241,-1.614,-0.037,-0.020,0.004,0.00,-1.34,79.26
4,-2.399,-2.540,13.85,0.031,-0.235,0.060,-0.241,-1.614,-0.039,-0.023,0.004,-0.02,-1.36,79.26
4,-2.339,-2.562,13.90,0.031,-0.235,0.056,-0.242,-1.615,-0.043,-0.029,0.004,-0.06,-1.40,79.26
4,-2.279,-2.581,13.95,0.031,-0.235,0.054,-0.243,-1.615,-0.044,-0.031,0.004,-0.09,-1.43,79.27
4,-2.217,-2.598,14.00,0.031,-0.235,0.008,-0.304,-1.618,-0.033,-0.043,0.010,-0.56,-2.59,79.40
4,-2.155,-2.612,14.05,0.031,-0.235,0.008,-0.304,-1.618,-0.033,-0.043,0.010,-0.56,-2.59,79.40
4,-2.092,-2.624,14.10,0.031,-0.235,0.007,-0.305,-1.617,-0.031,-0.038,0.010,-0.55,-2.59,79.40
4,-2.029,-2.632,14.15,0.031,-0.235,0.007,-0.305,-1.617,-0.030,-0.035,0.009,-0.54,-2.59,79.39
4,-1.965,-2.639,14.20,0.031,-0.235,0.007,-0.306,-1.615,-0.029,-0.030,0.009,-0.53,-2.58,79.38
4,-1.901,-2.643,14.25,0.031,-0.235,0.006,-0.306,-1.615,-0.028,-0.027,0.008,-0.52,-2.57,79.38
4,-1.837,-2.644,14.30,0.031,-0.235,0.006,-0.307,-1.614,-0.028,-0.022,0.007,-0.51,-2.56,79.37
4,-1.773,-2.642,14.35,0.031,-0.235,0.005,-0.307,-1.613,-0.028,-0.019,0.006,-0.50,-2.55,79.36
4,-1.710,-2.638,14.40,0.031,-0.235,0.004,-0.306,-1.613,-0.029,-0.013,0.005,-0.50,-2.53,79.35
4,-1.647,-2.631,14.45,0.031,-0.235,0.003,-0.306,-1.613,-0.030,-0.010,0.005,-0.50,-2.51,79.34
4,-1.584,-2.621,14.50,0.031,-0.235,0.001,-0.306,-1.613,-0.032,-0.005,0.004,-0.52,-2.49,79.33
4,-1.523,-2.609,14.55,0.031,-0.235,0.000,-0.306,-1.613,-0.033,-0.003,0.003,-0.53,-2.47,79.32
4,-1.462,-2.595,14.60,0.031,-0.235,-0.002,-0.305,-1.613,-0.036,0.002,0.003,-0.56,-2.45,79.31
4,-1.402,-2.577,14.65,0.031,-0.235,-0.004,-0.304,-1.613,-0.037,0.005,0.003,-0.59,-2.43,79.31
4,-1.344,-2.558,14.70,0.031,-0.235,-0.007,-0.303,-1.614,-0.039,0.010,0.003,-0.63,-2.41,79.31
4,-1.286,-2.536,14.75,0.031,-0.235,-0.008,-0.302,-1.614,-0.040,0.012,0.003,-0.67,-2.39,79.30
4,-1.231,-2.511,14.80,0.031,-0.235,-0.011,-0.300,-1.615,-0.042,0.017,0.003,-0.72,-2.37,79.30
4,-1.177,-2.484,14.85,0.031,-0.235,-0.013,-0.299,-1.615,-0.043,0.019,0.003,-0.76,-2.35,79.30
4,-1.124,-2.455,14.90,0.031,-0.235,-0.016,-0.297,-1.616,-0.044,0.023,0.004,-0.81,-2.32,79.29
4,-1.074,-2.424,14.95,0.031,-0.235,-0.017,-0.296,-1.616,-0.044,0.024,0.004,-0.85,-2.30,79.29
4,-1.025,-2.390,15.00,0.031,-0.235,-0.039,-0.257,-1.627,-0.007,0.031,0.017,-1.30,-1.86,79.26
4,-0.979,-2.355,15.05,0.031,-0.235,-0.039,-0.257,-1.627,-0.007,0.031,0.017,-1.30,-1.86,79.26
4,-0.935,-2.317,15.10,0.031,-0.235,-0.039,-0.257,-1.626,-0.006,0.030,0.018,-1.29,-1.85,79.26
4,-0.893,-2.278,15.15,0.031,-0.235,-0.038,-0.255,-1.626,-0.004,0.029,0.018,-1.28,-1.85,79.26
4,-0.853,-2.237,15.20,0.031,-0.235,-0.037,-0.254,-1.626,-0.003,0.028,0.018,-1.27,-1.85,79.26
4,-0.816,-2.194,15.25,0.031,-0.235,-0.036,-0.252,-1.626,-0.001,0.027,0.018,-1.26,-1.84,79.26
4,-0.782,-2.150,15.30,0.031,-0.235,-0.036,-0.251,-1.626,-0.000,0.026,0.018,-1.24,-1.84,79.27
4,-0.751,-2.104,15.35,0.031,-0.235,-0.035,-0.249,-1.626,0.001,0.026,0.018,-1.24,-1.84,79.28
4,-0.722,-2.057,15.40,0.031,-0.235,-0.034,-0.248,-1.627,0.001,0.026,0.018,-1.23,-1.83,79.30
4,-0.696,-2.009,15.45,0.031,-0.235,-0.033,-0.245,-1.627,0.002,0.026,0.018,-1.22,-1.82,79.31
4,-0.673,-1.960,15.50,0.031,-0.235,-0.033,-0.244,-1.626,0.002,0.025,0.018,-1.22,-1.81,79.32
4,-0.653,-1.909,15.55,0.031,-0.235,-0.032,-0.242,-1.626,0.003,0.025,0.019,-1.22,-1.79,79.33
4,-0.636,-1.858,15.60,0.031,-0.235,-0.031,-0.241,-1.625,0.004,0.024,0.019,-1.22,-1.77,79.34
4,-0.621,-1.806,15.65,0.031,-0.235,-0.029,-0.239,-1.624,0.005,0.023,0.018,-1.22,-1.76,79.35
4,-0.611,-1.753,15.70,0.031,-0.235,-0.027,-0.238,-1.624,0.006,0.022,0.018,-1.22,-1.74,79.35
4,-0.603,-1.700,15.75,0.031,-0.235,-0.025,-0.237,-1.623,0.007,0.021,0.018,-1.21,-1.73,79.36
4,-0.598,-1.647,15.80,0.031,-0.235,-0.023,-0.236,-1.622,0.008,0.021,0.017,-1.21,-1.72,79.36
4,-0.596,-1.593,15.85,0.031,-0.235,-0.020,-0.234,-1.621,0.010,0.019,0.016,-1.19,-1.71,79.36
4,-0.598,-1.539,15.90,0.031,-0.235,-0.019,-0.234,-1.621,0.010,0.018,0.016,-1.17,-1.70,79.35
4,-0.603,-1.485,15.95,0.031,-0.235,-0.016,-0.233,-1.619,0.011,0.016,0.014,-1.16,-1.69,79.35
4,-0.610,-1.431,16.00,0.031,-0.235,-0.015,-0.244,-1.603,-0.007,0.000,-0.002,-1.26,-1.94,79.30
4,-0.621,-1.378,16.05,0.031,-0.235,-0.015,-0.244,-1.603,-0.007,0.000,-0.002,-1.26,-1.94,79.30
4,-0.635,-1.325,16.10,0.031,-0.235,-0.015,-0.244,-1.602,-0.007,0.001,-0.003,-1.27,-1.94,79.30
4,-0.652,-1.272,16.15,0.031,-0.235,-0.016,-0.244,-1.600,-0.006,0.003,-0.004,-1.28,-1.95,79.31
4,-0.672,-1.221,16.20,0.031,-0.235,-0.016,-0.244,-1.599,-0.005,0.004,-0.005,-1.29,-1.95,79.31
4,-0.695,-1.170,16.25,0.031,-0.235,-0.017,-0.243,-1.598,-0.003,0.008,-0.007,-1.30,-1.95,79.31
4,-0.721,-1.119,16.30,0.031,-0.235,-0.017,-0.243,-1.597,-0.002,0.009,-0.008,-1.31,-1.95,79.31
4,-0.750,-1.070,16.35,0.031,-0.235,-0.017,-0.243,-1.595,0.000,0.014,-0.009,-1.31,-1.94,79.32
4,-0.782,-1.022,16.40,0.031,-0.235,-0.018,-0.242,-1.595,0.001,0.016,-0.010,-1.31,-1.93,79.32
4,-0.816,-0.976,16.45,0.031,-0.235,-0.018,-0.241,-1.594,0.005,0.022,-0.012,-1.32,-1.90,79.32
4,-0.853,-0.930,16.50,0.031,-0.235,-0.018,-0.240,-1.594,0.006,0.024,-0.012,-1.32,-1.88,79.32
4,-0.892,-0.887,16.55,0.031,-0.235,-0.018,-0.239,-1.593,0.010,0.030,-0.014,-1.32,-1.85,79.33
4,-0.934,-0.844,16.60,0.031,-0.235,-0.018,-0.238,-1.593,0.012,0.033,-0.014,-1.31,-1.80,79.33
4,-0.978,-0.804,16.65,0.031,-0.235,-0.017,-0.236,-1.592,0.016,0.038,-0.015,-1.31,-1.76,79.33
4,-1.024,-0.765,16.70,0.031,-0.235,-0.016,-0.235,-1.592,0.018,0.041,-0.015,-1.30,-1.71,79.33
4,-1.073,-0.728,16.75,0.031,-0.235,-0.015,-0.232,-1.591,0.022,0.046,-0.016,-1.29,-1.66,79.33
4,-1.123,-0.694,16.80,0.031,-0.235,-0.014,-0.231,-1.591,0.025,0.048,-0.016,-1.27,-1.60,79.33
4,-1.176,-0.661,16.85,0.031,-0.235,-0.012,-0.228,-1.591,0.029,0.053,-0.017,-1.25,-1.54,79.33
4,-1.230,-0.630,16.90,0.031,-0.235,-0.011,-0.227,-1.591,0.031,0.055,-0.017,-1.23,-1.48,79.33
4,-1.285,-0.602,16.95,0.031,-0.235,-0.009,-0.224,-1.591,0.034,0.058,-0.017,-1.20,-1.42,79.33
4,-1.343,-0.576,17.00,0.031,-0.235,0.036,-0.172,-1.599,0.041,0.051,-0.006,-0.72,-0.49,79.38
4,-1.401,-0.552,17.05,0.031,-0.235,0.036,-0.172,-1.599,0.041,0.051,-0.006,-0.72,-0.49,79.38
4,-1.461,-0.531,17.10,0.031,-0.235,0.038,-0.170,-1.598,0.039,0.047,-0.007,-0.71,-0.47,79.37
4,-1.522,-0.512,17.15,0.031,-0.235,0.038,-0.169,-1.598,0.038,0.045,-0.007,-0.71,-0.45,79.37
4,-1.583,-0.495,17.20,0.031,-0.235,0.039,-0.167,-1.597,0.036,0.040,-0.008,-0.71,-0.43,79.36
4,-1.646,-0.481,17.25,0.031,-0.235,0.039,-0.166,-1.597,0.035,0.037,-0.008,-0.71,-0.42,79.35
4,-1.709,-0.470,17.30,0.031,-0.235,0.040,-0.165,-1.597,0.034,0.032,-0.009,-0.72,-0.42,79.35
4,-1.772,-0.462,17.35,0.031,-0.235,0.040,-0.164,-1.597,0.033,0.029,-0.010,-0.73,-0.42,79.34
4,-1.836,-0.455,17.40,0.031,-0.235,0.041,-0.164,-1.598,0.033,0.023,-0.010,-0.74,-0.43,79.34
4,-1.900,-0.452,17.45,0.031,-0.235,0.041,-0.163,-1.598,0.033,0.019,-0.011,-0.74,-0.44,79.33
4,-1.964,-0.451,17.50,0.031,-0.235,0.042,-0.163,-1.599,0.034,0.013,-0.011,-0.74,-0.45,79.33
4,-2.028,-0.453,17.55,0.031,-0.235,0.043,-0.164,-1.599,0.034,0.010,-0.011,-0.74,-0.47,79.32
4,-2.091,-0.458,17.60,0.031,-0.235,0.044,-0.165,-1.600,0.036,0.003,-0.010,-0.73,-0.49,79.32
4,-2.154,-0.465,17.65,0.031,-0.235,0.044,-0.165,-1.601,0.036,-0.001,-0.010,-0.71,-0.52,79.31
4,-2.216,-0.475,17.70,0.031,-0.235,0.046,-0.167,-1.603,0.038,-0.007,-0.009,-0.69,-0.55,79.31
4,-2.278,-0.487,17.75,0.031,-0.235,0.047,-0.168,-1.604,0.039,-0.010,-0.009,-0.67,-0.58,79.31
4,-2.339,-0.502,17.80,0.031,-0.235,0.049,-0.170,-1.606,0.041,-0.015,-0.007,-0.64,-0.62,79.31
4,-2.398,-0.519,17.85,0.031,-0.235,0.050,-0.171,-1.607,0.042,-0.018,-0.006,-0.61,-0.65,79.31
4,-2.457,-0.539,17.90,0.031,-0.235,0.052,-0.173,-1.609,0.044,-0.022,-0.005,-0.57,-0.69,79.31
4,-2.514,-0.562,17.95,0.031,-0.235,0.053,-0.174,-1.611,0.045,-0.024,-0.004,-0.53,-0.72,79.32
4,-2.569,-0.586,18.00,0.031,-0.235,0.103,-0.216,-1.615,0.027,-0.027,0.007,0.26,-1.10,79.32
4,-2.623,-0.614,18.05,0.031,-0.235,0.103,-0.216,-1.615,0.027,-0.027,0.007,0.26,-1.10,79.32
4,-2.675,-0.643,18.10,0.031,-0.235,0.104,-0.217,-1.615,0.025,-0.026,0.007,0.26,-1.10,79.30
4,-2.725,-0.674,18.15,0.031,-0.235,0.104,-0.218,-1.615,0.020,-0.024,0.007,0.26,-1.11,79.28
4,-2.774,-0.708,18.20,0.031,-0.235,0.104,-0.218,-1.615,0.017,-0.023,0.007,0.26,-1.11,79.27
4,-2.820,-0.744,18.25,0.031,-0.235,0.104,-0.219,-1.616,0.013,-0.022,0.007,0.25,-1.10,79.25
4,-2.864,-0.781,18.30,0.031,-0.235,0.103,-0.219,-1.616,0.010,-0.022,0.007,0.24,-1.10,79.24
4,-2.905,-0.821,18.35,0.031,-0.235,0.102,-0.219,-1.616,0.005,-0.021,0.007,0.22,-1.10,79.23
4,-2.945,-0.862,18.40,0.031,-0.235,0.101,-0.219,-1.617,0.002,-0.021,0.007,0.20,-1.09,79.22
4,-2.981,-0.905,18.45,0.031,-0.235,0.100,-0.219,-1.617,-0.002,-0.022,0.008,0.17,-1.09,79.21
4,-3.015,-0.949,18.50,0.031,-0.235,0.099,-0.219,-1.617,-0.004,-0.023,0.008,0.14,-1.09,79.21
4,-3.046,-0.995,18.55,0.031,-0.235,0.097,-0.220,-1.618,-0.007,-0.024,0.008,0.11,-1.10,79.21
4,-3.075,-1.042,18.60,0.031,-0.235,0.096,-0.220,-1.619,-0.009,-0.025,0.008,0.08,-1.11,79.22
4,-3.101,-1.091,18.65,0.031,-0.235,0.095,-0.221,-1.619,-0.011,-0.027,0.009,0.05,-1.12,79.23
4,-3.123,-1.140,18.70,0.031,-0.235,0.095,-0.221,-1.620,-0.012,-0.028,0.009,0.02,-1.13,79.24
4,-3.143,-1.191,18.75,0.031,-0.235,0.094,-0.222,-1.621,-0.013,-0.031,0.010,-0.00,-1.15,79.25
4,-3.160,-1.242,18.80,0.031,-0.235,0.094,-0.222,-1.621,-0.013,-0.032,0.011,-0.02,-1.17,79.26
4,-3.174,-1.294,18.85,0.031,-0.235,0.095,-0.222,-1.621,-0.012,-0.034,0.011,-0.04,-1.19,79.27
4,-3.184,-1.347,18.90,0.031,-0.235,0.095,-0.223,-1.621,-0.012,-0.035,0.012,-0.04,-1.22,79.29
4,-3.192,-1.400,18.95,0.031,-0.235,0.096,-0.224,-1.621,-0.010,-0.037,0.012,-0.03,-1.24,79.30
4,-3.196,-1.454,19.00,0.031,-0.235,0.106,-0.274,-1.622,-0.023,-0.046,0.009,0.34,-1.90,79.34
4,-3.198,-1.508,19.05,0.031,-0.235,0.106,-0.274,-1.622,-0.023,-0.046,0.009,0.34,-1.90,79.34
4,-3.196,-1.562,19.10,0.031,-0.235,0.104,-0.278,-1.623,-0.026,-0.044,0.010,0.34,-1.92,79.33
4,-3.191,-1.615,19.15,0.031,-0.235,0.103,-0.279,-1.624,-0.027,-0.043,0.011,0.33,-1.94,79.32
4,-3.183,-1.669,19.20,0.031,-0.235,0.101,-0.283,-1.625,-0.030,-0.041,0.012,0.32,-1.96,79.32
4,-3.171,-1.723,19.25,0.031,-0.235,0.100,-0.284,-1.625,-0.031,-0.040,0.012,0.31,-1.98,79.31
4,-3.157,-1.776,19.30,0.031,-0.235,0.097,-0.287,-1.626,-0.034,-0.038,0.013,0.29,-2.00,79.31
4,-3.140,-1.828,19.35,0.031,-0.235,0.096,-0.289,-1.627,-0.036,-0.037,0.014,0.27,-2.02,79.30
4,-3.119,-1.880,19.40,0.031,-0.235,0.094,-0.292,-1.627,-0.038,-0.035,0.015,0.25,-2.04,79.30
4,-3.096,-1.931,19.45,0.031,-0.235,0.093,-0.293,-1.627,-0.039,-0.034,0.016,0.23,-2.06,79.30
4,-3.070,-1.981,19.50,0.031,-0.235,0.091,-0.296,-1.628,-0.040,-0.033,0.017,0.20,-2.08,79.29
4,-3.041,-2.030,19.55,0.031,-0.235,0.090,-0.297,-1.628,-0.041,-0.032,0.017,0.18,-2.10,79.29
4,-3.009,-2.077,19.60,0.031,-0.235,0.088,-0.300,-1.627,-0.042,-0.030,0.018,0.16,-2.13,79.29
4,-2.974,-2.124,19.65,0.031,-0.235,0.087,-0.301,-1.627,-0.043,-0.029,0.018,0.15,-2.14,79.29
4,-2.937,-2.169,19.70,0.031,-0.235,0.085,-0.303,-1.626,-0.044,-0.027,0.018,0.13,-2.16,79.28
4,-2.897,-2.213,19.75,0.031,-0.235,0.084,-0.304,-1.626,-0.044,-0.026,0.018,0.12,-2.18,79.28
4,-2.855,-2.255,19.80,0.031,-0.235,0.082,-0.306,-1.625,-0.046,-0.024,0.017,0.10,-2.20,79.28
4,-2.811,-2.295,19.85,0.031,-0.235,0.081,-0.306,-1.624,-0.046,-0.023,0.017,0.09,-2.22,79.28
4,-2.764,-2.333,19.90,0.031,-0.235,0.079,-0.308,-1.623,-0.047,-0.021,0.016,0.07,-2.23,79.28
4,-2.716,-2.370,19.95,0.031,-0.235,0.077,-0.308,-1.622,-0.048,-0.020,0.016,0.06,-2.25,79.28
5,-1.222,-3.809,0.00,0.031,-0.235,0.007,-0.277,-1.607,0.015,0.020,-0.002,-0.39,-2.32,79.34
5,-1.322,-3.690,0.05,0.031,-0.235,0.007,-0.277,-1.607,0.015,0.020,-0.002,-0.39,-2.32,79.34
5,-1.426,-3.573,0.10,0.031,-0.235,0.008,-0.276,-1.608,0.015,0.019,-0.002,-0.38,-2.31,79.34
5,-1.534,-3.456,0.15,0.031,-0.235,0.008,-0.276,-1.608,0.015,0.018,-0.002,-0.36,-2.31,79.33
5,-1.644,-3.341,0.20,0.031,-0.235,0.009,-0.276,-1.608,0.012,0.017,-0.002,-0.34,-2.31,79.32
5,-1.758,-3.228,0.25,0.031,-0.235,0.009,-0.276,-1.608,0.011,0.017,-0.002,-0.31,-2.31,79.31
5,-1.875,-3.117,0.30,0.031,-0.235,0.010,-0.276,-1.609,0.006,0.017,-0.001,-0.28,-2.31,79.30
5,-1.995,-3.007,0.35,0.031,-0.235,0.010,-0.277,-1.609,0.003,0.017,-0.001,-0.26,-2.32,79.29
5,-2.117,-2.900,0.40,0.031,-0.235,0.009,-0.277,-1.609,-0.004,0.018,-0.001,-0.25,-2.33,79.28
5,-2.242,-2.796,0.45,0.031,-0.235,0.009,-0.277,-1.610,-0.008,0.018,-0.001,-0.25,-2.34,79.27
5,-2.370,-2.693,0.50,0.031,-0.235,0.007,-0.277,-1.610,-0.017,0.020,-0.000,-0.27,-2.35,79.26
5,-2.499,-2.594,0.55,0.031,-0.235,0.006,-0.277,-1.610,-0.022,0.021,0.000,-0.29,-2.36,79.26
5,-2.630,-2.497,0.60,0.031,-0.235,0.003,-0.277,-1.610,-0.032,0.024,0.001,-0.33,-2.36,79.25
5,-2.763,-2.403,0.65,0.031,-0.235,0.001,-0.276,-1.609,-0.037,0.026,0.001,-0.39,-2.37,79.25
5,-2.898,-2.312,0.70,0.031,-0.235,-0.004,-0.276,-1.609,-0.048,0.030,0.001,-0.46,-2.37,79.25
5,-3.034,-2.225,0.75,0.031,-0.235,-0.006,-0.275,-1.609,-0.053,0.032,0.001,-0.54,-2.37,79.25
5,-3.171,-2.141,0.80,0.031,-0.235,-0.012,-0.273,-1.608,-0.062,0.036,0.001,-0.63,-2.37,79.25
5,-3.308,-2.060,0.85,0.031,-0.235,-0.015,-0.272,-1.608,-0.066,0.038,0.000,-0.74,-2.36,79.26
5,-3.447,-1.983,0.90,0.031,-0.235,-0.022,-0.270,-1.607,-0.074,0.044,-0.000,-0.84,-2.35,79.26
5,-3.586,-1.910,0.95,0.031,-0.235,-0.025,-0.268,-1.607,-0.078,0.046,-0.001,-0.96,-2.33,79.27
5,-3.725,-1.841,1.00,0.031,-0.235,-0.128,-0.178,-1.615,-0.038,0.066,0.002,-2.68,-1.40,79.34
5,-3.864,-1.775,1.05,0.031,-0.235,-0.128,-0.178,-1.615,-0.038,0.066,0.002,-2.68,-1.40,79.34
5,-4.003,-1.714,1.10,0.031,-0.235,-0.130,-0.175,-1.616,-0.033,0.063,0.003,-2.70,-1.36,79.33
5,-4.141,-1.657,1.15,0.031,-0.235,-0.132,-0.171,-1.616,-0.025,0.058,0.004,-2.71,-1.33,79.32
5,-4.279,-1.604,1.20,0.031,-0.235,-0.132,-0.170,-1.617,-0.021,0.054,0.005,-2.73,-1.29,79.31
5,-4.416,-1.555,1.25,0.031,-0.235,-0.134,-0.167,-1.617,-0.013,0.046,0.006,-2.74,-1.27,79.30
5,-4.552,-1.511,1.30,0.031,-0.235,-0.134,-0.166,-1.617,-0.007,0.040,0.006,-2.75,-1.25,79.29
5,-4.687,-1.472,1.35,0.031,-0.235,-0.134,-0.164,-1.617,0.002,0.030,0.007,-2.75,-1.24,79.28
5,-4.820,-1.437,1.40,0.031,-0.235,-0.134,-0.164,-1.617,0.007,0.024,0.008,-2.75,-1.25,79.27
5,-4.952,-1.406,1.45,0.031,-0.235,-0.132,-0.163,-1.617,0.018,0.012,0.008,-2.73,-1.27,79.26
5,-5.082,-1.380,1.50,0.031,-0.235,-0.131,-0.164,-1.617,0.025,0.005,0.008,-2.70,-1.30,79.25
5,-5.210,-1.359,1.55,0.031,-0.235,-0.128,-0.164,-1.617,0.035,-0.008,0.008,-2.66,-1.34,79.24
5,-5.335,-1.343,1.60,0.031,-0.235,-0.126,-0.165,-1.616,0.041,-0.014,0.008,-2.61,-1.38,79.24
5,-5.458,-1.331,1.65,0.031,-0.235,-0.122,-0.166,-1.616,0.051,-0.025,0.008,-2.54,-1.44,79.24
5,-5.579,-1.324,1.70,0.031,-0.235,-0.119,-0.167,-1.616,0.058,-0.032,0.008,-2.47,-1.49,79.25
5,-5.696,-1.322,1.75,0.031,-0.235,-0.114,-0.169,-1.615,0.067,-0.042,0.008,-2.39,-1.56,79.26
5,-5.811,-1.325,1.80,0.031,-0.235,-0.111,-0.170,-1.615,0.072,-0.047,0.008,-2.30,-1.62,79.27
5,-5.922,-1.332,1.85,0.031,-0.235,-0.105,-0.173,-1.614,0.080,-0.056,0.008,-2.21,-1.68,79.29
5,-6.030,-1.344,1.90,0.031,-0.235,-0.101,-0.174,-1.614,0.085,-0.061,0.007,-2.11,-1.74,79.30
5,-6.135,-1.361,1.95,0.031,-0.235,-0.095,-0.177,-1.613,0.092,-0.068,0.007,-2.01,-1.81,79.31
5,-6.235,-1.383,2.00,0.031,-0.235,0.035,-0.250,-1.616,0.085,-0.088,0.004,-0.37,-2.76,79.28
5,-6.332,-1.409,2.05,0.031,-0.235,0.035,-0.250,-1.616,0.085,-0.088,0.004,-0.37,-2.76,79.28
5,-6.425,-1.440,2.10,0.031,-0.235,0.039,-0.253,-1.616,0.082,-0.086,0.005,-0.34,-2.78,79.29
5,-6.514,-1.475,2.15,0.031,-0.235,0.044,-0.257,-1.617,0.077,-0.084,0.005,-0.31,-2.79,79.30
5,-6.599,-1.515,2.20,0.031,-0.235,0.047,-0.259,-1.617,0.075,-0.083,0.006,-0.29,-2.80,79.31
5,-6.679,-1.560,2.25,0.031,-0.235,0.053,-0.262,-1.617,0.069,-0.082,0.007,-0.27,-2.81,79.33
5,-6.755,-1.609,2.30,0.031,-0.235,0.056,-0.265,-1.617,0.066,-0.082,0.007,-0.25,-2.83,79.34
5,-6.826,-1.662,2.35,0.031,-0.235,0.061,-0.269,-1.616,0.061,-0.083,0.007,-0.24,-2.84,79.36
5,-6.892,-1.720,2.40,0.031,-0.235,0.063,-0.271,-1.616,0.058,-0.084,0.007,-0.23,-2.87,79.37
5,-6.953,-1.781,2.45,0.031,-0.235,0.067,-0.276,-1.616,0.053,-0.086,0.007,-0.22,-2.90,79.38
5,-7.010,-1.847,2.50,0.031,-0.235,0.069,-0.278,-1.616,0.050,-0.087,0.007,-0.20,-2.94,79.38
5,-7.061,-1.917,2.55,0.031,-0.235,0.073,-0.283,-1.615,0.044,-0.089,0.006,-0.19,-2.98,79.38
5,-7.108,-1.990,2.60,0.031,-0.235,0.074,-0.285,-1.615,0.042,-0.090,0.006,-0.19,-3.03,79.37
5,-7.149,-2.068,2.65,0.031,-0.235,0.077,-0.289,-1.614,0.037,-0.093,0.006,-0.18,-3.08,79.37
5,-7.185,-2.148,2.70,0.031,-0.235,0.078,-0.292,-1.614,0.034,-0.094,0.005,-0.17,-3.14,79.36
5,-7.215,-2.233,2.75,0.031,-0.235,0.080,-0.297,-1.613,0.029,-0.096,0.005,-0.17,-3.20,79.35
5,-7.241,-2.321,2.80,0.031,-0.235,0.081,-0.299,-1.612,0.027,-0.097,0.004,-0.16,-3.26,79.34
5,-7.260,-2.412,2.85,0.031,-0.235,0.083,-0.304,-1.611,0.023,-0.099,0.003,-0.15,-3.32,79.32
5,-7.275,-2.506,2.90,0.031,-0.235,0.083,-0.307,-1.611,0.021,-0.100,0.002,-0.14,-3.39,79.31
5,-7.284,-2.603,2.95,0.031,-0.235,0.084,-0.313,-1.610,0.017,-0.102,0.001,-0.14,-3.46,79.30
5,-7.288,-2.703,3.00,0.031,-0.235,0.067,-0.398,-1.610,-0.009,-0.057,-0.007,-0.14,-4.59,79.19
5,-7.286,-2.805,3.05,0.031,-0.235,0.067,-0.398,-1.610,-0.009,-0.057,-0.007,-0.14,-4.59,79.19
5,-7.278,-2.910,3.10,0.031,-0.235,0.067,-0.401,-1.611,-0.009,-0.055,-0.006,-0.14,-4.61,79.22
5,-7.266,-3.018,3.15,0.031,-0.235,0.067,-0.405,-1.612,-0.007,-0.051,-0.005,-0.13,-4.64,79.25
5,-7.247,-3.127,3.20,0.031,-0.235,0.067,-0.407,-1.612,-0.007,-0.049,-0.005,-0.12,-4.66,79.27
5,-7.224,-3.239,3.25,0.031,-0.235,0.067,-0.411,-1.613,-0.006,-0.047,-0.004,-0.10,-4.68,79.29
5,-7.195,-3.352,3.30,0.031,-0.235,0.067,-0.414,-1.614,-0.006,-0.045,-0.004,-0.08,-4.70,79.31
5,-7.161,-3.467,3.35,0.031,-0.235,0.067,-0.418,-1.615,-0.007,-0.042,-0.003,-0.06,-4.73,79.32
5,-7.121,-3.584,3.40,0.031,-0.235,0.067,-0.420,-1.615,-0.008,-0.041,-0.002,-0.04,-4.75,79.33
5,-7.076,-3.701,3.45,0.031,-0.235,0.066,-0.424,-1.616,-0.010,-0.039,-0.001,-0.02,-4.78,79.34
5,-7.027,-3.820,3.50,0.031,-0.235,0.066,-0.426,-1.616,-0.012,-0.038,-0.001,-0.01,-4.81,79.35
5,-6.972,-3.940,3.55,0.031,-0.235,0.064,-0.430,-1.616,-0.015,-0.035,0.000,0.00,-4.84,79.36
5,-6.912,-4.061,3.60,0.031,-0.235,0.063,-0.432,-1.617,-0.017,-0.034,0.001,0.00,-4.88,79.37
5,-6.847,-4.182,3.65,0.031,-0.235,0.061,-0.435,-1.617,-0.021,-0.032,0.001,-0.00,-4.92,79.38
5,-6.777,-4.303,3.70,0.031,-0.235,0.059,-0.437,-1.617,-0.023,-0.030,0.002,-0.02,-4.95,79.38
5,-6.703,-4.425,3.75,0.031,-0.235,0.056,-0.439,-1.617,-0.028,-0.027,0.002,-0.03,-4.99,79.39
5,-6.624,-4.547,3.80,0.031,-0.235,0.054,-0.440,-1.617,-0.030,-0.025,0.002,-0.06,-5.02,79.39
5,-6.541,-4.668,3.85,0.031,-0.235,0.050,-0.442,-1.617,-0.034,-0.022,0.002,-0.10,-5.06,79.39
5,-6.454,-4.789,3.90,0.031,-0.235,0.048,-0.443,-1.618,-0.037,-0.020,0.002,-0.13,-5.09,79.40
5,-6.362,-4.910,3.95,0.031,-0.235,0.043,-0.445,-1.618,-0.041,-0.017,0.002,-0.18,-5.12,79.40
5,-6.266,-5.030,4.00,0.031,-0.235,-0.013,-0.454,-1.621,-0.027,0.031,0.007,-0.76,-5.54,79.29
5,-6.167,-5.149,4.05,0.031,-0.235,-0.013,-0.454,-1.621,-0.027,0.031,0.007,-0.76,-5.54,79.29
5,-6.063,-5.266,4.10,0.031,-0.235,-0.017,-0.453,-1.620,-0.025,0.034,0.007,-0.77,-5.54,79.30
5,-5.957,-5.383,4.15,0.031,-0.235,-0.018,-0.452,-1.620,-0.025,0.035,0.007,-0.79,-5.54,79.32
5,-5.846,-5.498,4.20,0.031,-0.235,-0.021,-0.450,-1.620,-0.025,0.039,0.007,-0.79,-5.54,79.34
5,-5.733,-5.611,4.25,0.031,-0.235,-0.022,-0.449,-1.620,-0.025,0.040,0.008,-0.80,-5.53,79.35
5,-5.616,-5.723,4.30,0.031,-0.235,-0.025,-0.446,-1.619,-0.027,0.044,0.007,-0.81,-5.53,79.35
5,-5.497,-5.832,4.35,0.031,-0.235,-0.026,-0.445,-1.619,-0.027,0.045,0.007,-0.82,-5.52,79.36
5,-5.374,-5.940,4.40,0.031,-0.235,-0.029,-0.442,-1.618,-0.030,0.049,0.007,-0.83,-5.51,79.35
5,-5.250,-6.045,4.45,0.031,-0.235,-0.030,-0.441,-1.618,-0.031,0.051,0.006,-0.85,-5.49,79.35
5,-5.123,-6.147,4.50,0.031,-0.235,-0.033,-0.437,-1.617,-0.035,0.055,0.006,-0.88,-5.48,79.34
5,-4.993,-6.247,4.55,0.031,-0.235,-0.034,-0.436,-1.617,-0.037,0.057,0.006,-0.91,-5.46,79.34
5,-4.862,-6.344,4.60,0.031,-0.235,-0.037,-0.432,-1.616,-0.041,0.060,0.006,-0.94,-5.44,79.33
5,-4.729,-6.439,4.65,0.031,-0.235,-0.038,-0.430,-1.616,-0.042,0.062,0.006,-0.99,-5.42,79.32
5,-4.595,-6.530,4.70,0.031,-0.235,-0.041,-0.426,-1.615,-0.046,0.065,0.005,-1.04,-5.41,79.30
5,-4.459,-6.618,4.75,0.031,-0.235,-0.043,-0.424,-1.614,-0.048,0.067,0.005,-1.09,-5.38,79.28
5,-4.323,-6.702,4.80,0.031,-0.235,-0.046,-0.419,-1.613,-0.051,0.070,0.004,-1.14,-5.36,79.27
5,-4.185,-6.783,4.85,0.031,-0.235,-0.047,-0.417,-1.613,-0.053,0.071,0.004,-1.21,-5.34,79.25
5,-4.047,-6.860,4.90,0.031,-0.235,-0.051,-0.411,-1.612,-0.057,0.074,0.003,-1.26,-5.32,79.24
5,-3.908,-6.934,4.95,0.031,-0.235,-0.053,-0.409,-1.612,-0.058,0.076,0.003,-1.33,-5.29,79.23
5,-3.769,-7.004,5.00,0.031,-0.235,-0.118,-0.321,-1.610,-0.039,0.059,-0.006,-2.57,-4.87,79.30
5,-3.629,-7.070,5.05,0.031,-0.235,-0.118,-0.321,-1.610,-0.039,0.059,-0.006,-2.57,-4.87,79.30
5,-3.491,-7.131,5.10,0.031,-0.235,-0.119,-0.320,-1.611,-0.036,0.057,-0.006,-2.58,-4.87,79.30
5,-3.352,-7.189,5.15,0.031,-0.235,-0.120,-0.317,-1.612,-0.032,0.055,-0.004,-2.58,-4.88,79.29
5,-3.214,-7.242,5.20,0.031,-0.235,-0.120,-0.316,-1.613,-0.031,0.054,-0.004,-2.57,-4.88,79.28
5,-3.077,-7.291,5.25,0.031,-0.235,-0.120,-0.313,-1.615,-0.029,0.053,-0.001,-2.55,-4.88,79.28
5,-2.941,-7.336,5.30,0.031,-0.235,-0.120,-0.312,-1.616,-0.028,0.052,-0.001,-2.52,-4.88,79.27
5,-2.806,-7.376,5.35,0.031,-0.235,-0.120,-0.310,-1.617,-0.029,0.053,0.002,-2.51,-4.88,79.27
5,-2.672,-7.411,5.40,0.031,-0.235,-0.120,-0.308,-1.618,-0.029,0.053,0.002,-2.49,-4.88,79.27
5,-2.540,-7.442,5.45,0.031,-0.235,-0.121,-0.306,-1.620,-0.031,0.056,0.005,-2.49,-4.87,79.26
5,-2.410,-7.469,5.50,0.031,-0.235,-0.121,-0.304,-1.620,-0.033,0.057,0.005,-2.49,-4.86,79.26
5,-2.282,-7.490,5.55,0.031,-0.235,-0.122,-0.301,-1.621,-0.036,0.061,0.007,-2.51,-4.85,79.27
5,-2.157,-7.507,5.60,0.031,-0.235,-0.122,-0.299,-1.622,-0.038,0.063,0.008,-2.54,-4.83,79.27
5,-2.033,-7.519,5.65,0.031,-0.235,-0.124,-0.294,-1.622,-0.042,0.068,0.010,-2.58,-4.80,79.28
5,-1.913,-7.527,5.70,0.031,-0.235,-0.124,-0.292,-1.622,-0.044,0.071,0.010,-2.62,-4.76,79.28
5,-1.795,-7.530,5.75,0.031,-0.235,-0.126,-0.288,-1.623,-0.048,0.076,0.011,-2.68,-4.72,79.29
5,-1.680,-7.527,5.80,0.031,-0.235,-0.128,-0.285,-1.623,-0.051,0.078,0.012,-2.75,-4.67,79.29
5,-1.568,-7.521,5.85,0.031,-0.235,-0.131,-0.280,-1.622,-0.056,0.083,0.012,-2.81,-4.63,79.30
5,-1.460,-7.509,5.90,0.031,-0.235,-0.132,-0.277,-1.622,-0.058,0.085,0.012,-2.90,-4.57,79.30
5,-1.355,-7.493,5.95,0.031,-0.235,-0.136,-0.272,-1.622,-0.062,0.089,0.013,-2.98,-4.52,79.30
5,-1.254,-7.471,6.00,0.031,-0.235,-0.189,-0.163,-1.616,-0.016,0.082,0.009,-4.37,-3.41,79.33
5,-1.156,-7.446,6.05,0.031,-0.235,-0.189,-0.163,-1.616,-0.016,0.082,0.009,-4.37,-3.41,79.33
5,-1.063,-7.415,6.10,0.031,-0.235,-0.189,-0.156,-1.615,-0.011,0.078,0.008,-4.37,-3.36,79.33
5,-0.974,-7.380,6.15,0.031,-0.235,-0.189,-0.153,-1.615,-0.008,0.075,0.008,-4.37,-3.31,79.33
5,-0.889,-7.341,6.20,0.031,-0.235,-0.188,-0.147,-1.614,-0.004,0.071,0.008,-4.37,-3.26,79.33
5,-0.808,-7.297,6.25,0.031,-0.235,-0.188,-0.144,-1.614,-0.001,0.067,0.007,-4.37,-3.23,79.32
5,-0.732,-7.248,6.30,0.031,-0.235,-0.188,-0.139,-1.613,0.003,0.062,0.007,-4.37,-3.19,79.32
5,-0.660,-7.195,6.35,0.031,-0.235,-0.188,-0.137,-1.613,0.005,0.058,0.007,-4.37,-3.16,79.32
5,-0.593,-7.138,6.40,0.031,-0.235,-0.187,-0.133,-1.613,0.009,0.052,0.006,-4.37,-3.14,79.31
5,-0.531,-7.077,6.45,0.031,-0.235,-0.187,-0.131,-1.613,0.011,0.048,0.006,-4.37,-3.12,79.30
5,-0.474,-7.012,6.50,0.031,-0.235,-0.186,-0.129,-1.613,0.015,0.041,0.005,-4.37,-3.11,79.30
5,-0.422,-6.943,6.55,0.031,-0.235,-0.185,-0.128,-1.612,0.017,0.037,0.005,-4.37,-3.10,79.29
5,-0.376,-6.870,6.60,0.031,-0.235,-0.184,-0.126,-1.612,0.020,0.030,0.005,-4.37,-3.10,79.28
5,-0.334,-6.793,6.65,0.031,-0.235,-0.183,-0.126,-1.612,0.022,0.025,0.004,-4.36,-3.11,79.27
5,-0.297,-6.712,6.70,0.031,-0.235,-0.182,-0.126,-1.612,0.025,0.018,0.004,-4.36,-3.12,79.26
5,-0.266,-6.628,6.75,0.031,-0.235,-0.181,-0.126,-1.612,0.027,0.015,0.004,-4.35,-3.14,79.25
5,-0.240,-6.541,6.80,0.031,-0.235,-0.179,-0.126,-1.612,0.030,0.008,0.004,-4.34,-3.16,79.25
5,-0.220,-6.450,6.85,0.031,-0.235,-0.178,-0.127,-1.612,0.031,0.004,0.004,-4.32,-3.18,79.24
5,-0.205,-6.356,6.90,0.031,-0.235,-0.175,-0.128,-1.612,0.034,-0.002,0.004,-4.31,-3.21,79.24
5,-0.195,-6.259,6.95,0.031,-0.235,-0.174,-0.129,-1.612,0.036,-0.005,0.004,-4.29,-3.24,79.25
5,-0.191,-6.160,7.00,0.031,-0.235,-0.124,-0.146,-1.610,0.041,-0.022,0.001,-4.06,-3.43,79.19
5,-0.192,-6.057,7.05,0.031,-0.235,-0.124,-0.146,-1.610,0.041,-0.022,0.001,-4.06,-3.43,79.19
5,-0.199,-5.953,7.10,0.031,-0.235,-0.123,-0.146,-1.610,0.041,-0.022,0.001,-4.06,-3.42,79.19
5,-0.211,-5.846,7.15,0.031,-0.235,-0.120,-0.146,-1.610,0.040,-0.020,0.001,-4.07,-3.42,79.19
5,-0.229,-5.736,7.20,0.031,-0.235,-0.119,-0.146,-1.611,0.039,-0.018,0.001,-4.07,-3.43,79.20
5,-0.252,-5.625,7.25,0.031,-0.235,-0.117,-0.146,-1.611,0.038,-0.012,0.002,-4.06,-3.42,79.20
5,-0.280,-5.512,7.30,0.031,-0.235,-0.116,-0.146,-1.612,0.038,-0.009,0.002,-4.06,-3.42,79.21
5,-0.314,-5.397,7.35,0.031,-0.235,-0.113,-0.146,-1.612,0.037,-0.003,0.003,-4.06,-3.41,79.22
5,-0.353,-5.281,7.40,0.031,-0.235,-0.112,-0.145,-1.613,0.037,0.001,0.003,-4.06,-3.38,79.24
5,-0.397,-5.163,7.45,0.031,-0.235,-0.109,-0.144,-1.614,0.037,0.010,0.004,-4.06,-3.35,79.25
5,-0.446,-5.044,7.50,0.031,-0.235,-0.108,-0.144,-1.615,0.037,0.015,0.005,-4.06,-3.31,79.27
5,-0.500,-4.924,7.55,0.031,-0.235,-0.105,-0.142,-1.616,0.037,0.024,0.006,-4.07,-3.25,79.28
5,-0.560,-4.804,7.60,0.031,-0.235,-0.104,-0.141,-1.616,0.037,0.029,0.007,-4.08,-3.19,79.30
5,-0.624,-4.683,7.65,0.031,-0.235,-0.100,-0.137,-1.617,0.037,0.040,0.008,-4.09,-3.11,79.31
5,-0.693,-4.561,7.70,0.031,-0.235,-0.098,-0.135,-1.617,0.038,0.045,0.009,-4.10,-3.04,79.33
5,-0.767,-4.440,7.75,0.031,-0.235,-0.095,-0.131,-1.617,0.039,0.055,0.011,-4.11,-2.94,79.34
5,-0.845,-4.318,7.80,0.031,-0.235,-0.093,-0.129,-1.617,0.039,0.060,0.011,-4.11,-2.84,79.35
5,-0.928,-4.197,7.85,0.031,-0.235,-0.089,-0.123,-1.617,0.040,0.070,0.012,-4.12,-2.74,79.37
5,-1.015,-4.075,7.90,0.031,-0.235,-0.088,-0.120,-1.616,0.040,0.074,0.013,-4.12,-2.63,79.38
5,-1.106,-3.955,7.95,0.031,-0.235,-0.085,-0.114,-1.615,0.040,0.082,0.013,-4.13,-2.51,79.39
5,-1.201,-3.835,8.00,0.031,-0.235,-0.029,0.007,-1.617,0.045,0.054,0.011,-4.09,-0.42,79.34
5,-1.301,-3.716,8.05,0.031,-0.235,-0.029,0.007,-1.617,0.045,0.054,0.011,-4.09,-0.42,79.34
5,-1.403,-3.598,8.10,0.031,-0.235,-0.027,0.008,-1.617,0.045,0.049,0.011,-4.08,-0.40,79.36
5,-1.510,-3.481,8.15,0.031,-0.235,-0.024,0.009,-1.617,0.043,0.039,0.012,-4.07,-0.40,79.37
5,-1.620,-3.366,8.20,0.031,-0.235,-0.023,0.010,-1.617,0.042,0.035,0.012,-4.06,-0.40,79.39
5,-1.733,-3.253,8.25,0.031,-0.235,-0.020,0.010,-1.617,0.040,0.024,0.012,-4.05,-0.40,79.41
5,-1.849,-3.141,8.30,0.031,-0.235,-0.019,0.009,-1.617,0.039,0.020,0.012,-4.04,-0.42,79.42
5,-1.969,-3.031,8.35,0.031,-0.235,-0.018,0.008,-1.616,0.036,0.011,0.012,-4.03,-0.44,79.43
5,-2.091,-2.923,8.40,0.031,-0.235,-0.018,0.007,-1.616,0.035,0.007,0.012,-4.02,-0.46,79.43
5,-2.215,-2.818,8.45,0.031,-0.235,-0.017,0.005,-1.615,0.031,-0.003,0.012,-4.02,-0.49,79.43
5,-2.342,-2.715,8.50,0.031,-0.235,-0.017,0.004,-1.615,0.030,-0.006,0.012,-4.02,-0.52,79.43
5,-2.471,-2.615,8.55,0.031,-0.235,-0.017,0.001,-1.615,0.028,-0.014,0.011,-4.02,-0.56,79.43
5,-2.602,-2.517,8.60,0.031,-0.235,-0.017,-0.001,-1.615,0.027,-0.017,0.011,-4.03,-0.60,79.43
5,-2.734,-2.423,8.65,0.031,-0.235,-0.017,-0.005,-1.614,0.025,-0.024,0.010,-4.03,-0.64,79.43
5,-2.869,-2.332,8.70,0.031,-0.235,-0.017,-0.007,-1.614,0.024,-0.027,0.010,-4.04,-0.68,79.43
5,-3.004,-2.243,8.75,0.031,-0.235,-0.018,-0.011,-1.614,0.023,-0.032,0.009,-4.05,-0.72,79.43
5,-3.141,-2.159,8.80,0.031,-0.235,-0.018,-0.013,-1.614,0.022,-0.034,0.009,-4.06,-0.77,79.43
5,-3.278,-2.077,8.85,0.031,-0.235,-0.018,-0.018,-1.614,0.021,-0.037,0.008,-4.06,-0.80,79.43
5,-3.417,-1.999,8.90,0.031,-0.235,-0.018,-0.020,-1.614,0.021,-0.039,0.008,-4.07,-0.84,79.43
5,-3.556,-1.925,8.95,0.031,-0.235,-0.017,-0.025,-1.614,0.021,-0.042,0.008,-4.07,-0.87,79.43
5,-3.695,-1.855,9.00,0.031,-0.235,0.006,-0.078,-1.614,0.025,-0.030,0.009,-3.88,-0.98,79.32
5,-3.834,-1.789,9.05,0.031,-0.235,0.006,-0.078,-1.614,0.025,-0.030,0.009,-3.88,-0.98,79.32
5,-3.973,-1.727,9.10,0.031,-0.235,0.008,-0.081,-1.614,0.024,-0.029,0.008,-3.88,-0.97,79.32
5,-4.111,-1.669,9.15,0.031,-0.235,0.009,-0.082,-1.614,0.024,-0.029,0.008,-3.87,-0.96,79.33
5,-4.249,-1.615,9.20,0.031,-0.235,0.011,-0.085,-1.614,0.023,-0.029,0.008,-3.86,-0.96,79.33
5,-4.387,-1.566,9.25,0.031,-0.235,0.012,-0.086,-1.614,0.022,-0.029,0.008,-3.85,-0.95,79.34
5,-4.523,-1.521,9.30,0.031,-0.235,0.014,-0.088,-1.614,0.021,-0.028,0.008,-3.85,-0.94,79.35
5,-4.658,-1.480,9.35,0.031,-0.235,0.015,-0.089,-1.614,0.020,-0.028,0.008,-3.84,-0.94,79.35
5,-4.792,-1.444,9.40,0.031,-0.235,0.016,-0.092,-1.614,0.018,-0.027,0.008,-3.84,-0.94,79.35
5,-4.924,-1.412,9.45,0.031,-0.235,0.017,-0.093,-1.614,0.018,-0.027,0.008,-3.83,-0.94,79.36
5,-5.054,-1.386,9.50,0.031,-0.235,0.018,-0.094,-1.614,0.016,-0.026,0.007,-3.83,-0.94,79.36
5,-5.182,-1.363,9.55,0.031,-0.235,0.018,-0.095,-1.614,0.015,-0.025,0.007,-3.83,-0.94,79.35
5,-5.308,-1.346,9.60,0.031,-0.235,0.019,-0.096,-1.614,0.013,-0.024,0.007,-3.83,-0.93,79.35
5,-5.432,-1.333,9.65,0.031,-0.235,0.020,-0.096,-1.614,0.012,-0.023,0.007,-3.84,-0.93,79.34
5,-5.553,-1.325,9.70,0.031,-0.235,0.020,-0.097,-1.614,0.010,-0.022,0.007,-3.84,-0.92,79.33
5,-5.671,-1.322,9.75,0.031,-0.235,0.021,-0.098,-1.614,0.010,-0.022,0.007,-3.85,-0.91,79.33
5,-5.786,-1.324,9.80,0.031,-0.235,0.021,-0.098,-1.615,0.008,-0.020,0.007,-3.86,-0.90,79.32
5,-5.898,-1.330,9.85,0.031,-0.235,0.021,-0.098,-1.615,0.007,-0.020,0.007,-3.87,-0.89,79.31
5,-6.007,-1.341,9.90,0.031,-0.235,0.022,-0.098,-1.615,0.006,-0.019,0.007,-3.87,-0.87,79.30
5,-6.112,-1.357,9.95,0.031,-0.235,0.022,-0.098,-1.615,0.006,-0.019,0.007,-3.88,-0.86,79.29
5,-6.214,-1.378,10.00,0.031,-0.235,0.021,-0.113,-1.617,0.007,-0.023,0.007,-4.02,-0.78,79.24
5,-6.312,-1.403,10.05,0.031,-0.235,0.021,-0.113,-1.617,0.007,-0.023,0.007,-4.02,-0.78,79.24
5,-6.406,-1.433,10.10,0.031,-0.235,0.022,-0.113,-1.617,0.007,-0.024,0.008,-4.00,-0.77,79.24
5,-6.495,-1.467,10.15,0.031,-0.235,0.025,-0.115,-1.617,0.009,-0.028,0.008,-3.99,-0.74,79.23
5,-6.581,-1.506,10.20,0.031,-0.235,0.026,-0.116,-1.618,0.010,-0.033,0.009,-3.99,-0.71,79.23
5,-6.662,-1.550,10.25,0.031,-0.235,0.028,-0.118,-1.618,0.012,-0.044,0.009,-3.99,-0.69,79.24
5,-6.739,-1.598,10.30,0.031,-0.235,0.029,-0.119,-1.618,0.013,-0.051,0.009,-4.00,-0.68,79.24
5,-6.811,-1.650,10.35,0.031,-0.235,0.031,-0.123,-1.618,0.016,-0.067,0.010,-4.00,-0.70,79.25
5,-6.878,-1.707,10.40,0.031,-0.235,0.033,-0.127,-1.618,0.018,-0.079,0.010,-4.01,-0.74,79.26
5,-6.940,-1.768,10.45,0.031,-0.235,0.035,-0.133,-1.618,0.022,-0.099,0.011,-4.00,-0.82,79.28
5,-6.998,-1.832,10.50,0.031,-0.235,0.036,-0.137,-1.618,0.025,-0.109,0.011,-3.99,-0.92,79.30
5,-7.050,-1.901,10.55,0.031,-0.235,0.039,-0.145,-1.617,0.031,-0.131,0.011,-3.96,-1.05,79.32
5,-7.098,-1.974,10.60,0.031,-0.235,0.041,-0.151,-1.617,0.036,-0.145,0.011,-3.92,-1.19,79.33
5,-7.140,-2.050,10.65,0.031,-0.235,0.045,-0.162,-1.616,0.043,-0.167,0.011,-3.86,-1.37,79.35
5,-7.177,-2.131,10.70,0.031,-0.235,0.046,-0.168,-1.615,0.048,-0.177,0.010,-3.80,-1.54,79.37
5,-7.209,-2.214,10.75,0.031,-0.235,0.051,-0.181,-1.614,0.057,-0.198,0.009,-3.71,-1.75,79.39
5,-7.235,-2.301,10.80,0.031,-0.235,0.054,-0.190,-1.614,0.063,-0.210,0.009,-3.62,-1.95,79.41
5,-7.257,-2.392,10.85,0.031,-0.235,0.059,-0.205,-1.613,0.073,-0.227,0.008,-3.50,-2.18,79.42
5,-7.272,-2.485,10.90,0.031,-0.235,0.062,-0.213,-1.613,0.077,-0.235,0.007,-3.38,-2.40,79.43
5,-7.282,-2.582,10.95,0.031,-0.235,0.068,-0.229,-1.613,0.087,-0.249,0.006,-3.24,-2.64,79.44
5,-7.287,-2.681,11.00,0.031,-0.235,0.216,-0.501,-1.620,0.136,-0.146,0.006,-0.09,-5.64,79.53
5,-7.287,-2.783,11.05,0.031,-0.235,0.216,-0.501,-1.620,0.136,-0.146,0.006,-0.09,-5.64,79.53
5,-7.280,-2.887,11.10,0.031,-0.235,0.225,-0.507,-1.621,0.131,-0.128,0.007,0.00,-5.64,79.56
5,-7.269,-2.994,11.15,0.031,-0.235,0.229,-0.510,-1.621,0.128,-0.119,0.007,0.09,-5.63,79.58
5,-7.252,-3.103,11.20,0.031,-0.235,0.237,-0.516,-1.621,0.120,-0.100,0.008,0.17,-5.61,79.59
5,-7.229,-3.215,11.25,0.031,-0.235,0.241,-0.518,-1.622,0.116,-0.091,0.008,0.23,-5.58,79.60
5,-7.202,-3.327,11.30,0.031,-0.235,0.247,-0.522,-1.623,0.108,-0.075,0.008,0.30,-5.55,79.60
5,-7.168,-3.442,11.35,0.031,-0.235,0.250,-0.524,-1.623,0.103,-0.067,0.009,0.34,-5.51,79.61
5,-7.130,-3.558,11.40,0.031,-0.235,0.255,-0.526,-1.624,0.093,-0.050,0.010,0.39,-5.47,79.62
5,-7.086,-3.676,11.45,0.031,-0.235,0.257,-0.527,-1.624,0.088,-0.043,0.011,0.42,-5.43,79.63
5,-7.038,-3.794,11.50,0.031,-0.235,0.259,-0.527,-1.625,0.077,-0.028,0.012,0.44,-5.39,79.65
5,-6.984,-3.914,11.55,0.031,-0.235,0.260,-0.527,-1.625,0.072,-0.021,0.012,0.46,-5.34,79.67
5,-6.925,-4.035,11.60,0.031,-0.235,0.262,-0.525,-1.625,0.061,-0.007,0.014,0.46,-5.29,79.69
5,-6.861,-4.156,11.65,0.031,-0.235,0.263,-0.524,-1.625,0.056,-0.000,0.014,0.45,-5.25,79.70
5,-6.793,-4.277,11.70,0.031,-0.235,0.263,-0.522,-1.624,0.046,0.011,0.015,0.43,-5.19,79.71
5,-6.720,-4.399,11.75,0.031,-0.235,0.263,-0.521,-1.624,0.042,0.017,0.015,0.41,-5.14,79.72
5,-6.642,-4.520,11.80,0.031,-0.235,0.264,-0.517,-1.623,0.032,0.028,0.015,0.39,-5.09,79.70
5,-6.560,-4.642,11.85,0.031,-0.235,0.264,-0.515,-1.623,0.029,0.033,0.015,0.36,-5.03,79.67
5,-6.473,-4.763,11.90,0.031,-0.235,0.264,-0.511,-1.622,0.022,0.041,0.015,0.33,-4.98,79.62
5,-6.382,-4.884,11.95,0.031,-0.235,0.264,-0.509,-1.622,0.019,0.045,0.015,0.31,-4.93,79.56
5,-6.287,-5.004,12.00,0.031,-0.235,0.235,-0.445,-1.616,-0.036,0.062,0.007,0.10,-4.50,79.40
5,-6.189,-5.123,12.05,0.031,-0.235,0.235,-0.445,-1.616,-0.036,0.062,0.007,0.10,-4.50,79.40
5,-6.086,-5.241,12.10,0.031,-0.235,0.234,-0.443,-1.616,-0.035,0.062,0.007,0.11,-4.50,79.36
5,-5.980,-5.358,12.15,0.031,-0.235,0.233,-0.439,-1.616,-0.035,0.062,0.007,0.12,-4.51,79.31
5,-5.870,-5.473,12.20,0.031,-0.235,0.233,-0.437,-1.616,-0.035,0.063,0.007,0.14,-4.51,79.28
5,-5.758,-5.587,12.25,0.031,-0.235,0.232,-0.433,-1.616,-0.035,0.063,0.007,0.16,-4.50,79.24
5,-5.642,-5.699,12.30,0.031,-0.235,0.232,-0.431,-1.616,-0.035,0.063,0.007,0.18,-4.49,79.21
5,-5.523,-5.809,12.35,0.031,-0.235,0.231,-0.427,-1.616,-0.035,0.062,0.007,0.21,-4.48,79.18
5,-5.401,-5.917,12.40,0.031,-0.235,0.231,-0.425,-1.616,-0.035,0.062,0.007,0.22,-4.46,79.17
5,-5.277,-6.022,12.45,0.031,-0.235,0.230,-0.421,-1.616,-0.036,0.062,0.007,0.25,-4.45,79.16
5,-5.150,-6.125,12.50,0.031,-0.235,0.229,-0.419,-1.616,-0.037,0.062,0.008,0.26,-4.44,79.16
5,-5.021,-6.226,12.55,0.031,-0.235,0.228,-0.415,-1.615,-0.038,0.062,0.008,0.27,-4.42,79.16
5,-4.891,-6.324,12.60,0.031,-0.235,0.228,-0.413,-1.615,-0.039,0.061,0.008,0.28,-4.41,79.17
5,-4.758,-6.419,12.65,0.031,-0.235,0.226,-0.409,-1.614,-0.041,0.061,0.007,0.29,-4.40,79.19
5,-4.624,-6.510,12.70,0.031,-0.235,0.225,-0.407,-1.614,-0.042,0.060,0.007,0.29,-4.39,79.21
5,-4.489,-6.599,12.75,0.031,-0.235,0.222,-0.403,-1.613,-0.045,0.059,0.007,0.29,-4.37,79.24
5,-4.352,-6.684,12.80,0.031,-0.235,0.220,-0.401,-1.612,-0.047,0.058,0.006,0.28,-4.37,79.27
5,-4.215,-6.766,12.85,0.031,-0.235,0.216,-0.398,-1.611,-0.050,0.057,0.006,0.26,-4.36,79.30
5,-4.077,-6.844,12.90,0.031,-0.235,0.214,-0.396,-1.611,-0.052,0.056,0.005,0.25,-4.36,79.33
5,-3.938,-6.918,12.95,0.031,-0.235,0.209,-0.393,-1.610,-0.055,0.054,0.005,0.22,-4.36,79.37
5,-3.799,-6.989,13.00,0.031,-0.235,0.143,-0.339,-1.599,-0.034,0.038,-0.010,-0.11,-4.33,79.28
5,-3.660,-7.056,13.05,0.031,-0.235,0.143,-0.339,-1.599,-0.034,0.038,-0.010,-0.11,-4.33,79.28
5,-3.521,-7.118,13.10,0.031,-0.235,0.143,-0.337,-1.599,-0.033,0.037,-0.010,-0.10,-4.31,79.28
5,-3.382,-7.177,13.15,0.031,-0.235,0.141,-0.335,-1.599,-0.032,0.035,-0.010,-0.08,-4.29,79.28
5,-3.244,-7.231,13.20,0.031,-0.235,0.141,-0.334,-1.599,-0.033,0.034,-0.010,-0.03,-4.27,79.29
5,-3.106,-7.281,13.25,0.031,-0.235,0.140,-0.332,-1.599,-0.036,0.031,-0.010,0.01,-4.25,79.30
5,-2.970,-7.326,13.30,0.031,-0.235,0.140,-0.331,-1.600,-0.039,0.029,-0.010,0.07,-4.24,79.31
5,-2.835,-7.367,13.35,0.031,-0.235,0.138,-0.331,-1.600,-0.049,0.026,-0.010,0.11,-4.24,79.32
5,-2.701,-7.404,13.40,0.031,-0.235,0.137,-0.330,-1.600,-0.054,0.024,-0.010,0.14,-4.24,79.33
5,-2.569,-7.436,13.45,0.031,-0.235,0.135,-0.331,-1.600,-0.066,0.021,-0.010,0.14,-4.26,79.33
5,-2.438,-7.463,13.50,0.031,-0.235,0.133,-0.331,-1.600,-0.073,0.020,-0.010,0.13,-4.29,79.34
5,-2.310,-7.486,13.55,0.031,-0.235,0.129,-0.331,-1.601,-0.090,0.018,-0.009,0.11,-4.31,79.34
5,-2.184,-7.504,13.60,0.031,-0.235,0.126,-0.332,-1.601,-0.098,0.018,-0.010,0.04,-4.35,79.34
5,-2.060,-7.517,13.65,0.031,-0.235,0.120,-0.333,-1.602,-0.116,0.017,-0.010,-0.02,-4.38,79.34
5,-1.938,-7.526,13.70,0.031,-0.235,0.116,-0.333,-1.603,-0.125,0.017,-0.010,-0.13,-4.44,79.34
5,-1.820,-7.529,13.75,0.031,-0.235,0.106,-0.334,-1.605,-0.145,0.018,-0.009,-0.23,-4.47,79.33
5,-1.704,-7.528,13.80,0.031,-0.235,0.101,-0.335,-1.606,-0.154,0.019,-0.009,-0.39,-4.53,79.31
5,-1.592,-7.522,13.85,0.031,-0.235,0.089,-0.335,-1.607,-0.173,0.021,-0.009,-0.52,-4.57,79.30
5,-1.483,-7.512,13.90,0.031,-0.235,0.083,-0.336,-1.608,-0.181,0.023,-0.008,-0.73,-4.62,79.28
5,-1.377,-7.497,13.95,0.031,-0.235,0.068,-0.336,-1.610,-0.199,0.027,-0.007,-0.88,-4.66,79.27
5,-1.275,-7.476,14.00,0.031,-0.235,-0.195,-0.256,-1.620,-0.153,0.106,0.005,-4.70,-4.14,79.18
5,-1.177,-7.452,14.05,0.031,-0.235,-0.195,-0.256,-1.620,-0.153,0.106,0.005,-4.70,-4.14,79.18
5,-1.083,-7.422,14.10,0.031,-0.235,-0.204,-0.249,-1.620,-0.138,0.106,0.005,-4.75,-4.07,79.18
5,-0.993,-7.388,14.15,0.031,-0.235,-0.208,-0.245,-1.620,-0.128,0.106,0.006,-4.77,-4.02,79.19
5,-0.907,-7.350,14.20,0.031,-0.235,-0.215,-0.238,-1.620,-0.114,0.106,0.006,-4.79,-3.96,79.19
5,-0.825,-7.307,14.25,0.031,-0.235,-0.218,-0.234,-1.620,-0.107,0.106,0.006,-4.79,-3.91,79.20
5,-0.748,-7.259,14.30,0.031,-0.235,-0.223,-0.228,-1.620,-0.094,0.106,0.006,-4.79,-3.85,79.21
5,-0.675,-7.207,14.35,0.031,-0.235,-0.226,-0.224,-1.620,-0.086,0.107,0.006,-4.78,-3.80,79.21
5,-0.607,-7.151,14.40,0.031,-0.235,-0.230,-0.218,-1.620,-0.075,0.108,0.007,-4.77,-3.74,79.21
5,-0.544,-7.091,14.45,0.031,-0.235,-0.231,-0.215,-1.621,-0.069,0.108,0.007,-4.77,-3.68,79.20
5,-0.486,-7.026,14.50,0.031,-0.235,-0.234,-0.209,-1.621,-0.059,0.109,0.008,-4.77,-3.62,79.19
5,-0.433,-6.958,14.55,0.031,-0.235,-0.236,-0.205,-1.621,-0.053,0.109,0.008,-4.77,-3.56,79.17
5,-0.385,-6.886,14.60,0.031,-0.235,-0.238,-0.200,-1.622,-0.044,0.110,0.009,-4.77,-3.50,79.15
5,-0.342,-6.810,14.65,0.031,-0.235,-0.239,-0.197,-1.622,-0.040,0.110,0.009,-4.77,-3.45,79.14
5,-0.305,-6.730,14.70,0.031,-0.235,-0.241,-0.191,-1.622,-0.033,0.111,0.010,-4.78,-3.39,79.13
5,-0.272,-6.647,14.75,0.031,-0.235,-0.242,-0.188,-1.622,-0.028,0.112,0.011,-4.78,-3.33,79.13
5,-0.245,-6.560,14.80,0.031,-0.235,-0.243,-0.181,-1.622,-0.021,0.114,0.011,-4.79,-3.26,79.13
5,-0.224,-6.470,14.85,0.031,-0.235,-0.243,-0.178,-1.622,-0.018,0.114,0.011,-4.81,-3.20,79.14
5,-0.208,-6.377,14.90,0.031,-0.235,-0.244,-0.171,-1.621,-0.011,0.116,0.012,-4.82,-3.13,79.16
5,-0.197,-6.280,14.95,0.031,-0.235,-0.244,-0.166,-1.621,-0.007,0.117,0.012,-4.84,-3.06,79.18
5,-0.191,-6.181,15.00,0.031,-0.235,-0.199,-0.052,-1.608,0.060,0.065,0.001,-4.89,-1.63,79.29
5,-0.191,-6.080,15.05,0.031,-0.235,-0.199,-0.052,-1.608,0.060,0.065,0.001,-4.89,-1.63,79.29
5,-0.197,-5.976,15.10,0.031,-0.235,-0.196,-0.048,-1.608,0.061,0.058,0.000,-4.89,-1.60,79.28
5,-0.208,-5.869,15.15,0.031,-0.235,-0.193,-0.045,-1.608,0.062,0.054,0.000,-4.89,-1.57,79.27
5,-0.224,-5.760,15.20,0.031,-0.235,-0.190,-0.042,-1.608,0.063,0.048,0.001,-4.89,-1.56,79.26
5,-0.246,-5.649,15.25,0.031,-0.235,-0.188,-0.040,-1.608,0.064,0.046,0.000,-4.89,-1.54,79.25
5,-0.273,-5.536,15.30,0.031,-0.235,-0.184,-0.038,-1.608,0.066,0.040,0.001,-4.89,-1.53,79.24
5,-0.306,-5.422,15.35,0.031,-0.235,-0.182,-0.036,-1.608,0.068,0.037,0.001,-4.88,-1.52,79.23
5,-0.344,-5.306,15.40,0.031,-0.235,-0.178,-0.034,-1.608,0.071,0.033,0.001,-4.88,-1.51,79.23
5,-0.387,-5.189,15.45,0.031,-0.235,-0.176,-0.033,-1.608,0.072,0.031,0.001,-4.86,-1.50,79.22
5,-0.435,-5.070,15.50,0.031,-0.235,-0.171,-0.031,-1.608,0.075,0.027,0.001,-4.85,-1.49,79.22
5,-0.488,-4.950,15.55,0.031,-0.235,-0.168,-0.029,-1.608,0.077,0.026,0.001,-4.83,-1.47,79.22
5,-0.547,-4.830,15.60,0.031,-0.235,-0.163,-0.027,-1.609,0.081,0.023,0.001,-4.81,-1.45,79.23
5,-0.610,-4.709,15.65,0.031,-0.235,-0.161,-0.026,-1.609,0.083,0.022,0.002,-4.78,-1.43,79.24
5,-0.678,-4.588,15.70,0.031,-0.235,-0.155,-0.024,-1.609,0.087,0.020,0.002,-4.75,-1.40,79.26
5,-0.750,-4.466,15.75,0.031,-0.235,-0.151,-0.023,-1.610,0.089,0.018,0.003,-4.72,-1.37,79.27
5,-0.828,-4.344,15.80,0.031,-0.235,-0.145,-0.022,-1.611,0.092,0.016,0.003,-4.68,-1.34,79.29
5,-0.909,-4.223,15.85,0.031,-0.235,-0.141,-0.021,-1.611,0.094,0.015,0.004,-4.64,-1.31,79.31
5,-0.996,-4.102,15.90,0.031,-0.235,-0.134,-0.020,-1.612,0.097,0.014,0.005,-4.60,-1.27,79.33
5,-1.086,-3.981,15.95,0.031,-0.235,-0.130,-0.019,-1.612,0.098,0.013,0.005,-4.55,-1.23,79.35
5,-1.180,-3.861,16.00,0.031,-0.235,-0.013,-0.011,-1.608,0.068,-0.036,0.006,-3.75,-0.66,79.36
5,-1.279,-3.741,16.05,0.031,-0.235,-0.013,-0.011,-1.608,0.068,-0.036,0.006,-3.75,-0.66,79.36
5,-1.381,-3.623,16.10,0.031,-0.235,-0.011,-0.012,-1.608,0.066,-0.038,0.006,-3.74,-0.67,79.35
5,-1.487,-3.506,16.15,0.031,-0.235,-0.006,-0.015,-1.607,0.062,-0.043,0.005,-3.73,-0.69,79.35
5,-1.596,-3.391,16.20,0.031,-0.235,-0.004,-0.016,-1.607,0.060,-0.045,0.005,-3.73,-0.70,79.34
5,-1.708,-3.277,16.25,0.031,-0.235,0.000,-0.019,-1.607,0.059,-0.050,0.004,-3.74,-0.72,79.34
5,-1.824,-3.165,16.30,0.031,-0.235,0.002,-0.021,-1.607,0.058,-0.052,0.004,-3.75,-0.74,79.33
5,-1.943,-3.055,16.35,0.031,-0.235,0.006,-0.024,-1.606,0.058,-0.057,0.004,-3.75,-0.76,79.32
5,-2.064,-2.946,16.40,0.031,-0.235,0.008,-0.026,-1.606,0.058,-0.059,0.004,-3.75,-0.78,79.32
5,-2.188,-2.841,16.45,0.031,-0.235,0.012,-0.029,-1.606,0.059,-0.063,0.003,-3.75,-0.81,79.32
5,-2.314,-2.737,16.50,0.031,-0.235,0.014,-0.031,-1.606,0.060,-0.065,0.003,-3.73,-0.84,79.31
5,-2.443,-2.636,16.55,0.031,-0.235,0.019,-0.034,-1.606,0.063,-0.070,0.003,-3.71,-0.86,79.31
5,-2.573,-2.538,16.60,0.031,-0.235,0.021,-0.036,-1.606,0.064,-0.071,0.003,-3.68,-0.89,79.30
5,-2.706,-2.443,16.65,0.031,-0.235,0.025,-0.039,-1.606,0.067,-0.075,0.003,-3.64,-0.92,79.30
5,-2.839,-2.351,16.70,0.031,-0.235,0.027,-0.041,-1.606,0.069,-0.077,0.003,-3.60,-0.94,79.30
5,-2.975,-2.262,16.75,0.031,-0.235,0.033,-0.045,-1.606,0.072,-0.080,0.004,-3.54,-0.97,79.29
5,-3.111,-2.177,16.80,0.031,-0.235,0.035,-0.047,-1.606,0.074,-0.081,0.003,-3.49,-0.99,79.30
5,-3.249,-2.094,16.85,0.031,-0.235,0.040,-0.051,-1.606,0.077,-0.084,0.004,-3.42,-1.01,79.31
5,-3.387,-2.016,16.90,0.031,-0.235,0.043,-0.053,-1.606,0.079,-0.085,0.004,-3.36,-1.04,79.31
5,-3.525,-1.941,16.95,0.031,-0.235,0.049,-0.058,-1.605,0.082,-0.087,0.004,-3.28,-1.06,79.33
5,-3.664,-1.870,17.00,0.031,-0.235,0.111,-0.138,-1.598,0.037,-0.076,-0.005,-2.27,-1.42,79.31
5,-3.804,-1.803,17.05,0.031,-0.235,0.111,-0.138,-1.598,0.037,-0.076,-0.005,-2.27,-1.42,79.31
5,-3.943,-1.740,17.10,0.031,-0.235,0.111,-0.141,-1.598,0.035,-0.075,-0.006,-2.28,-1.45,79.33
5,-4.081,-1.681,17.15,0.031,-0.235,0.112,-0.148,-1.598,0.032,-0.075,-0.006,-2.29,-1.47,79.35
5,-4.220,-1.626,17.20,0.031,-0.235,0.112,-0.151,-1.598,0.030,-0.076,-0.006,-2.31,-1.49,79.37
5,-4.357,-1.576,17.25,0.031,-0.235,0.112,-0.157,-1.599,0.029,-0.078,-0.007,-2.33,-1.52,79.40
5,-4.494,-1.530,17.30,0.031,-0.235,0.112,-0.161,-1.599,0.028,-0.079,-0.007,-2.34,-1.55,79.42
5,-4.629,-1.488,17.35,0.031,-0.235,0.113,-0.168,-1.599,0.028,-0.083,-0.007,-2.35,-1.58,79.43
5,-4.763,-1.451,17.40,0.031,-0.235,0.114,-0.171,-1.599,0.029,-0.085,-0.007,-2.36,-1.63,79.45
5,-4.895,-1.419,17.45,0.031,-0.235,0.115,-0.177,-1.598,0.030,-0.088,-0.008,-2.36,-1.68,79.46
5,-5.026,-1.391,17.50,0.031,-0.235,0.116,-0.181,-1.598,0.032,-0.090,-0.007,-2.35,-1.73,79.47
5,-5.155,-1.368,17.55,0.031,-0.235,0.118,-0.189,-1.598,0.035,-0.095,-0.008,-2.32,-1.79,79.47
5,-5.281,-1.349,17.60,0.031,-0.235,0.119,-0.192,-1.598,0.037,-0.097,-0.008,-2.29,-1.86,79.47
5,-5.405,-1.336,17.65,0.031,-0.235,0.122,-0.199,-1.598,0.041,-0.100,-0.008,-2.25,-1.92,79.46
5,-5.527,-1.327,17.70,0.031,-0.235,0.123,-0.202,-1.598,0.043,-0.102,-0.008,-2.19,-1.99,79.45
5,-5.646,-1.322,17.75,0.031,-0.235,0.127,-0.209,-1.598,0.048,-0.105,-0.008,-2.13,-2.06,79.43
5,-5.762,-1.323,17.80,0.031,-0.235,0.129,-0.212,-1.598,0.050,-0.106,-0.008,-2.06,-2.13,79.41
5,-5.874,-1.328,17.85,0.031,-0.235,0.132,-0.219,-1.598,0.054,-0.107,-0.009,-1.98,-2.19,79.39
5,-5.984,-1.338,17.90,0.031,-0.235,0.134,-0.222,-1.598,0.056,-0.107,-0.008,-1.90,-2.25,79.37
5,-6.090,-1.353,17.95,0.031,-0.235,0.138,-0.229,-1.597,0.059,-0.108,-0.008,-1.82,-2.31,79.34
5,-6.192,-1.373,18.00,0.031,-0.235,0.208,-0.315,-1.593,0.049,-0.052,-0.014,-0.43,-3.02,79.28
5,-6.291,-1.397,18.05,0.031,-0.235,0.208,-0.315,-1.593,0.049,-0.052,-0.014,-0.43,-3.02,79.28
5,-6.386,-1.426,18.10,0.031,-0.235,0.213,-0.317,-1.593,0.045,-0.045,-0.014,-0.38,-3.01,79.27
5,-6.476,-1.459,18.15,0.031,-0.235,0.215,-0.317,-1.593,0.043,-0.043,-0.015,-0.33,-2.99,79.27
5,-6.563,-1.497,18.20,0.031,-0.235,0.219,-0.319,-1.593,0.038,-0.039,-0.015,-0.29,-2.96,79.27
5,-6.645,-1.540,18.25,0.031,-0.235,0.221,-0.319,-1.594,0.035,-0.037,-0.015,-0.26,-2.94,79.27
5,-6.722,-1.587,18.30,0.031,-0.235,0.225,-0.320,-1.595,0.030,-0.036,-0.015,-0.24,-2.92,79.27
5,-6.795,-1.638,18.35,0.031,-0.235,0.227,-0.321,-1.595,0.027,-0.035,-0.015,-0.22,-2.91,79.27
5,-6.864,-1.694,18.40,0.031,-0.235,0.231,-0.322,-1.597,0.021,-0.035,-0.015,-0.20,-2.90,79.26
5,-6.927,-1.754,18.45,0.031,-0.235,0.232,-0.322,-1.597,0.019,-0.036,-0.014,-0.19,-2.90,79.25
5,-6.986,-1.818,18.50,0.031,-0.235,0.235,-0.324,-1.599,0.012,-0.038,-0.014,-0.17,-2.91,79.25
5,-7.040,-1.886,18.55,0.031,-0.235,0.236,-0.325,-1.600,0.009,-0.040,-0.013,-0.16,-2.92,79.25
5,-7.088,-1.958,18.60,0.031,-0.235,0.237,-0.327,-1.602,0.003,-0.043,-0.012,-0.15,-2.95,79.26
5,-7.132,-2.034,18.65,0.031,-0.235,0.237,-0.328,-1.603,-0.000,-0.045,-0.012,-0.14,-2.98,79.28
5,-7.170,-2.113,18.70,0.031,-0.235,0.237,-0.332,-1.605,-0.007,-0.051,-0.010,-0.14,-3.03,79.30
5,-7.203,-2.196,18.75,0.031,-0.235,0.237,-0.334,-1.606,-0.010,-0.053,-0.009,-0.14,-3.08,79.32
5,-7.230,-2.282,18.80,0.031,-0.235,0.237,-0.338,-1.609,-0.016,-0.058,-0.008,-0.14,-3.14,79.34
5,-7.252,-2.372,18.85,0.031,-0.235,0.237,-0.340,-1.610,-0.018,-0.060,-0.007,-0.15,-3.21,79.36
5,-7.269,-2.465,18.90,0.031,-0.235,0.236,-0.345,-1.612,-0.024,-0.065,-0.005,-0.15,-3.28,79.38
5,-7.281,-2.561,18.95,0.031,-0.235,0.235,-0.347,-1.613,-0.026,-0.067,-0.004,-0.16,-3.36,79.39
5,-7.287,-2.659,19.00,0.031,-0.235,0.188,-0.438,-1.630,-0.037,-0.031,0.019,-0.08,-4.75,79.17
5,-7.287,-2.761,19.05,0.031,-0.235,0.188,-0.438,-1.630,-0.037,-0.031,0.019,-0.08,-4.75,79.17
5,-7.282,-2.865,19.10,0.031,-0.235,0.187,-0.439,-1.630,-0.036,-0.027,0.019,-0.06,-4.75,79.16
5,-7.272,-2.971,19.15,0.031,-0.235,0.186,-0.441,-1.629,-0.035,-0.022,0.019,-0.04,-4.76,79.15
5,-7.256,-3.080,19.20,0.031,-0.235,0.185,-0.442,-1.629,-0.034,-0.019,0.018,-0.02,-4.76,79.16
5,-7.235,-3.190,19.25,0.031,-0.235,0.184,-0.444,-1.629,-0.033,-0.013,0.018,-0.00,-4.76,79.16
5,-7.208,-3.303,19.30,0.031,-0.235,0.183,-0.445,-1.629,-0.033,-0.010,0.018,0.02,-4.76,79.18
5,-7.176,-3.417,19.35,0.031,-0.235,0.181,-0.447,-1.628,-0.033,-0.005,0.017,0.03,-4.76,79.20
5,-7.139,-3.533,19.40,0.031,-0.235,0.180,-0.448,-1.628,-0.033,-0.002,0.017,0.04,-4.76,79.22
5,-7.096,-3.650,19.45,0.031,-0.235,0.177,-0.449,-1.628,-0.033,0.002,0.017,0.05,-4.76,79.25
5,-7.049,-3.769,19.50,0.031,-0.235,0.175,-0.450,-1.627,-0.034,0.005,0.017,0.05,-4.77,79.28
5,-6.996,-3.888,19.55,0.031,-0.235,0.172,-0.452,-1.626,-0.035,0.008,0.017,0.05,-4.77,79.31
5,-6.938,-4.008,19.60,0.031,-0.235,0.170,-0.452,-1.626,-0.035,0.010,0.017,0.05,-4.77,79.34
5,-6.876,-4.129,19.65,0.031,-0.235,0.167,-0.453,-1.625,-0.036,0.014,0.016,0.04,-4.78,79.37
5,-6.808,-4.251,19.70,0.031,-0.235,0.164,-0.453,-1.625,-0.037,0.016,0.016,0.02,-4.79,79.40
5,-6.736,-4.372,19.75,0.031,-0.235,0.161,-0.453,-1.625,-0.037,0.020,0.015,0.01,-4.80,79.41
5,-6.659,-4.494,19.80,0.031,-0.235,0.159,-0.453,-1.624,-0.037,0.023,0.015,-0.01,-4.81,79.43
5,-6.578,-4.616,19.85,0.031,-0.235,0.156,-0.452,-1.624,-0.037,0.027,0.014,-0.02,-4.81,79.43
5,-6.492,-4.737,19.90,0.031,-0.235,0.154,-0.452,-1.623,-0.036,0.030,0.014,-0.04,-4.81,79.43
5,-6.402,-4.858,19.95,0.031,-0.235,0.152,-0.450,-1.622,-0.034,0.034,0.013,-0.05,-4.81,79.42
6,6.333,8.233,0.00,0.031,-0.235,0.058,-0.288,-1.624,-0.008,0.017,0.014,-0.08,-4.33,79.32
6,6.184,8.034,0.05,0.031,-0.235,0.058,-0.288,-1.624,-0.008,0.017,0.014,-0.08,-4.33,79.32
6,6.022,7.826,0.10,0.031,-0.235,0.057,-0.286,-1.624,-0.009,0.017,0.015,-0.08,-4.32,79.33
6,5.847,7.610,0.15,0.031,-0.235,0.054,-0.283,-1.625,-0.021,0.019,0.015,-0.01,-4.30,79.33
6,5.658,7.386,0.20,0.031,-0.235,0.053,-0.282,-1.625,-0.028,0.020,0.015,0.10,-4.29,79.34
6,5.458,7.156,0.25,0.031,-0.235,0.048,-0.278,-1.625,-0.060,0.031,0.015,0.25,-4.27,79.34
6,5.247,6.920,0.30,0.031,-0.235,0.045,-0.277,-1.624,-0.079,0.038,0.016,0.38,-4.27,79.34
6,5.026,6.679,0.35,0.031,-0.235,0.036,-0.272,-1.624,-0.122,0.060,0.017,0.47,-4.27,79.33
6,4.795,6.434,0.40,0.031,-0.235,0.031,-0.270,-1.624,-0.146,0.074,0.017,0.48,-4.27,79.32
6,4.555,6.187,0.45,0.031,-0.235,0.015,-0.262,-1.623,-0.203,0.115,0.018,0.38,-4.26,79.31
6,4.308,5.938,0.50,0.031,-0.235,0.007,-0.257,-1.622,-0.229,0.136,0.019,0.18,-4.22,79.30
6,4.055,5.687,0.55,0.031,-0.235,-0.013,-0.246,-1.621,-0.279,0.186,0.018,-0.14,-4.14,79.27
6,3.796,5.437,0.60,0.031,-0.235,-0.024,-0.238,-1.621,-0.303,0.213,0.018,-0.53,-4.03,79.25
6,3.532,5.188,0.65,0.031,-0.235,-0.052,-0.218,-1.619,-0.350,0.281,0.016,-1.04,-3.84,79.21
6,3.265,4.941,0.70,0.031,-0.235,-0.066,-0.207,-1.618,-0.367,0.313,0.014,-1.58,-3.62,79.17
6,2.995,4.697,0.75,0.031,-0.235,-0.095,-0.182,-1.617,-0.394,0.379,0.011,-2.22,-3.31,79.10
6,2.723,4.457,0.80,0.031,-0.235,-0.109,-0.167,-1.617,-0.403,0.413,0.009,-2.84,-2.96,79.03
6,2.452,4.221,0.85,0.031,-0.235,-0.143,-0.130,-1.617,-0.412,0.488,0.003,-3.53,-2.52,78.94
6,2.181,3.992,0.90,0.031,-0.235,-0.158,-0.112,-1.617,-0.410,0.521,0.001,-4.17,-2.05,78.83
6,1.911,3.769,0.95,0.031,-0.235,-0.186,-0.072,-1.618,-0.396,0.584,-0.004,-4.83,-1.49,78.69
6,1.645,3.554,1.00,0.031,-0.235,-0.003,0.687,-1.639,0.643,0.371,-0.002,-1.93,10.86,78.10
6,1.382,3.347,1.05,0.031,-0.235,-0.003,0.687,-1.639,0.643,0.371,-0.002,-1.93,10.86,78.10
6,1.124,3.150,1.10,0.031,-0.235,0.019,0.697,-1.639,0.659,0.340,-0.001,-1.26,11.00,78.29
6,0.872,2.962,1.15,0.031,-0.235,0.065,0.714,-1.638,0.685,0.274,-0.000,-0.65,11.09,78.46
6,0.627,2.786,1.20,0.031,-0.235,0.089,0.721,-1.638,0.695,0.240,0.000,-0.00,11.16,78.64
6,0.390,2.620,1.25,0.031,-0.235,0.142,0.732,-1.637,0.711,0.163,0.001,0.58,11.19,78.81
6,0.161,2.467,1.30,0.031,-0.235,0.166,0.736,-1.636,0.715,0.127,0.002,1.20,11.17,78.97
6,-0.058,2.326,1.35,0.031,-0.235,0.215,0.739,-1.635,0.717,0.056,0.004,1.76,11.11,79.11
6,-0.267,2.199,1.40,0.031,-0.235,0.238,0.739,-1.635,0.716,0.021,0.005,2.35,11.00,79.24
6,-0.464,2.085,1.45,0.031,-0.235,0.291,0.735,-1.633,0.706,-0.059,0.007,2.87,10.85,79.34
6,-0.649,1.986,1.50,0.031,-0.235,0.314,0.731,-1.632,0.698,-0.094,0.008,3.42,10.65,79.42
6,-0.821,1.901,1.55,0.031,-0.235,0.359,0.721,-1.630,0.678,-0.162,0.009,3.90,10.42,79.47
6,-0.980,1.831,1.60,0.031,-0.235,0.381,0.714,-1.629,0.666,-0.195,0.010,4.38,10.13,79.48
6,-1.125,1.776,1.65,0.031,-0.235,0.428,0.694,-1.626,0.633,-0.267,0.011,4.80,9.84,79.46
6,-1.255,1.737,1.70,0.031,-0.235,0.448,0.684,-1.625,0.615,-0.298,0.011,5.22,9.49,79.41
6,-1.370,1.713,1.75,0.031,-0.235,0.486,0.660,-1.623,0.577,-0.356,0.012,5.57,9.14,79.32
6,-1.469,1.705,1.80,0.031,-0.235,0.503,0.646,-1.622,0.556,-0.384,0.012,5.90,8.73,79.20
6,-1.553,1.712,1.85,0.031,-0.235,0.540,0.612,-1.620,0.504,-0.441,0.012,6.18,8.33,79.08
6,-1.620,1.735,1.90,0.031,-0.235,0.556,0.596,-1.619,0.480,-0.464,0.013,6.43,7.88,78.94
6,-1.670,1.773,1.95,0.031,-0.235,0.584,0.561,-1.618,0.431,-0.507,0.013,6.62,7.46,78.81
6,-1.704,1.827,2.00,0.031,-0.235,0.631,-0.095,-1.594,-0.242,-0.449,0.009,5.23,-0.19,79.77
6,-1.720,1.896,2.05,0.031,-0.235,0.631,-0.095,-1.594,-0.242,-0.449,0.009,5.23,-0.19,79.77
6,-1.720,1.980,2.10,0.031,-0.235,0.617,-0.121,-1.593,-0.258,-0.419,0.007,5.08,-0.31,79.79
6,-1.703,2.079,2.15,0.031,-0.235,0.610,-0.134,-1.592,-0.265,-0.404,0.006,4.92,-0.41,79.79
6,-1.668,2.192,2.20,0.031,-0.235,0.593,-0.161,-1.590,-0.280,-0.369,0.004,4.78,-0.48,79.78
6,-1.617,2.318,2.25,0.031,-0.235,0.585,-0.172,-1.589,-0.286,-0.354,0.003,4.63,-0.55,79.75
6,-1.550,2.458,2.30,0.031,-0.235,0.568,-0.193,-1.588,-0.296,-0.323,0.002,4.49,-0.59,79.73
6,-1.466,2.611,2.35,0.031,-0.235,0.559,-0.202,-1.587,-0.301,-0.308,0.001,4.33,-0.63,79.69
6,-1.366,2.775,2.40,0.031,-0.235,0.539,-0.222,-1.586,-0.308,-0.275,-0.001,4.20,-0.64,79.65
6,-1.250,2.952,2.45,0.031,-0.235,0.531,-0.230,-1.586,-0.311,-0.260,-0.002,4.05,-0.65,79.61
6,-1.119,3.138,2.50,0.031,-0.235,0.512,-0.245,-1.585,-0.315,-0.231,-0.003,3.91,-0.65,79.57
6,-0.974,3.335,2.55,0.031,-0.235,0.503,-0.252,-1.585,-0.316,-0.217,-0.004,3.77,-0.64,79.52
6,-0.815,3.542,2.60,0.031,-0.235,0.482,-0.265,-1.585,-0.318,-0.185,-0.005,3.64,-0.61,79.47
6,-0.642,3.756,2.65,0.031,-0.235,0.472,-0.270,-1.585,-0.318,-0.172,-0.005,3.50,-0.58,79.42
6,-0.456,3.979,2.70,0.031,-0.235,0.453,-0.279,-1.585,-0.317,-0.145,-0.006,3.38,-0.54,79.38
6,-0.258,4.208,2.75,0.031,-0.235,0.443,-0.283,-1.585,-0.316,-0.133,-0.006,3.25,-0.49,79.33
6,-0.050,4.443,2.80,0.031,-0.235,0.421,-0.289,-1.585,-0.313,-0.105,-0.007,3.13,-0.44,79.29
6,0.170,4.683,2.85,0.031,-0.235,0.411,-0.292,-1.585,-0.311,-0.094,-0.007,3.00,-0.37,79.25
6,0.399,4.926,2.90,0.031,-0.235,0.392,-0.295,-1.586,-0.306,-0.072,-0.007,2.89,-0.31,79.22
6,0.637,5.173,2.95,0.031,-0.235,0.382,-0.297,-1.586,-0.303,-0.061,-0.008,2.77,-0.23,79.20
6,0.882,5.422,3.00,0.031,-0.235,0.129,-0.268,-1.594,-0.073,0.068,-0.005,1.81,1.05,79.37
6,1.134,5.673,3.05,0.031,-0.235,0.129,-0.268,-1.594,-0.073,0.068,-0.005,1.81,1.05,79.37
6,1.392,5.923,3.10,0.031,-0.235,0.127,-0.266,-1.594,-0.066,0.067,-0.005,1.86,1.09,79.35
6,1.655,6.172,3.15,0.031,-0.235,0.124,-0.262,-1.594,-0.055,0.066,-0.005,1.90,1.11,79.34
6,1.922,6.420,3.20,0.031,-0.235,0.122,-0.260,-1.593,-0.049,0.065,-0.005,1.94,1.14,79.32
6,2.191,6.665,3.25,0.031,-0.235,0.120,-0.257,-1.593,-0.037,0.064,-0.006,1.97,1.17,79.31
6,2.463,6.906,3.30,0.031,-0.235,0.119,-0.255,-1.592,-0.030,0.062,-0.007,2.01,1.19,79.30
6,2.734,7.142,3.35,0.031,-0.235,0.117,-0.251,-1.592,-0.019,0.060,-0.008,2.05,1.22,79.30
6,3.006,7.373,3.40,0.031,-0.235,0.117,-0.249,-1.592,-0.014,0.059,-0.008,2.10,1.24,79.30
6,3.275,7.597,3.45,0.031,-0.235,0.115,-0.245,-1.592,-0.004,0.056,-0.010,2.14,1.26,79.30
6,3.543,7.814,3.50,0.031,-0.235,0.115,-0.243,-1.592,0.002,0.054,-0.010,2.20,1.29,79.31
6,3.806,8.022,3.55,0.031,-0.235,0.114,-0.238,-1.592,0.012,0.051,-0.011,2.25,1.31,79.32
6,4.065,8.222,3.60,0.031,-0.235,0.114,-0.236,-1.593,0.017,0.049,-0.011,2.31,1.33,79.34
6,4.318,8.412,3.65,0.031,-0.235,0.114,-0.231,-1.593,0.025,0.046,-0.012,2.36,1.35,79.36
6,4.565,8.591,3.70,0.031,-0.235,0.114,-0.228,-1.594,0.030,0.044,-0.012,2.42,1.38,79.37
6,4.804,8.758,3.75,0.031,-0.235,0.115,-0.223,-1.594,0.039,0.041,-0.012,2.48,1.40,79.39
6,5.035,8.914,3.80,0.031,-0.235,0.116,-0.221,-1.595,0.042,0.039,-0.012,2.54,1.43,79.41
6,5.256,9.057,3.85,0.031,-0.235,0.117,-0.216,-1.595,0.050,0.036,-0.012,2.61,1.45,79.42
6,5.467,9.188,3.90,0.031,-0.235,0.119,-0.213,-1.596,0.054,0.033,-0.012,2.68,1.47,79.44
6,5.666,9.304,3.95,0.031,-0.235,0.121,-0.208,-1.596,0.060,0.029,-0.011,2.74,1.50,79.45
6,5.854,9.407,4.00,0.031,-0.235,0.186,-0.194,-1.597,0.054,-0.053,-0.012,4.12,1.30,79.32
6,6.029,9.494,4.05,0.031,-0.235,0.186,-0.194,-1.597,0.054,-0.053,-0.012,4.12,1.30,79.32
6,6.191,9.568,4.10,0.031,-0.235,0.187,-0.195,-1.597,0.051,-0.054,-0.012,4.13,1.27,79.32
6,6.338,9.626,4.15,0.031,-0.235,0.189,-0.197,-1.597,0.049,-0.055,-0.013,4.13,1.23,79.33
6,6.472,9.668,4.20,0.031,-0.235,0.189,-0.198,-1.597,0.048,-0.054,-0.013,4.12,1.20,79.33
6,6.590,9.695,4.25,0.031,-0.235,0.190,-0.200,-1.597,0.049,-0.052,-0.014,4.10,1.15,79.33
6,6.692,9.707,4.30,0.031,-0.235,0.191,-0.201,-1.596,0.051,-0.050,-0.014,4.09,1.12,79.33
6,6.779,9.703,4.35,0.031,-0.235,0.193,-0.203,-1.597,0.056,-0.045,-0.015,4.08,1.09,79.33
6,6.849,9.683,4.40,0.031,-0.235,0.194,-0.204,-1.597,0.060,-0.042,-0.016,4.09,1.07,79.33
6,6.903,9.648,4.45,0.031,-0.235,0.196,-0.206,-1.597,0.068,-0.035,-0.016,4.11,1.07,79.32
6,6.940,9.597,4.50,0.031,-0.235,0.198,-0.206,-1.597,0.073,-0.030,-0.016,4.15,1.07,79.32
6,6.960,9.531,4.55,0.031,-0.235,0.201,-0.207,-1.596,0.083,-0.021,-0.017,4.21,1.10,79.32
6,6.964,9.450,4.60,0.031,-0.235,0.203,-0.207,-1.596,0.089,-0.016,-0.018,4.29,1.13,79.31
6,6.950,9.354,4.65,0.031,-0.235,0.208,-0.207,-1.597,0.099,-0.007,-0.019,4.38,1.19,79.30
6,6.919,9.245,4.70,0.031,-0.235,0.211,-0.207,-1.597,0.106,-0.000,-0.019,4.47,1.24,79.30
6,6.872,9.121,4.75,0.031,-0.235,0.218,-0.207,-1.597,0.117,0.010,-0.020,4.59,1.32,79.28
6,6.807,8.984,4.80,0.031,-0.235,0.221,-0.207,-1.598,0.122,0.015,-0.021,4.70,1.40,79.27
6,6.727,8.834,4.85,0.031,-0.235,0.229,-0.206,-1.599,0.132,0.026,-0.022,4.84,1.50,79.26
6,6.630,8.672,4.90,0.031,-0.235,0.234,-0.205,-1.600,0.137,0.032,-0.022,4.97,1.59,79.25
6,6.518,8.498,4.95,0.031,-0.235,0.242,-0.203,-1.601,0.145,0.042,-0.023,5.12,1.70,79.24
6,6.390,8.313,5.00,0.031,-0.235,0.381,-0.095,-1.625,0.078,0.112,-0.003,7.01,4.31,79.16
6,6.248,8.118,5.05,0.031,-0.235,0.381,-0.095,-1.625,0.078,0.112,-0.003,7.01,4.31,79.16
6,6.091,7.914,5.10,0.031,-0.235,0.384,-0.088,-1.626,0.066,0.107,-0.002,7.02,4.38,79.15
6,5.921,7.701,5.15,0.031,-0.235,0.385,-0.085,-1.626,0.060,0.105,-0.002,7.03,4.44,79.15
6,5.738,7.480,5.20,0.031,-0.235,0.387,-0.079,-1.627,0.049,0.100,-0.000,7.02,4.50,79.15
6,5.543,7.252,5.25,0.031,-0.235,0.387,-0.076,-1.627,0.044,0.098,0.000,7.01,4.54,79.15
6,5.336,7.019,5.30,0.031,-0.235,0.388,-0.071,-1.627,0.033,0.091,0.001,6.99,4.59,79.15
6,5.119,6.780,5.35,0.031,-0.235,0.388,-0.069,-1.627,0.028,0.088,0.002,6.98,4.63,79.15
6,4.892,6.536,5.40,0.031,-0.235,0.388,-0.065,-1.627,0.018,0.081,0.003,6.96,4.66,79.14
6,4.656,6.290,5.45,0.031,-0.235,0.388,-0.063,-1.626,0.013,0.078,0.003,6.94,4.69,79.14
6,4.412,6.041,5.50,0.031,-0.235,0.387,-0.060,-1.626,0.004,0.070,0.004,6.91,4.70,79.15
6,4.161,5.791,5.55,0.031,-0.235,0.387,-0.059,-1.626,-0.001,0.066,0.004,6.89,4.72,79.15
6,3.904,5.541,5.60,0.031,-0.235,0.385,-0.056,-1.627,-0.008,0.059,0.004,6.87,4.73,79.15
6,3.642,5.291,5.65,0.031,-0.235,0.385,-0.055,-1.627,-0.012,0.056,0.004,6.84,4.73,79.15
6,3.376,5.043,5.70,0.031,-0.235,0.383,-0.053,-1.628,-0.019,0.048,0.005,6.82,4.73,79.15
6,3.107,4.798,5.75,0.031,-0.235,0.382,-0.052,-1.628,-0.022,0.045,0.005,6.80,4.73,79.16
6,2.836,4.556,5.80,0.031,-0.235,0.381,-0.051,-1.629,-0.027,0.039,0.006,6.78,4.73,79.16
6,2.564,4.319,5.85,0.031,-0.235,0.380,-0.050,-1.630,-0.030,0.036,0.007,6.77,4.72,79.16
6,2.293,4.087,5.90,0.031,-0.235,0.378,-0.049,-1.631,-0.035,0.030,0.008,6.76,4.72,79.16
6,2.023,3.861,5.95,0.031,-0.235,0.377,-0.049,-1.631,-0.037,0.027,0.009,6.75,4.71,79.17
6,1.755,3.642,6.00,0.031,-0.235,0.318,-0.055,-1.618,-0.072,-0.033,0.009,6.51,4.61,79.24
6,1.491,3.432,6.05,0.031,-0.235,0.318,-0.055,-1.618,-0.072,-0.033,0.009,6.51,4.61,79.24
6,1.231,3.231,6.10,0.031,-0.235,0.314,-0.059,-1.616,-0.072,-0.037,0.007,6.52,4.60,79.25
6,0.976,3.039,6.15,0.031,-0.235,0.312,-0.060,-1.615,-0.073,-0.039,0.006,6.53,4.59,79.25
6,0.728,2.858,6.20,0.031,-0.235,0.308,-0.064,-1.614,-0.077,-0.044,0.006,6.56,4.59,79.26
6,0.487,2.687,6.25,0.031,-0.235,0.306,-0.066,-1.613,-0.080,-0.047,0.005,6.59,4.58,79.27
6,0.255,2.529,6.30,0.031,-0.235,0.301,-0.070,-1.612,-0.090,-0.055,0.005,6.61,4.57,79.27
6,0.032,2.383,6.35,0.031,-0.235,0.298,-0.072,-1.611,-0.095,-0.059,0.006,6.63,4.55,79.28
6,-0.181,2.250,6.40,0.031,-0.235,0.292,-0.077,-1.610,-0.108,-0.068,0.006,6.63,4.52,79.28
6,-0.383,2.131,6.45,0.031,-0.235,0.288,-0.079,-1.609,-0.115,-0.073,0.006,6.60,4.46,79.29
6,-0.574,2.025,6.50,0.031,-0.235,0.279,-0.086,-1.608,-0.133,-0.084,0.007,6.56,4.40,79.29
6,-0.751,1.935,6.55,0.031,-0.235,0.274,-0.089,-1.607,-0.141,-0.088,0.007,6.49,4.32,79.30
6,-0.916,1.858,6.60,0.031,-0.235,0.264,-0.095,-1.606,-0.158,-0.099,0.008,6.40,4.23,79.31
6,-1.067,1.797,6.65,0.031,-0.235,0.259,-0.099,-1.605,-0.167,-0.104,0.009,6.29,4.11,79.31
6,-1.203,1.751,6.70,0.031,-0.235,0.245,-0.108,-1.604,-0.187,-0.115,0.009,6.17,4.00,79.32
6,-1.324,1.721,6.75,0.031,-0.235,0.238,-0.112,-1.603,-0.195,-0.120,0.009,6.02,3.86,79.33
6,-1.430,1.706,6.80,0.031,-0.235,0.225,-0.122,-1.602,-0.211,-0.129,0.009,5.88,3.73,79.34
6,-1.520,1.707,6.85,0.031,-0.235,0.217,-0.127,-1.601,-0.219,-0.133,0.009,5.71,3.57,79.35
6,-1.594,1.723,6.90,0.031,-0.235,0.199,-0.138,-1.601,-0.235,-0.142,0.009,5.54,3.42,79.36
6,-1.651,1.756,6.95,0.031,-0.235,0.191,-0.144,-1.600,-0.242,-0.146,0.009,5.35,3.25,79.38
6,-1.692,1.803,7.00,0.031,-0.235,-0.086,-0.312,-1.585,-0.176,-0.080,-0.005,2.48,0.81,79.47
6,-1.715,1.866,7.05,0.031,-0.235,-0.086,-0.312,-1.585,-0.176,-0.080,-0.005,2.48,0.81,79.47
6,-1.722,1.944,7.10,0.031,-0.235,-0.091,-0.314,-1.585,-0.169,-0.075,-0.006,2.44,0.81,79.46
6,-1.712,2.036,7.15,0.031,-0.235,-0.099,-0.318,-1.584,-0.156,-0.069,-0.007,2.41,0.83,79.46
6,-1.685,2.143,7.20,0.031,-0.235,-0.103,-0.319,-1.584,-0.150,-0.067,-0.008,2.36,0.85,79.45
6,-1.640,2.264,7.25,0.031,-0.235,-0.112,-0.323,-1.584,-0.135,-0.065,-0.009,2.33,0.87,79.45
6,-1.580,2.399,7.30,0.031,-0.235,-0.116,-0.324,-1.584,-0.129,-0.065,-0.009,2.30,0.89,79.44
6,-1.502,2.546,7.35,0.031,-0.235,-0.123,-0.327,-1.584,-0.118,-0.068,-0.010,2.28,0.89,79.44
6,-1.409,2.706,7.40,0.031,-0.235,-0.126,-0.329,-1.583,-0.112,-0.070,-0.011,2.26,0.88,79.44
6,-1.300,2.877,7.45,0.031,-0.235,-0.133,-0.333,-1.583,-0.101,-0.076,-0.011,2.25,0.86,79.44
6,-1.176,3.060,7.50,0.031,-0.235,-0.136,-0.335,-1.584,-0.096,-0.079,-0.012,2.25,0.81,79.44
6,-1.036,3.252,7.55,0.031,-0.235,-0.142,-0.339,-1.584,-0.087,-0.087,-0.012,2.25,0.76,79.44
6,-0.883,3.455,7.60,0.031,-0.235,-0.144,-0.342,-1.584,-0.083,-0.090,-0.012,2.26,0.67,79.43
6,-0.715,3.666,7.65,0.031,-0.235,-0.150,-0.348,-1.584,-0.075,-0.100,-0.013,2.27,0.60,79.43
6,-0.535,3.885,7.70,0.031,-0.235,-0.152,-0.351,-1.584,-0.072,-0.104,-0.013,2.28,0.50,79.43
6,-0.342,4.112,7.75,0.031,-0.235,-0.157,-0.358,-1.585,-0.066,-0.112,-0.013,2.29,0.40,79.43
6,-0.138,4.344,7.80,0.031,-0.235,-0.160,-0.361,-1.585,-0.063,-0.115,-0.013,2.30,0.25,79.43
6,0.078,4.582,7.85,0.031,-0.235,-0.165,-0.369,-1.585,-0.059,-0.123,-0.013,2.31,0.15,79.43
6,0.303,4.825,7.90,0.031,-0.235,-0.167,-0.373,-1.585,-0.057,-0.126,-0.013,2.31,-0.01,79.42
6,0.537,5.071,7.95,0.031,-0.235,-0.171,-0.381,-1.585,-0.053,-0.131,-0.014,2.31,-0.11,79.42
6,0.779,5.319,8.00,0.031,-0.235,-0.223,-0.459,-1.595,-0.019,-0.044,-0.011,1.73,-1.63,79.50
6,1.029,5.569,8.05,0.031,-0.235,-0.223,-0.459,-1.595,-0.019,-0.044,-0.011,1.73,-1.63,79.50
6,1.285,5.819,8.10,0.031,-0.235,-0.226,-0.459,-1.596,-0.016,-0.036,-0.010,1.68,-1.64,79.49
6,1.546,6.069,8.15,0.031,-0.235,-0.227,-0.459,-1.596,-0.013,-0.032,-0.009,1.62,-1.65,79.48
6,1.811,6.317,8.20,0.031,-0.235,-0.229,-0.459,-1.596,-0.007,-0.025,-0.008,1.56,-1.65,79.46
6,2.079,6.563,8.25,0.031,-0.235,-0.230,-0.459,-1.597,-0.002,-0.021,-0.008,1.50,-1.65,79.45
6,2.350,6.806,8.30,0.031,-0.235,-0.231,-0.459,-1.597,0.008,-0.014,-0.007,1.45,-1.65,79.44
6,2.621,7.045,8.35,0.031,-0.235,-0.231,-0.458,-1.597,0.014,-0.010,-0.007,1.41,-1.65,79.43
6,2.893,7.278,8.40,0.031,-0.235,-0.231,-0.457,-1.596,0.027,-0.002,-0.006,1.38,-1.64,79.42
6,3.164,7.505,8.45,0.031,-0.235,-0.230,-0.456,-1.596,0.036,0.002,-0.006,1.38,-1.63,79.41
6,3.432,7.725,8.50,0.031,-0.235,-0.228,-0.453,-1.595,0.052,0.011,-0.006,1.39,-1.61,79.40
6,3.697,7.937,8.55,0.031,-0.235,-0.226,-0.452,-1.594,0.060,0.015,-0.007,1.42,-1.58,79.40
6,3.958,8.140,8.60,0.031,-0.235,-0.222,-0.448,-1.593,0.077,0.023,-0.008,1.48,-1.53,79.39
6,4.214,8.334,8.65,0.031,-0.235,-0.219,-0.445,-1.593,0.087,0.029,-0.008,1.54,-1.49,79.39
6,4.464,8.518,8.70,0.031,-0.235,-0.212,-0.441,-1.592,0.105,0.037,-0.009,1.63,-1.42,79.39
6,4.706,8.690,8.75,0.031,-0.235,-0.208,-0.438,-1.592,0.113,0.041,-0.010,1.72,-1.36,79.38
6,4.940,8.851,8.80,0.031,-0.235,-0.200,-0.433,-1.591,0.129,0.050,-0.011,1.84,-1.28,79.38
6,5.165,9.000,8.85,0.031,-0.235,-0.194,-0.429,-1.590,0.139,0.055,-0.012,1.95,-1.20,79.38
6,5.380,9.135,8.90,0.031,-0.235,-0.184,-0.423,-1.588,0.153,0.062,-0.013,2.09,-1.11,79.38
6,5.585,9.257,8.95,0.031,-0.235,-0.179,-0.419,-1.588,0.160,0.066,-0.014,2.22,-1.01,79.38
6,5.777,9.366,9.00,0.031,-0.235,0.015,-0.295,-1.599,0.143,0.070,-0.016,4.30,0.82,79.28
6,5.958,9.460,9.05,0.031,-0.235,0.015,-0.295,-1.599,0.143,0.070,-0.016,4.30,0.82,79.28
6,6.125,9.539,9.10,0.031,-0.235,0.022,-0.294,-1.600,0.133,0.064,-0.014,4.32,0.81,79.26
6,6.279,9.603,9.15,0.031,-0.235,0.025,-0.293,-1.601,0.128,0.061,-0.014,4.33,0.80,79.24
6,6.418,9.652,9.20,0.031,-0.235,0.031,-0.292,-1.602,0.118,0.056,-0.013,4.34,0.77,79.22
6,6.543,9.686,9.25,0.031,-0.235,0.034,-0.292,-1.603,0.113,0.053,-0.012,4.35,0.75,79.22
6,6.652,9.704,9.30,0.031,-0.235,0.038,-0.291,-1.603,0.103,0.049,-0.011,4.35,0.72,79.21
6,6.745,9.706,9.35,0.031,-0.235,0.040,-0.290,-1.603,0.098,0.048,-0.010,4.35,0.71,79.21
6,6.822,9.693,9.40,0.031,-0.235,0.043,-0.289,-1.604,0.089,0.045,-0.009,4.34,0.68,79.21
6,6.883,9.664,9.45,0.031,-0.235,0.045,-0.289,-1.604,0.083,0.044,-0.008,4.33,0.67,79.21
6,6.927,9.620,9.50,0.031,-0.235,0.047,-0.288,-1.604,0.074,0.043,-0.008,4.31,0.65,79.22
6,6.954,9.560,9.55,0.031,-0.235,0.048,-0.287,-1.604,0.070,0.042,-0.007,4.29,0.64,79.23
6,6.964,9.486,9.60,0.031,-0.235,0.050,-0.285,-1.605,0.063,0.041,-0.006,4.26,0.62,79.24
6,6.958,9.396,9.65,0.031,-0.235,0.051,-0.284,-1.605,0.059,0.041,-0.006,4.24,0.62,79.25
6,6.934,9.292,9.70,0.031,-0.235,0.053,-0.283,-1.605,0.052,0.040,-0.005,4.21,0.62,79.26
6,6.893,9.174,9.75,0.031,-0.235,0.054,-0.281,-1.605,0.047,0.040,-0.005,4.19,0.62,79.27
6,6.836,9.042,9.80,0.031,-0.235,0.055,-0.281,-1.604,0.044,0.040,-0.005,4.16,0.62,79.28
6,6.762,8.898,9.85,0.031,-0.235,0.056,-0.280,-1.604,0.041,0.039,-0.005,4.14,0.63,79.29
6,6.672,8.740,9.90,0.031,-0.235,0.058,-0.278,-1.604,0.037,0.039,-0.005,4.12,0.63,79.30
6,6.566,8.571,9.95,0.031,-0.235,0.059,-0.277,-1.603,0.033,0.039,-0.005,4.10,0.64,79.31
6,6.445,8.391,10.00,0.031,-0.235,0.079,-0.235,-1.597,-0.002,0.021,-0.010,4.05,0.98,79.31
6,6.309,8.200,10.05,0.031,-0.235,0.079,-0.235,-1.597,-0.002,0.021,-0.010,4.05,0.98,79.31
6,6.158,8.000,10.10,0.031,-0.235,0.079,-0.234,-1.595,-0.004,0.018,-0.011,4.05,0.98,79.31
6,5.993,7.790,10.15,0.031,-0.235,0.079,-0.234,-1.595,-0.003,0.017,-0.011,4.04,0.96,79.31
6,5.816,7.573,10.20,0.031,-0.235,0.079,-0.234,-1.593,-0.000,0.017,-0.012,4.02,0.94,79.31
6,5.625,7.348,10.25,0.031,-0.235,0.079,-0.234,-1.592,0.002,0.017,-0.013,4.00,0.92,79.31
6,5.423,7.116,10.30,0.031,-0.235,0.080,-0.234,-1.591,0.009,0.020,-0.015,3.98,0.89,79.31
6,5.210,6.879,10.35,0.031,-0.235,0.081,-0.234,-1.590,0.013,0.022,-0.016,3.97,0.87,79.31
6,4.987,6.638,10.40,0.031,-0.235,0.082,-0.234,-1.589,0.024,0.027,-0.019,3.98,0.87,79.31
6,4.755,6.393,10.45,0.031,-0.235,0.084,-0.234,-1.589,0.029,0.030,-0.020,4.00,0.87,79.31
6,4.514,6.145,10.50,0.031,-0.235,0.086,-0.233,-1.588,0.040,0.038,-0.022,4.05,0.89,79.31
6,4.266,5.895,10.55,0.031,-0.235,0.088,-0.233,-1.588,0.046,0.042,-0.023,4.10,0.92,79.31
6,4.011,5.645,10.60,0.031,-0.235,0.092,-0.231,-1.588,0.060,0.052,-0.025,4.18,0.97,79.30
6,3.751,5.395,10.65,0.031,-0.235,0.095,-0.230,-1.589,0.066,0.057,-0.026,4.25,1.02,79.30
6,3.487,5.146,10.70,0.031,-0.235,0.099,-0.227,-1.589,0.077,0.068,-0.027,4.37,1.11,79.29
6,3.219,4.899,10.75,0.031,-0.235,0.102,-0.225,-1.589,0.083,0.073,-0.027,4.45,1.18,79.29
6,2.949,4.656,10.80,0.031,-0.235,0.109,-0.221,-1.590,0.094,0.086,-0.028,4.58,1.30,79.28
6,2.677,4.416,10.85,0.031,-0.235,0.112,-0.219,-1.590,0.099,0.091,-0.028,4.70,1.42,79.28
6,2.406,4.182,10.90,0.031,-0.235,0.119,-0.213,-1.590,0.108,0.103,-0.029,4.81,1.54,79.27
6,2.135,3.954,10.95,0.031,-0.235,0.122,-0.210,-1.590,0.112,0.109,-0.029,4.90,1.64,79.26
6,1.866,3.732,11.00,0.031,-0.235,0.248,-0.023,-1.607,0.057,0.145,-0.022,6.21,4.97,79.18
6,1.600,3.518,11.05,0.031,-0.235,0.248,-0.023,-1.607,0.057,0.145,-0.022,6.21,4.97,79.18
6,1.338,3.313,11.10,0.031,-0.235,0.249,-0.019,-1.607,0.053,0.140,-0.021,6.21,5.05,79.17
6,1.081,3.117,11.15,0.031,-0.235,0.251,-0.012,-1.608,0.042,0.128,-0.019,6.22,5.11,79.17
6,0.830,2.932,11.20,0.031,-0.235,0.252,-0.008,-1.608,0.035,0.120,-0.018,6.23,5.19,79.16
6,0.586,2.757,11.25,0.031,-0.235,0.253,-0.002,-1.608,0.020,0.104,-0.015,6.23,5.23,79.16
6,0.350,2.593,11.30,0.031,-0.235,0.253,0.000,-1.608,0.013,0.096,-0.014,6.23,5.28,79.17
6,0.123,2.442,11.35,0.031,-0.235,0.253,0.004,-1.608,-0.004,0.078,-0.012,6.22,5.30,79.17
6,-0.094,2.304,11.40,0.031,-0.235,0.252,0.006,-1.608,-0.016,0.066,-0.011,6.20,5.30,79.17
6,-0.301,2.179,11.45,0.031,-0.235,0.249,0.008,-1.607,-0.035,0.045,-0.009,6.15,5.28,79.18
6,-0.496,2.068,11.50,0.031,-0.235,0.247,0.009,-1.607,-0.045,0.035,-0.007,6.10,5.24,79.18
6,-0.679,1.971,11.55,0.031,-0.235,0.243,0.009,-1.606,-0.065,0.014,-0.005,6.04,5.18,79.19
6,-0.849,1.888,11.60,0.031,-0.235,0.240,0.008,-1.606,-0.078,0.001,-0.004,5.94,5.09,79.20
6,-1.006,1.821,11.65,0.031,-0.235,0.233,0.006,-1.605,-0.098,-0.020,-0.003,5.86,5.00,79.21
6,-1.148,1.768,11.70,0.031,-0.235,0.229,0.004,-1.605,-0.108,-0.031,-0.002,5.72,4.87,79.22
6,-1.276,1.732,11.75,0.031,-0.235,0.220,0.000,-1.604,-0.128,-0.051,-0.001,5.62,4.76,79.22
6,-1.388,1.710,11.80,0.031,-0.235,0.214,-0.003,-1.603,-0.139,-0.063,0.000,5.46,4.58,79.23
6,-1.485,1.705,11.85,0.031,-0.235,0.204,-0.010,-1.603,-0.157,-0.081,0.001,5.32,4.42,79.25
6,-1.565,1.715,11.90,0.031,-0.235,0.198,-0.014,-1.602,-0.165,-0.090,0.001,5.18,4.26,79.26
6,-1.629,1.740,11.95,0.031,-0.235,0.186,-0.022,-1.601,-0.181,-0.107,0.002,5.02,4.08,79.27
6,-1.677,1.781,12.00,0.031,-0.235,-0.017,-0.239,-1.593,-0.165,-0.132,-0.001,2.84,0.81,79.55
6,-1.708,1.838,12.05,0.031,-0.235,-0.017,-0.239,-1.593,-0.165,-0.132,-0.001,2.84,0.81,79.55
6,-1.721,1.910,12.10,0.031,-0.235,-0.021,-0.243,-1.593,-0.161,-0.126,-0.002,2.81,0.78,79.53
6,-1.718,1.996,12.15,0.031,-0.235,-0.028,-0.251,-1.593,-0.152,-0.115,-0.003,2.78,0.75,79.50
6,-1.698,2.097,12.20,0.031,-0.235,-0.032,-0.255,-1.592,-0.147,-0.108,-0.004,2.76,0.74,79.48
6,-1.661,2.212,12.25,0.031,-0.235,-0.038,-0.261,-1.592,-0.138,-0.097,-0.005,2.73,0.72,79.45
6,-1.607,2.341,12.30,0.031,-0.235,-0.042,-0.264,-1.592,-0.134,-0.091,-0.005,2.71,0.72,79.43
6,-1.537,2.483,12.35,0.031,-0.235,-0.048,-0.269,-1.592,-0.126,-0.081,-0.006,2.69,0.73,79.41
6,-1.450,2.638,12.40,0.031,-0.235,-0.052,-0.272,-1.593,-0.121,-0.074,-0.006,2.67,0.74,79.40
6,-1.347,2.805,12.45,0.031,-0.235,-0.058,-0.276,-1.593,-0.114,-0.064,-0.007,2.65,0.75,79.38
6,-1.229,2.983,12.50,0.031,-0.235,-0.061,-0.279,-1.593,-0.110,-0.059,-0.007,2.63,0.76,79.37
6,-1.096,3.171,12.55,0.031,-0.235,-0.067,-0.282,-1.594,-0.103,-0.050,-0.007,2.61,0.78,79.36
6,-0.948,3.370,12.60,0.031,-0.235,-0.071,-0.284,-1.594,-0.099,-0.044,-0.007,2.59,0.80,79.35
6,-0.786,3.577,12.65,0.031,-0.235,-0.076,-0.287,-1.594,-0.092,-0.036,-0.007,2.56,0.82,79.34
6,-0.611,3.793,12.70,0.031,-0.235,-0.079,-0.288,-1.595,-0.088,-0.032,-0.007,2.53,0.83,79.33
6,-0.423,4.017,12.75,0.031,-0.235,-0.083,-0.290,-1.596,-0.081,-0.025,-0.006,2.51,0.85,79.33
6,-0.224,4.247,12.80,0.031,-0.235,-0.086,-0.291,-1.596,-0.076,-0.020,-0.006,2.49,0.87,79.33
6,-0.013,4.483,12.85,0.031,-0.235,-0.089,-0.293,-1.596,-0.068,-0.013,-0.006,2.46,0.90,79.33
6,0.208,4.724,12.90,0.031,-0.235,-0.091,-0.293,-1.597,-0.064,-0.010,-0.006,2.45,0.91,79.33
6,0.439,4.968,12.95,0.031,-0.235,-0.093,-0.294,-1.597,-0.056,-0.003,-0.005,2.44,0.94,79.33
6,0.678,5.215,13.00,0.031,-0.235,-0.079,-0.254,-1.606,0.019,0.040,0.003,2.76,1.64,79.42
6,0.924,5.465,13.05,0.031,-0.235,-0.079,-0.254,-1.606,0.019,0.040,0.003,2.76,1.64,79.42
6,1.178,5.715,13.10,0.031,-0.235,-0.079,-0.250,-1.605,0.019,0.039,0.003,2.75,1.67,79.42
6,1.437,5.965,13.15,0.031,-0.235,-0.079,-0.249,-1.604,0.018,0.038,0.002,2.74,1.69,79.43
6,1.700,6.214,13.20,0.031,-0.235,-0.080,-0.245,-1.603,0.018,0.035,0.001,2.72,1.71,79.42
6,1.968,6.462,13.25,0.031,-0.235,-0.080,-0.243,-1.602,0.017,0.033,-0.000,2.69,1.72,79.42
6,2.237,6.706,13.30,0.031,-0.235,-0.081,-0.242,-1.601,0.017,0.031,-0.001,2.68,1.73,79.41
6,2.509,6.946,13.35,0.031,-0.235,-0.081,-0.239,-1.601,0.017,0.027,-0.002,2.65,1.73,79.40
6,2.780,7.182,13.40,0.031,-0.235,-0.082,-0.238,-1.601,0.017,0.026,-0.003,2.64,1.73,79.39
6,3.051,7.411,13.45,0.031,-0.235,-0.082,-0.236,-1.600,0.017,0.022,-0.004,2.62,1.73,79.38
6,3.321,7.634,13.50,0.031,-0.235,-0.083,-0.236,-1.600,0.017,0.021,-0.004,2.61,1.72,79.37
6,3.588,7.850,13.55,0.031,-0.235,-0.083,-0.234,-1.600,0.018,0.017,-0.005,2.59,1.71,79.36
6,3.850,8.057,13.60,0.031,-0.235,-0.084,-0.234,-1.601,0.018,0.015,-0.005,2.58,1.71,79.36
6,4.108,8.255,13.65,0.031,-0.235,-0.084,-0.233,-1.601,0.019,0.012,-0.006,2.56,1.69,79.35
6,4.361,8.443,13.70,0.031,-0.235,-0.084,-0.233,-1.601,0.020,0.010,-0.006,2.56,1.68,79.34
6,4.606,8.620,13.75,0.031,-0.235,-0.085,-0.233,-1.602,0.021,0.006,-0.005,2.55,1.66,79.33
6,4.844,8.786,13.80,0.031,-0.235,-0.085,-0.233,-1.602,0.022,0.005,-0.005,2.54,1.65,79.32
6,5.073,8.939,13.85,0.031,-0.235,-0.084,-0.233,-1.603,0.022,0.004,-0.005,2.54,1.63,79.32
6,5.292,9.080,13.90,0.031,-0.235,-0.084,-0.233,-1.604,0.024,0.001,-0.004,2.54,1.61,79.31
6,5.501,9.208,13.95,0.031,-0.235,-0.084,-0.232,-1.604,0.025,-0.001,-0.004,2.54,1.58,79.31
6,5.699,9.322,14.00,0.031,-0.235,-0.074,-0.211,-1.604,0.043,-0.013,-0.001,2.54,1.61,79.35
6,5.884,9.422,14.05,0.031,-0.235,-0.074,-0.211,-1.604,0.043,-0.013,-0.001,2.54,1.61,79.35
6,6.057,9.508,14.10,0.031,-0.235,-0.071,-0.210,-1.604,0.045,-0.014,-0.002,2.55,1.61,79.35
6,6.217,9.579,14.15,0.031,-0.235,-0.070,-0.209,-1.604,0.047,-0.014,-0.002,2.55,1.60,79.35
6,6.362,9.634,14.20,0.031,-0.235,-0.068,-0.208,-1.604,0.053,-0.013,-0.003,2.54,1.59,79.35
6,6.493,9.674,14.25,0.031,-0.235,-0.066,-0.208,-1.604,0.057,-0.011,-0.003,2.53,1.57,79.34
6,6.608,9.699,14.30,0.031,-0.235,-0.063,-0.206,-1.604,0.067,-0.008,-0.005,2.52,1.57,79.34
6,6.708,9.707,14.35,0.031,-0.235,-0.060,-0.205,-1.604,0.074,-0.006,-0.005,2.53,1.57,79.33
6,6.792,9.701,14.40,0.031,-0.235,-0.056,-0.203,-1.604,0.088,-0.000,-0.006,2.54,1.58,79.33
6,6.860,9.678,14.45,0.031,-0.235,-0.053,-0.202,-1.604,0.096,0.003,-0.007,2.59,1.60,79.32
6,6.911,9.640,14.50,0.031,-0.235,-0.046,-0.200,-1.605,0.112,0.009,-0.008,2.65,1.65,79.32
6,6.945,9.587,14.55,0.031,-0.235,-0.041,-0.198,-1.606,0.123,0.013,-0.008,2.74,1.70,79.32
6,6.962,9.518,14.60,0.031,-0.235,-0.031,-0.195,-1.607,0.141,0.021,-0.009,2.85,1.77,79.31
6,6.963,9.435,14.65,0.031,-0.235,-0.026,-0.193,-1.608,0.150,0.024,-0.009,2.97,1.84,79.31
6,6.946,9.337,14.70,0.031,-0.235,-0.014,-0.189,-1.609,0.168,0.032,-0.009,3.08,1.92,79.31
6,6.912,9.225,14.75,0.031,-0.235,-0.007,-0.186,-1.609,0.178,0.037,-0.009,3.28,2.04,79.31
6,6.862,9.099,14.80,0.031,-0.235,0.006,-0.181,-1.611,0.194,0.044,-0.010,3.41,2.13,79.30
6,6.795,8.959,14.85,0.031,-0.235,0.013,-0.178,-1.612,0.202,0.048,-0.010,3.64,2.27,79.30
6,6.711,8.807,14.90,0.031,-0.235,0.027,-0.172,-1.613,0.215,0.056,-0.011,3.79,2.37,79.30
6,6.612,8.643,14.95,0.031,-0.235,0.037,-0.167,-1.614,0.223,0.060,-0.011,4.02,2.53,79.30
6,6.497,8.467,15.00,0.031,-0.235,0.267,-0.065,-1.621,0.153,0.043,-0.007,6.73,4.69,79.13
6,6.367,8.281,15.05,0.031,-0.235,0.267,-0.065,-1.621,0.153,0.043,-0.007,6.73,4.69,79.13
6,6.222,8.084,15.10,0.031,-0.235,0.275,-0.063,-1.621,0.140,0.037,-0.007,6.77,4.73,79.12
6,6.063,7.878,15.15,0.031,-0.235,0.280,-0.061,-1.621,0.132,0.034,-0.007,6.80,4.74,79.12
6,5.891,7.664,15.20,0.031,-0.235,0.286,-0.060,-1.622,0.119,0.028,-0.007,6.83,4.76,79.11
6,5.706,7.442,15.25,0.031,-0.235,0.289,-0.059,-1.622,0.113,0.025,-0.006,6.86,4.77,79.11
6,5.509,7.213,15.30,0.031,-0.235,0.294,-0.059,-1.623,0.099,0.020,-0.006,6.88,4.77,79.11
6,5.300,6.978,15.35,0.031,-0.235,0.297,-0.059,-1.623,0.090,0.017,-0.005,6.89,4.78,79.11
6,5.081,6.739,15.40,0.031,-0.235,0.300,-0.059,-1.624,0.076,0.013,-0.004,6.90,4.77,79.11
6,4.852,6.495,15.45,0.031,-0.235,0.301,-0.060,-1.624,0.069,0.010,-0.003,6.91,4.77,79.11
6,4.615,6.248,15.50,0.031,-0.235,0.303,-0.060,-1.624,0.055,0.007,-0.002,6.90,4.76,79.12
6,4.370,5.999,15.55,0.031,-0.235,0.303,-0.061,-1.625,0.046,0.005,-0.001,6.88,4.75,79.12
6,4.118,5.749,15.60,0.031,-0.235,0.303,-0.062,-1.625,0.032,0.002,0.000,6.86,4.73,79.13
6,3.860,5.499,15.65,0.031,-0.235,0.303,-0.063,-1.625,0.025,0.001,0.001,6.82,4.72,79.13
6,3.597,5.249,15.70,0.031,-0.235,0.302,-0.064,-1.624,0.012,-0.001,0.002,6.78,4.71,79.14
6,3.330,5.001,15.75,0.031,-0.235,0.300,-0.064,-1.624,0.004,-0.002,0.003,6.74,4.69,79.15
6,3.061,4.757,15.80,0.031,-0.235,0.298,-0.065,-1.623,-0.007,-0.002,0.004,6.68,4.68,79.15
6,2.790,4.515,15.85,0.031,-0.235,0.297,-0.066,-1.623,-0.013,-0.003,0.004,6.63,4.68,79.16
6,2.518,4.279,15.90,0.031,-0.235,0.294,-0.067,-1.623,-0.023,-0.003,0.004,6.57,4.67,79.16
6,2.247,4.048,15.95,0.031,-0.235,0.292,-0.067,-1.622,-0.029,-0.003,0.004,6.51,4.66,79.17
6,1.977,3.823,16.00,0.031,-0.235,0.213,-0.079,-1.605,-0.072,-0.012,-0.006,5.69,4.82,79.30
6,1.710,3.606,16.05,0.031,-0.235,0.213,-0.079,-1.605,-0.072,-0.012,-0.006,5.69,4.82,79.30
6,1.446,3.397,16.10,0.031,-0.235,0.211,-0.080,-1.605,-0.071,-0.013,-0.006,5.67,4.81,79.29
6,1.187,3.197,16.15,0.031,-0.235,0.206,-0.081,-1.604,-0.069,-0.014,-0.007,5.66,4.81,79.29
6,0.933,3.007,16.20,0.031,-0.235,0.205,-0.082,-1.604,-0.067,-0.014,-0.007,5.65,4.81,79.29
6,0.686,2.828,16.25,0.031,-0.235,0.201,-0.083,-1.603,-0.065,-0.014,-0.008,5.64,4.81,79.28
6,0.447,2.660,16.30,0.031,-0.235,0.200,-0.083,-1.602,-0.064,-0.014,-0.008,5.63,4.81,79.28
6,0.216,2.503,16.35,0.031,-0.235,0.196,-0.084,-1.601,-0.062,-0.014,-0.009,5.63,4.82,79.27
6,-0.005,2.360,16.40,0.031,-0.235,0.195,-0.084,-1.600,-0.060,-0.014,-0.009,5.63,4.82,79.27
6,-0.216,2.229,16.45,0.031,-0.235,0.192,-0.085,-1.600,-0.058,-0.014,-0.010,5.63,4.83,79.26
6,-0.416,2.112,16.50,0.031,-0.235,0.191,-0.085,-1.599,-0.056,-0.014,-0.011,5.63,4.84,79.26
6,-0.605,2.009,16.55,0.031,-0.235,0.190,-0.086,-1.599,-0.053,-0.014,-0.012,5.64,4.85,79.25
6,-0.780,1.921,16.60,0.031,-0.235,0.189,-0.086,-1.599,-0.052,-0.014,-0.013,5.64,4.86,79.25
6,-0.942,1.847,16.65,0.031,-0.235,0.188,-0.087,-1.599,-0.049,-0.014,-0.013,5.65,4.88,79.25
6,-1.091,1.788,16.70,0.031,-0.235,0.188,-0.087,-1.599,-0.047,-0.014,-0.014,5.67,4.89,79.25
6,-1.225,1.745,16.75,0.031,-0.235,0.187,-0.088,-1.599,-0.044,-0.015,-0.014,5.68,4.91,79.25
6,-1.343,1.717,16.80,0.031,-0.235,0.186,-0.088,-1.599,-0.043,-0.015,-0.014,5.70,4.92,79.24
6,-1.446,1.705,16.85,0.031,-0.235,0.185,-0.089,-1.600,-0.041,-0.015,-0.014,5.72,4.93,79.24
6,-1.534,1.709,16.90,0.031,-0.235,0.185,-0.089,-1.600,-0.040,-0.015,-0.014,5.74,4.95,79.24
6,-1.605,1.728,16.95,0.031,-0.235,0.184,-0.090,-1.600,-0.039,-0.015,-0.014,5.76,4.96,79.24
6,-1.659,1.763,17.00,0.031,-0.235,0.131,-0.101,-1.599,-0.043,-0.031,-0.007,5.51,5.01,79.29
6,-1.697,1.813,17.05,0.031,-0.235,0.131,-0.101,-1.599,-0.043,-0.031,-0.007,5.51,5.01,79.29
6,-1.718,1.878,17.10,0.031,-0.235,0.129,-0.101,-1.599,-0.042,-0.032,-0.008,5.50,5.00,79.29
6,-1.722,1.958,17.15,0.031,-0.235,0.127,-0.103,-1.598,-0.039,-0.032,-0.009,5.49,4.99,79.30
6,-1.708,2.054,17.20,0.031,-0.235,0.126,-0.103,-1.598,-0.038,-0.032,-0.010,5.48,4.98,79.30
6,-1.678,2.163,17.25,0.031,-0.235,0.124,-0.105,-1.598,-0.035,-0.033,-0.010,5.48,4.98,79.30
6,-1.631,2.286,17.30,0.031,-0.235,0.124,-0.106,-1.598,-0.033,-0.033,-0.011,5.48,4.98,79.30
6,-1.568,2.423,17.35,0.031,-0.235,0.123,-0.108,-1.598,-0.029,-0.033,-0.011,5.49,4.97,79.30
6,-1.488,2.572,17.40,0.031,-0.235,0.124,-0.109,-1.598,-0.027,-0.034,-0.012,5.51,4.97,79.30
6,-1.392,2.734,17.45,0.031,-0.235,0.124,-0.111,-1.598,-0.022,-0.034,-0.012,5.53,4.97,79.30
6,-1.280,2.907,17.50,0.031,-0.235,0.125,-0.113,-1.598,-0.020,-0.035,-0.012,5.55,4.97,79.30
6,-1.153,3.092,17.55,0.031,-0.235,0.126,-0.116,-1.598,-0.016,-0.036,-0.012,5.58,4.97,79.30
6,-1.011,3.286,17.60,0.031,-0.235,0.127,-0.117,-1.598,-0.015,-0.037,-0.013,5.62,4.96,79.30
6,-0.855,3.490,17.65,0.031,-0.235,0.128,-0.121,-1.598,-0.012,-0.038,-0.012,5.66,4.96,79.30
6,-0.685,3.703,17.70,0.031,-0.235,0.128,-0.122,-1.598,-0.012,-0.038,-0.012,5.70,4.95,79.29
6,-0.503,3.923,17.75,0.031,-0.235,0.129,-0.126,-1.598,-0.010,-0.038,-0.013,5.74,4.94,79.29
6,-0.308,4.151,17.80,0.031,-0.235,0.129,-0.128,-1.598,-0.010,-0.039,-0.012,5.77,4.93,79.29
6,-0.102,4.384,17.85,0.031,-0.235,0.130,-0.131,-1.599,-0.010,-0.038,-0.012,5.80,4.91,79.29
6,0.115,4.623,17.90,0.031,-0.235,0.130,-0.132,-1.599,-0.010,-0.038,-0.012,5.83,4.90,79.29
6,0.342,4.866,17.95,0.031,-0.235,0.130,-0.135,-1.600,-0.011,-0.036,-0.012,5.85,4.88,79.29
6,0.577,5.112,18.00,0.031,-0.235,0.113,-0.158,-1.602,-0.028,-0.016,-0.006,5.76,4.90,79.31
6,0.821,5.361,18.05,0.031,-0.235,0.113,-0.158,-1.602,-0.028,-0.016,-0.006,5.76,4.90,79.31
6,1.072,5.611,18.10,0.031,-0.235,0.112,-0.158,-1.601,-0.028,-0.016,-0.006,5.74,4.91,79.31
6,1.329,5.861,18.15,0.031,-0.235,0.110,-0.158,-1.601,-0.029,-0.018,-0.006,5.73,4.93,79.32
6,1.590,6.111,18.20,0.031,-0.235,0.109,-0.159,-1.600,-0.030,-0.021,-0.006,5.71,4.97,79.32
6,1.856,6.359,18.25,0.031,-0.235,0.108,-0.160,-1.599,-0.031,-0.030,-0.006,5.69,5.00,79.33
6,2.125,6.605,18.30,0.031,-0.235,0.107,-0.161,-1.599,-0.033,-0.037,-0.006,5.67,5.02,79.33
6,2.396,6.847,18.35,0.031,-0.235,0.105,-0.164,-1.598,-0.036,-0.051,-0.005,5.66,5.02,79.34
6,2.668,7.084,18.40,0.031,-0.235,0.104,-0.166,-1.597,-0.038,-0.059,-0.005,5.64,4.99,79.34
6,2.939,7.317,18.45,0.031,-0.235,0.102,-0.171,-1.596,-0.042,-0.076,-0.005,5.63,4.93,79.34
6,3.209,7.543,18.50,0.031,-0.235,0.100,-0.175,-1.596,-0.046,-0.088,-0.005,5.63,4.85,79.35
6,3.477,7.761,18.55,0.031,-0.235,0.097,-0.182,-1.595,-0.052,-0.107,-0.005,5.62,4.75,79.35
6,3.742,7.972,18.60,0.031,-0.235,0.095,-0.186,-1.595,-0.056,-0.117,-0.005,5.61,4.62,79.35
6,4.002,8.174,18.65,0.031,-0.235,0.091,-0.195,-1.594,-0.063,-0.136,-0.004,5.60,4.47,79.35
6,4.257,8.366,18.70,0.031,-0.235,0.088,-0.202,-1.594,-0.068,-0.148,-0.004,5.58,4.29,79.36
6,4.505,8.548,18.75,0.031,-0.235,0.083,-0.213,-1.593,-0.076,-0.166,-0.004,5.56,4.11,79.36
6,4.746,8.718,18.80,0.031,-0.235,0.080,-0.220,-1.592,-0.080,-0.174,-0.004,5.53,3.90,79.36
6,4.979,8.877,18.85,0.031,-0.235,0.074,-0.233,-1.592,-0.088,-0.190,-0.003,5.49,3.69,79.37
6,5.202,9.023,18.90,0.031,-0.235,0.070,-0.242,-1.591,-0.093,-0.200,-0.003,5.45,3.46,79.37
6,5.416,9.157,18.95,0.031,-0.235,0.064,-0.258,-1.591,-0.101,-0.213,-0.003,5.41,3.23,79.38
6,5.618,9.277,19.00,0.031,-0.235,-0.049,-0.500,-1.588,-0.118,-0.123,-0.007,4.25,-0.31,79.52
6,5.809,9.383,19.05,0.031,-0.235,-0.049,-0.500,-1.588,-0.118,-0.123,-0.007,4.25,-0.31,79.52
6,5.987,9.474,19.10,0.031,-0.235,-0.055,-0.508,-1.588,-0.114,-0.106,-0.007,4.21,-0.35,79.52
6,6.152,9.551,19.15,0.031,-0.235,-0.058,-0.511,-1.588,-0.113,-0.098,-0.007,4.17,-0.37,79.51
6,6.303,9.613,19.20,0.031,-0.235,-0.064,-0.516,-1.587,-0.109,-0.082,-0.008,4.13,-0.39,79.50
6,6.440,9.659,19.25,0.031,-0.235,-0.067,-0.518,-1.587,-0.107,-0.075,-0.008,4.09,-0.40,79.50
6,6.562,9.690,19.30,0.031,-0.235,-0.073,-0.522,-1.587,-0.103,-0.057,-0.008,4.05,-0.40,79.49
6,6.669,9.706,19.35,0.031,-0.235,-0.076,-0.523,-1.587,-0.101,-0.050,-0.009,4.01,-0.39,79.49
6,6.759,9.705,19.40,0.031,-0.235,-0.082,-0.524,-1.587,-0.097,-0.035,-0.009,3.97,-0.37,79.49
6,6.834,9.689,19.45,0.031,-0.235,-0.085,-0.525,-1.587,-0.095,-0.028,-0.009,3.92,-0.35,79.48
6,6.892,9.658,19.50,0.031,-0.235,-0.091,-0.524,-1.586,-0.090,-0.013,-0.010,3.88,-0.32,79.48
6,6.933,9.611,19.55,0.031,-0.235,-0.094,-0.524,-1.586,-0.087,-0.006,-0.010,3.83,-0.28,79.48
6,6.957,9.549,19.60,0.031,-0.235,-0.096,-0.523,-1.586,-0.085,0.001,-0.010,3.79,-0.25,79.48
6,6.964,9.471,19.65,0.031,-0.235,-0.101,-0.520,-1.586,-0.080,0.013,-0.011,3.74,-0.20,79.47
6,6.955,9.379,19.70,0.031,-0.235,-0.103,-0.518,-1.587,-0.076,0.020,-0.011,3.71,-0.16,79.47
6,6.928,9.273,19.75,0.031,-0.235,-0.107,-0.514,-1.587,-0.071,0.031,-0.011,3.66,-0.10,79.47
6,6.885,9.153,19.80,0.031,-0.235,-0.110,-0.510,-1.588,-0.064,0.041,-0.011,3.62,-0.04,79.46
6,6.825,9.019,19.85,0.031,-0.235,-0.111,-0.508,-1.588,-0.061,0.045,-0.011,3.59,0.02,79.45
6,6.748,8.872,19.90,0.031,-0.235,-0.113,-0.503,-1.588,-0.053,0.054,-0.011,3.57,0.08,79.44
6,6.655,8.713,19.95,0.031,-0.235,-0.114,-0.501,-1.589,-0.050,0.058,-0.011,3.55,0.14,79.43
7,-1.971,0.460,0.00,0.031,-0.235,-0.275,-0.490,-1.593,-0.113,-0.001,-0.012,0.37,-2.65,79.38
7,-2.003,0.506,0.05,0.031,-0.235,-0.275,-0.490,-1.593,-0.113,-0.001,-0.012,0.37,-2.65,79.38
7,-2.034,0.552,0.10,0.031,-0.235,-0.281,-0.489,-1.593,-0.103,0.010,-0.012,0.33,-2.60,79.37
7,-2.061,0.597,0.15,0.031,-0.235,-0.284,-0.489,-1.593,-0.098,0.015,-0.011,0.29,-2.56,79.36
7,-2.086,0.641,0.20,0.031,-0.235,-0.289,-0.486,-1.593,-0.085,0.027,-0.012,0.25,-2.51,79.36
7,-2.107,0.684,0.25,0.031,-0.235,-0.292,-0.485,-1.594,-0.080,0.031,-0.011,0.22,-2.47,79.35
7,-2.126,0.726,0.30,0.031,-0.235,-0.296,-0.481,-1.594,-0.070,0.041,-0.011,0.19,-2.42,79.35
7,-2.141,0.766,0.35,0.031,-0.235,-0.297,-0.479,-1.594,-0.064,0.045,-0.011,0.16,-2.37,79.35
7,-2.153,0.805,0.40,0.031,-0.235,-0.301,-0.475,-1.594,-0.052,0.054,-0.011,0.15,-2.32,79.35
7,-2.161,0.841,0.45,0.031,-0.235,-0.302,-0.473,-1.594,-0.047,0.058,-0.011,0.12,-2.25,79.34
7,-2.167,0.876,0.50,0.031,-0.235,-0.304,-0.468,-1.594,-0.037,0.064,-0.011,0.11,-2.19,79.34
7,-2.168,0.908,0.55,0.031,-0.235,-0.305,-0.466,-1.594,-0.032,0.067,-0.011,0.10,-2.14,79.34
7,-2.167,0.937,0.60,0.031,-0.235,-0.306,-0.462,-1.593,-0.021,0.073,-0.011,0.09,-2.08,79.34
7,-2.162,0.965,0.65,0.031,-0.235,-0.306,-0.459,-1.593,-0.016,0.075,-0.011,0.09,-2.03,79.34
7,-2.153,0.989,0.70,0.031,-0.235,-0.307,-0.455,-1.592,-0.007,0.078,-0.011,0.08,-1.97,79.35
7,-2.141,1.011,0.75,0.031,-0.235,-0.307,-0.453,-1.592,-0.002,0.080,-0.011,0.09,-1.93,79.35
7,-2.126,1.030,0.80,0.031,-0.235,-0.308,-0.447,-1.592,0.007,0.083,-0.012,0.09,-1.88,79.35
7,-2.108,1.045,0.85,0.031,-0.235,-0.308,-0.445,-1.592,0.011,0.084,-0.012,0.10,-1.84,79.36
7,-2.087,1.058,0.90,0.031,-0.235,-0.309,-0.439,-1.591,0.018,0.086,-0.012,0.10,-1.80,79.36
7,-2.062,1.068,0.95,0.031,-0.235,-0.309,-0.437,-1.591,0.021,0.087,-0.013,0.11,-1.76,79.37
7,-2.035,1.074,1.00,0.031,-0.235,-0.251,-0.340,-1.594,0.099,0.056,-0.015,0.39,-1.12,79.34
7,-2.005,1.077,1.05,0.031,-0.235,-0.251,-0.340,-1.594,0.099,0.056,-0.015,0.39,-1.12,79.34
7,-1.972,1.077,1.10,0.031,-0.235,-0.247,-0.338,-1.595,0.100,0.054,-0.015,0.43,-1.12,79.33
7,-1.937,1.074,1.15,0.031,-0.235,-0.240,-0.336,-1.596,0.102,0.050,-0.014,0.45,-1.12,79.32
7,-1.899,1.067,1.20,0.031,-0.235,-0.236,-0.334,-1.597,0.103,0.047,-0.013,0.50,-1.13,79.31
7,-1.860,1.058,1.25,0.031,-0.235,-0.230,-0.331,-1.598,0.103,0.043,-0.012,0.52,-1.13,79.31
7,-1.818,1.045,1.30,0.031,-0.235,-0.227,-0.330,-1.598,0.103,0.041,-0.011,0.57,-1.14,79.30
7,-1.775,1.029,1.35,0.031,-0.235,-0.222,-0.328,-1.599,0.103,0.038,-0.010,0.59,-1.14,79.30
7,-1.730,1.010,1.40,0.031,-0.235,-0.218,-0.327,-1.600,0.103,0.035,-0.010,0.63,-1.15,79.30
7,-1.684,0.988,1.45,0.031,-0.235,-0.213,-0.325,-1.600,0.102,0.032,-0.009,0.64,-1.16,79.30
7,-1.636,0.964,1.50,0.031,-0.235,-0.210,-0.324,-1.601,0.101,0.030,-0.009,0.67,-1.18,79.30
7,-1.588,0.936,1.55,0.031,-0.235,-0.205,-0.322,-1.601,0.100,0.027,-0.008,0.68,-1.18,79.30
7,-1.540,0.907,1.60,0.031,-0.235,-0.202,-0.321,-1.602,0.099,0.026,-0.008,0.70,-1.20,79.30
7,-1.490,0.874,1.65,0.031,-0.235,-0.197,-0.320,-1.603,0.098,0.023,-0.007,0.71,-1.21,79.30
7,-1.441,0.840,1.70,0.031,-0.235,-0.195,-0.320,-1.603,0.098,0.022,-0.007,0.73,-1.22,79.30
7,-1.392,0.803,1.75,0.031,-0.235,-0.190,-0.319,-1.604,0.096,0.019,-0.006,0.74,-1.23,79.30
7,-1.343,0.765,1.80,0.031,-0.235,-0.187,-0.318,-1.604,0.095,0.018,-0.005,0.75,-1.25,79.30
7,-1.295,0.725,1.85,0.031,-0.235,-0.182,-0.317,-1.605,0.094,0.016,-0.005,0.76,-1.26,79.30
7,-1.247,0.683,1.90,0.031,-0.235,-0.180,-0.317,-1.606,0.094,0.015,-0.004,0.78,-1.28,79.31
7,-1.201,0.640,1.95,0.031,-0.235,-0.174,-0.317,-1.607,0.093,0.013,-0.003,0.79,-1.29,79.31
7,-1.155,0.596,2.00,0.031,-0.235,-0.077,-0.320,-1.610,0.068,0.010,0.005,1.30,-1.43,79.35
7,-1.111,0.551,2.05,0.031,-0.235,-0.077,-0.320,-1.610,0.068,0.010,0.005,1.30,-1.43,79.35
7,-1.069,0.505,2.10,0.031,-0.235,-0.072,-0.321,-1.609,0.065,0.010,0.004,1.32,-1.43,79.35
7,-1.029,0.458,2.15,0.031,-0.235,-0.069,-0.321,-1.609,0.064,0.010,0.003,1.34,-1.44,79.36
7,-0.991,0.412,2.20,0.031,-0.235,-0.063,-0.322,-1.609,0.060,0.011,0.002,1.37,-1.46,79.36
7,-0.955,0.365,2.25,0.031,-0.235,-0.061,-0.323,-1.609,0.058,0.011,0.002,1.39,-1.47,79.36
7,-0.921,0.319,2.30,0.031,-0.235,-0.058,-0.323,-1.609,0.056,0.012,0.002,1.41,-1.48,79.36
7,-0.890,0.273,2.35,0.031,-0.235,-0.054,-0.323,-1.609,0.052,0.015,0.001,1.43,-1.49,79.36
7,-0.862,0.228,2.40,0.031,-0.235,-0.050,-0.324,-1.609,0.046,0.018,0.001,1.44,-1.49,79.35
7,-0.836,0.183,2.45,0.031,-0.235,-0.048,-0.324,-1.609,0.044,0.020,0.001,1.45,-1.49,79.35
7,-0.814,0.140,2.50,0.031,-0.235,-0.045,-0.324,-1.610,0.039,0.023,0.001,1.46,-1.49,79.35
7,-0.794,0.098,2.55,0.031,-0.235,-0.044,-0.324,-1.610,0.036,0.025,0.001,1.45,-1.48,79.35
7,-0.778,0.057,2.60,0.031,-0.235,-0.042,-0.323,-1.609,0.029,0.029,0.001,1.44,-1.48,79.35
7,-0.765,0.018,2.65,0.031,-0.235,-0.041,-0.323,-1.609,0.026,0.031,0.001,1.43,-1.46,79.35
7,-0.756,-0.019,2.70,0.031,-0.235,-0.040,-0.322,-1.609,0.021,0.035,0.001,1.41,-1.45,79.34
7,-0.750,-0.054,2.75,0.031,-0.235,-0.040,-0.321,-1.609,0.018,0.037,0.001,1.38,-1.43,79.34
7,-0.747,-0.087,2.80,0.031,-0.235,-0.040,-0.320,-1.608,0.012,0.042,0.001,1.36,-1.42,79.34
7,-0.748,-0.117,2.85,0.031,-0.235,-0.040,-0.319,-1.608,0.010,0.044,0.001,1.31,-1.39,79.34
7,-0.752,-0.145,2.90,0.031,-0.235,-0.040,-0.317,-1.608,0.005,0.047,0.001,1.27,-1.37,79.33
7,-0.759,-0.170,2.95,0.031,-0.235,-0.041,-0.316,-1.608,0.002,0.049,0.001,1.23,-1.35,79.33
7,-0.770,-0.193,3.00,0.031,-0.235,-0.065,-0.273,-1.607,0.004,0.055,-0.003,0.54,-0.90,79.36
7,-0.784,-0.213,3.05,0.031,-0.235,-0.065,-0.273,-1.607,0.004,0.055,-0.003,0.54,-0.90,79.36
7,-0.801,-0.229,3.10,0.031,-0.235,-0.064,-0.270,-1.608,0.007,0.053,-0.002,0.55,-0.89,79.36
7,-0.822,-0.243,3.15,0.031,-0.235,-0.063,-0.268,-1.608,0.010,0.051,-0.001,0.56,-0.88,79.36
7,-0.846,-0.253,3.20,0.031,-0.235,-0.062,-0.267,-1.608,0.011,0.050,-0.001,0.58,-0.87,79.36
7,-0.872,-0.261,3.25,0.031,-0.235,-0.061,-0.264,-1.609,0.013,0.049,-0.001,0.59,-0.86,79.36
7,-0.901,-0.265,3.30,0.031,-0.235,-0.060,-0.263,-1.609,0.014,0.048,-0.000,0.61,-0.85,79.36
7,-0.933,-0.266,3.35,0.031,-0.235,-0.059,-0.260,-1.610,0.016,0.047,0.001,0.62,-0.84,79.35
7,-0.968,-0.263,3.40,0.031,-0.235,-0.058,-0.258,-1.610,0.016,0.046,0.001,0.63,-0.83,79.35
7,-1.005,-0.258,3.45,0.031,-0.235,-0.057,-0.255,-1.611,0.018,0.046,0.001,0.64,-0.82,79.34
7,-1.044,-0.249,3.50,0.031,-0.235,-0.056,-0.253,-1.611,0.018,0.046,0.001,0.65,-0.80,79.33
7,-1.085,-0.237,3.55,0.031,-0.235,-0.056,-0.249,-1.611,0.018,0.045,0.002,0.66,-0.78,79.33
7,-1.128,-0.222,3.60,0.031,-0.235,-0.055,-0.247,-1.611,0.018,0.045,0.002,0.67,-0.76,79.32
7,-1.172,-0.204,3.65,0.031,-0.235,-0.055,-0.243,-1.611,0.018,0.044,0.003,0.67,-0.73,79.31
7,-1.218,-0.183,3.70,0.031,-0.235,-0.055,-0.241,-1.611,0.018,0.043,0.003,0.67,-0.71,79.31
7,-1.265,-0.159,3.75,0.031,-0.235,-0.055,-0.238,-1.612,0.017,0.042,0.003,0.66,-0.69,79.30
7,-1.313,-0.133,3.80,0.031,-0.235,-0.055,-0.235,-1.612,0.016,0.041,0.003,0.65,-0.66,79.30
7,-1.361,-0.104,3.85,0.031,-0.235,-0.056,-0.232,-1.613,0.015,0.038,0.004,0.64,-0.64,79.30
7,-1.410,-0.072,3.90,0.031,-0.235,-0.056,-0.231,-1.613,0.015,0.037,0.004,0.63,-0.63,79.30
7,-1.460,-0.038,3.95,0.031,-0.235,-0.056,-0.228,-1.614,0.015,0.035,0.004,0.61,-0.61,79.30
7,-1.509,-0.002,4.00,0.031,-0.235,-0.029,-0.199,-1.603,0.024,-0.016,-0.002,0.70,-0.53,79.33
7,-1.558,0.036,4.05,0.031,-0.235,-0.029,-0.199,-1.603,0.024,-0.016,-0.002,0.70,-0.53,79.33
7,-1.607,0.075,4.10,0.031,-0.235,-0.028,-0.200,-1.602,0.024,-0.018,-0.002,0.71,-0.55,79.33
7,-1.654,0.117,4.15,0.031,-0.235,-0.026,-0.202,-1.602,0.026,-0.019,-0.004,0.70,-0.59,79.33
7,-1.701,0.160,4.20,0.031,-0.235,-0.024,-0.203,-1.601,0.029,-0.019,-0.005,0.69,-0.64,79.33
7,-1.747,0.203,4.25,0.031,-0.235,-0.021,-0.204,-1.601,0.035,-0.014,-0.006,0.69,-0.70,79.33
7,-1.791,0.248,4.30,0.031,-0.235,-0.019,-0.205,-1.601,0.038,-0.011,-0.006,0.71,-0.74,79.34
7,-1.834,0.294,4.35,0.031,-0.235,-0.016,-0.206,-1.600,0.045,-0.001,-0.007,0.74,-0.77,79.34
7,-1.875,0.340,4.40,0.031,-0.235,-0.013,-0.206,-1.600,0.049,0.006,-0.007,0.81,-0.77,79.34
7,-1.914,0.387,4.45,0.031,-0.235,-0.009,-0.206,-1.600,0.053,0.021,-0.008,0.89,-0.75,79.34
7,-1.950,0.433,4.50,0.031,-0.235,-0.007,-0.206,-1.600,0.054,0.028,-0.008,0.99,-0.69,79.34
7,-1.985,0.480,4.55,0.031,-0.235,-0.003,-0.205,-1.600,0.053,0.045,-0.008,1.08,-0.61,79.34
7,-2.016,0.526,4.60,0.031,-0.235,-0.001,-0.203,-1.600,0.051,0.055,-0.009,1.18,-0.51,79.34
7,-2.046,0.571,4.65,0.031,-0.235,0.003,-0.200,-1.600,0.045,0.072,-0.009,1.26,-0.39,79.34
7,-2.072,0.616,4.70,0.031,-0.235,0.004,-0.198,-1.600,0.040,0.080,-0.009,1.32,-0.24,79.34
7,-2.095,0.660,4.75,0.031,-0.235,0.006,-0.193,-1.601,0.028,0.095,-0.008,1.36,-0.10,79.34
7,-2.115,0.702,4.80,0.031,-0.235,0.006,-0.189,-1.601,0.019,0.103,-0.008,1.37,0.07,79.34
7,-2.132,0.743,4.85,0.031,-0.235,0.006,-0.182,-1.601,0.002,0.113,-0.008,1.34,0.23,79.34
7,-2.146,0.783,4.90,0.031,-0.235,0.005,-0.179,-1.601,-0.007,0.118,-0.008,1.28,0.39,79.34
7,-2.157,0.820,4.95,0.031,-0.235,0.003,-0.172,-1.601,-0.027,0.124,-0.007,1.19,0.54,79.34
7,-2.164,0.856,5.00,0.031,-0.235,-0.137,-0.167,-1.599,-0.078,-0.084,-0.014,-1.83,-0.29,79.45
7,-2.168,0.889,5.05,0.031,-0.235,-0.137,-0.167,-1.599,-0.078,-0.084,-0.014,-1.83,-0.29,79.45
7,-2.168,0.921,5.10,0.031,-0.235,-0.139,-0.175,-1.600,-0.063,-0.093,-0.013,-1.81,-0.42,79.44
7,-2.165,0.949,5.15,0.031,-0.235,-0.140,-0.179,-1.601,-0.057,-0.095,-0.013,-1.75,-0.56,79.44
7,-2.158,0.975,5.20,0.031,-0.235,-0.141,-0.188,-1.603,-0.043,-0.095,-0.011,-1.66,-0.70,79.43
7,-2.149,0.999,5.25,0.031,-0.235,-0.141,-0.191,-1.604,-0.038,-0.093,-0.011,-1.55,-0.84,79.42
7,-2.135,1.019,5.30,0.031,-0.235,-0.139,-0.198,-1.605,-0.027,-0.084,-0.009,-1.44,-0.95,79.42
7,-2.119,1.037,5.35,0.031,-0.235,-0.139,-0.201,-1.606,-0.022,-0.078,-0.008,-1.34,-1.05,79.42
7,-2.099,1.051,5.40,0.031,-0.235,-0.136,-0.205,-1.607,-0.010,-0.059,-0.006,-1.26,-1.11,79.41
7,-2.077,1.062,5.45,0.031,-0.235,-0.134,-0.207,-1.607,-0.004,-0.049,-0.006,-1.19,-1.15,79.41
7,-2.051,1.071,5.50,0.031,-0.235,-0.130,-0.208,-1.608,0.008,-0.028,-0.004,-1.15,-1.14,79.41
7,-2.023,1.076,5.55,0.031,-0.235,-0.128,-0.208,-1.609,0.015,-0.016,-0.003,-1.11,-1.10,79.40
7,-1.991,1.078,5.60,0.031,-0.235,-0.122,-0.206,-1.610,0.033,0.010,-0.001,-1.09,-1.02,79.40
7,-1.957,1.076,5.65,0.031,-0.235,-0.119,-0.205,-1.611,0.041,0.022,-0.001,-1.07,-0.90,79.39
7,-1.921,1.072,5.70,0.031,-0.235,-0.113,-0.200,-1.612,0.060,0.044,0.000,-1.04,-0.76,79.39
7,-1.883,1.064,5.75,0.031,-0.235,-0.109,-0.198,-1.612,0.069,0.054,0.001,-1.01,-0.58,79.38
7,-1.842,1.053,5.80,0.031,-0.235,-0.100,-0.190,-1.614,0.093,0.074,0.002,-0.97,-0.40,79.37
7,-1.800,1.039,5.85,0.031,-0.235,-0.095,-0.187,-1.614,0.103,0.081,0.003,-0.91,-0.19,79.37
7,-1.756,1.021,5.90,0.031,-0.235,-0.085,-0.179,-1.615,0.124,0.093,0.004,-0.83,0.02,79.36
7,-1.711,1.001,5.95,0.031,-0.235,-0.080,-0.175,-1.615,0.134,0.098,0.005,-0.72,0.24,79.35
7,-1.664,0.978,6.00,0.031,-0.235,0.131,-0.130,-1.616,0.158,-0.121,0.004,2.62,0.93,79.31
7,-1.616,0.953,6.05,0.031,-0.235,0.131,-0.130,-1.616,0.158,-0.121,0.004,2.62,0.93,79.31
7,-1.568,0.924,6.10,0.031,-0.235,0.137,-0.138,-1.617,0.141,-0.135,0.005,2.67,0.78,79.30
7,-1.519,0.893,6.15,0.031,-0.235,0.140,-0.142,-1.618,0.132,-0.142,0.005,2.70,0.64,79.29
7,-1.470,0.860,6.20,0.031,-0.235,0.146,-0.152,-1.619,0.113,-0.154,0.006,2.72,0.48,79.28
7,-1.420,0.825,6.25,0.031,-0.235,0.148,-0.156,-1.620,0.104,-0.159,0.007,2.73,0.33,79.27
7,-1.371,0.787,6.30,0.031,-0.235,0.151,-0.166,-1.621,0.087,-0.168,0.008,2.73,0.17,79.27
7,-1.323,0.748,6.35,0.031,-0.235,0.153,-0.171,-1.621,0.078,-0.171,0.008,2.72,0.02,79.26
7,-1.275,0.707,6.40,0.031,-0.235,0.155,-0.183,-1.622,0.059,-0.177,0.009,2.70,-0.14,79.25
7,-1.227,0.665,6.45,0.031,-0.235,0.156,-0.188,-1.622,0.051,-0.179,0.010,2.67,-0.28,79.25
7,-1.181,0.621,6.50,0.031,-0.235,0.157,-0.198,-1.622,0.035,-0.181,0.011,2.64,-0.43,79.25
7,-1.137,0.577,6.55,0.031,-0.235,0.157,-0.204,-1.622,0.027,-0.181,0.011,2.60,-0.56,79.26
7,-1.093,0.531,6.60,0.031,-0.235,0.158,-0.215,-1.623,0.011,-0.181,0.012,2.55,-0.70,79.26
7,-1.052,0.485,6.65,0.031,-0.235,0.157,-0.220,-1.623,0.004,-0.180,0.012,2.50,-0.82,79.27
7,-1.012,0.439,6.70,0.031,-0.235,0.157,-0.230,-1.623,-0.008,-0.177,0.013,2.45,-0.94,79.28
7,-0.975,0.392,6.75,0.031,-0.235,0.156,-0.235,-1.623,-0.015,-0.175,0.013,2.39,-1.04,79.29
7,-0.940,0.346,6.80,0.031,-0.235,0.155,-0.246,-1.623,-0.027,-0.169,0.014,2.33,-1.14,79.30
7,-0.908,0.300,6.85,0.031,-0.235,0.154,-0.250,-1.623,-0.032,-0.166,0.014,2.28,-1.23,79.31
7,-0.878,0.254,6.90,0.031,-0.235,0.152,-0.259,-1.622,-0.041,-0.160,0.014,2.22,-1.31,79.32
7,-0.851,0.209,6.95,0.031,-0.235,0.151,-0.263,-1.622,-0.046,-0.156,0.014,2.16,-1.38,79.32
7,-0.826,0.165,7.00,0.031,-0.235,0.050,-0.343,-1.613,-0.087,-0.010,0.006,0.83,-1.75,79.31
7,-0.805,0.122,7.05,0.031,-0.235,0.050,-0.343,-1.613,-0.087,-0.010,0.006,0.83,-1.75,79.31
7,-0.787,0.080,7.10,0.031,-0.235,0.048,-0.344,-1.612,-0.085,-0.007,0.006,0.80,-1.73,79.31
7,-0.773,0.041,7.15,0.031,-0.235,0.044,-0.344,-1.612,-0.079,-0.000,0.005,0.78,-1.71,79.32
7,-0.761,0.002,7.20,0.031,-0.235,0.042,-0.344,-1.611,-0.077,0.003,0.005,0.76,-1.70,79.32
7,-0.753,-0.034,7.25,0.031,-0.235,0.039,-0.343,-1.610,-0.072,0.008,0.004,0.76,-1.67,79.32
7,-0.748,-0.068,7.30,0.031,-0.235,0.037,-0.343,-1.610,-0.070,0.011,0.004,0.76,-1.66,79.32
7,-0.747,-0.100,7.35,0.031,-0.235,0.034,-0.342,-1.609,-0.066,0.017,0.003,0.76,-1.63,79.32
7,-0.749,-0.129,7.40,0.031,-0.235,0.033,-0.342,-1.609,-0.064,0.020,0.003,0.77,-1.60,79.33
7,-0.754,-0.156,7.45,0.031,-0.235,0.030,-0.341,-1.608,-0.061,0.026,0.002,0.77,-1.57,79.33
7,-0.763,-0.180,7.50,0.031,-0.235,0.029,-0.340,-1.608,-0.060,0.028,0.002,0.77,-1.55,79.33
7,-0.775,-0.202,7.55,0.031,-0.235,0.027,-0.338,-1.608,-0.058,0.034,0.001,0.77,-1.51,79.33
7,-0.791,-0.220,7.60,0.031,-0.235,0.026,-0.337,-1.608,-0.057,0.037,0.000,0.77,-1.48,79.33
7,-0.810,-0.235,7.65,0.031,-0.235,0.024,-0.334,-1.608,-0.055,0.042,0.000,0.76,-1.45,79.33
7,-0.832,-0.248,7.70,0.031,-0.235,0.023,-0.333,-1.608,-0.055,0.044,0.000,0.75,-1.42,79.33
7,-0.856,-0.257,7.75,0.031,-0.235,0.020,-0.329,-1.609,-0.054,0.050,0.000,0.74,-1.38,79.33
7,-0.884,-0.263,7.80,0.031,-0.235,0.019,-0.327,-1.609,-0.053,0.052,0.000,0.72,-1.34,79.33
7,-0.915,-0.265,7.85,0.031,-0.235,0.017,-0.323,-1.609,-0.053,0.057,0.000,0.70,-1.29,79.33
7,-0.948,-0.265,7.90,0.031,-0.235,0.015,-0.320,-1.609,-0.053,0.059,0.001,0.67,-1.25,79.33
7,-0.983,-0.261,7.95,0.031,-0.235,0.012,-0.315,-1.609,-0.052,0.064,0.000,0.64,-1.20,79.33
7,-1.021,-0.254,8.00,0.031,-0.235,-0.033,-0.199,-1.617,-0.021,0.043,0.009,0.03,-0.15,79.33
7,-1.061,-0.244,8.05,0.031,-0.235,-0.033,-0.199,-1.617,-0.021,0.043,0.009,0.03,-0.15,79.33
7,-1.103,-0.231,8.10,0.031,-0.235,-0.034,-0.195,-1.617,-0.017,0.036,0.009,0.01,-0.15,79.33
7,-1.146,-0.215,8.15,0.031,-0.235,-0.035,-0.193,-1.617,-0.013,0.032,0.009,-0.02,-0.15,79.33
7,-1.191,-0.195,8.20,0.031,-0.235,-0.036,-0.190,-1.617,-0.004,0.027,0.009,-0.05,-0.17,79.33
7,-1.238,-0.173,8.25,0.031,-0.235,-0.035,-0.189,-1.617,0.001,0.026,0.009,-0.07,-0.20,79.33
7,-1.285,-0.148,8.30,0.031,-0.235,-0.035,-0.186,-1.617,0.012,0.025,0.010,-0.07,-0.23,79.33
7,-1.333,-0.121,8.35,0.031,-0.235,-0.033,-0.184,-1.617,0.019,0.026,0.010,-0.05,-0.24,79.33
7,-1.382,-0.091,8.40,0.031,-0.235,-0.031,-0.181,-1.616,0.031,0.029,0.010,0.00,-0.25,79.33
7,-1.431,-0.058,8.45,0.031,-0.235,-0.029,-0.180,-1.616,0.036,0.032,0.009,0.07,-0.23,79.33
7,-1.480,-0.023,8.50,0.031,-0.235,-0.025,-0.177,-1.615,0.045,0.038,0.009,0.17,-0.20,79.33
7,-1.530,0.014,8.55,0.031,-0.235,-0.022,-0.175,-1.614,0.050,0.042,0.009,0.27,-0.15,79.33
7,-1.579,0.052,8.60,0.031,-0.235,-0.016,-0.171,-1.613,0.055,0.050,0.008,0.39,-0.08,79.33
7,-1.627,0.093,8.65,0.031,-0.235,-0.014,-0.168,-1.612,0.056,0.054,0.008,0.49,-0.01,79.34
7,-1.674,0.135,8.70,0.031,-0.235,-0.008,-0.163,-1.611,0.056,0.062,0.007,0.60,0.10,79.34
7,-1.721,0.178,8.75,0.031,-0.235,-0.005,-0.160,-1.609,0.054,0.067,0.006,0.70,0.20,79.35
7,-1.766,0.222,8.80,0.031,-0.235,-0.000,-0.153,-1.607,0.049,0.073,0.005,0.77,0.32,79.35
7,-1.809,0.267,8.85,0.031,-0.235,0.002,-0.150,-1.606,0.045,0.076,0.004,0.83,0.44,79.36
7,-1.851,0.313,8.90,0.031,-0.235,0.005,-0.143,-1.604,0.035,0.080,0.002,0.86,0.57,79.36
7,-1.891,0.360,8.95,0.031,-0.235,0.007,-0.139,-1.603,0.028,0.082,0.001,0.87,0.69,79.37
7,-1.929,0.406,9.00,0.031,-0.235,-0.076,-0.141,-1.587,-0.067,-0.091,-0.022,-1.19,0.07,79.36
7,-1.965,0.453,9.05,0.031,-0.235,-0.076,-0.141,-1.587,-0.067,-0.091,-0.022,-1.19,0.07,79.36
7,-1.998,0.499,9.10,0.031,-0.235,-0.079,-0.149,-1.588,-0.058,-0.099,-0.022,-1.20,-0.05,79.37
7,-2.029,0.545,9.15,0.031,-0.235,-0.080,-0.155,-1.588,-0.052,-0.102,-0.022,-1.19,-0.18,79.38
7,-2.057,0.590,9.20,0.031,-0.235,-0.081,-0.164,-1.589,-0.043,-0.103,-0.022,-1.15,-0.30,79.40
7,-2.082,0.634,9.25,0.031,-0.235,-0.081,-0.168,-1.590,-0.039,-0.102,-0.022,-1.09,-0.43,79.42
7,-2.104,0.678,9.30,0.031,-0.235,-0.082,-0.177,-1.591,-0.031,-0.097,-0.021,-1.03,-0.54,79.43
7,-2.123,0.720,9.35,0.031,-0.235,-0.081,-0.183,-1.592,-0.025,-0.092,-0.021,-0.97,-0.64,79.44
7,-2.139,0.760,9.40,0.031,-0.235,-0.081,-0.191,-1.593,-0.016,-0.080,-0.020,-0.92,-0.72,79.44
7,-2.151,0.799,9.45,0.031,-0.235,-0.080,-0.194,-1.594,-0.012,-0.074,-0.020,-0.88,-0.78,79.44
7,-2.160,0.836,9.50,0.031,-0.235,-0.079,-0.200,-1.596,-0.002,-0.058,-0.018,-0.85,-0.80,79.43
7,-2.166,0.870,9.55,0.031,-0.235,-0.079,-0.203,-1.597,0.006,-0.048,-0.017,-0.83,-0.80,79.42
7,-2.168,0.903,9.60,0.031,-0.235,-0.077,-0.207,-1.600,0.018,-0.031,-0.015,-0.81,-0.78,79.41
7,-2.167,0.933,9.65,0.031,-0.235,-0.076,-0.208,-1.601,0.025,-0.023,-0.014,-0.79,-0.72,79.39
7,-2.163,0.961,9.70,0.031,-0.235,-0.073,-0.210,-1.602,0.040,-0.006,-0.012,-0.78,-0.66,79.38
7,-2.155,0.985,9.75,0.031,-0.235,-0.071,-0.210,-1.603,0.050,0.004,-0.011,-0.76,-0.56,79.37
7,-2.143,1.008,9.80,0.031,-0.235,-0.066,-0.210,-1.605,0.067,0.017,-0.008,-0.72,-0.46,79.35
7,-2.129,1.027,9.85,0.031,-0.235,-0.063,-0.209,-1.606,0.076,0.024,-0.007,-0.67,-0.33,79.34
7,-2.111,1.043,9.90,0.031,-0.235,-0.057,-0.207,-1.606,0.093,0.034,-0.005,-0.61,-0.21,79.33
7,-2.090,1.056,9.95,0.031,-0.235,-0.052,-0.205,-1.607,0.105,0.040,-0.005,-0.52,-0.07,79.32
7,-2.066,1.066,10.00,0.031,-0.235,0.158,-0.193,-1.616,0.107,-0.097,0.005,2.53,0.41,79.33
7,-2.039,1.073,10.05,0.031,-0.235,0.158,-0.193,-1.616,0.107,-0.097,0.005,2.53,0.41,79.33
7,-2.010,1.077,10.10,0.031,-0.235,0.161,-0.197,-1.616,0.099,-0.102,0.005,2.56,0.30,79.32
7,-1.977,1.077,10.15,0.031,-0.235,0.167,-0.205,-1.616,0.080,-0.111,0.006,2.58,0.18,79.31
7,-1.942,1.075,10.20,0.031,-0.235,0.170,-0.209,-1.616,0.071,-0.115,0.006,2.58,0.07,79.31
7,-1.905,1.069,10.25,0.031,-0.235,0.173,-0.218,-1.616,0.052,-0.122,0.006,2.57,-0.06,79.30
7,-1.866,1.059,10.30,0.031,-0.235,0.174,-0.222,-1.615,0.046,-0.124,0.006,2.55,-0.18,79.30
7,-1.825,1.047,10.35,0.031,-0.235,0.176,-0.232,-1.615,0.027,-0.130,0.006,2.52,-0.31,79.29
7,-1.782,1.032,10.40,0.031,-0.235,0.176,-0.237,-1.615,0.020,-0.132,0.006,2.48,-0.43,79.29
7,-1.737,1.013,10.45,0.031,-0.235,0.176,-0.247,-1.615,0.005,-0.134,0.006,2.43,-0.57,79.29
7,-1.691,0.992,10.50,0.031,-0.235,0.175,-0.251,-1.614,-0.002,-0.135,0.006,2.38,-0.68,79.29
7,-1.644,0.968,10.55,0.031,-0.235,0.173,-0.262,-1.614,-0.018,-0.136,0.006,2.33,-0.81,79.28
7,-1.596,0.941,10.60,0.031,-0.235,0.172,-0.267,-1.614,-0.024,-0.136,0.005,2.27,-0.93,79.28
7,-1.547,0.911,10.65,0.031,-0.235,0.168,-0.277,-1.614,-0.036,-0.134,0.005,2.20,-1.04,79.29
7,-1.498,0.880,10.70,0.031,-0.235,0.166,-0.281,-1.614,-0.041,-0.133,0.005,2.14,-1.15,79.29
7,-1.449,0.845,10.75,0.031,-0.235,0.161,-0.292,-1.613,-0.053,-0.129,0.005,2.06,-1.25,79.29
7,-1.400,0.809,10.80,0.031,-0.235,0.158,-0.297,-1.613,-0.057,-0.127,0.005,2.00,-1.34,79.30
7,-1.351,0.771,10.85,0.031,-0.235,0.153,-0.306,-1.614,-0.065,-0.123,0.005,1.92,-1.44,79.31
7,-1.302,0.731,10.90,0.031,-0.235,0.151,-0.310,-1.614,-0.068,-0.120,0.004,1.85,-1.52,79.31
7,-1.255,0.690,10.95,0.031,-0.235,0.145,-0.320,-1.614,-0.075,-0.113,0.004,1.78,-1.60,79.32
7,-1.208,0.647,11.00,0.031,-0.235,0.060,-0.367,-1.617,-0.058,0.025,0.012,0.95,-1.77,79.26
7,-1.162,0.603,11.05,0.031,-0.235,0.060,-0.367,-1.617,-0.058,0.025,0.012,0.95,-1.77,79.26
7,-1.118,0.558,11.10,0.031,-0.235,0.056,-0.364,-1.616,-0.054,0.030,0.011,0.94,-1.73,79.26
7,-1.076,0.512,11.15,0.031,-0.235,0.055,-0.363,-1.616,-0.053,0.032,0.010,0.93,-1.69,79.27
7,-1.035,0.466,11.20,0.031,-0.235,0.053,-0.360,-1.615,-0.049,0.037,0.009,0.93,-1.65,79.28
7,-0.996,0.419,11.25,0.031,-0.235,0.051,-0.358,-1.614,-0.046,0.040,0.008,0.92,-1.62,79.28
7,-0.960,0.373,11.30,0.031,-0.235,0.049,-0.356,-1.614,-0.044,0.043,0.008,0.92,-1.58,79.29
7,-0.926,0.326,11.35,0.031,-0.235,0.048,-0.354,-1.613,-0.041,0.045,0.007,0.92,-1.55,79.29
7,-0.895,0.280,11.40,0.031,-0.235,0.047,-0.354,-1.613,-0.040,0.047,0.006,0.93,-1.52,79.30
7,-0.866,0.235,11.45,0.031,-0.235,0.045,-0.352,-1.613,-0.038,0.049,0.006,0.93,-1.49,79.30
7,-0.840,0.190,11.50,0.031,-0.235,0.044,-0.351,-1.613,-0.037,0.050,0.005,0.93,-1.47,79.31
7,-0.817,0.147,11.55,0.031,-0.235,0.043,-0.350,-1.613,-0.035,0.052,0.005,0.94,-1.45,79.32
7,-0.797,0.104,11.60,0.031,-0.235,0.042,-0.350,-1.613,-0.035,0.052,0.005,0.94,-1.43,79.32
7,-0.781,0.063,11.65,0.031,-0.235,0.039,-0.349,-1.612,-0.034,0.054,0.005,0.94,-1.41,79.33
7,-0.767,0.024,11.70,0.031,-0.235,0.038,-0.348,-1.613,-0.033,0.054,0.005,0.93,-1.40,79.34
7,-0.757,-0.013,11.75,0.031,-0.235,0.036,-0.347,-1.613,-0.033,0.056,0.004,0.93,-1.39,79.34
7,-0.750,-0.049,11.80,0.031,-0.235,0.034,-0.346,-1.613,-0.033,0.057,0.004,0.92,-1.38,79.35
7,-0.747,-0.082,11.85,0.031,-0.235,0.033,-0.345,-1.613,-0.033,0.057,0.004,0.91,-1.37,79.36
7,-0.747,-0.113,11.90,0.031,-0.235,0.029,-0.344,-1.614,-0.032,0.059,0.004,0.89,-1.36,79.36
7,-0.751,-0.141,11.95,0.031,-0.235,0.026,-0.342,-1.615,-0.032,0.061,0.005,0.87,-1.35,79.36
7,-0.758,-0.167,12.00,0.031,-0.235,-0.014,-0.281,-1.619,0.007,0.064,0.010,0.46,-0.87,79.29
7,-0.768,-0.190,12.05,0.031,-0.235,-0.014,-0.281,-1.619,0.007,0.064,0.010,0.46,-0.87,79.29
7,-0.782,-0.210,12.10,0.031,-0.235,-0.013,-0.279,-1.620,0.010,0.063,0.010,0.47,-0.85,79.29
7,-0.798,-0.227,12.15,0.031,-0.235,-0.012,-0.275,-1.620,0.016,0.063,0.011,0.48,-0.85,79.29
7,-0.818,-0.241,12.20,0.031,-0.235,-0.011,-0.273,-1.620,0.020,0.064,0.011,0.48,-0.86,79.28
7,-0.842,-0.252,12.25,0.031,-0.235,-0.008,-0.269,-1.619,0.029,0.070,0.012,0.50,-0.86,79.28
7,-0.868,-0.260,12.30,0.031,-0.235,-0.006,-0.266,-1.619,0.035,0.074,0.012,0.53,-0.85,79.28
7,-0.897,-0.264,12.35,0.031,-0.235,-0.003,-0.261,-1.618,0.043,0.084,0.011,0.59,-0.82,79.29
7,-0.928,-0.266,12.40,0.031,-0.235,-0.001,-0.258,-1.617,0.046,0.090,0.011,0.65,-0.78,79.29
7,-0.962,-0.264,12.45,0.031,-0.235,0.003,-0.252,-1.616,0.051,0.103,0.011,0.76,-0.69,79.29
7,-0.999,-0.259,12.50,0.031,-0.235,0.006,-0.247,-1.616,0.053,0.111,0.011,0.83,-0.61,79.30
7,-1.038,-0.250,12.55,0.031,-0.235,0.010,-0.240,-1.615,0.052,0.125,0.010,0.95,-0.46,79.30
7,-1.078,-0.239,12.60,0.031,-0.235,0.012,-0.236,-1.615,0.051,0.131,0.009,1.02,-0.34,79.31
7,-1.121,-0.225,12.65,0.031,-0.235,0.015,-0.227,-1.614,0.045,0.143,0.008,1.10,-0.15,79.32
7,-1.165,-0.207,12.70,0.031,-0.235,0.017,-0.221,-1.614,0.039,0.150,0.008,1.15,-0.02,79.33
7,-1.211,-0.186,12.75,0.031,-0.235,0.019,-0.211,-1.613,0.028,0.158,0.007,1.18,0.19,79.34
7,-1.257,-0.163,12.80,0.031,-0.235,0.019,-0.206,-1.613,0.022,0.162,0.006,1.17,0.33,79.35
7,-1.305,-0.137,12.85,0.031,-0.235,0.020,-0.196,-1.612,0.007,0.166,0.006,1.13,0.53,79.36
7,-1.354,-0.108,12.90,0.031,-0.235,0.019,-0.189,-1.612,-0.002,0.167,0.005,1.08,0.66,79.36
7,-1.403,-0.077,12.95,0.031,-0.235,0.017,-0.179,-1.611,-0.018,0.166,0.005,0.98,0.83,79.37
7,-1.452,-0.044,13.00,0.031,-0.235,-0.070,-0.124,-1.603,-0.053,-0.067,-0.008,-1.22,0.34,79.42
7,-1.501,-0.008,13.05,0.031,-0.235,-0.070,-0.124,-1.603,-0.053,-0.067,-0.008,-1.22,0.34,79.42
7,-1.550,0.030,13.10,0.031,-0.235,-0.071,-0.128,-1.603,-0.046,-0.074,-0.007,-1.19,0.23,79.43
7,-1.599,0.069,13.15,0.031,-0.235,-0.071,-0.134,-1.604,-0.036,-0.084,-0.007,-1.15,0.12,79.44
7,-1.647,0.110,13.20,0.031,-0.235,-0.071,-0.138,-1.604,-0.031,-0.088,-0.006,-1.09,0.01,79.45
7,-1.694,0.153,13.25,0.031,-0.235,-0.070,-0.144,-1.604,-0.021,-0.096,-0.006,-1.03,-0.09,79.46
7,-1.740,0.196,13.30,0.031,-0.235,-0.069,-0.149,-1.605,-0.015,-0.100,-0.005,-0.96,-0.19,79.46
7,-1.784,0.241,13.35,0.031,-0.235,-0.067,-0.156,-1.605,-0.006,-0.106,-0.005,-0.90,-0.28,79.46
7,-1.827,0.287,13.40,0.031,-0.235,-0.066,-0.159,-1.605,-0.002,-0.108,-0.005,-0.82,-0.37,79.46
7,-1.868,0.333,13.45,0.031,-0.235,-0.062,-0.166,-1.605,0.006,-0.111,-0.004,-0.76,-0.45,79.46
7,-1.908,0.379,13.50,0.031,-0.235,-0.060,-0.171,-1.605,0.010,-0.113,-0.004,-0.68,-0.53,79.46
7,-1.945,0.426,13.55,0.031,-0.235,-0.056,-0.177,-1.605,0.017,-0.114,-0.004,-0.61,-0.60,79.45
7,-1.979,0.472,13.60,0.031,-0.235,-0.054,-0.181,-1.605,0.020,-0.115,-0.004,-0.53,-0.68,79.45
7,-2.012,0.518,13.65,0.031,-0.235,-0.050,-0.186,-1.604,0.026,-0.114,-0.004,-0.47,-0.74,79.44
7,-2.041,0.564,13.70,0.031,-0.235,-0.047,-0.190,-1.604,0.028,-0.114,-0.004,-0.39,-0.79,79.44
7,-2.068,0.609,13.75,0.031,-0.235,-0.043,-0.195,-1.605,0.033,-0.112,-0.005,-0.33,-0.84,79.43
7,-2.092,0.653,13.80,0.031,-0.235,-0.040,-0.198,-1.605,0.034,-0.111,-0.005,-0.26,-0.88,79.43
7,-2.112,0.695,13.85,0.031,-0.235,-0.036,-0.203,-1.605,0.037,-0.109,-0.005,-0.20,-0.91,79.42
7,-2.130,0.737,13.90,0.031,-0.235,-0.033,-0.206,-1.605,0.039,-0.107,-0.005,-0.14,-0.95,79.41
7,-2.144,0.777,13.95,0.031,-0.235,-0.028,-0.210,-1.606,0.040,-0.104,-0.004,-0.09,-0.97,79.40
7,-2.155,0.814,14.00,0.031,-0.235,0.026,-0.238,-1.600,0.012,-0.048,-0.011,0.39,-0.95,79.32
7,-2.163,0.850,14.05,0.031,-0.235,0.026,-0.238,-1.600,0.012,-0.048,-0.011,0.39,-0.95,79.32
7,-2.167,0.884,14.10,0.031,-0.235,0.025,-0.240,-1.601,0.007,-0.047,-0.010,0.38,-0.96,79.32
7,-2.168,0.916,14.15,0.031,-0.235,0.024,-0.241,-1.601,0.004,-0.045,-0.010,0.39,-0.97,79.31
7,-2.166,0.945,14.20,0.031,-0.235,0.022,-0.242,-1.602,-0.006,-0.041,-0.009,0.41,-0.98,79.31
7,-2.160,0.971,14.25,0.031,-0.235,0.021,-0.243,-1.603,-0.011,-0.038,-0.009,0.44,-1.00,79.31
7,-2.150,0.995,14.30,0.031,-0.235,0.017,-0.244,-1.604,-0.026,-0.028,-0.008,0.46,-1.02,79.30
7,-2.138,1.016,14.35,0.031,-0.235,0.016,-0.244,-1.604,-0.033,-0.022,-0.007,0.46,-1.04,79.30
7,-2.122,1.034,14.40,0.031,-0.235,0.011,-0.243,-1.606,-0.046,-0.007,-0.006,0.42,-1.06,79.30
7,-2.103,1.049,14.45,0.031,-0.235,0.008,-0.243,-1.606,-0.052,0.002,-0.006,0.35,-1.06,79.29
7,-2.081,1.061,14.50,0.031,-0.235,0.001,-0.240,-1.607,-0.065,0.024,-0.004,0.26,-1.05,79.29
7,-2.055,1.070,14.55,0.031,-0.235,-0.003,-0.239,-1.608,-0.069,0.034,-0.003,0.12,-1.01,79.29
7,-2.027,1.075,14.60,0.031,-0.235,-0.010,-0.235,-1.608,-0.074,0.056,-0.002,-0.04,-0.95,79.29
7,-1.996,1.077,14.65,0.031,-0.235,-0.014,-0.232,-1.608,-0.074,0.067,-0.002,-0.22,-0.86,79.29
7,-1.963,1.077,14.70,0.031,-0.235,-0.022,-0.225,-1.608,-0.071,0.091,-0.001,-0.40,-0.75,79.29
7,-1.927,1.072,14.75,0.031,-0.235,-0.025,-0.221,-1.609,-0.068,0.101,-0.001,-0.59,-0.61,79.29
7,-1.889,1.065,14.80,0.031,-0.235,-0.031,-0.213,-1.609,-0.058,0.119,0.000,-0.76,-0.46,79.29
7,-1.849,1.055,14.85,0.031,-0.235,-0.033,-0.208,-1.608,-0.051,0.128,0.000,-0.92,-0.28,79.28
7,-1.807,1.041,14.90,0.031,-0.235,-0.038,-0.197,-1.608,-0.031,0.143,0.000,-1.04,-0.10,79.28
7,-1.763,1.024,14.95,0.031,-0.235,-0.039,-0.191,-1.608,-0.021,0.148,0.000,-1.14,0.11,79.27
7,-1.718,1.005,15.00,0.031,-0.235,0.131,-0.129,-1.621,0.193,-0.096,0.008,2.30,1.15,79.23
7,-1.671,0.982,15.05,0.031,-0.235,0.131,-0.129,-1.621,0.193,-0.096,0.008,2.30,1.15,79.23
7,-1.624,0.957,15.10,0.031,-0.235,0.145,-0.139,-1.621,0.180,-0.116,0.009,2.47,0.97,79.23
7,-1.575,0.929,15.15,0.031,-0.235,0.156,-0.148,-1.620,0.166,-0.131,0.010,2.57,0.85,79.23
7,-1.527,0.898,15.20,0.031,-0.235,0.161,-0.153,-1.620,0.159,-0.137,0.010,2.70,0.66,79.23
7,-1.477,0.866,15.25,0.031,-0.235,0.171,-0.165,-1.619,0.140,-0.150,0.010,2.77,0.53,79.23
7,-1.428,0.830,15.30,0.031,-0.235,0.174,-0.170,-1.619,0.131,-0.154,0.009,2.86,0.33,79.23
7,-1.379,0.793,15.35,0.031,-0.235,0.181,-0.181,-1.619,0.113,-0.162,0.009,2.91,0.16,79.23
7,-1.330,0.754,15.40,0.031,-0.235,0.183,-0.186,-1.618,0.103,-0.165,0.009,2.94,0.01,79.23
7,-1.282,0.714,15.45,0.031,-0.235,0.187,-0.198,-1.618,0.081,-0.169,0.008,2.95,-0.15,79.23
7,-1.235,0.672,15.50,0.031,-0.235,0.189,-0.204,-1.618,0.072,-0.171,0.008,2.95,-0.29,79.23
7,-1.188,0.628,15.55,0.031,-0.235,0.190,-0.215,-1.618,0.053,-0.172,0.008,2.93,-0.44,79.23
7,-1.144,0.584,15.60,0.031,-0.235,0.190,-0.221,-1.618,0.043,-0.172,0.008,2.89,-0.57,79.23
7,-1.100,0.539,15.65,0.031,-0.235,0.190,-0.234,-1.617,0.022,-0.171,0.008,2.84,-0.71,79.23
7,-1.058,0.493,15.70,0.031,-0.235,0.189,-0.240,-1.617,0.014,-0.170,0.008,2.79,-0.83,79.23
7,-1.019,0.446,15.75,0.031,-0.235,0.187,-0.251,-1.616,-0.003,-0.168,0.008,2.71,-0.96,79.24
7,-0.981,0.400,15.80,0.031,-0.235,0.186,-0.257,-1.615,-0.011,-0.166,0.008,2.64,-1.07,79.24
7,-0.945,0.353,15.85,0.031,-0.235,0.182,-0.270,-1.614,-0.027,-0.161,0.007,2.55,-1.19,79.25
7,-0.913,0.307,15.90,0.031,-0.235,0.180,-0.275,-1.613,-0.033,-0.158,0.007,2.47,-1.29,79.27
7,-0.882,0.261,15.95,0.031,-0.235,0.176,-0.286,-1.612,-0.045,-0.151,0.006,2.38,-1.39,79.29
7,-0.855,0.216,16.00,0.031,-0.235,0.054,-0.362,-1.602,-0.091,0.012,-0.007,0.82,-1.81,79.34
7,-0.830,0.172,16.05,0.031,-0.235,0.054,-0.362,-1.602,-0.091,0.012,-0.007,0.82,-1.81,79.34
7,-0.808,0.129,16.10,0.031,-0.235,0.046,-0.361,-1.603,-0.087,0.018,-0.007,0.76,-1.78,79.34
7,-0.790,0.087,16.15,0.031,-0.235,0.043,-0.360,-1.603,-0.085,0.021,-0.007,0.71,-1.76,79.34
7,-0.775,0.047,16.20,0.031,-0.235,0.036,-0.358,-1.603,-0.079,0.027,-0.006,0.66,-1.73,79.34
7,-0.763,0.008,16.25,0.031,-0.235,0.031,-0.357,-1.603,-0.076,0.030,-0.006,0.62,-1.70,79.34
7,-0.754,-0.028,16.30,0.031,-0.235,0.025,-0.355,-1.604,-0.070,0.034,-0.005,0.58,-1.66,79.35
7,-0.749,-0.063,16.35,0.031,-0.235,0.022,-0.354,-1.604,-0.067,0.036,-0.005,0.55,-1.63,79.35
7,-0.747,-0.095,16.40,0.031,-0.235,0.017,-0.352,-1.603,-0.061,0.039,-0.005,0.52,-1.60,79.35
7,-0.748,-0.125,16.45,0.031,-0.235,0.014,-0.351,-1.603,-0.057,0.041,-0.005,0.50,-1.57,79.35
7,-0.753,-0.152,16.50,0.031,-0.235,0.009,-0.349,-1.602,-0.050,0.043,-0.005,0.49,-1.55,79.36
7,-0.762,-0.177,16.55,0.031,-0.235,0.007,-0.347,-1.602,-0.047,0.044,-0.005,0.48,-1.52,79.36
7,-0.773,-0.198,16.60,0.031,-0.235,0.004,-0.345,-1.602,-0.039,0.046,-0.005,0.47,-1.49,79.35
7,-0.788,-0.217,16.65,0.031,-0.235,0.002,-0.343,-1.601,-0.035,0.048,-0.005,0.47,-1.47,79.35
7,-0.807,-0.233,16.70,0.031,-0.235,0.000,-0.340,-1.601,-0.028,0.049,-0.006,0.47,-1.45,79.34
7,-0.828,-0.246,16.75,0.031,-0.235,-0.000,-0.338,-1.601,-0.024,0.050,-0.006,0.48,-1.42,79.33
7,-0.852,-0.255,16.80,0.031,-0.235,-0.001,-0.335,-1.601,-0.017,0.051,-0.006,0.50,-1.39,79.33
7,-0.879,-0.262,16.85,0.031,-0.235,-0.002,-0.332,-1.601,-0.013,0.051,-0.007,0.52,-1.37,79.32
7,-0.910,-0.265,16.90,0.031,-0.235,-0.002,-0.329,-1.601,-0.007,0.052,-0.007,0.54,-1.34,79.31
7,-0.942,-0.265,16.95,0.031,-0.235,-0.002,-0.327,-1.601,-0.004,0.052,-0.007,0.57,-1.31,79.30
7,-0.977,-0.262,17.00,0.031,-0.235,0.040,-0.269,-1.614,0.015,0.020,0.000,1.20,-0.89,79.34
7,-1.015,-0.256,17.05,0.031,-0.235,0.040,-0.269,-1.614,0.015,0.020,0.000,1.20,-0.89,79.34
7,-1.054,-0.246,17.10,0.031,-0.235,0.040,-0.268,-1.616,0.012,0.017,0.002,1.18,-0.91,79.34
7,-1.096,-0.233,17.15,0.031,-0.235,0.040,-0.267,-1.617,0.012,0.017,0.003,1.15,-0.95,79.34
7,-1.139,-0.218,17.20,0.031,-0.235,0.039,-0.266,-1.619,0.014,0.020,0.005,1.12,-1.00,79.35
7,-1.184,-0.199,17.25,0.031,-0.235,0.039,-0.265,-1.620,0.017,0.024,0.006,1.09,-1.05,79.35
7,-1.230,-0.177,17.30,0.031,-0.235,0.039,-0.263,-1.621,0.022,0.035,0.008,1.09,-1.08,79.35
7,-1.277,-0.152,17.35,0.031,-0.235,0.039,-0.262,-1.622,0.025,0.042,0.009,1.11,-1.09,79.35
7,-1.326,-0.125,17.40,0.031,-0.235,0.040,-0.258,-1.623,0.029,0.059,0.011,1.16,-1.06,79.35
7,-1.374,-0.096,17.45,0.031,-0.235,0.040,-0.255,-1.623,0.031,0.071,0.012,1.22,-0.99,79.34
7,-1.423,-0.063,17.50,0.031,-0.235,0.041,-0.249,-1.623,0.031,0.091,0.014,1.28,-0.91,79.34
7,-1.473,-0.029,17.55,0.031,-0.235,0.042,-0.246,-1.624,0.030,0.102,0.015,1.37,-0.75,79.35
7,-1.522,0.008,17.60,0.031,-0.235,0.043,-0.237,-1.624,0.025,0.122,0.016,1.43,-0.58,79.35
7,-1.571,0.046,17.65,0.031,-0.235,0.043,-0.231,-1.624,0.020,0.135,0.016,1.47,-0.39,79.35
7,-1.619,0.086,17.70,0.031,-0.235,0.043,-0.219,-1.624,0.010,0.153,0.017,1.49,-0.17,79.35
7,-1.667,0.128,17.75,0.031,-0.235,0.043,-0.213,-1.624,0.003,0.162,0.017,1.48,0.04,79.36
7,-1.713,0.171,17.80,0.031,-0.235,0.042,-0.200,-1.624,-0.012,0.176,0.017,1.45,0.23,79.36
7,-1.759,0.215,17.85,0.031,-0.235,0.040,-0.191,-1.624,-0.023,0.182,0.017,1.36,0.50,79.37
7,-1.803,0.260,17.90,0.031,-0.235,0.036,-0.177,-1.623,-0.041,0.189,0.017,1.25,0.74,79.38
7,-1.845,0.306,17.95,0.031,-0.235,0.033,-0.170,-1.623,-0.050,0.191,0.017,1.12,0.94,79.39
7,-1.885,0.352,18.00,0.031,-0.235,-0.120,-0.117,-1.609,-0.060,-0.094,0.004,-1.83,0.26,79.47
7,-1.924,0.399,18.05,0.031,-0.235,-0.120,-0.117,-1.609,-0.060,-0.094,0.004,-1.83,0.26,79.47
7,-1.960,0.445,18.10,0.031,-0.235,-0.120,-0.121,-1.608,-0.052,-0.100,0.003,-1.76,0.09,79.47
7,-1.993,0.492,18.15,0.031,-0.235,-0.120,-0.129,-1.607,-0.036,-0.110,0.002,-1.69,-0.05,79.48
7,-2.024,0.538,18.20,0.031,-0.235,-0.120,-0.134,-1.606,-0.029,-0.115,0.002,-1.62,-0.17,79.48
7,-2.053,0.583,18.25,0.031,-0.235,-0.118,-0.144,-1.604,-0.012,-0.123,0.000,-1.55,-0.27,79.48
7,-2.078,0.628,18.30,0.031,-0.235,-0.117,-0.148,-1.604,-0.005,-0.126,-0.001,-1.44,-0.41,79.49
7,-2.101,0.671,18.35,0.031,-0.235,-0.114,-0.158,-1.602,0.009,-0.130,-0.002,-1.33,-0.52,79.49
7,-2.120,0.713,18.40,0.031,-0.235,-0.112,-0.163,-1.601,0.015,-0.132,-0.003,-1.23,-0.62,79.49
7,-2.136,0.754,18.45,0.031,-0.235,-0.108,-0.173,-1.599,0.029,-0.134,-0.004,-1.12,-0.72,79.48
7,-2.149,0.793,18.50,0.031,-0.235,-0.105,-0.178,-1.598,0.034,-0.134,-0.005,-1.02,-0.80,79.47
7,-2.159,0.830,18.55,0.031,-0.235,-0.101,-0.187,-1.596,0.044,-0.134,-0.007,-0.90,-0.88,79.46
7,-2.165,0.865,18.60,0.031,-0.235,-0.098,-0.191,-1.595,0.048,-0.133,-0.008,-0.80,-0.95,79.45
7,-2.168,0.898,18.65,0.031,-0.235,-0.092,-0.201,-1.593,0.057,-0.130,-0.010,-0.72,-1.01,79.43
7,-2.168,0.928,18.70,0.031,-0.235,-0.089,-0.206,-1.593,0.060,-0.128,-0.011,-0.60,-1.08,79.42
7,-2.164,0.956,18.75,0.031,-0.235,-0.083,-0.214,-1.593,0.066,-0.124,-0.013,-0.50,-1.13,79.41
7,-2.156,0.982,18.80,0.031,-0.235,-0.080,-0.218,-1.593,0.069,-0.122,-0.014,-0.42,-1.17,79.39
7,-2.145,1.004,18.85,0.031,-0.235,-0.073,-0.226,-1.593,0.073,-0.116,-0.015,-0.33,-1.21,79.38
7,-2.131,1.024,18.90,0.031,-0.235,-0.070,-0.230,-1.593,0.075,-0.113,-0.016,-0.25,-1.24,79.37
7,-2.114,1.041,18.95,0.031,-0.235,-0.065,-0.237,-1.594,0.077,-0.107,-0.016,-0.17,-1.27,79.35
7,-2.094,1.054,19.00,0.031,-0.235,0.014,-0.263,-1.615,0.046,0.008,0.003,0.33,-0.86,79.37
7,-2.070,1.065,19.05,0.031,-0.235,0.014,-0.263,-1.615,0.046,0.008,0.003,0.33,-0.86,79.37
7,-2.044,1.072,19.10,0.031,-0.235,0.019,-0.260,-1.616,0.043,0.012,0.005,0.35,-0.82,79.37
7,-2.015,1.077,19.15,0.031,-0.235,0.020,-0.258,-1.616,0.040,0.014,0.006,0.38,-0.77,79.37
7,-1.983,1.078,19.20,0.031,-0.235,0.024,-0.254,-1.617,0.031,0.020,0.007,0.43,-0.73,79.37
7,-1.948,1.075,19.25,0.031,-0.235,0.026,-0.253,-1.617,0.026,0.023,0.007,0.47,-0.70,79.37
7,-1.911,1.070,19.30,0.031,-0.235,0.028,-0.249,-1.617,0.015,0.031,0.008,0.51,-0.66,79.36
7,-1.872,1.061,19.35,0.031,-0.235,0.029,-0.247,-1.617,0.009,0.036,0.009,0.53,-0.63,79.36
7,-1.831,1.049,19.40,0.031,-0.235,0.030,-0.242,-1.617,-0.004,0.049,0.009,0.53,-0.59,79.36
7,-1.788,1.034,19.45,0.031,-0.235,0.030,-0.239,-1.617,-0.010,0.055,0.010,0.49,-0.55,79.35
7,-1.744,1.016,19.50,0.031,-0.235,0.029,-0.233,-1.617,-0.021,0.070,0.010,0.43,-0.50,79.35
7,-1.698,0.995,19.55,0.031,-0.235,0.029,-0.230,-1.617,-0.025,0.077,0.010,0.35,-0.43,79.34
7,-1.651,0.972,19.60,0.031,-0.235,0.027,-0.222,-1.617,-0.032,0.094,0.010,0.23,-0.34,79.34
7,-1.604,0.945,19.65,0.031,-0.235,0.026,-0.218,-1.617,-0.034,0.102,0.010,0.11,-0.24,79.34
7,-1.555,0.916,19.70,0.031,-0.235,0.024,-0.210,-1.617,-0.035,0.116,0.010,-0.02,-0.12,79.34
7,-1.506,0.885,19.75,0.031,-0.235,0.023,-0.206,-1.617,-0.034,0.122,0.010,-0.15,0.00,79.34
7,-1.457,0.851,19.80,0.031,-0.235,0.020,-0.195,-1.616,-0.029,0.134,0.009,-0.28,0.15,79.33
7,-1.407,0.815,19.85,0.031,-0.235,0.019,-0.190,-1.616,-0.025,0.139,0.009,-0.39,0.29,79.33
7,-1.358,0.777,19.90,0.031,-0.235,0.018,-0.180,-1.617,-0.015,0.147,0.008,-0.49,0.46,79.33
7,-1.310,0.738,19.95,0.031,-0.235,0.017,-0.174,-1.617,-0.009,0.149,0.008,-0.57,0.61,79.32
8,0.360,3.007,0.00,0.031,-0.235,0.101,-0.255,-1.598,0.028,0.095,-0.009,2.11,0.21,79.35
8,0.432,3.082,0.05,0.031,-0.235,0.101,-0.255,-1.598,0.028,0.095,-0.009,2.11,0.21,79.35
8,0.504,3.157,0.10,0.031,-0.235,0.100,-0.250,-1.598,0.028,0.093,-0.010,2.12,0.26,79.35
8,0.576,3.233,0.15,0.031,-0.235,0.099,-0.246,-1.598,0.027,0.091,-0.010,2.12,0.30,79.35
8,0.648,3.309,0.20,0.031,-0.235,0.098,-0.242,-1.597,0.027,0.089,-0.011,2.13,0.34,79.35
8,0.720,3.385,0.25,0.031,-0.235,0.097,-0.239,-1.597,0.027,0.087,-0.011,2.13,0.37,79.35
8,0.791,3.462,0.30,0.031,-0.235,0.096,-0.234,-1.596,0.026,0.084,-0.012,2.12,0.41,79.34
8,0.861,3.538,0.35,0.031,-0.235,0.096,-0.232,-1.596,0.026,0.082,-0.012,2.12,0.44,79.34
8,0.931,3.615,0.40,0.031,-0.235,0.095,-0.228,-1.596,0.025,0.078,-0.013,2.12,0.46,79.34
8,1.000,3.691,0.45,0.031,-0.235,0.094,-0.226,-1.596,0.024,0.076,-0.013,2.12,0.49,79.34
8,1.068,3.766,0.50,0.031,-0.235,0.093,-0.222,-1.596,0.024,0.072,-0.013,2.11,0.51,79.34
8,1.136,3.841,0.55,0.031,-0.235,0.092,-0.220,-1.596,0.023,0.069,-0.014,2.11,0.52,79.34
8,1.202,3.916,0.60,0.031,-0.235,0.091,-0.217,-1.596,0.022,0.064,-0.014,2.11,0.53,79.34
8,1.267,3.989,0.65,0.031,-0.235,0.090,-0.216,-1.596,0.022,0.062,-0.014,2.10,0.54,79.33
8,1.330,4.062,0.70,0.031,-0.235,0.090,-0.214,-1.596,0.022,0.057,-0.014,2.10,0.54,79.33
8,1.393,4.134,0.75,0.031,-0.235,0.089,-0.213,-1.596,0.022,0.054,-0.014,2.09,0.55,79.32
8,1.453,4.204,0.80,0.031,-0.235,0.089,-0.211,-1.596,0.022,0.049,-0.014,2.09,0.54,79.32
8,1.512,4.273,0.85,0.031,-0.235,0.089,-0.211,-1.596,0.022,0.046,-0.014,2.10,0.54,79.31
8,1.570,4.341,0.90,0.031,-0.235,0.090,-0.210,-1.596,0.023,0.041,-0.014,2.10,0.53,79.30
8,1.625,4.408,0.95,0.031,-0.235,0.090,-0.210,-1.596,0.023,0.038,-0.014,2.11,0.52,79.29
8,1.679,4.473,1.00,0.031,-0.235,0.098,-0.194,-1.603,0.012,0.012,-0.008,2.31,0.52,79.34
8,1.731,4.536,1.05,0.031,-0.235,0.098,-0.194,-1.603,0.012,0.012,-0.008,2.31,0.52,79.34
8,1.780,4.598,1.10,0.031,-0.235,0.098,-0.193,-1.603,0.011,0.011,-0.008,2.31,0.54,79.34
8,1.828,4.657,1.15,0.031,-0.235,0.098,-0.192,-1.603,0.010,0.009,-0.007,2.32,0.55,79.34
8,1.873,4.715,1.20,0.031,-0.235,0.098,-0.192,-1.604,0.010,0.008,-0.006,2.32,0.56,79.34
8,1.916,4.770,1.25,0.031,-0.235,0.098,-0.192,-1.604,0.009,0.006,-0.006,2.32,0.56,79.34
8,1.957,4.824,1.30,0.031,-0.235,0.098,-0.192,-1.603,0.008,0.005,-0.006,2.32,0.56,79.34
8,1.995,4.875,1.35,0.031,-0.235,0.098,-0.192,-1.603,0.007,0.003,-0.005,2.33,0.57,79.33
8,2.031,4.924,1.40,0.031,-0.235,0.098,-0.192,-1.603,0.007,0.002,-0.005,2.33,0.56,79.33
8,2.064,4.971,1.45,0.031,-0.235,0.098,-0.192,-1.603,0.005,-0.000,-0.005,2.33,0.56,79.33
8,2.095,5.015,1.50,0.031,-0.235,0.098,-0.192,-1.604,0.005,-0.001,-0.005,2.33,0.55,79.33
8,2.123,5.056,1.55,0.031,-0.235,0.097,-0.192,-1.604,0.004,-0.002,-0.005,2.34,0.54,79.32
8,2.148,5.095,1.60,0.031,-0.235,0.098,-0.191,-1.604,0.004,-0.003,-0.005,2.33,0.53,79.32
8,2.171,5.131,1.65,0.031,-0.235,0.098,-0.191,-1.604,0.003,-0.004,-0.005,2.34,0.53,79.32
8,2.191,5.165,1.70,0.031,-0.235,0.098,-0.191,-1.604,0.003,-0.004,-0.005,2.34,0.52,79.32
8,2.208,5.195,1.75,0.031,-0.235,0.098,-0.190,-1.604,0.002,-0.004,-0.005,2.34,0.53,79.32
8,2.222,5.223,1.80,0.031,-0.235,0.099,-0.190,-1.604,0.002,-0.005,-0.005,2.34,0.53,79.32
8,2.233,5.248,1.85,0.031,-0.235,0.099,-0.190,-1.604,0.001,-0.006,-0.005,2.34,0.53,79.32
8,2.242,5.270,1.90,0.031,-0.235,0.099,-0.190,-1.604,0.001,-0.006,-0.005,2.35,0.53,79.32
8,2.248,5.289,1.95,0.031,-0.235,0.099,-0.191,-1.604,-0.001,-0.008,-0.005,2.35,0.53,79.32
8,2.250,5.305,2.00,0.031,-0.235,0.073,-0.211,-1.591,-0.015,-0.014,-0.015,2.15,0.32,79.31
8,2.250,5.318,2.05,0.031,-0.235,0.073,-0.211,-1.591,-0.015,-0.014,-0.015,2.15,0.32,79.31
8,2.247,5.329,2.10,0.031,-0.235,0.073,-0.212,-1.590,-0.012,-0.013,-0.016,2.15,0.32,79.31
8,2.241,5.336,2.15,0.031,-0.235,0.073,-0.213,-1.590,-0.011,-0.012,-0.017,2.14,0.31,79.32
8,2.232,5.340,2.20,0.031,-0.235,0.073,-0.213,-1.590,-0.006,-0.011,-0.018,2.13,0.30,79.32
8,2.221,5.340,2.25,0.031,-0.235,0.074,-0.214,-1.590,-0.003,-0.010,-0.018,2.13,0.29,79.32
8,2.206,5.338,2.30,0.031,-0.235,0.076,-0.214,-1.590,0.005,-0.007,-0.019,2.13,0.29,79.33
8,2.189,5.333,2.35,0.031,-0.235,0.077,-0.215,-1.590,0.009,-0.006,-0.019,2.14,0.29,79.33
8,2.169,5.325,2.40,0.031,-0.235,0.080,-0.216,-1.590,0.017,-0.003,-0.019,2.17,0.30,79.33
8,2.146,5.313,2.45,0.031,-0.235,0.082,-0.216,-1.590,0.021,-0.001,-0.020,2.21,0.31,79.33
8,2.120,5.299,2.50,0.031,-0.235,0.086,-0.217,-1.590,0.030,0.002,-0.020,2.25,0.33,79.33
8,2.092,5.282,2.55,0.031,-0.235,0.088,-0.217,-1.590,0.034,0.004,-0.020,2.32,0.35,79.33
8,2.061,5.261,2.60,0.031,-0.235,0.092,-0.217,-1.591,0.042,0.008,-0.020,2.40,0.38,79.33
8,2.028,5.238,2.65,0.031,-0.235,0.094,-0.217,-1.591,0.046,0.010,-0.021,2.47,0.41,79.33
8,1.992,5.212,2.70,0.031,-0.235,0.101,-0.217,-1.591,0.055,0.015,-0.021,2.56,0.44,79.32
8,1.953,5.183,2.75,0.031,-0.235,0.104,-0.216,-1.591,0.058,0.017,-0.021,2.64,0.48,79.32
8,1.912,5.151,2.80,0.031,-0.235,0.110,-0.214,-1.592,0.065,0.023,-0.021,2.73,0.53,79.32
8,1.869,5.117,2.85,0.031,-0.235,0.113,-0.213,-1.592,0.068,0.025,-0.021,2.82,0.58,79.32
8,1.823,5.079,2.90,0.031,-0.235,0.121,-0.210,-1.593,0.074,0.032,-0.021,2.91,0.64,79.32
8,1.776,5.039,2.95,0.031,-0.235,0.125,-0.208,-1.593,0.077,0.035,-0.021,3.01,0.70,79.32
8,1.726,4.997,3.00,0.031,-0.235,0.205,-0.127,-1.621,0.011,0.037,0.007,3.99,2.10,79.29
8,1.674,4.952,3.05,0.031,-0.235,0.205,-0.127,-1.621,0.011,0.037,0.007,3.99,2.10,79.29
8,1.620,4.904,3.10,0.031,-0.235,0.205,-0.125,-1.621,0.007,0.035,0.008,3.97,2.11,79.29
8,1.564,4.854,3.15,0.031,-0.235,0.203,-0.122,-1.621,0.001,0.030,0.008,3.93,2.13,79.29
8,1.507,4.802,3.20,0.031,-0.235,0.203,-0.121,-1.621,-0.002,0.028,0.008,3.90,2.14,79.29
8,1.447,4.748,3.25,0.031,-0.235,0.201,-0.119,-1.621,-0.006,0.023,0.008,3.86,2.15,79.29
8,1.386,4.691,3.30,0.031,-0.235,0.201,-0.117,-1.621,-0.009,0.021,0.009,3.84,2.16,79.28
8,1.324,4.633,3.35,0.031,-0.235,0.199,-0.116,-1.621,-0.012,0.016,0.009,3.81,2.16,79.28
8,1.260,4.573,3.40,0.031,-0.235,0.199,-0.115,-1.621,-0.014,0.013,0.009,3.79,2.16,79.28
8,1.195,4.510,3.45,0.031,-0.235,0.198,-0.114,-1.622,-0.016,0.009,0.009,3.77,2.16,79.28
8,1.129,4.446,3.50,0.031,-0.235,0.197,-0.113,-1.622,-0.017,0.006,0.010,3.76,2.16,79.28
8,1.062,4.381,3.55,0.031,-0.235,0.196,-0.112,-1.622,-0.019,0.002,0.010,3.75,2.15,79.28
8,0.993,4.314,3.60,0.031,-0.235,0.195,-0.112,-1.622,-0.019,0.000,0.010,3.74,2.15,79.28
8,0.924,4.245,3.65,0.031,-0.235,0.194,-0.111,-1.623,-0.021,-0.003,0.010,3.74,2.14,79.28
8,0.854,4.175,3.70,0.031,-0.235,0.193,-0.111,-1.623,-0.021,-0.006,0.011,3.74,2.14,79.28
8,0.784,4.104,3.75,0.031,-0.235,0.192,-0.111,-1.623,-0.022,-0.009,0.011,3.74,2.13,79.28
8,0.713,4.032,3.80,0.031,-0.235,0.191,-0.111,-1.623,-0.023,-0.011,0.011,3.75,2.12,79.28
8,0.641,3.959,3.85,0.031,-0.235,0.189,-0.112,-1.623,-0.024,-0.015,0.012,3.75,2.11,79.28
8,0.569,3.885,3.90,0.031,-0.235,0.188,-0.113,-1.623,-0.025,-0.017,0.012,3.75,2.11,79.28
8,0.497,3.810,3.95,0.031,-0.235,0.186,-0.114,-1.623,-0.027,-0.020,0.012,3.76,2.09,79.28
8,0.425,3.735,4.00,0.031,-0.235,0.159,-0.152,-1.614,-0.032,-0.031,0.009,3.82,1.80,79.30
8,0.353,3.659,4.05,0.031,-0.235,0.159,-0.152,-1.614,-0.032,-0.031,0.009,3.82,1.80,79.30
8,0.281,3.583,4.10,0.031,-0.235,0.157,-0.153,-1.613,-0.032,-0.030,0.008,3.81,1.81,79.30
8,0.209,3.507,4.15,0.031,-0.235,0.155,-0.155,-1.611,-0.033,-0.028,0.007,3.81,1.81,79.29
8,0.138,3.430,4.20,0.031,-0.235,0.153,-0.155,-1.611,-0.034,-0.028,0.006,3.80,1.81,79.29
8,0.067,3.354,4.25,0.031,-0.235,0.150,-0.157,-1.609,-0.036,-0.026,0.004,3.79,1.81,79.28
8,-0.003,3.278,4.30,0.031,-0.235,0.148,-0.158,-1.609,-0.036,-0.026,0.003,3.77,1.81,79.28
8,-0.072,3.202,4.35,0.031,-0.235,0.144,-0.160,-1.607,-0.038,-0.025,0.002,3.75,1.81,79.28
8,-0.140,3.126,4.40,0.031,-0.235,0.142,-0.161,-1.607,-0.038,-0.024,0.001,3.73,1.81,79.28
8,-0.208,3.051,4.45,0.031,-0.235,0.138,-0.162,-1.605,-0.039,-0.023,-0.000,3.71,1.81,79.28
8,-0.275,2.976,4.50,0.031,-0.235,0.136,-0.164,-1.605,-0.039,-0.023,-0.001,3.68,1.81,79.28
8,-0.340,2.902,4.55,0.031,-0.235,0.132,-0.166,-1.603,-0.039,-0.022,-0.002,3.66,1.81,79.28
8,-0.404,2.829,4.60,0.031,-0.235,0.130,-0.167,-1.603,-0.039,-0.022,-0.003,3.64,1.80,79.28
8,-0.467,2.757,4.65,0.031,-0.235,0.126,-0.169,-1.602,-0.038,-0.022,-0.004,3.62,1.80,79.28
8,-0.528,2.686,4.70,0.031,-0.235,0.124,-0.170,-1.601,-0.037,-0.022,-0.005,3.60,1.79,79.29
8,-0.587,2.617,4.75,0.031,-0.235,0.121,-0.173,-1.601,-0.036,-0.021,-0.006,3.58,1.78,79.29
8,-0.645,2.548,4.80,0.031,-0.235,0.119,-0.174,-1.600,-0.035,-0.021,-0.006,3.56,1.77,79.29
8,-0.702,2.481,4.85,0.031,-0.235,0.116,-0.176,-1.600,-0.033,-0.021,-0.007,3.56,1.76,79.29
8,-0.756,2.416,4.90,0.031,-0.235,0.115,-0.177,-1.600,-0.032,-0.021,-0.008,3.55,1.75,79.29
8,-0.808,2.352,4.95,0.031,-0.235,0.112,-0.179,-1.600,-0.029,-0.020,-0.009,3.55,1.74,79.30
8,-0.859,2.290,5.00,0.031,-0.235,0.096,-0.189,-1.602,-0.002,-0.005,-0.008,3.72,1.87,79.31
8,-0.907,2.229,5.05,0.031,-0.235,0.096,-0.189,-1.602,-0.002,-0.005,-0.008,3.72,1.87,79.31
8,-0.953,2.171,5.10,0.031,-0.235,0.096,-0.190,-1.602,-0.002,-0.006,-0.008,3.73,1.88,79.31
8,-0.997,2.115,5.15,0.031,-0.235,0.096,-0.190,-1.602,-0.002,-0.007,-0.008,3.74,1.90,79.30
8,-1.038,2.061,5.20,0.031,-0.235,0.095,-0.191,-1.602,-0.004,-0.012,-0.008,3.74,1.92,79.31
8,-1.077,2.009,5.25,0.031,-0.235,0.095,-0.192,-1.602,-0.005,-0.015,-0.008,3.75,1.94,79.31
8,-1.114,1.959,5.30,0.031,-0.235,0.095,-0.194,-1.602,-0.009,-0.023,-0.007,3.75,1.94,79.31
8,-1.148,1.912,5.35,0.031,-0.235,0.095,-0.195,-1.602,-0.011,-0.028,-0.007,3.76,1.93,79.31
8,-1.180,1.867,5.40,0.031,-0.235,0.095,-0.197,-1.602,-0.015,-0.037,-0.006,3.76,1.91,79.31
8,-1.208,1.825,5.45,0.031,-0.235,0.095,-0.198,-1.602,-0.018,-0.042,-0.006,3.75,1.86,79.31
8,-1.235,1.785,5.50,0.031,-0.235,0.094,-0.202,-1.602,-0.025,-0.054,-0.005,3.75,1.81,79.32
8,-1.258,1.748,5.55,0.031,-0.235,0.094,-0.204,-1.602,-0.028,-0.060,-0.005,3.75,1.75,79.32
8,-1.279,1.713,5.60,0.031,-0.235,0.093,-0.208,-1.602,-0.035,-0.071,-0.005,3.74,1.67,79.32
8,-1.297,1.682,5.65,0.031,-0.235,0.092,-0.211,-1.602,-0.038,-0.077,-0.005,3.72,1.56,79.32
8,-1.312,1.653,5.70,0.031,-0.235,0.090,-0.217,-1.602,-0.048,-0.088,-0.004,3.71,1.48,79.32
8,-1.324,1.627,5.75,0.031,-0.235,0.088,-0.219,-1.602,-0.052,-0.093,-0.004,3.69,1.34,79.33
8,-1.334,1.604,5.80,0.031,-0.235,0.085,-0.225,-1.602,-0.061,-0.102,-0.003,3.66,1.24,79.33
8,-1.340,1.584,5.85,0.031,-0.235,0.082,-0.228,-1.602,-0.065,-0.106,-0.003,3.62,1.10,79.34
8,-1.344,1.567,5.90,0.031,-0.235,0.077,-0.235,-1.602,-0.076,-0.114,-0.003,3.58,1.00,79.34
8,-1.345,1.553,5.95,0.031,-0.235,0.074,-0.238,-1.602,-0.080,-0.117,-0.003,3.52,0.85,79.34
8,-1.343,1.542,6.00,0.031,-0.235,-0.056,-0.358,-1.602,-0.104,-0.065,-0.008,1.97,-1.09,79.36
8,-1.338,1.534,6.05,0.031,-0.235,-0.056,-0.358,-1.602,-0.104,-0.065,-0.008,1.97,-1.09,79.36
8,-1.330,1.529,6.10,0.031,-0.235,-0.059,-0.359,-1.603,-0.102,-0.061,-0.007,1.92,-1.10,79.35
8,-1.319,1.527,6.15,0.031,-0.235,-0.066,-0.361,-1.605,-0.097,-0.052,-0.006,1.87,-1.10,79.35
8,-1.306,1.528,6.20,0.031,-0.235,-0.069,-0.362,-1.606,-0.095,-0.048,-0.005,1.82,-1.09,79.35
8,-1.289,1.532,6.25,0.031,-0.235,-0.075,-0.364,-1.607,-0.089,-0.040,-0.003,1.78,-1.07,79.34
8,-1.270,1.539,6.30,0.031,-0.235,-0.077,-0.364,-1.608,-0.087,-0.036,-0.002,1.74,-1.06,79.34
8,-1.248,1.550,6.35,0.031,-0.235,-0.082,-0.365,-1.609,-0.081,-0.030,-0.000,1.70,-1.04,79.34
8,-1.223,1.563,6.40,0.031,-0.235,-0.084,-0.365,-1.609,-0.078,-0.027,0.001,1.67,-1.03,79.34
8,-1.196,1.580,6.45,0.031,-0.235,-0.087,-0.366,-1.610,-0.072,-0.021,0.002,1.64,-1.01,79.34
8,-1.166,1.599,6.50,0.031,-0.235,-0.088,-0.366,-1.610,-0.069,-0.019,0.003,1.62,-1.00,79.33
8,-1.133,1.621,6.55,0.031,-0.235,-0.091,-0.367,-1.611,-0.064,-0.015,0.003,1.60,-0.99,79.33
8,-1.098,1.646,6.60,0.031,-0.235,-0.091,-0.367,-1.611,-0.060,-0.013,0.004,1.59,-0.98,79.33
8,-1.060,1.675,6.65,0.031,-0.235,-0.092,-0.368,-1.611,-0.054,-0.009,0.005,1.58,-0.97,79.32
8,-1.020,1.705,6.70,0.031,-0.235,-0.093,-0.368,-1.610,-0.051,-0.008,0.005,1.58,-0.96,79.32
8,-0.978,1.739,6.75,0.031,-0.235,-0.093,-0.369,-1.610,-0.046,-0.006,0.005,1.58,-0.96,79.31
8,-0.933,1.776,6.80,0.031,-0.235,-0.093,-0.370,-1.610,-0.044,-0.005,0.005,1.59,-0.95,79.30
8,-0.886,1.815,6.85,0.031,-0.235,-0.093,-0.371,-1.609,-0.038,-0.003,0.005,1.59,-0.96,79.29
8,-0.837,1.856,6.90,0.031,-0.235,-0.093,-0.372,-1.609,-0.036,-0.003,0.005,1.60,-0.96,79.28
8,-0.785,1.901,6.95,0.031,-0.235,-0.093,-0.374,-1.608,-0.033,-0.002,0.005,1.62,-0.97,79.27
8,-0.732,1.947,7.00,0.031,-0.235,-0.138,-0.364,-1.594,-0.008,0.045,-0.011,1.05,-1.09,79.46
8,-0.677,1.996,7.05,0.031,-0.235,-0.138,-0.364,-1.594,-0.008,0.045,-0.011,1.05,-1.09,79.46
8,-0.620,2.048,7.10,0.031,-0.235,-0.139,-0.362,-1.594,-0.006,0.046,-0.011,1.03,-1.07,79.45
8,-0.561,2.101,7.15,0.031,-0.235,-0.140,-0.359,-1.594,-0.001,0.047,-0.012,1.01,-1.05,79.44
8,-0.501,2.157,7.20,0.031,-0.235,-0.141,-0.358,-1.594,0.001,0.048,-0.012,0.99,-1.03,79.43
8,-0.439,2.215,7.25,0.031,-0.235,-0.142,-0.354,-1.595,0.006,0.049,-0.013,0.98,-1.01,79.42
8,-0.376,2.275,7.30,0.031,-0.235,-0.142,-0.352,-1.595,0.009,0.049,-0.013,0.97,-0.99,79.41
8,-0.311,2.336,7.35,0.031,-0.235,-0.143,-0.349,-1.595,0.014,0.051,-0.013,0.97,-0.97,79.40
8,-0.245,2.400,7.40,0.031,-0.235,-0.144,-0.347,-1.595,0.016,0.051,-0.013,0.97,-0.96,79.39
8,-0.178,2.465,7.45,0.031,-0.235,-0.144,-0.343,-1.596,0.022,0.052,-0.012,0.97,-0.94,79.38
8,-0.110,2.532,7.50,0.031,-0.235,-0.144,-0.341,-1.596,0.025,0.052,-0.012,0.97,-0.91,79.37
8,-0.041,2.600,7.55,0.031,-0.235,-0.143,-0.338,-1.597,0.030,0.053,-0.012,0.98,-0.89,79.36
8,0.028,2.669,7.60,0.031,-0.235,-0.143,-0.336,-1.597,0.033,0.053,-0.011,0.99,-0.87,79.35
8,0.099,2.740,7.65,0.031,-0.235,-0.141,-0.332,-1.598,0.039,0.054,-0.011,1.00,-0.84,79.34
8,0.170,2.812,7.70,0.031,-0.235,-0.140,-0.330,-1.598,0.041,0.054,-0.011,1.02,-0.82,79.33
8,0.241,2.884,7.75,0.031,-0.235,-0.138,-0.327,-1.599,0.047,0.054,-0.010,1.04,-0.79,79.32
8,0.313,2.958,7.80,0.031,-0.235,-0.136,-0.325,-1.600,0.049,0.054,-0.010,1.06,-0.77,79.32
8,0.385,3.032,7.85,0.031,-0.235,-0.132,-0.320,-1.601,0.055,0.054,-0.009,1.09,-0.74,79.31
8,0.457,3.107,7.90,0.031,-0.235,-0.131,-0.318,-1.601,0.058,0.054,-0.009,1.12,-0.71,79.30
8,0.529,3.183,7.95,0.031,-0.235,-0.126,-0.314,-1.602,0.062,0.054,-0.008,1.16,-0.68,79.30
8,0.601,3.259,8.00,0.031,-0.235,-0.033,-0.237,-1.597,0.055,0.021,-0.009,1.86,0.01,79.36
8,0.673,3.335,8.05,0.031,-0.235,-0.033,-0.237,-1.597,0.055,0.021,-0.009,1.86,0.01,79.36
8,0.744,3.412,8.10,0.031,-0.235,-0.030,-0.236,-1.596,0.050,0.016,-0.010,1.86,0.01,79.35
8,0.815,3.488,8.15,0.031,-0.235,-0.028,-0.235,-1.596,0.048,0.013,-0.010,1.87,-0.00,79.34
8,0.885,3.565,8.20,0.031,-0.235,-0.026,-0.235,-1.596,0.044,0.009,-0.011,1.87,-0.02,79.33
8,0.955,3.641,8.25,0.031,-0.235,-0.024,-0.234,-1.596,0.041,0.006,-0.012,1.87,-0.04,79.31
8,1.024,3.717,8.30,0.031,-0.235,-0.023,-0.234,-1.597,0.036,0.002,-0.012,1.86,-0.06,79.30
8,1.092,3.792,8.35,0.031,-0.235,-0.022,-0.233,-1.597,0.034,0.001,-0.012,1.85,-0.09,79.30
8,1.159,3.867,8.40,0.031,-0.235,-0.021,-0.233,-1.597,0.029,-0.003,-0.012,1.84,-0.11,79.29
8,1.224,3.941,8.45,0.031,-0.235,-0.021,-0.233,-1.597,0.026,-0.004,-0.012,1.83,-0.13,79.28
8,1.289,4.014,8.50,0.031,-0.235,-0.020,-0.233,-1.598,0.023,-0.007,-0.012,1.81,-0.16,79.28
8,1.352,4.087,8.55,0.031,-0.235,-0.020,-0.233,-1.598,0.021,-0.008,-0.012,1.79,-0.18,79.28
8,1.414,4.158,8.60,0.031,-0.235,-0.019,-0.234,-1.598,0.018,-0.011,-0.011,1.77,-0.20,79.28
8,1.474,4.228,8.65,0.031,-0.235,-0.019,-0.235,-1.598,0.016,-0.012,-0.011,1.75,-0.23,79.28
8,1.532,4.297,8.70,0.031,-0.235,-0.018,-0.236,-1.598,0.014,-0.014,-0.011,1.73,-0.25,79.28
8,1.589,4.364,8.75,0.031,-0.235,-0.018,-0.237,-1.599,0.013,-0.015,-0.011,1.72,-0.27,79.29
8,1.644,4.430,8.80,0.031,-0.235,-0.018,-0.239,-1.599,0.011,-0.018,-0.010,1.70,-0.30,79.29
8,1.697,4.495,8.85,0.031,-0.235,-0.017,-0.241,-1.599,0.010,-0.019,-0.010,1.69,-0.32,79.30
8,1.748,4.557,8.90,0.031,-0.235,-0.017,-0.243,-1.600,0.008,-0.020,-0.010,1.68,-0.35,79.30
8,1.797,4.618,8.95,0.031,-0.235,-0.017,-0.244,-1.600,0.008,-0.021,-0.010,1.67,-0.38,79.31
8,1.844,4.677,9.00,0.031,-0.235,0.000,-0.272,-1.610,0.004,0.010,-0.000,1.69,-0.62,79.31
8,1.888,4.734,9.05,0.031,-0.235,0.000,-0.272,-1.610,0.004,0.010,-0.000,1.69,-0.62,79.31
8,1.931,4.789,9.10,0.031,-0.235,0.002,-0.270,-1.610,0.004,0.013,0.000,1.69,-0.60,79.31
8,1.971,4.842,9.15,0.031,-0.235,0.002,-0.269,-1.611,0.005,0.014,0.001,1.68,-0.57,79.30
8,2.008,4.892,9.20,0.031,-0.235,0.004,-0.268,-1.611,0.008,0.017,0.001,1.66,-0.55,79.30
8,2.043,4.940,9.25,0.031,-0.235,0.005,-0.267,-1.612,0.011,0.018,0.001,1.65,-0.53,79.30
8,2.075,4.986,9.30,0.031,-0.235,0.006,-0.265,-1.612,0.016,0.021,0.002,1.64,-0.51,79.30
8,2.105,5.029,9.35,0.031,-0.235,0.007,-0.264,-1.612,0.019,0.022,0.002,1.63,-0.49,79.30
8,2.132,5.070,9.40,0.031,-0.235,0.009,-0.263,-1.612,0.026,0.023,0.003,1.63,-0.47,79.30
8,2.156,5.108,9.45,0.031,-0.235,0.011,-0.263,-1.611,0.031,0.024,0.003,1.65,-0.44,79.30
8,2.178,5.143,9.50,0.031,-0.235,0.014,-0.262,-1.610,0.039,0.026,0.003,1.68,-0.42,79.31
8,2.197,5.175,9.55,0.031,-0.235,0.015,-0.262,-1.610,0.044,0.027,0.002,1.72,-0.40,79.31
8,2.213,5.205,9.60,0.031,-0.235,0.019,-0.261,-1.610,0.053,0.029,0.002,1.77,-0.37,79.31
8,2.226,5.232,9.65,0.031,-0.235,0.022,-0.261,-1.610,0.059,0.031,0.001,1.84,-0.35,79.31
8,2.237,5.256,9.70,0.031,-0.235,0.026,-0.259,-1.609,0.068,0.034,0.001,1.91,-0.32,79.31
8,2.244,5.277,9.75,0.031,-0.235,0.029,-0.259,-1.609,0.073,0.036,0.000,2.00,-0.29,79.32
8,2.249,5.295,9.80,0.031,-0.235,0.034,-0.257,-1.609,0.081,0.039,-0.000,2.09,-0.25,79.32
8,2.251,5.310,9.85,0.031,-0.235,0.038,-0.256,-1.609,0.086,0.041,-0.001,2.18,-0.21,79.31
8,2.249,5.322,9.90,0.031,-0.235,0.045,-0.254,-1.608,0.094,0.045,-0.001,2.28,-0.16,79.31
8,2.245,5.331,9.95,0.031,-0.235,0.049,-0.253,-1.608,0.098,0.047,-0.001,2.39,-0.11,79.31
8,2.239,5.337,10.00,0.031,-0.235,0.160,-0.155,-1.611,0.058,0.088,-0.002,3.71,1.51,79.31
8,2.229,5.340,10.05,0.031,-0.235,0.160,-0.155,-1.611,0.058,0.088,-0.002,3.71,1.51,79.31
8,2.216,5.340,10.10,0.031,-0.235,0.161,-0.151,-1.611,0.054,0.087,-0.002,3.71,1.60,79.31
8,2.201,5.337,10.15,0.031,-0.235,0.163,-0.143,-1.611,0.047,0.084,-0.002,3.71,1.65,79.31
8,2.182,5.331,10.20,0.031,-0.235,0.164,-0.140,-1.611,0.044,0.082,-0.002,3.69,1.72,79.31
8,2.161,5.321,10.25,0.031,-0.235,0.165,-0.132,-1.610,0.037,0.078,-0.002,3.68,1.78,79.30
8,2.137,5.309,10.30,0.031,-0.235,0.166,-0.129,-1.610,0.034,0.076,-0.002,3.65,1.84,79.30
8,2.111,5.293,10.35,0.031,-0.235,0.166,-0.123,-1.609,0.028,0.070,-0.002,3.63,1.88,79.30
8,2.082,5.275,10.40,0.031,-0.235,0.166,-0.121,-1.609,0.026,0.068,-0.003,3.60,1.93,79.30
8,2.050,5.254,10.45,0.031,-0.235,0.166,-0.116,-1.608,0.021,0.060,-0.003,3.59,1.96,79.30
8,2.016,5.229,10.50,0.031,-0.235,0.166,-0.114,-1.607,0.019,0.057,-0.003,3.56,1.99,79.30
8,1.979,5.202,10.55,0.031,-0.235,0.166,-0.111,-1.606,0.016,0.050,-0.004,3.55,2.00,79.30
8,1.939,5.172,10.60,0.031,-0.235,0.166,-0.110,-1.605,0.015,0.046,-0.004,3.54,2.02,79.30
8,1.898,5.140,10.65,0.031,-0.235,0.166,-0.107,-1.605,0.012,0.039,-0.006,3.53,2.02,79.30
8,1.853,5.104,10.70,0.031,-0.235,0.165,-0.106,-1.604,0.011,0.036,-0.006,3.52,2.02,79.30
8,1.807,5.066,10.75,0.031,-0.235,0.165,-0.105,-1.604,0.009,0.029,-0.007,3.52,2.02,79.30
8,1.759,5.025,10.80,0.031,-0.235,0.165,-0.105,-1.604,0.008,0.026,-0.007,3.52,2.01,79.30
8,1.708,4.982,10.85,0.031,-0.235,0.164,-0.105,-1.605,0.007,0.019,-0.008,3.52,2.00,79.31
8,1.655,4.936,10.90,0.031,-0.235,0.164,-0.105,-1.605,0.007,0.016,-0.008,3.53,1.99,79.31
8,1.601,4.887,10.95,0.031,-0.235,0.164,-0.105,-1.605,0.007,0.010,-0.008,3.54,1.98,79.31
8,1.544,4.837,11.00,0.031,-0.235,0.152,-0.154,-1.592,-0.016,-0.016,-0.017,3.82,1.57,79.26
8,1.486,4.784,11.05,0.031,-0.235,0.152,-0.154,-1.592,-0.016,-0.016,-0.017,3.82,1.57,79.26
8,1.427,4.729,11.10,0.031,-0.235,0.151,-0.155,-1.592,-0.017,-0.015,-0.017,3.80,1.57,79.25
8,1.365,4.672,11.15,0.031,-0.235,0.149,-0.157,-1.592,-0.018,-0.014,-0.018,3.78,1.57,79.25
8,1.302,4.612,11.20,0.031,-0.235,0.148,-0.158,-1.592,-0.019,-0.013,-0.018,3.77,1.57,79.25
8,1.238,4.551,11.25,0.031,-0.235,0.146,-0.159,-1.592,-0.020,-0.011,-0.019,3.75,1.58,79.25
8,1.173,4.488,11.30,0.031,-0.235,0.145,-0.159,-1.592,-0.020,-0.010,-0.019,3.73,1.59,79.25
8,1.106,4.424,11.35,0.031,-0.235,0.143,-0.159,-1.592,-0.021,-0.008,-0.019,3.72,1.60,79.25
8,1.038,4.358,11.40,0.031,-0.235,0.143,-0.159,-1.592,-0.022,-0.007,-0.019,3.71,1.62,79.25
8,0.970,4.290,11.45,0.031,-0.235,0.141,-0.159,-1.592,-0.022,-0.006,-0.018,3.70,1.63,79.26
8,0.900,4.221,11.50,0.031,-0.235,0.140,-0.159,-1.592,-0.023,-0.006,-0.018,3.69,1.65,79.26
8,0.830,4.151,11.55,0.031,-0.235,0.139,-0.159,-1.591,-0.023,-0.005,-0.018,3.68,1.66,79.27
8,0.759,4.079,11.60,0.031,-0.235,0.138,-0.159,-1.591,-0.023,-0.005,-0.018,3.68,1.68,79.27
8,0.688,4.007,11.65,0.031,-0.235,0.136,-0.158,-1.589,-0.024,-0.005,-0.018,3.67,1.70,79.28
8,0.616,3.934,11.70,0.031,-0.235,0.135,-0.158,-1.589,-0.025,-0.006,-0.019,3.67,1.71,79.28
8,0.544,3.859,11.75,0.031,-0.235,0.133,-0.158,-1.588,-0.026,-0.007,-0.019,3.66,1.72,79.29
8,0.472,3.785,11.80,0.031,-0.235,0.132,-0.158,-1.587,-0.027,-0.007,-0.020,3.65,1.73,79.29
8,0.400,3.709,11.85,0.031,-0.235,0.128,-0.158,-1.586,-0.029,-0.009,-0.021,3.64,1.73,79.30
8,0.328,3.633,11.90,0.031,-0.235,0.127,-0.158,-1.585,-0.030,-0.010,-0.021,3.62,1.73,79.30
8,0.256,3.557,11.95,0.031,-0.235,0.124,-0.158,-1.584,-0.032,-0.011,-0.022,3.61,1.73,79.30
8,0.185,3.481,12.00,0.031,-0.235,0.069,-0.166,-1.590,-0.021,-0.034,-0.021,3.23,1.53,79.32
8,0.114,3.404,12.05,0.031,-0.235,0.069,-0.166,-1.590,-0.021,-0.034,-0.021,3.23,1.53,79.32
8,0.043,3.328,12.10,0.031,-0.235,0.068,-0.168,-1.591,-0.018,-0.036,-0.020,3.23,1.51,79.32
8,-0.027,3.251,12.15,0.031,-0.235,0.067,-0.169,-1.592,-0.017,-0.037,-0.020,3.24,1.50,79.32
8,-0.096,3.176,12.20,0.031,-0.235,0.066,-0.172,-1.593,-0.015,-0.039,-0.019,3.25,1.50,79.32
8,-0.164,3.100,12.25,0.031,-0.235,0.066,-0.173,-1.594,-0.014,-0.040,-0.018,3.26,1.49,79.32
8,-0.231,3.025,12.30,0.031,-0.235,0.065,-0.176,-1.595,-0.013,-0.043,-0.017,3.28,1.47,79.33
8,-0.297,2.951,12.35,0.031,-0.235,0.065,-0.177,-1.595,-0.013,-0.044,-0.016,3.30,1.45,79.33
8,-0.362,2.877,12.40,0.031,-0.235,0.065,-0.180,-1.597,-0.014,-0.048,-0.015,3.31,1.43,79.33
8,-0.426,2.804,12.45,0.031,-0.235,0.065,-0.181,-1.598,-0.014,-0.050,-0.014,3.33,1.41,79.34
8,-0.488,2.733,12.50,0.031,-0.235,0.064,-0.184,-1.599,-0.015,-0.053,-0.013,3.34,1.38,79.34
8,-0.549,2.662,12.55,0.031,-0.235,0.064,-0.186,-1.600,-0.016,-0.055,-0.012,3.34,1.35,79.34
8,-0.608,2.593,12.60,0.031,-0.235,0.062,-0.190,-1.602,-0.019,-0.059,-0.010,3.35,1.31,79.34
8,-0.665,2.525,12.65,0.031,-0.235,0.062,-0.192,-1.603,-0.021,-0.061,-0.009,3.35,1.27,79.34
8,-0.721,2.458,12.70,0.031,-0.235,0.060,-0.197,-1.604,-0.024,-0.064,-0.008,3.35,1.22,79.34
8,-0.774,2.393,12.75,0.031,-0.235,0.059,-0.199,-1.604,-0.025,-0.066,-0.007,3.34,1.17,79.34
8,-0.826,2.330,12.80,0.031,-0.235,0.057,-0.204,-1.605,-0.029,-0.069,-0.005,3.32,1.11,79.33
8,-0.876,2.269,12.85,0.031,-0.235,0.056,-0.207,-1.606,-0.031,-0.071,-0.004,3.31,1.05,79.33
8,-0.923,2.209,12.90,0.031,-0.235,0.054,-0.212,-1.606,-0.034,-0.073,-0.003,3.29,0.99,79.33
8,-0.968,2.152,12.95,0.031,-0.235,0.052,-0.214,-1.606,-0.036,-0.074,-0.002,3.26,0.93,79.33
8,-1.011,2.096,13.00,0.031,-0.235,0.001,-0.256,-1.601,-0.039,-0.032,-0.004,2.59,0.32,79.36
8,-1.052,2.043,13.05,0.031,-0.235,0.001,-0.256,-1.601,-0.039,-0.032,-0.004,2.59,0.32,79.36
8,-1.090,1.991,13.10,0.031,-0.235,-0.001,-0.256,-1.601,-0.036,-0.029,-0.004,2.57,0.33,79.36
8,-1.126,1.943,13.15,0.031,-0.235,-0.002,-0.256,-1.600,-0.035,-0.028,-0.004,2.56,0.34,79.36
8,-1.159,1.896,13.20,0.031,-0.235,-0.004,-0.256,-1.599,-0.033,-0.026,-0.005,2.55,0.35,79.36
8,-1.190,1.852,13.25,0.031,-0.235,-0.005,-0.256,-1.599,-0.032,-0.025,-0.005,2.55,0.36,79.36
8,-1.218,1.811,13.30,0.031,-0.235,-0.008,-0.256,-1.598,-0.030,-0.023,-0.006,2.54,0.36,79.36
8,-1.243,1.772,13.35,0.031,-0.235,-0.009,-0.256,-1.598,-0.029,-0.022,-0.006,2.53,0.37,79.36
8,-1.266,1.736,13.40,0.031,-0.235,-0.011,-0.256,-1.597,-0.027,-0.020,-0.007,2.52,0.37,79.36
8,-1.285,1.702,13.45,0.031,-0.235,-0.012,-0.256,-1.597,-0.026,-0.020,-0.007,2.50,0.38,79.36
8,-1.302,1.672,13.50,0.031,-0.235,-0.013,-0.256,-1.596,-0.024,-0.019,-0.008,2.49,0.38,79.36
8,-1.317,1.644,13.55,0.031,-0.235,-0.014,-0.255,-1.596,-0.023,-0.018,-0.009,2.48,0.38,79.36
8,-1.328,1.619,13.60,0.031,-0.235,-0.015,-0.255,-1.596,-0.020,-0.017,-0.009,2.47,0.38,79.36
8,-1.336,1.597,13.65,0.031,-0.235,-0.015,-0.255,-1.595,-0.018,-0.016,-0.009,2.46,0.38,79.36
8,-1.342,1.578,13.70,0.031,-0.235,-0.015,-0.254,-1.595,-0.015,-0.015,-0.010,2.46,0.39,79.36
8,-1.345,1.562,13.75,0.031,-0.235,-0.015,-0.254,-1.595,-0.013,-0.015,-0.010,2.46,0.39,79.35
8,-1.344,1.549,13.80,0.031,-0.235,-0.014,-0.254,-1.594,-0.009,-0.014,-0.011,2.46,0.40,79.35
8,-1.341,1.539,13.85,0.031,-0.235,-0.013,-0.253,-1.594,-0.008,-0.013,-0.011,2.47,0.40,79.35
8,-1.335,1.532,13.90,0.031,-0.235,-0.011,-0.253,-1.594,-0.004,-0.013,-0.012,2.49,0.41,79.35
8,-1.327,1.528,13.95,0.031,-0.235,-0.010,-0.253,-1.594,-0.003,-0.012,-0.012,2.50,0.42,79.34
8,-1.315,1.527,14.00,0.031,-0.235,0.014,-0.287,-1.607,-0.008,-0.007,-0.005,2.75,0.14,79.33
8,-1.300,1.529,14.05,0.031,-0.235,0.014,-0.287,-1.607,-0.008,-0.007,-0.005,2.75,0.14,79.33
8,-1.283,1.534,14.10,0.031,-0.235,0.014,-0.288,-1.607,-0.008,-0.006,-0.004,2.74,0.13,79.33
8,-1.263,1.543,14.15,0.031,-0.235,0.013,-0.290,-1.608,-0.010,-0.005,-0.003,2.74,0.12,79.33
8,-1.240,1.554,14.20,0.031,-0.235,0.013,-0.291,-1.609,-0.011,-0.005,-0.002,2.73,0.12,79.34
8,-1.214,1.568,14.25,0.031,-0.235,0.011,-0.292,-1.610,-0.014,-0.006,-0.001,2.73,0.13,79.34
8,-1.186,1.586,14.30,0.031,-0.235,0.010,-0.293,-1.610,-0.016,-0.006,-0.000,2.72,0.12,79.34
8,-1.155,1.606,14.35,0.031,-0.235,0.008,-0.295,-1.611,-0.020,-0.008,0.001,2.71,0.12,79.35
8,-1.121,1.630,14.40,0.031,-0.235,0.007,-0.296,-1.611,-0.023,-0.009,0.001,2.69,0.10,79.35
8,-1.085,1.656,14.45,0.031,-0.235,0.004,-0.298,-1.612,-0.027,-0.012,0.002,2.66,0.08,79.35
8,-1.047,1.685,14.50,0.031,-0.235,0.003,-0.299,-1.612,-0.030,-0.014,0.003,2.64,0.05,79.35
8,-1.006,1.717,14.55,0.031,-0.235,-0.001,-0.302,-1.612,-0.036,-0.017,0.004,2.60,0.01,79.36
8,-0.962,1.751,14.60,0.031,-0.235,-0.003,-0.304,-1.612,-0.039,-0.020,0.004,2.57,-0.02,79.36
8,-0.917,1.789,14.65,0.031,-0.235,-0.007,-0.308,-1.611,-0.044,-0.024,0.005,2.51,-0.08,79.35
8,-0.869,1.829,14.70,0.031,-0.235,-0.009,-0.310,-1.611,-0.046,-0.026,0.005,2.47,-0.13,79.35
8,-0.819,1.871,14.75,0.031,-0.235,-0.012,-0.314,-1.610,-0.050,-0.029,0.005,2.41,-0.21,79.35
8,-0.767,1.916,14.80,0.031,-0.235,-0.014,-0.316,-1.610,-0.053,-0.031,0.005,2.37,-0.26,79.35
8,-0.713,1.964,14.85,0.031,-0.235,-0.018,-0.321,-1.609,-0.056,-0.034,0.004,2.31,-0.35,79.35
8,-0.657,2.014,14.90,0.031,-0.235,-0.020,-0.323,-1.609,-0.058,-0.035,0.004,2.27,-0.41,79.35
8,-0.600,2.066,14.95,0.031,-0.235,-0.023,-0.327,-1.609,-0.060,-0.037,0.004,2.21,-0.50,79.35
8,-0.541,2.120,15.00,0.031,-0.235,-0.091,-0.354,-1.610,-0.046,0.020,0.005,1.26,-1.14,79.32
8,-0.480,2.177,15.05,0.031,-0.235,-0.091,-0.354,-1.610,-0.046,0.020,0.005,1.26,-1.14,79.32
8,-0.417,2.235,15.10,0.031,-0.235,-0.092,-0.353,-1.610,-0.044,0.022,0.004,1.24,-1.11,79.32
8,-0.354,2.296,15.15,0.031,-0.235,-0.094,-0.351,-1.610,-0.039,0.025,0.004,1.22,-1.09,79.32
8,-0.288,2.358,15.20,0.031,-0.235,-0.095,-0.350,-1.609,-0.036,0.028,0.004,1.20,-1.07,79.32
8,-0.222,2.422,15.25,0.031,-0.235,-0.096,-0.348,-1.609,-0.030,0.031,0.004,1.18,-1.05,79.31
8,-0.155,2.488,15.30,0.031,-0.235,-0.096,-0.348,-1.608,-0.027,0.032,0.003,1.18,-1.04,79.31
8,-0.087,2.555,15.35,0.031,-0.235,-0.097,-0.346,-1.608,-0.021,0.034,0.003,1.17,-1.02,79.31
8,-0.017,2.623,15.40,0.031,-0.235,-0.097,-0.345,-1.607,-0.017,0.036,0.002,1.17,-1.00,79.31
8,0.053,2.693,15.45,0.031,-0.235,-0.097,-0.343,-1.606,-0.011,0.038,0.002,1.18,-0.98,79.31
8,0.123,2.764,15.50,0.031,-0.235,-0.098,-0.343,-1.606,-0.009,0.039,0.001,1.19,-0.96,79.32
8,0.194,2.836,15.55,0.031,-0.235,-0.098,-0.341,-1.605,-0.003,0.041,0.000,1.20,-0.94,79.32
8,0.266,2.910,15.60,0.031,-0.235,-0.098,-0.340,-1.605,-0.000,0.043,-0.000,1.22,-0.92,79.33
8,0.338,2.983,15.65,0.031,-0.235,-0.098,-0.338,-1.604,0.005,0.045,-0.001,1.23,-0.90,79.33
8,0.410,3.058,15.70,0.031,-0.235,-0.098,-0.337,-1.604,0.007,0.046,-0.002,1.24,-0.88,79.34
8,0.482,3.133,15.75,0.031,-0.235,-0.098,-0.335,-1.604,0.012,0.048,-0.002,1.26,-0.86,79.34
8,0.554,3.209,15.80,0.031,-0.235,-0.098,-0.333,-1.604,0.014,0.050,-0.002,1.27,-0.84,79.35
8,0.626,3.285,15.85,0.031,-0.235,-0.097,-0.330,-1.604,0.019,0.052,-0.003,1.28,-0.82,79.35
8,0.697,3.362,15.90,0.031,-0.235,-0.097,-0.329,-1.604,0.021,0.053,-0.003,1.30,-0.79,79.36
8,0.769,3.438,15.95,0.031,-0.235,-0.095,-0.326,-1.603,0.026,0.055,-0.003,1.31,-0.76,79.36
8,0.839,3.515,16.00,0.031,-0.235,-0.051,-0.274,-1.602,0.049,0.043,-0.006,1.76,-0.20,79.30
8,0.909,3.591,16.05,0.031,-0.235,-0.051,-0.274,-1.602,0.049,0.043,-0.006,1.76,-0.20,79.30
8,0.979,3.667,16.10,0.031,-0.235,-0.049,-0.273,-1.602,0.047,0.040,-0.006,1.76,-0.20,79.30
8,1.047,3.743,16.15,0.031,-0.235,-0.048,-0.272,-1.602,0.046,0.039,-0.006,1.75,-0.21,79.30
8,1.115,3.818,16.20,0.031,-0.235,-0.046,-0.271,-1.601,0.046,0.037,-0.006,1.74,-0.22,79.30
8,1.181,3.892,16.25,0.031,-0.235,-0.045,-0.270,-1.601,0.046,0.036,-0.006,1.74,-0.23,79.30
8,1.247,3.966,16.30,0.031,-0.235,-0.043,-0.269,-1.601,0.048,0.035,-0.006,1.73,-0.24,79.30
8,1.311,4.039,16.35,0.031,-0.235,-0.041,-0.268,-1.601,0.049,0.035,-0.007,1.72,-0.24,79.30
8,1.373,4.111,16.40,0.031,-0.235,-0.038,-0.267,-1.601,0.051,0.034,-0.007,1.73,-0.25,79.31
8,1.435,4.182,16.45,0.031,-0.235,-0.037,-0.266,-1.601,0.053,0.034,-0.008,1.73,-0.25,79.31
8,1.494,4.252,16.50,0.031,-0.235,-0.034,-0.265,-1.601,0.056,0.035,-0.008,1.75,-0.25,79.31
8,1.552,4.320,16.55,0.031,-0.235,-0.032,-0.264,-1.602,0.058,0.035,-0.008,1.77,-0.24,79.31
8,1.608,4.387,16.60,0.031,-0.235,-0.028,-0.262,-1.603,0.062,0.036,-0.008,1.80,-0.22,79.31
8,1.663,4.453,16.65,0.031,-0.235,-0.027,-0.262,-1.603,0.064,0.037,-0.008,1.83,-0.21,79.31
8,1.715,4.517,16.70,0.031,-0.235,-0.023,-0.260,-1.604,0.067,0.039,-0.007,1.87,-0.18,79.31
8,1.765,4.579,16.75,0.031,-0.235,-0.021,-0.258,-1.604,0.069,0.039,-0.007,1.92,-0.16,79.32
8,1.813,4.639,16.80,0.031,-0.235,-0.016,-0.256,-1.605,0.073,0.042,-0.006,1.96,-0.13,79.32
8,1.859,4.697,16.85,0.031,-0.235,-0.014,-0.254,-1.606,0.074,0.043,-0.006,2.01,-0.10,79.32
8,1.903,4.753,16.90,0.031,-0.235,-0.010,-0.251,-1.606,0.077,0.045,-0.005,2.06,-0.06,79.32
8,1.945,4.807,16.95,0.031,-0.235,-0.008,-0.249,-1.607,0.078,0.046,-0.004,2.10,-0.02,79.32
8,1.984,4.859,17.00,0.031,-0.235,0.068,-0.172,-1.610,0.048,0.038,-0.001,2.74,0.98,79.30
8,2.020,4.909,17.05,0.031,-0.235,0.068,-0.172,-1.610,0.048,0.038,-0.001,2.74,0.98,79.30
8,2.054,4.956,17.10,0.031,-0.235,0.070,-0.170,-1.610,0.046,0.036,-0.000,2.74,1.01,79.30
8,2.086,5.001,17.15,0.031,-0.235,0.073,-0.166,-1.610,0.041,0.032,-0.000,2.75,1.03,79.29
8,2.115,5.043,17.20,0.031,-0.235,0.074,-0.165,-1.610,0.039,0.030,-0.000,2.76,1.05,79.29
8,2.141,5.083,17.25,0.031,-0.235,0.077,-0.163,-1.611,0.035,0.026,-0.000,2.76,1.07,79.30
8,2.164,5.120,17.30,0.031,-0.235,0.078,-0.162,-1.611,0.033,0.023,-0.000,2.76,1.08,79.30
8,2.185,5.154,17.35,0.031,-0.235,0.081,-0.160,-1.612,0.029,0.018,-0.000,2.76,1.09,79.30
8,2.203,5.186,17.40,0.031,-0.235,0.082,-0.160,-1.612,0.027,0.016,0.000,2.77,1.09,79.30
8,2.218,5.215,17.45,0.031,-0.235,0.083,-0.159,-1.613,0.023,0.011,0.001,2.77,1.09,79.30
8,2.230,5.241,17.50,0.031,-0.235,0.084,-0.159,-1.613,0.022,0.008,0.001,2.77,1.08,79.31
8,2.240,5.264,17.55,0.031,-0.235,0.085,-0.159,-1.614,0.017,0.004,0.002,2.77,1.07,79.31
8,2.246,5.284,17.60,0.031,-0.235,0.086,-0.160,-1.614,0.016,0.001,0.002,2.77,1.05,79.31
8,2.250,5.301,17.65,0.031,-0.235,0.086,-0.160,-1.614,0.012,-0.002,0.003,2.76,1.04,79.31
8,2.251,5.315,17.70,0.031,-0.235,0.087,-0.161,-1.614,0.011,-0.004,0.003,2.76,1.02,79.32
8,2.248,5.326,17.75,0.031,-0.235,0.088,-0.162,-1.614,0.007,-0.008,0.004,2.76,1.00,79.32
8,2.243,5.334,17.80,0.031,-0.235,0.088,-0.162,-1.614,0.006,-0.010,0.004,2.76,0.98,79.32
8,2.235,5.339,17.85,0.031,-0.235,0.088,-0.164,-1.613,0.003,-0.013,0.004,2.75,0.96,79.32
8,2.225,5.340,17.90,0.031,-0.235,0.088,-0.165,-1.613,0.002,-0.014,0.004,2.75,0.93,79.33
8,2.211,5.339,17.95,0.031,-0.235,0.089,-0.167,-1.612,-0.001,-0.017,0.004,2.74,0.91,79.33
8,2.195,5.335,18.00,0.031,-0.235,0.067,-0.203,-1.613,-0.020,-0.011,0.006,2.54,0.58,79.31
8,2.175,5.328,18.05,0.031,-0.235,0.067,-0.203,-1.613,-0.020,-0.011,0.006,2.54,0.58,79.31
8,2.153,5.317,18.10,0.031,-0.235,0.066,-0.204,-1.613,-0.019,-0.009,0.006,2.53,0.59,79.30
8,2.129,5.304,18.15,0.031,-0.235,0.066,-0.204,-1.612,-0.019,-0.007,0.005,2.52,0.60,79.30
8,2.101,5.287,18.20,0.031,-0.235,0.065,-0.204,-1.612,-0.018,-0.005,0.005,2.52,0.61,79.30
8,2.071,5.268,18.25,0.031,-0.235,0.065,-0.203,-1.612,-0.017,-0.004,0.005,2.52,0.63,79.30
8,2.038,5.246,18.30,0.031,-0.235,0.064,-0.203,-1.612,-0.016,-0.002,0.004,2.52,0.64,79.29
8,2.003,5.220,18.35,0.031,-0.235,0.064,-0.203,-1.612,-0.015,-0.001,0.004,2.52,0.66,79.29
8,1.965,5.192,18.40,0.031,-0.235,0.064,-0.203,-1.612,-0.014,0.000,0.003,2.52,0.68,79.29
8,1.925,5.161,18.45,0.031,-0.235,0.064,-0.203,-1.613,-0.014,0.001,0.003,2.52,0.70,79.29
8,1.883,5.128,18.50,0.031,-0.235,0.064,-0.203,-1.613,-0.013,0.002,0.003,2.52,0.71,79.29
8,1.838,5.091,18.55,0.031,-0.235,0.064,-0.203,-1.613,-0.012,0.002,0.003,2.53,0.73,79.29
8,1.791,5.052,18.60,0.031,-0.235,0.064,-0.203,-1.614,-0.011,0.003,0.003,2.53,0.74,79.30
8,1.741,5.010,18.65,0.031,-0.235,0.065,-0.203,-1.614,-0.010,0.003,0.004,2.54,0.76,79.30
8,1.690,4.966,18.70,0.031,-0.235,0.065,-0.203,-1.614,-0.009,0.003,0.004,2.55,0.77,79.31
8,1.637,4.919,18.75,0.031,-0.235,0.066,-0.203,-1.614,-0.008,0.003,0.004,2.56,0.78,79.31
8,1.582,4.870,18.80,0.031,-0.235,0.066,-0.203,-1.614,-0.008,0.003,0.004,2.57,0.79,79.31
8,1.525,4.819,18.85,0.031,-0.235,0.067,-0.203,-1.614,-0.008,0.002,0.005,2.58,0.79,79.32
8,1.466,4.765,18.90,0.031,-0.235,0.067,-0.204,-1.614,-0.008,0.002,0.005,2.59,0.80,79.32
8,1.406,4.709,18.95,0.031,-0.235,0.067,-0.204,-1.613,-0.008,0.002,0.005,2.61,0.81,79.32
8,1.344,4.651,19.00,0.031,-0.235,0.069,-0.212,-1.612,-0.011,-0.002,0.000,2.68,0.76,79.32
8,1.280,4.592,19.05,0.031,-0.235,0.069,-0.212,-1.612,-0.011,-0.002,0.000,2.68,0.76,79.32
8,1.216,4.530,19.10,0.031,-0.235,0.069,-0.212,-1.613,-0.011,-0.001,0.001,2.68,0.76,79.32
8,1.150,4.466,19.15,0.031,-0.235,0.070,-0.212,-1.613,-0.011,-0.000,0.002,2.68,0.77,79.31
8,1.083,4.401,19.20,0.031,-0.235,0.070,-0.211,-1.613,-0.011,0.001,0.003,2.68,0.77,79.31
8,1.015,4.335,19.25,0.031,-0.235,0.070,-0.211,-1.614,-0.011,0.001,0.003,2.67,0.78,79.31
8,0.946,4.267,19.30,0.031,-0.235,0.070,-0.211,-1.614,-0.009,0.002,0.004,2.66,0.79,79.31
8,0.876,4.197,19.35,0.031,-0.235,0.071,-0.210,-1.614,-0.008,0.003,0.004,2.66,0.80,79.31
8,0.806,4.126,19.40,0.031,-0.235,0.071,-0.210,-1.615,-0.006,0.003,0.004,2.66,0.80,79.31
8,0.735,4.055,19.45,0.031,-0.235,0.071,-0.209,-1.615,-0.005,0.004,0.005,2.66,0.82,79.31
8,0.663,3.982,19.50,0.031,-0.235,0.072,-0.209,-1.615,-0.003,0.005,0.005,2.67,0.83,79.31
8,0.592,3.908,19.55,0.031,-0.235,0.072,-0.208,-1.615,-0.002,0.005,0.005,2.68,0.84,79.31
8,0.520,3.834,19.60,0.031,-0.235,0.072,-0.207,-1.615,0.001,0.006,0.006,2.69,0.85,79.31
8,0.448,3.759,19.65,0.031,-0.235,0.072,-0.207,-1.615,0.002,0.006,0.006,2.71,0.87,79.31
8,0.375,3.683,19.70,0.031,-0.235,0.073,-0.206,-1.614,0.004,0.007,0.006,2.72,0.88,79.31
8,0.303,3.607,19.75,0.031,-0.235,0.073,-0.206,-1.614,0.006,0.008,0.005,2.74,0.90,79.31
8,0.232,3.531,19.80,0.031,-0.235,0.073,-0.204,-1.614,0.008,0.009,0.005,2.76,0.92,79.31
8,0.160,3.454,19.85,0.031,-0.235,0.074,-0.204,-1.614,0.009,0.009,0.005,2.78,0.94,79.31
8,0.090,3.378,19.90,0.031,-0.235,0.075,-0.203,-1.614,0.012,0.010,0.005,2.81,0.96,79.31
8,0.019,3.302,19.95,0.031,-0.235,0.075,-0.202,-1.614,0.013,0.010,0.005,2.83,0.98,79.31
9,-1.644,6.181,0.00,0.031,-0.235,0.146,-0.347,-1.612,0.024,-0.075,-0.002,4.87,-0.67,79.30
9,-1.641,6.313,0.05,0.031,-0.235,0.146,-0.347,-1.612,0.024,-0.075,-0.002,4.87,-0.67,79.30
9,-1.632,6.442,0.10,0.031,-0.235,0.146,-0.350,-1.612,0.022,-0.073,-0.001,4.88,-0.72,79.29
9,-1.619,6.569,0.15,0.031,-0.235,0.148,-0.356,-1.611,0.019,-0.068,-0.001,4.88,-0.76,79.29
9,-1.601,6.694,0.20,0.031,-0.235,0.149,-0.358,-1.611,0.017,-0.066,-0.001,4.89,-0.79,79.29
9,-1.578,6.816,0.25,0.031,-0.235,0.150,-0.363,-1.610,0.014,-0.061,-0.001,4.90,-0.82,79.29
9,-1.550,6.934,0.30,0.031,-0.235,0.151,-0.366,-1.610,0.013,-0.058,-0.001,4.91,-0.85,79.29
9,-1.518,7.049,0.35,0.031,-0.235,0.152,-0.371,-1.609,0.009,-0.053,-0.002,4.92,-0.88,79.29
9,-1.481,7.160,0.40,0.031,-0.235,0.152,-0.373,-1.609,0.008,-0.051,-0.002,4.93,-0.91,79.29
9,-1.439,7.268,0.45,0.031,-0.235,0.153,-0.378,-1.608,0.005,-0.045,-0.002,4.94,-0.93,79.29
9,-1.393,7.371,0.50,0.031,-0.235,0.153,-0.380,-1.608,0.003,-0.042,-0.003,4.95,-0.95,79.29
9,-1.343,7.469,0.55,0.031,-0.235,0.153,-0.384,-1.608,-0.001,-0.036,-0.003,4.95,-0.97,79.30
9,-1.288,7.564,0.60,0.031,-0.235,0.152,-0.385,-1.608,-0.003,-0.033,-0.003,4.95,-0.99,79.30
9,-1.229,7.653,0.65,0.031,-0.235,0.151,-0.388,-1.608,-0.007,-0.027,-0.004,4.95,-1.00,79.31
9,-1.167,7.737,0.70,0.031,-0.235,0.151,-0.389,-1.608,-0.009,-0.023,-0.004,4.94,-1.01,79.31
9,-1.100,7.816,0.75,0.031,-0.235,0.150,-0.391,-1.608,-0.013,-0.017,-0.004,4.93,-1.02,79.32
9,-1.030,7.890,0.80,0.031,-0.235,0.149,-0.391,-1.609,-0.014,-0.015,-0.004,4.92,-1.02,79.32
9,-0.956,7.958,0.85,0.031,-0.235,0.149,-0.393,-1.608,-0.018,-0.009,-0.003,4.90,-1.02,79.32
9,-0.879,8.020,0.90,0.031,-0.235,0.148,-0.394,-1.608,-0.019,-0.006,-0.003,4.88,-1.02,79.33
9,-0.799,8.076,0.95,0.031,-0.235,0.146,-0.395,-1.608,-0.022,-0.001,-0.003,4.87,-1.02,79.33
9,-0.715,8.127,1.00,0.031,-0.235,0.112,-0.364,-1.604,-0.028,0.047,-0.001,4.55,-0.69,79.24
9,-0.629,8.171,1.05,0.031,-0.235,0.112,-0.364,-1.604,-0.028,0.047,-0.001,4.55,-0.69,79.24
9,-0.540,8.209,1.10,0.031,-0.235,0.110,-0.363,-1.603,-0.027,0.045,-0.002,4.55,-0.68,79.23
9,-0.449,8.241,1.15,0.031,-0.235,0.109,-0.362,-1.602,-0.026,0.044,-0.003,4.56,-0.68,79.23
9,-0.355,8.266,1.20,0.031,-0.235,0.108,-0.362,-1.601,-0.023,0.043,-0.004,4.56,-0.69,79.23
9,-0.260,8.286,1.25,0.031,-0.235,0.107,-0.361,-1.601,-0.022,0.042,-0.005,4.55,-0.70,79.24
9,-0.162,8.298,1.30,0.031,-0.235,0.105,-0.360,-1.600,-0.018,0.042,-0.007,4.55,-0.72,79.24
9,-0.063,8.304,1.35,0.031,-0.235,0.105,-0.359,-1.600,-0.016,0.042,-0.008,4.55,-0.73,79.25
9,0.037,8.304,1.40,0.031,-0.235,0.104,-0.358,-1.599,-0.011,0.042,-0.009,4.56,-0.74,79.26
9,0.139,8.297,1.45,0.031,-0.235,0.103,-0.357,-1.599,-0.008,0.043,-0.010,4.57,-0.75,79.26
9,0.241,8.284,1.50,0.031,-0.235,0.103,-0.355,-1.598,-0.002,0.044,-0.011,4.58,-0.75,79.27
9,0.344,8.264,1.55,0.031,-0.235,0.102,-0.354,-1.598,0.001,0.045,-0.011,4.60,-0.74,79.27
9,0.448,8.238,1.60,0.031,-0.235,0.102,-0.352,-1.597,0.007,0.047,-0.012,4.63,-0.74,79.28
9,0.552,8.206,1.65,0.031,-0.235,0.102,-0.351,-1.597,0.010,0.047,-0.013,4.66,-0.72,79.29
9,0.656,8.167,1.70,0.031,-0.235,0.101,-0.348,-1.597,0.017,0.050,-0.014,4.70,-0.71,79.30
9,0.760,8.122,1.75,0.031,-0.235,0.101,-0.347,-1.597,0.019,0.051,-0.014,4.73,-0.69,79.31
9,0.863,8.071,1.80,0.031,-0.235,0.102,-0.344,-1.598,0.025,0.054,-0.015,4.77,-0.66,79.32
9,0.966,8.014,1.85,0.031,-0.235,0.102,-0.342,-1.598,0.028,0.054,-0.015,4.82,-0.63,79.32
9,1.068,7.951,1.90,0.031,-0.235,0.103,-0.338,-1.598,0.034,0.057,-0.015,4.86,-0.59,79.33
9,1.169,7.883,1.95,0.031,-0.235,0.103,-0.336,-1.598,0.036,0.058,-0.015,4.90,-0.56,79.33
9,1.268,7.808,2.00,0.031,-0.235,0.162,-0.293,-1.602,0.051,0.047,-0.017,5.98,-0.01,79.21
9,1.366,7.729,2.05,0.031,-0.235,0.162,-0.293,-1.602,0.051,0.047,-0.017,5.98,-0.01,79.21
9,1.462,7.644,2.10,0.031,-0.235,0.163,-0.292,-1.603,0.049,0.046,-0.017,6.01,0.00,79.22
9,1.556,7.554,2.15,0.031,-0.235,0.166,-0.290,-1.604,0.045,0.045,-0.015,6.04,0.02,79.22
9,1.648,7.460,2.20,0.031,-0.235,0.168,-0.289,-1.605,0.043,0.044,-0.015,6.06,0.03,79.22
9,1.737,7.361,2.25,0.031,-0.235,0.171,-0.286,-1.606,0.039,0.043,-0.013,6.08,0.04,79.23
9,1.824,7.257,2.30,0.031,-0.235,0.172,-0.285,-1.607,0.036,0.043,-0.012,6.10,0.05,79.24
9,1.908,7.149,2.35,0.031,-0.235,0.173,-0.282,-1.608,0.032,0.042,-0.010,6.11,0.06,79.25
9,1.989,7.038,2.40,0.031,-0.235,0.174,-0.280,-1.609,0.029,0.042,-0.010,6.12,0.08,79.26
9,2.067,6.922,2.45,0.031,-0.235,0.175,-0.276,-1.611,0.024,0.041,-0.008,6.12,0.09,79.26
9,2.142,6.804,2.50,0.031,-0.235,0.176,-0.274,-1.611,0.022,0.041,-0.007,6.12,0.11,79.27
9,2.213,6.682,2.55,0.031,-0.235,0.177,-0.271,-1.612,0.017,0.040,-0.005,6.12,0.12,79.28
9,2.280,6.557,2.60,0.031,-0.235,0.177,-0.269,-1.612,0.015,0.040,-0.004,6.11,0.14,79.29
9,2.344,6.429,2.65,0.031,-0.235,0.178,-0.266,-1.612,0.011,0.038,-0.003,6.11,0.16,79.30
9,2.403,6.300,2.70,0.031,-0.235,0.179,-0.264,-1.612,0.009,0.038,-0.002,6.10,0.18,79.30
9,2.459,6.168,2.75,0.031,-0.235,0.180,-0.260,-1.611,0.006,0.037,-0.001,6.09,0.19,79.31
9,2.510,6.034,2.80,0.031,-0.235,0.180,-0.259,-1.611,0.004,0.036,-0.001,6.08,0.21,79.31
9,2.557,5.899,2.85,0.031,-0.235,0.181,-0.254,-1.610,0.000,0.035,-0.001,6.08,0.23,79.32
9,2.600,5.763,2.90,0.031,-0.235,0.181,-0.253,-1.609,-0.001,0.034,-0.001,6.08,0.24,79.32
9,2.638,5.626,2.95,0.031,-0.235,0.182,-0.249,-1.607,-0.004,0.032,-0.001,6.07,0.26,79.32
9,2.671,5.489,3.00,0.031,-0.235,0.171,-0.227,-1.601,-0.037,-0.009,-0.011,6.02,0.22,79.34
9,2.700,5.351,3.05,0.031,-0.235,0.171,-0.227,-1.601,-0.037,-0.009,-0.011,6.02,0.22,79.34
9,2.724,5.213,3.10,0.031,-0.235,0.170,-0.227,-1.602,-0.038,-0.010,-0.010,6.02,0.21,79.33
9,2.743,5.076,3.15,0.031,-0.235,0.169,-0.227,-1.602,-0.039,-0.010,-0.010,6.03,0.19,79.33
9,2.758,4.939,3.20,0.031,-0.235,0.167,-0.227,-1.603,-0.041,-0.007,-0.009,6.04,0.17,79.33
9,2.767,4.803,3.25,0.031,-0.235,0.166,-0.227,-1.603,-0.044,-0.005,-0.009,6.06,0.15,79.32
9,2.772,4.669,3.30,0.031,-0.235,0.164,-0.227,-1.604,-0.048,0.001,-0.008,6.08,0.14,79.32
9,2.772,4.536,3.35,0.031,-0.235,0.162,-0.226,-1.604,-0.050,0.004,-0.007,6.09,0.14,79.31
9,2.767,4.405,3.40,0.031,-0.235,0.159,-0.225,-1.605,-0.055,0.013,-0.006,6.09,0.15,79.31
9,2.757,4.276,3.45,0.031,-0.235,0.157,-0.224,-1.606,-0.059,0.018,-0.005,6.08,0.17,79.31
9,2.742,4.150,3.50,0.031,-0.235,0.154,-0.222,-1.607,-0.065,0.029,-0.004,6.05,0.21,79.31
9,2.722,4.027,3.55,0.031,-0.235,0.152,-0.221,-1.608,-0.068,0.034,-0.003,6.02,0.25,79.31
9,2.697,3.906,3.60,0.031,-0.235,0.148,-0.218,-1.608,-0.074,0.045,-0.001,5.98,0.31,79.31
9,2.668,3.789,3.65,0.031,-0.235,0.145,-0.215,-1.609,-0.078,0.052,-0.000,5.91,0.39,79.31
9,2.634,3.675,3.70,0.031,-0.235,0.140,-0.210,-1.609,-0.085,0.064,0.001,5.86,0.46,79.31
9,2.596,3.565,3.75,0.031,-0.235,0.137,-0.207,-1.610,-0.089,0.069,0.002,5.78,0.55,79.31
9,2.553,3.459,3.80,0.031,-0.235,0.131,-0.201,-1.610,-0.095,0.080,0.003,5.70,0.64,79.31
9,2.505,3.357,3.85,0.031,-0.235,0.127,-0.196,-1.611,-0.099,0.087,0.004,5.61,0.75,79.31
9,2.453,3.260,3.90,0.031,-0.235,0.119,-0.189,-1.611,-0.106,0.096,0.005,5.52,0.86,79.31
9,2.397,3.167,3.95,0.031,-0.235,0.115,-0.184,-1.611,-0.109,0.101,0.005,5.39,0.99,79.31
9,2.337,3.080,4.00,0.031,-0.235,-0.015,-0.057,-1.599,-0.076,0.059,-0.002,3.59,2.57,79.34
9,2.273,2.997,4.05,0.031,-0.235,-0.015,-0.057,-1.599,-0.076,0.059,-0.002,3.59,2.57,79.34
9,2.206,2.920,4.10,0.031,-0.235,-0.017,-0.055,-1.598,-0.073,0.055,-0.003,3.58,2.57,79.33
9,2.134,2.848,4.15,0.031,-0.235,-0.021,-0.053,-1.598,-0.069,0.048,-0.004,3.57,2.58,79.33
9,2.059,2.782,4.20,0.031,-0.235,-0.023,-0.052,-1.598,-0.067,0.044,-0.004,3.58,2.58,79.33
9,1.981,2.722,4.25,0.031,-0.235,-0.028,-0.050,-1.597,-0.064,0.036,-0.005,3.58,2.59,79.33
9,1.900,2.667,4.30,0.031,-0.235,-0.030,-0.049,-1.597,-0.063,0.033,-0.005,3.59,2.58,79.34
9,1.816,2.619,4.35,0.031,-0.235,-0.034,-0.048,-1.597,-0.063,0.026,-0.005,3.59,2.58,79.34
9,1.728,2.577,4.40,0.031,-0.235,-0.036,-0.048,-1.597,-0.063,0.023,-0.006,3.58,2.57,79.34
9,1.639,2.541,4.45,0.031,-0.235,-0.041,-0.047,-1.597,-0.064,0.017,-0.006,3.57,2.57,79.34
9,1.547,2.511,4.50,0.031,-0.235,-0.043,-0.046,-1.597,-0.066,0.014,-0.006,3.54,2.55,79.35
9,1.452,2.487,4.55,0.031,-0.235,-0.048,-0.045,-1.596,-0.068,0.010,-0.006,3.51,2.54,79.35
9,1.356,2.470,4.60,0.031,-0.235,-0.051,-0.045,-1.596,-0.069,0.008,-0.006,3.46,2.53,79.36
9,1.258,2.460,4.65,0.031,-0.235,-0.057,-0.044,-1.596,-0.073,0.003,-0.006,3.41,2.51,79.37
9,1.159,2.456,4.70,0.031,-0.235,-0.060,-0.043,-1.596,-0.074,0.001,-0.006,3.35,2.50,79.37
9,1.058,2.458,4.75,0.031,-0.235,-0.066,-0.042,-1.596,-0.077,-0.003,-0.006,3.27,2.49,79.38
9,0.956,2.467,4.80,0.031,-0.235,-0.069,-0.042,-1.596,-0.078,-0.005,-0.006,3.20,2.48,79.39
9,0.853,2.483,4.85,0.031,-0.235,-0.076,-0.042,-1.596,-0.081,-0.009,-0.006,3.12,2.47,79.39
9,0.750,2.505,4.90,0.031,-0.235,-0.079,-0.042,-1.596,-0.082,-0.011,-0.006,3.04,2.46,79.40
9,0.646,2.533,4.95,0.031,-0.235,-0.085,-0.042,-1.597,-0.083,-0.015,-0.006,2.95,2.45,79.41
9,0.542,2.567,5.00,0.031,-0.235,-0.152,-0.097,-1.592,-0.017,-0.062,-0.009,2.01,1.80,79.43
9,0.438,2.608,5.05,0.031,-0.235,-0.152,-0.097,-1.592,-0.017,-0.062,-0.009,2.01,1.80,79.43
9,0.334,2.655,5.10,0.031,-0.235,-0.152,-0.101,-1.592,-0.012,-0.061,-0.010,2.02,1.77,79.44
9,0.231,2.708,5.15,0.031,-0.235,-0.152,-0.104,-1.591,-0.009,-0.061,-0.010,2.03,1.75,79.44
9,0.128,2.767,5.20,0.031,-0.235,-0.151,-0.108,-1.591,-0.004,-0.061,-0.011,2.03,1.74,79.44
9,0.027,2.832,5.25,0.031,-0.235,-0.151,-0.111,-1.592,-0.002,-0.062,-0.011,2.03,1.73,79.44
9,-0.073,2.902,5.30,0.031,-0.235,-0.150,-0.115,-1.592,0.002,-0.063,-0.012,2.04,1.71,79.44
9,-0.172,2.978,5.35,0.031,-0.235,-0.150,-0.117,-1.592,0.004,-0.064,-0.012,2.04,1.70,79.43
9,-0.270,3.059,5.40,0.031,-0.235,-0.148,-0.122,-1.593,0.008,-0.066,-0.012,2.05,1.68,79.43
9,-0.365,3.146,5.45,0.031,-0.235,-0.147,-0.125,-1.593,0.010,-0.068,-0.012,2.06,1.65,79.43
9,-0.458,3.237,5.50,0.031,-0.235,-0.146,-0.130,-1.594,0.012,-0.071,-0.012,2.06,1.63,79.42
9,-0.549,3.333,5.55,0.031,-0.235,-0.145,-0.132,-1.594,0.014,-0.072,-0.012,2.08,1.59,79.41
9,-0.638,3.434,5.60,0.031,-0.235,-0.143,-0.138,-1.594,0.016,-0.076,-0.011,2.09,1.55,79.40
9,-0.724,3.539,5.65,0.031,-0.235,-0.142,-0.141,-1.594,0.017,-0.078,-0.011,2.10,1.51,79.38
9,-0.807,3.648,5.70,0.031,-0.235,-0.140,-0.147,-1.594,0.019,-0.081,-0.010,2.12,1.46,79.37
9,-0.887,3.761,5.75,0.031,-0.235,-0.139,-0.150,-1.594,0.020,-0.083,-0.010,2.14,1.40,79.36
9,-0.964,3.877,5.80,0.031,-0.235,-0.136,-0.157,-1.593,0.022,-0.086,-0.010,2.15,1.35,79.35
9,-1.037,3.997,5.85,0.031,-0.235,-0.135,-0.160,-1.593,0.022,-0.087,-0.010,2.17,1.29,79.35
9,-1.107,4.120,5.90,0.031,-0.235,-0.133,-0.166,-1.593,0.023,-0.089,-0.010,2.18,1.23,79.34
9,-1.173,4.246,5.95,0.031,-0.235,-0.132,-0.169,-1.593,0.024,-0.090,-0.010,2.20,1.17,79.34
9,-1.235,4.374,6.00,0.031,-0.235,-0.128,-0.253,-1.606,0.012,-0.040,0.000,1.98,0.30,79.41
9,-1.294,4.504,6.05,0.031,-0.235,-0.128,-0.253,-1.606,0.012,-0.040,0.000,1.98,0.30,79.41
9,-1.348,4.637,6.10,0.031,-0.235,-0.128,-0.253,-1.606,0.012,-0.038,0.000,1.95,0.32,79.41
9,-1.398,4.771,6.15,0.031,-0.235,-0.128,-0.254,-1.607,0.014,-0.034,0.001,1.93,0.33,79.42
9,-1.443,4.906,6.20,0.031,-0.235,-0.128,-0.255,-1.607,0.015,-0.031,0.001,1.89,0.34,79.42
9,-1.485,5.043,6.25,0.031,-0.235,-0.128,-0.255,-1.607,0.019,-0.029,0.001,1.86,0.35,79.42
9,-1.521,5.180,6.30,0.031,-0.235,-0.128,-0.256,-1.607,0.021,-0.028,0.001,1.83,0.37,79.42
9,-1.553,5.318,6.35,0.031,-0.235,-0.128,-0.257,-1.606,0.027,-0.027,0.001,1.80,0.38,79.42
9,-1.580,5.455,6.40,0.031,-0.235,-0.127,-0.258,-1.606,0.031,-0.027,0.001,1.79,0.38,79.42
9,-1.603,5.593,6.45,0.031,-0.235,-0.125,-0.259,-1.605,0.038,-0.028,0.001,1.78,0.39,79.41
9,-1.620,5.730,6.50,0.031,-0.235,-0.124,-0.260,-1.605,0.042,-0.028,0.000,1.80,0.38,79.40
9,-1.633,5.867,6.55,0.031,-0.235,-0.121,-0.261,-1.604,0.049,-0.030,-0.001,1.81,0.38,79.40
9,-1.641,6.002,6.60,0.031,-0.235,-0.119,-0.262,-1.604,0.054,-0.031,-0.001,1.85,0.37,79.39
9,-1.644,6.136,6.65,0.031,-0.235,-0.115,-0.264,-1.603,0.063,-0.033,-0.002,1.89,0.36,79.38
9,-1.642,6.268,6.70,0.031,-0.235,-0.112,-0.264,-1.603,0.067,-0.034,-0.003,1.95,0.34,79.36
9,-1.636,6.398,6.75,0.031,-0.235,-0.107,-0.266,-1.603,0.075,-0.037,-0.003,2.01,0.33,79.35
9,-1.624,6.526,6.80,0.031,-0.235,-0.103,-0.267,-1.602,0.081,-0.038,-0.004,2.08,0.31,79.34
9,-1.607,6.652,6.85,0.031,-0.235,-0.097,-0.269,-1.602,0.088,-0.040,-0.004,2.16,0.29,79.33
9,-1.586,6.775,6.90,0.031,-0.235,-0.094,-0.269,-1.602,0.091,-0.041,-0.005,2.27,0.27,79.32
9,-1.560,6.894,6.95,0.031,-0.235,-0.087,-0.271,-1.601,0.097,-0.042,-0.006,2.34,0.25,79.32
9,-1.529,7.010,7.00,0.031,-0.235,-0.004,-0.293,-1.605,0.064,-0.057,-0.008,3.38,-0.16,79.38
9,-1.494,7.123,7.05,0.031,-0.235,-0.004,-0.293,-1.605,0.064,-0.057,-0.008,3.38,-0.16,79.38
9,-1.454,7.232,7.10,0.031,-0.235,-0.002,-0.296,-1.606,0.061,-0.057,-0.007,3.38,-0.20,79.36
9,-1.409,7.336,7.15,0.031,-0.235,-0.001,-0.298,-1.606,0.059,-0.057,-0.006,3.38,-0.24,79.34
9,-1.360,7.436,7.20,0.031,-0.235,0.001,-0.302,-1.606,0.057,-0.058,-0.006,3.37,-0.28,79.33
9,-1.307,7.532,7.25,0.031,-0.235,0.002,-0.304,-1.606,0.056,-0.058,-0.005,3.36,-0.33,79.31
9,-1.250,7.623,7.30,0.031,-0.235,0.003,-0.307,-1.605,0.057,-0.058,-0.005,3.35,-0.37,79.30
9,-1.188,7.709,7.35,0.031,-0.235,0.004,-0.309,-1.605,0.057,-0.058,-0.005,3.34,-0.42,79.29
9,-1.123,7.790,7.40,0.031,-0.235,0.007,-0.314,-1.605,0.060,-0.057,-0.005,3.33,-0.46,79.28
9,-1.054,7.865,7.45,0.031,-0.235,0.008,-0.316,-1.605,0.062,-0.057,-0.005,3.34,-0.50,79.27
9,-0.982,7.935,7.50,0.031,-0.235,0.012,-0.319,-1.604,0.067,-0.056,-0.006,3.35,-0.54,79.27
9,-0.906,7.999,7.55,0.031,-0.235,0.015,-0.321,-1.604,0.070,-0.056,-0.006,3.38,-0.57,79.26
9,-0.826,8.058,7.60,0.031,-0.235,0.020,-0.325,-1.604,0.077,-0.054,-0.007,3.42,-0.60,79.26
9,-0.744,8.110,7.65,0.031,-0.235,0.023,-0.327,-1.604,0.080,-0.054,-0.007,3.48,-0.63,79.26
9,-0.659,8.157,7.70,0.031,-0.235,0.030,-0.330,-1.604,0.087,-0.051,-0.008,3.54,-0.66,79.25
9,-0.571,8.197,7.75,0.031,-0.235,0.033,-0.331,-1.604,0.090,-0.050,-0.008,3.63,-0.68,79.25
9,-0.480,8.231,7.80,0.031,-0.235,0.041,-0.333,-1.604,0.097,-0.047,-0.009,3.71,-0.69,79.25
9,-0.388,8.259,7.85,0.031,-0.235,0.045,-0.334,-1.604,0.100,-0.045,-0.010,3.81,-0.70,79.25
9,-0.293,8.280,7.90,0.031,-0.235,0.052,-0.336,-1.605,0.104,-0.042,-0.010,3.91,-0.70,79.25
9,-0.196,8.295,7.95,0.031,-0.235,0.056,-0.337,-1.605,0.107,-0.040,-0.010,4.01,-0.70,79.26
9,-0.097,8.303,8.00,0.031,-0.235,0.173,-0.345,-1.595,0.060,-0.003,-0.020,5.46,-0.48,79.29
9,0.003,8.305,8.05,0.031,-0.235,0.173,-0.345,-1.595,0.060,-0.003,-0.020,5.46,-0.48,79.29
9,0.104,8.300,8.10,0.031,-0.235,0.178,-0.346,-1.594,0.054,-0.003,-0.020,5.49,-0.49,79.28
9,0.206,8.289,8.15,0.031,-0.235,0.180,-0.347,-1.594,0.051,-0.003,-0.021,5.52,-0.50,79.28
9,0.309,8.272,8.20,0.031,-0.235,0.185,-0.349,-1.593,0.045,-0.003,-0.021,5.55,-0.52,79.28
9,0.413,8.248,8.25,0.031,-0.235,0.187,-0.349,-1.593,0.041,-0.002,-0.022,5.58,-0.53,79.28
9,0.517,8.217,8.30,0.031,-0.235,0.190,-0.351,-1.593,0.035,-0.002,-0.022,5.60,-0.55,79.28
9,0.621,8.181,8.35,0.031,-0.235,0.192,-0.352,-1.593,0.032,-0.002,-0.022,5.62,-0.57,79.28
9,0.725,8.138,8.40,0.031,-0.235,0.195,-0.354,-1.592,0.024,-0.001,-0.023,5.64,-0.58,79.29
9,0.828,8.089,8.45,0.031,-0.235,0.196,-0.354,-1.592,0.021,-0.000,-0.023,5.65,-0.60,79.30
9,0.931,8.034,8.50,0.031,-0.235,0.198,-0.356,-1.592,0.015,0.001,-0.023,5.66,-0.62,79.31
9,1.034,7.973,8.55,0.031,-0.235,0.199,-0.357,-1.592,0.011,0.001,-0.023,5.67,-0.64,79.32
9,1.135,7.906,8.60,0.031,-0.235,0.201,-0.358,-1.591,0.004,0.003,-0.023,5.67,-0.66,79.33
9,1.234,7.834,8.65,0.031,-0.235,0.201,-0.359,-1.591,0.001,0.004,-0.023,5.67,-0.67,79.34
9,1.333,7.757,8.70,0.031,-0.235,0.202,-0.360,-1.591,-0.005,0.006,-0.024,5.67,-0.69,79.35
9,1.430,7.674,8.75,0.031,-0.235,0.202,-0.360,-1.591,-0.008,0.007,-0.024,5.66,-0.71,79.36
9,1.524,7.586,8.80,0.031,-0.235,0.202,-0.361,-1.591,-0.014,0.010,-0.023,5.65,-0.72,79.36
9,1.617,7.493,8.85,0.031,-0.235,0.202,-0.361,-1.591,-0.017,0.011,-0.023,5.63,-0.73,79.36
9,1.707,7.395,8.90,0.031,-0.235,0.202,-0.361,-1.591,-0.022,0.014,-0.023,5.62,-0.74,79.36
9,1.795,7.293,8.95,0.031,-0.235,0.201,-0.361,-1.591,-0.025,0.015,-0.023,5.61,-0.74,79.35
9,1.880,7.187,9.00,0.031,-0.235,0.151,-0.319,-1.606,-0.061,0.041,-0.003,5.10,-0.44,79.29
9,1.962,7.076,9.05,0.031,-0.235,0.151,-0.319,-1.606,-0.061,0.041,-0.003,5.10,-0.44,79.29
9,2.041,6.962,9.10,0.031,-0.235,0.147,-0.316,-1.606,-0.060,0.040,-0.003,5.07,-0.43,79.30
9,2.117,6.844,9.15,0.031,-0.235,0.145,-0.314,-1.606,-0.060,0.039,-0.003,5.05,-0.42,79.30
9,2.189,6.724,9.20,0.031,-0.235,0.141,-0.311,-1.606,-0.059,0.037,-0.002,5.03,-0.42,79.31
9,2.258,6.600,9.25,0.031,-0.235,0.138,-0.310,-1.606,-0.059,0.037,-0.002,5.02,-0.41,79.31
9,2.322,6.473,9.30,0.031,-0.235,0.134,-0.307,-1.606,-0.058,0.035,-0.002,5.00,-0.41,79.32
9,2.383,6.344,9.35,0.031,-0.235,0.132,-0.306,-1.606,-0.057,0.034,-0.002,4.98,-0.41,79.32
9,2.440,6.213,9.40,0.031,-0.235,0.127,-0.303,-1.606,-0.055,0.032,-0.002,4.97,-0.40,79.32
9,2.493,6.080,9.45,0.031,-0.235,0.125,-0.302,-1.607,-0.055,0.031,-0.002,4.95,-0.40,79.33
9,2.542,5.945,9.50,0.031,-0.235,0.121,-0.300,-1.607,-0.053,0.029,-0.002,4.94,-0.40,79.33
9,2.586,5.810,9.55,0.031,-0.235,0.120,-0.299,-1.608,-0.052,0.028,-0.002,4.92,-0.41,79.33
9,2.625,5.673,9.60,0.031,-0.235,0.116,-0.297,-1.608,-0.050,0.025,-0.002,4.91,-0.41,79.33
9,2.660,5.536,9.65,0.031,-0.235,0.114,-0.296,-1.609,-0.048,0.024,-0.002,4.90,-0.42,79.34
9,2.691,5.398,9.70,0.031,-0.235,0.112,-0.295,-1.610,-0.045,0.022,-0.001,4.89,-0.42,79.34
9,2.716,5.260,9.75,0.031,-0.235,0.111,-0.294,-1.610,-0.044,0.022,-0.001,4.89,-0.43,79.33
9,2.737,5.122,9.80,0.031,-0.235,0.109,-0.292,-1.611,-0.040,0.020,-0.000,4.89,-0.43,79.33
9,2.753,4.986,9.85,0.031,-0.235,0.108,-0.292,-1.611,-0.038,0.019,0.000,4.90,-0.44,79.33
9,2.765,4.849,9.90,0.031,-0.235,0.107,-0.291,-1.612,-0.034,0.017,0.001,4.91,-0.44,79.33
9,2.771,4.715,9.95,0.031,-0.235,0.107,-0.290,-1.612,-0.032,0.016,0.001,4.93,-0.44,79.33
9,2.772,4.581,10.00,0.031,-0.235,0.098,-0.287,-1.605,-0.020,0.007,-0.000,5.26,-0.55,79.32
9,2.769,4.450,10.05,0.031,-0.235,0.098,-0.287,-1.605,-0.020,0.007,-0.000,5.26,-0.55,79.32
9,2.761,4.320,10.10,0.031,-0.235,0.096,-0.286,-1.604,-0.020,0.007,-0.001,5.24,-0.56,79.32
9,2.747,4.193,10.15,0.031,-0.235,0.093,-0.286,-1.604,-0.022,0.009,-0.002,5.22,-0.56,79.32
9,2.729,4.068,10.20,0.031,-0.235,0.092,-0.285,-1.603,-0.023,0.009,-0.003,5.20,-0.56,79.32
9,2.706,3.947,10.25,0.031,-0.235,0.090,-0.285,-1.603,-0.023,0.010,-0.004,5.18,-0.55,79.32
9,2.679,3.828,10.30,0.031,-0.235,0.089,-0.285,-1.603,-0.023,0.011,-0.004,5.16,-0.55,79.31
9,2.646,3.713,10.35,0.031,-0.235,0.086,-0.284,-1.603,-0.023,0.011,-0.005,5.13,-0.55,79.31
9,2.609,3.602,10.40,0.031,-0.235,0.085,-0.284,-1.603,-0.023,0.011,-0.005,5.12,-0.55,79.31
9,2.568,3.494,10.45,0.031,-0.235,0.084,-0.284,-1.603,-0.023,0.012,-0.005,5.10,-0.55,79.31
9,2.522,3.391,10.50,0.031,-0.235,0.083,-0.284,-1.603,-0.022,0.012,-0.006,5.09,-0.54,79.30
9,2.472,3.292,10.55,0.031,-0.235,0.081,-0.284,-1.603,-0.021,0.011,-0.006,5.08,-0.54,79.30
9,2.417,3.198,10.60,0.031,-0.235,0.080,-0.284,-1.603,-0.021,0.011,-0.006,5.07,-0.55,79.30
9,2.358,3.109,10.65,0.031,-0.235,0.078,-0.284,-1.604,-0.020,0.011,-0.006,5.06,-0.55,79.30
9,2.296,3.025,10.70,0.031,-0.235,0.078,-0.284,-1.605,-0.020,0.011,-0.006,5.06,-0.55,79.30
9,2.229,2.946,10.75,0.031,-0.235,0.076,-0.284,-1.606,-0.018,0.011,-0.005,5.06,-0.55,79.30
9,2.159,2.872,10.80,0.031,-0.235,0.076,-0.284,-1.606,-0.018,0.011,-0.005,5.06,-0.56,79.30
9,2.085,2.804,10.85,0.031,-0.235,0.075,-0.284,-1.607,-0.016,0.011,-0.005,5.06,-0.56,79.30
9,2.008,2.742,10.90,0.031,-0.235,0.074,-0.284,-1.608,-0.015,0.011,-0.004,5.06,-0.57,79.30
9,1.928,2.685,10.95,0.031,-0.235,0.073,-0.283,-1.609,-0.014,0.012,-0.003,5.06,-0.57,79.30
9,1.845,2.635,11.00,0.031,-0.235,0.064,-0.283,-1.611,-0.001,0.013,0.002,5.17,-0.64,79.30
9,1.758,2.590,11.05,0.031,-0.235,0.064,-0.283,-1.611,-0.001,0.013,0.002,5.17,-0.64,79.30
9,1.670,2.552,11.10,0.031,-0.235,0.064,-0.283,-1.611,-0.001,0.014,0.001,5.17,-0.63,79.31
9,1.578,2.520,11.15,0.031,-0.235,0.064,-0.283,-1.611,-0.001,0.018,0.001,5.19,-0.64,79.31
9,1.485,2.495,11.20,0.031,-0.235,0.064,-0.282,-1.612,-0.002,0.021,0.001,5.23,-0.65,79.32
9,1.389,2.475,11.25,0.031,-0.235,0.064,-0.281,-1.613,-0.005,0.029,0.002,5.27,-0.66,79.32
9,1.292,2.463,11.30,0.031,-0.235,0.064,-0.280,-1.613,-0.007,0.034,0.002,5.30,-0.65,79.33
9,1.193,2.457,11.35,0.031,-0.235,0.064,-0.276,-1.614,-0.013,0.048,0.004,5.33,-0.62,79.34
9,1.092,2.457,11.40,0.031,-0.235,0.063,-0.274,-1.615,-0.017,0.055,0.005,5.35,-0.58,79.36
9,0.991,2.464,11.45,0.031,-0.235,0.062,-0.269,-1.615,-0.025,0.070,0.006,5.35,-0.51,79.37
9,0.888,2.477,11.50,0.031,-0.235,0.061,-0.266,-1.616,-0.030,0.078,0.007,5.34,-0.43,79.38
9,0.785,2.496,11.55,0.031,-0.235,0.058,-0.258,-1.616,-0.041,0.096,0.009,5.30,-0.33,79.40
9,0.681,2.522,11.60,0.031,-0.235,0.056,-0.254,-1.616,-0.047,0.104,0.010,5.24,-0.21,79.41
9,0.577,2.555,11.65,0.031,-0.235,0.052,-0.245,-1.615,-0.059,0.119,0.011,5.17,-0.08,79.42
9,0.473,2.594,11.70,0.031,-0.235,0.050,-0.241,-1.615,-0.065,0.127,0.012,5.07,0.06,79.43
9,0.369,2.638,11.75,0.031,-0.235,0.044,-0.230,-1.614,-0.078,0.141,0.013,4.96,0.21,79.43
9,0.266,2.689,11.80,0.031,-0.235,0.041,-0.224,-1.613,-0.084,0.148,0.013,4.83,0.37,79.43
9,0.163,2.746,11.85,0.031,-0.235,0.034,-0.214,-1.612,-0.096,0.158,0.013,4.70,0.51,79.43
9,0.061,2.809,11.90,0.031,-0.235,0.031,-0.208,-1.611,-0.102,0.163,0.013,4.54,0.68,79.43
9,-0.039,2.878,11.95,0.031,-0.235,0.022,-0.195,-1.609,-0.114,0.171,0.012,4.39,0.82,79.42
9,-0.139,2.952,12.00,0.031,-0.235,-0.155,-0.033,-1.609,-0.116,0.076,0.006,1.39,2.30,79.36
9,-0.237,3.031,12.05,0.031,-0.235,-0.155,-0.033,-1.609,-0.116,0.076,0.006,1.39,2.30,79.36
9,-0.333,3.116,12.10,0.031,-0.235,-0.162,-0.027,-1.609,-0.106,0.065,0.007,1.32,2.31,79.35
9,-0.427,3.205,12.15,0.031,-0.235,-0.166,-0.024,-1.609,-0.100,0.057,0.007,1.26,2.31,79.34
9,-0.519,3.300,12.20,0.031,-0.235,-0.171,-0.020,-1.609,-0.089,0.045,0.007,1.22,2.32,79.34
9,-0.608,3.399,12.25,0.031,-0.235,-0.174,-0.019,-1.609,-0.083,0.038,0.007,1.18,2.31,79.34
9,-0.695,3.503,12.30,0.031,-0.235,-0.179,-0.016,-1.609,-0.072,0.024,0.007,1.15,2.31,79.34
9,-0.779,3.610,12.35,0.031,-0.235,-0.181,-0.015,-1.609,-0.064,0.015,0.007,1.13,2.29,79.35
9,-0.860,3.722,12.40,0.031,-0.235,-0.185,-0.014,-1.608,-0.052,-0.000,0.007,1.12,2.26,79.35
9,-0.938,3.837,12.45,0.031,-0.235,-0.186,-0.015,-1.607,-0.046,-0.008,0.007,1.12,2.23,79.36
9,-1.013,3.956,12.50,0.031,-0.235,-0.189,-0.015,-1.607,-0.034,-0.023,0.006,1.13,2.18,79.37
9,-1.084,4.078,12.55,0.031,-0.235,-0.190,-0.016,-1.606,-0.027,-0.033,0.006,1.15,2.12,79.39
9,-1.151,4.203,12.60,0.031,-0.235,-0.190,-0.019,-1.606,-0.015,-0.048,0.005,1.17,2.06,79.40
9,-1.215,4.330,12.65,0.031,-0.235,-0.190,-0.020,-1.606,-0.009,-0.056,0.005,1.21,1.98,79.43
9,-1.274,4.460,12.70,0.031,-0.235,-0.190,-0.024,-1.605,0.003,-0.070,0.004,1.26,1.91,79.45
9,-1.330,4.592,12.75,0.031,-0.235,-0.189,-0.027,-1.605,0.009,-0.078,0.003,1.31,1.82,79.47
9,-1.381,4.725,12.80,0.031,-0.235,-0.188,-0.032,-1.605,0.019,-0.091,0.003,1.37,1.74,79.48
9,-1.428,4.860,12.85,0.031,-0.235,-0.187,-0.035,-1.605,0.024,-0.097,0.003,1.44,1.64,79.48
9,-1.471,4.996,12.90,0.031,-0.235,-0.185,-0.042,-1.605,0.032,-0.109,0.002,1.50,1.55,79.48
9,-1.509,5.133,12.95,0.031,-0.235,-0.183,-0.047,-1.605,0.037,-0.115,0.002,1.57,1.45,79.47
9,-1.543,5.271,13.00,0.031,-0.235,-0.096,-0.203,-1.595,0.056,-0.112,-0.010,2.71,-0.20,79.38
9,-1.572,5.409,13.05,0.031,-0.235,-0.096,-0.203,-1.595,0.056,-0.112,-0.010,2.71,-0.20,79.38
9,-1.596,5.546,13.10,0.031,-0.235,-0.094,-0.208,-1.595,0.051,-0.103,-0.010,2.70,-0.21,79.37
9,-1.615,5.684,13.15,0.031,-0.235,-0.092,-0.213,-1.596,0.046,-0.093,-0.011,2.69,-0.22,79.36
9,-1.629,5.820,13.20,0.031,-0.235,-0.092,-0.215,-1.596,0.043,-0.089,-0.011,2.67,-0.22,79.35
9,-1.639,5.956,13.25,0.031,-0.235,-0.091,-0.218,-1.596,0.038,-0.080,-0.011,2.64,-0.21,79.34
9,-1.644,6.090,13.30,0.031,-0.235,-0.091,-0.220,-1.596,0.036,-0.076,-0.011,2.61,-0.21,79.33
9,-1.644,6.223,13.35,0.031,-0.235,-0.092,-0.223,-1.596,0.031,-0.068,-0.011,2.57,-0.20,79.32
9,-1.638,6.354,13.40,0.031,-0.235,-0.092,-0.225,-1.596,0.029,-0.064,-0.010,2.53,-0.18,79.31
9,-1.628,6.483,13.45,0.031,-0.235,-0.093,-0.227,-1.597,0.026,-0.057,-0.010,2.48,-0.17,79.31
9,-1.614,6.610,13.50,0.031,-0.235,-0.093,-0.228,-1.597,0.024,-0.054,-0.010,2.44,-0.16,79.31
9,-1.594,6.733,13.55,0.031,-0.235,-0.094,-0.230,-1.599,0.022,-0.047,-0.010,2.40,-0.14,79.31
9,-1.569,6.854,13.60,0.031,-0.235,-0.095,-0.231,-1.599,0.021,-0.044,-0.010,2.35,-0.13,79.31
9,-1.540,6.971,13.65,0.031,-0.235,-0.095,-0.232,-1.600,0.020,-0.039,-0.009,2.31,-0.11,79.31
9,-1.506,7.085,13.70,0.031,-0.235,-0.095,-0.233,-1.601,0.020,-0.036,-0.009,2.27,-0.10,79.31
9,-1.468,7.195,13.75,0.031,-0.235,-0.096,-0.234,-1.602,0.020,-0.031,-0.008,2.24,-0.08,79.31
9,-1.425,7.301,13.80,0.031,-0.235,-0.095,-0.234,-1.602,0.020,-0.029,-0.007,2.21,-0.06,79.31
9,-1.377,7.403,13.85,0.031,-0.235,-0.095,-0.235,-1.603,0.022,-0.025,-0.006,2.18,-0.05,79.31
9,-1.326,7.500,13.90,0.031,-0.235,-0.094,-0.235,-1.603,0.023,-0.023,-0.006,2.16,-0.03,79.31
9,-1.270,7.593,13.95,0.031,-0.235,-0.093,-0.235,-1.604,0.025,-0.019,-0.005,2.15,-0.02,79.31
9,-1.210,7.680,14.00,0.031,-0.235,-0.066,-0.251,-1.596,0.019,-0.005,-0.008,2.28,0.07,79.41
9,-1.146,7.763,14.05,0.031,-0.235,-0.066,-0.251,-1.596,0.019,-0.005,-0.008,2.28,0.07,79.41
9,-1.078,7.840,14.10,0.031,-0.235,-0.066,-0.252,-1.596,0.018,-0.005,-0.009,2.26,0.05,79.42
9,-1.007,7.912,14.15,0.031,-0.235,-0.067,-0.255,-1.595,0.019,-0.005,-0.010,2.22,0.03,79.43
9,-0.932,7.978,14.20,0.031,-0.235,-0.068,-0.256,-1.594,0.021,-0.005,-0.010,2.17,-0.00,79.43
9,-0.854,8.038,14.25,0.031,-0.235,-0.068,-0.259,-1.593,0.026,-0.005,-0.012,2.11,-0.03,79.44
9,-0.772,8.093,14.30,0.031,-0.235,-0.069,-0.260,-1.593,0.030,-0.006,-0.013,2.06,-0.05,79.44
9,-0.688,8.141,14.35,0.031,-0.235,-0.068,-0.263,-1.592,0.041,-0.007,-0.014,2.03,-0.08,79.44
9,-0.601,8.184,14.40,0.031,-0.235,-0.068,-0.264,-1.592,0.045,-0.008,-0.015,2.01,-0.10,79.43
9,-0.511,8.220,14.45,0.031,-0.235,-0.066,-0.267,-1.593,0.059,-0.009,-0.016,2.01,-0.13,79.43
9,-0.419,8.250,14.50,0.031,-0.235,-0.064,-0.269,-1.593,0.066,-0.009,-0.017,2.03,-0.15,79.41
9,-0.325,8.273,14.55,0.031,-0.235,-0.061,-0.272,-1.593,0.081,-0.010,-0.018,2.07,-0.17,79.40
9,-0.229,8.290,14.60,0.031,-0.235,-0.058,-0.273,-1.593,0.089,-0.011,-0.018,2.14,-0.19,79.39
9,-0.131,8.301,14.65,0.031,-0.235,-0.052,-0.277,-1.594,0.107,-0.012,-0.018,2.22,-0.20,79.37
9,-0.031,8.305,14.70,0.031,-0.235,-0.048,-0.278,-1.595,0.116,-0.013,-0.018,2.33,-0.21,79.35
9,0.069,8.303,14.75,0.031,-0.235,-0.040,-0.281,-1.596,0.132,-0.014,-0.019,2.46,-0.22,79.33
9,0.171,8.294,14.80,0.031,-0.235,-0.036,-0.283,-1.596,0.140,-0.014,-0.019,2.61,-0.23,79.30
9,0.274,8.278,14.85,0.031,-0.235,-0.024,-0.286,-1.597,0.157,-0.015,-0.019,2.76,-0.24,79.28
9,0.378,8.257,14.90,0.031,-0.235,-0.019,-0.288,-1.597,0.164,-0.015,-0.019,2.93,-0.24,79.26
9,0.481,8.228,14.95,0.031,-0.235,-0.007,-0.291,-1.598,0.177,-0.015,-0.019,3.10,-0.24,79.24
9,0.585,8.194,15.00,0.031,-0.235,0.214,-0.284,-1.603,0.129,0.002,-0.018,6.03,0.22,79.42
9,0.689,8.153,15.05,0.031,-0.235,0.214,-0.284,-1.603,0.129,0.002,-0.018,6.03,0.22,79.42
9,0.793,8.106,15.10,0.031,-0.235,0.218,-0.283,-1.603,0.123,0.002,-0.017,6.07,0.23,79.40
9,0.896,8.053,15.15,0.031,-0.235,0.225,-0.283,-1.602,0.111,0.001,-0.017,6.09,0.23,79.39
9,0.999,7.994,15.20,0.031,-0.235,0.228,-0.283,-1.602,0.106,0.001,-0.017,6.11,0.22,79.36
9,1.100,7.930,15.25,0.031,-0.235,0.234,-0.283,-1.601,0.093,0.002,-0.017,6.13,0.21,79.34
9,1.201,7.859,15.30,0.031,-0.235,0.237,-0.283,-1.601,0.088,0.002,-0.017,6.15,0.20,79.32
9,1.300,7.784,15.35,0.031,-0.235,0.242,-0.283,-1.601,0.077,0.003,-0.017,6.16,0.19,79.30
9,1.397,7.702,15.40,0.031,-0.235,0.244,-0.283,-1.600,0.072,0.004,-0.017,6.17,0.18,79.28
9,1.492,7.616,15.45,0.031,-0.235,0.248,-0.282,-1.600,0.061,0.007,-0.018,6.17,0.18,79.27
9,1.586,7.525,15.50,0.031,-0.235,0.249,-0.283,-1.599,0.057,0.008,-0.018,6.18,0.18,79.26
9,1.677,7.429,15.55,0.031,-0.235,0.252,-0.283,-1.599,0.047,0.011,-0.018,6.18,0.18,79.26
9,1.765,7.328,15.60,0.031,-0.235,0.252,-0.283,-1.599,0.043,0.012,-0.018,6.18,0.19,79.25
9,1.851,7.223,15.65,0.031,-0.235,0.254,-0.282,-1.598,0.033,0.016,-0.018,6.18,0.19,79.25
9,1.934,7.114,15.70,0.031,-0.235,0.254,-0.282,-1.598,0.029,0.018,-0.018,6.17,0.21,79.26
9,2.014,7.001,15.75,0.031,-0.235,0.255,-0.282,-1.597,0.021,0.022,-0.019,6.16,0.21,79.26
9,2.091,6.885,15.80,0.031,-0.235,0.255,-0.281,-1.597,0.018,0.024,-0.019,6.14,0.23,79.26
9,2.165,6.765,15.85,0.031,-0.235,0.255,-0.280,-1.596,0.010,0.028,-0.019,6.13,0.25,79.27
9,2.235,6.642,15.90,0.031,-0.235,0.255,-0.280,-1.596,0.007,0.030,-0.019,6.11,0.27,79.28
9,2.301,6.516,15.95,0.031,-0.235,0.254,-0.279,-1.596,0.001,0.033,-0.019,6.09,0.30,79.29
9,2.363,6.388,16.00,0.031,-0.235,0.223,-0.219,-1.609,-0.041,0.058,-0.006,5.75,1.17,79.28
9,2.421,6.258,16.05,0.031,-0.235,0.223,-0.219,-1.609,-0.041,0.058,-0.006,5.75,1.17,79.28
9,2.476,6.125,16.10,0.031,-0.235,0.222,-0.215,-1.609,-0.041,0.055,-0.005,5.75,1.19,79.29
9,2.526,5.991,16.15,0.031,-0.235,0.221,-0.214,-1.609,-0.040,0.054,-0.005,5.75,1.21,79.30
9,2.571,5.856,16.20,0.031,-0.235,0.220,-0.210,-1.609,-0.040,0.051,-0.004,5.75,1.24,79.30
9,2.612,5.719,16.25,0.031,-0.235,0.220,-0.209,-1.609,-0.040,0.049,-0.003,5.76,1.25,79.30
9,2.649,5.582,16.30,0.031,-0.235,0.219,-0.205,-1.609,-0.039,0.047,-0.003,5.77,1.27,79.30
9,2.681,5.445,16.35,0.031,-0.235,0.218,-0.204,-1.609,-0.039,0.045,-0.003,5.79,1.29,79.29
9,2.708,5.307,16.40,0.031,-0.235,0.217,-0.200,-1.609,-0.040,0.042,-0.003,5.80,1.30,79.29
9,2.731,5.169,16.45,0.031,-0.235,0.216,-0.198,-1.608,-0.040,0.041,-0.003,5.81,1.32,79.28
9,2.749,5.032,16.50,0.031,-0.235,0.215,-0.195,-1.608,-0.040,0.039,-0.003,5.82,1.34,79.27
9,2.761,4.896,16.55,0.031,-0.235,0.214,-0.193,-1.608,-0.041,0.038,-0.003,5.82,1.35,79.26
9,2.769,4.760,16.60,0.031,-0.235,0.213,-0.189,-1.608,-0.041,0.035,-0.003,5.83,1.37,79.25
9,2.772,4.626,16.65,0.031,-0.235,0.212,-0.188,-1.608,-0.042,0.033,-0.003,5.83,1.39,79.24
9,2.771,4.494,16.70,0.031,-0.235,0.211,-0.185,-1.608,-0.043,0.030,-0.003,5.83,1.41,79.23
9,2.764,4.364,16.75,0.031,-0.235,0.210,-0.183,-1.608,-0.043,0.029,-0.003,5.84,1.42,79.23
9,2.752,4.236,16.80,0.031,-0.235,0.208,-0.180,-1.608,-0.044,0.025,-0.003,5.83,1.44,79.22
9,2.736,4.110,16.85,0.031,-0.235,0.207,-0.179,-1.608,-0.044,0.024,-0.003,5.83,1.45,79.23
9,2.715,3.988,16.90,0.031,-0.235,0.205,-0.177,-1.609,-0.045,0.020,-0.003,5.83,1.46,79.23
9,2.689,3.868,16.95,0.031,-0.235,0.204,-0.176,-1.609,-0.045,0.018,-0.003,5.83,1.46,79.23
9,2.658,3.752,17.00,0.031,-0.235,0.176,-0.182,-1.622,-0.049,-0.025,0.011,5.87,1.26,79.31
9,2.622,3.639,17.05,0.031,-0.235,0.176,-0.182,-1.622,-0.049,-0.025,0.011,5.87,1.26,79.31
9,2.582,3.530,17.10,0.031,-0.235,0.173,-0.183,-1.622,-0.050,-0.025,0.012,5.87,1.24,79.31
9,2.538,3.426,17.15,0.031,-0.235,0.171,-0.184,-1.622,-0.051,-0.025,0.012,5.87,1.22,79.30
9,2.489,3.325,17.20,0.031,-0.235,0.168,-0.186,-1.622,-0.055,-0.021,0.012,5.89,1.20,79.29
9,2.436,3.230,17.25,0.031,-0.235,0.166,-0.186,-1.622,-0.058,-0.018,0.013,5.91,1.18,79.29
9,2.379,3.139,17.30,0.031,-0.235,0.162,-0.187,-1.622,-0.065,-0.012,0.013,5.93,1.17,79.28
9,2.317,3.053,17.35,0.031,-0.235,0.160,-0.188,-1.622,-0.069,-0.009,0.014,5.94,1.17,79.28
9,2.252,2.972,17.40,0.031,-0.235,0.153,-0.188,-1.622,-0.080,0.001,0.015,5.94,1.18,79.28
9,2.183,2.896,17.45,0.031,-0.235,0.150,-0.188,-1.622,-0.085,0.005,0.016,5.92,1.20,79.28
9,2.111,2.827,17.50,0.031,-0.235,0.143,-0.187,-1.621,-0.097,0.015,0.016,5.87,1.23,79.28
9,2.035,2.762,17.55,0.031,-0.235,0.139,-0.187,-1.621,-0.104,0.020,0.017,5.81,1.26,79.28
9,1.956,2.704,17.60,0.031,-0.235,0.129,-0.185,-1.620,-0.118,0.031,0.018,5.71,1.31,79.28
9,1.873,2.651,17.65,0.031,-0.235,0.125,-0.184,-1.619,-0.124,0.035,0.018,5.61,1.36,79.29
9,1.788,2.605,17.70,0.031,-0.235,0.115,-0.182,-1.618,-0.137,0.045,0.018,5.47,1.41,79.29
9,1.700,2.564,17.75,0.031,-0.235,0.110,-0.181,-1.617,-0.143,0.049,0.018,5.34,1.47,79.30
9,1.610,2.530,17.80,0.031,-0.235,0.097,-0.178,-1.615,-0.156,0.058,0.018,5.17,1.53,79.31
9,1.517,2.503,17.85,0.031,-0.235,0.092,-0.176,-1.614,-0.161,0.062,0.017,5.01,1.59,79.32
9,1.422,2.481,17.90,0.031,-0.235,0.080,-0.172,-1.612,-0.171,0.068,0.017,4.84,1.65,79.33
9,1.325,2.466,17.95,0.031,-0.235,0.074,-0.170,-1.610,-0.175,0.071,0.016,4.67,1.71,79.34
9,1.227,2.458,18.00,0.031,-0.235,-0.127,-0.107,-1.596,-0.118,0.044,-0.005,1.98,2.39,79.44
9,1.127,2.456,18.05,0.031,-0.235,-0.127,-0.107,-1.596,-0.118,0.044,-0.005,1.98,2.39,79.44
9,1.025,2.461,18.10,0.031,-0.235,-0.130,-0.106,-1.596,-0.113,0.042,-0.005,1.93,2.39,79.43
9,0.923,2.472,18.15,0.031,-0.235,-0.136,-0.104,-1.596,-0.102,0.038,-0.005,1.90,2.39,79.42
9,0.820,2.489,18.20,0.031,-0.235,-0.140,-0.103,-1.596,-0.095,0.035,-0.005,1.88,2.39,79.41
9,0.716,2.513,18.25,0.031,-0.235,-0.144,-0.101,-1.596,-0.084,0.031,-0.005,1.86,2.39,79.41
9,0.613,2.543,18.30,0.031,-0.235,-0.146,-0.100,-1.596,-0.078,0.029,-0.005,1.85,2.39,79.40
9,0.508,2.580,18.35,0.031,-0.235,-0.150,-0.099,-1.597,-0.067,0.025,-0.006,1.85,2.39,79.40
9,0.405,2.623,18.40,0.031,-0.235,-0.152,-0.098,-1.597,-0.060,0.022,-0.006,1.85,2.39,79.40
9,0.301,2.671,18.45,0.031,-0.235,-0.154,-0.097,-1.598,-0.049,0.019,-0.006,1.85,2.40,79.40
9,0.198,2.726,18.50,0.031,-0.235,-0.154,-0.096,-1.598,-0.043,0.017,-0.006,1.87,2.40,79.40
9,0.096,2.787,18.55,0.031,-0.235,-0.155,-0.095,-1.599,-0.033,0.013,-0.006,1.89,2.41,79.40
9,-0.005,2.854,18.60,0.031,-0.235,-0.156,-0.095,-1.599,-0.027,0.011,-0.006,1.91,2.41,79.39
9,-0.105,2.926,18.65,0.031,-0.235,-0.156,-0.096,-1.600,-0.018,0.006,-0.005,1.94,2.42,79.38
9,-0.204,3.004,18.70,0.031,-0.235,-0.156,-0.096,-1.600,-0.013,0.004,-0.005,1.96,2.42,79.36
9,-0.300,3.086,18.75,0.031,-0.235,-0.155,-0.097,-1.600,-0.005,-0.001,-0.004,1.99,2.42,79.34
9,-0.395,3.174,18.80,0.031,-0.235,-0.155,-0.098,-1.600,-0.001,-0.004,-0.004,2.03,2.41,79.31
9,-0.488,3.267,18.85,0.031,-0.235,-0.153,-0.100,-1.600,0.006,-0.009,-0.004,2.06,2.40,79.29
9,-0.578,3.365,18.90,0.031,-0.235,-0.152,-0.101,-1.600,0.010,-0.011,-0.004,2.10,2.38,79.26
9,-0.666,3.467,18.95,0.031,-0.235,-0.150,-0.103,-1.600,0.016,-0.015,-0.004,2.13,2.36,79.25
9,-0.751,3.573,19.00,0.031,-0.235,-0.070,-0.141,-1.603,0.039,-0.027,-0.004,2.81,2.14,79.36
9,-0.833,3.684,19.05,0.031,-0.235,-0.070,-0.141,-1.603,0.039,-0.027,-0.004,2.81,2.14,79.36
9,-0.912,3.798,19.10,0.031,-0.235,-0.067,-0.142,-1.603,0.036,-0.026,-0.004,2.82,2.14,79.38
9,-0.988,3.915,19.15,0.031,-0.235,-0.065,-0.143,-1.603,0.035,-0.026,-0.004,2.81,2.16,79.39
9,-1.060,4.036,19.20,0.031,-0.235,-0.062,-0.144,-1.603,0.033,-0.027,-0.004,2.79,2.18,79.40
9,-1.129,4.160,19.25,0.031,-0.235,-0.061,-0.145,-1.604,0.032,-0.029,-0.004,2.77,2.19,79.40
9,-1.194,4.287,19.30,0.031,-0.235,-0.058,-0.146,-1.604,0.031,-0.033,-0.003,2.74,2.20,79.41
9,-1.255,4.415,19.35,0.031,-0.235,-0.056,-0.147,-1.603,0.031,-0.036,-0.003,2.73,2.20,79.41
9,-1.312,4.547,19.40,0.031,-0.235,-0.053,-0.149,-1.603,0.031,-0.044,-0.003,2.71,2.19,79.41
9,-1.364,4.680,19.45,0.031,-0.235,-0.052,-0.151,-1.603,0.031,-0.048,-0.003,2.70,2.17,79.41
9,-1.413,4.814,19.50,0.031,-0.235,-0.050,-0.154,-1.602,0.032,-0.057,-0.003,2.71,2.14,79.40
9,-1.457,4.950,19.55,0.031,-0.235,-0.048,-0.156,-1.602,0.032,-0.062,-0.003,2.72,2.10,79.40
9,-1.497,5.087,19.60,0.031,-0.235,-0.046,-0.161,-1.602,0.031,-0.073,-0.003,2.73,2.04,79.39
9,-1.532,5.224,19.65,0.031,-0.235,-0.046,-0.163,-1.601,0.031,-0.077,-0.003,2.75,1.97,79.38
9,-1.562,5.362,19.70,0.031,-0.235,-0.044,-0.168,-1.601,0.031,-0.087,-0.004,2.78,1.89,79.37
9,-1.588,5.500,19.75,0.031,-0.235,-0.044,-0.171,-1.601,0.030,-0.092,-0.005,2.80,1.81,79.36
9,-1.609,5.637,19.80,0.031,-0.235,-0.042,-0.177,-1.601,0.029,-0.102,-0.005,2.83,1.72,79.35
9,-1.625,5.774,19.85,0.031,-0.235,-0.041,-0.181,-1.601,0.029,-0.106,-0.005,2.85,1.62,79.34
9,-1.636,5.910,19.90,0.031,-0.235,-0.039,-0.187,-1.600,0.028,-0.114,-0.005,2.87,1.51,79.34
9,-1.643,6.045,19.95,0.031,-0.235,-0.038,-0.191,-1.600,0.028,-0.118,-0.006,2.90,1.42,79.35
10,1.001,2.231,0.00,0.031,-0.235,-0.028,-0.305,-1.616,0.013,0.015,0.010,2.75,-0.15,79.36
10,0.972,2.254,0.05,0.031,-0.235,-0.028,-0.305,-1.616,0.013,0.015,0.010,2.75,-0.15,79.36
10,0.943,2.277,0.10,0.031,-0.235,-0.028,-0.305,-1.615,0.012,0.015,0.010,2.74,-0.16,79.37
10,0.914,2.298,0.15,0.031,-0.235,-0.028,-0.304,-1.614,0.012,0.015,0.010,2.73,-0.17,79.37
10,0.884,2.319,0.20,0.031,-0.235,-0.027,-0.304,-1.613,0.011,0.016,0.010,2.73,-0.18,79.37
10,0.853,2.338,0.25,0.031,-0.235,-0.027,-0.303,-1.612,0.010,0.018,0.008,2.73,-0.19,79.37
10,0.822,2.356,0.30,0.031,-0.235,-0.027,-0.303,-1.611,0.009,0.020,0.008,2.74,-0.20,79.37
10,0.791,2.373,0.35,0.031,-0.235,-0.027,-0.302,-1.609,0.007,0.023,0.006,2.74,-0.21,79.37
10,0.759,2.389,0.40,0.031,-0.235,-0.028,-0.302,-1.608,0.006,0.025,0.006,2.74,-0.21,79.37
10,0.728,2.403,0.45,0.031,-0.235,-0.028,-0.301,-1.607,0.004,0.030,0.004,2.74,-0.20,79.37
10,0.696,2.416,0.50,0.031,-0.235,-0.028,-0.299,-1.606,0.002,0.033,0.003,2.74,-0.18,79.36
10,0.664,2.428,0.55,0.031,-0.235,-0.029,-0.297,-1.605,-0.002,0.039,0.002,2.72,-0.16,79.36
10,0.632,2.438,0.60,0.031,-0.235,-0.030,-0.296,-1.604,-0.003,0.043,0.001,2.70,-0.14,79.36
10,0.600,2.447,0.65,0.031,-0.235,-0.031,-0.293,-1.603,-0.006,0.049,-0.000,2.68,-0.10,79.36
10,0.569,2.455,0.70,0.031,-0.235,-0.031,-0.291,-1.602,-0.008,0.053,-0.001,2.65,-0.06,79.36
10,0.537,2.461,0.75,0.031,-0.235,-0.032,-0.287,-1.601,-0.011,0.058,-0.002,2.61,-0.01,79.35
10,0.506,2.466,0.80,0.031,-0.235,-0.033,-0.285,-1.601,-0.013,0.061,-0.003,2.57,0.04,79.35
10,0.476,2.469,0.85,0.031,-0.235,-0.034,-0.280,-1.600,-0.016,0.067,-0.005,2.53,0.10,79.35
10,0.446,2.470,0.90,0.031,-0.235,-0.035,-0.277,-1.600,-0.018,0.070,-0.005,2.49,0.15,79.34
10,0.416,2.471,0.95,0.031,-0.235,-0.036,-0.272,-1.599,-0.020,0.074,-0.006,2.44,0.22,79.34
10,0.387,2.470,1.00,0.031,-0.235,-0.073,-0.187,-1.598,-0.020,0.049,-0.007,1.50,1.13,79.37
10,0.359,2.467,1.05,0.031,-0.235,-0.073,-0.187,-1.598,-0.020,0.049,-0.007,1.50,1.13,79.37
10,0.331,2.463,1.10,0.031,-0.235,-0.074,-0.185,-1.598,-0.019,0.046,-0.007,1.48,1.13,79.36
10,0.304,2.457,1.15,0.031,-0.235,-0.074,-0.182,-1.597,-0.015,0.042,-0.008,1.47,1.13,79.36
10,0.278,2.450,1.20,0.031,-0.235,-0.074,-0.180,-1.596,-0.013,0.040,-0.008,1.46,1.14,79.35
10,0.253,2.442,1.25,0.031,-0.235,-0.073,-0.177,-1.595,-0.010,0.036,-0.009,1.46,1.14,79.35
10,0.229,2.432,1.30,0.031,-0.235,-0.073,-0.175,-1.594,-0.008,0.033,-0.010,1.46,1.14,79.34
10,0.206,2.421,1.35,0.031,-0.235,-0.073,-0.172,-1.593,-0.005,0.029,-0.011,1.46,1.15,79.33
10,0.184,2.408,1.40,0.031,-0.235,-0.072,-0.171,-1.593,-0.003,0.027,-0.012,1.47,1.16,79.33
10,0.163,2.394,1.45,0.031,-0.235,-0.071,-0.168,-1.592,-0.000,0.024,-0.013,1.47,1.16,79.32
10,0.143,2.379,1.50,0.031,-0.235,-0.070,-0.167,-1.591,0.002,0.022,-0.013,1.48,1.17,79.32
10,0.125,2.362,1.55,0.031,-0.235,-0.067,-0.164,-1.591,0.005,0.018,-0.014,1.49,1.18,79.32
10,0.107,2.345,1.60,0.031,-0.235,-0.066,-0.163,-1.590,0.006,0.016,-0.015,1.51,1.19,79.32
10,0.091,2.326,1.65,0.031,-0.235,-0.064,-0.161,-1.590,0.009,0.012,-0.016,1.52,1.19,79.32
10,0.077,2.306,1.70,0.031,-0.235,-0.062,-0.160,-1.589,0.010,0.009,-0.016,1.54,1.20,79.32
10,0.063,2.285,1.75,0.031,-0.235,-0.060,-0.159,-1.589,0.012,0.005,-0.017,1.56,1.20,79.32
10,0.052,2.262,1.80,0.031,-0.235,-0.058,-0.159,-1.589,0.013,0.003,-0.017,1.58,1.20,79.33
10,0.041,2.239,1.85,0.031,-0.235,-0.056,-0.158,-1.590,0.015,-0.001,-0.018,1.60,1.20,79.33
10,0.032,2.215,1.90,0.031,-0.235,-0.054,-0.158,-1.590,0.015,-0.003,-0.018,1.63,1.20,79.34
10,0.024,2.190,1.95,0.031,-0.235,-0.051,-0.158,-1.591,0.016,-0.007,-0.019,1.64,1.19,79.34
10,0.018,2.164,2.00,0.031,-0.235,-0.051,-0.170,-1.605,0.005,-0.030,-0.005,1.48,0.91,79.29
10,0.014,2.138,2.05,0.031,-0.235,-0.051,-0.170,-1.605,0.005,-0.030,-0.005,1.48,0.91,79.29
10,0.011,2.110,2.10,0.031,-0.235,-0.051,-0.170,-1.607,0.007,-0.029,-0.004,1.47,0.91,79.30
10,0.009,2.082,2.15,0.031,-0.235,-0.050,-0.170,-1.607,0.007,-0.029,-0.004,1.46,0.92,79.31
10,0.009,2.054,2.20,0.031,-0.235,-0.050,-0.170,-1.608,0.009,-0.029,-0.003,1.46,0.93,79.31
10,0.010,2.024,2.25,0.031,-0.235,-0.049,-0.170,-1.609,0.010,-0.030,-0.002,1.45,0.94,79.33
10,0.013,1.995,2.30,0.031,-0.235,-0.047,-0.170,-1.610,0.013,-0.031,-0.001,1.45,0.95,79.33
10,0.018,1.965,2.35,0.031,-0.235,-0.047,-0.171,-1.611,0.014,-0.032,-0.001,1.45,0.96,79.34
10,0.024,1.935,2.40,0.031,-0.235,-0.044,-0.172,-1.613,0.017,-0.034,0.001,1.46,0.96,79.35
10,0.031,1.904,2.45,0.031,-0.235,-0.043,-0.172,-1.613,0.018,-0.035,0.002,1.47,0.97,79.37
10,0.040,1.873,2.50,0.031,-0.235,-0.041,-0.174,-1.614,0.020,-0.039,0.003,1.49,0.96,79.37
10,0.050,1.842,2.55,0.031,-0.235,-0.040,-0.175,-1.615,0.021,-0.041,0.004,1.51,0.95,79.38
10,0.062,1.811,2.60,0.031,-0.235,-0.038,-0.177,-1.615,0.023,-0.044,0.005,1.53,0.94,79.38
10,0.075,1.781,2.65,0.031,-0.235,-0.037,-0.178,-1.616,0.023,-0.045,0.005,1.56,0.92,79.39
10,0.090,1.750,2.70,0.031,-0.235,-0.035,-0.181,-1.616,0.024,-0.049,0.006,1.58,0.90,79.38
10,0.106,1.719,2.75,0.031,-0.235,-0.034,-0.182,-1.616,0.024,-0.050,0.007,1.61,0.87,79.38
10,0.123,1.689,2.80,0.031,-0.235,-0.031,-0.185,-1.616,0.025,-0.053,0.007,1.63,0.84,79.38
10,0.141,1.659,2.85,0.031,-0.235,-0.030,-0.187,-1.616,0.025,-0.055,0.007,1.66,0.81,79.37
10,0.161,1.629,2.90,0.031,-0.235,-0.028,-0.191,-1.616,0.025,-0.058,0.008,1.68,0.78,79.37
10,0.182,1.599,2.95,0.031,-0.235,-0.027,-0.193,-1.616,0.025,-0.059,0.008,1.70,0.74,79.36
10,0.204,1.571,3.00,0.031,-0.235,-0.002,-0.263,-1.611,0.002,-0.039,0.002,1.89,0.02,79.32
10,0.227,1.542,3.05,0.031,-0.235,-0.002,-0.263,-1.611,0.002,-0.039,0.002,1.89,0.02,79.32
10,0.251,1.515,3.10,0.031,-0.235,-0.002,-0.266,-1.611,-0.000,-0.034,0.002,1.88,0.01,79.32
10,0.276,1.488,3.15,0.031,-0.235,-0.003,-0.269,-1.611,-0.003,-0.031,0.002,1.86,0.01,79.32
10,0.302,1.462,3.20,0.031,-0.235,-0.004,-0.270,-1.612,-0.004,-0.028,0.002,1.85,0.00,79.32
10,0.328,1.436,3.25,0.031,-0.235,-0.004,-0.271,-1.612,-0.005,-0.027,0.002,1.84,-0.00,79.32
10,0.356,1.412,3.30,0.031,-0.235,-0.006,-0.273,-1.612,-0.008,-0.023,0.003,1.82,-0.01,79.32
10,0.384,1.388,3.35,0.031,-0.235,-0.006,-0.274,-1.612,-0.009,-0.021,0.003,1.80,-0.01,79.32
10,0.413,1.366,3.40,0.031,-0.235,-0.007,-0.276,-1.613,-0.011,-0.017,0.004,1.77,-0.01,79.32
10,0.443,1.344,3.45,0.031,-0.235,-0.008,-0.276,-1.613,-0.012,-0.015,0.004,1.75,-0.01,79.32
10,0.473,1.324,3.50,0.031,-0.235,-0.009,-0.278,-1.613,-0.014,-0.010,0.005,1.72,-0.01,79.32
10,0.503,1.304,3.55,0.031,-0.235,-0.009,-0.278,-1.614,-0.015,-0.009,0.005,1.70,-0.01,79.32
10,0.534,1.286,3.60,0.031,-0.235,-0.010,-0.279,-1.614,-0.016,-0.005,0.005,1.68,0.00,79.32
10,0.566,1.269,3.65,0.031,-0.235,-0.010,-0.279,-1.614,-0.016,-0.003,0.005,1.66,0.00,79.32
10,0.597,1.253,3.70,0.031,-0.235,-0.011,-0.280,-1.614,-0.017,0.000,0.005,1.64,0.02,79.32
10,0.629,1.239,3.75,0.031,-0.235,-0.012,-0.280,-1.614,-0.018,0.002,0.005,1.62,0.02,79.32
10,0.661,1.226,3.80,0.031,-0.235,-0.013,-0.280,-1.613,-0.018,0.005,0.006,1.60,0.03,79.32
10,0.693,1.214,3.85,0.031,-0.235,-0.013,-0.281,-1.613,-0.019,0.006,0.006,1.58,0.04,79.32
10,0.724,1.203,3.90,0.031,-0.235,-0.015,-0.281,-1.612,-0.019,0.009,0.006,1.56,0.05,79.33
10,0.756,1.194,3.95,0.031,-0.235,-0.015,-0.281,-1.612,-0.020,0.010,0.006,1.54,0.05,79.33
10,0.788,1.187,4.00,0.031,-0.235,-0.043,-0.251,-1.596,-0.014,0.024,-0.011,1.06,0.37,79.40
10,0.819,1.181,4.05,0.031,-0.235,-0.043,-0.251,-1.596,-0.014,0.024,-0.011,1.06,0.37,79.40
10,0.850,1.176,4.10,0.031,-0.235,-0.044,-0.251,-1.596,-0.012,0.023,-0.012,1.04,0.37,79.41
10,0.881,1.172,4.15,0.031,-0.235,-0.045,-0.250,-1.596,-0.010,0.021,-0.012,1.03,0.37,79.40
10,0.911,1.171,4.20,0.031,-0.235,-0.045,-0.250,-1.596,-0.008,0.019,-0.012,1.02,0.36,79.40
10,0.940,1.170,4.25,0.031,-0.235,-0.045,-0.250,-1.596,-0.005,0.017,-0.013,1.01,0.35,79.39
10,0.969,1.171,4.30,0.031,-0.235,-0.045,-0.250,-1.596,-0.003,0.015,-0.013,1.02,0.34,79.38
10,0.998,1.174,4.35,0.031,-0.235,-0.045,-0.251,-1.597,-0.000,0.013,-0.013,1.02,0.32,79.37
10,1.026,1.178,4.40,0.031,-0.235,-0.045,-0.251,-1.597,0.001,0.012,-0.013,1.04,0.31,79.36
10,1.052,1.184,4.45,0.031,-0.235,-0.045,-0.251,-1.598,0.004,0.010,-0.012,1.05,0.30,79.35
10,1.078,1.191,4.50,0.031,-0.235,-0.045,-0.251,-1.598,0.005,0.010,-0.012,1.06,0.28,79.34
10,1.104,1.199,4.55,0.031,-0.235,-0.044,-0.251,-1.599,0.008,0.009,-0.012,1.08,0.27,79.34
10,1.128,1.209,4.60,0.031,-0.235,-0.044,-0.251,-1.600,0.009,0.009,-0.011,1.09,0.26,79.33
10,1.151,1.220,4.65,0.031,-0.235,-0.043,-0.251,-1.601,0.010,0.008,-0.011,1.11,0.25,79.32
10,1.173,1.232,4.70,0.031,-0.235,-0.043,-0.250,-1.602,0.012,0.008,-0.010,1.12,0.24,79.31
10,1.194,1.246,4.75,0.031,-0.235,-0.042,-0.249,-1.603,0.014,0.009,-0.009,1.13,0.24,79.31
10,1.214,1.261,4.80,0.031,-0.235,-0.041,-0.249,-1.604,0.015,0.009,-0.009,1.14,0.24,79.31
10,1.232,1.278,4.85,0.031,-0.235,-0.040,-0.248,-1.605,0.016,0.009,-0.008,1.15,0.25,79.30
10,1.250,1.295,4.90,0.031,-0.235,-0.039,-0.248,-1.606,0.017,0.009,-0.007,1.17,0.25,79.30
10,1.266,1.314,4.95,0.031,-0.235,-0.038,-0.247,-1.608,0.019,0.009,-0.005,1.18,0.26,79.30
10,1.281,1.334,5.00,0.031,-0.235,-0.011,-0.238,-1.606,0.018,-0.001,0.002,1.29,0.32,79.32
10,1.294,1.355,5.05,0.031,-0.235,-0.011,-0.238,-1.606,0.018,-0.001,0.002,1.29,0.32,79.32
10,1.306,1.377,5.10,0.031,-0.235,-0.010,-0.239,-1.606,0.017,-0.002,0.001,1.30,0.31,79.32
10,1.317,1.401,5.15,0.031,-0.235,-0.008,-0.240,-1.605,0.017,-0.002,-0.001,1.31,0.30,79.32
10,1.326,1.425,5.20,0.031,-0.235,-0.007,-0.240,-1.605,0.017,-0.003,-0.001,1.32,0.30,79.32
10,1.333,1.450,5.25,0.031,-0.235,-0.005,-0.241,-1.605,0.016,-0.003,-0.003,1.34,0.29,79.32
10,1.340,1.475,5.30,0.031,-0.235,-0.004,-0.242,-1.605,0.016,-0.004,-0.003,1.35,0.28,79.32
10,1.344,1.502,5.35,0.031,-0.235,-0.002,-0.243,-1.606,0.016,-0.004,-0.004,1.36,0.27,79.32
10,1.347,1.529,5.40,0.031,-0.235,-0.001,-0.243,-1.606,0.015,-0.004,-0.004,1.37,0.26,79.32
10,1.349,1.557,5.45,0.031,-0.235,0.000,-0.244,-1.607,0.015,-0.005,-0.003,1.37,0.25,79.32
10,1.349,1.586,5.50,0.031,-0.235,0.002,-0.245,-1.608,0.014,-0.005,-0.003,1.38,0.24,79.33
10,1.348,1.615,5.55,0.031,-0.235,0.003,-0.246,-1.609,0.013,-0.005,-0.003,1.39,0.24,79.33
10,1.345,1.645,5.60,0.031,-0.235,0.004,-0.247,-1.610,0.013,-0.005,-0.002,1.40,0.23,79.33
10,1.341,1.675,5.65,0.031,-0.235,0.005,-0.247,-1.611,0.011,-0.005,-0.001,1.41,0.22,79.33
10,1.335,1.705,5.70,0.031,-0.235,0.006,-0.248,-1.612,0.010,-0.005,-0.001,1.41,0.21,79.33
10,1.327,1.735,5.75,0.031,-0.235,0.006,-0.248,-1.613,0.008,-0.004,0.000,1.42,0.20,79.33
10,1.319,1.766,5.80,0.031,-0.235,0.006,-0.248,-1.613,0.007,-0.004,0.001,1.42,0.19,79.33
10,1.308,1.797,5.85,0.031,-0.235,0.006,-0.248,-1.614,0.005,-0.003,0.002,1.41,0.19,79.32
10,1.297,1.828,5.90,0.031,-0.235,0.006,-0.248,-1.614,0.004,-0.002,0.003,1.40,0.18,79.32
10,1.284,1.859,5.95,0.031,-0.235,0.006,-0.247,-1.614,0.001,-0.000,0.004,1.39,0.18,79.32
10,1.269,1.890,6.00,0.031,-0.235,-0.018,-0.224,-1.607,0.004,0.002,0.001,0.96,0.39,79.32
10,1.253,1.920,6.05,0.031,-0.235,-0.018,-0.224,-1.607,0.004,0.002,0.001,0.96,0.39,79.32
10,1.236,1.951,6.10,0.031,-0.235,-0.016,-0.224,-1.606,0.008,0.000,-0.000,0.97,0.39,79.32
10,1.218,1.981,6.15,0.031,-0.235,-0.016,-0.224,-1.606,0.009,-0.001,-0.001,0.99,0.38,79.33
10,1.198,2.011,6.20,0.031,-0.235,-0.014,-0.225,-1.605,0.012,-0.003,-0.002,1.01,0.38,79.33
10,1.178,2.040,6.25,0.031,-0.235,-0.014,-0.225,-1.605,0.013,-0.004,-0.002,1.03,0.37,79.33
10,1.156,2.069,6.30,0.031,-0.235,-0.011,-0.225,-1.604,0.016,-0.006,-0.003,1.05,0.37,79.33
10,1.133,2.097,6.35,0.031,-0.235,-0.010,-0.226,-1.604,0.017,-0.007,-0.003,1.08,0.36,79.34
10,1.109,2.125,6.40,0.031,-0.235,-0.008,-0.226,-1.604,0.019,-0.008,-0.004,1.11,0.35,79.34
10,1.084,2.152,6.45,0.031,-0.235,-0.006,-0.227,-1.604,0.020,-0.009,-0.004,1.14,0.34,79.34
10,1.058,2.178,6.50,0.031,-0.235,-0.004,-0.228,-1.605,0.022,-0.010,-0.004,1.17,0.33,79.34
10,1.031,2.203,6.55,0.031,-0.235,-0.002,-0.228,-1.606,0.023,-0.011,-0.004,1.20,0.32,79.34
10,1.004,2.228,6.60,0.031,-0.235,0.000,-0.228,-1.607,0.024,-0.011,-0.004,1.23,0.31,79.34
10,0.976,2.252,6.65,0.031,-0.235,0.002,-0.228,-1.607,0.024,-0.011,-0.004,1.26,0.30,79.34
10,0.947,2.274,6.70,0.031,-0.235,0.004,-0.229,-1.609,0.024,-0.011,-0.003,1.29,0.30,79.34
10,0.917,2.296,6.75,0.031,-0.235,0.005,-0.229,-1.609,0.024,-0.011,-0.003,1.31,0.29,79.34
10,0.887,2.316,6.80,0.031,-0.235,0.008,-0.229,-1.610,0.023,-0.011,-0.001,1.33,0.29,79.34
10,0.857,2.336,6.85,0.031,-0.235,0.009,-0.229,-1.611,0.023,-0.010,-0.001,1.35,0.29,79.34
10,0.826,2.354,6.90,0.031,-0.235,0.011,-0.229,-1.611,0.022,-0.009,0.000,1.37,0.29,79.34
10,0.794,2.371,6.95,0.031,-0.235,0.012,-0.229,-1.611,0.021,-0.009,0.001,1.38,0.30,79.33
10,0.763,2.387,7.00,0.031,-0.235,0.027,-0.233,-1.604,-0.003,-0.012,-0.005,1.35,0.30,79.33
10,0.731,2.402,7.05,0.031,-0.235,0.027,-0.233,-1.604,-0.003,-0.012,-0.005,1.35,0.30,79.33
10,0.699,2.415,7.10,0.031,-0.235,0.027,-0.233,-1.604,-0.004,-0.011,-0.005,1.35,0.28,79.33
10,0.667,2.427,7.15,0.031,-0.235,0.026,-0.234,-1.604,-0.005,-0.011,-0.005,1.34,0.27,79.33
10,0.636,2.437,7.20,0.031,-0.235,0.026,-0.234,-1.604,-0.005,-0.011,-0.005,1.33,0.26,79.33
10,0.604,2.446,7.25,0.031,-0.235,0.025,-0.235,-1.604,-0.004,-0.010,-0.005,1.31,0.24,79.33
10,0.572,2.454,7.30,0.031,-0.235,0.025,-0.236,-1.604,-0.004,-0.010,-0.005,1.30,0.23,79.34
10,0.541,2.460,7.35,0.031,-0.235,0.024,-0.236,-1.604,-0.003,-0.008,-0.005,1.29,0.22,79.33
10,0.510,2.465,7.40,0.031,-0.235,0.024,-0.237,-1.605,-0.002,-0.007,-0.005,1.28,0.22,79.33
10,0.479,2.468,7.45,0.031,-0.235,0.023,-0.237,-1.605,0.000,-0.005,-0.005,1.28,0.21,79.33
10,0.449,2.470,7.50,0.031,-0.235,0.023,-0.237,-1.605,0.002,-0.004,-0.005,1.27,0.22,79.33
10,0.419,2.471,7.55,0.031,-0.235,0.023,-0.236,-1.606,0.004,-0.002,-0.005,1.27,0.22,79.32
10,0.390,2.470,7.60,0.031,-0.235,0.023,-0.236,-1.606,0.005,-0.000,-0.005,1.28,0.23,79.32
10,0.362,2.467,7.65,0.031,-0.235,0.023,-0.236,-1.606,0.008,0.002,-0.004,1.28,0.24,79.31
10,0.334,2.463,7.70,0.031,-0.235,0.023,-0.236,-1.606,0.009,0.003,-0.004,1.29,0.26,79.31
10,0.307,2.458,7.75,0.031,-0.235,0.023,-0.236,-1.607,0.012,0.005,-0.004,1.30,0.28,79.31
10,0.281,2.451,7.80,0.031,-0.235,0.023,-0.236,-1.607,0.013,0.006,-0.004,1.32,0.29,79.31
10,0.256,2.443,7.85,0.031,-0.235,0.023,-0.236,-1.607,0.016,0.007,-0.003,1.33,0.31,79.31
10,0.232,2.433,7.90,0.031,-0.235,0.024,-0.236,-1.608,0.017,0.008,-0.003,1.35,0.33,79.31
10,0.208,2.422,7.95,0.031,-0.235,0.024,-0.236,-1.608,0.019,0.009,-0.002,1.36,0.35,79.31
10,0.186,2.409,8.00,0.031,-0.235,0.043,-0.228,-1.604,0.023,0.026,-0.007,1.71,0.64,79.34
10,0.165,2.396,8.05,0.031,-0.235,0.043,-0.228,-1.604,0.023,0.026,-0.007,1.71,0.64,79.34
10,0.145,2.381,8.10,0.031,-0.235,0.044,-0.226,-1.604,0.023,0.027,-0.007,1.70,0.67,79.34
10,0.127,2.364,8.15,0.031,-0.235,0.044,-0.224,-1.605,0.022,0.027,-0.006,1.70,0.69,79.34
10,0.109,2.347,8.20,0.031,-0.235,0.044,-0.223,-1.606,0.021,0.026,-0.006,1.70,0.72,79.34
10,0.093,2.328,8.25,0.031,-0.235,0.045,-0.221,-1.607,0.020,0.025,-0.005,1.69,0.74,79.34
10,0.078,2.308,8.30,0.031,-0.235,0.046,-0.220,-1.608,0.020,0.024,-0.005,1.69,0.77,79.34
10,0.065,2.287,8.35,0.031,-0.235,0.047,-0.218,-1.609,0.020,0.022,-0.004,1.69,0.78,79.34
10,0.053,2.265,8.40,0.031,-0.235,0.048,-0.218,-1.610,0.020,0.020,-0.003,1.69,0.80,79.33
10,0.042,2.242,8.45,0.031,-0.235,0.049,-0.217,-1.611,0.020,0.017,-0.002,1.69,0.81,79.33
10,0.033,2.218,8.50,0.031,-0.235,0.050,-0.217,-1.612,0.019,0.015,-0.001,1.70,0.82,79.33
10,0.025,2.193,8.55,0.031,-0.235,0.051,-0.216,-1.614,0.019,0.012,0.000,1.71,0.82,79.32
10,0.019,2.167,8.60,0.031,-0.235,0.052,-0.216,-1.614,0.019,0.010,0.001,1.72,0.81,79.32
10,0.014,2.141,8.65,0.031,-0.235,0.054,-0.217,-1.615,0.019,0.006,0.003,1.73,0.80,79.32
10,0.011,2.113,8.70,0.031,-0.235,0.055,-0.217,-1.616,0.019,0.004,0.004,1.75,0.79,79.32
10,0.009,2.085,8.75,0.031,-0.235,0.057,-0.218,-1.616,0.018,0.000,0.005,1.77,0.78,79.32
10,0.009,2.057,8.80,0.031,-0.235,0.058,-0.218,-1.616,0.018,-0.002,0.006,1.79,0.75,79.31
10,0.010,2.028,8.85,0.031,-0.235,0.060,-0.219,-1.615,0.017,-0.005,0.006,1.80,0.74,79.31
10,0.013,1.998,8.90,0.031,-0.235,0.061,-0.219,-1.615,0.017,-0.007,0.007,1.83,0.71,79.31
10,0.017,1.968,8.95,0.031,-0.235,0.063,-0.220,-1.615,0.016,-0.009,0.007,1.84,0.69,79.31
10,0.023,1.938,9.00,0.031,-0.235,0.094,-0.243,-1.617,-0.020,-0.016,0.009,2.14,0.35,79.32
10,0.030,1.907,9.05,0.031,-0.235,0.094,-0.243,-1.617,-0.020,-0.016,0.009,2.14,0.35,79.32
10,0.039,1.877,9.10,0.031,-0.235,0.093,-0.244,-1.616,-0.023,-0.014,0.009,2.12,0.34,79.31
10,0.049,1.846,9.15,0.031,-0.235,0.092,-0.244,-1.616,-0.025,-0.013,0.008,2.10,0.34,79.30
10,0.061,1.815,9.20,0.031,-0.235,0.090,-0.244,-1.615,-0.028,-0.012,0.008,2.08,0.33,79.30
10,0.074,1.784,9.25,0.031,-0.235,0.089,-0.244,-1.615,-0.030,-0.011,0.008,2.06,0.33,79.29
10,0.088,1.753,9.30,0.031,-0.235,0.088,-0.243,-1.614,-0.032,-0.009,0.007,2.04,0.34,79.28
10,0.104,1.723,9.35,0.031,-0.235,0.087,-0.243,-1.614,-0.033,-0.008,0.007,2.01,0.34,79.28
10,0.121,1.692,9.40,0.031,-0.235,0.086,-0.242,-1.614,-0.035,-0.007,0.006,1.99,0.35,79.27
10,0.139,1.662,9.45,0.031,-0.235,0.085,-0.242,-1.613,-0.036,-0.006,0.006,1.97,0.35,79.27
10,0.159,1.632,9.50,0.031,-0.235,0.084,-0.241,-1.613,-0.037,-0.006,0.006,1.95,0.36,79.27
10,0.179,1.603,9.55,0.031,-0.235,0.083,-0.240,-1.613,-0.038,-0.005,0.006,1.92,0.37,79.27
10,0.201,1.574,9.60,0.031,-0.235,0.082,-0.239,-1.613,-0.039,-0.005,0.005,1.91,0.37,79.27
10,0.224,1.546,9.65,0.031,-0.235,0.081,-0.238,-1.614,-0.040,-0.004,0.005,1.89,0.38,79.27
10,0.248,1.518,9.70,0.031,-0.235,0.079,-0.237,-1.614,-0.041,-0.004,0.005,1.87,0.39,79.27
10,0.273,1.491,9.75,0.031,-0.235,0.078,-0.236,-1.614,-0.042,-0.004,0.005,1.86,0.39,79.27
10,0.299,1.465,9.80,0.031,-0.235,0.076,-0.235,-1.615,-0.043,-0.004,0.005,1.84,0.40,79.28
10,0.325,1.439,9.85,0.031,-0.235,0.074,-0.234,-1.615,-0.044,-0.004,0.005,1.82,0.41,79.27
10,0.353,1.414,9.90,0.031,-0.235,0.072,-0.232,-1.615,-0.046,-0.004,0.005,1.80,0.41,79.27
10,0.381,1.391,9.95,0.031,-0.235,0.070,-0.231,-1.616,-0.046,-0.003,0.006,1.77,0.42,79.27
10,0.410,1.368,10.00,0.031,-0.235,0.026,-0.224,-1.616,-0.029,-0.027,0.011,1.40,0.29,79.34
10,0.439,1.346,10.05,0.031,-0.235,0.026,-0.224,-1.616,-0.029,-0.027,0.011,1.40,0.29,79.34
10,0.469,1.326,10.10,0.031,-0.235,0.023,-0.226,-1.615,-0.027,-0.029,0.010,1.40,0.27,79.34
10,0.500,1.306,10.15,0.031,-0.235,0.022,-0.228,-1.614,-0.026,-0.029,0.010,1.40,0.24,79.33
10,0.531,1.288,10.20,0.031,-0.235,0.020,-0.230,-1.613,-0.025,-0.030,0.009,1.40,0.22,79.33
10,0.562,1.271,10.25,0.031,-0.235,0.019,-0.233,-1.612,-0.025,-0.031,0.008,1.41,0.19,79.33
10,0.594,1.255,10.30,0.031,-0.235,0.016,-0.236,-1.611,-0.024,-0.032,0.007,1.41,0.17,79.32
10,0.625,1.240,10.35,0.031,-0.235,0.015,-0.238,-1.611,-0.024,-0.032,0.006,1.41,0.14,79.32
10,0.657,1.227,10.40,0.031,-0.235,0.013,-0.242,-1.610,-0.024,-0.032,0.005,1.40,0.10,79.31
10,0.689,1.215,10.45,0.031,-0.235,0.011,-0.244,-1.609,-0.024,-0.031,0.004,1.40,0.07,79.31
10,0.721,1.204,10.50,0.031,-0.235,0.008,-0.248,-1.609,-0.023,-0.030,0.003,1.39,0.04,79.30
10,0.753,1.195,10.55,0.031,-0.235,0.007,-0.250,-1.608,-0.024,-0.029,0.003,1.38,0.01,79.30
10,0.784,1.187,10.60,0.031,-0.235,0.004,-0.254,-1.608,-0.024,-0.027,0.002,1.37,-0.02,79.29
10,0.816,1.181,10.65,0.031,-0.235,0.002,-0.256,-1.607,-0.024,-0.026,0.001,1.36,-0.05,79.29
10,0.847,1.176,10.70,0.031,-0.235,-0.001,-0.259,-1.606,-0.023,-0.023,0.000,1.34,-0.07,79.29
10,0.877,1.173,10.75,0.031,-0.235,-0.002,-0.261,-1.606,-0.023,-0.021,-0.000,1.32,-0.09,79.29
10,0.907,1.171,10.80,0.031,-0.235,-0.004,-0.263,-1.605,-0.022,-0.017,-0.001,1.30,-0.10,79.29
10,0.937,1.170,10.85,0.031,-0.235,-0.006,-0.265,-1.605,-0.021,-0.015,-0.001,1.28,-0.12,79.29
10,0.966,1.171,10.90,0.031,-0.235,-0.008,-0.267,-1.604,-0.020,-0.011,-0.002,1.26,-0.12,79.29
10,0.995,1.174,10.95,0.031,-0.235,-0.008,-0.267,-1.603,-0.019,-0.009,-0.003,1.24,-0.13,79.29
10,1.022,1.178,11.00,0.031,-0.235,-0.023,-0.226,-1.598,0.004,0.034,-0.009,0.97,0.53,79.38
10,1.049,1.183,11.05,0.031,-0.235,-0.023,-0.226,-1.598,0.004,0.034,-0.009,0.97,0.53,79.38
10,1.076,1.190,11.10,0.031,-0.235,-0.023,-0.224,-1.598,0.004,0.033,-0.009,0.97,0.56,79.38
10,1.101,1.198,11.15,0.031,-0.235,-0.024,-0.221,-1.598,0.005,0.031,-0.010,0.96,0.58,79.37
10,1.125,1.208,11.20,0.031,-0.235,-0.025,-0.220,-1.597,0.006,0.030,-0.010,0.95,0.60,79.37
10,1.148,1.219,11.25,0.031,-0.235,-0.025,-0.217,-1.597,0.007,0.027,-0.010,0.95,0.61,79.36
10,1.171,1.231,11.30,0.031,-0.235,-0.026,-0.216,-1.597,0.007,0.025,-0.010,0.94,0.62,79.36
10,1.192,1.245,11.35,0.031,-0.235,-0.027,-0.214,-1.596,0.008,0.022,-0.011,0.94,0.63,79.35
10,1.212,1.260,11.40,0.031,-0.235,-0.027,-0.213,-1.596,0.009,0.021,-0.011,0.93,0.63,79.34
10,1.230,1.276,11.45,0.031,-0.235,-0.029,-0.212,-1.596,0.010,0.017,-0.012,0.93,0.64,79.33
10,1.248,1.293,11.50,0.031,-0.235,-0.029,-0.212,-1.596,0.010,0.015,-0.012,0.92,0.64,79.32
10,1.264,1.312,11.55,0.031,-0.235,-0.031,-0.211,-1.597,0.011,0.012,-0.012,0.92,0.63,79.31
10,1.279,1.332,11.60,0.031,-0.235,-0.031,-0.211,-1.597,0.012,0.010,-0.012,0.91,0.62,79.30
10,1.293,1.353,11.65,0.031,-0.235,-0.032,-0.211,-1.598,0.013,0.006,-0.012,0.90,0.61,79.30
10,1.305,1.375,11.70,0.031,-0.235,-0.033,-0.211,-1.598,0.014,0.004,-0.012,0.90,0.59,79.29
10,1.315,1.398,11.75,0.031,-0.235,-0.033,-0.212,-1.598,0.015,0.001,-0.012,0.90,0.57,79.28
10,1.325,1.422,11.80,0.031,-0.235,-0.033,-0.212,-1.598,0.016,-0.000,-0.011,0.90,0.55,79.28
10,1.333,1.447,11.85,0.031,-0.235,-0.034,-0.213,-1.599,0.017,-0.004,-0.011,0.90,0.53,79.28
10,1.339,1.473,11.90,0.031,-0.235,-0.034,-0.214,-1.599,0.018,-0.005,-0.010,0.90,0.51,79.27
10,1.344,1.499,11.95,0.031,-0.235,-0.034,-0.215,-1.599,0.020,-0.008,-0.010,0.90,0.49,79.27
10,1.347,1.526,12.00,0.031,-0.235,-0.004,-0.213,-1.597,0.029,-0.006,-0.009,1.21,0.50,79.36
10,1.349,1.554,12.05,0.031,-0.235,-0.004,-0.213,-1.597,0.029,-0.006,-0.009,1.21,0.50,79.36
10,1.349,1.583,12.10,0.031,-0.235,-0.004,-0.213,-1.596,0.027,-0.007,-0.011,1.20,0.50,79.35
10,1.348,1.612,12.15,0.031,-0.235,-0.004,-0.213,-1.596,0.025,-0.007,-0.011,1.20,0.50,79.34
10,1.345,1.641,12.20,0.031,-0.235,-0.004,-0.213,-1.596,0.023,-0.007,-0.012,1.19,0.50,79.33
10,1.341,1.671,12.25,0.031,-0.235,-0.004,-0.213,-1.596,0.022,-0.007,-0.012,1.18,0.49,79.32
10,1.336,1.701,12.30,0.031,-0.235,-0.005,-0.213,-1.595,0.020,-0.006,-0.013,1.16,0.48,79.31
10,1.328,1.732,12.35,0.031,-0.235,-0.006,-0.213,-1.595,0.019,-0.006,-0.013,1.15,0.48,79.31
10,1.320,1.763,12.40,0.031,-0.235,-0.007,-0.213,-1.594,0.018,-0.004,-0.013,1.13,0.48,79.30
10,1.310,1.794,12.45,0.031,-0.235,-0.007,-0.212,-1.594,0.017,-0.003,-0.013,1.11,0.48,79.29
10,1.298,1.824,12.50,0.031,-0.235,-0.009,-0.211,-1.594,0.017,-0.002,-0.014,1.09,0.48,79.29
10,1.285,1.855,12.55,0.031,-0.235,-0.009,-0.211,-1.593,0.016,-0.000,-0.014,1.07,0.49,79.29
10,1.271,1.886,12.60,0.031,-0.235,-0.010,-0.210,-1.593,0.016,0.002,-0.015,1.06,0.50,79.28
10,1.255,1.917,12.65,0.031,-0.235,-0.011,-0.209,-1.593,0.016,0.003,-0.015,1.04,0.51,79.28
10,1.238,1.947,12.70,0.031,-0.235,-0.012,-0.208,-1.594,0.016,0.005,-0.015,1.02,0.53,79.28
10,1.220,1.978,12.75,0.031,-0.235,-0.012,-0.207,-1.594,0.017,0.006,-0.016,1.00,0.55,79.28
10,1.201,2.007,12.80,0.031,-0.235,-0.012,-0.206,-1.595,0.018,0.008,-0.015,0.99,0.57,79.29
10,1.180,2.037,12.85,0.031,-0.235,-0.012,-0.206,-1.595,0.019,0.009,-0.015,0.97,0.60,79.29
10,1.158,2.066,12.90,0.031,-0.235,-0.012,-0.205,-1.596,0.020,0.010,-0.015,0.97,0.62,79.29
10,1.135,2.094,12.95,0.031,-0.235,-0.012,-0.204,-1.596,0.021,0.011,-0.015,0.96,0.64,79.30
10,1.112,2.122,13.00,0.031,-0.235,0.024,-0.188,-1.606,0.028,0.007,-0.006,1.26,1.07,79.32
10,1.087,2.149,13.05,0.031,-0.235,0.024,-0.188,-1.606,0.028,0.007,-0.006,1.26,1.07,79.32
10,1.061,2.175,13.10,0.031,-0.235,0.026,-0.188,-1.607,0.026,0.006,-0.005,1.28,1.07,79.32
10,1.034,2.201,13.15,0.031,-0.235,0.027,-0.188,-1.608,0.025,0.005,-0.005,1.29,1.07,79.31
10,1.007,2.225,13.20,0.031,-0.235,0.028,-0.189,-1.609,0.023,0.004,-0.004,1.29,1.07,79.31
10,0.979,2.249,13.25,0.031,-0.235,0.029,-0.189,-1.610,0.022,0.004,-0.003,1.29,1.06,79.31
10,0.950,2.272,13.30,0.031,-0.235,0.030,-0.189,-1.611,0.020,0.003,-0.002,1.29,1.06,79.31
10,0.920,2.294,13.35,0.031,-0.235,0.030,-0.190,-1.612,0.019,0.002,-0.001,1.29,1.06,79.31
10,0.890,2.314,13.40,0.031,-0.235,0.031,-0.190,-1.612,0.017,0.001,0.001,1.28,1.06,79.31
10,0.860,2.334,13.45,0.031,-0.235,0.031,-0.190,-1.613,0.016,0.001,0.001,1.27,1.05,79.31
10,0.829,2.352,13.50,0.031,-0.235,0.032,-0.191,-1.613,0.015,-0.000,0.002,1.26,1.05,79.31
10,0.798,2.369,13.55,0.031,-0.235,0.032,-0.191,-1.613,0.015,-0.001,0.003,1.25,1.04,79.31
10,0.766,2.385,13.60,0.031,-0.235,0.033,-0.191,-1.614,0.015,-0.001,0.004,1.25,1.04,79.31
10,0.735,2.400,13.65,0.031,-0.235,0.034,-0.191,-1.614,0.015,-0.001,0.004,1.24,1.04,79.31
10,0.703,2.413,13.70,0.031,-0.235,0.035,-0.190,-1.614,0.015,-0.001,0.005,1.24,1.04,79.31
10,0.671,2.425,13.75,0.031,-0.235,0.036,-0.190,-1.614,0.015,-0.001,0.005,1.24,1.04,79.30
10,0.639,2.436,13.80,0.031,-0.235,0.037,-0.190,-1.614,0.016,-0.001,0.005,1.25,1.04,79.30
10,0.607,2.445,13.85,0.031,-0.235,0.038,-0.189,-1.614,0.016,-0.001,0.005,1.26,1.05,79.29
10,0.576,2.453,13.90,0.031,-0.235,0.039,-0.188,-1.614,0.016,-0.001,0.006,1.27,1.06,79.29
10,0.544,2.460,13.95,0.031,-0.235,0.039,-0.188,-1.614,0.017,-0.001,0.006,1.28,1.07,79.29
10,0.513,2.465,14.00,0.031,-0.235,0.070,-0.200,-1.625,0.011,-0.029,0.014,1.67,1.04,79.37
10,0.483,2.468,14.05,0.031,-0.235,0.070,-0.200,-1.625,0.011,-0.029,0.014,1.67,1.04,79.37
10,0.452,2.470,14.10,0.031,-0.235,0.071,-0.202,-1.625,0.010,-0.029,0.014,1.68,1.01,79.36
10,0.423,2.471,14.15,0.031,-0.235,0.072,-0.205,-1.626,0.008,-0.029,0.015,1.69,0.98,79.36
10,0.394,2.470,14.20,0.031,-0.235,0.072,-0.207,-1.626,0.007,-0.029,0.016,1.70,0.95,79.36
10,0.365,2.468,14.25,0.031,-0.235,0.073,-0.209,-1.626,0.005,-0.028,0.016,1.71,0.92,79.35
10,0.337,2.464,14.30,0.031,-0.235,0.074,-0.211,-1.627,0.005,-0.027,0.017,1.71,0.91,79.35
10,0.310,2.459,14.35,0.031,-0.235,0.075,-0.213,-1.627,0.003,-0.026,0.017,1.72,0.89,79.35
10,0.284,2.452,14.40,0.031,-0.235,0.075,-0.215,-1.627,0.002,-0.025,0.018,1.72,0.88,79.34
10,0.259,2.444,14.45,0.031,-0.235,0.076,-0.217,-1.626,0.000,-0.023,0.018,1.72,0.87,79.34
10,0.234,2.434,14.50,0.031,-0.235,0.076,-0.218,-1.626,-0.001,-0.022,0.018,1.73,0.86,79.33
10,0.211,2.423,14.55,0.031,-0.235,0.076,-0.220,-1.626,-0.003,-0.020,0.019,1.73,0.85,79.33
10,0.189,2.411,14.60,0.031,-0.235,0.075,-0.221,-1.625,-0.004,-0.019,0.019,1.73,0.84,79.32
10,0.168,2.397,14.65,0.031,-0.235,0.074,-0.222,-1.625,-0.007,-0.018,0.018,1.72,0.84,79.32
10,0.148,2.382,14.70,0.031,-0.235,0.074,-0.223,-1.624,-0.008,-0.017,0.018,1.72,0.84,79.32
10,0.129,2.366,14.75,0.031,-0.235,0.072,-0.225,-1.624,-0.011,-0.015,0.018,1.70,0.83,79.32
10,0.111,2.349,14.80,0.031,-0.235,0.071,-0.226,-1.623,-0.013,-0.014,0.017,1.69,0.83,79.32
10,0.095,2.330,14.85,0.031,-0.235,0.069,-0.228,-1.622,-0.015,-0.013,0.016,1.67,0.82,79.32
10,0.080,2.310,14.90,0.031,-0.235,0.068,-0.229,-1.622,-0.016,-0.012,0.016,1.65,0.81,79.32
10,0.066,2.289,14.95,0.031,-0.235,0.066,-0.230,-1.621,-0.017,-0.010,0.015,1.62,0.81,79.32
10,0.054,2.267,15.00,0.031,-0.235,0.049,-0.248,-1.608,-0.003,0.008,0.001,1.48,0.81,79.33
10,0.043,2.244,15.05,0.031,-0.235,0.049,-0.248,-1.608,-0.003,0.008,0.001,1.48,0.81,79.33
10,0.034,2.221,15.10,0.031,-0.235,0.050,-0.249,-1.608,-0.002,0.008,0.000,1.50,0.81,79.33
10,0.026,2.196,15.15,0.031,-0.235,0.050,-0.250,-1.608,-0.001,0.008,-0.000,1.52,0.81,79.32
10,0.020,2.170,15.20,0.031,-0.235,0.051,-0.252,-1.608,0.001,0.007,-0.001,1.53,0.80,79.32
10,0.015,2.144,15.25,0.031,-0.235,0.052,-0.253,-1.609,0.002,0.007,-0.001,1.54,0.80,79.31
10,0.011,2.116,15.30,0.031,-0.235,0.053,-0.254,-1.609,0.003,0.007,-0.001,1.56,0.80,79.31
10,0.009,2.089,15.35,0.031,-0.235,0.053,-0.254,-1.610,0.004,0.006,-0.001,1.57,0.79,79.30
10,0.009,2.060,15.40,0.031,-0.235,0.054,-0.255,-1.610,0.005,0.006,-0.000,1.59,0.79,79.30
10,0.010,2.031,15.45,0.031,-0.235,0.055,-0.255,-1.611,0.005,0.006,-0.000,1.61,0.78,79.30
10,0.013,2.002,15.50,0.031,-0.235,0.056,-0.255,-1.612,0.006,0.006,0.000,1.62,0.77,79.29
10,0.017,1.972,15.55,0.031,-0.235,0.056,-0.255,-1.612,0.006,0.006,0.001,1.64,0.77,79.29
10,0.022,1.941,15.60,0.031,-0.235,0.056,-0.254,-1.613,0.006,0.005,0.001,1.65,0.77,79.30
10,0.029,1.911,15.65,0.031,-0.235,0.056,-0.253,-1.613,0.005,0.005,0.002,1.66,0.77,79.30
10,0.038,1.880,15.70,0.031,-0.235,0.056,-0.252,-1.613,0.005,0.005,0.003,1.67,0.77,79.30
10,0.048,1.849,15.75,0.031,-0.235,0.056,-0.251,-1.613,0.005,0.004,0.003,1.68,0.76,79.31
10,0.059,1.818,15.80,0.031,-0.235,0.055,-0.249,-1.614,0.004,0.004,0.004,1.68,0.76,79.31
10,0.072,1.787,15.85,0.031,-0.235,0.055,-0.248,-1.614,0.004,0.004,0.004,1.68,0.77,79.32
10,0.087,1.757,15.90,0.031,-0.235,0.054,-0.246,-1.614,0.003,0.004,0.004,1.68,0.77,79.33
10,0.102,1.726,15.95,0.031,-0.235,0.054,-0.245,-1.614,0.002,0.004,0.004,1.67,0.78,79.33
10,0.119,1.695,16.00,0.031,-0.235,0.046,-0.259,-1.610,0.001,-0.032,0.000,1.75,0.33,79.31
10,0.137,1.665,16.05,0.031,-0.235,0.046,-0.259,-1.610,0.001,-0.032,0.000,1.75,0.33,79.31
10,0.156,1.635,16.10,0.031,-0.235,0.046,-0.261,-1.611,0.000,-0.032,0.001,1.75,0.31,79.31
10,0.177,1.606,16.15,0.031,-0.235,0.046,-0.262,-1.612,0.000,-0.031,0.001,1.75,0.28,79.31
10,0.199,1.577,16.20,0.031,-0.235,0.047,-0.264,-1.612,-0.000,-0.031,0.002,1.76,0.27,79.31
10,0.221,1.549,16.25,0.031,-0.235,0.047,-0.265,-1.613,-0.000,-0.030,0.002,1.76,0.25,79.32
10,0.245,1.521,16.30,0.031,-0.235,0.047,-0.267,-1.613,-0.001,-0.029,0.003,1.77,0.23,79.32
10,0.270,1.494,16.35,0.031,-0.235,0.048,-0.267,-1.613,-0.001,-0.028,0.003,1.78,0.22,79.32
10,0.296,1.467,16.40,0.031,-0.235,0.048,-0.268,-1.614,-0.003,-0.026,0.003,1.78,0.21,79.33
10,0.322,1.442,16.45,0.031,-0.235,0.048,-0.269,-1.614,-0.003,-0.025,0.004,1.79,0.20,79.33
10,0.350,1.417,16.50,0.031,-0.235,0.049,-0.269,-1.615,-0.005,-0.022,0.004,1.80,0.19,79.33
10,0.378,1.393,16.55,0.031,-0.235,0.049,-0.269,-1.616,-0.006,-0.021,0.005,1.80,0.19,79.33
10,0.407,1.371,16.60,0.031,-0.235,0.049,-0.269,-1.617,-0.008,-0.019,0.006,1.80,0.19,79.33
10,0.436,1.349,16.65,0.031,-0.235,0.048,-0.269,-1.617,-0.009,-0.018,0.006,1.79,0.19,79.33
10,0.466,1.328,16.70,0.031,-0.235,0.048,-0.269,-1.618,-0.011,-0.016,0.007,1.79,0.20,79.33
10,0.496,1.308,16.75,0.031,-0.235,0.047,-0.269,-1.618,-0.013,-0.014,0.008,1.78,0.20,79.33
10,0.527,1.290,16.80,0.031,-0.235,0.046,-0.269,-1.617,-0.016,-0.012,0.009,1.76,0.20,79.33
10,0.559,1.273,16.85,0.031,-0.235,0.045,-0.269,-1.617,-0.017,-0.011,0.009,1.74,0.21,79.33
10,0.590,1.257,16.90,0.031,-0.235,0.044,-0.269,-1.616,-0.019,-0.010,0.009,1.72,0.21,79.33
10,0.622,1.242,16.95,0.031,-0.235,0.043,-0.269,-1.616,-0.021,-0.009,0.009,1.69,0.22,79.33
10,0.654,1.228,17.00,0.031,-0.235,0.012,-0.265,-1.612,-0.020,0.009,0.003,1.31,0.24,79.32
10,0.685,1.216,17.05,0.031,-0.235,0.012,-0.265,-1.612,-0.020,0.009,0.003,1.31,0.24,79.32
10,0.717,1.206,17.10,0.031,-0.235,0.011,-0.265,-1.613,-0.020,0.009,0.003,1.29,0.24,79.32
10,0.749,1.196,17.15,0.031,-0.235,0.008,-0.264,-1.613,-0.019,0.009,0.003,1.27,0.24,79.33
10,0.781,1.188,17.20,0.031,-0.235,0.008,-0.264,-1.614,-0.019,0.009,0.003,1.26,0.24,79.33
10,0.812,1.182,17.25,0.031,-0.235,0.006,-0.263,-1.615,-0.017,0.009,0.004,1.25,0.24,79.33
10,0.843,1.177,17.30,0.031,-0.235,0.006,-0.263,-1.615,-0.017,0.010,0.004,1.24,0.24,79.33
10,0.874,1.173,17.35,0.031,-0.235,0.005,-0.262,-1.617,-0.015,0.011,0.005,1.23,0.24,79.33
10,0.904,1.171,17.40,0.031,-0.235,0.005,-0.262,-1.617,-0.015,0.012,0.006,1.22,0.24,79.33
10,0.934,1.170,17.45,0.031,-0.235,0.004,-0.260,-1.618,-0.013,0.014,0.007,1.22,0.25,79.33
10,0.963,1.171,17.50,0.031,-0.235,0.004,-0.259,-1.618,-0.012,0.015,0.008,1.22,0.26,79.33
10,0.992,1.173,17.55,0.031,-0.235,0.004,-0.257,-1.619,-0.011,0.017,0.008,1.22,0.27,79.33
10,1.019,1.177,17.60,0.031,-0.235,0.003,-0.256,-1.619,-0.011,0.018,0.009,1.22,0.29,79.33
10,1.046,1.182,17.65,0.031,-0.235,0.003,-0.254,-1.619,-0.010,0.021,0.009,1.22,0.31,79.33
10,1.073,1.189,17.70,0.031,-0.235,0.002,-0.253,-1.620,-0.010,0.022,0.010,1.22,0.33,79.33
10,1.098,1.197,17.75,0.031,-0.235,0.001,-0.250,-1.620,-0.010,0.024,0.011,1.21,0.36,79.33
10,1.122,1.206,17.80,0.031,-0.235,0.001,-0.249,-1.620,-0.009,0.025,0.011,1.20,0.38,79.33
10,1.146,1.217,17.85,0.031,-0.235,0.000,-0.247,-1.620,-0.009,0.025,0.011,1.19,0.41,79.33
10,1.168,1.229,17.90,0.031,-0.235,-0.000,-0.246,-1.620,-0.009,0.026,0.012,1.18,0.44,79.33
10,1.189,1.243,17.95,0.031,-0.235,-0.002,-0.244,-1.620,-0.010,0.026,0.012,1.17,0.46,79.33
10,1.210,1.258,18.00,0.031,-0.235,-0.048,-0.242,-1.616,-0.000,0.010,0.010,0.69,0.40,79.31
10,1.228,1.274,18.05,0.031,-0.235,-0.048,-0.242,-1.616,-0.000,0.010,0.010,0.69,0.40,79.31
10,1.246,1.291,18.10,0.031,-0.235,-0.050,-0.242,-1.615,0.002,0.010,0.010,0.67,0.39,79.31
10,1.262,1.310,18.15,0.031,-0.235,-0.051,-0.242,-1.614,0.004,0.010,0.009,0.66,0.39,79.31
10,1.277,1.330,18.20,0.031,-0.235,-0.052,-0.241,-1.614,0.007,0.012,0.008,0.64,0.39,79.31
10,1.291,1.351,18.25,0.031,-0.235,-0.053,-0.240,-1.613,0.009,0.013,0.008,0.64,0.38,79.32
10,1.303,1.372,18.30,0.031,-0.235,-0.053,-0.239,-1.613,0.013,0.015,0.007,0.63,0.39,79.32
10,1.314,1.395,18.35,0.031,-0.235,-0.053,-0.238,-1.613,0.015,0.016,0.006,0.63,0.40,79.32
10,1.324,1.419,18.40,0.031,-0.235,-0.052,-0.236,-1.612,0.019,0.018,0.005,0.63,0.42,79.32
10,1.332,1.444,18.45,0.031,-0.235,-0.052,-0.236,-1.612,0.021,0.019,0.005,0.64,0.44,79.33
10,1.338,1.470,18.50,0.031,-0.235,-0.051,-0.234,-1.612,0.025,0.021,0.004,0.65,0.46,79.33
10,1.343,1.496,18.55,0.031,-0.235,-0.050,-0.232,-1.612,0.027,0.022,0.004,0.66,0.49,79.34
10,1.347,1.523,18.60,0.031,-0.235,-0.048,-0.230,-1.612,0.031,0.024,0.004,0.68,0.52,79.34
10,1.349,1.551,18.65,0.031,-0.235,-0.047,-0.229,-1.612,0.032,0.025,0.003,0.70,0.55,79.35
10,1.349,1.579,18.70,0.031,-0.235,-0.045,-0.226,-1.612,0.035,0.027,0.003,0.72,0.58,79.36
10,1.348,1.608,18.75,0.031,-0.235,-0.043,-0.225,-1.612,0.037,0.027,0.003,0.74,0.61,79.36
10,1.346,1.638,18.80,0.031,-0.235,-0.041,-0.223,-1.612,0.039,0.028,0.003,0.76,0.65,79.37
10,1.342,1.668,18.85,0.031,-0.235,-0.039,-0.222,-1.612,0.040,0.029,0.003,0.79,0.69,79.36
10,1.336,1.698,18.90,0.031,-0.235,-0.036,-0.220,-1.612,0.042,0.029,0.003,0.81,0.72,79.36
10,1.329,1.729,18.95,0.031,-0.235,-0.034,-0.219,-1.612,0.043,0.028,0.003,0.83,0.75,79.35
10,1.321,1.759,19.00,0.031,-0.235,0.027,-0.183,-1.619,0.021,0.012,0.007,1.18,1.22,79.36
10,1.311,1.790,19.05,0.031,-0.235,0.027,-0.183,-1.619,0.021,0.012,0.007,1.18,1.22,79.36
10,1.299,1.821,19.10,0.031,-0.235,0.028,-0.182,-1.619,0.020,0.010,0.008,1.18,1.22,79.36
10,1.287,1.852,19.15,0.031,-0.235,0.030,-0.182,-1.619,0.018,0.006,0.008,1.18,1.23,79.36
10,1.272,1.883,19.20,0.031,-0.235,0.031,-0.182,-1.619,0.017,0.005,0.008,1.18,1.22,79.35
10,1.257,1.913,19.25,0.031,-0.235,0.033,-0.182,-1.619,0.015,0.002,0.009,1.18,1.21,79.35
10,1.240,1.944,19.30,0.031,-0.235,0.034,-0.182,-1.619,0.014,0.000,0.010,1.18,1.20,79.35
10,1.222,1.974,19.35,0.031,-0.235,0.036,-0.183,-1.618,0.012,-0.003,0.010,1.18,1.19,79.35
10,1.203,2.004,19.40,0.031,-0.235,0.037,-0.183,-1.618,0.012,-0.004,0.010,1.19,1.18,79.34
10,1.182,2.033,19.45,0.031,-0.235,0.038,-0.184,-1.617,0.010,-0.006,0.010,1.19,1.16,79.34
10,1.161,2.062,19.50,0.031,-0.235,0.039,-0.184,-1.617,0.009,-0.006,0.010,1.19,1.15,79.34
10,1.138,2.091,19.55,0.031,-0.235,0.040,-0.185,-1.616,0.007,-0.008,0.009,1.19,1.14,79.33
10,1.114,2.119,19.60,0.031,-0.235,0.040,-0.185,-1.615,0.007,-0.009,0.009,1.19,1.13,79.33
10,1.090,2.146,19.65,0.031,-0.235,0.041,-0.186,-1.614,0.005,-0.010,0.008,1.19,1.12,79.32
10,1.064,2.172,19.70,0.031,-0.235,0.041,-0.187,-1.614,0.005,-0.011,0.008,1.19,1.10,79.32
10,1.037,2.198,19.75,0.031,-0.235,0.041,-0.189,-1.613,0.003,-0.013,0.007,1.19,1.09,79.32
10,1.010,2.223,19.80,0.031,-0.235,0.041,-0.189,-1.613,0.003,-0.013,0.006,1.19,1.08,79.32
10,0.982,2.246,19.85,0.031,-0.235,0.041,-0.191,-1.612,0.002,-0.014,0.005,1.19,1.06,79.32
10,0.953,2.269,19.90,0.031,-0.235,0.040,-0.191,-1.612,0.001,-0.014,0.005,1.18,1.05,79.32
10,0.924,2.291,19.95,0.031,-0.235,0.040,-0.192,-1.612,0.001,-0.014,0.005,1.18,1.04,79.31
11,-0.699,0.809,0.00,0.031,-0.235,0.019,-0.336,-1.604,-0.025,-0.030,-0.003,1.19,-0.67,79.33
11,-0.683,0.804,0.05,0.031,-0.235,0.019,-0.336,-1.604,-0.025,-0.030,-0.003,1.19,-0.67,79.33
11,-0.668,0.800,0.10,0.031,-0.235,0.017,-0.339,-1.604,-0.027,-0.026,-0.003,1.17,-0.68,79.34
11,-0.652,0.796,0.15,0.031,-0.235,0.016,-0.340,-1.604,-0.028,-0.024,-0.004,1.14,-0.70,79.34
11,-0.638,0.794,0.20,0.031,-0.235,0.015,-0.342,-1.604,-0.029,-0.021,-0.004,1.12,-0.71,79.34
11,-0.624,0.791,0.25,0.031,-0.235,0.014,-0.344,-1.604,-0.029,-0.018,-0.004,1.09,-0.73,79.34
11,-0.610,0.789,0.30,0.031,-0.235,0.012,-0.346,-1.604,-0.030,-0.015,-0.004,1.07,-0.74,79.34
11,-0.597,0.788,0.35,0.031,-0.235,0.011,-0.347,-1.604,-0.031,-0.012,-0.004,1.05,-0.75,79.34
11,-0.584,0.788,0.40,0.031,-0.235,0.009,-0.348,-1.604,-0.031,-0.008,-0.004,1.02,-0.77,79.34
11,-0.572,0.788,0.45,0.031,-0.235,0.008,-0.349,-1.604,-0.031,-0.005,-0.004,1.00,-0.77,79.34
11,-0.561,0.789,0.50,0.031,-0.235,0.005,-0.350,-1.605,-0.031,-0.001,-0.004,0.98,-0.78,79.34
11,-0.550,0.791,0.55,0.031,-0.235,0.004,-0.350,-1.605,-0.031,0.001,-0.004,0.95,-0.78,79.34
11,-0.540,0.793,0.60,0.031,-0.235,0.002,-0.350,-1.605,-0.031,0.006,-0.004,0.93,-0.78,79.34
11,-0.530,0.796,0.65,0.031,-0.235,-0.000,-0.350,-1.606,-0.031,0.008,-0.004,0.91,-0.78,79.34
11,-0.521,0.800,0.70,0.031,-0.235,-0.003,-0.350,-1.606,-0.030,0.012,-0.004,0.88,-0.77,79.34
11,-0.513,0.804,0.75,0.031,-0.235,-0.004,-0.350,-1.606,-0.030,0.014,-0.003,0.86,-0.77,79.35
11,-0.505,0.809,0.80,0.031,-0.235,-0.007,-0.350,-1.606,-0.029,0.017,-0.003,0.83,-0.76,79.35
11,-0.499,0.814,0.85,0.031,-0.235,-0.009,-0.349,-1.607,-0.028,0.019,-0.003,0.80,-0.75,79.35
11,-0.492,0.820,0.90,0.031,-0.235,-0.011,-0.348,-1.607,-0.027,0.022,-0.003,0.79,-0.74,79.35
11,-0.487,0.827,0.95,0.031,-0.235,-0.013,-0.347,-1.608,-0.026,0.024,-0.002,0.76,-0.73,79.35
11,-0.482,0.834,1.00,0.031,-0.235,-0.011,-0.301,-1.612,0.019,0.032,0.005,0.81,-0.30,79.15
11,-0.479,0.842,1.05,0.031,-0.235,-0.011,-0.301,-1.612,0.019,0.032,0.005,0.81,-0.30,79.15
11,-0.476,0.850,1.10,0.031,-0.235,-0.009,-0.300,-1.611,0.019,0.031,0.005,0.84,-0.30,79.16
11,-0.473,0.859,1.15,0.031,-0.235,-0.009,-0.299,-1.611,0.019,0.029,0.005,0.86,-0.30,79.17
11,-0.472,0.869,1.20,0.031,-0.235,-0.007,-0.298,-1.609,0.018,0.028,0.004,0.88,-0.31,79.19
11,-0.471,0.879,1.25,0.031,-0.235,-0.007,-0.297,-1.608,0.017,0.027,0.003,0.89,-0.31,79.21
11,-0.471,0.889,1.30,0.031,-0.235,-0.006,-0.296,-1.607,0.016,0.025,0.002,0.90,-0.32,79.23
11,-0.472,0.900,1.35,0.031,-0.235,-0.005,-0.296,-1.606,0.016,0.025,0.002,0.90,-0.33,79.25
11,-0.473,0.911,1.40,0.031,-0.235,-0.004,-0.295,-1.604,0.015,0.024,0.000,0.90,-0.33,79.28
11,-0.476,0.923,1.45,0.031,-0.235,-0.004,-0.294,-1.603,0.014,0.023,-0.001,0.90,-0.34,79.29
11,-0.479,0.935,1.50,0.031,-0.235,-0.003,-0.293,-1.602,0.013,0.022,-0.002,0.89,-0.35,79.31
11,-0.483,0.948,1.55,0.031,-0.235,-0.003,-0.293,-1.602,0.012,0.022,-0.003,0.89,-0.35,79.33
11,-0.487,0.961,1.60,0.031,-0.235,-0.003,-0.292,-1.601,0.011,0.022,-0.004,0.88,-0.36,79.34
11,-0.493,0.974,1.65,0.031,-0.235,-0.003,-0.291,-1.600,0.010,0.022,-0.005,0.88,-0.36,79.35
11,-0.499,0.988,1.70,0.031,-0.235,-0.003,-0.290,-1.599,0.009,0.022,-0.006,0.87,-0.36,79.37
11,-0.506,1.001,1.75,0.031,-0.235,-0.003,-0.289,-1.599,0.009,0.022,-0.007,0.86,-0.37,79.37
11,-0.513,1.016,1.80,0.031,-0.235,-0.004,-0.287,-1.598,0.008,0.023,-0.008,0.85,-0.37,79.38
11,-0.522,1.030,1.85,0.031,-0.235,-0.004,-0.286,-1.598,0.008,0.023,-0.009,0.84,-0.36,79.39
11,-0.531,1.044,1.90,0.031,-0.235,-0.005,-0.284,-1.598,0.007,0.023,-0.010,0.83,-0.36,79.39
11,-0.540,1.059,1.95,0.031,-0.235,-0.005,-0.283,-1.598,0.007,0.024,-0.010,0.82,-0.35,79.39
11,-0.550,1.074,2.00,0.031,-0.235,0.007,-0.271,-1.603,0.007,0.015,-0.007,0.89,-0.33,79.29
11,-0.561,1.089,2.05,0.031,-0.235,0.007,-0.271,-1.603,0.007,0.015,-0.007,0.89,-0.33,79.29
11,-0.573,1.104,2.10,0.031,-0.235,0.007,-0.270,-1.603,0.007,0.015,-0.006,0.88,-0.33,79.29
11,-0.585,1.119,2.15,0.031,-0.235,0.007,-0.268,-1.604,0.006,0.016,-0.006,0.87,-0.32,79.29
11,-0.598,1.134,2.20,0.031,-0.235,0.008,-0.267,-1.604,0.005,0.017,-0.006,0.86,-0.31,79.29
11,-0.611,1.149,2.25,0.031,-0.235,0.007,-0.264,-1.605,0.004,0.019,-0.005,0.84,-0.30,79.29
11,-0.624,1.164,2.30,0.031,-0.235,0.007,-0.263,-1.605,0.004,0.019,-0.005,0.83,-0.29,79.29
11,-0.639,1.180,2.35,0.031,-0.235,0.007,-0.260,-1.606,0.003,0.020,-0.004,0.82,-0.27,79.29
11,-0.653,1.195,2.40,0.031,-0.235,0.007,-0.258,-1.606,0.003,0.021,-0.004,0.80,-0.25,79.29
11,-0.668,1.209,2.45,0.031,-0.235,0.007,-0.255,-1.606,0.002,0.021,-0.003,0.79,-0.23,79.29
11,-0.684,1.224,2.50,0.031,-0.235,0.007,-0.253,-1.606,0.002,0.021,-0.003,0.77,-0.20,79.29
11,-0.700,1.239,2.55,0.031,-0.235,0.006,-0.251,-1.606,0.002,0.021,-0.002,0.76,-0.18,79.30
11,-0.716,1.253,2.60,0.031,-0.235,0.006,-0.249,-1.605,0.002,0.021,-0.002,0.75,-0.15,79.30
11,-0.733,1.267,2.65,0.031,-0.235,0.006,-0.247,-1.604,0.001,0.019,-0.002,0.74,-0.14,79.30
11,-0.749,1.281,2.70,0.031,-0.235,0.006,-0.246,-1.604,0.001,0.018,-0.003,0.73,-0.12,79.30
11,-0.766,1.295,2.75,0.031,-0.235,0.005,-0.244,-1.604,0.001,0.016,-0.003,0.72,-0.11,79.30
11,-0.784,1.308,2.80,0.031,-0.235,0.005,-0.243,-1.603,0.001,0.015,-0.003,0.71,-0.10,79.30
11,-0.801,1.321,2.85,0.031,-0.235,0.005,-0.242,-1.603,0.001,0.012,-0.004,0.70,-0.10,79.31
11,-0.819,1.334,2.90,0.031,-0.235,0.004,-0.242,-1.603,0.001,0.010,-0.004,0.70,-0.10,79.31
11,-0.837,1.346,2.95,0.031,-0.235,0.003,-0.241,-1.602,0.001,0.008,-0.005,0.69,-0.10,79.31
11,-0.854,1.358,3.00,0.031,-0.235,0.011,-0.243,-1.605,0.010,-0.010,-0.005,0.80,-0.29,79.28
11,-0.872,1.369,3.05,0.031,-0.235,0.011,-0.243,-1.605,0.010,-0.010,-0.005,0.80,-0.29,79.28
11,-0.890,1.380,3.10,0.031,-0.235,0.013,-0.243,-1.605,0.010,-0.010,-0.004,0.80,-0.30,79.28
11,-0.908,1.391,3.15,0.031,-0.235,0.014,-0.243,-1.606,0.010,-0.010,-0.004,0.81,-0.30,79.29
11,-0.926,1.401,3.20,0.031,-0.235,0.016,-0.243,-1.607,0.011,-0.010,-0.004,0.81,-0.31,79.29
11,-0.944,1.411,3.25,0.031,-0.235,0.018,-0.243,-1.608,0.011,-0.009,-0.003,0.82,-0.30,79.30
11,-0.961,1.420,3.30,0.031,-0.235,0.021,-0.242,-1.609,0.012,-0.008,-0.003,0.84,-0.30,79.31
11,-0.979,1.428,3.35,0.031,-0.235,0.022,-0.242,-1.609,0.012,-0.008,-0.002,0.85,-0.30,79.32
11,-0.996,1.436,3.40,0.031,-0.235,0.025,-0.241,-1.610,0.012,-0.007,-0.001,0.87,-0.29,79.33
11,-1.013,1.444,3.45,0.031,-0.235,0.026,-0.241,-1.610,0.012,-0.007,-0.001,0.89,-0.28,79.34
11,-1.030,1.450,3.50,0.031,-0.235,0.028,-0.241,-1.611,0.012,-0.006,0.000,0.90,-0.27,79.34
11,-1.046,1.457,3.55,0.031,-0.235,0.028,-0.240,-1.611,0.011,-0.006,0.000,0.92,-0.26,79.35
11,-1.063,1.462,3.60,0.031,-0.235,0.031,-0.240,-1.611,0.010,-0.006,0.001,0.93,-0.26,79.35
11,-1.079,1.467,3.65,0.031,-0.235,0.031,-0.240,-1.611,0.010,-0.006,0.002,0.95,-0.25,79.35
11,-1.094,1.472,3.70,0.031,-0.235,0.033,-0.240,-1.611,0.009,-0.007,0.002,0.95,-0.24,79.35
11,-1.109,1.475,3.75,0.031,-0.235,0.034,-0.240,-1.610,0.009,-0.007,0.002,0.96,-0.24,79.36
11,-1.124,1.478,3.80,0.031,-0.235,0.036,-0.241,-1.610,0.007,-0.008,0.002,0.97,-0.24,79.36
11,-1.138,1.481,3.85,0.031,-0.235,0.037,-0.241,-1.610,0.007,-0.008,0.002,0.98,-0.24,79.36
11,-1.152,1.483,3.90,0.031,-0.235,0.038,-0.241,-1.609,0.006,-0.008,0.002,0.99,-0.24,79.36
11,-1.165,1.484,3.95,0.031,-0.235,0.039,-0.241,-1.609,0.005,-0.009,0.002,0.99,-0.25,79.36
11,-1.178,1.484,4.00,0.031,-0.235,0.017,-0.227,-1.608,-0.014,-0.001,-0.002,0.62,-0.17,79.27
11,-1.190,1.484,4.05,0.031,-0.235,0.017,-0.227,-1.608,-0.014,-0.001,-0.002,0.62,-0.17,79.27
11,-1.202,1.483,4.10,0.031,-0.235,0.016,-0.227,-1.608,-0.013,-0.001,-0.001,0.62,-0.17,79.28
11,-1.213,1.482,4.15,0.031,-0.235,0.016,-0.226,-1.609,-0.010,-0.003,-0.001,0.61,-0.16,79.29
11,-1.223,1.479,4.20,0.031,-0.235,0.015,-0.226,-1.609,-0.009,-0.004,-0.001,0.61,-0.16,79.30
11,-1.233,1.477,4.25,0.031,-0.235,0.015,-0.225,-1.610,-0.005,-0.005,-0.000,0.60,-0.16,79.31
11,-1.242,1.473,4.30,0.031,-0.235,0.016,-0.225,-1.610,-0.004,-0.006,0.000,0.60,-0.16,79.31
11,-1.250,1.469,4.35,0.031,-0.235,0.016,-0.224,-1.611,0.000,-0.008,0.001,0.61,-0.16,79.32
11,-1.258,1.464,4.40,0.031,-0.235,0.017,-0.224,-1.611,0.002,-0.009,0.001,0.62,-0.16,79.32
11,-1.264,1.459,4.45,0.031,-0.235,0.018,-0.223,-1.611,0.006,-0.011,0.002,0.64,-0.17,79.33
11,-1.271,1.453,4.50,0.031,-0.235,0.018,-0.223,-1.611,0.008,-0.013,0.002,0.66,-0.17,79.33
11,-1.276,1.446,4.55,0.031,-0.235,0.020,-0.223,-1.611,0.012,-0.015,0.003,0.68,-0.17,79.34
11,-1.281,1.439,4.60,0.031,-0.235,0.021,-0.223,-1.611,0.014,-0.016,0.003,0.71,-0.18,79.34
11,-1.285,1.431,4.65,0.031,-0.235,0.022,-0.223,-1.611,0.017,-0.018,0.003,0.74,-0.19,79.34
11,-1.288,1.423,4.70,0.031,-0.235,0.023,-0.222,-1.611,0.019,-0.019,0.003,0.78,-0.19,79.34
11,-1.290,1.414,4.75,0.031,-0.235,0.025,-0.222,-1.611,0.021,-0.021,0.002,0.81,-0.20,79.34
11,-1.292,1.405,4.80,0.031,-0.235,0.026,-0.222,-1.611,0.023,-0.022,0.002,0.84,-0.21,79.34
11,-1.293,1.395,4.85,0.031,-0.235,0.028,-0.222,-1.611,0.025,-0.025,0.002,0.88,-0.21,79.34
11,-1.293,1.385,4.90,0.031,-0.235,0.030,-0.222,-1.611,0.025,-0.026,0.002,0.91,-0.22,79.33
11,-1.292,1.374,4.95,0.031,-0.235,0.032,-0.223,-1.612,0.027,-0.028,0.002,0.95,-0.23,79.33
11,-1.291,1.363,5.00,0.031,-0.235,0.077,-0.255,-1.631,0.012,-0.048,0.021,1.57,-0.65,79.32
11,-1.289,1.351,5.05,0.031,-0.235,0.077,-0.255,-1.631,0.012,-0.048,0.021,1.57,-0.65,79.32
11,-1.286,1.339,5.10,0.031,-0.235,0.078,-0.259,-1.631,0.009,-0.046,0.022,1.57,-0.68,79.32
11,-1.282,1.326,5.15,0.031,-0.235,0.078,-0.260,-1.631,0.007,-0.045,0.022,1.58,-0.71,79.32
11,-1.277,1.313,5.20,0.031,-0.235,0.079,-0.263,-1.630,0.004,-0.043,0.022,1.58,-0.73,79.31
11,-1.272,1.300,5.25,0.031,-0.235,0.079,-0.264,-1.630,0.003,-0.042,0.022,1.58,-0.76,79.31
11,-1.266,1.287,5.30,0.031,-0.235,0.079,-0.266,-1.630,0.000,-0.039,0.021,1.57,-0.77,79.32
11,-1.259,1.273,5.35,0.031,-0.235,0.079,-0.268,-1.630,-0.001,-0.037,0.021,1.57,-0.78,79.32
11,-1.252,1.259,5.40,0.031,-0.235,0.080,-0.270,-1.630,-0.004,-0.035,0.021,1.56,-0.79,79.32
11,-1.244,1.244,5.45,0.031,-0.235,0.080,-0.271,-1.630,-0.005,-0.033,0.021,1.55,-0.80,79.32
11,-1.235,1.230,5.50,0.031,-0.235,0.080,-0.272,-1.630,-0.006,-0.031,0.021,1.54,-0.81,79.33
11,-1.225,1.215,5.55,0.031,-0.235,0.081,-0.273,-1.630,-0.008,-0.029,0.021,1.54,-0.82,79.33
11,-1.215,1.200,5.60,0.031,-0.235,0.081,-0.275,-1.629,-0.009,-0.027,0.021,1.53,-0.82,79.33
11,-1.204,1.186,5.65,0.031,-0.235,0.081,-0.276,-1.629,-0.010,-0.026,0.021,1.53,-0.82,79.34
11,-1.193,1.170,5.70,0.031,-0.235,0.081,-0.278,-1.629,-0.012,-0.024,0.021,1.52,-0.83,79.34
11,-1.181,1.155,5.75,0.031,-0.235,0.080,-0.279,-1.628,-0.013,-0.022,0.021,1.52,-0.83,79.34
11,-1.168,1.140,5.80,0.031,-0.235,0.080,-0.280,-1.627,-0.015,-0.020,0.021,1.52,-0.84,79.34
11,-1.155,1.125,5.85,0.031,-0.235,0.079,-0.281,-1.626,-0.016,-0.019,0.020,1.51,-0.85,79.34
11,-1.142,1.110,5.90,0.031,-0.235,0.078,-0.282,-1.625,-0.018,-0.017,0.019,1.50,-0.85,79.34
11,-1.127,1.095,5.95,0.031,-0.235,0.077,-0.283,-1.624,-0.020,-0.016,0.019,1.49,-0.86,79.35
11,-1.113,1.080,6.00,0.031,-0.235,0.032,-0.282,-1.604,-0.020,0.019,-0.006,1.06,-0.80,79.28
11,-1.098,1.065,6.05,0.031,-0.235,0.032,-0.282,-1.604,-0.020,0.019,-0.006,1.06,-0.80,79.28
11,-1.082,1.050,6.10,0.031,-0.235,0.031,-0.282,-1.604,-0.019,0.019,-0.006,1.05,-0.79,79.29
11,-1.067,1.036,6.15,0.031,-0.235,0.029,-0.281,-1.605,-0.016,0.019,-0.006,1.04,-0.78,79.29
11,-1.050,1.021,6.20,0.031,-0.235,0.029,-0.281,-1.605,-0.015,0.019,-0.006,1.04,-0.77,79.29
11,-1.034,1.007,6.25,0.031,-0.235,0.028,-0.280,-1.606,-0.012,0.019,-0.005,1.04,-0.77,79.30
11,-1.017,0.993,6.30,0.031,-0.235,0.028,-0.280,-1.606,-0.011,0.018,-0.005,1.04,-0.77,79.30
11,-1.000,0.979,6.35,0.031,-0.235,0.028,-0.280,-1.605,-0.008,0.017,-0.004,1.04,-0.77,79.30
11,-0.983,0.966,6.40,0.031,-0.235,0.028,-0.280,-1.605,-0.007,0.017,-0.004,1.06,-0.77,79.31
11,-0.965,0.953,6.45,0.031,-0.235,0.028,-0.280,-1.605,-0.004,0.016,-0.004,1.07,-0.77,79.31
11,-0.948,0.940,6.50,0.031,-0.235,0.028,-0.281,-1.605,-0.003,0.016,-0.004,1.08,-0.77,79.31
11,-0.930,0.928,6.55,0.031,-0.235,0.029,-0.281,-1.605,-0.001,0.015,-0.004,1.10,-0.78,79.32
11,-0.912,0.916,6.60,0.031,-0.235,0.029,-0.281,-1.605,-0.000,0.014,-0.004,1.12,-0.78,79.32
11,-0.894,0.904,6.65,0.031,-0.235,0.029,-0.282,-1.604,0.001,0.014,-0.004,1.13,-0.79,79.32
11,-0.876,0.893,6.70,0.031,-0.235,0.030,-0.282,-1.604,0.002,0.013,-0.004,1.15,-0.80,79.33
11,-0.859,0.883,6.75,0.031,-0.235,0.031,-0.283,-1.605,0.004,0.012,-0.004,1.17,-0.81,79.33
11,-0.841,0.873,6.80,0.031,-0.235,0.031,-0.283,-1.605,0.004,0.012,-0.004,1.18,-0.82,79.32
11,-0.823,0.863,6.85,0.031,-0.235,0.032,-0.284,-1.605,0.005,0.012,-0.004,1.20,-0.83,79.32
11,-0.805,0.854,6.90,0.031,-0.235,0.033,-0.284,-1.605,0.005,0.011,-0.004,1.21,-0.84,79.32
11,-0.788,0.845,6.95,0.031,-0.235,0.034,-0.285,-1.606,0.006,0.012,-0.005,1.23,-0.85,79.32
11,-0.770,0.837,7.00,0.031,-0.235,0.053,-0.283,-1.612,-0.007,0.017,0.003,1.42,-0.85,79.29
11,-0.753,0.830,7.05,0.031,-0.235,0.053,-0.283,-1.612,-0.007,0.017,0.003,1.42,-0.85,79.29
11,-0.736,0.823,7.10,0.031,-0.235,0.052,-0.282,-1.611,-0.009,0.019,0.003,1.41,-0.85,79.30
11,-0.720,0.817,7.15,0.031,-0.235,0.052,-0.282,-1.611,-0.010,0.019,0.003,1.39,-0.85,79.30
11,-0.704,0.811,7.20,0.031,-0.235,0.051,-0.281,-1.610,-0.012,0.021,0.003,1.38,-0.85,79.31
11,-0.688,0.806,7.25,0.031,-0.235,0.050,-0.281,-1.609,-0.013,0.022,0.003,1.37,-0.85,79.31
11,-0.672,0.801,7.30,0.031,-0.235,0.049,-0.279,-1.607,-0.015,0.024,0.002,1.36,-0.84,79.32
11,-0.657,0.797,7.35,0.031,-0.235,0.049,-0.279,-1.606,-0.016,0.025,0.002,1.35,-0.84,79.32
11,-0.642,0.794,7.40,0.031,-0.235,0.047,-0.277,-1.604,-0.018,0.027,0.000,1.33,-0.83,79.33
11,-0.628,0.792,7.45,0.031,-0.235,0.046,-0.276,-1.604,-0.019,0.028,-0.000,1.31,-0.81,79.33
11,-0.614,0.790,7.50,0.031,-0.235,0.044,-0.274,-1.602,-0.022,0.031,-0.002,1.29,-0.80,79.33
11,-0.601,0.789,7.55,0.031,-0.235,0.043,-0.272,-1.601,-0.023,0.032,-0.003,1.27,-0.78,79.34
11,-0.588,0.788,7.60,0.031,-0.235,0.040,-0.270,-1.600,-0.025,0.034,-0.004,1.24,-0.76,79.34
11,-0.576,0.788,7.65,0.031,-0.235,0.038,-0.268,-1.599,-0.027,0.035,-0.005,1.21,-0.74,79.35
11,-0.564,0.789,7.70,0.031,-0.235,0.035,-0.265,-1.598,-0.029,0.037,-0.007,1.18,-0.72,79.35
11,-0.553,0.790,7.75,0.031,-0.235,0.033,-0.264,-1.598,-0.030,0.038,-0.007,1.14,-0.69,79.35
11,-0.543,0.792,7.80,0.031,-0.235,0.030,-0.261,-1.598,-0.032,0.039,-0.009,1.10,-0.67,79.35
11,-0.533,0.795,7.85,0.031,-0.235,0.029,-0.260,-1.598,-0.032,0.039,-0.009,1.06,-0.65,79.35
11,-0.524,0.799,7.90,0.031,-0.235,0.027,-0.257,-1.598,-0.032,0.040,-0.010,1.01,-0.63,79.35
11,-0.515,0.803,7.95,0.031,-0.235,0.026,-0.256,-1.598,-0.032,0.040,-0.010,0.98,-0.61,79.35
11,-0.507,0.807,8.00,0.031,-0.235,0.023,-0.228,-1.610,-0.016,0.019,-0.002,0.89,-0.36,79.32
11,-0.500,0.813,8.05,0.031,-0.235,0.023,-0.228,-1.610,-0.016,0.019,-0.002,0.89,-0.36,79.32
11,-0.494,0.818,8.10,0.031,-0.235,0.023,-0.228,-1.612,-0.016,0.017,-0.001,0.88,-0.37,79.32
11,-0.489,0.825,8.15,0.031,-0.235,0.023,-0.228,-1.613,-0.016,0.015,0.000,0.88,-0.38,79.32
11,-0.484,0.832,8.20,0.031,-0.235,0.023,-0.228,-1.614,-0.016,0.015,0.001,0.87,-0.38,79.32
11,-0.480,0.840,8.25,0.031,-0.235,0.023,-0.228,-1.615,-0.015,0.013,0.003,0.87,-0.40,79.32
11,-0.476,0.848,8.30,0.031,-0.235,0.024,-0.228,-1.616,-0.014,0.012,0.004,0.87,-0.41,79.33
11,-0.474,0.857,8.35,0.031,-0.235,0.025,-0.229,-1.617,-0.013,0.011,0.005,0.87,-0.42,79.33
11,-0.472,0.866,8.40,0.031,-0.235,0.026,-0.229,-1.617,-0.013,0.010,0.006,0.87,-0.43,79.33
11,-0.471,0.876,8.45,0.031,-0.235,0.027,-0.229,-1.618,-0.012,0.009,0.007,0.88,-0.43,79.33
11,-0.471,0.886,8.50,0.031,-0.235,0.027,-0.230,-1.619,-0.012,0.009,0.008,0.89,-0.44,79.34
11,-0.471,0.897,8.55,0.031,-0.235,0.028,-0.231,-1.620,-0.011,0.008,0.009,0.91,-0.45,79.34
11,-0.473,0.908,8.60,0.031,-0.235,0.029,-0.231,-1.620,-0.011,0.008,0.009,0.92,-0.45,79.34
11,-0.475,0.920,8.65,0.031,-0.235,0.030,-0.231,-1.620,-0.011,0.008,0.010,0.93,-0.46,79.34
11,-0.478,0.932,8.70,0.031,-0.235,0.030,-0.232,-1.621,-0.011,0.009,0.011,0.94,-0.46,79.34
11,-0.481,0.944,8.75,0.031,-0.235,0.031,-0.232,-1.622,-0.011,0.009,0.011,0.95,-0.47,79.34
11,-0.486,0.957,8.80,0.031,-0.235,0.031,-0.232,-1.622,-0.011,0.010,0.011,0.95,-0.47,79.34
11,-0.491,0.970,8.85,0.031,-0.235,0.032,-0.232,-1.622,-0.011,0.010,0.012,0.96,-0.46,79.34
11,-0.497,0.984,8.90,0.031,-0.235,0.032,-0.231,-1.623,-0.011,0.011,0.012,0.96,-0.46,79.34
11,-0.504,0.997,8.95,0.031,-0.235,0.032,-0.231,-1.623,-0.011,0.012,0.013,0.96,-0.45,79.34
11,-0.511,1.011,9.00,0.031,-0.235,0.027,-0.208,-1.614,-0.014,0.010,0.006,0.79,-0.14,79.32
11,-0.519,1.026,9.05,0.031,-0.235,0.027,-0.208,-1.614,-0.014,0.010,0.006,0.79,-0.14,79.32
11,-0.528,1.040,9.10,0.031,-0.235,0.027,-0.209,-1.614,-0.014,0.007,0.006,0.79,-0.15,79.32
11,-0.537,1.055,9.15,0.031,-0.235,0.026,-0.209,-1.614,-0.013,0.006,0.006,0.79,-0.16,79.32
11,-0.547,1.070,9.20,0.031,-0.235,0.026,-0.210,-1.614,-0.013,0.003,0.006,0.79,-0.17,79.32
11,-0.558,1.084,9.25,0.031,-0.235,0.026,-0.210,-1.614,-0.013,0.002,0.005,0.79,-0.18,79.32
11,-0.569,1.099,9.30,0.031,-0.235,0.025,-0.212,-1.613,-0.013,-0.000,0.005,0.79,-0.20,79.32
11,-0.581,1.115,9.35,0.031,-0.235,0.025,-0.212,-1.613,-0.012,-0.001,0.005,0.79,-0.22,79.32
11,-0.594,1.130,9.40,0.031,-0.235,0.025,-0.214,-1.613,-0.012,-0.003,0.005,0.79,-0.24,79.32
11,-0.607,1.145,9.45,0.031,-0.235,0.024,-0.215,-1.613,-0.012,-0.004,0.005,0.79,-0.25,79.32
11,-0.620,1.160,9.50,0.031,-0.235,0.024,-0.217,-1.613,-0.011,-0.006,0.005,0.79,-0.28,79.33
11,-0.634,1.175,9.55,0.031,-0.235,0.023,-0.218,-1.613,-0.011,-0.007,0.005,0.79,-0.29,79.33
11,-0.649,1.190,9.60,0.031,-0.235,0.022,-0.220,-1.613,-0.011,-0.008,0.004,0.79,-0.32,79.33
11,-0.664,1.205,9.65,0.031,-0.235,0.021,-0.222,-1.612,-0.011,-0.009,0.004,0.79,-0.35,79.33
11,-0.679,1.220,9.70,0.031,-0.235,0.019,-0.224,-1.612,-0.011,-0.010,0.004,0.79,-0.37,79.33
11,-0.695,1.234,9.75,0.031,-0.235,0.019,-0.225,-1.612,-0.011,-0.010,0.004,0.79,-0.39,79.32
11,-0.711,1.249,9.80,0.031,-0.235,0.017,-0.228,-1.612,-0.011,-0.010,0.004,0.79,-0.41,79.32
11,-0.728,1.263,9.85,0.031,-0.235,0.015,-0.229,-1.612,-0.012,-0.010,0.004,0.78,-0.43,79.31
11,-0.744,1.277,9.90,0.031,-0.235,0.013,-0.233,-1.612,-0.012,-0.011,0.004,0.77,-0.46,79.31
11,-0.761,1.291,9.95,0.031,-0.235,0.012,-0.234,-1.612,-0.012,-0.011,0.004,0.76,-0.47,79.30
11,-0.779,1.304,10.00,0.031,-0.235,0.003,-0.218,-1.616,0.011,0.026,0.011,0.71,-0.21,79.39
11,-0.796,1.317,10.05,0.031,-0.235,0.003,-0.218,-1.616,0.011,0.026,0.011,0.71,-0.21,79.39
11,-0.814,1.330,10.10,0.031,-0.235,0.002,-0.213,-1.614,0.010,0.026,0.010,0.70,-0.17,79.41
11,-0.831,1.342,10.15,0.031,-0.235,0.002,-0.211,-1.613,0.010,0.026,0.009,0.69,-0.14,79.41
11,-0.849,1.354,10.20,0.031,-0.235,0.001,-0.207,-1.612,0.010,0.025,0.008,0.67,-0.10,79.42
11,-0.867,1.366,10.25,0.031,-0.235,0.001,-0.205,-1.612,0.011,0.024,0.007,0.65,-0.07,79.42
11,-0.885,1.377,10.30,0.031,-0.235,0.001,-0.202,-1.611,0.012,0.022,0.006,0.64,-0.04,79.42
11,-0.903,1.388,10.35,0.031,-0.235,0.001,-0.200,-1.610,0.012,0.020,0.005,0.62,-0.01,79.41
11,-0.921,1.398,10.40,0.031,-0.235,0.001,-0.198,-1.610,0.014,0.017,0.004,0.61,0.01,79.40
11,-0.938,1.408,10.45,0.031,-0.235,0.001,-0.197,-1.609,0.014,0.015,0.003,0.60,0.02,79.39
11,-0.956,1.417,10.50,0.031,-0.235,0.001,-0.195,-1.609,0.017,0.009,0.002,0.60,0.03,79.38
11,-0.974,1.426,10.55,0.031,-0.235,0.001,-0.195,-1.609,0.018,0.007,0.002,0.61,0.03,79.36
11,-0.991,1.434,10.60,0.031,-0.235,0.001,-0.194,-1.609,0.019,0.002,0.001,0.62,0.02,79.34
11,-1.008,1.441,10.65,0.031,-0.235,0.001,-0.194,-1.609,0.020,-0.001,0.001,0.63,0.01,79.32
11,-1.025,1.448,10.70,0.031,-0.235,0.001,-0.195,-1.609,0.022,-0.006,0.001,0.65,-0.01,79.31
11,-1.042,1.455,10.75,0.031,-0.235,0.001,-0.195,-1.609,0.023,-0.009,0.000,0.66,-0.03,79.29
11,-1.058,1.461,10.80,0.031,-0.235,0.002,-0.195,-1.609,0.025,-0.013,0.000,0.68,-0.05,79.28
11,-1.074,1.466,10.85,0.031,-0.235,0.002,-0.196,-1.610,0.026,-0.015,0.000,0.70,-0.08,79.27
11,-1.090,1.470,10.90,0.031,-0.235,0.003,-0.196,-1.610,0.028,-0.019,-0.000,0.72,-0.11,79.27
11,-1.105,1.474,10.95,0.031,-0.235,0.004,-0.196,-1.611,0.029,-0.020,-0.000,0.74,-0.13,79.27
11,-1.120,1.477,11.00,0.031,-0.235,0.057,-0.217,-1.608,0.032,-0.032,0.001,1.36,-0.36,79.37
11,-1.134,1.480,11.05,0.031,-0.235,0.057,-0.217,-1.608,0.032,-0.032,0.001,1.36,-0.36,79.37
11,-1.148,1.482,11.10,0.031,-0.235,0.059,-0.218,-1.608,0.030,-0.031,0.001,1.39,-0.37,79.36
11,-1.161,1.483,11.15,0.031,-0.235,0.062,-0.219,-1.607,0.028,-0.031,0.000,1.40,-0.37,79.36
11,-1.174,1.484,11.20,0.031,-0.235,0.063,-0.219,-1.606,0.027,-0.030,-0.000,1.42,-0.37,79.36
11,-1.187,1.484,11.25,0.031,-0.235,0.066,-0.220,-1.605,0.024,-0.030,-0.001,1.43,-0.38,79.35
11,-1.198,1.483,11.30,0.031,-0.235,0.067,-0.221,-1.604,0.022,-0.030,-0.002,1.44,-0.38,79.35
11,-1.209,1.482,11.35,0.031,-0.235,0.069,-0.221,-1.603,0.020,-0.029,-0.003,1.45,-0.38,79.34
11,-1.220,1.480,11.40,0.031,-0.235,0.070,-0.222,-1.603,0.018,-0.029,-0.003,1.45,-0.39,79.34
11,-1.230,1.477,11.45,0.031,-0.235,0.073,-0.223,-1.602,0.016,-0.028,-0.005,1.46,-0.39,79.34
11,-1.239,1.474,11.50,0.031,-0.235,0.074,-0.223,-1.602,0.014,-0.028,-0.005,1.46,-0.39,79.34
11,-1.248,1.470,11.55,0.031,-0.235,0.075,-0.224,-1.601,0.012,-0.028,-0.006,1.47,-0.39,79.34
11,-1.255,1.466,11.60,0.031,-0.235,0.076,-0.225,-1.601,0.011,-0.028,-0.007,1.47,-0.40,79.34
11,-1.262,1.461,11.65,0.031,-0.235,0.078,-0.226,-1.602,0.008,-0.029,-0.008,1.47,-0.41,79.34
11,-1.269,1.455,11.70,0.031,-0.235,0.078,-0.227,-1.602,0.007,-0.029,-0.008,1.48,-0.41,79.34
11,-1.275,1.448,11.75,0.031,-0.235,0.079,-0.228,-1.603,0.005,-0.029,-0.008,1.48,-0.42,79.34
11,-1.280,1.441,11.80,0.031,-0.235,0.079,-0.229,-1.604,0.004,-0.029,-0.008,1.48,-0.43,79.33
11,-1.284,1.434,11.85,0.031,-0.235,0.079,-0.230,-1.605,0.001,-0.029,-0.008,1.48,-0.44,79.33
11,-1.287,1.426,11.90,0.031,-0.235,0.079,-0.231,-1.605,-0.000,-0.028,-0.007,1.48,-0.45,79.33
11,-1.290,1.417,11.95,0.031,-0.235,0.079,-0.232,-1.606,-0.002,-0.028,-0.006,1.48,-0.46,79.32
11,-1.292,1.408,12.00,0.031,-0.235,0.030,-0.247,-1.607,-0.015,-0.013,-0.003,1.05,-0.67,79.28
11,-1.293,1.398,12.05,0.031,-0.235,0.030,-0.247,-1.607,-0.015,-0.013,-0.003,1.05,-0.67,79.28
11,-1.293,1.388,12.10,0.031,-0.235,0.027,-0.247,-1.607,-0.013,-0.012,-0.002,1.04,-0.68,79.29
11,-1.293,1.377,12.15,0.031,-0.235,0.025,-0.247,-1.607,-0.012,-0.012,-0.002,1.02,-0.67,79.29
11,-1.291,1.366,12.20,0.031,-0.235,0.023,-0.247,-1.607,-0.009,-0.011,-0.002,1.01,-0.67,79.30
11,-1.289,1.354,12.25,0.031,-0.235,0.022,-0.247,-1.607,-0.007,-0.011,-0.002,1.01,-0.67,79.30
11,-1.287,1.342,12.30,0.031,-0.235,0.021,-0.248,-1.607,-0.004,-0.011,-0.001,1.00,-0.67,79.31
11,-1.283,1.330,12.35,0.031,-0.235,0.020,-0.248,-1.606,-0.003,-0.012,-0.001,1.00,-0.67,79.32
11,-1.279,1.317,12.40,0.031,-0.235,0.019,-0.249,-1.606,0.000,-0.012,-0.001,1.00,-0.67,79.33
11,-1.274,1.304,12.45,0.031,-0.235,0.019,-0.250,-1.606,0.003,-0.012,-0.001,1.01,-0.67,79.33
11,-1.268,1.291,12.50,0.031,-0.235,0.018,-0.250,-1.605,0.006,-0.013,-0.002,1.02,-0.68,79.33
11,-1.261,1.277,12.55,0.031,-0.235,0.018,-0.251,-1.605,0.007,-0.013,-0.002,1.04,-0.69,79.34
11,-1.254,1.263,12.60,0.031,-0.235,0.018,-0.251,-1.605,0.010,-0.013,-0.003,1.06,-0.70,79.34
11,-1.246,1.249,12.65,0.031,-0.235,0.018,-0.251,-1.605,0.011,-0.013,-0.003,1.07,-0.70,79.34
11,-1.237,1.234,12.70,0.031,-0.235,0.018,-0.252,-1.605,0.013,-0.012,-0.004,1.09,-0.71,79.34
11,-1.228,1.220,12.75,0.031,-0.235,0.018,-0.252,-1.605,0.014,-0.012,-0.004,1.11,-0.71,79.34
11,-1.218,1.205,12.80,0.031,-0.235,0.018,-0.253,-1.605,0.016,-0.012,-0.004,1.13,-0.71,79.34
11,-1.208,1.190,12.85,0.031,-0.235,0.019,-0.253,-1.605,0.017,-0.012,-0.004,1.15,-0.72,79.34
11,-1.196,1.175,12.90,0.031,-0.235,0.019,-0.253,-1.605,0.018,-0.011,-0.004,1.16,-0.72,79.34
11,-1.184,1.160,12.95,0.031,-0.235,0.019,-0.253,-1.606,0.019,-0.011,-0.004,1.18,-0.72,79.34
11,-1.172,1.145,13.00,0.031,-0.235,0.026,-0.270,-1.611,0.014,0.001,0.001,1.33,-0.83,79.34
11,-1.159,1.130,13.05,0.031,-0.235,0.026,-0.270,-1.611,0.014,0.001,0.001,1.33,-0.83,79.34
11,-1.146,1.114,13.10,0.031,-0.235,0.026,-0.270,-1.611,0.014,0.002,0.001,1.32,-0.83,79.35
11,-1.132,1.099,13.15,0.031,-0.235,0.026,-0.271,-1.611,0.013,0.003,0.001,1.32,-0.84,79.35
11,-1.117,1.084,13.20,0.031,-0.235,0.025,-0.271,-1.611,0.012,0.003,0.001,1.31,-0.84,79.35
11,-1.102,1.069,13.25,0.031,-0.235,0.025,-0.272,-1.610,0.011,0.004,0.002,1.31,-0.84,79.35
11,-1.087,1.055,13.30,0.031,-0.235,0.025,-0.272,-1.610,0.011,0.005,0.002,1.30,-0.84,79.36
11,-1.071,1.040,13.35,0.031,-0.235,0.025,-0.273,-1.610,0.010,0.005,0.002,1.29,-0.85,79.35
11,-1.055,1.025,13.40,0.031,-0.235,0.025,-0.274,-1.610,0.009,0.005,0.002,1.29,-0.85,79.35
11,-1.039,1.011,13.45,0.031,-0.235,0.025,-0.275,-1.610,0.008,0.006,0.002,1.28,-0.85,79.35
11,-1.022,0.997,13.50,0.031,-0.235,0.025,-0.275,-1.610,0.008,0.006,0.002,1.27,-0.86,79.35
11,-1.005,0.983,13.55,0.031,-0.235,0.025,-0.276,-1.610,0.008,0.007,0.002,1.27,-0.86,79.34
11,-0.988,0.970,13.60,0.031,-0.235,0.025,-0.277,-1.611,0.008,0.007,0.002,1.27,-0.87,79.33
11,-0.971,0.957,13.65,0.031,-0.235,0.026,-0.278,-1.611,0.007,0.008,0.002,1.26,-0.88,79.33
11,-0.953,0.944,13.70,0.031,-0.235,0.027,-0.278,-1.612,0.007,0.008,0.002,1.26,-0.88,79.32
11,-0.935,0.932,13.75,0.031,-0.235,0.028,-0.279,-1.613,0.008,0.009,0.002,1.27,-0.89,79.31
11,-0.918,0.919,13.80,0.031,-0.235,0.029,-0.279,-1.613,0.008,0.009,0.002,1.27,-0.89,79.30
11,-0.900,0.908,13.85,0.031,-0.235,0.031,-0.280,-1.615,0.008,0.011,0.003,1.28,-0.90,79.29
11,-0.882,0.897,13.90,0.031,-0.235,0.032,-0.280,-1.615,0.008,0.012,0.003,1.29,-0.90,79.28
11,-0.864,0.886,13.95,0.031,-0.235,0.033,-0.280,-1.616,0.008,0.014,0.004,1.30,-0.90,79.27
11,-0.846,0.876,14.00,0.031,-0.235,0.035,-0.255,-1.610,-0.011,0.026,0.004,1.13,-0.64,79.32
11,-0.828,0.866,14.05,0.031,-0.235,0.035,-0.255,-1.610,-0.011,0.026,0.004,1.13,-0.64,79.32
11,-0.811,0.856,14.10,0.031,-0.235,0.035,-0.255,-1.610,-0.011,0.026,0.003,1.12,-0.63,79.31
11,-0.793,0.848,14.15,0.031,-0.235,0.036,-0.253,-1.609,-0.010,0.025,0.003,1.12,-0.63,79.31
11,-0.776,0.840,14.20,0.031,-0.235,0.036,-0.253,-1.608,-0.009,0.024,0.002,1.13,-0.62,79.30
11,-0.758,0.832,14.25,0.031,-0.235,0.037,-0.251,-1.607,-0.008,0.023,0.001,1.14,-0.62,79.29
11,-0.741,0.825,14.30,0.031,-0.235,0.037,-0.250,-1.607,-0.008,0.023,0.001,1.15,-0.61,79.29
11,-0.725,0.818,14.35,0.031,-0.235,0.037,-0.249,-1.606,-0.008,0.022,0.000,1.16,-0.61,79.29
11,-0.708,0.812,14.40,0.031,-0.235,0.037,-0.248,-1.605,-0.009,0.022,-0.000,1.17,-0.60,79.28
11,-0.692,0.807,14.45,0.031,-0.235,0.037,-0.245,-1.605,-0.009,0.022,-0.001,1.17,-0.59,79.28
11,-0.677,0.803,14.50,0.031,-0.235,0.037,-0.244,-1.605,-0.009,0.022,-0.002,1.18,-0.58,79.28
11,-0.661,0.799,14.55,0.031,-0.235,0.037,-0.241,-1.605,-0.010,0.023,-0.003,1.18,-0.58,79.27
11,-0.646,0.795,14.60,0.031,-0.235,0.037,-0.240,-1.604,-0.010,0.023,-0.003,1.17,-0.56,79.27
11,-0.632,0.792,14.65,0.031,-0.235,0.038,-0.236,-1.604,-0.012,0.024,-0.004,1.17,-0.54,79.27
11,-0.618,0.790,14.70,0.031,-0.235,0.037,-0.235,-1.604,-0.012,0.024,-0.004,1.16,-0.52,79.27
11,-0.605,0.789,14.75,0.031,-0.235,0.037,-0.232,-1.605,-0.014,0.025,-0.004,1.15,-0.50,79.27
11,-0.592,0.788,14.80,0.031,-0.235,0.036,-0.230,-1.605,-0.015,0.025,-0.004,1.14,-0.48,79.27
11,-0.579,0.788,14.85,0.031,-0.235,0.035,-0.227,-1.604,-0.017,0.024,-0.004,1.13,-0.46,79.27
11,-0.567,0.789,14.90,0.031,-0.235,0.035,-0.226,-1.604,-0.017,0.024,-0.004,1.10,-0.43,79.27
11,-0.556,0.790,14.95,0.031,-0.235,0.034,-0.223,-1.603,-0.019,0.023,-0.004,1.09,-0.41,79.28
11,-0.546,0.792,15.00,0.031,-0.235,-0.007,-0.230,-1.604,-0.015,-0.013,-0.004,0.67,-0.64,79.32
11,-0.536,0.794,15.05,0.031,-0.235,-0.007,-0.230,-1.604,-0.015,-0.013,-0.004,0.67,-0.64,79.32
11,-0.526,0.798,15.10,0.031,-0.235,-0.008,-0.230,-1.604,-0.014,-0.013,-0.004,0.66,-0.67,79.31
11,-0.518,0.801,15.15,0.031,-0.235,-0.010,-0.231,-1.603,-0.012,-0.011,-0.004,0.65,-0.69,79.30
11,-0.510,0.806,15.20,0.031,-0.235,-0.011,-0.232,-1.603,-0.010,-0.010,-0.004,0.64,-0.70,79.29
11,-0.502,0.811,15.25,0.031,-0.235,-0.012,-0.232,-1.602,-0.007,-0.008,-0.005,0.64,-0.71,79.29
11,-0.496,0.817,15.30,0.031,-0.235,-0.013,-0.232,-1.601,-0.006,-0.007,-0.005,0.64,-0.72,79.29
11,-0.490,0.823,15.35,0.031,-0.235,-0.014,-0.232,-1.601,-0.003,-0.005,-0.006,0.64,-0.71,79.29
11,-0.485,0.830,15.40,0.031,-0.235,-0.014,-0.232,-1.600,-0.002,-0.004,-0.006,0.64,-0.71,79.29
11,-0.481,0.837,15.45,0.031,-0.235,-0.015,-0.232,-1.600,0.001,-0.002,-0.007,0.64,-0.70,79.29
11,-0.477,0.845,15.50,0.031,-0.235,-0.015,-0.232,-1.599,0.002,-0.001,-0.007,0.64,-0.68,79.29
11,-0.475,0.854,15.55,0.031,-0.235,-0.016,-0.231,-1.599,0.005,0.001,-0.008,0.64,-0.67,79.30
11,-0.473,0.863,15.60,0.031,-0.235,-0.016,-0.231,-1.600,0.007,0.002,-0.008,0.64,-0.66,79.30
11,-0.471,0.873,15.65,0.031,-0.235,-0.016,-0.231,-1.600,0.009,0.003,-0.009,0.65,-0.64,79.31
11,-0.471,0.883,15.70,0.031,-0.235,-0.016,-0.231,-1.601,0.010,0.004,-0.009,0.65,-0.62,79.32
11,-0.471,0.893,15.75,0.031,-0.235,-0.016,-0.230,-1.602,0.013,0.004,-0.009,0.66,-0.61,79.32
11,-0.472,0.905,15.80,0.031,-0.235,-0.015,-0.230,-1.603,0.014,0.005,-0.009,0.67,-0.59,79.33
11,-0.474,0.916,15.85,0.031,-0.235,-0.015,-0.229,-1.604,0.016,0.006,-0.008,0.68,-0.58,79.34
11,-0.477,0.928,15.90,0.031,-0.235,-0.014,-0.229,-1.605,0.017,0.006,-0.007,0.69,-0.57,79.34
11,-0.480,0.940,15.95,0.031,-0.235,-0.014,-0.228,-1.606,0.019,0.006,-0.006,0.70,-0.55,79.35
11,-0.485,0.953,16.00,0.031,-0.235,0.014,-0.239,-1.608,0.025,-0.004,0.001,1.02,-0.58,79.27
11,-0.489,0.966,16.05,0.031,-0.235,0.014,-0.239,-1.608,0.025,-0.004,0.001,1.02,-0.58,79.27
11,-0.495,0.980,16.10,0.031,-0.235,0.016,-0.240,-1.608,0.023,-0.004,0.000,1.03,-0.59,79.27
11,-0.502,0.993,16.15,0.031,-0.235,0.016,-0.241,-1.607,0.022,-0.004,0.000,1.03,-0.60,79.27
11,-0.509,1.007,16.20,0.031,-0.235,0.017,-0.242,-1.607,0.021,-0.004,0.000,1.03,-0.61,79.27
11,-0.517,1.021,16.25,0.031,-0.235,0.019,-0.243,-1.607,0.019,-0.004,-0.000,1.03,-0.62,79.27
11,-0.525,1.036,16.30,0.031,-0.235,0.020,-0.244,-1.607,0.019,-0.004,-0.000,1.03,-0.63,79.28
11,-0.534,1.050,16.35,0.031,-0.235,0.022,-0.245,-1.608,0.018,-0.003,-0.001,1.03,-0.64,79.28
11,-0.544,1.065,16.40,0.031,-0.235,0.023,-0.246,-1.608,0.017,-0.002,-0.001,1.03,-0.65,79.29
11,-0.555,1.080,16.45,0.031,-0.235,0.025,-0.247,-1.608,0.017,-0.001,-0.001,1.03,-0.66,79.29
11,-0.566,1.095,16.50,0.031,-0.235,0.027,-0.247,-1.609,0.016,-0.000,-0.001,1.04,-0.66,79.30
11,-0.578,1.110,16.55,0.031,-0.235,0.030,-0.247,-1.609,0.016,0.001,-0.000,1.05,-0.66,79.31
11,-0.590,1.125,16.60,0.031,-0.235,0.031,-0.247,-1.610,0.016,0.003,-0.000,1.06,-0.66,79.31
11,-0.603,1.140,16.65,0.031,-0.235,0.035,-0.246,-1.610,0.015,0.005,0.001,1.07,-0.65,79.32
11,-0.616,1.156,16.70,0.031,-0.235,0.036,-0.246,-1.611,0.015,0.006,0.001,1.08,-0.64,79.32
11,-0.630,1.171,16.75,0.031,-0.235,0.039,-0.245,-1.611,0.014,0.008,0.001,1.10,-0.63,79.33
11,-0.645,1.186,16.80,0.031,-0.235,0.040,-0.244,-1.612,0.013,0.009,0.002,1.11,-0.61,79.33
11,-0.659,1.201,16.85,0.031,-0.235,0.042,-0.243,-1.613,0.011,0.011,0.002,1.12,-0.59,79.33
11,-0.675,1.215,16.90,0.031,-0.235,0.043,-0.242,-1.614,0.010,0.012,0.003,1.14,-0.57,79.33
11,-0.690,1.230,16.95,0.031,-0.235,0.045,-0.239,-1.615,0.008,0.014,0.004,1.14,-0.55,79.33
11,-0.706,1.245,17.00,0.031,-0.235,0.051,-0.201,-1.621,-0.017,0.002,0.014,0.93,-0.23,79.21
11,-0.723,1.259,17.05,0.031,-0.235,0.051,-0.201,-1.621,-0.017,0.002,0.014,0.93,-0.23,79.21
11,-0.739,1.273,17.10,0.031,-0.235,0.052,-0.199,-1.621,-0.017,0.001,0.014,0.93,-0.23,79.21
11,-0.756,1.287,17.15,0.031,-0.235,0.053,-0.199,-1.621,-0.016,-0.000,0.014,0.93,-0.22,79.22
11,-0.773,1.300,17.20,0.031,-0.235,0.055,-0.197,-1.621,-0.016,-0.002,0.013,0.94,-0.21,79.23
11,-0.791,1.313,17.25,0.031,-0.235,0.056,-0.197,-1.620,-0.015,-0.003,0.013,0.95,-0.20,79.24
11,-0.808,1.326,17.30,0.031,-0.235,0.058,-0.196,-1.619,-0.015,-0.005,0.013,0.96,-0.19,79.25
11,-0.826,1.339,17.35,0.031,-0.235,0.058,-0.196,-1.619,-0.015,-0.007,0.013,0.97,-0.19,79.27
11,-0.844,1.351,17.40,0.031,-0.235,0.060,-0.195,-1.617,-0.015,-0.009,0.012,0.99,-0.19,79.27
11,-0.862,1.363,17.45,0.031,-0.235,0.060,-0.195,-1.617,-0.015,-0.010,0.011,1.01,-0.19,79.28
11,-0.880,1.374,17.50,0.031,-0.235,0.061,-0.195,-1.616,-0.017,-0.012,0.011,1.02,-0.19,79.28
11,-0.897,1.385,17.55,0.031,-0.235,0.061,-0.195,-1.615,-0.017,-0.014,0.010,1.03,-0.20,79.29
11,-0.915,1.395,17.60,0.031,-0.235,0.061,-0.195,-1.614,-0.019,-0.016,0.009,1.04,-0.20,79.29
11,-0.933,1.405,17.65,0.031,-0.235,0.061,-0.196,-1.614,-0.020,-0.018,0.008,1.04,-0.22,79.29
11,-0.951,1.414,17.70,0.031,-0.235,0.060,-0.197,-1.613,-0.022,-0.020,0.007,1.03,-0.23,79.29
11,-0.968,1.423,17.75,0.031,-0.235,0.060,-0.197,-1.613,-0.023,-0.021,0.006,1.03,-0.25,79.29
11,-0.986,1.432,17.80,0.031,-0.235,0.058,-0.199,-1.612,-0.026,-0.023,0.005,1.02,-0.27,79.29
11,-1.003,1.439,17.85,0.031,-0.235,0.058,-0.200,-1.612,-0.027,-0.024,0.005,1.01,-0.29,79.29
11,-1.020,1.446,17.90,0.031,-0.235,0.056,-0.202,-1.612,-0.029,-0.026,0.004,1.00,-0.31,79.28
11,-1.037,1.453,17.95,0.031,-0.235,0.055,-0.203,-1.612,-0.030,-0.027,0.004,0.98,-0.34,79.28
11,-1.053,1.459,18.00,0.031,-0.235,0.016,-0.263,-1.593,-0.006,-0.008,-0.015,0.78,-0.88,79.38
11,-1.069,1.464,18.05,0.031,-0.235,0.016,-0.263,-1.593,-0.006,-0.008,-0.015,0.78,-0.88,79.38
11,-1.085,1.469,18.10,0.031,-0.235,0.016,-0.264,-1.593,-0.004,-0.004,-0.015,0.79,-0.88,79.37
11,-1.100,1.473,18.15,0.031,-0.235,0.016,-0.264,-1.594,-0.003,-0.002,-0.016,0.80,-0.87,79.36
11,-1.115,1.477,18.20,0.031,-0.235,0.016,-0.264,-1.594,-0.001,0.002,-0.016,0.80,-0.86,79.36
11,-1.130,1.479,18.25,0.031,-0.235,0.016,-0.263,-1.594,0.001,0.004,-0.016,0.80,-0.85,79.35
11,-1.144,1.482,18.30,0.031,-0.235,0.016,-0.262,-1.595,0.003,0.008,-0.016,0.81,-0.83,79.35
11,-1.157,1.483,18.35,0.031,-0.235,0.016,-0.262,-1.595,0.004,0.009,-0.016,0.81,-0.80,79.35
11,-1.170,1.484,18.40,0.031,-0.235,0.017,-0.260,-1.597,0.007,0.013,-0.015,0.81,-0.78,79.35
11,-1.183,1.484,18.45,0.031,-0.235,0.017,-0.260,-1.597,0.008,0.014,-0.015,0.82,-0.75,79.34
11,-1.195,1.484,18.50,0.031,-0.235,0.018,-0.258,-1.599,0.011,0.016,-0.014,0.82,-0.72,79.34
11,-1.206,1.483,18.55,0.031,-0.235,0.019,-0.257,-1.599,0.012,0.017,-0.014,0.84,-0.69,79.34
11,-1.217,1.481,18.60,0.031,-0.235,0.019,-0.256,-1.601,0.015,0.018,-0.013,0.85,-0.66,79.34
11,-1.227,1.478,18.65,0.031,-0.235,0.020,-0.255,-1.602,0.016,0.018,-0.012,0.86,-0.64,79.35
11,-1.236,1.475,18.70,0.031,-0.235,0.021,-0.254,-1.605,0.018,0.019,-0.010,0.88,-0.61,79.35
11,-1.245,1.471,18.75,0.031,-0.235,0.022,-0.253,-1.606,0.019,0.019,-0.009,0.90,-0.59,79.34
11,-1.253,1.467,18.80,0.031,-0.235,0.023,-0.253,-1.608,0.021,0.018,-0.007,0.91,-0.57,79.34
11,-1.260,1.462,18.85,0.031,-0.235,0.024,-0.252,-1.608,0.022,0.018,-0.007,0.93,-0.56,79.33
11,-1.267,1.457,18.90,0.031,-0.235,0.025,-0.252,-1.611,0.024,0.017,-0.005,0.95,-0.55,79.32
11,-1.273,1.450,18.95,0.031,-0.235,0.025,-0.252,-1.612,0.024,0.016,-0.004,0.98,-0.54,79.31
11,-1.278,1.443,19.00,0.031,-0.235,0.044,-0.247,-1.623,0.023,-0.003,0.016,1.27,-0.57,79.26
11,-1.283,1.436,19.05,0.031,-0.235,0.044,-0.247,-1.623,0.023,-0.003,0.016,1.27,-0.57,79.26
11,-1.286,1.428,19.10,0.031,-0.235,0.046,-0.249,-1.622,0.023,-0.004,0.016,1.28,-0.58,79.25
11,-1.289,1.420,19.15,0.031,-0.235,0.047,-0.249,-1.622,0.023,-0.004,0.015,1.30,-0.60,79.25
11,-1.291,1.411,19.20,0.031,-0.235,0.048,-0.251,-1.622,0.022,-0.004,0.015,1.32,-0.61,79.24
11,-1.292,1.401,19.25,0.031,-0.235,0.049,-0.251,-1.622,0.022,-0.005,0.015,1.34,-0.63,79.24
11,-1.293,1.391,19.30,0.031,-0.235,0.050,-0.253,-1.621,0.020,-0.005,0.014,1.35,-0.64,79.24
11,-1.293,1.380,19.35,0.031,-0.235,0.050,-0.254,-1.620,0.020,-0.005,0.014,1.37,-0.65,79.24
11,-1.292,1.369,19.40,0.031,-0.235,0.050,-0.256,-1.619,0.018,-0.005,0.013,1.38,-0.67,79.24
11,-1.290,1.358,19.45,0.031,-0.235,0.050,-0.256,-1.619,0.017,-0.005,0.013,1.39,-0.68,79.25
11,-1.287,1.346,19.50,0.031,-0.235,0.050,-0.258,-1.618,0.014,-0.005,0.012,1.39,-0.69,79.26
11,-1.284,1.334,19.55,0.031,-0.235,0.049,-0.259,-1.618,0.013,-0.005,0.011,1.39,-0.71,79.26
11,-1.280,1.321,19.60,0.031,-0.235,0.048,-0.261,-1.617,0.010,-0.004,0.010,1.39,-0.72,79.27
11,-1.275,1.308,19.65,0.031,-0.235,0.048,-0.262,-1.617,0.009,-0.004,0.010,1.37,-0.73,79.28
11,-1.270,1.295,19.70,0.031,-0.235,0.047,-0.263,-1.617,0.008,-0.003,0.009,1.36,-0.75,79.28
11,-1.263,1.281,19.75,0.031,-0.235,0.047,-0.264,-1.618,0.007,-0.002,0.009,1.35,-0.76,79.29
11,-1.256,1.267,19.80,0.031,-0.235,0.047,-0.265,-1.618,0.006,-0.001,0.009,1.33,-0.78,79.30
11,-1.249,1.253,19.85,0.031,-0.235,0.047,-0.265,-1.618,0.006,0.000,0.009,1.32,-0.78,79.30
11,-1.240,1.239,19.90,0.031,-0.235,0.047,-0.265,-1.618,0.006,0.002,0.009,1.32,-0.79,79.31
11,-1.231,1.224,19.95,0.031,-0.235,0.047,-0.265,-1.618,0.006,0.003,0.009,1.31,-0.79,79.31
12,4.946,-1.524,0.00,0.031,-0.235,0.023,0.101,-1.599,-0.138,0.159,-0.013,-0.08,4.67,79.33
12,4.903,-1.574,0.05,0.031,-0.235,0.023,0.101,-1.599,-0.138,0.159,-0.013,-0.08,4.67,79.33
12,4.856,-1.620,0.10,0.031,-0.235,0.013,0.111,-1.598,-0.143,0.143,-0.014,-0.22,4.71,79.28
12,4.807,-1.663,0.15,0.031,-0.235,0.007,0.117,-1.597,-0.146,0.132,-0.015,-0.36,4.73,79.24
12,4.754,-1.702,0.20,0.031,-0.235,-0.003,0.125,-1.596,-0.150,0.116,-0.016,-0.49,4.74,79.22
12,4.700,-1.738,0.25,0.031,-0.235,-0.007,0.129,-1.595,-0.151,0.107,-0.017,-0.62,4.75,79.19
12,4.642,-1.769,0.30,0.031,-0.235,-0.017,0.135,-1.595,-0.153,0.090,-0.018,-0.75,4.74,79.19
12,4.583,-1.797,0.35,0.031,-0.235,-0.023,0.138,-1.595,-0.153,0.079,-0.019,-0.87,4.73,79.19
12,4.521,-1.821,0.40,0.031,-0.235,-0.032,0.142,-1.596,-0.152,0.062,-0.020,-0.98,4.70,79.21
12,4.458,-1.841,0.45,0.031,-0.235,-0.037,0.144,-1.596,-0.152,0.053,-0.020,-1.09,4.67,79.24
12,4.393,-1.857,0.50,0.031,-0.235,-0.045,0.146,-1.597,-0.149,0.036,-0.020,-1.19,4.64,79.28
12,4.326,-1.869,0.55,0.031,-0.235,-0.051,0.146,-1.598,-0.147,0.026,-0.020,-1.28,4.59,79.32
12,4.258,-1.876,0.60,0.031,-0.235,-0.059,0.146,-1.600,-0.144,0.009,-0.019,-1.36,4.54,79.38
12,4.188,-1.880,0.65,0.031,-0.235,-0.064,0.146,-1.601,-0.141,0.001,-0.018,-1.43,4.47,79.44
12,4.118,-1.879,0.70,0.031,-0.235,-0.071,0.144,-1.603,-0.136,-0.014,-0.016,-1.50,4.41,79.50
12,4.046,-1.874,0.75,0.031,-0.235,-0.076,0.143,-1.604,-0.132,-0.023,-0.015,-1.56,4.34,79.58
12,3.974,-1.865,0.80,0.031,-0.235,-0.083,0.139,-1.606,-0.126,-0.037,-0.013,-1.61,4.28,79.64
12,3.902,-1.852,0.85,0.031,-0.235,-0.086,0.137,-1.606,-0.122,-0.043,-0.012,-1.65,4.20,79.71
12,3.829,-1.835,0.90,0.031,-0.235,-0.093,0.132,-1.607,-0.115,-0.056,-0.009,-1.69,4.13,79.76
12,3.757,-1.813,0.95,0.031,-0.235,-0.097,0.129,-1.608,-0.111,-0.063,-0.008,-1.72,4.05,79.80
12,3.684,-1.788,1.00,0.031,-0.235,-0.143,0.012,-1.614,0.001,-0.102,0.006,-1.78,3.00,79.33
12,3.612,-1.759,1.05,0.031,-0.235,-0.143,0.012,-1.614,0.001,-0.102,0.006,-1.78,3.00,79.33
12,3.541,-1.726,1.10,0.031,-0.235,-0.143,0.009,-1.613,0.003,-0.101,0.006,-1.78,2.99,79.32
12,3.470,-1.689,1.15,0.031,-0.235,-0.142,0.001,-1.613,0.008,-0.099,0.006,-1.77,2.98,79.32
12,3.400,-1.648,1.20,0.031,-0.235,-0.141,-0.002,-1.613,0.011,-0.098,0.006,-1.77,2.97,79.32
12,3.331,-1.604,1.25,0.031,-0.235,-0.140,-0.008,-1.613,0.015,-0.097,0.006,-1.76,2.95,79.33
12,3.263,-1.557,1.30,0.031,-0.235,-0.139,-0.012,-1.614,0.017,-0.097,0.006,-1.74,2.94,79.34
12,3.197,-1.506,1.35,0.031,-0.235,-0.136,-0.019,-1.614,0.021,-0.096,0.006,-1.73,2.93,79.36
12,3.133,-1.452,1.40,0.031,-0.235,-0.135,-0.022,-1.614,0.022,-0.096,0.006,-1.71,2.92,79.38
12,3.071,-1.395,1.45,0.031,-0.235,-0.133,-0.028,-1.614,0.025,-0.096,0.006,-1.70,2.90,79.39
12,3.010,-1.335,1.50,0.031,-0.235,-0.132,-0.030,-1.614,0.026,-0.096,0.006,-1.68,2.88,79.40
12,2.952,-1.273,1.55,0.031,-0.235,-0.129,-0.037,-1.615,0.028,-0.096,0.007,-1.66,2.86,79.41
12,2.896,-1.208,1.60,0.031,-0.235,-0.128,-0.040,-1.615,0.029,-0.096,0.007,-1.65,2.84,79.42
12,2.843,-1.140,1.65,0.031,-0.235,-0.126,-0.045,-1.615,0.030,-0.095,0.008,-1.63,2.82,79.42
12,2.792,-1.071,1.70,0.031,-0.235,-0.125,-0.048,-1.615,0.030,-0.095,0.008,-1.62,2.79,79.42
12,2.744,-1.000,1.75,0.031,-0.235,-0.123,-0.054,-1.616,0.030,-0.095,0.008,-1.61,2.77,79.41
12,2.699,-0.926,1.80,0.031,-0.235,-0.122,-0.057,-1.616,0.030,-0.095,0.008,-1.60,2.74,79.40
12,2.657,-0.852,1.85,0.031,-0.235,-0.121,-0.062,-1.616,0.030,-0.095,0.009,-1.59,2.71,79.39
12,2.619,-0.775,1.90,0.031,-0.235,-0.120,-0.065,-1.616,0.030,-0.094,0.009,-1.59,2.69,79.38
12,2.583,-0.698,1.95,0.031,-0.235,-0.119,-0.071,-1.616,0.029,-0.094,0.009,-1.59,2.66,79.37
12,2.551,-0.620,2.00,0.031,-0.235,-0.104,-0.156,-1.620,0.046,-0.067,0.013,-1.69,2.11,79.22
12,2.522,-0.541,2.05,0.031,-0.235,-0.104,-0.156,-1.620,0.046,-0.067,0.013,-1.69,2.11,79.22
12,2.497,-0.461,2.10,0.031,-0.235,-0.102,-0.158,-1.620,0.047,-0.066,0.014,-1.66,2.09,79.22
12,2.475,-0.382,2.15,0.031,-0.235,-0.098,-0.162,-1.619,0.049,-0.063,0.014,-1.63,2.07,79.22
12,2.458,-0.302,2.20,0.031,-0.235,-0.096,-0.164,-1.619,0.050,-0.061,0.014,-1.61,2.06,79.21
12,2.443,-0.222,2.25,0.031,-0.235,-0.092,-0.168,-1.618,0.053,-0.059,0.013,-1.59,2.06,79.21
12,2.433,-0.143,2.30,0.031,-0.235,-0.090,-0.169,-1.618,0.055,-0.058,0.013,-1.57,2.05,79.21
12,2.426,-0.064,2.35,0.031,-0.235,-0.085,-0.173,-1.618,0.058,-0.056,0.013,-1.55,2.04,79.21
12,2.423,0.014,2.40,0.031,-0.235,-0.082,-0.174,-1.617,0.060,-0.055,0.012,-1.52,2.04,79.22
12,2.424,0.091,2.45,0.031,-0.235,-0.077,-0.177,-1.617,0.063,-0.053,0.012,-1.49,2.04,79.22
12,2.429,0.167,2.50,0.031,-0.235,-0.075,-0.178,-1.616,0.065,-0.052,0.012,-1.46,2.04,79.23
12,2.437,0.242,2.55,0.031,-0.235,-0.069,-0.180,-1.616,0.069,-0.051,0.011,-1.42,2.04,79.24
12,2.449,0.314,2.60,0.031,-0.235,-0.067,-0.181,-1.615,0.070,-0.050,0.011,-1.37,2.04,79.25
12,2.465,0.385,2.65,0.031,-0.235,-0.062,-0.183,-1.615,0.073,-0.048,0.010,-1.33,2.04,79.26
12,2.485,0.454,2.70,0.031,-0.235,-0.059,-0.184,-1.614,0.074,-0.048,0.010,-1.28,2.04,79.28
12,2.508,0.521,2.75,0.031,-0.235,-0.054,-0.186,-1.614,0.076,-0.046,0.009,-1.23,2.04,79.30
12,2.535,0.585,2.80,0.031,-0.235,-0.052,-0.186,-1.614,0.077,-0.046,0.009,-1.19,2.05,79.33
12,2.565,0.647,2.85,0.031,-0.235,-0.047,-0.188,-1.614,0.078,-0.045,0.008,-1.14,2.05,79.35
12,2.599,0.706,2.90,0.031,-0.235,-0.045,-0.188,-1.614,0.078,-0.045,0.008,-1.09,2.06,79.37
12,2.636,0.762,2.95,0.031,-0.235,-0.039,-0.190,-1.614,0.079,-0.044,0.008,-1.05,2.06,79.39
12,2.676,0.815,3.00,0.031,-0.235,0.010,-0.230,-1.606,0.044,-0.039,0.002,-0.56,1.73,79.28
12,2.720,0.865,3.05,0.031,-0.235,0.010,-0.230,-1.606,0.044,-0.039,0.002,-0.56,1.73,79.28
12,2.766,0.912,3.10,0.031,-0.235,0.012,-0.233,-1.604,0.041,-0.038,0.001,-0.56,1.72,79.27
12,2.815,0.955,3.15,0.031,-0.235,0.013,-0.234,-1.604,0.040,-0.037,0.001,-0.56,1.70,79.28
12,2.867,0.995,3.20,0.031,-0.235,0.014,-0.236,-1.603,0.039,-0.035,-0.000,-0.56,1.69,79.28
12,2.922,1.031,3.25,0.031,-0.235,0.014,-0.238,-1.602,0.038,-0.034,-0.001,-0.56,1.67,79.29
12,2.979,1.063,3.30,0.031,-0.235,0.015,-0.240,-1.601,0.038,-0.032,-0.003,-0.57,1.66,79.30
12,3.038,1.091,3.35,0.031,-0.235,0.015,-0.241,-1.601,0.038,-0.030,-0.003,-0.57,1.64,79.31
12,3.099,1.115,3.40,0.031,-0.235,0.016,-0.242,-1.601,0.038,-0.027,-0.005,-0.58,1.63,79.32
12,3.163,1.136,3.45,0.031,-0.235,0.016,-0.243,-1.601,0.038,-0.026,-0.005,-0.58,1.62,79.33
12,3.228,1.152,3.50,0.031,-0.235,0.016,-0.244,-1.601,0.040,-0.022,-0.006,-0.58,1.62,79.34
12,3.295,1.164,3.55,0.031,-0.235,0.017,-0.245,-1.601,0.040,-0.020,-0.006,-0.57,1.62,79.34
12,3.363,1.172,3.60,0.031,-0.235,0.017,-0.246,-1.601,0.042,-0.017,-0.007,-0.57,1.63,79.35
12,3.432,1.176,3.65,0.031,-0.235,0.017,-0.246,-1.602,0.043,-0.015,-0.007,-0.56,1.64,79.36
12,3.502,1.175,3.70,0.031,-0.235,0.018,-0.246,-1.603,0.046,-0.012,-0.007,-0.55,1.65,79.36
12,3.574,1.171,3.75,0.031,-0.235,0.018,-0.246,-1.603,0.047,-0.010,-0.007,-0.53,1.67,79.37
12,3.646,1.162,3.80,0.031,-0.235,0.019,-0.247,-1.604,0.050,-0.007,-0.006,-0.52,1.68,79.37
12,3.718,1.149,3.85,0.031,-0.235,0.020,-0.247,-1.604,0.051,-0.006,-0.006,-0.49,1.70,79.37
12,3.790,1.132,3.90,0.031,-0.235,0.022,-0.247,-1.605,0.054,-0.003,-0.006,-0.48,1.72,79.37
12,3.863,1.111,3.95,0.031,-0.235,0.023,-0.247,-1.605,0.056,-0.003,-0.005,-0.44,1.74,79.37
12,3.936,1.086,4.00,0.031,-0.235,0.088,-0.261,-1.616,0.055,0.008,0.007,0.46,1.89,79.33
12,4.008,1.057,4.05,0.031,-0.235,0.088,-0.261,-1.616,0.055,0.008,0.007,0.46,1.89,79.33
12,4.080,1.025,4.10,0.031,-0.235,0.090,-0.261,-1.616,0.052,0.008,0.007,0.48,1.90,79.33
12,4.150,0.988,4.15,0.031,-0.235,0.094,-0.262,-1.616,0.049,0.009,0.007,0.50,1.90,79.33
12,4.221,0.948,4.20,0.031,-0.235,0.096,-0.263,-1.616,0.047,0.010,0.007,0.52,1.90,79.33
12,4.289,0.904,4.25,0.031,-0.235,0.099,-0.264,-1.616,0.043,0.010,0.008,0.54,1.90,79.33
12,4.357,0.857,4.30,0.031,-0.235,0.101,-0.264,-1.616,0.041,0.010,0.008,0.56,1.90,79.33
12,4.423,0.807,4.35,0.031,-0.235,0.104,-0.265,-1.616,0.037,0.011,0.008,0.58,1.90,79.34
12,4.488,0.753,4.40,0.031,-0.235,0.105,-0.266,-1.616,0.035,0.011,0.008,0.59,1.90,79.34
12,4.550,0.696,4.45,0.031,-0.235,0.108,-0.268,-1.616,0.031,0.011,0.008,0.60,1.90,79.34
12,4.611,0.637,4.50,0.031,-0.235,0.109,-0.269,-1.616,0.028,0.011,0.008,0.61,1.89,79.35
12,4.669,0.574,4.55,0.031,-0.235,0.110,-0.270,-1.616,0.023,0.011,0.008,0.62,1.89,79.36
12,4.725,0.510,4.60,0.031,-0.235,0.111,-0.271,-1.616,0.021,0.011,0.008,0.62,1.88,79.38
12,4.779,0.443,4.65,0.031,-0.235,0.112,-0.273,-1.615,0.017,0.011,0.008,0.62,1.86,79.38
12,4.830,0.373,4.70,0.031,-0.235,0.112,-0.274,-1.615,0.014,0.012,0.008,0.62,1.85,79.39
12,4.878,0.302,4.75,0.031,-0.235,0.113,-0.275,-1.615,0.010,0.012,0.008,0.62,1.84,79.40
12,4.923,0.229,4.80,0.031,-0.235,0.114,-0.276,-1.614,0.008,0.012,0.007,0.61,1.83,79.40
12,4.965,0.154,4.85,0.031,-0.235,0.114,-0.278,-1.614,0.004,0.013,0.007,0.60,1.81,79.40
12,5.005,0.078,4.90,0.031,-0.235,0.114,-0.278,-1.613,0.002,0.014,0.007,0.59,1.80,79.41
12,5.040,0.001,4.95,0.031,-0.235,0.114,-0.280,-1.613,-0.002,0.014,0.006,0.59,1.79,79.41
12,5.073,-0.077,5.00,0.031,-0.235,0.106,-0.280,-1.611,-0.027,0.036,0.003,0.47,1.81,79.31
12,5.102,-0.156,5.05,0.031,-0.235,0.106,-0.280,-1.611,-0.027,0.036,0.003,0.47,1.81,79.31
12,5.127,-0.236,5.10,0.031,-0.235,0.104,-0.278,-1.611,-0.029,0.038,0.003,0.46,1.83,79.31
12,5.149,-0.315,5.15,0.031,-0.235,0.103,-0.277,-1.610,-0.030,0.039,0.003,0.45,1.84,79.31
12,5.167,-0.395,5.20,0.031,-0.235,0.101,-0.275,-1.610,-0.032,0.042,0.003,0.44,1.84,79.31
12,5.182,-0.475,5.25,0.031,-0.235,0.100,-0.273,-1.610,-0.033,0.044,0.002,0.43,1.85,79.30
12,5.193,-0.554,5.30,0.031,-0.235,0.097,-0.269,-1.609,-0.035,0.050,0.002,0.42,1.87,79.30
12,5.200,-0.633,5.35,0.031,-0.235,0.096,-0.267,-1.609,-0.036,0.052,0.001,0.40,1.89,79.29
12,5.203,-0.711,5.40,0.031,-0.235,0.093,-0.263,-1.608,-0.038,0.058,0.001,0.38,1.92,79.29
12,5.203,-0.789,5.45,0.031,-0.235,0.092,-0.261,-1.608,-0.039,0.061,0.000,0.36,1.96,79.28
12,5.198,-0.864,5.50,0.031,-0.235,0.089,-0.256,-1.607,-0.041,0.068,-0.001,0.33,2.02,79.28
12,5.190,-0.939,5.55,0.031,-0.235,0.088,-0.253,-1.607,-0.042,0.071,-0.001,0.31,2.06,79.27
12,5.178,-1.012,5.60,0.031,-0.235,0.086,-0.248,-1.607,-0.043,0.076,-0.002,0.27,2.14,79.27
12,5.163,-1.083,5.65,0.031,-0.235,0.085,-0.245,-1.607,-0.044,0.079,-0.002,0.25,2.19,79.26
12,5.143,-1.152,5.70,0.031,-0.235,0.082,-0.238,-1.607,-0.046,0.085,-0.003,0.21,2.26,79.26
12,5.120,-1.219,5.75,0.031,-0.235,0.081,-0.235,-1.607,-0.046,0.087,-0.003,0.18,2.33,79.27
12,5.094,-1.284,5.80,0.031,-0.235,0.079,-0.229,-1.607,-0.048,0.091,-0.003,0.14,2.41,79.27
12,5.064,-1.346,5.85,0.031,-0.235,0.078,-0.226,-1.607,-0.048,0.092,-0.004,0.11,2.48,79.28
12,5.030,-1.405,5.90,0.031,-0.235,0.075,-0.219,-1.607,-0.049,0.096,-0.004,0.07,2.57,79.28
12,4.994,-1.461,5.95,0.031,-0.235,0.074,-0.216,-1.607,-0.050,0.097,-0.004,0.04,2.63,79.28
12,4.954,-1.515,6.00,0.031,-0.235,0.046,-0.116,-1.614,-0.055,0.051,0.002,-0.56,3.72,79.34
12,4.911,-1.565,6.05,0.031,-0.235,0.046,-0.116,-1.614,-0.055,0.051,0.002,-0.56,3.72,79.34
12,4.865,-1.612,6.10,0.031,-0.235,0.044,-0.111,-1.614,-0.053,0.045,0.002,-0.59,3.72,79.34
12,4.816,-1.655,6.15,0.031,-0.235,0.043,-0.109,-1.614,-0.052,0.043,0.002,-0.61,3.73,79.34
12,4.764,-1.695,6.20,0.031,-0.235,0.041,-0.105,-1.614,-0.050,0.039,0.003,-0.63,3.74,79.34
12,4.710,-1.732,6.25,0.031,-0.235,0.040,-0.104,-1.614,-0.050,0.036,0.002,-0.65,3.75,79.34
12,4.653,-1.764,6.30,0.031,-0.235,0.038,-0.100,-1.614,-0.048,0.031,0.002,-0.66,3.76,79.33
12,4.594,-1.793,6.35,0.031,-0.235,0.037,-0.098,-1.614,-0.047,0.029,0.002,-0.67,3.78,79.32
12,4.533,-1.817,6.40,0.031,-0.235,0.034,-0.096,-1.615,-0.046,0.024,0.002,-0.68,3.79,79.32
12,4.469,-1.838,6.45,0.031,-0.235,0.033,-0.095,-1.615,-0.045,0.021,0.002,-0.70,3.80,79.31
12,4.405,-1.855,6.50,0.031,-0.235,0.030,-0.093,-1.616,-0.044,0.016,0.002,-0.71,3.81,79.30
12,4.338,-1.867,6.55,0.031,-0.235,0.029,-0.092,-1.617,-0.044,0.013,0.002,-0.72,3.81,79.29
12,4.270,-1.875,6.60,0.031,-0.235,0.027,-0.091,-1.618,-0.042,0.008,0.003,-0.74,3.81,79.28
12,4.201,-1.880,6.65,0.031,-0.235,0.026,-0.090,-1.618,-0.041,0.005,0.004,-0.75,3.81,79.28
12,4.130,-1.880,6.70,0.031,-0.235,0.023,-0.090,-1.619,-0.039,-0.001,0.005,-0.77,3.80,79.27
12,4.059,-1.875,6.75,0.031,-0.235,0.023,-0.090,-1.619,-0.038,-0.004,0.006,-0.78,3.79,79.26
12,3.987,-1.867,6.80,0.031,-0.235,0.021,-0.091,-1.619,-0.037,-0.009,0.007,-0.79,3.78,79.26
12,3.915,-1.855,6.85,0.031,-0.235,0.020,-0.092,-1.619,-0.036,-0.012,0.007,-0.80,3.76,79.25
12,3.843,-1.838,6.90,0.031,-0.235,0.018,-0.094,-1.619,-0.034,-0.018,0.008,-0.80,3.74,79.24
12,3.770,-1.817,6.95,0.031,-0.235,0.017,-0.095,-1.619,-0.033,-0.020,0.008,-0.81,3.71,79.23
12,3.697,-1.793,7.00,0.031,-0.235,-0.004,-0.152,-1.608,0.008,-0.042,0.000,-0.77,3.21,79.34
12,3.625,-1.764,7.05,0.031,-0.235,-0.004,-0.152,-1.608,0.008,-0.042,0.000,-0.77,3.21,79.34
12,3.553,-1.732,7.10,0.031,-0.235,-0.004,-0.153,-1.608,0.009,-0.041,0.000,-0.75,3.19,79.35
12,3.482,-1.696,7.15,0.031,-0.235,-0.003,-0.156,-1.608,0.011,-0.039,-0.000,-0.72,3.19,79.37
12,3.412,-1.656,7.20,0.031,-0.235,-0.002,-0.157,-1.608,0.011,-0.037,-0.000,-0.70,3.19,79.39
12,3.343,-1.612,7.25,0.031,-0.235,-0.002,-0.159,-1.607,0.010,-0.035,-0.001,-0.67,3.19,79.41
12,3.275,-1.565,7.30,0.031,-0.235,-0.002,-0.159,-1.607,0.009,-0.034,-0.001,-0.65,3.20,79.42
12,3.209,-1.515,7.35,0.031,-0.235,-0.002,-0.161,-1.607,0.006,-0.033,-0.001,-0.63,3.21,79.43
12,3.145,-1.462,7.40,0.031,-0.235,-0.002,-0.162,-1.607,0.004,-0.033,-0.001,-0.62,3.23,79.43
12,3.082,-1.405,7.45,0.031,-0.235,-0.003,-0.165,-1.608,-0.001,-0.034,-0.002,-0.62,3.23,79.42
12,3.021,-1.346,7.50,0.031,-0.235,-0.004,-0.166,-1.608,-0.004,-0.035,-0.002,-0.63,3.23,79.41
12,2.962,-1.284,7.55,0.031,-0.235,-0.006,-0.169,-1.608,-0.010,-0.036,-0.002,-0.65,3.23,79.38
12,2.906,-1.220,7.60,0.031,-0.235,-0.007,-0.170,-1.608,-0.013,-0.037,-0.001,-0.68,3.22,79.36
12,2.852,-1.153,7.65,0.031,-0.235,-0.010,-0.174,-1.609,-0.020,-0.040,-0.001,-0.72,3.19,79.33
12,2.801,-1.084,7.70,0.031,-0.235,-0.011,-0.175,-1.609,-0.023,-0.041,-0.001,-0.77,3.16,79.31
12,2.753,-1.013,7.75,0.031,-0.235,-0.014,-0.178,-1.610,-0.029,-0.043,-0.000,-0.82,3.13,79.28
12,2.707,-0.940,7.80,0.031,-0.235,-0.016,-0.180,-1.610,-0.031,-0.044,0.000,-0.88,3.09,79.26
12,2.665,-0.865,7.85,0.031,-0.235,-0.021,-0.184,-1.611,-0.037,-0.046,0.001,-0.94,3.05,79.25
12,2.625,-0.789,7.90,0.031,-0.235,-0.023,-0.185,-1.611,-0.039,-0.047,0.001,-1.01,3.00,79.24
12,2.589,-0.712,7.95,0.031,-0.235,-0.028,-0.189,-1.612,-0.043,-0.049,0.002,-1.07,2.96,79.23
12,2.556,-0.634,8.00,0.031,-0.235,-0.068,-0.231,-1.611,-0.010,-0.036,0.003,-1.73,2.29,79.36
12,2.527,-0.555,8.05,0.031,-0.235,-0.068,-0.231,-1.611,-0.010,-0.036,0.003,-1.73,2.29,79.36
12,2.501,-0.476,8.10,0.031,-0.235,-0.068,-0.232,-1.610,-0.007,-0.034,0.003,-1.72,2.29,79.36
12,2.479,-0.396,8.15,0.031,-0.235,-0.068,-0.232,-1.610,-0.006,-0.033,0.003,-1.71,2.30,79.36
12,2.460,-0.316,8.20,0.031,-0.235,-0.068,-0.233,-1.610,-0.002,-0.032,0.003,-1.72,2.30,79.35
12,2.446,-0.236,8.25,0.031,-0.235,-0.068,-0.233,-1.610,0.000,-0.032,0.003,-1.72,2.31,79.35
12,2.434,-0.157,8.30,0.031,-0.235,-0.068,-0.235,-1.609,0.004,-0.032,0.003,-1.73,2.31,79.34
12,2.427,-0.078,8.35,0.031,-0.235,-0.068,-0.235,-1.609,0.006,-0.033,0.003,-1.73,2.31,79.34
12,2.423,0.000,8.40,0.031,-0.235,-0.068,-0.237,-1.608,0.010,-0.034,0.002,-1.73,2.30,79.33
12,2.424,0.078,8.45,0.031,-0.235,-0.068,-0.238,-1.608,0.013,-0.036,0.002,-1.73,2.29,79.32
12,2.428,0.154,8.50,0.031,-0.235,-0.068,-0.240,-1.607,0.018,-0.038,0.002,-1.72,2.28,79.32
12,2.435,0.228,8.55,0.031,-0.235,-0.068,-0.242,-1.607,0.020,-0.039,0.002,-1.71,2.26,79.31
12,2.447,0.301,8.60,0.031,-0.235,-0.068,-0.245,-1.606,0.025,-0.042,0.001,-1.70,2.23,79.30
12,2.462,0.373,8.65,0.031,-0.235,-0.068,-0.247,-1.606,0.028,-0.045,0.001,-1.68,2.20,79.29
12,2.481,0.442,8.70,0.031,-0.235,-0.067,-0.251,-1.605,0.033,-0.048,0.001,-1.65,2.16,79.28
12,2.504,0.509,8.75,0.031,-0.235,-0.066,-0.253,-1.604,0.036,-0.050,0.000,-1.62,2.12,79.27
12,2.530,0.574,8.80,0.031,-0.235,-0.064,-0.258,-1.603,0.041,-0.053,-0.001,-1.59,2.07,79.25
12,2.560,0.636,8.85,0.031,-0.235,-0.063,-0.261,-1.603,0.045,-0.054,-0.001,-1.55,2.03,79.24
12,2.593,0.696,8.90,0.031,-0.235,-0.061,-0.265,-1.602,0.050,-0.056,-0.001,-1.50,1.97,79.24
12,2.629,0.752,8.95,0.031,-0.235,-0.060,-0.267,-1.602,0.052,-0.056,-0.002,-1.45,1.93,79.24
12,2.669,0.806,9.00,0.031,-0.235,0.024,-0.294,-1.608,0.062,-0.024,-0.002,-0.46,1.72,79.33
12,2.712,0.857,9.05,0.031,-0.235,0.024,-0.294,-1.608,0.062,-0.024,-0.002,-0.46,1.72,79.33
12,2.758,0.904,9.10,0.031,-0.235,0.026,-0.295,-1.608,0.061,-0.024,-0.001,-0.43,1.72,79.31
12,2.806,0.948,9.15,0.031,-0.235,0.031,-0.297,-1.609,0.057,-0.023,-0.000,-0.40,1.71,79.29
12,2.858,0.988,9.20,0.031,-0.235,0.032,-0.298,-1.609,0.056,-0.023,0.000,-0.38,1.70,79.27
12,2.912,1.024,9.25,0.031,-0.235,0.037,-0.301,-1.609,0.053,-0.022,0.001,-0.36,1.68,79.26
12,2.968,1.057,9.30,0.031,-0.235,0.038,-0.302,-1.609,0.051,-0.021,0.002,-0.34,1.66,79.26
12,3.027,1.086,9.35,0.031,-0.235,0.041,-0.303,-1.609,0.049,-0.020,0.002,-0.33,1.64,79.26
12,3.088,1.111,9.40,0.031,-0.235,0.043,-0.304,-1.609,0.048,-0.019,0.002,-0.32,1.62,79.26
12,3.151,1.132,9.45,0.031,-0.235,0.046,-0.305,-1.609,0.046,-0.016,0.003,-0.31,1.61,79.27
12,3.216,1.149,9.50,0.031,-0.235,0.047,-0.306,-1.609,0.045,-0.014,0.003,-0.30,1.60,79.28
12,3.282,1.162,9.55,0.031,-0.235,0.049,-0.306,-1.609,0.044,-0.011,0.003,-0.29,1.59,79.29
12,3.350,1.171,9.60,0.031,-0.235,0.050,-0.306,-1.609,0.044,-0.010,0.003,-0.28,1.58,79.30
12,3.419,1.175,9.65,0.031,-0.235,0.051,-0.306,-1.610,0.043,-0.005,0.002,-0.27,1.58,79.32
12,3.490,1.176,9.70,0.031,-0.235,0.052,-0.306,-1.610,0.042,-0.003,0.002,-0.26,1.59,79.33
12,3.561,1.172,9.75,0.031,-0.235,0.053,-0.305,-1.610,0.041,0.000,0.003,-0.25,1.60,79.35
12,3.633,1.164,9.80,0.031,-0.235,0.053,-0.304,-1.610,0.041,0.002,0.003,-0.25,1.62,79.36
12,3.705,1.152,9.85,0.031,-0.235,0.054,-0.303,-1.610,0.040,0.006,0.003,-0.24,1.64,79.38
12,3.777,1.136,9.90,0.031,-0.235,0.054,-0.303,-1.610,0.040,0.008,0.003,-0.23,1.66,79.39
12,3.850,1.115,9.95,0.031,-0.235,0.055,-0.301,-1.610,0.040,0.011,0.002,-0.23,1.69,79.40
12,3.923,1.091,10.00,0.031,-0.235,0.118,-0.260,-1.605,0.040,0.012,-0.003,0.50,2.25,79.20
12,3.995,1.063,10.05,0.031,-0.235,0.118,-0.260,-1.605,0.040,0.012,-0.003,0.50,2.25,79.20
12,4.067,1.031,10.10,0.031,-0.235,0.120,-0.260,-1.605,0.038,0.010,-0.003,0.54,2.25,79.22
12,4.138,0.995,10.15,0.031,-0.235,0.123,-0.259,-1.605,0.034,0.008,-0.004,0.57,2.24,79.24
12,4.208,0.955,10.20,0.031,-0.235,0.125,-0.259,-1.605,0.031,0.007,-0.004,0.59,2.23,79.26
12,4.277,0.912,10.25,0.031,-0.235,0.128,-0.259,-1.605,0.026,0.006,-0.004,0.61,2.22,79.27
12,4.345,0.866,10.30,0.031,-0.235,0.128,-0.259,-1.605,0.023,0.006,-0.004,0.63,2.20,79.30
12,4.411,0.816,10.35,0.031,-0.235,0.130,-0.260,-1.605,0.018,0.005,-0.004,0.64,2.19,79.31
12,4.476,0.763,10.40,0.031,-0.235,0.130,-0.260,-1.605,0.016,0.005,-0.004,0.65,2.17,79.34
12,4.539,0.707,10.45,0.031,-0.235,0.131,-0.260,-1.605,0.010,0.006,-0.004,0.65,2.16,79.35
12,4.600,0.648,10.50,0.031,-0.235,0.131,-0.260,-1.605,0.007,0.007,-0.004,0.65,2.15,79.37
12,4.659,0.586,10.55,0.031,-0.235,0.130,-0.260,-1.604,0.002,0.008,-0.004,0.64,2.15,79.38
12,4.715,0.521,10.60,0.031,-0.235,0.129,-0.260,-1.604,-0.000,0.010,-0.005,0.62,2.14,79.39
12,4.769,0.455,10.65,0.031,-0.235,0.126,-0.259,-1.604,-0.006,0.012,-0.005,0.61,2.14,79.40
12,4.821,0.386,10.70,0.031,-0.235,0.125,-0.259,-1.604,-0.009,0.014,-0.005,0.58,2.15,79.40
12,4.870,0.315,10.75,0.031,-0.235,0.122,-0.257,-1.604,-0.014,0.017,-0.005,0.55,2.15,79.39
12,4.915,0.242,10.80,0.031,-0.235,0.121,-0.256,-1.604,-0.016,0.019,-0.005,0.51,2.17,79.38
12,4.958,0.168,10.85,0.031,-0.235,0.117,-0.254,-1.604,-0.020,0.023,-0.005,0.48,2.18,79.37
12,4.998,0.092,10.90,0.031,-0.235,0.115,-0.252,-1.604,-0.021,0.025,-0.005,0.43,2.21,79.35
12,5.034,0.015,10.95,0.031,-0.235,0.112,-0.249,-1.603,-0.023,0.029,-0.006,0.38,2.24,79.33
12,5.067,-0.063,11.00,0.031,-0.235,0.081,-0.187,-1.613,-0.007,0.023,0.001,0.09,3.00,79.33
12,5.097,-0.142,11.05,0.031,-0.235,0.081,-0.187,-1.613,-0.007,0.023,0.001,0.09,3.00,79.33
12,5.123,-0.221,11.10,0.031,-0.235,0.080,-0.185,-1.614,-0.006,0.019,0.002,0.10,3.01,79.34
12,5.146,-0.301,11.15,0.031,-0.235,0.079,-0.184,-1.616,-0.004,0.015,0.002,0.12,3.01,79.35
12,5.164,-0.381,11.20,0.031,-0.235,0.079,-0.183,-1.616,-0.004,0.013,0.003,0.13,3.02,79.35
12,5.180,-0.461,11.25,0.031,-0.235,0.078,-0.183,-1.618,-0.003,0.009,0.004,0.14,3.02,79.35
12,5.191,-0.540,11.30,0.031,-0.235,0.078,-0.183,-1.618,-0.002,0.007,0.005,0.15,3.01,79.36
12,5.199,-0.619,11.35,0.031,-0.235,0.077,-0.183,-1.619,-0.001,0.003,0.006,0.16,3.01,79.36
12,5.203,-0.697,11.40,0.031,-0.235,0.077,-0.184,-1.620,-0.001,0.001,0.007,0.17,3.00,79.36
12,5.203,-0.775,11.45,0.031,-0.235,0.077,-0.185,-1.620,-0.000,-0.003,0.009,0.18,2.99,79.36
12,5.199,-0.851,11.50,0.031,-0.235,0.076,-0.185,-1.620,0.000,-0.004,0.009,0.19,2.97,79.36
12,5.192,-0.926,11.55,0.031,-0.235,0.076,-0.187,-1.621,0.001,-0.007,0.010,0.20,2.95,79.36
12,5.181,-0.999,11.60,0.031,-0.235,0.076,-0.188,-1.621,0.001,-0.009,0.011,0.22,2.93,79.35
12,5.166,-1.070,11.65,0.031,-0.235,0.076,-0.190,-1.621,0.002,-0.012,0.011,0.23,2.91,79.35
12,5.147,-1.140,11.70,0.031,-0.235,0.076,-0.191,-1.621,0.002,-0.013,0.012,0.24,2.89,79.35
12,5.125,-1.207,11.75,0.031,-0.235,0.076,-0.193,-1.621,0.003,-0.015,0.012,0.25,2.87,79.35
12,5.099,-1.272,11.80,0.031,-0.235,0.076,-0.194,-1.621,0.003,-0.016,0.012,0.26,2.84,79.35
12,5.070,-1.335,11.85,0.031,-0.235,0.076,-0.197,-1.621,0.004,-0.017,0.012,0.27,2.82,79.35
12,5.037,-1.395,11.90,0.031,-0.235,0.077,-0.198,-1.621,0.004,-0.018,0.012,0.29,2.80,79.35
12,5.001,-1.452,11.95,0.031,-0.235,0.077,-0.201,-1.621,0.005,-0.019,0.012,0.30,2.78,79.35
12,4.961,-1.505,12.00,0.031,-0.235,0.087,-0.232,-1.610,-0.010,0.006,0.002,0.46,2.62,79.30
12,4.919,-1.556,12.05,0.031,-0.235,0.087,-0.232,-1.610,-0.010,0.006,0.002,0.46,2.62,79.30
12,4.873,-1.604,12.10,0.031,-0.235,0.087,-0.232,-1.610,-0.010,0.007,0.002,0.45,2.64,79.30
12,4.825,-1.648,12.15,0.031,-0.235,0.087,-0.231,-1.610,-0.012,0.010,0.001,0.45,2.66,79.30
12,4.773,-1.688,12.20,0.031,-0.235,0.087,-0.230,-1.611,-0.013,0.013,0.000,0.46,2.68,79.30
12,4.720,-1.725,12.25,0.031,-0.235,0.087,-0.228,-1.611,-0.017,0.016,0.000,0.47,2.70,79.30
12,4.663,-1.758,12.30,0.031,-0.235,0.086,-0.227,-1.612,-0.019,0.018,0.000,0.48,2.72,79.31
12,4.605,-1.788,12.35,0.031,-0.235,0.085,-0.225,-1.613,-0.024,0.023,0.001,0.49,2.75,79.31
12,4.544,-1.813,12.40,0.031,-0.235,0.085,-0.223,-1.613,-0.027,0.025,0.001,0.49,2.79,79.31
12,4.481,-1.835,12.45,0.031,-0.235,0.083,-0.220,-1.614,-0.034,0.030,0.002,0.47,2.82,79.31
12,4.416,-1.852,12.50,0.031,-0.235,0.082,-0.218,-1.614,-0.038,0.032,0.002,0.45,2.86,79.31
12,4.350,-1.865,12.55,0.031,-0.235,0.080,-0.214,-1.615,-0.045,0.037,0.003,0.41,2.90,79.31
12,4.282,-1.874,12.60,0.031,-0.235,0.078,-0.212,-1.615,-0.050,0.040,0.003,0.36,2.95,79.31
12,4.213,-1.879,12.65,0.031,-0.235,0.075,-0.207,-1.616,-0.058,0.043,0.004,0.31,3.00,79.31
12,4.143,-1.880,12.70,0.031,-0.235,0.073,-0.205,-1.616,-0.062,0.045,0.004,0.24,3.05,79.31
12,4.072,-1.876,12.75,0.031,-0.235,0.069,-0.201,-1.616,-0.070,0.048,0.005,0.16,3.10,79.31
12,4.000,-1.869,12.80,0.031,-0.235,0.066,-0.198,-1.615,-0.075,0.050,0.005,0.08,3.15,79.31
12,3.928,-1.857,12.85,0.031,-0.235,0.062,-0.193,-1.615,-0.082,0.051,0.005,-0.00,3.19,79.31
12,3.856,-1.841,12.90,0.031,-0.235,0.059,-0.191,-1.615,-0.085,0.052,0.005,-0.10,3.24,79.30
12,3.783,-1.821,12.95,0.031,-0.235,0.054,-0.187,-1.615,-0.091,0.052,0.005,-0.19,3.28,79.30
12,3.710,-1.798,13.00,0.031,-0.235,-0.058,-0.158,-1.611,-0.078,-0.004,0.005,-1.79,3.29,79.35
12,3.638,-1.770,13.05,0.031,-0.235,-0.058,-0.158,-1.611,-0.078,-0.004,0.005,-1.79,3.29,79.35
12,3.566,-1.738,13.10,0.031,-0.235,-0.062,-0.160,-1.609,-0.071,-0.007,0.003,-1.81,3.27,79.35
12,3.495,-1.702,13.15,0.031,-0.235,-0.064,-0.161,-1.608,-0.068,-0.009,0.003,-1.83,3.25,79.35
12,3.425,-1.663,13.20,0.031,-0.235,-0.067,-0.162,-1.606,-0.063,-0.012,0.001,-1.84,3.23,79.35
12,3.356,-1.620,13.25,0.031,-0.235,-0.069,-0.163,-1.605,-0.060,-0.013,0.000,-1.85,3.22,79.35
12,3.288,-1.574,13.30,0.031,-0.235,-0.072,-0.164,-1.604,-0.055,-0.017,-0.002,-1.86,3.20,79.35
12,3.221,-1.525,13.35,0.031,-0.235,-0.073,-0.165,-1.603,-0.052,-0.018,-0.003,-1.87,3.18,79.34
12,3.156,-1.472,13.40,0.031,-0.235,-0.076,-0.166,-1.603,-0.048,-0.022,-0.004,-1.87,3.16,79.33
12,3.093,-1.416,13.45,0.031,-0.235,-0.078,-0.166,-1.602,-0.046,-0.023,-0.005,-1.88,3.14,79.33
12,3.032,-1.357,13.50,0.031,-0.235,-0.081,-0.168,-1.602,-0.042,-0.027,-0.006,-1.88,3.12,79.33
12,2.973,-1.296,13.55,0.031,-0.235,-0.082,-0.168,-1.601,-0.040,-0.028,-0.006,-1.89,3.10,79.33
12,2.916,-1.231,13.60,0.031,-0.235,-0.085,-0.169,-1.601,-0.036,-0.031,-0.007,-1.90,3.07,79.33
12,2.862,-1.165,13.65,0.031,-0.235,-0.086,-0.169,-1.601,-0.035,-0.032,-0.007,-1.91,3.05,79.33
12,2.810,-1.096,13.70,0.031,-0.235,-0.089,-0.170,-1.601,-0.031,-0.035,-0.008,-1.92,3.03,79.33
12,2.761,-1.025,13.75,0.031,-0.235,-0.090,-0.171,-1.601,-0.030,-0.037,-0.008,-1.93,3.00,79.33
12,2.715,-0.953,13.80,0.031,-0.235,-0.092,-0.173,-1.601,-0.026,-0.040,-0.008,-1.95,2.98,79.33
12,2.672,-0.879,13.85,0.031,-0.235,-0.093,-0.174,-1.601,-0.024,-0.042,-0.008,-1.96,2.96,79.33
12,2.632,-0.803,13.90,0.031,-0.235,-0.094,-0.177,-1.601,-0.020,-0.045,-0.009,-1.97,2.93,79.33
12,2.595,-0.726,13.95,0.031,-0.235,-0.095,-0.178,-1.602,-0.018,-0.047,-0.009,-1.98,2.89,79.33
12,2.562,-0.648,14.00,0.031,-0.235,-0.077,-0.254,-1.601,0.028,-0.044,-0.006,-1.66,2.05,79.34
12,2.532,-0.569,14.05,0.031,-0.235,-0.077,-0.254,-1.601,0.028,-0.044,-0.006,-1.66,2.05,79.34
12,2.506,-0.490,14.10,0.031,-0.235,-0.076,-0.256,-1.601,0.028,-0.042,-0.006,-1.65,2.05,79.35
12,2.483,-0.410,14.15,0.031,-0.235,-0.075,-0.258,-1.601,0.029,-0.038,-0.006,-1.65,2.05,79.37
12,2.464,-0.330,14.20,0.031,-0.235,-0.074,-0.259,-1.601,0.030,-0.037,-0.006,-1.65,2.05,79.38
12,2.448,-0.251,14.25,0.031,-0.235,-0.072,-0.262,-1.601,0.033,-0.034,-0.006,-1.66,2.05,79.38
12,2.436,-0.171,14.30,0.031,-0.235,-0.071,-0.263,-1.601,0.034,-0.033,-0.006,-1.66,2.04,79.38
12,2.428,-0.092,14.35,0.031,-0.235,-0.070,-0.266,-1.601,0.037,-0.032,-0.006,-1.66,2.05,79.38
12,2.424,-0.014,14.40,0.031,-0.235,-0.069,-0.267,-1.601,0.038,-0.031,-0.006,-1.66,2.04,79.37
12,2.423,0.064,14.45,0.031,-0.235,-0.066,-0.270,-1.601,0.042,-0.031,-0.006,-1.66,2.03,79.36
12,2.427,0.140,14.50,0.031,-0.235,-0.065,-0.271,-1.600,0.044,-0.030,-0.006,-1.64,2.02,79.35
12,2.434,0.215,14.55,0.031,-0.235,-0.062,-0.273,-1.600,0.049,-0.030,-0.006,-1.62,2.01,79.34
12,2.445,0.288,14.60,0.031,-0.235,-0.060,-0.275,-1.600,0.051,-0.030,-0.006,-1.60,2.00,79.33
12,2.459,0.360,14.65,0.031,-0.235,-0.056,-0.277,-1.599,0.056,-0.030,-0.007,-1.57,1.98,79.32
12,2.478,0.430,14.70,0.031,-0.235,-0.054,-0.278,-1.599,0.059,-0.029,-0.007,-1.53,1.97,79.32
12,2.500,0.497,14.75,0.031,-0.235,-0.049,-0.280,-1.599,0.064,-0.029,-0.007,-1.48,1.96,79.31
12,2.525,0.562,14.80,0.031,-0.235,-0.047,-0.281,-1.599,0.066,-0.029,-0.007,-1.43,1.94,79.31
12,2.554,0.625,14.85,0.031,-0.235,-0.041,-0.283,-1.599,0.071,-0.029,-0.008,-1.37,1.93,79.30
12,2.587,0.685,14.90,0.031,-0.235,-0.038,-0.284,-1.599,0.073,-0.028,-0.008,-1.31,1.93,79.30
12,2.623,0.742,14.95,0.031,-0.235,-0.032,-0.285,-1.599,0.076,-0.028,-0.008,-1.24,1.92,79.29
12,2.662,0.797,15.00,0.031,-0.235,0.032,-0.293,-1.610,0.034,-0.012,0.003,-0.54,1.83,79.43
12,2.704,0.848,15.05,0.031,-0.235,0.032,-0.293,-1.610,0.034,-0.012,0.003,-0.54,1.83,79.43
12,2.749,0.896,15.10,0.031,-0.235,0.033,-0.293,-1.610,0.032,-0.012,0.003,-0.54,1.82,79.43
12,2.797,0.940,15.15,0.031,-0.235,0.033,-0.293,-1.611,0.028,-0.011,0.003,-0.56,1.81,79.42
12,2.848,0.981,15.20,0.031,-0.235,0.033,-0.294,-1.611,0.027,-0.011,0.003,-0.58,1.79,79.41
12,2.902,1.018,15.25,0.031,-0.235,0.033,-0.294,-1.611,0.024,-0.010,0.003,-0.61,1.77,79.40
12,2.958,1.052,15.30,0.031,-0.235,0.033,-0.294,-1.611,0.024,-0.010,0.003,-0.63,1.76,79.39
12,3.017,1.081,15.35,0.031,-0.235,0.033,-0.294,-1.612,0.024,-0.008,0.004,-0.65,1.74,79.38
12,3.077,1.107,15.40,0.031,-0.235,0.033,-0.295,-1.612,0.024,-0.007,0.004,-0.67,1.73,79.36
12,3.140,1.129,15.45,0.031,-0.235,0.034,-0.295,-1.612,0.027,-0.006,0.004,-0.68,1.72,79.35
12,3.204,1.146,15.50,0.031,-0.235,0.035,-0.295,-1.612,0.028,-0.005,0.004,-0.68,1.72,79.33
12,3.270,1.160,15.55,0.031,-0.235,0.037,-0.296,-1.612,0.032,-0.004,0.005,-0.68,1.72,79.31
12,3.338,1.169,15.60,0.031,-0.235,0.039,-0.296,-1.612,0.034,-0.003,0.005,-0.66,1.72,79.30
12,3.407,1.175,15.65,0.031,-0.235,0.042,-0.298,-1.612,0.039,-0.002,0.005,-0.63,1.72,79.28
12,3.477,1.176,15.70,0.031,-0.235,0.044,-0.298,-1.612,0.041,-0.002,0.005,-0.59,1.72,79.27
12,3.548,1.173,15.75,0.031,-0.235,0.047,-0.300,-1.612,0.045,-0.002,0.005,-0.55,1.72,79.27
12,3.620,1.166,15.80,0.031,-0.235,0.049,-0.301,-1.612,0.047,-0.001,0.006,-0.50,1.73,79.27
12,3.692,1.154,15.85,0.031,-0.235,0.053,-0.303,-1.612,0.051,-0.001,0.006,-0.43,1.72,79.27
12,3.764,1.139,15.90,0.031,-0.235,0.055,-0.304,-1.612,0.053,-0.001,0.006,-0.37,1.72,79.27
12,3.837,1.119,15.95,0.031,-0.235,0.060,-0.305,-1.612,0.056,0.000,0.006,-0.31,1.72,79.27
12,3.910,1.096,16.00,0.031,-0.235,0.112,-0.299,-1.624,0.027,0.031,0.013,0.39,1.89,79.31
12,3.982,1.068,16.05,0.031,-0.235,0.112,-0.299,-1.624,0.027,0.031,0.013,0.39,1.89,79.31
12,4.054,1.037,16.10,0.031,-0.235,0.115,-0.296,-1.624,0.025,0.033,0.015,0.40,1.92,79.28
12,4.125,1.002,16.15,0.031,-0.235,0.116,-0.294,-1.624,0.024,0.034,0.015,0.41,1.95,79.27
12,4.195,0.963,16.20,0.031,-0.235,0.119,-0.291,-1.623,0.022,0.036,0.016,0.42,1.98,79.25
12,4.265,0.920,16.25,0.031,-0.235,0.120,-0.289,-1.623,0.021,0.037,0.016,0.44,2.01,79.25
12,4.333,0.874,16.30,0.031,-0.235,0.122,-0.286,-1.622,0.018,0.038,0.016,0.46,2.04,79.24
12,4.400,0.825,16.35,0.031,-0.235,0.123,-0.285,-1.621,0.017,0.039,0.015,0.47,2.07,79.25
12,4.465,0.772,16.40,0.031,-0.235,0.124,-0.282,-1.620,0.014,0.040,0.015,0.49,2.09,79.26
12,4.528,0.717,16.45,0.031,-0.235,0.125,-0.281,-1.620,0.012,0.041,0.014,0.50,2.12,79.28
12,4.589,0.658,16.50,0.031,-0.235,0.126,-0.279,-1.619,0.009,0.042,0.013,0.51,2.15,79.30
12,4.648,0.597,16.55,0.031,-0.235,0.126,-0.278,-1.619,0.007,0.042,0.013,0.51,2.17,79.32
12,4.705,0.533,16.60,0.031,-0.235,0.126,-0.277,-1.618,0.003,0.043,0.012,0.51,2.19,79.35
12,4.760,0.467,16.65,0.031,-0.235,0.126,-0.276,-1.618,0.001,0.043,0.011,0.51,2.21,79.38
12,4.812,0.398,16.70,0.031,-0.235,0.126,-0.274,-1.617,-0.002,0.043,0.011,0.50,2.22,79.40
12,4.861,0.328,16.75,0.031,-0.235,0.126,-0.273,-1.616,-0.004,0.044,0.010,0.49,2.24,79.43
12,4.907,0.255,16.80,0.031,-0.235,0.126,-0.272,-1.616,-0.006,0.044,0.009,0.48,2.25,79.45
12,4.951,0.181,16.85,0.031,-0.235,0.127,-0.271,-1.616,-0.008,0.044,0.008,0.47,2.27,79.46
12,4.991,0.106,16.90,0.031,-0.235,0.127,-0.269,-1.615,-0.009,0.045,0.007,0.46,2.28,79.47
12,5.028,0.029,16.95,0.031,-0.235,0.127,-0.268,-1.616,-0.010,0.045,0.007,0.45,2.30,79.48
12,5.062,-0.049,17.00,0.031,-0.235,0.102,-0.202,-1.616,-0.035,0.043,0.005,0.16,2.97,79.28
12,5.092,-0.128,17.05,0.031,-0.235,0.102,-0.202,-1.616,-0.035,0.043,0.005,0.16,2.97,79.28
12,5.119,-0.207,17.10,0.031,-0.235,0.100,-0.200,-1.616,-0.035,0.041,0.005,0.13,2.99,79.29
12,5.142,-0.287,17.15,0.031,-0.235,0.097,-0.198,-1.616,-0.034,0.037,0.005,0.12,3.00,79.31
12,5.161,-0.367,17.20,0.031,-0.235,0.096,-0.197,-1.616,-0.034,0.036,0.005,0.11,3.00,79.32
12,5.177,-0.446,17.25,0.031,-0.235,0.093,-0.194,-1.617,-0.034,0.033,0.006,0.10,3.01,79.33
12,5.189,-0.526,17.30,0.031,-0.235,0.091,-0.193,-1.616,-0.034,0.032,0.006,0.10,3.01,79.34
12,5.198,-0.605,17.35,0.031,-0.235,0.088,-0.192,-1.616,-0.034,0.030,0.006,0.09,3.01,79.35
12,5.202,-0.683,17.40,0.031,-0.235,0.087,-0.191,-1.616,-0.035,0.029,0.006,0.09,3.01,79.36
12,5.203,-0.761,17.45,0.031,-0.235,0.083,-0.189,-1.616,-0.036,0.028,0.006,0.08,3.01,79.36
12,5.200,-0.837,17.50,0.031,-0.235,0.082,-0.188,-1.615,-0.037,0.028,0.006,0.07,3.02,79.36
12,5.194,-0.912,17.55,0.031,-0.235,0.079,-0.186,-1.615,-0.038,0.027,0.006,0.06,3.03,79.36
12,5.183,-0.986,17.60,0.031,-0.235,0.077,-0.185,-1.615,-0.038,0.027,0.005,0.04,3.04,79.36
12,5.169,-1.058,17.65,0.031,-0.235,0.074,-0.184,-1.614,-0.040,0.027,0.005,0.02,3.05,79.35
12,5.151,-1.128,17.70,0.031,-0.235,0.072,-0.183,-1.614,-0.040,0.027,0.005,-0.01,3.06,79.35
12,5.129,-1.195,17.75,0.031,-0.235,0.069,-0.181,-1.614,-0.041,0.028,0.004,-0.03,3.08,79.34
12,5.104,-1.261,17.80,0.031,-0.235,0.068,-0.180,-1.614,-0.042,0.028,0.004,-0.06,3.09,79.33
12,5.075,-1.324,17.85,0.031,-0.235,0.064,-0.178,-1.614,-0.044,0.028,0.004,-0.09,3.11,79.32
12,5.043,-1.384,17.90,0.031,-0.235,0.062,-0.177,-1.613,-0.044,0.029,0.003,-0.12,3.13,79.31
12,5.007,-1.441,17.95,0.031,-0.235,0.059,-0.175,-1.613,-0.046,0.029,0.003,-0.15,3.15,79.30
12,4.968,-1.496,18.00,0.031,-0.235,0.031,-0.148,-1.608,-0.026,0.012,0.000,-0.55,3.51,79.38
12,4.926,-1.547,18.05,0.031,-0.235,0.031,-0.148,-1.608,-0.026,0.012,0.000,-0.55,3.51,79.38
12,4.881,-1.595,18.10,0.031,-0.235,0.029,-0.146,-1.607,-0.026,0.011,-0.001,-0.55,3.52,79.38
12,4.834,-1.640,18.15,0.031,-0.235,0.029,-0.145,-1.606,-0.026,0.011,-0.001,-0.55,3.53,79.37
12,4.783,-1.681,18.20,0.031,-0.235,0.026,-0.143,-1.606,-0.028,0.009,-0.002,-0.55,3.55,79.37
12,4.729,-1.719,18.25,0.031,-0.235,0.025,-0.143,-1.605,-0.029,0.008,-0.003,-0.56,3.57,79.35
12,4.673,-1.753,18.30,0.031,-0.235,0.022,-0.141,-1.605,-0.032,0.007,-0.004,-0.57,3.58,79.34
12,4.615,-1.783,18.35,0.031,-0.235,0.020,-0.141,-1.605,-0.034,0.006,-0.004,-0.59,3.60,79.32
12,4.555,-1.809,18.40,0.031,-0.235,0.015,-0.139,-1.604,-0.038,0.004,-0.005,-0.61,3.61,79.31
12,4.492,-1.831,18.45,0.031,-0.235,0.013,-0.138,-1.604,-0.040,0.003,-0.006,-0.65,3.61,79.29
12,4.428,-1.849,18.50,0.031,-0.235,0.008,-0.137,-1.604,-0.044,0.002,-0.006,-0.69,3.62,79.28
12,4.362,-1.863,18.55,0.031,-0.235,0.006,-0.136,-1.604,-0.047,0.001,-0.007,-0.74,3.62,79.26
12,4.295,-1.873,18.60,0.031,-0.235,-0.001,-0.135,-1.605,-0.052,-0.002,-0.007,-0.80,3.62,79.25
12,4.226,-1.879,18.65,0.031,-0.235,-0.004,-0.135,-1.605,-0.053,-0.003,-0.007,-0.86,3.62,79.24
12,4.156,-1.880,18.70,0.031,-0.235,-0.010,-0.134,-1.605,-0.056,-0.006,-0.007,-0.93,3.62,79.23
12,4.085,-1.877,18.75,0.031,-0.235,-0.012,-0.134,-1.606,-0.058,-0.007,-0.007,-1.01,3.61,79.23
12,4.013,-1.871,18.80,0.031,-0.235,-0.019,-0.135,-1.607,-0.060,-0.011,-0.006,-1.08,3.60,79.23
12,3.941,-1.860,18.85,0.031,-0.235,-0.021,-0.135,-1.607,-0.060,-0.012,-0.006,-1.16,3.58,79.24
12,3.869,-1.845,18.90,0.031,-0.235,-0.027,-0.135,-1.608,-0.060,-0.015,-0.005,-1.22,3.56,79.24
12,3.796,-1.825,18.95,0.031,-0.235,-0.029,-0.136,-1.608,-0.060,-0.017,-0.005,-1.29,3.54,79.25
12,3.723,-1.802,19.00,0.031,-0.235,-0.073,-0.159,-1.611,-0.009,-0.034,0.006,-1.77,3.20,79.34
12,3.651,-1.775,19.05,0.031,-0.235,-0.073,-0.159,-1.611,-0.009,-0.034,0.006,-1.77,3.20,79.34
12,3.579,-1.744,19.10,0.031,-0.235,-0.073,-0.159,-1.611,-0.008,-0.033,0.005,-1.77,3.20,79.34
12,3.508,-1.709,19.15,0.031,-0.235,-0.073,-0.161,-1.610,-0.005,-0.034,0.004,-1.78,3.20,79.34
12,3.437,-1.671,19.20,0.031,-0.235,-0.073,-0.161,-1.609,-0.004,-0.034,0.003,-1.78,3.20,79.33
12,3.368,-1.628,19.25,0.031,-0.235,-0.073,-0.163,-1.609,-0.001,-0.036,0.002,-1.78,3.21,79.32
12,3.300,-1.583,19.30,0.031,-0.235,-0.073,-0.164,-1.609,-0.000,-0.037,0.002,-1.78,3.21,79.32
12,3.233,-1.534,19.35,0.031,-0.235,-0.073,-0.166,-1.608,0.001,-0.040,0.001,-1.78,3.20,79.31
12,3.168,-1.481,19.40,0.031,-0.235,-0.073,-0.168,-1.608,0.002,-0.042,0.001,-1.78,3.19,79.30
12,3.104,-1.426,19.45,0.031,-0.235,-0.073,-0.171,-1.607,0.004,-0.045,0.000,-1.78,3.17,79.29
12,3.043,-1.368,19.50,0.031,-0.235,-0.073,-0.172,-1.607,0.004,-0.047,0.000,-1.78,3.15,79.28
12,2.983,-1.307,19.55,0.031,-0.235,-0.073,-0.176,-1.607,0.005,-0.050,-0.000,-1.78,3.12,79.27
12,2.926,-1.243,19.60,0.031,-0.235,-0.073,-0.179,-1.606,0.006,-0.053,-0.000,-1.78,3.09,79.26
12,2.871,-1.177,19.65,0.031,-0.235,-0.073,-0.184,-1.606,0.007,-0.057,-0.001,-1.77,3.04,79.25
12,2.819,-1.109,19.70,0.031,-0.235,-0.072,-0.186,-1.606,0.007,-0.059,-0.001,-1.77,3.00,79.24
12,2.770,-1.038,19.75,0.031,-0.235,-0.072,-0.192,-1.606,0.008,-0.063,-0.002,-1.77,2.94,79.23
12,2.723,-0.966,19.80,0.031,-0.235,-0.072,-0.195,-1.606,0.008,-0.065,-0.002,-1.76,2.89,79.22
12,2.680,-0.892,19.85,0.031,-0.235,-0.071,-0.201,-1.606,0.009,-0.068,-0.002,-1.76,2.82,79.22
12,2.639,-0.817,19.90,0.031,-0.235,-0.071,-0.204,-1.606,0.009,-0.069,-0.002,-1.76,2.76,79.22
12,2.602,-0.740,19.95,0.031,-0.235,-0.070,-0.209,-1.606,0.010,-0.071,-0.002,-1.75,2.70,79.23
13,9.421,-3.496,0.00,0.031,-0.235,-0.103,0.011,-1.622,-0.041,0.133,-0.009,-4.00,6.19,79.25
13,9.434,-3.339,0.05,0.031,-0.235,-0.103,0.011,-1.622,-0.041,0.133,-0.009,-4.00,6.19,79.25
13,9.437,-3.186,0.10,0.031,-0.235,-0.104,0.015,-1.623,-0.039,0.127,-0.008,-4.01,6.24,79.26
13,9.431,-3.039,0.15,0.031,-0.235,-0.105,0.024,-1.626,-0.034,0.114,-0.006,-4.02,6.27,79.27
13,9.417,-2.897,0.20,0.031,-0.235,-0.105,0.028,-1.626,-0.032,0.109,-0.004,-4.03,6.31,79.27
13,9.392,-2.761,0.25,0.031,-0.235,-0.106,0.035,-1.628,-0.027,0.097,-0.002,-4.03,6.33,79.28
13,9.359,-2.632,0.30,0.031,-0.235,-0.107,0.038,-1.629,-0.025,0.092,-0.001,-4.03,6.36,79.28
13,9.317,-2.508,0.35,0.031,-0.235,-0.107,0.044,-1.631,-0.020,0.079,0.002,-4.03,6.38,79.29
13,9.266,-2.392,0.40,0.031,-0.235,-0.107,0.047,-1.631,-0.018,0.073,0.003,-4.03,6.40,79.30
13,9.206,-2.282,0.45,0.031,-0.235,-0.108,0.051,-1.633,-0.014,0.062,0.005,-4.03,6.41,79.30
13,9.137,-2.180,0.50,0.031,-0.235,-0.108,0.053,-1.633,-0.012,0.056,0.006,-4.03,6.42,79.31
13,9.060,-2.086,0.55,0.031,-0.235,-0.109,0.056,-1.634,-0.009,0.043,0.009,-4.02,6.42,79.31
13,8.974,-2.000,0.60,0.031,-0.235,-0.109,0.057,-1.634,-0.007,0.037,0.010,-4.02,6.42,79.31
13,8.881,-1.921,0.65,0.031,-0.235,-0.109,0.058,-1.634,-0.004,0.025,0.011,-4.01,6.41,79.31
13,8.780,-1.851,0.70,0.031,-0.235,-0.109,0.058,-1.634,-0.002,0.020,0.012,-4.01,6.39,79.31
13,8.671,-1.790,0.75,0.031,-0.235,-0.110,0.058,-1.634,0.001,0.008,0.013,-4.00,6.37,79.31
13,8.555,-1.737,0.80,0.031,-0.235,-0.110,0.058,-1.634,0.002,0.003,0.014,-4.00,6.34,79.30
13,8.432,-1.693,0.85,0.031,-0.235,-0.110,0.057,-1.634,0.005,-0.007,0.015,-3.99,6.31,79.30
13,8.302,-1.657,0.90,0.031,-0.235,-0.110,0.057,-1.634,0.006,-0.011,0.016,-3.98,6.28,79.29
13,8.166,-1.631,0.95,0.031,-0.235,-0.110,0.055,-1.634,0.009,-0.021,0.016,-3.98,6.24,79.28
13,8.024,-1.614,1.00,0.031,-0.235,-0.080,-0.003,-1.620,0.031,-0.068,0.009,-3.76,5.77,79.07
13,7.876,-1.606,1.05,0.031,-0.235,-0.080,-0.003,-1.620,0.031,-0.068,0.009,-3.76,5.77,79.07
13,7.723,-1.607,1.10,0.031,-0.235,-0.078,-0.007,-1.619,0.031,-0.067,0.009,-3.76,5.76,79.08
13,7.566,-1.617,1.15,0.031,-0.235,-0.076,-0.009,-1.618,0.032,-0.066,0.009,-3.75,5.76,79.10
13,7.403,-1.636,1.20,0.031,-0.235,-0.073,-0.013,-1.617,0.033,-0.065,0.008,-3.75,5.75,79.12
13,7.237,-1.664,1.25,0.031,-0.235,-0.072,-0.015,-1.616,0.033,-0.065,0.008,-3.74,5.75,79.15
13,7.067,-1.701,1.30,0.031,-0.235,-0.069,-0.019,-1.615,0.034,-0.064,0.007,-3.73,5.75,79.18
13,6.894,-1.747,1.35,0.031,-0.235,-0.067,-0.020,-1.614,0.034,-0.063,0.006,-3.72,5.76,79.21
13,6.718,-1.802,1.40,0.031,-0.235,-0.064,-0.024,-1.614,0.034,-0.062,0.005,-3.70,5.76,79.24
13,6.539,-1.866,1.45,0.031,-0.235,-0.063,-0.025,-1.613,0.034,-0.062,0.004,-3.69,5.76,79.26
13,6.359,-1.937,1.50,0.031,-0.235,-0.061,-0.029,-1.612,0.034,-0.060,0.003,-3.67,5.76,79.28
13,6.178,-2.017,1.55,0.031,-0.235,-0.060,-0.030,-1.612,0.033,-0.059,0.003,-3.66,5.76,79.29
13,5.995,-2.106,1.60,0.031,-0.235,-0.057,-0.033,-1.612,0.033,-0.058,0.002,-3.65,5.77,79.31
13,5.812,-2.202,1.65,0.031,-0.235,-0.056,-0.035,-1.612,0.032,-0.057,0.002,-3.64,5.77,79.32
13,5.629,-2.305,1.70,0.031,-0.235,-0.053,-0.038,-1.612,0.032,-0.055,0.001,-3.63,5.78,79.33
13,5.447,-2.416,1.75,0.031,-0.235,-0.052,-0.040,-1.612,0.032,-0.055,0.001,-3.63,5.78,79.34
13,5.265,-2.534,1.80,0.031,-0.235,-0.049,-0.043,-1.612,0.032,-0.054,0.000,-3.62,5.79,79.35
13,5.085,-2.659,1.85,0.031,-0.235,-0.048,-0.044,-1.612,0.032,-0.054,0.000,-3.62,5.79,79.36
13,4.906,-2.790,1.90,0.031,-0.235,-0.045,-0.048,-1.612,0.031,-0.053,0.000,-3.61,5.80,79.37
13,4.730,-2.927,1.95,0.031,-0.235,-0.043,-0.050,-1.612,0.031,-0.052,0.000,-3.60,5.80,79.37
13,4.557,-3.070,2.00,0.031,-0.235,-0.008,-0.094,-1.622,0.003,-0.027,0.008,-3.54,5.81,79.24
13,4.386,-3.218,2.05,0.031,-0.235,-0.008,-0.094,-1.622,0.003,-0.027,0.008,-3.54,5.81,79.24
13,4.220,-3.372,2.10,0.031,-0.235,-0.007,-0.095,-1.622,0.002,-0.026,0.009,-3.55,5.83,79.24
13,4.057,-3.530,2.15,0.031,-0.235,-0.006,-0.095,-1.623,0.000,-0.027,0.010,-3.57,5.86,79.24
13,3.899,-3.692,2.20,0.031,-0.235,-0.006,-0.095,-1.623,-0.000,-0.029,0.011,-3.59,5.89,79.24
13,3.746,-3.858,2.25,0.031,-0.235,-0.005,-0.097,-1.623,-0.002,-0.034,0.013,-3.62,5.92,79.24
13,3.598,-4.027,2.30,0.031,-0.235,-0.005,-0.098,-1.623,-0.002,-0.039,0.014,-3.64,5.93,79.25
13,3.455,-4.200,2.35,0.031,-0.235,-0.004,-0.100,-1.622,-0.003,-0.048,0.015,-3.67,5.94,79.25
13,3.319,-4.375,2.40,0.031,-0.235,-0.003,-0.101,-1.622,-0.003,-0.053,0.015,-3.69,5.93,79.26
13,3.188,-4.552,2.45,0.031,-0.235,-0.002,-0.105,-1.621,-0.002,-0.065,0.016,-3.70,5.90,79.27
13,3.065,-4.730,2.50,0.031,-0.235,-0.001,-0.107,-1.621,-0.001,-0.073,0.017,-3.71,5.85,79.27
13,2.948,-4.910,2.55,0.031,-0.235,0.001,-0.112,-1.620,0.000,-0.087,0.018,-3.71,5.79,79.29
13,2.839,-5.091,2.60,0.031,-0.235,0.001,-0.115,-1.620,0.001,-0.094,0.018,-3.70,5.71,79.30
13,2.737,-5.271,2.65,0.031,-0.235,0.003,-0.121,-1.619,0.003,-0.109,0.018,-3.68,5.61,79.31
13,2.643,-5.452,2.70,0.031,-0.235,0.004,-0.126,-1.618,0.004,-0.117,0.018,-3.65,5.51,79.33
13,2.557,-5.632,2.75,0.031,-0.235,0.005,-0.134,-1.617,0.005,-0.131,0.019,-3.62,5.38,79.34
13,2.479,-5.810,2.80,0.031,-0.235,0.006,-0.138,-1.617,0.006,-0.138,0.019,-3.58,5.26,79.36
13,2.410,-5.988,2.85,0.031,-0.235,0.007,-0.148,-1.615,0.007,-0.150,0.019,-3.54,5.12,79.38
13,2.349,-6.163,2.90,0.031,-0.235,0.007,-0.155,-1.615,0.008,-0.158,0.019,-3.50,4.98,79.40
13,2.297,-6.335,2.95,0.031,-0.235,0.008,-0.166,-1.614,0.009,-0.169,0.018,-3.46,4.82,79.42
13,2.254,-6.505,3.00,0.031,-0.235,0.001,-0.366,-1.600,0.018,-0.140,0.001,-2.91,2.20,79.30
13,2.221,-6.672,3.05,0.031,-0.235,0.001,-0.366,-1.600,0.018,-0.140,0.001,-2.91,2.20,79.30
13,2.196,-6.834,3.10,0.031,-0.235,0.001,-0.375,-1.601,0.020,-0.128,0.001,-2.89,2.15,79.31
13,2.180,-6.993,3.15,0.031,-0.235,0.001,-0.379,-1.601,0.020,-0.123,0.001,-2.88,2.12,79.31
13,2.174,-7.147,3.20,0.031,-0.235,0.002,-0.385,-1.602,0.022,-0.112,0.001,-2.87,2.09,79.32
13,2.176,-7.296,3.25,0.031,-0.235,0.002,-0.388,-1.602,0.023,-0.106,0.001,-2.85,2.07,79.32
13,2.188,-7.439,3.30,0.031,-0.235,0.003,-0.395,-1.603,0.025,-0.094,0.002,-2.83,2.05,79.33
13,2.209,-7.577,3.35,0.031,-0.235,0.004,-0.398,-1.604,0.026,-0.089,0.002,-2.81,2.05,79.33
13,2.240,-7.709,3.40,0.031,-0.235,0.006,-0.403,-1.605,0.029,-0.080,0.003,-2.79,2.04,79.32
13,2.279,-7.835,3.45,0.031,-0.235,0.007,-0.405,-1.605,0.029,-0.075,0.003,-2.77,2.04,79.32
13,2.327,-7.953,3.50,0.031,-0.235,0.009,-0.410,-1.606,0.032,-0.064,0.004,-2.74,2.04,79.30
13,2.385,-8.065,3.55,0.031,-0.235,0.010,-0.412,-1.607,0.032,-0.059,0.004,-2.72,2.04,79.30
13,2.450,-8.169,3.60,0.031,-0.235,0.012,-0.415,-1.608,0.033,-0.050,0.005,-2.68,2.05,79.30
13,2.525,-8.266,3.65,0.031,-0.235,0.013,-0.416,-1.608,0.033,-0.045,0.006,-2.66,2.06,79.30
13,2.607,-8.355,3.70,0.031,-0.235,0.015,-0.418,-1.609,0.034,-0.034,0.007,-2.63,2.07,79.31
13,2.698,-8.436,3.75,0.031,-0.235,0.015,-0.419,-1.609,0.033,-0.029,0.007,-2.61,2.09,79.31
13,2.797,-8.509,3.80,0.031,-0.235,0.017,-0.419,-1.609,0.033,-0.020,0.007,-2.58,2.11,79.33
13,2.903,-8.573,3.85,0.031,-0.235,0.017,-0.419,-1.609,0.032,-0.016,0.008,-2.57,2.13,79.34
13,3.017,-8.629,3.90,0.031,-0.235,0.019,-0.419,-1.608,0.031,-0.006,0.008,-2.56,2.16,79.36
13,3.138,-8.676,3.95,0.031,-0.235,0.020,-0.418,-1.608,0.031,-0.002,0.008,-2.55,2.18,79.37
13,3.265,-8.714,4.00,0.031,-0.235,0.015,-0.359,-1.611,0.003,0.042,0.002,-2.79,2.81,79.57
13,3.399,-8.743,4.05,0.031,-0.235,0.015,-0.359,-1.611,0.003,0.042,0.002,-2.79,2.81,79.57
13,3.540,-8.764,4.10,0.031,-0.235,0.013,-0.355,-1.612,0.003,0.040,0.003,-2.81,2.81,79.54
13,3.685,-8.775,4.15,0.031,-0.235,0.013,-0.354,-1.612,0.003,0.039,0.003,-2.81,2.82,79.49
13,3.837,-8.777,4.20,0.031,-0.235,0.012,-0.351,-1.613,-0.000,0.038,0.004,-2.79,2.82,79.45
13,3.993,-8.770,4.25,0.031,-0.235,0.011,-0.349,-1.614,-0.002,0.037,0.005,-2.76,2.83,79.40
13,4.154,-8.753,4.30,0.031,-0.235,0.009,-0.347,-1.614,-0.011,0.036,0.005,-2.74,2.84,79.37
13,4.319,-8.728,4.35,0.031,-0.235,0.008,-0.345,-1.614,-0.015,0.035,0.005,-2.72,2.84,79.34
13,4.488,-8.694,4.40,0.031,-0.235,0.005,-0.343,-1.614,-0.027,0.033,0.006,-2.71,2.84,79.33
13,4.660,-8.651,4.45,0.031,-0.235,0.003,-0.343,-1.615,-0.033,0.032,0.006,-2.73,2.84,79.31
13,4.835,-8.599,4.50,0.031,-0.235,-0.002,-0.341,-1.615,-0.049,0.030,0.006,-2.76,2.83,79.30
13,5.013,-8.538,4.55,0.031,-0.235,-0.004,-0.340,-1.615,-0.056,0.029,0.006,-2.83,2.81,79.30
13,5.192,-8.469,4.60,0.031,-0.235,-0.010,-0.339,-1.614,-0.072,0.026,0.006,-2.90,2.80,79.30
13,5.374,-8.392,4.65,0.031,-0.235,-0.013,-0.338,-1.614,-0.080,0.025,0.005,-3.03,2.77,79.30
13,5.556,-8.306,4.70,0.031,-0.235,-0.021,-0.338,-1.614,-0.097,0.021,0.004,-3.12,2.74,79.31
13,5.739,-8.213,4.75,0.031,-0.235,-0.025,-0.337,-1.614,-0.105,0.019,0.004,-3.29,2.70,79.32
13,5.922,-8.112,4.80,0.031,-0.235,-0.033,-0.337,-1.614,-0.120,0.015,0.003,-3.40,2.66,79.32
13,6.104,-8.003,4.85,0.031,-0.235,-0.038,-0.337,-1.613,-0.128,0.013,0.003,-3.60,2.60,79.33
13,6.286,-7.888,4.90,0.031,-0.235,-0.049,-0.337,-1.613,-0.143,0.010,0.002,-3.73,2.56,79.33
13,6.467,-7.765,4.95,0.031,-0.235,-0.054,-0.337,-1.613,-0.149,0.008,0.001,-3.94,2.49,79.32
13,6.646,-7.636,5.00,0.031,-0.235,-0.265,-0.366,-1.615,-0.114,-0.035,-0.007,-6.90,0.99,79.37
13,6.823,-7.501,5.05,0.031,-0.235,-0.265,-0.366,-1.615,-0.114,-0.035,-0.007,-6.90,0.99,79.37
13,6.998,-7.360,5.10,0.031,-0.235,-0.268,-0.367,-1.615,-0.108,-0.034,-0.007,-6.93,0.94,79.35
13,7.169,-7.213,5.15,0.031,-0.235,-0.273,-0.369,-1.615,-0.094,-0.031,-0.006,-6.95,0.89,79.32
13,7.337,-7.061,5.20,0.031,-0.235,-0.275,-0.370,-1.615,-0.087,-0.029,-0.005,-6.95,0.85,79.31
13,7.501,-6.905,5.25,0.031,-0.235,-0.278,-0.371,-1.615,-0.071,-0.023,-0.004,-6.95,0.81,79.29
13,7.661,-6.744,5.30,0.031,-0.235,-0.279,-0.372,-1.615,-0.064,-0.020,-0.004,-6.93,0.78,79.27
13,7.815,-6.579,5.35,0.031,-0.235,-0.280,-0.373,-1.615,-0.050,-0.012,-0.003,-6.91,0.77,79.26
13,7.965,-6.410,5.40,0.031,-0.235,-0.280,-0.373,-1.615,-0.043,-0.008,-0.002,-6.88,0.76,79.25
13,8.110,-6.239,5.45,0.031,-0.235,-0.279,-0.373,-1.614,-0.029,0.002,-0.002,-6.84,0.77,79.24
13,8.248,-6.065,5.50,0.031,-0.235,-0.278,-0.372,-1.614,-0.021,0.008,-0.002,-6.80,0.79,79.23
13,8.381,-5.889,5.55,0.031,-0.235,-0.275,-0.371,-1.614,-0.008,0.019,-0.002,-6.76,0.82,79.22
13,8.506,-5.710,5.60,0.031,-0.235,-0.274,-0.370,-1.614,-0.002,0.024,-0.002,-6.71,0.86,79.21
13,8.625,-5.531,5.65,0.031,-0.235,-0.271,-0.368,-1.615,0.009,0.035,-0.001,-6.66,0.92,79.20
13,8.737,-5.351,5.70,0.031,-0.235,-0.268,-0.367,-1.615,0.016,0.042,-0.001,-6.62,0.98,79.20
13,8.841,-5.170,5.75,0.031,-0.235,-0.264,-0.363,-1.616,0.025,0.053,-0.001,-6.57,1.06,79.19
13,8.938,-4.989,5.80,0.031,-0.235,-0.262,-0.361,-1.616,0.030,0.059,-0.001,-6.52,1.14,79.19
13,9.027,-4.809,5.85,0.031,-0.235,-0.257,-0.357,-1.616,0.038,0.070,-0.000,-6.48,1.23,79.19
13,9.107,-4.630,5.90,0.031,-0.235,-0.254,-0.353,-1.617,0.043,0.077,-0.000,-6.44,1.32,79.20
13,9.179,-4.452,5.95,0.031,-0.235,-0.250,-0.347,-1.617,0.049,0.087,0.000,-6.41,1.42,79.21
13,9.243,-4.277,6.00,0.031,-0.235,-0.151,-0.208,-1.618,0.066,0.101,0.007,-6.02,3.42,79.20
13,9.297,-4.103,6.05,0.031,-0.235,-0.151,-0.208,-1.618,0.066,0.101,0.007,-6.02,3.42,79.20
13,9.343,-3.932,6.10,0.031,-0.235,-0.148,-0.202,-1.617,0.063,0.095,0.006,-6.03,3.44,79.21
13,9.380,-3.765,6.15,0.031,-0.235,-0.146,-0.200,-1.617,0.062,0.092,0.006,-6.04,3.45,79.21
13,9.408,-3.601,6.20,0.031,-0.235,-0.143,-0.196,-1.617,0.061,0.088,0.005,-6.06,3.45,79.22
13,9.427,-3.441,6.25,0.031,-0.235,-0.142,-0.194,-1.617,0.061,0.086,0.004,-6.07,3.45,79.23
13,9.436,-3.285,6.30,0.031,-0.235,-0.138,-0.189,-1.618,0.063,0.084,0.004,-6.09,3.45,79.23
13,9.436,-3.135,6.35,0.031,-0.235,-0.136,-0.188,-1.618,0.065,0.083,0.004,-6.10,3.45,79.24
13,9.427,-2.989,6.40,0.031,-0.235,-0.133,-0.184,-1.618,0.068,0.084,0.004,-6.11,3.46,79.24
13,9.409,-2.849,6.45,0.031,-0.235,-0.131,-0.182,-1.618,0.070,0.084,0.004,-6.11,3.48,79.25
13,9.382,-2.716,6.50,0.031,-0.235,-0.127,-0.178,-1.620,0.076,0.086,0.004,-6.10,3.51,79.26
13,9.345,-2.588,6.55,0.031,-0.235,-0.125,-0.176,-1.620,0.079,0.087,0.004,-6.08,3.54,79.26
13,9.300,-2.467,6.60,0.031,-0.235,-0.121,-0.172,-1.622,0.084,0.091,0.005,-6.05,3.59,79.27
13,9.246,-2.353,6.65,0.031,-0.235,-0.119,-0.170,-1.623,0.087,0.092,0.006,-6.02,3.64,79.27
13,9.183,-2.246,6.70,0.031,-0.235,-0.114,-0.165,-1.625,0.094,0.097,0.007,-5.99,3.71,79.28
13,9.111,-2.147,6.75,0.031,-0.235,-0.112,-0.162,-1.625,0.097,0.099,0.008,-5.95,3.78,79.28
13,9.031,-2.055,6.80,0.031,-0.235,-0.107,-0.157,-1.627,0.104,0.103,0.009,-5.90,3.86,79.29
13,8.943,-1.972,6.85,0.031,-0.235,-0.104,-0.154,-1.627,0.107,0.105,0.010,-5.86,3.95,79.30
13,8.847,-1.896,6.90,0.031,-0.235,-0.097,-0.146,-1.629,0.114,0.110,0.012,-5.80,4.04,79.31
13,8.743,-1.829,6.95,0.031,-0.235,-0.094,-0.143,-1.629,0.117,0.112,0.013,-5.75,4.14,79.32
13,8.632,-1.770,7.00,0.031,-0.235,0.043,-0.037,-1.628,0.121,0.054,0.017,-4.32,5.90,79.25
13,8.513,-1.721,7.05,0.031,-0.235,0.043,-0.037,-1.628,0.121,0.054,0.017,-4.32,5.90,79.25
13,8.388,-1.680,7.10,0.031,-0.235,0.048,-0.035,-1.627,0.115,0.047,0.017,-4.28,5.92,79.24
13,8.256,-1.647,7.15,0.031,-0.235,0.051,-0.034,-1.627,0.112,0.043,0.017,-4.27,5.93,79.23
13,8.117,-1.624,7.20,0.031,-0.235,0.056,-0.032,-1.627,0.108,0.035,0.017,-4.26,5.93,79.22
13,7.973,-1.610,7.25,0.031,-0.235,0.058,-0.031,-1.627,0.106,0.031,0.017,-4.26,5.93,79.22
13,7.824,-1.605,7.30,0.031,-0.235,0.063,-0.029,-1.626,0.104,0.025,0.017,-4.26,5.92,79.22
13,7.669,-1.609,7.35,0.031,-0.235,0.065,-0.028,-1.625,0.103,0.022,0.017,-4.26,5.92,79.22
13,7.510,-1.623,7.40,0.031,-0.235,0.070,-0.027,-1.624,0.104,0.016,0.017,-4.25,5.91,79.22
13,7.346,-1.645,7.45,0.031,-0.235,0.073,-0.026,-1.623,0.104,0.012,0.016,-4.24,5.91,79.23
13,7.178,-1.676,7.50,0.031,-0.235,0.077,-0.025,-1.622,0.106,0.007,0.016,-4.22,5.91,79.24
13,7.007,-1.716,7.55,0.031,-0.235,0.080,-0.024,-1.621,0.107,0.004,0.016,-4.19,5.91,79.25
13,6.833,-1.765,7.60,0.031,-0.235,0.085,-0.023,-1.620,0.110,-0.001,0.015,-4.14,5.92,79.27
13,6.656,-1.823,7.65,0.031,-0.235,0.088,-0.023,-1.620,0.112,-0.004,0.014,-4.10,5.93,79.29
13,6.477,-1.889,7.70,0.031,-0.235,0.094,-0.022,-1.618,0.115,-0.009,0.013,-4.03,5.94,79.31
13,6.296,-1.964,7.75,0.031,-0.235,0.097,-0.022,-1.618,0.117,-0.012,0.013,-3.98,5.94,79.32
13,6.114,-2.047,7.80,0.031,-0.235,0.103,-0.022,-1.616,0.120,-0.017,0.012,-3.89,5.96,79.33
13,5.932,-2.138,7.85,0.031,-0.235,0.107,-0.022,-1.616,0.121,-0.020,0.011,-3.82,5.96,79.34
13,5.749,-2.237,7.90,0.031,-0.235,0.113,-0.023,-1.615,0.123,-0.025,0.010,-3.72,5.98,79.34
13,5.566,-2.343,7.95,0.031,-0.235,0.116,-0.024,-1.614,0.123,-0.028,0.010,-3.65,5.98,79.34
13,5.384,-2.456,8.00,0.031,-0.235,0.223,-0.088,-1.601,0.064,-0.065,-0.000,-2.17,5.61,79.26
13,5.202,-2.576,8.05,0.031,-0.235,0.223,-0.088,-1.601,0.064,-0.065,-0.000,-2.17,5.61,79.26
13,5.023,-2.703,8.10,0.031,-0.235,0.227,-0.091,-1.600,0.057,-0.064,-0.002,-2.14,5.61,79.26
13,4.845,-2.837,8.15,0.031,-0.235,0.229,-0.092,-1.600,0.054,-0.063,-0.002,-2.11,5.63,79.27
13,4.670,-2.976,8.20,0.031,-0.235,0.233,-0.095,-1.599,0.047,-0.063,-0.003,-2.09,5.65,79.27
13,4.497,-3.121,8.25,0.031,-0.235,0.235,-0.097,-1.599,0.042,-0.065,-0.003,-2.08,5.67,79.28
13,4.328,-3.271,8.30,0.031,-0.235,0.238,-0.100,-1.599,0.034,-0.068,-0.004,-2.06,5.68,79.29
13,4.163,-3.426,8.35,0.031,-0.235,0.239,-0.102,-1.599,0.030,-0.070,-0.004,-2.06,5.68,79.30
13,4.002,-3.586,8.40,0.031,-0.235,0.241,-0.105,-1.599,0.022,-0.075,-0.004,-2.05,5.68,79.30
13,3.845,-3.749,8.45,0.031,-0.235,0.242,-0.107,-1.599,0.016,-0.079,-0.004,-2.05,5.66,79.30
13,3.694,-3.916,8.50,0.031,-0.235,0.243,-0.111,-1.600,0.008,-0.085,-0.004,-2.06,5.63,79.31
13,3.547,-4.087,8.55,0.031,-0.235,0.243,-0.113,-1.600,0.003,-0.088,-0.003,-2.06,5.59,79.31
13,3.407,-4.260,8.60,0.031,-0.235,0.243,-0.118,-1.600,-0.005,-0.096,-0.003,-2.08,5.53,79.31
13,3.273,-4.436,8.65,0.031,-0.235,0.242,-0.121,-1.600,-0.010,-0.101,-0.002,-2.09,5.47,79.32
13,3.145,-4.613,8.70,0.031,-0.235,0.241,-0.128,-1.601,-0.019,-0.109,-0.001,-2.10,5.40,79.33
13,3.023,-4.793,8.75,0.031,-0.235,0.240,-0.131,-1.601,-0.023,-0.113,-0.001,-2.12,5.32,79.35
13,2.909,-4.973,8.80,0.031,-0.235,0.237,-0.139,-1.602,-0.030,-0.122,-0.001,-2.14,5.22,79.36
13,2.803,-5.153,8.85,0.031,-0.235,0.236,-0.144,-1.602,-0.035,-0.126,-0.000,-2.16,5.13,79.38
13,2.703,-5.334,8.90,0.031,-0.235,0.232,-0.152,-1.604,-0.042,-0.134,0.001,-2.19,5.01,79.39
13,2.612,-5.514,8.95,0.031,-0.235,0.230,-0.157,-1.605,-0.045,-0.137,0.001,-2.21,4.91,79.40
13,2.529,-5.694,9.00,0.031,-0.235,0.145,-0.304,-1.611,-0.052,-0.097,0.010,-2.65,3.01,79.18
13,2.454,-5.872,9.05,0.031,-0.235,0.145,-0.304,-1.611,-0.052,-0.097,0.010,-2.65,3.01,79.18
13,2.388,-6.049,9.10,0.031,-0.235,0.144,-0.306,-1.611,-0.049,-0.093,0.011,-2.63,3.00,79.17
13,2.330,-6.223,9.15,0.031,-0.235,0.143,-0.309,-1.611,-0.046,-0.086,0.011,-2.61,3.01,79.17
13,2.282,-6.395,9.20,0.031,-0.235,0.143,-0.311,-1.611,-0.045,-0.083,0.011,-2.56,3.03,79.17
13,2.242,-6.563,9.25,0.031,-0.235,0.142,-0.315,-1.611,-0.045,-0.077,0.011,-2.52,3.05,79.18
13,2.211,-6.729,9.30,0.031,-0.235,0.142,-0.317,-1.611,-0.047,-0.075,0.011,-2.47,3.06,79.19
13,2.189,-6.890,9.35,0.031,-0.235,0.141,-0.320,-1.611,-0.051,-0.072,0.011,-2.43,3.08,79.20
13,2.177,-7.047,9.40,0.031,-0.235,0.140,-0.321,-1.611,-0.054,-0.071,0.011,-2.40,3.09,79.22
13,2.173,-7.199,9.45,0.031,-0.235,0.138,-0.324,-1.611,-0.062,-0.069,0.011,-2.38,3.08,79.23
13,2.179,-7.346,9.50,0.031,-0.235,0.136,-0.326,-1.610,-0.066,-0.069,0.011,-2.38,3.07,79.25
13,2.195,-7.488,9.55,0.031,-0.235,0.133,-0.328,-1.610,-0.076,-0.069,0.010,-2.41,3.05,79.26
13,2.219,-7.624,9.60,0.031,-0.235,0.131,-0.330,-1.609,-0.081,-0.069,0.010,-2.44,3.03,79.28
13,2.252,-7.753,9.65,0.031,-0.235,0.125,-0.334,-1.608,-0.093,-0.071,0.009,-2.49,2.99,79.31
13,2.295,-7.876,9.70,0.031,-0.235,0.122,-0.336,-1.608,-0.098,-0.072,0.008,-2.56,2.94,79.34
13,2.346,-7.993,9.75,0.031,-0.235,0.114,-0.340,-1.607,-0.110,-0.074,0.008,-2.64,2.88,79.37
13,2.406,-8.102,9.80,0.031,-0.235,0.110,-0.342,-1.607,-0.116,-0.075,0.007,-2.73,2.82,79.40
13,2.475,-8.204,9.85,0.031,-0.235,0.100,-0.346,-1.606,-0.128,-0.078,0.006,-2.84,2.74,79.42
13,2.552,-8.298,9.90,0.031,-0.235,0.095,-0.348,-1.606,-0.133,-0.079,0.005,-2.95,2.66,79.44
13,2.638,-8.384,9.95,0.031,-0.235,0.086,-0.352,-1.606,-0.141,-0.081,0.004,-3.08,2.57,79.45
13,2.732,-8.462,10.00,0.031,-0.235,-0.063,-0.432,-1.610,-0.089,-0.067,-0.001,-4.64,0.85,79.24
13,2.833,-8.532,10.05,0.031,-0.235,-0.063,-0.432,-1.610,-0.089,-0.067,-0.001,-4.64,0.85,79.24
13,2.942,-8.594,10.10,0.031,-0.235,-0.068,-0.436,-1.611,-0.080,-0.063,0.000,-4.65,0.81,79.24
13,3.058,-8.646,10.15,0.031,-0.235,-0.070,-0.438,-1.611,-0.076,-0.061,0.001,-4.66,0.76,79.25
13,3.181,-8.690,10.20,0.031,-0.235,-0.075,-0.443,-1.612,-0.067,-0.056,0.002,-4.66,0.72,79.26
13,3.311,-8.725,10.25,0.031,-0.235,-0.077,-0.444,-1.612,-0.062,-0.054,0.002,-4.65,0.69,79.26
13,3.447,-8.751,10.30,0.031,-0.235,-0.080,-0.448,-1.613,-0.054,-0.049,0.003,-4.65,0.65,79.27
13,3.590,-8.769,10.35,0.031,-0.235,-0.081,-0.449,-1.613,-0.050,-0.046,0.004,-4.64,0.62,79.28
13,3.737,-8.776,10.40,0.031,-0.235,-0.084,-0.452,-1.613,-0.041,-0.040,0.005,-4.62,0.60,79.29
13,3.890,-8.775,10.45,0.031,-0.235,-0.086,-0.453,-1.613,-0.038,-0.038,0.005,-4.61,0.58,79.30
13,4.048,-8.765,10.50,0.031,-0.235,-0.088,-0.456,-1.614,-0.030,-0.032,0.005,-4.60,0.56,79.30
13,4.211,-8.746,10.55,0.031,-0.235,-0.089,-0.457,-1.614,-0.027,-0.030,0.006,-4.58,0.55,79.31
13,4.377,-8.717,10.60,0.031,-0.235,-0.090,-0.459,-1.615,-0.020,-0.024,0.006,-4.57,0.54,79.31
13,4.547,-8.680,10.65,0.031,-0.235,-0.091,-0.460,-1.615,-0.016,-0.021,0.006,-4.55,0.53,79.31
13,4.721,-8.634,10.70,0.031,-0.235,-0.091,-0.462,-1.616,-0.010,-0.016,0.007,-4.54,0.52,79.30
13,4.897,-8.579,10.75,0.031,-0.235,-0.091,-0.463,-1.616,-0.006,-0.014,0.007,-4.52,0.51,79.29
13,5.075,-8.515,10.80,0.031,-0.235,-0.091,-0.465,-1.617,0.001,-0.008,0.008,-4.50,0.51,79.27
13,5.255,-8.443,10.85,0.031,-0.235,-0.090,-0.465,-1.618,0.004,-0.006,0.008,-4.47,0.50,79.25
13,5.437,-8.363,10.90,0.031,-0.235,-0.089,-0.466,-1.618,0.009,-0.001,0.009,-4.45,0.50,79.24
13,5.619,-8.275,10.95,0.031,-0.235,-0.089,-0.466,-1.618,0.011,0.001,0.010,-4.42,0.49,79.23
13,5.802,-8.179,11.00,0.031,-0.235,-0.068,-0.447,-1.612,0.036,0.062,0.003,-4.20,0.66,79.42
13,5.985,-8.075,11.05,0.031,-0.235,-0.068,-0.447,-1.612,0.036,0.062,0.003,-4.20,0.66,79.42
13,6.168,-7.964,11.10,0.031,-0.235,-0.067,-0.445,-1.613,0.036,0.063,0.003,-4.20,0.67,79.42
13,6.349,-7.846,11.15,0.031,-0.235,-0.065,-0.441,-1.613,0.037,0.065,0.004,-4.20,0.69,79.42
13,6.530,-7.721,11.20,0.031,-0.235,-0.064,-0.439,-1.614,0.037,0.066,0.004,-4.20,0.71,79.41
13,6.708,-7.590,11.25,0.031,-0.235,-0.061,-0.435,-1.615,0.037,0.067,0.004,-4.20,0.74,79.40
13,6.884,-7.452,11.30,0.031,-0.235,-0.060,-0.434,-1.615,0.038,0.068,0.005,-4.20,0.76,79.39
13,7.057,-7.309,11.35,0.031,-0.235,-0.058,-0.431,-1.616,0.038,0.067,0.005,-4.19,0.78,79.37
13,7.228,-7.161,11.40,0.031,-0.235,-0.056,-0.429,-1.617,0.038,0.067,0.006,-4.18,0.80,79.34
13,7.394,-7.007,11.45,0.031,-0.235,-0.054,-0.426,-1.617,0.038,0.067,0.007,-4.17,0.81,79.32
13,7.557,-6.849,11.50,0.031,-0.235,-0.053,-0.425,-1.618,0.038,0.066,0.007,-4.15,0.82,79.30
13,7.715,-6.687,11.55,0.031,-0.235,-0.050,-0.422,-1.618,0.038,0.066,0.008,-4.14,0.83,79.27
13,7.868,-6.521,11.60,0.031,-0.235,-0.048,-0.420,-1.618,0.038,0.065,0.009,-4.13,0.83,79.26
13,8.016,-6.351,11.65,0.031,-0.235,-0.046,-0.418,-1.618,0.037,0.064,0.009,-4.12,0.84,79.24
13,8.158,-6.179,11.70,0.031,-0.235,-0.045,-0.416,-1.619,0.037,0.064,0.010,-4.10,0.84,79.23
13,8.295,-6.004,11.75,0.031,-0.235,-0.042,-0.413,-1.619,0.036,0.063,0.010,-4.09,0.84,79.22
13,8.425,-5.827,11.80,0.031,-0.235,-0.040,-0.412,-1.619,0.036,0.063,0.011,-4.08,0.84,79.21
13,8.548,-5.648,11.85,0.031,-0.235,-0.037,-0.409,-1.619,0.035,0.062,0.011,-4.07,0.85,79.20
13,8.665,-5.469,11.90,0.031,-0.235,-0.036,-0.408,-1.619,0.035,0.061,0.011,-4.06,0.85,79.20
13,8.774,-5.288,11.95,0.031,-0.235,-0.032,-0.405,-1.619,0.035,0.061,0.011,-4.05,0.85,79.20
13,8.876,-5.107,12.00,0.031,-0.235,0.026,-0.349,-1.615,0.012,0.048,0.008,-3.82,1.07,79.34
13,8.970,-4.927,12.05,0.031,-0.235,0.026,-0.349,-1.615,0.012,0.048,0.008,-3.82,1.07,79.34
13,9.055,-4.747,12.10,0.031,-0.235,0.030,-0.346,-1.615,0.010,0.046,0.008,-3.81,1.08,79.34
13,9.133,-4.568,12.15,0.031,-0.235,0.032,-0.345,-1.615,0.009,0.046,0.008,-3.78,1.08,79.34
13,9.202,-4.391,12.20,0.031,-0.235,0.035,-0.342,-1.615,0.004,0.048,0.007,-3.75,1.07,79.34
13,9.263,-4.216,12.25,0.031,-0.235,0.036,-0.341,-1.615,0.001,0.050,0.007,-3.71,1.06,79.35
13,9.314,-4.043,12.30,0.031,-0.235,0.038,-0.339,-1.616,-0.006,0.056,0.006,-3.67,1.05,79.34
13,9.357,-3.874,12.35,0.031,-0.235,0.039,-0.337,-1.616,-0.010,0.060,0.006,-3.65,1.05,79.34
13,9.391,-3.707,12.40,0.031,-0.235,0.039,-0.334,-1.617,-0.019,0.071,0.006,-3.63,1.06,79.34
13,9.415,-3.545,12.45,0.031,-0.235,0.039,-0.332,-1.617,-0.023,0.076,0.005,-3.64,1.09,79.33
13,9.431,-3.386,12.50,0.031,-0.235,0.039,-0.327,-1.618,-0.032,0.089,0.006,-3.66,1.13,79.31
13,9.437,-3.232,12.55,0.031,-0.235,0.038,-0.324,-1.619,-0.036,0.096,0.006,-3.70,1.18,79.30
13,9.434,-3.084,12.60,0.031,-0.235,0.036,-0.315,-1.620,-0.046,0.113,0.006,-3.76,1.26,79.27
13,9.422,-2.940,12.65,0.031,-0.235,0.035,-0.311,-1.620,-0.050,0.121,0.006,-3.83,1.35,79.25
13,9.401,-2.802,12.70,0.031,-0.235,0.032,-0.302,-1.621,-0.058,0.137,0.006,-3.92,1.46,79.23
13,9.370,-2.671,12.75,0.031,-0.235,0.031,-0.297,-1.621,-0.061,0.145,0.006,-4.01,1.58,79.21
13,9.331,-2.545,12.80,0.031,-0.235,0.027,-0.285,-1.622,-0.068,0.162,0.006,-4.11,1.72,79.18
13,9.282,-2.427,12.85,0.031,-0.235,0.025,-0.279,-1.623,-0.070,0.170,0.006,-4.21,1.87,79.16
13,9.225,-2.315,12.90,0.031,-0.235,0.021,-0.266,-1.624,-0.074,0.184,0.006,-4.32,2.03,79.15
13,9.159,-2.211,12.95,0.031,-0.235,0.019,-0.259,-1.624,-0.076,0.190,0.005,-4.43,2.19,79.13
13,9.084,-2.114,13.00,0.031,-0.235,-0.055,-0.008,-1.628,0.005,0.159,0.005,-5.68,5.43,79.37
13,9.001,-2.025,13.05,0.031,-0.235,-0.055,-0.008,-1.628,0.005,0.159,0.005,-5.68,5.43,79.37
13,8.910,-1.944,13.10,0.031,-0.235,-0.055,-0.004,-1.628,0.009,0.153,0.005,-5.66,5.49,79.37
13,8.812,-1.872,13.15,0.031,-0.235,-0.055,0.005,-1.628,0.018,0.138,0.005,-5.64,5.53,79.36
13,8.705,-1.808,13.20,0.031,-0.235,-0.054,0.008,-1.628,0.023,0.132,0.005,-5.62,5.57,79.35
13,8.591,-1.752,13.25,0.031,-0.235,-0.052,0.014,-1.628,0.033,0.119,0.006,-5.60,5.59,79.34
13,8.470,-1.705,13.30,0.031,-0.235,-0.051,0.017,-1.628,0.039,0.113,0.006,-5.58,5.61,79.32
13,8.343,-1.667,13.35,0.031,-0.235,-0.047,0.022,-1.628,0.052,0.100,0.007,-5.54,5.63,79.31
13,8.208,-1.638,13.40,0.031,-0.235,-0.045,0.025,-1.628,0.058,0.094,0.008,-5.49,5.64,79.30
13,8.068,-1.618,13.45,0.031,-0.235,-0.040,0.028,-1.628,0.070,0.084,0.009,-5.43,5.65,79.30
13,7.922,-1.607,13.50,0.031,-0.235,-0.038,0.030,-1.628,0.076,0.079,0.009,-5.36,5.67,79.29
13,7.771,-1.606,13.55,0.031,-0.235,-0.031,0.033,-1.628,0.091,0.068,0.010,-5.27,5.68,79.28
13,7.614,-1.613,13.60,0.031,-0.235,-0.027,0.034,-1.627,0.097,0.063,0.011,-5.17,5.70,79.27
13,7.453,-1.629,13.65,0.031,-0.235,-0.020,0.036,-1.627,0.109,0.054,0.011,-5.07,5.72,79.27
13,7.288,-1.655,13.70,0.031,-0.235,-0.016,0.036,-1.626,0.114,0.050,0.011,-4.95,5.73,79.26
13,7.119,-1.689,13.75,0.031,-0.235,-0.006,0.038,-1.626,0.126,0.040,0.012,-4.83,5.75,79.25
13,6.947,-1.732,13.80,0.031,-0.235,-0.002,0.038,-1.625,0.131,0.036,0.012,-4.70,5.77,79.24
13,6.772,-1.784,13.85,0.031,-0.235,0.007,0.038,-1.625,0.140,0.028,0.012,-4.57,5.79,79.22
13,6.594,-1.845,13.90,0.031,-0.235,0.012,0.038,-1.624,0.143,0.024,0.012,-4.43,5.80,79.19
13,6.415,-1.914,13.95,0.031,-0.235,0.022,0.037,-1.623,0.150,0.016,0.012,-4.31,5.82,79.17
13,6.233,-1.992,14.00,0.031,-0.235,0.159,0.013,-1.617,0.104,-0.043,0.009,-2.55,6.06,79.16
13,6.051,-2.078,14.05,0.031,-0.235,0.159,0.013,-1.617,0.104,-0.043,0.009,-2.55,6.06,79.16
13,5.868,-2.171,14.10,0.031,-0.235,0.164,0.010,-1.616,0.098,-0.045,0.008,-2.52,6.06,79.17
13,5.685,-2.273,14.15,0.031,-0.235,0.167,0.009,-1.616,0.094,-0.047,0.008,-2.50,6.07,79.19
13,5.503,-2.381,14.20,0.031,-0.235,0.171,0.007,-1.617,0.087,-0.051,0.008,-2.48,6.07,79.20
13,5.321,-2.497,14.25,0.031,-0.235,0.174,0.005,-1.617,0.084,-0.053,0.008,-2.47,6.08,79.21
13,5.140,-2.620,14.30,0.031,-0.235,0.178,0.003,-1.617,0.077,-0.058,0.008,-2.46,6.08,79.23
13,4.961,-2.749,14.35,0.031,-0.235,0.180,0.002,-1.617,0.074,-0.061,0.008,-2.45,6.08,79.24
13,4.784,-2.884,14.40,0.031,-0.235,0.184,-0.001,-1.617,0.068,-0.068,0.009,-2.44,6.07,79.26
13,4.610,-3.026,14.45,0.031,-0.235,0.186,-0.003,-1.617,0.065,-0.071,0.010,-2.43,6.06,79.28
13,4.438,-3.172,14.50,0.031,-0.235,0.189,-0.006,-1.617,0.060,-0.079,0.010,-2.42,6.04,79.30
13,4.270,-3.324,14.55,0.031,-0.235,0.192,-0.009,-1.617,0.057,-0.085,0.011,-2.40,6.00,79.31
13,4.107,-3.481,14.60,0.031,-0.235,0.195,-0.014,-1.616,0.052,-0.093,0.012,-2.38,5.96,79.33
13,3.947,-3.642,14.65,0.031,-0.235,0.196,-0.016,-1.616,0.049,-0.097,0.012,-2.36,5.91,79.34
13,3.792,-3.807,14.70,0.031,-0.235,0.199,-0.022,-1.615,0.044,-0.106,0.013,-2.34,5.86,79.36
13,3.642,-3.975,14.75,0.031,-0.235,0.201,-0.026,-1.614,0.041,-0.111,0.013,-2.31,5.79,79.37
13,3.498,-4.147,14.80,0.031,-0.235,0.202,-0.033,-1.614,0.036,-0.120,0.013,-2.29,5.72,79.37
13,3.360,-4.321,14.85,0.031,-0.235,0.203,-0.036,-1.613,0.033,-0.124,0.013,-2.26,5.64,79.37
13,3.228,-4.497,14.90,0.031,-0.235,0.204,-0.044,-1.613,0.028,-0.132,0.012,-2.23,5.56,79.37
13,3.102,-4.675,14.95,0.031,-0.235,0.205,-0.049,-1.612,0.025,-0.136,0.012,-2.21,5.47,79.37
13,2.983,-4.855,15.00,0.031,-0.235,0.187,-0.177,-1.609,-0.034,-0.116,0.007,-2.05,4.02,79.17
13,2.872,-5.035,15.05,0.031,-0.235,0.187,-0.177,-1.609,-0.034,-0.116,0.007,-2.05,4.02,79.17
13,2.767,-5.216,15.10,0.031,-0.235,0.185,-0.179,-1.609,-0.035,-0.114,0.007,-2.07,4.01,79.16
13,2.671,-5.397,15.15,0.031,-0.235,0.182,-0.184,-1.609,-0.039,-0.109,0.007,-2.07,4.01,79.16
13,2.582,-5.577,15.20,0.031,-0.235,0.181,-0.186,-1.609,-0.041,-0.108,0.007,-2.07,4.02,79.16
13,2.502,-5.756,15.25,0.031,-0.235,0.178,-0.190,-1.609,-0.047,-0.106,0.007,-2.07,4.02,79.16
13,2.430,-5.934,15.30,0.031,-0.235,0.176,-0.192,-1.609,-0.051,-0.105,0.007,-2.08,4.03,79.18
13,2.367,-6.109,15.35,0.031,-0.235,0.172,-0.197,-1.608,-0.060,-0.106,0.007,-2.08,4.03,79.19
13,2.312,-6.283,15.40,0.031,-0.235,0.171,-0.199,-1.608,-0.064,-0.107,0.007,-2.11,4.01,79.21
13,2.267,-6.454,15.45,0.031,-0.235,0.167,-0.204,-1.607,-0.073,-0.109,0.006,-2.13,3.99,79.23
13,2.230,-6.621,15.50,0.031,-0.235,0.165,-0.207,-1.607,-0.077,-0.111,0.006,-2.18,3.95,79.26
13,2.202,-6.785,15.55,0.031,-0.235,0.160,-0.213,-1.607,-0.088,-0.116,0.006,-2.21,3.91,79.28
13,2.184,-6.945,15.60,0.031,-0.235,0.157,-0.216,-1.607,-0.093,-0.118,0.005,-2.28,3.83,79.31
13,2.175,-7.100,15.65,0.031,-0.235,0.151,-0.222,-1.607,-0.103,-0.123,0.005,-2.33,3.78,79.33
13,2.174,-7.251,15.70,0.031,-0.235,0.148,-0.225,-1.607,-0.108,-0.125,0.005,-2.42,3.68,79.36
13,2.184,-7.396,15.75,0.031,-0.235,0.140,-0.233,-1.607,-0.118,-0.130,0.005,-2.48,3.60,79.38
13,2.202,-7.536,15.80,0.031,-0.235,0.136,-0.237,-1.608,-0.122,-0.133,0.005,-2.58,3.49,79.40
13,2.229,-7.669,15.85,0.031,-0.235,0.128,-0.244,-1.608,-0.130,-0.138,0.005,-2.68,3.38,79.42
13,2.266,-7.797,15.90,0.031,-0.235,0.123,-0.248,-1.608,-0.134,-0.140,0.005,-2.77,3.27,79.44
13,2.312,-7.918,15.95,0.031,-0.235,0.113,-0.257,-1.608,-0.141,-0.144,0.005,-2.84,3.18,79.45
13,2.366,-8.032,16.00,0.031,-0.235,0.000,-0.383,-1.603,-0.078,-0.091,0.000,-3.85,1.25,79.15
13,2.429,-8.138,16.05,0.031,-0.235,0.000,-0.383,-1.603,-0.078,-0.091,0.000,-3.85,1.25,79.15
13,2.501,-8.237,16.10,0.031,-0.235,-0.001,-0.385,-1.602,-0.075,-0.088,-0.000,-3.84,1.24,79.15
13,2.581,-8.329,16.15,0.031,-0.235,-0.004,-0.390,-1.602,-0.069,-0.080,-0.001,-3.82,1.23,79.15
13,2.670,-8.412,16.20,0.031,-0.235,-0.005,-0.391,-1.602,-0.067,-0.076,-0.002,-3.79,1.22,79.15
13,2.766,-8.488,16.25,0.031,-0.235,-0.008,-0.395,-1.602,-0.065,-0.069,-0.003,-3.76,1.21,79.16
13,2.870,-8.555,16.30,0.031,-0.235,-0.009,-0.396,-1.602,-0.065,-0.065,-0.003,-3.74,1.21,79.16
13,2.981,-8.613,16.35,0.031,-0.235,-0.012,-0.398,-1.602,-0.065,-0.057,-0.004,-3.72,1.21,79.17
13,3.100,-8.663,16.40,0.031,-0.235,-0.013,-0.399,-1.603,-0.066,-0.053,-0.004,-3.71,1.21,79.19
13,3.226,-8.704,16.45,0.031,-0.235,-0.016,-0.400,-1.603,-0.069,-0.046,-0.005,-3.71,1.21,79.20
13,3.358,-8.735,16.50,0.031,-0.235,-0.018,-0.401,-1.603,-0.071,-0.042,-0.005,-3.72,1.22,79.22
13,3.496,-8.758,16.55,0.031,-0.235,-0.023,-0.402,-1.604,-0.077,-0.036,-0.005,-3.75,1.22,79.23
13,3.640,-8.772,16.60,0.031,-0.235,-0.025,-0.403,-1.604,-0.080,-0.033,-0.005,-3.80,1.23,79.24
13,3.790,-8.777,16.65,0.031,-0.235,-0.029,-0.404,-1.605,-0.085,-0.028,-0.005,-3.85,1.22,79.25
13,3.945,-8.773,16.70,0.031,-0.235,-0.031,-0.405,-1.605,-0.088,-0.025,-0.005,-3.93,1.22,79.26
13,4.104,-8.759,16.75,0.031,-0.235,-0.037,-0.406,-1.606,-0.095,-0.022,-0.005,-4.00,1.21,79.27
13,4.268,-8.737,16.80,0.031,-0.235,-0.040,-0.407,-1.606,-0.098,-0.020,-0.005,-4.08,1.20,79.28
13,4.436,-8.705,16.85,0.031,-0.235,-0.047,-0.409,-1.607,-0.104,-0.018,-0.005,-4.17,1.18,79.30
13,4.607,-8.665,16.90,0.031,-0.235,-0.050,-0.409,-1.607,-0.106,-0.016,-0.004,-4.26,1.16,79.31
13,4.781,-8.616,16.95,0.031,-0.235,-0.059,-0.411,-1.608,-0.112,-0.014,-0.004,-4.36,1.13,79.32
13,4.958,-8.558,17.00,0.031,-0.235,-0.185,-0.435,-1.610,-0.068,0.018,-0.005,-6.02,0.34,79.29
13,5.137,-8.491,17.05,0.031,-0.235,-0.185,-0.435,-1.610,-0.068,0.018,-0.005,-6.02,0.34,79.29
13,5.318,-8.416,17.10,0.031,-0.235,-0.191,-0.434,-1.611,-0.059,0.022,-0.004,-6.06,0.32,79.29
13,5.500,-8.333,17.15,0.031,-0.235,-0.193,-0.434,-1.611,-0.056,0.025,-0.004,-6.08,0.31,79.29
13,5.683,-8.242,17.20,0.031,-0.235,-0.197,-0.432,-1.611,-0.049,0.030,-0.004,-6.09,0.30,79.29
13,5.866,-8.144,17.25,0.031,-0.235,-0.199,-0.431,-1.612,-0.046,0.033,-0.004,-6.10,0.29,79.30
13,6.049,-8.037,17.30,0.031,-0.235,-0.203,-0.430,-1.612,-0.039,0.041,-0.004,-6.10,0.30,79.30
13,6.231,-7.924,17.35,0.031,-0.235,-0.205,-0.429,-1.612,-0.036,0.044,-0.004,-6.11,0.31,79.30
13,6.412,-7.803,17.40,0.031,-0.235,-0.209,-0.426,-1.613,-0.031,0.052,-0.003,-6.12,0.33,79.30
13,6.592,-7.676,17.45,0.031,-0.235,-0.210,-0.425,-1.613,-0.028,0.056,-0.003,-6.13,0.35,79.30
13,6.769,-7.543,17.50,0.031,-0.235,-0.214,-0.421,-1.613,-0.023,0.065,-0.003,-6.15,0.38,79.30
13,6.945,-7.403,17.55,0.031,-0.235,-0.215,-0.419,-1.613,-0.021,0.069,-0.003,-6.17,0.42,79.30
13,7.117,-7.258,17.60,0.031,-0.235,-0.218,-0.415,-1.614,-0.016,0.077,-0.003,-6.19,0.47,79.29
13,7.286,-7.108,17.65,0.031,-0.235,-0.219,-0.413,-1.614,-0.014,0.082,-0.003,-6.22,0.52,79.29
13,7.451,-6.953,17.70,0.031,-0.235,-0.222,-0.406,-1.614,-0.009,0.091,-0.003,-6.24,0.58,79.29
13,7.612,-6.793,17.75,0.031,-0.235,-0.223,-0.403,-1.614,-0.007,0.095,-0.003,-6.27,0.64,79.30
13,7.769,-6.630,17.80,0.031,-0.235,-0.225,-0.397,-1.614,-0.003,0.103,-0.003,-6.30,0.71,79.31
13,7.920,-6.462,17.85,0.031,-0.235,-0.226,-0.393,-1.614,-0.001,0.107,-0.003,-6.34,0.79,79.32
13,8.066,-6.292,17.90,0.031,-0.235,-0.229,-0.384,-1.615,0.003,0.115,-0.003,-6.37,0.87,79.34
13,8.206,-6.119,17.95,0.031,-0.235,-0.230,-0.380,-1.615,0.005,0.119,-0.003,-6.40,0.96,79.36
13,8.341,-5.943,18.00,0.031,-0.235,-0.191,-0.244,-1.605,0.073,0.091,-0.010,-6.51,2.41,79.13
13,8.469,-5.765,18.05,0.031,-0.235,-0.191,-0.244,-1.605,0.073,0.091,-0.010,-6.51,2.41,79.13
13,8.590,-5.586,18.10,0.031,-0.235,-0.188,-0.242,-1.606,0.074,0.086,-0.009,-6.48,2.43,79.12
13,8.704,-5.406,18.15,0.031,-0.235,-0.183,-0.240,-1.606,0.075,0.079,-0.009,-6.46,2.43,79.11
13,8.810,-5.225,18.20,0.031,-0.235,-0.180,-0.239,-1.606,0.075,0.076,-0.008,-6.43,2.43,79.10
13,8.909,-5.045,18.25,0.031,-0.235,-0.175,-0.237,-1.607,0.075,0.069,-0.008,-6.40,2.42,79.10
13,9.000,-4.864,18.30,0.031,-0.235,-0.172,-0.235,-1.607,0.075,0.065,-0.007,-6.38,2.41,79.10
13,9.083,-4.685,18.35,0.031,-0.235,-0.167,-0.234,-1.608,0.074,0.060,-0.007,-6.36,2.40,79.11
13,9.158,-4.507,18.40,0.031,-0.235,-0.164,-0.233,-1.609,0.074,0.057,-0.007,-6.34,2.38,79.12
13,9.224,-4.330,18.45,0.031,-0.235,-0.160,-0.231,-1.609,0.073,0.052,-0.005,-6.32,2.37,79.14
13,9.281,-4.156,18.50,0.031,-0.235,-0.157,-0.230,-1.610,0.072,0.050,-0.005,-6.30,2.36,79.15
13,9.330,-3.984,18.55,0.031,-0.235,-0.153,-0.228,-1.610,0.070,0.046,-0.004,-6.29,2.35,79.17
13,9.370,-3.816,18.60,0.031,-0.235,-0.151,-0.228,-1.610,0.069,0.044,-0.004,-6.28,2.34,79.19
13,9.400,-3.650,18.65,0.031,-0.235,-0.148,-0.226,-1.610,0.066,0.041,-0.003,-6.27,2.33,79.20
13,9.422,-3.489,18.70,0.031,-0.235,-0.146,-0.225,-1.610,0.064,0.039,-0.002,-6.27,2.32,79.22
13,9.434,-3.332,18.75,0.031,-0.235,-0.143,-0.224,-1.610,0.061,0.036,-0.002,-6.27,2.31,79.22
13,9.437,-3.180,18.80,0.031,-0.235,-0.142,-0.224,-1.611,0.060,0.035,-0.002,-6.27,2.31,79.23
13,9.431,-3.033,18.85,0.031,-0.235,-0.139,-0.223,-1.611,0.057,0.032,-0.002,-6.28,2.30,79.24
13,9.416,-2.892,18.90,0.031,-0.235,-0.138,-0.223,-1.611,0.055,0.031,-0.002,-6.29,2.29,79.24
13,9.391,-2.756,18.95,0.031,-0.235,-0.135,-0.223,-1.612,0.053,0.028,-0.001,-6.31,2.29,79.25
13,9.358,-2.626,19.00,0.031,-0.235,-0.074,-0.227,-1.619,0.035,0.017,0.007,-6.20,2.21,79.29
13,9.315,-2.503,19.05,0.031,-0.235,-0.074,-0.227,-1.619,0.035,0.017,0.007,-6.20,2.21,79.29
13,9.263,-2.387,19.10,0.031,-0.235,-0.072,-0.227,-1.620,0.034,0.017,0.008,-6.20,2.22,79.28
13,9.203,-2.278,19.15,0.031,-0.235,-0.069,-0.226,-1.621,0.031,0.017,0.009,-6.20,2.23,79.27
13,9.134,-2.176,19.20,0.031,-0.235,-0.068,-0.226,-1.621,0.030,0.017,0.009,-6.20,2.24,79.27
13,9.057,-2.082,19.25,0.031,-0.235,-0.066,-0.225,-1.622,0.027,0.017,0.010,-6.20,2.25,79.27
13,8.971,-1.996,19.30,0.031,-0.235,-0.064,-0.225,-1.623,0.026,0.016,0.011,-6.20,2.26,79.27
13,8.877,-1.918,19.35,0.031,-0.235,-0.062,-0.225,-1.624,0.024,0.016,0.012,-6.21,2.26,79.27
13,8.776,-1.849,19.40,0.031,-0.235,-0.060,-0.225,-1.624,0.023,0.016,0.012,-6.22,2.26,79.28
13,8.666,-1.787,19.45,0.031,-0.235,-0.058,-0.224,-1.624,0.021,0.015,0.013,-6.23,2.26,79.28
13,8.550,-1.735,19.50,0.031,-0.235,-0.056,-0.224,-1.624,0.020,0.015,0.014,-6.23,2.27,79.29
13,8.427,-1.691,19.55,0.031,-0.235,-0.053,-0.224,-1.624,0.019,0.014,0.014,-6.24,2.27,79.29
13,8.297,-1.656,19.60,0.031,-0.235,-0.052,-0.223,-1.624,0.019,0.014,0.014,-6.24,2.27,79.30
13,8.160,-1.630,19.65,0.031,-0.235,-0.049,-0.223,-1.624,0.017,0.014,0.015,-6.24,2.28,79.30
13,8.018,-1.614,19.70,0.031,-0.235,-0.047,-0.223,-1.625,0.016,0.013,0.015,-6.24,2.28,79.31
13,7.870,-1.606,19.75,0.031,-0.235,-0.045,-0.222,-1.625,0.015,0.013,0.015,-6.23,2.28,79.32
13,7.717,-1.607,19.80,0.031,-0.235,-0.044,-0.222,-1.625,0.014,0.012,0.015,-6.23,2.29,79.32
13,7.559,-1.618,19.85,0.031,-0.235,-0.041,-0.221,-1.626,0.013,0.012,0.015,-6.23,2.29,79.32
13,7.397,-1.637,19.90,0.031,-0.235,-0.040,-0.221,-1.626,0.012,0.012,0.016,-6.23,2.29,79.32
13,7.230,-1.666,19.95,0.031,-0.235,-0.038,-0.220,-1.626,0.010,0.012,0.016,-6.23,2.30,79.32
14,4.957,-0.422,0.00,0.031,-0.235,0.002,-0.211,-1.602,0.017,-0.032,-0.009,-6.29,2.23,79.35
14,5.077,-0.400,0.05,0.031,-0.235,0.002,-0.211,-1.602,0.017,-0.032,-0.009,-6.29,2.23,79.35
14,5.198,-0.374,0.10,0.031,-0.235,0.003,-0.212,-1.602,0.016,-0.031,-0.009,-6.27,2.22,79.35
14,5.322,-0.344,0.15,0.031,-0.235,0.006,-0.214,-1.603,0.019,-0.028,-0.008,-6.27,2.19,79.35
14,5.448,-0.309,0.20,0.031,-0.235,0.008,-0.215,-1.604,0.023,-0.024,-0.007,-6.29,2.16,79.35
14,5.576,-0.269,0.25,0.031,-0.235,0.011,-0.217,-1.605,0.033,-0.017,-0.006,-6.31,2.12,79.35
14,5.706,-0.225,0.30,0.031,-0.235,0.013,-0.218,-1.606,0.039,-0.013,-0.005,-6.33,2.10,79.35
14,5.838,-0.177,0.35,0.031,-0.235,0.018,-0.218,-1.607,0.055,-0.003,-0.002,-6.34,2.09,79.35
14,5.970,-0.124,0.40,0.031,-0.235,0.021,-0.218,-1.608,0.066,0.004,-0.001,-6.33,2.11,79.35
14,6.104,-0.068,0.45,0.031,-0.235,0.027,-0.218,-1.609,0.087,0.015,0.002,-6.29,2.15,79.35
14,6.239,-0.007,0.50,0.031,-0.235,0.031,-0.217,-1.609,0.098,0.020,0.003,-6.22,2.21,79.35
14,6.375,0.057,0.55,0.031,-0.235,0.040,-0.216,-1.610,0.122,0.031,0.005,-6.13,2.29,79.35
14,6.511,0.126,0.60,0.031,-0.235,0.046,-0.214,-1.611,0.137,0.038,0.007,-6.01,2.39,79.35
14,6.647,0.198,0.65,0.031,-0.235,0.057,-0.211,-1.611,0.162,0.047,0.009,-5.86,2.50,79.35
14,6.783,0.274,0.70,0.031,-0.235,0.064,-0.210,-1.611,0.175,0.052,0.010,-5.67,2.63,79.36
14,6.920,0.353,0.75,0.031,-0.235,0.078,-0.206,-1.611,0.199,0.060,0.011,-5.48,2.76,79.36
14,7.056,0.435,0.80,0.031,-0.235,0.087,-0.203,-1.611,0.214,0.064,0.012,-5.25,2.91,79.36
14,7.191,0.521,0.85,0.031,-0.235,0.104,-0.199,-1.611,0.236,0.070,0.013,-5.02,3.04,79.37
14,7.325,0.610,0.90,0.031,-0.235,0.113,-0.196,-1.610,0.247,0.072,0.013,-4.75,3.20,79.37
14,7.459,0.702,0.95,0.031,-0.235,0.131,-0.191,-1.610,0.266,0.075,0.014,-4.50,3.34,79.38
14,7.591,0.797,1.00,0.031,-0.235,0.443,-0.176,-1.603,0.170,-0.024,0.007,0.07,4.30,79.27
14,7.722,0.895,1.05,0.031,-0.235,0.443,-0.176,-1.603,0.170,-0.024,0.007,0.07,4.30,79.27
14,7.852,0.995,1.10,0.031,-0.235,0.450,-0.179,-1.603,0.149,-0.029,0.006,0.11,4.25,79.29
14,7.979,1.097,1.15,0.031,-0.235,0.453,-0.180,-1.603,0.139,-0.030,0.006,0.14,4.20,79.31
14,8.105,1.202,1.20,0.031,-0.235,0.459,-0.184,-1.603,0.117,-0.032,0.004,0.15,4.15,79.33
14,8.228,1.309,1.25,0.031,-0.235,0.461,-0.185,-1.603,0.107,-0.032,0.004,0.16,4.09,79.35
14,8.349,1.418,1.30,0.031,-0.235,0.466,-0.188,-1.603,0.089,-0.031,0.003,0.16,4.04,79.37
14,8.468,1.528,1.35,0.031,-0.235,0.467,-0.190,-1.603,0.081,-0.030,0.003,0.15,4.00,79.39
14,8.583,1.640,1.40,0.031,-0.235,0.471,-0.193,-1.603,0.063,-0.026,0.002,0.14,3.96,79.42
14,8.696,1.753,1.45,0.031,-0.235,0.472,-0.195,-1.603,0.056,-0.024,0.002,0.12,3.93,79.44
14,8.805,1.868,1.50,0.031,-0.235,0.474,-0.197,-1.604,0.041,-0.019,0.001,0.11,3.91,79.45
14,8.911,1.983,1.55,0.031,-0.235,0.475,-0.197,-1.604,0.035,-0.015,0.001,0.09,3.90,79.46
14,9.014,2.099,1.60,0.031,-0.235,0.476,-0.198,-1.605,0.020,-0.008,0.001,0.07,3.91,79.46
14,9.113,2.216,1.65,0.031,-0.235,0.476,-0.199,-1.606,0.014,-0.004,0.001,0.05,3.92,79.45
14,9.208,2.334,1.70,0.031,-0.235,0.475,-0.198,-1.606,0.003,0.004,0.001,0.03,3.94,79.44
14,9.300,2.451,1.75,0.031,-0.235,0.475,-0.198,-1.606,-0.002,0.008,0.001,0.01,3.97,79.42
14,9.387,2.569,1.80,0.031,-0.235,0.474,-0.196,-1.607,-0.013,0.018,0.001,-0.02,4.02,79.40
14,9.470,2.687,1.85,0.031,-0.235,0.473,-0.195,-1.607,-0.018,0.022,0.002,-0.05,4.07,79.37
14,9.549,2.804,1.90,0.031,-0.235,0.470,-0.192,-1.607,-0.027,0.030,0.002,-0.07,4.13,79.33
14,9.623,2.921,1.95,0.031,-0.235,0.469,-0.191,-1.606,-0.031,0.034,0.001,-0.10,4.19,79.30
14,9.693,3.038,2.00,0.031,-0.235,0.396,-0.105,-1.613,-0.072,0.041,0.002,-0.54,5.57,79.32
14,9.758,3.153,2.05,0.031,-0.235,0.396,-0.105,-1.613,-0.072,0.041,0.002,-0.54,5.57,79.32
14,9.818,3.268,2.10,0.031,-0.235,0.394,-0.104,-1.614,-0.072,0.039,0.002,-0.53,5.60,79.33
14,9.873,3.381,2.15,0.031,-0.235,0.390,-0.102,-1.614,-0.071,0.032,0.002,-0.51,5.62,79.34
14,9.923,3.493,2.20,0.031,-0.235,0.388,-0.102,-1.615,-0.071,0.029,0.002,-0.49,5.63,79.35
14,9.969,3.604,2.25,0.031,-0.235,0.384,-0.100,-1.615,-0.071,0.023,0.003,-0.47,5.64,79.36
14,10.009,3.712,2.30,0.031,-0.235,0.382,-0.100,-1.615,-0.071,0.020,0.003,-0.45,5.64,79.37
14,10.044,3.819,2.35,0.031,-0.235,0.378,-0.100,-1.615,-0.071,0.014,0.004,-0.43,5.64,79.38
14,10.073,3.924,2.40,0.031,-0.235,0.376,-0.100,-1.614,-0.071,0.011,0.005,-0.42,5.63,79.39
14,10.098,4.027,2.45,0.031,-0.235,0.371,-0.100,-1.613,-0.071,0.005,0.005,-0.41,5.62,79.40
14,10.117,4.127,2.50,0.031,-0.235,0.369,-0.100,-1.613,-0.071,0.003,0.005,-0.40,5.61,79.41
14,10.130,4.225,2.55,0.031,-0.235,0.364,-0.101,-1.612,-0.072,-0.003,0.004,-0.38,5.59,79.41
14,10.139,4.320,2.60,0.031,-0.235,0.362,-0.101,-1.612,-0.072,-0.005,0.004,-0.38,5.57,79.41
14,10.142,4.412,2.65,0.031,-0.235,0.357,-0.102,-1.611,-0.072,-0.009,0.004,-0.37,5.55,79.41
14,10.139,4.501,2.70,0.031,-0.235,0.354,-0.102,-1.610,-0.073,-0.010,0.003,-0.37,5.53,79.40
14,10.131,4.587,2.75,0.031,-0.235,0.349,-0.102,-1.610,-0.073,-0.014,0.002,-0.37,5.52,79.39
14,10.118,4.670,2.80,0.031,-0.235,0.346,-0.103,-1.610,-0.074,-0.015,0.002,-0.37,5.50,79.38
14,10.099,4.749,2.85,0.031,-0.235,0.342,-0.103,-1.610,-0.073,-0.017,0.001,-0.37,5.49,79.36
14,10.075,4.825,2.90,0.031,-0.235,0.339,-0.103,-1.610,-0.074,-0.018,0.001,-0.38,5.47,79.34
14,10.046,4.898,2.95,0.031,-0.235,0.334,-0.103,-1.610,-0.073,-0.020,0.001,-0.39,5.47,79.33
14,10.012,4.966,3.00,0.031,-0.235,0.258,-0.134,-1.608,-0.057,-0.038,-0.001,-0.45,5.29,79.32
14,9.972,5.031,3.05,0.031,-0.235,0.258,-0.134,-1.608,-0.057,-0.038,-0.001,-0.45,5.29,79.32
14,9.927,5.092,3.10,0.031,-0.235,0.256,-0.136,-1.608,-0.056,-0.038,-0.001,-0.45,5.28,79.32
14,9.877,5.149,3.15,0.031,-0.235,0.253,-0.139,-1.608,-0.053,-0.037,-0.001,-0.44,5.26,79.33
14,9.822,5.202,3.20,0.031,-0.235,0.252,-0.141,-1.608,-0.050,-0.036,-0.001,-0.44,5.23,79.33
14,9.762,5.250,3.25,0.031,-0.235,0.249,-0.144,-1.607,-0.045,-0.032,-0.001,-0.44,5.21,79.33
14,9.698,5.294,3.30,0.031,-0.235,0.247,-0.145,-1.607,-0.042,-0.030,-0.001,-0.43,5.19,79.32
14,9.629,5.334,3.35,0.031,-0.235,0.244,-0.147,-1.607,-0.034,-0.022,-0.002,-0.43,5.18,79.32
14,9.555,5.369,3.40,0.031,-0.235,0.244,-0.147,-1.608,-0.030,-0.018,-0.002,-0.42,5.18,79.33
14,9.476,5.400,3.45,0.031,-0.235,0.242,-0.148,-1.608,-0.020,-0.009,-0.003,-0.40,5.19,79.33
14,9.394,5.427,3.50,0.031,-0.235,0.242,-0.148,-1.608,-0.015,-0.005,-0.003,-0.37,5.22,79.33
14,9.307,5.449,3.55,0.031,-0.235,0.243,-0.147,-1.608,-0.002,0.007,-0.004,-0.33,5.27,79.34
14,9.216,5.466,3.60,0.031,-0.235,0.243,-0.146,-1.608,0.004,0.012,-0.004,-0.28,5.33,79.34
14,9.121,5.478,3.65,0.031,-0.235,0.245,-0.144,-1.610,0.016,0.022,-0.005,-0.22,5.41,79.34
14,9.022,5.486,3.70,0.031,-0.235,0.246,-0.142,-1.610,0.022,0.027,-0.005,-0.15,5.50,79.34
14,8.919,5.490,3.75,0.031,-0.235,0.250,-0.139,-1.611,0.036,0.038,-0.006,-0.07,5.60,79.34
14,8.813,5.488,3.80,0.031,-0.235,0.252,-0.137,-1.611,0.041,0.042,-0.006,0.02,5.71,79.34
14,8.704,5.482,3.85,0.031,-0.235,0.256,-0.133,-1.612,0.052,0.050,-0.006,0.11,5.82,79.33
14,8.592,5.472,3.90,0.031,-0.235,0.259,-0.131,-1.613,0.058,0.054,-0.006,0.22,5.94,79.32
14,8.476,5.456,3.95,0.031,-0.235,0.265,-0.125,-1.614,0.069,0.062,-0.006,0.32,6.06,79.31
14,8.358,5.436,4.00,0.031,-0.235,0.365,-0.051,-1.632,0.066,0.038,0.009,2.22,7.82,79.15
14,8.237,5.412,4.05,0.031,-0.235,0.365,-0.051,-1.632,0.066,0.038,0.009,2.22,7.82,79.15
14,8.114,5.383,4.10,0.031,-0.235,0.368,-0.049,-1.632,0.059,0.032,0.010,2.26,7.84,79.16
14,7.989,5.349,4.15,0.031,-0.235,0.369,-0.049,-1.632,0.054,0.027,0.010,2.29,7.85,79.16
14,7.861,5.311,4.20,0.031,-0.235,0.371,-0.048,-1.632,0.047,0.021,0.011,2.32,7.86,79.16
14,7.732,5.269,4.25,0.031,-0.235,0.372,-0.049,-1.632,0.043,0.018,0.011,2.34,7.86,79.16
14,7.601,5.222,4.30,0.031,-0.235,0.373,-0.049,-1.633,0.036,0.012,0.012,2.36,7.85,79.16
14,7.469,5.171,4.35,0.031,-0.235,0.373,-0.049,-1.633,0.031,0.009,0.012,2.37,7.84,79.16
14,7.336,5.116,4.40,0.031,-0.235,0.373,-0.050,-1.633,0.024,0.003,0.013,2.38,7.83,79.16
14,7.201,5.057,4.45,0.031,-0.235,0.373,-0.051,-1.633,0.020,0.001,0.013,2.38,7.81,79.16
14,7.066,4.994,4.50,0.031,-0.235,0.373,-0.052,-1.632,0.013,-0.004,0.014,2.38,7.80,79.17
14,6.930,4.927,4.55,0.031,-0.235,0.373,-0.053,-1.632,0.009,-0.007,0.014,2.39,7.77,79.18
14,6.794,4.856,4.60,0.031,-0.235,0.372,-0.055,-1.632,0.004,-0.011,0.015,2.39,7.76,79.18
14,6.657,4.782,4.65,0.031,-0.235,0.372,-0.056,-1.632,0.001,-0.013,0.015,2.39,7.74,79.19
14,6.521,4.704,4.70,0.031,-0.235,0.371,-0.058,-1.631,-0.005,-0.017,0.015,2.39,7.72,79.20
14,6.385,4.622,4.75,0.031,-0.235,0.370,-0.060,-1.631,-0.008,-0.020,0.015,2.39,7.69,79.20
14,6.249,4.537,4.80,0.031,-0.235,0.369,-0.063,-1.631,-0.013,-0.023,0.015,2.39,7.67,79.21
14,6.114,4.449,4.85,0.031,-0.235,0.368,-0.065,-1.630,-0.015,-0.024,0.015,2.39,7.65,79.22
14,5.980,4.358,4.90,0.031,-0.235,0.366,-0.067,-1.630,-0.019,-0.026,0.016,2.39,7.62,79.22
14,5.848,4.264,4.95,0.031,-0.235,0.364,-0.069,-1.631,-0.022,-0.028,0.015,2.39,7.60,79.23
14,5.716,4.168,5.00,0.031,-0.235,0.314,-0.103,-1.622,-0.060,-0.030,0.013,2.27,7.48,79.26
14,5.586,4.069,5.05,0.031,-0.235,0.314,-0.103,-1.622,-0.060,-0.030,0.013,2.27,7.48,79.26
14,5.458,3.967,5.10,0.031,-0.235,0.312,-0.105,-1.622,-0.060,-0.030,0.012,2.27,7.48,79.26
14,5.332,3.863,5.15,0.031,-0.235,0.311,-0.106,-1.621,-0.059,-0.030,0.011,2.28,7.47,79.27
14,5.207,3.757,5.20,0.031,-0.235,0.308,-0.108,-1.621,-0.059,-0.029,0.011,2.29,7.47,79.27
14,5.086,3.649,5.25,0.031,-0.235,0.307,-0.109,-1.621,-0.059,-0.029,0.010,2.30,7.47,79.28
14,4.966,3.539,5.30,0.031,-0.235,0.305,-0.110,-1.620,-0.059,-0.029,0.010,2.31,7.47,79.28
14,4.850,3.428,5.35,0.031,-0.235,0.303,-0.111,-1.620,-0.059,-0.028,0.009,2.32,7.47,79.28
14,4.736,3.315,5.40,0.031,-0.235,0.300,-0.113,-1.620,-0.060,-0.028,0.009,2.33,7.47,79.29
14,4.625,3.201,5.45,0.031,-0.235,0.298,-0.114,-1.619,-0.060,-0.028,0.009,2.34,7.47,79.29
14,4.518,3.086,5.50,0.031,-0.235,0.294,-0.115,-1.619,-0.061,-0.028,0.008,2.35,7.48,79.29
14,4.414,2.970,5.55,0.031,-0.235,0.292,-0.116,-1.619,-0.062,-0.028,0.008,2.34,7.47,79.29
14,4.314,2.853,5.60,0.031,-0.235,0.288,-0.117,-1.619,-0.064,-0.027,0.008,2.34,7.47,79.28
14,4.217,2.736,5.65,0.031,-0.235,0.286,-0.118,-1.618,-0.064,-0.027,0.008,2.33,7.47,79.28
14,4.124,2.618,5.70,0.031,-0.235,0.281,-0.120,-1.618,-0.065,-0.026,0.007,2.32,7.47,79.28
14,4.036,2.500,5.75,0.031,-0.235,0.279,-0.120,-1.618,-0.065,-0.026,0.007,2.30,7.47,79.28
14,3.951,2.383,5.80,0.031,-0.235,0.275,-0.122,-1.617,-0.066,-0.026,0.007,2.29,7.47,79.28
14,3.871,2.265,5.85,0.031,-0.235,0.273,-0.123,-1.617,-0.066,-0.026,0.007,2.28,7.47,79.28
14,3.795,2.148,5.90,0.031,-0.235,0.268,-0.124,-1.617,-0.066,-0.026,0.006,2.26,7.47,79.28
14,3.724,2.031,5.95,0.031,-0.235,0.266,-0.125,-1.616,-0.065,-0.025,0.006,2.25,7.47,79.28
14,3.657,1.916,6.00,0.031,-0.235,0.218,-0.141,-1.606,-0.048,-0.020,-0.004,2.32,7.57,79.29
14,3.595,1.801,6.05,0.031,-0.235,0.218,-0.141,-1.606,-0.048,-0.020,-0.004,2.32,7.57,79.29
14,3.538,1.687,6.10,0.031,-0.235,0.217,-0.141,-1.606,-0.049,-0.021,-0.004,2.31,7.57,79.30
14,3.486,1.574,6.15,0.031,-0.235,0.213,-0.143,-1.606,-0.051,-0.024,-0.004,2.31,7.58,79.30
14,3.439,1.463,6.20,0.031,-0.235,0.211,-0.143,-1.606,-0.052,-0.026,-0.004,2.30,7.60,79.30
14,3.397,1.354,6.25,0.031,-0.235,0.206,-0.145,-1.605,-0.056,-0.034,-0.003,2.29,7.61,79.31
14,3.360,1.246,6.30,0.031,-0.235,0.204,-0.146,-1.605,-0.058,-0.039,-0.002,2.27,7.62,79.31
14,3.329,1.141,6.35,0.031,-0.235,0.198,-0.149,-1.604,-0.064,-0.051,-0.001,2.25,7.61,79.32
14,3.302,1.037,6.40,0.031,-0.235,0.195,-0.150,-1.604,-0.067,-0.058,-0.000,2.22,7.58,79.33
14,3.281,0.936,6.45,0.031,-0.235,0.189,-0.154,-1.604,-0.074,-0.073,0.001,2.19,7.53,79.34
14,3.266,0.838,6.50,0.031,-0.235,0.186,-0.157,-1.603,-0.077,-0.080,0.002,2.15,7.46,79.35
14,3.256,0.742,6.55,0.031,-0.235,0.178,-0.163,-1.602,-0.085,-0.099,0.004,2.10,7.36,79.36
14,3.251,0.648,6.60,0.031,-0.235,0.174,-0.166,-1.602,-0.089,-0.107,0.004,2.05,7.25,79.37
14,3.251,0.558,6.65,0.031,-0.235,0.166,-0.173,-1.601,-0.096,-0.125,0.005,2.00,7.11,79.38
14,3.257,0.471,6.70,0.031,-0.235,0.162,-0.178,-1.601,-0.099,-0.133,0.006,1.94,6.97,79.38
14,3.269,0.387,6.75,0.031,-0.235,0.152,-0.188,-1.599,-0.106,-0.152,0.006,1.87,6.79,79.39
14,3.285,0.306,6.80,0.031,-0.235,0.148,-0.193,-1.599,-0.109,-0.160,0.007,1.81,6.62,79.40
14,3.308,0.229,6.85,0.031,-0.235,0.139,-0.203,-1.597,-0.114,-0.176,0.007,1.75,6.43,79.41
14,3.335,0.155,6.90,0.031,-0.235,0.134,-0.209,-1.597,-0.117,-0.183,0.007,1.68,6.24,79.42
14,3.368,0.085,6.95,0.031,-0.235,0.123,-0.223,-1.595,-0.122,-0.198,0.007,1.62,6.03,79.43
14,3.405,0.019,7.00,0.031,-0.235,-0.011,-0.477,-1.582,-0.068,-0.172,-0.010,0.89,2.29,79.57
14,3.448,-0.043,7.05,0.031,-0.235,-0.011,-0.477,-1.582,-0.068,-0.172,-0.010,0.89,2.29,79.57
14,3.497,-0.101,7.10,0.031,-0.235,-0.015,-0.488,-1.583,-0.061,-0.156,-0.010,0.91,2.21,79.57
14,3.550,-0.156,7.15,0.031,-0.235,-0.017,-0.493,-1.584,-0.058,-0.149,-0.010,0.92,2.16,79.57
14,3.608,-0.206,7.20,0.031,-0.235,-0.020,-0.501,-1.585,-0.054,-0.134,-0.010,0.95,2.11,79.57
14,3.671,-0.251,7.25,0.031,-0.235,-0.022,-0.505,-1.585,-0.053,-0.127,-0.010,0.98,2.07,79.56
14,3.738,-0.293,7.30,0.031,-0.235,-0.026,-0.514,-1.586,-0.051,-0.110,-0.009,1.00,2.05,79.56
14,3.811,-0.330,7.35,0.031,-0.235,-0.027,-0.517,-1.587,-0.051,-0.103,-0.009,1.01,2.04,79.55
14,3.887,-0.362,7.40,0.031,-0.235,-0.031,-0.523,-1.587,-0.052,-0.088,-0.009,1.02,2.03,79.54
14,3.969,-0.390,7.45,0.031,-0.235,-0.033,-0.525,-1.588,-0.053,-0.080,-0.008,1.01,2.02,79.53
14,4.054,-0.414,7.50,0.031,-0.235,-0.038,-0.531,-1.588,-0.056,-0.065,-0.007,1.00,2.02,79.52
14,4.144,-0.432,7.55,0.031,-0.235,-0.040,-0.533,-1.588,-0.057,-0.058,-0.007,0.96,2.03,79.51
14,4.237,-0.447,7.60,0.031,-0.235,-0.044,-0.537,-1.588,-0.061,-0.045,-0.006,0.92,2.03,79.51
14,4.335,-0.456,7.65,0.031,-0.235,-0.047,-0.538,-1.588,-0.062,-0.038,-0.006,0.86,2.04,79.50
14,4.436,-0.461,7.70,0.031,-0.235,-0.053,-0.540,-1.587,-0.066,-0.024,-0.006,0.80,2.04,79.50
14,4.541,-0.462,7.75,0.031,-0.235,-0.056,-0.540,-1.587,-0.068,-0.018,-0.007,0.73,2.05,79.50
14,4.649,-0.457,7.80,0.031,-0.235,-0.061,-0.541,-1.587,-0.071,-0.006,-0.007,0.65,2.07,79.50
14,4.760,-0.448,7.85,0.031,-0.235,-0.064,-0.540,-1.587,-0.072,-0.000,-0.008,0.59,2.08,79.50
14,4.874,-0.435,7.90,0.031,-0.235,-0.071,-0.540,-1.586,-0.074,0.012,-0.009,0.48,2.10,79.51
14,4.991,-0.416,7.95,0.031,-0.235,-0.074,-0.539,-1.586,-0.075,0.017,-0.009,0.39,2.12,79.51
14,5.111,-0.393,8.00,0.031,-0.235,-0.163,-0.492,-1.594,-0.009,0.069,-0.011,-0.84,2.32,79.34
14,5.234,-0.366,8.05,0.031,-0.235,-0.163,-0.492,-1.594,-0.009,0.069,-0.011,-0.84,2.32,79.34
14,5.358,-0.334,8.10,0.031,-0.235,-0.163,-0.490,-1.594,-0.004,0.068,-0.010,-0.83,2.31,79.31
14,5.485,-0.298,8.15,0.031,-0.235,-0.163,-0.489,-1.595,0.003,0.068,-0.009,-0.81,2.30,79.28
14,5.614,-0.257,8.20,0.031,-0.235,-0.163,-0.488,-1.596,0.007,0.067,-0.009,-0.79,2.29,79.26
14,5.744,-0.212,8.25,0.031,-0.235,-0.162,-0.486,-1.596,0.013,0.066,-0.008,-0.77,2.28,79.24
14,5.876,-0.162,8.30,0.031,-0.235,-0.162,-0.485,-1.597,0.016,0.066,-0.008,-0.74,2.27,79.23
14,6.009,-0.109,8.35,0.031,-0.235,-0.161,-0.483,-1.597,0.021,0.065,-0.007,-0.72,2.26,79.23
14,6.143,-0.051,8.40,0.031,-0.235,-0.160,-0.483,-1.597,0.023,0.065,-0.007,-0.69,2.25,79.23
14,6.278,0.011,8.45,0.031,-0.235,-0.159,-0.481,-1.597,0.028,0.064,-0.007,-0.67,2.24,79.24
14,6.414,0.077,8.50,0.031,-0.235,-0.158,-0.480,-1.597,0.031,0.064,-0.006,-0.65,2.22,79.24
14,6.550,0.146,8.55,0.031,-0.235,-0.156,-0.478,-1.598,0.035,0.064,-0.006,-0.63,2.21,79.25
14,6.686,0.219,8.60,0.031,-0.235,-0.155,-0.477,-1.598,0.037,0.064,-0.006,-0.61,2.20,79.26
14,6.823,0.296,8.65,0.031,-0.235,-0.152,-0.475,-1.597,0.041,0.065,-0.006,-0.59,2.20,79.26
14,6.959,0.376,8.70,0.031,-0.235,-0.149,-0.473,-1.597,0.044,0.065,-0.006,-0.57,2.19,79.26
14,7.095,0.460,8.75,0.031,-0.235,-0.145,-0.470,-1.597,0.047,0.066,-0.006,-0.55,2.19,79.26
14,7.230,0.547,8.80,0.031,-0.235,-0.143,-0.469,-1.597,0.049,0.066,-0.006,-0.52,2.19,79.26
14,7.364,0.637,8.85,0.031,-0.235,-0.138,-0.466,-1.597,0.053,0.067,-0.006,-0.50,2.20,79.27
14,7.497,0.730,8.90,0.031,-0.235,-0.135,-0.464,-1.597,0.055,0.068,-0.007,-0.46,2.21,79.27
14,7.629,0.825,8.95,0.031,-0.235,-0.130,-0.460,-1.598,0.058,0.069,-0.007,-0.43,2.22,79.27
14,7.760,0.923,9.00,0.031,-0.235,-0.058,-0.392,-1.591,0.035,0.059,-0.013,-0.10,2.55,79.36
14,7.889,1.024,9.05,0.031,-0.235,-0.058,-0.392,-1.591,0.035,0.059,-0.013,-0.10,2.55,79.36
14,8.016,1.127,9.10,0.031,-0.235,-0.056,-0.390,-1.590,0.034,0.058,-0.014,-0.10,2.55,79.36
14,8.141,1.233,9.15,0.031,-0.235,-0.054,-0.387,-1.590,0.031,0.056,-0.015,-0.10,2.54,79.35
14,8.263,1.340,9.20,0.031,-0.235,-0.052,-0.386,-1.590,0.030,0.055,-0.015,-0.10,2.54,79.34
14,8.384,1.449,9.25,0.031,-0.235,-0.050,-0.383,-1.590,0.028,0.053,-0.016,-0.10,2.53,79.34
14,8.501,1.560,9.30,0.031,-0.235,-0.049,-0.381,-1.590,0.026,0.052,-0.016,-0.10,2.53,79.33
14,8.616,1.672,9.35,0.031,-0.235,-0.047,-0.378,-1.590,0.023,0.050,-0.016,-0.10,2.52,79.33
14,8.728,1.786,9.40,0.031,-0.235,-0.047,-0.377,-1.590,0.022,0.050,-0.017,-0.11,2.52,79.32
14,8.836,1.901,9.45,0.031,-0.235,-0.045,-0.374,-1.590,0.019,0.048,-0.017,-0.12,2.52,79.32
14,8.941,2.016,9.50,0.031,-0.235,-0.045,-0.372,-1.591,0.017,0.048,-0.017,-0.13,2.52,79.31
14,9.043,2.133,9.55,0.031,-0.235,-0.043,-0.370,-1.592,0.015,0.046,-0.017,-0.14,2.51,79.31
14,9.141,2.250,9.60,0.031,-0.235,-0.043,-0.369,-1.592,0.013,0.045,-0.017,-0.16,2.51,79.31
14,9.235,2.368,9.65,0.031,-0.235,-0.042,-0.367,-1.593,0.012,0.043,-0.016,-0.18,2.51,79.31
14,9.325,2.485,9.70,0.031,-0.235,-0.041,-0.366,-1.593,0.011,0.041,-0.016,-0.19,2.50,79.31
14,9.411,2.603,9.75,0.031,-0.235,-0.040,-0.365,-1.594,0.009,0.039,-0.015,-0.21,2.49,79.31
14,9.493,2.721,9.80,0.031,-0.235,-0.039,-0.364,-1.595,0.008,0.039,-0.015,-0.21,2.48,79.31
14,9.571,2.838,9.85,0.031,-0.235,-0.039,-0.362,-1.595,0.007,0.037,-0.014,-0.23,2.47,79.31
14,9.644,2.955,9.90,0.031,-0.235,-0.039,-0.361,-1.595,0.006,0.037,-0.013,-0.23,2.45,79.31
14,9.712,3.071,9.95,0.031,-0.235,-0.039,-0.359,-1.595,0.004,0.036,-0.013,-0.24,2.44,79.31
14,9.776,3.186,10.00,0.031,-0.235,-0.047,-0.327,-1.599,0.015,0.021,-0.010,-0.48,2.39,79.37
14,9.834,3.301,10.05,0.031,-0.235,-0.047,-0.327,-1.599,0.015,0.021,-0.010,-0.48,2.39,79.37
14,9.888,3.414,10.10,0.031,-0.235,-0.044,-0.326,-1.600,0.017,0.020,-0.010,-0.47,2.39,79.38
14,9.937,3.525,10.15,0.031,-0.235,-0.043,-0.326,-1.600,0.018,0.020,-0.009,-0.45,2.38,79.39
14,9.981,3.635,10.20,0.031,-0.235,-0.042,-0.325,-1.601,0.020,0.019,-0.009,-0.43,2.38,79.39
14,10.019,3.743,10.25,0.031,-0.235,-0.041,-0.325,-1.601,0.021,0.019,-0.008,-0.41,2.38,79.39
14,10.053,3.850,10.30,0.031,-0.235,-0.040,-0.324,-1.602,0.022,0.018,-0.008,-0.38,2.38,79.39
14,10.081,3.954,10.35,0.031,-0.235,-0.039,-0.324,-1.602,0.023,0.018,-0.007,-0.36,2.37,79.39
14,10.104,4.056,10.40,0.031,-0.235,-0.039,-0.323,-1.603,0.023,0.017,-0.006,-0.34,2.37,79.38
14,10.121,4.155,10.45,0.031,-0.235,-0.039,-0.323,-1.603,0.022,0.017,-0.006,-0.33,2.37,79.37
14,10.133,4.252,10.50,0.031,-0.235,-0.038,-0.322,-1.603,0.022,0.017,-0.005,-0.32,2.36,79.36
14,10.140,4.346,10.55,0.031,-0.235,-0.038,-0.322,-1.604,0.022,0.017,-0.005,-0.31,2.35,79.35
14,10.141,4.438,10.60,0.031,-0.235,-0.038,-0.321,-1.604,0.021,0.016,-0.004,-0.31,2.35,79.34
14,10.137,4.526,10.65,0.031,-0.235,-0.038,-0.320,-1.604,0.021,0.016,-0.004,-0.31,2.34,79.34
14,10.128,4.611,10.70,0.031,-0.235,-0.039,-0.319,-1.604,0.020,0.017,-0.004,-0.32,2.34,79.33
14,10.113,4.693,10.75,0.031,-0.235,-0.039,-0.319,-1.604,0.020,0.017,-0.004,-0.32,2.34,79.32
14,10.093,4.772,10.80,0.031,-0.235,-0.039,-0.318,-1.604,0.019,0.017,-0.004,-0.33,2.33,79.32
14,10.067,4.847,10.85,0.031,-0.235,-0.040,-0.317,-1.604,0.019,0.017,-0.004,-0.34,2.33,79.31
14,10.037,4.918,10.90,0.031,-0.235,-0.040,-0.316,-1.603,0.019,0.017,-0.004,-0.36,2.33,79.31
14,10.001,4.986,10.95,0.031,-0.235,-0.040,-0.315,-1.603,0.019,0.018,-0.004,-0.37,2.33,79.30
14,9.959,5.049,11.00,0.031,-0.235,-0.022,-0.290,-1.600,0.027,0.015,-0.011,-0.30,2.45,79.34
14,9.913,5.109,11.05,0.031,-0.235,-0.022,-0.290,-1.600,0.027,0.015,-0.011,-0.30,2.45,79.34
14,9.862,5.164,11.10,0.031,-0.235,-0.022,-0.290,-1.600,0.027,0.015,-0.010,-0.30,2.45,79.34
14,9.806,5.216,11.15,0.031,-0.235,-0.020,-0.289,-1.601,0.026,0.017,-0.010,-0.29,2.43,79.33
14,9.744,5.263,11.20,0.031,-0.235,-0.020,-0.288,-1.602,0.027,0.020,-0.010,-0.28,2.40,79.33
14,9.678,5.306,11.25,0.031,-0.235,-0.018,-0.287,-1.603,0.029,0.028,-0.009,-0.27,2.37,79.33
14,9.608,5.345,11.30,0.031,-0.235,-0.017,-0.286,-1.604,0.030,0.034,-0.009,-0.26,2.35,79.32
14,9.533,5.379,11.35,0.031,-0.235,-0.014,-0.284,-1.605,0.033,0.046,-0.009,-0.25,2.36,79.32
14,9.453,5.408,11.40,0.031,-0.235,-0.013,-0.283,-1.605,0.036,0.054,-0.008,-0.23,2.38,79.32
14,9.369,5.433,11.45,0.031,-0.235,-0.009,-0.279,-1.606,0.042,0.072,-0.008,-0.22,2.43,79.31
14,9.281,5.454,11.50,0.031,-0.235,-0.008,-0.276,-1.607,0.045,0.081,-0.007,-0.20,2.51,79.31
14,9.189,5.470,11.55,0.031,-0.235,-0.004,-0.271,-1.607,0.052,0.100,-0.007,-0.18,2.60,79.31
14,9.092,5.481,11.60,0.031,-0.235,-0.002,-0.267,-1.607,0.055,0.110,-0.007,-0.16,2.73,79.30
14,8.993,5.488,11.65,0.031,-0.235,0.003,-0.259,-1.608,0.064,0.132,-0.007,-0.13,2.87,79.30
14,8.889,5.490,11.70,0.031,-0.235,0.005,-0.254,-1.608,0.067,0.142,-0.007,-0.10,3.04,79.29
14,8.782,5.487,11.75,0.031,-0.235,0.010,-0.244,-1.609,0.075,0.162,-0.008,-0.06,3.22,79.29
14,8.672,5.480,11.80,0.031,-0.235,0.013,-0.238,-1.609,0.080,0.172,-0.008,-0.03,3.43,79.28
14,8.559,5.468,11.85,0.031,-0.235,0.020,-0.224,-1.611,0.089,0.192,-0.009,0.01,3.64,79.27
14,8.443,5.451,11.90,0.031,-0.235,0.023,-0.217,-1.611,0.093,0.200,-0.010,0.05,3.87,79.27
14,8.324,5.430,11.95,0.031,-0.235,0.030,-0.203,-1.613,0.102,0.216,-0.011,0.10,4.10,79.26
14,8.202,5.404,12.00,0.031,-0.235,0.201,0.053,-1.630,0.132,0.155,-0.006,1.86,8.14,79.10
14,8.078,5.374,12.05,0.031,-0.235,0.201,0.053,-1.630,0.132,0.155,-0.006,1.86,8.14,79.10
14,7.952,5.339,12.10,0.031,-0.235,0.208,0.061,-1.630,0.125,0.140,-0.005,1.93,8.19,79.11
14,7.824,5.300,12.15,0.031,-0.235,0.211,0.065,-1.630,0.121,0.132,-0.004,1.97,8.24,79.12
14,7.695,5.256,12.20,0.031,-0.235,0.217,0.072,-1.630,0.113,0.115,-0.002,2.01,8.27,79.13
14,7.563,5.208,12.25,0.031,-0.235,0.220,0.076,-1.630,0.109,0.105,-0.001,2.03,8.29,79.14
14,7.431,5.156,12.30,0.031,-0.235,0.225,0.081,-1.630,0.101,0.087,0.000,2.06,8.30,79.15
14,7.297,5.100,12.35,0.031,-0.235,0.227,0.083,-1.629,0.098,0.079,0.001,2.08,8.31,79.15
14,7.162,5.039,12.40,0.031,-0.235,0.231,0.087,-1.629,0.091,0.061,0.002,2.09,8.30,79.16
14,7.027,4.975,12.45,0.031,-0.235,0.234,0.089,-1.628,0.087,0.049,0.002,2.11,8.29,79.16
14,6.891,4.907,12.50,0.031,-0.235,0.237,0.091,-1.628,0.081,0.031,0.003,2.13,8.26,79.16
14,6.754,4.835,12.55,0.031,-0.235,0.239,0.091,-1.627,0.078,0.023,0.003,2.15,8.23,79.17
14,6.618,4.759,12.60,0.031,-0.235,0.243,0.091,-1.627,0.073,0.005,0.004,2.18,8.18,79.17
14,6.482,4.680,12.65,0.031,-0.235,0.245,0.090,-1.627,0.070,-0.006,0.004,2.21,8.13,79.17
14,6.346,4.598,12.70,0.031,-0.235,0.248,0.089,-1.626,0.065,-0.022,0.005,2.24,8.08,79.17
14,6.210,4.512,12.75,0.031,-0.235,0.250,0.087,-1.626,0.063,-0.030,0.005,2.27,8.01,79.18
14,6.076,4.423,12.80,0.031,-0.235,0.253,0.084,-1.626,0.058,-0.046,0.006,2.31,7.94,79.17
14,5.942,4.332,12.85,0.031,-0.235,0.254,0.081,-1.625,0.055,-0.055,0.006,2.35,7.86,79.17
14,5.810,4.237,12.90,0.031,-0.235,0.257,0.076,-1.624,0.050,-0.069,0.006,2.39,7.78,79.17
14,5.679,4.140,12.95,0.031,-0.235,0.258,0.073,-1.624,0.048,-0.075,0.007,2.43,7.70,79.16
14,5.549,4.040,13.00,0.031,-0.235,0.256,-0.061,-1.620,-0.020,-0.119,0.011,2.92,6.25,79.23
14,5.421,3.937,13.05,0.031,-0.235,0.256,-0.061,-1.620,-0.020,-0.119,0.011,2.92,6.25,79.23
14,5.296,3.833,13.10,0.031,-0.235,0.254,-0.069,-1.620,-0.023,-0.115,0.011,2.91,6.22,79.23
14,5.172,3.726,13.15,0.031,-0.235,0.253,-0.072,-1.619,-0.025,-0.114,0.011,2.91,6.20,79.23
14,5.051,3.618,13.20,0.031,-0.235,0.250,-0.079,-1.619,-0.027,-0.110,0.011,2.90,6.17,79.23
14,4.932,3.507,13.25,0.031,-0.235,0.248,-0.083,-1.618,-0.029,-0.107,0.011,2.89,6.15,79.23
14,4.817,3.396,13.30,0.031,-0.235,0.246,-0.089,-1.618,-0.031,-0.103,0.010,2.88,6.13,79.23
14,4.704,3.282,13.35,0.031,-0.235,0.245,-0.093,-1.617,-0.032,-0.101,0.010,2.88,6.12,79.23
14,4.594,3.168,13.40,0.031,-0.235,0.242,-0.099,-1.617,-0.034,-0.097,0.009,2.87,6.10,79.24
14,4.488,3.053,13.45,0.031,-0.235,0.240,-0.103,-1.616,-0.035,-0.094,0.009,2.86,6.09,79.24
14,4.385,2.936,13.50,0.031,-0.235,0.237,-0.109,-1.616,-0.036,-0.090,0.008,2.85,6.07,79.25
14,4.285,2.819,13.55,0.031,-0.235,0.236,-0.112,-1.616,-0.037,-0.088,0.008,2.85,6.06,79.25
14,4.190,2.702,13.60,0.031,-0.235,0.233,-0.118,-1.616,-0.038,-0.084,0.008,2.84,6.04,79.26
14,4.098,2.584,13.65,0.031,-0.235,0.231,-0.122,-1.615,-0.038,-0.081,0.007,2.83,6.03,79.26
14,4.011,2.466,13.70,0.031,-0.235,0.229,-0.127,-1.615,-0.039,-0.076,0.007,2.83,6.02,79.27
14,3.927,2.349,13.75,0.031,-0.235,0.228,-0.129,-1.615,-0.039,-0.074,0.007,2.83,6.01,79.27
14,3.848,2.231,13.80,0.031,-0.235,0.225,-0.134,-1.615,-0.039,-0.069,0.007,2.83,6.00,79.28
14,3.774,2.114,13.85,0.031,-0.235,0.224,-0.137,-1.615,-0.039,-0.066,0.007,2.82,6.00,79.28
14,3.704,1.998,13.90,0.031,-0.235,0.223,-0.140,-1.615,-0.039,-0.061,0.007,2.82,6.00,79.29
14,3.639,1.882,13.95,0.031,-0.235,0.222,-0.142,-1.615,-0.039,-0.059,0.007,2.82,6.00,79.29
14,3.578,1.768,14.00,0.031,-0.235,0.206,-0.156,-1.612,-0.040,-0.007,0.001,2.96,6.42,79.24
14,3.522,1.654,14.05,0.031,-0.235,0.206,-0.156,-1.612,-0.040,-0.007,0.001,2.96,6.42,79.24
14,3.472,1.542,14.10,0.031,-0.235,0.206,-0.156,-1.612,-0.041,-0.007,0.001,2.96,6.44,79.24
14,3.426,1.432,14.15,0.031,-0.235,0.204,-0.156,-1.612,-0.043,-0.007,0.001,2.96,6.45,79.25
14,3.386,1.323,14.20,0.031,-0.235,0.203,-0.157,-1.612,-0.043,-0.008,0.001,2.96,6.46,79.25
14,3.351,1.216,14.25,0.031,-0.235,0.200,-0.158,-1.611,-0.046,-0.009,0.001,2.96,6.46,79.26
14,3.321,1.111,14.30,0.031,-0.235,0.198,-0.159,-1.611,-0.047,-0.010,0.002,2.95,6.46,79.27
14,3.296,1.008,14.35,0.031,-0.235,0.195,-0.161,-1.611,-0.049,-0.011,0.002,2.94,6.46,79.28
14,3.276,0.908,14.40,0.031,-0.235,0.193,-0.162,-1.611,-0.050,-0.012,0.002,2.93,6.45,79.29
14,3.262,0.810,14.45,0.031,-0.235,0.188,-0.164,-1.611,-0.052,-0.014,0.002,2.91,6.43,79.30
14,3.254,0.714,14.50,0.031,-0.235,0.187,-0.165,-1.610,-0.053,-0.015,0.002,2.89,6.42,79.31
14,3.250,0.622,14.55,0.031,-0.235,0.183,-0.168,-1.610,-0.054,-0.016,0.002,2.87,6.39,79.32
14,3.253,0.533,14.60,0.031,-0.235,0.181,-0.169,-1.610,-0.055,-0.016,0.001,2.85,6.37,79.32
14,3.260,0.446,14.65,0.031,-0.235,0.176,-0.172,-1.610,-0.055,-0.018,0.001,2.82,6.35,79.32
14,3.273,0.363,14.70,0.031,-0.235,0.174,-0.173,-1.610,-0.055,-0.018,0.001,2.81,6.33,79.33
14,3.291,0.284,14.75,0.031,-0.235,0.169,-0.175,-1.611,-0.055,-0.018,0.001,2.78,6.30,79.32
14,3.315,0.207,14.80,0.031,-0.235,0.167,-0.177,-1.611,-0.055,-0.019,0.001,2.77,6.28,79.32
14,3.344,0.135,14.85,0.031,-0.235,0.162,-0.180,-1.612,-0.054,-0.019,0.002,2.75,6.26,79.32
14,3.378,0.066,14.90,0.031,-0.235,0.160,-0.182,-1.613,-0.054,-0.019,0.002,2.73,6.24,79.32
14,3.417,0.001,14.95,0.031,-0.235,0.156,-0.184,-1.613,-0.053,-0.019,0.003,2.71,6.21,79.31
14,3.462,-0.060,15.00,0.031,-0.235,0.114,-0.199,-1.619,-0.017,0.005,0.010,2.69,6.24,79.31
14,3.511,-0.117,15.05,0.031,-0.235,0.114,-0.199,-1.619,-0.017,0.005,0.010,2.69,6.24,79.31
14,3.566,-0.170,15.10,0.031,-0.235,0.114,-0.199,-1.619,-0.016,0.006,0.010,2.70,6.25,79.31
14,3.625,-0.219,15.15,0.031,-0.235,0.113,-0.199,-1.618,-0.018,0.005,0.010,2.73,6.28,79.31
14,3.690,-0.264,15.20,0.031,-0.235,0.113,-0.199,-1.618,-0.020,0.004,0.010,2.78,6.31,79.31
14,3.759,-0.304,15.25,0.031,-0.235,0.112,-0.199,-1.617,-0.030,0.001,0.011,2.83,6.34,79.32
14,3.832,-0.339,15.30,0.031,-0.235,0.111,-0.200,-1.617,-0.035,-0.001,0.011,2.88,6.37,79.32
14,3.910,-0.371,15.35,0.031,-0.235,0.109,-0.201,-1.616,-0.050,-0.006,0.012,2.90,6.38,79.32
14,3.993,-0.397,15.40,0.031,-0.235,0.107,-0.201,-1.615,-0.058,-0.010,0.013,2.91,6.39,79.33
14,4.079,-0.419,15.45,0.031,-0.235,0.102,-0.204,-1.613,-0.078,-0.018,0.014,2.88,6.37,79.33
14,4.170,-0.437,15.50,0.031,-0.235,0.100,-0.205,-1.613,-0.088,-0.023,0.014,2.82,6.34,79.34
14,4.265,-0.450,15.55,0.031,-0.235,0.093,-0.208,-1.612,-0.109,-0.032,0.014,2.74,6.29,79.34
14,4.364,-0.458,15.60,0.031,-0.235,0.089,-0.209,-1.612,-0.120,-0.037,0.014,2.63,6.23,79.35
14,4.466,-0.462,15.65,0.031,-0.235,0.078,-0.214,-1.611,-0.144,-0.049,0.014,2.48,6.14,79.36
14,4.571,-0.461,15.70,0.031,-0.235,0.073,-0.216,-1.611,-0.155,-0.054,0.014,2.33,6.04,79.37
14,4.680,-0.455,15.75,0.031,-0.235,0.061,-0.221,-1.611,-0.176,-0.066,0.015,2.14,5.92,79.38
14,4.793,-0.445,15.80,0.031,-0.235,0.054,-0.224,-1.610,-0.186,-0.071,0.015,1.95,5.80,79.40
14,4.908,-0.430,15.85,0.031,-0.235,0.038,-0.232,-1.609,-0.206,-0.084,0.016,1.72,5.65,79.41
14,5.026,-0.410,15.90,0.031,-0.235,0.031,-0.236,-1.609,-0.214,-0.090,0.016,1.51,5.51,79.43
14,5.146,-0.386,15.95,0.031,-0.235,0.015,-0.244,-1.608,-0.228,-0.101,0.016,1.28,5.34,79.45
14,5.269,-0.357,16.00,0.031,-0.235,-0.207,-0.398,-1.593,-0.113,-0.118,-0.001,-1.32,2.36,79.47
14,5.395,-0.324,16.05,0.031,-0.235,-0.207,-0.398,-1.593,-0.113,-0.118,-0.001,-1.32,2.36,79.47
14,5.522,-0.286,16.10,0.031,-0.235,-0.212,-0.406,-1.592,-0.097,-0.112,-0.001,-1.30,2.29,79.47
14,5.651,-0.244,16.15,0.031,-0.235,-0.213,-0.409,-1.592,-0.090,-0.108,-0.002,-1.27,2.23,79.47
14,5.782,-0.198,16.20,0.031,-0.235,-0.216,-0.418,-1.592,-0.073,-0.100,-0.003,-1.24,2.17,79.47
14,5.914,-0.147,16.25,0.031,-0.235,-0.216,-0.421,-1.592,-0.066,-0.095,-0.004,-1.19,2.12,79.46
14,6.047,-0.092,16.30,0.031,-0.235,-0.217,-0.428,-1.592,-0.052,-0.086,-0.005,-1.15,2.08,79.46
14,6.182,-0.033,16.35,0.031,-0.235,-0.218,-0.431,-1.592,-0.046,-0.081,-0.005,-1.09,2.04,79.45
14,6.317,0.029,16.40,0.031,-0.235,-0.218,-0.437,-1.592,-0.032,-0.068,-0.006,-1.04,2.01,79.44
14,6.453,0.096,16.45,0.031,-0.235,-0.217,-0.439,-1.593,-0.027,-0.062,-0.006,-1.00,2.00,79.43
14,6.589,0.167,16.50,0.031,-0.235,-0.216,-0.444,-1.593,-0.016,-0.050,-0.007,-0.93,1.99,79.42
14,6.726,0.241,16.55,0.031,-0.235,-0.215,-0.445,-1.594,-0.011,-0.044,-0.006,-0.88,1.99,79.40
14,6.862,0.319,16.60,0.031,-0.235,-0.213,-0.449,-1.594,-0.001,-0.029,-0.006,-0.84,2.00,79.39
14,6.998,0.400,16.65,0.031,-0.235,-0.212,-0.450,-1.595,0.003,-0.023,-0.006,-0.79,2.02,79.38
14,7.134,0.485,16.70,0.031,-0.235,-0.210,-0.451,-1.595,0.010,-0.009,-0.006,-0.75,2.05,79.38
14,7.269,0.572,16.75,0.031,-0.235,-0.208,-0.451,-1.595,0.014,-0.003,-0.006,-0.71,2.09,79.38
14,7.403,0.663,16.80,0.031,-0.235,-0.206,-0.450,-1.595,0.020,0.012,-0.006,-0.68,2.13,79.38
14,7.535,0.757,16.85,0.031,-0.235,-0.204,-0.450,-1.596,0.022,0.018,-0.006,-0.65,2.19,79.38
14,7.667,0.853,16.90,0.031,-0.235,-0.202,-0.448,-1.596,0.026,0.031,-0.006,-0.63,2.24,79.39
14,7.797,0.952,16.95,0.031,-0.235,-0.201,-0.446,-1.595,0.028,0.037,-0.006,-0.62,2.31,79.41
14,7.926,1.054,17.00,0.031,-0.235,-0.176,-0.326,-1.601,0.042,0.098,-0.008,-0.96,3.84,79.45
14,8.052,1.158,17.05,0.031,-0.235,-0.176,-0.326,-1.601,0.042,0.098,-0.008,-0.96,3.84,79.45
14,8.176,1.263,17.10,0.031,-0.235,-0.175,-0.323,-1.601,0.042,0.095,-0.008,-0.98,3.86,79.42
14,8.298,1.371,17.15,0.031,-0.235,-0.173,-0.319,-1.602,0.044,0.090,-0.008,-1.00,3.87,79.38
14,8.418,1.481,17.20,0.031,-0.235,-0.172,-0.316,-1.602,0.045,0.088,-0.007,-1.01,3.87,79.34
14,8.535,1.592,17.25,0.031,-0.235,-0.170,-0.312,-1.602,0.048,0.085,-0.007,-1.01,3.87,79.31
14,8.648,1.705,17.30,0.031,-0.235,-0.168,-0.310,-1.602,0.050,0.084,-0.007,-1.01,3.86,79.27
14,8.759,1.819,17.35,0.031,-0.235,-0.165,-0.306,-1.602,0.054,0.082,-0.007,-1.00,3.86,79.24
14,8.867,1.934,17.40,0.031,-0.235,-0.163,-0.304,-1.603,0.056,0.082,-0.007,-0.99,3.86,79.21
14,8.971,2.050,17.45,0.031,-0.235,-0.160,-0.301,-1.603,0.060,0.082,-0.007,-0.97,3.87,79.19
14,9.072,2.167,17.50,0.031,-0.235,-0.158,-0.299,-1.603,0.062,0.083,-0.007,-0.95,3.88,79.17
14,9.169,2.284,17.55,0.031,-0.235,-0.153,-0.296,-1.603,0.066,0.085,-0.007,-0.92,3.90,79.16
14,9.262,2.401,17.60,0.031,-0.235,-0.150,-0.293,-1.603,0.068,0.087,-0.007,-0.89,3.92,79.16
14,9.351,2.519,17.65,0.031,-0.235,-0.145,-0.288,-1.603,0.073,0.091,-0.007,-0.86,3.95,79.16
14,9.436,2.637,17.70,0.031,-0.235,-0.142,-0.285,-1.603,0.075,0.093,-0.007,-0.83,4.00,79.17
14,9.516,2.755,17.75,0.031,-0.235,-0.137,-0.279,-1.602,0.078,0.097,-0.007,-0.79,4.05,79.19
14,9.592,2.872,17.80,0.031,-0.235,-0.133,-0.275,-1.601,0.081,0.100,-0.008,-0.76,4.12,79.21
14,9.664,2.988,17.85,0.031,-0.235,-0.127,-0.268,-1.600,0.084,0.105,-0.008,-0.72,4.19,79.22
14,9.731,3.104,17.90,0.031,-0.235,-0.123,-0.264,-1.599,0.086,0.107,-0.009,-0.69,4.27,79.25
14,9.793,3.219,17.95,0.031,-0.235,-0.116,-0.257,-1.598,0.089,0.111,-0.010,-0.65,4.36,79.27
14,9.850,3.333,18.00,0.031,-0.235,-0.035,-0.146,-1.607,0.061,0.064,-0.012,-0.24,5.79,79.27
14,9.903,3.446,18.05,0.031,-0.235,-0.035,-0.146,-1.607,0.061,0.064,-0.012,-0.24,5.79,79.27
14,9.950,3.557,18.10,0.031,-0.235,-0.034,-0.145,-1.608,0.059,0.061,-0.012,-0.24,5.80,79.26
14,9.992,3.666,18.15,0.031,-0.235,-0.032,-0.142,-1.609,0.056,0.055,-0.010,-0.24,5.79,79.25
14,10.030,3.774,18.20,0.031,-0.235,-0.031,-0.140,-1.609,0.055,0.053,-0.009,-0.25,5.78,79.24
14,10.061,3.880,18.25,0.031,-0.235,-0.029,-0.138,-1.610,0.054,0.050,-0.008,-0.26,5.77,79.24
14,10.088,3.983,18.30,0.031,-0.235,-0.027,-0.136,-1.610,0.054,0.049,-0.007,-0.27,5.77,79.23
14,10.109,4.085,18.35,0.031,-0.235,-0.025,-0.134,-1.611,0.055,0.048,-0.006,-0.28,5.77,79.23
14,10.125,4.183,18.40,0.031,-0.235,-0.023,-0.132,-1.611,0.056,0.048,-0.006,-0.28,5.77,79.22
14,10.136,4.280,18.45,0.031,-0.235,-0.020,-0.129,-1.612,0.059,0.048,-0.006,-0.28,5.79,79.22
14,10.141,4.373,18.50,0.031,-0.235,-0.018,-0.128,-1.613,0.061,0.048,-0.005,-0.27,5.81,79.22
14,10.141,4.464,18.55,0.031,-0.235,-0.014,-0.125,-1.614,0.065,0.049,-0.005,-0.25,5.84,79.23
14,10.135,4.551,18.60,0.031,-0.235,-0.011,-0.123,-1.614,0.068,0.050,-0.005,-0.23,5.88,79.23
14,10.124,4.635,18.65,0.031,-0.235,-0.006,-0.120,-1.615,0.073,0.052,-0.004,-0.19,5.93,79.24
14,10.108,4.716,18.70,0.031,-0.235,-0.004,-0.118,-1.615,0.075,0.053,-0.004,-0.15,5.98,79.24
14,10.086,4.794,18.75,0.031,-0.235,0.002,-0.114,-1.617,0.080,0.055,-0.004,-0.10,6.04,79.25
14,10.059,4.868,18.80,0.031,-0.235,0.005,-0.112,-1.617,0.083,0.056,-0.003,-0.05,6.10,79.25
14,10.027,4.938,18.85,0.031,-0.235,0.011,-0.108,-1.618,0.088,0.058,-0.003,0.01,6.17,79.26
14,9.989,5.004,18.90,0.031,-0.235,0.014,-0.106,-1.619,0.090,0.059,-0.002,0.07,6.24,79.26
14,9.947,5.067,18.95,0.031,-0.235,0.020,-0.101,-1.620,0.094,0.060,-0.002,0.14,6.32,79.26
14,9.899,5.125,19.00,0.031,-0.235,0.108,-0.059,-1.619,0.070,0.018,-0.000,1.09,7.28,79.22
14,9.846,5.180,19.05,0.031,-0.235,0.108,-0.059,-1.619,0.070,0.018,-0.000,1.09,7.28,79.22
14,9.788,5.230,19.10,0.031,-0.235,0.111,-0.058,-1.619,0.067,0.014,0.000,1.12,7.30,79.22
14,9.726,5.276,19.15,0.031,-0.235,0.113,-0.058,-1.620,0.065,0.012,0.000,1.15,7.31,79.23
14,9.658,5.318,19.20,0.031,-0.235,0.117,-0.057,-1.620,0.060,0.009,0.001,1.17,7.32,79.23
14,9.587,5.355,19.25,0.031,-0.235,0.119,-0.057,-1.621,0.058,0.007,0.001,1.19,7.33,79.23
14,9.510,5.388,19.30,0.031,-0.235,0.121,-0.057,-1.621,0.054,0.004,0.002,1.21,7.34,79.23
14,9.429,5.416,19.35,0.031,-0.235,0.122,-0.057,-1.622,0.051,0.003,0.002,1.23,7.35,79.23
14,9.344,5.440,19.40,0.031,-0.235,0.125,-0.057,-1.622,0.046,-0.001,0.004,1.24,7.36,79.23
14,9.255,5.459,19.45,0.031,-0.235,0.126,-0.058,-1.622,0.044,-0.003,0.004,1.25,7.36,79.23
14,9.161,5.474,19.50,0.031,-0.235,0.128,-0.059,-1.623,0.039,-0.007,0.005,1.25,7.36,79.23
14,9.064,5.483,19.55,0.031,-0.235,0.128,-0.060,-1.623,0.037,-0.009,0.005,1.26,7.36,79.24
14,8.963,5.489,19.60,0.031,-0.235,0.130,-0.062,-1.623,0.032,-0.014,0.006,1.26,7.36,79.24
14,8.859,5.489,19.65,0.031,-0.235,0.131,-0.063,-1.623,0.029,-0.016,0.007,1.26,7.34,79.25
14,8.751,5.485,19.70,0.031,-0.235,0.132,-0.066,-1.624,0.025,-0.019,0.008,1.26,7.33,79.25
14,8.640,5.477,19.75,0.031,-0.235,0.133,-0.067,-1.624,0.023,-0.021,0.008,1.26,7.31,79.26
14,8.526,5.463,19.80,0.031,-0.235,0.134,-0.069,-1.624,0.019,-0.024,0.008,1.26,7.29,79.27
14,8.409,5.445,19.85,0.031,-0.235,0.134,-0.070,-1.624,0.017,-0.025,0.009,1.26,7.27,79.28
14,8.289,5.423,19.90,0.031,-0.235,0.135,-0.072,-1.624,0.014,-0.027,0.009,1.26,7.25,79.28
14,8.167,5.396,19.95,0.031,-0.235,0.136,-0.073,-1.624,0.013,-0.028,0.010,1.27,7.23,79.29
